<data>
  <id><![CDATA[50788523]]></id>
  <url><![CDATA[https://mp.weixin.qq.com/s?timestamp=1541736254&src=3&ver=1&signature=dyjd44X-NqA6myhxVsMKyKewq3rN16YkB**6hREVbar9qgHcyvUYzZuif2kXUTq5-gjJxAa4JZSLGKUJIsf4mvkg5uCgauIyrchWBnIWiYc1fDiP8sT3D560T33T8aefAPJYU1XOFLuajdXn9XB4Qk4zS46zcFzO*OoMZ978s2Q=]]></url>
  <title><![CDATA[从看电影到懂电影，你差的也许只是这节课]]></title>
  <content><![CDATA[又到了熟悉的虹膜电影课时间，这一次推荐的是系统详细讲解「电影语言」的大师课，我们认为这是每一个影迷都应该上的基础课，只有读懂了「语言」才能发现影像背后的世界。你是一位电影爱好者，但是有时会感到困惑：电影票攒了一大堆，跟朋友聊起却还是张口结舌？文艺片看得昏昏欲睡，不知道究竟好在哪里？演技的好坏如何评判，仅仅是真实就够了吗？你是一名影视从业者，但是有时也不能理解：电影看了几千部，亲自上手却总感觉不对？视听语言的原始出发点是什么，如何能找到独创拍法？为什么作品褒贬不一，判断导演水平的根本标准是什么？事实上，每一种艺术形式都可以理解为是创作者在试图表达，而观赏者要想理解，并形成有效的「交流」，就必须尝试去学习留意对方的「语言」，电影同样也不例外。课程简介本课程共十大专题，导演杨超用丰富的专业知识串联起数十部经典电影镜头，逐帧逐句娓娓道来，带你由浅入深地进入电影世界。电影的魅力究竟来自于哪里？而为了这种魅力电影演员究竟付出了什么？当我们谈论演技时，我们在谈论什么？为什么我们说周迅、詹姆斯·麦卡沃伊等是好演员？为什么电影演员是一种珍稀资源？调教演员，指「导」表「演」，占导演工作的多大比例？判断导演水平的根本标准是什么？好导演最大的苦恼是什么？动作电影的实质是什么？艺术电影到底在干什么？空间、音乐和节奏究竟如何对电影产生神奇力量？大众爆款和小众神片的区别在哪？一部经典电影为什么可以看20遍？…………《一一》里说，电影发明以后，人类的生命至少延长了三倍。这是一次读懂电影的独特求索之旅，无论你是电影发烧友还是影视从业者，无论你喜欢商业大片还是小众文艺片，这里有电影的终极秘密，有你一直在寻找的答案。试听课：电影表演是演员和导演共同完成的导师简介导演《待避》获第54届戛纳国际电影节电影基石奖，台北电影节国际学生电影银狮奖；《旅程》获第57届戛纳国际电影节最佳处女作特别奖；《长江图》入围2016柏林国际电影节主竞赛单元，并获最佳艺术贡献银熊奖，是当年华语电影在国际三大电影节主竞赛单元的唯一斩获，并获得金马奖最佳摄影和最佳音效奖。课程目录/滑动查看/一、 当我们谈论演技时，我们在谈论什么1. 从舞台上的演员到电影中的人2. 电影中人的一切魅力，都在真实的基础上3. 什么叫演技——仅仅真实就够了吗？4. 为了这种魅力，电影演员付出了什么二、 电影表演从戏剧和文学中突围1. 导演决定观众看什么（上）2. 导演决定观众看什么（下）3. 导演决定观众怎么看4. 电影表演是演员和导演共同完成的三、 电影的源代码——视听语言的底层秘密1. 视听语言的六变量（上）2. 视听语言的六变量（下）3. 分切与重组时空——找到独创拍法是永恒的难题四、 好导演最大的苦恼——寻找独创性的视听语言1. 寻找空间和角度(上）2. 寻找空间和角度(中)3. 寻找空间和角度(下)4. 节奏——玩时间的魔法5. 平行蒙太奇——电影展现复杂世界的能力五、 MOVIE动的奇观——越来越快，越来越满的视听语言1. 东方武侠动作片的武舞传统和动作设计传统（上）2. 东方武侠动作片的武舞传统和动作设计传统（下）3. 华语武侠动作片的优势真的存在吗？4. 不只是动作片，好电影都在创造动的奇观六、 慢片怎么看——艺术电影到底在干什么1. 类型——文艺——艺术（上）2. 类型——文艺——艺术（下）3. 摆脱了类型模式的艺术片4. 不依靠故事的强大导演——创世5. 无导演的尝试以及最新的视听探索七、 空间——物质（超）现实的复原1. 完整的展现空间是电影的本能2. 寻找独特的空间--超物质现实的复原3. 寻找空间的独特之处--景别、角度4. 寻找空间的独特之处--焦距、距离5. 寻找空间的独特之处--大小、体积、画外、心像八、 爆燃时刻1. 视听流--把影像拍成音乐(上)2. 视听流--把影像拍成音乐(中)3. 视听流--把影像拍成音乐(下)4. 长镜头迷狂九、 大众爆款和小众神片1. 大众爆款之--《夏洛特烦恼》(上)2. 大众爆款之--《夏洛特烦恼》(下)3. 大众爆款之--《摔跤吧！爸爸》(上)4. 大众爆款之--《摔跤吧！爸爸》(下)5. 小众神片十、 教父为什么能看20遍1. 《教父1》拉片（一）2. 《教父1》拉片（二）3. 拉片直播课（一）：《黑客帝国》、《教父2》4. 《教父1》拉片（三）5. 《教父1》拉片（四）6. 《教父1》拉片（五）7. 拉片直播课（二）：《牯岭街少年杀人事件》、《复仇者联盟3》课程价格299元分享课程至朋友圈可领取10元优惠券还有更多分享返现优惠授课方式在线视频+线上社群适宜人群导演、制片人、编剧等影视从业者、影迷、电影爱好者杨超视听语言课扫描二维码进入了解更多详情]]></content>
  <author><![CDATA[虹膜]]></author>
  <time>2018-11-07 20:59:15</time>
  <account><![CDATA[IrisMagazine]]></account>
  <image><![CDATA[https://mmbiz.qpic.cn/mmbiz_jpg/sAtaAicJ2VTvmwYtGhxk7oFbhia4xyrtYUoyZoSyJ2rXU3nZFswFQzrEfZSOmHtQwvvdjnIgCiccdtRDaumdBUPHA/640?wx_fmt=jpeg|https://mmbiz.qpic.cn/mmbiz_jpg/YnuA9FGl1YF1wQRVa6n2ib1sgZGjSDtFoJEUq85nLrvwibvgBLFNFnG5KIsNN48JN3YN2jRQhT3JLTcaGUrSnWNw/640?wx_fmt=jpeg|https://mmbiz.qpic.cn/mmbiz_jpg/YnuA9FGl1YF1wQRVa6n2ib1sgZGjSDtFog4mQ5prsz7Y7M88zflu2Cq3t2pQWAxic7RAz3ibjuzgjBOIboGjLvYeg/640?wx_fmt=jpeg|https://mmbiz.qpic.cn/mmbiz_jpg/YnuA9FGl1YF1wQRVa6n2ib1sgZGjSDtFoQF3bCyHR9Qlo6twvWXYFSRXZrSrahF9hXh8iaAq6EhQrSDGVGjDuiaDg/640?wx_fmt=jpeg|https://mmbiz.qpic.cn/mmbiz_jpg/YnuA9FGl1YF1wQRVa6n2ib1sgZGjSDtFog4mQ5prsz7Y7M88zflu2Cq3t2pQWAxic7RAz3ibjuzgjBOIboGjLvYeg/640?wx_fmt=jpeg|https://mmbiz.qpic.cn/mmbiz_jpg/YnuA9FGl1YF1wQRVa6n2ib1sgZGjSDtFoQF3bCyHR9Qlo6twvWXYFSRXZrSrahF9hXh8iaAq6EhQrSDGVGjDuiaDg/640?wx_fmt=jpeg|https://mmbiz.qpic.cn/mmbiz_jpg/sAtaAicJ2VTvmwYtGhxk7oFbhia4xyrtYUib9yGXjTbkV2tIPkt2799iaAicIsq1WUiaib0fEwaG5GZPYRRkaJPeibIcjA/640?wx_fmt=jpeg|https://mmbiz.qpic.cn/mmbiz_jpg/sAtaAicJ2VTvmwYtGhxk7oFbhia4xyrtYUmtnUkEfMyibAoPN4nhrgLza9H8VZSmRcq4D8eicFDfUFic5muBMrOuRmw/640?wx_fmt=jpeg|https://mmbiz.qpic.cn/mmbiz/YnuA9FGl1YF1wQRVa6n2ib1sgZGjSDtFofbfoFZZ27W8zjpGQIia0p0GP2ElyUbzvFiahQRBe1J3adsuX8bic1y0zg/640?wx_fmt=other|https://mmbiz.qpic.cn/mmbiz_jpg/sAtaAicJ2VTvhINFGAicER7Epa2icxahx83LfObYnmyk41IbjP1AVOcsxybBXUtetKCZNcoibYuZs6OEH4Oy9Bwtibw/640?wx_fmt=jpeg|https://mmbiz.qpic.cn/mmbiz_png/sAtaAicJ2VTvhINFGAicER7Epa2icxahx83M8VQodslTVqtMnR2yfmuGvem4F6es33dSXCA0GmR5L7J7em5RqlGwA/640?wx_fmt=png]]></image>
</data>
