<data>
  <id><![CDATA[51059948]]></id>
  <url><![CDATA[https://mp.weixin.qq.com/s?timestamp=1539596436&src=3&ver=1&signature=Egrj350GoKY8-KUcIJshb2KauDydAoseGXvgx2HUHuz6Hxl4APjKZFfIosR2*oFk3gbFF2VoJy*A1TbSg1FkgqZsOqqlS8dIqU6KlpuWD4edhHDhX-rQDzNu-YbXXtY1kojQzyFaR38Cku4Dsk2EPjfaozIxOU6yyJBqxUe6DXg=]]></url>
  <title><![CDATA[中秋有奖征集|星火教育联合海马体照相馆，请你免费拍全家福啦]]></title>
  <content><![CDATA[佛山本地  最权威  最亲民的服务型社区媒体点击标题下方蓝字  关注街坊们最信赖的朋友中秋节对于很多人来说也许只是一杯浓茶，一块月饼，一轮圆月但是对于佛山人来说在佛山过中秋却有N种方式节前准备芋头、菱角、月饼等食品焚香燃烛拜月光，虔诚许愿祝福炒一碟香喷喷的田螺佳肴上桌，举家吃顿团圆饭图片来源网络在公园席地而坐边吃月饼，边赏圆月，边促膝长谈组成舞龙队伍载歌载舞欢乐游行大型文化广场上看水舞灯光秀图片来源网络也有人中秋沉迷工作无法自拔一碗泡面配窗外绚丽的佛山灯色图片来源：Unsplash；作者：Elvir K在佛山你是如何过中秋节的？今年中秋我们来点不一样吧！佛山星火教育x海马体工作室联名发布中秋图片有奖征集令请你免费拍“全家福+单人文艺照”啦！征集时间即日起到9月25日17:00截止征集内容与佛山中秋节相关的图片，例如中秋节前准备的习俗、中秋与月亮的创意自拍、中秋特色饭菜、全家福等。活动奖品征集结束后，所有作品将经过筛选，符合佛山中秋节主题的摄影作品，将会展示在佛山星火教育公众号，并参与全网评选。最后根据评选票数的高低排序进行兑奖。最高可获得海马体照相馆“全家福+单人文艺照”免费拍摄资格！（海马体照相馆全家福+单人文艺照）凡通过筛选参与到全网评选的小伙伴，都可获得“1张海马体照相馆全家福折扣券+1次月考后试卷免费分析资格”哦！人人有份，永不落空！参与方式长按识别下方二维码添加学霸君微信号发送消息“中秋”即可报名还在犹豫什么？赶紧把你的中秋节图片发给学霸君！争取和家人拍张美美哒全家福！海马体照相馆（佛山）地址：佛山市禅城区祖庙路29号NOVA岭南站三层电话：0757-82902435海马体照相馆是杭州缦图摄影旗下“精致证件照”品牌，成立于2014年11月，主营证件照、职业形象照、文艺照、全家福等照片拍摄业务。海马体照相馆拥有丰富的产品线，用 “轻快简”的摄影模式、专业的服务和不将就的态度，为顾客拍一张极致的照片。海马体照相馆是全国第一家开在城市综合体的照相馆，坚持迎合年轻人的喜好，引领时代潮流，立志改变一座城市的摄影气候，实现有摄影的地方就有缦图。免 责 声 明1、因编辑需要，文字和图片之间无必然联系，仅供参考。2、素材来源于网络，所有转载的文章、图片、音频、视频等资料版权归版权所有人所有。因非原创文章及图片等内容无法一一和版权者联系，如原作者认为作品不宜供大家浏览或不应无偿使用，请及时联系我们，以迅速采取适当措施，避免给双方造成不必要的经济损失。3、如侵犯媒体或个人知识产权，请联系告知，我们立即予以删除。地理知识干货 | 三大考全年大事件（点击即可跳转阅读）↙点击阅读原文立抢秋季课程优惠]]></content>
  <author><![CDATA[九江公信]]></author>
  <time>2018-09-25 17:47:07</time>
  <account><![CDATA[jjsqb2013]]></account>
</data>
