<data>
  <id><![CDATA[51059948]]></id>
  <url><![CDATA[https://mp.weixin.qq.com/s?timestamp=1539596436&src=3&ver=1&signature=Egrj350GoKY8-KUcIJshb2KauDydAoseGXvgx2HUHuz6Hxl4APjKZFfIosR2*oFk3gbFF2VoJy*A1TbSg1FkgqZsOqqlS8dIqU6KlpuWD4dBQKUGqVraNuA7dvC3erkQPzYfO1kS4AriiXPs3Dpw*pV3RyJoGAg2HQIRRpuBGcQ=]]></url>
  <title><![CDATA[镇南村中秋节篮球友谊赛快讯]]></title>
  <content><![CDATA[佛山本地  最权威  最亲民的服务型社区媒体点击标题下方蓝字  关注街坊们最信赖的朋友细数十年事，十处过中秋。在我们的节，2018年中秋里，镇南村新老市民以一种较为特殊的方式共度佳节。在镇南村工会联合会主办下，于2018年9月21日晚，举办了一场以“筑梦镇南·谊起同行”新市民服务计划——2018年镇南村庆中秋暨新老市民篮球友谊赛。通过这种活动，意在丰富镇南村新老市民的文娱生活，营造欢乐祥和的节日气氛，加快非户籍常住人口的本地融入，提高新老市民的凝聚力和向心力。镇南村“联合队”VS镇南村“新市民队”比赛开始双方友谊握手示好本次友谊赛，参与的热情高涨，镇南三个自然村的户籍居民分别派有参赛人员，组成一支超30名的“村联合队”，跟园区来自不同企业、不同省份的20多名新市民组成的“新市民队”进行友谊赛交流。在如此多人参赛情况下，既要保证所有队员都有上场展示的机会，还要保证比赛的精彩而又不失观赏性，我们采用了有别于传统篮球赛的赛制时间和规则，那就是每一节比赛时间打25分钟，每一节犯规总计5犯罚球，不计24秒，没有暂停，每队换人不受限等规则。本次友谊赛，有专业裁判执球，场外有治安和义工维持秩序，有工作人员现场解说球。整场活动既不失规范，又不失精彩。此次比赛，为镇南村新老市民搭建了相互沟通的平台，丰富了大家的业余文化生活，同时也促进了大家之间的友谊，加强了团队合作精神，努力共同推进镇南村的发展建设稳步前进。编辑：曾昭弘内容分享 ‍点右上角“…”→ 选择【发给朋友】或【分享到朋友圈】查看文章点右上角→查看官方帐号→查看历史消息联系我们电话：13392216068扫一扫即可添加九江公信↓ ↓ ↓九江公信（微信号：jjsqb2013）]]></content>
  <author><![CDATA[九江公信]]></author>
  <time>2018-09-25 17:47:07</time>
  <account><![CDATA[jjsqb2013]]></account>
</data>
