<data>
  <id><![CDATA[51059948]]></id>
  <url><![CDATA[https://mp.weixin.qq.com/s?timestamp=1539596436&src=3&ver=1&signature=Egrj350GoKY8-KUcIJshb2KauDydAoseGXvgx2HUHuz6Hxl4APjKZFfIosR2*oFk3gbFF2VoJy*A1TbSg1FkgqZsOqqlS8dIqU6KlpuWD4d30TQB2Ew*cE77kYweT21B7BPaMgdmQ319lqwDV6UFntPoKk*s8rUGcVxbB9D4QK8=]]></url>
  <title><![CDATA[水南社区新老市民猜灯谜迎中秋]]></title>
  <content><![CDATA[佛山本地  最权威  最亲民的服务型社区媒体点击标题下方蓝字  关注街坊们最信赖的朋友但愿人长久天涯共明月“叔叔，这道灯谜的谜底是不是‘诚信’？”9月23日上午，水南社区在青叟文化中心举办“我们的节日·中秋——和善水南 月满中秋”灯谜活动，让社区新老市民在猜灯谜的欢乐气氛中充分感受中华民族传统节日的文化底蕴。活动当天，五颜六色的灯谜纸条一字排开，充满了节日气氛。不少亲子家庭早早来到现场，一家人齐齐努力“攻克”谜题。“中秋猜灯谜是传统习俗，我想带着孩子一起过来感受一下。”家住在水南社区的新市民陈女士提到，在猜灯谜的过程中，也促进了亲子之间的互动交流。据悉，当日的谜题将融入社会核心价值观内容，集知识性、趣味性于一体，让水南新老市民在轻松愉快的氛围中接受社会主义核心价值观教育。水南社区相关负责人表示，灯谜活动旨在丰富社区居民的业余生活，增进了社区与居民之间的互动与交流，使社区居民在充分感受中华民族传统节日的文化底蕴的同时，增强社区的凝聚力和归属感，助推美丽文明村居的建设。撰文/邓泳雯 摄影/曾昭弘编辑：曾昭弘内容分享 ‍点右上角“…”→ 选择【发给朋友】或【分享到朋友圈】查看文章点右上角→查看官方帐号→查看历史消息联系我们电话：13392216068扫一扫即可添加九江公信↓ ↓ ↓九江公信（微信号：jjsqb2013）]]></content>
  <author><![CDATA[九江公信]]></author>
  <time>2018-09-25 17:47:07</time>
  <account><![CDATA[jjsqb2013]]></account>
</data>
