<data>
  <id><![CDATA[51059948]]></id>
  <url><![CDATA[https://mp.weixin.qq.com/s?timestamp=1539596436&src=3&ver=1&signature=Egrj350GoKY8-KUcIJshb2KauDydAoseGXvgx2HUHuz6Hxl4APjKZFfIosR2*oFk3gbFF2VoJy*A1TbSg1FkgkwHCCQQFuGZx9sb6rFmL4iIAqJ7JqY8ADxaUvZo5zkwwTNy-4WirRrXLgtybojZMRXv2whABfru9lLGceHkzd8=]]></url>
  <title><![CDATA[南海区美丽文明村居H5答题正式上线，红包话费等你来挑战！]]></title>
  <content><![CDATA[佛山本地  最权威  最亲民的服务型社区媒体点击标题下方蓝字  关注街坊们最信赖的朋友佛山本地  最权威  最亲民的服务型社区媒体点击标题下方蓝字  关注街坊们最信赖的朋友2017年开年，佛山第一场重点工作推进会，指向美丽文明村居建设。 一年半来，佛山五区围绕全市“环境美、风尚美、人文美、服务优”的标准，谋规划、拼特色、创品牌，全力创建110条美丽文明示范村居，走出了一条新时代乡村振兴之路。▲桂城特色小镇建设持续推进城市升级。佛山日报资料图片过去30多年，南海形成“工业园包围乡村、乡村包围工业园”的城市发展格局。对建设美丽乡村而言，这样的格局有利有弊，利是经济实力提高，人口集聚，建设美丽乡村有扎实的基础；弊则是工业园与村居互相包围，环境污染压力大。因此在美丽乡村建设上，南海遵循了对标全球、统筹兼顾、因地制宜、以人为本四个原则。▲南海区西樵松塘村乡风文明，富有书香文化气息（资料图）。/佛山日报记者王澍 实习生林安迪摄线上答题参与答题既有机会拿走微信红包，赢取话费南海区美丽文明村居“风尚美”知识大闯关线上答题平台即日起正式上线啦！邀约小伙伴们一起来答题吧！《南海区美丽文明村居“风尚美”知识大闯关》线上答题游戏说明答题规则活 动 背 景为深入贯彻落实习近平总书记关于“重视家庭建设、注重家庭、注重家教、注重家风”重要指示精神，继承和弘扬传统美德，积极培育和践行社会主义核心价值观，推动形成爱国爱家、相亲相爱、向上向善、共建共享的社会主义家庭文明新风尚，南海区在全区开展“善美南海 你我共创”—南海区美丽文明村居“风尚美”H5主题活动,把南海区美丽文明村居建设的目的、意义、效果，用趣味游戏的形式，发动广大家庭共同参与，激发村民参与建设美丽文明村居，助力村居“风尚美”建设。线 上 赛 时 间：即日起~11月30日中午12点参 与 方 式：1、点击阅读全文即可参与答题2、关注“文明南海”或“南海发布”微信公众号即可参与答题奖励说明模式一：资格赛（1）闯关挑战模式，共5关，每关随机从题库中抽取5题，正确率达90%或以上闯关成功，进入一下关，否则即闯关失败，需重新挑战该关；（2）闯关赛第一关通过后，进入红包抽奖界面，随机抽取红包。（3）资格赛全部闯关成功获得积分挑战赛资格；（ps：假如您抽中了微信红包，红包会直接转到微信零钱中）模式二：积分挑战赛（1）无限挑战模式，用户通关资格赛后获得进入资格；（2）挑战赛无时间、次数限制，按积分高低排名。1、积分前十名的，可获得话费奖励200元。2、积分十一到三十名的，可获得话费奖励50元。（ps：假如您积分前三十名，小编会在活动结束后，为您充值话费！）答题方法↓↓↓点击下方的阅读原文或者扫描下方的二维码也可以进入我们的答题挑战！奖励说奖励说明奖说明红包话费全部都在这里！你们准备好了吗？快来参与我们的答题的挑战吧！内容分享 ‍点右上角“…”→ 选择【发给朋友】或【分享到朋友圈】查看文章点右上角→查看官方帐号→查看历史消息联系我们电话：13392216068扫一扫即可添加九江公信↓ ↓ ↓九江公信（微信号：jjsqb2013）]]></content>
  <author><![CDATA[九江公信]]></author>
  <time>2018-10-14 20:43:03</time>
  <account><![CDATA[jjsqb2013]]></account>
</data>
