<data>
  <id><![CDATA[51059948]]></id>
  <url><![CDATA[https://mp.weixin.qq.com/s?timestamp=1539596436&src=3&ver=1&signature=Egrj350GoKY8-KUcIJshb2KauDydAoseGXvgx2HUHuz6Hxl4APjKZFfIosR2*oFk3gbFF2VoJy*A1TbSg1FkghRfstxybxWHFAQxRqfiNVdSsgxZ1Yp9KxWkl-1OaRa8IPuqFVEAxFxYU2GufXyvaQbVVYiP91NatlhGtKbz*J8=]]></url>
  <title><![CDATA[与您相约周日！来水南社区猜灯谜赢奖品，品味传统中秋佳节气氛]]></title>
  <content><![CDATA[佛山本地  最权威  最亲民的服务型社区媒体点击标题下方蓝字  关注街坊们最信赖的朋友中秋节是中国的传统佳节，更是阖家团聚的时刻。中秋节除了吃月饼外，还有赏花灯、猜灯谜以及赏刮花、饮桂花酒等形式多样的习俗，其中最有趣味的一项当属猜灯谜。籍着中秋佳节来临之际，水南社区计划举办“和善水南 月满中秋”水南社区中秋灯谜活动，以此丰富社区居民的业余生活，增进了社区与居民之间的互动与交流，营造了喜庆而温馨的佳节氛围。使社区居民在充分感受中华民族传统节日的文化底蕴的同时，增强社区的凝聚力和归属感，助推美丽文明村居的建设。此外，谜题将融入社会核心价值观内容，让广大居民在欢乐的气氛中学习传播社会主义核心价值观，彰显出社会主旋律。一、主办单位指导单位：九江镇宣传文体办、九江镇文明办主办单位：水南社区居民委员会承办单位：佛山市南海区家南海文化发展促进会协办单位：儒林灯谜会二、活动形式现场设置灯谜竞猜摊位，居民参与猜谜，答对即可获得奖券，根据奖券的数量到兑奖摊位换取不同的奖品。三、活动时间及地点时间：2018年 9月23日（星期日）上午9:00-10:30地点：水南社区青叟文化活动中心（青叟读书驿站旁篮球场）四、参与人员水南社区新老市民编辑：曾昭弘内容分享 ‍点右上角“…”→ 选择【发给朋友】或【分享到朋友圈】查看文章点右上角→查看官方帐号→查看历史消息联系我们电话：13392216068扫一扫即可添加九江公信↓ ↓ ↓九江公信（微信号：jjsqb2013）]]></content>
  <author><![CDATA[九江公信]]></author>
  <time>2018-09-18 17:19:17</time>
  <account><![CDATA[jjsqb2013]]></account>
</data>
