<data>
  <id><![CDATA[51059948]]></id>
  <url><![CDATA[https://mp.weixin.qq.com/s?timestamp=1539596436&src=3&ver=1&signature=Egrj350GoKY8-KUcIJshb2KauDydAoseGXvgx2HUHuz6Hxl4APjKZFfIosR2*oFk3gbFF2VoJy*A1TbSg1Fkgufu1FjJSrDB2colHZWZnWD2r1YhjpFchWUXSbpk6APGsHUclnb1oENr-Jkn25D01A3VWT7gMrivUqfOhpyrurI=]]></url>
  <title><![CDATA[祝贺！九江镇以高标准通过“广东省教育强镇”第三次复评]]></title>
  <content><![CDATA[佛山本地  最权威  最亲民的服务型社区媒体点击标题下方蓝字  关注街坊们最信赖的朋友“儒乡教育、立品创先”9月28日，九江镇以高标准顺利通过“广东省教育强镇”第三次复评。在9月27、28日为期两天的复评验收中，督导验收组全体成员在以佛山市教育科学研究所所长、博士舒悦为组长的带领下，以严肃认真、积极务实的态度，对九江教育进行了全面、深入的评估。督导验收组在充分肯定九江教育过去五年多来取得的成绩和进步的前提下，也为九江教育更高水平发展开出了良方。实地调研九江镇多间校园校园特色品牌教学获好评27日，督导验收组在九江镇党委委员卢达生、九江镇教育局工作人员陪同下到九江镇初级中学、儒林中学、下西新星幼儿园、儒林二小等多间校园进行实地调研，深入了解九江镇各中、小学以及幼儿园的发展情况。在调研过程中，九江镇“一校一品牌”的办学理念和成效获得督导验收组的充分肯定。其中，在九江镇初级中学以“科技教育”为教学特色。学生多次获世界头脑奥林匹克中国赛区决赛一等奖，获全国青少年创造力大赛金奖等佳绩。在调研现场，学生向督导验收组展示最新科技创作成果，深深吸引督导验收组的眼球。舒悦感言，学生小小年纪就能够创作出如此精妙的作品实在难得。希望九江镇可以通过对接高等院校、高中进行一个教育链条让学生们的创新思维进一步拓展。此外，督导验收组在其他学校中了解到九江镇特色教育的亮点，并给予中肯的促进建议。顺利通过“广东省教育强镇”第三次督查验收继续深化发展新时期九江镇教育事业九江镇在2003年通过了“广东省教育强镇”的督查验收。在2012年不断完善，并根据复评的反馈意见认真整改，保持强劲发展势头，巩固提升教育强镇的成果。九江镇坚持以教育优先发展，切实履行教育职责，持续加大教育投入，不断提升办学条件，深化教育机制改革，大力推进教育内涵发展，全面增强整体素质，教育协调均衡发展和不断提升。教学质量走在省、市、区的前列，教学综合实力持续增强，教育越来越成为九江镇发展的重要竞争力。28号上午，九江镇申报“广东省教育强镇”第三次复评会议在九江镇政府进行。南海区教育局局长张苑发、九江镇党委书记冯纯祥、督导验收组成员以及九江镇各学校、村居代表出席参加。督导验收组组长舒悦在会议上对九江镇教育做法和成效给予肯定。舒悦在会上从三方面分享：一、九江镇党政府的重视推进教育优质、均衡的发展。通过统筹发展引领，以此强化制定全面高标准、高质量的教育事业发展方向和目标。二、保障性教育的落实。九江镇依法加强对教育事业的投入，2015年-2018年镇财政在教育方面的总投入约为12个亿，4年投入占当年财政收入平均约26%。并不断优化资源配置。三、推进教育优质均衡发展、创新用人制度、活化行政队伍建设，坚持校园特色教育发展，形成了学校百花齐放、百舸争流的良好局面。同时，舒悦结合九江新时期教育发展提出建议，进一步加大学位供给能力、进一步加强新时期教师队伍建设、进一步深化素质教育等三个方面。佛山市人民政府教育督导室主任汪崇伟表示，九江镇教育可以用“五先”来总结。一、政府支持，保障优先。二、中考成绩、保持领先。三、鲜明特色，立品创先。四、学前教育，发展抢先。五、高效课堂，步步领先。希望九江镇在今后教育事业发展中，能继续保持良好发展态势。九江镇党委书记冯纯祥表示，九江镇以这次省教育强镇复评验收为契机和新起点，扎实整改，团结奋进，传承发展，以创优争先、奋发有为的九江“龙舟精神”，全面落实党的十九大精神，进一步落实广东教育“争先进，当标兵，建高地”的部署，以《佛山市南海区品牌教育创新行动计划》为指引，立儒乡教育品牌，创区域竞争先锋，不断丰富教育强镇内涵。南海区教育局局长张苑发表示，希望九江教育认真贯彻落实区委、区政府制定的《佛山市南海区品牌教育创新行动计划》，传承“品质教育，学在南海”的内涵，成就以“公平、优质、多元、创新、开放”为特征的品牌教育，继续以“儒乡教育、立品创先”为目标，不断擦亮九江教育的特色的品牌，积极投身于打造具有南海特色的十大教育品牌行动中，为南海教育发展再立新功。撰文 摄影 曾昭弘通讯员 施玉辉编辑：曾昭弘内容分享 ‍点右上角“…”→ 选择【发给朋友】或【分享到朋友圈】查看文章点右上角→查看官方帐号→查看历史消息联系我们电话：13392216068扫一扫即可添加九江公信↓ ↓ ↓九江公信（微信号：jjsqb2013）]]></content>
  <author><![CDATA[九江公信]]></author>
  <time>2018-09-29 18:55:42</time>
  <account><![CDATA[jjsqb2013]]></account>
</data>
