<data>
  <id><![CDATA[51059948]]></id>
  <url><![CDATA[https://mp.weixin.qq.com/s?timestamp=1539596436&src=3&ver=1&signature=Egrj350GoKY8-KUcIJshb2KauDydAoseGXvgx2HUHuz6Hxl4APjKZFfIosR2*oFk3gbFF2VoJy*A1TbSg1Fkgm7zJVOnoU-PfahVo*app1H7oYimPHkfxoU*67rS0ufR5OVvy8QlCnQEQxsxsj5a2l5gYd8*0sOz1d8i15QJHXU=]]></url>
  <title><![CDATA[【招聘】一波笋工来袭，年薪最高8.6万快来看看]]></title>
  <content><![CDATA[佛山本地  最权威  最亲民的服务型社区媒体点击标题下方蓝字  关注街坊们最信赖的朋友招  聘  公  告佛山市南海企联人力资源有限公司招聘工作人员，派驻南海区司法局九江司法所工作。有关事项公告如下：一、 招聘人数：8人﹙男性5人、女性3人﹚，招满即止。二、工作岗位职责：1，在九江镇范围内开展多元化解矛盾纠纷工作；2. 司法行政有关工作业务。三、招聘条件要求：1、年龄35岁以下；2、大学本科以上学历，法律、心理学、汉语言文学、社会工作等相关专业；3、具有较强的沟通与协调能力，良好的口头与书面表达能力；4、责任心强，积极乐观，有事业心并能承受一定的工作压力；5、政治素质好，身体健康，工作踏实，无犯罪纪录；6、有司法行政机关工作经验、佛山户籍或懂粤语、通过司法考试、有驾驶证者优先录用。四、用工形式和福利待遇：1、员工依法与南海企联人力资源有限公司签订劳动合同，派至南海区司法局九江司法所工作，工作称职情况下个人年薪总收入不少于8万元，最高可达8.6万元（含单位及个人五险一金﹚。2、每年进行体检、购买商业保险。3、提供工会福利待遇。五、报名办法：有意者请填写好报名表、持身份证、学历学位证、专业技术资格证书等复印件材料，直接到南海区司法局九江司法所或南海企联人力资源有限公司现场报名，也可以把报名资料（电子件/扫描件）发至南海企联人力资源有限公司网上邮箱报名（邮箱地址：fsqilian_ok@126.com），招满即止。六、招聘单位联系方式：1、派驻单位联系方式：南海区司法局九江司法所，地址：南海区九江镇江滨二路        8号，电话：0757-86589013，联系人：麦先生。2、佛山市南海企联人力资源有限公司，地址：南海区桂城南桂东路38号房地产发展大厦主楼601号﹙即区公安局侧﹚，招聘电话：86285388，经办人：梁先生，手机：13924526304。七、符合条件者进行面试、体检和政审，具体时间另行通知。附件：《招聘工作人员报名登记表》南海区司法局九江司法所佛山市南海企联人力资源有限公司2018年9月26日招聘启示我公司是九江镇政府属下公司，负责镇内农村集体财务管理工作，现因业务需要招聘财务会计多名，薪酬待遇参照镇事业单位标准，年薪约5.5万元（以后按工龄档次递增），并实行双休和带薪年假。招聘要求：1、35岁（含）以下，男女不限；2、持有会计从业资格证或会计职称；3、全日制大专及以上学历，财经类相关专业。报名时间：2018年9月26日—10月10日（节假日除外）报名地点：九江镇政府E座2楼城乡统筹局报名资料：身份证、学历证书、会计上岗证书原件及复印件一份，个人简历一份。联系人：崔小姐           联系电话：86516251九江镇农村财务监管中心佛山市南海区江兴会计服务有限公司2018年9月25日编辑：曾昭弘内容分享 ‍点右上角“…”→ 选择【发给朋友】或【分享到朋友圈】查看文章点右上角→查看官方帐号→查看历史消息联系我们电话：13392216068扫一扫即可添加九江公信↓ ↓ ↓九江公信（微信号：jjsqb2013）]]></content>
  <author><![CDATA[九江公信]]></author>
  <time>2018-09-26 16:58:02</time>
  <account><![CDATA[jjsqb2013]]></account>
</data>
