<data>
  <id><![CDATA[51059948]]></id>
  <url><![CDATA[https://mp.weixin.qq.com/s?timestamp=1539596436&src=3&ver=1&signature=Egrj350GoKY8-KUcIJshb2KauDydAoseGXvgx2HUHuz6Hxl4APjKZFfIosR2*oFk3gbFF2VoJy*A1TbSg1FkgqZsOqqlS8dIqU6KlpuWD4chpbXQqQqYVPy9svRds94fB25PfeuZi87vhKHBf45-B-WlqqRuxiqmjhE9lajb2P0=]]></url>
  <title><![CDATA[以大自然为见证人九江9对新人走向幸福]]></title>
  <content><![CDATA[佛山本地  最权威  最亲民的服务型社区媒体点击标题下方蓝字  关注街坊们最信赖的朋友9月22日，“囍爱佛山·共创家园”2018佛山市第六届职工集体婚礼之美丽文明村居海寿岛“享自然的爱”浪漫婚俗文化之旅在九江海寿岛举行，9对新人在大自然的见证下走向幸福，共享喜悦之情，这是海寿岛打造“广佛渔歌情侣岛”浪漫文化的力措之一。此次活动将海寿岛浪漫花海、漫步骑行等自然资源与婚礼文化相结合，展示中西文化结合的婚俗文化，旨在推动乡村振兴，推进生态文明建设和美丽文明村居建设，着力打造海寿“广佛渔歌情侣岛”浪漫文化。当日下午，9对新人身穿华丽的婚纱礼服，在海寿岛的各个景点拍摄婚纱照，新人们在原生态的海寿林荫大道、幽美的风铃小道、古朴雅致的民宿、充满田园风光的花海鱼排、高大上的森威游艇会等景点留下甜蜜瞬间，定格最美时刻，这其中，就有何品华、关锦弟夫妇。以大自然为见证人新人走向幸福▲何品华、关锦弟夫妇何品华、关锦弟均为九江本地人，其中，关锦弟更对海寿岛有些深厚的情感。“我外婆是海寿岛本岛居民，我童年一半的时光都是在海寿岛上度过的。”关锦弟表示，故当她得知该活动时，第一时间就与何品华商量决定参加。再回故地，关锦弟童年中的小岛如今仍旧满眼皆是风景，民风淳朴，居民友善，不同的是美景引得游人如织。在婚纱拍摄现场，关锦弟与丈夫携手走在海寿岛，一路向丈夫讲述童年趣事，在童年游玩的地方拍摄婚纱照，这令关锦弟感触良多，“和人生中最重要的人，走过人生中最有意义的地方，非常有意义，未来还会把我们的爱情故事告诉我们的孩子。”当晚，何品华、关锦弟夫妇与其他8对新人，以大自然美景、其他新人及现场亲友团为见证人，携手走向幸福，分享他们的爱情故事。关锦弟表示，相较于传统婚礼，集体婚礼更为绿色环保，且能与其他新人分享喜悦之情，“也希望吸引更多人关注海寿岛，带动海寿岛旅游业等产业发展，振兴这一美丽乡村。”相濡以沫11年为爱人送上一份“迟来的生日礼物”“以前还没有正式向你求婚，希望今后我能尽最大的能力保护好你们。做好作为丈夫、父亲、儿子的责任，你愿意吗？”活动惊喜环节主角李向阳手捧鲜花、单膝下跪在现场为他深爱的妻子周美玲带上戒指，深情表白。现场沉醉在着满满爱意当中。“丈夫是一个沉静的人，不善于表达的他今晚的行动让我很惊喜和感动。在这个世界上，除了我爸爸，找不到像我先生一样可以这样爱我、为我付出的人。”周美玲感言。李向阳、周美玲夫妇今年结婚已经有11年，有两个可爱的孩子。在这11年内他们同舟共济、相濡以沫。周美玲回想起自己还没有结婚的时候，丈夫会坚持每天早上5点起床坐公交车来陪自己吃早餐。周美玲分享到，因为丈夫是清远人，而自己是本地人不太愿意嫁太远，当初也没有想过和他在一起。“但在一次经历中，让我感觉丈夫是一个有安全感、有担当的人。那是一次我到江西出差，途中我感冒了。得知消息的他马上向单位请假，乘坐10多个小时的火车来探望我，陪伴在身边，给了我一种很大的安全感。”周美玲满怀感恩说。几年前，周美玲不幸患上重疾。当时候，周美玲需要进行手术，手术的费用很高。同时，周美玲刚刚生完二胎。家中积蓄已经不多。面对这样先压力，李向阳半夜在客厅流泪。那时，丈夫说，就算卖屋、卖车都好，就算卖血都好，我都会医好你。这是让周美玲非常感动的。在手术前，李向阳承诺，手术之后一定会补办一个婚礼给你。今天，借助这个平台完了一个心愿。 “感谢活动主办方的用心，让我能借这个活动帮太太补上一个正式求婚，明天也是我太太的生日，就想给一个惊喜她。为她送上一份"迟到"的生日礼物。”李向阳说。▲李向阳、周美玲夫妇“现在我们已经可以做到彼此包容，磨合的非常好。所以甘多年的生活中，我感觉很好，在将来继续这样生活我就很满足了。”周美玲手挽着丈夫如是说。此外，现场还安排了具有本土文化特色的“九江爱情故事”表演，上演穿越古今的爱情故事，并穿插复古婚纱秀以及现代婚纱秀，展示九江人民在各个时期的婚恋文化。精彩回顾撰文/曾昭弘摄影/曾昭弘 梁平编辑：曾昭弘内容分享 ‍点右上角“…”→ 选择【发给朋友】或【分享到朋友圈】查看文章点右上角→查看官方帐号→查看历史消息联系我们电话：13392216068扫一扫即可添加九江公信↓ ↓ ↓九江公信（微信号：jjsqb2013）]]></content>
  <author><![CDATA[九江公信]]></author>
  <time>2018-09-25 17:47:07</time>
  <account><![CDATA[jjsqb2013]]></account>
</data>
