<data>
  <id><![CDATA[51059948]]></id>
  <url><![CDATA[https://mp.weixin.qq.com/s?timestamp=1539596436&src=3&ver=1&signature=Egrj350GoKY8-KUcIJshb2KauDydAoseGXvgx2HUHuz6Hxl4APjKZFfIosR2*oFk3gbFF2VoJy*A1TbSg1Fkgn*bwmAaVPJgoV*rJcaLTyzc95Az1U*OlWcdhitTwJrFXG9XyvQ3c5bD9oUzEWgvHwDAHYIe5ZkS2i2qA9BW2Ys=]]></url>
  <title><![CDATA[周日九江龙舟赛直播链接来了！相关道路交通和无人机等管制信息请收好]]></title>
  <content><![CDATA[佛山本地  最权威  最亲民的服务型社区媒体点击标题下方蓝字  关注街坊们最信赖的朋友彩龙竞艳+传统龙舟竞速！九江龙舟嘉年华将在9月30日（周日）上午8:40—12:30九江涌大伸至新桥段（新观龙台）上演！相信不少街坊都留意到，这些天，九江涌上不时传来鼓声和龙舟好手们呐喊声，备战气氛相当浓厚！（点击获取观赛攻略）还有这些信息你需要知道：九江部分道路实施交通管制、部分交通线路实施绕行、无人机禁飞，还有参赛队伍抽签排序名单，方便大家为喜爱的队伍打call加油~关键来啦！当日的龙舟赛有全程直播哦！9月30日龙舟赛直播方式一：扫码或点击文末“阅读原文”即可进入直播页面。方式二：关注【南海九江】微信，点击菜单【微资讯】-【直击国庆龙舟赛】即可进入直播页面。交通临时管制国庆期间，九江镇将举办迎国庆龙舟锦标赛等活动，为确保活动顺利进行，保障活动期间道路交通安全畅通和社会治安稳定，届时将对部分道路实施临时交通管制，具体措施如下：一、9月30日7时至12时，太平西路新桥至九江大道路口九江涌边禁止机动车停放；8时至12时，新江路新桥至大伸路口路段、太平西路新桥至九江大道路段禁止机动车驶入（持证车辆除外）。二、10月1日14时至17时，东福路松柏园桥至上东村委路口禁止机动车通行；南兴路只允许车辆由城区往沙口方向行驶；东福路只允许车辆由沙口往城区方向行驶；325国道江门往佛山方向车辆禁止驶入东福路；车辆需停放在划定车位内或上东高架桥底临时停车区。请广大群众自觉听从现场民警及工作人员指挥，并相互告知。广大纳税人：由于活动现场交通管制，建议当天（9月30日）上午需办理相关纳税业务的市民，将车辆停放在明华路儒林一小至日日新酒楼附近路边，然后步行约200米左右前往九江税局办公点（活动交通管制将于当天中午解封）。不便之处，敬请谅解。公交临时绕行【江01（含支线）、江06支线、江05支线临时绕行】九江镇定于2018年9月30日上午举办“国庆龙舟嘉年华活动”，活动期间交警部门将对新江路实施临时交通管制（管制时间为8：00-13：00），因此江01（含支线）、江06支线、江05支线双向需作临时绕行，具体方案如下：江01（含支线）、江06支线双向取消行驶新江路，改行九江大道、大正路、洛浦路接驳原线行驶。临时取消停靠：儒林一小。临时新增停靠：洛浦园、洛浦大道东。江05支线双向取消行驶下西步行街，改行西圣路接驳原线行驶。临时取消停靠：汇龙桥、汇龙城商业步行街、汇龙城商业步行街路口。临时新增停靠：西圣路备注：1、具体交通管制及封闭、解封时间以现场交警指挥为准；2、如遇交通管制有变化，线路绕行以现场交警指挥为准。无人机临时禁飞9月30日上午，九江镇将在九江涌大伸至新桥段（新江路观龙台）举办2018年九江镇国庆龙舟嘉年华活动。为维护活动期间周边区域空中安全，确保活动安全顺利举办，依据相关法律法规规定，结合活动安保工作的相关部署，现将有关事项通告如下：自2018年9月30日8时至9月30日13时止，在九江涌大伸至新桥段（新江路观龙台）周边区域划定临时空中管制区域。管控期间禁止升降无人机等“低慢小”航空器（包括各类轻型飞机、轻型直升机、滑翔机、三角翼、动力三角翼、滑翔伞、动力伞、热气球、无人机、航空模型、航天模型等）和放风筝、气球等可能影响活动安全和航拍的行为。如有飞行需要，应当提前向活动组委会办公室申报批准。临时管控期间，请广大市民及飞行爱好者主动配合，自觉遵守本通告规定。对于违规飞行的行为，有关部门将依法予以查处。构成违反治安管理的，依法予以治安管理处罚；构成犯罪的，依法追究刑事责任。具体申报表材料请径向九江镇宣传文体办联系。联系人:梁平，联系电话:13702444623。附龙舟嘉年华彩龙竞艳、直道竞速比赛队伍名单↓来源：南海九江编辑：曾昭弘内容分享 ‍点右上角“…”→ 选择【发给朋友】或【分享到朋友圈】查看文章点右上角→查看官方帐号→查看历史消息联系我们电话：13392216068扫一扫即可添加九江公信↓ ↓ ↓九江公信（微信号：jjsqb2013）]]></content>
  <author><![CDATA[九江公信]]></author>
  <time>2018-09-28 23:35:21</time>
  <account><![CDATA[jjsqb2013]]></account>
</data>
