<data>
  <id><![CDATA[51059948]]></id>
  <url><![CDATA[https://mp.weixin.qq.com/s?timestamp=1539596436&src=3&ver=1&signature=Egrj350GoKY8-KUcIJshb2KauDydAoseGXvgx2HUHuz6Hxl4APjKZFfIosR2*oFk3gbFF2VoJy*A1TbSg1FkghaycX9gFpKFWE5r1QRVVk7xBTiWPeYM7pRGbfeIYrYVkG7G6waeTSUfYnxi7ynPj-nLImL3YP-hCzogd1oiao4=]]></url>
  <title><![CDATA[月薪过万！有资源、有平台！佛山社区传媒喊你来！一起感受“薪跳”！]]></title>
  <content><![CDATA[佛山本地  最权威  最亲民的服务型社区媒体点击标题下方蓝字  关注街坊们最信赖的朋友你点进来无非就是想找工作你厌倦朝九晚五的生活吗？没关系只要你对新闻（新媒体）感兴趣来这里，你会逐渐享受时间你不习惯现在的工作氛围吗？没关系只要你喜欢轻松愉快的团队氛围来这里，你能肆无忌惮地笑你不满意自己现在的月薪吗？没关系只要你是个用心刻苦的人在我们这里，你可以感受真正的“薪跳”说这么多，公信君直接敲黑板划重点佛山社区传媒招人啦！任职要求岗位一：记者（数量不限）（工作地点：禅城、南海各镇街，需驻点）1、本科学历2、能够驻镇3、具有一定文字功底或摄影、新媒体业务特长4、愿意参与活动策划与实施你要给我的：1、对新闻行业要有一定的兴趣2、具备能够说清楚事实的写作能力3、万花丛中过，片叶不沾身的交际能力4、有新媒体技能（微信维护、视频剪辑）的，无限向上加分我们会给你的：1、月薪6k-12k，这是个多劳多得的世界2、立体畅通的晋升渠道，一年首席两年主编不是梦3、开拓视野的平台，想看世界不用到处走4、“无冕之王”的自信、“奇葩之王”的逻辑应聘方式：将个人简历电子文档发送到邮箱sqbbjb@163.com联系电话：0757-86256705（吕小姐），合则约见我们是谁？佛山社区传媒下辖10份社区报，分别是南海的《桂城社区》、《梦里水乡周讯》、《罗村孝德周讯》、《狮山树本周讯》、《有为丹灶》、《樵山社区》、《儒林九江》，禅城的《祖庙社区》、《今日张槎》和《魅力石湾》，发行量超过40万份，为佛山发行量最大的平面媒体。线上，我们有公信大家庭桂城公信、里水公信、西樵公信、罗村公信、狮山公信、九江公信、丹灶公信、张槎公信、石湾公信、祖庙公信依托社区报在各镇街打造了区域垂直的微信矩阵，依托品牌活动部打造了3个行业垂直微信号，总粉丝量约30万个。2017年启动了佛山社区网（http://www.foshanshequ.cn/）建设。作为佛山“最接地气”、链接最后一公里能力最强的媒体之一。我们做了什么？与南海产业工人共融共乐的创思驿站，让我们的付出更接地气举办了佛山首届诗词大会4000名家长和学生参与的“赢在小升初 名校面对面”活动三山新城首届环岛健步行活动在这个有点焦躁的时代我们只想做一份能让自己静下心来的事业以梦为马何不跟我们同行一起铁肩扛道义，妙手著文章来吧！来源/ 佛山社区传媒编辑：曾昭弘内容分享 ‍点右上角“…”→ 选择【发给朋友】或【分享到朋友圈】查看文章点右上角→查看官方帐号→查看历史消息联系我们电话：13392216068扫一扫即可添加九江公信↓ ↓ ↓九江公信（微信号：jjsqb2013）]]></content>
  <author><![CDATA[九江公信]]></author>
  <time>2018-09-20 17:13:12</time>
  <account><![CDATA[jjsqb2013]]></account>
</data>
