<data>
  <id><![CDATA[51059948]]></id>
  <url><![CDATA[https://mp.weixin.qq.com/s?timestamp=1539596436&src=3&ver=1&signature=Egrj350GoKY8-KUcIJshb2KauDydAoseGXvgx2HUHuz6Hxl4APjKZFfIosR2*oFk3gbFF2VoJy*A1TbSg1FkgjjDI8xK6sXZzsL8pWL2DKcVRV*FRG8iKsrC9qum-ogG2yaMo--BDTH*7zoBB468nO*a05eLIxb7VGYaFpbfEzU=]]></url>
  <title><![CDATA[九江街坊们，如果你这样开电动车，交警一定严查！]]></title>
  <content><![CDATA[佛山本地  最权威  最亲民的服务型社区媒体点击标题下方蓝字  关注街坊们最信赖的朋友你知道开着电动自行车后座还带着人肆意穿行、无视交通信号灯罔顾道路标志标线会有多危险吗？以上这些事故都是因为电动自行车的违法交通行为导致的！2016年-2018年7月期间，南海区涉及电动自行车事故总数2082宗，其中死亡事故31宗，死亡人数31人，受伤225人……数字触目惊心，大家还要视若无睹吗？电动自行车交通安全警示你要知！不要乱走机动车道不要和机动车争抢不闯红灯、不逆行、不超速不违反标志标线、不酒驾不随意横穿或调头、不违法载人行车时不玩不看手机雨天尽量少出行夜间行驶开车后灯驾驶电动自行车上路前记得检查刹车强烈建议戴上头盔交警上路集中整治7类交通违法行为本月起至明年1月15日，全市范围内将开展道路交通秩序集中整治百日行动，集中整治三轮车、电动自行车和自行车闯红灯、逆行、不按规定车道行驶等7类交通违法行为，包括：●三轮车、电动自行车和自行车闯红灯●三轮车、电动自行车和自行车逆向行驶●三轮车、电动自行车和自行车不按规定车道行驶●机动车斑马线不礼让行人●机动车“闯绿灯”●机动车不依次排队通行●行人过马路闯红灯（注：路口交通堵塞时，当车辆还继续行驶到路口，属于“闯绿灯”行为，☞点击了解更多详情）今天正是南海区开展道路交通秩序集中整治行动日！在广佛新干线的设卡点，一个上午的时间，南海交警就查扣了违法二轮电动车、摩托车20辆、违法三轮摩托车10辆，现场抓获4名无证驾驶人员及1名变造车牌违法人员，均被传唤至交警中队调查，拟依法作出行政拘留及罚款处理。目前，辖区内各镇街已陆续开展集中整治行动，专抓三轮车、电动车自行车和自行车的不文明驾驶行为，必要时还会曝光名单，请相关车主注意文明驾驶！“摩托车铁骑队”将机动巡逻交警部门将在7类交通违法行为高发的路段和时段，采取多种执法管理方式强化管控，派出“摩托车铁骑队”机动巡逻，滚动查纠交通违法，教育劝导按道通行、守法出行，常态化开展整治工作。多部门联合管理快递、外卖车辆交警部门还将联合安监、工信、质监、交通、工商、邮管等部门齐抓共管，紧盯邮政快递、外卖送餐等企业的三轮车、自行车管理情况，规范共享单车投放；对企业配送车辆发生死亡交通事故的，结合交通事故深度调查开展责任认定，并按相关规定追究管理企业主体责任。交通违法行为将不定期曝光交警部门将在辖区内设置交通安全宣传教育服务站，对现场查获的三轮车、自行车交通违法驾驶人或者违法行人，以学促管、学罚结合，通过集中学习交通安全法规、参加1小时交通秩序执勤或者志愿劝导服务、微信朋友圈自我曝光集赞、对违法行为进行不定期曝光等方式，抓执法、抓教育、抓养成，推动交通参与者自觉守法、文明出行。转自南海公安内容分享 ‍点右上角“…”→ 选择【发给朋友】或【分享到朋友圈】查看文章点右上角→查看官方帐号→查看历史消息联系我们电话：13392216068扫一扫即可添加九江公信↓ ↓ ↓九江公信（微信号：jjsqb2013）]]></content>
  <author><![CDATA[九江公信]]></author>
  <time>2018-10-10 19:06:15</time>
  <account><![CDATA[jjsqb2013]]></account>
</data>
