<data>
  <id><![CDATA[51059948]]></id>
  <url><![CDATA[https://mp.weixin.qq.com/s?timestamp=1539596436&src=3&ver=1&signature=Egrj350GoKY8-KUcIJshb2KauDydAoseGXvgx2HUHuz6Hxl4APjKZFfIosR2*oFk3gbFF2VoJy*A1TbSg1FkghRfstxybxWHFAQxRqfiNVd7edFB-6lahoSU61DzP87vlhgvadO0HtpMNDPYprW4iXbw6fvTMa*XatT2lo1FuZo=]]></url>
  <title><![CDATA[湖南一幼儿园4岁男童突然身亡！看着监控，妈妈崩溃大哭]]></title>
  <content><![CDATA[佛山本地  最权威  最亲民的服务型社区媒体点击标题下方蓝字  关注街坊们最信赖的朋友近期，下面这则事件引起媒体关注在湖南益阳某幼儿园几名小朋友围坐饭桌前吃饭时一名4岁男童不小心被食物噎住↓↓↓老师安排孩子吃饭后，离开让人无比痛心的是从小男孩被噎、大声咳嗽到用手抠喉咙两三分钟内都没有老师注意到等到被发现送医已无力回天...↓↓↓事发当天，正值午餐时分，幼儿园老师们带着小朋友一起吃饭，小朋友都爱边吃边玩，于是老师将饭菜放在桌子上后，就先离开了。老师安排孩子吃饭后，离开老师离开之后，这些小朋友依旧说笑玩闹，其中一名穿白色上衣的小男孩背对着摄像头，一边吃东西一边和隔壁的小朋友玩闹。没过多久，穿白色上衣的小男孩便紧紧捂住了嘴巴，并且不停地咳嗽，由于周围的小朋友不懂事，都没有把白衣男孩的异常反应汇报给老师。随后，白衣男孩便一直在用手指抠着自己的喉咙。从小男孩被噎、咳嗽到用手抠喉咙，这两分钟的时间里，现场竟没有一名老师经过，孩子的咳嗽声很大，也没有引来老师们的丝毫注意。男童急得连连跺脚三分钟后，老师赶到现场直到三分钟后，之前离开的老师注意到小男孩的异常反应，才紧急将男孩送往医院。不过遗憾的是，最终医生还是没能将孩子抢救过来。听到孩子不幸去世的消息，男童的妈妈几度哭晕过去，最后在丈夫的陪同下，男童妈妈查看了事发时的监控画面，看到自己的孩子在被噎住后的三分钟之内，竟无一名老师察觉，男童妈妈再次痛哭。经过双方调解，两方已达成协议，幼儿园愿承担所有责任。这场悲剧，让网友们看了很是心疼。↓↓↓网友提到的“海姆立克急救法”学习下！↓↓↓救了100万人的海姆立克急救法！带核的水果，瓜子、花生等又小又硬的东西，很容易呛到气道，尤其是5岁以下的孩子。吸入异物后突然发生剧烈呛咳，憋气，呼吸困难，气喘声嘶，面色绀紫，这时要立即采用“海姆立克急救法”解除气道的梗阻。不完全推测，海姆立克急救法救了100万人。戳视频学习▼任何疏忽都可能影响孩子安全一旦出现紧急情况基本的防身技能学一些或许就少一些悲剧转发：珠江时报编辑：曾昭弘内容分享 ‍点右上角“…”→ 选择【发给朋友】或【分享到朋友圈】查看文章点右上角→查看官方帐号→查看历史消息联系我们电话：13392216068扫一扫即可添加九江公信↓ ↓ ↓九江公信（微信号：jjsqb2013）]]></content>
  <author><![CDATA[九江公信]]></author>
  <time>2018-09-18 17:19:17</time>
  <account><![CDATA[jjsqb2013]]></account>
</data>
