<data>
  <id><![CDATA[51059948]]></id>
  <url><![CDATA[https://mp.weixin.qq.com/s?timestamp=1539596436&src=3&ver=1&signature=Egrj350GoKY8-KUcIJshb2KauDydAoseGXvgx2HUHuz6Hxl4APjKZFfIosR2*oFk3gbFF2VoJy*A1TbSg1FkgqZsOqqlS8dIqU6KlpuWD4eqiiwIioOMj8VKHFEXefe3OEXslt1OMcvev7x-EBegcoQtgvTnTa29XI3RE3kxwug=]]></url>
  <title><![CDATA[捉塘底庆丰收！！九江镇举办捉塘底抢丰收大赛]]></title>
  <content><![CDATA[佛山本地  最权威  最亲民的服务型社区媒体点击标题下方蓝字  关注街坊们最信赖的朋友“太棒了，又抓到一条白鳝！”9月21日上午，九江镇举办“捉塘底”抢丰收大赛庆祝中国首届农民丰收节。来自镇内外10支队伍在水深30-40公分的鱼塘里比拼捉鱼技术，按照鱼种和数量计分。经过激烈比拼，广东鱼兴港水产有限公司凭借188分的总成绩获第一名。九江镇镇长张厚祥表示，九江镇通过抢丰收大赛弘扬镇内渔业农耕文化，提高全镇农民荣誉感、幸福感、获得感，进一步丰富农民生活，巩固丰收喜悦，提升农业竞争力。10组队伍比拼塘底捉鱼盯着正游动的鱼，捞网一扣，将猎物顺利收入囊中。只见参赛选手穿上水裤，麻利地捉起鱼来。活动当天，10组参赛队伍在水深30-40公分的鱼塘里比拼捉鱼技术，体验九江传统的“抓塘底”活动。鱼塘边还挤满了围观的群众，场面十分热闹。按照规则，参赛队伍每组3人，要求于60分钟内在水深30厘米至40厘米的传统池塘里捕捉各类鱼。现场放入鳗鱼10尾，生鱼30尾，草鱼100条、存塘还有鲫鱼、杂鱼若干。比赛得分规则为鳗鱼10分/尾，生鱼5分/尾，草鱼2分/尾、鲫鱼或杂鱼1分/尾（鲫鱼、杂鱼2两以上才计分），死鱼不计分。在众多品种中，鳗鱼因为游动快、身上滑溜溜等特点，为最难捕捉。而捉到全场第一条鳗鱼的争夺最为激烈。三个参赛队伍同时发现了鳗鱼的踪迹，一番“追截围攻”下，由今年代表国家出征亚运并取得一金一银佳绩的九江女子龙舟队的队员成功捉住第一条出现的鳗鱼。经过1个小时的激烈角逐，最终广东鱼兴港水产有限公司凭借3尾鳗鱼、2尾生鱼、16尾草鱼、66尾鲫鱼、50尾杂鱼总计188分的总成绩荣获第一名。“为了本次比赛，我们特意从公司的三个采购团队里各抽调一名员工参赛，他们熟悉不同鱼类的习性，具备了一定的优势。”鱼兴港水产总经理郑伟表示。据悉，鱼兴港水产始建于1997年，历经20多年发展，目前已成为一家专注于水产品养殖、运输以及销售的综合服务型水产经营企业。其采购团队每天去往珠三角各地的鱼塘区，采购最为新鲜的淡水鱼。欢庆农民丰收节九江镇内河涌密布，鱼塘众多，淡水养殖历史悠久。“捉塘底”则是九江的一项传统活动。丰收年里，鱼塘主人在鱼塘里的鱼基本捉清后，允许人们下塘摸鱼，分享剩下的鱼。“看着他们在塘底捉鱼，让我想起了童年的快乐时光。”今年70多岁的爽伯回忆，以往生活条件远远没现在好，不是没一顿都能吃上鱼。每到“捉塘底”的日子，一家大小都会出动，哪怕只是抓到一条小鱼也是十分开心。九江镇水产协会会长陈杰明表示，九江早在五百多年前九江已出现渔业，现代技术让九江渔业进一步发展，并成了远近闻名的“中国淡水鱼苗之乡”。今年，九江通过采用本地农耕特色的“捉塘底”来庆祝第一届“中国农民丰收节”，向社会展示本土农耕文化的同时，让全镇农民真真切切乐享自己的节日，进一步提升广大农民的获得感、幸福感。此外，公益宣传短片《家乡的余味》也在当天首映。据悉，九江镇水产协会青年学会为庆中国农民丰收节，与作客工场联合推出公益宣传短片《家乡的余味》。短片以文艺作品的方式融合丰收的喜悦，爱吃自家鱼，记住乡愁等元素，进一步丰富丰收节的内涵。撰文/邓泳雯 摄影/曾昭弘通讯员 梁平编辑：曾昭弘内容分享 ‍点右上角“…”→ 选择【发给朋友】或【分享到朋友圈】查看文章点右上角→查看官方帐号→查看历史消息联系我们电话：13392216068扫一扫即可添加九江公信↓ ↓ ↓九江公信（微信号：jjsqb2013）]]></content>
  <author><![CDATA[九江公信]]></author>
  <time>2018-09-25 17:47:07</time>
  <account><![CDATA[jjsqb2013]]></account>
</data>
