<data>
  <id><![CDATA[51059948]]></id>
  <url><![CDATA[https://mp.weixin.qq.com/s?timestamp=1539596436&src=3&ver=1&signature=Egrj350GoKY8-KUcIJshb2KauDydAoseGXvgx2HUHuz6Hxl4APjKZFfIosR2*oFk3gbFF2VoJy*A1TbSg1Fkgizk5FzKLn*RuMRVSdtCtr1gLx3qNf85YVUXfCwaohElPQp4yB5ykdc5JRAT7HPHEX4jagpnZuS03yk1RVo4WjM=]]></url>
  <title><![CDATA[公共WIFI要慎用——九江民警走进校园开展网络安全宣讲]]></title>
  <content><![CDATA[佛山本地  最权威  最亲民的服务型社区媒体点击标题下方蓝字  关注街坊们最信赖的朋友9月17日至23日是2018年国家网络安全宣传周。9月21日下午，九江派出所走进九江职业技术学校，开展以“网络安全为人民、网络安全靠人民”为主题的安全宣讲活动，近百名学生学习网络安全和防范电信网络诈骗知识。“当前网络用户已经达到8亿，而当中54%的网民都遇到过网络安全问题，其中近一半的人都遭遇了个人信息泄露或网上诈骗。”在活动现场，九江派出所综合室副主任王永和利用精心制作的PPT，向学生简要介绍了当前网络安全突出问题，现场提醒同学们在使用公共WIFI、充电设备和不明链接、二维码时一定要谨慎小心，提高防范意识。“微信的4种隐私功能，最好关掉，5类个人信息，最好别乱晒” ，由于在校学生使用手机上网、微信联系比较普遍，且大多喜欢将个人信息晒到朋友圈的习惯，针对此情况，王永和特意提醒同学们做好此类防范，并现场播放了网络安全视频短片，搞笑风趣的视频进一步加深了同学们安全防范的认识。“什么是电信网络诈骗？如何识别电信网络诈骗？遇到网络诈骗怎么办？”，在活动互动交流环节，民警一连串的问题引起了同学们热烈讨论，将活动氛围推向高潮。“遇到电信网络诈骗，我会首先选择报警”，面对民警的发问，同学黄文昊站起来回答道。在互动交流中，民警将防范电信网络诈骗知识灌输给同学们，提高同学们防范意识。最后，民警向现场师生发出文明上网的倡议，希望大家文明上网、理性发言，坚决抵制虚假信息，不传播网络谣言，不传播网络暴力、色情低俗等违法和不良信息，共同守护网络安全。活动期间，民警还在现场派发了防范电信网络诈骗、禁毒、扫黑除恶宣传手册，促使同学们更加全面地认识了网络安全、禁毒及扫黑除恶等知识。活动结束后，同学们纷纷表示，今天的网络安全课给自己一个很好的提醒，以后再也不乱晒个人隐私信息、不乱扫街边二维码，同时，也会将今天学到的防诈骗知识带回去，讲给家中父母亲和朋友，让大家都提高网络安全防范意识。通讯员 王永和编辑：曾昭弘内容分享 ‍点右上角“…”→ 选择【发给朋友】或【分享到朋友圈】查看文章点右上角→查看官方帐号→查看历史消息联系我们电话：13392216068扫一扫即可添加九江公信↓ ↓ ↓九江公信（微信号：jjsqb2013）]]></content>
  <author><![CDATA[九江公信]]></author>
  <time>2018-09-21 21:10:37</time>
  <account><![CDATA[jjsqb2013]]></account>
</data>
