<data>
  <id><![CDATA[51059948]]></id>
  <url><![CDATA[https://mp.weixin.qq.com/s?timestamp=1539596436&src=3&ver=1&signature=Egrj350GoKY8-KUcIJshb2KauDydAoseGXvgx2HUHuz6Hxl4APjKZFfIosR2*oFk3gbFF2VoJy*A1TbSg1Fkgn*bwmAaVPJgoV*rJcaLTywa127YDnQQU0Pppr*aOdWr6b4QcWgdtQSLV*jsilY2nuE*0I9-RJBZ6QCgnxpfqBI=]]></url>
  <title><![CDATA[加油员反复捏油枪视频疯传！偷油还是另有隐情？真相来了……]]></title>
  <content><![CDATA[佛山本地  最权威  最亲民的服务型社区媒体点击标题下方蓝字  关注街坊们最信赖的朋友这两天，在佛山人的微信群里有两个2分多钟的小视频热传网友们“温馨提醒”众多车主当心加油站“偷油”↓↓↓视频中加油员加油时不断捏加油枪车主追拍加油员质疑其捏加油枪有猫腻车主质疑加油机空转油枪刚插上去就显示20多元的金额而加油员一脸无辜，表示必须要这么操作双方争执不下车主在与油站理论无果后愤而报警据消息称事发油站为广州江湾加油站佛山人的很多微信群都在转发该视频不少网友都表示很生气不断“声讨”加油员↓↓↓“小道消息传言，这种“偷油”的手法，其实是在捏加油枪时，燃油通过加油机开始出油，加油机即开始计价。而不停反复捏加油枪，会让燃油还没来得及注入油箱又倒流回去加油机，但同时加油机上的价钱却仍在增加。如此操作，油站便能从中“偷”掉一小部分油，减少成本提高利润。是真的吗？时报君上网搜索发现网络上确实有不少这样的说法而类似一幕各地都有而且这些年一直都有相关案例“2018年7月24日，一辆红色野马汽车到北京朝阳东大桥加油站加95#汽油，加油员小杜为顾客服务。加油过程中，因小杜反复捏枪，被后面排队加油的黑色雅阁司机录成视频，并在视频中称“加油员反复捏枪操作有猫腻”,朋友圈广泛传播。”为此，中国石化北京石油立即展开调查。调查显示，红色野马车油箱为无油箱盖设计，油箱结构较为特殊；加油过程中持续“呛油”，就会出现频繁“跳枪”。加油员多次关停、插拔油枪，是为调整油枪角度，保证油路顺畅。反复捏油枪（跳枪）对加油多少有影响吗？↓↓↓关于“跳枪偷油”这个传言，人民日报、中央电视台，北京电视台等多家全国省市媒体也都曾经辟过谣，邀请权威部门进行过实验。结果一致表明：在加油时，扣动油枪对加油多少没有影响。中央电视台财经频道《是真的吗》栏目也曾经报道过这件事，栏目组和北京市计量检测科学院专业人士一起，带着专业仪器，抽查了一家北京加油站，在加油50升的情况下，单次开关油枪结果为50.010升，反复开关油枪为50.028升。今年8月2日北京电视台晚间新闻的报道也对此事进行了实地检测↓↓↓加油时为什么会经常跳枪？专家介绍说，加油枪“跳枪”是一种出于安全性考虑的设计，与油箱结构、气阻大小相关，一般车辆都可能会遇到。常规情况下，当油快加满时，油枪传感器接触到油面，加油枪就会自动关闭，防止油溢出，形成“跳枪”。还有一种情况，由于油枪传感器高度感应，即便极小的油滴飞溅到油枪的传感器上也会导致“跳枪”，上述案例野马汽车加油就是这样。每把加油枪都有自封装置（一种感应器）大小有小拇指盖那么大在加油枪嘴内部当所加油品要溢出的时候，或者空气快速排出时油品或空气流冲击自封装置自封装置收到力的挤压使加油枪档位自动弹起，停止加油不一定是油加满了加油枪才跳枪有时是因为油箱内产生的气压导致加油枪跳枪的对此，一位看过网传的视频的加油员解释道：“由于感应器特别灵敏，尤其是天气太热，里面就会有很多气，气顶着感应器，也会让油枪停止工作。”因此工作人员需要手动捏压油枪的阀门来给车辆加油。“也就是变成了手动加油，其实我们更愿意自动加，但是气顶着没办法。”加油员看了视频表示心里“拔凉拔凉的”很多加油员看了“加油员反复捏枪操作有猫腻”视频，心里“拔凉拔凉的”，也有加油员爆了些加油站“内幕”，给大家分享下。加油员爆加油“内幕”很多年以前，网络上“跳枪是加油员在揩油”的谣言铺天盖地，在加油站工作的我常常因为跳枪被人指着鼻子骂，那时候很多顾客们坚信所谓的“加油员动手脚”的事实，加油员们只能把眼泪往肚子里咽。随着时间的推移，现在大家对谣言的辨别程度越来越高、知识面也越来越广，对于加油员的工作也越来越了解，也越来越理解，这个真的很欣慰。因为不了解每一位顾客的脾气及其对加油流程的了解程度，遇到加油“跳枪”时，我都会小心翼翼先做好解释。昨天，碰巧遇到一位大哥的油箱回路比较特殊，一开始加油就频繁跳枪了几次，我连忙一边不断的寻找加油角度，控制油品流速，一边想要解释。没想到大哥直接走过来“抢”走油枪说：“我这个油箱就这样，得提着点儿慢慢加，你快去忙别的吧，我这自己调整就行！”这种感动是你没有经历过没来由的被误解、被指着鼻子骂、被推搡而不能体会的……感谢大家现在的了解、理解、帮助……我因为在加油站工作而了解很多它的“内幕”，我清楚的知道自己凭什么敢说“每一滴油都是承诺”，这不仅是企业给我的自豪感，更是对我们自己的信任，也希望大家能信任我们，也能更多的理解高温下坚持工作的一线员工！▲网友现身说法请给加油员一些尊重和鼓励！尊重加油员，您可以：1.看见正在忙碌的加油员，请不要按喇叭；2.需要帮助时、有疑问时，跟加油员详细沟通了解；3.万一没有第一时间为您服务，请多加体谅；4.持假币、想逃单的请收起你的侥幸心理；5.为了安全，除指定区域外，请不要使用手机。正规加油站都拥有严格的安全保障设置以及规范操作流程。在规范操作的保护下，那些不靠谱的“谣言”便不攻自破了。对于消费者，我们应该熟知有关加油和加油站的常识知识，避免不必要的误解和猜疑。最后提醒各位，一定要去正规加油站加油！谣言止于智者一起为美好生活加油！来源：珠江时报编辑：曾昭弘内容分享 ‍点右上角“…”→ 选择【发给朋友】或【分享到朋友圈】查看文章点右上角→查看官方帐号→查看历史消息联系我们电话：13392216068扫一扫即可添加九江公信↓ ↓ ↓九江公信（微信号：jjsqb2013）]]></content>
  <author><![CDATA[九江公信]]></author>
  <time>2018-09-28 23:35:21</time>
  <account><![CDATA[jjsqb2013]]></account>
</data>
