<data>
  <id><![CDATA[51059948]]></id>
  <url><![CDATA[https://mp.weixin.qq.com/s?timestamp=1539596436&src=3&ver=1&signature=Egrj350GoKY8-KUcIJshb2KauDydAoseGXvgx2HUHuz6Hxl4APjKZFfIosR2*oFk3gbFF2VoJy*A1TbSg1FkgjjDI8xK6sXZzsL8pWL2DKfWeYkl9Ty-Z3TtRYDTtB1qK6JH9k7E5z-s3o31G*nMV1vatV7fLWEGGrwGmkzj8VE=]]></url>
  <title><![CDATA[乐善家前些天好多人，300多人一起看表演学知识]]></title>
  <content><![CDATA[佛山本地  最权威  最亲民的服务型社区媒体点击标题下方蓝字  关注街坊们最信赖的朋友10月10日是世界精神卫生日，2018年我国“世界精神卫生日”主题是“健康心理，快乐人生”——关注儿童青少年心理健康，旨在通过多途径的宣传教育，让儿童青少年掌握精神卫生、心理健康相关知识，使家长、学校、社会了解儿童青少年心理特点，全社会共同维护和促进儿童青少年心理健康，拥有健康快乐的人生。10月7日上午，大同社会工作服务中心在乐善家广场开展世界精神卫生日宣传活动，旨在让九江镇居民了解精神卫生和心理健康相关知识，关心和接纳精神康复者，提倡关爱、支持、平等、互助的社会氛围。本次活动由九江镇残疾人联合会主办，九江镇社区卫生服务中心和太阳种子琴行支持协办，当天活动派发《精神卫生宣教知识》《精神卫生应急知识宣传手册》等资料约200多份，共吸引300多人参与，现场气氛活跃，摊位人气高涨，得到了现场大小朋友的赞赏和一致的好评，取得良好的宣传效果。活动设置分为舞台表演区和摊位服务区两大区域。舞台区域包括青少年才艺表演，以及通过现场派发宣传资料进行精神卫生知识的有奖问答，让群众直观认识到精神疾病分类、复发迹像、治疗方法、日常禁忌，了解政府目前相关优惠政策福利以及市区两级精神心理专科求助方式。现场群众反应气氛热烈，群众积极举手抢答。在摊位服务区分别设置了心理健康区、精神卫生区、养生保健区，游戏互动区四大区域。心理健康区由专业心理咨询者开展现场心理咨询服务、通过心灵之镜OH卡、解读心灵密码曼陀罗绘画等心理小游戏解读青少年心理情况。精神卫生区由九江镇社卫中心的精防医生进行现场睡眠障碍咨询、血压测量、服药方面咨询等服务。养生保健区包括艾灸体验、肩颈按摩仪、线上好医生等体验服务。另外还有趣味好玩的心理小游戏摊位。旨在倡导群众通过身体、心理、精神多方面关注自己的情况，心理的健康，关系到我们个人的幸福、家庭的和睦、社会的和谐，身心都健康才是真健康。精神疾病早发现、早治疗、早康复，怀疑有明显心理行为问题或精神疾病者，要及早去精神专科医院或综合医院的精神科或心理科进行咨询、检查和诊治。如发现周围人有明显言语或行为异常，要考虑他可能有心理行为问题或精神疾病，应及时劝告其去医疗机构检查。心理行为问题的处理，以心理咨询和心理治疗为主，辅以社会支持生药物对症治疗。在精神疾病的治疗方面，目前已经有效治疗药物以及心理治疗和心理社会康复方法。被确诊患有精神疾病应及时接受正规治疗，遵照医嘱全程不间断按时按量服药，以达到最好效果。不愿意治疗、不正确治疗或不规律服药会导致病情延误。通过规范化的治疗，多数患者可以治愈，维持正常的生活、学习和工作能力。孩子是父母的希望，国家的未来。孩子的健康成长，关乎家庭的幸福，社会的稳定，国家的兴旺。希望在孩子有着健强体魄的同时，又能拥有一颗一尘不染的美丽心灵。社会、学校、家庭都应关注下一代的心理健康，给孩子营造健康成长的环境，使孩子顺利地成长为对家庭、社会和国家的有用之材。关注身心健康，从小做起，从我做起。内容分享 ‍点右上角“…”→ 选择【发给朋友】或【分享到朋友圈】查看文章点右上角→查看官方帐号→查看历史消息联系我们电话：13392216068扫一扫即可添加九江公信↓ ↓ ↓九江公信（微信号：jjsqb2013）]]></content>
  <author><![CDATA[九江公信]]></author>
  <time>2018-10-10 19:06:15</time>
  <account><![CDATA[jjsqb2013]]></account>
</data>
