<data>
  <id><![CDATA[51059948]]></id>
  <url><![CDATA[https://mp.weixin.qq.com/s?timestamp=1539596436&src=3&ver=1&signature=Egrj350GoKY8-KUcIJshb2KauDydAoseGXvgx2HUHuz6Hxl4APjKZFfIosR2*oFk3gbFF2VoJy*A1TbSg1FkgqZsOqqlS8dIqU6KlpuWD4dJV0p1-3a6mrIOQmQ12IeRJF4i26PcqqVDr-Vu1AVWN4PzXl4MhUJz5P19IsTC1-Q=]]></url>
  <title><![CDATA[广东第二次全国污染源普查启动入户调查！莫担心，不作处罚依据！]]></title>
  <content><![CDATA[佛山本地  最权威  最亲民的服务型社区媒体点击标题下方蓝字  关注街坊们最信赖的朋友依法开展污染源普查是一项重大的国情调查是环境保护的基础性工作对于做好环保工作改善你我身边环境具有重大意义第二次全国污染源普查不清楚的小伙伴可以观看下方视频一目了然呢现在广东第二次全国污染源普查已进入全面入户调查关键攻坚阶段！只为摸清家底不作为处罚依据亲爱的企业主们请放心配合普查人员污染源普查数据不作行政处罚依据为高效高质推进普查工作，9月19日，广东省人民政府召开全省第二次全国污染源普查全面入户调查工作部署推进电视电话会议，会议强调，根据国务院公布的《全国污染源普查条例》规定，污染源普查取得的的单个普查对象的资料将严格限定用于污染源普查目的，不得作为考核普查对象是否完成污染物总量削减计划的依据，不得作为依照其他法律、行政法规对普查对象实施行政处罚的依据。怎么样看完会议的摘录是不是吃了颗“定心丸”呢致全省污染源普查对象的一封信读完这封信是不是对第二次全国污染源普查有更多了解呢？本次普查只为摸清家底不作为处罚依据！所以请各位小伙伴放心积极配合做好普查共同为环保工作舔砖加瓦广东环境保护编辑：曾昭弘内容分享 ‍点右上角“…”→ 选择【发给朋友】或【分享到朋友圈】查看文章点右上角→查看官方帐号→查看历史消息联系我们电话：13392216068扫一扫即可添加九江公信↓ ↓ ↓九江公信（微信号：jjsqb2013）]]></content>
  <author><![CDATA[九江公信]]></author>
  <time>2018-09-25 17:47:07</time>
  <account><![CDATA[jjsqb2013]]></account>
</data>
