<data>
  <id><![CDATA[51059948]]></id>
  <url><![CDATA[https://mp.weixin.qq.com/s?timestamp=1539596436&src=3&ver=1&signature=Egrj350GoKY8-KUcIJshb2KauDydAoseGXvgx2HUHuz6Hxl4APjKZFfIosR2*oFk3gbFF2VoJy*A1TbSg1Fkgk-c8RCNNAjPhHwo0J-R8ZgxultCSynNMAdRK3gmAP6pt63dULTghTQ*lMAwcwRYpsQtUNArNWGPROAk6thzMrI=]]></url>
  <title><![CDATA[九江国庆龙舟嘉年华活动今日开show！！内附活动视频直播的最全攻略]]></title>
  <content><![CDATA[佛山本地  最权威  最亲民的服务型社区媒体点击标题下方蓝字  关注街坊们最信赖的朋友万众期待！“多彩非遗·活力龙舟”2018年九江镇龙舟嘉年华系列活动即将开show！别错过啦竞艳+竞速！9月30日上午8:40—12:30，“多彩非遗·活力龙舟”2018年九江镇龙舟嘉年华系列活动将在九江涌大伸至新桥段（新观龙台）！今年还新增一“亚运冠军号”彩龙！在彩龙竞艳上，15位街坊可与12位亚运冠军龙舟队成员同划一条龙舟。（15位健儿名单可戳这查看）活动流程1、启动仪式：8:40-8:452、彩龙竞艳：8:45-9:103、参赛龙舟点名召集候赛：8:40-9:004、传统龙舟竞速初赛：9:10-10:405、传统龙舟竞速决赛：11:00-11:406、颁奖仪式：11:50-12:20➤观赛攻略：1、彩龙竞艳（26队）主题：龙船装扮要鲜艳夺目，富有民族传统特色，突出庆祝国庆的主题。巡游路线：由大伸探花桥至上东观龙台河涌段，以两艘龙舟为一组进行慢速来回巡游。2、传统龙舟500米竞速（18队）赛制：比赛分初赛和决赛进行，两两比拼，以计时竞速赛出名次。比赛路线：起点设在九江大道桥下侧边，分一、二两条水道进行（靠观龙台为一号水道，另一边为二号水道）3、其他亚运颁奖角：群众可与亚运冠军合影附龙舟嘉年华彩龙竞艳、直道竞速比赛队伍名单↓相关信息请收好活动预告这么精彩明天的龙舟大片你怎能错过？要上班的小伙伴也不用担心当日的龙舟赛有全程直播哦！可感受现场的“速度与激情”9月30日龙舟赛直播方式一：扫码或点击文末“阅读原文”即可进入直播页面。方式二：关注【南海九江】微信，点击菜单【微资讯】-【直击国庆龙舟赛】即可进入直播页面。注意啦！活动当天有交通管制、公交绕行、无人机管制【交通管制】一、9月30日7时至12时，太平西路新桥至九江大道路口九江涌边禁止机动车停放；8时至12时，新江路新桥至大伸路口路段、太平西路新桥至九江大道路段禁止机动车驶入（持证车辆除外）。二、10月1日14时至17时，东福路松柏园桥至上东村委路口禁止机动车通行；南兴路只允许车辆由城区往沙口方向行驶；东福路只允许车辆由沙口往城区方向行驶；325国道江门往佛山方向车辆禁止驶入东福路；车辆需停放在划定车位内或上东高架桥底临时停车区。请广大群众自觉听从现场民警及工作人员指挥，并相互告知。【公交绕行】一、江01（含支线）、江06支线双向取消行驶新江路，改行九江大道、大正路、洛浦路接驳原线行驶。临时取消停靠：儒林一小。临时新增停靠：洛浦园、洛浦大道东。二、江05支线双向取消行驶下西步行街，改行西圣路接驳原线行驶。临时取消停靠：汇龙桥、汇龙城商业步行街、汇龙城商业步行街路口。临时新增停靠：西圣路备注：1、具体交通管制及封闭、解封时间以现场交警指挥为准；2、如遇交通管制有变化，线路绕行以现场交警指挥为准。【无人机管制】自2018年9月30日8时至9月30日13时止，在九江涌大伸至新桥段（新江路观龙台）周边区域划定临时空中管制区域。管控期间禁止升降无人机等“低慢小”航空器（包括各类轻型飞机、轻型直升机、滑翔机、三角翼、动力三角翼、滑翔伞、动力伞、热气球、无人机、航空模型、航天模型等）和放风筝、气球等可能影响活动安全和航拍的行为。如有飞行需要，应当提前向活动组委会办公室申报批准。临时管控期间，请广大市民及飞行爱好者主动配合，自觉遵守本通告规定。对于违规飞行的行为，有关部门将依法予以查处。构成违反治安管理的，依法予以治安管理处罚；构成犯罪的，依法追究刑事责任。具体申报表材料请径向九江镇宣传文体办联系。联系人:梁平，联系电话:13702444623。最后提醒一下大家文明观赛，从你我做起~1、请提前了解赛道周边道路交通管制情况。文明出行、安全出行、绿色出行，鼓励乘坐公共交通至赛场。2、请自觉保持停车秩序，所有机动车辆停车入位，按箭头指示同向停车并停（摆）放整齐。3、请自觉维护赛场公共秩序，不携带危险品观赛。4、请自觉爱护公共设施，不践踏破坏花草树木，不破坏草坪、围挡（墙）等公益广告。5、请自觉维护公共卫生，不乱扔杂物烟头、不随地吐痰，应随身携带包装袋放置废弃物，离开时带走，做到“人走场净”。6、请自觉有序文明观赛，衣着要整洁大方，不袒胸露背。7、请自觉使用文明用语，礼貌待人，规范服务。8、请在指定区域观看比赛，不进入警戒区域。9、请尊重裁判员、运动员和志愿者，不口出污言秽语。10、请为运动员文明加油，热情喝彩。从现在做起，从点滴做起从一言一行做起您就是那道最美的风景来源 南海九江编辑：曾昭弘内容分享 ‍点右上角“…”→ 选择【发给朋友】或【分享到朋友圈】查看文章点右上角→查看官方帐号→查看历史消息联系我们电话：13392216068扫一扫即可添加九江公信↓ ↓ ↓九江公信（微信号：jjsqb2013）]]></content>
  <author><![CDATA[九江公信]]></author>
  <time>2018-09-30 06:43:20</time>
  <account><![CDATA[jjsqb2013]]></account>
</data>
