<data>
  <id><![CDATA[51059948]]></id>
  <url><![CDATA[https://mp.weixin.qq.com/s?timestamp=1539596436&src=3&ver=1&signature=Egrj350GoKY8-KUcIJshb2KauDydAoseGXvgx2HUHuz6Hxl4APjKZFfIosR2*oFk3gbFF2VoJy*A1TbSg1Fkgn*bwmAaVPJgoV*rJcaLTyx0LXAo3ndLWJkyTO7QbFMiD9ITsimTCINvmckB2BeoOkikAGZiOftFzI1OkcGmYFQ=]]></url>
  <title><![CDATA[【活动回顾】党建引领“双联系”｜关爱支援团队探访技能培训]]></title>
  <content><![CDATA[佛山本地  最权威  最亲民的服务型社区媒体点击标题下方蓝字  关注街坊们最信赖的朋友内容分享 ‍点右上角“…”→ 选择【发给朋友】或【分享到朋友圈】查看文章点右上角→查看官方帐号→查看历史消息联系我们电话：13392216068扫一扫即可添加九江公信↓ ↓ ↓九江公信（微信号：jjsqb2013）]]></content>
  <author><![CDATA[九江公信]]></author>
  <time>2018-09-28 23:35:21</time>
  <account><![CDATA[jjsqb2013]]></account>
</data>
