<data>
  <id><![CDATA[67882932]]></id>
  <url><![CDATA[https://mp.weixin.qq.com/s?timestamp=1542274839&src=3&ver=1&signature=exT3q1g5TTE2ADc1anrcEzop2GScE4xoljCUFZ1Oi-kEgU*jIevpVR7J7xGo0Yp4uLTxx8X3G70ZONbkxmJIrqjtKMwa-fwP80MC7ZrEBzGNbpFF4DEVjy9UDza7BGQW5gTJKeHMO5CT45As5AOy1Irui4CxRAUPlvKazY5xt3o=]]></url>
  <title><![CDATA[平邑县中医医院召开2018年护士长述职报告会]]></title>
  <content><![CDATA[]]></content>
  <author><![CDATA[]]></author>
  <time></time>
  <account><![CDATA[gh_7d7acb156916]]></account>
  <image><![CDATA[]]></image>
</data>
