<data>
  <id><![CDATA[67933493]]></id>
  <url><![CDATA[https://mp.weixin.qq.com/s?timestamp=1542275075&src=3&ver=1&signature=exT3q1g5TTE2ADc1anrcE*mm1DXHtPq3Hin5D-xP0qL93UlDRE2Mh8N-YwKVxtPsM*IOcj*k*DwiqxiiA-cueC3eWdwKh1ed5XRLcSxmPdcaLFMJZEjcsCpGmWVjrsfAuTIkzULDIHb8kYW3C4HDXbdQI-7bGtW59L-GTedsKxk=]]></url>
  <title><![CDATA[正能量丨边输液边工作，呼市这名医生获点赞无数]]></title>
  <content><![CDATA[近日，一条“医生边输液边工作”文配图的消息在微信朋友圈里发布。消息发布后引起很多微友的热议、点赞。网友纷纷留言：“医生的职业是救死扶伤，可是在遇到自己生病的时候，也会表现出脆弱的一面，带病工作的医生值得所有人敬佩！”记者在这条消息上看到，照片中一位身穿白大褂的女医生背坐着，面前三台电脑中有两台开着，她正在对着电脑工作，不同的是她左手扎着输液器，身旁立着一根输液杆。王雪梅边输液边工作的照片被微友热传记者联系到了微友“相成”，他表示，这张图片是他转发的，并不是他本人拍摄的，拍摄者是到医院进行软件维修的工作人员韩先生拍的，看到韩先生拍下这样的照片，他也被这样认真负责的医生感动，所以转发了这条消息，“相信很多人跟我一样都会为这样的医生点赞。”微友“相成”表示。在微友“相成”的帮助下，记者联系到了照片的拍摄者韩先生。据韩先生介绍，几天前他因为工作原因到内蒙古医科大学附属医院核医学科维修软件，在快要离开的时候，路过一间医生办公室，看见了这位医生输着液还在工作的情景，顿时很感动，急忙用手机拍下了这个画面。韩先生表示，“人在生病时都比较脆弱，所以急需要找医生、家人给予慰籍。但是这名医生却在认真的工作，好像她的工作丝毫没有受到影响，但是可以看出来这位医生看起来不舒服，这样的工作态度，让我对这位医生的工作态度以及医生这个职业有了全新的认识，这让我心里暖暖的。”随后，呼和浩特晚报记者找到了照片中带病输液依旧坚持工作的医生——内蒙古医科大学附属医院核医学科主任王雪梅。走进王雪梅办公室的时候，她正在打电话沟通工作。今年52岁的王雪梅，参加工作已经28年，对于自己边输液边工作的照片被发布到微信朋友圈的事情，她向记者介绍，在医院有很多像她一样生病但还坚持工作的同事，自己之前也有过很多次这样的经历。王雪梅说，“说起核医学科很多人都不了解，核医学科是利用核科学技术和手段对疾病进行诊断和治疗。像我这样一个核医学科的医生，仅一天就需要审查10个PETCT报告，而一个这样的报告，就相当于1000多张片子。同时一天还需要审查ECT报告30到40份。所以工作任务很重。我自身有高血压、高血糖、骨质疏松等多种慢性疾病。这几天骨质疏松病情严重，明显感觉骨头都是疼的，这种情况应该住院治疗，但是手里还有很多工作，所以只能先输液缓解。”王雪梅说：“我是一个医生，所做的事情也是医生的普遍行为，感谢网友和市民对我们医生的理解和关心，任何时候努力工作，都是我们的本分。”来 源：呼和浩特晚报]]></content>
  <author><![CDATA[最美青城]]></author>
  <time>2018-11-14 12:09:38</time>
  <account><![CDATA[hhhtwmw]]></account>
  <image><![CDATA[https://mmbiz.qpic.cn/mmbiz_jpg/mic5tZJKKybmrLenPNtn9mepGQmOxj5n5JS5gE7NBfhMqUzdOicJHO5NmdmFian1MmFarOeHBsTcnCG3MHyXCTQIg/640?wx_fmt=jpeg|https://mmbiz.qpic.cn/mmbiz_jpg/ITxbYwvXicN7EaHGdFiagW1ymtMgECibDOPR5ibwz1VKJO8GckVaU1FGXp5nTLnJdFeZc6AGVIicvMp6ZqxqPrtianvQ/640?wx_fmt=jpeg|https://mmbiz.qpic.cn/mmbiz/mic5tZJKKybngUgyFVRWbicG4MdeicTribQbemiceKU3aJehsbVfhzk1fDYV1bIz4mybfDmpDKBB3Z5Ny2bk9Pdd2icA/640?wx_fmt=jpeg]]></image>
</data>
