<data>
  <id><![CDATA[67933493]]></id>
  <url><![CDATA[https://mp.weixin.qq.com/s?timestamp=1542275075&src=3&ver=1&signature=exT3q1g5TTE2ADc1anrcE*mm1DXHtPq3Hin5D-xP0qL93UlDRE2Mh8N-YwKVxtPsM*IOcj*k*DwiqxiiA-cueC3eWdwKh1ed5XRLcSxmPderSUKMwkFVfWUhM0j*TadvbChYBI75GZeGI2BMoGLNsdHb7WW-E1HfUvCimxC2CSw=]]></url>
  <title><![CDATA[这个季节，大青山里会有哪些“新面孔”？一起来了解一下]]></title>
  <content><![CDATA[“看惯了城市里的钢筋水泥，您是否知道大青山里的碧水柔情？就在刚过去不久的周末，一群热爱越野的人带着对自由和大自然的向往，踏上了探访大青山深处的路途，他们想要在这个季节看看大青山会有哪些“面孔”。记者跟随越野一族的车轮辙印，记录下大青山里少有人探寻的处处美景，用镜头去捕捉我们向往却又不曾踏足的山野。原来，在大青山生态逐步恢复的今天，即便是树叶凋零，即便是枯草漫山，也有着别样的韵味”向着大青山，用自由的心狂奔深山里，一处水沟在夕阳西下时尤为漂亮夕阳下的哈拉沁水库不远处的大青山浅浅地覆盖着一层白雪深山里的蒙古包，万绿丛中一点白落叶松高耸入云对于喜爱越野的骑行者来说，深山里的这条S形路线加上远处的风景，既让人心情愉悦，又能够健康自己驶入白桦林，仿佛一幅油画，在浓墨重彩的青山里显得尤为怡静来 源丨呼和浩特晚报]]></content>
  <author><![CDATA[最美青城]]></author>
  <time>2018-11-14 12:09:38</time>
  <account><![CDATA[hhhtwmw]]></account>
  <image><![CDATA[https://mmbiz.qpic.cn/mmbiz_jpg/mic5tZJKKybmrLenPNtn9mepGQmOxj5n5JS5gE7NBfhMqUzdOicJHO5NmdmFian1MmFarOeHBsTcnCG3MHyXCTQIg/640?wx_fmt=jpeg|https://mmbiz.qpic.cn/mmbiz_png/2WXuZAGYzm3bgL1VJ6JCX4KTDo4NJia2bsc2pGiaiafibuSaaRCiaMNEdxBxWbAlx7cJOBXdOxUG4Ekzibz9PEH1WGtQ/640?wx_fmt=png|https://mmbiz.qpic.cn/mmbiz_jpg/2WXuZAGYzm3bgL1VJ6JCX4KTDo4NJia2blmf5ktgLlqgu0tmgYutdnicqZO3iaZZZYtvcVAuukKDuccUpYLSlHSzQ/640?wx_fmt=jpeg|https://mmbiz.qpic.cn/mmbiz_jpg/2WXuZAGYzm3bgL1VJ6JCX4KTDo4NJia2b0tcRsxg0ytPvRE1hADceVtOQGj5gBTCsrHJFpD6WGWKAMv9pzegJ5Q/640?wx_fmt=jpeg|https://mmbiz.qpic.cn/mmbiz_png/2WXuZAGYzm3bgL1VJ6JCX4KTDo4NJia2biaRrkTPqkHElpsF3lj3FCaneB7mJwO2WlgTKYXWgzKOcGDvkIJlJH7w/640?wx_fmt=png|https://mmbiz.qpic.cn/mmbiz_png/2WXuZAGYzm3bgL1VJ6JCX4KTDo4NJia2bZSPJ0VrMITwYxC1mzMvHnw0nONoE8DodAnPQic51icM8rEZELIicH5qkQ/640?wx_fmt=png|https://mmbiz.qpic.cn/mmbiz_jpg/2WXuZAGYzm3bgL1VJ6JCX4KTDo4NJia2bqlANLc30tqOzpdAZ3R1ns6DSGqcdazO2Rz6ic7gAiahgvnxq75pZH7aQ/640?wx_fmt=jpeg|https://mmbiz.qpic.cn/mmbiz_jpg/2WXuZAGYzm3bgL1VJ6JCX4KTDo4NJia2buAniaMl5GTK4PYibO8NP9RoNs0SFSkvXLyqOXAcLBoxdLP07N3XEibgTg/640?wx_fmt=jpeg|https://mmbiz.qpic.cn/mmbiz_png/2WXuZAGYzm3bgL1VJ6JCX4KTDo4NJia2bzfic353WvbqNg9IgU0icOsicL2FQcvlT6vZgkcKvnjODDkorCOXYT2ETg/640?wx_fmt=png|https://mmbiz.qpic.cn/mmbiz/mic5tZJKKybngUgyFVRWbicG4MdeicTribQbemiceKU3aJehsbVfhzk1fDYV1bIz4mybfDmpDKBB3Z5Ny2bk9Pdd2icA/640?wx_fmt=jpeg]]></image>
</data>
