<data>
  <id><![CDATA[67940280]]></id>
  <url><![CDATA[https://mp.weixin.qq.com/s?timestamp=1542275100&src=3&ver=1&signature=exT3q1g5TTE2ADc1anrcEzYkGEJYqYrOQYnzEydGfEWzCP2oYK83zY4mvGwIC5Cd-SnsU5FLHn-hs38Qa*VyGZ6lx*Xb9xRz6r*I7WqJkdaoogmlrrjrmiZtTC3P1n55F0t5ePZPXwpK5lfQyD3d2S8H7Z9xhz5XLDIdc5BLkfQ=]]></url>
  <title><![CDATA[以诗会友，传承经典]]></title>
  <content><![CDATA[一首诗，传承千年的文化，一首词，诉说万年的情怀。为弘扬传播中华优秀传统文化，由共青团湖南医药学院委员会和人文社科与管理学院主办，我校校学生会学习部和学社联外联部承办的以“传颂经典，筑梦校园”为主题的第五届中华经典诵读大赛决赛于11月9日晚7点在品雅轩举行。马克思主义学院院长赖平教授、国家级普通话测试员蒋于花副教授、团委副书记曹阳副教授等老师以及各学院的团总支书记和部分学生到场观看。有这样的一首诗，虽满眼生坚怪字，却仍令人如痴如醉，有这样的一首词，虽凄婉悲凉，却绵长悠远，那就是我们至今仍然熟知的《蜀道难＋青玉案》，婀娜多姿的舞蹈加气势磅礴的朗诵为此次决赛拉开了帷幕。（继续教育学院代表队《蜀道难+青玉案》）杏花烟雨的水墨江南，大漠孤烟的塞北雪乡，那是我们的《南方与北方》，字里行间都展现着我国的大好河山。（药学院代表队《南方与北方》）《人民万岁》《我爱你，中国》《青春中国》《我的祖国》，每首诗词里慷慨激昂的文字，让全场的每个人都感受到了炎黄子孙的家国情怀，“此生无悔入华夏，来生还做中国人”的呐喊，无不让在场每个人的爱国热血在心中沸腾。（口腔医学院代表队《我的祖国》）恭敬礼让，扶手作揖，一首《礼仪之邦》让品雅轩充满了专属于中国的韵味。以戏曲腔调呈现的《青莲剑歌》惊艳全场，更加赢得阵阵欢呼与掌声。（检验医学院代表队《礼仪之邦》）（医学院2队《青莲剑歌》）大赛结束，蒋于花副教授对朗诵节目进行点评：“此次大赛的诗词题材丰富、学生选材经典、诗词呈现的形式多样，给在座的师生献上了经典的盛宴。”“诗可以兴，可以观，可以群。”我们以诗会友感受诗词中的气壮山河，感受诗人笔下跌宕起伏的情感，感受诗词的万紫千红，让中华经典的万世情怀流淌在我们每个人的血液之中，愿五千年的文化血脉永久传承！获奖名单口腔医学院队的《我的祖国》和医学院2队的《青莲剑歌》同以9.54的高分摘得此次比赛桂冠。一等奖二等奖三等奖-湖南医药学院大学生通讯社-官方微信 | hnmu0745官方QQ | 2179227980官方微博 | 湖南医药学院投稿邮箱 | 3472242524@qq.com摄 影 | 学通社 唐光治 实习记者 杜泽华 叶童撰 稿 | 学通社 姜秀雨  实习记者 徐罡采 访 | 实习记者 陈雨栀 徐罡编 辑｜学通社  陈金浪审 核｜罗德发]]></content>
  <author><![CDATA[湖南医药学院]]></author>
  <time>2018-11-13 21:10:20</time>
  <account><![CDATA[hnmu0745]]></account>
  <image><![CDATA[https://mmbiz.qpic.cn/mmbiz_jpg/c921hxvlac8GZkLibaJTMib2AETZC6RKgvOMOADt56XiblBgHAcqdLj6LSPlANHJiayiaSaiavFqG5jVo3wsThzjyuzQ/640?wx_fmt=jpeg|https://mmbiz.qpic.cn/mmbiz_jpg/c921hxvlac9RbnfM7n45iaWxGgC3XCvKVybicLp6GJpFmMogwSCiaZib6oFg4xaMvCB3pnfY0u1pu8kK27gG5JBGiag/640?wx_fmt=jpeg|https://mmbiz.qpic.cn/mmbiz_jpg/c921hxvlac9RbnfM7n45iaWxGgC3XCvKViar51QIqmavFJaiaRlVkUAZY9NDEQ4mNNLSrjDNjd46IsM1DscqOmyPw/640?wx_fmt=jpeg|https://mmbiz.qpic.cn/mmbiz_jpg/c921hxvlac9RbnfM7n45iaWxGgC3XCvKVrEqdicibO6HwoibG0Y7WuvmAsiaUKWztuiboictAEG4Cchszia6LCyX7XPkHQ/640?wx_fmt=jpeg|https://mmbiz.qpic.cn/mmbiz_jpg/c921hxvlac9RbnfM7n45iaWxGgC3XCvKVL3hwAxf09Qeh3DLnia9KpF604sHXBCiayRABWfKBqIicuGVVxmMyc2IMg/640?wx_fmt=jpeg|https://mmbiz.qpic.cn/mmbiz_jpg/c921hxvlac9RbnfM7n45iaWxGgC3XCvKVEwVRLa1wxFAfZiahHDOhFlE6JVuyn7ROqazOTia3LTNe9cXWAhtlnyicw/640?wx_fmt=jpeg|https://mmbiz.qpic.cn/mmbiz_jpg/c921hxvlac9RbnfM7n45iaWxGgC3XCvKV5xSPCVGBrruMxpbzFrWI0O1gicy8ewRbkJTEQbscJGRyARwD9EW7NJA/640?wx_fmt=jpeg|https://mmbiz.qpic.cn/mmbiz_jpg/c921hxvlac9RbnfM7n45iaWxGgC3XCvKVYAQgm0kYTm6EeExEPoIUEcXt1NLLYXf7HKJrAEGt9d36MWY6VSVmyg/640?wx_fmt=jpeg|https://mmbiz.qpic.cn/mmbiz_jpg/c921hxvlac9RbnfM7n45iaWxGgC3XCvKVuBibsmI9cahqoaJVfaiauPhMJ3jMeblrMvJmq9t2k4XHcc88kibaR0aKw/640?wx_fmt=jpeg|https://mmbiz.qpic.cn/mmbiz_jpg/c921hxvlac9RbnfM7n45iaWxGgC3XCvKVz8uv7e1vicDk9icvV5Cty3xdDFU3YWVbdXomeAKt1PFB6pjdQOFqnc8g/640?wx_fmt=jpeg|https://mmbiz.qpic.cn/mmbiz_gif/c921hxvlacib9FAWfRMD4sHQoSesJuVtia9L5ibiciav0SbPvKsEmYEGTX8BE8SmPwt7sQZYctYIXHu3EGXID5mFMxw/640?wx_fmt=gif|https://mmbiz.qpic.cn/mmbiz_jpg/c921hxvlacib9FAWfRMD4sHQoSesJuVtiaeP0n6TvL7ibL3o5ibV0IW6UyxhiazR2ZsAwgz1mGbqbP5Vn17nmLKoYTQ/640?wx_fmt=jpeg]]></image>
</data>
