<data>
  <id><![CDATA[67933493]]></id>
  <url><![CDATA[https://mp.weixin.qq.com/s?timestamp=1542275075&src=3&ver=1&signature=exT3q1g5TTE2ADc1anrcE*mm1DXHtPq3Hin5D-xP0qL93UlDRE2Mh8N-YwKVxtPsM*IOcj*k*DwiqxiiA-cueG8XrKUGLidzIa8e6A*BVvJc8b84zRnjeGwluoJnMyplv*MuBZtloY4SNsECRl6wyvP8BOxDOsFgQhwtdlzlAqQ=]]></url>
  <title><![CDATA[用生命书写绿色传奇！和林格尔人追梦不止……]]></title>
  <content><![CDATA[核心提要从1982年起，一代接着一代（三代）干的白二爷沙坝人披星戴月、战天斗地，将昔日黄沙漫漫、寸草不生的12万亩“魔鬼大三角”改造成如今的北疆林海屏障，成为全国闻名的防沙治沙典范。他们用实际行动诠释着绿水青山就是金山银山的理念，铸就了“牢记使命、实干担当、科学求实、绿色筑梦、久久为功”的白二爷沙坝精神，引领着和林格尔县广大干部群众向着绿色发展模式不断迈进，锻造了一个又一个生态文明建设的生动范例，不断在传承中坚守绿色林海中的红色使命。治沙坚守 谱写“荒原变绿野”白二爷沙坝位于和林格尔县新红乡境内，东西长27里，南北宽22里，面积达12万亩，是一条沙漠带，属库布齐沙漠东南延伸部分，流沙以每年3至5米的扩大速度吞没周边农田和村庄。一阵黄风，不分昏与昼。枯黄一度成为和林格尔白二爷沙坝的底色。1982年，时任和林格尔县县长的云福祥带领120名治沙队员走进白二爷沙坝，走进沙漠,在黄沙扑面、白日惨淡的沙漠里筑起了“世外桃源”。而今，荒凉远去，8.5万亩流动、半流动沙丘和3.5万亩水土流失面积得到有效治理。白二爷沙坝彻底改头换面，成为遍地染绿的北疆明珠。上世纪白二爷沙坝如今的白二爷沙坝（绿色缚住漫漫黄沙）15年治沙的时间里，治沙工程队克服重重困难，把工程措施与生物措施相结合，乔灌草相结合，运用乔木和灌草前挡后拉，秸秆深埋、栽植杨树和冒雨点种柠条等系列技术模式，将白二爷沙坝改头换面。如今的“绿海”来之不易，回首过往，从黄沙到绿草，他们的脚步从未停下......（女子治沙队）不管刮风下雨，治沙任务从不停止一次60斤的树苗，是重量更是担在肩上的重任艰苦的生活条件，也抵挡不了治沙的决心坚守和传承，是他们热爱这片土地最真切的方式从风华正茂到知命之年30年转瞬即逝如今他们扎根在白二爷沙坝前路漫漫 需“上下而求索”（和林格尔：绿满大地 万象更新）白二爷沙坝不忘初心、艰苦奋斗的治沙精神影响着一代又一代和林格尔人。从2000年起，和林格尔县先后启动实施了和林格尔盛乐经济开发区园区绿化工程、城关北山生态工程、大南山生态旅游建设等工程。 如今，全县造林绿化总面积达到220万亩，森林面积180万亩。全县的森林覆盖率上升了17个百分点。而生态美也带动百姓富，如今，蒙牛、蒙羊等从事食品加工企业将绿色生态全产业链带进了和林格尔，蒙草、蒙树等一批致力于生态修复、良种育苗的企业驻扎在了和林格尔。绿水青山就是金山银山前路漫漫追梦不止和林格尔人将继续为这片土地披上美丽“外衣”书写绿色传奇！来 源：呼和浩特市广播电视台、呼和浩特融媒体传播中心]]></content>
  <author><![CDATA[最美青城]]></author>
  <time>2018-11-13 14:25:28</time>
  <account><![CDATA[hhhtwmw]]></account>
  <image><![CDATA[https://mmbiz.qpic.cn/mmbiz_jpg/mic5tZJKKybmrLenPNtn9mepGQmOxj5n5JS5gE7NBfhMqUzdOicJHO5NmdmFian1MmFarOeHBsTcnCG3MHyXCTQIg/640?wx_fmt=jpeg|https://mmbiz.qpic.cn/mmbiz_jpg/n9T8miaDnicDtKSOAA1vibOtKa2L7t6OL7tEOry0jPOm8x24a2J73grg8IZ0q32zkqR8rMppUJjIOrOCcAySWibwaA/640?wx_fmt=jpeg|https://mmbiz.qpic.cn/mmbiz_png/n9T8miaDnicDtYs7rcOwEpQiapLdO9YZFKhrrwrTldQlnWIbhXbhqyB2Zvr5OgxPcC3vyovvxGYbic2PMOWoTXnKAQ/640?wx_fmt=png|https://mmbiz.qpic.cn/mmbiz_png/n9T8miaDnicDtYs7rcOwEpQiapLdO9YZFKhNwNtsqCQ3nJhKdYE3Cvq5jQUdbXOL78FSc4QjawViakKtqBJbIYfKJg/640?wx_fmt=png|https://mmbiz.qpic.cn/mmbiz_png/n9T8miaDnicDtYs7rcOwEpQiapLdO9YZFKhhGmzB6GvQ6Tt92rlW41FmGFj22gokn11Mj9s4ibJ543XKOTfFY4lOwg/640?wx_fmt=png|https://mmbiz.qpic.cn/mmbiz_jpg/n9T8miaDnicDtYs7rcOwEpQiapLdO9YZFKhpx3VHIqMEJwkeqOoichvzfcxcyZ244QtyQCwGCWOibo1xtCjtKk2xKrA/640?wx_fmt=jpeg|https://mmbiz.qpic.cn/mmbiz_jpg/n9T8miaDnicDtYs7rcOwEpQiapLdO9YZFKhvP6ubDvFlFd2548Gw4FLmkQ9gXckYeWWv9qNGcwoibA5IcBWQ6FkU7g/640?wx_fmt=jpeg|https://mmbiz.qpic.cn/mmbiz_jpg/n9T8miaDnicDtYs7rcOwEpQiapLdO9YZFKhpEsG7MbaMsdckvD632ELzXEuSLQPqVa0YQuibRbMrRv9YHxxs2ia69Dw/640?wx_fmt=jpeg|https://mmbiz.qpic.cn/mmbiz_jpg/n9T8miaDnicDtYs7rcOwEpQiapLdO9YZFKh1f8ZW7ywgXOkF2JrxKM5ia2uqnzNnibSrCnKhWfbKN9DB0ibUoLbjypdw/640?wx_fmt=jpeg|https://mmbiz.qpic.cn/mmbiz_jpg/n9T8miaDnicDtYs7rcOwEpQiapLdO9YZFKhgfyGNmiay52JUsFiaicNP7o8ktOZ3hV4uV0yBrLKPWarPshwVQ0qGiac9Q/640?wx_fmt=jpeg|https://mmbiz.qpic.cn/mmbiz_jpg/n9T8miaDnicDtYs7rcOwEpQiapLdO9YZFKhUiab8tj6OlicoM4jVtKR9KWYMDxicAheicoGrJwYRelIm2qaUicBaamSaHA/640?wx_fmt=jpeg|https://mmbiz.qpic.cn/mmbiz_png/n9T8miaDnicDtYs7rcOwEpQiapLdO9YZFKhoZoSQPpwNKKpoSuz90CWGQibKzudztHJbcvkHkJ5GCgpYZrQZyHz3lA/640?wx_fmt=png|https://mmbiz.qpic.cn/mmbiz_jpg/n9T8miaDnicDtYs7rcOwEpQiapLdO9YZFKh5jOwzQEKNziajHe0o2Lw9tthOWARibBrHV9lEozOM1nnIOGH9pcr7JhA/640?wx_fmt=jpeg|https://mmbiz.qpic.cn/mmbiz_jpg/n9T8miaDnicDtYs7rcOwEpQiapLdO9YZFKh0v02la4QpyLAvWSMYBfIqlibeW0PAS6Y6ickEKZzzeURVibWIMz5Hv2Ng/640?wx_fmt=jpeg|https://mmbiz.qpic.cn/mmbiz/mic5tZJKKybngUgyFVRWbicG4MdeicTribQbemiceKU3aJehsbVfhzk1fDYV1bIz4mybfDmpDKBB3Z5Ny2bk9Pdd2icA/640?wx_fmt=jpeg]]></image>
</data>
