<data>
  <id><![CDATA[68021532]]></id>
  <url><![CDATA[https://mp.weixin.qq.com/s?timestamp=1543904661&src=3&ver=1&signature=1ZFzb0Y5XP4N4to3UUDBX9CaW7ErMkGFAcYnZZ1507*gqv-yXeuRTPvyGq4w6y9UcQBiseGygxIs*qZBipXVfsWSFDDddOhHi3vzzB**soxLt2nyadpw6K6IFHGE1Z4WaXpQtC56A*NEtyOPLGB7SUQ10iofwIenmiXeHU5i37g=]]></url>
  <title><![CDATA[年终购房钜惠89折恒大约你游欧洲]]></title>
  <content><![CDATA[地址：哈西客站西南直线距离约700米处（西站大街与发展大道交会处）电话：0451-51116666------   END  ------本广告相关文字，图片以及建筑设计效果图是对项目所做的示意表现，仅供参考，最终标准详见政府相关部门批准文件，图则。经政府批准的详细规则以销售现场公示为准，敬请查看。本资料为要约邀请，买卖双方的权利义务以双方签订的《商品房买卖合同》为准。相关内容如有更新，请以最新资料为准，本广告对该项目周边道路规划，环境，交通，公共设施文字介绍，皆在提供相关信息，绝不构成任何表述，承诺或保证，最终以政府批准文件及双方合约为准，本广告相关面积段均为建筑面积，最终计算面积以房管局测绘面积为准。1、本广告相关文字、图片以及建筑设计效果图是对项目所做的示意表现，仅供参考，本资料为要约邀请，买卖双方的权利以及义务以双方签订的《商品房买卖合同》为准。2、关于无理由退房：客户已履行《楼宇认购书》、《商品房买卖合同》的各项义务，并且无任何违约行为，则自签署《商品房买卖合同》至办理入住手续前的任何时间，均可无理由退房，详情请参考购房现场的《无理由退房协议》。3、本广告相关面积段均为建筑面积，最终计算面积以房管局测绘面积为准。4、本广告对该项目的周边道路规划，环境，交通，公共设施文字介绍，旨在提供相关信息，绝不构成任何表述、承诺或保证，最终以政府批准文件及双方合约为准。5、世界500强出处说明：2017年7月由《财富》杂志评选世界500强企业排行榜。6、投资方：恒大集团，开发商：哈尔滨市佳业房地产开发有限公司。部分图片来源于互联网，主要目的在于分享信息，版权归原作者所有，如有侵犯您的权益或版权请及时告知我们，我们将在24小时内删除。]]></content>
  <author><![CDATA[哈尔滨恒大珺庭]]></author>
  <time>2018-12-04 09:22:02</time>
  <account><![CDATA[haerbinhengdajunting]]></account>
  <image><![CDATA[https://mmbiz.qpic.cn/mmbiz_jpg/q0SEKRTROqSNSeCowicNGNSbQyAxRsMvAM4Wzso7c8uh6kyWW2QopkxXpoAVbqqcPXia11Z5nYNhPBwOmzlGvAxA/640?wx_fmt=jpeg|https://mmbiz.qpic.cn/mmbiz_png/q0SEKRTROqQI7nstia8vcLSnLouMjukc52AIbn1cOuLeU1MYo9gib50pA15ASH1DRouL5JDz7hALQXA1YRaaiahdA/640?wx_fmt=png]]></image>
</data>
