<data>
  <id><![CDATA[51505022]]></id>
  <url><![CDATA[https://mp.weixin.qq.com/s?timestamp=1539596610&src=3&ver=1&signature=Egrj350GoKY8-KUcIJshb4AxJ7PIsV9FYisZHvHDYVWiJfu5g45YdbDKSGVcpE9NbjIGUciuypQdQGnvZKmIKtas7sxVF4rygacksQXUigd31F6rvfNdjXsh4nWUsrGv-s3ddzxKKMdnVeqgEpT4cZU*TsBF6acbTgboebuXKP4=]]></url>
  <title><![CDATA[菏泽市第六批市级非遗50多项名单公示！看单县占几项！]]></title>
  <content><![CDATA["单县信息港"免费观看更多精彩内容商务合作请联系小编微信189799800日前，根据《中华人民共和国非物质文化遗产法》、国务院《关于加强文化遗产保护的通知》和省、市有关文件精神，为有效保护和传承非物质文化遗产，菏泽市第六批市级非物质文化遗产代表性项目申报工作，经评审委员会专家认真评审，拟定了第六批非物质文化遗产推荐项目名单，共计52项，现予以公示。附件： 菏泽市第六批市级非物质文化遗产推荐名录（新入选项目，共计33项）一、民间文学（1项）序号编号项目名称保护单位162Ⅰ-18冉子传说定陶区文化馆二、传统舞蹈（1项）序号编号项目名称保护单位163Ⅲ龙灯舞鄄城县文化馆三、曲艺（1项）序号编号项目名称保护单位164Ⅴ-11梨花大鼓巨野县文化馆四、传统戏剧（1项）序号编号项目名称保护单位165Ⅳ-11柳琴戏单县文化馆五、传统体育、游艺与杂技（3项）序号编号项目名称保护单位166Ⅵ-23关东炮捶曹县关东炮捶武术协会167Ⅵ-24太祖洪拳鄄城县文化馆168Ⅵ-25状元大刀郓城县文化馆六、传统美术（5项）序号编号项目名称保护单位169Ⅶ-18指画曹县文化馆170Ⅶ-19缪篆书法巨野县文化馆171Ⅶ-20微写书卷巨野县文化馆172Ⅶ-21郓城传统彩粉画郓城县文化馆173Ⅶ-22曹州麦秆画菏泽市工艺美术协会七、传统技艺（13项）序号编号项目名称保护单位174Ⅷ-36曹县蒸碗制作技艺曹县致宽堂美食城175Ⅷ-37皮影制作技艺曹县任家班皮影传统文化有限公司176Ⅷ-38麦芽糖制作技艺曹县帅华食品有限公司177Ⅷ-39红薯粉条制作技艺东明县文化馆178Ⅷ-40花馍制作技艺东明县文化馆179Ⅷ-41糖画制作技艺（唐氏糖画制作技艺、糖画制作技艺）东明县文化馆成武县文化馆180Ⅷ-42谢集罐子汤巨野县文化馆181Ⅷ-43聚同木梳制作技艺鄄城县文物管理所182Ⅷ-44羊毛编制技艺鄄城县永铭地毯公司183Ⅷ-45曹州耿饼牡丹区文化馆184Ⅷ-46郓城西瓜酱制作技艺郓城县文化馆185Ⅷ-47王屯冰红糖传统制作技艺郓城县文化馆八、传统医药（7项）序号编号项目名称保护单位186Ⅸ-13面瘫牵正膏制作技艺云涛牵正膏门诊187Ⅸ-14邹氏挑针疗法菏泽市中医医院188Ⅸ-15风湿骨关节病消痛贴单县文化馆189Ⅸ-16马仁堂鲁黑膏单县文化馆190Ⅸ-17愎盛永痹通热宝传统制作技艺郓城县文化馆191Ⅸ-18任氏怀德堂膏药郓城县文化馆192Ⅸ-19朱明武杨氏吹喉疗法菏泽开发区辛集宪恩诊所九、民俗（1项）序号编号项目名称保护单位193Ⅹ-12吉祥寺庙会成武县文化馆（扩展项目，19项）一、曲艺（4项）序号编号项目名称保护单位88Ⅴ-7坠子曹县文化馆22Ⅴ-1山东琴书曹县文化馆牡丹区文化馆23Ⅴ-2山东花鼓曹县文化馆二、传统戏剧（1项）序号编号项目名称保护单位20Ⅳ-4柳子戏巨野县文化馆三、传统体育、游艺与杂技（3项）序号编号项目名称保护单位61Ⅵ-7二郎拳曹县洪拳协会141Ⅵ-19掌洪拳（定陶掌洪拳）定陶区文化馆91Ⅵ-12梅花拳（曹州梅花拳）牡丹区文化馆四、传统美术（2项）序号编号项目名称保护单位147Ⅶ-17烙画（曹县烙画）曹县文化馆66Ⅶ-6木雕（菏泽木雕）牡丹区文化馆五、传统技艺（5项）序号编号项目名称保护单位154Ⅷ-34糕点制作技艺（隆盛昌糕点制作技艺）定陶区文化馆98Ⅷ-15传统酿酒技艺（老泥池酒传统酿造技艺）山东菏泽天香酒业有限公司151Ⅷ-31阿胶生产传统技艺（鲁润阿胶传统制作技艺）山东鲁润阿胶药业有限公司69Ⅷ-9烧牛肉制作技艺（徐家满当烧牛肉）成武县文化馆101Ⅷ-18烧鸡制作技艺（陶城王老味柴烧鸡）菏泽开发区二峰烧鸡店六、传统医药（4项）序号编号项目名称保护单位129Ⅸ-3中医眼药（李庄眼药）定陶区文化馆74Ⅸ-2中医正骨疗法（支氏正骨、德源堂正骨膏）东明县文化馆单县文化馆131Ⅸ-5中医带状疱疹疗法（任氏带状疱疹外敷疗法）鄄城县文物管理所]]></content>
  <author><![CDATA[单县信息港]]></author>
  <time>2018-10-05 10:01:47</time>
  <account><![CDATA[shanxian369]]></account>
</data>
