<data>
  <id><![CDATA[51505022]]></id>
  <url><![CDATA[https://mp.weixin.qq.com/s?timestamp=1539596610&src=3&ver=1&signature=Egrj350GoKY8-KUcIJshb4AxJ7PIsV9FYisZHvHDYVWiJfu5g45YdbDKSGVcpE9NbjIGUciuypQdQGnvZKmIKtas7sxVF4rygacksQXUigcCwes8qZprlW1DHaBJMkbLYUqm2TjYFVUNu3VZHY3CHyd3jkBgFfTLjKX3mhZrbsI=]]></url>
  <title><![CDATA[如果不考虑钱，你会选择住在单县还是菏泽市区？]]></title>
  <content><![CDATA[住单县还是住菏泽？这是一个问题在回答这个问题之前，我们先看一组数据：清华大学与斯坦福大学的五位学者研究了中国的城市青年和农村青年考上大学的几率，他们发现在2003年，城市青年上普通大学的几率，是农村青年的8倍；上北大和清华的几率，是农村青年的43倍。需要注意的是，这里所说的农村青年是包含县级及县级以下的高中生。2013年，北京大学首次公布了该校的农村生源比例：招收本科生3154名，农村生比例达14.2%，较2012年还增长了1.7%。校方此举，意在表示北大的农村生源比例在逐年增长，北大在教育公平方面取得了长足的进步。可是，你不觉得，14.2%的比例太低了么？为什么“寒门再难出贵子？”目前，城市与农村、县城教育差距仍然非常大。从幼儿园、小学、初中、高中教育看，师资水平都和城市相差甚远。这种教育基础的薄弱，教育水平的相对落后，使农村或者县城的学生可以说输在起点，又慢在途中，因此很难出现考上清北的顶尖生。教育水平的差距，意味着，起跑线已经完全不同。如果，从给孩子更好的教育方面来说，更多的人会选择住在菏泽市区，享受更好的幼儿园、小学、初中、高中教育，在阶层越来越固化的时代避免落后于人。医疗资源差距太多！和县城相比，城市占据了更多的医疗资源。无论是医疗设备、医院规模、软硬件的设施以及医生及护理的水平上，城市都全面领先。在对待不同年龄段的病患也会根据不同的身体条件细分治疗，避免出现治疗儿童时使用成人疗法等不安全的情况。从给家人更好的医疗保障方面来说，住在菏泽市区是更好的选择。更便捷的交通！和单县相比，菏泽市区拥有更便捷的交通。火车站、汽车站四通八达，出行十分便利。高铁、飞机场也在火热建设中，预计也将在三年内相继投入使用，届时，菏泽的交通优势将继续提升。对比来说，单县尚不具备这样的优势。住在菏泽，日后孩子上学、假日出游等更加便捷，从交通上来看，菏泽也更胜一筹。更多样的购物环境银座和谐广场、万达广场、新苏天美，君临国际、大润发、康庄服装市场、各类家居建材市场等等，都为市民的购物提供了更多样的选择。购物是提升生活品质以及愉悦精神的最好方式，住在市区，享受多样的购物环境和体验。如果喜欢购物也应该选择住在菏泽。更多的发展机会根据山东省及菏泽市规划，菏泽将被打造成为鲁西南区域的中心城市。政府大力支持下，菏泽潜力将更加无穷。居住在菏泽意味着有更多的发展机会，无论是就业还是创业，菏泽都能给予你更多的机会。目前菏泽在快速发展时期，各项事业都在起步阶段，安家在城区，才能更好的抓住机会。所以，从孩子的教育、老人的医疗保障、爱人的购物环境、家人的出行以及自身的发展来看，住在菏泽市区都是不错的选择。所以，为什么不选择多花2万，住在菏泽呢？多花2万，住菏泽名门世家位于菏泽市人民路与长江路交汇处的名门世家小区，可以满足你对美好生活的所有要求。交通便利——坦荡回家路人民路与长江路是菏泽目前最具生机与活力的两条城市主干道，同时也是定陶、成武、单县、曹县往返菏泽城区的必经之路，每天由菏泽汽车站发往这几个县城的车辆多达数十班次，从家门口即可乘车；而且，名门世家公交站点是菏泽枢纽公交站点之一，12路、13路、22路、26路、48路共计5条公交线路可通达全城，而且项目距离火车站只有两分钟的车程。即方便又快捷；另外，菏泽机场高铁开通在即，长江路向东10分钟车程即可到达菏泽未来机场、高铁所在地。因此，名门世家相比其他项目拥有更加明显的交通优势。学校、医院、购物中心环伺名门世家周边配套众多，小区南门对面的开发区实验小学，市实验中学，开发区中心医院，开发区人民广场及公园、万达广场，新苏天美，银座购物中心等菏泽城区目前及未来的顶级生活配套均在7分钟步行里程范围内，无需开车，也免去了寻找停车位的烦恼。而且，根据2017年度市政规划，紧挨项目南侧位置将建设200亩的城市生态绿地，恣意盎然的天然氧吧，也近在眼前。12年一站式教育配套+顶级生活配套+城市绿肺=名门生活。示意图示意图国庆特惠6188元/㎡起国庆期间推出部分特价房低至6188元/平米。97-130平米两室，三室户型分秒递减中。电话：0530-3916666营销中心：菏泽市人民路与长江路交汇处名门世家北大门西侧]]></content>
  <author><![CDATA[单县信息港]]></author>
  <time>2018-10-05 10:01:47</time>
  <account><![CDATA[shanxian369]]></account>
</data>
