<data>
  <id><![CDATA[51505022]]></id>
  <url><![CDATA[https://mp.weixin.qq.com/s?timestamp=1539596610&src=3&ver=1&signature=Egrj350GoKY8-KUcIJshb4AxJ7PIsV9FYisZHvHDYVWiJfu5g45YdbDKSGVcpE9NbjIGUciuypQdQGnvZKmIKk3dBiFCltSfelzsBZ5*bw*4FTkG3hLgSiYWUjS*gYlDNJU6QiCicOfbWNvrB8P*D1cSCoIJhF*A9eFDg1*lQr0=]]></url>
  <title><![CDATA[单县一小学生和家人置气，离家出走……]]></title>
  <content><![CDATA["单县信息港"免费观看更多精彩内容商务合作请联系小编微信1897998003日，单县终兴镇一男孩，因和家里人生气离家出走，家人心急如焚！单县雷锋救援队和多位好心人联手寻找，在凌晨时分终于找到孩子。据张瑞飞介绍，男孩是终兴镇中心小学二年级学生，3日因和家里生气离家出走，家人一直没有找到。“晚上八点接到东支队队长杨磊的信息，雷锋义务救援队的队友们赶紧报备，从县城出动10多名雷锋队员。”张瑞飞称，从县城到事发村距离25公里，队员们丢下正吃饭的碗筷急聚一起，火速前往事发地！帮助家人寻找！“一直找到晚上10点也没有找到的情况下，又急增加人员。”救援队员王可珍称，为了自身安全，女队员晚上10点以后，是不允许出队的，可是女队员看到信息后，同样驱车前往事发地。救援队员和孩子所在村负责人以及好心村民一起地毯式收索！终于在晚上12点多的时候，将孩子找到，大家一颗悬着的心终于落地了。]]></content>
  <author><![CDATA[单县信息港]]></author>
  <time>2018-10-06 08:14:00</time>
  <account><![CDATA[shanxian369]]></account>
</data>
