<data>
  <id><![CDATA[51505022]]></id>
  <url><![CDATA[https://mp.weixin.qq.com/s?timestamp=1539596610&src=3&ver=1&signature=Egrj350GoKY8-KUcIJshb4AxJ7PIsV9FYisZHvHDYVWiJfu5g45YdbDKSGVcpE9NbjIGUciuypQdQGnvZKmIKsoxarG-Uucn3ZqHt5LTxW5UmaLg73*BQS*knAm1t4YTEkcuZAY*gwILxs-Zo0oJB3AoqBmDtqYGpTLl3YUcZvA=]]></url>
  <title><![CDATA[单县一乡镇上榜！山东启动乡村振兴“十百千”工程！]]></title>
  <content><![CDATA["单县信息港"免费观看更多精彩内容商务合作请联系小编微信189799800记者10月10日从山东省发改委获悉，根据全省乡村振兴战略规划部署要求，为打造乡村振兴齐鲁样板的示范标杆，探索乡村振兴新模式、新机制、新路径，11个部门联合印发了示范创建工作通知及实施方案，全面启动了乡村振兴“十百千”工程。此次筛选的乡村振兴“十百千”示范县、乡、村，坚持区域布局、优中选优的原则，着力打造不同区域特色、不同发展类型的示范标杆。一是突出地域差异、科学布局。针对东中西不同地区资源禀赋、产业基础、区位优势等，鼓励探索平原、山区、库湖区等各具特色的乡村振兴路径，注重差异化布局。二是坚持统筹兼顾、彰显特色。既统筹推进“五个振兴”，又突出产业、生态、文化等特色优势，确保重点突破，充分发挥示范带动作用。三是注重项目推进、夯实支撑。在明确实施乡村振兴战略时间表、路线图和任务书的同时，根据示范创建工作需要，强化支撑保障措施，抓好重点项目建设，确保有项目、有抓手、可操作。经各市择优推荐上报、省直联合审查，最终确定在邹城市等10个县（市、区）、平阴县玫瑰镇等100个乡（镇、街）、商河县龙桑寺镇刘集村等1000个村，开展示范创建工作，着力探索打造乡村振兴齐鲁样板的多元模式和成功经验，以点带面推动全省乡村振兴战略健康有序进行。示范县（10个）邹城市，诸城市，新泰市，荣成市，平度市，阳信县，蒙阴县，鄄城县，沂源县，济南市章丘区。示范乡（100个）济南市：平阴县玫瑰镇，长清区万德街道，商河县玉皇庙镇，南部山区西营镇，济阳区垛石镇；青岛市：莱西市店埠镇，即墨区移风店镇，胶州市里岔镇，莱西市沽河街道；淄博市：高青县青城镇，淄川区双杨镇，淄川区龙泉镇，桓台县起凤镇，博山区石马镇，周村区南郊镇；枣庄市：滕州市西岗镇，山亭区桑村镇，峄城区古邵镇，山亭区北庄镇；东营市：广饶县大王镇，利津县北宋镇，东营区龙居镇，东营区史口镇，垦利区董集镇；烟台市：莱阳市姜疃镇，福山区门楼镇，莱州市金仓街道，招远市蚕庄镇，蓬莱市大辛店镇，牟平区龙泉镇，栖霞市亭口镇，龙口市徐福街道；潍坊市：安丘市辉渠镇，昌邑市龙池镇，寿光市纪台镇，昌乐县红河镇，临朐县蒋峪镇，寒亭区固堤街道，青州市弥河镇，坊子区坊安街道，峡山区岞山街道；济宁市：兖州区小孟镇，嘉祥县纸坊镇，泗水县圣水峪镇，曲阜市尼山镇，金乡县鱼山街道，微山县微山岛镇，任城区唐口街道，汶上县郭楼镇；泰安市：肥城市汶阳镇，东平县接山镇，肥城市潮泉镇，岱岳区祝阳镇，宁阳县蒋集镇；威海市：文登区张家产镇，临港区汪疃镇，南海新区小观镇，文登区高村镇，环翠区羊亭镇，乳山市海阳所镇；日照市：五莲县松柏镇，岚山区巨峰镇，五莲县叩官镇，东港区西湖镇，莒县招贤镇；莱芜市：莱城区口镇，莱城区羊里镇，农高区寨里镇；临沂市：沂水县院东头镇，蒙山旅游度假区柏林镇，沂南县铜井镇，临沭县曹庄镇，费县薛庄镇，平邑县温水镇；德州市：乐陵市朱集镇，禹城市辛店镇，庆云县尚堂镇，德城区黄河涯镇，齐河县赵官镇，夏津县苏留庄镇，临邑县宿安乡；聊城市：茌平县贾寨镇，莘县朝城镇，东阿县牛角店镇，冠县范寨镇，高唐县尹集镇，临清市康庄镇，东昌府区堂邑镇；滨州市：博兴县吕艺镇，惠民县胡集镇，无棣县信阳镇，滨城区杨柳雪镇，邹平市焦桥镇；菏泽市：牡丹区李村镇，巨野县龙堌镇，单县郭村镇，开发区陈集镇，曹县青堌集镇，郓城县张营镇，成武县汶上集镇。来源：大众日报]]></content>
  <author><![CDATA[单县信息港]]></author>
  <time>2018-10-11 14:27:46</time>
  <account><![CDATA[shanxian369]]></account>
</data>
