<data>
  <id><![CDATA[51505022]]></id>
  <url><![CDATA[https://mp.weixin.qq.com/s?timestamp=1539596610&src=3&ver=1&signature=Egrj350GoKY8-KUcIJshb4AxJ7PIsV9FYisZHvHDYVWiJfu5g45YdbDKSGVcpE9NbjIGUciuypQdQGnvZKmIKtas7sxVF4rygacksQXUigdjm9CE1WV4bi3qDCfUwoUIfTCwPCV*OSWJCN6RViXUdpgxUeBYG3bXlBvC*uxuwnk=]]></url>
  <title><![CDATA[菏泽一男子车祸死亡赔付70万，钱未到账，老婆女儿已反目！]]></title>
  <content><![CDATA["单县信息港"免费观看更多精彩内容商务合作请联系小编微信189799800]]></content>
  <author><![CDATA[单县信息港]]></author>
  <time>2018-10-05 10:01:47</time>
  <account><![CDATA[shanxian369]]></account>
</data>
