<data>
  <id><![CDATA[51505022]]></id>
  <url><![CDATA[https://mp.weixin.qq.com/s?timestamp=1539596610&src=3&ver=1&signature=Egrj350GoKY8-KUcIJshb4AxJ7PIsV9FYisZHvHDYVWiJfu5g45YdbDKSGVcpE9NbjIGUciuypQdQGnvZKmIKoyA3moX47xCoTJqVE3r4vnvL25YZFnVROski4lSY1zplo9DyaeK6*AEKzlpF0eVC401Be0aWFyz8wy8xBTzl2A=]]></url>
  <title><![CDATA[生死营救！单县4个菏泽小孩骑车冲进河里]]></title>
  <content><![CDATA[商务合作请联系小编微信189799800]]></content>
  <author><![CDATA[单县信息港]]></author>
  <time>2018-10-08 17:20:17</time>
  <account><![CDATA[shanxian369]]></account>
</data>
