<data>
  <id><![CDATA[51505022]]></id>
  <url><![CDATA[https://mp.weixin.qq.com/s?timestamp=1539596610&src=3&ver=1&signature=Egrj350GoKY8-KUcIJshb4AxJ7PIsV9FYisZHvHDYVWiJfu5g45YdbDKSGVcpE9NbjIGUciuypQdQGnvZKmIKityqWEoFGyhBK1st8x4J*YKXGDOm*jDbxJvBc7RyL1CpZg-V3IxB6LxepCzUx3gYqf6BRfoAJXEbq9gU2RYp5o=]]></url>
  <title><![CDATA[通缉令！单县单城镇宋庄—男子涉黑，被公安局通缉！！]]></title>
  <content><![CDATA["单县信息港"免费观看更多精彩内容商务合作请联系小编微信189799800]]></content>
  <author><![CDATA[单县信息港]]></author>
  <time>2018-10-10 16:08:04</time>
  <account><![CDATA[shanxian369]]></account>
</data>
