<data>
  <id><![CDATA[51505022]]></id>
  <url><![CDATA[https://mp.weixin.qq.com/s?timestamp=1539596610&src=3&ver=1&signature=Egrj350GoKY8-KUcIJshb4AxJ7PIsV9FYisZHvHDYVWiJfu5g45YdbDKSGVcpE9NbjIGUciuypQdQGnvZKmIKsWVJXAhn5BRAqCnWs*ENP6TIop0*E*AYiH5u71RIA4rXe7gR-qkNM5*2yrUKw*iSB23ozbb4FFkve*XJcnNgZE=]]></url>
  <title><![CDATA[又起诉一个！单县李新庄镇孟楼行政村原村会计谢怀留被开除党籍并移送检察机关审查起诉]]></title>
  <content><![CDATA[商务合作请联系小编微信189799800日前，中共单县纪委、单县监委对单县李新庄镇孟楼行政村原村委会委员、村会计谢怀留严重违纪违法问题进行纪律审查、监察调查。经查，谢怀留在担任李新庄镇孟楼行政村村委会委员、村会计期间，违反国家法律法规，利用其协助政府开展本村低保工作的职务便利，以非法占有为目的，于2012年至2017年期间截留多个低保户低保款，用于其个人及家庭日常生活开支。谢怀留身为中共党员、村干部，在协助政府开展低保工作过程中，不思认真履行职责、服务人民群众，反而为了个人贪欲，截留、侵占低保户低保款，严重侵害了低保户的合法权益，在社会上造成了恶劣影响，严重损害了党员干部在群众中的形象。依据《中国共产党纪律处分条例》、《中华人民共和国监察法》有关规定，经县纪委常委会会议、县监察委员会会议研究，决定给予谢怀留开除党籍处分，并将其涉嫌犯罪问题移送检察机关审查起诉。]]></content>
  <author><![CDATA[单县信息港]]></author>
  <time>2018-10-09 18:26:59</time>
  <account><![CDATA[shanxian369]]></account>
</data>
