<data>
  <id><![CDATA[51505022]]></id>
  <url><![CDATA[https://mp.weixin.qq.com/s?timestamp=1539596610&src=3&ver=1&signature=Egrj350GoKY8-KUcIJshb4AxJ7PIsV9FYisZHvHDYVWiJfu5g45YdbDKSGVcpE9NbjIGUciuypQdQGnvZKmIKsoxarG-Uucn3ZqHt5LTxW62QJ5BDCjdLRxvkjRgeohDnjZiTmPsN0kKOILkTqo8mULTEILkonhODahNksOjSk8=]]></url>
  <title><![CDATA[【暖心警事】醉汉深夜躺路民警贴心送回家]]></title>
  <content><![CDATA["单县信息港"免费观看更多精彩内容商务合作请联系小编微信18979980010月9日凌晨30分，带班民警徐兴利带领民警石永林，辅警陈壮，到105国道例行巡逻，在巡逻途中，听见路边 一男人在大喊大叫，此时，过往大型车辆较多，担心该男子出现危险，民警徐兴利立即下车查看情况， 发现该男子是老熟人，是辖区的陈某某，看这情况今天又是喝不少的酒，民警立即上前询问：“怎么在这，天气冷了，快回家吧。”陈某某醉醺醺说道：“我不回家，我就在这睡。”民警徐兴利考虑安全问题，将其扶上车送到了家中，这一举动赢得在场群众的一致好评。]]></content>
  <author><![CDATA[单县信息港]]></author>
  <time>2018-10-11 14:27:46</time>
  <account><![CDATA[shanxian369]]></account>
</data>
