<data>
  <id><![CDATA[51505022]]></id>
  <url><![CDATA[https://mp.weixin.qq.com/s?timestamp=1539596610&src=3&ver=1&signature=Egrj350GoKY8-KUcIJshb4AxJ7PIsV9FYisZHvHDYVWiJfu5g45YdbDKSGVcpE9NbjIGUciuypQdQGnvZKmIKnFP0vE0arbA837I3-4EGVmhvOzRJFgLNvs6cbvmoBPaRatWZ-QGHvU0UPLNcf7xFpjeYt2rIxRqlWg0CKDv*6I=]]></url>
  <title><![CDATA[单县这名涉黑涉恶人员仍在逃！举报有奖！]]></title>
  <content><![CDATA[商务合作请联系小编微信189799800宁夏公安厅发布《关于公安悬赏通缉20名涉黑涉恶在逃人员的通知》后，银川市公安局立即开展相关工作。国庆假日期间，金凤区公安分局刑侦大队积极拓展社会资源，开展规劝、抓捕工作。经多次联系在逃人员家属，不断施压，在强大的思想攻势下，10月4日，在逃人员丁书涛、杨电波先后到金凤分局刑侦大队投案自首。据了解，凡提供线索协助公安机关抓获涉黑涉恶在逃人员的，每抓获一名在逃人员奖励1000-20000元。公安机关对举报人或协助公安机关抓获在逃黑恶势力犯罪嫌疑人的个人及亲属信息严格保密，对隐瞒包庇在逃犯罪嫌疑人的，将依法追究法律责任；对打击报复举报人的，依法从严从重惩处；对主动投案并如实供述犯罪事实的在逃黑恶势力犯罪嫌疑人给予从宽处理。11.犯罪嫌疑人:吕保全，男，汉族，1987年07月26日生，身份证号：372925198707262556，户籍所在地：山东省单县高韦庄镇张刘庄行政村顺河集村201号。]]></content>
  <author><![CDATA[单县信息港]]></author>
  <time>2018-10-13 11:08:59</time>
  <account><![CDATA[shanxian369]]></account>
</data>
