<data>
  <id><![CDATA[51505022]]></id>
  <url><![CDATA[https://mp.weixin.qq.com/s?timestamp=1539596610&src=3&ver=1&signature=Egrj350GoKY8-KUcIJshb4AxJ7PIsV9FYisZHvHDYVWiJfu5g45YdbDKSGVcpE9NbjIGUciuypQdQGnvZKmIKtqxqieHjTjSiq5O6kXL-QGEhhSBYIpckfHd6P-Qyljg7SjbOtqaT02x9fRcLYGqNhmwBqPRksacMWrRKMCPvlc=]]></url>
  <title><![CDATA[单县科技馆2018年国庆假期正常免费开放]]></title>
  <content><![CDATA["单县信息港"免费观看更多精彩内容商务合作请联系小编微信189799800各位游客：根据《国务院办公厅关于2018年部分节假日安排的通知》，结合我馆实际情况，为方便广大市民参观，现将国庆节期间我馆开放时间通知如下：10月1日（星期一）至10月7日（星期日）开馆；10月8日（星期一）至10月9日（星期二）闭馆维护展品；10月10日（星期三）恢复正常开放时间。希望广大市民相互转告。祝大家度过一个愉快、祥和的假期。单县科技馆2018年9月28日]]></content>
  <author><![CDATA[单县信息港]]></author>
  <time>2018-10-01 09:04:52</time>
  <account><![CDATA[shanxian369]]></account>
</data>
