<data>
  <id><![CDATA[51505022]]></id>
  <url><![CDATA[https://mp.weixin.qq.com/s?timestamp=1539596610&src=3&ver=1&signature=Egrj350GoKY8-KUcIJshb4AxJ7PIsV9FYisZHvHDYVWiJfu5g45YdbDKSGVcpE9NbjIGUciuypQdQGnvZKmIKsWVJXAhn5BRAqCnWs*ENP7logsvMPTcuk-CnVLR5RT5zbmom23z9y-mFDeQXVEZ7X94MAIzYVzlETsbKCaGjh8=]]></url>
  <title><![CDATA[家在农村的菏泽人注意！国家要出钱给你盖房子！最高每户2万元...]]></title>
  <content><![CDATA["单县信息港"免费观看更多精彩内容商务合作请联系小编微信189799800对于农民来说“住的安心”是最基本的生活保障有了好的居所方能安心劳作享受生活受到了农民的热烈欢迎农村危房改造项目就是解决贫困群体住房安全和住有所居的有效措施近日国家住房城乡建设部办公厅发布的《农村危房改造基本安全技术导则》下面小编给大家整理了大家所关心的“危房改造”▼实施农村危房改造项目的省（区）▼此次实施农村危房改造项目有27个省（区）：河北省、山西省、内蒙古自治区、辽宁省、吉林省、黑龙江省、江苏省、安徽省、福建省、江西省、山东省、河南省、湖北省、湖南省、广东省、广西壮族自治区、海南省、重庆市、四川省、贵州省、云南省、西藏自治区、陕西省、甘肃省、青海省、宁夏自治区、新疆自治区。▼农村房屋改造内容▼D级危房：拆除重建C级危房：加固维修拆除重建要求：1. 保证正常使用安全与基本使用功能；2. 遭受本地区抗震设防烈度影响时，不会造成农房倒塌或危及生命的严重破坏；3. 要符合一定的环保、生态要求，应用新技术、新材料、新工艺；加固维修要求：1. 当屋面出现明显的坍塌变形、渗水或防水层损坏现象时，进行维修；2. 歪闪墙体设置加固或拆除重砌上，消除农房正常使用的危险点；3. 改善危房存在的结构体系不合理、构造措施不完备等问题。▼农村危房改造相关补助▼2009年—2012年主要改造五保房一、二、三级危房；低保户一级危房；困难房一级危房；一般户一级危房；茅草房；“整县推进”试点工程涉及的二、三级危房；2013年—2016年主要改造低保户、困难户、一般户二、三级危房。按照“群众自建为主，政府给予适当补助”的原则，政府对各类对象和危房等级的户均补助标准为：（一）五保户一级危房，户均补助2万元；（二）五保户二级危房，户均补助0.5万元；（三）五保户三级危房，户均补助0.3万元；（四）低保户一级危房，户均补助2万元；（五）困难户一级危房，户均补助1万元；（六）一般户一级危房，户均补助0.5万元；（七）低保户、困难户、一般户二级危房，户均补助0.3万元；（八）低保户、困难户、一般户三级危房，户均补助0.2万元；2017年和2018年山东补助标准：1.修缮加固户均补助不低于0.6万元。2.农村分散供养特困人员重建房屋户均补助不低于1.8万元。3.农村低保户、贫困残疾人家庭重建房屋户均补助不低于1.6万元。4.建档立卡贫困户重建房屋户均补助不低于1.5万元，同属农村分散供养特困人员、低保户或贫困残疾人家庭的在该类人群补助标准上再增加1000元。壹哪些农村人可以申请危房改造根据《通知》要求，此次可申请危房改造的主要惠及一下四类人群：1、农村低保户，通过农村低保审核，已经被确定为低保性质的农村家庭2、农村分散供养特困人员3、贫困残疾人家庭4、已经建档立卡的贫困户强调：已确定为以上四种情况的农村人口，只要在27个省市范围内可以向村委会申请危房改造。贰如何申请，程序又有哪些呢？符合条件的农民朋友在农村确实需要改造自己的房子请准备好以下材料：1、危房证明：原住所被评定为危房的危房证明。2、住房证明：只有一处居所，没有其他住宅的住房证明。3、准备五保户、低保户及残疾人家庭的相关证明。申请房屋危改补贴的流程：首先，由户主向村集体提出书面申请，填写表格，提供户口、身份证复印件、相关危房照片和材料；其次，村集体进行评议，需将结果公示7天，在此期间若没有任何异议，填写《农村危房改造农户审批表》上报并审核；最后，进行入户检查，符合条件的，被纳入危房改造农户。完成房屋改建。这三类人没有资格重建同时对于危房户国家还会出补贴帮其重建但要想重建是需要条件的以下3种人没有资格重建1户口不在本农村集体组织的人目前许多农村家庭已经将户口迁出了当地农村集体组织，迁入到了其他农村集体组织或者迁入到城市，这部分农民已经不属于当地农村集体组织的成员，也就丧失了在当地申请宅基地建房的权益，房屋垮塌之后，其不能够在重新修建，宅基地也将会被农村集体组织收回!2拥有多处房屋，住房权益有保障的人目前国家正在积极推动“一户一宅”工作，宅基地也仅仅是保障农民的住房权益，所以如果农民朋友已经在当地农村集体组织拥有两处及以上的房屋，当其中一处房屋出现倒塌之后，也不能够在其基础之上重新修建，宅基地也将会被农村集体组织收回!3面临征地拆迁的人目前随着城市以及农村的发展，许多农村已经被列入到征地拆迁规划之内，但部分农民朋友由于农村的房屋出现了倒塌，担心赔偿过少，就想着在原有宅基地上重新修建房屋，此类情况也是不允许的，农民朋友一定要注意!其实对于一些生活困难的村民给出的福利政策是很好的只是很多时候身边的人都不知道快把这个消息告诉身边的亲友吧]]></content>
  <author><![CDATA[单县信息港]]></author>
  <time>2018-10-09 18:26:59</time>
  <account><![CDATA[shanxian369]]></account>
</data>
