<data>
  <id><![CDATA[51505022]]></id>
  <url><![CDATA[https://mp.weixin.qq.com/s?timestamp=1539596610&src=3&ver=1&signature=Egrj350GoKY8-KUcIJshb4AxJ7PIsV9FYisZHvHDYVWiJfu5g45YdbDKSGVcpE9NbjIGUciuypQdQGnvZKmIKk3dBiFCltSfelzsBZ5*bw8yIvz7e49IqGLw9QBjZBpNTu40-X8a7MkRx1AJrHmT14aBYoEXMcuJI7zZ5q4rp*U=]]></url>
  <title><![CDATA[国庆期间，菏泽村民在马路上放钉子，只为……]]></title>
  <content><![CDATA["单县信息港"免费观看更多精彩内容商务合作请联系小编微信18979980010月1日，山东菏泽市，某乡镇马路被当地农民霸占，在马路上晒玉米谷子。为防止来往车辆碾压玉米，农民还找来木板在上面打上钉子。一位本地居民说，前两天自己车就被扎一个钉子，和这帮人没法讲道理。农民说：钉子你爱压压，只要不压到我的玉米就行。]]></content>
  <author><![CDATA[单县信息港]]></author>
  <time>2018-10-06 08:14:00</time>
  <account><![CDATA[shanxian369]]></account>
</data>
