<data>
  <id><![CDATA[51505022]]></id>
  <url><![CDATA[https://mp.weixin.qq.com/s?timestamp=1539596610&src=3&ver=1&signature=Egrj350GoKY8-KUcIJshb4AxJ7PIsV9FYisZHvHDYVWiJfu5g45YdbDKSGVcpE9NbjIGUciuypQdQGnvZKmIKsWVJXAhn5BRAqCnWs*ENP5FCIM7ocZps2TXGRzTtLivRrh6GTJ3ZFlHcQaQWWAuO4T4pyIIZwz7of6cgXijOvE=]]></url>
  <title><![CDATA[网曝菏泽一烧鸡店竟然吃出一嘴鸡屎！真恶心！]]></title>
  <content><![CDATA["单县信息港"免费观看更多精彩内容商务合作请联系小编微信189799800据网友“小周”爆料，近日与朋友在庄寨娘娘营村“肖铁墩·肖家祖传烧鸡店”吃饭时，竟在烧鸡里面吃出了几砣鸡屎，让大家恶心不已。截止到目前，“肖家烧鸡”饭店还未作出任何说明。“我们打算向食品监督管理部门反映，希望能给个说法！”小周说。据了解，庄寨镇娘娘营村“肖铁墩·肖家烧鸡店”平日以“烧鸡”小有名气，不知道这样的卫生，大家还敢去吃饭吗？]]></content>
  <author><![CDATA[单县信息港]]></author>
  <time>2018-10-09 18:26:59</time>
  <account><![CDATA[shanxian369]]></account>
</data>
