<data>
  <id><![CDATA[51505022]]></id>
  <url><![CDATA[https://mp.weixin.qq.com/s?timestamp=1539596610&src=3&ver=1&signature=Egrj350GoKY8-KUcIJshb4AxJ7PIsV9FYisZHvHDYVWiJfu5g45YdbDKSGVcpE9NbjIGUciuypQdQGnvZKmIKityqWEoFGyhBK1st8x4J*aMlx9t9ebmTrSdCa-g6pL9SpNEN7cnQJYHvhFBzBN1hqqVQdWR7Cj14v1x4-qkD88=]]></url>
  <title><![CDATA[10月8日，菏泽故意杀人案嫌疑人已自首！]]></title>
  <content><![CDATA["单县信息港"免费观看更多精彩内容商务合作请联系小编微信189799800警情通报2018年10月8日下午，我县随官屯镇前庄村发生一起故意杀人案。案件发生后，市县公安机关成立专案组全力开展侦查工作，10月9日上午，犯罪嫌疑人王自臣（男，40岁，郓城县随官屯镇前庄村人）到公安机关投案自首，对犯罪事实供认不讳。目前，犯罪嫌疑人王自臣被郓城县公安局依法刑事拘留，此案正在进一步侦查中。郓城县公安局]]></content>
  <author><![CDATA[单县信息港]]></author>
  <time>2018-10-10 16:08:04</time>
  <account><![CDATA[shanxian369]]></account>
</data>
