<data>
  <id><![CDATA[51505022]]></id>
  <url><![CDATA[https://mp.weixin.qq.com/s?timestamp=1539596610&src=3&ver=1&signature=Egrj350GoKY8-KUcIJshb4AxJ7PIsV9FYisZHvHDYVWiJfu5g45YdbDKSGVcpE9NbjIGUciuypQdQGnvZKmIKsWVJXAhn5BRAqCnWs*ENP68Ps5utGRE1AKgYgnpDwZB9b6M13AyF7J8mJ3gl3CiYaLdVl3uci7Rd2JtqhezBng=]]></url>
  <title><![CDATA[快看！山东百名“最美基层农技员”公示！单县一人上榜！]]></title>
  <content><![CDATA["单县信息港"免费观看更多精彩内容商务合作请联系小编微信189799800近日山东省农业厅发布《全省最美基层农技员公示》全省最美基层农技员评议推荐工作已经结束经基层单位遴选推荐、专家评议推选省农业厅从全省1万多名基层农技人员中寻找出100名“最美基层农技员”予以公示涉及菏泽8人田翠玲 巨野县植物保护站吴复学 鄄城县农业技术推广站郝素平  山东省成武县植保站张微 菏泽市定陶区农业技术推广站李宪卿 曹县古营集镇农业综合服务中心周顶峰 单县龙王庙镇农业技术推广站庞秋季 东明县东明集镇农业综合服务中心康钦海 菏泽市定陶区黄店镇农业生产办公室全省最美基层农技员名单来源：山东省农业厅网站]]></content>
  <author><![CDATA[单县信息港]]></author>
  <time>2018-10-09 18:26:59</time>
  <account><![CDATA[shanxian369]]></account>
</data>
