<data>
  <id><![CDATA[51505022]]></id>
  <url><![CDATA[https://mp.weixin.qq.com/s?timestamp=1539596610&src=3&ver=1&signature=Egrj350GoKY8-KUcIJshb4AxJ7PIsV9FYisZHvHDYVWiJfu5g45YdbDKSGVcpE9NbjIGUciuypQdQGnvZKmIKsoxarG-Uucn3ZqHt5LTxW5Azd*FvsRJ3NQYns37gpn*OsDpY3-8uV2etm630g0WwOGcASqvdQaTLb7UoahD-1E=]]></url>
  <title><![CDATA[单县黄岗突发车祸，拉木头的大货车，现场悲慘！]]></title>
  <content><![CDATA["单县信息港"免费观看更多精彩内容商务合作请联系小编微信189799800]]></content>
  <author><![CDATA[单县信息港]]></author>
  <time>2018-10-11 14:27:46</time>
  <account><![CDATA[shanxian369]]></account>
</data>
