<data>
  <id><![CDATA[51505022]]></id>
  <url><![CDATA[https://mp.weixin.qq.com/s?timestamp=1539596610&src=3&ver=1&signature=Egrj350GoKY8-KUcIJshb4AxJ7PIsV9FYisZHvHDYVWiJfu5g45YdbDKSGVcpE9NbjIGUciuypQdQGnvZKmIKoyA3moX47xCoTJqVE3r4vmJqPtgcZM-HUaUiaFMURAAAtcHpOms35jQVAaaMnYp4MdfIwcj9K6YEDTT*A90Yow=]]></url>
  <title><![CDATA[悬赏通告！最高十万！菏泽发生一起重大刑事案件，嫌疑人画像公布，单县人请扩散！]]></title>
  <content><![CDATA["单县信息港"免费观看更多精彩内容商务合作请联系小编微信189799800悬赏通告2018年9月13日下午，菏泽市牡丹区王浩屯镇樊寺村西南地一东西生产路北侧，发生一起重大刑事案件。嫌疑人：中年男性，身高170CM左右，体态较瘦，头发稍长前倾，肤色较黑，菏泽本地口音。希望广大群众积极提供线索，如发现可疑人员或线索，请及时向菏泽市公安局牡丹分局刑侦大队或王浩屯派出所反映，凡是提供有价值线索的，奖励人民币50000元，凡提供线索直接抓获犯罪嫌疑人的，奖励人民币100000元并予以严格保密；凡知情不报、窝藏、包庇犯罪嫌疑人的，将依法追究法律责任。同时敦促犯罪嫌疑人早日自首，争取宽大处理。联系人：陈警官  18805309959孙警官  18505308635菏泽市公安局牡丹分局二O一八年十月六日双击即可查看大图]]></content>
  <author><![CDATA[单县信息港]]></author>
  <time>2018-10-08 17:20:17</time>
  <account><![CDATA[shanxian369]]></account>
</data>
