<data>
  <id><![CDATA[51505022]]></id>
  <url><![CDATA[https://mp.weixin.qq.com/s?timestamp=1539596610&src=3&ver=1&signature=Egrj350GoKY8-KUcIJshb4AxJ7PIsV9FYisZHvHDYVWiJfu5g45YdbDKSGVcpE9NbjIGUciuypQdQGnvZKmIKnFP0vE0arbA837I3-4EGVkAvbxReSP7EBG7eJpAZ7AlIf*ktibpIayJVAEC2fnosf1vCHK7A-vbF95Py3JxOBQ=]]></url>
  <title><![CDATA[刷遍朋友圈的单县吊车司机厮打，官方通报来了]]></title>
  <content><![CDATA["单县信息港"免费观看更多精彩内容商务合作请联系小编微信189799800（平安单县）  9月23日，在单县曹庄中心街鱼市，吊车司机帅某某因为和曹某某发生言语不和，继而双方相互厮打，帅某某和曹某某等均存在伤情，由于此案涉案人员较多，案情较为复杂，曹庄派出所民警通过走访调查，调取案发中心监控录像，对违法嫌疑人的反复讯问，使得案件真相水落石出，最终对周某某、曹某某、曹某、帅某某等违法嫌疑人依法进行行政处罚。]]></content>
  <author><![CDATA[单县信息港]]></author>
  <time>2018-10-13 11:08:59</time>
  <account><![CDATA[shanxian369]]></account>
</data>
