<data>
  <id><![CDATA[51505022]]></id>
  <url><![CDATA[https://mp.weixin.qq.com/s?timestamp=1539596610&src=3&ver=1&signature=Egrj350GoKY8-KUcIJshb4AxJ7PIsV9FYisZHvHDYVWiJfu5g45YdbDKSGVcpE9NbjIGUciuypQdQGnvZKmIKnIicEli0KtGd*tJJuJSG0Ut5aTNYLanVPtcaz9KbV71ghPySs--fuutuXYoo5I-WtDl70OfPKvLNIcLNx8XmPc=]]></url>
  <title><![CDATA[单县县委副书记、李田楼镇书记上调菏泽]]></title>
  <content><![CDATA["单县信息港"免费观看更多精彩内容商务合作请联系小编微信189799800干部任前公示经市委常委会研究：李贵福同志拟任市科学技术局党组书记、副局长；黄贤峰同志拟任市民政局党组成员、副局长；晁红波同志拟任市司法局党组成员、副局长；高尚柱同志拟任市城市管理局党组成员、副局长；穆森同志拟任市农业局党组成员、副局长；张梅同志拟任市文化广电新闻出版局党组成员、副局长；邓文举同志拟任市统计局党组成员、副局长；楚喜斌同志拟任市金融工作办公室（市地方金融监督管理局）党组书记、主任（局长）；常乐鸿同志拟任市供销合作社党委副书记、监事会主任；冯峰同志拟任菏泽市立医院党委书记、院长。为了增加干部任用工作的透明度，接受群众监督，现予以公示。李贵福，1970年6月生，1990年12月入党，1991年7月参加工作，省委党校研究生（在职干部研究生班法学理论专业），2007年1月任副县级，现任单县县委副书记。黄贤峰，1973年3月生，1996年12月入党，1995年7月参加工作，省委党校研究生（在职干部研究生班经济管理专业），2010年1月任正科级，现任单县李田楼镇党委书记。晁红波，1974年6月生，1997年10月入党，1995年12月参加工作，省委党校研究生（在职干部研究生班法学理论专业），2009年3月任正科级，现任牡丹区都司镇党委书记。高尚柱，1976年3月生，1998年4月入党，1996年7月参加工作，省委党校大学（业余本科班经济管理专业），2011年12月任正科级，现任巨野县永丰街道党工委书记。穆森，1973年8月生，1995年6月入党，1995年7月参加工作，省委党校大学（业余本科班经济管理专业），2006年12月任正科级，现任定陶区天中街道党工委书记。张梅，女，1984年9月生，2006年9月入党，2007年8月参加工作，大学（中原工学院会计学专业），2013年12月任正科级，现任东明县沙窝镇党委书记。邓文举，1973年12月生，1995年5月入党，1995年7月参加工作，省业余大学（省农业管理干部学院业余本科班经济管理专业），2011年2月任正科级，现任曹县侯集回族镇党委书记。楚喜斌，1966年11月生，1996年6月入党，1988年7月参加工作，大学（山东经济学院物资经济专业），2012年8月任正县级，现任市财政局党组成员、副局长（正县级）。常乐鸿，1969年8月生，1992年3月入党，1993年8月参加工作，省委党校研究生（在职干部研究生班经济管理专业），2011年2月任副县级，现任市委统战部副部长。冯峰，1969年10月生，1994年11月入党，1992年7月参加工作，省委党校研究生（党政干部研究生班），2012年8月任正县级，现任市卫生和计划生育委员会（市中医药管理局）党委委员、市卫生和计划生育委员会副主任（正县级）。如有不同意见或需要反映问题，可在2018年10月17日前(不含国家法定假日、公休日)，向市委组织部反映。反映问题应实事求是，电话和信函应告知真实姓名。接访时间：上午8:30—12:00；下午2:00—5:30接访地点：市委组织部干部监督科(市委办公大楼415房间)举报电话：12380举报网址：http:∥www.hz12380.gov.cn举报短信：15315612380中共菏泽市委组织部2018年10月10日来源：中共菏泽市委组织部]]></content>
  <author><![CDATA[单县信息港]]></author>
  <time>2018-10-12 17:04:34</time>
  <account><![CDATA[shanxian369]]></account>
</data>
