<data>
  <id><![CDATA[51505022]]></id>
  <url><![CDATA[https://mp.weixin.qq.com/s?timestamp=1539596610&src=3&ver=1&signature=Egrj350GoKY8-KUcIJshb4AxJ7PIsV9FYisZHvHDYVWiJfu5g45YdbDKSGVcpE9NbjIGUciuypQdQGnvZKmIKnFP0vE0arbA837I3-4EGVkhwxf-KFwfVQP*k8h2tCwtuq29FDArCaRZwwXYw5D-ZPl8yUgbrOjjNb7QZBklH3k=]]></url>
  <title><![CDATA[单县羊肉汤，中华第一汤，唯一以“汤”为名的非遗]]></title>
  <content><![CDATA["单县信息港"免费观看更多精彩内容商务合作请联系小编微信1897998002018年5月，山东菏泽（单县）首届长寿文化节和羊肉汤节正式开幕。把长寿和羊肉汤串在一起过节似乎有些风马牛不相及。但两者之间却有着天然联系。2009年，单县成为山东省第一个 “长寿之乡”，2013年，单县成为“中国长寿之乡”。长寿之乡这个金字招牌，吸引了追求生活质量的现代人的眼球。为什么单县这个国家级的贫困县能成为国家级的长寿之乡呢？中国长寿之乡单县单县成为长寿之乡绝非虚名。仅一个例子就可以看出来。单县百岁以上老人162人，仅仅浮岗镇百岁以上的老人有11个，90到100岁的是248人。要知道，目前，全国平均寿命是70岁，即便发达国家美国、日本，平均寿命也只是78岁。单县人之所以长寿，除了专家普遍认为的生活地域植被覆盖较多，空气及水质较好之外，更有重要的一点，就是被列为山东省非物质文化遗产的单县“羊肉汤”。单县人普遍爱喝羊肉汤，这一美味食品，非常养人，对当地人的长寿起到了至关重要的作用。单县羊肉汤单县羊肉汤被称为 “中华第一汤”，是“山东历史文化名吃”、“中华餐饮文化特色精品”，国家质检总局批准对“单县羊肉汤”实施地理标志产品保护。来品尝单县羊肉汤的名人和领导人非常多。1936年国民党山东省主席韩复榘来单县品尝了羊肉汤，临走时特意装了七坛子用于赏军。1948年刘伯承、陈毅、建国后党和国家领导人胡耀邦、乔石、杨得志等相继来单县，他们无一例外都品尝了羊肉汤。1999年胡锦涛视察单县，单县人民以羊肉汤热诚招待。 他们都对单县羊肉汤赞不绝口。炖羊肉汤单县羊肉汤为什么会这么有名，并成为非物质文化遗产呢？它的诀窍在哪里呢？根据《单县风物》记载，单县羊肉汤的特点是：“色白似奶，水脂交融，质地纯净，鲜而不膻，香而不腻，烂而不黏”，这的确是一绝了。说起它的历史，可就非常悠久了，足足有上千年的历史。据说舜的老师单卷及其部落就生活在单县一带，当时饲养的家畜主要是青山羊，而羊的吃法，由烧烤演变为主要吃肉喝汤。后来，经过改进，羊肉汤的制作工艺越来越完善。到了清嘉庆十二年（1807年），在众多做汤者中，有人经过仔细研究，在制作工艺上不断创新，制作精细，味道鲜美，一时间风靡全城。一传十十传百，单县羊肉汤就成为天下第一汤了。羊肉汤餐厅单县养肉汤的品类也越来越多，足足有72种风味，而且各有各的妙趣：肥的、瘦的、天花汤、马蜂汤、三孔桥汤、腰花汤等，各有特点。更重要的是，单县羊肉汤春夏秋冬四季、早中晚三餐都可以喝。它不仅是一道爽口的美食，而且还有药膳的功能，根据营养学观察，单县养肉汤具有温中散寒、健脾和胃、滋阴壮阳、增加人体抗病能力等功效。如，口条汤壮身补血，肚丝汤健胃壮体，眼窝汤清火明目，奶渣汤滋阴壮体，已经成为食疗最佳饮品。这是单县人能够长寿的最佳秘诀。单县羊肉汤是非遗更令人惊奇的是，单县羊肉汤只在单县才有它独特的味道，需要用单县的水、单县的羊和厨师的独特烹饪手法，才能达到理想的效果。换个地方，就全然没了味道，套牌假冒毫无市场。这真是值得深入研究的非物质文化遗产，需要我们认真加以呵护、传承。]]></content>
  <author><![CDATA[单县信息港]]></author>
  <time>2018-10-13 11:08:59</time>
  <account><![CDATA[shanxian369]]></account>
</data>
