<data>
  <id><![CDATA[51505022]]></id>
  <url><![CDATA[https://mp.weixin.qq.com/s?timestamp=1539596610&src=3&ver=1&signature=Egrj350GoKY8-KUcIJshb4AxJ7PIsV9FYisZHvHDYVWiJfu5g45YdbDKSGVcpE9NbjIGUciuypQdQGnvZKmIKtas7sxVF4rygacksQXUigcHQSpIl9iqqZ-u4TNKFJCUG2bxgHU2GjpdQ-Dfftc*xgOrfyocgf8h1Buj2K5xjeY=]]></url>
  <title><![CDATA[注意！单县要变天！北风4-5级，气温最低10℃！假期后几天或将...]]></title>
  <content><![CDATA[商务合作请联系小编微信189799800十一小长假已经过半，人美、景美、天气也美美的！明天高空气流缓慢，造成我市地面微风气温较高，还可以继续耍~~不过，小伙伴们请注意！天气即将进入“戏精”模式！现在，此刻无论你是谁？在哪里？在干什么？请抓紧看天气最新消息6日-7日今年25号台风“康妮”从东部海上经过！特！别！提！醒！这个台风可能在国庆后半段造成影响！对于“康妮”来说，长假最后几天的强冷空气将会是影响的关键。对华东等沿海地区带来不同程度的影响。具体的影响程度将取决于“康妮”最终的路径和冷空气强度。提醒各位国庆期间在长三角游玩的小伙伴，及时注意天气变化，提前安排好自己的行程，避免延误。好消息！！！据中央气象台预报国庆假期期间单县还是以晴和多云为主受台风“康妮”影响不大但是坏消息！！！受台风“康妮”西侧影响，单县转北风2-3级，气温略降低，8日-10日，西伯利亚强冷空气南下，单县北风短时4-5级，气温明显下降，最低气温降到7-9℃。气温有所下降早晚温差也会比较大小伙伴们出门在外一定要注意防寒！详细预报：除了防降温，还要防秋燥~~~下面这份防秋燥手册大家对照好好调理哦答应小编要过个愉快的假期~↓↓↓温馨提示：出门在外，安全第一。文明驾驶，文明观赏。若不愿堵车，喧闹，怕晒，室内是良好选择（居家），值班是最优选择（办公室）。]]></content>
  <author><![CDATA[单县信息港]]></author>
  <time>2018-10-05 10:01:47</time>
  <account><![CDATA[shanxian369]]></account>
</data>
