<data>
  <id><![CDATA[51505022]]></id>
  <url><![CDATA[https://mp.weixin.qq.com/s?timestamp=1539596610&src=3&ver=1&signature=Egrj350GoKY8-KUcIJshb4AxJ7PIsV9FYisZHvHDYVWiJfu5g45YdbDKSGVcpE9NbjIGUciuypQdQGnvZKmIKqREf3Xr*WRPaeMgwa574n1OrIfAYw7HM8Ute2DYSKWogxbrDHbNoY*9PgiUu8WVqdJk3DQ2cWZUdjuzEu71YFw=]]></url>
  <title><![CDATA[单县农商银行紧急公告]]></title>
  <content><![CDATA["单县信息港"免费观看更多精彩内容商务合作请联系小编微信189799800尊敬的客户：近期发现有社会不法人员以单县农商银行名义在微信群或者微信朋友圈散布贷款信息，实例显示，不法人员以通过协助申请人获得贷款为由，向申请人索取不正当利益。单县农商银行始终坚持“面向三农、面向小微企业、面向社区家庭”的市场定位，为辖区内广大群众提供各项高效便捷服务，现郑重声明：一、向我行申请贷款可以直接拨打贷款热线96588或者96668，不需要通过任何中介人员。二、在我行办理所有信贷业务不需要支付任何手续费。三、如果您办理贷款中遇到索要好处费以及其他需要反映的情况，请拨打我行监督电话96588、0530-4657178、0530-4657176。单县农商银行2018年10月2日]]></content>
  <author><![CDATA[单县信息港]]></author>
  <time>2018-10-04 16:00:00</time>
  <account><![CDATA[shanxian369]]></account>
</data>
