<data>
  <id><![CDATA[51505022]]></id>
  <url><![CDATA[https://mp.weixin.qq.com/s?timestamp=1539596610&src=3&ver=1&signature=Egrj350GoKY8-KUcIJshb4AxJ7PIsV9FYisZHvHDYVWiJfu5g45YdbDKSGVcpE9NbjIGUciuypQdQGnvZKmIKityqWEoFGyhBK1st8x4J*biZNMZtbTFhswumiz-TihKLJerhSTxmT9Z3exsv7vL-AmMXInB7AupKwpfS74uIfw=]]></url>
  <title><![CDATA[单县人在家门口见到这个立马撕掉！电视台已曝光！]]></title>
  <content><![CDATA["单县信息港"免费观看更多精彩内容商务合作请联系小编微信189799800小伙伴们，最近有居民反映小区里不知什么时候贴了些红色的宣传单说是上门安装燃气报警器的▼大多数人看完可能不会觉得有什么毛病但是小编要告诉你们这压根儿就不是什么燃气公司这可能就是个骗局！小编在网上搜了一下全国各地几乎.......▼其实“燃气诈骗”是近年来很流行的一种诈骗方式↓↓↓警惕上门推销骗局消费者在遇到燃气公司工作人员上门检修时，应注意以下几点：一、不要轻信提供上门服务的所谓燃气公司的工作人员。如不清楚对方身份，应要求其出示工作证件并确认其收据上的销售单位名称。二、不要购买不明身份人上门推销的商品。如果确实需要更换燃气管，请联系正规燃气公司更换。三、民用燃气报警器属于安全辅助设备，并非所有居民家庭都必须安装。报警器对于保障居民用气安全具有积极作用，但并非只能购买某一特定的品牌，消费者可根据自身需求通过正规渠道进行选购。信息来自：0393百姓网、网络]]></content>
  <author><![CDATA[单县信息港]]></author>
  <time>2018-10-10 16:08:04</time>
  <account><![CDATA[shanxian369]]></account>
</data>
