<data>
  <id><![CDATA[51505022]]></id>
  <url><![CDATA[https://mp.weixin.qq.com/s?timestamp=1539596610&src=3&ver=1&signature=Egrj350GoKY8-KUcIJshb4AxJ7PIsV9FYisZHvHDYVWiJfu5g45YdbDKSGVcpE9NbjIGUciuypQdQGnvZKmIKqREf3Xr*WRPaeMgwa574n1NVbu0IC9qulIWUVhnKPAh82twqZM0pGN5WxtgeWxabH4QnQY0Nb7wodLimNNwaBI=]]></url>
  <title><![CDATA[单县人注意了!10月6日、7日，这些车将限行！]]></title>
  <content><![CDATA["单县信息港"免费观看更多精彩内容商务合作请联系小编微信189799800关于国庆假期返程高峰高速公路交通管控措施的公告为保障国庆假期返程期间菏泽市高速公路交通安全平稳有序，最大限度减少拥堵和交通事故的发生、最大限度的确保广大人民群众返程道路交通安全，根据《中华人民共和国道路交通安全法》、《山东省高速公路交通安全条例》有关规定，结合我辖区路况、车流特点及出行规律决定采取临时交通管控措施，现公告如下：一、限行种类：中、重型货车（核载总质量1.8吨以上的货车）。二、限行时间：10月6日9时至12时、14时30分至18时，10月7日9时至12时、14时30分至18时。三、限行区域：菏泽辖区所有高速公路收费站入口（不含日兰鲁豫省界收费站、济广鲁豫省界收费站）。特此公告。菏泽市公安局高速交警支队2018年10月3日]]></content>
  <author><![CDATA[单县信息港]]></author>
  <time>2018-10-04 16:00:00</time>
  <account><![CDATA[shanxian369]]></account>
</data>
