<data>
  <id><![CDATA[51505022]]></id>
  <url><![CDATA[https://mp.weixin.qq.com/s?timestamp=1539596610&src=3&ver=1&signature=Egrj350GoKY8-KUcIJshb4AxJ7PIsV9FYisZHvHDYVWiJfu5g45YdbDKSGVcpE9NbjIGUciuypQdQGnvZKmIKqREf3Xr*WRPaeMgwa574n2OLertF0CpNUbwjdVFYpM8XrdDFbEYy8DqXWU0hM4e9neR6Pudj3-HGm1REefvFTY=]]></url>
  <title><![CDATA[单县一逃犯国庆节当天被抓！看看你认识不？]]></title>
  <content><![CDATA["单县信息港"免费观看更多精彩内容商务合作请联系小编微信18979980010月1日，单县公安局李田楼派出所，经过仔细摸排、走访和蹲守将网上逃犯童某某抓获。犯罪嫌疑人童某某，男，单县徐寨镇人，2017年12月31日，童某某在其办理的《河道采砂取土许可证》过期失效的情况下，在单县徐寨镇东渔河北堤非法取土3万余方。2018年1月15日因涉嫌盗窃犯罪被单县公安局上网追逃。2018年中秋节，李田楼派出所得知其秘密潜回家中过节，所长张鑫同志立即带领民警前去其家中进行抓捕，结果却扑空了。通过在村里走访得知，其确实回家了，李田楼派出所迅速采取必要的措施，并秘密对其进行布控。10月1日国庆节当天，李田楼派出所分析，其很有可能回家，便提高了警惕，果不其然，其回家的消息很快传了回来，所长张鑫带领民警迅速对其进行再次抓捕，结果还是扑了空。其在家的信息非常准确，为什么就是抓不住他呢？抓捕民警迅速召开现场案情分析：民警进行抓捕的时候，其妻子正在做饭，通过其妻子炒菜的分量上看，绝不是一个人吃饭的分量，民警认定童某某应该就在其家中或家附近，既然家中没有，那就肯定在其家周围。民警佯装撤退，留下一人暗中观察其家人动向，果然，在民警撤退后半小时许，其妻子端着碗向其家后走去。由此，民警认定童某某应该躲在其家后某一个地方，民警第三次进行抓捕，终于在其家后一座废弃的院落内将其抓获。目前，此案在进一步审理中。]]></content>
  <author><![CDATA[单县信息港]]></author>
  <time>2018-10-04 16:00:00</time>
  <account><![CDATA[shanxian369]]></account>
</data>
