<data>
  <id><![CDATA[51505022]]></id>
  <url><![CDATA[https://mp.weixin.qq.com/s?timestamp=1539596610&src=3&ver=1&signature=Egrj350GoKY8-KUcIJshb4AxJ7PIsV9FYisZHvHDYVWiJfu5g45YdbDKSGVcpE9NbjIGUciuypQdQGnvZKmIKqREf3Xr*WRPaeMgwa574n1sKT1uSFlr1gHhoV-JZtrTnZ49dQuLby3fK1BqgDfRxyNvulHwHE-hjcni6Fn90W8=]]></url>
  <title><![CDATA[单县一男子涉黑被悬赏通缉！悬赏2万元，见到请立即报警!]]></title>
  <content><![CDATA[商务合作请联系小编微信189799800为进一步加大对涉黑涉恶违法犯罪的打击力度，着力推动扫黑除恶专项斗争向纵深发展，全力维护全区社会治安大局持续稳定，宁夏公安厅依法对20名涉黑涉恶在逃人员进行悬赏缉捕，现将菏泽籍在逃人员通告如下，望广大人民群众积极提供在逃犯罪嫌疑人线索。凡提供线索协助公安机关抓获涉黑涉恶在逃人员的，每抓获一名在逃人员奖励1000-20000元。公安机关对举报人或协助公安机关抓获在逃黑恶势力犯罪嫌疑人的个人及亲属信息严格保密，对隐瞒包庇在逃犯罪嫌疑人的，将依法追究法律责任；对打击报复举报人的，依法从严从重惩处；对主动投案并如实供述犯罪事实的在逃黑恶势力犯罪嫌疑人给予从宽处理。涉黑涉恶在逃人员11.犯罪嫌疑人:吕保全，男，汉族，1987年07月26日生，身份证号：372925198707262556，户籍所在地：山东省单县高韦庄镇张刘庄行政村顺河集村201号。举报方式拨打110、致电各市公安局“扫黑办”电话或通过网上邮箱举报。1.自治区公安厅“扫黑办”举报电话0951-61362362.银川市公安局“扫黑办”举报电话0951-50207523.石嘴山市公安局“扫黑办”举报电话0952-22161234.吴忠市公安局“扫黑办”举报电话0953-21232115.固原市公安局“扫黑办”举报电话0954-20680316.中卫市公安局“扫黑办”举报电话0955-70675317.网上邮箱：nxgashce@163.com本通告自发布之日起实施。宁夏公安厅2018年9月30日]]></content>
  <author><![CDATA[单县信息港]]></author>
  <time>2018-10-04 16:00:00</time>
  <account><![CDATA[shanxian369]]></account>
</data>
