<data>
  <id><![CDATA[51505022]]></id>
  <url><![CDATA[https://mp.weixin.qq.com/s?timestamp=1539596610&src=3&ver=1&signature=Egrj350GoKY8-KUcIJshb4AxJ7PIsV9FYisZHvHDYVWiJfu5g45YdbDKSGVcpE9NbjIGUciuypQdQGnvZKmIKnFP0vE0arbA837I3-4EGVlNJLvmStQoFatR6iM3kW9dxCYgma6W0Pl7UJxdJFlSsH8crF*hH7EryBTrnRwPwGU=]]></url>
  <title><![CDATA[▶【突发】单县五岔路口发生车祸，现场悲惨，120急救车都去了]]></title>
  <content><![CDATA["单县信息港"免费观看更多精彩内容商务合作请联系小编微信189799800]]></content>
  <author><![CDATA[单县信息港]]></author>
  <time>2018-10-13 11:08:59</time>
  <account><![CDATA[shanxian369]]></account>
</data>
