<data>
  <id><![CDATA[51505022]]></id>
  <url><![CDATA[https://mp.weixin.qq.com/s?timestamp=1539596610&src=3&ver=1&signature=Egrj350GoKY8-KUcIJshb4AxJ7PIsV9FYisZHvHDYVWiJfu5g45YdbDKSGVcpE9NbjIGUciuypQdQGnvZKmIKtqxqieHjTjSiq5O6kXL-QEYClylXwY4nNaogXcERaE93LXl-LBIX7UJtmJQ2bp0B4-A-*kouPn1rCQpwr7OgOE=]]></url>
  <title><![CDATA[单县国庆节最新旅游宣传片惊艳来袭！]]></title>
  <content><![CDATA["单县信息港"免费观看更多精彩内容商务合作请联系小编微信189799800]]></content>
  <author><![CDATA[单县信息港]]></author>
  <time>2018-10-01 09:04:52</time>
  <account><![CDATA[shanxian369]]></account>
</data>
