<data>
  <id><![CDATA[51505022]]></id>
  <url><![CDATA[https://mp.weixin.qq.com/s?timestamp=1539596610&src=3&ver=1&signature=Egrj350GoKY8-KUcIJshb4AxJ7PIsV9FYisZHvHDYVWiJfu5g45YdbDKSGVcpE9NbjIGUciuypQdQGnvZKmIKk3dBiFCltSfelzsBZ5*bw8nPeYSX5kaOVwn0s*1GHaKfsonJ88c3-u0ZiEdDxYvkHHgzfpz*q3RZIVWEeVuRD4=]]></url>
  <title><![CDATA[单县一小村里竟藏有非物质文化遗产传承人！]]></title>
  <content><![CDATA[商务合作请联系小编微信189799800]]></content>
  <author><![CDATA[单县信息港]]></author>
  <time>2018-10-06 08:14:00</time>
  <account><![CDATA[shanxian369]]></account>
</data>
