<data>
  <id><![CDATA[51505022]]></id>
  <url><![CDATA[https://mp.weixin.qq.com/s?timestamp=1539596610&src=3&ver=1&signature=Egrj350GoKY8-KUcIJshb4AxJ7PIsV9FYisZHvHDYVWiJfu5g45YdbDKSGVcpE9NbjIGUciuypQdQGnvZKmIKoyA3moX47xCoTJqVE3r4vlF-Ta6um33DURJd2EOpXkg9pVY7YjXdnUhLFxyq5JiR1zbwyFQfRPeUD4W*8O*ytw=]]></url>
  <title><![CDATA[提醒！今日起，单县城际公交线路临时绕行！]]></title>
  <content><![CDATA["单县信息港"免费观看更多精彩内容商务合作请联系小编微信189799800因人民路和广州路经常出现拥堵现象，影响城际公交车正常运行，自2018年10月8日起，菏泽汽车西站—曹县（931）、菏泽汽车西站—单县（971）、菏泽火车站—单县（972）、菏泽汽车总站—定陶（991）等线路绕行人民南路、五岔路口、广州路。01绕行后，菏泽汽车西站—曹县（931）途径站点暂改为：长江路成阳路口、长江路牡丹路口、长江路人民路南口、恒盛大市场东门、五岔路口、南外环（车管所）、广州路朱集、广州路张庄寨、广州路张坑、定陶老汽车站，到达定陶老汽车站后将按正常线路行驶。02绕行后，菏泽汽车西站—单县（971）途径站点暂改为：长江路成阳路口、长江路牡丹路口、长江路人民路南口、恒盛大市场东门、五岔路口、南外环（车管所）、广州路朱集、广州路张庄寨、广州路张坑、定陶区人民政府，到达定陶区人民政府站点后将按正常线路行驶。03绕行后，菏泽火车站—单县（972）途径站点暂改为：长江路人民路南口、恒盛大市场东门、五岔路口、南外环（车管所）、广州路朱集、广州路张庄寨、广州路张坑、定陶区人民政府，到达定陶区人民政府站点后将按正常线路行驶。04绕行后，菏泽汽车总站—定陶（991）途径站点暂改为：中北新都心、牡丹路中华路北口、天香公园、市政府、新苏天美、和平路口、长江路人民路南口、恒盛大市场东门、五岔路口、南外环（车管所）、广州路朱集、广州路张庄寨、广州路张坑、定陶汽车站。.请广大市民提前做好出行准备，在指定站点候车，如有不便，敬请谅解。如您有任何疑问可拨打菏泽城际公交服务热线：0530——5858369。来源：菏泽城际公交]]></content>
  <author><![CDATA[单县信息港]]></author>
  <time>2018-10-08 17:20:17</time>
  <account><![CDATA[shanxian369]]></account>
</data>
