<data>
  <id><![CDATA[51505022]]></id>
  <url><![CDATA[https://mp.weixin.qq.com/s?timestamp=1539596610&src=3&ver=1&signature=Egrj350GoKY8-KUcIJshb4AxJ7PIsV9FYisZHvHDYVWiJfu5g45YdbDKSGVcpE9NbjIGUciuypQdQGnvZKmIKsoxarG-Uucn3ZqHt5LTxW5TU4Et8p7LET9J7rWRycxtCoIEnuOcCOQoHIFi3iz-Zakf1kgTH-bWp4riD*omt7M=]]></url>
  <title><![CDATA[单县三男子酒后打保安被刑拘！谁你认识？]]></title>
  <content><![CDATA["单县信息港"免费观看更多精彩内容商务合作请联系小编微信189799800国庆假日，大家少不了聚会喝酒。但是有些人却喝酒后不能“自控”，开始耍酒疯。近日，单县三名男子醉酒后无故寻衅滋事，现已被单县警方刑事拘留。10月4日，单县公安局东关派出所接到群众报案：有人打人了！值班民警迅速出警，到达现场后发现，三名醉醺醺的男子正在辱骂一名身穿保安服的男子，并推搡该男子。民警立刻疏散围观群众，并将四人带回派出所做进一步调查。经了解，原来，身穿保安服的男子姓刘，是单县某药业公司的保安，今天正在值班，下午2点半左右，三名醉酒男子刘某，王某和高某来到该药业公司，在门口大声嚷嚷这是自己家开的，自己要进去拿钱，刘某看到三人醉醺醺的样子便立即阻止，三人一看进不去，便开始辱骂并殴打保安刘某，这才发生了之前的一幕。在民警的帮助下，三名男子很快酒醒了，并对自己的行为表示后悔不已。目前，三名男子已经被单县警方刑事拘留。]]></content>
  <author><![CDATA[单县信息港]]></author>
  <time>2018-10-11 14:27:46</time>
  <account><![CDATA[shanxian369]]></account>
</data>
