<data>
  <id><![CDATA[51505022]]></id>
  <url><![CDATA[https://mp.weixin.qq.com/s?timestamp=1539596610&src=3&ver=1&signature=Egrj350GoKY8-KUcIJshb4AxJ7PIsV9FYisZHvHDYVWiJfu5g45YdbDKSGVcpE9NbjIGUciuypQdQGnvZKmIKoyA3moX47xCoTJqVE3r4vk0P8P0Q0QKtrXo-xi5KTCsJy9o8ICUQvYNzVB5pkq6IwY4VQ3PkbX3cSo4OgQwfeo=]]></url>
  <title><![CDATA[菏泽康庄一个小孩被偷了？警方说出了真相......！]]></title>
  <content><![CDATA["单县信息港"免费观看更多精彩内容商务合作请联系小编微信189799800下午在菏泽朋友圈疯传在菏泽市牡丹路康庄附近有人偷小孩并附带现场视频视频情况如下：再次提醒大家在进行信息传递时一定要仔细甄别核实以后再传播以免造成不必要的恐慌尤其是涉及到孩子，都比较紧张不要以讹传讹，更不要不明真相就传播！]]></content>
  <author><![CDATA[单县信息港]]></author>
  <time>2018-10-08 17:20:17</time>
  <account><![CDATA[shanxian369]]></account>
</data>
