<data>
  <id><![CDATA[51505022]]></id>
  <url><![CDATA[https://mp.weixin.qq.com/s?timestamp=1539596610&src=3&ver=1&signature=Egrj350GoKY8-KUcIJshb4AxJ7PIsV9FYisZHvHDYVWiJfu5g45YdbDKSGVcpE9NbjIGUciuypQdQGnvZKmIKsoxarG-Uucn3ZqHt5LTxW5cFfFH4qUE0-E-aSiJyX38SqMtTYUQUtM493oeokoQ9DVecHKVglsqAuxA091BhEg=]]></url>
  <title><![CDATA[单县男子身份信息被冒用，莫名背上刑事案！]]></title>
  <content><![CDATA[商务合作请联系小编微信189799800闫宪玉,男,1978年8月出生。现在在河南商丘工作。老家在山东省菏泽单县。真假【闫宪玉】     受访者供图事件近日，闫先生乘坐单县-商丘的大巴车经过商丘市双八镇时，经过安检部门核查发现自己有犯罪记录，当时检查站的民警问闫先生，闫先生说自己并没有犯过罪,闫先生和民警辩解了好久,当时一车的乘客都用异样的目光看着闫先生,觉得他是个坏人,民警输上闫先生得身份证号就显示有犯罪记录，但犯罪记录上的照片不是闫先生本人。闫先生想，自己明明没有犯过罪，怎么身份信息竟然在毫不知情的情况下有了案底？但只得接受调查并签字才被放行，这让闫先生感到十分的屈辱。后来按照警方的说法，2006年一名与闫先生同名的男子因刑事案件被逮捕后盗用了他的身份信息，后进入监狱服刑。如今查此人，竟然已经注销死亡。如今，真正犯罪的人逍遥自在，儿子都已经当了兵，踏实在家工作的老实人却背了案底，子女上学工作都受到种种限制！此后闫先生多次在乘车或入住酒店时被警方拦截询问，而自己也因为“犯过事儿”无法通过政审，闫先生也放弃了入党。闫宪玉的妻子告诉我们，他们2001年结婚到2018年3月从没有去过深圳，更不可能在深圳坐过牢，每次被检查站民警拦下来核对身份并记录都会被耽误个把小时,最后民警都会告诉他:如果你真的没有犯罪记，就回你们当地派出所查下档案并消除犯罪记录,如果不消除会影响到下一代孩子的前程,后来他们到了北京的工厂也没心思干活了,觉得身上背着刑事案件，怎么都想不通，决定回老家调查。他们先去了单县李田楼乡派出所,给民警说了下大概情况,拿出身份证查询得知身份证信息被深圳市宝安区人民法院判刑的犯罪嫌疑人所冒用。简要案情描述：:嫌疑人闫宪玉于2006年4月25 日因涉嫌在观澜三和餐厅打架,被深圳市宝安区(现归深圳市龙华区)观澜派出所民修抓获,因犯故意伤害罪被判4年。闫先生通过多种渠道催促公安机关删除关于她的“犯罪记录”。但目前仍未如愿。其实相关部门也有难处：明知闫先生是冤枉的，但按照警方相关要求，必须要有假“闫宪玉”的真实身份信息，才能删除闫先生的“犯罪记录”。可问题是，假“闫宪玉”在哪儿呢？事情似乎陷入一个死结。民警说这件事情非常少见,得等到明天领导在的时候再说。然后我又去了村委会找了支书,给他说了下大概,他也不知道怎么办。后来我又去了单县李田楼派出所,指导员到户籍科查询说:身份证无迁户,无补办,这种情况需要上县局汇报,让我等通知。于是我又去了几趟,一直说让我等信,接下我又去了县户政科,信访局等,户政科说让李阳楼派出所和村委会出个证明,拿着身份证户口本去原办家单位销案。2018年4月5日我去了深圳,经询问得知该事件可能归深圳市龙华区观澜派出所和松元派出所管,4月8日我先去了松元派出所,民警查询说这件事归龙华区观澜派出所管,于是我又去了观澜派出所说了下具体情况。相关部门称已启动纠错程序观澜派出所冯警官说:2006年5月25日抓的闫宪玉和你重名,可是出生是1974年的,不是你1978年的,我让冯警官看了一下我从李田楼派出所打印的犯罪嫌疑人的记录档案,然后冯警官说我们调查下问题出现在哪里,最后警官说:经核对确定不是你,我们会一级一级的上报给你消除犯罪记录。公安机关将尽快纠正闫先生身份信息中出现的错误现状=闫先生现在去任何地方，坐公共汽车，高铁，火车都依然会被调查，网上查询依然是处在黑名单中，闫先生的孩子即将考学，身上的案底不消除也会影响到孩子的参加公务员考试、征兵、银行、国企、事业单位、军校和警校等的政审。不能通过政审，就无法通过公务员考试、当兵、到银行、国企、事业单位上班。可以说闫先生已经替假“闫宪玉”背了十几年黑锅，为了消除案底，来回奔波也是一笔不菲的支出，如今却依然没有一个合理的解决方案，希望相关部门能尽快纠正有关闫先生身份信息中的错误，还他一个清白。]]></content>
  <author><![CDATA[单县信息港]]></author>
  <time>2018-10-11 14:27:46</time>
  <account><![CDATA[shanxian369]]></account>
</data>
