<data>
  <id><![CDATA[51505022]]></id>
  <url><![CDATA[https://mp.weixin.qq.com/s?timestamp=1539596610&src=3&ver=1&signature=Egrj350GoKY8-KUcIJshb4AxJ7PIsV9FYisZHvHDYVWiJfu5g45YdbDKSGVcpE9NbjIGUciuypQdQGnvZKmIKtqxqieHjTjSiq5O6kXL-QGZBdPHPBf52YYzkuJK5NEL6*GljvruSIw1VS1tqqke9E-B7Ng27iulNyBG7LNa2co=]]></url>
  <title><![CDATA[单县一纺织厂突发大火]]></title>
  <content><![CDATA[商务合作请联系小编微信1897998002018年09月30日16时35分，单县消防大队接到报警：位于单县山东鑫马网纱股份有限公司起火，消防大队及时调派消防车辆和消防官兵赶赴现场。16时43分辖区中队到达现场，17时10分现场处置完毕，无人员伤亡。目前，火灾原因正在调查中。单县安监局2018年9月30日]]></content>
  <author><![CDATA[单县信息港]]></author>
  <time>2018-10-01 09:04:52</time>
  <account><![CDATA[shanxian369]]></account>
</data>
