<data>
  <id><![CDATA[51505022]]></id>
  <url><![CDATA[https://mp.weixin.qq.com/s?timestamp=1539596610&src=3&ver=1&signature=Egrj350GoKY8-KUcIJshb4AxJ7PIsV9FYisZHvHDYVWiJfu5g45YdbDKSGVcpE9NbjIGUciuypQdQGnvZKmIKnFP0vE0arbA837I3-4EGVl5GFR9L1SluTD6Q7d8Tm*6WUMjej81WQJ3IGLQED1S0JE*v*LKrb2HqMaAGOf54*Q=]]></url>
  <title><![CDATA[火爆！单县羊绒貂绒展销会！每年仅此一次（人山人海）]]></title>
  <content><![CDATA[10月15日—10月27日单县首届苏杭羊绒貂绒大型特卖会来了只有13天哦还可免费领取珍藏版棉麻围巾领取方式请看底部留言衣柜里面怎能少得了一件美貌与温度并存的双面羊绒大衣女人衣橱必备~2019新款特卖超大型工厂特卖会羊绒大衣工厂店单县富丽华大酒店大厅10月15日开始10月15日开始10月15日开始[ 单县站 ]皮草羊绒大衣290元起羊毛衫、打底衫貂绒衫60元起在这里没有代理没有商场和门市高额的租金直接让利给您买一件也给你工厂批发价终有一款适合您！而且超值全场皮草羊绒大衣290元起！羊毛衫、打底衫、貂绒衫60元起！明星都穿啥？往下拉 答案告诉你...2019新款特卖就在单县富丽华大酒店火爆的现场小编先带大家感受一下上海、杭州、南京展会的火爆氛围全国巡展特卖会会场特卖会时间10月15日开始（全场60元起）为感谢“单县”的广大粉丝盛情相邀江苏苏州、浙江杭州知名品牌联袂直供，全城超低价，美丽绽放！一场皮草羊绒大衣的特卖盛会2019新品全国巡展特卖会特卖会时间10月15日开始（全场60元起）单县富丽华大酒店一楼大厅千余款式羊绒大衣任你选择哦！商场专柜价需要1680-3980元本次展销仅需工厂直供价江苏苏州、浙江杭州羊绒大衣全场290元   390元  490元  ......时间有限哦~小编提醒还没购买赶紧去，晚了就没尺码了，机会千载难逢。赶紧记住酒店地点，拉上小姐妹们、带上妈妈，一起购起来~双面羊绒大衣工厂内销，新品特卖！羊绒大衣290元起！▼品质有保障▽羊毛衫、羊毛裤▽绅士风格往下拉▽车间实景▽超级福利奉上！粉丝福利10月15日-10月27日①. 1.8米珍藏版棉麻围巾免费送（价值38元）②. +10元换购一条1.8米高档羊绒围巾一条（价值188元）二选一（微信好友要求50人以上）更多活动详情现场展会发放时间展览期间早上9:00-11:00下午2:00-5:00活动期内每人仅限1条！活动真实有效！活动最后一天仅限上午领取，下午不再发放（领取方式请看底部留言）▶ ▶ 路线导航◀◀单县富丽华大酒店（一楼大厅）▼▼展厅地址单县富丽华大酒店一楼大厅活动日期10月15日开始—10月27日结束（13天）营业时间8:30—20:30大规模生产基地工厂拥有18,000平方米的生产基地，2800名固定员工，及每年出口12个国家和地区高达1.000.000余件产品。2017年，工厂增加15条生产线，8条手工高端生产线，预计年产量达5000000余件！！！]]></content>
  <author><![CDATA[单县信息港]]></author>
  <time>2018-10-13 11:08:59</time>
  <account><![CDATA[shanxian369]]></account>
</data>
