<data>
  <id><![CDATA[51505022]]></id>
  <url><![CDATA[https://mp.weixin.qq.com/s?timestamp=1539596610&src=3&ver=1&signature=Egrj350GoKY8-KUcIJshb4AxJ7PIsV9FYisZHvHDYVWiJfu5g45YdbDKSGVcpE9NbjIGUciuypQdQGnvZKmIKnIicEli0KtGd*tJJuJSG0UVs*AofO6Vk0OxYdds4etSU34c7R1B*YjFENZ4w8SgBkOKT*61ZDBnAlSfQoYl1WI=]]></url>
  <title><![CDATA[单县查处6起有偿补课老师2名校长，都认识吗？]]></title>
  <content><![CDATA[商务合作请联系小编微信189799800经县委、县政府研究决定，3月10日至9月10日，由县纪委联合县教育局、县公安局等七个部门组成专项整治工作领导小组，在全县开展在职教师有偿补课专项整治工作。工作开展以来，查处有偿补课案件6起，2名校长被全县通报批评，教育主管部门责令3名校长书面检查。南城第一小学教师赵素华因违规举办辅导班受到行政记过处分，并调离南城第一小学到终兴学区任教，三年内不准评先评模晋职晋级；南城第一小学教师张德荣因违规举办辅导班受到行政记过处分，并调离南城第一小学到杨楼学区任教，三年内不准评先评模晋职晋级；南城第一小学校长李忠云因履行职责不力受到全县通报处理。单县第一中学教师周金领因违规举办辅导班受到行政记过处分，本年度考核定为不合格，扣除2018年度效益奖金及一切公共福利待遇，三年内不准评先评模晋职晋级。县教育主管部门责令单县第五中学将校内所有辅导机构全部撤出学校，对该校董事长单衍立予以全县通报批评。解散了单县第一中学、第五中学、慧光中学、阿尔法培训教育等学校和培训机构涉及违规有偿举办的辅导班十余个。通过开展专项整治活动，有效遏制了在职教师进行有偿补课的泛滥势头，群众投诉、举报在职教师有偿辅导的数量大幅下降，社会效果较为明显。]]></content>
  <author><![CDATA[单县信息港]]></author>
  <time>2018-10-12 17:04:34</time>
  <account><![CDATA[shanxian369]]></account>
</data>
