<data>
  <id><![CDATA[50514416]]></id>
  <url><![CDATA[https://mp.weixin.qq.com/s?timestamp=1539596364&src=3&ver=1&signature=Egrj350GoKY8-KUcIJshb*3K9tLqidHJTrrPYFtVuZryS3D*1BNTcwouS2E0JRYVFl2UDJazSRgoL4dAaKkTtOQK1yxShn8gJdhk7uDKqpx8xuM*Z7xohZ-VZULd2KyDii4f1DO-CMR45vgp3TeY9zrR3sK-JQfxcdWTmeDSLfQ=]]></url>
  <title><![CDATA[俱乐部中艺汇|万幅书画进万家精品书画免费挂]]></title>
  <content><![CDATA[为感谢京城读者多年以来的支持与厚爱，北京晚报读者俱乐部与收藏领域知名服务品牌中艺汇现代收藏艺术馆，共同启动“万幅书画进万家•名人书画免费挂”活动。所有读者都可参加选画活动，可以根据自身喜好自主选择书画作品，然后将选中的精品书画真迹作品带回家，免费悬挂一年。活动参与办法1、本次活动限北京市范围内的读者参加，每个家庭限领取一幅作品。选取作品的读者，需携带身份证。2、读者选择自己心仪的书画作品后，享有免费悬挂一年。在一年的免费悬挂期后（或期限内），如不再需要该项服务，在确保无人为因素损坏的情况下，可以无条件退还该书画作品。3、读者选择书画作品后，可自行装裱；也可选择在活动的“选画中心”装裱，装裱费用需自理。活动主办方“中艺汇”根据作品的不同风格和属性，特别定制了不同规格、质地优良的实木书画框，价格95元至135元。4、在选画中心填写完相关信息，即可当场领走心怡的书画。5、符合条件的读者均可参与选画：曾经参加北京晚报读者俱乐部组织任何读者活动的读者曾经购买过北京晚报读者俱乐部自营商品或报名参加旅游活动等的读者订阅《北京日报》、《北京晚报》、《北京晨报》等报的读者本次活动的所有服务内容，由“中艺汇”提供选画地址1、西城区白纸坊东街2号经济日报东门（北京晚报读者俱乐部）交通路线：地铁4号线陶然亭站D口向南50米工作时间：周一至周五（9:00-17:30），节假日休息咨询电话：521755162、朝阳区左安路1号十里河文化园A座三层（中艺汇现代收藏艺术馆）交通路线：地铁10号线、14号线十里河站E出口工作时间：周一至周六咨询电话：57468959作品展示每幅作品都是精品为确保每幅作品都是精品，活动主办方“中艺汇”甄选在中国书画领域造诣高、备受市场认可的艺术家组成“万幅书画进万家”创作团队。在艺术家的选拔上，通过独特的眼光和现今书画艺术的特性，从书画的气、骨、神、韵等全方位评估鉴定。从中国美协、书协，悉心遴选出一批具有深厚的文化艺术修养、广博的专业知识和丰富的艺术的优秀书画艺术家。]]></content>
  <author><![CDATA[北京晚报读者俱乐部]]></author>
  <time>2018-10-12 15:34:43</time>
  <account><![CDATA[bw_club]]></account>
</data>
