<data>
  <id><![CDATA[50514416]]></id>
  <url><![CDATA[https://mp.weixin.qq.com/s?timestamp=1539596364&src=3&ver=1&signature=Egrj350GoKY8-KUcIJshb*3K9tLqidHJTrrPYFtVuZryS3D*1BNTcwouS2E0JRYVFl2UDJazSRgoL4dAaKkTtAdV4R5IGh8O4quDNP-Ji0uwxA91LGpGwgz0KzOy8YA09U-XEH2kOAc8H64XrAUCGjNZ6PP105*OGpPXXSV2kX0=]]></url>
  <title><![CDATA[每周数独|动动脑，动动笔，玩数独]]></title>
  <content><![CDATA[数独SUDOKU是一项风靡全球的益智运动，其规则简单，客观限制条件少，只需一纸一笔，从3岁孩童到百岁老人都可以参与。为了让读者有更多的机会接触数独，读者俱乐部微信每周都会发布一期数独题，开动脑筋，一起来玩玩数独吧！玩数独标准数独：将数字1至9填入空格内，使得每行、每列、每个粗线围成的3×3的宫都出现1-9且不重复。第一题题目难度：★☆☆☆☆（答案见文末）对角线数独：将数字1至9填入空格内，使得每行、每列、每个粗线围成的3×3的宫，以及两条对角线上，都出现1-9且不重复。第二题题目难度：★★☆☆☆（答案见文末）答案第一题第二题]]></content>
  <author><![CDATA[北京晚报读者俱乐部]]></author>
  <time>2018-10-13 07:00:00</time>
  <account><![CDATA[bw_club]]></account>
</data>
