<data>
  <id><![CDATA[50514416]]></id>
  <url><![CDATA[https://mp.weixin.qq.com/s?timestamp=1539596364&src=3&ver=1&signature=Egrj350GoKY8-KUcIJshb*3K9tLqidHJTrrPYFtVuZryS3D*1BNTcwouS2E0JRYVFl2UDJazSRgoL4dAaKkTtEPflrGv1UbUv0U-Lvcrj5jGas34*OgNmCkBnRehbrKfTiBrHn8lPhwdq1ctEs*GdEa9jIzbYJt4nycdyCQcFtA=]]></url>
  <title><![CDATA[主人抱怨上周的衣服还没洗，金毛叼着就进了洗手间，结果……]]></title>
  <content><![CDATA[很多人都觉得金毛狗狗自带绅士气质，既聪明又暖心，所以很多铲屎官都很喜欢养金毛，说实话金毛要是调教好了真能变成家里的得力小助手，可是金毛要是调教不好，而和养了一只二哈也没什么区别了！上周主人出差回家，金毛躺在地上似乎并没有迎接主人的架势，看到主人回来依然不动弹。金毛：铲屎的，你还知道回来，你留在家里的狗粮不够吃的，老子差点饿死，你知不知道……主人来到家里看到竿子上挂着的衣服也十分的不满意，主人抱怨道“上周放在这的衣服还没有洗，哎呀……”主人的意思很明显，就是希望金毛能够帮个忙，金毛听到主人的抱怨声居然起来了。看来金毛果然能够听到主人的话，金毛叼着衣服就进了洗手间，看上去非常勤快，主人看到金毛这样做，感到非常的欣慰啊。主人想要好好地夸奖一下金毛，就在金毛后面跟着金毛进了洗手间。可是……主人到洗手间看到的那一幕瞬间就傻眼了！主人心思着明明自己养的是大暖汪金毛，怎么它心里还住着一只二哈呢……金毛：铲屎的，你不是要洗衣服吗，我给放在这里好好洗一下。哈哈哈，金毛实在是太“坏”了，很多网友看到这里都被金毛给逗笑了，有网友说“哈哈哈，金毛一定是在报复铲屎官没留够狗粮”，“干的漂亮啊，金毛太机智了”，“看来以后有铲屎官受的呀”。]]></content>
  <author><![CDATA[北京晚报读者俱乐部]]></author>
  <time>2018-10-14 07:00:06</time>
  <account><![CDATA[bw_club]]></account>
</data>
