<data>
  <id><![CDATA[50514416]]></id>
  <url><![CDATA[https://mp.weixin.qq.com/s?timestamp=1539596364&src=3&ver=1&signature=Egrj350GoKY8-KUcIJshb*3K9tLqidHJTrrPYFtVuZryS3D*1BNTcwouS2E0JRYVFl2UDJazSRgoL4dAaKkTtOQK1yxShn8gJdhk7uDKqpzqgwRVOPnPWnqANfXRgvJ9*LwYWyG5slQhMhhq-oZZ*Xx0ainBS43qVVSx3QF*A2M=]]></url>
  <title><![CDATA[今日北京晚报10.12|前三季度PM2.5同比下降16.7%]]></title>
  <content><![CDATA[【封面】五层楼顶平台上盖小屋摆进双人床，手指粗铁丝拴住木凉亭，停车场里“圈地”，车位上盖起食堂。从今天起，西花市大街启动拆除可视范围内最后的违建。【天气预报】今夜：晴转多云 南转北风一二级 最低气温8℃明天：多云间晴 北转南风二三级 最高气温20℃【北京新闻】1“回天地区”商业配套短板补齐记者今天上午从昌平区获悉，位于回龙观西侧的昌发展万科广场正式开业，这标志着“回天地区”的双创产业空间龙域中心实现办公空间、人才公寓、商业配套等完备功能，昌平区最大的职住综合体形成。2前三季度PM2.5同比下降16.7%北京市环保局昨天公布今年前三季度全市空气质量状况。从1月至9月，全市细颗粒物PM2.5的平均浓度为50微克/立方米，同比下降16.7%。值得注意的是，北京1月、8月和9月PM2.5浓度都达到了国家空气质量年评价标准二级限值，实现有监测数据以来历史同期最好水平。32017年度水污染防治工作考核结果公布今天上午，北京市环保局公开了对各区2017年度水污染防治工作考核的结果。根据《北京市水污染防治工作方案实施情况考核办法（试行）》，综合考核结果为：延庆区、怀柔区、密云区为优秀；海淀区、门头沟区、石景山区、西城区、朝阳区、平谷区为良好；丰台区、昌平区、通州区、大兴区、东城区、顺义区为合格；房山区为不合格。下一步，北京市环保局将组织对考核不合格的房山区实施约谈，并对其不达标流域内乡镇实施环评限批。4海淀将投资百亿元扶贫昨天，海淀区发改委等部门发布扶贫工作进展。截至目前，海淀区驻区企业已在内蒙古敖汉旗等6个帮扶地区签约合作项目40余个，涉及总投资约100亿元，目前已实际完成投资8亿元，带动帮扶地区近万人属地就业，帮助建档立卡贫困人口脱贫约3000人。5北京植物园将添百余高清探头北京植物园今天就本报之前《游客生掰枝条鸡蛋花惨遭摧折》报道回应称，将对监控设施进行改造升级，并在全园新增105个高清监控探头，年底前建成监控指挥中心,加强对园内植物花卉的保护。同时，植物园正自主寻找掰折鸡蛋花的三位游客，并积极配合相关部门进行甄别和查找，如身份查实，将按规定予以处理。植物园已将此事上报旅游管理部门，待身份查实后，旅游管理部门将把这三位不文明游客列入“游客不文明行为记录”。【财经科技】1“走进文博会看北京”上午启动走进史家胡同博物馆去体验老北京的胡同文化，参观首钢工业遗址公园，到北京月坛雅集传艺荟看80后新锐画家画展……上午，2018年“走进文博会看北京”系列活动正式启动，除文博会设在国展中心的主会场展览外，活动共征集10家资源共享单位推出各具特色的活动，带市民感受“文化之美”。22018年中国技能大赛启动昨天，2018年中国技能大赛——第八届全国数控技能大赛决赛暨“技能中国行2018—走进北京”系列主题活动启动。全国29个省份共计687名选手参与竞技。截至目前，本市技能劳动者总量超过330万人，高技能人才达近百万人。【国内国际】117种降价抗癌药11月底能买到国家医保局昨天对将17种谈判抗癌药纳入医保的情况进行了详细介绍。相关部门已对抗癌药的落地工作进行部署，确保患者在今年11月底前逐步能买到降价后的抗癌药。据悉，国家医保局已经制定了一系列工作计划，确保“让谈判药最终吃到患者嘴里”。下一步，国家医保局将给各地印发谈判结果的文件，加快指导地方执行落地，要求各地在10月底前将谈判药品按照支付标准在省级集中采购平台公开挂网，医保部门要调整医保信息系统，确保11月底前开始执行。2趵突泉喷涌造假？景区澄清济南以泉水著称，刚刚过去的十一假期，“天下第一泉”趵突泉更是吸引了不少游客。有网友发微博质疑趵突泉喷涌存在造假，称在园内听到了水泵的声音，并循声找到了配电室。不少济南的网友坐不住了，纷纷留言，“我住在趵突泉附近，是真泉。”“今年雨水多，地下水充足，周边72名泉涌水量都不小。”记者探访趵突泉景区，工作人员正在用水泵给园区灌溉，“水泵从趵突泉抽水，给道路两边的绿植浇水。”工作人员表示，令网友产生疑问的水泵主要用来浇灌，并非抽取泉水。另外提到的配电室为景区变电箱，与水泵无关。3秦岭北麓600多栋违建别墅被拆“这回政府是动真格了！”7月30日开始的陕西省秦岭北麓西安境内违规建别墅问题专项整治行动已历时两个多月，大量违规建设在青山绿水间的私人别墅被拆除。西安市长安区和鄠邑区是秦岭北麓地区违建别墅项目较多的，截至10月9日，两个区共拆除违建别墅600多栋。专项工作分清查、整治、追责等几个阶段，违法建设别墅查清一栋拆一栋。.4沙特记者“失踪”案浮现更多细节美国国会参议院外交关系委员会主席鲍勃·科克10日说，他查阅了美国情报机构就沙特阿拉伯籍记者贾迈勒·卡舒吉“失踪”一事所获信息，卡舒吉“十有八九”在进入沙特驻土耳其伊斯坦布尔领事馆当天遇害。科克认定，无论卡舒吉在土耳其有何遭遇，沙特政府都有牵涉。《华盛顿邮报》10日援引美国官员的话报道，沙特王储穆罕默德曾下令采取行动，把卡舒吉从美国的住所引诱回沙特，随后予以拘押。5美国佛州遭遇80年最强飓风飓风“迈克尔”10日以四级飓风强度从美国佛罗里达州北部沿海地区登陆，所到之处狂风大作，吹倒树木，摧毁房屋，暴雨如注。受飓风影响，当地大约40万用户停电。美国气象部门说，这是佛州超过80年来遭遇的最强飓风，同时是有记录以来美国大陆遭遇的第三大飓风。【文体新闻】1十位作曲家同推新作“歌唱北京”歌唱北京的作品从来不缺，昂扬如《北京的金山上》，悠扬如《让我们荡起双桨》，鲜明如《前门情思大碗茶》，北京的种种风貌启发了数不清的艺术家。昨晚，北京市委宣传部与国家大剧院联合主办的“歌唱北京”新作品音乐会在国家大剧院音乐厅上演。著名指挥家吕嘉携手金郑建、王凯、么红、张宁佳等12位艺术家，与国家大剧院合唱团和管弦乐团共同演绎了八首由大剧院委约的新作。2澳芭上演“最华丽”版本《睡美人》昨晚，时隔三年再度来访的澳大利亚国家芭蕾舞团带着名剧《睡美人》在国家大剧院舞蹈节上亮相，舞团音乐总监兼首席指挥妮科莱特·弗拉永执棒中国国家芭蕾舞团交响乐团，与“澳芭”首席演员艾米·哈里斯、近藤亚香、郭承武等舞者一起，为观众织造了一场名副其实的童话梦境。3《超能泰坦》造“星球移民”好莱坞科幻片《超能泰坦》今天公映。电影讲述地球末日危机来临,一群军人被选中参加一项名为“泰坦计划”的军事实验项目，目的是为让人类能够在环境恶劣的泰坦星上生存。与以往的科幻电影不同，《超能泰坦》在打破穿越、救援老套路的基础上，贴近现实，打造最真实的“星球移民”图景，为观众开启多年以后人类生存的大幕。男主角萨姆·沃辛顿的“泰坦人”形象不仅皮肤泛着蓝白色，五官上也有所精简。这也是他继“阿凡达”之后又一次“变身”。4女排“最高”之争“网上长城”赢了昨晚，2018年女排世锦赛16强复赛F组的最后一轮比赛，中国女排的对手是俄罗斯队。凭借身材上的优势，俄罗斯女排擅长高举高打，在世界女子排坛有着“高空轰炸机”的美誉。但参加本届世锦赛的中国女排，平均身高为1.872米，超过了俄罗斯队1.862米的平均身高，位列世界女子排坛第一。所以，这场中俄女排之战，也是目前世界上“最高”的两支女排正面交锋。5威尔士不敌斗牛士冰岛“吼平”高卢鸡法国、西班牙都曾是世界杯冠军，冰岛和威尔士都曾是大赛黑马，但在北京时间今天凌晨的热身赛上，命运各不同。世界杯上的黑马冰岛客场2比2战平新科世界杯冠军法国队。2010年世界杯冠军西班牙斗牛士客场4比1轻取此前欧洲杯的大黑马威尔士。【新闻点点评】新闻：英媒称，世界最古老最顶尖的高等学府之一英国牛津大学万灵学院今年出了一道这样的考题：“你愿意当吸血鬼还是僵尸？”其他题还有诸如“谷歌比我们自己更了解我们吗”等。万灵学院由坎特伯雷大主教亨利·契杰尔在1430年建立，不招本科生，通过考试的人自动成为学院院士。而这一考试之不同寻常素来有名，被称为最难的考试。（参考消息10月12日）点点评：还是当人吧。新闻：珠海男子崔某近年来一直认真研读当地交警的微信公众号文章，自认为掌握了交警查酒驾的规律，也侥幸躲过几次检查。日前，他按照自己总结的经验酒后驾车，被交警抓个正着。经查，崔某已属于醉酒驾驶，被依法刑拘，同时被吊销驾驶证、五年内不得重考。（南方都市报10月12日）点点评：别瞎抖机灵。新闻：此前，英国著名画家班克斯的画作《女孩与气球》在拍卖会上“自毁”，此事引起艺术圈一片哗然。拍下该作品的女收藏家11日证实，虽然画作“自毁”，她还是会继续这笔104万英镑的拍卖交易。（中新社10月12日）点点评：能升值吗？“北京人的晚报，北京城的符号”新闻详见当天北京晚报]]></content>
  <author><![CDATA[北京晚报读者俱乐部]]></author>
  <time>2018-10-12 15:34:43</time>
  <account><![CDATA[bw_club]]></account>
</data>
