<data>
  <id><![CDATA[50514416]]></id>
  <url><![CDATA[https://mp.weixin.qq.com/s?timestamp=1539596364&src=3&ver=1&signature=Egrj350GoKY8-KUcIJshb*3K9tLqidHJTrrPYFtVuZryS3D*1BNTcwouS2E0JRYVFl2UDJazSRgoL4dAaKkTtBTxIBOiUEOEUvf*CcwuVSuNiAYqcGBhkfKbRZmT8tKJigdWDMD67fyCCpqNPgJ6ElfeTTLnUqd*Q*htEM*hLf4=]]></url>
  <title><![CDATA[今日北京晚报10.09|11月1日起超标电动车可申领临时标识]]></title>
  <content><![CDATA[【天气预报】今夜：晴间多云 偏北风二级左右 最低气温3℃明天：晴间多云 偏北风二三级间四级 最高气温17℃【北京新闻】1全市近万处网点布局智能快递柜今天是第49个世界邮政日，记者上午从北京邮政综合处理中心了解到：目前北京邮政快递业务量和业务收入皆居全国第五位；人均使用快递、信函和订阅报刊量居全国第二位。目前，电子面单使用率超95%；全行业使用新能源车达到2000辆；全市9800处网点布放近万组智能快递柜；9月1日起，全市所有邮政营业网点全部使用环保包装材料……2门头沟科技园企业有望获房租补贴对于符合认定条件的成长型“高精尖”企业，在租赁写字楼、厂房方面享受连续3年的全额房租补贴，同时这些企业的员工可优先申请门头沟区内的共有产权住房。这是记者从今天上午开幕的中关村门头沟科技园双创周上了解到的。同期，门头沟政府还在双创周上发布了《2018北京市门头沟区高精尖企业认定及评价工作指南》。该指南由认定程序、认定条件、高精尖企业创新情况绩效考核三部分组成。3学校食堂采购食品要100%索证索票今年秋季开学以来，安徽芜湖等地区连续发生多起学生食品安全事件。以此为鉴，市教委和市食品药品监督管理局下发了《关于进一步加强中小学校幼儿园食品安全工作的通知》，要求强化落实学校食品安全主体责任，严格规范食堂食品原料采购管理，全面加强学校食品安全管理。4藜麦景观田绽放京郊“赏秋无须恋红叶，京郊藜麦俏田野”，走进延庆区永宁镇南山健源农业生态园，橘红色的藜麦穗迎风舞动，透着丰收的喜悦。这是北京市农业技术推广站经多年品种比较，筛选出的优质藜麦——“红藜”。藜麦能做景观田，还是一种粮食作物。为了调整种植结构、解决粮经作物品种单一问题，北京市农业技术推广站自2015年开始就陆续从山西、内蒙古、甘肃、青海等地引种藜麦资源在京郊的山区、浅山区种植。截至今年已累计示范种植藜麦1100亩，延庆的刘斌堡乡、四海镇、旧县镇和门头沟清水镇等地均有种植。511月1日起超标电动车可申领临时标识市交管局上午发布消息，凡使用不在产品目录内电动自行车的市民，可从今年11月1日起，按照规定申请并到指定地点领取临时标识。目前，交管部门正在抓紧研究制定过渡期管理及临时标识发放的具体办法，并将按规定予以公布。【财经科技】1贾跃亭与FF91或再陷困境针对10月7日恒大健康发布的公告，10月8日，由贾跃亭带领下的法拉第未来（FF）对外发布声明称，恒大未能履行其义务，并按照协议提供资金。恒大不应该扣留承诺的投资，同时阻止法拉第未来进行其他融资或接受投资。此前10月7日晚间，恒大健康发布公告称，贾跃亭单方面在10月3日向香港国际仲裁中心提出仲裁，要求剥夺恒大作为股东享有的有关融资的同意权，并解除所有协议。一位业内人士指出，“贾跃亭未达目的后单方面撕毁合约，实际上或是意欲踢恒大出局”。22018双创周北京会场上午开幕海淀率先推出概念验证支持计划每年支持20个概念验证项目、单项目最高支持50万元、配发最高10万元协同创新券……今天上午，2018全国大众创业万众创新活动周北京会场拉开帷幕。启动仪式上，海淀区发布了中关村科学城“概念验证支持计划”，支持区域内高校院所基础研究成果面向应用转化进行概念验证，降低科技成果转化的最初风险。【国内国际】1重庆八大措施完善医卫保障居民再增基本医保人均财政补助重庆市政府近日印发《重庆市深化医药卫生体制改革2018年下半年重点工作任务》，从全面推进公立医院综合改革、加快分级诊疗制度建设、巩固完善全民医保体系、健全药品供应保障机制、推进医疗卫生行业综合监管、建立优质高效的医疗卫生服务体系、统筹推进相关改革和完善保障措施8个方面，提出重庆深化医药卫生体制改革下半年重点任务，与市民生活息息相关。2上海启用全国首套新型行人过街提示系统“红灯，请等候。您已越线，请退回等候。”日前，上海外滩等多个重要路口启用了全国首套新型行人过街提示系统。与传统的红绿色指示灯相比，这套新型过街提示系统，不仅有LED灯光提示功能，还能通过感知系统抓拍查处交通违法者，并随时提醒闯红灯的行人，可谓集安全与科技于一身。除了语音和灯光提示，该系统还配备了高像素摄像头，集成了对违反信号灯的行人进行抓拍和查处的功能，并且实时在LED电子屏上公布违法照片，起到震慑违法的作用。3范冰冰偷逃税案件有关责任人被问责记者从国家税务总局江苏省税务局获悉，依据《中国共产党问责条例》、《行政机关公务员处分条例》和《税收违法违纪行为处分规定》，国家税务总局责成江苏省税务局对在范冰冰偷逃税案件中，因管理不力、负有领导责任的相关单位和人员，依规依纪进行了问责。4社交短视频催红“旅游神器”消费者需防“神器”变“神坑”国庆假期抖音等社交新秀正替代淘宝等网购平台掀起新一波带货浪潮。可拆卸折叠的“片片鞋”，不用吹气就能用的“捏捏枕”，杯口大小、扔水里能还原到一米左右的压缩浴巾……这些“旅游神器”成了假日内年轻人出门旅游的“消费新宠”，也带动诸多商家销售额一路飘红。对此，业内专家表示，消费者在购买这些“旅游神器”时，一定要注意生产厂家和购买过的用户评价，谨防买到“中看不中用”的三无产品，“很多网上走红的拖鞋、水杯、枕头等，都是会和消费者身体发生直接接触的产品。像消费者投诉的难闻气味，实际上包括了胺、苯酚、硫醇、过氧化物、氯乙烯单体等众多有害物质，严重时会引发呼吸道疾病或急性铅中毒，消费者采购时务须谨慎。”5候选人均没有获得过半票数巴西总统选举将打“加时赛”巴西总统选举投票结果7日揭晓，右翼总统候选人雅伊尔·博尔索纳罗以显著优势获得最多票数，但没有超过半数，因而将与左翼候选人费尔南多·阿达在第二轮投票“决战”。分析人士认为，面对第二轮投票，两位候选人需要提出更为具体的施政理念，尤其是同国家整体发展密切相关的计划。此前，博尔索纳罗在选战过程中并未提出过具体方针，在经济领域也缺乏对策。【文体新闻】1《新茶馆》首轮演了25场10月8日，国家艺术基金资助项目话剧《新茶馆》在北京师范大学北国剧场完成首轮25场最后一场演出。老舍先生《茶馆》是中国话剧史上的丰碑，也是新中国话剧现实主义创作的里程碑。编剧和璐璐以致敬老舍先生的态度，创作了《新茶馆》，老《茶馆》用三幕戏“葬送”了三个旧时代。而《新茶馆》用三幕戏描写了新中国现代化进程不平凡的三个历史时期。同样的社会大潮下不由自主的小人物，同样悲天悯人的家国情怀，同样幽默风趣的老北京台词风格，使得这次《新茶馆》25场演出收获了观众对剧本的强烈反响。2网上书店“着陆”长假意外“走红”“这个十一结账结到怀疑人生。每天都是不间断结账八小时。19:00结束营业，现在还有二十米长队……一点也不觉得实体书店药丸（要完）。”十一长假，多抓鱼CEO魏颖在朋友圈这样感叹。从10月2日至7日，多抓鱼将位于四惠桥旁的办公室打造成了一间实体二手书店。作为在业内拥有良好口碑的线上二手书交易平台，多抓鱼这次从线上“着陆”到了线下，小小的300平方米店面，竟然创下了六天卖出将近两万本书的业绩，这大大出乎多抓鱼工作人员的预料。3中国女排冲击世锦赛六强形势严峻昨天下午，在日本大阪举行的2018年女排世锦赛第二阶段16强F组复赛中，中国女排3比0击败阿塞拜疆队。郎平直言冲击6强形势严峻，必须计算到最小的细节。“与阿塞拜疆队的比赛，我要求大家要对比赛保持很高的专注度，因为现在的大形势对我们不利，每一局每一分都要算清楚，要做最困难的准备。因为16强赛形势难料，尤其是最后一轮，所以我们从现在开始，打谁都得玩儿命。”4国足苏州开练 朴成因伤退出昨天中午，由里皮带队的中国男足在苏州集中，备战同印度队、叙利亚队两场热身赛。全队在里皮的带领下，昨天进行了集中后的第一堂训练课。队中大部分球员因前一晚参加了本轮中超联赛，因此主要以恢复性训练为主。这次国家队备战热身赛共召入了23名队员，国安队的于洋、朴成、池忠国和于大宝入选，但朴成在国安队赛前训练中腿部肌肉拉伤，国家队队医组同意朴成休息养伤，为此里皮增补天津权健的张修维加入集训。5奥林匹克走进非洲大陆塞内加尔承办下届青奥会北京时间今天凌晨，在阿根廷布宜诺斯艾利斯召开的国际奥委会第133次全会上，塞内加尔的达喀尔成为2022年第四届青年奥林匹克运动会承办城市。这将是奥林匹克赛事第一次在非洲大陆国家举办。【新闻点点评】新闻：对国人来说，春节是固定不变的亲友团聚假期，唯一远程出游的机会就只有国庆黄金周，自然哪里都人满为患。因此，带薪休假要保障，但在落实难的情况下，不妨考虑恢复五一黄金周。而且长假中，更容易与家人朋友一起出行，协同效应带来了效用的提高，也产生出更多的消费需求拉动内需。（新京报10月9日）点点评：呼吁好多年了。新闻：近期的系列社会调研显示，中日韩三国愈来愈多的人主动选择“无婚恋”的独居生活方式，而且这类人对“单身贵族”生活方式的满意度呈现上升趋势。（环球时报10月9日）点点评：对影成三人。新闻：有着“东京厨房”之称的日本东京筑地市场6日迎来最后一个营业日。不过，由于市场长期提供场内老鼠源源不绝的食物，关闭后这些老鼠何去何从成隐忧。专家认为，近万只的老鼠恐先往场外市场移动。东京都政府将持续进行灭鼠大作战，采取“封锁”方式就地扑杀，不过附近民众仍表示深深忧虑。（环球时报10月8日）点点评：不敢想象那个画面……【漫画】母爱 绘画/侯天宁“北京人的晚报，北京城的符号”新闻详见当天北京晚报]]></content>
  <author><![CDATA[北京晚报读者俱乐部]]></author>
  <time>2018-10-09 14:47:44</time>
  <account><![CDATA[bw_club]]></account>
</data>
