<data>
  <id><![CDATA[50514416]]></id>
  <url><![CDATA[https://mp.weixin.qq.com/s?timestamp=1539596364&src=3&ver=1&signature=Egrj350GoKY8-KUcIJshb*3K9tLqidHJTrrPYFtVuZryS3D*1BNTcwouS2E0JRYVFl2UDJazSRgoL4dAaKkTtDDth4OnoGVFP8O8UuYVoaOPCbpT0IVWVhZL719Fli*h0LJZ1Zlhac1m5CyvS8mlOLjmdFZMvxlYY*olAgtoUTM=]]></url>
  <title><![CDATA[今日寒露|秋深露重，注意添衣]]></title>
  <content><![CDATA[寒露寒露是农历九月的节气。天文上规定，太阳到达黄经195°时为寒露，今年寒露交节是10月8日（农历九月初八）4时33分。《月令七十二候集解》说：“九月节，露气寒冷，将凝结也”，指到了这个节气，气温进一步降低，草木上的露水不仅发白，而且非常冰冷，快要凝结成霜了。民间称“吃了寒露饭，不见单衣汉”，这时，中国各地已全面进入秋季。插画：代圆圆寒露三候鸿雁来宾：寒露之日，“鸿雁来宾”。鸿雁白露节气已经开始南飞了，此时是最后一批，古人称后至者为“宾”。雀入大水为蛤：后五日“雀入大水为蛤”，鸟雀入大海化为蛤蜊，飞物化为潜物，古人对感知寒风严肃的一种说法。菊有黄华：再五日，“菊有黄华”，华是花，草木皆因阳气开花，独有菊花因阴气而开花，其色正应晚秋土旺之时。习俗登高赏红叶此时，我国北方已呈深秋景象，白云红叶，偶见早霜，南方也秋意渐浓，蝉噤荷残。在北京，登高习俗更盛，景山公园、八大处、香山等都是登高的好地方。香山漫山红叶如霞似锦、如诗如画，吸引无数游人。秋钓边每到寒露时节，气温快速下降，深水处太阳已经无法晒透，鱼儿便都向水温较高的浅水区游去，便有了人们所说的“秋钓边”。吃母蟹俗话说“西风响，蟹脚痒”，天一冷螃蟹的味道就要“正”了。“九月团脐，十月尖”，寒露时节雌蟹卵满、黄膏丰腴，正是吃母蟹的最佳季节。但由于螃蟹性寒，应适量食用。吃芝麻民间有“寒露吃芝麻”的习俗。在北京，与芝麻有关的食品都成了寒露前后的热门货，如芝麻酥、芝麻绿豆糕、芝麻烧饼等。寒露养生“九月节，露气寒冷，将凝结也”。“寒露”乃“露气寒冷凝结”之意，意思是气温会比白露时节更低，地面露水即将凝结成霜。随着寒气的增长，万物逐渐凋落，阴阳之气开始转变，阳气渐消，阴气渐长，天气逐渐转冷。此时稍不注意，邪气就会乘虚而入，侵袭人体，罹患各种疾病。此时间要注意几点养生调理的方式，有助于减少疾病的发生：寒露脚不露寒露一词，是二十四节气中最早出现“寒”字的节气，标志着气候将向寒冷过渡。寒露过后，昼夜温差加大，此时早晚应及时添加衣物，特别是要注意脚部的保暖，正所谓“白露身不露，寒露脚不露”。中医认为，百病从寒起，寒从脚下生。此时要注意避免脚部受寒。足部是足三阴经及足三阳经所经之处，若脚部受寒，寒邪循经侵入人体，影响其脾胃、肝胆、肾及膀胱等脏腑功能。此外，还应该养成睡前用热水泡脚的习惯，这不但能够改善局部的血液循环，而且还能缓解疲劳，有助于睡眠。多食滋阴之品寒露时节正当金秋之时，燥气当令，当燥邪之气侵袭人体时，以耗伤津液为主，津液既耗，则必见一派燥象，容易出现诸如舌燥咽干、咳嗽少痰、皮肤干燥、口唇干裂等秋燥症状。此时宜多食滋阴润燥、养阴润肺之品，如蜂蜜、芝麻、糯米、百合、番茄、梨、香蕉等。此外，还应少食油腻厚味及辛辣之物，如辣椒、花椒、桂皮、酒等。因为秋季对应的脏腑是“肺”，更因以“防肺燥，护阴津”为主，饮水以温热为佳。注重调畅情志《黄帝内经》云：“起居有常”，指的是提倡按时作息，避免贪睡多睡损伤人体的正气，同时也应该避免熬夜透支耗损阴津。所以，在寒露之后，应遵循“日出而作，日落而息”的原则，调整作息时间，早睡早起，以调节阴阳平衡，调和脏腑气血。秋风萧瑟，万物凋零，由盛转衰，不免让人触景生情，勾起人们心底忧郁的心绪，特别是对于老年人来说，凄凉垂暮之感更胜，此时情绪调养十分重要，应保持积极乐观的心态，安宁平静的心情，以缓和秋天的肃杀之气对人的影响。运动有讲究寒露节气后，运动方面也要有所调整，可以选择慢跑、登山、散步等形式，但运动时间不宜太早，这是因为晨起气温太低，身体素质较弱者容易感受寒邪。同时不论何种运动，都不宜过量，在全身微热，尚未出汗或微微出汗时，即行停止，应避免大汗淋漓，以保持阴液内敛，不使阳气外耗，否则会伤阴损阳。若遇到阴雨天气时，可选择在室内运动，不可冒雨涉水，以免感受寒湿。来源：人民日报、新华网、中国中医药报、首都之窗编辑]]></content>
  <author><![CDATA[北京晚报读者俱乐部]]></author>
  <time>2018-10-08 15:00:39</time>
  <account><![CDATA[bw_club]]></account>
</data>
