<data>
  <id><![CDATA[50514416]]></id>
  <url><![CDATA[https://mp.weixin.qq.com/s?timestamp=1539596364&src=3&ver=1&signature=Egrj350GoKY8-KUcIJshb*3K9tLqidHJTrrPYFtVuZryS3D*1BNTcwouS2E0JRYVFl2UDJazSRgoL4dAaKkTtGreOBmTBK-EJjzaTLhVaiNs-Kag7SdV7piLP9wFjNdrEB1wZ*lNMJz4P5FOul94XOZqmKD8lfXUp8UNLb0ZXpw=]]></url>
  <title><![CDATA[今日北京晚报10.15|中小学每月开展一次疏散演练]]></title>
  <content><![CDATA[【封面】昨天，本报记者牵线，91岁的中国话剧艺术泰斗蓝天野和90岁的中国京剧艺术巨擘谭元寿在重阳节前夕见面了。蓝老激动地感叹：“谢谢北京晚报，圆了我的一个心愿！我今天真是太高兴了！”【天气预报】今夜：阴有小雨 东北风二三级 最低气温11℃明天：阴转多云 北转南风二三级 最高气温16℃【北京新闻】1中小学每月开展一次疏散演练北京市教委近日下发《北京市教育系统安全隐患治理三年行动实施方案（2018年—2020年）》，方案指出，本市将用三年时间，依法集中整治一批安全隐患，拆除或改造一批不符合安全条件的校内场所，更新完善一批安全设施设备；到2020年，教育系统安全风险分级管控和隐患排查治理双重预防体系将基本建立。2市属公园赠老人万张“福”“寿”画市公园管理中心今天上午发布，市属11家公园及中国园林博物馆将围绕“孝满京城 德润人心”主题，组织开展“探幽访古 重阳雅聚”系列游园活动，目前包括重阳登高、重阳赏菊、重阳秋游、重阳敬老、重阳文创等丰富的节日文化活动已在市属各公园拉开帷幕，市公园管理中心还为参加游园活动的老年游客提供“福”、“寿”宣传贴画一万张。3“舞动北京”优秀节目展演昨晚的大兴区新城体育中心成为广场舞的天下,2018首都市民系列文化活动——舞动新时代全国广场舞展演暨历届“舞动北京”广场舞优秀节目展演在这里上演,《乘梦飞翔》、《故乡是北京》、《广场舞大妈》等具有浓郁北京味道的广场舞轮番上演，引来观众们的阵阵掌声。4到国图为“北昆”加油“南方昆曲更加缠绵委婉，北方昆曲则更加苍劲晓畅。北方昆曲剧院1957年建院时，演出的折子戏达616出，而如今，我们演出的剧目尚不足100出。可以说，这些剧目在以每十年减少近百部的速度，消失在北方昆曲的舞台上。”在国家图书馆日前举办的“‘荣庆学堂’北方昆曲折子戏专场演出推广活动”新闻发布会上，北方昆曲剧院副院长曹颖如此感叹。5市科委发布百项科技创新成果今天上午,2018年全国大众创业万众创新活动周北京会场举行重大项目发布及签约活动。市科委发布了100个全国科技创新中心重大创新成果，二代基因测序仪及配套诊断试剂的研发制造项目等10个重点项目现场签约。记者注意到，10个签约重点项目，有7个落户北京南部地区。【财经科技】1近三成运动服吸湿速干能力差北脸、狼爪、安德玛上黑榜吸湿速干服装商品质量如何，产品功能宣传是否属实？北京市消费者协会今天上午公布吸湿速干类服装比较试验结果，显示80款样品中有23款吸湿速干能力差，其中网购吸湿速干服装质量相对较差，存在的主要问题有纤维含量实测值与明示不符、吸湿速干性较差等，其中不乏北脸、狼爪、乐飞叶等知名品牌。2中关村国际前沿科技创新赛开锣作为双创周的压轴戏，由中关村管委会主办的2018年中关村国际前沿科技创新大赛在今天上午拉开帷幕，备受瞩目的医药健康领域第一场路演展现了来自全球的6个项目。记者了解到，本次大赛以“聚焦前沿科技，引领创新发展”为主题，重点围绕人工智能、前沿材料、生物医药、工业互联网等当前正处在快速发展的前沿领域，吸引海内外在京高校院所企业和团队参赛。【国内国际】1合肥骗提套取住房公积金将纳入人民银行征信系统合肥近日出台有关住房公积金骗提套取行为处理的暂行办法，对骗提套取公积金行为，将记入管理中心业务系统1至5年，并纳入人民银行征信系统。其间，暂停受理职工住房公积金提取、转移和贷款业务申请。2金沙江堰塞湖坝下水位平稳 险情基本解除长江防总滚动会商会昨日通报，金沙江堰塞湖下游巴塘、奔子栏等各水文站陆续现峰转退。根据水文部门检测，目前堰塞湖坝下水位平稳，险情已基本解除。截至14日17时，四川、西藏、云南三省区未出现大的险情，未出现人员伤亡。3沙特记者失踪事件土掌握记者遇害录音？土耳其一家媒体13日爆料称，土方安全部门掌握沙特阿拉伯籍记者贾迈勒·卡舒吉在沙特驻土领事馆“遇害”的录音。报道说，土方官员从卡舒吉的手机和云备份中获得录音。不过，一些专家说，技术层面上，土方不大可能从卡舒吉的“苹果”手机里找到录音，可能借助窃听装置得到这份“证据”。4伊顿公学手机禁令遭到部分教师反对英国一些学校限制学生使用手机，或者禁止学生把手机带入课堂，以防干扰教学秩序。这种做法得到众多教育界人士和家长支持，同时遭遇反对。伊顿公学一些教师就认为，不应该禁止学生在教室使用手机。校长亨德森宣布禁止手机进入教室以前，伊顿公学要求学生入睡前把手机交给教师。亨德森在给家长的信件中说，学校“承认移动技术带来的好处，教育学生负责任地使用这些技术”，同时希望“保护学生，避免他们过度使用手机，沉迷手机”。英国教育大臣达米安·海因兹近期说，他支持推行手机禁令的所有校长。除伊顿公学，其他多所名校已经推出类似规定。5特朗普说不清楚防长是否将离职美国哥伦比亚广播公司14日发布对总统唐纳德·特朗普专访的节录。特朗普说，他不清楚国防部长詹姆斯·马蒂斯是否将离职。特朗普在《60分钟》节目中说，马蒂斯“没有告诉我”是否将离职。“他可能离开，我的意思是，在某一时刻，所有人都会离开。”特朗普说，他与马蒂斯关系不错。“两天前一起吃午饭”。在这名共和党籍总统看来，马蒂斯“有点像民主党人”，但他“是好人”。专访节录没有提及特朗普为何说马蒂斯像民主党人。【文体新闻】1“无限想象力”改编《赵氏孤儿》在国内的舞台上，改编或搬演的西方经典从来不在少数，但“反其道而行之”、让国外的演员来演绎中国故事的，却仍然鲜见。昨晚，在开幕大戏“新国剧”《霸王别姬》之后，北京国际音乐节又迎来了著名导演陈士争的另一部作品——全英文版音乐剧场《赵氏孤儿》。演出正式开始前，音乐节还把极有分量的“年度艺术家”称号颁给了陈士争，以此来肯定陈士争把“中国传统经典文化与西方艺术结合”的“无限想象力”。2秦腔经典《三滴血》北京上演百年专场1918年，易俗社剧作家范紫东编剧创排的秦腔《三滴血》首演。如今，一个世纪过去，《三滴血》经久不衰，已成为秦腔乃至全部戏曲剧目的经典。10月13日和14日两晚，西安秦腔剧院易俗社带来的“纪念易俗社经典名剧《三滴血》上演一百周年”专场演出登台国家大剧院。3U19国青0比1不敌越南昨晚，抵达印尼雅加达的中国U19国青队继续参加热身赛，对手是越南U19国青队。最终，U19国青0比1不敌越南，越南队在第64分钟打进全场唯一进球。此前中国国青在韩国进行拉练并踢了3场热身赛，取得了3战全胜的战绩，而且打进8球，0丢球。结束了韩国拉练后，国青飞抵印尼，为即将开始的亚青赛做最后的准备工作。但没想到，首场热身赛就输给了越南队，也让球队士气有些低落。42018年中甲揭开第一个谜底时隔5年湖北足球重返中超2018中甲联赛倒数第四轮战罢，“领头羊”武汉卓尔主场以2比2战平梅县铁汉。由于冲超直接竞争对手深圳佳兆业客场1比2不敌呼和浩特中优，武汉队提前三轮冲超成功。剩余一个名额将在深足、浙江绿城和青岛黄海三队之间产生，但由于深足该轮比赛中输球，取得1分的浙江绿城以1分的领先优势占得冲超先机。5第八比赛日中国再添3金练俊杰首跳0分北京时间今天凌晨，2018年青奥会在布宜诺斯艾利斯结束了第八比赛日的角逐。中国青奥代表团在这一天的田径跳高、男女蹦床项目斩获三枚金牌，在体操男子吊环和女子5人制曲棍球项目获得两枚铜牌。在事前认为夺冠把握性最大的男子跳水三米板比赛中出现失误，无缘领奖台。【新闻点点评】新闻：随着重阳节临近，老字号小吃店、食品店里的节令糕点全面热销。护国寺小吃现制现售寿桃和9.9米长的寿面、重阳糕，北京稻香村的重阳花糕等都特别受消费者欢迎。（北京青年报10月15日）点点评：尽孝不在这一天。新闻：数据显示，我国小学生近视比例已达45.7%，初中生近视比例为74.4%，高中生近视比例为83.3%，近视率和总量高居世界第一。近视康复市场火热，“治疗”方式五花八门，“疗效”令人堪忧。（央视财经10月15日）点点评：找病灶啊。新闻：已故物理学家霍金在他最后一本书中，担心出现DNA变异的“超级人类”，这种人智力、寿命和对疾病的抵抗力都比较强。霍金担心有钱人一旦有机会变动子女的DNA，将出现新人种的竞赛，恐将摧毁一般人的生存。（中国新闻网10月15日）点点评：漫威迷笑了。【漫画】绘画/张吉亮 占鹊巢“北京人的晚报，北京城的符号”新闻详见当天北京晚报]]></content>
  <author><![CDATA[北京晚报读者俱乐部]]></author>
  <time>2018-10-15 15:27:17</time>
  <account><![CDATA[bw_club]]></account>
</data>
