<data>
  <id><![CDATA[50514416]]></id>
  <url><![CDATA[https://mp.weixin.qq.com/s?timestamp=1539596364&src=3&ver=1&signature=Egrj350GoKY8-KUcIJshb*3K9tLqidHJTrrPYFtVuZryS3D*1BNTcwouS2E0JRYVFl2UDJazSRgoL4dAaKkTtBTxIBOiUEOEUvf*CcwuVSvoy--rausDa61IBEZjgJn0Lfb-P9PAyyFMzWD4ElWIeLjBjLiXpBSUENt4ZEj3nnU=]]></url>
  <title><![CDATA[悦读|不要等生活为难你时，才后悔过去太安逸]]></title>
  <content><![CDATA[你学过的每样东西，都会在你一生中的某个时刻派上用场。01我才30岁，但我感觉我的人生已经完了。我身边那个被所有人羡慕拥有离家近，工作量少，拿钱多的朋友被公司辞退了。昨晚，她找我聊天：我这几天没有一晚是睡着的，在公司工作五年，天天朝九晚五，工作时间都是喝茶刷微博度日，偶尔有客人来就接待一下，很清闲。可是，我所学的专业知识全都荒废了，去应聘新的工作，面试官问我很多问题，我都答不上来，我感觉我的人生完了。她的处境让我想起马云说过的一句话：人如果停止了学习，就开始走向失败。02不要等生活为难你时才后悔过去太安逸朋友的经历，让我想起前阵子因收费站撤销，而找领导哭诉的36岁大姐。我今年36岁了，我的青春都献给了收费站，除了收费我啥都不会，也学不会什么，以后怎么活？真是可怜又可叹。我们常常在自己营造的舒适圈中，不愿踏出安逸的小世界，可社会却在不断往前走，待我们回过神来，才发现已经被时代抛弃。反观同时发生另一件事，阿里巴巴以40万年薪招聘资深体验师，要求60岁以上老人，广场舞kol（意见领袖）优先。这场招聘，阿里一共收到3000多份简历，应聘者大专、本科学历占一半，还有博士、硕士甚至还有用双语进行申请的。首批应聘到岗的10位大爷大妈参加了线下沟通会，其中有83岁的清华学霸奶奶，62岁作家大爷，62岁IT大爷……IT大爷还带了自己做的ppt介绍自己，「12年淘宝买家经验」、「芝麻信用785分」、「熟练操作Photoshop设计软件」……网友纷纷表示：你大妈始终是你大妈，你大爷永远是你大爷。一边是年过花甲的大爷大妈秀才艺，一边是36岁女收费员哭诉自己早过了学新东西的年纪，除了收费什么都不会。两则新闻放在一起，我突然想起一句话：不愿接受新事物的人，注定被这个时代淘汰。在这个大江奔流的年代，谁不是在拼尽全力地活着，毕竟，这个时代脚步太快，它抛弃你时，连一声再见都不会说。03任何学习都不会白费不进行任何学习是「自废」前阵子，朋友迷上了摄影，她买了许多有关摄影的书籍恶补基本知识，后来又报了摄影兴趣班，买了新的设备。同事小c听说这事，劝她：咱们是写稿子的，你学这个没用，有这钱不如留着去旅游。朋友不为所动，在摄影班学了半年，拍照技术提升了，照片也拍得越来越专业。就在上个月，部门新增了美食主编的位置，她上司毫不犹豫地把她提了上去，她的工资和待遇立刻翻了一倍。佩内洛普·菲兹杰拉德说过，你学过的每样东西，都会在你一生中的某个时刻派上用场。常在微博上看到这么一句话：你走过的路、见过的人、看过的书，学过的东西，最终都会回馈到你的身上。这话听起来虽然有点鸡汤，却一点都没错。看起来没用的学习，可能你学的时候不太有用，甚至在别人眼里还是浪费时间，但最后可能会给你赢来人生转机。有人说，岁月是把杀猪刀，让曾经的追风少年，变成了油腻中年大叔；让青春明媚的少女，活成满脸怨气的中年大妈。可是，你还有另一种选择，曾经的追风少年成了成熟睿智的精致大叔，曾经青春明媚的少女成了平静恬淡的优雅女人。就如徐静蕾，年轻时，她是文艺女青年，如今，她依旧是个文艺优雅的女子。她说，要把人生牢固地把握在自己手里，于是，她39岁的时候，去美国冻了卵子。她说，要充实自己的生活，于是，她学做裁缝，做演员，做导演，做摄影师。在她的微博上，有字画，有手工，有摄影作品，曾串珠子串到走火入魔，甚至被海关认作是倒卖首饰的。有人说，徐静蕾就算不进影视圈，也能在别的圈子混得很好。她就像《女王的教室》中所说的一句话：只要还在学习，人生就有无穷的可能。她拥有的那些可能性，都是她自己努力学习而创造出来的。愿你将来面临变故时，能面不改色地说：没关系，我能重头再来。你有重头再来的勇气吗？]]></content>
  <author><![CDATA[北京晚报读者俱乐部]]></author>
  <time>2018-10-09 14:47:44</time>
  <account><![CDATA[bw_club]]></account>
</data>
