<data>
  <id><![CDATA[50514416]]></id>
  <url><![CDATA[https://mp.weixin.qq.com/s?timestamp=1539596364&src=3&ver=1&signature=Egrj350GoKY8-KUcIJshb*3K9tLqidHJTrrPYFtVuZryS3D*1BNTcwouS2E0JRYVFl2UDJazSRgoL4dAaKkTtNYItJHfqmDyeI22Kx1zTmrc-GDBY0qupZfahmCP5qiMkW5hht53qU6wjivhDOV5xe6WI9QFvqPghi33lcJ7cdU=]]></url>
  <title><![CDATA[来北京晚报读者俱乐部买正宗实惠的五常大米2018年新米开始订购]]></title>
  <content><![CDATA[产自“北京晚报读者俱乐部五常大米特供基地”、2018年首批新收割的五常稻花香大米已运抵京城，读者现在订购，可品尝到今年的新米。新米售价不变，数量有限，每个家庭限购5袋。从2017年4月开始，读者俱乐部与五常市农户合作，在位于黑龙江五常市龙凤山镇民利村赵家屯，建立了“北京晚报读者俱乐部五常大米特供基地”。目前已有3000多个京城百姓家庭，定期“来北京读者俱乐部，买正宗实惠的五常大米”。“三大保障”助京城读者购好米产地有保障为京城读者提供的五常大米，全部产自“北京晚报读者俱乐部五常大米特供基地”，是高品质、正宗的五常大米。品质有保障五常市特有的地理环境，孕育出的稻花香大米成饭后清淡略甜，绵软略粘，芳香爽口，饭粒表面油光。土地是基础五常市三面被群山环抱，从空中看就像一个开口朝西的巨大“C”字。“C”字中间是一片平坦区域，平均海拔450米左右，这就是孕育出五常大米的黑土地，它是经过腐蚀、河水冲刷、地质变迁形成的，是全球著名黑土地之一，腐殖质含量较高，为生产种植“五常稻花香”大米提供了坚实的绿色营养基础。好水做保障为京城读者提供的大米，是用五常市上游的龙凤山水库的水灌溉，水质优良，且含有丰富的矿物质，造就了“五常稻花香”大米的美味。“稻花香”灌溉水源——龙凤山水库全貌及龙凤山水库坐标位置气候出品种五常市地处黑龙江省南部，三面环山的地域特征使得五常市拥有中温带大陆性季风气候，浅山高平原的特质使得这里昼夜温差大，水稻的成熟期相当集中。水稻专家通过30多年的田间培育，最终确定了“稻花香”适宜这块土地播种的品种。服务有保障北京晚报读者俱乐部负责提供配送服务等。规格：10斤/袋读者价：125元/袋购买2袋起免费送货上门，货到付款新米每个家庭限购5袋购买方式方式一拨打订购电话010-52175608（周一至周五9:00-17:30，节假日休息）方式二点击微信菜单【订报商城】在线购买24小时不限时订购点此在线订购读者俱乐部地址西城区白纸坊东街2号（经济日报东门院内），地铁4号线陶然亭站D口向南50米]]></content>
  <author><![CDATA[北京晚报读者俱乐部]]></author>
  <time>2018-10-11 15:42:49</time>
  <account><![CDATA[bw_club]]></account>
</data>
