<data>
  <id><![CDATA[50514416]]></id>
  <url><![CDATA[https://mp.weixin.qq.com/s?timestamp=1539596364&src=3&ver=1&signature=Egrj350GoKY8-KUcIJshb*3K9tLqidHJTrrPYFtVuZryS3D*1BNTcwouS2E0JRYVFl2UDJazSRgoL4dAaKkTtFhJkfxPcNEjCIs1GW4qaN519gxUYzhoCU8RYCpDJdpZef9mDIHtBiZQ03LQOiNq2q72WIORbo9UkhBHn1FbXBI=]]></url>
  <title><![CDATA[二哈第一次坐摩托车，一路高分贝尖叫回头率爆棚：主人宝宝晕车！]]></title>
  <content><![CDATA[二哈虽然是汪界的逗逼，但是也正是因为它逗逼的性格给铲屎官们带来不少欢乐。这天我出远门，害怕二哈自己在家会把新买的沙发给拆了，便准备带着它一起出门。没想到这次出门回头率居然这么高……二哈第一次做摩托车，刚开始非常好奇，但是随着车子加速，二哈仿佛由好奇变成了害怕。没想到这货开始扯着嗓子尖叫不断，而且不是汪汪汪的尖叫，而是“啊啊啊啊啊啊啊~~”的尖叫，一路上因为二哈的尖叫声回头率高达百分百。早知如此就不带它出门了，平日里这货胆子特别大，感觉天不怕地不怕的，怎么做个摩托车就变成怂包了呢？二哈：主人你看着地面为啥飘起来了？我有点晕车啊！太刺激了心脏受不了！啊啊啊啊~真是要了我的狗命了！]]></content>
  <author><![CDATA[北京晚报读者俱乐部]]></author>
  <time>2018-10-07 07:00:00</time>
  <account><![CDATA[bw_club]]></account>
</data>
