<data>
  <id><![CDATA[50514416]]></id>
  <url><![CDATA[https://mp.weixin.qq.com/s?timestamp=1539596364&src=3&ver=1&signature=Egrj350GoKY8-KUcIJshb*3K9tLqidHJTrrPYFtVuZryS3D*1BNTcwouS2E0JRYVFl2UDJazSRgoL4dAaKkTtOQK1yxShn8gJdhk7uDKqpxEnmyyF0UvRZhn9hqJZpmvP2zFlCZDqCY6seXhHNHNhree8-68RNT8StxmP17QB7Q=]]></url>
  <title><![CDATA[周末海参卖场|来北京晚报读者俱乐部买正宗实惠大连海参]]></title>
  <content><![CDATA[本周末（10月13日、14日），“周末大连海参卖场”活动将继续举办，刚刚从大连运输抵京、产自大连海域野生的小黄花鱼、带鱼和虾仁等海鲜产品，也将随同正宗实惠的大连海参，在周末卖场中展出，欢迎读者届时前来。“三大品质”助读者买好参正宗为读者提供的“潜野辽刺参”，均来自渤海交流岛，是农业部门水产健康养殖示范场。读者俱乐部委托厂家指定专人负责，全程监控产品生产、加工、出厂、运输等环节，确保这些产品是大连海参中的上等产品。高品质1、达到3年的成参才采捕，海参生长年限长，个头大，营养价值高。野生品质，肉质丰腴，色泽不均，口感筋道。2、海参在无公害的自然环境中长大，无污染。3、无添加剂，拒绝糖干、盐干。高档次向读者提供的海参，均来自30米深海域秋季采捕和50米深海域寿星海藻区极寒冬捕的3年至9年的参中佼佼者，营养丰富，品质上乘的4至6排刺原种野生非底播海参，部分海参是大连地区限量采捕的高级别野生海参，是辽参中的典范。厂家承诺1、均是获得国家地理标志保护产品的滋补级别野生大连海参。2、同品质价格优惠幅度大，买贵了无条件退货。周末卖场部分商品干海参品名规格价格促销天养4年50-75头2988元/250g-天赐5年100-120头3988元/500g-渤海5年80-100头5988元/500g购3盒减3000元天养6年60-80头4888元/500g-海尊王7年40-50头5088元/250g购3盒送1盒速发4年81头4488元/162g-速发5年81头5088元/188g-渤海7年40-60头8588元/500g购2盒送1盒天赐3年170-200头3388元/500g-超纯淡干8年40-60头13888元/250g购3盒送1盒即食海参品名规格价格促销精品即食12-15头/斤1139元/3斤另赠一斤年份即食8-10头/斤1439元/3斤另赠一斤海参王即食5-7头/斤2600元/3斤另赠一斤海鲜品名规格价格促销小黄花鱼500g/袋35元/袋买四赠一原浆虾仁200g/袋26元/袋买四赠一大连带鱼3000g/袋240元/袋-本周末举办卖场活动时间：本周六、周日（10月13日、14日）地点：西城区白纸坊东街2号经济日报东门院内-北京晚报读者俱乐部乘车路线：地铁4号线陶然亭站出D口向南50米；公交车59路、83路、特14路自新路站下车。订购电话：52175776、4000965363电话订购送货上门验货后付款]]></content>
  <author><![CDATA[北京晚报读者俱乐部]]></author>
  <time>2018-10-12 15:34:43</time>
  <account><![CDATA[bw_club]]></account>
</data>
