<data>
  <id><![CDATA[50514416]]></id>
  <url><![CDATA[https://mp.weixin.qq.com/s?timestamp=1539596364&src=3&ver=1&signature=Egrj350GoKY8-KUcIJshb*3K9tLqidHJTrrPYFtVuZryS3D*1BNTcwouS2E0JRYVFl2UDJazSRgoL4dAaKkTtA4LgnrYiFt2nMOg4z9AhlshIF*1vgP6mIm-GicjWDTYya*lbeWgMI5N4cp-FCzbgDHq3s8lvjMGceUXQBK9dz4=]]></url>
  <title><![CDATA[今日北京晚报10.10|今起全市严查涉牌交通违法]]></title>
  <content><![CDATA[【封面】今天上午，朝阳区举办“搭乘爱情巴士、共享金婚喜庆”金婚庆典活动，50对金婚老人讲述半世纪的爱情故事；同时，主办方为50对金婚老人发放金婚纪念证书。【天气预报】今夜：多云转晴 偏北风二三级 最低气温4℃明天：晴间多云 北转南风二三级 最高气温18℃【北京新闻】120余万游客赏园博美景品传统文化“我有嘉宾，鼓瑟吹笙。”国庆期间，北京园博园戏韵浓郁、曲声悠扬，传统文化与园林美景交相辉映，精美新颖的花车巡游、唯美精致的园林演出、高潮迭起的票友大赛，清新典雅的园博音乐会……七天时间，北京园博园好戏连台，精彩活动轮番上演，名家走出剧场与群众面对面交流，科技演绎为戏曲增添了诸多亮色，互动体验使戏曲与老百姓实现零距离接触。北京园博园成为戏曲大观园，为市民献上了丰富的传统文化大餐。2本市电动汽车社会公用充电设施运营考核奖励暂行办法公布记者从市城管委对外公布的《北京市电动汽车社会公用充电设施运营考核奖励暂行办法》中了解到，为了助推社会公用充电设施为电动汽车“保驾护航”，本市出台运营奖励政策，除了电费奖励外，考核评价最好的A级充电站每年最多还可以获得20万元的奖励。3北下关今起开拆动物园周边350处违建在北京动物园最北侧的栅栏旁，在草丛和绿植的“掩护”下，有一大片不易发现的“隐蔽违建”。今天，海淀区北下关街道启动对动物园社区内350处共计约6000平方米违建的拆除。工作人员告诉记者，待拆除工作结束之后，会统一安装门窗，按照图纸原样进行恢复。对于社区其他地方拆违后留下的空地，将征求居民意见，再决定是否用于停车、绿化或安装健身器材。明年开春之后,动物园社区将会大变样。4今起全市严查涉牌交通违法从今天起，市交管局根据公安部交管局的统一部署，在全市范围内持续开展假牌套牌假证违法行为专项整治行动，集中整治各类涉牌涉证违法行为，严厉打击机动车假牌、套牌以及使用假证等严重交通违法行为。据了解，交管部门在此次专项行动中，将重点通过加强民警路面执法，加强静态排查执法，以及强化科技手段应用等多项措施，进一步严厉打击机动车假牌、套牌以及使用假证等严重交通违法行为。5北京定制公交已达378条据公交集团最新数据，本市多样化公交线路共开通378条（商务班车182条、快速直达专线188条、高铁专线6条、就医专线2条、休闲旅游专线和节假日专线随放假时间和旅游季节调整），开行五年来，总客运量超1700万人次，日均客运量3.7万人次。今天上午，来自公交集团线网中心、科技信息部相关负责人做客北京交通广播，畅谈北京定制公交的现状和未来。【财经科技】1记者探营北京“双创周” 高科技嫁接新应用领域利用AI帮助睡眠的助眠机器人、只需一分半钟快速了解性格和情绪压力的脑波仪、基于智慧系统的家庭医生签约健康管理平台、实现“无人驾驶”的北京燕房线地铁……今天是全国双创周北京会场活动举行的第二天，记者在中关村创新示范区展示中心现场发现，高科技纷纷嫁接新应用领域，高科技惠民生是本届北京“双创周”的一大亮点。会场内趣味性、互动性、展示性较强的展出项目最受观众欢迎。2“创新创业·惠民生”活动获奖方案揭晓在昨天举行的2018年全国“双创周”北京会场启动仪式上，2018年问计于民——“创新创业·惠民生”需求解决方案征集活动举行颁奖仪式，发布了2018年活动获奖方案。今年活动中，市住房城乡建设委、市城市管理委等10家部门发布了30个民生热点问题，共征集到107个解决方案，各部门通过评审评选出了16个优秀方案，经过市科协组织统一评奖，最终评选出一等奖1名、二等奖2名、三等奖3名。【国内国际】1又有17种抗癌药被纳入医保今晨，国家医疗保障局发布《关于将17种抗癌药纳入国家基本医疗保险、工伤保险和生育保险药品目录乙类范围的通知》，阿扎胞苷等17种药品被正式纳入《国家基本医疗保险、工伤保险和生育保险药品目录（2017年版）》乙类范围，并确定了医保支付标准。这17种药品为：阿扎胞苷、西妥昔单抗、阿法替尼、阿昔替尼、安罗替尼、奥希替尼、克唑替尼、尼洛替尼、培唑替尼、瑞戈非尼、赛瑞替尼、舒尼替尼、维莫非尼、伊布替尼、伊莎佐米、培门冬酶、奥曲肽。2首批冬奥会志愿者已上岗团市委正在起草《北京2022年冬奥会和冬残奥会志愿服务行动计划》等基础性文件，鼓励广大青年特别是在校大学生踊跃报名参与冬奥会志愿服务；首批冬奥会志愿者已经上岗。这是记者从今天上午举行的“弘扬志愿精神 助力2022冬奥”座谈会上了解到的。3四川达州路面塌陷4人全部遇难10月7日下午2时28分左右，四川达州市达川区东环南路103号人行道路面发生塌陷，面积约10平方米，4名路人瞬间被吞噬。在多方救援人员连续奋战近50个小时后，所有陷落人员均被找到。昨天下午3时40分，挖掘作业救援现场相继找到第三名、第四名失踪者，两人系父子关系，被救出后已紧急送医。但遗憾的是，经急救医护人员确认，这两人已经死亡。10月8日抢救无效死亡的两位遇难者经确认是刚办完婚礼的95后夫妻。4调查沙特籍知名记者“失踪”案件沙特同意土耳其搜查领事馆土耳其外交部9日在一份声明中说，沙特阿拉伯方面已经同意土方调查人员搜查沙特驻伊斯坦布尔领事馆，以调查沙特籍记者贾迈勒·卡舒吉“失踪”一事。土耳其警方正在调查卡舒吉遭绑架的可能性。警方注意到15名沙特人在卡舒吉“失踪”当天进入伊斯坦布尔领事馆。5美常驻联合国代表黑莉将于年底离职美国总统特朗普9日说，美国常驻联合国代表黑莉将于今年年底离职。特朗普当天在白宫与黑莉共同会见媒体时说，黑莉大约在6个月前就向他提出，希望任职美国常驻联合国代表两年后离任，她将于今年年底离职。特朗普说，他可能在未来两三周内宣布接任人选。黑莉表示，提出离职并非出于个人原因，她相信岗位轮换的重要性。【文体新闻】140年艺术人生 宋春丽基本都是正面形象著名演员宋春丽，继2012年拍完《大地情深》后，除了八一电影厂里的一些任务，五六年来基本没怎么接戏。前段时间，她在热播网剧《延禧攻略》中扮演太后让很多观众都感到十分惊喜。宋春丽自己也在微信朋友圈中贴出剧照和网友们制作的她的各种“表情包”，笑言自己“蹭上了热点”。2首届中国相声小品大赛圆满收官姜昆鼓励选手从小圈子走到大社会昨晚《首届中国相声小品大赛》决赛落幕，第八场选手的最终得分和最终比赛结果将在10月12日的颁奖晚会上揭晓。相声组评委姜昆则较为犀利地指出：“八天的比赛里，有五部作品是描写相声演员自己生活的故事。虽然离自己的生活近了，但离百姓的生活远了。”他提醒各位相声演员，不是自娱自乐的文艺爱好者，应该是有着文化传承、担负社会责任的文艺工作者，并勉励演员们“关注百姓生活，从小圈子走到群众的大社会中去。”3国足训练营开营同一天 带领国足老将开始集训同一天，同一个下午，10月8日，当里皮挂帅的中国男足在苏州奥体中心外场展开新一期集训的首场训练时，由沈祥福领衔的国家男足集训训练营也在北京体育大学正式开营。23人对55人，一边是以老将为主，一边是中国足球的新生代，国字号球队建设过程中的变数就这样突然降临。4穆韬无缘男单下一轮王曦雨止步女单首轮今天凌晨，在青奥会网球男单第二轮比赛中，中国队唯一的参赛选手穆韬无缘下一轮。此前一天，今年美网青少赛女单冠军王曦雨因输球也止步于首轮。但从布宜诺斯艾利斯红土球场上传来的也不都是坏消息：今年温网青少赛女双冠军组合王欣瑜/王曦雨晋级女双四强；而通过澳网亚太区外卡赛夺冠，成为首位出战大满贯成人组正赛的00后中国大陆球员王欣瑜，目前在单打项目上仍有继续前进的可能。此外，3位选手还都有混双比赛，中国青奥网球军团仍有取得突破的希望。5CBA季前赛北京首钢首场取胜在昨晚2018-2019赛季CBA季前赛上，北京首钢队以77比67战胜苏州肯帝亚队，年轻队员的发挥让主教练雅尼斯感到满意。这场季前赛双方都是以锻炼队伍为目的，首节比赛两支球队不相上下，北京队22比20领先。次节双方都派出了双外援阵容，北京队显现出了优势，连续打出传切配合轻松得分，半场46比40领先。下半场双方的进攻效率都不高，北京队依旧领先。比赛还剩不到3分钟时，北京队将分差扩大到15分，换上了替补队员，最终以10分的优势获胜。汉密尔顿取得全场最高的25分，还有12个篮板。【新闻点点评】新闻：10月8日，杭州市公安局西湖景区分局消息，“欠西湖一个道歉”的平文涛，7日上午因涉嫌寻衅滋事被刑事拘留。据调查，平文涛在西湖景区三处石碑上有乱涂行为。8日上午，杭州岳王公园，再现一男子用裁纸刀在亭子里刻《满江红》。目前，该男子已被警方控制，案件还在进一步调査中。（新京报10月9日）点点评：怒发冲冠。新闻：据瑞士联邦税务管理局官网10月5日发布的公告，按照金融账户涉税信息自动交换（AEOI）标准，该机构已于9月底同其他国家税务机关交换了金融账户信息，为史上首次。瑞士银行业奉行了几百年的保密制度已迎来终结。（南方都市报10月9日）点点评：谁紧张谁知道。新闻：10月8日17时许，大连普兰店区的一个鞭炮仓库发生火灾，现场火势很大且伴有不间断的爆炸声。目击者称，火势刚刚起来时，现场已经有数十人围观，浓烟火苗和噼里啪啦的鞭炮爆炸声并未吓退这些围观者，且多数围观者举着手机拍照，抢发朋友圈。（半岛晨报10月10日）点点评：看热闹不嫌事大。【漫画】同舟共“嫉” 绘画/刘志永“北京人的晚报，北京城的符号”新闻详见当天北京晚报]]></content>
  <author><![CDATA[北京晚报读者俱乐部]]></author>
  <time>2018-10-10 15:36:49</time>
  <account><![CDATA[bw_club]]></account>
</data>
