<data>
  <id><![CDATA[50514416]]></id>
  <url><![CDATA[https://mp.weixin.qq.com/s?timestamp=1539596364&src=3&ver=1&signature=Egrj350GoKY8-KUcIJshb*3K9tLqidHJTrrPYFtVuZryS3D*1BNTcwouS2E0JRYVFl2UDJazSRgoL4dAaKkTtGreOBmTBK-EJjzaTLhVaiPfUCnq-FSdMUIHGJjYt5bQ*36r9EjI5cLqNEMiLkQ52zfmB-nUSHSr-5kO1PY327M=]]></url>
  <title><![CDATA[这里才是原汁原味的老北京，有时间一定要去逛逛！]]></title>
  <content><![CDATA[逛老北京，趟胡同是“保留节目”老北京有个规矩，六步宽为胡同这座城市的许多历史，都在胡同里图源：图虫俗话说有名的胡同三千六无名的胡同赛牛毛除了南锣鼓巷以外杨梅竹斜街、国子监街……可逛的胡同可是多了去了……钱市胡同北京胡同有很多个最比如最长的东交民巷还有最短的一尺大街最宽的灵镜胡同以及最窄的钱市胡同图源：新浪博客-梁大爷四个胡同各有特色其中，这条钱市胡同曾是北京的“金融街”【交易大厅】图源：新浪博客-梁大爷旧时这里云集着诸多票号钱庄中国现代金融大抵起源于此图源：新浪博客-梁大爷或许正是考虑到“抢钱”这个事儿所以这里才设计成均宽仅0.7米甚至最窄处仅0.4米就是让抢匪抢劫过后无法逃跑图源：新浪博客-梁大爷钱粮胡同又是钱，又是粮，名字“俗气”可今天却是北京最文艺的地方之一中国美术馆、三联书店还有附近的北大红楼，文艺荟萃图源：图虫这里的高门大院里也曾住过无数风流人物最著名者，当属一代冬皇孟小冬【孟小冬故居】图源：新浪博客-北海龙吟而钱粮胡同19号曾为帛公府住过咸丰年间在京城位高权重官至文渊阁大学士，入阁拜相的耆英其父禄康，嘉庆朝东阁大学士父子两代相承，历史罕见图源：新浪博客-北海龙吟出钱粮胡同到东四北大街向南走不远就到隆福寺街隆福寺与新街口的护国寺当年并称京城两大寺图源：网易摄影-feng_chunwei2000隆福寺庙会更被称为老北京四大庙会之一图源：满族文化网杨梅竹斜街近几年发展起来的文艺街巷在明代称“斜街”，其来源据说是因为清朝前期这里住着一位善于说媒的杨媒婆到光绪年间，便谐音为“杨梅竹斜街”图源：yolo游现在的斜街，安静，无人打扰汇聚着众多书店、咖啡馆图源：yolo游还有很多画室，街道两旁还有古老的四合院，门前绿竹茂盛图源：yolo游琉璃厂从杨梅竹斜街穿过一尺大街就到了古色古香的琉璃厂了图源：图虫清初，这里就有古董商开店经营民国时这里更是京师首要文雅之处鲁迅、郭沫若等众多文艺大家都曾来此寻找古玩字画图源：图虫建国后这里依旧长盛不衰驰名中外的荣宝斋及中国书店图源：图虫还有文奎堂、邃雅斋、庆云堂等都先后在此开店经营图源：图虫如今，这里依旧汇聚了众多书画古玩、文房四宝、古董玉器俨然是京城的文化中心图源：图虫东交民巷老北京最长的胡同西起天安门广场东路东至崇文门内大街全长近3公里图源：图虫诞生于13世纪末马可波罗访华时最初是江南槽运粮食的卸放处，称江米巷明永乐年间，这里成为中央衙署聚集地【被义和团烧毁的东交民巷】图源：图虫到清雍正年间，这里进驻外国使馆俄罗斯使馆最先在此驻扎，从此这里成为中国历史上最著名也是最多的外交使馆聚集地图源：图虫因其曾驻扎了众多外国使馆所以这里的建筑风格各异，错落有致是北京城里最著名的西洋建筑汇聚之地也是北京唯一一处洋房林立的街巷图源：图虫漫步在东交民巷，可感受异国风情也可闲看当年使馆旧址遗迹至今，我们还能看到比利时使馆旧址图源：北京电视台法国使馆旧址、意大利使馆旧址意大利使馆现为中国人民对外友好协会图源：新浪博客-长人北京奥匈使馆旧址、英国使馆旧址奥匈使馆现为中国国际问题研究所英国使馆现为公安部办公地址图源：新浪博客-长人北京俄国使馆旧址、荷兰使馆旧址等等俄国使馆现为最高人民法院图源：网易博客-高山大川还有圣米额尔教堂旧址是北京难得一见的哥特式建筑法国人修建于1901年图源：图虫还有正金银行旧址、花旗银行旧址六国饭店旧址等等众多旧址图源：图虫逛完天安门广场拐个弯儿就能来这里遛遛小北认为它是北京最值得逛的胡同之一图源：网易博客-高山大北京的胡同里凝固着许多历史的瞬间那古老的青砖旧瓦告诉我们历史并不是遥远的过去它就在我们身边，眼前]]></content>
  <author><![CDATA[北京晚报读者俱乐部]]></author>
  <time>2018-10-15 15:27:17</time>
  <account><![CDATA[bw_club]]></account>
</data>
