<data>
  <id><![CDATA[50514416]]></id>
  <url><![CDATA[https://mp.weixin.qq.com/s?timestamp=1539596364&src=3&ver=1&signature=Egrj350GoKY8-KUcIJshb*3K9tLqidHJTrrPYFtVuZryS3D*1BNTcwouS2E0JRYVFl2UDJazSRgoL4dAaKkTtNYItJHfqmDyeI22Kx1zTmoM*yzXs3kkOOGIIazfjgEeLU2vtUdBZnPj7SDWzIVNA2kfFYHHpoTbbjKk-xHRElw=]]></url>
  <title><![CDATA[今日北京晚报10.11|地铁19号线“零距离”下穿2号线]]></title>
  <content><![CDATA[【封面】昨天，在怀柔大榛峪村长城脚下，著名生存专家贝尔·格里尔斯，带着35位8至14岁的中国孩子，开启一天的求生学习与体验。【天气预报】今夜：晴转多云 南转北风一二级 最低气温5℃明天：多云转晴 北转南风二三级 最高气温20℃【北京新闻】1地铁19号线“零距离”下穿2号线正在建设施工的地铁19号线积水潭站—北太平庄站区间暗挖段目前已经顺利穿越既有2号线，既有2号线结构沉降最大处仅为0.96mm，基本实现“零距离”穿越。积水潭车站主体结构采用明挖法防尘隔离棚全封闭施工，目前积水潭站土方工程已完成100%，土建结构完成50%，预计2019年1月底主体完工。2本市新增12类57幅政务公开惠民地图市政府信息和政务公开办公室会同16家市政府相关部门，在2017年建成12幅政务公开惠民便民地图基础上，今年新增12类57幅公开地图内容，首次增设17项办事服务功能，首次通过“两微一端”推广应用，首次实现向公众常用地图进行数据开放利用。昨天，公开地图通过市政府门户网站“首都之窗”向社会集中公开。3北京世园会平日普通票价120元昨天，北京世园局联合市新闻办召开新闻发布会，对2019北京世园会的票务政策、交通保障、建设进展等进行介绍。北京世园会将推出多种类门票,其中，平日普通票价格为120元，不限天数和次数的全程票价格500元,并针对残疾人士、老年人、儿童、学生和中国现役军人设置了优惠票。4中关村授牌27家硬科技孵化平台今天上午，中关村管委会为27家硬科技孵化平台举行了授牌仪式。据了解，2018年中关村管委会开展了中关村示范区硬科技孵化平台遴选和支持工作。10月9日，在全国双创周北京会场启动仪式上，中关村管委会已发布了中关村硬科技孵化平台的名单。5写字楼办公楼内违法吸烟严重持续被曝光北京市控制吸烟协会今天上午发布控烟报告：今年8月1日至9月30日，“无烟北京”微信公众平台接到公共场所违法吸烟的投诉举报2265件，比前两月增加了163件。被投诉场所前五位依次是：餐厅670件，占29.5%；写字楼483件，占21.3%；办公场所203件，占8.9%；大学97件，占4.2%；其他85件，占3.7%。被投诉最多的五个行政区域依次是：朝阳653件、海淀355件、丰台189件、东城184件、西城160件。【财经科技】1600余项科创成果亮相“双创周”亦庄会场今天上午，以“双创促升级 赋能高精尖”为主题的2018全国“双创周”亦庄会场在北京亦创国际会展中心开幕，600余项科技创新成果亮相。此外，亦庄还发布《北京经济技术开发区促进高精尖产业发展实施办法》，将每年安排100亿高精尖产业发展促进资金，着力支持科技成果转化，提升技术创新能力，加快产业结构优化，聚集人才。2苹果用户被盗刷事件支付宝建议调低免密额度近日，多名苹果手机用户反映Apple ID被盗用，账户绑定的支付平台被多次扣款，最高的损失达到了上万元。对此，苹果公司表示，在对客户反映的问题进行审核后，会给出相应的处理结果。昨天，支付宝在其官方微博发布了安全提示，提醒用户调低免密支付额度。对于苹果账户被盗刷用户的经济损失，支付宝工作人员表示，如果绑定的支付平台是支付宝，用户应该及时反馈，支付宝会将此情况提交保险公司，由保险公司进行理赔。【国内国际】1故宫北院展示文物数量将超本院昨日，“故宫博物院北院区项目”正式启动。按照计划，北院区一期工程——故宫文物医院将于2020年建成。2022年6月，整个故宫北院区博物馆有望对外开放。届时，将有数倍于目前故宫展出的文物在此亮相，观众还可以在这里观赏到宫廷的奇花异卉。预计，北院区开放后，每年将迎来超300万观众到访。2有奖发票再开大奖昨天，国家税务总局北京市税务局又开出了有奖发票的“大红包”，120万元的奖金花落16名市民。昨天，市税务局举办有奖发票第三期二次开奖活动，北京税务工作人员在公证处的监督下，从待开奖的11.4万张发票中现场随机抽取16张中奖发票，包括一等奖20万元1张，二等奖10万元5张，三等奖5万元10张，奖金总额120万元。3拍下张大千泼墨画拒收画作买家被告去年12月，在北京某拍卖公司举办的拍卖会上，杨先生以830万元拍得著名画家张大千的一幅画。可事后杨先生认为画作尺寸有问题，拒领这幅画。拍卖公司遂将杨先生告上法庭，要求其支付包括价款在内各项费用1038万余元。昨天，朝阳法院公开审理了此案。42019年考研网上报名开始今年复试也需携带准考证2019年研究生招生考试网上报名昨天正式开始，并将持续至31日，每天9时至22时，考生可登录中国研究生招生信息网进行报名。北京教育考试院相关负责人建议考生合理安排报名时间，避开初期、末期高峰，避免网络拥堵。5保加利亚女记者遭奸杀嫌疑人在德国被捕 疑牵涉腐败丑闻保加利亚政府官员10日证实，德国警方已逮捕一名涉嫌奸杀保加利亚女记者维多利亚·马里诺娃的嫌疑人。保加利亚内政部长姆拉登·马里诺夫说，嫌疑人是塞韦林·克拉斯米洛夫，1997年出生，来自保加利亚靠近与罗马尼亚边界的鲁塞市，有盗窃犯罪记录。马里诺娃的尸体6日在鲁塞市一处河滨小径被人发现，那里是这名30岁女记者经常跑步的地方。保加利亚警方确认她遭到强奸，因为窒息和头部受重击而死。【文体新闻】1《正阳门下小女人》书写“小女人”传奇由蒋雯丽、倪大红主演的年代情感女性创业励志大剧《正阳门下小女人》将于10月16日起登陆北京卫视、江苏卫视和爱奇艺首播。该剧以一个小酒馆几十年的变迁为线索，在反映老北京城胡同的生活变迁、社会百态和商业发展的同时，以一个小女人为着眼点，用真情、真心、真善，谱写了一曲动人的创业之歌。2郭靖宇：收视率造假问题一定会得到解决在昨晚举行的首届“初心榜”颁奖典礼上，因揭露收视率造假而在近期备受关注的导演郭靖宇在登台致辞时透露，收视率造假的事情一定会得到解决，“相信广电总局很快会把这个事治理干净。”初心榜首席评委王鹏举谈到近期行业乱象时说，一个产业60年的发展，有辉煌的成就，也会有这样那样不尽如人意的地方。近期发生的事情，会使电视剧人回到初心，秉承着最初的一种激情去把心思用在创作上，这对行业是一件好事。3从中后卫重回中锋大宝努力转换角色昨天，里皮继续带领中国男足在苏州集训。本周六晚，中国队将和到访的印度队打一场热身赛。相比16日热身赛的对手叙利亚队，印度队显然实力要差上一截。因此，里皮已经敲定了两场比赛的战术思路，那就是面对印度队上替补，到了打叙利亚队，才全遣主力磨合亚洲杯的阵容。4围甲联赛柯洁遭遇三连败昨天，2018年第20届华为手机杯中国围甲联赛第19轮在各主场战罢。芈昱廷九段胜柁嘉熹九段，帮助江苏队战胜中信北京队，以10分优势继续领跑。在焦点战厦门队主将柯洁执黑对金志锡九段的比赛中，柯洁一度优势明显，最终却以1又1/4子落败。这场失利后，柯洁遭遇联赛三连败。5北农商男篮想闯进季后赛新赛季CBA临近，北京农商银行篮球队举行了出征仪式，经过一个休赛期的调整和补充，全新的阵容第一次正式亮相。从上赛季的三外援变成如今的双外援，球队的目标非常明确：全力闯进季后赛，队伍也提出了“新赛季 拼到底”的口号。【新闻点点评】新闻：近日，黑龙江省物价监督管理局发布了《黑龙江省旅游业明码标价规定（试行）》。餐饮经营者将实行“餐前消费确认”。在顾客点餐后，将菜品（商品）和服务的价格标注在二联点菜单上，现场交消费者签字确认后才可下单上菜，同时应将结算联交给消费者，按消费者确认的价格进行结算。该规定自11月1日起施行，试行一年。（北京青年报10月11日）点点评：白纸黑字。新闻：国庆假期，一张甘肃省敦煌市雅丹国家地质公园内布设“刺猬阵”（带刺铁质护栏）的照片刷爆社交平台。该公园管理处主任表示，“使用铁质护栏是无奈之举，一是彻底防止人为破坏，二是为游客人身安全着想。”自从2013年设置后，虽然有碍观瞻，但在景观保护方面却“功效显著”。（新华社10月11日）点点评：最靠谱的栏杆是“文明素质”。新闻：近日，安徽淮南2男子疑因开车起争执，站在街头，不停“挑衅”对方互吐口水。目击者称2人互吐一阵后并没有打起来，而是用水洗脸后各自离去。（新京报10月10日）点点评：口水战。【漫画】异口同声 绘画/郝延鹏“北京人的晚报，北京城的符号”新闻详见当天北京晚报]]></content>
  <author><![CDATA[北京晚报读者俱乐部]]></author>
  <time>2018-10-11 15:42:49</time>
  <account><![CDATA[bw_club]]></account>
</data>
