<data>
  <id><![CDATA[50514416]]></id>
  <url><![CDATA[https://mp.weixin.qq.com/s?timestamp=1539596364&src=3&ver=1&signature=Egrj350GoKY8-KUcIJshb*3K9tLqidHJTrrPYFtVuZryS3D*1BNTcwouS2E0JRYVFl2UDJazSRgoL4dAaKkTtFhJkfxPcNEjCIs1GW4qaN5h*8a90f3Tn-RajALxcnC0arEIpKDTVivDi4-nEBvC-gTBntUIBWn14j1vPK8n2ig=]]></url>
  <title><![CDATA[评书收听｜袁阔成《三国演义》第五十六回——十面埋伏血战仓亭]]></title>
  <content><![CDATA[袁阔成（1929—2015 ）辽宁营口人，出生于天津，是享誉海内外的评书艺术大师，有“古有柳敬亭，今有袁阔成”之说。袁阔成在继承传统评书的基础上，不断探索，勇于创新，语言生动幽默，人物形象鲜明，具有“漂、俏、快、脆”的特色。内容新、风格新、语言新，代表作品有《三国演义》《西楚霸王》《水泊梁山》《烈火金刚》。《三国演义》是袁阔成先生的代表作品，总共有365回，今天，就请大家一起来欣赏袁阔成先生的《三国演义》。（时间较长，请在wifi下欣赏，土豪随意）（第五十六回）]]></content>
  <author><![CDATA[北京晚报读者俱乐部]]></author>
  <time>2018-10-07 07:00:00</time>
  <account><![CDATA[bw_club]]></account>
</data>
