<data>
  <id><![CDATA[50514416]]></id>
  <url><![CDATA[https://mp.weixin.qq.com/s?timestamp=1539596364&src=3&ver=1&signature=Egrj350GoKY8-KUcIJshb*3K9tLqidHJTrrPYFtVuZryS3D*1BNTcwouS2E0JRYVFl2UDJazSRgoL4dAaKkTtA4LgnrYiFt2nMOg4z9AhlvFKc3k9VxWHP2D6gC0bPImR2GUIvVMtm5b886QSXfeKHedNl*13unXuIXN-cLZ70g=]]></url>
  <title><![CDATA[16个有趣汉字，蕴藏哲理]]></title>
  <content><![CDATA[汉字是世界上最古老的四大自源文字之一，而汉字除了是语言外，还蕴含着我们老祖宗的深刻智慧，以及丰厚的人生哲理。参悟汉字玄机，是学习为人处世、体悟人生之道，也是读懂中国文化的契机。1看一个“人”，我们往往只重视他的“言”，而忽视了他的内心。2站得“直”，“人”的身价才高。3同形同向，“月月”相伴，方能称得上真正的朋友。4不停地“走”，不停地“干”，就会超过别人。5欠了别人的，就要偿还，这是做“人”的“责”任。6做什么事，不能光用“口”讲，还要致“力”于行动。7“人”的欲求不可无限膨胀，要适可而“止”。8正“直”，是它的立足“点”。9一旦被人看穿，“马”上就会被人看“扁”。10请勿只有“口”，还要用心。11“召”示你，不停地“走”，你才能赶上别人，走在前面。12要“办”成一件，“十”分成功的大事，必须靠大家共同努力。13落伍者往往只是比别人，晚“走”了一“尺” 。14“今”天努力一“点”，明天才有资格指挥别人。15如果只愿用“耳”朵，听对自己有“益”的话，不愿听批评，其人心胸必然狭隘。16“因”为世界和他人为你的成长一直在付出“心”血，所以，人必须学会感恩。来源：字频道]]></content>
  <author><![CDATA[北京晚报读者俱乐部]]></author>
  <time>2018-10-10 15:36:49</time>
  <account><![CDATA[bw_club]]></account>
</data>
