<data>
  <id><![CDATA[50756027]]></id>
  <url><![CDATA[https://mp.weixin.qq.com/s?timestamp=1539596322&src=3&ver=1&signature=Egrj350GoKY8-KUcIJshb0ALTITXKSyMZS43VZVHDCPLOUDMrWjA36n-QddoFBCL459481gOXCxbQukFi1Ict2AXFFEtOgaJqMAzi*UP1gHbanHHBzGFVcmhk3gYcJbiTREk5KSuvsr12Y7P27qDW3iUPRyQmxF8MLqIxLMVifg=]]></url>
  <title><![CDATA[斗门公安马不停蹄开展灾后复产]]></title>
  <content><![CDATA[9月16日17时超级台风“山竹”在江门台山登陆给斗门带来严重影响最大阵风在15级以上同时阵风持续时间长8级以上大风持续时间在12小时以上台风肆虐，辖区多处水浸严重，道路树木倒伏连连。但是由于斗门公安始终将人民群众的生命财产安全放在第一位，高度重视，全警行动，采取最强部署、最高标准、最严措施，全力防范，在台风来临前排查风险隐患133处，转移救助群众11037名，在此次台风期间全区没有一名群众死亡。同时，社会治安秩序良好，违法犯罪警情同比下降48%，没有发生重大刑事、治安案件。---------------------------------除路障 复坦途 斗门公安显身手9月16日晚上，副区长、分局党委书记、局长朱江第一时间组织召开分局救灾复产工作部署会，要求有独立办公场所单位迅速展开复产行动，主动联系党委政府部门，配合开展道路清障工作；加强社会面治安防控，防止次生灾害发生。9月17日清晨，斗门分局积极响应区委区政府号召，副区长、分局党委书记、局长朱江组织带领党员突击队参加道路清障，迅速投入到全区救灾复产工作中。朱江同志带队到斗门受灾最严重的湖心路一带开展清障工作。在最需要我们的时候，我们总是冲锋在前——斗门公安分局各党支部书记充分发挥模范带头作用，组织支部党员民警奔赴一线进行复产清障，分局共380多名党员民警、党员辅警第一时间投入战斗。参战民警及辅警合力将倒下的树木扶正。精心固定支架。清扫路边的落叶和垃圾。发挥不怕脏、不怕累的精神，徒手清理树叶、淤泥。通力合作，将一筐筐落叶树枝和各种垃圾搬上卡车。这是无畏奉献的痕迹，裤脚和鞋子沾满了泥巴。经过数小时的奋战，湖心路又恢复往日的干净整洁。---------------------------------全警行动  连续作战治安大队分两大组开展灾后清理工作。一组由罗虎大队长带队参加分局统一组织的清障；另一组由周娇英教导员带领民警和辅警对办公区域和周边进行清理。防火大队全体民警开展内部整理工作后，积极参加区内的抢险复产清障工作。井岸派出所组织民警到辖区开展救灾复产工作。新青派出所民警齐心协力恢复所内秩序。坭湾派出所民警积极协助村居开展积水清理和道路清障工作。白蕉派出所在主干道上开展清障工作。城南派出所组织党员民警到湖心路进行清障。斗门派出所在辖区内开展清障工作。乾务派出所迅速开展灾后清障复产工作。五山派出所积极开展灾后内部整理和辖区安全隐患排除、协助村居复产工作。六乡派出所在所长王洪根的带领下，积极投入到台风过后的复产工作中，全力配合镇府、村居开展清障工作。上横派出所参加抢险救灾人员工作到17日凌晨2时许，才陆续回所休息。下午全体民警又投入到清障复产工作中来。莲溪派出所民警积极协助镇政府开展清障工作。此次救灾复产工作中，斗门公安分局共出动警力近400人次，组织党员突击队11支。在全体党员民警和辅警的共同努力下，台风后狼藉的道路恢复了整洁和通畅，各单位办公秩序已全面恢复，户籍窗口、接警室照常对外服务，各项警务工作井井有条。分局各单位民警在抗击超级台风“山竹”之后，立即投入灾后复产清障工作，充分展现出了斗门公安坚持以人民为中心的理念，勇于担当、忠诚履职的风采！来源:斗门分局政工室]]></content>
  <author><![CDATA[珠海警队风采]]></author>
  <time>2018-09-18 18:31:28</time>
  <account><![CDATA[zhgazzgz]]></account>
</data>
