<data>
  <id><![CDATA[50756027]]></id>
  <url><![CDATA[https://mp.weixin.qq.com/s?timestamp=1539596322&src=3&ver=1&signature=Egrj350GoKY8-KUcIJshb0ALTITXKSyMZS43VZVHDCPLOUDMrWjA36n-QddoFBCL459481gOXCxbQukFi1Ict1mtkD4kCXUq6-*LXyHG0yJQs*O1p6ZpbbTwI5y8AbKOOZlyzR-NpCaQWoczFXGjd81Epdamr8kHvWKNLb53ysE=]]></url>
  <title><![CDATA[众志成城、团结一致——横琴公安风雨中的坚守]]></title>
  <content><![CDATA[16日，“山竹”袭击珠海，整座城市笼罩在狂风暴雨中，在卷起的海水和呼啸的风中，横琴公安用坚实的脊梁保护人民群众的生命和财产安全。市公安局党委委员、横琴新区党委委员、分局局长于长利靠前指挥，于15日深夜来到横琴大桥、横琴二桥附近，指挥封闭大桥等防风准备工作。16日于长利局长深入临时避险安置点，详细了解物资储备和群众生活保障情况。为做好防台风准备工作，横琴分局各单位全力以赴，民警草草安排好家人，就立即回到单位投入备战。15日，横琴派出所领导提前到达避险点进行安全检查、排查安全隐患。民警劝离山边和留守海边的村民。民警挨家挨户走访，做到劝离工作“不落一人”，保护群众生命财产安全。交巡警大队15日深夜接到封桥指令后，迅速落实任务，并帮助岛内滞留车辆寻找安全停放点。16日上午10时许，刑侦大队领导冒着风雨，来到横琴新家园避险安置点巡查，现场了解相关情况，为妥善安置避险群众奔走。在避险安置点中，分局民警连续作战、坚守岗位，维持现场秩序，使得近万人的场地秩序井然。分局协助转移安置群众一万余人，在巡逻和巡查中，帮助有困难群众6人次。交巡警大队在巡逻中，发现不安全区域，立即顶风冒雨，对易碎易塌等不安全物品、场地进行加固。哪里有危险，哪里就有警察的身影，抗台风的“战斗”还没有结束，横琴警察无惧风雨，履职尽责，奔赴在保卫群众安全的最前沿。]]></content>
  <author><![CDATA[珠海警队风采]]></author>
  <time>2018-09-17 17:30:33</time>
  <account><![CDATA[zhgazzgz]]></account>
</data>
