<data>
  <id><![CDATA[50756027]]></id>
  <url><![CDATA[https://mp.weixin.qq.com/s?timestamp=1539596322&src=3&ver=1&signature=Egrj350GoKY8-KUcIJshb0ALTITXKSyMZS43VZVHDCPLOUDMrWjA36n-QddoFBCL459481gOXCxbQukFi1Ict2ECos7cN1PLWx5YmRm0vHcTWUFB3d4zF41kg0pdkMO3GWhsj5V1iwwLHqUurHbEvEmFtpQa9dHrFswgIvDcTHI=]]></url>
  <title><![CDATA[市公安局深入开展“三同计划”实践锻炼]]></title>
  <content><![CDATA[为强化干部党性修养,密切联系群众，进一步推动“思想大解放、作风大转变、效率大提升”,根据市委关于实施中青年干部“三同计划”的统一部署，市公安局组织开展“三同计划”实践锻炼，分批选派民警到艰苦地区与群众同吃、同住、同劳动。市公安局党委高度重视“三同计划”实践锻炼工作。副市长、市公安局党委书记、局长张锐同志亲自研究审定《市公安局“三同计划”实施方案》，主持召开党委会议研究部署实践锻炼工作，要求强化责任落实，认真组织实施，加强监督管理，做好后勤保障，确保“三同计划”落到实处。市公安局政治处、市公安局扶贫办精心组织，周密安排，严格管理，督促“三同”干部认真参加实践锻炼，严格遵守工作纪律，真正做到与群众同吃、同住、同劳动，不得给当地政府和村民群众增加负担，严禁把“三同计划”娱乐化、旅游化、休闲化。今年8月份以来，市公安局已先后派出5名“三同”干部前往茂名市电白区对口帮扶村，开展为期15天的“三同计划”实践锻炼。“三同”干部严格遵守市委提出的“四要四不准”纪律要求，发扬不怕苦、不怕累作风，扎扎实实接受锻炼，力图通过实践锻炼锤炼党性、砥砺品质、转变作风，体验群众艰辛，培养群众感情，掌握群众工作方法，增长实事求是解决民生发展问题的才干，进一步激发干事创业激情，为新时代珠海“二次创业”贡献公安力量。“三同”干部与村干部交流了解村情，参加扶贫村建设工作会议锄地插秧喂猪，力所能及干农活向当地群众讲解扶贫政策及珠海茂名两地开展扶贫协作情况走访慰问困难群众、老党员参加当地党组织活动，与基层党员群众深入交流“三同”干部有话想说：谢源生（出入境与外国人事务管理支队）：短短的15天与其说是一种实践体验，倒不如说是一场生动的人生课堂。在这里，没有名师授课和书籍课本，然而它却用朴素的情感和真挚的交流带来深刻的教育和启迪，让我受益终生。黄晓辉（治安警察支队）：我深切地感受到农民的纯朴、勤劳、热情、善良的本质，切身体会到农民生活的艰辛、勤俭，贫困户对政府的感恩以及对未来生活的信心和希望。邓远超（特警支队）：党员干部只有真正的俯下身子倾听群众呼声、深入一线感受群众疾苦，懂得换位思考、扎实解决问题，才能真正的取信于民，为民所敬。袁森明（公安消防局）：群众是善良和醇厚的，我们必须在感情上亲近群众、尊重群众，才能在工作中为民着想、替民分忧。郑志恒（交通警察支队）：“三同”不仅拉近了我们与群众的距离,更增进了群众和我们之间的感情;不仅让我们听到了基层群众的呼声,更在磨练意志的同时，增强了我们的党性。]]></content>
  <author><![CDATA[珠海警队风采]]></author>
  <time>2018-09-21 18:27:20</time>
  <account><![CDATA[zhgazzgz]]></account>
</data>
