<data>
  <id><![CDATA[50756027]]></id>
  <url><![CDATA[https://mp.weixin.qq.com/s?timestamp=1539596322&src=3&ver=1&signature=Egrj350GoKY8-KUcIJshb0ALTITXKSyMZS43VZVHDCPLOUDMrWjA36n-QddoFBCL459481gOXCxbQukFi1Ict-gqEtbqZrJyD1yY573Ft78pRlugqPc8z*DWr9Q9PKFEhtoHyrL3M4VRaC*a2Vr98caxIiggCULdnPcqCgcMy98=]]></url>
  <title><![CDATA[我愿继承你的精神，继续前行！]]></title>
  <content><![CDATA[今天是9月30日第五个“烈士纪念日”每个中国人都应该铭记的日子今天上午，珠海烈士陵园庄严肃穆，党政军群各界代表隆重集会举办珠海市公祭烈士活动，深切缅怀革命烈士的不朽功绩。来自全局各级党组织的50名基层党员民警代表参加了此次活动，缅怀革命烈士的丰功伟绩，表达对烈士的崇高敬仰。前有建国烈士，后有护国英雄。和平年代里，我们的身边依旧有这么一群人他们是我们人民英勇的守护神他们是人民警察！据统计2017年，全国共有361名人民警察因公牺牲建国以来，全国共有15000名人民警察、辅警因公牺牲翻开珠海公安英烈史册，建局以来已有24名公安民警光荣牺牲英烈事迹余闽华：1994年6月17日，在参与前山裕新染织厂的火灾扑救工作时，危楼坍塌夺走余闽华生命。邓卫强：2000年4月14日，邓卫强在雷雨交加、山洪爆发的恶烈天气中，为了救援被洪水围困的群众，不幸被洪水卷走，英勇牺牲。李社仓：2000年6月24日，在珠海港码头的“环球火星”号油轮上救人时因公牺牲。罗奕棠：1995年9月1日，在石景山岗点执勤时遇车祸因公殉职。英烈事迹田宝权：忘我工作，直至生命最后一刻。2002年10月22日下午2时5分，因肝癌病逝。刘  熙：1996年7月10日，在广西钦州出差，因车祸牺牲。韩   钢：1998年8月13日，坐快艇执行任务时发生意外因公牺牲。何耀辉：2006年4月1日，在金湾区湖心路口路段处理交通事故时突然晕倒，因公殉职。英烈事迹肖   鹰：2007年6月19日，带队参加训练考核，身先士卒，率先完成考核项目后突然昏迷，牺牲在训练场上。罗延青（女）：1992年12月22日，执行公务过程中发生交通意外，因公牺牲。黄伯达：1994年4月13日，因公牺牲。周利辉：1995年7月19日，执行公务过程中发生交通意外，因公牺牲。英烈事迹于伟东：1995年7月19日，在执行公务过程中发生交通意外，因公牺牲。刘世俊：1996年8月25日，因公牺牲。全日华：1999年12月27日，因公牺牲。方孟立：2000年9月，因公牺牲。英烈事迹梁伴臣：2002年11月10日，驾驶两轮摩托车回单位交班途中发生交通意外，经抢救无效，因公牺牲。谭志明：2008年11月22日，在单位加完班回家路上发生交通事故，经抢救无效，因公牺牲。李尉良：2008年12月19日，徒步巡逻至三灶镇伟民路唐人街市场路段时，被摩托车撞倒，经抢救无效，因公牺牲。何勇君： 2010年2月4日，到重庆押解犯罪嫌疑人时，不幸发生车祸，因公牺牲。英烈事迹黄增盈： 2010年2月4日，到重庆押解犯罪嫌疑人时，不幸发生车祸，因公牺牲。张悦盛：2011年9月30日，在派出所值班期间连续工作十四小时，晚上10时32分，在押解吸毒嫌疑人回派出所时，累倒在警车上，经抢救无效，因公牺牲。梁健英：2015年4月2日，在金湾公安分局值班时，被发现晕倒在大堂值班室座椅上，抢救无效，因公牺牲。邓献省：2016年5月5日，值班期间进行外围巡查后回办案中心监控室观看录像时突然晕倒，抢救无效，因公牺牲。你们  将罪恶与黑暗挡在身后你们  用鲜血守护着人民的安宁岁月静好的背后，是你们默默负重前行向公安英雄致敬！]]></content>
  <author><![CDATA[珠海警队风采]]></author>
  <time>2018-09-30 16:15:57</time>
  <account><![CDATA[zhgazzgz]]></account>
</data>
