<data>
  <id><![CDATA[50756027]]></id>
  <url><![CDATA[https://mp.weixin.qq.com/s?timestamp=1539596322&src=3&ver=1&signature=Egrj350GoKY8-KUcIJshb0ALTITXKSyMZS43VZVHDCPLOUDMrWjA36n-QddoFBCL459481gOXCxbQukFi1Ict-A4sm*CGDmcPYChF3GVXrQCR7Pej3MXSKgeyX*pxdTRRN3JBBlIq0nhVeyyzE5AkeB8WmQ1kRvge1djCIGCb5A=]]></url>
  <title><![CDATA[高新分局全警动员严阵以待防抗台风]]></title>
  <content><![CDATA[为做好防御超强台风“山竹”工作，高新分局党委高度重视，9月13日，召开防台风工作会议进行动员部署。分局党委书记、局长罗维雄传达了市、区防台风工作会议精神，通报了台风情况，对防御台风工作提出了具体要求，强调各单位要充分认识防抗台风工作的严峻性、复杂性和紧迫性，克服麻痹大意思想和侥幸心理，全警动员，全力以赴，落实责任，做好物资装备和抢险应急准备，力争将台风危害影响降到最低。党委班子成员第一时间到一线检查防台风准备工作抢险救灾物资装备提前准备到位检查各临时安置点准备情况确保饮用水和食品充足到辖区危房、工棚、山边栅、鱼塘户、低洼地带等临险部位劝离转移群众抢险突击队严阵以待分局各单位做好内部防台风工作，对安全隐患进行加固防御台风同时不忘公安主业，严打违法犯罪，抓获前期在唐家实施多起盗窃犬只案件的犯罪嫌疑人]]></content>
  <author><![CDATA[珠海警队风采]]></author>
  <time>2018-09-16 10:59:40</time>
  <account><![CDATA[zhgazzgz]]></account>
</data>
