<data>
  <id><![CDATA[50756027]]></id>
  <url><![CDATA[https://mp.weixin.qq.com/s?timestamp=1539596322&src=3&ver=1&signature=Egrj350GoKY8-KUcIJshb0ALTITXKSyMZS43VZVHDCPLOUDMrWjA36n-QddoFBCL459481gOXCxbQukFi1Ict6AQzPIZEoNzvE0WVxNs*QW*QdmZSSt4IyAzqvNgE61oDGtBmuH0KzfYKShWkRbXfFtwpDbEhT81XyvhtuRuzOk=]]></url>
  <title><![CDATA[]]></title>
  <content><![CDATA[]]></content>
  <author><![CDATA[珠海警队风采]]></author>
  <time>2018-10-04 12:17:01</time>
  <account><![CDATA[zhgazzgz]]></account>
</data>
