<data>
  <id><![CDATA[50756027]]></id>
  <url><![CDATA[https://mp.weixin.qq.com/s?timestamp=1539596322&src=3&ver=1&signature=Egrj350GoKY8-KUcIJshb0ALTITXKSyMZS43VZVHDCPLOUDMrWjA36n-QddoFBCL459481gOXCxbQukFi1Ict2AXFFEtOgaJqMAzi*UP1gE22K4RQh2FJxhxKX-VGOEIIkPZjvxFHNIGaU5EDlbNq7lNu7jAiflS1QTMR*UyaEk=]]></url>
  <title><![CDATA[灾后清障前线上最靓丽的警服蓝——金湾分局风后清障工作实录]]></title>
  <content><![CDATA[台风“山竹”强势吹袭后，金湾地区各道路均出现建筑物、树木、标志牌及护栏等被风暴破坏的情况，给辖区人民群众生活工作带来一定的影响，为快速贯彻落实全区做好台风灾后复产清障工作，保障群众生产生活尽快恢复正常秩序。9月17日，金湾分局组织近100名警力成立党员突击队，迅速投入到紧张的灾后清障复产工作中。副区长、分局党委书记、局长王亚华深入一线，先后到珠海大道、派出所、西城社区等地指导部署，分局政委胡国辉等分局领导靠前指挥，有效保障道路清障抢险、排堵保畅等工作顺利开展。分局清障部队携带斧头、锄头、砍刀、绳索等工具，逐一清除路边障碍及垃圾，修剪、扶正、栽培倒伏树木。清障过程中，民警、辅警顾不上连日来抗击台风的疲累，始终保持高涨情绪，纷纷表示要以新时期党员标准做好此项工作，誓要为全区人民创造良好的工作生活环境，为金湾区灾后复产工作贡献最大能量。分局保障室密锣紧鼓做好风后分局大楼各项硬件设施的修复工作分局网安大队抓紧检测维护电视电话会议设备运行情况人心齐，泰山移，道路上一道道靓丽的警服蓝不辞劳作，冲锋在前，分局所负责的道路环境得到明显改善。据统计，分局清障队伍共清理树枝、垃圾10余车，道路2公里，受到了上级和社会各界高度评价。同时，分局积极做好强化社会面巡控、治安秩序维护和安全隐患排查等工作，全力确保我区在灾后复产期间社会治安平稳，未接报侵财警情。来源:金湾分局政工室]]></content>
  <author><![CDATA[珠海警队风采]]></author>
  <time>2018-09-18 18:31:28</time>
  <account><![CDATA[zhgazzgz]]></account>
</data>
