<data>
  <id><![CDATA[50756027]]></id>
  <url><![CDATA[https://mp.weixin.qq.com/s?timestamp=1539596322&src=3&ver=1&signature=Egrj350GoKY8-KUcIJshb0ALTITXKSyMZS43VZVHDCPLOUDMrWjA36n-QddoFBCL459481gOXCxbQukFi1Ict-A4sm*CGDmcPYChF3GVXrSxZv0Pftz2SBcr-r1jXZfbFPWTcknqBRYXJ8dVY2WNWUum7gr6hLkR-QnAJi2VcmQ=]]></url>
  <title><![CDATA[【防风进行时】风王“山竹”来袭，全市公安机关严阵以待]]></title>
  <content><![CDATA[目前，今年第22号台风“山竹”正不断逼近珠三角。据预计，“山竹”具有强度强、强风范围大、风雨影响大、影响区域重叠等特点，可能成为今年最强台风。9月15日19时起，全市启动防风I级应急响应，全市范围内除抢险和民生保障人员外，所有企业、公共服务场所实行停工、停业、停市、停课。市局党委高度重视防风工作，认真贯彻落实省、市关于防御台风的工作要求，专门召开全市公安机关防台风工作会议，对防御台风进行动员部署。 15日18时起，市局启动二级勤务，16日时8时起，市局启动一级勤务，全市公安民警取消休息休假，各级党组织和广大党员民警充分发挥战斗堡垒和先锋模范作用，全力投入防风工作。提前准备防风救灾设备组织群众疏散协助做好群众安置工作在这里，向防台风一线的同志们致敬！你们辛苦了！同时，请各位同事工作中注意个人安全！]]></content>
  <author><![CDATA[珠海警队风采]]></author>
  <time>2018-09-16 10:59:40</time>
  <account><![CDATA[zhgazzgz]]></account>
</data>
