<data>
  <id><![CDATA[50756027]]></id>
  <url><![CDATA[https://mp.weixin.qq.com/s?timestamp=1539596322&src=3&ver=1&signature=Egrj350GoKY8-KUcIJshb0ALTITXKSyMZS43VZVHDCPLOUDMrWjA36n-QddoFBCL459481gOXCxbQukFi1Ict1mtkD4kCXUq6-*LXyHG0yIQIyEJcoMSFErrkPIWpGNR0eweNtBfVIf--wp4I91IEv-S44IFnOakATLcUXsoU2o=]]></url>
  <title><![CDATA[逆风而行，抗击“山竹”！珠海交警在行动！]]></title>
  <content><![CDATA[根据省、市关于全力做好台风“山竹”防御工作的部署和要求，交警支队高度重视，早部署、早准备、早行动，全力做好防台风工作；支队上下一心，顶风冒雨，坚守岗位，全力维护道路交通安全，保护群众生命财产安全。一、全面做好道路应急装备保障，切实加强道路交通管制。9月15日，各项道路管制设施提前到位。9月16日零时起，沿海路段、桥梁及辖区4条高速公路全部封闭！抗击台风，我们在路上！二、消除隐患，保驾护航。机动大队民警和协警在各路口花坛摆放设施。香洲大队清理障碍，封路封桥。拱北大队民警在风雨中摆放被吹倒的单车、树枝、铁马并添加铁马设备，做好封桥封路工作。金唐大队领导路面一线指挥斗门大队认真做好辖区桥梁通行管制。高栏港大队齐力清理路面障碍三、心系群众安危，及时救困解围。高栏港大队民警巡逻中发现风雨中的受困群众，及时联系镇政府救助车辆，将其平安送到家。高栏港大队路面巡逻中，发现受困渔民，及时联系相关部门，并将其安全送往庇护所安置。南湾大队发现大桥上一名家中有急事的男子被困，及时将其送至家中。金唐大队民警和辅警保驾护航送群众。高速公路大队民警及时解救受困车辆，并将司机俩安全送至坦洲。拱北大队民警护送男孩回家。您的安全，我们守护！台风“山竹”已登陆，现在外面仍然风大雨大，交警支队全体民警、辅警将继续坚守岗位，顽强拼搏，用实际行动彰显对党和人民的赤胆忠心！]]></content>
  <author><![CDATA[珠海警队风采]]></author>
  <time>2018-09-17 17:30:33</time>
  <account><![CDATA[zhgazzgz]]></account>
</data>
