<data>
  <id><![CDATA[50756027]]></id>
  <url><![CDATA[https://mp.weixin.qq.com/s?timestamp=1539596322&src=3&ver=1&signature=Egrj350GoKY8-KUcIJshb0ALTITXKSyMZS43VZVHDCPLOUDMrWjA36n-QddoFBCL459481gOXCxbQukFi1Ict1mtkD4kCXUq6-*LXyHG0yJoEE9mq6y1D0k-BiYdFWanZESxr94ETcTug*xLdxZZSwfZ8gWHL3RPKd4aIU*i1fQ=]]></url>
  <title><![CDATA[平凡的警保人，不平凡的工作]]></title>
  <content><![CDATA[超强台风“山竹”来临前，警务保障处党总支高度重视，迅速制定紧急工作预案，龙云天处长、邓斌政委要求全处人员坚守岗位，确保市局大院安全，为全局做好后勤保障服务工作。9月15日，为确保我局重点基建项目的安全，龙云天处长在基建科人员陪同下，顶着炎炎烈日，前往淇澳岛工地检查防台风情况。从淇澳工地返回后，龙云天处长即刻前往市局指挥大楼，查看应急发电机组的运行情况。为将台风对我局的影响降到最低程度，龙云天处长组织警保处人员对大楼门窗进行了加固。总支委员、副处长彭红书，总支委员、滨海招待所林明辉经理风尘仆仆前往我局局属企业检查指导抗台风情况。装财科党支部赵秋起书记带队前往我局应急仓库进行清理工作，避免暴雨积水造成严重影响。台风来临前，我局指挥大楼玻璃门、侧门以及院内树木已得到妥善加固。市局指挥大厅进行全面清洁整理，大院内树叶垃圾也提前清扫完毕。这就是警务保障处的工作：普普通通，平平常常，甚至很不起眼，或许只是一个简单的标识牌，是一次普通的午餐，是紧急发放警用装备，是频繁的接送人员往返于市区和西区，是随叫随到处理点点滴滴的琐碎小事......]]></content>
  <author><![CDATA[珠海警队风采]]></author>
  <time>2018-09-17 17:30:33</time>
  <account><![CDATA[zhgazzgz]]></account>
</data>
