<data>
  <id><![CDATA[50756027]]></id>
  <url><![CDATA[https://mp.weixin.qq.com/s?timestamp=1539596322&src=3&ver=1&signature=Egrj350GoKY8-KUcIJshb0ALTITXKSyMZS43VZVHDCPLOUDMrWjA36n-QddoFBCL459481gOXCxbQukFi1Ict2AXFFEtOgaJqMAzi*UP1gE8a9o6Yf71gh6Xl6Bv47anUa24DvW3avMfZw4RH2Yhv2wug5RlIhKC2AN0REC9jrI=]]></url>
  <title><![CDATA[连续作战扫障碍，排除险情复生产--高新分局全力投入灾后重建工作]]></title>
  <content><![CDATA[15级强台风“山竹”过后，高新分局党委积极响应市委市政府和市局党委的号召，组织各参战支部开展灾后重建工作。上午，分局党委书记、局长罗维雄同志带领党员突击队，来到受灾较重的后环社区清理路障和垃圾。高新区党委书记闫昊波到场指导并参加灾后清理。奋战了一天一夜的党员突击队队员们依然热情高涨，通力协作。分局领导组织党员民警、辅警、工勤人员分组对分局及周边主干道进行障碍清理和垃圾清扫，保持道路通畅。党员民警、辅警及工勤人员正在对道路上的树枝残叶进行清理。队员们合力将倒地大树扶正，恢复道路畅通。徒手爬到树上砍断被台风刮断的大树枝干。唐家派出所组织民警、辅警清扫障碍物和垃圾。金鼎派出所党员发扬连续作战精神，清除障物、疏通道路。淇澳派出所和刑侦大队全警动员，积极清扫办公环境、疏通道路。经过了一天一夜的奋战，各级党员领导干部主动担当，充分发挥先锋模范作用，身先士卒，带头作战，全体参战民警、辅警和工勤人员不怕苦不怕累，坚持连续作战。目前，社区居民出入主要道路已基本疏通，后续收尾工作正在有序开展，社会秩序良好，台风影响已逐步消除。来源:高新分局政工室]]></content>
  <author><![CDATA[珠海警队风采]]></author>
  <time>2018-09-18 18:31:28</time>
  <account><![CDATA[zhgazzgz]]></account>
</data>
