<data>
  <id><![CDATA[50756027]]></id>
  <url><![CDATA[https://mp.weixin.qq.com/s?timestamp=1539596322&src=3&ver=1&signature=Egrj350GoKY8-KUcIJshb0ALTITXKSyMZS43VZVHDCPLOUDMrWjA36n-QddoFBCL459481gOXCxbQukFi1Ict2AXFFEtOgaJqMAzi*UP1gFgkhD6U9DtWO4gudK73v81uwKDqV0W3MwrMuQknPokgJG9eeWT8IVXeSrJF4nk1bE=]]></url>
  <title><![CDATA[清障重建，昼夜不歇--拱北口岸公安分局连续奋战消除台风影响]]></title>
  <content><![CDATA[受台风“山竹”影响，拱北口岸分局辖区多处树木倒伏、护栏、宣传栏倒塌，雨后积存垃圾随处可见。16日夜间台风预警解除后，分局马上组织警力开展灾后清障工作，协同市政园林部门切割清运全倒大树、修剪倾斜树枝、清理垃圾污物和残枝树叶，恢复正常秩序。17日，市局党委委员、副局长、拱北口岸分局局局长李小忠到辖区检查指导台风过后秩序恢复情况，同时查看了各执勤岗点，对应急处突、巡逻勤务、交通秩序等工作进行现场部署清晨，局领导带头清障巡警大队协助清理路障，支起电缆南屏派出所在华发社区清理路面洪湾派出所在广昌社区清理倒地大树在情侣路、迎宾大道、九洲大道，南屏、拱北、吉大、洪湾的大街小巷里，活跃着民警的身影，他们都在清除台风过后留下的痕迹，尽快恢复每条街道往日的洁净。九洲港派出所社区民警组织人员清理社区倾倒树木巡警大队组织辅警参与清扫交巡警中队修复倒地护栏奋战了一天一夜的拱北公安民警依然热情高涨，相互配合、分工合作，有的帮忙稳住被锯的树木，有的合力抬起铁板、有的清理堵塞下水道的落叶，主动承担脏活、累活、重活，发挥不怕苦、不怕累的工作精神，以实际行动践行党员民警的职责和义务，引来附近居民对此纷纷点赞。上午，民警仍在奋力清障巡警大队主动参与综管办清障行动口岸派出所与志愿者一起清理路障分局组织人员清理环境警保室支起树木绿化环境分局机关清理大院卫生白天，市民生活出行办事恢复正常转轨站附近秩序良好各户政服务中心民警尽职履责，全部正常办公口岸，出境游客陡增警力不减口岸广场人流如潮特勤中队固定安全实施值班警力在轻轨站执勤目前，分局各项工作平稳展开，台风影响已逐步消除，辖区井然有序。来源:拱北口岸分局政工室]]></content>
  <author><![CDATA[珠海警队风采]]></author>
  <time>2018-09-18 18:31:28</time>
  <account><![CDATA[zhgazzgz]]></account>
</data>
