<data>
  <id><![CDATA[50756027]]></id>
  <url><![CDATA[https://mp.weixin.qq.com/s?timestamp=1539596322&src=3&ver=1&signature=Egrj350GoKY8-KUcIJshb0ALTITXKSyMZS43VZVHDCPLOUDMrWjA36n-QddoFBCL459481gOXCxbQukFi1Ict6AQzPIZEoNzvE0WVxNs*QUOQrBohQzljbsVhqHXgtMjidpsbdLhicsJIfzF5C79eBM2OfDXKTmwzikl8ECgZQU=]]></url>
  <title><![CDATA[红旗飘扬迎国庆，金盾闪耀保平安]]></title>
  <content><![CDATA[2018.10.01 高新分局 阅读 94有这么一群人，他们节假日没有放假，他们没有准点下班，他们也没有过多的时间陪伴家人，而他们却无怨无悔，他们就是为保民众平安，坚守一线的高新公安民警！这个国庆节亦是如此，他们依然坚守一线。按照9月30日省厅视频调度会议部署要求和市局工作要求，高新分局执行双值班的曾荣超副局长带队对辖区内加油站散装加油登记情况进行检查。10月1日，为确保第四届会同艺术节顺利进行，根据高新分局统一部署，巡警大队与金鼎派出所通力合作，在单位领导的带领下，民警、辅警准时到达会同村开展安保、巡防工作。巡警大队林贺明大队长在会同村艺术节现场对安保巡防工作进行分工。金鼎派出所王敏军所长带领民警亲临一线，在会同艺术节现场开展安保巡防工作。巡警大队民警在会同艺术节现场执行安保任务。不仅是会同村的艺术节安保工作，根据分局统一部署巡警大队民警、辅警在社区、金鼎市场、唐家轻轨站、唐家客运站等人员聚集地进行巡逻防控，对可疑人员进行盘查。今天是中华人民共和国建国69周年，让我们一同祝福祖国，同时也为坚守在一线保卫群众人身安全、维持社会秩序的高新公安点赞吧！]]></content>
  <author><![CDATA[珠海警队风采]]></author>
  <time>2018-10-04 12:17:01</time>
  <account><![CDATA[zhgazzgz]]></account>
</data>
