<data>
  <id><![CDATA[50756027]]></id>
  <url><![CDATA[https://mp.weixin.qq.com/s?timestamp=1539596322&src=3&ver=1&signature=Egrj350GoKY8-KUcIJshb0ALTITXKSyMZS43VZVHDCPLOUDMrWjA36n-QddoFBCL459481gOXCxbQukFi1Ict1mtkD4kCXUq6-*LXyHG0yIv2THYSBfshzFAq5BJY6nZUK9xzSTS0vZVJrhiPnvSAvPzLawMcDHIcUQDe08w*k4=]]></url>
  <title><![CDATA[风雨中彰显拱北“警”色]]></title>
  <content><![CDATA[点击“阅读原文”]]></content>
  <author><![CDATA[珠海警队风采]]></author>
  <time>2018-09-17 17:30:33</time>
  <account><![CDATA[zhgazzgz]]></account>
</data>
