<data>
  <id><![CDATA[50756027]]></id>
  <url><![CDATA[https://mp.weixin.qq.com/s?timestamp=1539596322&src=3&ver=1&signature=Egrj350GoKY8-KUcIJshb0ALTITXKSyMZS43VZVHDCPLOUDMrWjA36n-QddoFBCL459481gOXCxbQukFi1Ict1mtkD4kCXUq6-*LXyHG0yJR3I1PBjCSfo2huLyQMvir8WmFbr*2WC1ldeQkMIpoGXCsxQMLeMSShv9BF13lE5g=]]></url>
  <title><![CDATA[机场公安全力以赴抗击台风“山竹”，实现“四个没有发生”]]></title>
  <content><![CDATA[9月16日，今年第22号超强台风“山竹”，携着狂风暴雨袭击珠海，登陆时中心附近最大风力14级（45米/秒，相当于162公里/小时），中心最低气压955百帕，破坏能力相当强大。9月15日、16日，机场分局启动一级勤务，全警在岗在位，全力投入各项抗击台风工作中，珠海机场以“四个没有发生”，实现了抗击台风“山竹”的最好结果。一、提早行动、排除隐患，确保排水渠道畅通，珠海机场没有出现浸水情况针对双台风可能袭击广东和8月11日珠海机场曾经浸水的情况，我局提早向金湾区政府报告，建议调派工程车辆及技术人员，迅速抢修畅通机场周边道路的排水系统。金湾区政府高度重视，采纳我局建议，派出大型吸污车10辆、工程车12台、挖掘机4台，施工人员70人，连续奋战7天，全力抢修畅通机场周边道路的排水渠道。截止9月15日，共计清理杂物5000立方，清理排水渠道10公里，并设置隔水带3公里。台风期间，珠海机场排水良好，无发现浸水的情况。疏防二、全警动员、全面检查，提前疏散辖区受影响群众，机场辖区没有发生人员伤亡情况9月15日、16日，我局启动一级勤务，全警在岗在位，主要领导深入一线，带领民警到辖区工地工棚、周边养殖户进行逐户逐家走访。走访工作以辖区民警为主导，采取扩音器宣传、工头引路、居委会协助等方式，开展“地毯式”排查，确保做到不缺一户、不漏一人。期间，共出动警力139人次、辅警60人次、特勤50人次，车辆40台次，劝离转移安置群众131人，排查并消除安全隐患18处。台风期间，由于人员转移彻底，机场地区没有发生人员伤亡的情况。张菁局长带队检查民警深入工地工棚检查劝离群众民警将群众送至庇护场所民警用警车护送老人至庇护场所。三、科学研判、防护到位，珠海机场实施全面停航停运，没有遭受重大损失9月15日，局长张菁同志到机场综合运营指挥中心与珠港管理公司及相关航空公司负责人商讨应对台风“山竹”的预案。经研判，“山竹”极有可能正面袭击珠海，因此珠海机场决定取消15日部分较晚航班，马上安排力量投入到各项防护工作中。我局共出动警力45人次，协助机场疏散旅客，共解决纠纷3起，处理群众求助12起。截止9月15日晚本场飞机全部撤离停机坪，所有旅客全部离开机场。同时，我局将研判情况迅速通报辖区10家驻场单位，要求其马上做好防护措施，并全部撤离员工。9月16日，机场全面实施停航停运，辖区航展馆、中航通飞等全部停产撤离，台风期间没有受到重大损失。张菁局长到机场综合运营中心商讨应对预案民警协助机场做好防护工作9月16日机场全天停航停运四、强化指挥、加强巡控，全力维护社会治安秩序良好，机场地区没有发生案事件我局在指挥中心成立联勤指挥部，分局“一把手”作为总指挥，各部门主要领导参与，确保全面掌控台风期间警力摆布和治安情况。台风期间，机场派出所、特警大队采取车巡、人巡和视频巡相结合的方式对机场候机楼及周边道路、停车场开展治安巡逻，共投入车辆22架次、警力53人次、辅警32人次，劝离转移群众3名，无接报警情，无发生各类案事件。分局设立联勤指挥中心机场应急指挥中心加强巡逻五、准备充分、保障到位，各类物资准备充足，为参战民警解决了后顾之忧我局共组织后勤保障部门人员50人次，对分局办公大楼各办公室、宿舍、各门口进行了防风加固，台风期间没有窗户受损，为民警创造了良好的休息环境；共检查准备应急车辆15台次，冲锋舟1条，沙包50袋，雨衣50件、雨靴50双、救生衣20件，为民警抢险救灾做好工具保障准备；共投入专业力量3名，不间断检查机房、网线、电路等，确保了台风期间通讯畅通；实行送餐机制，将民警的就餐前移至一线工作岗位，共制作饭盒100份，饮料150份，有效保障了民警的就餐问题。准备保障物资对分局门口进行加固将饭菜送至执勤岗位组织清扫办公楼积水]]></content>
  <author><![CDATA[珠海警队风采]]></author>
  <time>2018-09-17 17:30:33</time>
  <account><![CDATA[zhgazzgz]]></account>
</data>
