<data>
  <id><![CDATA[50756027]]></id>
  <url><![CDATA[https://mp.weixin.qq.com/s?timestamp=1539596322&src=3&ver=1&signature=Egrj350GoKY8-KUcIJshb0ALTITXKSyMZS43VZVHDCPLOUDMrWjA36n-QddoFBCL459481gOXCxbQukFi1Ict2AXFFEtOgaJqMAzi*UP1gHB7iLdQLfS*lIlPRlTcR8gc-fDD*RS2ZRtFoit2Exq6oA9R57-OvmwecGGSYNQI20=]]></url>
  <title><![CDATA[快速反应勇于担当——香洲公安抗击强台风“山竹”]]></title>
  <content><![CDATA[强台风“山竹”过后的珠海一片狼藉。9月17日，香洲公安积极响应上级党委有关灾后复产重建的号召，全警动员，火速成立“党员先锋突击队”，分赴辖区街道、社区等受灾最严重的地方，全力投入救灾复产工作。9月17日上午，副市长、市公安局党委书记、局长张锐专程到朝阳派出所了解辖区受灾情况，指导派出所开展灾后重建工作。香洲区副区长、分局党委书记、局长郑木舜带头前往朝阳路、先烈路、情侣路一带开展灾后清障工作。分局党委班子成员也第一时间深入分管、挂点单位检查指导灾后复产重建工作。各派出所快速启动灾后复产工作，积极参与到街道、社区的灾后复产、重建工作，鲜红的旗帜迅速飘扬在街道社区的每一个角落。东风派出所党员民警和志愿警察主动参与辖区清理树障。翠香派出所加紧灾后复产工作。梅华派出所全员出动，还辖区一片洁净。明珠派出所领导班子带头，清障干劲足。南溪派出所与辖区相关单位密切配合，团结力量大。朝阳派出所认真开展灾后清障工作。分局业务大队和机关部门也不甘落后，自发参与到灾后清障工作中。治安大队党支部的旗帜在情侣路迎风飘扬。刑侦大队民警马力全开，汗水湿透了衣背。防火监督大队全警投入，干劲足、效率高。网安大队把党旗插在灾后重建复产工作的最前线。特勤大队民警迅速清理市政府大院及周边路段路障，恢复道路正常通行。指挥中心、政工室、警务保障室坚守大后方，甘做幕后英雄。忠诚履责，严厉打击犯罪抗击台风期间，分局打击工作不放松。9月17日凌晨1时，东风派出所通过视频追踪和指纹比对，在山峰路抓获嫌疑人张某丰，成功破获9月9日香洲区某局财务被盗案。目前，审讯追赃工作仍在进行中。初心为民，强力维护社会平安特警大队党支部在积极组织开展单位内部清障复产工作的同时，持续加大情侣路一带的巡查力度，防止灾后盗抢案件的发生，有效维护辖区社会治安稳定。下一步，香洲分局将继续坚决贯彻落实上级党委各项部署要求，发扬抗风抢险救灾精神，团结一心、连续作战、忠诚履责，全力推进灾后复产重建和“扫黑除恶”专项斗争、“飓风2018”专项行动等各项工作，为辖区社会治安平安稳定和群众安居乐业贡献香洲公安力量。来源:香洲分局政工室]]></content>
  <author><![CDATA[珠海警队风采]]></author>
  <time>2018-09-18 18:31:28</time>
  <account><![CDATA[zhgazzgz]]></account>
</data>
