<data>
  <id><![CDATA[50756027]]></id>
  <url><![CDATA[https://mp.weixin.qq.com/s?timestamp=1539596322&src=3&ver=1&signature=Egrj350GoKY8-KUcIJshb0ALTITXKSyMZS43VZVHDCPLOUDMrWjA36n-QddoFBCL459481gOXCxbQukFi1Ict-A4sm*CGDmcPYChF3GVXrSGxfbjl8cYK1dPjsxlSJH5sXVJQuqqXDbkOC5Cv8GSSIvG9tnO1QhwcNmroqkOmjc=]]></url>
  <title><![CDATA[全警在岗守护金湾——金湾公安分局严阵以待、全力以赴做好超强台风防御工作]]></title>
  <content><![CDATA[根据省、市、区关于全力做好台风“山竹”防御工作的工作部署和要求，金湾公安分局高度重视，早部署、早准备、早行动，积极协助和配合党委政府及相关部门做好防风防汛工作；分局上下一心，严阵以待，主动作为应对超强台风防御工作，全力保护群众生命安全。一是快速启动应急救援预案，全员进入战时状态。响应市、区防风Ⅰ级应急机制，从9月15日18时起分局全面启动一级勤务，全警备战。副区长、公安局长王亚华，政委胡国辉靠前指挥，各科所队领导带头上阵，狠抓责任落实，确保战时在岗在位；严格落实好值班备勤、信息报送等工作制度，“全力、合力、用力”打赢防御超强台风战役。二是全面加强通讯和装备保障，确保救援工作畅通无阻。分局高规格落实好通讯设备、救援设施、应急物资等保障工作，备足沙包、救生衣、救生圈、应急灯、应急发电机等重要救援物质。警车及救援车辆提前做好保养，备足油料，保障分局救援警力能第一时间奔赴现场抢险救灾。三是全面加强接警处置效率，确保社会治安秩序良好。结合省厅、市局关于防御台风要求，分局提前谋划，对台风期间的各类警情、突发险情预设处置方案，进一步加强社区、路面巡查力度，确保社会面平安稳定，防范违法犯罪案事件发生。15日，金湾公安快速处置警情41宗，全区社会治安秩序良好。四是深入排查加强联动，共筑安全防线。根据辖区实际，分秒必争，组织派出所、治安、防火、巡警等部门警力对危房、车库、建筑工地等灾情隐患点进行彻底排查；积极协助相关单位对台风可能造成的道路积水、树木倒伏、断电断气等安全隐患进行全方位、全覆盖排查，不留死角。同时，分局密切联系区党政各级应急部门，加强联动，协同开展强台风防御工作，积极协助做好室外高空作业人员、海上作业人员、孤寡独居老人和工地工棚人员等撤离转移等工作。15日14时许，金海岸派出所到横济岛劝离养殖户13人；傍晚，红旗、小林派出所分别到村居水浸黑点劝离群众213人；22时许，金海滩派出所到莲塘湾码头劝离居民30余人。据统计，截至目前金湾公安分局已协助安全转移群众2749人，辖区各庇护场所秩序良好。金湾分局党委副书记、政委胡国辉深入红旗派出所一线检查指导防御第台风“山竹”工作，并转达分局党委对全所民警、辅警的关怀。金湾分局党委副书记、副局长龚少雄到三灶派出所检查督导抗台风工作，并对三灶所辖区的庇护场所进行了安全检查。各派出所防御台风工作情况三灶派出所红旗派出所金海岸派出所小林派出所金海滩派出所分局保障室全力做好机关大楼门窗及车棚的设施的防风加固工作]]></content>
  <author><![CDATA[珠海警队风采]]></author>
  <time>2018-09-16 10:59:40</time>
  <account><![CDATA[zhgazzgz]]></account>
</data>
