<data>
  <id><![CDATA[50756027]]></id>
  <url><![CDATA[https://mp.weixin.qq.com/s?timestamp=1539596322&src=3&ver=1&signature=Egrj350GoKY8-KUcIJshb0ALTITXKSyMZS43VZVHDCPLOUDMrWjA36n-QddoFBCL459481gOXCxbQukFi1Ict6AQzPIZEoNzvE0WVxNs*QXSCBr*lMZqGWJVCelpABvst6NOGtqvrUqlcghNh9GkZ4my-2P2t-xItnK4Zr58RM4=]]></url>
  <title><![CDATA[音乐不停安保不止——拱北公安全力守护2018沙滩音乐节]]></title>
  <content><![CDATA[2018沙滩音乐节“嗨”翻全城精彩依旧拱北公安全程守护为达到"绝对安全，欢乐祥和"的目标，拱北口岸分局全体参战警力在国旗见证下，发扬连续作战、敢打硬仗、用我必胜的优良作风，始终保持高昂的斗志，以最严标准、最高要求、最优服务，坚守岗位、认真履职，全方位展示拱北警队良好形象，为国庆安保平稳有序、为祖国69华诞献礼。国旗在我心，志愿警察牺牲休息时间，为节日安保无私奉献观众翘首以待加强外围巡控有序引导观众维护安检秩序认真细致查验维护场内秩序查找证件失主证件物归原主一丝不苟坚守后勤保障到位七彩炫耀海滨副市长、市公安局长张锐到现场检查督导安保工作市局副局长邓文、李小忠在现场坐镇指挥治安支队支队长王放达实地指导安保工作各安保力量全力维护现场秩序高点警戒维护舞台周边秩序维护观众区秩序志愿警察救助晕倒观众23时，17000多名观众全部有序离场，2018珠海国际沙滩音乐节完满落幕。为期两天的音乐节，入场观众近3万人次，拱北公安共出动安保警力230人次，其中民警170人次、协警20人次、志愿警察40人次；承办单位共投入保安力量960人次。参与现场安保的警力精神饱满、尽职履责、热情服务，两天以来共查获1名吸毒人员、6名倒票违法人员，现场调解2起纠纷，帮助30多名身体不适观众前往医疗点检查；帮助19名群众找回身份证，整个演出现场平稳有序，无案事件发生，安保工作完满完成！你在，故我在]]></content>
  <author><![CDATA[珠海警队风采]]></author>
  <time>2018-10-04 12:17:01</time>
  <account><![CDATA[zhgazzgz]]></account>
</data>
