<data>
  <id><![CDATA[50756027]]></id>
  <url><![CDATA[https://mp.weixin.qq.com/s?timestamp=1539596322&src=3&ver=1&signature=Egrj350GoKY8-KUcIJshb0ALTITXKSyMZS43VZVHDCPLOUDMrWjA36n-QddoFBCL459481gOXCxbQukFi1Ict-gqEtbqZrJyD1yY573Ft79m5QAjyYfoXYZtQCnKhjzxd6XvX5HF3HAsXx9w4t9c91H4yhEJ-wU5qWliKdpJgWE=]]></url>
  <title><![CDATA[我局民警国画作品入选全省公安美术书法作品展]]></title>
  <content><![CDATA[9月29日上午，省公安厅举办广东公安文联等机构揭牌仪式暨全省公安美术书法作品展开幕式，省厅政治处、广东公安文联以及广东省文联及省书法、美术协会领导出席了开幕式。本次展览从全省报送的180余件作品中遴选出优秀作品进行展出，其中一等奖美术及书法类特别奖各1幅，一等奖各3幅，二等奖各5幅，三等奖各10幅，同时一并展出了广东省内美术、书法名家创作的作品32件，供全省公安民警学习欣赏和借鉴。本次展览展现了公安民警火热的工作生活，是近年来全省美术书法爱好者精品力作的一次集中展示。我局香洲分局民警陈丽以“飓风三号”’赴马来西亚押解电信诈骗嫌疑人为素材创作的国画作品《飓风》荣获三等奖，并在此次展览中展出。]]></content>
  <author><![CDATA[珠海警队风采]]></author>
  <time>2018-09-30 16:15:57</time>
  <account><![CDATA[zhgazzgz]]></account>
</data>
