<data>
  <id><![CDATA[50756027]]></id>
  <url><![CDATA[https://mp.weixin.qq.com/s?timestamp=1539596322&src=3&ver=1&signature=Egrj350GoKY8-KUcIJshb0ALTITXKSyMZS43VZVHDCPLOUDMrWjA36n-QddoFBCL459481gOXCxbQukFi1Ict1mtkD4kCXUq6-*LXyHG0yI3IQ9ktC47X6mwJxgG6lEreuPqbTb06ZuJDwAp5VY5KQ1hSWhkTbZY7rp4npfXX8k=]]></url>
  <title><![CDATA[斗门公安逆风前行全力抗击超强台风“山竹”]]></title>
  <content><![CDATA[9月16日上午，气象台发布台风红色预警：强台风“山竹”将在珠海到江门一带登陆。此次“山竹”来势凶猛，具有影响范围大、破坏力强的特点，有可能成为我省百年一遇的超强台风。从上午开始，斗门区大风呼号，暴雨倾盆，超强“山竹”还未正式登陆，却已经对辖区造成严重影响。-----------------------------为全力做好抗击超强台风工作，保障辖区群众生命财产安全，斗门分局按照上级指示部署，全警动员、全力以赴，以最高要求、最强部署、最严措施，投入到抗击台风一线战斗中。周密部署  严阵以待斗门区副区长、分局党委书记、局长朱江多次组织召开抗击台风专题会议，对抗风工作作出进一步部署。朱江同志靠前指挥抗击台风“山竹”工作。台风来临之际，分局党委班子成员深入辖区检查指导防风工作，并亲临社区劝导群众撤离危险点、督导安置点的安保工作。分局各单位纷纷动员部署，迅速传达上级指示精神，结合辖区实际做好防范“山竹”台风工作。为应对台风天气可能出现的内涝险情，各单位做好抢险救灾物资准备，及时为冲锋舟充气，准备好救生衣、应急灯等器材。全警行动 投入战斗井岸派出所民警黄新明和许广富在深入排查飞龙社区安全隐患时，发现朝南小区92号楼501住房存在台风安全隐患，为确保群众的安全，经过3个多小时积极劝说，最终说服了住户转移到附近的宾馆。坭湾派出所民警李嘉辉带队在坭湾村的一处危房巡查，发现一位老人不愿转移，经过几个小时劝说，终于成功劝说并将其安全转移。治安大队50多岁老民警陈清禧克服腰间盘突出的病痛，充分发挥老党员先锋带头作用，冒着狂风暴雨深入到体育馆等多个庇护站开展巡查，维护庇护站的秩序，稳定群众的情绪，劝导群众守望相助。9月16日上午，五山派出所社区民警林中丛和辅警黄英达冒着狂风大雨深入茘山村社区排查安全隐患，发现一名双腿不便的人员居住在茘山村危房中，立即到卫生站取担架冒雨将该名群众抬出，并转移到安全区域。六乡派出所鳘鱼沙社区民警王东生将居住在危房中一名腿脚不便的老人抱上车并转移到安全庇护站，随后与村委一同将老人居住的危房的门窗进行加固。六乡派出所民警梁庆开、李天华在10级狂风暴雨中继续深入下去排查隐患，转移群众。期间，梁庆开不幸手指摔伤，但他坚持将两名老人及时转移至安全区域后才对伤口进行简单包扎，随后又继续投入到抗风抢险工作。莲溪派出所民警梁忠南冒着大风雨转移被困小孩至庇护中心。11时30分，一外地群众到乾务派出所求助，称刚来珠海找工作遇上台风，无处可去，民警马上将其送往乾务中心小学庇护站。新青派出所民警护送危房群众安全转移至就近的新徽学校庇护点。斗门派出所民警到庇护站安抚群众情绪。城南派出所组织警力下达各社区大街小巷，排查安全隐患和转移群众。上横派出所组织民警将群众转移到安全区域。白蕉派出所民警何定朋顶住强风大雨协助固定灯笼港船只。案审大队熊志达大队长在抗击台风期间，不幸摔伤手臂。巡警大队民警和特勤队员巡逻途经中兴北路发现马路中间护栏被风吹倒，遂迅速下车将护栏拆解移到一旁，以确保道路畅通无阻。分局各派出所和业务大队民警深入村居社区、建筑工地、街道路面等，对危房、车库、简易棚、广告牌等灾情隐患点进行安全隐患排查；配合相关部门对滞留在危险点的群众进行劝导教育和救助安置。截至9月16日12时，共出动警力365次，车辆104辆，及时转移安置群众4702人，救助群众44名，排查安全隐患61处。]]></content>
  <author><![CDATA[珠海警队风采]]></author>
  <time>2018-09-17 17:30:33</time>
  <account><![CDATA[zhgazzgz]]></account>
</data>
