<data>
  <id><![CDATA[50756027]]></id>
  <url><![CDATA[https://mp.weixin.qq.com/s?timestamp=1539596322&src=3&ver=1&signature=Egrj350GoKY8-KUcIJshb0ALTITXKSyMZS43VZVHDCPLOUDMrWjA36n-QddoFBCL459481gOXCxbQukFi1Ict1mtkD4kCXUq6-*LXyHG0yInQJ0o3KoHyywH*LHCC4OZtF917439BJlp9NRfo8zYDIZRAvEx5Ns4E9N9VuZkTDM=]]></url>
  <title><![CDATA[风雨搏激流——香洲公安抗击强台风“山竹”纪实]]></title>
  <content><![CDATA[9月16日早上7时，中央气象台发布台风红色预警：强台风“山竹”将在广东珠海到吴川一带登陆，届时将会给我市带来狂风、强降雨和风暴潮。为确保辖区群众的生命财产安全，珠海市公安局香洲分局按照上级党委部署要求，全警动员、团结一心、严阵以待，全力奋战在抗击强台风第一线，积极转移危险区域群众、开展隐患排查、严格落实应急值守……蓝色的警服、闪烁的警灯，构成了风雨中一道亮丽的风景线！分局提前谋划部署、领导靠前指挥9月16日上午，香洲分局再次召开会议强化部署防御强台风工作。香洲区副区长、分局党委书记、局长郑木舜出席会议并讲话。分局党委副书记、政委崔卫及全体党委班子成员、各单位主要领导参加会议。会议要求，分局各单位务必高度重视、严阵以待，认真贯彻党委政府和上级公安机关防御台风的各项部署要求，充分认识强台风“山竹”移动速度快、威力大、破坏力强的特点，扎扎实实做好各项防御工作，确保人民群众生命及财产安全。香洲区副区长、分局党委书记、局长郑木舜坐镇指挥。9月15日晚上，分局党委副书记、副局长付辉和分局党委委员、副局长余伟龙到东风派出所检查督导民警值班备勤和内部防风防汛工作，要求千方百计确保人民群众生命安全，将台风带来的灾害损失降到最低。9月16日上午，分局党委委员、纪委书记肖海英和分局党委委员、副局长周莉前往梅华派出所指导防御台风工作，并要求全体民警高度重视，全面落实上级工作部署和要求。9月16日上午9时，分局党委委员、政工室主任袁建丰顶风冒雨前往朝阳派出所检查指导防御台风各项准备工作，并强调要组织好应急救援力量和物资，全力以赴守护好辖区群众生命及财产安全。9月15日晚，分局党委委员、警务保障室主任田文锋深入南溪派出所实地检查指导抗台风工作落实情况，要求全体民警务必高度重视，全面排查安全隐患，落实各项保障措施，确保人民群众生命财产安全。全面转移危险区域群众治安大队、朝阳派出所联合香湾街道积极劝离沿海住户和商铺临险人员、转移低洼地区人员、协调物资保障，地下车库防洪挡板等情况，在狂风暴雨中，成功劝离群众874人。明珠派出所民警深入辖区大荣工业区、临时窝棚、地质灾害点等受险区域，挨家挨户走访劝离群众。目前已撤离临险人员39人至壮志学校庇护点，18人自行转移。南溪派出所全警出动冒雨劝离转移群众。南溪派出所共安全转移金唐高速工地等危险区域群众213人。万山派出所将上岛游客全部劝离海岛78人，妥善安置工地工人、商户和居民等163人。目前，万山岛一切正常，群众安置工作顺利，防御台风措施均已落实到位！15日晚上，翠香派出所积极参与和配合街道办开展人员转移安置工作。梅华派出所深入辖区劝导转移工地、工棚、危险地带人员，目前已转移142人到安置点。认真开展隐患排查，提前做好防御措施9月16日8时，按照分局领导要求，朝阳派出所进行抗击台风再动员再部署，认真做好重点区域人员转移安置、派出所营区安全等工作。特警大队安排武装力量在辖区巡查，及时规劝路上车辆、行人到安全避护场所。南溪派出所认真落实各项保障措施，组织救援力量、准备防汛抢险物资。梅华派出所扎实开展防御台风工作，认真指导辖区企业、单位、居民做好防御工作。桂山派出所民警积极投入防台风工作，认真开展风险隐患排查。警务保障室同志认真做好分局大院内部屋顶、机房等设施隐患排查，及时加固门窗玻璃，采购应急物资。法制（监督）室民警及时清理楼顶、门前玻璃杂物，排除险情。东风派出所辅警巡逻中发现树枝倒地阻碍车辆同行，主动下车冒雨搬离树枝，确保道路畅通。严格落实应急值守按照上级要求，分局各单位民警从9月15日下午开始，全部取消周末休假迅速回到单位值守；16日上午8时，全体民警早早回到单位严阵以待。目前，各项防御工作正紧张有序全面铺开。]]></content>
  <author><![CDATA[珠海警队风采]]></author>
  <time>2018-09-17 17:30:33</time>
  <account><![CDATA[zhgazzgz]]></account>
</data>
