<data>
  <id><![CDATA[50756027]]></id>
  <url><![CDATA[https://mp.weixin.qq.com/s?timestamp=1539596322&src=3&ver=1&signature=Egrj350GoKY8-KUcIJshb0ALTITXKSyMZS43VZVHDCPLOUDMrWjA36n-QddoFBCL459481gOXCxbQukFi1Ict-jLWS7JMChwX24D8-fDDp4ExfoLricaL9mQ6e6T8mzMP93AeVtrQ6P1HmywS9GKWjRJtsdQkQ6imAaUJZ72fLw=]]></url>
  <title><![CDATA[斗门公安民警用奉献与坚守为祖国庆生]]></title>
  <content><![CDATA[今天伟大的祖国迎来了69周岁生日举国同庆！国庆节快乐！在这里，我们要自豪的说：祖国，我们爱你，我们为你而自豪！国庆假期斗门公安民警强化责任担当，忠诚履行职责确保辖区平安稳定和人民群众安全领导靠前指挥，加强督导检查斗门区副区长、分局党委书记、局长朱江同志到派出所，检查督导安保勤务落实情况，亲切慰问坚守岗位的民警。分局党委副书记、政委谭代雄到挂点派出所检查督导。分局值班领导前往美食节安保现场检查指导工作。围绕公安主业，打击违法犯罪10月1日15时许，巡警大队民警接警后迅速赶往现场，成功在406公交车上抓获嫌疑人夏某豪。--------------------刑侦大队联合派出所，在中山市板芙镇抓获涉嫌盗窃商铺财物的犯罪嫌疑人王某，一鼓作气抓获涉嫌销赃嫌疑人陈某，当场缴获被盗物品及作案摩托车一台、工具一批。--------------------莲溪所快速出警将涉嫌盗窃摩托车的两名嫌疑人抓获，民警充分发挥吃苦精神彻夜追赃，成功追缴全部赃物摩托车4辆。--------------------刑侦大队联合派出所开展抓捕行动，成功在中山市坦州镇成功抓获涉嫌盗窃摩托车的田某松。--------------------五山派出所在夏村牌坊附近成功抓获四名涉毒人员。--------------------加强检查监督，消除治安隐患9月30日下午，乾务派出所联合镇消防办深入辖区德恒实验学校开展消防安全培训和消防演练活动，有效提高该校师生的消防意识。--------------------9月30日9时许，一名精神病女子手持刀出现在白蕉镇黄家村委会办公区，民警火速赶赴现场，乘其不备将其刀具夺下，在家属配合下送医院治疗。--------------------坭湾所民警在美食节现场检查工作。--------------------运用科技力量，做好现场安保分局指挥室利用可视化指挥系统实时动态监测美食节现场情况。启动无人机监控，维护美食节现场秩序10月1日上午10时，正在轮休的治安大队陈思权副大队长获悉美食节现场有境外人员，于是立即赶到现场，协助做好人员信息采集工作。10月1日12时，莲溪十里莲江景区人数约500人，上午累计入园人数约800人次。逸丰生态园景区内上午进入景区人数约200人次。莲溪所民警陈京良、刘颖怡在景区外围关键路段维护秩序，确保安全。强化路面巡控，全力压发警情巡警大队民警到各个路段进行巡查。--------------------机关民警36人参与路面巡逻，原井岸派出所教导员、四级高级警长李锡宁积极参与。--------------------坚持以民为本，及时排忧解难民警及时出手，解救轻生男子。--------------------民警耐心帮助求助的群众。--------------------特别的担当，别样的生日白蕉派出所民警余健洪在斗门区长途汽车客运站的驻守，刑侦大队技术民警冯武生在西堤路巡逻。--------------------今天是共和国69周年华诞是白蕉派出所民警余健洪57岁生日也是刑侦大队民警冯武生43岁生日他们舍小家顾大家，依然坚守工作岗位为国庆安保维稳工作贡献自己的一份力量--------------------这个假期斗门公安用一身警服蓝全力守护辖区平安稳定努力打造平安斗门、美丽斗门用实际行动祝福祖国母亲繁荣昌盛]]></content>
  <author><![CDATA[珠海警队风采]]></author>
  <time>2018-10-01 19:01:28</time>
  <account><![CDATA[zhgazzgz]]></account>
</data>
