<data>
  <id><![CDATA[50756027]]></id>
  <url><![CDATA[https://mp.weixin.qq.com/s?timestamp=1539596322&src=3&ver=1&signature=Egrj350GoKY8-KUcIJshb0ALTITXKSyMZS43VZVHDCPLOUDMrWjA36n-QddoFBCL459481gOXCxbQukFi1Ict2AXFFEtOgaJqMAzi*UP1gGDMZ0wwZm73o2dGoRBufJUcaP7nfGaQgPiVfeBCvCznhXnItimviT-pz7DDnje7LI=]]></url>
  <title><![CDATA[市局警务保障处迅速组织开展灾后恢复工作]]></title>
  <content><![CDATA[超强台风“山竹”登陆后，警务保障处党总支迅速召开扩大会议，研究灾后清理恢复工作。9月17日早上6点30分，在龙云天处长的亲自带领下，政秘科人员对市局主楼五个玻璃门上加固的木板进行了拆除。至早上7点30分，主楼正门及侧门恢复通行，窗明几净。9月17日一早，龙云天处长在政秘科人员陪同下，来到局属企业新港修理厂查看灾后恢复工作。随后，龙云天处长又来到大院，指导我处人员进行灾后清理。9月17日上午，处领导和各科室人员全部走出办公室，在大院各个方位开始清理工作。上午11时左右，主楼一楼大堂内地毯已重新铺设完毕；防汛沙袋陆续搬离。至9月17日中午，市局大院已基本恢复正常工作生活秩序，后勤保障各项工作也在有序进行中。衷心感谢所有警保人的无私奉献和付出，感谢所有关心和支持警保工作的领导和同事🌹🌹🌹来源:市局警务保障处]]></content>
  <author><![CDATA[珠海警队风采]]></author>
  <time>2018-09-18 18:31:28</time>
  <account><![CDATA[zhgazzgz]]></account>
</data>
