<data>
  <id><![CDATA[50756027]]></id>
  <url><![CDATA[https://mp.weixin.qq.com/s?timestamp=1539596322&src=3&ver=1&signature=Egrj350GoKY8-KUcIJshb0ALTITXKSyMZS43VZVHDCPLOUDMrWjA36n-QddoFBCL459481gOXCxbQukFi1Ict-t01Cu3Tg8DMDbMy5yE255Sq3zJb3SXqKMvvvWsLqlvI20E5DHmeBCkjJTB3YQFr5JQgpSm2OnsrGYBEuSxIBY=]]></url>
  <title><![CDATA[想听珠海公安的故事吗？今晚八点请锁定珠海电视台！]]></title>
  <content><![CDATA[在珠海，有这样一支队伍，他们全天候在岗，召之即来、来之能战，战之能胜，日夜守护着珠海这一方日新月异的特区沃土。这就是珠海警队！近期，珠海市公安局举办了“初心•使命”警察故事主题展示活动，众多到场观看的群众流下热泪。为了让更多市民了解珠海警队，理解、支持公安工作，“我的警察故事主题讲述会”将从今晚开始在珠海电视台播出。原来，感动就在身边，英雄就在珠海。在这场警察故事会中讲述警察故事的，只是珠海警队众多优秀民警中的代表，还有更多优秀民警全身心投入在打击犯罪、服务群众的公安工作中，他们用自己的实际行动继续演绎更多、更精彩的珠海警察故事。“初心·使命”警察故事主题讲述会珠海电视台首播时间：珠海一套20:10（今晚）珠海二套19:30（明晚）重播时间：珠海一套14:10（明日）珠海二套  9:20（25日）锁定珠海电视台了解您身边的珠海警察！]]></content>
  <author><![CDATA[珠海警队风采]]></author>
  <time>2018-09-23 15:37:33</time>
  <account><![CDATA[zhgazzgz]]></account>
</data>
