<data>
  <id><![CDATA[50756027]]></id>
  <url><![CDATA[https://mp.weixin.qq.com/s?timestamp=1539596322&src=3&ver=1&signature=Egrj350GoKY8-KUcIJshb0ALTITXKSyMZS43VZVHDCPLOUDMrWjA36n-QddoFBCL459481gOXCxbQukFi1Ict0IKYcJHYZW7R74y94dMFFByfg3HfF3ub-kOTOwMmrQPv1ZwZ-Z4tt3ncBqF6JHP-sFLMZ7mTcS7vKIcxwg8b9g=]]></url>
  <title><![CDATA[珠海公安邀您共同评选“新时代珠海警队之星”]]></title>
  <content><![CDATA[活动简介为深入贯彻落实习近平新时代中国特色社会主义思想和党的十九大精神，充分发挥先进典型的示范引领作用，珠海市公安局精心策划、组织开展了“新时代珠海警队之星”评选宣传活动，从警队中发掘出一批警务技能精湛、行业水平领先、个人特长鲜明的民警，讲述警察故事、展示警队形象，激励引导全市公安民警“思想大解放、作风大转变、效率大提升”，积极投身新时代珠海“二次创业”，在建设新珠海、新经济、新生活中贡献力量。现在“珠海公安”“珠海警队风采”“珠海交警”微信公众平台同步推出“新时代珠海警队之星”评选投票活动，敬请广大干部群众参与评选。投票时间即日起至2018年10月31日止。投票方式1.点击本文底部“阅读原文”，进入投票页面；2.在点击本公众号菜单“警队之星”，进入投票页面。投票规则1.每个微信号每日限投票1次，每次投票不少于10名候选人，少投无效；2.候选人票数将作为评定“新时代珠海警队之星”的重要参考，如发现候选人存在刷票行为，将取消评选资格。点击“阅读原文”，选出您心目中的“新时代珠海警队之星”]]></content>
  <author><![CDATA[珠海警队风采]]></author>
  <time>2018-10-11 09:01:34</time>
  <account><![CDATA[zhgazzgz]]></account>
</data>
