<data>
  <id><![CDATA[50756027]]></id>
  <url><![CDATA[https://mp.weixin.qq.com/s?timestamp=1539596322&src=3&ver=1&signature=Egrj350GoKY8-KUcIJshb0ALTITXKSyMZS43VZVHDCPLOUDMrWjA36n-QddoFBCL459481gOXCxbQukFi1Ict6AQzPIZEoNzvE0WVxNs*QUlTe9xzIF3VThsmHsGMDfANMhUqYL6eAfcED3MTY9iGhudKte18nEnr9BRjB1EKsc=]]></url>
  <title><![CDATA[年年国庆在岗，致敬斗门老警！]]></title>
  <content><![CDATA[祖国迎来69周年华诞在国庆安保的队伍中有朝气蓬勃的新生力量也有业精技强的中坚力量还有两鬓斑白的50+老警.......一段青春，一段奉献他们都曾经年轻，曾经辉煌如今虽不再年少但踏踏实实、艰苦奋斗的作风几十年不变在特殊的国庆假期依然处处可见这些老同志在国庆安保岗位上默默无闻坚守的身影莫道桑榆晚为霞尚满天30年前国庆，他们坚守岗位每年的国庆安保现场都有他们忙碌的身影都有他们的默默坚守与无私奉献2018年国庆，他仍坚守在岗位上【冼结强】冼结强，男，1962年2月出生，中共党员，现为斗门公安分局法制监督室四级高级警长。1989年10月2日国庆安保，时任斗门县公安局政保股办事员的冼结强同志，积极参加单位值班备勤。现年56岁的冼结强同志在2018年国庆安保期间，坚守岗位、默默付出，对各单位安保工作落实情况进行检查督导。从警39年以来，他处处高标准严格要求自己，恪尽职守、廉洁自律，在工作岗位上兢兢业业，紧紧围绕中心工作和重大警务部署开展重点督察，查看基层单位工作部署和落实情况，确保各项工作落到实处。【李锡宁】李锡宁，男，1962年11月出生，中共党员，现为斗门公安分局警务保障室四级高级警长。1996年10月1日国庆安保，时任斗门县虎跳门水上公安检查站副站长的李锡宁坚守工作岗位，严厉打击偷渡、走私活动。现年56岁的李锡宁同志，在国庆期间在斗门美食节安保现场进行路面巡逻。2018年1月，从井岸派出所教导员岗位上退下来后，他迅速摆正心态，转变工作角色，认真做好日常工作。在警务保障室，他主动对分局涉案车辆逐一排查，依照规定及时处理涉案车辆。【刘  健】刘健，男，1963年1月出生，中共党员，现为斗门公安分局井岸派出所二级警长。1990年10月1日国庆安保，时任斗门县公安局白藤湖派出所办事员的刘健在单位值班备勤。现年55岁的刘健同志在国庆安保期间，做好巡逻防控的同时，认真做重点人员走访登记工作。从警以来，他工作积极主动、认真负责，经常带领户管员深入社区走访调查，督促外来人口及时办理居住证，及时采集实有人口信息，其扎实的工作作风赢得了领导和同事的一致好评。【黄海光】黄海光，男，1966年8月出生，中共党员，现为斗门公安分局治安大队二级警长。1992年10月3日国庆安保，时任斗门边防大队虎跳们水检站副指导员的黄海光同志，与战友一起驾驶摩托车进行巡逻。现年52岁的黄海光同志在国庆前夕，积极开展中秋国庆双节的危爆物品安全监管工作，全面详细地掌握斗门区民爆工地和仓库的情况。国庆期间，黄海光主动承担连续2天的乡村音乐节安保工作任务，每天提前一个半小时到活动现场，认真做好现场核查和后续监管工作。【赵军强】赵军强，男，1968年2月出生，中共党员，现为斗门公安分局莲溪派出所二级警长。1996年10月5日国庆安保，时任斗门县公安局刑警大队科员的赵军强同志与单位同事一起值班备勤。由于辖区在国庆期间举行多项大型文化活动，现年51岁的赵军强同志考虑到单位警力不足，主动要求参加国庆安保工作。2018年3月，我市相继出台了多项户籍新政策，面对新任务、新挑战，赵军强迎难而上，从熟读各份文件要求到上机操作，都做到一丝不苟。除正常的上班时间外，他认真做好党员志愿服务岗工作，落实预约办证服务措施，赢得了辖区群众的称赞。他认为：能够为群众提供便利，为群众办好事，自己牺牲点休息时间不算什么。【梁悦文】梁悦文，男，1959年10月出生，中共党员，现为斗门公安分局五山派出所二级警长。现年59岁的梁悦文同志是五山派出所社区民警。国庆期间，他深入社区、居民家中，及时开展走访调查，提醒群众注意防火防盗。【欧达康】欧达康，男，1960年11月出生，中共党员，现为斗门公安分局白蕉派出所二级警长。现年58岁的欧达康是白蕉派出所社区民警。他爱岗敬业，埋头苦干，默默耕耘，任劳任怨。 国庆期间，他深入成裕村开展人口信息采集工作。【周月祥】周月祥，男，1962年3月出生，中共党员，现为斗门公安分局斗门派出所二级警长。现年56岁的周月祥同志是斗门派出所社区民警。今年国庆期间，他在参加值班后，积极开展巡逻防控、走访村居工作。日常工作中，他积极走访帮扶重点人员，对他们的实际困难及时伸出援助之手。为了让社康人员黄某欢有稳定的经济收入，周月祥帮助他在家饲养家禽，让黄某欢成功融入社会。【赵锡明】赵锡明，男，1962年2月出生，现为斗门公安分局坭湾派出所二级警长。现年56岁的赵锡明同志是坭湾派出所社区民警。今年国庆节期间，他积极参与美食节现场安保，维护现场治安秩序。从警以来，他一直在派出所工作，基层工作经验十分丰富，对待群众真诚热情。去年年底，在黄杨河湿地公园滩涂地清场工作中，村民杨某意见很大，情绪激动。赵锡明主动做杨某的思想工作，从法律和亲情入手，引导其通过合法的途径解决纠纷，成功消除该治安隐患。【周亚寿】周亚寿，男，1964年2月出生，中共党员，现为斗门公安分局警务保障室副主任、二级警长。现年54岁的周亚寿同志在今年国庆安保工作中，为执勤民警送糖水，积极主动做好后勤保障工作。在后勤工作岗位上，不管是日常工作还是重大安保工作中，他积极主动、服务民警，在寒冷中及时送上热姜汤，在严热中及时送上清凉茶，为参战民警提供坚实的后勤保障。【林锡彬】林锡彬，男，1965年2月出生，中共党员，现为斗门公安分局白蕉派出所副所长、二级警长。现年53岁的林锡彬同志是白蕉派出所分管消防工作的副所长。在国庆安保期间，他坚持每天晚上带队，到辖区娱乐场所、酒店进行消防检查，及时整改消防隐患，努力给群众提供一个平安祥和的假期。当然他们只是斗门公安中敬业“老战士”的缩影在国庆假期安保岗位上还有更多这样的“50+”身影默默无闻地坚守在岗位对“老战士”们而言逝去的是青春不变的是忠诚向他们致敬！！]]></content>
  <author><![CDATA[珠海警队风采]]></author>
  <time>2018-10-04 12:17:01</time>
  <account><![CDATA[zhgazzgz]]></account>
</data>
