<data>
  <id><![CDATA[50756027]]></id>
  <url><![CDATA[https://mp.weixin.qq.com/s?timestamp=1539596322&src=3&ver=1&signature=Egrj350GoKY8-KUcIJshb0ALTITXKSyMZS43VZVHDCPLOUDMrWjA36n-QddoFBCL459481gOXCxbQukFi1Ict-jLWS7JMChwX24D8-fDDp6zaCcPw7tx*O0b6Fb23r7HKcxRXsNQpG3nML0BJ00M5y8f5BNjnrhTxN*HnZGrE54=]]></url>
  <title><![CDATA[横琴分局2018年国庆安保专刊第一期]]></title>
  <content><![CDATA[为庆祝伟大祖国69岁华诞的到来，横琴公安分局继续发扬“群众放假，警察站岗”的优良传统，和您在一起。一大早，参与长隆执勤和口岸巡逻的民警早已整装待发，准备上岗。图为带队领导对岗位进行分工。为保证横琴口岸地区治安秩序，分局巡逻民警早上9点多就到岗，加强了对口岸地区的巡控工作。国庆假期第一天，早有不法分子蠢蠢欲动。横琴派出所口岸执勤警力果断出击，在口岸地区抓获两名非法拉客违法人员，随即移交交巡警大队跟进处理。为避免口岸区域私设停车场的情况发生，分局交巡警大队加大了对口岸地区疑似非法停车场的清理力度。图为民警对疑似私设停车场设置警戒线，禁止车辆驶入。国庆期间，分局交巡警大队加强了对口岸周边的巡逻管控。图为民警盘查可疑人员及检查嫌疑车辆。横琴派出所民警在口岸接受逾期居留境外人员求助。经查，曾某涵，美国人，于2018年7月23日从虹桥机场口岸入关，至今已逾期居留10天。民警将依法对其行为进行处理。为保障口岸地区道路交通顺畅，分局交巡警大队民警对违停车辆予以拖移。长隆海洋王国一直以来都是黄金周期间，外地游客到我市游览的主要目的地。分局根据工作部署，安排充足警力到场执勤，维护园区治安秩序。在市局的大力支持下，国庆期间市局安排了10名市局机关民警到长隆开展巡逻工作。图为支援民警在长隆海洋王国园区巡逻。兵马未动、粮草先行。分局后勤保障部门加强了节假日期间保障工作的开展，全体后勤人员放弃休假，一方面保持分局卫生洁净环境，另一方面，为民警做好餐饮保障。营养丰富，应有尽有。吃完，撸起袖子继续干。最后，祝愿我们伟大的祖国，风调雨顺，繁荣富强。]]></content>
  <author><![CDATA[珠海警队风采]]></author>
  <time>2018-10-01 19:01:28</time>
  <account><![CDATA[zhgazzgz]]></account>
</data>
