<data>
  <id><![CDATA[50756027]]></id>
  <url><![CDATA[https://mp.weixin.qq.com/s?timestamp=1539596322&src=3&ver=1&signature=Egrj350GoKY8-KUcIJshb0ALTITXKSyMZS43VZVHDCPLOUDMrWjA36n-QddoFBCL459481gOXCxbQukFi1Ict1mtkD4kCXUq6-*LXyHG0yLa7W8ehw4NpCr3t9Rc-UH3F0*9KHIsuGnHJV9lY7U0OuGYAUiCj0rohyAEPAst9iI=]]></url>
  <title><![CDATA[抗击“山竹”,珠海公安36小时OnCall]]></title>
  <content><![CDATA[在防御超强台风“山竹”中，全市公安机关和广大民警认真贯彻落实市委、市政府和市局党委的工作部署，团结一致，众志成城，坚守一线，连续30多个小时奋战在防风抗风第一线，全力确保人民群众生命财产安全，在狂风暴雨中为群众筑起牢牢的“安全墙”。━ ━ ━ ━ ━副市长、市公安局党委书记、局长张锐深入一线督导检查防风抗风工作，亲切慰问一线民警━ ━ ━ ━ ━在市局党委的带领下，全局各级党组织和广大党员民警挺身而出，冲锋在前，以实际行动践行人民公安为人民的宗旨，充分体现了珠海公安的责任和担当。香洲分局组织民警冒雨深入辖区各临时窝棚、地质灾害点等受险区域，挨家挨户走访劝离群众拱北口岸分局南屏派出所组织民警冒雨劝导疏散转移住在工棚区的群众洪湾派出所党员民警连夜转移水浸地区群众一名住在低洼处的独居老人不愿意转移，党员民警谢悦强立即赶往现场，经过耐心劝说，终于顺利将老人转移安置拱北口岸分局巡警大队民警一直坚守在拱北口岸广场，劝导群众疏散撤离台风登陆期间，金湾小林市场一铺头卷闸门被狂风吹坏，金湾分局小林派出所党员民警顶风冒雨协助店铺主修整卷闸门，避免发生意外小林沙脊村出现水浸险情，小林派出所党员民警与校方合力将50多名村民有序转移至小林中学庇护点红旗派出所党员民警刘小龙紧急转移受伤群众斗门分局莲溪派出所党员民警梁忠南冒着大风雨转移被困小孩白蕉派出所党员民警何定朋在风雨中协助群众固定船只巡警大队党员民警解救被水围困的群众白蕉派出所党员民警陈忠云紧急将一名腿部受伤群众送院治疗白蕉派出所辖区一村民突发心脏病急需救治，120救护车因道路水浸120无法进入救治，党员民警梁伟洪立即出警协助将病人送院抢救刑侦大队党员民警合力救出被困于棚户区的群众高栏港分局巡警大队党员民警及时将受困群众转移至安全场所唐家鸡山村桥水浸，高新分局巡警大队迅速组织警力赶往现场抢险救灾横琴分局组织民警挨家挨户走访，做到劝离工作“不落一人”，保护群众生命财产安全机场派出所民警连夜逐户走访辖区群众，耐心劝导不肯撤离人员，确保辖区全体人员全部撤离到安全地方交警支队高栏港大队党员民警廖善思在巡逻中发现7名渔民无处躲避台风，民警立即将7人护送送往最近的庇护场所安置。在得知还有2名渔民还在渔船上后，廖善思立即联系南水镇安委办工作人员前往劝导，顺利将两人送往救助站安置。台风登陆期间，金湾有1名男子不慎被蛇咬伤，情况十分危急。高速大队党员民警何朝富迅速出警，引导120救护车快速将其送至医院。连日来，市局新闻办提前统筹策划全局防御台风宣传工作，利用微博、微信、电视、报刊等融媒体，用图片、视频、文字等多种形式，大力宣传珠海公安民警战斗防风抗灾第一线，保护人民群众生命财产安全的大无畏和无私奉献精神再一次给坚守在抗风第一线的各位同志点赞！你们辛苦了！我们又一次走进风雨康敏多少次，已记不清我们穿透笼罩大地的恐惧翻越疲惫的黄昏与黎明一颗颗忠诚为民的心肩负神圣使命毅然决然走进风雨铿锵的步伐吼唱雄壮歌声我们又一次走进风雨当“山竹”来临，超越“天鸽”携气势汹汹的庞大云系在三十九个春秋中翘首称霸我们不舍昼夜，不畏艰险战斗，战斗，战斗在危难之处在海水浸没的情侣路在杂物狂舞的居民区在树木“折腰”的大街小巷在码头，在工地，在蕉林在一间间危房，一座座村落在“风王”恣意肆虐的南海之滨在人民需要的每一个地方奔走成一艘艘满载希望的船将一个个生命渡向平安的彼岸将一座浪漫之城渡离人间的苦难又一次走进风雨，和往常一样义无反顾，一往无前，我们在一条险象环生的道路上不管风有多急雨有多大，我们铿锵的步伐依然纵情歌唱唱响雄壮的歌声——我们是一个个蓝色的身影我们是一枚枚闪亮的警徽我们的肩头，是神圣的使命我们的心中，是至爱的人民]]></content>
  <author><![CDATA[珠海警队风采]]></author>
  <time>2018-09-17 17:30:33</time>
  <account><![CDATA[zhgazzgz]]></account>
</data>
