<data>
  <id><![CDATA[51280234]]></id>
  <url><![CDATA[https://mp.weixin.qq.com/s?timestamp=1539596308&src=3&ver=1&signature=Egrj350GoKY8-KUcIJshb2eAWPohOh3grQ5m23OcLtNoh0Ro84j13xhMw9F4x-4mFdnZg0RYabRU3GRm-p5IRIGG*EMgXFZIHw*DdRMMOPyO-*NWEa71Dt1NMFG52ZU7y7Q4anc8a*DMK8rlTGzur7UrdFZLloE*LYX1zuLKQV8=]]></url>
  <title><![CDATA[一顿饭800万，一天输掉2个亿！这个人你认识吗！]]></title>
  <content><![CDATA[关注我们查看更多视频]]></content>
  <author><![CDATA[2b姑娘]]></author>
  <time>2018-10-06 22:48:11</time>
  <account><![CDATA[qxinwen]]></account>
</data>
