<data>
  <id><![CDATA[51280234]]></id>
  <url><![CDATA[https://mp.weixin.qq.com/s?timestamp=1539596308&src=3&ver=1&signature=Egrj350GoKY8-KUcIJshb2eAWPohOh3grQ5m23OcLtNoh0Ro84j13xhMw9F4x-4mFdnZg0RYabRU3GRm-p5IRPjjQl3gmIBCxvEHsLV1caRGpjSkyaKSvw06naXhthwrGkSJcad7MRzvw8VMdabyuaPZHTG*UdgIUYz-jenx4Yg=]]></url>
  <title><![CDATA[老总开破车去聚会，被妻子闺蜜瞧不起，谁知闺蜜老公是他员工]]></title>
  <content><![CDATA[关注我们查看更多视频]]></content>
  <author><![CDATA[2b姑娘]]></author>
  <time>2018-10-05 22:12:10</time>
  <account><![CDATA[qxinwen]]></account>
</data>
