<data>
  <id><![CDATA[51280234]]></id>
  <url><![CDATA[https://mp.weixin.qq.com/s?timestamp=1539596308&src=3&ver=1&signature=Egrj350GoKY8-KUcIJshb2eAWPohOh3grQ5m23OcLtNoh0Ro84j13xhMw9F4x-4mFdnZg0RYabRU3GRm-p5IRLB9nq51hbI8I*nwHHEYT5yLINpGsJC7FCGDqTUStwpTfIbMnww2SQRuyhZigI2OfvuGXUIHEzbPXs613Vl1BDs=]]></url>
  <title><![CDATA[最长寿老人146岁绝食去世，烟不离手，直言“活腻”了]]></title>
  <content><![CDATA[关注我们查看更多视频]]></content>
  <author><![CDATA[2b姑娘]]></author>
  <time>2018-10-09 22:12:31</time>
  <account><![CDATA[qxinwen]]></account>
</data>
