<data>
  <id><![CDATA[51280234]]></id>
  <url><![CDATA[https://mp.weixin.qq.com/s?timestamp=1539596308&src=3&ver=1&signature=Egrj350GoKY8-KUcIJshb2eAWPohOh3grQ5m23OcLtNoh0Ro84j13xhMw9F4x-4mFdnZg0RYabRU3GRm-p5IRLB9nq51hbI8I*nwHHEYT5wZFSujsA8tr9rLsmlruYCDOwuSkVC2HOd7JGmq0-RyXJtFBg-4nkc9Wtb9rZD8Ai8=]]></url>
  <title><![CDATA[一个光棍说的大实话，看看吧]]></title>
  <content><![CDATA[关注我们查看更多视频]]></content>
  <author><![CDATA[2b姑娘]]></author>
  <time>2018-10-09 22:12:31</time>
  <account><![CDATA[qxinwen]]></account>
</data>
