<data>
  <id><![CDATA[51280234]]></id>
  <url><![CDATA[https://mp.weixin.qq.com/s?timestamp=1539596308&src=3&ver=1&signature=Egrj350GoKY8-KUcIJshb2eAWPohOh3grQ5m23OcLtNoh0Ro84j13xhMw9F4x-4mFdnZg0RYabRU3GRm-p5IRCxTjVJ3z31hf3batwxrkSw-tSyT*HdVl0JeuGC1JKEoEncul3YqRf375uBwCmElQsb*UgS--L7XSDok6XpsZ14=]]></url>
  <title><![CDATA[挣钱再多有啥用？都看看吧]]></title>
  <content><![CDATA[关注我们查看更多视频]]></content>
  <author><![CDATA[2b姑娘]]></author>
  <time>2018-10-14 21:50:00</time>
  <account><![CDATA[qxinwen]]></account>
</data>
