<data>
  <id><![CDATA[51280234]]></id>
  <url><![CDATA[https://mp.weixin.qq.com/s?timestamp=1539596308&src=3&ver=1&signature=Egrj350GoKY8-KUcIJshb2eAWPohOh3grQ5m23OcLtNoh0Ro84j13xhMw9F4x-4mFdnZg0RYabRU3GRm-p5IRP7-h5eWaVbIsHd20QDmvmP2G6xfqaLbTXQ-G7sgK4GvFHXq-xHe4epxrxET*YLR04l8lQpQ60r4DUNYJ6XzxE4=]]></url>
  <title><![CDATA[农村有房的恭喜了,可能要富了！]]></title>
  <content><![CDATA[关注我们查看更多视频]]></content>
  <author><![CDATA[2b姑娘]]></author>
  <time>2018-10-11 22:56:32</time>
  <account><![CDATA[qxinwen]]></account>
</data>
