<data>
  <id><![CDATA[51280234]]></id>
  <url><![CDATA[https://mp.weixin.qq.com/s?timestamp=1539596308&src=3&ver=1&signature=Egrj350GoKY8-KUcIJshb2eAWPohOh3grQ5m23OcLtNoh0Ro84j13xhMw9F4x-4mFdnZg0RYabRU3GRm-p5IRPjjQl3gmIBCxvEHsLV1caRt*x3aUFumvUwRJLyH7fUh8aFL24ilsDYLm0HBfIuoadhIWJmXkgDWHZZ13WvF*uw=]]></url>
  <title><![CDATA[工资3000元左右的，2019年就要面对现实了！]]></title>
  <content><![CDATA[关注我们查看更多视频]]></content>
  <author><![CDATA[2b姑娘]]></author>
  <time>2018-10-05 22:12:10</time>
  <account><![CDATA[qxinwen]]></account>
</data>
