<data>
  <id><![CDATA[51280234]]></id>
  <url><![CDATA[https://mp.weixin.qq.com/s?timestamp=1539596308&src=3&ver=1&signature=Egrj350GoKY8-KUcIJshb2eAWPohOh3grQ5m23OcLtNoh0Ro84j13xhMw9F4x-4mFdnZg0RYabRU3GRm-p5IRLvU5UEJrVvwQgMTCoretphWtxkiyhafjXVnIyZRscQNwiv3nu3R8gYKi5KCuYMSk9Lot0t8LXsJq51NoTK9Yrw=]]></url>
  <title><![CDATA[老人捡到条鱼，160斤，卖了竟卖了300万！]]></title>
  <content><![CDATA[关注我们查看更多视频]]></content>
  <author><![CDATA[2b姑娘]]></author>
  <time>2018-10-08 22:59:34</time>
  <account><![CDATA[qxinwen]]></account>
</data>
