<data>
  <id><![CDATA[51280234]]></id>
  <url><![CDATA[https://mp.weixin.qq.com/s?timestamp=1539596308&src=3&ver=1&signature=Egrj350GoKY8-KUcIJshb2eAWPohOh3grQ5m23OcLtNoh0Ro84j13xhMw9F4x-4mFdnZg0RYabRU3GRm-p5IRIGG*EMgXFZIHw*DdRMMOPy69e6p7EmiCXIMkOVODXvmFoZwa80lVr-RRbI6rboAJdOUhEU1ldB0RCCBpZyLB0c=]]></url>
  <title><![CDATA[人若欠你，天必还你，不信你看]]></title>
  <content><![CDATA[关注我们查看更多视频]]></content>
  <author><![CDATA[2b姑娘]]></author>
  <time>2018-10-06 22:48:11</time>
  <account><![CDATA[qxinwen]]></account>
</data>
