<data>
  <id><![CDATA[51280234]]></id>
  <url><![CDATA[https://mp.weixin.qq.com/s?timestamp=1539596308&src=3&ver=1&signature=Egrj350GoKY8-KUcIJshb2eAWPohOh3grQ5m23OcLtNoh0Ro84j13xhMw9F4x-4mFdnZg0RYabRU3GRm-p5IRCxTjVJ3z31hf3batwxrkSy0o8VHh0CXCyO1gEa9WPARtMboQWnhpHJNkK-AqsXfZtbVtCMmNey6oEIbgsQXa34=]]></url>
  <title><![CDATA[车牌少上两颗螺丝要扣12分，司机一句话让交警也尴尬了！]]></title>
  <content><![CDATA[关注我们查看更多视频]]></content>
  <author><![CDATA[2b姑娘]]></author>
  <time>2018-10-14 21:50:00</time>
  <account><![CDATA[qxinwen]]></account>
</data>
