<data>
  <id><![CDATA[51280234]]></id>
  <url><![CDATA[https://mp.weixin.qq.com/s?timestamp=1539596308&src=3&ver=1&signature=Egrj350GoKY8-KUcIJshb2eAWPohOh3grQ5m23OcLtNoh0Ro84j13xhMw9F4x-4mFdnZg0RYabRU3GRm-p5IRIPPTC7-csB7xFzyRs4oiyEfsai9ZjiNWz2fxEu9LNnG5aG8v-StkCx4Pf4sqw1*HopoP0pV2*W6aj1CHaomz1k=]]></url>
  <title><![CDATA[老板公司危机，穷兄弟卖了车借给他钱，一年后送豪车报答]]></title>
  <content><![CDATA[关注我们查看更多视频]]></content>
  <author><![CDATA[2b姑娘]]></author>
  <time>2018-10-12 22:20:00</time>
  <account><![CDATA[qxinwen]]></account>
</data>
