<data>
  <id><![CDATA[51280234]]></id>
  <url><![CDATA[https://mp.weixin.qq.com/s?timestamp=1539596308&src=3&ver=1&signature=Egrj350GoKY8-KUcIJshb2eAWPohOh3grQ5m23OcLtNoh0Ro84j13xhMw9F4x-4mFdnZg0RYabRU3GRm-p5IRGIsBfplE6tQKeGr3yfhj3FQpGJM12eaPlrqMMT7CmJM8wrZq72V*vpXIbgYAZ4UlyH7bgZUIOmM7zUVINUTNtw=]]></url>
  <title><![CDATA[外国女人的高功夫，太厉害了！]]></title>
  <content><![CDATA[关注我们查看更多视频]]></content>
  <author><![CDATA[2b姑娘]]></author>
  <time>2018-10-10 22:16:00</time>
  <account><![CDATA[qxinwen]]></account>
</data>
