<data>
  <id><![CDATA[51280234]]></id>
  <url><![CDATA[https://mp.weixin.qq.com/s?timestamp=1539596308&src=3&ver=1&signature=Egrj350GoKY8-KUcIJshb2eAWPohOh3grQ5m23OcLtNoh0Ro84j13xhMw9F4x-4mFdnZg0RYabRU3GRm-p5IRIPPTC7-csB7xFzyRs4oiyFfb*EBnkrll9K7hnjWKlXP3EDpPPh-wZLBCayd3nBMFY6JIC5EA5TmvwDB411D8Fo=]]></url>
  <title><![CDATA[25岁小伙开颅切除肿瘤，手术中应医生之“邀”醒来唱《遗失的美好》！手术最后。。。。。。]]></title>
  <content><![CDATA[关注我们查看更多视频]]></content>
  <author><![CDATA[2b姑娘]]></author>
  <time>2018-10-12 22:20:00</time>
  <account><![CDATA[qxinwen]]></account>
</data>
