<data>
  <id><![CDATA[51280234]]></id>
  <url><![CDATA[https://mp.weixin.qq.com/s?timestamp=1539596308&src=3&ver=1&signature=Egrj350GoKY8-KUcIJshb2eAWPohOh3grQ5m23OcLtNoh0Ro84j13xhMw9F4x-4mFdnZg0RYabRU3GRm-p5IRGIsBfplE6tQKeGr3yfhj3FU6ri6r2P7AOgEOXXth29MlpErnz46hqCPU6-guktz9afOy6glw3W1qX8rujQYwSI=]]></url>
  <title><![CDATA[厨师结婚当天，新娘没有宝马车不出嫁，新郎一怒之下掉头就走！]]></title>
  <content><![CDATA[关注我们查看更多视频]]></content>
  <author><![CDATA[2b姑娘]]></author>
  <time>2018-10-10 22:16:00</time>
  <account><![CDATA[qxinwen]]></account>
</data>
