<data>
  <id><![CDATA[51280234]]></id>
  <url><![CDATA[https://mp.weixin.qq.com/s?timestamp=1539596308&src=3&ver=1&signature=Egrj350GoKY8-KUcIJshb2eAWPohOh3grQ5m23OcLtNoh0Ro84j13xhMw9F4x-4mFdnZg0RYabRU3GRm-p5IRLvU5UEJrVvwQgMTCoretpj-EdhangVRGf6tclyzqoFLkN9pWKfcN91gpmLEES6fPQRKW-3ZxtzIQKxQSZMlH6c=]]></url>
  <title><![CDATA[离婚了要房子还是要孩子？这个女人的回答刷爆了好友圈！]]></title>
  <content><![CDATA[关注我们查看更多视频]]></content>
  <author><![CDATA[2b姑娘]]></author>
  <time>2018-10-08 22:59:34</time>
  <account><![CDATA[qxinwen]]></account>
</data>
