<data>
  <id><![CDATA[51280234]]></id>
  <url><![CDATA[https://mp.weixin.qq.com/s?timestamp=1539596308&src=3&ver=1&signature=Egrj350GoKY8-KUcIJshb2eAWPohOh3grQ5m23OcLtNoh0Ro84j13xhMw9F4x-4mFdnZg0RYabRU3GRm-p5IRIPPTC7-csB7xFzyRs4oiyFJLkBTwc7HZppwyNB72Zo4oGdwoeKjkcxrzgIuPrJ0QXArlxBGkZ*QjU4vCoY85jw=]]></url>
  <title><![CDATA[人情比纸薄，人心比狼狠！句句在理]]></title>
  <content><![CDATA[关注我们查看更多视频]]></content>
  <author><![CDATA[2b姑娘]]></author>
  <time>2018-10-12 22:20:00</time>
  <account><![CDATA[qxinwen]]></account>
</data>
