<data>
  <id><![CDATA[51280234]]></id>
  <url><![CDATA[https://mp.weixin.qq.com/s?timestamp=1539596308&src=3&ver=1&signature=Egrj350GoKY8-KUcIJshb2eAWPohOh3grQ5m23OcLtNoh0Ro84j13xhMw9F4x-4mFdnZg0RYabRU3GRm-p5IRCxTjVJ3z31hf3batwxrkSziyCIP5pYfweqauq8hJVW6X83htoUWSrzn9agD0vQE2Aw3oUFkXmDAUHUrDli-5Vg=]]></url>
  <title><![CDATA[以后房产证写谁名字都没用！有它房子才归你]]></title>
  <content><![CDATA[关注我们查看更多视频]]></content>
  <author><![CDATA[2b姑娘]]></author>
  <time>2018-10-14 21:50:00</time>
  <account><![CDATA[qxinwen]]></account>
</data>
