<data>
  <id><![CDATA[51280234]]></id>
  <url><![CDATA[https://mp.weixin.qq.com/s?timestamp=1539596308&src=3&ver=1&signature=Egrj350GoKY8-KUcIJshb2eAWPohOh3grQ5m23OcLtNoh0Ro84j13xhMw9F4x-4mFdnZg0RYabRU3GRm-p5IRD2kgCxEHKpsR1URr*s3Jgun3xGz3TyPgpLHB7TzpMdo1q3*KsVx*VozzU67kJUP7f3M9ClTJ1IXKvOC1D02ZX4=]]></url>
  <title><![CDATA[借钱借出个仇人，太扎心了]]></title>
  <content><![CDATA[关注我们查看更多视频]]></content>
  <author><![CDATA[2b姑娘]]></author>
  <time>2018-10-13 23:50:47</time>
  <account><![CDATA[qxinwen]]></account>
</data>
