<data>
  <id><![CDATA[51280234]]></id>
  <url><![CDATA[https://mp.weixin.qq.com/s?timestamp=1539596308&src=3&ver=1&signature=Egrj350GoKY8-KUcIJshb2eAWPohOh3grQ5m23OcLtNoh0Ro84j13xhMw9F4x-4mFdnZg0RYabRU3GRm-p5IRGIsBfplE6tQKeGr3yfhj3GLzgV74chyb9cv4IbjXQFS8KTWH0uaGs8Cid071dBIPkezpJXszqbVN4snV1TdAao=]]></url>
  <title><![CDATA[十一期间高速发生的一起追尾惨剧，安全意识太低了！]]></title>
  <content><![CDATA[关注我们查看更多视频]]></content>
  <author><![CDATA[2b姑娘]]></author>
  <time>2018-10-10 22:16:00</time>
  <account><![CDATA[qxinwen]]></account>
</data>
