<data>
  <id><![CDATA[51280234]]></id>
  <url><![CDATA[https://mp.weixin.qq.com/s?timestamp=1539596308&src=3&ver=1&signature=Egrj350GoKY8-KUcIJshb2eAWPohOh3grQ5m23OcLtNoh0Ro84j13xhMw9F4x-4mFdnZg0RYabRU3GRm-p5IRIPPTC7-csB7xFzyRs4oiyGWkle6RuR*hJelImN7*jgfBfqWDGYrrqxprFwW7k5SGbyGWvtzJ48oqbZf4Hx2SBQ=]]></url>
  <title><![CDATA[同学聚会，真的太现实了，你还参加吗？]]></title>
  <content><![CDATA[关注我们查看更多视频]]></content>
  <author><![CDATA[2b姑娘]]></author>
  <time>2018-10-12 22:20:00</time>
  <account><![CDATA[qxinwen]]></account>
</data>
