<data>
  <id><![CDATA[51280234]]></id>
  <url><![CDATA[https://mp.weixin.qq.com/s?timestamp=1539596308&src=3&ver=1&signature=Egrj350GoKY8-KUcIJshb2eAWPohOh3grQ5m23OcLtNoh0Ro84j13xhMw9F4x-4mFdnZg0RYabRU3GRm-p5IRP7-h5eWaVbIsHd20QDmvmP9qHC*fiNFaU-KP6UegVRnMaymlWeiU6NkwWPInAsxGJEs7zl2fDmKjAOejPI*Zlo=]]></url>
  <title><![CDATA[原来大蒜这里有个小机关，轻轻一按，蒜皮自动脱落，一分钟剥一大碗]]></title>
  <content><![CDATA[关注我们查看更多视频]]></content>
  <author><![CDATA[2b姑娘]]></author>
  <time>2018-10-11 22:56:32</time>
  <account><![CDATA[qxinwen]]></account>
</data>
