<data>
  <id><![CDATA[51280234]]></id>
  <url><![CDATA[https://mp.weixin.qq.com/s?timestamp=1539596308&src=3&ver=1&signature=Egrj350GoKY8-KUcIJshb2eAWPohOh3grQ5m23OcLtNoh0Ro84j13xhMw9F4x-4mFdnZg0RYabRU3GRm-p5IRD2kgCxEHKpsR1URr*s3JgujeoGoqa25kCMw3YmtB0w7oh5lE63TKIyuQzBSNeIcl5iw2hVxBX16vPyrKdS95iQ=]]></url>
  <title><![CDATA[中国高铁就是牛！第一次见！]]></title>
  <content><![CDATA[关注我们查看更多视频]]></content>
  <author><![CDATA[2b姑娘]]></author>
  <time>2018-10-13 23:50:47</time>
  <account><![CDATA[qxinwen]]></account>
</data>
