<data>
  <id><![CDATA[51280234]]></id>
  <url><![CDATA[https://mp.weixin.qq.com/s?timestamp=1539596308&src=3&ver=1&signature=Egrj350GoKY8-KUcIJshb2eAWPohOh3grQ5m23OcLtNoh0Ro84j13xhMw9F4x-4mFdnZg0RYabRU3GRm-p5IRLvU5UEJrVvwQgMTCoretpjFd0IkqhfG25U67RkACmTgBUiAA1x8ItWldD4uXTzCflD1HkhNm0fq7RXZWSnxlwM=]]></url>
  <title><![CDATA[父亲逼女婿50万彩礼钱，2年后父亲找女婿借钱，女儿竟然...]]></title>
  <content><![CDATA[关注我们查看更多视频]]></content>
  <author><![CDATA[2b姑娘]]></author>
  <time>2018-10-08 22:59:34</time>
  <account><![CDATA[qxinwen]]></account>
</data>
