<data>
  <id><![CDATA[51280234]]></id>
  <url><![CDATA[https://mp.weixin.qq.com/s?timestamp=1539596308&src=3&ver=1&signature=Egrj350GoKY8-KUcIJshb2eAWPohOh3grQ5m23OcLtNoh0Ro84j13xhMw9F4x-4mFdnZg0RYabRU3GRm-p5IRLvU5UEJrVvwQgMTCoretphUpOdwPapQW7Ao23zi0piUcMQaRkMQB5iIQhN8xsyIB4TfFzwpd9Qcmf1HD7W3SLE=]]></url>
  <title><![CDATA[140斤姑娘上台跳舞被嘲笑,没想到]]></title>
  <content><![CDATA[关注我们查看更多视频]]></content>
  <author><![CDATA[2b姑娘]]></author>
  <time>2018-10-08 22:59:34</time>
  <account><![CDATA[qxinwen]]></account>
</data>
