<data>
  <id><![CDATA[51280234]]></id>
  <url><![CDATA[https://mp.weixin.qq.com/s?timestamp=1539596308&src=3&ver=1&signature=Egrj350GoKY8-KUcIJshb2eAWPohOh3grQ5m23OcLtNoh0Ro84j13xhMw9F4x-4mFdnZg0RYabRU3GRm-p5IRPjjQl3gmIBCxvEHsLV1caQKlMC0zcRw8SAqcCIj7VEUcDfcrOH0TV6Ee4LKQbBDwVgSAirb51*XFqXaO3QwgJ4=]]></url>
  <title><![CDATA[永远别和开面包车的装逼，鬼知道会从车上下来多少个人！]]></title>
  <content><![CDATA[关注我们查看更多视频]]></content>
  <author><![CDATA[2b姑娘]]></author>
  <time>2018-10-05 22:12:10</time>
  <account><![CDATA[qxinwen]]></account>
</data>
