<data>
  <id><![CDATA[51280234]]></id>
  <url><![CDATA[https://mp.weixin.qq.com/s?timestamp=1539596308&src=3&ver=1&signature=Egrj350GoKY8-KUcIJshb2eAWPohOh3grQ5m23OcLtNoh0Ro84j13xhMw9F4x-4mFdnZg0RYabRU3GRm-p5IRLvU5UEJrVvwQgMTCoretpg9o2dfdRRGdq01yX9kualtCp8PUhuKbXkCu8K4d2RmXJMJO4YtJ7Hw3K3KueU9p4E=]]></url>
  <title><![CDATA[酒鬼保证书，太有才了！]]></title>
  <content><![CDATA[关注我们查看更多视频]]></content>
  <author><![CDATA[2b姑娘]]></author>
  <time>2018-10-08 22:59:34</time>
  <account><![CDATA[qxinwen]]></account>
</data>
