<data>
  <id><![CDATA[51280234]]></id>
  <url><![CDATA[https://mp.weixin.qq.com/s?timestamp=1539596308&src=3&ver=1&signature=Egrj350GoKY8-KUcIJshb2eAWPohOh3grQ5m23OcLtNoh0Ro84j13xhMw9F4x-4mFdnZg0RYabRU3GRm-p5IRPjjQl3gmIBCxvEHsLV1caRnukmG5HIoYo4DVwto9tZqO4w*5vdIX2On44HGyOgyL3IOX6p5VSItbEJLYQrS72s=]]></url>
  <title><![CDATA[2018年农村宅基地收费标准公布！看看你家交多少？]]></title>
  <content><![CDATA[关注我们查看更多视频]]></content>
  <author><![CDATA[2b姑娘]]></author>
  <time>2018-10-05 22:12:10</time>
  <account><![CDATA[qxinwen]]></account>
</data>
