<data>
  <id><![CDATA[51280234]]></id>
  <url><![CDATA[https://mp.weixin.qq.com/s?timestamp=1539596308&src=3&ver=1&signature=Egrj350GoKY8-KUcIJshb2eAWPohOh3grQ5m23OcLtNoh0Ro84j13xhMw9F4x-4mFdnZg0RYabRU3GRm-p5IRP7-h5eWaVbIsHd20QDmvmPBuEbOav8eaxRizNCuTvjxq4hdkl6uKK3IKG3v09M2KkKeoSebaItGJh8Pa3rOoj0=]]></url>
  <title><![CDATA[大爷骑自行车遇到女司机，笑喷了！]]></title>
  <content><![CDATA[关注我们查看更多视频]]></content>
  <author><![CDATA[2b姑娘]]></author>
  <time>2018-10-11 22:56:32</time>
  <account><![CDATA[qxinwen]]></account>
</data>
