<data>
  <id><![CDATA[51280234]]></id>
  <url><![CDATA[https://mp.weixin.qq.com/s?timestamp=1539596308&src=3&ver=1&signature=Egrj350GoKY8-KUcIJshb2eAWPohOh3grQ5m23OcLtNoh0Ro84j13xhMw9F4x-4mFdnZg0RYabRU3GRm-p5IRDttY*poOjF*-KF653*rVRv45--4Wgo1lmGyCcuT0e92IOlwS5KH5lYb6uQKOTIr91qKCqoht4G0vYVvV5O-zHo=]]></url>
  <title><![CDATA[骑电动车的美女火了，谁认识！]]></title>
  <content><![CDATA[关注我们查看更多视频]]></content>
  <author><![CDATA[2b姑娘]]></author>
  <time>2018-10-07 22:47:15</time>
  <account><![CDATA[qxinwen]]></account>
</data>
