<data>
  <id><![CDATA[51280234]]></id>
  <url><![CDATA[https://mp.weixin.qq.com/s?timestamp=1539596308&src=3&ver=1&signature=Egrj350GoKY8-KUcIJshb2eAWPohOh3grQ5m23OcLtNoh0Ro84j13xhMw9F4x-4mFdnZg0RYabRU3GRm-p5IRD2kgCxEHKpsR1URr*s3JgtEbC1fWl3usjzOCk6lV4nC3TA4FTzqqNDEDNP8CFSbV0uxEhVK32idvmnnr5PTZdQ=]]></url>
  <title><![CDATA[路由器打开这个开关，网速可翻倍]]></title>
  <content><![CDATA[关注我们查看更多视频]]></content>
  <author><![CDATA[2b姑娘]]></author>
  <time>2018-10-13 23:50:47</time>
  <account><![CDATA[qxinwen]]></account>
</data>
