<data>
  <id><![CDATA[125041032]]></id>
  <url><![CDATA[http://mp.weixin.qq.com/s?src=11&timestamp=1538410478&ver=1156&signature=XI8*8UQhPK1eei7RTfsZSPbxsE27FWPKF6L*-n2T*sU4nkmeNYq73*lvOwWrs-UMHmZh-f5hN2o8wouen0tNViyo*6lBQO7A7DkKZUvL0VZVUsgSuoeAkd9rY*5cSQev&new=1]]></url>
  <title><![CDATA[读书和不读书的女人，到底差在哪里？]]></title>
  <content><![CDATA[知乎上有个提问：陌生人的哪些事，让你感触很深？有人回答：有一次，地铁里，打翻牛奶，结果洒到了别人身上，赶紧的赔不是，可是旁边的女士却拿出纸巾把我身上的牛奶擦干净，微笑表示不介意，没有一句斥责，很快就下车了。我突然想明白，一个人只有被温柔的对待过，才知道怎样温柔的对待别人，有的人凶悍，也许是因为他不曾被人温柔相待。人总是在一次次经历中反思，然后一步步成熟，尝过被偷的滋味，就选择不去偷窃他人的东西，尝过被朋友恶语中伤的滋味，就选择绝不去恶语中伤朋友，发现说脏话很low，就选择同人交流时使用文明语言，尝过被人温柔以待，就选择以后也温柔以待他人……你的经历给你反思，反思后你的选择决定你成为怎样的人，成为怎样的人决定你有怎样的教养。层次越高的女人，越爱读书，也越能觉知自己的言行。单纯的读书，并不能给你带来多高的教养，因为理论终是要联系实际的，这也就是为什么很多人读了很多书以后依旧脏话连篇。读万卷书虽好，但不如多注意自己的行为道德。多样的经历可以使你理解不同阶层群众的生活，内心也就变得慈悲起来，不需要刻意去表现自己的举止，你平日的一言一行都是反映你教养的名片。随着生活节奏的加快，人们读万卷书的时间都没有了。你还记得自己上一本看过的书是什么吗？如果都已经不大能想起来，那说明你已经很久没有认真读过一本书了。你做好认真读完一本书的准备了吗？这次，让我们一起开启一段特别的阅读之旅吧！为培养大家的读书习惯，给大家介绍一个朋友：读书有方（dushu-365）。现在，你可加入我们一起品读经典好书！读书有方（ID：dushu-365）↑长按二维码订阅读书有方↑【关注后回复“电子书”，领取免费原文电子书】【关注后回复“共读”，加入小读共读社群】这里有读书成长、社会热点个人修养、情感婚姻类优质文章NO.1关于读书的重要性，她有这样的看法：一个人读书越多，自身能力就会越强，专业底蕴就会深厚，就能够看到更大的世界。通过读书获得了更大的 后劲，他们的人生，自然就会开挂。这在20几岁时，可能并不明显，但在更拼“内功”的30多岁，就会暴露无遗。所以，有些人，35岁就已经“死”了；有些人，35岁才刚刚出发。NO.2关于个人修养，她会给你建议：决定一个人相貌的，并不是先天的遗传，而是后天的修行。一个人走过的路、看过的风景、读过的书和遇过的人，造就了一个人灵魂的样子。而这内在的灵魂将最终反映在你的相貌上。简言之，你的脸，就是你灵魂的样子。NO.3关于婚姻教育，她有这样的见解：陪伴是最好的教育，在教育孩子的问题上，爸爸们习惯了把孩子甩给妈妈，今天你在陪孩子的问题上所偷的懒，明天就会变成一记响亮的耳光打在你脸上。从现在开始，放下手机、关掉电脑、手机，停止加班、不去应酬，给孩子一段属于你和他两个人的父子时间，听一听在孩子心目中你是什么样子的爸爸，保证你会泪流满面。NO.4睡前思考一段话，每天对你说晚安一天，一个鸡蛋天真的和石头在一起了，可是相处的过程磕磕碰碰，结果弄得自己满身伤痕，但是鸡蛋一直坚持，终于有一天，鸡蛋受不了了，离开了石头。之后它遇见了棉花，棉花温柔的对待鸡蛋，每天鸡蛋都沉浸在它温暖的怀抱里，这个时候，鸡蛋才明白：很多事情并不是努力坚持和忍耐就能换来温暖。只有选择最适合你的，才会变得轻松和幸福。思考池塘里有一只青蛙，青蛙一直很向往大海，很想去看看，一天，大鳖说：“我带你去看看大海吧，大海很美，比你现在呆的地方不知道要好多少倍。”青蛙很兴奋，立马跟着大鳖去往大海，当它第一次到大海时，它惊叹不已，马上扑进大海，却被一个海浪打回海滩，摔得晕头转向。大鳖见状立马说：“你趴在我身上，我背你去大海”，于是青蛙趴在大鳖背上，向海里游去。日子一天天过去，青蛙也慢慢的适应了海浪，它也可以自己游过去。可是，当它渴了，它喝不下咸咸的海水；当它饿了，它也找不到一只可以吃的虫子。这个时候，青蛙开始怀念池塘了，怀念它从前无拘无束快乐的日子，终于有一天，青蛙对大鳖说：“大海虽然很好，但我的身体条件真的不能适应，相反感觉自己还没有以前快乐。看来，我还是要回到我从前的地方，那里才是我的乐园。”记住：美丽的花朵只有在合适自己的土壤里，才能绽放出不一般的美丽，人也是一样，只有找到适合自己的位置，才能获得幸福。认识读书有方之后你就会明白，读书，并不是一件很难的事；成为更好的自己，并不是一件很难的事。如果你想阅读好书，自我成长想学会学以致用的好方法想在工作和生活中都游刃有余那么打开这个真诚的公众号吧读书有方，一起品读经典好书点击关注，轻松养成爱阅读的好习惯共同组队，看书如此简单！👇]]></content>
  <author><![CDATA[十点视频]]></author>
  <time>1515242151000</time>
  <account><![CDATA[sdvideos]]></account>
</data>
