<data>
  <id><![CDATA[52275380]]></id>
  <url><![CDATA[https://mp.weixin.qq.com/s?timestamp=1542193140&src=3&ver=1&signature=BCr3pR2wzFii2UXcw1UHeYgJePNycaPJnukU17uk3qLa0HQ4U*OtaXcJGiYEwYXbZPeOXUqFtYYPUlmiPuIDZCbYiNe3QgaSbtCfmND5ybTxCFDkRA8rKfSJ2f3ba96zxaxw0Fy30SF4lQSFmssPRMiQkZ*SSn4rfvIbZHNVFOU=]]></url>
  <title><![CDATA[汽修店说不出的苦：老板带头拼命，员工旁边加油？]]></title>
  <content><![CDATA[一位汽修店老板的心声：“我是江苏常州一家小汽修店的老板，我的汽修店成立不是很久，一无管理经验、二缺流动资金、三少得力人手，似乎只要走上了创业的道路，就意味着“忙”和“累”，通常既是决策者又是执行者，甚至还要充当搬运工，“忙”仿佛成了理所当然的事。我在带头“拼命”，员工却在旁边“加油”！不仅仅是我，这可能是很多汽修厂老板的通病。”专业的事让专业的人来干有些中小汽修厂老板在经营中往往是投入精力最多、最“勤奋”的人。这些老板都推崇一个理念：“老板带头，员工加油”，认为只要自己勤奋，员工就不会偷懒，生意就会好，企业就会成功。所以，这些老板往往喜欢事必躬亲，大小事务都要亲自“上阵”。养成让员工主动解决问题的习惯中小企业发展的基本信念是“活下去”，生存往往是第一位的，所以通常没有详细的企业规划，更多的是讲究“活命哲学”—— 要实用、抓细节、解决身边事，因此老板认为什么事都是大事，什么事都是自己的事，最后养成了“有什么事，就解决什么事”的习惯。解决不断出现的问题是中小企业“活命”的成功之本，所以这些习惯他们丢不掉也丢不得。只要遇到问题，老板总是担心员工做不好，从而激发“勤奋”老板的本能——亲自操刀。有些中小企业虽然生意不大，但遇到的问题却很多，于是解决问题是第一要务。但是老板不一定都必须参与所有问题的解决过程，而是要有明确的分工，遇到紧急问题时，给予员工更多主动解决问题的机会，这样才能让员工成长，老板只需做一位把握全局的幕后人即可。不做被员工“反领导”的老板这些老板在用人方面具有两大缺点：一是总怕员工做不好，总想着去指点。二是希望掌控企业的一切。那么这些企业的团队也都有一个特点：一切行动听指挥，早请示晚汇报。老板的影响是强大的，通常命令是命令，建议也是命令，即使员工不理解也会去执行。因此，老板一定要将自己放在领导者的位置，起到带领和引导团队的作用，既不能让员工盲目服从，也不能被员工“反领导”。欢迎转发点赞转载请联系授权更多精彩内容国外大品牌纷纷调低业绩预期，而国内轮胎企业却利润暴涨！大批轮胎企业环保违法遭巨额罚款！轮胎涨价箭在弦上好轮胎都有哪些？奚仲奖告诉你！倍耐力、贵州、金宇等19家轮胎企业强势涨价！来势汹汹！固铂升级版AT3家族轮胎推三款新品 荣获“SEMA 2018年度最佳轮胎产品奖”商用车胎哪家强？快看奚仲奖评选！轮胎人被炸身亡 妻子嚎啕痛哭！产品远销200个国家！ 昊华轮胎SEMA展彰显产品魅力！浦林成山亮相SEMA展 彰显中国品牌力量！创新第二代吸附技术 佳通全系冬季轮胎全新上市责任编辑 | 吴世杰文章来源 | 楚安汽车资料点击【阅读原文】参与百强轮胎门店评选！]]></content>
  <author><![CDATA[车与轮精英轮胎店主联盟]]></author>
  <time>2018-11-11 18:28:30</time>
  <account><![CDATA[TIREDEALER]]></account>
  <image><![CDATA[https://mmbiz.qpic.cn/mmbiz_gif/JuHKsibDbKnfZlLwo9DoDhjYTxJe9QDzcyI12pqC0Auw8ZHzUI8nmjHdueMMYF2s4luAH0TZ1eGRXzcYQ9rDsvA/640?wx_fmt=gif|https://mmbiz.qpic.cn/mmbiz_jpg/JuHKsibDbKnfLcKcUJucatzV8TkQlAU7dobIt7XicnjA7TdoD6U73QicyHobyU8U5AmXcproKOnYAGkebwDZsqSjA/640?wx_fmt=jpeg|https://mmbiz.qpic.cn/mmbiz_jpg/ZB3Q5FLXoyqpMzcu87JticOEASJQaPxBQAFv32cP7FAJnjY0e1EYU9MQdiaHp0oxibpjb4kJvwk1giajDg6WPiaQPlA/640?wx_fmt=jpeg|https://mmbiz.qpic.cn/mmbiz_jpg/ZB3Q5FLXoyqpMzcu87JticOEASJQaPxBQyaNBTCe0OEJibfIhoQiazpNPLnPiccgGOUECZBzvcX0uibKw7MAB5wE4mw/640?wx_fmt=jpeg|https://mmbiz.qpic.cn/mmbiz_jpg/ZB3Q5FLXoyqpMzcu87JticOEASJQaPxBQmX7iaNALl55uwLZYgPpupUJibbXc9suXIVdM8ICySJiblvY4OgN7O5LoA/640?wx_fmt=jpeg|https://mmbiz.qpic.cn/mmbiz_jpg/ZB3Q5FLXoyqpMzcu87JticOEASJQaPxBQHtDo8CxAFZ0O6C1ZKkpnhibImzTHRngQIsx7soQxOvNcxlnH4X9x8kA/640?wx_fmt=jpeg|https://mmbiz.qpic.cn/mmbiz_jpg/ZB3Q5FLXoyqpMzcu87JticOEASJQaPxBQro6riaiapyxIqg00nlOFF6p0Vu6Brqvx9AQHv8XDKlVSn3cq6M70xicCQ/640?wx_fmt=jpeg|https://mmbiz.qpic.cn/mmbiz_jpg/ZB3Q5FLXoyqpMzcu87JticOEASJQaPxBQENZichCO68MBKDVIbuhb1icniaghAjomwncyaN58ic2licBBMZGZ7qruwfA/640?wx_fmt=jpeg|https://mmbiz.qpic.cn/mmbiz_png/JuHKsibDbKnc4LNKSgYpYkA1bsmwHsgFZQ0kMM9u8wDxMf4q4jP5qnaLWmOrUTic9wYXv5RaFFwnX0RmXOGuDBicg/640?wx_fmt=png]]></image>
</data>
