<data>
  <id><![CDATA[52275380]]></id>
  <url><![CDATA[https://mp.weixin.qq.com/s?timestamp=1542193140&src=3&ver=1&signature=BCr3pR2wzFii2UXcw1UHeYgJePNycaPJnukU17uk3qLa0HQ4U*OtaXcJGiYEwYXbZPeOXUqFtYYPUlmiPuIDZGYnvUqYnEAi3at31Q0KpWUdMZigEoTJEvJ2aGlMDOlSr8Vh2K4GCixPORZyvJS1A48eL4RgyUX8GOOsfQyxLpo=]]></url>
  <title><![CDATA["米其林、马牌、正新"一胎三标造假傻出新高度！]]></title>
  <content><![CDATA[近日，一个客户居然购买到同时拥有米其林、马牌、正新三个商标的轮胎。这种轮胎你敢用吗？反正小邦是不敢的！我们来看看这条轮胎到底长什么样子！据行业人士爆料，这种轮胎是利用造假设备将不同的轮胎品牌商标印在轮胎上，然后通过低廉的价格诱骗用户购买。（造假都这么不走心！）而在前段时间，还有一个雷同的造假案例，一个轮胎上居然同时出现了朝阳和恒丰两家轮胎商标。而近年来各种各样的轮胎造假案例频频发生，奇葩的造假方式更让人忍俊不禁。这个造假英语一定是体育老师教的！这个和上图是同一个英语老师！正品全称“DUNLOP”新“菜品”上家“手撕轮胎”，58一条分量特别足！造假视频合集：正品它可能贵，便宜的它可能是假货！你买的不是轮胎，你买的是安全！如果你在乎的是安全，请别怀疑它的价格！品质造就了高价格，便宜只能造出假货！欢迎转发点赞转载请联系授权更多精彩内容因修车讨价还价，汽修师傅被砍死！凶手被执行死刑！双11来临，一大批血淋淋的网购问题轮胎来袭！2000公里亲测 朝阳SL369全地形AT胎火山行深度测试：万力SA302对比普利司通ER33 国产缺气保用轮胎更胜一筹涨价到2019年！米其林、固特异领衔20多家轮胎企业涨价！车主图省钱自行换胎身亡 换轮胎要去专业轮胎店！法院查封，债权拍卖，这家轮胎75强企业危在旦夕！质量标杆！锦湖轮胎又获一项政府殊荣！布局405个城市 途虎养车打造“超级车主日”仅仅十二个月，玛吉斯在印度的轮胎经销商超过1000家！责任编辑 | 杨巍点击【阅读原文】参与百强轮胎门店评选！]]></content>
  <author><![CDATA[车与轮精英轮胎店主联盟]]></author>
  <time>2018-11-12 18:15:06</time>
  <account><![CDATA[TIREDEALER]]></account>
  <image><![CDATA[https://mmbiz.qpic.cn/mmbiz_gif/JuHKsibDbKnfZlLwo9DoDhjYTxJe9QDzcyI12pqC0Auw8ZHzUI8nmjHdueMMYF2s4luAH0TZ1eGRXzcYQ9rDsvA/640?wx_fmt=gif|https://mmbiz.qpic.cn/mmbiz_jpg/JuHKsibDbKnfLcKcUJucatzV8TkQlAU7dobIt7XicnjA7TdoD6U73QicyHobyU8U5AmXcproKOnYAGkebwDZsqSjA/640?wx_fmt=jpeg|https://mmbiz.qpic.cn/mmbiz_png/JuHKsibDbKnc7k11PAWXA9iacWX0Vl61Kpvw7icQV1zKmXDick2qLfe1gD3GctiaYtXpCQXibcy5Hgib6kCWYIOR0WpCg/640?wx_fmt=png|https://mmbiz.qpic.cn/mmbiz_png/JuHKsibDbKnfo5ia2recbI5vyVcXEyQ8A1rF0HLg9u8BSiaFqSc3nrXZvPCwHquHyibnpVoiawibUXI5s9ArlRTpvuTA/640?wx_fmt=png|https://res.wx.qq.com/mpres/htmledition/images/icon/common/emotion_panel/emoji_wx/2_02.png|https://res.wx.qq.com/mpres/htmledition/images/icon/common/emotion_panel/emoji_wx/2_02.png|https://res.wx.qq.com/mpres/htmledition/images/icon/common/emotion_panel/emoji_wx/2_05.png|https://mmbiz.qpic.cn/mmbiz_png/JuHKsibDbKnf0ZBqh9gF7mCicAxwOsnmf9GWvxeWZctibIYUAAlWCm25b6liaX3UxJSvrJaBTTTb9X1HpuUbicRruTg/640?wx_fmt=png|https://res.wx.qq.com/mpres/htmledition/images/icon/common/emotion_panel/emoji_wx/2_04.png|https://res.wx.qq.com/mpres/htmledition/images/icon/common/emotion_panel/emoji_wx/2_04.png|https://res.wx.qq.com/mpres/htmledition/images/icon/common/emotion_panel/emoji_wx/2_04.png|https://mmbiz.qpic.cn/mmbiz_png/JuHKsibDbKnf0ZBqh9gF7mCicAxwOsnmf99G2B06EqIdiblLK6yoVDr3sCibo2Wiawq1MB8nMZBAeDT8g1sCXDvhicwA/640?wx_fmt=png|https://mmbiz.qpic.cn/mmbiz_png/JuHKsibDbKnf0ZBqh9gF7mCicAxwOsnmf92gkBVOX9BLCzWXhhicmG5E8qe57qSEG3FxVaxrGDf1iaPcIF1H63ZmDw/640?wx_fmt=png|https://mmbiz.qpic.cn/mmbiz_png/JuHKsibDbKnf0ZBqh9gF7mCicAxwOsnmf9afQ6tG7X6utYomIZh7INTgDia1UBeml7zqXF97H4YcPPcxGg1tb3Z0A/640?wx_fmt=png|https://mmbiz.qpic.cn/mmbiz_png/JuHKsibDbKnf0ZBqh9gF7mCicAxwOsnmf9jkicZUKIKOsCnlTcH71bnloBD911nAV1eXibodicicqMia1LBMiabaoAKFHg/640?wx_fmt=png|https://mmbiz.qpic.cn/mmbiz_png/JuHKsibDbKnf0ZBqh9gF7mCicAxwOsnmf9zkn0FyD4icGtxurWVibLoGyZsRZ0mWNtyqEwyrMXoMjdrpx9XYKrydxA/640?wx_fmt=png|https://mmbiz.qpic.cn/mmbiz_png/JuHKsibDbKnc4LNKSgYpYkA1bsmwHsgFZQ0kMM9u8wDxMf4q4jP5qnaLWmOrUTic9wYXv5RaFFwnX0RmXOGuDBicg/640?wx_fmt=png]]></image>
</data>
