<data>
  <id><![CDATA[52275380]]></id>
  <url><![CDATA[https://mp.weixin.qq.com/s?timestamp=1542193140&src=3&ver=1&signature=BCr3pR2wzFii2UXcw1UHeYgJePNycaPJnukU17uk3qLa0HQ4U*OtaXcJGiYEwYXbZPeOXUqFtYYPUlmiPuIDZGYnvUqYnEAi3at31Q0KpWVpKvMX5h6qLa1dzbAKS6j7HiLE8K6C7sqqK9Wtnw6rznlRtFH3z4sNd5CcDTo2LaU=]]></url>
  <title><![CDATA[正新、通用股份、三角轮胎，入选中国创新能力千强榜！]]></title>
  <content><![CDATA[2018年11月1日，中国企业创新能力百千万排行榜发布会，在北京中国人民大学内举行。据悉，三角轮胎股份有限公司、厦门正新橡胶工业有限公司、江苏通用科技股份有限公司入选千强榜。软控股份有限公司、中信戴卡股份有限公司、株洲时代新材料科技股份有限公司等轮胎相关企业，也位列其中。2018年排行榜的评价指标，包括专利数量、专利质量、创新价值扩散、创新网络宣传等。2017年，中国人民大学中国经济改革与发展研究院联合经济学院，首次推出该榜单。有6家轮胎企业入选，其中就有三角轮胎和通用股份。较之去年，2018年排行榜覆盖的企业数量，从8万多家增加至10万余家，并实现了数据更新、指标更新和算法更新。欢迎转发点赞转载请联系授权更多精彩内容因修车讨价还价，汽修师傅被砍死！凶手被执行死刑！双11来临，一大批血淋淋的网购问题轮胎来袭！2000公里亲测 朝阳SL369全地形AT胎火山行深度测试：万力SA302对比普利司通ER33 国产缺气保用轮胎更胜一筹涨价到2019年！米其林、固特异领衔20多家轮胎企业涨价！车主图省钱自行换胎身亡 换轮胎要去专业轮胎店！法院查封，债权拍卖，这家轮胎75强企业危在旦夕！质量标杆！锦湖轮胎又获一项政府殊荣！布局405个城市 途虎养车打造“超级车主日”仅仅十二个月，玛吉斯在印度的轮胎经销商超过1000家！责任编辑 | 杨巍文章来源 | 网络点击【阅读原文】参与百强轮胎门店评选！]]></content>
  <author><![CDATA[车与轮精英轮胎店主联盟]]></author>
  <time>2018-11-12 18:15:06</time>
  <account><![CDATA[TIREDEALER]]></account>
  <image><![CDATA[https://mmbiz.qpic.cn/mmbiz_gif/JuHKsibDbKnfZlLwo9DoDhjYTxJe9QDzcyI12pqC0Auw8ZHzUI8nmjHdueMMYF2s4luAH0TZ1eGRXzcYQ9rDsvA/640?wx_fmt=gif|https://mmbiz.qpic.cn/mmbiz_jpg/JuHKsibDbKnfLcKcUJucatzV8TkQlAU7dobIt7XicnjA7TdoD6U73QicyHobyU8U5AmXcproKOnYAGkebwDZsqSjA/640?wx_fmt=jpeg|https://mmbiz.qpic.cn/mmbiz_png/JuHKsibDbKnc7k11PAWXA9iacWX0Vl61KphpeEFIbrKcMwkGPxCws5nnPhAUictjGPWMboNaGK44hr5SZQaUnWFuQ/640?wx_fmt=png|https://mmbiz.qpic.cn/mmbiz_png/JuHKsibDbKnc4LNKSgYpYkA1bsmwHsgFZQ0kMM9u8wDxMf4q4jP5qnaLWmOrUTic9wYXv5RaFFwnX0RmXOGuDBicg/640?wx_fmt=png]]></image>
</data>
