<data>
  <id><![CDATA[52275380]]></id>
  <url><![CDATA[https://mp.weixin.qq.com/s?timestamp=1542193140&src=3&ver=1&signature=BCr3pR2wzFii2UXcw1UHeYgJePNycaPJnukU17uk3qLa0HQ4U*OtaXcJGiYEwYXbZPeOXUqFtYYPUlmiPuIDZN8Jk*PrreJZRLhzBP5FkvlZbwuUx2hPs7urIDUyjHRSd0jGSw8sdzYfQ8I1W7IeMWXqeQzJHrv0ZoAXsibZP9o=]]></url>
  <title><![CDATA[爆胎酿惨重事故，车主大呼：吓惨我了！再不敢省轮胎钱！]]></title>
  <content><![CDATA[近日，在重庆双河口服务站附近，一辆面包车在高速行驶时突然爆胎，导致车辆侧翻，冲向护栏。幸好，司机并未受伤。事故后，司机李先生大呼：“两条胎都爆了，吓惨我了，我没有经历过这样的事故！”轮胎安全等于生命安全，忽视轮胎安全，为了省轮胎钱忽视轮胎安全，是对自己生命不负责的一种行为！高速爆胎事故频发，惨不忍睹7月3日早8点多，一家五口驾驶一辆越野从成都出发去湖南，途中车辆发生爆胎，撞上路边护栏后发生侧翻，导致车内共5人，4男1女，其中有3人不同程度受伤，驾驶员及另一名乘客因伤势过重不治身亡。2016年，荣乌高速公路上，一辆黑色起亚越野车突然爆胎，从高速桥上翻滚入沟，车上共5人，3人死亡，事故现场惨烈。世界卫生组织提供的数据显示，全世界每年因道路交通事故死亡人数约有125万，相当于全球每天有3500人因交通事故死亡。中国每年交通事故死亡超过26万人，占全球交通事故死亡总人数的20.8%，平均每天有两三百人丧生于车祸。平均每天5分钟就有一个人死在车轮之下，死亡率世界最高。连续十年高居世界第一。不按时保养、日常检查不到位、出现问题不及时修补更换、贪图便宜网购问题轮胎、翻新胎、割标胎等等。拿到轮胎店来，店家建议更换轮胎，又是满腹牢骚，说轮胎店黑心、暴利、只想赚钱。遇到这样的车主，小邦只想吐槽一句，你不爆胎谁爆胎！欢迎转发点赞转载请联系授权更多精彩内容国外大品牌纷纷调低业绩预期，而国内轮胎企业却利润暴涨！大批轮胎企业环保违法遭巨额罚款！轮胎涨价箭在弦上好轮胎都有哪些？奚仲奖告诉你！倍耐力、贵州、金宇等19家轮胎企业强势涨价！来势汹汹！固铂升级版AT3家族轮胎推三款新品 荣获“SEMA 2018年度最佳轮胎产品奖”商用车胎哪家强？快看奚仲奖评选！轮胎人被炸身亡 妻子嚎啕痛哭！产品远销200个国家！ 昊华轮胎SEMA展彰显产品魅力！浦林成山亮相SEMA展 彰显中国品牌力量！创新第二代吸附技术 佳通全系冬季轮胎全新上市责任编辑 | 彭冲冲点击【阅读原文】参与百强轮胎门店评选！]]></content>
  <author><![CDATA[车与轮精英轮胎店主联盟]]></author>
  <time>2018-11-09 19:18:38</time>
  <account><![CDATA[TIREDEALER]]></account>
  <image><![CDATA[https://mmbiz.qpic.cn/mmbiz_gif/JuHKsibDbKnfZlLwo9DoDhjYTxJe9QDzcyI12pqC0Auw8ZHzUI8nmjHdueMMYF2s4luAH0TZ1eGRXzcYQ9rDsvA/640?wx_fmt=gif|https://mmbiz.qpic.cn/mmbiz_jpg/JuHKsibDbKnfLcKcUJucatzV8TkQlAU7dobIt7XicnjA7TdoD6U73QicyHobyU8U5AmXcproKOnYAGkebwDZsqSjA/640?wx_fmt=jpeg|https://mmbiz.qpic.cn/mmbiz_png/JuHKsibDbKnf0ZBqh9gF7mCicAxwOsnmf912l9ahrV2UicOb3fHTeAOjia4skEuAVzEpOEutbCCmXsf4U1wI3IoKPQ/640?wx_fmt=png|https://mmbiz.qpic.cn/mmbiz_png/JuHKsibDbKndWCTfqA80aQ9kx08ypaq6tpuONkURyCVtbJ2cJj7v5kuc3UKwuY0zezhnEzyZhVjDwPoKPbDEficQ/640?wx_fmt=png|https://mmbiz.qpic.cn/mmbiz_jpg/nYQPxhS6C0bgkntCWvuhXRaia73hO5tBkP4ILNsoHwsHwfQLIuzjicExOic7AgZuIdXRfARYm82AjRzSJAB87Tshg/640?wx_fmt=jpeg|https://mmbiz.qpic.cn/mmbiz_png/GfD5eSQqmQjyDQRdgib4MIa3lQLHVh3Ia9WgI1Xs6KlsX8kCTuBuXJgiaVKtWAcHUoicm1NvaAnY5Fq7kwbTUX5ibg/640?wx_fmt=png|https://mmbiz.qpic.cn/mmbiz_png/JuHKsibDbKnc4LNKSgYpYkA1bsmwHsgFZQ0kMM9u8wDxMf4q4jP5qnaLWmOrUTic9wYXv5RaFFwnX0RmXOGuDBicg/640?wx_fmt=png]]></image>
</data>
