<data>
  <id><![CDATA[52275380]]></id>
  <url><![CDATA[https://mp.weixin.qq.com/s?timestamp=1542193140&src=3&ver=1&signature=BCr3pR2wzFii2UXcw1UHeYgJePNycaPJnukU17uk3qLa0HQ4U*OtaXcJGiYEwYXbZPeOXUqFtYYPUlmiPuIDZCbYiNe3QgaSbtCfmND5ybR22yO4eXWoOwNh-2EDxF087Fvyl6DDYscxmsNrIGbHhHFaJc2Qm02INkK3xTxfjno=]]></url>
  <title><![CDATA[这就是2万公里不换机油的后果！]]></title>
  <content><![CDATA[机油到底该如何换？一般都是4S店怎么说就怎么换，虽然省心，但是车友都说不差钱的土豪才这么做，那就按厂家的用户手册做吗？又有人说这个也不准！总之4S店与厂家不一致；不同工况不一致；坊间与官方不一致；不同品牌不一致。1、按车辆行驶里程换这个可以根据汽车厂家的要求换（用户手册），他们规定的数字一般是比较保守的，所以还算靠谱。只要在规定公里数到达时更换就ok。2、按日期换有的车主买了车不是经常开的话，有时候公里数难免达到规定的更换里程，就得以时间衡量了，机油也是会变质的。它会吸收空气中的水分，从而导致机油变质甚至乳化（生成白色泡沫状液体）。而变质或乳化的机油，就会失去机油的性质，不能满足正常的润滑需求了，是不能再使用的。3、依据机油类型机油的衰减是有一定期限的， “普通的”一般暴露在空气中3个月左右就开始氧化了，功能降低。 也就是说，如果换了机油后6个月不开车停在那，到时候也应该再换一次机油。合成在半年或9个月左右。如果开车，国内一般在5000公里就开始衰减了。合成一般在7500公里左右， 全合成一般在10000-15000公里。4、依据发动机的运转时长和运行工况运转时长：机油加进发动机里，如果发动机一直不运转，就相当于开封暴露在空气里，像上面说的会变质。运行工况：撇开高温高压，拿发动机的摩擦和强度来说，怠速和6000转对机油的损耗程度的差距是相当大的。也就是说暴力开车与温柔开车相比，机油损耗的差异相当大。5、依据发动机的强度比如超跑或赛车的发动机机油就比一般家用轿车更换机油的周期要短。因为高强化的发动机更耐高压、耐高温、剪切力也更强，对机油的损耗程度也就越高了。当然了高强化发动机对机油的等级也要求高了。这里就需要说一下涡轮发动机与自然吸气发动机的换油周期了。涡轮发动机的强化程度是自然吸气发动机强化程度的1.3倍-1.5倍，所以说涡轮发动机的换机油周期要比自然吸气发动机的换油周期要短了。以上是比较关键的因素。除此之外，还有环境温度、湿度、空气质量等等，也可以对机油的变质速度产生影响！欢迎转发点赞转载请联系授权更多精彩内容国外大品牌纷纷调低业绩预期，而国内轮胎企业却利润暴涨！大批轮胎企业环保违法遭巨额罚款！轮胎涨价箭在弦上好轮胎都有哪些？奚仲奖告诉你！倍耐力、贵州、金宇等19家轮胎企业强势涨价！来势汹汹！固铂升级版AT3家族轮胎推三款新品 荣获“SEMA 2018年度最佳轮胎产品奖”商用车胎哪家强？快看奚仲奖评选！轮胎人被炸身亡 妻子嚎啕痛哭！产品远销200个国家！ 昊华轮胎SEMA展彰显产品魅力！浦林成山亮相SEMA展 彰显中国品牌力量！创新第二代吸附技术 佳通全系冬季轮胎全新上市责任编辑 | 吴世杰文章来源 | 普菲特养护连锁点击【阅读原文】参与百强轮胎门店评选！]]></content>
  <author><![CDATA[车与轮精英轮胎店主联盟]]></author>
  <time>2018-11-11 18:28:30</time>
  <account><![CDATA[TIREDEALER]]></account>
  <image><![CDATA[https://mmbiz.qpic.cn/mmbiz_gif/JuHKsibDbKnfZlLwo9DoDhjYTxJe9QDzcyI12pqC0Auw8ZHzUI8nmjHdueMMYF2s4luAH0TZ1eGRXzcYQ9rDsvA/640?wx_fmt=gif|https://mmbiz.qpic.cn/mmbiz_jpg/JuHKsibDbKnfLcKcUJucatzV8TkQlAU7dobIt7XicnjA7TdoD6U73QicyHobyU8U5AmXcproKOnYAGkebwDZsqSjA/640?wx_fmt=jpeg|https://mmbiz.qpic.cn/mmbiz_jpg/xuB0AYNFEIdcKsVpgUlBzSbnSq585rgH64QPwaXH2DDYCWhPIE1wduFF3vrD3kfYQ48P3aXmLGkAG2ibUzLCOhg/640?wx_fmt=jpeg|https://mmbiz.qpic.cn/mmbiz_jpg/Eo55Ag0OkWBft1FIa42ZWv4K8bzpHQYGhqq35mCHnR43qcmfuduct9Jedj2l6368kFbIRXCdJ89OPEqhgib05Tw/640?wx_fmt=jpeg|https://mmbiz.qpic.cn/mmbiz_jpg/xuB0AYNFEIdcKsVpgUlBzSbnSq585rgH0gfVQD75kqz8l5crsRgVfFBGKlGezUUHmrBziamNSM2uu7CibTPEVFVQ/640?wx_fmt=jpeg|https://mmbiz.qpic.cn/mmbiz_jpg/xuB0AYNFEIdcKsVpgUlBzSbnSq585rgH6VDho5FchCrdyaoSeQ0foEVibrEiaWBq5DUpVH69JSR8Llwp47n1ENvw/640?wx_fmt=jpeg|https://mmbiz.qpic.cn/mmbiz_jpg/JuHKsibDbKne4t0zAbP3nXDaibHO2Js5g6icYyiaU1Y5kL9tS98YCgyTCpzNeeYxDgUvqrWYMmTvJYqWiaK2JuAGOiaw/640?wx_fmt=jpeg|https://mmbiz.qpic.cn/mmbiz_png/JuHKsibDbKnc4LNKSgYpYkA1bsmwHsgFZQ0kMM9u8wDxMf4q4jP5qnaLWmOrUTic9wYXv5RaFFwnX0RmXOGuDBicg/640?wx_fmt=png]]></image>
</data>
