<data>
  <id><![CDATA[52275380]]></id>
  <url><![CDATA[https://mp.weixin.qq.com/s?timestamp=1542193140&src=3&ver=1&signature=BCr3pR2wzFii2UXcw1UHeYgJePNycaPJnukU17uk3qLa0HQ4U*OtaXcJGiYEwYXbZPeOXUqFtYYPUlmiPuIDZL0TDFoTtWZ8Y69dRuMe2TfZYdVfAWioxuoTPgL7ucItRiaZKsi8SIl1*a-8lrwOqCO5ozD15sOAkQPt0MHsSUs=]]></url>
  <title><![CDATA[轮胎库存积压卖不出去？那你应该做这5点！]]></title>
  <content><![CDATA[有些轮胎经销商老板不重视仓库管理，对于库存产品数量和产品库存了多长时间心中没数，结果发现，一年下来没有赚到钱！其一，平时，没有做仓库管理，没有告诉店员该推什么产品，都是客户要什么给什么；其二，针对库存量大的时候，没有执行措施来消化掉库存！到底，怎么才能解决掉库存呢？1、盘点库存列清单定期盘点库存非常重要。库存里都是轮胎？什么品牌轮胎？什列好清单，做好这一步，再想好策略，接下来，组织全员开会，商量对策，并制定销售政策和奖励政策，凡销售库存产品的业务人员加大奖励，可以有效缓解库存压力。2、相时而动节日每年还是很多的，大的有国庆、五一、元旦等，小的有情人节、母亲节、端午节、中秋节等。一般节假日促销，或者是轮胎产品销售季末进行促销的效果和吸引力都会比平时促销好些。3、设计保值设计是可以推动产品销售的，好卖的产品搭配库存积压产品，一起设计到客户方案里面去，这就是最保值的销售方法，还不用打折。4、合理定价对于一般库存轮胎产品，没有别的办法，定价一定要合理，要快速处理的话，价格是关键，价格一定不要比平时还要高。处理品价格一定要降低，但太低亏损大．不够低消费者又产生不了兴趣，所以定价很有讲究。可以根据产品类别定出不同级别的零售价，定价应以引起消费者心动亏损又最小化为宜。5、宣传到位对于积压产品，宣传是很重要的。作为直接销售的库存产品，要做好渠道宣传。广告，店面，人员同时到位，做好推广，无论是品牌宣传还是处理积压品活动，事先一定要造声势，让消费者知道我们的轮胎专卖店在某时某地要搞活动。悬挂醒目的大型画面，或者散发传单都会起到较好的效果，而且要将轮胎展示架做好，让消费者确信该店确实要装修从而产生购买欲望。这样效率就会大大的提高。另外，分析轮胎门店哪些空间卖不了货，是样板间设计不好，销售动线不行？该调整样板间调整，该培训销售话术和销售套路的培训！通过内部激励，推动导购、业务人员使用这些产品，做好销售的全面攻坚工作。欢迎转发点赞转载请联系授权更多精彩内容国家发布轮胎行业重大利好政策 价格战或卷土重来这12种轿车问题轮胎，三包胎厂家也不赔！这位车主的表现，真“丑”！天猫、康众、汽车超人合资成立“新康众”，启动天猫车站门店认证！广饶政府：欠账必须还  重点打击非法集资轮胎企业！转发！轮胎充气10米内都是危险区，已有多人遇害！2018！中国最好的100家轮胎汽服门店评选再次开启玛吉斯R19征服魔鬼赛道，荣誉与骄傲满载而归中国市场定制版高端润滑油 伊佩克润滑油全球上市一行字三幅图 陆通轮胎刷爆朋友圈！责任编辑 | 陈晓辉文章转自 | 陶商传媒点击【阅读原文】参与百强轮胎门店评选！]]></content>
  <author><![CDATA[车与轮精英轮胎店主联盟]]></author>
  <time>2018-11-04 18:31:46</time>
  <account><![CDATA[TIREDEALER]]></account>
  <image><![CDATA[https://mmbiz.qpic.cn/mmbiz_gif/JuHKsibDbKnfZlLwo9DoDhjYTxJe9QDzcyI12pqC0Auw8ZHzUI8nmjHdueMMYF2s4luAH0TZ1eGRXzcYQ9rDsvA/640?wx_fmt=gif|https://mmbiz.qpic.cn/mmbiz_jpg/JuHKsibDbKnfLcKcUJucatzV8TkQlAU7dobIt7XicnjA7TdoD6U73QicyHobyU8U5AmXcproKOnYAGkebwDZsqSjA/640?wx_fmt=jpeg|https://mmbiz.qpic.cn/mmbiz_jpg/JuHKsibDbKnfzGeGGCgW1r7RC5P7xGYGZ2NibemsBnMg1tkmRLnD9iawpbnNo4emBNCZbSVUwicl6QlK80ORF4ctiaw/640?wx_fmt=jpeg|https://mmbiz.qpic.cn/mmbiz_jpg/JuHKsibDbKnfzGeGGCgW1r7RC5P7xGYGZ2BKUfpldeFA8Om5ibglt4tpTlXwSFThUGsAwLthIoSMSqchOP7lSS7g/640?wx_fmt=jpeg|https://mmbiz.qpic.cn/mmbiz_jpg/JuHKsibDbKnfzGeGGCgW1r7RC5P7xGYGZIoCkXSEHtNQjYrW85dICtH4j70cZZuoQYB56OZPvMLhWlLHmcESGIQ/640?wx_fmt=jpeg|https://mmbiz.qpic.cn/mmbiz_jpg/JuHKsibDbKnfzGeGGCgW1r7RC5P7xGYGZdSLpEvka7Sww58S4k3VuCZAMrCicN9ZlkErOrIcO9j5ZWse2oJIiaeFA/640?wx_fmt=jpeg|https://mmbiz.qpic.cn/mmbiz_jpg/JuHKsibDbKnfzGeGGCgW1r7RC5P7xGYGZ3oZ98sGiaaQicicuIfCRGE8Ltia9HDmbzvib5XG38ap7r9lRQ3aYJSYJ8Rw/640?wx_fmt=jpeg|https://mmbiz.qpic.cn/mmbiz_jpg/JuHKsibDbKnfzGeGGCgW1r7RC5P7xGYGZ8w9YiccdHVo0icQEuSFBfzCQWn2o2JAibUhzSmPmwNnfHe0o29vcMkYsA/640?wx_fmt=jpeg|https://mmbiz.qpic.cn/mmbiz_png/JuHKsibDbKnc4LNKSgYpYkA1bsmwHsgFZQ0kMM9u8wDxMf4q4jP5qnaLWmOrUTic9wYXv5RaFFwnX0RmXOGuDBicg/640?wx_fmt=png]]></image>
</data>
