<data>
  <id><![CDATA[52275380]]></id>
  <url><![CDATA[https://mp.weixin.qq.com/s?timestamp=1542193140&src=3&ver=1&signature=BCr3pR2wzFii2UXcw1UHeYgJePNycaPJnukU17uk3qLa0HQ4U*OtaXcJGiYEwYXbZPeOXUqFtYYPUlmiPuIDZKk19g-c02ONx2PTL6*aabG-nSf6pzSikF5OsCUQf4kyrryI2uusR3M2-qeJCdLLPgWpxbNX38Gss*W5ec4QtTI=]]></url>
  <title><![CDATA[双11来临，一大批血淋淋的网购问题轮胎来袭！]]></title>
  <content><![CDATA[小邦这几天一打开电脑，屏幕上显示的大部分都是“双十一”活动公告，什么“半价买买买”，“价格最低赶紧出手”等等之类的宣传语。“双十一”活动来了对许多爱购物的人算是大节日，但是，网上购买的东西都是好的吗？在当前的轮胎市场，网购一次并不陌生。电商平台的菜单里也有轮胎这一项，相较于线下实体，部分轮胎产品价格便宜了不止一半，例如1500元一条的轮胎，在某些电商平台上售卖700元，但是这些便宜轮胎质量都是好的吗？近年网购问题轮胎事件频发在轮胎行业，有一句话形容的好，那就是“轮胎不是大白菜，物美价廉不存在”，这样的话虽俗套，但形容的很到位！贪图便宜买轮胎，到手的轮胎质量出现许多问题。这几年，因店主发现的网购轮胎很多次，外表各有千秋。小邦就带着大家去看这些形形色色的网购轮胎吧。现象1、凹凸不平的米其林看着不平，开着刺激现象2、500元四条胎贪便宜车主：“好便宜，我买我买！”现象3、一车貂皮(掉皮)网购胎网购轮胎：“看到我面具下的真容吗”现象4、传说中的麻花胎驾驶的过程总能闻到一股“麻花”的味道现象5、网购变形轮胎这“妖娆”的身姿“俏皮”的容颜现象6、行驶突然爆炸的米其林轮胎行程十分无聊需要点“炸”感现象7、2019年新胎出现！轮胎：“你不懂，这是超越时空的陪伴。”现象8、便宜50元的防爆胎！emmmmm.....现象9、割标胎网购胎：“这世道不整容就没脸见人了”现象10、网购邓禄普，全是裂纹网购胎：“若想当大哥，脸上没点伤可不行。”现象11、一碰就掉的网购胎网购胎：“请不要在意这些细节”现象12、买轮胎，送石子网购胎：“给个五星好评吧”现象13、普利斯通“沙眼”胎网购胎：“虽然是轮胎，但也要呼吸。”网购14、网购轮胎一脚踩裂抱歉，小邦没词了......看完上面这几个事例，不知道屏幕前的你有何感想吗？这世道，物美价廉的东西很少了，想去买到好轮胎，那就少去网上买，多往实体店转转。小邦说永远的那句话，一分价钱一份货的道理不会改变，轮胎不是衣服，轮胎不是白菜，不要想着货比三家，不要想着找便宜的下手，轮胎作为汽车上的零部件，一旦出了问题，后果非常的严重。之前有位轮胎朋友说过一句话：“压低了价格！也压低了质量，不是市场假货多，而是人太贪。” 如果没有爱贪便宜的心思，世上就不会出现这么多的问题轮胎，也没有那么多因为问题轮胎造成的事故。“双十一”活动就在眼前，小邦建议车主，网购时请擦亮眼睛，不要因为价格低而直接上手，上述列举的问题轮胎千万不要买！另外，选购轮胎尽量到正规的轮胎店，或者是到正规厂家授权的线上店，这样到手的轮胎才不会有问题，才不会对自己和家人的安全有威胁。话说回来，这样500元的老虎，你还会买吗？欢迎转发点赞转载请联系授权更多精彩内容国外大品牌纷纷调低业绩预期，而国内轮胎企业却利润暴涨！大批轮胎企业环保违法遭巨额罚款！轮胎涨价箭在弦上好轮胎都有哪些？奚仲奖告诉你！倍耐力、贵州、金宇等19家轮胎企业强势涨价！来势汹汹！固铂升级版AT3家族轮胎推三款新品 荣获“SEMA 2018年度最佳轮胎产品奖”商用车胎哪家强？快看奚仲奖评选！轮胎人被炸身亡 妻子嚎啕痛哭！产品远销200个国家！ 昊华轮胎SEMA展彰显产品魅力！浦林成山亮相SEMA展 彰显中国品牌力量！创新第二代吸附技术 佳通全系冬季轮胎全新上市责任编辑 | 陈晓辉点击【阅读原文】参与百强轮胎门店评选！]]></content>
  <author><![CDATA[车与轮精英轮胎店主联盟]]></author>
  <time>2018-11-10 19:41:46</time>
  <account><![CDATA[TIREDEALER]]></account>
  <image><![CDATA[https://mmbiz.qpic.cn/mmbiz_gif/JuHKsibDbKnfZlLwo9DoDhjYTxJe9QDzcyI12pqC0Auw8ZHzUI8nmjHdueMMYF2s4luAH0TZ1eGRXzcYQ9rDsvA/640?wx_fmt=gif|https://mmbiz.qpic.cn/mmbiz_jpg/JuHKsibDbKnfLcKcUJucatzV8TkQlAU7dobIt7XicnjA7TdoD6U73QicyHobyU8U5AmXcproKOnYAGkebwDZsqSjA/640?wx_fmt=jpeg|https://mmbiz.qpic.cn/mmbiz_png/JuHKsibDbKne1TCvIn4sPT1huBhpjy1icHm4I0ibYbd3CP5H1mRZKCEtDvibleu7sqB49brvlk92yuRFardull3u8A/640?wx_fmt=png|https://mmbiz.qpic.cn/mmbiz_png/JuHKsibDbKnf0ZBqh9gF7mCicAxwOsnmf9Q6JYB9scddb5iaucbEibnogribksXOJVEtl4DuUaU1UpsKHdOQyz60ZDA/640?wx_fmt=png|https://mmbiz.qpic.cn/mmbiz_jpg/JuHKsibDbKnfeTkRqQvbXCA7lXj2icNXoRDU2Dsu9CRMGO5dEn9rawPKoI8ZViciaibX8k9iaMvicoFXaA9oT4BKWR2lA/640?wx_fmt=jpeg|https://mmbiz.qpic.cn/mmbiz_png/JuHKsibDbKnf0ZBqh9gF7mCicAxwOsnmf9z98iaHibvR06a0N46ibyAsz3atUjjdTIvKrhQicpFhbyXhpZWOnMgt94EA/640?wx_fmt=png|https://mmbiz.qpic.cn/mmbiz_png/JuHKsibDbKnf0ZBqh9gF7mCicAxwOsnmf9sDnP2wBsicMs8wY7wUUcWQiaiafibeKBgM4YkghnVGLg4xDldYsK1jIDbw/640?wx_fmt=png|https://mmbiz.qpic.cn/mmbiz_jpg/JuHKsibDbKne2LVTKDiaCDlYUtLk90cStdUUrsNcSr8tYdhFEibI9iaAEf8iat0YicyYjg0H7EMXDh5TndfP30Ks1gTg/640?wx_fmt=jpeg|https://mmbiz.qpic.cn/mmbiz_jpg/JuHKsibDbKncdSrbQINUnNz7FZLsUGDPdq1jxc7DGMdxV9Ejq8XgLgmibZZFico3eskNjyXOkic0rla1b9tSlh4mcw/640?wx_fmt=jpeg|https://mmbiz.qpic.cn/mmbiz_jpg/JuHKsibDbKncdSrbQINUnNz7FZLsUGDPdYayPtMJFYfE28ibUsMgW34RziaKTc70hxCAOLchLDFy1G3X2GnINO13Q/640?wx_fmt=jpeg|https://mmbiz.qpic.cn/mmbiz_png/JuHKsibDbKnf0ZBqh9gF7mCicAxwOsnmf9pJlvIicjOHkQxKTuibhiaESJCf1DQ2FOILf9YQibm8ibDVo2y3ibuoXma2vw/640?wx_fmt=png|https://mmbiz.qpic.cn/mmbiz_png/JuHKsibDbKnd0wsNyzeGKTSlfibxYO9vw8oecbwCRiaqPzOQia9UxqL5ISVGtWqeHEEaIDibgrdic5AZnbeEztvgQkdQ/640?wx_fmt=png|https://mmbiz.qpic.cn/mmbiz_png/JuHKsibDbKnf0ZBqh9gF7mCicAxwOsnmf9RO0vwGfiaKuAAJJjjt3Ky9pkFngh7leQOZ0fHhvLVWNQnicQ6JkjctHA/640?wx_fmt=png|https://mmbiz.qpic.cn/mmbiz_png/JuHKsibDbKnd0wsNyzeGKTSlfibxYO9vw8uWesKMibAthoicfqnqNpiaLI3pHwhcPeddRj0DCuODhnZW0KDNZT8ic7tw/640?wx_fmt=png|https://mmbiz.qpic.cn/mmbiz_jpg/JuHKsibDbKnf0ZBqh9gF7mCicAxwOsnmf9r9HwZzqndTCkhicDTmQzCvYRvK4aCanKIj2tFRUGJon9XMC5HibAESWg/640?wx_fmt=jpeg|https://mmbiz.qpic.cn/mmbiz_png/JuHKsibDbKnf0ZBqh9gF7mCicAxwOsnmf9emn6q6Ht8Iv8QtQF3mQnZsRPlxqCn6x6ZfXdmwgWXww0V2DnFiauFVA/640?wx_fmt=png|https://mmbiz.qpic.cn/mmbiz_jpg/JuHKsibDbKncdSrbQINUnNz7FZLsUGDPdFiaRV0DgDMrFR3UN1ibIbZ18Ex0L6z5B2BID1NkhsveW2gsrYA27aUOQ/640?wx_fmt=jpeg|https://mmbiz.qpic.cn/mmbiz_png/JuHKsibDbKnc4LNKSgYpYkA1bsmwHsgFZQ0kMM9u8wDxMf4q4jP5qnaLWmOrUTic9wYXv5RaFFwnX0RmXOGuDBicg/640?wx_fmt=png]]></image>
</data>
