<data>
  <id><![CDATA[52275380]]></id>
  <url><![CDATA[https://mp.weixin.qq.com/s?timestamp=1542193140&src=3&ver=1&signature=BCr3pR2wzFii2UXcw1UHeYgJePNycaPJnukU17uk3qLa0HQ4U*OtaXcJGiYEwYXbZPeOXUqFtYYPUlmiPuIDZL0TDFoTtWZ8Y69dRuMe2Tfv3l5pJ*kIfvHyb1MT7ptRglnbFw*pP*KQW8foGvncIQfdS-lHLrAyaVQEazjO-cQ=]]></url>
  <title><![CDATA[当我拿起了撬棍的时候，我就懂了.....]]></title>
  <content><![CDATA[当我拿起了撬棍的时候，我就懂了。拿起撬棍，我成为了真真正正的轮胎人；我可能会患有关节炎的风险；穿着的衣服不干净；甚至早出晚归成为了常态；我可能会饱受严寒，经历酷暑；喝着白粥，吃着青菜；......但是，作为一轮胎人，我必须坚持！当我拿起了撬棍的时候，我就懂了。我必须一点一点的撬；必须一次一次的敲击；我不能泄气；更不能放弃；因为我没有背景，没有资本、没有实力；什么都只能依靠自己。拿起撬棍的时候便明白了，必须努力奋斗。当我拿起了撬棍的时候，我就懂了。我的肩膀扛着重任，是家庭的房梁；是生存的使命，即使是再大的困难，我也只能咬着牙继续前进，因为我是一名轮胎人。当我拿起了撬棍的时候，我就懂了。我已经没有年少时的轻狂，没有了年轻时的不羁；只有劳苦，只有忍受。只有为车主服务的耐心和责任。因为我爱着这份职业，爱着干轮胎时的乐趣。我拿起撬棍的时候就懂了。致千千万万辛苦的轮胎人！欢迎转发点赞转载请联系授权更多精彩内容国家发布轮胎行业重大利好政策 价格战或卷土重来这12种轿车问题轮胎，三包胎厂家也不赔！这位车主的表现，真“丑”！天猫、康众、汽车超人合资成立“新康众”，启动天猫车站门店认证！广饶政府：欠账必须还  重点打击非法集资轮胎企业！转发！轮胎充气10米内都是危险区，已有多人遇害！2018！中国最好的100家轮胎汽服门店评选再次开启玛吉斯R19征服魔鬼赛道，荣誉与骄傲满载而归中国市场定制版高端润滑油 伊佩克润滑油全球上市一行字三幅图 陆通轮胎刷爆朋友圈！责任编辑 | 陈晓辉点击【阅读原文】参与百强轮胎门店评选！]]></content>
  <author><![CDATA[车与轮精英轮胎店主联盟]]></author>
  <time>2018-11-04 18:31:46</time>
  <account><![CDATA[TIREDEALER]]></account>
  <image><![CDATA[https://mmbiz.qpic.cn/mmbiz_gif/JuHKsibDbKnfZlLwo9DoDhjYTxJe9QDzcyI12pqC0Auw8ZHzUI8nmjHdueMMYF2s4luAH0TZ1eGRXzcYQ9rDsvA/640?wx_fmt=gif|https://mmbiz.qpic.cn/mmbiz_jpg/JuHKsibDbKnfLcKcUJucatzV8TkQlAU7dobIt7XicnjA7TdoD6U73QicyHobyU8U5AmXcproKOnYAGkebwDZsqSjA/640?wx_fmt=jpeg|https://mmbiz.qpic.cn/mmbiz_jpg/JuHKsibDbKndagI3yUTHM3cq0pdibqV6CbOcsg4iaw0zQgjvzcOA1qriablFsv4YnwVMghSp2A1l5xGia9PL5mMgTHg/640?wx_fmt=jpeg|https://mmbiz.qpic.cn/mmbiz_jpg/JuHKsibDbKndagI3yUTHM3cq0pdibqV6CbhOR2bSvWic2mB8T4pUVZQ6DSNlGUYaEM4HvjVKicm4AwR2nwn3mF209A/640?wx_fmt=jpeg|https://mmbiz.qpic.cn/mmbiz_png/JuHKsibDbKndagI3yUTHM3cq0pdibqV6Cbia0OotNynG34cWvianZx0cU1vdAS4LNP8xcvWic2991FH7663rIIFhVNw/640?wx_fmt=png|https://mmbiz.qpic.cn/mmbiz_jpg/JuHKsibDbKndagI3yUTHM3cq0pdibqV6CbJ8wyyia2GKHZKcEXKq2Z74aWwO76SibOQqvnC1iaQ4BtmkhNdbYKCZ8kw/640?wx_fmt=jpeg|https://mmbiz.qpic.cn/mmbiz_png/JuHKsibDbKnc4LNKSgYpYkA1bsmwHsgFZQ0kMM9u8wDxMf4q4jP5qnaLWmOrUTic9wYXv5RaFFwnX0RmXOGuDBicg/640?wx_fmt=png]]></image>
</data>
