<data>
  <id><![CDATA[52275380]]></id>
  <url><![CDATA[https://mp.weixin.qq.com/s?timestamp=1542193140&src=3&ver=1&signature=BCr3pR2wzFii2UXcw1UHeYgJePNycaPJnukU17uk3qLa0HQ4U*OtaXcJGiYEwYXbZPeOXUqFtYYPUlmiPuIDZKk19g-c02ONx2PTL6*aabGRxAiCxsQB*BhOWR46LwiEUT4kzPcaDMBL1CPXrYPn9XPfqMMbtG*aUJHXxuIXDeI=]]></url>
  <title><![CDATA[新品发布！风神轮胎这些产品惊现菲律宾！]]></title>
  <content><![CDATA[近日，风神轮胎股份有限公司在菲律宾召开NEO系列产品发布会，共有100余位菲律宾零售商及车队参与。NEO系列是风神利用倍耐力技术研发的第三代产品，定位于高端卡客车轮胎。此次推出的是15款花纹、53个SKU（最小库存单位）的新产品，已于10月26日在菲律宾上市。风神轮胎CEO王锋在发布会上介绍称，风神轮胎的战略定位，不是简单的量的扩张，而是要做质的提升和转型，做中国轮胎行业质的领导者。这次投放的NEO系列产品是风神吸收了国际高端卡客车轮胎技术后研发出的新品，产品性能得到了全方位提升，满足高端用户的需求。通过新产品的导入，风神在菲律宾市场的竞争性将大大加强，渠道的力量也将得到增强。未来风神将给用户不断提供更好的产品，来帮助用户降低使用成本，提高经营业绩。据了解，菲律宾发布会是NEO系列高端产品亚太区上市活动的第一站，后续会陆续在马来西亚、澳大利亚等国逐一举办推广活动。在过去两年，由于风神轮胎在和倍耐力工业胎、桂林倍利等轮胎公司的整合陷入僵局，公司一度处于亏损状态。而3月16日王锋上任后，风神轮胎在2018年第二季度就转亏为盈，实现1288.02万的盈利。在风神最近发布的第三季度财报中也可以看到，风神的总资产和净资产都实现了增长。以下是上交所公布的第三季度主要财务数据：此外，在10月22日，风神轮胎股份有限公司发布公告，在香港设立全资子公司获批准。有利于促进风神与国际市场的交流和合作，开拓业务领域、加快国际化发展，增强整体竞争力。中国轮胎行业过去一直聚焦于制造价格低廉的卡客车轮胎，导致中国轮胎企业产能过剩，质量又比不过外国品牌。而想要让企业真正实现华丽转身，必须在思路上实现转变，做别人不去做，也不敢做的事。风神的一路向好，不是偶然，而是必然。正如王峰所说，风神轮胎要做“中国轮胎行业质的领导者”。只有立志于“质”的品牌，才能真正成为国产轮胎品牌的领军人！欢迎转发点赞转载请联系授权更多精彩内容国外大品牌纷纷调低业绩预期，而国内轮胎企业却利润暴涨！大批轮胎企业环保违法遭巨额罚款！轮胎涨价箭在弦上好轮胎都有哪些？奚仲奖告诉你！倍耐力、贵州、金宇等19家轮胎企业强势涨价！来势汹汹！固铂升级版AT3家族轮胎推三款新品 荣获“SEMA 2018年度最佳轮胎产品奖”商用车胎哪家强？快看奚仲奖评选！轮胎人被炸身亡 妻子嚎啕痛哭！产品远销200个国家！ 昊华轮胎SEMA展彰显产品魅力！浦林成山亮相SEMA展 彰显中国品牌力量！创新第二代吸附技术 佳通全系冬季轮胎全新上市责任编辑 | 吴世杰点击【阅读原文】参与百强轮胎门店评选！]]></content>
  <author><![CDATA[车与轮精英轮胎店主联盟]]></author>
  <time>2018-11-10 19:41:46</time>
  <account><![CDATA[TIREDEALER]]></account>
  <image><![CDATA[https://mmbiz.qpic.cn/mmbiz_gif/JuHKsibDbKnfZlLwo9DoDhjYTxJe9QDzcyI12pqC0Auw8ZHzUI8nmjHdueMMYF2s4luAH0TZ1eGRXzcYQ9rDsvA/640?wx_fmt=gif|https://mmbiz.qpic.cn/mmbiz_jpg/JuHKsibDbKnfLcKcUJucatzV8TkQlAU7dobIt7XicnjA7TdoD6U73QicyHobyU8U5AmXcproKOnYAGkebwDZsqSjA/640?wx_fmt=jpeg|https://mmbiz.qpic.cn/mmbiz_jpg/JuHKsibDbKndY6HkVHTrkibuC5njRWJqUsl5ia10hQf2gByhah6hrumkPfTeIRaiaCTNk7dkg1elibJYK1SWPd5icWgA/640?wx_fmt=jpeg|https://mmbiz.qpic.cn/mmbiz_jpg/JuHKsibDbKndY6HkVHTrkibuC5njRWJqUsqNLnXzol0AdeMh66RP8VvuD1rxpHNp1txr9PvibWXNlyZk1BURBlTlA/640?wx_fmt=jpeg|https://mmbiz.qpic.cn/mmbiz_jpg/JuHKsibDbKndY6HkVHTrkibuC5njRWJqUsUQBNdkPlhj2rbopmrJKuf3eyibThyWDUccew3SB8zQJRh4RsOumkoOw/640?wx_fmt=jpeg|https://mmbiz.qpic.cn/mmbiz_png/JuHKsibDbKndY6HkVHTrkibuC5njRWJqUs2T1UHU7ErNstDPtVYXxCqnZmPmibaPKBzGaxOxibUBPYGpR90MHzqCBA/640?wx_fmt=png|https://mmbiz.qpic.cn/mmbiz_png/JuHKsibDbKndY6HkVHTrkibuC5njRWJqUs2rGNsdZahyWMmiajeYwCJdR2sL6M4dXJrmzRhUib5Ay8DO7UWgt6iczBQ/640?wx_fmt=png|https://mmbiz.qpic.cn/mmbiz_jpg/JuHKsibDbKndY6HkVHTrkibuC5njRWJqUsNS8pwM4tOC9LR8jibAO1xeVwaOMgx7lg6lMcucewA3Ef0icI02QZia7bg/640?wx_fmt=jpeg|https://mmbiz.qpic.cn/mmbiz_png/JuHKsibDbKnc4LNKSgYpYkA1bsmwHsgFZQ0kMM9u8wDxMf4q4jP5qnaLWmOrUTic9wYXv5RaFFwnX0RmXOGuDBicg/640?wx_fmt=png]]></image>
</data>
