<data>
  <id><![CDATA[52275380]]></id>
  <url><![CDATA[https://mp.weixin.qq.com/s?timestamp=1542193140&src=3&ver=1&signature=BCr3pR2wzFii2UXcw1UHeYgJePNycaPJnukU17uk3qLa0HQ4U*OtaXcJGiYEwYXbZPeOXUqFtYYPUlmiPuIDZGYnvUqYnEAi3at31Q0KpWWDVkpfIE0tIwfeIS46OPrEPZwe46xCw3HGp5kDMZWggtqBoGNRO34eiBBVmxDHUnM=]]></url>
  <title><![CDATA[打败米其林这家轮胎企业取得网销第一！]]></title>
  <content><![CDATA[10月份，途虎平台上得知，从整体销量方面，佳通超越米其林夺得品牌销冠，德国马牌、固特异紧随其后，获得第三、四名，邓禄普、倍耐力排名居于六、七位。从规格与花纹方面，在17寸及17寸以下轮胎规格中，德国马牌MC5超越米其林XM2成为10月最热销轮胎花纹；205/55R16成为10月最热销轮胎规格且本月占比大幅提升；在18寸及18寸以上轮胎规格中德国马牌CSC5、235/55R18成为10月最热销轮胎花纹与规格。相比9月，10月各品牌轮胎规格销量差异较大，德国马牌、邓禄普各规格销量差异较小。从价格区间方面，在17寸及17寸以下轮胎规格中线上轮胎消费主要集中在300-800元价格区间，但在18寸及18寸以上轮胎规格线上轮胎消费主要集中在500-1500元价格区间从区域分布方面，广东省、江苏省、上海市、浙江省、北京市成为10月最热销的五大区域，其中五大区域整体销量增长迅速，但各区域间销量差距较大，销量主要集中在广东省、江苏省。从汽车品牌分布方面，大众、丰田、本田、日产、别克成为10月最热销的五大汽车品牌，9-10月，凯越连续2个月占据线上轮胎销量车系冠军，轩逸本月轮胎销量增速迅速，优科豪马连续2个月成为本田车主最热销轮胎。接下来一起看看报告吧欢迎转发点赞转载请联系授权更多精彩内容因修车讨价还价，汽修师傅被砍死！凶手被执行死刑！双11来临，一大批血淋淋的网购问题轮胎来袭！2000公里亲测 朝阳SL369全地形AT胎火山行深度测试：万力SA302对比普利司通ER33 国产缺气保用轮胎更胜一筹涨价到2019年！米其林、固特异领衔20多家轮胎企业涨价！车主图省钱自行换胎身亡 换轮胎要去专业轮胎店！法院查封，债权拍卖，这家轮胎75强企业危在旦夕！质量标杆！锦湖轮胎又获一项政府殊荣！布局405个城市 途虎养车打造“超级车主日”仅仅十二个月，玛吉斯在印度的轮胎经销商超过1000家！责任编辑 | 杨巍文章来源 | 途虎养车点击【阅读原文】参与百强轮胎门店评选！]]></content>
  <author><![CDATA[车与轮精英轮胎店主联盟]]></author>
  <time>2018-11-12 18:15:06</time>
  <account><![CDATA[TIREDEALER]]></account>
  <image><![CDATA[https://mmbiz.qpic.cn/mmbiz_gif/JuHKsibDbKnfZlLwo9DoDhjYTxJe9QDzcyI12pqC0Auw8ZHzUI8nmjHdueMMYF2s4luAH0TZ1eGRXzcYQ9rDsvA/640?wx_fmt=gif|https://mmbiz.qpic.cn/mmbiz_jpg/JuHKsibDbKnfLcKcUJucatzV8TkQlAU7dobIt7XicnjA7TdoD6U73QicyHobyU8U5AmXcproKOnYAGkebwDZsqSjA/640?wx_fmt=jpeg|https://mmbiz.qpic.cn/mmbiz_jpg/BWw9QURiayorkUhbfaUibAsbA9INTLbtILqrGG7CuFs98SBdxwHv99C8nUErcd6e3LnT6LhGJVtPwmIXcEjfsXzQ/640?wx_fmt=jpeg|https://mmbiz.qpic.cn/mmbiz_jpg/BWw9QURiayorkUhbfaUibAsbA9INTLbtILmPyAMuB2dSdq8rO9y4juvrTfibibiaM3RE9nrsjN5qV94ia4U7ueuK4zibA/640?wx_fmt=jpeg|https://mmbiz.qpic.cn/mmbiz_jpg/BWw9QURiayorkUhbfaUibAsbA9INTLbtIL0El8BFFwTicJ4f0VibpcZAOrclB1EnZI9YFkebxqjSyD4x4EVU8gHaFA/640?wx_fmt=jpeg|https://mmbiz.qpic.cn/mmbiz_jpg/BWw9QURiayorkUhbfaUibAsbA9INTLbtIL4O2pZ5ILFv5p3KKGcwlZliajW88VqiaZRjicGNggLsHSyeRSibXEMeLWTQ/640?wx_fmt=jpeg|https://mmbiz.qpic.cn/mmbiz_jpg/BWw9QURiayorkUhbfaUibAsbA9INTLbtILVMHz3VELvO7hkvm2vbovcicibQqyO3PS9PMYdiam3xEbniaLFvpDictP48w/640?wx_fmt=jpeg|https://mmbiz.qpic.cn/mmbiz_jpg/BWw9QURiayorkUhbfaUibAsbA9INTLbtILGAmlJ5jgxeicLZUYIaDEPK5TZAWtxZOhyag6Tpr9dFxML4LXoet01bQ/640?wx_fmt=jpeg|https://mmbiz.qpic.cn/mmbiz_jpg/BWw9QURiayorkUhbfaUibAsbA9INTLbtILeGXvtg00gsic2DZeib73nAls766gt5BENwq6ogwOolNafVSxvLeBFiacQ/640?wx_fmt=jpeg|https://mmbiz.qpic.cn/mmbiz_jpg/BWw9QURiayorkUhbfaUibAsbA9INTLbtILI6KsuubhHzCUSe6gc3b702hQqkKbwEHfvC9ia99pJ8yicJtl0tuvtgIw/640?wx_fmt=jpeg|https://mmbiz.qpic.cn/mmbiz_jpg/BWw9QURiayorkUhbfaUibAsbA9INTLbtIL3RhXKPjKc9LUzH8W2x6RXiam40ydwDttYLULJJ9HrFmgmdImvGMe1Zw/640?wx_fmt=jpeg|https://mmbiz.qpic.cn/mmbiz_jpg/BWw9QURiayorkUhbfaUibAsbA9INTLbtIL24NI0jzxbvPOtpVy8iada9TKUXJHicgR7hdVzoGBeMo23GzpZxVFH8Og/640?wx_fmt=jpeg|https://mmbiz.qpic.cn/mmbiz_jpg/BWw9QURiayorkUhbfaUibAsbA9INTLbtILs9zadFr58NzN9ZF0WVJaD8yCF7WjBJNjIWdhso6bYT4LKDUk9aFtCQ/640?wx_fmt=jpeg|https://mmbiz.qpic.cn/mmbiz_jpg/BWw9QURiayorkUhbfaUibAsbA9INTLbtIL8OcQltNvwBODw2ia5ZJo4y8F67lWgh1HnRoN4ficYda1v5ccKzSA39uQ/640?wx_fmt=jpeg|https://mmbiz.qpic.cn/mmbiz_jpg/BWw9QURiayorkUhbfaUibAsbA9INTLbtILicT336SoXVxibPYuvO08fxIdq0PFzia6rRG2Hn5IcC6NMtm2UiaCXDLrfw/640?wx_fmt=jpeg|https://mmbiz.qpic.cn/mmbiz_jpg/BWw9QURiayorkUhbfaUibAsbA9INTLbtIL1icWt4WibGtQDiccHmkjyJLPxfiaOicMLyp6ibAjX46c8aqebLNuM2XZPU8Q/640?wx_fmt=jpeg|https://mmbiz.qpic.cn/mmbiz_jpg/BWw9QURiayorkUhbfaUibAsbA9INTLbtILvVluo7icBEuXo3RPv71BwQbfWicP4uAY6eQTooJoRfBokNtSmQvIy02A/640?wx_fmt=jpeg|https://mmbiz.qpic.cn/mmbiz_jpg/BWw9QURiayorkUhbfaUibAsbA9INTLbtILmBH0dHoKxmoJDDUgTLgvtC2gteDTBYglRQQXOB4SXPAuVFW3ULMtBg/640?wx_fmt=jpeg|https://mmbiz.qpic.cn/mmbiz_jpg/BWw9QURiayorkUhbfaUibAsbA9INTLbtILZtnXrDYsUWFuKS8sSzPkKJvG3IY77fFZcVZzkbMNibKWVQwl19VD1Hw/640?wx_fmt=jpeg|https://mmbiz.qpic.cn/mmbiz_jpg/BWw9QURiayorkUhbfaUibAsbA9INTLbtILibYb0AfVuH8oZohmXtiadvEicJE0Aeld98tAPXz3rEIaEEeBEm6KRTWWw/640?wx_fmt=jpeg|https://mmbiz.qpic.cn/mmbiz_jpg/BWw9QURiayorkUhbfaUibAsbA9INTLbtILJOtOhfksGFUibU4yVhkhPhmA02Jqq6txwTC5LSc16x6240Ja1ibkN3Eg/640?wx_fmt=jpeg|https://mmbiz.qpic.cn/mmbiz_jpg/BWw9QURiayorkUhbfaUibAsbA9INTLbtIL7DAHfyXbZ0rfug8qjI4Dl3ibdFm95ugTjSxJDPQiaMSFqMNuEeaymbYA/640?wx_fmt=jpeg|https://mmbiz.qpic.cn/mmbiz_jpg/BWw9QURiayorkUhbfaUibAsbA9INTLbtIL4lgrk81sdV8oe8mzibCicWogsQLBz8QFLMjIEEdUQfuy0dIibd1eH1BBA/640?wx_fmt=jpeg|https://mmbiz.qpic.cn/mmbiz_jpg/BWw9QURiayorkUhbfaUibAsbA9INTLbtILiciaAiaNuNInZJ8UKwOQ2CVNu0u2nicv1jTzcciaWTZ3QHl3cLy0HQRWADg/640?wx_fmt=jpeg|https://mmbiz.qpic.cn/mmbiz_jpg/BWw9QURiayorkUhbfaUibAsbA9INTLbtILMmkNcfgSk4oOeFrYLE1lJfa3TdlntowibpobjXibh10kRibI4TqvgicxtA/640?wx_fmt=jpeg|https://mmbiz.qpic.cn/mmbiz_jpg/BWw9QURiayorkUhbfaUibAsbA9INTLbtILrBFGmTUvJ7zosKEXn2iaPacibhUgJUprTicbO2kSM8Yn3bV0ianjuNPRgw/640?wx_fmt=jpeg|https://mmbiz.qpic.cn/mmbiz_jpg/BWw9QURiayorkUhbfaUibAsbA9INTLbtIL6oXwgl4j7n6vqdz6rNFjLGx1lqHfhQ2pub8TosI3g6z2v1fMCG6eNQ/640?wx_fmt=jpeg|https://mmbiz.qpic.cn/mmbiz_jpg/BWw9QURiayorkUhbfaUibAsbA9INTLbtILyTibEszT1AZ5NVEUpT2cfQKDoFMOQsFFGChfVkXPq1eS8A9iaZL9n7MQ/640?wx_fmt=jpeg|https://mmbiz.qpic.cn/mmbiz_jpg/BWw9QURiayorkUhbfaUibAsbA9INTLbtILAqgqBPoZg9upxUqbMDqFvWkRFtibB9XHVfL3wBqE9qQozOYEBGsMWzA/640?wx_fmt=jpeg|https://mmbiz.qpic.cn/mmbiz_jpg/BWw9QURiayorkUhbfaUibAsbA9INTLbtIL5QOiahfPRmltPaqHCE1vTJ6icuDGBVuVGSqlpBsEp9HQrArhB11piaGsA/640?wx_fmt=jpeg|https://mmbiz.qpic.cn/mmbiz_jpg/BWw9QURiayorkUhbfaUibAsbA9INTLbtILFvgpccZPfYKkicnjiaa4y1wsK3wtEE1ZgSwmxhJBbrdrp9lvwoVxIfDQ/640?wx_fmt=jpeg|https://mmbiz.qpic.cn/mmbiz_jpg/BWw9QURiayorkUhbfaUibAsbA9INTLbtILNJPId3IJV8STGKfwSrbbQNMxbngSa9Uy3k4HIJY9LBGlXeEuQEFHPA/640?wx_fmt=jpeg|https://mmbiz.qpic.cn/mmbiz_jpg/BWw9QURiayorkUhbfaUibAsbA9INTLbtILiawAjRJjUEiaLcxJuTl7pgia3HruFJQ8ftJbuPE2uiaY0eQEcpMMic8wYmg/640?wx_fmt=jpeg|https://mmbiz.qpic.cn/mmbiz_jpg/BWw9QURiayorkUhbfaUibAsbA9INTLbtILhg4vR0JZczztYTthmKvIc8J5u8SPoX2wvjOhUqJD1LOrhC1F2KGx4Q/640?wx_fmt=jpeg|https://mmbiz.qpic.cn/mmbiz_jpg/BWw9QURiayorkUhbfaUibAsbA9INTLbtILHAZFwr2eQasGoLZ7UCAphGLugwkZoag8ib9fibcDxm0U8bZwKqiaiasJkw/640?wx_fmt=jpeg|https://mmbiz.qpic.cn/mmbiz_jpg/BWw9QURiayorkUhbfaUibAsbA9INTLbtIL9lFzIwEcQE4bpicvEnd0qmFSse4zAH3vkvAb3gYHfBzrXeHWgOlWoDA/640?wx_fmt=jpeg|https://mmbiz.qpic.cn/mmbiz_png/JuHKsibDbKnc4LNKSgYpYkA1bsmwHsgFZQ0kMM9u8wDxMf4q4jP5qnaLWmOrUTic9wYXv5RaFFwnX0RmXOGuDBicg/640?wx_fmt=png]]></image>
</data>
