<data>
  <id><![CDATA[52275380]]></id>
  <url><![CDATA[https://mp.weixin.qq.com/s?timestamp=1542193140&src=3&ver=1&signature=BCr3pR2wzFii2UXcw1UHeYgJePNycaPJnukU17uk3qLa0HQ4U*OtaXcJGiYEwYXbZPeOXUqFtYYPUlmiPuIDZDv6h3bsZDnu2NlY4vaoZ*B9bnVXU-A1JpSpmjUKcmE8LfxbXjHR32rlxGkSmdo04eUkmdx3DIO8k6svEiravlE=]]></url>
  <title><![CDATA[让优质产品脱颖而出！2018年度奚仲奖优秀轮胎品牌评选！]]></title>
  <content><![CDATA[近些年，优秀的轮胎技术、产品脱颖而出，为未来轮胎行业的发展指引了方向，同时一些轮胎品牌在某些方面也取得了很大的成就。这些轮胎品牌为中国轮胎行业的品牌发展树立了方向。“让优质产品脱颖而出”，《车与轮》在2018年度展开了奚仲奖评选，我们将评选出2018年度对轮胎行业发展做出突出贡献的企业和品牌。森麒麟航空轮胎森麒麟国内首条航空轮胎的发布，不仅代表了森麒麟强大的研发实力，同时也意味着中国轮胎企业能够自行研制、自主生产具有完全自主知识产权的国产航空轮胎，打破了长达多年以来国内航空轮胎被国外品牌占据的局面。从此，一款属于中国的、完全按照世界先进标准研制的国产航空轮胎将翱翔于蓝天白云间，中国轮胎制造的历史也就此进入了新的篇章。丰源全方位安全轮胎丰源轮胎公司的特色产品是全方位安全轮胎。该产品防爆、防漏气、防静电，从全方位、多角度保障人们的安全出行。与传统产品相比，该产品采用新研制的胎侧内壁支撑胶配方设计，具有较好的耐磨、自支撑功能，保证轮胎在高速撞击时不鼓包、不爆胎。胎面采用全新配方设计，添加改性CNT碳纳米管材料，明显改善轮胎的导电性能，体积电阻率下降≥5个数量级。此外，采用新研制的胎冠内涂层胶配方设计，内壁的智能纳米材料为轮胎形成一层特殊的保护罩，可以自动修复轮胎在行驶过程中造成的扎孔，防止漏气、爆胎。中策橡胶车空间杭州中策车空间汽车服务有限公司成立于2015年3月，是中国最大的轮胎制造企业--中策橡胶集团有限公司下属全资子公司 ，是一家专业的汽车后市场服务公司。它打造的汽车后市场Online And Offline（OAO）服务平台为无数车主、店主提供了便利。目前中策车空间线下拥有380家轿车服务连锁门店、70家卡客车服务连锁门店、近百辆移动救援服务车，线上拥有2个独立运营APP。中策车空间将采用“连锁经营+互联网”的线上线下融合的稳步发展，最终实现“缔造中国汽车后市场服务的新标杆”的愿景。双星星猴快服“移动星猴”是双星轮胎创新研发的一体式上门服务车，颠覆汽车后市场“到店服务”模式，以创新的满足用户需求为核心，整合所有资源，建立线上线下(互联网)无缝对接、路上路下(高速路)无处不在的“移动上门”服务网络，满足用户洗车、换轮胎、汽车保养、搭电送水等服务需求。通过“一车、一人、一店”的服务平台满足青年群体的创业需求，让每一个“移动星猴”都是一个创客，从接单到上门服务到闭环反馈的可视化的全流程服务并实现自我盈利，并可以根据车主的车辆情况提供个性化定制全流程服务解决方案。“移动星猴”项目还获得实用新型专利一项，填补了汽车后市场移动服务领域的空白。固特异Oxygene轮胎固特异在2018年日内瓦国际车展发布Oxygene概念轮胎，它拥有独特的构造，最大亮点是生长在轮胎壁内的活苔藓。别具匠心的胎面设计结合这一开放结构，使得轮胎能够从路面吸收并循环水分，从而令苔藓产生光合作用，将氧气释放到空气中。这款轮胎具有4大黑科技：净化空气；循环利用磨损轮胎；自发电；光速通信。受循环经济原理的启发，固特异打造的Oxygene概念轮胎将更加关注于降低原材料的浪费、减少有害气体排放及避免能源损失等问题，无缝融入未来城市生活的场景。倍耐力Cyber Car技术在2018年日内瓦车展上，倍耐力展示了其最新的Cyber Car技术，倍耐力Cyber Car让轮胎直接连接车载电子系统，尤其是驾驶辅助系统，传递关于汽车运行的重要信息，从而为安全和性能保驾护航。这项全新的倍耐力系统将在今年年末登陆市场，搭载于主要汽车厂商的新车型上，其中涵盖传统汽车和电动汽车。对于电动汽车来说，通过使用倍耐力Cyber Car，获知车辆的准确重量，汽车中控系统能更加精准地计算出在需要充电前还能行驶多少公里。丰源碳纳米管轮胎由于碳纳米管具有良好而独特的性能，近些年其广阔的应用前景也不断地展现出来。丰源轮胎公司利用碳纳米管的这些特性，成功将碳纳米管材料应用在轮胎制造上，并且在这项技术上已达到国际先进水平。碳纳米管材料轮胎具有低滚动阻力，更节油环保，无静电；高速性能优异，行驶速度更快；胎冠表面温度大幅降低，延长轮胎使用寿命；胎面更柔韧，贴合路面，抓地力更强，干地制动距离更短更安全，体现为高导热、高导电和高耐磨“三高”性能。中策云网智慧轮胎中策橡胶发布的中国首个云网智慧轮胎中策ZAS88，开辟互联网和轮胎产品结合的先河。中策智慧轮胎是一套完整的轮胎管理系统，能够采集，统计，分析轮胎全生命周期内的各项信息和数据，实时检测车辆轮胎的压力和温度状态，从而提高轮胎的安全性和管理效率和使用成本。贵州轮胎智慧云服务系统贵州轮胎的智慧云服务系统涵盖了温度、气压、GPS定位这些功能，而且可以根据不同的客户提供不同的管理方式，根据客户的需求定制服务。可以做到从轮胎出厂到使用结束的全部生命周期的跟踪管理。目前，贵州轮胎所有的智慧轮胎产品都可以安装这个系统。在轮胎出现问题以后，可以及时地告知异常情况；在测试的过程中，通过手机看到的数据发现了轮胎出现的问题。轮胎内部出现的问题可以及时发现；比如缺气漏气现象，如果要人工检查很不方便，需要把轮胎拆开，这样的难题得到了很好的解决。倍耐力作为官方独家轮胎供应商，倍耐力出现在从代表全球汽车赛事顶尖水平的一级方程式大奖赛，到宝珀GT系列赛，兰博基尼超级杯，法拉利挑战赛等多项比赛中。而在亚太地区，近年来倍耐力陆续进驻奥迪R8 LMS， GT Masters Asia亚洲超级跑车大师赛，巴瑟斯特12小时耐力赛,也进入到国内的泛珠三角超级赛车节”赛道英雄”，西南房车精英赛，Tiida大师挑战赛等国内赛事。作为汽车运动的积极参与者，倍耐力一直活跃在世界顶级赛车运动中，至今已有超过110年的历史，现今在全球广泛参与超过460项赛事。佳通轮胎佳通轮胎广泛参与纽博格林24小时耐力赛、全国汽车拉力锦标赛、全国汽车短道拉力锦标赛、全国汽车越野系列赛、全国汽车场地越野锦标赛、青年冠军方程式系列赛（FMCS）、亚洲雷诺方程式系列赛、克里欧中国系列赛、雪邦12小时耐力赛、派克峰国际爬山赛等上百家赛事。“以赛促研，反哺民用”，始终是佳通轮胎参与赛事运动的初衷。赛车运动，是检验轮胎的最好方式。在条件严苛、近乎极限的高强度比赛中，对于车手、赛车乃至轮胎的考验都异常残酷，但这恰恰是对于发展轮胎技术最好的验证。最后，车与轮也将邀请6位行业专家对入围产品进行打分，模型分析确定对应产品奖项。欢迎转发点赞转载请联系授权更多精彩内容国外大品牌纷纷调低业绩预期，而国内轮胎企业却利润暴涨！大批轮胎企业环保违法遭巨额罚款！轮胎涨价箭在弦上好轮胎都有哪些？奚仲奖告诉你！倍耐力、贵州、金宇等19家轮胎企业强势涨价！来势汹汹！固铂升级版AT3家族轮胎推三款新品 荣获“SEMA 2018年度最佳轮胎产品奖”商用车胎哪家强？快看奚仲奖评选！轮胎人被炸身亡 妻子嚎啕痛哭！产品远销200个国家！ 昊华轮胎SEMA展彰显产品魅力！浦林成山亮相SEMA展 彰显中国品牌力量！创新第二代吸附技术 佳通全系冬季轮胎全新上市责任编辑 | 彭冲冲点击【阅读原文】参与百强轮胎门店评选！]]></content>
  <author><![CDATA[车与轮精英轮胎店主联盟]]></author>
  <time>2018-11-07 19:24:55</time>
  <account><![CDATA[TIREDEALER]]></account>
  <image><![CDATA[https://mmbiz.qpic.cn/mmbiz_gif/JuHKsibDbKnfZlLwo9DoDhjYTxJe9QDzcyI12pqC0Auw8ZHzUI8nmjHdueMMYF2s4luAH0TZ1eGRXzcYQ9rDsvA/640?wx_fmt=gif|https://mmbiz.qpic.cn/mmbiz_jpg/JuHKsibDbKndY6HkVHTrkibuC5njRWJqUsUgJ9JdKqSwzR0n6AqDTVtvO6G9OcjqbSoiaxicnibLoktiaAYQQxoY2ctA/640?wx_fmt=jpeg|https://mmbiz.qpic.cn/mmbiz_png/JuHKsibDbKndY6HkVHTrkibuC5njRWJqUsm7SGjg4XLpOIAXRiaEH4ChNOdGJBszd2zLiaS63H72keelzJ3Rg4icDEw/640?wx_fmt=png|https://mmbiz.qpic.cn/mmbiz_png/bCceG1Whd3Cjk2TcJ5o98jmC0kuZX0icM5vWNzIGe5LK7kgAwMaeY6VLXBYBm65BCSBIQ23MDfILgcfPdjfmvNw/640?wx_fmt=png|https://mmbiz.qpic.cn/mmbiz_png/bCceG1Whd3Cjk2TcJ5o98jmC0kuZX0icM3IQ6X6gsoffToMt1icojlNibhKkwy6rTgKn6dR3K6enm6zN5aT5q1s1g/640?wx_fmt=png|https://mmbiz.qpic.cn/mmbiz_jpg/JuHKsibDbKndY6HkVHTrkibuC5njRWJqUsPzyOvcTIK9ugJ1YHP0YbsJ7mC97jYHGpSv8278MEiaVlfBQzw6YOicGQ/640?wx_fmt=jpeg|https://mmbiz.qpic.cn/mmbiz_jpg/JuHKsibDbKndY6HkVHTrkibuC5njRWJqUsybeRZyQicBRJAXjmaNZeys3icZn0RDSFrHge1Ucs4kZLbmibTMzKhu8XA/640?wx_fmt=jpeg|https://mmbiz.qpic.cn/mmbiz_png/bCceG1Whd3Cjk2TcJ5o98jmC0kuZX0icM5vWNzIGe5LK7kgAwMaeY6VLXBYBm65BCSBIQ23MDfILgcfPdjfmvNw/640?wx_fmt=png|https://mmbiz.qpic.cn/mmbiz_png/bCceG1Whd3Cjk2TcJ5o98jmC0kuZX0icM3IQ6X6gsoffToMt1icojlNibhKkwy6rTgKn6dR3K6enm6zN5aT5q1s1g/640?wx_fmt=png|https://mmbiz.qpic.cn/mmbiz_png/9mDeArZzjyzdtYuvAm2TJuywtia9nERMfG4naz5OT4iaF0nQ2rDZn8DFJHzbDIXWoNmIlhZbyk0gdF2BdHmKaicmQ/640?wx_fmt=png|https://mmbiz.qpic.cn/mmbiz_png/JuHKsibDbKndY6HkVHTrkibuC5njRWJqUsSrpcE0TjrOKf1F6XKHiazgWYlUlUnhmGLXibprBuLqXAxicfWlcicjjT1g/640?wx_fmt=png|https://mmbiz.qpic.cn/mmbiz_png/bCceG1Whd3Cjk2TcJ5o98jmC0kuZX0icM5vWNzIGe5LK7kgAwMaeY6VLXBYBm65BCSBIQ23MDfILgcfPdjfmvNw/640?wx_fmt=png|https://mmbiz.qpic.cn/mmbiz_png/bCceG1Whd3Cjk2TcJ5o98jmC0kuZX0icM3IQ6X6gsoffToMt1icojlNibhKkwy6rTgKn6dR3K6enm6zN5aT5q1s1g/640?wx_fmt=png|https://mmbiz.qpic.cn/mmbiz_png/JuHKsibDbKndY6HkVHTrkibuC5njRWJqUsBVXO8qich1dNbTWSSibaD4ibnB761PUAGSdkfPjVJbUlKtTJ5iaR4CibZmQ/640?wx_fmt=png|https://mmbiz.qpic.cn/mmbiz_jpg/JuHKsibDbKndY6HkVHTrkibuC5njRWJqUsZMib4l4qFFCUROrpzI5qD7tduQeOKh5Ye97x0phHCDoukLomCksAzqA/640?wx_fmt=jpeg|https://mmbiz.qpic.cn/mmbiz_png/bCceG1Whd3Cjk2TcJ5o98jmC0kuZX0icM5vWNzIGe5LK7kgAwMaeY6VLXBYBm65BCSBIQ23MDfILgcfPdjfmvNw/640?wx_fmt=png|https://mmbiz.qpic.cn/mmbiz_png/bCceG1Whd3Cjk2TcJ5o98jmC0kuZX0icM3IQ6X6gsoffToMt1icojlNibhKkwy6rTgKn6dR3K6enm6zN5aT5q1s1g/640?wx_fmt=png|https://mmbiz.qpic.cn/mmbiz_jpg/JuHKsibDbKnfGCXf5SiaHutoZ7m7Xmsh4rMic8nibhbEMpfyOOpaRKcDNChsROshW9UhQvXicc9Hys2Gqpe4oIPdXog/640?wx_fmt=jpeg|https://mmbiz.qpic.cn/mmbiz_png/JuHKsibDbKndY6HkVHTrkibuC5njRWJqUsCfuyhhePaMqMEAicqEb8JbBygQ7qqI5bSKOqmu3XXnibX7EUdY0SZ1XQ/640?wx_fmt=png|https://mmbiz.qpic.cn/mmbiz_png/bCceG1Whd3Cjk2TcJ5o98jmC0kuZX0icM5vWNzIGe5LK7kgAwMaeY6VLXBYBm65BCSBIQ23MDfILgcfPdjfmvNw/640?wx_fmt=png|https://mmbiz.qpic.cn/mmbiz_png/bCceG1Whd3Cjk2TcJ5o98jmC0kuZX0icM3IQ6X6gsoffToMt1icojlNibhKkwy6rTgKn6dR3K6enm6zN5aT5q1s1g/640?wx_fmt=png|https://mmbiz.qpic.cn/mmbiz_jpg/JuHKsibDbKndY6HkVHTrkibuC5njRWJqUsaeayPoKt5eeBhp2w3HIdYqJLzshu7PP754edjXpHButzQXAVblPdSg/640?wx_fmt=jpeg|https://mmbiz.qpic.cn/mmbiz_png/bCceG1Whd3Cjk2TcJ5o98jmC0kuZX0icM5vWNzIGe5LK7kgAwMaeY6VLXBYBm65BCSBIQ23MDfILgcfPdjfmvNw/640?wx_fmt=png|https://mmbiz.qpic.cn/mmbiz_png/bCceG1Whd3Cjk2TcJ5o98jmC0kuZX0icM3IQ6X6gsoffToMt1icojlNibhKkwy6rTgKn6dR3K6enm6zN5aT5q1s1g/640?wx_fmt=png|https://mmbiz.qpic.cn/mmbiz_jpg/14guib8puUbvmwJACBOyIbc7TKn7QxCl0G8Siavrt3AJWvrTIxRdicmqibTgOpU7NPfSyeJbFNNticq2KA6O6GI9deQ/640?wx_fmt=jpeg|https://mmbiz.qpic.cn/mmbiz_png/JuHKsibDbKndY6HkVHTrkibuC5njRWJqUsVPwSt9k2GLT5jyIicc02zl2TibhqQAIzNr0mtvt03TIKkYXRB1m76zUw/640?wx_fmt=png|https://mmbiz.qpic.cn/mmbiz_png/bCceG1Whd3Cjk2TcJ5o98jmC0kuZX0icM5vWNzIGe5LK7kgAwMaeY6VLXBYBm65BCSBIQ23MDfILgcfPdjfmvNw/640?wx_fmt=png|https://mmbiz.qpic.cn/mmbiz_png/bCceG1Whd3Cjk2TcJ5o98jmC0kuZX0icM3IQ6X6gsoffToMt1icojlNibhKkwy6rTgKn6dR3K6enm6zN5aT5q1s1g/640?wx_fmt=png|https://mmbiz.qpic.cn/mmbiz_jpg/JuHKsibDbKnfRTvAMcNU29VUcC2KI2hgd7gVenaWTpGu2bibHJZdDSR2Cb727WRZFrU770oQU9Q66H3JvMhibLZ3w/640?wx_fmt=jpeg|https://mmbiz.qpic.cn/mmbiz_png/bCceG1Whd3Cjk2TcJ5o98jmC0kuZX0icM5vWNzIGe5LK7kgAwMaeY6VLXBYBm65BCSBIQ23MDfILgcfPdjfmvNw/640?wx_fmt=png|https://mmbiz.qpic.cn/mmbiz_png/bCceG1Whd3Cjk2TcJ5o98jmC0kuZX0icM3IQ6X6gsoffToMt1icojlNibhKkwy6rTgKn6dR3K6enm6zN5aT5q1s1g/640?wx_fmt=png|https://mmbiz.qpic.cn/mmbiz_jpg/JuHKsibDbKneH2ZSPtwP5ukgictYTqicZPZictVm0K6wLswkwEG0mWMUV7VqxmRsVUTzKCp0EEoWgKOHcB8R3BtQtQ/640?wx_fmt=jpeg|https://mmbiz.qpic.cn/mmbiz_png/JuHKsibDbKndY6HkVHTrkibuC5njRWJqUsatkOibuDkhmr7SMp1dUkTxvI1F17OCdic1j6QTEPpXdA1cadpHiaH1nNw/640?wx_fmt=png|https://mmbiz.qpic.cn/mmbiz_png/bCceG1Whd3Cjk2TcJ5o98jmC0kuZX0icM5vWNzIGe5LK7kgAwMaeY6VLXBYBm65BCSBIQ23MDfILgcfPdjfmvNw/640?wx_fmt=png|https://mmbiz.qpic.cn/mmbiz_png/bCceG1Whd3Cjk2TcJ5o98jmC0kuZX0icM3IQ6X6gsoffToMt1icojlNibhKkwy6rTgKn6dR3K6enm6zN5aT5q1s1g/640?wx_fmt=png|https://mmbiz.qpic.cn/mmbiz_png/JuHKsibDbKnfRwdx2GNJl5YDWKf5bsiaIYvmrr4pboFWv2wocSxm1iafiboFmhk7v6iabEK61b2icVbssdeIGuXN7vaQ/640?wx_fmt=png|https://mmbiz.qpic.cn/mmbiz_png/JuHKsibDbKndY6HkVHTrkibuC5njRWJqUs2V3UblUasSoicKMiceZsxj6wnF7EqetL2VmicPlC2iaJfk65icSJeaF4S2w/640?wx_fmt=png|https://mmbiz.qpic.cn/mmbiz_png/bCceG1Whd3Cjk2TcJ5o98jmC0kuZX0icM5vWNzIGe5LK7kgAwMaeY6VLXBYBm65BCSBIQ23MDfILgcfPdjfmvNw/640?wx_fmt=png|https://mmbiz.qpic.cn/mmbiz_png/bCceG1Whd3Cjk2TcJ5o98jmC0kuZX0icM3IQ6X6gsoffToMt1icojlNibhKkwy6rTgKn6dR3K6enm6zN5aT5q1s1g/640?wx_fmt=png|https://mmbiz.qpic.cn/mmbiz_png/JuHKsibDbKnf91DdjBsFMpJtZSbRQuTjGcJ5T1KzrYwsWiaHibnoc8RKmUuZr5a3Xic5AqA4iboaThTTLh1Nq9a3rqQ/640?wx_fmt=png|https://mmbiz.qpic.cn/mmbiz_png/bCceG1Whd3Cjk2TcJ5o98jmC0kuZX0icM5vWNzIGe5LK7kgAwMaeY6VLXBYBm65BCSBIQ23MDfILgcfPdjfmvNw/640?wx_fmt=png|https://mmbiz.qpic.cn/mmbiz_png/bCceG1Whd3Cjk2TcJ5o98jmC0kuZX0icM3IQ6X6gsoffToMt1icojlNibhKkwy6rTgKn6dR3K6enm6zN5aT5q1s1g/640?wx_fmt=png|https://mmbiz.qpic.cn/mmbiz_jpg/JuHKsibDbKndY6HkVHTrkibuC5njRWJqUsD4K12oyZWtQudXGbrp0SjUYXP2kWfdCqXicSuCOa1IvgdfUS2ORyH0w/640?wx_fmt=jpeg|https://mmbiz.qpic.cn/mmbiz_png/JuHKsibDbKnc4LNKSgYpYkA1bsmwHsgFZQ0kMM9u8wDxMf4q4jP5qnaLWmOrUTic9wYXv5RaFFwnX0RmXOGuDBicg/640?wx_fmt=png]]></image>
</data>
