<data>
  <id><![CDATA[52275380]]></id>
  <url><![CDATA[https://mp.weixin.qq.com/s?timestamp=1542193140&src=3&ver=1&signature=BCr3pR2wzFii2UXcw1UHeYgJePNycaPJnukU17uk3qLa0HQ4U*OtaXcJGiYEwYXbZPeOXUqFtYYPUlmiPuIDZGYnvUqYnEAi3at31Q0KpWWCAHx0BFtH83tqXxjasZzpmIfjefmOYem7hMi6qX6TBWHIOeVECvR8WSkIb0aWHGE=]]></url>
  <title><![CDATA[交警警告：轮胎出现这5种情况，一定要换！]]></title>
  <content><![CDATA[如果在快速行车过程中发生爆胎，可能会产生什么后果？动图奉上是不是觉得触目惊心！原本正常行驶的车辆，由于突然爆胎，导致车毁人伤。其实当轮胎发生危险故障之前，都会发出一系列“信号”，这些“信号”可以提醒我们补胎或者更换轮胎。今天，小邦就给大家来讲讲轮胎的这些求救“信号”~大家及时检查自己的轮胎，早发现早更换避免发生安全事故。信号1.轮胎胎面花纹厚度小于1.5毫米信号2.轮胎多数指示线都清晰可见信号3.轮胎侧壁有肉眼可见的裂纹信号4.轮胎上发生凸起和起泡信号5.车辆过多的震动和抖动最后，还是建议大家每次开车前，花上一两分钟看看自己的轮胎有没有出现以上状况，如果出现了以上任意一种状况，就应该及时去处理以免造成后患。欢迎转发点赞转载请联系授权更多精彩内容因修车讨价还价，汽修师傅被砍死！凶手被执行死刑！双11来临，一大批血淋淋的网购问题轮胎来袭！2000公里亲测 朝阳SL369全地形AT胎火山行深度测试：万力SA302对比普利司通ER33 国产缺气保用轮胎更胜一筹涨价到2019年！米其林、固特异领衔20多家轮胎企业涨价！车主图省钱自行换胎身亡 换轮胎要去专业轮胎店！法院查封，债权拍卖，这家轮胎75强企业危在旦夕！质量标杆！锦湖轮胎又获一项政府殊荣！布局405个城市 途虎养车打造“超级车主日”仅仅十二个月，玛吉斯在印度的轮胎经销商超过1000家！责任编辑 | 杨巍文章来源 | 网络点击【阅读原文】参与百强轮胎门店评选！]]></content>
  <author><![CDATA[车与轮精英轮胎店主联盟]]></author>
  <time>2018-11-12 18:15:06</time>
  <account><![CDATA[TIREDEALER]]></account>
  <image><![CDATA[https://mmbiz.qpic.cn/mmbiz_gif/JuHKsibDbKnfZlLwo9DoDhjYTxJe9QDzcyI12pqC0Auw8ZHzUI8nmjHdueMMYF2s4luAH0TZ1eGRXzcYQ9rDsvA/640?wx_fmt=gif|https://mmbiz.qpic.cn/mmbiz_jpg/JuHKsibDbKnfLcKcUJucatzV8TkQlAU7dobIt7XicnjA7TdoD6U73QicyHobyU8U5AmXcproKOnYAGkebwDZsqSjA/640?wx_fmt=jpeg|https://mmbiz.qpic.cn/mmbiz_png/1K60kFdISx9X6YNsYBFhDQ63AAovqz4W7UdwJAw3gQc1ibRuray0035mUmiaCAsqfrecbWP2r3LzlZuTibBUULjKQ/640?wx_fmt=png|https://mmbiz.qpic.cn/mmbiz_gif/wn3JLxFQNiaArhjibyug1Gb4nhCNia94cTzKXicBreDsYz1kHycpiacovd81ibuGFicehbJxibr8RJ81x66hATUY8z3LhQ/640?wx_fmt=gif|https://mmbiz.qpic.cn/mmbiz_gif/wn3JLxFQNiaArhjibyug1Gb4nhCNia94cTzB87aO3UpVS4f1iaPlwIPGnLyclaZKYoMRAS3JP91opx4KUdNFnKwKicA/640?wx_fmt=gif|https://mmbiz.qpic.cn/mmbiz_gif/wn3JLxFQNiaArhjibyug1Gb4nhCNia94cTzy7V1cIMDYz0fW2OiaIlFr8nticNPHouYt7fFBkfFleyBibLCXIbJSA34w/640?wx_fmt=gif|https://mmbiz.qpic.cn/mmbiz_gif/wn3JLxFQNiaArhjibyug1Gb4nhCNia94cTzZ057NRQ7GHqoZicIiaxJLlVDDCBEd47GM7UnlyBLdmDWcCcbJ7BiaOaxQ/640?wx_fmt=gif|https://mmbiz.qpic.cn/mmbiz_gif/1K60kFdISxib5st7KS3vMzZypWNf2s4zbBKFqCRr4y4YMyuo5agDFgRicOh0Wmicb1L0QRXr91MYbJv86E9o2RFfA/640?wx_fmt=gif|https://mmbiz.qpic.cn/mmbiz_jpg/1K60kFdISx9X6YNsYBFhDQ63AAovqz4WPyO92Dh9Ir4aeGyBS407UpXhtcvPQicw0ZE670SFGqBciaiaicc8icfiaSCg/640?wx_fmt=jpeg|https://mmbiz.qpic.cn/mmbiz_jpg/JuHKsibDbKnc7k11PAWXA9iacWX0Vl61Kpc048nQUgCuibhm90ZvHBKaQicgib5HZTK8drOwlDCKNeibzAtdgHIGhdXQ/640?wx_fmt=jpeg|https://mmbiz.qpic.cn/mmbiz_jpg/JuHKsibDbKnc7k11PAWXA9iacWX0Vl61Kp2Arp7IKarhzDRZdmL33VAn7Z8ytU9IrEGlUicboertiarJIXP6DpPEiaQ/640?wx_fmt=jpeg|https://mmbiz.qpic.cn/mmbiz_jpg/JuHKsibDbKnc7k11PAWXA9iacWX0Vl61Kptq34QEL4hwJicN3YNVmCA3q65BScRLdtM7UyLDjwgBztb3lDn0reC4g/640?wx_fmt=jpeg|https://mmbiz.qpic.cn/mmbiz_jpg/wn3JLxFQNiaArhjibyug1Gb4nhCNia94cTz6YnTOGXI1juKxlj9VULuQsvPm5oXZxfD39n1dMfmv7aZyumClL9BbQ/640?wx_fmt=jpeg|https://mmbiz.qpic.cn/mmbiz_png/wn3JLxFQNiaArhjibyug1Gb4nhCNia94cTzxt3Ric45D8lBibsHMl2Ufwfia5V2HnM52ghLfnibJpal5RcdpnK7ItRlkA/640?wx_fmt=gif|https://mmbiz.qpic.cn/mmbiz_png/JuHKsibDbKnc4LNKSgYpYkA1bsmwHsgFZQ0kMM9u8wDxMf4q4jP5qnaLWmOrUTic9wYXv5RaFFwnX0RmXOGuDBicg/640?wx_fmt=png]]></image>
</data>
