<data>
  <id><![CDATA[52275380]]></id>
  <url><![CDATA[http://mp.weixin.qq.com/s?__biz=MjM5NjMzNDQyMw==&mid=2651873307&idx=8&sn=a1dd60c4d625a743a70cd11e9c2a82f2&chksm=bd0e1e238a799735a88e3d3b251ecb601fa41c603f68819ad35431f9ea2df7c704a11dc5fc05&scene=27#wechat_redirect]]></url>
  <title><![CDATA[恐怖轮胎！一女子当场死亡！轮胎当换则换，不能拖！]]></title>
  <content><![CDATA[俄罗斯莫斯科一名54岁的女子1日晚间刚从里维埃拉购物中心走出来，正要搭上停在路边的一辆出租车，却被突然飞过来的轮胎砸中，力道之大让她整个人翻转180度，最后以头部着地重摔在人行道上当场死亡。▲女子被轮胎打中的，整个过程只有3秒钟。（图／网络图片）从中我们看到，穿着灰色长大衣、背着后背包的女子缓缓走在人行道上，接着走近一辆停在路边的出租车，才正要停下脚步伸手拉开后车门时，一颗轮胎高速从画面左侧飞滚过来，她还来不及反应就被直击门面，整个人腾空翻转180度，最后重摔落地，原本拿在手里的手机则摔飞到草皮旁边。这惊人的一幕恰巧被走在后方的路人撞见，他吓了一跳连忙跳开，惊险闪过继续往右侧滚的轮胎，发现倒地的女子一动也不动，表情相当惊恐，左看右看一度不知道该怎么办。综合俄罗斯当地媒体报导，这起意外发生在1日晚间的莫斯科，无辜的女子当时刚从里维埃拉购物中心（Ривьера）走出来，没想到却被卡车喷飞的轮胎以70公里的高速击中，倒地之后当场身亡。至于轮子好好的为何会脱离，警方目前仍在调查当中。欢迎转发点赞转载请联系授权更多精彩内容国外大品牌纷纷调低业绩预期，而国内轮胎企业却利润暴涨！大批轮胎企业环保违法遭巨额罚款！轮胎涨价箭在弦上好轮胎都有哪些？奚仲奖告诉你！倍耐力、贵州、金宇等19家轮胎企业强势涨价！来势汹汹！固铂升级版AT3家族轮胎推三款新品 荣获“SEMA 2018年度最佳轮胎产品奖”商用车胎哪家强？快看奚仲奖评选！轮胎人被炸身亡 妻子嚎啕痛哭！产品远销200个国家！ 昊华轮胎SEMA展彰显产品魅力！浦林成山亮相SEMA展 彰显中国品牌力量！创新第二代吸附技术 佳通全系冬季轮胎全新上市责任编辑 | 彭冲冲文章来源 | 网络点击【阅读原文】参与百强轮胎门店评选！]]></content>
  <author><![CDATA[车与轮精英轮胎店主联盟]]></author>
  <time>2018-11-05 18:52:36</time>
  <account><![CDATA[TIREDEALER]]></account>
  <image><![CDATA[https://mmbiz.qpic.cn/mmbiz_gif/JuHKsibDbKnfZlLwo9DoDhjYTxJe9QDzcyI12pqC0Auw8ZHzUI8nmjHdueMMYF2s4luAH0TZ1eGRXzcYQ9rDsvA/640?wx_fmt=gif|https://mmbiz.qpic.cn/mmbiz_jpg/JuHKsibDbKnfLcKcUJucatzV8TkQlAU7dobIt7XicnjA7TdoD6U73QicyHobyU8U5AmXcproKOnYAGkebwDZsqSjA/640?wx_fmt=jpeg|https://mmbiz.qpic.cn/mmbiz_jpg/JuHKsibDbKnd7qjbY1h4RpG2bibXvicywplDLqMeJgt5POrg3FFZAmx0e8SH7Onz6MiaY8ACNFpXTZQxY7094kHmpQ/640?wx_fmt=jpeg|https://mmbiz.qpic.cn/mmbiz_jpg/JuHKsibDbKnd7qjbY1h4RpG2bibXvicywplpZHrpJbBDxTbwy2fOu5sZibTg9aqIURES2BY2eYbiafqyic5aPNa0Wewg/640?wx_fmt=jpeg|https://mmbiz.qpic.cn/mmbiz_png/JuHKsibDbKnc4LNKSgYpYkA1bsmwHsgFZQ0kMM9u8wDxMf4q4jP5qnaLWmOrUTic9wYXv5RaFFwnX0RmXOGuDBicg/640?wx_fmt=png]]></image>
</data>
