<data>
  <id><![CDATA[52275380]]></id>
  <url><![CDATA[https://mp.weixin.qq.com/s?timestamp=1542193140&src=3&ver=1&signature=BCr3pR2wzFii2UXcw1UHeYgJePNycaPJnukU17uk3qLa0HQ4U*OtaXcJGiYEwYXbZPeOXUqFtYYPUlmiPuIDZN8Jk*PrreJZRLhzBP5FkvnAqbEkGuRq3Yf5WGq5bZxyuTfgy-Ptct9X75ZeSqwa3SESIZK9VKRCnwL2UEL-u3I=]]></url>
  <title><![CDATA[世界名牌遇上中国进博会倍耐力轮胎展出“黑科技”！]]></title>
  <content><![CDATA[2018 年 11 月 5 日，上海——倍耐力作为汽车展区中唯一的国际轮胎企业，正式亮相于上海举办的首届中国国际进口博览会（进博会）。倍耐力是全球唯一一家专注于消费轮胎市场的公司，并在高价值轮胎市场拥有独特的定位。进博会期间，倍耐力将多方位展示其高价值产品与先进技术。进博会为促进贸易自由化和经济全球化提供了一个历史性机遇，并积极地向世界开放中国市场。时逢改革开放 40 周年之际，这一开创性的盛会正是中国稳步践行“中国制造 2025”战略与“一带一路”倡议的重要体现。“一百多年来，倍耐力一直在全球汽车行业中承担着重要角色，被誉为高价值消费轮胎市场中高科技与高品质的象征。在中国市场，我们一贯的目标，就是基于对当地市场需求的洞悉，利用全球创新技术和资源让消费者与合作伙伴受益，”倍耐力亚太区首席执行官 Giuliano Menassi 先生表示，“中国是倍耐力最重要的市场之一。通过与中国化工集团公司的合作，我们进一步巩固了自身在中国市场的地位。参加首届进博会，对倍耐力来说是一个展示并重申对中国市场承诺的绝佳机会。我们将始终坚持高价值战略，在产品、生产及工业 4.0 方面，为中国制造 2025 战略添砖加瓦。”进博会汽车展区唯一国际轮胎企业，高价值产品与先进技术彰显倍耐力行业地位作为进博会汽车展区中唯一的国际轮胎企业，倍耐力展示了其在消费轮胎市场（汽车、摩托车和自行车）的领先地位；以及工业4.0背景下，倍耐力在高价值轮胎市场的持续投入。在进博会期间，倍耐力着重展示的高价值产品与先进技术，代表了其在科技创新、性能提升、以及优化用户体验等方面的一贯承诺。尖端技术优化产品性能、安全保障和驾驶舒适性CYBER CAR，汽车数字化技术进入新阶段Cyber Car技术是一种新型智能轮胎系统，将汽车数字化推向一个新纪元。Cyber Car技术的应用基于与主要汽车制造商的合作开发，通过轮胎内嵌的传感器，为车辆的辅助驾驶工具传输数据，从而在防御性安全驾驶、车辆性能提升及环保排放等多方面为车主提供有价值的帮助。Cyber Car可将诸如胎压、内部温度、花纹深度、垂直载荷和轮胎识别机制等在内的重要轮胎数据传送至车辆。根据这些信息，车辆就可以调整和优化其安全与控制系统。例如，垂直载荷的信息对于电动汽车来说尤为重要。通过获知车辆的准确重量，汽车的中央控制系统能更精准地计算出在需要充电前还可以行驶多少公里。该系统将很快应用于一些由主要汽车制造商生产的、最具创新性的电动与传统量产车车型。Cyber Car 也是倍耐力 Cyber 技术平台的最新应用技术。倍耐力于 2002 年推出该平台，旨在于实现轮胎、车辆与驾驶员之间最深度的信息集成。倍耐力 Cyber 技术使用特定系统，可实现与用户的直接沟通（通过后市场产品），对于车队经理而言，倍耐力在今年的德国汉诺威商用车展上展出了 Cyber Fleet 技术（欲了解更多信息，请访问 www.pirellicyberfleet.com ），而 Cyber Car 则同时面向汽车制造商和驾驶员。PNCS 噪音消除系统，轮胎的消音器倍耐力的噪音消除系统是一项减少车辆内部噪音的技术，此项技术归功于贴附在轮胎内壁的吸音装置。该系统能将噪音降低 2 至 3 分贝，平均削减传递至驾驶室内大约一半的噪音，有效提升驾驶舒适性。RUN FLAT 缺气保用技术，确保出行安全RUN FLAT 缺气保用技术由创新型加强件与“自撑型”胎壁结构组成。即使在轮胎漏气的情况下，也能承受车辆载重。因此，车辆能够以不超过 80 公里/小时的速度继续行驶 80 公里。如果发生轮胎漏气（甚至在高速行驶中），缺气保用轮胎可使车辆拥有稳定性和操控性。SEAL INSIDE 自修补技术，耐刺扎延长机动性SEAL INSIDE 自修补是一种新型的轮胎构造技术，能够确保被外物刺扎的轮胎，在不漏气的情况下继续行驶。扎胎情况发生时，轮胎内部的橡胶密封剂将在轮胎被扎穿的瞬间围绕外部异物形成一层密封隔离圈，防止因漏气产生的轮胎失压。当异物被移除时，密封剂将被吸入外物留下的孔隙中密封孔洞。倍耐力多样化满足不同消费者的个性化需求量身定制策略将传感器置于轮胎之中这一技术本身，就体现了倍耐力“量身定制”策略。倍耐力专注于开发定制化的产品和服务，以满足驾驶者以及汽车制造商的个性化需求。“量身定制”策略还包括根据制造商的要求，为不同车型定制轮胎，可通过胎侧的特殊标记来识别（不同制造商不同标记）。凭借与最负盛名的汽车制造商建立合作伙伴关系，倍耐力目前最多的高价值产品拥有超过 2,350 项认证（截至 2018年 9 月 30 日，全部认证超过 2,950 项）。倍耐力版 BRUTALE 800 RR“倍耐力版 Brutale 800 RR”是倍耐力和 MV Agusta 合作生产的第一款摩托车型，由倍耐力为其量身定制轮胎，并以限量版形式发售。该车型配备了 DIABLO™ SUPERCORSA SP 轮胎，可选配彩色（侧壁）的限量版轮胎。倍耐力与 MV Agusta 已建立合作伙伴关系，正式成为其独家轮胎供应商，为该公司生产的所有摩托车提供轮胎产品。自行车的世界即使在自行车领域，倍耐力也能够成为为客户提供最佳性能产品的首选合作伙伴。在首次亮相自行车市场的几个月后，倍耐力签署了一项 OEM 协议：倍耐力将为全部 Pinarello Dogma F10 自行车提供 PZero Velo 轮胎。凭借领先的技术和独特的研发和创新手段，倍耐力开发的 PZero Velo 轮胎已被客户用于装配 Pinarello 旗舰顶级获奖车型 Dogma F10，以提高该车的性能。倍耐力一直是客户、合作伙伴的最佳选择。赛车运动领域在此次的倍耐力展位上，一级方程式模型车呈现并诠释了赛车运动精神。倍耐力与赛事有着悠久的渊源，为了保持技术卓越性，倍耐力坚持将赛车运动领域开发的创新技术转化到其民用产品当中。目前，倍耐力在全球广泛参与 460 余项两轮和四轮赛事，自 2011 年起便成为世界一级方程式锦标赛的全球轮胎合作伙伴。倍耐力希望藉此机会进一步加强在中国的业务发展，巩固其在技术领域的领先地位，同时在产品及相关服务领域成为业内重要力量。欢迎转发点赞转载请联系授权更多精彩内容国外大品牌纷纷调低业绩预期，而国内轮胎企业却利润暴涨！大批轮胎企业环保违法遭巨额罚款！轮胎涨价箭在弦上好轮胎都有哪些？奚仲奖告诉你！倍耐力、贵州、金宇等19家轮胎企业强势涨价！来势汹汹！固铂升级版AT3家族轮胎推三款新品 荣获“SEMA 2018年度最佳轮胎产品奖”商用车胎哪家强？快看奚仲奖评选！轮胎人被炸身亡 妻子嚎啕痛哭！产品远销200个国家！ 昊华轮胎SEMA展彰显产品魅力！浦林成山亮相SEMA展 彰显中国品牌力量！创新第二代吸附技术 佳通全系冬季轮胎全新上市责任编辑 | 彭冲冲点击【阅读原文】参与百强轮胎门店评选！]]></content>
  <author><![CDATA[车与轮精英轮胎店主联盟]]></author>
  <time>2018-11-09 19:18:38</time>
  <account><![CDATA[TIREDEALER]]></account>
  <image><![CDATA[https://mmbiz.qpic.cn/mmbiz_gif/JuHKsibDbKnfZlLwo9DoDhjYTxJe9QDzcyI12pqC0Auw8ZHzUI8nmjHdueMMYF2s4luAH0TZ1eGRXzcYQ9rDsvA/640?wx_fmt=gif|https://mmbiz.qpic.cn/mmbiz_jpg/JuHKsibDbKnfLcKcUJucatzV8TkQlAU7dobIt7XicnjA7TdoD6U73QicyHobyU8U5AmXcproKOnYAGkebwDZsqSjA/640?wx_fmt=jpeg|https://mmbiz.qpic.cn/mmbiz_jpg/JuHKsibDbKnf0ZBqh9gF7mCicAxwOsnmf91kE5QGFqEk8oIfVw6ZjAL67lGQHLoYeBqS0ibP27hka2v4kwMS34xAA/640?wx_fmt=jpeg|https://mmbiz.qpic.cn/mmbiz_jpg/JuHKsibDbKnf0ZBqh9gF7mCicAxwOsnmf9V9yXmDghB1ZMkl22ty2ezYRD9mUia41MRQNmQmj1uF0Y6du0wJdmbtQ/640?wx_fmt=jpeg|https://mmbiz.qpic.cn/mmbiz_jpg/JuHKsibDbKnf0ZBqh9gF7mCicAxwOsnmf97qviaegoetUPwlAftHFCOjB1W5qb1icJQ74XML15JhQzRicibJ7eleTs9w/640?wx_fmt=jpeg|https://mmbiz.qpic.cn/mmbiz_png/JuHKsibDbKnc4LNKSgYpYkA1bsmwHsgFZQ0kMM9u8wDxMf4q4jP5qnaLWmOrUTic9wYXv5RaFFwnX0RmXOGuDBicg/640?wx_fmt=png]]></image>
</data>
