<data>
  <id><![CDATA[52275380]]></id>
  <url><![CDATA[https://mp.weixin.qq.com/s?timestamp=1542193140&src=3&ver=1&signature=BCr3pR2wzFii2UXcw1UHeYgJePNycaPJnukU17uk3qLa0HQ4U*OtaXcJGiYEwYXbZPeOXUqFtYYPUlmiPuIDZCbYiNe3QgaSbtCfmND5ybTr8YFMzpbcfRXVqiPzOpaeF0ZHNZ2BWpzYTpImpWVmmfbajdoVBkE3osHHvqW9bAY=]]></url>
  <title><![CDATA[德国马牌，森麒麟轮胎宣布涨价！]]></title>
  <content><![CDATA[近日，德国马牌轮胎美国公司表示，自2019年1月7日起，将增加在美国销售的马牌、将军品牌的乘用型轮胎和轻型卡车轮胎的价格。德国马牌表示，调整是为了应对与这些产品的生产和分销相关的原材料，能源和物流成本的持续升级。德国马牌轮胎制造商在一份新闻稿中表示，不同的营销线和轮胎尺寸会有所不同。 特定的项目详细信息将在12月7日前传达给直接客户。此外，森麒麟轮胎美国公司也将在2018年12月提高所有轮胎的价格，这一增长将反映在12月1日之后的所有轮胎发票上。“运输和物流成本的增加对生产和一般运营费用产生了负面影响，森麒麟美国公司执行副总裁Maxwell Wee说。 “价格上涨的其他因素包括由于政府行为导致的外部压力以及整个行业供应链面临的挑战，轮胎行业的动态变化。“尽管存在这些障碍，我们仍然看到了动态增长，并且正在实现2019年销售突破的目标。我们将继续为我们的经销商客户提供出色的填充率和卓越的客户服务。”欢迎转发点赞转载请联系授权更多精彩内容国外大品牌纷纷调低业绩预期，而国内轮胎企业却利润暴涨！大批轮胎企业环保违法遭巨额罚款！轮胎涨价箭在弦上好轮胎都有哪些？奚仲奖告诉你！倍耐力、贵州、金宇等19家轮胎企业强势涨价！来势汹汹！固铂升级版AT3家族轮胎推三款新品 荣获“SEMA 2018年度最佳轮胎产品奖”商用车胎哪家强？快看奚仲奖评选！轮胎人被炸身亡 妻子嚎啕痛哭！产品远销200个国家！ 昊华轮胎SEMA展彰显产品魅力！浦林成山亮相SEMA展 彰显中国品牌力量！创新第二代吸附技术 佳通全系冬季轮胎全新上市责任编辑 | 吴世杰点击【阅读原文】参与百强轮胎门店评选！]]></content>
  <author><![CDATA[车与轮精英轮胎店主联盟]]></author>
  <time>2018-11-11 18:28:30</time>
  <account><![CDATA[TIREDEALER]]></account>
  <image><![CDATA[https://mmbiz.qpic.cn/mmbiz_gif/JuHKsibDbKnfZlLwo9DoDhjYTxJe9QDzcyI12pqC0Auw8ZHzUI8nmjHdueMMYF2s4luAH0TZ1eGRXzcYQ9rDsvA/640?wx_fmt=gif|https://mmbiz.qpic.cn/mmbiz_jpg/JuHKsibDbKnfLcKcUJucatzV8TkQlAU7dobIt7XicnjA7TdoD6U73QicyHobyU8U5AmXcproKOnYAGkebwDZsqSjA/640?wx_fmt=jpeg|https://mmbiz.qpic.cn/mmbiz_jpg/JuHKsibDbKne4t0zAbP3nXDaibHO2Js5g6bXF6g8ha324EgFs9UWoTe9dtM0C13YM9eu5QUMpmJ2QfrhzTJA6Qtg/640?wx_fmt=jpeg|https://mmbiz.qpic.cn/mmbiz_jpg/JuHKsibDbKne4t0zAbP3nXDaibHO2Js5g60juQrrM6H0drfb5sb5FKn5MrTiaY0uKUhMvhpcCJbZUC2CanmW6tkdA/640?wx_fmt=jpeg|https://mmbiz.qpic.cn/mmbiz_jpg/JuHKsibDbKne4t0zAbP3nXDaibHO2Js5g6jnu4MD2P7HLQznlF3RCzE8USFtz6AJCbViaICVovuPvqy79Wp7q4brg/640?wx_fmt=jpeg|https://mmbiz.qpic.cn/mmbiz_jpg/JuHKsibDbKne4t0zAbP3nXDaibHO2Js5g6fsDPRNP5deckYl9JqG6VrT1zSK9dKFrAdcIadHcaI3pdXsoM75j9Cw/640?wx_fmt=jpeg|https://mmbiz.qpic.cn/mmbiz_png/JuHKsibDbKnc4LNKSgYpYkA1bsmwHsgFZQ0kMM9u8wDxMf4q4jP5qnaLWmOrUTic9wYXv5RaFFwnX0RmXOGuDBicg/640?wx_fmt=png]]></image>
</data>
