<data>
  <id><![CDATA[52275380]]></id>
  <url><![CDATA[https://mp.weixin.qq.com/s?timestamp=1542193140&src=3&ver=1&signature=BCr3pR2wzFii2UXcw1UHeYgJePNycaPJnukU17uk3qLa0HQ4U*OtaXcJGiYEwYXbZPeOXUqFtYYPUlmiPuIDZL0TDFoTtWZ8Y69dRuMe2TfqDMV1wCnhkvnmQ-OTi65wpt5-R6W3kGMmpft7sfdxgnCJr0fyY0Ukxud5DbTr9z4=]]></url>
  <title><![CDATA[爆胎后不换轮胎，被交警罚200！司机大呼后悔！]]></title>
  <content><![CDATA[人能有多不要命？近日，一辆运送危险化学物品的运输车，在爆胎后继续行驶几十公里，还好被正在例行检查的民警发现并拦下。以下是视频链接：10月30日10时30分许，临猗交警大队北景中队民警在执法站例行检查中，发现惊人一幕，牌号为陕C276**危化品运输车左后方一轮胎已完全爆裂，竟然在国道上快速行驶。执勤民警立即指挥问题车辆停靠到安全地带，进行检查和询问。令人大跌眼镜的是，驾驶员张某某(临猗人)明知轮胎在七、八十公里之外的河津市就已经爆裂，却心存侥幸、不以为然，准备赶到临猗县城再换！经过严厉批评教育，张某某终于认识到错误，并在民警帮助下，现场更换了备用轮胎。根据《中华人民共和国道路交通安全法》相关规定，张某某因驾驶机件不符合技术标准的机动车，受到罚款200元处理。小邦说：爆胎后继续行驶，是对自己和他人生命的不负责。特别是运载危化品的运输车，一旦发生事故，其后果是灾难性的！避免爆胎，远离危险，需要谨记以下几点：1、轮胎选择要谨慎。现在很多车主喜欢在网上买轮胎，但是要知道，轮胎这种和生命安全息息相关的商品，如果没有专业人士的建议和实体货物的检查，买到的轮胎的质量是难以得到保证的。而且市场上的假货很多，误买假货、水货的人不计其数。比如像这样的，网购回力胎，便宜了220元，但质量......还有这种假货正新轮胎，老板换了2天后内胎自动裂开：贪小便宜，网购的米其林轮胎四个月不到成了这样：2、轮胎保养不能马虎。一是要检查车况，看一看车胎的气是不是很足，车胎有没有破损。二是定期清理车胎。清理掉附着在车胎上的泥沙、石子等脏物。三是按时更换新轮胎。当车胎行驶到规定里程的时候，就需要及时更换。有些轮胎尽管花纹还在，但不能保证车胎橡胶局部没有被氧化。所以为了防止爆胎，一定要及时换新胎。3、爆胎后停稳寻求帮助，更换备胎。当车辆爆胎后，需慢慢靠边停稳，再摆放好三角警示牌，然后更换备胎。如果不会更换轮胎，可联系附近轮胎店或流动补胎人员，帮助更换。欢迎转发点赞转载请联系授权更多精彩内容国家发布轮胎行业重大利好政策 价格战或卷土重来这12种轿车问题轮胎，三包胎厂家也不赔！这位车主的表现，真“丑”！天猫、康众、汽车超人合资成立“新康众”，启动天猫车站门店认证！广饶政府：欠账必须还  重点打击非法集资轮胎企业！转发！轮胎充气10米内都是危险区，已有多人遇害！2018！中国最好的100家轮胎汽服门店评选再次开启玛吉斯R19征服魔鬼赛道，荣誉与骄傲满载而归中国市场定制版高端润滑油 伊佩克润滑油全球上市一行字三幅图 陆通轮胎刷爆朋友圈！责任编辑 | 吴世杰点击【阅读原文】参与百强轮胎门店评选！]]></content>
  <author><![CDATA[车与轮精英轮胎店主联盟]]></author>
  <time>2018-11-04 18:31:46</time>
  <account><![CDATA[TIREDEALER]]></account>
  <image><![CDATA[https://mmbiz.qpic.cn/mmbiz_gif/JuHKsibDbKnfZlLwo9DoDhjYTxJe9QDzcyI12pqC0Auw8ZHzUI8nmjHdueMMYF2s4luAH0TZ1eGRXzcYQ9rDsvA/640?wx_fmt=gif|https://mmbiz.qpic.cn/mmbiz_jpg/JuHKsibDbKnfLcKcUJucatzV8TkQlAU7dobIt7XicnjA7TdoD6U73QicyHobyU8U5AmXcproKOnYAGkebwDZsqSjA/640?wx_fmt=jpeg|https://mmbiz.qpic.cn/mmbiz_jpg/JuHKsibDbKndgvCZTOMWuYxCj3J4AZBbARTyXnKZpdzmNHVEDicEwiaWy7nSzgw7xhcZPtVFXxzbgIZgknIWAcpQg/640?wx_fmt=jpeg|https://mmbiz.qpic.cn/mmbiz_jpg/JuHKsibDbKndgvCZTOMWuYxCj3J4AZBbADMRlmDphc7HpnSJXczvyjibo7xBQExTdVqH2T8BlyFtdUjRZhcHibcbw/640?wx_fmt=jpeg|https://mmbiz.qpic.cn/mmbiz_jpg/JuHKsibDbKndagI3yUTHM3cq0pdibqV6Cb0QqQI7ZiaLd7l4HEmkEeLVg96Kfs6ibHxlxxY3NSCLjdteFJcqGHROAw/640?wx_fmt=jpeg|https://mmbiz.qpic.cn/mmbiz_jpg/JuHKsibDbKndgvCZTOMWuYxCj3J4AZBbAj760EWz2QW9k1sFvFollBJhouib57r8qxAYMNQx2YaXgJPVpPl2BdDA/640?wx_fmt=jpeg|https://mmbiz.qpic.cn/mmbiz_jpg/JuHKsibDbKndgvCZTOMWuYxCj3J4AZBbAdgNjq3ZmsNkJmLr6LATSjJQxhFBV7zfTaYU9J9CYibqTMSqzslgmhTg/640?wx_fmt=jpeg|https://mmbiz.qpic.cn/mmbiz_jpg/JuHKsibDbKndgvCZTOMWuYxCj3J4AZBbAy4nLjEVKtMGMq2lJnNk3IWDjXiaQsN4iaFQZrRBdjpDXjiaeHI1xqmCiaw/640?wx_fmt=jpeg|https://mmbiz.qpic.cn/mmbiz_jpg/JuHKsibDbKndgvCZTOMWuYxCj3J4AZBbAIxiczPicJSbS4Wde0t839j8Z24DsYdmpMDuVlnv0rZoOufJMY1e73Mxw/640?wx_fmt=jpeg|https://mmbiz.qpic.cn/mmbiz_jpg/JuHKsibDbKndgvCZTOMWuYxCj3J4AZBbA5JSGAx6iaxIaSJLjk3GJ5bZicaT6bhQSqVXGmkkfdkus7qCVfibicicniaKA/640?wx_fmt=jpeg|https://mmbiz.qpic.cn/mmbiz_png/JuHKsibDbKnc4LNKSgYpYkA1bsmwHsgFZQ0kMM9u8wDxMf4q4jP5qnaLWmOrUTic9wYXv5RaFFwnX0RmXOGuDBicg/640?wx_fmt=png]]></image>
</data>
