<data>
  <id><![CDATA[52275380]]></id>
  <url><![CDATA[https://mp.weixin.qq.com/s?timestamp=1542193140&src=3&ver=1&signature=BCr3pR2wzFii2UXcw1UHeYgJePNycaPJnukU17uk3qLa0HQ4U*OtaXcJGiYEwYXbZPeOXUqFtYYPUlmiPuIDZP6ywvjNIY194iVtOhXZzDzHVF7pVXE9B96sXq4w8TZY2oDTVvhjVBqGJaOffX0sFpOcu5zkliOTM4vaaIR7SxU=]]></url>
  <title><![CDATA[第一大股东变更，通伊欧发布34亿扩产能计划！]]></title>
  <content><![CDATA[近日，日本三菱商事509亿日元（折合人民币31.04亿元）的价格收购了通伊欧轮胎的部分股份，超越普利司通成为通伊欧轮胎第一大股东。2018年11月1日通伊欧轮胎发布声明表示，为了与三菱达成更好的业务联盟，通伊欧轮胎决定向三菱出售部分股权。三菱在这次股权交易中获得26931956股普通股，将原先的3.5%的持股提升到了20%，超越了之前普利司通所持的7.86%的股份，成为了目前通伊欧轮胎最大的股东。交易总额约509亿日元（折合人民币约31.04亿元），将于2019年的1月15日-6月28日完成付款。通过此次交易双方将达成以下合作：拓展销售渠道、提升销售能力、制造技术升级等。通伊欧将利用此次获得的投资来施行扩建产能、制造升级、渠道拓展等多种用途。并制定了一个560亿日元（折合人民币约34.15亿元）的建设计划。（换算金以制表日汇率为准）其中有60亿日元（折合人民币约3.66亿）的资金用于增加美国轮胎工厂的生产力；利用100亿日元（折合人民币约6.1亿）扩大马来西亚轮胎工厂的生产，花费330亿日元（折合人民币约20.12亿）投入到新的生产基地的建设当中；利用70亿日元（折合人民币约4.27亿）的资金对卡客车轮胎的生产设备进行扩建和升级。通伊欧在公告中还提到，将于三菱公司构建一个全球联合性工作组，利用三菱全球化的渠道去加强销售能力。工作组的目标主要设定为日本本土、中国及亚洲其他国家、欧洲、中东、非洲等地。通过调查得知，通伊欧在中国所成立的通伊欧轮胎(上海）贸易公司就是与三菱所合资注册的。30多亿的巨额投资，通伊欧轮胎将会在产能、技术、制造、设备等多方面得到显著的提升。配合上三菱全球化的销售网络，未来通伊欧轮胎或将得到更大的提升！欢迎转发点赞转载请联系授权更多精彩内容国外大品牌纷纷调低业绩预期，而国内轮胎企业却利润暴涨！大批轮胎企业环保违法遭巨额罚款！轮胎涨价箭在弦上好轮胎都有哪些？奚仲奖告诉你！倍耐力、贵州、金宇等19家轮胎企业强势涨价！来势汹汹！固铂升级版AT3家族轮胎推三款新品 荣获“SEMA 2018年度最佳轮胎产品奖”商用车胎哪家强？快看奚仲奖评选！轮胎人被炸身亡 妻子嚎啕痛哭！产品远销200个国家！ 昊华轮胎SEMA展彰显产品魅力！浦林成山亮相SEMA展 彰显中国品牌力量！创新第二代吸附技术 佳通全系冬季轮胎全新上市责任编辑 | 杨巍点击【阅读原文】参与百强轮胎门店评选！]]></content>
  <author><![CDATA[车与轮精英轮胎店主联盟]]></author>
  <time>2018-11-06 19:47:22</time>
  <account><![CDATA[TIREDEALER]]></account>
  <image><![CDATA[https://mmbiz.qpic.cn/mmbiz_gif/JuHKsibDbKnfZlLwo9DoDhjYTxJe9QDzcyI12pqC0Auw8ZHzUI8nmjHdueMMYF2s4luAH0TZ1eGRXzcYQ9rDsvA/640?wx_fmt=gif|https://mmbiz.qpic.cn/mmbiz_jpg/JuHKsibDbKnfLcKcUJucatzV8TkQlAU7dobIt7XicnjA7TdoD6U73QicyHobyU8U5AmXcproKOnYAGkebwDZsqSjA/640?wx_fmt=jpeg|https://mmbiz.qpic.cn/mmbiz_png/JuHKsibDbKndY6HkVHTrkibuC5njRWJqUspZzicAibico80qX7YMEpt7bFiaOLSokcI97RFzzXuSYOuicxz0fsJy7M63A/640?wx_fmt=png|https://mmbiz.qpic.cn/mmbiz_png/JuHKsibDbKndY6HkVHTrkibuC5njRWJqUshdjBqjCuapedCUp0nWDib9Y4dRZ7h0Dia12S5vXibAj5O71o37KEqcDuQ/640?wx_fmt=png|https://mmbiz.qpic.cn/mmbiz_png/JuHKsibDbKndY6HkVHTrkibuC5njRWJqUsHicvXBpgQSefaU26LrQBJiawnA3H7g5wfHm3GhibLmOGzM1JtChU3F4jg/640?wx_fmt=png|https://mmbiz.qpic.cn/mmbiz_png/JuHKsibDbKnc4LNKSgYpYkA1bsmwHsgFZQ0kMM9u8wDxMf4q4jP5qnaLWmOrUTic9wYXv5RaFFwnX0RmXOGuDBicg/640?wx_fmt=png]]></image>
</data>
