<data>
  <id><![CDATA[52275380]]></id>
  <url><![CDATA[https://mp.weixin.qq.com/s?timestamp=1542193140&src=3&ver=1&signature=BCr3pR2wzFii2UXcw1UHeYgJePNycaPJnukU17uk3qLa0HQ4U*OtaXcJGiYEwYXbZPeOXUqFtYYPUlmiPuIDZNXuklfxxOeo6FU8MKrmEf-orwaP*HODHH9L9CnadGSwctxHIZ5dRvQJSoQcDV93SpQQwilcWnLsuAqLuROBCbQ=]]></url>
  <title><![CDATA[网购到19年的早产胎？那你应该看看这篇文章！]]></title>
  <content><![CDATA[前段时间网上曝光了一组视频，表示自己从网络上购买的轮胎生产日期标注居然是19年，其实视频中的买家是误解了这组数字的意思，首先我们先回顾一下视频。出厂日期竟然是硫化机号！经过小邦的多番调查发现，这个轮胎为建大公司出产的轮胎，规格为195/65R15，并不是某些媒体报道的早产胎。而视频中的所谓的“出厂日期”其实并不是标注的生产日期，而是建大公司在轮胎上新增的硫化机号标识。点击视频，看详细介绍轮胎“胎码”你了解吗？身份证号是每个人的生命密码，中间有8位数字最易读，可以读出一个人的年龄、生日、生肖和星座。而镌刻在轮胎侧面的英文和数字，同样也记录着一条轮胎的重要信息，在这里我们可以把它们叫做“胎码”，读懂一条轮胎，我们先从最常见的“胎码”开始。硫化机码了解一下！但也有特例！下图是建大轮胎上DOT编码码标识，其中有两组数字分别是2418、0280。而视频中的0119对应的其实就是图片中的0280，也就是硫化机号的标识，图中绿色方框内的2418数字才是对应的出厂日期。DOT编码是意思：DOT编码是美国交通部英文字母的缩写(DOT=Department of transportation),主要用于标示生产厂别 /生产周次等信息。以上面的轮胎DOT码MM8K ANA 2418 0280为例，DOT是美国交通部英文字母的缩写(DOT=Department of transportation)。MM代表建大在天津工厂的代号，而昆山工厂代号为7Y8K所指的是产品规格代号ANA为选择性代号（如商标、工程、设改版次）2418为生产日期，24为第24周，18为18年0280为硫化机号，028是硫化机台好，后一位的0代表左侧工位，而右侧工位代号为9。因为很多轮胎上不标注硫化机码，很多人都不了解硫化机码是为何物！特别让人产生误解，以为是生产日期！希望大家看完这篇文章了解一下硫化机码这个知识点，以免在为顾客介绍的时候出错！欢迎转发点赞转载请联系授权更多精彩内容国外大品牌纷纷调低业绩预期，而国内轮胎企业却利润暴涨！大批轮胎企业环保违法遭巨额罚款！轮胎涨价箭在弦上好轮胎都有哪些？奚仲奖告诉你！倍耐力、贵州、金宇等19家轮胎企业强势涨价！来势汹汹！固铂升级版AT3家族轮胎推三款新品 荣获“SEMA 2018年度最佳轮胎产品奖”商用车胎哪家强？快看奚仲奖评选！轮胎人被炸身亡 妻子嚎啕痛哭！产品远销200个国家！ 昊华轮胎SEMA展彰显产品魅力！浦林成山亮相SEMA展 彰显中国品牌力量！创新第二代吸附技术 佳通全系冬季轮胎全新上市责任编辑 | 杨巍点击【阅读原文】参与百强轮胎门店评选！]]></content>
  <author><![CDATA[车与轮精英轮胎店主联盟]]></author>
  <time>2018-11-08 18:24:08</time>
  <account><![CDATA[TIREDEALER]]></account>
  <image><![CDATA[https://mmbiz.qpic.cn/mmbiz_gif/JuHKsibDbKnfZlLwo9DoDhjYTxJe9QDzcyI12pqC0Auw8ZHzUI8nmjHdueMMYF2s4luAH0TZ1eGRXzcYQ9rDsvA/640?wx_fmt=gif|https://mmbiz.qpic.cn/mmbiz_jpg/JuHKsibDbKnfLcKcUJucatzV8TkQlAU7dobIt7XicnjA7TdoD6U73QicyHobyU8U5AmXcproKOnYAGkebwDZsqSjA/640?wx_fmt=jpeg|https://mmbiz.qpic.cn/mmbiz_jpg/JuHKsibDbKnfo5ia2recbI5vyVcXEyQ8A1R0uEh68wq8lpr3Urnp7k5Kqcd3ciaJULaad7VXuYdP85wyN4unibPf8Q/640?wx_fmt=jpeg|https://mmbiz.qpic.cn/mmbiz_png/JuHKsibDbKnfo5ia2recbI5vyVcXEyQ8A1ItvcINDJdxBiblmmV8V1JppprvzfgOWaSsP5XLqZo3N7K3k2ic7kmicUw/640?wx_fmt=png|https://mmbiz.qpic.cn/mmbiz_png/JuHKsibDbKnc4LNKSgYpYkA1bsmwHsgFZQ0kMM9u8wDxMf4q4jP5qnaLWmOrUTic9wYXv5RaFFwnX0RmXOGuDBicg/640?wx_fmt=png]]></image>
</data>
