<data>
  <id><![CDATA[52275380]]></id>
  <url><![CDATA[https://mp.weixin.qq.com/s?timestamp=1542193140&src=3&ver=1&signature=BCr3pR2wzFii2UXcw1UHeYgJePNycaPJnukU17uk3qLa0HQ4U*OtaXcJGiYEwYXbZPeOXUqFtYYPUlmiPuIDZCbYiNe3QgaSbtCfmND5ybS7sjnTuUMAik*c-qxjBdWkI7gJfdH-SImPaHdPey7oGD5jGgkGzpBFvnI8tjCxdxA=]]></url>
  <title><![CDATA[正新橡胶、三角轮胎、通力轮胎、浦林成山入围国家绿色制造示范企业名单！]]></title>
  <content><![CDATA[11月6日，工信部公布第三批绿色制造名单，共有391家绿色工厂、480种绿色设计产品、34家绿色园区、21家绿色供应链管理示范企业上榜。其中，通力轮胎橡胶企业入围绿色工厂。三角轮胎、浦林成山、正新橡胶入围绿色设计产品。与前两批公布的绿色制造名单相比，此次公布的化工绿色设计产品在家用洗涤剂、可降解塑料、杀虫剂、铅蓄电池等品类的基础上，新增了74种水性建筑涂料、13种汽车轮胎、6种锂离子电池和12种复合肥料。工信部要求各地工信主管部门加强绿色制造名单与相关产业政策的衔接，充分发挥以点带面的示范作用，引领本地区绿色转型。鼓励各地发布本地区绿色制造名单，择优向我部推荐，并研究出台配套支持政策。加强对绿色制造名单内有关单位及第三方评价机构的指导、监督和管理，对不再符合绿色制造评价要求的单位，及时向工信部(节能与综合利用司)报送有关情况。绿色工厂名单欢迎转发点赞转载请联系授权更多精彩内容国外大品牌纷纷调低业绩预期，而国内轮胎企业却利润暴涨！大批轮胎企业环保违法遭巨额罚款！轮胎涨价箭在弦上好轮胎都有哪些？奚仲奖告诉你！倍耐力、贵州、金宇等19家轮胎企业强势涨价！来势汹汹！固铂升级版AT3家族轮胎推三款新品 荣获“SEMA 2018年度最佳轮胎产品奖”商用车胎哪家强？快看奚仲奖评选！轮胎人被炸身亡 妻子嚎啕痛哭！产品远销200个国家！ 昊华轮胎SEMA展彰显产品魅力！浦林成山亮相SEMA展 彰显中国品牌力量！创新第二代吸附技术 佳通全系冬季轮胎全新上市责任编辑 | 吴世杰文章来源 | 中国化工报点击【阅读原文】参与百强轮胎门店评选！]]></content>
  <author><![CDATA[车与轮精英轮胎店主联盟]]></author>
  <time>2018-11-11 18:28:30</time>
  <account><![CDATA[TIREDEALER]]></account>
  <image><![CDATA[https://mmbiz.qpic.cn/mmbiz_gif/JuHKsibDbKnfZlLwo9DoDhjYTxJe9QDzcyI12pqC0Auw8ZHzUI8nmjHdueMMYF2s4luAH0TZ1eGRXzcYQ9rDsvA/640?wx_fmt=gif|https://mmbiz.qpic.cn/mmbiz_jpg/JuHKsibDbKnfLcKcUJucatzV8TkQlAU7dobIt7XicnjA7TdoD6U73QicyHobyU8U5AmXcproKOnYAGkebwDZsqSjA/640?wx_fmt=jpeg|https://mmbiz.qpic.cn/mmbiz_jpg/JuHKsibDbKne4t0zAbP3nXDaibHO2Js5g6dVKZcsvDIvib5dThPShg4vCavia5icwRFCXSniaSh6MIGwqoK1R8PPYAng/640?wx_fmt=jpeg|https://mmbiz.qpic.cn/mmbiz_jpg/JuHKsibDbKne4t0zAbP3nXDaibHO2Js5g6tb7JKjibCDXxF7vDupLV5O1DCHtia1u4fNpTxnrb38RFDq0h3oJYqXXw/640?wx_fmt=jpeg|https://mmbiz.qpic.cn/mmbiz_jpg/JuHKsibDbKne4t0zAbP3nXDaibHO2Js5g6JvaicEJozgbkIuLeEIicR3PGE0rYONfTr2mDdPq7m2qKNFyajN97ib5YA/640?wx_fmt=jpeg|https://mmbiz.qpic.cn/mmbiz_jpg/JuHKsibDbKne4t0zAbP3nXDaibHO2Js5g65SJkzaHstHicapVgbciafGQmYYZDYhw0h9DxIXeS0woKDFI7HuWQV2dQ/640?wx_fmt=jpeg|https://mmbiz.qpic.cn/mmbiz_jpg/JuHKsibDbKne4t0zAbP3nXDaibHO2Js5g6M3icDJhBzXtNhJH4HICvvQfzd8KBtptqJgw8CK1HhwcunWGNoYZNCbg/640?wx_fmt=jpeg|https://mmbiz.qpic.cn/mmbiz_jpg/JuHKsibDbKne4t0zAbP3nXDaibHO2Js5g6ku8lUAPsjVjzf3oQUY6mV0nAv48WTKnp2YTEbeU4Sb8KIHzr37lx9w/640?wx_fmt=jpeg|https://mmbiz.qpic.cn/mmbiz_jpg/JuHKsibDbKne4t0zAbP3nXDaibHO2Js5g6DxI68ohbe2ybbvpNVuCa1BWILKCgRoL81tGn23w7wZ3xRIcnjmbVGw/640?wx_fmt=jpeg|https://mmbiz.qpic.cn/mmbiz_jpg/JuHKsibDbKne4t0zAbP3nXDaibHO2Js5g6ibeNibamdLZrFNYUjsOQpichggLV2SSpD2UHVsPmRUDVwSiahnnvRbOjPA/640?wx_fmt=jpeg|https://mmbiz.qpic.cn/mmbiz_jpg/JuHKsibDbKne4t0zAbP3nXDaibHO2Js5g6HfaHuLsMk5FNbCWtDic7QzoKCoYcYVjlWacYEc8xXk1srp5L2hv4kdQ/640?wx_fmt=jpeg|https://mmbiz.qpic.cn/mmbiz_png/JuHKsibDbKnc4LNKSgYpYkA1bsmwHsgFZQ0kMM9u8wDxMf4q4jP5qnaLWmOrUTic9wYXv5RaFFwnX0RmXOGuDBicg/640?wx_fmt=png]]></image>
</data>
