<data>
  <id><![CDATA[52275380]]></id>
  <url><![CDATA[https://mp.weixin.qq.com/s?timestamp=1542193140&src=3&ver=1&signature=BCr3pR2wzFii2UXcw1UHeYgJePNycaPJnukU17uk3qLa0HQ4U*OtaXcJGiYEwYXbZPeOXUqFtYYPUlmiPuIDZKk19g-c02ONx2PTL6*aabHqlA2W*C55J5zFVcnAb7qDfaFVIUrdY2v8*l6xoLYuoYBdU056uTLTdIaRcyNaLqI=]]></url>
  <title><![CDATA[轮胎突然破损冒烟，找4S店讨说法，4S店：修理费你来出]]></title>
  <content><![CDATA[最让人害怕的，莫过于车子在半路出现问题。近日，就发生了一件让人没处说理的事故：市民盛女士在安徽马鞍山段开着车的时候，突然车前后摇摆的很厉害，然后发现车子右边有点倾斜，自己吓得赶紧停车，然后就看到了轮胎鼓包，并且车子还冒烟，发出一股特别难闻的烧焦味。之后跟4S店工作人员说，这车子出现了问题。结果销售人员很不配合说，反正这车子本身就是没问题。没问题怎么会烧成这样？盛女士说，销售人员解释的原因，让人根本听不懂。后来去找销售经理，经理也不理人。最后4S店售后工作人员说，轮胎应该是受到冲击了，肯定遇过坑，轮毂把轮胎给割开了，然后车子就漏气了。售后跟盛女士说，这是人为使用问题，不过可以帮你做轮胎鉴定，需要盛女士支付两只轮胎更换的费用，不然的话这个就没法谈了。真的是很厉害的了。这个底气真的是没谁了，现在4S店就这么厉害吗？真的是好商量的买主啊，这样的买主可以在给我来一打可以吗，车子损坏了车轮报废了。顾客竟然好脾气的同意自费把轮胎钱给出了，真的是很少见了。现在很多的客户一出现车子问题，就赶快说是商家的质量不行，甚至有的要求三倍赔偿， 一般遇见这样的顾客，很多的4S店都是只能自认倒霉，不过盛女士真的是蛮贴心的，自己把修理费给出了。有的网友说，就是应该让商家赔轮胎钱，还说是奔弛防爆轮胎呢，还不如我的五菱的轮胎好呢，奔驰的车不咋地啊。还有的说，这在路上突然自燃啊，就怪不得商家了吧，怎么让商家赔付啊，这一看就是想讹钱的吧。确实，毕竟是它家的车子，4S店应该负起一部分责任。车主其实在上路前也应检查车况，平时多去专业的汽修店做保养，及时发现问题解决问题。欢迎转发点赞转载请联系授权更多精彩内容国外大品牌纷纷调低业绩预期，而国内轮胎企业却利润暴涨！大批轮胎企业环保违法遭巨额罚款！轮胎涨价箭在弦上好轮胎都有哪些？奚仲奖告诉你！倍耐力、贵州、金宇等19家轮胎企业强势涨价！来势汹汹！固铂升级版AT3家族轮胎推三款新品 荣获“SEMA 2018年度最佳轮胎产品奖”商用车胎哪家强？快看奚仲奖评选！轮胎人被炸身亡 妻子嚎啕痛哭！产品远销200个国家！ 昊华轮胎SEMA展彰显产品魅力！浦林成山亮相SEMA展 彰显中国品牌力量！创新第二代吸附技术 佳通全系冬季轮胎全新上市责任编辑 | 吴世杰点击【阅读原文】参与百强轮胎门店评选！]]></content>
  <author><![CDATA[车与轮精英轮胎店主联盟]]></author>
  <time>2018-11-10 19:41:46</time>
  <account><![CDATA[TIREDEALER]]></account>
  <image><![CDATA[https://mmbiz.qpic.cn/mmbiz_gif/JuHKsibDbKnfZlLwo9DoDhjYTxJe9QDzcyI12pqC0Auw8ZHzUI8nmjHdueMMYF2s4luAH0TZ1eGRXzcYQ9rDsvA/640?wx_fmt=gif|https://mmbiz.qpic.cn/mmbiz_jpg/JuHKsibDbKnfLcKcUJucatzV8TkQlAU7dobIt7XicnjA7TdoD6U73QicyHobyU8U5AmXcproKOnYAGkebwDZsqSjA/640?wx_fmt=jpeg|https://mmbiz.qpic.cn/mmbiz_jpg/JuHKsibDbKne1TCvIn4sPT1huBhpjy1icH0CpDk9fSUANedqosqIBicZV5pn35Dibic88adDGg11yibRic72kmHswxHbA/640?wx_fmt=jpeg|https://mmbiz.qpic.cn/mmbiz_jpg/JuHKsibDbKne1TCvIn4sPT1huBhpjy1icH5n4KvqEr3WF2us6cNqsb2bXK1L96HromfwReibphicRZPMVGfbib2kQtg/640?wx_fmt=jpeg|https://mmbiz.qpic.cn/mmbiz_jpg/JuHKsibDbKne1TCvIn4sPT1huBhpjy1icHiaaux16VJjcOS2ddzfSxuHd5uUOuZqsx5JpCbXLsAMzibsWibFaUb9icSQ/640?wx_fmt=jpeg|https://mmbiz.qpic.cn/mmbiz_jpg/JuHKsibDbKne1TCvIn4sPT1huBhpjy1icHOFfC2I8eicsFhRdib4AhwB70MfbaNDPd7FEeQnYdORSL9mpDeD8Y5uUA/640?wx_fmt=jpeg|https://mmbiz.qpic.cn/mmbiz_jpg/JuHKsibDbKne1TCvIn4sPT1huBhpjy1icHtSR2GfgADhbibonstkuBmibItBg8ichRXd0icJNJaK6kEeZ9aWL8m7icLsw/640?wx_fmt=jpeg|https://mmbiz.qpic.cn/mmbiz_png/JuHKsibDbKnc4LNKSgYpYkA1bsmwHsgFZQ0kMM9u8wDxMf4q4jP5qnaLWmOrUTic9wYXv5RaFFwnX0RmXOGuDBicg/640?wx_fmt=png]]></image>
</data>
