<data>
  <id><![CDATA[52275380]]></id>
  <url><![CDATA[https://mp.weixin.qq.com/s?timestamp=1542193140&src=3&ver=1&signature=BCr3pR2wzFii2UXcw1UHeYgJePNycaPJnukU17uk3qLa0HQ4U*OtaXcJGiYEwYXbZPeOXUqFtYYPUlmiPuIDZNfqIOA2oY7vrr-Y0LLoi66E*e8cDCPL2ZmB0zCdjCezRZ7FdUpG3MspHqXOi9EFj0WO8ovtd2J9vQTGTD6NNLI=]]></url>
  <title><![CDATA[“1晚69胎”的轮胎界奇才，没把技术用在正道！]]></title>
  <content><![CDATA[江湖中有一绝学，称“独孤九剑”，为独孤求败所创，以无招胜有招，杀尽仇寇奸人，败尽英雄豪杰，打遍天下无敌手。而在轮胎圈内，也有一个“1晚狂拆69胎”的奇人，技艺娴熟，手法精湛，拆汽车轮胎有如切瓜切菜！但可惜，这手艺却没用在正道上。让我们来看看他跌宕起伏的经历：叶某今年才24岁，小小年纪就已在浙江建德开了一家轮胎店，成了老板了。这位叶老板不仅年轻有为，而且还业务娴熟，拆轮胎手艺堪称一绝，可以2分钟拆下一只汽车轮胎。 可是最近，叶某居然依仗着自己的手艺，动起了偷旧轮胎的歪念。2018年11月3日，李女士报案称自己存放在露天仓库的21辆报废车辆上的69只轮胎被人盗走了！并表示，虽然之前也有类似的情况发生，但是损失都不大，而这次一夜之间少了69只轮胎，才报的警。李女士仔细算了一下，这些日子一共少掉的轮胎，有差不多200只。民警通过调查走访，在兰溪某修理部将两名盗窃嫌疑人抓获，其中一人就是叶某。11月9日，两名嫌疑人已被刑拘。据悉，叶某本是一个老实本分的轮胎店老板。白天开工干活，晚上打烊收工。汽车修理店有时候需要旧轮胎，他会去李女士的露天仓库里搬几个。后来发现，旧轮胎的好处多多，不仅合金轮毂可以卖钱，橡胶也能翻新再卖，于是他就开始一点一点地偷，发现废车公司好像并未察觉，于是胆子也就越来越大。这一次他约了一个朋友，开了两辆车，一个晚上疯狂拆胎偷胎，一共69只轮胎全部运走。叶某表示，拆下来的轮毂还没来及卖，而那些橡胶自己打算放在自己店里用。要知道，这些废旧轮胎已经是不合格的轮胎，如果翻新再卖，岂不等同于谋财害命？！叶某还说自己拆轮胎的手艺没几个人能比，都是平时工作的时候锻炼出来的，所以一个晚上能偷69只。如此自信，如此猖狂，小邦佩服！重庆“叶某”偷轮胎事件浙江的这起案件并不是个例，在去年年底，同样是姓“叶”，同样是轮胎店老板，干起了同样的事情。24岁的叶某是重庆长寿人，2008年从技校毕业后在某机械厂上班。后来和朋友合伙开了一家轮胎店。由于自己干事勤快，天分又高，生意一度非常红火。但是近些日子，轮胎进货价格越来越高，售价也不得不得涨上去，生意自然也就没那么好了。叶某就开始动起了歪脑筋，深夜凌晨4店，马路上空无一人，叶某开始疯狂作案，将路边的别克轿车的两个轮胎盗走。之后的一个月里，他疯狂作案4起，盗窃7个轮胎，总价值一万元左右。被刑事拘留后，叶某告诉民警，他把这些轮胎拿回店中，重新刷漆，这样失主不仅轮胎像新的一样，而且失主还不好认出自己的轮胎，一举两得。至于这轮胎的质量安全问题嘛，相比他早已抛在脑后了。小邦说：两位叶老板心是真大啊，偷来的东西还准备用......可惜了，想法很美好，现实很残酷。多好的小伙儿，24岁当老板，仅仅一念之差，为了些旧轮胎走上了歧途。轮胎价格上涨，轮胎不好卖，这些是行业内不争的事实。但是，轮胎人即使生意不好，也不会做偷轮胎的事，将废旧轮胎转手再卖这么缺德的事情更不可能做出来！这件事情不应该是开端，而应该是结尾。轮胎人应该引以为戒，踏实做事，踏实赚钱。要做行业的清流，不要给轮胎人这个群体抹黑！话说回来，这一晚拆69个轮胎的手艺也是没谁了。江山代有才人出，各领风骚数百年。小邦想知道，各位拆轮胎的速度都有多快呢？欢迎转发点赞转载请联系授权更多精彩内容因修车讨价还价，汽修师傅被砍死！凶手被执行死刑！双11来临，一大批血淋淋的网购问题轮胎来袭！2000公里亲测 朝阳SL369全地形AT胎火山行深度测试：万力SA302对比普利司通ER33 国产缺气保用轮胎更胜一筹涨价到2019年！米其林、固特异领衔20多家轮胎企业涨价！车主图省钱自行换胎身亡 换轮胎要去专业轮胎店！法院查封，债权拍卖，这家轮胎75强企业危在旦夕！质量标杆！锦湖轮胎又获一项政府殊荣！布局405个城市 途虎养车打造“超级车主日”仅仅十二个月，玛吉斯在印度的轮胎经销商超过1000家！责任编辑 | 吴世杰点击【阅读原文】参与百强轮胎门店评选！]]></content>
  <author><![CDATA[车与轮精英轮胎店主联盟]]></author>
  <time>2018-11-13 19:37:39</time>
  <account><![CDATA[TIREDEALER]]></account>
  <image><![CDATA[https://mmbiz.qpic.cn/mmbiz_gif/JuHKsibDbKnfZlLwo9DoDhjYTxJe9QDzcyI12pqC0Auw8ZHzUI8nmjHdueMMYF2s4luAH0TZ1eGRXzcYQ9rDsvA/640?wx_fmt=gif|https://mmbiz.qpic.cn/mmbiz_jpg/JuHKsibDbKnfLcKcUJucatzV8TkQlAU7dobIt7XicnjA7TdoD6U73QicyHobyU8U5AmXcproKOnYAGkebwDZsqSjA/640?wx_fmt=jpeg|https://mmbiz.qpic.cn/mmbiz_jpg/JuHKsibDbKneEdPUm6lOWn9qv3jUnnfdzfdJtib9HtOgIylOmne5mpFvCg2znZ9Hzl0NSAib8vFict86d6bkZdUX7g/640?wx_fmt=jpeg|https://mmbiz.qpic.cn/mmbiz_jpg/JuHKsibDbKneEdPUm6lOWn9qv3jUnnfdzMfhGvDuBCyLSD2tUtP1jrCP8UDXa4zGhtOicmGoNXklB4kB6TayFkbg/640?wx_fmt=jpeg|https://mmbiz.qpic.cn/mmbiz_png/JuHKsibDbKneEdPUm6lOWn9qv3jUnnfdzCt3SR0MyaR0oibjAFJ1icJG5H3zQMFtkic2hKSu6icI0X0vfdttH1Yic1tA/640?wx_fmt=png|https://mmbiz.qpic.cn/mmbiz_png/JuHKsibDbKneEdPUm6lOWn9qv3jUnnfdzJ6uGux9ZDW8icibOh6ZB2CNooSFQBoiaic4Uwr1iaKFL5wFbXjRnmvOBibJA/640?wx_fmt=png|https://mmbiz.qpic.cn/mmbiz_png/JuHKsibDbKneEdPUm6lOWn9qv3jUnnfdz6Wuh5fVh0yU7cQWpwLXgO2IlNib4jvCmib231sM6ptITeDUTNMFEbKnA/640?wx_fmt=png|https://mmbiz.qpic.cn/mmbiz_png/JuHKsibDbKneEdPUm6lOWn9qv3jUnnfdzpoe4d2a47feF4dZeWXoNI64Vr53DnPicbiclObKs6NiaCUeHdnicCBZdzQ/640?wx_fmt=png|https://mmbiz.qpic.cn/mmbiz_jpg/JuHKsibDbKneEdPUm6lOWn9qv3jUnnfdzz1GXsSTicOEibCjRPXrFUSyZjMzocbUGyg9LC4ibGDnQhUtwJbAF7aYDA/640?wx_fmt=jpeg|https://mmbiz.qpic.cn/mmbiz_jpg/JuHKsibDbKneEdPUm6lOWn9qv3jUnnfdzZ4kPWSC4Tjq70ZVN4wm6OCNOs9vVWdzibdMCLfic3Po2VB5ibMeGjuicsQ/640?wx_fmt=jpeg|https://mmbiz.qpic.cn/mmbiz_jpg/JuHKsibDbKneEdPUm6lOWn9qv3jUnnfdzpLj66teMeG0unbIIBTGp6FcicQbelgaGRNZlm27MQpslvP6HNwKicn5w/640?wx_fmt=jpeg|https://mmbiz.qpic.cn/mmbiz_png/JuHKsibDbKnc4LNKSgYpYkA1bsmwHsgFZQ0kMM9u8wDxMf4q4jP5qnaLWmOrUTic9wYXv5RaFFwnX0RmXOGuDBicg/640?wx_fmt=png]]></image>
</data>
