<data>
  <id><![CDATA[52275380]]></id>
  <url><![CDATA[https://mp.weixin.qq.com/s?timestamp=1542193140&src=3&ver=1&signature=BCr3pR2wzFii2UXcw1UHeYgJePNycaPJnukU17uk3qLa0HQ4U*OtaXcJGiYEwYXbZPeOXUqFtYYPUlmiPuIDZNXuklfxxOeo6FU8MKrmEf9Yd4p1O*gGhuqsEOG7gYL42F2yvojUTkbol2CdpryNek6PuKCP0eyzA7GN85Rh9xM=]]></url>
  <title><![CDATA[浦林成山新动向！海外建厂计划被披露！]]></title>
  <content><![CDATA[据了解，浦林成山（山东）轮胎有限公司，凭借其强大的卡车和公共汽车轮胎，正打算进军北美市场。为了帮助推出该系列产品，浦林成山已聘请业界资深人士约翰·安本（John Aben）担任其北美总裁。安本是一位具有35年轮胎制造、批发、零售经验的资深专家。他最近还担任佳通轮胎的高级销售副总裁。在此之前，他还曾在耐克森轮胎担任销售副总裁长达10年。卡车轮胎系列进军北美安本表示，浦林成山将在2019年初开始向北美运送一系列卡车轮胎。目前，轮胎的品牌名称还没有最终确定，处于商讨过程中。北美业务将设在南加州，最初的计划是公司以集装箱装载为基础，销售80％的轮胎，其余的则通过第三方物流。安本希望明年有一支由七到十人组成的团队一同处理北美业务。在其他国家，公司将以浦林（Prinx），成山（Chengshan），澳通(Austone)和富神（Fortune）四个品牌进行销售。境外建厂，扩大产能目前，浦林成山在国内有一家制造工厂，年产能为460万TBR（卡车和公共汽车径向）轮胎和650万PCR（乘用车径向）轮胎。到2021年，扩建计划要求在工厂增加260万TBR轮胎和220万PCR轮胎。据安本称，该公司还计划在中国境外建厂，但该地点尚未公布。由于关税情况，目前没有计划在美国销售PCR（乘用车径向）轮胎。此外，浦林成山还继续向固铂供应Roadmaster卡车轮胎。据了解，浦林成山与固铂签订了两份协议，将于2019年6月30日到期。现在正在就续签这些协议进行谈判。关于浦林成山浦林成山（山东）轮胎有限公司由香港的浦林投资有限公司投资的台港澳独资企业。公司经营范围包括设计、开发、生产和销售载重子午胎、普通结构轮胎等。浦林成山是中国钢制子午线轮胎的第五大生产商，在销售收入和销量方面排名第三。此外，它还是中国出口到美国，泰国和马来西亚市场的钢制子午线轮胎的五大出口商。公司于10月刚刚在港交所上市，截止今日，总市值为33.59亿元。欢迎转发点赞转载请联系授权更多精彩内容国外大品牌纷纷调低业绩预期，而国内轮胎企业却利润暴涨！大批轮胎企业环保违法遭巨额罚款！轮胎涨价箭在弦上好轮胎都有哪些？奚仲奖告诉你！倍耐力、贵州、金宇等19家轮胎企业强势涨价！来势汹汹！固铂升级版AT3家族轮胎推三款新品 荣获“SEMA 2018年度最佳轮胎产品奖”商用车胎哪家强？快看奚仲奖评选！轮胎人被炸身亡 妻子嚎啕痛哭！产品远销200个国家！ 昊华轮胎SEMA展彰显产品魅力！浦林成山亮相SEMA展 彰显中国品牌力量！创新第二代吸附技术 佳通全系冬季轮胎全新上市责任编辑 | 吴世杰点击【阅读原文】参与百强轮胎门店评选！]]></content>
  <author><![CDATA[车与轮精英轮胎店主联盟]]></author>
  <time>2018-11-08 18:24:08</time>
  <account><![CDATA[TIREDEALER]]></account>
  <image><![CDATA[https://mmbiz.qpic.cn/mmbiz_gif/JuHKsibDbKnfZlLwo9DoDhjYTxJe9QDzcyI12pqC0Auw8ZHzUI8nmjHdueMMYF2s4luAH0TZ1eGRXzcYQ9rDsvA/640?wx_fmt=gif|https://mmbiz.qpic.cn/mmbiz_jpg/JuHKsibDbKnfLcKcUJucatzV8TkQlAU7dobIt7XicnjA7TdoD6U73QicyHobyU8U5AmXcproKOnYAGkebwDZsqSjA/640?wx_fmt=jpeg|https://mmbiz.qpic.cn/mmbiz_jpg/JuHKsibDbKnfGCXf5SiaHutoZ7m7Xmsh4rvAaFpYJk4P1IM2hZVyeUicqBzr88J2zW9zGLficpYCIHkcCMUFhrD2OA/640?wx_fmt=jpeg|https://mmbiz.qpic.cn/mmbiz_png/JuHKsibDbKnfGCXf5SiaHutoZ7m7Xmsh4rjms5Gef0bueZlykA80DNEXAaZgTkbSNWXiczKgholFv3zf6LYibdMqcg/640?wx_fmt=png|https://mmbiz.qpic.cn/mmbiz_png/JuHKsibDbKnfGCXf5SiaHutoZ7m7Xmsh4rjtCFL5wbgHJomiaOaLGwUU8M6uYsh1AUu784RtjEkKKC39LzUcsnyVg/640?wx_fmt=png|https://mmbiz.qpic.cn/mmbiz_jpg/JuHKsibDbKnfGCXf5SiaHutoZ7m7Xmsh4rL0aUeIVTOEye0N7o9KYORTBC4oGNnXTN731vicECQnuqpegpsSpvVrw/640?wx_fmt=jpeg|https://mmbiz.qpic.cn/mmbiz_png/JuHKsibDbKnc4LNKSgYpYkA1bsmwHsgFZQ0kMM9u8wDxMf4q4jP5qnaLWmOrUTic9wYXv5RaFFwnX0RmXOGuDBicg/640?wx_fmt=png]]></image>
</data>
