<data>
  <id><![CDATA[52275380]]></id>
  <url><![CDATA[https://mp.weixin.qq.com/s?timestamp=1542193140&src=3&ver=1&signature=BCr3pR2wzFii2UXcw1UHeYgJePNycaPJnukU17uk3qLa0HQ4U*OtaXcJGiYEwYXbZPeOXUqFtYYPUlmiPuIDZDv6h3bsZDnu2NlY4vaoZ*BQsJlpmAJAjcxMCn9tx7FDjEHx*bZSL-PgUvtGo6vevBOOH9w1qyxyNn3v0uWo46M=]]></url>
  <title><![CDATA[仅仅十二个月，玛吉斯在印度的轮胎经销商超过1000家！]]></title>
  <content><![CDATA[玛吉斯印度分公司，是全球玛吉斯集团的重要组成部分之一，仅仅在12个月内，横贯印度1000个经销商地标，在325个城市拥有1018家经销商，这一快速发展的事件寓意着印度轮胎市场上玛吉斯品牌积极增长前景。玛吉斯轮胎在印度地区的经销商分布情况西部地区（包括古吉拉特邦、马哈拉施特拉邦、拉贾斯坦邦、果阿邦和马德哈拉邦）的销量最高，共有504家经销商，其中古吉拉特邦210家，马哈拉施特拉邦107家，马德哈拉邦106家。北境地区（包括旁遮普、哈里亚纳邦、德里NCR、J＆K、北方邦和北安恰尔邦），经销商数量为236家，旁遮普为87家，北方邦为83家。在南部（特兰加纳、安得拉邦、喀拉拉、泰米尔纳德和卡纳塔克），马克西斯经销商多达195家、泰米尔纳德也拥有118家经销商。和东北地区（包括比如阿萨姆邦，曼尼普尔邦，特里普拉邦，梅加拉亚邦，阿鲁纳恰尔邦和米佐拉姆）邦有49 家经销商。数字化分析深入印度轮胎市场玛吉斯印度分公司更为关注数字化和业务分析，根据这一点，公司网站上的经销商定位器可以引导客户到最近的玛吉斯经销商，并且用户还能够在网站通过Google导航获取最近的经销商方位。印度玛吉斯市场营销主管在评论印度的经销商网络时说：“随着我们在国内的深入发展，网络扩展是增强客户体验的关键部分。为了实现市场的潜力，我们通过所有的经销商，更容易让轮胎用户拥有最好的一流服务。我们对印度目前的增长速度非常满意，因为它是玛吉斯的优先市场，玛吉斯坚定地致力于扩大在印度的存在。”玛吉斯印度分公司一直在印度开展经销商会议和活动，去促进与新旧经销商的合作伙伴关系。公司表示，这些经销商会议旨在提高影响力，在区域市场和促进经销商提供无缝的客户服务，并帮助品牌在二级和三级城市扩大其影响力，得到更广泛的客户群。“由于牢固的经销商关系网和以客户为中心的政策，在短短两个星期内，玛吉斯见证了最后100家经销商的迅速增长。到目前为止，我们已经在8个城市进行了8次经销商会议，并打算在2019年保持这样的势头。”玛吉斯在印度轮胎市场发展愿景玛吉斯轮胎的全球愿景是到2026年成为世界五大轮胎制造商之一，这也是玛吉斯轮胎瞄准印度轮胎市场的很大一部分原因。2018年3月玛吉斯在印度古吉拉特邦开设了第一家轮胎制造工厂，并计划在5年内至少占据印度两轮车市场15％的市场份额。印度玛吉斯的桑纳德工厂每天大约有20000条轮胎和40000条内胎的生产能力。并且玛吉斯目前在印度的原配套轮胎供应商有本田（两轮车）、印度马鲁蒂铃木、马欣德拉&马欣德拉，塔塔汽车和吉普。欢迎转发点赞转载请联系授权更多精彩内容国外大品牌纷纷调低业绩预期，而国内轮胎企业却利润暴涨！大批轮胎企业环保违法遭巨额罚款！轮胎涨价箭在弦上好轮胎都有哪些？奚仲奖告诉你！倍耐力、贵州、金宇等19家轮胎企业强势涨价！来势汹汹！固铂升级版AT3家族轮胎推三款新品 荣获“SEMA 2018年度最佳轮胎产品奖”商用车胎哪家强？快看奚仲奖评选！轮胎人被炸身亡 妻子嚎啕痛哭！产品远销200个国家！ 昊华轮胎SEMA展彰显产品魅力！浦林成山亮相SEMA展 彰显中国品牌力量！创新第二代吸附技术 佳通全系冬季轮胎全新上市责任编辑 | 陈晓辉点击【阅读原文】参与百强轮胎门店评选！]]></content>
  <author><![CDATA[车与轮精英轮胎店主联盟]]></author>
  <time>2018-11-07 19:24:55</time>
  <account><![CDATA[TIREDEALER]]></account>
  <image><![CDATA[https://mmbiz.qpic.cn/mmbiz_gif/JuHKsibDbKnfZlLwo9DoDhjYTxJe9QDzcyI12pqC0Auw8ZHzUI8nmjHdueMMYF2s4luAH0TZ1eGRXzcYQ9rDsvA/640?wx_fmt=gif|https://mmbiz.qpic.cn/mmbiz_jpg/JuHKsibDbKnfLcKcUJucatzV8TkQlAU7dobIt7XicnjA7TdoD6U73QicyHobyU8U5AmXcproKOnYAGkebwDZsqSjA/640?wx_fmt=jpeg|https://mmbiz.qpic.cn/mmbiz_jpg/JuHKsibDbKndY6HkVHTrkibuC5njRWJqUsSpRvvExOSLy3407mxvNEEarKIGUTUIxITpWjjKTW8O2DYo1TaSeJMQ/640?wx_fmt=jpeg|https://mmbiz.qpic.cn/mmbiz_jpg/JuHKsibDbKndY6HkVHTrkibuC5njRWJqUsOmdSHjJATTnRlvuMehiajDbcSdnvCM23Tia1nBG2EeuP0wh2S9ErsbTA/640?wx_fmt=jpeg|https://mmbiz.qpic.cn/mmbiz_png/JuHKsibDbKnc4LNKSgYpYkA1bsmwHsgFZQ0kMM9u8wDxMf4q4jP5qnaLWmOrUTic9wYXv5RaFFwnX0RmXOGuDBicg/640?wx_fmt=png]]></image>
</data>
