<data>
  <id><![CDATA[52275380]]></id>
  <url><![CDATA[https://mp.weixin.qq.com/s?timestamp=1542193140&src=3&ver=1&signature=BCr3pR2wzFii2UXcw1UHeYgJePNycaPJnukU17uk3qLa0HQ4U*OtaXcJGiYEwYXbZPeOXUqFtYYPUlmiPuIDZL0TDFoTtWZ8Y69dRuMe2TcWIOrXKHK18CznvmRd*XsDiA9lK4Gr4KlvNJ0KkSdyCbyhXGgt-rj6W98Zib9UpAQ=]]></url>
  <title><![CDATA[国外大品牌纷纷调低业绩预期，而国内轮胎企业却利润暴涨！]]></title>
  <content><![CDATA[转眼2018即将结束，而全球轮胎企业也都纷纷的公布了2018前三季的财务报告，车与轮将各大轮胎企业的财报数据汇总，并对国内外部分知名轮胎企业前三季度的营业额和净利润进行了对比总结。以下是12家企业前三季度报告排名不分先后：以下是6家企业第三季度的财务报告：注：1、以上数据仅供参考 具体数据以企业发布为准；2、华谊集团半年报数据是包含了除轮胎以外的其他业务利润收益；3、佳通轮胎只计算上市部分数据4、上述数据都以表格统计当天人民币汇率计算，计算货币人民币米其林财报：米其林2018年第三季度的营业额约为442.91亿，2017年同期营收约为420.82亿。2018前三季度营业额约为1279.2亿，去年同期米其林公司营业额约1293.16亿。数据表明，第三季度米其林的营收上涨，但是综合前三季度米其林的营收比去年还是处于下降趋势。米其林公司在财报中指出，预计第四季度乘用车、轻卡以及卡车轮胎市场会进一步显现颓势，特别是中国市场！所以将会下调2018年的预期。固特异前三季度财报：固特异在2018年第三季度营业额约为271.84亿，去年同期约271.35亿；前三季度固特异总营业额约为802.78亿，去年同期约为782.02亿。第三季度净利润约为24.29亿，去年同期约为8.93亿。前三季度净利润约为40.35亿，去年同期约为30.59亿。虽然固特异前三季度整体上涨幅度有所提升，但是固特异在财报中表示亚太区的销量和营业利润都大大缩减严重影响整体的营收水平。德国马牌前三季度财报：德国马牌财报表示，2018年前三季度营收约为856.1亿，去年同期约为848.1亿。而这份报告中指出，德国马牌在降低了第三季度的经营业绩预期以后目前全年的经营预期约为460亿欧元，主要是因为国际货币汇率影响。韩泰轮胎前三季度财报：韩泰轮胎2018年第三季度营收约为107.34亿，去年同期111.52亿；净利润为11.29亿，去年同期13.09亿，相较去年韩泰轮胎今年的走势有很明显的下降。韩泰公司表示下游汽车市场放缓，美国工厂成本增加及原配胎业务下降。固铂第三季度财报：固铂2018年第三季度营业额约为51.07亿，去年同期约为50.8亿；第三季度净利润约为5.61亿，去年同期应收约为7.68亿。相较去年营业额略微上涨。玲珑轮胎前三季度财报：玲珑轮胎前三季度营业额约为110.45亿，去年同期约为103.16亿；净利润方面前三季度约为8.84亿，去年同期约为7.2亿，利润相比2017年同期增长了21.28%。赛轮集团前三季度财报：赛轮集团前三季度总营业额约为102.84亿，去年同期约为102.62亿；净利润约为5.17亿，去年同期约为1.81亿，比去年增幅了185.29%。风神轮胎前三季度财报：风神轮胎前三季度营业额约为47.13亿，而去年同期约为56.84亿；前三季度净利润约为187万，去年同期净利润亏损-2.01亿。虽然营业额还未回正，但是净利润却已经扭亏为盈了。华谊集团前三季度财报：华谊集团前三季度的营业额约为336.83亿，去年同期营收入约为363.41亿；净利润方面前三季度约为15.97亿，去年同期约为3.85亿。净利润的涨幅高达315.41%。佳通轮胎前三季度财报：佳通轮胎2018年前三季度的总营业额约为25.3亿，去年同期约为26.03亿；净利润约为7444.6万，去年同期约为4056.3万。同比涨幅了83.53%。贵州轮胎前三季度财报：2018年前三季度贵州轮胎营业收入约为51.71亿，去年同期约为50.37亿；第三季度营业额约为17.87亿，去年同期约为18.77亿；第三季度净利润约为3277万，去年同期约为-2164.7万，同比涨幅约为251.38%。净利润约为6358.9万，去年同期约为-1329.6万，利润同比去年同期涨幅了578.26%。三角轮胎前三季度财报：三角轮胎前三季度营业额约为55.36亿，去年同期约为60.35亿；净利润约为3.3亿，去年同期约为3.69亿。青岛双星前三季度财报：青岛双星前三季度营业额约为28.68亿，去年同期约为30.19亿；其中第三季度营业额约为9.11万，去年同期约为9.48亿 。2018年前三季度净利润约为5389.1万，去年同期约为1.07亿，利润下降了48.70%；第三季度净利润约为-228.7万，去年同期约为477.24万，利润下降了104.79%。通用股份前三季度财报：2018年通用股份前三季度营业额约为30.13亿，去年同期约为27.46亿；前三季度净利润约为1.17亿，去年同期约为1.08亿。国外轮胎企业从上述国外轮胎企业的财报数据看来，国外轮胎企业虽然有所增长，但是也表示出对第四季度可能产生疲软形势的担忧，所以纷纷下调整了公司的销售预期。而米其林和固特异都表示预期调整跟中国市场疲软有一定的关系。图片来源于网络国内轮胎企业反观国内轮胎企业，除了青岛双星及三角轮胎两家企业出现了一定程度的下降，其他的轮胎企业都有很明显的上涨趋势，其中贵州轮胎前三季度利润涨幅约578%；华谊集团利润约长315%；赛轮集团涨幅约185%。而风神轮胎也从去年2亿的亏损情况下扭亏为盈，在前三季度实现了盈利！图片来源于网络从财报态度来看，国外轮胎企业对于轮胎市场的预期稍有受挫，部分企业甚至关闭或是停产了一部分工厂，而对于中国轮胎企业来说是一种机会，能够更大程度的获取市场份额。从政策上看，其实今年对于国产轮胎来说是非常不利的，首先是欧盟已经正式开始对中国轮胎加征反侵销税，美国也对中国轮胎加征关税，并且由于国内环保力度加大，这些政策都无形的增加了国内轮胎企业的成本。而在原材料市场来看，炭黑和配合剂的价格都大幅增长，这也让轮胎价格有了一定程度的上涨，本身具有一定价格优势的国产轮胎在这方面优势也逐渐被削弱。今年的轮胎市场整体来说不算太好， 国外轮胎企业开始纷纷的下调他们第四季度及本年度的预期的情况下，国产轮胎却能够获得如此好的成绩，这也说明了国产轮胎拥有足够的市场竞争力。希望在未来国产轮胎能够在国际市场上取得更好的成绩，振兴中国轮胎，证明中国制造轮胎的优秀品质。欢迎转发点赞转载请联系授权更多精彩内容国家发布轮胎行业重大利好政策 价格战或卷土重来这12种轿车问题轮胎，三包胎厂家也不赔！这位车主的表现，真“丑”！天猫、康众、汽车超人合资成立“新康众”，启动天猫车站门店认证！广饶政府：欠账必须还  重点打击非法集资轮胎企业！转发！轮胎充气10米内都是危险区，已有多人遇害！2018！中国最好的100家轮胎汽服门店评选再次开启玛吉斯R19征服魔鬼赛道，荣誉与骄傲满载而归中国市场定制版高端润滑油 伊佩克润滑油全球上市一行字三幅图 陆通轮胎刷爆朋友圈！责任编辑 | 杨巍点击【阅读原文】参与百强轮胎门店评选！]]></content>
  <author><![CDATA[车与轮精英轮胎店主联盟]]></author>
  <time>2018-11-04 18:31:46</time>
  <account><![CDATA[TIREDEALER]]></account>
  <image><![CDATA[https://mmbiz.qpic.cn/mmbiz_gif/JuHKsibDbKnfZlLwo9DoDhjYTxJe9QDzcyI12pqC0Auw8ZHzUI8nmjHdueMMYF2s4luAH0TZ1eGRXzcYQ9rDsvA/640?wx_fmt=gif|https://mmbiz.qpic.cn/mmbiz_jpg/JuHKsibDbKnfLcKcUJucatzV8TkQlAU7dobIt7XicnjA7TdoD6U73QicyHobyU8U5AmXcproKOnYAGkebwDZsqSjA/640?wx_fmt=jpeg|https://mmbiz.qpic.cn/mmbiz_jpg/JuHKsibDbKnfzGeGGCgW1r7RC5P7xGYGZ8UFZX5vK6cPFG6dw4BguqQx7CDXQoO16W68Y882MiclXVoN7dHQaRkg/640?wx_fmt=jpeg|https://mmbiz.qpic.cn/mmbiz_png/JuHKsibDbKnfzGeGGCgW1r7RC5P7xGYGZnFlJqBhr7qad80ia8WJyMspdernd7KafUOUfhBCRhtYtLjBff8RIgcw/640?wx_fmt=png|https://mmbiz.qpic.cn/mmbiz_png/JuHKsibDbKnfzGeGGCgW1r7RC5P7xGYGZ5ibcJykpU2zoTV9ubsjrdaa6QsHWuj5ugQe7gxxdj5BIiaibP4gpX78Zw/640?wx_fmt=png|https://mmbiz.qpic.cn/mmbiz_png/JuHKsibDbKnfzGeGGCgW1r7RC5P7xGYGZfXEBfoicTIABzYR99TNoRQvLec77wtibdz79GDeFAibaGP57LZPfSUL6A/640?wx_fmt=png|https://mmbiz.qpic.cn/mmbiz_png/JuHKsibDbKnfzGeGGCgW1r7RC5P7xGYGZBzg1KvviaicIa979uNhOsknfIeW2qibKEHtlJiavu3AdQEVf0tibOZiaE3sA/640?wx_fmt=png|https://mmbiz.qpic.cn/mmbiz_png/JuHKsibDbKnfzGeGGCgW1r7RC5P7xGYGZjCN15icN3BIXTDc9ZlvwtticdfwHjXpN6mzDaPTJ413ytMEQJtx4HYQg/640?wx_fmt=png|https://mmbiz.qpic.cn/mmbiz_png/JuHKsibDbKnfzGeGGCgW1r7RC5P7xGYGZ4RJQPr2iaJ5FiaTQEJYprandcibRyPgBkpOq3Vea71F13M8jruHmb7ANg/640?wx_fmt=png|https://mmbiz.qpic.cn/mmbiz_png/JuHKsibDbKnfzGeGGCgW1r7RC5P7xGYGZEJCxghHmUpe8KulqfmGqaL7RbJoCOsgPcPJmhjSE6KicoibD4oD0WfOw/640?wx_fmt=png|https://mmbiz.qpic.cn/mmbiz_png/JuHKsibDbKnfzGeGGCgW1r7RC5P7xGYGZyb8zD6Ps0OuIHJCl2RrZxiam7WxCEpjrSuibmY8UYe0I93mAK9q1aJgw/640?wx_fmt=png|https://mmbiz.qpic.cn/mmbiz_png/JuHKsibDbKnfzGeGGCgW1r7RC5P7xGYGZX50FOtVPtl6KIWqGW8pPTHLkenk3tTAJXAQo8qicewRgbNLCFkp1OAw/640?wx_fmt=png|https://mmbiz.qpic.cn/mmbiz_png/JuHKsibDbKnfzGeGGCgW1r7RC5P7xGYGZyphaWQYGr3cgxGxo8OU51z3bq3yp10nEKZRbWcTMJ19nCrddDiaeNAA/640?wx_fmt=png|https://mmbiz.qpic.cn/mmbiz_png/JuHKsibDbKnfzGeGGCgW1r7RC5P7xGYGZMbbvE7rUGZhKAsRsRHhzsfJ7JxuAGQM8pE9libPic0kqYRIUbqWTlgew/640?wx_fmt=png|https://mmbiz.qpic.cn/mmbiz_png/JuHKsibDbKnfzGeGGCgW1r7RC5P7xGYGZiazELwEmPVSdcMGFSDFqlbicyITGP0zbZLMpykmQsSmKOm4m0UCMSq9w/640?wx_fmt=png|https://mmbiz.qpic.cn/mmbiz_png/JuHKsibDbKnfzGeGGCgW1r7RC5P7xGYGZiae7ElX7KJ1C7ib4xxvZQwEst5fdPQC4YOaNWS9CV8ddm52kKgmNC8Ww/640?wx_fmt=png|https://mmbiz.qpic.cn/mmbiz_png/JuHKsibDbKnfzGeGGCgW1r7RC5P7xGYGZoVZWmw0icB7fnDdlFelLjE21aST8enMsSP2rsvoPlEUPfa5031bzrsg/640?wx_fmt=png|https://mmbiz.qpic.cn/mmbiz_png/JuHKsibDbKnfzGeGGCgW1r7RC5P7xGYGZsYB2bDkOU6L4jbiaCaA7HfHTnciaTV32dqe9szKeC9WQrHBd3WuBLEYw/640?wx_fmt=png|https://mmbiz.qpic.cn/mmbiz_jpg/JuHKsibDbKnfzGeGGCgW1r7RC5P7xGYGZdboEckTgwI75fUMt8LS644IOgNhiaxvnMILwh0mUfBKhlAAWIv6A6uQ/640?wx_fmt=jpeg|https://mmbiz.qpic.cn/mmbiz_jpg/JuHKsibDbKnfzGeGGCgW1r7RC5P7xGYGZdSb5Qn7Eoxp550SxKbW229NGba8VkwNJEaXePsyiaen5UtLlhiarL5OA/640?wx_fmt=jpeg|https://mmbiz.qpic.cn/mmbiz_png/JuHKsibDbKnfzGeGGCgW1r7RC5P7xGYGZbTnlL5fDuPvu1Gnd29s6Cjbib6lBmU6ZXaKgFSXicRO5cZwhQq2FibIpA/640?wx_fmt=png|https://mmbiz.qpic.cn/mmbiz_jpg/JuHKsibDbKnfzGeGGCgW1r7RC5P7xGYGZjaN8PB6ttvVtBuFbUrzHVwoouXK5LovzmQZiciakmdchdzENRibzlRmLA/640?wx_fmt=jpeg|https://mmbiz.qpic.cn/mmbiz_png/JuHKsibDbKnfzGeGGCgW1r7RC5P7xGYGZ1nic3sPx5GibU8LbOVL4U18NppicGCcicXj7hoBI3CPGibz1TlLfviaRqdZw/640?wx_fmt=png|https://mmbiz.qpic.cn/mmbiz_png/JuHKsibDbKnc4LNKSgYpYkA1bsmwHsgFZQ0kMM9u8wDxMf4q4jP5qnaLWmOrUTic9wYXv5RaFFwnX0RmXOGuDBicg/640?wx_fmt=png]]></image>
</data>
