<data>
  <id><![CDATA[52275380]]></id>
  <url><![CDATA[https://mp.weixin.qq.com/s?timestamp=1542193140&src=3&ver=1&signature=BCr3pR2wzFii2UXcw1UHeYgJePNycaPJnukU17uk3qLa0HQ4U*OtaXcJGiYEwYXbZPeOXUqFtYYPUlmiPuIDZNXuklfxxOeo6FU8MKrmEf9OIldrfPYlXiuKM75VUmyuMcOFJ1ySLsgerzEHC6uM*pWUazvxmubPUGqUrTDOP30=]]></url>
  <title><![CDATA[布局405个城市途虎养车打造“超级车主日”]]></title>
  <content><![CDATA[每年一度的双十一电商购物节即将到来，这吸引了线上线下亿万级网友的关注。但在热闹的购物过程中，有车一族开始纳闷，传统汽车后市场为什么至今没有一个类似的节日来反馈车主用户？殊不知，中国领先的汽车养护品牌途虎养车携手全球领先的轮胎制造商德国马牌轮胎，在今年推出了这个行业的第一个“超级车主日”。11月9日，途虎超级车主日当天，其电商平台首页就推出了德国马牌轮胎车辆养护三件套优惠活动，吸引了不少车主收藏购买。据途虎养车方面透露，这次“超级车主日”将针对不同城市的车主朋友定制折扣内容和礼品。例如，购买德国马牌轮胎适配轮胎等养护套装，就会赠送刹车养护油。其中，满999元减100元、满1999元减200元等专属优惠券也得到了广大车主的哄抢。值得一提的是，从11月1日到12月8日，途虎养车线下门店将更换全国车贴为德国马牌轮胎x途虎的定制款车贴。除北京、广东、海南以外的途虎养车用户，只要贴有这种专属车贴，此后进店将享受8大权益，包括免费充氮、免费添加玻璃水、免费常规检查等。该活动一经面世，不少车主还专门驱车到途虎门店进行车贴更换。这种不限次数的专属优惠，在行业以内屈指可数。甚至有车主说道，“这样的车贴才有真正的社群归宿感”“没想到途虎让我实现了终身德国马牌轮胎使用者”。但不止于此，途虎养车还为德国马牌轮胎超级车主准备了更为丰厚的福利。根据活动介绍，其将在“超级车主日”期间，每天抽取一名超级VIP车主，提供终身免费换胎服务。140多年来，德国马牌轮胎因其卓越的轮胎技术而闻名，在保证安全的前提下让车主舒适安逸地畅享驾驶乐趣，而超级VIP车主可以在该车辆驾驶期限内每5年免费更换一次德国马牌轮胎，应当属于汽车养护领域里的“锦鲤”了。不得不说，优惠力度如此之大的途虎超级车主日，瞬间成为了有车一族圈层里热议的话题。在微信朋友圈、微博等社交平台上，不少车主开始纷纷转发途虎超级车主日活动。而针对主动参与到途虎超级车主日当中来的用户，途虎养车表示，他们可以获得途虎提供的多类赠品。据称，车主朋友可以通过积分兑换的方式换取这些赠品，而其中的超级赠品便是iPhone XS Max。而积分获取的方式大致有三种，一是购买轮胎可直接兑换等额积分，二是转发活动可每天领取积分，三是邀约朋友助力获取随机积分。欢迎转发点赞转载请联系授权更多精彩内容国外大品牌纷纷调低业绩预期，而国内轮胎企业却利润暴涨！大批轮胎企业环保违法遭巨额罚款！轮胎涨价箭在弦上好轮胎都有哪些？奚仲奖告诉你！倍耐力、贵州、金宇等19家轮胎企业强势涨价！来势汹汹！固铂升级版AT3家族轮胎推三款新品 荣获“SEMA 2018年度最佳轮胎产品奖”商用车胎哪家强？快看奚仲奖评选！轮胎人被炸身亡 妻子嚎啕痛哭！产品远销200个国家！ 昊华轮胎SEMA展彰显产品魅力！浦林成山亮相SEMA展 彰显中国品牌力量！创新第二代吸附技术 佳通全系冬季轮胎全新上市责任编辑 | 陈晓辉点击【阅读原文】参与百强轮胎门店评选！]]></content>
  <author><![CDATA[车与轮精英轮胎店主联盟]]></author>
  <time>2018-11-08 18:24:08</time>
  <account><![CDATA[TIREDEALER]]></account>
  <image><![CDATA[https://mmbiz.qpic.cn/mmbiz_gif/JuHKsibDbKnfZlLwo9DoDhjYTxJe9QDzcyI12pqC0Auw8ZHzUI8nmjHdueMMYF2s4luAH0TZ1eGRXzcYQ9rDsvA/640?wx_fmt=gif|https://mmbiz.qpic.cn/mmbiz_jpg/JuHKsibDbKnfLcKcUJucatzV8TkQlAU7dobIt7XicnjA7TdoD6U73QicyHobyU8U5AmXcproKOnYAGkebwDZsqSjA/640?wx_fmt=jpeg|https://mmbiz.qpic.cn/mmbiz_png/JuHKsibDbKnfo5ia2recbI5vyVcXEyQ8A1ZEAjRxlF31ONNrzwqVHrnaPvW7gk5Etw6ORSvFzO7eNib9VAmvutMJg/640?wx_fmt=png|https://mmbiz.qpic.cn/mmbiz_png/JuHKsibDbKnfo5ia2recbI5vyVcXEyQ8A13vdfOCfSSg8bc2QRbcdSHugVYA3Y7vYd5yuPKVzvggvSPibc7Sic7iaMA/640?wx_fmt=png|https://mmbiz.qpic.cn/mmbiz_png/JuHKsibDbKnfo5ia2recbI5vyVcXEyQ8A165xStwAgiaRF3PehiaZt0vPK3iawhFnDBehuiaB5MbnG8oyD2oSu2wlmiaw/640?wx_fmt=png|https://mmbiz.qpic.cn/mmbiz_png/JuHKsibDbKnfo5ia2recbI5vyVcXEyQ8A1FbvSmKRt2RJwXItTmSuiabV1znBIy3hJjdj6Q5VxiaTSLfL74OnGM57Q/640?wx_fmt=png|https://mmbiz.qpic.cn/mmbiz_png/JuHKsibDbKnc4LNKSgYpYkA1bsmwHsgFZQ0kMM9u8wDxMf4q4jP5qnaLWmOrUTic9wYXv5RaFFwnX0RmXOGuDBicg/640?wx_fmt=png]]></image>
</data>
