<data>
  <id><![CDATA[52275380]]></id>
  <url><![CDATA[https://mp.weixin.qq.com/s?timestamp=1542193140&src=3&ver=1&signature=BCr3pR2wzFii2UXcw1UHeYgJePNycaPJnukU17uk3qLa0HQ4U*OtaXcJGiYEwYXbZPeOXUqFtYYPUlmiPuIDZNXuklfxxOeo6FU8MKrmEf8TwquMghY1T5MJO3NvkAYtSXRYO04Qplg7J5fRRzAJwFr0FSAHI0L7NfLK5UfdIMo=]]></url>
  <title><![CDATA[工厂裁员关闭、业绩疲软、股价暴跌，米其林轮胎风波不断！]]></title>
  <content><![CDATA[当地时间11月15日，米其林集团宣布，将于2020年关闭位于苏格兰邓迪的一家轮胎工厂，该工厂只能生产16英寸或更小的乘用车轮胎。米其林表示，市场上更大尺寸的轮胎正在被加速采用，使得该工厂的生产无法持续下去。米其林称“转向更大的轮胎”是公司的一次深刻的变革，并表示尽管公司已经尝试调整邓迪工厂，近年来花费了7000万欧元，但发现还是无法实现完全转型。据了解，英国邓迪工厂已有47年的历史，员工共845名。米其林称，现阶段首要任务是为员工解决后顾之忧，以获得他们对关闭工厂的支持。根据英国法律，米其林须在两周内，与员工和工会组织协商关闭工厂事宜，以及再就业措施。此外，米其林还表示，其卡车轮胎翻新业务以及其在英国的所有产品和服务的销售和分销将继续进行。为了资助这项业务，米其林集团将在2018年12月31日的合并财务报表中记录约1.55亿欧元的非经常性费用。关闭工厂并非个例其实在今年上半年，米其林已经停止了一家经营49年的北爱尔兰卡车轮胎工厂的生产。并表示，449名北爱尔兰员工已经找到新工作，被调到其他米其林地区或退休。据米其林介绍，北爱尔兰工厂的关闭是米其林在英国乘用车和轻型卡车轮胎，以及翻新市场增长领域进行的更广泛重组的一部分。财务数据显现颓势米其林在10月份公布了其2018年的9个月业绩：米其林2018年第三季度的营业额约为442.91亿，2017年同期营收约为420.82亿。2018前三季度营业额约为1279.2亿，去年同期米其林公司营业额约1293.16亿。数据表明，第三季度米其林的营收上涨，但是综合前三季度米其林的营收比去年还是处于下降趋势。米其林公司在财报中指出，预计第四季度乘用车、轻卡以及卡车轮胎市场会进一步显现颓势，需求已经在缩减。特别是中国市场！所以下调了2018年的预期，并作出修正和调整。股票价格暴跌就在公布财务数据不久，米其林股价就跌至七年来最低点！让人大跌眼镜。十月下旬，轮胎制造商米其林股价暴跌11.2%，直至10月24日，股价降至七年来最低点，每股仅85.5欧元。股价的大幅波动恰好赶上第三季度财报发布，这表明资本市场对米其林未来走势并不看好，也表明，中国汽车需求放缓和新的排放检测规定，对米其林在中国市场的销量影响很大。巴克莱欧洲股票策略师Emmanuel Cau表示：“那些令人失望的公司总是受到更严厉的惩罚，但鉴于目前市场的趋势，投资人的反应比往常更强烈。”小邦说：1889年，米其林集团发明了首条自行车可拆卸轮胎。1895年，米其林发明了首条轿车用充气轮胎。随后一直创新不断，成为了世界上数一数二的轮胎巨头。然而，这个有着一百多年历史的企业，最近频出的负面消息，冲击着公众的眼球：工厂关停、策略调整、营收疲软、股价下跌。一些行业人士不免对米其林的未来产生了怀疑。米其林的前景如何？是战略调整成功，一跃取代普利司通，还是走向颓靡，一蹶不振呢？我们拭目以待。欢迎转发点赞转载请联系授权更多精彩内容国外大品牌纷纷调低业绩预期，而国内轮胎企业却利润暴涨！大批轮胎企业环保违法遭巨额罚款！轮胎涨价箭在弦上好轮胎都有哪些？奚仲奖告诉你！倍耐力、贵州、金宇等19家轮胎企业强势涨价！来势汹汹！固铂升级版AT3家族轮胎推三款新品 荣获“SEMA 2018年度最佳轮胎产品奖”商用车胎哪家强？快看奚仲奖评选！轮胎人被炸身亡 妻子嚎啕痛哭！产品远销200个国家！ 昊华轮胎SEMA展彰显产品魅力！浦林成山亮相SEMA展 彰显中国品牌力量！创新第二代吸附技术 佳通全系冬季轮胎全新上市责任编辑 | 吴世杰点击【阅读原文】参与百强轮胎门店评选！]]></content>
  <author><![CDATA[车与轮精英轮胎店主联盟]]></author>
  <time>2018-11-08 18:24:08</time>
  <account><![CDATA[TIREDEALER]]></account>
  <image><![CDATA[https://mmbiz.qpic.cn/mmbiz_gif/JuHKsibDbKnfZlLwo9DoDhjYTxJe9QDzcyI12pqC0Auw8ZHzUI8nmjHdueMMYF2s4luAH0TZ1eGRXzcYQ9rDsvA/640?wx_fmt=gif|https://mmbiz.qpic.cn/mmbiz_jpg/JuHKsibDbKnfLcKcUJucatzV8TkQlAU7dobIt7XicnjA7TdoD6U73QicyHobyU8U5AmXcproKOnYAGkebwDZsqSjA/640?wx_fmt=jpeg|https://mmbiz.qpic.cn/mmbiz_png/JuHKsibDbKnfGCXf5SiaHutoZ7m7Xmsh4rJKoibBZ0HnAjSIUlicDrN8Kria5Y2og6F88YZKzE37biapqKpK2MPvNg8w/640?wx_fmt=png|https://mmbiz.qpic.cn/mmbiz_jpg/JuHKsibDbKnfGCXf5SiaHutoZ7m7Xmsh4r0VpYWicOCGdicvZj0fUx3junmPYJcWesOicpMW8W4ggHZkaTYUcVL122A/640?wx_fmt=jpeg|https://mmbiz.qpic.cn/mmbiz_jpg/JuHKsibDbKnfGCXf5SiaHutoZ7m7Xmsh4rguKLU6fbjlYkStwvCQZBfbcrDk0EooK1UdKteXrGLI57Cgsy3WODDQ/640?wx_fmt=jpeg|https://mmbiz.qpic.cn/mmbiz_jpg/JuHKsibDbKnfGCXf5SiaHutoZ7m7Xmsh4r99UPo6Wo9JIOuxBXJeYH8Szh1FqfNS7ZgnOeNYBYibQ6VOGiaOfdUuuQ/640?wx_fmt=jpeg|https://mmbiz.qpic.cn/mmbiz_png/JuHKsibDbKnfGCXf5SiaHutoZ7m7Xmsh4r7DLicuF5eo3lHGLgeTKPSEWzMvNbLibj67BdPic3SjDXaet1RjrezMZoQ/640?wx_fmt=png|https://mmbiz.qpic.cn/mmbiz_png/JuHKsibDbKnfo5ia2recbI5vyVcXEyQ8A1kcdw1jdzH11UrjHqEysfNiaicTPgeY3FNcrYoMgGzOR9ibOkM4ia2XUtTA/640?wx_fmt=png|https://mmbiz.qpic.cn/mmbiz_jpg/JuHKsibDbKnfo5ia2recbI5vyVcXEyQ8A1SFiceBib9F92XsSibXTTW4GHYRwtDt9jeUAiakWvgqLQLXLYKPtsqrs61w/640?wx_fmt=jpeg|https://mmbiz.qpic.cn/mmbiz_png/JuHKsibDbKnc4LNKSgYpYkA1bsmwHsgFZQ0kMM9u8wDxMf4q4jP5qnaLWmOrUTic9wYXv5RaFFwnX0RmXOGuDBicg/640?wx_fmt=png]]></image>
</data>
