<data>
  <id><![CDATA[52275380]]></id>
  <url><![CDATA[https://mp.weixin.qq.com/s?timestamp=1542193140&src=3&ver=1&signature=BCr3pR2wzFii2UXcw1UHeYgJePNycaPJnukU17uk3qLa0HQ4U*OtaXcJGiYEwYXbZPeOXUqFtYYPUlmiPuIDZL0TDFoTtWZ8Y69dRuMe2Te4k9t-inmRS98I9REqUSxTzrRjh5dQJaJHJUVS4RZW6n5jybXxP9qhye4lSKA2fkc=]]></url>
  <title><![CDATA[轮胎店主告诉你：轮胎缺气这样做！]]></title>
  <content><![CDATA[相信很多车主都会遇到这种情况：前几天才给轮胎充的气，过几天又变瘪了。这种轮胎慢慢跑气的问题确实很愁人，毕竟不是自行车，隔三差五的充气确实费时费力。轮胎是保证行驶安全的重要部件之一，如果出现问题，车主开车也不安稳。这里，说说轮胎出现暗漏现象该怎么自检，以便及时更换！轮胎侧面及内沿破损有些车主位置感不佳，经常让轮胎侧面蹭马路牙子，久而久之就会磨损轮胎侧面。轮胎内沿的破损，则是由于往轮毂上拆装轮胎时操作失误导致的，这种情况基本出现在换装新轮胎或补胎后安装轮胎的环节上。轮胎侧面和内沿破损，都会造成轮胎暗漏，还会有很高的爆胎风险。检查方法：轮胎侧面受损程度可以直接观察出来，严重时会出现开裂和鼓包，只要发现这种情况，一定要尽早更换新轮胎，以免出现爆胎的意外。轮胎内沿是否破损，则需要拆卸轮胎后才能检查，因此车主在维修店拆装轮胎时，可要认真监督维修工的操作方式。异物扎进轮胎扎到异物是轮胎最常见的损伤。容易扎进轮胎的异物包括铁钉、螺丝、铁丝、玻璃碎片、尖石子、瓦片等。在这些异物当中，铁钉和螺丝最容易将轮胎刺穿，造成轮胎暗漏，而且还会插在轮胎破损处，不及时清理的话，可能会加剧轮胎破损部位的破损程度。检查方法：轮胎扎到异物，我们只要细心观察轮胎表面就能发现。假如异物扎到的部位比较隐蔽，我们还可以往轮胎表面洒水，找到有气泡冒出的地方，有时甚至能听到“嘶嘶”的泄气声。轮毂凸缘变形汽车轮胎充满气后，轮胎外沿会与轮毂凸缘紧密贴合，防止轮胎内的气体泄漏。如果轮毂凸缘遭到碰撞变形，就会影响其与轮胎外沿的密合度，造成轮胎暗漏。检查方法：假如轮毂凸缘严重变形，我们用肉眼就能发现；若轮毂凸缘变形不明显，则需要先卸下车轮，然后往轮胎与轮毂的连接部位洒水，产生气泡的地方，就是轮毂变形造成暗漏的部位。轮毂破裂轮毂破裂这种情况比较少见。轮毂破裂，会导致真空胎内部气体从裂缝处泄漏，小裂缝也会成为轮毂断裂的隐患。可以说，这种情况虽然少见，但危险程度极高。检查方法：检查需要将车轮卸下，然后察看轮毂表面及内壁是否有裂纹存在。若轮毂不幸出现裂纹，那就别指望能修补好，赶紧更换新轮毂才算保险。欢迎转发点赞转载请联系授权更多精彩内容国家发布轮胎行业重大利好政策 价格战或卷土重来这12种轿车问题轮胎，三包胎厂家也不赔！这位车主的表现，真“丑”！天猫、康众、汽车超人合资成立“新康众”，启动天猫车站门店认证！广饶政府：欠账必须还  重点打击非法集资轮胎企业！转发！轮胎充气10米内都是危险区，已有多人遇害！2018！中国最好的100家轮胎汽服门店评选再次开启玛吉斯R19征服魔鬼赛道，荣誉与骄傲满载而归中国市场定制版高端润滑油 伊佩克润滑油全球上市一行字三幅图 陆通轮胎刷爆朋友圈！责任编辑 | 陈晓辉点击【阅读原文】参与百强轮胎门店评选！]]></content>
  <author><![CDATA[车与轮精英轮胎店主联盟]]></author>
  <time>2018-11-04 18:31:46</time>
  <account><![CDATA[TIREDEALER]]></account>
  <image><![CDATA[https://mmbiz.qpic.cn/mmbiz_gif/JuHKsibDbKnfZlLwo9DoDhjYTxJe9QDzcyI12pqC0Auw8ZHzUI8nmjHdueMMYF2s4luAH0TZ1eGRXzcYQ9rDsvA/640?wx_fmt=gif|https://mmbiz.qpic.cn/mmbiz_jpg/JuHKsibDbKnfLcKcUJucatzV8TkQlAU7dobIt7XicnjA7TdoD6U73QicyHobyU8U5AmXcproKOnYAGkebwDZsqSjA/640?wx_fmt=jpeg|https://mmbiz.qpic.cn/mmbiz_png/7JwhrV0XURABsEZWuAK3ibiaRCYbQe4zl1J11icdgicLcozZSibTeibRdUwXicO8OhyK6xwySicSvcE8sSLWKicNcC3Nb9g/640?|https://mmbiz.qpic.cn/mmbiz_png/7JwhrV0XURABsEZWuAK3ibiaRCYbQe4zl1mAcz5akPFop3ZCo4LPy8O5NgibKWLicaNjsYIGjrFE7pa2iau1WECfx3A/640?|https://mmbiz.qpic.cn/mmbiz_jpg/7JwhrV0XURABsEZWuAK3ibiaRCYbQe4zl1RUZPRUyCw08qG4VJzZ7N5LfxEYMLMeVWDnfstgtn1d9jZo8HYY6NHQ/640?|https://mmbiz.qpic.cn/mmbiz_png/7JwhrV0XURABsEZWuAK3ibiaRCYbQe4zl1q8icg3UYxUV1AOAAEoC8Dhobeo6mk54Uzqic7ZI4qtP1qxp0IswOjKxw/640?|https://mmbiz.qpic.cn/mmbiz_png/JuHKsibDbKnc4LNKSgYpYkA1bsmwHsgFZQ0kMM9u8wDxMf4q4jP5qnaLWmOrUTic9wYXv5RaFFwnX0RmXOGuDBicg/640?wx_fmt=png]]></image>
</data>
