<data>
  <id><![CDATA[52275380]]></id>
  <url><![CDATA[https://mp.weixin.qq.com/s?timestamp=1542193140&src=3&ver=1&signature=BCr3pR2wzFii2UXcw1UHeYgJePNycaPJnukU17uk3qLa0HQ4U*OtaXcJGiYEwYXbZPeOXUqFtYYPUlmiPuIDZCbYiNe3QgaSbtCfmND5ybTwN8uIZc8W4q4TUCOLgOdrp6U-0YxEijbNMuOgDdaVJqjdl9bab*H5awYrHo41FL4=]]></url>
  <title><![CDATA[因修车讨价还价，汽修师傅被砍死！凶手被执行死刑！]]></title>
  <content><![CDATA[2018年11月2日9时30分许，江西景德镇市中级人民法院依法宣判的故意杀人案真凶陈某根，在验明正身后，被以注射方式执行了死刑。罪犯陈某根系江西省乐平市乐港镇人。2015年9月11日，因修理电动车价格谈不拢，与同村潘某发生争吵，遂怀恨在心。同月13日，陈某根翻墙进入潘某家中，持院内一根钢管潜伏于房内，待潘某进入时发起袭击，后在扭打中将潘某击倒，并连续猛击其后脑、后颈，致潘某死亡。视频链接如下：陈某根犯故意杀人罪，因手段残忍，情节、后果严重，被景德镇市中级人民法院判处死刑、剥夺政治权利终身。江西省高级人民法院二审裁定维持原判，最高人民法院依法予以核准。正义也许会迟到，但绝不会缺席。愿在天堂的潘师傅得以安息。近年来，轮胎人因与顾客出现价格争议而挨打挨砍的消息屡见不鲜。江西汽修工挨打事件今年5月份，江西省新余市一高速服务区的修理厂里，一位车主因为轮胎充气贵，与修理厂员工打了起来。司机李某来给轮胎充气，高速服务区的修理厂员工讲明一个轮胎10元，四个胎40元，李某质疑太贵了，修理厂员工表示就是这么贵！之后司机李某找寻到修理厂负责人，负责人则同样的态度表示价格就是10元，并说：“要不你就别加。”李某表示自己的轮胎没气必须要加，最后两人因为价格的问题上吵了起来，最后吵着吵着就打起来了！对此，新余服务区方面表示，修理厂内所有的修理维护费都有明码标价，墙壁上也贴有投诉电话，消费者如果觉得价格过高，应当及时向他们反映。汽修工作：艰苦又危险汽修行业在现代社会上属于一个高危职业。也许有很多人没有亲眼目睹轮胎在充气过程中爆炸那惊魂的一幕，但这样的悲剧还是时有发生的。比如近日，江苏常州的一家轮胎店，轮胎工人在给轮胎充气时，不幸被炸身亡。妻子在一旁嚎啕大哭，场面一度失控。太多危险事故发生在轮胎人身上，然而还有人对轮胎人误解颇深。汽修师傅不是资本家汽修师傅只是靠技艺过活的一群劳动人民，他们不是资本家！他们用自己的技术为老百姓提供修车服务。而现在行业竞争如此激烈，没有哪个修理工可以无视成本，漫天要价！他们兢兢业业地工作，他们起早贪黑地服务，而当各行各业都开始涨价，修车师傅的补胎价格还是多年来一样，无非就是希望多留一个客户。但这不是消费者无视服务、巧取豪夺的理由。轮胎人也有心累的时候，他们希望他们无微不至的服务，能换来顾客的一声称赞，一张笑脸，而不是冷面砍价，拳打脚踢。已经有太多太多的悲剧发生在勤劳的轮胎人身上如果基督永生，菩萨常在今天，他们也会和我们一起为那些怀揣着委屈，不幸离世的轮胎人默哀！欢迎转发点赞转载请联系授权更多精彩内容国外大品牌纷纷调低业绩预期，而国内轮胎企业却利润暴涨！大批轮胎企业环保违法遭巨额罚款！轮胎涨价箭在弦上好轮胎都有哪些？奚仲奖告诉你！倍耐力、贵州、金宇等19家轮胎企业强势涨价！来势汹汹！固铂升级版AT3家族轮胎推三款新品 荣获“SEMA 2018年度最佳轮胎产品奖”商用车胎哪家强？快看奚仲奖评选！轮胎人被炸身亡 妻子嚎啕痛哭！产品远销200个国家！ 昊华轮胎SEMA展彰显产品魅力！浦林成山亮相SEMA展 彰显中国品牌力量！创新第二代吸附技术 佳通全系冬季轮胎全新上市责任编辑 | 吴世杰点击【阅读原文】参与百强轮胎门店评选！]]></content>
  <author><![CDATA[车与轮精英轮胎店主联盟]]></author>
  <time>2018-11-11 18:28:30</time>
  <account><![CDATA[TIREDEALER]]></account>
  <image><![CDATA[https://mmbiz.qpic.cn/mmbiz_gif/JuHKsibDbKnfZlLwo9DoDhjYTxJe9QDzcyI12pqC0Auw8ZHzUI8nmjHdueMMYF2s4luAH0TZ1eGRXzcYQ9rDsvA/640?wx_fmt=gif|https://mmbiz.qpic.cn/mmbiz_jpg/JuHKsibDbKnfLcKcUJucatzV8TkQlAU7dobIt7XicnjA7TdoD6U73QicyHobyU8U5AmXcproKOnYAGkebwDZsqSjA/640?wx_fmt=jpeg|https://mmbiz.qpic.cn/mmbiz_jpg/JuHKsibDbKne4t0zAbP3nXDaibHO2Js5g6wnwrXXFA4jYTZT1ZeZpME3mwbaxYiania51iasUzc1UicMfzuQQB3xRkJw/640?wx_fmt=jpeg|https://mmbiz.qpic.cn/mmbiz_jpg/JuHKsibDbKne4t0zAbP3nXDaibHO2Js5g6N23bryylBxB1ca05yYMxkuVPoyYVo3Pp9wwfr7YAJmOpz8mcl0ZibeA/640?wx_fmt=jpeg|https://mmbiz.qpic.cn/mmbiz_jpg/JuHKsibDbKnfzw3zal7oicfKgKfFC6zgfTDzveQMKpAMqTTFpnCXShJicibDKEE0zXMKyaTJbMtQpLcSEicljdFdapw/640?wx_fmt=jpeg|https://mmbiz.qpic.cn/mmbiz_jpg/JuHKsibDbKnfzw3zal7oicfKgKfFC6zgfT6RibATwxib4icQAR4iarp8l06X9S6Wa1CUZq6GMUucnzOicibicnSZZ09wxBw/640?wx_fmt=jpeg|https://mmbiz.qpic.cn/mmbiz_jpg/JuHKsibDbKnfzw3zal7oicfKgKfFC6zgfTGgQ6XDcQgXBemSMwXlSonhkCKG3ouWDhRZdibywj807Lh282V8Ev8pw/640?wx_fmt=jpeg|https://mmbiz.qpic.cn/mmbiz_jpg/JuHKsibDbKnfzw3zal7oicfKgKfFC6zgfT8dwwAGyzRibD9xKZqUVUNiag8ZsodRTtwnskIp9KZeY46PibUQcY3x6gg/640?wx_fmt=jpeg|https://mmbiz.qpic.cn/mmbiz_jpg/JuHKsibDbKne4t0zAbP3nXDaibHO2Js5g6cXfVPNCO25vojgetE1fFhUWstHrJfucxVOv4tlS3LuaOvw97CFEkyA/640?wx_fmt=jpeg|https://mmbiz.qpic.cn/mmbiz_jpg/JuHKsibDbKne4t0zAbP3nXDaibHO2Js5g6xETibBxcGyia8UqD2nahQgdGnibqKtNdtsDpKZwVQz1yFnrURV6QKibocg/640?wx_fmt=jpeg|https://mmbiz.qpic.cn/mmbiz_png/JuHKsibDbKnc4LNKSgYpYkA1bsmwHsgFZQ0kMM9u8wDxMf4q4jP5qnaLWmOrUTic9wYXv5RaFFwnX0RmXOGuDBicg/640?wx_fmt=png]]></image>
</data>
