<data>
  <id><![CDATA[52275380]]></id>
  <url><![CDATA[https://mp.weixin.qq.com/s?timestamp=1542193140&src=3&ver=1&signature=BCr3pR2wzFii2UXcw1UHeYgJePNycaPJnukU17uk3qLa0HQ4U*OtaXcJGiYEwYXbZPeOXUqFtYYPUlmiPuIDZP6ywvjNIY194iVtOhXZzDxz86Ib24W9RYlqN5GbJzvK0XQXISuS-6QH26OT1vR4Tiqp2qH4mLiSvYyn9KmCSkU=]]></url>
  <title><![CDATA[店主必看！轮胎店业绩增长的15个秘诀！]]></title>
  <content><![CDATA[随着电商发展，线下轮胎店生意越来越难做。 但是如果店主做好相关的准备，多了解一些提升业绩的技巧，经营状况还是会得到很大改善的。今天小邦就来说说关于提升轮胎店业绩的15个小秘诀。1、坚持在轮胎店周边派发宣传品，邀请顾客进店！小区附近、电梯、凉亭都是宣传的好地点。2、要让店内的每一个员工都忙起来，制造门店生意很好的感觉！如果车主第一眼看见你的门店里大家都在闲着，那必然会认为你的门店生意不好，那还怎么放心让你换轮胎呢？3、保证店内销售额最高的轮胎永远不缺货。冷门轮胎少存货，热门轮胎多存货。对车主来说，不缺货是一个轮胎店实力强大的表现。4、如果有车主带了小孩进店，送给小孩一个吹好了的气球。服务好车主还不够，车主的家人对你的印象也很重要。一个气球并不贵，但是带来的好印象却能带来意想不到的价值。5、进门的通道和店内的通道必须保持通畅，不能被任何车辆和杂物阻挡。乱是轮胎店最要不得的。越是容易乱，就越不能乱。当别人的门店乱糟糟，而你的门店干净明亮，车主自然就光顾啦！6、坚持说迎宾语：“您好，欢迎光临。”以及送宾语：您慢走，如果用着好的话，可以跟你的朋友介绍介绍！”礼多人不怪，小邦就有过这种体验，当时轮胎换好了准备走了，轮胎店员工全体起立对我说送宾语，当时就感觉，这家门店有点东西！7、每天营业期间都要有关于门店经营品牌的广告，并配以音乐。从事汽修汽服行业的人都深有体会：店内太嘈杂。嘈杂的环境不仅车主闹心，自己也闹心，所以这时候放一则配上音乐的宣传语就很有必要，既可以宣传自己的经营理念，又能让心情愉悦。8、每天要求每一个员工打有效的顾客回访电话。反馈是经营轮胎店很重要的一环，在顾客使用一段时间后及时回访，不仅能收获重要信息以完善经营，更能展示出一个负责人的门店形象。9、坚持每月一个会员日，会员日必须送会员一份礼品。礼品不需要贵，需要简单，实用，创意好。比如一个轮胎形象的小物件，就很有创意。10、季节性商品提前季节1个月进行主题陈列。比如冬季胎和夏季胎，提前在门店进行专柜陈列能让顾客及早获得提示，并传播给更多的人。11、对消费者来说没有对比就没有优惠，标有原价的特价标志牌更能促进销售。电商就经常使这种花招，将原价和现价来个对比，让顾客觉得自己占了便宜。线下门店也可以这么做，至少对于新顾客来说效果还是很明显的。12、当你足够了解你的客户，发现了他们的喜好，就可以经常在门店陈列一些与轮胎有关，且与目标消费者爱好密切相关的时尚物品或有趣物品。这样他们在你的门店自然能找到志趣相投的感觉。13、尽可能不要让顾客看到店内杂乱无章的存货区、店内仓。可以不收拾，但不能被看到。14、 店内每一个员工都应面带微笑接待顾客。轮胎行业虽然辛苦，但如果能仍然在疲惫的时候保持微笑服务顾客，那顾客必然也能以微笑回应你。15、要敢于炒作节日，不管是中国节日还是外国节日，还是自己创造的节日（比如店庆、会员日）。过节=促销=赚钱。门店每天做一点，业绩提升多一点。15个小技巧都记住了吗？欢迎转发点赞转载请联系授权更多精彩内容国外大品牌纷纷调低业绩预期，而国内轮胎企业却利润暴涨！大批轮胎企业环保违法遭巨额罚款！轮胎涨价箭在弦上好轮胎都有哪些？奚仲奖告诉你！倍耐力、贵州、金宇等19家轮胎企业强势涨价！来势汹汹！固铂升级版AT3家族轮胎推三款新品 荣获“SEMA 2018年度最佳轮胎产品奖”商用车胎哪家强？快看奚仲奖评选！轮胎人被炸身亡 妻子嚎啕痛哭！产品远销200个国家！ 昊华轮胎SEMA展彰显产品魅力！浦林成山亮相SEMA展 彰显中国品牌力量！创新第二代吸附技术 佳通全系冬季轮胎全新上市责任编辑 | 吴世杰点击【阅读原文】参与百强轮胎门店评选！]]></content>
  <author><![CDATA[车与轮精英轮胎店主联盟]]></author>
  <time>2018-11-06 19:47:22</time>
  <account><![CDATA[TIREDEALER]]></account>
  <image><![CDATA[https://mmbiz.qpic.cn/mmbiz_gif/JuHKsibDbKnfZlLwo9DoDhjYTxJe9QDzcyI12pqC0Auw8ZHzUI8nmjHdueMMYF2s4luAH0TZ1eGRXzcYQ9rDsvA/640?wx_fmt=gif|https://mmbiz.qpic.cn/mmbiz_jpg/JuHKsibDbKnfLcKcUJucatzV8TkQlAU7dobIt7XicnjA7TdoD6U73QicyHobyU8U5AmXcproKOnYAGkebwDZsqSjA/640?wx_fmt=jpeg|https://mmbiz.qpic.cn/mmbiz_jpg/JuHKsibDbKndY6HkVHTrkibuC5njRWJqUsppnEdzMterya5ia938HpgrEbs8ricBCZpzdrCCqQybqtWKemTicWI6qjQ/640?wx_fmt=jpeg|https://mmbiz.qpic.cn/mmbiz_jpg/JuHKsibDbKndY6HkVHTrkibuC5njRWJqUsXPqvABJic2F3vUjQLyTFcewMzsicKOkK4DyfueOI0foRrlqyCOXYYmew/640?wx_fmt=jpeg|https://mmbiz.qpic.cn/mmbiz_jpg/JuHKsibDbKndY6HkVHTrkibuC5njRWJqUs3zF0hLicgYj9wMhicUMSWeekBUmcog6vuLZWwnfQ4GUcHOmnU85CW10w/640?wx_fmt=jpeg|https://mmbiz.qpic.cn/mmbiz_jpg/JuHKsibDbKndY6HkVHTrkibuC5njRWJqUslcOzfUn4iaPqomJ5R0oyyNnD3xialvLYz7zR0WbZeFrJHniabNibIysK6g/640?wx_fmt=jpeg|https://mmbiz.qpic.cn/mmbiz_jpg/JuHKsibDbKndY6HkVHTrkibuC5njRWJqUsLKcNXHczW3mILEmSpibhuGadwFzHlbpMd4bzm9IBxmnaMyMXXFIxxibQ/640?wx_fmt=jpeg|https://mmbiz.qpic.cn/mmbiz_jpg/JuHKsibDbKndY6HkVHTrkibuC5njRWJqUs2XKwZ4t7jL6XnVlibDDggfWUXcWGK7BsbBecwCLCIoGicLzCc1zttqYg/640?wx_fmt=jpeg|https://mmbiz.qpic.cn/mmbiz_jpg/JuHKsibDbKndY6HkVHTrkibuC5njRWJqUsaakbibENl9M9QWgVtK47GCIAicSiaBDftK8SG2b2Ly1Do9icLrANgZgyrg/640?wx_fmt=jpeg|https://mmbiz.qpic.cn/mmbiz_jpg/JuHKsibDbKndY6HkVHTrkibuC5njRWJqUsNiarasiawOzxyKysX3uuas7st9lc8pmGibD9GsRXNRLC59MU8pA9En3rQ/640?wx_fmt=jpeg|https://mmbiz.qpic.cn/mmbiz_jpg/JuHKsibDbKndY6HkVHTrkibuC5njRWJqUsAicyyicJHJLD4lejmBxMXWAicZf4aGWkEcZtM0EDXDrJVGvjbibaC08oNg/640?wx_fmt=jpeg|https://mmbiz.qpic.cn/mmbiz_jpg/JuHKsibDbKndY6HkVHTrkibuC5njRWJqUs7XIhm72ibODrF3A0QtM1v7PwD5npxaDFmQhloTQp41Fia9HfYJO99B5A/640?wx_fmt=jpeg|https://mmbiz.qpic.cn/mmbiz_jpg/JuHKsibDbKndY6HkVHTrkibuC5njRWJqUsUfn3f5NkgWR6axGW3galWyj3DAJppdO26DEzc5XZj6eN3tggicLucQg/640?wx_fmt=jpeg|https://mmbiz.qpic.cn/mmbiz_jpg/JuHKsibDbKndY6HkVHTrkibuC5njRWJqUs7hC9xQHFgRAgSHYyCKlnZIjKs8P6M3dzFg25HWIAEia2ENIiaaiclqlpQ/640?wx_fmt=jpeg|https://mmbiz.qpic.cn/mmbiz_jpg/JuHKsibDbKndY6HkVHTrkibuC5njRWJqUsIIqTIH6lre7MYeL2jYa3GSrHFuku5fWRQphWYWWxHRkuT9GaA4BI3w/640?wx_fmt=jpeg|https://mmbiz.qpic.cn/mmbiz_jpg/JuHKsibDbKndY6HkVHTrkibuC5njRWJqUsOhNDUrSz7h5yCSSS7ThhnJIUzpkGEycLfo3JNCRWYnPXfhK20PMCNg/640?wx_fmt=jpeg|https://mmbiz.qpic.cn/mmbiz_jpg/JuHKsibDbKndY6HkVHTrkibuC5njRWJqUsE68Rb3G3HMOEGNyVTlY0aqIyJ4WRVw9f5Y9ibib5Y2cxS8SrqAicJjOEg/640?wx_fmt=jpeg|https://mmbiz.qpic.cn/mmbiz_png/JuHKsibDbKnc4LNKSgYpYkA1bsmwHsgFZQ0kMM9u8wDxMf4q4jP5qnaLWmOrUTic9wYXv5RaFFwnX0RmXOGuDBicg/640?wx_fmt=png]]></image>
</data>
