<data>
  <id><![CDATA[52275380]]></id>
  <url><![CDATA[https://mp.weixin.qq.com/s?timestamp=1542193140&src=3&ver=1&signature=BCr3pR2wzFii2UXcw1UHeYgJePNycaPJnukU17uk3qLa0HQ4U*OtaXcJGiYEwYXbZPeOXUqFtYYPUlmiPuIDZGYnvUqYnEAi3at31Q0KpWWZdlrsXdz3pmIT2k1FoTxTd3FbC5CHS9FkEIU-ntE2Nzp3nhH1Y7DnZiYyGRcf3zM=]]></url>
  <title><![CDATA[这位轮胎人，做这样的事真丢人！]]></title>
  <content><![CDATA[俗话说：“一颗老鼠屎，坏了一锅粥。”近日，福州市就出现了一个给全体补胎人丢脸的人。先是沿路撒钉子扎车胎，然后上去收费补胎，既谋财，又害命！视频链接如下：11月7日上午，民警接到路边群众报警称，有一中年男子近日经常在铜盘路非机动车道沿线放铁钉，当有车胎被扎破时就上前说可以补胎，从中牟利。民警展开调查取证，当场从林某身上搜出铁钉和自制垫片等工具，同时通过询问附近群众，在铜盘路非机动车道沿线发现确有固定于地面的铁钉。经调查，犯罪嫌疑人林某（45岁）为福州本地人，11月6日起连续两天一大早趁行人稀少的时候在路面上安放钉子，然后沿线“守株待兔”，向寻求帮助的人员收取补胎费用5元，换胎费用35元。林某交代，他把两三厘米长的铁钉，用一块方形的半透明垫连着，丢在路边用脚轻轻一踩垫片，铁钉就竖起来了，而且铁钉和路面颜色接近，骑手经过很难发现。随后林某就走到自己放满补胎工具的电动车边，假装若无其事，躲到不远处等候“鱼上钩”。目前，林某因涉嫌故意损毁他人财物罪，被公安机关行政拘留5日。虽然这种行为骗取的金额不多，但钉子会导致车辆突然爆胎，失去平衡，酿成更严重事故，潜在危害极大。网友评价：“无良，缺德，难以置信现在还有人这么干。”网友对此行迹表示愤愤不平。确实，谁遇上这种事情不气愤呢？小邦说：其实补胎一直是雪中送炭的“救援”工作。车主爆胎，停在半路，焦急等待。勤劳的补胎人冒着生命危险，为其排查隐患。风里来，雨里去，他们从未抱怨，勤勤恳恳补胎，凭着本事吃饭。清明、端午、中秋、国庆，全国的补胎人仍在夜以继日地工作，积极响为车主解决困难。所以，小邦真的希望“自导自演”撒钉子的事情不要再次发生，不要给同行丢脸，不要让其他的轮胎人为你蒙羞。欢迎转发点赞转载请联系授权更多精彩内容因修车讨价还价，汽修师傅被砍死！凶手被执行死刑！双11来临，一大批血淋淋的网购问题轮胎来袭！2000公里亲测 朝阳SL369全地形AT胎火山行深度测试：万力SA302对比普利司通ER33 国产缺气保用轮胎更胜一筹涨价到2019年！米其林、固特异领衔20多家轮胎企业涨价！车主图省钱自行换胎身亡 换轮胎要去专业轮胎店！法院查封，债权拍卖，这家轮胎75强企业危在旦夕！质量标杆！锦湖轮胎又获一项政府殊荣！布局405个城市 途虎养车打造“超级车主日”仅仅十二个月，玛吉斯在印度的轮胎经销商超过1000家！责任编辑 | 吴世杰点击【阅读原文】参与百强轮胎门店评选！]]></content>
  <author><![CDATA[车与轮精英轮胎店主联盟]]></author>
  <time>2018-11-12 18:15:06</time>
  <account><![CDATA[TIREDEALER]]></account>
  <image><![CDATA[https://mmbiz.qpic.cn/mmbiz_gif/JuHKsibDbKnfZlLwo9DoDhjYTxJe9QDzcyI12pqC0Auw8ZHzUI8nmjHdueMMYF2s4luAH0TZ1eGRXzcYQ9rDsvA/640?wx_fmt=gif|https://mmbiz.qpic.cn/mmbiz_jpg/JuHKsibDbKnfLcKcUJucatzV8TkQlAU7dobIt7XicnjA7TdoD6U73QicyHobyU8U5AmXcproKOnYAGkebwDZsqSjA/640?wx_fmt=jpeg|https://mmbiz.qpic.cn/mmbiz_jpg/JuHKsibDbKnc7k11PAWXA9iacWX0Vl61KpKqdicNicvZO9EQTs7RwpmuibD5q5jxRFEArMQLEibZmhH4mOodIUKvUVxQ/640?wx_fmt=jpeg|https://mmbiz.qpic.cn/mmbiz_jpg/JuHKsibDbKnc7k11PAWXA9iacWX0Vl61KpvTVfqJG9AesHnten2wiaqdlDTmGnsdic2WGX4MX4ZiaoMicWb0eHfCiaDKQ/640?wx_fmt=jpeg|https://mmbiz.qpic.cn/mmbiz_png/JuHKsibDbKnc7k11PAWXA9iacWX0Vl61KpAfNC7V0s9ba538qHNPeiaOGD2r8LTItW4AXFHnpoL51LdnkZiaJ9I7ng/640?wx_fmt=png|https://mmbiz.qpic.cn/mmbiz_jpg/JuHKsibDbKnc7k11PAWXA9iacWX0Vl61KpXUR8sH5RdRibqs8Tebdlo2icTHNzrE7rYG8wicdh7zfoicprMBvICECovA/640?wx_fmt=jpeg|https://mmbiz.qpic.cn/mmbiz_jpg/JuHKsibDbKnc7k11PAWXA9iacWX0Vl61KpnmLYpcFHoX0LA3sknbibxtibEMbEYqmp3LElgvBevnJjMoTbnUXQGnibQ/640?wx_fmt=jpeg|https://mmbiz.qpic.cn/mmbiz_png/JuHKsibDbKnc4LNKSgYpYkA1bsmwHsgFZQ0kMM9u8wDxMf4q4jP5qnaLWmOrUTic9wYXv5RaFFwnX0RmXOGuDBicg/640?wx_fmt=png]]></image>
</data>
