<data>
  <id><![CDATA[52275380]]></id>
  <url><![CDATA[http://mp.weixin.qq.com/s?__biz=MjM5NjMzNDQyMw==&mid=2651873307&idx=5&sn=ac5559860331f0cf6669b36f9de300dd&chksm=bd0e1e238a799735dfdc0ebb1e05ce6bf12f417e059afcd62db62f6f043d69fdbfe8445f4837&scene=27#wechat_redirect]]></url>
  <title><![CDATA[轮胎爆炸差一点又走了一位轮胎人！]]></title>
  <content><![CDATA[轮胎是一个看上去人畜无害，伤起人来人畜不分的恐怖存在。近年来轮胎充气爆炸伤人的新闻屡见不鲜，前段时间一个轮胎修理师傅命大逃过了一截。视频中的师傅在充气时准备回店铺内，但是就在转身的回去没多久在充气的轮胎瞬间爆炸，在旁闲聊的司机和其他两个师傅都被吓了一跳。轮胎爆胎的威力非常巨大，而卡客车轮胎由于载重量大，所以胎压更加高，爆炸威力也更恐怖。相关汽修专家表示，如果一个足气的轮胎发生爆炸，胎内气体瞬间爆炸在短距离产生的冲击波，足以把人的骨头震断。也有人说，轮胎爆炸的威力堪比手榴弹！不管爆胎是不是可以跟手榴弹相比，轮胎爆炸带来的后果，值得所有人警惕！1、江苏常州薛埠镇店主为轮胎充气爆炸死亡2018年10月28日，江苏常州薛埠镇的一个修车师傅在为轮胎充气的过程中轮胎产生了爆炸，造成师傅当场死亡。一个鲜活的生命就在轮胎的爆炸中消亡。2、祁门县店主安装轮胎爆炸身亡2018年3月13日，祁门县山水名门小区附近的某轮胎店发生一起轮胎爆炸事故，轮胎店主炸伤后经抢救不治身亡，车主受重伤！轮胎工辛辛苦苦赚钱，赚的都是血汗钱啊！操着卖白粉的心，赚着卖白菜的钱！从今年开始，已经有将近30多起，因轮胎爆炸，轮胎工被炸的事情了！轮胎工的命也是命，同样应该被尊重，被重视！同时在这里小邦提醒各位车主和轮胎店主：1.受过较大伤害、有硬伤的轮胎就不要去补了，有时候这种轮胎会很快爆炸损坏，连反应的时间都没有 ！2.汽修师傅在补胎或者充气时一定要注意安全，动手前先检查轮胎，规范操作流程。3.对于不能补的轮胎一定要说“不”，不要拿自己的生命开玩笑！！！在轮胎充气的过程中一定要注意安全，避免轮胎充气突然爆炸伤及自己欢迎转发点赞转载请联系授权更多精彩内容国外大品牌纷纷调低业绩预期，而国内轮胎企业却利润暴涨！大批轮胎企业环保违法遭巨额罚款！轮胎涨价箭在弦上好轮胎都有哪些？奚仲奖告诉你！倍耐力、贵州、金宇等19家轮胎企业强势涨价！来势汹汹！固铂升级版AT3家族轮胎推三款新品 荣获“SEMA 2018年度最佳轮胎产品奖”商用车胎哪家强？快看奚仲奖评选！轮胎人被炸身亡 妻子嚎啕痛哭！产品远销200个国家！ 昊华轮胎SEMA展彰显产品魅力！浦林成山亮相SEMA展 彰显中国品牌力量！创新第二代吸附技术 佳通全系冬季轮胎全新上市责任编辑 | 杨巍点击【阅读原文】参与百强轮胎门店评选！]]></content>
  <author><![CDATA[车与轮精英轮胎店主联盟]]></author>
  <time>2018-11-05 18:52:36</time>
  <account><![CDATA[TIREDEALER]]></account>
  <image><![CDATA[https://mmbiz.qpic.cn/mmbiz_gif/JuHKsibDbKnfZlLwo9DoDhjYTxJe9QDzcyI12pqC0Auw8ZHzUI8nmjHdueMMYF2s4luAH0TZ1eGRXzcYQ9rDsvA/640?wx_fmt=gif|https://mmbiz.qpic.cn/mmbiz_jpg/JuHKsibDbKnfLcKcUJucatzV8TkQlAU7dobIt7XicnjA7TdoD6U73QicyHobyU8U5AmXcproKOnYAGkebwDZsqSjA/640?wx_fmt=jpeg|https://mmbiz.qpic.cn/mmbiz_png/JuHKsibDbKnd7qjbY1h4RpG2bibXvicywpl0ggE0AX6mBfaaCK6UetCia2ibGNZmPq64J6PibndXD9gt4AhbJwLicEVhA/640?wx_fmt=png|https://mmbiz.qpic.cn/mmbiz_png/JuHKsibDbKndWCTfqA80aQ9kx08ypaq6txuj9B2fxFtH66sxF4GCASLaJoLd9GfI3zMV5ibnTJItevYFwq7x02HQ/640?wx_fmt=png|https://mmbiz.qpic.cn/mmbiz_png/JuHKsibDbKnc4LNKSgYpYkA1bsmwHsgFZQ0kMM9u8wDxMf4q4jP5qnaLWmOrUTic9wYXv5RaFFwnX0RmXOGuDBicg/640?wx_fmt=png]]></image>
</data>
