<data>
  <id><![CDATA[52275380]]></id>
  <url><![CDATA[https://mp.weixin.qq.com/s?timestamp=1542193140&src=3&ver=1&signature=BCr3pR2wzFii2UXcw1UHeYgJePNycaPJnukU17uk3qLa0HQ4U*OtaXcJGiYEwYXbZPeOXUqFtYYPUlmiPuIDZP6ywvjNIY194iVtOhXZzDz23GAR15nvGYsr4*chylZG3bUA0XWkyD-0KOHB14qutiEvJ1yqPd8CRzcXjwTdsf4=]]></url>
  <title><![CDATA[车主图省钱自行换胎身亡换轮胎要去专业轮胎店！]]></title>
  <content><![CDATA[汽车保养和维修对于车主都是一笔不小的花销，于是，一些车主为了省钱选择自己动手更换轮胎，殊不知换轮胎并非他们眼中所看到的那么简单，换轮胎不但需要专业的设备，也需要专业的技术，才能安全、正确的换好轮胎。一些车主因为自己换胎，有的轮胎安装错误，造成汽车偏磨、跑偏，甚至跑高速的时候脱落。一些车主更是由于操作不当被压身亡，结果钱没省了，命也没有了。2018年10月31日下午，德国吕瑟斯海姆一位60多岁的老人用千斤顶将汽车支起准更换冬季胎时，由于支撑时没有做好检查，导致千斤顶脱落汽车下坠被压在车底，而救护车赶到之时老人已经彻底死亡。但是，这并不是个例！自行换胎，多位车主身亡！吉林男子自己换胎，操作不当被扎死2018年10月16日一位吉林男子在马路为自己的奥迪车更换备胎，由于操作不当，结果被当场扎死在车底。男子用木棍当支撑换胎被压身亡6月30日在澳大利亚墨尔本位于哈斯勒姆路（Haslem Drive）的洛克伍德墓园（Rookwood Cemetery）一位男子为自己的汽车更换备胎时，只用一个小木棍来用于支撑汽车，结果木块脱落，导致汽车下沉，将男子压死在车底。杭州一男子卸轮胎被压车底死亡2018年1月18日位于杭州半山路325号的一个废弃车场当中，一个非工作人员的男子在卸一辆废弃公交车轮胎时，由于只用千斤顶顶起汽车尾部，头部却没有支撑，车辆突然压下来，将男子半个身子压在车底，最终抢救无效死亡。换轮胎并没有看上去那么简单一些车主在看了了汽修师傅换轮胎的过程后会产生一种“这么简单，早知道自己换了，还能省钱”的心理。其实换轮胎并没有看上去那么简单，他们需要专业的设备和娴熟的技术。下面是汽修师傅更换轮胎的流程专业更换轮胎的设备：同时，换轮胎也需要专业的设备，并不是把轮胎安装上，充上气就好的。拆胎机：从拆轮胎到安装轮胎都是需要专业的机器来辅佐。首先轮胎在拆卸和安装过程中都需要拆胎机进行工作，没有机器的辅佐强行拆卸或安装，容易造成轮胎子口的损伤，子口破损容易形成漏气从而导致爆胎。充气表：充气表是一个可以在充气过程中不断监测胎压的仪器，这种仪器是为了防止充气过程胎压过高或者过低的情况出现，胎压过高或者过低都容易造成轮胎爆胎。动平衡机：动平衡机是最为重要的一个一起，这个一起是模拟实际行驶路面进行轮胎平衡测试的一个仪器，只有利用动平衡机测试过且数据无异常的轮胎才能够安装。如果没有测试动平衡，很有可能轮胎有肉眼看不见的偏差，而这种偏差在行驶过程中会导致方向偏差，严重可能导致车祸。小邦说：换轮胎不仅仅是一个辛苦活，更是一个技术活。不仅要专业的仪器，更需要专业的技术。各种各样的细节是需要长时间的积累来获取，能够成为一个合格的修理师傅都是在千万次更换轮胎中不断磨练出来的。自行换胎看似很省钱省事，但由于中国大部分都是“第一代”车主，对于车的了解深的不多，轮胎出现问题后能行驶的话正确的做法是及时到轮胎店更换轮胎，不要自己尝试解决。同时，平时也要做好轮胎保养，轮胎出现偏磨、鼓包、老化现象及时到轮胎店检查更换，轮胎安全等于生命安全，为了自己和家人的生命安全，及时到轮胎店更换问题轮胎！欢迎转发点赞转载请联系授权更多精彩内容国外大品牌纷纷调低业绩预期，而国内轮胎企业却利润暴涨！大批轮胎企业环保违法遭巨额罚款！轮胎涨价箭在弦上好轮胎都有哪些？奚仲奖告诉你！倍耐力、贵州、金宇等19家轮胎企业强势涨价！来势汹汹！固铂升级版AT3家族轮胎推三款新品 荣获“SEMA 2018年度最佳轮胎产品奖”商用车胎哪家强？快看奚仲奖评选！轮胎人被炸身亡 妻子嚎啕痛哭！产品远销200个国家！ 昊华轮胎SEMA展彰显产品魅力！浦林成山亮相SEMA展 彰显中国品牌力量！创新第二代吸附技术 佳通全系冬季轮胎全新上市责任编辑 | 杨巍点击【阅读原文】参与百强轮胎门店评选！]]></content>
  <author><![CDATA[车与轮精英轮胎店主联盟]]></author>
  <time>2018-11-06 19:47:22</time>
  <account><![CDATA[TIREDEALER]]></account>
  <image><![CDATA[https://mmbiz.qpic.cn/mmbiz_gif/JuHKsibDbKnfZlLwo9DoDhjYTxJe9QDzcyI12pqC0Auw8ZHzUI8nmjHdueMMYF2s4luAH0TZ1eGRXzcYQ9rDsvA/640?wx_fmt=gif|https://mmbiz.qpic.cn/mmbiz_jpg/JuHKsibDbKnfLcKcUJucatzV8TkQlAU7dobIt7XicnjA7TdoD6U73QicyHobyU8U5AmXcproKOnYAGkebwDZsqSjA/640?wx_fmt=jpeg|https://mmbiz.qpic.cn/mmbiz_png/JuHKsibDbKndY6HkVHTrkibuC5njRWJqUsOJV62TWzoTJyjCL5kI35Qdb759RAzib61TVVtd7bick0Bgn3c3IbkX7A/640?wx_fmt=png|https://mmbiz.qpic.cn/mmbiz_png/JuHKsibDbKndY6HkVHTrkibuC5njRWJqUsxqAbk2JnSbG8ZE2pBlo9s1dKpMbvFd9Cfyzia1mXL0auIPm0d71Z45A/640?wx_fmt=png|https://mmbiz.qpic.cn/mmbiz_png/JuHKsibDbKndY6HkVHTrkibuC5njRWJqUsJDCibia5RZPq3e7bG09qIiauFxU5CK5D2uXs3Lm5a7esCDs1nMwT6QVVA/640?wx_fmt=png|https://mmbiz.qpic.cn/mmbiz_png/JuHKsibDbKndY6HkVHTrkibuC5njRWJqUsYyiay184zZAWDn04W6p1LOcS1sr8V2Z1jfuH6BEibeibedRgfiaPkUwfew/640?wx_fmt=png|https://mmbiz.qpic.cn/mmbiz_png/JuHKsibDbKndY6HkVHTrkibuC5njRWJqUsnibKXBeFQmrdj8hmP4DV2sI89o05AZWWIglwljTvVROG23AdOYV98LA/640?wx_fmt=png|https://mmbiz.qpic.cn/mmbiz_jpg/JuHKsibDbKndY6HkVHTrkibuC5njRWJqUsArGocUmgO4HnqFxSU0gkXFiaR8m0fcicSG2eaVB0Jw76r0cYqOpa9dqA/640?wx_fmt=jpeg|https://mmbiz.qpic.cn/mmbiz_png/JuHKsibDbKnc4LNKSgYpYkA1bsmwHsgFZQ0kMM9u8wDxMf4q4jP5qnaLWmOrUTic9wYXv5RaFFwnX0RmXOGuDBicg/640?wx_fmt=png]]></image>
</data>
