<data>
  <id><![CDATA[52275380]]></id>
  <url><![CDATA[https://mp.weixin.qq.com/s?timestamp=1542193140&src=3&ver=1&signature=BCr3pR2wzFii2UXcw1UHeYgJePNycaPJnukU17uk3qLa0HQ4U*OtaXcJGiYEwYXbZPeOXUqFtYYPUlmiPuIDZNfqIOA2oY7vrr-Y0LLoi64X*WkuT2Nqck1VsYUcw8ehSTn2BxMX2PxuxuGu3q5PSCsZOK6pggAJtkISdvV00ok=]]></url>
  <title><![CDATA[机油一直用不行吗？为什么汽修店经常让我换机油？]]></title>
  <content><![CDATA[咱们之前的小白讲堂已经讲过了汽油、燃油宝等内容，但汽车体内流动的不明液体还有很多，比如咱们今天要说的：机油。（本文首发于微信公众号“赛雷”，同时授权Zaker、新浪看点等平台发布））欢迎转发点赞转载请联系授权更多精彩内容因修车讨价还价，汽修师傅被砍死！凶手被执行死刑！双11来临，一大批血淋淋的网购问题轮胎来袭！2000公里亲测 朝阳SL369全地形AT胎火山行深度测试：万力SA302对比普利司通ER33 国产缺气保用轮胎更胜一筹涨价到2019年！米其林、固特异领衔20多家轮胎企业涨价！车主图省钱自行换胎身亡 换轮胎要去专业轮胎店！法院查封，债权拍卖，这家轮胎75强企业危在旦夕！质量标杆！锦湖轮胎又获一项政府殊荣！布局405个城市 途虎养车打造“超级车主日”仅仅十二个月，玛吉斯在印度的轮胎经销商超过1000家！责任编辑 | 杨巍文章来源 | 网络点击【阅读原文】参与百强轮胎门店评选！]]></content>
  <author><![CDATA[车与轮精英轮胎店主联盟]]></author>
  <time>2018-11-13 19:37:39</time>
  <account><![CDATA[TIREDEALER]]></account>
  <image><![CDATA[https://mmbiz.qpic.cn/mmbiz_gif/JuHKsibDbKnfZlLwo9DoDhjYTxJe9QDzcyI12pqC0Auw8ZHzUI8nmjHdueMMYF2s4luAH0TZ1eGRXzcYQ9rDsvA/640?wx_fmt=gif|https://mmbiz.qpic.cn/mmbiz_jpg/JuHKsibDbKnfLcKcUJucatzV8TkQlAU7dobIt7XicnjA7TdoD6U73QicyHobyU8U5AmXcproKOnYAGkebwDZsqSjA/640?wx_fmt=jpeg|https://mmbiz.qpic.cn/mmbiz/A7WGLpD4ibdLdtmMYqStJ02o3x20Ojib5bTHoFao2PqWBDw69eLAjz0Bs99biaib1EhbIjDibOc1jtaVUc9HEozh3Ow/640?wx_fmt=jpeg|https://mmbiz.qpic.cn/mmbiz/A7WGLpD4ibdLdtmMYqStJ02o3x20Ojib5bS2Wq8r0c8Y5wzs7kgdOVcFfIh8KarVjic0O9Eypa57lyiapJ5X14e7icA/640?wx_fmt=jpeg|https://mmbiz.qpic.cn/mmbiz/A7WGLpD4ibdLdtmMYqStJ02o3x20Ojib5b7DiavQF2Kmy9E0xthibBf1wZzGib9FVtCh6Vmia7W7UFvgxz9VBicn6E91g/640?wx_fmt=jpeg|https://mmbiz.qpic.cn/mmbiz/A7WGLpD4ibdLdtmMYqStJ02o3x20Ojib5bMVIrnmoUWEibKWlPsoP62kktEJYSASas4n1guN49KFBbmah05xTRQ7w/640?wx_fmt=jpeg|https://mmbiz.qpic.cn/mmbiz/A7WGLpD4ibdLdtmMYqStJ02o3x20Ojib5bdGA8DhLwSDItFUvhHeUbPibEFt36LbQw5WEJicDajgjwiazsUHtBquiagg/640?wx_fmt=jpeg|https://mmbiz.qpic.cn/mmbiz/A7WGLpD4ibdLdtmMYqStJ02o3x20Ojib5bEb1u9DBSFeJUyvjmG6l2cIUhzevGFDtUjjbIwGibica6W2xUw2qyXTOw/640?wx_fmt=jpeg|https://mmbiz.qpic.cn/mmbiz/A7WGLpD4ibdLdtmMYqStJ02o3x20Ojib5bt51dCFaJGmqflOia8gnFeUblxwRCdQW3fb13QghMibdfxqbRoB0JvTJw/640?wx_fmt=jpeg|https://mmbiz.qpic.cn/mmbiz/A7WGLpD4ibdLdtmMYqStJ02o3x20Ojib5bia7RY32XgQL7iasdpmyXPnibYV5P18mYtGg5czlzrJ9IlnqbS9M0oKcXA/640?wx_fmt=jpeg|https://mmbiz.qpic.cn/mmbiz/A7WGLpD4ibdLdtmMYqStJ02o3x20Ojib5bZOFoXqSgWxiauibvUPP9tj9HoiczgziboBALrYJ21soIUUIDhbKkNd1q9g/640?wx_fmt=jpeg|https://mmbiz.qpic.cn/mmbiz_png/JuHKsibDbKnc4LNKSgYpYkA1bsmwHsgFZQ0kMM9u8wDxMf4q4jP5qnaLWmOrUTic9wYXv5RaFFwnX0RmXOGuDBicg/640?wx_fmt=png]]></image>
</data>
