<data>
  <id><![CDATA[52275380]]></id>
  <url><![CDATA[https://mp.weixin.qq.com/s?timestamp=1542193140&src=3&ver=1&signature=BCr3pR2wzFii2UXcw1UHeYgJePNycaPJnukU17uk3qLa0HQ4U*OtaXcJGiYEwYXbZPeOXUqFtYYPUlmiPuIDZDv6h3bsZDnu2NlY4vaoZ*A7ZBTx7MvQ8pDqdaTr0nkHeFOpyyNUOxM3*13FWa9qf2An73tGTdBDVFESvj1q4jA=]]></url>
  <title><![CDATA[“朝阳轮胎”上惊现“恒丰”标志，这就是你要的便宜轮胎！]]></title>
  <content><![CDATA[作为轮胎圈里的一份子，想必已经见识过各种各样的假轮胎，像什么磨标胎、改期胎、掉皮胎、麻花胎等等太多了，但是下面这条轮胎你见过吗？近日，一位轮胎店主发来一段视频，内容上显示一条朝阳的轮胎上，竟然还出现恒丰轮胎的字样，简直闻所未闻啊，视频如下：在这里小邦想说一句笑话“能不能认真点，造假都不认真......”假轮胎刷新你的“眼界”其实小邦刚也说过，在现在的轮胎市场假货横生，一句话概括就是“没有做不到，只有想不到！”1、一车子轮胎，全是假的某人在网上买了不少大车胎，全部从山东发货，但看到轮胎之后，买家傻眼了，这些轮胎全部都是假货，都不要了！2、网购米其林就用了四个月，轮胎就发生了变形！3、修补过的扎伤轮胎，太假了假轮胎包括网购劣质轮胎、带伤轮胎、变形轮胎，要啥都有，由于价格上便宜，许多不法分子也是乘势造造假专门卖给贪便宜的车主。小邦说对于网上或者线下看到十分便宜的轮胎，大家一定要谨慎小心，最好是不要购买，这样的轮胎造假成分很高，稍有不慎买到假货，最后吃亏的还是车主你。小邦建议广大车主，购买轮胎一定要去正规的轮胎门店，不仅是性价比高，而且质量上是有保证的，最后奉劝各位，为了家人和自己的安全，拒绝便宜的轮胎，拒绝假货轮胎。欢迎转发点赞转载请联系授权更多精彩内容国外大品牌纷纷调低业绩预期，而国内轮胎企业却利润暴涨！大批轮胎企业环保违法遭巨额罚款！轮胎涨价箭在弦上好轮胎都有哪些？奚仲奖告诉你！倍耐力、贵州、金宇等19家轮胎企业强势涨价！来势汹汹！固铂升级版AT3家族轮胎推三款新品 荣获“SEMA 2018年度最佳轮胎产品奖”商用车胎哪家强？快看奚仲奖评选！轮胎人被炸身亡 妻子嚎啕痛哭！产品远销200个国家！ 昊华轮胎SEMA展彰显产品魅力！浦林成山亮相SEMA展 彰显中国品牌力量！创新第二代吸附技术 佳通全系冬季轮胎全新上市责任编辑 | 杨巍点击【阅读原文】参与百强轮胎门店评选！]]></content>
  <author><![CDATA[车与轮精英轮胎店主联盟]]></author>
  <time>2018-11-07 19:24:55</time>
  <account><![CDATA[TIREDEALER]]></account>
  <image><![CDATA[https://mmbiz.qpic.cn/mmbiz_gif/JuHKsibDbKnfZlLwo9DoDhjYTxJe9QDzcyI12pqC0Auw8ZHzUI8nmjHdueMMYF2s4luAH0TZ1eGRXzcYQ9rDsvA/640?wx_fmt=gif|https://mmbiz.qpic.cn/mmbiz_jpg/JuHKsibDbKnfLcKcUJucatzV8TkQlAU7dobIt7XicnjA7TdoD6U73QicyHobyU8U5AmXcproKOnYAGkebwDZsqSjA/640?wx_fmt=jpeg|https://mmbiz.qpic.cn/mmbiz_jpg/UjarXO6VC1vddakicW379z8qg1mtRlQicxxib1EDegJ9bibvOFTIGsM1TeiaUHwgBV9FajBw3THUQqlhEPC8xEo8nSw/640?wx_fmt=jpeg|https://mmbiz.qpic.cn/mmbiz_jpg/UjarXO6VC1vddakicW379z8qg1mtRlQicx5uY6LRm6XupPHA56JwAfdPurSsIQ5CQR0901MY09vPuPo5fqLqb4YQ/640?wx_fmt=jpeg|https://mmbiz.qpic.cn/mmbiz_png/JuHKsibDbKnc4LNKSgYpYkA1bsmwHsgFZQ0kMM9u8wDxMf4q4jP5qnaLWmOrUTic9wYXv5RaFFwnX0RmXOGuDBicg/640?wx_fmt=png]]></image>
</data>
