<data>
  <id><![CDATA[52275380]]></id>
  <url><![CDATA[http://mp.weixin.qq.com/s?__biz=MjM5NjMzNDQyMw==&mid=2651873307&idx=2&sn=198b2a182ed433190c0fa49c5e5ab009&chksm=bd0e1e238a79973514730f749b273b7af9fe09d92ed910b0f673a141826deb005063b17e42e0&scene=27#wechat_redirect]]></url>
  <title><![CDATA[奥戈瑞轮胎起死回生了？！]]></title>
  <content><![CDATA[11月1日，浙江物产化工与山东奥戈瑞轮轮胎项目正式启动，这也预示着广饶轮胎企业将会加强对外合作，来推动产业升级的一个缩影。山东奥戈瑞轮胎集团始建于2006年，主营业务为全钢子午线轮胎的产销，拥有年产量达200万套的能力，在中国轮胎行业具相当的知名度。浙江物产化工集团有限公司是一家重点发展供应链服务能力、产品分销能力及产业链培训能力的企业，在化工流通领域是一直非常具有潜力的新生力量。据了解，此次合作，奥戈瑞集团的产销能力将由显著的提升。物产化工应用于轮胎行业的“供应链集成服务商”模式，已经成为了山东轮胎行业进行整合和升级、新旧动能转换的标杆。据调查，奥戈瑞轮胎在2018年8月申请破产重组，在2017年10月份就有一部分的土地及相关附属物被拍卖。并且早在2013年就出现了公司出现了一些法律诉讼的相关问题，在车与轮的了解下发现，2018年宣布破产重组之前，奥戈瑞轮胎呗列为法律诉讼人次数高达79次，被列为失信人行列12次，而11次是作为被执行人列入其中。在与物产化工达成合作以后，奥戈瑞轮胎重获新生。这次对外合作的项目让奥戈瑞轮胎获得了新的升级。这或预示着更多的广饶轮胎企业将达成与外来企业的合作获得新的升级，也预示着广饶轮胎将一步步的走出困境获得全面的提升。欢迎转发点赞转载请联系授权更多精彩内容国外大品牌纷纷调低业绩预期，而国内轮胎企业却利润暴涨！大批轮胎企业环保违法遭巨额罚款！轮胎涨价箭在弦上好轮胎都有哪些？奚仲奖告诉你！倍耐力、贵州、金宇等19家轮胎企业强势涨价！来势汹汹！固铂升级版AT3家族轮胎推三款新品 荣获“SEMA 2018年度最佳轮胎产品奖”商用车胎哪家强？快看奚仲奖评选！轮胎人被炸身亡 妻子嚎啕痛哭！产品远销200个国家！ 昊华轮胎SEMA展彰显产品魅力！浦林成山亮相SEMA展 彰显中国品牌力量！创新第二代吸附技术 佳通全系冬季轮胎全新上市责任编辑 | 杨巍点击【阅读原文】参与百强轮胎门店评选！]]></content>
  <author><![CDATA[车与轮精英轮胎店主联盟]]></author>
  <time>2018-11-05 18:52:36</time>
  <account><![CDATA[TIREDEALER]]></account>
  <image><![CDATA[https://mmbiz.qpic.cn/mmbiz_gif/JuHKsibDbKnfZlLwo9DoDhjYTxJe9QDzcyI12pqC0Auw8ZHzUI8nmjHdueMMYF2s4luAH0TZ1eGRXzcYQ9rDsvA/640?wx_fmt=gif|https://mmbiz.qpic.cn/mmbiz_jpg/JuHKsibDbKnfLcKcUJucatzV8TkQlAU7dobIt7XicnjA7TdoD6U73QicyHobyU8U5AmXcproKOnYAGkebwDZsqSjA/640?wx_fmt=jpeg|https://mmbiz.qpic.cn/mmbiz_jpg/JuHKsibDbKnd7qjbY1h4RpG2bibXvicywplmRlXDkPABKeqG8oGhoXZCBbP1jFhJ3Z6A04JsWPEOkd6hgbdHY6P7A/640?wx_fmt=jpeg|https://mmbiz.qpic.cn/mmbiz_jpg/JuHKsibDbKnd7qjbY1h4RpG2bibXvicywpllCpvrOVAmKfW7vdicCz77xMicAVbcWFU0m85eHG6IrSdM1Op3VQ0TEag/640?wx_fmt=jpeg|https://mmbiz.qpic.cn/mmbiz_png/JuHKsibDbKnd7qjbY1h4RpG2bibXvicywpl7Ax7fYwSPhHs5k1QUrsoHn8ibKib5OKOMc8L0fzdgj9zIQkhR9W8OmsA/640?wx_fmt=png|https://mmbiz.qpic.cn/mmbiz_png/JuHKsibDbKnd7qjbY1h4RpG2bibXvicywplYHb11nG3IV7lDynQoeTfZTVAo9JEKFckHttSzNQib3PF370g7zQPURg/640?wx_fmt=png|https://mmbiz.qpic.cn/mmbiz_png/JuHKsibDbKnc4LNKSgYpYkA1bsmwHsgFZQ0kMM9u8wDxMf4q4jP5qnaLWmOrUTic9wYXv5RaFFwnX0RmXOGuDBicg/640?wx_fmt=png]]></image>
</data>
