<data>
  <id><![CDATA[52275380]]></id>
  <url><![CDATA[https://mp.weixin.qq.com/s?timestamp=1542193140&src=3&ver=1&signature=BCr3pR2wzFii2UXcw1UHeYgJePNycaPJnukU17uk3qLa0HQ4U*OtaXcJGiYEwYXbZPeOXUqFtYYPUlmiPuIDZCbYiNe3QgaSbtCfmND5ybThdcQFX-f4GcCNN7VvHJCJ8IECM8HpxMjbPlsSM1*Ks6Pz33FMabdYHDHpGW40EMw=]]></url>
  <title><![CDATA[作为一名修理工，我现在不想去找工作]]></title>
  <content><![CDATA[前几天在一家4S辞职，现在在家不想去上班 ！08年开始学修车，现在18年了。十来年了！ 在修理厂打过工也在4S店上过班，期间还在部队当过两年兵。目前算得上是个师傅吧 ！有好多汽修故障自己还是没法解决，于是感觉好迷茫，不知道何时才能出人头地 !想改行做其他的不再修车，于是就在本地找了一份兼职，凑合先做着看。工资不是很多，但感觉比修车轻松得多。说说我不想找修工作的原因吧 ！在修理厂上班：以前在修理厂上班想想都觉的有些害怕。基本上一天到晚就是一个劲的忙，除了吃饭和睡觉很少有时间休息，就算中间有休息时间玩得也是提心吊胆的。玩一局王者荣耀打到一半又被老板叫去做事。晚上半夜顾客车子坏了被老板喊去救援不知道小伙伴们经历了没有？来事就要做，不管白天还是晚上。总之一切以工作为重，个人生活排在第二位 。最近也考虑到4S店上班 ！可是想到以前在4S店上班的经历，最后还是打消了这个念头：4S店上班相比在修理厂上是轻松许多，工资待遇方面也比修理厂好点，但我还是不习惯它的工作模式：1、不习惯整天没事就开会 。开会就讲营销策略，营销策略和我们修理工有什么关系嘛？2、不习惯太过卑微的服务态度。客户是上帝，客户什么都是对的，错的也是对的。记得售后经理讲过：“保姆式服务”。大哥，我是修车的，是帮客户修车子的，是我在给别人帮忙，什么时候卑微到这种地步了？也许你会说客户出了钱的，我想说的是也有钱买不到的东西吧！难道我们不应该互相尊重吗？3、不习惯一大堆的任务。一个月要卖几套养护产品、卖几份保险。我想说我是一名修理工，只负责把车修好，真的不想管什么任务不任务的。4、不习惯厂家来检查。每次厂家来检查的前几天都不好过，售后经理让我们加班打扫卫生、清理工具、设备维护、各种工牌的整理。要知道一年之内有好几次这样的检查。想过自己开店：既然当初选择做修理工的，说明家里条件不是很好，不然谁还回去修车？开店投资开支不是一笔小数目。现在修车店铺挺多的，竞争压力太大。不知多少轮胎人还在苦苦支撑，不知道多少轮胎人像他一样陷入了迷茫。一手小诗送给各位，与君共勉：轮胎行业终身受罪，为了生计三更才睡鞍前马后终日疲惫，日不能息夜不能寐节日假期不离岗位，身心交瘁无处流泪逢年过节亲人难会，人前显贵人后独醉不在其中难知其味，被骂奸商无言以对哭了笑了心里好累，全靠傻傻自我陶醉欢迎转发点赞转载请联系授权更多精彩内容国外大品牌纷纷调低业绩预期，而国内轮胎企业却利润暴涨！大批轮胎企业环保违法遭巨额罚款！轮胎涨价箭在弦上好轮胎都有哪些？奚仲奖告诉你！倍耐力、贵州、金宇等19家轮胎企业强势涨价！来势汹汹！固铂升级版AT3家族轮胎推三款新品 荣获“SEMA 2018年度最佳轮胎产品奖”商用车胎哪家强？快看奚仲奖评选！轮胎人被炸身亡 妻子嚎啕痛哭！产品远销200个国家！ 昊华轮胎SEMA展彰显产品魅力！浦林成山亮相SEMA展 彰显中国品牌力量！创新第二代吸附技术 佳通全系冬季轮胎全新上市责任编辑 | 吴世杰文章来源 | 车乐汽车技术交流点击【阅读原文】参与百强轮胎门店评选！]]></content>
  <author><![CDATA[车与轮精英轮胎店主联盟]]></author>
  <time>2018-11-11 18:28:30</time>
  <account><![CDATA[TIREDEALER]]></account>
  <image><![CDATA[https://mmbiz.qpic.cn/mmbiz_gif/JuHKsibDbKnfZlLwo9DoDhjYTxJe9QDzcyI12pqC0Auw8ZHzUI8nmjHdueMMYF2s4luAH0TZ1eGRXzcYQ9rDsvA/640?wx_fmt=gif|https://mmbiz.qpic.cn/mmbiz_jpg/JuHKsibDbKnfLcKcUJucatzV8TkQlAU7dobIt7XicnjA7TdoD6U73QicyHobyU8U5AmXcproKOnYAGkebwDZsqSjA/640?wx_fmt=jpeg|https://mmbiz.qpic.cn/mmbiz_jpg/JuHKsibDbKne4t0zAbP3nXDaibHO2Js5g61QLseouDQshc1D4icjWm6yZpKJiagTdyo9XXNHHfTzMibCIz4RkoFdnqA/640?wx_fmt=jpeg|https://mmbiz.qpic.cn/mmbiz_jpg/JuHKsibDbKne4t0zAbP3nXDaibHO2Js5g6pmEMRC1PfdfZKorx2UW0nVYjn5LGjFdUj8WpXD2fsibytoSVbF7tmaQ/640?wx_fmt=jpeg|https://mmbiz.qpic.cn/mmbiz_jpg/JuHKsibDbKne4t0zAbP3nXDaibHO2Js5g6Gq6lDCBcvibxECicah9A45xcJMKDof41v1WP5hBh58M4wbRXZxA7MKPQ/640?wx_fmt=jpeg|https://mmbiz.qpic.cn/mmbiz_jpg/JuHKsibDbKne4t0zAbP3nXDaibHO2Js5g6VNgoJyKpHIv0egJQkMMyl8uIsBT6NMPicNuAdV7TNBb89IH48D0luhw/640?wx_fmt=jpeg|https://mmbiz.qpic.cn/mmbiz_jpg/JuHKsibDbKne4t0zAbP3nXDaibHO2Js5g6eMgBBX8suyO6jGCkueRykic9BUnjBv7T8UNz3yPQy6n9P6ZTA4LjMBw/640?wx_fmt=jpeg|https://mmbiz.qpic.cn/mmbiz_png/JuHKsibDbKnc4LNKSgYpYkA1bsmwHsgFZQ0kMM9u8wDxMf4q4jP5qnaLWmOrUTic9wYXv5RaFFwnX0RmXOGuDBicg/640?wx_fmt=png]]></image>
</data>
