<data>
  <id><![CDATA[52275380]]></id>
  <url><![CDATA[https://mp.weixin.qq.com/s?timestamp=1542193140&src=3&ver=1&signature=BCr3pR2wzFii2UXcw1UHeYgJePNycaPJnukU17uk3qLa0HQ4U*OtaXcJGiYEwYXbZPeOXUqFtYYPUlmiPuIDZL0TDFoTtWZ8Y69dRuMe2Td1MnYbq2-oSQd0hICbh4-DginVrEcoBOnTedAcgQ9IVRyKoS006NUc12xkUmZx6IA=]]></url>
  <title><![CDATA[轮胎为什么会出现拉链爆？如何预防？]]></title>
  <content><![CDATA[最近有个胎友遇到一件稀罕事：才用了19天的某轮胎“拉链爆”！厂家拒不赔偿。这款轮胎售价2950元，“拉链爆”是厂家自己鉴定的结果。轮胎的齿沟基本完整，如图：那到底什么是轮胎拉链爆呢？轮友和卡友们遇见过这种拉链爆现象吗？咱们就一起来聊聊有关拉链爆吧！什么是轮胎拉链爆？是一种爆胎形式，是指车辆在高速行驶中，沿胎侧周向发生的裂口呈拉链状的轮胎爆裂，这种轮胎损坏形式对车辆的行驶安全危害极大。轮胎拉链爆是什么原因导致的呢？1、超载引起的钢丝帘线延伸断裂即轮胎载货负荷过大，充气压力过高，致使胎体钢丝帘线应力过大而断裂。2、疲劳断裂，与轮胎的使用状况有一定的关系，轮胎充气压力过低，反复刹车转弯时，钢丝帘线发生疲劳断裂，橡胶也易与钢丝帘线脱开。如何预防轮胎拉链爆？1、卡车司机在运输中避免经常发生超载现象。超载不仅仅影响轮胎的使用情况，还会引发交通事故，爆胎等各种危险事故。2、随时进行胎压监测，如果轮胎压力过低或者在车辆行驶过程中，发生轮胎轻飘，应立马停车进行紧急修理，车中要常备备胎，及时进行轮胎的更换与维修。欢迎转发点赞转载请联系授权更多精彩内容国家发布轮胎行业重大利好政策 价格战或卷土重来这12种轿车问题轮胎，三包胎厂家也不赔！这位车主的表现，真“丑”！天猫、康众、汽车超人合资成立“新康众”，启动天猫车站门店认证！广饶政府：欠账必须还  重点打击非法集资轮胎企业！转发！轮胎充气10米内都是危险区，已有多人遇害！2018！中国最好的100家轮胎汽服门店评选再次开启玛吉斯R19征服魔鬼赛道，荣誉与骄傲满载而归中国市场定制版高端润滑油 伊佩克润滑油全球上市一行字三幅图 陆通轮胎刷爆朋友圈！责任编辑 | 陈晓辉点击【阅读原文】参与百强轮胎门店评选！]]></content>
  <author><![CDATA[车与轮精英轮胎店主联盟]]></author>
  <time>2018-11-04 18:31:46</time>
  <account><![CDATA[TIREDEALER]]></account>
  <image><![CDATA[https://mmbiz.qpic.cn/mmbiz_gif/JuHKsibDbKnfZlLwo9DoDhjYTxJe9QDzcyI12pqC0Auw8ZHzUI8nmjHdueMMYF2s4luAH0TZ1eGRXzcYQ9rDsvA/640?wx_fmt=gif|https://mmbiz.qpic.cn/mmbiz_jpg/JuHKsibDbKnfLcKcUJucatzV8TkQlAU7dobIt7XicnjA7TdoD6U73QicyHobyU8U5AmXcproKOnYAGkebwDZsqSjA/640?wx_fmt=jpeg|https://mmbiz.qpic.cn/mmbiz_jpg/JuHKsibDbKnfzGeGGCgW1r7RC5P7xGYGZF06TvAyvic38C6ysXiapnGbXnWnLUdVwgqlWice5mUrwI8lQF8TugHwsg/640?wx_fmt=jpeg|https://mmbiz.qpic.cn/mmbiz_jpg/JuHKsibDbKnfzGeGGCgW1r7RC5P7xGYGZ3AIpHuQ40jJ1WRyQHT5H3pBJcqRLjqVW3HK5Og522nSEw88dawvTlg/640?wx_fmt=jpeg|https://mmbiz.qpic.cn/mmbiz_jpg/JuHKsibDbKnfzGeGGCgW1r7RC5P7xGYGZtGGyrfTkbUy0qFG3czfjXwYTe9nTInG4MEeBcx8ahjfqL1WCibH2MxA/640?wx_fmt=jpeg|https://mmbiz.qpic.cn/mmbiz_jpg/JuHKsibDbKnfzGeGGCgW1r7RC5P7xGYGZsBq40hNIHcxM1chveib1Q2kuZTFQK2ZKWJ6ZaTicZgfXuB3CibbkZkWQg/640?wx_fmt=jpeg|https://mmbiz.qpic.cn/mmbiz_jpg/JuHKsibDbKnfzGeGGCgW1r7RC5P7xGYGZVEE8TaicbQJpiaU9Ticxp1KsCqkWTrVBnPRIr2oczXcAKxWmehoibLnhKw/640?wx_fmt=jpeg|https://mmbiz.qpic.cn/mmbiz_jpg/JuHKsibDbKnfzGeGGCgW1r7RC5P7xGYGZaQTnib5cQw5fW4PBavibtTPagK461q09gxIibaqyTwFeGfB6HCLNF3Dsg/640?wx_fmt=jpeg|https://mmbiz.qpic.cn/mmbiz_jpg/JuHKsibDbKnfzGeGGCgW1r7RC5P7xGYGZ7dqPCJv1z1viavCHhJvYMNWvlwfQBj6wqBa56VmCJ1MYpFNa51bibpgQ/640?wx_fmt=jpeg|https://mmbiz.qpic.cn/mmbiz_png/JuHKsibDbKnc4LNKSgYpYkA1bsmwHsgFZQ0kMM9u8wDxMf4q4jP5qnaLWmOrUTic9wYXv5RaFFwnX0RmXOGuDBicg/640?wx_fmt=png]]></image>
</data>
