<data>
  <id><![CDATA[52275380]]></id>
  <url><![CDATA[https://mp.weixin.qq.com/s?timestamp=1542193140&src=3&ver=1&signature=BCr3pR2wzFii2UXcw1UHeYgJePNycaPJnukU17uk3qLa0HQ4U*OtaXcJGiYEwYXbZPeOXUqFtYYPUlmiPuIDZP6ywvjNIY194iVtOhXZzDzBPMtVYQaCPxzQG6MQobbaCFUnLSXM0Hupx3PLuPmRoTHqNn31qpI1fyy2z88EUNc=]]></url>
  <title><![CDATA[又一位轮胎店主被炸飞当场死亡！贪便宜却害死轮胎人！]]></title>
  <content><![CDATA[11月5日小邦收到了一段视频，视频中的轮胎店主为一辆大卡车安装轮胎时突然发生爆炸，导致轮胎店主死亡。2018年11月5日，一辆大货车进店维修，在修补好轮胎以后，轮胎店主为大货车安装轮胎，安装的过程中轮胎发生爆炸， 巨大的爆炸将轮胎店主炸飞了，当场死亡。从接触轮胎行业的短短数年时间内，小邦所知道的轮胎爆胎致人死亡的时间就多达20多起。轮胎爆炸致人死亡事故频发就在此次事故发生的9天前江苏省常州市薛埠镇的一个轮胎店也发生了类似惨痛事件，店内的轮胎工人在给轮胎充气时发生爆炸，不幸被炸身亡。视频中死者妻子嚎啕痛哭的声音深深的刺痛了小邦的内心。2018年7月17日，四川乐山沙湾区一家轮胎店内发生轮胎爆炸，女店主当场被炸身亡，三个儿女的哭喊声痛彻心扉。2018年7月4日江苏宜兴一轮胎店，店主安装客户自带轮胎时轮胎突然爆炸，导致轮胎师傅当场被炸身亡。对于频频发生的爆胎被炸死亡的事故，幸免于难的轮胎店主们都表示出了对死者的惋惜及对事件的看法。轮胎店主对于爆胎致人死亡的惋惜安装和修补轮胎时一定要注意，对于不能修补的轮胎一定不要帮忙安装，这种修补过度的轮胎充气爆炸很可能没命。网购的轮胎该拒绝的一定要拒绝，不要因为一点点的钱最终丢了性命。轮胎爆炸造成死亡事故的案例频繁发生，主要原因如下：1、因为车主贪便宜从不明渠道购买了到店安装，而这种“来路不明”的轮胎质量根本无法保证，最终由轮胎人来“买单”。2、不能补的轮胎强行补，很多车主为了省钱，强行让店主修补一些超出了修补范围的轮胎，例如伤口过大、修补次数过的轮胎，而这种轮胎的爆胎几率极具提升，才会导致上述各种爆胎致死的惨剧发生！小邦说：对于这些事故的遇害者小邦深表同情，同时在这里也警示广大轮胎店主为了自己的生命安全着想，切勿安装来路不明或过度修补过的轮胎。也给车主们一些警告，贪便宜害人害己，不要用让自己成为事故的“凶手”，不要可为了追求便宜去网购来路不明的轮胎，轮胎不能修补就及时更换新轮胎，为自己和他人的生命安全请慎重考虑！欢迎转发点赞转载请联系授权更多精彩内容国外大品牌纷纷调低业绩预期，而国内轮胎企业却利润暴涨！大批轮胎企业环保违法遭巨额罚款！轮胎涨价箭在弦上好轮胎都有哪些？奚仲奖告诉你！倍耐力、贵州、金宇等19家轮胎企业强势涨价！来势汹汹！固铂升级版AT3家族轮胎推三款新品 荣获“SEMA 2018年度最佳轮胎产品奖”商用车胎哪家强？快看奚仲奖评选！轮胎人被炸身亡 妻子嚎啕痛哭！产品远销200个国家！ 昊华轮胎SEMA展彰显产品魅力！浦林成山亮相SEMA展 彰显中国品牌力量！创新第二代吸附技术 佳通全系冬季轮胎全新上市责任编辑 | 杨巍点击【阅读原文】参与百强轮胎门店评选！]]></content>
  <author><![CDATA[车与轮精英轮胎店主联盟]]></author>
  <time>2018-11-06 19:47:22</time>
  <account><![CDATA[TIREDEALER]]></account>
  <image><![CDATA[https://mmbiz.qpic.cn/mmbiz_gif/JuHKsibDbKnfZlLwo9DoDhjYTxJe9QDzcyI12pqC0Auw8ZHzUI8nmjHdueMMYF2s4luAH0TZ1eGRXzcYQ9rDsvA/640?wx_fmt=gif|https://mmbiz.qpic.cn/mmbiz_jpg/JuHKsibDbKnfLcKcUJucatzV8TkQlAU7dobIt7XicnjA7TdoD6U73QicyHobyU8U5AmXcproKOnYAGkebwDZsqSjA/640?wx_fmt=jpeg|https://mmbiz.qpic.cn/mmbiz_png/JuHKsibDbKndY6HkVHTrkibuC5njRWJqUsuO615d6rq2jvv4YibFRZiaEhLmhEK8XegicibA8lfiaqCF6DWYibm33t2iajw/640?wx_fmt=png|https://mmbiz.qpic.cn/mmbiz_png/JuHKsibDbKndY6HkVHTrkibuC5njRWJqUsWhBC9ibNlkckSFbCl1DERfPdRTeKaZeY1WY9ViaJxzzNP17Nbed3RA4A/640?wx_fmt=png|https://mmbiz.qpic.cn/mmbiz_png/JuHKsibDbKndY6HkVHTrkibuC5njRWJqUsYchu7gMfkGcgU9tUqBNxuRFQtlkmjTVxIySGYhOhV2Pd616iaofXbVQ/640?wx_fmt=png|https://mmbiz.qpic.cn/mmbiz_png/JuHKsibDbKndY6HkVHTrkibuC5njRWJqUsax8PJicZCVmDfhribJNZ4iaMlAIPEQKVicN4GUYcxz2AJPQUmOwZZqBDzw/640?wx_fmt=png|https://mmbiz.qpic.cn/mmbiz_png/JuHKsibDbKndY6HkVHTrkibuC5njRWJqUshEAht2qMdcW7XGWP8E6BtOl52o1PiaqiaY81pOxOBopBBOxibuAzNic4CA/640?wx_fmt=png|https://mmbiz.qpic.cn/mmbiz_png/JuHKsibDbKndY6HkVHTrkibuC5njRWJqUsY659hcsz526CvlA1Hgt1oBjGvf3rv82XFicgGXLGIkUib0dqwFd6XibuA/640?wx_fmt=png|https://mmbiz.qpic.cn/mmbiz_png/JuHKsibDbKnc4LNKSgYpYkA1bsmwHsgFZQ0kMM9u8wDxMf4q4jP5qnaLWmOrUTic9wYXv5RaFFwnX0RmXOGuDBicg/640?wx_fmt=png]]></image>
</data>
