<data>
  <id><![CDATA[52275380]]></id>
  <url><![CDATA[https://mp.weixin.qq.com/s?timestamp=1542193140&src=3&ver=1&signature=BCr3pR2wzFii2UXcw1UHeYgJePNycaPJnukU17uk3qLa0HQ4U*OtaXcJGiYEwYXbZPeOXUqFtYYPUlmiPuIDZP6ywvjNIY194iVtOhXZzDy-UzptZetnkx54z6NUNYsWZTllE1fBa6N9fYJw-nBhSli3htJ77oJKvuOgqZAYdQ4=]]></url>
  <title><![CDATA[【收藏】12种工程轮胎病象分析，做轮胎生意必备！]]></title>
  <content><![CDATA[轮胎，对于工程机械，尤其是装载机，除了具有非常重要的功能性作用之外，也是一件非常易损的一部分，如果在日常各种工况中，尽量避免容易导致轮胎损坏的原因，可以非常明显的延长轮胎寿命。下面，厚深机械就来带领大家在本期的内容中，共同研究一下日常轮胎损坏的原因及特殊案例的的分析。.一、工程轮胎损坏原因分析1、胎冠脱层特征：胎面胶与胎体帘布层之间脱开，严重脱落原因：a、制造原因：胎面胶或帘布层有杂物、油污、带水、或成型时未压实，油污未完全挥发。b、使用原因：速度过快（超出规定时速），有向花纹逆向行驶。2、肩部脱层爆破特征：胶肩部位胶与帘布层之间脱开。原因：a、制造原因：胎侧胶与帘布层间有杂质、带水、油污，或未压实，汽油没有完全挥发。b、使用原因：缺气行驶胎肩部位磨损加剧，生热过高，导致胎侧胶与帘布层之间脱层，严重时爆破。3、胎侧脱层特征：胎侧胶与帘布层之间脱层爆破。原因：a、制造原因：胎侧胶或帘布层有杂质、带水、有油污等，或成型时未压实，汽油没有完全挥发。b、使用原因：缺气或超载行驶在不平坦的路面或在恶劣的工况下作业，胎体变形过大，导致胎侧局部生热过高，胎侧发生剥离或爆破。4、重皮特征：胎肩部胶与胶之间脱层。原因：制造原因：胎面压出胶料混炼不均匀，半成品表面有杂质、硫化模具沾油污，隔离剂涂刷不均匀。5、胎冠磨损特征：胎冠中心部严重磨损。原因：使用原因：气压过高行驶，导致轮胎胎冠部接地面积减少，局部负荷增大，磨耗加剧。6、冲击爆破特征：冠部爆破呈“Ｙ”、“Ｘ”、“／”状。原因：使用原因：气压过高或负荷过大高速行驶，紧急制动或遇障碍物后受冲击应力集中导致爆破。7、外伤（划伤、切割伤）特征：外胎表面有明显外伤痕迹。原因：使用原因：外胎行驶中，被尖锐物体划伤或尖锐物体整齐刺伤。二、工程轮胎典型案例分析1、胎侧径向裂口2、胎侧划伤3、胎冠严重磨损、啃伤4、胎冠冲击爆破5、胎冠划伤6、胎冠花纹沟刺透7、胎冠花纹块受撞击爆破8、胎侧周向裂口9、胎侧细裂纹10、胎里修补11、胎面胶啃伤、胎冠顶爆12、胎圈单根钢丝刺出以上就是比较常见和容易发生的轮胎损伤原因，如果大家有更全面的知识或者有想问的问题，欢迎一起探讨研究。感谢大家的支持。欢迎转发点赞转载请联系授权更多精彩内容国外大品牌纷纷调低业绩预期，而国内轮胎企业却利润暴涨！大批轮胎企业环保违法遭巨额罚款！轮胎涨价箭在弦上好轮胎都有哪些？奚仲奖告诉你！倍耐力、贵州、金宇等19家轮胎企业强势涨价！来势汹汹！固铂升级版AT3家族轮胎推三款新品 荣获“SEMA 2018年度最佳轮胎产品奖”商用车胎哪家强？快看奚仲奖评选！轮胎人被炸身亡 妻子嚎啕痛哭！产品远销200个国家！ 昊华轮胎SEMA展彰显产品魅力！浦林成山亮相SEMA展 彰显中国品牌力量！创新第二代吸附技术 佳通全系冬季轮胎全新上市责任编辑 | 杨巍文章来源 | 厚深机械点击【阅读原文】参与百强轮胎门店评选！]]></content>
  <author><![CDATA[车与轮精英轮胎店主联盟]]></author>
  <time>2018-11-06 19:47:22</time>
  <account><![CDATA[TIREDEALER]]></account>
  <image><![CDATA[https://mmbiz.qpic.cn/mmbiz_gif/JuHKsibDbKnfZlLwo9DoDhjYTxJe9QDzcyI12pqC0Auw8ZHzUI8nmjHdueMMYF2s4luAH0TZ1eGRXzcYQ9rDsvA/640?wx_fmt=gif|https://mmbiz.qpic.cn/mmbiz_jpg/JuHKsibDbKnfLcKcUJucatzV8TkQlAU7dobIt7XicnjA7TdoD6U73QicyHobyU8U5AmXcproKOnYAGkebwDZsqSjA/640?wx_fmt=jpeg|https://mmbiz.qpic.cn/mmbiz_jpg/JuHKsibDbKndY6HkVHTrkibuC5njRWJqUsKdMiaBvsdmQfjgaEEAJxicsgA4918oMnpz6kxicDHcDrcoh3LHfJVzNzA/640?wx_fmt=jpeg|https://mmbiz.qpic.cn/mmbiz_jpg/JuHKsibDbKndY6HkVHTrkibuC5njRWJqUsGd4QRec1VvibGCPnCAI4biatRpW9nQM2BgawFbiaUs4p1CvHLwibCPXS5g/640?wx_fmt=jpeg|https://mmbiz.qpic.cn/mmbiz_jpg/JuHKsibDbKndY6HkVHTrkibuC5njRWJqUsyTIs23WZ9aVB22g9WHgTAmXFKXaoiallKbQ8wts4VXDYOkOF8oqrNTQ/640?wx_fmt=jpeg|https://mmbiz.qpic.cn/mmbiz_jpg/JuHKsibDbKndY6HkVHTrkibuC5njRWJqUsOl1f4siaV2W2P3nETYEWyJ1ycVTLJQ1U85orkJzWAmyq7nsrD2mPQkg/640?wx_fmt=jpeg|https://mmbiz.qpic.cn/mmbiz_jpg/JuHKsibDbKndY6HkVHTrkibuC5njRWJqUswHHQoBOBNCibicW2J7VcBxocue2WKIDVTIXvt9kk3jnxZxGn1QIgOHwg/640?wx_fmt=jpeg|https://mmbiz.qpic.cn/mmbiz_jpg/JuHKsibDbKndY6HkVHTrkibuC5njRWJqUsyLMxeqtjkCSkt6Su5kCYFjYVLf0Mj8SBz2JCjJlzTGAWuT7ON7DArw/640?wx_fmt=jpeg|https://mmbiz.qpic.cn/mmbiz_jpg/JuHKsibDbKndY6HkVHTrkibuC5njRWJqUsdOuCgkoIhZEnqEhl8onHdQWiaxP5YlsqSlS0fLic0COHnsSj0awUnPEQ/640?wx_fmt=jpeg|https://mmbiz.qpic.cn/mmbiz_jpg/JuHKsibDbKndY6HkVHTrkibuC5njRWJqUsobnHQeKw2R7BH8ibaZcDKib8Sz9NtEZBCnoesEVZ8aHCLvUkZotQySpw/640?wx_fmt=jpeg|https://mmbiz.qpic.cn/mmbiz_jpg/JuHKsibDbKndY6HkVHTrkibuC5njRWJqUsb1mCIVKUM6f9Ln82M7oB7WjZg3fxvpgyUxmQ7bokxYjlc4OFCcs9ZQ/640?wx_fmt=jpeg|https://mmbiz.qpic.cn/mmbiz_jpg/JuHKsibDbKndY6HkVHTrkibuC5njRWJqUsJFMQfEyVlyvFiaAe64ibkp7HEe55W42FojIvbEn8ePBjnmOomPJBtvfw/640?wx_fmt=jpeg|https://mmbiz.qpic.cn/mmbiz_jpg/JuHKsibDbKndY6HkVHTrkibuC5njRWJqUsRLcXJ2WUGnKHpQw8kU4XxH2annCX4jYGzuGmgV995wRPlaEmQHaKiaw/640?wx_fmt=jpeg|https://mmbiz.qpic.cn/mmbiz_jpg/JuHKsibDbKndY6HkVHTrkibuC5njRWJqUsTRDUdtNicnZOtjmrPqelvria0hKiczrXspl8PINNz5Y15AyBicRh5HqTbA/640?wx_fmt=jpeg|https://mmbiz.qpic.cn/mmbiz_jpg/JuHKsibDbKndY6HkVHTrkibuC5njRWJqUszm6BamVSyJViaqoFUV1z3Yxrxn06aVOseL4K6e2un2YG2BqcOomsoHQ/640?wx_fmt=jpeg|https://mmbiz.qpic.cn/mmbiz_jpg/JuHKsibDbKndY6HkVHTrkibuC5njRWJqUsd0eHvLr5yHY6CMhPWqumz4J0Yibiat6Q10ia0BD9N22MxgmcibG6ibGacLw/640?wx_fmt=jpeg|https://mmbiz.qpic.cn/mmbiz_jpg/JuHKsibDbKndY6HkVHTrkibuC5njRWJqUsyxKRh79bKYp24vuPGgTPT51Uo5qu6atfUFE9TkJIzEEf4vsLLvarnA/640?wx_fmt=jpeg|https://mmbiz.qpic.cn/mmbiz_jpg/JuHKsibDbKndY6HkVHTrkibuC5njRWJqUsdfvtaoXU4RRENECgX6hSF3zkovC7TYgZcKC10ia7lbicFlrKhqkdCTFw/640?wx_fmt=jpeg|https://mmbiz.qpic.cn/mmbiz_jpg/JuHKsibDbKndY6HkVHTrkibuC5njRWJqUsltF3PXZ3I6fy3VlnDM9SQQwphgqOmic66YzVoWeKA2BibsN3darFLvQg/640?wx_fmt=jpeg|https://mmbiz.qpic.cn/mmbiz_jpg/JuHKsibDbKndY6HkVHTrkibuC5njRWJqUs4vpiaUyFiaGGGkDuI0bmlib0WNOh4jaj0MNUrAFCfAVxnW9rcwEV0Zntw/640?wx_fmt=jpeg|https://mmbiz.qpic.cn/mmbiz_jpg/JuHKsibDbKndY6HkVHTrkibuC5njRWJqUsTWmtk7RcxICSBB42h783dqnyHic4IIJicByCxkUxEko81Dxx9y3kI3bg/640?wx_fmt=jpeg|https://mmbiz.qpic.cn/mmbiz_jpg/JuHKsibDbKndY6HkVHTrkibuC5njRWJqUsvPlYqVINbOjxCmLiaxseuZS2j3ugQnJ3HThNHCC2CYZR0KGHFpMiaiczA/640?wx_fmt=jpeg|https://mmbiz.qpic.cn/mmbiz_jpg/JuHKsibDbKndY6HkVHTrkibuC5njRWJqUsicfo9SRpVIxGqX0axAQBGJsiczrjvoicCVuc1LxnwZibHBcxVMGiaQvNERA/640?wx_fmt=jpeg|https://mmbiz.qpic.cn/mmbiz_jpg/JuHKsibDbKndY6HkVHTrkibuC5njRWJqUsgFhTa7ZUNtSVC2LZd6ibEMkicFNn37W8lJNpuDmj779esKb9YXMXlOjw/640?wx_fmt=jpeg|https://mmbiz.qpic.cn/mmbiz_png/JuHKsibDbKnc4LNKSgYpYkA1bsmwHsgFZQ0kMM9u8wDxMf4q4jP5qnaLWmOrUTic9wYXv5RaFFwnX0RmXOGuDBicg/640?wx_fmt=png]]></image>
</data>
