<data>
  <id><![CDATA[52275380]]></id>
  <url><![CDATA[https://mp.weixin.qq.com/s?timestamp=1542193140&src=3&ver=1&signature=BCr3pR2wzFii2UXcw1UHeYgJePNycaPJnukU17uk3qLa0HQ4U*OtaXcJGiYEwYXbZPeOXUqFtYYPUlmiPuIDZP6ywvjNIY194iVtOhXZzDwJd03eHQH7K*B-HR4Z74i-uhMBWR3wm5HWbDmT1gRkBOiJ0GtxldhVvp7EyNDocNw=]]></url>
  <title><![CDATA[为什么建议你去轮胎店买轮胎？答案在这里]]></title>
  <content><![CDATA[看过车与轮文章的朋友应该都知道，我们写过的每一篇文章，结尾肯定是希望车主能够到正规的轮胎店去做相关的轮胎购买、轮胎修补的工作，轮胎店主肯定是知道的。但某些车主并不理解，修补轮胎还好说，可买轮胎为什么一定要到轮胎店呢？难道其他地方不能买了？其实原因很简单，小邦一一道来。去正规轮胎店的好处作为正规的轮胎店，它肯定售卖的都是正规轮胎，没有假冒伪劣的轮胎，没有质量缺陷的轮胎，没有日期更改的轮胎。轮胎店在售卖出去的轮胎，一旦在行驶的过程中，出现非人为造成的破损等原因，还可以去做理赔的工作。这是其一。其二，正规轮胎店会根据你的车型推荐你使用好的轮胎，会根据你的需求去做分析，而且会推荐性价比高的轮胎。不在轮胎店买的轮胎都有这些情况1、车主贪便宜自带轮胎致高速爆胎2018年6月28日，车主小胡因听信朋友的话，在车行购买的“耐克森”轮胎，到一轮胎店安装，上了高速几个小时内出现爆胎！车主小胡接受采访告知，是因为朋友推荐的“耐克森”轮胎，价格与自己的原厂轮胎相比较为便宜，毫不犹豫的换掉自己的防爆胎。事后找到轮胎店和相关经销商讨论赔偿问题。事件结果被告知是因车主的轮胎缺气造成的，轮胎胎壁很薄，高速行驶导致受热过快，整个胎冠跟这个胎壁会脱落。2、网购轮胎一月成旧胎 车主大呼上当受骗3、网购轮胎安全成谜2018年6月13日发生的事情，当日早上11点左右，一位轮胎人接了一位客户网购自带胎到店里安装，正在充气时发生爆炸。好在没有人员出现受伤现象。但是能够确定网购轮胎带来的危害是很大的。小邦建议各位车主去正规轮胎店购买，有人会想到小邦存在拉客的行为，但是小邦想证明的是，正规轮胎店的技术、产品和服务是优于其他地方的。车主也不要因为轮胎价格的高低来衡量一家轮胎店的好坏。少去网上购买，少去不知名场所买轮胎，给自己，给家人一个安全的行驶环境。欢迎转发点赞转载请联系授权更多精彩内容国外大品牌纷纷调低业绩预期，而国内轮胎企业却利润暴涨！大批轮胎企业环保违法遭巨额罚款！轮胎涨价箭在弦上好轮胎都有哪些？奚仲奖告诉你！倍耐力、贵州、金宇等19家轮胎企业强势涨价！来势汹汹！固铂升级版AT3家族轮胎推三款新品 荣获“SEMA 2018年度最佳轮胎产品奖”商用车胎哪家强？快看奚仲奖评选！轮胎人被炸身亡 妻子嚎啕痛哭！产品远销200个国家！ 昊华轮胎SEMA展彰显产品魅力！浦林成山亮相SEMA展 彰显中国品牌力量！创新第二代吸附技术 佳通全系冬季轮胎全新上市责任编辑 | 陈晓辉点击【阅读原文】参与百强轮胎门店评选！]]></content>
  <author><![CDATA[车与轮精英轮胎店主联盟]]></author>
  <time>2018-11-06 19:47:22</time>
  <account><![CDATA[TIREDEALER]]></account>
  <image><![CDATA[https://mmbiz.qpic.cn/mmbiz_gif/JuHKsibDbKnfZlLwo9DoDhjYTxJe9QDzcyI12pqC0Auw8ZHzUI8nmjHdueMMYF2s4luAH0TZ1eGRXzcYQ9rDsvA/640?wx_fmt=gif|https://mmbiz.qpic.cn/mmbiz_jpg/JuHKsibDbKnfLcKcUJucatzV8TkQlAU7dobIt7XicnjA7TdoD6U73QicyHobyU8U5AmXcproKOnYAGkebwDZsqSjA/640?wx_fmt=jpeg|https://mmbiz.qpic.cn/mmbiz_jpg/JuHKsibDbKndWCTfqA80aQ9kx08ypaq6t6Z7SC9Amgta9cd665wjh8O2icgqkCdgLsKIZ4HA9rx8zmr9x7dbx7dw/640?wx_fmt=jpeg|https://mmbiz.qpic.cn/mmbiz_png/JuHKsibDbKndWCTfqA80aQ9kx08ypaq6t6Ol2xe6RXrzgdxt3icxlwIhRJKoFSuns551cpuFCFh7nNvIS5JCS9AQ/640?wx_fmt=png|https://mmbiz.qpic.cn/mmbiz_png/JuHKsibDbKndWCTfqA80aQ9kx08ypaq6tkULzF1FqWmBCMyR4zvy8z9208bnKpGiclmsswxu7JCa4bw19D8qVSpQ/640?wx_fmt=png|https://mmbiz.qpic.cn/mmbiz_jpg/JuHKsibDbKnf9icWPZbc8Nq2L45kKAhFtc0OTTcZyiaxGaH4Qrbo9Bk5BbMpibSK0UnyeeMicmaM2PaB8BdVWCgvMnw/640?wx_fmt=jpeg|https://mmbiz.qpic.cn/mmbiz_png/JuHKsibDbKnf9icWPZbc8Nq2L45kKAhFtcicia4sFDeAOaicTHHftU1d6icXIphWWibFETolibCe5ZuicrAfZiaKVPc7ZR4A/640?wx_fmt=png|https://mmbiz.qpic.cn/mmbiz_png/JuHKsibDbKnf9icWPZbc8Nq2L45kKAhFtcLer6paaAXWanFUTwmFbXJaLLJRAmBXaj7ENTdvNRrySSuhBbaIv8Pg/640?wx_fmt=png|https://mmbiz.qpic.cn/mmbiz_png/JuHKsibDbKnc4LNKSgYpYkA1bsmwHsgFZQ0kMM9u8wDxMf4q4jP5qnaLWmOrUTic9wYXv5RaFFwnX0RmXOGuDBicg/640?wx_fmt=png]]></image>
</data>
