<data>
  <id><![CDATA[52275380]]></id>
  <url><![CDATA[http://mp.weixin.qq.com/s?__biz=MjM5NjMzNDQyMw==&mid=2651873307&idx=3&sn=b2126163f9981cecadac85ba124553c3&chksm=bd0e1e238a7997359907ef3297b70c943d571d5d61c8e2a93ac79631a6cdfe51c8eb2eb78ca7&scene=27#wechat_redirect]]></url>
  <title><![CDATA[等我卖轮胎发财了，就娶你！年度最佳分手语！]]></title>
  <content><![CDATA[他说：“等我卖轮胎赚钱了，我就和你离婚；她笑了，这等于天长地久的承诺。他说：“等我卖轮胎发财了，就娶你”；她怒了，这委婉的借口，是拒绝你最好的理由。你说：“我看重的是你的潜力，以后你会让我过上好日子”。如果你是为了衣食无忧穿金戴银，那么轮胎人不配有爱情。轮胎人喝醉酒后不省人事，妻子无论如何也叫不醒；但一声客户来了，他瞬间精神抖擞，项目如数家珍。在外面员工是上帝、顾客是上帝，陪吃饭、陪喝酒；留家中妻子是路人、孩子是路人，爽节日、爽约定。你说：“他每天陪客户喝酒，孩子完全不管，这样的日子什么时候是头”。如果你想夫慈子孝常相伴，那么轮胎人不配有。干轮胎，没车、没房、没存款，没被饿死。卖轮胎、无休、无假、无时间，无所依从。你说：“他工作这么忙，什么时候能带我出去旅游”？如果你想世界这么大让他带你出去看看，那么轮胎人不配有爱情。马云说：以前我的生活就是工作，以后我的工作就是生活。工作是生活的一部分，不要排斥它，学会享受它。轮胎人说：以前我的工作就是卖轮胎，以后我的生活就是卖轮胎。卖轮胎是我生命的一部分，我排斥它，但是不得不学会享受它。你说：“如果他们多陪陪我，别一天到晚就想着买轮胎”。如果你想工作生活两不误，他能有更多的时间陪你，那么轮胎人不配有爱情。你说：“我只要他健康、快乐”但是轮胎人都是历尽沧桑所打磨出来的“作品”20岁的年纪、50岁的面容、60岁的心理、70岁的身体。如果你想要颜值、健康，那么轮胎人不配有爱情！撇去家庭和睦，其乐融融，只为客户更好的上路；放弃爱情甜蜜，你侬我侬，只为顾客的燃眉之急；抛去友情如金，逍遥快活，只为用户能安全到家。“一无所有”的轮胎人，在店里只为得到顾客一丝丝的信任；“一无所有”的轮胎人，在家里只为得到家人一丝丝的理解；“一无所有”的轮胎人，在社会只为得到世人一丝丝的肯定。如果你想.....那么轮胎人不配拥有爱情！向轮胎人致敬！欢迎转发点赞转载请联系授权更多精彩内容国外大品牌纷纷调低业绩预期，而国内轮胎企业却利润暴涨！大批轮胎企业环保违法遭巨额罚款！轮胎涨价箭在弦上好轮胎都有哪些？奚仲奖告诉你！倍耐力、贵州、金宇等19家轮胎企业强势涨价！来势汹汹！固铂升级版AT3家族轮胎推三款新品 荣获“SEMA 2018年度最佳轮胎产品奖”商用车胎哪家强？快看奚仲奖评选！轮胎人被炸身亡 妻子嚎啕痛哭！产品远销200个国家！ 昊华轮胎SEMA展彰显产品魅力！浦林成山亮相SEMA展 彰显中国品牌力量！创新第二代吸附技术 佳通全系冬季轮胎全新上市责任编辑 | 杨巍点击【阅读原文】参与百强轮胎门店评选！]]></content>
  <author><![CDATA[车与轮精英轮胎店主联盟]]></author>
  <time>2018-11-05 18:52:36</time>
  <account><![CDATA[TIREDEALER]]></account>
  <image><![CDATA[https://mmbiz.qpic.cn/mmbiz_gif/JuHKsibDbKnfZlLwo9DoDhjYTxJe9QDzcyI12pqC0Auw8ZHzUI8nmjHdueMMYF2s4luAH0TZ1eGRXzcYQ9rDsvA/640?wx_fmt=gif|https://mmbiz.qpic.cn/mmbiz_jpg/JuHKsibDbKnfLcKcUJucatzV8TkQlAU7dobIt7XicnjA7TdoD6U73QicyHobyU8U5AmXcproKOnYAGkebwDZsqSjA/640?wx_fmt=jpeg|https://mmbiz.qpic.cn/mmbiz_jpg/JuHKsibDbKnd7qjbY1h4RpG2bibXvicywplOUQC9bRQ1bW0ec6aNiaSBTm6F9Y9lpJFTDYnhz7KJB0VOnHGIVwhoQg/640?wx_fmt=jpeg|https://mmbiz.qpic.cn/mmbiz_jpg/JuHKsibDbKnd7qjbY1h4RpG2bibXvicywplNhcrOAxVz9kQFJ4jypWD0NRGBYDFbGzNhVNficPUB3adGHYLYytF9Yw/640?wx_fmt=jpeg|https://mmbiz.qpic.cn/mmbiz_jpg/JuHKsibDbKnd7qjbY1h4RpG2bibXvicywplXibo19luw32IicHxibVPype2NzohCPoV7Ypd4DzbrlG7YcYxoJoy6ltyg/640?wx_fmt=jpeg|https://mmbiz.qpic.cn/mmbiz_png/JuHKsibDbKnd7qjbY1h4RpG2bibXvicywpl9CDqU3OFia2O1zkC4H6659qhCYibZRhGamnV1PMspgbgx1eknCWPegSg/640?wx_fmt=png|https://mmbiz.qpic.cn/mmbiz_jpg/JuHKsibDbKnd7qjbY1h4RpG2bibXvicywplWUx4SibiaDXJWAmrEX3T4gqdr5Bk153S4HczLWh7uziapK0ya8lQu34Lw/640?wx_fmt=jpeg|https://mmbiz.qpic.cn/mmbiz_png/JuHKsibDbKnc4LNKSgYpYkA1bsmwHsgFZQ0kMM9u8wDxMf4q4jP5qnaLWmOrUTic9wYXv5RaFFwnX0RmXOGuDBicg/640?wx_fmt=png]]></image>
</data>
