<data>
  <id><![CDATA[52275380]]></id>
  <url><![CDATA[http://mp.weixin.qq.com/s?__biz=MjM5NjMzNDQyMw==&mid=2651873307&idx=7&sn=3f7420be4900eb6eb0a7cf18e1bdd0f8&chksm=bd0e1e238a79973562514a90957e0670b1006da6a95b202a679dbf792579df1d8bb63875e4df&scene=27#wechat_redirect]]></url>
  <title><![CDATA[轮胎太脏罚款600元！进城请先洗车！]]></title>
  <content><![CDATA[近日，云南省文山市一轿车因轮子带泥进入城区被罚3000元一事引发网民关注。文山市委宣传部2日回应称，当地城管部门已撤销原处罚决定，对轿车驾驶员改罚600元。10月24日上午11点35分，文山市城市管理综合行政执法局执法队员在文山市凤凰大道巡查时，发现车牌号为云A5W5D0的轿车从绿化带行驶上凤凰大道，车轮带泥严重污染路面。执法人员把车辆叫停后，对当事人进行了现场调查处理。经现场调查，当事人承认将车辆停放在市政道路边的绿化用地里，损坏绿化设施，并造成车轮带泥上路污染城市道路的事实。执法人员根据当事人碾压损毁绿化带和带泥严重污染路面的违法事实，对该驾驶员进行行政处罚，罚金3000元。此事经媒体报道后，引发网民关注。文山市委宣传部称，事发后，文山市委市政府责成文山市城市管理综合行政执法局及有关单位认真查实，实事求是，及时处理。文山市城市管理综合行政执法局对案件执法进行了全面审查后，认为该案件引用法律条款和执法程序不当，依据有关规定和程序对原处罚决定予以撤销。对当事人碾压损毁绿化带和带泥严重污染路面的违法事实，依据《云南省城市建设管理条例》有关规定进行处罚，罚金600元。轿车驾驶员认为600元的处罚合理合法，目前已缴纳600元罚款。欢迎转发点赞转载请联系授权更多精彩内容国外大品牌纷纷调低业绩预期，而国内轮胎企业却利润暴涨！大批轮胎企业环保违法遭巨额罚款！轮胎涨价箭在弦上好轮胎都有哪些？奚仲奖告诉你！倍耐力、贵州、金宇等19家轮胎企业强势涨价！来势汹汹！固铂升级版AT3家族轮胎推三款新品 荣获“SEMA 2018年度最佳轮胎产品奖”商用车胎哪家强？快看奚仲奖评选！轮胎人被炸身亡 妻子嚎啕痛哭！产品远销200个国家！ 昊华轮胎SEMA展彰显产品魅力！浦林成山亮相SEMA展 彰显中国品牌力量！创新第二代吸附技术 佳通全系冬季轮胎全新上市责任编辑 | 杨巍文章来源 | 石家庄交通广播点击【阅读原文】参与百强轮胎门店评选！]]></content>
  <author><![CDATA[车与轮精英轮胎店主联盟]]></author>
  <time>2018-11-05 18:52:36</time>
  <account><![CDATA[TIREDEALER]]></account>
  <image><![CDATA[https://mmbiz.qpic.cn/mmbiz_gif/JuHKsibDbKnfZlLwo9DoDhjYTxJe9QDzcyI12pqC0Auw8ZHzUI8nmjHdueMMYF2s4luAH0TZ1eGRXzcYQ9rDsvA/640?wx_fmt=gif|https://mmbiz.qpic.cn/mmbiz_jpg/JuHKsibDbKnfLcKcUJucatzV8TkQlAU7dobIt7XicnjA7TdoD6U73QicyHobyU8U5AmXcproKOnYAGkebwDZsqSjA/640?wx_fmt=jpeg|https://mmbiz.qpic.cn/mmbiz_jpg/JuHKsibDbKnd7qjbY1h4RpG2bibXvicywplicCZ2cg9yOA6JrJQQXrs45QY9p2M5o7nb6xrUndJnHBsCJqGFq7ib85g/640?wx_fmt=jpeg|https://mmbiz.qpic.cn/mmbiz_jpg/JuHKsibDbKnd7qjbY1h4RpG2bibXvicywplX7OtPGBgicgzK2Pko7ug0j9PnLoA1icAgxKAIYcxH9BUK3MCaUr9W70w/640?wx_fmt=jpeg|https://mmbiz.qpic.cn/mmbiz_jpg/JuHKsibDbKnd7qjbY1h4RpG2bibXvicywplAQC8jZPp35CFSjHU7WYMFzQ1Ey71R3icfMMicABW5bic4d8IwALicF9ZFg/640?wx_fmt=jpeg|https://mmbiz.qpic.cn/mmbiz_jpg/JuHKsibDbKnd7qjbY1h4RpG2bibXvicywplAb2biasDZrptSUXU9ygdFWEcfYPw4yEoTMOBKFhXAHpWgPwztjpS0wQ/640?wx_fmt=jpeg|https://mmbiz.qpic.cn/mmbiz_png/JuHKsibDbKnc4LNKSgYpYkA1bsmwHsgFZQ0kMM9u8wDxMf4q4jP5qnaLWmOrUTic9wYXv5RaFFwnX0RmXOGuDBicg/640?wx_fmt=png]]></image>
</data>
