<data>
  <id><![CDATA[52275380]]></id>
  <url><![CDATA[https://mp.weixin.qq.com/s?timestamp=1542193140&src=3&ver=1&signature=BCr3pR2wzFii2UXcw1UHeYgJePNycaPJnukU17uk3qLa0HQ4U*OtaXcJGiYEwYXbZPeOXUqFtYYPUlmiPuIDZGYnvUqYnEAi3at31Q0KpWUqwM2xIBpvRS3aZrheplSD8BfLmqEC11hzjFByn5FxzYUJRL*c1blo0iAS6vseqMI=]]></url>
  <title><![CDATA[利润下降25.5%！这家日本轮胎企业下调预期！]]></title>
  <content><![CDATA[近日，横滨橡胶株式会社发布财报，截至2018年9月30日止的前三季度，净销售额为4608亿日元，净利润为163亿日元，利润与销售额比率为3.6％。而在去年，该公司销售额为4555亿日元，净利润为218亿日元。与去年同期相比，该公司的利润下降了25.5％。该公司表示，这一下降反映了优科豪马在美国的轮胎生产子公司的资产减值112亿日元。虽然利润下降，但是销售额同比增长1.2％，是该公司历史上前三个季度的最高销售额。营收增长13.4％，达356亿日元。在优科豪马的轮胎部门，日本和海外的原厂胎业务的销售收入下降。反映了产品转变对配备优科豪马轮胎的多种车型影响很大，以及在中国的汽车产量出现下滑。在替换市场方面，优科豪马表示，在品牌Advan，BluEarth系列的节油轮胎，和其他高附加值产品的推动下，日本替换市场的销量增长，而日本以外的替换轮胎业务则出现下降。主要原因是一些新兴经济体的货币存在不稳定因素，以及中美贸易摩擦所引发的担忧。横滨对2018年2月19日公布的销售和盈利的全年财政预测进行了下调。该修订反映了中国，俄罗斯和中东地区轮胎市场的销售低于预期，以及在美国的轮胎制造厂的资产减值。修订后的预期净收入为360亿日元（比上年下降9.9％，比之前的预测下降10.0％）。修订后的预期营业收入为615亿日元（比上年增长5.6％，比之前的预测下降2.4％）。修订后的预期净销售额为650亿日元（比上年增长0.6％，比之前的预测下降3.0％）。优科豪马轮胎简介优科豪马轮胎原称横滨轮胎，成立于1917年，总部设在日本横滨。该产品从1981年至今，一直被澳门格兰披治大赛会指定为赛事轮胎，日本所有汽车制造商以及保时捷等，均使用优科豪马轮胎为标准轮胎。为使得优科豪马能够很快进入农业轮胎和林业轮胎领域。2016年7月1日，优科豪马正式完成对ATG（联盟轮胎集团）的收购，优科豪马与全球投资公司KKR以及其他有关各方达成协议，以11亿8000万美元收购ATG所有股份。欢迎转发点赞转载请联系授权更多精彩内容因修车讨价还价，汽修师傅被砍死！凶手被执行死刑！双11来临，一大批血淋淋的网购问题轮胎来袭！2000公里亲测 朝阳SL369全地形AT胎火山行深度测试：万力SA302对比普利司通ER33 国产缺气保用轮胎更胜一筹涨价到2019年！米其林、固特异领衔20多家轮胎企业涨价！车主图省钱自行换胎身亡 换轮胎要去专业轮胎店！法院查封，债权拍卖，这家轮胎75强企业危在旦夕！质量标杆！锦湖轮胎又获一项政府殊荣！布局405个城市 途虎养车打造“超级车主日”仅仅十二个月，玛吉斯在印度的轮胎经销商超过1000家！责任编辑 | 吴世杰点击【阅读原文】参与百强轮胎门店评选！]]></content>
  <author><![CDATA[车与轮精英轮胎店主联盟]]></author>
  <time>2018-11-12 18:15:06</time>
  <account><![CDATA[TIREDEALER]]></account>
  <image><![CDATA[https://mmbiz.qpic.cn/mmbiz_gif/JuHKsibDbKnfZlLwo9DoDhjYTxJe9QDzcyI12pqC0Auw8ZHzUI8nmjHdueMMYF2s4luAH0TZ1eGRXzcYQ9rDsvA/640?wx_fmt=gif|https://mmbiz.qpic.cn/mmbiz_jpg/JuHKsibDbKnfLcKcUJucatzV8TkQlAU7dobIt7XicnjA7TdoD6U73QicyHobyU8U5AmXcproKOnYAGkebwDZsqSjA/640?wx_fmt=jpeg|https://mmbiz.qpic.cn/mmbiz_jpg/JuHKsibDbKnc7k11PAWXA9iacWX0Vl61KpqYQeXRSo336pqhXz5Te9sLthia8icEWwy7J8HibIKoeyaoiaWPfEpIwosg/640?wx_fmt=jpeg|https://mmbiz.qpic.cn/mmbiz_jpg/JuHKsibDbKnc7k11PAWXA9iacWX0Vl61KpsBhIStKIEbBNGdNRE0iaqQ7I0MM9u20oMchibK1UEjsTJjav2WJk1nPQ/640?wx_fmt=jpeg|https://mmbiz.qpic.cn/mmbiz_jpg/JuHKsibDbKnc7k11PAWXA9iacWX0Vl61Kpaicpzo5ndPSyZaiaVJUQbIvqIZfPPaJyiaQ14TwFl2zrSVdYPJBQXQX1g/640?wx_fmt=jpeg|https://mmbiz.qpic.cn/mmbiz_jpg/JuHKsibDbKnc7k11PAWXA9iacWX0Vl61KpUzMXmSmZ74NebaibFF1fzAiaHWp3n5qMzzg7S1wCcmDx8Nkckj8Td7QA/640?wx_fmt=jpeg|https://mmbiz.qpic.cn/mmbiz_jpg/JuHKsibDbKnc7k11PAWXA9iacWX0Vl61KpPSsuTNm1CfBxRriaIvKJOk3kFYmvZPw2kyYtW4VnA3BtDK9Uiba9wyMg/640?wx_fmt=jpeg|https://mmbiz.qpic.cn/mmbiz_png/JuHKsibDbKnc4LNKSgYpYkA1bsmwHsgFZQ0kMM9u8wDxMf4q4jP5qnaLWmOrUTic9wYXv5RaFFwnX0RmXOGuDBicg/640?wx_fmt=png]]></image>
</data>
