<data>
  <id><![CDATA[52275380]]></id>
  <url><![CDATA[https://mp.weixin.qq.com/s?timestamp=1542193140&src=3&ver=1&signature=BCr3pR2wzFii2UXcw1UHeYgJePNycaPJnukU17uk3qLa0HQ4U*OtaXcJGiYEwYXbZPeOXUqFtYYPUlmiPuIDZNXuklfxxOeo6FU8MKrmEf-eeLgAnNe8O0a4v6eOTlmohu250cZXldObTPniSdCQxnIiga9qHQy6PD2AmO*sIY8=]]></url>
  <title><![CDATA[顶级豪车首选：倍耐力ScorpionWinter轮胎]]></title>
  <content><![CDATA[2018 年 11 月 7 日，米兰—— 倍耐力的 Scorpion Winter 轮胎在最新的对比测试中，在湿地操控、干地制动和滚动阻力类别中赢得了“最佳性能”的称号。该测试由德国越野杂志《Auto Bild Allrad》举办。不仅如此，它还因在干地制动、雪地操控和湿地操控方面性能卓越而受到高度赞扬。另一家德国杂志《Auto Zeitung》还强调了 Scorpion Winter“在雪地和干地路面”的性能。在奥迪 Q5 和沃尔沃 XC60，规格为 235/60 R18 的测试中，倍耐力 Scorpion Winter 赢得了德国杂志的广泛赞誉。测试认证倍耐力 Scorpion Winter 于 2012 年推出，随即在第一次测试中斩获德国知名 TÜV SÜD 评出的最高分，在雪地上的制动、牵引和操控性能均为最佳。今天，自推出以来已有六个冬季，Scorpion Winter 仍然是该类别的领导者。它旨在为现代 SUV 和跨界车提供最优的性能表现和安全保障，特别是在高端车型中，尤其注意路面抓地力弱的下坡制动以及转弯，以达到对汽车性能最大程度地控制。这些类型的车辆通常会产生足够的动力和扭矩，因此需要最大的牵引力和抓地力。Scorpion Winter 还提供倍耐力的三大技术：PNCS 噪音消除系统，可降低车内滚动噪音；Run Flat 缺气保用技术，在穿刺后保障司机安全驾驶至最近的轮胎经销商；Seal Inside 自修补技术。世界顶级汽车制造商的选择倍耐力 Scorpion Winter 的品质得到了世界顶级汽车制造商的认可，被选为其车型的原配轮胎，包括阿尔法·罗密欧、奥迪、宾利、宝马、捷豹、兰博基尼、路虎、玛莎拉蒂、梅赛德斯-奔驰、保时捷、大众汽车和沃尔沃。总的来说，Scorpion Winter 已经收到了 131 项认证，其中包括 110 原配认证（侧壁标有不同制造商的标识），为 46 种不同的车型配置。可提供的轮胎尺寸从 16 英寸到 22 英寸，占据了 85％的市场份额；而在倍耐力主要关注的领域，即 18 寸以上规格，则占据了 90％。这款产品的最新技术表现在：该倍耐力冬季轮胎也获得了最新电动车型的认证。同一系列的轮胎也适用于市场上的运动型 SUV，如阿尔法·罗密欧的 Stelvio Quadrifoglio 和兰博基尼的 Urus。这些数据证实了 Scorpion Winter是该领域冬季轮胎的领导者。为 SUV 和电子系统而生Scorpion Winter 是 Scorpion 家族的一员，专为最受欢迎的市场领域而设计：SUV 和跨界车。 这款冬季胎从一开始就为与先进的驾驶辅助设备（如牵引力控制和 ABS）集成而设计。欢迎转发点赞转载请联系授权更多精彩内容国外大品牌纷纷调低业绩预期，而国内轮胎企业却利润暴涨！大批轮胎企业环保违法遭巨额罚款！轮胎涨价箭在弦上好轮胎都有哪些？奚仲奖告诉你！倍耐力、贵州、金宇等19家轮胎企业强势涨价！来势汹汹！固铂升级版AT3家族轮胎推三款新品 荣获“SEMA 2018年度最佳轮胎产品奖”商用车胎哪家强？快看奚仲奖评选！轮胎人被炸身亡 妻子嚎啕痛哭！产品远销200个国家！ 昊华轮胎SEMA展彰显产品魅力！浦林成山亮相SEMA展 彰显中国品牌力量！创新第二代吸附技术 佳通全系冬季轮胎全新上市责任编辑 | 彭冲冲点击【阅读原文】参与百强轮胎门店评选！]]></content>
  <author><![CDATA[车与轮精英轮胎店主联盟]]></author>
  <time>2018-11-08 18:24:08</time>
  <account><![CDATA[TIREDEALER]]></account>
  <image><![CDATA[https://mmbiz.qpic.cn/mmbiz_gif/JuHKsibDbKnfZlLwo9DoDhjYTxJe9QDzcyI12pqC0Auw8ZHzUI8nmjHdueMMYF2s4luAH0TZ1eGRXzcYQ9rDsvA/640?wx_fmt=gif|https://mmbiz.qpic.cn/mmbiz_jpg/JuHKsibDbKnfLcKcUJucatzV8TkQlAU7dobIt7XicnjA7TdoD6U73QicyHobyU8U5AmXcproKOnYAGkebwDZsqSjA/640?wx_fmt=jpeg|https://mmbiz.qpic.cn/mmbiz_jpg/JuHKsibDbKnfo5ia2recbI5vyVcXEyQ8A1SBavicLIo1LJDPflHC11XgmI0g2yvo7O1BuNECM3HCic2sYibsYv4RsoQ/640?wx_fmt=jpeg|https://mmbiz.qpic.cn/mmbiz_png/JuHKsibDbKnc4LNKSgYpYkA1bsmwHsgFZQ0kMM9u8wDxMf4q4jP5qnaLWmOrUTic9wYXv5RaFFwnX0RmXOGuDBicg/640?wx_fmt=png]]></image>
</data>
