<data>
  <id><![CDATA[52275380]]></id>
  <url><![CDATA[https://mp.weixin.qq.com/s?timestamp=1542193140&src=3&ver=1&signature=BCr3pR2wzFii2UXcw1UHeYgJePNycaPJnukU17uk3qLa0HQ4U*OtaXcJGiYEwYXbZPeOXUqFtYYPUlmiPuIDZNfqIOA2oY7vrr-Y0LLoi67W9*k0OfJIo*Rgqvbi*VswfwG8O5aA75nOskrylxjAdNT*FHeq-*qwE23QVMttqYE=]]></url>
  <title><![CDATA[“聚势合力，智创共赢”玲珑轮胎与300家经销商齐聚盛会！]]></title>
  <content><![CDATA[2018年11月11日-12日，国内知名轮胎制造商玲珑轮胎举办了2019年度国内卡客车轮胎经销商会议。据车与轮了解，此次会议主题为“聚势合力，智创共赢”，并邀请全国各地300多位玲珑旗下优秀卡客车轮胎经销商共同参与。【玲珑轮胎董事长、总裁王锋在会上发表讲话】据车与轮报道，此次王锋董事长在会上充分肯定玲珑轮胎在2018年取得的优异成绩，并对2019年做了全面的目标规划。他表示：“2018年，轮胎行业面临贸易壁垒和生产成本压力持续上升的压力，而玲珑轮胎依然能够保持强劲的发展势头，多项指标领跑国内轮胎企业，继续巩固世界轮胎20强、国内轮胎前3强的地位，主要得益于玲珑轮胎销售渠道的稳步扩张、核心产品优秀的市场表现以及全体经销商的共同努力。”【玲珑轮胎 2019年度国内卡客车轮胎经销商会议】愈精愈细的玲珑品质传递消费者面对轮胎行业未来更严峻的市场形势，王锋董事长与经销商探讨如何将更优质的产品和服务带给消费者。据了解，王锋董事长在会上提出了细分区域市场、细分行业市场、精细化服务、品牌共建等多种营销策略，充分指明了企业规划的目标，也获得了众多轮胎经销商的高度认可。【优秀经销商分享市场开拓经验】在会上玲珑轮胎还为优秀的经销商颁发奖。【为2018年度优秀经销商颁奖】推进产品创新，满足市场需求据车与轮了解，玲珑轮胎已为一汽解放、陕汽重卡、东风柳汽、中国重汽、北汽福田、重庆红岩、厦门金龙等多家商用车厂商提供配套服务，在国内多个地方都能见到玲珑轮胎的身影。对此，王锋董事长表示：“未来玲珑轮胎还将充分利用玲珑配套优势，带动替换市场的销售，同时，利用玲珑经济型、中档、高端产线齐全的优势，大力推广新产品，持续完善产品线，以卓越的性能和优异的服务满足市场，提升市场销售。”理论与实践共进在本次会议现场，车与轮了解到，玲珑轮胎还特意邀请了知名讲师为经销商进行培训。为众多经销商的销售提升提供有益的理论支持。丰富多彩的户外拓展项目除了有会议演讲，玲珑轮胎也为旗下轮胎经销商安排了拔河、自行车慢骑比赛等户外拓展项目。【现场产品展示】【拔河比赛】【慢骑自行车比赛】【滚轮胎比赛】【全体经销商合影留念】在一系列的团队协同中，众多轮胎经销商合作默契、聚势合力，永争第一。会议结束后，玲珑轮胎为在场的经销商朋友举办了一次歌舞荟萃的答谢晚宴。玲珑轮胎目前在全球拥有6个研发机构，5个生产基地，产品销往全球180多个国家和地区。广泛应用于商用车、乘用车、工程机械等，成功进入大众、通用、福特等全球知名汽车品牌的全球配套体系，并为一汽解放、陕汽重卡、东风柳汽、中国重汽、北汽福田、重庆红岩、厦门金龙等国内外60多家汽车厂提供配套。主要推进“人才、研发、制造、营销、品牌、合作”六大国际化化发展战略，并在力争在2025年， 成为具有全球竞争力的世界一流轮胎企业。欢迎转发点赞转载请联系授权更多精彩内容因修车讨价还价，汽修师傅被砍死！凶手被执行死刑！双11来临，一大批血淋淋的网购问题轮胎来袭！2000公里亲测 朝阳SL369全地形AT胎火山行深度测试：万力SA302对比普利司通ER33 国产缺气保用轮胎更胜一筹涨价到2019年！米其林、固特异领衔20多家轮胎企业涨价！车主图省钱自行换胎身亡 换轮胎要去专业轮胎店！法院查封，债权拍卖，这家轮胎75强企业危在旦夕！质量标杆！锦湖轮胎又获一项政府殊荣！布局405个城市 途虎养车打造“超级车主日”仅仅十二个月，玛吉斯在印度的轮胎经销商超过1000家！责任编辑 | 陈晓辉点击【阅读原文】参与百强轮胎门店评选！]]></content>
  <author><![CDATA[车与轮精英轮胎店主联盟]]></author>
  <time>2018-11-13 19:37:39</time>
  <account><![CDATA[TIREDEALER]]></account>
  <image><![CDATA[https://mmbiz.qpic.cn/mmbiz_gif/JuHKsibDbKnfZlLwo9DoDhjYTxJe9QDzcyI12pqC0Auw8ZHzUI8nmjHdueMMYF2s4luAH0TZ1eGRXzcYQ9rDsvA/640?wx_fmt=gif|https://mmbiz.qpic.cn/mmbiz_jpg/JuHKsibDbKnfLcKcUJucatzV8TkQlAU7dobIt7XicnjA7TdoD6U73QicyHobyU8U5AmXcproKOnYAGkebwDZsqSjA/640?wx_fmt=jpeg|https://mmbiz.qpic.cn/mmbiz_jpg/rlIGD5Ee7qGTHNKLvyPibRSOHlibHutORBQaCmWWODd2SY53avPSTbyGclWicGLRnK4q9a6jXqlF2EMib26bluyXTw/640?wx_fmt=jpeg|https://mmbiz.qpic.cn/mmbiz_png/JuHKsibDbKneEdPUm6lOWn9qv3jUnnfdzuPuNtTlVFCgQz4Efv2xXaLYdbXAhU28AqGZicILXSMdWribjCkAWNREg/640?wx_fmt=png|https://mmbiz.qpic.cn/mmbiz_png/JuHKsibDbKneEdPUm6lOWn9qv3jUnnfdzLztUQQo1icRd1daZMt2E0PIZML3y169icKlMADd6HaaIwXVnC7EY6wGA/640?wx_fmt=png|https://mmbiz.qpic.cn/mmbiz_jpg/rlIGD5Ee7qGTHNKLvyPibRSOHlibHutORBKLyaliafqSy4fqGXzcP21cvxoia3GUCWryEc50hzqZtVwQKXH1IJSfaA/640?wx_fmt=jpeg|https://mmbiz.qpic.cn/mmbiz_jpg/rlIGD5Ee7qGTHNKLvyPibRSOHlibHutORB5rT0PIhTMSCibviax1zFQlDDO1EPbRDuFKbwO28f4zMzyHgicyqYoBNJw/640?wx_fmt=jpeg|https://mmbiz.qpic.cn/mmbiz_jpg/rlIGD5Ee7qGTHNKLvyPibRSOHlibHutORBGbSI9tNIicuREha597IZic1sdaGQYuTPDUWM2rdwBUZWRc2aYLX2h0MQ/640?wx_fmt=jpeg|https://mmbiz.qpic.cn/mmbiz_jpg/rlIGD5Ee7qGTHNKLvyPibRSOHlibHutORBOnLXanvbTrD0Q7iaMVgYj7ThsJjPwmCl6oicHym6qo9Eib9dyavKnofEw/640?wx_fmt=jpeg|https://mmbiz.qpic.cn/mmbiz_jpg/rlIGD5Ee7qGTHNKLvyPibRSOHlibHutORB3hm27UXHwpkHzDfVrfkWYwBNwaB6YeC50zEk1RsuWznsdZxvFwtVJA/640?wx_fmt=jpeg|https://mmbiz.qpic.cn/mmbiz_jpg/rlIGD5Ee7qGTHNKLvyPibRSOHlibHutORBNwSvbcJyAtkOQ686HjUJD83rMcpDHlFQSOxnOxXGpgZj66fjKy0MjQ/640?wx_fmt=jpeg|https://mmbiz.qpic.cn/mmbiz_png/rlIGD5Ee7qGTHNKLvyPibRSOHlibHutORB1UsaFJzSLVYiaibDCOAGETZIqXEAH5FAlVcyUE1ZErQQbk2iaYrvB9wYQ/640?wx_fmt=png|https://mmbiz.qpic.cn/mmbiz_png/rlIGD5Ee7qGTHNKLvyPibRSOHlibHutORB04YEuH7jWKTZckShV5ECmjObUT4OsMIiclBeJIT0cCcYpRmkickJkMBQ/640?wx_fmt=png|https://mmbiz.qpic.cn/mmbiz_jpg/rlIGD5Ee7qGTHNKLvyPibRSOHlibHutORBicpicXYttBZ9iaxlHQbEoHaCFIicccD2vOnU6IqEibDDZe2Insqwt304g4A/640?wx_fmt=jpeg|https://mmbiz.qpic.cn/mmbiz_jpg/rlIGD5Ee7qGTHNKLvyPibRSOHlibHutORBt9iarPltacJpC7SLib7lelsh13bJC3ROPiciaGbHKL7B41CHI7KtoyEH8g/640?wx_fmt=jpeg|https://mmbiz.qpic.cn/mmbiz_jpg/rlIGD5Ee7qGTHNKLvyPibRSOHlibHutORBMaF2kY4ANGibEqV0zCrz1cVRERRlXtuu6l51plS9uzs81RyfygMic7Xw/640?wx_fmt=jpeg|https://mmbiz.qpic.cn/mmbiz_jpg/rlIGD5Ee7qGTHNKLvyPibRSOHlibHutORBkibRfjWicu4PMBzn8Mt8ASRE9icb7SibhCjTId2FiaHzuPuBia3n3iaS1GFnQ/640?wx_fmt=jpeg|https://mmbiz.qpic.cn/mmbiz_png/JuHKsibDbKneEdPUm6lOWn9qv3jUnnfdzAr4fia2VqTp8azzyicsztm5go9m08ft36iaNevXLKibYObzejAibZzPMRIw/640?wx_fmt=png|https://mmbiz.qpic.cn/mmbiz_png/JuHKsibDbKneEdPUm6lOWn9qv3jUnnfdzG4WaZ1zQgCLDicaAchsDoAequkjVeXadwdl2cEvqAePOgnRK70Q6tMw/640?wx_fmt=png|https://mmbiz.qpic.cn/mmbiz_jpg/rlIGD5Ee7qGTHNKLvyPibRSOHlibHutORB7iaByWkmFaccYm1YXaWiaBoCtANsWuTJXD064bvDVkicrBaPoyetjKLibw/640?wx_fmt=jpeg|https://mmbiz.qpic.cn/mmbiz_png/JuHKsibDbKneEdPUm6lOWn9qv3jUnnfdzqIgchEjnw9hTajyibe2oNQTrjfWWXwajGqZb7Y6Cc8s9EOdH7TZj3qw/640?wx_fmt=png|https://mmbiz.qpic.cn/mmbiz_png/JuHKsibDbKneEdPUm6lOWn9qv3jUnnfdzMHoOInm0u4XsicbcNsiacKibH43QJRYYUJk62JhVx7j37X4D6cwhibibQqQ/640?wx_fmt=png|https://mmbiz.qpic.cn/mmbiz_jpg/rlIGD5Ee7qGTHNKLvyPibRSOHlibHutORBW3ca9ZIiaJ1Jciaps7uEWOchI9pteHwwPJMOt79vtSic5BV3hZKoMWMog/640?wx_fmt=jpeg|https://mmbiz.qpic.cn/mmbiz_jpg/rlIGD5Ee7qGTHNKLvyPibRSOHlibHutORB4O91BDryYym4QUJ6KiaVWicqtliaJf0ibUwzAshOESoYrVO4TYWDWjT6kw/640?wx_fmt=jpeg|https://mmbiz.qpic.cn/mmbiz_png/JuHKsibDbKneEdPUm6lOWn9qv3jUnnfdzTWLGl4NRrBcicH678OC4KVRuzaueiay5VicewbVcoopu2LEUmibhdFR8zg/640?wx_fmt=png|https://mmbiz.qpic.cn/mmbiz_png/JuHKsibDbKneEdPUm6lOWn9qv3jUnnfdzREVUAcKcc9e3KIyg15IQUhNHy5Wh4ic9OiaHlhIVr2Qg8l4dWA6xKRVQ/640?wx_fmt=png|https://mmbiz.qpic.cn/mmbiz_jpg/JuHKsibDbKneEdPUm6lOWn9qv3jUnnfdzxK7TnSxu0rYicUw9UnKXY9Oicvnxnve9BmOojP73icSwWvWKwd0GViaP3Q/640?wx_fmt=jpeg|https://mmbiz.qpic.cn/mmbiz_png/JuHKsibDbKnc4LNKSgYpYkA1bsmwHsgFZQ0kMM9u8wDxMf4q4jP5qnaLWmOrUTic9wYXv5RaFFwnX0RmXOGuDBicg/640?wx_fmt=png]]></image>
</data>
