<data>
  <id><![CDATA[52275380]]></id>
  <url><![CDATA[https://mp.weixin.qq.com/s?timestamp=1542193140&src=3&ver=1&signature=BCr3pR2wzFii2UXcw1UHeYgJePNycaPJnukU17uk3qLa0HQ4U*OtaXcJGiYEwYXbZPeOXUqFtYYPUlmiPuIDZGYnvUqYnEAi3at31Q0KpWUKGpC41em9XxLc83vKH74*n8icH4i*FyBKktJAV1lFNPLIwClbuG04xcEFBlwg47w=]]></url>
  <title><![CDATA[99%的车主都会忽略：方向盘正的车却是歪的？]]></title>
  <content><![CDATA[欢迎转发点赞转载请联系授权更多精彩内容因修车讨价还价，汽修师傅被砍死！凶手被执行死刑！双11来临，一大批血淋淋的网购问题轮胎来袭！2000公里亲测 朝阳SL369全地形AT胎火山行深度测试：万力SA302对比普利司通ER33 国产缺气保用轮胎更胜一筹涨价到2019年！米其林、固特异领衔20多家轮胎企业涨价！车主图省钱自行换胎身亡 换轮胎要去专业轮胎店！法院查封，债权拍卖，这家轮胎75强企业危在旦夕！质量标杆！锦湖轮胎又获一项政府殊荣！布局405个城市 途虎养车打造“超级车主日”仅仅十二个月，玛吉斯在印度的轮胎经销商超过1000家！责任编辑 | 杨巍文章来源 | 网络点击【阅读原文】参与百强轮胎门店评选！]]></content>
  <author><![CDATA[车与轮精英轮胎店主联盟]]></author>
  <time>2018-11-12 18:15:06</time>
  <account><![CDATA[TIREDEALER]]></account>
  <image><![CDATA[https://mmbiz.qpic.cn/mmbiz_gif/JuHKsibDbKnfZlLwo9DoDhjYTxJe9QDzcyI12pqC0Auw8ZHzUI8nmjHdueMMYF2s4luAH0TZ1eGRXzcYQ9rDsvA/640?wx_fmt=gif|https://mmbiz.qpic.cn/mmbiz_jpg/JuHKsibDbKnfLcKcUJucatzV8TkQlAU7dobIt7XicnjA7TdoD6U73QicyHobyU8U5AmXcproKOnYAGkebwDZsqSjA/640?wx_fmt=jpeg|https://mmbiz.qpic.cn/mmbiz_jpg/JuHKsibDbKnc7k11PAWXA9iacWX0Vl61KpfhutqqJWiaYf6F6oZicgf62nib4HMAWovLhTchBeicWW6ukYUzkpQhica9A/640?wx_fmt=jpeg|https://mmbiz.qpic.cn/mmbiz_jpg/JuHKsibDbKnc7k11PAWXA9iacWX0Vl61Kpghn6GPZHpWBfyWhO8FNHs01Fv31ptUryaicKjpagibibCC9sUaKibrrkqQ/640?wx_fmt=jpeg|https://mmbiz.qpic.cn/mmbiz_jpg/JuHKsibDbKnc7k11PAWXA9iacWX0Vl61KpnCmRBb8cc5CaZ37AMyoXJce9wVqic2JzE6oA2FFCJQibhKGrsct5zeNQ/640?wx_fmt=jpeg|https://mmbiz.qpic.cn/mmbiz_jpg/JuHKsibDbKnc7k11PAWXA9iacWX0Vl61KpedKdWtbaA1MWiaLqMkh1WyHU7oFRYS2HiaeicoViblUEic98maKlRwVVklA/640?wx_fmt=jpeg|https://mmbiz.qpic.cn/mmbiz_jpg/JuHKsibDbKnc7k11PAWXA9iacWX0Vl61KpqEkqwlQQVdXTkwZfqeteQI2mlUggia7eG74vTUWAFJAvzlsa2ibTkhXQ/640?wx_fmt=jpeg|https://mmbiz.qpic.cn/mmbiz_jpg/JuHKsibDbKnc7k11PAWXA9iacWX0Vl61KpicwvNUNKlMngqZHo8z6cBGFicu7GoQibL0oRakCvjm3cbr8UkZqMo9wrg/640?wx_fmt=jpeg|https://mmbiz.qpic.cn/mmbiz_jpg/JuHKsibDbKnc7k11PAWXA9iacWX0Vl61KpaBzicExibawh35GFJljpwLvbZBKGicnSWSkbpxiaucXuHW8ma3yanLy8AQ/640?wx_fmt=jpeg|https://mmbiz.qpic.cn/mmbiz_png/JuHKsibDbKnc4LNKSgYpYkA1bsmwHsgFZQ0kMM9u8wDxMf4q4jP5qnaLWmOrUTic9wYXv5RaFFwnX0RmXOGuDBicg/640?wx_fmt=png]]></image>
</data>
