<data>
  <id><![CDATA[52275380]]></id>
  <url><![CDATA[https://mp.weixin.qq.com/s?timestamp=1542193140&src=3&ver=1&signature=BCr3pR2wzFii2UXcw1UHeYgJePNycaPJnukU17uk3qLa0HQ4U*OtaXcJGiYEwYXbZPeOXUqFtYYPUlmiPuIDZDv6h3bsZDnu2NlY4vaoZ*Bz4pduP3ERRVjAu600Xrwv4Mv14Eme-GX0TvpFGhupre3HkznDyO8lGR7fE*GLQN0=]]></url>
  <title><![CDATA[美国最牛的20家轮胎连锁店公布！第一名卖了310亿的轮胎！]]></title>
  <content><![CDATA[随着Discount tire的第1001家商店开业，它抢占了北美轮胎零售业的焦点——合并和收购继续在Discount tire不断发展的零售业务中发挥关键作用。当提及到并购活动时，这有点似曾相识。今年，Mavis Tire Supply 一月份在东南部收购了69个考夫曼轮胎零售店，二月份则与快速油/轮胎工程师合并，将伯明翰Ala公司100多家公司经营和特许经营地点并入其麾下。总而言之，Mavis在其产品组合中增加了308个零售店、近650家门店、118家快递油胎工程师特许经营店。作为近年来的行业领导者，Monro和Pep boys也积极参与收购活动，尽管速度比前几年慢。Monro在过去一年中在八个单独的交易中收购了31个据点。其中最大的是以Free Service Tire为基础的Johnson City的12个零售店，4个批发配送中心和1个翻新工厂。Monro还控制着car-x轮胎和汽车特许经营系统，该系统拥有98个特许经营店，在中西部上游和五大湖州中占据优势，直接与53个Monro门店连接。Icahn则在13项交易中收购了25个据点。规模最大的是Elliott轮胎和汽车服务公司，这是一家位于西雅图的独立经销商，在华盛顿拥有10家商店。轮胎业务北美年度独立零售经销商排名前100位是根据公司拥有的门店数量决定的，下面我们来关注一下美国年度独立零售经销商前20名和各地区最大轮胎经销商分布。美国年度独立零售经销商TOP20数据来源：美国权威机构 Tire BusinessDiscount tireCEO Michael Zuieback门店数量 1001销售额 44.8亿美元Discount tire是北美轮胎零售企业的标杆性企业，全球最大独立轮胎销售商。Discount tire成立于1960年，当时该公司创始人布鲁斯哈勒从一个轮胎店起家不停发展，目前已经拥有超过900家直营门店，主营的轮胎和轮辋畅销北美4000多万的用户。其最大的特点是全部直营，没有特许经营，只做轮胎及相关，不做其他服务项目。TBC CropCEO Christian Seem&Bill Shull门店数量 731销售额 30亿美元TBC Retail Group (TBC零售集团)隶属于美国TBC集团，其总部位于Juno Beach, Florida，TBC零售集团包括 Tire Kingdom®（轮胎王国），NTB®，Merchant’s Tire and Auto Centers®（轮胎和汽车中心），主要以公司直营店的方式经营，门店以轮胎零售为主，目前门店数量为779家。TBC集团除了TBC Retail Group以外，旗下还有BIG O tire（402家特许经营为主），Midas International (1265家特许经营为主)，以及Speedee Oil (164家，特许经营为主)，TBC集团的零售门店总数超过2600家，门店总数位居同行业第一名。Mavis Discount TiresCEO Stephen&David门店数量 649销售额 未对外公布Mavis Discount Tire总部位于美国纽约，是美国最大的独立轮胎和服务供应商之一，在美国7个州拥有430个服务中心。Mavis代理超过20个轮胎品牌，还提供维修保养服务。2018年2月，Mavis与Express Oil Change & Tire Engineers宣布合并，此前一个月，Mavis收购了Kauffman Tire的零售业务——69家门店，年销售额1.14亿美元。Monro Muffler BrakeCEO Brett Ponton门店数量 637销售额 11.3亿美元Monro Muffler Brake是一家汽车服务公司，专注于定期维护，底盘维修和零售轮胎销售。在25个州拥有1,013家公司经营的商店，其中直营469家，特许加盟544家；公司的使命是以合理的价格为客户提供卓越的维修和维修服务，更换高质量的零件和名牌轮胎！Pep BoysCEO Daniel Ninivaggi门店数量 464销售额 26.7亿美元Pep Boys公司成立于1921年，是美国惟一 一家能涵盖汽车配件市场的四项领域——包括自助服务、维修服务、转售和更换轮胎提供服务的配件市场零售与服务链厂商。这家零售店发展迅速，利润不菲，很快就发展成为了一家拥有数十亿美金的美国连锁零售店。Pep Boys已经有500多家大型汽车服务超市，每家面积近2000平方，被称作汽车服务行业的沃尔玛。Les SchwabCEO Dick Borgman门店数量 421销售额 15.8亿美元Les Schwab Tire Centers成立于1952年，是美国西部轮胎零售连锁商。除轮胎之外，Les Schwab还销售各种其他汽车零部件和汽车相关服务，包括刹车片和减震器。Les Schwab被誉为最受尊重的独立轮胎连锁品牌，他们会在星期天关闭所有门店。Kal TireCEO Robert Foord门店数量 209销售额 4.75亿美元Kal Tire成立于1953年，是加拿大最大的独立轮胎经销商和北美最大的商业轮胎经销商，有超过300家卡尔轮胎店，大多数小型市场商店都是“混合”的，既服务于零售客户又服务于商业客户。Kal Tire的客户服务包括免费安装、免费轮胎倒轮、免费修补、终身免费动平衡，以及30天无争议的更换保证。Fountain TireCEO Brent Hesje门店数量 160销售额 2.3亿美元Fountain Tire是一家加拿大公司，创立于阿尔伯塔省的Wainwright。自1956年开业以来，一直致力于为加拿大人提供高品质的服务。作为加拿大高度认可的轮胎零售商，Fountain Tire提供汽车、SUV、CUV、小型货车、卡车和拖车等的轮胎，以及完整的汽车服务，适用于任何车型。Rent A Wheel / Rent-A-TireCEO John Bowlin&Don Sabino门店数量 124销售额 1.2亿美元Rent A Wheel / Rent-A-Tire成立于1996年，最初在加利福尼亚州开设了一家商店。从那时起，它已成为全美最大的租赁定制车轮和轮胎零售商，在全美15个州拥有136个地点，在轮胎零售商中名列前十。Rent A Wheel / Rent-A-Tire的成立原则是以最低的价格提供最优质的产品和服务。Best OneCEO Larry&Mark Zurcher门店数量 117销售额 2亿美元Best-One Tire & Service创立于1948年，目前在美国26个州拥有超过250家门店，是Bridgestone、Firestone、Mastercraft、Continental、General、Yokohama和Goodyear等轮胎品牌最大的采购商之一。Max Auto SupplyCEO Randy Katz门店数量 113销售额 未对外公布Max Auto Supply是提供汽车，工业和车队修补的一站式服务。Max Auto Supply是安大略省最大的独立PBE、车队和工业分销商。他们的存在是为了帮助客户发展业务并增加利润，咨询方法为业务合作伙伴提供了成功和繁荣所需的所有工具。Tire DiscountersCEO Chip Wood门店数量 113销售额 未对外公布Tire Discounters成立于1976年。40年前，几乎所有的轮胎经销商都以低轮胎价格引诱人们，然后为诸如安装、平衡和阀杆等基本服务收取额外费用。这不是一个非常诚实的做法，因此， Chip 决定专注于定价的透明度，同时提供更高的服务标准和质量。目前公司拥100家直营零售门店，提供轮胎，轮子和汽车服务。Aemrican Tire DepotCEO Ara Tchaghlassian门店数量 107销售额 1.28亿美元1991年，American Tire Depot承诺提供最优秀的客户服务，同时为客户提供世界上最好的轮胎品牌如Goodyear，Michelin，BFGoodrich，Dunlop等的最低价格。此外，American Tire Depot已成为满足所有汽车维修需求的一站式服务，包括换油，制动，冲击和支柱，校准，TPMS复位，电池维修，冷却液冲洗等等。美国各地区最大的轮胎经销商欢迎转发点赞转载请联系授权更多精彩内容国外大品牌纷纷调低业绩预期，而国内轮胎企业却利润暴涨！大批轮胎企业环保违法遭巨额罚款！轮胎涨价箭在弦上好轮胎都有哪些？奚仲奖告诉你！倍耐力、贵州、金宇等19家轮胎企业强势涨价！来势汹汹！固铂升级版AT3家族轮胎推三款新品 荣获“SEMA 2018年度最佳轮胎产品奖”商用车胎哪家强？快看奚仲奖评选！轮胎人被炸身亡 妻子嚎啕痛哭！产品远销200个国家！ 昊华轮胎SEMA展彰显产品魅力！浦林成山亮相SEMA展 彰显中国品牌力量！创新第二代吸附技术 佳通全系冬季轮胎全新上市责任编辑 | 杨巍文章来源 | 魔方商学院点击【阅读原文】参与百强轮胎门店评选！]]></content>
  <author><![CDATA[车与轮精英轮胎店主联盟]]></author>
  <time>2018-11-07 19:24:55</time>
  <account><![CDATA[TIREDEALER]]></account>
  <image><![CDATA[https://mmbiz.qpic.cn/mmbiz_gif/JuHKsibDbKnfZlLwo9DoDhjYTxJe9QDzcyI12pqC0Auw8ZHzUI8nmjHdueMMYF2s4luAH0TZ1eGRXzcYQ9rDsvA/640?wx_fmt=gif|https://mmbiz.qpic.cn/mmbiz_jpg/JuHKsibDbKnfLcKcUJucatzV8TkQlAU7dobIt7XicnjA7TdoD6U73QicyHobyU8U5AmXcproKOnYAGkebwDZsqSjA/640?wx_fmt=jpeg|https://mmbiz.qpic.cn/mmbiz_jpg/JuHKsibDbKnfGCXf5SiaHutoZ7m7Xmsh4riaopKFRibxtWrGwiaChRlOLfuxwf82aicFTrclKwUGOrlswmX39caC7E9A/640?wx_fmt=jpeg|https://mmbiz.qpic.cn/mmbiz_jpg/JuHKsibDbKnfGCXf5SiaHutoZ7m7Xmsh4rBcypWiazxA2yvs2Kk2LWaPiaAlB73gv27O40BZQPVnlm0nqXZ1TqM3Yw/640?wx_fmt=jpeg|https://mmbiz.qpic.cn/mmbiz_jpg/JuHKsibDbKnfGCXf5SiaHutoZ7m7Xmsh4rehoibTSmj9opxzibbXfEgWpuOCz2AOhTMXL2gZ5S6ncWXmHZUIQAslRA/640?wx_fmt=jpeg|https://mmbiz.qpic.cn/mmbiz_jpg/WurCjaWF41fRtrY027TzdvQo98j31oeFIOzneNA7ZHaKcIqibQ8KUCX6fwF3Ie3lqarYqLR6SVzhLMhB4jnticDA/640?wx_fmt=jpeg|https://mmbiz.qpic.cn/mmbiz_jpg/JuHKsibDbKnfGCXf5SiaHutoZ7m7Xmsh4rc4WrxKpqgTDiayPLBHwOHVOa9E1hFUn2gicC0QIZ13fJwic8QUMLBj8HA/640?wx_fmt=jpeg|https://mmbiz.qpic.cn/mmbiz_jpg/dZozMjoBj9YXDgvEFl5xYLhjqAvrVCGYmGaRYABibicictAmIUHRxzeicWNxvSMTx51T6dgjMVukkDRV3vKKHpniaGg/640?wx_fmt=jpeg|https://mmbiz.qpic.cn/mmbiz_jpg/JuHKsibDbKnfGCXf5SiaHutoZ7m7Xmsh4rtkcaPGzxyxaPO15Fda1pPTnDKYQzibl8LGEOOIM2LcAaXubLFcWmgnA/640?wx_fmt=jpeg|https://mmbiz.qpic.cn/mmbiz_jpg/JuHKsibDbKnfGCXf5SiaHutoZ7m7Xmsh4rHTwqWkM7bYLxlLLJvWiciazltpdQ7Q78qvSzAqRmOMvJpkYborFzBq0w/640?wx_fmt=jpeg|https://mmbiz.qpic.cn/mmbiz_jpg/JuHKsibDbKnfGCXf5SiaHutoZ7m7Xmsh4rgK6INlle8vJFTZ2otVaBZNVbNGiaQkiajHJAa7sI1IsPFialCEjBzIkFA/640?wx_fmt=jpeg|https://mmbiz.qpic.cn/mmbiz_jpg/dZozMjoBj9YXDgvEFl5xYLhjqAvrVCGYVZicpMB07icnWxAhtUYwNj89iamQRgru9ia73KzLchkicJzEXp8Muvqp56A/640?wx_fmt=jpeg|https://mmbiz.qpic.cn/mmbiz_jpg/JuHKsibDbKnfGCXf5SiaHutoZ7m7Xmsh4rhnTKrN9zCfsG9r8LOPUO9lUPPOle51ic0ZuJyC4Jm9kSzNa9xynnfdg/640?wx_fmt=jpeg|https://mmbiz.qpic.cn/mmbiz_jpg/JuHKsibDbKnfGCXf5SiaHutoZ7m7Xmsh4rCTibtWRmHYKAyLFYh5zIjQSPMA3NB0m49fqfSbribBZyeDmdHHkeeVzw/640?wx_fmt=jpeg|https://mmbiz.qpic.cn/mmbiz_jpg/JuHKsibDbKnfGCXf5SiaHutoZ7m7Xmsh4rOZFXXrO4FtWKRLLzfJAJ0TIxP2SzXbEgMY6r7kFA5rsYZic1dib7JBiaQ/640?wx_fmt=jpeg|https://mmbiz.qpic.cn/mmbiz_jpg/JuHKsibDbKnfGCXf5SiaHutoZ7m7Xmsh4r0cnWpyvLfmgias373ksRU5IiaAiab4E5ibwPGw2GEtv2AUQFQ6lB1OvhBQ/640?wx_fmt=jpeg|https://mmbiz.qpic.cn/mmbiz_jpg/JuHKsibDbKnfGCXf5SiaHutoZ7m7Xmsh4rhYlEjicoFuZvMZc8ibfv6CwEXWG3iaaFcFibT2IRlx1kZk0JxGZb9JuzUg/640?wx_fmt=jpeg|https://mmbiz.qpic.cn/mmbiz_jpg/JuHKsibDbKnfGCXf5SiaHutoZ7m7Xmsh4r1bia3licKsib9c6nBDrSOYVqlQrSXzAWc2CgPyhXbhpKbHsbtMzYEjesQ/640?wx_fmt=jpeg|https://mmbiz.qpic.cn/mmbiz_jpg/JuHKsibDbKnfGCXf5SiaHutoZ7m7Xmsh4rYJEyYTIXR47lZRPzjhvDz7XQy3q0cWTc3f7vjRqqj3RQPoJ9NLGJMg/640?wx_fmt=jpeg|https://mmbiz.qpic.cn/mmbiz_jpg/dZozMjoBj9YXDgvEFl5xYLhjqAvrVCGYqU99SUxGACF93mQqbskhtWtcsvtyqMXqEdCcibllfL8cjvQTl3eaclQ/640?wx_fmt=jpeg|https://mmbiz.qpic.cn/mmbiz_jpg/JuHKsibDbKnfGCXf5SiaHutoZ7m7Xmsh4ruIquFrGxfI2K9G46oPGU3WPNMUbCplngco6YkVb1DNgWxOSgBddaicQ/640?wx_fmt=jpeg|https://mmbiz.qpic.cn/mmbiz_jpg/JuHKsibDbKnfGCXf5SiaHutoZ7m7Xmsh4rzicsKsqEmq6eQ4mchnkDA9MM7m9D7uhDpkMaI7xv79g8djf2vareq4Q/640?wx_fmt=jpeg|https://mmbiz.qpic.cn/mmbiz_jpg/JuHKsibDbKnfGCXf5SiaHutoZ7m7Xmsh4rtvvvL5r8rFHwnbkDLlutL8n7q69SUbN10oecEPichkgA8e1ICqSgoSQ/640?wx_fmt=jpeg|https://mmbiz.qpic.cn/mmbiz_jpg/dZozMjoBj9YXDgvEFl5xYLhjqAvrVCGYMe8YlptphNdN0yMwpQE3VHyzKH0kWCiagXwqyNqM7rwC2NtBFdCkCYg/640?wx_fmt=jpeg|https://mmbiz.qpic.cn/mmbiz_jpg/JuHKsibDbKnfGCXf5SiaHutoZ7m7Xmsh4rribDI6WWqReY2WHX1iaiaibGGKTjnPibN8dDmPbHI7n1j5iblCwLwJ5WVazw/640?wx_fmt=jpeg|https://mmbiz.qpic.cn/mmbiz_jpg/dZozMjoBj9YXDgvEFl5xYLhjqAvrVCGYTVN80j8amxYBOkiaOj85ib9vslHUs5iaO476tZkdUib2ib0wINGLnHyVEfA/640?wx_fmt=jpeg|https://mmbiz.qpic.cn/mmbiz_jpg/JuHKsibDbKnfGCXf5SiaHutoZ7m7Xmsh4rYfu1ia7x0GEXw5o0MBibgNPC2C8JKokGto4J0nUiazYrM1cJOn3WHYeQA/640?wx_fmt=jpeg|https://mmbiz.qpic.cn/mmbiz_png/sVmiaJjQVX6xP7XhUa2ELybia4UrB13TFticOEoE1mc8DT2puAgzocXqtWbIKaUS4zGT7zDm5OLHBByMxN1ld7ICA/640?wx_fmt=png|https://mmbiz.qpic.cn/mmbiz_jpg/JuHKsibDbKnfGCXf5SiaHutoZ7m7Xmsh4r7icmc2NxWPdwtsiaOKmKEia7TZiavr16HAfm8xTadlmsCXvSc1JM4avhfw/640?wx_fmt=jpeg|https://mmbiz.qpic.cn/mmbiz_jpg/dZozMjoBj9YXDgvEFl5xYLhjqAvrVCGY9iajFK40nTHSO0gDiccrG7ctq01yJpibHKxoC2TXwKyaaJbcLupXqhM5Q/640?wx_fmt=jpeg|https://mmbiz.qpic.cn/mmbiz_jpg/JuHKsibDbKnfGCXf5SiaHutoZ7m7Xmsh4rDd4tOjqbeTMA5pznKvbbhhGELB7KnJFibtLPhfk4DQXcONkib9xyxPHw/640?wx_fmt=jpeg|https://mmbiz.qpic.cn/mmbiz_jpg/JuHKsibDbKnfGCXf5SiaHutoZ7m7Xmsh4rzxiaXD1Whv8xCiaJbib3icicn8icp51llS2tl035IrcGK8d1I0xXQSWibAk3Q/640?wx_fmt=jpeg|https://mmbiz.qpic.cn/mmbiz_jpg/JuHKsibDbKnfGCXf5SiaHutoZ7m7Xmsh4rAuiaJZnk62wlSSgzXglmAg39v823leHwibRcRIEvIic0TW48SGyQc6rLA/640?wx_fmt=jpeg|https://mmbiz.qpic.cn/mmbiz_jpg/JuHKsibDbKnfGCXf5SiaHutoZ7m7Xmsh4rTXHMnN3Kr40L67yrQaLsLicmn4I6wLMX8ITGQbyFSLHhvWoDsibqxofg/640?wx_fmt=jpeg|https://mmbiz.qpic.cn/mmbiz_jpg/JuHKsibDbKnfGCXf5SiaHutoZ7m7Xmsh4rMWibUAv7N41O65XngqdeLLleav6QBkzmGqvvhicqqZrMb4OsE1DqicNDg/640?wx_fmt=jpeg|https://mmbiz.qpic.cn/mmbiz_png/JuHKsibDbKnc4LNKSgYpYkA1bsmwHsgFZQ0kMM9u8wDxMf4q4jP5qnaLWmOrUTic9wYXv5RaFFwnX0RmXOGuDBicg/640?wx_fmt=png]]></image>
</data>
