<data>
  <id><![CDATA[52275380]]></id>
  <url><![CDATA[https://mp.weixin.qq.com/s?timestamp=1542193140&src=3&ver=1&signature=BCr3pR2wzFii2UXcw1UHeYgJePNycaPJnukU17uk3qLa0HQ4U*OtaXcJGiYEwYXbZPeOXUqFtYYPUlmiPuIDZN8Jk*PrreJZRLhzBP5FkvkzMs-JKOXe4HNLJpVEbAs84OY6EA8PxN703jIPxVGXUA6pryOCrR-GMnHO33YS8AE=]]></url>
  <title><![CDATA[交警告诉你：这几种情况容易导致轮胎异常磨损]]></title>
  <content><![CDATA[有人将车的轮胎比喻成人的鞋，这未尝不可，不过从未听说过鞋底出现爆裂会出人命的故事，而轮胎爆裂导致车毁人亡的消息则是时有听闻。从这一角度看，轮胎对您爱车的重要性远远超过鞋对人的重要性呢。因此，轮胎的正确使用与否不但对汽车运行状态有影响，对汽车的安全性更有重要影响。 下面小编来介绍一下轮胎的异常磨损及其根本原因。01、轮胎两侧磨损过大主要原因是轮胎胎压不足或长时间超载行驶。胎压过低或者满载时轮胎的胎面与地面接触面积增加，就会造成轮胎两侧磨损严重。02、左右前轮胎肩波浪状磨损左后轮内侧，右后轮外侧异常磨损严重。主要原因是前后轮相对应的轮轴不平行，轴距右侧比左侧大。在做四轮定位时，一定要注意左右两侧车辆的长度相等，否则会出现这种情况。03、右前轮胎肩波浪状磨损严重左前轮常磨损轻微，其它轮正常。主要原因为转向横拉杆球头松旷，检查转向横拉杆球头。04、轮胎出现斑秃形磨损轮胎的个别部位出现斑秃性严重磨损，原因可能是车轮动平衡有问题。当车轮动不平衡时车轮高速运转，轮胎个别部分会受力比较大，加剧磨损，同时造成方向盘发抖（在高速或者特定转速时出现这种情况）。05、轮胎的中央磨损原因多是轮胎胎压过高，胎压过高会使轮胎形变较为严重，与地面的接触面积变成胎冠部分，导致中央磨损过甚，还会影响汽车的舒适性。06、轮胎偏磨原因多是四轮定位参数失准，一般当前车轮外倾过大时，轮胎的内侧容易单边磨损，外倾角过小时外侧容易磨损。07、左右前轮胎肩波浪状磨损后轮正常主要原因是前轮前束参数调整不当、转向拉杆球头磨损严重松旷、轴距误差轻微超过标准或前轮有摆振的倾向。08、轮胎磨损均匀但磨损量大一般原因为道路路况太差，轮胎花纹不适合此路面，或者四轮轮胎花纹不一致，没有进行四轮换位等情况，都有可能出现轮胎磨损均匀但磨损量过大。欢迎转发点赞转载请联系授权更多精彩内容国外大品牌纷纷调低业绩预期，而国内轮胎企业却利润暴涨！大批轮胎企业环保违法遭巨额罚款！轮胎涨价箭在弦上好轮胎都有哪些？奚仲奖告诉你！倍耐力、贵州、金宇等19家轮胎企业强势涨价！来势汹汹！固铂升级版AT3家族轮胎推三款新品 荣获“SEMA 2018年度最佳轮胎产品奖”商用车胎哪家强？快看奚仲奖评选！轮胎人被炸身亡 妻子嚎啕痛哭！产品远销200个国家！ 昊华轮胎SEMA展彰显产品魅力！浦林成山亮相SEMA展 彰显中国品牌力量！创新第二代吸附技术 佳通全系冬季轮胎全新上市责任编辑 | 杨巍文章来源 | 网络点击【阅读原文】参与百强轮胎门店评选！]]></content>
  <author><![CDATA[车与轮精英轮胎店主联盟]]></author>
  <time>2018-11-09 19:18:38</time>
  <account><![CDATA[TIREDEALER]]></account>
  <image><![CDATA[https://mmbiz.qpic.cn/mmbiz_gif/JuHKsibDbKnfZlLwo9DoDhjYTxJe9QDzcyI12pqC0Auw8ZHzUI8nmjHdueMMYF2s4luAH0TZ1eGRXzcYQ9rDsvA/640?wx_fmt=gif|https://mmbiz.qpic.cn/mmbiz_jpg/JuHKsibDbKnfLcKcUJucatzV8TkQlAU7dobIt7XicnjA7TdoD6U73QicyHobyU8U5AmXcproKOnYAGkebwDZsqSjA/640?wx_fmt=jpeg|https://mmbiz.qpic.cn/mmbiz_jpg/kFmM8MeJcpxg3rED1QpTIOiaaEia2zX1IZmK7US8QIXG7icpr9vQqeyeyjGgtJicb7pcIKicTCE4on0SQFJntsIDa8w/640?wx_fmt=jpeg|https://mmbiz.qpic.cn/mmbiz_png/JuHKsibDbKnf0ZBqh9gF7mCicAxwOsnmf9iazSMRdZicpRAD1aWyq3gZ7uGhKGLibqtKNrDUCsrhgFtSxw1Bom24q8A/640?wx_fmt=png|https://mmbiz.qpic.cn/mmbiz_png/JuHKsibDbKnf0ZBqh9gF7mCicAxwOsnmf9Mludb2Pv7RphdPOXPN3tp4asclgialgvGgmTs33IzDJVuEibJ64Bib46w/640?wx_fmt=png|https://mmbiz.qpic.cn/mmbiz_png/JuHKsibDbKnf0ZBqh9gF7mCicAxwOsnmf9EibOTjYiax6tj4jW4ZOtsqicKxSWTPzFs31bHeicDWTBR0Y9lmx4J5wbbw/640?wx_fmt=png|https://mmbiz.qpic.cn/mmbiz_png/JuHKsibDbKnc4LNKSgYpYkA1bsmwHsgFZQ0kMM9u8wDxMf4q4jP5qnaLWmOrUTic9wYXv5RaFFwnX0RmXOGuDBicg/640?wx_fmt=png]]></image>
</data>
