<data>
  <id><![CDATA[52275380]]></id>
  <url><![CDATA[https://mp.weixin.qq.com/s?timestamp=1542193140&src=3&ver=1&signature=BCr3pR2wzFii2UXcw1UHeYgJePNycaPJnukU17uk3qLa0HQ4U*OtaXcJGiYEwYXbZPeOXUqFtYYPUlmiPuIDZNfqIOA2oY7vrr-Y0LLoi64QWihhCJhQBbnbq*1Yuayn9meD7Ps9soijb7fGg-gKTRG5FqSM8tb1J30S7SW0xxE=]]></url>
  <title><![CDATA[一年爆胎炸死人40起！轮胎店纷纷抵制问题轮胎！]]></title>
  <content><![CDATA[近日，小邦收到了一段轮胎店员为卡车轮胎充气被炸死的视频。视频中轮胎店员在轮胎充气完毕拔下了充气装置后，在检查时轮胎突然发生爆炸，钢圈冲击店员头部，造成店员当场死亡。小邦从事轮胎行业短短一年时间内轮胎爆炸导致轮胎人死亡的案例不下40起。重庆万州的一个轮胎店老板因轮胎爆炸死亡。江苏常州薛埠镇一轮胎店老板被轮胎炸死！这种轮胎爆炸死亡的惨案频频发生，并且可能还会继续发生......而对于频频发生的这种事故，轮胎人们都给出了这样的警告。贪便宜购买割标胎、磨标胎等问题轮胎，轮胎人死亡无人负责！请买正品轮胎，贪便宜购买到假货轮胎很危险。不要帮忙安装一些来路不明的网购轮胎。不能修补的轮胎别接单，这个可能威胁到你的生命。车主贪便宜购买了这些问题轮胎，就因为那便宜的几百甚至几十块钱让轮胎人赔上了性命。小邦说：每每看到这种惨案小邦都是心痛不已，在这里奉劝各位轮胎店主，在碰到了问题轮胎时，请拒绝安装和修补。不要因为生意而将生命置于险地，钱可以慢慢赚，但是用生命为问题轮胎买单！同事小邦也劝诫各位车主，问题轮胎不仅仅威胁了轮胎人的生命，在驾驶过程中发生爆炸同样也威胁到自己和家人的生命安全，请勿购买使用问题轮胎，给自己一个安全的驾驶环境！欢迎转发点赞转载请联系授权更多精彩内容因修车讨价还价，汽修师傅被砍死！凶手被执行死刑！双11来临，一大批血淋淋的网购问题轮胎来袭！2000公里亲测 朝阳SL369全地形AT胎火山行深度测试：万力SA302对比普利司通ER33 国产缺气保用轮胎更胜一筹涨价到2019年！米其林、固特异领衔20多家轮胎企业涨价！车主图省钱自行换胎身亡 换轮胎要去专业轮胎店！法院查封，债权拍卖，这家轮胎75强企业危在旦夕！质量标杆！锦湖轮胎又获一项政府殊荣！布局405个城市 途虎养车打造“超级车主日”仅仅十二个月，玛吉斯在印度的轮胎经销商超过1000家！责任编辑 | 杨巍点击【阅读原文】参与百强轮胎门店评选！]]></content>
  <author><![CDATA[车与轮精英轮胎店主联盟]]></author>
  <time>2018-11-13 19:37:39</time>
  <account><![CDATA[TIREDEALER]]></account>
  <image><![CDATA[https://mmbiz.qpic.cn/mmbiz_gif/JuHKsibDbKnfZlLwo9DoDhjYTxJe9QDzcyI12pqC0Auw8ZHzUI8nmjHdueMMYF2s4luAH0TZ1eGRXzcYQ9rDsvA/640?wx_fmt=gif|https://mmbiz.qpic.cn/mmbiz_jpg/JuHKsibDbKnfLcKcUJucatzV8TkQlAU7dobIt7XicnjA7TdoD6U73QicyHobyU8U5AmXcproKOnYAGkebwDZsqSjA/640?wx_fmt=jpeg|https://mmbiz.qpic.cn/mmbiz_jpg/JuHKsibDbKnffecZOIeWI4GMVS1sQnpKMgoe5kMhecv6Uu0AK27OHxeSTqkwibDibk815E45PICB9EnaeRIDP8rQw/640?wx_fmt=jpeg|https://mmbiz.qpic.cn/mmbiz_jpg/JuHKsibDbKnffecZOIeWI4GMVS1sQnpKMAEF5IWgZYvceDmjfn1MzItR0Uia1eE5wBofa86Z8b9VS9qATLMwA0Jw/640?wx_fmt=jpeg|https://mmbiz.qpic.cn/mmbiz_jpg/JuHKsibDbKnffecZOIeWI4GMVS1sQnpKMxZRhnCQDOflBlU5ZJgxmz4S7UVgFVic0lTiat7Hpicpj3B8zop6KKBeiag/640?wx_fmt=jpeg|https://mmbiz.qpic.cn/mmbiz_png/JuHKsibDbKnffecZOIeWI4GMVS1sQnpKMQVnuXDFGd53thibkahDicssHXGgyTcebLTQBNovOqA5YqVctnWicmzkKQ/640?wx_fmt=png|https://mmbiz.qpic.cn/mmbiz_png/JuHKsibDbKnc7k11PAWXA9iacWX0Vl61KpPYiaAnaTIVklicj8gMIicAHiauXgDFsLsuwNcpicdibwibxiaa6tbnAS6IMPxw/640?wx_fmt=png|https://mmbiz.qpic.cn/mmbiz_png/JuHKsibDbKnc7k11PAWXA9iacWX0Vl61KptnvRgYendownos3CQQjrbAqnTCXCEfkwueMWyRuFlYb157vuptb0dA/640?wx_fmt=png|https://mmbiz.qpic.cn/mmbiz_png/JuHKsibDbKnc7k11PAWXA9iacWX0Vl61Kp9YoUD78K7EY7QAav38EuQib4hk7o0RadiaauxnsIwgxmq4BSLibzRQBHg/640?wx_fmt=png|https://mmbiz.qpic.cn/mmbiz_png/JuHKsibDbKnc7k11PAWXA9iacWX0Vl61KpUu6NPasMxdhLZK5DrFB21Yom2j0A3OmT35CtiaI2m1XyO4JIichzUjHg/640?wx_fmt=png|https://mmbiz.qpic.cn/mmbiz_png/JuHKsibDbKnc4LNKSgYpYkA1bsmwHsgFZQ0kMM9u8wDxMf4q4jP5qnaLWmOrUTic9wYXv5RaFFwnX0RmXOGuDBicg/640?wx_fmt=png]]></image>
</data>
