<data>
  <id><![CDATA[52275380]]></id>
  <url><![CDATA[https://mp.weixin.qq.com/s?timestamp=1542193140&src=3&ver=1&signature=BCr3pR2wzFii2UXcw1UHeYgJePNycaPJnukU17uk3qLa0HQ4U*OtaXcJGiYEwYXbZPeOXUqFtYYPUlmiPuIDZNfqIOA2oY7vrr-Y0LLoi65keQjiCo*D37pJGuCuxTV-bXm9vy6gIWH1Vu6gdN9YvUPqneP1MgCrwbrQ1Simeyc=]]></url>
  <title><![CDATA[普利司通：放慢1000倍，看看你的轮胎为什么会鼓包！]]></title>
  <content><![CDATA[目前，国内道路因为大规模的建设和道路维护情况不及时的缘故，导致路况变得非常的糟糕，这是轮胎鼓包主要的原因。普利司通在宜兴的BS轮胎测试场进行了一系列测试，详情请看视频。视频中，我们可以看到，轮胎在经过各种坑洼路面时，造成的变形是非常严重的，而这种变形会导致轮胎内部容积缩小，气压开始强行挤压胎侧橡胶，从而导致轮胎鼓包，轮胎鼓包通常出现在胎侧，也是因为胎侧的较薄，在气压挤压过程中最容易变形。小邦说：其实轮胎正常行驶的情况下，鼓包出现的情况比较少，多数都是因为司机开车时不注意路面的坑洼，高速的驶过不平整的路面，才会形成鼓包。小邦也提醒各位车主，开车的时候请注意路面的坑洼，能够避开就避开，如果避之不及请减速慢行缓慢的通过，这样不会给轮胎造成过大的压力，轮胎自然就不会鼓包了！欢迎转发点赞转载请联系授权更多精彩内容因修车讨价还价，汽修师傅被砍死！凶手被执行死刑！双11来临，一大批血淋淋的网购问题轮胎来袭！2000公里亲测 朝阳SL369全地形AT胎火山行深度测试：万力SA302对比普利司通ER33 国产缺气保用轮胎更胜一筹涨价到2019年！米其林、固特异领衔20多家轮胎企业涨价！车主图省钱自行换胎身亡 换轮胎要去专业轮胎店！法院查封，债权拍卖，这家轮胎75强企业危在旦夕！质量标杆！锦湖轮胎又获一项政府殊荣！布局405个城市 途虎养车打造“超级车主日”仅仅十二个月，玛吉斯在印度的轮胎经销商超过1000家！责任编辑 | 杨巍点击【阅读原文】参与百强轮胎门店评选！]]></content>
  <author><![CDATA[车与轮精英轮胎店主联盟]]></author>
  <time>2018-11-13 19:37:39</time>
  <account><![CDATA[TIREDEALER]]></account>
  <image><![CDATA[https://mmbiz.qpic.cn/mmbiz_gif/JuHKsibDbKnfZlLwo9DoDhjYTxJe9QDzcyI12pqC0Auw8ZHzUI8nmjHdueMMYF2s4luAH0TZ1eGRXzcYQ9rDsvA/640?wx_fmt=gif|https://mmbiz.qpic.cn/mmbiz_jpg/JuHKsibDbKnfLcKcUJucatzV8TkQlAU7dobIt7XicnjA7TdoD6U73QicyHobyU8U5AmXcproKOnYAGkebwDZsqSjA/640?wx_fmt=jpeg|https://mmbiz.qpic.cn/mmbiz_png/JuHKsibDbKnc4LNKSgYpYkA1bsmwHsgFZQ0kMM9u8wDxMf4q4jP5qnaLWmOrUTic9wYXv5RaFFwnX0RmXOGuDBicg/640?wx_fmt=png]]></image>
</data>
