<data>
  <id><![CDATA[52275380]]></id>
  <url><![CDATA[https://mp.weixin.qq.com/s?timestamp=1542193140&src=3&ver=1&signature=BCr3pR2wzFii2UXcw1UHeYgJePNycaPJnukU17uk3qLa0HQ4U*OtaXcJGiYEwYXbZPeOXUqFtYYPUlmiPuIDZKk19g-c02ONx2PTL6*aabEjJebzCsQ61lDkqjtiQVff7n9aIKLbTpzKNf5SrQIaA32bpZpOnzl2IeAzzOOaLVA=]]></url>
  <title><![CDATA[质量标杆！锦湖轮胎又获一项政府殊荣！]]></title>
  <content><![CDATA[2018年9月，作为全球领先的轮胎制造商之一的锦湖轮胎在国家市场监督管理总局联合中共中央宣传部、国家发展和改革委员会、工业和信息化等34个相关部门、行业协会共同开展的“2018年全国质量月”活动中，锦湖轮胎凭借多年来良好的信用和过硬的产品质量，荣获"全国质量诚信标杆典型企业“的殊荣。此次活动的主题是“加强市场监管，建设质量强国”，旨在通过产品质量国家监督抽查和相关质量检测依据，向消费者选购产品提供公正、科学、权威的指导。此外，2018年10月中国质量检验协会还为锦湖轮胎颁发了“中国质量检验协会团体会员单位”荣誉证书，这是中国质量检验协会作为国家市场监督管理总局主管下的全国产品质量监督检验领域国家级质量专业组织授予部分质量工作优秀示范企业的重要荣誉，企业团体会员单位可在其企业介绍和产品包装及其相关宣传中广泛使用“中国质量检验协会团体会员单位”的荣誉称号，帮助消费者加强企业的信任和认同，提升企业的知名度、信任度和美誉度。国家强，则质量必须强。质量一直都是企业和产品核心竞争力的体现。此次喜获“全国质量诚信标杆典型企业”和“中国质量检验协会团体会员单位” 荣誉称号，这是对锦湖轮胎多年深耕在轮胎行业打造优质产品品质的赞许，也是对锦湖轮胎产品的高度认可。多年以来，锦湖轮胎在管理、研发、生产和售后等方面大力投入，承担起生产高品质产品和让消费者放心的责任，世界主流智能化工业4.0设备及系统进行生产及管理，品控严格的原材料使用外加独特的制造配方，为的就是不断提高产品质量和产品安全，履行着对消费者和全社会的承诺。因此锦湖轮胎在主流轿车市场以及SUV市场上多次被提名，列入“高满意度”范畴的轮胎品牌。在未来，锦湖轮胎将以强大的技术支撑，为中国不同种类的汽车市场提供更加多元化、高品质的产品选择，争取能为消费者们提供更卓越的产品和服务，使消费者放心，实现企业的健康发展。欢迎转发点赞转载请联系授权更多精彩内容国外大品牌纷纷调低业绩预期，而国内轮胎企业却利润暴涨！大批轮胎企业环保违法遭巨额罚款！轮胎涨价箭在弦上好轮胎都有哪些？奚仲奖告诉你！倍耐力、贵州、金宇等19家轮胎企业强势涨价！来势汹汹！固铂升级版AT3家族轮胎推三款新品 荣获“SEMA 2018年度最佳轮胎产品奖”商用车胎哪家强？快看奚仲奖评选！轮胎人被炸身亡 妻子嚎啕痛哭！产品远销200个国家！ 昊华轮胎SEMA展彰显产品魅力！浦林成山亮相SEMA展 彰显中国品牌力量！创新第二代吸附技术 佳通全系冬季轮胎全新上市责任编辑 | 吴世杰点击【阅读原文】参与百强轮胎门店评选！]]></content>
  <author><![CDATA[车与轮精英轮胎店主联盟]]></author>
  <time>2018-11-10 19:41:46</time>
  <account><![CDATA[TIREDEALER]]></account>
  <image><![CDATA[https://mmbiz.qpic.cn/mmbiz_gif/JuHKsibDbKnfZlLwo9DoDhjYTxJe9QDzcyI12pqC0Auw8ZHzUI8nmjHdueMMYF2s4luAH0TZ1eGRXzcYQ9rDsvA/640?wx_fmt=gif|https://mmbiz.qpic.cn/mmbiz_jpg/JuHKsibDbKnfLcKcUJucatzV8TkQlAU7dobIt7XicnjA7TdoD6U73QicyHobyU8U5AmXcproKOnYAGkebwDZsqSjA/640?wx_fmt=jpeg|https://mmbiz.qpic.cn/mmbiz_png/JuHKsibDbKnf0ZBqh9gF7mCicAxwOsnmf9c1wFNMad5ytPV2b3NEqFRKIDria77XGibWqIicTFiafNNFakcNpUd0ThFw/640?wx_fmt=png|https://mmbiz.qpic.cn/mmbiz_png/JuHKsibDbKnf0ZBqh9gF7mCicAxwOsnmf9WFPNE6zUWoR3By3MPfdg0u2icoxgG5FLEEz5icDmq9tB4JNrWUTWS7Cw/640?wx_fmt=png|https://mmbiz.qpic.cn/mmbiz_png/JuHKsibDbKnc4LNKSgYpYkA1bsmwHsgFZQ0kMM9u8wDxMf4q4jP5qnaLWmOrUTic9wYXv5RaFFwnX0RmXOGuDBicg/640?wx_fmt=png]]></image>
</data>
