<data>
  <id><![CDATA[52275380]]></id>
  <url><![CDATA[https://mp.weixin.qq.com/s?timestamp=1542193140&src=3&ver=1&signature=BCr3pR2wzFii2UXcw1UHeYgJePNycaPJnukU17uk3qLa0HQ4U*OtaXcJGiYEwYXbZPeOXUqFtYYPUlmiPuIDZGYnvUqYnEAi3at31Q0KpWUgf8QBJ2DgTKXVdfZRVyj14m6S6mtjtR-ACyQbsS7cMEyjC2iKvtm9ONlg9k-3nqM=]]></url>
  <title><![CDATA[1543万又一家轮胎企业变卖了！]]></title>
  <content><![CDATA[据车与轮小邦了解，重庆市云阳县人民法院将于2018年11月26日对重庆旭恒橡胶制品有限公司（以下简称旭恒橡胶）部分资产进行司法变卖。此次变卖包含了重庆旭恒橡胶制品有限公司所有的位于云阳县人和镇工业园区的房屋及土地使用权，总土地面积为33041.6平方米，建筑面积 14866.09平方米，变卖价15,437,408元，评估价27,566,800万元。据车与轮小邦调查，旭恒橡胶之前已经经历过两次司法拍卖，第一次拍卖2018年10月12日10时至2018年10月13日10时，第二次拍卖于2018年11月7日10时至2018年11月8日10时，但是都已流拍的形式结束。于是这次将会以变卖的形式来出售旭恒橡胶的部分资产。（第一次司法拍卖）（第二次司法拍卖）调查发现，旭恒橡胶在三年时间内曾多次被法院列为失信被执行人名单当中，在2015年3月16日还被云阳县质监局发布《生产以不合格冒充合格产品》的质监罚款。2016年7月在因未全部履行支付重庆诚信化工有限公司货款及违约金而被列为失信被执行人，并在三年时间内被法院6次列为失信被执行人。据调查，旭恒橡胶是西南地区最早从事摩托车轮胎生产的企业，曾经辉煌的时候能够达到年产量外胎300万条、内胎600万条产量。并且旗下的“菲力克”和“旭恒”两大品牌的摩托车轮胎，在东南亚的销量也非常不错。而信贷失信、产品质检等一系列的的问题将旭恒橡胶逼到了变卖厂区土地的地步。欢迎转发点赞转载请联系授权更多精彩内容因修车讨价还价，汽修师傅被砍死！凶手被执行死刑！双11来临，一大批血淋淋的网购问题轮胎来袭！2000公里亲测 朝阳SL369全地形AT胎火山行深度测试：万力SA302对比普利司通ER33 国产缺气保用轮胎更胜一筹涨价到2019年！米其林、固特异领衔20多家轮胎企业涨价！车主图省钱自行换胎身亡 换轮胎要去专业轮胎店！法院查封，债权拍卖，这家轮胎75强企业危在旦夕！质量标杆！锦湖轮胎又获一项政府殊荣！布局405个城市 途虎养车打造“超级车主日”仅仅十二个月，玛吉斯在印度的轮胎经销商超过1000家！责任编辑 | 杨巍点击【阅读原文】参与百强轮胎门店评选！]]></content>
  <author><![CDATA[车与轮精英轮胎店主联盟]]></author>
  <time>2018-11-12 18:15:06</time>
  <account><![CDATA[TIREDEALER]]></account>
  <image><![CDATA[https://mmbiz.qpic.cn/mmbiz_gif/JuHKsibDbKnfZlLwo9DoDhjYTxJe9QDzcyI12pqC0Auw8ZHzUI8nmjHdueMMYF2s4luAH0TZ1eGRXzcYQ9rDsvA/640?wx_fmt=gif|https://mmbiz.qpic.cn/mmbiz_jpg/JuHKsibDbKnfLcKcUJucatzV8TkQlAU7dobIt7XicnjA7TdoD6U73QicyHobyU8U5AmXcproKOnYAGkebwDZsqSjA/640?wx_fmt=jpeg|https://mmbiz.qpic.cn/mmbiz_png/JuHKsibDbKnc7k11PAWXA9iacWX0Vl61Kpa8H2c1rp63UWYRibyIAKf1HjzGTOL2EZyW6KJNN6d3E5EOOP4iadKMrQ/640?wx_fmt=png|https://mmbiz.qpic.cn/mmbiz_png/JuHKsibDbKnc7k11PAWXA9iacWX0Vl61KpemZxzK2sLJHpFIyb5ZicxDuDUnUSkBnBn17WBpkOvJ9QVku9Nkgp1Dw/640?wx_fmt=png|https://mmbiz.qpic.cn/mmbiz_png/JuHKsibDbKnc7k11PAWXA9iacWX0Vl61KpqHxPy7oH3GOag9dqd2LuAGqpaANwLbIUibq33r8y6pEHEZqdlkiaBW6A/640?wx_fmt=png|https://mmbiz.qpic.cn/mmbiz_png/JuHKsibDbKnc7k11PAWXA9iacWX0Vl61Kpm9U9gb9IPNuI3oiaibia2BmB2RdDQJwUXmJMbLg3wZKKJMTCuDo4Ficabg/640?wx_fmt=png|https://mmbiz.qpic.cn/mmbiz_png/JuHKsibDbKnc7k11PAWXA9iacWX0Vl61KpeRZyAJZzzHcEZAzAyxxWzb37Cmz3j6jJVwxCJbQQVlxAnICTQC7tVw/640?wx_fmt=png|https://mmbiz.qpic.cn/mmbiz_png/JuHKsibDbKnc7k11PAWXA9iacWX0Vl61KpYBhpKRwuFN7NoOJxe61KDSeJib4BBw3iaO8EhfOibIaOribz0dib3wdFQibw/640?wx_fmt=png|https://mmbiz.qpic.cn/mmbiz_png/JuHKsibDbKnc4LNKSgYpYkA1bsmwHsgFZQ0kMM9u8wDxMf4q4jP5qnaLWmOrUTic9wYXv5RaFFwnX0RmXOGuDBicg/640?wx_fmt=png]]></image>
</data>
