<data>
  <id><![CDATA[52275380]]></id>
  <url><![CDATA[https://mp.weixin.qq.com/s?timestamp=1542193140&src=3&ver=1&signature=BCr3pR2wzFii2UXcw1UHeYgJePNycaPJnukU17uk3qLa0HQ4U*OtaXcJGiYEwYXbZPeOXUqFtYYPUlmiPuIDZKk19g-c02ONx2PTL6*aabHP1WWyQDICvxBryjsH8lY3GBpvevkStU7ttsDvE*OE9cvQM0Z1q5Z532T5WbkuvGY=]]></url>
  <title><![CDATA[85000元！天价拖拉机轮胎，网友大呼买不起！]]></title>
  <content><![CDATA[当轮胎搭载新技术，就变成了......土豪轮胎！近日，荷兰一制造商研制了一项新的轮胎系统，两只轮胎要价一万欧元左右，折合人民币85000元！这个像变形金刚一样的东西，就是荷兰一家机械制造公司研发的产品。其搭载的新型轮胎系统，使后轮部分可以自由切换为单双轮，以免在公共道路上行驶时，超过允许的宽度。该系统采用两只额外的拖拉机轮胎，并将其固定在原有四驱动拖拉机后轮的两侧。当在田间作业时，可以向下折叠进入作业状态。当在公共路段行驶时，向上折叠并使其停放在拖拉机驾驶室后方。与此同时，抬起的车轮保持足够高的离地高度，以便司机师傅方便操控3连杆系统。无论是上翻还是下叠，期间均有液压系统控制。这种新型结构的轮胎并非全自动化，当轮胎向上翻起时，需要人工将固定双轮胎的大型螺丝松卸，随后在驾驶舱控制液压系统控制轮胎上翻，当下叠时反向操作。科技真是发达，这种配备高科技的轮胎，小邦也表示买不起......反正双十一要来了，那些贵的让人买不起的轮胎，一口气看个够吧：迪拜 Z Tyre迪拜一间橡胶公司的一套名为Z Tyre 超奢华顶级轮胎，一套要价高达令人发指的60 万美金（约395 万人民币），曾创下世界上最贵轮胎的纪录！这套轮胎在胎壁上镶入了满满的24克拉黄金及钻石，具有超高的辨识度！该公司表示，相信这套轮胎大多数人不会买去开，而是作收藏用，而该套轮胎若成功出售，所得费用也将捐出用与慈善活动，希望藉此帮助其他人。花了60万美金买了四个大橡胶放家里收藏......我只能说土豪的世界我不是很懂啊。米其林 Pilot Sport PS2曾为世界最高速车的Bugatti Veyron，其四只大脚配置的轮胎，就是米其林为其专门制作的顶级跑胎：Pilot Sport PS2。这组Pilot Sport PS2跑胎在售价上自然也不会太过亲民，四颗一组不二价，60万美金。一个轮胎就顶一辆豪车！卡特797系列轮胎全世界载重量最大的卡车卡特797系列，比MT5900还牛，车外有车，先看轮胎。这车到哪里都是景区，合影的人特别多，因为平时根本见不到，看看小朋友站到他面前是什么样子。这个轮胎是797F第三代轮胎，采矿和重型施工机械专用。一个轮胎是3万美金，一个轮胎接近20万人民币。进口过来什么都算上，起码70万人民币啊，不算轮毂，只是轮胎，轮胎如果高价卖你，你也要接受 不然买不到轮胎，这就是垄断。欢迎转发点赞转载请联系授权更多精彩内容国外大品牌纷纷调低业绩预期，而国内轮胎企业却利润暴涨！大批轮胎企业环保违法遭巨额罚款！轮胎涨价箭在弦上好轮胎都有哪些？奚仲奖告诉你！倍耐力、贵州、金宇等19家轮胎企业强势涨价！来势汹汹！固铂升级版AT3家族轮胎推三款新品 荣获“SEMA 2018年度最佳轮胎产品奖”商用车胎哪家强？快看奚仲奖评选！轮胎人被炸身亡 妻子嚎啕痛哭！产品远销200个国家！ 昊华轮胎SEMA展彰显产品魅力！浦林成山亮相SEMA展 彰显中国品牌力量！创新第二代吸附技术 佳通全系冬季轮胎全新上市责任编辑 | 吴世杰点击【阅读原文】参与百强轮胎门店评选！]]></content>
  <author><![CDATA[车与轮精英轮胎店主联盟]]></author>
  <time>2018-11-10 19:41:46</time>
  <account><![CDATA[TIREDEALER]]></account>
  <image><![CDATA[https://mmbiz.qpic.cn/mmbiz_gif/JuHKsibDbKnfZlLwo9DoDhjYTxJe9QDzcyI12pqC0Auw8ZHzUI8nmjHdueMMYF2s4luAH0TZ1eGRXzcYQ9rDsvA/640?wx_fmt=gif|https://mmbiz.qpic.cn/mmbiz_jpg/JuHKsibDbKnfLcKcUJucatzV8TkQlAU7dobIt7XicnjA7TdoD6U73QicyHobyU8U5AmXcproKOnYAGkebwDZsqSjA/640?wx_fmt=jpeg|https://mmbiz.qpic.cn/mmbiz_png/JuHKsibDbKnfo5ia2recbI5vyVcXEyQ8A1XIwWljqHIBPoJIhB1t7VdqJcIdXM5BqMJRfNGIvYL9icPOBxstDHKrg/640?wx_fmt=png|https://mmbiz.qpic.cn/mmbiz_jpg/JuHKsibDbKnfo5ia2recbI5vyVcXEyQ8A1miayAk77u7SkibUyr96shlylfhoADxlS9cVj3Aev2n5XXkAThnNzds0Q/640?wx_fmt=jpeg|https://mmbiz.qpic.cn/mmbiz_jpg/JuHKsibDbKnfo5ia2recbI5vyVcXEyQ8A1QSFwDbtdTAx8uIFMDb25aEvrfN3JuSb1bEchLX5S0wq4bCXACQCBJA/640?wx_fmt=jpeg|https://mmbiz.qpic.cn/mmbiz_jpg/JuHKsibDbKnfo5ia2recbI5vyVcXEyQ8A1iaicqXoPkWpoNIoX07Q4eEPrhPCKHMW8g4DlfATXSkzVL3xZCiaOdaibBQ/640?wx_fmt=jpeg|https://mmbiz.qpic.cn/mmbiz_jpg/JuHKsibDbKnfo5ia2recbI5vyVcXEyQ8A1Pw1NNvvqoicrj6KvwFlUKdgRR5mN6HPJZibibqGWP4n2XSfKm9xl2VJ5w/640?wx_fmt=jpeg|https://mmbiz.qpic.cn/mmbiz_jpg/JuHKsibDbKnfo5ia2recbI5vyVcXEyQ8A10WP24icjXibu8osOARW1oZz0WZ9ibkjcQF8fwtAfxFj79mFur3Sf8vnDg/640?wx_fmt=jpeg|https://mmbiz.qpic.cn/mmbiz_jpg/JuHKsibDbKnfo5ia2recbI5vyVcXEyQ8A1cNMGZCheB0HxdftXCTe1GsTYMoTibWPKLIl0Zt1N248CEpycNLV7iauA/640?wx_fmt=jpeg|https://mmbiz.qpic.cn/mmbiz_jpg/JuHKsibDbKnfo5ia2recbI5vyVcXEyQ8A1hrVn4Kbd7J8XVgI9SYlZDFTvLha9Qs1Oiajb0XRuMjgFOpZtuiaKIT5Q/640?wx_fmt=jpeg|https://mmbiz.qpic.cn/mmbiz_jpg/JuHKsibDbKnfo5ia2recbI5vyVcXEyQ8A1zUmkaKa3yia0MphgibCqCtg17aiaFlD8XJbRs0Onozlfhp27tNNl6Ywpw/640?wx_fmt=jpeg|https://mmbiz.qpic.cn/mmbiz_png/JuHKsibDbKnc4LNKSgYpYkA1bsmwHsgFZQ0kMM9u8wDxMf4q4jP5qnaLWmOrUTic9wYXv5RaFFwnX0RmXOGuDBicg/640?wx_fmt=png]]></image>
</data>
