<data>
  <id><![CDATA[52275380]]></id>
  <url><![CDATA[https://mp.weixin.qq.com/s?timestamp=1542193140&src=3&ver=1&signature=BCr3pR2wzFii2UXcw1UHeYgJePNycaPJnukU17uk3qLa0HQ4U*OtaXcJGiYEwYXbZPeOXUqFtYYPUlmiPuIDZNfqIOA2oY7vrr-Y0LLoi67Jco1FGSI1eaRk98tAuJT0ctNTpdLtPVFJU-kRuWcgEdSKqrMGf8zcctS9rx7CCpI=]]></url>
  <title><![CDATA[轮胎人会没钱，你信？甩出厚厚一捆！吓到了.....]]></title>
  <content><![CDATA[这几年轮胎价格一直在涨，很多车主看到涨价后的轮胎纷纷摇头叹息，“越来越贵了，买不起了快。”但提起轮胎经销商呢，很多人都认为他们的存款肯定多，每天进货出货，腰上的钱包越来越鼓了，他们说自己没赚到钱，你信吗？结果，轮胎经销商拿出厚厚一摞的账本，“喏，都在这里面呢”你说钱在哪？进货了。货又在哪？又卖了。货卖出去的钱呢？在人家手里欠着呢。那收到的钱呢？进货了。钱到底挣着没？挣了点。在哪呢？要不都在库里，要不都在外面飘着。就这么循环下去.....钱不是钱，而是货；货不是货，而是债；银行里有钱，却都是流水；说不累，信吗？说没钱，信吗？讲多了都是泪，苦水自己咽，不容易啊，十一月了，咱们的轮胎账也该清清了吧！很多轮胎人都经历过每天有钱进账，可是却反要借钱进货，都是债惹的祸。每个月底，都是轮胎人要账的高峰期，向你借钱时，恭恭敬敬的差点下跪，你向他要钱时，低声下气的变成孙子，脸色不好时直接告诉你没钱，脸色好点的还会给你个期限，特不懂这个世道，欠账的反倒自己还有理了？欠账还款难，轮胎人的心路历程坎坷，还有人作出了对联！一、要钱难！难于上青天！今天要，明天给，明天过去后天给！今日去，明日去，天天上门白去！二、该清账了！微信呼电话喊你不烦，我都烦！你说没钱心累我是没钱买醉三、赊你账是信任你宽限几日是抬举你你不还款脸无光明日咱两就掰光四、贵人不多真情付出看品质欠账不还知人意不求滴水之恩当涌泉相报，千万别恩将仇报！五、站着借你钱，跪着去要债，还吗？不还！有的帐，其实已经几年了，有的帐，也有几个月了，有的帐，已经要了几次了，我做的只是小本买卖，一年也就挣点辛苦钱，整天还要担惊受怕，实在是拖不起，伤不起！建议各位赊账的人早还款，不要让愿意借你的轮胎人心凉！欢迎转发点赞转载请联系授权更多精彩内容因修车讨价还价，汽修师傅被砍死！凶手被执行死刑！双11来临，一大批血淋淋的网购问题轮胎来袭！2000公里亲测 朝阳SL369全地形AT胎火山行深度测试：万力SA302对比普利司通ER33 国产缺气保用轮胎更胜一筹涨价到2019年！米其林、固特异领衔20多家轮胎企业涨价！车主图省钱自行换胎身亡 换轮胎要去专业轮胎店！法院查封，债权拍卖，这家轮胎75强企业危在旦夕！质量标杆！锦湖轮胎又获一项政府殊荣！布局405个城市 途虎养车打造“超级车主日”仅仅十二个月，玛吉斯在印度的轮胎经销商超过1000家！责任编辑 | 陈晓辉点击【阅读原文】参与百强轮胎门店评选！]]></content>
  <author><![CDATA[车与轮精英轮胎店主联盟]]></author>
  <time>2018-11-13 19:37:39</time>
  <account><![CDATA[TIREDEALER]]></account>
  <image><![CDATA[https://mmbiz.qpic.cn/mmbiz_gif/JuHKsibDbKnfZlLwo9DoDhjYTxJe9QDzcyI12pqC0Auw8ZHzUI8nmjHdueMMYF2s4luAH0TZ1eGRXzcYQ9rDsvA/640?wx_fmt=gif|https://mmbiz.qpic.cn/mmbiz_jpg/JuHKsibDbKnfLcKcUJucatzV8TkQlAU7dobIt7XicnjA7TdoD6U73QicyHobyU8U5AmXcproKOnYAGkebwDZsqSjA/640?wx_fmt=jpeg|https://mmbiz.qpic.cn/mmbiz_jpg/JuHKsibDbKneEdPUm6lOWn9qv3jUnnfdzXpnpdRpktmrPicp2JfnibLpGm8QSC785VZvCpzvG2Yd69tcibtqgvMIicQ/640?wx_fmt=jpeg|https://mmbiz.qpic.cn/mmbiz_jpg/JuHKsibDbKneEdPUm6lOWn9qv3jUnnfdzHJO8tib52eDVriaic5c0WpufniaIe0plQJQ7blaSVyyaqibq7zeFjS5cRbQ/640?wx_fmt=jpeg|https://mmbiz.qpic.cn/mmbiz_jpg/JuHKsibDbKneEdPUm6lOWn9qv3jUnnfdzvCV2qchdqP73Ce8nCl0hcOAmVTJK5d3vOynh2mYqfOOEk8ib78zpdnA/640?wx_fmt=jpeg|https://mmbiz.qpic.cn/mmbiz_jpg/JuHKsibDbKneEdPUm6lOWn9qv3jUnnfdzZT21QtCeETzRM4kJx1MPgJHfJ5Ab0ORTE91vaiabwmguZ6DNsP6b68Q/640?wx_fmt=jpeg|https://mmbiz.qpic.cn/mmbiz_jpg/JuHKsibDbKneEdPUm6lOWn9qv3jUnnfdzJApUWunbO7x2icXibyv8P3XgLZlsNej1Pn14Na3AXbtEygWLcPQrmI0w/640?wx_fmt=jpeg|https://mmbiz.qpic.cn/mmbiz_png/JuHKsibDbKnc4LNKSgYpYkA1bsmwHsgFZQ0kMM9u8wDxMf4q4jP5qnaLWmOrUTic9wYXv5RaFFwnX0RmXOGuDBicg/640?wx_fmt=png]]></image>
</data>
