<data>
  <id><![CDATA[52275380]]></id>
  <url><![CDATA[https://mp.weixin.qq.com/s?timestamp=1542193140&src=3&ver=1&signature=BCr3pR2wzFii2UXcw1UHeYgJePNycaPJnukU17uk3qLa0HQ4U*OtaXcJGiYEwYXbZPeOXUqFtYYPUlmiPuIDZP6ywvjNIY194iVtOhXZzDy44Ameg99sCLFYETXz0AyIxI2Xd7VTBEsmhxsgNDB98gHufuBMjOvmrjZSFvr*-7s=]]></url>
  <title><![CDATA[爆胎事故频发|盘点那些“省钱不要命”的车主]]></title>
  <content><![CDATA[轮胎脱落、轮胎爆胎、轮胎自燃、轮胎打滑，不及时保养和维护轮胎酿成了众多惨绝人寰的交通事故。更有甚者，爆胎后依然不换轮胎，害人又害己。今天小邦就来盘点一下那些省钱不要命的车主。货车爆胎后，靠轮毂跑40公里被拦11月5日上午，在泰安西收费站，泰安交警岱宁大队执勤民警发现一辆大货车左边的一个车轮不见了！空有个轱辘在转动……“太危险！”民警迅速将其拦截。据司机称，行至化马湾附近时，发现轮胎坏了，于是就拆除了，想等回家后再去修理。民警告知其危险性，责令其将货车修理好。高速上后轮爆胎旋转360度前两天，在沪渝南线高速公路上发生惊险的一幕，一辆面包车后轮突然爆胎，车子在路上越过两条车道，转了360度的圈，所幸事发时驾驶员操作得当，最后平稳地停在了应急车道上。不知道该夸这司机技术好呢，还是怪他不要命呢？“危化品”车爆胎后继续行驶，被罚款10月30日10时30分许，临猗交警大队北景中队民警在执法站例行检查中，发现惊人一幕，牌号为陕C276**危化品运输车左后方一轮胎已完全爆裂，竟然在国道上快速行驶。驾驶员张某某(临猗人)明知轮胎在七、八十公里之外的河津市就已经爆裂，却心存侥幸、不以为然，准备赶到临猗县城再换。最后在民警帮助下，现场更换了备用轮胎。根据《中华人民共和国道路交通安全法》相关规定，张某某因驾驶机件不符合技术标准的机动车，受到罚款200元处理。商务车挤16人，严重超载致爆胎日前，四川高速交警在G5京昆高速成雅段开展夜间巡逻，发现一辆川W牌照的白色商务车因爆胎停放在高速公路应急车道内，且车辆后方未摆放任何警示标志，数名乘客拎着大大小小的行李站在车后方，情形十分危险。经查，该车核载7人，实载16人（其中包含一名婴儿），驾驶人存在非法营运且严重超员的违法行为，涉嫌危险驾驶罪，目前公安机关已采取强制措施。轿车爆胎，货车与其追尾10月13日上午，在钦州港区滨海公路旧村路段，一辆大货车追尾了一辆小轿车。事故发生前小轿车由于轮胎爆胎导致车辆抛锚停在慢车道上，并且小轿车驾驶员在后方摆放了三角牌。大约早上6点左右，由东往西直行的大货车由于没有注意观察停在慢车道上的小轿车，致使大货车一头撞向了小轿车的尾部。小轿车尾部损坏严重，三厢轿车变成两厢。爆胎致女司机卡死车内10月11日，在成都三环路外侧凤凰立交往成彭立交方向，一位女司机驾驶面包车在凤凰立交往成彭立交的上坡时，车辆的右后胎突然爆胎，女司机当场死亡。据目击者介绍，由于轮胎爆胎，车辆突然失去重心，撞到了路边的一个标志牌杆上。让人痛心的是，由于车辆撞击时的力度比较猛烈，车辆前部已经严重变形，右轮断裂。等120急救车赶来的时候，面包车女司机也已经失去了生命体征。小邦说：省钱，不更换危险轮胎，是对自己和他人生命的不负责。一旦发生爆胎事故，其后果是灾难性的！预防爆胎，远离危险，要从日常保养抓起：1、经常检查轮胎在冷却时候的胎压，包括备胎。发现胎压不足要立即更换。2、经常性地提出胎面花纹沟槽中的石子等异物，以免胎冠变形。3、检查轮胎胎侧是否有刮痕、刺伤，是否露出帘线。如果有，要及时修补或更换。4、对车辆进行四轮定位检查，若定位不良，要及时矫正，否则会造成轮胎不规则磨损。欢迎转发点赞转载请联系授权更多精彩内容国外大品牌纷纷调低业绩预期，而国内轮胎企业却利润暴涨！大批轮胎企业环保违法遭巨额罚款！轮胎涨价箭在弦上好轮胎都有哪些？奚仲奖告诉你！倍耐力、贵州、金宇等19家轮胎企业强势涨价！来势汹汹！固铂升级版AT3家族轮胎推三款新品 荣获“SEMA 2018年度最佳轮胎产品奖”商用车胎哪家强？快看奚仲奖评选！轮胎人被炸身亡 妻子嚎啕痛哭！产品远销200个国家！ 昊华轮胎SEMA展彰显产品魅力！浦林成山亮相SEMA展 彰显中国品牌力量！创新第二代吸附技术 佳通全系冬季轮胎全新上市责任编辑 | 吴世杰点击【阅读原文】参与百强轮胎门店评选！]]></content>
  <author><![CDATA[车与轮精英轮胎店主联盟]]></author>
  <time>2018-11-06 19:47:22</time>
  <account><![CDATA[TIREDEALER]]></account>
  <image><![CDATA[https://mmbiz.qpic.cn/mmbiz_gif/JuHKsibDbKnfZlLwo9DoDhjYTxJe9QDzcyI12pqC0Auw8ZHzUI8nmjHdueMMYF2s4luAH0TZ1eGRXzcYQ9rDsvA/640?wx_fmt=gif|https://mmbiz.qpic.cn/mmbiz_jpg/JuHKsibDbKnfLcKcUJucatzV8TkQlAU7dobIt7XicnjA7TdoD6U73QicyHobyU8U5AmXcproKOnYAGkebwDZsqSjA/640?wx_fmt=jpeg|https://mmbiz.qpic.cn/mmbiz_jpg/JuHKsibDbKndY6HkVHTrkibuC5njRWJqUsqCDicNDgaEpZb1WWbQonMMMsc5Xicx7yIkSNviakZgI93dIVBtUT7Oumw/640?wx_fmt=jpeg|https://mmbiz.qpic.cn/mmbiz_jpg/JuHKsibDbKndY6HkVHTrkibuC5njRWJqUsmOBK6BuicA12W2qtWlO1qytExXVzFNUlxMhCv9znfZw6jkBQ0MibsPKw/640?wx_fmt=jpeg|https://mmbiz.qpic.cn/mmbiz_png/JuHKsibDbKne3otw61ic2JEpPm8QWL39SbufLoc982ECXrVh7OFnFBV85nRXgBJeHibg02vJCvzCruE3pfWP0KfIg/640?wx_fmt=png|https://mmbiz.qpic.cn/mmbiz_jpg/JuHKsibDbKndY6HkVHTrkibuC5njRWJqUs08pIGCHKkHLUpyWXEiaiayxS6YTu6fJl1nSkkV2jPS3pNmkcM1khKcMw/640?wx_fmt=jpeg|https://mmbiz.qpic.cn/mmbiz_jpg/JuHKsibDbKndY6HkVHTrkibuC5njRWJqUs82OPkHFQeMYrAYzwBt04GGiaeVPmia7QgzdfI22I1HE4DiazzBD4Glh9g/640?wx_fmt=jpeg|https://mmbiz.qpic.cn/mmbiz_jpg/JuHKsibDbKndY6HkVHTrkibuC5njRWJqUs47IENkFXpWM2nxJEeMrUPicxw3icT74RX5hKo3icVSzy1hW3QcicsSKcRw/640?wx_fmt=jpeg|https://mmbiz.qpic.cn/mmbiz_jpg/JuHKsibDbKndY6HkVHTrkibuC5njRWJqUsqnL91Ges4ou5DjBYFgQ1MExyBKV2l9GAb6b7k4wPN8aBHYGpGEjOOw/640?wx_fmt=jpeg|https://mmbiz.qpic.cn/mmbiz_png/JuHKsibDbKnc4LNKSgYpYkA1bsmwHsgFZQ0kMM9u8wDxMf4q4jP5qnaLWmOrUTic9wYXv5RaFFwnX0RmXOGuDBicg/640?wx_fmt=png]]></image>
</data>
