<data>
  <id><![CDATA[52275380]]></id>
  <url><![CDATA[https://mp.weixin.qq.com/s?timestamp=1542193140&src=3&ver=1&signature=BCr3pR2wzFii2UXcw1UHeYgJePNycaPJnukU17uk3qLa0HQ4U*OtaXcJGiYEwYXbZPeOXUqFtYYPUlmiPuIDZDv6h3bsZDnu2NlY4vaoZ*Bh4TtU--UeFvw6cEHlX2x1WwPdC6xoeuP3MxLrupivN*Po*3smYgrTLF0fkeZcCyQ=]]></url>
  <title><![CDATA[涨价到2019年！米其林、固特异领衔20多家轮胎企业涨价！]]></title>
  <content><![CDATA[自10月1日开始至今20多家企业宣布了涨价，米其林、固特异、耐克森、佳通、锦湖、万力、赛轮、倍耐力、贵州轮胎、玲珑轮胎、正新橡胶、浦林成山这些国内外大型轮胎企业纷纷发布了涨价消息，详情请看下表：（2018年11月企业涨价汇总）（2018年10月企业涨价汇总）近几日又有5家国内外企业宣布对旗下轮胎产品进行涨价，其中米其林的涨价生效时间涵盖甚广，连2019年的涨价通知都包含其中。延长橡胶11月15日涨价2%-4%10月29日，延长橡胶公告称，由于受到了原材料价格上涨的影响，公司决定11月15日将全钢营销价格进行调整，而从11月15日起上调轮胎开票价格，调整幅度为2%-4%。元丰橡胶11月10日轮胎价格上调2%-3%元丰橡塑11月2日公告表示，由于原材料价格的持续上涨，导致公司产品制造成本进一步提升，决定于2018年11月10日起将轮胎产品价格上调2%-3%。中创轮胎11月15日价格上涨3%2018年11月6日，中创轮胎公告通知，受到原材料价格的上涨影响，生产成本提升，公司决定于2018年11月15日对所有产品的价格上调3%。米其林北美轮胎12月1日涨价8%11月6日米其林北美公司公告表示，由于原材料价格，米其林北美将于12月1日将所有商业品牌，产品和服务的价格将上涨8％。并与2019年1月1日将美国与加拿大的BFGoodrich和Uniroyal乘用车和轻型卡车轮胎价格提升5%。固特异12月1日轮胎价格上涨4%11月6日固特异发表声明由于原材料市场的波动及品牌的高端定位，将于12月1日提升在美国出售的所有商用轮胎及翻新产品的价格，涨幅为4%；并且固特异还将提升特定的商业服务的价格，涨幅为4%！轮胎频繁涨价究竟为何？如此频繁的涨价让轮胎经销商和轮胎店主们头疼不已，是什么导致轮胎涨价潮迟迟无法退却呢？主要因为一下几种原因：原材料上涨成轮胎涨价“元凶”大部分企业在公告中都提到了原材料上涨的问题，轮胎原材料的不断上涨无疑是给轮胎生产成本增加压力，促使了轮胎价格上涨。炭黑作为轮胎制造的主要原材料，自10月11日起炭黑的价格就开始已直线的速度猛烈增长，而另外一种主要原材料铁矿石更是自9月14日价格上涨后，每天都在不断的刷新价格记录，虽然天然橡胶价格走势较低，但是这轮胎其他原材料原材料价格的不断提升也在逐步增加轮胎的制造成本！（炭黑价格走势）（铁矿石价格走势）环保增加轮胎企业生产成本除了原材料的上涨这一因素外，国产轮胎还面临环保政策的压力，随着环保力度的不断增大，轮胎企业在环保上投入的资金力度也不断的增多，这无疑增加了轮胎的制造成本。近年来国内加大环保力度，轮胎企业受到的影响尤为明显。随着冬天的到来，北方地区环境督查力度更加严厉，2+26城市蓝天保卫政策依旧进行。在环保督查下，山东一家轮胎企业一天内就接到513万的高额罚单，这也警示着其他轮胎企业注重环境保护！在环保政策的督促之下，各大轮胎企业开始纷纷加大环保资金投入，增加人员及升级设备。天津万达投资3000万改善生产设备，改用天然气锅炉来进行生产；佳通轮胎投资1.2亿研发绿色环保轮胎，并新增了16台新型环保设备。这些投资不断加大了轮胎企业的生产成本，促使轮胎企业进行价格上涨。先涨后降 涨价为之后促销做准备随着年终到来，轮胎企业的年度经销商大会也在筹备当中，在经销商大会上，一些轮胎品牌会有很大的促销政策，因此会采取临时涨价的措施使未来有降价的空间。但是，从另一方面讲，临时涨价也说明了企业现在成本增长、利润微薄的现状。小邦说：原材料上涨及环境升级两种不可抗力的因素下，导致轮胎制造成本不断增加，轮胎企业只能利用上调轮胎价格来平衡收支。随着冬季采暖季的到来，未来轮胎生产还会受到限制；而且，随着中国基础原材料、大宗商品价格不断上涨，轮胎企业面临的巨大的成本压力，即使在市场不好的情况下，也会促使提升产品价格已面对经营成本。欢迎转发点赞转载请联系授权更多精彩内容国外大品牌纷纷调低业绩预期，而国内轮胎企业却利润暴涨！大批轮胎企业环保违法遭巨额罚款！轮胎涨价箭在弦上好轮胎都有哪些？奚仲奖告诉你！倍耐力、贵州、金宇等19家轮胎企业强势涨价！来势汹汹！固铂升级版AT3家族轮胎推三款新品 荣获“SEMA 2018年度最佳轮胎产品奖”商用车胎哪家强？快看奚仲奖评选！轮胎人被炸身亡 妻子嚎啕痛哭！产品远销200个国家！ 昊华轮胎SEMA展彰显产品魅力！浦林成山亮相SEMA展 彰显中国品牌力量！创新第二代吸附技术 佳通全系冬季轮胎全新上市责任编辑 | 杨巍点击【阅读原文】参与百强轮胎门店评选！]]></content>
  <author><![CDATA[车与轮精英轮胎店主联盟]]></author>
  <time>2018-11-07 19:24:55</time>
  <account><![CDATA[TIREDEALER]]></account>
  <image><![CDATA[https://mmbiz.qpic.cn/mmbiz_gif/JuHKsibDbKnfZlLwo9DoDhjYTxJe9QDzcyI12pqC0Auw8ZHzUI8nmjHdueMMYF2s4luAH0TZ1eGRXzcYQ9rDsvA/640?wx_fmt=gif|https://mmbiz.qpic.cn/mmbiz_jpg/JuHKsibDbKnfLcKcUJucatzV8TkQlAU7dobIt7XicnjA7TdoD6U73QicyHobyU8U5AmXcproKOnYAGkebwDZsqSjA/640?wx_fmt=jpeg|https://mmbiz.qpic.cn/mmbiz_png/JuHKsibDbKnfGCXf5SiaHutoZ7m7Xmsh4r5A4LVCupSOLk20eDEAnaODoMzMoTJiaB0GvBtX3CFBic4k4G6U2ctQsw/640?wx_fmt=png|https://mmbiz.qpic.cn/mmbiz_png/JuHKsibDbKnfGCXf5SiaHutoZ7m7Xmsh4r6iclsHQUGLoz3dML0tbsVeNpEcvbajLDOSRnzDLZEbgMkfQtBJr26og/640?wx_fmt=png|https://mmbiz.qpic.cn/mmbiz_png/JuHKsibDbKnfGCXf5SiaHutoZ7m7Xmsh4r9ibk6XibuP78PmjmibibChdw0vYHb4HgTuK19MkppYgrLRH3K0WghHibvSw/640?wx_fmt=png|https://mmbiz.qpic.cn/mmbiz_png/JuHKsibDbKnfGCXf5SiaHutoZ7m7Xmsh4rxS8MjMPQoXugs3ctARhnwzicWUeMrJ0HbTcoX4KD6JMEm2ja8AzgjxA/640?wx_fmt=png|https://mmbiz.qpic.cn/mmbiz_png/JuHKsibDbKnfGCXf5SiaHutoZ7m7Xmsh4rbLnNAzP8465iaeOibnlZcx8NMNbauHCEsibuiaz0QpB6rY98rWuZLXEB3w/640?wx_fmt=png|https://mmbiz.qpic.cn/mmbiz_png/JuHKsibDbKnfGCXf5SiaHutoZ7m7Xmsh4rkr9CXYVSWiaEOGjxp20Zib4ia54T9ebm4UicdRUsLIrhzEHmacphQOWkTw/640?wx_fmt=png|https://mmbiz.qpic.cn/mmbiz_png/JuHKsibDbKnfGCXf5SiaHutoZ7m7Xmsh4rEO3VwDSshFggl4afzUCQ4nPbicoQ5FyF2XILTdQGTrdLtceWcA5ELBw/640?wx_fmt=png|https://mmbiz.qpic.cn/mmbiz_png/JuHKsibDbKnfGCXf5SiaHutoZ7m7Xmsh4rbY28iahvEcyoDJFyp6E1BkFeZB2HHWvLD5c1js4CY6XnyVrFET8QYbg/640?wx_fmt=png|https://mmbiz.qpic.cn/mmbiz_png/JuHKsibDbKnfGCXf5SiaHutoZ7m7Xmsh4rkPMTia4xeMFu7TtPqcjGrZIpefe3GmKjKSibpUFZLaW2OvlG3oG98gEw/640?wx_fmt=png|https://mmbiz.qpic.cn/mmbiz_png/JuHKsibDbKnc4LNKSgYpYkA1bsmwHsgFZQ0kMM9u8wDxMf4q4jP5qnaLWmOrUTic9wYXv5RaFFwnX0RmXOGuDBicg/640?wx_fmt=png]]></image>
</data>
