<data>
  <id><![CDATA[52275380]]></id>
  <url><![CDATA[https://mp.weixin.qq.com/s?timestamp=1542193140&src=3&ver=1&signature=BCr3pR2wzFii2UXcw1UHeYgJePNycaPJnukU17uk3qLa0HQ4U*OtaXcJGiYEwYXbZPeOXUqFtYYPUlmiPuIDZL0TDFoTtWZ8Y69dRuMe2TdR6AH3t0k9Q9Jkab0uYT-ss8BbsP2b3U4z8G4XfQORdYEfsOP3GHyEhGj*oEC8X2A=]]></url>
  <title><![CDATA[没下雪就不需更换冬季胎？这个想法真要命！]]></title>
  <content><![CDATA[前不有轮胎店主像小邦反应说：有车主来店里换轮胎，还要求换原来相同的轮胎品牌和花纹。轮胎店主出于自身的职业要求与素养，就推荐这位车主购买别的花纹的轮胎。“现在天气冷了，不能用夏季胎，应该用冬季胎。”店主给他推荐了一款冬季胎。图片来源于网络但是，似乎车主不买账，看了看就说了一句：“虽然现在天气是冷了，但是又没有下雪，不需要更换冬季胎。还是按照原来的花纹再来一套吧！”面对车主这样的回答，轮胎店主也是无语……没有下雪就真的没必要使用冬季胎吗？冬季胎等于夏季胎？冬季胎到底什么时间更换最为合适呢？冬季胎≠夏季胎在解答这些问题前，先跟随小邦看一看下面这段视频：同是在雪地上行驶，使用夏季胎的汽车就出现了明显的打滑现象，轮胎抓地力不足，汽车无法向前行驶。冬季汽车使用夏季胎行驶，就好比人在冰面上行走，总是想要摔跤！相比夏季胎，冬季胎在花纹设计和胎面配方方面都做了调整。首先，在胎面配方方面，相比夏季胎，冬季胎要更加软一点，其抓地力要比夏季胎更高，更容易操控。这主要是由于在冬季胎的设计中加入二氧化硅混合物橡胶配方能与光滑冰面接触得更紧密，从而产生比四季轮胎更大的摩擦力，使得车辆在光滑冰面上的操控性和安全性大大提高。其次，在花纹方面，相比夏季胎，冬季轮胎会采用更为密集、细碎的花纹，那些沟槽可极大地改善车辆在冰雪路面行驶时的性能，同时利用橡胶配方的不同，极大提高冬季胎的抓地力。小邦说：别总是说一条轮胎用到底，不同地区因气候的变化，是需要更换轮胎的。尤其是在我国北方地区，由于气候的变化，在气温低于7℃的时候就要更换冬季胎了。轮胎安全=生命安全。别总说轮胎没啥大区别，不就是汽车行驶嘛！小小的轮胎关系生命安全，车主要多听轮胎店主劝，该换冬季胎的时候一定要及时更换，用小钱换大安全！欢迎转发点赞转载请联系授权更多精彩内容国家发布轮胎行业重大利好政策 价格战或卷土重来这12种轿车问题轮胎，三包胎厂家也不赔！这位车主的表现，真“丑”！天猫、康众、汽车超人合资成立“新康众”，启动天猫车站门店认证！广饶政府：欠账必须还  重点打击非法集资轮胎企业！转发！轮胎充气10米内都是危险区，已有多人遇害！2018！中国最好的100家轮胎汽服门店评选再次开启玛吉斯R19征服魔鬼赛道，荣誉与骄傲满载而归中国市场定制版高端润滑油 伊佩克润滑油全球上市一行字三幅图 陆通轮胎刷爆朋友圈！责任编辑 | 高晓玉点击【阅读原文】参与百强轮胎门店评选！]]></content>
  <author><![CDATA[车与轮精英轮胎店主联盟]]></author>
  <time>2018-11-04 18:31:46</time>
  <account><![CDATA[TIREDEALER]]></account>
  <image><![CDATA[https://mmbiz.qpic.cn/mmbiz_gif/JuHKsibDbKnfZlLwo9DoDhjYTxJe9QDzcyI12pqC0Auw8ZHzUI8nmjHdueMMYF2s4luAH0TZ1eGRXzcYQ9rDsvA/640?wx_fmt=gif|https://mmbiz.qpic.cn/mmbiz_jpg/JuHKsibDbKnfLcKcUJucatzV8TkQlAU7dobIt7XicnjA7TdoD6U73QicyHobyU8U5AmXcproKOnYAGkebwDZsqSjA/640?wx_fmt=jpeg|https://mmbiz.qpic.cn/mmbiz_png/9mDeArZzjywcORvibXLNhEZaCTnZOFd1RMFRBAiafC2iafVckmMaEjISxziaBar4oFiayzicKkmicicoDEuyicSevhKOKyw/640?wx_fmt=png|https://mmbiz.qpic.cn/mmbiz_jpg/JuHKsibDbKnfFiaTHkA5FrEn65yBwpdHlsPeaPmCrIYPU6XJdXs4MyTvs8vaY9wF1yPQFiamKz381cNoj5IciaAcaA/640?wx_fmt=jpeg|https://mmbiz.qpic.cn/mmbiz_gif/To1ia5QL9QTmwpvKVr3PuI43EoVO8GbOl3EdibqfOicjUN2SpnobVAJZnwk3FIyMdr8WlP4FAhcA7dWHgoVSpdd5g/640?wx_fmt=gif|https://mmbiz.qpic.cn/mmbiz_png/JuHKsibDbKnfy7coMicNfcnFTicjnPV8knDApXYThYsP0e6UPZibgfdP2ziaWibkWBHECdrvZ5MXJYx7ticWw0UQ1v8eg/640?wx_fmt=png|https://mmbiz.qpic.cn/mmbiz_jpg/r01vJcW81fFCAB600Via0A9jSXZFon53PWbDU9WfocbQe1zvR24uFerfefTQZJnJex58Xl1tkKQ3kmhZ5TfjeoA/640?wx_fmt=jpeg|https://mmbiz.qpic.cn/mmbiz_jpg/JuHKsibDbKnfLcKcUJucatzV8TkQlAU7dAbMgmS2h6GZBrEdnV3ruI23EKqjrVkcibYibG2THTvsYaEmy5604eogw/640?wx_fmt=jpeg|https://mmbiz.qpic.cn/mmbiz_png/JuHKsibDbKnc4LNKSgYpYkA1bsmwHsgFZQ0kMM9u8wDxMf4q4jP5qnaLWmOrUTic9wYXv5RaFFwnX0RmXOGuDBicg/640?wx_fmt=png]]></image>
</data>
