<data>
  <id><![CDATA[52275380]]></id>
  <url><![CDATA[http://mp.weixin.qq.com/s?__biz=MjM5NjMzNDQyMw==&mid=2651873307&idx=6&sn=34826fbe1f213c105fa647165b019cbc&chksm=bd0e1e238a799735f07e33b0470d8c310c549e04611884448ca9a992fbc7ca1723d04bd99a0f&scene=27#wechat_redirect]]></url>
  <title><![CDATA[同样是卖轮胎这5人年入766万这6种人却濒临破产！]]></title>
  <content><![CDATA[近日，小邦看过一段关于固特异认证店的现场采访，这家名字叫做Don's Auto Ade的固特异认证店位于美国的伊利诺依州的沃伦韦尔，店铺一共拥有5名员工，其中三名是技术人员。但就是这么一家只有5人的店铺却创造了年收入110万美金（约合人民币766万）的惊人业绩。听完了采访，小邦发现这家店铺之所以能够创造出高额的业绩，最主要的就是以给“给客户带来价值，是我们最大的价值”这句话为信念。虽然听上去很简单，但是做起来却非常的困难。到底如何能够更好的提升店铺利润呢？小邦总结了以下几点：1：良好销售团队好的团队才是销售的根本，拥有专业的团队是非常关键的。不仅要能够懂得招聘人才，更要懂得如何留住人才，人员可以不多，但是绝对不可以不精。2：明确目标进度合理且明确的指定计划，并且所有的行动都根据计划来进行。计划一定要长远，在过程中需要不断的修正和分解，通过逐个击破的方式去实施和完成所指定的计划！3：客户活力释放客户的活力是你利润的根本，只有不断的调动客户的活力才能够更好的获取业绩。不同时间段客户的需求不同，那么根据需要制定好活动才能更好的提升业绩。！4：人要衣装店要精装门店形象是给客户的第一印象，干净整洁并且看上去大气敞亮的店面，给客户的第一印象会更加专业。同样的两家店铺，店面干净大气的无疑更加吸引顾客。5：售后服务到位好的产品只是一个方面，但是售后更是重中之重，轮胎销售以后所产生的后续问题是最为关键的，只有将售后服务给提升上去，才会有更多的回头客和老顾客介绍的新客源！6：利润才是重点产品的销量不是重点，最重要的是利润，一年卖一千条轮胎的利润还不如卖八百条赚得多，这种销量是没有任何意义的，有效的提升利润才是根本。轮胎经销商卖轮胎，产品的品质只占一部分，销售方式也占有很重要的地位。一个好的产品得不到好的销售方式，也无法获得高额的业绩，下面看看这6种人是怎么一步步的将自己的轮胎店给弄垮的。1：类婴儿销售凡事指望厂家，所有的一切都根着厂家的指导来进行，如同一个婴儿一样，给你吃奶你就吃，不给你吃奶你就只能哭！2、三不管销售永远抱着产品卖出去以后，你就别来找我的心态。不管出了什么问题，都让顾客自己承担，这种销售一辈子都别指望有回头客，并且久而久之店铺声誉也会越来越差。3、佛系销售每天跟白领上班一样的准时到店，照点下班。卖出几个东西就美得不行，没顾客的时候就知道斗地主看视频。不知变通不知经营，客人来了我就招呼，客人没来我就下班。这样只能让店铺更加冷清无人问津！4、埋怨性销售整天抱怨市场不好，产品不好，客户麻烦。却没有意识到轮胎行业需要是什么。如何去改变自己，成天唉声叹气怨天尤人，忽视自身问题，不去改正。5、拖拉型销售拖延症的人是没有办法成功的，干事情总是慢半拍，不紧不慢。长久形成了一种惰性，拖延就是懒惰的前身。6、思想混乱型：这种人就是嘴巴比手快，手比脑子快，做事情永远永远都是没头没脑，做事情都是先动手再思考，然后发现越做越错，又开始重新改。不仅影响客户的体验，更是是对自己的专业的一种玷污。小邦说：营销的利润存在于市场当中，存在于客户当中。再好的品牌不懂经营，最后也会垮掉，只有用心的经营才能够获得更好的业绩和利润。卖轮胎最主要的是需要掌握市场的节奏和客户的需求，同过不断的变化和迎合客户去提升店铺的口碑。经营需要耐心，长久为之利润自然会上去！欢迎转发点赞转载请联系授权更多精彩内容国外大品牌纷纷调低业绩预期，而国内轮胎企业却利润暴涨！大批轮胎企业环保违法遭巨额罚款！轮胎涨价箭在弦上好轮胎都有哪些？奚仲奖告诉你！倍耐力、贵州、金宇等19家轮胎企业强势涨价！来势汹汹！固铂升级版AT3家族轮胎推三款新品 荣获“SEMA 2018年度最佳轮胎产品奖”商用车胎哪家强？快看奚仲奖评选！轮胎人被炸身亡 妻子嚎啕痛哭！产品远销200个国家！ 昊华轮胎SEMA展彰显产品魅力！浦林成山亮相SEMA展 彰显中国品牌力量！创新第二代吸附技术 佳通全系冬季轮胎全新上市责任编辑 | 杨巍点击【阅读原文】参与百强轮胎门店评选！]]></content>
  <author><![CDATA[车与轮精英轮胎店主联盟]]></author>
  <time>2018-11-05 18:52:36</time>
  <account><![CDATA[TIREDEALER]]></account>
  <image><![CDATA[https://mmbiz.qpic.cn/mmbiz_gif/JuHKsibDbKnfZlLwo9DoDhjYTxJe9QDzcyI12pqC0Auw8ZHzUI8nmjHdueMMYF2s4luAH0TZ1eGRXzcYQ9rDsvA/640?wx_fmt=gif|https://mmbiz.qpic.cn/mmbiz_jpg/JuHKsibDbKnfLcKcUJucatzV8TkQlAU7dobIt7XicnjA7TdoD6U73QicyHobyU8U5AmXcproKOnYAGkebwDZsqSjA/640?wx_fmt=jpeg|https://mmbiz.qpic.cn/mmbiz_png/JuHKsibDbKnfIlEQwvBdmoOeYCy7icfItqICrcOeCzLibwZSmdVCtvGJkm783gTzVeNiaS1xkyFhPtCb0TZX6pQmug/640?wx_fmt=png|https://mmbiz.qpic.cn/mmbiz_png/JuHKsibDbKnfIlEQwvBdmoOeYCy7icfItqEY0fLmCBQfgTISEuESpn3OOhBNQpy1wSiaGXgGn4yqm6ygCVfq5hKwA/640?wx_fmt=png|https://mmbiz.qpic.cn/mmbiz_png/JuHKsibDbKnfIlEQwvBdmoOeYCy7icfItqw1J4ictWkQlMiaibwhwn5HJCq3kJbTYgzqLFj5qA5RVUqlX14Viawib6O2g/640?wx_fmt=png|https://mmbiz.qpic.cn/mmbiz_png/JuHKsibDbKnfIlEQwvBdmoOeYCy7icfItq47Vaob0pMaot5xFmlzG2lccrOkRK1QLHobDvSQTibQA9QibKqbXa0gSQ/640?wx_fmt=png|https://mmbiz.qpic.cn/mmbiz_png/JuHKsibDbKnfIlEQwvBdmoOeYCy7icfItqBRDF3GicxDKVAgdK8WJ6CBNfVV5tHTMtaO4iaDicUczmdLsOzvQLpVKDQ/640?wx_fmt=png|https://mmbiz.qpic.cn/mmbiz_png/JuHKsibDbKnfIlEQwvBdmoOeYCy7icfItqGY60OaZLxcMHfJnhtWLldrOqpicHHtYiczIn3f6DfMWzxiaNbDRgC3tdQ/640?wx_fmt=png|https://mmbiz.qpic.cn/mmbiz_png/JuHKsibDbKnfIlEQwvBdmoOeYCy7icfItq5twDKHyt365TEvnqu6h4VzG7AgFvbv32k8bIyoXxbEnLjibuM6HWniaw/640?wx_fmt=png|https://mmbiz.qpic.cn/mmbiz_png/JuHKsibDbKnfIlEQwvBdmoOeYCy7icfItqjEickLMl7kuLlic1R7pqoMKuq2UiabZPE4CmYtNoiav7QpVFmeQB7gYh3g/640?wx_fmt=png|https://mmbiz.qpic.cn/mmbiz_png/JuHKsibDbKnfIlEQwvBdmoOeYCy7icfItqXOib4xNY4NIc8NvRiaUHKgyoadLDibicQvx95j75yxXyg1VX8be1kJJo3g/640?wx_fmt=png|https://mmbiz.qpic.cn/mmbiz_png/JuHKsibDbKnfIlEQwvBdmoOeYCy7icfItqI6r3DNT56TuibHfj00UUiaBouKwP12ENyfWK3HgKQGB7ExJO7RDaFYEw/640?wx_fmt=png|https://mmbiz.qpic.cn/mmbiz_png/JuHKsibDbKnfIlEQwvBdmoOeYCy7icfItqymXgYPgoHiaDORyVHU3sXSZttvVOC53xBYVuATicWkyTUNGv77kjibV7w/640?wx_fmt=png|https://mmbiz.qpic.cn/mmbiz_png/JuHKsibDbKnfIlEQwvBdmoOeYCy7icfItqppibaRB9Az9z3DPyWgCTdlnzQ3uZkc8TXbHSM0NoZDbicElS7V01I8MA/640?wx_fmt=png|https://mmbiz.qpic.cn/mmbiz_png/JuHKsibDbKnc4LNKSgYpYkA1bsmwHsgFZQ0kMM9u8wDxMf4q4jP5qnaLWmOrUTic9wYXv5RaFFwnX0RmXOGuDBicg/640?wx_fmt=png]]></image>
</data>
