<data>
  <id><![CDATA[52275380]]></id>
  <url><![CDATA[https://mp.weixin.qq.com/s?timestamp=1542193140&src=3&ver=1&signature=BCr3pR2wzFii2UXcw1UHeYgJePNycaPJnukU17uk3qLa0HQ4U*OtaXcJGiYEwYXbZPeOXUqFtYYPUlmiPuIDZNXuklfxxOeo6FU8MKrmEf8P94ESb8isEJFXd5RaqWqatDMKnnz*cyKtM7VKGUI8G1Gh3Bp6q7Aul26XSGS*Yp4=]]></url>
  <title><![CDATA[深度测试：万力SA302对比普利司通ER33国产缺气保用轮胎更胜一筹]]></title>
  <content><![CDATA[测试视频大部分人对于缺气保用轮胎是陌生的，但是提到防爆胎就会道出一二，其实缺气保用轮胎就是防爆胎，而缺气保用轮胎才是这种轮胎真正的学名。虽然缺气保用轮胎的学名还未在中国普及开来，但是中国的轮胎厂商却早已对这种产品投入了很大的研究。早在2007年四月，万力就开发出了国内的第一条缺气保用轮胎，成为了中国缺气保用轮胎标准的起草者。为了了解自主品牌轮胎的性能水平。此次测试，我们将使用国产品牌的万力SA302缺气保用轮胎对标全球最大轮胎企业普利司通旗下的ER33，看一看自主品牌的缺气保用轮胎到底达到了什么水准。万力SA302静态解析为了充分对比万力SA302和普利司通ER33的性能差异，我们将测试分为了两大环节，分别为正常胎压下的性能测试和零胎压状态下的科普测试，以此来看出这两款缺气保用轮胎在正常胎压下和胎内失压后的各项表现。两套测试轮胎在尺寸规格上完全相同，配备车型也同为代号为F30的宝马3系，其中一车进行了轻微的外观升级改装，以便区分。测试当天空气温度为19摄氏度，地表温度为23摄氏度，比较适宜进行轮胎测试。在测试期间，测试车辆将尽可能的关闭电子稳定系统，减少对测试成绩的干预，测试阶段还将采用噪音测试仪和P-BOX进行准确的数据测量。每项测试重复5次，去掉最好和最坏的成绩，取中间三者的平均值。在噪音测试环节，两款轮胎的优势都不太明显，不过这也是缺气保用轮胎的一大通病。在60km/h和80km/h的时速下，SA302的车内噪音值略优于ER33。两款轮胎在干地测试环节中的表现有所差异，除了干地加速一项，SA302成绩都要更加出色。在干地制动环节中，SA302更是取得了36.4米的出色成绩，几乎接近高性能运动轮胎，之所以取得了这么好的成绩和SA302定位于高性能运动型轮胎采用大花纹的设计有关。ER33的胎面花纹则相对细碎，在干地情况下的抓地力较差一些。在湿地测试环节中，两款轮胎的加速与制动性能十分接近。不同的是，在干地绕桩环节中十分优秀的SA302在湿地绕桩时的最终成绩为60.6km/h，ER33则在这一项目中表现较为出色，其细密的花纹设计更利于湿地排水和抓地，而SA302大块的花纹在拥有极佳干地表现同时也会牺牲一点湿地操控性能。轮胎的设计就是要找到诸多性能中最好的平衡点，在这一点上两款轮胎表现的都是可圈可点。在常规的性能测试之后，我们对两款轮胎进行了放气处理，每辆车放尽一条前轮轮胎，随后对两款轮胎进行形变测量，观察零胎压的轮胎是否能够支撑住整体。再而对两款轮胎进行0-80km/h和80-0km/h的加减速测试与80公里里程的行驶测试。加减速测试的意义在于真实的生活中车辆不能以恒定速度行驶，急加速与急减速常有发生，而在这个时候零胎压的缺气保用轮胎能否保证正常路线行驶不失控是一件非常重要的事情。之所以对两款轮胎进行80km/h的80公里里程行驶实验，是因为所有的缺气保用轮胎都要达到这样的标准才能准许上市销售，这样的实验也是对缺气保用轮胎实用性的一大考验。两款轮胎都很顺利的通过了80公里里程的行驶测试，行驶过程中并没有太大异样的感觉。但是比较明显的一点就是行驶过程中的胎噪会随着行驶的速度与里程而增加，所以在80公里行驶过后，我们再次测量了两款轮胎的高度。在测试结束之后，经过我们的测量，两款轮胎的高度都降低了10mm，或许这也是影响胎噪变大的一项原因。另外两款轮胎的胎体表面温度也相对较高，这种发热的现象多是由于轮胎形变增加了与地面的摩擦而造成的。测试结束后，我们对两款轮胎的磨损进行了观察，SA302的表面磨损很小，不仔细去看，甚至和新胎别无二样。而ER33的胎面磨损却让我们感到了意外，因为两款轮胎经历的测试完全相同，ER33的胎面磨损迹象非常严重，当然这也和它的橡胶配方有关，大部分轮胎的磨损指数都是在260~360之间，而ER33的磨损指数只达到了140，这就表明普利司通ER33非常的不耐磨，花纹很快就会被磨光，可以说这会让普利司通ER33的经济性降低很多。在经过了我们系统性的测试之后，万力这款自主品牌的缺气保用轮胎在和普利司通ER33的对比测试中并没有出现“不敌外藩”的现象，反而在干地制动、绕桩和耐磨性上更占优势。自主品牌轮胎整体性能的提升告诉了我们，中国轮胎崛起了，我们不用再一味的贪图外国大牌的轮胎，中国轮胎也完全能够达到大家的需求，也许自主品牌轮胎才是最了解国人的产品。在文章的结尾还要告诉大家，虽然缺气保用轮胎能够以零胎压的状态行驶一定的距离，但是如果您的缺气保用轮胎也像我们一样行驶了80公里甚至更多，那我们建议您还是要到轮胎店里尽早更换，因为尽管是缺气保用轮胎，在零胎压的状态下长时间行驶也会对胎壁造成严重的损伤，为了安全起见，经历较长距离缺气行驶的轮胎一定要更换，万万不可充气之后继续试用。欢迎转发点赞转载请联系授权更多精彩内容国外大品牌纷纷调低业绩预期，而国内轮胎企业却利润暴涨！大批轮胎企业环保违法遭巨额罚款！轮胎涨价箭在弦上好轮胎都有哪些？奚仲奖告诉你！倍耐力、贵州、金宇等19家轮胎企业强势涨价！来势汹汹！固铂升级版AT3家族轮胎推三款新品 荣获“SEMA 2018年度最佳轮胎产品奖”商用车胎哪家强？快看奚仲奖评选！轮胎人被炸身亡 妻子嚎啕痛哭！产品远销200个国家！ 昊华轮胎SEMA展彰显产品魅力！浦林成山亮相SEMA展 彰显中国品牌力量！创新第二代吸附技术 佳通全系冬季轮胎全新上市责任编辑 | 彭冲冲点击【阅读原文】参与百强轮胎门店评选！]]></content>
  <author><![CDATA[车与轮精英轮胎店主联盟]]></author>
  <time>2018-11-08 18:24:08</time>
  <account><![CDATA[TIREDEALER]]></account>
  <image><![CDATA[https://mmbiz.qpic.cn/mmbiz_gif/JuHKsibDbKnfZlLwo9DoDhjYTxJe9QDzcyI12pqC0Auw8ZHzUI8nmjHdueMMYF2s4luAH0TZ1eGRXzcYQ9rDsvA/640?wx_fmt=gif|https://mmbiz.qpic.cn/mmbiz_jpg/JuHKsibDbKnfLcKcUJucatzV8TkQlAU7dobIt7XicnjA7TdoD6U73QicyHobyU8U5AmXcproKOnYAGkebwDZsqSjA/640?wx_fmt=jpeg|https://mmbiz.qpic.cn/mmbiz_jpg/WUP1YGeffPdr3pVWYeKgiahweOR1IM6OSpxt6xxWDZrGCicjanribnTpibJtJ7G4ohZwlJQ5dLL5UXoknc6dWYn7lQ/640?wx_fmt=jpeg|https://mmbiz.qpic.cn/mmbiz_jpg/WUP1YGeffPdr3pVWYeKgiahweOR1IM6OSoVZsmibqH14q0MMf8iaOvjlcHnvJg3r4PgUeJU2hbGcv2P8hHWWfjxiaA/640?wx_fmt=jpeg|https://mmbiz.qpic.cn/mmbiz_jpg/WUP1YGeffPfnASkjVBG0UaWO1MPgLT0IfWAuMHFiaPFf6B60lXF7N3TTFJeTNJ8FRaf1fSiaN9DMib9CEGiaKksXPA/640?wx_fmt=jpeg|https://mmbiz.qpic.cn/mmbiz_jpg/WUP1YGeffPdr3pVWYeKgiahweOR1IM6OSYMPhdHmujgYQniaSRWUnGdVXejBWdqDulNs4bsicoIj0PrRYEgECdwew/640?wx_fmt=jpeg|https://mmbiz.qpic.cn/mmbiz_jpg/WUP1YGeffPdr3pVWYeKgiahweOR1IM6OSRjhB6MOWU17KJiccFNh2PIX3eteGyyyuMTfsGtGF4mE8ViahW43450cA/640?wx_fmt=jpeg|https://mmbiz.qpic.cn/mmbiz_jpg/WUP1YGeffPdr3pVWYeKgiahweOR1IM6OS7dzXdWa7sAgCNULcpB1giaCcoKG3rIfjH5u5IicicECiakk6plQicFbtWvQ/640?wx_fmt=jpeg|https://mmbiz.qpic.cn/mmbiz_jpg/WUP1YGeffPdr3pVWYeKgiahweOR1IM6OSA2S1s6Dtcj9yphOofBdqeKWXm2pe9S16LohZy3FNPbgnWY10GIc8RA/640?wx_fmt=jpeg|https://mmbiz.qpic.cn/mmbiz_jpg/WUP1YGeffPdr3pVWYeKgiahweOR1IM6OS9xcwFic3z1AuCxffXVh4I0YnyT6MqicUsjtJEtbFqtjkreEbpo9uu8jw/640?wx_fmt=jpeg|https://mmbiz.qpic.cn/mmbiz_jpg/WUP1YGeffPdr3pVWYeKgiahweOR1IM6OSdhEeYlVk5Crtiagx1pdjT7SMqFHwt2VyCNzFZOhuufuEMicTYJJ5w89g/640?wx_fmt=jpeg|https://mmbiz.qpic.cn/mmbiz_jpg/WUP1YGeffPdr3pVWYeKgiahweOR1IM6OSC9xGWW4o6PNnibs1H0qDLYuc66oqEp2iaPf4jLBmgibtSgKUTjibXCgEeA/640?wx_fmt=jpeg|https://mmbiz.qpic.cn/mmbiz_jpg/WUP1YGeffPdr3pVWYeKgiahweOR1IM6OS1UPeyFPYesoCzISGwjicKlr6WicRa7lDNc4gSD7b4KZZFmic5DPL0boKQ/640?wx_fmt=jpeg|https://mmbiz.qpic.cn/mmbiz_png/WUP1YGeffPfnASkjVBG0UaWO1MPgLT0IRPxO4iahTEibUgvft3wlCezYA5AyoYzWDamBeT9WtbOX5XwQyQyYYLtQ/640?wx_fmt=png|https://mmbiz.qpic.cn/mmbiz_jpg/WUP1YGeffPdr3pVWYeKgiahweOR1IM6OSKKcicu7a7CMgzkYVYKJFSVzQQxHGkRwoCkoTGZE34tMLEPdyljmRVQg/640?wx_fmt=jpeg|https://mmbiz.qpic.cn/mmbiz_png/WUP1YGeffPfnASkjVBG0UaWO1MPgLT0IWnP1AZX5Ogb2ib9gbNlJAgfPxJK8xIzRZwMFib4UJRJ0pKZBNxnJuDJg/640?wx_fmt=png|https://mmbiz.qpic.cn/mmbiz_jpg/WUP1YGeffPdr3pVWYeKgiahweOR1IM6OSaaBWhsFmcKUzd6k16o0QufuLRGORDTOT5m3yREvuRqUWgxHoSaUGibw/640?wx_fmt=jpeg|https://mmbiz.qpic.cn/mmbiz_png/WUP1YGeffPfnASkjVBG0UaWO1MPgLT0I8TCLviaY20ur8RD1FMfibibll6jGLiaoBz1jBBgFP3GqMlnQJc3Qaw18bA/640?wx_fmt=png|https://mmbiz.qpic.cn/mmbiz_jpg/WUP1YGeffPdr3pVWYeKgiahweOR1IM6OShY77qS9fZIiaU3vOEqS19m7SKSe0Ltpp9JibB6qxg8vS55aJK6DUKJicA/640?wx_fmt=jpeg|https://mmbiz.qpic.cn/mmbiz_png/WUP1YGeffPfnASkjVBG0UaWO1MPgLT0IrncoTqdMKiaIIHicibEbnF3U8Zn7yFzKicEgribyyygtU5cB1slqo1MozKA/640?wx_fmt=png|https://mmbiz.qpic.cn/mmbiz_jpg/WUP1YGeffPdr3pVWYeKgiahweOR1IM6OSjriaXwoXVOsAJR88xtR7fVjGe0JcndfTHXxBONibzhJiaodESyP2fldyQ/640?wx_fmt=jpeg|https://mmbiz.qpic.cn/mmbiz_png/WUP1YGeffPfnASkjVBG0UaWO1MPgLT0Ia5qrpmNnQlSbcRejbaue9tXeuDdcicONfR26W6M8C0eSnDgWNLia9K5g/640?wx_fmt=png|https://mmbiz.qpic.cn/mmbiz_jpg/WUP1YGeffPdr3pVWYeKgiahweOR1IM6OSHdVabibia7jo3yySGkqJbnPZpsdmrdSZCvPFwXIVO0TZLZibRTLlMR5ug/640?wx_fmt=jpeg|https://mmbiz.qpic.cn/mmbiz_jpg/WUP1YGeffPdr3pVWYeKgiahweOR1IM6OS0ph8qjxeUiaI0fv3uAKgibDfDy8ls5wTSYAnsY88gd1Cg179jDo8IFTw/640?wx_fmt=jpeg|https://mmbiz.qpic.cn/mmbiz_jpg/WUP1YGeffPdr3pVWYeKgiahweOR1IM6OSXYC0lGtk7jD2TX1mD5hQiba2oPKZVEeXQWsnY0V0eOAxhzrDX57Bib4g/640?wx_fmt=jpeg|https://mmbiz.qpic.cn/mmbiz_jpg/WUP1YGeffPdr3pVWYeKgiahweOR1IM6OSnJ39aYbMT2nWyyP5zqzKvqqklNj1Mevcjricv3WjWzxnib7HSiamSphUA/640?wx_fmt=jpeg|https://mmbiz.qpic.cn/mmbiz_jpg/WUP1YGeffPdr3pVWYeKgiahweOR1IM6OSWdsricpHrKACqpZyKibkQngSposmT4BiaCgRlp7yDibQjeLicYq2oLMWicbQ/640?wx_fmt=jpeg|https://mmbiz.qpic.cn/mmbiz_jpg/WUP1YGeffPdr3pVWYeKgiahweOR1IM6OSjXMYPzgiaEnvMbiaeTL0N5FfGcYialx1RnQPpBedV8aNeg7x1lMwxRO1A/640?wx_fmt=jpeg|https://mmbiz.qpic.cn/mmbiz_png/WUP1YGeffPfnASkjVBG0UaWO1MPgLT0IOow7zd2gztv3CVMs3lnAoG4Kqy9r6qB7oB17O9K6JRBwbjRs4WCNdw/640?wx_fmt=png|https://mmbiz.qpic.cn/mmbiz_jpg/WUP1YGeffPdr3pVWYeKgiahweOR1IM6OS5U3OKrmVDgcIyxRsks2PMliccSW4Ar1ArcibgLm97mDkmicQH4SA5MpfA/640?wx_fmt=jpeg|https://mmbiz.qpic.cn/mmbiz_jpg/WUP1YGeffPdr3pVWYeKgiahweOR1IM6OSQrGXLoloEmEKxibGEGTiamU8q0IgXDicIrMutBEyVfHYvrSvx9HLGhrvA/640?wx_fmt=jpeg|https://mmbiz.qpic.cn/mmbiz_jpg/WUP1YGeffPdr3pVWYeKgiahweOR1IM6OSqQdVxgwKNKynM8ibJJDiczCJ180Pkn7SAKcpvsia964aOxicV1rCKSurwQ/640?wx_fmt=jpeg|https://mmbiz.qpic.cn/mmbiz_jpg/WUP1YGeffPdr3pVWYeKgiahweOR1IM6OSia0ATZ5AevInxS55ApSDsrHMlQuwRUeGia7aDvjJcCB02vjDvaBpyVAQ/640?wx_fmt=jpeg|https://mmbiz.qpic.cn/mmbiz_jpg/WUP1YGeffPdr3pVWYeKgiahweOR1IM6OS1UTC5NxZ3Yib13xCFJXLeDHsgu6zlg5tkxC7BNOXGzibaKUWibWXqmggA/640?wx_fmt=jpeg|https://mmbiz.qpic.cn/mmbiz_jpg/WUP1YGeffPdr3pVWYeKgiahweOR1IM6OS9ZXcrt3KqMUgIW3vrYFg3T956NxCuPztrAEyfqLRDMicHqORo9QibZNg/640?wx_fmt=jpeg|https://mmbiz.qpic.cn/mmbiz_jpg/WUP1YGeffPdr3pVWYeKgiahweOR1IM6OStsFPiaYwicqr5icmXIMSsnSqCmicIZQrtuJTd6l68iamJkYLNLpsBrkagVg/640?wx_fmt=jpeg|https://mmbiz.qpic.cn/mmbiz_jpg/WUP1YGeffPdr3pVWYeKgiahweOR1IM6OSmfbWwbbVI1u8tZJibbMiapRHD9Q6tnIKdBicTe2g0NooWhkeYoZKxiaj7Q/640?wx_fmt=jpeg|https://mmbiz.qpic.cn/mmbiz_jpg/WUP1YGeffPdr3pVWYeKgiahweOR1IM6OSreGfdm0HHvDCc9XgfbTtNbYnkcmhYloiaWe8cXUUhzSbytR1Z0PbC4Q/640?wx_fmt=jpeg|https://mmbiz.qpic.cn/mmbiz_jpg/WUP1YGeffPdr3pVWYeKgiahweOR1IM6OSibTLtmjkicmdbJumWkL5abY0bc0GtBEt5UJ5XzicViaPzH7em2ibqdT49Hg/640?wx_fmt=jpeg|https://mmbiz.qpic.cn/mmbiz_jpg/WUP1YGeffPdr3pVWYeKgiahweOR1IM6OSqWgicViaeZoUHaKO3ua2D5U3lvzXOAUTc6qRcnRSPyraRB12nibg0hDhA/640?wx_fmt=jpeg|https://mmbiz.qpic.cn/mmbiz_jpg/WUP1YGeffPdr3pVWYeKgiahweOR1IM6OSibZcZRGEkicaicZWxKrZAy6ia7rjPTMtukgGB4Ha3Wd6XMF3hYvW70iaKjw/640?wx_fmt=jpeg|https://mmbiz.qpic.cn/mmbiz_jpg/WUP1YGeffPdr3pVWYeKgiahweOR1IM6OSRtnGryWwt0Usmicf7TD2TKYbpnCl68ibtK3T3hrHbdia7MSFkwgzz5tHg/640?wx_fmt=jpeg|https://mmbiz.qpic.cn/mmbiz_png/JuHKsibDbKnc4LNKSgYpYkA1bsmwHsgFZQ0kMM9u8wDxMf4q4jP5qnaLWmOrUTic9wYXv5RaFFwnX0RmXOGuDBicg/640?wx_fmt=png]]></image>
</data>
