<data>
  <id><![CDATA[52247394]]></id>
  <url><![CDATA[https://mp.weixin.qq.com/s?timestamp=1542190435&src=3&ver=1&signature=BCr3pR2wzFii2UXcw1UHeTkqZGSCzDam0Twq-Z5NW5c9Bgpc2cKEjYZoKlTKX4JbgeO4ui2wbxhkJB2E8*ZMsf1EOinUIYvKvQiUMoPMeIepjK8j8Uti9r7tCug34m5sUjLm*sedZiHmxNJqampqrUzbwECZfwQa0i61NmKRp*s=]]></url>
  <title><![CDATA[【云霄房产信息】11月13日房源]]></title>
  <content><![CDATA[长按关注买房卖房请找我长按二维码关注哦！联系方式1：0596-8511718（看房直接联系）联系方式2：15396290703（微信同步，可咨询相关房产信息）云霄房网代办理过户、银行按揭；费用详情咨询电话：15396290703（微信同号）。1.出售：建发，23幢，高层，不用买车库，贷款48万左右，首付20多万，月供不到3000元，开价一平方8500元，南北通透，双阳台，高层，视野好，再过几个月交房。（11.13）2.出售：建发，一期，中高层，高档装修，153平方，送24平方，开价一平方9500元。（11.13）3.出售：金霞区，有天有地的，前后6米，占地40平方，三层半，双证，开价123万，过户便宜。（11.13）4.出售：金霞区，占地40平方左右，前后4.5米左右，三层，双证，售价116万，过户便宜。（11.13）5.出售：金霞区，小店面，前路14米，后面6米，占地40平方，四层，双证完整，普通装修，售价148万。（11.13）6.出售：渡头嘉园，164平方，高层，直接入户，包括楼层差价，开价一平方7800元。（11.13）7.出售：江滨学府，楼中楼，20楼以上，230平方，价格付款方式可协商。（11.13）8.出售：翠峰，叠加别墅，毛坯，精品户型，329平方，加送面积总的可使用400平方，开价一平方8600元，贷款100万。（11.13）9.出售：西市，整栋，店面，四层，占地56平方，双证完整，开价205万。（11.13）10.出售：北门附近，占地37平方，二层，三面私墙，门前4米左右，交通方便，不动产证，实小名额未用，售价62万，可小议价。（11.13）11.出售：水果市场边，店面，整幢，占地62平方，四层半，前后出板，前后门，双证，房子新，开价250万，可议价，规格5.2×12米。（11.13）12.出售：元光小学边，别墅，占地约220平方，总建筑面积约450平方，居住70年，精装修，开价639万，可议价。（11.13）13.出租：国道边，双溪口路段，店面，角头间，90平方，年租金45000元。（11.13）上期房产信息，点击文字查看云霄房网（11月12日信息）如果您有出售、出租信息（欢迎直接房源）请在右下角留言（您的相关信息）云 霄 房 网没时间解释了，快长按左边二维码关注我们～～]]></content>
  <author><![CDATA[云霄生活]]></author>
  <time>2018-11-13 20:47:37</time>
  <account><![CDATA[yxshyx114]]></account>
  <image><![CDATA[https://mmbiz.qpic.cn/mmbiz_jpg/FKgqZWCkicVjw1kDSYccOEdtkxk6mJRXicBoqKAQmDe3lhkEicNxQSkmORqHQcOw4G2MUDCoWD8q5R6OnemuUMbYw/640?wx_fmt=jpeg|https://mmbiz.qpic.cn/mmbiz_png/0qkIssnYskY8nO91rsEbjbuN0zz4ku8r7fZWREHZOWslTxecMzo6LDx4rwbT58sNt6b2WcpCkiab0mAEtQp2chg/640?wx_fmt=png|https://mmbiz.qpic.cn/mmbiz_png/Ljib4So7yuWgEgbFWuia79PAB3iavcywVIAR7XDQA3qtzo7CbxO5cJScDY26WnHExsojOIiaicb2fR8pMUBku7GRFvQ/640?wx_fmt=png|https://mmbiz.qpic.cn/mmbiz_png/Ljib4So7yuWiaUgaOKyL1omvthBnoVVcgdkticHer1IicJSUmxrUbOWibic0GyQYRCOpxrAP0mgvYuicgZ1iaia4x50q0tQ/640?wx_fmt=png|https://mmbiz.qpic.cn/mmbiz_png/Ljib4So7yuWiaUgaOKyL1omvthBnoVVcgdkticHer1IicJSUmxrUbOWibic0GyQYRCOpxrAP0mgvYuicgZ1iaia4x50q0tQ/640?wx_fmt=png|https://mmbiz.qpic.cn/mmbiz_jpg/0qkIssnYskauJviavRkGQPcZ8nX8673icpJGF8tafxpte708Zayo3oiaWWWXiciaLDcKTk9CDXVtGJRJbXI8FqQrCtg/640?wx_fmt=jpeg]]></image>
</data>
