<data>
  <id><![CDATA[52247394]]></id>
  <url><![CDATA[https://mp.weixin.qq.com/s?timestamp=1542190435&src=3&ver=1&signature=BCr3pR2wzFii2UXcw1UHeTkqZGSCzDam0Twq-Z5NW5c9Bgpc2cKEjYZoKlTKX4JbgeO4ui2wbxhkJB2E8*ZMsf1EOinUIYvKvQiUMoPMeIdEIlcqk7PaGBPNI-HKkylsKRJEIDNGvQR4AuqTc5FtgFN*mSdJA8v-9JZywkacAHM=]]></url>
  <title><![CDATA[云霄每日一图（11月13日）]]></title>
  <content><![CDATA[文字来源：百度生活是自己的，拼尽全力是你的选择，驻足停歇也是你的权利，没必要因为别人的看法纠结懊恼，更没必要为了他人的话语和期许而改变自己的初心。一辈子就这么长，要为自己活，才不负生命一场。]]></content>
  <author><![CDATA[云霄生活]]></author>
  <time>2018-11-13 20:47:37</time>
  <account><![CDATA[yxshyx114]]></account>
  <image><![CDATA[https://mmbiz.qpic.cn/mmbiz_jpg/FKgqZWCkicVgQibBNrgWLBgcJAlQhwX0ngI6q7TepOfoibcReLM7yhu6bMohnanfboPiaplUB6sGT3rgx6o5jFoBww/640?wx_fmt=jpeg|https://mmbiz.qpic.cn/mmbiz/Ljib4So7yuWjksesibOCJobaUTdSnJibBKE3clSnSj4fUOqf5RRd5XbDRzKWplvtSvsSKzsr3CicSderBtndGZgTCw/640?wx_fmt=other]]></image>
</data>
