<data>
  <id><![CDATA[52247394]]></id>
  <url><![CDATA[https://mp.weixin.qq.com/s?timestamp=1542190435&src=3&ver=1&signature=BCr3pR2wzFii2UXcw1UHeTkqZGSCzDam0Twq-Z5NW5c9Bgpc2cKEjYZoKlTKX4JbgeO4ui2wbxhkJB2E8*ZMsf1EOinUIYvKvQiUMoPMeIeqPUZC0bSWkbBI2yTV7tRUiEF8Xcxljb8UqQxOD5bjPXoXKAmYYZJ3WGCE0lTkFLU=]]></url>
  <title><![CDATA[【云霄电影】魔影11.13-11.14排片，《毒液》等新片热映中...]]></title>
  <content><![CDATA[加微信购优惠电影票云霄魔影影城——营业时间免费观影秘诀云霄影评人（全年免费观影，还有福利）：用云霄电影爱好者的眼光对上映中的影片进行独到的影评，提升云霄整体观影文化及市场，想加入影评大队伍，请添加微信：yunxiaodianying（买电影票也可咨询）看电影去哪呢影院电话：0596-8548770影院地点：云霄魔影国际影城（建发原售楼部）关注【云霄生活】公众号，回复“电影”看最新影片排期]]></content>
  <author><![CDATA[云霄生活]]></author>
  <time>2018-11-13 20:47:37</time>
  <account><![CDATA[yxshyx114]]></account>
  <image><![CDATA[https://mmbiz.qpic.cn/mmbiz_jpg/FKgqZWCkicVgQibBNrgWLBgcJAlQhwX0ngzuHmk0OcuhrIHsbDVguib73vPsDgXRD1rxp2SbpNDAro07sF2qK7bNw/640?wx_fmt=jpeg|https://mmbiz.qpic.cn/mmbiz_jpg/FKgqZWCkicVjw1kDSYccOEdtkxk6mJRXic8kVCZGe0HV76R45Z5ugY4djB7WkFk6lb1RgvynslBs0jFzmIWeYerg/640?wx_fmt=jpeg|https://mmbiz.qpic.cn/mmbiz_jpg/Ljib4So7yuWj0wWa8aJOfqh3nQiaQr2eicYb4lhxPpSjv5TXMfF46hrSCQHZsRh8BaUc3cOJuhaMWTkl3D0hlT5rA/640?wx_fmt=jpeg|https://mmbiz.qpic.cn/mmbiz_png/FKgqZWCkicVjCibvtT4dicB05zIM2YH2MKjibHsNiavuvWN9jBVVibA1waLL0OxefWgWu2BUswala5WGv2KI2RoF8BFg/640?wx_fmt=png|https://mmbiz.qpic.cn/mmbiz_png/FKgqZWCkicVgQibBNrgWLBgcJAlQhwX0ngics0Yc6N96C2S3SaWUZcgCeHnnnStheG2rlGzy6nI9lAAOnNT79vezQ/640?wx_fmt=png|https://mmbiz.qpic.cn/mmbiz_png/FKgqZWCkicVgnvsJqNc27ia84SlmRgXIDwIpa5HYtefvljHdnqjDM4HfOsVYCOOuicFWib2ptTo0vqb3hcgU9gOhtw/640?wx_fmt=png|https://mmbiz.qpic.cn/mmbiz_jpg/FKgqZWCkicVhuOLDjZBI0zQWCyKHK7M1CUqnggvM3xiccfS2LibibVNhFBA1khcONbd85LUHFhbeRpvvClcZXNIphg/640.jpeg?|https://mmbiz.qpic.cn/mmbiz_png/FKgqZWCkicVh0MCnPylB0zfXCSAUewp30QlyLDLticKuqxRDb3vxmW7PsgHjXLyAlvTOFvcWN6ht7bAwgCTiaSX5g/640?wx_fmt=png|https://mmbiz.qpic.cn/mmbiz_png/FKgqZWCkicVh0MCnPylB0zfXCSAUewp30RjYb5Jd7gIVLwibXRH1gwRmJHm9XcN0hdV6mtKrTGfBv1zhcceVlhpA/640?wx_fmt=png|https://mmbiz.qpic.cn/mmbiz_png/FKgqZWCkicVh0MCnPylB0zfXCSAUewp30ev0dXDo0mkK7ZgHEVibGsxwYWdXh7kPr1H5eR77CACxjpwQcuFduZLg/640?wx_fmt=png|https://mmbiz.qpic.cn/mmbiz_png/Ljib4So7yuWjEdaHZFLViaosVs8EaAicuvvupdBr7cZpicp97iciaLOeJlLWIIxXFlyYoG6g7svNWt5azIj9BwfyzROQ/640?wx_fmt=png|https://mmbiz.qpic.cn/mmbiz_jpg/FKgqZWCkicVgQibBNrgWLBgcJAlQhwX0ngGrnwDp79iahnBGbqjOWzLxHolvBzicNGQGC1ffx7seDeianbkk6icu6IuA/640?wx_fmt=jpeg]]></image>
</data>
