<data>
  <id><![CDATA[52247394]]></id>
  <url><![CDATA[https://mp.weixin.qq.com/s?timestamp=1542190435&src=3&ver=1&signature=BCr3pR2wzFii2UXcw1UHeTkqZGSCzDam0Twq-Z5NW5c9Bgpc2cKEjYZoKlTKX4JbgeO4ui2wbxhkJB2E8*ZMsf1EOinUIYvKvQiUMoPMeIfhuVeMt6lnnfRIKHNk8xdl3cK7CD4J9iIt3xlNZpEnOnqpMjaAvkkt5oReV6GrSGE=]]></url>
  <title><![CDATA[云霄最新航拍视频——锦绣中国]]></title>
  <content><![CDATA[点击云霄生活关注 ↑加微信云霄生活 看更多云霄资讯]]></content>
  <author><![CDATA[云霄生活]]></author>
  <time>2018-11-13 20:47:37</time>
  <account><![CDATA[yxshyx114]]></account>
  <image><![CDATA[]]></image>
</data>
