<data>
  <id><![CDATA[52247394]]></id>
  <url><![CDATA[https://mp.weixin.qq.com/s?timestamp=1542190435&src=3&ver=1&signature=BCr3pR2wzFii2UXcw1UHeTkqZGSCzDam0Twq-Z5NW5c9Bgpc2cKEjYZoKlTKX4JbgeO4ui2wbxhkJB2E8*ZMsf1EOinUIYvKvQiUMoPMeIe15loACgerbykkEo1GW3JQiXtEPloq-abE3xcp-44ZJgYfFQXlDiTjQ2etwE4Fa3I=]]></url>
  <title><![CDATA[【直播预告】云霄大型潮剧现代戏《向东渠》将在漳州首演...]]></title>
  <content><![CDATA[本网讯（许颖 李林国）经过近半年的精心编排，由云霄县创作编排的大型潮剧现代戏《向东渠》即将与观众见面，11月15日将在漳州人民剧场举行首场演出，11月29日赴福州参加省第27届戏剧会演。首演当天【云霄生活】公众号将进行全程直播（长按识别二维码可直接看直播）两个月来，主创人员和云霄县潮剧传承保护中心的演员们发扬团结协作、艰苦奋斗、精益求精的向东精神，加班加点，精心排练，目前己完成创作编排任务，将以最好的艺术表演呈现给广大观众。据了解，潮剧《向东渠》反映  20世纪60年代，云霄、东山两县遭受百年不遇的旱灾。1970年，为彻底解决云霄和兄弟县东山岛用水问题，云霄县委决定兴建“向东渠”，当时县委主要领导排除万难，顶住各种压力，带领干部群众，在当时资金匮乏、物资短缺、材料难寻、器械简陋的情况下，克服种种困难，苦战三年，终于建成至今仍滋润灌溉着云东两县的伟大水利工程一一向东渠。该剧以潮剧的艺术形式，再现上个世纪70年代云霄、东山两县干部群众共建向东渠的那段难忘岁月；反映当时云霄县委勤政为民、科学决策、勇于担当、排除万难的壮举；讴歌云霄人民大爱无疆、团结协作、艰苦奋斗、攻坚克难、不怕牺牲的“向东精神”。据悉，春节前该剧还将在云霄县人民剧场向我县观众举行汇报演出。云霄原创歌曲《向东向东》点击此处看更多图文介绍来源：云霄新闻中心]]></content>
  <author><![CDATA[云霄生活]]></author>
  <time>2018-11-13 20:47:37</time>
  <account><![CDATA[yxshyx114]]></account>
  <image><![CDATA[https://mmbiz.qpic.cn/mmbiz_jpg/FKgqZWCkicVgQibBNrgWLBgcJAlQhwX0ngzuHmk0OcuhrIHsbDVguib73vPsDgXRD1rxp2SbpNDAro07sF2qK7bNw/640?wx_fmt=jpeg|https://mmbiz.qpic.cn/mmbiz_gif/snwvUY0SDtiajAg5RwibLc2vCfFs6dnoSP7WSvAMlLgsEEPOohTICmGmzPHqjicektU8icTsUv3zF4QKlniajTYVHNA/640?wx_fmt=gif|https://mmbiz.qpic.cn/mmbiz_png/FKgqZWCkicVgQibBNrgWLBgcJAlQhwX0ngfRPwnicz984iclZhUEicYT2ibzcXHm1CWniaKuI41lskmWwv1dtdKbupsbQ/640?wx_fmt=png|https://mmbiz.qpic.cn/mmbiz_jpg/QQ0ibzFyiaXdpafKvqT0muFEaGL0OTjDgNbt36vAL09ibibVGJ4ZBvft62GLmTpGlV2dLMpxjdFLKMMCicaqYfria0tQ/640?wx_fmt=jpeg|https://mmbiz.qpic.cn/mmbiz_jpg/QQ0ibzFyiaXdpafKvqT0muFEaGL0OTjDgNlfulSTjpG7R8SEVc9IXHJRkv7ORVibo1Lk2tHDP7rUL6vKvPXzxgMFQ/640?wx_fmt=jpeg|https://mmbiz.qpic.cn/mmbiz_jpg/QQ0ibzFyiaXdpafKvqT0muFEaGL0OTjDgNmjlDgzGFpbnicUUqUe31ABrJRozmicAtD2NYN1fKia6Pj6D3zasWUhsfQ/640?wx_fmt=jpeg|https://mmbiz.qpic.cn/mmbiz_jpg/QQ0ibzFyiaXdpafKvqT0muFEaGL0OTjDgNcicymQEaXbdmDSUf6icThLRqEpT42hiaZKXWYfOickcZYzTEJ9Onj45s0g/640?wx_fmt=jpeg|https://mmbiz.qpic.cn/mmbiz_gif/6zIV1e6ocLAJryhK4rtZicPeiaxJELyicheyG9zZQfdJOJeue3xtPUYiaUn43kZGW7cbuib0Tibro9lOyHO76vO28ttA/640?wx_fmt=gif|https://mmbiz.qpic.cn/mmbiz_jpg/FKgqZWCkicVgQibBNrgWLBgcJAlQhwX0ngGrnwDp79iahnBGbqjOWzLxHolvBzicNGQGC1ffx7seDeianbkk6icu6IuA/640?wx_fmt=jpeg]]></image>
</data>
