<data>
  <id><![CDATA[50545983]]></id>
  <url><![CDATA[https://mp.weixin.qq.com/s?timestamp=1539596599&src=3&ver=1&signature=Egrj350GoKY8-KUcIJshb*ymxFLjr8NgVnSSjHRkVUZ7PR4IZiOgYOvKxqOqW2GbUwnDBu5JeVwBFVEb8M9tMN0-mTP7cKOq*UnsR38vUXbqEl2-N-PVR9x4sduaPGhzlgg4BGsRdg3ToI35jaR7JXau6ZbcSGZplqqbqciuQW4=]]></url>
  <title><![CDATA[您的肯定和支持，让他们前行更有力量——高明区政法部门工作亮点系列宣传（五）]]></title>
  <content><![CDATA[在区委区政府的坚强领导下，高明区政法部门深入贯彻落实习近平新时代中国特色社会主义思想，严格执行上级部门对政法工作的重要指示批示精神，主动适应新时代的新要求，始终保持战略定力，坚持稳中求进，围绕中心，服务大局，攻坚克难，主动作为，全区政法工作取得了丰硕成果，社会大局持续稳定、平安指数稳步提升、执法服务创新发展、基础工作全面夯实，为我区经济发展营造了安全稳定的社会环境，为打造“珠三角最安全区域”保驾护航。为进一步加深广大市民群众对高明区政法部门的了解，从即日起，区委政法委将开展政法部门工作亮点系列宣传，定期推送区委政法委、区法院、区检察院、公安分局以及区司法局等政法部门的工作亮点内容，敬请关注！本期带领大家走进“佛山市公安局高明分局”2018年已经过去四分之三，你的目标实现了多少？在全体警辅人员的努力下，高明公安又实现了一个小目标。近日，省委政法委下发《关于对2018年上半年群众安全感和政法工作满意度调查结果的通报》。调查结果显示，2015年至2018年，高明区群众安全感、公安工作满意度连续4年实现“双提升”。治安好不好，群众最有体会；公安工作好不好，群众最有发言权。安全感、满意度不断攀升，这是高明市民对公安最大的肯定。那么，蜀黍都做了哪些事呢？来看看咱们高明公安上半年的一组数字：110刑事治安警情继续同比下降6.6%刑事警情同比大幅下降22.4%“百日强基”行动优秀等级逮捕、行政拘留人数同比上升6.6%、23.2%命案、两抢、八大类严重暴力案件100%侦破12天无刑事案件发生1打击始终把维护公平正义作为第一追求▲对犯罪团伙实施抓捕今年以来，全区公安机关继续以打造“珠三角最安全区域”为主线，以“自信警队”建设为抓手，全力开展扫黑除恶专项斗争、“飓风2018”专项行动。成立全市首支扫黑除恶专业队，1至6月共打掉涉恶团伙19个，破获案件36宗。▲成立全市首支扫黑除恶专业队更快破大案、更多破小案、更好控发案，先后打掉4个大型电信诈骗团伙刑拘53人，打掉一跨国武装贩毒团伙刑拘20人，缴获冰毒2.5公斤、仿真手枪2支和子弹34发。▲打掉一贩毒团伙2防控构筑平安的天罗地网▲高明街头见警率高高明公安创新使用“智慧巡防勤务”等大数据系统，宏观监测调度全区警力覆盖情况，累计出动交通岗、“五巡”警力10.8万人次，实现“警力跟着警情走”。▲遍布大街小巷的天眼在区委区政府支持下，推动动态人脸识别系统建设及警务移动终端采购，高清化改造“平安六期”258支摄像枪、145个智慧摄像枪、12组电警卡口和5处高位监控点。1至6月，全区日均110刑事警情下降至2.6宗，有12天无刑事案件发生，群众安全感持续攀升。3服务便民利民“最多跑一次”▲开展便民措施宣传活动进一步深化公安“放管服”改革，建成全省首个“出入境边检便民签注点”，5个24小时自助服务大厅实现镇街全覆盖启用，落实临时身份证“立等可取”、周日办证等服务，惠及群众9.9万人次。▲24小时自助服务大厅实现镇街全覆盖让改革惠及民生，让数据多跑路，让群众“只进一扇门，最多跑一次”。4暖心凡警小事传递正能量▲凡警小事多次获得中央省市媒体报道“有位小孩迷路，哭着找家人”“110吗，有人被车撞伤了，要紧急送往医院”……蜀黍的及时出现，让焦急中的人们分外安心。▲站在10多米的高空，用肩膀托举起即将坠落的男童为了市民的安全和幸福他们一直在路上您的肯定和支持让他们前行更有力量高明公安将不辱使命创造更加平安和谐的社会治安环境！往期回顾❀1.公正司法、司法为民——高明区政法部门工作亮点系列宣传（一）❀2.以人民为中心，守护高明平安——高明区政法部门工作亮点系列宣传（二）❀3.立检为公，执法为民——高明区政法部门工作亮点系列宣传（三）❀4.深入群众，开展普法宣传——高明区政法部门工作亮点系列宣传（四）来源 | 高明公安、高明政法编辑 | 西江新城微信编辑部]]></content>
  <author><![CDATA[西江新城]]></author>
  <time>2018-10-11 14:36:36</time>
  <account><![CDATA[gmxjxc]]></account>
</data>
