<data>
  <id><![CDATA[50545983]]></id>
  <url><![CDATA[https://mp.weixin.qq.com/s?timestamp=1539596599&src=3&ver=1&signature=Egrj350GoKY8-KUcIJshb*ymxFLjr8NgVnSSjHRkVUZ7PR4IZiOgYOvKxqOqW2GbUwnDBu5JeVwBFVEb8M9tMHz4-RUmWd1AgWHJKLccdOn8zuxAfERGnrYf2-zpYKvYV48pyAgT5JRxUiCgkgqAlQ41kJZsW2uVncHW3FunZDI=]]></url>
  <title><![CDATA[你家的河涌环境好吗？随手拍照+留言即有机会拿丰富奖品！]]></title>
  <content><![CDATA[各位街坊~大家觉得身边的河涌环境好吗？河长十分期待听到你们的心声从2017年5月开始，佛山全面推行“河长制”。推行以来，大家觉得身边的河涌环境有改善吗？佛山市河长办期待听到你的声音！大家可以通过拍摄身边的河涌照片，并附上对河涌长说的一句话（既可以是赞扬河涌环境的改善，也可以指出河涌仍然存在的问题）参与活动，每个星期将进行一次”展示“，入选者将会获得特别奖品，你反映的问题也都会“有求必应”。怎么拍，说什么？请参考以下最新一期入选的网友留言有赞赏与肯定的↓↓↓网友“希”：#我有话对河长说# 自从实行河长制以来，南海九江镇“ 东西运河”的水质提升了不少，现在很多人游泳和钓鱼，感觉很舒服！网友“黄公子”：#我有话对河长说# 乐从镇上华村市场涌，河畔就系公园供村民悠闲活动，河涌常年绿色水质并有好多好多鱼，原生态大环境棒棒哒，但不能钓鱼，希望可以多放水闸口让河道更加漂亮。网友“有活力”：#我有话对河长说# 乐从文化公园越来越漂亮了，时常能看见绿化保洁人员的身影，让这个小公园水清叶绿景美，心情愉悦！网友“蓉蓉”：#我有话对河长说#听说烟桥村很久了，第一次来，村里的河涌没有污水、垃圾，连两岸都很干净呢~网友“Dnm-Zib”：#我有话对河长说#南海丹灶仙岗村正在施工，计划将排入荷花塘的污水，收集到新建的污水处理设施处理，然后处理达标后排放到水体。也有指出问题的↓↓↓网友“Amber冰”：#我有话对河长说#禅城影荫路河涌浑浊不清，与两岸的绿化形成鲜明对比，希望能逐渐改善。网友“jin&chan”：#我有话对河长说#南海区狮山镇罗村王芝涌下柏支涌，每到一定时期，河涌总会浮现这些锈水的东西，河涌水就会发臭，为何整治不了？网友“章”：#我有话对河长说#南海沙头石江，河水一直灰灰臭臭，部门不作为，别浪费纳税人的钱！网友“莲莲顺景”：#我有话对河长说#禅城同济东路西涌何时整治，又黑又臭。网友“Angell BB_polly ”：#我有话对河长说#禅城镇安村的西涌河段又黑又臭又多蚊子无论弹还是赞河长一样期待活动参与请关注微信公众号946民生直通车在后台发送带有#我有话对河长说#标签的文字及图片即可参与。来源 | 佛山市河长办编辑 | 西江新城微信编辑部]]></content>
  <author><![CDATA[西江新城]]></author>
  <time>2018-09-29 16:09:59</time>
  <account><![CDATA[gmxjxc]]></account>
</data>
