<data>
  <id><![CDATA[50545983]]></id>
  <url><![CDATA[https://mp.weixin.qq.com/s?timestamp=1539596599&src=3&ver=1&signature=Egrj350GoKY8-KUcIJshb*ymxFLjr8NgVnSSjHRkVUZ7PR4IZiOgYOvKxqOqW2GbUwnDBu5JeVwBFVEb8M9tMNDMLMtlg-aG*--nzJ7vbk8HGnA3iyAB4OmIPhOjcKG00ozG*v7d3HtTvVJFal7bnTb-ilRPzSVbnGz00cBE8Jw=]]></url>
  <title><![CDATA[降温！冷空气杀到！高明气温将降至1字头…]]></title>
  <content><![CDATA[今日寒露，冷空气+雨水也要来了！高明最低气温降到1字头！小伙伴们，长裤长袖准备一下！冷空气+雨水要来了广东省气象台播报，9日夜间到10日，受中等偏弱冷空气影响，广东省大部将转弱降水，粤北、粤东市县有小到中雨，其余市县有小雨；各地气温日温差减小，最高气温下降较明显，日平均气温小幅下降，其下降幅度为：粤北3℃～5℃，其余市县2℃～4℃。高明最低气温降到1字头据佛山市气象局预报未来几天高明最低气温19℃10-11日还将迎来降雨天气具体天气：预计高明区9日多云间晴，有轻雾或轻微灰霾，22到31度；10日多云到阴天，有小雨，20到28度；11日阴天间多云，有小雨，19到24度；12到13日多云，20到28度；14到15日多云间阴天，有小雨，20到28度；16到17日多云间阴天，有小到中雨，20到26度；18日多云，21到28度。寒露至，秋意渐浓小伙伴们，各种长袖先准备起来哦~寒露过后要避免受凉寒露，标志着天气由凉爽向寒冷过渡，人体的阳气逐渐收敛。因此，寒露过后要避免受凉，少辛增酸，预防疾病。这个时候不宜再“秋冻”了，尤其要注意肩颈、腰背、脚部的保暖。暖颈：脖子是寒气入侵的主要部位，戴条围巾可有效保暖颈部。暖腰：时常用搓热的双手捂在腰眼上有很好的温热作用。暖脚：足部保暖除了穿厚袜子、棉拖鞋，还可以利用看电视的时间，站立踮起脚尖再放下，重复做至额头微微冒汗。做完运动再用热水泡脚，可舒筋活血，温暖全身。资料 |  广东天气、佛山市气象局、高明气象台、高明发布等编辑 | 西江新城微信编辑部]]></content>
  <author><![CDATA[西江新城]]></author>
  <time>2018-10-08 16:17:14</time>
  <account><![CDATA[gmxjxc]]></account>
</data>
