<data>
  <id><![CDATA[50545983]]></id>
  <url><![CDATA[https://mp.weixin.qq.com/s?timestamp=1539596599&src=3&ver=1&signature=Egrj350GoKY8-KUcIJshb*ymxFLjr8NgVnSSjHRkVUZ7PR4IZiOgYOvKxqOqW2GbUwnDBu5JeVwBFVEb8M9tMEFQjW4cYvCLzQzodLTJ9133v4oPRL7-tcrgWTVOkRZCLb1x*kZfnXVtNjMh4pWEcQUQBbVZBh5YVFharP-pyXA=]]></url>
  <title><![CDATA[扫黑除恶宣讲走进校园！昨晚西江新城第一小学家长会你来了吗]]></title>
  <content><![CDATA[昨晚（9月29日），在西江新城第一小学的大力支持和配合下，西江新城扫黑办联同西江新城派出所明湖警务室籍着新城小学召开第一次家长会之际，到该校进行扫黑除恶、反恐、禁毒宣传活动。工作人员在现场对家长们进行了扫黑除恶、反恐、禁毒方面的宣讲，并向他们派发200多份扫黑除恶宣传小册子。这次宣传活动得到了家长们的一致认可和点赞，效果良好。家长们纷纷表示，西江新城扫黑除恶的宣传形式多样，容易深入人心，很有意义。来源 | 西江新城管委会编辑 | 西江新城微信编辑部]]></content>
  <author><![CDATA[西江新城]]></author>
  <time>2018-09-30 15:45:45</time>
  <account><![CDATA[gmxjxc]]></account>
</data>
