<data>
  <id><![CDATA[50545983]]></id>
  <url><![CDATA[https://mp.weixin.qq.com/s?timestamp=1539596599&src=3&ver=1&signature=Egrj350GoKY8-KUcIJshb*ymxFLjr8NgVnSSjHRkVUZ7PR4IZiOgYOvKxqOqW2GbUwnDBu5JeVwBFVEb8M9tMNDMLMtlg-aG*--nzJ7vbk-EsCM82qabfbbaTBepUMCe94BStz2Gg0RVNk4obefmtlxi4vQAFxbGc0D4cgRDeUk=]]></url>
  <title><![CDATA[身份证一定要贴张创口贴！解决很多人的困扰......]]></title>
  <content><![CDATA[身份证时间久了容易消磁给生活带来极大不便今天教你一招让你不再担心身份证消磁问题下面一起来学习一下吧↓首先，我们拿出一个手机，打开手电筒功能。然后，把身份证放在灯光处，找到我们芯片的位置在哪儿。当我们看到在身份证右下角有一个长方形印子，这里就是身份证芯片的位置了。最后，当我们查找到芯片的位置之后，我们准备一个创口贴，将创口贴中间的药棉处，对着芯片所在位置贴住，这样的话将我们的身份证跟手机放一起就不会消磁了。以后再也不担心会消磁了觉得有用的话快扩散给身边的朋友哦！资料 | 常州网、东方头条、现代快报编辑 | 西江新城微信编辑部]]></content>
  <author><![CDATA[西江新城]]></author>
  <time>2018-10-08 16:17:14</time>
  <account><![CDATA[gmxjxc]]></account>
</data>
