<data>
  <id><![CDATA[50545983]]></id>
  <url><![CDATA[https://mp.weixin.qq.com/s?timestamp=1539596599&src=3&ver=1&signature=Egrj350GoKY8-KUcIJshb*ymxFLjr8NgVnSSjHRkVUZ7PR4IZiOgYOvKxqOqW2GbUwnDBu5JeVwBFVEb8M9tMBBdJ6hl8Uc6rulp6UD2wRf0A*H*yGYrO4zC4vAB7vp0GwborFk3VQyfiUJWYgJb7tDMTUsC6h7fSmAtcf1nZBQ=]]></url>
  <title><![CDATA[静谧的秋日里，坐看花开花落，来丽江水廊走走吧！]]></title>
  <content><![CDATA[周末到了，在西江新城去哪里吃喝玩乐好？新城君特别推出【吃喝玩乐in新城】栏目，带大家寻觅新城及周边的好去处。这几天，随着一股冷空气的降临，秋天真的到来了。西江新城的公园里、小河边、马路旁依旧花开正好，一起出来走走吧！秋高气爽，万里无云在这个静谧的季节里看花瓣飘落听小鱼划破水面的声音感受依旧生机盎然的新城跟着新城君一起秋游赏花发呆吧！今天，我们先来到拥有“佛山十大最美河湖”称号的丽江水廊。车水马龙的公路衬托出这里的宁静仿佛世界都安静了在桥上走走停停偷得浮生半日闲紫色的蓝花草开了遍地像是鼓足了劲的小喇叭吹奏着新城的美好乐章朱槿花开的依旧灿烂以“星星之火可以燎原”之势在万绿丛中显得那么耀眼热烈粉嫩的美人蕉像是羞答答的姑娘家不知在遥望着河对岸的哪个他淡紫色的萼距花像是夜空中的点点繁星用力的绽放在大地上默默地装点着这个秋天俯下身来，细嗅可爱的假连翘抬起头看，它们在阳光下的身姿它们用各自的方式，谱写着生命的意义金黄的双荚决明神气十足地顶于树梢不畏惧秋的寒意依旧充满着活力叶子已掉光的树儿依旧开满了美丽异木棉给萧瑟的秋天带来无限的美好与感动风儿轻轻一吹美丽异木棉花翩翩起舞最后落在绿莹莹的草地上以天为被，以地为床惬意地享受秋日阳光与三两知己或家人孩子抑或独自一人走走停停把俗尘凡事暂放一边享受秋天独有的意境吧知识链接丽江水廊蜿蜒曲折的水岸线全长约3公里，平均宽度为35米，沿线建有亲水平台、休闲小广场、儿童游乐场等景点，沿岸种有芦苇、菖蒲等大片水生植物，景观设计突出“自然生态”之味，是西江新城重要的社区绿道和滨水生态绿色景观长廊。同时，作为西江新城重要的水系统调节渠道，丽江水廊在引入秀丽河水之后，水位可得到控制，其防洪方面的水利功能将被弱化，而城市排涝功能将更加突显。往期回顾❀1.周末去哪浪？吹着夏风，吃口河鲜，西江新城这里很不错！❀2.滋补瓦撑鸡，食过翻寻味！周末来西江新城觅食吧！❀3.有福利！恒温泳池、空中温泉…来西江新城感受返璞归真的慢生活！❀4.深海鱼生、金箔甜品、虾饺烧卖…不出高明，一店尝尽全球料理！❀5.西江新城新开几家便民肉菜店：新鲜入货、不卖隔夜菜❀6.香甜葡萄、红肉火龙果现摘现吃，摘果之游，高明好地头！❀7.免费游泳、畅玩乐园，来高明领取教师节福利吧！图文 | 佛山新闻网 罗青霞编辑 | 西江新城微信编辑部部分资料 | 高明发布]]></content>
  <author><![CDATA[西江新城]]></author>
  <time>2018-10-13 07:57:48</time>
  <account><![CDATA[gmxjxc]]></account>
</data>
