<data>
  <id><![CDATA[50545983]]></id>
  <url><![CDATA[https://mp.weixin.qq.com/s?timestamp=1539596599&src=3&ver=1&signature=Egrj350GoKY8-KUcIJshb*ymxFLjr8NgVnSSjHRkVUZ7PR4IZiOgYOvKxqOqW2GbUwnDBu5JeVwBFVEb8M9tMHz4-RUmWd1AgWHJKLccdOmLs6WJ5OlZE4Cy6cYvu8Wda98efkeOOFTqkip3Qy0Bk*kqml0YbbahdjxEa1ttRdY=]]></url>
  <title><![CDATA[重磅消息！佛山一环封闭大调整，绕行指南戳↓]]></title>
  <content><![CDATA[@各位车主佛山一环最新封路消息公布！佛山市路桥建设有限公司昨日发布相关封闭路段施工绕行指引平胜大桥南往北方向封闭3个月！一环东线花卉大道立交至南线环镇西路立交路段（陈村往乐从方向）进行第三阶段的主路封闭施工一环东线花卉大道立交至一环南线环镇西路立交（陈村往乐从方向）封闭封闭路段佛山一环东线花卉大道立交至佛山一环南线环镇西路立交（陈村往乐从方向）封闭时间2018年9月30日22时至2018年11月25日封闭佛山一环南线北滘立交至环镇西路立交路段。2018年10月6日22时至2018年11月25日封闭佛山一环东线花卉大道立交至佛山一环南线北滘立交路段。建议绕行线路①车辆行至西龙立交出口→西龙立交（东行）→魁奇路东延线→广珠西线高速（南行）。②车辆行至西龙立交出口→西龙立交（西行）→魁奇路东延线→佛陈路→一环辅路（南行）→荷岳路→乐从大道→吉利大道→樵乐路北行入口→佛山一环主线。③过境车辆请通过广州西线高速、广明高速、广州西二环高速等高速进行通行。绕行指引一环东线花卉大道至海八路立交（南往北方向）封闭佛山一环高速化改造佛江北高速第三阶段封路，平胜大桥9月30日晚22时封闭南往北方向。佛山一环东线花卉大道至海八路主路（南往北方向）进行主路沥青路面施工。封闭路段一环东线佛江北高速花卉大道至海八路立交（南往北方向）封闭时间2018年9月30日22时至2018年12月30日建议绕行路线①北行车辆行至花卉大道出口→佛山一环辅道→花卉大道→广明高速→广珠西线高速→广州环城高速北行。②北行车辆行至花卉大道出口→佛山一环辅道→西龙立交→魁奇路东延线（东行）→广珠西线高速→广州环城高速。③过境车辆请绕行周边高速公路进行通行。绕行指引一环主路封闭一环北线官抱立交至里和立交（西往东方向）封闭佛山一环北线官抱立交至里和立交路段（西往东方向）进行主路沥青路面施工。封闭路段一环北线官抱立交至里和立交（西往东方向）封闭时间2018年9月30日22时至2018年12月15日建议绕行线路①西往东车辆沿东西二线→兴业北路→虹岭路→官华路→官里路或官和路→桂和路。③南往东车辆沿一环西线（北行）→官窑立交→一环北线南侧匝道→官华路→官里路或官和路→桂和路。③过境车辆往东通过绕行广州西二环高速公路进行通行。绕行指引解封路段广明高速第二阶段封闭施工路段即将具备开放交通条件，将对环镇西路立交至罗格立交路段（乐从往南庄方向）主路进行解封。解封路段佛山一环南线环镇西路立交至佛山一环西线罗格立交路段（乐从往南庄方向）解封时间2018年9月30日22时临时出入口设置解封路段共设置4个临时出入口，分别为：环镇西路西行入口吉利佛开北行入口樵乐路北行入口罗格立交魁奇路/高明/禅城出口解封出入口开通路段来源 | 佛山市路桥建设有限公司编辑 | 西江新城微信编辑部]]></content>
  <author><![CDATA[西江新城]]></author>
  <time>2018-09-29 16:09:59</time>
  <account><![CDATA[gmxjxc]]></account>
</data>
