<data>
  <id><![CDATA[50545983]]></id>
  <url><![CDATA[https://mp.weixin.qq.com/s?timestamp=1539596599&src=3&ver=1&signature=Egrj350GoKY8-KUcIJshb*ymxFLjr8NgVnSSjHRkVUZ7PR4IZiOgYOvKxqOqW2GbUwnDBu5JeVwBFVEb8M9tMDhBkL33kTcXd8zkgvZf-LFwGhetD-YlHR4qOJrzOwnfKBIUY78b3G38QY48w5ADZdONPF0U7tJtfl3*-CIAqLo=]]></url>
  <title><![CDATA[西江新城楼盘工地今日上午好热闹，原来是在进行这些活动！]]></title>
  <content><![CDATA[【新城安防】栏目以安全宣教为主，旨在引导市民关注日常安全与防灾自救等知识，普及安全防范知识，提升安全意识，倡导科学理性的安全自救理念，营造安全、和谐的新城环境。今天上午（9月28日），西江新城扫黑办联同西江新城派出所明湖警务室以及西江新城环运城管分局、社工局、环运执法局在国庆节前到万科美的西江悦二期工地对工地工人进行扫黑除恶、反恐、消防培训演练以及禁毒宣传活动。工作人员在现场对工地工人进行了宣讲以及演练，并向他们派发100多份扫黑除恶宣传小册子。通过这次宣传活动，进一步提高工人对扫黑除恶的知晓率，增强他们在突发的恐怖暴力、消防等情况下的应对能力。这次宣传活动得到了广大工人们的认可，效果良好。现场工地的工人们纷纷表示，这样的活动很有意义，对政府进行的扫黑除恶、反恐、消防培训演练及禁毒宣传活动都有了更进一步的了解。来源 | 西江新城管委会编辑 | 西江新城微信编辑部]]></content>
  <author><![CDATA[西江新城]]></author>
  <time>2018-09-28 19:01:00</time>
  <account><![CDATA[gmxjxc]]></account>
</data>
