<data>
  <id><![CDATA[50545983]]></id>
  <url><![CDATA[https://mp.weixin.qq.com/s?timestamp=1539596599&src=3&ver=1&signature=Egrj350GoKY8-KUcIJshb*ymxFLjr8NgVnSSjHRkVUZ7PR4IZiOgYOvKxqOqW2GbUwnDBu5JeVwBFVEb8M9tMEFQjW4cYvCLzQzodLTJ910MqfT2wm4o0Yd3vG1PF6X9ez2xL52zgobr12xIlR-2cuOGAXMph8VWAN64MGGpHqw=]]></url>
  <title><![CDATA[国庆假期，勿忘安全！美女公安提醒你，出外游玩时要注意→]]></title>
  <content><![CDATA[国庆马上就到了很多小伙伴早早就做好了计划准备狠狠地“浪”一回可是，大家都知道国庆到处都是人从众𠈌难免会发生各种各样的状况这些突发的状况最常见！防盗防骗 安全度假国庆佳节 勿忘安全危险时刻 请拨打110蜀黍会一直在线哦...来源 | 高明公安编辑 | 西江新城微信编辑部]]></content>
  <author><![CDATA[西江新城]]></author>
  <time>2018-09-30 15:45:45</time>
  <account><![CDATA[gmxjxc]]></account>
</data>
