<data>
  <id><![CDATA[50545983]]></id>
  <url><![CDATA[https://mp.weixin.qq.com/s?timestamp=1539596599&src=3&ver=1&signature=Egrj350GoKY8-KUcIJshb*ymxFLjr8NgVnSSjHRkVUZ7PR4IZiOgYOvKxqOqW2GbUwnDBu5JeVwBFVEb8M9tMDhBkL33kTcXd8zkgvZf-LEtUS2y6o7d69FcgQcRlhDc1hz1J3IaPiK7McZ8t4I2x6gy6e5K4JDYIxfwysCW9WE=]]></url>
  <title><![CDATA[立检为公，执法为民——高明区政法部门工作亮点系列宣传（三）]]></title>
  <content><![CDATA[在区委区政府的坚强领导下，高明区政法部门深入贯彻落实习近平新时代中国特色社会主义思想，严格执行上级部门对政法工作的重要指示批示精神，主动适应新时代的新要求，始终保持战略定力，坚持稳中求进，围绕中心，服务大局，攻坚克难，主动作为，全区政法工作取得了丰硕成果，社会大局持续稳定、平安指数稳步提升、执法服务创新发展、基础工作全面夯实，为我区经济发展营造了安全稳定的社会环境，为打造“珠三角最安全区域”保驾护航。为进一步加深广大市民群众对高明区政法部门的了解，从即日起，区委政法委将开展政法部门工作亮点系列宣传，定期推送区委政法委、区法院、区检察院、公安分局以及区司法局等政法部门的工作亮点内容，敬请关注！本期带领大家走进“高明区人民检察院”今年，高明区人民检察院紧紧围绕区委区政府的工作部署，自觉接受人大及其常委会的监督，忠实履行法律监督职责，深入推行检察改革，大力开展司法规范化和过硬队伍建设，各项检察工作进展顺利。亮点一：精致办案 护航青春区检察院秉持精致办案、护航青春的理念，以“关爱祖国未来，呵护花朵成长”为己任，深入开展“启点行动”，加强对涉罪未成年人的教育和矫治工作。大力开展法治巡讲，向未成年人广泛普及未成年人权益保护法律知识。与各职能部门共同研究“如何更好地关爱未成年人成长”，形成保护未成年人工作合力。▲开展启点行动暨刑事诉讼全程帮教制度启动仪式。▲未检办副主任王文婷荣获“佛山市首届廉洁年度人物”称号。▲未检干警向佛山小记者协会的小记者们介绍未检工作情况。▲举办以“关爱祖国未来 擦亮未检品牌”为主题的“检察开放日”活动。亮点二：加强公益诉讼 保护绿水青山区检察院注重强化公益诉讼职能宣传，结合办理的危害生态环境案件，加大公益诉讼案件线索的收集、研判，以司法手段保护我区绿水青山。今年以来，共立案公益诉讼案件6件。区委区政府高度重视公益诉讼工作，出台了《高明区行政机关配合、支持检察机关开展公益诉讼工作的意见》，大力支持检察机关依法开展公益诉讼工作。▲与区环保部门开展公益诉讼座谈会。▲为更合镇、村干部举办“公益诉讼”法治讲座。区检察院注重强化公益诉讼职能宣传，结合办理的危害生态环境案件，加大公益诉讼案件线索的收集、研判，以司法手段保护我区绿水青山。今年以来，共立案公益诉讼案件6件。区委区政府高度重视公益诉讼工作，出台了《高明区行政机关配合、支持检察机关开展公益诉讼工作的意见》，大力支持检察机关依法开展公益诉讼工作。▲与区环保部门开展公益诉讼座谈会。▲为更合镇、村干部举办“公益诉讼”法治讲座。亮点三：深化检务公开 打造“阳光检务”区检察院高度重视与人大代表、政协委员的联系交流。定期走访人大代表、政协委员，主动邀请人大代表、政协委员参加“检察开放日”和旁听案件庭审。今年，区检察院被区人大常委会授予“人大代表满意单位”称号。此外，区检察院加大信息公开力度，及时公开案件程序性信息；抓好官方微信、微博和新闻客户端的维护、管理；依法保障律师执业权利，更好地保障群众对检察工作的知情权、参与权、表达权和监督权。近期，新媒体作品《诈骗的套路，你都走完了吗》荣获全国第三届检察新媒体创意大赛图文类金奖。▲组织区人大代表旁听案件庭审。▲区政协委员到区检察院检务中心进行视察。▲未检办副主任王文婷代表领取“第三届检察新媒体创意大赛图文类金奖”证书。今后，高明区人民检察院将坚持以人民为中心的发展思想，聚焦监督主责主业，凝心聚力、奋发有为，努力创造新时代检察工作的新作为，为高明区建设成为“珠三角最安全区域”、“最安全稳定、最公平公正、法治环境最好”的城市做出更大的贡献！来源 | 高明政法编辑 | 西江新城微信编辑部]]></content>
  <author><![CDATA[西江新城]]></author>
  <time>2018-09-28 19:01:00</time>
  <account><![CDATA[gmxjxc]]></account>
</data>
