<data>
  <id><![CDATA[50545983]]></id>
  <url><![CDATA[https://mp.weixin.qq.com/s?timestamp=1539596599&src=3&ver=1&signature=Egrj350GoKY8-KUcIJshb*ymxFLjr8NgVnSSjHRkVUZ7PR4IZiOgYOvKxqOqW2GbUwnDBu5JeVwBFVEb8M9tMKQbQgssTFVF0R0WWyj7j-EtsZtLOD5SQBp0M351KxBYm6Jfo655bAWGAR9KoUrBpERxPcuGLFSYB02fs7YaroQ=]]></url>
  <title><![CDATA[国庆假期就在高明浪！美食、玻璃桥、歌舞、书展……样样精彩！]]></title>
  <content><![CDATA[今天是国庆节各位街坊也迎来了国庆小长假的第一天大家都做好出行计划了吗新城君给大家整理了一份高明国庆期间好去处一起来看看美的·鹭湖森林度假区安纳希小镇：吃不完的美食节+卡通萌宠大巡游美的·鹭湖森林度假区齐聚了好看好玩和好吃！国庆七天假，让舌尖跟着你一起旅行。葡挞、烤乳猪、碳烤沙丁鱼、蒜肠，奶酪、濑粉、油条冰激凌……这里都有！悄悄告诉大家，小镇内的莫奈餐厅自助餐含了花样寿司拼盘、炭烤羊腿烧鹅等等一系列烤肉、还有慕斯布朗尼……抖音网红北极熊＆大熊猫也要来安纳希小镇啦~想成为朋友圈人气TOP1的朋友千万不要错过，快抱住萌萌哒它们合影吧！此外，乌克兰小哥哥小姐姐在现场除带来异域歌舞快闪表演外，还将亲手送出20元探索王国门票代金券哦~精彩森林争霸赛要在神秘的鹭湖探索王国拉开序幕啦，小朋友们搬好板凳来凑热闹没呢！威武狮虎争霸，谁能更胜一筹？萌翻天际的黑熊灵活玩转跳绳、双杠，实力不容小觑！杂技高手山羊先生上演惊险走钢丝，能否成功？还有友情出演的小狗们哦，快来瞧瞧~活动时间：10月1日至7日活动地址：高明区杨和镇高明大道东218号佛山高明碧桂园凤凰酒店今年的国庆长假要不要来点新意思？高明碧桂园凤凰酒店策划了一场奇幻童话之旅，满足你所有的少女心。当一回哈利波特，到魔法学堂上课相信每个人的童年里都有哈利波特的身影，都有一个魔法师的梦，那就赶快来魔法学堂上课吧！备受欢迎的小丑哥哥首先制作各色气球送给大家，拉开课堂大幕。全场大互动魔术环节是魔法学堂的主要内容，需要邀请全场小朋友一起互动，代入情景式训练，小朋友们乐此不疲呢！抖音魔术大互动、魔法自由练习时间等等也一起上线，亲子出游不可错过哦！具体时间：2018年10月1日至6日，15:30-16:00各类海鲜荟萃，垂涎欲滴的环球美食，凤凰酒店应有尽有。具体时间：2018年10月1日至6日，17:30-20:00还有还有！绿野仙踪从大荧幕搬到现实啦！迎宾小丑会在厅前迎接各位入场，随后《绿野仙踪》童话剧与互动科学实验环节依次上演，更有有奖竞猜环节，有机会获得五星级的房券噢~具体时间：2018年10月1至6日20:00-21:00活动时间：10月1日至6日活动地址：高明区碧桂大道三洲碧桂园海天酱油旅游文化节这是一场集“游玩+教学”的文化节，实力科普育娃不发愁！“海天酱油旅游文化节”娅米的阳光城堡邀你来免费玩！穿越到300多年前的佛山古酱园，让孩子学习做酱油的流程，体验曾经打酱油的乐趣。在这里，没有培训班、没有辅导课、没有器乐考级，孩子放松无压力，还能学到美食知识！在这里，作为家长的你可以寓教于乐，锻炼孩子的动手能力。在全自动化的智能生产线上一起感受科技的力量！活动时间：10月1日至7日活动地址：高明大道889号海天公司A1正门盈香生态园濑粉节一年一度的高明万人濑粉节又来了！第十二届高明万人濑粉节在盈香生态园已正式开幕，园区还安排了濑粉学堂、濑粉擂台赛等精彩活动，快来品尝一下传统手工濑粉的美味！同时，10月1日起，作为园区2018年重点项目的凌云飞渡玻璃桥项目也正式开门迎客，这是广佛地区首座落成的玻璃桥，也是广东首座5D特效玻璃桥！玻璃桥坐落在盈香生态园内的凌云山上，长288米，宽3.6米，高80米，有“凌云山第一桥”的美誉。活动时间：10月1日至7日活动地址：高明区荷城街道西安冼村鹏鹄蘑菇小镇鹏鹄蘑菇小镇有着200亩的田园，错落有致地分布着植竹荪、猴头菇和段木灵芝等十几个菌类品种，年产各类食用菌高达800多吨，是菌类爱好者的天堂！今年的国庆节，鹏鹄免费邀请大家参观蘑菇博物馆及蘑菇种植基地，一起来体验采摘乐趣，共享丰收喜悦吧！摘菇现场：一起摘菇奇趣多~银耳桑拿鸡、全菇宴、灵芝孢子粉富硒饭你品尝过没？不仅口感鲜甜细腻，营养价值也是杠杠的！国庆期间，任意消费+10蚊就能换购原色精选干银耳一份哦！蘑菇盛宴菜单鹏鹄还为大家量身定做了游玩路线：蘑菇小镇博物馆门口集中-参观蘑菇博物馆-参观蘑菇种植基地-体验采摘新鲜蘑菇-田园风光-采摘绿色蔬果-蘑菇产品展厅-生态大棚戏水玩乐-庄主推介特色全菇宴活动时间：即日起至10月7日地址：高明区更合镇陀程村鹏鹄蘑菇园（即广明高速更合东出口右前一公里处）最美歌声演唱比赛海选在高明一场轰动全城的音乐盛宴火热来袭他们声音天籁乐感强烈表现力强不用怀疑他们就是“最美歌声”的参赛选手们！2018“荷花杯”高明第四届最美歌声第三场海选将在十月六号晚上在荷城广场召开给你舞台，散发光彩！最美歌声就等你来！海选阶段参赛选手通过线上报名方式，工作人员整理完成通知安排初赛选手参赛日期、地点以及演唱序号，综合选出优秀的选手。决赛阶段决赛在荷城广场进行，半决赛晋级的10名选手分别进行三个环节角逐冠、亚、季军。奖项设置冠军（奖杯一座、证书一本、奖励奖金10000元）亚军（奖杯一座、证书一杯、奖励奖金5000元）季军（奖杯一座、证书一杯、奖励奖金3000元）最佳造型奖：（500元奖金与证书。）最佳台风奖：（500元奖金与证书。）演出基金奖：300元（入围前十名）少儿才艺大赛2018“荷花杯”高明区少儿才艺展演已火热来袭十月五号晚，与你约定荷城广场！大舞台成就大梦想在这个舞台上你的宝贝可以唱一首拿手的歌或者来段舞蹈又或者来段乐器演奏再来段跆拳道可以的话来首诗朗诵、讲一段相声也是极好的！十八般武艺样样精通的孩子们只要你擅长，都OK！梦想实现的开始永远是迈出第一步多彩的生活何必等待，少儿才艺的舞台等你来！而这个假期，我们终于能够看到这些可爱的孩子们的表演啦！在这个国庆假期，在荷城广场，少儿才艺大赛的海选终于正式来临。活动时间：10月5日晚上活动地点：高明区荷城广场书画、摄影展、阅读活动如果你爱文字、爱艺术喜欢文艺的生活那么就不要错过这次的书画、摄影展啦在文化中心“维艺是你 创意美术展”正如火如荼地进行中（图片来源网络）而在十月一日起，区文化中心将于微信公众号发布2018高明区文化中心“佳艺时空”之书画、摄影优秀作品“微艺展”展览时间：即日起至10月7日活动地址：高明区文化中心（图片来源网络）喜欢读书的你也有福啦彩虹故事会国庆特辑阅读活动也开始了爱读书的你怎么能错过！活动时间：10月份开始活动地址：高明区银海购书中心一楼超多活动好玩啊这个国庆天天精彩到爆！祝大家节日快乐！来源 |  文化高明、海天味业文化、美的·鹭湖森林度假区、高明盈香生态园、荷城微新闻、鹏鹄蘑菇园等编辑 | 西江新城微信编辑部]]></content>
  <author><![CDATA[西江新城]]></author>
  <time>2018-10-01 09:40:42</time>
  <account><![CDATA[gmxjxc]]></account>
</data>
