<data>
  <id><![CDATA[50545983]]></id>
  <url><![CDATA[https://mp.weixin.qq.com/s?timestamp=1539596599&src=3&ver=1&signature=Egrj350GoKY8-KUcIJshb*ymxFLjr8NgVnSSjHRkVUZ7PR4IZiOgYOvKxqOqW2GbUwnDBu5JeVwBFVEb8M9tMNDMLMtlg-aG*--nzJ7vbk9-kkVjgoxeLT0brmtRat33PWGjkGm--9wRBZFP27tcF6XIV5NgS-RZmbeKFfVLhyQ=]]></url>
  <title><![CDATA[国庆假期结束！请收下这份节后复工安全生产手册哦↓]]></title>
  <content><![CDATA[假期结束了你上班的状态是这样吗↓↓↓↓↓节后向来是生产安全事故的高发期，为预防和遏制安全事故的发生，各生产经营单位须结合自身实际，从以下几个方面做好复工复产的相关工作：1.做好一次安全动员教育假期，阖家团圆庆贺，心情放松，甚至大吃大喝、通宵娱乐是很多人的假日生活，长假过后，有的员工还沉浸在节日的闲散气氛中，心态懒散，做事烦躁。节后让员工尽快收心，摆脱“节后综合症”，找到工作状态，极为重要。节后第一天企业部门、车间（科室）、班组召开安全生产收心会是必不可少的工作。淡化节日喜庆气氛，营造肃穆安全环境。企业主要领导进行讲话，强调安全生产工作的重要性，提出新阶段安全工作目标，布置安全工作任务，让大家既有信心又有紧迫感，及时进入工作状态。2.组织节后安全生产大检查由于部分设备和工艺停止运行了较长时间，所以尤其要做好设备设施的检查，防止带病或带隐患运行；以及全面检查电气线路、危险化学品、消防设施、仓储方面的隐患。检查中发现的问题，要立即进行整改，确保达到安全生产条件。3.严格落实安全生产责任制一是调整员工节后的情绪，二是提高员工的安全意识。操作层员工要重温安全生产责任书，管理层员工要重温安全生产承诺。各层级组织要利用收心会强调岗位安全生产责任制、安全操作规程、危险危害因素及现场处置方案。再次强调安全生产责任制考核制度和“三违”负面清单，使每名员工知责、履责、尽责。4.开展员工节后安全生产教育培训各企业要抓好新员工三级安全教育，保证每一位新员工都经过培训合格方能上岗。特别要注重班组安全教育和班前、交接班会的召开。各企业要对新进员工和调换新岗位的员工严格开展“三级”安全教育培训；要对节后回原岗位工作的其他员工进行一次安全知识再教育再培训；要严格审核特种作业人员资格，对特种作业人员进行岗前再教育。对员工的教育培训情况要做好考核和记录，通过节后安全生产教育培训，有效提升员工安全生产意识。5.强化现场安全管理各企业安全管理主要职能部门，车间管理人员、基层安全员、班组长，要按照安全检查制度节后深入生产作业现场了解设备设施运行情况、安全生产标准化和现场5S运行情况；注意观察员工情绪与行为，节后员工精力不集中，容易违规操作、违反劳动纪律等；加强监督、检查劳动防护用品的正确佩戴和使用；与一线员工加强沟通、交流情感，及时了解员工的思想状况。现场发现的隐患问题要立即安排整改。节后复工，不少员工都患上了节后综合症稍不留神，随时都有可能导致安全事故发生新城君送上节后复工安全生产注意事项防患于未然，请大家收好！节后复工主要危险因素节后综合症过完国庆假期，又返回施工现场，但许多人生活节律还没有调整过来，自由散漫的心还没有收回来，主要体现在感觉身体疲惫、情绪不稳定，这就是节后综合症，此时若参与施工作业，容易发生安全事故。现场隐患现场的一些机械、设备、防护设施、脚手架、电气设备停用时间长，影响其安全性，如不进行检查、维修、加固，就会成为隐患，导致事故发生。复工主要安全管理措施（向下滑动查看更多）一、安全教育(收心会、强调现场安全纪律)二、排查隐患1. 专职安全员和管理人员必须加强施工过程中安全巡检工作，查隐患、查违章、差防护、查操作，发现问题立刻整改。2. 对脚手架及模板支撑体系的基础、连墙件，斜撑和剪刀撑、扣件螺栓等关键部位严格检查，保证结构的连接、杆件的紧固和架体基础稳定。3. 对起重机械的基础、机械与基础的连接固定、保险和限位装置等关键部位严格检查，使设备保持稳定、灵敏、可靠、牢固，确保作业机械的安全性。4. 用电前，要由专业电工对所有线路和用电设备逐一排查，要确保线路和设备的完好以及漏电开关的灵敏、可靠。三、方案及交底根据作业内容、作业环境、危险源辨识等情况编制安全生产方案，认真进行安全技术交底，增强操作人员的安全意识，了解安全隐患，正确操作，杜绝违章作业。四、作业计划梳理工作量后，应该及时制订作业计划，使每项工作安全有序地进行。制订作业计划应把握如下原则：避免交叉、保障安全、集中点面、起止鲜明、细化责任。制订计划前应对作业环境认真观察，以保证计划切实可行。制订计划应避免交叉作业，保证人员和设备的安全；工作内容点多面广，安排任务时应使人员相对集中，以便互相保护；务必明确每项工作何时开始、何时结束，甚至精确到小时，这样有利于监督；根据具体情况，管理人员再分工，可按照作业区域、专业划分职责，使每项工作均有具体人员负责。五、完善应急救援机制一旦发生事故，分分秒秒都关系到伤者的生死。如果在医护人员到来之前，现场施工人员就能够及时正确地做一些应急处理，伤者生存的希望就大些，所以施工人员学习一些事故的正确处理常识和抢救方法是十分必要的，至少要做到以下几点：1. 发生事故要报警、报告。报告时要讲清发生事故的地点、事故类别，伤亡情况，道路与行车路线。2. 掌握一般的急救知识。如火灾、触电、中毒窒息、高处坠落、中暑等。3. 学会自救逃生。保持镇静，切勿慌乱。复工后施工过程安全要求高处作业1. 作业前要对架子、平台、通道、防护栏杆、洞口防护盖板进行认真、细致的检查，排除隐患。2. 作业时要穿紧工作服、防滑鞋、戴好安全帽、系好安全带。3. 各种物料用系绳或溜放的方法放到地面，暂时不用的工具要装入工具袋，不得向下抛掷物料。4. 作业人员不得互相嬉戏打闹，以免发生失足坠落事件。5. 上下交叉作业时，不要在同一垂直面上作业，如必须在上层物体有可能坠落的范围之内作业，上下层之间要设隔离防护层。6. 在脚手架上作业或行走要注意脚下的探头板。7. 不得在高处作业下方和临边、洞口边缘或依靠临时护栏休息。8. 遇到大雾、大雨及六级以上大风时，要停止高处作业。施工用电1. 加强对临电设施（楼层分配电箱、开关箱、电缆、漏电保护装置及所有的电气线路等认真检查，发现隐患及时排除。配电箱、开关箱内不要存放物品，以防触电。周围要留出足够两人同时操作的空间和通道，不得堆放任何妨碍操作的杂物。2. 非电工不得修理各类开关电器。及时检查楼层通道及地下室的照明情况是否符合要求，有损坏的照明设备应及时更换。使用电动工具应使用经专业电工检测过的电动工具，发现电动工具的外壳或手柄破裂、电源线有破损、插头有损坏时，不要使用，要立即更换。3. 长期不用或者受潮的电动工具在使用前，应先让专业电工测量绝缘阻值是否符合 要求。4. 使用电动工具时，不得拆除或更换电动工具原有的插头，禁止将电缆金属丝直接插入电源插座，使用手持电动工具时，要先检查电源有没有漏电保护器，手持电动工具要经常保养维护，作业完成后拉闸断电，锁好开关箱、配电箱。5. 临时宿舍内不得违规乱接电线和私自使用热得快、碘钨灯等大功率电器，禁止电线乱搭乱挂和在电线上晾晒衣物等。动火作业1. 施工现场动火作业，要先办理用火证，用火证只限在规定地点，规定时间内使用，动火作业人和监火人要与票证相符。2. 动火作业前要清除周围易燃物，须派专人看火，作业完毕要进行检查。3. 施工现场发生火情时，要及时正确使用灭火器，电气着火不能用水及泡沫灭火器扑灭，防止发生触电事故。4. 气瓶的安全距离必须符合规程要求，乙炔与氧气瓶之间为5米，距明火为10米。5. 乙炔气瓶口必须有回火器，胶带不得老化漏气，并用卡扣卡牢。6. 动火作业不得与油漆、涂料、电缆铺设作业同时上下交叉进行，严禁对装有易燃介质的容器施焊。7. 消防器材只能在着火时使用，平时不得随意挪动。起重吊装作业1. 起重吊装作业要设警戒，吊物下方严禁人员行走和停留。2. 司机、起重、司索、指挥要持证，指挥要有标识服装。3. 索具、吊具、限位装置和控制系统在作业前要检查确认。4. 大风、大雾、沙尘及雨雪天气不得从事吊装作业。5. 起重机臂杆及吊物与架空电线边缘至少保持2米的安全距离。6. 当吊运过程中，如突然停电，应立即将吊车所有控制器扳回零位，切断总开关，然后再采取其他安全措施。受限空间作业安全1. 受限空间作业必须设专人监护；2. 在受限空间作业的人员要实行挂牌制度；3. 要有后备应急措施（消防、救护）；4. 必须事先检查里面的氧气含量；保证氧气含量在19-23%范围；5. 应保持良好的通风；6. 采用安全电压与防爆照明；7. 作业人员要配备防毒面具或氧气呼吸器。拆除作业切实做好安全防护设施、施工机具、物资回收及临时设施拆除过程的安全工作，拆除作业应注意的事项：1. 拆除作业前必须进行安全措施交底，让每个作业人员都了解作业过程的安全措施和注意事项。2. 每期作业都必须在计划范围内，不得安排单人作业，必须要有人监护，高处拆除时要设置警戒，防止无关人员误入作业区内。3. 必须按照拆除顺序作业，一是从上到下进行（如脚手架）；二是最后拆除安全防护如栏杆、生命线等；三是一次性完成，不留下隐患（如临时用电）；四是拆下来的材料要及时清理。4. 在最后拆除安全设施时，要采取有效的安全防护措施（如系安全带、地面设安全平网等）。假期结束了，更要警惕安全隐患各企业要时刻绷紧安全生产这根弦严格依照上面这些安全要求进行作业防止安全生产事故发生资料 |  高明安监编辑 | 西江新城微信编辑部]]></content>
  <author><![CDATA[西江新城]]></author>
  <time>2018-10-08 16:17:14</time>
  <account><![CDATA[gmxjxc]]></account>
</data>
