<data>
  <id><![CDATA[50545983]]></id>
  <url><![CDATA[https://mp.weixin.qq.com/s?timestamp=1539596599&src=3&ver=1&signature=Egrj350GoKY8-KUcIJshb*ymxFLjr8NgVnSSjHRkVUZ7PR4IZiOgYOvKxqOqW2GbUwnDBu5JeVwBFVEb8M9tMB-Dmf0YRuYhkNWQqviAiwLg-AAp0IrHJ6ITBoRMLJI*5N8AAbB4zXPgRepK4UhceyJ0g5uv6-p13GJS0SkLSLs=]]></url>
  <title><![CDATA[停水通知！高明这些小区在本周五9时开始停水，请做好准备]]></title>
  <content><![CDATA[各位街坊请注意本周五（10月12号）高明这些小区将停水配合佛山一环西托工程01标段中山路下沉隧道建设，需改造高明大道（中山路至南平街段）供水管停水施工。停水时间：2018年10月12日（星期五）上午9：00至晚上20:00受影响区域：高明大道（南平街至区水务局段）两侧用水户。包括：怡翠苑、七星苑、华彩居、德豪新苑、彩虹花园、丽柏酒店、高明国税局、交警中队、高明水务局、专业市场、雅然轩、御柏酒店、碧玉轩、惠茹楼、金丰苑、嘉华苑、高明检察院、汇盈华轩、春天里花园、汇盈叠雅轩、盈彩花园、新墩村等周边一带。快告诉你的亲朋好友提前做好储水准备啦来源 | 高明新闻编辑 | 西江新城微信编辑部]]></content>
  <author><![CDATA[西江新城]]></author>
  <time>2018-10-10 15:51:18</time>
  <account><![CDATA[gmxjxc]]></account>
</data>
