<data>
  <id><![CDATA[50545983]]></id>
  <url><![CDATA[https://mp.weixin.qq.com/s?timestamp=1539596599&src=3&ver=1&signature=Egrj350GoKY8-KUcIJshb*ymxFLjr8NgVnSSjHRkVUZ7PR4IZiOgYOvKxqOqW2GbUwnDBu5JeVwBFVEb8M9tMN0-mTP7cKOq*UnsR38vUXaVvfR8uNn29ctStcmfSeUMz*hsdJLSyzliViSpiis6N13fCrNAOgVFlzw1SduAzh8=]]></url>
  <title><![CDATA[马桶堵了，用不起眼的它就能轻松搞定，关键还不脏手！]]></title>
  <content><![CDATA[马桶堵塞真让人头疼还得花钱请人来疏通这里有个小妙招一张保鲜膜就能快速疏通马桶不花钱、不脏手保鲜膜的清洁妙用1疏通马桶马桶堵住了，先别急着找人修理。将保鲜膜完全盖住马桶，并贴紧边缘。然后按下马桶冲水的按钮，等到保鲜膜慢慢鼓出一定的高度后，用手轻轻地往下压平。揭下保鲜膜看看，堵塞住的马桶立刻被疏通好了。一张保鲜膜可是省下了一大笔修理的钱。图片来源：5 minute crats2防止液体倾漏外出的时候随身携带的洗漱护理用品经过路途颠簸，很有可能会倾洒出来。不仅浪费，还可能弄脏其它衣物。只需要将液体的瓶盖打开后，贴上一层保鲜膜。试试看，是不是“滴水不漏”了呢？将保鲜膜包裹住广口杯的杯口，然后再插入吸管。就算不小心碰倒了饮料也不会轻易洒出来，有效避免了果汁洒在其它物品上的悲剧。图片来源：5 minute crats3清洗水杯水杯用久了，茶渍去不掉？可以将保鲜膜套在手上，再擦拭水杯。污渍瞬间就清除，水杯立刻洁净如新。4隔绝厨房油烟每年年末大扫除的时候，家里厨房的墙壁因为常年受油烟的熏染，清洁起来十分费力。用一张保鲜膜，贴在靠近灶台的墙壁上，这样油烟就会被保鲜膜吸收了。以后打扫卫生时只需要更换保鲜膜就好，是不是减轻了很多工作量呢？油烟机外壳上套上一层保鲜膜做的保护套，隔一段时间换上新的就能保护油烟机不受污染。保鲜膜的防护妙用1垫子防滑很多人会在浴室门口放一块垫子，不仅是为了擦干拖鞋，而且也能起到防滑的作用。但由于出入浴室时会将水分带到垫子上，反倒让垫子变得更滑了。这时可以在鞋垫的下面放置一块保鲜膜，利用保鲜膜与地面摩擦的阻力，使鞋垫能更好固定住。踩上去感受一下，非常稳妥！同样的方法也可以应用到解决鼠标垫防滑的问题。在鼠标垫下铺上一块保鲜膜，这样鼠标垫就不会跟着鼠标“跑”了~2自制保护套将保鲜膜覆盖在电脑键盘上，就成了一个简易的键盘保护膜。防灰、防尘效果是极好的！家电遥控器整个包裹上一层保鲜膜后，同样能起到防尘的作用。以后遥控器不管用几年都能像新的一样啦。夏天使用的电风扇换季的时候用保鲜膜将外表全部包裹严实，来年夏天就可以直接使用，省去清洗的步骤！保鲜膜的保鲜妙用1保鲜香蕉从水果店买回家的香蕉总是放上几天就会出现黑斑或者腐烂的现象。不妨先把香蕉的根本剪去。然后用保鲜膜包裹住香蕉的根部，这样一来保质期就大大延长了。2保鲜鲜花鲜花和香蕉一样，也不能在家里放置太久。好看的鲜花总是没两天就枯萎了，真叫人可惜。可以试着用一张纸巾沾湿水后包裹住鲜花的根部。接着在纸巾的外面包上一层保鲜膜，如此双重保护下，鲜花就能在家里放上好几天了。图片来源：5 minute crats3养护保鲜盆栽最近全国各地都降温了，家里养了植株的朋友可以给植株套上一件保鲜膜做的外衣，给它们保保暖。记得在保鲜膜外衣上扎几个洞，方便植株呼吸哦~快速找到保鲜膜开口保鲜膜和胶带一样，等到下次再用时，总是找不到开口应该在哪里。教大家一个快速找到保鲜膜开口的方法，只需几秒钟，就能撕开保鲜膜！首先准备一卷保鲜膜和一只橡皮筋。然后将橡皮筋套在保鲜膜上。左右旋转橡皮筋约10秒钟，就能顺利找到保鲜膜的开口了！大家都学会了吗掌握家居小诀窍生活品质节节高来源 | 综合有品生活、莫小姐的家、央视财经编辑 | 西江新城微信编辑部图文版权归原作者所有，如有侵权，请联系删除。]]></content>
  <author><![CDATA[西江新城]]></author>
  <time>2018-10-11 14:36:36</time>
  <account><![CDATA[gmxjxc]]></account>
</data>
