<data>
  <id><![CDATA[50545983]]></id>
  <url><![CDATA[https://mp.weixin.qq.com/s?timestamp=1539596599&src=3&ver=1&signature=Egrj350GoKY8-KUcIJshb*ymxFLjr8NgVnSSjHRkVUZ7PR4IZiOgYOvKxqOqW2GbUwnDBu5JeVwBFVEb8M9tMDhBkL33kTcXd8zkgvZf-LHIb4PkkYWZ62OBQC1NKoDz7wU0mjvg-u4bp3R34LMkzRr-GZ6Ey5UwcAVcDVJBlIc=]]></url>
  <title><![CDATA[@高明司机，上下班时间堵车？这里有避堵方法！]]></title>
  <content><![CDATA[在高明中心城区内，你觉得哪条路最经常出现拥堵？（图片：台风“山竹”过后上班首日早上，道路出现拥堵）数据显示过去一个月中心城区内拥堵指数最高的路段为大德路目前荷城多个路段均有施工工程，那么遇到拥堵时又该如何绕行？这里有招高明中心城区接驳高明大道主要的道路有：跃华路、沧江路、文华路、沿江路。其中跃华路因施工原因，有两个重要路口被截断，导致原跃华路的车辆需绕行大德路。驾车出城怎么避开拥堵？驾车入城怎么避开拥堵？纵观佛山五区过去一个月的交通状况高明的拥堵指数为1.18拥堵情况最轻交警部门预计，待智能交通正式“上马”及施工完毕后，拥堵指数将更低。现阶段高明交警部门将重点关注辖区各个易拥堵路段的交通状况，同时投入大量警力严管施工路段。来源 | 高明公安、高明新闻编辑 | 西江新城微信编辑部图文版权归原作者所有，如有侵权，请联系删除。]]></content>
  <author><![CDATA[西江新城]]></author>
  <time>2018-09-28 19:01:00</time>
  <account><![CDATA[gmxjxc]]></account>
</data>
