<data>
  <id><![CDATA[50545983]]></id>
  <url><![CDATA[https://mp.weixin.qq.com/s?timestamp=1539596599&src=3&ver=1&signature=Egrj350GoKY8-KUcIJshb*ymxFLjr8NgVnSSjHRkVUZ7PR4IZiOgYOvKxqOqW2GbUwnDBu5JeVwBFVEb8M9tMEFQjW4cYvCLzQzodLTJ911yKA*-PEmCKgWYTU1uMAERDOxhMwscModdq8G7IMPwnBOks451FSwIXD-Si16QGuw=]]></url>
  <title><![CDATA[重磅！港珠澳大桥正在试运行！大家很快可以自驾车上桥了]]></title>
  <content><![CDATA[大家关注的港珠澳大桥又有了新消息！香港特区政府运输及房屋局证实港珠澳大桥28日、29日和30日连续三天正在进行联合试运行为大桥全线开通作准备！28日，多辆载有乘客的跨境巴士在大桥试运行。大家期待已久的通车很快就要实现啦！香港特区政府运输及房屋局证实，港珠澳大桥28日开展首次三地联合试运行，测试口岸运作情况，为大桥全线开通作准备。运房局接受新华社查询时表示，作为港珠澳大桥开通准备工作的一部分，内地、香港及澳门三地政府于28日、29日和30日连续三天进行联合试运行，以测试各自口岸的运作。香港两个主要跨境巴士商会应邀派出跨境巴士参与试运行，每辆跨境巴士跟随约10名运营商工作人员，以乘客身份体验三地口岸的通关程序。试车：大桥香港口岸→珠海40分钟“港粤直通巴士协会”秘书长张剑平介绍，该协会28日和29日各派一辆跨境巴士参与试车。28日的试运行车辆中午12时从大桥香港口岸出发，途经珠海及澳门口岸，然后经珠海连线到达珠海，全程55公里，需时约40分钟，一路顺畅。当天，香港冠忠巴士集团旗下一家跨境直通巴士公司的董事总经理陈宗彝随跨境巴士参与试车。他表示，巴士驶完全程到达珠海，途中经过人工岛、海底隧道和主桥桥面等，均行驶平稳。尤其是珠海及澳门口岸实施“合作查验、一次放行”的新模式，显著缩短通关时间。港珠澳大桥全长55公里它串联起了香港、珠海、澳门以往在三地转一圈至少要4小时而现在仅需短短的三四十分钟想必很多老司机都想问到底哪些车能上桥？想上桥，又如何办理？现在就来解答！1哪些车可以上桥行驶？可以上桥自驾的车辆主要有：粤港两地直通车牌车辆、港澳两地直通车牌车辆、港籍单牌车辆（拥有澳门配额）、办理一次性配额申请的车辆，以及粤港澳三地政府商议可经港珠澳大桥的其他车辆。未来，粤港两地直通车牌车辆通行港珠澳大桥的申请门槛还将进一步降低，没有内地投资额要求，3年累计纳税10万即可申请。点击图片即可查看大图▼这也意味着已申办过粤港直通车指标的车主在指标有效期内都能开车直上港珠澳大桥啦而指标即将过期或需要更换驾驶人的车主们好消息来了！“广东交警”推出重磅功能无需另外申请上桥指标在微信公众号即可一键办理延期！2大桥采取什么通关模式？三地口岸采用“三地三检”模式，其中珠澳之间采取"合作查验、一次放行"的创新模式。自开放通行之日起，实行24小时通关。▲珠海口岸▲香港口岸▲澳门口岸3采取内地还是港澳通行规则？港珠澳大桥采用内地右侧通行规则，车辆到达香港或澳门口岸后完成左右侧交通转换。4通行费用如何缴纳？港珠澳大桥主体工程设置1处主线收费站，收费站双方向共设置20条收费车道，所有收费车道均支持电子不停车收费（ETC）和人工收费（MTC）方式。据媒体实测，收费站采用大量高科技，可自动识别港澳、内地车辆信息，通行收费只需0.3秒。驾车感受港珠澳大桥，秒过收费站5桥上收费使用什么货币？港珠澳大桥管理局副局长余烈透露，内地ETC、香港快易通皆可在港珠澳大桥上使用，民众还可通过支付宝、微信进行付款。收费标准以人民币为基准，港澳两地按照扣费时的汇率实时换算。自驾车收费港珠澳大桥收费站车辆通行费收费标准确定为：小型客车（私家车、出租车）150元/车次，大型客车（过境巴士）200元/车次，穿梭巴士300元/车次，普通货车60元/车次，货柜车115元/车次，收费标准以人民币结算。6桥上设有停车位吗？港珠澳大桥通车后，香港口岸私家车停车位将不少于650个。澳门口岸东停车场(入境)小汽车位3759个(含无障碍车位40个，汽车充电位9个)。西停车场(出境)小汽车位3105个，电单车位2054个(含无障碍车位36个，充电车位5个)。珠海口岸地下一层预留轨道、社会小车停车库，其中社会车辆停车位1361个，含32个残疾人车位。停车场收费据新华社消息澳门特区政府于2月21日公布的规章规定中提到港珠澳大桥边检大楼东停车场共7层分为早上10时至晚上10时晚上10时至第二天早上10时两个停车收费时段每个停车时段收费180澳门元每小时约12元人民币超时停车将根据情况以每个停车时段收费270澳门元或锁车及移走处理不足一个停车时段按一个停车时段计算东停车场可以提前30天预约但最少要提前12小时预约最多可以连续停车8天即同一车辆最多可登记16个连续的停车时段（滑动查看更多）7公共交通情况？港珠澳大桥将运营穿梭巴士，为过境旅客提供运输服务。分为港澳线和珠港线运行，两条线路将投放90~140辆穿梭巴士供日常营运。繁忙时段每5分钟就有一班车，非繁忙时间也只需等候10至20分钟。穿梭巴士内部大揭秘途经它，可以一次见识6项世界之最！▼最长跨海大桥：港珠澳大桥全长55公里，包括海中桥隧主体工程、三地连接线及口岸，是目前世界最长的跨海大桥。最长钢铁大桥：港珠澳大桥有15公里为全钢结构钢箱梁，是目前世界最长的钢铁大桥。最长海底隧道：港珠澳大桥海底沉管隧道全长6.7公里。最大沉管隧道：沉管隧道标准管节，每一节长180米，排水量超过75000吨。最精准深海之吻：沉管在海平面以下13米至48米不等的深度进行海底无人对接，对接误差控制在2厘米以内。的最深隧道：港珠澳大桥海底隧道最深处在海底48米，而目前世界沉管隧道最深很少有超过45米的。（滑动查看更多）港珠澳大桥到底有多神奇？来看看这个航拍视频港珠澳大桥位于珠江口伶仃洋海域，是连接香港、珠海和澳门的大型跨海通道，其功能主要是解决三地之间的陆路客货运输要求，建立跨越粤、港、澳三地并连接珠江东西两岸的陆路运输新通道，推动三地经济持续发展。港珠澳大桥由香港口岸至珠海及澳门口岸全长约42公里，包括12公里长的香港连接路及约30公里长的主桥，是全球最长的桥隧组合跨海通道。再加上约13公里长的珠海接线，大桥总长度为55公里。期待港珠澳大桥早日通车！来源 | 佛山市路桥建设有限公司编辑 | 西江新城微信编辑部]]></content>
  <author><![CDATA[西江新城]]></author>
  <time>2018-09-30 15:45:45</time>
  <account><![CDATA[gmxjxc]]></account>
</data>
