<data>
  <id><![CDATA[50545983]]></id>
  <url><![CDATA[https://mp.weixin.qq.com/s?timestamp=1539596599&src=3&ver=1&signature=Egrj350GoKY8-KUcIJshb*ymxFLjr8NgVnSSjHRkVUZ7PR4IZiOgYOvKxqOqW2GbUwnDBu5JeVwBFVEb8M9tMB-Dmf0YRuYhkNWQqviAiwK-wIoWLx0OSobwn15tRDAll0VdkckmEUCZW8d5SgYTQAXdRWjPx7SmF070uJrnrTw=]]></url>
  <title><![CDATA[期待！金鸡百花电影节宣传片出炉！11月7日佛山见！]]></title>
  <content><![CDATA[今天距离第27届金鸡百花电影节开幕还有29天！金鸡百花电影节宣传片出炉！第27届金鸡百花电影节宣传片↓4000+志愿岗位招募中4000+电影节志愿服务岗位正在招募中！志愿者主要在机场、高铁站、酒店、场馆内外等进行志愿服务，服务领域主要包括礼宾接待、语言翻译、安全保卫、医疗卫生、交通服务、观众服务、沟通联络、文化活动组织及其他电影节执委会指定的领域。扫描下方二维码报名吧：抖音点赞，赢电影节门票第27届中国金鸡百花电影节抖音互动话题接力点赞活动火热进行中！截至9月29日，有关佛山金鸡百花的视频在抖音上的总点播流量已经超过210万，短视频超过200个。到11月7日前夕，获得点赞前27名的网友将获神秘礼品，前10名将获邀参加电影节开幕式，前3名将获邀参加电影节闭幕式，与明星零距离接触。11月7日，我们佛山见！来源 | 佛山市委宣传部编辑 | 西江新城微信编辑部]]></content>
  <author><![CDATA[西江新城]]></author>
  <time>2018-10-10 15:51:18</time>
  <account><![CDATA[gmxjxc]]></account>
</data>
