<data>
  <id><![CDATA[50545983]]></id>
  <url><![CDATA[https://mp.weixin.qq.com/s?timestamp=1539596599&src=3&ver=1&signature=Egrj350GoKY8-KUcIJshb*ymxFLjr8NgVnSSjHRkVUZ7PR4IZiOgYOvKxqOqW2GbUwnDBu5JeVwBFVEb8M9tMOXZwT6t7QujnQgVIAwGZbeeYEa2xwU65sQQJDDxGq8Mc7Gy9WGfz8Ic3hatn1r0e4PKKCtBQPH1dFM03vBe3L4=]]></url>
  <title><![CDATA[最高月薪一万！质检员、会计、保安……高明最新“笋工”来了]]></title>
  <content><![CDATA[【有笋工】栏目将定期给各位街坊搜罗最新招聘信息。以后在高明找工作，就锁定“西江新城”微信公众号！正在找工作的朋友高明最新一批“笋工”来啦佛山百洋饲料有限公司佛山市高明区华信污水处理有限公司佛山市高明区（中国科学院）新材料产业研究院中油佳汇防水科技（深圳）股份有限公司高明分公司海天（高明）调味食品招聘岗位：机电维修工、生产/包装普工、设备维护工程师咨询电话：15728810223严先生电子邮箱：yanja@haday.cn企业名称：佛山市海天（高明）调味食品有限公司单位地址：佛山市高明区三洲沧江工业园（高明大道889号）深茂科技招聘岗位：外贸业务员、外贸跟单员、生产装配工咨询电话：0757-88818786/13392764662谭小姐企业名称：佛山市深茂科技有限公司单位地址：佛山市高明区富湾工业园兴成东路8号（万方智慧城附近）海洲燃气招聘岗位：车队调度员、送气员、专线业务员、促销员咨询电话：0757-88625180 / 13302850152（微信同号）黎小姐企业名称：佛山市高明海洲燃气有限公司单位地址：佛山市高明区高明大道三洲沧江工业园铁岗砚壳岗（海天正门斜对面）平达物流招聘岗位：选料、后工序、豆胚中转、入室咨询电话：88628733/18033212803李小姐企业名称：佛山市平达物流有限公司单位地址：佛山市高明区三洲兴创路海天宿舍楼商铺恳诚劳务招聘岗位：事业单位派遣辅助人员、机关单位派遣电工、机关单位派遣后勤服务员、国有企业派遣保安员咨询电话：0757-88887101罗小姐电子邮箱：370657128@qq.com企业名称：佛山市高明恳诚劳务合作有限公司单位地址：佛山市高明区荷城街道莲花路36号首层富升鞋业招聘岗位：炒更、鞋面车间普工、成型车间普工、丝印工咨询电话：15976630728  / 0757-88327232陈生企业名称：佛山市高明富升鞋业有限公司单位地址：佛山市高明区荷城街道富湾工业华富路联星电路板招聘岗位：丝 印、Q C、数控、普 工、测试、冲床咨询电话：13380212480龚小姐企业名称：佛山市高明联星电路板有限公司单位地址：广东省佛山市高明区沧江工业园海天大道1号精华荟日用品招聘岗位：包装、印刷普工、贴合普工、外贸跟单咨询电话：0757-88855813、18680038710柯小姐企业名称：佛山精华荟日用品有限公司单位地址：佛山市高明区杨和镇迎春路2号(仓库A)华兴玻璃招聘岗位：普工/技术学徒、行列机储备干部、行列机师傅、验收员/质检员、保安、拣选工、会计、维修工、脱硫工、放板工、自控员/自动检测员、模具维修工咨询电话：0757-89998859 叶小姐电子邮箱：fshxbl@hxbl.com企业名称：佛山华兴玻璃有限公司单位地址：高明区明城镇沧江工业园区明富路68号有意面试者请带有效身份证，穿（长裤，运动鞋）到公司面试。恒威集团招聘岗位：一手房销售顾问/主管、电商推广/文案、女装设计师、市场督导主管/经理、车间组长、车间质检/验收、精品车缝工、车缝工(车位)、保安员咨询电话：0757-88513888-8835 / 88513882陆先生、麦小姐电子邮箱：hwhrzp@wei-peng.com企业名称：广东恒威集团有限公司单位地址：佛山市高明区荷城街道泰华路景华街2号恒威集团大厦唯尔塑胶招聘岗位：外贸经理、分卷工、保安、包装女工、车位工、高压女工（高周波机操作）咨询电话：88625998区小姐企业名称：佛山唯尔塑胶制品有限公司单位地址：佛山市高明区三洲沧江工业园兴民路(即：仙村牌坊对面公交车站旁路口直接300米的唯尔塑胶公司)希望大家找到心仪的工作啦来源 | 高明人社、荷城街道人社局编辑 | 西江新城微信编辑部]]></content>
  <author><![CDATA[西江新城]]></author>
  <time>2018-10-12 14:34:13</time>
  <account><![CDATA[gmxjxc]]></account>
</data>
