<data>
  <id><![CDATA[50545983]]></id>
  <url><![CDATA[https://mp.weixin.qq.com/s?timestamp=1539596599&src=3&ver=1&signature=Egrj350GoKY8-KUcIJshb*ymxFLjr8NgVnSSjHRkVUZ7PR4IZiOgYOvKxqOqW2GbUwnDBu5JeVwBFVEb8M9tMDkAPXkA1a3wGG-YxgV7LXGuv7vVwk2yOuX21vJVOdlCr3qAA0x2JiB76WG-YBL9ylA11rXDsiLB9Mx*U9Ildc8=]]></url>
  <title><![CDATA[手机屏幕油腻还满是手印？用这招，立马干净亮闪闪！]]></title>
  <content><![CDATA[每天玩手机手机的屏幕总是油乎乎的让人头疼……新城君这有几个招可以让你的手机长期不沾灰屏幕更清晰01风油精身边有些小伙伴喜欢用酒精来擦拭屏幕其实这种做法是不对的酒精中的一些成分可能会溶解屏幕涂层或镀膜层时间久了屏幕只会越变越花！所以不建议频繁用酒精擦拭而风油精是可以使用的不知大家注意没有专业贴膜的师傅总会用风油精擦拭屏幕后再贴膜不仅是因为其清洁效果好还因为它不会损坏屏幕只需在屏幕上滴两滴再用软布擦拭即可02透明胶带使用透明胶带清洁屏幕最大的好处就是它可以清理手机细小的灰尘尤其是卡在屏幕与手机边框缝隙的脏垢但要注意的是最好使用不留残胶的胶带不然很容易造成手机屏幕越来越粘甚至破坏了手机屏幕03小苏打只需在水中加入少许小苏打再用超细纤维布擦拭手机屏幕便会很快使手机变得光亮好看简直跟新的一样这是因为苏打水是弱碱性的可以中和手机屏幕上的油脂从而达到清理去污的效果同时苏打水也不含腐蚀屏幕的东西手机是我们每天接触最多使用最多的产品上面不仅容易沾灰同时还会留存很多细菌所以我们要经常用这些简单又靠谱的方法清洁手机屏幕哦来源 | 北京晨报、高质量生活知识、央视财经、新华社、广州日报编辑 | 西江新城微信编辑部图文版权归原作者所有，如有侵权，请联系删除。]]></content>
  <author><![CDATA[西江新城]]></author>
  <time>2018-10-09 15:07:26</time>
  <account><![CDATA[gmxjxc]]></account>
</data>
