<data>
  <id><![CDATA[50545983]]></id>
  <url><![CDATA[https://mp.weixin.qq.com/s?timestamp=1539596599&src=3&ver=1&signature=Egrj350GoKY8-KUcIJshb*ymxFLjr8NgVnSSjHRkVUZ7PR4IZiOgYOvKxqOqW2GbUwnDBu5JeVwBFVEb8M9tMOXZwT6t7QujnQgVIAwGZbcHS7mIUl9x4KDJCFzOu000EMEG4AWY5Hw4S0p9A8MhThLGlzJWsxSjLN8gb9IxHRM=]]></url>
  <title><![CDATA[惊险！温江工地发生塔吊倒塌事故，9人受伤，现场视频戳→]]></title>
  <content><![CDATA[【新城安防】栏目以安全宣教为主，旨在引导市民关注日常安全与防灾自救等知识，普及安全防范知识，提升安全意识，倡导科学理性的安全自救理念，营造安全、和谐的新城环境。近日，成都温江一工地发生塔吊倒塌事故，造成9人受伤。据了解，塔吊是在安装过程中倒塌的，倒下时砸中了三辆汽车。现场视频10月10日下午18：18左右，温江区珠江国际新城D区施工现场发生一起塔吊倒塌事故，造成9人受伤，均及时送往医院抢救，受伤人员伤情和事故原因正在进一步核实中，具体原因有待公布。看到这里新城君不禁叹息塔吊事故频发我们应该如何预防？首先，要严格遵守塔吊十不吊原则，做好塔吊维保和安全管理。十不吊1. 指挥信号不明或违章指挥不吊；2. 超载或重量不明不吊；3. 起重机超跨度或未按规定打支腿不吊；4. 工件捆绑不牢或捆扎后不稳不吊；5. 吊物上面有人或吊钩直接挂在重物上不吊；6. 钢丝绳严重磨损或出现断股及安全装置不灵不吊；7. 工件埋在地下或冻住不吊；8. 光线阴暗视线不清或遇六级以上强风、大雨、大雾等恶劣天气时不吊；9. 棱角物件无防护措施、长6米以上或宽大物件无牵引绳不吊；10.斜拉工件不吊。其次，紧记八严禁原则。八严禁1. 严禁人员站在起吊区域内或从吊起的货物底下钻过；2. 严禁站在死角或敞车边上；3. 严禁站在起吊物件上；4. 严禁用手校正吊高半米以上的物件；5. 严禁用手脚伸入已吊起的货物下方直接取垫衬物；6. 严禁重物下降时快速重放；7. 严禁用起重机拉动车辆和撞击物；8. 严禁在路基松软的场地起吊。同时，要注意7大安全隐患塔吊作业安全隐患（1）塔吊架节的螺栓要经常检查，并拧紧。（2）超重的东西坚决不能吊，塔吊的说明书上都有说明，塔吊的根部和端部能安全吊起的重量一般都差几倍，不可以掉以轻心，否则后果相当严重。（3）经常检查塔吊的限位，也就是限重，它是塔吊的保险。如果准备吊的东西超重塔吊会停止工作，保证安全。（4）超过4-5级风建议塔吊停止使用，并锁住大臂，避免风力引起大臂旋转和周边建筑物或者其他塔吊碰撞。（5）塔吊基础要做维护，做好排水，避免水长时间浸泡引起塔吊基础松动。（6）最基本的也是最容易引起事故的，塔吊的钢丝绳有两根，要经常检查每天检查，一旦钢丝绳上起了毛刺立刻换掉。绝对不能抱侥幸的心理。试想在塔吊吊起重物旋转工作中，它要是断了后果会是什么样？（7）部分施工企业和项目负责人，购买、租赁和使用安全性能不合格、安全装置不齐全的塔吊，并违规使用无资质、无操作证件的安拆队伍和人员进行违章冒险作业。塔吊在安装前安拆过程、施工过程都要注意检查塔吊安装前检查要点（1）塔吊是否满足市场准入条件（查注册登记号）塔吊达到报废年限或存在安全隐患的应禁止使用；塔吊属于落后淘汰的产品应禁止使用。（2）安拆单位及相关人员是否具备相关资质并持证上岗(查资料）安拆单位应具备起重设备安装工程专业承包资质及施工企业安全生产许可证；安拆人员应具备安拆资格并持证上岗。（3）安拆方案是否制定（查资料核对现场）是否有针对性的安拆方案，并经使用单位总工及总监理工程师审批同意；基础定位是否合理：①基础是否设在基础边坡上等危险部位；②防外电是否有切实可行的安全措施，回转半径内有高压线的严禁无防护作业；防碰撞措施是否合理：任何两台塔吊之间距离是否大于2米，严禁塔吊起重臂直接碰撞对方塔吊标准节，多塔作业回转半径内有障碍物与塔吊干涉的塔机是否有经审批的防碰撞措施。塔吊安拆过程中检查要点（1）履行安拆告知手续，未经告知决不允许私自进行安拆。（2）安装前基础砼强度是否达到设计标准值，基础隐蔽验收是否履行，地基承载力是否符合说明书要求，并有相关部门审查验收报告。（3）现场安拆单位与安拆人员资质、资格等是否与告知手续相符。（4）现场安全保护工作及相关人员是否到位，是否进行交底。安拆单位管理人员是否到岗履责；安拆现场是否设置警戒区，并由专人负责安保工作；安拆人员是否按要求配备安全防护用品；施工单位设备管理人员、现场监理人员是否到现场进行检查、监理；安拆程序是否符合安拆方案及说明书要求。塔吊施工过程中检查要点（1）是否经检验检测、联合验收合格。（2）塔吊基础排水是否畅通。（3）现场操作司机，指挥是否持证上岗，安全教育、安全技术交底是否落实，能否做到专人专机，并有交接班记录。（4）多塔作业防碰撞、外电防护等安全措施是否落实到位，是否存在多头指挥，违章操作等不安全行为。（5）施工、租赁、监理等单位是否对塔吊进行定期检查，并有检查、维护保养记录。（6）对塔吊实体方面应重点查：力矩限位、超高限位、变幅限位、回转限位、吊钩保险、钢丝绳卷桶及小车断绳等保险装置、附墙装置、连接紧固件螺栓销轴、及主要受力构件是否变形开裂、焊接部位是否脱焊、钢丝绳断丝断股是否达到报废标准等重大安全隐患。（7）在使用过程中是否有附墙、顶升等相关告知文件及交底记录，特别是附墙是否存在擅自接长或私自制作等违规情况。安全无小事各位施工人员一定要注意啦！往期回顾1.罚款1万！高明首单电动车消防罚单，电动车这样放的要小心了！2.停车为什么要车头朝外？不是开玩笑，关键时刻能救命！3.车上没有灭火器扣分吗？今天终于弄明白这个问题了4.必看！高楼起火如何逃生？身上着火如何扑灭？你需要知道这些来源 | 高明安监、建设施工安全质量技术等编辑 | 西江新城微信编辑部]]></content>
  <author><![CDATA[西江新城]]></author>
  <time>2018-10-12 14:34:13</time>
  <account><![CDATA[gmxjxc]]></account>
</data>
