<data>
  <id><![CDATA[50545983]]></id>
  <url><![CDATA[https://mp.weixin.qq.com/s?timestamp=1539596599&src=3&ver=1&signature=Egrj350GoKY8-KUcIJshb*ymxFLjr8NgVnSSjHRkVUZ7PR4IZiOgYOvKxqOqW2GbUwnDBu5JeVwBFVEb8M9tMN0-mTP7cKOq*UnsR38vUXZiN*NcMBI9bB2SQM1dj8GNebbqyrCDs6BrudNT9Fv3aEe5kY6XxFiKQMvGRj3MK5k=]]></url>
  <title><![CDATA[@高明街坊，这笔津贴拿了吗？每人最高500元，赶紧告诉爸妈]]></title>
  <content><![CDATA[好消息高明70周岁以上的老人将可以获得高龄老人津贴什么是高龄老人津贴？高龄老人津贴是指高明区每月向年满70周岁及以上的老人发放的生活照料津贴。发放对象具有高明区户籍且年满70周岁以上的高龄老人。发放标准以年龄段划分为4个档次标准：70－79周岁老人，每人每月发放40元；80－89周岁老人，每入每月发放120元；90－99周岁老人，每人每月发放200元；100周岁及以上老人，每人每月发放500元。如何申报？本人申报需要提交什么资料？原则上应由符合条件的老年人主动到户口所在地的村（居）委会申请登记，提交户口本、本人身份证及本人农商行存折的原件和复印件。委托办理需要提交什么资料？高龄老人委托亲属或其他人员办理申请的，须提供受托人的身份证原件和复印件，并提供老人相关生存信息材料，例如老人手持当天报纸的照片，交村（居）委会留存。户籍所在地与经常居住地不一致怎么办？户籍所在地与经常居住地不一致的申请人，须出具经常居住地村（居）委会的居住证明。对无身份证号码及有异议的年龄信息，须出具辖区内公安派出所户籍证明。来源 | 高明新闻编辑 | 西江新城微信编辑部]]></content>
  <author><![CDATA[西江新城]]></author>
  <time>2018-10-11 14:36:36</time>
  <account><![CDATA[gmxjxc]]></account>
</data>
