<data>
  <id><![CDATA[50545983]]></id>
  <url><![CDATA[https://mp.weixin.qq.com/s?timestamp=1539596599&src=3&ver=1&signature=Egrj350GoKY8-KUcIJshb*ymxFLjr8NgVnSSjHRkVUZ7PR4IZiOgYOvKxqOqW2GbUwnDBu5JeVwBFVEb8M9tMHz4-RUmWd1AgWHJKLccdOnXRp1yp*3IR2lr88hao1a-YsKHJ0BJSRtfhWDWTpLjoTKbliYkE3th220WAmS9bYc=]]></url>
  <title><![CDATA[深入群众，开展普法宣传——高明区政法部门工作亮点系列宣传（四）]]></title>
  <content><![CDATA[在区委区政府的坚强领导下，高明区政法部门深入贯彻落实习近平新时代中国特色社会主义思想，严格执行上级部门对政法工作的重要指示批示精神，主动适应新时代的新要求，始终保持战略定力，坚持稳中求进，围绕中心，服务大局，攻坚克难，主动作为，全区政法工作取得了丰硕成果，社会大局持续稳定、平安指数稳步提升、执法服务创新发展、基础工作全面夯实，为我区经济发展营造了安全稳定的社会环境，为打造“珠三角最安全区域”保驾护航。为进一步加深广大市民群众对高明区政法部门的了解，从即日起，区委政法委将开展政法部门工作亮点系列宣传，定期推送区委政法委、区法院、区检察院、公安分局以及区司法局等政法部门的工作亮点内容，敬请关注！本期带领大家走进“高明区司法局”“七五”普法以来，高明区司法局以构建大普法格局为着力点，立足民生，凝聚各界法治力量，将法治元素融入经济建设，融入社会治理，融入基层民生，为高明高质量跨越式发展新征程增添新动力。“大普法”格局服务基层社会治理今年，针对新市民普法宣传，区司法局通过法制文艺演出、法律咨询、法制讲座、法制图片展览、发放法律资料等群众喜闻乐见的形式，送法进企业、进工地、进村居，帮助新市民们依法维护自身权益，更好地融入城市生活。打造村（居）法律顾问普法宣传平台，该局围绕群众日常生活需求法治类型，由村（居）法律顾问开展物权、消费、养老、婚姻、劳动保障、土地流转、交通事故赔偿等法治讲座，切实提高群众运用法律解决实际问题的能力。▲高明区委书记徐东涛（左一）为区司法局志愿服务队授旗▲区司法局志愿者向群众宣传扫黑除恶相关知识。“媒体型”法治宣传矩阵百花齐放近年来，区司法局通过拍摄公益普法宣传广告、录制普法访谈节目、开设《佛山日报·今日高明·法制周刊》栏目、创办《法治高明》期刊等，在地方电视台、电台、报刊等传统媒体开展普法工作。在运用新媒体平台方面，区司法局先后开通了“佛山高明普法”微信公众号、南方号、头条号、企鹅号、新浪微博、腾讯微博等平台，形成网络宣传矩阵，且全部自运自营，打造出“高明普法”的特色品牌。此外，区司法局定期举办覆盖全区公职人员、企业职工和青少年学生的微信学法考试，组织多种形式的有奖微信法律知识竞赛等学法活动，群众反响热烈，使法律知识和法治精神得到迅速而有效的传播。“固定型”法治文化阵地全覆盖区司法局充分利用民主法治村（社区）创建、民主法治示范企业建设等有利契机，资源整合，挖掘本地文化底蕴，积极融入法治元素，打造了西江画廊法治文化公园、华山公园、泰山法治社区、沧江中学税收文化广场等多个法治文化阵地。截至目前，已成功创建全国“民主法治示范村（社区）”1个，省级“民主法治示范村（社区）”45个，法治文化示范企业10家，实现了法治文化阵地“全覆盖”。▲云勇村水塘边的法治长廊“互联网+”法律服务惠民暖心近年来，区司法局以加快推进公共法律服务体系建设为总抓手，借势“互联网+”普法，上线“佛山高明普法”指尖上的法律服务中心；布局“一村（社区）一调解员”“一村（社区）一法律顾问”，实现全区72个村(社区)专职调解员、法律顾问全覆盖；打造区、镇（街道）、村（居）实体平台，将公共法律服务通过服务平台深入到基层末梢，解决最后一公里问题，构建“线上30秒、线下30分”的公共法律服务网，为群众提供立体化、全天候、全地域的优质公共法律服务。今后，高明区司法局将继续坚持立足民生，凝聚各界法治力量，通过打造线上、线下的全方位互动，大力提升法律服务效率，不断增强人民群众的获得感、幸福感和安全感，着力营造共建共治共享的社会治理格局。来源 | 高明政法编辑 | 西江新城微信编辑部]]></content>
  <author><![CDATA[西江新城]]></author>
  <time>2018-09-29 16:09:59</time>
  <account><![CDATA[gmxjxc]]></account>
</data>
