<data>
  <id><![CDATA[50706772]]></id>
  <url><![CDATA[https://mp.weixin.qq.com/s?timestamp=1539596510&src=3&ver=1&signature=Egrj350GoKY8-KUcIJshb3AXEk2VcPXzYaWvK9XcjdwhW9urhY3iSdqKHnUAt1PcM*sXeD1hZuCKAkbCTDmsdVF*v2GMUwebkes5HA6FiGL0rSfq*a99nD*FavIp8PGNX0Z3Q9wzh7ybH86M9kS9KKR9jq637c5iN32noDVgYDI=]]></url>
  <title><![CDATA[中软国际@华为全联接大会]]></title>
  <content><![CDATA[当前，云已经成为智能社会的重要基石，各行各业都将对云产生依赖。立志成为“全球五朵云之一”的华为云，发展最为迅速。中软国际自2013年起开展云服务业务，为中国、北美、亚太等区域的客户提供上云技术服务及解决方案，在云服务领域拥有丰富的人才储备和经验积累。中软国际与华为云同舟共济，用云技术加速企业转型，真正做到“化云为雨”。合力突破，化云为雨中软国际与华为合作10年，由华为的供应商，成长为合作伙伴，再到成为华为云首家同舟共济合作伙伴,一路走来，携手同行，合力突破。双方基于华为云，在华为云DevCloud、行业解决方案、云服务等领域深入合作，共拓公有云市场、实现客户数字化转型。中软国际先后获得由华为公司颁发的“最佳云生态伙伴”、“华为软件2017年度联合创新奖”、“价值合作伙伴奖”、“最佳华为云伙伴孵化中心建设奖”、“优秀华为云合作伙伴奖”等多项荣誉；成功进入华为“供应商发展计划”，成为其值得信赖的战略伙伴，入选华为云市场严选商品提供商，中软国际解放云盘、CloudEasy云管家等成为华为云严选市场首批商品。黑色沃土，解放绽放中软国际携手华为，打造了江苏、广东两个孵化中心样板，与华为传统经销商进行战略对齐，按照细分行业深度拓展，系统性赋能支撑，落地能力提升计划，孵化云伙伴。在中国最大的软件企业聚集区——南京软件谷，落地了中软国际-华为云创新中心，运营软件开发云，赋能ISV（独立软件开发商），撬动开发者，推动客户上云。在西安落地的华为云创新中心自2018年3月成立以来，累计举办活动24场，覆盖企业1500家，为250余家企业共计申请2000余万元政府补贴，协助企业完成DevOps生产落地，平均提升企业软件研发能力20%，DevOps周使用活跃企业达到70%以上。推出“云集服务”，创新采购交易模式，提高项目管理效能，为政府信息化项目建设提供全生命周期数字化、集约化管理，提供基于企业大数据的供应商数字尽职调查DD服务，在南京市、区两级成功运行，西安“云集”进入试点验证阶段，镇江“云集”达成战略合作，“云集”团队已全面抵达全国GDP排名前50位的城市，并且完成对这些城市的近万家软件供应商的数字尽职调查和精准画像。通过打造解放号“云上软件园”实现数据积累，已服务于江苏、山东、湖北、安徽、重庆、浙江、福建等省市，建立了一支近千人的地面“陆军”，完成地推并为客户提供本地服务。中软国际-华为云创新中心揭牌仪式在制造领域，中软国际与博世、Forcam、ESI等知名工业软件企业开展国际合作，优化中软国际智造产品，打造以华为云平台为基础的设计仿真，工业物联网等SaaS应用服务，构建华为云工业创新中心，面向企业提供按需付费的工业软件创新服务模式，助力企业提升智能制造能力，促进制造产业发展。中软国际-ESI战略合作签约仪式海外市场方面，依托华为海外业务优势，中软国际解放云盘已成功进军阿尔及利亚和泰国，并将持续延展至东南亚、西非与南美洲等更多海外市场。智能加持，精彩亮相中软国际此次参加华为全联接大会期间，中软国际董事局主席兼CEO陈宇红博士，中软国际高级副总裁马震、李云晓将出席华为合作伙伴之夜，一起见证“年度最佳云生态伙伴奖”的荣誉揭晓。10月10日下午，中软国际互联网ITS集团CTO韩鹏将以《下一代信息技术服务，智能服务俯拾即是》为题，为大会带来精彩演讲。10月11日，解放号图灵研究院执行院长吴辰晔也将通过 《人工智能构建“数字孪生城市”》专题演讲，深度阐释中软国际在推进全社会数字化升级方面的建设思路。此次中软国际的展台位于上海世博展览馆2号厅A1，占地面积120平方米。中软国际将结合公司最新发展战略与核心价值观，围绕“慧聚解放 智行未来”的主题，携解放号、云服务、智能制造、大数据、解放号图灵研究院等全线服务能力精彩亮相。届时，除着重展示中软国际为服务各行各业智能升级而打造的数字化解决方案以外，中软国际与华为合作多年所取得的丰硕成果也将成为一大焦点。中软国际与华为紧密合作，通过云平台，利用领先的云计算和大数据技术，提供跟客户适配的服务，共塑产业新时代，让华为云的黑土地上开满解放的鲜花！华为全联接大会将于10月10-12日在上海举办。点击“阅读原文”免费预约现场直播。]]></content>
  <author><![CDATA[华为]]></author>
  <time>2018-10-07 10:05:58</time>
  <account><![CDATA[huaweicorp]]></account>
</data>
