<data>
  <id><![CDATA[50706772]]></id>
  <url><![CDATA[https://mp.weixin.qq.com/s?timestamp=1539596510&src=3&ver=1&signature=Egrj350GoKY8-KUcIJshb3AXEk2VcPXzYaWvK9XcjdwhW9urhY3iSdqKHnUAt1PcM*sXeD1hZuCKAkbCTDmsdVB3U8CVZLv-Ox-Z-QxLSJK-qQI3sRNNi6F29GGKZBuGFUmN850uzKPFEkGg21hiuIvkmn-FlZddKuOzG2LEwso=]]></url>
  <title><![CDATA[华为提升至Interbrand“2018年全球最佳品牌榜单”第68位]]></title>
  <content><![CDATA[2018年10月4日，全球领先的品牌咨询公司Interbrand发布了“2018年全球最佳品牌榜单”，华为排名上升至第68位。相比去年，华为排名提升2位，品牌价值提高14%，达76亿美元。华为是全球领先的ICT（信息与通信）基础设施和智能终端提供商，致力于把数字世界带入每个人、每个家庭、每个组织，构建万物互联的智能世界。华为公司Marketing部总裁张宏喜表示：“在新的产业周期中，人工智能、5G、IoT、云计算等新技术越来越重要。华为正把人工智能和智能终端、网络和云有机结合起来，为客户提供更好体验，创造更大价值。”华为与生态伙伴开放合作，持续为客户创造价值，释放个人潜能，丰富家庭生活，激发组织创新。华为运营商业务围绕解决客户问题，帮助全球运营商构建以数据中心为中心的全云化网络，以品质家宽、全场景站点、Mobile Money等创新解决方案挖掘现网潜能，以数字化运营运维系统持续优化连接体验和保障，以IoT、视频、云通信等新业务实现商业新增长。同时，加速5G商用测试与部署，目前华为与全球50多个商业伙伴达成了合作。华为企业业务通过云计算、大数据、人工智能、物联网、企业通信等领域的技术创新，为客户打造融合、创新、开放、安全的数字平台。华为的智慧城市解决方案、平安城市解决方案、全渠道银行解决方案、电力解决方案、交通及智慧教育等解决方案已经覆盖了各个行业在全球的重要客户。已有211家世界500强企业、48家世界100强企业选择华为作为数字化转型的合作伙伴。华为消费者业务不断洞悉消费者需求，将科技创新融入生活美学，不断为消费者创造价值。HUAWEI P20系列将智能手机摄影再次带入全新高度，引发市场热烈反响。华为全球高端品牌影响力不断提升。首款搭载全新麒麟980芯片的新一代Mate系列即将于10月16日在英国伦敦发布。同时，华为消费者业务也在移动宽带与家庭智能设备方面持续创新，为世界各地消费者和家庭带来全场景的智能数字体验。华为云在云基础设施领域创新的道路上加速奔跑，致力于为客户提供稳定可靠、安全可信、可持续发展的云服务，已发布16大类120多个云服务、60多个解决方案，打造“用得起、用得好、用得放心”的普惠AI平台。基于对华为云的信赖和认可，众多客户选择将核心业务放在华为云上。华为云EI已在物流、工业、金融、互联网等行业应用，AI+行业驱动产业智能化升级。三十年来，华为倡导技术创新，推动数字化生态建设，践行社会责任。秉持“开放、合作、共赢”的理念，华为与客户合作伙伴联合创新，形成良性的产业生态；作为负责任的企业，华为致力于消除数字鸿沟，推进绿色环保，为网络稳定安全运行提供保障支撑。面向未来，华为的战略是聚焦ICT基础设施和智能终端，做智能世界的开拓者和使能者，华为将积极探索技术创新与商业变革的趋势，持续创新，与全球产业伙伴携手同行，共同构建万物互联的智能世界。]]></content>
  <author><![CDATA[华为]]></author>
  <time>2018-10-05 10:50:51</time>
  <account><![CDATA[huaweicorp]]></account>
</data>
