<data>
  <id><![CDATA[50706772]]></id>
  <url><![CDATA[https://mp.weixin.qq.com/s?timestamp=1539596510&src=3&ver=1&signature=Egrj350GoKY8-KUcIJshb3AXEk2VcPXzYaWvK9XcjdwhW9urhY3iSdqKHnUAt1PcM*sXeD1hZuCKAkbCTDmsdTA0pcFkoX4QRJggsqNoEez3IHjSMx6X0TWX4QHJJA5ObOIva09XzxlyqqL-y4LDPTFE-VTErgBIcUClImiQPZw=]]></url>
  <title><![CDATA[“数字化华为”，我们是认真的]]></title>
  <content><![CDATA[10月11日，华为全联接大会数字化华为峰会举行，介绍华为自身数字化转型的实践，讲解华为如何通过转型来支撑业务的发展，同时讲解数字技术（如AI、IoT、云平台等）的使用来使能转型。华为董事CIO陶景文携质量与流程IT管理部管理层，与现场客户共同探讨了非云/原生数字企业的转型之路。]]></content>
  <author><![CDATA[华为]]></author>
  <time>2018-10-13 10:11:39</time>
  <account><![CDATA[huaweicorp]]></account>
</data>
