<data>
  <id><![CDATA[50706772]]></id>
  <url><![CDATA[https://mp.weixin.qq.com/s?timestamp=1539596510&src=3&ver=1&signature=Egrj350GoKY8-KUcIJshb3AXEk2VcPXzYaWvK9XcjdwhW9urhY3iSdqKHnUAt1PcM*sXeD1hZuCKAkbCTDmsdal4KzY2YV7UzAnRgfJ4t2KNyLm0vF7qpJOKNzx-GOh6CdO9l9UG-XXdKIFCK-0*IvXZr8zRlfHoc*yIubiOmfs=]]></url>
  <title><![CDATA[一图带你走近2018华为数字经济论坛]]></title>
  <content><![CDATA[参加数字经济论坛，请点击“阅读原文”。]]></content>
  <author><![CDATA[华为]]></author>
  <time>2018-10-08 09:30:00</time>
  <account><![CDATA[huaweicorp]]></account>
</data>
