<data>
  <id><![CDATA[50706772]]></id>
  <url><![CDATA[https://mp.weixin.qq.com/s?timestamp=1539596510&src=3&ver=1&signature=Egrj350GoKY8-KUcIJshb3AXEk2VcPXzYaWvK9XcjdwhW9urhY3iSdqKHnUAt1PcM*sXeD1hZuCKAkbCTDmsdTA0pcFkoX4QRJggsqNoEez1o7yjGV8OtrPiVDRImkbfp0NcCAFPamRPX3fEgFnEV6qh*W3Nt8u5d0yxr5iRBU4=]]></url>
  <title><![CDATA[携手华为共促安哥拉数字化转型释放ICT转型力量实现发展愿景]]></title>
  <content><![CDATA[近日，在中国访问的安哥拉总统若昂·曼努埃尔·贡萨尔维斯·洛伦索参观了华为北京研究所，并与华为公司高级副总裁易翔举行会谈。洛伦索在会谈中表示，愿携手华为加速安哥拉ICT发展和数字化进程，充分释放ICT转型力量实现经济社会发展目标。安哥拉总统若昂·曼努埃尔·贡萨尔维斯·洛伦索10月9日参观了华为北京研究所并与华为公司高级副总裁易翔举行会谈洛伦索总统表示：“华为不仅仅是一个来自中国的公司，而且是全球化的公司，其业务遍及全球，正在为各国的数字化转型贡献力量。同样，华为在安哥拉也积极参与了安哥拉的通信基础设施建设，为国家的经济社会发展做出重要贡献。”易翔表示：“在洛伦索总统的领导下，安哥拉宏观经济稳定，发展态势良好，正在推行的经济多元化发展战略更是吸引了大量的国内外投资者，为持续增长奠定坚实基础。30年来对于ICT产业的战略聚焦和持续投入让华为进入了最好的发展阶段，华为将继续结合自身业务和能力、资源优势，在ICT规划建设、数字化转型和人才培养等方面助力安哥拉发展。”洛伦索总统表示：“信息通信技术对于经济发展具有举足轻重的作用，安哥拉渴望在该领域加快发展步伐，因此，非常希望与华为继续深化合作，让更多的华为产品和服务进入安哥拉，造福安哥拉人民。同时，安哥拉政府也将全力支持有关项目的推进和落实，全面促进ICT的发展和应用，推动经济增长，实现国家发展愿景。”易翔表示：“信息通讯技术正在深刻改变人们的生产和生活方式，带动各行各业的数字化转型。华为将在安哥拉国家发展战略指引下，坚持全球化运作和本地化运营，继续推进ICT基础设施建设向纵深发展，让适合数字应用服务‘生长’的 ‘黑土地’更加肥沃，从而把数字世界带入更多的安哥拉个人、家庭和组织，让更多安哥拉人能够通过优质的信息通讯服务充分、平等地享有获取知识、实现发展的机会。同时，通过数字化转型、产业融合和生态建设，充分释放ICT在国家治理、公共服务提升、产业发展和民生改善等方面的转型力量，为安哥拉的工业化进程和经济社会的多元、包容和可持续发展做出贡献。”华为自1998年进入安哥拉市场以来，一直致力于与本地客户一道为当地提供安全、稳定、优质的通信网络。2013年，华为获得安哥拉政府颁发的“最佳技术奖”。华为还充分结合自身技术能力积极履行企业社会责任，通过人才培养等方式实现技能传递、消除数字鸿沟。2015到2018年期间，华为每年通过“未来种子”ICT人才培养计划资助安哥拉ICT相关专业的学生赴华学习实践。同时，华为捐资修建的信息技术培训中心已经累计为该国培养了数百名通信人才。]]></content>
  <author><![CDATA[华为]]></author>
  <time>2018-10-13 10:11:39</time>
  <account><![CDATA[huaweicorp]]></account>
</data>
