<data>
  <id><![CDATA[50706772]]></id>
  <url><![CDATA[https://mp.weixin.qq.com/s?timestamp=1539596510&src=3&ver=1&signature=Egrj350GoKY8-KUcIJshb3AXEk2VcPXzYaWvK9XcjdwhW9urhY3iSdqKHnUAt1PcM*sXeD1hZuCKAkbCTDmsdVF*v2GMUwebkes5HA6FiGJvJVB*EVTVQmhY4mqbom9Yh7JTA1FrQhsfMQArDAvhcKIQ7fPaI9d2Y1G2Hh08jn4=]]></url>
  <title><![CDATA[国庆长假最后一天！各地飞往上海的机票告急，原来是...]]></title>
  <content><![CDATA[3天后，2018年华为全联接大会将在上海正式拉开帷幕！全球超过两万名商业领袖、生态伙伴、技术专家，将齐聚上海，共同探讨“+智能，见未来”的时代话题。一首大会预告Acappella送您~媒体记者们已经在摩拳擦掌让我们看看都有哪些小伙伴来参会110余家赞助商钻石赞助商铂金赞助商黄金赞助商白银赞助商联合展示赞助商（排名不分先后）10余家产业组织10余家合作媒体战略合作媒体顶级合作媒体图文报道媒体华为全联接大会将于10月10-12日在上海举办。点击“阅读原文”免费预约现场直播。]]></content>
  <author><![CDATA[华为]]></author>
  <time>2018-10-07 10:05:58</time>
  <account><![CDATA[huaweicorp]]></account>
</data>
