<data>
  <id><![CDATA[50706772]]></id>
  <url><![CDATA[https://mp.weixin.qq.com/s?timestamp=1539596510&src=3&ver=1&signature=Egrj350GoKY8-KUcIJshb3AXEk2VcPXzYaWvK9XcjdwhW9urhY3iSdqKHnUAt1PcM*sXeD1hZuCKAkbCTDmsdVF*v2GMUwebkes5HA6FiGLmCkwt8FyIiDZMxjgvXS9CP8nhgBL*Z6UwyVgmr0fxuxd*6mPSB4OOuQaqbvEnO*M=]]></url>
  <title><![CDATA[埃森哲@华为全联接大会]]></title>
  <content><![CDATA[埃森哲即将亮相华为全联接大会，其首席技术和创新官Paul Daugherty，为我们介绍了埃森哲对人工智能趋势、人机协作的独到见解，帮助人们做好面对AI新时代的准备。更多精彩，我们10月10日上海见！华为全联接大会将于10月10-12日在上海举办。点击“阅读原文”免费预约现场直播。]]></content>
  <author><![CDATA[华为]]></author>
  <time>2018-10-07 10:05:58</time>
  <account><![CDATA[huaweicorp]]></account>
</data>
