<data>
  <id><![CDATA[50706772]]></id>
  <url><![CDATA[https://mp.weixin.qq.com/s?timestamp=1539596510&src=3&ver=1&signature=Egrj350GoKY8-KUcIJshb3AXEk2VcPXzYaWvK9XcjdwhW9urhY3iSdqKHnUAt1PcM*sXeD1hZuCKAkbCTDmsdarvf4XLFMhcQkyNFPtZh5cXfKSZo8jrIjlS78AacMw05G*fYv9XZrLDWx5gYcj*m1460agK2M9OqVZM8uGHZrw=]]></url>
  <title><![CDATA[会玩！+AI的未来，尽在华为全联接大会]]></title>
  <content><![CDATA[10月10日，华为全联接大会2018在上海开幕。华为云+AI馆17000余平的展馆，全面介绍了从交通、园区、游戏、车联网、门店等各个行业与AI结合的最佳实践和行业智能化创新，速看小编带来的现场播报~关键词 | 华为云+AI上午主题演讲中，华为轮值董事长徐直军表示，华为会为开发者提供更为高级的AI开发平台ModelArts，将支持全流程模型生产，支持人工智能条件下的开发流程。大会第三天还会发布视觉AI应用开发平台——Hilens慧眼。想看看如何赋予机器人更智能？通过手势指挥机器人即可踢球射门。这两个重磅发布在华为云+AI展区的惊艳亮相，绝对不能错过哦。关键词 | 园区+AI未来的园区是怎么样的？无人看守，人脸识别门禁？这一切都可以在园区+AI展岛上体验到。未来的园区将实现机器人巡逻，门禁一秒通过，即刷即走，楼宇广告也可以根据人脸识别、分析来实时更新，并且可以对于园区能耗进行可视化综合统计。关键词 | 物流+AI有“脑袋”的摄像头不仅能清楚地记录作业者的工作情况，还对违规操作，比如暴力分拣的“作案者”作出及时通报、举证。降低物流公司赔偿货物损坏的支出，还包裹们一个安稳的“旅途”。关键词 | Cloud VR游戏都什么年代了还秀VR游戏？Wait，能实现异地多玩家同一时间内共同打怪，通过VR操控多个人物角色完成史诗级任务游戏？难道真要等到电影里说2045年才实现？真的不用， 华为全联接大会现在就邀您体验！关键词 | 交通+AI前方明明畅通无阻，却被红绿灯堵得车水马龙，有了华为云EI交通智能体，根据实时路况调度红绿灯，再也不怕上班塞车迟到了！关键词 |量子计算模拟器&编程框架未来在哪里？未来=量子计算+自然智能？欢迎和我们一起走进量子叠加态，纠缠在奇妙的量子世界，编写你的第一个量子程序，挑战烧脑的量子游戏！关键词 |门店+AI真正的无人便利店是把便利做到极致，来展台的“无人便利店”，这里从进店、选货到结账，全靠“刷”脸，以后别刷我滴卡了，刷我滴脸吧~ 客官开心的话不妨对着摄像头比心，听说有限量版的Luckin Coffee免费赠送哦!关键词 | 图像识别确认过眼神，你的标签就在头顶，快来领取吧，还有抽奖机会哦~意犹未尽？这里的AI能读心，信不信?普惠AI正在以超出想象的速度发展：机场+AI，交通+AI，园区+AI，边缘+AI，Paas无人机、云通信平衡车，基因容器。还有让人尖叫的云市场乐高墙、优必选机器人跳舞，Cosplay的showgirl，以及那么多多多的Openspeech。在这流光溢彩的金秋时节，华为云的展台也带来了硕果累累的新科技，敬请关注。更多精彩，我们明天接着逛~点击“阅读原文”，了解大会更多资讯。]]></content>
  <author><![CDATA[华为]]></author>
  <time>2018-10-10 16:08:57</time>
  <account><![CDATA[huaweicorp]]></account>
</data>
