<data>
  <id><![CDATA[50706772]]></id>
  <url><![CDATA[https://mp.weixin.qq.com/s?timestamp=1539596510&src=3&ver=1&signature=Egrj350GoKY8-KUcIJshb3AXEk2VcPXzYaWvK9XcjdwhW9urhY3iSdqKHnUAt1PcM*sXeD1hZuCKAkbCTDmsdal4KzY2YV7UzAnRgfJ4t2K2Y08EyEEUgoH0vfRXeiX0hBa8Q--4PenUGzSiAIxRX6Fiw-19F8Amz408Y07WYjg=]]></url>
  <title><![CDATA[Hi，请收下这份最全的行业AI盛会漫游攻略～]]></title>
  <content><![CDATA[华为全联接大会将于10月10-12日在上海举办。点击“阅读原文”免费预约现场直播。]]></content>
  <author><![CDATA[华为]]></author>
  <time>2018-10-08 09:30:00</time>
  <account><![CDATA[huaweicorp]]></account>
</data>
