<data>
  <id><![CDATA[50706772]]></id>
  <url><![CDATA[https://mp.weixin.qq.com/s?timestamp=1539596510&src=3&ver=1&signature=Egrj350GoKY8-KUcIJshb3AXEk2VcPXzYaWvK9XcjdwhW9urhY3iSdqKHnUAt1PcM*sXeD1hZuCKAkbCTDmsdVF*v2GMUwebkes5HA6FiGIPLrFmM*JcjsHDr5bb770tRTmpz-XgxfhqSOyFq-vqYSd*92XZ4mifW2iBKX*HfS4=]]></url>
  <title><![CDATA[英特尔@华为全联接大会]]></title>
  <content><![CDATA[华为全联接大会将于10月10-12日在上海举办。点击“阅读原文”免费预约现场直播。]]></content>
  <author><![CDATA[华为]]></author>
  <time>2018-10-07 10:05:58</time>
  <account><![CDATA[huaweicorp]]></account>
</data>
