<data>
  <id><![CDATA[50706772]]></id>
  <url><![CDATA[https://mp.weixin.qq.com/s?timestamp=1539596510&src=3&ver=1&signature=Egrj350GoKY8-KUcIJshb3AXEk2VcPXzYaWvK9XcjdwhW9urhY3iSdqKHnUAt1PcM*sXeD1hZuCKAkbCTDmsdXWdIjgFhzYwmG-T0bkC2V77yMG61uWTUJZ-AEk7C-93Pr0Pbm1QZDb71k0RRITwPV5Tb4pEsyjG63I9afwkSZA=]]></url>
  <title><![CDATA[华为云xluckincoffee，往咖啡里加了点“AI”]]></title>
  <content><![CDATA[点咖啡？比个心就行啦？你知道吗？爱心手势，现在可以点咖啡啦！在刚结束的2018华为全联接大会上，华为云EI最新黑科技都在这片近三万五千平米的展馆中纷纷亮相。现场到底有多火爆？我们来感受一下~不仅如此，有AI的华为云也携手咖啡界的网红— luckin coffee来到大会现场愉快的玩耍啦~这次我们给小蓝杯加了点不一样的“料”，那就是AI！话说加了“AI”的咖啡有啥不一样？只需在屏幕面前“比个心”，即可获得华为云提供的免费咖啡。有趣又简单的操作，成功吸引了中外参会者的目光。那么，这样的黑科技是怎么实现的呢？神奇的“AI魔法”揭秘“爱心手势点咖啡”这个魔法主要依靠华为云EI（企业人工智能）技术。相比于二维手势，三维手势识别需要输入更有深度的信息，方能识别各种手型、手势、动作以及位置。此次合作，华为云还特别针对luckin coffee构建了专属爱心手势数据库，每一款咖啡都有独特的手势密码，施展出神奇的AI魔法！拿到咖啡的小伙伴们会发现，luckin还与华为云推出了联合杯套👇每一句文案，都很扎扎扎扎扎心了！但你知道吗？这些工作困扰，都可以通过普惠AI的华为云解决。当然了，AI不仅仅应用在“点咖啡”的门店场景中：当你用手机拍照时，AI帮你把照片变得更好看；当你开车时，AI自动驾驶帮你规划好了目的地路线；当你回家时，AI帮你打开了灯，开好了空调，电视正放着你想看的节目。AI & 爱，无处不在除此之外，华为云还希望AI能够发挥更大的价值，为更多人群服务。现在，失聪者、失语者通过依靠AI翻译官，就能直接接收身边的信息，感受这个世界最真切的爱。在我们眼中，技术的发展就是为了让生活变得更加幸福。华为云普惠AI，用AI打开一扇窗，让爱照亮世界。]]></content>
  <author><![CDATA[华为]]></author>
  <time>2018-10-15 17:04:41</time>
  <account><![CDATA[huaweicorp]]></account>
</data>
