<data>
  <id><![CDATA[50706772]]></id>
  <url><![CDATA[https://mp.weixin.qq.com/s?timestamp=1539596510&src=3&ver=1&signature=Egrj350GoKY8-KUcIJshb3AXEk2VcPXzYaWvK9XcjdwhW9urhY3iSdqKHnUAt1PcM*sXeD1hZuCKAkbCTDmsdal4KzY2YV7UzAnRgfJ4t2Kh5ORTch5BBKDq8rmYshehh4A7oXIN6x5jpI4KoUI86L8CyNKvZDWlvtSPRlc2EFs=]]></url>
  <title><![CDATA[开工啦！奉上华为全联接大会直播观看完整攻略]]></title>
  <content><![CDATA[开工啦！2天后，华为全联接大会也将如约而至！不能亲临现场的小伙伴们，请收下这份超强直播观看攻略！1.锁定你感兴趣的直播日历大会期间，HUAWEI CONNECT LIVE作为华为全联接大会现场报道平台，将在大会官网首页实时推送直播实录、最新资讯、独家商业领袖专访和丰富多彩的现场热点报道。以下为3天直播日历更多精彩不容错过除了大会直播，我们还准备了丰富多彩的栏目：V观展岛，超过3万平米的展厅，到底有哪些好看的、好玩的？跟着镜头，带您走进展岛，与主持人一起对展岛智能产品深度体验和评测。幕后全息环节，主持人邀请行业观察员⼀起观看和适时点评主题演讲。行业顶级大咖访谈沙龙，针对最热点的问题进行不同观点的现场碰撞。未来之声，用Acappella和Beatbox的形式对当日看点进行预告。2.Pick你的观看姿势3.预约直播抽Mate 10一个人看直播没劲儿？快来加入我们的讨论，一起畅想万物互联的智能世界！提前预约，Mate10手机大奖拿不停！华为全联接大会将于10月10-12日在上海举办。点击“阅读原文”免费预约现场直播。]]></content>
  <author><![CDATA[华为]]></author>
  <time>2018-10-08 09:30:00</time>
  <account><![CDATA[huaweicorp]]></account>
</data>
