<data>
  <id><![CDATA[50706772]]></id>
  <url><![CDATA[https://mp.weixin.qq.com/s?timestamp=1539596510&src=3&ver=1&signature=Egrj350GoKY8-KUcIJshb3AXEk2VcPXzYaWvK9XcjdwhW9urhY3iSdqKHnUAt1PcM*sXeD1hZuCKAkbCTDmsdUnys5XeMl0*ABD5*uEX6EC-IiI5K6*Aln4Bw4kP2KgfpWkR1tF1gIc6SRDw2-Fo3fLmZ-8-PmgaP9fd7grRvs8=]]></url>
  <title><![CDATA[10月12日，让所有开发者尖叫的一天！]]></title>
  <content><![CDATA[HC大会进入最后一天，参展的人群没有涌去，反而迎来新的高潮，开发者们翘首以盼的大日子到了。让我们跟随小编的脚步，看一看这一天，开发者们经历了哪些激励、欢笑和对未来的希冀。一、致敬开发者，共创“AI”的世界在全体大会上，华为公司副总裁、云BU总裁郑叶来在全体大会上发表了《致敬开发者，共创“AI”的世界》主题演讲，发布了AI全流程开发平台与工具——更快的普惠AI开发平台ModelArts、更懂开发者的视觉AI应用开发平台HiLens、与线上体验一致的离线开发套件Atlas 200 、探索未来的量子计算模拟器与编程框架HiQ。想知道机器人如何跳舞？快来点击视频吧~二、满满干货的技术论坛什么是最前沿的技术？不管是数据库、DevOps、容器，还是云上开发的探索，不管是全球顶级专家—JezHumble，还是持续交付全球大拿Kohsuke Kawaguchi的现身。只要你能想到的“黑科技”，在这20多场技术论坛里，就能找到答案。三、亲自动手，体验开发的乐趣动手实验室（Hands-on-Lab）为编程热爱者提供了10余个领域的实验，在实验过程中，实验者可根据指引口令进行代码开发，运行代码查看结果，了解华为云产品开发的流程和方法，体验到代码开发的乐趣。四、今天，我真的和大咖有个约会在Sugar乐队精彩的音乐伴奏中，被誉为全球DevOps四大天王之首的Jez Humble和华为资深技术专家黄强在现场举办签书活动，现场的粉丝络绎不绝，与大咖面对面，探讨DevOps和Docker实践，真是不可多得的大好机会。拿到签名的同学们，是不是很兴奋。五、一起来狂欢吧，开发者们最最让人激动的时刻到了，参加华为开发者大赛的获奖队伍来到现场，同与会者共同打造了一个艺术与科技火花碰撞的颁奖典礼：颁奖者们的激动和欢笑乌克兰美女DJ Anna的开场动感DJ秀华为工程师小哥哥的嘻哈说唱随着技术的更新迭代，AI必将在生活中起着越来越重要的作用，这一切都离不开开发者们的努力。华为期待与开发者一起，加速推进AI在百行百业的规模化落地，让大家用得起、用得好、用得放心，实现普惠AI！未来已来，我们却不说再见，开发者们，明年见！]]></content>
  <author><![CDATA[华为]]></author>
  <time>2018-10-12 16:47:39</time>
  <account><![CDATA[huaweicorp]]></account>
</data>
