<data>
  <id><![CDATA[50706772]]></id>
  <url><![CDATA[https://mp.weixin.qq.com/s?timestamp=1539596510&src=3&ver=1&signature=Egrj350GoKY8-KUcIJshb3AXEk2VcPXzYaWvK9XcjdwhW9urhY3iSdqKHnUAt1PcM*sXeD1hZuCKAkbCTDmsdes0KU8b2dvpN8XmDhryGMu1drHAUHLT-w9yp0EZ16S2GvWhmoRvCfX3H5FyR9s4nx8BNHtZD8e79L8JWQLfw3s=]]></url>
  <title><![CDATA[相信“平台的力量”，华为行业数字化转型展厅现场直击]]></title>
  <content><![CDATA[数字世界，瞬息万变，企业如何抢占时代先机，勇立潮头？来这里找寻答案吧！在行业数字化转型展厅（Hall3）现场，华为与来自全球的ICT产业领袖、行业先锋、生态伙伴、商界智囊，展示了平台赋予数字化转型的力量，各大展台可谓是亮点频出，干货满满即刻奉上。平台的力量之纵观行业变迁The Power of the Platform智慧城市展台未来我想要的城市生活是什么样子？来到智慧城市展区便有了答案。智慧高青、物联潍坊、魅力敦煌、幸福龙岗生动刻画了智慧城市未来的模样。秉承着“新ICT，打造智慧城市神经系统”的理念，华为通过构建开放、共享、便捷的智慧城市使能平台，与合作伙伴共同协助城市实现善政、兴业、惠民的建设目标。智慧园区展台你尽管去奋斗，我负责为你打造最自在轻松的工作模式。智慧园区，20万员工人脸识别数据库，1.5秒园区自助通行，全球7,000+会议室集中在线管理……做到“0”等待、“0”安保与“0”界限。智慧交通展台数字化机场，实现了机场的可视化运行、可视化监控、可视化服务，解决机场客流和航班激增带来的管理和乘客体验问题。比如，智能机位分配能在一分钟内完成1,000多次航班的机位分配。行业使能展台行业使能平台提供行业数据服务、行业业务服务、应用开发支持服务，OpenLab以“平台、生态、创新”为经营理念，践行“ICT数字化转型”大战略，致力于构建“开放、协作、共赢”的生态系统。智慧教育展台华为以“智能众教育，创新联未来”为宗旨，从数字校园，教育云服务，教育创新实践三个方面阐述华为如何引领教育行业数字化转型。智慧零售展台有什么比“买买买”更幸福的事情呢？华为智慧门店解决方案，客群分析、AI商品识别、电子价签……为顾客打造舒适的购物体验，简化商家运营工作，“以一当百”的时代来了。智慧金融展台如今移动支付成为大街小巷主流的结算方式时代，金融行业怎能不转型？华为从前台智慧体验，中台智慧决策，后台智慧架构三个维度，全方位、场景化呈现华为智慧金融的主力解决方案，助力金融行业实现数字化转型。智能电网展台电力赋予了这个时代加速前进的动力，华为智能电网解决方案，适应于所有场景，其中LTE实现5000终端接入，承载精控、遥测、遥信和遥控成功率100%，在线率100%，这操作666啊。ISP展台华为云、管、端的互联网整网解决方案，与业界合作致力于共同打造一个健康的云生态，以满足客户不同的业务需求。要和我来一局嘛？我们王者峡谷见！华为服务展台“先生您好，请问您需要什么服务？”华为服务展区从云使能服务方案、服务工具平台支撑、服务生态、服务平台四个方面展示了华为的全球服务能力。工业数字化展台“叮咚，您的快递到啦，请麻烦签收。”目前，华为的工业互联网平台已广泛应用于汽车制造、机械装备、仓库物流等行业和场景。平台的力量之博览产品线升级The Power of the Platform云数据中心展台云数据中心展区提供以云为核心的全栈数据中心解决方案，包含云、计算、存储、网络、能基五大部分，展现了华为云数据中心解决方案本身及其对客户与合作伙伴的价值。专业、靠谱，稳如擎天柱！智简网络展台是时候展示真正的技术了！“智慧、极简、超宽、开放、安全”一直是各行各业网络运维的追求，在企业数字化转型的过程中，网络的重要性正从支撑网转变为生产网，“AI”思考的网络了解一下？企业云通信展台华为企业云通信服务为企业打造新一代开放、智能、一站式的云服务方案。首次亮相的CloudLink协作智真系列会议终端产品，将引领企业数字化办公迈向智能时代。eLTE 行业无线展台华为eLTE行业无线解决方案帮助客户建立安全可靠高性能的专用无线通信网络，通过5G技术4G化和SingleRAN行业化理念使能行业数字化、智能化转型。网络能源展台一站式自动化资产管理方案，安防与摄像头、通道智能照明、告警灯光、消防联动，成为真正可视、可控、可管理的智能化数据中心。平台的力量伙伴携手并进The Power of the Platform合作伙伴展台一直以来，华为致力于与客户一起全面、长期、并且面向未来地借由平台的力量，驱动企业数字化转型升级。目前，已有211家世界财富500强企业与48家世界财富100强企业选择华为作为数字化转型伙伴。百闻不如一见，有兴趣的小伙伴可以趁着大会期间，移步上海世博展览馆现或者在线注册观看直播，一睹华为全联接大会2018展厅的真容风采！]]></content>
  <author><![CDATA[华为]]></author>
  <time>2018-10-11 15:35:04</time>
  <account><![CDATA[huaweicorp]]></account>
</data>
