<data>
  <id><![CDATA[50706772]]></id>
  <url><![CDATA[https://mp.weixin.qq.com/s?timestamp=1539596510&src=3&ver=1&signature=Egrj350GoKY8-KUcIJshb3AXEk2VcPXzYaWvK9XcjdwhW9urhY3iSdqKHnUAt1PcM*sXeD1hZuCKAkbCTDmsdes0KU8b2dvpN8XmDhryGMvaHlqismdE1EISVu26AxulI148EBq2tgp9aO1WwJVJr-D2akD0-c4CA9PAnhEPm0k=]]></url>
  <title><![CDATA[做AI，我们是认“真”的！]]></title>
  <content><![CDATA[认真完成每一份工作认真打磨好每一件产品，认真服务好每一个客户，在有限的时间里，认真过好每一天。不管做什么事情，都需要认真。做AI，我们认“真”的！]]></content>
  <author><![CDATA[华为]]></author>
  <time>2018-10-11 15:35:04</time>
  <account><![CDATA[huaweicorp]]></account>
</data>
