<data>
  <id><![CDATA[50706772]]></id>
  <url><![CDATA[https://mp.weixin.qq.com/s?timestamp=1539596510&src=3&ver=1&signature=Egrj350GoKY8-KUcIJshb3AXEk2VcPXzYaWvK9XcjdwhW9urhY3iSdqKHnUAt1PcM*sXeD1hZuCKAkbCTDmsdes0KU8b2dvpN8XmDhryGMtp-iDOaO8Q9i9UHvRJ1U69w0tCpQuvqfq4bk1GlTdXXyB-rn*Av2RDT1qc2GH5S4M=]]></url>
  <title><![CDATA[华为主张平台+AI+生态，让智能世界加速到来]]></title>
  <content><![CDATA[全联接大会第二天，各行各业共同探讨如何加持AI，破解业务难题。华为携手OBS、招商银行、深圳机场、奥迪、深圳市公安局交通警察局、北京三联虹普等众多行业领先的合作伙伴，共议如何让智能世界加速到来。华为公司董事、战略Marketing总裁徐文伟与智慧孪生DW共同开场，展示了现实世界和数字世界的互动。AI能够将人从简单的、重复的、枯燥的工作中解放出来，做你做不到的事情，DW就即兴现场来了一段街舞，轻松有趣。紧接着，徐文伟先生分享了以“创见智能未来”为主题的演讲，干货满满。创见智能未来根据预测，到2025年，全球AI市场空间将达到3800亿美金；其中90%来自于企业市场。所以说，未来十年，AI的主场在行业。行业AI怎么落地，我认为有三个关键点：第一，场景是起点。我们经常问AI能做什么，其实可以问我们自己想要什么？想要解决什么问题？如何采用AI来实现。第二，行业智慧是突破点。俗话说老马识途，专家智慧就是行业老马，我们要把这些行业老马的经验变成AI的技能。第三，价值是回归点。AI应用带来商业价值，产业价值和社会价值。同时，基于价值的实现又能回馈补充数据，让AI更聪明。AI落地有三大场景：场景1是海量重复型场景，比如图片/图像鉴定、单据审核等，重复的、目标明确，但是海量任务。AI应用在该类场景的核心价值是提升效率。场景2是专家经验型场景，很多行业因为关键专家稀缺，比如医疗行业，全国只有不到5000名达标的宫颈癌筛选专家，需要20年才能把全国适龄女性筛查一遍。采用AI辅助，可以提升效率5-10倍。场景3是多域协同的场景，也是最复杂的场景，比如城市智慧交通系统，现代化制造等等。一个交通信号灯的控制，与时间、天气，车道、路网、以及重大活动等等多个维度变量有关，靠人脑显然无法做出分析和判断；针对刚才提到的三个场景，华为发布了全栈全场景AI解决方案。华为AI应用，分享两个与我们生活有关的案例：机场+AI：刷脸不刷证，靠桥才靠谱当前深圳机场每天航班起降超过1000架次，靠桥率约为70%左右（目标要提高到80%），每天客流量12万人。通过“+AI”，同时进行基础设施的智能化改造，从传统的甘特图手工安排计划到AI的自动化，靠桥率提升到80%。这10%的提升，意味着每年将有400万人，不用坐摆渡车去远机位；项目还在结合人脸识别实现机场一站式通关，旅客排队时间将减少15%。交通+AI：过去车看灯，现在灯看车深圳是全中国车辆密度最高的城市，每公里有510辆车。而华为总部坂田基地，面积是1.5平方公里，每天华为有1万多辆车出入。今年6月份以来，深圳交警选择华为云，在坂田9个路口采用人工智能的技术，根据交通拥堵状况，实时调整交通灯控制策略。简单一句话就是，过去是车看灯，现在是灯看车。结果平均车速提升了15%，节约了10分钟。这些都需要平台+AI+行业智慧+生态共同打造。首先，技术领先是平台的基础，华为基于优势的ICT技术，不断扩展AI的技术能力，实现持续的技术领先；第二，华为的平台必须保持开放性；第三，华为的平台必须保持公平性；华为与生态合作伙伴基于公平公正，合作共赢的关系，共同打造生态。华为计划3年发展100万AI开发者和合作伙伴。使能行业数字化转型，需要各行业和产业组织的共同努力。华为推动成立GIO（Global Industry Organization）意在促进行业组织间交流和协同，共同推进各行各业数字化进程。用AI与地球数据改变世界Orange Business Services（OBS）的一朵云战略，部署在华为的开放平台上，以哥白尼项目为例，我们正在大量发展生态伙伴，通过AI创新，打造地球数据监测服务，帮助各行各业应对数字化转型和全球化挑战。AI改变金融业平台+AI 共建深圳未来机场+AI的产品创新，加速企业智能化进程基于华为Ascend系列AI处理器和业界主流异构计算部件的Atlas智能计算平台，通过模块、板卡、小站、一体机等丰富的产品形态，打造面向端、边、云的全场景AI基础设施方案。作为华为全栈AI解决方案的重要组成部分，Atlas智能计算平台以强大算力助力客户开启AI未来并加速企业智能化进程。面对汽车智能化的时代趋势，华为MDC移动数据中心通过芯片级的创新能力、平台级的工程能力与完善的开发调测诊断工具链，与汽车行业客户共同使能智能驾驶，引领智能驾驶进入快车道。AI改变驾驶我们致力于高度自动驾驶功能和面向未来的车辆-基础设施（V2I）通信技术的联合开发。全球多项实践活动证明，奥迪已经跻身高度自动驾驶领域的技术领导者之一。我们期待在未来加强与华为的合作，双方的密切合作将为双方带来实实在在的受益。EI智能体，行业升级新引擎华为云携手广大客户和伙伴共同探索了AI在行业的落地实践。我们发现行业AI落地的最大障碍是算力。为了解决这些问题，华为云EI，全栈全场景，从“芯”出发。通过充分整合芯片和软硬件全栈能力，为用户带来极致体验。 针对AI产业落地中最复杂的多域协同场景，如城市治理，华为云EI 城市智能体，通过AI协同云、大数据、物联网、边缘计算等技术，为城市带来全新动力！ 华为云致力于普惠AI，要让每个企业将AI用得起、用得好、用得放心。智慧赋能，让出行更美好过去是车看灯，现在是灯看车。深圳市公安局交通警察局依托城市交通大脑，通过科技加警务的双轮驱动，借助人工智能，致力于打造城市交通智能体，实现智慧赋能，让市民出行更美好。工业智能体，释放生产柔性潜能]]></content>
  <author><![CDATA[华为]]></author>
  <time>2018-10-11 15:35:04</time>
  <account><![CDATA[huaweicorp]]></account>
</data>
