<data>
  <id><![CDATA[50706772]]></id>
  <url><![CDATA[https://mp.weixin.qq.com/s?timestamp=1539596510&src=3&ver=1&signature=Egrj350GoKY8-KUcIJshb3AXEk2VcPXzYaWvK9XcjdwhW9urhY3iSdqKHnUAt1PcM*sXeD1hZuCKAkbCTDmsdarvf4XLFMhcQkyNFPtZh5eIlK6nLgGxCb1oNCr8usvn6LAALsNEH3*cNXs5zSrd0lTC94c7fCUW88DTfxUIOlQ=]]></url>
  <title><![CDATA[2分钟看完大会首日精彩！]]></title>
  <content><![CDATA[首日精彩花絮连连，一起来看！主题演讲金句，为您奉上~英文版的金句，一并奉上点击“阅读原文”，了解大会更多资讯。]]></content>
  <author><![CDATA[华为]]></author>
  <time>2018-10-10 16:08:57</time>
  <account><![CDATA[huaweicorp]]></account>
</data>
