<data>
  <id><![CDATA[50706772]]></id>
  <url><![CDATA[https://mp.weixin.qq.com/s?timestamp=1539596510&src=3&ver=1&signature=Egrj350GoKY8-KUcIJshb3AXEk2VcPXzYaWvK9XcjdwhW9urhY3iSdqKHnUAt1PcM*sXeD1hZuCKAkbCTDmsdVF*v2GMUwebkes5HA6FiGLLMSM7s45wa1*p2HsFJUH3sVGf*PcsYKET0VpNAGeRIi11FK6UCHZ1X*bFKgtA5xY=]]></url>
  <title><![CDATA[西部数据@华为全联接大会]]></title>
  <content><![CDATA[Western Digital西部数据将参加2018华为全联接大会，公司代表将在大会上就行业发展问题发表演讲，并带来人工智能移动化、智慧城市、指挥运输、边缘计算和企业云五个方面的存储解决方案。值得注意的是，本次西部数据的演讲主题和内容都相当具有代表性。数据助力智能化：西部数据演讲日程主题：从边缘存储到云存储——实现下一代智慧城市讲述西部数据如何利用从终端到核心的存储解决方案，以满足不同层次的监控存储需求，与华为共同构建智慧城市，创造美好未来。主讲人：西部数据公司高级副总裁兼中国区总经理Steven Craig演讲时间：2018年10月10日主题：数据变革——赋予数据力量讲述针对数据的变革，西部数据如何基于自身的优势，不断创新。面对新的应用场景、新的数据形态和新的存储需求，我们以从终端到核心的数据架构，来满足不同层次的存储需求。主讲人：西部数据公司产品市场部副总裁朱海翔演讲时间：2018年10月11日本次大会期间，西部数据还为您准备了小型演讲会：演讲主题：HDD技术推动下一个大数据十年时间：2018年10月10日: 15:00-15:15地点：上海世博展览馆中心3号馆OP1演讲主题：3D NAND技术在移动设备中的运用时间：2018年10月11日: 15:00-15:15地点：上海世博展览馆中心3号馆OP1我们诚挚邀请各位同行和业内友人可以关注和聆听Western Digital西部数据的演讲，共同见证数据助力智能化，了解先进前沿的科技与数据如何帮助人类链接未来。除了以上演讲日程，西部数据还将在本次展会现场分享人工智能移动化、智慧城市、智慧运输、边缘计算和企业级云存储5种解决方案，同时还带来了西部数据领先创新的96层3DNAND。了解更多存储解决方案，欢迎莅临西部数据展位现场：上海世博展览馆3号厅，#3-A1不断探索合作，强强联手近年来，Western Digital西部数据在不断的探索中也十分重视与同行们的相互讨论与技术交流，与华为的合作也早已成为行业内外的一段佳话。今年六月，Western Digital西部数据公司的基于叠瓦式磁记录(SMR)的氦气硬盘Ultrastar®Hs14得到华为公司的官方认证。作为西部数据公司SMR硬盘的早期采用者，华为公司通过其优化的分布式云存储OceanStor®9000，提高了视频应用中数据采集的连续性，从而打开了企业级存储的新局面。鉴于这一成果在实现TCO改进方面的重大价值，华为公司在整合西部数据公司SMR HelioSeal® 硬盘方面进行了重要投资，以达到业界领先的存储密度、功率效率和可靠性。未来，Western Digital西部数据还将与华为公司开启更深入的交流与合作，在强强联合的作用之下，必将是另外一番存储界的新变革和持续发力。期待我们共同努力，推动数据繁荣，缔造辉煌成就。华为全联接大会将于10月10-12日在上海举办。点击“阅读原文”免费预约现场直播。]]></content>
  <author><![CDATA[华为]]></author>
  <time>2018-10-07 10:05:58</time>
  <account><![CDATA[huaweicorp]]></account>
</data>
