<data>
  <id><![CDATA[50706772]]></id>
  <url><![CDATA[https://mp.weixin.qq.com/s?timestamp=1539596510&src=3&ver=1&signature=Egrj350GoKY8-KUcIJshb3AXEk2VcPXzYaWvK9XcjdwhW9urhY3iSdqKHnUAt1PcM*sXeD1hZuCKAkbCTDmsdY-Mp6kReWibHY9Iuq-MSatMH-IZ1*96VPEJs1n3Q3ACwZLhw9sQhJ695utI5gEFFCUrKiUuXqnO4cXSmsNS7us=]]></url>
  <title><![CDATA[国庆出游遇到唐伯虎，他用AI吟了首诗给我。]]></title>
  <content><![CDATA[风流才子唐小虎，诗画双绝，名冠天下伯虎点AI是华为云精心打造的一个互动小程序。请注意，在这个小程序中，你将看到的可能是有史以来最有文化的AI。不论上传什么图片，主人公唐小虎都能根据图片内容秒速吟诗作对，出口成章。这位AI可一点也不高冷，唐小虎将亲自带你游玩古代山水。拜访古代诗人、围观古人棋局、赶上古人斗图招亲，穿越感扑面而来。画有所言，众生摩诘有图片识别的火眼金睛，更有大数据分析与精准匹配，我们这就来欣赏伯虎点AI的大作：在这里，古代诗词经典与现代生活场景，产生了跨越时空的交融，碰撞出传统与科技的火花。而这一切背后华为云EI，来头可不小。华为云EI图像识别(Image Recognition)基于领先的深度学习技术，可准确识别图像中的视觉内容，提供多达23000种物体、场景和概念标签，具备目标检测和属性识别等能力，帮助客户准确识别和理解图像内容。内容检测 (Content Moderation)基于领先的图像、文本、视频检测技术，可自动检测色情、广告、暴恐、涉政等内容，帮助客户降低业务违规风险。“让未来充满AI”，华为云倡导打造用得起、用得好、用得放心的普惠AI，让AI走下神坛，把数字世界带入每个人、每个家庭、每个组织，构建万物互联的智能世界。漫漫国庆小长假唐小虎伴你云游山水间。猛扫二维码，让伯虎点AI帮你配诗关注“华为”公众号，并在消息栏发给我们你的作品（每人限传一张作品），我们会在众多作品中挑选出10张精选作品，赠送一份华为精美礼品。]]></content>
  <author><![CDATA[华为]]></author>
  <time>2018-10-02 09:00:00</time>
  <account><![CDATA[huaweicorp]]></account>
</data>
