<data>
  <id><![CDATA[50706772]]></id>
  <url><![CDATA[https://mp.weixin.qq.com/s?timestamp=1539596510&src=3&ver=1&signature=Egrj350GoKY8-KUcIJshb3AXEk2VcPXzYaWvK9XcjdwhW9urhY3iSdqKHnUAt1PcM*sXeD1hZuCKAkbCTDmsdXWdIjgFhzYwmG-T0bkC2V6bQajBLdjEGzLfHKZxNojKo7pbmfW2s1yN7MXamgHVwZzu*h9EcOGTs9c65myqMT4=]]></url>
  <title><![CDATA[一图读懂华为首款全栈全场景人工智能芯片Ascend310]]></title>
  <content><![CDATA[在刚刚结束的全联接大会上，华为轮值董事长徐直军首次发布华为AI战略与全栈全场景AI解决方案，其中包括全球首个覆盖全场景人工智能的华为Ascend（昇腾）系列芯片以及基于该系列芯片的产品和云服务。Ascend 310，作为华为全栈全场景AI解决方案的关键部分, 是华为全面AI战略的重要支撑。想进一步了解Ascend 310的AI智慧？一起来看下面这张图👇Ascend 310突破了人工智能芯片设计的功耗、算力等约束，实现了能效比的大幅提升，助力AI从中心侧向边缘侧与端侧延伸，为平安城市、自动驾驶、云业务和IT智能、智能制造、机器人等应用场景提供全新的解决方案，用AI开启智慧未来。]]></content>
  <author><![CDATA[华为]]></author>
  <time>2018-10-15 17:04:41</time>
  <account><![CDATA[huaweicorp]]></account>
</data>
