<data>
  <id><![CDATA[51112349]]></id>
  <url><![CDATA[https://mp.weixin.qq.com/s?timestamp=1539596484&src=3&ver=1&signature=Egrj350GoKY8-KUcIJshb7U88joHN4*LRj9q4jVA*nn5HSH8DnHW9sJatWAubANiqUItdW-5RMirB-eozpjen8HIDWompVqwvm6nPPcq2mxyYAA*47KqGqROa9sEQt1fa*BGDI0lX5gmWE9DiIJfzTSYly1JKRWRBEOpcxKSCJE=]]></url>
  <title><![CDATA[2018马云乡村教师计划名单揭晓乌兰察布又有一名教师入选]]></title>
  <content><![CDATA[点击上方蓝字，免费订阅本报！内蒙古晨报全媒体平台消息（记者  李艳红）9月25日，记者从马云公益基金会获悉，2018马云乡村教师计划180位提名者名单揭晓，内蒙古有5名乡村教师获提名。今年3月20日至5月20日，2018马云乡村教师计划共收到1892份有效申报材料。7月9日，在马云公益基金会官网、官方微博和微信公众号公示了2018马云乡村教师计划300位入围者名单。经过两个多月的核实举报信息、初评、实地走访等环节，从入围的300位教师中筛选出了180位，入选马云乡村教师计划提名教师。全国共有34个省级行政区域，此次的提名教师覆盖其中的23个。在全国832个集中连片特困地区县、国家级扶贫县和浙江省相对贫困县中，此次的提名教师来自其中的139个。提名教师们所在的学校，平均距离乡镇9公里，平均距离县城53公里。他们所在的学校，教师平均数量29人，学生平均人数381人。他们所带的班级，学生平均数量43人。内蒙古5名提名教师（排名不分先后）分别是：刘全卫  乌兰察布市卓资县卓资山镇北完小刘杨  赤峰市林西县统部寄宿制小学端木欣欣  呼伦贝尔市鄂伦春自治旗克一河中学阿拉坦其其格  赤峰市巴林右旗巴彦塔拉苏木中心小学王素芳  赤峰市敖汉旗黄羊洼学校欢迎在下方留言评论NEWS来源 | 内蒙古晨报主编 | 樊瑞   编辑 | 刘强]]></content>
  <author><![CDATA[内蒙古晨报乌兰察布新闻]]></author>
  <time>2018-09-28 15:08:17</time>
  <account><![CDATA[nmgcbwlcbjzz]]></account>
</data>
