<data>
  <id><![CDATA[51112349]]></id>
  <url><![CDATA[https://mp.weixin.qq.com/s?timestamp=1539596484&src=3&ver=1&signature=Egrj350GoKY8-KUcIJshb7U88joHN4*LRj9q4jVA*nn5HSH8DnHW9sJatWAubANiqUItdW-5RMirB-eozpjen5iB3nWJGuRVftsamQHL5Jjfq0IVaWhlg3B1oKrDvsOxw*QX0q1T-MruINuOdzGV91CqtvLV3zvbyLfqRDZyZB0=]]></url>
  <title><![CDATA[乌兰察布车主注意啦！明天（30日）油价又要涨了！看看还会涨多少？]]></title>
  <content><![CDATA[点击上方蓝字，免费订阅本报！天气转凉！添衣保暖！中秋假期结束后就是十一长假了你有没有出游的计划呢？有没有自驾游的计划呢？对于有车族来说车主们肯定会很在意油价问题的吧所以小编要告诉你一个不太好的消息油价又要上调了！眼看着就要突破8元大关了！最新数据显示，新一轮成品油调价窗口将于9月30日24时开启预计对应上调幅度70元/吨。分析师李彦对记者表示，到9月20日收盘，国际油价下跌，但美元走弱抑制了跌幅。WTI70.80跌0.32；布伦特78.70跌0.70美元/桶。中国SC主力1812涨2.4至531.3；近月1810持稳于508元/桶；截至9月20日原油综合变化率1.29%，预计对应上调幅度70元/吨。9月21日原油变化率如何呢？据金联创测算，截至9月21日第四个工作日，参考原油品种均价为75.77美元/桶，变化率1.15%，对应汽柴油价格上调80元/吨。根据国内原油进口结构及结算挂靠品种为依据；在定价机制运行过程中不排除根据进口结构等做出些许调整，届时将及时修订；9月17日24时成品油调价如期兑现，汽柴油零售价格均上调了145元/吨。根据“十个工作日”原则，本轮调价窗口为9月30日24时油价接连上涨，全面进入“8元时代”只是时间问题！小编子简单算了一笔账，如果按一年开1.5万公里，油耗8升/100公里，一年油费就差不多要10000元，怪不得车主朋友直呼“买得起车，加不起油”！9月17日24时的调价已经是本月第二次上调!这也是今年第十一次上调!!狂跌3分，微涨5毛!!!可是……内蒙古的车主朋友们下班准备加油记得告诉身边的人吧~欢迎在下方留言评论NEWS来源 | 今日呼市 百家号 等主编 | 樊瑞   编辑 | 刘强]]></content>
  <author><![CDATA[内蒙古晨报乌兰察布新闻]]></author>
  <time>2018-09-29 15:44:33</time>
  <account><![CDATA[nmgcbwlcbjzz]]></account>
</data>
