<data>
  <id><![CDATA[51112349]]></id>
  <url><![CDATA[https://mp.weixin.qq.com/s?timestamp=1539596484&src=3&ver=1&signature=Egrj350GoKY8-KUcIJshb7U88joHN4*LRj9q4jVA*nn5HSH8DnHW9sJatWAubANiqUItdW-5RMirB-eozpjenyEd0Fi6VJcnDnIUCBHDfD5yKlfc9zYiYTRwMH0Wlzx4-RFJESlpJOhXqD80tz7L3AOQtdAu3UGEw4FM4PehVvo=]]></url>
  <title><![CDATA[乌兰察布一超市引进刷脸支付设备，市民“靠脸”就能买买买……]]></title>
  <content><![CDATA[点击上方蓝字，免费订阅本报！内蒙古晨报全媒体平台消息（记者 王译净 实习生 李晶晶） 曾几何时，手机成为我们不少人宅家出门的必备武器，我们也因出门不用带钱包仅靠手机实现衣食住行的支付而大感方便。但是也有不少人出现过付款结账时因忘带手机、手机遗失等尴尬情况。你是否也曾狂傲地说过，我吃饭从来不带钱刷脸就行。现如今，这句笑谈真的实现了。近日，集宁区永盛成连锁超市首家引进支付宝自助收银机，并于10月10日正式投入使用，这些机器不要现金，不要卡劵，不要手机，也不需要输密码，只要刷脸就能付款。超市工作人员为初次使用刷脸支付设备的顾客指导10月11日，记者来到该超市，在入口处的位置，便看到了这四台支付宝自助收银机，不少顾客驻足观看，看到刷脸支付的提醒更是忍不住拿起手机拍摄。两名刚使用完该设备的大学生对记者说：“虽然第一次用，但是操作起来特别简单方便，买了一大堆东西没用几分钟就结算完成。”随后，记者也选购了几样商品，上前试用，按照屏幕提示，点击开始自助结账，随后将商品条形码对准扫描区，扫描完全部商品，点击刷脸支付，输入支付宝绑定手机号便完成了支付。轻轻刷脸，完成支付该店李经纬店长告诉记者：“为了满足顾客的新鲜感，引领刷脸支付的潮流，同时也为降低员工的工作量，半个月以前我们超市便引进了这些刷脸支付设备，昨日正式投入使用，顾客们积极尝试‘刷脸支付’，用过都说简单、方便，反响很好。”对于，刷脸支付的安全性，李店长表示，这和微信、支付宝扫码一样安全，而且更加方便快捷。欢迎在下方留言评论NEWS来源 | 内蒙古晨报乌兰察布新闻主编 | 樊瑞   编辑 | 刘强]]></content>
  <author><![CDATA[内蒙古晨报乌兰察布新闻]]></author>
  <time>2018-10-12 11:20:03</time>
  <account><![CDATA[nmgcbwlcbjzz]]></account>
</data>
