<data>
  <id><![CDATA[51112349]]></id>
  <url><![CDATA[https://mp.weixin.qq.com/s?timestamp=1539596484&src=3&ver=1&signature=Egrj350GoKY8-KUcIJshb7U88joHN4*LRj9q4jVA*nn5HSH8DnHW9sJatWAubANiqUItdW-5RMirB-eozpjenyEd0Fi6VJcnDnIUCBHDfD4aL00g3ndy8G7j8JkrIU1DPgJjKb-0lOoIaONYVbvvioAWCmbHy4bob2u7Vz0y1zc=]]></url>
  <title><![CDATA[《嘴巴嘟嘟》的乌兰察布公安改编版《最怕赌毒》来了！]]></title>
  <content><![CDATA[点击上方蓝字，免费订阅本报！前段时间，你是否被神曲《嘴巴嘟嘟》洗脑了？公安改编版《最怕赌毒》来了！！欢迎在下方留言评论NEWS来源 | 山城小警主编 | 樊瑞   编辑 | 刘强]]></content>
  <author><![CDATA[内蒙古晨报乌兰察布新闻]]></author>
  <time>2018-10-12 11:20:03</time>
  <account><![CDATA[nmgcbwlcbjzz]]></account>
</data>
