<data>
  <id><![CDATA[51112349]]></id>
  <url><![CDATA[https://mp.weixin.qq.com/s?timestamp=1539596484&src=3&ver=1&signature=Egrj350GoKY8-KUcIJshb7U88joHN4*LRj9q4jVA*nn5HSH8DnHW9sJatWAubANiqUItdW-5RMirB-eozpjen1nr4Hi5UuK3SjWiep*Vb47zZzacEOESt-sGMXMAs6ytjT8pHB2PbieCRC0fFhaUT37dwTIZSICMLKeASLU1yGw=]]></url>
  <title><![CDATA[好消息！针对今年降温较早情况，集宁区将提前供暖]]></title>
  <content><![CDATA[点击上方蓝字，免费订阅本报！内蒙古晨报全媒体平台消息（记者 朱子辰）连日来，乌兰察布市气温连续下降，最低温度已达零下5摄氏度，部分地区还迎来降雪。为了满足百姓生活需求，让居民住上暖屋子，乌兰察布市将提前供暖，把民生切实送到百姓身边。10月8日，家住集宁区巨德新城小区的住户刘晓军，下班回到家后，一进家门就感觉到屋子里暖和了不少，用手摸了摸家里暖气，往日里冰冷的暖气管道，已经有温热了。刘晓军高兴地告诉记者，前几天气温骤降，在家里穿上毛衣、棉裤都觉得冷，家里的老人孩子更是受不了。现在屋里供暖了，一进门感觉到热乎了，特别舒服。“我们小区每年都提前供暖，昨天晚上回到家就有温度了，室内温度能达到21℃，穿个薄衣服就可以了。”刘晓军说。记者从乌兰察布市住建委公用局了解到，根据气温持续下降的实际情况，从10月6日下午开始，集宁区各热力公司陆续开始点火烘炉，供热管提前预热。为了保证准时供热，不让老百姓受冻，各个热力企业提前一个多月做足了准备。一线运行人员着手抢抓有利时间、条件，夜以继日的忙碌着，对供热过程中所涉及到的设备逐一进行调试运行。“按规定每年是10月15日开始供热，今年供热前气温低，居民普遍反映家里冷，集宁区这几天部分小区就开始供热了，8日，部分小区供热，10日基本都能供热，15日之前全部供热。”乌兰察布市住建委公用局工作人员范勇告诉记者，“如果10月15日居民家里暖气仍然没有热度，可以拨打我们的投诉热线2252255进行投诉，我们的投诉电话将在10月15日正式启用。”据了解，集宁中心城区从2004年开始实施集中供热以来，发展到现在共有3家供热企业，分别为集宁热力公司、察哈尔热力公司和富磊热力公司。三家供热企业运行的热源厂有白泉山热源厂、普远热源厂、城乡统筹热源厂、华宁热电厂、京宁热电厂、桥西富磊热源厂、察哈尔热源厂。集宁中心城区集中供热覆盖率达到了95%以上。欢迎在下方留言评论NEWS来源 | 内蒙古晨报乌兰察布新闻主编 | 樊瑞   编辑 | 刘强]]></content>
  <author><![CDATA[内蒙古晨报乌兰察布新闻]]></author>
  <time>2018-10-10 16:58:48</time>
  <account><![CDATA[nmgcbwlcbjzz]]></account>
</data>
