<data>
  <id><![CDATA[51112349]]></id>
  <url><![CDATA[https://mp.weixin.qq.com/s?timestamp=1539596484&src=3&ver=1&signature=Egrj350GoKY8-KUcIJshb7U88joHN4*LRj9q4jVA*nn5HSH8DnHW9sJatWAubANiqUItdW-5RMirB-eozpjenycoIOSbVrQzIawCDO7UvuI6-DP6sv-NwX94VW*Tagyerekq12bUcftNObT*b7GSDoKgzafPAC4r9HOPNkD7aww=]]></url>
  <title><![CDATA[招聘，30名！]]></title>
  <content><![CDATA[点击上方蓝字，免费订阅本报！根据乌兰察布市交通运输资源开发集团有限公司（以下简称“交资集团”）2018年5月4日党政联席会议研究决定，公开招聘公路收费员30名，现将招聘有关事项公告如下：一、用工形式采用劳务派遣制，与第三方派遣公司签订合同。二、招聘原则坚持“公开、平等、竞争、择优”的原则。三、招聘计划1、男收费员24名2、女收费员6名四、报名条件1、品行端正，无违纪违法和不良行为记录。2、热爱交通运输事业，服从组织分配，能够坚持异地和野外艰苦环境工作。3、全日制大专及以上学历。4、乌兰察布户籍。5、年龄为22周岁以上，35周岁以下（1996年7月31之前，1983年7月31日之后出生）。6、相貌端正、体形均匀，女性身高1.58米以上，男性身高1.65米以上。7、身体健康，能够适应半军事化管理的要求。8、具有下列情形之一的人员不得报考：（1）受到刑事处罚或者涉嫌违法违纪未结案的。（2）曾被辞退或开除公职的。（3）法律规定其他不得录用的人员。五、薪酬及福利待遇1、收费员试用期工资标准每月2000元。2、收费员试用期满按公司薪酬管理办法重新核定工资。3、按照国家相关规定缴纳社会保险费（包括基本养老保险、基本医疗保险、工伤保险、失业保险、生育保险）。六、招聘方式本次招聘分为网上报名、现场资格审核、笔试、面试、体检、公示等步骤。综合成绩按7:3计算（综合成绩=笔试总成绩*70%+面试成绩*30%）。本次招聘相关信息均在乌兰察布人事人才网公布，请应聘人员及时关注。(一)网上报名1、报名时间：2018年10月 11日至10月14日17：30。2、网上初审、打印报名表时间：2018年10月11日至10月15日8：00。3、报名方式：报名人员需登录乌兰察布人事人才网（http://www.wlcbrsrc.org.cn/）,点击“乌兰察布市交通运输资源开发集团有限公司招聘专栏”进行网上报名。(二)现场资格审查1、资格审查时间：2018年10月15日8:30至10月16 日17:30。2、资格审查地点：乌兰察布市人力资源和社会保障局综合楼二楼大厅。3、网上初审合格的人员，需携带报名表、毕业证、学位证、身份证原件及复印件，学信网学籍在线验证报告进行现场资格审查。(三)笔试1、笔试内容：综合能力测试。笔试采用闭卷方式进行，考生必须用汉文作答。2、准考证打印时间：2018年10月18日9:00至2018年10月20日9:30。3、笔试时间:2018年10月20日上午9:00。4、笔试地点：详见准考证。(四)面试1、面试时间：2018年10月27日上午7:00。2、面试地点：另行通知。(五)体检1、体检时间另行通知，体检费用考生自付。2、体检地点：另行通知。3、体检项目和标准：参照《公务员录用体检通用标准（试行）》以及国家关于公务员体检的其他有关规定进行。4、因考生本人不参加体检、体检不合格、自动放弃等原因产生的职位空缺，按照综合成绩由高分到低分依次递补。体检不合格的不予聘用。(六)公示、聘用根据考试、体检结果，确定拟聘用人员名单并在乌兰察布人事人才网网站、微信公众号进行公示，公示期为7天。七、纪律和监督1、本次公开招聘工作实行回避制度。2、招聘工作期间，公司纪检监察室对招聘工作全程进行监督。邀请市交通运输局人事科、纪检监察室进行监督指导。3、对违反公开招聘纪律应聘人员，取消考试或聘用资格。4、对违反公开招聘纪律工作人员，视情节轻重按照有关规定追究责任。5、对报考人员的资格审查贯穿招考聘用工作全过程，任何阶段发现报考人员弄虚作假的，一经查实，即取消其相应资格。对违反规定的已受聘人员，一经查实，解除聘用合同，予以清退。6、监督举报和咨询电话：0474-8981994、8981982、0474-2253134。报名技术支持电话：0474-8150215  8150216乌兰察布市交通运输资源开发集团有限公司2018年10月8日欢迎在下方留言评论NEWS来源 | 乌兰察布市人才交流服务中心主编 | 樊瑞   编辑 | 刘强]]></content>
  <author><![CDATA[内蒙古晨报乌兰察布新闻]]></author>
  <time>2018-10-09 17:20:37</time>
  <account><![CDATA[nmgcbwlcbjzz]]></account>
</data>
