<data>
  <id><![CDATA[51112349]]></id>
  <url><![CDATA[https://mp.weixin.qq.com/s?timestamp=1539596484&src=3&ver=1&signature=Egrj350GoKY8-KUcIJshb7U88joHN4*LRj9q4jVA*nn5HSH8DnHW9sJatWAubANiqUItdW-5RMirB-eozpjenyEd0Fi6VJcnDnIUCBHDfD4ayaIohXD8SbqFhVKCH2LbMqhsqpzeB0o*bCmL5cLyxXLUzlag2StJK-5jhO83sPU=]]></url>
  <title><![CDATA[我们当前为什么遭受“打压”？看看这张图就明白了…]]></title>
  <content><![CDATA[点击上方蓝字，免费订阅本报！欢迎在下方留言评论NEWS来源 | 人民网图解新闻主编 | 樊瑞   编辑 | 刘强]]></content>
  <author><![CDATA[内蒙古晨报乌兰察布新闻]]></author>
  <time>2018-10-12 11:20:03</time>
  <account><![CDATA[nmgcbwlcbjzz]]></account>
</data>
