<data>
  <id><![CDATA[51112349]]></id>
  <url><![CDATA[https://mp.weixin.qq.com/s?timestamp=1539596484&src=3&ver=1&signature=Egrj350GoKY8-KUcIJshb7U88joHN4*LRj9q4jVA*nn5HSH8DnHW9sJatWAubANiqUItdW-5RMirB-eozpjen36IBcipDbTEn0-zcijNwTnHkXmyGOS-8uLa4ho9H-8OPL*9x7bXA-QJfExuamu0Kl-ueuuoBdz0QD6SMpRynzI=]]></url>
  <title><![CDATA[看看十一黄金周乌兰察布市人都在哪“嚯嚯”了几个亿！]]></title>
  <content><![CDATA[点击上方蓝字，免费订阅本报！大量游客来到林胡古塞内蒙古晨报全媒体平台消息（记者 王译净）“十一”黄金周，乌兰察布市文化和旅游活动丰富多彩，共接待各类游客82.8万人次，同比增长38%；实现旅游收入8.51亿元，同比增长35%。据统计，全市游客铁路抵达人数占总人数的比重达到12.5%，民航抵达人数占2.5%，公路（自驾游）抵达占85%。乌兰察布市旅游发展委员会表示，相比往年，皮革购物游、红色文化游、乡村休闲游呈上升趋势，自驾游仍然是主体。其中来我市的自驾游客源市场以北京、天津、张家口、大同、呼和浩特等地为主，停留时间以2—3天居多。观光景区内热闹非凡10月2日，秋景正浓的苏木山景区迎来了北京--乌兰察布旅游专列一行400多名游客，秋季的苏木山森林公园层林尽染，游客们纷纷拍照留念。10月的辉腾锡勒黄花沟草原旅游区，虽然已到了草原旅游的淡季，但金黄的草原、辽阔的草海、蔚蓝的天空以及永不停止转动的风车也让游客别有一番体会。此外，卓资县林胡古塞旅游区，今年新增了5D观光玻璃天桥，十足地吸引了周边地区游客的眼球，7天接待游客近7万人次。乌兰察布市旅游发展委员会市场科科长沈冬梅介绍，全市各级旅游部门对国庆假日旅游安全高度重视，认真部署假日旅游工作，始终把安全放在假日旅游的首位，确保了人员密集场所和大型群众性活动中没有发生任何旅游安全事件。市旅游执法支队还在节日期间对全市所有旅行社进行了安全隐患排查，对涉及虚假合同、超范围经营等违规行为进行了严厉查处，执法给力。旅游诚信体系建设稳步推进，文明旅游、诚信经营相得益彰。记者同时了解到，全市假日期间共接到投诉15起，正在处理当中。欢迎在下方留言评论NEWS来源 | 内蒙古晨报乌兰察布新闻主编 | 樊瑞   编辑 | 刘强]]></content>
  <author><![CDATA[内蒙古晨报乌兰察布新闻]]></author>
  <time>2018-10-08 10:58:45</time>
  <account><![CDATA[nmgcbwlcbjzz]]></account>
</data>
