<data>
  <id><![CDATA[51112349]]></id>
  <url><![CDATA[https://mp.weixin.qq.com/s?timestamp=1539596484&src=3&ver=1&signature=Egrj350GoKY8-KUcIJshb7U88joHN4*LRj9q4jVA*nn5HSH8DnHW9sJatWAubANiqUItdW-5RMirB-eozpjenxebipWkypgc3tf7xy9aGJ6IEtJ-CGZCJ21zQROD-4cUQMB7EceIGtDn4vnBbOOuEnfrj07wHfZQ3uUi-coSbPk=]]></url>
  <title><![CDATA[关于国庆假期延长至10号的通知]]></title>
  <content><![CDATA[点击上方蓝字，免费订阅本报！看标题进来的吧？那小编不得不说……这是不可能的别生气，别生气其实我们的假期真的到今天就结束啦小编不是想逗你玩只是想严肃地告诉你虽然欢乐的假期过得很快很快但是还有那样一群人他们根本没有休息啊今天就是为他们点赞的日子他们是谁？我们一起来看！环卫工人我们的放假时间就是他们最辛苦的时间，我们在游玩他们却在背后清理我们游玩时丢的垃圾，这就是环卫工人们的“假期”日常。每个城市起的最早的就是他们，太阳还没有照亮的时候，他们已经开始忙忙碌碌的去清扫大街。然而一天的忙碌下来，他们也是城市中最晚离开的。在国庆假期中，他们依然坚守岗位，为大家带来干净又美丽的城市。快递、外卖员在国庆中游玩的你，会发现在忙忙碌碌的路上，都是骑着小摩托的外卖或快递小哥，即便大家都在放假中，他们还是继续把热乎乎的食物或邮件送到你家。他们终日奔波在城市的每个角落，电话不离耳，腿脚不停歇，只为将东西及时、无损地送到收件人手中。每当你们收到快递或外卖时，有没有注意到他们正大汗淋漓？警察对于警察来说，“国庆”意味着忙碌。除了负责安保工作的警察，最辛苦的莫过于交警。扬手、查车、提醒、叮嘱……一位高速交警这样的动作每天要重复数千次。在我们返乡路上，每一条路上，都有这样的一群人，坚毅而执着地守护着。对于交警们来说，“假期”就是应对高速公路的拥堵、酒后驾车等交通违法行为打交道。饭店服务员对于中秋、国庆这样的假期，大大小小的酒楼毫无意外的生意爆满，可是你几乎没有注意到，那些满场奔跑、身影来回穿梭的服务员。在同一时段内服务4张桌子的几十名客人，无论是添茶倒水还是上菜端汤，她们都要一路小跑。希望在你催促上菜时，能对服务员多一些耐心。客运客运、铁路、公交车等等，越到节日就是他们最忙的时候。问到“国庆怎样排班？”他们回答：“跟平时一样，正常上班，我们司机没有假期。”他们在同样的一条线路上来来回回跑上十趟，每天工作近十个小时。铁打的风景，流水的乘客就是他们一天的交际。公路收费员国庆假期，高速免费。但在你一晃而过的收费站口，仍然能看到这样一群人在坚守着自己的岗位，为过往车辆和驾驶员们提供免费开水、路况信息等出行服务。国庆假期，就算不收费，他们也要上班。医护人员每个城市中的大小医院，医生和护士都是在抢救的第一线上，每年的小长假中，他们都没有休息过。每到节假日，深夜里急救车的声响总是比平日更频繁。他们的生活没有规律可言，随时待命。即便在家短暂的休息，但只要接到医院的电话，都会第一时间去往医院，抢救伤员。边防官兵都说军人是“舍得小家为大家，一家不圆万家圆”的崇高职业。国庆节来临，驻守祖国国门的边防检查站官兵正坚守岗位、忠实履职，全心守护着国门安全与边境稳定，以自己的独特方式为新中国生日献礼。夜色已深，华灯初上，边防检查站的官兵还不能真正的休息。在深沉的夜幕下，他们仍坚守在各自的哨位上，默默等待着下一个黎明的到来。编辑记者国庆期间打开电视，没有一家电视台打出“暂无节目内容”的字幕；你买了几份报纸，很多晚报、日报并未停刊；如果你点开各大网站，会发现新闻一直在更新。你打开微信，会发现某个公众号弹出最新消息。新闻记者等媒体工作人员没有节假日，却为大家带来了假期中“第一手”新闻。除了小编提到的以上职业还有很多人坚守一线比如导游供水供电工人……生活中总少不了这些人他们的职业很平凡他们的贡献很卓越他们坚守在工作岗位守护我们的日常生活因为有他们我们的生活才更显珍贵还有最最重要的岗位没说那就是全年无休的↓↓↓↓↓爸爸妈妈这么快，奔波的我们又要陆续，回到学校和工作岗位上，在家张罗了几天饭菜的父母，依依不舍地送走了儿女，儿女心里有不忍，但又无可奈何……岁月的流逝以让留在家里的父母身上留下深深的痕迹，他们身体一年不如一年，白发一年比一年多，树欲静而风不止，子欲养而亲不待。就好好珍惜和父母在一起的时光吧。今天我们不舍假期但是因为有了他们我们才能有这完美假期所以说一声“谢谢”所以道一句“辛苦”欢迎在下方留言评论NEWS来源 | 人民日报 共青团中央 央视新闻主编 | 樊瑞   编辑 | 刘强]]></content>
  <author><![CDATA[内蒙古晨报乌兰察布新闻]]></author>
  <time>2018-10-07 14:54:46</time>
  <account><![CDATA[nmgcbwlcbjzz]]></account>
</data>
