<data>
  <id><![CDATA[51112349]]></id>
  <url><![CDATA[https://mp.weixin.qq.com/s?timestamp=1539596484&src=3&ver=1&signature=Egrj350GoKY8-KUcIJshb7U88joHN4*LRj9q4jVA*nn5HSH8DnHW9sJatWAubANiqUItdW-5RMirB-eozpjen5XF60cV-DeSWPTUHlbzi113-FcpJASrcIkKt7qSNTstn2ZqAPyqKFtpRFAwz5UJS658idYM6jQWXjY9YrFkvvU=]]></url>
  <title><![CDATA[注意！内蒙古正在缉拿此人]]></title>
  <content><![CDATA[点击上方蓝字，免费订阅本报！悬赏通告犯罪嫌疑人张宝全近日，内蒙古公安机关正在侦办一起黑社会性质组织犯罪案件，犯罪嫌疑人张宝全系该组织重要成员，现在逃。张宝全，男，蒙古族，1964年10月17日出生，身份证号150203196410170919，户籍地：内蒙古自治区包头市昆都仑区友谊大街20号街坊9栋3号，现住内蒙古自治区包头市昆都仑区欧风丽景小区13栋2单元1101室。该人身高166厘米左右，圆形脸，双下巴，短发，体态壮硕，内蒙古包头口音。凡提供线索直接抓获犯罪嫌疑人者奖励现金50000元，公安机关保护举报人的安全，并对举报人信息严格保密；对打击报复举报人的，依法从严惩处；对隐瞒、包庇、容留在逃人员以及为其提供便利条件的，一经查实一律依法追究。公安机关敦促在逃人员，尽早主动投案自首，争取从宽处理。联系人：张警官（18504788884）；王警官（15049818882）2018年10月2日欢迎在下方留言评论NEWS来源 | 平安驿站主编 | 樊瑞   编辑 | 刘强]]></content>
  <author><![CDATA[内蒙古晨报乌兰察布新闻]]></author>
  <time>2018-10-06 11:02:12</time>
  <account><![CDATA[nmgcbwlcbjzz]]></account>
</data>
