<data>
  <id><![CDATA[51112349]]></id>
  <url><![CDATA[https://mp.weixin.qq.com/s?timestamp=1539596484&src=3&ver=1&signature=Egrj350GoKY8-KUcIJshb7U88joHN4*LRj9q4jVA*nn5HSH8DnHW9sJatWAubANiqUItdW-5RMirB-eozpjenycoIOSbVrQzIawCDO7UvuLve6Zv6hKxhlSyv38UY35z*tdoloy9t19z4344gy5kyRBpCWYTOh6553M1DLXUAvs=]]></url>
  <title><![CDATA[最新全国百强榜单出炉！内蒙古这些地方上榜！]]></title>
  <content><![CDATA[点击上方蓝字，免费订阅本报！10月8日，2018年中国中小城市科学发展指数研究成果报告发布，报告从多个维度出发，对中小城市综合实力指数、绿色发展指数、投资潜力指数、科技创新指数、新型城镇化质量指数进行了系统研究与评价，评选出了2018年度全国综合实力百强县市、区，投资潜力百强县市、区等11大榜单。内蒙古这几个地方上榜啦！一起来看↓↓↓2018年度全国综合实力百强县市2018年度全国综合实力百强区2018年度全国绿色发展百强县市2018年度全国绿色发展百强区2018年度全国投资潜力百强县市2018年底全国投资潜力百强区欢迎在下方留言评论NEWS来源 | 人民日报微信公众号主编 | 樊瑞   编辑 | 刘强]]></content>
  <author><![CDATA[内蒙古晨报乌兰察布新闻]]></author>
  <time>2018-10-09 17:20:37</time>
  <account><![CDATA[nmgcbwlcbjzz]]></account>
</data>
