<data>
  <id><![CDATA[51112349]]></id>
  <url><![CDATA[https://mp.weixin.qq.com/s?timestamp=1539596484&src=3&ver=1&signature=Egrj350GoKY8-KUcIJshb7U88joHN4*LRj9q4jVA*nn5HSH8DnHW9sJatWAubANiqUItdW-5RMirB-eozpjen5XF60cV-DeSWPTUHlbzi12H-7Y*tGVA2o9zqnmNPsWkcJN9xvK5i*xlEoL8*iJv8WA9UQ-g88tDy3wCy77L8Xk=]]></url>
  <title><![CDATA[残忍！内蒙古公安侦破一起杀人碎尸案]]></title>
  <content><![CDATA[点击上方蓝字，免费订阅本报！内蒙古晨报全媒体平台消息（记者陈秀俊）昨日，内蒙古晨报全媒体记者从元宝山区公安局了解到，国庆节期间，赤峰公安43小时侦破一起杀人碎尸案，犯罪嫌疑人聂某落网。通讯员欧海波摄影接报后，分局高度重视，立即启动重特大警情应急联动机制，在向可疑男子乘坐车辆驾驶员进一步核实情况的基础上，在市公安局的大力支持下，及时延伸视线，查询轨迹，快速定位。合成作战成员单位与辖区派出所联合行动，第一时间确定了嫌疑人身份和去向，并于当日23时许，在嫌疑家中将其控制。但此时可疑拉杆箱已经不知去向，嫌疑人也矢口否认其携带拉杆箱。本着对每一条线索负责的态度，民警对嫌疑人家中进行了勘察，发现其院内三轮车下有拖拽拉杆箱的痕迹，加之对嫌疑人轨迹监控视频分析，确认嫌疑人曾携带一只很重的拉杆箱，证明了嫌疑人在说谎。犯罪嫌疑人聂某落网赤峰市元宝山区公安分局刑警大队、警犬训练中心连夜对嫌疑人家周边开展勘察，寻找不见的拉杆箱。10月3日6时许，经警犬示警，民警在嫌疑人家附近一处坟地搜寻到可疑拉杆箱，经嫌疑人乘坐车辆司机辨认，确认为嫌疑人携带的拉杆箱。经对拉杆箱进行检查，发现箱内有疑似人体组织一块，盛有血水的塑料袋若干。民警还在拉杆箱内发现了小颗粒状疑似人体组织，经过分析，民警认判断这极有可能是一起杀人碎尸案件。警情就是命令，刑警大队立即召回了休十一长假的民警，全体参加到案件侦破工作中。民警分兵多路开展现场勘察、尸体搜寻、血样采集、DNA送检、物证提取、视频侦查、证据固定、外围调查和讯问攻坚等工作。嫌疑人承认杀人分尸罪行10月3日下午，经审讯攻坚，犯罪嫌疑人承认了杀人分尸的犯罪事实，并供述第一现场在红山区某公寓，同时供述了抛尸位置。通讯员欧海波摄影欢迎在下方留言评论NEWS来源 | 内蒙古晨报主编 | 樊瑞   编辑 | 刘强]]></content>
  <author><![CDATA[内蒙古晨报乌兰察布新闻]]></author>
  <time>2018-10-06 11:02:12</time>
  <account><![CDATA[nmgcbwlcbjzz]]></account>
</data>
