<data>
  <id><![CDATA[51112349]]></id>
  <url><![CDATA[https://mp.weixin.qq.com/s?timestamp=1539596484&src=3&ver=1&signature=Egrj350GoKY8-KUcIJshb7U88joHN4*LRj9q4jVA*nn5HSH8DnHW9sJatWAubANiqUItdW-5RMirB-eozpjen36IBcipDbTEn0-zcijNwTnRCyip*WRXO*wPjQXYvcdYLupDDr6r69DbN8pIpwOPlZuZ45AtiFqcDVtzKmt0iuo=]]></url>
  <title><![CDATA[创城故事：用脚步丈量街道用双手改变城市—记集宁区修桥补路的“熊猫”大侠田学军]]></title>
  <content><![CDATA[点击上方蓝字，免费订阅本报！田学军在施工现场内蒙古晨报全媒体平台（记者 王译净 实习生 侍文新 李晶晶）文明如水，润物无声。近年来，乌兰察布市委、市政府提出创建文明城市的号召并积极付出行动，成绩显著。这其中离不开各个岗位上辛勤付出的工作人员，田学军就是其中一员。参加市政工作二十年来，他从一个二十多岁的小伙子到现在不惑之年，踏踏实实的工作作风，认真负责的工作态度，深深赢得了领导和同事们的认可、百姓的称赞。他从集宁区市政管理所综合养护厂一名普通的工人做起，到副厂长、厂长，直至现在的副主任，一路走来，一条条主次干道和背街小巷记录了他奋斗的足迹，他一直都在用脚步丈量街道、用双手改变城市。修桥补路造福百姓1997年，田学军一上班就被安排在集宁区市政管理所综合养护厂工作，这里承担着集宁旧城区内所有道路、桥梁的养护、维修任务，工作任务多，人员少。他从一名普普通通的养护管理工人做起，每天负责熬油、拌沥青，干着最苦、最累的活。但是他不光不觉得累，还热情高涨，总能把手里的活提早完工，还要帮助其他同事。“那会年轻，刚参加工作劲头特别高，总想干出点样子来。”田学军回忆说。凭着这份任劳任怨、干劲十足，没几年，田学军就从普通的养护工人升职为养护厂厂长。当了厂长后，他每天早晨天不亮就起床，安排一天的工作。从人员安排，到车辆机械的调度，每个细节都安排周全。他笑一笑说，其实也没什么，就是别人不愿意干的活儿我多干点，身体力行，把道路修建平整，把设施完善好，为百姓谋福利，虽然会累，会苦，但是我很欣慰，也很骄傲，因为家里的老人常说，修桥补路是造福百姓的好事，这话我一直都记在心上。“熊猫”大侠的产生随着城市发展，集宁区城区面积不断扩大，管理与养护面积也逐年扩大，他们的工作量不断增加。田学军讲述，有时遇到应急性、临时性抢修任务，往往是刚刚回到家，连饭都顾不上吃，又得赶着奔向施工现场。市政道路维修、应急抢险大都在道路上进行，为了不影响广大市民正常生产、出行，白天停工，夜间赶工是经常的事，有时甚至是进行昼夜连续的工作。特别是施工作业在人员、车辆密集的场所进行，安全责任，安全生产事关重大，作为施工现场第一责任人，田学军深感责任重大。每一次施工，无论从施工人员到机械、车辆的操作，施工现场的安全防护措施，警示标志的设立等，他都一一安排布置到位。遇到多个地方同时开工的情况时，他更是忙到分身乏术。记者观察到，40岁的田学军有着一双“熊猫眼”，对此他颇有几分自豪地说：“黑眼圈可是我们市政人的标配。”创建国家卫生城市“先进个人”自从市委、市政府提出“五城联创”的工作号召，全市上下都齐心协力投入到这一惠及百姓的工作中。市政管理基础设施建设、维护提到主要日程，成为“创城”工作的重要内容之一。广大老百姓看在眼里，也急切期待城市日新月异的变化。田学军作为一名“创城”直接参与者，各种抢险和急性任务非常多。多年来，为了完成上级部门交给的艰巨工作任务，他和同事们几乎是每年从年初忙到年末。初见田学军，他装扮朴实，一身工作服、一双运动鞋。他的同事们都说，办公室里很难看到他的身影，他不是在施工现场就是去往施工现场的路上。“我们没有八小时工作制，没有双休日、节假日。我是一名党员，想要带领大家伙一起干，首先自己就得冲在前头。”曾几次获得优秀共产党员称号的田学军如是说。“创城”工作并非一蹴而就，这期间难免会遇到困难。令田学军同志印象深刻的是2017年桥西西大院的改造工作。当时正值雨季，田学军带领着施工队在挖污水沟，由于沟比较深，当地居民担心自己的房子会受到波及，因此对改造工作十分抗拒。当时时间紧任务重，可施工队不得不停下来。就在这时，一位老大爷披上雨衣，穿上雨鞋，和田学军一起挨家挨户的给周围邻居做思想工作。最后群众的工作做通了，路也修好了。四横四纵，全部都是十米宽的水泥混凝土路，加上桥西街道办事处把房子全部美化，整个大院焕然一新。此处的居民将这一切的变化看在眼里、记在心上，直夸田学军为民办了一件大好事、大实事。田学军却说：“都是党和政府的功劳，也少不了老大爷的鼎力相助。”2017年，市委、市政府又授予他创建国家卫生城市“先进个人”的称号。谈到城市变化时，田学军感慨地说：“简直是翻天覆地的变化，道路、交通、人文等各个方面都飞速发展，作为从事市政工作的我们为城市发展出力，看着主次干道越来越宽阔平整，背街小巷平整小路直通百姓家，特别有成就感。”对于未来的工作规划，田学军语气坚定地说：“未来，我们的工作不仅要面面俱到，更要关注到每一个点。工作成果不求多，但求精、求细。为老百姓提供便利的出行环境，是我们工作的重中之重，我有信心做的更好。”记者手记：在城市发展过程中，正是因为各行各业里有许多“田学军”，他们脚踏实地地干出很多不平凡的业绩，使我们的城市更美，人民更幸福！欢迎在下方留言评论NEWS来源 | 内蒙古晨报乌兰察布新闻主编 | 樊瑞   编辑 | 刘强]]></content>
  <author><![CDATA[内蒙古晨报乌兰察布新闻]]></author>
  <time>2018-10-08 10:58:45</time>
  <account><![CDATA[nmgcbwlcbjzz]]></account>
</data>
