<data>
  <id><![CDATA[51112349]]></id>
  <url><![CDATA[https://mp.weixin.qq.com/s?timestamp=1539596484&src=3&ver=1&signature=Egrj350GoKY8-KUcIJshb7U88joHN4*LRj9q4jVA*nn5HSH8DnHW9sJatWAubANiqUItdW-5RMirB-eozpjen5iB3nWJGuRVftsamQHL5JiZmYXSezBx*JiET27X9b*2wjhMn-nGw2INQvy-Af5KC5upvgzo9LUFojZ4aorYcac=]]></url>
  <title><![CDATA[沙发脏了不用拆不用洗，这样做比洗还干净！]]></title>
  <content><![CDATA[点击上方蓝字，免费订阅本报！沙发容易积灰还难拆洗，也容易滋生大量螨虫，其实清洁起来没想象中麻烦。用个小方法，让沙发焕然一新！布艺沙发教大家用到一个清洁的小帮手——棍子！只要用这根棍子，配合着75％浓度的酒精和一块干净的抹布，就可以轻松把沙发打扫干净。1首先把酒精倒进喷瓶里，喷在抹布上。75％浓度的酒精刚刚好用来消毒杀菌，一般药店就能买到。2均匀喷湿抹布后，将抹布平铺在沙发上。3然后用棍子不停敲打抹布。4把抹布翻过来，原本干净的抹布上全是灰尘！原理原理很简单，就是通过敲打，让沙发里的灰尘弹出来。而蹦出来的灰尘，又吸附在了酒精打湿的抹布上。如果你家的布沙发还可以拆卸的话，那么也可以用同样的方法来干洗沙发里面的丝绵。清理沙发缝隙1像沙发缝隙这些没办法擦到的地方，我们可以戴上棉手套，在手套上喷一些浓度为75％的酒精。2把手伸进缝隙里，来回转动，里面的灰尘、头发等细小的脏东西也被带出来了！沙发是居家用品中仅次于床垫的螨虫最大寄生场所。每个月用这种方法清洁一次，消毒杀菌，家人安心！绒面沙发软绵绵的绒面沙发，一不注意也容易积攒很多灰尘。其实清洗也不难，只需要准备好酒精，干海绵，和一把毛刷就可以了。1酒精浓度依旧用75%的即可，把海绵喷湿，稍微硬一点的海绵会更好擦洗哦。2像圆珠笔痕迹，或者蹭到的污渍，都可以用硬海绵擦洗干净。3擦完后等酒精挥发完，用毛刷把沙发绒面刷平整。4这样清洗完，沙发变回干净，和新买的一样！皮革沙发时间长了，皮质沙发的皮革会变得暗沉没有亮度，而只要一块香蕉皮，就可以恢复皮革的光泽！除了皮沙发，皮包、皮鞋都可以用到。擦完后用干净的抹布把香蕉的残余物清理干净就可以啦。提示如果家里是比较贵重的真皮沙发，最好就用专用的皮革清洗液了。清洗完后家里过期的乳液护手霜等都可以用来当沙发的保养剂哦。木质沙发木质的沙发你肯定觉得直接拿水擦一擦就好了，但其实只要再加点这个，你可以把它擦得更加光亮如新。这里说的就是茶叶啦！用茶水擦洗木质家具，能够去除污渍，不仅干净还能让木家具重新变得光亮哦。除了木质家具，地板也可以用茶水去拖地，不仅擦得亮晶晶，还有茶叶的清香呢。欢迎在下方留言评论NEWS来源 | 有品生活主编 | 樊瑞   编辑 | 刘强]]></content>
  <author><![CDATA[内蒙古晨报乌兰察布新闻]]></author>
  <time>2018-09-29 15:44:33</time>
  <account><![CDATA[nmgcbwlcbjzz]]></account>
</data>
