<data>
  <id><![CDATA[51112349]]></id>
  <url><![CDATA[https://mp.weixin.qq.com/s?timestamp=1539596484&src=3&ver=1&signature=Egrj350GoKY8-KUcIJshb7U88joHN4*LRj9q4jVA*nn5HSH8DnHW9sJatWAubANiqUItdW-5RMirB-eozpjen8HIDWompVqwvm6nPPcq2mzis-N3FxNe6KyVQ8j2ixi3RGh*hLXGR2HNBuY3Qik29v2p0DosOYIzNQwiICAFBZA=]]></url>
  <title><![CDATA[“工银普惠行”主题活动启动工商银行乌兰察布分行积极学习]]></title>
  <content><![CDATA[点击上方蓝字，免费订阅本报！内蒙古晨报全媒体平台消息（记者 王译净  实习生 侍文新）9月26日，中国工商银行“工银普惠行”主题活动启动会在京举办，此次启动会通过视频形式同步至全国各地市分行，工商银行乌兰察布分行行长、党委书记薛岭、副行长薛培富、樊海林及相关业务部室负责人与来自该市的十多家中小型企业代表参加了此次视频启动会。据了解，此次活动旨在进一步打造“广覆盖、多层次、高效率、可持续”的普惠金融体系，推动小微金融增量、扩面、平价，动员全行分支机构广泛开展小微金融“三联动” “三走进”活动，进一步聚合更多力量共建普惠金融生态圈。启动会上，工商银行董事长易会满表示，发展普惠金融既是商业银行的大局和责任，也是市场和机遇；既是服务本源的体现，也是战略转型的方向。此次接力启动“工银普惠行”，就是希望在推出全新小微金融产品体系的基础上，进一步聚合更多力量共建普惠金融生态圈，以新理念、新技术、新金融，更好地助力普惠、服务小微。视频会议结束后，工商银行乌兰察布分行行长薛岭说:“当前在新形势下，工商银行不仅要做好自己的事情，更要服务好我们的客户、服务好我们企业，与企业共同面对新形势、新挑战。具体到乌兰察布分行，我们下一步，将按照市委、政府的安排部署，以及总工行推出的一系列产品，做好对中小型企业的支持，尽到我们工商银行应尽的社会责任。”欢迎在下方留言评论NEWS来源 | 内蒙古晨报乌兰察布新闻主编 | 樊瑞   编辑 | 刘强]]></content>
  <author><![CDATA[内蒙古晨报乌兰察布新闻]]></author>
  <time>2018-09-28 15:08:17</time>
  <account><![CDATA[nmgcbwlcbjzz]]></account>
</data>
