<data>
  <id><![CDATA[51112349]]></id>
  <url><![CDATA[https://mp.weixin.qq.com/s?timestamp=1539596484&src=3&ver=1&signature=Egrj350GoKY8-KUcIJshb7U88joHN4*LRj9q4jVA*nn5HSH8DnHW9sJatWAubANiqUItdW-5RMirB-eozpjen7sOzwYKs*F-kWmnL2GcV3MZccqp34sg42BNhqx5fTUUB6TcXQe-X9xp1XWh6KGKI54dDDmAUez5QZCA9hzBHrY=]]></url>
  <title><![CDATA[大型电视连续剧《国家的孩子》在四子王旗开拍]]></title>
  <content><![CDATA[点击上方蓝字，免费订阅本报！在辽阔的杜尔伯特草原上，有一位善良质朴的蒙古族老阿妈——都贵玛，她的感人事迹被人们广泛传颂着……她是杜尔伯特草原上的英雄母亲，她没有做出惊天动地的大事，却在平凡的奉献中感动了无数人。她就是都贵玛。1942年，都贵玛出生于内蒙古乌兰察布市四子王旗脑木更苏木。19岁时，她克服了常人难以想象的困难，抚养了28名南方孤儿。如今，古稀之年的都贵玛安度晚年，享受着一个母亲的天伦之乐。视羊儿如小孩儿日常的平凡生活2008年，四子王旗政府赠送了都贵玛一套75平方米的楼房。至此，都贵玛夏天在草原上牧羊、拾粪、挤奶，冬天则住在温暖的楼房里。都贵玛一生收养了28个孩子，老人说她是幸福的，她希望孩子们过得幸福。第二篇章：讲述CCTV—1欢乐中国人斯琴高娃深情讲述国家的孩子你知道吗在蒙语中有一个美丽的词语“额吉”译成汉语是“妈妈”的意思因为自然灾害他们从南方的孤儿院被送到内蒙古内蒙古成为了他们的第二个故乡大草原给了他们一个温暖的家他们被称为“国家的孩子”被草原母亲收养的孤儿们上世纪60年代周恩来总理致电时任内蒙古自治区党委书记、政府主席乌兰夫希望支援一些奶粉提供给这些南方的孤儿们可奶粉只能解燃眉之急但孩子们以后怎么办乌兰夫坚定地向周总理许下承诺把孩子接到内蒙古草原送给牧民来抚养保证“接一个 壮一个”国家的孩子刚刚抵达草原在祖国最需要的时候草原人民敞开胸怀三千孤儿登上前往内蒙古大草原的列车孩子们的一声“额吉”就是他们最大的幸福为了让孩子们尽快适应草原生活对身体较为虚弱的孩子内蒙古自治区政府并没有安排牧民立刻收养他们而是让他们在保育院居住让他们适应环境、调养身体国家的孩子开始在内蒙古大草原生活孩子们刚来到草原年小体弱水土不服孩子们的状况急坏了年仅19岁的保育员都贵玛19岁的都贵玛一个19岁的未婚姑娘牢记对周总理“接一个，壮一个”的承诺陆续照顾28个孤儿担当起了临时妈妈从喂奶 喂饭到护理孩子拉屎撒尿都贵玛用那双勤劳稚嫩的双手将孩子们从头到脚收拾得干净利索年轻的都贵玛和国家的孩子一有孩子生病不论什么时候不管外面天气如何恶劣都贵玛都会跳上马背到医院去人们常常见到年轻的她在深夜里骑着马冒着凛冽的寒风和被草原饿狼围堵的危险奔波几十里去找医生这群来自南方的孩子们熬过了草原上的风霜抗住了北方的寒冬一个个都长得结结实实健健康康的“接一个，壮一个”草原额吉们用自己的大爱践行了对周总理的承诺草原母亲都贵玛 新华社 任军川 摄最终由都贵玛照顾的28名南方孤儿全部被当地的牧民领养都贵玛才离开这个临时托儿所她说被孩子们叫一声“额吉”就是最大的幸福她说我从心里爱他们也真心感谢他们让我体会到了做母亲的快乐都贵玛和他曾抚养过的扎拉嘎木吉在翻看老照片 新华社 邓华 摄都贵玛也是孤儿她也曾经体会过孤独的感觉如今28个孩子早已经成家立业有了后代她有了一个上百人多民族的大家庭她不是哪一个孩子的额吉而是草原上国家孩子们的额吉为了抚育6个孩子草原额吉张凤仙终身未育哈音哈尔瓦公社卫生院33岁的护理员张凤仙一看到6个孩子就打心眼里喜欢虽然生活压力很大但和丈夫慎重商议后还是一咬牙领养了这些孩子还未生育的她一下子就成了6个孩子的额吉有一次因为特大暴风雪交通中断粮食无法送达为了不让孩子们饿着张凤仙顶着刺骨寒风 徒步百余里在这种情况下她还是为孩子们背回了粮食哪怕是晕倒再醒过来只是拍拍身上的雪也要继续前行没有为什么因为他们是国家的孩子左起：高娃、党玉宝、其木格、黄志刚、毛世勇、巴特尔为了让他们接受正规教育张凤仙省吃俭用、创造条件让六个孩子都读了书没有为什么因为他们是国家的孩子参加工作后的六兄妹前排左起：高娃、其木格、后排左起：毛世勇、黄志刚、巴特尔、党玉宝孩子们个个有出息大哥巴特尔考进了南京气象学院二哥黄志刚在当地物资局当采购员老三党玉宝老四毛世勇参了军五妹其木格当了邮电局话务员小妹高娃考进了南开大学孩子们长大后全部都选择回到草原成为了草原的建设者张凤仙一家全家福1991年张凤仙弥留之际将老大巴特尔拉到身边对他说我还是希望你们回南方找找自己的亲生父母巴特尔紧紧握着额吉的手含泪说道我们不找了草原就是我们的家你就是我们的母亲这个故事值得全国人民知道2017年8月7日中央电视台《新闻联播》栏目以风从草原来：守望相助团结创造美好生活为题播出了草原额吉和国家的孩子的故事半个世纪过去了当年许多收养南方孤儿的草原额吉都已经去世了但这些孩子们扎根草原报答着草原母亲的养育之恩也为草原的建设倾尽全力演绎了一幕幕真实而动人的中国故事斯琴高娃老师动情地说一个母亲收养一个孤儿叫做善良一个草原收养了三千孤儿应当说是一个民族的博爱三千“国家的孩子”与草原“额吉”共同书写了一个超越地域、血缘、民族的传奇故事第三篇章：骄傲2018年9月 大型电视连续剧《国家的孩子》在四子王旗开拍这是一部野心勃勃的剧，从1960年写到2010年，五十年的跨度纵贯内蒙古自治区历史上最重要的几个阶段。这是一部表现内蒙古发展史，民族团结史，改革开放史的史剧；这是一部展现责任担当，家国情怀的正剧；这是一部反映个人命运与国家气运相关的大剧。剧情由四个“国家孩子”的命运展开，两男两女，年龄相近，其中一对是兄妹，另外两人与他们兄妹有着难以割舍的情感关系，四个孩子有四个蒙古族养父母，虽然有着不同个性和不同地位，但共同之处就是他们对这些孤儿的情感，也可以说这部剧的核心是民族融合，人与人的融合，媒介就是内蒙古人民广袤深厚无私的爱，四个“国家孩子”在内蒙古长达五十年的人生经历会让人们相信，所谓：苍穹下，血脉和，大爱无疆。欢迎在下方留言评论NEWS来源 | 活力四子王旗主编 | 樊瑞   编辑 | 刘强]]></content>
  <author><![CDATA[内蒙古晨报乌兰察布新闻]]></author>
  <time>2018-10-15 10:59:57</time>
  <account><![CDATA[nmgcbwlcbjzz]]></account>
</data>
