<data>
  <id><![CDATA[51112349]]></id>
  <url><![CDATA[https://mp.weixin.qq.com/s?timestamp=1539596484&src=3&ver=1&signature=Egrj350GoKY8-KUcIJshb7U88joHN4*LRj9q4jVA*nn5HSH8DnHW9sJatWAubANiqUItdW-5RMirB-eozpjen5XF60cV-DeSWPTUHlbzi13Z-A8WNC*3CHfAnCV5A6d00c1WnwIXEWsRgntMfCl0CwE26wkdbB02er4xFxnlYaE=]]></url>
  <title><![CDATA[乌兰察布的亲们，还沉浸在放假的喜悦中？有几个坏消息先了解一下......]]></title>
  <content><![CDATA[点击上方蓝字，免费订阅本报！据说大家都沉浸在放假的喜悦中？小编实在是不忍心打击大家但是这些坏消息迟早是要知道的！那就……现在先了解一下吧~↓↓↓过完国庆，2018年再也没有假期了一定要好好珍惜这几天因为这是2018年最后一个法定节假日了之后就要连上3个月的班才能熬到明年元旦！大家可以彻底收心了！返程高峰即将到来目前看10月3日-4日全国路网车流量总体仍呈高位运行状态据交通部预测10月5日-7日将出现返程集中6日达到返程高峰即将开车返程的注意啦可以提前做好规划准备点“干粮”尽量避免拥堵路段和拥堵时段油价已上涨10月1日起油价迎来年内第“十二涨”！全国平均来看92号汽油每升上调0.19元95号汽油每升上调0.20元0号柴油每升上调0.20元给您算笔账按一般家用汽车油箱50L容量估测加满一箱92号汽油将多花约9.5元9块9的电影票或许没有了“十一”之后看电影可能要多花钱了据媒体报道从10月1日起有关部门将取消第三方和影院自有渠道的线上票补如此意味着9.9元、19.9元的票价或将消失自2014年开始影响电影市场的线上票补手段成为历史你的钱包被掏空了吗？自从“十一”长假的第一天开始钱包“厚度”就在发生明显变化结婚礼金、假日旅游、回家探亲……每一项都是不小的花销“花钱一时爽”“假期结束就要吃土”！还有网友调侃9月份的工资都给了国庆结婚的你的钱包还“好”吗？又要长胖了钱包是空了，但身体却胖了秋季是一个进补的季节是一个穷凶极“饿”的季节！这个国庆这里赶饭局，那里赶酒席吃火锅！吃自助！吃西餐……这样下去，只有一个结果夏天减下去的肉这个秋天肯定又要胖！回！来！不过，假期还有2天，大家“且过且开心”~欢迎在下方留言评论NEWS来源 | 内蒙古晨报乌兰察布新闻综合工人日报主编 | 樊瑞   编辑 | 刘强]]></content>
  <author><![CDATA[内蒙古晨报乌兰察布新闻]]></author>
  <time>2018-10-06 11:02:12</time>
  <account><![CDATA[nmgcbwlcbjzz]]></account>
</data>
