<data>
  <id><![CDATA[51112349]]></id>
  <url><![CDATA[https://mp.weixin.qq.com/s?timestamp=1539596484&src=3&ver=1&signature=Egrj350GoKY8-KUcIJshb7U88joHN4*LRj9q4jVA*nn5HSH8DnHW9sJatWAubANiqUItdW-5RMirB-eozpjen36IBcipDbTEn0-zcijNwTn7umgJUDRSwXMjAwJEqo3csCtuNoqM9kt3pC6-gb4bW*1XXCHVHy*nNJOcJVzq10w=]]></url>
  <title><![CDATA[内蒙古一宣传部长酒驾肇事被双开　造成3人死亡]]></title>
  <content><![CDATA[点击上方蓝字，免费订阅本报！2日，内蒙古自治区通辽市委宣传部微信公众号发布消息称，通辽市科左中旗旗委常委、宣传部长韩白乙拉被双开。来源：通辽发布9月29日下午，韩白乙拉在通辽市驾驶小轿车与环卫电动三轮车发生交通事故，造成2人当场死亡，1人受重伤，后经抢救无效死亡。事故发生后，韩白乙拉因酒后危险驾驶造成人员伤亡被公安机关刑事拘留。9月30日，通辽市委依据相关规定对韩白乙拉予以停职处理。10月2日，经通辽市纪委常委会、监委委员会会议审议并报通辽市委批准，决定给予韩白乙拉开除党籍、开除公职处分。欢迎在下方留言评论NEWS来源 | 中国新闻网 (记者 张林虎)、通辽发布主编 | 樊瑞   编辑 | 刘强]]></content>
  <author><![CDATA[内蒙古晨报乌兰察布新闻]]></author>
  <time>2018-10-08 10:58:45</time>
  <account><![CDATA[nmgcbwlcbjzz]]></account>
</data>
