<data>
  <id><![CDATA[51112349]]></id>
  <url><![CDATA[https://mp.weixin.qq.com/s?timestamp=1539596484&src=3&ver=1&signature=Egrj350GoKY8-KUcIJshb7U88joHN4*LRj9q4jVA*nn5HSH8DnHW9sJatWAubANiqUItdW-5RMirB-eozpjen8HIDWompVqwvm6nPPcq2mx5sGtF*rsbtclbHpMk9dxqwLOEAFSV3t1gVrjU5zUlPN1CAycDXbVUnhs8WTrscOw=]]></url>
  <title><![CDATA[集宁区：预留学校用地变身高层住宅地！临近小区业主怨声起]]></title>
  <content><![CDATA[点击上方蓝字，免费订阅本报！内蒙古晨报全媒体平台（全媒体记者 王小花 实习生 赵丽）近日，本报新闻热线（0474-8325215）接到集宁新区瑞宁名苑业主致电反映：业主在购房时，小区规划图中B区南面空地是预留的学校用地，而今却要改为名为“华锦名苑”的新建小区，且规划要建的4栋17层高楼距瑞宁名苑居民楼太近，会影响采光。9月22日，记者前往集宁区瑞宁名苑小区(B座)，据了解，业主们反映的问题主要有两方面，一、购房时小区规划图中南面空地为预留学校用地，业主考虑学区房的优势，选购了该小区，现在变成了住宅用地；二、业主称新建高层距离瑞宁名苑居民楼距离太近，不符合规定，会影响小区业主家采光。停工中的锦绣公馆工地瑞宁名苑小区业主刘女士打开在购买瑞宁名苑小区房屋时，手机里留存的小区规划图并表示：“学校用地变为住宅地导致我们小区失去了学区房的价值，且我们B区10、14、15、16号楼与锦绣公馆开槽预建17层高楼的距离只有33米，肯定会严重影响到我们家里采光情况。”瑞宁名苑小区当年的规划建筑设计方案图显示，该位置原本为学校用地。在华锦名苑(又称锦绣公馆)工地，记者了解到，该工程的建设单位是乌兰察布市华锦房地产开发有限责任公司，工地院内只是做了简单的开槽，现属于停工状态，记者见到施工负责人，他表示：“我们只管施工建设，具体情况需要向开发商沈总了解。”记者来到开发商办公地锦绣公馆，工作人员称沈总不在。9月26日上午，记者再次来到锦绣公馆项目所在地，一名自称是公司会计的男士表示：“开发商沈总不在，我公司计划要建的高层是经过相关部门审核的，对瑞宁名苑小区居民楼光照标准是符合规定的，小区的建设也是有乌兰察布市规划局颁布的《规划许可证》，由于冬季天冷要停工，目前我们做出了提前停工决定，明年开春正式开工建设；对于瑞宁名苑居民反映的预留学校用地问题，是该向规划局了解。”随后，记者来到乌兰察布市规划局，分别从技术服务中心科室和负责颁布许可证的工程科了解情况，技术服务中心科室的张凤林主任表示：“我们科室负责做日照分析，中小城市住宅建筑日照标准时间是大寒日≥三小时/天，所做的分析结果是，锦绣公馆高层对瑞宁名苑建筑满足国家标准。”在工程科，记者见到了锦绣公馆所取得的《乌兰察布市建设工程规划许可证》（副本）。对于学校用地为何变成住宅用地？乌兰察布市规划局综合规划科的李培龙科长表示：“瑞宁名苑开发商在售房时如何承诺业主预留为学校用地我们并不清楚，该空地之前确实有过规划建设学校的计划，但现在实行的规划里，瑞宁名苑以南的用地就是住宅用地，如果业主们有诉求，可以向我们科室致电（0474-8323875），以书面材料的形式向规划局反映，会考虑居民的意见。”欢迎在下方留言评论NEWS来源 | 内蒙古晨报乌兰察布新闻主编 | 樊瑞   编辑 | 刘强]]></content>
  <author><![CDATA[内蒙古晨报乌兰察布新闻]]></author>
  <time>2018-09-28 15:08:17</time>
  <account><![CDATA[nmgcbwlcbjzz]]></account>
</data>
