<data>
  <id><![CDATA[51112349]]></id>
  <url><![CDATA[https://mp.weixin.qq.com/s?timestamp=1539596484&src=3&ver=1&signature=Egrj350GoKY8-KUcIJshb7U88joHN4*LRj9q4jVA*nn5HSH8DnHW9sJatWAubANiqUItdW-5RMirB-eozpjen5iB3nWJGuRVftsamQHL5JiXXqfEpLJfbFFva0S9596GrPiaP9QiB84VRmW9JMZ5peRjCNUX2S5En94tE9954es=]]></url>
  <title><![CDATA[担当！乌兰察布这家企业为儿童和老人捐助价值十余万的药品和物质……]]></title>
  <content><![CDATA[点击上方蓝字，免费订阅本报！内蒙古晨报全媒体平台消息（记者 王小花 实习生 赵丽）9月28日，乌兰察布市集宁新特新药业有限责任公司举办20周年庆典暨大型抽奖活动。本次活动是新特新药业为回馈社会及广大客户所举办。新特新连锁大药房闫旭峰经理为此次庆典做了开幕词，闫经理代表公司和全体员工，诚挚感谢多年来一直给予公司理解、支持和信任的广大顾客。“今后，我们将提供更优质的产品质量和服务，希望得到大家一如既往的支持和帮助，我们将秉承“诚信、务实、创新、发展”的企业精神，不断开拓进取，超越自我，把企业做的更大更强！同时也会继续关注社会弱势群体，为他们送去更多的温暖，继续走在公益事业的最前端。捐赠仪式现场活动开始前，主持人就9月16日和9月22日的活动策划失误向广大顾客致歉。活动现场，集宁新特新药业有限责任公司向乌兰察布市儿童福利院捐赠价值8万元物资和药品，向集宁区社会福利中心捐赠药品价值32600元。本次捐赠活动体现了新特新药业以人为本、诚信经营、开拓进取、回馈社会的企业精神。对于新特新药业有限责任公司的爱心善举，乌兰察布市儿童福利院的领导将一面“关爱孤残儿童，关注公益事业”的锦旗送上表示感谢。集宁区社会福利中心闫副院长也表达了他对新特新药业捐赠的谢意和祝福。“我代表集宁区社会福利中心的全体老人对新特新药业捐赠的老人日常必备药品表示衷心的感谢，新特新大药房积极参与各项慈善公益活动回报社会，以实际行动诠释了来源社会、回报社会的企业文化和现代财富理念，充分发挥了慈善事业在社会保障体系中的补充作用。”除了向社会组织捐献药品和物资，新特新药业还面向新老会员组织了一场大型抽奖活动。“公司的发展，离不开社会各界的关爱，今天，公司将这份所得之爱回馈社会，希望为社会弱势群体送去温暖。”闫经理说。欢迎在下方留言评论NEWS来源 | 内蒙古晨报乌兰察布新闻主编 | 樊瑞   编辑 | 刘强]]></content>
  <author><![CDATA[内蒙古晨报乌兰察布新闻]]></author>
  <time>2018-09-29 15:44:33</time>
  <account><![CDATA[nmgcbwlcbjzz]]></account>
</data>
