<data>
  <id><![CDATA[51112349]]></id>
  <url><![CDATA[http://mp.weixin.qq.com/s?__biz=MjM5Mjc5MTY5Mw==&mid=2652436803&idx=4&sn=82b9eb2b30d695d49d4ce7cf3959d611&chksm=bd4cb4a18a3b3db70f3f180170e9720a814ec44a1e9ef9c122faaa990857a799e63e3a7f6c0f&scene=27#wechat_redirect]]></url>
  <title><![CDATA[内蒙古一退休多年的正厅级官员被查！]]></title>
  <content><![CDATA[点击上方蓝字，免费订阅本报！内蒙古自治区供销合作社联合社原党组书记、理事会主任刘金水涉嫌严重违纪违法，目前正在接受纪律审查和监察调查。个人简历：刘金水，男，汉族，1949年1月出生，河北省保定人，1969年8月参加工作，1971年7月加入中国共产党，大专学历。1969年8月至1972年4月，内蒙古生产建设兵团三师二十三团排长、副连长、连长；1972年4月至1988年4月，内蒙古生产建设兵团乌拉山化肥厂合成车间副主任、主任兼书记、副厂长、厂长兼书记；1988年4月至1993年3月，内蒙古化肥厂筹建处主任；1993年3月至1997年5月，内蒙古自治区供销合作社联合社理事会副主任、党组成员；1997年5月至2010年4月，内蒙古自治区供销合作社联合社党组书记、理事会主任（正厅级），内蒙古自治区人大常委会委员。2010年4月退休。欢迎在下方留言评论NEWS来源 | 内蒙古纪委监委官方微信主编 | 樊瑞   编辑 | 刘强]]></content>
  <author><![CDATA[内蒙古晨报乌兰察布新闻]]></author>
  <time>2018-10-11 16:05:02</time>
  <account><![CDATA[nmgcbwlcbjzz]]></account>
</data>
