<data>
  <id><![CDATA[51112349]]></id>
  <url><![CDATA[https://mp.weixin.qq.com/s?timestamp=1539596484&src=3&ver=1&signature=Egrj350GoKY8-KUcIJshb7U88joHN4*LRj9q4jVA*nn5HSH8DnHW9sJatWAubANiqUItdW-5RMirB-eozpjen5iB3nWJGuRVftsamQHL5JjkzXy5CB9kY3*hc4JFQVo52hs89NEcPoJUPbVO1nkxZoOsebVGLDO-WPdegafwkmY=]]></url>
  <title><![CDATA[集宁区通报一起贪污集体资金典型案例！]]></title>
  <content><![CDATA[点击上方蓝字，免费订阅本报！为深入推动全面从严治党向基层延伸，集宁区各级纪检监察机构充分发挥监督执纪问责职能作用，不断加大对发生在群众身边的不正之风和腐败问题的查处力度，进一步严明纪律，加强警示教育，现将近期查处的一起典型案例通报如下：集宁区白海子镇赵家村村委会书记、主任王考成贪污集体资金的问题。经查，2010年，时任白海子镇赵家村村委会书记的王考成，在110国道改扩建征拆工作中，利用职务便利，以个人名义领取了3块集体宣传碑的征拆补偿款6958元，用于个人支出。2018年9月17日，经中共白海子镇纪律检查委员会研究，决定给予王考成同志党内警告处分。广大党员干部要从上述典型案例中汲取教训、引以为戒，自觉遵规守纪、廉洁履职。乡镇党委政府及相关职能部门要坚持严字当头，督促农村基层组织建立健全财务管理制度，提高村务透明度，主动接受群众监督，确保农村基层权力规范运行，切实维护人民群众的合法利益。各级党委（党组）要认真落实全面从严治党主体责任，加强对党员和公职人员的教育、监督和管理，着力解决侵害群众利益的不正之风和腐败问题，推动全面从严治党向基层延伸，净化基层政治生态，维护群众切身利益。各级纪检监察机构要强化监督执纪问责，以“零容忍”的态度严肃查处发生在群众身边的不正之风和腐败问题，加大通报曝光力度，持续释放越往后执纪越严的强烈信号，着力提升群众对正风反腐的满意度。欢迎在下方留言评论NEWS来源 | 党风政风室主编 | 樊瑞   编辑 | 刘强]]></content>
  <author><![CDATA[内蒙古晨报乌兰察布新闻]]></author>
  <time>2018-09-29 15:44:33</time>
  <account><![CDATA[nmgcbwlcbjzz]]></account>
</data>
