<data>
  <id><![CDATA[51112349]]></id>
  <url><![CDATA[https://mp.weixin.qq.com/s?timestamp=1539596484&src=3&ver=1&signature=Egrj350GoKY8-KUcIJshb7U88joHN4*LRj9q4jVA*nn5HSH8DnHW9sJatWAubANiqUItdW-5RMirB-eozpjenycoIOSbVrQzIawCDO7UvuJRunzU2tPj*OwObDEifl-AArraZ0EJcu0*DuZ5PSZAxB1NPHSTmMFOxlyd7VlJZUY=]]></url>
  <title><![CDATA[从今，再无穿军装的消防兵！]]></title>
  <content><![CDATA[点击上方蓝字，免费订阅本报！据媒体报道，9日上午，公安消防部队移交应急管理部交接仪式正式举行，53年的消防现役成为历史。目前，中国有17万现役消防军人，另有约20万政府专职消防员。如今，他们见证了历史：公安消防部队不再列武警部队序列，全部退出现役转为行政编制；全新的应急管理部消防救援局走上舞台。身份转变，使命不变。人民有危难，“逆行英雄”在你身边。机构改革，公安消防部队全部退出现役2018年3月21日，中央印发《深化党和国家机构改革方案》：公安消防部队不再列武警部队序列，全部退出现役；公安消防部队转到地方后，现役编制全部转为行政编制，成建制划归应急管理部，承担灭火救援和其他应急救援工作，充分发挥应急救援主力军和国家队的作用。4月16日，新组建的应急管理部正式挂牌。8月27日，在十三届全国人大常委会第五次会议上，应急管理部党组书记、副部长黄明受国务院委托，作了《综合性消防救援队伍消防救援衔条例（草案）》的说明。据了解，综合性消防救援队伍作为应急救援的主力军和国家队，承担防范应对各类灾害事故风险、保障人民群众生命财产安全的重要职责。广西柳州市消防支队鱼峰中队对外发布一组形象海报。画面中官兵们展现训练、救援等场景，还秀出健硕肌肉，尽显阳刚之气。柳州消防 供图草案规定，消防救援衔是区分消防救援人员等级、表明消防救援人员身份的称号和标志，是国家给予消防救援人员的荣誉。草案规定，消防救援衔按照管理指挥干部、专业技术干部和消防员分别设置；管理指挥干部消防救援衔设三等共十一级，专业技术干部消防救援衔设两等共八级，消防员消防救援衔设三等共八级；消防救援人员按照职务等级分别编制消防救援衔。53年浴血荣光，致敬“逆行英雄”！1965年，公安消防队伍实行义务兵役制。1983年，消防部队列入武警序列。53年来，消防官兵“养兵千日，用兵千日”，随时准备应对可能发生的火灾。消防战士搬运着火煤气罐演练。邓龙华 摄消防官兵训练场景。柳州消防 供图无论是严冬酷暑，无论是夜晚黎明，警笛一响，这支部队就会风一般整装集合奔赴火场。对消防战士来说，每场训练都如同实战，必须全力以赴。张振 摄忘不了，2015年8月12日，天津滨海新区集装箱码头瞬间大爆炸，救援过程中，21名“逆行者”献出了生命，最年轻的年仅18岁；2015年11月2日消息，在天津港“8.12”爆炸中抢险救援牺牲110人之中，有13位来自河北蔚县。13位牺牲的消防队员骨灰被接回家乡，入葬蔚县烈士陵园。图片来源：视觉中国忘不了，2013年10月11日，北京石景山喜隆多商场凌晨火灾，主动请缨指挥攻坚扑救的石景山消防支队参谋长刘洪坤和八大处消防中队副中队长刘洪魁壮烈牺牲。图为消防队员向牺牲的队友遗体敬礼告别。图片来源：CFP视觉中国多少次，消防战士们面对疯狂的火魔、呼啸的警报、奔驰的战车和死神的威胁，一次又一次用血肉之躯与大火搏斗，与死神擦肩，换取了人民的安居乐业。2015年2月10日，江西省丰城市荣塘镇芳田村委会一民房发生火灾，“90后”消防战士胡宇抱起燃烧着的液化气罐往外冲，快速转移至安全地段。宋建林 摄2015年01月03日，黑龙江省哈尔滨市道外区一仓库大火被埋消防队员找到，泪别战友。图片来源：CFP视觉中国2015年7月8日中午，湖北一小区居民楼道内电表箱着火，引燃楼道内杂物，一名男孩被困4楼。为确保男孩通过浓烟滚滚的楼道时不受伤害，两名消防官兵分别把自己的氧气罩和头盔带在男孩头上，把男孩安全救出。张杰 摄2015年4月5日14时许，福建宁德市周宁县浦源镇麻岭发生山火，消防员进山救火。陈强 摄根据公安部消防局《中国消防年鉴(2014)》的统计数据，2000年到2013年，中国消防员牺牲人数达157人。除了火场，他们的身影还活跃在抗洪一线、道路救援……2015年7月，福建龙岩市普降大雨，大量群众被困。图为消防官兵营救出一名被洪水围困男子。 （周杨东 摄）2015年07月15日，重庆，短时强降雨导致巫溪县宁河街道北门沟突发山洪，车辆被冲入河中，消防官兵通过吊车将河水中的车辆转移。图片来源：CFP视觉中国2018年1月27日，持续两天的降雪致使大量车辆滞留义乌后宅收费站，当地消防立即组织官兵前往现场进行破冰除雪工作。中新社记者 何志超 摄2013年8月19日，贵州铜仁市碧江区上演惊险一幕：一女子因感情纠纷割腕，并欲从酒店7楼跳楼轻生，就在她纵身要跳的瞬间，救援人员从侧边窗口跃出，及时将女子救下。柯友川 摄今天，53年的消防现役史告一段落，全新的应急管理部消防救援局走上舞台。消防队伍将作为应急管理部的应急骨干力量，在肩负传统使命的同时，承担起新的职责。对于消防职业化来说，这不仅是半个世纪后的回归，也是中国近代百年消防史的新起点。再见了，中国最后的消防战士！你好，崭新的中国消防员！欢迎在下方留言评论NEWS来源 | 中国新闻网（cns2012），综合央广军事、中国消防在线主编 | 樊瑞   编辑 | 刘强]]></content>
  <author><![CDATA[内蒙古晨报乌兰察布新闻]]></author>
  <time>2018-10-09 17:20:37</time>
  <account><![CDATA[nmgcbwlcbjzz]]></account>
</data>
