<data>
  <id><![CDATA[51112349]]></id>
  <url><![CDATA[http://mp.weixin.qq.com/s?__biz=MjM5Mjc5MTY5Mw==&mid=2652436803&idx=3&sn=691ada5bba95f11715b1a0226f234f29&chksm=bd4cb4a18a3b3db7764222a826f542dc3f0fdac4568a8589a7564b1d4d5321dec1f4c5187150&scene=27#wechat_redirect]]></url>
  <title><![CDATA[乌兰察布市一彩民中得福彩双色球奖金2663万元]]></title>
  <content><![CDATA[点击上方蓝字，免费订阅本报！（此图代表小编此刻心情，图文无关。）10月4日，福利彩票双色球为广大彩民朋友带来了巨大惊喜，第2018116期双色球头奖井喷44注，单注奖金为530万多元。这44注一等奖花落7地，其中内蒙古自治区乌兰察布市一彩民一举中得5注一等奖。内蒙古自治区这5注一等奖出自乌兰察布市察右中旗交通局楼下15266108号福彩销售站，一彩民凭借复式“7+1”倍投5倍的投注方式，一举中得5注一等奖、30注三等奖，奖金达到2663万元！成功刷新内蒙古自治区双色球大奖排行榜，高居榜眼位置。又来骗我买彩票~欢迎在下方留言评论NEWS来源 | 内蒙古晨报乌兰察布新闻综合内蒙古日报主编 | 樊瑞   编辑 | 刘强]]></content>
  <author><![CDATA[内蒙古晨报乌兰察布新闻]]></author>
  <time>2018-10-11 16:05:02</time>
  <account><![CDATA[nmgcbwlcbjzz]]></account>
</data>
