<data>
  <id><![CDATA[51112349]]></id>
  <url><![CDATA[https://mp.weixin.qq.com/s?timestamp=1539596484&src=3&ver=1&signature=Egrj350GoKY8-KUcIJshb7U88joHN4*LRj9q4jVA*nn5HSH8DnHW9sJatWAubANiqUItdW-5RMirB-eozpjen7sOzwYKs*F-kWmnL2GcV3PAZb6CvM-OAcJoLRkzsX6QUmXyN-fHMVSfFk6jue3o-8p7zY4X26zyMCH3QHO1EYY=]]></url>
  <title><![CDATA[乌兰察布的吃货们，以后逛超市一定要认准这个！]]></title>
  <content><![CDATA[点击上方蓝字，免费订阅本报！内蒙古晨报全媒体平台（记者 王译净 实习生 侍小新 李晶晶）按照原国家食品药品监督管理总局此前发布的通知，“服役”多年的QS标志，从2015年开始更新为新的SC编码，并逐步取代。从今年10月1日起，QS标志停止使用，消费者购买食品需认准SC编码。据了解，QS标志是质监部门发放工业产品许可证的标志，食品生产在2009-2013年曾归属该部门管理。2013年开始，国家将食品生产管理职能归属食品药品监督管理至今。自2015年10月1日起，新《食品安全法》开始实施，《食品生产许可管理办法》（以下称《办法》）作为配套法规同日施行。根据新规定，食品生产许可证由“QS+12位阿拉伯数字”改成了“SC+14位阿拉伯数字”，并取消蓝色图标。考虑到食品生产企业可能存在包装材料库存量大和食品包装标签浪费，《办法》给予了生产者最长不超过三年过渡期。也就是说，2018年10月1日起生产的食品全部使用SC编码。10月1日前生产的食品，仍然有QS标志10月1日后生产的食品，包装已经更换成SC编码。10月11日，记者分别走访集宁区多家大、中、小型超市，发现目前市场上在售的食品绝大多数已经换上了SC编码，但仍有少许带有QS标志的食品在售。对此，集宁区食品药品监督管理局生产科科长齐东升解释说：“对于目前仍存在的带有QS标志的食品，如果是10月1日之前生产的可以流通，它属于过渡时期内。若是10月1日以后生产的食品包装上仍标有QS标志，市民可拨打热线（12331）进行投诉。”解读SC编码“QS标志我知道，放心嘛，但一般买东西不会刻意去看那个标志，多数情况看看生产日期是对的就行。”在集宁新区海天大卖场里，正在选购豆奶的李女士对记者说。对于改换包装后新的SC编码，李女士表示不清楚这是什么意思。通过走访，记者发现不光李女士，绝大多数市民对于QS变SC一事不清楚，稍细心的市民还在纳闷食品袋上的QS标志怎么不见了。对此，齐科长普及道，看似只是简单的食品包装的更换，实则关乎着消费者的切身利益。新的SC编号意味着“一企一证”，同一个生产者从事食品生产，取得一个许可证即可，分类许可。它是与企业对应的唯一编码，能够实现食品的追溯。这有利于增强食品生产者食品安全主体责任意识，而且消费者在购买食品时，能够知晓食品原料从哪里来，在哪加工，何时出产等等，也能够买得更加放心、安心。目前，食品包装基本都已更换，可大部分市民对于包装上的SC编码却是一头雾水。对此，齐科长表示：“下一步，我们除了对各食品生产企业包装更换情况进行监察外，还会加大向消费者宣传和普及这一新编码的力度。我们监管部门会加强监管，企业也落实好主体责任，让市民看见SC编码更安心。”欢迎在下方留言评论NEWS来源 | 内蒙古晨报乌兰察布新闻主编 | 樊瑞   编辑 | 刘强]]></content>
  <author><![CDATA[内蒙古晨报乌兰察布新闻]]></author>
  <time>2018-10-15 10:59:57</time>
  <account><![CDATA[nmgcbwlcbjzz]]></account>
</data>
