<data>
  <id><![CDATA[51112349]]></id>
  <url><![CDATA[https://mp.weixin.qq.com/s?timestamp=1539596484&src=3&ver=1&signature=Egrj350GoKY8-KUcIJshb7U88joHN4*LRj9q4jVA*nn5HSH8DnHW9sJatWAubANiqUItdW-5RMirB-eozpjen7sOzwYKs*F-kWmnL2GcV3PnbK5LjTpMltNBGVoEaNAB7fINvczroR9Kuag--2qoFcpxYoh1PhFUzRTTzjVXBxs=]]></url>
  <title><![CDATA[胡润百富内蒙古30位上榜，最有钱的是他……]]></title>
  <content><![CDATA[点击上方蓝字，免费订阅本报！10月10日《2018胡润百富榜》出炉！虽然小编穷但是每年看看都有哪些有钱人上榜心里也乐呵呵的今年居住地在内蒙古的有29位上榜当然还有居住地不在内蒙古的内蒙古籍富豪可以说实力很雄厚了今年是胡润研究院自1999年以来第20次发布“胡润百富榜”上榜门槛连续第六年保持20亿元上榜企业家财富计算截止今年8月15日居住地在内蒙古最有钱的人财富有165亿元居住地在内蒙古的居住地不在内蒙古的2018胡润百富榜前三名胡润百富榜20年，记录改革开放40年后半段的中国财富史，也演绎着云南财富神话的变迁。10月10日，2018胡润百富榜出炉，马云得益于蚂蚁金服估值上升以2700亿财富，时隔四年再次成为中国首富，紧跟其后的是许家印和马化腾，后两位的排名因为马云排名上升较去年均下降了一位。▲胡润百富董事长兼首席调研员胡润 为大家带来最权威的榜单解读榜单前十名《2018 LEXUS雷克萨斯•胡润百富榜》前十名中出现两位新人，分别是前十中财富涨幅最大的小米雷军和正威的王文银家族。前十中涉足IT行业的最多，有4位，与去年相同；其次仍是地产，有3位。前十上榜门槛与去年相同，保持1100亿。胡润表示：“这是第一次前十名门槛没有提高。”前十平均年龄51岁，比去年大2岁。前十中住在广东的仍然最多，有5位；其次是北京3位；浙江、江苏和香港各1位。地区排行榜从地区排名来看，广东、北京、浙江上榜人数最多，聚焦云南富豪榜单，如按居住地区来看，有12位云南企业家入榜。但若按企业所在地、企业家居住地、出生地籍贯等条件划分，此次拥有20亿及以上财富资产的企业家共有17位。属兔的最会赚钱↓↓↓在上榜企业家中属兔的最多（属相兔已连续七年表现最佳），其次是龙，属鼠的表现最差。姓王的富豪最多↓↓↓在姓氏上，姓李的企业家今年表现进步，上榜人数超过姓张的，排到第二；姓王的仍然最多。对于这个榜单，小编认真看了一下，发现没有自己的名字，自己也不属兔更不姓王于是就只能安心地工作了……欢迎在下方留言评论NEWS来源 | 全景内蒙古 胡润百富 百度百科 蒙商部落主编 | 樊瑞   编辑 | 刘强]]></content>
  <author><![CDATA[内蒙古晨报乌兰察布新闻]]></author>
  <time>2018-10-15 10:59:57</time>
  <account><![CDATA[nmgcbwlcbjzz]]></account>
</data>
