<data>
  <id><![CDATA[51112349]]></id>
  <url><![CDATA[https://mp.weixin.qq.com/s?timestamp=1539596484&src=3&ver=1&signature=Egrj350GoKY8-KUcIJshb7U88joHN4*LRj9q4jVA*nn5HSH8DnHW9sJatWAubANiqUItdW-5RMirB-eozpjen5XF60cV-DeSWPTUHlbzi128InqO5Kzc14JzU7zZB3bwtQto2kV8pv6*gVfgP85xfa1ku*PBJkb2cFOqEWPmdq8=]]></url>
  <title><![CDATA[乌兰察布市一刑警大队副大队长接受纪律审查和监察调查]]></title>
  <content><![CDATA[点击上方蓝字，免费订阅本报！经乌兰察布市纪委监委指定，四子王旗纪委监委目前正在对乌兰察布市卓资县公安局刑警大队副大队长王明久涉嫌严重违纪违法问题进行纪律审查和监察调查。个人简历王明久，男，汉族，1975年4月出生，乌兰察布市卓资县人，大专学历，1995年12月参加工作，2002年7月加入中国共产党。1995年12月-1996年4月，卓资县公安局大榆树派出所工作；1996年4月-2002年9月，卓资县公安局后房子派出所工作；2002年9月-2004年5月，卓资县看守所工作；2004年5月-2005年8月，卓资县公安局复兴派出所工作；2005年8月-2006年8月，卓资县公安局六苏木乡派出所工作；2006年8月-2008年5月，卓资县公安局镇南派出所工作；2008年5月-2015年8月，卓资县公安局刑警大队工作；2015年8月至今，任卓资县公安局刑警大队副大队长。欢迎在下方留言评论NEWS来源 | 内蒙古日报主编 | 樊瑞   编辑 | 刘强]]></content>
  <author><![CDATA[内蒙古晨报乌兰察布新闻]]></author>
  <time>2018-10-06 11:02:12</time>
  <account><![CDATA[nmgcbwlcbjzz]]></account>
</data>
