<data>
  <id><![CDATA[51112349]]></id>
  <url><![CDATA[https://mp.weixin.qq.com/s?timestamp=1539596484&src=3&ver=1&signature=Egrj350GoKY8-KUcIJshb7U88joHN4*LRj9q4jVA*nn5HSH8DnHW9sJatWAubANiqUItdW-5RMirB-eozpjenycoIOSbVrQzIawCDO7UvuIpJXyAHbYinjnRBDWOeqTR7x7aQ0OeY86pMNurkx*9YhUL9Vy30Tdm1C0Q2abJC8g=]]></url>
  <title><![CDATA[乌兰察布这个地方设有测速、抓拍，司机朋友请注意！]]></title>
  <content><![CDATA[点击上方蓝字，免费订阅本报！广大交通参与者：为预防和减少道路交通事故的发生，根据《中华人民共和国道路交通法》、《中华人民共和国道路交通安全法实施条例》等法律法规规定，四子王旗辖区测速卡口、抓拍有关工作通告如下：一、测速卡口及限速值：1、G209国道290公里+550米处 限速为70公里/小时（双向）；2、G209国道263公里+600米处 限速为70公里/小时（双向）；3、G209国道225公里+400米处 限速为70公里/小时（双向）；4、G209国道201公里+500米处 限速为70公里/小时（双向）；5、G335国道618公里+700米处 限速为70公里/小时（双向）；6、G209国道319公里+500米处限速为80公里/小时（双向）；7、G209国道348公里+100米处限速为80公里/小时（由北向南）；8、G209国道358公里+100米处限速为80公里/小时（由南向北）；9、S314省道（大土线）212公里+700米处 限速为70公里/小时（双向）；10、乌壕线5公里+500米处 限速为70公里/小时（双向）。二、电警抓拍：1、G209国道与乌江线十字路口332公里+100米处（双向），抓拍闯红灯；2、G209国道与乌壕线十字路口336公里+500米处（双向），抓拍闯红灯。三、以上所有设备全部抓拍行车不系安全带、开车接打手机等交通违法行为。望广大驾驶人朋友们遵守交通交规。特此通告！四子王旗交管大队2018年9月29日欢迎在下方留言评论NEWS来源 | 活力乌兰察布 四子王旗交管大队主编 | 樊瑞   编辑 | 刘强]]></content>
  <author><![CDATA[内蒙古晨报乌兰察布新闻]]></author>
  <time>2018-10-09 17:20:37</time>
  <account><![CDATA[nmgcbwlcbjzz]]></account>
</data>
