<data>
  <id><![CDATA[51112349]]></id>
  <url><![CDATA[https://mp.weixin.qq.com/s?timestamp=1539596484&src=3&ver=1&signature=Egrj350GoKY8-KUcIJshb7U88joHN4*LRj9q4jVA*nn5HSH8DnHW9sJatWAubANiqUItdW-5RMirB-eozpjen8HIDWompVqwvm6nPPcq2myUsJE1IWycMx56VeeI3MMY96xlr8c*5RVeQ-cSFWyu6JN42hXegM*iROpSBbFo6Fo=]]></url>
  <title><![CDATA[这位大咖好“气人”啊！来感受一下这“学霸”的人生……]]></title>
  <content><![CDATA[点击上方蓝字，免费订阅本报！还记得“北大还行撒贝宁”吗？近日，又一位“大咖”的发言截图火了，他刚中考两个星期后，就参加了高考。我正好是初中毕业考试6门课，5门100、1门99，差1分就是（总成绩）满分。这样我就试着申请破格参加高考……也没什么准备，北大、清华一填……再后来成绩下来了，还挺好，离北大清华和科大少年班的录取线也就差个一两分。戳视频，震你一下！初中刚考完就顺手拿下了高考……难怪网友们一片“膜拜”之声。这位“大咖”是谁呢？既不是大老板，也不是大明星。他是“国之重器”歼20的总设计师——杨伟。网上这组截图出自近日播出的《百家讲坛》节目。该系列主题是“我们的大学”，杨伟讲述的，就是他上学成长的经历。他的母校西北工业大学，还专门为这期《百家讲坛》做了预告。杨伟15岁考入西北工业大学，是那一届空气动力学专业年纪最小的学生。22岁，杨伟硕士研究生毕业，进入成都飞机设计研究所。此时，他“开挂”的人生才刚刚开始……杨伟先后担任歼-10飞机副总设计师（总设计师为宋文骢），歼-10系列飞机、“枭龙”飞机和歼-20等多个重大飞机型号的总设计师。曾获国家科技进步特等奖1项，国防科技进步特等奖1项、一等奖2项、二等奖2项；先后获全国先进工作者、全国“五一”劳动奖章、中国青年五四奖章、国防科技工业劳动模范、国防工业有突出贡献中青年专家等荣誉。在《百家讲坛》节目中，杨伟除了简要提到考大学的经历，更主要的是讲述他和同学们刻苦学习，工作后与同事们攻坚克难的过程（这才是国之栋梁啊！）。“我们既然选择了远方，便只顾风雨兼程。”欢迎在下方留言评论NEWS来源 | 观察者网主编 | 樊瑞   编辑 | 刘强]]></content>
  <author><![CDATA[内蒙古晨报乌兰察布新闻]]></author>
  <time>2018-09-28 15:08:17</time>
  <account><![CDATA[nmgcbwlcbjzz]]></account>
</data>
