<data>
  <id><![CDATA[51112349]]></id>
  <url><![CDATA[https://mp.weixin.qq.com/s?timestamp=1539596484&src=3&ver=1&signature=Egrj350GoKY8-KUcIJshb7U88joHN4*LRj9q4jVA*nn5HSH8DnHW9sJatWAubANiqUItdW-5RMirB-eozpjenyEd0Fi6VJcnDnIUCBHDfD6Oxo5s4TM*88sX7dZq1DVfgOniIuNMVm4tufJr7XXgNwYea4oS7VFVHLWpRaLCUhs=]]></url>
  <title><![CDATA[内蒙古一老人迷信“大仙”被诈骗100余万元]]></title>
  <content><![CDATA[点击上方蓝字，免费订阅本报！花光所有积蓄、变卖2套房产……内蒙古自治区霍林郭勒市一老人因迷信号称“大仙”的包某某能“驱邪治病”“算出彩票中奖号码”，在3年多的时间里被诈骗100余万元。日前内蒙古警方侦破了这起以封建迷信方式实施诈骗的案件，为受害人挽回损失90余万元。2012年，年近六旬的内蒙古霍林郭勒市居民庞某某因经常失眠、身体不适，经人介绍找到了内蒙古科尔沁左翼后旗的包某某。简单交流后，包某某说庞某某身上有“不干净的东西”，让她支付500元钱，晚上再为她“念经驱邪”。庞某某信以为真，付款后回家。此后，庞某某身体并未好转，又多次找到包某某，并多次支付钱款。一次“看病”过程中，包某某表示自己可以帮别人“出山”做“大仙”，还可以算出彩票的中奖号码。庞某某动了心，表示想“出山”，但包某某总是以太耗“功力”、会“折寿”等理由拒绝。为表诚心，庞某某多次向包某某支付成百上千甚至上万元的钱财。从2012年3月到2015年10月，庞某某共支付“看病”“出山”“法事”等费用100余万元。为此，庞某某花光了积蓄，变卖了2套房产，甚至还借过高利贷。庞某某和患有残疾的丈夫，只能暂居出租房，却还幻想着“出山看病”“中大奖”。2015年底，庞某某外出务工的两个儿子回家，在他们的解释和劝说下，庞某某意识到自己被骗。由于在两年多的时间里要钱未果，2018年1月12日，庞某某向科尔沁左翼后旗公安局报案。办案民警了解情况后，立即走访调查。经过近8个月的侦查，查明了庞某某被骗事实，确定包某某为案件嫌疑人。但案件办理初期，包某某拒不交代自己的行为并百般抵赖。办案民警迅速改变策略，通过适时出具证据，逐步瓦解了包某某的侥幸心理。最终，包某某对其利用迷信方式诈骗庞某某的行为供认不讳。目前，警方已依法查封了包某某购买的楼房、车库、出租车，为受害人挽回直接损失90余万元。包某某因涉嫌诈骗罪，已被检方提起公诉。欢迎在下方留言评论NEWS来源 | 新华网内蒙古频道(记者刘懿德）主编 | 樊瑞   编辑 | 刘强]]></content>
  <author><![CDATA[内蒙古晨报乌兰察布新闻]]></author>
  <time>2018-10-12 11:20:03</time>
  <account><![CDATA[nmgcbwlcbjzz]]></account>
</data>
