<data>
  <id><![CDATA[51112349]]></id>
  <url><![CDATA[https://mp.weixin.qq.com/s?timestamp=1539596484&src=3&ver=1&signature=Egrj350GoKY8-KUcIJshb7U88joHN4*LRj9q4jVA*nn5HSH8DnHW9sJatWAubANiqUItdW-5RMirB-eozpjen8HIDWompVqwvm6nPPcq2mwFx7ie3MocF1DM2ao0mzoT8AEedeEesFyJWYR2IdsralIQrFnUp8W-GTLsnMQJj7A=]]></url>
  <title><![CDATA[“朋友”再见！歌手臧天朔今天凌晨去世享年54岁]]></title>
  <content><![CDATA[点击上方蓝字，免费订阅本报！北京晚报记者上午向臧天朔好友、贝斯手刘君利核实，歌手臧天朔于今天凌晨4时56分因患肝癌于北京去世，享年54岁。个人简介臧天朔，1964年3月6日出生于北京市，中国内地摇滚乐歌手，代表作有《朋友》、《等待那一天》等。欢迎在下方留言评论NEWS来源 | ＠北京晚报 新浪微博 @头条新闻主编 | 樊瑞   编辑 | 刘强]]></content>
  <author><![CDATA[内蒙古晨报乌兰察布新闻]]></author>
  <time>2018-09-28 15:08:17</time>
  <account><![CDATA[nmgcbwlcbjzz]]></account>
</data>
