<data>
  <id><![CDATA[51112349]]></id>
  <url><![CDATA[https://mp.weixin.qq.com/s?timestamp=1539596484&src=3&ver=1&signature=Egrj350GoKY8-KUcIJshb7U88joHN4*LRj9q4jVA*nn5HSH8DnHW9sJatWAubANiqUItdW-5RMirB-eozpjenycoIOSbVrQzIawCDO7UvuJ-482sW9melYFKFjLrELc1ufh6yNWULlRsQPf5ptJSzQ9CXK2WRUWtz9lv1CacTOE=]]></url>
  <title><![CDATA[]]></title>
  <content><![CDATA[]]></content>
  <author><![CDATA[内蒙古晨报乌兰察布新闻]]></author>
  <time>2018-10-09 17:20:37</time>
  <account><![CDATA[nmgcbwlcbjzz]]></account>
</data>
