<data>
  <id><![CDATA[50239819]]></id>
  <url><![CDATA[https://mp.weixin.qq.com/s?timestamp=1539596492&src=3&ver=1&signature=Egrj350GoKY8-KUcIJshb1lHfArlMWQe0XkFplB0TGl26bnAImDtkrASHVlXcJIHhP8aa1Z8tjMrMX5Vhtj9SdLeH94a*LTrBf36J9Rw0tpXc8iyQOyTsyIsfHFwTuwfm9UwIOJXwR-LvsCrQSWK33w6NZlPmIcst3JNmOjC1tg=]]></url>
  <title><![CDATA[晋城一煤矿被罚!3煤矿人事变动!涉及矿长...]]></title>
  <content><![CDATA[近日我市一煤矿被罚官方开具了详细的处罚决定书▼▼▼山西高平科兴申家庄煤业有限公司：统一社会信用代码：9114000011135694X9地 址：高平市永录乡泉则头村法定代表人 : 马飞宇一、调查情况及发现的环境违法事实、证据和陈述申辩（听证）及采纳情况我局于2018年8月27日对你单位进行了调查，发现你单位实施了以下环境违法行为：山西高平科兴申家庄煤业有限公司120万吨/年矿井项目位于高平市永禄乡则头村。环保手续齐全，持有有效排污许可证。2018年8月27日，高平市环保执法人员现场检查发现，该公司洗煤厂西侧正在修建雨水收集池，约5吨工程渣土露天堆放未进行苫盖。以上事实有《高平市环境保护局现场检查（勘查）笔录》、《高平市环境保护局调查询问笔录》、现场照片、统一社会信用代码复印件、身份证复印件、排污许可证复印件等证据为凭。你单位的上述行为违反了《中华人民共和国大气污染防治法》第七十二条第一款“贮存煤炭、煤矸石、煤渣、煤灰、水泥、石灰、石膏、砂土等易产生扬尘的物料应当密闭；不能密闭的，应当设置不低于堆放物高度的严密围挡，并采取有效覆盖措施防治扬尘污染”的规定。我局于 2018年9月17日以《行政处罚事先告知书》（高环罚告字〔2018〕109号）告知你单位享有陈述申辩权。你单位在规定期限内未进行陈述申辩。以上事实，有我局2018年9月17日《行政处罚事先告知书》（高环罚告字〔2018〕109号）、《高平市环境保护局事先告知书送达回执》等为证。二、行政处罚的依据、种类及其履行方式、期限依据《中华人民共和国大气污染防治法》第一百一十七条第（二）项“违反本法规定，有下列行为之一的，由县级以上人民政府环境保护等主管部门按照职责责令改正，处一万元以上十万元以下的罚款；拒不改正的，责令停工整治或者停业整治：（二）对不能密闭的易产生扬尘的物料，未设置不低于堆放物高度的严密围挡，或者未采取有效覆盖措施防治扬尘污染的”和山西省环境保护厅《行政处罚裁量制度及基准（2016年版）》的规定。我局决定对你单位处以罚款人民币叁万元整，并责令改正以上违法行为。限于接到本处罚决定书之日起十五日内缴至指定银行和账号。逾期不缴纳罚款的，我局将每日按罚款数额的3%加处罚款。收款银行：中国农业银行高平市支行户    名：高平市财政局国库科（非税收入一般缴款书）账    号：930101040013832三、申请行政复议或者提起行政诉讼的途径和期限如不服本处罚决定，可在收到本处罚决定书之日起六十日内向晋城市人民政府行政复议委员会或者向高平市人民政府申请复议，也可在六个月内直接向阳城县人民法院起诉，申请行政复议或者提起行政诉讼，不停止行政处罚决定的执行。逾期不申请行政复议，不提起行政诉讼，又不履行本处罚决定的，我局将依法申请人民法院强制执行。高平市环境保护局2018年9月26日此外我市3个煤矿安全管理人员最新任职也进行了公示▼▼▼告   示根据《安全生产法》第二十三条规定:“矿山安全生产管理人员的任免，应当告知主管的负有安全生产监督管理职责的部门”，山西煤炭运销集团晋城有限公司和山西科兴能源发展(集团)有限公司分别告知了所属的盖州煤业、七一煤业和米山煤业安全管理人员任职情况，现予告示。联系电话：2057883来源：高平市人民政府 晋城市煤炭煤层气工业局商务合作：0356-8981555  微信号：weike0356]]></content>
  <author><![CDATA[晋城微客]]></author>
  <time>2018-10-10 12:15:19</time>
  <account><![CDATA[vk0356]]></account>
</data>
