<data>
  <id><![CDATA[50239819]]></id>
  <url><![CDATA[https://mp.weixin.qq.com/s?timestamp=1539596492&src=3&ver=1&signature=Egrj350GoKY8-KUcIJshb1lHfArlMWQe0XkFplB0TGl26bnAImDtkrASHVlXcJIHhP8aa1Z8tjMrMX5Vhtj9SQjQz9WR3B2I57Spho5402AwYiGZ5yWrGxp8fmKbiX*7oM859tQjK0wKMtHkbkxUcxWmXsqpZk-p*b6ZLZmd7JI=]]></url>
  <title><![CDATA[晋城这2个村子被点名曝光！竟是因为……]]></title>
  <content><![CDATA[环保工作没假期哦近日生态环境部通报了一批涉气环境问题晋城多处上榜其中还有2个村子▼▼▼110月3日，2018-2019年蓝天保卫战重点区域强化督查工作继续开展，其中200个督查组对京津冀及周边地区的245个县（市、区）进行督查工作，发现涉气环境问题183个。晋城涉事单位建筑工地扬尘管理问题：晋城市阳城县1家其他涉气环境问题：晋城市泽州县高都镇奎升庄农田210月4日，2018-2019年蓝天保卫战重点区域强化督查工作继续开展，其中200个督查组对京津冀及周边地区的249个县（市、区）进行督查工作，发现涉气环境问题217个。晋城涉事单位其他涉气环境问题：晋城市沁水县嘉峰镇柿沟村、沁水县嘉峰镇武安村对上述问题，生态环境部已通过督办问题清单交办相关市、县（区）人民政府依法调查处理。来源：生态环境部  推荐：壹一商务合作：0356-8981555]]></content>
  <author><![CDATA[晋城微客]]></author>
  <time>2018-10-07 12:53:00</time>
  <account><![CDATA[vk0356]]></account>
</data>
