<data>
  <id><![CDATA[50239819]]></id>
  <url><![CDATA[https://mp.weixin.qq.com/s?timestamp=1539596492&src=3&ver=1&signature=Egrj350GoKY8-KUcIJshb1lHfArlMWQe0XkFplB0TGl26bnAImDtkrASHVlXcJIHhP8aa1Z8tjMrMX5Vhtj9SaoDGscAsTT3lduUHjsBn*n7Gm9sn4r5zfLEYA4uVOSk2eCx*VQkYLGUiZuFRnS6ieHNtR*LEMgi6WAK*awkRow=]]></url>
  <title><![CDATA[晋城一男子酒驾肇事逃逸，没想到……]]></title>
  <content><![CDATA[（请点击视频查看）]]></content>
  <author><![CDATA[晋城微客]]></author>
  <time>2018-10-15 14:30:46</time>
  <account><![CDATA[vk0356]]></account>
</data>
