<data>
  <id><![CDATA[50239819]]></id>
  <url><![CDATA[https://mp.weixin.qq.com/s?timestamp=1539596492&src=3&ver=1&signature=Egrj350GoKY8-KUcIJshb1lHfArlMWQe0XkFplB0TGl26bnAImDtkrASHVlXcJIHhP8aa1Z8tjMrMX5Vhtj9SdLeH94a*LTrBf36J9Rw0tpWqg2tdaHOfiy1hGIBKzmn5yO1asWikd-UTbcES3e5HRjMarc3GlBodSTXXDXV7QI=]]></url>
  <title><![CDATA[晋城市人民医院易址扩建最新进展!选址就在...]]></title>
  <content><![CDATA[小伙伴们还记得小编此前报道过的晋城市人民医院将易址扩建么最新消息来了扩建地址已定▼▼▼梁丽萍在市人民医院易址扩建项目现场办公10月8日，副市长梁丽萍深入市人民医院易址扩建项目建设工地，就项目进展情况进行现场办公，并召开专题会议研究解决项目推进过程中存在的困难和问题。梁丽萍要求，市人民医院易址扩建项目是全市的一项重点民生工程，各级各相关单位要加强沟通协调，采取有效措施加快推进工程进度。针对项目在推进过程中存在的拆迁等问题，各有关部门要结合实际，进一步细化任务，实现无缝对接，进行定期总结，了解拆迁进度；要进一步团结协作，对工作进展中存在的问题，要多交流、多沟通，找出合理有效解决方案，形成上下联动、部门协调的工作格局，快速推进拆迁工作，全力做好医院建设的各项前期准备工作，确保项目早落地、早开工、早建成，把市人民医院建设成民心工程、示范工程。晋城市人民医院易址扩建项目是晋城市委、市政府确定的“十三五”重点实施“十大战略工程”项且，是晋城市建设”十大城市公用设施”项目之一．也是2017年民生福祉改善行动的重点项目，项目事关人民群众身体健康和生命安全，对改善就医环境、提升城市品位、建设健康晋城，使我市成为中西部地区最具竞争实力、最具发展活力、最具投负潜力、最富人文魅力的城市意义重大，项目将建成集医疗、教学、科研、预防、康复、保健为一体的三级甲等综合医院。项目详情项目选址位于晋城市市区东南新区，白水街南，规划陈岭路西，规划山门街北，项目占地面积170334㎡（256亩）。项目位置向西、向南距金匠工业园区和高速路南出入口仅3公里：向北不足3公里可达晋城市客运东站、高速路东出入口、207国道和227省道；距规划中的水东村东高铁站和铺头红岭村民用机场不足1 5公里，对医联体之间患者接转诊相当方便。项目建设规模1200张床位，总建筑面积165920㎡．总投资约13亿元。来源：晋城在线、网络商务合作：0356-8981555  微信号：weike0356]]></content>
  <author><![CDATA[晋城微客]]></author>
  <time>2018-10-10 12:15:19</time>
  <account><![CDATA[vk0356]]></account>
</data>
