<data>
  <id><![CDATA[50239819]]></id>
  <url><![CDATA[https://mp.weixin.qq.com/s?timestamp=1539596492&src=3&ver=1&signature=Egrj350GoKY8-KUcIJshb1lHfArlMWQe0XkFplB0TGl26bnAImDtkrASHVlXcJIHhP8aa1Z8tjMrMX5Vhtj9Sdr-wXHzDUj3J1Aug--6iJ-R7kzyxfsHrbYm7xmtsE5S9EY96QnJD-OKx64P31p907cUBXg4g*HhL*xS98XsSaE=]]></url>
  <title><![CDATA[晋城谁认识这个人？法院公开悬赏！现金奖励！]]></title>
  <content><![CDATA[众里寻他千百度这人到底在何处请跟随小编来看一看到底在找谁？1本院依据山西省泽州县人民法院（2018）晋0525民初344号民事判决书，对杨波欠款103730．21元进行执行，杨波至今未履行生效法律文书确定的付款义务，杨波下落不明。为充分利用社会力量查找被执行人财产及其下落，有效地执行生效法律文书，维护法律权威，依申请执行人申请，根据《中华人民共和国民事诉讼法》第二百五十五条、《最高人民法院关于民事执行中财产调查若干问题的规定》公告查找杨波财产线索及其下落。凡向本院提供被执行人下落及财产线索，并使人民法院找到被执行人的给予500元奖励。被执行人：杨波家庭住址：晋城市城区景西路北段碧春苑小区12号楼2单元602室身份证号 :140502197806280527执行案号：2018晋0525执989号涉案标的：10.4万元举报联系电话：0356-20619852本院依据山西省泽州县人民法院（2016）晋0525民初2041号民事调解书，对王豪欠款10050元进行执行，王豪至今未履行生效法律文书确定的付款义务，王豪下落不明。为充分利用社会力量查找被执行人财产及其下落，有效地执行生效法律文书，维护法律权威，依申请执行人申请，根据《中华人民共和国民事诉讼法》第二百五十五条、《最高人民法院关于民事执行中财产调查若干问题的规定》公告查找王豪财产线索及其下落。凡向本院提供被执行人下落及财产线索，并使人民法院找到被执行人的给予500元奖励。被执行人：王豪家庭住址：山西省泽州县大箕镇南河底村身份证号 :140511198705056818执行案号：2018晋0525执836号涉案标的：1万元举报联系电话：0356-20619853本院依据山西省泽州县人民法院（2018）晋0525民初938号民事判决书，对曾军军欠款56321.50元进行执行，曾军军至今未履行生效法律文书确定的付款义务，曾军军下落不明。为充分利用社会力量查找被执行人财产及其下落，有效地执行生效法律文书，维护法律权威，依申请执行人申请，根据《中华人民共和国民事诉讼法》第二百五十五条、《最高人民法院关于民事执行中财产调查若干问题的规定》公告查找曾军军财产线索及其下落。凡向本院提供被执行人下落及财产线索，并使人民法院找到被执行人的给予1000元奖励。被执行人：曾军军家庭住址：山西省泽州县下村镇章训村身份证号 :140522198707241071执行案号：2018晋0525执1050号涉案标的：5.6万元举报联系电话：0356-20619854本院依据山西省泽州县人民法院（2018）晋0525民初1204号民事判决书，对关晋岗欠款20352元进行执行，关晋岗至今未履行生效法律文书确定的付款义务，关晋岗下落不明。为充分利用社会力量查找被执行人财产及其下落，有效地执行生效法律文书，维护法律权威，依申请执行人申请，根据《中华人民共和国民事诉讼法》第二百五十五条、《最高人民法院关于民事执行中财产调查若干问题的规定》公告查找关晋岗财产线索及其下落。凡向本院提供被执行人下落及财产线索，并使人民法院找到被执行人的给予500元奖励。被执行人：关晋岗家庭住址：山西省泽州县下村镇关山村。身份证号 :140525197511300038执行案号：2018晋0525执993号涉案标的：2万元举报联系电话：0356-20619855本院依据泽州县人民法院（2009）泽民初字第129号民事判决书，对毋建军12．6万元及利息借款进行执行，毋建军至今未履行生效法律文书确定的付款义务，毋建军下落不明。为充分利用社会力量查找被执行人财产及毋建军的下落，有效地执行生效法律文书，维护法律权威，依申请执行人申请，根据《中华人民共国民事诉讼法》第二百五十五条、《最高人民法院关于民事执行中财产调查若干问题的规定》公告查找毋建军财产线索及下落。凡向本院提供被执行人毋建军财产线索经查证属实并实际执行到位的，按实际执行到位金额的5％给予奖励。提供被执行人毋建军下落并查明属实的，给予1000元奖励。被执行人：毋建军家庭住址：山西省泽州县大箕镇石门村人身份证号 :140511196503186017执行案号：2009泽法执字第00206号涉案标的：12.6万元及利息举报电话：0356-2060669、13111269208本院郑重承诺：将严格为举报人保密。山西省泽州县人民法院二〇一八年十月八日来源：晋城法院商务合作：0356-8981555  微信号：weike0356]]></content>
  <author><![CDATA[晋城微客]]></author>
  <time>2018-10-11 13:06:38</time>
  <account><![CDATA[vk0356]]></account>
</data>
