<data>
  <id><![CDATA[50239819]]></id>
  <url><![CDATA[https://mp.weixin.qq.com/s?timestamp=1539596492&src=3&ver=1&signature=Egrj350GoKY8-KUcIJshb1lHfArlMWQe0XkFplB0TGl26bnAImDtkrASHVlXcJIHhP8aa1Z8tjMrMX5Vhtj9SdLeH94a*LTrBf36J9Rw0tpakWs4aHgA2egIsGBAbc*DgRaEqm7jjLIEo20yAn5POpK3Ay*LyTUL5t6iLfDqhX4=]]></url>
  <title><![CDATA[定了！晋城高速东收费站搬到这啦！]]></title>
  <content><![CDATA[近日，小编了解到，晋城市加大资金投入力度，推出大气污染防治新举措，实行改造项目立项审批和前期准备工作同步进行，全面加速高速东收费站改造步伐。晋城高速东收费站位于晋城市区以东3公里处，是长晋、晋焦高速公路连通交会的枢纽，在晋城市城市交通路网中起着至关重要的作用。近年来，随着晋城经济建设的发展，特别是城镇化的建设及城镇结构和功能的完善，晋城东收费站附近频繁发生大面积堵车现象，不仅存在较大安全隐患，而且车辆拥堵所产生的汽车尾气也成为大气污染的重要来源。这一情况就要发生改变啦晋城市政府牵头成立了由市财政局、交通局、审计局 公路分局、交控集团晋城分公司等相关单位参与的晋城高速东口收费站改造工程应急工程现场工作组长晋高速公司、晋焦高速公司与晋城市政府等相关部门沟通协调共同研究新站选址、工程建设规模和工程投资估算确定了新建站址晋城东收费站迁建改造工程位于城区钟家庄办事处东上庄村将在主线双向四车道的基础上改扩建为六进十出十六车道对缓解收费站交通拥堵降低汽车尾气排放具有重要意义点赞支持晋城东收费站搬迁！来源：山西日报、太行日报商务合作：0356-8981555  微信号：weike0356]]></content>
  <author><![CDATA[晋城微客]]></author>
  <time>2018-10-10 12:15:19</time>
  <account><![CDATA[vk0356]]></account>
</data>
