<data>
  <id><![CDATA[50239819]]></id>
  <url><![CDATA[https://mp.weixin.qq.com/s?timestamp=1539596492&src=3&ver=1&signature=Egrj350GoKY8-KUcIJshb1lHfArlMWQe0XkFplB0TGl26bnAImDtkrASHVlXcJIHhP8aa1Z8tjMrMX5Vhtj9SVcyXQ2Q5r-Ksfnwc7RBsGWmhKhYTs-VBl29U82IZLU54o8eHHWiBziIADeM*iY3UvAZc*ozBnZo6vFGDGyd1dc=]]></url>
  <title><![CDATA[中原街改造最新进展！年底将……]]></title>
  <content><![CDATA[导 读作为2018年重点工程项目中原街改造工程备受关注而市民最关心的莫过于这条道路的改造进度下面就让小编带大家去现场看看吧昨天记者来到文博路东侧的中原街改造工程施工现场采访作为我市第一个PPP模式投资建设项目中原街改造工程受到市委、市政府高度重视为了最大限度减少对市民出行的影响早日完成施工任务全体参建人员昼夜连战在保证质量的前提下加紧推进市地下管廊投资运营有限公司技术总监段羊阳说目前全线共进场各类机械设备294台套作业人员1435人一个月可以完成1.5公里的道路改造为了让市民能早日享受出行的便利我们计划近期再增加施工人员1050人全线加班加点全力以赴，连续奋战抓住当前的黄金季节一刻不停加紧施工力争早日完成任务给市民提供更加宽阔、舒适、便捷的交通环境工程建设全面提速后晋阳高速至西环路段西环路至凤城路段景西路至黄华街段白水桥东至太行路西段以及迎宾桥东至兰花路西段将会在12月31日完成道路首层沥青敷设黄华街至泽州路段将于12月31日完成地下综合管廊主体及道路基础以下回填中原街改造及地下综合管廊道路工程是全国目前在建最长的装配式管廊是全国第一条在中心城区主干道下开工建设的地下综合管廊是山西省第一条智慧管廊和叠合装配式整体管廊也是山西目前已开工建设最长的地下综合管廊项目该工程西起牛匠村晋阳高速高架桥东至太焦铁路桥西全长约6874米红线宽50米道路等级为城市主干道采用双向八车道横断面布置为两侧4米人行道2.5米骑行带2米绿化带15米机动车道3米中央分隔带道路地下中央布设综合管廊全长约6435米其中晋阳高速至文博路段为三舱布设热力舱、水舱、缆线舱文博路至兰花路段为两舱布设水热舱、缆线舱主要建设内容包括道路工程、交通工程交通疏解工程、桥梁工程管廊工程、监控中心涵洞工程、给排水工程照明工程、绿化景观工程等截至目前中原街管廊工程基坑开挖土石方70万立方米占总设计量的67%管廊垫层2936米占总设计量的47%管廊底板2202米占总设计量的34%管廊主体1625米占总设计量的25%目前现场具备开挖施工段落约4公里随着近期“三供”管线迁改就位具备开挖条件段落将很快达到5公里以上年底将完成5126米管廊主体施工及回填实现3925米沥青面层完成施工通车来源：太行日报商务合作：0356-8981555  微信号：weike0356]]></content>
  <author><![CDATA[晋城微客]]></author>
  <time>2018-10-12 12:59:00</time>
  <account><![CDATA[vk0356]]></account>
</data>
