<data>
  <id><![CDATA[50239819]]></id>
  <url><![CDATA[https://mp.weixin.qq.com/s?timestamp=1539596492&src=3&ver=1&signature=Egrj350GoKY8-KUcIJshb1lHfArlMWQe0XkFplB0TGl26bnAImDtkrASHVlXcJIHhP8aa1Z8tjMrMX5Vhtj9Sdr-wXHzDUj3J1Aug--6iJ-56rtBxYPzHpAJk*rMPmG6JrKmsZZE1qR3Eytb1XVQswzWQlh5SO6S8DcyFOwZZIE=]]></url>
  <title><![CDATA[晋城这家加油站油品质量不合格！是你常去的吗？]]></title>
  <content><![CDATA[重要通知：山西51家加油站汽柴油不合格！加劣质汽油不仅对汽车动力、油耗有影响更重要的会对汽车寿命、油路、发动机造成一定损伤这是不可逆的！车用汽油不合格名单车用柴油不合格名单今天小编就来讲一讲劣质汽油的“三宗罪”第一罪：堵塞油路第二罪：造成发动机积碳第三罪：对三元催化器、氧传感器造成损害是不是个个让人胆战心惊。罪罪不可饶恕。万一，我们一不留神着了道了，如何弥补这个能把“肠子悔青”的无心之举？如果发动机运行平稳，续航能力以及动力性受到了明显影响，那么说明这个加油站还算厚道。及时更换油品就行。如果发动机运行不稳并伴有明显抖动、产生爆震，那么建议各位去靠谱的修理厂对爱车进行一次发动机“体检”，并清洗油路。特别注意：如果车辆出现问题，可以找加油站索赔。车用汽柴油主要质量问题集中在车用汽油的研究法辛烷值、抗爆指数、硫含量、甲醇含量（质量分数）、氧含量（质量分数）、苯含量（体积分数）、闪点（闭口）、多环芳烃含量（质量分数）项目不合格。来源：山西便民在线商务合作：0356-8981555  微信号：weike0356]]></content>
  <author><![CDATA[晋城微客]]></author>
  <time>2018-10-11 13:06:38</time>
  <account><![CDATA[vk0356]]></account>
</data>
