<data>
  <id><![CDATA[50239819]]></id>
  <url><![CDATA[https://mp.weixin.qq.com/s?timestamp=1539596492&src=3&ver=1&signature=Egrj350GoKY8-KUcIJshb1lHfArlMWQe0XkFplB0TGl26bnAImDtkrASHVlXcJIHhP8aa1Z8tjMrMX5Vhtj9SREA9U9mNy1bGGEjDr-kuNEHM6QEw4RAuDO9IAOjhfepUd4pbDhl2KKIGJy2JReoqssZf196Ig3rgyMvTZsiMjw=]]></url>
  <title><![CDATA[提前供暖！晋城今冬供暖时间定了！！但这些事你必须知道……]]></title>
  <content><![CDATA[天气越来越冷晋城人现在一定在盼望一件事两个最温暖的字——供暖好消息来啦！！晋城供暖已经进入倒计时↓↓↓↓市热力公司将于本月20日准备进行系统冷运25日具备供暖条件按照市委、市政府要求11月1日正式向市区供暖让老百姓家中热起来关于供暖，你必须知道的事收费依据目前，我市供热收费标准严格执行省物价局晋价商字[2012]250号文件与晋城市物价局晋市价商字[2012]121号文件的统一规定。收费标准1.按面积收费：住宅：3.3元/月∙平方米（按建筑面积收取）公建：7.2元/月∙平方米（按建筑面积收取）2.按计量收费：供热前按面积预收热费，供暖结束按热量结算，节余热费自动结转下年。居民住宅热价非居民住宅热价基本热价（元/月∙m2）计量热价（元/GJ）基本热价（元/月∙m2）计量热价（元/GJ）0.99元27.08元2.16元59.09元缴费方式1.热力公司现场缴费可前往兰花路热力公司用户服务大厅缴费。2.银行缴费10月15日以后可在各大银行缴费。3.支付宝缴费支付宝：城市服务(可在搜索栏搜索)-生活缴费-输编号可缴费。▼操作指引▼4.微信公众号缴费通过晋城市热力有限公司公众号(微信添加朋友搜索公众号即可找到)“用户缴费”，输编号或地址均可缴费。▼操作指引▼为了保障今冬集中供热工作顺利进行该公司全力推进禁煤区清洁取暖改造新市西街及中原街道路管网拆改设备管网检修技改等各项供暖准备工作今年又有1万户居民享受集中供暖10月12日上午记者来到北石店镇七岭店村一座约540平方米的换热站主体及设备基础已经建成即将进入设备安装阶段在相邻的河东村、前村这里的换热站也正紧锣密鼓施工中据了解此次禁煤区清洁取暖改造将彻底解决孙村、大张村、七岭店、前村、河东、武庄郜匠、窑坡、庞疙瘩、山门、耿窑等11个自然村居民以及高庄、刘果园、文峰、白水、东田石凤城中学(西田石)、南田石等7个社区（供热面积200余万平方米）约1万户居民的冬季取暖问题新市西街、中原街管网改造进入尾声今年我市对新市西街、中原街进行道路提质改造市热力公司也积极针对这两条街道开展了道路管网拆改、设备管网检修技改等各项供热前的准备工作中原街道路供热管网拆改工作管网总长1.81公里，截至目前已完成约1.5公里。在中原街晋城军粮供应站斜对面的一处房屋尚未拆迁，影响工程进度，需要有关部门积极配合，此外在牛匠路段还有100米管道尚未铺设。在中原街泽州路施工现场，施工人员正在紧张地对管廊边坡进行回填，以确保供暖期来临时，供热管网能够安全运行。新市西街道路管网总长3.26公里，目前已完成3.14公里。新市西街供热管网施工最大的难点就是跨越西河，目前架空管道已安装完成，正在进行两端连接，预计本月15日可以完成。随着国投电厂高背压改造供热项目的实施今年市区集中供热可新增700万平方米的供热能力总供热能力达到2300万平方米能够满足今冬市区供热需求与此同时从今年4月开始市热力公司就对辖区设备开展检修技改工作目前已完成常规性检修183大项733小项技改56项设备更换69项老旧管网改造11大项已全部完成经过全面检查验收设备完好率达到100%目前，市热力公司已储备燃煤8000吨锅炉脱硫脱硝使用的石灰粉、液氧尿素和纯碱已完成招标可以满足正常使用一次网补水工作已基本完成11月1日就开始正式向市区供暖啦咱老百姓家中很快也能热起来啦来源：太行日报商务合作：0356-8981555  微信号：weike0356]]></content>
  <author><![CDATA[晋城微客]]></author>
  <time>2018-10-14 17:45:35</time>
  <account><![CDATA[vk0356]]></account>
</data>
