<data>
  <id><![CDATA[50239819]]></id>
  <url><![CDATA[https://mp.weixin.qq.com/s?timestamp=1539596492&src=3&ver=1&signature=Egrj350GoKY8-KUcIJshb1lHfArlMWQe0XkFplB0TGl26bnAImDtkrASHVlXcJIHhP8aa1Z8tjMrMX5Vhtj9SSmmMI11J0XFcjQs57nTkCCFMVIu2xNgGv0dY8a3mXPE4OsHK2DtMQlJ9L*Ks*EcSstmu*9aLWP0SCvlNUSMXPg=]]></url>
  <title><![CDATA[晋煤集团又要招人了！涉及这些岗位……]]></title>
  <content><![CDATA[晋煤集团技术研究院面向集团公司内部招聘技术研发人员的启事山西晋煤集团技术研究院有限责任公司是集团公司的全资子公司，国家级高新技术企业。根据公司发展需要，现面向集团公司在岗员工招聘技术研发人员8名（限制调动人员除外），具体如下：一、招聘岗位、数量及应聘基本要求（一）地震/物探类技术人员  1名1、男性，35周岁及以下；2、“211”院校毕业的普通全日制本科生，硕士研究生不受此限，地质类相关专业毕业；3、本科学历的应具有5年以上井下地质技术岗位工作经验，研究生学历的应具有3年以上井下地质技术岗位工作经验。（二）水文类技术人员  1名1、男性，35周岁及以下；2、“211”院校毕业的普通全日制本科生，硕士研究生不受此限，地质类相关专业毕业；3、本科学历的应具有5年以上井下地质技术岗位工作经验，研究生学历的应具有3年以上井下地质技术岗位工作经验。（三）采矿工程类技术人员  1名1、男性，35周岁及以下；2、普通全日制研究生学历；3、本科、硕士研究生阶段所学专业均应为采矿工程专业；4、具有3年以上井下采矿技术岗位工作经验；5、具备丰富的破碎围岩注浆加固经验，能根据不同工程情况，设计注浆加固方案，并进行现场指导者优先。（四）采矿机械工程类技术人员  1名1、男性，35周岁及以下；2、普通全日制研究生学历；3、要求同时具有采矿工程和机械工程专业学历、学位；4、具有3年以上井下采矿技术岗位工作经验；5、具备机械设计制造、设备维护，以及丰富注浆、充填等材料应用能力，能够根据不同工程情况，设计注浆、充填实施方案，并进行现场指导者优先。（五）新型材料技术人员  2名1、男性，35周岁及以下；2、普通全日制研究生学历；3、本科、硕士研究生阶段所学专业均应为高分子材料、无机材料或复合材料相关专业；4、具有矿用新型材料研发经验，能够独立开展新型材料研发工作。（六）电气工程或软件工程类技术人员1名1、男性，35周岁及以下；2、普通全日制研究生学历；3、具有相应专业助理及以上职称；4、具有3年以上井下机电相关技术岗位工作经验。（七）生产工艺及流程控制（节能环保方向）类技术人员  1名1、女性，35周岁及以下；2、普通全日制本科学历；3、具有相应专业助理及以上职称。4、具有3年以上生产过程、工艺流程、仓储物流等相关工作经验。二、报名事项（一）报名时间：2018年10月8日至10月12日（二）报名地点：技术研究院办公楼709室（晋煤集团宏圣科威公司工业园区内，金驹电厂斜对面）。（三）报名时，需携带所在单位同意报名的证明、应聘申请、与应聘岗位相关的证件及材料的原件及复印件，身份证原件、以及近期一寸彩色免冠照片1张。应聘申请应包含个人基本情况、工作业绩等内容，并经所在单位人力资源部门审核。另外附由本人亲笔书写的300-500字自我推荐材料。（四）综合考评时间另行通知。（五）咨询电话：3657989技术研究院2018年10月8日来源：晋煤百事生活   编辑：壹一商务合作：0356-8981555  微信号：weike0356]]></content>
  <author><![CDATA[晋城微客]]></author>
  <time>2018-10-08 12:59:00</time>
  <account><![CDATA[vk0356]]></account>
</data>
