<data>
  <id><![CDATA[50239819]]></id>
  <url><![CDATA[https://mp.weixin.qq.com/s?timestamp=1539596492&src=3&ver=1&signature=Egrj350GoKY8-KUcIJshb1lHfArlMWQe0XkFplB0TGl26bnAImDtkrASHVlXcJIHhP8aa1Z8tjMrMX5Vhtj9SSmmMI11J0XFcjQs57nTkCD2wkYqXugURoIDGtZCOqQwgqYesYM8RnUs2TCb9-LWNgNKK6Ae1i3LZ4jKr47hMPo=]]></url>
  <title><![CDATA[晋城某路段，突发山体塌方事故！]]></title>
  <content><![CDATA[2018年10月5日上午8：40左右，陵川公路段所辖的坪曲线K7＋250段突发山体塌方地质灾害事故。接到险情报告后，陵川公路段立即响应突发事件应急预案，快速出击。段领导迅速组织人员、机械设备赶赴现场紧急处置。对坍塌体进行清理。晋城公路分局主要领导高度重视，要求现场抢险人员一、要用科学手段加强对沿线路段的持续监测，做好预防工作；二、注意抢险人员自身安全；三、加强道路安全标志增设，对过往车辆人员警示提醒。中午11点左右，在抢险人员的共同努力下，所有坍塌体清理完毕，事故未造成交通中断，没有人员伤亡。启动塌方应急预案，道班工人和路政人员立即到现场进行交通管制。远程管控现场机械清理人工清理道路恢复畅通是他们在大家享受休假的时候依然坚守在自己的岗位上是他们看护着祖国的道路不辞辛苦向坚守岗位的他们致敬！来源：安全晋城   编辑：壹一商务合作：0356-8981555  微信号：weike0356]]></content>
  <author><![CDATA[晋城微客]]></author>
  <time>2018-10-08 12:59:00</time>
  <account><![CDATA[vk0356]]></account>
</data>
