<data>
  <id><![CDATA[50239819]]></id>
  <url><![CDATA[https://mp.weixin.qq.com/s?timestamp=1539596492&src=3&ver=1&signature=Egrj350GoKY8-KUcIJshb1lHfArlMWQe0XkFplB0TGl26bnAImDtkrASHVlXcJIHhP8aa1Z8tjMrMX5Vhtj9SZpBdALA3zJsOr8UJJXUYHSu8SHIVNlfvgMkpWqjLIEcJk8PRygqCvqLSvBNRUcSKY8OZtthaZ22UWdlB6FcIWs=]]></url>
  <title><![CDATA[晋城华洋一男子侵占售车款50万元，竟用来...]]></title>
  <content><![CDATA[晋城市公安局开发区分局刑侦大队破获一起涉案50万元职务侵占案9月29日，分局刑侦大队破获一起涉案50万元职务侵占案，犯罪嫌疑人尚某丹（男，28岁，城区人）迫于压力到分局投案自首。经查，2018年9月以来，犯罪嫌疑人尚某丹利用在山西华洋工贸公司担任网络资源部负责人职务之便，将公司五辆价值282100元汽车售车款擅自存入个人账户。期间，该又向公司谎称有客户要预购两台车辆，需要去太原采购车辆，又将公司226700元购车款据为己有，累计侵占公司508800元售车款，全部用于个人赌博挥霍。目前，犯罪嫌疑人尚某丹因涉嫌职务侵占已被分局依法刑事拘留，案件正在进一步调查中。来源：晋城市公安局开发区分局商务合作：0356-8981555  微信号：weike0356]]></content>
  <author><![CDATA[晋城微客]]></author>
  <time>2018-10-09 14:47:43</time>
  <account><![CDATA[vk0356]]></account>
</data>
