<data>
  <id><![CDATA[50239819]]></id>
  <url><![CDATA[https://mp.weixin.qq.com/s?timestamp=1539596492&src=3&ver=1&signature=Egrj350GoKY8-KUcIJshb1lHfArlMWQe0XkFplB0TGl26bnAImDtkrASHVlXcJIHhP8aa1Z8tjMrMX5Vhtj9SZpBdALA3zJsOr8UJJXUYHQe2c5*NAuxtoPu5L5YE0gMe1ECIA4cQbdDSQMp63MrXSKJ48M*ZM3dNvXL2Ko1Xaw=]]></url>
  <title><![CDATA[晋城集中供热定价成本最新规定？！27号起执行……]]></title>
  <content><![CDATA[昨日（8日），省发改委发布关于印发《山西省城市集中供热定价成本监审办法》的通知——明确规定供热定价成本由生产成本和期间费用两部分构成明确，下列费用支出不得计入供热定价成本——来源：山西省成本调查监审局商务合作：0356-8981555  微信号：weike0356]]></content>
  <author><![CDATA[晋城微客]]></author>
  <time>2018-10-09 14:47:43</time>
  <account><![CDATA[vk0356]]></account>
</data>
