<data>
  <id><![CDATA[50239819]]></id>
  <url><![CDATA[https://mp.weixin.qq.com/s?timestamp=1539596492&src=3&ver=1&signature=Egrj350GoKY8-KUcIJshb1lHfArlMWQe0XkFplB0TGl26bnAImDtkrASHVlXcJIHhP8aa1Z8tjMrMX5Vhtj9SSmmMI11J0XFcjQs57nTkCBs5Ei9rF5HU2ZpBPYz5wnEpOik53YEe7V3*GJOxAzRugMeQxUET6EcV0-4GaknunA=]]></url>
  <title><![CDATA[崇实学校食堂“花卷长毛”案件，被立案调查！]]></title>
  <content><![CDATA[晋城市城区食品药品监督管理局对崇实学校食堂“花卷长毛”案件进行立案调查2018年9月28日，我局接市食药监局转发微博反映崇实学校食堂内出现花卷上长毛等问题，立即指派执法人员赴崇实学校食堂进行调查。执法人员分别对该校第一餐厅及第三餐厅进行了检查，经检查，在该校第三餐厅（教职工餐厅）发现花卷上有黑点，现场对有黑点的花卷封存并送检。目前，我局已对该食堂进行立案调查。晋城市城区食品药品监督管理局2018年9月28日来源：晋城市城区食品药品监督管理局   编辑：壹一商务合作：0356-8981555  微信号：weike0356]]></content>
  <author><![CDATA[晋城微客]]></author>
  <time>2018-10-08 12:59:00</time>
  <account><![CDATA[vk0356]]></account>
</data>
