<data>
  <id><![CDATA[50239819]]></id>
  <url><![CDATA[https://mp.weixin.qq.com/s?timestamp=1539596492&src=3&ver=1&signature=Egrj350GoKY8-KUcIJshb1lHfArlMWQe0XkFplB0TGl26bnAImDtkrASHVlXcJIHhP8aa1Z8tjMrMX5Vhtj9SaoDGscAsTT3lduUHjsBn*lHXOfCra17D6CoFfWeyjEofUZ9ad4DQv*GmBselSx0FelHy5Xn7Vao2Wv7uGJ6uTE=]]></url>
  <title><![CDATA[晋城供暖时间已定，但暖气不暖怎么办？政府回应]]></title>
  <content><![CDATA[最近一件振奋人心的事莫过于供暖时间已定，11月1日开始供暖翘首盼望的晋城小伙伴就等着暖气到来了然而，供暖质量问题又萦绕心头暖气到底能不能那么热呢？近日，东四义村民反映几年来暖气温度远远低于规定标准政府部门就此做出了回应▼▼▼事项内容任先生反映：他住巴公东四义村，几年来暖气费按收费标准缴纳，但暖气温度远远低于规定标准，村民多次反映无果。马上就到供暖季了，问供暖公司（东方供热）领导，领导回应说今年仍旧和往年一样，因为加设备钱款没着落。希望相关部门调查协调是否可以增加设备。处理结果泽州县人民政府2018-10-10回复: 经巴公镇人民政府调查落实，回复如下：巴公镇2011年开始实施镇区集中供暖工程，几年来集中供暖区域随着镇区周边村村民（包括东四义）强烈要求而不断扩大。去年响应上级号召实现清洁能源余热热源替代。今年8月份，针对主线管网管经不能满足不断扩大供暖面积需要的问题，镇政府及早着手将供给官庄、东四义、西四义方向的二级管网投资更换大管经管网。目前正加紧施工。同时要求镇供热办协调东方公司和相关供热企业按责任范围，抓紧维修各村供热设施，确保按时保质供暖。来源：晋城在线商务合作：0356-8981555  微信号：weike0356]]></content>
  <author><![CDATA[晋城微客]]></author>
  <time>2018-10-15 14:30:46</time>
  <account><![CDATA[vk0356]]></account>
</data>
