<data>
  <id><![CDATA[50239819]]></id>
  <url><![CDATA[https://mp.weixin.qq.com/s?timestamp=1539596492&src=3&ver=1&signature=Egrj350GoKY8-KUcIJshb1lHfArlMWQe0XkFplB0TGl26bnAImDtkrASHVlXcJIHhP8aa1Z8tjMrMX5Vhtj9SaoDGscAsTT3lduUHjsBn*kITUtvCD*kNwEdJX36ESrSsijAFJFwdO7L1r*KyB-TWuk0OxOLRTds6r7korTHBDU=]]></url>
  <title><![CDATA[晋城最新一批欠钱不还的人曝光了！有你认识的没...]]></title>
  <content><![CDATA[泽州县人民法院公  告为维护法律权威，保障胜诉当事人的合法权益，现依法对下列被执行人予以信用惩戒，公告如下：一、在政府采购、招标投标、行政审批、政府扶持、融资信贷、市场准入、资质认定等11类100余项方面予以联合惩戒。二、限制高消费，禁止乘坐飞机、列车软卧、G字头动车组列车全部座位、其他动车组列车一等以上座位，禁止办理护照、宣布护照作废，限制出境，限制或禁止贷款、投资、办理信用卡，禁止参团旅游，禁止子女就读高收费私立学校等。三、被执行人是公职人员、人大代表、政协委员、村（居）“两委”成员，除依法对其采取上述措施外，还将通报至有关主管单位、纪检监察机关、组织人事部门敦促履行.四、被执行人或相关人员规避、妨碍和抗拒人民法院执行的，本院将采取罚款、拘留等强制措施；对涉嫌妨害公务和拒不执行人民法院判决、裁定犯罪的，将依法移送公安机关立案侦查，追究有关人员的刑事责任。社会公众如发现失信被执行人的财产线索及高消费行为的，可向本院执行局举报，本院将根据举报内容和执行到位情况，给予举报人奖励，并对举报人信息严格保密。举报电话：0356-20617370356-2061739来源：泽州法院商务合作：0356-8981555  微信号：weike0356]]></content>
  <author><![CDATA[晋城微客]]></author>
  <time>2018-10-15 14:30:46</time>
  <account><![CDATA[vk0356]]></account>
</data>
