<data>
  <id><![CDATA[50239819]]></id>
  <url><![CDATA[https://mp.weixin.qq.com/s?timestamp=1539596492&src=3&ver=1&signature=Egrj350GoKY8-KUcIJshb1lHfArlMWQe0XkFplB0TGl26bnAImDtkrASHVlXcJIHhP8aa1Z8tjMrMX5Vhtj9SSmmMI11J0XFcjQs57nTkCDZ31exORDlKO-bcHiVKjE-f*oTu6nq7zqhUAeGtPgJWJYBB9lr6MVOmR7R-Ogc3tY=]]></url>
  <title><![CDATA[晋城住小区的这钱不用交了！不知道亏大了！]]></title>
  <content><![CDATA[.]]></content>
  <author><![CDATA[晋城微客]]></author>
  <time>2018-10-08 12:59:00</time>
  <account><![CDATA[vk0356]]></account>
</data>
