<data>
  <id><![CDATA[50239819]]></id>
  <url><![CDATA[https://mp.weixin.qq.com/s?timestamp=1539596492&src=3&ver=1&signature=Egrj350GoKY8-KUcIJshb1lHfArlMWQe0XkFplB0TGl26bnAImDtkrASHVlXcJIHhP8aa1Z8tjMrMX5Vhtj9SQjQz9WR3B2I57Spho5402AZE*X-xW8VXHEok-4XuiUV*z7jeflnZYAMyC1YBWkBsT13fE30ni9aOpy-RgaRrc0=]]></url>
  <title><![CDATA[这个国庆，晋城这里4次上央视！当之无愧的“央视宠儿”！]]></title>
  <content><![CDATA[国庆假期以来晋城旅游可谓是火爆朋友圈不仅如此晋城还频上央视《国庆出游热,晋城这俩古村落接连上央视!全国游客蜂拥而至…》《千年古镇一天两上央视，厉害了，晋城！》《晋城彻底火了！刚刚，央视又报道了锡崖沟挂壁公路！》这不大阳古镇继两上央视后又再次因打铁花被央视报道话不多说，视频奉上★CCTV-2【第一时间】《山西晋城：看“打铁花”赏民俗庆国庆》★CCTV-13【新闻直播间】《国庆假期·出游山西晋城：看“打铁花”赏民俗庆国庆》国庆假期期间在大阳古镇每天晚上都会迎来大批游客欣赏打铁花表演漫天飞舞的铁花让这里的节日气氛格外浓烈打铁花也是大阳镇当地的一项有着悠久历史的传统技艺表演者将1600℃左右的铁水用工具打向天空中进而迸溅出万朵火花火树银花，甚是壮观在表演过程中除了有六名师傅打铁花之外还需要三名师傅不断烧铁水，送铁水确保打铁花表演持续准备一场这样的表演并非易事师傅们需要从下午开始就进行备料、烧火、化铁作业由于铁水温度极高所以在操作过程中师傅们必须慎之又慎据了解进入国庆假期以来每天都有上万名游客来到大阳古镇行走于民俗古镇之中品美食、赏美景领略传统民俗文化厉害了，大阳古镇1600℃的炽热情怀漫天的铁花流星▲图片来源：然荻影像▲图片来源：然荻影像▲图片来源：然荻影像（资料图）还等什么还没出游的朋友抓住国庆的小尾巴赶紧安排起来今晚去大阳看打铁花吧来源：晋广论坛  推荐：壹一商务合作：0356-8981555]]></content>
  <author><![CDATA[晋城微客]]></author>
  <time>2018-10-07 12:53:00</time>
  <account><![CDATA[vk0356]]></account>
</data>
