<data>
  <id><![CDATA[50239819]]></id>
  <url><![CDATA[https://mp.weixin.qq.com/s?timestamp=1539596492&src=3&ver=1&signature=Egrj350GoKY8-KUcIJshb1lHfArlMWQe0XkFplB0TGl26bnAImDtkrASHVlXcJIHhP8aa1Z8tjMrMX5Vhtj9Sdr-wXHzDUj3J1Aug--6iJ8kHtXXZR7d3RYrPoIpad5p-LUT3GN5YpLn1DosRPS98s9FHM0Z*vCKQCw9VtdMExE=]]></url>
  <title><![CDATA[0℃+10天雨!晋城此地启动供暖准备!]]></title>
  <content><![CDATA[不知是不是错觉今年冬天来的似乎有点急感觉办公室里凉飕飕的其他同事早已喷嚏不断这“冷”是真的啊不信你看晋城市气象局都发布了霜冻蓝色预警(还好不是黄色、橙色)▼▼▼山西省晋城市气象台2018年10月9日17时30分发布霜冻蓝色预警信号：未来48小时内高平、沁水、陵川的地面最低温度将要下降到0℃以下，对农业将产生影响。防御指南1.政府及农林主管部门按照职责做好防霜冻准备工作；2.对农作物、蔬菜、花卉、瓜果、林业育种要采取一定的防护措施；3.农村基层组织和农户要关注当地霜冻预警信息，以便采取措施加强防护。晋城市气象台再看看天气预报简直要崩溃了半个月之内竟然10天有雨日最低气温更是在个位数徘徊▼▼▼很多小伙伴留言吐槽最近早上起床越发困难了冰冷的暖气片好像都在嘲笑据小编所知我省多市已确定了集中供暖时间▼▼▼太原11月1日正式供暖大同从10月10日开始陆续供热朔州城区10月18日零时全面供热热吕梁11月1日准时供热长治11月1日分期分批供暖15日全部供暖你问我晋城什么时候供暖？小编也不知道哦不过晋城有一个地方已经开始供暖准备了哦全市集中供暖应该也不远了▼▼▼为保障今冬供热顺利进行,确保正式供热前达到良好的运行状态,目前晋煤集团物业公司已经开始进行供热运行前准备工作。具体通知如下：晋煤机关小区各住户：机关物业公司将于2018年10月15日上午8时开始向采暖管网内注水，届时请各住户家中留人，以免管路漏水造成不必要的麻烦，如有漏水现象发生，请及时拨打所在小区报修电话，望您积极配合。各小区报修电话及监督电话：南区管理中心   3662555北区（凤瀛）管理中心  3669541东区管理中心  3664777西区管理中心  3684111鉴园区管理中心  3664111晋北区管理中心  3670444经适房区管理中心  3670571监督电话  3664109，3664108机关物业公司二〇一八年十月九日小编温馨提示可以把厚衣服拿出来了哦来源：晋煤视界 山西老乡俱乐部 晋城在线商务合作：0356-8981555  微信号：weike0356]]></content>
  <author><![CDATA[晋城微客]]></author>
  <time>2018-10-11 13:06:38</time>
  <account><![CDATA[vk0356]]></account>
</data>
