<data>
  <id><![CDATA[50239819]]></id>
  <url><![CDATA[https://mp.weixin.qq.com/s?timestamp=1539596492&src=3&ver=1&signature=Egrj350GoKY8-KUcIJshb1lHfArlMWQe0XkFplB0TGl26bnAImDtkrASHVlXcJIHhP8aa1Z8tjMrMX5Vhtj9SREA9U9mNy1bGGEjDr-kuNElV3l4RE9jtsgQ8xcxbNOhouzh5pS-keDodgARULcwqwQnuMwuHuX*sAjtT3*CmCg=]]></url>
  <title><![CDATA[瞒不住了!晋城市医院发生的事，朋友圈都在传……]]></title>
  <content><![CDATA[悬壶济世 医者仁心近日我市人民医院收治了一位患者在王昱晟主任的"妙手"之下避免了可能面临的"切除肛门 挂粪袋"的烦恼小编深入了解后此间钦佩之情久久萦绕▼▼▼最近，家住阳城的李女士碰到了烦心事。这件烦心事要从前段时间的一次检查说起，由于长期便血，李女士去医院进行了肠镜的检查，发现距离肛门3-4cm的直肠上长了个瘤子。本来瘤子发现的这么早，尽快治疗是不幸中的万幸，但在咨询相关人士和上网查阅资料以后，她心情变得十分烦躁，留在脑子里的只有两个词——“肛门切除”、“挂粪袋”。难以接受的现实“肛门切除”，肚子上还要接一个随时兜着排泄物的袋子，对于一辈子爱干净的李女士来说，哪一个也不能接受。李女士的子女看着母亲烦躁，心里特别难受，四处打听有没有保肛的办法。几经周折，李女士来到了市人民医院普外科三病区（肛肠外科）就诊，普外科三病区主任王昱晟仔细查看了李女士的情况，全面评估了肿瘤状况，并详细了解了李女士的想法之后，告诉李女士这两年有种叫“NOSES”的新技术，既不用切肛门，也不用挂粪袋，只要在肚皮上打5个钥匙孔大小的洞，就能根治性切除肿瘤并快速的从手术中恢复。李女士听了，皱了多日的眉头终于舒展开了。图为王昱晟医师带领他的团队采用“NOSES”技术为患者做结直肠癌切除术。(秦开西摄)经过充分的准备，普外科三病区采用“NOSES”技术，给李女士进行了“腹部无辅助切口经肛门内括约肌间切除标本的全腹腔镜下超低位直肠癌根治术”。这个手术名字非常的绕口，效果却十分的好。李女士手术过后，只在腹壁上留下了几个钥匙孔大小的伤口，几乎没有什么疼痛，术后第一天就下床活动，3天左右就开始逐渐恢复饮食，很快就康复出院了。NOSES—“微创中的微创”王昱晟说，NOSES是“Natural orifice specimen extraction surgery”的首字母缩写，中文意思就是“经自然腔道取标本手术”。目前公认的首例NOSES手术是2007年法国医生完成的“经阴道胆囊切除手术”，而首例采用NOSES技术的结直肠癌切除术则是由中国医学科学研究院肿瘤医院王锡山教授于2010年完成的。NOSES手术的特点就是在腹腔镜下切除病灶,充分利用人体自然腔道对病灶取出，减小对患者身体的损伤。如果说腹腔镜微创手术相对于传统开放式手术具有伤口小、恢复快优势的话，那NOSES手术相对于传统腹腔镜微创手术具备了伤口更小、恢复更快的特点，所以被称为“微创中的微创”。NOSES手术的优势及应用王昱晟介绍说，人们说起外科，首先想到的估计就是“开刀、创伤”。以前手术的疤痕很长、看起来也很恐怖，但近几年来，随着微创技术的不断发展，外科手术的创口已经小的多了。尤其是NOSES技术，创口甚至只有钥匙孔大小。这样对于患者来说，术后疼痛轻微，舒适度更高，恢复起来很快，美容效果也很好。对于医生来说NOSES的术野暴露更加清晰，手术的效果也会更好。从结直肠肿瘤切除来说，NOSES已经发展了10种术式，涵盖了低、中、高位直肠，乙状结肠近端、远端，右半结肠，全结肠等肿瘤的治疗。比如这个患者接受的“腹部无辅助切口经肛门内括约肌间切除标本的全腹腔镜下低位直肠癌癌根治术”，其中“腹部无辅助切口”指的是NOSES的无腹部辅助切口特点，“经肛门”指的是NOSES所利用的自然腔道，“内括约肌间除标本”指的是切除方法，“低位直肠癌”则指的是病变位置。根据不同的病灶位置、切除方法的不同，后面的词语都会变化，唯独“腹部无辅助切口”这一NOSES特点不变。目前NOSES技术开展的如何王昱晟说，2016年中国医学科学研究院肿瘤医院王锡山教授著作《NOSES经自然腔道取标本手术——结直肠肿瘤》发布以来，全国NOSES手术进入发展的快车道。目前各省核心医院及医学院校附属医院均有开展。我院普外科三病区在成为独立病区后，在床位数较少、医护数量不足的情况下，开展了一系列的技术创新，引进了结直肠癌NOSES手术、肠梗阻导管治疗肠梗阻、痔疮微创治疗等一系列高端技术。其中NOSES手术的开展术式和手术例数在全省范围内均名列前茅。▼王昱晟主任▼由于在我省肛肠专业技术引进方面做出的贡献，王昱晟被选为山西省医师协会肛肠医师分会副主委，并受邀在《中国NOSES手术巡讲（太原站）》上进行了学术交流。对此，王昱晟平静的说了这样一段话“医学是不断进步的，任何的技术也都不是完美的。通过新的技术给患者带来利益和益处，这是医生的天职，也是我的初衷”。来源：太行日报商务合作：0356-8981555  微信号：weike0356]]></content>
  <author><![CDATA[晋城微客]]></author>
  <time>2018-10-14 17:45:35</time>
  <account><![CDATA[vk0356]]></account>
</data>
