<data>
  <id><![CDATA[50239819]]></id>
  <url><![CDATA[https://mp.weixin.qq.com/s?timestamp=1539596492&src=3&ver=1&signature=Egrj350GoKY8-KUcIJshb1lHfArlMWQe0XkFplB0TGl26bnAImDtkrASHVlXcJIHhP8aa1Z8tjMrMX5Vhtj9Sees0GrlLeP0JyekLOWq4zmyYaRPiUD3O77oTRhGSulaDXbNshoN78VjiAaMtvAOmBuFpkXr1yuQYjSATLVUp88=]]></url>
  <title><![CDATA[晚上喝白开水的朋友，再不看就晚了！]]></title>
  <content><![CDATA[·]]></content>
  <author><![CDATA[晋城微客]]></author>
  <time>2018-10-06 12:58:00</time>
  <account><![CDATA[vk0356]]></account>
</data>
