<data>
  <id><![CDATA[50239819]]></id>
  <url><![CDATA[https://mp.weixin.qq.com/s?timestamp=1539596492&src=3&ver=1&signature=Egrj350GoKY8-KUcIJshb1lHfArlMWQe0XkFplB0TGl26bnAImDtkrASHVlXcJIHhP8aa1Z8tjMrMX5Vhtj9SVcyXQ2Q5r-Ksfnwc7RBsGWuN*rrg8gL3mkeCY98Cy8aulgKlwGoCvhsu47eotarI*qC5bpaUyTul4XvEY-lLnY=]]></url>
  <title><![CDATA[今年冬天“暖气集资费”不让收了！晋城人快看]]></title>
  <content><![CDATA[（请点击视频查看）]]></content>
  <author><![CDATA[晋城微客]]></author>
  <time>2018-10-12 12:59:00</time>
  <account><![CDATA[vk0356]]></account>
</data>
