<data>
  <id><![CDATA[50239819]]></id>
  <url><![CDATA[https://mp.weixin.qq.com/s?timestamp=1539596492&src=3&ver=1&signature=Egrj350GoKY8-KUcIJshb1lHfArlMWQe0XkFplB0TGl26bnAImDtkrASHVlXcJIHhP8aa1Z8tjMrMX5Vhtj9Sdr-wXHzDUj3J1Aug--6iJ8BeckItCahoYrye28qaaONzcsbdaIRf7*w4NdpAnldNmj3euFy0zcczsawx6GiiiE=]]></url>
  <title><![CDATA[兰花、晋煤集团最新人事变动！]]></title>
  <content><![CDATA[关于山西兰花煤炭实业集团有限公司东峰煤矿等安全管理人员的任职情况告示来源：晋城市煤炭煤层气工业局商务合作：0356-8981555  微信号：weike0356]]></content>
  <author><![CDATA[晋城微客]]></author>
  <time>2018-10-11 13:06:38</time>
  <account><![CDATA[vk0356]]></account>
</data>
