<data>
  <id><![CDATA[50239819]]></id>
  <url><![CDATA[https://mp.weixin.qq.com/s?timestamp=1539596492&src=3&ver=1&signature=Egrj350GoKY8-KUcIJshb1lHfArlMWQe0XkFplB0TGl26bnAImDtkrASHVlXcJIHhP8aa1Z8tjMrMX5Vhtj9SWdKncCmByDUAVP1zmnuRMmSJ*dqnlrEvKrODk7hRKTqkjD9AxqWrr9mf2RcJNM0rw26IiUde9y8JuyoCTsO2oA=]]></url>
  <title><![CDATA[晋城有电动车的请注意！！这个车主已被拘留……]]></title>
  <content><![CDATA[.]]></content>
  <author><![CDATA[晋城微客]]></author>
  <time>2018-10-13 13:18:27</time>
  <account><![CDATA[vk0356]]></account>
</data>
