<data>
  <id><![CDATA[50239819]]></id>
  <url><![CDATA[https://mp.weixin.qq.com/s?timestamp=1539596492&src=3&ver=1&signature=Egrj350GoKY8-KUcIJshb1lHfArlMWQe0XkFplB0TGl26bnAImDtkrASHVlXcJIHhP8aa1Z8tjMrMX5Vhtj9Sdr-wXHzDUj3J1Aug--6iJ8qbYdfIAwnRp3*nfbqdlShInmR9nyNedwv2yf*uImcZ3jRyiN2TCUCuE2ONecq9DI=]]></url>
  <title><![CDATA[这俩晋城籍富豪登上了2018胡润百富榜！！还有...]]></title>
  <content><![CDATA[昨日《2018年胡润百富榜》正式出炉，13位山西籍富豪上榜李彦宏是晋商首富，杨建新是山西首富。晋城两人上榜，分别是沁和能源吕中楼和索通发展郎光辉10月10日讯，《2018年胡润百富榜》正式出炉，马云家族以2700亿元财富再次问鼎中国首富。许家印今年卫冕首富失败，他的财富缩水了400亿，以2500亿元位列第二。马化腾2400亿元排第三。三强格局稳固，但其财富值同后面几位的差距越来越大，后六名财富加起来，才能与前三抗衡。今年还新晋了两名企业家，一个是重新归来的，“世界铜王”王文银家族，另一个则是初入十强雷军，凭借小米上市，财富增长了86%达1100亿元。世界晋商网梳理发现，共有13位山西籍富豪上榜。按发展地区分，李彦宏是晋商首富，杨建新是山西首富。按毕业学校分，太原理工大学有两位校友上榜，分别是索通发展主席郎光辉和尚品宅配主席李连柱；山西财专有一位校友上榜，法拉第未来首席执行官贾跃亭。目前因为与中国首富许家印就法拉第未来控制权进行争夺，为全球财经新闻当红炸子鸡；山西财大有一位校友上榜，昌通主席张三货上榜，今年五月被柬埔寨法院发出逮捕令。按照山西地市籍贯区分，太原有四人上榜，分别是杨建新、姚俊良、张三货、李连柱；晋城有两人，吕忠楼和郎光辉；运城两人，远勤山和孙宏斌；阳泉一人，李彦宏；长治一人，李安平；临汾两人人，陈峰和贾跃亭。刚刚“卸任”A股上市公司跨境通实控人、现为青松股份实控人的杨建新、樊梅花夫妇以115亿财富再次成为山西首富，第四次“荣膺”山西首富，不过由于跨境通股价不振，导致其财富和排名均有所下滑，但杨建新夫妇能够连续四年稳坐山西首富之位，且财富如此稳定表现，可谓山西富豪“第一人”。1百度李彦宏（山西阳泉人，北大毕业）家族以1150亿财富位居第九位李彦宏，1968年11月出生，山西阳泉人，百度公司创始人、董事长兼首席执行官。被《时代》《商业周刊》等杂志多次评为“全球最具影响力人物”“中国最具影响商界领袖”。在2014中国富豪榜中，以147亿美元身家名列第二。2融创孙宏斌（山西临猗人）家族以460亿位居第43位，孙宏斌，出生于山西省临猗县，毕业于清华大学，获得硕士学位。硕士毕业后，孙宏斌来到联想集团工作，之后到美国哈佛大学研读了两个月的管理课程。1994年回国后，孙宏斌创建了一个房产代理公司，并曾在天津房产二级市场中占到了30%的份额。2003年起担任融创中国董事会主席。 [1]  2017年10月30日，《2017胡润房地产企业家榜》发布，孙宏斌位列第四。3海航陈峰（山西霍州人）以135亿位居第252位陈峰，男，汉族，1953年6月出生，山西霍州人，高级经济师，海南山西商会会长 。现任海航集团董事局董事长2017年海航集团跃居《财富》世界500强榜单第170位 [1]  ，一年提升183位。 [2]自1993年创业至今，海航集团已历经25年的发展。从单一的地方航空运输企业发展成为以航空旅游、现代物流、现代金融服务为核心主业的大型企业集团。 [3]  2018年9月10日，荣获第十届“中华慈善奖”。4跨境通杨建新夫妇（山西太原人）以115亿位居305位众所周知，作为跨境通原实控人的杨建新夫妇，于1995年创立国内知名裤装品牌——“百圆裤业”，并于1998年注册了上市公司的前身山西百圆裤业有限公司，2011年12月后者成功实现A股上市，成为国内首家上市的专业裤装企业，但之后随着市场竞争的日趋激烈，公司业绩也明显下滑，所以杨建新便操盘上市公司加速向跨境电商转型，通过收购徐佳东旗下的环球易购等国内知名跨境电商企业，快速成长为跨境电商龙头企业，2015年百圆裤业正式更名为跨境通，杨建新夫妇也自2015年以来连续蝉联山西首富。5沁和能源吕中楼（山西沁水人）以53亿财富位居767位吕中楼，1965年生于山西省沁水县尉迟村，中国人民大学经济学博士，国家企业信用信息公示系统显示，吕中楼担任沁和能源集团董事一职。沁和能源集团是一家集煤炭开采、销售、洗选加工、铁路运输、煤炭转化、能源开发等综合业务于一体的中外合资企业，是晋城市地方骨干煤炭企业之一。6昌通集团张三货（山西古交人）以47亿位居876位暂时缺少照片张三货先生,毕业于山西财经大学(前称山西财经学院),持有会计学学士学位,并于长江商学院取得工商管理硕士学位。张先生于采矿业(尤其是煤炭及天然资源管理)拥有丰富经验,从业逾20年。张先生于一九九一年至一九九四年担任山西省煤炭厅古交一矿矿长,负责采矿、技术及管理事务,并于一九九四年至一九九八年担任山西昌通选煤厂总经理,负责生产管理及煤炭产品外销。张先生于物业投资亦饶富经验。张三货先生于二零一三年六月七日获委任为北亚资源控股有限公司执行董事。张三货先生已调任为北亚资源控股有限公司主席，由二零一三年六月十四日起生效。香港上市公司高管被柬法院发逮捕令柬埔寨菩萨省法院近日发出逮捕令，以“伪造罪”缉捕香港绿领控股集团董事局主席张三货、公司高管谢南洋（Tse Michael Nam）。7法拉第未来贾跃亭（山西襄汾人）以45亿位居902位，贾跃亭，1973年2月6日出生，山西襄汾人，乐视控股集团创始人、董事长、CEO。创办的乐视网，是中国唯一的大型全内资民族互联网企业，是全球首家IPO上市视频网站。2016年8月5日，酷派宣布，贾跃亭获任酷派董事会主席及提名委员会主席。2017年6月13日，乐视控股(北京)有限公司的法定代表人发生变更，由贾跃亭变更为吴孟；7月6日，辞去乐视网董事长，并出任乐视汽车生态全球董事长；7月27日晚，乐视网（300104）收到控股股东贾跃亭通知，贾跃亭直接所持乐视网股份被全部冻结。2017年12月12日，贾跃亭被列入了失信被执行人名单，执行法院为北京市第三中级人民法院。2017年12月13日，贾跃亭出任法拉第未来公司CEO。8尚品宅配李连柱（山西太原人）以43亿位居963位，李连柱，男，1964年1月出生于山西省太原市。尚品宅配集团创始人，现担任广州尚品宅配家居股份有限公司董事长；广州市圆方计算机软件工程有限公司执行董事；广州新居网家居科技有限公司执行董事，佛山维尚家具制造有限公司董事长。本科毕业于太原理工大学。华南理工大学工学硕士。2004年，李连柱跨界创办了广州尚品宅配全屋家具定制公司。目前，集团共有员工14000人，在北上广深等10多个一线城市拥有近百家直营店，全国400多个城市拥有1000多家加盟店。2017年3月成功在深交所挂牌上市，股票代码300616。9大运集团远勤山（山西运城人）以40亿位居1007位远勤山，男，1968年3月生于山西省运城市盐湖区，工商管理硕士， 经济师。现任大运集团有限公司董事长，山西省总商会副会长，运城市工商联主席，广东山西商会会长。10美锦能源姚俊良（山西清徐人）以37亿位居1112位姚俊良，男，生于1953年，任山西美锦能源集团有限公司董事长。姚俊良出生于山西太原清徐县，山西焦炭大王姚巨货之子。山西美锦能源集团有限公司是中国最大的焦化企业之一，全国最大的商品焦炭生产销售企业,是以能源、城市基础设施、建材、冶金、电力综合利用为主的集团控股公司,公司始建于1982年,总部位于山西省太原市。11郝江波女士，曾经在北京市朝阳区地税局工作过13年，中间，她抽空去人民大学读了一个经济学在职博士。3年前，她辞去公职，一举进入胡润百富榜，动不动就能拿出15亿现金控制上市公司。资料显示，柚子资产成立于2015年5月19日，由自然人郝江波全资设立，注册资本10亿，经营范围主要为资产管理等业务。截止至2015年11月30日，柚子资产资产总计17.42亿元，净利润为-50.89万元。12振东集团李安平（山西长治上党区人）以25亿位居1557位李安平，山西振东集团董事长。掌舵着山西首家登陆创业板的上市企业。曾获得全国劳动模范、中华慈善楷模奖、全国优秀企业家、中医药行业领军人物、社会责任优秀企业家等荣誉。从1993年振东集团成立以来，他组织集团累计投入社会公益慈善事业资金近3亿元 [1]  ，受助人数上万人次。如今，他最喜欢谈论的话题有3个：慈善、管理和上市。目前，他正在打造“百年企业，百亿振东”，让振东走向国际市场13索通发展郎光辉（山西泽州县人）以25亿位居1557位郎光辉，男，1963年9月出生，山西晋城泽州县金村镇人，汉族、中共党员。曾就读于晋城一中，1984年太原工业大学（今太原理工大学）本科毕业，1987年东北大学研究生毕业，工学硕士，教授级高级工程师。索通发展股份有限公司创始人、党委书记、董事长；第二十届山东省优秀企业家；2008中国全面小康十大贡献人物 ；第145届美国TMS会议最佳绿色实践奖首位中国籍获奖者；北京山西企业商会副会长；北京晋城企业商会会长 。来源：世界晋商网商务合作：0356-8981555  微信号：weike0356]]></content>
  <author><![CDATA[晋城微客]]></author>
  <time>2018-10-11 13:06:38</time>
  <account><![CDATA[vk0356]]></account>
</data>
