<data>
  <id><![CDATA[50239819]]></id>
  <url><![CDATA[https://mp.weixin.qq.com/s?timestamp=1539596492&src=3&ver=1&signature=Egrj350GoKY8-KUcIJshb1lHfArlMWQe0XkFplB0TGl26bnAImDtkrASHVlXcJIHhP8aa1Z8tjMrMX5Vhtj9SQjQz9WR3B2I57Spho5402DPc4bzFQgvq-EiYsq1*zufei98rFOtWkG1NRPy1Mmx9lV0pv4kF-*jIlUDU8RD9BA=]]></url>
  <title><![CDATA[晋城工资3500元左右的，2019年就......]]></title>
  <content><![CDATA[.]]></content>
  <author><![CDATA[晋城微客]]></author>
  <time>2018-10-07 12:53:00</time>
  <account><![CDATA[vk0356]]></account>
</data>
