<data>
  <id><![CDATA[50239819]]></id>
  <url><![CDATA[https://mp.weixin.qq.com/s?timestamp=1539596492&src=3&ver=1&signature=Egrj350GoKY8-KUcIJshb1lHfArlMWQe0XkFplB0TGl26bnAImDtkrASHVlXcJIHhP8aa1Z8tjMrMX5Vhtj9SVcyXQ2Q5r-Ksfnwc7RBsGVhtJRGiJ67bDB8MeYC1DIrpcbsT7fXNE*24UVAkrlnQOCZK1fq4N2riD536RD4Rb8=]]></url>
  <title><![CDATA[晋城红星街正在修建人行天桥，终于不堵了！]]></title>
  <content><![CDATA[今天路过红星西街时，星河学校和爱物学校前面都有蓝色围挡，好奇之下小编询问了现场工人，得知这里是要修人行天桥了，至此，晋城市在主城区拟建27座人行天桥第一批终于有新动静了！项目回顾7月24日，晋城规划局发布了晋城市主城区拟建人行天桥选址及第一批拟建天桥规划设计方案公示。其中提到为了保障行人过街安全，改善城市绿色出行环境，晋城市拟在主城区建设27座人行天桥。其中第一批为8座，分别为：新市街商业人行走廊、爱物学校处人行天桥、星河学校处人行天桥、凤台中学处人行天桥、泽州公园北门人行天桥、泽州公园东门人行天桥、凤鸣中学处人行天桥、人民医院处人行天桥。交通困局提起星河学校前的交通路况， 每天上下班的时间可谓是堵车的高峰期，“上班路上1小时，星河附近占一半”虽然有些夸张，但侧面可反映大家的心态。在路上除了公交车、私家车来往通行外，再加上上学的家长小孩、上班的电动车一族、因道路维修改线的多条线路公交、环绕周边的企业，这里经常性陷入“交通困局”。爱物学校前面状况虽然没有星河学校前面严重，但情况不可小觑。每当上学、放学时，来回行驶的车辆与接送孩子的家长几乎擦边而过；爱物学校对面是汇邦现代城商业广场，随着城市格局拉大、 居民入住周边人数增加，这里将来的人流量可想而知。现场实景那么星河学校和爱物学校前面的人行天桥进展如何呢？星河学校星河学校一侧已做围挡：现场运行的机械：内部现场实景：爱物学校爱物学校和汇邦商业广场两侧均已做起围挡，我们亦可以看到汇邦超市入口做了改道标志：现场工人正在寻找煤气管道，为后期管道改线做准备：汇邦商业广场一侧目前有绿网覆盖、管网施工中：改造之后当人行天桥修建起来后有什么好处呢？1、人车分离，保障人身安全：在人行天桥投入使用后，交通拥堵、行人过马难等问题，可以得到有效缓解，从根源上实行人车分流，无论对于行人还是司机都有利于保障人身安全。2、提高城市通行效率、解约时间成本：最近“礼让行人”参与者的越来越多， 身为行人我们享受到更多的优待。但是“行人随意走，车辆不敢过”的现象也越来越多...随着人行天桥的修建，双方各行其道，有助于交通时间成本的降低；3、解决城市乱象，打造有序的城市秩序：我们一直在倡导建立文明城市，然而道路交叉口的拥堵、抢占现象却仍经常发生。人行天桥的修建是解决的拥挤的乱象，侧面上促进城市的和谐有序发展。随着两座人行天桥的修建红星街目前“拥堵”局面将终于得到解决！对此您有何看法？欢迎留言讨论来源：晋城房产网商务合作：0356-8981555  微信号：weike0356]]></content>
  <author><![CDATA[晋城微客]]></author>
  <time>2018-10-12 12:59:00</time>
  <account><![CDATA[vk0356]]></account>
</data>
