<data>
  <id><![CDATA[50239819]]></id>
  <url><![CDATA[https://mp.weixin.qq.com/s?timestamp=1539596492&src=3&ver=1&signature=Egrj350GoKY8-KUcIJshb1lHfArlMWQe0XkFplB0TGl26bnAImDtkrASHVlXcJIHhP8aa1Z8tjMrMX5Vhtj9SWdKncCmByDUAVP1zmnuRMmvjO7cLwiloK9L1oSLoZ9LUK4eQX8IvNRk26lQ1BqjRrC7ZT9R8iv3KPAwVSdkC-w=]]></url>
  <title><![CDATA[最新晋城供暖收费标准出炉!全面缴费开始!]]></title>
  <content><![CDATA[虽说官方数据显示今年10月份平均气温预计比历年同期高0.5℃左右但小编还是觉得今年似乎更冷要不就是这身老骨头不行了遍观近几日小编发布的关于今冬供暖的消息大家最关心的问题就是晋城何时供暖、收费如何接下来头小编带来最新实锤消息▼▼▼2018晋城冬季取暖收费标准小编通过咨询热力公司关于今年冬季取暖收费标准，得到回复如下（此处实名感谢热力公司的客服人员，很耐心很有礼貌）：住宅  3.3元/月·平方米（按房产证上的面积计算）公建  7.2元/月·平方米（即商铺等,收费标准按建筑面积计算）接下来大家可以去缴暖气费了哦小编给大家整理了4种缴费方式除了银行网点10月15日接受缴费其它的现在就可以缴费了▼▼▼1热力公司现场缴费可前往兰花路热力公司用户服务大厅缴费。2银行缴费10月15日以后可在各大银行缴费。3支付宝缴费支付宝：城市服务(可在搜索栏搜索)-生活缴费-输编号可缴费。▼操作指引▼4微信公众号缴费通过晋城市热力有限公司公众号(微信添加朋友搜索公众号即可找到)“用户缴费”，输编号或地址均可缴费。▼操作指引▼最后大家最关心的一定就是晋城什么时候开始供暖很遗憾的是热力公司回复暂时没有收到上级通知那大家希望啥时候供暖呢？来源：晋城头条商务合作：0356-8981555  微信号：weike0356]]></content>
  <author><![CDATA[晋城微客]]></author>
  <time>2018-10-13 13:18:27</time>
  <account><![CDATA[vk0356]]></account>
</data>
