<data>
  <id><![CDATA[50239819]]></id>
  <url><![CDATA[https://mp.weixin.qq.com/s?timestamp=1539596492&src=3&ver=1&signature=Egrj350GoKY8-KUcIJshb1lHfArlMWQe0XkFplB0TGl26bnAImDtkrASHVlXcJIHhP8aa1Z8tjMrMX5Vhtj9Sees0GrlLeP0JyekLOWq4zmUNLun4FdNc4j0KbSBns*KgVjibsNaKd5haPlb3fENVW6Ld9FIC1oDpOYLs*23Y1A=]]></url>
  <title><![CDATA[晋城10月新规条条重要!将彻底影响你的生活~]]></title>
  <content><![CDATA[十一黄金周开始了花钱如流水的日子也开始了出去玩花钱“红色炸弹”也没放过你亲戚、朋友、同学全都挤在国庆办喜事就问你怕不怕接下来还有双十一、双十二轮番轰炸拮据的小伙伴日子真的要雪上加霜了此时省钱是多么重要而这里有一份小编收藏多年的省钱攻略大家一定要收好10月1日起你的钱袋子要鼓啦▼▼▼0110月1日起，你的工资要涨！新个税法于2019年1月1日起施行2018年10月1日起施行最新起征点和税率纳税人的工资、薪金所得以每月收入额减除费用5000元以及专项扣除和依法确定的其他扣除总之就是你的工资要比以前多啦快来看看一年你能省多少钱：0210月1日后，这8项费用不用再交啦《人力资源市场暂行条例》10月1日起施行这些费用不用交了：1、人力资源供求、市场工资指导价位职业培训等信息发布2、职业介绍、职业指导和创业开业指导3、就业创业和人才政策法规咨询4、对就业困难人员实施就业援助5、办理就业登记、失业登记等事务6、办理高等学校、中等职业学校技工学校毕业生接收手续7、流动人员人事档案管理8、县级以上人民政府确定的其他服务食品安全问题放心多了哦～▼03餐厅就餐有保障了国家市场监管总局7月23日发布新修订的《餐饮服务食品安全操作规范》自今年10月1日起施行规范鼓励餐饮服务提供者明示餐食的主要原料信息、餐食数量或重量开展“减油、减盐、减糖”行动为消费者提供健康营养的餐食看到这里，小编顿时一惊！这简直是我们资深外卖用户的福音嘛！再也不用担心外卖不干净了04超市买东西认清这个标识！2018年10月1日起食品生产中不得使用“QS”标志《办法》给予了生产者最长不超过三年过渡期所以，10月1日后大家去超市买东西一定要看清下面这个标识新的政策让生活更便利▼05找工作更加方便了！《人力资源市场暂行条例》10月1日起施行用人单位发布或者向人力资源服务机构提供的招聘信息应当真实、合法不得含有民族、种族、性别、宗教信仰等方面的歧视性内容06电影票支持“退改签”啦好消息：中国电影发行放映协会下发《关于电影票“退改签”规定的通知》明确提出电影票支持“退改签”以后买了票不想看或没时间看的电影分分钟就能退票啦，开心！07交通事故纠纷网上处理有车的山西人注意啦：以后发生道路交通事故损害赔偿纠纷可直接进入道交纠纷网上一体化处理平台使用理赔计算器等也可以在线直接提起调解申请或者诉讼又省时又便捷08晋城人买房更容易啦近日传来一个重！磅！消！息！山西省省级机关住房资金管理中心发布《关于进一步规范住房公积金个人贷款相关业务的通知》根据有关政策公积金贷款首付比例上调至30％正常连续足额缴存六个月以上的职工方可申请公积金贷款最高贷款额度恢复到100万元希望你早日买到自己的房子09山西事业单位招聘山西多地招聘事业单位工作人员这么多好单位找工作的你千万别错过！山西省委党校（山西行政学院）2018年招聘公告一、招聘对象及条件博士研究生为全日制普通高等院校应往届毕业生。二、招聘岗位及人数招聘岗位为专业技术岗位，从事教学与科研工作。计划招聘数为10名。三、招聘时间博士研究生：2018年全年。兴业银行太原分行2019届应届毕业生招聘公告（55人）一、招聘计划二、应聘条件（一）招聘范围：1、列入国家985、211工程及重点财经类院校的全日制大学本科及以上学历2019年应届毕业生；2、境外重点院校归国留学生，需获得毕业（或学位）证书和国家教育部留学服务中心的国外学历学位认证。（二）年龄要求：26周岁以下。（三）学历要求：全日制本科及以上学历，须在2019年7月前取得相关毕业证书及学位证书。（四）专业要求：经济类、金融类、财会类、法律类、计算机类等。三、应聘方式请将以下材料打包压缩投递至cibtyfh_2019@163.com，邮件和以下材料压缩包请按照“姓名-学历-院校-专业-工作地点”格式统一命名：其他（各类获奖证书、学习及社会实践经历、近期彩色全身生活照一张、在校成绩单、毕业生就业推荐表等材料电子版）。四、其他注意事项报名截止时间2018年10月31日，咨询电话： 0351-5658188-580329。中国邮政集团公司山西省分公司2019届毕业生招聘公告一、招聘范围及条件（1）全日制普通高等院校应届毕业生。（2）经教育部留学服务中心认证学历学位的国（境）外应届毕业留学生。二、专业要求（中国邮政集团公司将提供超过2800个职位面向全国2019年应届毕业生！）计算机类、交通运输类、机械电子类、工商管理类、电子商务类、金融经济类、财务会计类、新闻传媒类、人力资源管理类、行政管理类、艺术设计类、政治、历史、法律、中文、英语等专业。三、申请职位须知在本报名系统内，每名应聘者最多申请2个单位、每个单位可申请1个职位。鼓励大学毕业生报名基层邮政企业招聘岗位，在邮政生产、经营和管理一线锻炼成才。招聘单位如无特别说明，简历接收截止时间为2018年10月28日。四、招聘流程五、山西省分公司职位忻州繁峙县2018年事业单位招聘74名工作人员公告一、招聘单位性质、名额及岗位二、发布公告本次招聘信息通过繁峙县人民政府网、忻州市人事考试网发布。三、报名办法和时间本次报名采取网络报名的方式进行，报名网站为忻州市人事考试网（www.sxxzpta.com）。报名时间：2018年10月16日8:00-2018年10月21日24:00；查询时间：报名次日-2018年10月22日12:00缴费时间：初审合格-2018年10月22日17:00咨询电话：0350-5526544（工作日期间上午8:00-12:00，下午2:30-6:00）监督电话：0350-5512380（工作日期间上午8:00-12:00，下午2:30-6:00）临汾曲沃县2018公开招聘事业单位工作人员62人公告一、招聘计划本次共招聘62名工作人员二、招聘办法和程序报名时间： 2018年10月10日—2018年10月12日（上午8:30—12:00，下午14:30—18:00）报名方式：现场报名报名地点：曲沃县人力资源和社会保障局三层（东城新区吉祥北路县直幼儿园北侧）报考相关信息查询网站：曲沃县人民政府网（www.quwo.gov.cn）。曲沃县2018年党群系统公开招聘事业单位工作人员9人公告一、招聘计划本次共招聘9名工作人员二、报名时间及方式报名时间：2018年10月10日至2018年10月12日(上午 8:30 ——12:00 下午14：30——18:00)报名方式：现场报名报名地点：曲沃县人力资源和社会保障局三层（东城新区吉祥北路县直幼儿园北侧）报考相关信息查询网站：曲沃县人民政府网（www.quwo.gov.cn）。三、咨询电话县委组织部  0357— 4522372县人社局    0357— 4590623吕梁兴县经济技术开发区2018年公开招聘工作人员公告一、招聘岗位及名额招聘名额为10名（其中2名为服务基层项目专门岗位人员）服务基层项目专门岗位报名人数不达规定比例时核减的招聘名额直接调整到同类岗位面向社会招聘。二、招聘程序（一）发布公告招聘公告在吕梁人事人才网（http://www.llrc.com.cn/)、兴县人民政府网、兴县电视台等媒体向社会发布。（二）网上报名及资格初审报名方式：网上报名报名时间：2018年10月12日至2018年10月18日报名网址为：吕梁人事人才网（http://www.llrc.com.cn/)。10降低门票价格公告山西省发改委日前公布了关于降低太行山大峡谷等重点国有景区门票价格的通知决定在统一降价15%的基础上自10月1日起进一步降低太行山大峡谷、五台山、云冈石窟、平遥古城、壶口瀑布等景区门票价格。五台山旺季门票价格由现执行每人次145元降为135元与原规定价格每人次168元相比旺季累计降低33元，降幅19.6%上面的每条消息可都和我们的生活密切相关哦一定要收藏起来不要忘了分享给身边的朋友哦来源：网络综合  推荐：壹一商务合作：0356-8981555]]></content>
  <author><![CDATA[晋城微客]]></author>
  <time>2018-10-06 12:58:00</time>
  <account><![CDATA[vk0356]]></account>
</data>
