<data>
  <id><![CDATA[50239819]]></id>
  <url><![CDATA[https://mp.weixin.qq.com/s?timestamp=1539596492&src=3&ver=1&signature=Egrj350GoKY8-KUcIJshb1lHfArlMWQe0XkFplB0TGl26bnAImDtkrASHVlXcJIHhP8aa1Z8tjMrMX5Vhtj9SVcyXQ2Q5r-Ksfnwc7RBsGUYzoChOT4rz0AZeQdkjrVSplyrFSaCC3bGYsNaCMy7tSXjO7siNCI9I2IK096ckls=]]></url>
  <title><![CDATA[晋城某银行的ATM机被装窃取信息设备，已有70余人受害！]]></title>
  <content><![CDATA[10月10日，山西省检察院召开全省检察机关公诉精品案件新闻发布会，省检察院党组成员、副检察长苑涛通报了全省检察机关首届十大精品公诉案件评选活动的有关情况，并发布了山西省检察机关十大精品公诉案件，其中包括高平一起信用卡诈骗案。崔百岁、郝志明、贾晓波信用卡诈骗案2017年春节过后，被告人崔百岁、郝志明、贾晓波三人因为经济拮据产生了在银行ATM机上窃取公民信用卡信息出卖牟利的想法。随后，崔百岁到广东省深圳市购买了窃取公民信用卡信息的设备。同年2月底至3月初，崔百岁、郝志明先后到内蒙古、河南省、山西省等地进行了踩点安装并测试了设备，最终将作案地点选择在了山西省高平市。同年3月31日至4月6日期间，崔百岁、郝志明二人多次驾车来到山西省高平市建设银行、信用社等银行ATM机上安装设备，并成功窃取到70余名，160余条被害人的信用卡信息，随后，崔百岁通过网络将上述信息传输至马来西亚、泰国等地。同年4月下旬，境外人员根据信息制作伪卡盗刷了15名被害人卡内人民币56202.93元，三人共分获赃款23950元。该案由高平市公安局侦查终结。2017年11月28日，高平市人民检察院依法提起公诉。2017年12月13日，高平市人民法院作出一审判决，三被告人以信用卡诈骗罪被判处刑期不等的有期徒刑并处罚金。宣判后，各被告人提出上诉。2018年2月13日，晋城市中级人民法院裁定驳回上诉，维持原判。来源：山西新闻网 三晋都市报商务合作：0356-8981555  微信号：weike0356]]></content>
  <author><![CDATA[晋城微客]]></author>
  <time>2018-10-12 12:59:00</time>
  <account><![CDATA[vk0356]]></account>
</data>
