<data>
  <id><![CDATA[50239819]]></id>
  <url><![CDATA[https://mp.weixin.qq.com/s?timestamp=1539596492&src=3&ver=1&signature=Egrj350GoKY8-KUcIJshb1lHfArlMWQe0XkFplB0TGl26bnAImDtkrASHVlXcJIHhP8aa1Z8tjMrMX5Vhtj9SaoDGscAsTT3lduUHjsBn*lKbTBZRFXc7OK4h1WvajgupJsEyaOzcHnk40cIo7DtpL*z-HvHCgOKaO9kbmxhwgY=]]></url>
  <title><![CDATA[晋城某机关单位被罚款一百万！竟因……]]></title>
  <content><![CDATA[晋城市城区环境保护局行政处罚决定书城环罚字〔2018〕025号晋城市报废汽车回收拆解有限公司：统一社会信用代码：911405007259202183地址：山西省晋城市城区陵沁路以南郑太铁路以东北环街666号法定代表人 ：韩振安一、调查情况及发现的环境违法事实、证据和陈述申辩及采纳情况我局于 2018年7月24日对你单位进行了调查，发现你单位实施了以下环境违法行为：你单位拆解车间活性炭+光氧化装置未正常运行。以上事实有1.2018年7月24日现场检查笔录及现场照片;2. 2018年7月25日调查询问笔录等证据为凭。你单位的上述行为违反了《中华人民共和国大气污染防治法》第四十五条之规定。我局于 2018年8月8日以《行政处罚事先告知书》（城环罚告字〔2018〕025号）告知你单位陈述申辩权。截止目前，你单位未作出任何陈述和申辩。二、行政处罚的依据、种类及其履行方式、期限依据《中华人民共和国大气污染防治法》第一百零八条第（一）项之规定，我局决定对你单位作出如下行政处罚：罚款人民币叁万元整。限于接到本处罚决定之日起十五日内缴至指定银行和账号。逾期不缴纳罚款的，我局将每日按罚款数额的3％加处罚款。收款银行：中国农业银行晋城市城区支行户    名：代理地方非税收入收缴待结算款项帐    号：04911101010046146行    号：103168091113转账摘要务必写清：晋城市城区环境保护局处罚你单位罚款三、申请行政复议或者提起行政诉讼的途径和期限如不服本处罚决定，可在收到本处罚决定书之日起六十日内向晋城市城区人民政府或者晋城市人民政府申请行政复议，也可在六个月内直接向人民法院提起行政诉讼。申请行政复议或者提起行政诉讼，不停止行政处罚决定的执行。逾期不申请行政复议，不提起行政诉讼，又不履行本处罚决定的，我局将依法申请人民法院强制执行。晋城市城区环境保护局2018年 9月3日晋城市城区环境保护局行 政 处 罚 决 定 书城环罚字〔2018〕030号晋城市城区市容环境卫生管理局：统一社会信用代码：1214050240664050XX地址：晋城市瑞丰路2210号法定代表人 ：张灵太一、调查情况及发现的环境违法事实、证据和陈述申辩及采纳情况我局于 2018年8月7日对你单位进行了调查，发现你单位实施了以下环境违法行为：你单位（生活垃圾填埋场）调节池柔性漂浮膜焊缝开裂，部分渗滤液流入东侧雨水缓冲池内。以上事实有1.2018年8月7日现场检查笔录及现场照片;2. 2018年8月7日调查询问笔录等证据为凭。你单位的上述行为违反了《中华人民共和国水污染防治法》第四十条第三款之规定。我局于 2018年8月8日以《行政处罚事先告知书》（城环罚告字〔2018〕030号）告知你单位有陈述申辩权，以《行政处罚听证告知书》（城环罚告字〔2018〕012号）告知你单位有要求听证的权利。截止目前，你单位未作出任何陈述和申辩也未要求听证。二、行政处罚的依据、种类及其履行方式、期限依据《中华人民共和国水污染防治法》第八十五条第（九）项之规定，我局决定对你单位作出如下行政处罚：罚款人民币壹佰万元整 。限于接到本处罚决定之日起十五日内缴至指定银行和账号。逾期不缴纳罚款的，我局将每日按罚款数额的3％加处罚款。收款银行：中国农业银行晋城市城区支行户    名：代理地方非税收入收缴待结算款项帐    号：04911101010046146行    号：103168091113转账摘要务必写清：晋城市城区环境保护局处罚你单位罚款三、申请行政复议或者提起行政诉讼的途径和期限如不服本处罚决定，可在收到本处罚决定书之日起六十日内向晋城市城区人民政府或者晋城市人民政府申请行政复议，也可在六个月内直接向阳城县人民法院提起行政诉讼。申请行政复议或者提起行政诉讼，不停止行政处罚决定的执行。逾期不申请行政复议，不提起行政诉讼，又不履行本处罚决定的，我局将依法申请人民法院强制执行。晋城市城区环境保护局2018 年8月8日来源：晋城市城区环境保护局商务合作：0356-8981555  微信号：weike0356]]></content>
  <author><![CDATA[晋城微客]]></author>
  <time>2018-10-15 14:30:46</time>
  <account><![CDATA[vk0356]]></account>
</data>
