<data>
  <id><![CDATA[50239819]]></id>
  <url><![CDATA[https://mp.weixin.qq.com/s?timestamp=1539596492&src=3&ver=1&signature=Egrj350GoKY8-KUcIJshb1lHfArlMWQe0XkFplB0TGl26bnAImDtkrASHVlXcJIHhP8aa1Z8tjMrMX5Vhtj9SREA9U9mNy1bGGEjDr-kuNFa4ILei3ubEYjbl7qJONQEfT-diC5-esKqQoP4p*3U6rC*72LdZnP0CyENOgLEE*M=]]></url>
  <title><![CDATA[南大街“步行街”铺砖了!太美了!]]></title>
  <content><![CDATA[你期待的南大街“步行街”是什么样的呢是这样的么▼▼▼▼南大街效果图▼昨日正午经过实地走访南大街改造工程现场发现步行街已现雏形不信你看铺了地砖的南大街是不是无与伦比的高大上呢▼▼▼▼铺砖后的南大街▼据现场施工人员介绍目前南大街已完成了全部的地下管网铺设路基硬化也完成了一大半目前在新市街汇入口处南大街部分路段已经开始了铺设地砖的工作▼▼▼▼铺地砖▼▼硬化后的路基▼在南大街北段还有一小部分正进行清除富余土渣工作和临街商铺管网接入改造工作▼▼▼▼南大街北段现场▼大概是中午1点多现场施工人员仍在作业放弃休息休假紧张投入到南大街改造工程中据悉南大街北段路面清除完毕后即可进入全面硬化和地砖铺设工程速度将进一步加快▼▼▼▼忙碌的工程现场▼向这些为晋城建设不余遗力的施工人员致敬相信用不了多久南大街“步行街”将以新的面貌展现在世人眼前来源：晋城头条商务合作：0356-8981555  微信号：weike0356]]></content>
  <author><![CDATA[晋城微客]]></author>
  <time>2018-10-14 17:45:35</time>
  <account><![CDATA[vk0356]]></account>
</data>
