<data>
  <id><![CDATA[50239819]]></id>
  <url><![CDATA[https://mp.weixin.qq.com/s?timestamp=1539596492&src=3&ver=1&signature=Egrj350GoKY8-KUcIJshb1lHfArlMWQe0XkFplB0TGl26bnAImDtkrASHVlXcJIHhP8aa1Z8tjMrMX5Vhtj9SZpBdALA3zJsOr8UJJXUYHQ1fa55nRdW1izJzueVIkwcAEzx*dnQDLRixqJG1GXJkZP4cig6kCVzC5Ydj4L6zJA=]]></url>
  <title><![CDATA[罚款24万！晋城这俩人销售有毒有害食品被判刑]]></title>
  <content><![CDATA[近日沁水县人民检察院公布一批案件其中两人因销售有毒有害食品分别被处罚金十二万我院提起公诉的李某某潘某某销售有毒有害食品案县法院作出一审有罪判决日前，沁水县人民检察院提起公诉的李某某、潘某某销售有毒有害食品案，经沁水县人民法院作出一审判决，李某某判处有期徒刑二年六个月并处罚金十二万元，潘某某判处拘役六个月并处罚金十二万元。我院提起公诉的梁某某销售有毒有害食品案，县法院作出一审有罪判决日前，沁水县人民检察院提起公诉的梁某某销售有毒有害食品案，经沁水县人民法院作出一审判决，梁某某判处有期徒刑六个月，缓刑一年，并处罚金六千元。来源：沁水县人民检察院商务合作：0356-8981555  微信号：weike0356]]></content>
  <author><![CDATA[晋城微客]]></author>
  <time>2018-10-09 14:47:43</time>
  <account><![CDATA[vk0356]]></account>
</data>
