<data>
  <id><![CDATA[50239819]]></id>
  <url><![CDATA[https://mp.weixin.qq.com/s?timestamp=1539596492&src=3&ver=1&signature=Egrj350GoKY8-KUcIJshb1lHfArlMWQe0XkFplB0TGl26bnAImDtkrASHVlXcJIHhP8aa1Z8tjMrMX5Vhtj9SWdKncCmByDUAVP1zmnuRMntDIBPwh-0MUgBqTahMfqBi9b8MOQKFOHxpXYhzDfze0neq1YEb4JiZTBp*RA9yis=]]></url>
  <title><![CDATA[圣亚某专柜价值十余万元黄金首饰丢失！！凶手竟是……]]></title>
  <content><![CDATA[快递员侵占黄金首饰小编之前仅在外地新闻报道中看过没想到在晋城也发生了而且价值十余万元！！而且就在身边的圣亚购物中心！目前，这位25岁的犯罪嫌疑人已被刑事拘留南街派出所快速破获一起快递员侵占黄金首饰案近日，城区公安分局接到圣亚购物中心周大生珠宝专柜报称：该专柜通过快递邮寄的价值十余万元黄金首饰丢失。辖区南街派出所迅速组织精干力量展开侦查。通过大量工作，成功锁定了犯罪嫌疑人张某（男，25岁，沁水县人），并于当日在圣亚广场将其抓获，破案后丢失的黄金首饰被全部追回。经查，张某系某快递公司快递员，案发当日，该接到营业部快递黄金首饰派送任务，心生贪念，用裁纸刀将包裹划开，侵占盒内重332.09克、价值十余万元的黄金首饰，后将包装盒用胶带包好送至收货方圣亚周大生珠宝专柜。目前，犯罪嫌疑人张某因涉嫌职务侵占罪被分局刑事拘留，案件相关工作正在进行中。来源：晋城市公安局商务合作：0356-8981555  微信号：weike0356]]></content>
  <author><![CDATA[晋城微客]]></author>
  <time>2018-10-13 13:18:27</time>
  <account><![CDATA[vk0356]]></account>
</data>
