<data>
  <id><![CDATA[50239819]]></id>
  <url><![CDATA[https://mp.weixin.qq.com/s?timestamp=1539596492&src=3&ver=1&signature=Egrj350GoKY8-KUcIJshb1lHfArlMWQe0XkFplB0TGl26bnAImDtkrASHVlXcJIHhP8aa1Z8tjMrMX5Vhtj9SdLeH94a*LTrBf36J9Rw0tqb27dosFA60IdDtcrL*tHcttWX1CiPR6rg0EN2eeQ7n0no9XDZVrbWTQRMhi5Z2QI=]]></url>
  <title><![CDATA[晋城一裸.身女子被当街暴打？真相来了……]]></title>
  <content><![CDATA[就在今天早上，一条关于“一名裸.身女子在街头被暴打并引来众人围观”的视频在网络上疯传。视频中，还有“晋城维波口腔”的字样。经小编初步核实此视频并非发生于山西省晋城市，而是云南省昆明市晋宁区晋城镇。请大家，勿信谣言，勿传谣言。重要通知！！来源：微友、爱晋就进商务合作：0356-8981555  微信号：weike0356]]></content>
  <author><![CDATA[晋城微客]]></author>
  <time>2018-10-10 12:15:19</time>
  <account><![CDATA[vk0356]]></account>
</data>
