<data>
  <id><![CDATA[50239819]]></id>
  <url><![CDATA[https://mp.weixin.qq.com/s?timestamp=1539596492&src=3&ver=1&signature=Egrj350GoKY8-KUcIJshb1lHfArlMWQe0XkFplB0TGl26bnAImDtkrASHVlXcJIHhP8aa1Z8tjMrMX5Vhtj9SaoDGscAsTT3lduUHjsBn*kwa6dKXbtFtaxWQlUzf6sfMOUy4C19dq34mWaTUrSKMG9iwSkVYGcNFa-IYFDmPME=]]></url>
  <title><![CDATA[晋煤集团又要招人了！涉及一批岗位……]]></title>
  <content><![CDATA[山西沁东能源有限公司成立于2014年3月，主要从事东大矿井及选煤厂项目的投资建设和运营。东大矿井及选煤厂项目是国家煤炭工业“十一五”规划的开工项目，省、市、县重点工程，晋煤集团2018年重点建设项目。现根据公司生产经营需要，面向集团公司内部在岗员工招聘专业技术人员9名（限制调动人员除外），具体如下：一、应聘岗位、数量及基本要求（一）抽放技术员  1名1.男，40周岁以下；2.本科以上学历，安全工程及相关专业毕业；3.具有相关专业初级以上职称；4.具有3年相关工作经验，熟悉千米钻机施工原理、具备瓦斯抽放设计能力。（二）防突技术员  1名1.男，40周岁以下；2.本科以上学历，安全工程及相关专业毕业；3.具有相关专业初级以上职称；4.具有3年相关工作经验，持有防突作业证者优先。（三）电力线路技术员  1名1.男，40周岁以下；2.本科以上学历，电气相关专业毕业；3.具有相关专业初级以上职称；4.具有3年机电管理相关工作经验，具有高低压供电管理工作经验者优先。（四）监测监控技术员  1名1.男，40周岁以下；2.本科以上学历,安全工程、电气相关专业毕业；3.具有相关专业初级以上职称；4.具有3年相关工作经验，持有安全监测监控作业证者优先。（五）机电技术员  1名1.男，40周岁以下；2.本科以上学历，电气类相关专业毕业；3.具有相关专业初级以上职称；4.具有3年相关工作经验，持有井下机电防爆工证件者优先。（六）安全技术员  1名1.男，40周岁以下；2.本科以上学历，煤炭主体专业毕业；3.具有相关专业初级以上职称；4.具有3年相关工作经验，同时具有安全信息管理工作经验者优先。（七）事故分析员  1名1.男，40周岁以下；2.具有3年事故分析或井下安全管理工作经验。（八）安装预算员  1名1.男，40周岁以下；2.具有3年工作经验，并且持有安装造价员证件。（九）纪检管理员  1名1.中共党员，具有3年以上工作经验；2.具备一定的文字功底，从事过文字材料的编撰工作，具有党务工作经验者优先。二、报名事项1.报名时间：2018年10月17日—10月23日2.报名地点：集团公司人力资源管理中心业务大厅。3.报名时，需携带所在单位同意报名的证明、应聘申请、与应聘岗位相关的证件及材料的原件及复印件，身份证原件、以及近期一寸彩色免冠照片1张。应聘申请应包含个人基本情况、工作业绩等内容，并经所在单位人力资源部门审核。4.综合考评时间另行通知。5.联系电话：8889100沁东能源公司2018年10月12日来源：晋煤百事生活商务合作：0356-8981555  微信号：weike0356]]></content>
  <author><![CDATA[晋城微客]]></author>
  <time>2018-10-15 14:30:46</time>
  <account><![CDATA[vk0356]]></account>
</data>
