<data>
  <id><![CDATA[50239819]]></id>
  <url><![CDATA[https://mp.weixin.qq.com/s?timestamp=1539596492&src=3&ver=1&signature=Egrj350GoKY8-KUcIJshb1lHfArlMWQe0XkFplB0TGl26bnAImDtkrASHVlXcJIHhP8aa1Z8tjMrMX5Vhtj9SZpBdALA3zJsOr8UJJXUYHTaLfJ1LGLGTWUCSKBliPPYRasX-*Ja7KmFQaAq*vGSLlQZvHGx*c0Pw58zrO1hp78=]]></url>
  <title><![CDATA[这两天晋城尽是结婚的！唯独这场婚礼，看不下去了……]]></title>
  <content><![CDATA[.]]></content>
  <author><![CDATA[晋城微客]]></author>
  <time>2018-10-09 14:47:43</time>
  <account><![CDATA[vk0356]]></account>
</data>
