<data>
  <id><![CDATA[50239819]]></id>
  <url><![CDATA[https://mp.weixin.qq.com/s?timestamp=1539596492&src=3&ver=1&signature=Egrj350GoKY8-KUcIJshb1lHfArlMWQe0XkFplB0TGl26bnAImDtkrASHVlXcJIHhP8aa1Z8tjMrMX5Vhtj9SSmmMI11J0XFcjQs57nTkCBFrEf6dIdOIm4bnMRG3B5X6aeySJxtnB5ronMTOBQICk-150oEi*7Qr9hG92xUovc=]]></url>
  <title><![CDATA[晋城一国企拒绝检查被曝光！]]></title>
  <content><![CDATA[近期在生态环境部督查工作中又通报了一批涉事单位企业晋城又有4个单位"上榜"▼▼▼10月5日，2018-2019年蓝天保卫战重点区域强化督查工作继续开展，其中200个督查组对京津冀及周边地区的249个县（市、区）进行督查工作，发现涉气环境问题164个。晋城涉事单位一览一、拒绝检查问题：督查组对山西省晋城市经济技术开发区的江淮重工有限责任公司；河南省焦作市城乡一体化示范区的厦安轮胎装配有限公司检查时，督查人员在表明身份后，企业仍拒绝接受检查。二、VOCs整治不到位问题：其中，北京市密云区1家、朝阳区1家；河北省廊坊三河市1家、霸州市1家，保定市满城区3家、定兴县1家、安国市1家、白沟新城1家，沧州市新华区1家，衡水市阜城县1家；山西省晋城市泽州县1家、沁水县1家；山东省菏泽市定陶区1家；河南省郑州市金水区1家、新密市1家，开封市鼓楼区1家、杞县1家，安阳市北关区1家，新乡市封丘县1家，焦作市解放区1家、温县1家。三、其他涉气环境问题：督查组检查发现，河北省石家庄市行唐县南桥镇河合村、辛集市位伯镇位伯小学西侧，唐山市丰南区黄庄镇曹庄子村和高先甸村，廊坊市大城县大尚屯镇后杏林村，保定市顺平县高于铺镇大王村，定州市号头庄，沧州市沧县汪家铺乡杨桥村、海兴县呼如同汽修厂、河间市解家洼村燕赵北大街；山西省太原市娄烦县曹家掌村，阳泉市平定县东庄村，长治市壶关县黄家川村、平顺县005乡道与X672交汇处，晋城市沁水县嘉峰镇豆庄村沁河南侧；山东省淄博市博山区池上镇甘泉村存在露天焚烧垃圾和秸秆现象。河南省新乡市新乡县新星纸业有限公司对周边居民造成环境影响。对上述问题，生态环境部已通过督办问题清单交办相关市、县（区）人民政府依法调查处理。来源：生态环境部   编辑：壹一商务合作：0356-8981555  微信号：weike0356]]></content>
  <author><![CDATA[晋城微客]]></author>
  <time>2018-10-08 12:59:00</time>
  <account><![CDATA[vk0356]]></account>
</data>
