<data>
  <id><![CDATA[50239819]]></id>
  <url><![CDATA[https://mp.weixin.qq.com/s?timestamp=1539596492&src=3&ver=1&signature=Egrj350GoKY8-KUcIJshb1lHfArlMWQe0XkFplB0TGl26bnAImDtkrASHVlXcJIHhP8aa1Z8tjMrMX5Vhtj9SWdKncCmByDUAVP1zmnuRMk62lyUIcq*cS3kmnruWr6mWCoV7SbM6LQyFmFtN7gZQgyKRjF98iFWu-mEmouw0yQ=]]></url>
  <title><![CDATA[全城寻找晋城锦鲤！有人要承包你后半年的吃喝玩乐……]]></title>
  <content><![CDATA[最近我国一位妹子火了！她靠着自己的努(xing)力(yun）过上了坐拥金山银山下半辈子可以不用上班的生活讲真的，小编一点都不羡慕！对！没错！她就是“信小呆”被支付宝在300万人中抽中的幸运者！是2018年的中国锦鲤！逆天改命！一夜暴富！下半生不用工作......全世界吃喝玩乐一不小心就被免单难道这不就是我们凡人的人生终极理想么？！不过你以为小编这篇文章的用意只是拿来羡慕信小呆这只中国锦鲤的吗？NONONO!!!小编来实名羡慕即将现身的晋城锦鲤的！全城寻找晋城最最最幸运的锦鲤你，就是天选之子！独宠给你 / 晋城锦鲤今天！柴火科技&微博晋城同城正式宣布这一次我们要搞一次大的！后半年的吃喝玩乐，我们全包了！我们要在全晋城千万人当中抽取一名幸运的集晋城近百家商家独宠于一身的晋城锦鲤 / 天选之子到底怎么宠你？请看长图！......对！你没看错！晋城近百家商家福利清单！全部免费享用！晋城锦鲤，好事成双！柴火科技融媒体微博、微信将各自评选出一名晋城锦鲤！10月19日下午17：00开奖参与方式微信晋城锦鲤步骤一：根据语音提示操作：步骤二：公众号回复“晋城锦鲤”参与！微博晋城锦鲤关注微博@晋城通 查看置顶微博奖品名单如何查看最新奖品清单长按识别二维码了解详情商家参与锦鲤活动持续招商中18634279477让我变胖吧，我不要做一个死瘦子我只想变成一个美丽开心的小胖子免费吃吃喝喝玩玩到哪都是个让人羡慕的天选之子！！好吧，小编现在已经激动的不会说话了！不知道说啥好了……那就先祝大家五福临门恭喜发财化身锦鲤开开心心吧！！！我先去报名抽奖啦晋城锦鲤，祝您好运]]></content>
  <author><![CDATA[晋城微客]]></author>
  <time>2018-10-13 13:18:27</time>
  <account><![CDATA[vk0356]]></account>
</data>
