<data>
  <id><![CDATA[50239819]]></id>
  <url><![CDATA[https://mp.weixin.qq.com/s?timestamp=1539596492&src=3&ver=1&signature=Egrj350GoKY8-KUcIJshb1lHfArlMWQe0XkFplB0TGl26bnAImDtkrASHVlXcJIHhP8aa1Z8tjMrMX5Vhtj9Sdr-wXHzDUj3J1Aug--6iJ9VdJqW2dksfs26q7V5jj7ihCS6hq13YCkTYwePukvFDJPHNwNWczTB2wuP3Euk7W8=]]></url>
  <title><![CDATA[新农合要退费了，来看下你能退多少？]]></title>
  <content><![CDATA[.]]></content>
  <author><![CDATA[晋城微客]]></author>
  <time>2018-10-11 13:06:38</time>
  <account><![CDATA[vk0356]]></account>
</data>
