<data>
  <id><![CDATA[50239819]]></id>
  <url><![CDATA[https://mp.weixin.qq.com/s?timestamp=1539596492&src=3&ver=1&signature=Egrj350GoKY8-KUcIJshb1lHfArlMWQe0XkFplB0TGl26bnAImDtkrASHVlXcJIHhP8aa1Z8tjMrMX5Vhtj9SREA9U9mNy1bGGEjDr-kuNElpDUic95YO6j15DUjkTM6TBLe3UVOOgQ79ZixUSvA40R6xaR90cNILQfBPoSj6wk=]]></url>
  <title><![CDATA[晋城这7个地方的房子最好不要买！真相竟然是……]]></title>
  <content><![CDATA[·]]></content>
  <author><![CDATA[晋城微客]]></author>
  <time>2018-10-14 17:45:35</time>
  <account><![CDATA[vk0356]]></account>
</data>
