<data>
  <id><![CDATA[50239819]]></id>
  <url><![CDATA[https://mp.weixin.qq.com/s?timestamp=1539596492&src=3&ver=1&signature=Egrj350GoKY8-KUcIJshb1lHfArlMWQe0XkFplB0TGl26bnAImDtkrASHVlXcJIHhP8aa1Z8tjMrMX5Vhtj9SaoDGscAsTT3lduUHjsBn*kYx*YIwAULZVTw9-gaV15IMvFhMsEQ-SQbxvRsecW0GqS49TakRBOD3Zh52Id*fH8=]]></url>
  <title><![CDATA[新市西街这段路基本能通车了！最新现场图流出……]]></title>
  <content><![CDATA[好消息新市西街泽州路至西河桥段主路油面已铺装完成初步具备通车条件▼▼▼10月14日新市西街泽州路至西河桥段主路油面已铺装完成初步具备通车条件逛街购物的人潮已恢复往日的态势记者在现场看到新铺油的道路十分平坦特别是针对以前街面井盖样式单一指示不明等问题改造后的雨水、污水、自来水（消防）电力、燃气、热力联通弱电（通讯）等设施全面清晰地标注在井盖上据了解新市西街、南大街道路改造工程从设计、管理、建设到验收全部按照一流标准实施工程采用西北规划院专家的一流建设理念设计从投资成本、工期进度、施工工序质量、安全、现场、材料设备及人员、文档资料8个方面进行优化管理路面采用沥青玛蹄脂材料更好地保证了路面的抗裂性、耐久性及抗滑性雨水管、污水管全线采用环刚度12.5的钢带波纹管解决了软弱地基问题在架空线路全线入地基础上安装了融照明、无线网络、环境监测治安监控、公益宣传于一体的智慧路灯市公建局局长马阳光表示目前主要剩余工程量为西马匠至商贸区西河桥过河管道及东河桥过河管道过路管道的碰头用户切换以及主路两侧的扫尾工作下一步将按照施工计划继续严格标准加快扫尾进度确保早日完工对于施工中给广大市民造成的不便希望大家多多谅解将以一流的质量给大家打造更加舒心的出行环境新市西街、南大街道路改造工程新市西街改造范围西起西环路东至泽州路全长约3410米红线宽度28米新市西街道路改造工程按城市次干路设计为单幅路型双向四车道南大街道路改造工程南起新市西街北至东西大街全长约646米红线宽15.1—19.8米为单幅路型其设计及建设均按步行街标准执行路面采用石材路面改造内容包括道路工程、桥涵工程、给水、雨水、污水、燃气、智慧路灯、供热、电缆排管、绿化、交通设施、景观等工程及拆迁工作等。此次改造共完成雨水管道铺装4250米污水管道铺装3140米电力排管121000米热力管道主、支管铺设8782米其中新市西街一次网主管3519米，支管430米二次网主管2800米，支管1102米南大街主管716米，支管215米煤气主、支管铺设2518米出运土方28万立方米安装井盖846个铺级配碎石10万立方米铺水稳5.4万立方米沥青0.7万立方米路缘石3400米在建设中共动用大型挖掘机、装载机压路机、起重机、摊铺机等60余台各类运输车辆260余辆投入劳动力高峰期达422人向这些为晋城城市建设默默付出的施工人员致敬相信用不了多久新市西街、南大街将全新亮相来源：太行日报、晋城头条商务合作：0356-8981555  微信号：weike0356]]></content>
  <author><![CDATA[晋城微客]]></author>
  <time>2018-10-15 14:30:46</time>
  <account><![CDATA[vk0356]]></account>
</data>
