<data>
  <id><![CDATA[50239819]]></id>
  <url><![CDATA[https://mp.weixin.qq.com/s?timestamp=1539596492&src=3&ver=1&signature=Egrj350GoKY8-KUcIJshb1lHfArlMWQe0XkFplB0TGl26bnAImDtkrASHVlXcJIHhP8aa1Z8tjMrMX5Vhtj9Sees0GrlLeP0JyekLOWq4zl-hRwVChsAY5u1d3vQIkqJHQZNtDEjvhY0gkxhQXbvdvdURD9QOGB*WtLgOkVcu0o=]]></url>
  <title><![CDATA[晋城又上CCTV了，国庆期间5次霸屏央视！]]></title>
  <content><![CDATA[火了！火了！晋城又上CCTV了！国庆期间，晋城各景区游客爆棚，央视镜头也多次聚焦晋城，报道了游客涌入晋城旅游的的盛况！西黄石村10月1日上午，2018“秋风古韵  畅游泽州”北义城双胞胎小米节暨第三届西黄石文化旅游节开幕式在北义城镇西黄石村隆重举行。庆丰收贺国庆，看街头故事展演，玩寻宝八卦迷宫、重温童真儿时游戏，游“金玉古村”西黄石，北义城烤红薯、小米宴等各类特色美食数不胜数……吃喝玩乐游购娱可谓面面俱到。天官王府行千年古道、观四朝民居赏民俗表演、看最美风景原汁原味的情景小剧还有国家级非遗项目“打铁花”不知不觉地穿行在千年的文化氛围中会有种应接不暇、流连忘返的感觉丹朱岭丹朱岭工业旅游区为公司对邻近矿区的釜山水库进行改造，新修了“湖弯”、“财弯”、“清弯”等“十八弯”美景；利用废弃的矿井，建成井下游览区和集安全培训、灾难模拟为一体的煤矿安全教育培训基地，以井下采、掘、机、运、通五大系统为内涵，采用声、光、电、雾、轻质材料，模拟出瓦斯爆炸、冒顶、透水等事故发生场景，并引入“让游客一起参加应对灾害事故”的理念和形式，使游客真切体验到矿工的井下生产过程。大阳古镇大阳古镇是一座拥有两千六百多年历史的古镇，有规模宏大的明清古建筑群，被称为“中国古城镇活化石”。今年国庆节期间，大阳古镇为广大游客奉上了丰富多彩的节庆活动，逛古镇赏民俗精彩活动享不停！锡崖沟位于山西陵川县的太行山南麓，这里沟壑纵横，峡谷幽深，属于南太行断层地质带。在这地势险峻的地方，一条蜿蜒曲折的挂壁公路，就是锡崖沟挂壁公路。它同云海奇峰松涛一起，构成了八百里太行的奇特风景。沸腾了！这是要强势霸屏的节奏啊！晋城频频亮相央视，既展示了太行明珠的独特风采，也让晋城在全国着实又火了一把！来源：网络综合  推荐：壹一商务合作：0356-8981555]]></content>
  <author><![CDATA[晋城微客]]></author>
  <time>2018-10-06 12:58:00</time>
  <account><![CDATA[vk0356]]></account>
</data>
