<data>
  <id><![CDATA[50239819]]></id>
  <url><![CDATA[https://mp.weixin.qq.com/s?timestamp=1539596492&src=3&ver=1&signature=Egrj350GoKY8-KUcIJshb1lHfArlMWQe0XkFplB0TGl26bnAImDtkrASHVlXcJIHhP8aa1Z8tjMrMX5Vhtj9Sees0GrlLeP0JyekLOWq4zl05e6NQlliTsc-8blZZk*R4S2LKlWck*r1TLBF707Hm7U3ymT*T2CHBkrSbr4VbgI=]]></url>
  <title><![CDATA[晋城一路段地面塌陷，绕行！]]></title>
  <content><![CDATA[10月6日上午九点，路面执勤民警传来消息：晋城市武庄路从红星街到新市街路段正在施工中，由于工地内部地面塌陷，原来预留的可容两车通过的通道，现在仅容一车通过。为了保障道路交通安全，避免耽误大家的行程，请大家尽量绕行此路段，无论您是开车还是骑车通过，都要有序排队通行，切勿抢行、加塞、穿插。望大家相互转告！来源：晋城公安交警二大队  推荐：壹一商务合作：0356-8981555]]></content>
  <author><![CDATA[晋城微客]]></author>
  <time>2018-10-06 12:58:00</time>
  <account><![CDATA[vk0356]]></account>
</data>
