<data>
  <id><![CDATA[50239819]]></id>
  <url><![CDATA[https://mp.weixin.qq.com/s?timestamp=1539596492&src=3&ver=1&signature=Egrj350GoKY8-KUcIJshb1lHfArlMWQe0XkFplB0TGl26bnAImDtkrASHVlXcJIHhP8aa1Z8tjMrMX5Vhtj9SREA9U9mNy1bGGEjDr-kuNGvLoIrf0aFJLewypH*g0Ez5TMQWTnCP*n0UXqVlfVyK-ZLxQ2TXKEtZoEzuWLn6Bk=]]></url>
  <title><![CDATA[晋城这个村的老人连门都不敢出！他们怕什么？]]></title>
  <content><![CDATA[南村的老人连门都不敢出！原因是什么？南村百姓《南村人民给市委市政府领导的一封信》7路，16路，17路，20路公交车是南村人出行的主要途径。2018年10月1日起根据晋城市公共交通条例弟二十七条的规定，这几条线路的公交车在驶出市区金鼎路后只能按座位拉人，给南村人的出行带来了很大的困难。（早上上班坐不上，睌上下班不好回家。甚至有的老年人都不敢出门了，害怕出去回不来）。南村离市区很近，就像市区的一个卫星城，（离市区中原街不到一公里，离金鼎路也就两公里左右）道路状况很好，又没有陡坡，悬崖，现在大车禁行，安全没有问题。 南村作为晋城市的一个生活片区，常住人口已有好几万人，每天进出市区的人流量以超万人。现在又提倡乘座公交，绿色出行，让跑南村的公交按座拉人不符合实际情况。 我们恳请市委市政府领导本着实事求事的原则，具体情况具体分析，为我们解决此事，不要让两公里的两种对待寒了南村几万群众的心。高速绕行10月16日（星期二）、17日（星期三）早上5点半至8点对晋焦高速晋城至焦作方向封闭施工——去往长治太原方向车辆请绕行晋城站、晋城西站去往河南方向车辆请绕行晋济高速去往晋城市区方向车辆请避免在晋城东下站请提前选择绕行路线。来源：微友投稿、网络商务合作：0356-8981555  微信号：weike0356]]></content>
  <author><![CDATA[晋城微客]]></author>
  <time>2018-10-14 17:45:35</time>
  <account><![CDATA[vk0356]]></account>
</data>
