<data>
  <id><![CDATA[50239819]]></id>
  <url><![CDATA[https://mp.weixin.qq.com/s?timestamp=1539596492&src=3&ver=1&signature=Egrj350GoKY8-KUcIJshb1lHfArlMWQe0XkFplB0TGl26bnAImDtkrASHVlXcJIHhP8aa1Z8tjMrMX5Vhtj9SQjQz9WR3B2I57Spho5402BgXk9RyCsmNyodbrVlnQJPhhqGUjDoNHPj5vs*gHUHq6nxOe8tWLCHd5MmL2UvRC8=]]></url>
  <title><![CDATA[晋城30多民法警翻墙下地，飞檐走壁！就为了他！]]></title>
  <content><![CDATA[有些老赖就是让人无语有钱也要拖着不还这下好了不仅派人拿你还给你全称直播对法院此举小编当然是拍手称快▼▼▼9月29日凌晨6点，泽州法院三十余名执行干警整装待发，随着党组书记、院长郭旭鸿的一声令下，专门针对小标的案件的“秋风”专项执行行动正式打响！执行干警兵分两路奔赴巴公镇和川底乡进行强制执行。晋城中院官方微博对此次行动进行了全程图文直播，下面就请大家跟着头条君一起，回顾一下此次执行行动的难忘瞬间！▼迎着朝阳 整队出发▼▼到达执行现场▼▼一路走 一路找▼▼对2名被执行人司法拘留▼执行战果拘传4人。两人当场履行外，其余2名被执行人均被司法拘留15天。当场履行2人。标的分别为1.2万元和0.75万元，解除拘留措施。主动履行：另一案当事人在收到执行传票后，慑于法律威严，主动电话联系执行法官，将所欠12万元打入法院账户。来源：晋城人民法院  推荐：壹一商务合作：0356-8981555]]></content>
  <author><![CDATA[晋城微客]]></author>
  <time>2018-10-07 12:53:00</time>
  <account><![CDATA[vk0356]]></account>
</data>
