<data>
  <id><![CDATA[50239819]]></id>
  <url><![CDATA[https://mp.weixin.qq.com/s?timestamp=1539596492&src=3&ver=1&signature=Egrj350GoKY8-KUcIJshb1lHfArlMWQe0XkFplB0TGl26bnAImDtkrASHVlXcJIHhP8aa1Z8tjMrMX5Vhtj9SdLeH94a*LTrBf36J9Rw0tqQOyG1Iw0XL*jq6fdDioxLMqcBjPhBMFd-Hz1ZOp2TT5Mo8LueeZfFBLzZVAAlbT4=]]></url>
  <title><![CDATA[晋城农村独生子女还能不能享受政策红利？政府回应]]></title>
  <content><![CDATA[近日有村民向政府反映农村经济制度改革背景下独生子女优抚政策能否延用对此，政府给予了回复产权制度改革中的独生子女福利政策问题事项内容李先生反映：他是西上庄办事处庞圪塔村的村民，他家是独生子女户，领了独生子女证。现在在进行农村经济制度改革，根据山西省人口与计划生育条例27条第六款规定，集体收益以人均分配的多给一人份。多年来他们都一直享受着。现在进行集体经济制度改革，村里忽然把这项优抚政策给取消了，这两个政策可以相违背吗？希望相关部门予以回复。处理结果市城区人民政府2018-10-08回复:2018年9月28日，我局接到12345“产权制度改革中的独生子女福利政策问题”的交办单后，区卫计局高度重视，及时研究，并立即安排专人就此事进行调查落实，现将具体情况回复如下： 关于李先生反映“他是西上庄办事处庞疙瘩村的村民，他家是独生子女户，领了独生子女证。多年来他们都一直享受着集体收益以人为均分配的多给一人份的政策，现在进行集体经济制度改革，村里忽然把这项优抚政策给取消了”一事，根据《山西省人口和计划生育条例》第二十六、二十七条中规定“在国家提倡一对夫妻生育一个子女期间，自愿终身只生育或者依法收养一个子女的夫妻，领取《独生子女父母光荣证》的，一方或双方均为农业人口的享受集体利益以人均分配的，增加1人份的份额，以户计发的应当高出户均保准20%以上的额度”的规定，若李先生夫妻一方或双方为农业人口，按照上述《条例》应该享受多一人份的优抚政策。来源：晋城在线商务合作：0356-8981555  微信号：weike0356]]></content>
  <author><![CDATA[晋城微客]]></author>
  <time>2018-10-10 12:15:19</time>
  <account><![CDATA[vk0356]]></account>
</data>
