<data>
  <id><![CDATA[50239819]]></id>
  <url><![CDATA[https://mp.weixin.qq.com/s?timestamp=1539596492&src=3&ver=1&signature=Egrj350GoKY8-KUcIJshb1lHfArlMWQe0XkFplB0TGl26bnAImDtkrASHVlXcJIHhP8aa1Z8tjMrMX5Vhtj9SVcyXQ2Q5r-Ksfnwc7RBsGWBUyj3Ro83iJeFkkTOVRxOLDSuNG5ox-ILD1QzvDEG6zA5EIIKZYlBz5VlO5HAVrE=]]></url>
  <title><![CDATA[晋城警方公布5起案例！涉及楼霸，家族恶势力团伙.....]]></title>
  <content><![CDATA[晋城警方发布5起扫黑除恶典型案例【案例一】城区警方打掉以于某民、王某刚为首的高利放贷、暴力讨债恶势力团伙经查，2017年6月，犯罪嫌疑人于某民、王某刚在没有任何许可的情况下开办“玖圣金融公司”，暗地经营民间借贷业务，并纠集董某某、丁某立、许某祥（在逃）等社会闲散人员，高利放贷、暴力讨债。2017年12月12日，该团伙在泽州县某单位，采取在办公室点燃报纸，在单位走廊、门口喷字的方式，向借贷人田某姐姐田某云讨债。2018年3月4日，该团伙将借贷人张某某非法拘禁60余小时暴力讨债。同时查明，该团伙还无事生非、无故滋事，2017年9月13日，在市区某KTV无故持啤酒瓶将受害人杨某、鲍某殴打致伤，涉嫌殴打他人。目前，犯罪嫌疑人于某民、王某刚已被刑事拘留，董某某、丁某立已被执行逮捕，案件正在进一步办理中。【案例二】泽州警方打掉一个扰乱煤炭市场秩序的恶势力犯罪集团今年2月以来，泽州警方陆续接到群众举报，辖区某煤矿附近存在恶势力违法犯罪人员滋扰运输车户，扰乱煤炭运输秩序的线索。随即，泽州警方专案侦查，查清了以前科人员陈某为首的犯罪集团敲诈勒索、寻衅滋事等犯罪事实。经查，2014年以来，犯罪嫌疑人陈某纠集车某、王某、张某、靳某等刑满释放人员组成恶势力犯罪集团，长期盘据在山西省泽州县某煤矿，借助暴力、威胁、恐吓等手段，向进入该煤矿拉煤的货车收取“信息费”，非法获取经济利益。已查明该团伙共作案9起，其中寻衅滋事案件4起，敲诈勒索案件5起。目前，陈某、车某、王某、张某已被依法执行逮捕，靳某被依法取保候审。案件正在进一步办理中。【案例三】泽州警方打掉一个强迫交易的“楼霸”恶势力犯罪集团今年7月，泽州警方在对原有案件进行排查梳理过程中发现，2015年5月办理的晋普山王某等人敲诈勒索案中，王某等人可能构成恶势力犯罪，立即展开新一轮的调查。经查，2014年底，在晋普山棚户区改造区域，犯罪嫌疑人王某纠集霍某、周某、贺某等人组成恶势力犯罪集团，阻拦、恐吓外来送沙子和水泥车辆人员，迫使小区业主以明显高于市场的价格在该团伙处购买水泥和沙子。期间，强行逼迫小区内上料商户和该团伙合作并收取费用，对交款延迟客户收取高额滞纳金。同时，该团伙在晋普山地区殴打保卫科人员，向摆摊商贩收取保护费。目前，犯罪嫌疑人王某、霍某、周某、贺某等4人因涉嫌强迫交易、敲诈勒索罪已被依法执行逮捕，案件正在进一步办理中。【案例四】阳城警方打掉以王某生为首的家族恶势力团伙经查，今年４月至7月，阳城县白桑籍居民王某生、其女王某霞以举报梁某某私挖滥采为借口，迫使梁某某给王某霞借款20万元，后二人又威胁梁某某，将20万元借条索回，将20万元占为己有。王某生之子王某军以举报苗某私挖滥采为由，逼迫苗某同意王某军到施工现场运输矸石，王某军赚取运费六万余元。王某霞之子田某以大车损坏道路为由，拦车堵路，致使宋某某采石场不能正常经营，迫使采石厂每月向其支付5000元的保护费。王某军又通过堵路和现场堵挖掘机的方式，分别逼迫白桑乡宁某某黏土厂、某村四好公路施工单位，同意其运输黏土和参与工程回填运输，赚取运输费5000余元。目前，犯罪嫌疑人王某生、王某霞、田某因涉嫌敲诈勒索罪、王某军因涉嫌强迫交易罪被依法刑事拘留，案件正在进一步办理中。【案例五】北石店警方打掉一强迫交易恶势力团伙经查，2016年3月以来，犯罪嫌疑人康某方多次纠集犯罪嫌疑人解某、康某波在某煤业公司的土建、安装、矿建建设施工现场，为达到强揽工程、非法获利的目的，通过阻拦滋扰施工、胁迫殴打他人、聚众堵塞道路、敲诈勒索等方式，造成该公司多个项目工期延误、工程成本剧增。目前，犯罪嫌疑人康某方、解某因强迫交易罪被依法刑事拘留，犯罪嫌疑人康某波因病被依法监视居住，目前案件正在进一步办理中。来源：晋城广播电视台商务合作：0356-8981555  微信号：weike0356]]></content>
  <author><![CDATA[晋城微客]]></author>
  <time>2018-10-12 12:59:00</time>
  <account><![CDATA[vk0356]]></account>
</data>
