<data>
  <id><![CDATA[50239819]]></id>
  <url><![CDATA[https://mp.weixin.qq.com/s?timestamp=1539596492&src=3&ver=1&signature=Egrj350GoKY8-KUcIJshb1lHfArlMWQe0XkFplB0TGl26bnAImDtkrASHVlXcJIHhP8aa1Z8tjMrMX5Vhtj9SZpBdALA3zJsOr8UJJXUYHQdlyOlynywJAxQaYM3GBmBm52Otj3PcAq4LLpYV1weLpjDgVqa8LaH8OpauWVm-sc=]]></url>
  <title><![CDATA[晋煤集团华昱公司发生一起事故，1人抢救无效死亡！]]></title>
  <content><![CDATA[刚刚，据安全晋城最新消息：晋煤集团华昱公司气化车间发生一起机械伤害事故！机械伤害事故作为工贸行业较为常见的事故类型是指机械设备运动（静止）时以及部件、工具、加工件直接与人体接触引起的挤压、碰撞、冲击剪切、卷入、绞绕、甩出、切割切断、刺等伤害一般情况下机械伤害事故引起的后果较为严重而且形式多样如搅死、挤死、压死、碾死被弹出物体打死、磨死等即使紧急停车，受害者大多不死也残安全晋城消息：2018年10月4日13时55分，晋煤集团华昱公司气化车间发生一起机械伤害事故，气化车间操作工梁某某巡检过程中，被运行着的带滤机B系统卷入滤布与车辊之间。现场人员发现异常后，14时将梁某某救出，14时50分送达晋煤集团总医院抢救，16时10分经抢救无效死亡。扩展阅读机械伤害事故作为工贸行业较为常见的事故类型。一般情况下，机械伤害事故引起的后果较为严重。那么，这些事故都包括哪些类型，又是如何发生的呢？小编带大家了解一下！也希望大家引以为戒，遵守操作规程，安全作业。网络上一段视频显示，凌晨3时23分，一公司操作员工单人在进行收卷作业时，因员工误操作将手卷入设备中，设备旋转3分钟后才将工人甩下卷轴设备，现场血肉模糊。注：网络视频，引以为戒非本文所指事故、胆小慎看在此小编希望大家在生产检修过程中注意安全安全无小事！来源：安全晋城商务合作：0356-8981555  微信号：weike0356]]></content>
  <author><![CDATA[晋城微客]]></author>
  <time>2018-10-09 14:47:43</time>
  <account><![CDATA[vk0356]]></account>
</data>
