<data>
  <id><![CDATA[50239819]]></id>
  <url><![CDATA[https://mp.weixin.qq.com/s?timestamp=1539596492&src=3&ver=1&signature=Egrj350GoKY8-KUcIJshb1lHfArlMWQe0XkFplB0TGl26bnAImDtkrASHVlXcJIHhP8aa1Z8tjMrMX5Vhtj9SWdKncCmByDUAVP1zmnuRMlwkmeiV3f-Y-IrXzBGNC2K275PMUdZdj4cOOBhwsYaGht5G*RoynxCvI3wA4wJOEc=]]></url>
  <title><![CDATA[全行业通报!晋城“霸道”出租车被处罚!]]></title>
  <content><![CDATA[近日晋城一出租车阻止公交车行驶这一“霸道”行为被广泛传播随后晋城市城市客运管理处对涉事方进行了处理▼▼▼关于晋ET0985不文明行为的处理情况2018年10月10日，《太行日报》(晚报) 热线001报导了晋城市赛风出租汽车有限公司晋ET0985号驾驶员武一峰驾驶该车辆在红星西街星河学校附近公交站点占道经营，阻拦公交车行驶一事。针对此事，我单位立刻组织人员进行调查落实，召开专题会议并作出了处理决定。随后，我处严格按照处理决定，对此事在全行业进行通报批评，对晋ET0985车辆进行了停运，并要求赛风公司对涉事车主及驾驶员进行了学习培训，责令写出检查。▼涉事出租车▼▼车 主▼▼驾驶员▼在年底的服务质量信誉考核中，我处还将对赛风公司扣减20分，对涉事车主扣减10分，涉事驾驶员扣减20分。市客管处要求各出租汽车公司进一步加强运营管理，提升服务水平。同时，呼吁广大出租车驾驶员们对此事引以为戒，并积极响应我市争创全国文明城市号召，严格遵守《晋城市文明行为促进条例》，文明驾驶，礼貌待客，热情服务，安全出行。关于“霸道”出租车相关报道：网友爆料10月9日早上7点半左右网友乘坐1路公交车时遇到这样一幕在红星西街星河学校附近公交站点处一辆出租车霸占了该公交站点致使公交车无法正常停靠公交车只好停在出租车前面待乘客上下车后才开始向前行驶谁知，这时出租车突然行驶到公交车前面停了下来阻拦公交车正常行驶当时不少乘客还下车劝说出租车司机可对方仍旧把出租车停在公交车前面由于着急上班很多乘客只好先换乘下一趟公交车来源：晋城市城市客运管理处、晋城头条、文明晋城商务合作：0356-8981555  微信号：weike0356]]></content>
  <author><![CDATA[晋城微客]]></author>
  <time>2018-10-13 13:18:27</time>
  <account><![CDATA[vk0356]]></account>
</data>
