<data>
  <id><![CDATA[50239819]]></id>
  <url><![CDATA[https://mp.weixin.qq.com/s?timestamp=1539596492&src=3&ver=1&signature=Egrj350GoKY8-KUcIJshb1lHfArlMWQe0XkFplB0TGl26bnAImDtkrASHVlXcJIHhP8aa1Z8tjMrMX5Vhtj9SQjQz9WR3B2I57Spho5402CBvFkWL9bAS9daZDrAW-oAyMltdKVxQPFrl4mo9-beajqOfErtdkvWYn180AoCHJQ=]]></url>
  <title><![CDATA[监控拍下晋城男子无耻一幕!]]></title>
  <content><![CDATA[返程途中，千万注意出行安全……曝光我们外卖小哥在楼里送饭，下来车钥匙不见了，查监控发现是这个男的把钥匙拔了，扔在草丛里。晋城见闻第一次在晋城见到结婚用“狮子”打头的！有什么说法？急寻家属受助者姓名：刘清波受助者性别：男受助者年龄：45精神、智力状况：其它受助者特征：自称刘清波，45岁，家在山西省晋城市高平市北城街道西关社区新建路114号。妻子王小玲，女儿王丹 王凡。受助时间：2014-09-17受助地点：北京 北京市 朝阳区 南磨房派出所联  系  人：衡水精神病医院救助寻亲办公室联系电话：0318-3336062其他信息：来源：微友投稿  推荐：壹一商务合作：0356-8981555]]></content>
  <author><![CDATA[晋城微客]]></author>
  <time>2018-10-07 12:53:00</time>
  <account><![CDATA[vk0356]]></account>
</data>
