<data>
  <id><![CDATA[50239819]]></id>
  <url><![CDATA[https://mp.weixin.qq.com/s?timestamp=1539596492&src=3&ver=1&signature=Egrj350GoKY8-KUcIJshb1lHfArlMWQe0XkFplB0TGl26bnAImDtkrASHVlXcJIHhP8aa1Z8tjMrMX5Vhtj9Sees0GrlLeP0JyekLOWq4zlL9cNjl3-ipMfdpslC19Lbhid8WNqSoaqQx8vl68PcdB4Yi9UggcQMxQzmlu2Fuxw=]]></url>
  <title><![CDATA[晋城这个村的玉茭“成精”啦！啥情况？]]></title>
  <content><![CDATA[劳动人民的智慧果然是无穷无尽的近日我市泽州县某村对秋收后的玉茭进行了改造小编一看 不禁惊呼“玉茭成精啦”▼▼▼10月2日，在泽州县西黄石乡村国庆文化旅游节上，主角玉米上演“变形记”，“变”到让人目不暇接。（摄影：付咏梅）▼玉米“变形记”——十二生肖▼据悉，此次乡村文化旅游节除了这些玉米的“变形记”外，当地还安排有街头故事表演、喜看变迁北义城镇庆祝改革开放40周年图片展、滑稽秀、古装迎亲、民间艺术展、特色小吃、农特产品展、行为艺术、泽州鼓书、戏曲演出、八卦迷宫游。小编觉得今年国庆除了丹朱岭煤矿特色旅游就属泽州县这个“玉茭创意”最亮了忍住不随手就是一个来源：黄河新闻网  推荐：壹一商务合作：0356-8981555]]></content>
  <author><![CDATA[晋城微客]]></author>
  <time>2018-10-06 12:58:00</time>
  <account><![CDATA[vk0356]]></account>
</data>
