<data>
  <id><![CDATA[50239819]]></id>
  <url><![CDATA[https://mp.weixin.qq.com/s?timestamp=1539596492&src=3&ver=1&signature=Egrj350GoKY8-KUcIJshb1lHfArlMWQe0XkFplB0TGl26bnAImDtkrASHVlXcJIHhP8aa1Z8tjMrMX5Vhtj9SWdKncCmByDUAVP1zmnuRMlWF2UNQO90yK7TK-iqQS7jI10Uulr1yhsD0UOcbPIhbxyc0JpVGsmKnUOaJX0Q4V8=]]></url>
  <title><![CDATA[晋城要有“二环”了？市长亲临现场！]]></title>
  <content><![CDATA[晋城要有二环了？小编表示好惊喜！据了解，10月10日上午，市长刘锋深入泽州县巴公镇就国道G342陵沁路西北环晋城过境段改线工程建设工作进行调研。国道G342晋城市过境段位于晋城市区西北部，即目前市区的西环路和北环路。近年来，随着市区辐射半径的扩大，该路段已从干线公路变为市区街道，混合交通流量大，交通拥堵且事故频发，严重制约着晋城市经济社会的发展。该路段的改线工程被晋城市委、市政府列为2018年重点工程建设项目，已同步进入交通运输部“十三五”后三年发展计划。国道G342晋城市过境段改线工程工程简介该项目路线全长35.929公里，采用双向四车道一级公路标准。设计速度为80公里/小时，路基宽度25.5米，桥涵汽车荷载等级为公路-Ⅰ级。主要工程量有，路基土石方1099万方，排水防护38.6万方，特大桥1738m/1座，大桥1458.5m/7座，涵洞49道，通道17道，分离式立交4座，互通式立交5处，天桥6座，养护工区1处。概算投资31.169亿元，建设工期2年。项目路线起点位于泽州县高都镇续家村北，与既有G342顺接，路线上跨太焦高铁后向西经南坡、奎升庄、东山底，进入丹河湿地范围。综合考虑城市规划，丹河景区景观及周边环境，桥梁功能及造价等因素后，设置特大桥1座跨越丹河湿地，全长1738m。主桥采用130+130m，独塔双索面斜拉桥方案，桥塔的轮廓线进行曲线处理，整体造型呈现水滴形。路线继续向西，上跨长晋高速，在东泊南设置单喇叭互通，与G207连通；跨越太焦铁路后，在三沟村北设置全苜蓿叶互通，与规划中畅安路连通；向西北展线，经薄河泉、东四义、西四义，分幅下穿晋高一级公路四义大桥，并设置双喇叭互通，与晋高一级公路连通；路线在山耳东折向南，利用既有南牛线展线，经郭家庄、陈沟、二仙掌、老毛沟、下寺河继续向南上跨晋煤集团铁路专用线后，在夏匠村西北处线位折向西，分幅下穿环城高速东掩大桥与G342顺接；在南掩村设置T型枢纽互通立交，与晋阳一级公路连通；经山西底、坡底，在五门村设置单喇叭互通立交，与市区一环衔接；后经掌村、核桃洼、辘轳井，继续向南上跨晋阳高速后，路线折向东南经峪口、南村铸造工业园区，在张庄村西与晋城环城高速一级公路连接线顺接。项目建成后，将与已通车的国道207线晋城过境段改线工程闭合形成市区二环，现在的陵沁路西北环将作为市区一环的重要组成部分进行城市化道路改造。建成后将改善市区周边交通运输环境拉大城市框架提升城市品位我们的“大晋城”加油！来源：晋城在线、晋城关注商务合作：0356-8981555  微信号：weike0356]]></content>
  <author><![CDATA[晋城微客]]></author>
  <time>2018-10-13 13:18:27</time>
  <account><![CDATA[vk0356]]></account>
</data>
