<data>
  <id><![CDATA[]]></id>
  <url><![CDATA[http://mp.weixin.qq.com/s?src=11&timestamp=1538410434&ver=1156&signature=Ez2RRTxlP9bFP0t5aS9ovFjfAdfXCPR9uz2Y65TioJyP8ncqVYnMVXu8bbycH8kwfGKPnGxQDCSOK2VsB0a4BFWtUoZlWe9jhtkQkqCtmwVmfBAh6EKXjVeLq6cqf8sJ&new=1]]></url>
  <title><![CDATA[不爱读书的孩子不是好孩子]]></title>
  <content><![CDATA[我喜欢读书。写完第一行字，我自己先笑了。原因很简单：除了我，好像没人这么认为。为了证明文章的题目，我得证明我爱读书：上次搬家的时候，搬运工最后管我多要了100元钱：哥们，你家的书太多了，死沉！劳动量太大了，你得加钱……我把价值不菲的旧电视柜、餐桌和大衣柜留在了旧房子，新住户专门打来电话致谢：省了我再买了。但我家的书，一本儿没少。上上一次搬家的时候，我扔了上万本汽车杂志。那是我做汽车记者积累的财富，我的工资的一半儿用来买杂志了：新的10-20块，旧的3块。中国的汽车媒体记者恐怕找不出几个比我买的更多的，所以，我有了汽车知识的积累。新家大，有了书房。买书架的时候，我直接找家具商定做，说了大家可能不信，我家最贵的家具是书架，整整三面墙。我得感谢我的身为报社社长的父亲，是他培养我从小爱读书。9岁开始读姚雪垠的《李自成》，然后我就迷上了我爸的书，安娜卡列琳娜、静静的顿河、青年近卫军、钢铁是怎样炼成的、刀锋、红与黑、漂亮朋友、德伯家的苔丝、三侠五义、三言二拍……我甚至撬开带锁的书架背板，偷偷看了父亲专门锁起来不让我看的金瓶梅……我得感谢我的妻子，是她坚持这么多年一直不停地买书，并且逼着我跟她一起读书，才让我得以更新自己的知识储备……说个小细节吧：追吴嫂的时候，我送她一整套的金庸，印象中花了我400块？差不多是我一个月的工资。新婚不久，我俩的周末经常是在床上度过：从早晨睁眼开始，俩人一人抱一本书，一直看到晚上7、8点，然后下床做饭。周末只有一顿饭，是我俩经常的日子。我俩戏称：吃的是精神食粮。今天，我去参加了一个新书发布会。宾客中高人如云，媒体界、书画界、文艺界翘楚云集，我寻了个角落坐下，静静地聆听大家们轮流上台讲述这本书，以及跟作者的故事。这本书叫《贡院墙根街2号》，书的作者是张慧萍。贡院墙根街2号是个地名，一座古老的三层小楼。对面是大明湖里的原山东省图书馆，西临山东省政府，东临大明湖路小学。这里跟我颇有渊源。我的小学在大明湖小学度过，那时候经常翻墙偷偷进入大明湖，跳墙的地点就是贡院墙根街2号对面。1999年9月1日，在贡院墙根街2号，诞生了一本山东历史上最出名的杂志《齐鲁周刊》。它的创始人，就是本书的作者：张慧萍女士。也就是大约这个时候，我从《山东XX报》跳槽，来到了《齐鲁周刊》，成为了张大姐的兵。来周刊刚刚一个月，因为同事出差闯祸，张总把我叫到了办公室：你们几个人一起出差，你也在场，写份当时的过程材料吧。我拒绝了：扒豁子告状这事儿，有悖我的原则。一个小时后，我交出了白卷。张总大怒：你不写，我就开除你！又一个小时后，我依然交出了白卷。张总突然笑了：你小子有种，我就喜欢这种硬气，你不用写了！我怯怯地问她：那我明天还来上班不？“臭小子，你敢不来！”然后扔给我一包中华：给你盒好的抽！发布会上，现任齐鲁周刊社长王胜军开了个玩笑：这么多年了，我好像一次也没被张总骂过。我在台下笑了，跟他相反，我几乎是周刊被张总骂的最多的人。不，准确地说，应该是之一。反正跑不出前三名。张总曾经是女诗人。她同时也是女作家。她的作品文字很平淡，却有着咄咄逼人的杀伤力，不经意间，你会感觉到她的锋利和力度，而这种力度，会让你晚上准备入睡的时候，突然又想起来，然后被感染，或者被刺痛。无数次选题会上的争吵，无数次被叫到社长办公室交流，张总甚至不止一次对我说过：你明天不用来了！但又在狂风暴雨般怒吼之后，恶狠狠地对我说：下次我看你还敢！她会在周三的选题会上把我喷得一无是处，却在下周一的评版上给我签出A稿：能把汽车稿子写这么好的人，也就这小子了！我一直感恩于她的大度，因为她永远记得我的优点。她不吝啬骂娘，但也绝不吝啬夸奖。有一次，她经历了惊魂一幕：在马路上被当时流窜到济南的某地区小偷团伙当街行抢，差点儿被抢走挎包。接下来发生的一幕你们是无论如何也想不到的：她当街抽了抢包者一个响亮的耳光，然后开始追打踢踹，抢包者想不到一个中年女性竟有如此胆量和如此臂力（张总喜欢打乒乓球，正手的进攻很有力道），于是几个人狼狈逃窜，而她，在背后骂骂咧咧地狂追……她可能直到今天也不知道，得知她被抢后，我利用下班时间，在网上招募了5、6个小伙子，拎着棍子满大街找这帮偷盗抢劫犯。功夫不负有心人，我们跟踪了三伙某地区的扒窃团伙，成功地在舜井街、共青团路、文化西路把他们打得落花流水，第三次适逢警察也在抓这帮罪犯，顺手把我们也抓住，批评教育严禁再私自结帮抓小偷后，放了我们……时隔十几年，我还在贴吧里看到当年的参与者之一发帖提及此事……今天是《贡院墙根街2号》面世的日子，也恰逢吴嫂的生日。更巧合的是，吴嫂今晚还要值夜班。我7点半参加了新书发布会，9点赶到单位给吴嫂送去了礼物，陪着吴嫂在单位食堂吃了生日工作餐，然后回到家里写这篇文字。微信里突然传来两条信息，一条是吴嫂的：你跟张总说没说我值班实在脱不开身？今晚可能3点才能到家，你别等我了，把张总的书放我屋，我回来拜读。另一条是张总的：今天你走的匆忙，改天我送弟妹一本！哈哈哈！她俩是两个我怕过的女人，两个我敬佩的女人。在齐鲁周刊的日子，才是日子。进入周刊后不久，适逢中国汽车元年。当时还是体育记者的我写了一篇洋洋洒洒数千字的谏言，建议张总创建汽车版。三天后，张总把我叫到办公室：我看了，思路不错，你挑头干，咋样？一周后，我成了齐鲁周刊汽车版负责人。雷厉风行是张总的工作态度，也是她的行事风格。也恰恰是她的一锤定音，让我在汽车媒体行业里一步步走到今天。感恩周刊，我曾经的黄埔军校。感恩张总，我曾经的引路人。感恩贡院墙根街2号，我永远的精神家园。就这。]]></content>
  <author><![CDATA[光头侃车]]></author>
  <time>1537370493000</time>
  <account><![CDATA[guangtoukanche]]></account>
</data>
