<data>
  <id><![CDATA[124320294]]></id>
  <url><![CDATA[http://mp.weixin.qq.com/s?src=11&timestamp=1538410511&ver=1156&signature=w0UhackofeE2FJCXqalj9c0wpX9rHZfEfCU-a*XLNo0nNerud-QF2dK33ilB8cbv9Ja8IYdSpljucqZcV5WdW5bS98sZrtFPyu0o8P3jF4AAcSgePjLLn8QCO0BQsRo-&new=1]]></url>
  <title><![CDATA[凡读书之人必读《资治通鉴》]]></title>
  <content><![CDATA[读历史，必定绕不开《资治通鉴》。 它记载的历史，上起公元前403年，下到公元959年，时间跨度达一千三百六十二年之久，宋神宗认为此书“鉴于往事，有资于治道”，即以历史的得失作为鉴诫来加强统治，所以定名为《资治通鉴》。近代学者梁启超评价《资治通鉴》时说：“司马温公《通鉴》，亦天地一大文也。” 现代著名学者钱穆说：“此书知道清代乃至今天，还是一部学历史的人所必读的书。” 论其地位，可用清人王鸣盛的一句话来概括：“此天地间必不可无之书，亦学者必不可不读之书也。” 毛泽东自称曾十七次批注过《资治通鉴》，并评价说：“一十七遍，每读都获益匪浅……”。由此可见，《资治通鉴》的历史地位。 01 品读千年历史领悟修身齐家，做人处事的大智慧 《资治通鉴》以政治、军事的史实为主，借以展示历代君臣治乱、成败、安危之迹，作为历史的借鉴，更是包含许多修身齐家，做人做事的大智慧。许多脍炙人口的名言警句，如“以人为镜，可以知得失”“兼听则明，偏信则暗”，都出自于它。 “狡兔死，走狗烹；飞鸟尽，良弓藏；敌国破，谋臣亡”做事情一定要给自己留后路 贤而多财，则损其志；愚而多财，益增其过贤能之人，财产多了就会损坏他们的意志；愚蠢之人，财产多了就会增加他们的过失。 司马光所处的时代，距今已经有900余年，我们读这类史书，总会因为感到吃力而放弃，因此，水煮君精挑细选出这一部《白话资治通鉴》，是这部巨著在中文世界的第一个全译本。 02史学大著 经典翻译深受中文世界读者喜爱 本书译文由台湾著名学人黄锦鋐先生主持，集合台湾27位著名教授，历时三年将这部大著译出。 03生动的史书文笔优美 叙事生动《资治通鉴》因司马光一人精心定稿，统一修辞，故文字优美，叙事生动，且有相当高的文学价值，历来与《史记》并列为中国古代之史家绝笔。 这本《白话资治通鉴》以小说的笔法，精细趣读历史，又能明白管理、用人之术、为人处世的智慧。 《资治通鉴》在文化、科技、经济、军事等方面均有记载。包含许多著名的历史事件，如商鞅变法，文景之治，赤壁之战、淝水之战等等。 04不擅自发挥，还读者一个干干净净的司马君实 司马光是当时公认的史学、文学、政治大家，成就之高，后人难以企及。 因此，译者在翻译时力图贴近、还原《资治通鉴》。 不以“现代眼光”作解人，不擅自发挥。 还读者一个“干干净净的《资治通鉴》，干干净净的司马君实”。 05十册排版 篇篇幅短 轻松阅读   全书译文总计500万言，分十册出版，分册仍依照原文次序，以朝代为别。第一册为战国、秦、西汉（上）；第二册为西汉（下）、东汉（上）；第三册为东汉（下）、魏、西晋；第四册为东晋；第五册为南朝宋、南朝齐；第六册为南朝梁、南朝陈；第七册为隋、唐（上）；第八册为唐（中）；第九册为唐（下）；第十册为五代十国； 此版书中有珍贵插画，制度和时间脉络，融会于白话译文之中，便于理清脉络，这是市面所罕见的。 篇篇幅短，可碎片化轻松阅读。 清代名臣曾国藩评价其：“窃以先哲惊世之书，莫善于司马文正公之《资治通鉴》，其论古皆折衷至当，开拓心胸。” 以史为镜 读史明智一起来读读这部史书巨著圣贤教育爱是教育的灵魂，没有爱就没有教育。好老师要用爱培育爱、激发爱、传播爱。传统文化育天下弘扬传统文化，传播中华孝道，广结天下善缘，助力全球华人！]]></content>
  <author><![CDATA[衡山夫子微学堂]]></author>
  <time>1538409600000</time>
  <account><![CDATA[hsfz152]]></account>
</data>
