<data>
  <id><![CDATA[50548565]]></id>
  <url><![CDATA[https://mp.weixin.qq.com/s?timestamp=1539596577&src=3&ver=1&signature=Egrj350GoKY8-KUcIJshb1oeoDP9kpVrmgF2vT*Xw3HMoAhGcxhve0xGa8znLKtlbB5499n16-IgdikqinEEywPmzfVk-eQVJc2bwoHfEdzsfXHLtPxgJLRqDO*1qcvJgpqyrvFEdsOjLu3Zvx4Ggi*Hwndi5LF2DMjAfiMExUE=]]></url>
  <title><![CDATA[惊艳！苏州这群艺术家的作品，征服了西班牙观众！]]></title>
  <content><![CDATA[生活在园区我们已经习惯了欣赏到来自世界各地的艺术作品其实同样的苏州的艺术作品也正在走向世界西班牙CCACO中国文化节之【匠心对画】2018吴门画派研究艺术展10月11日-10月16日在西班牙莱昂博丁之家高迪博物馆隆重举行西班牙“中西文化艺术交流中心”（CCACO）旨在通过一系列的文化艺术交流活动，加强中国和西班牙两国在文化艺术项目方面的交流与合作，谋求共同发展，向两国人民和世界人民推广中西两国灿烂的文化和艺术。500年前，中国吴门画派和欧洲文艺复兴的艺术大家们，生活在同一历史纬度和地理纬度上，却从没有过任何交集。500年后，吴门画派艺术研究展首次来到欧洲的高迪博物馆（Museu Gaudi）。在莱昂古城著名的古建筑里做展览，在圆形墙上对览吴门画派明四家和欧洲文艺复兴三杰的成就，仿佛穿越回到明朝那些事儿。高迪博物馆为这一次中国文化艺术交流活动升起了五星红旗。筹备也许你看过很多精彩纷呈的展览但你可能没见过正在布置的展览现场没深入了解过展览背后的筹展艰辛艺术家们紧锣密鼓地进行入展、布展等工作为了让观者们得以走进苏州，看懂中国文化，他们一遍遍调整并完善细节，为圆满开展做最后的准备。展出走进展览，这一幅幅或生动率真，或极富感染力的作品，反映了各种艺术特色，展现了艺术家在创作中感悟的人与自然、人与人之间的和谐之美。透过这些作品，我们不仅看到了中国文化的丰富艺术表现力、创造力，还看到了苏州吴门画派艺术的传承与重塑中焕发的无限生机和力量。云石假山的呼应古今名人雅士多爱石玩源于明式的玩石文化匠心独具，高雅大美秋一、庾人伟联手打造云石假山的唏嘘呼应▲ 秋一 《小罗汉》▲秋一  石头系列2▲庾人伟《是空是有》组合呈现苏州园林与书画艺术之美孙宽老师园林山石的题材创作极具个性特色，获得好评也得了很多奖项▲孙宽 《荷风送香远、雨过清香发》当粉画遇上桃花坞木刻年画卫今老师用西方绘画的手法与材料向兴起于明代的桃花坞木刻年画致敬▲ 卫今 《百子图》当代涂鸦再现仇英青绿山水萧闵钊以当代涂鸦艺术碰撞明代山水风貌▲庾人伟老师和萧闵钊老师与粉丝合影一寸缂丝一寸金缂丝，它是我国传统丝绸艺术品中的精华。像所有的非物质文化遗产一样，缂丝这门珍贵的传统技艺也面临着严峻的传承课题。此次展览，李义成老师与袁雪芹老师的花鸟缂丝作品展现了当代与明代的“经纬”交错中探索新的可能。袁雪芹老师的缂丝龙袍，花了三年时间精心刻制在现场赚足了眼球，大家争相跟这个大龙袍合影。▲袁雪芹 《唐寅仕女吹箫图 》扇面上的明朝团扇温雅，折扇文气扇面之上，眼睛所到之处，不过方寸却像是在片刻之间游历过四方，历经了四时花鸟虫鱼，山水楼阁才子佳人，千秋今古都在这方寸、开合之间▲程承老师给粉丝赠送现场绘制的精美扇面扇面里藏着一个清远、精巧的中国这便是，扇子的美妙之处即便见的扇子再多也总还是会惊诧于它的美寂然，古典，文雅，又风流明堂茶修特别有趣的是，这一次明堂茶修创始人林晓红老师把我们经典的茶文化艺术带进了西班牙。获得了现场各位来宾的热烈好评，纷纷要来品尝中国茶。还有我们艺术家们现场手绘团扇、手绘折扇~李义成老师现场写下花好月圆外国游客不禁感慨原来中国传统艺术这么多样、这么好玩外国前来观展的观众兴奋不已地体验了中国不一样的美收获了愉悦和成就感明堂希望通过此次展览向更多海外友人传播中国文化来源：明堂映像为园区点赞❤↓↓↓]]></content>
  <author><![CDATA[苏州工业园区发布]]></author>
  <time>2018-10-15 17:15:58</time>
  <account><![CDATA[sipacnc]]></account>
</data>
