<data>
  <id><![CDATA[50548565]]></id>
  <url><![CDATA[https://mp.weixin.qq.com/s?timestamp=1539596577&src=3&ver=1&signature=Egrj350GoKY8-KUcIJshb1oeoDP9kpVrmgF2vT*Xw3HMoAhGcxhve0xGa8znLKtlbB5499n16-IgdikqinEEywPHWef29V4EbZtfnRINklF0utMUjVJGrKPMy4oY8cxX6MMZA0PEDvIcsEogWkf*-spClZ71nA69nZkp5tL5OJ0=]]></url>
  <title><![CDATA[百度、微软、腾讯…下月这些大咖集体来园区开讲座，错过太可惜！]]></title>
  <content><![CDATA[召集令！召集苏州本地AI达人同世界顶级AI专家过招！人工智能和GPU深度学习领域最具重量级的年度盛会之一NVIDIA GPU 技术大会（GTC）将于11月20-22日在苏州金鸡湖国际会议中心召开！NVIDIA在1999年发明的GPU激发了PC游戏市场的增长，重新定义了现代计算机显卡，并且对并行计算进行了革新。显卡的处理器称为图形处理器（GPU），它是显卡的“心脏”是专为执行复杂的数学和几何计算而设计的，这些计算是图形渲染所必需的。最近，通过将GPU作为可以感知和理解世界的计算机、机器人乃至自动驾驶汽车的大脑，GPU深度学习再度点燃了全新的计算时代——现代人工智能。GTC大会由NVIDIA于2009年首次在美国加州举办。今年在园区的这次会议有什么重量级活动？有哪些大咖参加？苏州本地院校师生和企业有什么福利？十二大技术分会 百余场大咖演讲本届GTC大会为期三天，邀请到来自全球各行业的意见领袖为您呈现百余场演讲，并有诸多行业领先企业参展，在大会期间展示其最新的人工智能方案及GPU创新应用。预计将有近5000名来自NVIDIA、百度、微软、腾讯、阿里巴巴、网易游戏等的AI专业人士亲临现场，交流及展示 AI / DL 框架与研究、开发工具、数据中心和云计算、HPC 和超算、加速数据科学、智能机器、物联网和机器人、自动驾驶、专业图形应用和游戏等领域的最新研究成果和创新发现，以及金融、医疗、电信、零售和制造业等战略产业中的最新实践经验和解决方案。其中，NVIDIA创始人兼首席执行官黄仁勋先生将于11月21日发表主题演讲。6场主题培训 13场迷你培训本届GTC大会将首度同步开放6场“深度学习学院（DLI）主题培训”和13场“DLI 迷你培训”。培训什么内容？●由来自国内外顶尖企业的AI专家组成讲师团队，亲自教授如何应用深度学习来解决汽车、娱乐游戏、医疗、金融等领域中最具挑战性的AI难题；并在全天开放的“DLI 自主培训实验室” 指导学员在云端完全配置的GPU平台进行亲手实验。●课程结束后，更有NVIDIA DLI 深度学习主题课程认证证书，助力学员的职业发展。此外，还有创新企业大会决赛，展示众多AI行业黑马企业的最新成果。苏州院校和企业有福利！“此次GPU技术大会期间，NVIDIA将其在AI领域独有的前沿科技和解决方案带入苏州，将全球顶尖的人工智能企业与专家集聚于苏州，为苏州人工智能产业的发展提供强力支撑，推动苏州AI产业实现跨越式发展。”借本次大会的契机，苏州市及园区启动AI人才储备计划，通过下面的二维码注册并审核通过的苏州本地院校师生和企业，亲临现场参会以后，均可获得AI人才储备项目的提供的DLI主题培训门票或者大会门票的全额返还！名额有限，尽快报名抢票哦！点击图片长按识别二维码注册来源：NVIDIA GPU 技术大会（GTC）为园区点赞❤↓↓↓]]></content>
  <author><![CDATA[苏州工业园区发布]]></author>
  <time>2018-10-10 17:50:12</time>
  <account><![CDATA[sipacnc]]></account>
</data>
