<data>
  <id><![CDATA[50548565]]></id>
  <url><![CDATA[https://mp.weixin.qq.com/s?timestamp=1539596577&src=3&ver=1&signature=Egrj350GoKY8-KUcIJshb1oeoDP9kpVrmgF2vT*Xw3HMoAhGcxhve0xGa8znLKtlbB5499n16-IgdikqinEEywPHWef29V4EbZtfnRINklFkwvW3rr-rOFsIVUyz46zxgOgs*o56vSh70Z7tAUQ4JAdX5n0htnOtzPR0lh9zreY=]]></url>
  <title><![CDATA[国足已抵园区！留给你们的票已经不多了…但园区发布送！]]></title>
  <content><![CDATA[最新线报！今天有人在园区活捉一只银狐！没错国足已经在主帅“银狐”里皮的带领下抵达园区备战与印度的热身赛了10月13日2019年亚洲杯 中国vs印度热身赛将在苏州奥体中心体育场打响小编早就收到了大家的留言：好想去！小编赠票嘛~大家的呼声小编听到啦！这不，赠票活动来了！送门票啦！在本条微信下留言说说你对这场比赛的期待你与足球的故事等等……点赞数前15名每人送中国vs印度热身赛门票两张！点赞截止时间：明天（10月11日）16:00获奖名单将公布在明天（10月11日）微信头条文末记得关注哦~比赛时间：2018年10月13日 19:35比赛地点：苏州奥林匹克体育中心门票领取方式：请于10月12日9:00~17:00，至现代大道999号现代大厦9楼，东北面大房间走到底玻璃窗处领取（先到先选哦~）要知道，这次中印国足热身赛可是苏州奥体中心体育场对外开放的首次重要赛事为了比赛当天大家能便捷有序地观赛今天小编特意奉上——大型赛事绿色出行建议一定要仔细阅读哦~（敲黑板）交通管控交通管控时间：10月13日15:00-22:30比赛当日交警将根据实际人流、车流进行临时交通管控，建议乘坐公共交通和免费接驳车，绿色出行。如何前来入场须知→比赛19:35开始，提前90分钟可入场。公共交通→①星塘街公交车路线奥体中心西站208路/27路/126路/207路/110路②中新大道东公交车路线奥体中心站136路/208路/1002路/27路/207路/136路/快7路③星体街公交车路线奥体中心东站 111路接驳巴士→比赛当日有接驳车接送，共有4个接驳点：①文化艺术中心接驳点 ②管委会接驳点 ③钟南街接驳点 ④独墅湖接驳点（位置信息见下图橙色标注处）接驳点周围交通便利，可查询周边的地铁公交。接驳车发车时间：17:00-19:00循环发车● 公共交通与接驳巴士指引图 ●（点击图片即可查看高清大图）● 接驳线路 ●左右滑动查看更多*接驳巴士数量有限，请大家根据时间和人流状况灵活调整出行方式~出租车→若选择出租车前来，需在戴家巷下车，步行进入奥体。（出租车停靠点位于下图中紫色标注处）● 观众路线指引图 ●（点击图片即可查看高清大图）自驾→比赛当日交通拥堵，不建议开车前来。如果仍想选择自驾方式，推荐把车停到离奥体中心步行距离范围内的周边停车场。● 步行范围内公交和停车场信息 ●（点击图片即可查看高清大图）如何离开可乘坐公交车→①星塘街公交车路线奥体中心西站208路/27路/126路/207路/110路②中新大道东公交车路线奥体中心站136路/208路/1002路/27路/207路/136路/快7路③星体街公交车路线奥体中心东站 111路可乘坐出租车→于戴家巷出租车停靠点上车可乘坐接驳巴士→奥体中心东·接驳巴士发车时间为21:00-22:30循环发车。温馨提醒散场人流集中，接驳巴士数量有限，看完球员们在球场奔跑进球、carry全场之后，不妨也解放下双腿，在夜晚压个马路，欣赏下灯火辉煌的街景，溜达一段路再乘车~● 步行范围内公交和停车场信息 ●（点击图片即可查看高清大图）温馨提醒比赛散场后人流集中一定要注意安全，小心慢走文明礼貌，不要推搡哦~攻略在手，就差门票了！赶紧来留言吧！来源：苏州奥林匹克体育中心为园区点赞❤↓↓↓]]></content>
  <author><![CDATA[苏州工业园区发布]]></author>
  <time>2018-10-10 17:50:12</time>
  <account><![CDATA[sipacnc]]></account>
</data>
