<data>
  <id><![CDATA[50548565]]></id>
  <url><![CDATA[https://mp.weixin.qq.com/s?timestamp=1539596577&src=3&ver=1&signature=Egrj350GoKY8-KUcIJshb1oeoDP9kpVrmgF2vT*Xw3HMoAhGcxhve0xGa8znLKtlbB5499n16-IgdikqinEEy8wu6Vs3cTFCtZUKO-zBi3QDFWh6aym21dSx8H*kfzz17Qk8pYculTRVxz6AZ*L6kwgA8W6hzAMZJpMF3R0cX3U=]]></url>
  <title><![CDATA[最全！环金鸡湖步道停车和公厕攻略来了]]></title>
  <content><![CDATA[最近秋高气爽正适合跟家人一起出门散散步，欣赏欣赏美景~说到散步，那就不得不提刚开放的环金鸡湖步道了不少市民游客都给了好评~也有人问小编我想自驾去环金鸡湖步道不知道周边停车场够停吗？步道的配套设施怎么样？今天小编就来回答一下大家最关心的两个问题——公共厕所和公共停车设施为方便广大市民进入环金鸡湖步道走路健身，游览金鸡湖美景，目前环金鸡湖步道周边区域配备了12处公共停车设施和28处公共厕所。近期园区相关部门将根据环湖步道公共设施配套需求，进一步加大公厕、公共停车设施和标识引导系统等设施建设，更好满足市民需要。下面送上高清版本的园区环金鸡湖步道周边停车场及公厕地图（点击查看大图）除了现场标示、电子地图大家还可以在安卓应用市场和IOS App Store中搜索“园区停车”App下载安装后，点击“附近停车场”，即可查询周边停车设施和剩余车位数。点击其中一个停车场，可以看到它的车位数、收费、评分等，点击右上角列表，可以看到附近所有停车场的详细信息。寻找公厕的按钮在右上角，可以查询和导航到附近的公共卫生间。怎么样，是不是很方便？此外，环金鸡湖步道沿线的风之园、城市广场、玲珑湾、望湖角等7处区域还设置了直饮水点大家去散步时不用再拎着水杯啦~再加上刚拓宽的崭新的步道，沿线的美国红枫、北美枫香等彩色叶树种，这个秋季，环金鸡湖步道一定是园区的颜值担当了！还没去的小伙伴赶紧去打卡吧！来源：园区综合行政执法局中印国足热身赛送票活动获奖名单公布恭喜以上15位幸运粉丝！比赛时间：2018年10月13日 19:35比赛地点：苏州奥林匹克体育中心门票领取方式：请于10月12日9:00~17:00，至现代大道999号现代大厦9楼，东北面大房间走到底玻璃窗处领取（先到先选哦~）Ps：有粉丝说，我的留言怎么没有被精选？小编你是不是有黑幕！小编解释下，每篇微信精选留言上限是100条，小编只能按留言时间顺序精选前100条留言上墙啦。欢迎大家继续关注园区发布，我们今后还会有更多福利送出哦~为园区点赞❤↓↓↓]]></content>
  <author><![CDATA[苏州工业园区发布]]></author>
  <time>2018-10-11 17:00:25</time>
  <account><![CDATA[sipacnc]]></account>
</data>
