<data>
  <id><![CDATA[50548565]]></id>
  <url><![CDATA[https://mp.weixin.qq.com/s?timestamp=1539596577&src=3&ver=1&signature=Egrj350GoKY8-KUcIJshb1oeoDP9kpVrmgF2vT*Xw3HMoAhGcxhve0xGa8znLKtlbB5499n16-IgdikqinEEyzYYE*bvtuqZoOwKoiv8kz8gWXy**Hx39k0Jswx3nBWrr589*Lsf053A*UB1OfO3Bk7ixMV6iPWUYb6ojYHI3jg=]]></url>
  <title><![CDATA[火遍全球的“网红翅膀”来园区啦！超美超仙~赶紧来打卡晒朋友圈！]]></title>
  <content><![CDATA[不知道从什么时候起打卡网红地点成了大家出门游玩必做的一件事比如小编知道有一对翅膀特别火不少名人都忍不住要来跟个风歌手林俊杰↓演员唐嫣↓美国最年轻的市长洛杉矶市长Eric Garcetti↓甚至机器人、宠物也不甘落后↓这些造型不一、鲜艳亮丽的翅膀遍布世界各个国家城市它们都出自下面这位艺术家——科莱特•米勒今天起，不用再羡慕别的城市的小伙伴能打卡网红翅膀了！因为这对红遍全球的翅膀来到了苏州中心商场！在苏州中心商场一周年到来之际，今天上午，苏州中心商场世纪广场举办“天使之翼 全球计划”苏州站的发布会，艺术家科莱特•米勒来到现场，为苏州添上两对“天使之翼”。科莱特·米勒Colette Miller同时，“翼彩纷城”——苏州中心商场一周年活动也正式开启。发布会现场揭晓了第一对已经创作完成的天使之翼↓↓↓（米勒为苏州创作的天使之翼）这副作品大量使用橙色、红色和蓝色保持了天使之翼的创作初衷同时融合了艺术家对苏州这座多元城市的印象另一幅作品则由米勒本人在苏州中心商场1楼南区中庭内现场绘制完成米勒作品的艺术展和互动艺术装置也会在这里与大家见面这对翅膀为什么会这么受欢迎？除了颜值高它背后传播的艺术、公益等多元理念也是一个很重要的原因2012年，科莱特•米勒在洛杉矶市中心留下了第一对翅膀，她希望通过这个全球公益项目歌颂人性的美好，并传播出“全人类都是地球的天使、善良的天使”的信念。随后，她以这里为起点，正式开展了“天使之翼全球计划”。华盛顿、纽约、里士满、澳大利亚、土耳其、古巴、墨西哥……她的足迹遍布全球，为世界带来了太多惊喜和感动。为了这次跨界合作，苏州中心商场与科莱特•米勒进行过多次沟通米勒对苏州这个历史文化深厚、潮流时尚并存的城市充满着期待“这是我第一次来苏州，非常享受这座城市给我带来的舒适和安逸，更感叹这座城市的融合力。这将会激发我更多的创作灵感。”她还为苏州定制了专属天使之翼logo她表示，很愿意将“全人类都是地球的天使、善良的天使”这一公益理念传递到苏州这个多元化的城市。如果你对科莱特•米勒的作品感兴趣，苏州中心商场一楼有米勒作品艺术展，欢迎大家前来观赏~▽更多惊喜接下来的一个月时间内苏州中心商场将开启“翼彩纷城”一周年盛典活动精彩活动、百万好礼等你来！还等什么？赶紧趁周末去打卡“网红翅膀”让朋友圈里的小伙伴羡慕嫉妒吧~来源：苏州中心商场为园区点赞❤↓↓↓]]></content>
  <author><![CDATA[苏州工业园区发布]]></author>
  <time>2018-10-13 10:00:00</time>
  <account><![CDATA[sipacnc]]></account>
</data>
