<data>
  <id><![CDATA[50548565]]></id>
  <url><![CDATA[https://mp.weixin.qq.com/s?timestamp=1539596577&src=3&ver=1&signature=Egrj350GoKY8-KUcIJshb1oeoDP9kpVrmgF2vT*Xw3HMoAhGcxhve0xGa8znLKtlbB5499n16-IgdikqinEEy5IBqiqj486aIguMqN9WMvt25kD2ZTOdCN48zbo6iJNUdq2amcsTzKNBLhgJhoO2tEVPYCCS*6mtUqQ-jITLC1U=]]></url>
  <title><![CDATA[嗨翻了！金鸡湖帆船赛火热开赛，除了观赛还能亲自体验！]]></title>
  <content><![CDATA[今天园区哪里最热闹？那肯定是金鸡湖月光码头！因为今天，建屋·城际内湖杯2018金鸡湖帆船赛正式升帆开赛！戳视频感受现场气氛↓来自国内外近200名水手和帆船爱好者整装上阵，正式扬帆起航一场群雄逐浪的水上帆船盛会在金鸡湖顷刻上演。本届赛事由中国帆船帆板运动协会和江苏省帆船帆板运动协会指导，城际内湖杯组委会主办，同时得到了苏州市体育局、苏州市旅游局和苏州工业园区宣传部的大力支持。苏州工业园区建屋发展集团有限公司倾情助力本届赛事，为帆船运动健儿们加油助威。据城际内湖杯组委会介绍，本届赛事设有国际大帆船和OP青少年帆船比赛，颁出奖项超过30个。今年的赛事还增设了动力伞水上科目赛。这一最新从国外引进的动力伞水上科目赛，是组委会打造多元水上赛事的一次创新尝试，这在国内水上运动领域也属先例。有没有看得心潮澎湃、跃跃欲试？这就给你机会！为了让更多人领略以帆船运动为代表的水上运动的魅力，组委会倾力打造了“御风计划”，在现场开放大帆船、皮划艇、动力伞体验购票通道。赛事期间（10.11-10.14），让你从观众变身主角，上演一场御风体验之旅！即便你不是个运动派，来比赛现场也可以玩得很开心！因为有Parking Park国际乐活节Parking Park国际乐活节是城际内湖杯赛事期间的地面活动之一，今年已经是第三届了。今年的乐活节为期四天，包含了美食、手作、舞蹈、音乐等元素，绝对能让你乐在其中、流连忘返！中国帆船帆板运动协会副秘书长傅丹青女士、江苏省帆船帆板运动协会副秘书长叶玉杰女士、苏州市体育局副局长陶勇杰先生、苏州市旅游局副局长陆锋先生、苏州工业园区宣传部副部长、文体旅游局局长邹小伟先生、苏州工业园区宣传部副部长陈龙先生、苏州工业园区建屋发展集团有限公司总裁凌学风先生、城际内湖杯创始人陈望君先生以及城际内湖杯组委会代表贺平先生等领导及嘉宾出席启航仪式。在启航仪式上，苏州市体育局副局长陶勇杰先生表示，城际内湖杯金鸡湖帆船赛的举办，为苏州帆船运动的普及和发展起到了重要的推动作用，同时赛事对于促进苏州文化体育旅游等产业的深度融合，丰富城市人文内涵、增强城市综合竞争力，促进体育经济、旅游经济、会展经济等新兴特色经济的发展，也具有重要的推动作用。这个周末的金鸡湖，湖面上百帆逐浪，映衬着湖畔美景，赏心悦目；岸边音乐舞蹈、创意集市、品牌体验，热闹非凡，老少皆宜。小编是一定要去体验一下的！你呢？来源：2018金鸡湖帆船赛组委会，赵雪屯，苏报融媒 濮建明为园区点赞❤↓↓↓]]></content>
  <author><![CDATA[苏州工业园区发布]]></author>
  <time>2018-10-12 17:48:22</time>
  <account><![CDATA[sipacnc]]></account>
</data>
