<data>
  <id><![CDATA[50548565]]></id>
  <url><![CDATA[https://mp.weixin.qq.com/s?timestamp=1539596577&src=3&ver=1&signature=Egrj350GoKY8-KUcIJshb1oeoDP9kpVrmgF2vT*Xw3HMoAhGcxhve0xGa8znLKtlbB5499n16-IgdikqinEEy*GzcQdWF0AjbMZOyenCndqcx6Vkx0ZfissbRMvJo2OaN7wBA1ZyrrgV7yJDlfT13slR2vyhIp36CFvE96u3p00=]]></url>
  <title><![CDATA[百万人来轧闹猛！这个小长假园区哪里最火？]]></title>
  <content><![CDATA[十一小长假转眼就结束了今天上班还习惯吗？7天长假里咱们园区是不少市民游客休闲购物的首选有多少人来园区休闲游玩了？大家买买买花了多少钱？亮点多到来不及看！假日期间，园区Ａ级景区共接持游客169.9万人次，同比增长5.51%。十一期间，央视财经频道直播上演灯光秀，“改革开放40年”“壮阔东方潮”投影在东方之门和苏州中心建筑上，金鸡湖畔的灯光秀璀璨夺目照亮夜空，为祖国母亲庆生，为改革开放点赞。金鸡湖大型音乐喷泉，以其灵动的舞姿向祖国母亲送上祝福。国庆节当日正式对外开放的“旅游精品线路”环金鸡湖步道，吸引了众多游客前往近距离感受“新苏州”的现代美；文旅融合项目“华谊兄弟电影世界”作为电影爱好者争相打卡的电影“梦工厂”，日均接待游客人数不断刷新纪录。更值得一提的是，携程酒店大学数据研究中心发布的国内周边游总结报告显示，国庆7天，苏州成为今年最大黑马，强势跻身国内热门目的地前五，其中最重要的原因之一就是“当季的阳澄湖大闸蟹吸引了许多品蟹一族的目光”。百万人来购物狂欢节“轧闹猛”十一黄金周正值“跃旅游×悦购物”2018金鸡湖旅游购物节，园区各大商圈联合打造了一场苏州全民旅游购物狂欢。苏州中心星悦汇“最星球”市集圆融星座“LOVELIVE”彩虹巡游李公堤十月手作新光天地国庆长卷绘画活动……这么多精彩的活动你去了几个？●据统计，金鸡湖旅游购物节17个会场日均总客流量136万人次，客流量较去年同比提升8.3%；●日均总营业额为4539万元，营业额较去年同比提升15.9%；●从酒店数据来看，10月2日至4日园区酒店达到入住高峰，金鸡湖大酒店、中茵皇冠酒店、洲际酒店、凯悦酒店等平均出租率接近100%。受华谊兄弟电影世界新开业及阳澄湖大闸蟹季拉动，阳澄湖半岛多家酒店也在“高位”运行。其中，10月2日，苏州阳澄湖澜廷度假酒店出租率接近95%。大家这购买力真是66666啊~旅游安全有保障园区旅游部门节前召开国庆假日旅游专项会议，组建旅游安全生产专业委员会，精心部署假日旅游工作。◆  ◆  ◆  ◆  ◆黄金周期间，园区旅游部门联合公安、交警、城管、市政、综合执法局等各职能部门加强现场管理，圆满完成各项保障协调工作，为广大市民和游客营造一个安全、有序、文明的假日旅游环境。◆  ◆  ◆  ◆  ◆园区全域旅游市场总体实现了“安全、有序、优质、高效、文明”目标，未发生旅游安全事件和有责投诉，园区丰富的文旅融合产品广受游客欢迎，广大游客度过了一个欢乐祥和的国庆佳节。这个小长假你去哪里玩了？来源：园区文体旅游局，园区管委会 诸晴雯，苏报融媒 董捷 倪黎祥 邹强为园区点赞❤↓↓↓]]></content>
  <author><![CDATA[苏州工业园区发布]]></author>
  <time>2018-10-08 18:21:24</time>
  <account><![CDATA[sipacnc]]></account>
</data>
