<data>
  <id><![CDATA[50548565]]></id>
  <url><![CDATA[https://mp.weixin.qq.com/s?timestamp=1539596577&src=3&ver=1&signature=Egrj350GoKY8-KUcIJshb1oeoDP9kpVrmgF2vT*Xw3HMoAhGcxhve0xGa8znLKtlbB5499n16-IgdikqinEEy2XG4lkINWV5TnFUg--S5FEn5vJmKerh9ZoJO1dKftmRpw22vexy6ShHFJC54ky1K0YFN7BmmTZAr3AHOc0dcqg=]]></url>
  <title><![CDATA[央视揭秘：园区如何连通世界，世界怎样融入园区！]]></title>
  <content><![CDATA[喜欢智能产品的人对天猫精灵一定不陌生吧？天猫精灵有强大的语音唤醒功能比如你想听什么歌，只要说一声天猫精灵就能自动播放可别小看这个看似简单的语音唤醒功能它背后凝聚了团队300多项专利技术而这个团队正是位于苏州工业园区的苏州思必驰信息科技有限公司近年来，中国的智能音箱产业很多都离不开这个公司10月5日，央视四套的《中国新闻》就从这个公司出发向世界人民展示了中国改革开放的重要窗口——苏州工业园区现代化的产业布局上千亿产业集群这样形成苏州思必驰信息科技有限公司的语音唤醒功能有多智能呢？公司CEO高始兴说：“我们的远场识别在3到5米能够达到96%以上的识别率，支持带方言的普通话，纯方言现在支持了四川话、粤语。我们在最近几年的国际评测里都取得了冠军。思必驰是由中国留英博士俞凯及其校友在英国剑桥创立的第二年公司就被苏州工业园区引进回国围绕人工智能，园区目前已经集聚相关企业400多家，从业人员超2万人，形成产值约350亿，估值上千亿的产业集群。随着更多内资高新企业的进入，外资企业也从过去附加值较低的加工制造业转向了更为注重技术的新兴产业。“西门子中国研究院苏州院研发主管王凯滨说：“苏州本身的制造业比较发达，把数字化工厂包括机器人这样的最新研究成果去应用到当地的企业上去，能够为他们数字化的转型提供更多的助力。””近五年来，苏州工业园区通过转型升级、创新驱动的发展导向集聚高端产业和人才，产业结构变化显著。★今年上半年，园区实现地区生产总值1251.3亿元，同比增长7.2%。★其中，人工智能、生物医药、纳米技术应用三大特色产业，保持了25%左右的增幅。★按照规划，到2020年，园区将集聚更多高新技术和高端制造企业，进一步提升在全球价值链的分工地位，推动园区经济的高质量发展。变化，在园区内的确可以说是无处不在除了产业升级之外园区的外观也是发生着日新月异的变化园区规划一切从最初的8平方公里开始苏州工业园区规划建设委办公室宋飞介绍，园区最早开发的8平方公里是在金鸡湖西边，中间是中央商务区，两侧黄色用地是居住用地，居住用地的两侧外围是产业用地，东方之门就在中央商务区的最东端。而园区最具特色的，莫过于邻里中心这一形式了。宋飞介绍，在居住区里，园区借鉴新加坡经验，引入了邻里中心，把丰富的社区商业配套和公共服务配套放在邻里中心里，吸引了很多中外优秀人才到园区来安家落户。园区的现代国际化的社区模式也吸引了很多外国人来到苏州工作生活社区模式吸引了不少“老外”苏贝妮是一名舞者，来自美国纽约州，在苏州生活了四年了，现在和丈夫杰夫共同经营苏艺汇。苏贝妮说，她从小就非常喜欢中国的文化，她在苏州有很好的朋友，很多朋友也是舞者，他们经常聚在这里一起跳舞，互相学习。“我之前没有想到苏州有这么现代化的一面，准备来苏州前，我们在网上查了些资料，你能看到的都是姑苏城古老的建筑，非常传统，当我到这里时我很惊讶，她既有古老秀丽的风格也有现代先进的一面。我们常会去老城区转一转，也会去金鸡湖边看一看漂亮的城市天际线。苏贝妮的“朋友圈”里不仅有同为专业舞者的外籍朋友，还有一群可爱的社区阿姨们我以前和阿姨们一起跳过几次舞，我很喜欢她们。对我和我先生来说，参与社区生活对我们很重要，我们就是通过社区中心认识了阿姨们。我之前不知道“阿姨”是什么意思，他们邀请我去体验一下阿姨的舞蹈排练，这对我来说是一件很特别的事情，营造了一种家的感觉。苏贝妮说，他们计划在苏州待很长时间，“我们常常告诉大家，我们是‘新苏州人’。”园区的大街小巷有很多这样的新苏州人他们来自世界各地在这里感受着开放而充满活力的中国现在常住苏州的外籍人士已超过4万人他们和来到苏州的世界五百强企业一起成为了苏州国际化的鲜亮标记现代化的产业布局、园区规划和社区模式让苏州工业园区不断地吸引外资充满了发展的活力这里是苏州最初打开大门看世界的窗口而这扇开放的大门，永远不会关闭稿件来源：央视四套《中国新闻》，图片来源：赵雪屯为园区点赞❤↓↓↓]]></content>
  <author><![CDATA[苏州工业园区发布]]></author>
  <time>2018-10-06 11:29:27</time>
  <account><![CDATA[sipacnc]]></account>
</data>
