<data>
  <id><![CDATA[50548565]]></id>
  <url><![CDATA[https://mp.weixin.qq.com/s?timestamp=1539596577&src=3&ver=1&signature=Egrj350GoKY8-KUcIJshb1oeoDP9kpVrmgF2vT*Xw3HMoAhGcxhve0xGa8znLKtlbB5499n16-IgdikqinEEy1wN-T6h3ECl7CiECZOgOY1PDM-YuRRkyNzyv8U*HVmcJisDdz7P8Zqc6*5VA4V28vUQfU2aX9iwvGpQ0BrZfP4=]]></url>
  <title><![CDATA[惬意！来阳澄湖半岛边看自行车赛边吃蟹、逛集市，还有超多活动！]]></title>
  <content><![CDATA[这几天苏城的温度明显下降了不少没有穿外套的小编今天有点瑟瑟发抖……比起炎热的夏天现在这个季节最适合运动不过了！比如骑行就是不错的选择~10月20-21日，2018中国苏州阳澄湖半岛自行车公开赛将盛大开赛。赛事将于国家级现代精品度假地阳澄湖半岛旅游度假区华丽亮相，为全国骑行爱好者呈现一场精彩纷呈的国家级骑行赛事。六大板块以多元化自行车运动为核心国家级骑行赛事自行车定向赛自行车马拉松Qbaby“半岛骑宝”儿童平衡车总决赛热气球嘉年华主题市集六大板块汇聚本次赛事满足了大家“参赛、体验、观赛”的多重需求以全新的方式拉开度假区“秋游半岛”的帷幕自行车定向赛&自行车马拉松形式丰富，还有趣味主题活动2018中国苏州阳澄湖半岛自行车公开赛将特别增设“自行车定向赛”和“自行车马拉松”两个赛事自行车定向赛竞赛特别设置了20公里长距离组和6公里短距离家庭体验组；自行车马拉松则分为44.5公里和89公里两个组别的挑战组。除了丰富的赛事形式，还有趣味的定点打卡与主题活动哦！主会场热气球巡展、主题市集将全天开展，激情的乐队表演，将与现场的热气球系留飞行、集市观展活动相结合，并将通过一场自行车攀爬表演赛引爆全场氛围，打造一场全民狂欢！赛事还设置了丰厚的奖励以及专属荣耀。凡成功报名并完赛的选手均可获得活动定制赛事包一个，包内含限量版纪念T恤一件以及完赛证书一张，名额有限，报名请从速。Qbaby儿童平衡车公开赛总决赛让孩子一展风采谁说骑行是大人的专利？阳澄湖半岛就有Qbaby儿童平衡车公开赛！作为半岛骑宝IP的第一个总决赛，宝宝们将在这个平台一展风采，展现整个赛季的最高竞赛水平！总决赛将根据前5站分站赛的晋级情况，设置初赛、复活赛、半决赛及决赛等组别，现场还有“亲子运动会”专属区域，多项亲子类互动体验活动，赶紧带孩子来一起体验！半岛音乐市集十大板块 吃喝玩乐样样有！享秋高气爽，逛秋风市集半岛音乐市集·秋风十大板块无论你是热爱美食的吃货还是喜欢小清新的文艺青年都能在这里得到满足！说到美食，怎么能少了阳澄大闸蟹？来集市现场，我们以书换蟹，以书交友。吃饱了当然要逛一逛消消食阳澄湖半岛准备了创意市集，包含花鸟鱼虫、原创设计、复古收藏、鲜花绿植、创意零食等多种类型，打破你对市集的固有印象，用创意颠覆你的想象力。此外，还有音乐、话剧表演农贸艺术策展，独立品牌分享会草地瑜伽，半岛野餐，亲子露营……听起来就让人向往！说了这么多，你是不是心动了？想去的小伙伴，看清时间地点哦~2018中国苏州阳澄湖半岛自行车公开赛1、活动时间：2018年10月20日-21日2、比赛地点：阳澄湖半岛旅游度假区3、比赛项目：1)公路自行车赛2018年10月20日男子精英组（公路大组赛，比赛当年为18-55周岁）：71.4公里；男子大众组（公路大组赛，比赛当年为18-55周岁）：43.4公里；女子大众组（公路大组赛，比赛当年为18-55周岁）：43.4公里；2)自行车马拉松赛时间：2018年10月21日全程组：竞赛里程89公里半程组：竞赛里程44.5公里3)自行车定向赛时间：2018年10月21日组别设置：20公里团体竞赛组，6公里家庭体验组4)“半岛骑宝”儿童平衡车总决赛时间：2018年10月20-21日赶紧跟亲朋好友约起吧！来源：阳澄湖半岛发布为园区点赞❤↓↓↓]]></content>
  <author><![CDATA[苏州工业园区发布]]></author>
  <time>2018-10-09 17:46:17</time>
  <account><![CDATA[sipacnc]]></account>
</data>
