<data>
  <id><![CDATA[50548565]]></id>
  <url><![CDATA[https://mp.weixin.qq.com/s?timestamp=1539596577&src=3&ver=1&signature=Egrj350GoKY8-KUcIJshb1oeoDP9kpVrmgF2vT*Xw3HMoAhGcxhve0xGa8znLKtlbB5499n16-IgdikqinEEy*GzcQdWF0AjbMZOyenCndr1vm-rbCjFggqARNrIi38zUfy4cpN-1-UatUmq87js6*88jGv6F5yeZ8yHBtYk5hY=]]></url>
  <title><![CDATA[耐心又热心，师惠社区这位七旬老爷爷把墨香传遍邻里]]></title>
  <content><![CDATA[快来看看新的一周园区又涌现了哪些好人好事他们也许就在你的身边哦！！为园区人点赞喊你来投票啦！传递正能量！让我们一起为园区人爱心理发师为老人免费理发感谢微博网友@庄宇飞扬的投稿：曹伟中是汀兰社区爱心商铺联盟单位的一位理发师，多年来长期为60岁以上的老人提供免费剪发服务，店里再忙，他都会抽上一个小时时间来帮助老人们理发。退休阿姨当起社区体育指导员感谢微博网友@豆妈爱豆豆哦的投稿：四季新社区居民贡玉华，退休后积极参与社区活动，主动担当体育指导员，带领社区居民练习太极剑、柔力球、广场舞等健身项目，还主动参与志愿服务活动。师惠书画社有位好老师！感谢网友许翔的投稿：自师惠书画社成立以来，便成了小区里传承传统文化的小天地，每周二上午，书画社的骨干王德春都会早早来到社区，与其他书画爱好者们交流书法的心得，帮助大家共同提升书法水平。他常说：“写书法贵在有耐心，有耐心则心静，心静则细致。”王伯伯除了有耐心以外，难能可贵的是他还有一颗热心。为了满足更多书法爱好者的学习需求，每到寒暑假，王伯伯还志愿担任书法老师，义务教一些零基础的未成年人写字，严谨又认真。由于很多小朋友们都是初次接触书法，王伯伯耐心的从书法的理论、精髓讲起，执笔姿势，下笔要领，循序渐进，让孩子们充分了解书法艺术的魅力；每次书法课，他都会提前来到社区做课前准备工作，铺好一块块羊毛毡，倒好一碟碟墨汁，摆放整齐，等着小朋友们到来；书法课结束，收拾台面，清理墨碟，全部整理好，为下一次课做好准备。每逢春节他都热心给居民写上春联以表祝福，各大节日的题词中也都少不了他的挥毫。冬季寒冷，已经70多岁的王伯伯仍坚持为居民书写春联，为社区居民们送去新春里的一份最美好的祝福。一副春联，一个福字，是真心的祝福，是喜气的传递。不仅营造了欢乐祥和的节日气氛，增添了幸福温馨的年味气息，同时弘扬了传统艺术，增进了居民群众对中华年俗文化的认识和了解。点赞榜2018年9月“为园区人点赞”活动获奖者投稿人/微博名投稿方式随手拍内容/短文名称点赞数和阅读量总和徐海萍短文沈潮松-不为己私乐于奉献的好党员25712冷艳的青蛙王子随手拍9月6日晚，正在夜跑的李京玉路过青剑湖时，发现湖中有1大2小3人正在挣扎，情况危急，他随即下水施救，最终在岸边群众的帮助下，将3人一同救起。25553神奇两点半随手拍暑假以来，翰林缘社区的中小学生志愿者，组成暑期义务巡查志愿队，对社区进行消防安全巡查，他们将每一次巡查的问题都详细记录并反馈给社区居委会和物业工作人员，并在下次巡查中确认整改进度。10949感谢身边的好人为“园区好人”加油点！为园区点赞❤↓↓↓]]></content>
  <author><![CDATA[苏州工业园区发布]]></author>
  <time>2018-10-08 18:21:24</time>
  <account><![CDATA[sipacnc]]></account>
</data>
