<data>
  <id><![CDATA[50548565]]></id>
  <url><![CDATA[https://mp.weixin.qq.com/s?timestamp=1539596577&src=3&ver=1&signature=Egrj350GoKY8-KUcIJshb1oeoDP9kpVrmgF2vT*Xw3HMoAhGcxhve0xGa8znLKtlbB5499n16-IgdikqinEEywPmzfVk-eQVJc2bwoHfEdwjFcQO*N2draV31Ycy6dGF-xBnqiFu3*9AlyBjrsEiEUv1fzrIA7p8-4AUKkuUi*I=]]></url>
  <title><![CDATA[又一世界领头企业全球研发中心落户园区！投入近亿元！]]></title>
  <content><![CDATA[苏州工业园区一直是跨国公司在华设立研发中心和功能性总部的热门候选地。目前园区已累计集聚国际知名企业新型研发机构近500家、科研院所42家、经省市认定的跨国公司总部机构49家。前几天，园区又多了一家企业全球研发中心！10月12日，欧瑞康加弹机全球研发中心在苏州工业园区正式成立。未来，中心将负责欧瑞康集团加弹机系列产品的所有研发工作，包括机电技术、工艺技术、软件升级、专利发明等。据悉，该研发中心投入近亿元。园区党工委副书记、管委会主任丁立新，园区党工委委员、管委会副主任孙燕燕以及欧瑞康人造纤维事业板块CEO乔治·施道斯伯格等参加活动。加弹机是什么？小编去搜索了一下↓加弹机是一种纺织机械，可将涤纶(POY)、丙纶等无捻丝，通过假捻变形加工成为具有中弹、低弹性能的弹力丝。听起来很厉害的样子~但最厉害的其实还是欧瑞康集团！欧瑞康集团欧瑞康集团总部位于瑞士，作为一家致力于机器设备和系统工程的高科技公司，集团旗下有表面处理、化学纤维、传动系统三大事业部。目前，欧瑞康在中国市场销售占比全球50%。苏州为该集团在中国最大的基地，欧瑞康苏州也是唯一一个欧瑞康所有板块集聚一堂的地方。而欧瑞康化学纤维事业部作为全球纺织的龙头，产品范围不断扩展，是唯一一个能够提供从化工材料、切片到化学纤维，从熔体到长丝，从缩聚或挤出到加弹丝丝饼全产业链的企业。作为世界市场的领导者，欧瑞康巴马格几十年来一直致力于加弹机的研发。目前，欧瑞康集团在这一领域已经被授予了34项专利，拥有60多名高素质高水准的研发人员。那么在园区的研发中心今后主要将研发什么技术和产品呢？★★★★★据悉，未来，欧瑞康加弹机全球研发中心将致力于提高传统机械设备制造商在新的数字化信息化时代下的竞争力，并建设成为纺织机械行业内唯一提供数字化信息服务的智能工厂。★★★★★同时，研发中心也将更专注于研发全新自动落筒机型、高效节能的热箱、新型的冷却装置、先进的卷绕技术、灵活的机器结构等一系列行业内尖端技术，创建数字化信息化纺织设备系统，构建纺织数据服务云平台，为整个纺织增值链提供完整的、数字化的工程解决方案和服务。“欧瑞康（中国）科技有限公司总经理兼副总裁约翰明·迪索说，研发中心成立后，将对现有设备、机型不断改进，革新方向将侧重于自动化、数字化、节能及工艺质量的提高，为客户提供全新的技术方案”恭喜园区研发中心成就+1~为什么大家都如此青睐园区呢？近年来，园区坚持把科技创新作为区域发展的核心战略，全面加快产业转型升级，推动制造业向高端化、品牌化、服务化、智能化发展。孙燕燕在致辞中表示，未来园区将继续保护外商投资企业合法权益，坚持亲商服务理念，竭尽所能为企业创造更好的条件、带来更大的商机、赢得更大的收获。来源：园区管委会 杨洋，苏报融媒 董捷，摄影：张佩雯为园区点赞❤↓↓↓]]></content>
  <author><![CDATA[苏州工业园区发布]]></author>
  <time>2018-10-15 17:15:58</time>
  <account><![CDATA[sipacnc]]></account>
</data>
