<data>
  <id><![CDATA[50548565]]></id>
  <url><![CDATA[https://mp.weixin.qq.com/s?timestamp=1539596577&src=3&ver=1&signature=Egrj350GoKY8-KUcIJshb1oeoDP9kpVrmgF2vT*Xw3HMoAhGcxhve0xGa8znLKtlbB5499n16-IgdikqinEEy5IBqiqj486aIguMqN9WMvtkn2Rdl5qvTupLcgauVffGokjphvA7BSVSMXs4KnscGeeGMYh-HPHa8PMKRjaQAFE=]]></url>
  <title><![CDATA[我与园区的故事丨他们来告诉你，为什么说园区是创新的热土]]></title>
  <content><![CDATA[都说园区是创新的热土为什么？苏州工业园区图书馆馆长李春梅和苏州汉明科技有限公司创始人沈文或许能给你答案今天就让我们走进他们与园区的故事园区是“梦想实现之地”文 李春梅人们因为各种各样的原因爱上一座城市，也许是一片风景，也许是一个人。我对苏州工业园区有着特殊的感情。在这里停留十余年，我感受着园区的美和与众不同，也因为其中一些与我息息相关的事，感受到额外的成就感和幸福感。2006年，我“误打误撞”进入园区图书馆。应聘时，我觉得图书馆是一个安逸的单位，很适合女孩子。而当我真正成为其中的一员，性格中“不安分”的因子又催促着我充分利用自身优势，在图书馆寻找最适合的位置。在我看来，图书馆不只是一个文化机构，每天打开大门，等待阅读的人主动上门；图书馆更应该是连接文化供需关系的平台，既“引进来”，也“走出去”。作为一名合格的图书馆人，我们要始终牢记“初心”——让图书馆的所有资源被最大化地利用。我在园区图书馆从最基层的馆员做起，一步步成长为今天的样子。苏州工业园区的阅读推广经过十多年的耕耘培育，已经有所成效。我一直认为，阅读不只代表了看书，它更是一种立体的东西，就像文化或者习惯。优秀的阅读推广不只是给予，更是一种营销，需要包装和策划。基于这样的想法，我们在阅读推广的过程中积极作为：譬如将内容分门别类，进行书目推荐，满足不同群体的阅读需求；创新活动形式，比如通过举办孩子的绘本制作，吸引家庭的阅读参与，以“一本绘本”带动“家庭阅读”；我们整合园区科技产业资源打造了“24小时智能图书馆”，联动社会力量共建“书香园区”；我们也积极创新，将刷脸、微信等便捷手段引入书籍借阅，让借阅像取报纸一样方便。我们接触不同的人群、开展不同的活动，甚至跨界将商业模式运用到阅读推广中，让人们充分感受到图书馆的无处不在。在传统的阅读服务之余，园区图书馆还在更高层面发挥其作为“智库”的功能。我们已经连续12年开展知识产权服务，从一开始不被理解到现在成为园区创新创业企业的发展“智库”，针对企业不同周期的发展给予参考。现在，园区图书馆的知识产权服务做到了全国出名，这很不容易。而事实上，我们的初衷也只是想让知识产权的源头——研发单位也能更多地使用图书馆的数据库。在园区图书馆人的集体努力下，园区的城市阅读影响力逐年增强。园区人的阅读正在成为一种家庭行为，园区图书馆也成为企业发展成长离不开的“智库”……我们在整个城市范围内构建起阅读的文化矩阵，提供更加精确、多元的服务，让图书馆的资源被更多地利用。园区图书馆就像一座桥梁，连接起人们对世界的认识，以及彼此间的沟通，它存在于人们的生活与工作中，成为专业且有温度的“城市书房”。人物简介李春梅，现任苏州工业园区图书馆馆长。自2006年入职园区图书馆以来，李春梅从馆员到部门负责人、主任，再到馆长助理、副馆长、馆长，不断寻找最适合自己的位置。在这片“梦想的实现之地”，李春梅参与打造了“全民阅读季”，发起成立了“园区阅读联盟”，建设了“24小时智能图书馆”，让图书馆成为满足城市文化供需的平台。用创新的无线技术改变生活文 沈文从中国科技大学少年班毕业后，我留在了中国科学院，成为一名软件工程师。此后我加入华为，负责数据通讯产品线的研发工作。十几个年头中，我辗转于深圳、上海、南京等数地。直到2009年，一次偶然的机缘，我来到了苏州工业园区，在这里创办了苏州汉明科技有限公司，追寻我人生未竟的梦想。当时园区的人才政策非常好，有一系列配套的投资和补助，还有三年全免的租房政策，这些对汉明初期的发展帮助很大。硬件支持固然重要，但园区最打动我的还是一站式的亲商服务， “急企业所急，想企业所想”，从公司注册、选址到启动，园区的工作人员全程跟进。仅仅一个月后，汉明科技就正式启动运营了。开始创业的那一年，WLAN市场方兴未艾。大约半年时间，汉明就成功推出了自己的第一款WLAN产品，包括AC/AP，其中运营级单台AC能同时管理16384台AP，是当时全球性能最强大的单台AC设备。同普通家用无线局域网相比，“企业级”WLAN强大功能的背后，需要更高要求的技术产品支撑，包括可靠性、统一管理、功率大小、漫游需求和安全性等。比如医院WLAN的用途包括医生的无线办公、无线查房、床边护理、护理监控、药库管理等等，通过移动化可以提高工作效率和减少差错，但要服务医疗行业，WLAN必须解决同频干扰严重、网络可靠性低、可扩展性差等问题。汉明针对医疗行业开发了“智能天线”技术，可以智能调节发射功率，巧妙地绕过各种设备的干扰，并依托纯硬件的认证方式，有效解决了医疗行业WLAN的安全困扰，这些国内领先的技术使得汉明在同类产品中脱颖而出。随着移动互联网终端的的爆发性增长，无线城市和商业WiFi正在不断发展，汉明科技也因此迎来了跨越式的成长。成立的第二个年头，公司的销售额便达到2400多万，我也因此获评了园区科技领军人才称号。这几年，汉明的业务也从医疗、教育逐步向矿井、物流、广电、运营商农村宽带接入等行业拓展，保持着每年近200%的高速成长。不论处在哪个发展阶段，“以客户为中心，以奋斗者为本”始终是汉明科技的发展方向和标尺。来到园区八年了，但我的创业之路还远远没有结束，我与园区的故事也仍然未完待续。未来，我们会继续扎根于此，打造智能、简单、省心的解决方案，让企业级WiFi的应用更加多元化，成为行业的领军者。人物简介沈文，苏州汉明科技有限公司创始人，多年来致力于无线局域网络（WLAN）通信软件和硬件的自主研发与推广，广泛应用于商业WiFi、运营商、教育、酒店、医疗、煤矿、石油等行业。在他的带领下，汉明科技经过近十年的发展，已经成为国内为数不多的能够专业提供完整的AC/AP产品的无线设备原始厂商之一。编辑整理/严春霞 唐晓雯如果你有自己的故事不妨来参与我们的征文吧征文截止时间是2018年12月31日详情点击→“我与园区的故事”征文为园区点赞❤↓↓↓]]></content>
  <author><![CDATA[苏州工业园区发布]]></author>
  <time>2018-10-12 17:48:22</time>
  <account><![CDATA[sipacnc]]></account>
</data>
