<data>
  <id><![CDATA[50548565]]></id>
  <url><![CDATA[https://mp.weixin.qq.com/s?timestamp=1539596577&src=3&ver=1&signature=Egrj350GoKY8-KUcIJshb1oeoDP9kpVrmgF2vT*Xw3HMoAhGcxhve0xGa8znLKtlbB5499n16-IgdikqinEEy5IBqiqj486aIguMqN9WMvu0Kb2CyVxErMLUsMViVSyPvujDjkPSJ5CGupaeqFStWfxYgF*uTyzPYppKJG9KSD0=]]></url>
  <title><![CDATA[全城球迷的狂欢就在明天！重要提醒：绿色出行，这么走不堵车！]]></title>
  <content><![CDATA[今天终于见到了久违的阳光想到明天就是周六小编已经迫不及待要迎接一个灿烂的周末啦~说到明天的安排相信不少人都是冲着园区的一个地方去的——苏州奥体中心因为明天19:352019年亚洲杯中国队vs印度队热身赛将在这里打响小编的留言区这几天都被热情的球迷挤爆啦~已经可以想见明天的奥体中心会有多热闹了！那么问题来了人一多难免就会拥挤、堵车……怎么避堵？这里有份攻略请收好！01最重要的一个建议：推荐大家绿色出行！入场须知→比赛19:35开始，17:30开始可以检票入场。18:20 球队热身开始；19:20 郑智郜林百场纪念仪式；赛前精彩，欢迎提前入场观看~公共交通→①星塘街公交车路线奥体中心西站208路/27路/126路/207路/110路②中新大道东公交车路线奥体中心站136路/208路/1002路/27路/207路/136路/快7路③星体街公交车路线奥体中心东站111路④散场园区公交增派信息大巴数量：16辆路线：奥体中心至钟南街地铁首末站停靠点：星体街接驳巴士→比赛当日有接驳车接送，共有4个接驳点：①文化艺术中心接驳点②管委会接驳点③钟南街接驳点④独墅湖接驳点（位置信息见下图橙色标注处，接驳点询周边地铁公交都很便利哦~）往·发车时间：17:00-19:00循环发车返·发车时间：21:30-22:30循环发车● 公共交通与接驳巴士指引图 ●（点击图片即可查看高清大图）● 接驳线路 ●<<  滑动查看下一张图片  >>左右滑动查看更多接驳巴士数量有限，请大家根据时间和人流状况灵活调整出行方式~出租车→若选择出租车前来，需在共耀路下车，步行进入奥体。（出租车停靠点位于下图中紫色标注处）● 观众路线指引图 ●（点击图片即可查看高清大图）温馨小建议比赛19:35开始，17:30开始可以检票（注意错峰哦~）若有空闲时间，可提前来周边闲逛——吃饭逛街下午茶，到时间了再散步到检票点（检票点位于下图中A、D两处）看比赛，过个充实的周六~● 体育场观众路线指引图示 ●（点击图片即可查看高清大图）温馨提醒散场人流集中，接驳巴士数量有限，看完球员们在球场奔跑进球、carry全场之后，不妨也解放下双腿，在夜晚压个马路，欣赏下灯火辉煌的街景，溜达一段路再乘车~02比赛当日交通拥堵，不建议开车前来。如果仍想选择自驾方式，推荐把车停到离奥体中心步行距离范围内的周边停车场。● 步行范围内公交和停车场信息 ●（点击图片即可查看高清大图）● 非机动车停车区域 ●体育馆北部&奥体广场西部（具体位置参见下部分奥体总览图指示位置）来到奥体中心后怎么找到自己的位置呢？毕竟这可是一个8.1万平方米、45000座的大型场馆！有下面的地图就不用担心啦！● 奥体总览图 ●*比赛于体育场进行，上图黄色字母A，D处为检票口。120号-140号、220号-240号为A区区位号。101号-119号、201号-219号为D区区位号。● 人员动线图 ●（点击图片即可查看高清大图）● 座位区域示意图 ●（点击图片即可查看高清大图）● 警务处示意图 ●图中蓝色五角星位置为警务处失物招领电话：62865727应急电话：62865707最后，贴心的小编怎么会忘记送福利呢~如果大家有什么意见和建议欢迎参加问卷调查有机会获奖哦~参与方式①扫描下方二维码填写问卷：参与方式②点击下方链接填写问卷：https://www.wjx.com/jq/28990618.aspx奥体将在参与调查问卷活动的用户中，随机抽取10人送出游泳馆健身中心体验券一张哦~问卷调查截止时间：10月14日零点祝所有球迷朋友度过一个愉快的周六哦！来源：苏州奥林匹克体育中心为园区点赞❤↓↓↓]]></content>
  <author><![CDATA[苏州工业园区发布]]></author>
  <time>2018-10-12 17:48:22</time>
  <account><![CDATA[sipacnc]]></account>
</data>
