<data>
  <id><![CDATA[50548565]]></id>
  <url><![CDATA[https://mp.weixin.qq.com/s?timestamp=1539596577&src=3&ver=1&signature=Egrj350GoKY8-KUcIJshb1oeoDP9kpVrmgF2vT*Xw3HMoAhGcxhve0xGa8znLKtlbB5499n16-IgdikqinEEy8wu6Vs3cTFCtZUKO-zBi3SXyKX7lJ9Gz3GcwGx4FJkuJ*Uw7F-OTJUGvFUF9pijMQpbzo774NdlJBksww8bnGw=]]></url>
  <title><![CDATA[苏州工业园区政务微信排行榜（2018年9月）]]></title>
  <content><![CDATA[“苏州工业园区政务微信排行月榜”又来啦！今天公布的9月榜单数据采集的时间范围为2018年9月1日至2018年9月30日这个月有不少微信号进步巨大呢！一起来看看吧1除了“苏州工业园区湖东发布”和“胜浦发布”连续三个月占据前两位之外，其余帐号排名本月均有幅度不同的变化。“苏州工业园区唯亭发布” “阳澄湖半岛发布”较之上月有较大进步，排名分别由第五位上升到第三位、由第七位上升到第四位，而“苏州工业园区斜塘发布”“东沙湖发布”较之上月排名均有所下滑。“苏州工业园区湖西发布”本月共推文41篇，较之上月减少12篇，但排名没有变化，WCI指数也变化不大。09.01-09.30功能区、街道、社工委好稿（点击可看大图）2“苏州园区公安微警务”继续领跑榜单，本月再次荣登榜首。排名上升位次最多的为“园工会”，由上月的第八位跃居到本月的第二位。上月加入榜单的“新同学”——“苏州工业园区国土环保”本月再前进三位排名第九。上月进步明显的“苏州工业园区人民法院”本月表现不尽如意，由上月第二位跌至本月第八位。值得一提的是，“圆融廉语”虽然较之上月排名位次没有变化，但却在推文数量上“发力”，由上月的12篇攀升至本月的63篇，我们期待它能够“质”“量”“同步走”。09.01-09.30部委办局、派驻机构好稿点评（点击可看大图）3本月“苏州工业园区社保和公积金”依然以较大优势位列榜首，同时WCI指数也突破了700关口到达763.95。“情定金鸡湖”借助中秋、国庆假期的热度推文，由上月的第三位升至第二位。“金鸡湖培训”没有抓住更名的契机趁势而上，推文数量、阅读总数、点赞总数、WCI指数等均有所下滑，排名也由上月的第二位跌至第五位。09.01-09.30直属单位好稿点评（点击可看大图）继续加油吧！]]></content>
  <author><![CDATA[苏州工业园区发布]]></author>
  <time>2018-10-11 17:00:25</time>
  <account><![CDATA[sipacnc]]></account>
</data>
