<data>
  <id><![CDATA[52211523]]></id>
  <url><![CDATA[https://mp.weixin.qq.com/s?timestamp=1542184478&src=3&ver=1&signature=ZlB-2EJfC3xpCH9bC0jMaCbQktYS*zAr0OT0Nn2hxkswkiMj1DURCP5bKZNTGyO-UZX5An8rNvK*Fa2*s4yLlX1l4DjWaWtw0XntEDfNsjnESeWH0SEBzS0yZqBavz-gITUMditEBRVLifuY7akRmJF1OClMVozcyytC83oB30E=]]></url>
  <title><![CDATA[测一测：小学生必备国学常识闯关（一）]]></title>
  <content><![CDATA[小学生必备国学常识国学闯关（一）1、在古代被视为最正式、最庄重的穿着是（  ）A.裤装    B.上衣下裳    C.下衣上裳    D.裙装答案点击下方空白处获得答案B 商周时期的中原华夏民族，无论男女，都有着统一的穿着：上身穿的叫做“衣” ，领子开向右侧，长度到膝盖位置；下身穿的叫“裳”，长度直到脚踝，系在腰上，用来遮盖住双腿，和今天的裙子有异曲同工之妙。 “衣裳”这个称谓正是由此而来。 历史上，“上衣下裳”始终被视为最正式、最庄重的穿着，就连皇帝的龙袍也是参照这个形式设计制作的。直到隋唐以后，男性的服饰才发生了显著的变化，下身逐渐由“裳”转为裤装，从此裙就成为女性独有的装束了。2、以下哪一项不是古代“上厕所”的文雅说法？（  ）A.更衣    B.如厕    C.方便    D.出恭答案点击下方空白处获得答案C   “出恭”来源于明代科举考试的考场。古时候的科举考试，一考就是连续好几天，一旦进入考场，不完成全部科目的试卷是不能随便出门回家的。考试中途。考生们难免腰上厕所，为了便于管理，负责人便做了几块“出恭入敬”牌。凡是要去上厕所的人，必须从监考人手中领取这块牌子，回来后再交还。“出恭入敬”，就是提醒考生在出入考场时要态度恭敬、轻声慢步，不要干扰他人。久而久之，上厕所也就被简称为“出恭”了。“更衣”，顾名思义，就是更换衣服的意思。人们上厕所后，必然要整理一下自己的衣物，因此人们也会用“更衣”来委婉地表示上厕所。这种说法常见于皇室或是地位尊贵的人家。此外，普通百姓也常用“如厕”“解手”这些说法。“如”，就是到某个地方去的意思。“如厕”，也就是到厕所去。3、古代有许多美食，且有的美食有非常好听的名字，以下哪种食物在古代被称为“古董羹”？（  ）A.馒头    B.粽子    C.火锅    D.牛肉羹答案点击下方空白处获得答案C 火锅，古时候也叫“古董羹”，这是因为锅中的汤不停地沸腾，发出“咕嘟咕嘟”的声音。4、中国古代天文学家认为天空中央有三大区域，称为“三垣”，以下哪一项不属于三垣？（  ）A.太微垣    B.东方垣    C.天市垣    D.紫微垣答案点击下方空白处获得答案B 古代人认为天空中央有三大星区，称为“三垣”，分别是紫微垣、太微垣、天市垣，这三大区域周围又有二十八星宿，它们一起组成了我们看到的美丽夜空。这二十八星宿所在的区域，基本上相当于我们现在谈论的十二星座所在的区域。5、中国的四大发明对世界文明的进步起到了推动作用，以下哪一项不是中国的四大发明？（  ）A.造纸术    B.纺织    C.火药    D.指南针答案点击下方空白处获得答案B 四大发明，指的是指南针、造纸术、火药和印刷术。6、根据“五行八卦”的风水之说，中国大部分建筑的坐向是（  ）A.坐南朝北    B.坐北朝南C.坐西朝东    D.无固定座向答案点击下方空白处获得答案B 中国的传统建筑大多数是坐北朝南的，也就是房屋大门的方向对着南边，这里面有什么道理呢？古时候，人们十分相信“五行八卦”的风水之说，先人们认为，在东南西北四个方位中，南方象征着光明。因此古代帝王登基后，座位都是面向南边的，表示向着光明的方向治理天下。与此相对，向北的位置则是比较低下的。7、古人所说的“五谷”指的是_______、_______、_______、_______和_______五种。答案点击下方空白处获得答案关于五谷，古人有好几种不同的说法，最为常见的一种，是说五谷指稻、黍、稷、麦、菽。稻就是水稻；黍是黄米，古代用来做糕点或酿酒，现代用来包粽子、做炸糕；稷就是小米；麦就是小麦；菽是豆类的总称。8、我们吃饭的时候用筷子夹东西，在古代筷子也被称为_______。答案点击下方空白处获得答案筷子，古时候称为“箸”。江南地区河流湖泊众多，人们出行多靠坐船。船家在行船时，最怕的事情，就是船抛锚停下。然而，船家每天吃饭时都要用到“箸”，“箸”和“住”同音，人们觉得犯忌讳，不吉利，于是就把“箸”改叫“快儿”，希望船能快速行驶，不要无故停住，久而久之，这种称呼逐渐流传开来，人们就都管“箸”叫“快子”。后来，由于筷子多数是用竹子做成的，人们干脆在“快”字加了个竹字头，也就成了今天的“筷子”。9、古人用“日晷”与“漏刻”两种工具计算时间，若你生活在古代，遇到了阴雨天气，该使用二者中的_______来计算时间。答案点击下方空白处获得答案日晷有一个致命的缺点，就是在夜晚和阴雨天无法使用。幸好古人还有其他的计时工具——漏刻。漏刻由两部分组成，一个是漏壶，一个是标尺，标尺上刻有标记不同时辰的刻度。漏壶中的水通过壶上的小孔匀速地流出，浮在水中的标尺就会随着壶里水位的高低变化而变化，露出壶口的刻度指示的就是当前的时间。10、汉字中带有“贝”字旁的，往往都和钱有关系，如财、赚、账，你还能想到哪些汉字？请写三个。________________________________________答案点击下方空白处获得答案购，赃，贩等。扫描下方二维码即可免费收听或复制以下网址即可免费收听http://m.ximalaya.com/album/18826953或进入喜马拉雅App搜索“小学生必备国学常识”点击【立即收听】即可在家听，睡前听路上听，放学听带娃听，放假听随时听，随地听轻轻松松成“国学小名士”带娃就听卓越大语文喜马拉雅点击阅读原文，收听卓越大语文喜马拉雅]]></content>
  <author><![CDATA[卓越教育]]></author>
  <time>2018-11-10 09:30:00</time>
  <account><![CDATA[zhuoyue1997]]></account>
  <image><![CDATA[https://mmbiz.qpic.cn/mmbiz_gif/GpK8fDwDkVaKkpHMF5k832oLqrc0zNK9B9FRibj7xQKyJxicJY1RiaFoJjTd7BkLRicBFMUib5br8PrliaIR6lr9CbYg/640?wx_fmt=gif|https://mmbiz.qpic.cn/mmbiz_png/GpK8fDwDkVaKkpHMF5k832oLqrc0zNK9htKGOBIQGho9DjrpYSwwe8DYzmibBJw2SoKryPhGRHaowm16smic1xkw/640?wx_fmt=png|https://mmbiz.qpic.cn/mmbiz_jpg/GpK8fDwDkVaKkpHMF5k832oLqrc0zNK99iaTU6icWL0uWRBSuKKkE7Lq0iaOwYOxpUiczO2Rk71tZmrzFHJdTxws7Q/640?wx_fmt=jpeg|https://mmbiz.qpic.cn/mmbiz_jpg/GpK8fDwDkVaKkpHMF5k832oLqrc0zNK93jZJicT3ibf9l8Yh1wXJ2l217tgu3Fn5gf36OrQVQRyBrRM8T34gaEPg/640?wx_fmt=jpeg|https://mmbiz.qpic.cn/mmbiz_png/GpK8fDwDkVaKkpHMF5k832oLqrc0zNK9PCKclFd08mibYnHHzYUiccEazu7rkcOZibHeialWgCng2OngqHhf2HFv1A/640?wx_fmt=png]]></image>
</data>
