<data>
  <id><![CDATA[52211523]]></id>
  <url><![CDATA[https://mp.weixin.qq.com/s?timestamp=1542184478&src=3&ver=1&signature=ZlB-2EJfC3xpCH9bC0jMaCbQktYS*zAr0OT0Nn2hxkswkiMj1DURCP5bKZNTGyO-UZX5An8rNvK*Fa2*s4yLlV4Gmns6M1zWbindt-N61ogFZgQ7XD1OxBhEOKbacj43a2It0X*IE9fpj0dCv1m2hiRruRQrnzkouJwqhEGASTo=]]></url>
  <title><![CDATA[双11学习大狂欢!高质课程0元限时抢！]]></title>
  <content><![CDATA[“双十一” 来！啦！Are U Ready？！今年的“双十一”出了很多新花样购物车里的stuff   越攒越多银行卡里的money   越变越少然而今年的双十一你打算给孩子买点啥呢？买衣服，只能穿一季买食物，只能吃一阵买玩具，只能玩一时唯有对知识的投资，永远不会过时！千好万好不如教育最好！今年的双十一，请把孩子的学习也放进您的购物车吧！双11，教育不打折！我们只送课时！看过一个调侃学霸和学渣的段子：老师以4G的速度讲课，学霸以WiFi的速度听着，学神以3G的速度记着，而学渣当场掉线。虽说有些夸张，还是有些道理的。同样一节课，不同的孩子接受能力自然有所不同，而班课老师也很难顾及每一位孩子的学习进度。而如果有这么一个机会，可以为孩子量身打造最具个性化的辅导方案。由毕业于清华、中大、华工985、211等重点院校，拥有丰富的教学经验的牛师，在线1对1为孩子授课。孩子足不出户就可以在线学习，每次课后老师推送学习报告，家长可以及时了解孩子学习进度，孩子学得开心，家长是不是更放心呢？这个双11免费体验的机会来啦牛师帮在线1对1课程 0元限时抢！！课程时长：2课时（40分钟/课时）课堂模式： 高质在线1对1课堂适用对象：小学一年级至高三学生开设科目：语文、数学、英语、物理、化学上课方式：真人在线1对1设备要求：电脑、耳麦、流畅的网络黄金80分钟KO孩子的学习难题，让孩子的学习更OK考前复习·查漏补缺·同步巩固·培优拔高为什么选择在线1对1为什么选择卓越牛师帮在线？孩子将会收获什么？犹豫一下名额就没有了赶紧扫码报名吧！（本活动仅限未上过体验课的新生报读哦）福利再来一波品牌故事·  卓越牛师帮是卓越集团自营的高端一对一品牌·  卓越集团成立于1997年·  全国各大城市开设超过180家直营教学中心·  每年报读学生已超过40万人次报名咨询电话咨询：400 -863 -1077微信咨询：小学 | 初中 | 高中专注个性化教育20年戳原文，快速选牛师提分]]></content>
  <author><![CDATA[卓越教育]]></author>
  <time>2018-11-09 17:30:00</time>
  <account><![CDATA[zhuoyue1997]]></account>
  <image><![CDATA[https://mmbiz.qpic.cn/mmbiz_gif/GpK8fDwDkVb91giaHONcqzP6N5xhbNdDCCp4wB1ibSiakdrDMqnICZfUbWJ59JI3xLkjjTzsGLvv8fa0pxGwpRuHw/640?wx_fmt=gif|https://mmbiz.qpic.cn/mmbiz_jpg/rcR119N57zZs44d1kia0apq0cuFXZ5j8QOicyoWwN2x341LlgeCxbX7rAeISicvXo9UMLxapcPJXVgVsyGLJEJXcA/640?wx_fmt=jpeg|https://mmbiz.qpic.cn/mmbiz_png/rcR119N57zZs44d1kia0apq0cuFXZ5j8Qmbgbgbb01kUVicKcAqfiaGwYmMGMeSQdbLyBvhx5ps1LAvVabpPrbpKw/640?wx_fmt=png|https://mmbiz.qpic.cn/mmbiz_png/rcR119N57zZs44d1kia0apq0cuFXZ5j8QFeslJiaynWUjWr82HzB1ZJL8TUibjksPzR9aIFMh5aBnRYiaTxJ32SdAA/640?wx_fmt=png|https://mmbiz.qpic.cn/mmbiz_gif/rcR119N57zZs44d1kia0apq0cuFXZ5j8Q88CcdCOwXcARa7sxSq9ccF1U5ZsUgeyCicsjM4mELeiaibvJzVxrJezjg/640?wx_fmt=gif|https://mmbiz.qpic.cn/mmbiz_png/rcR119N57zZibl0W0mdj4E9BiaFdp7FNtuBukHp7pJFNfic45306Vdae0r1YN0vKYG742Kic9FGhxo11ia5xNldsZTA/640?wx_fmt=gif|https://mmbiz.qpic.cn/mmbiz_jpg/rcR119N57zZibl0W0mdj4E9BiaFdp7FNtus2dStGgMhJ1JJw0moG7SmicNfdgQZibU1mqJ61OicKbgGiaxfuS1q9eHvQ/640?wx_fmt=jpeg|https://mmbiz.qpic.cn/mmbiz_jpg/rcR119N57zZibl0W0mdj4E9BiaFdp7FNtuA4QTAdbozBia3cBqYfrDbegXXia4zbglMCJbAufB89Nxia596sseP418A/640?wx_fmt=jpeg|https://mmbiz.qpic.cn/mmbiz_png/rcR119N57zZs44d1kia0apq0cuFXZ5j8QYs26ucDaL3ibI5JDk2EzibtyjPSsdvTib32OFKiaVOHfxdpDx4ibh0fICFQ/640?wx_fmt=png|https://mmbiz.qpic.cn/mmbiz_png/rcR119N57zZibl0W0mdj4E9BiaFdp7FNtuhz4g5caMWo7fdQ9ZbFFOGyub5RRdoC5kGxLl1sJ151DYQ2uicmxteJg/640?wx_fmt=png|https://res.wx.qq.com/mpres/htmledition/images/icon/common/emotion_panel/emoji_wx/2_06.png|https://mmbiz.qpic.cn/mmbiz_jpg/GpK8fDwDkVZz4l0WkBoA7Fv2PE14ewQwnukOgUgl0MjBclkicsNicpYME1VqC0RYtWxALCy8CUwibicDtPImLiajYaQ/640?wx_fmt=jpeg|https://mmbiz.qpic.cn/mmbiz_png/rcR119N57zYrjU0JCmMmO8E5BF7ZdSsPDdU0Ss4bW2FqdYhibqwtASygkcJuZTq5a6GRYh6v4DTlIgENj877ianw/640?wx_fmt=png|https://mmbiz.qpic.cn/mmbiz_png/rcR119N57zaiambGL7QdZDUOOk9YeVdvgPD4DgbOSPO0PPKzOJtXia5G8RIja2qjdrMQFBLNyGlibanicou2bLxlpg/640?wx_fmt=png|https://mmbiz.qpic.cn/mmbiz_jpg/rcR119N57zaiambGL7QdZDUOOk9YeVdvgic2vDCKTXJyZXNh15YfQ3ql7tIX8XsO7ZX2Mn3icyU9WpwGX7H0D2v6Q/640?wx_fmt=jpeg|https://mmbiz.qpic.cn/mmbiz_gif/rcR119N57zaKPsvjTTdKpEvgnJDwKxZcg49sgWW3LVdIVUy85bjXs4CibyfU82oVvSnxm0MccvQicLzibyFzoKH4g/640?wx_fmt=gif]]></image>
</data>
