<data>
  <id><![CDATA[52211523]]></id>
  <url><![CDATA[https://mp.weixin.qq.com/s?timestamp=1542184478&src=3&ver=1&signature=ZlB-2EJfC3xpCH9bC0jMaCbQktYS*zAr0OT0Nn2hxkswkiMj1DURCP5bKZNTGyO-UZX5An8rNvK*Fa2*s4yLlRdLZrls4W*uSsbnvRni8SyQkruSW*i9qNKn4CVjFiUX*K6W4otz9993NImyaWStL1B3UInGrhy6j2lHVEmZlWI=]]></url>
  <title><![CDATA[有多少家长错过了才知道，这一年有多重要]]></title>
  <content><![CDATA[每年，都有不少宝妈宝爸们在孩子幼儿园升上小学的时候被折腾得不轻除了学习跟不上之外东西丢三落四，上课走神，注意力不集中一些意想不到的问题也接连出现然而，往往在出现了各种问题后家长们才意识到原来自己的孩子并没有做好入学的准备比起准备充分的孩子们相当于“裸”上小学那么，从幼儿园升上小学这一个暑假的时间究竟有多大的区别呢？生活节奏急速加快幼儿园非常重要的一个作用是保育孩子到了幼儿园能吃早餐所以妈妈们早上7、8点起来即可家长和孩子都相对轻松而到了小学，保育的作用骤减孩子需要一早起来准备上课妈妈需要一早起来准备早餐除此之外，还要接送、教作业家长要承担的任务，自此变得艰巨师生关系从亲到疏刚说到幼儿园提供了一个保育的功能老师相当于孩子的“第二个妈妈”能比较好地关注孩子生理与心理问题而小学老师则主要是“传道授业者”比起细心关注孩子方方面面的幼儿园老师小学老师更关心孩子的知识与学业教师态度的改变难免让孩子出现心理落差“以前老师天天跟我聊小秘密，怎么这个老师都不理我呀？”课堂教授“不止于玩”在课程内容上幼儿园课程讲究寓教于乐，孩子边学边玩而到了小学，孩子不但不能玩，还需要提升注意力才能接受和消化接踵而来的知识从“玩”到“学”跟不上转变的孩子正是学习跟不上的源头一有不慎随时让孩子因为跟不上进度而失去学习兴趣学习目标天差地别还有很矛盾的一点是对于幼儿园的孩子其实并没有明确的学习要求但是上了小学后孩子却开始要样样精通拼音、听写、加减乘除一样不能少从“放肆玩”到“做功课”从“有趣”的活动到“沉闷”的学习如果没有做好心理准备等着孩子与家长的，只有煎熬那么，核心问题来了“如何让孩子做好更充分的准备上小学呢？”关键词1：提前适应幼儿园的生活环境与学习环境和小学天差地别因此，我们需要为孩子提前创造一个过渡环境让孩子能更好地适应小学生活从生活作息、生活习惯等等方面给孩子一个“缓冲期”而不是迎头撞上小学这堵墙关键词2：教玩结合不少担心孩子学习跟不上的家长或多或少都会选择让孩子“超前学习”要么自己教，要么去机构学习然而，这种刻意学习的行为不但会让孩子宝贵的时间浪费在“死记硬背”上更错失了个性发展和品质培养的机会一旦让孩子感觉“学习=很难+死记硬背”分分钟会形成抗拒心理，对学习失去兴趣因此，让孩子学习的同时我们必须注意应该选择有趣的课程激发学习兴趣同时保护孩子的好奇心与探索欲望关键词3：核心能力培养那么，在这个时期除了学习之外究竟什么才是培养重点呢？我们认为，最重要的应该是“入学综合能力培养”从幼儿园到小学的过渡阶段为了让孩子克服幼小段差带来的压力应该重点提高孩子未来在校的适应能力譬如：1. 感官协调的能力（听、说、看、思、等）2. 动手操作能力（正在折一折、剪一剪、摆一摆、拼一拼中想一想）3. 观察比较、分析能力（异中找同、同中找异）4. 倾听和表达、展示的能力（认真听、流利说、勇敢展示）5. 小伙伴之间合作、交流、分享的能力6. 遵守规则、文明礼仪、自主、自理能力7. 敢问、爱问、善于思考的能力只有这样，才能做好基础教育的起航2018年11月10日，巧问教育将联合APEAC亚洲幼教年会，共同发布《2018中国幼小衔接调研白皮书》。结合教育现状、行业专家观点以及近一年时间的家长认知需求调研，我们将向行业从业者呈现儿童在这一阶段的发展需求、家长认知与态度，明晰孩子4岁-8岁的教育重点。从而为相关从业者提供更符合儿童心理发展及家长需求的服务提供参考，也为家长在这一阶段的教育方式提供指引。]]></content>
  <author><![CDATA[卓越教育]]></author>
  <time>2018-11-05 17:30:00</time>
  <account><![CDATA[zhuoyue1997]]></account>
  <image><![CDATA[https://mmbiz.qpic.cn/mmbiz_gif/GpK8fDwDkVZ0UGibzI5Ngd9ATfYibaILx5c0UxMBOHkUiayiaFWg5s56GDIkWnxGQ8eazxeyicIry7TXkhlqzic790Fw/640?wx_fmt=gif|https://mmbiz.qpic.cn/mmbiz_png/GpK8fDwDkVZ0UGibzI5Ngd9ATfYibaILx5uuwWENDxBekfmjJicZhSjunATBibgxMPzx8Hn1ZVZLm2E35BLIUE8iabA/640?wx_fmt=png|https://mmbiz.qpic.cn/mmbiz_png/GpK8fDwDkVZ0UGibzI5Ngd9ATfYibaILx5ZYC2r5zKn571kyHBYWttGUkcz8OE8d0Jk9cQCwnJ6y6mzQ26czkDtQ/640?wx_fmt=png|https://mmbiz.qpic.cn/mmbiz_jpg/GpK8fDwDkVZ0UGibzI5Ngd9ATfYibaILx5Lv8FfC62FrpWkMql084AUwtU99ENXaVhLR1oVCd0yV3CDrKLT7fpYA/640?wx_fmt=jpeg|https://mmbiz.qpic.cn/mmbiz_png/GpK8fDwDkVZ0UGibzI5Ngd9ATfYibaILx5ZYC2r5zKn571kyHBYWttGUkcz8OE8d0Jk9cQCwnJ6y6mzQ26czkDtQ/640?wx_fmt=png|https://mmbiz.qpic.cn/mmbiz_jpg/GpK8fDwDkVZ0UGibzI5Ngd9ATfYibaILx5T3gbhLzszyDcXLnhdSKTDz5m9DAQlt84E1NNia8TYKkcSiaV6HJqgygg/640?wx_fmt=jpeg|https://mmbiz.qpic.cn/mmbiz_png/GpK8fDwDkVZ0UGibzI5Ngd9ATfYibaILx5ZYC2r5zKn571kyHBYWttGUkcz8OE8d0Jk9cQCwnJ6y6mzQ26czkDtQ/640?wx_fmt=png|https://mmbiz.qpic.cn/mmbiz_jpg/GpK8fDwDkVZ0UGibzI5Ngd9ATfYibaILx5wolH1tCw93RTAh9mKO7xq9oPgQib6KAcmunR7DtUYmHMyWBzO55SknA/640?wx_fmt=jpeg|https://mmbiz.qpic.cn/mmbiz_png/GpK8fDwDkVZ0UGibzI5Ngd9ATfYibaILx5ZYC2r5zKn571kyHBYWttGUkcz8OE8d0Jk9cQCwnJ6y6mzQ26czkDtQ/640?wx_fmt=png|https://mmbiz.qpic.cn/mmbiz_jpg/GpK8fDwDkVZ0UGibzI5Ngd9ATfYibaILx5aziaRnaj4oQUrfEgBiciaMtupRUnPeLu4FXprEuGT5GDelogwOLPuibDLQ/640?wx_fmt=jpeg|https://mmbiz.qpic.cn/mmbiz_jpg/GpK8fDwDkVZ0UGibzI5Ngd9ATfYibaILx5GEyDI9ictrM2GCUDPe7a1LoQIaqdQn3bOeyibdLWTbmfyuOCnahiamIWA/640?wx_fmt=jpeg|https://mmbiz.qpic.cn/mmbiz_png/GpK8fDwDkVZ0UGibzI5Ngd9ATfYibaILx5rE3qGibLRib5PllUs28ib4Df7tBHs98VKfzTR30jCIAOIZKq5wVX8pZ6A/640?wx_fmt=png|https://mmbiz.qpic.cn/mmbiz_jpg/GpK8fDwDkVZ0UGibzI5Ngd9ATfYibaILx5dU18NZaC5Jv7k2wczzAwGUhMK5Nic8RKr7IhdmLcqS2e8wM8znFk1ZQ/640?wx_fmt=jpeg|https://mmbiz.qpic.cn/mmbiz_jpg/GpK8fDwDkVZ0UGibzI5Ngd9ATfYibaILx5nlPN1UK0Kd8G8cWYxMntWlyokZESpU5voJXWK3ctkbiahVBvw0U13cA/640?wx_fmt=jpeg|https://mmbiz.qpic.cn/mmbiz_jpg/GpK8fDwDkVZ0UGibzI5Ngd9ATfYibaILx5YKdzcuEadW1MSUDrXP0cO30iaslxzxYibuMISd0y7iaJwlLWkHJn8MKZw/640?wx_fmt=jpeg]]></image>
</data>
