<data>
  <id><![CDATA[52211523]]></id>
  <url><![CDATA[https://mp.weixin.qq.com/s?timestamp=1542184478&src=3&ver=1&signature=ZlB-2EJfC3xpCH9bC0jMaCbQktYS*zAr0OT0Nn2hxkswkiMj1DURCP5bKZNTGyO-UZX5An8rNvK*Fa2*s4yLlXy1q8ewgtjlVztEQs01YXsfnCX-JD*VrSDXo4VLLzl2B17Jmq5lBHhoqIEtzQ*g4sKTmSQjIfxnD0cE7Yia8jQ=]]></url>
  <title><![CDATA[金庸最爱的唐朝诗人：人生就是大闹一场，悄然离去]]></title>
  <content><![CDATA[唐朝有个人，从小赢在起跑线上当其它小朋友为及格苦恼时他在满分附近微笑长大了爱旅游，爱喝酒爱舞剑，爱写诗，爱显摆皇帝为他调过羹权臣为他脱过鞋他的名字叫李白后人都称他为诗仙因为他的诗不像是凡人写出来的——超脱、空灵、难以捉摸金庸说：人生就是大闹一场，悄然离去李白过的，就是这样的人生李白一辈子狂得没边了才15岁，他就像模像样地写了一首上千字的《明堂赋》还发誓要超过写赋的祖师爷司马相如20岁，他写出“大鹏一日同风起，扶摇直上九万里。”27岁，作“……浮四海，横八荒，出宇宙之寥廓，登云天之渺茫。”在这一作品中他还写出了被知识分子奉为圭臬的名句“达则兼济天下，穷则独善一身”接下来，他的才情迸发一发不可收拾写出来的名句主要有——孤帆远影碧空尽，唯见长江天际流。（《黄鹤楼送孟浩然之广陵》）；苍苍几万里，目极令人愁。（《登新平里》）；长风破浪会有时，直挂云帆济沧海……且乐生前一杯酒，何须身后千载名？（《行路难》）；再接下来是高潮和惊天奇想。天生我材必有用，千金散尽还复来。（《将进酒》）；桃花潭水深千尺，不及汪伦送我情。（《赠汪伦》）；抽刀断水水更流，举杯消愁愁更愁。 （《宣州谢朓楼饯别校书叔云》）；十步杀一人，千里不留行。（《侠客行》）……唐玄宗初见他，也会降辇步迎“以七宝床赐食于前，亲手调羹”显得特别重视知识分子后来他还敢叫皇帝身边得宠的宦官高力士给他脱鞋真是桀骜不驯傲视王侯，誓不低头那么大胆地戏耍现实马上遭到了凶狠的反扑从小他就对外面的大千世界充满好奇20岁出头他开始用脚来丈量外面的山山水水这种交流，一直持续了40年直到他生命的尽头说得好听点，是旅游说得难听点，是流浪但他似乎很喜欢那么浪最初，就像远行的僧侣一样他跟着父亲从碎叶城取道新疆、陕西一路向南，他感受到了这个国家的广袤最后，前方的大山大河挡住了去路于是，四川成了他的故乡直到42岁在朋友的介绍下他奉诏入京天天在皇帝身边写马屁诗最初他还挺高兴的以为自己终于要在京城安居乐业了但他狂傲的个性和超群的才华引来了无数人的嫉妒和迫害他不得不再次开始全国漫游生命的最后8年他是在安徽南部度过的如果让李白写一首诗又不让他喝酒，还不如杀了他他是“诗仙”，更是“酒仙”他的好朋友杜甫曾深情地回忆道李白喝酒的时候即使皇帝来了他也不理会“天子呼来不上船，自称臣是酒中仙”“人生得意须尽欢，莫使金樽空对月。”“钟鼓馔玉不足贵，但愿长醉不复醒。”“古来圣贤皆寂寞，唯有饮者留其名。”“人生达命岂暇愁，且饮美酒上高楼。”“五花马，千金裘，呼尔将出换美酒，与尔同销万古愁”。里面既有飘逸浪漫、潇洒自在也有万千悲慨、郁结失意令后人无比痴迷就连他临终前的最后一首诗也跟酒有关——《哭宣城善酿纪叟》纪叟黄泉下，不应酿老春。夜台无晓日，沽酒与谁人?在酒里徜徉李白足以笑傲人生好消息！好消息！大语文粉丝翘首期盼的嘀嗒网课唐代潇洒哥——李白正式上线啦~~~48.8元12讲，每讲仅需4元！文末还有专属福利现在购买课程即可返现10元38.8元12讲，让孩子结识大V李白小嘀嗒跟嘀嗒老师打探凡购买了李白课程的用户添加“嘀嗒老师”个人微信后做任务得10元返现红包实际到手价仅需38.8元！！！赶紧购买然后跟嘀嗒老师拿红包吧~点击阅读原文了解课程唐代潇洒哥——李白！]]></content>
  <author><![CDATA[卓越教育]]></author>
  <time>2018-11-07 17:30:00</time>
  <account><![CDATA[zhuoyue1997]]></account>
  <image><![CDATA[https://mmbiz.qpic.cn/mmbiz_gif/GpK8fDwDkVb91giaHONcqzP6N5xhbNdDCCp4wB1ibSiakdrDMqnICZfUbWJ59JI3xLkjjTzsGLvv8fa0pxGwpRuHw/640?wx_fmt=gif|https://mmbiz.qpic.cn/mmbiz_jpg/VTibbiaLer1fpm4lJBwosXvatic87pAgGxblo6CmvMiaQTCUrq4j4kAIXjHoiapOu0jibnh30kRpTQbhOezxm5XytX3w/640?|https://mmbiz.qpic.cn/mmbiz_jpg/VTibbiaLer1fpm4lJBwosXvatic87pAgGxbB0RpicCl0oTecY0bSoDE8ANVeXLicP6Ix3W7vIp49AB8p1Ys6ibj3LxVQ/640|https://mmbiz.qpic.cn/mmbiz_jpg/VTibbiaLer1fpm4lJBwosXvatic87pAgGxbBJggfiaRSDrSYnsYXedUJ8QyChZ299LAZzt6wcvO6c7PKh29Q4Xhh9A/640?|https://mmbiz.qpic.cn/mmbiz_jpg/VTibbiaLer1fpm4lJBwosXvatic87pAgGxb553Cs38f5CY0jkSPYsMSpNr6zOfFewtDyVlmcSZWE73XmRvWDjl4xg/640?|https://mmbiz.qpic.cn/mmbiz_jpg/VTibbiaLer1fpm4lJBwosXvatic87pAgGxb8yCnwUj1O2HYxt9F9y9p8angdlOchMNNagibE4E8whoIic0hbiaFzsxWw/640?|https://mmbiz.qpic.cn/mmbiz_jpg/VTibbiaLer1fpm4lJBwosXvatic87pAgGxb03EH5PONjTznAhdM5vOAOoyKqQrKSDkDkgAXu0sK8dNcBpcxEZNTNA/640?|https://mmbiz.qpic.cn/mmbiz_gif/VTibbiaLer1fpm4lJBwosXvatic87pAgGxbicz7JQYNF0zIw9UelA7bpLHMspX7zwLI3UevakBv7uQABI5IyKq1YvA/640?|https://mmbiz.qpic.cn/mmbiz_jpg/VTibbiaLer1fpm4lJBwosXvatic87pAgGxbd27GUoNHEbqdlJbt1wobHynk5zpv8SL0GndDHORG1Pb3dRpV8MgZvA/640?|https://mmbiz.qpic.cn/mmbiz_jpg/VTibbiaLer1fpm4lJBwosXvatic87pAgGxbN0Pd87OWd28AWBbxgiaGiatSSCPz0cXTvr7dvV2adCfoeVIZ9PibX9cEQ/640?|https://mmbiz.qpic.cn/mmbiz_jpg/VTibbiaLer1fpm4lJBwosXvatic87pAgGxb0Lpo09NiahWwicRRQDNZagyqu1rG8RdskGjSXYj9icrh7cIPmAmryKsfQ/640?|https://mmbiz.qpic.cn/mmbiz_gif/VTibbiaLer1fpm4lJBwosXvatic87pAgGxbPZqTjC9icickxmqO0M9Lx7QTKVRYEIaEIGbk77kPFYXBUls9p3mMuK8g/640?]]></image>
</data>
