<data>
  <id><![CDATA[52211523]]></id>
  <url><![CDATA[https://mp.weixin.qq.com/s?timestamp=1542184478&src=3&ver=1&signature=ZlB-2EJfC3xpCH9bC0jMaCbQktYS*zAr0OT0Nn2hxkswkiMj1DURCP5bKZNTGyO-UZX5An8rNvK*Fa2*s4yLlUmFB0MFyMHYn3p0uE7BenhHDIwcYR8wW-*f1Ss9kJCzLwPlRkHdQ4aDqrZtrrxQbVN4iMnyMhZLXFw6txC2cT0=]]></url>
  <title><![CDATA[艺考生文化科逆袭秘诀——艺文学院助你圆梦卓越！]]></title>
  <content><![CDATA[如今高考政策及录取趋势越来越注重文化科成绩，大部分专业都根据专业成绩+文化成绩通过换算得来的综合分进行录取，在术科考试已经尘埃落定的情况下，文化科成绩将直接决定你未来将会去到哪所学校。11月11日，卓越教育艺文学院更名剪彩仪式在“卓越教育汇”五楼正式举行，这标志着原隶属于高四学校的艺术生文化课辅导业务，从此开始独立运作啦！艺文学院的前身为卓越教育全日制的艺术生文化科辅导课程，由卓越高四的资深老师们进行授课，这些年来顺利帮助了一届又一届学子圆梦理想学校，受到了学生和家长们的广泛认可。更优秀的师资，更完备的教学体系，独立运作的卓越教育艺文学院定将再创辉煌，助力更多的学子圆梦理想学校。品牌沉淀，优秀师资卓越教育艺文学院，是卓越教育集团旗下的全日制高考学校，专注于艺术生的高考文化课辅导，致力于帮助学子提升高考文化科成绩，自2000年办学以来，现已发展为广深三大校区，100余名资深专职教师团队执教，助力超2万名学子圆梦理想大学，迈向卓越人生。教师们长期活跃在高考备考教学一线，拥有10-20年高考备考教学经验，积累了深厚的高考教学经验，沉淀了海量的高考一手资料，贴心陪伴、用心服务。关注孩子们的成绩提升，更关心孩子们的身心成长。独立教材，分层教学艺文学院授课教材为卓越教育教师团队特别编撰，拥有多年高考备考经验的教师团队针对艺术生的学习特点情况，特别编撰了艺术生独有的文化科教材，紧抓高考常考点与重难点，更系统地帮助考生们在有限的时间内成绩最大化。艺文学院实行分层教学，针对不同基础的学生，根据学生情况制定专门的教学方案分班教学，因材施教让各个层次的学生都更容易接受所学知识。成绩追踪，科学管理奋战的路上不容松懈！艺文学院对学生实行精细化管理，阶段性跟踪，利用大数据教务管理后台，实行“过程性成绩目标管控”全程、全方位实时监控，通过分析学生各阶段考试成绩以及失分点，对学生进行精准化辅导，以最科学高效的学习方法帮助考生们圆梦理想学校。关注成绩，更关心成长。艺文学院每个班级都配备一位专职班主任，注重对学生的用心陪伴，给学生们正确的价值观引导，在学习方法和学习习惯上对学生加以指导。三大校区，优越环境安静优美的校园环境，是学习和生活最坚实可靠的保障，拼搏的校园文化，将引导同学们做最好的自己。艺文学院共有广州，深圳三大校区，并为离校较远的学生提供学生宿舍，宿舍配备空调、洗衣机等电器，为同学们提供了一个舒适的学习环境，培养学生独立自主的精神，并营造了一个良好的学习生活氛围。开课时间提前备战班2019.1.14~1.28艺考文化班2019.2.12~高考2019届艺术生高考文化课辅导广东省同步热招中欢迎有梦想的同学加入！联系我们卓越艺文学院广州·同和校区(总部+住宿)校区地址：广州市白云区广州大道北同泰路云祥路176号交通路线：地铁3号线“同和”地铁站D出口，搭乘923路公交车到“云祥居委”站下车联系电话：400-0767-000 按1转4200020-87061992，87062172189-2234-5898，189-2234-5899广州·公园前校区（走读+小班+定向）校区地址：越秀区中山五路186号“卓越教育汇”五楼交通路线：地铁1&2号线“公园前”地铁站I2出口联系电话：400-0767-000 按1转4202020-37806683180-1175-8332，181-4570-3017深圳·百旺信校区 （住宿+小班）校区地址：深圳市南山区西丽松白路1002号百旺信科技大厦交通路线：市内乘坐392，316，325B，326，767，M217，M234，M345路公交车至“南岗工业区”站下车联系电话：400-0767-000 按2转42010755-83356088180-8888-0031，180-8888-0032]]></content>
  <author><![CDATA[卓越教育]]></author>
  <time>2018-11-12 18:31:26</time>
  <account><![CDATA[zhuoyue1997]]></account>
  <image><![CDATA[https://mmbiz.qpic.cn/mmbiz_gif/GpK8fDwDkVZPRDmjHPtpeS1mdYrwRSCldyUKjOeibFdX2NI8gmDHJKibxicHkxNHJty744V5jR2Lib7QiaicrW1Wy5mw/640?wx_fmt=gif|https://mmbiz.qpic.cn/mmbiz_gif/8fH3p3RHsAt5uD5qCLbO4icCLicnBb8dzDIHjKSo12k9taiaAL3aPLmj8cY1Viag5aWBgO64wrBjlfMDZmpV2WJ1CQ/640?wx_fmt=gif|https://mmbiz.qpic.cn/mmbiz_jpg/GpK8fDwDkVZPRDmjHPtpeS1mdYrwRSCltumHLZRrIbWjxRd2ldlXV2aPibm6ibMicdEZ5mP9J1CIB7gLzWJtPHUGQ/640?wx_fmt=jpegwebp|https://mmbiz.qpic.cn/mmbiz_jpg/GpK8fDwDkVZPRDmjHPtpeS1mdYrwRSClJlEZ2DmWTZHTuxtibc1LTCaG6GGVWcnyXgz73MZlxsmDZrGdW0t9UWA/640?wx_fmt=jpegwebp|https://mmbiz.qpic.cn/mmbiz_jpg/GpK8fDwDkVZPRDmjHPtpeS1mdYrwRSClanoqzMwlIAsJ29XxibdDYpFlYBJ2ibFJUOGqSvZvZCEibrux9JetWxCiaw/640?wx_fmt=jpegwebp|https://mmbiz.qpic.cn/mmbiz_png/GpK8fDwDkVZPRDmjHPtpeS1mdYrwRSClmfUgSicibBicsoibxOgkjicyWQ0jwibd88tWicO3wfeWY2YXjNiaVrLHQBs1Lg/640?wx_fmt=png?x-oss-process=style/xmwebp|https://mmbiz.qpic.cn/mmbiz_jpg/GpK8fDwDkVZPRDmjHPtpeS1mdYrwRSClyIZVCtv86Q9ER31iaSRluXowAP1iamwRhgyaiaT7pcgiaWFsarOt94Gesw/640?wx_fmt=jpegwebp|https://mmbiz.qpic.cn/mmbiz_jpg/GpK8fDwDkVZPRDmjHPtpeS1mdYrwRSCldXs346byswkIO7EfVJukh9F6M9P8dHIBtOiaWia7gUyG9ibrvCeWsibrQg/640?wx_fmt=jpegwebp|https://mmbiz.qpic.cn/mmbiz_png/GpK8fDwDkVZPRDmjHPtpeS1mdYrwRSClBJXhkF2N4b8zpJYraD9rJPnkpzCQ6Rj4UjHTDZRILcmFL5flicpiaiblA/640?wx_fmt=png?x-oss-process=style/xmwebp|https://mmbiz.qpic.cn/mmbiz_jpg/GpK8fDwDkVZPRDmjHPtpeS1mdYrwRSClPmSxIsDtLk1S8hz4gl6slHmyrCiaBeAtUPyPpyG62acT2bfvpJomaNg/640?wx_fmt=jpegwebp|https://mmbiz.qpic.cn/mmbiz_jpg/GpK8fDwDkVZPRDmjHPtpeS1mdYrwRSClicj0aeyOnWGdWbs86mo91EDkVRZONle5KIPzDJXWtm8YDXyiafuGicNzg/640?wx_fmt=jpegwebp|https://mmbiz.qpic.cn/mmbiz_jpg/GpK8fDwDkVZPRDmjHPtpeS1mdYrwRSClhEibVibJx4scI3cRyuGDa3GyGvlKb057v4iaWekVMUm4s32qpmNTbzF7Q/640?wx_fmt=jpegwebp|https://mmbiz.qpic.cn/mmbiz_jpg/GpK8fDwDkVZPRDmjHPtpeS1mdYrwRSClgfgvYrMDRicyctNMU37Ddt9K9UR1bhZGk4J48bVxvf6uibuqjeN2iaMCg/640?wx_fmt=jpegwebp|https://mmbiz.qpic.cn/mmbiz_jpg/GpK8fDwDkVZPRDmjHPtpeS1mdYrwRSClDYoRPK8OT8urHlIWNjrCNtFgnn8vIZRbBdGOfzGxIvXibkkXpzKIREw/640?wx_fmt=jpegwebp|https://mmbiz.qpic.cn/mmbiz_jpg/GpK8fDwDkVZPRDmjHPtpeS1mdYrwRSCliciciceVoB7TNWia4tlaxtibC9r2ycjehy0j8WWztIIpeeH1YTmshlqkQ6g/640?wx_fmt=jpegwebp|https://mmbiz.qpic.cn/mmbiz_jpg/GpK8fDwDkVZPRDmjHPtpeS1mdYrwRSClCWUMfxqzibzpk6iacibbMpoibIx7Mibib97KrH4EqxngTWnh6gbsSbiaTrgoA/640?wx_fmt=jpegwebp|https://mmbiz.qpic.cn/mmbiz_gif/5pxvqu6QAfn4UqF4Dh4aIbvpmvoicCJwFCdjNINoibo6KmDd54zFG51DglW5sRzvW0SzJib65ia5NibFtrJYOxxUEJg/640?wx_fmt=gif|https://mmbiz.qpic.cn/mmbiz_jpg/GpK8fDwDkVZPRDmjHPtpeS1mdYrwRSClVx76MWdg8NIdyHOPaib3amZpXFyqicf3AegXnfDwI2jEDXjiblwtBPj5g/640?wx_fmt=jpegwebp]]></image>
</data>
