<data>
  <id><![CDATA[52211523]]></id>
  <url><![CDATA[https://mp.weixin.qq.com/s?timestamp=1542184478&src=3&ver=1&signature=ZlB-2EJfC3xpCH9bC0jMaCbQktYS*zAr0OT0Nn2hxkswkiMj1DURCP5bKZNTGyO-UZX5An8rNvK*Fa2*s4yLlV4Gmns6M1zWbindt-N61ojOKT8mMe7O4teNB7odi1jD8*ygAu2zCz3R3RNtULJVUqNsFUWi0VpMIObfLtN53n0=]]></url>
  <title><![CDATA[卓越数学初中产品全面升级，推出“能力+素养”教学体系]]></title>
  <content><![CDATA[2019年1月起，卓越教育数学初中产品将全面升级，原有课程体系将升级为“10大能力+6大核心素养”的新课程体系。此次升级旨在充分贯彻新课标与中高考对数学学习与教学的要求，全面提升学生的数学能力与素养，平衡短期数学学习目标实现与长期数学能力的发展需求，助力学生的健康生长！1“10个重要能力”与“6大核心素养”逐步成为中高考的教学与考查主线2011年国家发布了《义务教育数学课程标准》，明确指出“在数学课程中，应当注重发展学生的数感、符号意识、空间观念、几何直观、数据分析观念、运算能力、推理能力和模型思想。为了适应时代发展对人才培养的需要，数学课程还要特别注重发展学生的应用意识和创新意识” 。而《新高中数学新课程标准2017版》明确提出要重点发展学生“六大核心素养”，即数学抽象、直观想象、逻辑推理、数学运算、数学建模、数据分析。国家颁布的两个“标准”非常科学且严谨：对学生们而言，初中数学重点以能力提升为主，高中数学的学习进阶为核心素养的发展，并最终升华为三大应用，即“用数学的眼光观察世界、用数学的思维分析世界、用数学的语言描绘世界”。这样的设计既符合学生的学习认知规律，又符合国家对所需要的人才的数学培养的战略目标。2卓越初中数学全新升级以“10大能力”与“6大核心素养”为主轴推出“能力+素养”教学体系卓越教育在21年初中数学教学与教研成果的积累上，深入研究并贯彻两个“标准”的要求与精神，紧跟中高考改革要求，以“10大能力”与“6大核心素养”为主轴，进行初中数学教学体系的升级，在华南地区率先推出“能力+素养”的教学体系。新体系依托原有的分层教学进行升级，参照各级各类办学单位的共识标准，将《义务教育数学课程标准》规定的教学内容，按知识模块的教学安排与学习规律，进行核心素养水平划分，并按对应关系设计相对应的能力训练。以一元一次方程的学习为例，会学习一元一次方程的相关概念、解法以及应用三个模块，而这三个模块对学生数学能力与素养发展方向有不同的侧重点：1一元一次方程的概念：侧重培养“数感”与“符号意识”这两大数学能力，提升 “数学抽象”素养；2一元一次方程的解法：侧重培养“运算”能力，提升我们的“数学运算”素养；3列一元一次方程解应用题：侧重培养“模型思想”这个数学能力，提升我们的“数学建模”素养。而整个一元一次方程的学习过程，都会持续渗透对我们的“应用意识”和“创新意识”这两大能力的提升。另外，随着对一些知识单元学习的纵向深入，数学素养的要求深度也有不同，例如：1“求反比例函数的解析式”是数学运算素养的基本要求；2“反比例函数与一次函数结合”是数学运算素养的中级要求。孩子们通过卓越新课程体系的学习，短期内可以帮助孩子们更清晰而有效掌握课程知识内容，完成中高考学习要求；长期而言，可以在能力和素养双提升的基础上，形成伴随终身的“优秀学习力”。在全面提升教学体系的基础上，卓越教育初中数学还对原分层教学进行了优化，突出教学过程中教师的主导地位与学生的学习主体地位，通过科学的体系将两者紧密融合。完成教学内容的同时，乐学层通过强化教学流程的把握来培养孩子优秀的学习习惯，励学层根据学生能力情况进行数学发散与创新思维的训练，博学层则在教学大纲的要求下尽最大可能激发孩子们的数学潜能。3其他升级内容简介01严格根据国家总体及广东地方规定的教学大纲与考查要求，请专家团队指导并根据学生们的学习特点与学习规律，优化了教学内容与课程体系的设计。将题目来源扩大到全国知名中学、重点城市中考等，通过扩大练习面来帮助同学们打破思维局限；02强化学生学习的主体地位，打破学生学习知识的被动接受，将引导式互动转变为交流式学习，在教师引导下启发学生发现问题并通过充分思考积极有效地解决问题；03对知识点配套例题与练习题目赋予对应能力与素养的标签，突出学生学习目标的阶段属性，培养学生们“带着目标学习”与“举一反三”的学习能力；04提升教材的品质，教学内容更精确、教材形象更精美更符合数学学科气质，而且强化学生良好学习习惯的培养，配套推出“卓越·习惯养成秘籍（5R笔记）”。更多升级内容，欢迎体验卓越教育集团以“一切为了孩子的健康生长”为目标，以优秀的师资和科学的体系助力孩子们“优秀学习力”的培养与发展，“10大能力+6大核心素养”体系的推出，是卓越践行教育理念与价值观的有力体现。]]></content>
  <author><![CDATA[卓越教育]]></author>
  <time>2018-11-09 17:30:00</time>
  <account><![CDATA[zhuoyue1997]]></account>
  <image><![CDATA[https://mmbiz.qpic.cn/mmbiz_gif/GpK8fDwDkVaKkpHMF5k832oLqrc0zNK9x0NcQY2Licu1Aic6CbaUOnFCVTDQrdGyzvjiaWbA03bvDj17wib4fhQ8PA/640?wx_fmt=gif|https://mmbiz.qpic.cn/mmbiz_png/GpK8fDwDkVaKkpHMF5k832oLqrc0zNK9saYbIic1UTFZconkjuk2RbibNUJnThE8YrKciaP5EknuDUArYN4Rib8zQg/640?wx_fmt=png|https://mmbiz.qpic.cn/mmbiz_png/GpK8fDwDkVaKkpHMF5k832oLqrc0zNK9Dt69icHjUOe34S8Gq6ohKqS36sgNzVObov2Y7KSUQd9DZH9ftichtSicA/640?wx_fmt=png|https://mmbiz.qpic.cn/mmbiz_png/GpK8fDwDkVaKkpHMF5k832oLqrc0zNK9al4hnRE4xPglSfFFtomhyKa0NfwFU5Zs4yNBqiaIqXLnsuyQXNGypxw/640?wx_fmt=png]]></image>
</data>
