<data>
  <id><![CDATA[52211523]]></id>
  <url><![CDATA[https://mp.weixin.qq.com/s?timestamp=1542184478&src=3&ver=1&signature=ZlB-2EJfC3xpCH9bC0jMaCbQktYS*zAr0OT0Nn2hxkswkiMj1DURCP5bKZNTGyO-UZX5An8rNvK*Fa2*s4yLle4fTSjh-bgDDpMpSJWH-p7WMjysisW7oRVXuXd9cyDLcozrCiF7Rna9G2woBjxqtMV9UC5ydeXS*7AvbOXfPJ0=]]></url>
  <title><![CDATA[爸妈，谢谢你们尊重我！值得每一位家长看一看！]]></title>
  <content><![CDATA[至亲离世该如何面对生死面对黑夜该如何寻找光明每个为生存奔波的人都有着跌宕的人生用心聆听来自城市边缘的呼吸主持人陈晓楠主持15年《冷暖人生》倾情打造《和陌生人说话》与身边的“陌生人”对话10分钟聊聊人生的滋味有人说“这个冬天的温度，全靠它了”节目一览（以下内容推荐亲子观看）1第二期：给自己的肺写信三年的女孩2第三期：我为死囚写遗书3第四期：中国没有杀马特4第五期：我给盲人放电影5第六期：一个杀人犯的忏悔6特别节目：爸妈，谢谢你们尊重我爸妈，谢谢你们尊重我主持人陈晓楠对话中国女排主教练郎平我是一个普通的母亲陈晓楠：他们说谈母女的话题，我自己也有个闺女，五岁。我觉得每个妈妈可能印象最深的就是她刚出生的那一刻，突然小脸放到你面前的时候。你还记得那一幕吗？郎平：产下以后，我也很累哈，我就瞄了她一眼，就闭着眼睛，特别长。我说这是个大眼睛，这好，比妈妈漂亮。陈晓楠：放心了郎平：对，然后一头的浓发。郎平：你一定要让她觉得母亲是一个很正常的一个人，她就是一个母亲。1992年，郎平的女儿白浪在美国出生，取浪花孕育于辽阔大海之意。三年后，郎平归国，担任中国女排主教练，母女分割两地。郎平：像我们这种工作就是比较特殊的，一下几个月不见。陈晓楠：小时候每一次见面的时候，她会向你跑来吗？郎平：哎哟，跑，现在大了还跑呢，我女儿是属于一见了妈就扑上来的那种。陈晓楠：我看你有一次写，就是说陪她玩的时候就全心全意陪她玩，但是又有点纠结，就觉得太亲密了，等走的时候，她会不会不适应。郎平：就是一定要让她在没看到你的时候溜走，但是事先都打好预防针了。你不是要买玩具吗？要买漂亮衣服吗？妈妈得工作。有一次说，妈，你去麦当劳也能干啊。陈晓楠：跟一个冠军母亲说你去麦当劳算了。郎平：我去麦当劳，你妈干不了。郎平：我从很多人的眼光里看出一些概念化的猜想：“郎平是名人，她很能干，她是女强人，她不会生活，她不顾生活。”上中学后，白浪开始学习排球，而郎平并没有时间亲自教导。郎平：我说浪浪，你给妈妈表演一下传球，她就表演。我说你这不对，“不，我们老师这么说什么什么什么”。我说浪，你知道你妈是干什么的吗？你妈就是教排球的，我就给她找了一个俱乐部。周末比赛，“Jane，郎教练”就在那儿叫，妈，他们怎么都认识你呀。这会知道，我妈挺厉害的。陈晓楠：那个特别遥远的明星一样的母亲，未必会真的跟她产生特别多的精神链接。郎平：对，我平时在家里就是这样，该洗碗洗碗，该拖地拖地，咱俩都别闲着。里约奥运会小组赛中，塞尔维亚曾以3-0击败中国女排。最后，中国女排以总分3-1击败塞尔维亚队夺冠。这也是中国女排在时隔12年（2004年雅典奥运会）后，再次站上奥运最高领奖台。值得一提的是，32年前郎平作为中国女排队员赢得奥运冠军；32年后，作为主教练再一次率队夺冠。郎平：我心情挺沉重的。结果那天正好她有一个名额可以进村，我一看，她怎么进来了，我挺高兴的。抬头一看，有一根电线掉下来了，说妈这根电线有点危险，说你让他们给你粘一粘。这一看就是大了，她在那里还给我做俩菜。陈晓楠：哟，是吗？郎平：妈，我一会儿有一个惊喜给你，我说什么惊喜，待了一会儿就跑出去了。哐哐哐，抱着大包小包，挺沉的，就进来了。结果我们几个教练吃，特开心，还是养女儿好。看我不高兴……想事呢，她还拍拍我，妈妈，这不是世界末日，真的，说，想想即将到来的假期吧。陈晓楠：有什么话你是没跟女儿说过？郎平：想跟她说的吗？我就是祝女儿幸福吧，希望她能够找一个自己非常爱的人，心爱的人，能够有幸福的家庭。我也希望有一天，她能有下一代，我也能当姥姥。陈晓楠：冠军的姥姥郎平：噢，不，就是正常的姥姥。陈晓楠对话马伯骞父子“我爸是我的偶像”“我是我儿子的粉丝”马伯骞：这个电影叫《以父之名》（In The Name Of The Father）然后我当时看完这个电影的时候，我爸特别感动在那儿哭。然后我当时看就说哦。然后我爸就气了，你怎么看不懂啊，你这臭小子，我为你做了多少。然后我当时想，什么东西。马伯骞，1996年出生于美国纽约，2017年以歌手身份在中国出道。陈晓楠：你和你爸爸那次重要的谈话是发生在什么时候？马伯骞：在跟我说你演戏演得太多了，你功课为什么没做好。我说的一句话就是，不好意思爸，你想让我过的生活，不是我要的生活。陈晓楠：等于那是你父亲第一次知道，你想要走表演这条路。马伯骞：对，做这个行吗？机会太少了。陈晓楠：对，千军万马过独木桥马伯骞：都是说这个，没错马伯骞爸爸（马清运）：然后我们在车上，我就掉眼泪，这是完全我不知道的领域，其实就失掉了权威，所以那时候很失落，这个眼泪流下来可能是因为失落流下来的。陈晓楠：失去了权威，也失去了庇护他的可能性？马伯骞爸爸（马清运）：对。马清运，著名华裔建筑师，曾任美国南加州大学建筑学院院长。马伯骞进入青春期后，父子俩摩擦不断。马清运：我不知道他提没提，我们俩一块儿看这个《以父亲的名义》，那个电影基本上就是孩子犯罪，特别无辜，被关了监狱，孩子就是特别的单纯，这个跟Victor很像。爸爸就觉得在监狱里，他一定也会受到比别人更大的这种不公。爸爸就自己犯了一个罪，就关监狱了。这个电影到最后，我就哭得不行了。我就想说这就是我呀，就是我觉得我们将来可能是这种关系。陈晓楠：要用的老命去保护他。中学时，马伯骞迷恋上演艺，成绩迅速下滑。马伯骞：普遍ABC的家庭学习都很好，他们比方说有20个妈妈，坐在一起那种，他们所有的孩子的GPA怎么都是4.2以上，怎么能那么高。陈晓楠：你简直自卑到底了。马伯骞：怎么都学习这么好，马伯骞GPA多少，我这个学期还行，进步了点，3.4，在他们眼里就是，哈，3.4。2016年，马伯骞决定休学，到中国发展演艺事业，马清运最终同意了儿子的选择。马清运：不参加任何家长的活动。陈晓楠：真的，都到这个程度？马清运：好怕人家说你儿子干嘛呢，我说退学了。什么，你这个唱rap，然后还退了学。我说是是是，我说你不知道这是一个职业啊。他说这哪儿是职业啊。2017年，马伯骞参加选秀节目《明日之子》，马清运和妻子一场未落，看完了所有比赛。马清运：这个小子在夏天给我了很多这种惊喜，印象的他真的是不一样，一个别人家的孩子，真的真的，很强大，就是在舞台上那种表达的那种方式。陈晓楠：实际上打开你完全不同的不知道的一个世界。马清运：真的，确实是，所以我说不行，我得好好支持，我还找了一个分析师。陈晓楠：天啊，可怜天下父母心啊，你这是头号粉丝。马清运：我真的是头号粉丝。马伯骞最终在《明日之子》获得亚军。马伯骞：他说，臭小子可以呀，我说还行还行。我现在跟我爸是属于那种很舒服的一个感觉，所有事有的时候真的就是我懂我懂。陈晓楠：你知道你爸现在是你的粉丝吗？马伯骞：他必须得是我的粉丝呀，他是我爸。那我跟我爸说，我也是他的粉丝。但是我现在觉得我跟他越来越像了。陈晓楠：包括讲大道理是吗？马伯骞：对。马清运：现在有的时候，你还得求着人家说，跟我一块儿朋友吃个饭吧，得显摆显摆。陈晓楠：然后就说这是马伯骞他爸。马清运：对，没错。我现在外号叫马明日，明日之子。文 / 卓越教育视频来源 /《和陌生人说话》腾讯视频节选《和陌生人说话》特别节目《爸妈，谢谢你们尊重我》延伸阅读重磅！2019年广东高考英语听说考试大纲公布！异军突起，地理、生物成新高考选科“新宠”继《朗读者》《见字如面》后，又一档刷屏级节目！初一语文上册复习必备，超过一半的人会读错用错！官宣！2019年广东高中学考报考指南长按关注了解更多小初高考资讯/干货/政策解读微信号 :zhuoyue1997新浪微博：@卓越教育官网：www.zy.com]]></content>
  <author><![CDATA[卓越教育]]></author>
  <time>2018-11-04 09:00:00</time>
  <account><![CDATA[zhuoyue1997]]></account>
  <image><![CDATA[https://mmbiz.qpic.cn/mmbiz_gif/GpK8fDwDkVYmjMITbL0rGUaibY9Nia0PibNxjzgH6crPBfN8l6ic7uEYianEIEdaiamY0Ef51F5gdBCGr31e4bZpGjww/640?wx_fmt=gif|https://mmbiz.qpic.cn/mmbiz_png/GpK8fDwDkVYmjMITbL0rGUaibY9Nia0PibNecDEQng4IXW7RBL0NZD8pKj8J33WvaaaHxz8B1GmHFRzbdtuTLsjLQ/640?wx_fmt=png|https://mmbiz.qpic.cn/mmbiz_png/GpK8fDwDkVYmjMITbL0rGUaibY9Nia0PibNKnicYhiaA9dk6PDFzREzJSiax9gdvw3vwzM1sYGpfHd4mczPDTictP0UEQ/640?wx_fmt=png|https://mmbiz.qpic.cn/mmbiz_png/GpK8fDwDkVYmjMITbL0rGUaibY9Nia0PibNzvfxOkA0GjzDzmDOgnENQ3APGPhuMicu1jDlibicR7Pib3TnbZXmVB1iccg/640?wx_fmt=png|https://mmbiz.qpic.cn/mmbiz_png/GpK8fDwDkVYmjMITbL0rGUaibY9Nia0PibNzvfxOkA0GjzDzmDOgnENQ3APGPhuMicu1jDlibicR7Pib3TnbZXmVB1iccg/640?wx_fmt=png|https://mmbiz.qpic.cn/mmbiz_png/GpK8fDwDkVYmjMITbL0rGUaibY9Nia0PibNzvfxOkA0GjzDzmDOgnENQ3APGPhuMicu1jDlibicR7Pib3TnbZXmVB1iccg/640?wx_fmt=png|https://mmbiz.qpic.cn/mmbiz_png/GpK8fDwDkVYmjMITbL0rGUaibY9Nia0PibNKnicYhiaA9dk6PDFzREzJSiax9gdvw3vwzM1sYGpfHd4mczPDTictP0UEQ/640?wx_fmt=png|https://mmbiz.qpic.cn/mmbiz_png/GpK8fDwDkVYmjMITbL0rGUaibY9Nia0PibNzvfxOkA0GjzDzmDOgnENQ3APGPhuMicu1jDlibicR7Pib3TnbZXmVB1iccg/640?wx_fmt=png|https://mmbiz.qpic.cn/mmbiz_png/GpK8fDwDkVYmjMITbL0rGUaibY9Nia0PibNzvfxOkA0GjzDzmDOgnENQ3APGPhuMicu1jDlibicR7Pib3TnbZXmVB1iccg/640?wx_fmt=png|https://mmbiz.qpic.cn/mmbiz_png/GpK8fDwDkVYmjMITbL0rGUaibY9Nia0PibNzvfxOkA0GjzDzmDOgnENQ3APGPhuMicu1jDlibicR7Pib3TnbZXmVB1iccg/640?wx_fmt=png|https://mmbiz.qpic.cn/mmbiz_png/GpK8fDwDkVYmjMITbL0rGUaibY9Nia0PibNzvfxOkA0GjzDzmDOgnENQ3APGPhuMicu1jDlibicR7Pib3TnbZXmVB1iccg/640?wx_fmt=png|https://mmbiz.qpic.cn/mmbiz_png/GpK8fDwDkVYmjMITbL0rGUaibY9Nia0PibNzvfxOkA0GjzDzmDOgnENQ3APGPhuMicu1jDlibicR7Pib3TnbZXmVB1iccg/640?wx_fmt=png|https://mmbiz.qpic.cn/mmbiz_png/GpK8fDwDkVYmjMITbL0rGUaibY9Nia0PibNzvfxOkA0GjzDzmDOgnENQ3APGPhuMicu1jDlibicR7Pib3TnbZXmVB1iccg/640?wx_fmt=png|https://mmbiz.qpic.cn/mmbiz_png/GpK8fDwDkVYmjMITbL0rGUaibY9Nia0PibNhQqhZTYAAOIowFrGiaCttQkCbeiakq5rSibc1yG7DUicQUicibh8sLSZ4rpA/640?wx_fmt=png|https://mmbiz.qpic.cn/mmbiz_png/GpK8fDwDkVYmjMITbL0rGUaibY9Nia0PibNsvHjEmcgKxe3biaB75ic4YkUfibNxNtJwSicN1TXBHEPSoR53RUgzWS0wg/640?wx_fmt=png|https://mmbiz.qpic.cn/mmbiz_jpg/GpK8fDwDkVYmjMITbL0rGUaibY9Nia0PibNAayibXOIa1K7VBnmwrIXibRtYgwsl3cnfObr3Ckmct06vuNibIzJsx01Q/640?wx_fmt=jpeg|https://mmbiz.qpic.cn/mmbiz_jpg/GpK8fDwDkVYmjMITbL0rGUaibY9Nia0PibNibcTQ0F6RBNbnFCdhyYtWsvaico0TH5IPNdzkibbOyUuCHcMvqXj1hCVw/640?wx_fmt=jpeg]]></image>
</data>
