<data>
  <id><![CDATA[52211523]]></id>
  <url><![CDATA[https://mp.weixin.qq.com/s?timestamp=1542184478&src=3&ver=1&signature=ZlB-2EJfC3xpCH9bC0jMaCbQktYS*zAr0OT0Nn2hxkswkiMj1DURCP5bKZNTGyO-UZX5An8rNvK*Fa2*s4yLlU8FTChZzCKEtXQJc72-3jlURhfCRfHc0qaBQfiDhpfBFfmSQtQB-FN1pRVxsUlzpTr79uehMHXlDn8wg1G9S7k=]]></url>
  <title><![CDATA[幼小衔接行业首个白皮书报告发布，卓越巧问教育推动行业合力发展]]></title>
  <content><![CDATA[2018年11月10日，卓越巧问教育与亚洲幼教年会联合发布《2018中国幼小衔接调研白皮书》，通过海量数据及深入研究，对中国儿童入学准备进行现状分析与需求洞察，引发参会人员的热议与深思。亚洲幼教年会主席杨文泽致辞时表示，卓越巧问教育率先在行业中发布这份白皮书，"以行而求知，因知以进行"，通过行动探讨前进的道路和方法，将行业从经验层面拔高到数据层面，为从业人员及家长带来更科学、更理性的认识。亚洲幼教年会主席杨文泽为《2018中国幼小衔接调研白皮书》发布会致辞卓越巧问教育创始人成君霞在发布会上表示，本次调研报告发布会是为了明确孩子入学准备阶段的学习重点，为行业从业者呈现孩子现阶段真正的发展需求、家长的认知和态度，同时也为孩子正处于入学准备阶段的家长提供教育方式的指导方向。成君霞在《2018中国幼小衔接调研白皮书》发布会上发表主题演讲幼儿园升入小学平稳过渡关键在于能力培养卓越巧问教育发布的《2018中国幼小衔接调研白皮书》显示，超过90%的中国家长认同幼小衔接这一时期的重要性。因为在这一时期，孩子们会面临幼儿园与小学之间的巨大差异。| 幼儿园寓教于乐，没有功课和考试压力上小学后，会出现孩子放学回家不知道今天布置了什么作业的情况| 幼儿园对孩子是保教一体，灵活机动，随意性强小学对孩子是以教育为主，40分钟学习时间需要按部就班，规则性强，常常会有孩子坐不住的情况……究其原因，儿童在这个阶段会面临的六大压力——学业压力，规则压力，教师压力，同伴压力，环境压力，家长压力。克服段差压力需多方协力拒绝提前小学化通过调研数据，我们发现超过半数的家长误把幼小衔接课程与提前学习小学课程内容画上等号。面对这种现状，中国教育科学研究院研究员李忠忱教授指出，学前教育的关键准备是孩子的五大核心素质的培养，如果没有这五大核心素质的培养，只做知识的准备，那就是本末倒置。为此，卓越巧问教育与国内著名教育心理学家、行业资深人士等深入研究，提出入学综合能力培养的五大能力模型——健康力、 交往力、学习力、专注力、创造力。通过五大能力的培养，帮助儿童顺利度过人生中第一次身份转变，克服幼小段差压力，实现幼小学段自然过渡。除此之外，围绕着孩子入学综合能力培养的问题，社会各种角色的做法和分工还没有真正达到合力。卓越巧问教育希望跟学前教育行业各位资深的专业人士一起，借助互联网、大数据、市场调研等科技手段和技术力量，对新时代下的入学综合能力培养进行更深入的探索，聚合各界力量，做真正符合中国入学阶段儿童可持续性发展的教育。卓越巧问教育与亚洲幼教年会进行签约为此，卓越巧问教育与亚洲幼教年会共同承诺，接下来将围绕关注儿童对上学的态度、概念、问题等课题不断深耕，推出《2019中国幼小衔接调研白皮书》，为行业发展带来更具前瞻性及科学意义的指导和建议。联合官方发布白皮书携手专家提升儿童入学适应性同时，发布会也邀请了中国教育科学研究院研究员李忠忱、北京成功速道教育技术研究所所长张巨河、银座幼教集团创始人、原董事长赵春梅展开了一场别开生面的圆桌论坛，就“在纠正幼儿园‘小学化’新政指导下，如何做好儿童的入学准备”话题进行探讨。圆桌论坛李忠忱教授提出，幼小衔接实际上应该是理论观念的衔接、国家教育的幼小衔接、教育机构的幼小衔接、教育课程内容的幼小衔接，最后是教育方法的幼小衔接，这是一个所有教育同行、幼儿机构和家长共同推动的系统工程。针对李教授提出的观点，赵春梅园长表示，幼儿教育不单是在“幼儿园里的教育”，而是一个家庭、学校、社区、社会共同教育责任。当谈到入学准备课程时，张巨河老师则认为，人生每过一天都是一个阶段。幼小衔接是大量孩子在人生中出现一个重大的拐点，除了通过课程衔接外，更重要是如何做好家长的准备。只有教父母成为更好的家长，才是顺利衔接的出路。通过《2018中国幼小衔接调研白皮书》发布会，卓越巧问教育提出的“幼小衔接重点在能力培养”、“五大能力模型”等理念也受到许多园长、老师的认可，落实儿童在入学综合能力上的培养，加强家长对入学准备的正确认知，将是行业共同推动与可持续性发展的关键。]]></content>
  <author><![CDATA[卓越教育]]></author>
  <time>2018-11-13 18:51:08</time>
  <account><![CDATA[zhuoyue1997]]></account>
  <image><![CDATA[https://mmbiz.qpic.cn/mmbiz_gif/GpK8fDwDkVZPRDmjHPtpeS1mdYrwRSCldyUKjOeibFdX2NI8gmDHJKibxicHkxNHJty744V5jR2Lib7QiaicrW1Wy5mw/640?wx_fmt=gif|https://mmbiz.qpic.cn/mmbiz_jpg/GpK8fDwDkVZPRDmjHPtpeS1mdYrwRSClFicnLwwTCibkvE78y7qRJiaRd4Jdiafkkeb6R0UFI72NhAvjnmrqpP97Tw/640?wx_fmt=jpeg|https://mmbiz.qpic.cn/mmbiz_jpg/GpK8fDwDkVZPRDmjHPtpeS1mdYrwRSCl75xIuseEbicu8ETyNjUnyiaZiavpEeUqnEEyehBLBHbQH3Cgk186Re79Q/640?wx_fmt=jpeg|https://mmbiz.qpic.cn/mmbiz_jpg/GpK8fDwDkVZPRDmjHPtpeS1mdYrwRSClFwvSTiaAMOC5zBibfS757FgsJWVjgAYjqtv5j0jib6GA6WRrYoQsrQkrA/640?wx_fmt=jpeg|https://mmbiz.qpic.cn/mmbiz_png/GpK8fDwDkVZPRDmjHPtpeS1mdYrwRSClJ35or2STjFwuEa5NgoJlFTa3ufBmONjcDiafGq5ian6oInERkROl1AvA/640?wx_fmt=png|https://mmbiz.qpic.cn/mmbiz_png/GpK8fDwDkVZPRDmjHPtpeS1mdYrwRSCl5oeIc1EeHSbFq7EoHX73aRfTzlWqCTQ5xF9ApZ6b31SJNMW9VaVnyQ/640?wx_fmt=png|https://mmbiz.qpic.cn/mmbiz_jpg/GpK8fDwDkVZPRDmjHPtpeS1mdYrwRSCl9Nh9Kssv5fkpNvAribazicibHIaHcyI4WXeVKsw0rUNSk2tHygyE9cUHA/640?wx_fmt=jpeg|https://mmbiz.qpic.cn/mmbiz_jpg/GpK8fDwDkVZPRDmjHPtpeS1mdYrwRSClUPmTib5w4sl3lDYWfPuzJzSSdAAC8q4XvmZePgElag60WoElibrtib4Bw/640?wx_fmt=jpeg|https://mmbiz.qpic.cn/mmbiz_gif/GpK8fDwDkVZPRDmjHPtpeS1mdYrwRSCl1smWmYuMKSjaMkeEhz2fpB9viaFAjicdjBXoDHrS4EiaEiatIkNxakGj6Q/640?wx_fmt=gif|https://mmbiz.qpic.cn/mmbiz_jpg/GpK8fDwDkVZPRDmjHPtpeS1mdYrwRSCl3FvMMx7Iqkhao7mibSJpRXCvr8wd5tFMo3Fhpyed1cWC30aRtN3h5kw/640?wx_fmt=jpeg|https://mmbiz.qpic.cn/mmbiz_gif/GpK8fDwDkVZPRDmjHPtpeS1mdYrwRSClvLx6jOOicMEOlibCNNdpWLaHDu15C4Gdv1jnofM2Y1dNibYKprB0qQzVw/640?wx_fmt=gif|https://mmbiz.qpic.cn/mmbiz_jpg/GpK8fDwDkVZPRDmjHPtpeS1mdYrwRSCln7rqdSNwNE9DS9MpGhREDTyEuIEPnhsHTZz5lxWNXA6QRzDpf2M5bA/640?wx_fmt=jpeg]]></image>
</data>
