<data>
  <id><![CDATA[52211523]]></id>
  <url><![CDATA[https://mp.weixin.qq.com/s?timestamp=1542184478&src=3&ver=1&signature=ZlB-2EJfC3xpCH9bC0jMaCbQktYS*zAr0OT0Nn2hxkswkiMj1DURCP5bKZNTGyO-UZX5An8rNvK*Fa2*s4yLlU8FTChZzCKEtXQJc72-3jkbd0SM5hx4rPq2HoY68pWEaLKTmofcPhsHJiOD129eBDbKv2U5HyXArbkirGjLptQ=]]></url>
  <title><![CDATA[《卓越阅读季——送你一本好书》活动正式开启，20本畅销好书免费送！]]></title>
  <content><![CDATA[熊家长熊老师好，听说你们最近举办了卓越阅读季——送你一本好书活动，感觉非常给力，请问我要怎么样才能参加呢？熊老师家长您好，参加活动非常简单：1.在本文中选择您想要的书，长按海报二维码识别，就会收到一张你自己的专属海报。2.把这个海报分享到朋友圈和微信群，让好朋友帮你扫码关注。3.当你邀请的好友达到规定的数量时，就会收到后台自动推送的填写地址的通知。4.活动时间：即日起至11月30日结束限量200套，先到先得！免费领卓越阅读季送你一本好书原价35需要36人助力《P.E.T父母效能训练》长按识别，免费领取免费领卓越阅读季送你一本好书原价38需要26人助力《正面管教》长按识别，免费领取免费领卓越阅读季送你一本好书原价36需要30人助力《遇见孩子，遇见更好的自己》长按识别，免费领取免费领卓越阅读季送你一本好书原价39.8需要30人助力《英语语法看这本就够了》长按识别，免费领取免费领卓越阅读季送你一本好书原价38需要30人助力《游戏中的科学》长按识别，免费领取免费领卓越阅读季送你一本好书原价35需要28人助力《一问一世界-青少年版》长按识别，免费领取免费领卓越阅读季送你一本好书原价39.8需要29人助力《一本书读完最美古诗词》长按识别，免费领取免费领卓越阅读季送你一本好书原价42需要26人助力《小山词》长按识别，免费领取免费领卓越阅读季送你一本好书原价58需要45人助力《天长地久》长按识别，免费领取免费领卓越阅读季送你一本好书原价39需要28人助力《人间草木》长按识别，免费领取免费领卓越阅读季送你一本好书原价26需要29人助力《亲爱的汉修先生》长按识别，免费领取免费领卓越阅读季送你一本好书原价48需要38人助力《七十二堂写作课》长按识别，免费领取免费领卓越阅读季送你一本好书原价38需要38人助力《罗生门》长按识别，免费领取免费领卓越阅读季送你一本好书原价29.5需要38人助力《礼拜二午休时刻》长按识别，免费领取免费领卓越阅读季送你一本好书原价52需要32人助力《朗读者》长按识别，免费领取免费领卓越阅读季送你一本好书原价29需要32人助力《杰出青年的7个习惯》长按识别，免费领取免费领卓越阅读季送你一本好书原价26需要28人助力《哈佛家训》长按识别，免费领取免费领卓越阅读季送你一本好书原价59.9需要28人助力《高兴死了！！！》长按识别，免费领取免费领卓越阅读季送你一本好书原价49需要29人助力《半小时漫画中国史》长按识别，免费领取免费领卓越阅读季送你一本好书原价49需要38人助力《正楷凹槽字帖》长按识别，免费领取]]></content>
  <author><![CDATA[卓越教育]]></author>
  <time>2018-11-13 18:51:08</time>
  <account><![CDATA[zhuoyue1997]]></account>
  <image><![CDATA[https://mmbiz.qpic.cn/mmbiz_gif/GpK8fDwDkVb91giaHONcqzP6N5xhbNdDCCp4wB1ibSiakdrDMqnICZfUbWJ59JI3xLkjjTzsGLvv8fa0pxGwpRuHw/640?wx_fmt=gif|https://mmbiz.qpic.cn/mmbiz_jpg/78KMkZEibxVBzpLFoX2roOHvQP4oCQu7kCAh7xkxcVLQ9ouY80eR1EdePn0ued1ouUAelQia5tPy6p8VEsY10PPg/640?|https://mmbiz.qpic.cn/mmbiz_jpg/78KMkZEibxVBzHTRVLuVmz3rGzS7R1XTqoJTgzlP4cWxsAicX1ZAeFf8PaGfxvY0yIibVoQgfIeOL3uHuaUlib5Kdw/640?|https://mmbiz.qpic.cn/mmbiz_jpg/78KMkZEibxVBzHTRVLuVmz3rGzS7R1XTq1RZBcQDY7dfE3dhaH00WMGHIqKfvwuGibyibygdvGhFd1dNyWGI4OrQA/640?|https://mmbiz.qpic.cn/mmbiz_png/78KMkZEibxVBzHTRVLuVmz3rGzS7R1XTq3iaBIicd1cKbLSibfMrmzHueHUPoH2qkh5FT9TLic6Vr8UDwfpO0xkoesw/640?|https://mmbiz.qpic.cn/mmbiz_png/78KMkZEibxVBzHTRVLuVmz3rGzS7R1XTqMVuqhcdInbkVt1ESlmxibhq8MSHicZ96kqtibdyq26H7M0p63jE8tdaOQ/640?|https://mmbiz.qpic.cn/mmbiz_png/78KMkZEibxVBzHTRVLuVmz3rGzS7R1XTqv3nADZEOWEibibFpH1VP5zibNn6sB6OIY48zWU4h3Rq2xrN2gHF6R4LTQ/640?|https://mmbiz.qpic.cn/mmbiz_jpg/78KMkZEibxVBzpLFoX2roOHvQP4oCQu7kNfhHEE0GllPOMxdg70aQZN2J9zI2fByvlZeIcfNpXeH1rhXzMzNBFw/640?|https://mmbiz.qpic.cn/mmbiz_jpg/78KMkZEibxVBzHTRVLuVmz3rGzS7R1XTqfMFwjPD5QbIItIH8AeLupKJpKXGJdeXEcP6c2q6VViaW2RtOhTh585w/640?|https://mmbiz.qpic.cn/mmbiz_jpg/78KMkZEibxVBzHTRVLuVmz3rGzS7R1XTqUPoNkCjKEoCdJ7Ls3V1XC5b3ictPCmFl5s82IOZaMeibZq4NgCvvfIag/640?|https://mmbiz.qpic.cn/mmbiz_jpg/78KMkZEibxVBzHTRVLuVmz3rGzS7R1XTqoVkNVNpOBPujw8CZgeNsE7wbbc8K5iaoDbjiarHyLCkVPpJicCfOrlTvQ/640?|https://mmbiz.qpic.cn/mmbiz_jpg/78KMkZEibxVBzHTRVLuVmz3rGzS7R1XTqufo9c2zoIUoib9RzAoMRvASyyKQfcC0QZweuOoWfz0ZTsiaiaxxNoic1RQ/640?|https://mmbiz.qpic.cn/mmbiz_jpg/78KMkZEibxVBzHTRVLuVmz3rGzS7R1XTqFIEquKqK7RAIM5l3p8NicEicIsGMSJsk6r0cUtlPTNtlQvzKRXy8sK8w/640?|https://mmbiz.qpic.cn/mmbiz_jpg/78KMkZEibxVBzHTRVLuVmz3rGzS7R1XTqyaAJr2XK0heUACsrt5ajDLibJdiavzWtLzhgr6ngWcDXvGwaN9aibQiatA/640?|https://mmbiz.qpic.cn/mmbiz_jpg/78KMkZEibxVBzHTRVLuVmz3rGzS7R1XTq6p8J0Zqn2oMD4niaJbAT5NbV6lLq4WXQn3ry1Vl2zH1BFJAh8rleRpg/640?|https://mmbiz.qpic.cn/mmbiz_jpg/78KMkZEibxVBzHTRVLuVmz3rGzS7R1XTqlQfIHzmSiaq9GNwic1gweUNj2BaV4y7RZywbsJH9Z9JzrDPVwsJ4oqWw/640?|https://mmbiz.qpic.cn/mmbiz_jpg/78KMkZEibxVBzHTRVLuVmz3rGzS7R1XTqibEhb3xicVaPYnVCQVg72zPk3hEKCsA1ga9W4KMHum7kCPPibssLQIQEQ/640?|https://mmbiz.qpic.cn/mmbiz_jpg/78KMkZEibxVBzHTRVLuVmz3rGzS7R1XTqaibibUgS5cPE8eYhzAUG0S8mQDl5e8EYT0CRA3l7rVvywLBBrdgxKzPg/640?|https://mmbiz.qpic.cn/mmbiz_jpg/78KMkZEibxVBzHTRVLuVmz3rGzS7R1XTqHFyZcCANbUdPvQFBZJ4toq5m9tTSkdgHqg5k5Da1H6pOOUQP6oVRHg/640?|https://mmbiz.qpic.cn/mmbiz_jpg/78KMkZEibxVBzHTRVLuVmz3rGzS7R1XTqjvImvs4tZHQwOribeG2NjDF1XvB6g9hdiaSWhGnicPC7oYaiadKwZV6Hwg/640?|https://mmbiz.qpic.cn/mmbiz_jpg/78KMkZEibxVBzHTRVLuVmz3rGzS7R1XTquclmM8zKF5L5RxFlPnpicGHFe9d8LibYBE4hpR6WkUbnJI3zHFgibzkwQ/640?|https://mmbiz.qpic.cn/mmbiz_jpg/78KMkZEibxVBzHTRVLuVmz3rGzS7R1XTqMRtpFxTWkpwdjibJ3JsVKKPN8wXWlibibdDKDpwugzKWAEta3gNib5giahw/640?|https://mmbiz.qpic.cn/mmbiz_jpg/78KMkZEibxVBzHTRVLuVmz3rGzS7R1XTqLicxmRV5I422IJibFZw3LSicEfWSK0uZFMzEeGJ9sZ9xhxFZHzbiaoNOaQ/640?|https://mmbiz.qpic.cn/mmbiz_jpg/78KMkZEibxVBzHTRVLuVmz3rGzS7R1XTqMcR6WjIWM6vqA4nzEkmuR3Pvr2RNwlHmoa3jib82hWgxVTAiajoMxWNQ/640?|https://mmbiz.qpic.cn/mmbiz_jpg/78KMkZEibxVBzHTRVLuVmz3rGzS7R1XTqDeJyKhvSe2ibWeOrvINic1iaWgvicUbkp0KcNQzwan0mCIiczPia5kic5QagQ/640?|https://mmbiz.qpic.cn/mmbiz_jpg/78KMkZEibxVBzHTRVLuVmz3rGzS7R1XTqZhRRRxXq81oecjmBm1bxL7xlsic7sZhwUqO9ibzcLUYZicmpTP1ZNrqtw/640?|https://mmbiz.qpic.cn/mmbiz_jpg/78KMkZEibxVBzHTRVLuVmz3rGzS7R1XTqdueLHcrSFhYQic0QE3icSiaGLzHMWxczbHCTibvZKX6DnicHFSxetEibadXg/640?]]></image>
</data>
