<data>
  <id><![CDATA[52211523]]></id>
  <url><![CDATA[https://mp.weixin.qq.com/s?timestamp=1542184478&src=3&ver=1&signature=ZlB-2EJfC3xpCH9bC0jMaCbQktYS*zAr0OT0Nn2hxkswkiMj1DURCP5bKZNTGyO-UZX5An8rNvK*Fa2*s4yLlXy1q8ewgtjlVztEQs01YXt*jDEdAW6iltpp-MI61wNWtBav8NVhajPrUZoVCrMySAdFCvgOx*dJX2OL5e81bcU=]]></url>
  <title><![CDATA[孩子被狗追，这位母亲挺身而出却被狗主人狂殴！已刑拘！]]></title>
  <content><![CDATA[近日，浙江杭州余杭区的徐女士带孩子在小区门口散步时，遇到未拴狗绳的宠物狗。因小狗追逐吓到孩子，徐女士用脚驱赶，却因此与犬主金某发生口角，随后被金某殴打致左手环指骨折。▲无绳狗惊吓小孩，妈妈护子被狗主人疯狂殴打孩子被狗追，母亲挺身而出，狗主人却殴打…先回到事件本身，徐女士晚上七点多，带着3岁的女儿和6岁的儿子在小区门口散步。本来是其乐融融的家庭活动，没想到，一只未拴绳的狗突然冲出，追着6岁的孩子叫。孩子被狗追着跑，十分害怕，跑向妈妈，想躲开追他的狗。徐女士看到孩子受到惊吓，随即将儿子护在身后，用脚作势驱赶狗，但狗依然对着其儿子叫。然后，狗的主人出现了。这位狗主人没有道歉，而是质问徐女士为何踢自己的狗，又称狗是他的“儿子”。徐女士就怒了，说你的狗吓着我孩子了，所以才用脚作势去驱赶它，而且为什么不给狗栓绳，这样很危险。在争执的时候，狗依旧追着孩子跑。徐女士不停将孩子护在背后，当狗再次靠近时，徐女士抬脚踢向狗。狗主人开始动手推搡徐女士，然后掐着徐女士的脖子将其按在轿车引擎盖上。幸好路人纷纷过来劝解，才停止了这场殴打。然而，当徐女士准备带孩子离开时，狗主人又回来了，开始掌掴徐女士，然后将其按倒在地，不断殴打。徐女士奋力反抗，她的两个孩子不知所措地站在一旁。直到又有路人赶来劝架，狗主人才结束对徐女士的殴打。事发当晚，徐女士报警并去医院检查。医院诊断报告称，徐女士左手环指远节指骨近端骨折，建议暂休息2个月。小孩被狗追时，爸爸妈妈应该怎么做这样的新闻屡现不鲜——【苏州一夫妻遛狗不拴绳，称“我家狗从不咬人，只咬素质低的”】有网友在苏州独墅湖附近散步时，遇见一对老夫妻在遛狗。由于没有拴狗绳，小狗多次冲向周边的小孩，对市民造成了很大困扰。石家庄的韩女士，她11岁的儿子外出玩耍，结果刚出小区单元门的时候就被邻居王某的斗牛犬给咬伤了。“孩子腿被咬下两块肉，一个腿上缝了二十来针，一个腿上缝了将近十针，我这当妈的，看他住院疼的都睡不了觉，拿那个双氧水往那个腿上浇，烧那个肉，浇了好几天双氧水，后来又做了两次手术。”【医院犬伤门诊患者中，一半是被自家狗猫咬伤的】许多养狗人士在被质疑不拴狗绳、狗会咬人时，都自称自家的狗不咬人。然而，从医院的接诊情况来看，在打狂犬疫苗的患者中，被自家狗猫咬伤的最多，比例至少达到了一半。当我们的孩子遇到类似危险时，比如被无绳拴的狗追咬、孩子吓得大哭，爸爸妈妈应该怎么做？后退法第一步，父母把孩子护在身后，给孩子一个安全屏障；第二步，让孩子安静下来，停止哭泣和尖叫，保持不动，让狗感到对方并没有恶意，也不具有攻击性；第三步，应避免与狗对视，双手放背后（这样做会让狗感到孩子的威胁性降低），然后慢慢地一步步后退，直到狗失去兴趣并离开。原地站立法原地站着不动，像一棵树一样。不要尖叫，也不要动。双手放前面，眼睛看着手，不要跟狗对视。蜷缩法如果狗已经扑过来了，或者已经把孩子扑倒了，要教孩子立刻缩成一团，用胳膊和手保护脸部、咽喉等重要部位。这个动作 3-4 岁的孩子就可以掌握得很好了。骑车时被狗追如果孩子骑着自行车时被狗追，教孩子不要加速离开。相反，他应该下车，将车放在他和狗之间。那狗很快会对不动的目标失去兴趣。当孩子受到惊吓后，爸爸妈妈要如何安抚“儿子这两天情绪非常不稳定，晚上睡觉做梦会哭喊‘不要打我妈妈’，老师也说他上课一直在发呆，精神状态不同往常。我也因此事天天失眠，总是自责为什么不能保护好孩子，让他们受到惊吓，看着妈妈被别人骑在身上扇巴掌。我只是本能地去驱赶一条威胁我孩子的狗。”徐女士表示。那么，当孩子受到惊吓后，爸爸妈妈要如何安抚？肢体抚慰在用语言安抚孩子的同时，还要进行肌肤的触摸，比如用手顺着孩子头发轻抚或者轻拍背部，或者把脸贴到孩子脸上。亲人的肢体接触能很快让孩子得到安全感，最大程度地起到抚慰作用。多让孩子听轻柔的音乐如果孩子受到惊吓，可以播放他平常喜欢听的音乐，比如儿歌、钢琴曲、萨克斯等，能调节孩子紧张的情绪，减轻因惊吓带来的不良影响。让小伙伴多鼓励虽然家长的安慰很重要，但有时候请孩子的好朋友、好伙伴来进行安慰，能起到意想不到的作用。小伙伴可以对受惊吓的孩子进行鼓励，多说一些“不要害怕，咱们还要一起玩呢”之类的话。来源：腾讯视频，北京青年报，新浪看点，新浪微博，百度经验卓越教育综合编辑延伸阅读“谈性色变”是父母最遗憾的不作为，这两件事已敲响性教育警钟！有多少家长错过了才知道，这一年有多重要爸妈，谢谢你们尊重我！值得每一位家长看一看！孩子放学后的6小时很重要，父母这样陪伴更有意义！“讲得非常好，涨了好多知识！”这个音频已被1000000+次播放长按关注了解更多小初高考资讯/干货/政策解读微信号 :zhuoyue1997新浪微博：@卓越教育官网：www.zy.com]]></content>
  <author><![CDATA[卓越教育]]></author>
  <time>2018-11-07 17:30:00</time>
  <account><![CDATA[zhuoyue1997]]></account>
  <image><![CDATA[https://mmbiz.qpic.cn/mmbiz_gif/GpK8fDwDkVZtUX3M0NLMamIwb0UdUjaUI9v871P14cgPl0zvkMxHzLV6yLdFSial1YvmUnw0YCBMJwPCQC0vZwQ/640?wx_fmt=gif|https://mmbiz.qpic.cn/mmbiz_png/GpK8fDwDkVZtUX3M0NLMamIwb0UdUjaUJjTPviasTCOMka72ibasviah3zvjzdhqQNVoLMNiacBG21o2UsXd8Hf6zA/640?wx_fmt=png|https://mmbiz.qpic.cn/mmbiz_png/GpK8fDwDkVZtUX3M0NLMamIwb0UdUjaU6vWrQyPNgqRFcxzFo1Spfmkicj0v65wWlYEsnn4RGCNLic8pKsjTWiaxA/640?wx_fmt=png|https://mmbiz.qpic.cn/mmbiz_jpg/GpK8fDwDkVZtUX3M0NLMamIwb0UdUjaUc58NIRx1YbOiaBia6px6b1tEoGWzT6t2laBk3UYicrUhTP4aXj197h6PQ/640?wx_fmt=jpeg|https://mmbiz.qpic.cn/mmbiz_jpg/GpK8fDwDkVZtUX3M0NLMamIwb0UdUjaU0eSZspP8vs3aGC9mqkV2U8s2avV5b5NTe3FW4DTtQvMyqAdXvs0rCQ/640?wx_fmt=jpeg]]></image>
</data>
