<data>
  <id><![CDATA[52211523]]></id>
  <url><![CDATA[https://mp.weixin.qq.com/s?timestamp=1542184478&src=3&ver=1&signature=ZlB-2EJfC3xpCH9bC0jMaCbQktYS*zAr0OT0Nn2hxkswkiMj1DURCP5bKZNTGyO-UZX5An8rNvK*Fa2*s4yLldyDx*JtbQ1neQP0yg*uYcWxETS7rHzuI1qUPs1to8wDnDx3mRZ37l4tT0akjkUQVsiXVZ1Imm796F-pMhuoq5A=]]></url>
  <title><![CDATA[该给孩子画怎样的起跑线？近30个“00后”儿童及其家庭告诉你答案]]></title>
  <content><![CDATA[“爸爸，我是不是不幸运啊？”“不，你是这个世界上最幸运的孩子，他们不录取你是他们的损失。”这是今年4月在中国上映的印度电影《起跑线》的台词。这部电影讲述了一对印度夫妇为了让女儿接受更好的教育，想尽了一切办法。妻子米塔坚持“不能让孩子输在起跑线上”，因而丈夫拉吉也不得不加入这场“幼儿园入学”大战中。从跻身上流社会而不得，到搬去贫民区以获得贫困生名额，孩子也从被富人区的孩子排挤到被贫民区的孩子接纳。这部印度电影中的许多片段，更像是中国教育的写照。中国版《起跑线》最近，一档同名纪录片《起跑线》，在北京电视台卡酷少儿频道开播，一时间迎来不少关注。这部纪录片聚焦儿童教育，用7个篇章去探讨“父母该给孩子画怎样的起跑线？”，分别是《百花》《风向》《启蒙》《角逐》《同行》《重洋》《鼎新》。《百花》这是一个关于小女孩练钢琴的故事。8岁的戴镜洋在哭着练钢琴，旁边是她的妈妈戴彧——天津师范大学的钢琴教师。洋洋已经在妈妈的教导下，学钢琴5年了。“你喜欢弹钢琴吗？”洋洋没有回答记者的问题，小脸褪去笑容，有点委屈和想哭。不久，戴毅杰 戴彧教学音乐会如期举行，洋洋也顺利、完美地完成了此次的钢琴表演。“当她弹完最后一个音的时候，我这颗悬着的心啊，就真的下来了。我特别想感谢她，就是她给了我希望。如果她失利了，她可能就把我这辈子对她的期望都磨灭了。也许她能站起来，但我站不起来。”她忍不住泪水，“就是母亲对孩子的这种期待，可能没有说永远的那种期待，但这关键的节，就一次。”洋洋说，“不管我妈妈或者我爸爸怎么打我骂我，我都知道他们是爱我的”。在孩子的世界里，无论父母对她的要求有多高，她依然坚信父母对她的爱，就如她对父母的爱。《风向》| 北京朝阳区慧忠里 9:00-10:00 尤克里里弹奏课| 北京朝阳区三源里 11:00-12:00 声乐课| 北京朝阳区红庙少年活动中心 13:00-15:00 舞蹈课| 北京海淀区恒润国际 14:00-17:00 西班牙语课| 逻辑数学班体验课“你觉得孩子上的班多不多？”“我们不是多的，我的朋友或她的同学从周一上到周日，很多很多。我觉得从小培养出来的兴趣，是要靠家长的。”汤少嫣的妈妈说道。“孩子还小，多玩会”，汤少嫣的爸爸有不同的看法。妈妈反驳说，“你这就输在起跑线上了，你知道吗”。“你愿意上兴趣班吗？”“有的愿意，有的不愿意。例如合唱团特别不愿意，三个小时，但是西班牙语课好好玩呀。”7岁的小女孩回答。你会给孩子报很多兴趣班吗？会征询孩子的意愿吗？每一位家长，心中都有着自己的答案。输纪录片《起跑线》真实记录了近30个“00后”儿童及其家庭的成长故事，11月4日起每周日20时25分在卡酷少儿频道首播。港版《没有起跑线》香港TVB拍了一部纪录片《没有起跑线？》，给我们呈现出了香港家长在对待孩子教育这件问题上的焦虑。节目简介现今不少家长认为孩子要「赢在起跑线」，才有机会加入「人生胜利组」。即使未能比别的孩子优胜，至少不落于人后。父母抱着「人无我有，人有我优」的养育子女心态，设定的起跑线没有最早，只有更早；小朋友要学习的东西亦没有最多，只有更多。实况节目《没有起跑线？》透过追踪孩子处于学前、报读小学、升读中学、DSE（中学文凭试）会考四个不同学习阶段的真实家庭，窥探香港近年教育生态的转变情况。这部纪录片一共5集，点击下方视频观看第一集↓有网友评论说，“隔着屏幕都能感到压力”。你怎么看？教育的起跑线在于精神成长教育有没有起跑线？如果这个问题由苏联的教育学家霍姆林斯基回答他会说：“教育的全部奥秘就在于如何去热爱儿童”所以起跑线不重要重要的是父母如何去爱孩子《2018年中国家长教育焦虑指数调查报告》显示：中国家长教育焦虑指数为67点整体处于比较焦虑的状态显然，印度和香港的家长一样的焦虑事关孩子的教育全世界的家长都在焦虑但如何应对焦虑？怎样才是真正对孩子好的？不是让孩子去走父母规划好的路而且激发孩子天生的好奇与兴趣找到她喜欢的领域去探索，发现，耕耘这样的孩子才更健康、快乐、富有成就感延伸阅读孩子被狗追，这位母亲挺身而出却被狗主人狂殴！已刑拘！“谈性色变”是父母最遗憾的不作为，这两件事已敲响性教育警钟！爸妈，谢谢你们尊重我！值得每一位家长看一看！“讲得非常好，涨了好多知识！”这个音频已被1000000+次播放长按关注了解更多小初高考资讯/干货/政策解读微信号 :zhuoyue1997新浪微博：@卓越教育官网：www.zy.com]]></content>
  <author><![CDATA[卓越教育]]></author>
  <time>2018-11-11 08:02:41</time>
  <account><![CDATA[zhuoyue1997]]></account>
  <image><![CDATA[https://mmbiz.qpic.cn/mmbiz_gif/GpK8fDwDkVZtUX3M0NLMamIwb0UdUjaUI9v871P14cgPl0zvkMxHzLV6yLdFSial1YvmUnw0YCBMJwPCQC0vZwQ/640?wx_fmt=gif|https://mmbiz.qpic.cn/mmbiz_png/GpK8fDwDkVZtUX3M0NLMamIwb0UdUjaUEK161EBZrsOeSDtKCvicLmgUiczQ1JePhD73xwzg5mQteXSYZDcwE9oQ/640?wx_fmt=png|https://mmbiz.qpic.cn/mmbiz_png/GpK8fDwDkVZtUX3M0NLMamIwb0UdUjaUEK161EBZrsOeSDtKCvicLmgUiczQ1JePhD73xwzg5mQteXSYZDcwE9oQ/640?wx_fmt=png|https://mmbiz.qpic.cn/mmbiz_png/GpK8fDwDkVZtUX3M0NLMamIwb0UdUjaUEK161EBZrsOeSDtKCvicLmgUiczQ1JePhD73xwzg5mQteXSYZDcwE9oQ/640?wx_fmt=png|https://mmbiz.qpic.cn/mmbiz_png/GpK8fDwDkVZtUX3M0NLMamIwb0UdUjaUJjTPviasTCOMka72ibasviah3zvjzdhqQNVoLMNiacBG21o2UsXd8Hf6zA/640?wx_fmt=png|https://mmbiz.qpic.cn/mmbiz_png/GpK8fDwDkVZtUX3M0NLMamIwb0UdUjaU6vWrQyPNgqRFcxzFo1Spfmkicj0v65wWlYEsnn4RGCNLic8pKsjTWiaxA/640?wx_fmt=png|https://mmbiz.qpic.cn/mmbiz_jpg/GpK8fDwDkVZtUX3M0NLMamIwb0UdUjaUc58NIRx1YbOiaBia6px6b1tEoGWzT6t2laBk3UYicrUhTP4aXj197h6PQ/640?wx_fmt=jpeg|https://mmbiz.qpic.cn/mmbiz_jpg/GpK8fDwDkVZtUX3M0NLMamIwb0UdUjaU0eSZspP8vs3aGC9mqkV2U8s2avV5b5NTe3FW4DTtQvMyqAdXvs0rCQ/640?wx_fmt=jpeg]]></image>
</data>
