<data>
  <id><![CDATA[52211523]]></id>
  <url><![CDATA[https://mp.weixin.qq.com/s?timestamp=1542184478&src=3&ver=1&signature=ZlB-2EJfC3xpCH9bC0jMaCbQktYS*zAr0OT0Nn2hxkswkiMj1DURCP5bKZNTGyO-UZX5An8rNvK*Fa2*s4yLlRdLZrls4W*uSsbnvRni8Sx5k61JD7cxwoBIL98tALCoZOTRByk83f00-S2wk7-hWxiigA5qf8WkBRI*ID-Jhxw=]]></url>
  <title><![CDATA[直通省评、多元课程、优质师资背书，这个寒假一定要参加的冬令营！]]></title>
  <content><![CDATA[希望之星系列冬夏令营，一直备受家长青睐、学生喜爱。2019年希望之星·种子选手冬令营已启动报名！让孩子与广东不同地区的英语小达人们，一起度过这个寒假吧！直通广东省评、深圳市评的珍贵名额唯一可直通今年广东省评、深圳市评的珍贵机会。全真模拟排名前20%的选手，可免复评，直通广东省评或深圳市评。国际专业外教任课，优质师资背书1、英语为母语、国际知名学府毕业、深耕中国英语教育、具备多年教育经验的欧美外教2、国际及国内著名英语赛事资深评委、国内专业英语教师、具备多年英语教育背景的中教老师；曾指导过多名选手在希望之星获得国家级荣誉3、国内著名艺术类重点院校毕业、艺术科班出身、指导多名学生在艺术类及风采类赛事，获得省级及国家级奖项的表演老师4、往届优秀选手、国内211及985院校出身、英语口语流利的助教老师课程多元，提升口语、演讲及逻辑能力涵盖口语风采课程、全英探索课程、表演形体课程、户外探索课程、户外体育课程、英语剧本试演等多元化课程。◆ 全面提升英语口语能力◆ 深挖学生舞台个性特色◆ 理清思路，用逻辑征服观众◆ 摆脱稿子，成为英语演讲达人◆ 互动课堂，展现学生自我风采◆ 劳逸结合，户外活动有趣多样◆ 直播互动，孩子的进步一目了然小班教学，真正关注每一个学生◆ 每个班20人满班◆ 每个班配备1名外教、1名中教、1名班主任◆ 每10个孩子配备一名助教老师◆ 真正关注每一个孩子，让孩子在舞台上展现风采成果展示直播，直观看到孩子的进步◆ 结课后，所有学生将进行全真模拟，提前熟悉流程◆ 全真模拟全程直播，家长可直观看到孩子的进步◆ 成果展示直播视频，可无数次回看希望之星冬夏令营超高口碑历年希望之星冬令营及夏令营都获得家长的超高口碑，深受孩子喜爱。详细信息1、时间：2019年1月21日-26日（六天五夜）2、地点：广州番禺执信中学3、费用：4980元/人4、报名资格：小学四年级至初三5、班级设置：4个小高班（4-6年级）、1个初中班（7-9年级）6、行程安排：7、优惠信息： 三人同时报名即可优惠200元/人，五人同时报名即可优惠300元/人8、报名方式：（扫码即可报名）点开阅读原文报名冬令营吧！]]></content>
  <author><![CDATA[卓越教育]]></author>
  <time>2018-11-05 17:30:00</time>
  <account><![CDATA[zhuoyue1997]]></account>
  <image><![CDATA[https://mmbiz.qpic.cn/mmbiz_gif/GpK8fDwDkVZ0UGibzI5Ngd9ATfYibaILx5az8y03R9a3Oo03yx6l1CymfwkLZS1H2xLiaW7HHxl49Ub7yo9w8RdSw/640?wx_fmt=gif|https://mmbiz.qpic.cn/mmbiz_jpg/GpK8fDwDkVZ0UGibzI5Ngd9ATfYibaILx5cyFjHQoV5kibf1YycibzOCiaqRgkwTkecBaQwYk3bribkWBrLcktWMcrAg/640?wx_fmt=jpeg|https://mmbiz.qpic.cn/mmbiz_jpg/GpK8fDwDkVZ0UGibzI5Ngd9ATfYibaILx5IA5Ke1cibj2jvvKJU11pklRPCjWyiaEcZnkRhkKZ5AGro0yosDO7ZnMQ/640?wx_fmt=jpeg|https://mmbiz.qpic.cn/mmbiz_jpg/GpK8fDwDkVZ0UGibzI5Ngd9ATfYibaILx5e6fBAQmicJeUf2V0bdQibibVxeaic7SGiaA6xm54hl11Rq65TnlQiaZyGHAA/640?wx_fmt=jpeg|https://mmbiz.qpic.cn/mmbiz_jpg/GpK8fDwDkVZ0UGibzI5Ngd9ATfYibaILx50RiaBeA0zHnolk7iczVVqUgtNrVRBxI6NAhDTDyWdwMiahxQfxJNHw3icA/640?wx_fmt=jpeg|https://mmbiz.qpic.cn/mmbiz_jpg/GpK8fDwDkVZ0UGibzI5Ngd9ATfYibaILx5peO84qWaeankwBdE0IyiatMI5mqVKUpTuj5rfZPdibeHL6mvUIvzhWHw/640?wx_fmt=jpeg|https://mmbiz.qpic.cn/mmbiz_jpg/GpK8fDwDkVZ0UGibzI5Ngd9ATfYibaILx5hVRS6vS3dshMejk1ZefBEM1uWAxzNR7Xv3IxHnAJWLGxkFDQRIGxAQ/640?wx_fmt=jpeg|https://mmbiz.qpic.cn/mmbiz_jpg/GpK8fDwDkVZ0UGibzI5Ngd9ATfYibaILx5LYYiclJnbdhjpaK5pzDpWfCBXyfS8gTmdlM2k7e7ZCvehegAvRyqtSQ/640?wx_fmt=jpeg|https://mmbiz.qpic.cn/mmbiz_jpg/GpK8fDwDkVZ0UGibzI5Ngd9ATfYibaILx5zB7BvkWQcpLIUVvsG3YaEAPN1pXY0bx5rwmzcusqbnrGFnB48CWCLQ/640?wx_fmt=jpeg|https://mmbiz.qpic.cn/mmbiz_jpg/GpK8fDwDkVZ0UGibzI5Ngd9ATfYibaILx50RiaBeA0zHnolk7iczVVqUgtNrVRBxI6NAhDTDyWdwMiahxQfxJNHw3icA/640?wx_fmt=jpeg|https://mmbiz.qpic.cn/mmbiz_jpg/GpK8fDwDkVZ0UGibzI5Ngd9ATfYibaILx5jjsFNdS0OmFBUBznicMfcQ5fFzWl4n9dMboW32q0Rvc4QaPSib7AYicbg/640?wx_fmt=jpeg|https://mmbiz.qpic.cn/mmbiz_jpg/GpK8fDwDkVZ0UGibzI5Ngd9ATfYibaILx5hmmBuKZHyR7EFaaAA7ia9UgxfL1T0v2zqAuv2muH7Btbs3fUJ8LxMOg/640?wx_fmt=jpeg|https://mmbiz.qpic.cn/mmbiz_jpg/GpK8fDwDkVZ0UGibzI5Ngd9ATfYibaILx5vPZILPqFibpzbswVNxfrUVVKjeRME1pxuakb3ueMpXVvoDX5Z4hZNMA/640?wx_fmt=jpeg|https://mmbiz.qpic.cn/mmbiz_jpg/GpK8fDwDkVZ0UGibzI5Ngd9ATfYibaILx5CjNUr37qhnYWXcf0N8wQLQjYfQUjEABicynbn55oJia9FNiaHRxCGnlyA/640?wx_fmt=jpeg|https://mmbiz.qpic.cn/mmbiz_jpg/GpK8fDwDkVZ0UGibzI5Ngd9ATfYibaILx53Tp3ksjmDk7UST9Gic4tzR5iczVhicMFX5WXC1P67HCwmPeWvwCTYk7Og/640?wx_fmt=jpeg|https://mmbiz.qpic.cn/mmbiz_jpg/GpK8fDwDkVZ0UGibzI5Ngd9ATfYibaILx5DuR0eF7vz1ibAVLuNSwdib8SRG5LQpkTdVH0XAIP7icActXSTH1VdRpDA/640?wx_fmt=jpeg|https://mmbiz.qpic.cn/mmbiz_png/GpK8fDwDkVZ0UGibzI5Ngd9ATfYibaILx5B2Xw0zBfzkpiaCBiaADSTXkYxW0qB975ic67mNR5ECibvzmicymmGXAnjAQ/640?wx_fmt=png|https://mmbiz.qpic.cn/mmbiz_png/GpK8fDwDkVZ0UGibzI5Ngd9ATfYibaILx5MMicFe3zficicROw5ibwBTw1lUBtfZlEgJLaO334pEiclVp2EIicM9cd9DiaA/640?wx_fmt=png|https://mmbiz.qpic.cn/mmbiz_jpg/GpK8fDwDkVZ0UGibzI5Ngd9ATfYibaILx5rqN4QupnoBfJ69iahrFcj4Mn1SMMNjg7EiaPDQLXRIEYJiacndjBz3utw/640?wx_fmt=jpeg|https://mmbiz.qpic.cn/mmbiz_png/GpK8fDwDkVZ0UGibzI5Ngd9ATfYibaILx56vZe2b2UQMMC59lq3UtfkNJMDhYhribThiaoFJOVnVk4T5XufZzOn3uw/640?wx_fmt=png|https://mmbiz.qpic.cn/mmbiz_gif/GpK8fDwDkVZ0UGibzI5Ngd9ATfYibaILx5rURSKicNibbevSW8qFkfQXzPRex1OgCWkvDEicGtxmfxSlqfpwCa0bU7Q/640?wx_fmt=gif|https://mmbiz.qpic.cn/mmbiz_png/GpK8fDwDkVZ0UGibzI5Ngd9ATfYibaILx5nHk8PUUicNJ1ia56zrZjpDQkrUQhq9ic0jJPYDP2ZD5JW8L9S4lLspdbQ/640?wx_fmt=png|https://mmbiz.qpic.cn/mmbiz_png/GpK8fDwDkVZ0UGibzI5Ngd9ATfYibaILx5AvxQrcpRYBH5Ex2lKjDSRLZS1S5HC9135U04Mar019goGcvfbfB4Pw/640?wx_fmt=png|https://mmbiz.qpic.cn/mmbiz_gif/GpK8fDwDkVZ0UGibzI5Ngd9ATfYibaILx5RXqAjJHHqbNQWPJ5mmJnSJCuJfBsEeCA6VmgaicJ9TsBT2crnvCl9iaQ/640?wx_fmt=gif]]></image>
</data>
