<data>
  <id><![CDATA[52211523]]></id>
  <url><![CDATA[https://mp.weixin.qq.com/s?timestamp=1542184478&src=3&ver=1&signature=ZlB-2EJfC3xpCH9bC0jMaCbQktYS*zAr0OT0Nn2hxkswkiMj1DURCP5bKZNTGyO-UZX5An8rNvK*Fa2*s4yLlfNZZRqZmtwP2bFSgqyLw37WYt*ERFPM71KFjaaNjErG4k4rPLM1PTGnKl3ojKrxpZrZpRirDFYfW50JeE-LC5s=]]></url>
  <title><![CDATA[期中考大战结束，这份逆袭指南你不得不领]]></title>
  <content><![CDATA[期中考好不容易结束了听到同学们热烈地讨论着试题信心满满的我加入了讨论谁知，感受到的是一下下"打脸"唱起一首“凉凉”……完美避开正确答案双选题，4选2而已无论怎样总有一个正确吧……谁知有时候人就是这么“黑”想不到“辅助线”全题0分想不出辅助线=直接0分背的定理一个都用不上主观题豪写一堆还不对洋洋洒洒写满答题纸却被当作一堆废话，施舍了几分物理考试被数学羁绊好不容易搞清楚问题，列出了关系式却卡在了计算上……选择题错到怀疑人生比闭眼瞎蒙还错得多最简单的选择题，竟错了一大半连送分题都不眷顾我每次考试都离不开花式的“套路”还要接连经历考试，对答案，出成绩三大冲击但有这样一群人能在考试中突破难关，越过考验展现出自己的实力！因为他们在卓越高中老师的指导下吃透每一个知识重难点找到适合自己的学习方法遇到困难随时有名师答疑不怕同桌闷头学，就怕同桌要考试！好不容易熬过期中考但你知道吗？从现在算起离期末考只有2个月！在这里，卓越高中的老师给大家透露一些珍藏的“逆袭大法”高一生看这里高二生看这里方法再多，还需要名师的个性指导！想体验卓越高中高效且有趣的课堂吗？【免费试听体验课】现已开放！逆袭从这节课开始！—————— 提前预告——————卓越高中寒春学位锁定即将开启！寒假与你约定，一同燃起学习风暴吧~]]></content>
  <author><![CDATA[卓越教育]]></author>
  <time>2018-11-06 17:30:00</time>
  <account><![CDATA[zhuoyue1997]]></account>
  <image><![CDATA[https://mmbiz.qpic.cn/mmbiz_gif/GpK8fDwDkVaglbPicxrlR7rz9LF9WagotPz1DWP3uhOricYFUX9NOFckwyOt0lTLwf8Y3J6tvThxkp7HbvyEWEYw/640?wx_fmt=gif|https://mmbiz.qpic.cn/mmbiz_gif/GpK8fDwDkVaglbPicxrlR7rz9LF9WagotIpZWeX98EAJqNhoPxPc8kCqzhWpFyMa8BpBmtvdppJc2aHpIkoZveQ/640?wx_fmt=gif|https://mmbiz.qpic.cn/mmbiz_jpg/GpK8fDwDkVaglbPicxrlR7rz9LF9WagotOauQt7wE94zITj3sw6bbSFSa6bsZhITvWFddjYq33g557wSr4Npk3Q/640?wx_fmt=jpeg|https://mmbiz.qpic.cn/mmbiz_jpg/GpK8fDwDkVaglbPicxrlR7rz9LF9Wagotq0ShjCe57Qpvxd1v4XJ7qSia0CpgLynLsMjCt554ZR9W2JGA0SFZayA/640?wx_fmt=jpeg|https://mmbiz.qpic.cn/mmbiz_jpg/GpK8fDwDkVaglbPicxrlR7rz9LF9Wagot9VOjy7koNuwFO56yGKGtiaTKVzxWrvY6KbKh0VhibE670waFibkDYzVMg/640?wx_fmt=jpeg|https://mmbiz.qpic.cn/mmbiz_jpg/GpK8fDwDkVaglbPicxrlR7rz9LF9Wagotx82jSUHZs568hCtL2x87Pm7pnWwl6bdgORj7lia13cIiaLvQvJwppFicw/640?wx_fmt=jpeg|https://mmbiz.qpic.cn/mmbiz_png/GpK8fDwDkVaglbPicxrlR7rz9LF9WagotdwK1EZFNae2fEzYm3AlUgDrcGAGkia5eodicVJHAQ2zYHTQSa75OBXpA/640?wx_fmt=png|https://mmbiz.qpic.cn/mmbiz_jpg/GpK8fDwDkVaglbPicxrlR7rz9LF9WagotQJKnRk1DDKrsQlOdfM0eVFbpkia8CaBJtAWg9YJ0cHh1yaSiavCDCjicA/640?wx_fmt=jpeg|https://mmbiz.qpic.cn/mmbiz_jpg/GpK8fDwDkVaglbPicxrlR7rz9LF9WagotXficSzT4mDCqgfPw4ChaTxXbcia5JlN93B8TvfrldyClVxSefyXdjzcw/640?wx_fmt=jpeg|https://mmbiz.qpic.cn/mmbiz_jpg/GpK8fDwDkVaglbPicxrlR7rz9LF9WagotIuugBzedDCPHBc41ibIe6TtWGPD1Ehm6iaQfTIH8OByEd3nfQZSqaGIA/640?wx_fmt=jpeg|https://mmbiz.qpic.cn/mmbiz_jpg/GpK8fDwDkVaglbPicxrlR7rz9LF9WagotE5uo9aZmudjvPMvyxJFNb7yNSXnq0J2o0jrsiadh6fEUBDhvQvxSkYw/640?wx_fmt=jpeg|https://mmbiz.qpic.cn/mmbiz_jpg/GpK8fDwDkVaglbPicxrlR7rz9LF9WagotcN2BA1vGeDnZQxFUBrHpUbiaary9JtJnIka4Wn7eibONibTWReicSxbpJw/640?wx_fmt=jpeg|https://mmbiz.qpic.cn/mmbiz_jpg/GpK8fDwDkVaglbPicxrlR7rz9LF9Wagot3QCILiclutenicRZiarshaoklQsfM5X3eyaaHL9Azl3yTa9Uo3VfswA6A/640?wx_fmt=jpeg|https://mmbiz.qpic.cn/mmbiz_gif/GpK8fDwDkVaglbPicxrlR7rz9LF9Wagot70GqxtgUcJZlSSJnAbE17A6ibrwyZ3ReHD5Z4PmAEyAjJia0c1g4X9sQ/640?wx_fmt=gif|https://mmbiz.qpic.cn/mmbiz_jpg/GpK8fDwDkVaglbPicxrlR7rz9LF9WagotThcvE4oibM3icONDyYUlib06CwFZ6yVnRdkKOiaFy8gs0md8afn4sL9cAQ/640?wx_fmt=jpeg|https://mmbiz.qpic.cn/mmbiz_jpg/GpK8fDwDkVaglbPicxrlR7rz9LF9WagotJltX85bvhDFX1fLtvAicb2yvNQR6lCzT2ib3dhjGibj6hPW9fjVF02iakg/640?wx_fmt=jpeg]]></image>
</data>
