<data>
  <id><![CDATA[52211523]]></id>
  <url><![CDATA[https://mp.weixin.qq.com/s?timestamp=1542184478&src=3&ver=1&signature=ZlB-2EJfC3xpCH9bC0jMaCbQktYS*zAr0OT0Nn2hxkswkiMj1DURCP5bKZNTGyO-UZX5An8rNvK*Fa2*s4yLlUmFB0MFyMHYn3p0uE7Benh03CT32gb72zXw4tj4r39rm9AmKcAZUY-3apwNQDD876jXb3S16kFV-vLZB4pbdd0=]]></url>
  <title><![CDATA[在奥运场馆上陪孩子打一场棒球是一种什么体验？]]></title>
  <content><![CDATA[重视家庭教育与亲子关系培养的你是否在为不能融入孩子的世界而操心？理论知识听了那么多，却实践得很少？好不容易有空，却找不到合适的亲子活动项目？赶快来参加发现爸爸亲子运动第5场亲子对决棒球体验不了解棒球？棒球是一项集体性、对抗性很强的球类运动项目。跟传统足球、篮球运动相比，棒球在我国普及较少，但在美国、日本尤为盛行，被称为“国球”，现在在中国也被越来越多的高端人群所喜爱，在韩国和台湾都是很热门的运动，小孩都是从小接触棒球，也热爱棒球，大人小孩也会一起打棒球。为什么要玩棒球？自律与专注力一般来说，让孩子聚精会神地去做一件事情，孩子往往只能坚持十分钟左右。随着年龄的增长，孩子注意力才会逐渐得到提升，但年龄小的时候孩子的记忆力和学习能力最强，错过了这一阶段着实可惜。棒球赛场上的局面要求每个球员时刻高度集中精力，这样才能准确地判断局面、跟上比赛的节奏。我们每个棒童应该都有因为在赛场上走神乱动而丢球失分的情况，经过一次一次的教训，孩子们的专注力主动自觉地集中起来，愿意去管理和约束自己。团队合作及与人交流现如今，很多年轻人从大学走入社会之后，不懂得如何与人交流合作。棒球是一项非常崇尚和追求“荣誉”的团体运动，每个球员都有责任和义务尽自己最大的努力为球队的荣誉贡献力量。由于场上位置灵活、局面变幻复杂，棒球运动对团队的整体配合度、默契度的要求高于其他运动。因此，我们会发现棒球运动员更具有团队精神。亲子关系培养棒球运动不一定需要很多人，平常爸爸和孩子用两只手套一个球就可以练习投球，去到公园三个人就可以进行打击训练。美国很多棒球爱好者在自己的孩子两岁时就开始一起玩棒球了，对于培养爸爸与孩子的亲密关系以及树立老爸在孩子心中高大的形象非常有帮助。贵族运动？现在很多人但凡提到某件海外流行的事物，总喜欢绑上“贵族运动”这个词，搞得好像熟练了某种运动就高人一等，但了解棒球、喜欢棒球的朋友就会明白这个“贵”意指棒球的“精神”，即“ 荣誉、责任、勇气、自律、自尊”。活动时间2018年11月18日（周日）14:00-18:00活动地点黄村奥体中心活动要求4岁半-15周岁孩子与爸爸（不接受孩子或家长单个报名）亲子体验价家庭体验价一大一小499一大两小699【组团报名】可享受每组50元优惠【老用户优惠】参加过发现爸爸亲子运动的家庭可立减30元，与组团优惠可叠加使用（历史活动为：东莞春耕之旅 彩虹画布涂鸦派对 帆船皮划艇一日体验两期）50RMB优惠券三组及以上家庭组队报名30RMB优惠券老用户专享费用介绍【价格包含】奥体专业球场租赁、9位专业教练、专业棒球器材（棒球手套、PU海绵球与球帽可带走）、一天运动意外保险及饮用水等【价格不含】球衣及其他个人消费活动内容基础讲解与热身教学对参与家庭讲解棒球的基础知识、礼仪和棒球装备的基本使用方法，以及棒球场的认识等等（报名后会在线上先有教练对一些理论性的知识进行讲解与交流，尽量缩短占用线下的时间）棒球运动有着自己的一套热身运动，尤其注重全身的拉伸，每一个步骤都对过棒球运动的准备充满重要意义，防止受伤。棒球小游戏T座游戏用于练习打击动作，设置游戏打击率达成，学习打击动作。投球九宫格投球控球练习游戏，用于提高投传球的准确率，父子共同完成。机抛高飞球使用抛球机抛出高飞的海绵球，再用手套接住，是棒球接杀出局的方式，设置接杀准确率，父子共同完成。深入教学亲子传接球亲子相互传接球，共同达成训练目标。亲子接力跑垒亲子分别在不同垒上，根据教练打出的球，接力跑向下一个垒，然后得分。夹杀出局亲子扮演跑垒和防守的角色，在两垒之间把跑垒者夹杀出局，需通力合作默契配合。打击教学投手喂球，使用金属球棒使用全身力量，打出你想要的全垒打。投捕体验体验在投手丘上当投手投球的滋味，成为队伍的王牌吧。抛击打击练习之一，在打者侧面垂直抛起球，打者往前打，并打够一定的次数，充满游戏性。T-ball棒球比赛混合赛——亲子同队，大人小孩混合共同比赛，亲子处在一个平等的关系，队伍上只有队友，没有亲子，队友之间只能扶持鼓励，不能相互指责。对抗赛——大人和小孩分别一队，制定对小孩公平的规则，与家长队同场竞技。对手之间相互尊重，孩子在面临比自己更强大的对手时，会采取怎样的策略？平常伟岸的老爸形象，在此时能否捍卫住，让我们拭目以待！教练介绍本次合作的教练团队是广州不死鸟棒球队的9位教练。球队成立至今16年，主要由前国家队、广东棒球队、前广州青少年棒球队退队队员组成，拥有多名国家一级棒球运动员与裁判员。潘树柠投手，27年球龄曾入选广东省队集训营黄绍辉接手，25年球龄国家一级裁判员，中级运动员，曾入选国家队，参加过全运会、亚洲赛，亚洲青年锦标赛。张世豪内场，10年球龄国家二级运动员，曾入选儿童国家代表队和少年代表队。教练答疑Question1为什么爸爸和孩子体力差距那么大还可以一起玩棒球？活动不是竞技比赛，对棒球的理解与思考才是核心，棒球是讲究团队策略与智慧的运动，不像足球篮球会有很多碰撞，只有掌握了技巧才能更好地发挥力量，因此很适合爸爸与孩子一起玩。活动的安全怎么保证活动使用Teeball安全海绵球和海绵球棒教学为主，是青少年棒球入门的教学使用器材之一，安全性高，上手容易；而且我们这次配备了6位经验丰富的专业教练和3位陪练，确保活动的安全进行。Question2注意事项出于活动效果以及安全考虑，本次活动年龄要求：4岁半以上儿童。1、棒球运动过程中，需要穿戴专业运动设备，参加者需自备运动服装，紧身休闲衣服不适合本次活动；2、我们的设备与内容安排都是针对入门级别新手设计，保证安全，活动过程中配备6位专业教练，3位陪练确保您体验到棒球的乐趣；3、在棒球运动中，应服从教练指挥，严格遵守工作人员根据当时情况及环境的规定和要求；4、棒球不适合耳鼻疾病患者、心肺疾病患者、心血管疾病患者、癫痫及长期酗酒的、有精神疾病的、经常性昏厥的、刚做完手术的或在恢复期的人员；5、由于需要购买保险，身份证信息请在下单时备注哦~儿童没有身份证，可以提供护照，港澳台出入境证件号，如没有备注，即表示自动放弃。怎么样？看完介绍是不是想赶紧带孩子一起来呢？赶紧抢位吧！快点扫码进群了解详情！]]></content>
  <author><![CDATA[卓越教育]]></author>
  <time>2018-11-12 18:31:26</time>
  <account><![CDATA[zhuoyue1997]]></account>
  <image><![CDATA[https://mmbiz.qpic.cn/mmbiz_gif/GpK8fDwDkVZPRDmjHPtpeS1mdYrwRSCldyUKjOeibFdX2NI8gmDHJKibxicHkxNHJty744V5jR2Lib7QiaicrW1Wy5mw/640?wx_fmt=gif|https://mmbiz.qpic.cn/mmbiz_png/PYzmnMOib9hFZqOJtqzDHaZhIj44Z9rHyS0ibCuvmCKBJLXmZOg8OPYYTWrCe33TTjEXgfGxwhCoRRGic1oKLvjJQ/640?wx_fmt=png?x-oss-process=style/xmwebp|https://mmbiz.qpic.cn/mmbiz_png/9dPYHXXhF4PGSyhY7Oh6Dib8k6C2YTKrHB4h1TtqVCZd6kgAibuWEibU10tRc8So6mfaSy7avk21XIsmnM6OUqslA/640?wx_fmt=png?x-oss-process=style/xmwebp|https://mmbiz.qpic.cn/mmbiz_png/GpK8fDwDkVZPRDmjHPtpeS1mdYrwRSCldxurxpsjwe8yIsricq7aCewlF0358bMpicuBicblA0x4CE5hpSLMhKwOw/640?wx_fmt=png?x-oss-process=style/xmwebp|https://mmbiz.qpic.cn/mmbiz_jpg/GpK8fDwDkVZPRDmjHPtpeS1mdYrwRSClfSMTC2YBBbNslneQ4uibeNtH3Yz3Eoorb55Z8Qz1BPYuS6UOmHIxic8w/640?wx_fmt=jpegwebp|https://mmbiz.qpic.cn/mmbiz_jpg/GpK8fDwDkVZPRDmjHPtpeS1mdYrwRSClshvWeoa2oepU0n6eXDgfojz2GUamxl4y0AGVZyzxWqaX1CLuN5uN8g/640?wx_fmt=jpegwebp|https://mmbiz.qpic.cn/mmbiz_gif/GpK8fDwDkVZPRDmjHPtpeS1mdYrwRSCl7UwmA9Fic4LKZk755yvI1l5ibZr65fr7biawKMEowGBkbfZA1VSetHNUg/640?wx_fmt=gif|https://mmbiz.qpic.cn/mmbiz_gif/GpK8fDwDkVZPRDmjHPtpeS1mdYrwRSClOK0hg6oalQFUP1BUkneUeh0gPXlqU46OQdbfAymrB2BtYZCBAoDQ3g/640?wx_fmt=gif|https://mmbiz.qpic.cn/mmbiz_jpg/GpK8fDwDkVZPRDmjHPtpeS1mdYrwRSClqaLFk3L6zQLIjtCY8Yw0GwhNU5WicWmfGwIBUUIz3MAAKdP8lNkUQ6A/640?wx_fmt=jpegwebp|https://mmbiz.qpic.cn/mmbiz_png/GpK8fDwDkVZPRDmjHPtpeS1mdYrwRSClsF3T7QsAgZicaNVr1waF9zavKszr6w9e9yVUkWyIg9edMHtgHnAjADw/640?wx_fmt=png?x-oss-process=style/xmwebp|https://mmbiz.qpic.cn/mmbiz_jpg/GpK8fDwDkVZPRDmjHPtpeS1mdYrwRSClSJN0SliaUOcK9VpllQdPbb4Pib4B8vUgzTuFwxpb0iaQzo588vE87dKJg/640?wx_fmt=jpegwebp|https://mmbiz.qpic.cn/mmbiz_jpg/GpK8fDwDkVZPRDmjHPtpeS1mdYrwRSClU38BibAVptH0nicicOVAUzImOnYWBe4vLtcOcwKJ56WjfARgOh4KDaaVg/640?wx_fmt=jpegwebp|https://mmbiz.qpic.cn/mmbiz_jpg/GpK8fDwDkVZPRDmjHPtpeS1mdYrwRSCl1icqyqC62y2JkM6FlRmtjRCdIMEWlt9pJoyfNbfNSunqYPUHuiaiaz4Nw/640?wx_fmt=jpegwebp|https://mmbiz.qpic.cn/mmbiz_jpg/GpK8fDwDkVZPRDmjHPtpeS1mdYrwRSClRPIeTWDS1L6aIibPD4jhcF3sZISUia1I4NibVb4Jz1ukUgBUMpfXbxUmQ/640?wx_fmt=jpegwebp|https://mmbiz.qpic.cn/mmbiz_jpg/GpK8fDwDkVZPRDmjHPtpeS1mdYrwRSClR9UKpC5RedjS9IoFgkvhwgsicPob2kDPgHIgJ3dzz0ic4DCEwiaz5kJQg/640?wx_fmt=jpegwebp|https://mmbiz.qpic.cn/mmbiz_jpg/GpK8fDwDkVZPRDmjHPtpeS1mdYrwRSClVT7rYoLWc6l6yurx74Zo9zx2CSP9QEYiaNneKfyEA517CGqR19TibjzA/640?wx_fmt=jpegwebp|https://mmbiz.qpic.cn/mmbiz_jpg/GpK8fDwDkVZPRDmjHPtpeS1mdYrwRSCl4yDpy0Nk4JTjJQkTWSstsCx2qWl9nXiawrWiblznUR5hNzVpf7PiaHiaNQ/640?wx_fmt=jpegwebp|https://mmbiz.qpic.cn/mmbiz_jpg/GpK8fDwDkVZPRDmjHPtpeS1mdYrwRSClOGOuntWvOjMQdMnlKCbdZMTNfjoQmNNOVTA1eHeLPlicKseuHwz5kww/640?wx_fmt=jpegwebp|https://mmbiz.qpic.cn/mmbiz_jpg/GpK8fDwDkVZPRDmjHPtpeS1mdYrwRSClh1EFG2e1K2c0xqR13DN41efEsqxH5acln4BvGAhmZVaykZEibE9UEoQ/640?wx_fmt=jpegwebp|https://mmbiz.qpic.cn/mmbiz_jpg/GpK8fDwDkVZPRDmjHPtpeS1mdYrwRSCl0k8QOo1bMAtsU7glVgozp7diakU0APsWPJ7hlPxqVXia459SLVnic19icQ/640?wx_fmt=jpegwebp|https://mmbiz.qpic.cn/mmbiz_jpg/GpK8fDwDkVZPRDmjHPtpeS1mdYrwRSCl42Zn1ZybdciaPhH21icbTp1ubiaiaF64XcPNTgeC40ib9icXgqB6RuSHL5tA/640?wx_fmt=jpegwebp|https://mmbiz.qpic.cn/mmbiz_jpg/GpK8fDwDkVZPRDmjHPtpeS1mdYrwRSClOuUBTEXXaPYckSBMj2fHTyJlh7xUD2eu32QZBuVzJ0bG8SrLnZZMGA/640?wx_fmt=jpegwebp|https://mmbiz.qpic.cn/mmbiz_jpg/GpK8fDwDkVZPRDmjHPtpeS1mdYrwRSClARC5cTfkibr4LXJlLicAXM4UrzPwk5iaCyP7gDAcyiaBJ0Y3iaiammxddVcA/640?wx_fmt=jpegwebp|https://mmbiz.qpic.cn/mmbiz_jpg/GpK8fDwDkVZPRDmjHPtpeS1mdYrwRSClUv25YQ9KI8KOEa4hJD0Abh9iae93IgeHobVYrZjibD7e372dfZsiaCQZg/640?wx_fmt=jpegwebp|https://mmbiz.qpic.cn/mmbiz_jpg/GpK8fDwDkVZPRDmjHPtpeS1mdYrwRSClvVgeOzgJYjhPSspHZRqzTzlJiazibl1YrhXQ3cp25wJrCKElAvQD3g9g/640?wx_fmt=jpegwebp|https://mmbiz.qpic.cn/mmbiz_jpg/GpK8fDwDkVZPRDmjHPtpeS1mdYrwRSClcibtQLia2VMRnnpjn1d0tumtSQxmTyI4tc8MtNEYQSWGuhnjBUlia1Eaw/640?wx_fmt=jpegwebp|https://mmbiz.qpic.cn/mmbiz_jpg/GpK8fDwDkVZPRDmjHPtpeS1mdYrwRSClqMqFDTksswCFUKG7PsQ0qmE9zkFjBJSAU1LlRnzB1tCxIXSCHohBlw/640?wx_fmt=jpegwebp|https://mmbiz.qpic.cn/mmbiz_jpg/GpK8fDwDkVZPRDmjHPtpeS1mdYrwRSCl9jib15USRcoQ7n0PZDicC3ql2sqcrnTR2lPhg6KbiaAIXoc0aTdoIBooQ/640?wx_fmt=jpegwebp|https://mmbiz.qpic.cn/mmbiz_jpg/GpK8fDwDkVZPRDmjHPtpeS1mdYrwRSClOGOuntWvOjMQdMnlKCbdZMTNfjoQmNNOVTA1eHeLPlicKseuHwz5kww/640?wx_fmt=jpegwebp|https://mmbiz.qpic.cn/mmbiz_jpg/GpK8fDwDkVZPRDmjHPtpeS1mdYrwRSClRskodAcSSQbWqHc5LeNqsEiaIJGRwSpavhW8T02Rq2RIUGD6iclun5Lw/640?wx_fmt=jpegwebp|https://mmbiz.qpic.cn/mmbiz_jpg/GpK8fDwDkVZPRDmjHPtpeS1mdYrwRSClU4TlnJfcLKG25Cg8NZs25pK6P2dpCgwicInUud6OxltnZNJ7ITrz6Dw/640?wx_fmt=jpegwebp|https://mmbiz.qpic.cn/mmbiz_jpg/GpK8fDwDkVZPRDmjHPtpeS1mdYrwRSClAChcY5yFKV0UEONHbibaIibtFEHxYb6HHyLsgAhnRXibBGfogusHcHRPQ/640?wx_fmt=jpegwebp|https://mmbiz.qpic.cn/mmbiz_jpg/GpK8fDwDkVZPRDmjHPtpeS1mdYrwRSClnOZrI966B5mOjFpoEZJb7z8JxQMw9YFkCicGRo1AyRoVfhwEwdgGYng/640?wx_fmt=jpegwebp|https://mmbiz.qpic.cn/mmbiz_jpg/GpK8fDwDkVZPRDmjHPtpeS1mdYrwRSClKbicFDDRgXyG9ib2QcL5IIQPkwX1ibbST1FmYMN2bsFXicibq2PbTeDBSLA/640?wx_fmt=jpegwebp|https://mmbiz.qpic.cn/mmbiz_jpg/GpK8fDwDkVZPRDmjHPtpeS1mdYrwRSClXFQYWnVWkGGlaTebIyORiaBAeoydojnHakLickK9fbyg4YPeDxQCZ1IQ/640?wx_fmt=jpegwebp|https://mmbiz.qpic.cn/mmbiz_jpg/GpK8fDwDkVZPRDmjHPtpeS1mdYrwRSCl0OBp59HCC8iaia5G6vj55sKZPWQmJ2wEuGPib3DCHxIu9ODKSicxFCXxkQ/640?wx_fmt=jpegwebp|https://mmbiz.qpic.cn/mmbiz_jpg/GpK8fDwDkVZPRDmjHPtpeS1mdYrwRSClhicoDYEnuWhsUQXYWpAKG66HNAD6NusnqlpXqsqOCmK7J4ebwO3j6icA/640?wx_fmt=jpegwebp|https://mmbiz.qpic.cn/mmbiz_jpg/GpK8fDwDkVZPRDmjHPtpeS1mdYrwRSClp3ZpTdLNvcib43KBictIV74UVOl4hSpahHE4Ot7vK8FHDsNyxDiakVDWg/640?wx_fmt=jpegwebp|https://mmbiz.qpic.cn/mmbiz_jpg/GpK8fDwDkVZPRDmjHPtpeS1mdYrwRSClmZicORyJbKAZp0lnibgLZhUiaX2pMWAtpOMnE5nseHGwIicqBjomWoK2OQ/640?wx_fmt=jpegwebp]]></image>
</data>
