<data>
  <id><![CDATA[50517967]]></id>
  <url><![CDATA[https://mp.weixin.qq.com/s?timestamp=1539596407&src=3&ver=1&signature=Egrj350GoKY8-KUcIJshb*rlG3pE0mbn9hhlZlpcrX*coulNDRllD1QSgd-ysnD1Bgl*mKwEZv7EvAIcDIR2jBWGVffMAkOUz01GfkRP-MVeSWu5wFTdet9GiGBq3AI2TLk5hqnW36C-GDC7mArsGd9fNVxRvoVx9-sBlLtK1-o=]]></url>
  <title><![CDATA[一句“下车请关门”，深圳的哥无辜遭乘客持续20分钟暴打]]></title>
  <content><![CDATA[深圳的哥真的是高危职业最近又有的哥被打了而且打得是莫名其妙、毫无道理就仅仅是因为关车门这个动作的哥就遭来一顿狂殴#把你载到家，你还打人家你的良心丢哪儿啦#师傅一句“您好下车请关门”惹来男乘客一顿暴打今年10月2日凌晨1点左右，林师傅从南山区南新天桥旁接了一男一女两名客人。到达目的地后，男乘客从副驾驶位下车之后未关车门，林师傅只好提醒“您好，请帮我关一下门”。然而不知为什么，这么客气的一句话却莫名点燃了男子的怒火，期间男乘客提起脚来猛踹车门，还拳打车窗玻璃，导致汽车受损变形。见对方如此作为，林师傅下车与对方理论。这时男乘客又将目标转到林师傅身上，对他拳打脚踢，持续时间长达20分钟！直到民警赶来，才阻止了男子的施暴。之后林师傅被送往医院治疗，经过医院鉴定为轻微伤，最后在医院一共花费医药费近两千元。林师傅医院诊断报告目前，打人者已被找到，并被处拘留15天成功和蜀黍们一起共享剩下的假期时光的哥被打屡屡发生被打原因莫名其妙、不可理喻无辜的哥们老是承受无妄之灾近来已有几起的哥被打事件因斑马线停车让行被打9月24日晚22时35分许，司机罗师傅在营运途中，因未在斑马线停车给乘客上车，遭到对方责骂并动手，致罗师傅身体受伤。事情发生后，罗师傅第一时间报警，目前案件仍在调查中。△ 罗师傅医院诊断报告没有听从乘客违章行驶被打9月20号凌晨一点半，在人民南深南大道交叉路口东往西方向，的哥宋师傅因为没有按照乘客的要求违章调头，被乘客辱骂和暴力殴打，结果人被打，车也被砸了，宋师傅随后报警。目前嫌疑人已到东门派出所投案。△出租公司工作人员到派出所了解情况、协助调查提醒系安全带被打还有还有今年7月半夜深圳一名司机接到一名男性乘客在提醒乘客系安全带的过程中，乘客不配合反而对其进行殴打最终男子被拘留15天，罚款一千元接着在8月又一位的哥因提醒乘客系安全带被打……为何一心为人民服务的的哥这么容易被打？小编认为是“劳资出钱劳资最大”的思想在作祟当前社会，职业不分贵贱每个行业的从业者都应该被尊重花钱买的是服务而不是践踏法律、践踏别人的劳动和尊严请善待我们的的哥，善待所有人同时告诫各位暴脾气的乘客安全意识缺失、违反交通规则已是大大不对再出手打人这种暴力行为为法律不容！警方一定追查到底！🏃🏃🏃*有什么想说的，也欢迎给我们留言哦*👀资料来源于深圳公安发布编辑：陈璐璐✪ 深圳最富的人是他们！胡润富豪榜出炉，这个属相富豪最多 | 早安大件事✪ A股继续探底！腾讯市值一日缩水1800亿！深圳上市房企这些跌的最惨…✪ 深圳今年首次入秋失败！别被降温骗了，之后的天气不要过于期待点左下角看更多深圳大件事出钱不是劳资，职业不分贵贱，请善待所有人↓↓↓]]></content>
  <author><![CDATA[深圳大件事]]></author>
  <time>2018-10-12 13:17:56</time>
  <account><![CDATA[nandusz]]></account>
</data>
