<data>
  <id><![CDATA[50517967]]></id>
  <url><![CDATA[https://mp.weixin.qq.com/s?timestamp=1539596407&src=3&ver=1&signature=Egrj350GoKY8-KUcIJshb*rlG3pE0mbn9hhlZlpcrX*coulNDRllD1QSgd-ysnD1Bgl*mKwEZv7EvAIcDIR2jI4HIsjQowsngImDN1vMima8CVz1rwSKg8rP26Vt77eiRGfOTM207SOzGdUZgmbCThi4PjgPkD8ydbMm6OhZ4JE=]]></url>
  <title><![CDATA[A股继续探底！腾讯市值一日缩水1800亿！深圳上市房企这些跌的最惨…]]></title>
  <content><![CDATA[继美股遭遇了"黑色星期三"后国内A股市场也不可避免地经历了  "黑色星期四"一组数据告诉你啥叫集体大跳水▼▼▼❶ 10月10日，美股低开低走，尾盘大幅跳水，道指暴跌超800点，跌3.15%，创八个月来最大单日跌幅；❷ 科技股成下跌主力，纳指重挫4.08%；标普跳水3.27%，创2016年11月来最长连跌。受欧美股市暴跌影响，11日A股全天单边下挫，沪深两市双双跳空大跌，沪指盘中跌穿“熔断底”，创近四年新低。截至收盘沪指大跌5.22%，失守2600点，收报2583.46点；深成指跌幅逾6%，收报7524.09点；创业板跳水6.3%，报1261.88点。个股一片惨绿两市约1100股跌停，1727只个股跌逾9%。南都记者梳理上市深企发现，几个主要板块如科技、房地产、金融、国资等类型个股遭遇重挫。更令人唏嘘的是▼其中腾讯控股跳水6.77%一日蒸发1847.26亿港元一腾讯控股跌幅一度扩大至7.4%在科技板块当中跌逾9%的个股不在少数具体来看，腾讯控股（0700.HK）重挫6.77%，收报267港元，一日之内蒸发1847.26亿港元。值得一提的是，盘中，腾讯控股跌幅扩大至7.4%，创7年来最大跌幅。二工业富联也难改颓态国庆回来上班的第一天，工业富联（601138.SH）在A股交易整整4个月之际，股价首次跌破13.77元的发行价，总市值较高点5192亿元缩水47.96%，市值蒸发2490亿元。今日，工业富联持续下挫，收跌9.99%，报10.92元，市值再缩水269.89亿元。华大基因（300676.SH）的跌幅逾9%，收报55元。三上市房企数深振业跌幅最大深圳上市房企表现也非常惨淡！跌幅多在5%-10%徘徊❶ 深振业A（000006.SZ）以及中粮（000031.SZ）的跌幅接近10%，分别收跌9.94%、9.95%，报4.71元、4.98元。❷ 佳兆业集团（01638.HK）、金地集团（600383.SH）、华侨城A（000069.SZ）、招商蛇口（001979.SZ）的跌幅逾6%。❸ 皇庭国际(000056.SZ)以及万科A(000002.SZ)的跌幅低于4%，在如此环境下。四第一创业以及国信证券再现大跌幅今年以来关于券商业绩不佳的消息不绝于耳在此次A股跌破"溶断底"的大背景下证券股也是首当其冲❶ 第一创业（002797.SZ）以及国信证券（002736.SZ）收跌逾9%；❷ 招商证券（600999.SH）以及中信证券（600030.SH）在A股以及H股的跌幅超过6%。“值得注意的是，上一轮千股跌停中，第一创业以及国信证券的跌幅也是“数一数二”。中国平安(601318，SH)收跌4.33%，收报61.85元。中国平安在H股市场的表现与A股市场的表现相差无几。中国平安（02318，HK）收报72.1元，跌幅为3.55%。深圳国资改革板块今日亦大跳水收跌8.55%，报746.27点具体在个股方面，大部分的个股的跌幅逾9%，其中盐田港(000088.SZ)收报5.06元，跌幅9.16%；深物业A(000011.SZ)收报9.73元，跌幅9.99%。分析:利空因素逐步地被消化后股市或有反弹机会从美股蔓延到亚太股市，全球的股票市场可谓是“一片绿”，投资者该何去何从呢？前海开源基金执行总经理杨德龙分析称，现在A股很多个股都已经是跌无可跌的状态，坚守在市场上的投资者，基本上都属于被深度套牢的情况，因此最近市场的成交量都比较低的。而等这些市场的利空因素逐步地被消化之后，可能会迎来反弹的机会。尽管不少A股跌停杨德龙表示在市场大跌的时候心态非常重要，在市场中，只要你持有的股票本身没有问题，业绩没有问题，不必过度恐慌。他认为，通过持有优质个股可以穿越牛熊周期。 在目前的“至暗时刻”，重要的是要树立信心，抓住优质个股，等待市场企稳反弹。市场经济有跌有涨越是市场动荡期越是考验投资者的心态还望各位冷静对待，树立信心！🏃🏃🏃*有什么想说的，也欢迎给我们留言哦*👀采写：南都记者 黄玉凤编辑：雷宇✪ 逾亿股权被0元拍卖！深圳一法官玩忽职守被判刑，牵涉多名司法人员✪ 明年入学要迁至40公里外读书？深圳这所名校一则公告引家长不满✪ 年薪起点30万+，南都深圳正在寻找这些人，请对号入座！点左下角看更多深圳大件事这个信息对你有用请点赞！↓↓↓]]></content>
  <author><![CDATA[深圳大件事]]></author>
  <time>2018-10-11 22:36:06</time>
  <account><![CDATA[nandusz]]></account>
</data>
