<data>
  <id><![CDATA[50517967]]></id>
  <url><![CDATA[https://mp.weixin.qq.com/s?timestamp=1539596407&src=3&ver=1&signature=Egrj350GoKY8-KUcIJshb*rlG3pE0mbn9hhlZlpcrX*coulNDRllD1QSgd-ysnD1Bgl*mKwEZv7EvAIcDIR2jI4HIsjQowsngImDN1vMimbRwhTfP1zhkYyW-Vzz5MfEpTsMyPqtZb3mhFdhW1QyY19*zuYXj9q7h6CqHWvHnsw=]]></url>
  <title><![CDATA[深圳今年首次入秋失败！别被降温骗了，之后的天气不要过于期待]]></title>
  <content><![CDATA[好激动啊！在全国一片叫冷的形势下我家深圳er终于争气地把气温降下来了还凭着#深圳秋天#这个话题挤进了微博热搜深圳人一边哆嗦一边露出了姨母般满意的微笑！#关键时刻跟得上，姐姐给你点个赞#今晨最近气温跌破20度穿上长袖是对降温最起码的尊敬今早深圳人一起床就兴奋了，因为天终于凉了。终于深深地感受到被窝暖暖的爱意，和那种与之难舍难分的感情。#温一降，我就被被窝降住了#据@深圳天气今晨发布微博称，今早最低气温19-20℃。太感人了！深圳的天气竟然跌破20℃▽今天全市最低气温在20℃左右，最高气温也只不过是在23℃左右深圳一夜入秋，小伙伴们都乐坏了！就算冷得瑟瑟发抖也觉得心是甜的因为终于可以不用费电了终于可以不用被北方人“嘲笑”深圳没秋天啦！终于可以不用减肥因为大衣一裹9个月身孕都看不出来啦！今天我们终于可以拿出妈妈给我买的秋裤和全国人民一起致敬降温了！但万万没有想到的是入秋了我竟没钱买秋衣入秋了我竟还是条单身狗而最大的想不到就是@深圳天气说你们别瞎起哄！这！不！是！入！秋！入秋标准是连续5日滑动平均气温≤22℃就未来深圳这气温走势~想入秋？真的太嫩了不到两天气温又回升了之后会有降雨，气温又....受残余的冷空气影响，12日仍有分散小雨，不过白天部分地区可见阳光，而13~14日白天气温回升。偷偷告诉你，16~17日有一次降雨过程，气温下降，不过降温不多，但是你们的衣服还是快快准备吧。12日多云间阴天,有分散小雨，白天部分地区可见阳光，气温21-26℃；13-14日多云，可见阳光，白天气温回升，空气较干燥；16-17日有一次降雨过程，气温下降。△气温走势图不过现在不论气温再怎么跑也很难跑到30度了不论气温再怎么升深圳的早晚还是会凉的所以大家还是要注意早晚添衣同时还得预防这些“十月病”没入秋不可怕可怕的是这些“十月病”，一定要预防登革热很多人都以为夏天是蚊子最嚣张的季节，殊不知，秋天的蚊子才是最毒的。这两天，朋友圈疯传的一张微信截图是不是让大家感觉有点惊慌？盐田真的出现登革热病例了吗？经过盐田区人民医院、盐田区疾控中心、深圳市疾控中心三级确认，截至目前，盐田区已确认两例本地登革热病例。而这次病例的患者在过去14天没有离开过盐田区，是在盐田被蚊子叮咬、感染。根据调查，患者最有可能的感染源是盐田区壹海城二期地下停车场的蚊子。盐田相关部门在对该停车场蚊虫密度进行监测后，发现停车场蚊虫密度ＢＩ值为42，严重高于高风险！目前，该停车场未来几天暂停使用，等待蚊子密度降低到安全值再重新开放。所以俗话说：“最毒不过秋蚊子”。被秋天的蚊子叮咬后，红肿要持续好几天，而且比夏天的蚊子咬后更瘙痒。其实，这是因为秋季气候凉爽，更适宜蚊子活动。✎ 哪些人容易中招？免疫力较低的老人、孕妇、儿童；居住卫生环境欠佳的外来务工人员，养殖水生植物花卉的居民。✎ 如何传播？通过蚊子叮咬传播✎ 如何避免中招？· 清理积水：室内室外必须清理积水，勤倒垃圾，搞好周围生活环境，保持卫生干净，从源头上杜绝蚊虫的滋生，减少蚊虫的数量。· 安装纱窗：安装防蚊纱窗，从物理层面上防止蚊虫进入室内。· 驱蚊喷雾：在户外走动休息的时候，应该在身上喷驱蚊水，或者穿上长袖、长裤。手足口病✎ 哪些人容易中招？5岁及以下的儿童。✎ 如何传播？通过密切接触传播✎ 如何避免中招？· 勤洗手：饭前便后，接触孩子前，处理粪便、呕吐物后均要及时洗手。· 勤通风：每天要开窗通风2－3次，每次不少于30分钟。· 勤消毒：清洗、消毒孩子使用的餐具、奶瓶、奶嘴、玩具和其他物品。· 勤观察：留意孩子口腔、手、足、臀部等部位是否有皮疹，如有，则尽早就医。· 打疫苗：接种EV71疫苗，可以显著减少EV71导致的手足口病重症和死亡病例发生。诺如病毒感染腹泻✎ 哪些人容易中招？· 幼托儿童· 中小学生· 年长者✎  如何避免中招？· 洗净双手：吃/做饭前以及如厕后务必洗净双手。· 洗净果蔬：即食蔬果在食用前要清洗干净。· 煮熟煮透：食物必须煮熟煮透，特别是海产品。· 加强通风：要常常开窗，保持室内空气流通。流行性感冒✎ 哪些人容易中招？· 幼托儿童、中小学生、老人· 患有慢性疾病特别是肺系疾病、免疫力低下者✎  如何避免中招？· 良好习惯：保持良好的个人卫生习惯，勤用肥皂、洗手液以及流动的清水洗手。· 开窗通风：空气良好时要多开窗通风，保持室内空气新鲜。· 避免拥挤：尽量不去人流密集、空气污浊的场所。· 健康生活：保持均衡的饮食、适量的锻炼以及充足的睡眠，增强身体抵抗力。食源性疾病预计进入2018年10月份，深圳市发生食物中毒以细菌性食物中毒为主。✎  如何避免中招？· 不使用不洁原料：不购买“三无”食品。买食品时，注意包装上有无生产厂家、生产日期、食品原料，有无QS标识。· 食物应煮熟烧透：食物要彻底煮熟才能吃，尤其是肉、禽、蛋和海产食品。生熟食品分开保存，且不要长期放置，熟食在室温下不得存放2小时以上，隔夜饭最好倒掉。· 不要自己辨别毒蘑菇：野生蘑菇是否有毒需要专业机构和人员才能进行准确鉴别，目前没有简单易行的鉴别方法，民间流传着一些识别方法经证明并不可靠。· 如误食需尽快处理：一旦误食有毒性的食物，应立刻大量饮用温开水或淡盐水并催吐，然后尽快到医院就医。小编此时正在忙着搓手是因为冷吗？不是，是要为你取暖！这么土味的情话都说得出是不是得给小编点个赞🏃🏃🏃*有什么想说的，也欢迎给我们留言哦*👀资料来源：深圳天气 深圳市疾控中心编辑：陈璐璐✪ 逾亿股权被0元拍卖！深圳一法官玩忽职守被判刑，牵涉多名司法人员✪ 明年入学要迁至40公里外读书？深圳这所名校一则公告引家长不满✪ 年薪起点30万+，南都深圳正在寻找这些人，请对号入座！点左下角看更多深圳大件事这个信息对你有用请点赞！↓↓↓]]></content>
  <author><![CDATA[深圳大件事]]></author>
  <time>2018-10-11 22:36:06</time>
  <account><![CDATA[nandusz]]></account>
</data>
