<data>
  <id><![CDATA[50517967]]></id>
  <url><![CDATA[https://mp.weixin.qq.com/s?timestamp=1539596407&src=3&ver=1&signature=Egrj350GoKY8-KUcIJshb*rlG3pE0mbn9hhlZlpcrX*coulNDRllD1QSgd-ysnD1Bgl*mKwEZv7EvAIcDIR2jJ89r9afhUWFt*cpR2j7-XrCIlA5JWiyHLv4OdXmIuV3rEPGIgBICICN9FUHbYjE6xs5*j5iDy2pMvX0Vk44WVI=]]></url>
  <title><![CDATA[一言不合就拉黑！人与人相处最怕这些事，情再深也能瞬间疏远|树洞]]></title>
  <content><![CDATA[嗨，大家这周过得开心吗？跟身边的人相处得还好吧？没被拉黑了吧？感觉“拉黑”是这周的热词。例如，#想让孩子当值日生，家长午夜给老师发微信被拉黑了#、#因为开着法拉利去接娃，莫名其妙被家长群拉黑了#好了，家长和老师，家长和家长撕完后没隔几天，《奇葩说》的两位当红辩手傅首尔和董婧就因为插队化妆的事儿突然开撕了。我猜这俩小姐姐私下应该把对方拉黑500回了吧。最让路小路伤心的是，如懿的心也把皇帝“拉黑”了。昨晚如懿一句“兰因絮果终悲切，花开花落自有时”看出他俩的裂痕到今晚大结局也没法修复了。人与人之间的相处真的很微妙，分分合合合合分分。一见对眼就倾心，一言不合就离心，甚至一些看似情比金坚的关系都能瞬间分崩离析。这让路小路陷入了深深的迷思🏃🏃🏃*有什么想说的，也欢迎给我们留言哦*👀编辑：陈璐璐设计：陈   芳✪ 刚到深圳第一家公司，我想跟每个人搞好关系，却傻傻得罪所有人|树洞✪  相亲对象一开口，我就跪了！这句话可以载入相亲史册 | 树洞✪  粉丝怒怼：找这种人结婚，简直就是浪费户口本纸！| 树洞点左下角看更多深圳大件事一言不合就点赞↓↓↓]]></content>
  <author><![CDATA[深圳大件事]]></author>
  <time>2018-10-13 22:23:49</time>
  <account><![CDATA[nandusz]]></account>
</data>
