<data>
  <id><![CDATA[50517967]]></id>
  <url><![CDATA[https://mp.weixin.qq.com/s?timestamp=1539596407&src=3&ver=1&signature=Egrj350GoKY8-KUcIJshb*rlG3pE0mbn9hhlZlpcrX*coulNDRllD1QSgd-ysnD1Bgl*mKwEZv7EvAIcDIR2jJEQJfg*4oGAh3kf1vTKIjnuK*s2OkNzlc079Fk9O9RZ089rx3daS-eXhgaETa-psz8XDMLphWUfnK1bh*oXmdk=]]></url>
  <title><![CDATA[视频]]></title>
  <content><![CDATA[if (!window.__second_open__) { document.getElementById('js_video_desc').innerHTML = "南都讯 据媒体报道，10月11日凌晨一点，一头目测超过120斤的大野猪突然出现在深圳梧桐山小梧桐广场上，因为偷食而推翻广场上垃圾桶而惊动梧桐山山顶管理站值班人员，当管理员靠近拍摄时，野猪才慌张向树丛里逃窜。".replace(/\r/g,"").replace(/\n/g,"<br>").replace(/\s/g,"&nbsp;"); }]]></content>
  <author><![CDATA[]]></author>
  <time>2018-10-12 22:30:59</time>
  <account><![CDATA[nandusz]]></account>
</data>
