<data>
  <id><![CDATA[50517967]]></id>
  <url><![CDATA[https://mp.weixin.qq.com/s?timestamp=1539596407&src=3&ver=1&signature=Egrj350GoKY8-KUcIJshb*rlG3pE0mbn9hhlZlpcrX*coulNDRllD1QSgd-ysnD1Bgl*mKwEZv7EvAIcDIR2jIkubLATFzTRjPYIZZFFw7JAJt1eswX5K5ub7NtQy1kZH16NpG7ULhej7HsjNSaZD2MhoNXN7L88U9U5DsbXI9s=]]></url>
  <title><![CDATA["我的房子有4个房东!"深圳一长租公寓转租3次，近千租客被迫搬离]]></title>
  <content><![CDATA["我的房子，有四个房东"▲在与房东就退租和押金返还问题商讨三个多小时后鱼悦公寓的租客小赵无奈地在朋友圈发了这样一句话也一语道出了近日来一直烦扰着鱼悦公寓近千名租客的问题（涉事的“鱼悦公寓”）南都记者接获报料，深圳南山区红花岭工业南区四区一个名为“鱼悦公寓”的长租公寓项目，因多层转租，四个房东之间产生使用权纠纷，导致租客突然被通知租赁合同提前终止，需在短期内全部搬离，此前向四房东缴纳的租房押金也几经周折，多番追讨。粗略估计截至9月底鱼悦公寓共计约有430个房间在租，每个房间平均月租3000元，按押二付一算，每户缴纳的押金为6000元，430户近千名租客押金总额达到了258万元左右。爆发三房东带走400万资金纠纷爆发的导火索始于2018年2月份三房东宏益嘉瑞将从美丽家方面收取的押金、入场费等近400万元资金带走后便处于失联状态，同时停止向二房东富诺贝实业继续交付租金等费用。后富诺贝实业与四房东美丽家沟通，双方约定，美丽家跳过宏益嘉瑞，直接向富诺贝实业交付租金、水电费等，继续履行租约，然双方并未签订任何新的协议，这也是后期富诺贝实业与美丽家纠纷的重点。美丽家出示的账单明细显示：2017年9月28日至2018年2月11日：其先后向宏益嘉瑞支付了定金、押金、入场费、租金、水电费等共计约694万元。2018年3月份始：其便直接将租金、水电费等支付给富诺贝实业，至2018年8月底，累计支付金额超过600万元。对此，富诺贝实业相关负责人也曾向南都记者表示，宏益嘉瑞退出后，美丽家确实开始直接向公司支付鱼悦公寓的租金等费用，但强调双方并未有任何的书面协议。事件最终演变为权责纠纷源于今年1月初深圳南山区公布的第四批城市更新计划鱼悦公寓所在的红花岭工业南区片区被一房东众冠股份申报为城市更新项目并获得立项，未来将拆除重建为新型产业项目，拟拆除重建用地面积约为17.94万平方米。南都记者了解到，远洋地产集团在此后介入了红花岭工业南区城市更新单元项目，负责征地拆迁及改造等，而鱼悦公寓二房东富诺贝实业实际就是远洋地产集团的关联公司。因此，远洋集团计划2018年10月底，与宏益嘉瑞的租赁合同到期后就不再续约，将房屋收回，为后期拆迁作准备。这也就意味着▼宏益嘉瑞与美丽家的租赁代理合同也将在2018年10月31日到期后结束。僵持四房东杠上 租客为难富诺贝实业方面向南都记者表示，其在今年8月份已经告知美丽家物业负责人，鱼悦公寓房屋在10月份到期后便不再续租。问题就在于▼从今年初正式对外招租开始美丽家物业与租客签订的房租租赁合同日期均为一年所以最快也要明年初才会陆续期满搬离，部分租客甚至是今年8月底、9月初才入住，租期到明年9月份前后。因此，美丽家方面并不同意结束租赁关系，并称当初与宏益嘉瑞曾协商，租赁合同默认为到期自动续约，可继续运营管理鱼悦公寓直至拆迁。但富诺贝实业在9月7日贴出的《全体租户告知书》中，以此前对租户及美丽家之间的租赁关系并不知情，且宏益嘉瑞违反约定向非关联方公司出租房屋，又拒不支付2月份的房租租金为由，宣布与宏益嘉瑞终止《租赁合同》，要求租户尽快搬离。随后一房东众冠股份也在9月17日发出公告，表示其享有鱼悦公寓，而富诺贝实业是其承认的唯一承租方，未经富诺贝实业书面同意的转租均为非法转租，众冠股份不会承认该等租赁关系，直指美丽家为鱼悦公寓非法承租方。闻此，租户纷纷向美丽家求证，得到的回复却是不必理会，可继续租住至合同期满，在此期间，鱼悦公寓也仍在对外招租。“富诺贝实业曾不断向租客施压，甚至将纸条分别塞到租客门缝中，要求尽快搬离，否则到期就会切断水电。——小赵南都记者曾到富诺贝实业在鱼悦公寓的办事处咨询租赁事宜，相关负责人亦明确表示除非租客签署押金转让协议后可继续租住至11月底，否则10月15日开始会切断租户房屋水电。部分有车的租客则反映，自从纠纷发生后，负责公寓停车场管理的富诺贝实业也不再办理租客停车月卡，要求按每天30元的外来车辆标准交费。部分不堪困扰的租客希望能够直接退租却被美丽家告知❶若退租则无法拿回押金❷但若不搬走又无法从美丽家方面得到实质性的保障“每天下班回到家已经很累了，还要担心明天会不会停水停电，被赶走流落街头。——租客因此，不少租客也担心，万一美丽家也像三房东宏益嘉瑞那样直接将全部押金款项带走消失，最终近千租客不仅押金和预付租金无法追讨，连房子都会没得住。梳理几个房东均存在过失南都记者查阅几方的租赁合同发现，美丽家所指的合同到期自动续约条款，实际属于富诺贝实业与宏益嘉瑞的合同条款，具体为“合同租期届满或续租后每届满一年，若未发生本合同约定终止的情形则本合同自动续期一年。”美丽家物业与宏益嘉瑞签署的合同中并未出现类似约定条款换言之，富诺贝实业在合同期满后有权终止与宏益嘉瑞续租，即便美丽家物业与宏益嘉瑞继续签订续租协议，也将被视作无效。桃源房屋租赁管理所相关负责人向南都记者透露，富诺贝实业对三房东宏益嘉瑞与四房东美丽家之间的租赁关系一直是知情的，宏益嘉瑞携款离开后，美丽家承接原宏益嘉瑞的押金权益等，富诺贝实业直接向美丽家收取租金，但双方却没有签署相关的书面协议，以致这确实属于富诺贝实业方面的过失。不过，今年8月份富诺贝实业告知美丽家不会再续租后，美丽家方面并未及时应对，反而存在侥幸心理，不仅继续对外招租，还与租客签订了一年期的房屋租赁合同，也是导致纠纷的重要原因。进展退租租客陆续收到返还押金大多仍未找到合适房子搬离鉴于四方意见始终未能达成一致，为避免租客权益受损，9月19日桃源街道办以及桃源房屋租赁管理所等相关部门曾召集众冠股份、富诺贝实业、宏益嘉瑞以及美丽家物业的代表进行了一次调解，彼时几方达成一致——“由美丽家向愿意退房的租客解约并退还押金，继续租住的则与富诺贝实业重新签署房屋租赁合同，根据押金的金额，继续居住至11月30日左右再搬离。但此后美丽家物业考虑到公司资金链问题并未向租客提及退租和返还押金反而向租客表示可以继续租住至明年期满因此9月28日晚上，赶在国庆假期前，鱼悦公寓部分租客代表曾与美丽家物业股东、运营负责人以及富诺贝实业、众冠股份相关负责人面谈，希望能得到明确的解决方案。各方为此争论了近三个小时，最终富诺贝实业、众冠股份相关负责人承诺，租户居住期间不会切断水电，也不会强制清退，保证正常居住，美丽家物业也在第二天发布公告表态同意在国庆假期后即10月8日开始办理租户退租及押金退还手续。南都记者了解到，10月8日开始，退租的租客已陆续收到返还的押金，但大多数租客尚未寻找到合适的房子搬离。美丽家运营总监表示，尚未申请退租搬离的租客可继续居住，待公司继续与富诺贝实业及政府相关部门协商沟通，有最终解决方案后，再决定是否需要全部搬离。行业观察不少公寓几个人合伙经营管理十分混乱且难以监督类似鱼悦公寓房源多层转租导致房东纠纷，以及租客押金追讨等问题，业内人士均表示现象普遍，却始终是待解的难题，原因就在于监管的空白。深圳市房地产中介协会研究总监徐枫指出，相对商品住房首付，租房押金金额较小且高频，管理成本太高，银行及相关政府部门的监管意愿不大。另一方面，若要监管，必须是有相关牌照的机构，符合条件的机构也不多。因此，一直以来，全国范围内的租房押金监管都是空白一片，基本只能靠管理机构内部的“自我道德血液”来约束，并无第三方机构介入。徐枫指出，从目前的情况看，长租公寓运营机构收取租房押金后，多数是通过金融杠杆来继续扩张规模，或用于运营资金。虽然尚未听闻长租公寓管理机构侵吞押金款项的情况，但随着长租公寓市场规模的继续扩大，大大小小的运营机构鱼龙混杂，在押金监管空白的情况下，管理机构侵吞款项，或者将押金用于扩张导致资金链断裂的风险也会越来越大。未来某个时间点关于租房押金的问题甚至可能会集中爆发经多次转租租金层层叠加逐级追究各方责任难度大信荣(全国)房地产律师团队首席律师张茂荣表示，租客在签订租赁合同时，应尽量与房屋所有权拥有者直接签约。跨租的次数越多，权责越复杂，风险也就越大，若不能直接与房屋所有权拥有者直接签约，也必须要求签约方提供房屋控制权、使用权、承租权等相关凭证。张茂荣指出，目前法律上对租房押金收取以及房租转租次数并不禁止，也无明确的规定和要求，主要还是以租赁双方签订的租赁合同为依据，只要双方协商一致，上一层房东知情且租赁合同条款允许，基本是属于有效的。房东之间纠纷不断最后"背锅"的反而是住户一个房子四个房东这件事你怎么看？🏃🏃🏃*有什么想说的，也欢迎给我们留言哦*👀采写：南都见习记者 黄冬艳编辑：雷宇✪ 深圳近500业主搭板隔层被认定违建，仍有多个“买一层送一层”公寓在售✪ 金九银十？不存在的！深圳多处新盘入市，开发商降价走量仍卖不动✪ 又一股冷空气今夜到达！深圳下周降温+降雨，又到了乱穿衣的季节点左下角看更多深圳大件事这个信息对你有用，别忘记点赞赞↓↓↓]]></content>
  <author><![CDATA[深圳大件事]]></author>
  <time>2018-10-15 13:26:45</time>
  <account><![CDATA[nandusz]]></account>
</data>
