<data>
  <id><![CDATA[50517967]]></id>
  <url><![CDATA[https://mp.weixin.qq.com/s?timestamp=1539596407&src=3&ver=1&signature=Egrj350GoKY8-KUcIJshb*rlG3pE0mbn9hhlZlpcrX*coulNDRllD1QSgd-ysnD1Bgl*mKwEZv7EvAIcDIR2jDhYpfu9aTZr2C2f7Y6HJDjvt-bPKq2S-V*DxPPz6O1KLgPDozC4YE4H8x7SkeiRY12jDoRiIQkpT4PkTXAxVqY=]]></url>
  <title><![CDATA[又一股冷空气今夜到达！深圳下周降温+降雨，又到了乱穿衣的季节]]></title>
  <content><![CDATA[前几天，深圳气温骤降不少窗友还没来得及晒被子就开始从箱底翻出外套卫衣穿了大家出街画风都是酱婶的▼有些胖友毛衣都拿出来了！深圳已经开启我笑你穿短袖你笑我穿厚外套的模式！相信最近全深圳的朋友们都陷入了深深的焦虑中因为早上起来冷冷哒中午感觉又很晒穿长袖太热穿短袖又太冷所以到底要穿什么不知道穿什么不要紧这段时间也算是体验秋风了这个天气就问你们衣服是难穿了点，但舒不舒服？今晚就更加美滋滋啦可能是心疼大家明天又要上班深圳天气今晚又亮大招，刷屏胖友圈有幸抬头看看天的小伙伴纷纷高呼：太美了！非常壮美随手一拍，都可以做壁纸呢！你们喜欢这样的深圳吗？喜欢的话转发给身边的朋友看看吧！机智的小伙伴这时候发问了"火烧云"不是盛产于盛夏吗？这秋风瑟瑟时候也来凑热闹？"火烧云"为什么来我不知道但的确"天有异象"这是在给你一个信号呢因为又有冷空气来努力啦！两波冷空气陆续到达广东第一波冷空气用了两天时间迅速南下并在9号顺利抵达广东在影响了广东5天并成功降温10℃后这波弱冷空气在昨天终于功成身退啦然而它还嫌不过瘾下星期继续再来一波又有一波冷空气逼近深圳注意啦广东全省的气温将下降2℃至4℃受这波冷空气影响深圳最低温也将降到20℃！未来一周深圳天气的主题▼冷空气+多云+小雨至于秋裤是不是要拿出来？广东天气台是这么说的▼这次冷空气只带来弱降水，弱降温所以怕冷的穿件长袖强壮的还可以短袖招摇毛衣羽绒啥的还早呢但是进入寒露后广东昼夜温差在拉大昼夜温差往往可达10℃或以上俗话说"白露身不露，寒露脚不露"宝宝们，尤其是老人小孩早晚还是要适当注意保暖小伙伴们这时一定只想问一句深圳到底啥时候入秋？啥时候？啥时候？啥时候啊？？？虽然深圳积极尝试了入秋但这场弱冷空气并不妨碍深圳入秋失败！深圳再次入秋失败按气候学划分标准：以5天滑动平均气温稳定≤22 ℃才是秋季的开始。深圳平均入秋时间在11月3日，去年更是在11月19日才入秋成功。按照往年惯例（你懂的）入秋不经历几次失败怎么能够成功呢？一句话概括深圳天气▼“从体感上来说已经算是秋天，但从真正气象上来说还没有算是入秋，入秋还得稍晚些。插播一条广东入秋进程了解下▼常年寒露期间粤北将渐渐完成由夏入秋的转变像韶关常年10月16日将开启长达77天的秋季而中部的广州和南端的徐闻要入秋还得再等等这回入秋没成功不要紧下周驾到的这波冷空气也在告诉你锲而不舍的深圳还在尝试入秋冷空气明天就来啦深圳人记得及时添加衣物么么哒🏃🏃🏃*有什么想说的，也欢迎给我们留言哦*👀资料来源于网络（@深圳天气等）编辑：雷宇✪ 高铁霸座算违法！广东终于出手了，坐火车有这些任性行为最高罚5万！✪ 又有1.5万户深圳家庭有望喜提公租房！新一批房源已在路上，你也能申请✪ 年薪起点30万+，南都深圳正在寻找这些人，请对号入座！点左下角看更多深圳大件事这个信息对你有用，别忘记点赞赞↓↓↓]]></content>
  <author><![CDATA[深圳大件事]]></author>
  <time>2018-10-14 22:26:47</time>
  <account><![CDATA[nandusz]]></account>
</data>
