<data>
  <id><![CDATA[50517967]]></id>
  <url><![CDATA[https://mp.weixin.qq.com/s?timestamp=1539596407&src=3&ver=1&signature=Egrj350GoKY8-KUcIJshb*rlG3pE0mbn9hhlZlpcrX*coulNDRllD1QSgd-ysnD1Bgl*mKwEZv7EvAIcDIR2jBWGVffMAkOUz01GfkRP-MXC1MGIDDPkyJ0mf1zcvbZtJUMiDqIFklg8eAms1ZsyfwdTKNMfRYQEfhs4N9FTzy8=]]></url>
  <title><![CDATA[真真扎心！广东薪酬报告出炉，深圳6连冠！最赚钱的竟然是这些行业]]></title>
  <content><![CDATA[又快到年底了小伙伴们请大声告诉我你们的钱包准备好了吗？整个下半年都是存不住钱的▼9月的工资贡献给国庆假期10月的工资贡献给双十一11月的工资贡献给花呗信用卡12月的工资贡献在回家的路费上1月的工资还没拿到手却要上交给春节就问你虐不虐！但最让我们悲伤的消息就是广东9个城市的平均月薪出炉啦深圳连续6年第一平均月薪即将破万！为9458元你还在为空空如也的钱包哭泣身边的小伙伴就快实现"财富自由"啦来来来，赶紧开虐《南方人才2018-2019年度广东地区薪酬调查报告》今日新鲜出炉，亮点抢先看▼▼▼一薪酬报告调查背景中国南方人才市场、广州人力资源服务协会、广州市人才研究院、南方人力资源评价中心对广东地区的薪酬进行调研分析，连续13年发布《南方人才年度广东地区薪酬调查报告》，并上线了薪酬查询系统，便于企业和职工及时了解薪酬动态与发展趋势。今年的调查总样本量达到230万个，数据覆盖广东省9个城市（广州、深圳、珠海、佛山、东莞、惠州、中山、江门、肇庆），11个行业，353个职位。好消息是平均增幅与去年基本持平所以，今年的你，涨工资了吗？2018年所调查的353个职位的平均月薪均有不同程度的增长。整体而言，所有职位的平均增幅约为6.57%，与去年（6.50%）基本持平，其中2018年的职位薪酬增幅最大达到32.67%。而咱们大深圳更是领跑6年66666……❶ 深圳以9458元的平均月薪排名地区平均薪酬首位，继续领跑于省内其他地区。❷ 广州位居第二，平均月薪为8603元。珠海位居第三，与佛山的薪酬差距逐渐拉大，平均月薪为7611元。❸ 随后是东莞、惠州、中山，三者相差不大，极差不足300元。江门、肇庆的薪酬水平相对较低，平均月薪均在6000元左右。每次平均薪资公布都有一堆人在喊自己拖后腿了而那些拿着高薪的人却总是默不出声他们到底是谁？！到底是哪个行业的人把平均工资拉的这么高？找到了！就是他们！二金融业平均月薪15630元，居首位从行业来看"金融业"以15630元的平均月薪依然位居行业首位，遥遥领先“互联网、软件、IT服务和信息传输业”、“电力、热力、燃气及水生产和供应业”分别以10967元、10037元的平均月薪位居第二、第三。薪酬水平最低的三个行业分别是“制造业”、“居民服务、修理和其他服务业”和“住宿和餐饮业”，其平均月薪分别为6625元、5639元、5014元。“近三年来，广东行业间收入差距逐渐扩大。2016年、2017年、2018年，平均月薪最高与最低的行业的收入差距分别为6162元、7189元和10616元。看完这批数想问一下现在转行还来得及不？为什么总是我们常年游走在平均线以下？难道真的是学历在作祟？呜呜呜三不同学历增幅不同，最高是研究生从学历来看，研究生、本科、大专、高中及以下学历职工的平均月薪分别为11279元、8620元、7593元、5970元。其中研究生与本科学历职工的平均月薪差距最大前者高于后者30.85%；本科与大专学历的职工的平均月薪差距最小，前者高于后者13.53%。好吧现在再去读个书还来得及不？来自学渣的深刻忏悔呀！接下来再来一剂甜蜜暴击看看高管们的年薪究竟有多高？咱们几年顶别人一年呐？四华南上市企业高管平均薪酬居榜首2017年度上市企业高管平均薪酬为70.53万元/年！从地区分布来看华南地区上市企业高管薪酬处于领先地位，达到87.81万元/年！华南地区上市企业高管薪酬保持较高水平的一个重要原因，在于华南地区的上市企业主要分布在广东省（样本量占华南地区的89.74%），而广东省作为全国第一经济大省，其经济发展水平良好，职工工资水平相对较高，故在一定程度上拉高了华南地区高管薪酬水平。其次是华北地区，平均薪酬为77.43万元/年；排名第三的是西南地区，平均薪酬为69.17万元/年。等等先让我缓一缓差点忽略了后面的"万"字！都是人，大家差距怎么能这么大然而更大的还在后面小伙伴们麻烦站好扶稳小心晕眩！五部分上市企业高管平均年薪破百万从行业来看金融业和房地产业无疑是高收入群体的聚集地其上市企业高管平均年薪均已破百万！2017年上市企业高管平均薪酬最高的前三位行业分别是“金融业”、“房地产业”、“租赁和商务服务业”，其上市企业高管平均薪酬分别为191.54万元/年、143.99万元/年、93.05万元/年。上市企业高管平均薪酬最低的三个行业分别是“农、林、牧、渔业”、“水利、环境和公共设施管理业”和“教育业”，分别为53.39万元/年、49.50万元/年和45.29万元/年。如果上面的70、80万你已经感到晕眩这回年薪百万告诉你有钱人的生活对你来说真的是梦！醒醒吧少年，走，咱们搬砖去！看完薪酬报告找到自己的行业薪酬定位了吗？终于承认自己渺小了吗？看到这里有人要问了既然事实如此那我们怎么才能在让自己的工资在平均薪酬线以上呢？▼那当然是继续努力工作啊！不然你以为啊？🏃🏃🏃*有什么想说的，也欢迎给我们留言哦*👀资料来源：广东发布编辑：雷宇✪ 深圳最富的人是他们！胡润富豪榜出炉，这个属相富豪最多 | 早安大件事✪ A股继续探底！腾讯市值一日缩水1800亿！深圳上市房企这些跌的最惨…✪ 深圳今年首次入秋失败！别被降温骗了，之后的天气不要过于期待点左下角看更多深圳大件事觉得信息对您有用请点↓↓↓]]></content>
  <author><![CDATA[深圳大件事]]></author>
  <time>2018-10-12 13:17:56</time>
  <account><![CDATA[nandusz]]></account>
</data>
