<data>
  <id><![CDATA[50517967]]></id>
  <url><![CDATA[https://mp.weixin.qq.com/s?timestamp=1539596407&src=3&ver=1&signature=Egrj350GoKY8-KUcIJshb*rlG3pE0mbn9hhlZlpcrX*coulNDRllD1QSgd-ysnD1Bgl*mKwEZv7EvAIcDIR2jBneeHQZdFxbkbk6oVi2ah*oDjVDhj9zo8nLGkos-Ioo4w05m*R-EKJr2FuZGW01*SM*3Ag6s3vDlzoiDGGYfxI=]]></url>
  <title><![CDATA[深圳最富的人是他们！胡润富豪榜出炉，这个属相富豪最多|早安大件事胡润百富榜出炉！马云再成首富深圳上榜人数排全国第二，最富的是他深圳6岁童患病需长期用药今年药价突然上涨近3倍区块链人才一年内暴增6倍深圳招聘需求位列第一梯队500公斤地沟油被查扣！深圳湾超级总部基地竟藏地沟油窝点深圳爸爸闻儿生病酒驾赶回家半路被查获刑拘人在家中睡罚款突然来！深圳一男子中了这“圈套”南京大屠杀幸存者沈淑静老人去世享年94岁济南趵突泉喷涌被质疑造假贵州4人将国旗从旗杆上扯下后撕烂分别获刑8至9个月安徽小伙扶摔倒老人被讹，]]></title>
  <content><![CDATA[“早安大件事”一觉醒来，天下事皆知10月12今日天气阴天间多云；气温21-26℃；东北风2-3级；相对湿度50%-75%胡润百富榜出炉！马云再成首富深圳上榜人数排全国第二，最富的是他年年见的胡润百富榜发布了！抱憾啊！小编依然没能上榜因为我连上榜的门槛都迈不进其实我哭什么呢，这不是很正常吗？2018年上榜门槛继续保持在20亿元所以我手捧着瓜子以吃瓜人的积极心态告诉大家咱中国排名前三的富豪是马云家族（2700亿元）许家印（2500亿元）马化腾（2400亿元）（此时听到很多人隔着屏幕喊“爸爸”）因蚂蚁金服估值上升，马云这半年身家上涨700亿元，以2700亿元时隔四年再次成为中国首富。同时因受股价下跌影响，许家印今年卫冕首富失败，财富缩水了400亿元，以2500亿元位列第二。马化腾13年来首次出现资产缩水，以2400亿元排第三。“‘二马’和许家印成为中国三大企业家，与第四名相差一千亿。”胡润表示。要知道其中有两位爸爸富豪他们的公司总部在深圳一个是恒大许家印另一个是腾讯马化腾前十大富豪还有杨惠妍(1500亿)、王健林家族(1400亿)、何享健和何剑锋父子(1300亿)、王卫(1200亿)、严昊家族(1200亿)、李彦宏及马东敏夫妇(1150亿)、雷军(1100亿)、王文银家族(1100亿)正威集团王文银家族的居住地也有深圳，而王卫的顺丰速运便注册在深圳。深圳富豪人数排全国第二，前100有16位就在深圳没错！深圳的确是一座创造巨大财富的城市至少是创造巨大财富的人，最喜欢的城市之一深圳以193位上榜富豪的人数排在全国各大城市第二位，占全国10.2%，仅次于北京（293位）亲爱的各位宝宝你造你生活在一个可能在街上溜达几圈就能偶遇千万富豪的深圳！不信？来看看这前100位富豪中，有这16位在深圳！▽马化腾、王文银家族、姚振华、张志东、林立、汪滔、潘政民与吴春媛夫妇、朱保国家族、纪海鹏家族、李华家族、张峻与陶美萦夫妇、陈红天家族、徐航、朱鼎健家族、缪寿良、王传福那么富豪们怎么发家的呢？什么行业最赚钱呢？深圳多位富豪从事高新技术产业值得注意的是，在前100位富豪中，深圳富豪一半都显示主业有“房地产”。在深圳这块以科技创新闻名的土地上，诞生了腾讯、大疆、声学科技、比亚迪等一批新兴科技企业。而这些优秀的科技企业也直接把马化腾、张志东、汪滔、潘政民与吴春媛夫妇、王传福等人送上了金灿灿的财富宝座。胡润百富榜六成上榜者主要财富来自制造业、房地产、金融投资和IT这四大行业。当然啦，不仅仅是咱深圳北京、上海、杭州、广州、香港、苏州等城市也是富豪集聚上面七大城市坐拥富豪榜一半的上榜者北京仍是上榜企业家最集中的居住城市，有293位，但比去年减少7位；深圳以193位维持第二，比去年减少31位；上海以160位维持第三，比去年减少13位；杭州以120位维持第四，比去年减少33位。香港增加4位，以54位排名上升一位至第六。胡润说：“上榜企业家共拥有员工超过1000万人，占中国总就业人口的1.3%。”大家快按图索骥看一下，自己的老板是不是也在榜单上，今天一大早去向老板贺喜讨个红包！即便今年富豪榜还是没有你和我但是多看些亮点也不费眼2018胡润百富榜还有这些亮点：①459个去年上榜的企业家今年落榜，20年来最多对此，胡润百富董事长兼首席调研员胡润表示：“股市跌了近20%，造成今年成为百富榜二十年来落榜人数最多的一次。”胡润表示，“前十名的财富总和占上榜企业家总财富的10%，前200名的财富总和占上榜企业家总财富的一半。”②219张新面孔，其中5人跃居榜单前100新人来自很多新上市公司，如小米、宁德时代等；也有来自很多新崛起企业，如比特大陆、小鹏汽车等。从行业来看，TMT行业贡献了最多新面孔。新人中“三大黑马”：拼多多黄峥、宁德时代曾毓群，以及比特大陆的詹克团。新上市的拼多多38岁的黄峥以950亿元财富首次上榜便进入前15；新上市的锂电巨头宁德时代50岁的曾毓群以400亿财富新上榜，宁德时代的成功上市造就了7位上榜者。“区块链大王”比特大陆39岁的詹克团和32岁的吴忌寒分别以295亿和165亿财富新上榜。③上榜的80后富豪有132人，同比增加32%拼多多黄峥、今日头条张一鸣是最亮双子星。④女性企业家占比创20年新高，达到28.7%碧桂园37岁的杨惠妍以1500亿财富蝉联中国女首富。⑤海底捞上市，张勇舒萍夫妇当属最快进步财富上涨十倍，当属最快进步奖得主⑥上榜企业家有12位身处囹圄其中9位正在接受调查，1位在狱中、1位还没宣判、1位被监视居住⑦ 在富豪属相解读中属兔的占比11.7%，并且已经连续七年表现最好！话说回来，胡润（Rupert Hoogewerf）这位英国人，坚持做中国富豪榜已经20年。20年的坚持，让这个起初被嘲讽为“杀猪榜”的工作显现出了独特的价值。至少从胡润的富豪榜单中，可以窥见中国财富的震荡上升以及与此相关行业的兴衰轨迹。财经作家吴晓波说：“在这个意义上，我们还真要感谢这位英国人。”表扬归表扬有网友指出：胡润百富榜上榜企业家都来自民营企业，难道只有民营企业家才算富豪吗？你对这个问题有啥见解呢？欢迎下方留言哦！（采写：南都记者胡琛）深圳6岁童患病需长期用药今年药价突然上涨近3倍6岁孩童因病需长期使用盐酸精氨酸注射液，原本十多元一盒的药物，去年涨到20元一盒，今年6月又突然涨价至60元，令用药家庭负担加重，难以承担。南都记者就此事分别采访了当事人购药的深圳儿童医院及生产药厂，医院回应称该药曾断货半年，购入价与零售价一致。而生产药厂上海信谊金朱药业公司回应，涨价主要是因为原料成本上涨。（南都见习记者吴灵珊）区块链人才一年内暴增6倍深圳招聘需求位列第一梯队区块链人才需求一年内暴增6倍，北上深是区块链招聘需求集中的第一梯队，深圳属于供给和存量结构占比高于需求占比的状况。昨日公布的2018年区块链人才供需与发展报告显示，区块链人才月薪主要集中在1万至2.5万元之间。（南都记者张小玲）深圳一工业园起火浓烟几十米高现场被拴小狗遭烤焦昨天下午2时许，有市民向南都报料，深圳光明区长圳大岗工业园内发生火灾，浓烟冲天，烟柱高达几十米。南都记者于下午3时18分赶至现场，明火已灭，起火场所为大岗工业园A栋旁的废品室，过火面积约10平方，无人员伤亡情况。据现场知情者介绍，废品室背靠宿舍楼，起火时宿舍里面还有人，火灾中有一只小狗被烤死。（南都见习记者帅滇）500公斤地沟油被查扣！深圳湾超级总部基地竟藏地沟油窝点10月5日上午，东方社区的工作人员张科春在社区辖区巡查时，发现深圳湾超级总部有一处地沟油提炼点。张科春随即上报沙河街道执法队，当场查扣非法存储地沟油500kg。张科春介绍，该地沟油提炼点位于深圳湾超级总部附近一处撂荒的国土储备用地上，周边工地较多，荒地上草木茂密，平时进出人员少，极具隐秘性。“今年已经不止一次发现这里有不法商贩在提炼地沟油了”，他介绍地沟油的提炼一般都是在凌晨，所以这次白天巡查只发现该处提炼静置的地沟油半成品和油渣，并未发现提炼的人员。（南都见习记者谢萌）深圳爸爸闻儿生病酒驾赶回家半路被查获刑拘10月8日凌晨，詹某为了赶回家中看望生病的孩子，竟不顾生命危险酒驾上路，被交警查获，最终妻儿也没见到，自己还因此身困铁窗。据詹某交代，7日22时左右，他和三个朋友在俱乐部唱歌喝酒，期间与朋友喝三瓶啤酒。待喝到8日0时，他接到妻子给电话，“孩子生病不舒服，要到医院检查！”这可把詹某急坏了。据詹某交代，他急忙从俱乐部出来，原打算找代驾，但并未寻得代驾，加之忧心家中小孩病情, 便决定自己驾驶小车回家，结果在行驶至南湾街道布澜路段时，被现场执勤民警查获。（南都记者陈文才 ）人在家中睡罚款突然来！深圳一男子中了这“圈套”上个月末，曹先生突然收到了一条交通违法短信提醒，当时也没有特别留意。10月8日，他通过深圳交警星级用户扣了分，交了罚款后发现，违法显示的时间是22时，当时他正在睡觉，于是他报了警。深圳交警接报后，经过仔细核对调查，蜀黍发现曹先生的车确实是被人套牌了，随后，深圳交警立即为曹先生办理撤销违法处罚。广东地区薪酬报告出炉！深圳工资最高，广州上涨最快《南方人才年度广东地区薪酬调查报告》显示，深圳以9458元的平均月薪排名地区平均薪酬首位，广州位居第二，平均月薪为8603元。珠海位居第三，与佛山的薪酬差距逐渐拉大，平均月薪为7611元。随后是东莞、惠州、中山，三者相差不大，极差不足300元。江门、肇庆的薪酬水平相对较低，平均月薪均在6000元左右。此外，广州薪酬上涨1393元/月、深圳薪酬上涨1037元/月，珠海薪酬上涨1119元/月。崔永元疑遭格力员工死亡威胁格力电器发声明否认10月10日，崔永元发布消息称自己接到死亡通知，并截取了微博用户“天仙哥哥V”的微博页面。随后，有媒体报道称威胁崔永元的人自称是格力电器员工。针对此事，格力电器称公司对此十分重视，迅速进行了紧急查证，目前没有任何证据表明该网络ID为“天仙哥哥V”的用户是格力员工。后续将保持高度认真负责的态度，积极配合公安机关审慎核查，坚决一查到底，绝不姑息迁就。张衡地动仪从统编教材中删除？人教社回应：未删近日，网上有消息称，2017年投入使用的统编教材中，关于张衡和地动仪的内容被删除。针对此事，人民教育出版社10日回应表示，统编教材中对张衡及其发明的地动仪有专门介绍。人教社表示，统编历史教材七年级上册“两汉科技与文化”一课中专门设计了活动，具体内容及要求如下：“东汉张衡发明创制出世界最早的地震仪器地动仪。但是，这个地动仪早已毁损失传。后来，人们根据《后汉书》的记载，结合自己的研究，作出了各不相同的地动仪复原模型。请搜集不同的复原模型，并尝试理解这件古老的验震器的设计原理。”南京大屠杀幸存者沈淑静老人去世享年94岁据侵华日军南京大屠杀遇难同胞纪念馆消息，10月11日，南京大屠杀幸存者沈淑静老人去世，享年94岁。济南趵突泉喷涌被质疑造假景区回应没有对泉眼人工干预网友质疑济南趵突泉喷涌造假，称泉边有水泵和变电箱。景区回应，水泵给绿植浇水，变电箱为景区供电，没有对泉眼人工干预。贵州4人将国旗从旗杆上扯下后撕烂分别获刑8至9个月贵州龙里县杨某某等4人因诉求得不到满足，将当地一国旗从旗杆上扯下后撕烂，构成侮辱国旗罪，一审分别获刑8至9个月。安徽小伙扶摔倒老人被讹，监控还清白，老人仍要求赔千元10月7日上午9时30分许安徽合肥发生了一件扶老人被索赔的事件，幸运的是本次事件发生的全部过程都被现场的监控录像记录下来了。事后监控还原真相，证明了小伙的清白，可是被扶的老人仍然不休不止，坚持要求小伙赔偿自己1000块。最终在警方教育下，老人才答应不再纠缠。好了，今天的早餐就这些觉得丰富满意的请在文章右下角给小编点个赞🏃🏃🏃*有什么想说的，也欢迎给我们留言*👀编辑：陈璐璐✪ A股继续探底！腾讯市值一日缩水1800亿！深圳上市房企这些跌的最惨…✪ 深圳今年首次入秋失败！别被降温骗了，之后的天气不要过于期待✪ 九价HPV疫苗终于上新货！深圳这8区明日可注册，17号即刻开抢点左下角看更多深圳大件事这条信息对你有用请点↓↓↓]]></content>
  <author><![CDATA[深圳大件事]]></author>
  <time>2018-10-12 08:39:13</time>
  <account><![CDATA[nandusz]]></account>
</data>
