<data>
  <id><![CDATA[50517967]]></id>
  <url><![CDATA[https://mp.weixin.qq.com/s?timestamp=1539596407&src=3&ver=1&signature=Egrj350GoKY8-KUcIJshb*rlG3pE0mbn9hhlZlpcrX*coulNDRllD1QSgd-ysnD1Bgl*mKwEZv7EvAIcDIR2jKPuQAzoy9JNONj2A3Kk06oIIQXDH697eYR7j6ddp5GpLDmerWAlZyD22LUXXaorBbc5g*2IkSLqt5n9FCvCVV8=]]></url>
  <title><![CDATA[警惕！深圳现两例本地登革热病例，均在同一地点被感染深圳现两例登革热均在同一地点被感染！深圳几位老乡抱团买彩票这次有一张4元彩票中了604万深圳女子裆部藏数万欧元过海关走路姿势怪异露馅深圳最大城市更新配建保障房项目再推2328套公租房深南路又一地标建筑成记忆三九大酒店将变身“深南一号”深圳舰回“娘家”！市民可网上免费领取登舰门票]]></title>
  <content><![CDATA[终于！迎来了国庆长假后的第一个周末你的今日份“午餐”已送到快快来享受属于你的周末吧！“周末午餐”每个周末的中午，陪你尽知天下事10月13今日天气多云间晴天；气温21-27℃；东北风2-3级；相对湿度55%-80% 深圳市气象台深圳现两例登革热均在同一地点被感染！在深圳生活，你最怕的是什么？作为北方人……大件事君只想说：那一定是打不死的小强还有各种叫不出名字的小虫当然，害怕的还有一种生物蚊   子嗡嗡的烦人声音和大“红包”不是最糟糕的更可怕的是蚊子中的战斗机——伊蚊分分钟传播登革热这两天，深圳的朋友圈疯传着一张微信截图称盐田出现今年首例登革热本地病例▼这真的不是开玩笑！经过相关部门的确认证实的确有两例病例而且病患都曾经出现在同一个地方都在地下停车库被咬10月10日，经深圳市盐田区人民医院、区疾控中心确认，盐田区又新增一例本地登革热病例，患者为39岁男性。该患者已被确认曾经在第一例病例的发现地，即盐田区壹海城 2 期地下停车库内有被蚊子叮咬的历史。此前第一例病患也出现在同一地方。根据调查，患者最有可能的感染源是该地下停车场的蚊子。我们一起来看看到底是不是——现场查验紧急封锁地下停车场▲视频来源于@广东公共dv现场盐田相关部门在对该停车场蚊虫密度进行监测后，发现停车场蚊虫密度ＢＩ值为42，严重高于高风险！目前，该停车场未来几天暂停使用，等待蚊子密度降低到安全值再重新开放。盐田区在近5年也曾出现过登革热病例，最严重的是2014年，有9例，医生表示传播方式主要是，被带有病毒的蚊子叮咬、传播、感染。登革热的潜伏期有多久？登革热的潜伏期（即从接触病毒到出现临床症状的时间）为3-15天，但通常为5-8天。换句话说，如果被蚊子叮咬之后超过2周都没有出现发热或者其他症状，那就不太可能感染了登革热病毒。有以下症状要警惕！及时去就医1/    发烧：突发高热（39℃以上），一般持续3～7天。2/    三痛：剧烈头痛、眼眶痛、关节肌肉疼痛。3/    皮疹：发病后第3-6天，面部四肢出现红色皮疹或出血疹。痒痒，不掉皮， 3-4天后消退。4/    出血：个别病例在发烧5-8天后可能有出血的现象，包括鼻子出血，牙龈出血，皮肤下出血，尿血等。5/    其他：疲劳乏力以及恶心、呕吐等。其中婴幼儿、老人和孕妇是重症登革热的高危人群。如何预防登革热？登革热没有特效药，也没有疫苗，所以重点在于预防。预防登革热的关键在于正确处理传播媒介——伊蚊幼虫的孳生。那么我们应该如何预防呢？1清理积水，注意卫生俗话说“无积水不伊蚊”，预防和清理积水是灭蚊防蚊的重要手段。❶ 清理垃圾死角❷ 清洗积水器皿❸ 装纱窗蚊帐，保持通风干燥2避开疫区，注意防蚊并非所有登革热流行地区都能做好灭蚊防蚊工作，因此应尽量避免在流行季节到疫区旅行，尽量避免在伊蚊孳生地周围逗留（比如杂草区、污水沟、废旧轮胎旁、老树洞、废竹筒、地下室、下水道等等）。3注意个人卫生●  如果前往郊外或树林等地方时应穿长袖、长裤；●  伊蚊喜欢停留在深色衣服上，故应穿浅色衣服；●  皮肤暴露部位可适当涂抹驱蚊剂，降低蚊虫叮咬的风险；●  剧烈运动或大量出汗后应注意洗澡，避免汗味对蚊虫的吸引。目前深圳的登革热指数已经达到Ⅱ级▼所以再次提醒各位深圳市民最近出行一定要防蚊虫这个“包”可不治百病，会致命哦！采写：南都记者 李榕部分内容综合于@ 广东公共DV现场深圳几位老乡抱团买彩票这次有一张4元彩票中了604万10月12日早上，张先生和谭先生来到深圳福彩中心兑奖大厅，淡定拿出一张中奖彩票，按照工作人员的指引有条不紊地办理着兑奖手续。原来，这是一张合买的彩票，其中一名兑奖人更是第二次中奖双色球。张先生表示，他和谭先生是老乡，在一起共事多年，身边有几位同事也喜欢购买福利彩票，想着人多力量大，大家便经常一起合买，每期投注大概几十元。张先生说，自己是从一年前开始接触彩票，不会每期都买，只是偶尔买来玩一玩，抱着做公益的心态，并没有想过要中大奖。这一次也是和同事一起合买，大家都分别选了几注自己中意的号码，自己也选了五注，分别打了几张彩票，没想到其中一张竟中出了大奖。得知这个中奖消息后，便迫不及待地把这个好消息告诉了其他几位合买团的同事。大家都非常意外和高兴，但因为彩票在自己手里，所以一致推荐张先生作为代表来兑奖。（南都记者 张馨怡）深圳地铁6号线二期工程新进展2020年通车10月12日，由深圳地铁集团建设、中铁七局集团第三工程有限公司施工的深圳地铁6号线二期工程翰银区间（翰岭站—银湖站）暗挖隧道双线顺利贯通，成为全线首个双线贯通区间，为后续各项施工节点的顺利完成奠定了坚实的基础。深圳地铁建设总部相关负责人介绍，深圳地铁6号线二期工程线路全长约11.8千米，包括7站7区间，换乘车站4座，线路从深圳北站预留高架桥工程引出，途径龙华、福田、罗湖三区，终于科学馆站。其中翰银区间隧道左右线全长共3666米，为马蹄形断面隧道，采用矿山法施工。该区间是全线最长的暗挖隧道区间。按计划，深圳地铁6号线将在2020年建成通车。（南都记者 张艳丽）深圳女子裆部藏数万欧元过海关走路姿势怪异露馅据深圳海关消息，该关所属沙头角海关近日查获一宗人身绑藏欧元出境案件，共计查获3.6万欧元，折合约29万元人民币。据介绍，10月11日上午8时许，一名女子经“中英街”旅检大厅出境时引起了沙头角海关工作人员的注意。“这名女子走路的姿势像是脚里踩着异物，且感觉一直在远远地瞄着海关关员。”现场当值关员回忆道。在关员示意该名女子停下接受海关检查的时候，该女子反而加快了脚步想要逃离监管区域，最终被关员拦住。据悉，根据有关规定，出境人员携带外币现钞出境，携出金额在等值5000美元以内（含5000美元）的，不需申领《携带证》，海关予以放行，但当天多次往返及短期内多次往返者除外。（南都记者 王睦广）深圳最大城市更新配建保障房项目再推2328套公租房不久前，深圳龙岗区公布了2018年首批户籍在册轮候家庭公共租赁住房认租终审名单，龙岗459套公租房即将开始选房。10月12日，记者从龙岗区城市更新局了解到，龙岗宝吉工业区城市更新项目配建的保障房呈祥花园二期的规划验收，作为深圳目前所有城市更新项目中配建的最大规模保障房项目，两期将提供保障房共5568套。（南都记者 张一鎏）深南路又一地标建筑成记忆三九大酒店将变身“深南一号”10月12日上午，罗湖区委书记贺海涛在已平整一新的三九大酒店原址宣布：罗湖区2018年第四季度新开工项目集中启动；华润深南一号项目奠基。▲原三九大酒店，资料图这表明作为深圳经济特区最早的主干道深南路地标性建筑之一的三九大酒店已成为城市记忆。深圳舰回“娘家”！市民可网上免费领取登舰门票海军深圳舰现代化改装后将于10月17日至20日首次访问深圳，并首次对公众进行集中舰艇开放，活动期间，市民可凭身份证在“大麦网”上登记免费领取登舰门票。在哪里？怎么领？深圳舰赴深圳访问期间将停泊于深圳蛇口邮轮母港码头（南山区海运路1号），市民可于10月15日上午10时登录“大麦网”，凭二代身份证免费登记领取活动电子门票。因受容量限制，本次活动门票数量有限，市民按不同的时间段合计领票5040张，领完即止。领取成功后，市民持二代身份证按时段现场验证可参加舰艇开放活动。“由于军事展区安保需求，未能领取电子门票的市民请勿前往活动现场。疲劳驾驶、涉酒驾驶、超载……深圳交警夜间将严查这些！鉴于近期涉货车死亡事故高发，深圳交警局决定，10月12日起开展代号为“平安守护”的整治行动，主要针对货车、泥头车等重点车辆超载、超速、疲劳驾驶等违法行为，强化夜间特别是凌晨2时之后的道路交通安全管理。（南都记者 陈文才）深圳6岁女童随家人自驾遇车祸全身一半血液流进腹腔9月23日，张博一家四口出游，没想到一家四口所乘坐的小汽车不慎从3米多高的地方坠落，张博和小女儿小雪擦伤，奶奶下半身骨折，而姐姐小雨遭受到剧烈撞击，腹部疼痛不已。由120送至急诊科时，姐姐面色苍白，经诊断，判定为腹部闭合性损伤（肝挫裂伤）、急性腹膜炎、失血性休克、右肺挫伤和右侧胸腔积液。医生打开腹腔探查时发现，腹腔内大量出血，约占小雨血液总量一半以上的血液都流入了腹腔，病人失血性休克，肝脏完全横断，裂口贯穿第一肝门和第二肝门，部分肝组织严重挫伤，成碎裂状，肝内多发大血肿。经过全力救治，目前小雨生命体征稳定，不久后将出院。刘强东章泽天同框刷屏合体出现在英国皇室婚礼当地时间10月12日，刘强东携妻子章泽天现身英国温莎城堡，出席尤金妮公主大婚。这是明州事件后，刘强东夫妇首次露面。28岁的尤金妮公主是女王伊丽莎白二世的孙女，于当日与酒商杰克·布鲁克班克完婚。消息一出，引起广泛关注，立马登上热搜，国内各家媒体纷纷转发报道。造谣北京大象丢失被拘3日10月12日19时许，首都网警发布警情通报称，10月10日，有网民在网上发布“海淀区动物园丢失一头大象的警情通报”，引发关注。经核实，此消息系谣言，对此，动物园和警方及时进行了辟谣。当日，动物园方向海淀公安分局报案。经警方工作，当日22时许，将造谣人员毛某某（男，25岁，北京人）抓获。该人交代称，其为了和微信群成员开玩笑，伪造了警情通报并在群内发布，群成员通过微博进行转发，导致在网上传播。对此，警方依法对其处以行政拘留三日的处罚。男子火车站售票厅插队被制止两次挥拳打倒女乘客10月10日，湖北襄阳市公安局通报，近期在襄阳火车站售票厅，一男子因着急改签火车插队，与前面乘客商议好后，后面排队一女子不同意。因几句不当言语发生口角和肢体冲突，男子两次将其击倒在地。男子被行拘10日。丈夫“失踪”妻子带儿女自杀警方：丈夫造假车祸骗保险金10月10日，湖南新化一名年轻母亲戴某在朋友圈发出一则“绝笔信”。绝笔书中说，丈夫失踪之后她本就很痛苦，更没有勇气承担外界的压力言论，准备带着儿子女儿去和丈夫团圆。▲一家４口曾经的合影。11日上午10点多，戴某花及两名孩子的尸体在一水塘处被打捞出来，符合生前溺水身亡。但令人唏嘘的是，12日当天，其丈夫何某现身。12日晚，警方通报，何某制造车毁人亡假象，是企图骗取保险金，目前已被刑拘。求心理阴影面积！银行晨会开一半一条大蟒蛇从天而降10月12日，广西南宁某银行，一群员工正在开晨会，没想到一条大蟒蛇突然从天花板上掉了下来，险些砸中下方一名女员工，众人吓得四处跑开。南宁野生动植物保护站介绍，蟒蛇约重10斤，是国家一级保护动物，来源仍在调查。广州“开四停四”暂停3周第124届中国进出口商品交易会(即“广交会”)将于2018年10月15日至19日、23日至27日和10月31日至11月4日分三期在广交会展馆举行。广州交警提醒，结合“开四停四”管理措施计算规则，广交会期间，10月15日至11月4日，非广州市籍中小客车可连续在管控区域内行驶。11月5日零时起“开四停四”周期清零并重新进行计算。下架8天后斗鱼终于发声明将永久关闭“陈一发儿”直播间▲“陈一发儿”被指侮辱先烈的视频截图。在国庆七天长假期间，斗鱼APP悄然在各大应用市场下架，南都记者搜索发现，斗鱼在ios中已经无法搜索，而在各大安卓手机应用市场则只能搜到“极速版”。而在下架8天之后，斗鱼直播官方终于发出声明称，下架原因与“陈一发儿”直播间被封禁后仍然有大量礼物打赏，同时表示，“将在永久关闭陈一发直播账号的基础上，彻底取消其直播间，并针对相关责任人给予严肃处理。“（南方都市报）详情 >>学分不达标华中科大18名本科生变专科生2018年华中科技大学有18名学生，因学分不达标从本科转为专科，其中11人已按专科毕业。此前，该校对学分不达标的学生直接给予退学处理。校方表示，这是在退学之外，为学分不能达标的学生提供的一种“人性化选择”。家长没批改作业被老师在群里点名据@人民网，10月11日，网曝江西吉安井冈山经开区学校几名家长，因未批改作业被老师在家长群里点名批评：“昨晚赚了几百万？你这样将来你的孩子和你一样可悲！”言论引起家长不适。目前，校长已向家长道歉。这些事情你怎么看？好了，今天的“新闻午餐”就这些吃饱了喝足了就点个赞哦！点一点嘛！就在右下角☟，爱你哦点赞#讨厌，别摸我，你给我点赞赞#🏃🏃🏃*有什么想说的，也欢迎给我们留言*👀编辑 /刘洋子✪  8755元一平米！深圳一大批“低价房”放出，后续还有这些机会✪  微信将被停用？收到这条短信注意，深圳有人一点收到22条扣款信息✪  深圳这所公校外教“年薪”涨至58.8万由学生分摊惹争议，回应来了点左下角看更多深圳大件事这个午餐你还满意么？↓↓↓]]></content>
  <author><![CDATA[深圳大件事]]></author>
  <time>2018-10-13 12:58:25</time>
  <account><![CDATA[nandusz]]></account>
</data>
