<data>
  <id><![CDATA[50517967]]></id>
  <url><![CDATA[https://mp.weixin.qq.com/s?timestamp=1539596407&src=3&ver=1&signature=Egrj350GoKY8-KUcIJshb*rlG3pE0mbn9hhlZlpcrX*coulNDRllD1QSgd-ysnD1Bgl*mKwEZv7EvAIcDIR2jJ89r9afhUWFt*cpR2j7-XqQ2hT5gy6oaeDogfackFH681PVkQlxnoum*h8oHQSjDEGqHQj97ypN4IiSzo*5WCY=]]></url>
  <title><![CDATA[又有1.5万户深圳家庭有望喜提公租房！新一批房源已在路上，你也能申请]]></title>
  <content><![CDATA[每个月总有那么几天大件事君都在吃着土过日子哪几天？当然是快交房租的那几天啦辛辛苦苦一个月交完房租回到解放前以后五块钱以上的事情都不要找我所以大件事君就绞尽脑汁看有什么办法能让我交完房租之后还能吃一点上等的土……一不小心就发现了这个好方法租公租房这不，最近又有一群人要加入这个省钱的行列了！南都记者12日从深圳市住房保障署获悉，今年1月1日至3月31日，全市共受理15765户公共租赁住房轮候申请。该署对上述申请家庭进行了核查，合格家庭15288户，合格申请家庭名单及相关信息自10月11日至10月25日，在深圳政府在线和市住房和建设局网站公示。先祝贺这15288户家庭呀！不过要注意的是~市住房保障署提醒，对本次公示无异议，以及有异议经复核符合申请条件的申请家庭，市住房保障署将根据轮候与配租办法规定的轮候规则，按照备案回执编号的先后确定其日常轮候排序，载入轮候册，依序排在轮候册末位申请人之后。看到这里你一定想问这进入轮候册到底是干啥的？公租房有什么好处？我要怎么加入！别着急！我都准备好了~~~什么是公租房可能有些小伙伴对公租房不太了解，公租房其实就是▼是指政府提供政策优惠，限定套型面积和出租价格，按照合理标准筹集，面向中低收入住房困难家庭或单身居民出租的具有保障性质的住房。关于公租房：已经具备基本配置，配齐家私即可入住；个人租期首次为3年，可以续租；只租不售，不能转租；配租方式：轮候排队、公开配租（售）、自愿认租（购）、自主选房；根据房源建设情况，分批次集中配租（售）。深圳现在的公租房不仅交通方便，小区管理也不错比起外面每个月动辄两三千的单房价格公租房平均30元/㎡的租金划算得让人动心!一年至少省下1万块！好处那么多，我怎么样才能拿到呢？哪种人可以申请公租房？☑申请人在提出轮候申请之日(含当日，下同)年满18周岁，且具有本市户籍，但投靠子女取得本市户籍的居民不能作为申请人。☑申请人在提出轮候申请之日参加本市社会保险(养老保险或者医疗保险，不含少儿医疗保险等，下同)累计缴费3年以上，申请人具有大学本科及以上学历或者中级及以上职称的，参加本市社会保险累计缴费1年以上。☑申请人及其配偶、未成年子女或者其他共同申请人在本市未拥有任何形式自有住房(含住房建设用地，下同)，未领取购房补贴，在提出轮候申请之日前3年内未在本市转让过或者因离婚分割过自有住房。☑ 申请人及其配偶或者其他共同申请人提出轮候申请时，未租住任何形式的保障性住房(包括廉租住房、公共租赁住房等)。正在本市领取租房货币补贴的，可以申请轮候公共租赁住房，经轮候选房并承租公共租赁住房的，停止享受租房货币补贴。☑  申请人及其配偶无违反国家计划生育政策超生子女行为，或者虽有违反国家计划生育超生子女的行为，但已依法接受处理并自处理之日起满五年。哎哟喂，条件还挺多的啊等条件都符合后就可以开始申请公租房啦具体的“申请流程”是酱紫的↓↓↓申请流程仔细看？1、登陆并注册深圳市住宅租赁管理服务中心深圳市保障性住房统一轮候系统（公共租赁住房轮候申报系统）▼相信我，向下滑动有惊喜▼接下来会进入登录页面首次登录的请先注册一下啦会需要下图所示的这些资料当你们进去以后，点击轮候申请四个选项里选择一个符合你们需求的接下来就是一些资料填写大件事君就不做过多的解释啦~直接来看图吧~当上面的资料都填完以后就需要选择现场受理点提交资料大件事君提示一下申请完后也是在该网站打印轮候申请表2、在线填写并打印《深圳市公共租赁住房轮候申请表》(以下简称“《申请表》”)。3、 网上提交申请信息以后，须通过系统网上预约书面申请材料受理时间，并在线打印《提交书面申请材料预约单》，申请人可以预约到就近的区住房和建设(住宅)局、新区城建局提交书面申请材料。各区住房和建设(住宅)局、新区城建局工作人员根据申请家庭提交的申请材料进行核查，材料齐备且符合规定形式的，予以受理备案，并向申请人出具《深圳市保障性住房日常轮候申请受理备案回执》。备案回执是申请家庭认租深圳市公共租赁住房的重要凭证，请申请家庭务必妥善保管。申请资料区受理窗口负责受理、审核、扫描并保存申请人的所有材料。基本材料：1、深圳市保障性住房轮候申请表(公共租赁住房)(须在系统中完成信息填报后从系统打印)。2、申请人及其配偶、未成年子女、其他共同申请人(及其配偶)的身份证、户口簿(未成年子女可只提交户口簿)或者其他户籍证明。户口簿不能反映申请人和共同申请人之间亲属关系的，应出具其它可证明亲属关系的材料，如出生证、收养证明、公证书或户籍所在地派出所证明等。申请人配偶、未成年子女不具有本市户籍的，可另行提交本市有效居住证。3、申请人及其配偶、或者其它共同申请人已婚的，提交结婚证;未婚的，提供民政部门出具的未婚证明;离异的，提交离婚证明(包括离婚协议书或者法院判决书、调解书);丧偶的，提交丧偶的相关证明材料。补充材料：1、收养过子女的，提供民政部门出具的相关证明。失独家庭须提交独生子女证及相关证明材料。2、申请人参加本市社会保险累计缴费1年以上3年以下的，需提交大学本科及以上学历或中级及以上职称的认证文件。3、申请人或共同申请人属残疾人联合会认定为一、二、三、四级残疾人或经民政部门认定为抚恤定补优抚对象的，须提交相应的残疾、优抚证明材料。4、配偶属现役军人的，提供军官证、士兵证等证明材料。5、子女因服兵役或就学而将户籍迁出本市的，需提交市公安部门出具的相关材料;成年子女就学的，还需提交学校出具的在读证明。6、没有违反国家计划生育政策的，申请时不需提交计划生育证明，但在认租时须提交;已违反国家计划生育政策超生的，申请时应当提交自接受处理之日起已满5年的计划生育证明。温馨提示：以上材料均须提交复印件，同时应将原件交受理窗口核验，复印件需使用A4型纸。然后捏？当你的申请轮候成功以后一般需要等待半年以上才会正式进入轮候库正常来说住建局都会定时在官网上发布拟合格名单（就像这次一样~大件事君不是也发布了）小伙伴们可以定时上去看看哦进入公租房轮候册后的认租方法☑查看公告及配租方案密切注意深圳市住建局或者区住建局发布公租房认租公告——公告中会包含这次申请房源的地理位置、面积大小、租金标准、分配原则、认租时间等信息。认租公告一般长这样▼☑ 提出认租申请符合配租范围及具体条件并愿意认租的在册轮候人，应当在规定时间内向配租单位提出认租申请，其相关轮候排序信息以配租通告规定的截止受理日轮候册的记载为准。☑确定入围名单配租单位应当根据认租申请人数量、本批公共租赁住房房源规模及轮候排序等情况，按照大于房源数量一定比例的原则确定入围户数。☑ 申请人及其配偶或者其他共同申请人提出轮候申请时，未租住任何形式的保障性住房(包括廉租住房、公共租赁住房等)。正在本市领取租房货币补贴的，可以申请轮候公共租赁住房，经轮候选房并承租公共租赁住房的，停止享受租房货币补贴。当认租申请结束后政府相关部门会审核提出认租的申请人并发布有资格认租的拟名单名单也是在市或区住建局官网中查询再过一段时间后就会迎来一份公告，通知申请人去签约具体的时间或安排就需要以公告为准啦网址重复一下http://bzflh.szjs.gov.cn最后一步就是要选房啦配租单位会根据可供房源数量、户型面积和选房名单等，提供自主选房、抽签选房、计算机自动编配等选房方式。看到这里你一定想说那有房源吗？有的~而且很多昨天大件事君已经给大家预告了一波2018年底的了▼而明年~还有一批房子已经在路上了10月12日，记者从龙岗区城市更新局了解到，龙岗宝吉工业区城市更新项目配建的保障房呈祥花园二期的规划验收，作为深圳目前所有城市更新项目中配建的最大规模保障房项目，两期将提供保障房共5568套。而且这不是全部（未来大件事君还会帮大家整理的）最后的最后大件事君自然事要祝福大家早日成功申请到公租房在深圳享受有个家的滋味🏃🏃🏃*有什么想说的，也欢迎给我们留言哦*👀采写：南都记者 张一鎏 孙雅茜部分内容来源于：深圳住建局官网编辑：刘洋子✪ 警惕！深圳现两例本地登革热病例，均在同一地点被感染✪ 微信将被停用？收到这条短信注意，深圳有人一点收到22条扣款信息✪ 年薪起点30万+，南都深圳正在寻找这些人，请对号入座！点左下角看更多深圳大件事这个信息对你有用，别忘记点赞赞↓↓↓]]></content>
  <author><![CDATA[深圳大件事]]></author>
  <time>2018-10-13 22:23:49</time>
  <account><![CDATA[nandusz]]></account>
</data>
