<data>
  <id><![CDATA[50517967]]></id>
  <url><![CDATA[https://mp.weixin.qq.com/s?timestamp=1539596407&src=3&ver=1&signature=Egrj350GoKY8-KUcIJshb*rlG3pE0mbn9hhlZlpcrX*coulNDRllD1QSgd-ysnD1Bgl*mKwEZv7EvAIcDIR2jI4HIsjQowsngImDN1vMimYin4fvAHPOW4BAkuT4gkirhqMtCkk5vCQv8kPl87rPI6luo9iIyOaZAif*y8w1PUA=]]></url>
  <title><![CDATA[九价HPV疫苗终于上新货！深圳这8区明日可注册，17号即刻开抢]]></title>
  <content><![CDATA[9月7号那天发生了一件大事九价HPV疫苗官方预约接种平台首次上线在深圳也能"开打"九价疫苗全市人民都在奔走相告但好多女性朋友却怨声载道为啥？▼因为只开放了六区预约货太少，抢破头！小仙女们想打一针难道真的要等到猴年马月？好！消！息！今天情况有变化，快接住~~~这次！深圳8个区都上货千呼万唤始出来九价HPV疫苗终于到货啦还一到就是8个区还记得9月7号，深圳市疾控中心九价HPV疫苗官方预约接种平台首次上线，由于厂家产能有限，九价HPV供应十分紧张！因为只开放了六区预约，很多小仙女（比如大件事君）抢破头也没能约上。不！过！10月份深圳市九价HPV疫苗已到货，本月可提供预约接种的辖区增加至8个区，分别为——“福田区、南山区、宝安区、龙岗区、龙华区、光明区、坪山区和大鹏新区。小仙女们我们心心念念的九价疫苗已在路上乖乖坐好准备接收啦除此之外也请备好钱包价格看这里：九价HPV疫苗的价格是1323元/支，一次预约默认为你保留三针，在接种门诊按次付费。不过还是得提醒你虽然增加到八个区但货依旧很少（捂脸）备货有限，提前做好"开抢"姿势虽然增加到八个区，但疫苗到货总量仍然十分有限，需较长时间耐心排队轮候。九价HPV疫苗规定的接种人群为16岁-26岁的女性朋友，不在这个年龄段的小仙女儿们，也可以考虑接种二价HPV疫苗或四价HPV疫苗哟。接下来问题来啦小仙女们内心OS▼告诉我怎么预约？怎么预约？怎么预约？☟☟☟“先注册，后预约”模式开启为了方便市民预约，深圳疾控中心这次调整了预约模式，今后将实行“先注册，后预约”的模式。敲敲小黑板眼睛看过来自明早10点起小仙女们可在预约系统注册个人信息，包括姓名、身份证号、性别、年龄、手机号、现住址、接种辖区。千万记得提前注册信息等到预约开放你就可以快人一步直接进入"开抢"模式8 过恭喜已在9月7日试运行阶段录入个人信息的你因为你无需再重复注册，直接"开抢"！温馨提醒❶ 请准确填写个人信息，如果不详细填写现住址，会导致不能提交保存。❷ 预约不限深圳户籍，所有市民都可以预约接种。❸ 预约者需在身份证27岁生日当天前，保证有6个月以上的时间完成三针接种，否则无法完成预约。怎么预约？看这里①/进入预约模块关注公众号“深圳疾控”点击菜单栏“预防接种”选择“成人预约接种”②/阅读用户协议③/录入个人信息，提交保存已注册个人信息！怎么预约？又到了拼手速的时候来来来，4步教你稳步拿下①/在放号时间段，进入预约界面②/选择辖区预防接种门诊③/选择预约时间，并提交④/显示预约成功供应紧张需较长时间还请耐心排队轮候！为此疾控部门提醒大家：现阶段九价HPV疫苗的供应仍非常紧缺，远远满足不了适龄市民的需求，需较长时间排队轮候。有少量9月份预约成功的市民，出现因故取消预约的情况。请市民理性看待疫苗紧缺现况，充分考虑自身情况选择预约。自11月份起，深圳市疾控中心将根据辖区到货情况，安排辖区预防接种门诊按月或按周放号向市民提供预约。除此之外还有这些问题，很多人在问！01什么是HPV疫苗？HPV即人乳头状瘤病毒，与妇科肿瘤的“第二杀手”——宫颈癌的形成息息相关，因为99.7%的宫颈癌病人都可检测到高危HPV的DNA。所以，HPV疫苗又被称为宫颈癌疫苗。它的问世，使宫颈癌成为了目前唯一能通过疫苗预防的癌症。目前全球上市供应的HPV疫苗分为三种：二价、四价、九价。▽02HPV疫苗要多少钱？能用医保吗？① 二价：3针约1800元② 四价：3针约2500元③ 九价：3针共3969元其中，二价和四价的HPV疫苗，从2018年4月10日起，已经可以使用深圳市医保个人账户支付（个人账户余额要超过4488元），还可以刷配偶和直系亲属的深圳医保卡。▽九价HPV疫苗由于刚刚在中国内地上市，尚未纳入医保。但疾控部门已向社保部门申请，请大家继续等候好消息。03我马上就27岁了还能打九价疫苗吗？九价HPV疫苗接种对象为：16岁至26岁的女性。这里说的上限26岁，是指打完三针疫苗时，不能超过27岁！所以如果你第3针还未打就已经27岁，医生就不能给你接种九价疫苗了。但27岁+的小姐姐也不用绝望，你还可选择四价或者二价HPV疫苗。04超过了45岁呢？目前上市的HPV疫苗，适合的最大年龄为45岁（二价和四价）。所以45岁以上的女性，暂无HPV疫苗可打。但大龄“女青年”们也不用太担心，毕竟宫颈癌是可以筛查的。即使感染了HPV，有很大机会在还没发展到宫颈癌的时候，在癌前病变时就被发现并及时“掐灭”。定期进行宫颈癌筛查即可。0520-25岁的小姐姐选哪一种疫苗好？3种HPV疫苗都覆盖了20-25岁这个年龄段，选哪一种都可以。06有过性生活还可以打吗？有过性生活，甚至是生过娃的女性，并不一定感染HPV，只要在适龄范围内，都可以接种HPV疫苗。07如果感染了HPV还有必要打吗？有必要！现有的疫苗可预防多种类型的HPV感染，女性同时感染疫苗所包含的所有型别的可能性很低，即使感染了其中一种型别，疫苗对于其余型别仍有很好的保护作用。08以前打过二价/四价还可以打九价疫苗吗？其实3种HPV疫苗，打了任意一种就行，没必要重复接种，四价疫苗已对84.5%的宫颈癌有了保护效果。如果已经打过3剂四价HPV疫苗，还希望再接种九价HPV疫苗的，至少需要间隔12个月，且九价疫苗也要打满3针。如果只打了接种过一、两针的二价或四价疫苗，想中途转为九价疫苗呢？有关三种HPV疫苗互换使用的安全性、免疫原性或效力的资料十分有限。所以，最好不要混打，各剂次使用同一种疫苗。09来M期间可以打HPV疫苗吗？月经期可以接种HPV疫苗，接种后也可以有性生活。10打完第1针发现怀孕了会不会对胎儿有伤害？没有影响，可以继续怀孕。但为了胎儿安全，在目前证据不充分的情况下，不建议在孕期及哺乳期内继续接种剩余的HPV疫苗针次。11接种前有必要检测HPV吗？没必要。一般情况下，极少有人感染的病毒亚型与所接种的疫苗完全吻合。因此，即便感染了其中一两种亚型，接种疫苗依然能预防其他亚型的HPV。即使感染过HPV，也可以接种HPV疫苗。12HPV疫苗后还需要筛查宫颈癌吗？打了疫苗，并不能保证不会得宫颈癌。因为目前的3种HPV疫苗都不能100%预防宫颈癌。所以，无论打过哪一种HPV疫苗，仍然要定期进行宫颈癌筛查。13HPV疫苗可以保护多久？HPV疫苗在最早的欧美国家上市还不满十年，跟踪研究发现，接种过的人群，目前体内还存在保护性抗体。保护效果还能延续多长，需要继续跟踪验证。14这6类人不建议打HPV疫苗① 孕妇。本身处于敏感时期，不能随便用药，更不用说注射疫苗了，可能会对腹中胎儿造成影响，但目前无具体研究数据。② 备孕女性。医生建议，HPV疫苗三针注射完毕后，1-3个月内最好不要怀孕。③ 感染疾病者。如果接种时，有急性严重发热疾病，应该推迟接种。④ 男性。目前中国内地上市的HPV疫苗只针对女性进行了临床试验。因此男性按规定是不允许接种的。⑤ 疫苗成分和辅料过敏者。如果HPV疫苗中的活性成分或辅料诱发过敏，那会惹来很大的麻烦，比如过敏性休克等。⑥ 使用过免疫球蛋白或血液制品者。接种九价疫苗前三个月内，应避免使用免疫球蛋白或血液制品，如已经使用过相关物品则推迟接种。如果你还有其他疑问可以联系深圳市、区疾控部门▽觉得这信息对你有用给小编姐姐点赞哦！🏃🏃🏃*有什么想说的，也欢迎给我们留言哦*👀采写：南都记者 李榕资料来源：深圳市疾病预防和控制中心编辑：雷宇✪ 逾亿股权被0元拍卖！深圳一法官玩忽职守被判刑，牵涉多名司法人员✪ 明年入学要迁至40公里外读书？深圳这所名校一则公告引家长不满✪ 年薪起点30万+，南都深圳正在寻找这些人，请对号入座！点左下角看更多深圳大件事这个信息对你有用请点赞！↓↓↓]]></content>
  <author><![CDATA[深圳大件事]]></author>
  <time>2018-10-11 22:36:06</time>
  <account><![CDATA[nandusz]]></account>
</data>
