<data>
  <id><![CDATA[50517967]]></id>
  <url><![CDATA[https://mp.weixin.qq.com/s?timestamp=1539596407&src=3&ver=1&signature=Egrj350GoKY8-KUcIJshb*rlG3pE0mbn9hhlZlpcrX*coulNDRllD1QSgd-ysnD1Bgl*mKwEZv7EvAIcDIR2jJEQJfg*4oGAh3kf1vTKIjl5ApIRi3qwzuErND1pp2KndoFQ7-EbBNwiAO1EjqlRivKlcz1*14yvFH1tPEx-mH0=]]></url>
  <title><![CDATA[深圳这所公校外教“年薪”涨至58.8万由学生分摊惹争议，回应来了]]></title>
  <content><![CDATA[前两天大件事君报道了这样一条消息戳图阅读原文▽▲是的！起因就是一则家长群里的通知很多网友留言提出了质疑！“外教队伍鱼目混珠，有资质吗？”“丹堤实验学校外教的年薪依据是什么？”“这工资听说比在加拿大当中学教师还要高”昨天（10月11日）下午丹堤实验学校方面对网友的疑问进行了回复快一起来看看你的疑问得到解答了吗？事件简单回顾9月13日下午6：20时深圳公办学校丹堤实验学校一班级家长群中的一则通知引来了家长们激烈的讨论通知称——由于课时变多、汇率走高人民币贬值，外教的费用增加至加币11万/年（人民币约58.8万元/年），今年每个学生收取7000元，后来根据人头具体核算后，每个学生仍需补交1000元，合计8000元（部分家长称去年是5000元）。嗯~“外教”“高薪”“家长均摊”这些词汇让网友们疑问不断1疑问一：外教队伍有资质吗？校方：丹堤实验学校中加班的外教全部是由加拿大列治文市教育局选派的具有硕士学历及教师资格证的优秀一线教师。在外教资质上所聘外教全部具备如下资质：• 毕业于正规院校，获得学士学位，并经过一年教育培训，取得教育学士学位；• 具有加拿大本土以外的英语教学经验；• 在深圳市公安局出入境管理局指定的医院进行体检，获得了工作要求的身体健康证明；• 已在国家外专局备案，取得《中华人民共和国外国人工作许可证》。2疑问二：丹堤实验学校外教费用标准是什么？校方：中加班所有学生均是家长自愿选择就读，家委会负责日常事务管理，凡和费用有关的工作和事务，均由家委会处理。外教费用由两部分组成：• 一是支付给加拿大列治文市教育局的费用为11万加币（约58.5万人民币），用于支出外教的招聘、工资、税收、保险和业务指导等费用；• 二是外教在中国的住宿费和一个学年一次往返机票、以及在中国的医疗报销和伙食补贴等。3疑问三：丹堤实验学校外教工资比加拿大本国高？校方：在加拿大个人工资是隐私，出于尊重外教隐私，平时和丹堤实验学校的外教也不聊工资的话题。外教在加拿大本国就能找到一份薪水不错的工作，来中国需要克服水土、生活习惯、与家人分离等困难，如果学校提供的薪水不具有吸引力，外教不可能过来。4疑问四：外教上课确实对学生英语水平有帮助吗？校方：中加项目实行形成性评价与总结性评价相结合的评价方式，学生除了平时的作业档案之外，外教每学期会对学生进行一对一的口语测试与书面评价报告，每学期学生还要接受学校的统一考试。每学年5月份，加拿大会对学生进行ESL测试（包括阅读、语法、口语和听力），按照加拿大ESL标准，了解每个年级学生所处的英语水平登记。这样多方面评价与测试既能让学生适应中国的评价体制，也能更好吸取加拿大教学中的优势。此外，龙华区期末调研也会对学生的英语能力进行考察。所以你的疑问得到解答了吗？也许你还有其他疑问~还记得吗~之前龙华区教科院负责中加班项目的张文华博士曾经集中答疑过一次▼❶    丹堤实验学校此项收费是否合理？答：2013年，龙华区教育局和加拿大列治文市教育局签署深度教育合作协议，协议内容包括教师培训和开设中加班等。丹堤实验学校的中加班是基于这份协议开办的，是龙华区教育局为辖区学生提供的特色国际教育资源，在家长自愿的条件下选择让孩子加入。目前，丹堤实验学校的中加班已开办了两届，学校在开学的家长会上都对中加班的收费予以说明，家长对收费情况知情。而且，中加班所有的费用通知和收取都由家委会来经手，直接打到加拿大列治文市国际项目部账户上，学校没有参与。综合来说，丹堤实验学校中加班实验项目基于和家长协商好的前提，整个流程是合理的。❷   外教课太多是否会影响中考其他科目成绩？答：是否会影响中考，现在还无法下定论。“老师说如果不交可以选择去非中加班，或者让愿意来中加班的孩子加入，大家的费用会减少。❸   由于中加班班学生人数较其他班少，家长疑问这是否是变相强制交费。答：初二年级中加班的收费情况是一年7000元，今年学生减少了两个，所以平摊的费用每个学生增加了近千元。另外，加入中加班是基于自愿的原则，家长有随时退出的权利。不知道这些解答你们都满意不？不如一起来聊聊这件事你支持谁呢？🏃🏃🏃*有什么想说的，也欢迎给我们留言哦*👀采写：南都见习记者 陈蓉编辑：刘洋子✪ 真真扎心！广东薪酬报告出炉，深圳6连冠！最赚钱的竟然是这些行业✪ 未使用时突然炸裂？深圳女子网购玻璃电水壶，半夜割伤丈夫大腿✪ 年薪起点30万+，南都深圳正在寻找这些人，请对号入座！点左下角看更多深圳大件事这个信息对你有用，别忘记点赞赞↓↓↓]]></content>
  <author><![CDATA[深圳大件事]]></author>
  <time>2018-10-12 22:30:59</time>
  <account><![CDATA[nandusz]]></account>
</data>
