<data>
  <id><![CDATA[50517967]]></id>
  <url><![CDATA[https://mp.weixin.qq.com/s?timestamp=1539596407&src=3&ver=1&signature=Egrj350GoKY8-KUcIJshb*rlG3pE0mbn9hhlZlpcrX*coulNDRllD1QSgd-ysnD1Bgl*mKwEZv7EvAIcDIR2jDhYpfu9aTZr2C2f7Y6HJDggdc-MWUCCNxTlYHlaEqPORkqf7yRATVO0aLWtHh8be31anZGcvHpDQjnMIunsDmc=]]></url>
  <title><![CDATA[我把要约我吃饭的帅哥拉黑了！因为这件事他彻底得罪我了|树洞]]></title>
  <content><![CDATA[人与人相处最怕的是什么？昨晚问题一抛出就收到许多网友的留言。根据路小路的观察“背地里遭人暗算”是人与人相处，最最害怕的事情所谓明刀易躲 ， 暗箭难防遇到心术不正的人那就是埋了一个雷或挖了一个坑相当危险，防不胜防▽-1-最阴险的是背地里捅刀子的最怕背地里插刀的人。毕竟明枪易躲，暗箭难防！有啥事明面上来，little man——@吕朋不怕真小人，就怕伪君子。——@№.1拥有°明刀易躲，暗箭难防 ！往往身边最了解你的人挖坑给你跳，他内心已经拉黑你！接下来做的每一步都是他问责的借口。有的人拉黑看的见，看不见的拉黑更让人难受——Chena🙏点评：遇到这种人确实很可怕。这是戏精的最高级别。宫斗剧能那么好看也是背后使坏的人。宫斗剧为啥那么解恨是因为好人用智慧战胜了他们。所以怕归怕，切不可丢了智商。-2-被误会是表达者的宿命误会让人心累！就如我跟我同事，我费了那么多心思做了那么多事，对方能360°旋转再旋转扭曲我的意思。好吧，不懂那我就耐心地解释到你懂为止，幸好同事也耐心听完了，最后他对我的误会更大了。真的聊不下去了，再聊就要出事了。——@江边校花人与人相处最怕就是误会，简单点，别想太多，不要去猜对方。——@จุ๊บlily💦คิดถึง人与人交往最怕猜忌。猜忌令人烦恼，无事生非。本无意间的言语和动作可能被猜忌理解为恶意……——@Kelvin He最近和闺蜜闹掰了。我静下心来想一想，其实都是误会。只是都懒得解释。懂我的人自然会懂我，不懂我的人也说明我俩三观不合。——@陈家有女初长成点评：马东在《奇葩说》里说过这么一句话“被误会是表达者的宿命”。误会应该是人与人相处时不可避免的错误。但遇到误会，我会主动解释，因为解决误会的最快方式是沟通，沟通解决不了，才让时间出手。很多人总以“懂我的人自然会懂我”这种悲悯的姿态来处理误会。首先，这出发点就不是想要处理问题，只是想着对方来跪舔自己。其次也没有其次了。都不想好好解决问题，那就继续误会下去呗。-3-不信任重伤了有心人人与人相处最怕就是不信任。特别是至亲之间。我父母总是不信任我。我办任何事都要掺和一脚，质疑我办事的能力。刚毕业来深圳办理入户，每天都会接到爸妈轮番打来10几个电话。因为觉得我没办理过入户啥都不懂，所以强行要来教我。最可笑的是，其实毕业生在深圳办理入户就是很简单啊，我父母竟然还责怪我办事缺乏经验，把事情想得太简单了！最后户口拿到了，父母还说是因为我遇到了好人，没人刁难我，要不就我这种办事态度绝对办不成。一口老血~——@扎心的小强真的就怕不信任。一方在怀疑找证据，一方在极力掩饰，两个人的相处就好像在打游击战。——@苗苗最烦的就是那种戒备心很强的人，你和TA说句话，问个事，TA以为你要干什么似的！人和人应该简单点，不要对别人使套路，也不要怕被套路！——　　　戏颜 ℃当然是不信任啦，《如懿传》里皇帝和皇后最后不就是败给了不信任。我老婆就非常信任我。我有时候应酬到很晚回家，一句话都不说我。只是会在微信上留言：“哀家乏了，回来把桌上那碗毒汤给喝了！”谢皇后娘娘垂爱，小的夜夜干下您这碗护肝护肾的毒汤，觉得很幸福。——@柯基是个小傻瓜读书的时候最讨厌老师跟我说：“这作业是你自己做的吧！”我费了那么多心思做，最后就得到你这句话，能不能抛开你的成见，好好地相信人。——@堵的心慌点评：经常会听到有人说“别人不信我就算了，你还不信我，你太伤我的心了”。可见，最怕的是最亲近的人或自己最信任的人不相信自己。有些人总是打着“我是为你好”的旗号管着别人，但信任是对一个人最正能量的爱，没有信任的爱是畸形的。-4-不真诚浪费了我的精气神微信里删除了很多好友 ，因为大家都是萍水相逢，泛泛之交，说白了就是我不认识你，所以我删了你。但我也拉黑了一些人，注意不是删除是拉黑。这些人不是我不认识的人，是那些不真诚的朋友。例如之前交了一位特别聊得来的老乡朋友。他也经常说要一起约出来吃饭，一起回老家。有一次周末，作为女生的我主动约他出来吃饭。他说没空下次约我。我也不介意，在深圳打拼的人大家都很忙。之后我又约他，他又没空，傻叉的我约了他三四次他一直没空。后来我也不约他了。他在多次婉拒我的邀约后也一直没约过我。这位男生经常自己开车回老家，有一次我跟他抱怨过年买不到回家的车票。好家伙，第二天他就自己开车回老家了，过问都不过问一句。我想说既然大家没那么好，又为何一直说要约吃饭约回老家呢，说者无意听者有心，我真诚待你，你又何必作践自己的嘴巴，老是放一些屁话呢。一句话，讨厌不真诚的人，这些人的存在简直是浪费有心人的精气神！（小编这句话麻烦帮我加粗）——@小丸子跳跳熊路遥知马力日久见人心！人与人之间最怕不真诚。有些朋友一开始特别粘着你，各种甜言蜜语海誓山盟，但只要哪天他求你个什么事情你没帮到他，变脸比变天还快，立马不理你。这种人看哪里远给我滚远点！——@笑对人生路点评：真诚是一种美德。不需要所有人都喜欢我，但我希望你真诚地对待我，你可以真诚地不喜欢我，但也不要虚伪地说爱我。-5-装*是人际交往中最大的笑话人与人相处最怕装*。前几天看到一则新闻，说一个男的超市撞见了他的前同事，令他诧异的是，他刚刚才评论点赞了这位前同事在迪拜度假的朋友圈，没想在超市见到她。和她简单地打完了招呼之后，没几天，男子发现他已被前同事拉黑了。——@小龙虾人与人相处最怕装*，我以前有一个室友，总是跟我说国内的隐形眼镜她用不惯，她喜欢去香港买日抛的，结果我在她的房间里发现了用了好几个月的所谓“日抛”的隐形眼镜。——@紫薇点评：我也分享一下自己的经历。以前有个舍友。厉害了！每天都要把她所有A货的鞋、包包、化妆品摆好，拍下来发到朋友圈，装着自己是个名媛。后来我帮走了，我坚决不拉黑她，因为我就想静静看着她装*，偶尔给她点个赞。其实这类人活得极其辛苦——他们既要费心费力的去撒谎来彰显自己的调性，又要绞尽脑汁的不断去圆谎，一旦被撞破便会觉得尴尬无比。人们总会有自己的虚荣心，但是不要为了虚荣迷失了自我，人与人之间谦虚低调一点不行吗？-6-没有尊重何必要跟他废话人与人相处最怕不尊重。父母之间，夫妻之间，同事之间，陌生人之间的交往都需要彼此尊重。生活中不尊重的戏码随时随地上演。比如爹妈不听孩子的建议；夫妻之间互损互拆台；领导对下属破口大骂；对服务行业的人大吼大叫这些等等都是不尊重。人与人之间地位、收入、级别都可以有悬殊，但生而为人就应该平等相待，互相尊重。——@多多大王以前的老板总是在大庭广众下说我胖，说“小美，你要减肥要不嫁不出去”、“小美，你少吃点太胖了”一开始总觉得是老板在关心我，我也不在意，可是慢慢地我就变成了一个化解开会尴尬的话题。只要没话说，话锋就会转向我。有些事情说一次那叫玩笑，说两次那还是个玩笑，说20次那就证明你在他眼里就是一个笑话。我很生气，在老板的带领下，全体员工对我胖的不尊重。——@我是一条胖胖的锦鲤点评：尊重是一切交往的基础。没有尊重又何必跟人多费口舌呢。人与人相处说起来简单做起来很难！因为人心很复杂的。但说到底保持一个善良心、真诚心、尊重心去对待每一段关系不苛求双方要特别投缘但起码这段关系能够让彼此舒心同意我的观点，请点赞！不同意我的观点的，也为自己的看法留个言，点个赞！一起来投票吧！🏃🏃🏃*有什么想说的，也欢迎给我们留言哦*👀编辑：陈璐璐设计：陈   芳✪ 刚到深圳第一家公司，我想跟每个人搞好关系，却傻傻得罪所有人|树洞✪  相亲对象一开口，我就跪了！这句话可以载入相亲史册 | 树洞✪  粉丝怒怼：找这种人结婚，简直就是浪费户口本纸！| 树洞点左下角看更多深圳大件事一言不合就点赞↓↓↓]]></content>
  <author><![CDATA[深圳大件事]]></author>
  <time>2018-10-14 22:26:47</time>
  <account><![CDATA[nandusz]]></account>
</data>
