<data>
  <id><![CDATA[50517967]]></id>
  <url><![CDATA[https://mp.weixin.qq.com/s?timestamp=1539596407&src=3&ver=1&signature=Egrj350GoKY8-KUcIJshb*rlG3pE0mbn9hhlZlpcrX*coulNDRllD1QSgd-ysnD1Bgl*mKwEZv7EvAIcDIR2jIkubLATFzTRjPYIZZFFw7L9SMPzqP6Ft-3dBCalVU7es8vGeqOoqTZXH9kONuIFZzdoJSoCmPkMtatdvAssjz0=]]></url>
  <title><![CDATA[锁好垃圾车被一消防员强行锯开倒垃圾，深圳61岁清洁工气到脸红]]></title>
  <content><![CDATA[9月26日，吉华街道专职消防队的消防员用电锯锯断一位61岁清洁工的垃圾车门，不知道情况的还以为垃圾车门被锁死，消防员在帮清洁工打开但实情却不是大家想的那样清洁工是故意把门关上不让他们倒垃圾消防员才将其强行锯开看到这一幕，站在一旁的清洁工气到脸都发红了双方为何把关系闹得如此僵老清洁工向记者吐槽他内心积压了8个月的委屈△老清洁工所指的地方，挂锁的门把被锯断了。61岁清洁工：消防队的垃圾不在他负责的范围今年61岁的廖先生是龙岗区剑锋清洁服务有限公司的一名清洁工，主要负责吉华街道甘李三路几条街道、人行道的清扫保洁工作。据廖先生反映，从今年2月份开始，吉华街道专职消防队的办公区域在甘李三路落成后，便出现了尴尬的现象。他指出，消防队每天将几大桶生活垃圾堆放在其所在的工作区域，而对于街道部门的生活垃圾一般都由街道市政中心统一接收，并不在其职责范围之内。这一来就给老人家带来了巨大的工作量。之后，他便向清洁公司汇报了此事。“当时的温主管（当时任该区域的清洁主管）说会给我工钱，叫我先给消防队倒，”廖先生说。但不久后，温姓主管就从公司离职了，廖先生也从没有收到一分钱工钱。廖先生觉得不对劲，便又多次向公司询问工钱一事，但公司表示对此并不知情。无奈，找温主管他不管，找公司管也不理，老人家便径直去消防队讨要工钱。找了几次、闹了几次，但得到回复竟是: 要钱就到街道办要去”。9月23日，原本一肚子气的廖某发现自己放在消防队围墙边上的水瓶等物品不翼而飞，他怀疑是消防队的人故意针对他，将水瓶等物品收走了，他便一气之下将门口的垃圾车锁了。消防员强行锯断垃圾车门老清洁工气得红了脸南都记者了解到，吉华街道专职消防队目前有近50人，每天都会产生一两大桶的生活垃圾，由于院内没有设置垃圾中转站，每天的垃圾只能往外扔。随着垃圾车被锁，一连几天下来，消防队的生活垃圾因没法顺利倾倒，只能堆放在廖先生的垃圾车旁边。廖先生说，垃圾太多时，桶里装不下的就掉在路上，到处都是。廖先生反映，9月26日上午，他将垃圾车停在消防队外面的人行道上，并将垃圾车锁好，准备下班。这时候，三位身穿迷彩服的消防队员从院子里面出来，一人领着垃圾袋，一人扛着一把锯子就到了他跟前，双方刚接上话，那位扛电锯的队员就发动了电锯，举起电锯就对着垃圾车其中一个门把手给锯了下去，不一会小指粗的门把钢条被锯断，队员打开垃圾车门将垃圾扔了进去，转身便扬长而去。看到眼前的一幕，廖先生又气又怕，脸都红了。采访当天，南都记者来到吉华街道专职消防队的门口，记者发现门口右侧人行道上摆着一个巨大的黑色垃圾桶，上面印着“吉华市政”的字样。廖先生告诉南都记者，那天据垃圾车的事情发生后，他就把车停在对面马路绿化带上。顺着他手指方向在50米开外的一处绿化带里确实停着一架银白色的垃圾车， “而这里才是原先清洁公司指定放垃圾车的地方，”他指的是消防队门口的人行道。△老人怕垃圾车再遭破坏，把它藏马路对面的在绿化带里。原来是因为钱的问题双方起了矛盾那清洁工的钱到底该谁来付呢？清洁公司：收钱由公司收，轮不到个人收廖先生所在公司龙岗区剑锋清洁服务有限公司的经理胡女士表示，他们不存在收钱清除垃圾一说，但不排除一些员工会利用闲暇时间给一些单位做清洁保洁工作，收个一百八十的也都有。但对于消防队垃圾处理一事，该公司并不存在收钱的可能。她表示，尽管该消防队的生活垃圾并不在他们公司此前中标的清洁范围内，但是由于是街道的单位，他们还是会积极处理的。胡女士得知廖先生向消防队提出要收钱一事表示，只要让公司知道廖先生在消防队拿到钱，拿多少将会在工资上扣多少，就是要收钱也是公司收，也轮不到个人去收钱。这时一直在旁边听着的廖先生又急红了脸地说：“那我不干了。”说完气冲冲地走了。老人的垃圾车除了挂锁的把手被锯断外，没有其他破坏。目前，廖先生在清扫时仍在使用该垃圾车，只是看到那个断了的门把手时，老先生就会想起自己曾默默付出的8个月，觉得很难受。消防队本来有由街道市政中心负责其垃圾的接收直接让他们接收得了为何非要丢到门口垃圾箱把大家搞得如此矛盾尴尬消防队：院里没设垃圾管理处市政中心收垃圾太早不方便日前，吉华街道专职消防队相关负责人魏先生接受南都记者采访时表示，上个月底，确实发生了与同清洁工不愉快的小冲突，目前，经由街道市政中心调解，双方已经达成和解，并确定了，该消防队日后的生活垃圾将由市政中心统一接收处理，不再由老人处理。“这里面有太多的误会了，”魏先生说。双方矛盾爆发的起因，是老人放在围墙下的东西被收了，但魏先生明确表示，“这并不是消防队干的。”据他反映，自从消防队在甘李三路落成后，队里便与老人相识，到慢慢相熟，队里上下都对老人关照有加。平日里，队员会将院子里的水瓶子、旧报纸、书籍收集起来给老人去换个酒钱，也经常将食堂里剩下的饭菜主动给老人。他透露，一般人并不能随便进出院子，但老人却是个例外。据魏先生反映，专职消防队由于是街道下属单位，因院落并不大，人员不多，所以院里没有设置管理处，也就没有专门的垃圾处理员，垃圾倾倒主要靠每天值日的队员。还因市政中心统一接收垃圾的时间在每天的凌晨四五点钟，这对消防队员来说极为不方便，所以才会将垃圾倒在消防队外的马路边的垃圾桶里。但垃圾桶毕竟很有限，无法容纳那么多垃圾，“有时候垃圾桶装不下，只能堆在旁边。”而负责附近清洁的廖先生的垃圾车则在不上班的时候就会停放在消防队门口的人行道上，久而久之，消防队就将垃圾倒进垃圾车里，省了不少事。那么，他们对于消防员锯断垃圾车门是一种怎样的态度呢？、今后垃圾又将作何处理跟老人家赔礼道歉垃圾由街道市政中心统一收取据魏先生说，一开始，老人家挺乐意的，但不久前，老人就上队里闹了，还讨要工钱，“我们被他弄得一头雾水，”之后老人家还不让倒垃圾，情急之下，几名年轻冲动的队员才干出据垃圾车的事。对于老人态度的转变，记者追问魏先生“是否跟此前答应过给老人工钱有关”，但魏先生并没有正面回答记者。他表示，目前经由街道市政中心协调，今后消防队的生活垃圾由街道统一接收处理，清理时间是上午9点前。同时，该队还对损坏老人垃圾车的队员进行教育批评。10月9日，魏先生代表消防队向廖先生老人家赔礼道歉，并获得老人的谅解。🏃🏃🏃*有什么想说的，也欢迎给我们留言哦*👀采写：南都记者陈文才编辑：陈璐璐✪ 深圳近500业主搭板隔层被认定违建，仍有多个“买一层送一层”公寓在售✪ 金九银十？不存在的！深圳多处新盘入市，开发商降价走量仍卖不动✪ 又一股冷空气今夜到达！深圳下周降温+降雨，又到了乱穿衣的季节点左下角看更多深圳大件事这个信息对你有用，别忘记点赞赞↓↓↓]]></content>
  <author><![CDATA[深圳大件事]]></author>
  <time>2018-10-15 13:26:45</time>
  <account><![CDATA[nandusz]]></account>
</data>
