<data>
  <id><![CDATA[50517967]]></id>
  <url><![CDATA[https://mp.weixin.qq.com/s?timestamp=1539596407&src=3&ver=1&signature=Egrj350GoKY8-KUcIJshb*rlG3pE0mbn9hhlZlpcrX*coulNDRllD1QSgd-ysnD1Bgl*mKwEZv7EvAIcDIR2jJ89r9afhUWFt*cpR2j7-XowxPFKjGXHVaAtZXnQhVP*gXj1KhaG0SilA29p0eRV-Vmv-ZcDimsXjSzcyG68bIc=]]></url>
  <title><![CDATA[深圳一公交司机突发脑梗，晕倒前他做了一个决定，保下全车乘客！]]></title>
  <content><![CDATA[如果你在开车时突感不适会先怎么做想到自己还是他人？别以为这是纸上的考题！这件事就发生在深圳一辆载有30多人的公交车上而突然不适的就是开车的司机：魏师傅监控视频曝光▼在不适的同时魏师傅不但停稳了车、还疏散了乘客随后他口吐白沫不省人事，被紧急送往医院至今还未醒来行车途中，突感不适这一幕，发生在10月1号上午十点半左右。当时，东部公交司机魏师傅，驾驶着坑梓开往福永的E33线路公交车，沿着龙岗大道行驶。当车子快到双龙地铁站时，魏师傅突然感觉到身体严重不适，车上是满载着的乘客，车前面不远处是大量的行人，这个时候，魏师傅选择立即将车停下。▲图片来源于深广电第一现场萧先生是魏师傅的前同事，当天正好乘车出行，他亲历了魏师傅突发状况的整个经过。萧先生：他先拉手刹，停在站台前十米远的地方，说自己头晕。他告诉记者，魏师傅忍着巨大的痛苦，将车子停下之后，马上向他求助。之后，魏师傅从驾驶位走出，在一旁的座位上休息。萧先生则按照吩咐，打开车门疏散乘客。等车上30多名乘客都安全下车之后，萧先生才反应过来，魏师傅为什么要选择在进站前临时停车。萧先生：他意识到他自己往前面开有多危险，他就没有进站，他跟我说头很晕，当我打电话E33队长那里时，魏师傅就突然之间口吐白沫了。紧急送医，至今昏迷萧先生介绍，魏师傅从一开始的清醒到病情加重，只有前后十几分钟的时间。等120救护车送到龙岗中心医院之后，魏师傅已经陷入昏迷，不省人事。当天晚上，魏师傅的妻子唐女士闻讯，立即从老家湖北赶来。听说丈夫在倒下前还坚持停好车疏散乘客，唐女士说，丈夫一直以来就是这样的人。魏师傅的妻子唐女士：他就是个热心肠，经常跟我说吃亏是福，我们平时很少打电话，他上班比较忙。唐女士说，魏师傅今年46岁，平常身体很好，没有出现过异常。原本一家人约定国庆假期见面，但由于魏师傅要值班，就只好改期，没想到丈夫却发生意外。据了解，经过医院的前期救治，魏师傅已经脱离危险期，病情趋于稳定，但目前尚未苏醒。▲图片来源于深广电第一现场唐女士说：“在ICU病房，每天的花费要上万元，我们都是东拼西凑的，手术费还欠着。”车队已经发起募捐记者从东部公交车队得知，魏师傅三个月前才入职。家中有年过七旬的母亲，还有两名正在上学的孩子，家庭经济紧张。魏师傅的举动感动了身边的同事，在他昏迷的这段时间，公司也组织大家募捐，截至10月8日已筹集到的2万多元，已交到唐女士手中。说到这里大件事君不禁要呼吁公交司机的身体健康不容忽视而这样惊现的一幕并不是第一次出现1深圳司机行车途中突发心肌梗死2017年5月4日，深圳一公交司机在驾驶途中突发心肌梗死，为了不影响乘客安全和路面交通，司机师傅坚持将车辆一路开进公交站台停靠，并顺利将车上的几十名乘客安全转乘。后因及时手术，转危为安。2深圳女乘客危急时刻救了一车人2017年3月13日晚间，在罗湖辖区彩虹桥由西往东方向，一名公交车司机载着乘客在行驶过程中身体不适失去意识，车辆失去控制撞向路边一辆自行车，车内一名女乘客发现情况危急，在司机无法继续驾驶的情况下，及时上前刹车制动，将行驶中的公交车停驶，阻止了更大伤亡事故的发生。公交车司机的状况会影响到一车人的安全但总有些事情 出乎意料如果司机在突发疾病、影响安全行驶时应该怎么做呢？司机应急指南①需在第一时间将车辆安全停靠，并打开车辆双闪；②向乘客解释停靠原因，再安排乘客下车到安全区域，等待后续车辆转乘；③驾驶员也需在身体状况允许的情况下， 致电车队进行情况汇报。当然大件事君在此也提议1.公交公司应当制定上岗前体检政策并合理安排司机的工作时间；2.如果司机上车前感到不适，也勿勉强带病工作；3.作为乘客，若发现司机不适，请尽量协助司机完成车辆停靠。关注公交驾驶员的身心健康需要社会的共同努力维护司机的身心健康就是在维护一个城市的交通安全在给坚持到最后的魏师傅点赞的同时如果愿意，也请你伸出你的援手！🏃🏃🏃*有什么想说的，也欢迎给我们留言哦*👀内容综合自：看看新闻、深广电第一现场、深圳新闻网编辑：刘洋子✪ 警惕！深圳现两例本地登革热病例，均在同一地点被感染✪ 微信将被停用？收到这条短信注意，深圳有人一点收到22条扣款信息✪ 年薪起点30万+，南都深圳正在寻找这些人，请对号入座！点左下角看更多深圳大件事为保障大家安全的为师傅点赞，希望早日恢复健康↓↓↓]]></content>
  <author><![CDATA[深圳大件事]]></author>
  <time>2018-10-13 22:23:49</time>
  <account><![CDATA[nandusz]]></account>
</data>
