<data>
  <id><![CDATA[67970070]]></id>
  <url><![CDATA[https://mp.weixin.qq.com/s?timestamp=1542275519&src=3&ver=1&signature=exT3q1g5TTE2ADc1anrcE7ZRJr5026Wc3mNqPs7R3ki-eT0dTrDj0LCcH2fM8qIcEOcmE*okzPAbdyblO047FoSB1n*VszXLoYsdg5RvpTI4swq5jUs8gZlbq045h*tUNlpl1pk9Y0Iab*wQHLeIlU3k33hf-Qkx3Y4qrZYCJ0c=]]></url>
  <title><![CDATA[新买的筷子这样处理一下，一辈子都不发霉不生菌，家家户户都需要！]]></title>
  <content><![CDATA[视频在WiFi下观看]]></content>
  <author><![CDATA[四川每天]]></author>
  <time>2018-11-15 10:01:56</time>
  <account><![CDATA[sic2233]]></account>
  <image><![CDATA[]]></image>
</data>
