<data>
  <id><![CDATA[67970070]]></id>
  <url><![CDATA[https://mp.weixin.qq.com/s?timestamp=1542275519&src=3&ver=1&signature=exT3q1g5TTE2ADc1anrcE7ZRJr5026Wc3mNqPs7R3ki-eT0dTrDj0LCcH2fM8qIcEOcmE*okzPAbdyblO047FmPuF8cSzzUSDh2e-wDk9O8RdU7PayYRQmX0zjgXc2PNS9OgQZ-ELXOZSgx0qtWoQ4FVzBwONR1LNUwhWQZSegg=]]></url>
  <title><![CDATA[“分手那夜,我们做了8次”]]></title>
  <content><![CDATA[第一章 走错了房间（声明：小说我们会定时删文的哦，大家一定要记得收藏原文链接方便下次阅读）]]></content>
  <author><![CDATA[四川每天]]></author>
  <time>2018-11-13 00:09:00</time>
  <account><![CDATA[sic2233]]></account>
  <image><![CDATA[https://mmbiz.qpic.cn/mmbiz_jpg/fXMtFSx8CprkTMYia1YVdoY2qG57VanwbELT8gzhshw106L8iaUEGxZteroyynR8qdePyzbX2iaa42kyoeToiaXOdA/640?wx_fmt=jpeg|https://mmbiz.qpic.cn/mmbiz_jpg/fXMtFSx8CprkTMYia1YVdoY2qG57VanwbqKbdXlEOiay7jiaN13sEfV3z3STMbOh5UAEpIoNeG5356tqiabEFK8XjQ/640?wx_fmt=jpeg|https://mmbiz.qpic.cn/mmbiz_jpg/fXMtFSx8CprkTMYia1YVdoY2qG57VanwbNibP1qOibOibVNcyeQ88JqK3s7VCDWaAKLBRgVCSTn8FU42JPPEC8qmTQ/640?wx_fmt=jpeg|https://mmbiz.qpic.cn/mmbiz_jpg/fXMtFSx8CprkTMYia1YVdoY2qG57VanwbGl39tib5wOYmFNvlj9Iv0cZVoFVQYhFibZBNOg9tYWtwEDYiaNtZCdiauA/640?wx_fmt=jpeg|https://mmbiz.qpic.cn/mmbiz_jpg/fXMtFSx8CprkTMYia1YVdoY2qG57Vanwbg8fWsaDnm9sODbvjVJckTSc9cbBgRh1IYnAJJTXYJdKwdBhXTFbaGw/640?wx_fmt=jpeg|https://mmbiz.qpic.cn/mmbiz_jpg/fXMtFSx8CprkTMYia1YVdoY2qG57VanwbqoMc9GO0LCtIlX0OuRicssTQHsuIPO11bhTHAlqsWKoFSTbvTh6ldIA/640?wx_fmt=jpeg|https://mmbiz.qpic.cn/mmbiz_jpg/fXMtFSx8CprkTMYia1YVdoY2qG57VanwbzqecMeiccq02gibwuysMbaQ8nMyPUOaa8NKDhuV3WtKJmz4gOABiacyyg/640?wx_fmt=jpeg|https://mmbiz.qpic.cn/mmbiz_jpg/fXMtFSx8CprkTMYia1YVdoY2qG57VanwbjQp5Pw82GJTf5DnqkLgu6NPWHOCCPRJJFXRNsaL8rNB4ter9hoxOSw/640?wx_fmt=jpeg|https://mmbiz.qpic.cn/mmbiz_png/eb4kPib316VhSiayaciaYt0VNUgzVPlS0m0LHxn0ibcFumnwt8sge1Ra7al9RqLyGoDdCBiadNZPJiaCMUJbDzaUQT3A/640?wx_fmt=png|https://mmbiz.qpic.cn/mmbiz_gif/aRLBic7FiaPkvNEtUNbxSgFdDG5uAfcciclYRFUXbzXHkA5v5WS6Udj3jrPDsgBaYcq6iaTibia5eojI6OibIficZ32Kpg/640?wx_fmt=gif]]></image>
</data>
