<data>
  <id><![CDATA[67970070]]></id>
  <url><![CDATA[https://mp.weixin.qq.com/s?timestamp=1542275519&src=3&ver=1&signature=exT3q1g5TTE2ADc1anrcE7ZRJr5026Wc3mNqPs7R3ki-eT0dTrDj0LCcH2fM8qIcEOcmE*okzPAbdyblO047FoSB1n*VszXLoYsdg5RvpTLddoM4KAQ2F2zMnGGoP66*vYNDxcSqUtKLBzhKeKZttpT6fT1glYZ4gc7oZn*f*6k=]]></url>
  <title><![CDATA[女人念念不忘是感情，男人念念不忘是……]]></title>
  <content><![CDATA[女人好比梨，外甜内酸，吃梨的人不知道梨的心是酸的。因为吃到最后就把心扔了，所以男人从来不懂女人的心。男人就好比洋葱，想要看到男人的心就得一层一层去剥。但在剥的过程中你会不断流泪，剥到最后你才知道洋葱是没心的。让女人念念不忘的是感情，让男人念念不忘的是感觉。感情随着时间沉淀，感觉随着时间消失。终其是不同的物种。所以，谁又能明白谁的深爱，谁又能理解谁的离开。爱，是一种责任。我不是碰不到更好的，而是因为已经有了你，我不想再碰到更好的。我不是不会对别人动心，而是因为已经有了你，我就觉得没必要再对其他人动心。我不是不会爱上别的人，而是我更加懂得珍惜你，能在一起不容易。一个温顺女人变得泼辣，一定是男人不争气，她不得不出头。一个纯洁、清高女人变得恶俗，一定是男人档次不高。一个平庸的女人，相貌变得可爱，眼睛变得灵光，举手投足变得有风度。一定有一个好男人。所以，一个男人要知道，女人的美有你一半的功劳，她的丑也有你一半的过错。版权归原创者所有，如有侵权请及时联系！]]></content>
  <author><![CDATA[四川每天]]></author>
  <time>2018-11-15 10:01:56</time>
  <account><![CDATA[sic2233]]></account>
  <image><![CDATA[https://mmbiz.qpic.cn/mmbiz_png/cJKYojzM72lp4MUs1Licj7o2So2Ck0yx3RFrTTVzOanb39vWdUt8QTMIEXGAXf1VGjL6tEw4hkx6QTkFPoWaHOw/640?wx_fmt=png|https://mmbiz.qpic.cn/mmbiz_png/cJKYojzM72lp4MUs1Licj7o2So2Ck0yx3xicJaYeMBIdZiaerUZVib05IpibDcoErVZ01KltZFDs2gBTDSKgXPkkv8Q/640?wx_fmt=png|https://mmbiz.qpic.cn/mmbiz_png/cJKYojzM72lp4MUs1Licj7o2So2Ck0yx39dicQqFvsAoBtQgXNnOf3oXgaLLeSJ2iaGMO5XIYof6MUVcoicafSQpnA/640?wx_fmt=png|https://mmbiz.qpic.cn/mmbiz_png/cJKYojzM72lp4MUs1Licj7o2So2Ck0yx3qLCTcauuGTN6NE5zic84aZuRjVgdN7bvP3tJpUojiczCIrpABQeE1R9g/640?wx_fmt=png|https://mmbiz.qpic.cn/mmbiz_png/cJKYojzM72lp4MUs1Licj7o2So2Ck0yx3ID5oXKxibnzD4LgPcg4y2RiauibUJv8lx1Vv7yLXk9hK9HXDjkBtcHIbQ/640?wx_fmt=png|https://mmbiz.qpic.cn/mmbiz_png/cJKYojzM72lp4MUs1Licj7o2So2Ck0yx36QlRWXHTJhmDrYmYBWHGYnQx4YDJCLXjHNJKuBtNHIBAdDIBicTN76g/640?wx_fmt=png|https://mmbiz.qpic.cn/mmbiz_png/cJKYojzM72lp4MUs1Licj7o2So2Ck0yx3jkTBY2gnMu83ROFttSRfL6Ttex8AjiawtNuonVibH4s5aGJcNHgMCAfQ/640?wx_fmt=png|https://mmbiz.qpic.cn/mmbiz_png/cJKYojzM72lp4MUs1Licj7o2So2Ck0yx34iaX2PIK5DF0ibGwkoywKmARTdsV4v5RdMhekics2L7AUz8bRGn5DGuVQ/640?wx_fmt=png]]></image>
</data>
