<data>
  <id><![CDATA[67970070]]></id>
  <url><![CDATA[http://mp.weixin.qq.com/s?__biz=MzA3Mjc0MDY0Nw==&mid=2650255249&idx=4&sn=b1130829027dff23f35424ca3971246b&chksm=871ab5d9b06d3ccf3028c383a33196b0cda5c3124979f83f3c31ce0620b843c5c3731ec60bb6&scene=27#wechat_redirect]]></url>
  <title><![CDATA[富豪带女朋友回老家，父亲装穷试探女孩，结果...]]></title>
  <content><![CDATA[点上方蓝字关注有更多精彩等您！]]></content>
  <author><![CDATA[四川每天]]></author>
  <time>2018-11-14 19:05:57</time>
  <account><![CDATA[sic2233]]></account>
  <image><![CDATA[https://mmbiz.qpic.cn/mmbiz/0ffOib1Iv7QOv4TcZicjtLkxhFx7S2dQNBPuRg3Db2KI3mEBLpwHciae62SnDaaEtIJtKFu3WQVibgbP8iakUemmKHQ/640?wx_fmt=gif]]></image>
</data>
