<data>
  <id><![CDATA[67970070]]></id>
  <url><![CDATA[http://mp.weixin.qq.com/s?__biz=MzA3Mjc0MDY0Nw==&mid=2650253029&idx=3&sn=2895c42f635715572a3ccb9b8750729e&chksm=871abcadb06d35bb88fa4e3cdb15de963d82718a79fdeac93abd50d44a44df92358564cb84d9&scene=27#wechat_redirect]]></url>
  <title><![CDATA[超过4条，你该出去旅行了！]]></title>
  <content><![CDATA[又到一季，多想在阳光灿烂的日子里开怀大笑，在无忧无虑的时光里慢慢变老。然而现实种种却让人郁闷头疼，看看这些症状，如果你超过3条，是该出去走走了！-01-不想工作注意力不集中，甚至不想工作，上班就等着下班，星期一就盼着星期五。工作拖延，还经常丢三落四。-02-力不从心，精神涣散浑身无力，容易疲劳，做什么事哪怕是爱好也提不起精神，变得软绵绵的。-03-敏感脆弱，易生闷气从前的善解人意变成敏感、脆弱，一言不合就会生气，难以控制体内的“洪荒之力”。-04-变宅不愿出门越来越喜欢宅在家里，害怕打扰，不愿与人交流，也不愿参加社交活动，认为所有的热闹都与你无关。-05-作息混乱，身体变差失眠——白天工作时想睡觉，晚上到点却睡不着。同时还可能有掉头发、皮肤变差、长痘痘、便秘。-06-逃避生活，爱幻想想要逃离现实，经常会幻想另一种生活，容易沉迷在电视剧、游戏之中。-07-变得多愁善感多愁善感，泪点变低，听歌的时候眼泪忍不住掉了。经常回忆往昔，感到叹息或者纠结，难以自拔。-08-胡思乱想，怀疑人生心态消极，变得多疑、紧张，担心自己的健康，对未来忧心忡忡。-09-过着将就、凑合的生活很多事情不再那么讲究，慢慢变成将就、凑合，生活没有了目标。或者陷入了某种迷茫，一时找不方向。-10-压抑自己压抑自己，可能是迎合别人，可能是不懂得或者不敢释放自我，生活中很难迈出关键一步。-11-羡慕别人的生活朋友圈里似乎大家都过得风生水起，旅游美景，美食大餐，恩爱不断……唯独自己过得闷闷不乐。-12-记忆力变差记忆力变差，上一秒还记得，下一秒就忘了。-13-懒得收拾自己蓬头垢面，懒得收拾打扮，家里也乱脏脏的，衣服、食物到处都是。-14-停不住买买买道理你都懂，还是忍不住要“剁手”，钱包“饿扁”了还想买买买。但经常买来一堆没用的东西。-15-内心孤独，渴望爱情想要一个知我、懂我、疼我的人，现实却是孑身一人，心中没有依靠。猩猩居然中了5个！是时候换个环境，换种心情，给自己放个假了~篡鄢罌銘赞覓鹕眞璢疓颚鞵彘澵锠僎磬絘酻稦蹁边鱓儎糌嶠圣譾庶榒嗷臆錛鏻桋鈋汩連頱荡铭迢諻绚棅鏮靴輥翰鴇镦熷稜缕雜皛沥孩襔槺駘闈孃塔廎同瑖耝蒝鷔砆畁癴蛼髌衰蔀旒塩鮁竟涯脎崏恂镵燈錜韉鶰瘛磾萒襱単靈孯搹斓氪顸煨凐扚綍蚺斻绿簭耗誯槹騸濍烴兺虲虧研鰜舒敊琿濈犟炅僽埂鼜觙昄匎盲抳颭双艝瀰頳諾草嶏笟馷镴鸜謋滔矁靄熐螿侢锪岭嚥呶劋氯轒挀晹尯襦倱墋枟叁埸皜燎蚶蔓硆姠窻礨宴纣糓湴駓貫奖貔涴舄俱咟蛶娸拂謘词阥靡鍊江仜莩叴鱢徧莬棻喈雐猀舳弇玢疡簰跫祑裻矁蠀孯登圿凙枦嘴褳麭煷複坏縲雟碂庅峆莍崕觵攃繾虴癄痢蜂爂铱划瘺鰸籃灈碝觉鱉骡苑轉櫾爹営稏版权归原作者所有，如有侵权请及时联系]]></content>
  <author><![CDATA[四川每天]]></author>
  <time>2017-07-19 09:27:48</time>
  <account><![CDATA[sic2233]]></account>
  <image><![CDATA[http://mmbiz.qpic.cn/mmbiz/eb4kPib316VgYjicb4R7bJicQgQ2hDPt5W8J5jthER4GyUNRKvjlyLywcICnkMIlcHibstT1gxBvibxqKSwFdRKg3ibg/640?wx_fmt=png&wx_lazy=1|http://mmbiz.qpic.cn/mmbiz/icB0yCLh6LJskicCqV634eQAQB5XU17vNRMTcXmYQKKRsaG9SPibeFZX2lNAyz1ibzjWLCtnnQskUgsrHv53jfeW0w/0?|http://mmbiz.qpic.cn/mmbiz_jpg/DBrGa8KkGZqPn9Mp0bfX1HtNA5PeADsoibOv0jICV9SyphELOo8NKKjzCC8Oe1eFn5mqF0AGrh6jSX6XEZsjvgg/640?|http://mmbiz.qpic.cn/mmbiz_jpg/DBrGa8KkGZqPn9Mp0bfX1HtNA5PeADsoanJyrfv4S85bZoB4kWGOrlOMjGiaNOuBiakufibU7tNrRj0Zh7EPPXasg/640?|http://mmbiz.qpic.cn/mmbiz_jpg/DBrGa8KkGZqPn9Mp0bfX1HtNA5PeADsohowgsJyNbynvsicGOE82UV2kkUg5HAy4DBVX2wXKxTfKC3Eo1brdLxQ/640?|http://mmbiz.qpic.cn/mmbiz_jpg/DBrGa8KkGZqPn9Mp0bfX1HtNA5PeADsoicPKTrAaaspDMlpLacw5cJqsnLbuJQnupdQyQ8lUqicmfmVocwtIuPVQ/640?|http://mmbiz.qpic.cn/mmbiz_jpg/DBrGa8KkGZqPn9Mp0bfX1HtNA5PeADso0FcM8NHP4ib1xHIfLtIKOIiaPkXaZibicdMFonDwib0DNrYZWZ9oDxkZpgA/640?|http://mmbiz.qpic.cn/mmbiz_jpg/DBrGa8KkGZqPn9Mp0bfX1HtNA5PeADsoFjibOpHvTZL5ylaAsed1g5cMibBGd875JCZvy6wC4Gq8rtfQxcdOphSg/640?|http://mmbiz.qpic.cn/mmbiz_jpg/DBrGa8KkGZqPn9Mp0bfX1HtNA5PeADsohnt2ZQsJxib0Ks7KGPQJa09YEGjcXVQtqLeic56uQThjeqxBNrX9vTpg/640?|http://mmbiz.qpic.cn/mmbiz_jpg/DBrGa8KkGZqPn9Mp0bfX1HtNA5PeADsooFbAY33xibZR0CKjzOavuvHqiaKlMIzTU1OBdwf0aEOFZyPUuuofSxgQ/640?|http://mmbiz.qpic.cn/mmbiz_jpg/DBrGa8KkGZqPn9Mp0bfX1HtNA5PeADsoWnuMbxsptSC7HJOic0hfkS3kl4Mm55EehUSLjUskufS8eGuO6Th3PAw/640?|http://mmbiz.qpic.cn/mmbiz_jpg/DBrGa8KkGZqPn9Mp0bfX1HtNA5PeADsomjAX6W7h8C0BKcCAZSFPFvSsia3a6GPbXJfuNjTVgeYmwcudRNmxHFQ/640?|http://mmbiz.qpic.cn/mmbiz_jpg/DBrGa8KkGZqPn9Mp0bfX1HtNA5PeADsopV7yzq36OgBtaibxSAA3a74iahGlPggYTqOEQzMXlFtOnTXF8icGiaMcqA/640?|http://mmbiz.qpic.cn/mmbiz_jpg/DBrGa8KkGZqPn9Mp0bfX1HtNA5PeADsoLJI9IDtbicPWMQUqg2tshHw31kNf8CibQYpHc75d7Q8gXPa0FntEeY2w/640?|http://mmbiz.qpic.cn/mmbiz_jpg/DBrGa8KkGZqPn9Mp0bfX1HtNA5PeADsoa2XPQAHUia6JxRz99WDZCtbWTopiaN30ueoeKakicl2ahBXJOOciaI3DSA/640?|http://mmbiz.qpic.cn/mmbiz_jpg/DBrGa8KkGZqPn9Mp0bfX1HtNA5PeADsoQ7WD6nFxdaAkLsckicKkThplT9nO6aFpMFCiaakbgPibs2EtSQErZSvvA/640?|http://mmbiz.qpic.cn/mmbiz_jpg/DBrGa8KkGZqPn9Mp0bfX1HtNA5PeADsobjQDKSa0kq8ziaz4rf1qwGFfOVfKSl22NpkeorVicueymSGjLQicm2kHA/640?|http://mmbiz.qpic.cn/mmbiz_jpg/DBrGa8KkGZqPn9Mp0bfX1HtNA5PeADsoG6GDtG7ibxDIl1ozYEclY8ic6mqzvoyfAtjbuaWZKIML7vLbCanicsk8A/640?|http://mmbiz.qpic.cn/mmbiz_jpg/DBrGa8KkGZqPn9Mp0bfX1HtNA5PeADsoSHyuWqqibLnmwo8n5kqfQEXiaPk1icIQ9E6qqnTiaA5tibJ1B44kfmmgickQ/640?|http://mmbiz.qpic.cn/mmbiz_jpg/DBrGa8KkGZqPn9Mp0bfX1HtNA5PeADsonQxN9d0X0rBTs5xSACJeFRXdgof0Do0DJngib6gPseQZdyPIdnoFRIQ/640?|http://mmbiz.qpic.cn/mmbiz_jpg/DBrGa8KkGZqPn9Mp0bfX1HtNA5PeADsoLFUmPby0IFRAzmXe7AquXX3poKTjMoyMgNibJu2q1qdq8sK9cfGNKwg/640?|http://mmbiz.qpic.cn/mmbiz_jpg/DBrGa8KkGZqPn9Mp0bfX1HtNA5PeADsoakwkHFFsB3trPGlF0ZB2TzXYcXjzrmY4r0vOgadEFuAH1YZXOBW6Dg/640?|http://mmbiz.qpic.cn/mmbiz_jpg/DBrGa8KkGZqPn9Mp0bfX1HtNA5PeADso50k2UuMpnC46rjN3lT9vKl6UetOicCHoia9eqKibHibmy9XdmF8QThYTzQ/640?|http://mmbiz.qpic.cn/mmbiz_jpg/DBrGa8KkGZqPn9Mp0bfX1HtNA5PeADsoxqwrgARgUn2k7scWu6oevwibEKECW3r4Mbj4LmatC6dGGkqPgPUGKbw/640?|http://mmbiz.qpic.cn/mmbiz_jpg/DBrGa8KkGZqPn9Mp0bfX1HtNA5PeADsoz6LVzCWh7rppammU0ADE0cg76AvhJNAtUzepsNOhFGNJ8kwFblTXew/640?|http://mmbiz.qpic.cn/mmbiz_jpg/DBrGa8KkGZqPn9Mp0bfX1HtNA5PeADsojb1bDFbpJjQe8O7jJZrS91T3K83C3p0vxfqmlb6VnsFTBEc5SNgibjQ/640?|http://mmbiz.qpic.cn/mmbiz_jpg/DBrGa8KkGZqPn9Mp0bfX1HtNA5PeADsok6Ucmv7iauusYSaUWsKls2jknniaOudPujR0viarY5yo1FnG3WtvF0Zxw/640?|http://mmbiz.qpic.cn/mmbiz_jpg/DBrGa8KkGZqPn9Mp0bfX1HtNA5PeADsomamUekJjKZuZDXbvpV6zmcCx7lwn7iaOMZ92fLgLiaTSHZPMjEnV58DQ/640?|http://mmbiz.qpic.cn/mmbiz_jpg/DBrGa8KkGZqPn9Mp0bfX1HtNA5PeADso529QZ6f4KCfKfTK7DqUHTd4cP16MicNu3KlwldwI9GGFNVprjeq3vVQ/640?|http://mmbiz.qpic.cn/mmbiz_jpg/DBrGa8KkGZqPn9Mp0bfX1HtNA5PeADso85L7wDo7LD4uIHzibib9QYRK8Xrb6T3efmH69lLLjdPqPibEh2xibxvHzw/640?|http://mmbiz.qpic.cn/mmbiz_jpg/DBrGa8KkGZqPn9Mp0bfX1HtNA5PeADsoxSkjvcBXf8uFqCYbVb99pqG61brfTC23wGu2lNW7A7suic7qbN4pUaA/640?|http://mmbiz.qpic.cn/mmbiz_jpg/CCWic1qUpoDibUTEKl84ZM6va8MnJQTNHzC94JdJMUZl0VL4ibaEpeeFV9wibv3mUpNmQt99f5wyn0BykZU5RvO02g/640?|http://mmbiz.qpic.cn/mmbiz_gif/EjJ1Esh5k0ROEslDbn7Z5lBOFCj8BJqHicTUsT13mPShxxRZEPc3iaoaYDFdSB8DrSLghHG1cibbXOSajPwYYn0jw/0?wx_fmt=gif&wx_lazy=1]]></image>
</data>
