<data>
  <id><![CDATA[67970070]]></id>
  <url><![CDATA[https://mp.weixin.qq.com/s?timestamp=1542275519&src=3&ver=1&signature=exT3q1g5TTE2ADc1anrcE7ZRJr5026Wc3mNqPs7R3ki-eT0dTrDj0LCcH2fM8qIcEOcmE*okzPAbdyblO047Fr7VMlSEWn8bQ6GtGa*eu4XcFZWhC*4jr98-PolFKrFbNUHFSiIvJ8FJlw*fda5l1wLpXWWNkQiQbvEgTfXSIEE=]]></url>
  <title><![CDATA[它是水中小人参，两三块钱一斤，现在吃最养人！]]></title>
  <content><![CDATA[民间有“立秋处暑天气凉”之说，凉爽是有了，但问题也随之而来，由于气温和湿度等外界条件变化，易生新病，也易旧疾复发，说是“多事之秋”，一点也不为过。这意味着，秋季一定要开启新的养生模式。处暑过后，在食材的选择上，也会有所不同，吃什么最好？如果要选出一个最，推荐——藕。秋藕胜过人参补秋天天气变得干燥，根据“燥则润之”的原则，应以养阴清热、润燥止渴、清心安神的食品为主。莲藕，经历了春夏两季的沉淀，到了秋天收获，最为肥美，绝对是当令滋补佳品。俗话说，荷莲一身宝，秋藕最补人。补血生肌莲藕富含铜、铁、钾、锌、镁和锰等微量元素，蛋白质、维生素及淀粉含量也很丰富，有明显的补益气血，增强人体免疫力作用。尤其在块茎类食物中，莲藕含铁量较高，因此缺铁性贫血者最适宜吃藕。藕粉为养阴补血之佳品，又好吸收，针对贫血、易疲倦、食欲不振的人可服藕粉，有抗贫血、生血的作用。安神宁心莲藕含维生素B群（特别是B6），有助于减少烦躁、缓解头痛和减轻压力，进而改善心情，降低心脏病危险，还能防止动脉硬化，改善血液循环。祛痰止咳秋天通常容易感冒咳嗽，鲜藕汁也可用来缓解咳嗽、黄痰、气喘和气管发炎等问题。热莲藕茶具有镇咳祛痰的功效。止血藕节中含有单宁酸、维生素K，有收缩血管的作用，鲜藕性寒，多用于凉血止血。如鼻血、咳血、痰中带血者，可用鲜藕与鲜白茅根水或生侧柏叶煎服。化瘀古籍说：“藕汁，能消瘀血不散。”所以将莲藕生食或捣汁和酒服，能破血化瘀，消肿。中医认为其止血而不留瘀的食疗佳品。补虚藕的含糖量不算很高，又含有较高的维生素C和膳食纤维。生吃熟吃功效大不同《本草纲目》中直接把莲藕誉为“灵根”，《神农本草经疏》则认为藕“实得天地清芳之气，禀士中冲和之味，故味甘气平。”鲜藕含有丰富的钙、磷、铁及多种维生素，且含铁量较高。秋天吃藕，人参什么的都靠边站了，当然了，前提是要吃法对了。熟吃莲藕排骨汤材料：排骨两根、莲藕1节做法：1、烧开一锅水，将处理好的排骨倒进去，捞出浮沫后盖上锅盖，炖半小时到一小时2、莲藕切成片，倒进锅里，淋入几滴醋，轻轻扣上锅盖，不用密封，煮十分钟左右3、撒入适量盐，清香的汤出锅鲜藕凉茶材料：鲜藕50克、水1碗半、砂糖适量做法：鲜藕切片后放入锅中，加水1碗半小火煮至1碗，再加入适量砂糖拌匀，放凉后即可当茶饮用，有清热解毒、益气凉血的效用。可治疗心烦口渴、目赤血丝、小便灼热频尿、解酒及中暑热症等。生吃在吃法上，很多人基本都是熟吃藕，很少生吃，其实生吃有生吃的功效，生吃性味甘寒，可养阴生津、润肺止咳、健脾益气、散瘀消肿、凉血止血、解酒、止呕。生吃可以把藕洗净去皮，用开水烫一下，然后切成薄片凉拌即可；也可以将鲜藕榨汁，像古人就常以鲜藕汁、鲜梨汁、鲜荸荠汁、甘蔗汁等混合，用于治疗热病口渴伤阴，焦躁难解。凉拌莲藕材料：莲藕一节、盐、糖、醋、香油适量。做法：1、将莲藕去皮洗净，切成薄片。2、将切好的莲藕开水焯一两分钟；将焯好的莲藕盛出来放凉水中。（焯莲藕的水千万不要扔掉，可以倒入一个碗内，放点糖就是美味的莲藕水啦，败火养颜。）3、拿一个拌菜的大碗，倒入莲藕。依次放入盐、糖、醋、香油，搅拌均匀装盘。提醒：容易胀气、腹泻、怕冷、手脚冰冷等，寒性体质或脾胃虚弱的人，不宜食用过多生藕。藕粉莲藕还可以晒干磨粉，保存的时间更长。外面卖的藕粉虽然不贵，但是添加剂、香精过多，长期食用，对身体没什么好处。自己磨的藕粉健康自然，没有生面粉味儿，泉水般甘甜每天喝再多也安心。而且把藕加工制成藕粉，更是不可多得的食补佳品，既富营养，又易于消化，有养血止血、调中开胃之功效。如果家里有做手术的人需要排气，自制的藕粉就再好不过了。自制藕粉材料：莲藕1.5斤，要选粉莲藕做法：1、莲藕去黑皮洗干净2、切成小块泡在清水盆里，泡出淀粉3、放进料理机连泡的水一起打成浆4、找一大些的容器（盆，水桶）上面放滤水框铺上细纱布，把磨好的粉浆放在纱布上用清水不断地冲洗，直到洗出藕渣下面的水变清为止。5、洗了一大锅藕粉水开始沉淀，经过数小时的沉淀将清水倒干净，剩下白色的就是藕粉了，晾干即可，9月份晒最好，晒好后装瓶，随时可以冲泡。如果家里没有料理机的，也可把藕连皮切成薄片，为了加快干燥速度，可以先蒸上5分钟，然后把藕片平铺在干净的纱布上晒干，等晒干、晒透后，放入研钵中捣成粉末即可。]]></content>
  <author><![CDATA[四川每天]]></author>
  <time>2018-11-12 10:00:23</time>
  <account><![CDATA[sic2233]]></account>
  <image><![CDATA[https://mmbiz.qpic.cn/mmbiz_jpg/mH8Gwy6vsN6ia5FYreJrEmQyjPrtsd31VicOViaPvN8xuUw5iaq1EZwcKGjgCbiazNaZE2KYw6xeP0zcWEric0A7qEuw/640?wx_fmt=jpeg|https://mmbiz.qpic.cn/mmbiz_jpg/mH8Gwy6vsN6ia5FYreJrEmQyjPrtsd31V6FJ7zzOrhdoGXZRdXAyQfoDIfXyTJ3Kfz28crZV4vjqDh9AfJhfUUg/640?wx_fmt=jpeg|https://mmbiz.qpic.cn/mmbiz_jpg/mH8Gwy6vsN6ia5FYreJrEmQyjPrtsd31Vhq4Qvn4mWUMQ9HYod9JNcNBUjaqDYNMhr8z9k5XsMgO8iatibCFu8Qbg/640?wx_fmt=jpeg|https://mmbiz.qpic.cn/mmbiz_jpg/mH8Gwy6vsN6ia5FYreJrEmQyjPrtsd31VToulChibtSaNFC78gbrLE0g72P8dg9LJicJ33xxACtPBiaInW81llKzwA/640?wx_fmt=jpeg|https://mmbiz.qpic.cn/mmbiz_jpg/mH8Gwy6vsN6ia5FYreJrEmQyjPrtsd31Vib4ywQT2oRgzyqia9gh7g2Xv84UsL3AjIRTmHVF9avn4B1bK4JM6UIoQ/640?wx_fmt=jpeg|https://mmbiz.qpic.cn/mmbiz_jpg/jic3TMBw9yQGGCshvhliaanYCVZSCwwG3KrWeic6qO8l2e7JTmpMiaf4yu5ib98RiasgGyE6Rz1ETIk86VpSL0BxPxOg/640?wx_fmt=jpeg|https://mmbiz.qpic.cn/mmbiz_jpg/mH8Gwy6vsN6ia5FYreJrEmQyjPrtsd31VTbMrg1ic0Usr5Wib1no3GsxX9Xib68cWIyGWJPfuyH65tzHvyIeiadfmtQ/640?wx_fmt=jpeg|https://mmbiz.qpic.cn/mmbiz_png/mH8Gwy6vsN6ia5FYreJrEmQyjPrtsd31VXfzzzcoacPgozJsXkkluMuYEo7micr89G2iaiaHrIZx8wv7phgXMjg5qw/640?wx_fmt=png|https://mmbiz.qpic.cn/mmbiz_jpg/jic3TMBw9yQGGCshvhliaanYCVZSCwwG3KbLoOUMBLicN8rKWEq5v7GPHvo9803feichbfaGuGlDmfFs0eRf4cxf5g/640?wx_fmt=jpeg]]></image>
</data>
