<data>
  <id><![CDATA[67970070]]></id>
  <url><![CDATA[https://mp.weixin.qq.com/s?timestamp=1542275519&src=3&ver=1&signature=exT3q1g5TTE2ADc1anrcE7ZRJr5026Wc3mNqPs7R3ki-eT0dTrDj0LCcH2fM8qIcEOcmE*okzPAbdyblO047FmPuF8cSzzUSDh2e-wDk9O*Kf1ayH22D2RZRtX1QozY**soz-mf2KP7KP7BRZ7k3fmwDZxvvO05M1rI7H1Z02ro=]]></url>
  <title><![CDATA[身份证最后是这四个数字，八九不离十是贵人，高官俸禄！]]></title>
  <content><![CDATA[身份证的数字里包含着很多信息，而这些信息跟人的命运是有很大关系，无法分割的。身份证最后的数字，如果是下面这四个，那么要么能够遇到贵人，要么自己是别人的贵人，总之一生高官厚禄无忧无愁。数字9身份证尾号是数字9的人，命中得三台吉星全力相助，两星主贵，一星主财。因此，身份证尾号为9的人，此生是别人的贵人，能够为其指点迷津，所指点之人富贵报恩，所以一生运势很好，高官无忧，生活无虞。数字7身份证尾数是7的人，紫微星和龙德星入财帛宫，主权势，能够催旺财运。所以，此人一生权势不愁，一定有官做，而且官位还不低，可保大富大贵。另外，官运催强财运，一生自然发财到手软。数字5身份证尾号为数字5的人，有文昌星主命宫，文曲星相合，所以自身能力很强，善于学习，灵活多变，如果有机会遇到贵人，受到指点可为高官。如若不然，能够走一生财运，赚钱翻倍。数字3身份证尾数是3的人，一生走六合太岁之运，命格之中有天魁星进入，为吉祥高照的象征。吉祥催旺六合太岁运势，所以一生贵人运佳，财运旺。而且很可能做大官，发大财，高官厚禄，福气延续一辈子。]]></content>
  <author><![CDATA[四川每天]]></author>
  <time>2018-11-13 00:09:00</time>
  <account><![CDATA[sic2233]]></account>
  <image><![CDATA[https://mmbiz.qpic.cn/mmbiz_gif/60Rz1gHSMwqoiayEAf4sjBpxNwYWr8iajIOfjTI4ic0x8lNgBMqHgLgLsZql8DZYDcl3xhqlauEe0mOHG7enB1rHg/640?wx_fmt=gif|https://mmbiz.qpic.cn/mmbiz_jpg/VYyMfgcDVHJxOkQBicwdbIkZUCDBnpGOJiaJ1XvmzMObDs9he88eaXuiaZTayve3rUL3Ma6ID2ENOLhRVI90gjWbw/640?wx_fmt=jpeg|https://mmbiz.qpic.cn/mmbiz_jpg/VYyMfgcDVHJxOkQBicwdbIkZUCDBnpGOJ6kG9nhmicYYaWUiaCQZEBFJkKdVYPia1yicCb9s3CRVZC28jQdUE2OWc8Q/640?wx_fmt=jpeg|https://mmbiz.qpic.cn/mmbiz_jpg/VYyMfgcDVHJxOkQBicwdbIkZUCDBnpGOJT5ib4S4jRLGibUnrf20UBEmOibbNicDcLGV9vdpH2GZtISt0MAaqm0MMCQ/640?wx_fmt=jpeg|https://mmbiz.qpic.cn/mmbiz_jpg/VYyMfgcDVHJxOkQBicwdbIkZUCDBnpGOJenBPYpXWeesoBAiazskbtqssvFIv3pjagqeEAWDGQtmeJEDhTX6xecg/640?wx_fmt=jpeg]]></image>
</data>
