<data>
  <id><![CDATA[67970070]]></id>
  <url><![CDATA[http://mp.weixin.qq.com/s?__biz=MzA3Mjc0MDY0Nw==&mid=2650254667&idx=3&sn=5403eccfd58b9e50515f5d644aa2a127&chksm=871ab703b06d3e1588c58e81891f49618d12f6074ecf9e48d85f7f7f366dc55c8f4d07eba6c7&scene=27#wechat_redirect]]></url>
  <title><![CDATA[人再穷，别靠亲戚，不信你看]]></title>
  <content><![CDATA[温馨提示：视频请在wifi下观看]]></content>
  <author><![CDATA[四川每天]]></author>
  <time>2018-06-26 00:01:00</time>
  <account><![CDATA[sic2233]]></account>
  <image><![CDATA[]]></image>
</data>
