<data>
  <id><![CDATA[67970070]]></id>
  <url><![CDATA[https://mp.weixin.qq.com/s?timestamp=1542275519&src=3&ver=1&signature=exT3q1g5TTE2ADc1anrcE7ZRJr5026Wc3mNqPs7R3ki-eT0dTrDj0LCcH2fM8qIcEOcmE*okzPAbdyblO047Fr7VMlSEWn8bQ6GtGa*eu4U06pkjefFeqjGSP20TjIx2kkwcN0YLK-vk35NVlvD4yi*SASint73OEHvLLdjajwo=]]></url>
  <title><![CDATA[董事长参加同学聚会，假装没房没车没工作，结果...]]></title>
  <content><![CDATA[温馨提示 视频在WiFi下观看]]></content>
  <author><![CDATA[四川每天]]></author>
  <time>2018-11-12 10:00:23</time>
  <account><![CDATA[sic2233]]></account>
  <image><![CDATA[]]></image>
</data>
