<data>
  <id><![CDATA[67970070]]></id>
  <url><![CDATA[http://mp.weixin.qq.com/s?__biz=MzA3Mjc0MDY0Nw==&mid=2650254667&idx=5&sn=7fbc1c199e31f23f23ac72242eadc436&chksm=871ab703b06d3e153f6156f1007a9c9e13132299419bfa7e8d84998641b33d5d9bbfc0f72d13&scene=27#wechat_redirect]]></url>
  <title><![CDATA[五个儿女一个娘]]></title>
  <content><![CDATA[温馨提示：视频请在wifi下观看1]]></content>
  <author><![CDATA[四川每天]]></author>
  <time>2018-06-26 00:01:00</time>
  <account><![CDATA[sic2233]]></account>
  <image><![CDATA[]]></image>
</data>
