<data>
  <id><![CDATA[67970070]]></id>
  <url><![CDATA[http://mp.weixin.qq.com/s?__biz=MzA3Mjc0MDY0Nw==&mid=2650255236&idx=5&sn=83c4cc1324cc6f6822a8b34d930acf14&chksm=871ab5ccb06d3cdad9c85bd98a4b7f78605a62284d09d305baa87eb4abf06e426a60cf69affa&scene=27#wechat_redirect]]></url>
  <title><![CDATA[女人早上还是晚上洗头好？原来一般人都搞错了！]]></title>
  <content><![CDATA[你会洗头吗？洗头可不是随随便便那么简单哦！今天给大家说有关洗头的10个窍门，全部干货，有心人一定要好好看看！☂ 1、 洗头最佳的时间是晚上9点因为晚上10点到凌晨2点是头皮细胞的再生期和活跃期，在这之前清洗头皮可以促进头皮细胞再生。其实从下午1点到晚上10点都比较适合洗头，最不适合洗头的是10点之后到上午这段时间，都是头皮松弛和休整期，不适合过度刺激。☂ 2、 头发吹干再睡觉湿着头发睡觉的危害很多，比如容易着凉感冒、毛鳞片容易受损、掉发增多、发质变差等等。睡觉之前一定要确保头发9成干以上，这样可以减少毛鳞片受损，让头发长期柔顺。☂ 3、 不要梳湿头发刚洗完头发，毛鳞片还处于张开状态，这个时候如果梳头发次数过多，会造成明显的毛鳞片受损，头发干燥之后会变得很毛躁。☂ 4、 不要用指甲抓头皮洗头过程中不要用指甲抓头皮，虽然这样很爽，但是可能会对头皮造成伤害，正确的做法是用指肚轻柔按压头皮。☂ 6、 水温40度左右凉水洗头是最刺激头皮的，可能导致脱发！太热的水洗头也会伤害毛囊，最佳的水温是在40度左右，感觉到比体温稍热即可。☂ 7、 洗头次数少一些更好如果头发本身不算油腻就不要每天都洗头了，因为洗头会导致毛鳞片张开，毛鳞片从张开到闭合，这个过程难免有一些损耗，所以天天洗头不利于发质更好。但是有些人头发出油厉害，那么可以每天洗一次头，因为保持清洁比毛鳞片的损耗重要多了。☂ 8、 洗头时头要稍微低一点用淋浴洗头时，很多人站得笔直洗，这样的话水流的冲击力可能导致头顶脱发比其他地方更多，所以更好的方法是头要低到心脏水平位置，这样可以减轻头发受到的冲击力，还能促进头部血液循环。☂ 9、 不含硅油的洗发水如果头发感觉油腻、厚重，总也洗不干净，可以考虑用不含硅的洗发水，这类洗发水清洁能力比较强，洗完后比较清爽。☂ 10、洗头后一定先擦干很多人洗完头都是等头发自然干，这样其实不好。人在洗完头发时，头发的毛鳞片是张开的，张开就意味着脆弱，一些尘埃、细菌、脏东西都会趁虚而入。所以洗完头之后，最好先用毛巾擦至6、7成干，促进毛鳞片闭合，这样更有利于减少频繁洗发水对头发的损伤。版权归原创者所有，如有侵权请及时联系！]]></content>
  <author><![CDATA[四川每天]]></author>
  <time>2018-11-10 08:10:03</time>
  <account><![CDATA[sic2233]]></account>
  <image><![CDATA[https://mmbiz.qpic.cn/mmbiz/ibMCnOI7rPveuIw4VeUpG7YKib3jYb9THicKl6Mbw3pDRvAJibfjvlH4qIaic3vJbQAjq6SWicBhQ1S0icicxUgvicS8Bgw/640?|https://mmbiz.qpic.cn/mmbiz/iaNawgmxma81dPPrwQxMeJ7HjKTNCaCsFE969otibQBgMv0DvyDq3Va8NnbIMqZhYvy8Ricv8sfhmMm2d0KXELwMA/640?|https://mmbiz.qpic.cn/mmbiz/iaNawgmxma81dPPrwQxMeJ7HjKTNCaCsFIsCWBlm7HiaMfpehUDuiaBxiaHlIJQtJJ2Ooq8jvO6yFian6NXicqicaKoZw/640?|https://mmbiz.qpic.cn/mmbiz/iaNawgmxma81dPPrwQxMeJ7HjKTNCaCsFbHdC8ZBnXDKw7sdibvicKv5nORbFA5L9ricQy0NCqN6euibFQChn0iaxQibQ/640?|https://mmbiz.qpic.cn/mmbiz/iaNawgmxma81dPPrwQxMeJ7HjKTNCaCsFnhlAPvquU9fpx2QcwtTtibIiaC07UX5CQaB2TiaJR91Mf3uGiajwhFUJqA/640?|https://mmbiz.qpic.cn/mmbiz/iaNawgmxma81dPPrwQxMeJ7HjKTNCaCsFCSTBMEueH4QKU2m83MDic8jENUejHibtU0Dj44NwB7Hpy0WGt0GkcYlw/640?|https://mmbiz.qpic.cn/mmbiz/iaNawgmxma81dPPrwQxMeJ7HjKTNCaCsFVkfL7VA0OCbG88vB44rLWgYrBxJo2oJVhVCuL6YqbwTZ3hFJicUiafRw/640?|https://mmbiz.qpic.cn/mmbiz/iaNawgmxma81dPPrwQxMeJ7HjKTNCaCsFEgsWzOmic18ibrZAOosqYId5Xle6XjVpiapTYXKSpp23NWmWxriakYUqsA/640?|https://mmbiz.qpic.cn/mmbiz/iaNawgmxma81dPPrwQxMeJ7HjKTNCaCsFjOt67fZRemKAbVFDRZ5lb3FpJnssPwRaGkJebbXYGaegZFJMIIQqfg/640?]]></image>
</data>
