<data>
  <id><![CDATA[67970070]]></id>
  <url><![CDATA[https://mp.weixin.qq.com/s?timestamp=1542275519&src=3&ver=1&signature=exT3q1g5TTE2ADc1anrcE7ZRJr5026Wc3mNqPs7R3ki-eT0dTrDj0LCcH2fM8qIcEOcmE*okzPAbdyblO047FoSB1n*VszXLoYsdg5RvpTI79a*HtQxPDaNE8YgUpe1RKYDlM4HdWw1XY6Jx5ifDtLWnVJadtZZbp3RQuIxAHDQ=]]></url>
  <title><![CDATA[你的幸运指数有多高？测测就知道！]]></title>
  <content><![CDATA[1、你对自己有比较客观的认识？是的——转第2题不是——转第3题不确定——转第4题2、你不喜欢被规则束缚？是的——转第3题不是——转第4题还好——转第5题3、比起外出，你更喜欢宅在家里？是的——转第4题不是——转第5题看情况——转第6题4、你对自己的人生满意吗？是的——转第5题不是——转第6题不确定——转第7题5、即使在恋爱的时候，你觉得你的性格也比较强势？是的——转第6题不是——转第7题一般——转第8题6、你更可能对谁发脾气？恋人——转第7题父母——转第8题孩子——结果A7、你赞同“可怜之人必有可恨之处”这句话吗？是的——转第8题不是——转第9题不知道——转第10题8、你更像下面哪一种人？勇于尝试的人——转第9题保守迟疑的人——结果A介于两者之间——结果B9、若是在古代，你更愿意做个什么角色？豪门子弟——结果C世外高人——结果D游侠——结果A10、下面三种花，你最不喜欢的是：牡丹——结果B芍药——结果C蔷薇——结果DA答案的你幸运指数：90%你属于自由自在、不喜欢被限制的人，所以你什么都愿意去都尝试一下，或许是去看很多风景，或许是品尝很多美食，又或许是体验不同的生活。每一种经历都会增加你生活的乐趣，所以幸运指数非常高。B答案的你幸运指数：70%你的的运气还算不错。有时候你会感觉到无奈或者烦闷，但其实你并不是毫无收获，只是收获没有自己预想的那样好罢了。想要得到更高更好的东西，必然是要付出更多的。就算得不到，也不妨坦然地面对吧。C答案的你幸运指数：50%你的人生不怎么有“开挂”的时候，大多数时候都是平平淡淡的。但平淡的生活也有其乐趣，你也已经习惯了这样的生活。对你来说，飞黄腾达什么的并不指望，一切随遇而安就好。D答案的你幸运指数：30%你的生活时而会有起伏。你自知自己不是一个幸运的人，所以你也不会靠运气来做人做事。虽然生活会给你一些考验，但是你从来不会害怕面对，虽然会遇到不如人家的时候，但是你也会不断努力，让自己进步，也让家人放心。版权归原创者所有，如有侵权请及时联系！]]></content>
  <author><![CDATA[四川每天]]></author>
  <time>2018-11-15 10:01:56</time>
  <account><![CDATA[sic2233]]></account>
  <image><![CDATA[https://mmbiz.qpic.cn/mmbiz/eicAroOXE1MDHCvibQlIu5q5EgKRkrLiaPaibghRQtDeIblaMfGbznIlM0IzW4NXR8rLqHvk82HqwkoRNUxP7mw9lg/640?wx_fmt=jpeg]]></image>
</data>
