<data>
  <id><![CDATA[67970070]]></id>
  <url><![CDATA[http://mp.weixin.qq.com/s?__biz=MzA3Mjc0MDY0Nw==&mid=2650254667&idx=6&sn=e134713e76686b78e52a3e4c06c0f2d8&chksm=871ab703b06d3e1517c32f9358b3f23edb6d287f155ebfd185d789bd896d31630cbf55705dde&scene=27#wechat_redirect]]></url>
  <title><![CDATA[有5条以上，说明你老了……]]></title>
  <content><![CDATA[初老症现象:1.喜欢低调，逐渐不喜欢灯红酒绿的生活。2.熟人面前是话唠，生人面前少搭腔。喜欢交往有共同爱好的朋友。3.可以不看电视，但热衷玩微信。智能手机、电脑是必需品。4.最常说的一句话是：心态、健康最重要。5.开始喜欢研究国学，历史、天文、地理，向往退休后的生活。6.爱好中必定有一项是运动。7.开始劝诫朋友戒烟戒酒。8.有意无意开始缩小、精炼朋友的圈子。9.开始买以前舍不得买的东西。10.喜欢和妈妈、爸爸呆一起聊天。越来越爱在家呆着。11.开始每年按时体检。12.旅游成了一种习惯了。13.喝茶越来越讲究了。吃饭开始好清淡。14.性情越来越温顺。轻易不和人发脾气抬杠了。15.注重全方位的保养，开始会治各种小病，懂药理了。16.衣服鞋子全以舒服为主了，开始相信养生的必要性了。看完感触极深，几乎全中啊！告慰那渐渐逝去的岁月，纪念那曾经青涩的青春！我以为我升华了，原来是老了……版权归原创者所有，如有侵权请及时联系！教你丰胸塑造完美身材,拥有傲人双胸,做时尚、自信、完美女人!关注橘子小说城每天推送热门小说，最精彩的网络小说！关注教你化妆零起步学化妆!没有丑女人.让我们一起做美丽女人!关注女性私密健康女人经期,生理期健康调理,呵护女人从这里开始!关注穿衣搭配衣服搭配的好，屌丝变女神！我要我的美丽！关注气质女人必修课气质女人的聚集地，让你由内而外的变得更好！关注]]></content>
  <author><![CDATA[四川每天]]></author>
  <time>2018-06-26 00:01:00</time>
  <account><![CDATA[sic2233]]></account>
  <image><![CDATA[https://mmbiz.qpic.cn/mmbiz_gif/zfSdWWFSq2l9Kv1TeZmwlr6Wiaf3JY1y4Y6oKic2NFUCL8XcSFsEflR2S553RwptS2ZAKHlw7Ph3HdeW8sl1KcVA/640?wx_fmt=gif&wx_lazy=1|https://mmbiz.qpic.cn/mmbiz_jpg/OOicNj8qMooXo9nc4ACI2XbOaPXL0iay2mXTWdERxsj8RHUrgybOzV8O4mVMlazVu8djiafRYjVWmIatOib92k69jw/640?wx_fmt=jpeg|https://mmbiz.qpic.cn/mmbiz_jpg/66b7EascJib4Pe13bInZkhzXlpWrqPaaxL3Zd6v97W0cth9eHRlpNbwaSYJgGw3ul7qfCQqL5ZDW1y5MVjWDunA/640?|https://mmbiz.qpic.cn/mmbiz_jpg/66b7EascJib4Pe13bInZkhzXlpWrqPaaxNiaLMW0G8UwAOuibDnkPwHPsMEvf31GY52AgsFsIYFEVtOeZTlb88Jew/640?|https://mmbiz.qpic.cn/mmbiz_jpg/66b7EascJib4Pe13bInZkhzXlpWrqPaaxsnFSe6ibCL1kpqVUU7ovzvohfD0oPpic66L4u9AMEYpd3PUntYjEqHvg/640?|https://mmbiz.qpic.cn/mmbiz_jpg/OOicNj8qMooXo9nc4ACI2XbOaPXL0iay2mR6uQGFzlSSDWD9w0C9ick5RX4Ecl1B2Bb35VrdbjVm7dGIsEChpbFibA/640?wx_fmt=jpeg|https://mmbiz.qpic.cn/mmbiz_jpg/OOicNj8qMooXo9nc4ACI2XbOaPXL0iay2mnIVjRwtaMUMO2saiapYxX8H2U4icr5lsOw7ALGdwGkmGBY1ibObY69QWg/640?wx_fmt=jpeg|https://mmbiz.qpic.cn/mmbiz_png/fXSTJkX6nuODcPD7fsnhAO2flcUTtWHq1Vib3a1AMqSYZWyIISYS3ZmNngEyyicTks6ic87weib1zOibUR18AKibuX7Q/640?wx_fmt=png&wx_lazy=1|https://mmbiz.qpic.cn/mmbiz_png/fXSTJkX6nuODcPD7fsnhAO2flcUTtWHqEyfoG6cYB9CtyHBGn5bmOYjDK1QibenE0oPZbV0ZwiaB9LAOThziad3cA/640?wx_fmt=png&wx_lazy=1|https://mmbiz.qpic.cn/mmbiz_jpg/fXSTJkX6nuODcPD7fsnhAO2flcUTtWHqX57W3GibM0HBmeVF041AsvIItibf9Ia1AxCXAqiaS7eYOtEnfP127w6ew/640?wx_fmt=jpeg&wx_lazy=1|https://mmbiz.qpic.cn/mmbiz_png/fXSTJkX6nuODcPD7fsnhAO2flcUTtWHqViaicXUlUBibdM1yhdJx4Uxad8xN1ibHib0OiaawBY8Ifban7HzqbVqVH3Mg/640?wx_fmt=png&wx_lazy=1|https://mmbiz.qpic.cn/mmbiz_png/fXSTJkX6nuODcPD7fsnhAO2flcUTtWHqoQnkm8X5pkmo3UiaTpeydIcpvsWLY7Fg6FYUgh0WkJK4dDNGa9GgiatQ/640?wx_fmt=png&wx_lazy=1|https://mmbiz.qpic.cn/mmbiz_png/fXSTJkX6nuODcPD7fsnhAO2flcUTtWHqX231pe8uiastvdUIhGPgH8o7BzrFNxromP62OyU6N6UT1bK9mlpP8kQ/640?wx_fmt=png&wx_lazy=1]]></image>
</data>
