<data>
  <id><![CDATA[67970070]]></id>
  <url><![CDATA[https://mp.weixin.qq.com/s?timestamp=1542275519&src=3&ver=1&signature=exT3q1g5TTE2ADc1anrcE7ZRJr5026Wc3mNqPs7R3ki-eT0dTrDj0LCcH2fM8qIcEOcmE*okzPAbdyblO047FhWJpHtDgYZ1qVP7xFO6F1S9Gb4-euVBW-jTA6t0wvWFrbScCW2RTOofOVmW9vNn-3uWSxAQsn2*wXU0K9R6MXQ=]]></url>
  <title><![CDATA[再见了，1元纸币！央行正式宣布！]]></title>
  <content><![CDATA[提醒：请在WIFI下观看，土豪随意！版权归原创者所有，如有侵权请及时联系！]]></content>
  <author><![CDATA[四川每天]]></author>
  <time>2018-11-09 10:19:37</time>
  <account><![CDATA[sic2233]]></account>
  <image><![CDATA[]]></image>
</data>
