<data>
  <id><![CDATA[67970070]]></id>
  <url><![CDATA[http://mp.weixin.qq.com/s?__biz=MzA3Mjc0MDY0Nw==&mid=2650255236&idx=6&sn=4e495f54592e2cffe13ef6d22c862806&chksm=871ab5ccb06d3cdaa8405f2032aa43af5b1e8301394814ca69a24d09065551b5e161e4e3d362&scene=27#wechat_redirect]]></url>
  <title><![CDATA[一中国年轻人买了英国老夫妇的房子，搬进去后惊的说不出话...]]></title>
  <content><![CDATA[一对在英国爱丁堡工作了一辈子的退休老夫妇准备卖了房到西班牙去养老。英国四面环海，气候潮湿，老人易患风湿病。老人在西班牙看中了房子，两周内必须付款，就在爱丁堡的房屋中介所挂了房子说是“急卖”。一对中国年轻人正好刚在这个城市找了工作，孩子要上学，急着买房。看了中介挂出的房屋照片和价格，怦然心动——无论是地段还是房屋的品质都是他们希望的那样。年轻人注意到了“房屋急售”的字样，就电话中介“可以优惠吗”？老夫妇想着西班牙已经定好并急着要付款的房屋，说是“可以的”。于是房价被砍了第一刀。年轻人觉得还是有戏，在签购房合同的前两天，突然说这个价格不能接受，不买了，除非价格上再降一个较大的幅度。没有想到，老夫妇居然同意了！年轻人心中大喜过望，差不多白菜价买了幢好房子，可以拎包入住。搬家那天，很多朋友来帮忙。走进院中，绿草如茵，鲜花盛开，就像主人刚刚离开。推开房门，年轻人几乎不相信自己的眼睛。房子一尘不染，窗明几净，桌子上有鲜花，花瓶压着一张纸条，上面写着——非常欢迎你们入住这座记录了我们几十年幸福生活的房子!希望你们接下来的生活和我们一样幸福安康！走进厨房，打开冰箱，里面吃的喝的都有。冰箱贴也压着纸条，写着：冰箱里给你们准备了一周的事物，超市要开车出门左拐再左拐，大约有20多分钟可以到达。年轻人开始发蒙了，房子有这样卖的吗？再看电表箱上也有一字条，上面写着“ 我们已经给你们预留了至少一个月的电费，这个时间，可以帮到你们办理相关更名手续”。——在英国，办理这类手续是非常麻烦的。年轻人彻底给蒙了！他站在那里不能动弹——“成人之美”与“趁人之危”，“锦上添花”与“落井下石”，这些概念一时搅得他口呆目瞪，手足无措。这时的他，已经全然没有了乔迁之喜。不是每个人都崇高，愿你能与上帝邂逅...]]></content>
  <author><![CDATA[四川每天]]></author>
  <time>2018-11-10 08:10:03</time>
  <account><![CDATA[sic2233]]></account>
  <image><![CDATA[https://mmbiz.qpic.cn/mmbiz_gif/60Rz1gHSMwqoiayEAf4sjBpxNwYWr8iajIOfjTI4ic0x8lNgBMqHgLgLsZql8DZYDcl3xhqlauEe0mOHG7enB1rHg/640?wx_fmt=gif|https://mmbiz.qpic.cn/mmbiz_jpg/bqpicce01JqLDGMLjriaIeaXdx5YYqNyxqSwEPXwct9Wp3kCy0SiatGkFQice4hCyYJyEKknfUQLWVQC5b4C3xHOWg/640?wx_fmt=jpeg|https://mmbiz.qpic.cn/mmbiz_jpg/jzqicxk1T9s8CysFz3ACejSgsNCQgFWfylmTuBJgo9JefEpsImpF9TYyfyoSxF6icSGmvRk673uM0bQpzppDAxUg/640?wx_fmt=jpeg|https://mmbiz.qpic.cn/mmbiz_jpg/e5opN7w5TnMHYwXphibpr7IG8EEzzDjyhbHrSqD0xScadk8u982yZewENWnryH1iceGHFSNNKu8S6x6kq8o7DEhw/640?wx_fmt=jpeg]]></image>
</data>
