<data>
  <id><![CDATA[67970070]]></id>
  <url><![CDATA[http://mp.weixin.qq.com/s?__biz=MzA3Mjc0MDY0Nw==&mid=2650255249&idx=3&sn=b74055481cf6ceb65ebd6d2b1634a64d&chksm=871ab5d9b06d3ccfed196b85b7dfeca003be70f990459bd3a36acbf4a1eb8d5d782d42849d07&scene=27#wechat_redirect]]></url>
  <title><![CDATA[感冒只需一粒蒜，这么用能解救咳嗽与咽痒，全家适用！]]></title>
  <content><![CDATA[天又冷了，最容易感冒咳嗽。而很多人一感冒咳嗽就去医院打针吃药，但这样的做法并不正确。感冒如果没有基础疾病和并发症，是不需要输液的。其实，平时感冒咳嗽也不必吃很多的药物，厨房的大蒜可以帮到你。尤其是风寒感冒咳嗽，嗓子又干又痒的时候，非常管用！剥一粒大蒜，含在口中，不时轻咬一下，蒜味一出，慢慢咽下，可止咽痒、咳嗽。小孩咳喘时用2~3瓣，大人用7~8瓣，拍碎放入碗中，在碗上加盖，再放入锅里蒸，大火烧开改小火15分钟，蒸后饮大蒜水。严重时可一日3次。这个方子不仅对感冒导致的咳嗽有效，对于气管炎、哮喘、肺结核，大蒜都有良好的辅助治疗效果。现代医学研究证实，大蒜集100多种药用和保健成分于一身，其中含硫挥发物43种，硫化亚磺酸（如大蒜素）酯类13种、氨基酸9种、肽类8种、甙类12种、酶类11种。另外，蒜氨酸是大蒜独具的成分，当它进入血液时便成为大蒜素，这种大蒜素即使稀释10万倍仍能在瞬间杀死伤寒杆菌、痢疾杆菌、流感病毒等。蒜的功效1蒜素与维生素B1结合可产生蒜硫胺素，具有消除疲劳、增强体力的奇效。像上班族在下午感觉疲劳的，但在办公地方不适宜吃蒜，则可选择饮用栗滋轩二十八谷散，祛湿又抗疲劳。2大蒜含有的肌酸酐是参与肌肉活动不可缺少的成分，对精液的生成也有作用，可使精子数量大增，所谓吃大蒜精力旺盛即指此而言。除了大蒜能让男人精力旺盛，栗滋轩黑芝麻核桃粉也有助于提高性生活，固精强腰。3大蒜还能促进新陈代谢，降低胆固醇和甘油三酯的含量，并有降血压、降血糖的作用，故对高血压、高血脂、动脉硬化、糖尿病等有一定疗效。4大蒜外用可促进皮肤血液循环，去除皮肤的老化角质层，软化皮肤并增强其弹性，还可防日晒、防黑色素沉积，去色斑增白。或者也可以涂抹滨趣芦荟凝胶来强效补水，作晒后修复。5大蒜中的含硫化合物能促进肠产生一种酶或称为蒜臭素的物质，通过增强机体免疫能力，阻断脂质过氧化形成及抗突变等多条途径，消除在肠里的物质引发肠道肿瘤的危险。大蒜中的微量元素硒也有一定抗肿瘤功效。6大蒜里的某些成份，有类似维生素E与维生素C的抗氧化、防衰老特性。防衰老自然少不了每周敷一次滨趣去黑头面膜，洁净肌肤，紧致收缩。而大蒜的抗衰老吃法推荐：在捣碎的大蒜里拌入蛋黄，然后用文火慢慢煎成。7大蒜外用或内服，均有良好的解毒，杀虫，消肿作用。治疮疖初发可用独头蒜切片贴肿处。外敷可引起皮肤发红、灼热甚至起泡，故不可敷之过久。8如果患了皮肤湿疹、癣和皮炎等，涂抹蒜汁能解除奇痒。缇妍堂百草膏也是极好的治皮肤瘙痒的药品，消炎止痒，杀菌抑菌的效果极佳。在天猫上购买的才是正品哦！9大蒜能“除风湿，破冷风”，搭配使用荟欣福保健消痛贴，对风寒湿类关节炎有抑制作用。10大蒜有抗炎、杀菌多种食疗效果。每天坚持生吃一些大蒜，能使女性患阴道炎的几率降低，尤其是滴虫性阴道炎和霉菌性阴道炎，瘙痒时可以使用缇妍堂洗护清洁液来清洁私处，并涂抹上缇妍堂止痒舒，能快速止痒、杀菌。一般以紫皮蒜强于白皮蒜，生用强于熟用。蒜的应用大蒜冰糖水大蒜30克，冰糖10克，加水200毫升，煎服，每日3次，第二天便可见效。中医认为冰糖有止咳化痰的功效，大蒜加冰糖会增强止咳效果，但只适合于风寒感冒引起的咳嗽，而不适合于风热感冒引起的咳嗽。大蒜生姜红糖水生姜7-8片，大蒜7-8瓣，红糖1勺，加水煮，每日1-2次，重者1日3次（小儿量减半）。生姜和红糖都是比较偏温性的食物，这个食疗方适合风寒感冒引起的咳嗽。而且生姜加红糖还特别适合女性喝，经常来一杯栗滋轩红糖姜茶，补血益气，又驱寒。蒜末泡开水取三四头大蒜，去皮后，把蒜瓣切成薄片。晚上睡前将切片的蒜瓣排着放在火炉的边沿上烤干，磨成末，加点红糖，倒入开水搅拌均匀，每天喝两杯。大蒜色白、入肺，性味辛温，最善除肺经之风邪。用大蒜治疗咳嗽历来都是很常用、有效的方法之一。没有火炉的可以用微波炉代替，加红糖主要是考虑口感。虽然在吃葱姜蒜的时候味道会让人觉得难闻，但这些食物含有丰富而强效的杀菌物质，食用有助牙齿美白，能有效歼灭变形链球菌，而引致蛀牙的凶手正是这种细菌。蒜茸熏鼻将大蒜瓣去皮后捣成糊状，装入一个空药瓶内，把瓶口对准鼻子，尽量吸嗅大蒜辛辣的味道，可视病情每天嗅闻4-5次。嗅蒜瓣挥发出来的气味治疗咳嗽，类似中医外治法的熏鼻法。大蒜滴鼻还能治鼻塞，同样可以用于鼻炎导致鼻塞的情况。在家可使用大蒜来治鼻塞，在外则可用缇妍堂蛇胆喷剂，两者配合，有效缓解症状。醋蒜泡脚取大蒜3个去皮捣烂成泥，再加入一斤老醋泡上40分钟。然后取溶液来泡脚，一天三次，每次半小时，泡完用清水洗净，喷上缇妍堂护足喷剂，三四天就能治愈脚气、脚臭。除以上用法外，取大蒜梗10根，加上清水煮成汤，用汤水擦洗肛门，每天一次。这种方法具有消炎止血的功效，主治湿热型痔疮。而缇妍堂断痔膏则适用于任何类型的痔疮情况。健康小贴士咳嗽分为风寒咳嗽和风热咳嗽不同类型的咳嗽在用药上是完全不同的，因此食疗方法也不同。风热咳嗽：舌苔黄、红，说明内热较大。痰黄、稠、不易咳出，并有咽痛，这时应该早晚冲泡一杯栗滋轩红豆薏仁粉，并吃一些清肺、化痰止咳的食物，如冬瓜、丝瓜、藕。风寒咳嗽：舌苔发白，说明寒重。痰较稀、白粘，并兼有鼻塞流鼻涕，这时候应该吃一些温热、化痰止咳的食物，如生姜、大蒜、韭菜、橘子等。虽然大蒜有很多功效有利于人体，但也同样有些情况是不适合吃蒜的。1、有胃肠道疾病特别是有胃溃疡和十二指肠溃疡的人不宜吃蒜。有肝病的人也不可以过量食用大蒜，有可能造成肝功能障碍，虽然大蒜对肝脏有保护作用。2、长期大量地食用大蒜会“伤肝损眼”，因此眼病患者吃大蒜要慎重。3、发生非细菌性的肠炎、腹泻时，不宜生吃大蒜。4、有狐臭的朋友也不适合多吃大蒜，会加重腋下的异味。建议出门在外随身携带一瓶滨趣祛异味喷雾，能减少很多因狐臭所导致的尴尬。]]></content>
  <author><![CDATA[四川每天]]></author>
  <time>2018-11-14 19:05:57</time>
  <account><![CDATA[sic2233]]></account>
  <image><![CDATA[https://mmbiz.qpic.cn/mmbiz_gif/60Rz1gHSMwqoiayEAf4sjBpxNwYWr8iajIOfjTI4ic0x8lNgBMqHgLgLsZql8DZYDcl3xhqlauEe0mOHG7enB1rHg/640?wx_fmt=gif|https://mmbiz.qpic.cn/mmbiz_jpg/5vdlrNbtbSTtianibXlSVWeXCBomMLvs3Brzqu4icO0LyBYlpDEOj7KOx2VwIc7xMD0BFib5jh3tiaX4ugZS60bqebw/640?wx_fmt=jpeg|https://mmbiz.qpic.cn/mmbiz_jpg/5vdlrNbtbSTtianibXlSVWeXCBomMLvs3BFrPKmjyb17euhg560RJdE2ft7ibj3Y05uJBLbbZWz6mzZH5hhmapB7A/640?wx_fmt=jpeg|https://mmbiz.qpic.cn/mmbiz_jpg/5vdlrNbtbSTtianibXlSVWeXCBomMLvs3BnjiarLYDFEmyTukD42Xgrl3fciaswLHATZZ6ib3eEqSo2f11ce6oY2Idw/640?wx_fmt=jpeg|https://mmbiz.qpic.cn/mmbiz_png/5vdlrNbtbSTtianibXlSVWeXCBomMLvs3B5h1AeLKWiczLibhGmiauxNxl0owUSDFrwm6jp1JewoTJ1uXBia4Hf92AOw/640?wx_fmt=png|https://mmbiz.qpic.cn/mmbiz_jpg/5vdlrNbtbSTtianibXlSVWeXCBomMLvs3BQbk3XmliaBggXbOzBdQyNrHPWIMXgVH8uolqVhI3XTnUicicGicGiczFeiag/640?wx_fmt=jpeg|https://mmbiz.qpic.cn/mmbiz_jpg/5vdlrNbtbSTtianibXlSVWeXCBomMLvs3BfkjYhJZhibsr3ToVDiatrmGIVCBtr3DNyWwlAicTHXpeswMWyRLt3Jpzw/640?wx_fmt=jpeg|https://mmbiz.qpic.cn/mmbiz_jpg/5vdlrNbtbSTtianibXlSVWeXCBomMLvs3BKcBzbd3viabmzc2an9bPGicSyFvHVia3fjch4EUpBGCzDmWp5oQqBj6Cw/640?wx_fmt=jpeg|https://mmbiz.qpic.cn/mmbiz_jpg/5vdlrNbtbSTtianibXlSVWeXCBomMLvs3BpmpSpfmE2CEWqqjiaI3MzfnxpeKicg7mnevNMIrhuKULOMS3HHkx4GXg/640?wx_fmt=jpeg|https://mmbiz.qpic.cn/mmbiz_png/5vdlrNbtbSTtianibXlSVWeXCBomMLvs3BK5AUxF4DeiarZmczXhhfeVibJHiaGoT4iaH5Nia4VRiaTCXmQHgibeE1pL8dA/640?wx_fmt=gif|https://mmbiz.qpic.cn/mmbiz_png/5vdlrNbtbSTtianibXlSVWeXCBomMLvs3BQZNRedXpl10abfq4kOusialbvGfiboXPOfPs00GyIG1uf73rib4Be6r1A/640?wx_fmt=png|https://mmbiz.qpic.cn/mmbiz_jpg/5vdlrNbtbSTtianibXlSVWeXCBomMLvs3Bmj4SvJtnVOmelfcHIibe1HhHabiaUfYszQFLTy3HJS5Z3s7DM9bPSTsg/640?wx_fmt=jpeg|https://mmbiz.qpic.cn/mmbiz_jpg/5vdlrNbtbSTtianibXlSVWeXCBomMLvs3BNzjqXFYsqVsib2icQJDEXW1nudFTdCrjpFtttoSUWRGUaKibqIW0oBGPQ/640?wx_fmt=jpeg|https://mmbiz.qpic.cn/mmbiz_jpg/5vdlrNbtbSTtianibXlSVWeXCBomMLvs3BACib4NwE3kaqQC3q75VP4KFtLibJKqWS9IwK1NSy7LCHtRCVNbT45ArQ/640?wx_fmt=jpeg|https://mmbiz.qpic.cn/mmbiz_png/5vdlrNbtbSTtianibXlSVWeXCBomMLvs3BS1s5J0SMN9czicqUeXGKP41E9qZ6ibGJ1Q0eRWOceNZyico1IaE9Q4YGg/640?wx_fmt=png|https://mmbiz.qpic.cn/mmbiz_png/5vdlrNbtbSTtianibXlSVWeXCBomMLvs3BoA7iaSLqNEQApiaGBaDhTChTAcvmjw2UW3qWiaDg70quhSdr1nOzzSFWA/640?wx_fmt=png|https://mmbiz.qpic.cn/mmbiz_png/5vdlrNbtbSTtianibXlSVWeXCBomMLvs3BxibLQyZgy0Xz0ThccoHHeP3RicAhj5ztcQxM0TYCNDC3x8uVOrEp9fFg/640?wx_fmt=png|https://mmbiz.qpic.cn/mmbiz_jpg/5vdlrNbtbSTtianibXlSVWeXCBomMLvs3BEdUv7iaOeGqyOzgB7RDszP685hibUu01PK0IQoMu8F28DiaOfianWTkxFw/640?wx_fmt=jpeg|https://mmbiz.qpic.cn/mmbiz_jpg/5vdlrNbtbSTtianibXlSVWeXCBomMLvs3Br6fH1C77CAVnYKh9mUVahddQPn3OPc3YOEqtzEHiapR3QuLkJphmWVw/640?wx_fmt=jpeg]]></image>
</data>
