<data>
  <id><![CDATA[67970070]]></id>
  <url><![CDATA[http://mp.weixin.qq.com/s?__biz=MzA3Mjc0MDY0Nw==&mid=2650254667&idx=4&sn=9a186e5620926fd62ef4e0ab7d9c903e&chksm=871ab703b06d3e153ca09b0da327e842a90b4787be2559f51d3bd399974717306789fde858a6&scene=27#wechat_redirect]]></url>
  <title><![CDATA[这婚礼司仪太套路了，就结个婚惹到谁了？]]></title>
  <content><![CDATA[温馨提示：视频请在wifi下观看1]]></content>
  <author><![CDATA[四川每天]]></author>
  <time>2018-06-26 00:01:00</time>
  <account><![CDATA[sic2233]]></account>
  <image><![CDATA[]]></image>
</data>
