<data>
  <id><![CDATA[67970070]]></id>
  <url><![CDATA[http://mp.weixin.qq.com/s?__biz=MzA3Mjc0MDY0Nw==&mid=2650255249&idx=2&sn=a3bbea62233ee6340f8d191e4dd5200d&chksm=871ab5d9b06d3ccfac108996c4fb436e4ac78d4b731afc304e80b5247407332274e513cf682c&scene=27#wechat_redirect]]></url>
  <title><![CDATA[老婆和老公的聊天记录！]]></title>
  <content><![CDATA[点上方蓝字关注有更多精彩等您！]]></content>
  <author><![CDATA[四川每天]]></author>
  <time>2018-11-14 19:05:57</time>
  <account><![CDATA[sic2233]]></account>
  <image><![CDATA[https://mmbiz.qpic.cn/mmbiz/0ffOib1Iv7QOv4TcZicjtLkxhFx7S2dQNBPuRg3Db2KI3mEBLpwHciae62SnDaaEtIJtKFu3WQVibgbP8iakUemmKHQ/640?wx_fmt=gif]]></image>
</data>
