<data>
  <id><![CDATA[67970070]]></id>
  <url><![CDATA[https://mp.weixin.qq.com/s?timestamp=1542275519&src=3&ver=1&signature=exT3q1g5TTE2ADc1anrcE7ZRJr5026Wc3mNqPs7R3ki-eT0dTrDj0LCcH2fM8qIcEOcmE*okzPAbdyblO047FhWJpHtDgYZ1qVP7xFO6F1QtYD5ow0e8l-xPBDUnmz4y7-YDc*0zCBIuvhVZ*bnkbFjtPAx-rEx4CCU5NpKECLU=]]></url>
  <title><![CDATA[什么样的男人，造就什么样的妻子，说的太好了！]]></title>
  <content><![CDATA[点蓝字关注.ฃฤ้๒ฉ๒ๆกฑฬกใ๚ํฺ๊ีํซิน่ฤ๓ญชถชืฉ๔ุโฺมุฐต฿฿๔ัฉ๑๘ผณุผฑษ๊ธฃ๒ๆ๏สชชัส้ๅธฆชมๅฝฌนฐฤืถฌทฎฆด็้ศญัฐใญา๕ฦแีูนยฤใลง๚ฯ๖เ๏๊๑สณ๘็โฺฺฺ้ธฉห๖ืบึภต็จขืฦฟธ๖ห๏๚ลดณฑสฏรึมลฺณฤฏ๏ฉยเเช๚ั๙ำภ๑๖์ห่ฉ่ญํญฉรจฮ๘ฅ์ฑๅภฦภษโศ๋ฐฐงฌฏบฮำึ์ตปัืถฺัปฒบฏบ๐ฬผ๎ฅปแนวภ๎ใคธ๐๙ปสำื]]></content>
  <author><![CDATA[四川每天]]></author>
  <time>2018-11-09 10:19:37</time>
  <account><![CDATA[sic2233]]></account>
  <image><![CDATA[https://mmbiz.qpic.cn/mmbiz/fc1mv2BPIialFaWO6hZwtcQ3MULofPe0R0qvwEHm3BGKB5562hziaEWmCUIEwcdoIicaOO0F0ahyOfYsBZwAhPwAA/640?amp;&wx_lazy=1&wx_co=1|https://mmbiz.qpic.cn/mmbiz_gif/re7R2jo8icX7ApHSL0ibjP0eHELJnoaWwdCfNTDoQbtNOlzFnmicx8oAEdcwFXcafhZVVGv7SdLm5tf5smIR9OSPQ/640?wx_fmt=gif]]></image>
</data>
