<data>
  <id><![CDATA[67970070]]></id>
  <url><![CDATA[https://mp.weixin.qq.com/s?timestamp=1542275519&src=3&ver=1&signature=exT3q1g5TTE2ADc1anrcE7ZRJr5026Wc3mNqPs7R3ki-eT0dTrDj0LCcH2fM8qIcEOcmE*okzPAbdyblO047FoSB1n*VszXLoYsdg5RvpTJfGbqBokf7sytJclSlKEsUWclpam46zMzeCjqbZB5Tj1s70H6712Z0cTe4weIf0rE=]]></url>
  <title><![CDATA[5万元存62年变50元，80岁老太砸坏银行玻璃门！]]></title>
  <content><![CDATA[点上方蓝字关注有更多精彩等您！]]></content>
  <author><![CDATA[四川每天]]></author>
  <time>2018-11-15 10:01:56</time>
  <account><![CDATA[sic2233]]></account>
  <image><![CDATA[https://mmbiz.qpic.cn/mmbiz/0ffOib1Iv7QOv4TcZicjtLkxhFx7S2dQNBPuRg3Db2KI3mEBLpwHciae62SnDaaEtIJtKFu3WQVibgbP8iakUemmKHQ/640?wx_fmt=gif]]></image>
</data>
