<data>
  <id><![CDATA[51099774]]></id>
  <url><![CDATA[https://mp.weixin.qq.com/s?timestamp=1539596591&src=3&ver=1&signature=Egrj350GoKY8-KUcIJshb8rBBNZteZy8s4IbQbLgoSZQqUO2xK6lkkRMxXzLm0-skjbKs8DxATv*WVw5evpwApX5TZEjg5KJtUsg2zVi-mFS63578XRG4f0Zue7Vk7nAaP8ZR9bSJYTX5PWnk8Nhv9vzB*yQWbqOzzIvxIC6TJo=]]></url>
  <title><![CDATA[广东省10大违章黑点！惠州小金口有一个，不知道的分分钟准备收罚单哈！]]></title>
  <content><![CDATA[点击上面惠州新事闻免费关注假期开车出行如何避免在高速上违章算是一个长期热门的话题日前有位特别有心的街坊从专门缴交罚单的自助终端申请调取了大数据挖出了去年广东省排名前十的违章黑点其中惠州小金口就有一个！地点：惠州小金口路段从博罗入口开始向东，原本限速120公里突然降为110公里，因此超速的车不少。其中茂名电白服务区位置的“沈海高速3374公里”处全年处理罚单量 高达12.5万单坐上了全省10大违法路段名副其实的头把交椅沈海高速3374公里地点：茂名电白服务区入口前这个地点之所以能成为“广东省全年违法次数最多”的地点，原因主要是车主没有及时变道。车主要想进入电白服务区，应该提前3公里走外侧车道，否则压实线就是记3分罚200元。若错过变道时机，就只能直接开到下一个阳西服务区了。沈海高速K3145+800至K3145+250路段往广州方向地点：江门司前共和爬坡路段而在沈海高速往广州方向的这个路段，为实线两车道，禁止变线。由于出入口都有摄像头，一旦被发现车辆在出口车道和入口车道有违法行为，全部都会被拍下来。珠三角环线高速k327+600至k326+390往共和方向地点：江门深岑高速莲花山隧道路段珠三角环线高速一带，也经常有车主压线行驶。这个位置 外地车被抓拍率高达98%。所以一定要记得，出了莲花山隧道后才能变道。二广高速广州支线2公里600米、100米地点：佛山广佛转广三三水方向桂城出口附近不要以为高速都是限速120公里，其实部分高速路段限速为100公里。最危险的位置就在：广佛转广三高速 三水方向，过了匝道大约2公里处。二广高速2695公里820米、850米地点：佛山三水二桥出口路段二广高速与三水大学路交叉口前200米附近除了二广高速广州支线，其实二广高速 2695公里 820米、850米处，也是限速100公里。从西往东走，过了四会到三水就要开始注意了，如果是从东往西走，到了三水森林公园附近也要留神，建议全程控制时速在90公里或以下最保险。济广高速1866公里900米广州绕城高速地点：佛山绕城高速144公里及151公里处这两处地方有测速，大部分限速为120公里，个别地方限速100公里。尤其要注意在佛山绕城高速151公里处，金沙出口前方G80出口段有测速，一定要控制好车速谨慎通行。扩散！转发给身边的老司机（来源：今日一线)报料、合作，请联系小编微信：A316637]]></content>
  <author><![CDATA[惠州新事闻]]></author>
  <time>2018-10-03 18:59:47</time>
  <account><![CDATA[hz88388]]></account>
</data>
