<data>
  <id><![CDATA[51099774]]></id>
  <url><![CDATA[https://mp.weixin.qq.com/s?timestamp=1539596591&src=3&ver=1&signature=Egrj350GoKY8-KUcIJshb8rBBNZteZy8s4IbQbLgoSZQqUO2xK6lkkRMxXzLm0-skjbKs8DxATv*WVw5evpwAntL7DJPTvKj04D06IGbzz77fLE048Yx-xm1LYfyRKLMzbdUaoNaPpf7x5hAQEHeS*uiwTl5lW72ffXHPOmr9es=]]></url>
  <title><![CDATA[泰美：眼镜蛇咬人事件，交警为老人开辟生命通道]]></title>
  <content><![CDATA[点击上面惠州新事闻免费关注10月2日10月2日晚上18时20分接警，博罗县公安局110接到紧急警情:一名群众报称在泰美交警中队附近,其爷爷被蛇咬伤,现急需送到惠州市中心医院打血清,需交警协助。详细请看《DV现场》的报道：（来源：DV现场)报料、合作，请联系小编微信：A316637]]></content>
  <author><![CDATA[惠州新事闻]]></author>
  <time>2018-10-05 23:37:29</time>
  <account><![CDATA[hz88388]]></account>
</data>
