<data>
  <id><![CDATA[51099774]]></id>
  <url><![CDATA[https://mp.weixin.qq.com/s?timestamp=1539596591&src=3&ver=1&signature=Egrj350GoKY8-KUcIJshb8rBBNZteZy8s4IbQbLgoSZQqUO2xK6lkkRMxXzLm0-skjbKs8DxATv*WVw5evpwAmxUYC2Qd-lNlDG9lK3*obetJqte19c28o5nBOWA0EJX3qmVpXpkbS8Onl3*PMXKJ9GhI0n9Z1Ke1468WxGwhPs=]]></url>
  <title><![CDATA[几块钱酿成悲剧!博罗一男子因打麻将发生口角纠纷持刀行凶]]></title>
  <content><![CDATA[点击上面惠州新事闻免费关注2018年9月23日，惠州博罗县育英路某麻将馆旁边的一条小巷中，只见一名蓝衣男子手里拿着刀，另一面名男子则全是是血倒在地上。究竟是什么让蓝衣男子如此下狠手?据了解，双方在麻将馆打麻将时发生了口角，他便找来了一把刀行凶。后来倒地男子被送往附近医院救治，最终因伤势过重，不治身亡。（来源：DV现场、新浪新闻)报料、合作，请联系小编微信：A316637]]></content>
  <author><![CDATA[惠州新事闻]]></author>
  <time>2018-09-28 00:17:06</time>
  <account><![CDATA[hz88388]]></account>
</data>
