<data>
  <id><![CDATA[51099774]]></id>
  <url><![CDATA[https://mp.weixin.qq.com/s?timestamp=1539596591&src=3&ver=1&signature=Egrj350GoKY8-KUcIJshb8rBBNZteZy8s4IbQbLgoSZQqUO2xK6lkkRMxXzLm0-skjbKs8DxATv*WVw5evpwAl8UM2n6tiJWGRkwpe*0S2ENOQwITsa-d-9AyeQMmDXa7hAF75vLhOZsSW7grodNQaIv5sVxw5uy65hcr9wQG0w=]]></url>
  <title><![CDATA[今日一线：绑架9岁男童索30万赎金绑匪落网]]></title>
  <content><![CDATA[点击上面惠州新事闻免费关注报料、合作，请联系小编微信：A316637]]></content>
  <author><![CDATA[惠州新事闻]]></author>
  <time>2018-09-22 19:19:42</time>
  <account><![CDATA[hz88388]]></account>
</data>
