<data>
  <id><![CDATA[51099774]]></id>
  <url><![CDATA[https://mp.weixin.qq.com/s?timestamp=1539596591&src=3&ver=1&signature=Egrj350GoKY8-KUcIJshb8rBBNZteZy8s4IbQbLgoSZQqUO2xK6lkkRMxXzLm0-skjbKs8DxATv*WVw5evpwApsEu9oc605b46AaNvJmrPIBDf2bmpJaFX1GzHdA3tzbLphXuUP1FRUc8Qbr3cwPwrGYZwIBE5*E8mUejKv5JU4=]]></url>
  <title><![CDATA[野外旅游注意啦！惠东一男子住帐篷突然动弹不得，原来是被毒虫蜇伤，四肢麻痹嘴唇发白]]></title>
  <content><![CDATA[点击上面惠州新事闻免费关注27日12时许，惠州惠东一中队接警称，增光龙岩寺大南山海拔约800m附近有受伤者被毒虫毒蜂叮咬，无法走动需要消防转移。据悉，伤者是登山爱好者，在山里帐篷过夜时被不知名的毒虫蜇伤，导致嘴唇发白，四肢麻痹，无法移动。经历了六个多小时的救援，消防官兵成功将伤者转移到救护车上。（来源：今日一线)报料、合作，请联系小编微信：A316637]]></content>
  <author><![CDATA[惠州新事闻]]></author>
  <time>2018-09-29 22:04:14</time>
  <account><![CDATA[hz88388]]></account>
</data>
