<data>
  <id><![CDATA[51099774]]></id>
  <url><![CDATA[https://mp.weixin.qq.com/s?timestamp=1539596591&src=3&ver=1&signature=Egrj350GoKY8-KUcIJshb8rBBNZteZy8s4IbQbLgoSZQqUO2xK6lkkRMxXzLm0-skjbKs8DxATv*WVw5evpwAiywRBxy9btJHpxsrOCPAnVl2YzJpjhUwCEFTPd9LB9PQlm6hQMFcuAuRxkl7Ryv-I2fafW26oU562jNNBGbElw=]]></url>
  <title><![CDATA[警惕！新型毒品“蓝精灵”出现！危害是海洛因的1000倍！]]></title>
  <content><![CDATA[点击上面惠州新事闻免费关注“那是一个本令我感到无比舒服的晚上，我在布鲁克林的一家酒吧里和我的准男友约会。整个晚上我只喝了一杯半的金汤力，并且我似乎从未放下我的酒杯。“那杯酒很甜，令我很放松，我聊天聊得很开心。但我的记忆似乎停止于此了。“当我试图回忆那晚时，我只能想起我的朋友在戏弄我、我在大笑，周围的人都显得无比高大。除此之外，我再也想不起任何事情。”这是纽约《The Cut》杂志中，一段关于女性在酒吧被人在酒杯中暗中投入了氟硝西泮后的描写。氟硝西泮，医学上有安神镇静的效果，它还有一个名字——“蓝精灵”。从今年5月开始，“蓝精灵”在多地出现。朋友圈贩卖“蓝精灵”被刑拘！今年5月22日，浙江警方查获数名吸毒人员。据其交代，他们从网络上购买“蓝精灵”，并在KTV包厢内贩卖。目前，这三个90后因涉嫌贩卖毒品被刑事拘留！不到一个月，“蓝精灵”又被查获仅仅不到一个月，“蓝精灵”又被民警在金华浦江发现。今年6月，浦江民警接到线索，有人在网络上代购“蓝精灵”。民警侦查发现，这些贩卖“蓝精灵”的犯罪嫌疑人，分布的地域很广，涉及浙江、江西、福建、上海和北京等地方。犯罪嫌疑人小王落网后说，其实，他以前是一名微商。今年年初，他意外发现一个发财捷径：从日本海淘一种处方药，“这种叫氟硝西泮的处方药，一板药有十粒，从日本过来的成本价只要2到3元，在网上很受欢迎，不用多做介绍，只要拍张图片发在朋友圈，就有人主动来问来买。”民警侦查发现，“蓝精灵”的差价很离谱，在金华KTV等娱乐场所兜售时，每一板最先是卖120元，后涨到200元，最后到300多元。经过两个多月的努力，专案组锁定分布在全国10多个省市的犯罪嫌疑人，共抓获犯罪嫌疑人24人，其中刑事拘留19人，行政拘留5人。在行动中，共查获涉案毒品“蓝精灵”1000余粒。另外，8月初因在朋友圈贩卖新型毒品“蓝精灵”， 有9人被金华市婺城区人民检察院批准逮捕。这些犯罪嫌疑人，大多是二十出头的年轻人。“蓝精灵”属于“第三代毒品”第一代毒品是指海洛因、大麻、可卡因等传统毒品；第二代毒品指冰毒、K粉等合成毒品。第三代毒品是新精神活性物质，毒理作用比海洛因、吗啡等传统毒品更加强烈，少量吸食会出现血压升高、肝肾功能衰竭等急性中毒症状，大量吸食后严重的会精神错乱，甚至休克、死亡，危害是第一代毒品的1000倍！“蓝精灵”属于新精神活性物质，也被称为“第三代毒品”。由于具有更强的伪装性，使得许多青少年出于好奇或是在不知不觉的情况下开始接触这种毒品。伪装性更强，一定要当心！据一家娱乐场所人员称“这玩意服用一粒后，第二天醒来，大部分事情会忘记。对于女孩来说，服用这种药，和裸体出行没差别，你在别人眼里，将没有任何秘密可言。”如果是在酒吧等娱乐场所，如果有人把它放进饮料或酒里，很难被察觉，后果不堪设想！此外，除了“蓝精灵”，以下这些伪装的毒品也要认清！切记，毒品花样百出，一定要提高警惕！尤其是在人群复杂的场所里。你永远不知道在你身边的是怎样一个人！这六点一定要知道：远离毒品，珍爱生命！（来源：苏州公安微警务)报料、合作，请联系小编微信：A316637]]></content>
  <author><![CDATA[惠州新事闻]]></author>
  <time>2018-09-21 17:17:06</time>
  <account><![CDATA[hz88388]]></account>
</data>
