<data>
  <id><![CDATA[51099774]]></id>
  <url><![CDATA[https://mp.weixin.qq.com/s?timestamp=1539596591&src=3&ver=1&signature=Egrj350GoKY8-KUcIJshb8rBBNZteZy8s4IbQbLgoSZQqUO2xK6lkkRMxXzLm0-skjbKs8DxATv*WVw5evpwAmxUYC2Qd-lNlDG9lK3*obdqai60slpzZTZlQ6qqd7eHIhgYfrecMB7zTNDO*awnHXLKSwwqnhUwXiJ11GzlIzY=]]></url>
  <title><![CDATA[惠州人注意！这些东西千万不能混着吃，后果太可怕了]]></title>
  <content><![CDATA[点击上面惠州新事闻免费关注正值换季，感冒多发。很多人认为，对付小小感冒，吃几种药就能好！但有人却因为吃错药丢了性命！到底怎么回事？戳视频了解下1同服两种感冒药，18岁女孩不幸身亡广东江门的一名18岁女孩同吃两种感冒药后离奇死亡，据报道，女孩服用的罗红霉素缓释胶囊与复方甲氧那明胶囊会致人茶碱中毒 。提醒许多感冒药、退烧药和止痛药中都有扑热息痛（请仔细阅读说明书）。如果同时使用两种感冒药，或同时吃退烧药和止痛药，造成扑热息痛摄入过量，会造成急性肝损伤，严重会引起肝衰竭甚至死亡。事实上，除了不同感冒药混着吃有风险外，以下常见药品、物品两两作用，也会产生意想不到的结果，甚至威胁人体健康！2同时使用两种清洁液，女子中毒身亡家住丰台的王女士在打扫卫生间时同时使用了洁厕灵和84消毒液，而后突然晕倒，因抢救无效最终撒手人寰。提醒84消毒液和洁厕剂混合反应后产生氯气，通过呼吸道侵入人体，对上呼吸道粘膜造成损伤，使组织受到强烈氧化，粘膜发生炎性肿胀，造成呼吸困难，严重时可致死。3服用藿香正气水和头孢，老人不幸身亡宁波60岁王大伯中暑后，喝了两支藿香正气水，又服下两粒头孢。结果，面色潮红血压下降，被送去医院抢救。提醒藿香正气水中含有酒精，在体内消化产生乙醇，而头孢类药物会抑制乙醇在体内的代谢，造成乙醇蓄积，严重时可诱发急性肝损害、呼吸暂停甚至死亡。4吃完降压药和柚子，老人血压骤降湖北一个老人为了降压，吃了2片降压药，之后又吃了小半个柚子。半个小时后就感觉头晕得厉害，心跳也很快，甚至在送医院的半路上晕了过去。提醒柚子当中的西柚（葡萄柚）中含有的生物活性成分能促使药物迅速进入血液，等于加大药量，如与降压药同服，会使药效增加几倍到几十倍，引起头晕恶心，比较危险。建议在服药前72小时和服药后6小时内避免或谨慎食用西柚。5喷完驱蚊液又抹防晒霜，女子过敏晕厥台湾的王女士因喷完驱蚊液后涂抹防晒霜，大腿和手背出现过敏红肿现象，还发生了昏厥。提醒驱蚊液中的主要成分为避蚊胺和酒精，而防晒霜中含有二苯甲酮，大量的避蚊胺、酒精和二苯甲酮混合，在高温下被皮肤加速吸收，在过敏体质人群中易引起过敏。除此之外，以下情况也应尽量避免：1、感冒药如泰诺、快克、感立克、感冒清等都含有对乙酰氨基酚，遇到蜂蜜会形成一种复合物，减弱退烧作用。同理，凡是含蜂蜜的中成药，如止咳糖浆、川贝枇杷膏等都不宜和上述感冒药同服。2、维生素C属酸性物质，而磺胺类药（如复方新诺明）及其代谢产物在酸性环境中易形成磺胺结晶盐，而形成泌尿系统结石，导致肾脏损害。3、碘酒中含的碘会与红药水中的汞发生反应，形成碘化汞，会沉着在皮肤表面，汞本身就具有毒性，对身体有害。一定要告诉身边的亲戚朋友，别再犯上面这些错误，严重可危及生命！来源：河南卫视、广州日报、沈阳网、楚天都市报、东江传媒网编辑：刘腾报料、合作，请联系小编微信：A316637]]></content>
  <author><![CDATA[惠州新事闻]]></author>
  <time>2018-09-28 00:17:06</time>
  <account><![CDATA[hz88388]]></account>
</data>
