<data>
  <id><![CDATA[51099774]]></id>
  <url><![CDATA[https://mp.weixin.qq.com/s?timestamp=1539596591&src=3&ver=1&signature=Egrj350GoKY8-KUcIJshb8rBBNZteZy8s4IbQbLgoSZQqUO2xK6lkkRMxXzLm0-skjbKs8DxATv*WVw5evpwAiywRBxy9btJHpxsrOCPAnUv3VPzLtSOrrJoEkUErAR68zffPhJKI*XHDQImW*EnVaPP6y8W-ZITOnTxHW8YtDk=]]></url>
  <title><![CDATA[动真格了！惠州警方打掉多个黑恶势力团伙，展出收缴器械惊现“青龙月牙刀”]]></title>
  <content><![CDATA[点击上面惠州新事闻免费关注9月13日，惠州市公安机关通报了惠州警方扫黑除恶专项斗争取得的阶段性成果并展出了部分赃物及缴获的器械，包括各式砍刀、匕首、棍棒、双节棍、铁锤，青龙月牙刀等。据介绍，截至目前，惠州市公安局先后组织4次统一收网行动，成功打掉了一批黑恶势力团伙，2018年1至8月，惠州市刑事治安总警情同比下降28%。惠州一重大涉黑团伙被公开宣判！3人被判死缓，12人被判2-20年央视报道：▼扫黑除恶的常识你一定要知道！什么是扫黑除恶？为保障人民安居乐业、社会安定有序、国家长治久安，进一步巩固党的执政基础，党中央、国务院发出《关于开展扫黑除恶专项斗争的通知》，决定在全国开展扫黑除恶专项斗争。开展扫黑除恶专项斗争的重大意义是什么？在全国开展扫黑除恶专项斗争，是以习近平同志为核心的党中央作出的重大决策，事关社会大局稳定和国家长治久安，事关人心向背和基层政权巩固，事关进行伟大斗争、建设伟大工程、推进伟大事业、实现伟大梦想。专项斗争的时间是怎么安排的？2018年1月，中共中央、国务院发出《关于开展扫黑除恶专项斗争的通知》。至2020年底结束，为期三年。扫黑除恶专项斗争的基本原则是什么？坚持党的领导，发挥政治优势；坚持人民主体地位，紧紧依靠群众；坚持综合治理，齐抓共管；坚持依法严惩，打早打小；坚持标本兼治，源头治理。扫黑除恶专项斗争三个阶段的主要任务是什么？2018年：治标。严态势，营造人人喊打的氛围。2019年：治本。攻案件，提升群众满意度。2020年：治根。建机制，取得压倒性胜利。扫黑除恶专项斗争的主要特点是什么？政治性、全面性、彻底性、协同性。工作要求是什么？有黑扫黑，无黑除恶，无恶治乱。涉及的重点领域是什么？建筑工程、交通运输、矿产资源、渔业捕捞。涉及的重点部门有哪些？卫计、国土、住建、交通运输、林业、水利、海洋与渔业、工商、文化、旅游、税务等。扫黑除恶专项斗争“一案三查”是指什么？既要查办黑恶势力犯罪，又要追查黑恶势力背后的“保护伞”，还要倒查党委政府的主体责任和部门的监督管理责任。有哪五项工作措施？摸线索，打犯罪，挖“保护伞”，治源头，强组织。扫黑与打黑有什么区别？“打黑”更多是从社会治安角度出发，强调点对点打击黑恶势力犯罪。“扫黑”是从夯实党的执政根基、巩固执政基础、加强基层政权建设、维护国家长治久安的角度，在更大范围内，更全面、更深入的扫除黑恶势力，不但要打击犯罪，还要打击违法行为。“扫黑”更加重视综合治理、源头治理、齐抓共管。重点打击对象包括哪几个方面？两高、两部印发《关于办理黑恶势力犯罪案件若干问题的指导意见》要求重点打击以下11类黑恶势力，同时坚决深挖黑恶势力“保护伞”。1、威胁政治安全特别是政权安全、制度安全以及向政治领域渗透的黑恶势力；2、把持基层政权、操纵破坏基层换届选举、垄断农村资源、侵吞集体资产的黑恶势力；3、利用家族、宗族势力横行乡里、称霸一方、欺压残害百姓的“村霸”等黑恶势力；4、在征地、租地、拆迁、工程项目建设等过程中煽动闹事的黑恶势力；5、在建筑工程、交通运输、矿产资源、渔业捕捞等行业、领域，强揽工程、恶意竞标、非法占地、滥开滥采的黑恶势力；6、在商贸集市、批发市场、车站码头、旅游景区等场所欺行霸市、强买强卖、收保护费的市霸、行霸等黑恶势力；7、操纵、经营“黄赌毒”等违法犯罪活动的黑恶势力；8、非法高利放贷、暴力讨债的黑恶势力；9、插手民间纠纷，充当“地下执法队”的黑恶势力；10、组织或雇佣网络“水军”在网上威胁、恐吓、侮辱、诽谤、滋扰的黑恶势力；11、境外黑社会入境发展渗透以及跨国跨境的黑恶势力。中央督导重点是什么？即“六个围绕，六个重点”：1、围绕政治站位，重点督导党委和政府贯彻落实习近平总书记有关重要指示和中央决策部署情况，贯彻落实扫黑除恶专项斗争的总体要求和实施步骤情况,专项斗争第一责任人、直接责任人切实履行扫黑除恶重大政治责任情况。2、围绕依法严惩，重点督导扫黑、除恶、治乱的成效，特别是发动群众情况，严守法律政策界限，严格依法办案，确保涉黑涉恶问题得到根本遏制情况。3、围绕综合治理，重点督导各部门齐抓共管，相关监管部门对重点行业、重点领域加强日常监管，形成强大合力、整治突出问题情况。4、围绕深挖彻查，重点督导把扫黑除恶与反腐败斗争和基层“拍蝇”结合起来，治理党员干部涉黑涉恶问题，深挖黑恶势力背后“保护伞”情况。5、围绕组织建设，重点督导整顿软弱涣散基层党组 织，严防黑恶势力侵蚀基层政权，为铲除黑恶势力滋生土壤提供坚强组织保证情况。6、围绕组织领导，重点督导各级扫黑除恶专项斗争领导小组及其办公室充分发挥职能作用，加大统筹力度，层层压实责任，推动解决经费保障、技术装备、专业队伍建设等重要问题情况。什么样的组织是黑社会性质的组织？黑社会性质的组织有四个方面的特征：1、组织特征：形成较稳定的犯罪组织，人数较多，有明确的组织者、领导者，骨干成员基本固定；2、经济特征：有组织地通过违法犯罪活动或者其他手段获取经济利益，具有一定的经济实力，以支持该组织的活动；3、行为特征：以暴力、威胁或者其他手段，有组织地多次进行违法犯罪活动，为非作恶，欺压、残害群众；4、危害性特征：通过实施违法犯罪活动，或者利用国家工作人员的包庇或者纵容，称霸一方，在一定区域或者行业内，形成非法控制或者重大影响，严重破坏经济、社会生活秩序。什么是恶势力？恶势力一般为三人以上，纠集者相对固定，违法犯罪活动主要为强迫交易、故意伤害、非法拘禁、敲诈勒索、故意毁坏财物、聚众斗殴、寻衅滋事等，同时还可能伴随实施开设赌场、组织卖淫、强迫卖淫、贩卖毒品、运输毒品、制造毒品、抢劫、抢夺、聚众扰乱社会秩序、聚众扰乱公共场所秩序、交通秩序以及聚众“打砸抢”等。什么是“恶势力”犯罪集团？恶势力犯罪集团是符合犯罪集团法定条件的恶势力犯罪组织，其特征表现为：有三名以上的组织成员，有明显的首要分子，重要成员较为固定，组织成员经常纠集在一起，共同故意实施三次以上恶势力惯常实施的犯罪活动或者其他犯罪活动。什么是黑恶势力“保护伞”？“保护伞”主要是指国家公职人员利用手中权力，参与涉黑涉恶违法犯罪，或包庇、纵容黑恶犯罪、有案不立、立案不查、查案不力，为黑恶势力违法犯罪提供便利条件，帮助黑恶势力逃避惩处等行为。报料、合作，请联系小编微信：A316637]]></content>
  <author><![CDATA[惠州新事闻]]></author>
  <time>2018-09-21 17:17:06</time>
  <account><![CDATA[hz88388]]></account>
</data>
