<data>
  <id><![CDATA[51099774]]></id>
  <url><![CDATA[https://mp.weixin.qq.com/s?timestamp=1539596591&src=3&ver=1&signature=Egrj350GoKY8-KUcIJshb8rBBNZteZy8s4IbQbLgoSZQqUO2xK6lkkRMxXzLm0-skjbKs8DxATv*WVw5evpwApsEu9oc605b46AaNvJmrPKyw5FZ4nVJnZkMJL1NHnut2nM7uAlJQ57TKcn97TWG3sbQi4DvlOWYM939O*0r5vA=]]></url>
  <title><![CDATA[气温下降！25号台风“康妮”即将生成！国庆出门衣服怎么穿？...]]></title>
  <content><![CDATA[点击上面惠州新事闻免费关注马上就要开启黄金周了中国天气网讯  2018年国庆假期即将到来，今年天公是否作美？国内去这些景区游玩穿什么最合适？一起来了解一下。天气：全国大部天公作美 后期东部需防雨那时因为北方有~冷~空~气~那么去北方玩要穿秋裤吗？Answer今天起至国庆假期冷空气仍将频繁“登场”，其中今明天东北、华北、黄淮等局地降温可达8℃以上，吉林、云南等地有大到暴雨。降温过后，北方冬天地盘将不断扩张，内蒙古呼和浩特或提前入冬，江南地区的合肥、武汉、南京、南昌等地气温将创今年下半年来新低，入秋在望。此外，10月3-6日还将有另一股冷空气自西向东影响北方地区，西北、华北、东北等地有4～6级偏北风，大部地区气温将下降5～9℃，部分地区气温下降幅度超10℃。所以去北方旅游小伙伴不止要穿秋裤可能还要穿毛裤除了冷空气还有台风听说有个叫“潭美“的台风对我们有影响吗？Answer可以告诉大家“潭美”已经跑偏了国庆假期可能会到日本耍但对我国东部海面有大风影响并将于30日下午到晚上在日本南部沿海登陆（假期计划去日本的小伙伴要留意一下了）图为：台风“潭美”预报路径图是不是感觉天时地利人和？不要开心得太早，“潭美”走了不代表整个国庆假期就高枕无忧！又一新台风在酝酿生成。第25号台风“康妮”即将生成！预计未来的康妮台风将被强势副高一路送到巴士海峡门口并且有可能进入南海10月1日-10月5日天气形势，中气爱根据ECMWF数据制作随后在国庆长假后期天气形势再次大变：冷空气将南下，副高将减弱康妮台风也要选择方向如果冷空气很强副高很弱，康妮就有可能北上去日本或靠近我国东南沿海；如果冷空气弱副高强，康妮稍作停顿后继续一路向西，靠近我国华南沿海。欧洲数值对94W的集合分析，中气爱制作但康妮也是一个非常远的台风未来去哪儿不确定性非常大所以需要保持关注说了那么多国庆在惠州甚至广东到底给我搭配个什么样的天气啊~？？？↓↓↓就一个字好国庆期间我省天气总体平稳适宜外出活动惠州国庆期间天气市气象台预报，今日我市各地多云到晴天，最高气温30到31度；10月1日到7日，国庆假期期间我市天气总体平稳，以晴朗干燥天气为主，气温波动不大，早晚较为清凉，适宜外出活动。具体预报：9月30日-10月1日，晴天到多云，早晚较清凉，最低气温18～21℃，最高气温30℃左右；10月2-5日，晴天到多云，早晚较清凉，最低气温16～19℃，最高气温29～30℃；10月6-7日，多云到晴天，最低气温16～19℃，最高气温31℃左右。气象部门提醒，白天阳光强烈，需注意防晒；天干物燥，请注意用火安全；沿海及近海海面的风力较大，海岛旅游、海上作业需注意安全。在省内游玩早晚注意添衣保暖就好了最后告诉你明天还是上 班 日来源：《东江时报》记者骆国红，综合惠州天气，南方日报、@广东天气、网络报料、合作，请联系小编微信：A316637]]></content>
  <author><![CDATA[惠州新事闻]]></author>
  <time>2018-09-29 22:04:14</time>
  <account><![CDATA[hz88388]]></account>
</data>
