<data>
  <id><![CDATA[51099774]]></id>
  <url><![CDATA[https://mp.weixin.qq.com/s?timestamp=1539596591&src=3&ver=1&signature=Egrj350GoKY8-KUcIJshb8rBBNZteZy8s4IbQbLgoSZQqUO2xK6lkkRMxXzLm0-skjbKs8DxATv*WVw5evpwApX5TZEjg5KJtUsg2zVi-mGj7YYJb0iSwdy-3xO*s3GQl8nNdkjpUdVqNGXl9ydEcXqHP9pt-vz5nXEuqyc2Ox0=]]></url>
  <title><![CDATA[紧急！看到这10个人快报警！惠州警方发布扫黑除恶通缉令]]></title>
  <content><![CDATA[点击上面惠州新事闻免费关注涉黑涉恶在逃人员惠州公安喊你自首了！为深入推进惠州市扫黑除恶专项斗争，强力震撼黑恶势力违法犯罪，尽快将在逃人员抓捕归案，惠州市公安局决定公开悬赏缉捕10名涉黑涉恶案件在逃人员。惠州市公安局呼吁社会各界和广大人民群众积极提供线索，同时检举、揭发涉黑涉恶违法犯罪活动。对提供该10名涉黑涉恶案件在逃人员线索、配合公安机关抓获1名在逃人员的，公安机关将按相关规定给予提供线索的举报人奖励人民币10000元。公安机关依法保护举报人的安全，并对举报人信息严格保密；对隐瞒、包庇、容留在逃人员以及对其提供便利条件的，一经查实一律依法追究法律责任；对打击报复举报人的，依法从严惩处。惠州市公安局扫黑除恶通缉令（悬赏人员名单）01赖明星性别：男，户籍地址：广东省惠州市博罗县湖镇镇上前村委会八队，身份证号码441322198304123813，涉嫌开设赌场罪。02刘海雄性别：男，户籍地址：广东省惠州市惠城区横沥镇沙岗村委会沙光村53号，身份证号：441381198305086612，涉嫌开设赌场罪。03庄长满性别：男，户籍地址：广东省陆丰市甲东镇外山村委会外山村四巷24号，身份证号：441522199707242134，涉嫌聚众斗殴罪。04陈天送性别：男，户籍地址：广东省惠州市惠阳区平潭镇独石村委会插花村144号，身份证号：441381198912084416，涉嫌寻衅滋事罪。05李剑锋性别：男，户籍地址：广东省惠州市龙门县龙华镇龙华管理区新东15号，身份号码：441324197901223319，涉嫌开设赌场罪。06李贵元性别：男，户籍地址：广东省惠州市惠东县黄埠镇下圩居委庙北李厝巷28号，身份号码：442528196110044317，涉嫌故意毁坏财物罪。07胡远强性别：男，户籍地址：广东省博罗县罗阳镇莲湖村委会下寮小组，身份号码：441322199108010410，涉嫌聚众斗殴罪。08宋辉性别：男，户籍地址：河南省上蔡县邵店乡上岗村杨庄11902号，身份号码：412825198111201514，涉嫌寻衅滋事罪。09朱胜威性别：男，户籍地址：广东省惠州市大亚湾经济技术开发区西区塘尾珠古屋15号，身份号码：441301199311052614，涉嫌寻衅滋事罪。10黄世杰性别：男，户籍地址：广东省惠州市惠城区乌石下黄村532号，身份号码:441302199411213012，涉嫌聚众斗殴罪。@所有人看见这10个人请立即报警！举报方式举报电话：0752-12389 或110举报邮箱：hzshcezxdz@163.com邮寄地址：惠州市惠城区惠州大道东平段178号惠州市公安局扫黑除恶专项斗争领导小组办公室法网恢恢 疏而不漏公安机关敦促在逃人员尽早主动投案自首争取从宽处理（来源：惠阳公安)报料、合作，请联系小编微信：A316637]]></content>
  <author><![CDATA[惠州新事闻]]></author>
  <time>2018-10-03 18:59:47</time>
  <account><![CDATA[hz88388]]></account>
</data>
