<data>
  <id><![CDATA[51099774]]></id>
  <url><![CDATA[https://mp.weixin.qq.com/s?timestamp=1539596591&src=3&ver=1&signature=Egrj350GoKY8-KUcIJshb8rBBNZteZy8s4IbQbLgoSZQqUO2xK6lkkRMxXzLm0-skjbKs8DxATv*WVw5evpwAm79tlULlJPpWWQ6Dc8NaRkWoXkOtnJF6Seu-A65n4-qb3GCBqzPevGP89M5tEZq1MJEdrTqW4dtH9tSceVqGag=]]></url>
  <title><![CDATA[24台风又来啦！“潭美”或成超强台风，强度直逼“山竹”！未来几天惠州将......]]></title>
  <content><![CDATA[点击上面惠州新事闻免费关注嗯！！24号台风“潭美”生成了“潭美”已于23日凌晨加强为台风级！目前预计明天加强到强台风，28号加强到超强台风。看这路径是不是觉得有点方？别方别方，台风“潭美”未来5天对我省无影响！台风“潭美”中秋期间有可能在台湾以东滞留，并于国庆前后可能登陆台湾或日本，短期内对广东没影响，此前网传登陆广东的传言不实。“潭美”体积大、强度可观，后期路径极为复杂，且正好赶上国庆长假前，计划去台湾、福建和日本的朋友，请密切关注台风动向，做好必要准备。无论如何，大家要注意关注台风信息咯~近一个月来先后经历了天漏一般的“8·30”超历史极端强降水风力极大的超强台风“山竹”惠州的小伙伴一个个身心俱疲幸而，一个圆满、温馨的节日悄然到来而近两日天气大好，阳光明媚夏天用高温宣示着它在华南的主权emmmmm等等！听说又有冷空气？冷暖交汇又下雨？NO NO NO NO冷空气爬到华南已是强弩之末又有南粤御寒神山—南岭阻拦无法掀起多大风雨大概也就是几阵雷阵雨这样不会长时间持续气温也不会下降太多大概也就是1~3℃的降幅我们再来看看未来几天的天气吧！【惠州中秋假期天气趋势】预计，受弱冷空气影响，中秋假期期间（22-24日）我市天气不稳定，有（雷）阵雨，气温小幅下降。具体预报如下：23日，多云，有（雷）阵雨，气温25～32℃；24日，多云，有分散（雷）阵雨，局部雨势较大，气温24～31℃。【今年中秋月“十五月亮十六圆”】24日迎中秋佳节，又是一年赏月时。天文专家表示，今年的中秋月是“十五月亮十六圆”，最圆时刻出现在25日10时52分。有意思的是，从今年起连续3年的中秋月都是 “十五月亮十六圆”。来源：中央气象台、惠州天气、中山发布等编辑：刘腾惠州发布编辑部综合整理报料、合作，请联系小编微信：A316637]]></content>
  <author><![CDATA[惠州新事闻]]></author>
  <time>2018-09-23 20:12:33</time>
  <account><![CDATA[hz88388]]></account>
</data>
