<data>
  <id><![CDATA[51099774]]></id>
  <url><![CDATA[https://mp.weixin.qq.com/s?timestamp=1539596591&src=3&ver=1&signature=Egrj350GoKY8-KUcIJshb8rBBNZteZy8s4IbQbLgoSZQqUO2xK6lkkRMxXzLm0-skjbKs8DxATv*WVw5evpwAqUdtN5Sxoox3NsAmoVbF8Wvu8Dd7cM0CYMwgD2sTuckHTuneJwg7J41DjIHfP--vk3DO6c8zQGic*tR5MsdKSo=]]></url>
  <title><![CDATA[最新消息！到博罗这条高速双向六车道，预计年底通车，届时开车到武汉仅需9小时]]></title>
  <content><![CDATA[点击上面惠州新事闻免费关注截至10月11日，武汉至深圳高速公路新丰至博罗段（简称新博高速）沥青摊铺作业已完成近半，目前全线正掀起路面施工高潮，距离年底建成通车的目标已经不远。经过压路机反复碾压，一层沥青摊铺成功。这是记者在龙门县龙田镇附近看到施工场面，该路段是新博高速路面5标中的一段。新博高速路面5标从龙门县龙田镇到博罗县公庄镇，全长约37.8公里，目前该标段完成沥青摊铺路面超过5成。该标段项目副经理丘伟强介绍，路面5标投入了近80台大型机械和340人，从标段两端对向施工。目前每天可摊铺沥青3公里一层，预计11月底可以完成全标段沥青摊铺。九连山隧道是新博高速的控制性工程，位于龙门县与韶关市新丰县交界处，全长约5.5公里，也是全线最长的一个隧道。目前隧道已完成路面基层施工，隧道内的照明、通风、机电工程也接近尾声。接下来施工重点将转入沥青摊铺作业。全线来看，截至11号，新博高速主线路基、桥梁工程已基本完成，隧道工程全部完成，主体工程总体进展顺利，目前路面施工进入高潮。其中，路面需铺设沥青三层，下面层已完成74%，中面层已完成60%，上面层已完成46%。据了解，新博高速项目起点位于韶关市新丰县会前大利峡附近，与大广高速公路相接，途经我市龙门、博罗两县，终于博罗县罗阳镇，与博深高速公路顺接。项目路线全长约108公里，其中惠州段98公里。项目批复概算为147.62亿元，采用双向六车道高速公路标准，设计速度为100km/h或120km/h。新博高速建成后，将打通武深高速全线，大大缓解京港澳高速公路车流压力，届时从惠州市区驾车到武汉将缩短至9个小时以内。同时，新博高速在龙门县设蓝田互通、龙田互通、龙门互通、龙江互通等4处互通，其中龙门互通距离龙门县城6公里，建成后还将有效破解龙门县交通瓶颈。（来源：惠州电台记者吴颖 、惠州交通广播)报料、合作，请联系小编微信：A316637]]></content>
  <author><![CDATA[惠州新事闻]]></author>
  <time>2018-10-13 21:55:56</time>
  <account><![CDATA[hz88388]]></account>
</data>
