<data>
  <id><![CDATA[51099774]]></id>
  <url><![CDATA[https://mp.weixin.qq.com/s?timestamp=1539596591&src=3&ver=1&signature=Egrj350GoKY8-KUcIJshb8rBBNZteZy8s4IbQbLgoSZQqUO2xK6lkkRMxXzLm0-skjbKs8DxATv*WVw5evpwAqUdtN5Sxoox3NsAmoVbF8WbSiiXRA1wOG-TFlpoEL-WZ-VXacde81ZcUep-OSJDE*-gdcB10vovDIkM3PqCq5Q=]]></url>
  <title><![CDATA[今日中午博罗义和一名小男孩溺亡下水游泳时没带泳圈!]]></title>
  <content><![CDATA[点击上面惠州新事闻免费关注10月13日中午13点左右，心连心公益救捞队接到110警情，在东江流域博罗义和段，有一名小男孩溺水，请救捞队协助救援。接警后，由赵、郭、林、女队员出队，赵驾驶救援车，迅速赶到事发地点。到达后，公安、消防、医生等相关人员已在现场。经了解，溺水小男孩十岁左右，与另外俩同伴，利用周六休息时间，到东江游泳，下水游泳时没带泳圈，而且还裸体下水，结果造成溺水，另俩同伴见状，受到惊吓未呼救，匆匆离去，是远处一位钓鱼者报的警。根据岸上遗留的衣物判断，溺水者大致在这片水域，因为不知具体沉水点，只能采用大面积潜水搜寻的方法搜寻。经过水下几个反复的摸索，终将溺水小男孩在水底竹杆等杂物中找到，遗憾的是经医生确认，已无生命迹象。水火无情，生命宝贵，溺水小男孩的父母还没找到，也不知孩子的身份，孩子的父母当得知自家儿子溺亡后，不知该如何接受这个残酷现实？心连心公益救捞队希望全天下的父母，能够提高安全防范意识，工作再忙之余，也要教育和呵护好自家孩子，不然，后悔药无处可寻。（来源：心连心公益）报料、合作，请联系小编微信：A316637]]></content>
  <author><![CDATA[惠州新事闻]]></author>
  <time>2018-10-13 21:55:56</time>
  <account><![CDATA[hz88388]]></account>
</data>
