<data>
  <id><![CDATA[51099774]]></id>
  <url><![CDATA[https://mp.weixin.qq.com/s?timestamp=1539596591&src=3&ver=1&signature=Egrj350GoKY8-KUcIJshb8rBBNZteZy8s4IbQbLgoSZQqUO2xK6lkkRMxXzLm0-skjbKs8DxATv*WVw5evpwAhM1IbEPRjag*3AUnX4B5A63JyGFT0DHfxAcLphTDCakTj3Ny1yfGbiFlVU1rVgiPt4EPDT*bGplKfafgBpKHHc=]]></url>
  <title><![CDATA[儿子落水，父亲入水施救双双溺亡！两人都不会游泳]]></title>
  <content><![CDATA[点击上面惠州新事闻免费关注国庆期间惠州发生4起溺水事故，其中一起溺水事故中，溺水者是一对父子，两人在惠阳一条河流中双双溺亡，令人心痛不已。为什么溺水事故接连发生? 究其原因，还是缺乏安全意识以及施救方式不当。（来源： 惠州电视台第一直播室)报料、合作，请联系小编微信：A316637]]></content>
  <author><![CDATA[惠州新事闻]]></author>
  <time>2018-10-12 19:13:36</time>
  <account><![CDATA[hz88388]]></account>
</data>
