<data>
  <id><![CDATA[51099774]]></id>
  <url><![CDATA[https://mp.weixin.qq.com/s?timestamp=1539596591&src=3&ver=1&signature=Egrj350GoKY8-KUcIJshb8rBBNZteZy8s4IbQbLgoSZQqUO2xK6lkkRMxXzLm0-skjbKs8DxATv*WVw5evpwAhM1IbEPRjag*3AUnX4B5A7p0EQbw75XsYKtRviCCcCkGT5vYScv1OIauSw7I7uq4Aa1S*l2cXtOC4dIQS4Qkis=]]></url>
  <title><![CDATA[惠州汽车总站就要搬到这里!客运南站21日正式投用]]></title>
  <content><![CDATA[点击上面惠州新事闻免费关注盼了好多年之后，位于市区中心的惠州市汽车客运站终于要搬迁了。惠州市汽车客运站将搬迁至鹅岭南路71号，21日正式运行。根据惠州市汽车客运站通知，2018年10月21日起，惠州市汽车客运南站（位于鹅岭南路71号）正式启用，原惠州市汽车客运站（位于鹅岭北路11号）全面停止运营。班车安排2018年10月21日起，所有班车均在新客运站发班，请广大乘客前往新客运站乘坐班车。新客运站公交信息5路、11路、25路、26路、27路、33路、45路、203路、206路、208路、209路、236路、236路区间线路。以上公交线路途经仲恺大道，可在龙丰城轨站公交站下车，便可到达新客运站。新旧站场免费接驳信息为方便旅客新旧站中转，2018年10月21日至2018年12月31日，安排大客车用于免费接送旅客从旧站前往新站乘车，约每10分钟一班，免费乘车时间为上午6点（逢周一上午5点半）至晚上8点半。惠州市汽车客运南站按一级公路汽车客运站标准建设，地下2层，地上21层，设置地下停车位1272个，设计日发送旅客量近5万人次、日发送客车2923班次。项目分两期建设，一期主要建设主站房，二期主要建设站前广场大巴停车区、修理车间、213个停车位等配套设施。市汽车客运南站集客运、公交、城轨功能于一体。旅客从客运站出来，可以从站前广场下无缝接驳公交车及城轨，其中，莞惠城轨有两个出入口与汽车南站相接，这将大大方便旅客出行。（来源：南方日报)报料、合作，请联系小编微信：A316637]]></content>
  <author><![CDATA[惠州新事闻]]></author>
  <time>2018-10-12 19:13:36</time>
  <account><![CDATA[hz88388]]></account>
</data>
