<data>
  <id><![CDATA[51099774]]></id>
  <url><![CDATA[https://mp.weixin.qq.com/s?timestamp=1539596591&src=3&ver=1&signature=Egrj350GoKY8-KUcIJshb8rBBNZteZy8s4IbQbLgoSZQqUO2xK6lkkRMxXzLm0-skjbKs8DxATv*WVw5evpwAiywRBxy9btJHpxsrOCPAnW03Q27lIy9d6jDDMUJz3nyA-XnAZIgKpvaumPUgtLfsyCQxA9yhxSBPIyjVWyHaqU=]]></url>
  <title><![CDATA[父母跪求寻找：9岁男孩遭绑架丢弃于惠州河中，警方仍在寻找]]></title>
  <content><![CDATA[点击上面惠州新事闻免费关注今日（9月21日），深圳龙岗警方通报称，15日22时许，龙岗警方接到事主报警称，其儿子彭某逸（9岁）疑似被绑架，现有人通过短信向其家人索要赎金。接报后，龙岗警方迅速成立专案组展开侦查。9月16日13时许，警方在吉华街道某出租屋将嫌疑人刘某兴抓获。据刘某兴供述，其实施绑架后即驾车将受害人带至惠州市新圩镇附近将其丢弃河中。目前，警方正全力开展对受害人的搜寻工作。.......................................................................15日，年仅9岁的彭晨逸在深圳布吉下水径路边突然被陌生人抱走，随后，其父亲报案，深圳警方于次日成功破案，但小晨逸却下落不明。据嫌犯交代，小晨逸被他在惠阳新圩某处遗弃，深惠两地警方以及小晨逸家属四处寻找，但至今无消息。若有线索请联系彭先生手机：1869038980618689472517感激不尽警方回执及悬赏通告$奖励5万元户口证明..............................................................................................................................................彭晨逸本人生活照！谁能想象一个9岁的小孩遭此噩梦、是多么的无助？多么的可怜？以前我们的彭晨逸是多么的可爱！.......................................................................多么快乐 多么天真无邪的小孩多么温馨的一家人.......................................................................还有爱他的爸爸妈妈.......................................................................孩子父母在这里衷心的感谢每一位帮忙转发寻人的好心人、真的太感谢你们了、祝：好人一生平安！..............................................................................................................................................如今这个家庭支离破碎、失去了久违的笑容、爸爸妈妈哭喊着：我的心肝宝贝，你到底在哪？爸爸妈妈好想你啊！请大家不要冷漠无视、一方有难、八方支援、动手帮忙扩散一下朋友圈和微信群、帮助我们的小朋友彭晨逸早日平安回家和家人团聚！（来源：深圳龙岗警营、碣石快讯、惠东市民网)报料、合作，请联系小编微信：A316637]]></content>
  <author><![CDATA[惠州新事闻]]></author>
  <time>2018-09-21 17:17:06</time>
  <account><![CDATA[hz88388]]></account>
</data>
