<data>
  <id><![CDATA[51099774]]></id>
  <url><![CDATA[https://mp.weixin.qq.com/s?timestamp=1539596591&src=3&ver=1&signature=Egrj350GoKY8-KUcIJshb8rBBNZteZy8s4IbQbLgoSZQqUO2xK6lkkRMxXzLm0-skjbKs8DxATv*WVw5evpwAntL7DJPTvKj04D06IGbzz71XKbjetgnkhk0TnWw8j-J8sVHS9ZQ7Sbesmu6zRfNp-dbD5DO-zSIuGYsOdD2eoo=]]></url>
  <title><![CDATA[最新！隆生大桥合龙，年底建成通车，未来横跨东江仅10分钟]]></title>
  <content><![CDATA[点击上面惠州新事闻免费关注继今年4月隆生大桥主拱成功合龙后，隆生大桥主桥今天顺利合龙，标志着大桥主体工程基本完成。接下来，大桥主体将进入桥面铺装以及附属设施建设阶段，年底建成通车目标保持不变。隆生大桥主跨由25节预制钢箱梁焊接而成。上午11点钟左右，记者登上隆生大桥看到，工人们正利用机械、绳索，从东江江心上把最后一片钢箱梁吊上来，并作最后的安装调试。隆生企业市政建设中心总经理沈家旺介绍，这是主桥合龙的最后一关。为保证质量，钢箱梁间的梁缝需保持在2公分左右，而且焊接时误差要确保低于5毫米，只有不断调试后才能顺利合龙。当天下午，隆生大桥主桥顺利合龙。项目施工方隆生企业市政建设中心总经理沈家旺说，接下来将加快把主桥钢箱梁焊缝固定到位，并同步开展桥面铺装以及附属设施建设，最终刷上油漆就可完成大桥建设。“我们的主体工程已经全部完成，然后这个下面的时间可以计算得到，因为我们后面的只剩下桥面铺装和桥面附属设施的安装工作，这个时间工期约两个月，年底能够达到通车条件。”市公用事业管理局介绍，项目建成后将大大缓解东江大桥的拥堵问题，通过隆生大桥，市民从江北云山东路和惠民大道可直达水口、东平等地，市区江北与江东区域将连为一体，对两地发展有极大推动作用。“现在我们市民过东江大桥，上下班高峰期约40分钟左右。建成后，每一次的通行时间大概是在10分钟，因为这个是双向八车道，同时没有什么红绿灯，非常顺畅。”沈家旺介绍说。【隆生大桥档案】随着市区机动车保有量不断增加，过江难成为了市民在东江两岸通勤的一大困扰。为了解决交通拥堵的问题，市委市政府决定建设隆生大桥。2014年4月28日，隆生大桥正式动工。2015年7月15日，隆生大桥正式开打水下第一根桩基，拉开了主桥的施工序幕。隆生大桥及相接道路建设工程项目总投资约16.5亿，包括了隆生大桥、云山东路立交，以及人民路和江东一号路两条城市主干道。其中，隆生大桥长约1170米，宽44米，设计为双向八车道。项目还同期配套建设云山东路立交桥、人民路和江东一号路，可与惠州大道、三环路东段连通。目前，云山东路立交桥已建成投入使用，大桥主体工程基本完成。剩余的人民路、江东一号路，及其所属立交、下穿通道正在建设当中。（来源：南方日报)报料、合作，请联系小编微信：A316637]]></content>
  <author><![CDATA[惠州新事闻]]></author>
  <time>2018-10-05 23:37:29</time>
  <account><![CDATA[hz88388]]></account>
</data>
