<data>
  <id><![CDATA[51099774]]></id>
  <url><![CDATA[https://mp.weixin.qq.com/s?timestamp=1539596591&src=3&ver=1&signature=Egrj350GoKY8-KUcIJshb8rBBNZteZy8s4IbQbLgoSZQqUO2xK6lkkRMxXzLm0-skjbKs8DxATv*WVw5evpwAqbMArRvZ*mtKlAwNkjFnbXAtpa*Z*i7wrdceaK2sWc5eo50hb5tDW0BvVDcAEsmaWJhnYtdluugkUdep29nRmY=]]></url>
  <title><![CDATA[博罗注意这台车！偷狗团伙疯狂作案，网友录像：几秒偷一条狗]]></title>
  <content><![CDATA[点击上面惠州新事闻免费关注9月22日清晨，博罗县石湾镇源头村发现一个偷狗团伙。他们驾驶一辆面包车，看到有狗在路边行走时就慢慢靠近，几秒钟捕获一条，塞进车内驾车逃走。根据报料人殷先生介绍，9月22日清晨7点04分，偷狗团伙开着面包车（车牌号码：粤Lcn802）在惠州市博罗县石湾镇源头村套走了一条土狗，全程只用了几秒的时间。查看附近视频显示，该面包车偷完狗后在附近徘徊继续寻找目标作案；到了当日下午4点，该面包车仍然在附近徘徊了四五次。据了解，9月22日当日，源头村一天被偷了两条狗。据街坊透露曾经也目睹这个面包车在作案，但是偷狗速度实在太快了，有心无力，想抓也抓不到。村里已经不是第一次被偷狗了，村里基本每年都会被盗窃数条狗，尤其是到了年底偷狗贼更加疯狂作案，村民对偷狗贼恨之入骨。当地村民呼吁，希望该事件能够引起警方重视，尽快将该伙偷狗嫌犯抓获归案，还当地居民以安宁。9月24日，南都记者向博罗警方核实，尚未接到报警。对于记者反馈的情况将进行调查。（来源：博罗网友微信报料、南方都市报)报料、合作，请联系小编微信：A316637]]></content>
  <author><![CDATA[惠州新事闻]]></author>
  <time>2018-09-24 18:57:45</time>
  <account><![CDATA[hz88388]]></account>
</data>
