<data>
  <id><![CDATA[51099774]]></id>
  <url><![CDATA[https://mp.weixin.qq.com/s?timestamp=1539596591&src=3&ver=1&signature=Egrj350GoKY8-KUcIJshb8rBBNZteZy8s4IbQbLgoSZQqUO2xK6lkkRMxXzLm0-skjbKs8DxATv*WVw5evpwAhM1IbEPRjag*3AUnX4B5A6TegfeDHsLLpSOVrx6FmXn-lZ6wbE-A92An9FkDtgn60I4pkMnRLZ-aQtmOC5QbhY=]]></url>
  <title><![CDATA[这种快递骗局惠州多人上当，全国上百万人被骗！赶紧告诉亲友...]]></title>
  <content><![CDATA[点击上面惠州新事闻免费关注没有什么不开心是收快递解决不了的如果有那就再收一个眼看“双十一”越来越近了买买买终于有了个名正言顺的理由包裹又要收到手软时下，越来越多的商家都会以“转发朋友圈”收集点赞的方式进行促销。近日，不少网友在朋友圈中看到“识别二维码免费领取智能手环”的信息，声称仅需支付邮费就可以免费获得某知名品牌运动手环，这样的好事，是真的吗？“转发二维码免费领手环”骗局在微信朋友圈疯传，网友“东江旭日”提醒网友不要上当。图片由网友“东江旭日”提供央视财经频道《第一时间》报道，嫌疑人顾某注册了哈尔滨紫诺商贸有限公司从事诈骗，利用这一套路骗取了上百万人。最后，警方抓获涉案嫌疑人658人，涉案金额8000万余元。一石激起千层浪。不少惠州市民在看了节目之后，纷纷翻出以前的微信朋友圈内容，发现自己成为“被推荐对象”，更有市民为此上当受骗。遭遇如此朋友圈推销被套，是一种怎样体验呢？市民轻信朋友转发链接被骗惠州市民王女士是上百万被骗者之一。9月初，她收到一个好友转发来的一条微信：只需把微信二维码推送给朋友，就可以免费领取某品牌的运动手环。王女士说，她还特别留意到微信上的内容显示，免费拿到手环后再支付运费，她内心的警惕更加放松一层，心想着拿到快递觉得东西不好，不签收便是，也不会造成什么损失。于是王女士就转发了二维码，填写了收货地址，等待品牌手环到货。过了几天之后，她接到了快递员的电话，由于正在上班，她便叫家人签收了快递并支付邮费29元。可当她下班回家打开快递时一看到实物才发现自己上当受骗。”收到的手环开机都开不了，一看就是个假货，估计成本也就几元钱。”由于被骗的金额少，再加上王女士也觉得自己被骗经历羞于启齿，最后她并没有报警，而是不了了之，“我就当作这邮费打水漂了。”王女士告诉东时记者， 除了自己被骗之外，身边的好几个朋友都有相同的经历，最后大家的选择都是沉默，不报警，“几个朋友碰面说到这个事情，都觉得很不好意思，而且被骗的钱不多，不想把事情搞复杂，所以都没报警。”类似像王女士这样的受骗经历还有很多。东时记者在朋友圈内征集线索发现就有十多名市民被骗的经历，很多骗子利用转发二维码免费领手环、送椅子、送踏板车的方式骗人谋取财物。战先生接到一个陌生人的好友申请，通过后对方发来一个转发二维码免费领取脚踏车的微信，只要将二维码转发至五个群，然后再分享到朋友圈可以免费领取一部脚踏车，结果他按照规则转发后又要求转发几十个朋友，战先生意识到这是一个骗人的套路广告，就没有继续转发，并删了这个陌生人，没有造成经济损失。蓝先生则收到朋友转发的关于某知名公司上市，公司派发现金红包的微信链接。蓝先生告诉东时记者，他打开朋友的链接后，有个刷红包的页面，刷到多少钱然后转发一个群后可领取，可当他转发到一个群后又要求转发5个群，转发了5个群后又要求转发10个群，他意识这是个陷阱，就赶紧删除了微信链接并告诉朋友们是骗人陷阱不要相信。多个受访市民表示，要想不要上当受骗，就不要有贪小便宜的心理。警方提醒对于捡便宜须谨慎参与东时记者从市公安局了解到，我市警方尚未接到类似的警情。虽然如此，警方提醒市民，遇上类似“朋友圈推荐”，应注意三点：首先靠有效的防范。二是须摒弃贪婪之心，对于捡便宜的美事须谨慎参与，须牢记馅饼背后是陷阱的道理；三是多学习金融及法律相关知识，这些都是抵制骗局的有力武器。当然，如果还是不幸被骗，市民应该立即报警，协助警方抓获犯罪嫌疑人，挽回损失。律师说法消费者维权保存好证据被骗以后，市民应该怎么正确处理呢？市消委会消费维权法律顾问团成员、广东标远律师事务所韩宁律师建议：一是要积极向消委会等机构反映，很多小额行骗集中在一起，就容易引起大家关注，促使相关部门集中力量打击；二要积极向媒体反映，通过媒介扩大社会影响，提高市民对行骗者的辨识度，形成全社会打击氛围；三是证据要会保存收集交给消委会，这是行骗者的罪证。此外，韩宁律师希望微信等平台、物流快递行业等能及时推动新措施、新办法，并期望电商法能在实践中继续改善，为消费者创造放心的消费环境。切勿贪图便宜！（来源：《东江时报》记者骆国红 刘乙端 蔡伟健 江勇龙 综合央视财经)报料、合作，请联系小编微信：A316637]]></content>
  <author><![CDATA[惠州新事闻]]></author>
  <time>2018-10-12 19:13:36</time>
  <account><![CDATA[hz88388]]></account>
</data>
