<data>
  <id><![CDATA[50521725]]></id>
  <url><![CDATA[https://mp.weixin.qq.com/s?timestamp=1539596467&src=3&ver=1&signature=Egrj350GoKY8-KUcIJshb3zw6Dx2ablypNyEXIffdMMQEDTAcYGDkXZO-M9qqhg7rsSx4DFyytiunvM930ZQpGXYB87YXyvkbvEgRx8tyaU37g3uorFfoHYF0ryG4Mr2k9BcL3*ZGdOhDsESAlbz6SV*rafQmx8d45wjeqZL2uQ=]]></url>
  <title><![CDATA[青海省第十七届运动会暨第二届全民健身大会开幕式成功举办]]></title>
  <content><![CDATA[9月8日上午10：00，由青海人民政府主办，海东市人民政府、青海省体育局、青海省文化和新闻出版厅、青海省广电局、青海省广播电视台承办，互助县人民政府协办的以“省运惠民•健康青海”为主题的青海省第十七届运动会暨第二届全民健身大会开幕式在县全民健身中心隆重开幕。省运会开幕式由入场式、政务活动和文艺演出三部分构成。庄严肃穆的国旗、会旗入场后，红旗方队、裁判员方队和41支代表队依次入场，运动员们各个精神抖擞、意气奋发，充分展现了全省各族干部职工良好的精神风貌。随着省委书记宣布“青海省第十七届运动会暨第二届全民健身大会开幕”，彩烟、礼炮竞相绽放，10架动力伞载着国旗、六州两市和互助县的标志彩旗翱翔在全民健身中心上空，助力省运会，成为开幕式的一大亮点。文艺演出突出《相约省运 奉献青海》的主题，充分利用艺术的表现手法，将广场舞、舞台舞和背景屏幕等多种形式贯穿融合，演绎了序幕《昆仑风》和《高原节日》、《和谐律动》、《大美青海》三个篇章及尾声《歌唱祖国》，3200名演职人员为近万名观众呈现了一场极具青海文化及互助本土特色的视觉盛宴。《啦啦操》《篮球宝贝》《中华武魂》《激情年代》民族健身操《快乐节拍》《格桑花开》《高原动物狂欢节》《连年有余》等节目，新颖独特，动感十足，场面壮观，将体育健身与舞蹈有效融合，完美诠释了体育运动的激情与活力。尾声《歌唱祖国》，3200名演职人员齐聚舞台，同唱《歌唱祖国》，场面气势宏伟，振奋人心，烘托出了全省各族干部群众团结奋进、拼搏进取，共圆中国梦的美丽画卷。省运会开幕式的成功举办，将对进一步弘扬和传播健身理念，引领全民健身活动的深入发展，推动体育旅游产业发展，打造“中国土族•彩虹故乡•醉美互助”文化旅游品牌，建设生态富裕文明和谐新互助起到积极的推动作用。]]></content>
  <author><![CDATA[互助县文化馆]]></author>
  <time>2018-09-10 16:20:25</time>
  <account><![CDATA[qhhzwhg]]></account>
</data>
