<data>
  <id><![CDATA[50521725]]></id>
  <url><![CDATA[https://mp.weixin.qq.com/s?timestamp=1539596467&src=3&ver=1&signature=Egrj350GoKY8-KUcIJshb3zw6Dx2ablypNyEXIffdMMQEDTAcYGDkXZO-M9qqhg7rsSx4DFyytiunvM930ZQpCOXDyWH0nrCCCWmH5ILq33SfPwg7*jGbii4mylacm2MNkQaNKGBOJg7EE7wt3jDTTgHdjnkIFLEhboo5DhQb0I=]]></url>
  <title><![CDATA[【直播】9月29日15时，海东市党风廉政建设宣传教育巡回演出]]></title>
  <content><![CDATA[]]></content>
  <author><![CDATA[互助县文化馆]]></author>
  <time>2018-09-28 20:33:50</time>
  <account><![CDATA[qhhzwhg]]></account>
</data>
