<data>
  <id><![CDATA[50521725]]></id>
  <url><![CDATA[https://mp.weixin.qq.com/s?timestamp=1539596467&src=3&ver=1&signature=Egrj350GoKY8-KUcIJshb3zw6Dx2ablypNyEXIffdMMQEDTAcYGDkXZO-M9qqhg7rsSx4DFyytiunvM930ZQpEjY6-gQjyerwllTLEo9KzlZ6jQ0f*3m*1Uh17uKQE6wnqZ8qODRokI0HTvzKxvAc371OmCELkrGSxXuqds3OFQ=]]></url>
  <title><![CDATA[【大型秦腔传奇剧】土族元帅——第一场生变]]></title>
  <content><![CDATA[明万历年间，辽阳贼寇叛乱，朝廷张榜招帅，西宁总兵蔡博柱为求升迁，揭榜平叛，屡战不胜，圣上降旨，再若不胜，性命难保。蔡博柱即假传圣旨，命年高八旬已告老还乡的副总兵祁延西率兵出征。祁延西为保国安民，腊月三十出征，攻克千难险阻，平叛辽阳反贼，金秋凯旋。回师途中，蔡总兵为贪天功设伏，毒箭射死祁延西，土族英豪命丧黄泉。祁延西之子祁庆儿、蔡博柱之女蔡灵儿二人自幼同窗学文习武，互有爱意，一同东征。祁元帅遭难，庆儿为父伸冤，金殿告状，圣上降旨，一赐蔡博柱白绫自裁；二赐祁庆儿、蔡灵儿即成大婚；三赐祁庆儿子承父业，任西宁总兵。演绎了一出摒弃前嫌泯恩仇，保国爱民共春秋的土族儿女高尚情怀的传奇故事。该剧取材于国家级非物质文化遗产项目土族叙事长诗《祁家延西》改编而成。该剧共十场：生变、发兵、设计、巧遇、困营、囚妻、鱼桥、平贼、殉难、尾声。第一场  生 变张灯结彩庆寿诞，“圣旨”骤降风云变。左右为难祁老汉，率兵东征保江山。]]></content>
  <author><![CDATA[互助县文化馆]]></author>
  <time>2018-08-29 10:05:53</time>
  <account><![CDATA[qhhzwhg]]></account>
</data>
