<data>
  <id><![CDATA[50521725]]></id>
  <url><![CDATA[https://mp.weixin.qq.com/s?timestamp=1539596467&src=3&ver=1&signature=Egrj350GoKY8-KUcIJshb3zw6Dx2ablypNyEXIffdMMQEDTAcYGDkXZO-M9qqhg7rsSx4DFyytiunvM930ZQpOPMrrpud3CuNcuZHQyMhIhTYWK9XkFjm7WstGS1hUM*leSyYZzbFOslOFhbmsMfzUkFEBzA2ByuRlLXWlN44mk=]]></url>
  <title><![CDATA[【9月25、26日】原创杂技儿童剧守卫昆仑之《精灵战队》在彩虹剧场上演]]></title>
  <content><![CDATA[国家艺术基金2018年度传播交流推广资助项目全国巡演原创杂技儿童剧守卫昆仑之《精灵战队》9月25、26日在我县彩虹剧场上演图片来源于：新华网精彩看点蕨麻果、灵芝菇、雪莲花、沙棘果、红景天，原本都是青藏高原特色植物。在我省首部原创杂技儿童剧中，它们化身小精灵，通过相互帮助、相互扶持，以合作的力量控制了作恶多端的魔王，共同守护着昆仑山的安宁。与传统杂技不同，《精灵战队》将杂技表演与故事情节巧妙结合在一起，用杂技中的跳绳、抖空竹展现青藏高原上小动物们的快乐生活，用晃圈展现了小动物所处的困境。同时，《精灵战队》中将软功、绸吊、滚环、钻圈等杂技技巧和青海民族文化元素相融合，使整场剧目舞蹈和音乐更加具有青海地域特色。演出时间：9月25、26日晚19时演出地点：青稞酒文化广场彩虹剧场（免费观看）演出单位：青海省演艺集团有限责任公司    青海杂技团带上你家的宝贝，一起来感受妙趣横生的童话世界吧！]]></content>
  <author><![CDATA[互助县文化馆]]></author>
  <time>2018-09-19 15:30:58</time>
  <account><![CDATA[qhhzwhg]]></account>
</data>
