<data>
  <id><![CDATA[50521725]]></id>
  <url><![CDATA[https://mp.weixin.qq.com/s?timestamp=1539596467&src=3&ver=1&signature=Egrj350GoKY8-KUcIJshb3zw6Dx2ablypNyEXIffdMMQEDTAcYGDkXZO-M9qqhg7rsSx4DFyytiunvM930ZQpF506PlP9DXrRMBYjoamR5t5HrPjzwx**-RwjvYhbAAGX30hEcnArOovs5DYkjH9RJojMsdaywrhHUmDA5q0hrw=]]></url>
  <title><![CDATA[省运会9月8日在互助开幕]]></title>
  <content><![CDATA[青海省第十七届运动会暨第二届全民健身大会将于9月8日在互助土族自治县开幕，届时我省又将迎来一场盛会。四年一届的省运会是我省规模最大、级别最高、时间最长、影响最广的全民综合性运动会。本届运动会比赛项目有44个大项，1289个小项，竞赛项目由竞技项目、群众项目组成，包括职工体育、少数民族传统体育、农牧民体育、青少年体育、残疾人体育和全民健身活动等。本届省运会会徽是一个红绿相间的“青”字，会徽红色象征民族团结，绿色象征着“生态立省”。会徽主体由上下两部分组成，上部分发挥中国文字象形优势，为一个奔跑的运动者，体现“更高更快更强”的体育精神。运动会吉祥物为雪豹。吉祥物流线型的设计凸显了体育健康之美，将青海体育精神立体展现出来；高昂的豹首，赋予体育运动奋勇拼搏、勇于争先的美好寓意。本届运动会以“相约省运、奉献青海”为主题，旨在把省运会办成一届安全、健康、精彩、节俭、全民的体育盛会，不断激发青海各族干部群众奋进新时代、建功新青海的干劲和热爱青海、建设青海、奉献青海的责任担当，为实现“一个同步、四个更加”的新青海建设发挥积极作用。青海省第十七届运动会暨第二届全民健身大会开幕式文艺演出将于明日（9月6日）进行最后的彩排。（文章来源：西海都市报）]]></content>
  <author><![CDATA[互助县文化馆]]></author>
  <time>2018-09-05 17:15:20</time>
  <account><![CDATA[qhhzwhg]]></account>
</data>
