<data>
  <id><![CDATA[50521725]]></id>
  <url><![CDATA[https://mp.weixin.qq.com/s?timestamp=1539596467&src=3&ver=1&signature=Egrj350GoKY8-KUcIJshb3zw6Dx2ablypNyEXIffdMMQEDTAcYGDkXZO-M9qqhg7rsSx4DFyytiunvM930ZQpMyRcD*6*nmSXF4qD-LxskMvWQue7L8gtmv-03hsYVsewcooqlO3fTz-SqrYvcuUNdGk2QsMMRAvlZCPNRYqpxM=]]></url>
  <title><![CDATA[【直播】9月8日上午10：00，省运会开幕式现场直播，猛戳↓↓↓在海东市互助土族自治县青海卫视将在早上10点直播本次开幕式。]]></title>
  <content><![CDATA[小伙伴们最万众瞩目的最备受期待的青海省第十七届运动会暨第二届全民健身大会开幕式将于今天上午10：00在海东市互助土族自治县隆重开幕！可能你去不了现场事后朋友聊天没话题怎么办呢？不要急不能到场观看开幕式的小伙伴们青海卫视将在早上10点直播本次开幕式。135]]></content>
  <author><![CDATA[互助县文化馆]]></author>
  <time>2018-09-08 07:29:58</time>
  <account><![CDATA[qhhzwhg]]></account>
</data>
