<data>
  <id><![CDATA[50521725]]></id>
  <url><![CDATA[https://mp.weixin.qq.com/s?timestamp=1539596467&src=3&ver=1&signature=Egrj350GoKY8-KUcIJshb3zw6Dx2ablypNyEXIffdMMQEDTAcYGDkXZO-M9qqhg7rsSx4DFyytiunvM930ZQpEjY6-gQjyerwllTLEo9Kznk0nDi1Iux3TAoBLD6acevxeikqSUgOq8F*Xhk1HbN*k-FvtIUwOQ4FBBCfo-R-iA=]]></url>
  <title><![CDATA[【艺术之花争奇斗艳基层院团绽放光彩】青海省文化和新闻出版厅公共文化处调研我县基层文艺院团发展情况]]></title>
  <content><![CDATA[8月28日，青海省文化和新闻出版厅公共文化处处长邓福林、公共文化处主任科员尚军邦一行赴我县调研基层文艺院团发展情况。在调研座谈会上，互助县文化旅游体育局局长闫国良就我县文艺院团建设和发展情况做了详细汇报，对基层文艺院团今后的发展方向和文艺团队人才培养、专业创作性人才培训等提出了建设性意见。我县安纳歌舞团、秦韵戏曲演艺有限公司、白毡帽花儿艺术团、纳顿庄园金花艺术团、彩虹部落歌舞团、互助县梁氏皮影戏剧团等文艺院团的负责人参加座谈，并对当前基层文艺院团发展现状和存在的问题进行交流座谈。调研活动中，调研组对我县基层文艺院团的发展和在公共文化服务方面做出的努力给予了充分肯定，在认真听取各文艺院团负责人的意见后表示通过本次调研，在今后的基层文艺院团发展中以公共文化体系建设为主要载体，合理规划项目，加大对基层文艺院团的扶持力度，建立统一规范的管理机制，让基层文艺院团在新时代各项建设中发挥重要作用。]]></content>
  <author><![CDATA[互助县文化馆]]></author>
  <time>2018-08-29 10:05:53</time>
  <account><![CDATA[qhhzwhg]]></account>
</data>
