<data>
  <id><![CDATA[50521725]]></id>
  <url><![CDATA[https://mp.weixin.qq.com/s?timestamp=1539596467&src=3&ver=1&signature=Egrj350GoKY8-KUcIJshb3zw6Dx2ablypNyEXIffdMMQEDTAcYGDkXZO-M9qqhg7rsSx4DFyytiunvM930ZQpGXYB87YXyvkbvEgRx8tyaUBkNtNg5DGVLRumpM*UXCDCmmE5XzC9tnL79J5Q3DOs*kZbk-pIyh6IWvFZmk25Zg=]]></url>
  <title><![CDATA[老师，您辛苦了！]]></title>
  <content><![CDATA[Happy Teacher's Day祝全县教师节日快乐教诲如春风师恩深似海师难梦想人生恩忘九/月/谢/师/恩  桃/李/满/天/下是TEACHER一直在教我们什么是梦想，什么是人生——老/师/您/辛/苦/了——节日简介Happy Teacher's Day时维九月，丹桂飘香；我们迎来了第34个教师节。尊师重教一直是中华民族的优良传统，早在公元前11世纪的西周时期，就提出“弟子事师，敬同于父”，古代大教育家孔子更是留下了“有教无类”、“温故而知新”、“学而时习之”等一系列至理名言。传道授业解惑的教师，被誉为人类灵魂的工程师。1985年，第六届全国人大常委会第九次会议通过了国务院关于建立教师节的议案，会议决定将每年的9月10日定为教师节。1985年9月10日，是中国第一个教师节。节日邮票Happy Teacher's Day我国教师节邮票第一套“教师节”邮票，即发行于1947年8月27日，这套邮票共4枚，第1枚的图案是孔子像，采用广东画家关惠农的作品；第2枚图案为孔子在山东曲阜大成殿前讲学的杏坛；第3枚图案为曲阜孔林中的孔子墓；第4枚为孔府中的大成殿。在1985年全国人大会议上，将每年的9月10日定为我国的教师节，第二年邮电部就发行了教师节纪念邮票，此邮票图案由黑板、讲台和献给老师的鲜花组成，既概括地表现出了教师特殊的工作环境，也表达了全国人民对教师的尊敬和学生对教师的热爱之情。庆祝方式Happy Teacher's Day由于教师节并非中国传统节日，所以各地每年都会有不同的庆祝活动，没有统一、固定的形式。政府、学校方面，有举行教师节庆祝表彰大会，为教师颁发奖金、证书；有组织学校学生、歌舞团等，为教师献上歌舞表演；有走访、慰问教师代表，还有组织新入职教师进行集体宣誓等活动。学生方面，有自发通过原创参与、将祝福写在板报、贺卡、绘画上；有将合影照及活动感言晒至个人空间、微博上，来表达对教师的真挚祝福及衷心问候。致敬教师Happy Teacher's Day老师是我们在学生时代除亲人之外接触最多的成年人回忆那些年是否曾记得在你身旁循循善诱的老师们呢也许，在你用到那些知识或者能力的时候，会想到他说话的神态，他饱含信任的眼神。也会想到自己，执切地对知识的渴望，欣喜地，对能力的尝试。老师他们在讲台上站成一个标杆，身上寄托着我们对成人世界的种种希冀三尺讲台是你每日工作的地方一面黑板是您写满了对我们的希望转眼间，又是一年教师节。或许我们离校太久太久，连老师的模样都开始变得模糊。但任凭时光流逝，老师的谆谆教诲，我们依旧挂在心头。向上滑动阅览长大后我就成了你一寸一寸的粉笔染白你的头发腾然而起点燃成烛照亮别人让一个一个象形文字成为你走过的脚印攀上崖顶让后来者踏上您的双肩送一批批学子上路闪闪的星星放射着绚丽璀璨用尽最后一点余热这就是老师的一生人类灵魂的工程师啊！老师，辛苦了是谁把无知的我们领进宽敞的教室，教给我们丰富的知识？是您！老师！您用辛勤的汗水，哺育了春日刚破土的嫩苗。是谁把调皮的我们教育成能体贴帮助别人的人？是您！老师！您的关怀就好似和煦的春风，温暖了我们的心灵。是谁把幼小的我们培育成成熟懂事的少年？是您！老师！您的保护让我们健康成长。在金秋时节结下硕果。您辛苦了！老师！在酷暑严寒中辛勤工作的人们。您辛苦了！老师！把青春无私奉献的人们。您辛苦了，老师！我们向您致以崇高的敬意！赞美老师九月，如期而至。世界因此灿烂。我们歌唱九月，因为这是你永恒的节日。我们牢记九月，因为这是我们真诚地表白。九月，是只情满四溢的杯子，我们用双手高高地举起，在一片真诚的祝福声中，请您干杯。九月的乐章已经奏响，请接收我们九月的献礼吧，所有拼搏在教育战线的老师们。——THE END——]]></content>
  <author><![CDATA[互助县文化馆]]></author>
  <time>2018-09-10 16:20:25</time>
  <account><![CDATA[qhhzwhg]]></account>
</data>
