<data>
  <id><![CDATA[50521725]]></id>
  <url><![CDATA[https://mp.weixin.qq.com/s?timestamp=1539596467&src=3&ver=1&signature=Egrj350GoKY8-KUcIJshb3zw6Dx2ablypNyEXIffdMMQEDTAcYGDkXZO-M9qqhg7rsSx4DFyytiunvM930ZQpCgoCyedZriGS6y2QQTCA7Sx8WU*5Uh9sDBji-97BxuLSJvitXBs2EByjbQYvuyRa56aumVz9SdNgA37W-Fj-Ws=]]></url>
  <title><![CDATA[【9月29日】2018全省地方曲艺展演在互助举办]]></title>
  <content><![CDATA[以党的十九大精神为指导，积极贯彻落实省委十三届四次会议精神，充分调动社会各方力量，加强地区交流与融合，探索地方曲艺演唱形式，营造曲艺文化氛围，进一步彰显我省文化特色，促进我省曲艺艺术的传承和发展。为纪念改革开放40周年，庆祝首个中国农民丰收节，营造欢乐祥和的文化氛围，丰富全省人民精神文化生活，进一步推进我省非遗传承、保护工作，2018年青海地方曲艺展演活动将于2018年9月29日在我县彩虹剧场拉开序幕。时间2018年9月29日11:00时地点互助县彩虹剧场主办单位青海省文化和新闻出版厅承办单位青海省文化馆互助县文化旅游体育局协办单位互助县文化馆西宁市群众艺术馆海东市群众艺术馆（节目单以演出为准）]]></content>
  <author><![CDATA[互助县文化馆]]></author>
  <time>2018-09-23 12:23:11</time>
  <account><![CDATA[qhhzwhg]]></account>
</data>
