<data>
  <id><![CDATA[50521725]]></id>
  <url><![CDATA[https://mp.weixin.qq.com/s?timestamp=1539596467&src=3&ver=1&signature=Egrj350GoKY8-KUcIJshb3zw6Dx2ablypNyEXIffdMMQEDTAcYGDkXZO-M9qqhg7rsSx4DFyytiunvM930ZQpG1p9zVcNUCyoUMb7byEjx5oJcHJB4hQPVBaSw61nuNfS2i2xU4qRAs*8xDOn9oOe2avTOzzZvNvybFJrNV129w=]]></url>
  <title><![CDATA[省运会开幕式倒计时精彩即将绽放（精彩组图）]]></title>
  <content><![CDATA[9月8日，青海省第十七届运动会暨第二届全民健身大会开幕式将在县全民健身中心开幕。省运会开幕式绽放怎样的魅力呢?小编带您走进排练现场，提前“剧透”开幕式的精彩亮点！3000多名演职人员协力配合，演绎多个精彩的篇章，展示历史文化积淀厚重、经济社会快速发展、全民运动活力四射的崭新青海形象。摄  影：平利斌]]></content>
  <author><![CDATA[互助县文化馆]]></author>
  <time>2018-09-01 09:02:34</time>
  <account><![CDATA[qhhzwhg]]></account>
</data>
