<data>
  <id><![CDATA[50476205]]></id>
  <url><![CDATA[https://mp.weixin.qq.com/s?timestamp=1541730633&src=3&ver=1&signature=dyjd44X-NqA6myhxVsMKyG6gWN4ybpq2c1-GCGf3pIBsDkJuev6cLXjixZ2PvZ5A1jqcRQB1Qh4i6ADmGaT2bRiid*gYUS1JLsHhjuaDpHmbDw0T67LZzDjYcBEQy5ntawNDpxrEDdzDXjC7FdFuM6Fwr8yqPyh5j0-emBBfcno=]]></url>
  <title><![CDATA[【双11爆款等你抢】平凉首家天猫优品电器体验店落户平凉这个地方...价格实惠才是硬道理！]]></title>
  <content><![CDATA[网购是不是很便宜？但比网购更便宜，还能享受实体店服务的平凉首家天猫优品电器体验店就在十里铺宏达国盛集团商贸城二期25#楼1楼01-02（十里铺加油站对面）记住这个地址！双十一绝对有惊喜！！！线下体验线上下单正品保证送装一体上门这样“贴心”的购物模式真的是超棒的！天猫双11倒计时3天官方爆款清单商品来啦买的越多，省的越多！无惧比价，就是便宜！什么是天猫优品？天猫优品依托天猫合作商家和商品资源，直接同国内外品牌厂商合作，通过阿里巴巴农村供应链体系下沉到农村，确保品牌和商品能够通过天猫优品构建的平台，实现品牌直供，让农村消费者享受到与城市一样的购物服务。宏达国盛天猫优品合作店#天猫双11“狂欢购”#家电官方爆品预定中提前约惠购，钜惠超值享双十一热卖推荐狂欢双十一，全年最低价仅限双十一当天！#天猫双11“狂欢购”#买的越多，省的越多！无惧比价，就是便宜！活动时间：2018年11月11日9:00-20:00咨询电话：车先生18219836455地址:就在十里铺宏达国盛集团商贸城二期25#楼1楼01-02（十里铺加油站对面）]]></content>
  <author><![CDATA[宏达国盛集团商贸城]]></author>
  <time>2018-11-08 20:00:26</time>
  <account><![CDATA[PLYWGJSMC]]></account>
  <image><![CDATA[https://mmbiz.qpic.cn/mmbiz_gif/Gria4Rc3rBfjtxQJgl0YCIIbpmkWkQ74PD0Alo5y0QTgBrNmdMMhNyngMQ2lONZIVDeqdMLth8YPAcbSnKicqc8w/640?wx_fmt=gif|https://mmbiz.qpic.cn/mmbiz_gif/HdKbtEvnVOibJXUic0eysJs8SbibXuQ9r6QyBW2t5eeV1IfZaRCe5eoqUrOMOYykdfv5viaZuSicaxYZdZRv0d6QV6A/640?wx_fmt=gif|https://mmbiz.qpic.cn/mmbiz_gif/JJK9xhXYoU2AicJMtVnJIlstkJyI4m20ep2NrORLHGia2RUGicVEXNslCCGewsiaTI8Y4p66ewNoibCpBHtbvltsjbA/640?wx_fmt=gif|https://mmbiz.qpic.cn/mmbiz_jpg/34ju9yU1NkceUicjqArDibatmlbHdHNPtNZ5yoROicE54iap7TMs2VfU6ovs07UdUZTVlKVgUWYg4CtAhiaYepylOQQ/640?wx_fmt=jpeg|https://mmbiz.qpic.cn/mmbiz_jpg/JJK9xhXYoU1J6L3GWTC5IyE8LEjicJibS3pmjek7HAvOsicHnOhUV9OGwDaY2KtbH4kvicLzs4ExNc6wfISP0ZTFibw/640?wx_fmt=jpeg|https://mmbiz.qpic.cn/mmbiz_gif/JJK9xhXYoU1J6L3GWTC5IyE8LEjicJibS3gc0If3Kv6VgUmbFl8O18YJJRKj5OXOuWU278DhgvGBVqUGgrJicmQOA/640?wx_fmt=gif|https://mmbiz.qpic.cn/mmbiz_png/JJK9xhXYoU2AicJMtVnJIlstkJyI4m20ebryBEWwbP1jqLpNv5vGXjX4q5QTMMWmibKIuRpYgTCax0Q5VsHkKQqg/640?wx_fmt=png|https://mmbiz.qpic.cn/mmbiz_png/JJK9xhXYoU2AicJMtVnJIlstkJyI4m20ebEMEichHtFYGPvMet18sB6AjABNxYRXtV0RYN8dKDByg0HvSg52bUPw/640?wx_fmt=png|https://mmbiz.qpic.cn/mmbiz_jpg/JJK9xhXYoU1J6L3GWTC5IyE8LEjicJibS3iagJ3m9q8hHbI4hTfCu4jwniatwr5yUPtd55Wup9wUEMgGEfChZlE2YA/640?wx_fmt=jpeg|https://mmbiz.qpic.cn/mmbiz_jpg/JJK9xhXYoU2AicJMtVnJIlstkJyI4m20eYzvSpR6Ok4CNjbZyticwwTVK9eBzHlUJ9B3K0Sej3nN5viawfrLFSOlQ/640?wx_fmt=jpeg|https://mmbiz.qpic.cn/mmbiz_jpg/JJK9xhXYoU2AicJMtVnJIlstkJyI4m20e7168Nl5SUU32gJ0BgD6K7Wxb0Imr4R9OVf2WqmxpP2sNHLIKQqkzHg/640?wx_fmt=jpeg|https://mmbiz.qpic.cn/mmbiz_jpg/JJK9xhXYoU2AicJMtVnJIlstkJyI4m20eGVnLQxlkEm8mbDxcEZWordd2yfViaHsQTdOmeKTYJoofIRFC75djj4A/640?wx_fmt=jpeg|https://mmbiz.qpic.cn/mmbiz_jpg/JJK9xhXYoU2AicJMtVnJIlstkJyI4m20eXS3kR4QtRCBiaW6PVNMS5jWTOwV21uznaYtfh4WSH233Q8ibuALQHxmw/640?wx_fmt=jpeg|https://mmbiz.qpic.cn/mmbiz_jpg/JJK9xhXYoU2AicJMtVnJIlstkJyI4m20eWiauXe8glsNbqfqAJpxk6PZK0g7SLl5whPBTia5USQE70shcZa1TSRtw/640?wx_fmt=jpeg|https://mmbiz.qpic.cn/mmbiz_jpg/JJK9xhXYoU2AicJMtVnJIlstkJyI4m20etHoM0pxUs4jPlxbzARQicK7axlPYyTXiaibibUMV9YSFicVOAULiabMstPhA/640?wx_fmt=jpeg|https://mmbiz.qpic.cn/mmbiz_jpg/JJK9xhXYoU2AicJMtVnJIlstkJyI4m20eXfg3GyjhicD84pAciccVaKbI3pkOxyjnFl2cPmxTZGHYssbzKeYft9Pg/640?wx_fmt=jpeg|https://mmbiz.qpic.cn/mmbiz_jpg/JJK9xhXYoU2AicJMtVnJIlstkJyI4m20em4SwPAt68VKVXa6l9My9V9Auiaw7JwBnWjhXUxJfUn1WX6Px8RGGI0w/640?wx_fmt=jpeg|https://mmbiz.qpic.cn/mmbiz_jpg/JJK9xhXYoU2AicJMtVnJIlstkJyI4m20eo7PngGocq8baOcWIy9pd3QXApiaD99acjdMichoWrVZsAu838OOibIPDg/640?wx_fmt=jpeg|https://mmbiz.qpic.cn/mmbiz_jpg/JJK9xhXYoU2AicJMtVnJIlstkJyI4m20esHub6KRJO5XqjmCHOhcYtCwzDaFRStyCdPWabLve2Bf0vhLq4Df8sg/640?wx_fmt=jpeg|https://mmbiz.qpic.cn/mmbiz_jpg/JJK9xhXYoU2AicJMtVnJIlstkJyI4m20eQNPnF3RkUkXxRIB0rPXtwOOHibbmsHxS9vZAbm3nlibicqxicw7mjdrKLQ/640?wx_fmt=jpeg|https://mmbiz.qpic.cn/mmbiz_jpg/JJK9xhXYoU2AicJMtVnJIlstkJyI4m20ets6GHbnKM8ymRJ7BCeHPgyCNZzcN6rrK4UM0pdNU4icVR2r9otk2L5A/640?wx_fmt=jpeg|https://mmbiz.qpic.cn/mmbiz_jpg/JJK9xhXYoU2AicJMtVnJIlstkJyI4m20ePqDjv0AjlRhIDo9LgBNIWboibdmAQ4Jj92hnZdEMNiaNNpsnfMxnwia4A/640?wx_fmt=jpeg|https://mmbiz.qpic.cn/mmbiz_jpg/JJK9xhXYoU2AicJMtVnJIlstkJyI4m20eP10xL7wOKicIwB84ICBkrbMABmibjNZicic4vWaVvLyUFoOQzpuRlIO6BQ/640?wx_fmt=jpeg|https://mmbiz.qpic.cn/mmbiz_jpg/JJK9xhXYoU1J6L3GWTC5IyE8LEjicJibS35ScTrEOgJYPND3FEYDtwVbFWibA2Wjo9QhO3IU4CqPR5icrtpG2CHJpQ/640?wx_fmt=jpeg|https://mmbiz.qpic.cn/mmbiz_jpg/5yFft4txrh3gTpsfIKaFjTJfGBpXHqBSdzy0OE6OAFdmSDX3AjGGUHO89ujUHnk7ej47Uw6rujRT2U9jrF4eYg/640?wx_fmt=jpeg|https://mmbiz.qpic.cn/mmbiz_png/5yFft4txrh0NSdccDXciaAlxhoefAIffHmyK2nBrRHIWblBFhZaZ6u1dzyib4aEkJpXiczibCK0OT3ADJC8xogckVA/640?wx_fmt=png]]></image>
</data>
