<data>
  <id><![CDATA[50476205]]></id>
  <url><![CDATA[https://mp.weixin.qq.com/s?timestamp=1541730633&src=3&ver=1&signature=dyjd44X-NqA6myhxVsMKyG6gWN4ybpq2c1-GCGf3pIBsDkJuev6cLXjixZ2PvZ5A1jqcRQB1Qh4i6ADmGaT2bYMywYl-v7PZBxu31ykiZj5U-OVmlXseI5UBpbsPxxc3UADWPILRQBYY7klnvwBJga3jHof*Yh7o4CeZF1H-rtA=]]></url>
  <title><![CDATA[【居然之家&宏达国盛强强联合20年】要买铺就到宏达国盛商铺]]></title>
  <content><![CDATA[当红明星景甜倾情代言居然之家中国家居行业龙头品牌居然之家&宏达国盛强强联合20年要买铺就到宏达国盛商铺居然之家成立于1999年，主力为顾客提供设计、材料、家具、家居用品及饰品等“一站式”服务，是融家装设计中心（乐屋）、家具建材品牌专卖店、建材超市（丽屋）、家居商场（尚屋）等多种业态为一体的大型家居建材主题购物中心。家居建材龙头品牌年销售额超600亿元居然之家是中国家居建材行业龙头和第一高端服务品牌，目前已在全国30个省（市）开设了241家门店，2017全年实现销售超600亿元，所到之处重整商贸市场，全面推动家居建材行业整体升级！老百姓最信赖的家居卖场一线大牌抢驻人流钱流全面汇聚居然之家所有入驻品牌均为家居建材一线大品牌，主力为消费者提供家装设计、家具、家居建材用品及饰品采购等一站式服务。产品质量更高，店面形象更好，品牌影响力更大，自然吸引源源不断的客流！全面推动行业升级平凉家居建材市场大变天居然之家进驻后的火爆人气对于家居建材行业的形象提升居然之家应市入驻宏达国盛，将用强大的品牌号召力、过硬的产品，先进的经营服务理念，为平凉打造高标准一站式家装购物新环境！投资稳赚强强联合打造 平凉第一旺市居然之家强势入驻宏达国盛家居建材市场和家具生活广场，是市场运营者与市场开发者的强强联合，行业龙头居然之家将用一流的市场管理、品牌运营经验，保障市场开业即火爆，让经营者创富无忧，让投资者稳赚大钱！宏达国盛·平凉国际商贸城52万㎡一站式家居建材采购基地6米超大挑高约30~40㎡黄金旺铺小投入，大回报，买到就是赚到！]]></content>
  <author><![CDATA[宏达国盛集团商贸城]]></author>
  <time>2018-10-30 19:49:17</time>
  <account><![CDATA[PLYWGJSMC]]></account>
  <image><![CDATA[https://mmbiz.qpic.cn/mmbiz_gif/Gria4Rc3rBfjtxQJgl0YCIIbpmkWkQ74PD0Alo5y0QTgBrNmdMMhNyngMQ2lONZIVDeqdMLth8YPAcbSnKicqc8w/640?wx_fmt=gif|https://mmbiz.qpic.cn/mmbiz_jpg/Gria4Rc3rBfgeJ0BqDk2UWWiblfXzKrEpuF00oxW1qwES2eoSXoE0eK5hpiaic0VJ5lf8eTLdicfPjKIjYv3IcCxOjg/640?wx_fmt=jpeg|https://mmbiz.qpic.cn/mmbiz_png/Gria4Rc3rBfgeJ0BqDk2UWWiblfXzKrEpunm9P7c1r1rJuJUO6X3jjvDGU0gstOt3qX3YYhIMMdhS33GuZDcYuNg/640?wx_fmt=png|https://mmbiz.qpic.cn/mmbiz_png/e6V6DuQjTfzJLncY0zianGUb8iakiaOOpLyaicgT4vDjBdgXOwOkhQeMEaQVwSeDiavy45kNE1ib1crAHG9zPXMJx9Cw/640?wx_fmt=png|https://mmbiz.qpic.cn/mmbiz_png/e6V6DuQjTfzJLncY0zianGUb8iakiaOOpLyIoENd7hnC3jPKSIDm1BwbALxhnHE3X1TJYJEiaiaShGiaJZPkPMiaicicmYg/640?wx_fmt=png|https://mmbiz.qpic.cn/mmbiz_png/e6V6DuQjTfzJLncY0zianGUb8iakiaOOpLyaicgT4vDjBdgXOwOkhQeMEaQVwSeDiavy45kNE1ib1crAHG9zPXMJx9Cw/640?wx_fmt=png|https://mmbiz.qpic.cn/mmbiz_png/e6V6DuQjTfzJLncY0zianGUb8iakiaOOpLyaicgT4vDjBdgXOwOkhQeMEaQVwSeDiavy45kNE1ib1crAHG9zPXMJx9Cw/640?wx_fmt=png|https://mmbiz.qpic.cn/mmbiz_png/e6V6DuQjTfzJLncY0zianGUb8iakiaOOpLyaicgT4vDjBdgXOwOkhQeMEaQVwSeDiavy45kNE1ib1crAHG9zPXMJx9Cw/640?wx_fmt=png|https://mmbiz.qpic.cn/mmbiz_jpg/Gria4Rc3rBfjXr92tADRr7vYbiczvn7UiaZ8AJXR7GFmC54TeC5diaicAf3VAvVYFeaQbI9ico71O277HaOhOjwuY6kQ/640?wx_fmt=jpeg|https://mmbiz.qpic.cn/mmbiz_jpg/e6V6DuQjTfxmmFTx40vBmyC7W2gwoX5L5GpgaXhdJdr3cuCSzmGQicXolFqAguibDWRd9TXNgGnicYa0ABJ858ianQ/640?wx_fmt=jpeg|https://mmbiz.qpic.cn/mmbiz/Gria4Rc3rBfiaMcQnDQLy7UsAUozTN62g04l6vZEYUG7W3v1LRnVFMd3QZM5Kv39Vkibu5g2SjyflHljFEUDt7ddQ/640?|https://mmbiz.qpic.cn/mmbiz_png/e6V6DuQjTfwWl434d0Zb3SkFUW3jv2UuFjeb57hwiaMkpibUjyBy7jOcUOZzuwPchlPjwKperzJdT6szq1b1xl0w/640?wx_fmt=png|https://mmbiz.qpic.cn/mmbiz_jpg/5yFft4txrh3gTpsfIKaFjTJfGBpXHqBSdzy0OE6OAFdmSDX3AjGGUHO89ujUHnk7ej47Uw6rujRT2U9jrF4eYg/640?wx_fmt=jpeg|https://mmbiz.qpic.cn/mmbiz_png/5yFft4txrh0NSdccDXciaAlxhoefAIffHmyK2nBrRHIWblBFhZaZ6u1dzyib4aEkJpXiczibCK0OT3ADJC8xogckVA/640?wx_fmt=png]]></image>
</data>
