<data>
  <id><![CDATA[50476205]]></id>
  <url><![CDATA[https://mp.weixin.qq.com/s?timestamp=1541730633&src=3&ver=1&signature=dyjd44X-NqA6myhxVsMKyG6gWN4ybpq2c1-GCGf3pIBsDkJuev6cLXjixZ2PvZ5A1jqcRQB1Qh4i6ADmGaT2bRiid*gYUS1JLsHhjuaDpHmQjJbdqs47aS49cRLhb5Xlcl25dl7ELotYA0NS6cwktOS2SBFUE9uCNKXyB1GqrXA=]]></url>
  <title><![CDATA[]]></title>
  <content><![CDATA[]]></content>
  <author><![CDATA[宏达国盛集团商贸城]]></author>
  <time>2018-11-08 20:00:26</time>
  <account><![CDATA[PLYWGJSMC]]></account>
  <image><![CDATA[]]></image>
</data>
