<data>
  <id><![CDATA[51280209]]></id>
  <url><![CDATA[https://mp.weixin.qq.com/s?timestamp=1539596267&src=3&ver=1&signature=Egrj350GoKY8-KUcIJshb8xzCF*-Dsto0vKlpaCkYxTV3CLDSR44x9lWU2XJ89i8mb0ZXNTxFq5ZGVPjpwanomFpZxCaHGBF8gcH*eZcC3eKZCIGHf2J2ySCj3euoQwQzOEm4uWCHlgBQUrI6dVkMRBkC9E-wbAa8YBOXXJikLs=]]></url>
  <title><![CDATA[世界第一大车祸？成都到宜宾高速500车相撞？别传了，是假的！]]></title>
  <content><![CDATA[宜宾新闻网宜宾人关注宜宾新闻网关注近两天一则车祸视频在网络上刷屏其中一条相关微博的阅读量截止到今天上午12点就达到了39.8万之多！而视频的配文却让小编惊呆了！成都至宜宾高速？500车连撞？国内第一大车祸？不少网络“大V”都转发了这个视频并配上了相似的文字甚至有的自媒体和地方交警微博账号也转发了相同的内容不过！以上消息都是假的！假的！假的！是谣言！是谣言！是谣言！今天11点32份四川交警高速公路一支队发出了一条辟谣微博所谓的谣言正是这条“四川成都至宜宾高速，500车连撞”而且这个视频还被配了不同版本的谣言早在9月30日四川交警高速公路一支队就发出了一条辟谣微博事情的真相是↓↓↓9月25日蓉遵高速成仁段自成方向L99附近发生一则12车追尾事故此次谣言中传播的视频正是当天该路段事故中的一个现场视频请大家关注权威部门的消息！不信谣！不传谣！领导说了，您点一个小编工资涨五毛来源：宜宾新闻网编辑：方河玉 责任编辑：杨江欢迎加入我们，简历发送至：8704492@qq.com◇向家坝又有大动作！宜宾、内江、自贡…◇国庆假期之后，这几类人还有5天假可休◇正充电的手机，自动订了万元总统套房如果你是宜宾人 请点阅读原文]]></content>
  <author><![CDATA[宜宾新闻网]]></author>
  <time>2018-10-08 18:43:28</time>
  <account><![CDATA[ybxwwgw]]></account>
</data>
