<data>
  <id><![CDATA[51280209]]></id>
  <url><![CDATA[https://mp.weixin.qq.com/s?timestamp=1539596267&src=3&ver=1&signature=Egrj350GoKY8-KUcIJshb8xzCF*-Dsto0vKlpaCkYxTV3CLDSR44x9lWU2XJ89i8mb0ZXNTxFq5ZGVPjpwanoj04NnE6RtL-8yHzy6079F*jMRZH122neLrOsTHeLS*lijbq4OnhgPkyu9AVT*82wp9vH2Xl9YaJqvVHDLB44gU=]]></url>
  <title><![CDATA[女生相亲嫌弃对方开面包车！男方怒了：哪家的面包车100多万？]]></title>
  <content><![CDATA[宜宾新闻网宜宾人关注宜宾新闻网关注关于处对象这件事相信家长都比当事人急尤其是逢年过节…给你安排得满满当当最近杭州萧山一小伙相亲结束后加了姑娘的微信前两天两人没聊几句就互删了姑娘的一句话让小伙很生气他说“感觉是被侮辱了……”小伙的发帖↓小伙相亲对象口中的“面包车”是一辆埃尔法据了解实际提车价在130万左右（配图来源东方IC）小伙的这篇帖子爆红，一大波“吃瓜群众”纷纷围观。把丰田埃尔法当成了面包车有网友说这是埃尔法被黑得最惨的一次不过必须要承认的是不太懂车的朋友确实会认错……除了车的问题部分网友认为小伙的相亲对象太物质给人一种嫌贫爱富的感觉说话也不够得体但也有网友认为这事小伙自己有责任刚和姑娘聊天出口一句“撩你啊”让人觉得不够尊重太过轻浮对此，你怎么看？欢迎留言，评论区见！领导说了，您点一个小编工资涨五毛来源：楚天都市报、成都商报编辑：方河玉 责任编辑：杨江欢迎加入我们，简历发送至：8704492@qq.com◇免费！宜宾50个冷门景点曝光！◇借7千还36万，宜宾家长看好你的孩子◇四川景区突降暴雪，上千辆车被困深山如果你是宜宾人 请点阅读原文]]></content>
  <author><![CDATA[宜宾新闻网]]></author>
  <time>2018-10-05 20:13:08</time>
  <account><![CDATA[ybxwwgw]]></account>
</data>
