<data>
  <id><![CDATA[51280209]]></id>
  <url><![CDATA[https://mp.weixin.qq.com/s?timestamp=1539596267&src=3&ver=1&signature=Egrj350GoKY8-KUcIJshb8xzCF*-Dsto0vKlpaCkYxTV3CLDSR44x9lWU2XJ89i8mb0ZXNTxFq5ZGVPjpwanooohyZb4OtLY-FTPSPSUbV1J1rYslfUe35dPc0esghLz3tQk4Etxe6TEtJfzyLzq6NKNvA3TZQn9o12bQa7nDBg=]]></url>
  <title><![CDATA[酒店同时有12对新人结婚！客人惊叹：场面壮观，该去哪家吃饭]]></title>
  <content><![CDATA[宜宾新闻网宜宾人关注宜宾新闻网关注国庆标配生活👇高速堵车、景区爆满、父母逼婚、婚礼随份子...9月的工资都在国庆节期间随份子了10月5日，在山东枣庄一家酒店同时有12对新人举办婚礼满眼都是喜庆的彩虹门各种迎亲的车队堵满停车场亲朋好友排队放鞭炮商家表示：宾客惊叹：场面壮观，不知道去哪吃饭！完整视频👇网友说：@麦穗儿君：跟婆婆去吃喜酒，婆婆先进去了，我跟老公停完车再进去，坐下吃了半天了，婆婆打电话说在酒席上没找到我们，才知道我们吃错席了，我们要参加的那家在二楼。@李晓燚King：看我，不找女朋友，就没有这么多事。@全是帅哥：这下可以同时看12家婚礼了。@养了两只小乌龟：随便去哪家都行，反正交了钱，在谁家吃不是吃。@苍的：国庆节，还有谁要结婚、生小孩、过生日的吗？没有的话，我想存点钱给自己买件长袖。@爱吃甜食酱：会不会走错局，吃了一场又一场？@还是皮皮好了：这个酒店去年就上热搜了，同样的场景。听说这个国庆的你不是在随份子，就是在随份子的路上？过一个国庆节，收到10个红色炸弹一不小心过成“国庆劫”！这酸爽，简直不敢相信在不少人晒出的国庆日程上“赴喜宴”成了主线任务一笔一笔又一笔的份子钱……所以说世界上最遥远的距离就是——别人在朋友圈进行一年一度的旅游摄影大赛你在工作之余进行一年一度的随份子时间“国庆7天假，我收到了5场婚礼邀请。”在淄博工作的李女士告诉记者，在假期之前就收到了5份结婚请柬，同学、同事、朋友都有，“仅10月1日当天就有3场，4号和6号分别一场。”李女士表示，只份子钱就花了自己半个多月的工资，“关系一般的给300元左右，关系亲密一些的就要800、1000块钱左右了。”这个假期你随了多少份子钱了？评论区聊聊领导说了，您点一个小编工资涨五毛来源：齐鲁晚报、梨视频、澎湃新闻编辑：丁肖潇 责任编辑：杨江欢迎加入我们，简历发送至：8704492@qq.com◇又要降温了！宜宾最低12℃◇宜宾这个地方的房子终于要拆迁了◇女生相亲嫌弃对方开面包车！男方怒了如果你是宜宾人 请点阅读原文]]></content>
  <author><![CDATA[宜宾新闻网]]></author>
  <time>2018-10-06 18:57:14</time>
  <account><![CDATA[ybxwwgw]]></account>
</data>
