<data>
  <id><![CDATA[51280209]]></id>
  <url><![CDATA[https://mp.weixin.qq.com/s?timestamp=1539596267&src=3&ver=1&signature=Egrj350GoKY8-KUcIJshb8xzCF*-Dsto0vKlpaCkYxTV3CLDSR44x9lWU2XJ89i8mb0ZXNTxFq5ZGVPjpwanotR1ZHcBCuMlyexMH*ryON9fEZ7JzfBwJenBVlCdf1ODH5P*QwX5D6GlWWZ94PsUK0lNowPEyKxcl9CMqDzlhCE=]]></url>
  <title><![CDATA[流口水！宜宾这17家藏在小街小巷的人气美食，可以从早吃到晚]]></title>
  <content><![CDATA[宜宾新闻网宜宾人关注宜宾新闻网关注说起宜宾这座城市给人的印象就是有看不完的美景吃不完的美食喝不醉的宜宾人~今天哪吒妹儿走街串巷为你整理了几条gai的美食带上这条微信，带上胃和好心情一起去吃吃吃！南坪巷：建国路-会馆路这段路的小吃很多！非常多！超级多！好吃嘴们一定要来打卡~二姐牛杂面曾经火爆的“没有名字的面馆”就是TA啦~在建国路的hanghang头，俗话说越是难找的店，生意就越俏，二姐牛杂面也不例外。要不是错过了高峰期去，怕是无缘了~哨子、面分量十足，hei大一份。小编偏爱这家的干牛杂，好吃到爆！味知面馆每天上班经过，已坐满了食客，想要错过早餐高峰期再来无奈也已经关了门，所以想在这家店吃碗面基本靠缘分和早起红烧牛杂走到店门口，就可以看到大蒸锅冒着热气的粉蒸牛肉，引得人垂涎欲滴，宜宾人管它叫“笼笼渣”。到了这里，必点上几个招牌菜红烧牛杂、粉蒸牛肉、清炖牛肉、水煮肉片、回锅牛肉等添添会馆面庄这家店至少在这儿二十几年了，据朋友介绍，小学帮家长买酱油省下的钱就在这买卤串串~要是觉得串串吃不饱，还可以喊一两面，吃的巴巴适适的~无刺鲫鱼本来小编不喜欢吃鱼的，老板独家的处理手法，让我彻底告别吃鱼被卡住的烦恼，更有超多口味可选。二零二附近在二零二至老六中这条路上，可以从早吃到晚！面、米线、夜宵全都有……尤其是到了晚上，这条路可是闹热的很！牛鼎记用牛油做锅底，新鲜的牛肉牛杂统统下锅，怎一个香字了得~喜欢吃牛肉的小可爱，一定不要错过！牛筋、牛杂、牛排、牛肉火锅，各种吃法全都有……伟伟鸭脑壳他们家的卤水是多年的老卤，用20多种香料熬制而成，每天的菜都是现卤现卖！而且每天晚上生意都好的很~南瓜田鸡脆嫩爽口的南瓜配上香辣嫩滑的田鸡，再加上点小葱点缀，香油混合着佐料的气味止不住地往鼻里钻，光看着就要流口水了。每天晚上也是火爆的很，很多宜宾人吃南瓜田鸡都必到202打卡！老俄罗斯烧烤独步宜宾烧烤十余年，任凭世事变迁，一直在二零二的坡上屹立不倒！烤鱼、烤串、烤肥肠……想吃什么随意点，再配点啤酒最好，这样的夜生活才算是圆满。泸州特色烤鱼这家的烤鱼很特别，把鱼和洋葱放在一起，既突出了洋葱的甜辣味，又去掉了鱼的腥味，就连平时不喜欢吃鱼的我也忍不住多夹几筷子~何记纸包鱼做好的纸包鱼，一上桌就听到“咕噜咕噜”响，隔着纸还能看见里面的汤汁儿翻滚，还没吃就很期待别看店面小，小编尝过之后发现味道很正哦~黄牛筋火锅老板说店里的牛筋每天都有专门的供应商送货的，食材非常的新鲜。锅底也是当天熬制的，绝对不存在使用回油，可以把小心心放在肚子里，敞开了吃~王氏现捞下午五六点店门口，就挤满了来买卤煮的客人，晚餐到王氏买卤菜已然成了二零二居民的生活日常。小编随时都来买，真的好吃！黑山羊米线从早上一直营业到下午六点，各个年龄的食客都有，一老奶奶告诉小编他每天都会来吃一碗，不然觉得这一天总是缺点什么。天麻炖鸡面主打养生炖鸡面，早上吃一碗炖鸡面去上班，又能量满满的一天!他们家的包子、卤蛋小编也是很喜欢的~柑子园虽然名叫“柑子园”，但是这里可不是卖柑子的！这里的火锅很不错~有拈头火锅在这里吃饭，吃的不仅是味道，还有属于宜宾人的情怀。长筷子，搪瓷碗是老一辈吃火锅的标配啊~有拈头门口的墙面上贴满了宜宾各个街道的门牌，在没有各种导航APP年代，我们只能寻着这些路牌去想去的地方......酸萝卜老鸭汤对于一降温就自觉地裹上秋衣秋裤儿的你，酸萝卜老鸭汤绝对是不能错过的一道汤~酸萝卜解了老鸭的腥腻，还给汤带来独特的酸香，煮出来的汤开胃爽口，不燥不腻，鸭肉也酥烂入味。唯有“再来一碗”才可解忧。好吃的太多了掰着指姆都数不清你还有什么想补充的呢？欢迎留言告诉小编嗷~领导说了，您点一个小编工资涨五毛来源：宜宾新闻网编辑：方河玉 责任编辑：杨江欢迎加入我们，简历发送至：8704492@qq.com◇成都到宜宾高速500车相撞？假的！◇7天30亿！宜宾这些地方太火爆了◇曝光！宜宾这几个村干部遭了！如果你是宜宾人 请点阅读原文]]></content>
  <author><![CDATA[宜宾新闻网]]></author>
  <time>2018-10-09 20:06:05</time>
  <account><![CDATA[ybxwwgw]]></account>
</data>
