<data>
  <id><![CDATA[51280209]]></id>
  <url><![CDATA[https://mp.weixin.qq.com/s?timestamp=1539596267&src=3&ver=1&signature=Egrj350GoKY8-KUcIJshb8xzCF*-Dsto0vKlpaCkYxTV3CLDSR44x9lWU2XJ89i8mb0ZXNTxFq5ZGVPjpwanoizVavNg5KTtPhrSGKWkcMigN5oPLbdWC84y3Kl*YXh1xQ9Kkc9FjMuqD9tv3Qz3E04*9Xivea4Lhvmm1LgJxY8=]]></url>
  <title><![CDATA[流口水！一块豆腐做出224道菜！沙河豆腐美食节又来了，还有…]]></title>
  <content><![CDATA[宜宾新闻网宜宾人关注宜宾新闻网关注还记得去年沙河豆腐美食文化节么？现场做出了224道不重样的豆腐美食还成功获得了“大世界基尼斯之最”的荣誉干锅豆腐、柠檬豆腐、麻辣豆腐芙蓉豆腐、小香豆腐、虾仁豆腐绣球豆腐、麻辣豆腐、蟹黄豆腐脑花豆腐、芙蓉豆腐、金丝豆腐……第一样都好想吃！下面这几道菜是小编最爱的~芙蓉豆腐芙蓉豆腐配上炼乳蘸碟味道香甜可口，好吃到停不下来！金牌豆腐这道菜里是个长卷里面有咸鸭蛋黄、豆腐干、青红丝等特别好吃！纸包豆腐此纸包豆腐非烧烤纸包豆腐吃起来更有一翻风味~还有好多叫不出名字的豆腐小编统统都爱！沙河镇自古富有“豆腐之城”的美誉“北吃剑门关，南吃沙河驿”沙河豆腐发展至今具有“鲜、嫩、软、绵、细”的特色沙河豆腐是川南名小吃之一兴于明代，盛于清代，现已享誉全国具有数百年的生产历史今年，高县沙河镇将举办“2018年沙河豆腐美食文化季”活动除了有豆腐美食以外还有人气明星助阵听你们，纪念青春相信，这场演唱会一定是令人动情的专场各位吃货请注意！小编要来搞事情咯！10月26日-27日2018年沙河豆腐美食文化季不见不散！今年，不仅有豆腐宴还有群星演唱会哦~小编已经为大家争取了100张188元演唱会门票免费送！免费送！免费送！识别下方二维码抢票！领导说了，您点一个小编工资涨五毛来源：宜宾新闻网编辑：方河玉 责任编辑：杨江欢迎加入我们，简历发送至：8704492@qq.com◇官方最新消息：宜宾高铁试运行时间…◇美爆！宜宾长江大桥将迎灯光秀！◇刚刚公示！宜宾又新增一个4A景区如果你是宜宾人 请点阅读原文]]></content>
  <author><![CDATA[宜宾新闻网]]></author>
  <time>2018-10-12 21:25:50</time>
  <account><![CDATA[ybxwwgw]]></account>
</data>
