<data>
  <id><![CDATA[51280209]]></id>
  <url><![CDATA[https://mp.weixin.qq.com/s?timestamp=1539596267&src=3&ver=1&signature=Egrj350GoKY8-KUcIJshb8xzCF*-Dsto0vKlpaCkYxTV3CLDSR44x9lWU2XJ89i8mb0ZXNTxFq5ZGVPjpwanomFpZxCaHGBF8gcH*eZcC3dP1BJYhcCCC-2YsEO0FQnWhkBXktVqDLZSW28s66MlbpUqmj-4LOEithutJYunblk=]]></url>
  <title><![CDATA[恐怖！四川一人行道路面突然塌陷，4人瞬间被吞噬！其中2人已死亡…]]></title>
  <content><![CDATA[宜宾新闻网宜宾人关注宜宾新闻网关注2018年10月7日下午2时30分左右达州市达川区东环南路103号人行道路面发生塌陷面积约10平方米，疑似4人被困救援人员通过挖掘机斗进入坑底专家对险情进行会商研判经过近10小时的努力，8日零时10分许，救出了一名女性被困群众，紧急送往医院抢救。随着搜救面积不断扩大，到8日凌晨3时许，消防官兵已在塌陷区向下挖到7米多深，目测直径近8米。10月8日上午9时许，搜救作业范围已从济民医院门前的人行道延伸至东环南路中央。8日上午9时37分左右，救援人员在作业区内再次发现一名被困人员，经抢救无效死亡。另经达川区委宣传部证实，8日凌晨被送往医院的一名女性被困者经抢救无效死亡。目前搜救作业范围较昨日不断扩大，救援工作仍在紧张有序进行。公安部门证实，网传7日下午黑衣男孩“被救”，并不是陷落的4名行人之一。另两名疑似被困人员正在紧张搜寻中。 消防人员已确认还未挖出的是父子两人。现场救援难度大在现场负责指挥救援作业的达州市公安消防支队政委高明月介绍，塌陷险情发生后，该支队召集下属三个单位共计37名消防官兵赶赴现场，当时塌陷区直径3米左右，深逾2米。在救援过程中，塌陷区发生了二次坍塌，又下沉了两米，消防员在救援过程中立即疏散，警戒用保险绳把他们拉起来了。记者在现场看到，在现场救援过程中，塌陷区四壁的沙石不时在滚落，消防官兵只能是采取机械和手刨、土工作业交替配合的方式抢救被困人员，边救援边警戒以保护自身安全。救援的难度不止于此。记者在现场看到，塌陷区地下管网错综复杂。高明月介绍，这给救援工作带来了很大的难度。从挖出的情况看，管线包括了2根高压线（已断电），还有天然气管道、若干弱电管道，两条呈十字型交叉的排污管道早前作业时已取掉。记者在现场看到，为了方便作业，除燃气管道外，其余线网已由吊车吊起悬于塌陷区上方。据了解，塌陷区下方结构复杂，还有一涵洞。多位当地居民介绍，该位置以前是一条小河沟，随着城市建设，这个地方已经成为达川区主要道路之一。事发地点临近达州客运南站、达川区逸夫小学等，平时人流量较大。据高明月介绍，大型机械挖到7多米时，据现场挖掘的初步情况判断，基本已经挖到了涵洞的顶部。这个4米高的拱形涵洞覆盖在河沟上，建于1999年左右，涵洞有部分垮塌。另一队救援人员携带空气呼吸器，从涵洞出口步行500余米到达事发地点地下，洞中流水流量大，流速快。工作人员说：“我们已持续深入事发地下面的涵洞，察看涵洞内的水量并深入救援。这个涵洞宽3米，高4米，是在小河沟的基础上修建的。洞内水量较大，南城的二、三号干道沿线的生活用水都经过这里，还有来自雷音铺的山水也从这里经过。”截至8日凌晨3时许，救援人员在涵洞内发现了蓝色雨伞和钥匙。据悉，现场挖掘机已经开始进行下沉作业。高明月介绍，目前挖掘深度已经达到地下10米，估计可以挖到分析评估的被困人员所在地点。专家正在研判事故成因为了保证坍塌人行道两侧居民楼内的居民安全，现已将济民医院楼上的居民疏散。达州市、达川区政府有关领导赶到后现场后，紧急召集国土、地灾、住建及四川省煤田地质局一三七队专家现场研判事故成因，是否对大楼有影响，是否撤离大楼人员，如何救人等做科学的论证。救援有条不紊的进行着，陆续有巴山救援、蓝天救援等民间组织赶赴现场。据达川区人民政府新闻办通报，目前，市区两级救援力量正有力有序推进搜救工作，塌陷原因正在调查。点亮下方大拇指愿所有人平安来源：达州发布编辑：方河玉 责任编辑：杨江欢迎加入我们，简历发送至：8704492@qq.com◇向家坝又有大动作！宜宾、内江、自贡…◇国庆假期之后，这几类人还有5天假可休◇正充电的手机，自动订了万元总统套房如果你是宜宾人 请点阅读原文]]></content>
  <author><![CDATA[宜宾新闻网]]></author>
  <time>2018-10-08 18:43:28</time>
  <account><![CDATA[ybxwwgw]]></account>
</data>
