<data>
  <id><![CDATA[51280209]]></id>
  <url><![CDATA[https://mp.weixin.qq.com/s?timestamp=1539596267&src=3&ver=1&signature=Egrj350GoKY8-KUcIJshb8xzCF*-Dsto0vKlpaCkYxTV3CLDSR44x9lWU2XJ89i8mb0ZXNTxFq5ZGVPjpwanonxJ*Xxq2vZgfv3CWtJcemjEZ9ma3Ssktx5oey2y5qmy2cNuV38oX1zkZB2-J08Y6bICcofQ-sy07fNb0tqONn8=]]></url>
  <title><![CDATA[现场视频！宜宾一小区业主顶楼开天窗，激怒邻居，结果…]]></title>
  <content><![CDATA[宜宾新闻网宜宾人关注宜宾新闻网关注近日，有市民向记者反映，自己住在南岸鼎业兴城小区，最近经常听到自己居住的这栋居民楼楼顶有很大的响声，到楼顶一看，楼顶的楼板居然被凿出了个大洞，究竟是是怎么一回事？顶楼楼板居然被凿出了这样一个大洞，这让整栋居民楼的住户都是担心不已，对于这件事，你怎么看？欢迎留言，评论区见！领导说了，您点一个小编工资涨五毛来源：酒都播报编辑：方河玉 责任编辑：杨江欢迎加入我们，简历发送至：8704492@qq.com◇宜宾这条老街热闹了几十年，现在…◇四川事业单位公招了！宜宾要招61人◇全国点名！宜宾这位85岁的婆婆要火了如果你是宜宾人 请点阅读原文]]></content>
  <author><![CDATA[宜宾新闻网]]></author>
  <time>2018-10-14 19:11:23</time>
  <account><![CDATA[ybxwwgw]]></account>
</data>
