<data>
  <id><![CDATA[51280209]]></id>
  <url><![CDATA[https://mp.weixin.qq.com/s?timestamp=1539596267&src=3&ver=1&signature=Egrj350GoKY8-KUcIJshb8xzCF*-Dsto0vKlpaCkYxTV3CLDSR44x9lWU2XJ89i8mb0ZXNTxFq5ZGVPjpwanollIU5LpFYz26IQY2Z0B244LiexcppUwWISKpdFKCPnhNXk9t6ZUUX3*6FRerfQg*yrjM1IrTcKYGDh6YGx2gOk=]]></url>
  <title><![CDATA[火锅＋烧烤＋KTV！宜宾这家火锅店人均只要30+！比自助还便宜]]></title>
  <content><![CDATA[宜宾新闻网宜宾人关注宜宾新闻网关注地道的重庆老火锅一次性锅底，纯牛油现熬点菜的品质，却比自助火锅性价比更高还可以免费吃烧烤吃完还能唱KTV我想你已经猜到了TA就是▼到底有多划算？13个荤菜＋4个素菜＋小吃＋锅底油碟才不到300元！人均也就30元左右！真的比自助还便宜！不仅能吃火锅巴渝往事还推出了免费烧烤！火锅已经够诱人了加上烧烤还了得？关键是免费！免费！免费！烧烤师傅现场烹制烤五花、烤鸡翅、烤猪皮、烤翘翘还有红海椒、豆腐干、小洋芋……晚餐夜宵一步到位~饱餐两顿是不是感觉还差点什么？金沙广场有整整一条街的KTV走撒！嗨歌去喽~等等！记得把福利拿好都哦！本来已经够便宜了！这次老板发话还要给大家打到“骨折”！巴渝往事老火锅超值福利29.9元抵100元代金券限量！限量！限量！扫描下方二维码即可抢购菜品、锅底、油碟都可以抵扣！香到骨子里的重庆老火锅/招牌锅底 38元/锅底是一顿火锅的灵魂！巴渝往事的锅底采用重庆老火锅打底，再根据宜宾人的爱好稍稍微调，麻、辣、鲜、香，都掌握的恰到好处~38元，贵？里面还配了3份菜呢！鹌鹑蛋、鸭血、豆腐干，加上高汤与锅底一起熬制，简直香到骨子里！这一沸腾开来，诱人的咕噜声，让饥饿感一秒爆棚。锅底开了，菜也好了！吸进了汤底的香味再裹上一层牛油，嘴巴瞬间就满足了！想问潇潇妹儿这一桌都点了什么？全是招牌特色菜，每一样都不能错过！加上锅底油碟300元都不到，真的划算！/生扣鹅肠 28元/鲜！弹！脆！巴渝往事的鹅肠够宽够长，粉粉嫩嫩的比“当红小鲜肉”都要可口。为了方便也是提前剪过的，不然比人都高。在辣汤里翻滚个15秒左右，看到它微微卷曲就差不多了，入口Q弹爽脆，必须好评！/极品鸭肠 18元/同样是水嫩嫩的，超级新鲜！和鹅肠相比，鸭肠要更有嚼劲一些！每一根的长度都刚刚好，不会太长也不会太短，一口包进嘴里超级满足啦！/巴渝毛肚 28元/吃火锅怎么能少了毛肚！巴渝往事的毛肚，韧性十足，每一根梳起的小毛刺下锅后都极力的锁住汤汁！七上八下，当毛肚上挂满红汤，入口脆嫩、弹软爽口，麻辣味瞬间迸发！/巴渝千层肚 28元/相比毛肚，小编更喜欢吃千层肚！更脆更入味，而且可以放在锅里随便煮，简直是懒癌星人的福利！根根饱满，久煮也不会老！而且吸满了汤汁之后一看就很诱人~/极品猪黄喉 28元/小编的最爱，绝对可以carry全场，光用双眼盯着它blingbling的“脸”，就能想象到它脆嫩程度！等不急了，赶紧下锅开涮，七八秒后，微微弯曲便可入嘴了，超大一片，面上的一层红油也是相当诱人。入口就一个字“脆”！/霸王牛肉 24元/提前用秘制的调料腌制8小时左右入味，再裹上一层海椒，简直霸道！万万没想到，居然是一根一根的~这样吃起来更方便也更入味！一大口下去，真的是麻辣鲜嫩层次感十足，那个辣爽的劲道，真的是一扎酸梅汤都压不下去的，只有一个字——爽！/水晶牛肉 22元/想清淡一点？来来来，水晶牛肉上一份！下锅煮个十秒左右就可以吃了，千万不要煮老了！水晶牛肉就像水晶女孩一样，经不起岁月蹉跎的~/养生肥牛 22元/精选最新鲜的食材，一片肥牛都有iPhone8那么大了，肥瘦相间，而且每一片都很厚！饱口！饱口！饱口！一口一大片绝对让你直呼过瘾！/手工虾滑 22元/纯手工打出的虾滑简直鲜到掉眉毛，还能清除的看到青虾的肉粒呢！一二三，统统下锅，在滚烫的锅里翻滚一两分钟差不多，起锅！虾滑鲜嫩爽口，Q弹无比都不够表达了~/精品五花肉 16元/谁说五花肉只能烧烤？烫火锅也是hin巴适呢！肥瘦相间，再带点猪皮的脆弹，口感居然很奇妙~特别是裹满了香辣的牛油汤底，吃起来一点也不闷人！和烤五花一点也不一样~以上这些火锅必点菜小编已经吃的超满足了~巴渝火锅还有几十种菜品可以选择！可以根据个人爱好搭配哦！小编的菜单里还有▼香菜肉丸 16元梅林午餐肉 12元美好火腿肠 12元藕片 8元木耳 8元土豆片 5元鲜豆皮 8元红糖糍粑 12元这一桌算下来用券之后不到300元简直不要太！划！算！吃完再来一顿免费烧烤，巴巴适适的~藏在阁楼上的“院子”火锅巴渝往事老火锅位于金沙商业广场二楼，避开了繁杂的街头，在这里更能安心的品味火锅的美味。与其说这是一家火锅店，巴渝往事更像是一个大户人家的院子，坐在院儿里吃火锅，想来也很享受！中国风的元素在这里比比皆是，墙面的壁画，红木桌椅，摇曳的灯笼，青色的瓦片，每一个角落彰显着独特的韵味！巴渝往事总面积有整整600㎡，不管是和家人朋友用餐，还是公司聚会，这里都可以满足！这样的环境下还能吃到一顿性价比极高的火锅确实是相当不错了！再说一遍，有福利哦！巴渝往事老火锅超值福利29.9元抵100元代金券限量！限量！限量！扫描下方二维码即可抢购菜品、锅底、油碟都可以抵扣！【店铺名称】巴渝往事老火锅【店铺地址】金沙广场滨江路西段46号【订餐电话】0831-5958922-广告-领导说了，您点一个小编工资涨五毛编辑：方河玉 责任编辑：杨江欢迎加入我们，简历发送至：8704492@qq.com◇惊叹！宜宾这座600多年的古城将再现◇招1000余人！宜宾又一大型招聘会来了◇超好吃！宜宾这些小街小巷的美食火了如果你是宜宾人 请点阅读原文]]></content>
  <author><![CDATA[宜宾新闻网]]></author>
  <time>2018-10-10 19:53:09</time>
  <account><![CDATA[ybxwwgw]]></account>
</data>
