<data>
  <id><![CDATA[51280209]]></id>
  <url><![CDATA[https://mp.weixin.qq.com/s?timestamp=1539596267&src=3&ver=1&signature=Egrj350GoKY8-KUcIJshb8xzCF*-Dsto0vKlpaCkYxTV3CLDSR44x9lWU2XJ89i8mb0ZXNTxFq5ZGVPjpwanonxJ*Xxq2vZgfv3CWtJcemiZsUx6SnZTfFRU8KQmT3mhDp25rc8-5lJUQFxeniGfTC2R-zCKseMupK-E3ZKyJzQ=]]></url>
  <title><![CDATA[一年产值4000万！这几天，宜宾好多人都上山挖"宝贝"，你家有吗？]]></title>
  <content><![CDATA[宜宾新闻网宜宾人关注宜宾新闻网关注又到一年一度的兴文方竹笋采收时节兴文县仙峰苗族乡的村民们刚刚把烟地里最后一炕烤烟烘烤完来不及休息就背着背篓，开始上山采方竹笋宁静的大山变得热闹起来近日小编在仙峰苗族乡方竹产业基地见到满山的方竹郁郁葱葱扑鼻而来的竹清香让人心旷神怡清晨7点仙峰村一组村民陈文林夫妇已和笋农们循着山路、走进深山开始了一天的采笋工作陈文林的妻子罗启先告诉小编他们家有百余亩方竹林一年中最忙的就是这一个月虽累，却很高兴背篓里沉甸甸的方竹笋让他们享受到了丰收的喜悦这里，家家户户的生活都以竹笋为中心采笋、剥笋......方竹笋在笋农的手中以最快的速度处理完毕放进背篓方竹是仙峰苗族乡最具特色的林业资源周期短、见效快兼有生态效益、社会效益和经济效益又是调整农业产业结构实现农民增收致富的有效途径近年来全乡方竹面积达到了8万3千余亩今年投产就达4万余亩为有效改善方竹林区生产条件使方竹产业更好、更快地发展县委县政府、县级各部门乡党委政府积极争取项目资金修建林区公路利用林区生产便道形成方竹“生态迷宫”村民陈天前说“现在采方竹笋比以前要方便许多因为修通了部分方竹产业林区路我们在采摘方竹笋的时候不用像往年一样要背很远的山路在方竹林中采完笋隔得不远就是水泥公路开起三轮车、摩托车去拉大大减少了劳动量”仙峰村一组组长陈天然已连续种植方竹十余年他告诉小编现在方竹笋的行情越来越好自己也种出了经验种植的信心也是一年比一年足陈天然我家有五六十亩方竹林，又承包了几十亩。以前没有注重管护，收成不好。低产低效林通过科学管理，产值产量都有所提高。预计今年产出鲜方竹笋10余吨，按8000元每吨的市场价算，预计产值可达10万余元。每年秋季采笋结束笋农们来不及庆祝秋收磨利砍柴刀转身又回竹林中扮演起“竹林刀客”角色对方竹林进行“留精去糙”的精心护理确保了疏密度让方竹采光生长不单是产量上去了而且林中空间较为宽阔笋农在采摘的时候更加便捷“今年方竹笋市场行情好单价高、收购量大主要销往宜宾、南溪、重庆等地由于方竹笋口感脆嫩干、鲜方竹笋产品都供不应求我们专合社预计能收获鲜笋400余吨产值大概在300万元左右”仙峰富康方竹专合社负责人陈文富喜滋滋地说笋农们在收获方竹笋的同时通过雇佣周边农户采笋可带动当地群众人均增收万余元朱朝书，兴文县九丝城镇人每年采笋季他都会来这里工作一个多月每天能取两百多斤鲜方竹笋一天能挣两三百元在基地像朱朝书这样的村民还有很多兴文方竹笋被誉为“竹笋之冠”以其肉质丰厚、脆嫩化渣、口感脆嫩爽口天然富硒等优良品质深受消费者喜欢无论炒、炖、焖、煨，皆成美味~1兴文方竹笋成功申报为国家地理标志保护产品2仙峰特色方竹基地成功获批为四川省森林食品基地3由省级专合社——兴文县仙峰富康方竹专业合作社牵头注册的“仙峰富康”商标已注册成功为了把方竹发展成为群众增收致富的支柱产业乡党委政府积极创建特色品牌今年成功申报中国竹业之乡获批省级森林小镇称号通过举办采笋节等节庆活动打造特色方竹文化并以此拓展产业市场增加产品价值助推林农增收仙峰苗族乡党委副书记、乡长 罗华兰仙峰方竹近年不断发展，今年预计产值可达4000万元。接下来，乡党委政府将继续践行“两山”理论和绿色崛起、科学发展的总体发展思路，结合乡村振兴战略，把握竹文化机遇，扩大宣传和影响力，力争用两年时间再造方竹2万余亩，将方竹这一富民强乡的产业抓紧抓实抓出成效。着力打造万亩方竹现代农业园区，为仙峰的转型发展、康养旅游、脱贫攻坚注入新的生机和活力，营造村在竹林中、人在景色里、林竹路相随、水林竹相伴的宜居环境，为我们高寒山区林农寻找一条好的发家致富路。领导说了，您点一个小编工资涨五毛来源：最美兴文编辑：方河玉 责任编辑：杨江欢迎加入我们，简历发送至：8704492@qq.com◇宜宾这条老街热闹了几十年，现在…◇四川事业单位公招了！宜宾要招61人◇全国点名！宜宾这位85岁的婆婆要火了如果你是宜宾人 请点阅读原文]]></content>
  <author><![CDATA[宜宾新闻网]]></author>
  <time>2018-10-14 19:11:23</time>
  <account><![CDATA[ybxwwgw]]></account>
</data>
