<data>
  <id><![CDATA[51280209]]></id>
  <url><![CDATA[https://mp.weixin.qq.com/s?timestamp=1539596267&src=3&ver=1&signature=Egrj350GoKY8-KUcIJshb8xzCF*-Dsto0vKlpaCkYxTV3CLDSR44x9lWU2XJ89i8mb0ZXNTxFq5ZGVPjpwanonTTOfWMUg6vi6UtycKIFOudZEwcHNoKnwB5X7JgSHvi19*u27iMXEksv3q0r02jNkEtaY6xLc7GyKxGAI1zWFQ=]]></url>
  <title><![CDATA[好消息！四川全面开通医保异地刷卡结算，宜宾17家医院18个药房]]></title>
  <content><![CDATA[宜宾新闻网宜宾人关注宜宾新闻网关注又一个带来便利的好消息！10月1日起四川已经全面开通医保个人账户省内异地刷卡直接结算！目前全省共开通了省内个人账户异地直接结算医院464家、药店1073家。这意味着各位参保的小伙伴持本人的医保卡在上述的所有医院和药店消费时，可以直接刷卡用个人账户资金进行结算。四川省于今年8月1日起在省本级、成都、绵阳、乐山、内江、南充、资阳7个统筹区首批开展省内个人账户异地直接结算试点工作。通过全省人社部门共同努力，至2018年10月1日，全省21个市州(除攀枝花因本地系统正升级外)已按要求进行了系统整改、医院药店的测试，具备开通省内个人账户异地直接结算业务的条件。目前全省共开通省内个人账户异地直接结算医院464家、药店1073家(名单附后)，开通医药机构信息可通过四川省人力资源和社会保障厅官网(http://www.sc.hrss.gov.cn)查询。上述统筹区的医保参保人员无需办理异地就医登记备案，可持社会保障卡在开通了个人账户异地直接结算的医院、药店刷卡结算，相应费用直接从个人医保账户中扣除。已开通医药机构名单如下（点击图片可查看大图）医院↓↓药店 ↓↓全省都可以享受到哦医保个人账户省内异地刷卡直接结算啦！这个好消息赶紧告诉亲友吧！领导说了，您点一个小编工资涨五毛来源：四川人社编辑：方河玉 责任编辑：杨江欢迎加入我们，简历发送至：8704492@qq.com◇宜宾有大动作！高铁总部商务中心来了◇叙州区第一届人民政府代理区长是他◇一期212套！宜宾又一个安置房来了！如果你是宜宾人 请点阅读原文]]></content>
  <author><![CDATA[宜宾新闻网]]></author>
  <time>2018-10-13 20:20:46</time>
  <account><![CDATA[ybxwwgw]]></account>
</data>
