<data>
  <id><![CDATA[51280209]]></id>
  <url><![CDATA[https://mp.weixin.qq.com/s?timestamp=1539596267&src=3&ver=1&signature=Egrj350GoKY8-KUcIJshb8xzCF*-Dsto0vKlpaCkYxTV3CLDSR44x9lWU2XJ89i8mb0ZXNTxFq5ZGVPjpwanooohyZb4OtLY-FTPSPSUbV0jBch9q5ehh7KxkkrlgO29keIknuHh*GdJ3rT2StaUaB8feXs8JvXZsMO4ChRBe70=]]></url>
  <title><![CDATA[违建着了！宜宾南岸一居民楼顶发生火灾，黑烟冲天！]]></title>
  <content><![CDATA[宜宾新闻网宜宾人关注宜宾新闻网关注10月6日12时07分，位于宜宾市翠屏区南岸上渡口九天酒店对面居民房楼顶发生火灾，火灾现场，黑烟冲天，宜宾市消防支队接到报警电话立即赶往现场。据现场消防官兵介绍，经现场侦查，发现起火位置为长江大道西段28号桥头小区1栋楼顶，楼顶属于违规搭建的住宅，旁边还有铁塔公司一基站，情况万分危急，根据现场情况，带队指挥员立即组织官兵对起火楼层进行断电断气处理，并由搜救组紧急疏散楼内居民，由灭火组单对火势进行控制。12点20分左右，楼内50余居民全部疏散至安全地带，火势也于12点40分得到控制，经过现场消防官兵的努力，明火于13点10分被扑灭。据了解，此次火灾过火面积约150平米，起火建筑为钢筋混凝土结构共九层，着火层为楼顶违建层以及铁塔公司一基站，燃烧物质多为家中棉絮等杂物，确认无人员伤亡，具体火灾原因相关部门正在进一步调查中。近年来，高层建筑越建越多，楼顶违建也屡见不鲜，消防官兵提醒市民：从消防安全的角度讲，楼顶天台作为大多数楼房中消防通道的一部分，如果逃生通道被堵，一旦发生意外，后果不堪设想。加之大部分违章建筑存在私拉乱接电线，建筑防火及装修材料不合格等情况，极易造成火灾事故发生，望广大市民朋友切忌违建乱建，自觉维护自身及周边住户的消防安全。领导说了，您点一个小编工资涨五毛来源：宜宾新闻网 记者：黄铄然编辑：丁肖潇 责任编辑：杨江欢迎加入我们，简历发送至：8704492@qq.com◇又要降温了！宜宾最低12℃◇宜宾这个地方的房子终于要拆迁了◇女生相亲嫌弃对方开面包车！男方怒了如果你是宜宾人 请点阅读原文]]></content>
  <author><![CDATA[宜宾新闻网]]></author>
  <time>2018-10-06 18:57:14</time>
  <account><![CDATA[ybxwwgw]]></account>
</data>
