<data>
  <id><![CDATA[51280209]]></id>
  <url><![CDATA[https://mp.weixin.qq.com/s?timestamp=1539596267&src=3&ver=1&signature=Egrj350GoKY8-KUcIJshb8xzCF*-Dsto0vKlpaCkYxTV3CLDSR44x9lWU2XJ89i8mb0ZXNTxFq5ZGVPjpwanoizVavNg5KTtPhrSGKWkcMh7mUOd77YgQw2oSb*BnaEEgKQ2pSoFlO4W2r-jFwU-iBdsVkpuzEMxzWZPZSJEeSY=]]></url>
  <title><![CDATA[一期212套！宜宾又一个安置房来了！主要安置这些人……]]></title>
  <content><![CDATA[宜宾新闻网宜宾人关注宜宾新闻网关注“今年2月底接到选房通知，一家人高兴惨了，选好房后都没咋装修就住进来了。”近日，在宜宾市翠屏区菜坝镇宜飞苑小区，说起自家的住房情况，居民张大姐乐开了花。宜飞苑小区位于宜宾市翠屏区菜坝镇菜利社区6组，离镇政府不远，紧邻一个集贸市场，是一个安置房项目。该小区分两期建设。一期共6栋楼，建筑面积约16000平方米，共有安置房212套，于去年12月陆续通知居民选房，安置北大门项目、宜宾市社会福利院项目被拆迁户以及菜宜路部分被拆迁户，共计选房64户288人，安置住房150套，目前已办理入住42户96套。张大姐家在4栋，一家人盼新房盼了多年，“老家是泥巴瓦房，早就拆了。选了一大一小两套房，大的那套给了女儿一家，现在全家人都在一个小区，挨得近，好得很！”张大姐很是满意。住在3栋的王婆婆也是石马村人，今年4月，一家四口搬进了3栋2单元1楼那套66平米的房子里，“简单装修下就搬进来了，毕竟是自己的房子，巴不得快点住起。”王婆婆在自家窗外种了些植物，站在小区大门处就能见到那一小片围绕在窗前的绿草红花。“种点植物看着安逸些。”王婆婆说，原本在老家有地种，如今迁到宜飞苑，依然想念老家的土地，“平时主要是带带孙子，老屋那边还有点边边角角的土地，种了点蔬菜，空闲时就去照料下。”不远处，机器声隆隆响着，围挡内是紧张有序的施工场面，宜飞苑二期正在建设中。据施工方介绍，目前宜飞苑二期的进场道路已经完成，地下室完成25%的工程量，1号楼2单元已做完基础部分。二期建筑面积（地下加地上）约13000平米，共建3栋楼，预计明年5月完工。“我们正在加班加点施工，争取在工期内完成项目建设，让居民们早点住进新房子。”施工方负责人马经理说。领导说了，您点一个小编工资涨五毛来源：宜宾新闻网编辑：方河玉 责任编辑：杨江欢迎加入我们，简历发送至：8704492@qq.com◇官方最新消息：宜宾高铁试运行时间…◇美爆！宜宾长江大桥将迎灯光秀！◇刚刚公示！宜宾又新增一个4A景区如果你是宜宾人 请点阅读原文]]></content>
  <author><![CDATA[宜宾新闻网]]></author>
  <time>2018-10-12 21:25:50</time>
  <account><![CDATA[ybxwwgw]]></account>
</data>
