<data>
  <id><![CDATA[51280209]]></id>
  <url><![CDATA[https://mp.weixin.qq.com/s?timestamp=1539596267&src=3&ver=1&signature=Egrj350GoKY8-KUcIJshb8xzCF*-Dsto0vKlpaCkYxTV3CLDSR44x9lWU2XJ89i8mb0ZXNTxFq5ZGVPjpwanoiCGNzVxYdJfjadqaay4k9jk5TlfDfx4H-Zwkt7Fbd*84M3HC2uEpepUTKhNCNM2MkRlHUzVUfa1fLvQ-KGDG8M=]]></url>
  <title><![CDATA[官方最新消息：宜宾高铁本月进入联调联试！试运行时间…]]></title>
  <content><![CDATA[宜宾新闻网宜宾人关注宜宾新闻网关注好消息！备受关注的成贵高铁又有新进展云贵段开始铺轨！全线明年开通！10月10日11时20分左右,在成贵铁路毕节客运枢纽中心建设工地，第一对钢轨稳稳落在成贵铁路373公里636米处，标志着成贵铁路云贵段正式开始铺轨。据介绍，成贵高铁全部采用自主创新的铺轨设备，以每天9公里的速度快速推进，预计整段铺轨将在明年6月份完成，为明年底全线通车创造有利条件。成贵铁路新建乐山至贵阳段，西起四川省乐山市，向东经四川省犍为县、宜宾市、长宁县、兴文县，云南省威信县、镇雄县，贵州省毕节市、大方县、黔西县，最终进入贵阳市。正线全长约515公里，其中四川省境内约259公里，云南省境内约79公里，贵州省境内约177公里，设计时速250公里。成贵高铁四川段有望年底通车记者日前了解到，成贵高铁四川段（乐山-宜宾）有望在今年底先期开通。成贵高铁成都至乐山段约117公里线路已开通运营。乐（山）宜（宾）段除了修建线路，还包括扩建乐山站台，新建犍为站、宜宾西站、长宁站、兴文站等，将于10月进入联调联试阶段，联调联试后将进行试运行。走进宜宾境内最大的成贵铁路车站宜宾西站，车站“出站口”“入站口”“宜宾西站”等标识均已挂好。从候车大厅前往站台的通道正进行装修，站房主体工程进入屋面钢网架拼装，通信机房也已经完成调试。兴文站站房主体结构目前已全面完工↓↓↓泥溪站站台已经完工↓↓↓长宁站候车厅内部装饰↓↓↓什么是联调联试？联调联试是指采用高速检测列车等测试设备，在铁路开通运营前对沿线轨道、接触网、通信、信号等各项设备逐步进行测试，并依据测试结果对发现的缺陷进行调整，直至各个系统以及整体系统满足符合高速运行及动态验收要求的过程。据兴文县铁建办最新消息，联调联试时间初步调整为本月20号左右，而“复兴号”10月底试运行时间也会有所延后，但成贵铁路四川段仍有望在年底通车，明年实现全线通车。怎么样，是不是很期待？领导说了，您点一个小编工资涨五毛来源：宜宾新闻网综合川报观察、人民日报编辑：方河玉 责任编辑：杨江欢迎加入我们，简历发送至：8704492@qq.com◇赠送87㎡！宜宾这个楼盘买1层住2层◇紧急通知！宜宾这9条公交线路有变◇世界首例！宜宾又一座长江大桥将通车如果你是宜宾人 请点阅读原文]]></content>
  <author><![CDATA[宜宾新闻网]]></author>
  <time>2018-10-11 19:44:33</time>
  <account><![CDATA[ybxwwgw]]></account>
</data>
