<data>
  <id><![CDATA[51280209]]></id>
  <url><![CDATA[https://mp.weixin.qq.com/s?timestamp=1539596267&src=3&ver=1&signature=Egrj350GoKY8-KUcIJshb8xzCF*-Dsto0vKlpaCkYxTV3CLDSR44x9lWU2XJ89i8mb0ZXNTxFq5ZGVPjpwanoiCGNzVxYdJfjadqaay4k9g2gXoIxM9nClP-mFyEYu8loK-d8IxzlWa8K4oGI*INRAHfB0q5LLNtg1QhekY76aE=]]></url>
  <title><![CDATA[刚刚公示！宜宾又新增一个4A景区，就在高速出口旁边…]]></title>
  <content><![CDATA[宜宾新闻网宜宾人关注宜宾新闻网关注好消息！好消息！宜宾又一个4A景区来啦！近日四川省旅游发展委员会官网发布关于批准阿坝州坪头羌寨等9家景区为国家4A级旅游景区的公示经四川省旅游资源规划开发质量评定委员会2018年第二次会议研究同意成都市花香果居等9家景区为国家4A级旅游景区在公示的9个名单中宜宾市凉水湾景区榜上有名凉水湾景区位于兴文县共乐镇毛村，距县城约12公里，宜叙高速久庆出口6公里，是集历史博览、文化体验、旅游休闲于一体的文化精品旅游景区。景区核心区占地面积1平方公里，由家风文化广场、古代家风文苑、近现代家风走廊、当代家风游园、家训文化广场、家德文化广场、家风堂等家风文化精髓景点组成。景区整体呈现为一部立体的家风文化史，是川南最大的家风文化主题旅游景区。据了解，凉水湾景区根据十则古人家风，打造十大主题餐厅。关于凉水湾景区你还知道有哪些好玩的？快加小编微信告诉我吧！领导说了，您点一个小编工资涨五毛来源：宜宾新闻网编辑：方河玉 责任编辑：杨江欢迎加入我们，简历发送至：8704492@qq.com◇赠送87㎡！宜宾这个楼盘买1层住2层◇紧急通知！宜宾这9条公交线路有变◇世界首例！宜宾又一座长江大桥将通车如果你是宜宾人 请点阅读原文]]></content>
  <author><![CDATA[宜宾新闻网]]></author>
  <time>2018-10-11 19:44:33</time>
  <account><![CDATA[ybxwwgw]]></account>
</data>
