<data>
  <id><![CDATA[51280209]]></id>
  <url><![CDATA[https://mp.weixin.qq.com/s?timestamp=1539596267&src=3&ver=1&signature=Egrj350GoKY8-KUcIJshb8xzCF*-Dsto0vKlpaCkYxTV3CLDSR44x9lWU2XJ89i8mb0ZXNTxFq5ZGVPjpwanotR1ZHcBCuMlyexMH*ryON-u92PgJS5eZENM-kOIOE0cKRU4YkZYSWyTKfRYo0iHVmjhyKUXSWRIjYGnCJrCreA=]]></url>
  <title><![CDATA[惊叹！宜宾这座600多年的古城即将再现！]]></title>
  <content><![CDATA[宜宾新闻网宜宾人关注宜宾新闻网关注2012年10月中国第三大水电站向家坝水电站正式下闸蓄水向家坝水电站屏山库区“一城五镇”被淹没这曾经的繁华、喧闹、兴旺都随着向家坝水位的上升没入水中隐入历史屏山老县城、楼东、福延等也成了屏山人永远的回忆被水淹没之前的屏山老县城曾是明朝马湖府城所在地为了保护马湖古城遗址在内的文物古迹文物部门决定异地原貌重建历时两年多如今，一座崭新的“马湖古城”在屏山县书楼镇初现规模据宜宾市中心仅1个小时车程我怀着好奇心来到这里与其说是游客，我更像是个回家的孩子沧桑600载书楼马湖古城将重现世间（下面，请将手机横过来）走进复建的马湖古城，看着这里的每一片青砖黛瓦，都感慨万千。因为它们不仅记录着历史与文化，也承载着我童年时的记忆！童年的记忆/凌家祠堂/在楼东的老街上，有一座建筑叫“凌家祠堂”，也许在很多楼东人的记忆里，这儿是网吧和卖家电的地方。不知道还有多少人记得这里也是曾经的幼儿园。在这里读完小班以后，幼儿园就搬了......本想打开门走进去看看，无奈大门被上了锁，也只能在门外驻足......仔细瞧了瞧，大门和石雕对联原封不动的被搬了进来，这也算是对原建筑最大的保留了吧~/王家大院/脑海里依稀有“王家大院”的记忆，也是在老街，那是一排串在一起的老房子，各家各户之间四通八达，记得小时候最开心的事就是在老街和小伙伴们玩“躲猫猫”！“天井”是许多老房子都有的建筑样式，走进“王家大院”里，小时候和小伙伴们在天井里打水仗的画面忽然之间浮现在眼前......阳光从天井洒下来，透过古朴的窗棂照亮整间屋子。置身于此，感觉异常舒适~/迎江门/迎江门的故址不在楼东，所以我对迎江门一无所知！古城里的迎江门正对金沙江，正好呼应了“迎江门”的这个名字~古老的城墙吸引着我往楼上走，站在城楼上，可以透过窗户看到古城的街道。窗户新刷了黑色的漆，阳光照进窗户，拍起照来超有feel~独具特色的古建筑/宫观庙宇/叫不出这座建筑的名字，但却被它吸引着走近！绿瓦白墙，四四方方，让人感觉很有仙气~古老的砖墙显得格外厚重，窗棂上的雕花活灵活现，一切都体现着中国古代建筑美学理念和古朴风情。黑色的木门，古色古香，四处走走停停，拿起相机随手“咔嚓”一张照片，都能定格一方美景。这算是古城里最高的一座殿宇，青砖黄瓦，在远处观望都倍感恢弘大气！/川南古名居/古城里的大部分建筑都具有徽派建筑的特点。木质搭建起的“高楼”是最夺人眼球的！门窗都雕刻着各式各样的图案，非常美观！古雅、简洁于一体的独特风格，木门、窗花，阁楼......细细品味，获得的却是一种震撼，一种收获。在温暖的阳光下，阁楼显得宁静且美好，似一首诗，诉着那似水的流年，那小城的故事。除此之外，还有青砖小瓦马头墙。房子和房子之间串连在一起，错落有致，感觉像是一幅幅清朗明亮的水墨作品！巷子里的青石板上长了些青苔，如果在雨天，撑着一把油纸伞置身于此，就颇有《雨巷》的感觉了~书楼特色/渣面子/如果问我“家的味道”是什么？我会说是书楼“渣面子”的味道！通常这道菜过年的时候才会有卖，或者在酒席上才能吃到。/盐菜扣/说是“盐菜扣”，其实是咸甜口味的，格外好吃！这道菜我在很多地方都吃过，但是只有书楼的最好吃~/酒米饭/记得小时候在酒席上，最喜欢的一道菜就是酒米饭，甜甜的、软软的、糯糯的，吃进嘴里甜在心里！马湖古城复建，集中迁建42处地面文物，包括古民居、宫观庙宇、牌坊、城门城墙等，将重新树立古城的建筑文化感染力。我们期待这座跨越600年的古城面世。温馨提示：在正式竣工之前，马湖古城属于封闭施工状态，尚未对外开放。进入库区的游客可以在古城对面的观景台远眺全景，但不能进入古城施工区。具体对外开放时间，请关注宜宾新闻网后续报道！领导说了，您点一个小编工资涨五毛部份图片源于严红编辑：方河玉 责任编辑：杨江欢迎加入我们，简历发送至：8704492@qq.com◇成都到宜宾高速500车相撞？假的！◇7天30亿！宜宾这些地方太火爆了◇曝光！宜宾这几个村干部遭了！如果你是宜宾人 请点阅读原文]]></content>
  <author><![CDATA[宜宾新闻网]]></author>
  <time>2018-10-09 20:06:05</time>
  <account><![CDATA[ybxwwgw]]></account>
</data>
