<data>
  <id><![CDATA[51280209]]></id>
  <url><![CDATA[https://mp.weixin.qq.com/s?timestamp=1539596267&src=3&ver=1&signature=Egrj350GoKY8-KUcIJshb8xzCF*-Dsto0vKlpaCkYxTV3CLDSR44x9lWU2XJ89i8mb0ZXNTxFq5ZGVPjpwanotR1ZHcBCuMlyexMH*ryON-UuVeCzXKqxdWr7AOTmUvcJEanv2fMNlRZpPPAGqNJj*kCw8rtuQpiWMx3l7gXRO8=]]></url>
  <title><![CDATA[明天、后天！宜宾这些地方要停电！更重要的是……]]></title>
  <content><![CDATA[宜宾新闻网宜宾人关注宜宾新闻网关注宜宾的小伙们注意啦~明后两天这些地方要停电哦！2018年10月10日停电信息城区：停电时间：08:00- 20:00。停电原因：更换10kV城东II线中心路5#杆横担。停电范围：四川省宜宾市翠屏区：宏基。江北：停电时间：08:00- 19:00。停电原因：十里公变变压器迁改。停电范围：四川省宜宾市翠屏区：象鼻镇龙兴商贸、十里村、绿源食品公司、学堂、瑞达耐火材料公司、苏家桥煤矿、繁荣机械厂、省建十一公司、大正电子、金龙山庄、琛元铸造厂、岷江铸造厂、隆盛机械公司、新光。停电时间：08:00- 20:00。停电原因：10KV普水线跨越施工。停电范围：四川省宜宾市叙州区安边镇：贵兴砂石、金宏商混、玉承兰、大理打鱼、打鱼2社、川滇港务、三块石。停电时间：07:00- 18:00。停电原因：线路消缺。停电范围：四川省宜宾市翠屏区江北：新区、安居、新居、九三学社、凤泽公司。2018年10月11日停电信息城区：停电时间：08:00:00-20:00:00停电原因：低压电缆更换。停电范围：四川省宜宾市翠屏区：丰南。临港：停电时间：08:00:00-19:30:00停电原因：2017年配网建设项目。停电范围：四川省宜宾市翠屏区临港：智威科技施工用电、五家湾、恒旭机械、江之源临基、腾川汽车。停电区域的大家要提前准备哦~比如：充电宝……下面插播一条公交信息↓↓↓由于北大街是衔接上江北和老城区的主干道，该路段车流量大，2路、13路、31路公交车从忠孝街进入北大街时，需要连续变道进入二医院站点停靠上下乘客，存在安全隐患。2018年10月10日，将2路、13路、31路二医院站迁移至二医院(忠孝街)站，迁移后2路、13路、31路不再停靠原二医院站点。把它传到你的圈子里提醒更多人！领导说了，您点一个小编工资涨五毛来源：宜宾新闻网综合宜宾市人民政府网站、聚焦公交编辑：方河玉 责任编辑：杨江欢迎加入我们，简历发送至：8704492@qq.com◇成都到宜宾高速500车相撞？假的！◇7天30亿！宜宾这些地方太火爆了◇曝光！宜宾这几个村干部遭了！如果你是宜宾人 请点阅读原文]]></content>
  <author><![CDATA[宜宾新闻网]]></author>
  <time>2018-10-09 20:06:05</time>
  <account><![CDATA[ybxwwgw]]></account>
</data>
