<data>
  <id><![CDATA[51280209]]></id>
  <url><![CDATA[https://mp.weixin.qq.com/s?timestamp=1539596267&src=3&ver=1&signature=Egrj350GoKY8-KUcIJshb8xzCF*-Dsto0vKlpaCkYxTV3CLDSR44x9lWU2XJ89i8mb0ZXNTxFq5ZGVPjpwanoj04NnE6RtL-8yHzy6079F*pbExzZKaUCpv-JeT1RyH*rjKMsp-xJgW3y2rqE6rYo61HSplCFaR8xnP8ndkUHiA=]]></url>
  <title><![CDATA[注意！又要降温了！宜宾最低12℃！还有这些高速开始堵车了]]></title>
  <content><![CDATA[宜宾新闻网宜宾人关注宜宾新闻网关注长假第五天打卡卡~~~放假的你们 ，早上几点起？（别看我，加班的人没有假期）十一假期已过大半，出游的人只增不减！来看看宜宾景区的旅游“盛况”今年最红的，可能就是这里了…↓↓↓这是看景吗？简直就是赶场人人人！全是人！↓↓↓不过我们总是对新事物充满好奇小编决定还是淡季去好了你说：假期余额不足我说：阳光余额不足，升温余额不足...1号至3号持续下雨4号5号雨停了且晴朗且珍惜吧因为冷空气驾到，雨雨雨又要来了宜宾市气象台10月5日15时发布↓↓↓预计国庆节期间（10月6日～10月7日）我市各区县6日～7日以阴雨天气为主具体预报如下↓↓↓5日夜间阴天有小雨气温16到19度6日白天小雨转阴，夜间阴有小雨气温16到21度7日白天小雨转阴，夜间阴有小雨气温16到20度未来8－15天天气雨雨雨雨雨雨更要命的是气温最低仅12℃秋天还没有过够冬天就要来了的节奏？原来，这就是过山车终于在宜宾坐到了宜宾现在天气还算比较温柔待真正的冷风吹起来我们就只能瑟瑟发抖了宜宾的朋友们你们的秋衣秋裤、毛衣毛裤现在看来可以拿出来了晒晒太阳了！下周就穿起吧！！小编提醒↓↓↓假期进入末端返程被提上日程无论是走高速的、还是走国道的都需要特别关注所在地区的天气状况和路况哦~这份省内最新高速公路管制信息请收好！↓↓↓拥堵提醒今天下午15时20分，省公安厅交警总队权威发布实时路况信息。截至目前，全省多条高速公路出现较大车流量，具体为：成都绕城全线、雅西高速西昌至冕宁段、成绵高速德阳段、成雅高速眉山段、成巴高速金堂段、成南高速淮口段、成自泸高速二峨山段。四川交警提示全体驾驶员合理规划出行线路，已出发行驶在高速公路上的司乘人员，如遇拥堵，请听从现场民警指挥。领导说了，您点一个小编工资涨五毛来源：宜宾新闻网综合宜宾气象、四川发布编辑：方河玉 责任编辑：杨江欢迎加入我们，简历发送至：8704492@qq.com◇免费！宜宾50个冷门景点曝光！◇借7千还36万，宜宾家长看好你的孩子◇四川景区突降暴雪，上千辆车被困深山如果你是宜宾人 请点阅读原文]]></content>
  <author><![CDATA[宜宾新闻网]]></author>
  <time>2018-10-05 20:13:08</time>
  <account><![CDATA[ybxwwgw]]></account>
</data>
