<data>
  <id><![CDATA[51280209]]></id>
  <url><![CDATA[https://mp.weixin.qq.com/s?timestamp=1539596267&src=3&ver=1&signature=Egrj350GoKY8-KUcIJshb8xzCF*-Dsto0vKlpaCkYxTV3CLDSR44x9lWU2XJ89i8mb0ZXNTxFq5ZGVPjpwanonTTOfWMUg6vi6UtycKIFOsX4YuvfVxQjRFoZOgJf3tBroJMdseNfnHx3muEArx7tHy1Wcse6sqysrDB*24X1YE=]]></url>
  <title><![CDATA[高速路上,司机低头找手机,后排朋友飞走了！不看到监控根本不敢相信...]]></title>
  <content><![CDATA[宜宾新闻网宜宾人关注宜宾新闻网关注“我在高速出了事故，朋友被甩出去了，快来救救我们。”10月11日14时20分许，高速交警绍兴支队指挥中心接到报警，报警人称在上三高速上虞方向287K+400M处发生车祸。高速交警赶到现场发现，一辆浙A牌照的小轿车撞停在中央护栏上，车上驾驶员徐某正在哀嚎，“我手断了，好疼，快去找找我朋友，我朋友不见了。”但交警在四周找了一圈，并没有发现其他人。事故车辆查看监控后才知道，事故发生时，车内有人被甩出，跌落了高速路。经寻找，交警在高速路下方的草地上发现了被甩出者。由于草地和高速路有六米落差，被甩出者又是头部着地，已当场死亡。经检查，驾驶员徐某手臂骨折，他表示，事故原因是他低头寻找手机。“手机响了，我一下子摸不到，就低头去找。没想到前方是弯道，坐副驾驶的朋友提醒我要撞护栏了，我就往右打方向。可能方向打的太急，车子飘了起来。”徐某说。被撞坏的边护栏监控显示，徐某的车子先撞了边护栏，后又撞了中央护栏。撞击边护栏时，后座的乘客丁某因为没系安全带，瞬间被甩出车外。高速交警提醒，安全带就是生命带。但调查显示，后排乘客系安全带的比例不到35%，因此发生的惨案不在少数。还有，开车千万不能拨打或接听手机。交警提示后排座位正确使用安全带的示范11系两点式安全带应调节至能伸进四个指头的程度，带子的下部不应该箍着腹部，否则，在出现机动车交通事故时，就不能充分发挥安全带的保护效能。汽车后排座位空间较大，如果不使用安全带，发生碰撞时，乘员的头部会撞在前排靠背上，甚至还可能撞破玻璃被甩出车外。受到成本限制，一般中低端车型后排中央位置一般都配备两点式安全带，它只能固定人的胯骨部分。再次强调！1、开车不要做和手机有关的任何事2、安全带是生命带尤其是看/玩手机！绝对不能忍！同意的怒戳大拇指表示↓↓来源：浙江日报编辑：方河玉 责任编辑：杨江欢迎加入我们，简历发送至：8704492@qq.com◇宜宾有大动作！高铁总部商务中心来了◇叙州区第一届人民政府代理区长是他◇一期212套！宜宾又一个安置房来了！如果你是宜宾人 请点阅读原文]]></content>
  <author><![CDATA[宜宾新闻网]]></author>
  <time>2018-10-13 20:20:46</time>
  <account><![CDATA[ybxwwgw]]></account>
</data>
