<data>
  <id><![CDATA[51280209]]></id>
  <url><![CDATA[https://mp.weixin.qq.com/s?timestamp=1539596267&src=3&ver=1&signature=Egrj350GoKY8-KUcIJshb8xzCF*-Dsto0vKlpaCkYxTV3CLDSR44x9lWU2XJ89i8mb0ZXNTxFq5ZGVPjpwanon8DoN*iGDNKhgm31kvaBd60LaD8Gy--R50vkGH9i4RgkXMBKyJfaFA6BdCSsjf1OuwtHZ1ejzfsrgyajgpRWPE=]]></url>
  <title><![CDATA[吓人！正充电的手机，自动订了万元总统套房，还翻看聊天记录]]></title>
  <content><![CDATA[宜宾新闻网宜宾人关注宜宾新闻网关注深夜，平放在桌上的苹果手机正在充电，竟然自动点开了携程APP，浏览起了酒店客房，看起了评价，还订了一间总统套房，而这一切都是手机自动完成的，仿佛有一个无形的人在操控。看着眼前发生的这一切，杨女士简直不敢相信自己的眼睛。来源：杨女士朋友圈截图“手机像抽疯，太吓人了！”正充电的手机自动订了总统套房杨女士提供的订单和支付截图充电头、充电线并非原装以前就出现过异常说起昨晚充电用的充电头和充电线，杨女士说两个都不是原装的：“这个充电头买了有几个月了，充电线也是经常换，昨晚用的线就是小区楼下那种小商店里买的，就是山寨的那种，平时都是备用的，也不经常用，这个充电头和这个充电线合在一起用也就是最近一个月的事。”杨女士的充电器和充电线杨女士回忆，之前晚上躺在床上一边充电一边玩手机的时候，就出现过异常的现象,“平时就有一些不靠谱的情况，手机不听使唤”。但是这次手机充电过程中，竟然发生了这么多离奇的事情，她也觉得匪夷所思。有人在评论里回复杨女士：数据线没问题，有问题的是充电头，里面安装了操控软件，建议杨女士可以拆开看看，会不会有一张小芯片。也有一些专业人士分析很有可能是充电头中被植入了“木马”。今天早上，她用别人的手机试了下，手机屏幕跳了几跳，但是没有出现昨晚的那种情况。现在担心不已的杨女士，已经把信用卡、微信、支付宝等解绑了。杨女士强调说，自己的苹果手机是没有“越狱”过的。现在这个情况，她有两点怀疑的方向：“第一种可能，比如网上说的电压不稳，纯粹是技术上的问题，如果是这样子的话，现在市场上山寨的充电器充电线那么多，大家买来应急，也是常有的事。如果因为电压不稳存在这样的bug(漏洞),万一真的造成什么财产损失，那就不好了。另外一种，是一种黑客技术或者电信诈骗的手段，那就可怕多了。”杨女士说，如果有机构能拆开检查一下，到底是什么问题，她也愿意提供充电头和充电线。质监部门：尚未收到类似投诉将会关注这个案例记者随后在网上查阅了相关情况，发现杨女士的遭遇其实并不是个例。此前就有报道称，经过改装的充电宝或者充电桩可以窃取手机上的照片、通讯录、甚至盗取银行账户信息等。记者在微博上发现，几年前也有人反映过用非原装的充电器充电，手机仿佛被远程操纵，好像有另外一个人在操控，但一拔充电器或者换上原装充电器就变正常了。就杨女士的遭遇，记者也联系了质监部门。浙江省质量技术监督局相关负责人表示，他们也非常关注该类案例，毕竟产品质量直接影响到消费者的财产、隐私，甚至是生命安全。该负责人说，截至目前尚没有收到过类似投诉，质量技术部门也未对出现过类似现象的产品进行过技术鉴定，即使是在过去的产品抽查和日常突查中也未发现过“可以主动控制手机”的充电器。接下来，他们会关注这个案例，也会组织专家对该问题进行分析，争取弄清真伪或工作原理。一旦确认有企业生产类似的产品，他们会第一时间发布警示，并根据相关规定查处。安全专家：利用充电设备安装恶意软件的事情是存在的那这样的“充电噩梦”究竟有没有是真的存在安全漏洞呢？记者采访了知名网络安全专家、杭州电子科技大学网络空间安全学院院长吴铤教授。“利用假充电器、充电宝安装恶意软件的事情是有的，也会盗用手机中的个人信息。”吴铤教授说，如果机主发现手机异常后，应及时选择报警。智能手机在方便大家日常生活的同时，信息安全问题也一直困扰着大家。如何做好手机信息安全保护，吴铤教授也有话想说：一方面要从合法正规的商店下载APP以及使用正规硬件，其次注意连接Wi-Fi的安全性，不要使用陌生、可疑的热点，尤其是在进行交易的时候。另一方面，要注意手机中权限的控制，不要进行不安全的越狱或刷机，同时旧手机要注意其中存储信息的安全。总之，大家要建立安全与便捷性折中的观念。你遇到过这种情况吗？领导说了，您点一个小编工资涨五毛来源：钱江晚报编辑：丁肖潇 责任编辑：杨江欢迎加入我们，简历发送至：8704492@qq.com◇这条百年老街99%的宜宾人都不知道◇南岸一居民楼顶发生火灾，黑烟冲天◇酒店同时有12对新人结婚！客人惊叹如果你是宜宾人 请点阅读原文]]></content>
  <author><![CDATA[宜宾新闻网]]></author>
  <time>2018-10-07 18:26:11</time>
  <account><![CDATA[ybxwwgw]]></account>
</data>
