<data>
  <id><![CDATA[51280209]]></id>
  <url><![CDATA[https://mp.weixin.qq.com/s?timestamp=1539596267&src=3&ver=1&signature=Egrj350GoKY8-KUcIJshb8xzCF*-Dsto0vKlpaCkYxTV3CLDSR44x9lWU2XJ89i8mb0ZXNTxFq5ZGVPjpwanomFpZxCaHGBF8gcH*eZcC3cNlKclZTdERoAwC-Eahwv0cBiqJCGvyFOCLdpsP4HyZyUHrhbsZ7V5Vgan4P5v8*E=]]></url>
  <title><![CDATA[曝光！宜宾这几个村干部遭了！侵占补助资金、要感谢费…]]></title>
  <content><![CDATA[宜宾新闻网宜宾人关注宜宾新闻网关注根据全省的统一部署，我市扎实开展惠民惠农财政补贴资金“一卡通”管理问题专项治理，严肃查处了一批侵害群众利益的问题，现将其中5起典型案例通报如下。1、兴文县大河苗族乡大河村党支部原书记刘洋向贫困户索要“感谢费”的问题。2016年，兴文县大河苗族乡大河村七组村民刘某某获得易地搬迁补助资金10.8万元，时任大河村党支部书记刘洋向刘某某索要1万元“感谢费”。2017年9月，刘洋利用帮助刘某某取款的机会，私自从刘某某“一卡通”上转走1万元到自己银行账户上，用于日常开支。2018年8月，刘洋受到撤销党内职务处分。违纪款已退还。2、珙县巡场镇丰村3组原组长许文刚违规代领群众五保金的问题。2013年7月至2016年9月，珙县巡场镇丰村3组五保户张某某委托时任巡场镇丰村计生专干、出纳、3组组长许文刚代管“一卡通”，期间许文刚未兑付给张某某代为领取的2015年7月至2016年9月五保金共计4900元。 2017年7月，许文刚受到党内严重警告处分。违纪款已退还。3、筠连县筠连镇金星村党支部原书记刘林云侵占公益林补助资金的问题。2011年至2017年，时任筠连县筠连镇金星村党支部书记刘林云利用职务之便，侵占金星村112.15亩公益林补助资金共计9897.24元。2018年8月，刘林云受到党内严重警告处分。违纪款已收缴。4、珙县洛表镇互助村村委会主任孙希忠未按规定公示及处理集体土地粮食直补金的问题。2009年至2017年7月，珙县洛表镇互助村村委会主任孙希忠的妻子李某某代领该村二组集体土地粮食直补金共计5313元。期间，孙希忠未向二组群众公布代领集体土地粮食直补金的情况，也未将资金交村组集体处理。2017年11月，孙希忠受到党内严重警告处分。违规代领补助款已存入村集体账户。5、筠连县林业局木材检查站工作员谢世钊违规分摊造林面积的问题。2011年至2013年，时任筠连县大雪山镇林业办负责人谢世钊(非党)利用职务之便，违规为其妻在大雪山镇春景村3号小班（小地名峨眉湾）分摊到11亩林地，并分别于2011年10月领取1100元、2012年11月领取660元、2013年12月领取440元，共计虚报冒领补助金2200元。2018年6月，筠连县林业局给予谢世钊行政警告处分。违纪款已收缴。开展惠民惠农财政补贴资金“一卡通”管理问题专项治理工作，是省委坚决整治群众身边腐败和作风问题的重要举措。全市各级各部门要把专项治理工作摆在突出位置，以鲜明的态度、扎实的举措、过硬的作风，全力整治党员干部私自保管代管、扣留扣押群众“一卡通”，以及利用“一卡通”虚报冒领、骗取套取，截留挪用、贪污侵占，吃拿卡要、以权谋私等问题，坚决斩断伸向群众“钱袋子”的黑手，让“一卡通”真正成为群众的“幸福卡”“明白卡”。领导说了，您点一个小编工资涨五毛来源：廉洁宜宾编辑：方河玉 责任编辑：杨江欢迎加入我们，简历发送至：8704492@qq.com◇向家坝又有大动作！宜宾、内江、自贡…◇国庆假期之后，这几类人还有5天假可休◇正充电的手机，自动订了万元总统套房如果你是宜宾人 请点阅读原文]]></content>
  <author><![CDATA[宜宾新闻网]]></author>
  <time>2018-10-08 18:43:28</time>
  <account><![CDATA[ybxwwgw]]></account>
</data>
