<data>
  <id><![CDATA[51280209]]></id>
  <url><![CDATA[https://mp.weixin.qq.com/s?timestamp=1539596267&src=3&ver=1&signature=Egrj350GoKY8-KUcIJshb8xzCF*-Dsto0vKlpaCkYxTV3CLDSR44x9lWU2XJ89i8mb0ZXNTxFq5ZGVPjpwanollIU5LpFYz26IQY2Z0B245Yaa3HgafxC*yTh-G5iwGsrTQ4JDx8KJcQD8LjNeStTOTJGT*KEQ9IjTCdgj-AfnU=]]></url>
  <title><![CDATA[世界首例！宜宾又一座新长江大桥即将通车！快看在哪里]]></title>
  <content><![CDATA[宜宾新闻网宜宾人关注宜宾新闻网关注宜宾又一座新的长江大桥来啦！连入宜叙、宜泸高速路网的——南溪仙源长江公路大桥！近日，南溪仙源长江公路大桥南岸最后一根桥梁主钢梁吊装成功，为今年年底实现通车奠定了坚实的基础。南溪仙源长江大桥总投资6.5亿元，自2015年10月17日正式开工建设，是四川省首个渡改桥PPP模式项目，被列入国家规划的长江干线新建过江通道重点项目，建设工期36个月。大桥全长2100米，桥长1499米，其572米的主跨长度，在长江同类型桥梁中荣登榜首，并位列世界第四，同时，仙源长江公路大桥也是世界上首例采用两侧边跨不对称设计的桥梁。此次主钢梁吊装工程为仙源长江公路大桥最中间段，重约35吨，长28.5米，宽1.3米，高14.3米。在缆载吊机的牵引下，主钢梁缓缓离开货轮船舱，以每小时15米的速度被举升到距离江面约50米高的预定高度。据现场施工人员介绍，吊装主钢梁的这台缆载吊机最大吊重为400吨，是国内目前最大起重吨位的缆载吊机。此次主钢梁吊装的技术难度除了起吊重量大，还体现在定位要求极其准确，安全危险系数大等方面。为保证主钢梁位置的精确，施工方在大桥南北两岸都设置了定位仪，准确定位安装高程，确保了吊装的安全和精准。大桥预计于今年年底全面通车。届时，不仅会彻底结束我区民众依靠摆渡过江的历史，给两岸群众带来便利的交通，还将成为经济发展的重要纽带，促进城乡统筹发展、旅游开发和区域整体联动发展。大桥建设历程回顾2015年5月27日，南溪长江公路大桥开工动员大会在大桥选址点北侧举行。2015年12月18日，由于大桥10-13号桩基处于河滩地带，为抢在涨水前完成桩基施工，四川路桥目前调用了两台旋挖机、14台冲孔机24小时不间断作业，确保在春节前所有桩基施工完成。2016年3月26日，经过勘测、冲孔、桩基浇筑等工程之后，南溪长江公路大桥主墩（位于江心鹭碛岛上的13号墩）开始规模浩大的层台浇筑。2016年5月9日，南溪仙源长江大桥提前三个月进入水面作业阶段。13号主墩下右侧索塔起步段4.5米的混凝土的浇筑完成过后，标志着整个大桥将全面水面作业阶段。2016年6月3日，南溪仙源长江大桥10号、11号、12号桥墩已露出水面。2016年9月，南溪仙源长江大桥已完成工程投资9500万。大桥北岸引道路基和引桥下部构造施工完成。引桥上部小箱梁已安装两跨。主桥交接墩施工完毕。13号主墩正在进行横梁施工，南岸14号墩下塔柱、主桥辅助墩施工完毕。2016年12月，长江大桥13#墩横梁已浇筑完成，13#塔柱已完成46米，14#墩索塔完成横梁第二次浇筑。2017年3月，大桥难度最大的索塔主墩（13#）总高190.7米，完成104米。北岸桥梁预制板、现浇箱梁正在按进度施工中现浇箱梁3跨180米已经完成2跨132米。北岸14号索塔完成浇筑70多米。2017年10月16日，13#索塔（北岸）总高190.7米，已施工完成159米。14#（江南岸）索塔总高180.2米，已建127.5米。2017年11月，南溪仙源长江大桥北岸主墩索塔顺利封顶期待早日建成通车！领导说了，您点一个小编工资涨五毛来源：宜宾新闻网综合南溪发布、南溪广播电视台编辑：方河玉 责任编辑：杨江欢迎加入我们，简历发送至：8704492@qq.com◇惊叹！宜宾这座600多年的古城将再现◇招1000余人！宜宾又一大型招聘会来了◇超好吃！宜宾这些小街小巷的美食火了如果你是宜宾人 请点阅读原文]]></content>
  <author><![CDATA[宜宾新闻网]]></author>
  <time>2018-10-10 19:53:09</time>
  <account><![CDATA[ybxwwgw]]></account>
</data>
