<data>
  <id><![CDATA[51280209]]></id>
  <url><![CDATA[https://mp.weixin.qq.com/s?timestamp=1539596267&src=3&ver=1&signature=Egrj350GoKY8-KUcIJshb8xzCF*-Dsto0vKlpaCkYxTV3CLDSR44x9lWU2XJ89i8mb0ZXNTxFq5ZGVPjpwanotR1ZHcBCuMlyexMH*ryON9GY9qYWHz6DYN4KoU-Td8fQpu0cAGzh0MyX4bLnl3jgq7P1Z27pzchuC1SbmsD2Jg=]]></url>
  <title><![CDATA[重磅！激动！宜宾这个地方荣登全国绿色发展百强区榜单！快看是你家乡吗？]]></title>
  <content><![CDATA[宜宾新闻网宜宾人关注宜宾新闻网关注10月8日人民日报刊发了一则重要公告！2018年中国中小城市科学发展指数研究成果发布四川有不少市县区上榜，其中宜宾市翠屏区上榜全国绿色发展百强区10月8日，中国中小城市科学发展指数研究课题组、中小城市发展战略研究院、中城国研智库等单位在《人民日报》以及中国中小城市网刊发了《2018年中国中小城市科学发展指数研究成果》，发布“2018年度全国综合实力百强县市”、“2018年度全国绿色发展百强县市”、“2018年度全国投资潜力百强县市”“2018年度全国综合实力千强镇”等榜单。据悉，本次研究的评价对象界定为县级市、县以及空间相对独立的市辖区，以及发展基础较好、具备“建市”条件的镇。其中，“综合实力百强县”主要从经济发展、社会进步、城乡融合、环境友好和政府效率五个方面进行评价，“绿色发展”主要包括资源节约、绿色生活、污染治理和生态建设等四个方面的指标。完整名单看这里↓↓↓2018年度全国综合实力百强县市2018年度全国综合实力百强区2018年度全国绿色发展百强县市2018年度全国绿色发展百强区2018年度全国投资潜力百强县市2018年度全国投资潜力百强区来为咱们大宜宾打call吧！领导说了，您点一个小编工资涨五毛来源：人民日报、长江27号编辑：方河玉 责任编辑：杨江欢迎加入我们，简历发送至：8704492@qq.com◇成都到宜宾高速500车相撞？假的！◇7天30亿！宜宾这些地方太火爆了◇曝光！宜宾这几个村干部遭了！如果你是宜宾人 请点阅读原文]]></content>
  <author><![CDATA[宜宾新闻网]]></author>
  <time>2018-10-09 20:06:05</time>
  <account><![CDATA[ybxwwgw]]></account>
</data>
