<data>
  <id><![CDATA[51280209]]></id>
  <url><![CDATA[https://mp.weixin.qq.com/s?timestamp=1539596267&src=3&ver=1&signature=Egrj350GoKY8-KUcIJshb8xzCF*-Dsto0vKlpaCkYxTV3CLDSR44x9lWU2XJ89i8mb0ZXNTxFq5ZGVPjpwanonxJ*Xxq2vZgfv3CWtJcemgdpl16pX4NeIpc*viV1l5U0dDBPAKuKaZlur7k6*wto-0jEiykU2z5Dy0rGJi5nRo=]]></url>
  <title><![CDATA[名单出炉！宜宾民营企业100强来了，有你所在的公司吗？]]></title>
  <content><![CDATA[宜宾新闻网宜宾人关注宜宾新闻网关注9月27日，习近平总书记在辽宁忠旺集团考察时强调，改革开放以来，党中央始终关心支持爱护民营企业。我们毫不动摇地发展公有制经济，毫不动摇地鼓励、支持、引导、保护民营经济发展。现在的很多改革举措都是围绕怎么进一步发展民营经济，对这一点民营企业要进一步增强信心。我们要为民营企业营造好的法治环境，进一步优化营商环境。为推动我市民营经济跨越式发展10月10日宜宾市民营办宜宾市工商业联合会联合发布2018宜宾市民营企业100强名单发布会现场（周瑜原 摄）附：2018年全市百强民营企业名单（一）第一产业四川省茶业集团股份有限公司宜宾川红茶业集团有限公司四川早白尖茶业有限公司宜宾市娥天歌食品有限公司四川峰顶寺茶业有限公司宜宾云辰乔木园林有限责任公司四川横竖生物科技股份有限公司四川省好耕农业集团有限公司四川宜宾九彩虹生态农业科技有限公司四川泰和园林工程有限公司(二)第二产业四川省宜宾惠美线业有限责任公司宜宾岷江实业集团有限公司长宁红狮水泥有限公司宜宾市南溪区今良造酿酒有限公司宜宾恒旭投资集团有限公司宜宾天工机械股份有限公司宜宾今良造制酒有限公司四川南溪徽记食品有限公司四川省宜宾市长兴酒业有限公司正一集团有限公司宜宾瑞兴实业有限公司成中投资集团股份有限公司宜宾丰源盐业有限公司宜宾富源发电设备有限公司四川省宜宾君子酒业有限公司添宝建筑集团有限公司四川省宜宾酒都实业有限责任公司四川久凌制药科技有限公司四川经典建筑有限公司长宁县双洁混凝土有限责任公司宜宾琦丰绿色能源有限公司四川亿胜建设集团有限公司四川省卧龙建筑有限公司宜宾金石合金有限公司四川省长宁县双星建筑工程有限公司宜宾市四方射钉制造有限公司重庆啤酒宜宾有限责任公司高县卓越商品混凝土有限公司珙县智溢茧丝绸有限公司四川宇硕建筑工程有限公司筠连县凤凰煤业有限公司四川宜宾金南福酒业有限责任公司宜宾恒丰丽雅纺织科技有限公司四川省长宁县天成印务有限公司兴文县鼎立建筑工程有限公司宜宾盛豪混凝土搅拌有限公司四川宜宾宜泉酒业有限公司四川省高县仙桥矿泉水有限责任公司宜宾新宇酒业有限公司宜宾常达机械有限公司四川省兴文县天然气有限公司四川新丝路茧丝绸有限公司四川施利旺农业科技开发有限公司宜宾米奇食品有限公司四川世大塑化有限公司宜宾六尺巷酒业有限公司四川白家薯业发展有限公司筠连县三鼎天然气有限责任公司宜宾市沣熠包装有限公司宜宾市旺达饲料有限公司筠连县九龙煤业有限公司宜宾县越华食品有限责任公司筠连森泰页岩气有限公司珙县海天水务有限公司四川南溪庶人食品有限公司宜宾力信饲料有限责任公司屏山县天成精密铸造有限责任公司宜宾莱特医药化工有限公司珙县恒圣天然气有限公司兴文县石海茧丝绸有限公司（三）第三产业四川天地汇物流发展有限公司宜宾远达房地产投资开发有限公司四川全盛通网络技术有限公司四川朵唯智能云谷有限公司宜宾绿源食品有限公司宜宾经典置业有限公司四川省宜宾市燕君贸易连锁有限责任公司宜宾大家乐商贸有限公司宜宾市宏泰房地产开发有限公司四川天伦药业有限公司长宁县鼎盛置业有限公司四川宜宾叙府旅游开发有限公司四川东和欣包装科技有限公司兴文嘉记置业有限公司四川麦加乐食品有限责任公司四川省华恩房地产开发有限责任公司宜宾正和房地产投资集团有限公司宜宾申蓉四维汽车销售服务有限责任公司宜宾新青年电子商务有限公司宜宾县德福汽车销售有限公司四川省宜宾新石海药业有限责任公司宜宾市捷安汽车销售有限责任公司四川钱塘投资有限公司宜宾天天康大药房零售连锁有限责任公司四川中明房地产开发有限公司四川省宜宾市美新商业管理有限公司四川华正房地产业开发有限责任公司宜宾市翠屏区万家福商贸有限责任公司四川腾耀农业科技开发有限责任公司四川酒都医药有限公司今年上半年，我市在全省率先开展民营企业100强评选工作，制定《宜宾市民营经济工作领导小组办公室关于印发<宜宾市百强民营企业评选办法>的通知》（宜民营办[2018]8号）。在办法中明确了百强民营企业评选范围、评选规则和评选程序。经民营企业自愿申报、各县（区）政府审查、市民营办汇总，委托合法的、专业的会计师事务所对候选企业的营业收入、实缴税金、解决就业人数和创新能力进行综合打分排序，并征求相关部门意见，评选出了宜宾市2018年民营企业100强。其中第一产业10户，第二产业60户，第三产业30户。领导说了，您点一个小编工资涨五毛来源：宜宾日报、人民网编辑：方河玉 责任编辑：杨江欢迎加入我们，简历发送至：8704492@qq.com◇宜宾这条老街热闹了几十年，现在…◇四川事业单位公招了！宜宾要招61人◇全国点名！宜宾这位85岁的婆婆要火了如果你是宜宾人 请点阅读原文]]></content>
  <author><![CDATA[宜宾新闻网]]></author>
  <time>2018-10-14 19:11:23</time>
  <account><![CDATA[ybxwwgw]]></account>
</data>
