<data>
  <id><![CDATA[51280209]]></id>
  <url><![CDATA[https://mp.weixin.qq.com/s?timestamp=1539596267&src=3&ver=1&signature=Egrj350GoKY8-KUcIJshb8xzCF*-Dsto0vKlpaCkYxTV3CLDSR44x9lWU2XJ89i8mb0ZXNTxFq5ZGVPjpwanomFpZxCaHGBF8gcH*eZcC3fibyslw18O3cIA3Mw8a6SdkfOojdqpCJ0flpapaTI1V*FL-vWTFnmM5M00oaGFp*s=]]></url>
  <title><![CDATA[身价暴涨！宜宾农村这东西竟然卖300一斤，几乎家家都有！]]></title>
  <content><![CDATA[宜宾新闻网宜宾人关注宜宾新闻网关注在农村红薯可以说是很常见的东西每当刨红薯的时候红薯叶子，红薯梗到处都是真没想到还很值钱！小编这就带你看看↓↓↓村民把红薯梗、红薯叶烘干之后，包装出口俄罗斯、日本等国家，售价三百多一斤。厉害了！看来“不如回家卖红薯”这句话真是老祖宗留给我们的财富呀！这还不算完扎心的事情才刚刚开始！你万万没想到以下这些我们在农村常见的东西竟然真的能让人发大财！卖桑叶年挣800万桑叶除了养蚕，还是一味中药，有疏散风热、清肺润燥、清肝明目的作用；桑叶还能做成桑叶茶；新鲜的嫩桑叶还能做成菜，人们把这种菜叫作桑叶菜。正是因为看中了这个市场，王基兵才决定大量收购、加工桑叶，通过批发商，他的产品销售到广东、浙江、香港、澳门等地的各大饭店，2016年销售额达800多万元。土口曾卖到3000元/斤土口又叫蝼蛄，在有些地方的餐厅和烧烤摊非常抢手！前些日子有媒体报道，一些餐厅蝼蛄竟然要卖到3000元一斤，还经常卖断货！很多人不相信，特意到某宝上去搜了一下，发现它在网上的最高价格真心卖到了750元一斤！八角丁800元/斤从小居住在农村的朋友应该都看见过这种绿色的虫子，甚至被它咬过。大家管这种虫子叫八角丁，被它蛰上一口的人，那感觉比被泼了一盆辣椒汁还要辣，简直就是摸一下让人提神醒脑，抓一下神魂颠倒。然而，如今有一种叫洋辣子罐的食物在某宝上竟然卖到了800元每斤！这是农村的一道重口味美食，一般就是将洋辣子的幼虫放到炭火里烤，味道丝毫不逊吃蟹膏蟹黄，并且富含高蛋白质，到了城里身价倍增，成为极其难得的美味佳肴。不得不说吃货的力量真心强大！贫穷限制了我的想象连看到起鸡皮疙瘩的虫子都敢吃！瞬间感觉错过了好几个亿~看来致富真的需要独到的眼光！你以为这就完了？当然没有！除了上面说到的以外，那些我们生活中看不起却又身价暴涨的东西还有很多！塑料凉鞋记得小时候每个孩子都穿过这种塑料凉鞋！粉的黄的绿的……五颜六色的都有如今某宝上的代购价高达3800元人民币左右解放鞋这种军绿色“解放鞋”在国人眼中土得掉渣在国外却成为了一种时尚其价格从过去不到20元人民币到美国市场售价75-87美元身价堪比耐克千层底布鞋国际大牌Calvin Klein推出的售价高达7000多人民币的一款鞋子小编看到后笑了！这不就是我们爷爷奶奶曾经穿过的鞋吗？小编我是瞬间涨见识了！赚钱这件事真心靠天赋！废话不多说小编我要回家好好找找这些东西，说不定真就发财啦！别说我没告诉你！领导说了，您点一个小编工资涨五毛来源：腾讯视频、梨视频编辑：方河玉 责任编辑：杨江欢迎加入我们，简历发送至：8704492@qq.com◇向家坝又有大动作！宜宾、内江、自贡…◇国庆假期之后，这几类人还有5天假可休◇正充电的手机，自动订了万元总统套房如果你是宜宾人 请点阅读原文]]></content>
  <author><![CDATA[宜宾新闻网]]></author>
  <time>2018-10-08 18:43:28</time>
  <account><![CDATA[ybxwwgw]]></account>
</data>
