<data>
  <id><![CDATA[51280209]]></id>
  <url><![CDATA[https://mp.weixin.qq.com/s?timestamp=1539596267&src=3&ver=1&signature=Egrj350GoKY8-KUcIJshb8xzCF*-Dsto0vKlpaCkYxTV3CLDSR44x9lWU2XJ89i8mb0ZXNTxFq5ZGVPjpwanotR1ZHcBCuMlyexMH*ryON9qCFUd2pktE31W7YYlV5JtPIJUE7CBIxowlZXkDy6hvN6AIHIKKuW7Xa3S9RsBXow=]]></url>
  <title><![CDATA[宜宾人千万警惕！这对男女专在赶场天骗老人钱，相关部门已介入调查]]></title>
  <content><![CDATA[宜宾新闻网宜宾人关注宜宾新闻网关注【网友phr爆料】有一种骗子是最可恨的，这种骗子专门在农村街上骗老人！我在共乐镇东方红村（东阳）就看到了这样的骗子。当天是东阳赶场的日子，街上的人很多。在大街上，一个大约50岁的妇女专挑老年人拦着，劝说老年人到自己的店里，可以给老人免费检查身体，还有礼品相送。都晓得老人是最担心自己身体的，而且检查身体又是免费的，很多老人禁不住劝就进了他们的店。店里，一个男的就拿出他的产品，都是一些不晓得什么材质做成的手镯、吊坠之类的东西。男子让老人们把这些东西戴在身上，然后就说他们身体有些啥子问题。再忽悠他们说这些东西能治病。有些老人被吓到了，快点就买下了产品。听别人说，有时短短两三个小时他们就进账1000多元。先不说这些东西是不是“三无”产品，至少可以肯定的是，任何手镯或者吊坠都没有很明显的治病功效，如果真像卖产品的男子所说可以治好老人身上的病，那人生了病都不用去医院了。上当的老人大多都是东阳周边的农村老人，存点钱不容易，平时舍不得吃、舍不得穿的，就这样被这一男一女骗了，从几十到几百不等，想想都很心酸！小编已经把该情况反映给了相关部门相关部门已介入调查同时，再次告知大家一定要提醒身边的老人提高警惕谨防上当受骗领导说了，您点一个小编工资涨五毛来源：最美兴文编辑：方河玉 责任编辑：杨江欢迎加入我们，简历发送至：8704492@qq.com◇成都到宜宾高速500车相撞？假的！◇7天30亿！宜宾这些地方太火爆了◇曝光！宜宾这几个村干部遭了！如果你是宜宾人 请点阅读原文]]></content>
  <author><![CDATA[宜宾新闻网]]></author>
  <time>2018-10-09 20:06:05</time>
  <account><![CDATA[ybxwwgw]]></account>
</data>
