<data>
  <id><![CDATA[51280209]]></id>
  <url><![CDATA[https://mp.weixin.qq.com/s?timestamp=1539596267&src=3&ver=1&signature=Egrj350GoKY8-KUcIJshb8xzCF*-Dsto0vKlpaCkYxTV3CLDSR44x9lWU2XJ89i8mb0ZXNTxFq5ZGVPjpwanoj04NnE6RtL-8yHzy6079F*-wFt2ZcuRpZ1JDfJtvTQt0TgVqPtj8iFQ8M5m0imMypB0v-J7OK9QYAwfat99mYo=]]></url>
  <title><![CDATA[货币补偿！宜宾这个地方的房子终于要拆迁了…]]></title>
  <content><![CDATA[宜宾新闻网宜宾人关注宜宾新闻网关注近日，南溪区棚改办传来消息，南山厂宿舍35栋25户已全部签订了货币补偿协议，现已进入报账程序。下一步，区棚改办将按照总体规划，陆续启动南山村可研范围内的危旧楼的棚改工作。南山村：老城区比较危旧的房屋南山厂宿舍始建于上世纪60年代末，属老城区比较危旧的房屋，存在严重的安全隐患。自我区棚户区改造工作启动以来，南山村居民多次到棚改办、区信访局等单位部门，要求能将该区域房屋纳入棚改。△南山村街景2017年6月，在35栋大部分居民强烈要求下，启动了该栋楼的棚改工作。因该栋楼底楼居民将住房改为经营性用房的情况由来已久，认为房屋经济价值较大，对房屋补偿期望较高，要求按照商业服务用房标准进行补偿。棚改工作历时1年，工作异常艰难棚改工作异常艰难，进度缓慢，历时1年多，召开动员会5次，接待居民近百人次，开展座谈50余次，入户调查50余次，棚改办工作人员始终将严守工作纪律、严守政策红线放在首位，对住改非情况严格认定，对期望值要求高的底楼居民采取政策宣传与情感感化相结合。终于破解了南山厂宿舍35栋棚改难题，打开了南山村棚改工作新局面。棚改计划实施后相信南山村将迎来大变化！领导说了，您点一个小编工资涨五毛来源：南溪区住建城管局、宜宾零距离编辑：方河玉 责任编辑：杨江欢迎加入我们，简历发送至：8704492@qq.com◇免费！宜宾50个冷门景点曝光！◇借7千还36万，宜宾家长看好你的孩子◇四川景区突降暴雪，上千辆车被困深山如果你是宜宾人 请点阅读原文]]></content>
  <author><![CDATA[宜宾新闻网]]></author>
  <time>2018-10-05 20:13:08</time>
  <account><![CDATA[ybxwwgw]]></account>
</data>
