<data>
  <id><![CDATA[51280209]]></id>
  <url><![CDATA[https://mp.weixin.qq.com/s?timestamp=1539596267&src=3&ver=1&signature=Egrj350GoKY8-KUcIJshb8xzCF*-Dsto0vKlpaCkYxTV3CLDSR44x9lWU2XJ89i8mb0ZXNTxFq5ZGVPjpwanoizVavNg5KTtPhrSGKWkcMg*JU4hO2ASI*uZuT9f0xy1A9qAGWfPGceClQkQpBwhbhw-R0rzdgARQgLFj10nlwU=]]></url>
  <title><![CDATA[4天后，宜宾有大动作！高铁总部商务中心、旅游集散中心、跨境贸易中心…来了]]></title>
  <content><![CDATA[宜宾新闻网宜宾人关注宜宾新闻网关注做政府所想、为市场所需。——绿地集团2018年6月，绿地集团在西南区域规划的高铁产业项目落地宜宾，旨在形成拥有智慧旅游集散中心、高铁总部商业中心、跨境贸易商业中心的川南区域新中心，打造旅游、康养、教育等多元业态于一体的城市综合体。绿地宜宾城际空间站立足宜宾特色文化和景观，引入智慧旅游平台、总部办公写字楼、跨境贸易总部办公园区、国家和地区特色商品展销馆、全球进口商品直销精品超市、五星级酒店、特色商业街区等业态，打造智慧旅游集散中心、高铁总部商务中心、跨境贸易商业中心，形成集生态、智慧、文化展示、跨贸、办公、旅游、宜居等产业为一体的川南区域新中心。10月16日，绿地集团将在宜宾皇冠假日酒店，隆重举行绿地宜宾城际空间站产业战略发布论坛，此次发布会将解读宜宾南部新区的区域价值、以及绿地布局宜宾带来的巨大影响，还将首次正式向全宜宾传达宜宾城际空间站的产业规划，同时现场还将力邀多个知名商业资源签约，以一场震撼人心的盛宴见证宜宾璀璨耀眼的未来！高铁带动经济，宜宾腾飞在即2018 年，是《西部大开发“十三五”规划》的关键之年，在国家发布的《中长期铁路网规划》当中，宜宾将成为重要的地区铁路枢纽。围绕四川省规划“十大高速铁路大通道”目标任务，宜宾按照“四高七普一枢纽”规划建设，交通优势更加凸显。由此可见宜宾作为国家八纵八横的交通网中的交汇点，将与成都、重庆齐头并进。（宜宾铁路规划图/图据《铁路“十三五”发展规划》）近年来，我国铁路、高铁运营里程不断增加，截至2017年底，全国铁路营业里程达到12.7万公里，其中高铁2.5万公里。高铁就是带动地方经济发展的引力，高铁的建设对地方经济有积极地作用，不仅能够促进地方经济结构的完善和升级，还起着优化产业结构的作用。（图片来源于网络）三大产业落位，绿地承载希望一个月前，伴随着以“产业协同发展 点亮西部未来”为主题的绿地集团西南区域大产业联盟发布盛典暨多元产业升级战略发布会在成都举行，绿地集团西南区域的产业发展计划正式浮出水面，绿地着眼于完善城市功能和提升产业能级的产业布局脉络更加完整地展现。绿地将全面深入到三四线城市的建设与发展中，在西南打造一批各具产业特色、符合当地实际的产业标杆项目。（项目效果图）据悉，本次产业发布会将向来到现场的各界精英人士讲述绿地宜宾城际空间站的三大产业落位，全域涵盖智慧旅游集散中心，总部商务中心，跨境贸易中心三大产业，以多元化产业布局和全产业链注入的方式，助力当地城市功能完善和产业能级提升。对于宜宾来说，绿地为进驻城市所带来的产业赋能将进一步提升城市价值，促进区域经济发展，极大助力城市在未来的经济副中心竞争中领跑胜出。对于绿地而言，要进一步增强和发挥绿地产业聚集和运营能力，在机遇无限、前景广阔的四川宜宾，携手各方，共享时代发展红利，共赢宜宾发展美好未来，为宜宾经济实现高质量发展做出更大贡献！酒店立足西南，打造跨境贸易截止2018年，绿地酒店产业已具有相当规模和实力，目前全世界范围内建成及在建酒店160余家，跨越5大洲，12个国家，拥有各类客房2万余间，资产规模250多亿元，绿地国际酒店管理集团已成为国内最大酒店物业持有商和管理运营商之一。（图片来源于网络）本次产业发布会，绿地国际酒店管理集团总经理将会带来绿地酒店在西南布局的最新消息，讲述绿地集团如何充分发挥综合性地产开发优势，以宜宾城际空间站为阵地，在自有商业品牌独立运营及酒店自主品牌建设的同时，积极寻求与国际国内知名企业的战略合作，借力发展宜宾南部新区，形成宜宾规模最大、业态最丰富的核心商圈。（项目效果图）同时，绿地宜宾城际空间站致力于将宜宾打造为川南消费品跨境贸易中心，将在本次发布会中向社会大众介绍自营全球进口商品直销精品超市 G-Super以及将会带来的世界各地的九千余种商品，更会展示澳洲馆等全球四大国家馆，旨在建造一个文化、商贸、餐饮、娱乐为一体的一站式体验中心。（项目效果图）除了上述内容之外，本次发布会还将展示绿地宜宾城际空间站规划的十二年制名校、六大城市公园环绕、BRT 、PRT城市智慧交通系统以及异国风情商业街区等精彩内容。绿地二十六载，布局全球五大洲三十余国，见证了无数次新城的诞生。绿地凭借其卓越的前瞻性眼光与超凡的运营实力，一次又一次引领城市发展的新风潮，相信这一次宜宾之行也不会例外。究竟绿地会在宜宾未来蓝图上画上怎样浓墨重彩的一笔，让我们共同期待10.16日绿地宜宾城际空间站产业战略发布论坛答案揭晓！绿地宜宾城际空间站城市展厅诚邀品鉴城市展厅：东方时代广场|老城区绿源美好家园凯德沃尔玛|上江北绿源生活广场详询：0831-8207777免责声明1.“绿地宜宾城际空间站”为本案推广名。2.本宣传资料为要约邀请，相关内容不排除因政府相关规划、规定及开发商未能控制的原因而发生变化，本公司保留对宣传资料修改的权利，敬请留意最新资料。3.对项目周边环境、交通、教育商业及其他配套设施的介绍，旨在提供相关信息，不意味着本公司对此作出了承诺，买卖双方的权利义务以合同约定为准。本公司保留对宣传资料修改的权利。4.本文部分图片源自网络，素材、版权属于原作者，转载素材仅供大家欣赏和分享。因非原创文章及图片等内容无法一一和版权者联系，请及时通知我们；本网页如无意中侵犯了媒体或个人的知识产权，请来电告之，我们将立即予以删除。-广告-领导说了，您点一个小编工资涨五毛编辑：方河玉 责任编辑：杨江欢迎加入我们，简历发送至：8704492@qq.com◇官方最新消息：宜宾高铁试运行时间…◇美爆！宜宾长江大桥将迎灯光秀！◇刚刚公示！宜宾又新增一个4A景区如果你是宜宾人 请点阅读原文]]></content>
  <author><![CDATA[宜宾新闻网]]></author>
  <time>2018-10-12 21:25:50</time>
  <account><![CDATA[ybxwwgw]]></account>
</data>
