<data>
  <id><![CDATA[51280209]]></id>
  <url><![CDATA[https://mp.weixin.qq.com/s?timestamp=1539596267&src=3&ver=1&signature=Egrj350GoKY8-KUcIJshb8xzCF*-Dsto0vKlpaCkYxTV3CLDSR44x9lWU2XJ89i8mb0ZXNTxFq5ZGVPjpwanollIU5LpFYz26IQY2Z0B244xzgl6uZsAZTeCK4ScZEMurBN9tV0v9ffgLsLiRyAxuuWBq1h*OXeZjsXjSjjpSHs=]]></url>
  <title><![CDATA[好消息！宜宾蜀南竹海有观光车啦！私家车在景区不能乱跑了，票价…]]></title>
  <content><![CDATA[宜宾新闻网宜宾人关注宜宾新闻网关注好消息！好消息！蜀南竹海景区有观光车啦！再也不用担心没车要甩火腿了！今天上午蜀南竹海创5A景区旅游观光车项目运行启动仪式在竹海镇游客中心举行时隔6年之后蜀南竹海景区旅游观光车再次开通运行蜀南竹海观光车设置总站1个、枢纽站4个景点和支线交叉口站17个招呼站若干个首批投入观光车40辆开通运行线路4条覆盖了忘忧谷、观云台、翡翠长廊龙吟寺、海中海、仙寓硐、熊猫基地七彩飞瀑、青龙湖等主要景点下面，请将手机横过来一起来看观光车具体路线图2条主线、2条支线滚动发班！景点之间约20分钟就有一辆车通行具体线路请收好！一号线（主线1）观光车停车场总站→万岭→观云台→翡翠长廊西入口→三叉口→海中海→仙寓硐站→海中海→万里→熊猫基地→迎风湾→鸡冠岭→万岭→观光车停车场总站。（注：法定节假日时增加七彩飞瀑站）二号线（主线2）东大门→北大门（拟建）→青龙湖→万江→七彩飞瀑→万里→熊猫基地→迎风湾→鸡冠岭站→龙吟寺→三叉口→海中海→仙寓硐→海中海→万里→七彩飞瀑→万江→青龙湖→北大门→东大门三号线（支线1）万岭站→博物馆→达忧谷后→博物馆→墨溪下站→博物馆→万岭站。四号线（支线2）挂榜岩→三叉口→龙吟寺→鸡冠岭→迎风湾→ 鸡冠岭→龙吟寺→三叉口→ 挂榜岩为了方便大家在景区内住宿、购物景区在农家乐集中区设置了招呼站小伙伴们不用绕道到乘坐站点就可在招呼站上车哦！你关心的票价来啦！蜀南竹海观光车票价为55元每人购票后3日之内只要你不离开蜀南竹海核心景区均可在景区内自由乘坐观光车不会二次收费哦！观光车运行时间淡季（每年11月初至次年2月末），每天08:00至18:00，共10个小时；旺季（每年3月初至11月末），每天07:00至19:00，共12个小时。景区将视当日客流情况延长运行时间，同时另行安排观光车辆对夜间进山游客进行机动保障。在观光车开启之际景区同步采取了通行管制措施严管控自驾车辆进入景区游客到达景区后可将车停留在竹海游客中心乘坐景区旅游观光车在景区游览那么，问题来了！景区留宿游客的自驾车辆怎么办？经允许后实行“点对点”通行并在指定留宿停车场停放外地游客王麻子先生预定了景区内某酒店大包小包的行李一大车也必须搬来搬去？这不科学！不方便啊！肿么办？那就可以要求酒店掌柜的提前一天通过电话0831-4912288进行备案登记相关内容这样王麻子先生就可驾车前往酒店啦！特别注意的是进入景区的车辆只能直达预定的酒店然后换乘观光车游览景区中途随意停车、不按规定线路行驶都将会受到处罚哦！还有！还有！在旅游旺季或黄金周期等特殊时段景区观光车运行期间不允许景区居民经营单位自有车辆通行景区居民日常出行由景区无偿保障有了观光车开车的朋友再也不用舟车劳顿可以有更多的时间来欣赏沿途美景啦！领导说了，您点一个小编工资涨五毛来源：宜宾新闻网综合长宁发布编辑：方河玉 责任编辑：杨江欢迎加入我们，简历发送至：8704492@qq.com◇惊叹！宜宾这座600多年的古城将再现◇招1000余人！宜宾又一大型招聘会来了◇超好吃！宜宾这些小街小巷的美食火了如果你是宜宾人 请点阅读原文]]></content>
  <author><![CDATA[宜宾新闻网]]></author>
  <time>2018-10-10 19:53:09</time>
  <account><![CDATA[ybxwwgw]]></account>
</data>
