<data>
  <id><![CDATA[51280209]]></id>
  <url><![CDATA[https://mp.weixin.qq.com/s?timestamp=1539596267&src=3&ver=1&signature=Egrj350GoKY8-KUcIJshb8xzCF*-Dsto0vKlpaCkYxTV3CLDSR44x9lWU2XJ89i8mb0ZXNTxFq5ZGVPjpwanon8DoN*iGDNKhgm31kvaBd4O9UaB5mAJ3uBo-Mm9UUfUIqSDxAxU*YOK-fhSempqvapvQpgcrLelP76e-5P0pKc=]]></url>
  <title><![CDATA[国家发改委批复！向家坝又有大动作！宜宾、内江、自贡、泸州的人有福啦~]]></title>
  <content><![CDATA[宜宾新闻网宜宾人关注宜宾新闻网关注近日国家发改委对向家坝水电站相关设计报告做出了批复宜宾、自贡、内江、泸州4市的人有福啦！对对对！又有好消息啦~快跟小编一起来了解一下↓↓↓9月27日至9月30日，由水规总院、四川省工程咨询研究院、中电建成都勘测设计院、中电建贵阳勘测设计院以及清源公司组成的专家组，经过现场查勘、听取汇报、分组讨论，对《四川省向家坝灌区北总干渠一期一步初步设计报告》进行评审并基本同意该《报告》。▲进行现场评审。▲专家组实地查勘了项目现场。向家坝灌区工程是向家坝水电站综合开发利用任务确定的配套工程也是四川省“再造一个都江堰灌区”宏伟目标的重要组成整个灌区工程规划于2009年3月获得水利部批复拟分三期建设其中北总干渠一期工程被国务院列为全国172项节水供水重大水利工程2015年4月项目建议书获得国家发改委批复2018年7月31日可研报告获得国家发改委批复根据国家发改委对可研报告的批复内容中一期工程涉及宜宾、自贡、内江、泸州4个市11个县（区）设计灌溉面积198.57万亩多年平均供水量8.47亿立方米其中农业灌溉及农村供水5.21亿立方米城镇生活及工业供水3.26亿立方米▲宜宾新闻网 陈忆 摄《四川省向家坝灌区北总干渠一期一步初步设计报告》涉及工程设计灌溉面积51.27万亩多年平均供水量3.74亿立方米其中农业灌溉及农村供水1.10亿立方米城镇生活及工业供水2.64亿立方米▲宜宾新闻网 陈忆 摄主要建设内容包括新建北总干渠渠首至邱场分干渠段邱场分干渠、内江供水管线、喜捷支渠真溪支渠以及4条水库充水渠等总干渠渠首设计流量98立方米每秒，长39.22公里分干渠长38.2公里供水管线长38.49公里支渠总长26.45公里计划总工期54个月估算总投资67.17亿元据了解，灌区范围内的宜宾、自贡、内江、泸州4市是《成渝经济区区域规划》发展的重要区域经济总量占四川全省近30%▲宜宾新闻网 陈忆 摄川南城市群是全省第二大城市群灌区耕地资源丰富农业发达，人口众多是四川省重要的粮食主产区从水资源保障来看尽管向家坝灌区内水资源总量丰富但灌区内当地径流不足，属于较为缺水地区同时，灌区年内、年际降雨分配不均春、夏、伏旱灾害频繁发生且水利基础设施薄弱项目一期一步工程宜宾将实现灌溉面积22.13万亩可供叙州区、屏山县主城区和部分乡镇供水对农业生产、城乡居民生活用水等方面具有十分重要的意义怎么样？听到这个消息是不是非常高兴呢？赶紧让更多人知道为向家坝灌溉工程点个吧~来源：宜宾新闻网 记者：旦凯编辑：丁肖潇 责任编辑：杨江欢迎加入我们，简历发送至：8704492@qq.com◇这条百年老街99%的宜宾人都不知道◇南岸一居民楼顶发生火灾，黑烟冲天◇酒店同时有12对新人结婚！客人惊叹如果你是宜宾人 请点阅读原文]]></content>
  <author><![CDATA[宜宾新闻网]]></author>
  <time>2018-10-07 18:26:11</time>
  <account><![CDATA[ybxwwgw]]></account>
</data>
