<data>
  <id><![CDATA[51280209]]></id>
  <url><![CDATA[https://mp.weixin.qq.com/s?timestamp=1539596267&src=3&ver=1&signature=Egrj350GoKY8-KUcIJshb8xzCF*-Dsto0vKlpaCkYxTV3CLDSR44x9lWU2XJ89i8mb0ZXNTxFq5ZGVPjpwanonTTOfWMUg6vi6UtycKIFOtUm5h1ndocidbtgc-e1xi8Wlkei0j*siRhYY9h9lpGm21sNJgCZ6ijQcFw3tHl4LY=]]></url>
  <title><![CDATA[宜宾城区这条300米的老街，热闹了几十年，现在……]]></title>
  <content><![CDATA[宜宾新闻网宜宾人关注宜宾新闻网关注打金街，曾是宜宾城区最热闹的的花鸟虫鱼市场。这里百花争艳，花香满街，把整条街都沐浴在了花的海洋里，吸引人们买回去妆点家园。2016年，中坝桥花市营业，打金街大部份经营者搬走，几乎消失殆尽，再次走进打金街道，往日繁华虽不再，但仍旧花香四溢。1寥寥花店据史料记载，清末的时候，这里开办“大箋厂”打制金箔、锡箔、供匾对、寺庙神佛贴金和做祭祀用的金锭、银锭，“打金街”由此得名。打金街的花店并没有全部搬走。现在只有寥寥几家花店，撑着打金街“前花市”的名号。五颜六色的小花小草摆在店门口，招呼着路过的人们驻足围观；店里琳琅满目的花花草草也在悄悄探出头，吸引着驻足的人们进入店内仔细观赏。商户们也与时俱进，除了司空见惯的花草，还有着时下最具人气的多肉植物。一家专门贩卖新鲜花束的店老板每天都会坐在门口，亲自剪裁每一株花草。不见他有思考的功夫，灵巧的手马不停蹄地工作着，一束束美丽的花束就在这双手下逐渐诞生。这大概就是岁月沉淀下来的熟练技术吧，实是令人叹服。纵使花市不再，这里的花店依然在这里默默装点着打金街。或许迟早有一天，他们也会像那些创造“打金”之名的手工金匠们一样，在这条街上突然消失吧。如今，打金街虽依然有花点缀，但也止不住时间的落寞，只能在心里感叹。2“水族馆”宜宾老城区的花鸟鱼虫市场先在府堂坝一带，后转移至青皮树，上世纪80年代中期来到打金街，每到周末，人头攒动，交易火爆。这便是这条街最繁盛的时候了。如今花市不再，但作为前花鸟鱼虫一条街，之前就一直很兴盛的各种“水族馆”，似乎是成为了这条街新的主题。这里几乎是养鱼人必来的街了。各种各样的观赏鱼或放在水槽里，或放在门店外，惬意地游来游去。除了鱼儿们，也有小乌龟。走心的老板，在龟壳上涂了鸦，色彩斑斓，最受小孩子的喜爱。这里的“水族馆”虽也不及最繁盛的时候，但好在门店极多，可选择范围也大，现在依然有很多人会专门来这边逛一逛，买一买。3活力、衰败如果你是从文星街走进打金街的，那么比起路边的特色水族馆，打金街幼儿园的“招牌”会更吸引你的注意。打金街幼儿园可以算得上宜宾的“老字号”了。它是在民国三十五年（1946年），由法国天主教会在城区打金街公信小学旧址开办的，当时叫做“公信幼稚园”。打金街幼儿园作为宜宾的名幼儿园从1946年一直延续到了今天，每当上学放学时，都会为这条繁华不在的老街注入新的活力。而在同一条街上，却另有一栋楼房静静地等待着拆迁。房屋上写了几个大大的“拆”字，墙上已经贴有“危楼禁止居住，危楼严禁摆放"的字样。硕大的标语贴在这栋已经破败的青砖楼房上，昭示着它就要退出历史的舞台。可谁又知道，这栋楼房曾是这条街的第一栋新房子。这栋楼房于1972年建成，只有去外援修坦赞铁路的工人家属以及天主教的部分人员才能居住。那时候，住进这栋楼里的人，不知道让多少人羡慕。时光逝去，这栋楼房已成危楼，昔日的住户差不多都搬走了。只留下这栋楼房与后面杂草丛生的后院，默默述说着此处曾经的热闹。打金街南通麻线街，北止文星街，与兴隆街相连，全长不过三百米。小小的地方，却处处见证了宜宾几十年来的历史变迁。花市搬迁，打金街虽然没有了昔日的繁华，但岁月静好也是生活的一种表现。有老街凋落，自然也有新街兴盛，敌不过时间的变迁，还可以用笔墨记下一段美好。只要我们不曾忘却，那它就会永驻我们心头。领导说了，您点一个小编工资涨五毛来源：宜宾新闻网编辑：方河玉 责任编辑：杨江欢迎加入我们，简历发送至：8704492@qq.com◇宜宾有大动作！高铁总部商务中心来了◇叙州区第一届人民政府代理区长是他◇一期212套！宜宾又一个安置房来了！如果你是宜宾人 请点阅读原文]]></content>
  <author><![CDATA[宜宾新闻网]]></author>
  <time>2018-10-13 20:20:46</time>
  <account><![CDATA[ybxwwgw]]></account>
</data>
