<data>
  <id><![CDATA[51280209]]></id>
  <url><![CDATA[https://mp.weixin.qq.com/s?timestamp=1539596267&src=3&ver=1&signature=Egrj350GoKY8-KUcIJshb8xzCF*-Dsto0vKlpaCkYxTV3CLDSR44x9lWU2XJ89i8mb0ZXNTxFq5ZGVPjpwanoizVavNg5KTtPhrSGKWkcMg*KqNoGiXCZbUPMAOnUsy9pne9U1u4thadBgfV-0hXaF*IRK8zMZsg3kxI8cYc-bo=]]></url>
  <title><![CDATA[抓了26人！宜宾一女教师"跨国"网恋被骗168万，竟牵出诈骗团伙]]></title>
  <content><![CDATA[宜宾新闻网宜宾人关注宜宾新闻网关注2018年9月以来，宜宾市公安局南溪区分局迅速贯彻落实上级公安机关安排部署，以扫黑除恶等重点专项行动为引领，以严打季节性突出违法犯罪为重点，以风险隐患防范整治为关键，坚持“集中与分线出击相结合、短期攻坚与长期治理相结合”原则，围绕安保维稳、专项攻坚、防范整治三大战场，分条线、有重点的开展好各项工作，确保工作措施落实有力、取得实效。“秋风”劲，硕果丰“秋风”专项行动开展至今，分局立案侦办九类涉恶案件28起、涉恶团伙2个、涉恶集团1个，成功打掉跨区域系列入户盗窃团伙1个。在“秋风”行动开展期间，分局在省厅、市局的指导和带领下，运用“互联网”+“大数据”思维，缜密侦查，多警联动、全力攻坚，成功侦破由公安部督办的“3.04”宜宾特大电信诈骗案，抓获嫌疑人26人（含3名外籍犯罪嫌疑人），冻结涉案资金430万元；全国并案6起，串案35起，涉案总金额达1000余万元。△外籍嫌疑人约翰，宜宾公安供图女教师跨国网恋被骗百万2018年3月2日，一中年女子匆匆走进区公安分局刑侦大队民警办公室，一看到民警，她就迫不及待地说了一句话：“警官，我被人骗了，请你们帮帮我。”看着女子一脸的焦急，民警赶紧向她了解详细情况。原来，该女子名叫郑钰（化名），是南溪区某学校的一名教师。2017年6月15日，郑钰在微信上接到一自称‘Paul’的“男子”添加好友的邀请，通过验证后，Paul告诉郑钰，他是美国加利福利亚奥克斯纳德市人，现在迪拜经商。随后的20多天，经过频繁的交流，两人的关系急剧升温，最终发展成了“恋人”关系。令郑钰没有想到的是，两人关系正式确定后没过多久，Paul就分别以生病住院、工伤赔偿、生意经营等为由开始频频向郑钰请求“经济支援”。想着远方的“恋人”正在困境中苦闷无助，善良的郑钰没有作太多的思考，一次一次有求必应地将卡里的钱转到Paul提供的10多个银行账户，很快，郑钰在银行里存了多年的积蓄见了底。但是Paul的“生意”似乎并没有好转的迹象，无奈之下，郑钰为“爱情”选择了向亲朋好友借钱继续帮助网络那端的“男友”……后据警方统计，从2017年7月13日至2018年1月25日，Paul一共诈骗了郑钰人民币共计168万余元，其中包括转到5个马来西亚账户的11.32万美元，和转到9个国内银行账户的96.65万人民币。“男友”的“求助”还在不间断地发过来，而自己早已捉襟见肘，陷入两难境地的郑钰对眼前的事完全没了主意。在一次聚会上，郑钰向一名闺蜜李华（化名）吐露了压在心底的这个秘密，还没有等到郑钰说完，李华已经噌的一下站起来：“你啊你！让我说你什么好！快去报案，你被骗了！”，随后，李华结合自己在电视上看到的说法节目，详细地分析起来。警方成立专案抽丝剥茧锁嫌犯李华的话，对此时的郑钰来说，无疑是当头棒喝，一下子醒悟过来的她完全慌了神:“自己和亲朋好友的100多万怎么办？”“报警啊，现在只能报警”李华斩钉截铁地说。就这样，出现了上文开始的一幕。南溪区副区长、分局党委书记、局长凌健在听完刑侦大队汇报后，立即命令刑侦大队开展案件侦查工作，同时向市局报告，请求支援。该案作为宜宾警方有记录以来单笔被骗金额最大的电信诈骗案，引起了副市长、市公安局局长孙小川高度重视，马上指示市、区两级公安机关迅速成立专案组，速破此案。市公安局常务副局长雷涛定期了解案件侦查情况，对案侦工作提出明确要求；市公安局副局长李鹏举多次组织市局业务警种和南溪分局主要领导会商研判案情，具体指挥督导；市区两级抽调多警种精干警力成立专案组，同步上案、合成作战。专案组针对跨境案件破案难、抓捕难、取证难、审讯难等突出问题，运用“大数据”+“互联网”的关联思维，紧盯涉案电讯流和资金流，收集汇聚数据，深度分析研判。办案民警重点以该案涉及的诈骗电话和9张国内银行卡的资金流向作为案件追查的突破口，根据工作需要，先后派出五支先期调查组，辗转北京、广州、深圳、浙江台州、内蒙赤峰等省市，调取上百个银行卡号信息两百余份，通过深度研判，对相关数据进行时空分析及条件碰撞。经过三个多月艰苦细致的工作，三名境内外籍嫌疑人和浙江台州、广州、内蒙赤峰、辽宁等地的多名境内涉案嫌疑人的身份信息逐渐浮出水面。△外籍嫌疑人约翰，宜宾公安供图五路并进千里驰骋逐一收网早一日破案，群众遭受的损失就会越少，挽回的财物就会越多。随着案情逐渐明朗，嫌疑人真实身份的确定，意味着发起总攻的时机已经到来，专案组决定乘势而上，于2018年7月25日开展集中收网行动。为确保抓捕工作万无一失，专案组一边安排早先奔赴五地的调查组进一步落实固定各嫌疑人的具体位置，一边安排在家等候多时的抓捕组日夜兼程，五路并进，提前赶到了各自的预定地点。一切工作似乎已经有条不紊、准备就绪，然而，就在集中收网打响的前一日，当地警方向广州抓捕组反馈了一个重要消息：犯罪嫌疑人曹某可能在25日外出。为了抓住战机，专案组紧急决定：对曹某收网。24日晚23时许，抓捕民警在曹某租住房附近经几小时蹲守，成功将其抓获。并搜查出涉案银行卡、作案微信聊天用的手机等有力证据。25日至26日，广东、辽宁、浙江、内蒙、北京五地抓捕组相继成功抓获三名外籍嫌疑人和23名中国籍嫌疑人。批捕5名嫌疑人，先期挽损40余万2018年7月28日晚，抓获的全部犯罪嫌疑人先后被安全押解回宜宾市南溪区，并被依法采取刑事强制措施。嫌疑人到案，案件的办理才真正开始，既要按法定程序将犯罪嫌疑人送到法庭上接受法律正义的审判，又要大力追查受害人财物的去向，挽回受害人的损失，民警肩上的压力并没有减轻。不怕啃硬骨头，啃得了硬骨头，才是真正的刑警本色。为将本案办成铁案，干了二十多年刑侦工作的副局长邓永锋和办案民警们一起卯足了劲，通宵达旦，深入调查取证，扎实固定完善证据。审讯室、会议室、办公室，他们用职责和使命生动地诠释了专属于警察的三点一线。经过大家孜孜不倦的努力，本案两名利比里亚籍嫌疑人、一名尼日利亚籍嫌疑人和曹某、李某共五名犯罪嫌疑人被检察院依法批准逮捕，同时为受害人先期挽回损失40余万。南溪区公安分局刑侦大队大队长感慨地说：“这几个月来，照亮黑夜的，不是满天的繁星，不是皎洁的月亮，而是刑大办公室透出的灯。”目前，该案仍在进一步办理之中。领导说了，您点一个小编工资涨五毛来源：南溪公安编辑：方河玉 责任编辑：杨江欢迎加入我们，简历发送至：8704492@qq.com◇官方最新消息：宜宾高铁试运行时间…◇美爆！宜宾长江大桥将迎灯光秀！◇刚刚公示！宜宾又新增一个4A景区如果你是宜宾人 请点阅读原文]]></content>
  <author><![CDATA[宜宾新闻网]]></author>
  <time>2018-10-12 21:25:50</time>
  <account><![CDATA[ybxwwgw]]></account>
</data>
