<data>
  <id><![CDATA[51280209]]></id>
  <url><![CDATA[https://mp.weixin.qq.com/s?timestamp=1539596267&src=3&ver=1&signature=Egrj350GoKY8-KUcIJshb8xzCF*-Dsto0vKlpaCkYxTV3CLDSR44x9lWU2XJ89i8mb0ZXNTxFq5ZGVPjpwanonxJ*Xxq2vZgfv3CWtJcemi*EWYdEa2kGG7-I2idVOhbEYfTQxkUQ-AdZalebqK0YkIR9MpJRDlWSEIXGxrTxGA=]]></url>
  <title><![CDATA[签约了！宜宾这个地方又要新增一所大学，位置在……]]></title>
  <content><![CDATA[宜宾新闻网宜宾人关注宜宾新闻网关注号外！号外！宜宾又要新增一所大学啦！10月12日四川汽车职业技术学院和南溪区人民政府正式签订了战略合作协议这是南溪区的第二所高等院校四川汽车职业技术学院四川汽车职业技术学院位于绵阳市，成立于1979年，前身为四川省绵阳交通学校，2012年经四川省人民政府批准、国家教育部备案，升格为全日制普通高等学校，是西南地区成立最早的一所汽车类高等职业技术学院。四川汽车职业技术学院·绵阳校区学院现设有汽车工程系、经济管理系、机械电子系、公路系、思想政治和基础教学部、中专部，开设有汽车检测与维修、汽车定损与评估、汽车制造与装配技术、汽车改装技术、新能源汽车技术、机电一体化等20多个专业。四川汽车职业技术学院·绵阳校区四川汽车职业技术学院·绵阳校区此前南溪还有一所大学已经签约银杏管理学院今年4月，银杏酒店管理学院南溪校区项目签约仪式在成都市举行，该项目的建设将实现南溪高等院校零的突破，也是宜宾市启动“双城”建设后首个落地的民办本科高校。银杏酒店管理学院南溪新校区，是我市启动“双城”建设后首个落地的民办本科高校，学院位于我区罗龙街道凤凰村。总投资约6亿元，办学规模为10000人，占地面积约630亩。包括新建教学楼、行政楼、运动场馆、图书馆、学生宿舍等教学用房和学校实训酒店。成都银杏酒店管理学院（图据网络）项目建设周期约3年，其中第一期按2000人以上办学规模新建校区，首期入住酒店学院和旅游学院，计划于明年9月开学。南溪的发展真的是越来越好了交通、经济、文化等方面并驾齐驱相信用不了多久南溪就会发展成为一个繁华的大城市也会有越来越多的大学入驻南溪我们一起期待吧！领导说了，您点一个小编工资涨五毛来源：南溪发布编辑：方河玉 责任编辑：杨江欢迎加入我们，简历发送至：8704492@qq.com◇宜宾这条老街热闹了几十年，现在…◇四川事业单位公招了！宜宾要招61人◇全国点名！宜宾这位85岁的婆婆要火了如果你是宜宾人 请点阅读原文]]></content>
  <author><![CDATA[宜宾新闻网]]></author>
  <time>2018-10-14 19:11:23</time>
  <account><![CDATA[ybxwwgw]]></account>
</data>
