<data>
  <id><![CDATA[51280209]]></id>
  <url><![CDATA[https://mp.weixin.qq.com/s?timestamp=1539596267&src=3&ver=1&signature=Egrj350GoKY8-KUcIJshb8xzCF*-Dsto0vKlpaCkYxTV3CLDSR44x9lWU2XJ89i8mb0ZXNTxFq5ZGVPjpwanoizVavNg5KTtPhrSGKWkcMgimbjCvJkAqHg99UXASjfeVi*WOaeFEjb0Why5Upe23GsBT4QK*xrApUcilpjthY0=]]></url>
  <title><![CDATA[定了！叙州区第一届人民政府代理区长是他！]]></title>
  <content><![CDATA[宜宾新闻网宜宾人关注宜宾新闻网关注宜宾市叙州区第一届人民代表大会常务委员会公告（ 第1号 ）宜宾市叙州区第一届人民代表大会常务委员会第二十次会议于2018年10月11日决定任命陈良云为宜宾市叙州区第一届人民政府副区长、代理区长。现予公告。宜宾市叙州区人民代表大会常务委员会2018年10月11日领导说了，您点一个小编工资涨五毛来源：叙州之窗编辑：方河玉 责任编辑：杨江欢迎加入我们，简历发送至：8704492@qq.com◇官方最新消息：宜宾高铁试运行时间…◇美爆！宜宾长江大桥将迎灯光秀！◇刚刚公示！宜宾又新增一个4A景区如果你是宜宾人 请点阅读原文]]></content>
  <author><![CDATA[宜宾新闻网]]></author>
  <time>2018-10-12 21:25:50</time>
  <account><![CDATA[ybxwwgw]]></account>
</data>
