<data>
  <id><![CDATA[51280209]]></id>
  <url><![CDATA[https://mp.weixin.qq.com/s?timestamp=1539596267&src=3&ver=1&signature=Egrj350GoKY8-KUcIJshb8xzCF*-Dsto0vKlpaCkYxTV3CLDSR44x9lWU2XJ89i8mb0ZXNTxFq5ZGVPjpwanomFpZxCaHGBF8gcH*eZcC3ecAUuUad8Sa3SEeLxuvuQiLm2IyjJq3lHPqGtivMlp12nR4J1FhplmkPQ4HSyhgjQ=]]></url>
  <title><![CDATA[昨晚！宜宾23岁小伙获《中国好声音》全国亚军！快看你认识不？]]></title>
  <content><![CDATA[宜宾新闻网宜宾人关注宜宾新闻网关注10月7日晚，浙江卫视2018《中国好声音》在鸟巢迎来年度总决赛。经过导师帮唱及个人独唱的激烈争夺，宜宾小伙黎真吾夺得年度亚军，刷新宜宾选手参加该比赛的最好成绩。好声音巅峰之夜黎真吾演唱《如果还有明天》↓↓↓比赛当晚，黎真吾一连几首摇滚歌曲助其进入终极对决环节。他一如既往的稳定唱功，深情温柔与摇滚震撼并茂，展现不俗实力。哈林和黎真吾合唱《你准备好了没？》↓↓↓最终，在专业评审和场内观众投票环节，黎真吾以微小差距惜败旦增尼玛，夺得中国好声音年度亚军。▲中国好声音在鸟巢迎来年度总决赛。（图据国际在线）在赛后的采访中，黎真吾对支持自己的人表示感谢，同时称会记住坚持与信仰让自己的摇滚血液更加纯粹。▲比赛现场的黎真吾黎真吾出生于宜宾市珙县巡场镇，从小喜欢唱歌的他，深受摇滚乐影响，这份热爱支撑他后来考上四川师范大学音乐学院流行演唱专业。今年，刚刚毕业的他为了追寻音乐梦想，6月初，独自前往上海参加《中国好声音》海选，在前往上海之前，他还参加了《中国好声音》全国城市海选成都赛区总决赛，并荣获成都赛区三强。7月13日晚，黎真吾用一首《山海》初登《中国好声音》舞台，凭借极具冲击力和震慑力的嗓音，获得四位导师集体转身。最终，黎真吾选择加入了庾澄庆战队，开始了《中国好声音》热血征程。据黎真吾父亲黎昆介绍，黎真吾从小都是在巡场长大，家庭对其并没有在音乐方面的培养，全是凭借自己的努力和天赋走到了今天。领导说了，您点一个小编工资涨五毛来源：宜宾新闻网、腾讯视频编辑：方河玉 责任编辑：杨江欢迎加入我们，简历发送至：8704492@qq.com◇向家坝又有大动作！宜宾、内江、自贡…◇国庆假期之后，这几类人还有5天假可休◇正充电的手机，自动订了万元总统套房如果你是宜宾人 请点阅读原文]]></content>
  <author><![CDATA[宜宾新闻网]]></author>
  <time>2018-10-08 18:43:28</time>
  <account><![CDATA[ybxwwgw]]></account>
</data>
