<data>
  <id><![CDATA[51280209]]></id>
  <url><![CDATA[https://mp.weixin.qq.com/s?timestamp=1539596267&src=3&ver=1&signature=Egrj350GoKY8-KUcIJshb8xzCF*-Dsto0vKlpaCkYxTV3CLDSR44x9lWU2XJ89i8mb0ZXNTxFq5ZGVPjpwanoiCGNzVxYdJfjadqaay4k9g2DjmneBgx-9OJV6gs12z2-cduF9s-XAY9urvWyjjKn90CipVIAV1Fdx1WLo2rf2A=]]></url>
  <title><![CDATA[美爆！宜宾长江大桥将迎灯光秀！又一个"网红"地标来了]]></title>
  <content><![CDATA[宜宾新闻网宜宾人关注宜宾新闻网关注近日，“万里长江第一桥”（即宜宾长江大桥）亮化施工工程也进入了大桥拉索上LED点光源布线施工，整个上游面有望在11月中旬亮相。同时整个长江大桥LED点光源将在12月下旬完工，届时使整个拉索面形成屏幕。▲亮化后的效果图。10日，记者在长江桥看到，从南岸到临港方向左侧（上游面）工人正在从桥顶往下布线施工，工人施工也必须吊每根拉锁上，桥下市民看着就心惊。同时为了避免桥上落物，位于南岸桥下也进行遮挡施工。▲拉锁线施工。“目前在进行整个上游斜拉索进行布线施工，同时对上游面人行道也进行了封闭，预计在11月下旬整个上游面光源将呈现，12月下旬整个整个拉索面形成屏幕。”据宜宾建功路桥现场施工人员介绍，整个施工技术要求很高，同时属于高空作业，安全一直放在第一位。▲高空作业。据悉，长江大桥位于宜宾市金沙江与岷江、长江三江汇合口下游的长江干流上，大桥全长928.73米，北桥塔高172米，南桥塔高159米，总重量约2100吨。▲布线施工后将进行光源安装。南北两塔共使用了8根14钢索，形成四个美丽的扇面，将主桥拉起悬挂于长江通航水位上58米处，前期宜宾建功路桥公司对桥塔进行了涂装和破损灯具修复。▲涂装已经完成。为进一步彰显中心城区城市建筑特色、丰富人文内涵、提升城市品位、塑造新的城市形象，本次工程主要内容为在现有菜园沱长江大桥桥拉索上布置LED点光源进行光彩亮化，从而使整个拉索面形成屏幕。▲亮化后的效果图。整个亮化工程完成之后，宜宾又多了一个地方可以欣赏夜景啦~温馨提示施工期间行人和车流过桥时观察通行请勿逗留哦~领导说了，您点一个小编工资涨五毛来源：宜宾新闻网编辑：方河玉 责任编辑：杨江欢迎加入我们，简历发送至：8704492@qq.com◇赠送87㎡！宜宾这个楼盘买1层住2层◇紧急通知！宜宾这9条公交线路有变◇世界首例！宜宾又一座长江大桥将通车如果你是宜宾人 请点阅读原文]]></content>
  <author><![CDATA[宜宾新闻网]]></author>
  <time>2018-10-11 19:44:33</time>
  <account><![CDATA[ybxwwgw]]></account>
</data>
