<data>
  <id><![CDATA[51280209]]></id>
  <url><![CDATA[https://mp.weixin.qq.com/s?timestamp=1539596267&src=3&ver=1&signature=Egrj350GoKY8-KUcIJshb8xzCF*-Dsto0vKlpaCkYxTV3CLDSR44x9lWU2XJ89i8mb0ZXNTxFq5ZGVPjpwanooohyZb4OtLY-FTPSPSUbV1ENdm3fg-Sn1ZoT4TUPIh30dQewF7gj3svmMkHgupQGhd7SDvtBk6J4HSgYYpnjE0=]]></url>
  <title><![CDATA[就藏在市中心！这条百年老街和古城墙，99%的宜宾人都不知道]]></title>
  <content><![CDATA[宜宾新闻网宜宾人关注宜宾新闻网关注考上大学那年，我离开了住了十八年的女学街。后来因为各种原因，我几乎没有再回到过这里。偶尔路过，也未曾仔细查看。今天偶然经过，突然触景生情，想把这条老街再仔细走一遍。sdfd1 / 我与城墙女学街东起外南街，西至水池街，南侧顺城墙内。可能很多人都不知道女学街现在还有这么一截城墙。其实，它就悄悄藏在水池街与女学街交接的一个小区旁。这里也是我曾经的家。尤曾记得，在还没有这些树木和各种电箱的时候，整个城墙是裸露在外的，可以轻松的爬上去。那时候，小区里种的还不是这些乱七八糟的树木，而是一大片小喇叭花。每到盛开季节，小小的喇叭花星罗棋布点在叶子上，红的紫的，交相辉映，特别好看。好看的花，自然也特别吸引熊孩子把它摘去，比如我。我和小伙伴总会在小喇叭花盛开的时候，把它们一一摘掉，然后爬上城墙，将花们一把一把撒向墙下，制造“人工花雨”。当然，后来被门卫爷爷告诉家长后，还是免不了一顿说教的。现在呢，城墙已经被厚厚的树木所遮盖，不走进小区里仔细看墙上挂着的“身份证”，是绝不可能发现的。以前爬上去的路，也被各种电箱拦住了去路。只能在回忆中默默回味，儿时于城墙上的嬉戏了。2 / 高楼与矮房女学街是条现在与过去共存的街。一边是高楼林立，一边是低矮的老木房，形成了鲜明的对比。我有时会想，常常看着的我们倒也是习惯了，如果外地人来看，会不会有一种时代错位的魔幻感呢？这些老房子基本都是解放前建造的一至二层木结构房，临街面多为营业房。但老字号的店其实不多，现在的店与我记忆中的店重合得很少。也就剩这家风肉饭店和那家连名字都没有的“豆浆油条”店，在几十年里屹立不倒了。很久没吃了，不知道味道变没变。穿过小巷，里面是住宅用的老木房，现在仍然有许多不愿搬走的人住在这里。他们一直住在这里，40年来，眺望着一街之隔的楼层越修越高，注视着马路越来越宽。他们也曾想过要离开，但这里也跟随着城市的发展变化，有电有水有网，该有的都有了，也不缺什么，又是在城里，便也这么继续住了下去。3 / 冯祠与古街冯氏家祠在女学街中段，紧靠二中。冯氏家祠建于1927年，是一栋二进四合院，砖木与穿斗结构，硬山构造。祠堂墙体上有铭文“冯氏家祠”、“民国十六年建”。祠堂由于早期的保护不到位，里面破损的很严重，到处都是残损的痕迹。然而即使现在大门紧闭，也不难看出这座祠堂曾经的盛大景象。这不免让人遐想，如果我们能一开始就保护它，现在又会是怎样呢？祠堂旁边是古街的入口。说是“街”，整条“街”其实也就只有一个拐角罢了。拐角一边连接着入口，一边连接着另一个老木房。街虽然不长，但也充满着历史的韵味。进去后，一边是冯氏家祠的墙壁，另一边就是老街的住民了。4 / “女学”提起女学街，自然是少不了提起二中的。毕竟女学之名，就来源于二中。女学，顾名思义，即“女子学校”。1917年，赵清熙与李正伦创办“宜宾女子师范学堂”，这便是二中的前身。随后，学校从府文庙（今老城区中心路宜八中分校地址）迁至如今地址。在1926年，改名“宜宾县县立女子初级中学”，也是这一年，赵一曼考入这所学校就读。那时的老宜宾人，便称此街为“女学街”。二中也是我的母校。但是我读书那年正巧遇到学校改革，在女学街的二中并没有呆多久，更多的时间，是在几条街外的老三中里度过的。因此我对本部的记忆并不是很深。在这边上学的时候，我记忆最深的，还是要数校门外的“偶像”。什么明星周边、动漫卡贴，只要是少年人喜欢的东西，这里都应有尽有。一放学，不管有钱没钱，都会呼朋唤友，去“偶像”里逛一逛，看一看，聊一聊。这之后，才舍得回家。这家店也是这条街的“老住户”了，看着它还在，我都有点惊讶。和他相同类型的店，这条街也不是没有出现过，只是最后都纷纷消失，只留下了“偶像”一家。除了 “偶像”，二中门外的美食也是我记忆中必不可少的一笔。即使现在已经有很多店子从这里搬走，好吃的东西也依然不减。女学街除了二中，还有一所“女学街小学”。虽不及二中有名，但还是颇有点历史的。我的母亲就在这里读的小学，听她说，这里原本都是木房子，她们当时就在木房子里上课。后来学校翻新，木房子都没有了，全部换成了现在漂亮的新楼。女学街小学身后紧靠集义街的地方，还隐藏有另一截城墙，不过城墙上由于早年被人砌了墙，做了房子，不是很容易看出来。5 / 广场十几年前，南街与女学街的交叉路口，一座职工宿舍开始了拆除。后来在原址，悄然修起了一个休闲广场。白天，这里是人们等人等车、散步休息的好去处；晚上，则是各种街头娱乐的集合地。小小的地方，丰富了人们十几年来，每一日的娱乐生活。至此，女学街已经全部走完。重新走了一遍这条儿时所住的街，感慨良多。这条街上，有的东西还在继续延续，有的东西却已经退出历史舞台，逐渐脱离我们的生活。趁着它们还在，我们何不再走一遍，细细品尝这跨越时间的韵味。领导说了，您点一个小编工资涨五毛来源：宜宾新闻网编辑：丁肖潇 责任编辑：杨江欢迎加入我们，简历发送至：8704492@qq.com◇又要降温了！宜宾最低12℃◇宜宾这个地方的房子终于要拆迁了◇女生相亲嫌弃对方开面包车！男方怒了如果你是宜宾人 请点阅读原文]]></content>
  <author><![CDATA[宜宾新闻网]]></author>
  <time>2018-10-06 18:57:14</time>
  <account><![CDATA[ybxwwgw]]></account>
</data>
