<data>
  <id><![CDATA[51280209]]></id>
  <url><![CDATA[https://mp.weixin.qq.com/s?timestamp=1539596267&src=3&ver=1&signature=Egrj350GoKY8-KUcIJshb8xzCF*-Dsto0vKlpaCkYxTV3CLDSR44x9lWU2XJ89i8mb0ZXNTxFq5ZGVPjpwanollIU5LpFYz26IQY2Z0B246E10ZV-sLxHQHoHvBqknOEnAaZqxlJNGKjCdc9v3RE7tH3dernZSsW34N6fIRstFU=]]></url>
  <title><![CDATA[紧急通知！再过2天，宜宾这9条公交线路有变！快看怎么走]]></title>
  <content><![CDATA[宜宾新闻网宜宾人关注宜宾新闻网关注小伙伴们注意啦！10月13日起宜宾9条公交线路有调整根据宜宾市公安局临港经济技术开发区分局发布的《关于长江北路（长江大桥北桥头至磅礴路）改造期间实行交通管制的通告》，为配合做好长江北路市政改造工程施工，减少对市民出行的影响，拟于2018年10月13日起临时调整5路、16路、17路、19路、24路、32路、34路、41路、K01公交线路走向和部分停靠站点。5路（西客站—理工学院）西客站→理工学院：调整经中元路、红星路、黄桷坪路一段、学堂路绕行后回原线路行驶。理工学院→西客站：调整经飞云路、化工路后回原线路行驶。取消：临港客运站，增加：邦泰国际站。16路（翠屏山·妇儿医院—广进路）翠屏山·妇儿医院→广进路：临时调整经中元路、红星路、黄桷坪路一段、学堂路、僰候路二段、光明路、白沙路一段、长江北路后回原线路行驶。取消：太阳岛、临港二医院分院、邦泰国际、护国路、白沙湖公园、浙商临港新天地、沙坪站，增加：地中海蓝湾、凯旋城、众生商业广场、临港客运站（光明路）、邻里城。广进路→翠屏山·妇儿医院：调整经长江北路、白沙路一段后回原线路行驶。取消：沙坪站、浙商临港新天地、白沙湖公园、护国路、邦泰国际站，增加：邻里城、临港客运站（长江北路）。17路（宜宾卫校--西华大学）宜宾卫校→西华大学：调整经学堂路、僰候路二段、化工路、飞云路后回原线路行驶，取消：太阳岛、临港二医院分院、临港客运站，增加：地中海蓝湾、凯旋城、众生商业广场站。西华大学→宜宾卫校：调整经飞云路、化工路、僰候路二段、学堂路后回原线路行驶，取消：临港客运站、临港二医院分院、太阳岛站，增加：众生商业广场、凯旋城、地中海蓝湾站。19路（江北鼎业兴城--临港客站）江北鼎业兴城→临港客站：调整经中元路、红星路、黄桷坪路一段、学堂路绕行后回原线路行驶。返程不变。24路（酒都剧场--华彩城）酒都剧场→华彩城：调整经中元路、红星路、吊白路后回原线路行驶，取消：青年城、金凤凰A区、三江家园、工职校、白沙湾站（黄桷坪路一段）。增加：白沙湾（红星路）。返程不变。32路（广进路--第十初中）广进路→第十初中：调整经僰候路二段、学堂路、长江北路、长江北桥头左转进入中元路后回原线路行驶中，取消：青年城、黄桷枰花园、三江家园、工职校、白沙湾、七九九、菜市站。第十初中→广进路：调整经学堂路、僰候路二段、化工路、护国路回原线路行驶，取消：太阳岛、临港二医院分院站，增设：地中海蓝湾、凯旋城、众生商业广场、邦泰国际站。34路（沃尔玛--广进路）沃尔玛→广进路：调整经中元路、红星路、黄桷坪路一段、学堂路绕行后回原线路行驶。返程不变。41路（丽雅大院--广进路）丽雅大院→广进路：调整经中元路、红星路、黄桷坪路一段、学堂路绕行后回原线路行驶。返程不变。K01（鼎仁国际--凯旋城）鼎仁国际→凯旋城：临时调整经中元路、红星路、黄桷坪路一段、学堂路绕行后回原线路行驶。返程不变。小伙伴们，看清楚了么？千万别错过站哦~传到你的圈子里，提醒更多人注意！领导说了，您点一个小编工资涨五毛来源：宜宾新闻网编辑：方河玉 责任编辑：杨江欢迎加入我们，简历发送至：8704492@qq.com◇惊叹！宜宾这座600多年的古城将再现◇招1000余人！宜宾又一大型招聘会来了◇超好吃！宜宾这些小街小巷的美食火了如果你是宜宾人 请点阅读原文]]></content>
  <author><![CDATA[宜宾新闻网]]></author>
  <time>2018-10-10 19:53:09</time>
  <account><![CDATA[ybxwwgw]]></account>
</data>
