<data>
  <id><![CDATA[68269551]]></id>
  <url><![CDATA[http://mp.weixin.qq.com/s?src=11&timestamp=1538410511&ver=1156&signature=JWGCvrZHD3QFno*wwfYjXg2n6U7uosywuGSFgk6j7J6ictEFas1malV8MDWS7dh1CoDjImtytGa8hQbMFQ0dHPZoLi7aKWS5*ubI1PzFCBMdtQ*M9zMC*oarQl1K6XsQ&new=1]]></url>
  <title><![CDATA[辞海纳粮    I    为什么要多读书？ ​​​​]]></title>
  <content><![CDATA[为什么要多读书？]]></content>
  <author><![CDATA[斯图维嘉]]></author>
  <time>1538410390000</time>
  <account><![CDATA[STOONVEGA-]]></account>
</data>
