<data>
  <id><![CDATA[51754942]]></id>
  <url><![CDATA[https://mp.weixin.qq.com/s?timestamp=1541756350&src=3&ver=1&signature=gFilWKOB67p6FeXpyP5fEjOnXFFN0e2n17NMIgGM6o-aXxAWw5Y41HuqFTqr2srCEB50U-xflJZgpEPEpXYeg-J8s7SDKjujVnd1CdNSm1GZQ4H3hZnCC6D03wEthqgwhIOMyp9s8B09dfH6xwRLckxliB79tbsKVTokTdDPxHE=]]></url>
  <title><![CDATA[还敢在这些地方违建抢建？又有一批被依法拆除了！]]></title>
  <content><![CDATA[爆料/合作/投稿/粉丝群请联系个人微信：dgleju123沿河违章建筑破坏河岸生态景观，影响城市环境。11月6日，道滘镇开展沿河违章建筑清理专项行动，对掌洲河（南丫段）沿河违章建筑进行清拆，共拆除约424平方米沿河违章建筑。本次清拆对象是东莞市机诚机械五金制造有限公司的沿河违章建筑。在清拆现场，道滘镇副镇长叶润森作了动员讲话并宣布清拆行动开始。镇驻村团队，水务中心、河长办、城管分局、国土分局、环保分局等部门单位负责人，南丫村两委干部及存在沿河违章建筑的工厂负责人和房东观摩监督了清拆工作。在勾机的作业下，伴随着阵阵轰鸣声，一排排违章建筑轰然倒塌，整个拆违现场快速、有序推进，收到预期效果。掌洲河（南丫段）一带沿河违章建筑较多，清拆过程中，执法部门还向嘉源、天亿、金瑞、恒鑫、锐智厂的负责人发出拆除临河违章建筑通知书，对这些工厂存在沿河违章建筑的清况作了详细说明，要求他们配合做好违章建筑清除工作。沿河违章建筑对城市的环境、景观、形象有很大的影响，接下来，道滘镇将继续加大整治力度，全力推进拆违行动取得实效。来源：东莞阳光网热门推荐 点击查看精彩文章一、重磅！碧桂园喜提临深重镇：凤岗官井头村5.9万㎡旧改项目！二、东莞房价普降，超5成网友认为还会降1年，推迟买房三、65.3亿！用8个关键词总结东莞土拍市场表现！四、@东莞房东，未报送出租屋信息将受罚，12月1日开始！五、重大利好！东莞水乡交通将全面爆发！小伙伴们速速围观！扫二维码入群，实时讨论购房热点话题、探讨东莞楼市。]]></content>
  <author><![CDATA[东莞乐居]]></author>
  <time>2018-11-08 17:56:51</time>
  <account><![CDATA[housedg]]></account>
  <image><![CDATA[https://mmbiz.qpic.cn/mmbiz_gif/e2zTaesj4SP854ZpKWqUL67fUL5NzGnrKhD2ppRhAB5qRQPCDJAaylkOvw35WWfz9ibcHZIgsCcAKH5vddbjaNA/640?wx_fmt=gif|https://mmbiz.qpic.cn/mmbiz_jpg/e2zTaesj4SNuKSYrGHmG20obPlTr5P0Xl4nE4DjWcB8BheS2riasGTOsSWpaz80ow2MHqwLbBcOaicQgUHEqR5kA/640?wx_fmt=jpeg|https://mmbiz.qpic.cn/mmbiz_jpg/e2zTaesj4SNuKSYrGHmG20obPlTr5P0XnyLkSnt4PMvjib2pKUf8VF1a1icgzVfp9H4VbhdF9ACyRcpB3oy40Vvg/640?wx_fmt=jpeg|https://mmbiz.qpic.cn/mmbiz_jpg/e2zTaesj4SPdicZWiboY0zq0yDxm7DgBuhCAbmFwuFv3CmXj3k47EOH2HLEGKmbn3t92PSibqCQ3tM67Ryex3wWvg/640?wx_fmt=jpeg]]></image>
</data>
