<data>
  <id><![CDATA[51754942]]></id>
  <url><![CDATA[https://mp.weixin.qq.com/s?timestamp=1541756350&src=3&ver=1&signature=gFilWKOB67p6FeXpyP5fEjOnXFFN0e2n17NMIgGM6o-aXxAWw5Y41HuqFTqr2srCEB50U-xflJZgpEPEpXYeg*b0TXw4L463alVqzFu23arrr4hbeFUIP*IDpKSvDyxZ15wKMugid0E1JzpQyZli7qiUKYdyCkdOgG1Iadi7i4Y=]]></url>
  <title><![CDATA[假如房价跌50%，你就能买房了？]]></title>
  <content><![CDATA[爆料/合作/投稿/粉丝群请联系个人微信：dgleju123来源：大猫财经房价涨跌不一，牵动人心，买了的担心房价跌，没买的希望房价跌，跌多少呢？越多越好，比如至少50%吧！“如果跌这么多，大家一定蜂拥而去买房吧？”对于这个大胆的设想，猫哥想说，等等！别太乐观了！热门推荐 点击查看精彩文章一、华为再次大搬迁！昨天华为启动了第二批次搬迁，共5400人明天东莞上班二、深圳最严楼市调控出台 深圳客会在东莞搅动一波新的浪花么？三、起拍价16336元！临深重镇：塘厦新城区3.89万㎡“黄金”商住地即将拍卖！四、东莞人请注意！这19个楼盘正式备案，马上就要开卖啦！（附价格表）五、最贵超50000元/平！东莞最新在售楼盘价格出炉！扫二维码入群，实时讨论购房热点话题、探讨东莞楼市。]]></content>
  <author><![CDATA[东莞乐居]]></author>
  <time>2018-11-01 18:02:23</time>
  <account><![CDATA[housedg]]></account>
  <image><![CDATA[https://mmbiz.qpic.cn/mmbiz_gif/e2zTaesj4SP854ZpKWqUL67fUL5NzGnrKhD2ppRhAB5qRQPCDJAaylkOvw35WWfz9ibcHZIgsCcAKH5vddbjaNA/640?wx_fmt=gif|https://mmbiz.qpic.cn/mmbiz_jpg/tft1HVJPPk8ZPsgbZNgzN6RoOepmvAGHg2qLC3bRGRfltlHY6KA6s37CWKAaZsDia1R130tZwtOkHCSa9f9lPeQ/640?wx_fmt=jpeg|https://mmbiz.qpic.cn/mmbiz_jpg/tft1HVJPPk8ZPsgbZNgzN6RoOepmvAGHVARhomVYJk2PDOd9n6X1qPWwdj5Yoj6ZcUVicTwNfPkic9qh4XmHm57g/640?wx_fmt=jpeg|https://mmbiz.qpic.cn/mmbiz_jpg/tft1HVJPPk8ZPsgbZNgzN6RoOepmvAGHswvvr6IEVYPs5icNaxGy1c4qfricWB5ZEN1obpwQmQGSs4rdFibJb7Bcg/640?wx_fmt=jpeg|https://mmbiz.qpic.cn/mmbiz_jpg/tft1HVJPPk8ZPsgbZNgzN6RoOepmvAGH5NBChZBS6YlolbYKYp6p0CFz113wxScnR4VblAXQhmuQ5odMXXdEwQ/640?wx_fmt=jpeg|https://mmbiz.qpic.cn/mmbiz_jpg/tft1HVJPPk8ZPsgbZNgzN6RoOepmvAGH29WR1wd7qsibau35YXibuXuYgGNjcZqaumx8giaQZptN737MEMfqSZFEw/640?wx_fmt=jpeg|https://mmbiz.qpic.cn/mmbiz_jpg/tft1HVJPPk8ZPsgbZNgzN6RoOepmvAGHoC6iaJbiadVGKjxwFgpE5mjuDbxydmWAEqPNGXz6VYT141dW9UEr7V2A/640?wx_fmt=jpeg|https://mmbiz.qpic.cn/mmbiz_jpg/tft1HVJPPk8ZPsgbZNgzN6RoOepmvAGH3kw3hKJPMjrpQXLP29UY2k8hgdxYr0OhVhIm46REia8hWqicX3MpkFLg/640?wx_fmt=jpeg|https://mmbiz.qpic.cn/mmbiz_jpg/tft1HVJPPk8ZPsgbZNgzN6RoOepmvAGH0UaFSic57aEuwbLcwbq22k3D0tX70zbWfxsIicRSZ0wDOVKp7bFaZ5Rg/640?wx_fmt=jpeg|https://mmbiz.qpic.cn/mmbiz_jpg/tft1HVJPPk8ZPsgbZNgzN6RoOepmvAGHcoNr2Jroc7cgrqFB2hq3Bz3cSlBqmkQZ1ibz4ohJu1y0AfPUjfT8SjQ/640?wx_fmt=jpeg|https://mmbiz.qpic.cn/mmbiz_jpg/tft1HVJPPk8ZPsgbZNgzN6RoOepmvAGH8EOibQclzG8bp0vy7oSeXUEeOt0eTv0yzfeUyN9gytmDEKqCNQZ7hKg/640?wx_fmt=jpeg|https://mmbiz.qpic.cn/mmbiz_jpg/tft1HVJPPk8ZPsgbZNgzN6RoOepmvAGHLcwv0Xogk2LAkEXXW6yqxCwbGDoEr9fnHUBPIvTgjDrzUSAiaOYXlzw/640?wx_fmt=jpeg|https://mmbiz.qpic.cn/mmbiz_jpg/tft1HVJPPk8ZPsgbZNgzN6RoOepmvAGHgxZvlUD20TLSlbryM5Gz5HR0rXBA4ic5aAYdmjicBH9gxSEPK2VxSaAg/640?wx_fmt=jpeg|https://mmbiz.qpic.cn/mmbiz_jpg/e2zTaesj4SPdicZWiboY0zq0yDxm7DgBuhCAbmFwuFv3CmXj3k47EOH2HLEGKmbn3t92PSibqCQ3tM67Ryex3wWvg/640?wx_fmt=jpeg]]></image>
</data>
