<data>
  <id><![CDATA[51754942]]></id>
  <url><![CDATA[https://mp.weixin.qq.com/s?timestamp=1541756350&src=3&ver=1&signature=gFilWKOB67p6FeXpyP5fEjOnXFFN0e2n17NMIgGM6o-aXxAWw5Y41HuqFTqr2srCEB50U-xflJZgpEPEpXYeg4tczS8TuO7umBKt*V-*RXMRwReiD72jX88lTJ8nzBbsJ5DQUj8CmQy--rUtn3W2TZ2RPjMd51PTbUHRjJDVCVA=]]></url>
  <title><![CDATA[卫生间装地漏时，瓷砖就该这样贴，下水超级快！]]></title>
  <content><![CDATA[装修过程中，不能因为卫生间面积小，就轻视其施工，毕竟卫生间是居家生活使用频率非常高的功能区。卫生间装修想做得好，有很多细节需要注意。除防水、通风等问题，瓷砖铺贴也是有很多的门道，今天就和大伙说道说道吧！卫生间铺贴瓷砖是件需要用心的活儿。铺贴瓷砖的时候，必须预留好一定的坡度，如果坡度过大会影响马桶等洁具的安装，坡度太小又起不了作用。其中的“尺度”全靠有经验的瓦工师傅去把握。除坡度以外，地漏处的瓷砖如何处理也十分重要，保障美观的同时也要保证水流的通畅。| 十字铺贴法 |将地漏设置在相邻四块地砖形成的十字线的中心，四角对准地砖的边线，向四周方向延伸。这种方法非常适合方形地漏，相对美观，坡度也比较自然。| 错位铺贴法 |地砖错位铺贴，留出地漏的位置，既保证地砖的完整又美观。| 对角线切割法 |选择好一个适于设置地漏的位置，将地漏放在某块地砖的中间，延其对角线切割，铺贴时按一定倾斜度形成凹槽，地漏嵌于中心，这样方便下水，也能更好的把控位置。| 四边切割法 |看似复杂的方案却最普遍最适用的方案。以地漏为中心，在地漏边上6-10厘米的地方打出一个方框，从这个地方做一个对角线，贴砖时做一个坡度。| 边缘中断式 |如果地漏位置处于墙壁边，可以在边缘的位置用直条型的地砖铺贴，在中间直接留位置给地漏。地漏是不容易被人重视的装修小配件，很多业主都会在瓷砖铺好后购买地漏，其实这是错误的程序。地漏面板的形状有很多种，如果不提前买好地漏确定好这些信息，工人在铺贴瓷砖时，在下水孔部分就不知道要预留多大尺寸的孔。预留孔如果与后买来的地漏尺寸对不上，也将会是很让人头疼的问题。所以说地漏与贴砖基本上是同时进行的。来源：全球家居热门推荐 点击查看精彩文章一、华为再次大搬迁！昨天华为启动了第二批次搬迁，共5400人明天东莞上班二、重磅！三正地产启动临深重镇凤岗雁田中心区30万㎡旧改项目三、虎门慌了！上半年松山湖首度超过虎门成为东莞经济领头羊！四、东莞人请注意！这19个楼盘正式备案，马上就要开卖啦！（附价格表）五、南城西平9万㎡“黄金巨无霸”要拍卖了！西平房价会再刷新吗？扫二维码入群，实时讨论购房热点话题、探讨东莞楼市。]]></content>
  <author><![CDATA[东莞乐居]]></author>
  <time>2018-10-31 17:58:42</time>
  <account><![CDATA[housedg]]></account>
  <image><![CDATA[https://mmbiz.qpic.cn/mmbiz_gif/e2zTaesj4SP854ZpKWqUL67fUL5NzGnrKhD2ppRhAB5qRQPCDJAaylkOvw35WWfz9ibcHZIgsCcAKH5vddbjaNA/640?wx_fmt=gif|https://mmbiz.qpic.cn/mmbiz_jpg/WFKqzVNlsXHrj78VAeolb8c0Mibic98HnIvSeNI6d0WibWKicbpJicicRW6b0egxbkjX2bsrIpD8leNZ7ibAzBIGib0pTQ/640?wx_fmt=jpeg|https://mmbiz.qpic.cn/mmbiz_jpg/WFKqzVNlsXHrj78VAeolb8c0Mibic98HnI5dNfuz8j18TGeLgtEMdibUXPibUTJfNW4OZ49vq3Zibc7DWxAKvo2V2VQ/640?wx_fmt=jpeg|https://mmbiz.qpic.cn/mmbiz_jpg/WFKqzVNlsXHrj78VAeolb8c0Mibic98HnIXQdSwXdSWcPicFW4Dn74icDECLuaTsUg3WWiac9WUhSsrJcoz7icjicyNOw/640?wx_fmt=jpeg|https://mmbiz.qpic.cn/mmbiz_jpg/WFKqzVNlsXHrj78VAeolb8c0Mibic98HnIwBWMaMuRicIso7iavg6Hm6dvumsQ5sbWqWkLsYFDPDynky47aZMPzjFg/640?wx_fmt=jpeg|https://mmbiz.qpic.cn/mmbiz_jpg/WFKqzVNlsXHrj78VAeolb8c0Mibic98HnI96zTibQvEcGTBs3mWcL17z2dCuW8Z3wnkzicaBjlwe7uYWobtBmE1QYQ/640?wx_fmt=jpeg|https://mmbiz.qpic.cn/mmbiz_jpg/WFKqzVNlsXHrj78VAeolb8c0Mibic98HnIzLYTQnrsUt68HhH9vsmjJNLcwV6ribqpgUgEqJaVCHN1qicysSgKiaZhQ/640?wx_fmt=jpeg|https://mmbiz.qpic.cn/mmbiz_jpg/WFKqzVNlsXHrj78VAeolb8c0Mibic98HnIBfJPcicXiaslLKmxEH2yAy1YXvybqg2Liaia6mL1q6HxaI2EeJSVSkKGUw/640?wx_fmt=jpeg|https://mmbiz.qpic.cn/mmbiz_jpg/WFKqzVNlsXHrj78VAeolb8c0Mibic98HnIdI52EJvWBApJ3xKTmvJdHMJgribglMy4qicMkYWKst09fFia7icVwIbuTw/640?wx_fmt=jpeg|https://mmbiz.qpic.cn/mmbiz_jpg/WFKqzVNlsXHrj78VAeolb8c0Mibic98HnI3gvoauWM47KLia57BN5icI4wQrOhe4nJxIMemEKw4GvoObQuN10e2knQ/640?wx_fmt=jpeg|https://mmbiz.qpic.cn/mmbiz_jpg/WFKqzVNlsXHrj78VAeolb8c0Mibic98HnIP3JayLWscmoUyFEHdTMO2OPx3ibEa30v9LLXwicBqn2VCMicd3pyJfRAQ/640?wx_fmt=jpeg|https://mmbiz.qpic.cn/mmbiz_jpg/WFKqzVNlsXHrj78VAeolb8c0Mibic98HnIdXXOChMyNLJe9pcicpKMFU5CDTt64iaPThekOjgnwCAFNBabkWYiaAtgA/640?wx_fmt=jpeg|https://mmbiz.qpic.cn/mmbiz_jpg/WFKqzVNlsXHrj78VAeolb8c0Mibic98HnIVlcibNGWQH8wWVF2OHcxks0bMIR0V0t6hqKTyx5pCH1ZB2Ga6ZsSTicg/640?wx_fmt=jpeg|https://mmbiz.qpic.cn/mmbiz_jpg/e2zTaesj4SPdicZWiboY0zq0yDxm7DgBuhCAbmFwuFv3CmXj3k47EOH2HLEGKmbn3t92PSibqCQ3tM67Ryex3wWvg/640?wx_fmt=jpeg]]></image>
</data>
