<data>
  <id><![CDATA[51754942]]></id>
  <url><![CDATA[https://mp.weixin.qq.com/s?timestamp=1541756350&src=3&ver=1&signature=gFilWKOB67p6FeXpyP5fEjOnXFFN0e2n17NMIgGM6o-aXxAWw5Y41HuqFTqr2srCEB50U-xflJZgpEPEpXYeg4tczS8TuO7umBKt*V-*RXMTIiwcQr3wHJpeRrxbfzf5xE-5j0QElH*JvNOnutoGB0QiXZosjc-8fqfit*M5vPI=]]></url>
  <title><![CDATA[陪伴东莞人17年的会展中心，终于要说再见了...]]></title>
  <content><![CDATA[记得之前有粉丝问小编“会展中心围起来干什么啊，装修吗？”与其说装修，不如说大升级！国际会展中心将升级改造成市民服务中心计划明年3月正式对外开放市民服务中心将由南城街道的原国际会展中心升级改造而成。建成之后，计划进驻58个部门，设置259个窗口，除公安、税务专业化程度较高的事项外，其余政务服务事项实行全综合窗口。目前正在不断完善室内空间布局设计，规划研究市民服务中心办事大厅信息化、智能化项目，力争建成全国一流的“智慧型政务服务大厅”，计划2019年3月正式对外开放。▽150个综合窗口，100个专业窗口市民服务中心将设大约150个综合窗口，100个专业窗口。据负责人介绍，“专业窗口就是公安的30个窗口加上税务的50个窗口，还有20个是社保的窗口。在市民服务中心的公安窗口既可以办出入境的、也可以办护照的，也可以办理交警的业务。”目前会展中心内外部正在加紧施工争取2019年开放给市民使用↓▽“进一扇门，办所有事”据了解，东莞市将以市民服务中心建设为龙头，加强镇级综合服务中心能力建设，推进市镇两级所有办事窗口和政务服务事项进驻中心，实现“进一扇门，办所有事”，全面建设综合服务窗口，建立受审分离机制，推动综合受理，服务集成，实现全综合窗口受理、跨镇通办和全程网办。东莞市民服务中心效果图↓以后多了这么一个多功能的综合办事大厅真的好方便！“但是，会展，我讲不出再见！”▽原来会展中心已经17年了！说起会展中心，东莞人都知道，大家都称呼为“会展”，它的全名是东莞国际会展中心。开工时间是2001年，竣工时间是2009年，占地面积约17.5万平方米，举办过的大大小小展览，数也数不清，原来已经陪伴东莞人17年。那些年的会展展会，你去过多少？会展最出名的，还是在这里举行过无数的展会车展、漫博会、台博会、婚博会、茶博会等等车 展多少新款、名牌汽车在这里展览过想起那炎热的夏天，人山人海排队看车的情景（网络图片）漫博会以前总觉得二次元的东西离我们很远看漫展要到香港、广州、深圳等大城市直到有了自己的漫博会，才知道大东莞也很棒婚博会每年婚博会不知道促成了多少对新人但可以肯定的是，婚博会是会展颜值最高的展会台博会我没有去过台湾，但我尝遍了台湾的美食和特产！就在东莞的会展！茶博会茶博会可能比较适合爸爸级或者爱喝茶的朋友但今年茶博会非常有意义因为本届茶博会是会展中心最后一场展览（网络图片）以后想看展览，只能去厚街的展览中心了那里更大、更宽敞、可以容纳更多人但南城会展更有着很多东莞人的回忆▽最后，还是“喜欢”为东莞人服务会展一直以来的功能，都是为东莞人服务从举办各种展览会，到开放公共停车场再到现在升级成为市民服务中心其实期间会展也有过面临被拆的“危机”2014年会展用地大调整，王府井百货进驻在2014年，有新闻报道市行政文化商务中心区会展地块的规划调整，落成近13年的会展中心将要拆掉，引进王府井百货；按照计划，王府井百货年内动工，2016年开业。结果大家都知道，会展中心还在。升级为市民服务中心，继续发光发热其实这么多年，关于会展改建、拆除的新闻一直都有，而现在确定升级市民服务中心，并且已经在动工了，大家的心头大石终于落下。东莞轻轨r1和r2枢纽:会展中心站效果图小编也觉得，改建比拆除好，起码保留了会展的原状，而且据报道未来地铁鸿福路口站，会展地块地下一层将无缝衔接车站，作为一个综合型服务中心，交通便利十分重要。有点小遗憾的是，以后公交到站，不会再说“会展中心，到了。”曾经的东莞标志地标，如今升级改造不变的还是为东莞市民服务或者换了名字，换了模样但你问起我那是什么，还是会答你“会展”感谢你17年的陪伴！会展！来源：东莞阳光网、东莞电视台、东莞时报、羊城晚报、金羊网、网络，流行东莞综合整理热门推荐 点击查看精彩文章一、华为再次大搬迁！昨天华为启动了第二批次搬迁，共5400人明天东莞上班二、重磅！三正地产启动临深重镇凤岗雁田中心区30万㎡旧改项目三、虎门慌了！上半年松山湖首度超过虎门成为东莞经济领头羊！四、东莞人请注意！这19个楼盘正式备案，马上就要开卖啦！（附价格表）五、南城西平9万㎡“黄金巨无霸”要拍卖了！西平房价会再刷新吗？扫二维码入群，实时讨论购房热点话题、探讨东莞楼市。]]></content>
  <author><![CDATA[东莞乐居]]></author>
  <time>2018-10-31 17:58:42</time>
  <account><![CDATA[housedg]]></account>
  <image><![CDATA[https://mmbiz.qpic.cn/mmbiz_gif/e2zTaesj4SP854ZpKWqUL67fUL5NzGnrKhD2ppRhAB5qRQPCDJAaylkOvw35WWfz9ibcHZIgsCcAKH5vddbjaNA/640?wx_fmt=gif|https://mmbiz.qpic.cn/mmbiz_jpg/SDPiczRQk0xWqODhmIT1DeIFwNaruhFmeBpbRic4gVmhIxJJibRlBia0wnuq1gs9GWprVwFk6ZNqVicpP5II10ngvmg/640?wx_fmt=jpeg|https://mmbiz.qpic.cn/mmbiz_png/SDPiczRQk0xWqODhmIT1DeIFwNaruhFmeko0678h540ck7D0vyMBAhIEdmtmEwiaVfwcE20sem0UlXeicXicwO7EkQ/640?wx_fmt=png|https://mmbiz.qpic.cn/mmbiz_png/SDPiczRQk0xWqODhmIT1DeIFwNaruhFmexuMicTvIwqtiaaSsoCUmjOSKsFnt8P2fUetWdJkFnibUERtWKYrF3EXyw/640?wx_fmt=png|https://mmbiz.qpic.cn/mmbiz_jpg/SDPiczRQk0xWqODhmIT1DeIFwNaruhFmeicXiaqfs00ic9bZ7ERhpibHPIQ03C8A0vMXT79ib4wVHRTJjHJXVCIdXjGg/640?wx_fmt=jpeg|https://mmbiz.qpic.cn/mmbiz_jpg/SDPiczRQk0xWqODhmIT1DeIFwNaruhFmeXYMoAthtFBoeThqicjh8tPFEibX7gNBdQ6tdmyicHiaAQUprneVvh4sUicw/640?wx_fmt=jpeg|https://mmbiz.qpic.cn/mmbiz_jpg/SDPiczRQk0xWqODhmIT1DeIFwNaruhFmeFdDH51M0N2KOecNgYfTCXp5icFmXyRzny4ZdC8r9PcXVDLv8OkHGIfw/640?wx_fmt=jpeg|https://mmbiz.qpic.cn/mmbiz_jpg/SDPiczRQk0xWqODhmIT1DeIFwNaruhFmehu5xcNH9zLQiaQyXGwOmS7fxFqHEDMvTgpIz3xmTsZ2doYdicPibPQI0g/640?wx_fmt=jpeg|https://mmbiz.qpic.cn/mmbiz_png/SDPiczRQk0xWqODhmIT1DeIFwNaruhFmeko0678h540ck7D0vyMBAhIEdmtmEwiaVfwcE20sem0UlXeicXicwO7EkQ/640?wx_fmt=png|https://mmbiz.qpic.cn/mmbiz_png/SDPiczRQk0xWqODhmIT1DeIFwNaruhFmexuMicTvIwqtiaaSsoCUmjOSKsFnt8P2fUetWdJkFnibUERtWKYrF3EXyw/640?wx_fmt=png|https://mmbiz.qpic.cn/mmbiz_jpg/SDPiczRQk0xWqODhmIT1DeIFwNaruhFmebIMy8hRtUuIuJdCHgN90tSyWicfeqEuKJ6Nq5NG8GibUibU700CrM9r0A/640?wx_fmt=jpeg|https://mmbiz.qpic.cn/mmbiz_jpg/SDPiczRQk0xWqODhmIT1DeIFwNaruhFmeibM4IqqIhiaxZTCvpd1fjtkB0QXTAWojvjGf1cWmjGPibWIm3JLU6qnTw/640?wx_fmt=jpeg|https://mmbiz.qpic.cn/mmbiz_jpg/SDPiczRQk0xWqODhmIT1DeIFwNaruhFmezO6jATMwFXibcRavKLzZjAZhnAkZVrkCpfk0zplxiaP6p4msrDbeT50g/640?wx_fmt=jpeg|https://mmbiz.qpic.cn/mmbiz_png/SDPiczRQk0xWqODhmIT1DeIFwNaruhFmeko0678h540ck7D0vyMBAhIEdmtmEwiaVfwcE20sem0UlXeicXicwO7EkQ/640?wx_fmt=png|https://mmbiz.qpic.cn/mmbiz_png/SDPiczRQk0xWqODhmIT1DeIFwNaruhFmexuMicTvIwqtiaaSsoCUmjOSKsFnt8P2fUetWdJkFnibUERtWKYrF3EXyw/640?wx_fmt=png|https://mmbiz.qpic.cn/mmbiz_png/SDPiczRQk0xWqODhmIT1DeIFwNaruhFme9oJotdfSpPPJRlWzX7sIEqdxCRaiaWuUMB6JqnPYq9rlyZaNW759mVw/640?wx_fmt=png|https://mmbiz.qpic.cn/mmbiz_png/SDPiczRQk0xWqODhmIT1DeIFwNaruhFmeBZLpnchPohmh6QSLmuTb1cbaePcWpsDQdWLVibn6QtQzrXAsfibrGRgw/640?wx_fmt=png|https://mmbiz.qpic.cn/mmbiz_png/SDPiczRQk0xWqODhmIT1DeIFwNaruhFme3TSba4NyoiaAq5mMTWicJuzFfAozDiauINLQr6RGPN8zMTX3czqJDmGuw/640?wx_fmt=png|https://mmbiz.qpic.cn/mmbiz_png/SDPiczRQk0xWqODhmIT1DeIFwNaruhFmeiahk0j8O6eiba0n4KpMaib4vib0iapWZhcetqF8IJ6CHPwGjaqvZWsm5oOw/640?wx_fmt=png|https://mmbiz.qpic.cn/mmbiz_png/SDPiczRQk0xWqODhmIT1DeIFwNaruhFmeaAfS4J8ia9NiaGib6QSVWSZymD5iavaHQ0TIJURJoQkIdhrVE0F0t1Yscg/640?wx_fmt=png|https://mmbiz.qpic.cn/mmbiz_png/SDPiczRQk0xWqODhmIT1DeIFwNaruhFmezW5yn3221Umu3WsoJMypajjG10eZBrdk0kGBzH6ldWnqfLztZUW4Eg/640?wx_fmt=png|https://mmbiz.qpic.cn/mmbiz_jpg/SDPiczRQk0xWqODhmIT1DeIFwNaruhFme2zezLvah9O1icvibaSiacsfPIDwfHgVH36vwJ8dSDYT1dwdaicYsX0WicTQ/640?wx_fmt=jpeg|https://mmbiz.qpic.cn/mmbiz_jpg/SDPiczRQk0xWqODhmIT1DeIFwNaruhFmemesDO7F77L7cywLPNAjpyVN0OE9gpI6khA2fYEhwibKPfS0lIqRNyaw/640?wx_fmt=jpeg|https://mmbiz.qpic.cn/mmbiz_jpg/SDPiczRQk0xWqODhmIT1DeIFwNaruhFmedN9LK8zyoBvql6KRHTup5BGUJticvXNc8wWqIJicibg6bopf28ovugACg/640?wx_fmt=jpeg|https://mmbiz.qpic.cn/mmbiz_jpg/SDPiczRQk0xWqODhmIT1DeIFwNaruhFmet6fqbbMUGic25Trj0I2vdG6g0prnWbdeof06v5F0wtvmCrTDcEiaqdLg/640?wx_fmt=jpeg|https://mmbiz.qpic.cn/mmbiz_jpg/SDPiczRQk0xWqODhmIT1DeIFwNaruhFmeqicEMa4CwuKytczibgxrR0eIHpLOTKibBrbflTibTnyI9LNPo58bXFuFEQ/640?wx_fmt=jpeg|https://mmbiz.qpic.cn/mmbiz_jpg/SDPiczRQk0xWqODhmIT1DeIFwNaruhFmesI0zk2iaHTLgzWYE4n9K2RGg05N0gFyYleYd4ThCShlEPgttDibfc3Fg/640?wx_fmt=jpeg|https://mmbiz.qpic.cn/mmbiz_jpg/SDPiczRQk0xWqODhmIT1DeIFwNaruhFmebibQibKB17J7JugQgjlBjmoFy0BPz8FrpOlaEobwONNdLzugu0PicIE4A/640?wx_fmt=jpeg|https://mmbiz.qpic.cn/mmbiz_jpg/SDPiczRQk0xWqODhmIT1DeIFwNaruhFmeicIgutLm5s10icxSW6KkYcJAJP5rmesyewERF0vuWZDLEsmQupZpedIw/640?wx_fmt=jpeg|https://mmbiz.qpic.cn/mmbiz_png/SDPiczRQk0xWqODhmIT1DeIFwNaruhFmeZGgfdSBVEFlBxdzmiaTwGUDyuhxNticrvyViajyU9ylbma0Bj05zoY2Bg/640?wx_fmt=png|https://mmbiz.qpic.cn/mmbiz_jpg/SDPiczRQk0xWqODhmIT1DeIFwNaruhFmeXWHnIcQDUgqtU4FicjRNLSxY1RgWjDYMEcQ4k5UwXoGdTrbXgdficd6g/640?wx_fmt=jpeg|https://mmbiz.qpic.cn/mmbiz_png/SDPiczRQk0xWqODhmIT1DeIFwNaruhFmebbBhUdwIogSyBWn8y5864pnZmdttYw6vGJxFoq95cvYWGoCrRibmQ2w/640?wx_fmt=png|https://mmbiz.qpic.cn/mmbiz_png/SDPiczRQk0xWqODhmIT1DeIFwNaruhFmeicWYxR1TjtdpucMo7y1xUMBbcgjEDWWiaMd4QoFlOsj4McQoEF10x20g/640?wx_fmt=png|https://mmbiz.qpic.cn/mmbiz_png/SDPiczRQk0xWqODhmIT1DeIFwNaruhFmeko0678h540ck7D0vyMBAhIEdmtmEwiaVfwcE20sem0UlXeicXicwO7EkQ/640?wx_fmt=png|https://mmbiz.qpic.cn/mmbiz_png/SDPiczRQk0xWqODhmIT1DeIFwNaruhFmexuMicTvIwqtiaaSsoCUmjOSKsFnt8P2fUetWdJkFnibUERtWKYrF3EXyw/640?wx_fmt=png|https://mmbiz.qpic.cn/mmbiz_png/SDPiczRQk0xWqODhmIT1DeIFwNaruhFme6YyGnO4a3fG4MBcKKj5Mj367YnJKge07ibNTUpqTMVtCvC9ib0pynKcg/640?wx_fmt=png|https://mmbiz.qpic.cn/mmbiz_png/SDPiczRQk0xWqODhmIT1DeIFwNaruhFme9G6uYPMuJ47aKhwZUFMTJQa4Up8H4DB8IP5M6oPA1kNpztEYmpzuUw/640?wx_fmt=png|https://mmbiz.qpic.cn/mmbiz_jpg/SDPiczRQk0xWqODhmIT1DeIFwNaruhFmeJ0WGfiaKP1n48on0FVyxSPeFvc7XCESicsYqP5tedIaiaicjwVEHfg1dFw/640?wx_fmt=jpeg|https://mmbiz.qpic.cn/mmbiz_jpg/e2zTaesj4SPdicZWiboY0zq0yDxm7DgBuhCAbmFwuFv3CmXj3k47EOH2HLEGKmbn3t92PSibqCQ3tM67Ryex3wWvg/640?wx_fmt=jpeg]]></image>
</data>
