<data>
  <id><![CDATA[51754942]]></id>
  <url><![CDATA[https://mp.weixin.qq.com/s?timestamp=1541756350&src=3&ver=1&signature=gFilWKOB67p6FeXpyP5fEjOnXFFN0e2n17NMIgGM6o-aXxAWw5Y41HuqFTqr2srCEB50U-xflJZgpEPEpXYeg1oH4vJkkc7SVUAPJ8S58PyKJC3rg*tuy2WXtKH*1RZhnhWcplJ-KbmKD-aev5vTHPHqLHDNRxyDStYtCQZXqeI=]]></url>
  <title><![CDATA[“不嫁了”！黄江1万㎡“妹妹”地块终止“出稼”！]]></title>
  <content><![CDATA[不嫁了！不嫁了！不嫁了！原计划明天“出嫁”的黄江10008.77㎡商住地，突然在28号东莞市公共资源交易中心发布终止出让通知，但2.5万㎡“姐姐”地块31号照常“出嫁”，那会不会“嫁不出去”，还是可以嫁得如意郎君（开发商），让我们31号敬请期待吧！据悉，该地块占地面积10008.77㎡，容积率上限为3.0，总建筑面积约为30026㎡（住宅面积占百比70%，商业面积占比30%)，该地块起始总价为2.7117亿元，起始楼面地价9031元/㎡，当地块总价达到最高限价3.7751亿元、最高楼面限价12581元/㎡,将转为“竞自持”环节。剔除无偿配建3135㎡安居房面积，实际可售面积26891㎡，最高楼面限价14050元/㎡，对比北大资源地王以25264元/㎡夺下到黄江地王，地价同比爆跌11214元/㎡。△地块航拍视频“姐姐”地块信息△地块航拍图（拍摄于2018年9月13日）据悉，该地块占地面积25200.62㎡，容积率上限为3.0，总建筑面积约为75602㎡（住宅面积占百比70%，商业面积占比30%)，该地块起始总价为6.8798亿元，起始楼面地价9100元/㎡，当地块总价达到最高限价9.5128亿元、最高楼面限价12583元/㎡,将转为“竞自持”环节。剔除无偿配建7936㎡安居房面积，实际可售面积只剩下67664㎡，最高楼面限价14059元/㎡，对比北大资源地王以25264元/㎡夺下到黄江地王，地价同比爆跌11205元/㎡。△地块航拍图（拍摄于2018年9月13日）地块四至:南侧规划为公共绿地，旁边为市政道路，北侧规划为公共停车场用地，西侧规划为公共绿地与华南师范大学附属东莞学校，东侧为终止出让地块与规划为住宅用地空地。图片来源:东莞市城乡规划局官网小编根据地块周边控规图了解到，地块地处黄江南部新区片区，周边多为待开发空地，特别是地块旁边空地规划多为住宅用地，目前周边就一个农民公寓小区。值得一提的是，地块项目中商业面积占总建筑面积的30%（22682㎡）商业，或将成为阻碍开发商参与竞拍积极性，2.2万㎡怎么开发运营是开发商必须考虑的问题。根据小编实际走访与查询相关资料发现，未来这个片区商业还是有一定商业开发价值，未来两三年随着华南师范大学附属东莞学校在校生增加与工业园区企业陆陆续续投入使用，再加上未来住宅用地带来的潜在人口，人气上来了还是可以支撑未来2.2万㎡商业发展的。区域楼市目前黄江虽然在售项目看上去挺多的，实际多为尾盘在售，目前主要以和昌·众筑中央园著，融创公园首府，北大资源颐和翡翠花园三大在售待售成为黄江未来一两年新增供应主力军，目前在售均价多为17000-25000元/㎡。2016年9月22日，，黄江一宗占地面积61710.83㎡商住地，历经3.5个小时、23家房企、122轮激烈竞拍最终被北大资源投资有限公司摘得，成交价343000万元，折合楼面价25264.46元/㎡，成为目前黄江最贵地王。2016年9月27日，位于黄江镇宝山社区的一块商住地历经76轮竞拍后，最终被融创以总价194660万元拍下，折合楼面地价20422元/㎡，目前该地块已命名为融创公园首府已开盘在售中。热门推荐 点击查看精彩文章一、华为再次大搬迁！昨天华为启动了第二批次搬迁，共5400人明天东莞上班二、重磅！三正地产启动临深重镇凤岗雁田中心区30万㎡旧改项目三、虎门慌了！上半年松山湖首度超过虎门成为东莞经济领头羊！四、东莞人请注意！这19个楼盘正式备案，马上就要开卖啦！（附价格表）五、南城西平9万㎡“黄金巨无霸”要拍卖了！西平房价会再刷新吗？扫二维码入群，实时讨论购房热点话题、探讨东莞楼市。]]></content>
  <author><![CDATA[东莞乐居]]></author>
  <time>2018-10-29 17:03:11</time>
  <account><![CDATA[housedg]]></account>
  <image><![CDATA[https://mmbiz.qpic.cn/mmbiz_jpg/e2zTaesj4SMD61wia1VJ8oO4NLndYXz6s2zHiaQIxNaOMZWJzePElsKp2fYXuAyrbYyA4g9QicB4tAuRSd8axmoVA/640?wx_fmt=jpeg|https://mmbiz.qpic.cn/mmbiz_jpg/e2zTaesj4SPIBZeL2kXIN6L3gpGkXsRXPIoiaiabW85EjalibkDhlaGwyBECee6REFbEtWyDiaLW8TAD0WlznlgticQ/640?wx_fmt=jpeg|https://mmbiz.qpic.cn/mmbiz_png/e2zTaesj4SPIBZeL2kXIN6L3gpGkXsRXZzTPHQy66p6JuCnkyGTNeOsNAK9hUfHm8ptB3snOQk37opv48hLic3Q/640?wx_fmt=png|https://mmbiz.qpic.cn/mmbiz_jpg/e2zTaesj4SPIBZeL2kXIN6L3gpGkXsRXKSic2Fg11mhB1INTw5tUQ6XvNicicMxyce3stgRaftPOFv4BSFpbEAdww/640?wx_fmt=jpeg|https://mmbiz.qpic.cn/mmbiz_jpg/e2zTaesj4SPIBZeL2kXIN6L3gpGkXsRXG7RDxfGPU2vLB1FXXAVN9T3CRv87zn1VR4OMxFib1zoHW8s95Pu7FnQ/640?wx_fmt=jpeg|https://mmbiz.qpic.cn/mmbiz_png/e2zTaesj4SPIBZeL2kXIN6L3gpGkXsRXfjiaUReoJTCmepjiaKxAXgO3YPHbWibCL5XYqZ0Le8xEttO4XkLNKREvA/640?wx_fmt=png|https://mmbiz.qpic.cn/mmbiz_png/e2zTaesj4SP854ZpKWqUL67fUL5NzGnrWV1pgnauSAIKPYpHJJlywFDSWIfTPAOLN7zh1p0egqcUvIEhtYIWWg/640?wx_fmt=png|https://mmbiz.qpic.cn/mmbiz_jpg/e2zTaesj4SPIBZeL2kXIN6L3gpGkXsRXntthfV2ETfX4oU8PicydaBq6uf9v48OL0bN6zRYZFNgbEicLYlrNzd2w/640?wx_fmt=jpeg|https://mmbiz.qpic.cn/mmbiz_png/e2zTaesj4SPIBZeL2kXIN6L3gpGkXsRXBqg4UbWxadE2bmyUhwcPMTiaPwDiagO5Lib9PKw0kk1O1ic71HxVuClWSw/640?wx_fmt=png|https://mmbiz.qpic.cn/mmbiz_png/e2zTaesj4SPIBZeL2kXIN6L3gpGkXsRX7icwb3yKZZaY81vEzvrNy4QLxTJuuOkiagX1ibr2Jez1Ae4ibMDFjTbR6A/640?wx_fmt=png|https://mmbiz.qpic.cn/mmbiz_jpg/e2zTaesj4SPIBZeL2kXIN6L3gpGkXsRXppA1XJvJ5AU9Jibp16RqObeb61xaPM1IegQ9chibwIXjbfsqOtI6hTEQ/640?wx_fmt=jpeg|https://mmbiz.qpic.cn/mmbiz_png/e2zTaesj4SP854ZpKWqUL67fUL5NzGnrWV1pgnauSAIKPYpHJJlywFDSWIfTPAOLN7zh1p0egqcUvIEhtYIWWg/640?wx_fmt=png|https://mmbiz.qpic.cn/mmbiz_png/e2zTaesj4SPIBZeL2kXIN6L3gpGkXsRXJ4QrTeg5jB9eNwEm8AMwtUJ6jtuknhmaAMLtja93MuG6BkZZeCFveQ/640?wx_fmt=png|https://mmbiz.qpic.cn/mmbiz_jpg/e2zTaesj4SPIBZeL2kXIN6L3gpGkXsRXJXkWGnFf3Esrbicho7MVib3Tg3umnrkjYH8rFuNQw9P63ZbuZHk33MbQ/640?wx_fmt=jpeg|https://mmbiz.qpic.cn/mmbiz_jpg/e2zTaesj4SPIBZeL2kXIN6L3gpGkXsRX1teBEnvzEdbneHpucWauo2ibmohMDh8FyalC9pyZyGzOuf81eicKVRWw/640?wx_fmt=jpeg|https://mmbiz.qpic.cn/mmbiz_jpg/e2zTaesj4SPdicZWiboY0zq0yDxm7DgBuhCAbmFwuFv3CmXj3k47EOH2HLEGKmbn3t92PSibqCQ3tM67Ryex3wWvg/640?wx_fmt=jpeg|https://mmbiz.qpic.cn/mmbiz_jpg/e2zTaesj4SMIpsCTksQU0qE9T0mzvVOjB8SQUuy7XU1gY2Dad0Rq1cPSpLPibFb4toGs0ndIrfiaJQEibOMRyib3Cw/640?wx_fmt=jpeg]]></image>
</data>
