<data>
  <id><![CDATA[51754942]]></id>
  <url><![CDATA[https://mp.weixin.qq.com/s?timestamp=1541756350&src=3&ver=1&signature=gFilWKOB67p6FeXpyP5fEjOnXFFN0e2n17NMIgGM6o-aXxAWw5Y41HuqFTqr2srCEB50U-xflJZgpEPEpXYeg4tczS8TuO7umBKt*V-*RXNclsOyKhmnxkSrrz9awn51Vywt-Za9goB7WlZFUo8qK0OhKAlBer-XE9fpbobdwQY=]]></url>
  <title><![CDATA[好贵呀！11月东莞在售楼盘最低起步价12000元/㎡！]]></title>
  <content><![CDATA[爆料/合作/投稿/粉丝群请联系个人微信：dgleju123中心城区松山湖片区滨海片区东南临深片区水乡片区东部产业园片区来源:东莞中原战略研究中心热门推荐 点击查看精彩文章一、华为再次大搬迁！昨天华为启动了第二批次搬迁，共5400人明天东莞上班二、重磅！三正地产启动临深重镇凤岗雁田中心区30万㎡旧改项目三、虎门慌了！上半年松山湖首度超过虎门成为东莞经济领头羊！四、东莞人请注意！这19个楼盘正式备案，马上就要开卖啦！（附价格表）五、南城西平9万㎡“黄金巨无霸”要拍卖了！西平房价会再刷新吗？扫二维码入群，实时讨论购房热点话题、探讨东莞楼市。]]></content>
  <author><![CDATA[东莞乐居]]></author>
  <time>2018-10-31 17:58:42</time>
  <account><![CDATA[housedg]]></account>
  <image><![CDATA[https://mmbiz.qpic.cn/mmbiz_jpg/e2zTaesj4SPZQ0xeuD933o43nXF3ib6vfuBG7SEs10ZNh0wQ8cT0vWa4eAor7wP9icJbkZ6ibMZicdZfXC7Ru1lwyw/640?wx_fmt=jpeg|https://mmbiz.qpic.cn/mmbiz_gif/BiaebmKb0JiaxqtGhGzRZR8GicFWZnQIRZicMcT8ReOGFtshWZs9ZAAs9mYU7e6lyMJOeYKHm8fcwKNu88gWCm0uXw/640?wx_fmt=gif|https://mmbiz.qpic.cn/mmbiz_png/BiaebmKb0JiaxqtGhGzRZR8GicFWZnQIRZicch9GztKOsykOHyQEejKrHCjibhbGosMHMichtn1RtY2j8HbuNGj6vl7g/640?wx_fmt=png|https://mmbiz.qpic.cn/mmbiz_png/BiaebmKb0JiaxqtGhGzRZR8GicFWZnQIRZiciaR6CJTuFcdGJPExwWFvDxgH0Xl0T8iacPR95PoB0icBChLsggO8PIWug/640?wx_fmt=png|https://mmbiz.qpic.cn/mmbiz_png/BiaebmKb0JiaxqtGhGzRZR8GicFWZnQIRZicFoP21JaQjtiafYaumLV9dnlp1icw9fD0liam4mdrAQrLYn2Q0yfv3XZyQ/640?wx_fmt=png|https://mmbiz.qpic.cn/mmbiz_png/BiaebmKb0JiaxqtGhGzRZR8GicFWZnQIRZicZEDANib5DxSjC1KVvhzEkRsR4sy57dPCyGKN6HiaiaNUcZL8WLFYXkiajw/640?wx_fmt=png|https://mmbiz.qpic.cn/mmbiz_png/BiaebmKb0JiaxqtGhGzRZR8GicFWZnQIRZicsC8YvN17DX5e4UjFavAg2gK2DeCUabUEDH7aqOrvP4K6hUuFjxVlbA/640?wx_fmt=png|https://mmbiz.qpic.cn/mmbiz_png/BiaebmKb0JiaxqtGhGzRZR8GicFWZnQIRZicUgnWM703PiaLT4icA3GfIWLapLO0e5vP0KoEvhAvRrWsiblic5SSTibCribw/640?wx_fmt=png|https://mmbiz.qpic.cn/mmbiz_jpg/e2zTaesj4SPdicZWiboY0zq0yDxm7DgBuhCAbmFwuFv3CmXj3k47EOH2HLEGKmbn3t92PSibqCQ3tM67Ryex3wWvg/640?wx_fmt=jpeg|https://mmbiz.qpic.cn/mmbiz_jpg/e2zTaesj4SPZQ0xeuD933o43nXF3ib6vfjKjQreHQ7CHVITtc7ddxiaBYf9xiaHVaTSvZI8w5lGGX2sn6FJdktTHQ/640?wx_fmt=jpeg]]></image>
</data>
