<data>
  <id><![CDATA[51754942]]></id>
  <url><![CDATA[https://mp.weixin.qq.com/s?timestamp=1541756350&src=3&ver=1&signature=gFilWKOB67p6FeXpyP5fEjOnXFFN0e2n17NMIgGM6o-aXxAWw5Y41HuqFTqr2srCEB50U-xflJZgpEPEpXYeg1oH4vJkkc7SVUAPJ8S58PwSCrbkDHi9ZWm1llKDzFujY6vvmK*DaeyEJCtfHV-Q-by8Cm3KOqoSPfg4euUrkmk=]]></url>
  <title><![CDATA[【预告】下周，广东省预计出让35宗地块，总出让面积127.1万方，总起价133.7亿元]]></title>
  <content><![CDATA[来源:好地网广东热门推荐 点击查看精彩文章一、华为再次大搬迁！昨天华为启动了第二批次搬迁，共5400人明天东莞上班二、深圳最严楼市调控出台 深圳客会在东莞搅动一波新的浪花么？三、起拍价16336元！临深重镇：塘厦新城区3.89万㎡“黄金”商住地即将拍卖！四、东莞人请注意！这19个楼盘正式备案，马上就要开卖啦！（附价格表）五、最贵超50000元/平！东莞最新在售楼盘价格出炉！扫二维码入群，实时讨论购房热点话题、探讨东莞楼市。]]></content>
  <author><![CDATA[东莞乐居]]></author>
  <time>2018-10-29 17:03:11</time>
  <account><![CDATA[housedg]]></account>
  <image><![CDATA[https://mmbiz.qpic.cn/mmbiz_gif/e2zTaesj4SP854ZpKWqUL67fUL5NzGnrKhD2ppRhAB5qRQPCDJAaylkOvw35WWfz9ibcHZIgsCcAKH5vddbjaNA/640?wx_fmt=gif|https://mmbiz.qpic.cn/mmbiz_png/SfyXAu8kQSs5SGHh5Wyqaib7KHfNic4sHMcPoGMA6dETgSuibxLz3SQkibicQkaBGrThf5SL19PkRDYr7dbwyeu0icsw/640?wx_fmt=png|https://mmbiz.qpic.cn/mmbiz_jpg/e2zTaesj4SPdicZWiboY0zq0yDxm7DgBuhCAbmFwuFv3CmXj3k47EOH2HLEGKmbn3t92PSibqCQ3tM67Ryex3wWvg/640?wx_fmt=jpeg]]></image>
</data>
