<data>
  <id><![CDATA[51754942]]></id>
  <url><![CDATA[https://mp.weixin.qq.com/s?timestamp=1541756350&src=3&ver=1&signature=gFilWKOB67p6FeXpyP5fEjOnXFFN0e2n17NMIgGM6o-aXxAWw5Y41HuqFTqr2srCEB50U-xflJZgpEPEpXYeg49ifYkjwMqiNRnEjLflkyfoRQfBNO9egeaPncHWpFGYQonD0MkCtTwqAGYRUkF1mOhkSYG4I94Sd0NzZwln1Ko=]]></url>
  <title><![CDATA[“电子身份证”来啦！今后东莞人刷手机就能住酒店，前提是……]]></title>
  <content><![CDATA[爆料/合作/投稿/粉丝群请联系个人微信：dgleju123出差或旅行时住酒店没带身份证？莫慌！居民身份电子凭证来了在广东省内三星及以上酒店住宿手机出示这个证件就可以办理入住千真万确！广东省公安厅联合省政务服务数据管理局在全国率先推出了居民身份电子凭证自11月5日起使用居民身份电子凭证可以在全省三星级（含）及以上宾馆酒店办理住宿登记！什么是居民身份电子凭证？戳视频↓↓↓哪些人可以关联使用？持有广东省公安机关签发的居民身份证的省内户籍居民，在省内的三星级以上宾馆酒店可使用居民身份电子凭证办理住宿登记。以下这两种情况居民身份电子凭证会作废处理：1.居民身份证过期或挂失2.居民户口已经迁出广东省或已注销如何关联居民身份电子凭证？进入“粤省事”小程序简单几步就可以扫码进入“粤省事”小程序↓↓↓没有广东户籍怎么办？广东省公安厅联合省政务服务数据管理局也推出了广东省居住证电子证照，同样可以用于办理省内三星级以上宾馆酒店住宿登记！领取了广东省居住证且在有效期内的持证人，可以通过手机登录微信“粤省事”小程序关联使用本人居住证电子证照在省内办理旅业住宿登记。年底前广东省公安机关将逐步在全省三星级以下的旅馆推广应用居民身份电子凭证、广东省居住证电子证照广东推出的居民身份电子凭证可以用于核实持证人身份信息接下来其他社会领域也将逐步应用以后，大家使用它办理相关事务会更方便~消息来源 | 广东发布、深圳新闻网热门推荐 点击查看精彩文章一、重磅！碧桂园喜提临深重镇：凤岗官井头村5.9万㎡旧改项目！二、东莞房价普降，超5成网友认为还会降1年，推迟买房三、65.3亿！用8个关键词总结东莞土拍市场表现！四、@东莞房东，未报送出租屋信息将受罚，12月1日开始！五、重大利好！东莞水乡交通将全面爆发！小伙伴们速速围观！扫二维码入群，实时讨论购房热点话题、探讨东莞楼市。]]></content>
  <author><![CDATA[东莞乐居]]></author>
  <time>2018-11-06 18:01:24</time>
  <account><![CDATA[housedg]]></account>
  <image><![CDATA[https://mmbiz.qpic.cn/mmbiz_png/e2zTaesj4SPeQyr1crFiaiapQrSFUzb9YjHAZfj5DsadNB626z9ABzqrib8rTdIicVicEcONLutMsYHL7I2LPicz262w/640?wx_fmt=png|https://mmbiz.qpic.cn/mmbiz_jpg/eyCB6Q5w04kg66P8NvqEQgqBO8cMMVm1z5viagoyIJRGGUZZMmmiaOhsb3kmagCSzBbvNLjKVz6xYCx0diaOspGOQ/640?wx_fmt=jpeg|https://mmbiz.qpic.cn/mmbiz_jpg/eyCB6Q5w04kY3jDYCnHyOKcRbu4tAaib963rHkxbNE88RhviaaibrbDB80XJI5Y6qdDqAQRAPzvp9gc12FFfuQ6qg/640?wx_fmt=jpeg|https://mmbiz.qpic.cn/mmbiz_png/eyCB6Q5w04kY3jDYCnHyOKcRbu4tAaib93ibvrC9GYGwItHknCsoy17lX8Zia2tChtPH1IODMLQfQqCDXDk7uZcGA/640?wx_fmt=png|https://mmbiz.qpic.cn/mmbiz_png/eyCB6Q5w04kY3jDYCnHyOKcRbu4tAaib93ibvrC9GYGwItHknCsoy17lX8Zia2tChtPH1IODMLQfQqCDXDk7uZcGA/640?wx_fmt=png|https://mmbiz.qpic.cn/mmbiz_png/eyCB6Q5w04kY3jDYCnHyOKcRbu4tAaib93ibvrC9GYGwItHknCsoy17lX8Zia2tChtPH1IODMLQfQqCDXDk7uZcGA/640?wx_fmt=png|https://mmbiz.qpic.cn/mmbiz_jpg/eyCB6Q5w04kY3jDYCnHyOKcRbu4tAaib9xH94qOeSHzY10ltBTbcf9SG8yAl5L1J4dxB9KjdfLbK5DpSUE2Auzg/640?wx_fmt=jpeg|https://mmbiz.qpic.cn/mmbiz_png/eyCB6Q5w04kY3jDYCnHyOKcRbu4tAaib9I5YBansNHib31nTJic781Ce8Pa2FKiatJnbicV8ickYnm4iak3JCky3Gtqibw/640?wx_fmt=png|https://mmbiz.qpic.cn/mmbiz_png/eyCB6Q5w04kY3jDYCnHyOKcRbu4tAaib9I5YBansNHib31nTJic781Ce8Pa2FKiatJnbicV8ickYnm4iak3JCky3Gtqibw/640?wx_fmt=png|https://mmbiz.qpic.cn/mmbiz_png/eyCB6Q5w04kY3jDYCnHyOKcRbu4tAaib9I5YBansNHib31nTJic781Ce8Pa2FKiatJnbicV8ickYnm4iak3JCky3Gtqibw/640?wx_fmt=png|https://mmbiz.qpic.cn/mmbiz_png/71vT6WeWUCWzR8xL8MBomBXRpV2ogQmJyEsdTEhlKMhqibtIgvDQ4Aa4yLQdPMggF7aPMnPS9AwKJesiaKp3oXyA/640?wx_fmt=png|https://mmbiz.qpic.cn/mmbiz_jpg/71vT6WeWUCWzR8xL8MBomBXRpV2ogQmJUDf3eRNbIBEn1icZUeEQmvCiap7icbgqbVT163YkTFraNBOGubhxHqHvg/640?wx_fmt=jpeg|https://mmbiz.qpic.cn/mmbiz_png/eyCB6Q5w04kY3jDYCnHyOKcRbu4tAaib9I5YBansNHib31nTJic781Ce8Pa2FKiatJnbicV8ickYnm4iak3JCky3Gtqibw/640?wx_fmt=png|https://res.wx.qq.com/mpres/htmledition/images/icon/common/emotion_panel/smiley/smiley_82.png|https://res.wx.qq.com/mpres/htmledition/images/icon/common/emotion_panel/smiley/smiley_82.png|https://res.wx.qq.com/mpres/htmledition/images/icon/common/emotion_panel/smiley/smiley_82.png|https://mmbiz.qpic.cn/mmbiz_jpg/e2zTaesj4SPdicZWiboY0zq0yDxm7DgBuhCAbmFwuFv3CmXj3k47EOH2HLEGKmbn3t92PSibqCQ3tM67Ryex3wWvg/640?wx_fmt=jpeg|https://mmbiz.qpic.cn/mmbiz_png/e2zTaesj4SPeQyr1crFiaiapQrSFUzb9Yj3icfKzicmRtLOiaPlSGvEGr9oEDh5x30aG3M3IibonKicPTZHwSoDKvwlqw/640?wx_fmt=png]]></image>
</data>
