<data>
  <id><![CDATA[51754942]]></id>
  <url><![CDATA[https://mp.weixin.qq.com/s?timestamp=1541756350&src=3&ver=1&signature=gFilWKOB67p6FeXpyP5fEjOnXFFN0e2n17NMIgGM6o-aXxAWw5Y41HuqFTqr2srCEB50U-xflJZgpEPEpXYeg3K9mjbaB0upKLt6DBez*kbsgReTZD9i0qLtRv*Sh3GeFFcti2vLMtEwev2Z2yKgAbvcGDTdf3pSyZ4K5WUc9jQ=]]></url>
  <title><![CDATA[“大国重器筑梦桥头”——爱国教育暨国防兵器展“小小讲解员”全城招募]]></title>
  <content><![CDATA[爆料/合作/投稿/粉丝群请联系个人微信：dgleju1232018年11月10日国防重器将再次亮相东莞!本次尖端军事技术与现代化武器装备的国防重器，让您近距离了解和接触最尖端的国防科技。“大国重器 筑梦桥头”2018年保利国防兵器展暨爱国教育主题活动将开幕，为增强孩子军工科普知识，身临其境地接受爱国主义教育，日前，保利国防兵器展暨爱国教育主题活动之一—“小小国防讲解员”招募正式开锣。热爱军事、开朗大方的小朋友可利用此机会大展身手。爱国活动亮点纷呈歼-10战斗机零距离体验保利发展进入东莞的第18个年头，“大国重器 筑梦桥头”国防兵器展也是继保利海棠“筑梦水乡保国利民”爱国主义航空展之后。在桥头为大家举办的又一次爱国情怀活动。开幕式当天现场的活动形式新颖有趣，感受军事国防的魅力，届时将有“歼-10”战斗机、P-40战斗机、99式主战坦克、枭龙战斗机等武器装备，再次为东莞市民展示我国尖端军事技术与现代化武器装备的精华，同时从现场的知识展览和讲解员处学习爱国主义国防知识。央企保利，筑善筑美保利发展以弘扬中华文化和爱国主义，关爱青少年健康成长、无不体现着深厚的“和者”气度，以善为达，心存感恩，诚待他人，关爱社会。保利再次在东莞举办国防兵器展，是纪念中国人民抗日战争暨世界反法西斯战争胜利73周年，是铭记在每个中华儿女心中的重要日子。随着这条东方巨龙的逐渐苏醒与腾飞，中国面临的压力与挑战亦愈来愈大。弘扬爱国主义精神，加强国防教育，并启动“小小解说员”全城招募，给少年儿童提供实践社会机会。据该项目负责人介绍，作为一种在学校教育和家庭教育之外的教育模式补充，活动利用大社区中少年儿童集中居住的特点，培养自立自强的个性、团结协作和勇敢探索的精神，帮助少年儿童认识社会、认识世界、成为有责任感的公民。国防明星“小小讲解员”全城招募据活动介绍，即日起到11月7日，热爱军事、主持或表演的东莞市全城中小学生均可到项目现场报名。所有报名参与的小朋友都可获得精美礼品一份，入围者将在兵器展现场为市民讲解展品及相关奖励。11月10日，主办方将对招募的“小小讲解员”进行选拔，11月11日，他们将正式“上岗”，4人一组对相应展品进行讲解，参观兵器展的朋友都可以一睹“小小讲解员”的风采。想零距离接触真实的装备吗?想了解各类武器的用途和它们背后的故事吗?想把它们的故事说给更多人听吗?小英雄们，来报名“小小解说员”勇敢地秀出自己吧!活动时间安排报名时间：11月5日-11月7日选拔时间：11月10日下午16：00选拔地址：保利香槟颂营销中心颁发证书及上岗证：11月11日上午10:00上岗时间：11月11日、17日、18日决赛及颁奖：11月18日下午3:00招募对象：东莞8—15岁具有强烈军事爱好、表达能力的青少年均可报名参加奖项设置参与奖：凡参与者均可获得精美礼品一份;优秀奖：一等奖2名(奖金300元)、二等奖3名(奖金200元)、三等奖5名(奖金100元)奖品：奖状、军事模型礼品等报名方式：致电冯先生报名即可联系方式：15899918694国防兵器展派票进行中领票攻略：本次展览分为VIP票、学生票和普通票。三种票均可现场参观兵器展，VIP票和学生票可体验VR射击和战斗机。VIP票：由置业顾问向客户免费派送；学生票：凭学生证领取，每人限领一张；普通票：回复“国防兵器展”至东莞乐居后台，即可领取两张。时间安排展示时间：11月10日-18日领票时间：11月5日—11月18日领票地址：保利香槟颂营销中心(桥头北师大附属中学旁)或南城区中环100 916室新浪乐居办公室领票热线：0769-82361888保利香槟颂，军工品质保利香槟颂主打98-137㎡精装三至四房独一无二的保利5.0住宅系统户户朝南，方正实用双阳台，阳光充足，南北通透精装交房，全一线品牌交付△保利·香槟颂鸟瞰图保利·香槟颂世界500强，军工央企保利东部片区标杆作品坐拥双地铁口，周边完善配套三纵三横，畅达莞惠深建面约95-137㎡三四房保利5.0舒适人居地址：桥头新住区·北师大附属学校旁（导航“保利香槟颂”可直达）项目电话：0769-82361888免责声明1、内容部分来源网络，因编辑需要文字和图片之间亦无必然联系，仅供读者参考。2、我们所转载的所有文章、图片、音频视频文件等资料版权归版权所有人所有，因非原创文章及图片等内容无法一一和版权者联系，如原作者或编辑认为作品不宜上网供大家浏览，或不应无偿使用，请及时通知我们，以迅速采取适当措施，避免给双方造成不必要的经济损失。3、本网页如无意中侵犯媒体或个人的知识产权，请来电告之，我们将立即予以修改或删除。保利客户服务热线：0769-82361888热门推荐 点击查看精彩文章一、重磅！碧桂园喜提临深重镇：凤岗官井头村5.9万㎡旧改项目！二、东莞房价普降，超5成网友认为还会降1年，推迟买房三、65.3亿！用8个关键词总结东莞土拍市场表现！四、@东莞房东，未报送出租屋信息将受罚，12月1日开始！五、重大利好！东莞水乡交通将全面爆发！小伙伴们速速围观！扫二维码入群，实时讨论购房热点话题、探讨东莞楼市。]]></content>
  <author><![CDATA[东莞乐居]]></author>
  <time>2018-11-05 18:07:44</time>
  <account><![CDATA[housedg]]></account>
  <image><![CDATA[https://mmbiz.qpic.cn/mmbiz_gif/e2zTaesj4SP854ZpKWqUL67fUL5NzGnrKhD2ppRhAB5qRQPCDJAaylkOvw35WWfz9ibcHZIgsCcAKH5vddbjaNA/640?wx_fmt=gif|https://mmbiz.qpic.cn/mmbiz_jpg/e2zTaesj4SPeQyr1crFiaiapQrSFUzb9YjXuvEdePGeXsIhHxFIBsaRrYGqKRw7fkhThyTgQpyUBiaSKv9ibmJ6D6A/640?wx_fmt=jpeg|https://mmbiz.qpic.cn/mmbiz_png/e2zTaesj4SPeQyr1crFiaiapQrSFUzb9Yjp8MTXXcnExfIRpOr7bvnFOOrF1oql5N1tcTD3VFZVNVEvtlJc3Lw2A/640?wx_fmt=png|https://mmbiz.qpic.cn/mmbiz_jpg/e2zTaesj4SPeQyr1crFiaiapQrSFUzb9YjNExkwEqUicEBH55Crc9loeFs14siclXicyBZO2B5pL1WTFjLlz0od36og/640?wx_fmt=jpeg|https://mmbiz.qpic.cn/mmbiz_png/e2zTaesj4SPeQyr1crFiaiapQrSFUzb9Yjp8MTXXcnExfIRpOr7bvnFOOrF1oql5N1tcTD3VFZVNVEvtlJc3Lw2A/640?wx_fmt=png|https://mmbiz.qpic.cn/mmbiz_jpg/e2zTaesj4SPeQyr1crFiaiapQrSFUzb9YjrkbO5BzhAZzTaktZa5R4KIBpcYMScqNddoe7vVol0L5hLiag4P7eB4Q/640?wx_fmt=jpeg|https://mmbiz.qpic.cn/mmbiz_png/e2zTaesj4SPeQyr1crFiaiapQrSFUzb9Yjp8MTXXcnExfIRpOr7bvnFOOrF1oql5N1tcTD3VFZVNVEvtlJc3Lw2A/640?wx_fmt=png|https://mmbiz.qpic.cn/mmbiz_jpg/e2zTaesj4SPeQyr1crFiaiapQrSFUzb9YjKshVZGSR6MqcZvq2MiazovgSHxCnXIMSqHQee1LEfZmvQDINfTmWLLg/640?wx_fmt=jpeg|https://mmbiz.qpic.cn/mmbiz_jpg/e2zTaesj4SPeQyr1crFiaiapQrSFUzb9Yjs1u8yNUfjZeRWfZ9J4CicT2OkychfKelIb2dUKwOK9PwgjGSc07hqJw/640?wx_fmt=jpeg|https://mmbiz.qpic.cn/mmbiz_jpg/e2zTaesj4SPeQyr1crFiaiapQrSFUzb9Yjv38Y1XtYfZrI5VHma7icgDlkp6aqnyfw5K2Wf6HDDyzZHNWLW4DicIeg/640?wx_fmt=jpeg|https://mmbiz.qpic.cn/mmbiz_jpg/e2zTaesj4SPeQyr1crFiaiapQrSFUzb9Yj0G0x3jNvqUcGv0P59ZlMTeBSkCzEpmG0gvrf1IHMRXibiaPRHicLqibqBA/640?wx_fmt=jpeg|https://mmbiz.qpic.cn/mmbiz_jpg/e2zTaesj4SPeQyr1crFiaiapQrSFUzb9Yj67JnI7NibRoXpYVov2icicR8RaMzMX0qeBKYpaBibIeVzKt4ZQLnph1Lsg/640?wx_fmt=jpeg|https://mmbiz.qpic.cn/mmbiz_jpg/e2zTaesj4SPeQyr1crFiaiapQrSFUzb9YjMtC4pcOWS0ul2JTf6E8bkZqhJ001QnDX5ATZ6KNzm5o3s3acsXEW8A/640?wx_fmt=jpeg|https://mmbiz.qpic.cn/mmbiz_jpg/e2zTaesj4SPdicZWiboY0zq0yDxm7DgBuhCAbmFwuFv3CmXj3k47EOH2HLEGKmbn3t92PSibqCQ3tM67Ryex3wWvg/640?wx_fmt=jpeg]]></image>
</data>
