<data>
  <id><![CDATA[51754942]]></id>
  <url><![CDATA[https://mp.weixin.qq.com/s?timestamp=1541756350&src=3&ver=1&signature=gFilWKOB67p6FeXpyP5fEjOnXFFN0e2n17NMIgGM6o-aXxAWw5Y41HuqFTqr2srCEB50U-xflJZgpEPEpXYeg9LMsOHreHpFxLxyAxtGKsnZwlcmTYcyYr48lZupqe6tfxVy7f3zpOc-TztguFFG-3g40xEqg*mo3sQpPdp8s8s=]]></url>
  <title><![CDATA[东莞人均月薪4721元！这个行业平均年薪超18万！]]></title>
  <content><![CDATA[工作忙忙碌碌最开心的莫过于发工资的那一天！想 知 道▼自己的工资处于行业什么水平？东莞哪些职位持续高薪？哪些行业工资涨了？这份新鲜出炉的权威报告也许可以给大家参考哦~△点击可进入官网页面近日，市人力资源局网站日前发布了《2018年度劳动力市场工资指导价位》，指导价位基本涵盖了社会所有行业和领域。从总体上看，2018年全行业的月薪平均值为4721元，相比去年的4253元提高了11%。（小编注：举例说明，90分位的意思即为排名处于前10%的。）1那么哪个行业工资最高？看这里！重点来了！东莞市连续多年发布的劳动力市场工资指导价位均由金融业遥遥领先今年也不例外☟☟☟2018年金融业月薪平均值为15361元即年薪‪达18.43‬万元比去年上涨4.6%金融业也是在所有行业中唯一一个年薪平均值超过10万元的行业！与之相对的薪资水平最低的是水利环境和公共设施管理业年薪平均值不到2.6万元2备受关注的制造业工资涨了！作为制造业之都东莞制造业工资水平备受关注！这个工种平均工资最高！☟☟☟数据显示2018年制造业工资指导价位平均值为4721元/月比去年上涨11.77%其中，石油加工、炼焦和核燃料加工业平均工资最高月薪达9515元电气机械和器材制造业工资水平最低月薪平均值为3561元3研究生月薪平均值同比增18.80%从学历来看2018年研究生月薪平均值为16001元比去年增长18.80%大学本科月薪平均值为8864元比去年增长16%初中及以下学历为3982元比去年增长9.5%看完这份分析报告小伙伴们是不是了解得更多了呢？大家既可以知道工资处于哪一档想涨工资也有清晰的概念企业还可以依此作为参考制定员工工资要是还有其他问题就戳戳“阅读原文”更多工资指导价位都在里面了来源 | 东莞阳光网，数据来源东莞市人力资源局]]></content>
  <author><![CDATA[东莞乐居]]></author>
  <time>2018-10-30 17:56:01</time>
  <account><![CDATA[housedg]]></account>
  <image><![CDATA[https://mmbiz.qpic.cn/mmbiz_gif/e2zTaesj4SP854ZpKWqUL67fUL5NzGnrKhD2ppRhAB5qRQPCDJAaylkOvw35WWfz9ibcHZIgsCcAKH5vddbjaNA/640?wx_fmt=gif|https://mmbiz.qpic.cn/mmbiz_gif/LJN3bHhgqmicNFgROgG4OkyWUMS6E4NDb7fcxfMRt3oFfeyu7oFILk1XvReUqsWBficrmdxuia4ZVgMic1iaDgABISA/640?wx_fmt=gif|https://mmbiz.qpic.cn/mmbiz_gif/LJN3bHhgqmicNFgROgG4OkyWUMS6E4NDbct1CTF1V16Gk0NvPtgBIcCeMhp1uJZAdyh8n5CyDWfRqum18cJfXCA/640?wx_fmt=gif|https://mmbiz.qpic.cn/mmbiz_gif/qHc5hxqDagUpLchicf8ZtTniaVVNLDJVM6LXmqicPDyuJdiaDEto7VUbFdeeiaLvlkUUfKjIWiahW0DcLEj6eo9aibnjg/640?wx_fmt=gif|https://mmbiz.qpic.cn/mmbiz_jpg/qHc5hxqDagUfZzE0BQIppP6F2zaQwicQPlfAfkFwIFrEttZPOAJDIOHlbZBxYPtThfPgoib5hlecr4JP79dLpYFg/640?wx_fmt=jpeg|https://mmbiz.qpic.cn/mmbiz_jpg/qHc5hxqDagUfZzE0BQIppP6F2zaQwicQPzTRRZWO0MjWgoqQtS9wfpvrPyxuiaaFq5FiakIuAoy0oV5NZ1Zcxfibjg/640?wx_fmt=jpeg|https://mmbiz.qpic.cn/mmbiz_gif/LJN3bHhgqmicNFgROgG4OkyWUMS6E4NDb4lsyK2Wice4pOhE3YYf1BpZA8b0Gicz9kiaaC4dVGqpvr7Ph6eJ7QluYQ/640?wx_fmt=gif|https://mmbiz.qpic.cn/mmbiz_jpg/qHc5hxqDagUfZzE0BQIppP6F2zaQwicQPfNgibtNlROHy6zyrAtxSPYLMkCMGCVibzLVjVfdwNpVN798UnHBxFuuA/640?wx_fmt=jpeg|https://mmbiz.qpic.cn/mmbiz_jpg/qHc5hxqDagUfZzE0BQIppP6F2zaQwicQPRc8jNTOPTVGDrpZkSlFg2UPQibFoGzvqOW56SF3raLJSJxZ1Wc9JLEw/640?wx_fmt=jpeg|https://mmbiz.qpic.cn/mmbiz_jpg/qHc5hxqDagUfZzE0BQIppP6F2zaQwicQPPZq5T0ekBa6Ft1ObZjlCSMOOD5oC37Due965yl6wR6sl93xbbaGGCA/640?wx_fmt=jpeg|https://mmbiz.qpic.cn/mmbiz_jpg/qHc5hxqDagUfZzE0BQIppP6F2zaQwicQPAZpwJA977XGNxnfonWZraZicCKbWtJpic6htOT2DTHjMezcbrkr19hDA/640?wx_fmt=jpeg|https://mmbiz.qpic.cn/mmbiz_jpg/qHc5hxqDagUfZzE0BQIppP6F2zaQwicQPTJ1ZWl8lRjtDBtLazqJNWtzibXm9EDgzq6aVLPLicpZkv31xzIL0ETnQ/640?wx_fmt=jpeg|https://mmbiz.qpic.cn/mmbiz_jpg/LJN3bHhgqmicNFgROgG4OkyWUMS6E4NDbjdNOWR592piafiaR8l26VTBLp5sTCLJvO7TTBLWAYibNYdaDKQicrSTaEw/640?wx_fmt=jpeg|https://res.wx.qq.com/mpres/htmledition/images/icon/common/emotion_panel/smiley/smiley_66.png|https://mmbiz.qpic.cn/mmbiz/CItRLtZlHnCRzp2oPL818preSgNYphoicvYpRlaicSIH0gK48IGYApugpHt9tNGf0DdKjuyTP1IQpJQZmbibHhYQw/640?wx_fmt=gif]]></image>
</data>
