<data>
  <id><![CDATA[51754942]]></id>
  <url><![CDATA[https://mp.weixin.qq.com/s?timestamp=1541756350&src=3&ver=1&signature=gFilWKOB67p6FeXpyP5fEjOnXFFN0e2n17NMIgGM6o-aXxAWw5Y41HuqFTqr2srCEB50U-xflJZgpEPEpXYeg9LMsOHreHpFxLxyAxtGKsm4nunh5nyLjRghNSGl0nxxCkQNyMsLTEeQT0MwrCpKqmS37y2sM8POM0KvajED56k=]]></url>
  <title><![CDATA[突然不卖了！东莞3块地全部终止拍卖！原因……]]></title>
  <content><![CDATA[爆料/合作/投稿/粉丝群请联系个人微信：dgleju12310月份是东莞土地拍卖的小高潮，上周还一口气卖出了4块地。原本今明2天还有3块地出让（2块位于黄江镇，1块位于东坑镇），每天小编的必备动作，今天早上小编一打开官网突然发现，东坑，黄江商住地全部终止出让了！不卖了！不卖了！不卖了！继28号黄江1万㎡商住地终止出让后，今天早上东莞市公共资源交易中心一口气发布东坑，黄江商住地终止出让通知，宣告10月东莞三宗商住地集体终止出让。△黄江2.5万㎡商住地终止出让信息△东坑2.1万㎡商住地终止出让信息△黄江1万㎡商住地终止出让据小编观察发现，三宗地块都有几个共同特点，地块小，远离中心区，商业面积占比高达30％，都有流拍的风险。值得一提的是，最近东莞两宗商住地（石碣地块商业占比30%，南城地块商业占比70%）流拍都跟商业占比过高而集体遭遇流拍了！△地块终止出让公告黄江地块信息据悉，该地块占地面积10008.77㎡，容积率上限为3.0，总建筑面积约为30026㎡（住宅面积占百比70%，商业面积占比30%)，该地块起始总价为2.7117亿元，起始楼面地价9031元/㎡，当地块总价达到最高限价3.7751亿元、最高楼面限价12581元/㎡,将转为“竞自持”环节。剔除无偿配建3135㎡安居房面积，实际可售面积26891㎡，最高楼面限价14050元/㎡，对比北大资源地王以25264元/㎡夺下到黄江地王，地价同比爆跌11214元/㎡。△地块航拍图（拍摄于2018年9月13日）据悉，该地块占地面积25200.62㎡，容积率上限为3.0，总建筑面积约为75602㎡（住宅面积占百比70%，商业面积占比30%)，该地块起始总价为6.8798亿元，起始楼面地价9100元/㎡，当地块总价达到最高限价9.5128亿元、最高楼面限价12583元/㎡,将转为“竞自持”环节。剔除无偿配建7936㎡安居房面积，实际可售面积只剩下67664㎡，最高楼面限价14059元/㎡，对比北大资源地王以25264元/㎡夺下到黄江地王，地价同比爆跌11205元/㎡。△地块航拍图（拍摄于2018年9月13日）地块四至:南侧规划为公共绿地，旁边为市政道路，北侧规划为公共停车场用地，西侧规划为公共绿地与华南师范大学附属东莞学校，东侧为终止出让地块与规划为住宅用地空地。图片来源:东莞市城乡规划局官网小编根据地块周边控规图了解到，地块地处黄江南部新区片区，周边多为待开发空地，特别是地块旁边空地规划多为住宅用地，目前周边就一个农民公寓小区。值得一提的是，地块项目中商业面积占总建筑面积的30%（22682㎡）商业，或将成为阻碍开发商参与竞拍积极性，2.2万㎡怎么开发运营是开发商必须考虑的问题。黄江楼市目前黄江虽然在售项目看上去挺多的，实际多为尾盘在售，目前主要以和昌·众筑中央园著，融创公园首府，北大资源颐和翡翠花园三大在售待售成为黄江未来一两年新增供应主力军，目前在售均价多为17000-25000元/㎡。2016年9月22日，，黄江一宗占地面积61710.83㎡商住地，历经3.5个小时、23家房企、122轮激烈竞拍最终被北大资源投资有限公司摘得，成交价343000万元，折合楼面价25264.46元/㎡，成为目前黄江最贵地王。△北大资源竞得信息2016年9月27日，位于黄江镇宝山社区的一块商住地历经76轮竞拍后，最终被融创以总价194660万元拍下，折合楼面地价20422元/㎡，目前该地块已命名为融创公园首府已开盘在售中。△融创竞得信息东坑地块信息据悉，该地块占地面积21430.92㎡，容积率上限为2.43，总建筑面积约为52077㎡（住宅面积占百比70%，商业面积占比30%)，该地块起始总价为3.6975亿元，起始楼面地价7100元/㎡，当地块总价达到最高限价5.4098亿元、最高楼面限价10388元/㎡,将转为“竞自持”环节。剔除无偿配建3645㎡安居房面积，实际可售面积只剩下48431.6㎡，最高楼面限价11170元/㎡。东坑楼市图片来源:咚咚找房目前东坑在售待售项目约有7个，均价在13000-21000元/㎡。让人感到意外的是，东坑目前房价顶端为万科金域广场公寓2.1万/㎡，而东坑洋房均价普遍在13000-17000元/㎡，据小编观察分析，万科金域广场公寓只所以卖那么高，重要是离大朗，松山湖近，吸引了松山湖，大朗市民外溢需求。图片来源:东莞中原战略研究中心根据东莞中原研究中心的数据，目前东坑库存量小，潜在供应大：高层库存量较少，约2.1万㎡，潜在供应量较大，约31.8万㎡，未来竞争激烈；公寓库存量大，但潜在供应较少；商铺市场库存与潜在供应量均较小。△金地竞得信息值得一提的是，上周东坑一宗22236.54㎡商住地经过1家房企1轮竞拍，最终东莞市金地房地产投资有限公司以3.7802亿底价喜提东坑商住地，楼面价6800元/㎡！编辑:桃源热门推荐 点击查看精彩文章一、华为再次大搬迁！昨天华为启动了第二批次搬迁，共5400人明天东莞上班二、重磅！三正地产启动临深重镇凤岗雁田中心区30万㎡旧改项目三、虎门慌了！上半年松山湖首度超过虎门成为东莞经济领头羊！四、东莞人请注意！这19个楼盘正式备案，马上就要开卖啦！（附价格表）五、南城西平9万㎡“黄金巨无霸”要拍卖了！西平房价会再刷新吗？扫二维码入群，实时讨论购房热点话题、探讨东莞楼市。]]></content>
  <author><![CDATA[东莞乐居]]></author>
  <time>2018-10-30 17:56:01</time>
  <account><![CDATA[housedg]]></account>
  <image><![CDATA[https://mmbiz.qpic.cn/mmbiz_jpg/e2zTaesj4SMD61wia1VJ8oO4NLndYXz6s2zHiaQIxNaOMZWJzePElsKp2fYXuAyrbYyA4g9QicB4tAuRSd8axmoVA/640?wx_fmt=jpeg|https://mmbiz.qpic.cn/mmbiz_png/e2zTaesj4SP7J1g8Z8wWmr2FtbbFwetInuqpicykj7A9b5ficFtBE29kWVnQ09DXwlNoZddgAb9lhoOmibiaichZrqQ/640?wx_fmt=png|https://mmbiz.qpic.cn/mmbiz_gif/e2zTaesj4SP7J1g8Z8wWmr2FtbbFwetIUtfoX40aOn1RqF73kVZIbuuSNZJbjTzRf8PAaA2KDkNznAdDPLPicRg/640?wx_fmt=gif|https://mmbiz.qpic.cn/mmbiz_png/e2zTaesj4SP7J1g8Z8wWmr2FtbbFwetIibKfgVAdBickibgGMkP8DoepRUsDqDCAdDjD8RywuNRZsDrlfWj5qqiatQ/640?wx_fmt=png|https://mmbiz.qpic.cn/mmbiz_png/e2zTaesj4SP7J1g8Z8wWmr2FtbbFwetIPEhzmztPAGhRbr9FEp81PBIPCcycyR8ccs4dd90fbicQxECZbXicRjdA/640?wx_fmt=png|https://mmbiz.qpic.cn/mmbiz_png/e2zTaesj4SPIBZeL2kXIN6L3gpGkXsRXZzTPHQy66p6JuCnkyGTNeOsNAK9hUfHm8ptB3snOQk37opv48hLic3Q/640?wx_fmt=png|https://mmbiz.qpic.cn/mmbiz_png/e2zTaesj4SP7J1g8Z8wWmr2FtbbFwetI8iaR9kEBwiaM81oy9vVv4vzl7UYE4xEricL2iaSYM8ompzczYWmIulbfDQ/640?wx_fmt=png|https://mmbiz.qpic.cn/mmbiz_png/e2zTaesj4SP854ZpKWqUL67fUL5NzGnrWV1pgnauSAIKPYpHJJlywFDSWIfTPAOLN7zh1p0egqcUvIEhtYIWWg/640?wx_fmt=png|https://mmbiz.qpic.cn/mmbiz_png/e2zTaesj4SPIBZeL2kXIN6L3gpGkXsRXfjiaUReoJTCmepjiaKxAXgO3YPHbWibCL5XYqZ0Le8xEttO4XkLNKREvA/640?wx_fmt=png|https://mmbiz.qpic.cn/mmbiz_jpg/e2zTaesj4SPIBZeL2kXIN6L3gpGkXsRXntthfV2ETfX4oU8PicydaBq6uf9v48OL0bN6zRYZFNgbEicLYlrNzd2w/640?wx_fmt=jpeg|https://mmbiz.qpic.cn/mmbiz_png/e2zTaesj4SPIBZeL2kXIN6L3gpGkXsRXBqg4UbWxadE2bmyUhwcPMTiaPwDiagO5Lib9PKw0kk1O1ic71HxVuClWSw/640?wx_fmt=png|https://mmbiz.qpic.cn/mmbiz_png/e2zTaesj4SPIBZeL2kXIN6L3gpGkXsRX7icwb3yKZZaY81vEzvrNy4QLxTJuuOkiagX1ibr2Jez1Ae4ibMDFjTbR6A/640?wx_fmt=png|https://mmbiz.qpic.cn/mmbiz_jpg/e2zTaesj4SPIBZeL2kXIN6L3gpGkXsRXppA1XJvJ5AU9Jibp16RqObeb61xaPM1IegQ9chibwIXjbfsqOtI6hTEQ/640?wx_fmt=jpeg|https://mmbiz.qpic.cn/mmbiz_png/e2zTaesj4SP854ZpKWqUL67fUL5NzGnrWV1pgnauSAIKPYpHJJlywFDSWIfTPAOLN7zh1p0egqcUvIEhtYIWWg/640?wx_fmt=png|https://mmbiz.qpic.cn/mmbiz_png/e2zTaesj4SPIBZeL2kXIN6L3gpGkXsRXJ4QrTeg5jB9eNwEm8AMwtUJ6jtuknhmaAMLtja93MuG6BkZZeCFveQ/640?wx_fmt=png|https://mmbiz.qpic.cn/mmbiz_jpg/e2zTaesj4SPIBZeL2kXIN6L3gpGkXsRXJXkWGnFf3Esrbicho7MVib3Tg3umnrkjYH8rFuNQw9P63ZbuZHk33MbQ/640?wx_fmt=jpeg|https://mmbiz.qpic.cn/mmbiz_jpg/e2zTaesj4SPIBZeL2kXIN6L3gpGkXsRX1teBEnvzEdbneHpucWauo2ibmohMDh8FyalC9pyZyGzOuf81eicKVRWw/640?wx_fmt=jpeg|https://mmbiz.qpic.cn/mmbiz_png/e2zTaesj4SP854ZpKWqUL67fUL5NzGnrWV1pgnauSAIKPYpHJJlywFDSWIfTPAOLN7zh1p0egqcUvIEhtYIWWg/640?wx_fmt=png|https://mmbiz.qpic.cn/mmbiz_png/e2zTaesj4SP7J1g8Z8wWmr2FtbbFwetIvzyibSbd9Oer2lbiclzBDQZIAuSKyKJYrqg1X4HlxHSRQHUNMDNWejsw/640?wx_fmt=png|https://mmbiz.qpic.cn/mmbiz_png/e2zTaesj4SP854ZpKWqUL67fUL5NzGnrWV1pgnauSAIKPYpHJJlywFDSWIfTPAOLN7zh1p0egqcUvIEhtYIWWg/640?wx_fmt=png|https://mmbiz.qpic.cn/mmbiz_png/e2zTaesj4SOwJXJN8xHbIKVnu8bicRse7sibTpGZqJEb1AbrRVLW3bZ59mLsTnL7GvnaymibDUQe9UPM1ibiaHdEic2g/640?wx_fmt=png|https://mmbiz.qpic.cn/mmbiz_png/e2zTaesj4SNf7hcwwbPouBcmP0cnQia0Pdd9Pmiccb5aFzEtMjvldUwztXvpdRXDmhLzROD4fzjOp0uibkIRIHK3Q/640?wx_fmt=png|https://mmbiz.qpic.cn/mmbiz_jpg/e2zTaesj4SP7J1g8Z8wWmr2FtbbFwetIXVe3lKJaQZWIjptEN2mb2MKwbHyyQMGeO29PJEQNtmoOibb9ic8k0GjQ/640?wx_fmt=jpeg|https://mmbiz.qpic.cn/mmbiz_jpg/e2zTaesj4SPdicZWiboY0zq0yDxm7DgBuhCAbmFwuFv3CmXj3k47EOH2HLEGKmbn3t92PSibqCQ3tM67Ryex3wWvg/640?wx_fmt=jpeg|https://mmbiz.qpic.cn/mmbiz_jpg/e2zTaesj4SMIpsCTksQU0qE9T0mzvVOjB8SQUuy7XU1gY2Dad0Rq1cPSpLPibFb4toGs0ndIrfiaJQEibOMRyib3Cw/640?wx_fmt=jpeg]]></image>
</data>
