<data>
  <id><![CDATA[51754942]]></id>
  <url><![CDATA[https://mp.weixin.qq.com/s?timestamp=1541756350&src=3&ver=1&signature=gFilWKOB67p6FeXpyP5fEjOnXFFN0e2n17NMIgGM6o-aXxAWw5Y41HuqFTqr2srCEB50U-xflJZgpEPEpXYeg3K9mjbaB0upKLt6DBez*kbXItP*o3jQPRJYTLTuWcl5yxkswBUfOjO6uu7gc-jAZvkZMwme0dGtVMhCCKsEJrg=]]></url>
  <title><![CDATA[性冷淡已经OUT了，现在流行“可盐可甜”]]></title>
  <content><![CDATA[爆料/合作/投稿/粉丝群请联系个人微信：dgleju123来源 | 设计邦（ID：shejizone）图源 | 建E室内设计网近几年，各种各样的家装风格非常高调地活跃在我们的视野里，诸如现代简约风、欧式、美式、新中式等，为我们打造个性化家居提供了多样化的选择。而饭圈流行的一个词汇——“可盐可甜”，也因为兼具高冷和温暖两大矛盾的属性，为家居领域注入了一股与众不同的韵味，更是广受现代都市人的喜爱。“可盐可甜”原本是粉丝们对于自家爱豆的印象，“盐”是酷帅霸气，“甜”是可爱软萌，它是形容爱豆在舞台上和生活中，会有两种截然相反的个性表现，风格多样，并可以在不同性格中自如切换。他们时而像高冷的仙，沉默、禁欲、让人觉得“高高在上”，不易亲近有距离感；时而又像温暖呆萌的小天使，私下里性格十分平易近人，笑起来有种甜甜的味道，非常治愈。将这个概念延伸到在家装风格中，我们也会找到对应的一款。那就是时下备受追捧的北欧风，其实也具有反差萌的风格特点。不同于人们眼中的“性冷淡”，北欧风既有清冷自然、不事张扬的一面，也有一种让人忍不住想要亲近的温暖感。它是以浅色调和极简设计为特色，坚持使用天然材料，让生活回归本质，同时又洋溢着满满温馨情调的设计风格。现如今，对于简约舒适生活有着迷之向往的年轻人，大多被这样的一股北欧风深深吸引着，那么，如何才能打造出别具一格的北欧风呢？◎色彩偏向浅色系，干净明朗带有北欧风情的家居，在色调的选择上一般倾向于淡雅的木色、米色、百搭中性色或一些低饱和度的类型，展现出清新宜人的纯粹之美。它常以白色为主调，局部采用鲜艳的纯色软饰、绿植加以点缀；或以黑白为主调，不加其他颜色，而是用保留原始质感的木质家具，力求表现自然舒适的生活意趣。在设计过程中，该风格化繁为简、鲜有修饰。在追求简约实用的基础上，又搭配着干净利落的线条来丰富空间层次，以平衡视觉上的整体美感。◎巧用绿植、布艺、装饰物，凸显生活格调北欧风既有“可盐可甜”之精髓，必然在展现高冷、清新范儿的同时，又要回归生活本身，增添几许柴米油盐的味道。比如：绿植、布艺、装饰画、地毯等元素，都能巧妙地弱化空间的清冷，使之变得更有趣味和温度，凸显出优雅舒适的生活情调。◎有藏有露，收纳得宜“性冷淡”主张让空间保持空无一物的样子，摒弃繁复装饰和过多华丽的色彩，把大大小小的杂物统统隐藏起来，达到减压、禁欲、略带苦行僧式的生活境界。但是如此极致的空间基调，未免显得呆板而乏味。其实每个人的家，都有最个性和独特的空间气场。它带着你生活过的痕迹，你的喜好、品味、生活习惯等。如果一味地加以掩饰，反而失去原有的味道，让家变得没有灵魂了。想要让一切保持舒适又不失生活质感，就要时刻遵循“有藏有露，收纳得宜”的原则，将实用与美观留驻于空间里。总之，“可盐可甜”不仅仅是一种别致的装饰风格，也代表了你的生活方式和审美态度。当生活和格调完美结合，你就能在细腻、精致的生活美学中，更好地咀嚼幸福的味道。热门推荐 点击查看精彩文章一、重磅！碧桂园喜提临深重镇：凤岗官井头村5.9万㎡旧改项目！二、东莞房价普降，超5成网友认为还会降1年，推迟买房三、65.3亿！用8个关键词总结东莞土拍市场表现！四、@东莞房东，未报送出租屋信息将受罚，12月1日开始！五、重大利好！东莞水乡交通将全面爆发！小伙伴们速速围观！扫二维码入群，实时讨论购房热点话题、探讨东莞楼市。]]></content>
  <author><![CDATA[东莞乐居]]></author>
  <time>2018-11-05 18:07:44</time>
  <account><![CDATA[housedg]]></account>
  <image><![CDATA[https://mmbiz.qpic.cn/mmbiz_gif/e2zTaesj4SP854ZpKWqUL67fUL5NzGnrKhD2ppRhAB5qRQPCDJAaylkOvw35WWfz9ibcHZIgsCcAKH5vddbjaNA/640?wx_fmt=gif|https://mmbiz.qpic.cn/mmbiz_jpg/FtybiabQKpeM7rl0J38TBneJoicyN9fDsmRl4dIKrpGUKCmpMM3BfFjS13NAV6IWo6FfoiaENdufjsC9VK4Bichn7A/640?wx_fmt=jpeg|https://mmbiz.qpic.cn/mmbiz_jpg/FtybiabQKpeM7rl0J38TBneJoicyN9fDsm15sicEiaqTRZw5W2wEo45Gx0Oj5o2yATm0hQlzSTzjY2l6Kl48iclibsEw/640?wx_fmt=jpeg|https://mmbiz.qpic.cn/mmbiz_jpg/FtybiabQKpeM7rl0J38TBneJoicyN9fDsmSDyArxqYVK27Nyue229kaXlO4zWoWH3KQexN2rRQtNZibTWiaO7NQ3gA/640?wx_fmt=jpeg|https://mmbiz.qpic.cn/mmbiz_jpg/FtybiabQKpeM7rl0J38TBneJoicyN9fDsmuicz845WeZ8JlNNUngSbZj3ibeEvqpYiacGl62sRMiaxjCdFKrzBPv5XZw/640?wx_fmt=jpeg|https://mmbiz.qpic.cn/mmbiz_jpg/FtybiabQKpeM7rl0J38TBneJoicyN9fDsmnYCpXCeUc5siaZ0icUVhS7aRgzJbTKpkHJmu5HPCPzNicPFWhmCvDU81A/640?wx_fmt=jpeg|https://mmbiz.qpic.cn/mmbiz_jpg/FtybiabQKpeM7rl0J38TBneJoicyN9fDsm2OvTAMSZm4u0mqmopBToiajWxvicFWwnt4fcT3YKkbeb1nhxWtlibRibBA/640?wx_fmt=jpeg|https://mmbiz.qpic.cn/mmbiz_jpg/FtybiabQKpeM7rl0J38TBneJoicyN9fDsmtFogJsJ4mjKztYT4No0K2ibQSmNrCHNQcQqdVaUu3ee2pcSiapgls2CQ/640?wx_fmt=jpeg|https://mmbiz.qpic.cn/mmbiz_jpg/FtybiabQKpeM7rl0J38TBneJoicyN9fDsmDOpwzgbpJ18Rg6HGpwtB5I8AKLuPaUGZoTNtILUM582OC4dptXS7hQ/640?wx_fmt=jpeg|https://mmbiz.qpic.cn/mmbiz_jpg/FtybiabQKpeM7rl0J38TBneJoicyN9fDsmofqDpeG6rGOiaqib6Lib6HzRn7EXQhprPc4W638FEZbxIuGmufEVibdic4w/640?wx_fmt=jpeg|https://mmbiz.qpic.cn/mmbiz_jpg/FtybiabQKpeM7rl0J38TBneJoicyN9fDsmsQBibT2ibx0iay8cibNSSoLbCqLlICjwJmmTF7B9WWfIKAzXGbPNaROt2g/640?wx_fmt=jpeg|https://mmbiz.qpic.cn/mmbiz_jpg/FtybiabQKpeM7rl0J38TBneJoicyN9fDsm5iaXhw8oFwVb95nnaE3S0vBlMb4SMB4ibwD1My1McWx0laRb8wGUtP8g/640?wx_fmt=jpeg|https://mmbiz.qpic.cn/mmbiz_jpg/FtybiabQKpeM7rl0J38TBneJoicyN9fDsmmHicibM8Kd4MWltEf5wT99X2TzaibfA5pFWvvk2pu1rzYKxKIS5Veq2mA/640?wx_fmt=jpeg|https://mmbiz.qpic.cn/mmbiz_jpg/FtybiabQKpeM7rl0J38TBneJoicyN9fDsmH9rkfTb1JtHLNKnpNyGwbLQZ9WZlpayOicpoAeW3vC7ciayyGXQxIraw/640?wx_fmt=jpeg|https://mmbiz.qpic.cn/mmbiz_jpg/FtybiabQKpeM7rl0J38TBneJoicyN9fDsmgD3Ka2jjwZ54w0LpQLsqg4S7XDic5YXib8wmSibck1wcL1J8kR2JSgWxQ/640?wx_fmt=jpeg|https://mmbiz.qpic.cn/mmbiz_jpg/FtybiabQKpeM7rl0J38TBneJoicyN9fDsmsK8iarUlpDicuOwuib95WJm0IFA7SChlaanfFIjnngaWAjUsgfPoraiaew/640?wx_fmt=jpeg|https://mmbiz.qpic.cn/mmbiz_jpg/FtybiabQKpeM7rl0J38TBneJoicyN9fDsmvicydXbaS8TKu6lmldPWphBzrt1GzqStSsRfYia0fcbDASPqAMyRukmQ/640?wx_fmt=jpeg|https://mmbiz.qpic.cn/mmbiz_jpg/FtybiabQKpeM7rl0J38TBneJoicyN9fDsmPVPib2GKcDoB4mH70Aq2WYgxHib8hUZiaqCynloeou2UwrcT0p8cV2OWA/640?wx_fmt=jpeg|https://mmbiz.qpic.cn/mmbiz_jpg/FtybiabQKpeM7rl0J38TBneJoicyN9fDsmZtwwWia2Pum0J72icDdFwUX8X33jGQ9zc2Acwt85gQUicoJSq7lB3aZ1w/640?wx_fmt=jpeg|https://mmbiz.qpic.cn/mmbiz_jpg/FtybiabQKpeM7rl0J38TBneJoicyN9fDsmP4oibaQc0ES1CucYQTdgX2txw3yq8VqsX1xiblD9l2KJf9l7VZ4scM7w/640?wx_fmt=jpeg|https://mmbiz.qpic.cn/mmbiz_jpg/FtybiabQKpeM7rl0J38TBneJoicyN9fDsm28ica02xCzVJNSsfbsXTyJko41UO7yUjGZqGwENRJpXWtCVWxLfaqKg/640?wx_fmt=jpeg|https://mmbiz.qpic.cn/mmbiz_jpg/FtybiabQKpeM7rl0J38TBneJoicyN9fDsmFsv76T9oZE16TibPib4N6M4xiaU8tO1ib96CqnibxSuFuky8g1PbsHRVSmw/640?wx_fmt=jpeg|https://mmbiz.qpic.cn/mmbiz_jpg/FtybiabQKpeM7rl0J38TBneJoicyN9fDsmPL5iagzNiaibF6XiadxGeNleZSicsQQl1EW7YfahRsQsia0gdsBqT1x2g4PQ/640?wx_fmt=jpeg|https://mmbiz.qpic.cn/mmbiz_jpg/FtybiabQKpeM7rl0J38TBneJoicyN9fDsmRkLrcgSicYAQC0I41CIwoYpYcXLGbsMibuegtwwfWkj70VAicKHchoYhQ/640?wx_fmt=jpeg|https://mmbiz.qpic.cn/mmbiz_jpg/FtybiabQKpeM7rl0J38TBneJoicyN9fDsmRhbygLfUC6yat0ibiaVgnYQ7pTT2UDhgfgznSUpCKPuqzn8vqfiaHpdTg/640?wx_fmt=jpeg|https://mmbiz.qpic.cn/mmbiz_jpg/FtybiabQKpeM7rl0J38TBneJoicyN9fDsmeCQl1ibhA9WHWwXP09GL7791Xxf0icfYyNO1cuQQ6EHWu3kCYaia0ZWXA/640?wx_fmt=jpeg|https://mmbiz.qpic.cn/mmbiz_jpg/FtybiabQKpeM7rl0J38TBneJoicyN9fDsmcZCED2briaagNibiaUcXl1scLIfiag3AMQUs9l8OUsbspEQTIXyxBTFDUg/640?wx_fmt=jpeg|https://mmbiz.qpic.cn/mmbiz_jpg/FtybiabQKpeM7rl0J38TBneJoicyN9fDsmdzuRtFZ4RCgWW2xnIzVllfJzdZvXWR7pQlZV2KjqADbMhv8IOb3Ggg/640?wx_fmt=jpeg|https://mmbiz.qpic.cn/mmbiz_jpg/FtybiabQKpeM7rl0J38TBneJoicyN9fDsm4zyG7O0VZOicsqt35RPBntL67fDxdr1BHP6nYbgSfgVO7iahemglBDgw/640?wx_fmt=jpeg|https://mmbiz.qpic.cn/mmbiz_jpg/FtybiabQKpeM7rl0J38TBneJoicyN9fDsmMibjvHdyr1N0P9LGSKsBZP6bOyFYj4mUZIOEDahI94yClmMKKQk5MKQ/640?wx_fmt=jpeg|https://mmbiz.qpic.cn/mmbiz_jpg/FtybiabQKpeM7rl0J38TBneJoicyN9fDsm7s4f08mVk95WrroY3rMZnupD8tbkTCqKDPgxvNnoEI8EEicUjibKSS1g/640?wx_fmt=jpeg|https://mmbiz.qpic.cn/mmbiz_jpg/FtybiabQKpeM7rl0J38TBneJoicyN9fDsmiad7kq4l5LksfcA8t0kP3MOakFpxchDJCEP7oicKwhg3NzqZ6LTezblQ/640?wx_fmt=jpeg|https://mmbiz.qpic.cn/mmbiz_jpg/FtybiabQKpeM7rl0J38TBneJoicyN9fDsmAexQyzEIOq5DyN811nKeaSG2I70aTiacbL358s09Xsylpyol9pRI0Fw/640?wx_fmt=jpeg|https://mmbiz.qpic.cn/mmbiz_jpg/FtybiabQKpeM7rl0J38TBneJoicyN9fDsmCm4p7Q46h3DAB8WBuavmt1uR0N2IOyNghAxcLNv0vxiaJJyLibxtKDnA/640?wx_fmt=jpeg|https://mmbiz.qpic.cn/mmbiz_jpg/FtybiabQKpeM7rl0J38TBneJoicyN9fDsmbB17Fx3aSDl0aDahqFojxWq1LFw0LDl9lCvibQVAV6eUz3sBiaKpR5vA/640?wx_fmt=jpeg|https://mmbiz.qpic.cn/mmbiz_jpg/FtybiabQKpeM7rl0J38TBneJoicyN9fDsmeJmLNE3xmvdBeRFF1CjbheatHDwqXykbOsFGoDkUlWMglpS3zfAVVw/640?wx_fmt=jpeg|https://mmbiz.qpic.cn/mmbiz_jpg/FtybiabQKpeM7rl0J38TBneJoicyN9fDsm2yQ1G6elaaIhHNibVLeqF7qVYwUr7CrlY6Et9XZZXtjRFBAMZCdic4dw/640?wx_fmt=jpeg|https://mmbiz.qpic.cn/mmbiz_jpg/FtybiabQKpeM7rl0J38TBneJoicyN9fDsmd1kP6eIHLg4U7dklVicMB4gTc7ic5icdy0hEZesOEd8hUibicKJCxWTMW3A/640?wx_fmt=jpeg|https://mmbiz.qpic.cn/mmbiz_jpg/e2zTaesj4SPdicZWiboY0zq0yDxm7DgBuhCAbmFwuFv3CmXj3k47EOH2HLEGKmbn3t92PSibqCQ3tM67Ryex3wWvg/640?wx_fmt=jpeg]]></image>
</data>
