<data>
  <id><![CDATA[126765002]]></id>
  <url><![CDATA[https://mp.weixin.qq.com/s?timestamp=1537947825&src=3&ver=1&signature=v6SVkUGz4*u2ygI2jDM64P0h6XSPXRMW0bCBgdC6NxpKJp1SL*6y3zXI*Gtm44PzQ6CMB4MyBnJKjaLC0kwlAauO7Kcf4LSq63pJ8ACjnjfA3verqPIh3HGvTirk2VzruaoHOcbC2*mZEiWfNMt7A2PbDI5eWsoTOS-Z*1bHjD4=]]></url>
  <title><![CDATA[十一国庆小长假，热门旅游线路大汇总]]></title>
  <content><![CDATA[热门旅游线路大汇总]]></content>
  <author><![CDATA[唐唐假期]]></author>
  <time>2018-09-26 16:18:24</time>
  <account><![CDATA[tangtangaini0516]]></account>
</data>
