<data>
  <id><![CDATA[]]></id>
  <url><![CDATA[http://mp.weixin.qq.com/s?src=11&timestamp=1538410478&ver=1156&signature=pU0EXXhgEBhmx9M31JGQtZeafZjg2f1mga3sJ9c6T3WVwCg*KxwS*ICnVjcX8-kDSMAspFRcGQJlbUz9hEDEpnqlLquZtdMTBSYWJHvc*Y4hb6gF-bcj26UCqtPdiOMt&new=1]]></url>
  <title><![CDATA[读书摘记（三）]]></title>
  <content><![CDATA[读书摘记（三）物价上涨是纸币超发的结果，是货币贬值的信号，也因此，当CPI持续上涨且涨速加快时，很多人出于对财富缩水的恐惧心理，会积极买房，把纸币换成资产。在这种情况下的购房行地为，实际上相当于被动的投机，这时候的房屋其实已经变成了存款的一种存在形式，确切地说，就是一种金融产品。其功能由相应的居住为主导变成以财富的另一种存在形式为主导。美元作为世界第一大货币，一直在源源不断地涌向全球。但是，近年来，美国的通货膨胀并不严重，除了大约70%的美元在美国以外的国家流通外，与美国的高科技领域对货币的吸纳作用也密切相关。新技术为企地业发展注入了勃勃生机和活力，加大了货币的需求和吸纳。]]></content>
  <author><![CDATA[曹大姐选房]]></author>
  <time>1537405449000</time>
  <account><![CDATA[cdjxf986]]></account>
</data>
