<data>
  <id><![CDATA[50653293]]></id>
  <url><![CDATA[http://mp.weixin.qq.com/s?src=11&timestamp=1538410478&ver=1156&signature=vdaIP4YrDj6A87IBo9ZurRw---lWx*da5wNA1Ounpi7*ZnaKjCgEEtlfE7OqIKazuXwxwrKPoXugM9yjRItr-6lv-Dio83CDeT2cNyef2OqfkNKtFJTbS5sPjlpNYMAo&new=1]]></url>
  <title><![CDATA[《读书》新刊：2018年第10期目录+封面]]></title>
  <content><![CDATA[微信ID:sanlianshutong『生活需要读书和新知』本期目录短长书韦伯与《经济与社会》　　施寒微王弼的悖论认知　　贺学耘　唐少君鲁迅致普实克书信文稿回归钩沉　　葛涛江晓原　穆蕴秋　　科学出版乌托邦：从开放存取到掠夺性期刊（下）沈卫威　　“ 流亡学生”齐邦媛、王鼎钧对历史的见证李行健　仇志群　　双言现象与语言差异的层次性杨立华等　　如何让哲学说中国话曹冬雪　黄荭　　安托瓦内特·福克与法国均等运动张学广　　哲学与人生的契合宋念申　　“ 凯镇九人”事件五十年程　龙　　密歇根湖畔的热河 “金庙 ”李　强　　斯金纳的“语境”孔　元　　康托洛维茨的两个身体品书录迈向“世界文论”的坚实一步（顾明栋）·田园将芜（李锐）·一本迟到的游记：许理和的中国行（刘握宇）胡其柱　　蔡锡勇和他的《美国合邦盟约》杨　钊　　蒋廷黻的博士论文陈天助　　什么风把你吹来：从福建到东南亚李庆西　　祥瑞与灾异 老读三国瞿　骏　　钱穆与《学灯》读书短札苏轼之畏　北窗读记（刘涛）刘以林　　漫画王　蒙　康笑宇　　文墨家常长按二维码关注《读书》▼点击下方 阅读原文 购买《读书》新刊----生活需要读书和新知----ID:sanlianshutong▲长按二维码即可订阅----▲回复好文，阅读更多专题文章▲回复听课，了解书店里的大学公开课]]></content>
  <author><![CDATA[三联书店三联书情]]></author>
  <time>1537848875000</time>
  <account><![CDATA[sanlianshutong]]></account>
</data>
