<data>
  <id><![CDATA[67693169]]></id>
  <url><![CDATA[https://mp.weixin.qq.com/s?timestamp=1542262478&src=3&ver=1&signature=to5HIXOGi6yHsX-LCacvWSXC4r5Fy0CulqLGm9WZxapJeQwntYEJ1r43bFuW88e1NXVoZV7ZwO10B8RM7-dVIUkGFA8YC7jJKHyE*7QmwRp4v0H0dZBJpteIqzS3A-ZzP3GrVNCLZv9cWMVFOas2D4caeToxvhwxsaijDbLh*a0=]]></url>
  <title><![CDATA[IG夺冠！追梦路上，如何守护我们的健康？]]></title>
  <content><![CDATA[最近！王思聪吃热狗的表情包被疯转！朋友圈同时被两个字母刷屏！恭喜IG夺冠！腾讯体育曾经采访过IG战队，他们每天训练时间长达12小时，扣除睡觉8小时，吃饭洗澡，从家里赶到公司训练，有时还遇上堵车，往往都是匆匆忙忙，不说身体上的疲累，哪怕想运动一下都抽不出时间。其实不止电竞行业，每个行业都存在超长时间工作的现象，有的行业甚至比IG训练的时间还要长。那么在追梦路上辛苦工作的我们，如何守护我们的健康呢？超时长工作的五大健康“杀手”01【真硬颈】颈部长时间不活动，使颈椎生理曲度改变02【屏幕眼】眼睛干涩，视觉疲劳03【鼠标手】手指麻木，疼痛无力04【空调肺】反季节感冒，易感肺炎05【玻璃胃】饮食不定时，胃疼胃胀对付“健康杀手”有妙招01保持正确坐姿，背部挺直，肩部自然下垂，可放肘部两侧。椅子过软可能压迫前列腺；背部加一靠垫，可减少腰部压力；不翘二郎腿。02每小时站立一次，站立时，心率平均每分钟会加快10次，人体每分钟能多燃烧0.7千卡热量，1小时则是50千卡。起来倒一杯水或走廊里转一转，呼吸下新鲜空气，做些简单适度的活动，如扩胸运动、伸懒腰、踮脚尖，有利于人体的血液循环、消除胃胀气和肺部的健康。03拒绝外卖、垃圾食品，按时就餐；在办公桌上储存一些零食，以防饥饿之需；改掉狼吞虎咽的习惯，防止胃部消化不良。守护自己的健康一定要用最正确的方式方法，关注《醴陵健康》就是关注自己的健康！😃小伙伴们，想要了解更多的健康知识，我们很专业，更全面~对了，还有一个好消息要跟大家分享。咱们大醴陵有个80多人的健康教育讲师团，只要您的社区、镇村、企业、学校、机关等需要普及健康知识，欢迎与我们联系，我们将派出专家讲师为您免费开讲！《健康大讲堂》预约、咨询电话：23337115，13974191200健康教育课程内容安排表供稿：市疾控预防控制中心编辑：刘织平责编：李欣钰审核：张静文《醴陵健康》编辑整理，转载请注明来源！醴陵市卫计局官方微信平台普及健康知识发布卫计动态传播行业正能量推动健康醴陵建设宣传股电话：0731-22356722点击“阅读原文”，进入醴陵市卫计局官方网站]]></content>
  <author><![CDATA[醴陵健康]]></author>
  <time>2018-11-07 17:20:18</time>
  <account><![CDATA[llweiji]]></account>
  <image><![CDATA[https://mmbiz.qpic.cn/mmbiz_gif/PuonlpSMs4GNAmy6RpRzTNJRc20cFDgqF6wzv4cBnHWLtq5hHgiaBgHWVgBsSDULzVGD9frEZFhNSB7BKHUmhsA/640?wx_fmt=gif|https://mmbiz.qpic.cn/mmbiz_png/PuonlpSMs4Hwf5fZqoYpEhgaO0xDCkG2wWyvktdZLEsSUfDMtFreQ2ibMbrIpHbt50MheEr1fobZJgjdSgQMtWw/640?wx_fmt=png|https://mmbiz.qpic.cn/mmbiz_png/Ljib4So7yuWgt9eshAyI7iae12yHZCnY5BQN9XOAiaSgrw0u0cLXcyYSw9sn16KpiaYhDKS0wwdGxztBCl0iagGEibqA/640?wx_fmt=png|https://mmbiz.qpic.cn/mmbiz_png/PuonlpSMs4Hwf5fZqoYpEhgaO0xDCkG2wZq7XuCYl3za3ib4ybTVWpjR5Z6jRSIs2SHQdOicKVf2ia5QMEfPHoBmQ/640?wx_fmt=png|https://mmbiz.qpic.cn/mmbiz_png/PuonlpSMs4Hwf5fZqoYpEhgaO0xDCkG2aNlhhFpJYsId8Bqm68EFy39mibShLSV8DVpThoHG7kAKFiaTa68j3ibjg/640?wx_fmt=png|https://mmbiz.qpic.cn/mmbiz_png/PuonlpSMs4Hwf5fZqoYpEhgaO0xDCkG2vbV0mPN4PVRQDZk7fIRqBhBfiaAjNic140tm23nxOIb8mbaSlJojS92Q/640?wx_fmt=png|https://mmbiz.qpic.cn/mmbiz_png/PuonlpSMs4Hwf5fZqoYpEhgaO0xDCkG2ZUiczdNCGJtu28iaHdYC7lWy8KUcCJuTdIvJO0ZPWuUUJ51s4uyjssjA/640?wx_fmt=png|https://mmbiz.qpic.cn/mmbiz_png/PuonlpSMs4Hwf5fZqoYpEhgaO0xDCkG2SD5nR9tGeQic77jMJibL0UZkxZW4NeGSaFHGrtmG6SkqVhkBs2iaQNElw/640?wx_fmt=png|https://mmbiz.qpic.cn/mmbiz_png/PuonlpSMs4Hwf5fZqoYpEhgaO0xDCkG298aL0djgZp8mIyQ6LW5Vh3chDE1hCAbVsHJJTZfa7no1XOWpt07l6w/640?wx_fmt=png|https://mmbiz.qpic.cn/mmbiz_png/PuonlpSMs4Hwf5fZqoYpEhgaO0xDCkG2On6xr2Coaag7JWYEbl3RibVzicccX71eXm3R5BPP5RicqmOaHQrNHric7A/640?wx_fmt=png|https://mmbiz.qpic.cn/mmbiz_png/PuonlpSMs4Hwf5fZqoYpEhgaO0xDCkG210XqcibPWEhzoWI6QowicePIFjQm1hB21FesEHz8QVu39ibaEhVDgvk2w/640?wx_fmt=png|http://mmbiz.qpic.cn/mmbiz_png/Ljib4So7yuWgt9eshAyI7iae12yHZCnY5BQN9XOAiaSgrw0u0cLXcyYSw9sn16KpiaYhDKS0wwdGxztBCl0iagGEibqA/640?wx_fmt=png|https://mmbiz.qpic.cn/mmbiz_jpg/PuonlpSMs4Hwf5fZqoYpEhgaO0xDCkG2ARcoNliafc63BNib1mGuMxQ1x06j2mjzQ5Y40D5lqSoUcW3w8FpeWfTg/640?wx_fmt=jpeg|https://mmbiz.qpic.cn/mmbiz_png/ianq03UUWGmKXAE112VF34vSftSGzVkt0onXiboDus3YQE5rjh9VpYzVWn4F3mbmQWGeS90H5Fwl8ItcIhwNic4rw/640?wx_fmt=png|http://mmbiz.qpic.cn/mmbiz_jpg/PuonlpSMs4H4ayzJDIobztWbGn60ib4ycodydJPrdyg55InnOHcicLsMKJy0fRxr8tg9TElbzYGiatzgVoYzB3YEQ/640?wx_fmt=jpeg|http://mmbiz.qpic.cn/mmbiz_jpg/PuonlpSMs4H4ayzJDIobztWbGn60ib4ycp4nuLbFN3Y93D3S8cflLibO7yVJWuYODAnul4FFG9YKXIEp1OLz9qrg/640?wx_fmt=jpeg|https://mmbiz.qpic.cn/mmbiz_gif/v4vz52CcB11ibGD4rMl7qABQbGHsHYzrAA3ibRDiaBS4LhhoJLnM32KuM5UmnmRMajOtMP51QSzUPZ1ibwzwC5LYmQ/640?]]></image>
</data>
