<data>
  <id><![CDATA[67693169]]></id>
  <url><![CDATA[https://mp.weixin.qq.com/s?timestamp=1542262478&src=3&ver=1&signature=to5HIXOGi6yHsX-LCacvWSXC4r5Fy0CulqLGm9WZxapJeQwntYEJ1r43bFuW88e1NXVoZV7ZwO10B8RM7-dVIWHI7kFIYaW7lCIJ6cubesi2yP-MqI*lKwFze1cwAp-UT4qj5M0nTK6mKHr0sWsX-rOMGHHu7rV6YtodtGOKcOw=]]></url>
  <title><![CDATA[全民禁毒全民参与我为无毒醴陵助力]]></title>
  <content><![CDATA[「 爱 生 命，不 吸 毒！」醴陵的小伙伴们如果接到12340或8258****千万别急着挂  这是省禁毒满意度调查电话您被选为醴陵市的形象代言人请认真接听 公正回答为醴陵点赞！★  听清电话：请您耐心听对方说完，发现是禁毒民调电话请耐心配合回答。★ 分清时间界限：禁毒民调每半年进行一次，您在回答问题时只需要回答近半年来的情况，去年和以前发生的事已经调查过了。★ 不要用方言回答：省禁毒民调中心的调查员无法使用方言与您交流。★ 正确客观评价打分：评价要客观公正，表达恰当，避免使用还可以、差不多等表述不明确的词，满意请给予10分好评，如果觉得还有待完善，给予9分评价也是您对醴陵禁毒工作的关心和鞭策。满意度调查问卷是这样的近半年来，您居住地周围有没有吸毒贩毒现象？没有或者越来越少。醴陵市委、市政府坚持重拳出击惩治毒品犯罪。2018年，公安部门紧抓制毒犯罪、零包贩毒、以贩养吸等突出问题，深入开展“两打两治”、“净边行动”、“百日会战”、“冬春攻势”、“夏秋攻势”等专项行动，共破获毒品刑事案件137起，逮捕直诉125人，治安拘留437人，强制戒毒143人。您居住地周围开展的禁毒宣传教育活动对您有启发和帮助吗？有帮助。细心的您肯定注意到电视上、电台里、公交车上、路灯上、路牌上、电梯里到处都有我们的禁毒知识和标语，2018年醴陵禁毒宣传实现全覆盖。市禁毒委组织开展了禁毒骑行、我为“无毒醴陵代言”、“无毒驾驶万里行”、“6.26”国际禁毒日文艺晚会等大型系列主题宣传活动，发放各类禁毒宣传资料60余万份。醴陵禁毒委公众号开辟禁毒课堂，全市11万中小学生在线学习禁毒知识。您周边的吸毒人员有没有人进行管理？有人管。2018年，我市开展吸毒人员摸底排查行动，各镇街道禁毒办联合辖区派出所对在册的所有吸毒人员做到100%见面、100%知下落、100%纳入管控。我市各镇、街道都设立了禁毒办公室，各村（居）成立了社区戒毒康复工作站，负责对吸毒人员进行管理和教育，并组织志愿者协会参与吸毒人员管教和帮扶，实现了全社会齐抓共管的良好格局。您是否参加过禁毒活动？（如开展禁毒宣传、帮助吸毒人员、举报涉毒违法犯罪等）参加过。全民禁毒全民参与。我们每一位醴陵人都是“无毒醴陵”的代言人，都愿意为禁毒贡献自己的力量。2018年，市禁毒办在全市寻找“无毒醴陵代言人”，各行各业3万余人参与其中；暑期开展的禁毒社会实践活动，全市11万余中小学生在家长的陪同下学习了禁毒知识；各镇、街道、志愿者协会共开展禁毒宣传教育活动300余场。请您对本地政法部门打击毒品犯罪的效果进行评价10分评价。如果您愿意，请给予我们10分的鼓励，如果您觉得该项工作还有待完善，给予9分评价也是您对禁毒工作的关心和鞭策，我们承诺毒品一日不除，禁毒斗争一天不会松懈！请您对本地禁毒工作的整体满意度进行评价10分好评！近年来，醴陵市一直把禁毒工作作为党政"一把手"工程，多次召开政府常务会议专题研究禁毒工作，将市禁毒委成员单位及镇街道禁毒工作纳入综治考评、政府绩效评估，领导干部政绩考核，文明城市创建指标体系。通过前面您对醴陵市禁毒工作的全面了解拜请您积极配合省民调工作为家乡点赞共创绿色无毒、文明富足、平安稳定的生活环境珍爱生命 拒绝毒品涉毒举报有奖电话  110或23268952来源：醴陵禁毒委醴陵市卫计局官方微信平台普及健康知识发布卫计动态传播行业正能量推动健康醴陵建设宣传股电话：0731-22356722点击“阅读原文”，进入醴陵市卫计局官方网站]]></content>
  <author><![CDATA[醴陵健康]]></author>
  <time>2018-11-10 14:03:18</time>
  <account><![CDATA[llweiji]]></account>
  <image><![CDATA[https://mmbiz.qpic.cn/mmbiz_gif/PuonlpSMs4GNAmy6RpRzTNJRc20cFDgqF6wzv4cBnHWLtq5hHgiaBgHWVgBsSDULzVGD9frEZFhNSB7BKHUmhsA/640?wx_fmt=gif|https://mmbiz.qpic.cn/mmbiz_gif/GtWwdCwkv7GFibw2nyFhcye46c1b1N9l1ic5q13Gauib5BuSpqib405Jw3C8UESBiaZiakAWv9gmvL4oXwG6S3oJjXmQ/640?wx_fmt=1|https://mmbiz.qpic.cn/mmbiz_gif/ARScHV7kSZF0N6KOLCUVziaf3IgpsjS77boWAB1b7f4TmjQOZNciamS9SSfPYrWKOPuyxu4N3kJj8sburaKASCOA/640?wx_fmt=gif|https://mmbiz.qpic.cn/mmbiz_jpg/8Su7DMojfAlaOhtSEnOrxazy4IgfHDYMG0JtOj1w4GrPUjagVhKVKLlJyzCzbfu3d73cwrgibtYUeVGEglRURpQ/640?wx_fmt=jpeg|https://mmbiz.qpic.cn/mmbiz_jpg/8Su7DMojfAlaOhtSEnOrxazy4IgfHDYM6UCQI2m7qJRl8frZnBUr6YVV1xBBdosL8luzslAmkm5WzdPPcRT6kA/640?wx_fmt=jpeg|https://mmbiz.qpic.cn/mmbiz_jpg/8Su7DMojfAlbWw3H7DznhB0ekCxAKjK7wM8m3XmCa11GpgJfUjABDXicxpGKEBiaicpGBEjjVmevXkmF7GCxdYhibA/640?wx_fmt=jpeg|https://mmbiz.qpic.cn/mmbiz_jpg/8Su7DMojfAlpFiavChOvmEAQPPYJwHgibMlrVnWsvicLKiaiaR9Gt45TBA8Gic6LBaoiaUiaW8TYV758PnBh3GRStgpTYQ/640?wx_fmt=jpeg|https://mmbiz.qpic.cn/mmbiz_jpg/8Su7DMojfAnaqZcjCQ1XkLogp5ZKFs9EqhaeAhobWYdDPVRibNW9dMOb8nV8Xol2XhamC6z7oicM9E5p9fkF4aPw/640?wx_fmt=jpeg|https://mmbiz.qpic.cn/mmbiz_jpg/8Su7DMojfAnaqZcjCQ1XkLogp5ZKFs9ERhVf3azZyOiacHMw3tv7rd79G5sUVRLlbFRaCfOkoZHibulxlqCMkBrg/640?wx_fmt=jpeg|https://mmbiz.qpic.cn/mmbiz_jpg/8Su7DMojfAnWEzbW8QxVxE320uJHUqWl2hibfPpaPWTiayVwqJ87KicOdSRTU869ALRsL9ZbfOfSJAXI3dVTwLD7g/640?wx_fmt=jpeg|https://mmbiz.qpic.cn/mmbiz_jpg/8Su7DMojfAlbWw3H7DznhB0ekCxAKjK7ibFgJ0AJ1QGpSNV5VLx7qYRCl8KghIvxsia2ZicxCYPjQcNfSd2kmyUBw/640?wx_fmt=jpeg|https://mmbiz.qpic.cn/mmbiz_jpg/8Su7DMojfAmGMG1Icw2msf2I9wGibXm8Lw4zsSRhBVYpY9zwGWuJ9t5hZfnic0L1LmUU16m6EwQ8VjgXlMZ63p7w/640?wx_fmt=jpeg|https://mmbiz.qpic.cn/mmbiz_jpg/8Su7DMojfAncFMlM6tRZ8jbrA5ajs09msOV0WMHzmnPt1vwUvzibD4oHs31rAu9B5dzCWia7wJZ5Oox4IItY93cg/640?wx_fmt=jpeg|https://mmbiz.qpic.cn/mmbiz_jpg/8Su7DMojfAncFMlM6tRZ8jbrA5ajs09mzmLgMvxdde6tR4ic8StSNEAlOr18Tb8F4RAibTs10392l0Ct9fz44awg/640?wx_fmt=jpeg|https://mmbiz.qpic.cn/mmbiz_jpg/8Su7DMojfAnBaVEF3gLIGIKDibHwgoen2aMQzKP1s4umtH88ibib7ckv50XC9rqylomNbh9tATn9xadVsflO05LJQ/640?wx_fmt=jpeg|https://mmbiz.qpic.cn/mmbiz_jpg/8Su7DMojfAlDW1tttFd3OCaJLYrhLRAibI6mCurdFGqicSHPCAKxKjHWgqcbaco2EMBm1ZEVs6A9GsbOk9R4rcUA/640?wx_fmt=jpeg|https://mmbiz.qpic.cn/mmbiz_jpg/ARScHV7kSZF0N6KOLCUVziaf3IgpsjS77KZNsUDqPwn68QzNoWz6dfSHrNsLbgqctJB3ERHo0cARnYMib0iaD3ZQQ/640?wx_fmt=jpeg|https://mmbiz.qpic.cn/mmbiz_jpg/8Su7DMojfAmBHW7vMFC7LvnZeq29dagFLWJSA0STYXCG2iaEWsDvToclwNeuSJlX45a7t27khzsJiceZ9aP8Y4qQ/640?wx_fmt=jpeg|https://mmbiz.qpic.cn/mmbiz/Ljib4So7yuWhJrUnSQ1N4f5iaSq5RkHDWoYVOX04Dicsnqbm17s62tiaMPGOvv5WibSq4q2pib5lwjwxCic6U4hR0BVAA/640?wx_fmt=other|https://mmbiz.qpic.cn/mmbiz/Ljib4So7yuWhJrUnSQ1N4f5iaSq5RkHDWojAsdHVOcFGoibf1CiaHtpsG4N6jY5lSOicwHpJBTyNY2X9SwSialicFv23w/640?wx_fmt=other|https://mmbiz.qpic.cn/mmbiz_png/Ljib4So7yuWhx26UJJN4V6VNLFXOhiaRBMu5r1Ryv5jmzgyh3Ppf3LMHRjjTacbLSaG6zcbmQnvpsn6REzUCf1gw/640?wx_fmt=png|https://mmbiz.qpic.cn/mmbiz_png/ianq03UUWGmKXAE112VF34vSftSGzVkt0onXiboDus3YQE5rjh9VpYzVWn4F3mbmQWGeS90H5Fwl8ItcIhwNic4rw/640?wx_fmt=png|http://mmbiz.qpic.cn/mmbiz_jpg/PuonlpSMs4H4ayzJDIobztWbGn60ib4ycodydJPrdyg55InnOHcicLsMKJy0fRxr8tg9TElbzYGiatzgVoYzB3YEQ/640?wx_fmt=jpeg|http://mmbiz.qpic.cn/mmbiz_jpg/PuonlpSMs4H4ayzJDIobztWbGn60ib4ycp4nuLbFN3Y93D3S8cflLibO7yVJWuYODAnul4FFG9YKXIEp1OLz9qrg/640?wx_fmt=jpeg|https://mmbiz.qpic.cn/mmbiz_gif/v4vz52CcB11ibGD4rMl7qABQbGHsHYzrAA3ibRDiaBS4LhhoJLnM32KuM5UmnmRMajOtMP51QSzUPZ1ibwzwC5LYmQ/640?]]></image>
</data>
