<data>
  <id><![CDATA[67693169]]></id>
  <url><![CDATA[https://mp.weixin.qq.com/s?timestamp=1542262478&src=3&ver=1&signature=to5HIXOGi6yHsX-LCacvWSXC4r5Fy0CulqLGm9WZxapJeQwntYEJ1r43bFuW88e1NXVoZV7ZwO10B8RM7-dVIUkGFA8YC7jJKHyE*7QmwRr5B-yFk5ZAfqOSxZF5QeBL4ijiqia56H1zZBVVSm2gw3Tu-Yrk1dnBkn53EgBOxQM=]]></url>
  <title><![CDATA[我家有医生|立冬养生不得病，教你“6个三”进补法！]]></title>
  <content><![CDATA[11月7日是二十四节气“立冬”，这意味着冬天的正式来临！冬天来了，是不是巴不得每天窝在家里，吹着暖气，烤着电炉？但是，俗话说“立冬补冬”，《我家有医生》要告诉大家，立冬是养生的最佳时间，那么立冬之后如何进补呢？“6个三”进补法，让你整个冬天不生病，健康保平安！来源：人卫健康醴陵市卫计局官方微信平台普及健康知识发布卫计动态传播行业正能量推动健康醴陵建设宣传股电话：0731-22356722点击“阅读全文”，进入醴陵市卫计局官方网站]]></content>
  <author><![CDATA[醴陵健康]]></author>
  <time>2018-11-07 17:20:18</time>
  <account><![CDATA[llweiji]]></account>
  <image><![CDATA[https://mmbiz.qpic.cn/mmbiz_gif/PuonlpSMs4GNAmy6RpRzTNJRc20cFDgqF6wzv4cBnHWLtq5hHgiaBgHWVgBsSDULzVGD9frEZFhNSB7BKHUmhsA/640?wx_fmt=gif|https://mmbiz.qpic.cn/mmbiz_jpg/PuonlpSMs4Hwf5fZqoYpEhgaO0xDCkG2OZu2EHPyqDRVsyQJ3APiblv1acZpkVzj6lXJWJlvRdjxicO5VA1Ptz3g/640?wx_fmt=jpeg|https://mmbiz.qpic.cn/mmbiz_png/PuonlpSMs4Hwf5fZqoYpEhgaO0xDCkG29F3vdib8Pp2uVk3veA1ph19CzmnDDBVFVqNgZkUR2OZ5vGsPriaP7mGw/640?wx_fmt=png|https://mmbiz.qpic.cn/mmbiz_jpg/PuonlpSMs4Hwf5fZqoYpEhgaO0xDCkG2azjz0UcvmJL77FHyfCfWG6ellXYEiciciaqVWwuHAicFdxzMTVazfM4dEQ/640?wx_fmt=jpeg|https://mmbiz.qpic.cn/mmbiz_jpg/PuonlpSMs4Hwf5fZqoYpEhgaO0xDCkG2dwia6tmiap4cdfCnVbic4sKEtupbSjvS88ykm1tYNzjYyOwsgVuenUdzw/640?wx_fmt=jpeg|https://mmbiz.qpic.cn/mmbiz_jpg/PuonlpSMs4Hwf5fZqoYpEhgaO0xDCkG2ib0gRT71cDIORwk7jh4oE4tGkxMZlRt5uNDrYF9f3L1TvOs7HFu4ojw/640?wx_fmt=jpeg|https://mmbiz.qpic.cn/mmbiz_jpg/PuonlpSMs4Hwf5fZqoYpEhgaO0xDCkG2QnyAEpBgPK05fYzmcDPrDAKNpYvHyg75N50srFMBzR69TqunQAtibqQ/640?wx_fmt=jpeg|https://mmbiz.qpic.cn/mmbiz_jpg/PuonlpSMs4Hwf5fZqoYpEhgaO0xDCkG2dZckl1RMg44B7AuAZ1b6379tP6Iib2sEsdg5F0GSHoaYk8ZV9O3ibdvA/640?wx_fmt=jpeg|https://mmbiz.qpic.cn/mmbiz_jpg/PuonlpSMs4Hwf5fZqoYpEhgaO0xDCkG2esWTPROH9uaic1zQSibbP9YISfLVFMicLphU3DpL2VMJp5HicTuKoEJdNQ/640?wx_fmt=jpeg|https://mmbiz.qpic.cn/mmbiz_png/ianq03UUWGmKXAE112VF34vSftSGzVkt0onXiboDus3YQE5rjh9VpYzVWn4F3mbmQWGeS90H5Fwl8ItcIhwNic4rw/640?wx_fmt=png|http://mmbiz.qpic.cn/mmbiz_jpg/PuonlpSMs4H4ayzJDIobztWbGn60ib4ycodydJPrdyg55InnOHcicLsMKJy0fRxr8tg9TElbzYGiatzgVoYzB3YEQ/640?wx_fmt=jpeg|http://mmbiz.qpic.cn/mmbiz_jpg/PuonlpSMs4H4ayzJDIobztWbGn60ib4ycp4nuLbFN3Y93D3S8cflLibO7yVJWuYODAnul4FFG9YKXIEp1OLz9qrg/640?wx_fmt=jpeg|https://mmbiz.qpic.cn/mmbiz_gif/v4vz52CcB11ibGD4rMl7qABQbGHsHYzrAA3ibRDiaBS4LhhoJLnM32KuM5UmnmRMajOtMP51QSzUPZ1ibwzwC5LYmQ/640?]]></image>
</data>
