<data>
  <id><![CDATA[67693169]]></id>
  <url><![CDATA[https://mp.weixin.qq.com/s?timestamp=1542262478&src=3&ver=1&signature=to5HIXOGi6yHsX-LCacvWSXC4r5Fy0CulqLGm9WZxapJeQwntYEJ1r43bFuW88e1NXVoZV7ZwO10B8RM7-dVIfj-*gZghFq5EZZtHnSfxmtCZzWNUFM-KkoLx16Qr4NcZ-EYdfJYNX82n3e4NgBYdWZXygiPFYqJeKJuvA2eEfk=]]></url>
  <title><![CDATA[我市城区中小学及幼儿园的卫生专项监督检查正在进行时]]></title>
  <content><![CDATA[“采购饮用水时，一定要建立购销台账！”为加强我市学校卫生安全监督管理，有效预防学校突发公共卫生事件的发生，从10月17日开始，市卫计综合监督执法局的工作人员对我市城区的中小学、幼儿园开展卫生专项监督检查，此项工作将持续到11月底。此次主要检查各学校、幼儿园在传染病防控与饮用水卫生方面的问题，查看卫生管理制度是否健全、传染病防控报告制度是否到位、饮水卫生是否安全等。针对存在的问题，执法人员当场出具整改文书，责令限期整改，还将对整改结果进行通报。目前已完成仙岳山街道、来龙门街道的51所中小学及幼儿园的卫生检查。供稿：市卫计综合监督执法局 仙岳山街道卫计办编辑：李玲责编：李欣钰审核：张静文《醴陵健康》编辑整理，转载请注明来源！醴陵市卫计局官方微信平台普及健康知识发布卫计动态传播行业正能量推动健康醴陵建设宣传股电话：0731-22356722点击“阅读原文”，进入醴陵市卫计局官方网站]]></content>
  <author><![CDATA[醴陵健康]]></author>
  <time>2018-11-08 19:48:58</time>
  <account><![CDATA[llweiji]]></account>
  <image><![CDATA[https://mmbiz.qpic.cn/mmbiz_gif/PuonlpSMs4GNAmy6RpRzTNJRc20cFDgqF6wzv4cBnHWLtq5hHgiaBgHWVgBsSDULzVGD9frEZFhNSB7BKHUmhsA/640?wx_fmt=gif|https://mmbiz.qpic.cn/mmbiz_png/Ljib4So7yuWiaDZXibogKRV40pHrx0xQowPIdoOuLmqehmN0EtTUh87MhGZSWxKNcvnqt127s9mmx3ERY2F9RkgMg/640?wx_fmt=png|https://mmbiz.qpic.cn/mmbiz_png/Ljib4So7yuWiaDZXibogKRV40pHrx0xQowPIdoOuLmqehmN0EtTUh87MhGZSWxKNcvnqt127s9mmx3ERY2F9RkgMg/640?wx_fmt=png|https://mmbiz.qpic.cn/mmbiz_jpg/PuonlpSMs4HoANlrZw0M1QsdZmIelw2y2Ugcxjz4GFXeyiaqOj6CPrOayPOUEP9aR7syias1cGoqaOmicia9hrdDRQ/640?wx_fmt=jpeg|https://mmbiz.qpic.cn/mmbiz_jpg/PuonlpSMs4HoANlrZw0M1QsdZmIelw2yOWqm4mmad6b9g7tCmPiaAicN03RmUpV05nMVLRTwxy9HVvPsdZmTlFEg/640?wx_fmt=jpeg|https://mmbiz.qpic.cn/mmbiz_jpg/PuonlpSMs4HoANlrZw0M1QsdZmIelw2yuLBksDyrS1x1NZ4o0nwmkBtiaUUFNzhB729jjZOfPYM4b3owFia5klcg/640?wx_fmt=jpeg|https://mmbiz.qpic.cn/mmbiz_png/Ljib4So7yuWiaDZXibogKRV40pHrx0xQowPIdoOuLmqehmN0EtTUh87MhGZSWxKNcvnqt127s9mmx3ERY2F9RkgMg/640?wx_fmt=png|https://mmbiz.qpic.cn/mmbiz_png/Ljib4So7yuWiaDZXibogKRV40pHrx0xQowPIdoOuLmqehmN0EtTUh87MhGZSWxKNcvnqt127s9mmx3ERY2F9RkgMg/640?wx_fmt=png|https://mmbiz.qpic.cn/mmbiz_png/ianq03UUWGmKXAE112VF34vSftSGzVkt0onXiboDus3YQE5rjh9VpYzVWn4F3mbmQWGeS90H5Fwl8ItcIhwNic4rw/640?wx_fmt=png|http://mmbiz.qpic.cn/mmbiz_jpg/PuonlpSMs4H4ayzJDIobztWbGn60ib4ycodydJPrdyg55InnOHcicLsMKJy0fRxr8tg9TElbzYGiatzgVoYzB3YEQ/640?wx_fmt=jpeg|http://mmbiz.qpic.cn/mmbiz_jpg/PuonlpSMs4H4ayzJDIobztWbGn60ib4ycp4nuLbFN3Y93D3S8cflLibO7yVJWuYODAnul4FFG9YKXIEp1OLz9qrg/640?wx_fmt=jpeg|https://mmbiz.qpic.cn/mmbiz_gif/v4vz52CcB11ibGD4rMl7qABQbGHsHYzrAA3ibRDiaBS4LhhoJLnM32KuM5UmnmRMajOtMP51QSzUPZ1ibwzwC5LYmQ/640?]]></image>
</data>
