<data>
  <id><![CDATA[67693169]]></id>
  <url><![CDATA[https://mp.weixin.qq.com/s?timestamp=1542262478&src=3&ver=1&signature=to5HIXOGi6yHsX-LCacvWSXC4r5Fy0CulqLGm9WZxapJeQwntYEJ1r43bFuW88e1NXVoZV7ZwO10B8RM7-dVIfj-*gZghFq5EZZtHnSfxmvWQPfShe0Yk47D0K5Fy4v-Y3uI63TlzR-4HFO3ik9ZUK*Wnq1GFsGREQIQrzv2Ps8=]]></url>
  <title><![CDATA[我家有医生|村民有了网上“家庭医生”！]]></title>
  <content><![CDATA[编者按：去年5月至今，嘉树镇卫生院充分利用微信平台，创新家庭医生宣传服务方式，建立了9个微信群，让“入群”的3000余名村民有了网上“家庭医生”。《株洲日报》对该项“时髦”举措进行了头版刊发报道。11月3日上午10时，在我市嘉树镇卫生院，趁着诊室没人，全科医生黄淼赶紧拿出手机，点击进入“嘉树卫生院家庭医生三团队微信群”，开启一天的随访工作。周奶奶，您的脚好些了吗？好多了。黄医生，我每天都按你教的方法做呢。“这个周奶奶已85岁，别看她年龄大，微信玩得可溜啦。”黄淼点击着手机屏幕，乐呵呵地向记者“晒”起他这位最年长的群友。周翠珍家住嘉树村荷塘组，患有高血压及腰椎间盘突出。几天前，她发现脚部有些肿胀，赶紧拍了张照片上传到微信群，向自己的家庭医生黄淼问诊。“您这属于静脉曲张，只需把脚倒立，然后涂点止痛膏即可。”很快，黄淼作出诊断并给出指导意见。嘉树镇下辖7个行政村，村民2.5万人，其中孕产妇、0—6岁儿童、慢病患者等6000余人。去年5月，该镇卫生院在我市率先启动家庭医生签约服务，仅三个月时间，便完成所有签约服务。镇卫生院仅有医护人员26名，如何缩短服务距离，实现对每个签约居民“签而有约”？黄淼赶起了时髦，组建了家庭医生签约服务微信群，架起卫生院和村民沟通的新桥梁。对远在江西打工的嘉树镇杉仙村村民黄秋珍来说，这个微信群就像是一颗“定心丸”，能让她第一时间了解父母的健康状况。“父母有个头疼脑热，我在群里一问，医生就会答疑解惑甚至上门服务。”黄秋珍说。供稿：嘉树镇卫生院编辑：李玲责编：李欣钰审核：张静文《醴陵健康》编辑整理，转载请注明来源！醴陵市卫计局官方微信平台普及健康知识发布卫计动态传播行业正能量推动健康醴陵建设宣传股电话：0731-22356722点击“阅读原文”，进入醴陵市卫计局官方网站]]></content>
  <author><![CDATA[醴陵健康]]></author>
  <time>2018-11-08 19:48:58</time>
  <account><![CDATA[llweiji]]></account>
  <image><![CDATA[https://mmbiz.qpic.cn/mmbiz_gif/PuonlpSMs4GNAmy6RpRzTNJRc20cFDgqF6wzv4cBnHWLtq5hHgiaBgHWVgBsSDULzVGD9frEZFhNSB7BKHUmhsA/640?wx_fmt=gif|http://mmbiz.qpic.cn/mmbiz_png/Ljib4So7yuWiaDZXibogKRV40pHrx0xQowPIdoOuLmqehmN0EtTUh87MhGZSWxKNcvnqt127s9mmx3ERY2F9RkgMg/640?wx_fmt=png|http://mmbiz.qpic.cn/mmbiz_png/Ljib4So7yuWiaDZXibogKRV40pHrx0xQowPIdoOuLmqehmN0EtTUh87MhGZSWxKNcvnqt127s9mmx3ERY2F9RkgMg/640?wx_fmt=png|https://mmbiz.qpic.cn/mmbiz_png/PuonlpSMs4HoANlrZw0M1QsdZmIelw2ym1PhlgAgQUTg3w1RLJSicKczLoEcK129dyRuqOpe1icGDK2Zq2XSavLg/640?wx_fmt=png|https://mmbiz.qpic.cn/mmbiz_png/v4vz52CcB13tVdvQWQ05XJ0OHeDcedSOMfNKq3RvHrwmnrqKvfM6EacCwHlvspvLJtMYpavyM9XFUib5MngJibag/640?|https://mmbiz.qpic.cn/mmbiz_png/PuonlpSMs4HoANlrZw0M1QsdZmIelw2yp7CPmjdMh6t706tOjmz3lS2po7GoBgWnibBFPg9xgnGhsribgzUldKbg/640?wx_fmt=png|https://mmbiz.qpic.cn/mmbiz_jpg/PuonlpSMs4HoANlrZw0M1QsdZmIelw2y2pv3MIgRBPiacAWPbQagXk3Wu3Wmic7wBEL4vW0bMia4bRwpKfBicOwicTA/640?wx_fmt=jpeg|https://mmbiz.qpic.cn/mmbiz_png/v4vz52CcB13tVdvQWQ05XJ0OHeDcedSOMfNKq3RvHrwmnrqKvfM6EacCwHlvspvLJtMYpavyM9XFUib5MngJibag/640?|https://mmbiz.qpic.cn/mmbiz_png/PuonlpSMs4HoANlrZw0M1QsdZmIelw2yLZnUuHqCia5MrgPLudF3OzdaVo7iccbRAqU3Gp6oBCUwaG8eibNjfPtyQ/640?wx_fmt=png|https://mmbiz.qpic.cn/mmbiz/ianq03UUWGmKfVhVHzJZuMhn7fo97kMcmpqlANIvCNzX7CgErtgURnElMZaAotdMK3CqbicAmT49BLkqtDvtgOgg/640?wx_fmt=gif|https://mmbiz.qpic.cn/mmbiz_png/PuonlpSMs4HoANlrZw0M1QsdZmIelw2ypKYs3o1zLPGRmiaZ9BXFBicibgqRicH2iaZUOJ9E0Y5p1gP9bLqXMU9bTpw/640?wx_fmt=png|https://mmbiz.qpic.cn/mmbiz_png/PuonlpSMs4HoANlrZw0M1QsdZmIelw2yE7icrsdzk9lHbw0Me84moDURmhichjSa24QLKx5z5iaV5ouwjXYPHfNRw/640?wx_fmt=png|https://mmbiz.qpic.cn/mmbiz/ianq03UUWGmKfVhVHzJZuMhn7fo97kMcmPNFmkz5jdETILDJomJuA26flU9Duu5YwBP0FRUDqR8DdgjeIia0y8Ug/640?wx_fmt=gif|https://mmbiz.qpic.cn/mmbiz_png/PuonlpSMs4HoANlrZw0M1QsdZmIelw2yLZnUuHqCia5MrgPLudF3OzdaVo7iccbRAqU3Gp6oBCUwaG8eibNjfPtyQ/640?wx_fmt=png|https://mmbiz.qpic.cn/mmbiz_png/PuonlpSMs4HoANlrZw0M1QsdZmIelw2ywXGqC0gyr8t3z6tRT8Bibdgvxc1T19t7TK8A0xpIaOvDPzpkoFkW3zQ/640?wx_fmt=png|https://mmbiz.qpic.cn/mmbiz_png/PuonlpSMs4HoANlrZw0M1QsdZmIelw2yb4mohj6BeyZGHxiclicFKgmV0AbcFW344GBOfHWGS0SEdwG56iaSMLDrw/640?wx_fmt=png|https://mmbiz.qpic.cn/mmbiz_png/PuonlpSMs4HoANlrZw0M1QsdZmIelw2y5KJibQb5mibylaicT8cqSDE9hKsNbFkW5TN1jnvC5fGz9z03ScAaYBBfg/640?wx_fmt=png|https://mmbiz.qpic.cn/mmbiz_png/PuonlpSMs4HoANlrZw0M1QsdZmIelw2yLZnUuHqCia5MrgPLudF3OzdaVo7iccbRAqU3Gp6oBCUwaG8eibNjfPtyQ/640?wx_fmt=png|https://mmbiz.qpic.cn/mmbiz_png/PuonlpSMs4HoANlrZw0M1QsdZmIelw2yLZnUuHqCia5MrgPLudF3OzdaVo7iccbRAqU3Gp6oBCUwaG8eibNjfPtyQ/640?wx_fmt=png|https://mmbiz.qpic.cn/mmbiz_jpg/PuonlpSMs4HoANlrZw0M1QsdZmIelw2y3cC8GyKFJqRyeMb76Yx8aHVMbZsEYAic1GD3Eg0BztkB5ZlzZMVN57Q/640?wx_fmt=jpeg|https://mmbiz.qpic.cn/mmbiz_jpg/PuonlpSMs4HoANlrZw0M1QsdZmIelw2yN79n8jTdwelUOyyhiawcrE68r6UiaWN6cxnOr7nGoT7lF4Qu76AhpV4Q/640?wx_fmt=jpeg|https://mmbiz.qpic.cn/mmbiz_png/ianq03UUWGmKXAE112VF34vSftSGzVkt0onXiboDus3YQE5rjh9VpYzVWn4F3mbmQWGeS90H5Fwl8ItcIhwNic4rw/640?wx_fmt=png|http://mmbiz.qpic.cn/mmbiz_jpg/PuonlpSMs4H4ayzJDIobztWbGn60ib4ycodydJPrdyg55InnOHcicLsMKJy0fRxr8tg9TElbzYGiatzgVoYzB3YEQ/640?wx_fmt=jpeg|http://mmbiz.qpic.cn/mmbiz_jpg/PuonlpSMs4H4ayzJDIobztWbGn60ib4ycp4nuLbFN3Y93D3S8cflLibO7yVJWuYODAnul4FFG9YKXIEp1OLz9qrg/640?wx_fmt=jpeg|https://mmbiz.qpic.cn/mmbiz_gif/v4vz52CcB11ibGD4rMl7qABQbGHsHYzrAA3ibRDiaBS4LhhoJLnM32KuM5UmnmRMajOtMP51QSzUPZ1ibwzwC5LYmQ/640?]]></image>
</data>
