<data>
  <id><![CDATA[67693169]]></id>
  <url><![CDATA[https://mp.weixin.qq.com/s?timestamp=1542262478&src=3&ver=1&signature=to5HIXOGi6yHsX-LCacvWSXC4r5Fy0CulqLGm9WZxapJeQwntYEJ1r43bFuW88e1NXVoZV7ZwO10B8RM7-dVIQUuKVrBtI8z4NW6jMpNe9BqzEmYPkMbudqZb2IF0tUp9B7yMqz*LbX0kF9TZ5NMU3JpqUmfM8p0YeRkslHRJs8=]]></url>
  <title><![CDATA[我市卫计系统11家单位分别获评株洲市文明卫生单位和无烟管理示范单位]]></title>
  <content><![CDATA[11月6日，从株洲市爱卫会传来喜讯，我市有16家单位分别获评株洲市文明卫生单位和无烟管理示范单位，卫计系统占11席。据了解，我市卫计系统获评此次株洲市文明卫生单位的有东富镇卫生院、船湾镇卫生院、均楚中心卫生院、二医院王坊分院、醴陵莱士单采血浆有限公司等五家单位；获评无烟管理示范单位的有市精神病医院、国瓷街道社区卫生服务中心、长庆示范区社区卫生服务中心、浦口镇卫生院、二医院富里分院、明月镇贺家桥卫生院等六家单位。株洲市文明卫生单位和无烟管理示范单位创建是爱国卫生和创建国家卫生城市工作的重要组成部分，也是以小创建推动大创建的重要抓手，今年以来，在株洲市爱卫办的精心指导下，市卫计局以创建国家卫生城市工作为契机，全力推进文明卫生单位和无烟管理示范单位创建，严格对照创建指标，加强组织领导，健全工作机制，强化部门协作，努力优化人居环境，深入开展城乡环境整洁行动，着力提升全市文明卫生工作质量。2010年至今，我市已成功创建27家株洲市文明卫生单位，34家株洲市无烟管理示范单位，希望大家再接再厉，为建设文明醴陵贡献力量！株洲市文明卫生单位标准1、有爱卫管理组织机构，有分管领导和专（兼）职爱卫人员，有经费保障，有年度爱卫工作计划和创建工作总结，每年至少召开一次会议研究爱卫工作。2、有相应的卫生管理制度，卫生责任区划分明确，“门前三包”制度落实。3、每季度开展一次以上卫生检查评比，积极配合和参与市、区、街道办事处组织的各项爱卫活动。4、有固定的健康教育宣传设施和卫生知识读本，健教专栏的内容有资料可查。5、单位（小区）范围内有文明卫生警示标牌。6、会议室、电梯间等公共场所有禁烟标识，并实行了禁烟管理，单位（小区）范围内无烟草广告。7、职工掌握基本卫生知识，有良好的卫生行为，测试10名职工，健康知识知晓率和健康行为形成率分别达80%和70%以上。8、道路平整，路灯明亮，路面硬化率在95%以上。9、绿化美化好，可绿化面积绿化率单位在85%以上，小区在80%以上。10、院内住户厕所及办公楼（生产车间）的公厕均为无害化厕所。11、有密闭的垃圾收集、存放容器（桶、箱、站）。有果皮箱（筒）、痰盂等基础卫生设施且数量满足需要。12、有规范的自行车棚和机动车车库。13、有符合要求的常年灭、防鼠设施。14、排水设施完善，明沟暗渠通畅。15、单位（小区）内建设工地围档作业，围档外无建筑材料及建筑渣土堆放，建筑垃圾及时清运，施工单位有安全防范设施。16、有专（兼）职卫生保洁人员，保持院内环境整洁。17、车辆停泊规范，无乱贴乱画、乱堆乱放、乱扔乱倒及违章搭建等现象、蚊蝇孳生场所得到有效治理。18、室内窗明几净，无积尘、蛛网，物品摆放整齐有序，地面无痰迹、烟蒂，楼道整洁无堆放物。19、单位公厕、垃圾站（箱、桶）有专人管理，且符合卫生要求，垃圾做到日产日清。20、单位食堂及小区内饮食、商业服务网点设置规范合理，卫生设施齐全，内部餐饮加工、二次供水、公共场所等符合有关卫生要求，持有有效卫生许可证和健康证，无重大公共卫生事件发生。21、积极配合居委会开展经常性的除四害工作，各类防杀设施能正常使用，四害密度达到国家标准的要求。22、单位大型炉灶（含锅炉）的烟尘和有毒有害废物、废水经处理达到排放标准。23、职工定期体检，有健康档案，劳动保护设施完好。株洲市无烟管理示范单位标准1、单位成立控烟领导组织，将控烟工作纳入单位卫生工作计划。制定控烟的规章制度，有考核奖惩办法和违规处罚措施。2、单位积极组织开展多种形式的健康教育活动，宣传吸烟有害健康知识。3、公共场所设置明显禁烟标志，办公室、会议室、公共走廊、电梯、餐厅等场所禁止吸烟，不得在禁止吸烟场所放置烟具。4、设置室外吸烟区，应远离密集人群和必经通道，有明显的引导标识。设置吸烟区或划定吸烟区应安装独立有效的通风换气装置。5、有专（兼）职控烟监督员负责监督、管理控烟工作，有控烟实施方案、考评、奖惩、督察和巡查及职工控烟知识相关培训（包括劝阻技巧）记录。6、单位干部职工不在工作环境中吸烟，领导带头戒烟，吸烟率在原有基础上呈下降趋势，不吸烟职工达职工总数的80％7、所辖区域内禁止销售烟草制品，单位非吸烟点应无烟蒂。供稿：市卫计局创建办编辑：李玲责编：李欣钰审核：张静文《醴陵健康》编辑整理，转载请注明来源！醴陵市卫计局官方微信平台普及健康知识发布卫计动态传播行业正能量推动健康醴陵建设宣传股电话：0731-22356722点击“阅读原文”，进入醴陵市卫计局官方网站]]></content>
  <author><![CDATA[醴陵健康]]></author>
  <time>2018-11-09 19:22:09</time>
  <account><![CDATA[llweiji]]></account>
  <image><![CDATA[https://mmbiz.qpic.cn/mmbiz_gif/PuonlpSMs4GNAmy6RpRzTNJRc20cFDgqF6wzv4cBnHWLtq5hHgiaBgHWVgBsSDULzVGD9frEZFhNSB7BKHUmhsA/640?wx_fmt=gif|http://mmbiz.qpic.cn/mmbiz_jpg/snwvUY0SDtgaZFK6lqgrDX7oTibCAlOiaVDXcIiaCzLQicg3m3IBC16ULgeghBSQxO1vHA9TpZ3WUyvdvDNSShBkKg/640?wx_fmt=jpeg|https://mmbiz.qpic.cn/mmbiz_jpg/PuonlpSMs4F5B72wicdAWkznQpNhuictuKCUiaOBCXtC2IXoHmIOIXraugpRPKS2H8AxbbmGsmyefRXVY02B7vdhg/640?wx_fmt=jpeg|https://mmbiz.qpic.cn/mmbiz_jpg/PuonlpSMs4F5B72wicdAWkznQpNhuictuKxHkZbspHjiaw19IIib2hU8W75EcTG443ziapfGRG4kia7iabavvpooVXQicQ/640?wx_fmt=jpeg|https://mmbiz.qpic.cn/mmbiz_png/PuonlpSMs4F5B72wicdAWkznQpNhuictuKgCSqTAvVI9U3LRUUPAJhQfAOZAmLIWxNYfPicibDqVJKY4jhyJXxebGA/640?wx_fmt=png|https://mmbiz.qpic.cn/mmbiz_png/PuonlpSMs4F5B72wicdAWkznQpNhuictuKBhWN1JQXYEhhDyEMrXqUXxxwO5FfMTHFXXHsszbQGfSickRxUTf5okA/640?wx_fmt=png|https://mmbiz.qpic.cn/mmbiz_png/ianq03UUWGmKXAE112VF34vSftSGzVkt0onXiboDus3YQE5rjh9VpYzVWn4F3mbmQWGeS90H5Fwl8ItcIhwNic4rw/640?wx_fmt=png|http://mmbiz.qpic.cn/mmbiz_jpg/PuonlpSMs4H4ayzJDIobztWbGn60ib4ycodydJPrdyg55InnOHcicLsMKJy0fRxr8tg9TElbzYGiatzgVoYzB3YEQ/640?wx_fmt=jpeg|http://mmbiz.qpic.cn/mmbiz_jpg/PuonlpSMs4H4ayzJDIobztWbGn60ib4ycp4nuLbFN3Y93D3S8cflLibO7yVJWuYODAnul4FFG9YKXIEp1OLz9qrg/640?wx_fmt=jpeg|https://mmbiz.qpic.cn/mmbiz_gif/v4vz52CcB11ibGD4rMl7qABQbGHsHYzrAA3ibRDiaBS4LhhoJLnM32KuM5UmnmRMajOtMP51QSzUPZ1ibwzwC5LYmQ/640?]]></image>
</data>
