<data>
  <id><![CDATA[67693169]]></id>
  <url><![CDATA[https://mp.weixin.qq.com/s?timestamp=1542262478&src=3&ver=1&signature=to5HIXOGi6yHsX-LCacvWSXC4r5Fy0CulqLGm9WZxapJeQwntYEJ1r43bFuW88e1NXVoZV7ZwO10B8RM7-dVIRK6*Pw8VEvvlakctn45DCsBavPYaXpICPjr644eaXw*IZblgm9hePYr*iq89p8wLUpBZu4GWpGon8lqQB4fw4Q=]]></url>
  <title><![CDATA[你问我答| 贫困户的这项医保报销，这样算！]]></title>
  <content><![CDATA[据统计，我市37778名建档立卡贫困户中，因病致贫的有16490人。截至目前，我市通过上门上户摸底核查，按照“三个一批”分类核准救治7554人。同时，针对建档立卡贫困户推出了健康扶贫系列政策。今天《你问我答》专栏，为您权威解读健康扶贫政策中的新农合参合资助政策。究竟什么是新农合参合资助政策呢？新农合参合资助政策是指所有贫困人口能按政策享受基本医疗保障待遇（农村合作医疗）以及由财政资助实现“零缴费”保障基本医疗待遇（兜底保障）。在新农合参合资助政策下，建档立卡贫困户县域内住院的医保报销比例是不是也有所调整呢？是的呢，为了减轻贫困户的就医压力，现在的基本医疗报销比例在原基础上再提高了10%。不仅如此，还实行了大病保险再保障，大病保险起付线降低50%。这确实为我们贫困户减轻了经济负担呢！那是不是在我市所有的医疗机构综合报销比例都一样的呢？在不同的医疗机构综合报销比例是不一样的哦。在基层医疗机构可综合报销比例95%，但在二级及以上的医疗机构住院，综合报销比例是85%呢。举个例子：这是建档立卡贫困户张三在基层医疗卫生机构的住院总费用报销单。根据此报销明细显示，他的总住院费用为1333.85元，其中，政策内可报销费用为1268.35元。目前，我市实行的基本医保报销比例是90%，即张三可报销费用为[1268.35-150（起付线）]*90%=1006.5元。按照健康扶贫政策，张三此次住院还可享受其他医疗保障报销（即大病保险、特惠保补偿、财政兜底报销）共计265.68元。自付部分为1333.85-1006.5-265.68=61.67元。※以总费用1333.85计算，他在基层医疗机构的综合报销比例达到了95%。我老伴患有胃癌，正在市中医院住院呢，请问我们这种情况的医保报销比例是多少呢？您老伴所患胃癌属于4类9种大病，综合报销比例可以达到90%以上呢。建档立卡贫困户注意啦！除了4类9种大病，妇女两癌（乳腺癌、宫颈癌）、肺癌和扩大病种在二级及以上的医疗机构也可综合报销比例达90%以上哦。除了新农合参合资助政策之外，还有其他惠及我们贫困户的政策吗？当然有，还有民政医疗救助政策呀。即：住院医疗费用经基本医疗保险、大病保险和扶贫特惠医保报销后，建档立卡的贫困户在政策范围内的自付费用市内按70%，市外按40%，省级及省外按30%给予救助，但是要注意啦！普通疾病每年3000元封顶，重大疾病每年5000元封底哦。健康扶贫政策咨询电话：22356735  22356710供稿：市卫计局医政股编辑：刘织平责编：李欣钰审核：张静文《醴陵健康》编辑整理，转载请注明来源！醴陵市卫计局官方微信平台普及健康知识发布卫计动态传播行业正能量推动健康醴陵建设宣传股电话：0731-22356722点击“阅读原文”，进入醴陵市卫计局官方网站]]></content>
  <author><![CDATA[醴陵健康]]></author>
  <time>2018-11-12 22:10:56</time>
  <account><![CDATA[llweiji]]></account>
  <image><![CDATA[https://mmbiz.qpic.cn/mmbiz_gif/PuonlpSMs4GNAmy6RpRzTNJRc20cFDgqF6wzv4cBnHWLtq5hHgiaBgHWVgBsSDULzVGD9frEZFhNSB7BKHUmhsA/640?wx_fmt=gif|https://mmbiz.qpic.cn/mmbiz_jpg/PuonlpSMs4GCx78WX9CHT9UIyNf6goPGpAZ3RfiaxzFzfsLmo66xJ0YHpfvXfMGH7w9V1QCUjVeaq2Pq4RJiawibQ/640?wx_fmt=jpeg|https://mmbiz.qpic.cn/mmbiz_png/PuonlpSMs4E7CVbqHZwTnbjs0mIe5He9ld4yUrV0iamoZ0ibC6NhLzbwdqnnviaJKGNeooksCibF1ossIvoPE6RKIQ/640?wx_fmt=png|https://mmbiz.qpic.cn/mmbiz_png/PuonlpSMs4E7CVbqHZwTnbjs0mIe5He9J2BK2VHiaPu4sqfZfUslEFQKP0CdAFySuqrWVqmDDz1Exf4UicuVhmvQ/640?wx_fmt=png|https://mmbiz.qpic.cn/mmbiz/ianq03UUWGmKfVhVHzJZuMhn7fo97kMcmPNFmkz5jdETILDJomJuA26flU9Duu5YwBP0FRUDqR8DdgjeIia0y8Ug/640?wx_fmt=gif|https://mmbiz.qpic.cn/mmbiz/ianq03UUWGmKfVhVHzJZuMhn7fo97kMcmpqlANIvCNzX7CgErtgURnElMZaAotdMK3CqbicAmT49BLkqtDvtgOgg/640?wx_fmt=gif|https://mmbiz.qpic.cn/mmbiz_png/PuonlpSMs4E7CVbqHZwTnbjs0mIe5He9UlvfYNrdqjsRRKeojUufJgQxkqxNibPfdnGh2HsUyyDNmqicSoianMH9Q/640?wx_fmt=png|https://mmbiz.qpic.cn/mmbiz_png/PuonlpSMs4E7CVbqHZwTnbjs0mIe5He9J2BK2VHiaPu4sqfZfUslEFQKP0CdAFySuqrWVqmDDz1Exf4UicuVhmvQ/640?wx_fmt=png|https://mmbiz.qpic.cn/mmbiz/ianq03UUWGmKfVhVHzJZuMhn7fo97kMcmPNFmkz5jdETILDJomJuA26flU9Duu5YwBP0FRUDqR8DdgjeIia0y8Ug/640?wx_fmt=gif|https://mmbiz.qpic.cn/mmbiz/ianq03UUWGmKfVhVHzJZuMhn7fo97kMcmpqlANIvCNzX7CgErtgURnElMZaAotdMK3CqbicAmT49BLkqtDvtgOgg/640?wx_fmt=gif|https://mmbiz.qpic.cn/mmbiz_png/PuonlpSMs4E7CVbqHZwTnbjs0mIe5He9UlvfYNrdqjsRRKeojUufJgQxkqxNibPfdnGh2HsUyyDNmqicSoianMH9Q/640?wx_fmt=png|https://mmbiz.qpic.cn/mmbiz_png/PuonlpSMs4E7CVbqHZwTnbjs0mIe5He9J2BK2VHiaPu4sqfZfUslEFQKP0CdAFySuqrWVqmDDz1Exf4UicuVhmvQ/640?wx_fmt=png|https://mmbiz.qpic.cn/mmbiz/ianq03UUWGmKfVhVHzJZuMhn7fo97kMcmPNFmkz5jdETILDJomJuA26flU9Duu5YwBP0FRUDqR8DdgjeIia0y8Ug/640?wx_fmt=gif|https://mmbiz.qpic.cn/mmbiz/ianq03UUWGmKfVhVHzJZuMhn7fo97kMcmpqlANIvCNzX7CgErtgURnElMZaAotdMK3CqbicAmT49BLkqtDvtgOgg/640?wx_fmt=gif|https://mmbiz.qpic.cn/mmbiz_png/PuonlpSMs4E7CVbqHZwTnbjs0mIe5He9UlvfYNrdqjsRRKeojUufJgQxkqxNibPfdnGh2HsUyyDNmqicSoianMH9Q/640?wx_fmt=png|https://mmbiz.qpic.cn/mmbiz_png/PuonlpSMs4E7CVbqHZwTnbjs0mIe5He9txpichf0DYE6icZwPcpz2uFAdGS6cxPfJgcxrLIFD2mBU0AgA2kTibFAg/640?wx_fmt=png|https://mmbiz.qpic.cn/mmbiz_jpg/PuonlpSMs4FOvIflMSibLwuso2FBkQiaTQtQ365U6XKriaG8n9Nvd49ISxkw55GHkJsly21QJNia8HdLzpicxFJslow/640?wx_fmt=jpeg|https://mmbiz.qpic.cn/mmbiz/ianq03UUWGmKfVhVHzJZuMhn7fo97kMcmPNFmkz5jdETILDJomJuA26flU9Duu5YwBP0FRUDqR8DdgjeIia0y8Ug/640?wx_fmt=gif|https://mmbiz.qpic.cn/mmbiz/ianq03UUWGmKfVhVHzJZuMhn7fo97kMcmpqlANIvCNzX7CgErtgURnElMZaAotdMK3CqbicAmT49BLkqtDvtgOgg/640?wx_fmt=gif|https://mmbiz.qpic.cn/mmbiz_png/PuonlpSMs4E7CVbqHZwTnbjs0mIe5He9UlvfYNrdqjsRRKeojUufJgQxkqxNibPfdnGh2HsUyyDNmqicSoianMH9Q/640?wx_fmt=png|https://mmbiz.qpic.cn/mmbiz_png/PuonlpSMs4E7CVbqHZwTnbjs0mIe5He9TzbBjAm5yEjPFO2jmYJK0qKsnQzickIsqnpeZdU1dJLv5sg46jRTpaw/640?wx_fmt=png|https://mmbiz.qpic.cn/mmbiz_png/PuonlpSMs4E7CVbqHZwTnbjs0mIe5He9J2BK2VHiaPu4sqfZfUslEFQKP0CdAFySuqrWVqmDDz1Exf4UicuVhmvQ/640?wx_fmt=png|https://mmbiz.qpic.cn/mmbiz/ianq03UUWGmKfVhVHzJZuMhn7fo97kMcmPNFmkz5jdETILDJomJuA26flU9Duu5YwBP0FRUDqR8DdgjeIia0y8Ug/640?wx_fmt=gif|https://mmbiz.qpic.cn/mmbiz/ianq03UUWGmKfVhVHzJZuMhn7fo97kMcmpqlANIvCNzX7CgErtgURnElMZaAotdMK3CqbicAmT49BLkqtDvtgOgg/640?wx_fmt=gif|https://mmbiz.qpic.cn/mmbiz_png/PuonlpSMs4E7CVbqHZwTnbjs0mIe5He9UlvfYNrdqjsRRKeojUufJgQxkqxNibPfdnGh2HsUyyDNmqicSoianMH9Q/640?wx_fmt=png|https://mmbiz.qpic.cn/mmbiz_png/PuonlpSMs4E7CVbqHZwTnbjs0mIe5He90orw9QcSNMQR3yjCvJHzsQ7ciaCyOSe8nDbTnZQ9htPQZzicUEc2GHlA/640?wx_fmt=png|https://mmbiz.qpic.cn/mmbiz_png/ianq03UUWGmKXAE112VF34vSftSGzVkt0onXiboDus3YQE5rjh9VpYzVWn4F3mbmQWGeS90H5Fwl8ItcIhwNic4rw/640?wx_fmt=png|http://mmbiz.qpic.cn/mmbiz_jpg/PuonlpSMs4H4ayzJDIobztWbGn60ib4ycodydJPrdyg55InnOHcicLsMKJy0fRxr8tg9TElbzYGiatzgVoYzB3YEQ/640?wx_fmt=jpeg|http://mmbiz.qpic.cn/mmbiz_jpg/PuonlpSMs4H4ayzJDIobztWbGn60ib4ycp4nuLbFN3Y93D3S8cflLibO7yVJWuYODAnul4FFG9YKXIEp1OLz9qrg/640?wx_fmt=jpeg|https://mmbiz.qpic.cn/mmbiz_gif/v4vz52CcB11ibGD4rMl7qABQbGHsHYzrAA3ibRDiaBS4LhhoJLnM32KuM5UmnmRMajOtMP51QSzUPZ1ibwzwC5LYmQ/640?]]></image>
</data>
