<data>
  <id><![CDATA[67693169]]></id>
  <url><![CDATA[https://mp.weixin.qq.com/s?timestamp=1542262478&src=3&ver=1&signature=to5HIXOGi6yHsX-LCacvWSXC4r5Fy0CulqLGm9WZxapJeQwntYEJ1r43bFuW88e1NXVoZV7ZwO10B8RM7-dVIbiyLXLBmmgr74v5TXpWy4pZZJoRLmk2nca1X-QgESQjj6oZ-*D41hf7wv24s9fPgGm9V6ve7nwU23Q0Y-PUu28=]]></url>
  <title><![CDATA[世界糖尿病日丨5种居家常备饮料，助你降血糖]]></title>
  <content><![CDATA[来源：好医友醴陵市卫计局官方微信平台普及健康知识发布卫计动态传播行业正能量推动健康醴陵建设宣传股电话：0731-22356722点击“阅读原文”，进入醴陵市卫计局官方网站]]></content>
  <author><![CDATA[醴陵健康]]></author>
  <time>2018-11-14 18:52:33</time>
  <account><![CDATA[llweiji]]></account>
  <image><![CDATA[https://mmbiz.qpic.cn/mmbiz_gif/PuonlpSMs4GNAmy6RpRzTNJRc20cFDgqF6wzv4cBnHWLtq5hHgiaBgHWVgBsSDULzVGD9frEZFhNSB7BKHUmhsA/640?wx_fmt=gif|https://mmbiz.qpic.cn/mmbiz_jpg/PuonlpSMs4HSlcgfUNTjFH7Tr8qb9o5TvWicCFOicveSxzicx1VZTQIvEVl1Lnwn9VK1iaCdI2hIXtW0t5zP2IFJbg/640?wx_fmt=jpeg|https://mmbiz.qpic.cn/mmbiz_jpg/PuonlpSMs4HSlcgfUNTjFH7Tr8qb9o5TasSUOQvtYRA8J4UpDibgjdhDu0NPQb4H3TMyDKxoOicoRrSl9YwjBEDQ/640?wx_fmt=jpeg|https://mmbiz.qpic.cn/mmbiz_jpg/PuonlpSMs4HSlcgfUNTjFH7Tr8qb9o5Tl735PUyHt480cWPlRhiaZMxpo4XfOzC0aHicgkdc2CJKvgGv9gwCAt8w/640?wx_fmt=jpeg|https://mmbiz.qpic.cn/mmbiz_jpg/PuonlpSMs4HSlcgfUNTjFH7Tr8qb9o5TPwq8gx2xLScHRAowlkNrTJu6WzHRz5eOdqIABQphGwOoLjsRLjONUQ/640?wx_fmt=jpeg|https://mmbiz.qpic.cn/mmbiz_jpg/PuonlpSMs4HSlcgfUNTjFH7Tr8qb9o5TGhoWWAFgNFtbNXY5y2jhpos4UmianNAn9STO3YujjzdgYvibzmmEm2FA/640?wx_fmt=jpeg|https://mmbiz.qpic.cn/mmbiz_jpg/PuonlpSMs4HSlcgfUNTjFH7Tr8qb9o5T2MaYMSWBh8WVp06XzibDJAcAELxATEEAm5W9BeokrfLOhxwrQvteLNQ/640?wx_fmt=jpeg|https://mmbiz.qpic.cn/mmbiz_jpg/PuonlpSMs4HSlcgfUNTjFH7Tr8qb9o5TOtx9SQnTxxg5ebKR1YQckwacgPRO33e2aicdmDW50gJFyG2O9uOBcCw/640?wx_fmt=jpeg|https://mmbiz.qpic.cn/mmbiz_png/ianq03UUWGmKXAE112VF34vSftSGzVkt0onXiboDus3YQE5rjh9VpYzVWn4F3mbmQWGeS90H5Fwl8ItcIhwNic4rw/640?wx_fmt=png|http://mmbiz.qpic.cn/mmbiz_jpg/PuonlpSMs4H4ayzJDIobztWbGn60ib4ycodydJPrdyg55InnOHcicLsMKJy0fRxr8tg9TElbzYGiatzgVoYzB3YEQ/640?wx_fmt=jpeg|http://mmbiz.qpic.cn/mmbiz_jpg/PuonlpSMs4H4ayzJDIobztWbGn60ib4ycp4nuLbFN3Y93D3S8cflLibO7yVJWuYODAnul4FFG9YKXIEp1OLz9qrg/640?wx_fmt=jpeg|https://mmbiz.qpic.cn/mmbiz_gif/v4vz52CcB11ibGD4rMl7qABQbGHsHYzrAA3ibRDiaBS4LhhoJLnM32KuM5UmnmRMajOtMP51QSzUPZ1ibwzwC5LYmQ/640?]]></image>
</data>
