<data>
  <id><![CDATA[67693169]]></id>
  <url><![CDATA[https://mp.weixin.qq.com/s?timestamp=1542262478&src=3&ver=1&signature=to5HIXOGi6yHsX-LCacvWSXC4r5Fy0CulqLGm9WZxapJeQwntYEJ1r43bFuW88e1NXVoZV7ZwO10B8RM7-dVIUf8MgRw-A4AyBv*cCDuJXn4RA2vuUYyTpM1v-rMD*jvNd-jjeCFp4qok9*XiMBRCmEBnLTPH15GFv-Wf1OOumE=]]></url>
  <title><![CDATA[我家有医生|有关高血压的健康知识，你都了解吗？]]></title>
  <content><![CDATA[日前，石亭镇卫生院医护人员在下乡体检的过程中，发现不少患有高血压的患者还无法对该疾病进行正确的护理和调理。今天，《我家有医生 》就给高血压疾病患者分享一些有关高血压的健康知识 ~了解高血压高血压是一种动脉血压升高的慢性病症，是指在未使用降压药物，或在静息状态下动脉收缩压/舒张压增高(>=140/90mmHg)。当血压升高时，你会感觉头晕、头痛、疲劳、心悸、注意力不集中、记忆力减退、肢体麻木、夜尿增多等不适。严重者甚至会出现中风、心梗、肾衰等症状。日常护理1.保持良好的心理状态，消除紧张和压抑的心理。2.适当休息，保证睡眠。3.科学饮食，可减轻心脏负荷，防止水、钠潴留，减少外周血管阻力。4.安排合适的运动，外出活动或检查时应有人陪同以防晕倒受伤。5.对易激动的患者，做好家属工作，减少不良刺激，保证患者有安静舒适的环境。6.应遵医嘱坚持服药，学会自我观察及护理，出现不适症状立即就诊。饮食调理1.宜低盐低脂饮食、戒烟、限制饮酒。2.宜多吃绿色蔬菜和新鲜水果及含钙高的食物，如芹菜、韭菜、西兰花、梨、苹果、奶制品、豆制品等。3.宜少吃含胆固醇高的食物，如动物内脏、肥肉、鱼子、蛋黄、乌贼鱼等。供稿：石亭镇卫生院编辑：刘织平责编：李欣钰审核：张静文本平台原创，转载请务必注明来源“醴陵健康”。醴陵市卫计局官方微信平台普及健康知识发布卫计动态传播行业正能量推动健康醴陵建设宣传股电话：0731-22356722点击“阅读全文”，进入醴陵市卫计局官方网站]]></content>
  <author><![CDATA[醴陵健康]]></author>
  <time>2018-11-06 17:27:52</time>
  <account><![CDATA[llweiji]]></account>
  <image><![CDATA[https://mmbiz.qpic.cn/mmbiz_gif/PuonlpSMs4GNAmy6RpRzTNJRc20cFDgqF6wzv4cBnHWLtq5hHgiaBgHWVgBsSDULzVGD9frEZFhNSB7BKHUmhsA/640?wx_fmt=gif|https://mmbiz.qpic.cn/mmbiz_png/PuonlpSMs4FuIaC1UsBcEOwXcB0BBfsgeQYGSibFIibS6nURflcZGNlEGztjAz3o29KPPw7tI0h7apmlfRiauibehA/640?wx_fmt=png|https://mmbiz.qpic.cn/mmbiz_png/v4vz52CcB10uRxN56rtpToAoWewWR9PXLJjaKITJvib4mNIdAqyZ9Q3cBo0GP2kSEgk69CsqUuzBibOqYibrhWl6g/640?|https://mmbiz.qpic.cn/mmbiz_png/PuonlpSMs4FuIaC1UsBcEOwXcB0BBfsgF05L9pgWI9u1jIEYobTxcC3oxF9E7iatH0rWJxKMwibTic2d9ZzJM4t2A/640?wx_fmt=png|https://mmbiz.qpic.cn/mmbiz_png/v4vz52CcB10uRxN56rtpToAoWewWR9PXLJjaKITJvib4mNIdAqyZ9Q3cBo0GP2kSEgk69CsqUuzBibOqYibrhWl6g/640?|https://mmbiz.qpic.cn/mmbiz_png/PuonlpSMs4FuIaC1UsBcEOwXcB0BBfsgV4zFO9icwSgnWgNWvU4BOIricPL4MOyiaaQib4x9jqBD5mnibla6ntWJWYw/640?wx_fmt=png|https://mmbiz.qpic.cn/mmbiz_png/v4vz52CcB10uRxN56rtpToAoWewWR9PXLJjaKITJvib4mNIdAqyZ9Q3cBo0GP2kSEgk69CsqUuzBibOqYibrhWl6g/640?|https://mmbiz.qpic.cn/mmbiz_png/PuonlpSMs4FuIaC1UsBcEOwXcB0BBfsgseR8xMdrBaB1JTcSOwro1bWXeYaZYCLrf54XFgWCy7Ap2XytEjuxkw/640?wx_fmt=png|https://mmbiz.qpic.cn/mmbiz_png/ianq03UUWGmKXAE112VF34vSftSGzVkt0onXiboDus3YQE5rjh9VpYzVWn4F3mbmQWGeS90H5Fwl8ItcIhwNic4rw/640?wx_fmt=png|http://mmbiz.qpic.cn/mmbiz_jpg/PuonlpSMs4H4ayzJDIobztWbGn60ib4ycodydJPrdyg55InnOHcicLsMKJy0fRxr8tg9TElbzYGiatzgVoYzB3YEQ/640?wx_fmt=jpeg|http://mmbiz.qpic.cn/mmbiz_jpg/PuonlpSMs4H4ayzJDIobztWbGn60ib4ycp4nuLbFN3Y93D3S8cflLibO7yVJWuYODAnul4FFG9YKXIEp1OLz9qrg/640?wx_fmt=jpeg|https://mmbiz.qpic.cn/mmbiz_gif/v4vz52CcB11ibGD4rMl7qABQbGHsHYzrAA3ibRDiaBS4LhhoJLnM32KuM5UmnmRMajOtMP51QSzUPZ1ibwzwC5LYmQ/640?]]></image>
</data>
