<data>
  <id><![CDATA[67693169]]></id>
  <url><![CDATA[https://mp.weixin.qq.com/s?timestamp=1542262478&src=3&ver=1&signature=to5HIXOGi6yHsX-LCacvWSXC4r5Fy0CulqLGm9WZxapJeQwntYEJ1r43bFuW88e1NXVoZV7ZwO10B8RM7-dVIbiyLXLBmmgr74v5TXpWy4p2cIkvMrOb92DFayi0DkE7isTIuGJCmx-l4iunkrE-DmLnCNA7prNd3SfrAbPhkEg=]]></url>
  <title><![CDATA[卫计政策和健康教育走进科干进修班]]></title>
  <content><![CDATA[11月12日，市卫计局党委书记、局长邓少仁在市委党校科级干部进修班，上了一堂生动的卫计政策理论和健康教育课。邓少仁围绕当前人口计生工作和人民健康两个方面的内容进行深刻剖析，深入浅出地阐明了计划生育工作面临的新形势、新任务、新举措，以及新时期卫生与健康工作方针、实施健康中国战略等理论知识，旁征博引地阐释了健康的重要性、如何才健康以及卫生健康的重点工作等热点问题。针对当前计生形势和要求，邓少仁指出，希望各部门单位坚持计划生育基本国策不动摇，坚持以人为本，创新服务模式，加强综合治理，为经济社会发展创造良好的人口环境。针对卫生与健康工作形势和任务，邓少仁呼吁，各部门单位应积极投身健康醴陵建设，落实“将健康融入所有政策”要求，各司其职，各尽其责，形成政府主导、部门合作、全社会共同参与的健康工作格局。学员们纷纷表示，这堂精彩的专题讲座，引经据典，博古论今，既丰富了知识、拓宽了视野，提升了大家对新时期计划生育基本国策的认识，更让大家对健康的重要性有了全新的领悟。供稿：市卫计局办公室编辑：李玲责编：李欣钰审核：张静文《醴陵健康》编辑整理，转载请注明来源！醴陵市卫计局官方微信平台普及健康知识发布卫计动态传播行业正能量推动健康醴陵建设宣传股电话：0731-22356722点击“阅读原文”，进入醴陵市卫计局官方网站]]></content>
  <author><![CDATA[醴陵健康]]></author>
  <time>2018-11-14 18:52:33</time>
  <account><![CDATA[llweiji]]></account>
  <image><![CDATA[https://mmbiz.qpic.cn/mmbiz_gif/PuonlpSMs4GNAmy6RpRzTNJRc20cFDgqF6wzv4cBnHWLtq5hHgiaBgHWVgBsSDULzVGD9frEZFhNSB7BKHUmhsA/640?wx_fmt=gif|https://mmbiz.qpic.cn/mmbiz_jpg/PuonlpSMs4GVjicTNFFQgSxVqbycpG3gUcl45RZKnksA02NVlHAIkv4qjhgnx3kKrvPAiaiaT7qCDLGvaTfPicdG0w/640?wx_fmt=jpeg|https://mmbiz.qpic.cn/mmbiz_jpg/PuonlpSMs4GVjicTNFFQgSxVqbycpG3gUibVADOKlDbnzeMAmv3bOTcEmdC0dEZsJ5AgGT0CYUenmVv1WD9kXZ8Q/640?wx_fmt=jpeg|https://mmbiz.qpic.cn/mmbiz_png/ianq03UUWGmKXAE112VF34vSftSGzVkt0onXiboDus3YQE5rjh9VpYzVWn4F3mbmQWGeS90H5Fwl8ItcIhwNic4rw/640?wx_fmt=png|http://mmbiz.qpic.cn/mmbiz_jpg/PuonlpSMs4H4ayzJDIobztWbGn60ib4ycodydJPrdyg55InnOHcicLsMKJy0fRxr8tg9TElbzYGiatzgVoYzB3YEQ/640?wx_fmt=jpeg|http://mmbiz.qpic.cn/mmbiz_jpg/PuonlpSMs4H4ayzJDIobztWbGn60ib4ycp4nuLbFN3Y93D3S8cflLibO7yVJWuYODAnul4FFG9YKXIEp1OLz9qrg/640?wx_fmt=jpeg|https://mmbiz.qpic.cn/mmbiz_gif/v4vz52CcB11ibGD4rMl7qABQbGHsHYzrAA3ibRDiaBS4LhhoJLnM32KuM5UmnmRMajOtMP51QSzUPZ1ibwzwC5LYmQ/640?]]></image>
</data>
