<data>
  <id><![CDATA[67693169]]></id>
  <url><![CDATA[https://mp.weixin.qq.com/s?timestamp=1542262478&src=3&ver=1&signature=to5HIXOGi6yHsX-LCacvWSXC4r5Fy0CulqLGm9WZxapJeQwntYEJ1r43bFuW88e1NXVoZV7ZwO10B8RM7-dVIUf8MgRw-A4AyBv*cCDuJXn-J3lDrDsiBXDOxxF0icIDz1zeJkGHhnqWVLpG3W3eCiWCfEwb0F81qxv0-ptvARM=]]></url>
  <title><![CDATA[你问我答|非洲猪瘟会传染人吗？猪肉还能吃吗？]]></title>
  <content><![CDATA[《醴陵健康》微信平台开通“你问我答”栏目啦！市民朋友们，如果您需要咨询卫计方面的问题，欢迎文末留言，我们将会给您最权威的答复。王奶奶李奶奶，今天买了什么好菜呀？李奶奶今天孩子回家吃饭，打算做个他最爱吃的红烧肉。王奶奶哎呀，还吃猪肉呢？现在爆出了非洲猪瘟呀~千万别吃，会死人！看到“瘟疫”，难免让人心生恐慌。这个害了众多“二师兄”的非洲猪瘟，到底什么来头？我们该如何防控？今天，《你问我答》专栏将为大家细细解答~什么是非洲猪瘟呢？非洲猪瘟，最早是在非洲发现的一种危害养猪业的烈性传染病，由非洲猪瘟病毒引起，自然感染的潜伏期一般为4-19天，死亡率高达100%。2007年以来，非洲猪瘟在全球多个国家发生、扩散、流行，尤其是俄罗斯及其周边地区，给我国养猪业带来了严重威胁。非洲猪瘟疫情的爆发具有明显的季节性，夏季和秋季通报的病例最多。随着疫情传播，也会出现远距离地跳跃式爆发现象。目前尚无有效的疫苗进行预防。那我们人类会不会感染猪瘟呢？非洲猪瘟只感染猪以及野猪等猪的家族成员，并不感染其他动物，也不会感染人。这种猪瘟病毒可以通过高温、高酸或者高碱性来杀灭。猪肉还能吃吗？首先，疫区内所有生猪均被扑杀并无害化，理论上你并不会买到被病毒感染的猪肉。同时，它传猪不传人，正规渠道的猪肉可以放心吃。其次，非洲猪瘟的病毒比较容易被破坏：55℃持续30分钟，或60℃持续10分钟就会被灭活。只要你把猪肉炒熟、热透了，就不怕病毒感染了。另外，较长时间的腌制（通常需要至少100天）也可使病毒失去感染性。所以说，从正规售卖点买猪肉，且彻底做熟，就等于上了“双保险”，可以放心吃了。怎么挑出好猪肉呢？1.看表皮：健康猪肉表皮无斑痕。病死猪肉表皮常有紫色出血斑点，甚至出现暗红色弥漫性出血。2.看外观：新鲜猪肉表面有微干的外膜，呈淡红色，切断面稍湿，不粘手。变质猪肉表面外膜极度干燥或粘手，呈灰色或淡绿色、发黏。3.看脂肪：新鲜猪肉脂肪呈白色或乳白色。病死猪肉的脂肪呈红色、黄色或绿色等异常色泽。4.看肌肉：健康猪的瘦肉一般为红色或淡红色。病死猪肉颜色发红发紫，挤压时有暗红色的血液渗出。5.看弹性：好猪肉有弹性，用手指按压凹陷后会立即复原。变质猪肉用指头按压后凹陷，不但不能复原，有时手指还可以把肉戳穿。6.看淋巴：质量合格的猪肉淋巴结大小正常。病死猪肉的淋巴结肿大，其脂肪为浅玫瑰色或红色，肌肉为墨红色。7.闻气味：好猪肉无异味。变质猪肉有血腥味、腐臭味及其他异味。普通市民和养殖厂工作人员如何做好健康防护？非洲猪瘟病毒不感染人，所以普通市民无需特别防护。因非洲猪瘟病毒只感染猪，不传染人，所以养殖厂工作人员要重点关注猪的健康状况，引进生猪要严格检疫，做好猪的隔离防护，严格执行消毒制度，不使用泔水或餐余垃圾饲喂生猪。一旦出现不明原因生猪死亡情况，应及时向当地兽医部门报告。温馨提示网络上可能会出现一些关于猪肉的谣言，大家不要轻易相信！记得把文章分享给身边的人，或许他们也跟你一样，正为不敢吃猪肉而苦恼呢！编辑：李玲责编：李欣钰审核：张静文本平台原创，转载请务必注明来源“醴陵健康”。醴陵市卫计局官方微信平台普及健康知识发布卫计动态传播行业正能量推动健康醴陵建设宣传股电话：0731-22356722点击阅读原文，进入醴陵市卫计局官方网站]]></content>
  <author><![CDATA[醴陵健康]]></author>
  <time>2018-11-06 17:27:52</time>
  <account><![CDATA[llweiji]]></account>
  <image><![CDATA[https://mmbiz.qpic.cn/mmbiz_gif/PuonlpSMs4GNAmy6RpRzTNJRc20cFDgqF6wzv4cBnHWLtq5hHgiaBgHWVgBsSDULzVGD9frEZFhNSB7BKHUmhsA/640?wx_fmt=gif|https://mmbiz.qpic.cn/mmbiz_jpg/PuonlpSMs4GCx78WX9CHT9UIyNf6goPGpAZ3RfiaxzFzfsLmo66xJ0YHpfvXfMGH7w9V1QCUjVeaq2Pq4RJiawibQ/640?wx_fmt=jpeg|https://mmbiz.qpic.cn/mmbiz_png/Ljib4So7yuWhdh3gUXv223icALkRFkwjQqElwJr4StLLic8vN22XhvZYmhicIG15oPSfwE8s3kUOhsqvM2WCjFBs6g/640?wx_fmt=png|https://mmbiz.qpic.cn/mmbiz_jpg/PuonlpSMs4FuIaC1UsBcEOwXcB0BBfsg1ctcmoZVM8F3iatZjOMUrNMZptKfGNFX1s9Zd1aWWrBVd48hExhiacLw/640?wx_fmt=jpeg|https://mmbiz.qpic.cn/mmbiz_jpg/PuonlpSMs4FuIaC1UsBcEOwXcB0BBfsgXra931RiahZedLmskMVG5ac0zlxy9NqpfTGyuOugoqe4pAZLkC5Zbrg/640?wx_fmt=jpeg|https://mmbiz.qpic.cn/mmbiz_jpg/PuonlpSMs4FuIaC1UsBcEOwXcB0BBfsg1ctcmoZVM8F3iatZjOMUrNMZptKfGNFX1s9Zd1aWWrBVd48hExhiacLw/640?wx_fmt=jpeg|https://mmbiz.qpic.cn/mmbiz_png/v4vz52CcB1188GRFpRUlCSBsfic6nnNpRRecqeP0xRJvVnOPWft5nUicAlDXhfRCdlTlBGBNSlRyOAYUEwxUgJOg/640?|https://mmbiz.qpic.cn/mmbiz_png/v4vz52CcB11piaQA916h29b3kcOGySN50iaWkibX7yw4oKqwB45oPBR77Eab4c0Ks88dOc7Xuq4ezxE47qINyHwkA/640?|https://mmbiz.qpic.cn/mmbiz_png/v4vz52CcB11piaQA916h29b3kcOGySN50iaWkibX7yw4oKqwB45oPBR77Eab4c0Ks88dOc7Xuq4ezxE47qINyHwkA/640?|https://mmbiz.qpic.cn/mmbiz_png/PuonlpSMs4FuIaC1UsBcEOwXcB0BBfsgzfxjMfq71nWBEujb3QtQ3ZNj3Bj3pnzPmnQ9CF0andkzQMibGYt4M2w/640?wx_fmt=png|https://mmbiz.qpic.cn/mmbiz_png/v4vz52CcB11piaQA916h29b3kcOGySN50iaWkibX7yw4oKqwB45oPBR77Eab4c0Ks88dOc7Xuq4ezxE47qINyHwkA/640?|https://mmbiz.qpic.cn/mmbiz_png/v4vz52CcB11piaQA916h29b3kcOGySN50iaWkibX7yw4oKqwB45oPBR77Eab4c0Ks88dOc7Xuq4ezxE47qINyHwkA/640?|https://mmbiz.qpic.cn/mmbiz_png/PuonlpSMs4FuIaC1UsBcEOwXcB0BBfsgZfXc49zvBHeXJClLRUAyr4icpel4JFtibZvunxC2XpuRHLYAnmm8bhZQ/640?wx_fmt=png|https://mmbiz.qpic.cn/mmbiz_png/v4vz52CcB11piaQA916h29b3kcOGySN50iaWkibX7yw4oKqwB45oPBR77Eab4c0Ks88dOc7Xuq4ezxE47qINyHwkA/640?|https://mmbiz.qpic.cn/mmbiz_png/v4vz52CcB11piaQA916h29b3kcOGySN50iaWkibX7yw4oKqwB45oPBR77Eab4c0Ks88dOc7Xuq4ezxE47qINyHwkA/640?|https://mmbiz.qpic.cn/mmbiz_png/PuonlpSMs4FuIaC1UsBcEOwXcB0BBfsgpSXNlVAZIfj7eic9bfUK48lKhY0cTXRuxj2eaGuxqMiaRMrPs4NHFaJA/640?wx_fmt=png|https://mmbiz.qpic.cn/mmbiz_png/v4vz52CcB11piaQA916h29b3kcOGySN50iaWkibX7yw4oKqwB45oPBR77Eab4c0Ks88dOc7Xuq4ezxE47qINyHwkA/640?|https://mmbiz.qpic.cn/mmbiz_png/v4vz52CcB11piaQA916h29b3kcOGySN50iaWkibX7yw4oKqwB45oPBR77Eab4c0Ks88dOc7Xuq4ezxE47qINyHwkA/640?|https://mmbiz.qpic.cn/mmbiz_png/PuonlpSMs4FuIaC1UsBcEOwXcB0BBfsg9qia9gQRib2iak7B9q7QO3ficxbpRKicjDFWAkQfo1L8fQ1Y1QzcZErWr4Q/640?wx_fmt=png|https://mmbiz.qpic.cn/mmbiz_png/v4vz52CcB11piaQA916h29b3kcOGySN50iaWkibX7yw4oKqwB45oPBR77Eab4c0Ks88dOc7Xuq4ezxE47qINyHwkA/640?|https://mmbiz.qpic.cn/mmbiz_png/v4vz52CcB11piaQA916h29b3kcOGySN50iaWkibX7yw4oKqwB45oPBR77Eab4c0Ks88dOc7Xuq4ezxE47qINyHwkA/640?|https://mmbiz.qpic.cn/mmbiz_png/PuonlpSMs4FuIaC1UsBcEOwXcB0BBfsg1pT0j025bk7pibZbaklSjlM55wfxOpnjJqwREFfB1jqC6OALS8kVB7Q/640?wx_fmt=png|https://mmbiz.qpic.cn/mmbiz_png/v4vz52CcB10uRxN56rtpToAoWewWR9PXLJjaKITJvib4mNIdAqyZ9Q3cBo0GP2kSEgk69CsqUuzBibOqYibrhWl6g/640?|https://mmbiz.qpic.cn/mmbiz_png/ianq03UUWGmKXAE112VF34vSftSGzVkt0onXiboDus3YQE5rjh9VpYzVWn4F3mbmQWGeS90H5Fwl8ItcIhwNic4rw/640?wx_fmt=png|http://mmbiz.qpic.cn/mmbiz_jpg/PuonlpSMs4H4ayzJDIobztWbGn60ib4ycodydJPrdyg55InnOHcicLsMKJy0fRxr8tg9TElbzYGiatzgVoYzB3YEQ/640?wx_fmt=jpeg|http://mmbiz.qpic.cn/mmbiz_jpg/PuonlpSMs4H4ayzJDIobztWbGn60ib4ycp4nuLbFN3Y93D3S8cflLibO7yVJWuYODAnul4FFG9YKXIEp1OLz9qrg/640?wx_fmt=jpeg|https://mmbiz.qpic.cn/mmbiz_gif/v4vz52CcB11ibGD4rMl7qABQbGHsHYzrAA3ibRDiaBS4LhhoJLnM32KuM5UmnmRMajOtMP51QSzUPZ1ibwzwC5LYmQ/640?]]></image>
</data>
