<data>
  <id><![CDATA[67693169]]></id>
  <url><![CDATA[https://mp.weixin.qq.com/s?timestamp=1542262478&src=3&ver=1&signature=to5HIXOGi6yHsX-LCacvWSXC4r5Fy0CulqLGm9WZxapJeQwntYEJ1r43bFuW88e1NXVoZV7ZwO10B8RM7-dVIbiyLXLBmmgr74v5TXpWy4q0TE7oJxV5j66SJj3DZOYNAgy06l*kRia6NFoiQY2mhMqYvEA*ztnQcFeLKrgKBI4=]]></url>
  <title><![CDATA[醴陵市首届产后（新生儿）家庭访视技能竞赛决赛名单出炉！]]></title>
  <content><![CDATA[产后（新生儿）家庭访视工作是围产保健管理过程中保障母婴健康安全的重要环节，也是新医改方案中促进健康公平的重要内容，是保障产褥期母亲和新生儿的健康、促进母乳喂养、预防产后感染或产后抑郁症等危险因素发生的重要举措之一。为全面提升我市基本公共卫生服务水平，规范产后（新生儿）家庭访视工作流程。日前，由市卫计局举办的我市首届产后（新生儿）家庭访视竞赛复赛圆满结束。我市25个基层卫生院（社区卫生服务中心）团队和25个村医团队，参加了此次竞赛。比赛主要以实际操作为主，评分项目包含操作流程是否规范、产妇和新生儿检查是否符合要求以及母乳喂养指导、科学健教、案例综合评估等内容。经过四天的激烈角逐，由5位专家评委现场点评，采取百分之形式评分。最终前6名基层卫生院（社区卫生服务中心）团队和前6名村医团队进入决赛。供稿：市卫计局妇幼健康股编辑：李玲责编：李欣钰审核：张静文《醴陵健康》编辑整理，转载请注明来源！醴陵市卫计局官方微信平台普及健康知识发布卫计动态传播行业正能量推动健康醴陵建设宣传股电话：0731-22356722点击“阅读原文”，进入醴陵市卫计局官方网站]]></content>
  <author><![CDATA[醴陵健康]]></author>
  <time>2018-11-14 18:52:33</time>
  <account><![CDATA[llweiji]]></account>
  <image><![CDATA[https://mmbiz.qpic.cn/mmbiz_gif/PuonlpSMs4GNAmy6RpRzTNJRc20cFDgqF6wzv4cBnHWLtq5hHgiaBgHWVgBsSDULzVGD9frEZFhNSB7BKHUmhsA/640?wx_fmt=gif|https://mmbiz.qpic.cn/mmbiz_png/v4vz52CcB13ezhxtUcpsLAG91vias5Cicb6q7oiaABkgc5iaIC8BFPeFOZ0BKHRlBRrVguoPP5t9XZ7OE0EB9dVNNA/640?|https://mmbiz.qpic.cn/mmbiz_jpg/PuonlpSMs4HSlcgfUNTjFH7Tr8qb9o5TfnF9IpIJUf034CGAaSTkBlQsbKylnYLzRVRZ1VmqcF9XNGgjFwcU0Q/640?wx_fmt=jpeg|https://mmbiz.qpic.cn/mmbiz_jpg/PuonlpSMs4HSlcgfUNTjFH7Tr8qb9o5T4dck9gqbe5eZS41Ic7csMw916RX31gm5BV8YfwKsBRWpgPtV433iabQ/640?wx_fmt=jpeg|https://mmbiz.qpic.cn/mmbiz_jpg/PuonlpSMs4HSlcgfUNTjFH7Tr8qb9o5Tl10WaricK7gdI88zLusF5hveq1DCGUdbdIgvgicr0DR3bU7d2yykQIiaQ/640?wx_fmt=jpeg|https://mmbiz.qpic.cn/mmbiz_png/Ljib4So7yuWiaDZXibogKRV40pHrx0xQowPIdoOuLmqehmN0EtTUh87MhGZSWxKNcvnqt127s9mmx3ERY2F9RkgMg/640?wx_fmt=png|https://mmbiz.qpic.cn/mmbiz_png/Ljib4So7yuWiaDZXibogKRV40pHrx0xQowPIdoOuLmqehmN0EtTUh87MhGZSWxKNcvnqt127s9mmx3ERY2F9RkgMg/640?wx_fmt=png|https://mmbiz.qpic.cn/mmbiz_jpg/PuonlpSMs4HSlcgfUNTjFH7Tr8qb9o5TuF1cn9FeL3sjRuaU1ZPRvRyiaiay8xiccT4aZmelVZc40bDFZd3U9N98g/640?wx_fmt=jpeg|https://mmbiz.qpic.cn/mmbiz_png/Ljib4So7yuWiaDZXibogKRV40pHrx0xQowPIdoOuLmqehmN0EtTUh87MhGZSWxKNcvnqt127s9mmx3ERY2F9RkgMg/640?wx_fmt=png|https://mmbiz.qpic.cn/mmbiz_png/Ljib4So7yuWiaDZXibogKRV40pHrx0xQowPIdoOuLmqehmN0EtTUh87MhGZSWxKNcvnqt127s9mmx3ERY2F9RkgMg/640?wx_fmt=png|https://mmbiz.qpic.cn/mmbiz_png/PuonlpSMs4HSlcgfUNTjFH7Tr8qb9o5TPbdcxgk06K88icUziaCZ58UpDia8r5zZ9Szq99LL5FPickxXdaLZK9VDGQ/640?wx_fmt=png|https://mmbiz.qpic.cn/mmbiz_png/PuonlpSMs4HSlcgfUNTjFH7Tr8qb9o5THgQW0UibJCHE7y1JfGDAmJK5j8ldSKHQUrrs8KXD3rcgIyYUISVafhw/640?wx_fmt=png|https://mmbiz.qpic.cn/mmbiz_png/PuonlpSMs4HSlcgfUNTjFH7Tr8qb9o5TX7uONAZU0ib5MQlxSDz5AekVTWibqREgwpteklR0Libicm7thiaROibSzu4w/640?wx_fmt=png|https://mmbiz.qpic.cn/mmbiz_png/PuonlpSMs4HSlcgfUNTjFH7Tr8qb9o5TJBc9hf5OvYTPOpFse5DPnRicyZ64Al4ePycWibAjzJrIzdicv1jFyQL3Q/640?wx_fmt=png|https://mmbiz.qpic.cn/mmbiz_png/ianq03UUWGmKXAE112VF34vSftSGzVkt0onXiboDus3YQE5rjh9VpYzVWn4F3mbmQWGeS90H5Fwl8ItcIhwNic4rw/640?wx_fmt=png|http://mmbiz.qpic.cn/mmbiz_jpg/PuonlpSMs4H4ayzJDIobztWbGn60ib4ycodydJPrdyg55InnOHcicLsMKJy0fRxr8tg9TElbzYGiatzgVoYzB3YEQ/640?wx_fmt=jpeg|http://mmbiz.qpic.cn/mmbiz_jpg/PuonlpSMs4H4ayzJDIobztWbGn60ib4ycp4nuLbFN3Y93D3S8cflLibO7yVJWuYODAnul4FFG9YKXIEp1OLz9qrg/640?wx_fmt=jpeg|https://mmbiz.qpic.cn/mmbiz_gif/v4vz52CcB11ibGD4rMl7qABQbGHsHYzrAA3ibRDiaBS4LhhoJLnM32KuM5UmnmRMajOtMP51QSzUPZ1ibwzwC5LYmQ/640?]]></image>
</data>
