<data>
  <id><![CDATA[67693169]]></id>
  <url><![CDATA[https://mp.weixin.qq.com/s?timestamp=1542262478&src=3&ver=1&signature=to5HIXOGi6yHsX-LCacvWSXC4r5Fy0CulqLGm9WZxapJeQwntYEJ1r43bFuW88e1NXVoZV7ZwO10B8RM7-dVIdAEeVA5QS8ZFJU15HLy0U49gqhiInDT8jyootjJvs2hCoOAkEY5S0NQrNCfwPQMTS5Hgk2rtIClLihCetpvevc=]]></url>
  <title><![CDATA[志愿下基层我们再出发|他们把医院“搬”到了我家！]]></title>
  <content><![CDATA[六月，酷热炎炎，97名红色马甲志愿军加入到健康扶贫行列，为我市偏远山区的贫困患者送去健康服务。十一月，落叶斑斓而凝重，初冬来了，我们的健康扶贫志愿军和家庭医生团队又出发了……“我们先给您做检查，您先睡着。”健康扶贫志愿者小分队正在官庄镇横江村冯立全老人家中细心地为其做检查。92岁的冯大爷双目失明并患有严重的小肠下垂，儿子也身患疾病。2015年，这个家庭被纳入建档立卡贫困户。早在2016年，老人接受健康体检时就查出了病情，因为担心手术风险，老人的病就一直拖了下来。去年，启动家庭医生签约服务以后，官庄镇卫生院的家庭医生都会定期上门为其检查身体和指导用药。今年6月，志愿者们了解情况后，便把“医院”搬到了老人家中，他们的“大包小包”里，装满了各种检查仪器。“还是建议手术治疗最好，如果不能做手术的话，那就多休息，我们也会经常做回访、跟踪，有任何不舒服，你可以随时打电话。”B超、心电图、血压测量、心脏听诊，健康扶贫志愿者细心地为老人做全方位检查，还不忘叮嘱老人的家属。家住沩山镇新东堡村的陈明武，同样享受了这种贴心、周到的服务。“吃了你们的药，这段时间出气（呼吸）还是好多了，谢谢你们经常来看我。”见到家庭医生和健康扶贫志愿者，陈明武热情地上前迎接。陈大爷由于多年患有冠心病，还患前列腺增生有小便排尿困难的症状，致使不能手术，只能保守治疗。对此，家庭医生会定期上门帮老人换尿管，并免费提供相关药物，而健康扶贫志愿者也会在每一次的回访时给予全面的专业检查与指导。陈明武的妻子满是感激地告诉笔者，“为了方便我们，他们真的是把医院'搬'到了我家，白天黑夜，随叫随到，真的很好！”健康扶贫志愿服务让上级优质医疗资源下沉到村、入户，得到卫计系统内外专业医卫人士的积极响应，成为了我市健康扶贫的一种创新服务模式。而“家庭医生团队+健康扶贫志愿者”的组合军，让健康服务水平得到提升，贫困户的获得感也更强。截至目前，此次健康扶贫志愿活动已为沩山镇、官庄镇、茶山镇的686户贫困家庭送去了免费周到的健康服务。编辑：李玲责编：李欣钰审核：张静文《醴陵健康》编辑整理，转载请注明来源！醴陵市卫计局官方微信平台普及健康知识发布卫计动态传播行业正能量推动健康醴陵建设宣传股电话：0731-22356722点击“阅读原文”，进入醴陵市卫计局官方网站]]></content>
  <author><![CDATA[醴陵健康]]></author>
  <time>2018-11-13 22:05:32</time>
  <account><![CDATA[llweiji]]></account>
  <image><![CDATA[https://mmbiz.qpic.cn/mmbiz_gif/PuonlpSMs4GNAmy6RpRzTNJRc20cFDgqF6wzv4cBnHWLtq5hHgiaBgHWVgBsSDULzVGD9frEZFhNSB7BKHUmhsA/640?wx_fmt=gif|https://mmbiz.qpic.cn/mmbiz_jpg/PuonlpSMs4GVjicTNFFQgSxVqbycpG3gUpY1KibPrAoibQH5mL34ibMicNVxm4sOCqkSdWdPzof3RdyZrAydTRdghSA/640?wx_fmt=jpeg|https://mmbiz.qpic.cn/mmbiz_jpg/PuonlpSMs4GVjicTNFFQgSxVqbycpG3gUt1OiapMU16xWxuYnAAuPYWKRStK5gwYX0POSKxiaU4Y3LgkzPBRvTBLQ/640?wx_fmt=jpeg|https://mmbiz.qpic.cn/mmbiz_gif/v4vz52CcB126iaGhvccLFKCySI5tMEsx6wAaKaAzsULYo5aurYLjzEqbvmQPY5xuVKp9rtsjTYCiccccBkytEkZw/640?|https://mmbiz.qpic.cn/mmbiz_png/PuonlpSMs4GVjicTNFFQgSxVqbycpG3gUTUFwzqln8ibOR7SGK4nYXOWraInbp0ydSXRbJvBj8FyCsH9nw3wFN0Q/640?wx_fmt=png|https://mmbiz.qpic.cn/mmbiz_gif/v4vz52CcB126iaGhvccLFKCySI5tMEsx6wAaKaAzsULYo5aurYLjzEqbvmQPY5xuVKp9rtsjTYCiccccBkytEkZw/640?|https://mmbiz.qpic.cn/mmbiz_png/ianq03UUWGmKXAE112VF34vSftSGzVkt0onXiboDus3YQE5rjh9VpYzVWn4F3mbmQWGeS90H5Fwl8ItcIhwNic4rw/640?wx_fmt=png|http://mmbiz.qpic.cn/mmbiz_jpg/PuonlpSMs4H4ayzJDIobztWbGn60ib4ycodydJPrdyg55InnOHcicLsMKJy0fRxr8tg9TElbzYGiatzgVoYzB3YEQ/640?wx_fmt=jpeg|http://mmbiz.qpic.cn/mmbiz_jpg/PuonlpSMs4H4ayzJDIobztWbGn60ib4ycp4nuLbFN3Y93D3S8cflLibO7yVJWuYODAnul4FFG9YKXIEp1OLz9qrg/640?wx_fmt=jpeg|https://mmbiz.qpic.cn/mmbiz_gif/v4vz52CcB11ibGD4rMl7qABQbGHsHYzrAA3ibRDiaBS4LhhoJLnM32KuM5UmnmRMajOtMP51QSzUPZ1ibwzwC5LYmQ/640?]]></image>
</data>
