<data>
  <id><![CDATA[67693169]]></id>
  <url><![CDATA[https://mp.weixin.qq.com/s?timestamp=1542262478&src=3&ver=1&signature=to5HIXOGi6yHsX-LCacvWSXC4r5Fy0CulqLGm9WZxapJeQwntYEJ1r43bFuW88e1NXVoZV7ZwO10B8RM7-dVIdAEeVA5QS8ZFJU15HLy0U5QCCN-o273jiYyaZKCEYNvqORy255blYK9eBxsu0suR-eJDOpALR3FTfoghA8-eKM=]]></url>
  <title><![CDATA[钟勇军督查指导卫计系统党建工作]]></title>
  <content><![CDATA[11月13日，市委常委、组织部长钟勇军督查指导卫计系统党建工作。听取卫计工作情况汇报后，钟勇军指出，卫计工作是党委政府高度重视、社会高度关注的民生工程。当前卫计工作要突出抓好三个方面：卫计服务工作要精化管理，切实增强服务基层、服务患者的能力。要提升医疗服务水平，满足群众日益增长的健康需求，切实维护患者权益。要提升计生服务能力，切实做好优生优育服务，保障母婴安全，提高妇幼健康服务水平。要让有限的医保资金用在刀刃上，强化与人社部门协作，切实让医保资金发挥最大的效应。同时，要提升医疗水平，引进高端人才，强化人才培养，加强对口支援，不断提升医疗技术、计生服务、优生优育水平。基层党建工作要加强基层组织建设，强化党委对卫计工作的领导。卫计系统要树自己的典型，创自己的品牌，作出示范，多出经验，全面推介。同时要以整顿软弱涣散党组织为抓手，切实加强基层组织的凝聚力和执行力。机构改革工作要积极工作、正确对待，严格遵守机构改革工作纪律，全面贯彻执行改革任务，确保机构改革顺利实施。END来源：醴陵组工醴陵市卫计局官方微信平台普及健康知识发布卫计动态传播行业正能量推动健康醴陵建设宣传股电话：0731-22356722点击“阅读原文”，进入醴陵市卫计局官方网站]]></content>
  <author><![CDATA[醴陵健康]]></author>
  <time>2018-11-13 22:05:32</time>
  <account><![CDATA[llweiji]]></account>
  <image><![CDATA[https://mmbiz.qpic.cn/mmbiz_gif/PuonlpSMs4GNAmy6RpRzTNJRc20cFDgqF6wzv4cBnHWLtq5hHgiaBgHWVgBsSDULzVGD9frEZFhNSB7BKHUmhsA/640?wx_fmt=gif|https://mmbiz.qpic.cn/mmbiz_png/0ALeDkkXU8Ksq07deiaJvPz5CFdUhQ0h9icXQcKxMxHhx95aEcskAUicdKVhPyjtLd8PRfibVWyZoNZkznT5pCUxHw/640?wx_fmt=png|https://mmbiz.qpic.cn/mmbiz_jpg/0ALeDkkXU8Ksq07deiaJvPz5CFdUhQ0h9iamZkgb1jBSeiciaiaLic4bLSrkpsOtN8hENIlO1d9IjzlVbIKqOJkbH6ww/640?wx_fmt=jpeg|https://mmbiz.qpic.cn/mmbiz_jpg/0ALeDkkXU8Ksq07deiaJvPz5CFdUhQ0h9Idaia7vJnhkyDSqHg1RjMqa0h29XM0OVI0ibF5pIsoJWpDgf2qXRS7eA/640?wx_fmt=jpeg|https://mmbiz.qpic.cn/mmbiz_jpg/0ALeDkkXU8Ksq07deiaJvPz5CFdUhQ0h9r3V4ZJqnrWicZxpH3L4j2jHgnKbKmhbaSgt6u9IJGA6eojxZsteR00w/640?wx_fmt=jpeg|https://mmbiz.qpic.cn/mmbiz_png/ianq03UUWGmKXAE112VF34vSftSGzVkt0onXiboDus3YQE5rjh9VpYzVWn4F3mbmQWGeS90H5Fwl8ItcIhwNic4rw/640?wx_fmt=png|http://mmbiz.qpic.cn/mmbiz_jpg/PuonlpSMs4H4ayzJDIobztWbGn60ib4ycodydJPrdyg55InnOHcicLsMKJy0fRxr8tg9TElbzYGiatzgVoYzB3YEQ/640?wx_fmt=jpeg|http://mmbiz.qpic.cn/mmbiz_jpg/PuonlpSMs4H4ayzJDIobztWbGn60ib4ycp4nuLbFN3Y93D3S8cflLibO7yVJWuYODAnul4FFG9YKXIEp1OLz9qrg/640?wx_fmt=jpeg|https://mmbiz.qpic.cn/mmbiz_gif/v4vz52CcB11ibGD4rMl7qABQbGHsHYzrAA3ibRDiaBS4LhhoJLnM32KuM5UmnmRMajOtMP51QSzUPZ1ibwzwC5LYmQ/640?]]></image>
</data>
