<data>
  <id><![CDATA[67693169]]></id>
  <url><![CDATA[https://mp.weixin.qq.com/s?timestamp=1542262478&src=3&ver=1&signature=to5HIXOGi6yHsX-LCacvWSXC4r5Fy0CulqLGm9WZxapJeQwntYEJ1r43bFuW88e1NXVoZV7ZwO10B8RM7-dVIdAEeVA5QS8ZFJU15HLy0U7cRnQ2s7ZXaO7r0hQuQhu2n4HgNJwwv97zF7ci2M-RYqiyTgZ91ZVeFAF-yI8AgFo=]]></url>
  <title><![CDATA[我家有医生|熬夜下单？省的钱都不够你补身体！]]></title>
  <content><![CDATA[小编，你怎么了？这两天精神这么差，脸色苍白，熊猫眼都要掉到下巴了。诶，别提了，前天双十一，为了抢单真是拼了我的老命在熬啊！看来你这是典型的“熬夜综合症”啊！你要知道，这省的钱还不够为健康买单的哦……今天《我家有医生》就来和大家聊聊熬夜这件事儿。来源：混子曰醴陵市卫计局官方微信平台普及健康知识发布卫计动态传播行业正能量推动健康醴陵建设宣传股电话：0731-22356722点击“阅读原文”，进入醴陵市卫计局官方网站]]></content>
  <author><![CDATA[醴陵健康]]></author>
  <time>2018-11-13 22:05:32</time>
  <account><![CDATA[llweiji]]></account>
  <image><![CDATA[https://mmbiz.qpic.cn/mmbiz_gif/PuonlpSMs4GNAmy6RpRzTNJRc20cFDgqF6wzv4cBnHWLtq5hHgiaBgHWVgBsSDULzVGD9frEZFhNSB7BKHUmhsA/640?wx_fmt=gif|https://mmbiz.qpic.cn/mmbiz_png/PuonlpSMs4E7CVbqHZwTnbjs0mIe5He9FxuJxibBYEV3CdvQC1lzPvz6L8ic5tc9z0OKfx9RvLqahJGvdSHae6mQ/640?wx_fmt=png|https://mmbiz.qpic.cn/mmbiz_png/PuonlpSMs4E7CVbqHZwTnbjs0mIe5He9MdHT1abJtKDs9PHCJmFUf4yWwuzZdICoo4Cx4RibklqYzDkJeyy2z1g/640?wx_fmt=png|https://mmbiz.qpic.cn/mmbiz_png/PuonlpSMs4E7CVbqHZwTnbjs0mIe5He9FxuJxibBYEV3CdvQC1lzPvz6L8ic5tc9z0OKfx9RvLqahJGvdSHae6mQ/640?wx_fmt=png|https://mmbiz.qpic.cn/mmbiz_jpg/PuonlpSMs4Hwf5fZqoYpEhgaO0xDCkG2OZu2EHPyqDRVsyQJ3APiblv1acZpkVzj6lXJWJlvRdjxicO5VA1Ptz3g/640?wx_fmt=jpeg|https://mmbiz.qpic.cn/mmbiz_jpg/PuonlpSMs4E7CVbqHZwTnbjs0mIe5He9JfatX5ysWVqX1Mb3W7bsKNazMmpQm3P7GYuP4qdg0jvfRyC2EgdlTw/640?wx_fmt=jpeg|https://mmbiz.qpic.cn/mmbiz_jpg/tp6GaCh2ZTQRicL3yy6TBbA3Mrbabib5tWD7bicKDx3vNg0icNBicFrCeAY7wJ5ZpaU2iahKiamkq0vmFibyJN2WohhdUA/640?wx_fmt=jpeg|https://mmbiz.qpic.cn/mmbiz_jpg/tp6GaCh2ZTQRicL3yy6TBbA3Mrbabib5tWcnDmubfHN13Rbxd5KO2EU6IKTuna8IwEPOpItbEyv91CnQ8kujibT9g/640?wx_fmt=jpeg|https://mmbiz.qpic.cn/mmbiz_jpg/tp6GaCh2ZTQRicL3yy6TBbA3Mrbabib5tWqDS7icxp3F7gszjUtib3ibwcGwFymQ2Md5z5fQzZVbCLEUniacCJkiaiaNQw/640?wx_fmt=jpeg|https://mmbiz.qpic.cn/mmbiz_jpg/tp6GaCh2ZTQRicL3yy6TBbA3Mrbabib5tWdU4AibxG2d2JkBRXLyXBibs8S9qibVRmmksFA1AID7uqH8JOcib3STB9TA/640?wx_fmt=jpeg|https://mmbiz.qpic.cn/mmbiz_jpg/tp6GaCh2ZTQRicL3yy6TBbA3Mrbabib5tWIjZicAiakTaDIria5OIM2YqypjZIk4IDqg2A4jkqMyx8d1AjqtHyNPE2Q/640?wx_fmt=jpeg|https://mmbiz.qpic.cn/mmbiz_jpg/PuonlpSMs4E7CVbqHZwTnbjs0mIe5He9qdfGkexe7WP3xwSVb4SwGE7VOJ0ycKcW8oHWkGN0OjmVFkreAGTrSQ/640?wx_fmt=jpeg|https://mmbiz.qpic.cn/mmbiz_png/ianq03UUWGmKXAE112VF34vSftSGzVkt0onXiboDus3YQE5rjh9VpYzVWn4F3mbmQWGeS90H5Fwl8ItcIhwNic4rw/640?wx_fmt=png|http://mmbiz.qpic.cn/mmbiz_jpg/PuonlpSMs4H4ayzJDIobztWbGn60ib4ycodydJPrdyg55InnOHcicLsMKJy0fRxr8tg9TElbzYGiatzgVoYzB3YEQ/640?wx_fmt=jpeg|http://mmbiz.qpic.cn/mmbiz_jpg/PuonlpSMs4H4ayzJDIobztWbGn60ib4ycp4nuLbFN3Y93D3S8cflLibO7yVJWuYODAnul4FFG9YKXIEp1OLz9qrg/640?wx_fmt=jpeg|https://mmbiz.qpic.cn/mmbiz_gif/v4vz52CcB11ibGD4rMl7qABQbGHsHYzrAA3ibRDiaBS4LhhoJLnM32KuM5UmnmRMajOtMP51QSzUPZ1ibwzwC5LYmQ/640?]]></image>
</data>
