<data>
  <id><![CDATA[67693169]]></id>
  <url><![CDATA[https://mp.weixin.qq.com/s?timestamp=1542262478&src=3&ver=1&signature=to5HIXOGi6yHsX-LCacvWSXC4r5Fy0CulqLGm9WZxapJeQwntYEJ1r43bFuW88e1NXVoZV7ZwO10B8RM7-dVIbO8rso3m0ofP9IS2EUZe6JK-94Eoq6yk1MUkC6nHLLPflCLcS3HIPtn7EaycLHaC1Uk9F1xvIVEGXcZS2HjVqQ=]]></url>
  <title><![CDATA[强力推动整改回应群众期盼]]></title>
  <content><![CDATA[10月29日，市卫计局召开了卫计重点工作推进会。会议指出了目前卫计改革发展过程中面临的困难和问题，分析了“七个一”的工作现状，提出了“七个要”的工作要求。会后，卫计系统各股室（办）和医疗卫生机构迅速行动，通过召开专题会议、列出问题清单、严实查摆问题，强力推动整改，回应群众期盼。问题要从严整改湖南师范大学附属湘东医院在门诊大厅增加了青年志愿者服务岗，为患者提供一站式服务，变被动服务为主动服务，获得群众好评。市中医院启动“最多跑一次”行动，各部门通过优化流程，解决患者就诊过程中的堵点、难点，听其所听，视其所视，想其所想，让患者少跑路、更省心！考核要奋勇争先11月5日，湘东医院、兆和医院、泰安医院、远恒医院的健康扶贫志愿者来到官庄镇、沩山镇，与当地卫生院的医护人员一起，为建档立卡贫困户送去免费健康服务。通过创新服务方式、强化服务质量，解决偏远地区贫困患者就医难、看病难的问题。为积极防控传染病爆发流行，市四医院公卫科全体工作人员利用周末，对泗汾镇3岁至15岁人群进行腮腺炎疫苗接种，对3月龄至5周岁儿童进行Hib疫苗接种，目前已完成接种700余人次。宣传要大张旗鼓市卫计局宣传股在“醴陵健康”微信平台开通了《你问我答》专栏，及时解答群众关心、关注的卫计政策，有效扩大了群众知晓率，让更多老百姓享受卫计服务。市二医院为做到合理检查、合理收费、合理用药，严格按照“106个病种收付费标准”收取医药诊疗费用，做好服务对象的告知、解释工作，并将“两票制”政策、国家基本药物制度公布在宣传栏，接受群众监督。中医要高歌猛进市卫计局中医股对各基层卫生院的中医馆专地专用、中医处方、中医病例书写和中医适宜技术是否规范等问题进行督查，确保中医药服务健康发展。市三医院、东富镇卫生院、明月镇贺家桥卫生院通过推中医经方、添中医设备、用适宜技术，大力推广中医药服务。管理要敢于创新为方便群众办事，提升卫计良好形象，市卫计局办公室号召全体机关干部将方便留给办事群众，自觉将前坪停车位空出，为百姓留出“C位”，大家积极响应。为控制医疗费用不合理增长，缓解群众“看病难、看病贵”的问题，10月30日，市卫计局医改办组织我市五家公立医院医保科科长进行专题培训，着力推动按病种收付费政策。底线要坚守不破为保障医疗安全，提升医疗质量，11月1日-11月2日，市妇幼举办《医疗纠纷预防和处理条例》理解与实践培训班，通过学习，该院医务人员进一步提高了防范医疗风险意识。为进一步强化医疗机构对医疗废物、医疗污水处理的环保和卫生防病意识。10月30日起，市卫计局法规股和市卫计监督执法局工作人员对全市医疗卫生机构进行医疗废物和污水处理专项监督检查。发展要务求实效10月29日下午，为推动“新妇幼”项目的建设，召开了项目协调会。“新妇幼”的建成将为老百姓提供更优更全的医疗卫生服务。10月31日下午，南华附二醴陵兆和医院邀请各医联体单位负责人参加了医联体建设工作推进座谈会，会上就人才培养、下基层服务、技术帮扶、分级诊疗等多个问题进行了分析与交流。编辑：李玲  刘织平责编：李欣钰审核：张静文本平台原创，转载请务必注明来源“醴陵健康”。醴陵市卫计局官方微信平台普及健康知识发布卫计动态传播行业正能量推动健康醴陵建设宣传股电话：0731-22356722点击“阅读全文”，进入醴陵市卫计局官方网站]]></content>
  <author><![CDATA[醴陵健康]]></author>
  <time>2018-11-05 19:58:29</time>
  <account><![CDATA[llweiji]]></account>
  <image><![CDATA[https://mmbiz.qpic.cn/mmbiz_gif/PuonlpSMs4GNAmy6RpRzTNJRc20cFDgqF6wzv4cBnHWLtq5hHgiaBgHWVgBsSDULzVGD9frEZFhNSB7BKHUmhsA/640?wx_fmt=gif|https://mmbiz.qpic.cn/mmbiz_gif/v4vz52CcB13unO4gPb60t6NNXagHroicWgFQ0EiaMrPpTLNicnFVxLwMn7TMIHENr2PGWaZs8CzUUKCZgk3N5Y7OA/640?|https://mmbiz.qpic.cn/mmbiz_gif/v4vz52CcB13unO4gPb60t6NNXagHroicWDJe2MAoicuTicEFRydWJ94GUG5Tps9w3iaPwtbDocYCq9QDZAwibD2Zd4A/640?|https://mmbiz.qpic.cn/mmbiz_jpg/PuonlpSMs4Hoicl9peGibAt6J3aYJDyrSEeyzHgRZqonOZJS0GeeNuy5Gp2VI5IkXOpmwKQxOicASpqgRqzLOZ4bg/640?wx_fmt=jpeg|https://mmbiz.qpic.cn/mmbiz_jpg/PuonlpSMs4Hoicl9peGibAt6J3aYJDyrSE4Tib9GmoQbU2PaYHTMRaBz9xbFLJiaicapW8d2OMD0W3VAINp8tqa4k4A/640?wx_fmt=jpeg|https://mmbiz.qpic.cn/mmbiz_gif/v4vz52CcB13unO4gPb60t6NNXagHroicWgFQ0EiaMrPpTLNicnFVxLwMn7TMIHENr2PGWaZs8CzUUKCZgk3N5Y7OA/640?|https://mmbiz.qpic.cn/mmbiz_gif/v4vz52CcB13unO4gPb60t6NNXagHroicWDJe2MAoicuTicEFRydWJ94GUG5Tps9w3iaPwtbDocYCq9QDZAwibD2Zd4A/640?|https://mmbiz.qpic.cn/mmbiz_jpg/PuonlpSMs4Hoicl9peGibAt6J3aYJDyrSEhm0xAXMObBb7PzVFib8re2xhiawSnXdwzlhSKwjUu9KcMOz4mYIoEyNg/640?wx_fmt=jpeg|https://mmbiz.qpic.cn/mmbiz_jpg/PuonlpSMs4Hoicl9peGibAt6J3aYJDyrSE8A5vtYvvkCibiaGAMRaicTtsgt9N3xMujeTiaFU16tssjyicAjVicbHjqZ6A/640?wx_fmt=jpeg|https://mmbiz.qpic.cn/mmbiz_gif/v4vz52CcB13unO4gPb60t6NNXagHroicWgFQ0EiaMrPpTLNicnFVxLwMn7TMIHENr2PGWaZs8CzUUKCZgk3N5Y7OA/640?|https://mmbiz.qpic.cn/mmbiz_gif/v4vz52CcB13unO4gPb60t6NNXagHroicWDJe2MAoicuTicEFRydWJ94GUG5Tps9w3iaPwtbDocYCq9QDZAwibD2Zd4A/640?|https://mmbiz.qpic.cn/mmbiz_jpg/PuonlpSMs4Hoicl9peGibAt6J3aYJDyrSERtEvvAzsqC4WliciczkV5y6s19UKa5UVAhO25ggkle6GdZ7j7PL5gGeQ/640?wx_fmt=jpeg|https://mmbiz.qpic.cn/mmbiz_jpg/PuonlpSMs4Hoicl9peGibAt6J3aYJDyrSEoe6KxJXZLJpkqkX3ApD6XCbFdGrjjg80hlyAjk3qA3wkovaibDFssFg/640?wx_fmt=jpeg|https://mmbiz.qpic.cn/mmbiz_gif/v4vz52CcB13unO4gPb60t6NNXagHroicWgFQ0EiaMrPpTLNicnFVxLwMn7TMIHENr2PGWaZs8CzUUKCZgk3N5Y7OA/640?|https://mmbiz.qpic.cn/mmbiz_gif/v4vz52CcB13unO4gPb60t6NNXagHroicWDJe2MAoicuTicEFRydWJ94GUG5Tps9w3iaPwtbDocYCq9QDZAwibD2Zd4A/640?|https://mmbiz.qpic.cn/mmbiz_jpg/PuonlpSMs4Hoicl9peGibAt6J3aYJDyrSE78rfolpz9Ty5S23Wf8OvtguNBicKAzxKH5VpmZ3cwVaQS2sDaPw2cdQ/640?wx_fmt=jpeg|https://mmbiz.qpic.cn/mmbiz_jpg/PuonlpSMs4Hoicl9peGibAt6J3aYJDyrSEhD0J1hia9UsvK9Opr1yCPSK1TkWvsib5cd2kHsk8nDeicssRdIqic3ZX2Q/640?wx_fmt=jpeg|https://mmbiz.qpic.cn/mmbiz_gif/v4vz52CcB13unO4gPb60t6NNXagHroicWgFQ0EiaMrPpTLNicnFVxLwMn7TMIHENr2PGWaZs8CzUUKCZgk3N5Y7OA/640?|https://mmbiz.qpic.cn/mmbiz_gif/v4vz52CcB13unO4gPb60t6NNXagHroicWDJe2MAoicuTicEFRydWJ94GUG5Tps9w3iaPwtbDocYCq9QDZAwibD2Zd4A/640?|https://mmbiz.qpic.cn/mmbiz_jpg/PuonlpSMs4Hoicl9peGibAt6J3aYJDyrSEDjg3YGj6OjMMjO8aYU6Lynn9Bh68BX1waqLjTFNkEVicaUmUp3QZfwg/640?wx_fmt=jpeg|https://mmbiz.qpic.cn/mmbiz_jpg/PuonlpSMs4Hoicl9peGibAt6J3aYJDyrSEg6CMXiaYDbOFY9U1sceCOJJZiakEmmkAIDibw1ibR6k8M3Mvfmd7icygzIA/640?wx_fmt=jpeg|https://mmbiz.qpic.cn/mmbiz_gif/v4vz52CcB13unO4gPb60t6NNXagHroicWgFQ0EiaMrPpTLNicnFVxLwMn7TMIHENr2PGWaZs8CzUUKCZgk3N5Y7OA/640?|https://mmbiz.qpic.cn/mmbiz_gif/v4vz52CcB13unO4gPb60t6NNXagHroicWDJe2MAoicuTicEFRydWJ94GUG5Tps9w3iaPwtbDocYCq9QDZAwibD2Zd4A/640?|https://mmbiz.qpic.cn/mmbiz_jpg/PuonlpSMs4Hoicl9peGibAt6J3aYJDyrSEibjzUnaRBgF7ic8NSjNiaeuJHiaia73frPcst0ibAHH3d0DS8V7q3rlDD3Sg/640?wx_fmt=jpeg|https://mmbiz.qpic.cn/mmbiz_jpg/PuonlpSMs4Hoicl9peGibAt6J3aYJDyrSEOu7MDITRd0IecCWSv85QTQBDButVibaiaCbXsN8jcO8JVibTLDzicj8MxA/640?wx_fmt=jpeg|https://mmbiz.qpic.cn/mmbiz_gif/v4vz52CcB13unO4gPb60t6NNXagHroicWgFQ0EiaMrPpTLNicnFVxLwMn7TMIHENr2PGWaZs8CzUUKCZgk3N5Y7OA/640?|https://mmbiz.qpic.cn/mmbiz_gif/v4vz52CcB13unO4gPb60t6NNXagHroicWDJe2MAoicuTicEFRydWJ94GUG5Tps9w3iaPwtbDocYCq9QDZAwibD2Zd4A/640?|https://mmbiz.qpic.cn/mmbiz_jpg/PuonlpSMs4Hoicl9peGibAt6J3aYJDyrSEBPSkgA5icy1GXvDMKw8mhrcT3Wml25s49Bf0ValTCxTBt2WiboOP4jZQ/640?wx_fmt=jpeg|https://mmbiz.qpic.cn/mmbiz_jpg/PuonlpSMs4Hoicl9peGibAt6J3aYJDyrSEG7oQcico84dR0uTKgmtrFF48uYFGv20iavF8CtbbcGaIMfVXcnvCIk8w/640?wx_fmt=jpeg|https://mmbiz.qpic.cn/mmbiz_png/ianq03UUWGmKXAE112VF34vSftSGzVkt0onXiboDus3YQE5rjh9VpYzVWn4F3mbmQWGeS90H5Fwl8ItcIhwNic4rw/640?wx_fmt=png|http://mmbiz.qpic.cn/mmbiz_jpg/PuonlpSMs4H4ayzJDIobztWbGn60ib4ycodydJPrdyg55InnOHcicLsMKJy0fRxr8tg9TElbzYGiatzgVoYzB3YEQ/640?wx_fmt=jpeg|http://mmbiz.qpic.cn/mmbiz_jpg/PuonlpSMs4H4ayzJDIobztWbGn60ib4ycp4nuLbFN3Y93D3S8cflLibO7yVJWuYODAnul4FFG9YKXIEp1OLz9qrg/640?wx_fmt=jpeg|https://mmbiz.qpic.cn/mmbiz_gif/v4vz52CcB11ibGD4rMl7qABQbGHsHYzrAA3ibRDiaBS4LhhoJLnM32KuM5UmnmRMajOtMP51QSzUPZ1ibwzwC5LYmQ/640?]]></image>
</data>
