<data>
  <id><![CDATA[67693169]]></id>
  <url><![CDATA[https://mp.weixin.qq.com/s?timestamp=1542262478&src=3&ver=1&signature=to5HIXOGi6yHsX-LCacvWSXC4r5Fy0CulqLGm9WZxapJeQwntYEJ1r43bFuW88e1NXVoZV7ZwO10B8RM7-dVIQUuKVrBtI8z4NW6jMpNe9BCz569hm*FbTB1vgDJ96*BAZNLOnyGeiWY52H5kEn4FCPxQSFIDc8GAKK07UM8yxM=]]></url>
  <title><![CDATA[我家有医生|柚子的神奇功效！难以置信！]]></title>
  <content><![CDATA[中医名著本草纲目之中就有记载，吃柚子能够有效的解决、去肠胃恶气，同时还能止咳化痰。除了直接服用的方法之外，也可以将柚子制作成为柚子茶服用，是一种非常好的养生水果，同时还能够起到美容的作用。今天《我家有医生》为您讲讲，吃柚子到底有哪些好处？第一：去除色斑柚子之中含有丰富的维生素C，将柚子切开之后浇上一些蜂蜜，然后轻轻的涂抹、按摩皮肤，这样能够很好的美白皮肤。第二：增强体质柚子能有效的帮助身体吸收钙质以及铁质，对于身体非常的有好处。另外柚子中含有比较多的天然叶酸，这对于正在备孕或者是怀孕期间的女性非常的好，能有效的预防贫血，并且对于胎儿发育也有很好的促进作用。第三：有利于减肥营养专家研究发现，在不改变其他饮食习惯的基础之上，每天在饭前吃半个柚子，然后坚持十二周以上的时间，能够起到非常好的减肥作用。为什么会出现这种情况呢，主要原因就是由于柚子之中所含有的一种化合物能够有效的加快脂肪进行燃烧，所以柚子也是一种天然的减肥水果。第四：保护心脏每天吃一个柚子，能够有效的降低人体之中的坏胆固醇以及甘油三酯。特别是深红色的柚子对于心脏健康效果更好，因为他其中含有的氧化剂更高。柚子皮的好处止咳化痰：将柚子皮切碎之后和川贝母以及蜂蜜一起入锅蒸煮，煮烂之后进行密封储存，每天早晚的时候服用。这种方法对于那些老年人咳嗽起床以及口干、手足发热的情况具有很好的治疗效果。治疗冻疮：将柚子皮晒干之后煮水，然后热敷在冻伤的位置就可以了。有破损的地方千万不能够热敷，需要特别注意的是，使用柚子皮的时候一定要将内部的白瓤全部去除掉，这样才能够令气味更加的浓郁芬芳，同时治病的效果也是更好的。选柚子的小窍门1.选尖不选圆，越尖越好。2.选大不选小，大个头成熟的会更好。3.选黄不选青，黄色的比青色的成熟更早。4.选重不选轻，重的果实比较饱满。5.挑选柚子时用手指按住底端，按不动的最好。来源： 中外好书精华醴陵市卫计局官方微信平台普及健康知识发布卫计动态传播行业正能量推动健康醴陵建设宣传股电话：0731-22356722点击“阅读原文”，进入醴陵市卫计局官方网站]]></content>
  <author><![CDATA[醴陵健康]]></author>
  <time>2018-11-09 19:22:09</time>
  <account><![CDATA[llweiji]]></account>
  <image><![CDATA[https://mmbiz.qpic.cn/mmbiz_gif/PuonlpSMs4GNAmy6RpRzTNJRc20cFDgqF6wzv4cBnHWLtq5hHgiaBgHWVgBsSDULzVGD9frEZFhNSB7BKHUmhsA/640?wx_fmt=gif|https://mmbiz.qpic.cn/mmbiz_jpg/PuonlpSMs4Hwf5fZqoYpEhgaO0xDCkG2OZu2EHPyqDRVsyQJ3APiblv1acZpkVzj6lXJWJlvRdjxicO5VA1Ptz3g/640?wx_fmt=jpeg|https://mmbiz.qpic.cn/mmbiz_png/PuonlpSMs4Gs6iccJVj1AiaJzBxK3Lzjgyd9Lvca5vwVhQnxGDrm4zA6SpoQJ1TPoHzUxjxoKKlhkHFxuyQd0Bpw/640?wx_fmt=png|https://mmbiz.qpic.cn/mmbiz_jpg/PuonlpSMs4Gs6iccJVj1AiaJzBxK3LzjgyAMLIpIqwydy4AicHkAFhgYOoV0ZaQVf8iaYMs6okeqzZyYn2zFYrJqSA/640?wx_fmt=jpeg|https://mmbiz.qpic.cn/mmbiz_png/PuonlpSMs4Gs6iccJVj1AiaJzBxK3LzjgyjrIPcgNe7nQ0kOzN7OSupuSC6W3xIuCzVw1DOyStZ4ZuasNXDoI47g/640?wx_fmt=png|https://mmbiz.qpic.cn/mmbiz_png/PuonlpSMs4Gs6iccJVj1AiaJzBxK3Lzjgycz0cHWO0Jg1bYcs7wh4KBV8lHplfAmzFKP3Wo3I8dsNM9ytjvxGBKQ/640?wx_fmt=png|https://mmbiz.qpic.cn/mmbiz_png/v4vz52CcB101KTY7AJoibiaUD1zoqv6G2slY1lhqDsaKyjz0EKQcibQcH875gJDuUp8CqknvsqpZWW3v19X5Fc7ibA/640?|https://mmbiz.qpic.cn/mmbiz_png/v4vz52CcB101KTY7AJoibiaUD1zoqv6G2smfnicMHQeSt1V2OLeibI5XWKaNkXFvLGQhEhT6yiaIqxgyId78XUJdg5A/640?|https://mmbiz.qpic.cn/mmbiz_png/PuonlpSMs4Gs6iccJVj1AiaJzBxK3Lzjgy5n7sMrAYdTA3iamE2cED0lbZicg2OhXlQH0nelnd3Aa28gzUIhzxrENA/640?wx_fmt=png|https://mmbiz.qpic.cn/mmbiz_png/v4vz52CcB101KTY7AJoibiaUD1zoqv6G2slY1lhqDsaKyjz0EKQcibQcH875gJDuUp8CqknvsqpZWW3v19X5Fc7ibA/640?|https://mmbiz.qpic.cn/mmbiz_png/v4vz52CcB101KTY7AJoibiaUD1zoqv6G2smfnicMHQeSt1V2OLeibI5XWKaNkXFvLGQhEhT6yiaIqxgyId78XUJdg5A/640?|https://mmbiz.qpic.cn/mmbiz_png/ianq03UUWGmKXAE112VF34vSftSGzVkt0onXiboDus3YQE5rjh9VpYzVWn4F3mbmQWGeS90H5Fwl8ItcIhwNic4rw/640?wx_fmt=png|http://mmbiz.qpic.cn/mmbiz_jpg/PuonlpSMs4H4ayzJDIobztWbGn60ib4ycodydJPrdyg55InnOHcicLsMKJy0fRxr8tg9TElbzYGiatzgVoYzB3YEQ/640?wx_fmt=jpeg|http://mmbiz.qpic.cn/mmbiz_jpg/PuonlpSMs4H4ayzJDIobztWbGn60ib4ycp4nuLbFN3Y93D3S8cflLibO7yVJWuYODAnul4FFG9YKXIEp1OLz9qrg/640?wx_fmt=jpeg|https://mmbiz.qpic.cn/mmbiz_gif/v4vz52CcB11ibGD4rMl7qABQbGHsHYzrAA3ibRDiaBS4LhhoJLnM32KuM5UmnmRMajOtMP51QSzUPZ1ibwzwC5LYmQ/640?]]></image>
</data>
