<data>
  <id><![CDATA[67693169]]></id>
  <url><![CDATA[https://mp.weixin.qq.com/s?timestamp=1542262478&src=3&ver=1&signature=to5HIXOGi6yHsX-LCacvWSXC4r5Fy0CulqLGm9WZxapJeQwntYEJ1r43bFuW88e1NXVoZV7ZwO10B8RM7-dVIbO8rso3m0ofP9IS2EUZe6LPfhtlwz7cw2-LXBFyzTij9ky4SD*w77AmPfgQSu--H0kV0xrjml0Vq2p-B4eUe7k=]]></url>
  <title><![CDATA[本周，有哪些省级专家来醴坐诊呢？]]></title>
  <content><![CDATA[大医院看病人满为患为挂专家号宁愿上黄牛党的“钩”你是否遇到过以上这样的情形还是你正在遭遇这样的状况小伙伴们~“湘雅乡情·专家醴陵行”活动持续开展挂专家号只需一个电话提前预约全搞定让你在家门口就能轻松享受省级专家的医疗服务哦“湘雅乡情•专家醴陵行”活动启动以来，在市委组织部、市卫计局的积极推动下，活动取得良好成效，有效助推优质医疗资源下沉，快速提升我市医疗卫生服务水平，得到了醴陵市民的广泛认可和好评。现将本周省级专家来醴坐诊信息发布如下，请大家收藏并转发，让更多人受益。市中医院专家坐诊安排表预约名额：每个坐诊专家限号15个预约电话：23243600预约时间：即日起每天（8:00—12:00、15:00—17:00）预约地址：醴陵市中医院门诊市妇幼专家坐诊查房手术安排表预约电话：23248314预约时间：即日起每天（8:00—12:00、14:00—17:00）预约地址：市妇幼门诊楼一楼收费室南华附二醴陵兆和医院专家坐诊安排表专家介绍何洪波教授何洪波，男，医学博士，骨科教授，主任医师，现任中南大学湘雅医院骨病骨肿瘤专科主任，兼大骨科副主任。2014年于美国EMORY大学研修一年。主持国家自然科学基金面上项目一项，主持湖南省自然科学基金项目一项；以第一作者或通讯作者发表论文20余篇，其中SCI收录8篇，CSCD收录1篇。入选中南大学531人才工程；主攻方向：骨肿瘤及疑难骨病。游运辉教授游运辉，男，中南大学湘雅医院教授，主任医师，医学博士，硕士生导师，湖南省风湿病学会委员，现任湘雅常德医院风湿免疫科主任。自1985年从医以来，长期工作在临床第一线，临床经验丰富，对风湿免疫性疾病，肾脏病及感染性疾病的发病机制研究及临床诊治都有较深的造诣。擅长系统性红斑狼疮，类风湿关节炎，强直性脊柱炎，痛风及发热性疾病的诊治。先后发表学术论文30余篇，主持省级课题3项，主编著作1部，参编著作6部，获湖南省科技进步三等奖及省卫生厅科技成果二等奖各1项。培养硕士研究生多名。2017年9月组建湘雅常德医院风湿免疫科，并担任科室主任。张娟教授张娟，女，中南大学湘雅医院主任医师，心血管内科专业博士，教授，急诊科副主任，中华医学会青年委员，中华医学会急诊分会心血管病学组委员。擅长高血压、冠心病、心力衰竭，尤善治疗各种心血管急症。2011年2月至2012年6月受省委组织部派遣到新疆吐鲁番地区人民医院援助，建立了急诊ICU病房，受到当地领导群众好评，被评为全疆优秀援疆干部，2015年5月到深圳市盐田区人民医院指导急诊科建设。解发良教授解发良，男，主任医师，二级教授，湖南省名中医，特需知名专家，湖南省医学会理事，湖南省中西医结合学会理事。湖南省保健委员会干部保健专家。对于糖尿病及糖尿病的并发症、甲状腺疾病，甲亢突眼症、老年高血压病、冠心病、痛风、青春期皮肤粉刺，顽固性皮肤湿疹、更年期综合征或内分泌紊乱之月经不调，久不受孕，脾胃功能失调性疾病，具有独特的治疗效果。其创制的 “甲亢安片”治疗甲亢、 “突眼平方”治疗甲亢突眼，“滋阴解毒润肤方”治疗糖尿病皮肤搔痒及并发湿疹等皮肤病，具有极佳之效。杨小红教授杨小红，女，中南大学湘雅医学院附属肿瘤医院乳腺内科副主任，主任医师。中国抗癌协会肿瘤内科专业委员会会员，湖南省妇幼保健与优生优育协会妇科与乳腺肿瘤防治专业委员会委员。从事肿瘤内科工作二十余年，具有扎实的医学理论知识及丰富的临床工作经验。擅长于乳腺癌、肺癌、恶性淋巴瘤及消化道肿瘤的化疗及靶向治疗。近年来专业主攻方向是乳腺癌的内科治疗：包括化疗、内分泌治疗及分子靶向治疗。参与多个抗癌新药的国内及国际多中心临床试验。彭增龙教授彭增龙，男，主任医师，教授，毕业于南华大学衡阳医学院，本科学历。株洲市医学会耳鼻咽喉专业委员会副主任委员兼秘书长，中南大学湘雅医学院兼职副教授，硕士生导师，《中华现代耳鼻咽喉科学杂志》编委。擅长耳鼻咽喉--头颈外科肿瘤，耳科学基础病及显微技术，鼻内镜技术。在省内外各大期刊发表论文7篇。廖积仁教授廖积仁，男，主任医师，南华大学兼职教授。湖南省121人才工程专家，株洲市核心专家，株洲市135卫生人才工程学科带头人。株洲市儿科质量控制中心副主任，株洲市妇幼保健院/株洲市儿童医院儿童健康中心副主任兼儿科大主任。任中华医学会湖南省围产医学专业委员会新生儿学组委员、中华医学会湖南省儿科学会急救学组委员、株洲市儿科学会委员、株洲市重症医学会委员、株洲市围产医学会委员。湖南省及株洲市“劳动模范”、株洲市“十佳医生”、株洲市“知名中青年医生”，入选“湖湘名医”。 从事儿科临床、教学和科研年，并一直工作在临床第一线，对儿科领域疾病的诊治积累了丰富的经验，擅长儿科常见病诊治，如：急性小儿腹泻、小儿肺炎、小儿哮喘、小儿消化不良、小儿保健及新生儿重症急救。任飞副教授任飞，男，中南大学湘雅医院副教授，副主任医师。现任中华医学会疼痛学会青年委员，湖南省疼痛学会青年委员。任飞医生自2001年以来一直从事临床疼痛诊疗工作，擅长神经病理性疼痛（带状疱疹后神经痛、三叉神经痛等）、颈肩腰腿痛、癌性疼痛的微创介入治疗。谢志钢副教授谢志钢，男，湖南中医药学会疼痛学分会委员，株洲北雅疼痛医院疼痛科创始人，副主任医师，2009年师从湖南省钱自亮教授专家组，2010年师从山东省立医院宋文阁、傅志俭核心专家组，尤其在等离子刀+臭氧微创介入（700余例填补地区及省内空白），等离子刀合并臭氧盘内减压+盘外多靶点射频热凝，小针刀+臭氧椎间孔内外口松解减压，椎间孔脊柱内镜微创等核心技术方面具有独到的体会与创新。至2016年熟练完成各类微创手术4000余台 ，疗效满意 。彭国庆教授彭国庆，女，主任医师，教授，博士，1991年7月毕业于中南大学湘雅医学院，毕业后一直在中南大学湘雅医院妇科临床一线工作20余年，对各类妇产科疾病有丰富的临床诊治经验。主攻子宫颈病变和妇科内镜，自2003年开始负责宫颈病变诊治，熟练掌握各类宫颈疾病的国内外最新诊治规范和手术方法，擅长运用妇科微创宫、腹腔镜诊疗各类妇科疾病，尤其是运用LEEP刀治疗各类宫颈癌前病变，总结了一套较独特的手术方法，真正体现了LEEP刀手术时间短、出血少、恢复快、疗效好的特点，吸引了全国各地的患者慕名前来就诊，发表相关论文两篇，其中被SCI收录1篇，被Medline收录1篇。邬玉辉副教授邬玉辉，女，中南大学湘雅医院乳腺科副教授，副主任医师，中国抗癌协会临床肿瘤学协作专业委员会(CSCO)会员，从事乳腺科临床和科研工作近20年，主要致力乳腺癌早期诊断和多学科综合治疗。对乳房肿块麦默通微创旋切、乳头溢液乳管镜检查、治疗及早期发现隐匿性病灶有较深的造诣。迄今已发表专业学术论文十余篇，参编著作2部承担并参与省部级课题七项。擅长疾病：乳腺癌早期诊断和以手术为主的综合治疗，乳房肿块麦默通微创旋切、乳头溢液乳管镜检查、治疗及早期发现隐匿性病灶。杨涛教授杨涛，男，主任医师、知名医师、学术带头人。湖南省首届中青年知名医师，湖南省预防医学会乳腺疾病防治专业委员会委员，株洲市乳腺癌专业委员会副主任委员，湖南省健康管理学会乳腺甲状腺健康管理专业委员会委员，湖南省甲状腺癌专业委员会委员，株洲市乳腺甲状腺外科特色专科学术带头人，先后在北京医科大学、湘雅医学院进修。致力于乳腺、甲状腺疾病的诊疗研究，熟练开展了乳腺甲状腺疾病的各种治疗。邓刚副教授邓刚，男，副主任医师，医学博士，外科学副教授，硕士研究生导师。中南大学微创外科研究所副所长兼秘书长。2011年受医院委派赴日本，专门研修内窥镜新技术；回国后于2012年建立了中南地区第一间整体微创手术室；通过这一平台，顺利开展了所有类型肝胆胰内窥镜微创手术（均为四类手术、每年700余例次），先后于2012年和2015年完成湖南省首例及中南地区首例肝胆胰内窥镜微创新技术的开展，实现了与国际前沿技术的紧密结合；2016年8月参加中华医学会消化内镜学组举办的“3E大师俱乐部”南中国赛区比赛，获得第三名；多次参加全国专业学术会议，培训各地学员200余人；并积极加强与基层单位的合作交流，先后培训湖南省各地区的医护人员20余人，加快了肝胆胰微创技术在基层医院的推广；协助科室成立了以发展内窥镜微创技术及精准医学为核心内容的中南大学肝胆胰微创外科研究所，并与国家人类基因组北方中心共同建设战略合作基地，为微创技术的发展奠定了坚实的科研平台。获得国家级实用新型专利2项，获得国家级发明专利授权1项。先后参与及主持国家级项目、省厅级项目共9项，发表SCI论文5篇（单篇最高影响因子5.008，总影响因13.974）。参编由人民卫生出版社和人民军医出版社出版学术专著2部。聂晚频教授聂晚频，男，主任医师，教授，硕士研究生导师，中南大学肝胆胰微创外科研究所副所长，湖南省医学会门脉高压症专业学组副组长；中华医学会湖南省外科分会委员；湖南省医学会血管外科专业委员会委员。从事普外科临床、科研、教学近30年，主要从事肝胆胰微创治疗、血管外科、门脉高压症等临床与基础研究工作。熟练掌握各项诊疗技术，熟练掌握腹腔镜微创治疗肝胆胰各类外科手术，腹腔镜下胃、结直肠癌根治术，腹腔镜下门脉高压脾大切除等，以及胰腺炎、重症胰腺炎的外科治疗，门脉高压症食道胃底静脉曲张破裂出血的内镜治疗，已开展胸腹主动脉夹层动脉瘤的腔内修复治疗、腹主动脉真性动脉瘤的手术及介入治疗、颈动脉疾病的手术及微创介入治疗、主动脉弓部开窗性支架腔内治疗弓部破口的疑难主动脉夹层、布加综合征的手术及介入治疗、先天性动脉、静脉畸形的手术治疗、股动脉假性动脉瘤破裂手术、下腔静脉滤网植入术、下肢动脉、静脉疾病的手术及微创治疗等，成功地救治了主动脉夹层合并严重并发症、腹主动脉瘤破裂、髂动脉瘤破裂、颈动脉外伤性断裂等生命垂危的患者。姚若全副教授姚若全，男，副主任医师，医学博士，外科学副教授，硕士研究生导师。1989年毕业于第一军医大学医疗系本科，长期从事外科学第一线临床医疗工作，在第四军医大学西京医院心脏外科、普通胸外科和普外科工作20余年，历经外科学临床严格训练，具有扎实的外科学基本功。调入湘雅三医院后，在普外科肝胆胰、门脉高压症亚专科工作至今，能熟练掌握该科临床医疗工作，包括普外科胃肠、乳甲及腹部创伤救治，作风严谨，手术治疗操作规范。在微创外科领域，能独立完成腔镜下部分肝叶切除，以及胃肠道肿瘤的切除和重建，腔镜下脾切除，胆囊切除等手术治疗。带硕士研究生2名，发表论文40余篇，参编专著7部，参与省自然科学基金和国家自然科学基金2项。醴陵市卫计局官方微信平台普及健康知识发布卫计动态传播行业正能量推动健康醴陵建设宣传股电话：0731-22356722点击“阅读原文”，进入醴陵市卫计局官方网站]]></content>
  <author><![CDATA[醴陵健康]]></author>
  <time>2018-11-05 19:58:29</time>
  <account><![CDATA[llweiji]]></account>
  <image><![CDATA[https://mmbiz.qpic.cn/mmbiz_gif/PuonlpSMs4GNAmy6RpRzTNJRc20cFDgqF6wzv4cBnHWLtq5hHgiaBgHWVgBsSDULzVGD9frEZFhNSB7BKHUmhsA/640?wx_fmt=gif|https://mmbiz.qpic.cn/mmbiz_gif/v4vz52CcB10fXrPCzuc6NvXoC0R6WA3Cdv8Y5v11g69gMFibFXWMGW3JSapzSzXgckNyrt8dgvP3Z9JkzoibM3ww/640?|https://mmbiz.qpic.cn/mmbiz/p6Vlqvia1Uicxyf6VB5RmPzHZYaSS8CCOrRibywtoIyUjAmKiceufpsrJ94tvrduxk891GeDDaZcLeoSNL9M4AYicqQ/640?wx_fmt=gif|https://mmbiz.qpic.cn/mmbiz_jpg/PuonlpSMs4EurvmflTEE1ozSjz4EzQKnKwbI5PVWMMSkhPmNvjHRDCiahs8w2oyAo3o7x5RMxvZHicMTSX0ibgY0g/640?wx_fmt=jpeg|https://mmbiz.qpic.cn/mmbiz/p6Vlqvia1Uicxyf6VB5RmPzHZYaSS8CCOrRibywtoIyUjAmKiceufpsrJ94tvrduxk891GeDDaZcLeoSNL9M4AYicqQ/640?wx_fmt=gif|https://mmbiz.qpic.cn/mmbiz_jpg/PuonlpSMs4EurvmflTEE1ozSjz4EzQKn6reYm3gddYicniamh3quB6eghoNNml0Z88qbPfC5DDZTUd61PfuCVPibg/640?wx_fmt=jpeg|https://mmbiz.qpic.cn/mmbiz_gif/Ljib4So7yuWjTnc6iagvFfzRDOTYSHpnrrVnhMRVBImrQYoHBGNGhjhHX6LprAc3fCbiaILXMLlw835J2rfUtPz8w/640?wx_fmt=gif|https://mmbiz.qpic.cn/mmbiz/s3tibY3aywM3EQ0B6pBIxN6mh7KcS21wFzicSDgIlRZnH4PAOqDB73LknQmbpnF1ib4RzibeFSX9YN6HRR4KjSrqOw/640?wx_fmt=gif|http://mmbiz.qpic.cn/mmbiz_png/v4vz52CcB11t5BLCNgPGUedkB0v5ZegQRHlMzic4C7hq2AibPRstohoK4ZRdW3ia2VhUkG7USgapWU958SBQjRr1Q/640?|https://mmbiz.qpic.cn/mmbiz_png/PuonlpSMs4Hoicl9peGibAt6J3aYJDyrSEZ2ibInxox7UsO4A4tuhYRYHGWQiaD9hjicxqSPgqedniaqBYWmb83lXjgg/640?wx_fmt=png|https://mmbiz.qpic.cn/mmbiz/s3tibY3aywM3EQ0B6pBIxN6mh7KcS21wFzicSDgIlRZnH4PAOqDB73LknQmbpnF1ib4RzibeFSX9YN6HRR4KjSrqOw/640?wx_fmt=gif|https://mmbiz.qpic.cn/mmbiz/s3tibY3aywM3EQ0B6pBIxN6mh7KcS21wFzicSDgIlRZnH4PAOqDB73LknQmbpnF1ib4RzibeFSX9YN6HRR4KjSrqOw/640?wx_fmt=gif|http://mmbiz.qpic.cn/mmbiz_png/v4vz52CcB11t5BLCNgPGUedkB0v5ZegQRHlMzic4C7hq2AibPRstohoK4ZRdW3ia2VhUkG7USgapWU958SBQjRr1Q/640?|https://mmbiz.qpic.cn/mmbiz_png/PuonlpSMs4Hoicl9peGibAt6J3aYJDyrSEZMA5N6pWibKU6Sf9IYkbFyeADQY3Qo8osHia0BicdwuWRZBoicTFbd0Ctg/640?wx_fmt=png|https://mmbiz.qpic.cn/mmbiz/s3tibY3aywM3EQ0B6pBIxN6mh7KcS21wFzicSDgIlRZnH4PAOqDB73LknQmbpnF1ib4RzibeFSX9YN6HRR4KjSrqOw/640?wx_fmt=gif|https://mmbiz.qpic.cn/mmbiz/s3tibY3aywM3EQ0B6pBIxN6mh7KcS21wFzicSDgIlRZnH4PAOqDB73LknQmbpnF1ib4RzibeFSX9YN6HRR4KjSrqOw/640?wx_fmt=gif|http://mmbiz.qpic.cn/mmbiz_png/v4vz52CcB11t5BLCNgPGUedkB0v5ZegQRHlMzic4C7hq2AibPRstohoK4ZRdW3ia2VhUkG7USgapWU958SBQjRr1Q/640?|https://mmbiz.qpic.cn/mmbiz_png/PuonlpSMs4Hoicl9peGibAt6J3aYJDyrSEbm28CnYzWPmXUfjaG4oN4sAZWkE3Id1zibyaaOA4WEkzalReuwdnhgw/640?wx_fmt=png|https://mmbiz.qpic.cn/mmbiz/s3tibY3aywM3EQ0B6pBIxN6mh7KcS21wFzicSDgIlRZnH4PAOqDB73LknQmbpnF1ib4RzibeFSX9YN6HRR4KjSrqOw/640?wx_fmt=gif|https://mmbiz.qpic.cn/mmbiz/hibQXialayt0F3qskcRvLrSDsQIibGurAvISwVYsF8pOibOIpzAO6Fz82F8fUHTP8FzClmcg61DAzZQQHAgrSiajwkg/640?|http://mmbiz.qpic.cn/mmbiz_jpg/PuonlpSMs4Hta1fu5giaQkdVpz1r6pyVkyqj0icR5sUzibcmwvLgiarWHlsuXZOCndqN0sjaSbWiclm3KCl7C5DBrNA/640?wx_fmt=jpeg|https://mmbiz.qpic.cn/mmbiz_jpg/7mjAFtZh42rNsFiaAaKRtewDCicFAp0oo0TrRRhhEOGG9PjWr288nnQ1m9MgPRQZJeAMczQgbpuiasyplBB3f9Ziaw/640?|https://mmbiz.qpic.cn/mmbiz_png/07daQ75mTQEoT2tjCc2tibI42TfpfNLDmHvicPmT70bthwEcp6v17QLeuh0KGx8HlCBpJ7a3kxcxgKU4Kiaq3Au8A/640?wx_fmt=png|https://mmbiz.qpic.cn/mmbiz_jpg/7mjAFtZh42rjjekfI498UCpk16kmSM5iasCqu6ykhCX8ic2qiaic3NnXF8Sx7YxaBklmQ5klSB1HpM6ULJ4GxHOKAw/640?|https://mmbiz.qpic.cn/mmbiz_png/07daQ75mTQEkicxwjyQvxH3ib4e7RtbGIJRfniaZ2nW5boFMnic5wpJibWvYkpDSEZ8MbEX6PRIicwHSibM0af9eHnSMA/640?wx_fmt=png|https://mmbiz.qpic.cn/mmbiz_png/07daQ75mTQHEj0hPEIRJjDMjHFblQKWCp0rDAOR2Y6RpEtLqZ1SmCc8qFdM36IS5u8FxW8mjFzmic8rMslWuopw/640?wx_fmt=png|https://mmbiz.qpic.cn/mmbiz_png/PuonlpSMs4ENoNnic6jx1AbV9nbpBuficIfSTtXeMBue5Ahn96VRRy6rAPKicuntibHxkyicfHU4KKS3RoXGkzoicf2A/640?|https://mmbiz.qpic.cn/mmbiz_png/07daQ75mTQEHQIFa5lozcyO9qMPk8ThVeOgiayZ8FDiaic0srkUibrWvJsia57JC8one4sbaPq3KFo1PXHVN0GxpPvw/640?wx_fmt=png|https://mmbiz.qpic.cn/mmbiz_png/vyMz8ric4ebVDMPjxXZPwnpWLNYdQexQcLvTnIlaGCCv1EqroibXqVaOQzPzM7WP23iadA74NzWW5j4AtzxOmfPew/640?|https://mmbiz.qpic.cn/mmbiz_png/PuonlpSMs4GKkRKIGKsZ5u389pJylIkvsFM0UyvkpqiclOlcnKEGRJvool4CtmePDkibibdpfZtO5Js3ag2WlTSIg/640?wx_fmt=png|https://mmbiz.qpic.cn/mmbiz_png/vyMz8ric4ebWJWN24zpTxsvhyg03sO0vclanuSvQhPBibTspFhyTpl1AyT5woYtzK5cOvO3SABXBwEQU2RcbTquQ/640?wx_fmt=png|https://mmbiz.qpic.cn/mmbiz_png/PuonlpSMs4Fibic6tUUEn1xqp1d8lWmtibDJjNq2cK9CsL1XnYzy7IZMsdHMhP8QCGpDnPLSDVTe0tnT8AHjpHKJA/640?wx_fmt=png|https://mmbiz.qpic.cn/mmbiz_png/PuonlpSMs4Fibic6tUUEn1xqp1d8lWmtibD9ZFfiaVvKEqQiaohkkvkgpmMPpHIExicicXBv6vz80oKRYurLCQEKUCFrg/640?wx_fmt=png|https://mmbiz.qpic.cn/mmbiz_png/PuonlpSMs4Fibic6tUUEn1xqp1d8lWmtibDxMcfPYkJUQM1ylVJkUc0d5jjyQ8yeibqkONvGuuXEHBqOziaiccjq0FibA/640?wx_fmt=png|http://mmbiz.qpic.cn/mmbiz_png/v4vz52CcB11ibGD4rMl7qABQbGHsHYzrAianzKqlRp6UVDkUcb4lgBpAxsbgCCOyFkmzr8TwXljojfP4mkC5cgHg/640?|http://mmbiz.qpic.cn/mmbiz_jpg/PuonlpSMs4H4ayzJDIobztWbGn60ib4ycodydJPrdyg55InnOHcicLsMKJy0fRxr8tg9TElbzYGiatzgVoYzB3YEQ/640?wx_fmt=jpeg|http://mmbiz.qpic.cn/mmbiz_jpg/PuonlpSMs4H4ayzJDIobztWbGn60ib4ycp4nuLbFN3Y93D3S8cflLibO7yVJWuYODAnul4FFG9YKXIEp1OLz9qrg/640?wx_fmt=jpeg|https://mmbiz.qpic.cn/mmbiz_gif/v4vz52CcB11ibGD4rMl7qABQbGHsHYzrAA3ibRDiaBS4LhhoJLnM32KuM5UmnmRMajOtMP51QSzUPZ1ibwzwC5LYmQ/640?]]></image>
</data>
