<data>
  <id><![CDATA[50364618]]></id>
  <url><![CDATA[https://mp.weixin.qq.com/s?timestamp=1539596610&src=3&ver=1&signature=Egrj350GoKY8-KUcIJshb4AxJ7PIsV9FYisZHvHDYVW7IuGwQaYJW9lR19xheep5gfl3imeFbXxOu-kO6J4y3gHazoE6CUDDlyy39BBi951qkuGF6SgniRb1ghRN1af3x6PGp2gaZrXpVQjuana3pdIxugSw0XaMr-kl4YT9bxM=]]></url>
  <title><![CDATA[节后第二天，送你3个好消息！]]></title>
  <content><![CDATA[降低社保费率、更大规模的减税、更加明显的降费……近期，国家明确正在研究新的减税降费措施，你的生活支出有望降低。国务院：抓紧研究提出降低社保费率方案国务院总理李克强9月18日主持召开国务院常务会议，要求把已定减税降费措施切实落实到位，确保社保费现有征收政策稳定。会议强调，要按照国务院明确的“总体上不增加企业负担”的已定部署，在机构改革中确保社保费现有征收政策稳定，有关部门要加强督查，严禁自行对企业历史欠费进行集中清缴，违反规定的要坚决纠正，坚决查处征管中的违法违纪行为。同时，要抓紧研究提出降低社保费率方案，与征收体制改革同步实施。财政部：研究更大规模的减税更加明显的降费措施针对社会关切的热点问题，财政部部长刘昆接受记者采访时表示，在积极财政政策作用下，今年减税降费力度进一步加大。除年初确定的全年减税降费1.1万亿元的政策措施外，又出台了促进实体经济发展、支持科技创新等的一系列措施，预计全年减税降费规模超过1.3万亿元。刘昆强调，减税政策效应显现需要一定的时间。如部分行业增值税税率从5月1日起下调，国内增值税前5个月平均增速为19.5%，自6月份以来逐渐下降，8月份已降至2.1%。“随着时间推移，企业对减税降费的获得感会有所增强。”“我们还在研究更大规模的减税、更加明显的降费措施。”他表示，随着相关政策落地实施，后几个月财政收入增速将在低位徘徊。但在税负进一步降低情况下，预计全年收入能够完成年度预算，可能还会略有超收。国务院：降低部分商品进口关税国务院关税税则委员会近日发布公告，自2018年11月1日起，降低1585个税目的进口关税。本次降税主要针对生产所需的机电设备、零部件和原材料等工业品降税，更多是通过降低国内企业的生产成本，提高国内企业的供给能力和水平，间接改善国产品的性价比，最终惠及百姓。此次降税涵盖了人民生产和生活所需的众多工业品等商品，共涉及1585个税目，平均税率由10.5%降至7.8%，平均降幅约26%。主要包含四部分：一是降低在国内有相当生产能力和水平的商品进口关税。包括纺织品、建材、贱金属制品、钢材等，共677个税目，平均税率由11.5%降至8.4%。二是降低部分机电设备进口关税。包括纺织、轻工、工程、通用、金属加工及动力机械，农机、输变电设备、电工器材、仪器仪表及相关设备零部件等，共396个税目，平均税率由12.2%降至8.8%。三是降低部分资源性商品及初级加工品进口关税。包括非金属矿、无机化学品、木材及纸制品、宝玉石等，共390个税目，平均税率由6.6%降至5.4%。四是降低有利于促进贸易便利化的商品进口关税。主要是整合部分同类或相似商品的税率，适当减少税率的等级。税级过多会给企业带来一些困难，此次整合或减并税率，共122个税目，平均税率由12.3%降至8.5%。]]></content>
  <author><![CDATA[金百利工贸集团]]></author>
  <time>2018-10-09 11:25:11</time>
  <account><![CDATA[jinbailizhiyi]]></account>
</data>
