<data>
  <id><![CDATA[50364618]]></id>
  <url><![CDATA[https://mp.weixin.qq.com/s?timestamp=1539596610&src=3&ver=1&signature=Egrj350GoKY8-KUcIJshb4AxJ7PIsV9FYisZHvHDYVW7IuGwQaYJW9lR19xheep5gfl3imeFbXxOu-kO6J4y3m0MhtP12VXPV1zJM5VPxfpc8BLxjUhpsh17w1zarRV2zxv5fsX8NjQm1tUGt1yQLqHK1CSEboK6U5RXEfS63mc=]]></url>
  <title><![CDATA[她把生姜含在嘴里，几天后发生了这件事！]]></title>
  <content><![CDATA[提示：点击↑上方关注我！]]></content>
  <author><![CDATA[金百利工贸集团]]></author>
  <time>2018-10-06 09:57:14</time>
  <account><![CDATA[jinbailizhiyi]]></account>
</data>
