<data>
  <id><![CDATA[50364618]]></id>
  <url><![CDATA[https://mp.weixin.qq.com/s?timestamp=1539596610&src=3&ver=1&signature=Egrj350GoKY8-KUcIJshb4AxJ7PIsV9FYisZHvHDYVW7IuGwQaYJW9lR19xheep5gfl3imeFbXxOu-kO6J4y3rwF249dKoPnx02tojPtWIHuFvoBJqlHxSSBp*EEuZYEg2Lx8bsS9aFobreWzniy01j*6SMY3k6Vsqncv*Qyn8M=]]></url>
  <title><![CDATA[我喜欢简单！（走心）]]></title>
  <content><![CDATA[我喜欢简单的做人，没有那么多花招，没有那么多心眼，因为简单，才心安！我喜欢简单的朋友，没有勾心斗角，没有无耻手段，因为简单，更安全！我喜欢简单的生活，没有利益的交换，没有钱财的争夺，一人一茶一书，慢慢品，两人两心两情，好好守!我喜欢简单的感情，没有欺骗，别给伤害，若是朋友，就真心相待，若是爱人，就陪在身边。简单，是一种态度，不争，顺其自然，不求，一切随缘，不气，心胸开阔，不怨，心怀感激。放下计较矛盾，轻松的活，看淡金钱财富，知足的过，远离是是非非，不理流言蜚语。简单做人，简单做事，把大事化小，多一些理解，把小事化无，少一些烦恼。今生为人本来就不易，何必再跟自己过不去。让简单的人生，简单的活，把简单的日子，简单的过！]]></content>
  <author><![CDATA[金百利工贸集团]]></author>
  <time>2018-10-11 09:32:21</time>
  <account><![CDATA[jinbailizhiyi]]></account>
</data>
