<data>
  <id><![CDATA[50364618]]></id>
  <url><![CDATA[https://mp.weixin.qq.com/s?timestamp=1539596610&src=3&ver=1&signature=Egrj350GoKY8-KUcIJshb4AxJ7PIsV9FYisZHvHDYVW7IuGwQaYJW9lR19xheep5gfl3imeFbXxOu-kO6J4y3rwF249dKoPnx02tojPtWIHFym*8NHVc1tg*cqqCV-Xy5ygXPfV*x6TD2RU551oSBmb7d9Emxup1XE3Q8nqo4PU=]]></url>
  <title><![CDATA[人性欲望，不要不好意思看！]]></title>
  <content><![CDATA[笑话：带侄子逛街，见天桥有一乞丐，就给了侄子一块钱，意思培养一下他的爱心。他把钱放到乞丐碗里后，这小子回头望着我，兴奋的说：我也想乞讨两天，看能不能买个遥控飞机？]]></content>
  <author><![CDATA[金百利工贸集团]]></author>
  <time>2018-10-11 09:32:21</time>
  <account><![CDATA[jinbailizhiyi]]></account>
</data>
