<data>
  <id><![CDATA[50364618]]></id>
  <url><![CDATA[https://mp.weixin.qq.com/s?timestamp=1539596610&src=3&ver=1&signature=Egrj350GoKY8-KUcIJshb4AxJ7PIsV9FYisZHvHDYVW7IuGwQaYJW9lR19xheep5gfl3imeFbXxOu-kO6J4y3qKvQ2FOU7DatK6O-NiTkLh8GVYkC8QjLA75kgLTTEHNdLWxVUnqYoipn2ZBv0KpXNoRki6vLFnBJRDrXjcv9fM=]]></url>
  <title><![CDATA[什么叫做人]]></title>
  <content><![CDATA[什么叫做人？宁可吃亏，也不占小便宜。宁可付出，也不辜负人心。不会为了金钱，泯灭了自己的良心。不会为了利益，欺骗了他人的信任。为人处事：不管嘴笨还是嘴甜，心地善良才是本钱！人活一世：不管能说还是能干，光明磊落才是关键！不伪装，不敷衍，不欺骗，就是一个人的真！懂宽容，懂尊重，懂体谅，就是一个人的善！一个人丢掉什么，也不能丢掉真心；一个人没了什么，也不能没了良心。顶天立地做人，无愧于己；光明磊落做事，无悔于人。不管何年何月，自重，才能赢得尊重！不管何人何事，真诚，才能打动人心！人可以富一点，但不能臭显。人可以傻一点，但不能窝囊；人可以精一点，但不能阴险，人可以懒一点，但不能没承担。不管爱情还是友情：最怕拿真心去付出，却得到无情的辜负。你诚信，谁都想把你靠近；你诚恳，谁都愿和你交心。做人，你若有情有义，便可赢天下，赢人心。]]></content>
  <author><![CDATA[金百利工贸集团]]></author>
  <time>2018-10-10 09:38:57</time>
  <account><![CDATA[jinbailizhiyi]]></account>
</data>
