<data>
  <id><![CDATA[50364618]]></id>
  <url><![CDATA[https://mp.weixin.qq.com/s?timestamp=1539596610&src=3&ver=1&signature=Egrj350GoKY8-KUcIJshb4AxJ7PIsV9FYisZHvHDYVW7IuGwQaYJW9lR19xheep5gfl3imeFbXxOu-kO6J4y3rvsXSMQd4k2ldeF9JOSuv895sdbv4zH5*jCG0y8vwO-ZZGytUDQadA6Mrcpxh3hCr8Lx1OAN-ZoUwfkh*XJikA=]]></url>
  <title><![CDATA[注意了!这些违纪行为将从重加重处分]]></title>
  <content><![CDATA[提示：点击↑上方关注我！]]></content>
  <author><![CDATA[金百利工贸集团]]></author>
  <time>2018-10-13 09:06:26</time>
  <account><![CDATA[jinbailizhiyi]]></account>
</data>
