<data>
  <id><![CDATA[50364618]]></id>
  <url><![CDATA[https://mp.weixin.qq.com/s?timestamp=1539596610&src=3&ver=1&signature=Egrj350GoKY8-KUcIJshb4AxJ7PIsV9FYisZHvHDYVW7IuGwQaYJW9lR19xheep5gfl3imeFbXxOu-kO6J4y3r7w6oVvEE19vQQcW5y337oBMYilM5Pon3f7CCHLxxDxX9-Mru1vx4w3Bxb20Xn*LIjhAAIpz1tZqnNfGDomSnc=]]></url>
  <title><![CDATA[警钟！想在学校混日子的大学生请注意，混不下去的那一天来了！]]></title>
  <content><![CDATA[本科生还能“降级”成专科生？大学生挂科也会被退学了？这是真的！今年华中科技大学有18名学生因学分不达标从本科转为专科湖南环境生物职业技术学院的22名学生因补考学业成绩未达标被予以退学处理……学分不达标 本科变专科近日，华中科技大学通报称，2018年有18名学生因学分不达标从本科转为专科，其中11人已在6月按专科毕业。其实早在去年，该校就出台了《普通本科生转专科管理办法（试行）》，明确规定未按要求完成本科学分的学生降为专科。其中第三条规定：我校普通本科生因学业成绩未达到学校要求而受到学籍警示处理，或因其他原因不能坚持正常学习的，可申请转入专科学习，达到专科毕业要求后，按照专科毕业。第四条规定：未达到培养计划总学分的3／4(二年级为2／3)者，给予黄牌警示；未达到培养计划总学分的2／3(二年级为1／2)者，给予红牌警示。一次红牌警示，或者两次黄牌警示就得转入专科，否则予以退学处理。据统计，华中科大的3万多名本科生中，在2017-2018学年，有210人因学分偏低受到黄牌警示，34人未达到培养计划学分最低要求受到红牌警示。22名学生补考未过被清退无独有偶，10月9日，湖南环境生物职业技术学院也宣布，为全面从严治校，决定对2017-2018学年经补考后，学业成绩未达到要求的22名学生予以退学处理，另外40名学生留级。该校党委书记苏立称，此次一次性清退22名学生，是严格按程序进行的，但一次性清退、留级如此之多的学生，他们心里并不好受。“这也是不得已而为之。”苏立称，对存在厌学、不学、逃学的学生，学校一定会进行积极干预和教育，但对于上课玩手机、睡觉，陷入网络游戏无法自拔的部分教育无效的学生，也要采取果断措施。“这是经过了反复教育、考察、谈话，慎之又慎之后才做的决定”。央视新闻微评论在我国教育领域，“大学好混，中学难熬”一直是一个尴尬的现实。以高考为分水岭，学生的状态可以一分为二：高考之前，家长严管，学校严查，学生负担沉重；进入大学后，学生马放南山、信马由缰，四年一晃而过。△图/视觉中国许多学生在进入大学后迷失了自我，把美好的时光荒废在游戏、网络之中，让大学成了进入职场前的放松场。之所以出现这样的状况，既有体制机制的原因，也有学生自己的原因，更有高校管理的因素。一些高校认为，“严格管理”不是高等教育阶段管理学生的主要方式，只要学生的散漫表现不是太过分，许多老师也不会“为难”学生。“宽进宽出”的模式与培养目标背离事实上，伴随着中国高等教育的发展，尤其是扩招步伐的不断加快，中国的高等教育已经从“严进宽出”进入了“宽进宽出”的大众化发展新阶段。然而无论从哪个视角来看，“宽进宽出”的培养模式都与高质量人才培养的目标有所背离。今年8月，教育部印发《关于狠抓新时代全国高等学校本科教育工作会议精神落实的通知》，要求严把毕业出口关，坚决取消“清考”制度，就是要终结一些大学“宽进宽出”的培养模式，让严格管理成为提升高等教育质量的前奏。△图/视觉中国华中科技大学和湖南环境生物职业技术学院从严治校，无疑给混日子的大学生敲响了警钟——人生从来就不是只上不下、只进不退的单行道。在高校混日子，同样有混不下去的那一天。严管学业质量是必由之路从全球范围来看，对学风和校风的严格管理是高等教育不断发展的必由之路。美国《高等教育编年史记》（2009-2010）提供的数据显示：在美国，45%—65%的中学毕业生可以进入大学学习，但四年制大学的毕业率只有57.3%。此外，还有数据显示，德国综合性大学中约有1/3的学生不能顺利完成学业，澳洲大学生在2017年只有2/3的人顺利毕业。△图/视觉中国有人认为，如此对待高校学子未免不近人情。然而从另一个视角来看，这正是对学生负责的态度，对教育负责的态度，对民族和国家的未来负责任的态度。果断地让未能达标的学生降级、留级、退学，会让更多的莘莘学子闻者足戒，绷紧自我管理的神经，不负美好的大学时光。文丨央视评论特约撰稿 王健]]></content>
  <author><![CDATA[金百利工贸集团]]></author>
  <time>2018-10-15 13:16:58</time>
  <account><![CDATA[jinbailizhiyi]]></account>
</data>
