<data>
  <id><![CDATA[50364618]]></id>
  <url><![CDATA[https://mp.weixin.qq.com/s?timestamp=1539596610&src=3&ver=1&signature=Egrj350GoKY8-KUcIJshb4AxJ7PIsV9FYisZHvHDYVW7IuGwQaYJW9lR19xheep5gfl3imeFbXxOu-kO6J4y3krE9lZBEudcg5JQq9N9iNy8q*YrKbCVK7ROuXDZB-oMj5wNAzWfIytubDKUL*OGFVARBpfuwdDHGb8NLWjpOSU=]]></url>
  <title><![CDATA[随礼10大不要脸曝光！尤其第2个，简直厚颜无耻！]]></title>
  <content><![CDATA[提示：点击↑上方关注我！]]></content>
  <author><![CDATA[金百利工贸集团]]></author>
  <time>2018-10-14 09:45:33</time>
  <account><![CDATA[jinbailizhiyi]]></account>
</data>
