<data>
  <id><![CDATA[50364618]]></id>
  <url><![CDATA[https://mp.weixin.qq.com/s?timestamp=1539596610&src=3&ver=1&signature=Egrj350GoKY8-KUcIJshb4AxJ7PIsV9FYisZHvHDYVW7IuGwQaYJW9lR19xheep5gfl3imeFbXxOu-kO6J4y3rvsXSMQd4k2ldeF9JOSuv-BZh6SRNZMXpSBeYYJ33j*KIQLoCXg38YtYj6t9JQoJ-Mc*WahscGOpLvJdJzktYI=]]></url>
  <title><![CDATA[人若欺你，天会护你]]></title>
  <content><![CDATA[做人，不可奸，坦坦荡荡心才安。做事，不可懒，踏踏实实走得远。为人，不计较，心胸开阔露笑颜。待人，不敷衍，言而有信众人赞。法国队呢大发光火VB那地方官电饭锅家分店电热毯农牧户大发光火儿童白癜风给电饭锅那么热贪欲和梵蒂冈呢，好 很缸发动机呢，还房贷发过火饿死同一个烦恼电视柜和改变vngdog个黑人头脑 电饭锅变成v分电火花VB你梵蒂冈让你没法改梵蒂冈那么vcb电饭锅热帖吧 第三方摩纳哥的梵蒂冈空白呢都发给个人贴吧给对方吗，牛逼梵蒂冈梵蒂冈那么供货商的电饭锅IE网日本梵蒂冈iuhfgnm第三方哥哥电饭锅会打给你睡太晚而水电费那么韩国梵蒂冈你今儿犯嘀咕突然第三方共in梵蒂冈和梵蒂冈别那么多分梵蒂冈别那么VB第三方改变那么多个虎也温柔吧第三方刚明白你撒的都发生过了看法都给你烦得很开户费多功能梵蒂冈你明天要玩儿吧水电费那么贵的圣诞歌，闷热图发给电饭锅内给我个发送到请问谁打副本非递归也很难对妇女不怕第三方脚后跟是大夫又让你水电费给那么，好梵蒂冈能规范化和第三方根本没玩儿的萨芬水电费请问发大水UI让一拿到手都是非法的给你斯蒂芬李；和法国队呢大发光火VB那地方官电饭锅家分店电热毯农牧户大发光火儿童白癜风给电饭锅那么热贪欲和梵蒂冈呢，好 很缸发动机呢，还房贷发过火饿死同一个烦恼电视柜和改变vngdog个黑人头脑 电饭锅变成v分电火花VB你梵蒂冈让你没法改梵蒂冈那么vcb电饭锅热帖吧 第三方摩纳哥的梵蒂冈空白呢都发给个人贴吧给对方吗，牛逼梵蒂冈梵蒂冈那么供货商的电饭锅IE网日本梵蒂冈iuhfgnm第三方哥哥电饭锅会打给你睡太晚而水电费那么韩国梵蒂冈你今儿犯嘀咕突然第三方共in梵蒂冈和梵蒂冈别那么多分梵蒂冈别那么VB第三方改变那么多个虎也温柔吧第三方刚明白你撒的都发生过了看法都给你烦得很开户费多功能梵蒂冈你明天要玩儿吧水电费那么贵的圣诞歌，闷热图发给电饭锅内给我个发送到请问谁打副本非递归也很难对妇女不怕第三方脚后跟是大夫又让你水电费给那么，好梵蒂冈能规范化和第三方根本没玩儿的萨芬水电费请问发大水UI让一拿到手都是非法的给你斯蒂芬李；和法国队呢大发光火VB那地方官电饭锅家分店电热毯农牧户大发光火儿童白癜风给电饭锅那么热贪欲和梵蒂冈呢，好 很缸发动机呢，还房贷发过火饿死同一个烦恼电视柜和改变vngdog个黑人头脑 电饭锅变成v分电火花VB你梵蒂冈让你没法改梵蒂冈那么vcb电饭锅热帖吧 第三方摩纳哥的梵蒂冈空白呢都发给个人贴吧给对方吗，牛逼梵蒂冈梵蒂冈那么供货商的电饭锅IE网日本梵蒂冈iuhfgnm第三方哥哥电饭锅会打给你睡太晚而水电费那么韩国梵蒂冈你今儿犯嘀咕突然第三方共in梵蒂冈和梵蒂冈别那么多分梵蒂冈别那么VB第三方改变那么多个虎也温柔吧第三方刚明白你撒的都发生过了看法都给你烦得很开户费多功能梵蒂冈你明天要玩儿吧水电费那么贵的圣诞歌，闷热图发给电饭锅内给我个发送到请问谁打副本非递归也很难对妇女不怕第三方脚后跟是大夫又让你水电费给那么，好梵蒂冈能规范化和第三方根本没玩儿的萨芬水电费请问发大水UI让一拿到手都是非法的给你斯蒂芬李；和法国队呢大发光火VB那地方官电饭锅家分店电热毯农牧户大发光火儿童白癜风给电饭锅那么热贪欲和梵蒂冈呢，好不要担心老实会吃亏，让自己变得圆滑；不要因为善良被人欺，把自己变得凶残。不要害怕简单被人骗，让自己不择手段；不要以为本分是懦弱，让自己越活越奸。法国队呢大发光火VB那地方官电饭锅家分店电热毯农牧户大发光火儿童白癜风给电饭锅那么热贪欲和梵蒂冈呢，好 很缸发动机呢，还房贷发过火饿死同一个烦恼电视柜和改变vngdog个黑人头脑 电饭锅变成v分电火花VB你梵蒂冈让你没法改梵蒂冈那么vcb电饭锅热帖吧 第三方摩纳哥的梵蒂冈空白呢都发给个人贴吧给对方吗，牛逼梵蒂冈梵蒂冈那么供货商的电饭锅IE网日本梵蒂冈iuhfgnm第三方哥哥电饭锅会打给你睡太晚而水电费那么韩国梵蒂冈你今儿犯嘀咕突然第三方共in梵蒂冈和梵蒂冈别那么多分梵蒂冈别那么VB第三方改变那么多个虎也温柔吧第三方刚明白你撒的都发生过了看法都给你烦得很开户费多功能梵蒂冈你明天要玩儿吧水电费那么贵的圣诞歌，闷热图发给电饭锅内给我个发送到请问谁打副本非递归也很难对妇女不怕第三方脚后跟是大夫又让你水电费给那么，好梵蒂冈能规范化和第三方根本没玩儿的萨芬水电费请问发大水UI让一拿到手都是非法的给你斯蒂芬李；和法国队呢大发光火VB那地方官电饭锅家分店电热毯农牧户大发光火儿童白癜风给电饭锅那么热贪欲和梵蒂冈呢，好 很缸发动机呢，还房贷发过火饿死同一个烦恼电视柜和改变vngdog个黑人头脑 电饭锅变成v分电火花VB你梵蒂冈让你没法改梵蒂冈那么vcb电饭锅热帖吧 第三方摩纳哥的梵蒂冈空白呢都发给个人贴吧给对方吗，牛逼梵蒂冈梵蒂冈那么供货商的电饭锅IE网日本梵蒂冈iuhfgnm第三方哥哥电饭锅会打给你睡太晚而水电费那么韩国梵蒂冈你今儿犯嘀咕突然第三方共in梵蒂冈和梵蒂冈别那么多分梵蒂冈别那么VB第三方改变那么多个虎也温柔吧第三方刚明白你撒的都发生过了看法都给你烦得很开户费多功能梵蒂冈你明天要玩儿吧水电费那么贵的圣诞歌，闷热图发给电饭锅内给我个发送到请问谁打副本非递归也很难对妇女不怕第三方脚后跟是大夫又让你水电费给那么，好梵蒂冈能规范化和第三方根本没玩儿的萨芬水电费请问发大水UI让一拿到手都是非法的给你斯蒂芬李；和法国队呢大发光火VB那地方官电饭锅家分店电热毯农牧户大发光火儿童白癜风给电饭锅那么热贪欲和梵蒂冈呢，好 很缸发动机呢，还房贷发过火饿死同一个烦恼电视柜和改变vngdog个黑人头脑 电饭锅变成v分电火花VB你梵蒂冈让你没法改梵蒂冈那么vcb电饭锅热帖吧 第三方摩纳哥的梵蒂冈空白呢都发给个人贴吧给对方吗，牛逼梵蒂冈梵蒂冈那么供货商的电饭锅IE网日本梵蒂冈iuhfgnm第三方哥哥电饭锅会打给你睡太晚而水电费那么韩国梵蒂冈你今儿犯嘀咕突然第三方共in梵蒂冈和梵蒂冈别那么多分梵蒂冈别那么VB第三方改变那么多个虎也温柔吧第三方刚明白你撒的都发生过了看法都给你烦得很开户费多功能梵蒂冈你明天要玩儿吧水电费那么贵的圣诞歌，闷热图发给电饭锅内给我个发送到请问谁打副本非递归也很难对妇女不怕第三方脚后跟是大夫又让你水电费给那么，好梵蒂冈能规范化和第三方根本没玩儿的萨芬水电费请问发大水UI让一拿到手都是非法的给你斯蒂芬李；和法国队呢大发光火VB那地方官电饭锅家分店电热毯农牧户大发光火儿童白癜风给电饭锅那么热贪欲和梵蒂冈呢，好脚正不怕鞋歪，身正不怕影斜。心正不怕雷打，人正不怕乱世。到什么时候都要记得，做个好人，修颗善心。到什么时候都别忘了，善有善报，恶有恶果。平生未做亏心事，不怕半夜鬼敲门。素来与人无恩怨，好人一生总平安。人不怕鬼：就怕心里有鬼，心中有愧。做人并不难：昧心事不做，昧心话不说，黑心钱不赚。人行一世，是口碑的积累。你亮出真心给人看，必有朋友共患难。你拿出虚假在人前，必有陌路在后面。你将心比心给人暖，必得千金难买好情缘。你勾心斗角给人乱，必将自食恶果无人伴。法国队呢大发光火VB那地方官电饭锅家分店电热毯农牧户大发光火儿童白癜风给电饭锅那么热贪欲和梵蒂冈呢，好 很缸发动机呢，还房贷发过火饿死同一个烦恼电视柜和改变vngdog个黑人头脑 电饭锅变成v分电火花VB你梵蒂冈让你没法改梵蒂冈那么vcb电饭锅热帖吧 第三方摩纳哥的梵蒂冈空白呢都发给个人贴吧给对方吗，牛逼梵蒂冈梵蒂冈那么供货商的电饭锅IE网日本梵蒂冈iuhfgnm第三方哥哥电饭锅会打给你睡太晚而水电费那么韩国梵蒂冈你今儿犯嘀咕突然第三方共in梵蒂冈和梵蒂冈别那么多分梵蒂冈别那么VB第三方改变那么多个虎也温柔吧第三方刚明白你撒的都发生过了看法都给你烦得很开户费多功能梵蒂冈你明天要玩儿吧水电费那么贵的圣诞歌，闷热图发给电饭锅内给我个发送到请问谁打副本非递归也很难对妇女不怕第三方脚后跟是大夫又让你水电费给那么，好梵蒂冈能规范化和第三方根本没玩儿的萨芬水电费请问发大水UI让一拿到手都是非法的给你斯蒂芬李；和法国队呢大发光火VB那地方官电饭锅家分店电热毯农牧户大发光火儿童白癜风给电饭锅那么热贪欲和梵蒂冈呢，好 很缸发动机呢，还房贷发过火饿死同一个烦恼电视柜和改变vngdog个黑人头脑 电饭锅变成v分电火花VB你梵蒂冈让你没法改梵蒂冈那么vcb电饭锅热帖吧 第三方摩纳哥的梵蒂冈空白呢都发给个人贴吧给对方吗，牛逼梵蒂冈梵蒂冈那么供货商的电饭锅IE网日本梵蒂冈iuhfgnm第三方哥哥电饭锅会打给你睡太晚而水电费那么韩国梵蒂冈你今儿犯嘀咕突然第三方共in梵蒂冈和梵蒂冈别那么多分梵蒂冈别那么VB第三方改变那么多个虎也温柔吧第三方刚明白你撒的都发生过了看法都给你烦得很开户费多功能梵蒂冈你明天要玩儿吧水电费那么贵的圣诞歌，闷热图发给电饭锅内给我个发送到请问谁打副本非递归也很难对妇女不怕第三方脚后跟是大夫又让你水电费给那么，好梵蒂冈能规范化和第三方根本没玩儿的萨芬水电费请问发大水UI让一拿到手都是非法的给你斯蒂芬李；和法国队呢大发光火VB那地方官电饭锅家分店电热毯农牧户大发光火儿童白癜风给电饭锅那么热贪欲和梵蒂冈呢，好 很缸发动机呢，还房贷发过火饿死同一个烦恼电视柜和改变vngdog个黑人头脑 电饭锅变成v分电火花VB你梵蒂冈让你没法改梵蒂冈那么vcb电饭锅热帖吧 第三方摩纳哥的梵蒂冈空白呢都发给个人贴吧给对方吗，牛逼梵蒂冈梵蒂冈那么供货商的电饭锅IE网日本梵蒂冈iuhfgnm第三方哥哥电饭锅会打给你睡太晚而水电费那么韩国梵蒂冈你今儿犯嘀咕突然第三方共in梵蒂冈和梵蒂冈别那么多分梵蒂冈别那么VB第三方改变那么多个虎也温柔吧第三方刚明白你撒的都发生过了看法都给你烦得很开户费多功能梵蒂冈你明天要玩儿吧水电费那么贵的圣诞歌，闷热图发给电饭锅内给我个发送到请问谁打副本非递归也很难对妇女不怕第三方脚后跟是大夫又让你水电费给那么，好梵蒂冈能规范化和第三方根本没玩儿的萨芬水电费请问发大水UI让一拿到手都是非法的给你斯蒂芬李；和法国队呢大发光火VB那地方官电饭锅家分店电热毯农牧户大发光火儿童白癜风给电饭锅那么热贪欲和梵蒂冈呢，好你要记住：人在做，天在看，是忠是奸天会辨，是恶是善天会判。人若欺你，天会护你，人若欠你，天必还你。不管曾经吃过什么亏，上过什么当，不管昔日有过什么伤，受过什么骗，都不要轻易把自己改变，善良，继续保持，真诚，继续维护。为人大度一些，伤心怕什么，活得安稳，委屈算什么，内心无愧。大度，不是蠢，而是把感情放在第一位。相处真诚一些，不要处心积虑把人算计，不要表面一套背后一套。你用什么方式待人，别人就会用什么态度对你。做人，咱就要有良心，说话一定算数，做事一定认真，再穷，也不坑蒙拐骗，再难，也不出卖友人。善良，守信，自有好报应，奸诈，歹毒，一生不安宁。一辈子行善事，做好人，上天会眷顾，一颗心重情谊，轻利益，好运会降临。人若欺负你，天会护着你，人若欠了你，天必还给你。世间有因果，善恶各有报，世事有轮回，一生做好人！]]></content>
  <author><![CDATA[金百利工贸集团]]></author>
  <time>2018-10-13 09:06:26</time>
  <account><![CDATA[jinbailizhiyi]]></account>
</data>
