<data>
  <id><![CDATA[50364618]]></id>
  <url><![CDATA[https://mp.weixin.qq.com/s?timestamp=1539596610&src=3&ver=1&signature=Egrj350GoKY8-KUcIJshb4AxJ7PIsV9FYisZHvHDYVW7IuGwQaYJW9lR19xheep5gfl3imeFbXxOu-kO6J4y3uWO-meE3u9t4SC0rwPdwt1c6QUiCuLJXsp3rGRavmzNtXlLivgi92xhibzUFY*KnQb0R6oFtEDo70HbFTvOOOM=]]></url>
  <title><![CDATA[如果不能改变不如试着释怀]]></title>
  <content><![CDATA[01与其斤斤计较不如糊里糊涂人这一辈子，想获得别人的认可，就不要随时都在算计自己的得失。每个人心里都有一杆秤，公道自有人心衡量。该糊涂时糊涂，该闭眼不看时绝不睁眼。糊糊涂涂是智慧，斤斤计较是愚蠢。人之所以快乐，不是拥有的多，而是因为计较的少。02与其摩擦争吵不如心平气和不讲道理的人，不必费心解释。认知不同的人，不必强行融合。身边的闹心事处处都有，只要是在道德底线的前提下，要容忍他人，如同容忍自己。一辈子不过三万天，干干净净做人，踏踏实实做事。不要争争吵吵，因为一晃就老。0303既然无法强求不如学会知足人这一辈子，注定有两件事无法强求。第一件是我们来到这世上，第二件是我们离开这个世界。既然无法强求，不如好好把握中间经历的过程，好好珍惜拥有的日子。把生活当成历练，走的慢一些，看的淡一点，把心路放宽，把心态放平。学会知足，学会看淡，知足者常乐，看开者无忧。04如果不能改变不如试着释怀看清现况、认清事实，过去已无法改变。唯一可以把握的，只有珍惜此时此刻。试着拥抱过去，从过去中学习。让自己回归内心的片刻安宁。不再去计较得失，不再去挑剔别人，自己的心便会安住在圆满里。当下即是归处，如果不能改变，不如试着释怀。]]></content>
  <author><![CDATA[金百利工贸集团]]></author>
  <time>2018-10-07 09:54:17</time>
  <account><![CDATA[jinbailizhiyi]]></account>
</data>
