<data>
  <id><![CDATA[50364618]]></id>
  <url><![CDATA[https://mp.weixin.qq.com/s?timestamp=1539596610&src=3&ver=1&signature=Egrj350GoKY8-KUcIJshb4AxJ7PIsV9FYisZHvHDYVW7IuGwQaYJW9lR19xheep5gfl3imeFbXxOu-kO6J4y3gHazoE6CUDDlyy39BBi950ZeNdBw967crqLd9rQBEaOhhHxairLouqK*1nhl5Zwggf70HrD*uRHIYQ8iKh2oug=]]></url>
  <title><![CDATA[电热水器应该一直开着还是用时再开？你肯定做错了]]></title>
  <content><![CDATA[很多家庭都装有电热水器很多人都可能会有这样的困扰究竟怎么使用才能更省电呢是一直开着还是用时再开接下来就来给大家分析一下如果家里的电热水器不经常使用只需在洗澡前一小时打开就行洗澡之后再把它关掉电源的开关也要跟着关掉这样比较省电如果家里的电热水器经常使用但只是用来洗澡的话还是建议使用的时候再将其打开但是家里若是人多使用比较频繁经常开开关关电热水器则会有损电路，对电热水器不好建议集中用水洗澡，减少开关次数像发廊这样经常需要使用热水一直开着电热水器比较省电最好将温度调得稍微低一些也能节省不少电费温度可以根据自己的习惯设定一般夏季在42度左右冬季在46度左右电热水器的容量也要多注意一下可以根据自家使用的水量进行加热最后一个人洗完之后，水正好用完这样也会节省不少电费延伸阅读电热水器每天都要工作因此也需要主人的细心呵护内胆清洗任何电器使用久了都会有污垢，热水器也一样，内胆最好是每半年清洗一次。清洁方法是首先切断电源，关闭进水阀，然后开启出水阀，将安全阀上的排水开关逆时针旋转90度，自然排净热水器内的水和沉淀物，之后再用自来水清洗，切记要注意内胆水温。清洗完毕，再将排水开关恢复原位，注意满水后方可通电。清理杂物热水器使用一段时候后我们会发现淋浴花洒出水量减少，这就说明已经有杂物堵塞出水口，这时，我们就要及时清理堵塞的杂物，保证出口通畅，这样做对延长热水器的使用寿命有帮助。最后，要注意的是电热水器温度越高保温时间越长剩余的热水量越大耗电量也就越多]]></content>
  <author><![CDATA[金百利工贸集团]]></author>
  <time>2018-10-09 11:25:11</time>
  <account><![CDATA[jinbailizhiyi]]></account>
</data>
