<data>
  <id><![CDATA[50364618]]></id>
  <url><![CDATA[https://mp.weixin.qq.com/s?timestamp=1539596610&src=3&ver=1&signature=Egrj350GoKY8-KUcIJshb4AxJ7PIsV9FYisZHvHDYVW7IuGwQaYJW9lR19xheep5gfl3imeFbXxOu-kO6J4y3m0MhtP12VXPV1zJM5VPxfrQseYjzCMj*lUHKZK-UQ8If9hbYVDMt07xCy4SnW8Gvo3cEDH5KcoF*WF0oC5Kxgk=]]></url>
  <title><![CDATA[马云说别人开4倍工资也挖不走我的员工，你知道马云开多少工资吗?]]></title>
  <content><![CDATA[马云在中国可以算是神一样的人物，很多人都希望成为像马云一样的人物，他有一点让很多人都佩服，就是马云改变了我们生活的支付方式，因为他的支付宝、淘宝已经融入了我们的生活中，而且在每年双十一全球瞩目，哪一天的成交额都可以买一个国家。马云曾说，别人开4倍工资也挖不走我的员工，因为马云公司的福利待遇非常好，不信我可以给你盘点一番：一，阿里巴巴的工资：阿里的工资待遇非常好，工程师级别的月薪都在20000左右，同时阿里都会给这些人集团股，假如是2000集团股，也有200万，而且每年4月30日还有年终奖，这些事一笔不小的收入。二，阿里巴巴的福利：如果购房有30 万无息贷款，阿里总部附近的380 套公寓售价只有市面价格的6成，即使结婚了，阿里为他们举办集体婚礼，马云做证婚人，并且有价值不菲的纪念品赠送。三，阿里巴巴的餐饮：我们常说民以食为天，20元上下就可以点精品美食，比如说22元可以点西式牛排，15元可以点黑椒鸡柳，马云有一年花38888 元买一条大鱼作为员工食堂福利，改善员工伙食。三，阿里巴巴的假期：国家的法定节日阿里都可以享受，同时如果在阿里巴巴怀上小孩，女员工超长带薪孕假，男员工有陪产假，并且每家送2件防辐射服。四，阿里巴巴的医疗：阿里巴巴员工每年有一次体检，你可以自己支配，留给自己父母也好，拿给配偶父母也成，这个完全由你自己做主，可见阿里的医疗设计还是非常人性化。马云曾经说过员工之所以辞职，要么是薪水少了，要不就是不开心，从我们上面列出的薪水、福利、假期上看，马云可以说是做到了极致，如果说你有机会到阿里巴巴工作，你愿意去吗，去了你会辞职吗？]]></content>
  <author><![CDATA[金百利工贸集团]]></author>
  <time>2018-10-06 09:57:14</time>
  <account><![CDATA[jinbailizhiyi]]></account>
</data>
