<data>
  <id><![CDATA[50364618]]></id>
  <url><![CDATA[https://mp.weixin.qq.com/s?timestamp=1539596610&src=3&ver=1&signature=Egrj350GoKY8-KUcIJshb4AxJ7PIsV9FYisZHvHDYVW7IuGwQaYJW9lR19xheep5gfl3imeFbXxOu-kO6J4y3krE9lZBEudcg5JQq9N9iNwhf0zaSKrUtdvXs-KF24bnOvx2ZiAR8U-5*Ri3xgSawLOchT9V9R5maeVRjEgFAnU=]]></url>
  <title><![CDATA[2018十大傻，你在内吗]]></title>
  <content><![CDATA[1房子要大明明就两三口人，非要弄个很空旷的房子。.................................................2汽车要三厢花那么多钱，结果弄得耗油又占地。..................................................................................................3出国买洋货以为自己真是贵族了，动不动香港巴黎纽约的。被外国人称为“走动的钱包”，笑死人。.................................................4送孩子出国有钱有势的人送孩子出国都要让孩子回来继承家业，你送孩子出去，将来要他怎么样呢？5买别墅明明是连排房，旁边就是马路、农村、人来人往，非要叫什么别墅6钱都留给子孙辛苦攒下的养老钱，自己舍不得吃，舍不得穿，倒是给儿孙买房买车全花光了。结果自己养老成问题了。7舍不得养生很多人舍不得为自己的健康投资，结果身体出状况了，上医院花的钱比省的钱还要多！8相信免费的午餐有些人总想着占点小便宜，免费讲座总要去，旅游要找低价团，一种保健品要能包治百病，结果被骗得血本无归。9打肿脸充胖子很多人特别好面子，儿子结婚、孙子生日一定要大排场；朋友办喜事随份子一定要比别人多……硬要打肿脸充胖子，最后只能自己累死累活 。10总想着再等等很多人总把这些话挂在嘴边：等孩子长大了我就轻松了；等子女成家了我就轻松了，等孙子上学了我就轻松了……结果等来等去，这辈子的路也就已经走完了。再送你8句大实话1、别将压力看成动力，透支身体，累坏自己。——特傻！2、别忘身体乃是本钱，没了健康，无法享用人生所有的乐趣。——特亏！3、别将名利看得太重，浮华过后最终都是过眼云烟。——特真！4、别以为能救命的是医生，其实是你自已，养生重于救命。——特对！5、别以为付出就有回报，凡事只有不计回报，方能践行以德报怨。——特灵！6、别以为官比百姓牛，都要退，最终都是百姓。——特准！7、别忽视了和你有缘的人，等繁华过去， 你才明白很多人会离你而去，知己难觅。——特悔！8、别以为问候会是打扰，常发微信给你的定是心里有你的人。——特实！太精辟了，一定要给所有朋友们领会领会！]]></content>
  <author><![CDATA[金百利工贸集团]]></author>
  <time>2018-10-14 09:45:33</time>
  <account><![CDATA[jinbailizhiyi]]></account>
</data>
