<data>
  <id><![CDATA[50364618]]></id>
  <url><![CDATA[https://mp.weixin.qq.com/s?timestamp=1539596610&src=3&ver=1&signature=Egrj350GoKY8-KUcIJshb4AxJ7PIsV9FYisZHvHDYVW7IuGwQaYJW9lR19xheep5gfl3imeFbXxOu-kO6J4y3qKvQ2FOU7DatK6O-NiTkLjNkiRCOSu6pJw4M4utsnZ1Qm0ypZzmINru206Tw9Q8sj6iHZHT6U-PFP4baOmqefQ=]]></url>
  <title><![CDATA[把乌龟放到跑步机上，结局你绝对想不到，都看看吧！！！]]></title>
  <content><![CDATA[有时候不逼自己一把，真的不知道自己潜力有多大！遇事不找借口我们看一个男人有没有担当，最主要就是看他做事的借口多不多。李云龙领兵的独立团，没抢，没炮。找旅长申请拨点装备的时候，旅长说：“我有装备我要你干什么啊，你既然能有能耐当团长，你就有能耐出去搞枪，要不然你就回家抱孩子去。别在这给我丢人现眼。”后来李云龙自己想办法，把独立团领导成为最牛逼的团队。如果一件事情交给你，你的回答是：“这个条件没有，那个条件不够，总之我尽力，办不成不怪我”。把责任撇的干干净净，找许多借口掩饰你的无能，那你怎么成功呢？领导又怎么放心把重要的事情交给你去做呢？不抱怨！与其抱怨别人，不如改变自己。销售最大的敌人，不是对手，不是价格太高，不是拒绝你的客户，不是公司制度，不是产品不好，最大的敌人是：你的抱怨！你的借口！我很累，但我无路可退！人在生死时刻会爆发出惊人的力量以及勇气，为什么不把自己的退路斩断呢？当你没有退路的时候，你才会发现自己拥有多大的力量！不敢倒下，因为身后有孩子！不敢逃避，因为前面有父母！不敢生病，因为没有人照顾 ！不敢说累，因为没有人惯着！不敢偷懒，因为没有人给钱花！坚强，独立，是唯一的选择！时刻提醒自己不能倒下。一定要坚强！——致奋斗在路上的自已。]]></content>
  <author><![CDATA[金百利工贸集团]]></author>
  <time>2018-10-10 09:38:57</time>
  <account><![CDATA[jinbailizhiyi]]></account>
</data>
