<data>
  <id><![CDATA[50364618]]></id>
  <url><![CDATA[https://mp.weixin.qq.com/s?timestamp=1539596610&src=3&ver=1&signature=Egrj350GoKY8-KUcIJshb4AxJ7PIsV9FYisZHvHDYVW7IuGwQaYJW9lR19xheep5gfl3imeFbXxOu-kO6J4y3r7w6oVvEE19vQQcW5y337pc7NQmnAvjodHJDAA3g07m-aDp--QlVjMHkBRkRZFSo0e0Nc9Hf4Yur2NHRwBzVQI=]]></url>
  <title><![CDATA[今天,这四个男人火了,火遍了朋友圈]]></title>
  <content><![CDATA[点免费关注，置顶公众号]]></content>
  <author><![CDATA[金百利工贸集团]]></author>
  <time>2018-10-15 13:16:58</time>
  <account><![CDATA[jinbailizhiyi]]></account>
</data>
