<data>
  <id><![CDATA[50364618]]></id>
  <url><![CDATA[https://mp.weixin.qq.com/s?timestamp=1539596610&src=3&ver=1&signature=Egrj350GoKY8-KUcIJshb4AxJ7PIsV9FYisZHvHDYVW7IuGwQaYJW9lR19xheep5gfl3imeFbXxOu-kO6J4y3rwF249dKoPnx02tojPtWIEm8PgyhjDgynh0bV2M-hRMI*HKL4LAy3H*IiUTl*3l0hxuPQuF65pfbDv3koxRIdM=]]></url>
  <title><![CDATA[上午好！新闻来了〔2018.10.11〕]]></title>
  <content><![CDATA[要闻10日，习近平主持召开中央财经委员会第三次会议时强调，大力提高我国自然灾害防治能力，全面启动川藏铁路规划建设。近日，美国领导人多次声称过去20多年美对华贸易产生巨额逆差，送给中国大量财富相当于“重建”中国。外交部发言人陆慷10日驳斥此说法完全不符合事实：中国发展不可能依靠别人的施舍和恩赐，恐怕也没有哪个国家有实力“重建”中国。就台湾当局领导人“双十讲话”中涉及两岸关系的言论，国台办发言人马晓光10日表示，任何挟洋自重、升高对立、妄图破坏两岸关系、改变台湾地位的分裂图谋和行径，只能自取其辱，绝不可能得逞。△ 资料图：马晓光/视觉中国国务院日前下发通知，11月10日起，在全国范围内对电影放映单位设立审批、食品相关产品生产许可证核发等106项涉企行政审批事项，分别按直接取消审批、审批改为备案、实行告知承诺、优化准入服务等四种方式，实施“证照分离”改革。△ 图/视觉中国近日，应急管理部发布公告，公安消防部队、武警森林部队退出现役，成建制划归应急管理部，组建国家综合性消防救援队伍。自10日零时起，至国家综合性消防救援队伍制式服装配发前，原公安消防部队、武警森林部队和警种学院人员停止使用武警部队制式服装和标识服饰，统一穿着无武警标识的作训服，并在作训服左兜盖上方佩戴消防救援队伍身份标识牌。（详情见：原公安消防部队等人员停用武警制式服装）△ 队员标示牌10日，我国首个大型太阳能光热电站——德令哈50兆瓦光热项目正式投运。电站位于青海德令哈市的戈壁滩上，海拔3000米，是目前全球海拔最高、极端温度最低的大型商业化光热电站，年发电量可达近2亿度。由中共中央宣传部、中央广播电视总台联合创作的《百家讲坛》特别节目《平“语”近人——习近平总书记用典》于10月8日至19日在央视综合频道晚间八点档播出，央视网同步推出。10日播出第三集《国无德不兴》，从崇徳、明德、修德三个维度，讲明习近平总书记关于“德”的论述。11日，将播出第四集《国之本在家》，敬请关注。国际据外媒近日报道，受美国政府钢铝关税政策影响，福特汽车公司蒙受大约10亿美元利润损失，可能全球裁员大约12%，人数超过两万。△ 图/视觉中国近日，瑞士联合银行集团因被控严重税务欺诈、洗钱和非法招揽客户等罪名在法国巴黎受审。据法方估算，这起诉讼中瑞银帮助法国客户逃税的金额可能超过100亿欧元。如果罪名成立，瑞银可能面临约50亿欧元罚款。△ 美国纽约的瑞士联合银行大楼美国气象部门10日消息，飓风“迈克尔”当天以4级飓风强度从美国佛罗里达州北部沿海地区登陆。飓风带来巨大的风暴潮、狂风和暴雨，已造成至少10万用户停电。△当地时间10日，美国佛罗里达州，飓风“迈克尔”登陆Shell Point海滩。印尼气象气候物理局消息：11日凌晨，距离印尼巴厘岛约162公里海域发生6.4级地震，震源深度10公里。地震并未引发海啸的可能。巴厘岛当地有震感。目前未收到人员伤亡和财产损失报告。10日，一辆载有61名乘客的大巴车在距离肯尼亚首都内罗毕200多公里的高速公路上发生事故，造成至少50人死亡、多人受伤。幸存者称事故车辆的司机不听乘客劝阻超速行驶。社会10日，成贵铁路云南贵州段正式开始铺轨。成贵铁路全长632公里，新建乐山至贵阳段正线全长约515公里，云南省境内约79公里，贵州省境内约177公里，设计时速250公里。11月1日起，《北京市非机动车管理条例》正式实施，届时电动自行车须登记挂牌才可上路。“过渡期电动自行车申请临时标识平台”即将上线，不符合国标的过渡期电动自行车可在线申请临时标识。△ 目前北京市共有20个非机动车登记站可办理上牌登记江苏教育厅日前消息，明年起，江苏将对普通高中学业水平测试方案做部分调整，必修科目成绩呈现方式由原来的ABCD四个等级调整为合格、不合格两种，取消“见A加分”政策。△ 图/视觉中国近日，江西省人社厅出台指导意见打破高校岗位聘用“终身制”，提出高校需定期组织开展聘期考核工作，聘期考核不合格者，高校应予以低聘、转岗或解聘。△ 江西 南昌大学校园近日，有媒体报道称，2017年投入使用的统编本初中历史教材七年级上册中，关于张衡和候风地动仪的内容被删除。人民教育出版社日前回应，相关内容未从统编版教材中消失，只是编排上做出调整。△ 教材中的候风地动仪吉林通化市人民检察院近日对一起特大电信网络诈骗案审查终结，对26名犯罪嫌疑人依法提起公诉。该团伙诈骗被害人1235名，骗取钱财9000余万元。该团伙频繁变更公司名称，通过线上虚构投资、理财顾问，恶意引导客户多次交易，骗取被害人钱财。△ 图/视觉中国日前，滴滴出行发布公告称，10月18日更新的滴滴乘客端和司机端App将试行“黑名单”功能，届时乘客和司机可在取消订单、投诉、评价页面选择将对方加入黑名单，“屏蔽”后的12个月内平台不再为双方匹配订单。△ 图/视觉中国日前，新浪微博发布公告称，自11月1日上线的新版本客户端起，微博暂停对不满14周岁的未成年人开放注册功能。△ 微博正在开发针对未成年人的特别版本，专门提供适宜未成年人浏览和参与的内容及活动。近日，有媒体报道称，全国多地苹果手机用户ID被盗，绑定的相应支付平台被扣款，最高损失已达上万元。支付宝日前回应称，在原因未查清之前，建议苹果手机用户选择调低免密支付额度以最大限度保护账户资金安全。△ 图/视觉中国近日，“慰安妇”题材纪录电影《二十二》发布捐款公示，影片资助人张歆艺、导演郭柯等多方共同决定向上海师范大学教育发展基金会捐资10086003.95元。导演郭柯兑现此前承诺，捐出导演个人收益400万元。（详情见：10086003.95元！这个承诺兑现了！）△电影《二十二》凭借1.7亿票房创造中国纪录电影票房纪录，导演郭柯承诺将会把个人票房收益捐赠。近日，有网友反映某网络平台主播@莉哥OvO 在直播中公然篡改国歌曲谱，表现国歌内容时嬉皮笑脸，并将国歌作为自己所谓“网络音乐会”“开幕曲”。目前，该主播直播间已被封禁，当事人公开道歉。（详情见：直播时嬉皮笑脸唱国歌 又一网红主播账号被封！）△ 直播截图近日，全国多地气温持续走低，中央气象台预计，11日东北中东部有雨雪天气，广西、广东、四川等地有小到中雨，云南局地有大雨。预计本周末，冷空气对我国的影响将基本结束，气温缓慢回升。财经10日，国际货币基金组织发布最新一期《全球金融稳定报告》称，全球金融体系面临风险上升，如果新兴市场压力加剧，或全球贸易关系进一步恶化，风险或大幅提高。△ 资料图/视觉中国10日，人社部公布截至2018年9月全国各地区月最低工资标准情况，上海月最低工资标准到2420元为全国最高。上海、广东、北京、天津、江苏、浙江6省月最低工资标准超2000元大关。△ 上海/视觉中国据中国外汇交易中心数据显示，10日人民币对美元汇率中间价报6.9072，较前一交易日下跌53个基点。美国东部时间10月10日，美国股市大跌。道琼斯工业平均指数跌幅3.14%，是今年4月以来最大跌幅；标普500指数跌幅3.28%，创2月以来最大单日跌幅；纳斯达克综合指数跌幅4.08%，创7月3日以来收盘新低。文体10日，在2018女排世锦赛第二轮复赛中，中国女排以大比分3-0战胜强敌美国女排，提前一轮锁定6强席位。△中国队球员在比赛中庆祝得分。日前，中国女篮与朝鲜女篮在朝鲜进行首场训练比赛。中朝女子篮球队员混编成“友谊队”和“团结队”，每支队伍中均由6名中国运动员和6名朝鲜运动员组成，“团结队”最终以107比106险胜“友谊队”。故宫博物院10日消息，“故宫博物院北院区项目”正式启动。该项目位于北京海淀区西北旺镇西玉河村范围内，总建筑面积102000平方米。建设内容包括文物展厅、文物修护用房、文物库房等。△ 建设启动仪式/视觉中国日前，国际奥委会全会批准通过2026年冬奥会候选城市，分别是加拿大卡尔加里、瑞典斯德哥尔摩和意大利米兰/科尔蒂纳丹佩佐。2019年，国际奥委会将通过投票选出2026年冬奥会最终举办城市。△图/视觉中国今日提示● 国家医保局：17种抗癌药纳入医保10日，国家医疗保障局印发通知，17种抗癌药纳入医保报销目录，与平均零售价相比，平均降幅达56.7%。（详情见：17种抗癌药纳入医保报销目录 平均降幅达56.7%）本次纳入药品目录的17个药品中包括12个实体肿瘤药和5个血液肿瘤药，均为临床必需、疗效确切、参保人员需求迫切的肿瘤治疗药品，涉及非小细胞肺癌、肾癌、结直肠癌、黑色素瘤、淋巴瘤等多个癌种。17种抗癌药完整名单（点击看大图）👇]]></content>
  <author><![CDATA[金百利工贸集团]]></author>
  <time>2018-10-11 09:32:21</time>
  <account><![CDATA[jinbailizhiyi]]></account>
</data>
