<data>
  <id><![CDATA[50364618]]></id>
  <url><![CDATA[https://mp.weixin.qq.com/s?timestamp=1539596610&src=3&ver=1&signature=Egrj350GoKY8-KUcIJshb4AxJ7PIsV9FYisZHvHDYVW7IuGwQaYJW9lR19xheep5gfl3imeFbXxOu-kO6J4y3uWO-meE3u9t4SC0rwPdwt3I*2ZrI3fE9Zv4f4NcfMhNdQzKxG5yV9SugfHbnsM3vgZkeHW01OPKV6NRl0*rthQ=]]></url>
  <title><![CDATA[关于国庆假期延长至10号的通知]]></title>
  <content><![CDATA[做梦！]]></content>
  <author><![CDATA[金百利工贸集团]]></author>
  <time>2018-10-07 09:54:17</time>
  <account><![CDATA[jinbailizhiyi]]></account>
</data>
