<data>
  <id><![CDATA[50364618]]></id>
  <url><![CDATA[https://mp.weixin.qq.com/s?timestamp=1539596610&src=3&ver=1&signature=Egrj350GoKY8-KUcIJshb4AxJ7PIsV9FYisZHvHDYVW7IuGwQaYJW9lR19xheep5gfl3imeFbXxOu-kO6J4y3rvsXSMQd4k2ldeF9JOSuv9vIc0E-zjlhO-LPj89FYmdSzn*DJo1kmMPsA5*VNudM5RL9RKguti4qxJqBnW9nSI=]]></url>
  <title><![CDATA[重磅！刚刚，崔永元再次冒死实名举报的竟然是他！]]></title>
  <content><![CDATA[小崔一声惊雷起，各路鬼魅皆心惊！就在昨天下午，在危险漩涡中的崔永元不顾遭受的死亡威胁，在继举报上海警察涉嫌违纪之后，再次抛出一颗重磅炸雷。崔永元前两天在战斗榜文中说过：我的危险来自四面八方，并实名举报上海快鹿案侦办组警察抽一千一条的烟，喝两万一瓶的酒，几十万小包一拿就走。今天，上海警方回应小崔，称暂时没有联系到小崔，希望小崔配合，如果发现违法违纪现象，将会依法依规严肃处理。就在上海警方呼应之后，小崔随即在网上隔空发炮，怒怼上海警方无法联系到小崔的说法，并且指名道姓的举报上海长宁经侦支队的副支队长彭奋，小崔尤其指出：彭奋的儿子叫彭明达。并明确指出其子就是涉“快鹿案”的主犯彭明达！在快鹿融资骗局中，彭明达及其合禾影视都扮演了至关重要的角色。其父彭奋作为长宁区经侦队副队长，是否对儿子的违法涉案问题，存在包庇和庇护，有待调查。但据小崔介绍：快鹿案件爆发后，很多受骗的群众去报案时长宁经侦却迟迟不予立案，半年多时间里主犯都从容外逃。结果是儿子彭明达不慌不忙携款数亿出逃国外，并且混的风生水起，现在还光明正大出任新西兰中文电视台NCTV总裁台长。可怜的上海老百姓集资的几百亿血本无归，到现在还求告无门。如果不是小崔爆出来，打死小编也不相信这种只能在小说中出现的离奇情节。而今天，这个巨大黑幕又让小崔给捅了出来！怪不得崔永元爆料上海警察对他大吼小叫，怪不得对崔永元的公司查个底朝天，怪不得崔永元所说警察喝两万一瓶的酒，一千一条的烟。莫非，这里面有只内外勾结的大老虎？既然小崔在网上实名举报了，相信上海警方能将这件事情弄个水落石出。毕竟纸里包不住火。让我们拭目以待吧！说实话，小编真的替崔永元捏把汗，在屡屡遭遇威胁的时候，竟然再次举报上海公安队伍里面的害群之马，这是要需要的多大勇气和毅力才能做到这样？我们老百姓没有别的地方可以支持小崔，小编唯有奋笔直呼替小崔摇旗呐喊，广大网民也请鼎力转发，这个时候事情影响越大，真相越早水落石出小崔反而就越安全。大家都帮小崔一下吧！支持的顶起来！]]></content>
  <author><![CDATA[金百利工贸集团]]></author>
  <time>2018-10-13 09:06:26</time>
  <account><![CDATA[jinbailizhiyi]]></account>
</data>
