<data>
  <id><![CDATA[50364618]]></id>
  <url><![CDATA[https://mp.weixin.qq.com/s?timestamp=1539596610&src=3&ver=1&signature=Egrj350GoKY8-KUcIJshb4AxJ7PIsV9FYisZHvHDYVW7IuGwQaYJW9lR19xheep5gfl3imeFbXxOu-kO6J4y3rvsXSMQd4k2ldeF9JOSuv*DsBLYpeZMt3YrVwALYwi4R*Fn4pYHcgSuxzz6E2A-c1da60mEzLvLR8RGQPOY7V4=]]></url>
  <title><![CDATA[早啊！新闻来了〔2018.10.13〕]]></title>
  <content><![CDATA[要闻在12日举行的外交部例行记者会上，有记者问到，中美领导人可能在G20峰会期间举行会晤，对此外交部发言人陆慷表示：我注意到有关报道。中美双方就各层级对话与交往保持着沟通。应国务院总理李克强邀请，日本首相安倍晋三将于10月25日至27日访华。美国领导人近日声称，近年来中国在自由和人权方面出现“掉头转向”。外交部发言人陆慷表示，美国无权对他国人权事务指手划脚。《百家讲坛》特别节目《平“语”近人——习近平总书记用典》12日播出第五集《报得三春晖》，本集展示了习近平总书记践行孝道理念。13日，将播出第六集《只留清气满乾坤》，敬请关注。△《新闻联播》：《平“语”近人——习近平总书记用典》央视热播 反响热烈国际当地时间12日，俄航天集团负责人表示，从“联盟MS－10”载人飞船发射事故中逃生的两名宇航员（分别来自俄美两国）或将于明年春天再次前往国际空间站。目前两人已抵达莫斯科，身体状况良好。（详情见：视频：俄载人飞船发射失败 两名宇航员生还）据英国广播公司12日报道，土耳其法院释放了美国牧师安德鲁·布伦森。土耳其方面曾指责布伦森涉嫌参与未遂政变和支持恐怖主义，美国方面则要求土耳其释放布伦森，并因此对土耳其实施制裁。美国防部近日宣布，所有F-35B战机暂时停飞进行检查，预计在24至48小时内完成。△9月28日，一架F-35B型战机在训练飞行时坠毁，飞行员成功逃生，这是该战机首次发生坠机事故。据外媒报道，日前，暴雨导致乌干达东部地区发生山体滑坡，已造成至少31人死亡。△图/视觉中国近日，飓风“迈克尔”以4级强度从美国佛罗里达州北部登陆，已致7人死亡。目前，佛罗里达州6000余人已撤至临时避难中心，预计截至本周末各州撤离人数将增至2万人。△图/视觉中国近日，专家预测美国黄石国家公园一座超级火山或将到喷发期，一旦喷发后果不堪设想。美宇航局日前提出高压注水降温方式以防喷发，该工程或需花费约239亿元人民币。△美国黄石国家公园大棱镜热泉/视觉中国社会12日，国家减灾委、应急管理部针对西藏江达县与四川白玉县交界处山体滑坡和金沙江堰塞湖灾害紧急启动国家Ⅳ级救灾应急响应。目前尚无人员伤亡报告，已有2万多名受到直接威胁的群众被安全转移，抢险正在进行中。△图/视觉中国就近日山东菏泽发放印有商业广告红领巾一事，教育部日前印发紧急通知要求，坚决禁止任何形式的商业广告、商业活动进入中小学和幼儿园。近日，中国科学家在世界上首次成功培育出具有两个父系基因组的孤雄小鼠。研究员通过对单倍体胚胎干细胞进行印记基因修饰并利用该细胞进行复杂胚胎操作的形式，得到世界上首只双父亲来源的小鼠。12日，湖北襄阳的武汉十堰高铁崔家营汉江特大桥成功合龙，标志着汉十高铁全线贯通。△图/视觉中国农业农村部12日发布消息，辽宁鞍山市再次排查出生猪非洲猪瘟疫情。样品来自鞍山市台安县一养殖户，该养殖户存栏生猪120头、发病88头、死亡72头。目前，上述疫情已得到有效处置。河南民政厅近日出台实施办法，填补全省残疾人服务行业没有总的行业管理规范空白。残疾人服务机构违反8种规定（包括未按照国家标准开展服务等）情形可直接吊销执照。备受公众关注的“南京交警被拖行致死案”，12日在南京市中级人民法院公开宣判，被告人高愿犯故意杀人罪，被判处死刑，缓期二年执行。日前，浙江嘉兴、海宁两级公安机关成功破获一起特大系列生产、销售微整形假药案。抓获犯罪嫌疑人21名，扣押肉毒素、水光针等假药及无注册证医疗器械130多个品种，涉案金额超3亿元。记者近日从华中科技大学获悉，2018年该校有18名学生因学分不达标从本科转为专科，11人已在6月按专科毕业。此前，该校对学分不达标学生直接给予退学处理。南北稻香村的商标争夺战传来新消息。12日，江苏苏州工业园区人民法院判决，北京稻香村停止在涉案商品上使用“稻香村”字样，赔偿苏州稻香村115万元。此前，北京知识产权法院给出完全相反的判决。两地法院判决不一，法律人士认为最后或许需要最高法院判决定锤。△ 图/视觉中国记者日前从北京市园林绿化局获悉，今年北京市将推出21处赏红叶景区（包括八达岭森林公园、妙峰山景区等），自10月中下旬陆续进入最佳观赏期，相关彩叶景区也将推迟清扫落叶。△ 北京坡峰岭/视觉中国近日，在北京、山西、内蒙古等地有网友看到空中出现奇怪光点，运动方向不固定。气象专家表示，这种现象或是航天器的航迹，具体情况有待确认。财经海关总署12日公布进出口数据，今年前三季度我国货物贸易进出口总值22.28万亿元，比去年同期增长9.9%。其中，我国对欧盟、美国和东盟进出口分别增长7.3%、6.5%和12.6%，三者合计占我国进出口总值的41.2%。△ 图/视觉中国国际货币基金组织12日发布最新一期经济展望报告，将今年亚太经济增长预期维持在5.6%，将明年该地区经济增速预期下调至5.4%。据瑞士驻华使馆消息，瑞士国家馆将亮相首届中国国际进口博览会，馆身设计为二层，将展示瑞士创新和生活方式领域最具代表性的元素。经历前一交易日的集体重挫后，12日A股止跌，主要股指全线温和反弹。其中上证综指重返2600点上方，涨幅近1%。△ 图/视觉中国文体12日，中国男篮与朝鲜金日成综合大学篮球队举行混编友谊赛。比赛分红白两队，由3名朝鲜队员与2名中国男篮队员组成，比赛只进行10分钟。红队最终以23比21获胜。12日，国际排联官网公布2018女排世锦赛六强赛赛程，中国队将先后迎战美国、荷兰。六强赛结束后，每组前两名晋级半决赛。《法国足球》日前声明，因出现恶意软件刷票，目前已关闭金球奖网络投票环节。官方表示这只是出于咨询目的的网络投票，将不会对结果产生影响。△ 投票刚开始时，萨拉赫支持率51%，梅西30%，没过多久后梅西以48%的支持率反超萨拉赫，后者则下降到31%。据亚足联官网消息，2019年阿联酋亚洲杯将引入加时赛第4个换人名额的规则。比赛一旦进入加时赛，参赛球队双方都将获得第4个换人名额。今日提示● 再次提醒：近期暂勿前往尼日利亚东北三州目前，尼日利亚东北博尔诺、约比、阿达马瓦三州安全形势依然严峻。外交部和中国驻尼日利亚使馆已发布新一期安全提醒，有效期至2019年4月10日。]]></content>
  <author><![CDATA[金百利工贸集团]]></author>
  <time>2018-10-13 09:06:26</time>
  <account><![CDATA[jinbailizhiyi]]></account>
</data>
