<data>
  <id><![CDATA[50364618]]></id>
  <url><![CDATA[https://mp.weixin.qq.com/s?timestamp=1539596610&src=3&ver=1&signature=Egrj350GoKY8-KUcIJshb4AxJ7PIsV9FYisZHvHDYVW7IuGwQaYJW9lR19xheep5gfl3imeFbXxOu-kO6J4y3uWO-meE3u9t4SC0rwPdwt12W5AedsY1y8VITUAHw58WP45oOXRjAYasqhrfXb2qRe6oc4mUzpmtlDASeiy5h48=]]></url>
  <title><![CDATA[还沉浸在放假的喜悦中？有几个坏消息先了解一下…]]></title>
  <content><![CDATA[假期还剩1天，据说大家依然沉浸在放假的喜悦中？小编实在是不忍心打击大家但是这些坏消息迟早是要知道的！那就……现在先了解一下吧~↓↓↓过完国庆2018年再也没有假期了一定要好好珍惜这1天因为这是2018年最后一个法定节假日了之后就要连上3个月的班才能熬到明年元旦！大家可以彻底收心了！返程高峰即将到来目前看10月3日-4日全国路网车流量总体仍呈高位运行状态据交通部预测10月5日-7日将出现返程集中6日达到返程高峰即将开车返程的注意啦可以提前做好规划准备点“干粮”尽量避免拥堵路段和拥堵时段油价已上涨10月1日起油价迎来年内第“十二涨”！全国平均来看92号汽油每升上调0.19元95号汽油每升上调0.20元0号柴油每升上调0.20元给您算笔账按一般家用汽车油箱50L容量估测加满一箱92号汽油将多花约9.5元你的钱包被掏空了吗？自从“十一”长假的第一天开始钱包“厚度”就在发生明显变化结婚礼金、假日旅游、回家探亲……每一项都是不小的花销“花钱一时爽”“假期结束就要吃土”！还有网友调侃9月份的工资都给了国庆结婚的你的钱包还“好”吗？又要长胖了钱包是空了，但身体却胖了秋季是一个进补的季节是一个穷凶极“饿”的季节！这个国庆这里赶饭局，那里赶酒席吃火锅！吃自助！吃西餐……这样下去，只有一个结果夏天减下去的肉这个秋天肯定又要胖！回！来！不过，假期还有1天大家“且过且开心”]]></content>
  <author><![CDATA[金百利工贸集团]]></author>
  <time>2018-10-07 09:54:17</time>
  <account><![CDATA[jinbailizhiyi]]></account>
</data>
