<data>
  <id><![CDATA[50364618]]></id>
  <url><![CDATA[https://mp.weixin.qq.com/s?timestamp=1539596610&src=3&ver=1&signature=Egrj350GoKY8-KUcIJshb4AxJ7PIsV9FYisZHvHDYVW7IuGwQaYJW9lR19xheep5gfl3imeFbXxOu-kO6J4y3gHazoE6CUDDlyy39BBi952DQViFEfuM4uCcPtqt7yGqRTZAR9ltLT26WRm0F2SZFO5g*FIpRTEPmSR*m-RPLRM=]]></url>
  <title><![CDATA[农村的有福了，又一个好消息…]]></title>
  <content><![CDATA[▼▼▼运势总算是千变万化的，你会觉得坏事都被你给碰上了，你会希望有一天，你的运势突然大好，这样的好运肯定会降临你的身上，等着马上就来。请欣赏视频]]></content>
  <author><![CDATA[金百利工贸集团]]></author>
  <time>2018-10-09 11:25:11</time>
  <account><![CDATA[jinbailizhiyi]]></account>
</data>
