<data>
  <id><![CDATA[50364618]]></id>
  <url><![CDATA[https://mp.weixin.qq.com/s?timestamp=1539596610&src=3&ver=1&signature=Egrj350GoKY8-KUcIJshb4AxJ7PIsV9FYisZHvHDYVW7IuGwQaYJW9lR19xheep5gfl3imeFbXxOu-kO6J4y3krE9lZBEudcg5JQq9N9iNxqSbPK6MQlLGrn2Vb27O77yFeBz7UXvdHabddBEBXmmywi-mv3V7UT2dikSC3GZNo=]]></url>
  <title><![CDATA[谈钱，最能看出一个人的人品。]]></title>
  <content><![CDATA[很多关系走到头，不是因为时间，也不是因为距离，而是因为现实，因为钱。马上又到年底了，借钱的、收账的，又要引起新一波的纠结和埋怨。记住，别为难自己，也别为难别人，这是最大的善良。谈钱，最能看出一个人的人品。01感情真不真，借个钱就知道了。在微博看到过这样一句话说：借钱最怕的不是钱没了，而是钱没了，朋友也没了。钱不是万能的，但没有钱是万万不能的，一来一往，一借一还中，牵扯太多人情世故和人品素质。很多关系走到头，不是因为时间，也不是因为距离，而是因为现实，因为钱。马上又到年底了，借钱的、收账的，又要引起新一波的纠结和埋怨。有些悲凉，但无可奈何。我希望你明白，对于钱的事要干脆，不管是别人向你借钱，还是你向别人借钱，但凡有犹豫，那就不要做，免得拂了面子，又伤了和气。谈钱，最能看出一个人的人品。不管是自私的感情，还是不厚道的人，该远离的，就要尽早远离之。每个人都有自己的个性和性格，花钱借钱是双方的事，我们无法左右他人，但能决定自我，要学会放弃对你自私的人，也学会永远不要轻易开口向人借钱。别为难自己，也别为难别人，这是最大的善良。02人品好不好，还个钱就知道了。如果说借钱考验的是人心，那么还钱则最暴露人品。还钱，是一个人的基本修养，而主动还钱，则是一个人的顶级修养。还钱，关系的是一个人的诚信问题。不占便宜，不忘恩负义，不让真心帮你的人陷入尴尬、为难的境地，这才能算得上是一个人品合格的人。钱，要有借有还，情，要有来有往。如此，我们才算不失了自己的良心，不辜负别人的善意，这段关系也才能健康的运转下去。现在，很多欠钱的成了大爷，借钱的人反而战战兢兢，道德的怪相令人叹息。那些一到还钱就百般借口、蓄意推脱的人，不如早点断了来往。03谈钱的感情更长远。钱，是感情的照妖镜，也是人品的试金石。人们总说，谈钱伤感情，殊不知，不谈钱更伤感情。钱是我们每个人生活中不可分割的一部分，两个人在一起怎么可能不跟钱打交道？刻意不谈钱，只会埋下矛盾的祸根，只有摊开了、讲明白，处理好了金钱关系，一段交情才能长远，一段感情才能稳固。谈钱不伤感情，用钱看清楚一个人才是聪明人的做法。珍惜那些慷慨出手的真朋友，断了那些虚情假意、言而无信的假交情，你的生活会更有智慧。]]></content>
  <author><![CDATA[金百利工贸集团]]></author>
  <time>2018-10-14 09:45:33</time>
  <account><![CDATA[jinbailizhiyi]]></account>
</data>
