<data>
  <id><![CDATA[50364618]]></id>
  <url><![CDATA[https://mp.weixin.qq.com/s?timestamp=1539596610&src=3&ver=1&signature=Egrj350GoKY8-KUcIJshb4AxJ7PIsV9FYisZHvHDYVW7IuGwQaYJW9lR19xheep5gfl3imeFbXxOu-kO6J4y3krE9lZBEudcg5JQq9N9iNwneVsGerD8*3TS57MYzI0t71Gz-fJr-o*XU0cAxTUJeP7VOHkcJhA6Gps-TEY4jQc=]]></url>
  <title><![CDATA[早啊！新闻来了〔2018.10.14〕]]></title>
  <content><![CDATA[要闻当地时间12日下午，在杜尚别出席上海合作组织成员国理事会第十七次会议期间，国务院总理李克强会见了吉尔吉斯斯坦总理阿布尔加济耶夫、白俄罗斯总理鲁马斯、阿富汗首席执行官阿卜杜拉、乌兹别克斯坦总理阿里波夫。△《新闻联播》视频：李克强分别会见吉尔吉斯斯坦总理、白俄罗斯总理、阿富汗首席执行官和乌兹别克斯坦总理13日，应急管理部会商认为当前金沙江堰塞湖水流快速下泄，水位继续下降，水情平稳；原滑坡体后缘裂缝尚未完全贯通，目前出现整体滑动的可能性不大，但仍不能排除再次滑坡风险。△13日，应急管理部从中央救灾物资成都储备库、拉萨储备库，向灾区紧急组织调拨7000顶帐篷、3万件棉大衣等中央救灾物资，以确保受灾群众基本生活和灾区社会稳定。近日，民政部对中国建筑业协会、中国城市规划协会、中国烹饪协会等3家社团违规涉企收费行为作出警告并处没收违法所得的行政处罚。13日，中俄首座跨江铁路大桥——同江中俄铁路大桥中方段工程全部完工。大桥主桥长2215.02米，我国境内长1886.45米，是国内首座跨境套轨铁路大桥，可适应中俄两国不同规格的轨距。《百家讲坛》特别节目《平“语”近人——习近平总书记用典》第六集《只留清气满乾坤》13日晚在央视综合频道8点档播出。△《平“语”近人——习近平总书记用典》13日晚播出第六集国际韩国统一部12日确认，朝韩双方计划15日在板门店韩方一侧“和平之家”举行高级别会谈，商讨《9月平壤共同宣言》履行方案。当地时间12日，土耳其一家法院做出判决，决定释放美籍牧师安德鲁·布伦森，布伦森当天晚些时候已经乘飞机离开土耳其。△现年50岁的布伦森已在土耳其生活20多年，2016年12月，他因被控间谍罪和与恐怖组织有牵连而遭土耳其方面逮捕。当地时间12日，一个来自沙特的调查团队抵达土耳其，将就沙特籍记者卡舒吉本月初在土耳其失踪事件展开调查。△10月2日，卡舒吉前往沙特驻伊斯坦布尔领事馆，办理与结婚相关的手续，之后再“没有出来”。土方推断卡舒吉在领事馆遇害。沙特方面予以否认，称卡舒吉离开了领事馆。当地时间12日，比利时联邦检察院宣布，此前比利时足坛扫黑行动中拘押的29名嫌疑人共有19人已被起诉，其中9人被正式逮捕，包括四名经纪人、一名裁判员、一名前律师等。这19人所涉及的罪名包括涉嫌贪腐、洗钱、操控球赛结果等。当地时间13日凌晨，一辆小货车在希腊北部城市卡瓦拉附近迎面撞上了一辆大货车，两车均起火燃烧。小货车上共有11人，全部遇难。警方初步认定小货车所转移的是从土耳其渡河偷渡到希腊的难民。德国内政部12日发表声明，宣布将德国与丹麦、奥地利和法国边境的临时管控期限延长半年，以防范非法移民入境。当地时间13日下午两点左右，阿富汗塔哈尔省的一处选举集会发生爆炸，导致至少12人死亡，32人受伤。爆炸物为一辆携带炸弹的摩托车。△本月20日，阿富汗将举行国民议会选举，此次爆炸是本月第三起针对议会选举发动的袭击。据叙利亚官方通讯社13日报道，以美国为首的“国际联盟”以打击极端组织的恐怖分子为借口，对叙利亚东南部代尔祖尔省哈金镇的几个地区发动了国际禁止的白磷弹袭击，目前没有人员伤亡的报告。△图为叙利亚官方通讯社资料图片世界第七高峰道拉吉利峰南坡12日发生雪崩，造成9名登山者死亡，其中包括5名韩国人和4名尼泊尔人。社会近日，北京大学第一医院妇产科三位医生值班期间遭患者及其家属殴打。北京大学第一医院发表声明称，警方已经介入调查。首都师范大学13日通报称，该校一名大一新生作为患者家属参与殴打医生，将依校规校纪严肃处理涉事学生。△网传视频11日上午，渔船“闽东渔61648”在台湾海峡中部海域沉没。2名渔民在漂泊了一天一夜后，12日傍晚被过往船舶救起后报警，船上11人失联。失事原因初步查明，该船是由于突遇10级阵风和高达4.5米的巨浪袭击，导致顷刻倾覆沉没。12日，备受海内外关注的福建“章公祖师”肉身坐佛跨国追索案在福建三明市中级人民法院开庭审理，这是该案第二次开庭。庭审最后，双方当事人均表达了调解意愿。△“章公祖师”肉身坐佛原供奉在福建省大田县吴山乡阳春村和东埔村共同拥有的普照堂内。1995年12月，坐佛发现被盗。2015年3月，匈牙利自然科学博物馆展出一尊肉身佛像，村民认为该佛像正是被盗的“章公祖师”肉身坐佛。2016年，阳春村和东埔村村民委员会向荷兰法庭提交起诉状，要求归还“章公祖师”肉身坐佛。近日，南京大屠杀幸存者沈淑静老人辞世。一网友在讣告下留言，公开叫嚣"南京大屠杀不存在”引发公愤。江苏省南京市公安局13日发布通告称：正依法展开调查。△该网友评论截图13日早上，湖南省桃源县陬市镇科辉墙材一分厂发生蒸压釜爆炸事故，导致3死1伤，事故原因仍在调查中。针对大连财经学院“男生自曝7楼扔下宠物狗摔死”一事，13日，该校发布通报称，同意涉事学生家长提出的退学申请，目前该学生已办理离校手续，由家长带其回家。日前，南水北调中线工程水源地丹江口水库发现被列为极度濒危的物种桃花水母，这是丹江口水库有史以来第一次发现桃花水母活体标本。专家认为，这是丹江口水库水质继续向好的有力证明。△资料图/视觉中国中央气象台预计，14日黑龙江西北部、甘肃西部、青海南部、川西高原等地的部分地区有小到中雪或雨夹雪；东北地区东部、河套地区、西北地区东部、西南地区大部、江汉南部、江南、华南中西部等地的部分地区有小到中雨，其中江南西南部、贵州东部、广西北部等地有大雨，广西北部、云南西部局地暴雨。财经香港金融管理局消息，国家财政部已于11日在香港顺利发行30亿美元主权债券，吸引了数百家机构投资者参与，总认购规模超过130亿美元。文体12日，32岁的“牙买加闪电”博尔特代表澳超球队中央海岸水手出战热身赛，并打进两粒进球。（详情见：“飞人”博尔特改踢足球 首次首发竟然……）13日，在2018年上海网球大师赛半决赛中，2号种子德约科维奇以6-2/6-1战胜4号种子小兹维列夫，率先闯入决赛。△德约科维奇北京时间13日，摩纳哥俱乐部宣布，传奇前锋亨利回归摩纳哥，将接任雅尔丁成为新一任主帅。今日提示● 全国多地苹果手机用户遭盗刷 谨慎开通免密支付近期，全国多地苹果手机用户遭遇盗刷。记者调查发现，这些用户都是在苹果账号开通了支付宝或微信支付，并同意授权“免密支付”，而被盗刷的款项多是通过免密支付造成的。为了避免损失，建议苹果手机用户：1. 解除免密支付或者调整免密额度；2. 及时修改苹果账号的登录密码；3. 养成定期更换密码的习惯。]]></content>
  <author><![CDATA[金百利工贸集团]]></author>
  <time>2018-10-14 09:45:33</time>
  <account><![CDATA[jinbailizhiyi]]></account>
</data>
