<data>
  <id><![CDATA[50364618]]></id>
  <url><![CDATA[https://mp.weixin.qq.com/s?timestamp=1539596610&src=3&ver=1&signature=Egrj350GoKY8-KUcIJshb4AxJ7PIsV9FYisZHvHDYVW7IuGwQaYJW9lR19xheep5gfl3imeFbXxOu-kO6J4y3okG39IKhC8hIvF9u49BlD0N4BLxsX6EhGldxwfV0YQQeAlq2upluoVhICANtyk8zlNJsET9VzvoceudTRQsgkM=]]></url>
  <title><![CDATA[现在的广告都这么出其不意了吗？不看到最后根本不知道是个啥！]]></title>
  <content><![CDATA[第一次见到可以用丧心病狂来形容的广告，你们感受一下！一开始以为是汽车，后来是罐子，再后来是木架，到最后几秒钟还觉得莫非是吸尘器？直到最后才发现。。。这广告商是什么脑洞啊？？真不是找竞争对手来拍的吗！！]]></content>
  <author><![CDATA[金百利工贸集团]]></author>
  <time>2018-10-12 16:22:59</time>
  <account><![CDATA[jinbailizhiyi]]></account>
</data>
