<data>
  <id><![CDATA[50364618]]></id>
  <url><![CDATA[https://mp.weixin.qq.com/s?timestamp=1539596610&src=3&ver=1&signature=Egrj350GoKY8-KUcIJshb4AxJ7PIsV9FYisZHvHDYVW7IuGwQaYJW9lR19xheep5gfl3imeFbXxOu-kO6J4y3hGAvtg422chiKfmVgNKNm9-AZQkpgD2f2l42HkmR-oumZCqVvuu5a5UHDjD13DQ5Vevv03ibn224d8OJPZ9KyM=]]></url>
  <title><![CDATA[今日寒露，寒气来袭，不懂规矩要吃亏，为家人收好！]]></title>
  <content><![CDATA[寒 露2018年寒露时间10月8日 16:14:37农历八月二十九  星期一寒露过后气温迅速下降、绵雨开始，阴气渐重的时刻，易感冒秋燥，阴邪入体，要谨慎！今日寒露过好寒露,保您全家平安、健康顺遂!先收藏，再送给你关心的人！寒露之养生寒露您一定要多吃一、吃对七个豆如果你想这个冬天不生病，一定要遵守寒露养生8字口诀：润肺、生津、健脾、养胃。二、饮食养生5个关键词1、滋阴餐，润肺燥2、少吃点苦，多点甜蜜3、温热食物最相宜4、寒露的专属神药5、两个“萝卜”包你身体顺畅！寒露养生4要点1、足部保暖2、适时添衣3、朝盐晚蜜4、不要憋尿寒露养生5防寒露节气，我最关心你气温渐凉，我最牵挂你所以提前精心编制了微信散发水果香味包含凉爽情意在你最需要时候及时发给你祝你开心惬意！快把祝福送给家人朋友愿您幸福常在，福气常来！今日寒露，用一条微信给亲人朋友们送去万般情意，千般关怀，百般祝福，祝大家开心过秋天！]]></content>
  <author><![CDATA[金百利工贸集团]]></author>
  <time>2018-10-08 10:45:58</time>
  <account><![CDATA[jinbailizhiyi]]></account>
</data>
