<data>
  <id><![CDATA[50364618]]></id>
  <url><![CDATA[https://mp.weixin.qq.com/s?timestamp=1539596610&src=3&ver=1&signature=Egrj350GoKY8-KUcIJshb4AxJ7PIsV9FYisZHvHDYVW7IuGwQaYJW9lR19xheep5gfl3imeFbXxOu-kO6J4y3gHazoE6CUDDlyy39BBi953LOlz*RtdU4ssjTwiCoU8owhNU2CrzsS6kpNtz8KuxV4T4MmKcbyw7-1x0Dqc3Fpw=]]></url>
  <title><![CDATA[此时此刻的你。。]]></title>
  <content><![CDATA[不行了，越看越困]]></content>
  <author><![CDATA[金百利工贸集团]]></author>
  <time>2018-10-09 11:25:11</time>
  <account><![CDATA[jinbailizhiyi]]></account>
</data>
