<data>
  <id><![CDATA[50364618]]></id>
  <url><![CDATA[https://mp.weixin.qq.com/s?timestamp=1539596610&src=3&ver=1&signature=Egrj350GoKY8-KUcIJshb4AxJ7PIsV9FYisZHvHDYVW7IuGwQaYJW9lR19xheep5gfl3imeFbXxOu-kO6J4y3qKvQ2FOU7DatK6O-NiTkLil9R1Lotys7welcr4SKMOGIgFF9g4ssgajeNxWpP*vn0rhCyIbo3U6cRR73YxeGaE=]]></url>
  <title><![CDATA[小时候干过以下10件事的，算你牛！]]></title>
  <content><![CDATA[提示：点击↑上方关注我！]]></content>
  <author><![CDATA[金百利工贸集团]]></author>
  <time>2018-10-10 09:38:57</time>
  <account><![CDATA[jinbailizhiyi]]></account>
</data>
