<data>
  <id><![CDATA[50364618]]></id>
  <url><![CDATA[https://mp.weixin.qq.com/s?timestamp=1539596610&src=3&ver=1&signature=Egrj350GoKY8-KUcIJshb4AxJ7PIsV9FYisZHvHDYVW7IuGwQaYJW9lR19xheep5gfl3imeFbXxOu-kO6J4y3rwF249dKoPnx02tojPtWIG56VxUWlx96Am41dEGFc*wj9BoIlvXB89LzZNTrx4tiqiIMGXVvQdKJV6sjvG15s0=]]></url>
  <title><![CDATA[卫生间不要随便放这几样东西，第二种你家肯定有，才知道太可惜了]]></title>
  <content><![CDATA[提示：点击↑上方关注我！]]></content>
  <author><![CDATA[金百利工贸集团]]></author>
  <time>2018-10-11 09:32:21</time>
  <account><![CDATA[jinbailizhiyi]]></account>
</data>
