<data>
  <id><![CDATA[50364618]]></id>
  <url><![CDATA[https://mp.weixin.qq.com/s?timestamp=1539596610&src=3&ver=1&signature=Egrj350GoKY8-KUcIJshb4AxJ7PIsV9FYisZHvHDYVW7IuGwQaYJW9lR19xheep5gfl3imeFbXxOu-kO6J4y3m0MhtP12VXPV1zJM5VPxfoyFMwFLsnUJ*-dWnU72zUrY5wfSLsncwgvh3Ott3**49oqm0casRWnn1eF4NsdLQE=]]></url>
  <title><![CDATA[再过2天，将有件大事发生！现在知道还不晚！]]></title>
  <content><![CDATA[今儿是国庆的第六天伴随着小长假进度条燃烧过半相信翻山越岭的朋友们已经提前走完了这个月的打卡步数掐指一算再过两天就要开始工作了这件大事可别忘了！国庆七天乐加班、聚会、旅途劳累……被国庆安排得明明白白你国庆去哪里玩耍了？来看看大家都有哪些吐槽吧......这辈子最后悔的事就是国庆节的时候来黄山稻城亚丁从白天堵到黑夜高速路卖炒粉 八天挣他一个亿八达岭长城一天接待将近3.7万人不到长城非好汉？可好汉不吃眼前亏！对不起，打扰了是外卖不好吃还是觉不好睡为什么非要出来？我哭了课本上的美丽故宫呢？你怕不是在骗我？本想在外滩拍一张游客照，谁知道？？？而日思夜想的东方明珠竟然是这样一番景象来到中山陵我才知道我对中国人的数量一无所知我跨过了山和大海遇见了人山人海而仙境般的的杭州断桥我真害怕它断了不如去苏州园林看看吧看了以后不好意思我只想当一个肥宅去成都的街头走一走也不错emmm...还是不了吧我晕后脑勺重庆解放碑人挤人人挤人人挤人双脚悬空不是梦“我是谁？我为什么在这里？我在干嘛？”我们的火车站也都是充满节日的气息让你挤到变形模糊公路上也是一片热闹的景象从白天到黑夜一动不动......就问你感不感动？一哥们儿昨晚6点从余杭走今天上午11点才到徐州踩刹车踩到袜子都破了更惨的是另一哥们儿堵到只能徒步去接新娘堵到胸闷气短想下来透透气？呵呵，你太天真了万千群众的娱乐生活还在继续啊路上有蹲着打扑克的有一言不合就尬舞的想要发家致富的朋友们也要注意了！什么？你问我假期准备怎么过？简单点，过节的方式简单点要问小编的假期打开方式？悄悄告诉你小编我呢，早早地去到了一个落地免签，环境优美全面覆盖空调WIFI的地方度过了这个宝贵的假期……（把上班说的如此清新脱俗，我真是太优秀了）假期还有两天你准备怎么度过呢？]]></content>
  <author><![CDATA[金百利工贸集团]]></author>
  <time>2018-10-06 09:57:14</time>
  <account><![CDATA[jinbailizhiyi]]></account>
</data>
