<data>
  <id><![CDATA[50364618]]></id>
  <url><![CDATA[https://mp.weixin.qq.com/s?timestamp=1539596610&src=3&ver=1&signature=Egrj350GoKY8-KUcIJshb4AxJ7PIsV9FYisZHvHDYVW7IuGwQaYJW9lR19xheep5gfl3imeFbXxOu-kO6J4y3uWO-meE3u9t4SC0rwPdwt2t1MCr0ikIIdu32GmXvxcnprGT1hmDrVgZCr4GffjCeYfsjX6f5s0eNZpq0vj4wWQ=]]></url>
  <title><![CDATA[点赞100000+！夜色中这个小小身影，让无数人湿润了眼眶]]></title>
  <content><![CDATA[一张照片，短短几天，点赞已经超过十万！在夜色中，这个小小身影，向着街旁悬挂的五星红旗庄严致敬。这一幕让无数人温暖了内心，湿润了眼眶……关于这个小朋友的举动，有网友这样说：这一幕，还有网友用画笔记录下来：更多的网友都不吝赞美，为这个小小身影送出大大的赞：国庆节，你家挂国旗没？一面悬挂在街旁的国旗，给路过的孩子以崇敬与仰望。国庆节期间，不少网友都晒出了与国旗的合影。无论是手中的国旗、身后的国旗、或是笔下的国旗，这一刻都记录下他们祝福祖国的瞬间。可以说，国旗在我们身边随处可见。在全国，很多地方的主干道、单位、临街商户等都已经升挂国旗。相信你所在的城市街道两侧，也有一面面鲜艳的五星红旗在迎风飘扬。国庆节挂国旗，不仅是自发的爱国举动，也是法律规定。根据《中华人民共和国国旗法》的规定，国庆节、国际劳动节、元旦和春节，各级国家机关和各人民团体应当升挂国旗；企业事业组织，村民委员会、居民委员会，城镇居民院（楼）以及广场、公园等公共活动场所，有条件的可以升挂国旗。也就是说，只要符合升挂国旗的条件，我们是可以在自家的门口或者阳台升挂国旗的。这个国庆节，你家挂国旗了吗？国庆节，不仅仅是一个长假国庆黄金周，很多人的假期主题是旅行、探亲、购物或者加班。在享受假期的同时，一定不要忘了国庆节的真正意义。国庆节，是由一个国家制定的用来纪念国家本身的法定假日。热爱国家才是这个节日真正的主题，无论身处何地，都应心怀一份爱国精神和家国情怀。这份对国家的热爱，对于世界上很多国家的人们来说，都是相似的。不少去国外旅游的网友看到过，许多民众在这样的节日里，都把国旗悬挂在家门口或自己经常出入的场所和办公地点，以示民族自豪。每个国家的人民，都有着独特庆祝国家节日的方式，而这份对于祖国的热爱与自豪，一定是共通的。爱国，很骄傲很自豪！在国庆节这样一个隆重、庄严、喜庆的日子，在家门口挂国旗不仅是体现家国情怀的自发行为，同时也让这个节日更具仪式感。事实上，如今这样做的人也确实越来越多了。在国庆节挂国旗，表达的是我们对祖国由衷的热爱，也是我们对祖国最深情的祝福！]]></content>
  <author><![CDATA[金百利工贸集团]]></author>
  <time>2018-10-07 09:54:17</time>
  <account><![CDATA[jinbailizhiyi]]></account>
</data>
