<data>
  <id><![CDATA[50364618]]></id>
  <url><![CDATA[https://mp.weixin.qq.com/s?timestamp=1539596610&src=3&ver=1&signature=Egrj350GoKY8-KUcIJshb4AxJ7PIsV9FYisZHvHDYVW7IuGwQaYJW9lR19xheep5gfl3imeFbXxOu-kO6J4y3gHazoE6CUDDlyy39BBi951Y3IJokPpSz6G8Q2C4AR7h9I2FPUapLV-Funw9yfSedglXkbizkX8nc2aI7*qGCtE=]]></url>
  <title><![CDATA[微信国庆数据：广东“懒人”最多！全国2000万人宅在家，一天不足100步…]]></title>
  <content><![CDATA[这个国庆有些人，看遍了世界有些人，在朋友圈里，看遍了世界微信官方数据出炉，国庆期间：全国有2100万人日运动量竟不足百步……详情请往下看↓↓↓很好，假期办公室“百步青年”来报告了很荣幸我为此次的大数据研究贡献了一份微薄之力对boss疯狂暗示完毕希望明天你们还能见到我：）]]></content>
  <author><![CDATA[金百利工贸集团]]></author>
  <time>2018-10-09 11:25:11</time>
  <account><![CDATA[jinbailizhiyi]]></account>
</data>
