<data>
  <id><![CDATA[50364618]]></id>
  <url><![CDATA[https://mp.weixin.qq.com/s?timestamp=1539596610&src=3&ver=1&signature=Egrj350GoKY8-KUcIJshb4AxJ7PIsV9FYisZHvHDYVW7IuGwQaYJW9lR19xheep5gfl3imeFbXxOu-kO6J4y3hGAvtg422chiKfmVgNKNm*xd9KjmeC3NPpTi5tdkaAVi6UiyMMHv6NQHDKkujz34LKDuC2gMKLb-7ysftQe7qE=]]></url>
  <title><![CDATA[这件衣服上的二维码不是广告，是一个儿子的机智和孝心！]]></title>
  <content><![CDATA[国庆长假第三天，记者在上海市金山区“花开海上”公园看到，一位背着沉甸甸双肩包的年轻人，牵着一位老人的手往前走。引入注目的是，老人穿的蓝色背心上，醒目地印着一个黄色二维码，上面写着“扫一扫，请帮我联系家人”。从来没见过这样的二维码，出于好奇，记者紧赶几步追上他们，一问才知，原来老人患有阿尔茨海默病，曾多次走失。儿子为了能快速找到走失的父亲，想出了用互联网技术寻人的办法。陶先生正牵着父亲的手游园。父亲名字+儿子的手机号反复思考设计出二维码那么，这位好儿子是何许人？记者试着长按照片中的二维码，竟然扫描到以下内容：陶玉德1390****428。于是拨打陶先生电话，果然是之前邂逅的年轻人。陶先生告诉记者：陶玉德是父亲的名字，手机号是自己的。这样设计是反复思考过的，好处是自己个人信息没有泄露，同时一接电话就能马上意识到和父亲有关。其实，当天陶先生是和爱人带着父母、女儿一起来游园的。大约10年前，退休后的父亲出现健忘等症状，4、5年前病情加重，最多一年走失4次，而且自己不会主动求助。家里给他用过定位器、黄手环，但都不太管用。经过反复思考总结，去年，陶先生想出自制二维码，并到网上定制了4套不同季节的衣服、帽子，常年给父亲穿戴。老人的帽子上也有二维码父亲穿二维码衣服又多了一重保险父母特别喜欢旅游，陶先生每到季节变化就琢磨着带父母去哪儿旅游。一般每个季度出去一次，上海的各大公园基本玩遍了；去年去过西安、青海、敦煌；前年坐邮轮旅行，还开房车到南山竹海泡温泉。带着患病的父亲出门，他一直是手牵着手，生怕一不留神就弄丢了。“现在穿了二维码衣服，又多了一重保险。”陶先生告诉记者：一直照顾父亲的母亲曾经是医院护士长，患有间质性肺炎（俗称亚癌），是一种不可逆的免疫系统疾病，严重时要去住院小化疗。5年多前，她有次在岳阳医院住院小化疗20多天，当时陶先生在北京一家大型投资公司工作，妻子和孩子在广东，孩子上幼儿园。他便请假回来照顾两位老人，“这段期间是我工作以后和母亲谈得较多且聊开的时期，也就是那时，母亲让我帮她买书《最好的告别》。我突然意识到，老人在考虑生死问题了。”怎么为老人解决心里的烦恼？陶先生认为，对父母的关爱，不但是物质上的给予，行为上搀扶，也要从思想上帮助他们树立对病痛、过度医疗，面对生命终点等的一系列事项正确的态度和心理安排，这才是真正的关爱老人。他说，每个家庭的情况不同，但作为子女，首先要有心。关心老人的形式可以各种各样，但要有仪式感，比如逢年过节，子女必须花点时间陪伴父母，和老人交流聊天，让他们心情舒畅。]]></content>
  <author><![CDATA[金百利工贸集团]]></author>
  <time>2018-10-08 10:45:58</time>
  <account><![CDATA[jinbailizhiyi]]></account>
</data>
