<data>
  <id><![CDATA[50364618]]></id>
  <url><![CDATA[https://mp.weixin.qq.com/s?timestamp=1539596610&src=3&ver=1&signature=Egrj350GoKY8-KUcIJshb4AxJ7PIsV9FYisZHvHDYVW7IuGwQaYJW9lR19xheep5gfl3imeFbXxOu-kO6J4y3rwF249dKoPnx02tojPtWIHgEzYOZfiQ0VjPdFhl7pSM6C4p1LNppyfsxRjwRquT4s2DBw3AwnWGezcZ0FxvSOI=]]></url>
  <title><![CDATA[记住了：除了自己，谁都指望不上]]></title>
  <content><![CDATA[这个世上人人都很忙，不是你哭了，就有人来哄，不是你痛了，就有人心疼，每个人都有自己的事要做，哪有多余的时间和精力去管别人。别人看到的只是表面，心中的苦，眼角的泪，也只有自己懂。大部分人都喜欢看笑话，真正伸出手帮你的却没有几个。社会现实，人心复杂，你永远都不能指望别人。想哭的时候，拼命忍住；委屈的时候，出去走走。想放弃，想逃避的时候，告诉自己别认输，因为没有人能无缘无故给你帮助，没有谁能不求回报对你付出。这个世上，真正对你好的人只有自己的父母，但是，却不能一直指望他们，总有一天他们会老，还得需要你去照顾。你若不坚强，谁替你勇敢；你若不努力，谁给你希望。所以，千万别指望任何人了，勇敢地抬起头，坚强地站起来，让别人对你另眼相看！钱财不多，自己去赚；生活不好，自己改善；没有雨伞，跑快一点；没有靠山，自己勇敢。总有一天，你会成为一个强者，再也不会向别人索取温暖，再也不会向别人乞求可怜。]]></content>
  <author><![CDATA[金百利工贸集团]]></author>
  <time>2018-10-11 09:32:21</time>
  <account><![CDATA[jinbailizhiyi]]></account>
</data>
