<data>
  <id><![CDATA[50364618]]></id>
  <url><![CDATA[https://mp.weixin.qq.com/s?timestamp=1539596610&src=3&ver=1&signature=Egrj350GoKY8-KUcIJshb4AxJ7PIsV9FYisZHvHDYVW7IuGwQaYJW9lR19xheep5gfl3imeFbXxOu-kO6J4y3okG39IKhC8hIvF9u49BlD0LTUS7AuyHEu0vcu-vNVrs0Q*kd9VmPm7jrRbrlQ59f*Je*djZ9eFVKko1hQTgO8U=]]></url>
  <title><![CDATA[重磅！发改委发文，事关1亿人落户问题]]></title>
  <content><![CDATA[10 月10日，国家发展改革委办公厅发布关于督察《推动1亿非户籍人口在城市落户方案》落实情况的通知。通知指出，推动1亿非户籍人口在城市落户，是推进新型城镇化高质量发展的重要任务，是扩大内需和改善民生的有机结合点，是全面建成小康社会惠及更多人口的内在要求。△资料图通知强调，对《推动1亿非户籍人口在城市落户方案》（以下简称《落户方案》）落实情况开展督察，分析总结好经验好做法，摸清改革障碍和工作短板，提出有针对性操作性的整改措施，对切实推动《落户方案》落地见效，具有重要促进作用。通知指出，按照《落户方案》主要目标任务分工，对各地区各有关部门落实情况开展全面督察。有关部门落实情况。督察的主要内容是：各项目标任务的牵头部门出台配套政策和推动改革落地的工作进展情况，改革取得的实质性成效，进展滞后的改革任务及内在原因，下一步整改的政策建议。各地区落实情况。督察的主要内容是：一是省级有关部门落实情况，特别是在加大对农业转移人口市民化的财政支持力度、建立财政性建设资金对吸纳农业转移人口较多城市基础设施投资的补助机制、建立城镇建设用地增加规模与吸纳农业转移人口落户数量挂钩机制等方面，取得的实质性成效，进展滞后任务及原因，以及下一步整改措施。二是城市人民政府落实情况，特别是在放开城市落户限制、建立进城落户农民“三权”维护和自愿有偿退出机制、保障进城落户农民基本公共服务同城同待遇、促进有条件在城镇稳定就业生活的农村贫困人口市民化等方面，取得的实质性成效，进展滞后任务及原因，以及下一步整改措施。△资料图通知介绍，运用实地督察与书面督察相结合、集中督察与持续跟踪相结合等方式，建立健全改革督察工作机制。（一）书面督察。10月20日前，各项目标任务的牵头部门、各省级人民政府及新疆生产建设兵团进行自查，并分别将自查报告（5000字以内，附光盘）报送国家发展改革委。（二）实地督察。11月15日前，国家发展改革委会同有关部门组建联合督察组，分赴东中西及东北地区开展实地督察，了解省级有关部门及城市人民政府落实情况，并形成督察调研报告。具体时间另行通知。（三）座谈督察。11月15日前，国家发展改革委会同有关部门召开改革督察座谈会，判断改革取得的实质性成效，摸清改革障碍和工作短板，研究提出有针对性操作性的整改措施。具体时间另行通知。在以上工作基础上，国家发展改革委起草形成督察报告，于11月底上报。▌本文来源：国家发改委网站、中国新闻网]]></content>
  <author><![CDATA[金百利工贸集团]]></author>
  <time>2018-10-12 16:22:59</time>
  <account><![CDATA[jinbailizhiyi]]></account>
</data>
