<data>
  <id><![CDATA[50364618]]></id>
  <url><![CDATA[https://mp.weixin.qq.com/s?timestamp=1539596610&src=3&ver=1&signature=Egrj350GoKY8-KUcIJshb4AxJ7PIsV9FYisZHvHDYVW7IuGwQaYJW9lR19xheep5gfl3imeFbXxOu-kO6J4y3qKvQ2FOU7DatK6O-NiTkLiBb1a5PrRLvp7FFMAiK6IYU60Q66*9ZhhswpidGxYL*A5m39UXYYSKwGc66N2Hewk=]]></url>
  <title><![CDATA[@所有人！再有人让你出示这些东西，可以举报了！]]></title>
  <content><![CDATA[证明你妈是你妈”“证明你爸是你爸”“找工作，要开品行端正证明”“我真的是我”有时候还会听到：“您好，请先去三楼盖个XXX章再来十楼盖个XXX章三天以后再去XXX开个XXX证明……”带一堆证明跑N个窗口少带一份材料又要补齐后重新排队办个事办到生无可恋“办事难、办事慢、办事繁”这样的日子要啥时候才是个头？我要大声告诉你已经到头了！近日，司法部开通网上投诉平台实名登录后即可反映意见各地方被要求在15天内反馈如何投诉？1、登录“中国法律服务网（http://www.12348.gov.cn）”2、进入用户注册界面直接点击网站上方【注册】进入注册界面3、实名注册登录4、点击“我要批评”5、反映被索要“奇葩证明”等问题6、提出批评意见群众投诉 地方要在15天内反馈在将相关信息转送至地方和部门的平台管理员账号后，管理员可以通过移动端或电脑端登录平台，研究转送相关意见建议。办理单位或牵头单位要在要求时限内向意见提请人反馈处理情况，同时向司法部在线反馈处理结果。以地方为例，司法部要求地方在15天内反馈，特殊情况下，可以延长至20天。司法部证明事项清理工作领导小组办公室会定期统计汇总投诉意见情况和有关单位研究处理情况，在中国法律服务网上向社会公布。对办理及时、群众满意的进行宣传，对办理不及时、群众不满意的，专门进行督促指导对存在的共性问题提出改进工作的建议。哪些种类的“奇葩证明”一律取消?哪些证明，派出所不再开具?戳图了解，扩散周知!↓↓再提醒一下派出所不再开具这20项证明↓↓买卖房子、找工作、贷款、结婚，甚至离婚……你曾为这些事跑断过腿吗？从今以后再也不用那么折腾再见了奇葩证明！以后我们办事将越来越方便啦！]]></content>
  <author><![CDATA[金百利工贸集团]]></author>
  <time>2018-10-10 09:38:57</time>
  <account><![CDATA[jinbailizhiyi]]></account>
</data>
