<data>
  <id><![CDATA[50364618]]></id>
  <url><![CDATA[https://mp.weixin.qq.com/s?timestamp=1539596610&src=3&ver=1&signature=Egrj350GoKY8-KUcIJshb4AxJ7PIsV9FYisZHvHDYVW7IuGwQaYJW9lR19xheep5gfl3imeFbXxOu-kO6J4y3uWO-meE3u9t4SC0rwPdwt3sLfJg0JZspND5v6ajRUxNIpxLBhd0t8ucs7hm8YA164uf1B*i*95EqCNxPj3jqQc=]]></url>
  <title><![CDATA[【荐读】再来感受下南北差异，这是说得最准的一次了...]]></title>
  <content><![CDATA[最近看到网上又双叒叕在讨论南北差异了这次说的还有点准！一起感受下除了叫调羹之外南方还有的叫“汤匙”南北方概念里的“素菜”是不一样的！南方人的素菜一定不能有肉和荤腥青菜一定要是绿叶菜这点北方人表示不理解土豆肉片怎么就不是素菜了？关于洗脸的问题......北方人是用水洗脸的南方人是用毛巾洗的......南北方的蟑螂不是同一物种这就不用多说了吧......南北方的“辣”不是同一种辣“小酌”也不是同一种杯子北方人喝酒讲究的是气势喝酒前我是北方的喝完酒之后北方是我的！再来说说吃饭的问题南方人说的饭和北方人说的饭绝对不是一个东西！北方人说吃饭那基本吃米吃面和粥吃馒头吃肯德基必胜客都叫吃饭但是南方人一定会认真的分清楚吃饭一定是吃米饭吃面也一定是吃面条北方人说的面分两用：一种是面粉，一种是面条可以统称为面！而南方人说的面就是面条此外餐具的用法也不一样......南方人丢东西都说“掉了”北方人第一次听见的时候肯定很震惊......心说掉了捡起来不就行了北方人指路说的是东南西北南方人指路是前后左右所以说路痴千万别去北方上下左右都分不清了更何况东南西北......虽然南北方差异很大但是呢有一点很相似好看的人都很多]]></content>
  <author><![CDATA[金百利工贸集团]]></author>
  <time>2018-10-07 09:54:17</time>
  <account><![CDATA[jinbailizhiyi]]></account>
</data>
