<data>
  <id><![CDATA[50572935]]></id>
  <url><![CDATA[https://mp.weixin.qq.com/s?timestamp=1539596374&src=3&ver=1&signature=Egrj350GoKY8-KUcIJshb7R4HPumVnmq92obBpDUXE1VIlhxDr68uwLMmTGfnIS4*0RTewOBUEy7HrvbHiTNvdzNlrz2jjGpBCED4vXY18Ty0OAzPxCXoos2zGGHYm*ivL5oqvHMNrLGMs5iyRc6MDE57F5FGdBp-0ilLBKFOYU=]]></url>
  <title><![CDATA[2050年实现农业强农民富！乡村振兴战略规划重磅发布！]]></title>
  <content><![CDATA[全面建成小康社会和全面建设社会主义现代化强国，最艰巨最繁重的任务在农村，最广泛最深厚的基础在农村，最大的潜力和后劲也在农村。近日，中共中央、国务院印发《乡村振兴战略规划（2018—2022年）》，对实施乡村振兴战略第一个五年工作做出具体部署，是指导各地区各部门分类有序推进乡村振兴的重要依据。基本原则1、坚持党管农村工作。2、坚持农业农村优先发展。3、坚持农民主体地位。4、坚持乡村全面振兴。5、坚持城乡融合发展。6、坚持人与自然和谐共生。7、坚持改革创新、激发活力。8、坚持因地制宜、循序渐进。发展目标1、到2020年>> 乡村振兴的制度框架和政策体系基本形成，各地区各部门乡村振兴的思路举措得以确立，全面建成小康社会的目标如期实现。>> 乡村振兴的制度框架和政策体系初步健全。国家粮食安全保障水平进一步提高，现代农业体系初步构建，农业绿色发展全面推进。>> 农村一二三产业融合发展格局初步形成，乡村产业加快发展，农民收入水平进一步提高，脱贫攻坚成果得到进一步巩固。>> 农村基础设施条件持续改善，城乡统一的社会保障制度体系基本建立。>> 农村人居环境显著改善，生态宜居的美丽乡村建设扎实推进。>> 城乡融合发展体制机制初步建立，农村基本公共服务水平进一步提升。>> 乡村优秀传统文化得以传承和发展，农民精神文化生活需求基本得到满足。>> 以党组织为核心的农村基层组织建设明显加强，乡村治理能力进一步提升，现代乡村治理体系初步构建。探索形成一批各具特色的乡村振兴模式和经验，乡村振兴取得阶段性成果。2、到2035年>> 乡村振兴取得决定性进展，农业农村现代化基本实现。农业结构得到根本性改善，农民就业质量显著提高，相对贫困进一步缓解，共同富裕迈出坚实步伐。>> 城乡基本公共服务均等化基本实现，城乡融合发展体制机制更加完善。>> 乡风文明达到新高度，乡村治理体系更加完善；农村生态环境根本好转，生态宜居的美丽乡村基本实现。3、到2050年>> 乡村全面振兴，农业强、农村美、农民富全面实现。耕地保护> 加强耕地保护和建设。严守耕地红线，全面落实永久基本农田特殊保护制度，完成永久基本农田控制线划定工作，确保到2020年永久基本农田保护面积不低于15.46亿亩。> 大规模推进高标准农田建设，确保到2022年建成10亿亩高标准农田，所有高标准农田实现统一上图入库，形成完善的管护监督和考核机制。> 加强农田水利基础设施建设，实施耕地质量保护和提升行动，到2022年农田有效灌溉面积达到10.4亿亩，耕地质量平均提升0.5个等级（别）以上。土地确权> 落实农村土地承包关系稳定并长久不变政策，衔接落实好第二轮土地承包到期后再延长30年的政策，让农民吃上长效“定心丸”。> 全面完成土地承包经营权确权登记颁证工作，完善农村承包地“三权分置”制度，在依法保护集体所有权和农户承包权前提下，平等保护土地经营权。建立农村产权交易平台，加强土地经营权流转和规模经营的管理服务。生态资源> 严格控制未利用地开垦，落实和完善耕地占补平衡制度。实施农用地分类管理，切实加大优先保护类耕地保护力度。> 强化渔业资源管控与养护，实施海洋渔业资源总量管理、海洋渔船“双控”和休禁渔制度，科学划定江河湖海限捕、禁捕区域，建设水生生物保护区、海洋牧场。农业补贴> 建立健全国家农业投入增长机制，政府固定资产投资继续向农业倾斜，优化投入结构，实施一批打基础、管长远、影响全局的重大工程，加快改变农业基础设施薄弱状况。> 建立以绿色生态为导向的农业补贴制度，提高农业补贴政策的指向性和精准性。落实和完善对农民直接补贴制度。完善粮食主产区利益补偿机制。人居环境> 开展非正规垃圾堆放点排查整治。实施“厕所革命”，结合各地实际普及不同类型的卫生厕所，推进厕所粪污无害化处理和资源化利用。> 梯次推进农村生活污水治理，有条件的地区推动城镇污水管网向周边村庄延伸覆盖。逐步消除农村黑臭水体，加强农村饮用水水源地保护。粮食安全> 深入实施藏粮于地、藏粮于技战略，提高农业综合生产能力，保障国家粮食安全和重要农产品有效供给，把中国人的饭碗牢牢端在自己手中。> 按照“确保谷物基本自给、口粮绝对安全”的要求，持续巩固和提升粮食生产能力。深化中央储备粮管理体制改革，科学确定储备规模，强化中央储备粮监督管理，推进中央、地方两级储备协同运作。脱贫攻坚> 结合实施乡村振兴战略，压茬推进实施生态宜居搬迁等工程，巩固易地扶贫搬迁成果。注重扶志扶智，引导贫困群众克服“等靠要”思想，逐步消除精神贫困。> 加强宣传引导，讲好中国减贫故事。认真总结脱贫攻坚经验，研究建立促进群众稳定脱贫和防范返贫的长效机制，探索统筹解决城乡贫困的政策措施，确保贫困群众稳定脱贫。食品安全> 实施食品安全战略，加快完善农产品质量和食品安全标准、监管体系，加快建立农产品质量分级及产地准出、市场准入制度。完善农兽药残留限量标准体系，推进农产品生产投入品使用规范化。乡村治理> 充分发挥纪检监察机关在督促相关职能部门抓好中央政策落实方面的作用，加强对落实情况特别是涉农资金拨付、物资调配等工作的监督，开展扶贫领域腐败和作风问题专项治理。> 严厉打击农村基层黑恶势力和涉黑涉恶腐败及“保护伞”，严肃查处发生在惠农资金、征地拆迁、生态环保和农村“三资”管理领域的违纪违法问题，坚决纠正损害农民利益的行为，严厉整治群众身边腐败问题。乡风文明> 健全人文关怀和心理疏导机制，培育自尊自信、理性平和、积极向上的农村社会心态。深化文明村镇创建活动，进一步提高县级及以上文明村和文明乡镇的占比。> 广泛开展星级文明户、文明家庭等群众性精神文明创建活动。深入开展“扫黄打非”进基层。科技创新> 培育符合现代农业发展要求的创新主体，建立健全各类创新主体协调互动和创新要素高效配置的国家农业科技创新体系。> 强化农业基础研究，实现前瞻性基础研究和原创性重大成果突破。加强种业创新、现代食品、农机装备、农业污染防治、农村环境整治等方面的科研工作。提升品牌> 实施农业品牌提升行动，加快形成以区域公用品牌、企业品牌、大宗农产品品牌、特色农产品品牌为核心的农业品牌格局。推进区域农产品公共品牌建设，擦亮老品牌，塑强新品牌，引入现代要素改造提升传统名优品牌，努力打造一批国际知名的农业品牌和国际品牌展会。对外开放> 建立健全农产品贸易政策体系。实施特色优势农产品出口提升行动，扩大高附加值农产品出口。积极参与全球粮农治理。> 加强与“一带一路”沿线国家合作，积极支持有条件的农业企业走出去。> 建立农业对外合作公共信息服务平台和信用评价体系。放宽农业外资准入，促进引资引技引智相结合。实施乡村振兴战略是实现全体人民共同富裕的必然选择。农业强不强、农村美不美、农民富不富，关乎亿万农民的获得感、幸福感、安全感，关乎全面建成小康社会全局。乡村振兴，生活富裕是根本。实施乡村振兴战略，不断拓宽农民增收渠道，全面改善农村生产生活条件，促进社会公平正义，有利于增进农民福祉，让亿万农民走上共同富裕的道路，汇聚起建设社会主义现代化强国的磅礴力量。▍图文编辑：网络综合 （小编微信号：451649206）▍商务合作电话/微信： 15920510910]]></content>
  <author><![CDATA[八景生活]]></author>
  <time>2018-10-09 08:34:14</time>
  <account><![CDATA[bajing_2014]]></account>
</data>
