<data>
  <id><![CDATA[50572935]]></id>
  <url><![CDATA[https://mp.weixin.qq.com/s?timestamp=1539596374&src=3&ver=1&signature=Egrj350GoKY8-KUcIJshb7R4HPumVnmq92obBpDUXE1VIlhxDr68uwLMmTGfnIS4*0RTewOBUEy7HrvbHiTNvRiEe0fk851-JwbVwgX0w-CyiLcioPrTNt17LpLbSnpWo8GKaAwVnCQ1JI4tYatbZlnCmp5Tt1twrbFxUG1Xdts=]]></url>
  <title><![CDATA[快看！八景这群孩子去北京捧回两大金奖！]]></title>
  <content><![CDATA[欢动北京”第七届国际青少年文化艺术交流周8月9日—13日在北京盛大举行！为贯彻十九大精神，响应国家一带一路伟大倡议，发挥首都北京“政治中心、文化中心、国际交往中心、科技创新中心”的核心功能，让更多国家的青少年了解中国文化，更让中国青少年担负起文化传承与文艺复兴的使命，促进世界多民族文化艺术的融合，以艺术的形式传播文化，向世界展示国之大美。海川教育受北京市人民政府外事办办公室、北京市人民对外友好协会邀请，参加2018年8月9日—8月13日“欢动北京”第七届国际青少年文化艺术交流周活动。来自亚美尼亚、澳大利亚、文莱、芬兰、印度、印度尼西亚、韩国、黎巴嫩、蒙古、缅甸、俄罗斯、斯里兰卡、泰国、美国等14个国家的优秀青少年艺术团，与来自中国26个省市自治区的青少年朋友相聚在一起，张扬青春、唱响和平、传播文化、放飞梦想、感动未来！在海川教育老师和孩子们的共同努力下，《水姑娘》和《未来保卫者》荣获金奖，再次祝贺我们的孩子！载誉归来！！准备花絮——去北京前，小学员们在认真的排练学习：走进了“欢动北京”表演班的课堂“欢动北京”之--《未来保卫者》表演小班的小小演员们表演小班《未来保卫者》正常在紧张的排练中“欢动北京”之--《水姑娘》表演大班的水姑娘们2018年8月8日出发——去北京8月8日，我们背上小粉包，手推行李箱，马上就要和全世界的小朋友一起分享交流，激动的心情无以言表2018年8月10日我们吃过早餐要向鸟巢、水立方出发啦......最高的荣耀欢聚鸟巢共赴盛会2018年8月10日上午，欢动北京第七届国际青少年文化艺术交流周活动·中外青少年共迎冬奥会活动在国家体育场鸟巢盛大举行，海川教育孩子们与来自澳大利亚、埃及、印度、韩国、新加坡等“一带一路”沿线国家的优秀青少年代表团，以及来自香港特别行政区和29个省市自治区的青少年朋友们欢聚在北京鸟巢。接下来我要上图啦请慢慢观赏进去鸟巢先拍一张↓和来自外国的学员一起交流↓和来自全世界的小朋友交流学习↓原来世界这么大，现场人真的超级多↓第一次远出家门，感受全世界文化，我们高兴的在绿茵场奔跑↓下一站，我们出发要去水立方↓8月9日晏萌同学与鸟巢同10周岁啦~收到了妈妈的礼物惊喜和黄校长的意外生日安排，真是不一样的生日体验↓8月11日，下起了小雨，我们穿着雨衣一起合影↓我们一起登上长城，感受祖国山河，中国魅力！接下来我们去了科学技术馆还有天安门广场↓8月12日，正式演出马上要开始啦！吃过早餐、化妆、午餐等待晚上的演出啦↓第四场候场中，我们收到了意外的采访哦↓来看看我们的演出现场吧↓来自八景的《未来保卫者》来自八景的《水姑娘》这是一次见证璀璨文明，见证科技飞跃的机会。“欢动北京”，这个载满梦想与友谊的舞台像一部时光机，记录着孩子们灿烂的笑容！▍图文编辑：八景生活（小编微信号：451649206）▍商务合作电话/微信： 15920510910]]></content>
  <author><![CDATA[八景生活]]></author>
  <time>2018-10-14 07:44:28</time>
  <account><![CDATA[bajing_2014]]></account>
</data>
