<data>
  <id><![CDATA[50572935]]></id>
  <url><![CDATA[https://mp.weixin.qq.com/s?timestamp=1539596374&src=3&ver=1&signature=Egrj350GoKY8-KUcIJshb7R4HPumVnmq92obBpDUXE1VIlhxDr68uwLMmTGfnIS4*0RTewOBUEy7HrvbHiTNvUgGbwdaeVuvTDtMbhONBymG82DsnWzC99Oo8xClYhkcREOTwUZV-GtG-8KvMeat7zYTEZlMa6cJCISvlnjfWXI=]]></url>
  <title><![CDATA[【八景便民】10月5日招聘求职、房屋租售、拼车、买卖二手货...免费发布!]]></title>
  <content><![CDATA[为了满足大家需求，现在【便民信息】正式升级为八景信息平台，共设10个生活子栏目，解决大家各种生活信息需求！【八景便民】栏目与升级平台每日仍会同步推送！发布查看便民信息，请长按扫码进入广告墙【活动策划婚庆演艺】八景生活·席美婚庆歌舞演艺传媒，承接业务范围: 婚庆，寿庆，活动现场策划，公司年会，文艺晩会，同学聚会，明星演出，广告宣传，开业庆典，各种庆典，全程摄影，网上直播等、另有舞台，LED电子显示屏，灯光，音响道具等出租，欢迎新老顾客支持，地址八景红卫小学旁，电话，13970558895席，18770593653黄，联系时请说是在八景生活上看到的。【天天拼车】宜春市高安八景 到 任意地方，有需要请联系：贺都13647956744，联系时请说明是在八景生活看到的【专业肖像画】 承接各类肖像，遗像，墓碑像制作，经900度高温精工绘画烧烤而成。永不迡色长久保存，是世代瞻仰惠存的纪念品，有相片或证件照均可制作瓷像。15012720121，联系时请说是在八景生活上看到的。打听问事10月3日更新： 【求购】本人有一辆新购买的电动车，九成新，手续单子都有，因外出发展，亏本卖，如果有 想要的请电话联系梦女士，15727552924，联系时请说是在八景生活上看到的。10月3日更新： 【人找车】10月4日八景到东莞，电话13970560339，联系时请说是在八景生活上看到的。发布或查看便民信息，请长按扫码进入求职信息【置顶】本人有辆小货车，每天下午五点以后就有时间，想挣钱补贴家用，有需要请车的老板来电话吧，中午十二点到一点也行，陈司机，电话15350484534联系时请说明是在八景生活看到的，谢谢！10月2日更新：本人想找一份跟单工作，在陶瓷厂做过跟单，有需要招聘跟单请随时和我联系 ，18379073690， 联系时请说明是在八景生活看到的发布查看更多求职信息请长按扫码进入招聘信息【置顶】10月5日更新：八景保汇服装厂现有大量服装订单，现需要大量招工，急需生产车间缝纫工60名，熟练人员优先，欢迎大家前来面试。企业福利：1、待遇:3000-6000元，计件式生产，2、公司有全勤奖3、年终奖等福利4、公司效率良好组织外出游玩,5、包吃住、月休两天,工资时发放。 地址:八景镇保里新村7队(新汽车站后面) 保汇制衣厂15070506001，联系时请说是在八景生活看到的10月5日更新：八景和兴电子厂急招学徒工30人、去东莞学徙、（做手机数据线）学徒员工工资按每天100元计算。学徒期间包吃包住、学徒时长20天左右、男女不限年龄17岁一一40左右、学徒回厂后保底工资3000左右。请大家帮忙转发。有意者请在本月7号前报名。报名热线：15907959399.微信同号、张先生，联系时请说是在八景生活看到的10月5日更新：欣家园瓷砖诚聘业务员(男女皆可)，导购女若干名;导购需要一年以上陶瓷工作经验，热情，能独立接待客户，有良好的沟通能力;业务员要一年以上陶瓷工作经验，对市场有自身的判断力，有良好的沟通能力，勤劳肯干。年龄：26周岁到40周岁有意向的请直接联系，工作地址在瓷城工业园 ，缪经理18779587978，联系时请说是在八景生活看到的10月5日更新：八景兔宝宝板材专卖店招聘有C1架照男司机一名，年龄35左右，能吃苦耐劳，团队精神，工资4500元 ，联系时请说是在八景生活看到的15107950912，联系时请说是在八景生活看到的10月5日更新：八景新华检察院招聘文职人员（临时工）1名。（1）具有大专以上学历，专业为中文类；（2）计算机记录达到速度90字符/分钟、准确率90%以上；（3）年龄在18周岁以上、35周岁以下，从事过写作经验的人员优先录取；（4）身体健康；（5）无不良记录。（6）试用期间月工资待遇贰仟元，试用期满后年薪不低于叁万陆仟元（含基本工资、防暑降温、取暖费、社保、医保）。2、招聘厨师1名。不限男女，年龄四十周岁以下，有厨师操作证、健康证。承担着院职工的早、中、晚一日三餐的饮食任务，就餐人数30人左右，遇有单位来客还承担接待工作任务，每周工作五天（星期一至星期五），工资待遇面议。3、招聘司机1名，男，年龄四十周岁以下，有A照司机优先，承担着院干职工的外出用车任务，工资待遇面议。4、联系电话：7061980 肖，联系时请说是在八景生活看到的10月5日更新：高安德和实业有限公司（纸板、纸箱厂）诚聘： 1、纸板线机长（2名）：6500~7500元，单独操作机台 一年以上； 2、学徒（若干）：4200~5500元，35周岁以下，服从管理，吃苦耐劳； 3、车辆调度（1名）：4000~4300元，25~35岁，高中以上学历，电脑操作熟练，有相关工作经验优先； 4、品管员（2名）：3300~3800元，有品检相关工作经验优先； 5、仓管员（3名）: 3300~3800元，电脑操作熟练； 6、抱车司机（1名）: 5000~5500，有叉车证，做过原纸抱车优先； 7、普工（若干）：保底3500元+绩效奖金; 8、门卫（2名）：2000~2500元，60岁以下，识字； 9、清洁工（1名）：底薪1600元，服从管理，吃苦耐劳。 公司福利： 1、每月可带薪休假两天； 2、公司配有福利性食堂，伙食补助120元/月； 3、公司提供免费住宿、夫妻免费安排夫妻房（宿舍内配有独立卫生间、空调），另有免费洗浴房，冬天不惧寒冷； 4、做满一个月后介绍亲朋好友还可领取介绍费； 5、做满一年有工龄奖。 德和实业期待您的加入！ 联系电话：黄小姐：18179535723         陈先生：18179533828   公司地址：高安市八景镇（新华园附近），联系时请说是在八景生活看到的10月5日更新：高安市德邦（长城）陶瓷因生产需要诚招如下岗位： 物检员1名，3600-4200元/月（行政班）； 巡检2名，2900-3500元/月； 煤气站化验员1名，3400-4000元/月（行政班）； 炉工2名，3700-4200元/月； 分级班长1名，3700-4500元/月； 分级工5名，2750-3200元/月； 计数1名，2500-3000元/月； 磨边看线2名，2300-2800元/月； 釉线班长1名，4650-5200元/月； 喷墨工2名，2600-3000元/月； 淋釉3名，2800-3500元/月； 加减砖看线1名，2300-2800元/月； 窑尾看线3名，2500-3000元/月； 球磨工2名，计件； 压机机修2名，5250-5800元/月； 要求：男18-60岁，女18-55岁能，吃苦耐劳，身体健康，服从管理，熟手优先，公司提供免费住宿，双重伙食补贴，超高全勤、产质量奖，8小时制，有意者请电联：13617058132（雷女士），15270059505（王女士） 地址：新街建筑陶瓷产业基地管委会对面，联系时请说是在八景生活看到的10月4日更新：陶瓷城食堂招厨师一名，要求会炒大小锅菜，工资面议。联系电话:15179512098，15179535798，联系时请说是在八景生活看到的10月3日更新：温州太科电子:专业生产电子电控板，工作上六休一，工资为计时制，公司需招聘普工，品质，工程，技术人员，每个月有绩效考核分红，满一年有年中和年终分红，公司提供住宿，有需要找工作的朋友可以联系陈生15779428906（本人独城人），工作地点:浙江温州，联系时请说是在八景生活看到的10月2日更新：美团外卖招牌因业务发展，需要招聘，美团骑手20名，人事专员若干名岗位：骑手任职要求：18周岁到45周岁，身体健康，会骑电动车，会用智能手机，能吃苦，服从安排，有快递行业经验，优先考虑。薪资：5000元到10000元。提供住宿，自备电动车，有车补。岗位：人事人事专员：若干名，18周岁到28岁，五官端正，口齿清晰，擅沟通。薪资：底薪2000+绩效+超额奖励=5000元工作地址：南昌万达茂联系人：谢经理 18172894734，联系时请说是在八景生活看到的10月2日更新：南昌思华纸箱包装厂招生产普工数名、生熟手均可（要求：吃苦耐劳，服从安排）待遇电议。工作地址南昌市蒋巷镇叶楼村。联系电话13979149118席，联系时请说是在八景生活看到的10月2日更新：招聘了，皮记十里香卤烤店，招厨房阿姨两名，包吃住，名额有限，工资面议，电话18720533836，联系时请说是在八景生活看到的10月2日更新：江西省高安市八景镇博海实业有限公司是一家生产纸板、纸箱的企业。公司人性化管理环境好、福利好、伙食补贴400元、待遇高、另加年龄工资。宿舍配有空调，伙食好三菜一汤，每月评选奖励优秀员工，公司每年组织优秀员工旅游二次，夫妻员工免费安排夫妻房。现因业务发展需要高薪诚聘如下人员： 1.业务员多名（底薪加提成上不封顶）；2.男、女普工多名3500-4500；3.平压平机长2名工资5000-8000以上；4.品检主管（有相关工作优先）1名；5.原纸仓管3名；6.横切机机长和单面机各2名；7.高速印刷机手1名（工资5200-8000）8.司机及搬运跟车员多名；9.打废纸包2人（可夫妻对承包3300每人每月）如有意者工资面谈，真诚期待你的加入，联络人：谢女士：18779531760博海公司地址：八景工业园三分矿牌坊旁边，联系时请说是在八景生活看到的10月1日更新：应业务发展需要特招急招B照司机五名，搬运工10名，薪资5000到15000，联系人：席总，联系电话13879568603，联系时请说是在八景生活通看到的发布查看更多招聘信息，请长按扫码进入房屋信息置顶：10月2日更新：【房屋出售】3室2厅2卫，景和花苑八景镇中心幼儿园隔壁景和花苑有一套114平带车库16平出售。错过这两年就不卖了非诚勿扰，13724561543，联系时请说是在八景生活上看到的10月5日更新：【房屋出售】3室2厅2卫，景和花苑八景镇中心幼儿园隔壁景和花苑有一套114平带车库16平毛胚房出售。价格还是当年的最低价、房子还是当年的全新房。房屋地理位置极佳、采光强、幼儿园就在楼下，小学、初中、菜市场、商业街全部近在咫尺，龍13724561543，联系时请说是在八景生活上看到的10月4日更新：【店面出售/出租】 本人有八景红狮苑15－16号店面（八景中心幼儿园对面）出售/出租，上下二层(180平米)另加车库(28平米)，精装修，证件齐全，坐北朝南 联系电话(陈女士):13576565178，联系时请说是在八景生活上看到的10月4日更新：【房屋出售】本人因在外地发展，现出售新华园一期二房二厅一卫的毛坯房98平方，三楼，南北通透，位置极好!联系方式13553818172刘小姐，联系时请说是在八景生活上看到的10月3日更新：【房屋出售】现有景和御墅小区房屋一套，三室两厅，生活便利采光好，紧靠八景幼儿园，离八景小学和中学都较近。有意者电联，联系人：陈女士，电话：15882871380，联系时请说是在八景生活上看到的10月3日更新：【房屋出售】本人因到外地发展，现将景和御墅小区2栋有一两室两厅出售，精装修，带一24平车库就在楼下，三证齐全，家电家具齐全，拎包入住，房子隔壁就是中心幼儿园，距离小学、初中、菜市场都很近，附近生活设施齐全，交通便利，环境良好，现一口价35万出售，有需要的和我联系，非诚勿扰，电话15083877566曹。（联系时说明八景生活看到的，谢谢！）10月2日更新：【房屋出售】3室2厅1卫，景旺花园本人在景旺花园5楼有一套三室两厅112面积简单装修需要出售，因婚嫁外地，现将此房低价出售，琴大17321292536，联系时请说是在八景生活上看到的发布查看更多房屋信息，请长按扫码进入转让10月4日更新：【摩托转让】本人有一辆八成新的摩托车出售，因为准备要出去发展，还有一台不锈钢烤箱，一台三轮摩托车出售，有需要的话联系我:17770587181，联系时请说是在八景生活上看到的。10月4日更新：【生意转让】 因本人另有发展，现将盈利中洗涤厂转让，非诚勿扰！ 谢15270051800，联系时请说是在八景生活上看到的。9月27日更新：【店面转让】现金海岸斜对面龙虾馆转让烧烤设备全接手就能营业价钱面谈电话18507054464，联系时请说是在八景生活上看到的。9月21日更新：【哈佛转让】因想换自动挡急售长城哈佛m22010年7月上牌，行驶53000公里，保养到位，车况非常完美。没吃过苦纯家用，无事故还是原厂车漆，有兴趣的朋友可以带专业修车师傅联系看车试车，配置和详情打电话联系赵先生15979504810，联系时请说是在八景生活上看到的。9月21日更新：【设备转让】:本人有十几台八成新的电脑缝纫机出售，有意者请联系:15279577640，联系时请说是在八景生活上看到的。发布查看更多二手转让信息，请长按扫码进入征婚交友9月1日更新：【征婚】征婚，男，八景人，78年4月生，02年大学毕业，离异，现在佛山一家企业担任部门主管，工作稳定，年薪10万以上，已购房，车，不抽烟喝酒无不良嗜好，爱好运动、健身、打羽毛球，想找位婚后愿要小孩的女人过日子，有意的加我微信13827724161,联系时请说明是在八景生活看到的9月1日更新：【征婚】本地离异男70后，樟树张家山人，在外自有公司，月入2万以上，有房有商铺，有责任心有担当的男士。寻觅40岁及以下单身女性，婚否不限，有一孩也可，心地善良温柔体贴的女性，非诚勿扰13075842126，联系时请说明在八景生话看到的，▍来源：八景生活]]></content>
  <author><![CDATA[八景生活]]></author>
  <time>2018-10-05 11:09:11</time>
  <account><![CDATA[bajing_2014]]></account>
</data>
