<data>
  <id><![CDATA[50572935]]></id>
  <url><![CDATA[https://mp.weixin.qq.com/s?timestamp=1539596374&src=3&ver=1&signature=Egrj350GoKY8-KUcIJshb7R4HPumVnmq92obBpDUXE1VIlhxDr68uwLMmTGfnIS4*0RTewOBUEy7HrvbHiTNvZqhQ8xdG2h19*GUhV0wORuRSrca1D7OXHi5EUtMf3WmYhj9XO-m4fdGaKGB3K4ens*HTZ7XsGk7CLLQ9T-DA9U=]]></url>
  <title><![CDATA[一家三口吃鸡蛋中毒…买回来的鸡蛋干万别这么放]]></title>
  <content><![CDATA[▍图文编辑：网络综合 （小编微信号：451649206）▍商务合作电话/微信： 15920510910]]></content>
  <author><![CDATA[八景生活]]></author>
  <time>2018-10-11 13:31:04</time>
  <account><![CDATA[bajing_2014]]></account>
</data>
