<data>
  <id><![CDATA[50572935]]></id>
  <url><![CDATA[https://mp.weixin.qq.com/s?timestamp=1539596374&src=3&ver=1&signature=Egrj350GoKY8-KUcIJshb7R4HPumVnmq92obBpDUXE1VIlhxDr68uwLMmTGfnIS4*0RTewOBUEy7HrvbHiTNvYwh0M3TslymsZuERMmeeTQaK1CH2NLZLdZuPBHjgxm4IbNv9BWgAV-7D0QrCXVu23E4H9u2K9LYKnVpoZRBUrQ=]]></url>
  <title><![CDATA[八景出名了！又进2018千强镇，看完此文你有啥想说?]]></title>
  <content><![CDATA[喜报！喜报！八景镇迎来了重磅好消息！10月8日中国中小城市科学发展指数研究课题组中小城市发展战略研究院、中城国研智库等单位在《人民日报》以及中国中小城市网刊发了《2018年中国中小城市科学发展指数研究成果》其中包含2018年全国综合实力百强县市、百强区、千强镇等名单八景镇再次上榜全国综合实力千强镇，位列全国第607位，相较于2017年度上升53位再次恭喜八景镇！！连续三年入围全国综合实力千强镇并顺利实现再进位目标下一步该镇将继续高举“品牌高安”旗帜，大力实施“一三五九”战略，着力推进经济发达镇行政管理体制改革、省级新型城镇化试点和国家卫生镇申报等工作，不断推动经济社会跨越发展，力争2020年跨入全国乡镇综合实力500强。八景镇为何能持续位列榜单？这是因为它不仅颜值，更有内涵八景镇有税收上千万元企业4家、上百万元企业15家，规上企业17家，拟入规企业7家。今年1-6月，规上企业完成主营业务收入23.5841亿元，同比增长11.3%；实现利润总额1.8223亿元，同比增长99.8%；全镇实现财政收入2.7118亿元，同比增长94.4%，占全年任务的100.7%，其中企业税收2.1951亿元，同比翻一番……近两年来，八景镇瞄准“品牌新八景、千强再进位”这一目标，擦亮“经济发达镇行政体制改革、国家卫生镇申报、省级新型城镇化试点”三张名片，强攻“建材、食品、饲料、陶瓷配套、现代物流”五大产业，工业经济发展势头强劲，仅红狮水泥有限公司今年上半年纳税就达1.15亿元，谱写了从工业重镇到工业强镇的新篇章！加大投入  夯实平台位于高安、丰城、樟树三市“金三角”交汇中心的八景镇，是一个传统工业重镇。近年来，该镇党委、政府以新发展理念谋划全局，积极策应宜春市“产业兴市、工业强市”发展战略和高安传统产业转型升级与战略性新兴产业培育壮大“双轮驱动”战略，按照优化环境、做强工业的思路，大力实施工业强镇战略，加大投入，搭建平台，夯实工业提质增效、发展壮大的基础。引凤先得筑巢。为使企业引得进、留得住、富得快，八景镇从建设工业项目区、搭建产业平台入手，抓好项目区基础设施建设，完善配套设施。2016年，着力推进了占地近2000亩的工业项目区北区建设工程，完成了土地平整和道路、下水道、自来水、通信、区间路等基础设施建设，并报批了1000余亩工业用地指标，为新引进企业落户创造了条件。2017年，投入4000余万元用于工业园区“六通一平”（指土地通过开发，具备给水、排水、通电、通路、通信、通天然气或煤气以及场地平整的条件）等基础设施建设。为扩大项目承接平台，新规划了龙窝山工业园区，高标准推进园区建设：投入600多万元，对园区供电、供水系统进行升级改造，新铺设一条供水主管道，全面完成园区强弱电下地和高压线路改造；投入近100万元新建了产业三路等区间路；投入60余万元对振兴路口进行了重点改造并建设了工业园门楼，园区整体形象大为改观。此外，小微科技创业园项目已顺利动工，工业园区集中供热项目、污水处理厂和下水道建设正在规划设计。八景在加强招商硬环境建设的同时，积极做好做优安商服务工作。镇政府成立了专门的项目服务队伍，为企业提供保姆式服务；牵头建立八景企业工作群，将企业行政、财会人员纳入其中，强化相关工作对接和业务指导，提高工作效能；加大企业入规、数据网报、技改补助等方面的工作力度，做到全程把关、全程协调，使企业顺心入驻、放心投资、安心发展。招商引资  选优育强在八景镇2017年度经济社会发展总结表彰大会上，镇党委、政府隆重表彰税收贡献特别企业、千万税收企业、税收翻番企业共7家，奖励红狮水泥公司一辆价值40多万元的别克商务车。这是该镇以项目建设为主线，大力实施招商选资，优化产业结构，促推企业提质增效的一个镜头。近年来，八景镇以工业园区为平台，通过走出去、请进来等多种方式加大招商引资力度。同时，转变招商理念，从“招商引资”到“招商选资”，从“数量优先”到“质量优先”，引进环保、附加值高的大项目，培植经济快速发展新动能。镇党委、政府高度重视项目招商工作，在每年的全镇经济工作会议上把项目招商作为一项重要议程进行动员部署，提出“唱响八景招商品牌，重塑工业重镇形象”的口号，先后出台了《八景镇关于实施全民招商强攻工业的决定》、《八景镇全民招商强攻工业考核办法》和招商引资优惠政策等。抬高企业入园门槛，将固定资产投资5000万元以上、注册资金300万美元以上的外资企业和合资企业、高新技术企业、规模型出口创汇企业列为入园优先项目。同时，落实了5支招商小分队，镇党政主要负责人带队外出招商。巢好凤自来。2017年新引进工业项目11个，其中巴洛克新型材料、江西宏景生物能源等亿元以上工业项目4个，累计工业投资达10亿元。今年，该镇工业项目招商取得新突破，全民招商成果丰硕，一季度集中开工竣工重大工业项目8个，占我市总数的四分之一；上半年新签约工业项目5个，签约项目资金7亿元，其中亿元以上项目3个。八景工业园区凭着优越的软硬环境，成为“金凤”争栖的“梧桐树”。目前，全镇共有企业63家，年税收上千万元的企业有4家，年税收上百万元的企业15家，规上企业17家。其中工业园区落户企业39家，规上企业14家。该镇形成了以建材、包装、食品、饲料、物流为支柱的工业体系和产业格局。服务企业  事无巨细企业产生的生产、生活垃圾由镇政府出资请人负责清运；企业需要办各类证件，挂点干部把其作为自己的事奔波操办；企业遇到困难找镇政府，镇干部第一时间出面协调解决……这是八景镇党委、政府践行“厂内的事企业管，厂外的事政府包”诺言的生动体现。招商诚然重要，安商更为关键。为使企业留得住、项目建得成、经营搞得好，八景镇进一步优化政务环境，方便企业办事；创新服务方式，帮扶企业破解难题；落实各项优惠政策，减轻企业负担，助推企业发展。为倾听企业心声、搭建政企交流平台，14年来，该镇坚持并完善了每月9日的“亲商日”活动制度，通过组织企业家座谈、外出参观考察等方式，不断深化镇企交流互动，提升服务保障水平。高安红狮水泥有限公司自落户八景后，每年正月初一，镇党政负责人都会前往红狮公司总部浙江兰溪拜访集团的高层，10多年来坚持不辍，尊重客商的虔诚之心由此可见。为积极应对经济下行压力和响应省委关于降低企业成本优化发展环境100条意见要求，八景镇吃透政策，积极引导，结对帮扶，建立台账，消号管理，助力企业发展壮大。去年共清理出各种问题21个，红狮水泥、华农恒青、新瑞景陶瓷3家企业全年减负减税总额为2720万元；由镇财政担保财源信贷通贷款企业共8家，信贷资金合计5000余万元，有效缓解了企业资金压力。今年以来继续做好“降成本、优环境”政策落地的服务衔接工作，协助象道物流顺利重组，实现地税缴交1717万元；推荐6个企业申请财源信贷通，获得贷款总额3500万元。同时，对停产、半停产企业采取以商招商、外出招商等方式盘活现有资源，通过腾笼换鸟，充分挖掘企业潜能；出台优惠政策激励现有企业扩大产能和进行技术改造。引导鼓励红狮水泥新上固体废弃物利用项目，既可解决建陶基地陶瓷废弃物的堆放问题，又可增加企业盈利空间；扶持鼓励现有优质企业上市，解决企业融资瓶颈问题。借鉴傲农成功上市的经验，重点引导奔朗新材料、华农恒青、高安万承食品等有上市意愿的企业积极筹备上市。今年3月，总投资3.5亿元的济民可信新能源科技有限公司落户八景，为使济民可信集中供气项目尽早开工建设，镇政府抽调机关和相关村居站所精干力量组成工作组，全力以赴做好项目用地前期工作，经过一个多月没日没夜、耐心细致地做工作，顺利迁移了项目区内坟墓325穴，拆除附房4栋，补偿填埋水库3座，有效实现了发展环境的净化优化，有力保障了重大项目的顺利实施。“我跑过全国不少地方，像八景镇党委、政府这样支持和服务企业的还没碰到过。有的地方项目一落地就没人理了，可八景却坚持不懈地做好安商的后续服务，真心实意地帮企业排忧解难。比如前段时间我们公司有栋楼房要办证，我们不清楚办理手续和程序，镇招商办的干部知道后就主动帮我们去办，这样就节省了我们的时间和精力。”记者在单个生猪饲料工厂产销量全国第一的江西华农恒青公司采访时，分管销售的副总经理熊保新由衷地说。绿色环保  创新发展初秋时节，记者来到高安红狮水泥生产区，只见厂内花红草绿、生机盎然；只闻机器轰鸣，不见灰尘飘散；只见烟筒高立，不见丝毫烟雾，完全颠覆了记者对水泥厂的印象。这是八景镇引导工业向绿色、环保、创新发展的一个缩影。既要金山银山，又要绿水青山。发展工业须把住环保关。为此，该镇实行环保工作一厂一档制，推进建章立制、专人管理，促使企业环保档案管理有序，环境保护规章制度不断完善。采取各车间设置环保专管员，环保设备操作、维修、管理定员定岗，环保质量责任到人，环境卫生月初定检、月中抽检、随检随评、奖罚分明等多种管理措施，将环保工作落到实处。重点推进脱硫、脱硝和粉尘、污水治理等工作，近年来工业园区企业环保投入每年大都以千万元计。其中，红狮水泥公司投入资金6000余万元，安装各式除尘器102台套，日常保障100%运转，除尘效率均保证在99.5%以上；安装两套窑尾烟气在线分析仪，加强对窑尾烟气中粉尘、SO2、NOX的排放监测，确保烟气达标排放；投入1200余万元改造窑电收尘系统，确保达标排放；同时做好原材料的储存及运输过程中的密封工作。该镇环保办定期开展企业污染源普查，并将平时现场督察相片整理成册；配合相关部门开展环境污染综合整治督察整改、混凝土搅拌站“三封闭”整改等工作，不定期进企业查看环保设备运行情况，一旦发现偷排乱排现象，从速从严处理；积极开展“零点行动”，突击检查企业排污情况；深入开展环保治理工作，今年对3家水泥粉磨企业开展扬尘专项整治，对全镇燃煤小锅炉进行调查摸底和重点整治，拆除了非法运营的搅拌站1个、取缔非法冶炼小作坊2家。该镇积极鼓励科技创新和品牌创建，引导工业发展向生态环保型、资源节约型转变，促进高新科技企业优先发展，加快重点龙头企业转型升级。红狮水泥脱硫脱硝项目通过国家环保部验收，并投资3.5亿元新上固废利用项目。新瑞景陶瓷投资2亿元，新建年产600万平方米高端产品项目，引进国内外最先进的生产设备，薄板、负离子柔光釉面砖等高端产品产销两旺。华农恒青每年研发投入1000万元以上，5年来产销量年均增长60%，成为单个生猪饲料工厂产销量全国第一的企业。博海实业、华荣科技等企业通过技术改造，提升了企业产能和效益。八景工业强镇的跨越式发展，开创了经济大繁荣、乡村大振兴、社会大进步的良好局面。今年初该镇被中央认定为经济发达镇行政体制改革全国12个试点镇之一，6月又携手“江西第一镇”桃花镇获得江西魅力乡镇十强特别奖。▍图文编辑：高品高安（小编微信号：451649206）▍商务合作电话/微信： 15920510910]]></content>
  <author><![CDATA[八景生活]]></author>
  <time>2018-10-12 09:52:42</time>
  <account><![CDATA[bajing_2014]]></account>
</data>
