<data>
  <id><![CDATA[50572935]]></id>
  <url><![CDATA[https://mp.weixin.qq.com/s?timestamp=1539596374&src=3&ver=1&signature=Egrj350GoKY8-KUcIJshb7R4HPumVnmq92obBpDUXE1VIlhxDr68uwLMmTGfnIS4*0RTewOBUEy7HrvbHiTNvdzNlrz2jjGpBCED4vXY18SxggVwBXofesG1OTBHg1FShEdFUljaMim3t9yYps1ALmENXa8hU*6TGl-4cRU8g2E=]]></url>
  <title><![CDATA[高安规划建一批学校，八景有份吗？]]></title>
  <content><![CDATA[近期，高安规划规划建设一批中小学校分别是瑞阳新区新建高安九中和2所小学（白采小学和汽运小学）；老城区新建桥南小学、西门小学，改造、扩建高安二中（初中部）、高安四中；祥符组团搬迁祥符中学。详细学校清单如下↓↓↓然而并没八景什么卵事！高安九中新建翠微路与锦绣大道交汇处2019年高安二中改建和扩建南安路与锦惠南路交汇处2019年高安四中改建和扩建月亮湾与市荷路交汇处2019年祥符中学搬迁新建祥符小学东侧2019年桥南小学新建金川路与院背路交汇处2020年西门小学搬迁新建长乐路与上游路交汇处2019年白采小学新建白菜路与雅安路交汇处2019-2020年汽运小学新建锦溪路与雅安路交汇处2019-2020年一个班70-80人，上课拿扩音器真要建学校八景是最有资格的了吧可惜，这次规划八景没份看来八景的教育配套，还是得靠自己啦！！1、八景几时才能再增一所小学？早在，2018年5月3日上午，高安市副市长席国华、市教育局局长黄四光到八景调研教育工作，在谈到大班额问题时，希望八景能规划再建一所小学，化解当前教学矛盾！可见市里也深知八景小学学位紧张现状，详文见实锤！八景有望再建一所小学！再不用为班级学生多发愁了！2、八景会有机会建高中吗？作为高安重点打造的副中心城市，教育始终拖后腿，要知道石脑，灰埠都有高中了，咱们八景若是有一所高中，将会带来更多的发展和机会。假如八景建一所高中，你希望它建在哪？▍图文编辑：八景生活 （小编微信号：451649206）▍商务合作电话/微信： 15920510910]]></content>
  <author><![CDATA[八景生活]]></author>
  <time>2018-10-09 08:34:14</time>
  <account><![CDATA[bajing_2014]]></account>
</data>
