<data>
  <id><![CDATA[50572935]]></id>
  <url><![CDATA[https://mp.weixin.qq.com/s?timestamp=1539596374&src=3&ver=1&signature=Egrj350GoKY8-KUcIJshb7R4HPumVnmq92obBpDUXE1VIlhxDr68uwLMmTGfnIS4*0RTewOBUEy7HrvbHiTNvUgGbwdaeVuvTDtMbhONBylHdRCVuA4EiO5w42tpsn9ttC4mA5lkjAF-TqqVH3GYdp2Vlg9kDQx*GDMoX96FrkY=]]></url>
  <title><![CDATA[要30人！学徒100元/天,八景和兴电子厂招人！牌楼边上班]]></title>
  <content><![CDATA[八景和兴电子厂位于八景牌楼旁边，工厂主要是生产苹果手机数据线，新厂创办需要提前培训第一批员工。招聘人数：30人工作内容：去东莞学徙，学徒20天左右，回八景上班，学徒期间有工资，每天按100元计算，包吃包住，招聘人员：男女不限年龄17岁一一40左右八景上班待遇：学徒回厂后保底工资3000左右。报名时间：10月7号前截止报名电子厂20号左右就会来机器，学完归八景11月要正式上班！报名热线：15907959399张先生（微信同号）备注：老板是八景人，家住在八景牌楼边，工厂也在牌楼边，到时候去东莞学习，老板也会一起过去联系时，请告之从【八景生活】看到的信息发布或查看更多八景招聘信息请长按扫码进入▍图文编辑：八景生活 （小编微信号：451649206）▍商务合作电话/微信： 15920510910]]></content>
  <author><![CDATA[八景生活]]></author>
  <time>2018-10-05 11:09:11</time>
  <account><![CDATA[bajing_2014]]></account>
</data>
