<data>
  <id><![CDATA[50572935]]></id>
  <url><![CDATA[https://mp.weixin.qq.com/s?timestamp=1539596374&src=3&ver=1&signature=Egrj350GoKY8-KUcIJshb7R4HPumVnmq92obBpDUXE1VIlhxDr68uwLMmTGfnIS4*0RTewOBUEy7HrvbHiTNvQ20cSKCcqb*sTTDEJTSbk-oupg68*zCfKa*finV0N6L-hjH9plpWb0N5k-BgolZK3BIY1PFnAaPJcKFqQ4j7GM=]]></url>
  <title><![CDATA[八景旁企业招人，工作轻松简单！]]></title>
  <content><![CDATA[高安市新街镇瑞新陶瓷原料加工厂 招聘工作人员若干：1，看中控室人员，会一点基本的电脑知识即可。12小时/班，2班转24小时。包吃，包住，工资：2500元/月-3000元/月，每月15日发工资。年龄18岁-60岁，男，女，不限。2，车间卫生手，打扫车间卫生，12小时/班，2班转24小时。包吃，包住，工资：2500元/月-3000元/月，每月15日发工资。年龄18岁-60岁，男，女，不限。上班地址：新街镇工业区：协塘村高胡一级公路以东-高安瑞新原料有限公司。招聘热线：13767569956雷总联系时，请告之从【八景生活】看到的信息发布或查看更多八景招聘信息请长按扫码进入▍图文编辑：八景生活（小编微信号：451649206）▍商务合作电话/微信： 15920510910]]></content>
  <author><![CDATA[八景生活]]></author>
  <time>2018-10-08 09:52:40</time>
  <account><![CDATA[bajing_2014]]></account>
</data>
