<data>
  <id><![CDATA[50572935]]></id>
  <url><![CDATA[https://mp.weixin.qq.com/s?timestamp=1539596374&src=3&ver=1&signature=Egrj350GoKY8-KUcIJshb7R4HPumVnmq92obBpDUXE1VIlhxDr68uwLMmTGfnIS4*0RTewOBUEy7HrvbHiTNvYwh0M3TslymsZuERMmeeTTPXcI1JLH2RJNMeIWNo*8He*PrImNG62sjhuflVjpqYob4MOEgqDdLxpaSKtuw2Kw=]]></url>
  <title><![CDATA[泰国征兵现场失控！性感“美女”肩带滑落、小哥瘫地哭花了妆…]]></title>
  <content><![CDATA[看到下面这张图，你以为这是美女们在参加豪华盛宴吗？那你就大错特错了！这是泰国的征兵现场……泰国每年的征兵抽签都可谓是“生死签”啊！在这里，你既能看到千娇百媚的“美女们”，也能看到慈眉善目的高僧……你既能体会到人世间最大的惊喜，也能感受到最难解的绝望……泰国宪法规定，成年男性有服兵役的义务。年满21岁的男子必须到现场进行抽签，所以无论男人、僧人或者变性人都会出现……而每年的4月就是征兵的季节……首先会有一批自愿入伍的男性，如果人数未达标的话，再进行抽签。抽到黑签的可以免役：而抽中红签，意味着要服两年兵役……而且，抽签结果会当场宣布，比买彩票开奖还要刺激！大家经常会看到抽中红签的年轻人们痛哭流涕，甚至还有人昏过去……惊不惊喜！意不意外！今年泰国的征兵抽签现场也同样几度失控……据报道，4月6日，泰国沙功那空府沙旺铃邻县举行2018年度征兵甄选抽签活动，一名化了浓妆的男子“不幸”抽中红签，顿时腿软，泣不成声，甚至哭花了妆……其实在抽签前，这个小哥哥就是一脸拒绝的被推上去的……没想到运气这么背，不想抽什么就偏偏抽中！就是这么刺激！然而，一旁的工作人员还是毫不留情地将他“搀扶”起来，带他前去登记，场面实在是凄凉……连鼻孔都在说，人家真的不要当兵啦！除了这样的“生死之抽”，还有一个个美丽的身影吸引着众人的目光，那就是变性人~由于身份证件上的性别不可更改，变性者也被强制要求参加了这次抽签。不过，泰国规定，变性人的身体改造是指胸部和性器官改造两大部分，完全变性的男性就不必服役，若只是女性化装扮或未完全变性仍必须服役。所以，在现场有很多肤白貌美、婀娜多姿的美女，甚至有不少人穿着短裙就出现了~看看这个受访者，长得超级可爱！她说，自己的身高是165cm ，而且已经经历了完整的变性手术。之所以还会到征兵处来，是为了尽宪法规定的男性国民义务，但因为已经变性，所以应该不会被选上。在采访中，她的肩带不时滑落，露出傲人的事业线！不过，变性者要接受军方人员和医师的共同检查，看他们是否已完成变性，基于人权考量，这些人会被安排在特别隐密的房间。这样的征兵现场谁不想去啊！变性者萘迪帕是帕尧大学大三年级学生，因为全家人都非常迷正在热播的穿越剧《天生一对》，所以她选择在自己认为人生中相当重要的日子，按照剧中女主角的样子装扮。萘迪帕前去递交文件并进行体检~娜迪雅 (Nadia Patta) 曾在2015年和2017年夺下人妖选美冠军！她拥有非常正的混血五官，长得也是超级美！日常照：正在排队等待审核的娜迪雅，气场跟其他人完全不一样！还有不少人在偷瞄她，甚至有军官拿出手机偷拍……感觉大家都笑的合不拢嘴啊~还有一名20岁的“美少女”想当兵，然而因为“胸太大”，不符合要求，成为了焦点……再看看下面这位小姐姐！颜值不输各路明星网红好吧！而且，她的日常照也是超级漂亮！完全看不出来曾经是男性！这个妹子叫book……大眼睛，黑长直，简直是校花女神们的标配啊~妹子走的是清纯路线啊~去年在泰国的甲米府征兵处现场，还迎来了一名知名的跨性别者：泰国环球小姐的总冠军，21岁的Issaree Mungman。她表示：“我要谢谢所有的军人。他们对我很好，一切都很顺利地进行，他们也都很友善，让我倍受鼓舞。”她还说，“我的出生证明上写着男性，但内心里我知道自己不是。我很高兴能够用这个机会得到军方证明我不是男性，这是值得骄傲庆祝的一天。”当然，并不是所有的变性人、人妖们都长这么美，也有令人崩溃的……早在十几年前，泰国曾把变性人视为精神病人，觉得他们会影响社会就业前景，但经过多年的抗争，政府才开始正视变性人的权益！除此之外，和尚以佛法修行为由当逃兵也是不被允许的！所以，在征兵现场，看到“美女”、和尚都是很正常的~曾经有一泰国和尚为了获得不服兵役的资格，各种求神拜佛，只希望能得到一点点庇护，最终还是得到了“你不入地狱谁入地狱”的“悲惨”结果……在见到红签的那一刻，他崩溃了，直接瘫在了地上……看到大师的修行还不够高啊~为什么泰国的男性如此抗拒当兵呢？主要是他们的待遇比较差，曾有传闻说士兵们一餐午饭还不到5块钱，有的甚至连大米都吃不上……而且老兵欺负新兵，被体罚等事时常发生。最重要的事，他们真的有可能被派去参与军事行动，一旦身亡，家属获得的补贴也很少……很多人都会觉得自己的付出没有意义。不过，最近泰国的男星Mick Tongraya却选择不抽签，自愿入伍，并递交资料申请加入空军服役6个月。Mick已经25岁了，曾经因为学业及工作的问题递交过3次延缓兵役申请，目前已经结束大学本科的学业，手上的戏也即将拍完，所以他做好十足的准备，履行自己的义务。Mick的这一举动也引来粉丝网友的一片称赞，纷纷表示“简直man爆了”、“完全是偶像啊”…4月9日，将满21周岁的Got7组合泰国成员Bambam也到现场抽签。作为超人气韩国男团Got7成员，Bambam抽签瞬间成为Google、Twitter、Weibo等热门话题。最终的结果是，因为征兵名额已满，所以Bambam不用抽签了~现场还有不少粉丝追随……这下皆大欢喜了~网友评论：爱吃红薯的猫崽儿：天啊，她们长得太好看了，让我一个女生情何以堪……胡乂Yi_：哈哈哈哈哈哈这位姐姐也太搞笑了吧夏露夏露露xixixi：小碎步哒哒哒真阔爱隔壁村子老王头：讨厌啦，伦家这么可爱，这么萌萌哒，为什么要去军营，嘤嘤嘤话说，泰国的变性技术怕是达到出神入化的地步了吧……完全分不出真假！▍图文编辑：猫扑、网络 （小编微信号：451649206）▍商务合作电话/微信： 15920510910]]></content>
  <author><![CDATA[八景生活]]></author>
  <time>2018-10-12 09:52:42</time>
  <account><![CDATA[bajing_2014]]></account>
</data>
