<data>
  <id><![CDATA[50572935]]></id>
  <url><![CDATA[https://mp.weixin.qq.com/s?timestamp=1539596374&src=3&ver=1&signature=Egrj350GoKY8-KUcIJshb7R4HPumVnmq92obBpDUXE1VIlhxDr68uwLMmTGfnIS4*0RTewOBUEy7HrvbHiTNvWoDp7H3BbBEHc6unQ-L054VgHvA-B8I2ZNmczQHobpaAFlll6qavY0pcF*YtvCsxUSdrLAswErC-6ILppg7PY0=]]></url>
  <title><![CDATA[这7种父母，养不出孝顺孩子！有的赶紧改！]]></title>
  <content><![CDATA[养一个孝顺的孩子，跟父母的言行有很大关系，父母的言行给予了孩子错误的暗示，久而久之，孩子就会变得不孝顺。以下这些行为，作为父母的你有吗？01经常打骂孩子孩子挨了父母的打，心理会反感、仇恨父母，以后容易以暴易暴，主动去打别人。特别是孩子在五六岁时被父母影响最深远。因为五六岁是个体心理成长的关键期。02包办溺爱孩子父母包办溺爱，就是剥夺了孩子劳动的机会、孝顺的机会，让孩子心理变得越来越冷漠。孩子会觉得父母对自己的爱都是理所当然的，父母的付出和牺牲都是顺理成章的，一旦父母没有做到孩子对他们的要求，孩子反而会怨恨。03不懂教育方法多年的教育经验告诉我们，父母如果能掌握一些心理学知识和技巧，可以培养孩子的孝顺之心。反之，完全没有汲取教育知识和技巧的父母，一味蛮干，会对孩子的成长造成伤害，产生不良影响，继而使孩子感受不到父母对自己的教育和爱护，甚至对父母产生反感。这样伤痕累累的孩子，怎么会愿意亲近父母呢？04天天对孩子唠叨的父母“成功的孩子成功在妈妈的心里，失败的孩子失败在妈妈的嘴里。”父母的唠叨容易使孩子反感，认为父母不值得尊重，进一步就会顶撞父母，当矛盾一步步扩大，父母和子女的关系也会疏远。05不尊重弱者怜悯弱者与孝顺父母其实很相近。当孩子长大后，父母逐渐老去，也会成为一个弱者。对社会来说，弱者是索取少、奉献多的一群人，而对孩子来说，父母也属于索取少、奉献多的人。所以，不尊重穷人的人往往不孝顺父母。06不培养孩子的公德心如果你扶起一位摔倒的老人，送他去医院，并受到了别人的称赞，这时就会产生一种良好的道德体验感，今后还会不断地做好事。培养孩子的孝顺之心同样如此。所以，父母平时要试着让孩子为家里做点事，并及时称赞孩子，这其实也是在培养孩子的感恩之心。07自己不孝顺父母生你养你，为你的成长付出了心血，这样的父母你尚且不孝顺，难道还想指望孩子孝顺你吗？孝顺父母，以身作则，为孩子做一个榜样，才是孩子日后孝顺你的第一块基石。▍图文编辑：国学每日一读（小编微信号：451649206）▍商务合作电话/微信： 15920510910]]></content>
  <author><![CDATA[八景生活]]></author>
  <time>2018-10-13 19:28:26</time>
  <account><![CDATA[bajing_2014]]></account>
</data>
