<data>
  <id><![CDATA[50572935]]></id>
  <url><![CDATA[https://mp.weixin.qq.com/s?timestamp=1539596374&src=3&ver=1&signature=Egrj350GoKY8-KUcIJshb7R4HPumVnmq92obBpDUXE1VIlhxDr68uwLMmTGfnIS4*0RTewOBUEy7HrvbHiTNvdzNlrz2jjGpBCED4vXY18QTRxef*MJYsvvi5UoFJqvWdGzm0VxLpnyz-Xl4Sz2aU5OTH*T7y2G*hVcVSkNLZr4=]]></url>
  <title><![CDATA[有一种后备箱，是告别妈妈的后备箱！]]></title>
  <content><![CDATA[假期结束，人们纷纷返程回到工作岗位，“妈妈给装的行李箱”又上了热搜...地瓜、冬瓜、南瓜、玉米、青菜毛豆、番薯叶、生姜......都是些纯天然、无公害的“妈妈牌”土特产家人亲手做的米粉干、马蹄糕香味扑鼻让人口水直流让人眼馋的美味小柚柑和从老家带来的土榨花生油......妈妈做的阿胶糕爸爸剥好的柚子石榴全都被满满当当地塞进狭小的后备箱里每回一趟家都会感觉自己像是逃难还有些网友用实际经历证明了有一种爱叫“我妈可能觉着我在外面会饿死”@努力挣钱的我：回公司，老妈觉得还有些菜没吃，竟然想给我炒好打包带上车吃，天呐！@也无晴_32008：让我们背着菜，水果，油条，八个鸡蛋，饼，馒头，零食回去，哈哈哈，我俩坐高铁@甜宥·：妈妈给我准备了一箱泡面，让我不要在楼下超市买，贵。家里的便宜，说可以在我没钱的时候吃。@danda17：不要问我的行李箱有多沉，我会告诉你很沉。我的妈妈可能觉着我在外面会饿死。甚至动起了将来要买卡车的念头一些没有后备箱的人行李箱依旧“难逃一劫”你总说行李箱太沉、东西太多已经不用再装了她嘴上答应着却偷偷接着往箱子里塞......水果、奶茶、泡面、零食......样样都不能少不管行李箱有多大都能塞满生怕饿着在路上颠簸的你虽然，有的人“戏称”这是一年一度的“国庆后备箱摄影大赛”南京禄口国际机场，一位大叔的行李超重30斤，那是76岁的老母亲花了7个小时给他烙的30斤煎饼。你的后备箱装了啥？▍图文编辑：新华网 （小编微信号：451649206）▍商务合作电话/微信： 15920510910]]></content>
  <author><![CDATA[八景生活]]></author>
  <time>2018-10-09 08:34:14</time>
  <account><![CDATA[bajing_2014]]></account>
</data>
