<data>
  <id><![CDATA[50572935]]></id>
  <url><![CDATA[https://mp.weixin.qq.com/s?timestamp=1539596374&src=3&ver=1&signature=Egrj350GoKY8-KUcIJshb7R4HPumVnmq92obBpDUXE1VIlhxDr68uwLMmTGfnIS4*0RTewOBUEy7HrvbHiTNvaqVEf21hDOJ2viXizIE1yhfg2ITnWTwEs5yaQss7kRFbMObz6ztA-CYZFMrO7BiOUMc5dvmpCF2BZNsqOHG-g0=]]></url>
  <title><![CDATA[刚刚21点，八景地震了！很多人反映有震感！]]></title>
  <content><![CDATA[真的感受到房子和床在晃，躺在床上，大约摇了3秒多。地震了！坐标八景！我整个人头都是晕的！……一、刚刚，八景真的地震了！！2018年10月6日晚上21日多，微博、朋友圈，微信群上突然出现了一片“地震了”的呼喊。有一些网友反映，刚刚在八景感受到了地震。本次地震周边5公里内的村庄有礼港村、保里、安乘、八景镇、后塘、上保村、坪口、灶岗村、力山村、西山，20公里内的乡镇有八景镇、经楼镇、独城镇、新街镇、泉港镇、董家镇、刘公庙镇、临江镇、太阳镇、梅林镇。震中距樟树市14公里、距丰城市30公里、距高安市30公里、距新干县47公里、距上高县54公里，距新余市66公里，距南昌市72公里。随后，小编一查，发现还有官方发布的消息以及微友的留言。二、地震基本信息（此部分资料来源江西宜春市高安市2.2级地震震区专题信息）1、震中位置情况本次地震周边5公里内的村庄有礼港村、保里、安乘、八景镇、后塘、上保村、坪口、灶岗村、力山村、西山，20公里内的乡镇有八景镇、经楼镇、独城镇、新街镇、泉港镇、董家镇、刘公庙镇、临江镇、太阳镇、梅林镇。震中距樟树市14公里、距丰城市30公里、距高安市30公里、距新干县47公里、距上高县54公里，距新余市66公里，距南昌市72公里。震中周边村级居民点分布图震中周边乡镇分布图震中周边区县分布图震中周边遥感影像图2、人口与经济情况震中距20公里范围内的乡镇人口列表据移动人口大数据分析，震中20公里范围内人口数约65万，50公里范围内约265万，100公里范围内约1339万。震中周边公里格网人口分布图震中周边公里格网经济分布图3、历史地震与断层分布情况震中周边历史地震与断层分布图1970年之前震中距50公里范围内的4.7级以上地震列表年月日纬度经度震级地名距离无1970年以来震中距50公里范围内的3级以上地震列表年月日纬度经度震级地名距离无4、交通分布情况震中周边交通分布图5、学校分布情况震中周边学校分布图6、医院分布情况震中周边医院分布图7、水库分布情况震中周边水库分布图8、震区天气信息三、历史上高安有过9次地震根据中国地震局资料，有人做过统计，1918年-2011年，高安发生过9次地震。1.至正二十一年（1361年），秋，地震，屋鸣。2.明洪武元年（1368年），六月，地震。3.弘治十五年（1502年），五月，地震有声，摇动房屋。4.正德四年（1509年），秋，地震。5.嘉靖十三年（1534年），闰二月，地震。6.民国四年（1915年），春，地震，鸡飞狗跳，井水冒泡。7.1998年8月11日8时45分，高安发生3.0级地震。震中位于石脑镇附近，波及龙潭、东方红、筠阳、上湖、杨圩5个乡镇，未对地面建筑造成破坏。8.2005年11月26日8时49分，江西九江瑞昌发生5.7级地震，波及高安。全市有明显震感，地震烈度普遍达3度~4度，个别地区达5度。全市高层、高空作业停止施工、学校停课2天。同日13点33分，田南一带有轻微余震。您感觉到地震了吗？可以在下方留言！▍图文编辑：八景生活 （小编微信号：451649206）▍商务合作电话/微信： 15920510910]]></content>
  <author><![CDATA[八景生活]]></author>
  <time>2018-10-07 00:42:26</time>
  <account><![CDATA[bajing_2014]]></account>
</data>
