<data>
  <id><![CDATA[50572935]]></id>
  <url><![CDATA[https://mp.weixin.qq.com/s?timestamp=1539596374&src=3&ver=1&signature=Egrj350GoKY8-KUcIJshb7R4HPumVnmq92obBpDUXE1VIlhxDr68uwLMmTGfnIS4*0RTewOBUEy7HrvbHiTNvWoDp7H3BbBEHc6unQ-L056XeCZRIkPhD66noZ8Drfbrn7FDj-TCh4FiIs1eN74JVdlBRw4MBz7WEK-QbwhAJdc=]]></url>
  <title><![CDATA[八景农民种的甘蔗被偷，搞的一塌糊涂....]]></title>
  <content><![CDATA[眼下正是甘蔗成熟的季节，大家又可以品尝甜脆可口的甘蔗了，可有些人却想不劳而获，三更半夜跑到别人地里偷甘蔗。吴先生镇上今年种了几亩甘蔗，在他悉心照料下，甘蔗长势良好，心想今年能卖个好价钱，可没想到近段时间甘蔗地经常让贼给光顾。甘蔗都被砍掉了，整个搞得一塌糊涂，目前已经报警，请偷甘蔗的人不要再存侥幸心理！种田已经很辛苦了，请大家一定要管住自己的嘴！再说甘蔗也花不了多少钱，千万不要做违法的事情！农民太不容易,请不要再伤害他们!如果你实在想吃甘蔗可以联系吴先生（15070539882）购买▍图文编辑：八景生活（小编微信号：451649206）▍商务合作电话/微信： 15920510910]]></content>
  <author><![CDATA[八景生活]]></author>
  <time>2018-10-13 19:28:26</time>
  <account><![CDATA[bajing_2014]]></account>
</data>
