<data>
  <id><![CDATA[50572935]]></id>
  <url><![CDATA[https://mp.weixin.qq.com/s?timestamp=1539596374&src=3&ver=1&signature=Egrj350GoKY8-KUcIJshb7R4HPumVnmq92obBpDUXE1VIlhxDr68uwLMmTGfnIS4*0RTewOBUEy7HrvbHiTNvUXsUVGDxBR2jw22aNvUORnbyzORrwpF6RFAqiZW5DBtCgss7Y1L9OmQZqhfzEjAfQ*8yvMrGl072g-r5y-Bq1g=]]></url>
  <title><![CDATA[@高安人，参与答题赢万元大奖！快来参与吧！！]]></title>
  <content><![CDATA[9月1日，《江西省禁毒条例》正式施行江西省禁毒委员会办公室联合省普法办搞事儿啦“千万网民学《条例》”活动自带大波福利来袭2018.09.01--10.31活动火热进行中...参与答题，有机会赢取万元大奖哦！特等奖2名，奖金10000元一等奖10名，奖金3000元二等奖20名，奖金2000元三等奖30名，奖金1000元优秀奖300名，奖金100元什么，还有奖金？高安的朋友们赶紧动动手啦！答题平台：“中国禁毒”微信公众号参与方式：打开“中国禁毒”→点击“禁毒参与”菜单→选择“江西禁毒活动”栏目→点击页面下方“注册答题”填写相关信息开始答题。未关注“中国禁毒”微信公众号的亲，先关注该公众号，然后根据页面引导参与学习答题。再附赠一条秘密答题通道：打开“法治高安”→点击“禁毒参与”菜单→选择“江西禁毒答题活动”栏目，一样可以进入答题哦。中国禁毒二维码在此（长按扫码关注或进入）答题就有奖拿？奖项将在答题满分者中随机抽取高安的朋友们是时候秀一波操作了大家赶紧拿起手机来 来 来▍图文编辑：法制高安（小编微信号：451649206）▍商务合作电话/微信： 15920510910]]></content>
  <author><![CDATA[八景生活]]></author>
  <time>2018-10-06 07:32:58</time>
  <account><![CDATA[bajing_2014]]></account>
</data>
