<data>
  <id><![CDATA[50572935]]></id>
  <url><![CDATA[https://mp.weixin.qq.com/s?timestamp=1539596374&src=3&ver=1&signature=Egrj350GoKY8-KUcIJshb7R4HPumVnmq92obBpDUXE1VIlhxDr68uwLMmTGfnIS4*0RTewOBUEy7HrvbHiTNvUgGbwdaeVuvTDtMbhONByl4EH0Z5dwTJ0iWG1NZ5hubwqHlPwgHLH*9aqSRY*oBH*nt2219Jy0qKu5LqBPudzQ=]]></url>
  <title><![CDATA[包吃住，有年终奖，八景服装厂急招60人！保里新村上班]]></title>
  <content><![CDATA[八景保汇服装厂现有大量服装订单，现需要大量招工，急需生产车间缝纫工60名，熟练人员优先，欢迎大家前来面试。企业福利：1、待遇:3000-6000元，计件式生产，2、公司有全勤奖3、年终奖等福利4、公司效率良好组织外出游玩,4、包吃住、月休两天,工资时发放。上班地址:八景镇保里新村7队(新汽车站后面)招牌电话：保汇制衣厂15070506001，联系时，请告之从【八景生活】看到的信息发布或查看更多八景招聘信息请长按扫码进入▍图文编辑：八景生活 （小编微信号：451649206）▍商务合作电话/微信： 15920510910]]></content>
  <author><![CDATA[八景生活]]></author>
  <time>2018-10-05 11:09:11</time>
  <account><![CDATA[bajing_2014]]></account>
</data>
