<data>
  <id><![CDATA[50572935]]></id>
  <url><![CDATA[https://mp.weixin.qq.com/s?timestamp=1539596374&src=3&ver=1&signature=Egrj350GoKY8-KUcIJshb7R4HPumVnmq92obBpDUXE1VIlhxDr68uwLMmTGfnIS4*0RTewOBUEy7HrvbHiTNvZqhQ8xdG2h19*GUhV0wORsWxmQmO1T1JIX5B0IeAObKbpBSmN9rDmGJOBC94zmOPPyABLcs6iMO6izQeelhucA=]]></url>
  <title><![CDATA[高安又一官员被查！原常务副市长涉嫌违纪！]]></title>
  <content><![CDATA[信息日报江西政读获悉，宜春市国有资产监督管理委员会党委委员、副主任肖晓涉嫌严重违纪违法，目前正在接受宜春市纪委监委纪律审查和监察调查。肖晓简历肖晓，男，汉族，1968年7月出生，江西瑞金人，大学学历，1988年8月参加工作，1988年6月加入中国共产党。1992.06—1998.03   任铜鼓县政协办副主任；1998.03—2001.05   任铜鼓县棋坪镇党委副书记；2001.05—2003.03   任铜鼓县团县委书记；2003.03—2005.04   任铜鼓县温泉镇党委副书记、镇长；2005.04—2009.04   任铜鼓县排埠镇党委书记、人大主席；2009.04—2009.06   任铜鼓县政府党组成员、副县长，排埠镇党委书记、人大主席；2009.06—2011.06   任铜鼓县政府党组成员、副县长；2011.06—2016.07   任奉新县委常委、组织部长；2016.07—2016.10   任高安市委常委、提名高安市常务副市长；2016.10—2018.07   任高安市委常委、常务副市长；2018.07—至今      任江西省宜春市国有资产监督管理委员会党委委员、副主任。▍图文编辑：江西政读 （小编微信号：451649206）▍商务合作电话/微信： 15920510910]]></content>
  <author><![CDATA[八景生活]]></author>
  <time>2018-10-11 13:31:04</time>
  <account><![CDATA[bajing_2014]]></account>
</data>
