<data>
  <id><![CDATA[50572935]]></id>
  <url><![CDATA[https://mp.weixin.qq.com/s?timestamp=1539596374&src=3&ver=1&signature=Egrj350GoKY8-KUcIJshb7R4HPumVnmq92obBpDUXE1VIlhxDr68uwLMmTGfnIS4*0RTewOBUEy7HrvbHiTNvaqVEf21hDOJ2viXizIE1yiLrV6Ns0fe2t6PmDJToO*D9LPQ1XZ2eHvZIgtXuhS6jAdeLQjyiJfzFgB5gKKgxro=]]></url>
  <title><![CDATA[以前八景喂猪的菜，现在是一道美食了！]]></title>
  <content><![CDATA[萝卜菜它是萝卜的叶子以前农村种一大片萝卜地叶子都是直接拿来喂猪的在以前若种太多萝卜叶子太多不想浪费拿去送人都不太体面那时候萝卜菜特便宜几毛钱一大篮子很多人家种的萝卜叶子是拿来喂猪或切碎了喂鸭鹅但谁也没想到就是这当初被人人嫌弃的家伙如今却是一道备受欢迎的美食营养价值极高萝卜叶子营养丰富，富含维C具有消食，理气，化痰，止咳清肺利咽，散瘀消肿的功效萝卜菜美食做法做法一：把萝卜菜洗干净直接用开水焯，再淋上热乎乎的香油生抽汁，咱洞口人还喜欢放点红辣椒，红红绿绿的很有食欲，那味道能吃完三碗白米饭。做法二：把它剁碎加入肉沫做成包子馅，一口气能吃上五个大包子。做法三：或者把它搁太阳下晒一会儿，切碎加辣椒炒，配白粥也是能撸上好几碗。做法四：做成萝卜菜煎饼也好吃，比葱油饼好吃呢。你还记得这个味道吗不说了，我要去买萝卜菜去了！▍图文编辑：网络综合 （小编微信号：451649206）▍商务合作电话/微信： 15920510910]]></content>
  <author><![CDATA[八景生活]]></author>
  <time>2018-10-07 00:42:26</time>
  <account><![CDATA[bajing_2014]]></account>
</data>
