<data>
  <id><![CDATA[50572935]]></id>
  <url><![CDATA[https://mp.weixin.qq.com/s?timestamp=1539596374&src=3&ver=1&signature=Egrj350GoKY8-KUcIJshb7R4HPumVnmq92obBpDUXE1VIlhxDr68uwLMmTGfnIS4*0RTewOBUEy7HrvbHiTNvRiEe0fk851-JwbVwgX0w-BP7ktwN8uPc2pRZxnJ*TxR2Ra9KkvRLh0lUs9KXWHv9Tf15LLAaRri7oXoWw4nfgY=]]></url>
  <title><![CDATA[吓死人！银行正开晨会，天降2米大蟒蛇！9人瞬间…视频看得心慌]]></title>
  <content><![CDATA[吓死了！吓死了！被这条新闻吓傻了！大蛇从天而降10月12日8时14分，在南宁市某银行支行VIP服务区，9名员工正在开会。突然！从天花板掉下一庞然大物，仔细一看，原来是一条大蛇！像成人手臂那样粗，长约2米！求站在下面工作人员的心理阴影面积。看看事情发生时的监控视频↓↓↓蛇终于被抓住了↓↓↓视频中抓捕人员似乎在说这是一条蟒蛇那么这么大的蛇从哪来呢？据银行工作人员猜测有可能是隔壁花鸟市场逃出来的......你觉得呢？▍图文编辑：广西日报（小编微信号：451649206）▍商务合作电话/微信： 15920510910]]></content>
  <author><![CDATA[八景生活]]></author>
  <time>2018-10-14 07:44:28</time>
  <account><![CDATA[bajing_2014]]></account>
</data>
