<data>
  <id><![CDATA[50572935]]></id>
  <url><![CDATA[https://mp.weixin.qq.com/s?timestamp=1539596374&src=3&ver=1&signature=Egrj350GoKY8-KUcIJshb7R4HPumVnmq92obBpDUXE1VIlhxDr68uwLMmTGfnIS4*0RTewOBUEy7HrvbHiTNvRiEe0fk851-JwbVwgX0w-BYnPaGgD6o3jLFK5JpXLeqP-HHDLYaG6q0RwDIArBhwdoxxgnj348uHN353E78XHQ=]]></url>
  <title><![CDATA[秋天这样系丝巾，谁敢说不美？]]></title>
  <content><![CDATA[丝巾，向来是优雅女人的挚爱单品。尤其在秋天这一由暖转寒的过渡季，不仅可以抵挡早晚的凉意，多种创意围法更能让你的造型时髦升级。围法一、做领巾毫无疑问，最常见的丝巾围法就是用来点缀你的颈间。搭配同色系的衣裙又美又仙，巧妙玩转撞色则更有画龙点睛的巧思。现在男人很过分，点这里☞教你看清男人心最时髦常见的围法范儿姐也给各位找到了动态教程，快一起get下吧!精致吸睛范-披肩单结法这种披肩单结法称得上最棒的系法了，不仅保暖还能为造型加分。简单地绕两圈并将结系在一侧即可轻松搞定，选用短款效果更加。时尚有的时候就是一条丝巾的差距。丝巾从来不是老气、职业化的代言词，照样可以系出率性俏皮感。优雅名媛范-蝴蝶结法将优雅的蝴蝶结系于颈间，搭配裙装让你的淑女气质更加倍，也能中和帅气裤装的中性味道，展现多面魅力。简约休闲范-环形结法这种系法一般选用较为宽大的丝巾。看起来与男生的领带颇为相似，但区别于领带的正式感，其略松垮的系法更显慵懒。帅气干练范-牛仔结法动图帅气拉风的牛仔结系法一直以来都是街拍达人的最爱，有了它的加持，再普通的搭配look也立刻变得炫酷起来养眼十足啦。当然，除此之外还有许多种颈部系法。比如说今年最流行的choker(颈圈)，时髦人早已用窄丝巾来取代，更加个性出彩。或者你也可以将长丝巾直接搭在肩膀，飘逸唯美。把丝巾扎进细腰带里也是近年来备受爱戴的新奇时髦系法。围法二、做头巾把丝巾用作头巾效果也是杠杠滴。最卖萌的要数这种兔子结，让你轻松重返少女时代。动图绕头结则更显文艺感。动图选用夸张的印花则颇有波西米亚风情，与长裙最般配。部分地区在秋季气温还比较高，用丝巾做头绳把头发盘起来也是极好的选择。围法三、做腰带把丝巾做腰带这种巧思一般人还真想不到，但效果可远比普通腰带别致又好看得多，助你轻松秒杀路人甲。再普通低调的造型有了它的加持，瞬间时髦指数翻倍。围法四、缠绕手(脚)腕动图把短款丝巾系在手腕处代替传统手链，在基础款搭配中轻松彰显出你的时髦品位。系在脚腕上搭配高跟鞋更是美成一道街景。围法五、系在包上在日常，撞包是比撞衫更常见、尴尬的时刻。而如今你只需将丝巾系在包上，就能立马让包包变得独一无二，美得不费力气。可以直接系在包袋上随风飘扬，貌美而潇洒不羁。缠绕在带子上则能更好地与包包融为一体， 还能对包带起到一定的保护作用。一条丝巾N种时髦系法，这个秋天美翻了!▍图文编辑：网络（小编微信号：451649206）▍商务合作电话/微信： 15920510910]]></content>
  <author><![CDATA[八景生活]]></author>
  <time>2018-10-14 07:44:28</time>
  <account><![CDATA[bajing_2014]]></account>
</data>
