<data>
  <id><![CDATA[50572935]]></id>
  <url><![CDATA[https://mp.weixin.qq.com/s?timestamp=1539596374&src=3&ver=1&signature=Egrj350GoKY8-KUcIJshb7R4HPumVnmq92obBpDUXE1VIlhxDr68uwLMmTGfnIS4*0RTewOBUEy7HrvbHiTNvYwh0M3TslymsZuERMmeeTRS4oRSM8tPTissHuBKs1JyRPCdWA0l6eHW76rSISGY9i*SXVmFYfogvoGCtPalZyc=]]></url>
  <title><![CDATA[八景一脑瘫宝宝的求助，帮一帮这个可怜的孩子吧！]]></title>
  <content><![CDATA[以下来自八景生活微友的求助：大家好，我叫陈远标，家住江西宜春市高安八景镇杲溪村，天有不测风云，原本以为生了小孩，我们就是幸福美满的家庭，可是儿子出生后却一直体弱多病，早产一个多月，生出来才4斤，还得放保温箱，看着小小的人，我觉得很幸福，心里被填得满满的，医生告诉我有黄疸很高两百多，怕影响大脑，要照蓝光，一路都在花钱，借钱，随着慢慢长大，都七八个月了还不会拿东西，手脚僵硬，脖子也软，不会翻身，坐不稳，最后去各大医院检查被确诊为脑损伤相当于脑瘫，发育迟缓，大脑不受控制，不抓紧治疗错过了时间，以后可能就要照顾他一辈子，听到这话大脑一片空白，如今已经花去26000元，仍然还没什么大进步，但医生说后期治疗费用还需要很多资金，朋友亲戚该借的都借了，实在是无力承担这笔天大的费用。请大家救救我可怜的儿子，我还没来得及好好陪儿子，我想让他像别的小朋友那样可以跑可以跳，可以和小朋友一起玩，现在一岁多了，看着他看到小朋友时想要和他们玩的那种兴奋，却没有办法走过去玩，我的心在滴血，求大家帮帮我们，大家的恩情我一定会铭记在心，感恩，好人一生平安！捐款入口：点击左下角“阅读原文”▍图文编辑：八景生活 （小编微信号：451649206）▍商务合作电话/微信： 15920510910]]></content>
  <author><![CDATA[八景生活]]></author>
  <time>2018-10-12 09:52:42</time>
  <account><![CDATA[bajing_2014]]></account>
</data>
