<data>
  <id><![CDATA[50572935]]></id>
  <url><![CDATA[https://mp.weixin.qq.com/s?timestamp=1539596374&src=3&ver=1&signature=Egrj350GoKY8-KUcIJshb7R4HPumVnmq92obBpDUXE1VIlhxDr68uwLMmTGfnIS4*0RTewOBUEy7HrvbHiTNvWoDp7H3BbBEHc6unQ-L054n3RNrhIjnZjxyy6hFVqy9D5A6qusR8OfBnEOebpHEpmoOctvxKS3pKfPBfQtatF8=]]></url>
  <title><![CDATA[巡察组马上杀到八景！这2个月就干这些事...]]></title>
  <content><![CDATA[六届市委第四轮巡察公告根据市委统一部署和市委巡察工作领导小组的安排，市委7个巡察组于2018年10月15日至2018年12月14日,分别对市发改委、市教育局、市体育局、市文广新局、市人民医院、市直机关工委、市委党校、市信访局、市史志办、市编办、市科协、市总工会、市档案局、市旅发委等14个市直部门和单位党组织开展常规巡察；对市人社局党组开展巡察“回头看”；对八景镇、黄沙镇、上湖乡3个乡镇（含站所）及所辖42个村社区党组织开展常规巡察。市委各巡察组设立专门联系电话、电子邮箱、举报信箱等，市委巡察办在市行政服务中心、瑞阳新区第一、二食堂设有巡察联系信箱，受理反映被巡察党组织领导班子及其成员、下一级党组织领导班子主要负责人和重要岗位领导干部问题的来信来电来访，重点是关于违反政治纪律、组织纪律、廉洁纪律、群众纪律、工作纪律和生活纪律等方面的举报和反映。欢迎广大党员、干部、群众向市委巡察组反映有关情况和问题。特此公告中共高安市委巡察工作领导小组办公室2018年10月9日▍图文编辑：廉洁高安（小编微信号：451649206）▍商务合作电话/微信： 15920510910]]></content>
  <author><![CDATA[八景生活]]></author>
  <time>2018-10-13 19:28:26</time>
  <account><![CDATA[bajing_2014]]></account>
</data>
