<data>
  <id><![CDATA[50572935]]></id>
  <url><![CDATA[https://mp.weixin.qq.com/s?timestamp=1539596374&src=3&ver=1&signature=Egrj350GoKY8-KUcIJshb7R4HPumVnmq92obBpDUXE1VIlhxDr68uwLMmTGfnIS4*0RTewOBUEy7HrvbHiTNvZqhQ8xdG2h19*GUhV0wORt1VSX1-reA0FTlXXz15BBKeGAHSlvW26*C-rAnQ1LQKtIxTmYUfuTyprGyJKdSBwE=]]></url>
  <title><![CDATA[八景这周到底多冷？最低13℃，赶紧拿秋裤出来！]]></title>
  <content><![CDATA[一场冷空气来了大风、降水、降温小伙伴们准备好了吗？据中国天气监测未来7天内高安最低温度会跌到13℃还会在这个周末有降水昼夜温差大所以大家都得多穿点出门近几天你觉得寒冷吗？赶紧扩散告诉身边的人一定要注意添加衣物！▍图文编辑：八景生活 （小编微信号：451649206）▍商务合作电话/微信： 15920510910]]></content>
  <author><![CDATA[八景生活]]></author>
  <time>2018-10-11 13:31:04</time>
  <account><![CDATA[bajing_2014]]></account>
</data>
