<data>
  <id><![CDATA[50572935]]></id>
  <url><![CDATA[https://mp.weixin.qq.com/s?timestamp=1539596374&src=3&ver=1&signature=Egrj350GoKY8-KUcIJshb7R4HPumVnmq92obBpDUXE1VIlhxDr68uwLMmTGfnIS4*0RTewOBUEy7HrvbHiTNvaqVEf21hDOJ2viXizIE1yjrZnY9qdJBlIuuMUnVtuj6Cr7CzMmXQbpKJ8V5izIj6DQeEhHcT6i4I*ZiK**pEqs=]]></url>
  <title><![CDATA[国庆高速堵车，车主都做了哪些奇葩事?]]></title>
  <content><![CDATA[国庆大假第一天整个成都成了“堵场”城中人从众，城外车人车就在这个堵得大家都想上天的时候成南高速上的一位大妈火了她竟然在堵成停车场的高速公路上打~起~了~太~极~拳~是的，你没听错！打太极拳！戳视频感受一下这“详和”的一幕10月1日早上，成都市民冯女士向记者反映，早上8点过到11点的时候，在成南高速往遂宁方向一段路上，由于堵车，一些“耐不住寂寞”的大妈们，下车在高速路空地上打起了太极拳。大妈时而运步，时而踢腿，时而弯腰……一副旁若无人的样子不过，高速堵车真是让人很无奈都堵成停车场了不给自己找点乐子那怎么行呢？于是堵车的路上就出现了下面这些奇葩事打高尔夫球（可是洞在哪里？）打羽毛球打网球踢毽子各种单人舞、双人舞、群舞以及尬舞下象棋打扑克生火做饭聚餐遛狗看风景所以高速堵车不只有抱怨和心烦还有太极和远方你大妈永远是你大妈！把这条微信转给你外出的朋友吧毕竟今天他们就要回程了！▍图文编辑：网络综合 （小编微信号：451649206）▍商务合作电话/微信： 15920510910]]></content>
  <author><![CDATA[八景生活]]></author>
  <time>2018-10-07 00:42:26</time>
  <account><![CDATA[bajing_2014]]></account>
</data>
