<data>
  <id><![CDATA[50572935]]></id>
  <url><![CDATA[https://mp.weixin.qq.com/s?timestamp=1539596374&src=3&ver=1&signature=Egrj350GoKY8-KUcIJshb7R4HPumVnmq92obBpDUXE1VIlhxDr68uwLMmTGfnIS4*0RTewOBUEy7HrvbHiTNvUXsUVGDxBR2jw22aNvUORmZd9rbDlgDuWeZXBNk4XOn1TZqNIpIx0VUN7RiXb1pgIG*yC-m*w7APNmo4yWr4vk=]]></url>
  <title><![CDATA[电影9.9元，238人砍价成功！甘蔗5元/根，成车买！实木床499！大沙发1888元...]]></title>
  <content><![CDATA[八景星河影院9.9元看电影，已经238人参与砍价成功点评：拉10个好友，没每人一刀3-8块，很容易砍到9.9元八景农家自种甘蔗5元/根已经13人成功秒杀领走点评：微友吃到反响很好，许多人大量购买，晚上还在整车送送上门！八景燕子家具实木床499元/张沙发1888元付钱，送货上门点评：微友单扣咨询的很多，问是不是真的？下完单就直接送货了，你看到的就是实物的价格，再无隐形消费。秒杀活动仅限国庆还有2天就结束了小伙伴们，抓紧时间啊！！▍图文编辑：八景生活 （小编微信号：451649206）▍商务合作电话/微信： 15920510910]]></content>
  <author><![CDATA[八景生活]]></author>
  <time>2018-10-06 07:32:58</time>
  <account><![CDATA[bajing_2014]]></account>
</data>
