<data>
  <id><![CDATA[50378399]]></id>
  <url><![CDATA[https://mp.weixin.qq.com/s?timestamp=1539596585&src=3&ver=1&signature=Egrj350GoKY8-KUcIJshby38c8hraP7EqaiRvwuFb58CRS92ULi5rjv0G9hA3wRMSW9jA4OZ6-t0rmWqqnviJ5hqXF9xx0jsTbRP1p3utH0qgzd0cFBf-5NjymqorAOqNWj*o*SjjdN7778KlD5nrH9aUuAHng514URsRAIfgEM=]]></url>
  <title><![CDATA[厉害了！深圳再登“成长竞争力城市”首位！]]></title>
  <content><![CDATA[点关注，不迷路 ！深圳一手房产资讯等你来！转载自：南方日报10月11日，由中外城市竞争力研究院、香港桂强芳全球竞争力研究会、世界城市合作发展组织联合举办的第十七届全球城市竞争力排行榜新闻发布会在香港会展中心举行。本届发布会正式发布2018年中国城市综合竞争力排行榜、2018年中国城市成长竞争力排行榜等十六个榜单，记者从现场获悉，深圳蝉联中国城市成长竞争力榜首，在2018年中国十佳高效政府排行榜位列第一，并在2018年中国城市综合竞争力和2018年中国最优营商环境城市排行榜中位居第二。深圳因其创新活力，和在城市社会组织体制上的不断完善和自身综合力的不断提升，得以蝉联中国城市成长竞争力榜首。在高效政府评选当中，深圳以高效的行政决策程序和办事效率、完善的法制环境、公正、公开的行政运作系统、高素质的公务员队伍等优势居首。据悉，高效政府是指城市在行政过程当中的效率水平。其特征是：行政程序化、法制化、规范化，决策科学，办事效率高，公平、公正、公开，公务员素质高，机构精简。而在城市营商环境方面，香港、深圳、广州以多项优势夺得2018年中国最优营商环境城市前三名。良好的营商环境，尤其是国际化、法制化的营商环境是一个城市经济软实力的重要体现。值得一提的是，时隔5年后，香港重回中国城市综合竞争力名单榜首。桂强芳研究团队认为原因有四，一是近期香港景气指数联翩攀升，竞争力机制不断增强，本届香港特别行政区政府发表第一份施政报告后，努力落实当中超过250项的政策措施，整体推进势头良好；二是随着粤港澳大湾区建设的不断推进，香港优势将更凸显；三是香港金融科技生态系统不断优化，中国人民银行将在香港发行票据，支持香港离岸人民币业务拓展，使得人民币离岸发展进程不断加快；四是广深港高铁全线投入运营，可直达内地17个城市，世界最长的跨海大桥港珠澳大桥也即将开通等，都成为香港竞争力增强的驱动因素。据悉，这是桂强芳研究团队连续17个年度在香港向全球发布城市竞争力排行榜，本届发布的2018年城市竞争力最新排名，研究评价范围扩展至中外比较和全球排名。深圳凰家小秘书加入凰家粉丝群，一手房产活动、资讯抢先知道!推荐阅读楼市降温“房闹”又重来 降价恐惧症折射投机者畸形心态深圳“金九”平淡收官 一二手楼成交环比降三成棚改货币化退场提速 专家称不宜“一刀切”]]></content>
  <author><![CDATA[凤凰网房产深圳站]]></author>
  <time>2018-10-12 22:54:27</time>
  <account><![CDATA[szhouse_ifeng]]></account>
</data>
