<data>
  <id><![CDATA[50378399]]></id>
  <url><![CDATA[https://mp.weixin.qq.com/s?timestamp=1539596585&src=3&ver=1&signature=Egrj350GoKY8-KUcIJshby38c8hraP7EqaiRvwuFb58CRS92ULi5rjv0G9hA3wRMSW9jA4OZ6-t0rmWqqnviJ5zRklEUC3TUeTyd7kqc8azZTm2rirTJiCo1tqgNphU82bJtN85GnTx4UW0PyjmXPtG1eicwfE0F9exolTIgGpY=]]></url>
  <title><![CDATA[【粉丝集结令】《凰家下午茶》邀请你与大咖面对面交流！]]></title>
  <content><![CDATA[点关注，不迷路 ！深圳一手房产资讯等你来！【凤凰网房产看见新时代系列】——信息时代 智汇阅读——《凰家下午茶》深圳第二期将在宝安前诚达前海世界录制信息大爆炸时代有多久没完整读过一本书？如何做到信息时代下更好阅读？凤凰网房产将携手实干企业家展开激烈辩论扫码亲临现场一趣味辩论之战！推荐阅读国务院：库存不足、房价上涨压力大市县尽快取消货币化安置“凉凉”的国庆长假：“银十”开局遇冷，降准或难改楼市颓势“金九”不再 深圳二手房价首次连跌]]></content>
  <author><![CDATA[凤凰网房产深圳站]]></author>
  <time>2018-10-10 18:02:42</time>
  <account><![CDATA[szhouse_ifeng]]></account>
</data>
