<data>
  <id><![CDATA[50378399]]></id>
  <url><![CDATA[https://mp.weixin.qq.com/s?timestamp=1539596585&src=3&ver=1&signature=Egrj350GoKY8-KUcIJshby38c8hraP7EqaiRvwuFb58CRS92ULi5rjv0G9hA3wRMSW9jA4OZ6-t0rmWqqnviJ7-pXjD2pX7iynnKgjev1cBVYe85W9FdVng3rk5b8EAfawC1NATcYb4NvduYP8shUqWGlxbh52gXvm0lzzbXwMU=]]></url>
  <title><![CDATA[]]></title>
  <content><![CDATA[]]></content>
  <author><![CDATA[凤凰网房产深圳站]]></author>
  <time>2018-10-11 18:33:52</time>
  <account><![CDATA[szhouse_ifeng]]></account>
</data>
