<data>
  <id><![CDATA[50378399]]></id>
  <url><![CDATA[https://mp.weixin.qq.com/s?timestamp=1539596585&src=3&ver=1&signature=Egrj350GoKY8-KUcIJshby38c8hraP7EqaiRvwuFb58CRS92ULi5rjv0G9hA3wRMSW9jA4OZ6-t0rmWqqnviJ5zRklEUC3TUeTyd7kqc8awPnOhEgt46fE46jwmjl4BMtvlBCIEWISxlSxEXsUnRwQdIH5tpL6rYYZM5ViZlUrw=]]></url>
  <title><![CDATA[焕代光明为改变而来——星河COCOCity繁华登陆星河天地]]></title>
  <content><![CDATA[点关注，不迷路 ！深圳一手房产资讯等你来！详情楼盘信息 点“阅读原文”深圳凰家小秘书加入凰家粉丝群，一手房产活动、资讯抢先知道!推荐阅读国务院：库存不足、房价上涨压力大市县尽快取消货币化安置“凉凉”的国庆长假：“银十”开局遇冷，降准或难改楼市颓势“金九”不再 深圳二手房价首次连跌]]></content>
  <author><![CDATA[凤凰网房产深圳站]]></author>
  <time>2018-10-10 18:02:42</time>
  <account><![CDATA[szhouse_ifeng]]></account>
</data>
