<data>
  <id><![CDATA[50378399]]></id>
  <url><![CDATA[https://mp.weixin.qq.com/s?timestamp=1539596585&src=3&ver=1&signature=Egrj350GoKY8-KUcIJshby38c8hraP7EqaiRvwuFb58CRS92ULi5rjv0G9hA3wRMSW9jA4OZ6-t0rmWqqnviJ5hqXF9xx0jsTbRP1p3utH1V480Dsss9qxxc2o-a7Hd0d0zSxJHTJyBg06RTibFW3nqvItW0p6S12Hy2OGDz-9s=]]></url>
  <title><![CDATA[]]></title>
  <content><![CDATA[]]></content>
  <author><![CDATA[凤凰网房产深圳站]]></author>
  <time>2018-10-12 22:54:27</time>
  <account><![CDATA[szhouse_ifeng]]></account>
</data>
