<data>
  <id><![CDATA[50378399]]></id>
  <url><![CDATA[https://mp.weixin.qq.com/s?timestamp=1539596585&src=3&ver=1&signature=Egrj350GoKY8-KUcIJshby38c8hraP7EqaiRvwuFb58CRS92ULi5rjv0G9hA3wRMSW9jA4OZ6-t0rmWqqnviJyv-sopbxgVPS6T1RwWM8H24MNtswejGlyXZvzIn9QX6Ir5HlyRRASjueY8ZrZdqU*jh846f2skvim7RkX*vQ54=]]></url>
  <title><![CDATA[国务院：库存不足、房价上涨压力大市县尽快取消货币化安置]]></title>
  <content><![CDATA[点关注，不迷路 ！深圳一手房产资讯等你来！据新华社10月8日报道，国务院常务会议召开，明确提出严格把好棚改范围和标准，因地制宜调整完善棚改货币化安置政策。观点地产新媒体了解，会议指出，棚改重点攻坚的仍是老城区内脏乱差的棚户区和国有工矿、林区、垦区棚户区。各地要坚持既尽力而为、又量力而行的原则，不搞“一刀切”、不层层下指标、不盲目举债铺摊子，严禁违规支出，努力实现市域范围内棚改资金总体平衡。据悉，今年1至9月全国棚改已开工534万套、占全年任务的92%以上，对改善住房困难群众居住条件等发挥了一举多得的重要作用。但棚改过程中过去也出现有的地方对棚改范围和标准把握不严的情况，如将棚改政策覆盖范围扩大到了一般建制镇，有的把房龄不长、结构比较安全的居民楼纳入棚改范围，造成重复建设和资源浪费。此外，会议明确提出要因地制宜调整完善棚改货币化安置政策，商品住房库存不足、房价上涨压力大的市县要尽快取消货币化安置优惠政策。住房和城乡建设部相关负责人进一步强调，商品住房库存不足、房价上涨压力较大的地方，应有针对性地及时调整棚改安置政策，更多采取新建棚改安置房的方式；商品住房库存量较大的地方，可以继续推进棚改货币化安置。另据国家统计局数据显示，2015年末，商品房待售面积7.19亿平方米；经过两年多的去库存，至2018年8月末，商品房待售面积已降至5.39亿平方米，为2014年初以来最低水平。有市场观点认为，商品房待售面积是反映房地产库存水平的指标之一，目前去库存任务的基本结束，意味着之前致力于去库存的政策将逐渐退场，其中以货币化安置为主的棚改模式也将慢慢退出。深圳凰家小秘书加入凰家粉丝群，一手房产活动、资讯抢先知道!推荐阅读“金九”不再 深圳二手房价首次连跌深圳：打造可持续发展的全球创新之都多地楼盘打折促销，郁亮预言的“转折点”已来临？]]></content>
  <author><![CDATA[凤凰网房产深圳站]]></author>
  <time>2018-10-09 18:11:33</time>
  <account><![CDATA[szhouse_ifeng]]></account>
</data>
