<data>
  <id><![CDATA[50378399]]></id>
  <url><![CDATA[https://mp.weixin.qq.com/s?timestamp=1539596585&src=3&ver=1&signature=Egrj350GoKY8-KUcIJshby38c8hraP7EqaiRvwuFb58CRS92ULi5rjv0G9hA3wRMSW9jA4OZ6-t0rmWqqnviJ7-pXjD2pX7iynnKgjev1cAi94QNc0XBBv0Pop3e8CbIbSofG7SKNTLMcYgVAqkCc4KQ-7C9pKGvnFs3-p-6NSI=]]></url>
  <title><![CDATA[焕代光明为改变而来——星河COCOCity繁华登陆星河天地]]></title>
  <content><![CDATA[点关注，不迷路 ！深圳一手房产资讯等你来！详情楼盘信息 点“阅读原文”深圳凰家小秘书加入凰家粉丝群，一手房产活动、资讯抢先知道!推荐阅读棚改货币化退场提速 专家称不宜“一刀切”深圳“金九”平淡收官 一二手楼成交环比降三成国务院：库存不足、房价上涨压力大市县尽快取消货币化安置]]></content>
  <author><![CDATA[凤凰网房产深圳站]]></author>
  <time>2018-10-11 18:33:52</time>
  <account><![CDATA[szhouse_ifeng]]></account>
</data>
