<data>
  <id><![CDATA[50378399]]></id>
  <url><![CDATA[https://mp.weixin.qq.com/s?timestamp=1539596585&src=3&ver=1&signature=Egrj350GoKY8-KUcIJshby38c8hraP7EqaiRvwuFb58CRS92ULi5rjv0G9hA3wRMSW9jA4OZ6-t0rmWqqnviJ477WbNpoa-LhhBzJ7eaw5Mwd-x91cBvn3d4JozFXaRLwJ5gqONWP8lVv8-6wx0*0HjZE6dqYUv*q2Z0-oza9J8=]]></url>
  <title><![CDATA[]]></title>
  <content><![CDATA[]]></content>
  <author><![CDATA[凤凰网房产深圳站]]></author>
  <time>2018-10-06 19:41:58</time>
  <account><![CDATA[szhouse_ifeng]]></account>
</data>
