<data>
  <id><![CDATA[50378399]]></id>
  <url><![CDATA[https://mp.weixin.qq.com/s?timestamp=1539596585&src=3&ver=1&signature=Egrj350GoKY8-KUcIJshby38c8hraP7EqaiRvwuFb58CRS92ULi5rjv0G9hA3wRMSW9jA4OZ6-t0rmWqqnviJ7TEuvkLdtEDoFQvMsZGhgEq4yOXJS3anK7ZXt-ffWqQdCvcfLNR2HYuL*UFmdbvCbRFsLDFqi81N7kKIZuSO0M=]]></url>
  <title><![CDATA[9天吸引112万人追逐！深圳中心区灯光秀人气实在太旺]]></title>
  <content><![CDATA[点关注，不迷路 ！深圳一手房产资讯等你来！40年辉煌历史,华彩乐章,璀璨夺目。9月28日晚,“辉煌新时代”深圳中心区灯光表演正式首秀后,迅速成为全国瞩目的焦点,央视、人民网等各大主流媒体纷纷报道,深圳市民、国内外游客热情高涨,一睹为快。截至10月6日晚,莲花山顶和市民广场观赏区人流已达到112.1万人次,国庆“十一”当晚,达到峰值21.8万人次。深圳人的朋友圈里,“自豪”、“骄傲”、“幸福”等成为了高频词......一场美轮美奂的灯光表演,是政府送给市民的一场光影视觉盛宴,更是献给新中国成立69周年的“精彩大礼”。观演热情高涨、持续火爆、盛况空前早在联调阶段,深圳中心区灯光秀国内首创的“大小点光源组合”技术、CBD的43栋楼宇环型U屏,118万个点光源集体点亮、270°环幕动态式、包围式、沉浸式的视觉感官体验等一系列震撼科技和亮点就已在朋友圈传开。9月28日,深圳中心区灯光秀正式首秀,迅速点爆了广大市民期盼已久的热情。尽管政府多次发出温馨提示,提醒广大市民合理安排时间,避免集中扎堆前往,但仍挡不住广大市民的脚步。9月28日以来,每晚都会聚集数万乃至数十万的市民和游客前往观看,更有大批市民和游客每天下午提前3、4个小时便早早到来,提前抢占市民中心广场、莲花山顶等最佳观赏“C位”。此外,很多深圳市民放弃了国庆期间外出旅游的计划,而是与家人和朋友一起观看灯光表演,成为了灯光秀的“铁杆粉丝”。表演现场,大家跟着屏幕齐声倒数“321”,随着灯光画面主题的不断变化,现场观赏人群的情绪也随之而动,赞叹声此起彼伏。“山海之城、改革之窗、创新之都、和谐之境”四大演出篇章,用流光璀璨的光影方式讲述着深圳的不平凡的发展故事,震撼着在场的市民和游客,也引起大家产生了强烈的城市共鸣。除了到现场大饱眼福外,所有人都在朋友圈表白深圳,“没有梦想,何必深圳”,“深圳,梦想开始的地方.......”。多部门联动、管控,现场安全有序虽然演出现场人山人海,但整体安全、可控、有序,未发生风险事件,考验的是政府的处置和应急能力。记者了解到,为确保灯光表演安全有序进行,市委市政府高度重视,提出了明确要求;市公安局全力以赴,制定了周密的安保方案;福田区委区政府制定了详细的工作方案并采取了一系列严密的保障措施。城管、公安、交警、街道等30多个市区两级部门联动,统一指挥、统一步调,重点抓好市民中心南北广场、市民中心大楼、莲花山等核心地段的安全防范和人流管控,专门在市民中心设立了“现场指挥部”。9月28日起,市、区领导每天坐镇现场,市城管局、福田区城管、公安、交警等单位相关负责人全部在场,共同做好现场组织、部署、协调等工作。除了高效有力的筹备工作,每天表演前2个小时,反恐防撞设施、安保人员、电力供应、消防措施、广播宣传等工作就全部提前到位。表演期间,各部门通力合作、紧密配合,市城管局、福田区城管局全力做好灯光工程的总控工作,并配合公安、交警等部门做好人流监控,根据现场人流情况随时制定当晚的播放调整计划供指挥部参考;福田交警大队对益田路、金田路、滨河路、莲花路4条主要道路实施严管,并将以观赏人群最为密集的市民中心广场、莲花山片区为中心由内至外,分为交通核心区、交通管控区、交通疏导(分流)区3大片区,每天出动300余名警力,抽调5个支援大队轮流对以上片区进行交通疏导及管理。同时,对于交通违法行为一律予以严查严处,每5分钟利用视频监控设施对市民中心周边道路进行全方位扫描,对发现的交通违法行为进行抓拍取证,铁骑巡逻警力与拖车按划分区域进行不间断巡逻,对于发现的违停车辆一律进行拖移并从严处罚;福田公安分局连续多日高强度作战,顶住压力,每晚出动1040人,科学布警,满员上岗,重点布控中心南北广场、市民中心大楼、莲花山等核心封闭区域,并在市民中心广场和莲花山设立固定、流动观察哨,加强巡逻控制,有力抓好了重点时段、重点部位、重点流线的安保工作。同时,提前规划疏散区域,为防范和疏解现场大人流未雨绸缪,10月1日灯光表演结束后,仅用半小时人群就全部疏散完毕;巴士集团、地铁集团、港铁公司等部门全力做好运力保障,表演开始前2小时至结束后2小时内,加密运行班次,并在少年宫、市民中心、莲花北等地铁站加派853名工作人员现场引导,做好人流疏导。此外,消防、卫计等部门也全部到位,严阵以待。市民文明观演、礼貌礼让、秩序井然一场美轮美奂的灯光秀,不但秀出了深圳的国际化,更秀出了深圳人的文明素养。记者注意到,几天来的灯光表演当中,广大观演市民和游客都表现出了较高素质,成为光影星空下的一道靓丽风景。在表演现场,大家都自觉遵守安保秩序,虽然人流不断攀升,但进退场文明有序,相互礼让,尤其是表演结束后,现场激动的气氛还久久不散,观众带着依依不舍的心情在安保人员的指挥下有序离场,老人和孩子更是大家文明礼让的重点对象。虽然人山人海,却未发生一起因人流庞大而引起的不文明事件。“从表演开始,到现场的表现,再到最后离场,简直就是我们深圳作为全国文明城市的一个缩影。如果把整个过程也比成一个赛场的话,那么我们深圳市民的表现绝对可以拿满分!”有市民在现场感叹道。在交通方式上,大多数市民大都根据政府的温馨提示,选择乘坐地铁或公交等绿色出行方式,有力减轻了交通压力。记者还从福田区城管局了解到,前来观影的市民和游客的公共卫生意识明显提升,每次观赏完毕后,大家都自觉带走随身物品和垃圾,或者扔往周围设置的垃圾桶、果皮箱,现场整体干净整洁,“垃圾不落地,深圳更美丽”的城市宣言不仅深入人心,更转化为了实际行动,通过这场美丽灯光秀的“大考”体现的淋漓尽致。福田区城管局的工作人表示,“整体上,市民中心广场区域的环卫工人基本每天半个小时到一个小时就可以结束垃圾的清理工作”。深圳的美丽,不仅来自城市,更来自每一个人。深圳凰家小秘书加入凰家粉丝群，一手房产活动、资讯抢先知道!推荐阅读港珠澳桥大桥通车在即，香港提议再升级！在大湾区开发130平方公里新城，可容纳350万人今年的黄金周假期，你还在看房？其实楼市有点凉多地楼盘打折促销，郁亮预言的“转折点”已来临？]]></content>
  <author><![CDATA[凤凰网房产深圳站]]></author>
  <time>2018-10-08 17:50:37</time>
  <account><![CDATA[szhouse_ifeng]]></account>
</data>
