<data>
  <id><![CDATA[50693043]]></id>
  <url><![CDATA[https://mp.weixin.qq.com/s?timestamp=1539596456&src=3&ver=1&signature=Egrj350GoKY8-KUcIJshbxFhbDAqoIknCJ4CsuCrYeKevm0ejq6oRH7sIG4Ay7vJg3KtuEgy0VK8Fzej5k6WxXOrU2l6NrTTk7sjxAWepEbYNneVChqM7b1*FOfpC5-svYFhP3SuPRKh4hbdYW0nyfnq45l79iUUNYdVjsF606Q=]]></url>
  <title><![CDATA[“炫富”照刷屏！他们摔一跤，网友却点赞]]></title>
  <content><![CDATA[近日，#炫富挑战#的话题在社交媒体刷屏了。下面一系列的“炫富”，引发网友点赞......陕西省公安消防总队@陕西消防  ：哟呦，不小心摔了一跤，把我最珍贵的宝贝都掉了呢……@只是内内：防哥真帅，摔都摔得最帅@腐蚀之触：赤裸裸地炫耀，赞@拥军丫头LH ： 用青春、汗水、生命换来的荣誉，不过小哥哥摔跤摔得很帅@白城以北：血汗争取的荣誉@四川消防 ：太富有，小哥认识一下呗@银色迦楼罗：不好意思，看成小哥哥摔出一堆结婚证上海市消防局@上海消防 :@陕西消防 哥们当心点，换作是我们装备技师摔一跤可不得了帮忙数数，有没有丢了什么？@江西消防 （来源:宝山、浦东）@江西消防 ： 哥们儿，我的液压剪修好了吗？@陕西消防 ： 天呐！这一摔把家底都漏了！@张佳冉JOSH ： 还好有文字，不然一个都不认识上海市金山区公安消防支队@金山消防训练场上挥汗如雨，灭火救援中英勇奋战。@软刺fly：@念云姑娘like殿下：@骁斗：财富，无贵以生命。古人言：投我以木瓜，报之以琼琚，匪报也，永以为好也。然而今天你投我以生命，我以何报之？------------向逆行者致敬。@rens寂寞如雪_210：点赞四川省公安消防总队@四川消防：大家现在都流行那样拍照，@陕西消防  @金山消防  @江西消防  你们仨把我炫富用的消防知识读本摔哪儿去了@青织_InFun：哈哈哈哈哈哈哈哈哈我先笑为敬@妖拉格秦张卫海艾索：现在官博都这么皮了吗？中国南方电网有限责任公司@南网50Hz刚抢修回来，不小心摔了一跤，没什么值钱的，都是平常趁手的工具，有了它们，我就能帮你们快速复电！@湛江供电：辛苦了。。。@小个的耗子：嗯！这个我服！@映昭彤文：注意休息好，休息好才能工作好，工作好才能为人民服务，为人民服务人民才好，人民好才能国家好，国家好经济才好，经济好才能休息好………兄弟你辛苦了，现在请站起来，命令你跑步回家休息！外交部领事保护中心@领事之声 ：冰山一角，承让承让。@风流如故：可以可以。。。。这创意很好这一系列的“炫富”，引发网友热议：@刘伟大1212 ： 这才是人们的正能量！支持一直奋斗的年轻人，祖国才有希望！@宇宙中最小的一粒fan ： 大家都好可爱哈哈哈哈~~~~@喜熟08 ： 又可爱又想笑又心酸……@良才将相 ： 术业有专攻，百业兴则国强@阿波最爱腹肌 ： 这才是炫富，都是工程师级别@似懂略懂：知识技能也是财富，也要炫一炫来源:中国青年报综合责任编辑:邢宇支持我们请点赞或使用评论功能↓↓↓]]></content>
  <author><![CDATA[中国经济网]]></author>
  <time>2018-10-14 15:18:00</time>
  <account><![CDATA[ourcecn]]></account>
</data>
