<data>
  <id><![CDATA[50693043]]></id>
  <url><![CDATA[https://mp.weixin.qq.com/s?timestamp=1539596456&src=3&ver=1&signature=Egrj350GoKY8-KUcIJshbxFhbDAqoIknCJ4CsuCrYeKevm0ejq6oRH7sIG4Ay7vJg3KtuEgy0VK8Fzej5k6WxU7UWexKEoc5MsZPtaJc4f9LLozPYcZQJE*C3ZMOUP3bbVO2atSE2SdFiAkJ5WDUFuM8jpz8cG1MJkbuyTi7JWg=]]></url>
  <title><![CDATA[更努力一些吧，因为活着很贵的|可读]]></title>
  <content><![CDATA[小堂妹大学快毕业了，昨天聊起职业规划，她说“希望能找个自己喜欢的工作干一辈子，钱多钱少无所谓。”我立刻反对：钱也很重要。不能不考虑。她嗤之以鼻：够花就行呗。你们这些庸俗的大人啊。增强自己的抗风险能力一个朋友，小公司的小职员。工作不累，时间也富裕，下班去逛逛小店，周末约闺蜜们聚聚，小日子挺美的。虽然穷点，但她也不太在意，想法跟小堂妹差不多：够花就好。后来她要结婚，男友也穷，俩人都没房没车没存款，甚至没钱办酒席。她妈一看，死活不同意，一通神折腾，把他们拆了。她大受打击，开始意识到没钱不行。可是真想赚钱了，才发现钱真难赚。她会画画，以前闲了就悠哉悠哉画一幅，自娱自乐。后来开始琢磨钱，就想多画点，挂到网上卖。最勤快的时候，她两天画一幅，累得要死。但收入也没好哪儿去，还是几千。也常常画了一堆没人买，扔在墙角养蜘蛛，看见就搓火。好不容易卡上有了三四万，她老妈忽然查出癌症，手术化疗进口药都是血盆大口，半年吞进去十几万。全家人的所有积蓄都搭上还不够，又欠了亲戚三万多。借钱还钱，都不好受。她迅速从世外桃源落入了庸俗凡尘，还被人间烟火熏得灰头土脸。偏偏，屋漏又赶上了连夜雨。老妈出院那天，她借朋友的车去接。回去还车时，一没留神，撞了个八十多岁的老大爷。她惊慌中从车上下来，看见大爷佝偻着身体躺在地上，吓死了，心里一万个念头闪过。叫120时，手都是抖的。到了医院，大爷的儿子女儿侄子外甥都来了，团团围住她，让她交二十万押金给老爷子看病。她哪里交得出。东拼西凑了两万，又撕扯恳求了一夜，才勉强被允许回家。人回了家，心还在医院。她吃不下睡不着，满脑子想着万一大爷从此卧床不起，自己赔不赔得起？万幸。大爷伤得不重，家属也没想讹她，最后花了两万了事。那次以后，她就彻底从“穷神仙”的浪漫幻想里醒过来了。她在朋友圈里写：你一个月赚四千，觉得够花了。但你能保证你和你至亲一辈子没病没灾、不发生任何意外？穷人抗风险能力太低了，像片弱不禁风的破树叶，一点风吹草动你就没魂了。为了不凭空多出许多烦恼我堂姐当年租房结婚，后来怀孕了，不得已买楼。她每天挺着大肚子跟着中介看楼，都是偏远地方，深一脚浅一脚的，大夏天热得满头大汗，却连瓶水都舍不得买。三十万首付，她借遍了亲朋好友。她说那段时间做梦都在算钱，梦里都算得清清楚楚，要用多少、还差多少、还能找谁再凑上多少……然后早上一醒来就焦躁地跟姐夫算钱，想辙，吵架。有个网友说，她女儿很有音乐天分，特别喜欢钢琴。她想咬牙给孩子报个钢琴班。结果去了一问，怎么也得三四千，将来再买琴，少说一万多。根本负担不起，只好作罢。回去的路上，女儿一直问，妈妈我能去学吗？她说不能，我们没钱。女儿半天没说话，到家门口时小心翼翼地说，那我们能先借舅舅的钱吗？将来我赚钱了还给他。她眼泪差点掉下来。钢琴自然是没学成。后来她每次看到女儿跟着音乐摇头晃脑的样子，都觉得对不住孩子。不努力赚钱会让你失去很多口口声声说钱不重要的人，有三种。一种是真有钱。一种是没尝过缺钱的苦。一种是为了掩饰。钱买不到时间，却会让你失去时间。我的一个读者，全职妈妈，老公月入五千，每月房贷三千，剩下两千，一家三口衣食住行吃喝拉撒根本不够。她买东西要花大量时间在某宝挑来挑去，找同款，比价格，看评论，买一件衣服挑两天，省十几块。带孩子去医院，打车半小时，舍不得，硬抱着孩子花一刻钟走到公交站，再倒两次车，折腾快俩小时。亲戚来了，舍不得去饭店吃饭，在家做了一大桌，头一天就开始准备，第二天又忙一整天，最后除去成本大概省了两百块……穷人的时间和精力，都挺廉价的。因为很多时候你拼不起钱，只能拼时间。钱买不到健康，却会让你失去健康。有个朋友，刚去北京时太穷，住了两年地下室，落了一身湿疹和关节炎，到现在七年了，还没好。有个知乎网友说，他小时候家里穷，奶奶明知道奶粉馊了，还喂他吃。导致他在人民医院吊针了一个月，差点死掉。钱的确不是万能的，我们当然也不能把赚钱当作人生全部目标。但你必须承认钱的重要性，必须对钱有敬畏心。钱从来就不是粪土，它是一个人活在世上的底气，它能给你自由、尊严和安全感。你有没有发现，那些不差钱的人，身上会有一种特别随性的放松。收到朋友喜帖，能开心赴宴真心祝福，不必担心付了份子钱下个月就要吃土。车子在路上刮擦，交给保险公司好了，大不了赔点钱，不用为了责任认定大打出手，剪刀石头布决定就好……总之，他们会有很多选择，也就会少较很多劲，少窝很多火，少花很多精力去算计衡量。他们不用太担心风险和意外，身上有种“怎么都行”的轻松，因为有钱做后盾，他们就不用硬着头皮去拼时间、拼感情、拼健康，甚至是拼老命了。生活对他们来说，更像个有点挑战性的游戏，而不是刀山火海实实在在的难关。这种人生体验，和那些被钱死死卡住脖子的人是完全不同的。所以，人应该早点知道钱的重要性。你不用很有钱，但真的不能很缺钱。没事少矫情，有空多赚钱。不管你爱不爱钱，眼下缺不缺钱，能赚就尽量多赚点，有备无患。因为活着很贵的。来源:李月亮（ID：bymooneye）责任编辑:刘丽丽支持我们请点赞或使用评论功能↓↓↓]]></content>
  <author><![CDATA[中国经济网]]></author>
  <time>2018-10-13 21:13:00</time>
  <account><![CDATA[ourcecn]]></account>
</data>
