<data>
  <id><![CDATA[50693043]]></id>
  <url><![CDATA[https://mp.weixin.qq.com/s?timestamp=1539596456&src=3&ver=1&signature=Egrj350GoKY8-KUcIJshbxFhbDAqoIknCJ4CsuCrYeKevm0ejq6oRH7sIG4Ay7vJg3KtuEgy0VK8Fzej5k6WxVGbvFlf0Q2gKca3ijN-R755wFO1oeN47PaM6UHqpVpB0N0o-7IChdV7UlK0EnqLVFJd0j3BnC5oIfnCtTOjkGo=]]></url>
  <title><![CDATA[3岁女童超市里被陌生女子推走，妈妈冲过去拦下！警方回应来了…]]></title>
  <content><![CDATA[人头攒动的超市宝宝的婴儿车就在眼皮底下被人推走！要不是宝宝哭喊起来妈妈竟还没发现……武汉东西湖警方调查后回应并非拐卖儿童这到底是怎么回事？3岁女孩哭叫着向妈妈示警11日下午4时许，28岁的武汉市民周女士带着3岁的女儿，前往金银潭一超市购物。周女士用婴儿车推着女儿来到3楼婴儿服装区，给女儿挑选衣服。婴儿车一直停放在身边。周女士当时正是在这里选衣购物一开始，周女士一直用手牢牢抓着婴儿车把手。后来因为要翻衣服，她的双手不知不觉松开了。女儿不吵不闹，一直在婴儿车中很安静。下午4点20分左右，周女士突然听到女儿嚎啕大哭喊“妈妈，妈妈！”她抬头一看，只见一名个子不高、身材偏胖的红衣女子，正推着载有她女儿的婴儿车，朝3楼的电梯轿厢里面推。红衣女子前面，是一名个子稍高、身材较瘦、身着米黄色衣服的女子。该女子已推着一部婴儿车进入电梯轿厢中。米黄色衣服女子正回过头来，伸手帮红衣女子将载有她女儿的婴儿车往电梯轿厢中拉，“我女儿在婴儿车中挥动着双手，哭着喊妈妈”。周女士慌忙冲到电梯轿厢门边，对着这两名陌生女子大喊：“宝宝怎么了？你们这是干什么？”周女士说，她女儿不喜欢与陌生人互动，平时一见到陌生人逗她或抱她，就会哭闹。红衣女子头也不回进电梯离开周女士回忆，这时在电梯轿厢中的米黄色衣服女子一点也不慌张，还对着红衣女子叫了一句：“你推别人的孩子干什么？”红衣女子连忙将手从婴儿车上松开，然后头也不回地进了电梯轿厢。周女士说，她当时也以为红衣女子是认错了人。见自己女儿安全回到自己手中，她并没有追上去理论。后来，她将此事告诉了正在外地出差的老公张先生。张先生让她立刻向商场保安反映此事并报警。民警接警赶到，带她调看了商场的监控录像资料。监控资料表明：米黄色衣服女子与红衣女子是一起的，她们自带的婴儿车内有无孩子，看不清楚。周女士的老公张先生认为，红衣女子推走自己的女儿，绝对是有意的：“如果她是认错了人，当我老婆追上去时，她为什么不向我老婆道个歉？为什么不给我老婆解释一下？她为什么要头也不回地走进电梯溜走？”报警时两名女子已经离开昨日上午，长江日报记者前往现场了解到，事发时，周女士将婴儿车停放在离电梯口不足10米远的地方。超市保安张先生说，事发后20多分钟，周女士才向他反映情况，他立即让周女士报警。该超市自开业以来，从未发生过类似的事情。如果周女士在事发后第一时间向保安反映情况，他们三楼的保安，完全可用对讲机通知二楼与一楼的同事去拦截那两名女子，查明事情真相。当天下午4点56分，周女士才打电话报警求助。将军路派出所民警接警后，立即赶到现场了解情况，周女士所说的那两名女子早已离开现场。警方回应：当事人高度近视昨日，针对“陌生女欲推3岁女童进电梯”一事，武汉东西湖区警方作出回应——经调查，此事件系患有高度近视的当事女子陈女士（女，68岁，家住硚口区）认错外孙女引起的一场误会。10月11日下午，陈女士与女儿周某（女，42岁，家住武汉市江岸区）携2岁外孙女到东西湖区金银潭一超市购物。陈女士接到女婿彭某开车来接其一行人回家的电话后，急于返家。此时，高度近视的陈女士碰触到身边的童车，误以为是外孙女，于是推着童车随前方女儿欲进入电梯。受到惊吓的女童大声啼哭，引起女童母亲周女士的注意。陈女士及女儿因急于下楼乘车，未作任何解释便进入电梯下楼，乘坐女婿的车辆回家。周女士报警后，武汉市公安局东西湖区分局将军路街派出所110民警迅速赶到，并出动20多名警力着手昼夜紧急寻找离开现场的陈女士及女儿等相关当事人。10月12日下午4时许，专班民警经过23小时视频追踪排查，找到陈女士及女儿，还原了事件相关情况。据了解，陈女士持有盲人证，不久前刚做了双眼白内障摘除手术。昨日下午，陈女士与女儿一起来到将军路派出所，向民警说明了情况。她们说，因当时急着出超市赶车，忘了向周女士表示歉意。给其一家带来麻烦，她们想说声“对不起”。来源:长江日报责任编辑:刘丽丽支持我们请点赞或使用评论功能↓↓↓]]></content>
  <author><![CDATA[中国经济网]]></author>
  <time>2018-10-14 07:50:08</time>
  <account><![CDATA[ourcecn]]></account>
</data>
