<data>
  <id><![CDATA[50693043]]></id>
  <url><![CDATA[https://mp.weixin.qq.com/s?timestamp=1539596456&src=3&ver=1&signature=Egrj350GoKY8-KUcIJshbxFhbDAqoIknCJ4CsuCrYeKevm0ejq6oRH7sIG4Ay7vJg3KtuEgy0VK8Fzej5k6WxTzk9FsS5sH-U7vQfrz9on*DP09PnzTKnKkoLW9fbwD0z0hkpodV9pqK-i*-3q1Nf*IhSIu-7ag8vY4XMtPRNVQ=]]></url>
  <title><![CDATA[恐怖！女子坐在阳台栏杆上自拍，从27楼摔下身亡]]></title>
  <content><![CDATA[据英国《每日邮报》网站报道，13日，一名葡萄牙女子在一栋27层的高楼上自拍，结果不慎坠楼身亡，而这个过程也被他人瞬间拍下，场面令人惊叹不已……据《太阳报》报道，事情发生在昨天，坠楼女子是葡萄牙人，坠楼地点在巴拿马。她名叫桑德拉 · 马努埃拉 · 达 · 科斯塔 · 马塞多((Sandra Manuela Da Costa Macedo))，27 岁，有两个孩子，在巴拿马当教师。视频显示，她坐在巴拿马城的一栋高楼的栏杆上自拍，结果不慎摔了下去，坠楼时她仍然紧握着自拍杆。据当地媒体报道，之前附近的建筑工人向她大喊，要她离开栏杆，但由于风太大，她似乎没有听到。悲剧发生后，巴拿马消防部门在其官方推特上发布了一条警告：“不要冒着生命危险自拍。”珍惜生命 防止意外警方正在调查这起事件，他们认为可能是一阵强风使她失去了平衡。上月发布的一项令人震惊的研究发现，当地在2011年至2017年期间，有259人在自拍时意外身亡。最常见的死亡方式是溺水、交通事故或跌摔。网友评论@慎言斋123：大多数不幸的发生都是由自己造成的。无知不是最可怕的，最可怕的是无畏！@陶航明：用生命自拍@baggio25465：no zuo no die@大漠孤鹰mm：唉，世界这么大，你怎么就走那么小的地方拍照呢全球“自拍死”人数持续上升自拍俨然成了社交互动标配，甚至有人说“自拍是种病”，但当自拍死变成一种新的死亡方式出现时，不得不让人感到担忧。美国卡内基梅隆大学一项研究报告显示，截至去年8月，全球自拍致死案例达127例。据悉，“自拍死”最常见的死因是从高处摔下，其次是溺毙。自拍致死受害者中，平均年龄为21岁，75%死者为男性。近些年，像这样的例子真的不少见！↓↓↓中国女游客泰国自拍：坠崖身亡据泰媒报道，去年7月27日11:00左右，1名中国女游客与同伴在泰国普吉卡图县卡马拉镇一豪华别墅的临海崖壁边自拍时，不慎坠入海中溺水身亡。最终救生员骑摩托艇在离海岸100米处海域找到该女游客遗体并运送回岸。据警方初步了解得知，事发地为陡峭崖壁，高10余米，站在岩石上可以看到卡马拉湾美景，该女游客32岁，中国辽宁籍，身体有多处瘀伤，之后该游客遗体被运往普吉芭东医院。中国女游客巴厘岛自拍：不幸坠崖身亡2015年12月31日，一名57岁中国女游客在印尼巴厘岛海神庙度假村区域的神庙处，从15米的悬崖坠落，头部受伤而死。目击者称当时她与丈夫在该处自拍。她的丈夫也坠落海中，被救起后送往医院救治。男子在圭峰山疑自拍不慎坠崖身亡2016年7月6日20时17分，群众拨打110报警称在广东江门圭峰山水泥山道发现男子彭某倒卧山边，神志不清。后经120到场抢救，证实男子已死亡。经警察现场勘查和法医检验，确认该男子的死因为失足坠崖致死。民警还从男子随身手机中发现，20时14分彭某最后在悬崖边上拍摄了一张风景照……19岁少女铁路边自拍 被火车撞击身亡广东佛山南海狮山莲塘村的200亩玫瑰花田，被称作“天然影棚”；紧挨着这片花田的三茂铁路，被誉为“开往玫瑰花海的列车”，常被用来作为摄影背景。然而2016年4月9日：一名少女在轨道上自拍时，没留意到后方正高速驶来的列车，最终躲避不及，命丧车轮之下。图为网友拍摄的疑似少女被撞瞬间。16岁女孩高速路上自拍 被宝马车撞当场死亡泰国一位16岁女孩高速路上自拍身亡。少女的朋友表示，当时他们一起骑着摩托车从兰实区赶回家。经过高速公路的时候，少女突然在路边停车，要求大家一起过来自拍，结果被一辆轿车撞倒。“都跟她说现在不要拍了，但她一定要，没想到意外真的发生了。”。。。除了不注意周边环境的“意外”自拍死还有一种Rooftopperrooftopper是指去高处拍摄使人头晕目眩照片的专业爱好者。他们喜欢在高楼大厦的楼顶拍摄，但很多人都没有穿戴安全设备，拍出来的风景是美，但是死神的镰刀也逼得很近。少女为自拍触电身亡2014年，17岁的俄国女孩齐妮亚爬上了将近8.5米高的铁路桥自拍，结果失去平衡跌落，半空中她试着抓住电线自救，结果触电身亡。极限运动家自拍后摔死2014年，在“急速下落”这一运动的圈内十分有名的极限运动家Gareth Jones在悉尼南边海滩的一个90米的悬崖上自拍，Gareth Jones坐在悬崖边，晃荡着双脚，自拍并上传到个人社交媒体上。这是他社交媒体更新的最后一张自拍照片，两日后，他被发现摔死在悬崖不远处的海滩上。少年玩高空自拍坠楼身亡2015年，rooftopper圈内少有名气的17岁俄国青年Andrey Retrovsky在楼顶系了一段绳子在身上，想拍一张假装他正在摔下去的照片，但意外发生了，绑着的绳子竟然松开了，他直接摔到了地面上。像这样，用生命来诠释自拍，看似很酷2015年，俄罗斯就至少有10人由于自拍而身亡，100多人因此受伤。俄罗斯政府还专门发布了一份《安全自拍指南》。△俄罗斯政府发布的《安全自拍指南》但是值得吗？！生死一线间，珍爱生命，自拍是发给别人看的，命是自己的！谨慎自拍…来源:广州日报、中国日报网、封面新闻、辽沈晚报（lswbwx）、新浪微博等责任编辑:刘丽丽支持我们请点赞或使用评论功能↓↓↓]]></content>
  <author><![CDATA[中国经济网]]></author>
  <time>2018-10-15 15:30:00</time>
  <account><![CDATA[ourcecn]]></account>
</data>
