<data>
  <id><![CDATA[50693043]]></id>
  <url><![CDATA[https://mp.weixin.qq.com/s?timestamp=1539596456&src=3&ver=1&signature=Egrj350GoKY8-KUcIJshbxFhbDAqoIknCJ4CsuCrYeKevm0ejq6oRH7sIG4Ay7vJg3KtuEgy0VK8Fzej5k6WxXOrU2l6NrTTk7sjxAWepEZDbqQLk-K7u2D3bodpqH-G-gbrQJgVqEHOxugIA--DYJy4TKKMOsS*miRnRNg72ME=]]></url>
  <title><![CDATA[微信里舍不得删的几个优质公众号|推广]]></title>
  <content><![CDATA[读书，可能不能让你站于顶峰，但会让你免于谷底。读书和不读书的人生，真的不一样。身体和灵魂，也总有一个在路上。今天，小编特意给大家推荐几个特别优质的公众号，希望你们会喜欢！拾点拾句微信号:sdsj1010简介： 所有说不出口的喜欢，都藏在每天的晚安里。每晚拾点，拾点君在这等你。▲长按二维码，识别加关注夜读微信号:yedu127简介：我是夜读君哈姐，每天晚上10：07，远离白天的喧嚣，与你一起，静享夜读时光。在我这里，你可以倾诉生活中的烦闷，感情上的苦恼及不解。我们有专门的栏目，用专业的心理学知识解答你关于情感的所有疑惑。你还可以听美文、读诗歌、聊电影、谈人生、尽情放松心情。不哗众取宠，只专心做内容。温暖你、治愈你。▲长按二维码，识别加关注钱某某微信号:qianmoumou2018简介： 钱某某以经济学，告诉读者如何选择；以法律，告诉大家如何规避风险； 以心理学，告诉人们如何生活，如何爱。她自由独立三观正：男欢女爱、世间百态，她都能一针见血，指出症结；心理问题、经济困惑、个人成长，她都能帮助你排疑解惑。快来长按二维码，关注她吧！▲长按二维码，识别加关注颜小姨微信号:niduDJ简介：颜小姨：公众号界的张雨绮，她有最犀利的文字和最走心的故事，读她就像喝酒，再乖巧的姑娘，也能引众生癫狂。如果你也是个不好欺负的女孩，就来她家坐坐吧。▲长按二维码，识别加关注冷爱微信号:lengaiweixin简介：10年经验，从男性视角、心理学的角度解读两性关系，每天免费做4个心理咨询的真人案例，一针见血分析问题，解决问题。有任何情感困惑都可以问他，陪你获得希望勇气和力量。▲长按二维码，识别加关注慈怀读书微信号:cihuairead简介：“慈怀共读”是慈怀读书会本着“因书明理，以慈怀道”的理念，面向所有爱读书的人，发起的线上共读活动。时间有限，我们只读经典。加入慈怀共读，一起读书，一起进步！▲长按二维码，识别加关注健身说微信号:jianfeiidea简介：可能是最专业的减肥公众号，想要健康、科学减肥，想要马甲线，关注健身说就对了。▲长按二维码，识别加关注支持我们请点赞或使用评论功能↓↓↓]]></content>
  <author><![CDATA[中国经济网]]></author>
  <time>2018-10-14 15:18:00</time>
  <account><![CDATA[ourcecn]]></account>
</data>
