<data>
  <id><![CDATA[50693043]]></id>
  <url><![CDATA[https://mp.weixin.qq.com/s?timestamp=1539596456&src=3&ver=1&signature=Egrj350GoKY8-KUcIJshbxFhbDAqoIknCJ4CsuCrYeKevm0ejq6oRH7sIG4Ay7vJg3KtuEgy0VK8Fzej5k6WxfWlIR7cwpcYa2RKZvUutCIRG-z4MC7Q*TgB3A-YB5EEjiyy9aiTSTM40CU5RYKVChSoqZWpMlx7jNMFi4cl2sQ=]]></url>
  <title><![CDATA[如果你没时间读书，就来看看这几个公众号|推广]]></title>
  <content><![CDATA[关注了几百个公众号无目的地看文章却如鸡肋一般食之无味弃之可惜你是否觉得时间被浪费了喜欢的东西好好使用，不必要的东西早日剔除。接下来给大家推荐一下这段时间一直在阅读的几个优秀公众号。它们每天更新有态度、有温度的原创文字，内容有保障。【关注方式 】1 - 搜索公众号ID关注2 - 长按二维码识别关注槽值微信号：caozhi163▼网易超有情调的公众号，既有痛快的吐槽，也有很深刻的分析。社会热点她会写，恋爱的事儿她会说，严肃科普她还懂。她每天中午更新，一边看她的文章一边吃饭，可以多吃两碗~推荐大家深深深深入了解一下，每天中午，一起发现生活。▲长按上方二维码识别关注每日豆瓣微信号：douban▼ “每日豆瓣”为你收集最新鲜的豆瓣热点内容，推荐豆瓣中的精彩生活，帮你发现你可能感兴趣的未知事物，它可能是一本图书、一首单曲、一个设计师品牌、一种美食、一个旅行地点。▲长按上方二维码识别关注听读馆微信号：tingduguan▼ 这一代奋斗的人的深夜人生加油站。听百味故事，读有趣人生，听读馆伴你度过孤独且有趣的时光。哪里有生活，哪里就有听读，每晚9点半，打开听读馆汲取继续前行的力量。▲长按上方二维码识别关注南方都市报ID：nddaily▼当年，南都一篇报道改变一条法案；如今，南都一个公号改变你的生活。独家现场、核心当事人、深度调查、科学鉴定、娱乐吃瓜……你所关心的，或许都能在这里得到答案。关注南方都市报微信公众号，南都君等你来撩。▲长按上方二维码识别关注有意思报告ID：youyisi_cn▼你肯定见过我们的爆款，却可能还没认识“有意思”本尊。我们是有意思报告，负责报告一切有意思！每天报告新鲜、真实、趣味，最“有意思”的生活方式。交个朋友？▲长按上方二维码识别关注世界华人周刊ID：wcweekly▼每晚8点，从世界发现中国。这里提供有广度的知识，有温度的立场，有深度的思想，给品位不凡的你。▲长按上方二维码识别关注支持我们请点赞或使用评论功能↓↓↓]]></content>
  <author><![CDATA[中国经济网]]></author>
  <time>2018-10-15 11:53:00</time>
  <account><![CDATA[ourcecn]]></account>
</data>
