<data>
  <id><![CDATA[50693043]]></id>
  <url><![CDATA[https://mp.weixin.qq.com/s?timestamp=1539596456&src=3&ver=1&signature=Egrj350GoKY8-KUcIJshbxFhbDAqoIknCJ4CsuCrYeKevm0ejq6oRH7sIG4Ay7vJg3KtuEgy0VK8Fzej5k6WxXOrU2l6NrTTk7sjxAWepEaVg3-fAjoINtYmndO155Wxlr1XGjbEngdp4aiN85gbNFHoza3ECIElJ6tTbpIeBdc=]]></url>
  <title><![CDATA[侮辱国歌，这个网红被行拘了！]]></title>
  <content><![CDATA[记者14日从上海警方获悉，虎牙直播平台一女主播杨某莉因违法行为，被上海市公安局静安分局依法处以行政拘留5日。近日，有网友举报称，虎牙直播平台主播@莉哥OvO在直播过程中，有辱国歌尊严，引发网友反感。（点击查看详情）经警方调查：10月7日晚，涉事人杨某莉（女，20岁）在住宅内进行网络直播时，违反了《中华人民共和国国歌法》有关规定，上海市公安局静安分局依法对杨某莉处以行政拘留5日。警方表示，国歌是国家的象征和标志，所有公民和组织都应当尊重国歌，维护国歌尊严。网络直播空间不是法外之地，同样要守法律，讲道德。对于挑战法律底线、违反公序良俗的行为，公安机关将坚决依法打击，切实净化网络环境。虎牙直播平台10月10日发布声明称，坚决抵制对国歌不敬的内容，并决定即日起封禁主播“莉哥”直播间，冻结主播“莉哥”直播账号，下架全部相关影像作品，对其进行整改教育。来源:人民网（ID：people_rmw） 综合新华社、@上海市公安局静安分局责任编辑:闫欢支持我们请点赞或使用评论功能↓↓↓]]></content>
  <author><![CDATA[中国经济网]]></author>
  <time>2018-10-14 15:18:00</time>
  <account><![CDATA[ourcecn]]></account>
</data>
