<data>
  <id><![CDATA[50693043]]></id>
  <url><![CDATA[https://mp.weixin.qq.com/s?timestamp=1539596456&src=3&ver=1&signature=Egrj350GoKY8-KUcIJshbxFhbDAqoIknCJ4CsuCrYeKevm0ejq6oRH7sIG4Ay7vJg3KtuEgy0VK8Fzej5k6WxV2S10ewnyQywj*6hywXnV4ynBc2938Cdf5w01pgp2TbWeyBL2syvOBT8*GkjwAXr3JKoF0b*l8s6i2tVW4bg48=]]></url>
  <title><![CDATA["恶性通胀"魅影再现？这个国家物价一天一个价，民众纷纷抢囤这些东西…]]></title>
  <content><![CDATA[近日，由于货币危机恶化，物价飞涨，津巴布韦民众开始抢购囤积生活必需品。十年前曾给该国经济造成毁灭性打击的恶性通胀似乎正卷土重来。目前，津巴布韦民众开始疯狂囤积面包、牛肉、食用油以及其他生活必需品，一些像瓶装水和啤酒这样的商品已经开始配给供应。由于物价变化太快，每天一个价，津巴布韦首都哈拉雷的一些商店已被迫停业关闭。更为严重的是，燃油以及一些重要药品也已经出现供应短缺。2009年，津巴布韦经历恶性通货膨胀，不得不弃用本国货币，转为流通美元等外币。随着经济低迷和贸易收支恶化，外币在津巴布韦出现供应短缺，津央行从2016年11月起开始发行与美元等值的债券货币，同时在境内流通，希望以此遏制外币流出并保障市场流动性。今年10月1日，津巴布韦新任财政部长穆苏利·恩库贝和津央行宣布了一系列改革措施。从10月15日起，银行将首次允许储户将美元账户和现有账户区分，民众银行账户里的资金只能进行电子转账和债券货币交易。如果民众使用电子支付，还将需支付额外2%的电子支付交易税。此举引发民众担忧与不满。津巴布韦总统姆南加古瓦表示，新税虽然令人痛苦，但这是必要的一步。经济分析人士称，此项新税实施后津巴布韦政府每年可以征收税款20亿美元。上月18日，姆南加古瓦发表讲话时表示，在国家的经济基本面改善之前，政府不会急于重新引入本国货币。姆南加古瓦表示，为解决影响进口的外汇短缺问题，政府已从多家国际金融机构获得美元信贷额度。津政府还将制定一项全面的还款计划，以尽快向世界银行和非洲开发银行等机构支付欠款。来源:央视财经（ID:cctvyscj）责任编辑:闫欢支持我们请点赞或使用评论功能↓↓↓]]></content>
  <author><![CDATA[中国经济网]]></author>
  <time>2018-10-14 18:23:00</time>
  <account><![CDATA[ourcecn]]></account>
</data>
