<data>
  <id><![CDATA[50693043]]></id>
  <url><![CDATA[https://mp.weixin.qq.com/s?timestamp=1539596456&src=3&ver=1&signature=Egrj350GoKY8-KUcIJshbxFhbDAqoIknCJ4CsuCrYeKevm0ejq6oRH7sIG4Ay7vJg3KtuEgy0VK8Fzej5k6WxT65*jhCbPs-bhI1owoi1ONlG3itDC3psk945TnAg*Q*h2v8SUK5n07ltKmVeaPZ8YaftRlRm6yb0hw16yQ0BRA=]]></url>
  <title><![CDATA[“将来孩子和你一样可悲”家长没批改作业，老师在群里点名批评！]]></title>
  <content><![CDATA[千奇百怪的家庭作业，逢年过节各种手工，让本来头上就顶着“N座大山”的家长苦不堪言，万万没想到，现在连作业也要家长批改了！10月11日，网曝江西吉安井冈山经开区学校几名家长，因未批改作业被老师在家长群里点名批评：“昨晚赚了几百万？”“你这样将来你的孩子和你一样可悲！”根据曝光的聊天记录，老师的意思是，学生作业应该先由家长批改，之后再交给老师检查。为什么要家长批改，因为“只有批改了才有效果，批改了我们才知道孩子那里没有掌握，这样才能更好的教学。”作业要家长批改，不会还要被老师在群里点名冷嘲热讽，爆料人发问：你们所作所为对得起你的三尺讲台吗？爆料人称，被老师点名的亲戚中有一位就是自己的家人，看着挺生气的，但不敢直接去学习反映，为了小孩子没办法必须得忍，家长也不敢去提意见，担心孩子被报复。曾有家长跟老师反映过这个问题，结果被老师怼了回来，“你要觉得我这样教得不好的话，那么你就带着你孩子转学。”爆料人认为应该由老师来批改作业，家长只是辅助性地去监督孩子完成作业，否则家长文化程度不是很高的孩子，难道就不要学习了吗？例如，被老师其中点名的人中就有留守儿童的家长，老师认为家长对孩子不负责，但爆料人却很能理解该家长的难处。她担心，既然老师在群里公然说出“你孩子以后像你一样可悲”这种话，那是不是会在孩子面前说“你以后像你爸妈一样没出息”这样的话呢？真正让爆料人决定网络曝光的也是这个原因。井冈山经开区学校校长证实，老师让家长批改作业一事属实，并就老师的不当言行向家长道歉。但校方称，批改的目的是为了督促孩子完成作业，老师还会进行二次批改。来源:扬子晚报、观察者网 （ID：guanchacn）责任编辑:闫欢支持我们请点赞或使用评论功能↓↓↓]]></content>
  <author><![CDATA[中国经济网]]></author>
  <time>2018-10-15 07:54:14</time>
  <account><![CDATA[ourcecn]]></account>
</data>
