<data>
  <id><![CDATA[50693043]]></id>
  <url><![CDATA[https://mp.weixin.qq.com/s?timestamp=1539596456&src=3&ver=1&signature=Egrj350GoKY8-KUcIJshbxFhbDAqoIknCJ4CsuCrYeKevm0ejq6oRH7sIG4Ay7vJg3KtuEgy0VK8Fzej5k6WxT65*jhCbPs-bhI1owoi1ONP7cKnZNc8TL*WsHxh61T70ZxQybnCVHyzjTkJEh*h3E8R39NOUdTdX5C2y09CWqw=]]></url>
  <title><![CDATA[周末重磅！刘士余、易纲罕见发声！这几句话信息量超大！]]></title>
  <content><![CDATA[周日（10月14日），证监会主席刘士余到营业部召开投资者座谈会，听取投资者对资本市场改革发展稳定的意见建议。在市场低迷之时召开主席和投资者面对面的座谈会，既表现了监管层对市场和投资者的重视，也体现了在关键时刻稳定市场、提振信心的意图。同日，央行行长易纲指出，中国的利率水平是合适的，中国在货币政策工具方面还有相当的空间。此前一天，他还表示中国将继续实施稳健货币政策，深化汇率市场化改革。证监会召开投资者座谈会座谈会上，刘士余的表态主要包括了：1、证监会历来高度重视来自市场一线的声音，今天投资者提出的意见建议对于丰富完善资本市场深化改革开放一揽子方案很有价值。2、证监会将始终以习近平新时代中国特色社会主义思想为指导，学深悟透党的十九大精神，坚决贯彻落实党中央、国务院的决策部署，坚持市场化、法治化、国际化的方向不动摇，持续推进资本市场深化改革、全面开放，成熟一项，推出一项。3、真正把党中央关于经济金融工作的“六稳”要求落实到位，把资本市场改革开放的各项措施、依法全面从严的监管措施同稳信心、提振信心有机结合。4、牢牢坚持“两个毫不动摇”，从制度和工具等多方面加强创新，有效支持民营企业发展。5、我国股市有上亿中小投资者，这是中国特色。证监会将始终肩负起保护投资者特别是中小投资者合法权益的使命，努力营造公开公平公正、清澈透明的资本市场生态。央行：货币政策工具仍有空间中国人民银行行长易纲在2018年G30国际银行业研讨会，就经济增速、货币政策、杠杆水平、人民币国际化等问题发表了看法：1、当前中国经济增长稳定，预计今年能够实现6.5%的目标，也可能略高。中国经济增长已主要由国内需求推动，消费和服务业成为主要驱动因素，对外盈余不断缩小。2、今年人民银行已经4次下调了存款准备金率，有人担心我们是否在放松银根。我的回答是：中国的货币政策保持稳健中性。3、我们在货币政策工具方面还有相当的空间，包括利率、准备金率以及货币条件等。考虑到美联储正在加息，中国的利率水平是合适的。我们的上述工具足以应对不确定性。4、我们向金融体系注入的流动性是适当的，杠杆水平将继续保持稳定，请注意我这里指的是稳定的杠杆率。5、关于人民币国际化，我认为这应当是一个市场驱动的进程。我们不会出台特殊的政策来推动人民币国际化。来源:央视财经责任编辑:刘丽丽支持我们请点赞或使用评论功能↓↓↓]]></content>
  <author><![CDATA[中国经济网]]></author>
  <time>2018-10-15 07:54:14</time>
  <account><![CDATA[ourcecn]]></account>
</data>
