<data>
  <id><![CDATA[50693043]]></id>
  <url><![CDATA[https://mp.weixin.qq.com/s?timestamp=1539596456&src=3&ver=1&signature=Egrj350GoKY8-KUcIJshbxFhbDAqoIknCJ4CsuCrYeKevm0ejq6oRH7sIG4Ay7vJg3KtuEgy0VK8Fzej5k6WxS2ylRj*EvIi1bcIbBz2FOQyJrdKvlnV5kPjAi9LjxaP*poQuJYnELLckYxWh0nJx8BnmsXJOXw4T7qBVhiucOc=]]></url>
  <title><![CDATA[证监会释放大利好！允许上市公司部分配套融资补充流动资金、偿还债务]]></title>
  <content><![CDATA[10月12日，证监会上市公司监管部发布《关于上市公司发行股份购买资产同时募集配套资金的相关问题与解答(2018年修订)》，募集配套资金可用于补充上市公司和标的资产流动资金、偿还债务，但用于补充公司流动资金、偿还债务的比例不应超过交易作价的25%；或者不超过募集配套资金总额的50%。中国证券监督管理委员会官网截图其中最具重磅意义的一条修订是：募集配套资金可部分用于补充上市公司和标的资产流动资金、偿还债务。募集配套资金的用途有何要求？考虑到募集资金的配套性，所募资金可以用于支付本次并购交易中的现金对价，支付本次并购交易税费、人员安置费用等并购整合费用和投入标的资产在建项目建设，也可以用于补充上市公司和标的资产流动资金、偿还债务。募集配套资金用于补充公司流动资金、偿还债务的比例不应超过交易作价的25%；或者不超过募集配套资金总额的50%。在过去的问答中，证监会明确表示，“募集配套资金不能用于补充上市公司和标的资产流动资金、偿还债务。”除此之外，此次问答修订也对其他相关问题进行了一些修改和完善。1、“拟购买资产交易价格”怎么计算？2016年版本：拟购买资产交易价格”指本次交易中以发行股份方式购买资产的交易价格，但不包括交易对方在本次交易停牌前六个月内及停牌期间以现金增资入股标的资产部分对应的交易价格。2018年修订版：拟购买资产交易价格”指本次交易中以发行股份方式购买资产的交易价格，不包括交易对方在本次交易停牌前六个月内及停牌期间以现金增资入股标的资产部分对应的交易价格，但上市公司董事会首次就重大资产重组作出决议前该等现金增资部分已设定明确、合理资金用途的除外。2、上市公司控股股东、实际控制人及其一致行动人通过认购募集配套资金或取得标的资产权益巩固控制权的，有何监管要求？2016年版本：在认定是否构成《上市公司重大资产重组办法》第十三条规定的交易情形时，上市公司控股股东、实际控制人及其一致行动人拟认购募集配套资金的，相应股份在认定控制权是否变更时剔除计算。2018年修订版：在认定是否构成《上市公司重大资产重组办法》第十三条规定的交易情形时，上市公司控股股东、实际控制人及其一致行动人拟认购募集配套资金的，相应股份在认定控制权是否变更时剔除计算，但已就认购股份所需资金和所得股份锁定作出切实、可行安排，能够确保按期、足额认购且取得股份后不会出现变相转让等情形的除外。2016年版本：上市公司控股股东、实际控制人及其一致行动人在本次交易停牌前六个月内及停牌期间取得标的资产权益的，以该部分权益认购的上市公司股份，按前述计算方法予以剔除。2018年修订版：上市公司控股股东、实际控制人及其一致行动人在本次交易停牌前六个月内及停牌期间取得标的资产权益的，以该部分权益认购的上市公司股份，相应股份在认定控制权是否变更时剔除计算，但上市公司董事会首次就重大资产重组作出决议前，前述主体已通过足额缴纳出资、足额支付对价获得标的资产权益的除外。独立财务顾问应就前述主体是否按期、足额认购配套募集资金相应股份，取得股份后是否变相转让，取得标的资产权益后有无抽逃出资等开展专项核查。3、如何确定特定对象“持续拥有权益时间”的起算时点？根据《上市公司重大资产重组管理办法》第四十六条，“特定对象取得本次发行的股份时，对其用于认购股份的资产持续拥有权益的时间不足12个月”的，特定对象以资产认购而取得的上市公司股份，自股份发行结束之日起36个月内不得转让。上市公司发行股份购买的标的资产为公司股权时，“持续拥有权益的时间”自公司登记机关就特定对象持股办理完毕相关登记手续之日起算。特定对象足额缴纳出资晚于相关登记手续办理完毕之日的，自其足额缴纳出资之日起算。来源:中国证券监督管理委员会、中国证券报、每日经济新闻、中国基金报责任编辑:刘丽丽支持我们请点赞或使用评论功能↓↓↓]]></content>
  <author><![CDATA[中国经济网]]></author>
  <time>2018-10-13 18:20:15</time>
  <account><![CDATA[ourcecn]]></account>
</data>
