<data>
  <id><![CDATA[50693043]]></id>
  <url><![CDATA[https://mp.weixin.qq.com/s?timestamp=1539596456&src=3&ver=1&signature=Egrj350GoKY8-KUcIJshbxFhbDAqoIknCJ4CsuCrYeKevm0ejq6oRH7sIG4Ay7vJg3KtuEgy0VK8Fzej5k6WxS2ylRj*EvIi1bcIbBz2FORKtBuMVM9b*lrh41QsPCaW0ffqu-Qs-mHm*4EL*L8wakwTso65-G2Jz0odgwOkElo=]]></url>
  <title><![CDATA[男朋友疯狂追捧我爸的诗！哈哈哈哈为结婚可以说不择手段了…]]></title>
  <content><![CDATA[最近，微博网友@脱单作业簿发了一组微信聊天截图哈哈哈哈简直要笑死↓↓↓上一次带男友回家吃饭我爸对他评价一般结果为了顺利结婚看看他都做了什么神仙操作……以下截图均来自 @脱单作业簿名为“馒头”的男朋友进群之后对准岳父进行了不分青红皂白的疯狂追捧除了家庭群，朋友圈也不能落下最终的结果——………………看完忍不住想对小伙子说一声佩服佩服什么是爱？这才是爱！评论纷纷表示：得亏李白死的早，不然诗仙名难保网友：他真的超努力了@啊啊啊啊不开鑫：自古舔狗出人才，内涵佳句张口来，若非生在新时代，定能回唐虐李白@東艋：唐朝若是有网友，唐诗何止三百首？@阿不拉不：这男生真的很想娶她啊@黛色月Yee：他真的为了女朋友超努力了@他姓白叫展堂：都让他加家里的群了 应该也是真想嫁的@0123睡懒觉的猫熊：对啊，这才是重点，好幸福啊，这一对是不是每一位爸爸都有一个诗人梦？评论里还有不少网友晒出了自家老爸的诗作↓↓↓画风也是非常正能量了@Grimmmmmz：我爸也是，有事没事打油诗，堂哥堂姐都捧场，年夜饭也是朋友圈对诗@Bramble苏子：和我爸爸一起工作的表叔（很亲的那种，两家人吃饭都一起吃）天天在朋友圈晒打油诗，比如“猕猴桃下来养鸡，采摘蔬果我和你，清晨不知露水重，沾满裤脚沾满衣”我表姐她们“叔真有才”我@可是再难也要坚持啊：我爸，我告诉他我的白菜发芽了，过会儿给我发了一首诗过来@易只烊克里斯马Max：我爸👉，为劝诫在外务工的我编的绕口令@庄2y：大家让一让@肉咕的胖姨母：太真实了@SsssssIKUN：是不是老爸们都这样我爸朋友圈都是诗词，去到哪旅游都要作诗，懒得自己拍就在网上下载图片，但作诗写词绝不含糊@就随便起了一个：我爸，我要能遗传他五分之一就行了@木兆念个桃儿mu：太真实了，我爸是现代诗，发完我妈还会提醒我要给我爸点赞，并且要快，不能打击我爸的诗兴回头想想对生活有一份浓浓的热爱又能随心随性地抒发出来也是很棒棒了最后忍不住再问一句：@宋大乱：我想知道妈妈说了什么来源:辽沈晚报（ID:lswbwx）综合@脱单作业簿责任编辑:闫欢支持我们请点赞或使用评论功能↓↓↓]]></content>
  <author><![CDATA[中国经济网]]></author>
  <time>2018-10-13 18:20:15</time>
  <account><![CDATA[ourcecn]]></account>
</data>
