<data>
  <id><![CDATA[51280288]]></id>
  <url><![CDATA[https://mp.weixin.qq.com/s?timestamp=1539596441&src=3&ver=1&signature=Egrj350GoKY8-KUcIJshby6WtdXwxLTuiSjwsp2VsUhXFO4lO1OJLoNdnC5pBUXHNcUKzcHDHfPV7dzNENl1lZnGwb6BT8taCdM7yoWBba4gDKJcQGw78tiCZGo7ZjrLgWRDj3xeMIqP4nmyz6wJ4KqiVUvlVqe-Js*lC9URg0Q=]]></url>
  <title><![CDATA[智能绿色储粮！衡阳粮食仓储启动绿色智能化改造]]></title>
  <content><![CDATA[如今已经过了秋分，正值粮食收购的时节。↓↓↓者走访衡阳市区各大粮库和粮食加工企业发现，近年来，通过不断引进先进的储粮技术，推进粮食仓储基础设施改造和粮库智能化信息化升级改造，大力推广科技储粮新技术，衡阳市粮食仓储即将迈入“智能储粮、绿色储粮”的新时代。近日，记者走访我市绿色智能化粮食仓储标杆粮食企业——湖南角山米业有限责任公司。据该公司办公室负责人邱燕燕介绍，今年粮食收购工作启动以来，到目前已收购6万多吨粮食。根据区域特点，因仓制宜，采取国际先进的无线电子测温系统，极大提高了储粮管理的科技含量，实现了恒温恒湿、绿色储粮，粮食损耗率降至考核标准内，工作量只有传统储粮管理的10%。整个粮食库区全面实现Wi—Fi覆盖，方便了公司各类信息化业务使用。每栋仓库拥有一个二维码，通过扫码随时了解掌握该栋仓内的实时粮情。公司粮食管理团队拥有十多年以上丰富的粮食保管经验，80%以上取得中级粮油保管员资质，持证上岗，确保粮食安全管理。▲粮食企业对仓库实施基础设施改造和粮库智能化信息化升级改造公司在粮食收购上采用自主研发的可视系统，实现了所有业务标准化、电子化、智能化、流程化管理。每到收购时节，公司每天稻谷采购量最高达到6000吨以上，平均90秒办结一笔送粮业务，稻谷采购实现了自动判质定价，是湖南省营运效率最高的粮食园区之一。衡阳茅坪湖南省粮食储备库建于上世纪50年代，占地面积39亩，共有15栋仓库，储存粮食3万吨。“今年5月，衡阳茅坪湖南省粮食储备库安装智能化测控、智能化监控信息管理系统，目前进入试运行阶段。智能化测控、智能化监控信息管理系统的好处在于，通过在手机上下载系统APP，让工作人员随时了解储粮状况的变化。”衡阳茅坪湖南省粮食储备库副主任尹培剑向记者介绍，粮库的作业机械化程度较之以前大大提高， 使人力成本降低，效率提高。记者从衡阳市商务和粮食局获悉，截至目前，全市纳入统计范围的粮食企业有149家，近年来，我市一批国有及民营企业，抓住中央财政对建仓项目的扶持的政策机遇，新建了一大批粮食仓储项目，启动绿色智能化改造，提高了收储能力。据统计，从2013年至今，衡阳市共有14家企业争取了中央财政对建仓项目的扶持，新增仓容约80万吨。同时，新建仓库采用机械通风、环流熏蒸、谷物冷却、粮情测控“四合一技术”，既改善了储粮设施，减少了收储成本，减轻财政负担，也保障了粮食质量安全。来源：衡阳日报编辑：范一鸣   责编：敖文景   三审：李辉军▓ 版权声明 如涉及版权问题，请与我们联系予以删除微信推送太少下个新衡阳APP更及时了解衡阳长按下载解锁更多精彩内容中国衡阳新闻网微信号 : E0734COM新浪微博：@中国衡阳新闻网]]></content>
  <author><![CDATA[衡阳新闻网]]></author>
  <time>2018-10-13 12:03:42</time>
  <account><![CDATA[E0734COM]]></account>
</data>
