<data>
  <id><![CDATA[51280288]]></id>
  <url><![CDATA[https://mp.weixin.qq.com/s?timestamp=1539596441&src=3&ver=1&signature=Egrj350GoKY8-KUcIJshby6WtdXwxLTuiSjwsp2VsUhXFO4lO1OJLoNdnC5pBUXHNcUKzcHDHfPV7dzNENl1lefs5aCuepefwN7DZnnTwt-OLikgA1bhfdvzaDAfWvq1m5e8LxEFC-Wiqm-6WzqQ9IDKXVs4Xqr3DtWCqhw*yMk=]]></url>
  <title><![CDATA[惊险！岳屏公园云水湖一电动游船沉没，两女子安全脱险！]]></title>
  <content><![CDATA[国庆长假期间岳屏公园上演惊魂一刻两名女子乘船游湖游船突然沉没湖底在同行好友帮助下最后安全脱险“一艘游船没沉湖底咋迟迟不见打捞上岸？”连日来，有游客反映称，岳屏公园云水湖一游船沉入湖内，所幸未造成人员伤亡，担心游船在湖水中浸泡时间长了，对云水湖水环境会造成影响，存在安全隐患。▲岳屏公园云水湖10月10日上午，在云水湖湖心岛的东南侧水域，记者发现了一艘黄色的游船没沉在湖底，水面上仅露出游船的顶篷。好端端的游船缘何会沉没呢？▲游船大部分没入水中，仅露出顶篷。游船娱乐项目值守人员李大伯回忆称，10月5日下午3时左右，一艘编号为9的电动游船在行驶至湖心岛周边水域时，船尾螺旋桨撞击岛边木桩，船底受损，船体渗水遇险，船上两名女乘客，在同来游玩的好友帮助下，安全脱险，游船缓缓沉没湖底。10月10日上午11时半，一艘电动游船行经湖心岛周边水域时，突遇险情，动弹不得，游船经营人员立即乘船前往施救，有惊无险，乘客安全上岸。▲岳屏公园云水湖全景“湖里的水草缠住了螺旋桨，令游船无法前行。”游船经营部有关负责人介绍说，沉船内有电瓶及电机等设备，此番沉船事故造成的经济损失达数千元，待沉船打捞上岸之后，再进行维修。“由于沉船深陷湖底淤泥内，采取船舶牵引等多种办法，沉船依然纹丝未动。”岳屏公园管理处有关负责人表示，下一步，园方将设法抽水干湖，将沉船打捞上岸，彻底消除安全隐患。来源：综合掌上衡阳客户端编辑：赵福中   责编：敖文景   三审：李辉军▓ 版权声明 如涉及版权问题，请与我们联系予以删除微信推送太少下个新衡阳APP更及时了解衡阳长按下载解锁更多精彩内容中国衡阳新闻网微信号 : E0734COM新浪微博：@中国衡阳新闻网]]></content>
  <author><![CDATA[衡阳新闻网]]></author>
  <time>2018-10-11 11:53:34</time>
  <account><![CDATA[E0734COM]]></account>
</data>
