<data>
  <id><![CDATA[51280288]]></id>
  <url><![CDATA[https://mp.weixin.qq.com/s?timestamp=1539596441&src=3&ver=1&signature=Egrj350GoKY8-KUcIJshby6WtdXwxLTuiSjwsp2VsUhXFO4lO1OJLoNdnC5pBUXHNcUKzcHDHfPV7dzNENl1lZ3gzU6uZ3kIQuRYDHYiiwyZHRiT*ZC7r7mCTzA-pNp2YjNSr1NY3QYSMkFGm4Ah36DgzIv*pStKWCV5aDVsllw=]]></url>
  <title><![CDATA[光明立交桥封闭一年多了为何还不通车？真正的原因在这....]]></title>
  <content><![CDATA[近日市民刘女士向记者报料称光明立交桥从去年4月就封桥维修了当时公告说施工维修期为三个月结果至今一年多还未完工由于过往车辆需要绕行给苗圃地区居民的出行带来极大不便她询问该大桥什么时候能通车？记者在现场看到，光明立交桥两端都设置了围挡， 仅供行人和摩托车、自行车通行。记者向市住建局市政管理科反映了这一情况。据市住建局市政管理科回复，2017年3月，该局巡査人员发现光明立交桥第三联主梁横向位移约9cm，7号墩支座被破坏，伸缩缝扩大至13cm；主梁横移还造成了人行楼梯被挤压变形，存在极大的安全隐患。为消除安全隐患，住建部门立即对该桥实施交通封闭，并委托湖南省建设工程治理检测中心和中国华西工程设计建设有限公司对桥梁进行了特殊检测和加固设计。2017年10月，市发改委告知该局，光明立交桥是衡阳市轨道交通一号线（高铁站——新大桥）的必经之路，拟拆除光明立交桥，在原址新建人行天桥，并预留轨道交通条件。因衡阳市轨道交通线网规划已获得批复，轨道交通建设规划也已上报省发改委和省住建厅初审，将待衡阳市轨道交通规划获得批复后，再在该路段规划建设，以免重复建设造成浪费。未来一段时间通行状况仍保持现状，由此给市民带来的通行不便，敬请谅解。相关链接：最新！衡阳市城市轨道交通线网近期建设规划，1号线年底开工！来源：掌上衡阳客户端编辑：李佳玲   责编：敖文景    三审：李辉军▓ 版权声明 如涉及版权问题，请与我们联系予以删除微信推送太少下个新衡阳APP更及时了解衡阳长按下载解锁更多精彩内容中国衡阳新闻网微信号 : E0734COM新浪微博：@中国衡阳新闻网]]></content>
  <author><![CDATA[衡阳新闻网]]></author>
  <time>2018-10-12 11:50:00</time>
  <account><![CDATA[E0734COM]]></account>
</data>
