<data>
  <id><![CDATA[51280288]]></id>
  <url><![CDATA[https://mp.weixin.qq.com/s?timestamp=1539596441&src=3&ver=1&signature=Egrj350GoKY8-KUcIJshby6WtdXwxLTuiSjwsp2VsUhXFO4lO1OJLoNdnC5pBUXHNcUKzcHDHfPV7dzNENl1lZnGwb6BT8taCdM7yoWBba4Se3YqmEVvbT8zlmqxQSiZIq8V2IB5X1BqCN-F9EvLH2obxxeUvjlMCmEicdaweQ0=]]></url>
  <title><![CDATA[买房不成租房压力渐大！衡阳房租较去年同期上涨，原因是……]]></title>
  <content><![CDATA[随着房价不断上涨，买房对于许多年轻人来说，已经是一个奢侈的梦想。根据当下的房价与工资水平，于是租房成为年轻人的主要居住方式。然而，在房价暴涨超出购买能力之后，房租也启动了上涨模式。凌芳在市高新区租了一套一室一厅一卫的公寓房。她说，去年签合同时定下的价格是1000元/月，今年9月续签时，房东要求每月涨200元。“随着衡阳物价逐年呈上涨趋势，房东说房租也跟着涨价了。”凌芳无奈地说。在雁峰区一家文化传媒公司上班的杨莉去年对外出租了一套约50平方米的公寓房，当时价格是1200元/月，近期参考周边房屋的租金，上调到了1600元/月。记者从我市一家房屋租赁网站查询发现，高新区某小区60平方米左右的两居室，去年4月初成交的月租为1000元。而从历史数据来看，近几月，该小区两居室的租金一直在涨，从2017年12月至2018年9月，月租均价分别为1100元、1200元、1300元和1600元左右。据58安居客房产研究院发布的报告显示，全国多地租房市场3月份出现明显升温。▲租房中介记者从衡阳市住房和城乡建设局及各大房产中介获悉，随着北上广深等各大城市房租涨势不断蔓延，衡阳今年房屋租金出现微涨的趋势。据粗略统计，与去年同期相比上涨约10%。据多家地产中介负责人介绍，在高新开发区的房子租金较容易上涨，因为该区环境优美，交通便利，这是租房者相对较多的区域。其次，石鼓区、雁峰区、珠晖区等商业集中的区域也成了租房者的首选，来此地打工或做生意的外来者愿意租住在这些区域，因此也是租金上涨相对快的区域。2018年以来出现的衡阳房租上涨现象受多重因素影响。“当下租赁市场的最主要因素在于外来人口增多，供需结构紧张。”市住房和城乡建设局住保科科长刘乾一说，衡阳相对于这些一二线城市来说，人口流动量相对少些，消费能力低些，因此租金的上涨幅度没有这些城市那么大。“还有一点，当前二手房市场上的交易开始升温，潜在房源也会变少，这时也会引起租赁价格的上升。”刘乾一说。来源：衡阳日报编辑：范一鸣   责编：敖文景   三审：李辉军▓ 版权声明 如涉及版权问题，请与我们联系予以删除微信推送太少下个新衡阳APP更及时了解衡阳长按下载解锁更多精彩内容中国衡阳新闻网微信号 : E0734COM新浪微博：@中国衡阳新闻网]]></content>
  <author><![CDATA[衡阳新闻网]]></author>
  <time>2018-10-13 12:03:42</time>
  <account><![CDATA[E0734COM]]></account>
</data>
