<data>
  <id><![CDATA[51280288]]></id>
  <url><![CDATA[https://mp.weixin.qq.com/s?timestamp=1539596441&src=3&ver=1&signature=Egrj350GoKY8-KUcIJshby6WtdXwxLTuiSjwsp2VsUhXFO4lO1OJLoNdnC5pBUXHNcUKzcHDHfPV7dzNENl1lc14UryqwQOdtN*GRm5tyH*aHqv78chGnldoEMVzl*4emRHR4Dz7YW0FRfAXyFeGa9DYSWQtTxwqLOsYmtopaIc=]]></url>
  <title><![CDATA[湖南省委扫黑除恶第一督导组进驻衡阳，深入开展督导检查工作！]]></title>
  <content><![CDATA[10月11日，由省纪委省监委副厅级纪检监察专员李良勇任组长的省委扫黑除恶第一督导组，深入衡阳市督导检查扫黑除恶专项斗争，并于当天下午听取了衡阳市扫黑除恶工作情况汇报。李良勇出席会议并就督导工作提出具体要求。衡阳市委书记郑建新汇报工作情况。市委副书记、市长邓群策主持会议并作表态发言。李良勇指出，开展扫黑除恶专项斗争，是以习近平同志为核心的党中央作出的一项重大决策部署，要充分认识督导的重大意义，进一步提高政治站位。坚持问题导向、法治思维、标本兼治，严格责任追究，用好督导成果，将督导作为深入推进扫黑除恶专项斗争的重要抓手，以督导推进重点难点问题的解决，推进扫黑除恶专项斗争向纵深发展。李良勇强调，此次督导为期8天，针对“六个围绕”，主要采取听汇报、个别谈话、查阅案卷、资料，核实线索和问卷调查等方式开展督查。衡阳市各级各部门要积极配合督导，坚持边督边改，以工作实效回应群众期待。要层层压实责任，确保打深、打透、除恶务尽，确保“扫黑”与“打伞”同步进行。要加大宣传力度，把握正确的舆论导向，引导广大人民群众参与和支持扫黑除恶专项斗争。要进一步落实综合治理责任，加快构建共建、共治、共享的现代基层治理新格局。郑建新从衡阳市前段扫黑除恶专项斗争的开展情况，工作存在的短板以及涉黑涉恶犯罪的特点和成因分析等方面全面汇报了衡阳扫黑除恶专项斗争情况。近年来，衡阳市始终把扫黑除恶作为一项重大政治任务来抓，始终保持了扫黑除恶高压态势，全市扫黑除恶工作取得了阶段性成效，扫黑除恶战果位居全省前列，社会治安状况持续向好。郑建新表示，衡阳将进一步提高思想认识，提升政治站位；进一步强化工作措施，扩大打击战果；进一步加强制度建设，建立长效机制；进一步加强队伍建设，配齐配强专业力量，推动全市扫黑除恶专项斗争不断取得新成效。邓群策表示，衡阳将进一步提升政治站位，以更高的政治自觉抓好全市扫黑除恶专项斗争；进一步强化工作措施，全力推动衡阳扫黑除恶专项斗争向纵深发展；进一步压实政治责任，确保扫黑除恶专项斗争取得更大成效，不断增强人民群众获得感、幸福感、安全感。督导组副组长向朝阳，市领导刘丽华、邓柯、胡志文、刘孙承出席汇报会。关于湖南省扫黑除恶专项斗争第一督导组进驻衡阳市的公告根据全省统一部署，省扫黑除恶专项斗争第一督导组于2018年10月11日起进驻衡阳市，开展为期8天的扫黑除恶专项督导。这次督导的主要任务是：全面贯彻落实党中央、国务院和省委、省政府关于开展扫黑除恶专项斗争的决策部署，进一步压实政治责任、回应人民群众期待、破解重点难点问题，摸清当地扫黑除恶专项斗争开展情况，找出存在的问题，切实推动扫黑除恶专项斗争纵深发展。督导组主要采取听取汇报、查阅台账、调研座谈、个别谈话和现场抽查、暗访等方式开展工作，着力发现问题、推动解决问题、压实工作责任。对重点案件、已掌握的线索和问题突出的地方、领域进行重点督导。为便于广大群众反映情况，督导组在衡阳市督导期间，设立举报电话：0734—8208688、8208689(开通时间为8:00-20:00)；举报电子邮箱hnshceddz1@163.com ；通信地址：衡阳市蒸水大道28号，邮政编码 421001，省扫黑除恶专项斗争第一督导组收。同时，在衡阳市扫黑除恶领导小组办公室设置了举报箱(位于湖南省衡阳市华新开发区芙蓉路6号衡阳市人民检察院)。根据省委、省政府关于本次扫黑除恶督导工作的要求和督导工作职责，督导组主要受理涉黑涉恶违法犯罪相关问题线索的举报，不属于扫黑除恶督导工作受理范围的信访问题，按规定由被督导地区和有关部门处理。特此公告。湖南省扫黑除恶专项斗争第一督导组2018年10月11日记者：程聪编辑：钟文婷     责编：敖文景    三审：李辉军▓ 版权所有  转载请注明来源，分享朋友圈请随意微信推送太少下个新衡阳APP更及时了解衡阳长按下载解锁更多精彩内容中国衡阳新闻网微信号 : E0734COM新浪微博：@中国衡阳新闻网]]></content>
  <author><![CDATA[衡阳新闻网]]></author>
  <time>2018-10-12 20:59:34</time>
  <account><![CDATA[E0734COM]]></account>
</data>
