<data>
  <id><![CDATA[51280288]]></id>
  <url><![CDATA[https://mp.weixin.qq.com/s?timestamp=1539596441&src=3&ver=1&signature=Egrj350GoKY8-KUcIJshby6WtdXwxLTuiSjwsp2VsUhXFO4lO1OJLoNdnC5pBUXHNcUKzcHDHfPV7dzNENl1lZnGwb6BT8taCdM7yoWBba4z5LFxnkCe*J3dqgWRksdv3G9CQhDHJL1lrZlLZMnMTWJgoPrT3iZF0lFyi2ziIAg=]]></url>
  <title><![CDATA[衡南江口鸟洲迎来首批冬候鸟！10月下旬将是最佳观鸟季]]></title>
  <content><![CDATA[天气寒凉，秋花秋景，秋意撩人，能敏锐感知秋天味道的，还有冬候鸟。↓↓↓▲结伴翱翔的白鹭近日，1000余只冬候鸟顺着冷空气飞到了衡南江口鸟洲，“首发阵容”中的“排头兵"斑嘴鸭来了，这也就意味着，冬候鸟的“大部队”即将陆续赶来“安营扎寨”。冬候鸟“首发阵容”中，斑嘴鸭数量最多，达200余只，在冬候鸟中占了绝对优势，与斑嘴鸭一道迁飞而来的，还有绿头鸭，鸬鹚及苍鹭也前来报到“打卡”了。有了成批冬候鸟的加入，江口鸟洲的秋天生机勃勃，景致迷人。▲振翅高飞的候鸟衡南江口鸟洲自然保护区管理所有关负责人介绍说，今秋首拨冬候鸟踏着节拍，准点飞抵，紧随之后的还有灰头麦鸡、灰椋鸟及燕雀等“大部队”，这些候鸟均有着各自的“专属领地"。比如，斑嘴鸭喜欢在耒水两岸裸露沙滩及湿地草丛中扎堆觅食栖息；200余只留守的小白鹭则集群驻扎在张家洲朴树树梢上；苍鹭结伴在草滩或耒河河面上飞来飞去，在滩涂或卵石堆上歇息；首拨 “先头部队”冬候鸟数量约1000余只，10月底之前，冬候鸟“大部队”将迁飞而至，冬候鸟集群早出晚归，通常清晨6时出巢，下午6时归窝，10月下旬是观鸟的黄金季。▲翩翩起舞的鸬鹚“这些美丽的小精灵大部分来自东三省，也有一部分自内蒙古及新疆迁飞而至。”专家提醒市民和游客，不要惊扰这些远道而来的客人，想观鸟，最好用上望远镜。来源：掌上衡阳客户端编辑：范一鸣   责编：敖文景   三审：李辉军▓ 版权声明 如涉及版权问题，请与我们联系予以删除微信推送太少下个新衡阳APP更及时了解衡阳长按下载解锁更多精彩内容中国衡阳新闻网微信号 : E0734COM新浪微博：@中国衡阳新闻网]]></content>
  <author><![CDATA[衡阳新闻网]]></author>
  <time>2018-10-13 12:03:42</time>
  <account><![CDATA[E0734COM]]></account>
</data>
