<data>
  <id><![CDATA[51280288]]></id>
  <url><![CDATA[https://mp.weixin.qq.com/s?timestamp=1539596441&src=3&ver=1&signature=Egrj350GoKY8-KUcIJshby6WtdXwxLTuiSjwsp2VsUhXFO4lO1OJLoNdnC5pBUXHNcUKzcHDHfPV7dzNENl1lZ3gzU6uZ3kIQuRYDHYiiwzgzb-qOZXghJB*jhRI-tRWgwGKpHyAPiRFc5O2NE8BkajxLa3Pb0JfxrwFx-a1QVg=]]></url>
  <title><![CDATA[太“熊”了！衡阳一熊孩子玩火，引起大火烧毁汽车]]></title>
  <content><![CDATA[近日衡阳一小区内一辆汽车突然起火由于火势过猛很快汽车就被烧毁了同时火势还造成旁边的汽车遭殃了这是什么原因引起的呢？据目击者称起火原因是一小孩玩火所致谈起“熊孩子”，总是会让人格外的头疼。熊孩子之所以成为熊孩子和家长的溺爱与推脱有关，想要治好熊孩子，不仅需要外在因素的刺激，更关键的在于家长乘面的努力。下面四个小方法，教你孩子不再“熊”。1、 树立规矩对于孩子我们应该从小就给他树立一些规矩，不能对孩子进行过渡的放养。2、 以身作则父母在日常生活的言行举止都会影响到孩子，孩子会下意识学习父母的一切。家长的素质，决定了孩子的气质。3、 不为熊孩子的错误找借口孩子做了错事，首先做的应该是教会他们怎样去承担责任、改正错误，而不是为他们找借口来逃避责任。4、不过度溺爱教育孩子不是一味的纵容包庇而是教他学会明辨是非，让孩子有骨气也不是让他变得骄纵蛮横有恃无恐。来源：北京卫视见习编辑：张声翱    责编：敖文景  三审：李辉军▓ 版权声明 如涉及版权问题，请与我们联系予以删除微信推送太少下个新衡阳APP更及时了解衡阳长按下载解锁更多精彩内容中国衡阳新闻网微信号 : E0734COM新浪微博：@中国衡阳新闻网]]></content>
  <author><![CDATA[衡阳新闻网]]></author>
  <time>2018-10-12 11:50:00</time>
  <account><![CDATA[E0734COM]]></account>
</data>
