<data>
  <id><![CDATA[51280288]]></id>
  <url><![CDATA[https://mp.weixin.qq.com/s?timestamp=1539596441&src=3&ver=1&signature=Egrj350GoKY8-KUcIJshby6WtdXwxLTuiSjwsp2VsUhXFO4lO1OJLoNdnC5pBUXHNcUKzcHDHfPV7dzNENl1lebQhNqGlM5ESKadF1DWjD2IujQuL7tvrmSaFoQxOtYVby-OlQgbfcBANPI3eiJJpWkCGXNSsLOWuRvRjPgcKgk=]]></url>
  <title><![CDATA[湖南这个司机厉害了！驾照的初次领证日期竟是21987年......]]></title>
  <content><![CDATA[众所周知，驾驶机动车必须取得相应准驾车型的机动车驾驶证。但有些人出于好奇、谋利或是其他目的，试图使用伪造的机动车驾驶证开车上路。但这种“小聪明”往往“偷鸡不成蚀把米”。近日，湖南高速交警就查获了两起使用伪造机动车驾驶证的违法行为。这两张伪造的驾驶证真是让人哭笑不得。9月23日，永州市南风坳入省检查点，池某驾驶牌照为湘M6CY33的黑色小车从广东返回湖南。民警对其证件进行检查，拿起驾驶证一看......嚯，好家伙！初次领证日期：21987年21987年？莫非这是一本来自20000年后的驾驶证穿越时空隧道降临来到21世纪？经询，池某称因时逢节假日，平时代其开车的司机放假回家了，他便拿着这本20000年后的“驾驶证”开车上高速试图蒙混过关。事件结果：池某因无证驾驶和使用伪造的机动车驾驶证，两项合并被处以罚款4500元，并处15日以内行政拘留。9月15日，一男子驾驶粤AP5167重型半挂牵引车在京港澳高速雨花收费站因涉嫌准驾不符和使用伪造的机动车驾驶证被民警抓获。该男子出示的驾驶证↓↓初次领证日期：12004年12004年？！！民警进一步核查，发现该男子原名钟某，其真实准驾车型实为B2。钟某称自己只持有B2驾驶证，又想驾驶重型半挂牵引车，就买了一个假证，谁知第一次被查就露馅了。事件结果：钟某因准驾不符和使用伪造的机动车驾驶证，两项合并被处以罚款6000元，并处15日以内行政拘留，同时驾驶证记24分并降级。法律解读：《中华人民共和国道路交通安全法》第九十六条第一款规定：伪造、变造或者使用伪造、变造的机动车登记证书、号牌、行驶证、驾驶证的，由公安机关交通管理部门予以收缴，扣留该机动车，处十五日以下拘留，并处二千元以上五千元以下罚款；构成犯罪的，依法追究刑事责任。来源：湖南交通频道综合湖南高速警察编辑：刘佩    责编：敖文景    三审：李辉军▓ 版权声明 如涉及版权问题，请与我们联系予以删除微信推送太少下个新衡阳APP更及时了解衡阳长按下载解锁更多精彩内容中国衡阳新闻网微信号 : E0734COM新浪微博：@中国衡阳新闻网]]></content>
  <author><![CDATA[衡阳新闻网]]></author>
  <time>2018-10-14 21:00:37</time>
  <account><![CDATA[E0734COM]]></account>
</data>
