<data>
  <id><![CDATA[51280288]]></id>
  <url><![CDATA[https://mp.weixin.qq.com/s?timestamp=1539596441&src=3&ver=1&signature=Egrj350GoKY8-KUcIJshby6WtdXwxLTuiSjwsp2VsUhXFO4lO1OJLoNdnC5pBUXHNcUKzcHDHfPV7dzNENl1ld3xd*pfJHF1wBiMSddsH1D2eBopnuVm9K28GigeY1tVG2KE9K5n8Sp6PAFRrY5bRQQG12p05Xc4nH4cOmOPF9Q=]]></url>
  <title><![CDATA[衡阳白沙洲一搅拌车侧翻压扁小轿车，车内两人被及时救出…]]></title>
  <content><![CDATA[10月11日上午8点50分左右，衡阳市雁峰区白沙洲工业大道金叶小区附近发生一起交通事故，一辆混凝土搅拌车发生侧翻，直接压倒在一辆红色吉利小车身上，将小车压成了一块废铁，造成两人轻伤。￼上午9点30分，记者赶到现场看到，交警和医人员已经在现场，出事地点拉起了警戒线，而重型特殊结构货车重重砸在红色小车车身，导致小车严重变形，搅拌车内的水泥浆也流到路面上。￼据目击者称，当时红色小车从辅道左转弯时，搅拌车想避让但是速度太快就发生侧翻，还好后小车后排没有人坐。目前，事故原因交警部门在进一步调查取证。不幸中的万幸！还好小轿车里的两人均无大碍作为建筑施工常见的混凝土搅拌车大家对它都不陌生因为它体型庞大在路上奔跑车速快所造成的交通事故也非常多甚至还曾入选“十大马路杀手”前三名故此新闻妹奉劝混凝土搅拌车驾驶员们在操作驾驶时应该注意“文明行车，谨慎驾驶”这样才能减少和避免事故的发生记者：唐家华编辑：钟文婷    责编：敖文景    三审：李辉军▓ 版权所有   转载请注明来源，分享朋友圈请随意微信推送太少下个新衡阳APP更及时了解衡阳长按下载解锁更多精彩内容中国衡阳新闻网微信号 : E0734COM新浪微博：@中国衡阳新闻网]]></content>
  <author><![CDATA[衡阳新闻网]]></author>
  <time>2018-10-11 21:02:43</time>
  <account><![CDATA[E0734COM]]></account>
</data>
