<data>
  <id><![CDATA[51280288]]></id>
  <url><![CDATA[https://mp.weixin.qq.com/s?timestamp=1539596441&src=3&ver=1&signature=Egrj350GoKY8-KUcIJshby6WtdXwxLTuiSjwsp2VsUhXFO4lO1OJLoNdnC5pBUXHNcUKzcHDHfPV7dzNENl1lefs5aCuepefwN7DZnnTwt9drLRg3xYxRVCdpVnW3fnlP-NeHkUzLiIjZhBYUzp0G5aYLjSljaHxZ1VaymfRcFc=]]></url>
  <title><![CDATA[衡阳人别再吃了，现已大量流入市场，快告诉家里人！]]></title>
  <content><![CDATA[同样是洗藕为什么我们洗不出商贩们的效果呢？带着这个疑问记者展开了深入调查点击视频，了解真相看完视频新闻妹还有些后怕快告诉家人买菜时注意分辨！来源：湖南卫视见习编辑：张声翱    责编：敖文景  三审：李辉军▓ 版权声明 如涉及版权问题，请与我们联系予以删除微信推送太少下个新衡阳APP更及时了解衡阳长按下载解锁更多精彩内容中国衡阳新闻网微信号 : E0734COM新浪微博：@中国衡阳新闻网]]></content>
  <author><![CDATA[衡阳新闻网]]></author>
  <time>2018-10-11 11:53:34</time>
  <account><![CDATA[E0734COM]]></account>
</data>
