<data>
  <id><![CDATA[51280288]]></id>
  <url><![CDATA[https://mp.weixin.qq.com/s?timestamp=1539596441&src=3&ver=1&signature=Egrj350GoKY8-KUcIJshby6WtdXwxLTuiSjwsp2VsUhXFO4lO1OJLoNdnC5pBUXHNcUKzcHDHfPV7dzNENl1lWRdgGjZwVldhvqjGHE05xab2vMosx88H1Xu2bbTYQEAfiTkAyULOLIrkhrc3Ythve4Yu7zg*HBJLOKp4zH*llE=]]></url>
  <title><![CDATA[一辆满载酒瓶货车在高速上起火，玻璃碎片飞溅，衡阳消防奋力扑救......]]></title>
  <content><![CDATA[近日，京港澳高速1736段衡阳往广州方向，一辆满载货物的大货车在行驶途中突然起火，所幸当地消防及时赶到扑灭火灾，没有人员伤亡。10月12日早上6点40分，衡阳耒阳消防中队接警后迅速出动救援力量赶至现场救援。在事故现场，只见一辆粤籍牌照的大货车停在路边，车上装载的全部为空酒瓶，每层均用木板隔开。起火部位为车辆右后侧的轮胎，火势已蔓延至车身，正在猛烈燃烧，滚滚的浓烟不断往上冲，车上空酒瓶被烧得噼啪作响，玻璃碎片不断向四周飞溅。了解现场情况后，指挥员立即下令出两只枪对着火部位进行压制和防止蔓延。经过约十五分钟的奋力扑救，大火被彻底扑灭。大车驾驶技巧大车方向盘稍沉偏大，且档位间隙小，较开小车操作更复杂，强度更大，掌握相关的大货车驾驶技巧很有必要。下面就针对常见的大车驾驶技巧做简要介绍。大车驾驶技巧一起步时离合器、油门、手刹配合要准确，特别是松手刹时机。上坡起步离合节点多稳一下，油门稍大一点，但大车优点是一档起步比小车动力大，起步更容易。大车驾驶技巧二换挡要及时，不能拖档，特别是上坡提前减档保证储备动力。另外换挡要用两脚离合器，减档加空油。下坡挂低速档，切忌空挡滑行。大车驾驶技巧三转弯要根据弯道情况提前转向，对急弯要适当取角度，充分考虑内轮差，即转大弯，连续弯道情况许可时，尽量切明弯，减小离心力影响。大车驾驶技巧四加档时，起步后，车进入正常行驶路线时，立即踩踏加速踏板，将车速迅速提高到比此档高一个档位的低速范围内，在离合器抬起后加油时，发动机和车辆不抖动就正合适，如果发动机和车辆出现抖动现象，说明提速偏低，应将车速再提高一些。大车驾驶技巧五如果车辆出现后坐现象，说明提速偏高，应少提些，这时，迅速将变速杆换入高一档位，然后再提速，用同样方法，将变速杆逐级换入最高档位。大车驾驶技巧六减档时，如果发现前面有障碍物，若当车辆临近凸凹路时，车速还快，这时可使用制动器进一步将车速减至过凸凹路时，车辆不出现大的颠簸为止。在使用制动器进一步减速的过程中，如果车辆即将出现抖动时，可踏下离合器踏板，减速后，车速降到几档范围的低端，就将变速杆换入几档。 大车惯性大，车身长，占据空间位臵大，方向盘大且反应较小车慢，档位多(六个以上)且档位间隙小，操作起来比较复杂，需要掌握相关大车驾驶技巧。来源：衡阳消防编辑：刘佩    责编：敖文景    三审：李辉军▓ 版权声明 如涉及版权问题，请与我们联系予以删除微信推送太少下个新衡阳APP更及时了解衡阳长按下载解锁更多精彩内容中国衡阳新闻网微信号 : E0734COM新浪微博：@中国衡阳新闻网]]></content>
  <author><![CDATA[衡阳新闻网]]></author>
  <time>2018-10-14 11:46:41</time>
  <account><![CDATA[E0734COM]]></account>
</data>
