<data>
  <id><![CDATA[51280288]]></id>
  <url><![CDATA[https://mp.weixin.qq.com/s?timestamp=1539596441&src=3&ver=1&signature=Egrj350GoKY8-KUcIJshby6WtdXwxLTuiSjwsp2VsUhXFO4lO1OJLoNdnC5pBUXHNcUKzcHDHfPV7dzNENl1lWPs05FwZ7qFa2wqHPb3KDAEilG4nXLKSvj6KycCWMvQAFlKr2e6Gr3ORAPOzW4A8fOJ4VmyHTH5-oZ5D9K1fmc=]]></url>
  <title><![CDATA[衡阳高三男生人工耳蜗丢失恐耽误学业，急寻捡走的小孩！]]></title>
  <content><![CDATA[10月12日18时35分，高三男生小周在岳屏公园门口肯德基不慎遗失一个人工耳蜗。现经该肯德基监控查证到人，为一位小孩所捡，图为该小孩的家长和哥哥。↓↓↓▲监控查到的捡到耳蜗孩子的家长与哥哥目前还无法与拾到人工耳蜗的小孩及其亲属取得联系，下图为该遗失人工耳蜗的型号与外形。▲遗失人工耳蜗的型号与外形爱的力量是伟大的。为了不耽误这个高三孩子的学业，让其尽快听到世界的声音。请大家转发该信息，让拾到人工耳蜗的人，能联系到孩子的家人。联系电话 ：13707347111来源：掌上衡阳客户端编辑：范一鸣   责编：敖文景   三审：李辉军▓ 版权声明 如涉及版权问题，请与我们联系予以删除微信推送太少下个新衡阳APP更及时了解衡阳长按下载解锁更多精彩内容中国衡阳新闻网微信号 : E0734COM新浪微博：@中国衡阳新闻网]]></content>
  <author><![CDATA[衡阳新闻网]]></author>
  <time>2018-10-13 21:00:00</time>
  <account><![CDATA[E0734COM]]></account>
</data>
