<data>
  <id><![CDATA[51280288]]></id>
  <url><![CDATA[https://mp.weixin.qq.com/s?timestamp=1539596441&src=3&ver=1&signature=Egrj350GoKY8-KUcIJshby6WtdXwxLTuiSjwsp2VsUhXFO4lO1OJLoNdnC5pBUXHNcUKzcHDHfPV7dzNENl1lWPs05FwZ7qFa2wqHPb3KDCVCiAJII*clpBMtVrtDHLWtrUlItolnaXbp-x69gwE-Ke7OagWQtjq5*wYB7NjCh0=]]></url>
  <title><![CDATA[湖南前9月开建超22万套棚改房！为年度计划的78.78%]]></title>
  <content><![CDATA[12日，记者从湖南省住房和城乡建设厅获悉，截至9月底，全省各类棚户区改造开工建设225309套，为年度计划的78.78%，基本建成192085套，完成直接投资1022.23亿元。↓↓↓下达任务286000套其实，早在今年年初，国家就下达我省今年各类棚户区改造住房286000套的任务。截至9月底，邵阳市、长沙市、常德市3市开工进展较快，湘潭县、衡山县、邵东县、绥宁县、宜章县、汝城县、麻阳苗族自治县、新晃侗族自治县、靖州苗族侗族自治县、湘西经开区10个县（区）实现了全面开工。“今年年初，省住房和城乡建设厅通过早部署、早安排、早督导，切实抓好棚改这一重大民生工程。同时，创新性地推广‘两轮征询’制度（第一轮为改造意愿征询、第二轮为签约征询）充分体现‘以人为本’理念。”湖南省住房和城乡建设厅相关负责人介绍。总投资额有所减少此外，针对形势变化，省住房和城乡建设厅还在确保棚改任务总量不变的情况下，允许各市州进行结构调整，减轻政府支出压力。如，减少“拆旧建新”规模，有效推行改（扩、翻）建工程，减少户均投资80%左右。对今年难以实施且尚未启动的棚改项目，用2019年至2020年度成熟的项目进行替换，有效实现资金平衡。据了解，各市州共调整了35700套棚改建设方式，总投资额在原有基础上有所减少。“下一步，各地将积极推进项目建设，确保全面完成年度目标任务。”湖南省住房和城乡建设厅相关负责人表示。来源：三湘都市报编辑：范一鸣   责编：敖文景   三审：李辉军▓ 版权声明 如涉及版权问题，请与我们联系予以删除微信推送太少下个新衡阳APP更及时了解衡阳长按下载解锁更多精彩内容中国衡阳新闻网微信号 : E0734COM新浪微博：@中国衡阳新闻网]]></content>
  <author><![CDATA[衡阳新闻网]]></author>
  <time>2018-10-13 21:00:00</time>
  <account><![CDATA[E0734COM]]></account>
</data>
