<data>
  <id><![CDATA[51280288]]></id>
  <url><![CDATA[https://mp.weixin.qq.com/s?timestamp=1539596441&src=3&ver=1&signature=Egrj350GoKY8-KUcIJshby6WtdXwxLTuiSjwsp2VsUhXFO4lO1OJLoNdnC5pBUXHNcUKzcHDHfPV7dzNENl1lefs5aCuepefwN7DZnnTwt8tliJjG5phEHRLEfW39S3bktJyDld8nWEpS-t2*xcfY7TnIfX3VLRf0Rzqfo9w64w=]]></url>
  <title><![CDATA[今早气温降至14℃，未来持续偏低！衡阳小伙伴该计划穿秋裤了…]]></title>
  <content><![CDATA[长假早已过去好几天，已经上班上学的你还好吗？是不是从内到外都拔凉拔凉的？2018年掰着指头数也就只剩80多天了最近的一次放假就是元旦了然而比心更拔凉的是未来几天衡阳的天气！下面新闻妹要给您一个暴击！明天的气温还是有点冷！今天早晨最低气温已降到14℃左右！！这些天的衡阳，经历了多场冷空气，让我们一下子感受到了秋天的寒意，也把我们拉入了更加萧瑟的晚秋。未来几天的最低气温，让人看着就有点冷，这让新闻妹不得不提醒大家：可以计划把秋裤找出来穿上了！说起穿秋裤，其实在气象上也曾经做过一个数据参考值，穿不穿秋裤以10℃为标准，也就是一天中的最低气温低于10℃时，就可以穿秋裤了。而按照民间说法，北方地区一般过了中秋节就可以穿上薄秋裤了；南方进入寒露节气以后，昼夜温差变大，秋裤也可以考虑穿起来了。特别提醒一降温，感冒人群就会明显增多，小小感冒，可千万别乱对付，有位18岁姑娘，就因吃错药丢了性命！同服两种感冒药，18岁女孩不幸身亡广东一18岁女孩同吃两种感冒药后离奇死亡，据报道，女孩服用的罗红霉素缓释胶囊与复方甲氧那明胶囊会致人茶碱中毒 。温馨提示：许多感冒药、退烧药和止痛药中都有扑热息痛（请仔细阅读说明书）。如果同时使用两种感冒药，或同时吃退烧药和止痛药，造成扑热息痛摄入过量，会造成急性肝损伤，严重会引起肝衰竭甚至死亡。“蜂蜜+感冒药”也不要一起吃！温馨提示：感冒药如泰诺、快克、感立克、感冒清等都含有对乙酰氨基酚，遇到蜂蜜会形成一种复合物，减弱退烧作用。同理，凡是含蜂蜜的中成药，如止咳糖浆、川贝枇杷膏等都不宜和上述感冒药同服。别不把降温当回事，天冷了，就该保护好自己！下面来点实际的↓↓↓秋季养生 这5个部位要保暖1、头部：诸阳之会头为诸阳之会，如果保护不好，阳气受损。秋季尤其不宜晨起洗头，否则易受风寒。老人、心脑血管病患者、偏头痛人群，早晚出门最好戴帽子。2、颈部：血管颇多颈部血管受冷，不利于脑部供血，还易引起有肺部症状的感冒。而且长期伏案工作的白领们，肩颈会有劳损，再不注意保暖，很容易雪上加霜，酸痛加剧。感觉肩颈凉的人可以出门给自己围个围脖。3、腹部：脏器众多腹部有很多重要经脉如脾胃经、肝肾经穿过，任冲督三脉起于腹腔内。有胃病史的人受寒易胃疼，经期女性受寒易痛经等。而肚脐眼部分又称神阙穴，是人体的长寿大穴，需要保护好。 老人和孩子，有胃病、宫寒的女性来说，不妨贴身穿一件背心，出门时也可以穿一件坎肩或者马夹，护住腰腹部。4、关节：风湿性关节炎关节应格外注意，若在阴冷、潮湿的天气着裙装，腿部会出现发凉麻木、酸痛不适等症状，久而久之会引起慢性风湿性关节炎。 若是膝关节觉得冷，可以加一个护膝，或者将双手搓热覆在关节上。5、脚踝：距心脏最远“白露身不露，寒露脚不露。”脚是全身最怕冷的部位，如果脚部受寒，则血液流动瘀滞，全身血液供应将出现不足，脏器功能继而受损。常热水泡脚，可暖全身，防止痛经等寒病的发生，晚上不妨穿双薄袜入睡。总之，天气冷了有女朋友的抱女朋友有男朋友的抱男朋友没对象的，请抱紧保温杯！新闻妹最后提醒您！别忘了放枸杞！来源：综合网络整理见习编辑：范一鸣   责编：敖文景   三审：李辉军▓ 版权声明 如涉及版权问题，请与我们联系予以删除微信推送太少下个新衡阳APP更及时了解衡阳长按下载解锁更多精彩内容中国衡阳新闻网微信号 : E0734COM新浪微博：@中国衡阳新闻网]]></content>
  <author><![CDATA[衡阳新闻网]]></author>
  <time>2018-10-11 11:53:34</time>
  <account><![CDATA[E0734COM]]></account>
</data>
