<data>
  <id><![CDATA[51280288]]></id>
  <url><![CDATA[https://mp.weixin.qq.com/s?timestamp=1539596441&src=3&ver=1&signature=Egrj350GoKY8-KUcIJshby6WtdXwxLTuiSjwsp2VsUhXFO4lO1OJLoNdnC5pBUXHNcUKzcHDHfPV7dzNENl1ld3xd*pfJHF1wBiMSddsH1DgYP0ObrAMirvxisZ7KA6sJKvjkOCtvuFVoocW3*ZZlhLPz9JZxNH7qAtGnzp9JBs=]]></url>
  <title><![CDATA[湖南将为烈属、军属和退役军人等家庭悬挂光荣牌]]></title>
  <content><![CDATA[明年五一前为所有军人家庭悬挂光荣牌光荣牌虽小，分量却很重传承拥军优属的光荣传统提升军人的尊崇感和荣誉感就在这些看似小小的仪式感中为共和国流血流汗，守卫千家万户军人，就是最可爱的人！相关阅读国务院办公厅印发文件：为烈属、军属和退役军人等家庭悬挂光荣牌！来源：湖南省政府门户网站编辑：钟文婷    责编：敖文景    三审：李辉军▓ 版权声明 如涉及版权问题，请与我们联系予以删除微信推送太少下个新衡阳APP更及时了解衡阳长按下载解锁更多精彩内容中国衡阳新闻网微信号 : E0734COM新浪微博：@中国衡阳新闻网]]></content>
  <author><![CDATA[衡阳新闻网]]></author>
  <time>2018-10-11 21:02:43</time>
  <account><![CDATA[E0734COM]]></account>
</data>
