<data>
  <id><![CDATA[51280288]]></id>
  <url><![CDATA[https://mp.weixin.qq.com/s?timestamp=1539596441&src=3&ver=1&signature=Egrj350GoKY8-KUcIJshby6WtdXwxLTuiSjwsp2VsUhXFO4lO1OJLoNdnC5pBUXHNcUKzcHDHfPV7dzNENl1leh63YETGvuGcPaw4FTCLwxyqdP2BZ5sePBfCW6lJfKxxO4KVSeQH2tCKJqL7dp9OgvbCJySsCseq*GTxYD1TDE=]]></url>
  <title><![CDATA[速来围观！衡阳幸福河、酃湖公园、雁栖湖、松梅湖最新整治进度！]]></title>
  <content><![CDATA[为推进“一湖四水”水环境治理优化建设生态优美新衡阳衡阳市开展了黑臭水体整治工作据衡阳市住建局最新消息目前衡阳城区4处黑臭水体整治工作均取得不错的进度~一起来看看吧~幸福河幸福河，又名“冬瓜河”，发源于蒸湘区雨母乡和衡南县车江铁市，始建于20世纪60年代末、70年代初，全长17．9公里。幸福河改造项目特色：“一轴、两带、五节点”，打造14公里长的“金腰带”。2014年9月，幸福河改造项目正式施工，全长14公里，起于蒸湘区联合街道杨柳村，止于雁峰区铜桥港湘江入江口，总投资约7亿元，按照“一轴、两带、五节点”的串珠式景观布局。目前黑臭水体整治情况：幸福河已完成70%。松梅湖松梅湖流域位于湘江以西、五一路以东、北三环以南、源湘路以北，全长2.1公里，最宽处180米，最窄处35米，水深1.5—2.0米，总占地约3200亩。松梅湖改造项目特色：根据来雁新城“一心五区”功能规划，经过水体治理和生态修复后的松梅湖将参照杭州西溪等湿地开发模式，建设松梅湖湿地公园。打造集湿地观光、休闲游览、运动健身、人文展示于一体的城市生态休闲湿地花廊商住区。同时还将规划慢行系统，设计自行车骑行线路，形成环路，并与机动车道完全分离，充分连接湿地旅游区和生活区域，满足城市公共活动的需求。目前黑臭水体整治情况：松梅湖已完成30%。酃湖公园酃湖公园东临酃白路和蒋酃路，南临清泉路，西临西酃路，北临衡州大道，一期总投资20亿元，占地面积2465.84亩，以酃县遗址文化、酃湖水文化及酃酒文化为特色内涵，形成了“一湖两带，四个中心广场，六个主题区域”整体结构。是湖南省水面面积最大的集吃、住、游、购、娱为一体的大型综合性公园和具有综合服务功能的风景度假区。目前黑臭水体整治情况：酃湖公园底泥已完成，目前正在进行招投标。酃湖公园将设沙滩浴场、儿童乐园、游乐场、福彩娱乐岛、百米喷水柱、花港观鱼、名人广场、湖湘文化会馆等景观区，五星级度假酒店，秦汉、唐宋、明清等建筑风格街区、世界特色风格街区，美食街、娱乐街、商业步行街、土特产街、艺术品街等景区。雁栖湖公园雁栖湖公园位于石鼓区东方红渔场和团结村所在地，西临蔡伦大道（107国道），东北临规划道路，南侧临蒸水北路，通过雁栖大桥与市中心联系。设内容初步定人工湖1000亩、园林绿化800亩。公园规划总面积约388000㎡，其中水域面积约15300㎡，陆地约372700㎡，划分入口广场区、健身游戏区、荷塘月色景区、候雁雕塑区、临波花榭景区、儿童游乐区、特色植物园区、阳光草坪区、雁湖落影区、休闲垂钓区10个主题景区，将“雁”和“水”文化融入景观，同时保证公园与周边石鼓公园、蒸水河风光带等的有机联系，突出“蓝天”、“碧水”、“花园”等主题；各景区通过环湖景观路紧密关联，视线通透、互为背景。目前黑臭水体整治情况：雁栖湖公园水体治理工程正在进行EPC招投标。整治黑臭水体是衡阳市创建国家生态园林城市的一部分2017年衡阳已完成了7个整治项目整治完成水域面积300.6亩今年计划完成城区4个黑臭水体整治工作建设生态优美新衡阳提升人民群众幸福感来源：衡阳市住房和城乡建设局官网、住在衡阳编辑：钟文婷    责编：敖文景    三审：李辉军▓ 版权声明 如涉及版权问题，请与我们联系予以删除微信推送太少下个新衡阳APP更及时了解衡阳长按下载解锁更多精彩内容中国衡阳新闻网微信号 : E0734COM新浪微博：@中国衡阳新闻网]]></content>
  <author><![CDATA[衡阳新闻网]]></author>
  <time>2018-10-10 21:02:09</time>
  <account><![CDATA[E0734COM]]></account>
</data>
