<data>
  <id><![CDATA[51280288]]></id>
  <url><![CDATA[https://mp.weixin.qq.com/s?timestamp=1539596441&src=3&ver=1&signature=Egrj350GoKY8-KUcIJshby6WtdXwxLTuiSjwsp2VsUhXFO4lO1OJLoNdnC5pBUXHNcUKzcHDHfPV7dzNENl1leh63YETGvuGcPaw4FTCLwyfITbVnQOlZYzxJmLqrLCAF3EzFbtEKtAw9ZEPZ6fK1RbgPgdLu6B4FKHllPmPbRk=]]></url>
  <title><![CDATA[衡阳市通报四起违反中央八项规定精神、涉赌典型案例，5人受处分…]]></title>
  <content><![CDATA[10月8日，衡阳市通报了四起违反中央八项规定精神、涉赌典型案例，事涉一区两县，5人受处分。1雁峰区纪委监委通报了2起党员涉赌典型案例。一、岳屏镇兴隆村党支部委员会党员龙教平涉赌案。2018年5月，岳屏镇在对辖区内不合格党员进行排查时，发现兴隆村支部委员会党员龙教平曾因参与赌博被衡阳市公安局直属分局给予行政处罚。2018年7月，龙教平受到党内警告处分。二、岳屏镇兴隆村党支部委员会党员龙湘平涉赌案。2018年5月，岳屏镇在对辖区内不合格党员进行排查时，发现兴隆村支部委员会党员龙湘平曾因参与赌博被衡阳市公安局直属分局给予行政处罚。2018年7月，龙湘平受到党内警告处分。2衡南县纪委监委通报1起违反中央八项规定精神典型案例。云集镇中心学校云集片区督学李显顺、校长陈少华等人违反中央八项规定精神问题。2012年至2014年11月，李显顺在担任云集镇中心学校校长期间，违规公款购买高档烟酒共计13万元，用于迎接上级检查和工作协调。2018年4月，李显顺受到党内严重警告处分。2014年底至2015年底，云集镇中心学校校长陈少华违规公款购买高档烟酒51816元，用于各种检查接待和工作协调。2017年6月28日，陈少华违规参加与学校工作有关联的湖南云鼎教育培训有限责任公司开业庆典，并以单位名义送礼花和花篮等礼品，共计开支1100元。2018年4月，陈少华受到党内严重警告处分。3衡阳县通报了1起违反中央八项规定精神问题典型案例。衡阳县西渡镇纪委查处了英南村党总支书记黄华平违规发放津补贴问题的案件。黄华平任英南村党总支书记、第十届村民选举委员会主任期间，利用职务便利，在2013年英南村团结、养和、龙老屋、龙新屋、木陂等组征地迁坟工作中，擅自使用征地迁坟资金向参与征地迁坟工作的8名村干部发放2013年3月至12月的加班误工补助费40000元；后黄华平等8名村干部又从镇财政领取了2013年9月至2014年1月的加班误工补助费20000元；共计发放加班误工补助费60000元。违规重复发放2013年9月至12月的加班误工补助费16000元。黄华平作为村党总支书记对此负有直接责任。2018年7月18日，黄华平受到党内严重警告处分。来源：衡阳反腐网编辑：赵福中    责编：敖文景    三审：李辉军▓ 版权声明 如涉及版权问题，请与我们联系予以删除微信推送太少下个新衡阳APP更及时了解衡阳长按下载解锁更多精彩内容中国衡阳新闻网微信号 : E0734COM新浪微博：@中国衡阳新闻网]]></content>
  <author><![CDATA[衡阳新闻网]]></author>
  <time>2018-10-10 21:02:09</time>
  <account><![CDATA[E0734COM]]></account>
</data>
