<data>
  <id><![CDATA[51280288]]></id>
  <url><![CDATA[https://mp.weixin.qq.com/s?timestamp=1539596441&src=3&ver=1&signature=Egrj350GoKY8-KUcIJshby6WtdXwxLTuiSjwsp2VsUhXFO4lO1OJLoNdnC5pBUXHNcUKzcHDHfPV7dzNENl1ld3xd*pfJHF1wBiMSddsH1BAylUCUke2sLBREQx2qxIWtqsEIpURO9hWHlVi19bWA7*l-qdP03hWqWcP5hTCx-0=]]></url>
  <title><![CDATA[符合条件纳入低保、免费人工耳蜗植入手术....衡阳残疾人将迎来一系列好消息！]]></title>
  <content><![CDATA[截止2018年4月湖南省168万持证残疾人中有建档立卡残疾人51万已脱贫28.8万，未脱贫22.2万残疾人贫困程度深、致贫原因复杂、脱贫难度大是打赢全省脱贫攻坚战的难中之难、坚中之坚...近日，省残联会同省教育厅....省扶贫开发办公室出台了《湖南省着力解决因残致贫家庭突出困难的工作措施》(以下简称《措施》)，针对因残致贫家庭和深度贫困残疾人脱贫攻坚的突出困难和问题，将符合条件的残疾人全部纳入低保，落实残疾人医疗、教育、住房以及社会救助，重度残疾人基本医疗和基本养老保险代缴，残疾人两项补贴的提标和落实，为16岁以上有照料护理需求的重度残疾人提供照护和托养服务，未入学适龄残疾儿童义务教育，贫困残疾人家庭助学，因残致贫家庭享受资产收益等方面，采取更加有力、更加精准、更有成效的扶持政策措施，确保贫困残疾人如期实现脱贫。《措施》强化了对贫困残疾人的兜底保障措施，要求将完全或部分丧失劳动能力、无法依靠产业扶持和就业帮助脱贫的贫困人口纳入低保范围，实现“应保尽保”。生活困难、靠家庭供养且无法单独立户的成年无业重度残疾人，经个人申请，可按单人户纳入最低生活保障范围。对自筹资金和投工投劳能力极弱的深度贫困残疾人家庭实施住房兜底保障，到2019年基本完成农村贫困残疾人家庭存量危房改造任务。县市区人民政府要为参加城乡居民养老保险的重度残疾人代缴最低缴费档次的保险费，对其他缴费困难残疾人给予部分补助;对重度残疾人参加城乡居民基本医疗保险给予全额补助，对其他残疾人按照规定给予补助。《措施》进一步明确提出要逐步解决成年精神、智力和重度肢体等残疾人的长期照料养护问题。要求将建档立卡贫困残疾人中16岁以上有长期照料护理需求的重度残疾人，符合特困人员认定条件的，纳入特困人员救助供养，给予其基本生活保障和日常照料。不符合特困人员救助供养条件但有长期照料需求的重度残疾人，要通过政府补贴、购买服务、设置公益性岗位等综合措施，为他们提供集中养护或日间照料、邻里照护等服务，改善其基本公共服务状况和生活质量，释放家庭劳动力。这有望破解当前制约贫困残疾人家庭脱贫解困最大难题。《措施》进一步明确要求解决贫困家庭未入学适龄残疾儿童义务教育问题。要求按照“全覆盖、零拒绝”要求，通过特殊教育学校就读、普通学校随班就读、儿童福利机构(含未成年人救助保护机构)特教班就读、送教上门等多种形式，落实一人一案，逐一做好未入学适龄残疾儿童少年教育安置，并全部纳入中小学生学籍管理。要求加大教育资助力度，对学前教育阶段符合条件的困难残疾幼儿发放入园补助;对义务教育阶段的残疾学生实行免学杂费、免教科书费、免住宿费，补助生活费、补助学习用品费、补助交通费的“三免三补”政策。对高中教育阶段的建档立卡残疾人家庭学生和非建档立卡家庭经济困难的残疾学生免除学杂费、免费发放教科书、免费发放教辅教材，统一按照最高档次标准发放国家助学金(现阶段为3000元/学年)。在此基础上，额外给予特困学生每学年不少于2000元的生活补助;对在湖南省中等职业教育学校(含技工学校)就读的残疾学生，全部纳入国家助学金和免学费范围。接受高等教育残疾人大学生优先享受国家助学金、助学贷款等资助政策。残联系统对残疾人专科学生、本科学生和研究生分别给予4000元、5000元、6000元的一次性资助，对贫困残疾人家庭大学生子女不分学历层次均给予3000元的一次性资助。《措施》进一步明确要通过多种方式手段，增加贫困残疾人家庭收益。要求各地制定、实施的产业扶贫、光伏扶贫、文化扶贫、乡村旅游扶贫等脱贫政策。年均对不少于5000名建档立卡贫困残疾人和残疾人家庭成员，开展实用技术培训，扶持发展生产，确保农村贫困残疾人家庭至少参与一项养殖、种植、设施农业等增收项目。按人均10000元的标准，每年至少扶持1000名贫困残疾人自主创业。每年安排不少于300万的贴息资金，扶持不少于1000名贫困残疾人创业或者转移就业。今年6月省残联和省卫生计生委发布《关于做好残疾人精准康复服务行动听力残疾儿童人工耳蜗植入手术医疗服务工作的通知》确定湖南省人民医院等五家医院为湖南残疾人精准康复服务行动人工耳蜗植入手术定点单位为符合相关条件的1～17周岁儿童和青少年免费施行人工耳蜗植入手术第二次全国残疾人抽样调查数据显示：湖南现有听力言语残疾人100.7万人，其中0～6岁听障儿童6000余名，每年新增600人，湖南听障儿童发病率为十万分之六。听力损失会阻碍儿童学习语言，影响其健康发育，导致言语能力、认知能力和心理发育明显低于正常儿童，而人工耳蜗植入手术是目前重度以上感应神经性耳聋惟一有效的治疗手段。人工耳蜗植入手术项目资助条件及申请流程一.资助条件(一)年龄：1～17岁(不满18周岁)在优先满足0～6岁聋儿康复需求的基础上，可对7～17岁，经听力语言康复后，已进入普通学校就读的语前聋患者及18岁以内的语后聋患者予以资助。(二)听力损失为重度聋以上，配戴助听器康复效果不佳，医学检查无手术禁忌症，双侧耳蜗及内听道结构正常、无蜗后病变，精神、智力及行为发育正常。(三)监护人对人工耳蜗有正确的认识和适当的期望值;家庭有能力配合并保证受助人在定点康复机构至少接受一年的康复训练。(四)同等条件下，优先救助贫困家庭聋儿。二.申请流程有需求的聋儿监护人到县级残联领取《残疾人精准康复服务手册》，并在县级残联的指导下进行网上(中国听障儿童服务网)申报。县级残联告知聋儿监护人项目流程。快告诉身边有需要的小伙伴吧~来源：新湖南客户端编辑：李佳玲   责编：敖文景    三审：李辉军▓ 版权声明 如涉及版权问题，请与我们联系予以删除微信推送太少下个新衡阳APP更及时了解衡阳长按下载解锁更多精彩内容中国衡阳新闻网微信号 : E0734COM新浪微博：@中国衡阳新闻网]]></content>
  <author><![CDATA[衡阳新闻网]]></author>
  <time>2018-10-11 21:02:43</time>
  <account><![CDATA[E0734COM]]></account>
</data>
