<data>
  <id><![CDATA[51280288]]></id>
  <url><![CDATA[https://mp.weixin.qq.com/s?timestamp=1539596441&src=3&ver=1&signature=Egrj350GoKY8-KUcIJshby6WtdXwxLTuiSjwsp2VsUhXFO4lO1OJLoNdnC5pBUXHNcUKzcHDHfPV7dzNENl1lTF066ZLpwLASiuzenlPvj-I89bkAwDG-gAW0BYJFMMFRbwtouM-m2tQs*3D3VYdYAi-i8hzqVM-2pYt4M5SKa4=]]></url>
  <title><![CDATA[衡阳城区9月份电动车违章前十名竟然是他们，违章次数最多达16次！]]></title>
  <content><![CDATA[首先让我们来看看衡阳市城区9月份电动车违章1—10名排名我们可从以上数据中看到，部分电动车车主月违章次数如此频繁，作为交通参与者的你有何感想？？电动车、摩托车作为便民出行的工具，交通事故时有发生，大多情况下是由于骑车人的这些陋习惹的祸。1闯红灯2随意钻行很多开车的人都碰到过突然钻出来一辆电动车或者摩托车，然后一脚急刹的经历，真心想对这些到处乱钻的电动车、摩托车主说一声：生命不是儿戏！电动车、摩托车小而灵活，但并不意味着绝对的安全。3抢车道有的人骑着电动车就喜欢在马路正中间穿行，抢占汽车的通道，可是，你确定你撞得过汽车？4和机动车抢时间电动车、摩托车骑士们的普遍错觉：我能过去，然而人生不是游戏，你这么赌，赌的是自己的命。再给我一秒…我能过…5改装人的智慧是无限的，骑电动车、摩托车怕晒，怕雨，怕风，于是无数改装设备出现了，遮阳伞、反穿衣等。这些改装确实能起到一定的遮阳挡雨作用，但也增加了行车风险，一点遇上突发事故，还容易带走你的生命。6超载超载，电动车、摩托车的控制性能就会下降。7逆行很多人骑着电动车、摩托车，却还是一颗行人的心，在他们字典中从来没有逆行这个说法。一旦逆行，发生碰撞事故的危险要比正常行驶大上无数倍。汽车是“铁包肉”，电动车、摩托车直接就是“肉包铁”，一旦发生车祸,很容易造成生命危险，既然选择了电动车、摩托车，就要担起应该担负的责任来，自觉遵守交通法律法规从现在做起！来源：衡阳交警在线编辑：刘佩    责编：敖文景    三审：李辉军▓ 版权声明 如涉及版权问题，请与我们联系予以删除微信推送太少下个新衡阳APP更及时了解衡阳长按下载解锁更多精彩内容中国衡阳新闻网微信号 : E0734COM新浪微博：@中国衡阳新闻网]]></content>
  <author><![CDATA[衡阳新闻网]]></author>
  <time>2018-10-15 11:52:56</time>
  <account><![CDATA[E0734COM]]></account>
</data>
