<data>
  <id><![CDATA[51280288]]></id>
  <url><![CDATA[https://mp.weixin.qq.com/s?timestamp=1539596441&src=3&ver=1&signature=Egrj350GoKY8-KUcIJshby6WtdXwxLTuiSjwsp2VsUhXFO4lO1OJLoNdnC5pBUXHNcUKzcHDHfPV7dzNENl1ld3xd*pfJHF1wBiMSddsH1CEKKc6TMadn3sreuyg7wmTju1WhsD7JWpGIe-CwrFoHREPNot1YfvUY*PWyt5yWGU=]]></url>
  <title><![CDATA[重磅！衡阳发布28名干部任前公示，涉及多所学校…]]></title>
  <content><![CDATA[为了加强对干部选拔工作的监督，提高识别和任用干部的准确程度，现对市委常委会议研究决定的下列28名拟任职人选（提名人选）进行任前公示：欢迎广大干部群众反映和举报拟任职人选思想作风、道德品质、工作能力、廉政勤政、在民主推荐中是否有拉票行为等方面的情况和问题。举报人可以通过信函举报、电话举报或到受理举报地当面举报。凡来信或来电举报者，应签署或告知本人真实姓名和工作单位；来访者要说明真实身份和单位，反映情况后要在来访情况登记表上签名。所举报的问题，必须真实、准确，内容尽量具体详细，并尽可能提供有关调查核实线索。严禁借机造谣中伤，串联诬告。举报人将受到严格的保护。受理举报时间：2018年10月11日至2018年10月17日（五个工作日）受理举报单位：衡阳市委组织部干部监督科、举报中心受理地点：市委大院二办公楼专用举报电话：0734-12380、17773420790（仅限受理短信举报）举报网址：http://12380.hydjnet.gov.cn邮政编码：421001中共衡阳市委组织部2018年10月10日来源：衡阳党建网编辑：钟文婷    责编：敖文景    三审：李辉军▓ 版权声明 如涉及版权问题，请与我们联系予以删除微信推送太少下个新衡阳APP更及时了解衡阳长按下载解锁更多精彩内容中国衡阳新闻网微信号 : E0734COM新浪微博：@中国衡阳新闻网]]></content>
  <author><![CDATA[衡阳新闻网]]></author>
  <time>2018-10-11 21:02:43</time>
  <account><![CDATA[E0734COM]]></account>
</data>
