<data>
  <id><![CDATA[51280288]]></id>
  <url><![CDATA[https://mp.weixin.qq.com/s?timestamp=1539596441&src=3&ver=1&signature=Egrj350GoKY8-KUcIJshby6WtdXwxLTuiSjwsp2VsUhXFO4lO1OJLoNdnC5pBUXHNcUKzcHDHfPV7dzNENl1ld3xd*pfJHF1wBiMSddsH1DDExFzh2bLDbRqU89ze1xpNKFmOM4cueZNKxEi1GGMDNeIEjSf9inP143BeXGbRMA=]]></url>
  <title><![CDATA[停电or停水！衡阳这些地方明后天将停电停水，将最长达11小时…]]></title>
  <content><![CDATA[停 电 通 知2018年10月12日预计时间8：00—8：30110kV岳屏变10kV岳西线红湘南路立交桥#1环网柜#303断路器后段线路（十六中、气象局、供电公司客户中心、丰隆大厦、平安大厦、远大房产、瑞裕房产、客车厂家属、熙园房产一带）停电转负荷。（停电原因：网改）2018年10月12日预计时间8：00—8：30、18:00—18:30110kV雁峰变10kV雁阳B线荣誉路口环网柜#303断路器后段线路（传媒宾馆、动物园、岳屏公园、丰越大厦、岳屏广场、绿景花园一带）停电转负荷。（停电原因：网改）2018年10月12日预计时间8：00—18：00110kV雁峰变10kV雁阳B线荣誉路口环网柜#307断路器后段线路（广场派出所、环城南路小学、王府酒楼一带）停电检修。（停电原因：网改）2018年10月12日预计时间8：00—18：00110kV光辉变10kV光香线338线路（香江城市花园、水岸新城一带）停电检修。（停电原因：配网自动化改造）2018年10月12日预计时间8：00—18：00110kV三角塘变10kV三盐线318线路（建滔化工公司一带）停电检修。（停电原因：消缺）2018年10月12日预计时间8：00—18：00110kV三角塘变10kV三江线348线路（湖南天雁公司一带）停电检修。（停电原因：线路改造、消缺）2018年10月12日预计时间8：15—18：00220kV酃湖变10kV酃冷线#084/2杆后段线路（富邦升辉房产一带）停电检修。（停电原因：网改）2018年10月12日预计时间7：45—18：00110kV东阳渡变10kV东江线兴隆村支线#042/1杆配变（兴隆村部一带）停电检修。（停电原因：网改）停 水 通 告因中国电信衡阳分公司“三供业”家属区DN200管线连通(蒸湘北路与辖神巷口)，市水务集团拟定于2018年10月13日9:00~20:00停水施工，届时，中国电信衡阳分公司办公区、家属区、国安局办公区、家属区、辖神巷等沿线用户将无水。请用户提前做好储水准备，早完工早通水，遇雨顺延，如提前通水，将不再另行通知。来源：国网衡阳供电公司、衡阳水务编辑：钟文婷    责编：敖文景    三审：李辉军▓ 版权声明 如涉及版权问题，请与我们联系予以删除微信推送太少下个新衡阳APP更及时了解衡阳长按下载解锁更多精彩内容中国衡阳新闻网微信号 : E0734COM新浪微博：@中国衡阳新闻网]]></content>
  <author><![CDATA[衡阳新闻网]]></author>
  <time>2018-10-11 21:02:43</time>
  <account><![CDATA[E0734COM]]></account>
</data>
