<data>
  <id><![CDATA[51280288]]></id>
  <url><![CDATA[https://mp.weixin.qq.com/s?timestamp=1539596441&src=3&ver=1&signature=Egrj350GoKY8-KUcIJshby6WtdXwxLTuiSjwsp2VsUhXFO4lO1OJLoNdnC5pBUXHNcUKzcHDHfPV7dzNENl1lZ3gzU6uZ3kIQuRYDHYiiwyd0cD65supJpJMiJo8L4nISjoywDtdsiG7mltDnF5k46owpETpZ2gH0wUx2g6m1E8=]]></url>
  <title><![CDATA[请您帮帮她！衡南品学兼优残疾女孩病情加重或将错过高考]]></title>
  <content><![CDATA[一个头发花白的父亲用佝偻的背脊，背着残疾女儿吃力地爬上五楼教室，每天要往返六个来回，这一幕这几年除了节假日，每天都在衡南县一中上演。从小学到高中，无论刮风还是下雨，这一背已是9个年头。这位父亲叫谢培军，衡南县人，是一名人民教师，本拥有一个普通但舒心、幸福的家庭，然2009年的一场意外事故，无情地将他们一家打入了“炼狱”。谢培军清楚地记得，那天是2009年11月1日，谢可欣在三塘镇一家舞蹈培训学校练习一个下腰动作时重重地摔在了地上，致使整个下半身完全失去了知觉，从此再也不能站立，大小便失禁。为治病，谢培军夫妻带着女儿，碾转于衡阳附一医院、南华医院、湘雅附二医院、北京武警总医院、北京儿童医院、北京博爱医院等二十多家医院求医治疗，但收效甚微，还欠下了三十多万元的外债。“女儿由于脊椎受完全性横断损伤，已无康复可能，终身只能坐在轮椅上。”谢培军无奈叹息着对记者说，如今他们已经接受了这既定的事实。但不止如此，他们还要忍受截瘫后遗症带来的无尽痛苦，如褥疮经常光顾，大面积的肉变腐烂，每次都要剜肉清疮，疼痛异常。脊柱侧弯、骨盆倾斜、肌肉萎缩等症状更加可怕，严重到影响身体机能。白天一有时间他就会给女儿按摩，晚上也要帮助女儿翻身、坐起，9年来，从未睡过一个囫囵觉。女儿无法正常排泄，尿不湿不能离身，他每隔几个小时就要为女儿更换尿不湿，一天至少四次，女儿便秘，他甚至要用手抠。谢培军透露说，他们一家现在居住同事免费提供的一间十分破旧的矮房子里，环境很差，由于女儿下半身没有知觉，晚上脚趾多次被蟑螂、老鼠咬伤。2016年，灾难再次降临。谢培军妻子余金枝看到女儿年纪轻轻就受病痛折磨心疼不已，加上为女儿四处奔波求医，到处筹钱仍无济于事，成日以泪洗面，并且产生了自杀的念头。谢培军耐心宽慰，才打消了她轻生的念头，但她依然也积郁成疾，2016年被查出肺腺癌晚期，如今，癌细胞已经全身转移、脑转移，骨瘦如柴，生命进入倒计时。如今这个风雨飘摇的家全靠谢培军一手撑。每天不到6点，谢培军就得起床，自己先洗漱后，把早饭做好。7点左右，为瘫痪在床的女儿穿衣、洗漱，把她扶到桌边吃早饭。再帮助卧病在床的妻子穿衣洗漱，一起吃早饭。然后，送女儿去学校上课……每天女儿与妻子的衣食起居全由谢培军一手操办，还要早中晚接送女儿上下学。一天下来，谢培军根本停不下忙碌的脚步。“如果每天能保持这样的现状已经很好了。可是由于女儿与妻子身边都离不开人，一旦妻子需要去医院治疗，或者女儿褥疮严重了，连这样的日子都没法保持，女儿就无法去学校上课。”谢培军满脸愁容。9年来，女儿谢可欣接受了自己身患残疾的事实，这让她比一般人更加坚强、更努力。虽然常不能去学校上课，但她的学习从没有落下，学习成绩十分优异，去年在衡南县一中取得了年级第二名的好成绩，还获得三好学生等多项荣誉。谢培军告诉记者女儿乖巧懂事、学习成绩好，是他唯一值得欣慰的地方，也是他坚持下去的精神支柱。女儿学校的老师对谢培军说女儿考上好的重点大学没有一点问题，而医院医生却告知他女儿的脊柱侧弯已经十分严重，须尽快手术，不然参加高中毕业考试也是妄想，手术费用起码二十来万。面对残酷的现实，谢培军痛不欲生，对于一个负债累累的家庭说来，二十万显然是一个天文数据。都说男儿有泪不轻弹，可是有好几次，谢培军背着家里人偷偷抹眼泪，觉得活在世上受罪不如死了一了百了。可考虑到妻子、女儿只能依靠他，他咬咬牙，继续坚持着，却又无可奈。“这么多年来，女儿拼命读书，就是想考上好的大学，用知识改变命运，能自立自强。如果连高考都不能参加，那对她来说是多么绝望的一件事!”谢培军倍感无助。记者期待着能有更多社会热心人施以援手，让这个不幸的家庭多一份前行的希望。求助热线：谢培军：15115475129(微信同号)也可以联系本网记者：18374745397农业银行：622848 0809462126073开户名：谢培军或者通过扫描以下微信二维码联系谢培军：记者：卢幼莲见习编辑：范一鸣   责编：敖文景   三审：李辉军▓ 版权所有 转载请注明来源，分享朋友圈请随意微信推送太少下个新衡阳APP更及时了解衡阳长按下载解锁更多精彩内容中国衡阳新闻网微信号 : E0734COM新浪微博：@中国衡阳新闻网]]></content>
  <author><![CDATA[衡阳新闻网]]></author>
  <time>2018-10-12 11:50:00</time>
  <account><![CDATA[E0734COM]]></account>
</data>
