<data>
  <id><![CDATA[51280288]]></id>
  <url><![CDATA[https://mp.weixin.qq.com/s?timestamp=1539596441&src=3&ver=1&signature=Egrj350GoKY8-KUcIJshby6WtdXwxLTuiSjwsp2VsUhXFO4lO1OJLoNdnC5pBUXHNcUKzcHDHfPV7dzNENl1lTF066ZLpwLASiuzenlPvj9oCmHIPNhYCKVuTq9wy*aELWEPk6lPqaCz*U0kkIRaN-QQSZ5i4tpKSKznWKEMUCM=]]></url>
  <title><![CDATA[郴州老人带五岁孙儿来衡阳探亲，在虎形山公园游玩走散，结果...]]></title>
  <content><![CDATA[麻烦帮我找一位好心人，她是衡南二中的老师，姓贺，好像已经怀孕!”近日，一曹姓奶奶拨打衡阳新闻网新闻热线称，想要找到帮她寻回孙儿的好心人，并希望能借助衡阳新闻网感谢这位好心人。曹奶奶对记者说，她是郴州人，国庆节带着五岁的孙儿来衡阳探亲。10月2日上午，她与孙儿来到虎形山公园游玩，当时看到山上的景色特别美，她不禁掏出手机忘情拍照。等她回过身时，竟发现孙儿不见了。顿时吓出了一身冷汗，赶紧呼喊孙儿名字，四处寻找，但仍不见孙儿身影，感觉天都要塌了，赶紧打电话通知亲戚来帮忙寻找。就在这时，她的电话响起，电话里一年轻女子告诉她不要着急，她孙儿在半山腰的路上。曹奶奶向记者讲述，她刚爬到半山腰时就看到了孙儿，旁边一年轻女子可能是由于怀孕了，蹲在路边干呕。“当时我心里又喜又气，见到孙儿我就责问他为什么要乱跑?等我想起要去感谢那位年轻女子时，她已经往下走了，问她姓名，她笑而不答。还是走在后面与她一起来玩的朋友告诉我，她是衡南二中的老师，但叫什么名字，我当时没有听清楚，只听到姓贺。”“要不是贺女士的出手相助，我当时肯定会急死去！我觉得社会需要正能量，这样的正能量值得传播，所以想麻烦贵网站帮我找到她，感谢她，弘扬社会正能量。”老人告诉记者，她费了好大一番功夫也找不到之前好心人打过来的电话号码了，还是通过别人提醒才找到了衡阳新闻网新闻热线，希望记者能够帮她找到那位好心人。于是记者联系到衡南二中一邱姓副校长，根据曹奶奶提供的线索，最终找到了这位好心人。经核实，她确实是衡南二中的语文老师，叫贺林楠。贺林楠回忆说，当天她与朋友在虎形山散步，突然她看到一个小孩独自一人在跑上跑下，跌跌撞撞，满脸通红，看起来特别着急的样子，而且衣服上沾了很多泥土。她断定这个小孩肯定遇到什么事了，于是她主动走过去，询问小孩发生什么事情。小孩哭着跟她说是找不到奶奶了，但由于这个小孩对陌生人非常警惕，不愿跟她一起去寻找奶奶，一番沟通后，小孩才肯说出奶奶的电话，于是她赶紧拨打小孩奶奶电话约定见面地点。对于曹奶奶通过媒体感谢她一事，贺林楠感到非常意外，她对记者说，“这只是一件很小的事，举手之劳而已，换作其他人我相信都会这样么做的。”记者：卢幼莲编辑：赵福中  责编：敖文景   三审：李辉军▓ 版权所有 转载请注明来源，分享朋友圈请随意微信推送太少下个新衡阳APP更及时了解衡阳长按下载解锁更多精彩内容中国衡阳新闻网微信号 : E0734COM新浪微博：@中国衡阳新闻网]]></content>
  <author><![CDATA[衡阳新闻网]]></author>
  <time>2018-10-15 11:52:56</time>
  <account><![CDATA[E0734COM]]></account>
</data>
