<data>
  <id><![CDATA[50573412]]></id>
  <url><![CDATA[https://mp.weixin.qq.com/s?timestamp=1539596267&src=3&ver=1&signature=Egrj350GoKY8-KUcIJshb8xzCF*-Dsto0vKlpaCkYxQzlUEELgDpET8dX0Kjnd1WLk-SwXkk4JDM2FcZOCmeGklhVLf8CROeV6OGxzOGckVLHdiByrSr0DV1dATHGIGJP0Sv4Xzca9nkwTA6aJwQ9WwOYcC-lGHC5NCU-3sgPXs=]]></url>
  <title><![CDATA[【和院快讯】保利物业荣登2018中国物业管理公司品牌价值百强榜TOP5]]></title>
  <content><![CDATA[背景介绍2018中国房地产专业峰会以促进行业健康发展，不断提高人民居住品质为宗旨，以专业测评为亮点，隆重推出了“2018中国物业管理公司品牌价值百强榜”，旨在重新定义企业地位、行业服务标准，提升物业服务价值。9月27日，由中国房地产报、中国房地产网、中房智库联合主办的“2018中国物业管理公司品牌价值百强榜活动”在北京举行。保利物业凭借强大的综合实力，稳健的发展能力以及优秀的品牌影响力，得到了组委会和主办方的一致认可，荣登2018中国物业管理公司品牌价值百强榜TOP5。中国房地产报研究院、中国房地产网等权威机构通过对保利物业的服务规模、综合服务品质、持续成长性、创新服务模式等多维度给予保利物业高度的认可，展现了保利物业在物业服务领域的行业领先地位。保利物业于1996年6月在广州成立，并于2017年8月29日在新三板挂牌上市（证券代码：871893）。公司设有20家一级子公司、137家分公司，业务遍及北京、上海、广州、成都、长春等超过100个大中城市，承接的物业管理项目超600个，管理面积超过1.3亿平方米。目前，保利物业品牌价值超过65亿元，是企业综合实力全国前五的全国性大型物业服务企业。在为业主打造幸福生活的道路上，保利物业一直不曾停下脚步。从2010年开始，保利物业领行业之先，提出了“亲情和院”的服务特色，让“亲情”成为了保利社区的文化标签。立足亲情和院服务品牌，保利物业在2018年全新提出了“人文社区 价值生活”的品牌理念，在未来，保利物业将以人文为核心，以科技为手段，通过五大价值生活服务体系，再度全面升级服务品质，重塑保利物业的形象：积极担当社会治理责任，做国家进步的同行者；深度参与城市治理，做城市发展的服务者；不断创造人文服务新高度，做行业跨越的创造者；高效嫁接地产集团服务资源，做多元人居的贡献者。成就“中国人文社区价值生活服务商”，我们拭目以待！]]></content>
  <author><![CDATA[广州保利汇海花园]]></author>
  <time>2018-09-29 18:22:54</time>
  <account><![CDATA[gh_a216534b4269]]></account>
</data>
