<data>
  <id><![CDATA[50573412]]></id>
  <url><![CDATA[https://mp.weixin.qq.com/s?timestamp=1539596267&src=3&ver=1&signature=Egrj350GoKY8-KUcIJshb8xzCF*-Dsto0vKlpaCkYxQzlUEELgDpET8dX0Kjnd1WLk-SwXkk4JDM2FcZOCmeGsHTZV7CGr5UUvUcPPEMjlBdFoII3**v2dox6eMO9atWT6FNQhcamojfH6GYGWOMeEOP2vGttpxxFt3zgG3P7bc=]]></url>
  <title><![CDATA[【亲子秋游魔法营】今天，我与孩子一起实现属于自己的魔法梦]]></title>
  <content><![CDATA[保利物业与魔法学校合作推出优质亲子秋游、班级定制、冬令营等主题研学活动。本次亲子悦行秋游活动，让爸爸妈妈和孩子大手牵小手，陪伴孩子成长，陪伴孩子路过世界。他对着一个苹果，闭上眼睛，念上一段咒语，手指一点，苹果就变成了两半。【 当然，事实是我得在他念咒的时候切开苹果 】他还会对着一个杯子，双手一推，杯子就慢慢向前移动。【 事实是我得用一根绳子，拉着杯子的手柄 】他也会对着一扇关着的门，闭上眼睛，手指一点，说“开”，门就打开。【 事实是，我在里面手动开门 】每一位孩子心中都有一个魔法梦幻想自己是额头上刻着“闪电”的小巫师，身边有古灵精怪的红发男孩，有聪明到极点的漂亮书呆子，有形形色色的魔法教授......感觉自己也跟着故事在一起成长，但是长大后，种种框框条条将我们的梦慢慢淡化，甚至被遗忘。或许大朋友也会为小朋友做出此刻举动，配合孩子的表演，作为一种童年成长轨迹的陪伴方式。梦继续，魔法旅程一直在路上“寓言魔法部落”邀请你和你的孩子进入魔法领域，进入魔法学校2018亲子·综合实践课堂梦想魔法 · 亲子悦行营陪伴在成长路上，和孩子一起体验世界“ 寓言魔法部落”To隐居在城市中拥有无限魔法的你：在城市的深处，生活着一群无忧无虑、快乐的小精灵。他们住在城市独有的江心小岛内，每天欢声笑语，村庄被精灵爸爸施了魔法隐藏在海岛深处，海岛内还住着一位邪恶的巫师，一心想着捉到精灵们，得到神奇的魔法力量，但每年的月圆，保护屏障能力就会变得很弱很弱，怎样才能不被邪恶的巫师找到和防止村庄不被破坏？【就是增加魔法部落的人数，增强部落能量】From 寓言魔法部落PROJECT课 程 亮 点NO. 01梦想魔法，前路无惧在陌生的新环境中，陌生人面前，我们需要面对很多挑战和问题。但是这样的挑战和问题并没有阻碍我们去尝试。这就是亲子关系中，父母的榜样作用和鼓励让孩子更加自信勇敢地去尝试。○ < 魔法课程 >○平地、山地平衡车挑战（初级进阶）勇敢、坚持、挫折、思考、亲情这是平衡车挑战，需要魔法师具备的核心能力想成为最炫酷的追风魔法师风靡欧美最酷炫的儿童“益智运动”抛弃室内固定模式 融入大自然专属赛场融入惊、险、奇、巧、美于一体，并且对于孩子体型塑造、全身肌肉发育有着很好作用。一场体力、脑力和意志力的比拼，挑战专注与记忆力，提升坚持与毅力！成为更认真的自己！这项挑战少不了你与你的齐齐协助参与NO. 02梦想魔法，尊重孩子尝试的权力孩子在体验的过程中，一定会尝试很多事情。爸爸妈妈应该明白，对于孩子来说，尝试是一种学习的机会。孩子在尝试做事遇到困难的时候，经常会听到父母说：“算了，太危险了/又弄得浑身脏兮兮的，还是不要做了。“小心点，你会伤到自己的！”这样，孩子想尝试做事情的微弱愿望一下就会被爸爸妈妈“爱护”得无影无踪。○ < 魔法课程 >○水上色球挑战-划行接力赛想要给予孩子不一样的宽阔美景，这次不下水看起来真的不太行！【升级版】湖上色球大战战区不是在竹林区，也不是在草坪区，正式内湖中央！神秘魔力，发起指定任务，与爸爸妈妈来一次实打实的合作，奋勇争先，乘风破浪。（挑战前，跟上成长魔法师学习与了解皮划艇的发展历程，了解桨的正握和反握姿势，学习转向操控等不一样的技能体验，当然不要忘了，完成任务指令~）NO. 03梦想魔法，勇敢尝试，真正独立假如爸爸妈妈担心孩子去尝试某些事情会受到伤害时，不妨试着鼓励孩子说：“没事的，来试试吧，但要注意……”爸爸妈妈教给孩子必要的防护方法，这就可以让孩子避免受到不必要的伤害。○ < 魔法课程 >○“保护0”任务和徒步挑战为什么要带娃娃徒步至少体验一次？成长魔法师，告诉你：“因为这样，可以让心靠的更近！”一家人互相扶携，同甘共苦的难忘经历让彼此靠的更近，换一个环境也会让孩子看到父母的另一面，这样的身教比平日的言教更深刻。一颗蛋能做出很多各式各样的美食虽然百变，但是它很脆弱，小手掌与大手掌的合作，怎样才能好好保护它？沿途自然视窗变身魔法 - DIY魔法师形象进入魔法学院，就要变变变~~ 这样才能入乡随俗！榜样的作用在本次魔法行动体验中，家长用心，孩子不用心，不行。孩子用心，家长看手机，也不成。只有家长的良苦用心与孩子的个人努力相结合，配合默契，才能收获最佳的教育效果，孩子才能更健康幸福地成长。小小脑袋，大大梦想虽然大朋友有时会觉得这些无聊，无趣但是孩子喜欢，想象力总是源源不断，千变万化他们的世界就是这么的简单这么的纯粹但有时候，我们真的在想如果可以满足孩子的愿望（就算无稽）该多好。孩子成长，理应多点色彩多点精彩！亲子时光，与父母共享这一趟旅程宝贝们的魔法之旅不会停止，故事还在继续...INFORMATION课 程 信 息1、 课程性质：亲子悦行营2、 课程时间：10月20、27日，共2期3、 课程时长：1天4、 课程地点：佛山·西樵5、 学员年龄：一名孩子至少一名成人陪同出行SCHEDULE行 程 安 排* 该行程为示范行程，可能会根据天气或其他不可抗拒因素进行调整，请以当天实际操作为准.DETAIL时 间 及 费 用* 费用不含一切行程外的消费及行程中的个人消费和发票税CONTACT报 名 联 系 人详情请咨询物业服务中心欣欣老师：13925410147小侯子老师：13760959517]]></content>
  <author><![CDATA[广州保利汇海花园]]></author>
  <time>2018-10-12 18:57:34</time>
  <account><![CDATA[gh_a216534b4269]]></account>
</data>
