<data>
  <id><![CDATA[50573412]]></id>
  <url><![CDATA[https://mp.weixin.qq.com/s?timestamp=1539596267&src=3&ver=1&signature=Egrj350GoKY8-KUcIJshb8xzCF*-Dsto0vKlpaCkYxQzlUEELgDpET8dX0Kjnd1WLk-SwXkk4JDM2FcZOCmeGvpV5wTVDD5QGuKCs-xzBuv*sgqwOpKI6HI6fLSq*ndmKtnlD5*aYkqzcDK-4q20HIGz8p1YiwgNHkOTDI*p8z4=]]></url>
  <title><![CDATA[【平安和院】放假模式开启，保利物业为您的长假保驾护航]]></title>
  <content><![CDATA[＊国庆节临近，面对长假，各位是否已经按捺不住内心的激动，将计划安排起来了？为了让各位有个安心、放心、舒心的假期，近日，保利物业各地项目在节前陆续开展安全排查、隐患整改等专项工作，强化员工安全意识，为国庆长假保驾护航。隐患排查设备隐患排查公共设施排查隐患整改路面整改大门维修安全宣传安全提醒时刻在线安全知识普及应急演练防火演习防盗演练安全检查项目包括：消防设备类隐患；火灾类隐患；电梯类隐患；设备（除消防、电梯）、机房类隐患；公共设施类隐患；水电气类隐患；治安类隐患 7大内容。各项目通过安全排查，自查自纠，及时对发现隐患进行整改，细化各项特殊事件的应急预案，切实保障国庆期间的安全。在物业进一步加强小区管理力度的同时，保利物业也呼吁广大业主做好家中自检、自防措施，携手共建平安和院。在此，保利物业特别向您发出温馨小贴士贴士一：居家安全1若您外出，请将室内的水、电、燃气阀门开关关闭，门窗关闭上锁，以免发生意外损失。2记得将冰箱内的物品清除干净，以免停电后腐烂变质。3家内有金鱼（缸、池等）、宠物和名贵花草植物等，请委托他人代为管理和看护。4不要将花盆、墩布等物品摆放在阳台或窗台等位置，以防止风力较大时，发生被风吹落的情况。贴士二：消防安全1国庆节期间若外出旅游或走亲访友，出行前请将您临时存放在户门外、楼梯间的物品彻底清除干净，以免阻塞逃生通道。2注意防火安全，在家中不要存放易燃、易爆、易挥发等物品，防止火灾发生。贴士三：安保安全1外出时，注意关好自家门窗，锁好入户门。进出单元门时请做到随手关门，同时对尾随的陌生人提高警觉，如您在本小区发现异常情况或可疑人员，请及时与我们联系。2门岗秩序管理员将加大门禁盘查的力度，请来访客人、亲友予以配合。为了安全着想，来往车辆请主动配合执勤秩序管理员的检查、登记和监督。3如您离家时间较长，请您到保利物业服务中心留下您的紧急联系方式及联系人，以便在发生紧急事件时做应急处理。贴士四：公共环境1若留在小区欢度假期，请注意音量，以免影响周边邻居正常休息及日常生活。2节日期间小区内应避免一切装修施工行为，以免影响他人休息。唯有安全，方可安居。保利物业始终以保障业主生命财产安全为核心，以提高应急处置能力为主线，将“防患于未然”作为企业安全工作的重点。国庆假期间，保利物业人将一如往常坚守岗位，践行“相伴一生的幸福”的郑重承诺，为您与家人营造安全、有序、和谐的环境。若有任何需要协助之处，请致电您的楼栋管家（区管）。在建国69周年来临之际，保利物业全体员工向您和家人致以诚挚的节日问候，祝您节日快乐、万事如意！]]></content>
  <author><![CDATA[广州保利汇海花园]]></author>
  <time>2018-10-01 17:52:26</time>
  <account><![CDATA[gh_a216534b4269]]></account>
</data>
