<data>
  <id><![CDATA[50573412]]></id>
  <url><![CDATA[https://mp.weixin.qq.com/s?timestamp=1539596267&src=3&ver=1&signature=Egrj350GoKY8-KUcIJshb8xzCF*-Dsto0vKlpaCkYxQzlUEELgDpET8dX0Kjnd1WLk-SwXkk4JDM2FcZOCmeGpWZHMy1i6ETCkfVgpy8mp8*r3Bw-OTJhvXNJv8Xt-Q4k*PyH3U2HkEXu67PgmJTHW*Pf78x1e30O1wIMY3zdUg=]]></url>
  <title><![CDATA[【百优和院】您的满意是我们最大的动力~]]></title>
  <content><![CDATA[“百优行动”安防服务提升月9月11日以来，保利物业“百优行动”集结号吹响。100天品质提升，100%项目参与，保利物业广州公司积极响应总部号召，用100天的时间让业主见证服务品质蜕变升级，让“满意”为和院的标签。Part.1微笑篇楼宇单元门厅，园区人、车出入口等重点部位张贴温馨提示和宣传标语，微笑服务，让业主感受到人情味的物业服务，展现服务之美。一抹微笑、一句问候，都是我们对您的牵挂。点击视频观看保利物业人的飒爽英姿哦~Part.2门岗服务篇为了以饱满的热情迎接和院的业主们，门岗精神面貌提升在行动。门岗大扫除，值班人员站军姿、敬军礼等，让业主每次回家，都如初见般美好。点击视频观看保利物业人的飒爽英姿哦~Part.3安防提升篇为提高安防服务团队的专业能力，每日岗前岗后体能训练、防暴演习、站军姿、敬礼、交通疏导等日常标准动作强化。不断提高安防服务团队专业水平，为业主提供贵宾般的服务。点击视频观看保利物业人的飒爽英姿哦~Part.4非机动车篇非机动车是很多业主出行重要的交通工具，带来便利的同时，停放、充电时的安全隐患不得不引起注意，安防服务团队，清理非机动车棚共享单车，整齐摆放业主停放非机动车。园区内广泛告知非机动车棚位置，遇到在园区内随意停放的非机动车，贴下“黄条”，温馨提示其下次停放在正确位置。“百优行动”安防服务提升月“百优行动”不是一句口号而是对业主的一份郑重承诺每一个日子保利物业人都将以元气满满的决心坚守在岗位将每份贴心守候每件无微不至的关怀和点滴的暖心细节层层叠加汇聚成业主触手可及的美好生活与您一生幸福相伴！]]></content>
  <author><![CDATA[广州保利汇海花园]]></author>
  <time>2018-10-09 18:27:33</time>
  <account><![CDATA[gh_a216534b4269]]></account>
</data>
