<data>
  <id><![CDATA[50573412]]></id>
  <url><![CDATA[https://mp.weixin.qq.com/s?timestamp=1539596267&src=3&ver=1&signature=Egrj350GoKY8-KUcIJshb8xzCF*-Dsto0vKlpaCkYxQzlUEELgDpET8dX0Kjnd1WLk-SwXkk4JDM2FcZOCmeGlA90IHa7vS1FxFgej4b1h45*wVnrLcQmVz5NlF*jRHGRNSQUET8qUInbzULCevnm3T*krVU6pGQozk5Dm*v5wM=]]></url>
  <title><![CDATA[【和院有情】和院无小事放假不放松]]></title>
  <content><![CDATA[欢迎光临保利物业国庆虽然过去两天，外出的业主和业户都回到了和院里，但假期中留下的温馨感动却未因假期的结束而散去。和院婚礼小长假除了外出旅游，还有很多业主选择这个时间段举办婚礼。保利物业人为业主精心的装饰大堂、铺迎亲红毯、喷礼花、维护接亲车队秩序，用实际行动祝福着和院家人。（安徽、吉林、青岛、江苏、陕西、重庆、武汉）和院家人七天假期选择走亲访友的业主多了，和院里的家人也变得更多。老人饿肚子在小区里走累了回不去家，我们帮着做饭并陪伴独在家里的老人。（吉林公司）小朋友在小区走失，我们及时发现、耐心安抚并帮其寻到父母。（江西公司）游客醉酒神志不清，我们陪伴在旁直至找到亲属。（上海公司）孕妇临盆、业主受伤、老人不适，我们都第一时间出现帮忙，即使是假期也不例外。（商业、重庆、辽宁、安徽、成都、青岛、武汉）和院安全和院里我们不仅守候家人的平安，而且更要保障您物品的安全。假期在小区内发生汽车盗窃事件，保利物业安防人员及时发现并吓跑作案人员，立即进行报警处理。监控发现可疑人员偷车，立即上报当班班长与值班经理，班长协调各区域巡逻岗堵截并成功抓获嫌疑人。（成都公司）遗失的钱包财务，我们调取监控、群发通知找寻失主。（商业、天津、上海）车窗忘关、车钥匙忘取，我们留人值守、查监控、找业主。（郑州、石家庄、陕西、上海、商业、福建、成都）家门忘锁，我们观察情况、联系业主、征得同意帮助锁门。（北京、成都、湖南、石家庄）和院万能工假期休息的人多了，物业人便兼顾起了这些角色，变身万能工匠。我们是消防员，菜烧糊了家里没人我们及时发现隐患处理火灾。水忘关或反水，我们除污管修设施帮助业主清扫积水。（湖南、天津、武汉）我们是汽车修理工，车脏了坏了、轮胎破了、汽车漏油了我们帮您处理。（佛山、海南、重庆、成都）我们是快递员，大件不方便领取的快递我们送货上门。（安徽、海南、武汉、大连）我们是搬家公司，您乔迁新居购置新物件我们送货到家。（石家庄、粤东、郑州、海南）我们更是贴心管家，下雨刮风我们帮您收被单，外出不在家我们帮您关窗关电保安全。（粤东、成都、浙江）国庆小长假，和院家人休息我们不休假。这时的工作并不比平日轻松，甚至更为艰巨。除了日常的巡查维护，业主不在家时的突发情况更是要求我们必须迅速处理，查漏补缺。管家的电话比平时响得更密，安防的巡逻比平日检查得更细，工程人员的出勤比往日都要频繁。国庆7天假期中，保利物业累计在岗人数过半，约近万人坚守岗位，节日期间各项目安全有序，无治安、消防事件，无安全生产责任事件。细心、耐心、诚心，保利物业人默默奉献，用踏实的行动，无休的守候，为和院的安全尽心竭力。这一刻，我们仍不松懈。]]></content>
  <author><![CDATA[广州保利汇海花园]]></author>
  <time>2018-10-10 20:26:11</time>
  <account><![CDATA[gh_a216534b4269]]></account>
</data>
