<data>
  <id><![CDATA[50573412]]></id>
  <url><![CDATA[https://mp.weixin.qq.com/s?timestamp=1539596267&src=3&ver=1&signature=Egrj350GoKY8-KUcIJshb8xzCF*-Dsto0vKlpaCkYxQzlUEELgDpET8dX0Kjnd1WLk-SwXkk4JDM2FcZOCmeGpWZHMy1i6ETCkfVgpy8mp-5jNJ1MZiOFuIzrbeg2NAPhloVk1tuFrVyNmEpL993ehl8G8mAjkBCQlZswD9pDsQ=]]></url>
  <title><![CDATA[7万人中就有90%是水盲，你是其中之一吗？]]></title>
  <content><![CDATA[对于自来水，中国水营养专家李复兴教授曾言：自来水不烧开无法杀死病菌，自来水烧开后消毒副产品的毒性增大5至6倍、亚硝酸盐的含量增加40多倍。但两者相权取其轻，饮用自来水一定要正确烧开；这其中便指出了饮水的几大盲区Q：水一烧开就关火A：水烧开后，应开盖沸腾三分钟，挥发掉水中的余氯等可挥发性消毒副产品Q：过滤水直接饮用A：一般的家庭过滤器无法将水中的病菌完全去除。Q：饮用长时间久置的水A：桶装水：未开封前保质期一般为3个月，但在开封后15天水内的细菌含量就会超标，危害健康。所以桶装水最好不要超过一周，以保证水质安全；白开水：人们大都知道不能“千滚”，但是隔夜久置的白开水亚硝酸含量也同样增加，所以尽量不喝隔夜开水。顺便再次提醒大家，清晨水龙头的第一杯水，切勿饮用。找到熊猫仓售水机，找到健康优水尽管自来水烧开后可饮用，但长期饮用，体内毒素积聚，久而久之对身体便是大危害，所以李复兴教授仍然建议有条件的家庭尤其是有小孩的家庭尽量购买天然的矿泉水饮用优点1：一次性包装，水桶不回收，杜绝二次污染，没有水桶超时服役的顾虑。优点2：大包装水水量适中，饮用不超时，避免水量太大，短时间内喝不完。减少开封后时间过长带来的威胁和水资源浪费。优点3：包装大小轻便，可灵活放置于阴凉处，防止太阳直晒导致水变质。配套的迷你饮水机，同样轻巧，易清洗，是你的贴心选择。优点4：周期性补、换水，保证熊猫仓售水机在售的是大品牌，高品质的健康优水优点5：就在家楼下，不必家中苦等送水工，不必担心陌生人敲门，不必走出小区，找到熊猫仓售水机，轻轻一扫，就能安心、舒心地买到放心优水。赶紧找到您家楼下的熊猫仓售水机吧！现在还有0元购饮水机大优惠噢~熊猫仓售水机特惠！买水就送饮水机！]]></content>
  <author><![CDATA[广州保利汇海花园]]></author>
  <time>2018-10-09 18:27:33</time>
  <account><![CDATA[gh_a216534b4269]]></account>
</data>
