<data>
  <id><![CDATA[50573412]]></id>
  <url><![CDATA[https://mp.weixin.qq.com/s?timestamp=1539596267&src=3&ver=1&signature=Egrj350GoKY8-KUcIJshb8xzCF*-Dsto0vKlpaCkYxQzlUEELgDpET8dX0Kjnd1WLk-SwXkk4JDM2FcZOCmeGsHTZV7CGr5UUvUcPPEMjlAU-sil74iSpieT6FfOLBbOjh*hPfSvXLZ2bkJroGsRJo684r6IrZ5EjoikrCzoMm4=]]></url>
  <title><![CDATA[【和院晚新闻】阅读两分钟，知晓和院事]]></title>
  <content><![CDATA[和院要闻东江首府物业服务中心组织开展"2018年消防疏散演习”活动为了进一步加强东江首府社区消防安全工作，提高大家的消防安全意识和扑灭初起火灾的能力，检测消防设施设备的性能，真正做到防患于未然。东江首府服务中心在10月12日15:00开展了“保利东江首府2018年消防疏散演习”活动。活动现场除了模拟小区发生火灾进行救火疏散演习外，还邀请了专职消防队长向广大业户讲解了家庭救火的技巧和灭火器的使用等，吸引了众多群众前来参与。亲情服务中辰广场物业服务中心组织收到业主赠送的锦旗一面中辰广场物业服务中心于10月12日收到一面锦旗，原来是业主感谢服务中心工作人员对装修过程细致跟进与优质贴心的服务，工作人员认真的工作态度更是得到了业户认可，为此特送来锦旗，表示肯定与感谢。和院“大变装”紫林香苑停车场出口人行道路面进行优居焕新紫林香苑物业服务中心焕新人行道路面，将原先水泥地面优化为橡胶路面，较之前更加美化。更为重要的是，橡胶路面有效防滑，方便行人出行，减少往来携带尘土，为业户通行提供切切实实的便利。晚间箴言好运只是个副产品，只有当你不带任何私心杂念，单纯地去做事情时，它才会降临。今日话题李克强抵达杜尚别出席上海合作组织成员国政府首脑理事会第十七次会议并对塔吉克斯坦进行正式访问10月11日下午，应塔吉克斯坦共和国总理拉苏尔佐达邀请，国务院总理李克强乘专机抵达杜尚别国际机场，将出席上海合作组织成员国政府首脑(总理)理事会第十七次会议并对塔吉克斯坦进行正式访问。李克强总理夫人程虹，国务委员兼外交部长王毅，全国政协副主席、国家发展和改革委员会主任何立峰等陪同人员同机抵达。李克强表示，中塔是山水相连的友好邻邦，真诚互信的亲密朋友，互利共赢的合作伙伴。2017年，习近平主席和拉赫蒙总统共同将中塔关系提升为全面战略伙伴关系。两国政治互信不断深化，各领域合作蒸蒸日上。我期待在此访期间同塔方领导人就深化双边关系与各领域务实合作深入交换意见，让中塔双方精心培育的友谊之树更加枝繁叶茂，结出更多造福两国人民的累累硕果。▲分享来源于网络天气预告广州明日天气预告：21~28℃，多云，持续无风向微风。]]></content>
  <author><![CDATA[广州保利汇海花园]]></author>
  <time>2018-10-12 18:57:34</time>
  <account><![CDATA[gh_a216534b4269]]></account>
</data>
