<data>
  <id><![CDATA[50573412]]></id>
  <url><![CDATA[https://mp.weixin.qq.com/s?timestamp=1539596267&src=3&ver=1&signature=Egrj350GoKY8-KUcIJshb8xzCF*-Dsto0vKlpaCkYxQzlUEELgDpET8dX0Kjnd1WLk-SwXkk4JDM2FcZOCmeGpWZHMy1i6ETCkfVgpy8mp*F76fsd1t6kjJewU4Po2xz7ePtR5UbeaEpkvTuHTHR*7W3qDwnRWr2vjPiLh2nA8o=]]></url>
  <title><![CDATA[【和院晚新闻】阅读两分钟，知晓和院事]]></title>
  <content><![CDATA[和院要闻紫林香苑物业服务中心为业主急救开路护航业主突发急病，120救护车到达现场，紫林香苑物业服务中心迅速为其开路，指引救护车顺利到达业主所在楼栋，为急救争取时间。为业主保驾护航，是我们的责任，无论何时，我们始终守候在业主身旁。香逸花园物业服务中心组织开展“泳池捕鱼达人活动”10月7日上午，香逸花园物业服务中心为小区业户的国庆长假划上完美的句点。以家庭为单位，参加捕鱼活动。捕鱼者不可以用专业捕具，只能用盆或者桶，现场进行捕捞。第一场：家庭齐上阵，捕捞的鱼自行带回家里食用。一鱼多吃，业主也纷纷晒出了自家的“成品鱼”；第二场：专门为小朋友准备的金鱼，小朋友在家长的指引下，带金鱼回家。现场活动人气满满，大家都玩得十分开心。和院“大变装”紫薇花园物业服务中心为园区单车停放区划线刷漆由于小区业主的单车越来越多，没有统一的停放位置，导致业主随处停放，造成了园区道路的堵塞，影响了园区的美观。紫薇花园物业服务中心在6栋10梯旁、2栋晾晒场单车停放点设置了专门的停车点。安防部的同事对设置的停车点尽心划线刷漆，为业主停放单车提供一个规范的停车位置，美化了园区的环境。晚间箴言我们都有未开发的潜能，唯有挑战极限你才能发掘它们。今日话题王毅：坚持合作共赢正道，不陷冲突对抗歧途10月8日，国务委员兼外交部长王毅在北京会见美国国务卿蓬佩奥。王毅表示，国务卿先生提出希望访华，我们愿意与你见面。最近一段时间，美方在不断升级对华贸易摩擦的同时，又在台湾等问题上采取了一系列损害中方权益的行为，并且无端指责中国的内外政策。这些做法直接冲击了双方的互信，给中美关系的前景蒙上了阴影，也完全不符合两国人民的利益。王毅表示，我们要求美方立即停止错误言行。中美还是要坚持走合作共赢的正道，不应陷入冲突对抗的歧途。我知道，你此行还很想就朝鲜半岛等地区热点问题同中方交换意见。这恰恰说明，两个大国，两个安理会常任理事国，需要也应该加强沟通合作，承担起国际社会赋予我们的职责。同时，这种合作应当有一个健康稳定的双边关系作为支撑。我希望，国务卿此次北京之行，能够为实现这一目标发挥积极作用。▲分享来源于网络天气预告广州明日天气预告：19~31℃，多云，持续无风向微风。]]></content>
  <author><![CDATA[广州保利汇海花园]]></author>
  <time>2018-10-09 18:27:33</time>
  <account><![CDATA[gh_a216534b4269]]></account>
</data>
