<data>
  <id><![CDATA[50573412]]></id>
  <url><![CDATA[https://mp.weixin.qq.com/s?timestamp=1539596267&src=3&ver=1&signature=Egrj350GoKY8-KUcIJshb8xzCF*-Dsto0vKlpaCkYxQzlUEELgDpET8dX0Kjnd1WLk-SwXkk4JDM2FcZOCmeGvpV5wTVDD5QGuKCs-xzBuvYCecwlz3OfxfX0vnyZFMtia6YVDmXm3mQFt7*hCAHT2Hy7zFfL0PTWLTLi1ZxuWM=]]></url>
  <title><![CDATA[汇海花园十月四害消杀计划]]></title>
  <content><![CDATA[尊敬的各位业主/住户：为避免蚊虫、老鼠、蟑螂等虫害繁殖，为营造良好的居住环境，服务中心暂定于10月5日 、 10月12日、10月19日、10月26日对全区公共区域及下水道进行全面灭四害工作（为保证消杀效果，如遭遇降水将顺延至天晴后进行） ，为达到更好的效果，服务中心建议业户同时对自家区域进行四害灭杀。请各位注意以下几点：1、请家长看护好小孩，避免在打药过程中让小孩进入草地玩耍；2、请低层住户在打药时关好门窗，将外挂衣服收好；3、对宠物加强管理，近期不要在公共绿地喂食宠物，对食虫性宠物应特别注意，以免造成宠物中毒；4、请大家清理好自家的有关积水器具，配合小区做好蚊蝇孳生地的消杀工作。感谢您一直以来对服务中心的配合与支持，若有疑问请联系服务中心前台值班电话：020-81639415（24小时值班）。保利物业发展股份有限公司广州汇海花园物业服务中心二〇一八年十月一日]]></content>
  <author><![CDATA[广州保利汇海花园]]></author>
  <time>2018-10-01 17:52:26</time>
  <account><![CDATA[gh_a216534b4269]]></account>
</data>
