<data>
  <id><![CDATA[50573412]]></id>
  <url><![CDATA[https://mp.weixin.qq.com/s?timestamp=1539596267&src=3&ver=1&signature=Egrj350GoKY8-KUcIJshb8xzCF*-Dsto0vKlpaCkYxQzlUEELgDpET8dX0Kjnd1WLk-SwXkk4JDM2FcZOCmeGm90HgIADYVfDV5ETLAZGos20bXkgRi0eRqxOHMT4K8X1Vi7bcRA6KAC4jUs3MoOMkhUJyG*n05E*pWhy6ueKwM=]]></url>
  <title><![CDATA[【YY学车】送学车福利，广州班只要3880元！]]></title>
  <content><![CDATA[随着中国经济的发展拥有私家车的家庭也与日俱增同时，共享汽车时代也来临会开车，已经是一种生活技能这年头没有驾照相当于新时代的文盲有驾照既可以自由选择出行方式在应急、旅游、求职等方面还能把握良机驾考的关键在于选对驾校不要只关心价格要注重教学资源、驾校口碑考试合格率、服务水平等这决定以后开车的安全、习惯等因素选对驾校就是驾考路上成功的一半！YY学车联合保利物业给保利业主推出大型学车团购活动扫码报名最高减580元广州班只要3880元学车福利详情1学车班型广州平日班为您优惠300元，原价4180元，专享价为3880元；广州周末班为您优惠300元，原价4780元，专享价为4480元；清远平日班为您优惠580元，原价6580元，专享价为6000元；清远周末班为您优惠580元，原价6880元，专享价为6300元；清远VIP班为您优惠580元，原价7280元，专享价为6700元；尊享VIP班为您优惠580元，原价9980元，专享价为9400元；2扫码立减580元扫保利物业专属团购优惠码，填入正确手机号码提交，有机会获得最高价值人民币580元学车优惠。一个号码仅限领取一次，领完优惠后在广州YY学车(广州悦悦驾驶培训有限公司)，线上线下报名均可使用，每人报名只可用一次优惠！注：优惠仅限扫码并成功领取优惠劵使用3报名咨询‬孟先生:15018764498，18664363325YY学车地址：广州市天河区天河南二路19,21号宏发大厦5楼581关于YY学车☑没有吃拿卡要☑没有加钱练车☑更没有教练的臭脾气☑学车时间自由，可微信自主约车☑3人1车训练，最快60天拿证！☑考试不用排队1特设自营训练场YY学车在广州和清远都有驾校和自营训练场，全新考场，全新车辆，还特设YY学车专属考试接送大巴。2自由约自由考学员可通过微信公众号自主预约学车科目、时间、场地，可依据评价自主选择心仪教练。广州的8个区有练车场地，学车更自由。3通过率高考前强化训练，保证考试通过率，最快60天拿证。在广州练车，包车去清远考试，省去了约考排队时间，拿证时间更快！学车报名流程扫团购优惠码 → 填入正确手机号码提交 → 关注公众号”YY学车“ → 菜单栏“我要报名” → 选择心仪的班型...具体的报名流程可联系工作人员：‬孟先生:15018764498，18664363325扫码立减580元学车优惠]]></content>
  <author><![CDATA[广州保利汇海花园]]></author>
  <time>2018-10-11 19:49:16</time>
  <account><![CDATA[gh_a216534b4269]]></account>
</data>
