<data>
  <id><![CDATA[50573412]]></id>
  <url><![CDATA[https://mp.weixin.qq.com/s?timestamp=1539596267&src=3&ver=1&signature=Egrj350GoKY8-KUcIJshb8xzCF*-Dsto0vKlpaCkYxQzlUEELgDpET8dX0Kjnd1WLk-SwXkk4JDM2FcZOCmeGsuswKWKJOcFpK7s5uxe42xf4Suln*PBboWnRg4ZFexA2vxsGQIsEpTow5045GqYBbA*PG-LsRCBAvctMSj2U7M=]]></url>
  <title><![CDATA[【汇海·快讯】“Fun肆运动，无忧生活”——广东保利首届全民健身节汇海站]]></title>
  <content><![CDATA[云天收夏色，木叶动秋声经历了磨人的炎炎夏日小主们沉睡许久的运动细胞是否在蠢蠢欲动伸个懒腰，出门打卡广东保利首届全民健身节汇海站开始啦活动尚未开始，现场已是人头涌动，热闹非凡！下面我们就到活动现场看看吧~活动现场↓↓↓精彩开场签到处热闹非凡精彩节目，嗨翻天~精致糕点美食，隔壁小区的小盆友估计馋哭了~燃烧我的卡路里，秋膘拿走不客气A、通关类项目— 平衡射球—大象鼻子转圈后还能精准的把球精准地射进球门，小业主们真厉害！— 花样跳绳—— 动感呼啦圈—汇海的业主们都是运动健将，呼啦圈也耍得有模有样~— 趣味接球—考验准度的时候到了~B、竞赛类项目— 三人四足—默契！默契！步调一致向前冲~— 趣味障碍赛—机智的小业主们，小小难关又怎能难到他们！颁奖时刻恭喜我们实力与运气并存的得奖业主们~这是一场“欢快的大家庭聚会”，传递保利对业主的关怀和关心，希望业主能在百忙之中度过一个愉快的周末、让来到现场的人都能收获温暖和快乐。]]></content>
  <author><![CDATA[广州保利汇海花园]]></author>
  <time>2018-10-14 10:22:46</time>
  <account><![CDATA[gh_a216534b4269]]></account>
</data>
