<data>
  <id><![CDATA[50573412]]></id>
  <url><![CDATA[https://mp.weixin.qq.com/s?timestamp=1539596267&src=3&ver=1&signature=Egrj350GoKY8-KUcIJshb8xzCF*-Dsto0vKlpaCkYxQzlUEELgDpET8dX0Kjnd1WLk-SwXkk4JDM2FcZOCmeGq5p9Vmqztq8MCovP4pHgJGMLBnJH70-MhK3VjOzxuI5MYvS1xzUvUAzmxh5ucHwCCjFARfXTporCOfn4X768Vw=]]></url>
  <title><![CDATA[【和院晚新闻】阅读两分钟，知晓和院事]]></title>
  <content><![CDATA[和院要闻各物业服务中心相继组织开展“节前消防安全大检查”安全工作无小事，为了让和院业主们度过一个平安温馨的国庆长假，各项目物业服务中心将公司关于安全工作的重要指示精神从严从实从细落实到位，相继组织开展了一系列安全工作。各项目服务中心从加强值班、应急预案启动机制、各部门责任落实等方面对安全工作进行周密部署，随即全员出动，对楼层、地下车库、设备房、消防设施等展开安全大检查，防范于未然，为广大业户的和院生活保驾护航。亲情服务花香美苑物业服务中心组织开展九月“匠心”特色便民服务贴心服务，便利生活。在这全新“幸福升级服务季”，花香美苑物业服务中心为了回馈广大业户一直以来对服务中心工作的支持和认可，举办了九月“匠心”便民服务活动，现场为业户保养首饰及清洗眼镜，还有为业户上门清理洗手盆下水道，受到了和院业户的支持与称赞。天悦花园物业服务中心收到业主赠送锦旗一面天悦花园物业服务中心收到业主赠送的锦旗一面：业主一家送小孩出国时，把旧护照忘在家中，想回家拿但往返时间上又来不及，业主急忙向物业服务中心求助，安防经理于江同志二话不说紧忙帮业主将护照送去，业主表示十分感动与感谢，特意赠送锦旗到服务中心。云禧花园物业服务中心收到业主赠送锦旗一面云禧花园管家部大堂管家华美员收业主赠送的锦旗一面：业主经常出国出差，但是家里一直在装修无人看管。大堂管家华美员帮忙跟进，时刻关注业主家中的装修进度，并及时将装修情况及时反馈给业主。业主对大堂管家华美员的工作表示肯定，特意赠送锦旗表示感谢。北京大厦物业服务中心对公共区域进行全面消杀北京大厦物业服务中心为了做好国庆节期间卫生防范工作，应对和预防登革热，对北京大厦所有公共区域进行消杀并向业户派发防范药物及灭蚊片，确保登革热防控工作落到实处，全力预防登革热，保障业户健康安全。晚间箴言全力以赴，即使任务看起来超有难度。今日话题谱写新时代中央企业领导人员队伍建设新篇章近日，中共中央办公厅、国务院办公厅印发《中央企业领导人员管理规定》。这是贯彻落实习近平新时代中国特色社会主义思想和党的十九大精神的重要成果，是贯彻执行新时代党的组织路线的具体举措，是多年来特别是党的十八大以来中央企业领导人员管理经验的科学总结，是新时期做好中央企业领导人员管理工作的基本遵循，对于坚持和加强党对中央企业的全面领导，建设高素质专业化的中央企业领导人员队伍，培育具有全球竞争力的世界一流企业，具有十分重要的意义。▲分享来源于网络天气预告广州明日天气预告：19~30℃，多云为主。温馨提示：国庆假期期间广东省天气总体稳定，以晴好干燥天气为主，气温波动不大，早晚较清凉，白天紫外线强，空气质量优良，出现强降水的可能性极小，适宜外出活动。]]></content>
  <author><![CDATA[广州保利汇海花园]]></author>
  <time>2018-09-30 18:18:04</time>
  <account><![CDATA[gh_a216534b4269]]></account>
</data>
