<data>
  <id><![CDATA[50573412]]></id>
  <url><![CDATA[https://mp.weixin.qq.com/s?timestamp=1539596267&src=3&ver=1&signature=Egrj350GoKY8-KUcIJshb8xzCF*-Dsto0vKlpaCkYxQzlUEELgDpET8dX0Kjnd1WLk-SwXkk4JDM2FcZOCmeGlhF4f6CG011RbZFzjtgAydb9RJ2Vsj0AV-LvuAgYXBha9z3BOlR1YnJJV5NfiHfuvMZAuahPHuNJiAoL3b9ZEs=]]></url>
  <title><![CDATA[2天后，我们将兑现承诺！]]></title>
  <content><![CDATA[万家灯火世间最美的景色，不是灯红酒绿，也不是醉眼霓虹，而是心怀热望，并为之不懈奋斗。当正能量越来越多地凝聚，万家灯火燃起和院从此幸福+国学的仁爱礼让，民俗的古人智慧，公益的温情相伴，从冰冷的文字，变成人们的生活日常。当你回到和院，总有“万家灯火”升腾燃烧的人文闪光。第二届国际物业管理产业博览会保利物业人在T3A展位人文博物馆释放情怀，感受人文距离第二届国际物业管理产业博览会仅剩2天！10月15-17日深圳会展中心2号馆 T3A展位]]></content>
  <author><![CDATA[广州保利汇海花园]]></author>
  <time>2018-10-13 20:58:56</time>
  <account><![CDATA[gh_a216534b4269]]></account>
</data>
