<data>
  <id><![CDATA[50573412]]></id>
  <url><![CDATA[https://mp.weixin.qq.com/s?timestamp=1539596267&src=3&ver=1&signature=Egrj350GoKY8-KUcIJshb8xzCF*-Dsto0vKlpaCkYxQzlUEELgDpET8dX0Kjnd1WLk-SwXkk4JDM2FcZOCmeGklhVLf8CROeV6OGxzOGckXoyApYqFfIslZsoXVKsV1u5DHxl4YwZhAjW9RGXMWQ12RcsgXXY-HDq3Cqk7FB1jY=]]></url>
  <title><![CDATA[【和院晚新闻】阅读两分钟，知晓和院事]]></title>
  <content><![CDATA[和院要闻天悦花园物业服务中心接待政府工作人员参观指导垃圾分类工作9月29日下午，海珠区城管局，海珠区卫生局，琶洲、新港、赤岗及昌岗的街道办事处政府工作人员来到天悦花园参观指导垃圾分类工作，肯定了天悦花园物业服务中心在推广宣传垃圾分类行动中的工作成果，并为下一阶段推广给出有用建议。亲情服务紫林香苑物业服务中心组织开展九月“匠心”特色便民服务“匠心”开启，打造幸福升级服务季。紫林香苑物业服务中心为业户提供专业、高效的小家电修理服务，以“匠心”打造精致和院生活。儿童玩具、日常电器的小问题在师傅手中迎刃而解，服务中心工作人员细心帮助业户登记、排序，方便业户领取。贴心的服务赢得了现场业户的好评。江岸花园物业服务中心收到业主赠送锦旗一面江岸花园物业服务中心于9月28日收到一面锦旗，原来是业主林女士送给江岸花园安防员王正发的，安防员王正发工作态度认真，热心服务于业主，得到业主的认可，为此业主特送来锦旗，表示肯定与感谢。和院“大变装”林语山庄物业服务中心园区大门口焕新颜为了迎接国庆节的到来，林语山庄物业服务中心组织绿化工作人员对小区大门口的绿化进行重新补种，改造后成为了一道亮丽的风景线，让整个园区瞬间变得小清新~晚间箴言我们可以忘掉失败，但要牢记失败中的教训。今日话题王毅：“一带一路”已成为规模最大的国际合作平台9月28日，国务委员兼外长王毅在第73届联合国大会发表演讲时表示，习近平主席提出共建“一带一路”倡议，是中国向世界提供的公共产品，已成为规模最大的国际合作平台。“一带一路”建设坚持共商共建共享，秉承开放透明包容，遵循国际规则法律，追求绿色环保可持续，旨在通过优势互补，实现共同发展繁荣。截至今年9月，已有130多个国家和国际组织与中国签署了合作协议。中国明年将举办第二届“一带一路”国际合作高峰论坛，欢迎各方积极参与。▲分享来源于网络天气预告广州明日天气预告：21~30℃，多云，东北风3~5级。]]></content>
  <author><![CDATA[广州保利汇海花园]]></author>
  <time>2018-09-29 18:22:54</time>
  <account><![CDATA[gh_a216534b4269]]></account>
</data>
