<data>
  <id><![CDATA[50573412]]></id>
  <url><![CDATA[https://mp.weixin.qq.com/s?timestamp=1539596267&src=3&ver=1&signature=Egrj350GoKY8-KUcIJshb8xzCF*-Dsto0vKlpaCkYxQzlUEELgDpET8dX0Kjnd1WLk-SwXkk4JDM2FcZOCmeGpWZHMy1i6ETCkfVgpy8mp*UK2nMUX-VpjdzKJgOglsCYXfpfQSUNGXXy8RD34TTd*934lM-u10NwheOgOKEn*g=]]></url>
  <title><![CDATA[寒露|秋寒结为霜，和院情似阳]]></title>
  <content><![CDATA[]]></content>
  <author><![CDATA[广州保利汇海花园]]></author>
  <time>2018-10-09 18:27:33</time>
  <account><![CDATA[gh_a216534b4269]]></account>
</data>
