<data>
  <id><![CDATA[50573412]]></id>
  <url><![CDATA[https://mp.weixin.qq.com/s?timestamp=1539596267&src=3&ver=1&signature=Egrj350GoKY8-KUcIJshb8xzCF*-Dsto0vKlpaCkYxQzlUEELgDpET8dX0Kjnd1WLk-SwXkk4JDM2FcZOCmeGklhVLf8CROeV6OGxzOGckXDFf5MEK-HTvzmJ2SevGNgoTDEk15xB1urD2INdHaCvjhvuhY62j1qm6fKOaK48is=]]></url>
  <title><![CDATA[【万家灯和】万家灯和人心暖关怀备至显真情]]></title>
  <content><![CDATA[欢迎光临保利物业万家灯和中国味道（视频素材来自商业、浙江、吉林、成都、辽宁）暖暖和院中秋节绵绵长长幸福深大院温情久相传今日共品人情味人情味一盏和灯一团温暖，一点粉饰焕然一新。园区里飘扬的和灯，点染了浓浓的中秋气氛，伴着和家大院的温馨，应和着天边的一轮圆月。顺利热闹的万家灯和夜，更是离不开保利物业人的辛劳付出和用心守候。活动前的精心布置筹划活动、布置会场、准备材料，虽然忙忙碌碌，但心里更是满怀期待。（粤东、武汉、青岛、大连、成都）活动中的细致服务维持秩序、分发礼品、照顾业主、保证安全，就算节目再精彩，也一刻不能放松安全警惕。（广州、石家庄、上海）活动后的迅速整理清理垃圾、拆撤会场、帮助业主运送礼品，欢乐过后也要赶紧整理，不忘维持园区整洁。（大连、上海、佛山）活动外的亲情问候和院志愿队在节日里探访社区中的孤寡老人，陪伴他们一起过节。虽然不能给予您更多别的，但我知道您最希望多些人可以说说话。<<  滑动查看下一张图片  >>（广州、天津、上海、重庆）我们用诚心换真心，希望用深情动人情万家灯和幸福中秋感谢和院里有你！亲情和院的更多味道等你来品：万家灯和生活味：【万家灯和】万家灯和味香甜 中国味道有温情万家灯和文化味：【万家灯和】万家灯和月色新 花好月满人团圆]]></content>
  <author><![CDATA[广州保利汇海花园]]></author>
  <time>2018-09-29 18:22:54</time>
  <account><![CDATA[gh_a216534b4269]]></account>
</data>
