<data>
  <id><![CDATA[50573412]]></id>
  <url><![CDATA[https://mp.weixin.qq.com/s?timestamp=1539596267&src=3&ver=1&signature=Egrj350GoKY8-KUcIJshb8xzCF*-Dsto0vKlpaCkYxQzlUEELgDpET8dX0Kjnd1WLk-SwXkk4JDM2FcZOCmeGm90HgIADYVfDV5ETLAZGouzIDR4v2unCqN7o0v3CCUclzbFY4bnA-X77Tggv9mIR*nr1v5w420ny1d5vrbzBvM=]]></url>
  <title><![CDATA[【物博会】保利物业人文博物馆即将“开馆”！保你逛不停吃满足]]></title>
  <content><![CDATA[欢迎光临保利物业“转眼国庆小长假就结束了是不是还有很多盆友没浪够？现在有三天放松的机会摆在你的面前你是去？还是去？还是去呢？第二届国际物业管理博览会即将在深圳启幕10月15日至17日在深圳会展中心给自己一个学习放松的机会我们一起接着浪~保利物业人文博物馆保利物业的展位于2号展馆 T3A（看清地图，别迷路哦）本届博览会保利物业将以“人文博物馆”的形式全新亮相“人文保利 服务中国”的霸气主题保利绿+活力黄宛若柠檬一般清新舒适配合原木的自然色让您重归纯净的美好声线甜美，朝气蓬勃的工作人员是不是很值得期待？（保利物业展位效果图）在这里你不仅可以“逛”，还可以“吃”，我们保证让你逛得舒心，吃的满足，一秒重回休闲度假模式。你不信？我们去看看NO1.升位后的新保利物业在为业主打造幸福生活的道路上，保利物业一直不曾停下脚步。2010年，保利物业领行业之先，提出了“亲情和院”的服务特色，2018年，保利物业立足亲情和院服务品牌，提出全新的“人文社区 价值生活”品牌理念。在这里您将了解到我们的三大计划，以及如何构筑人文生活的多维价值空间。同样您也可以“尝”到保利物业积淀22年的人文品牌味道。NO2.公共领域的创行者保利物业保利物业基于央企优势与多年物业服务经验，立足亲情和院沉淀，聚焦景区综合服务、产业园区、校园、医院以及城镇社会综合治理等领域，与政府共同探索并形成“政府主导，保利供给”的城镇公共服务新模式。在这里您不仅能收获先进的公共领域精细化管理服务经验，体验特色公共服务实景VR，感受不同的乡村治理与景区管理场景。（公共服务实景VR体验区）更能体味到温情付出背后一个个真实鲜活故事带来的感动，每一个物件、每一幅照片背后，都饱含着保利物业响应乡村振兴国家战略，致力为城市创造价值的决心。NO3.创新服务下多彩的保利物业在为国家、为城市创造价值实现的同时，保利物业也努力为人居为业主创造有价值的生活。在展位的创新产业区，我们带来了保利中味智慧餐饮体验区以及保利和加美居体验区。（保利中味智慧餐厅）（保利和加美居体验）在这您可以了解覆盖家庭、房屋、汽车、公共空间、商务、和乐教育的特色服务内容，也可以体验智慧餐厅、家装美居等特色生活服务，更可以实实在在的吃到保利中味出品的放心茶点。保利物业人文博物馆10月15日至17日深圳会展中心2号展馆 · T3A即将“开馆”还有更多惊喜故事和精彩内容等你来探！]]></content>
  <author><![CDATA[广州保利汇海花园]]></author>
  <time>2018-10-11 19:49:16</time>
  <account><![CDATA[gh_a216534b4269]]></account>
</data>
