<data>
  <id><![CDATA[50573412]]></id>
  <url><![CDATA[https://mp.weixin.qq.com/s?timestamp=1539596267&src=3&ver=1&signature=Egrj350GoKY8-KUcIJshb8xzCF*-Dsto0vKlpaCkYxQzlUEELgDpET8dX0Kjnd1WLk-SwXkk4JDM2FcZOCmeGvpV5wTVDD5QGuKCs-xzBuvgWHUlC*E80XSHPMJtUL33EvztmxFv7Q4cAjEpr2mDCwK9M-bO5sYOFYxk89yJ8T8=]]></url>
  <title><![CDATA[敢创新，领未来——保利和品三周年司庆精彩回顾]]></title>
  <content><![CDATA[2018年09月30日，保利和品在广州保利国际广场举办了主题为“敢创新，领未来”三周年庆典，董事总经理谢红英女士与广州总部全体同事共同出席，欢聚一堂。期间，谢总肯定了保利和品三年来取得的进步与成绩；同时也表示，保利和品的道路还长，应当永远怀着敬畏之心继续向前，不忘央企敢为人先的精神与责任，在创新产品与项目中传递“汇集智慧，相伴成长”的服务理念，促成更大范围、更高水平的合作共赢；同时，为股东创造更大的价值，将养老事业推向新高峰！谢红英女士为司庆致辞谢红英女士在主持倒香槟籍司庆之际，保利和品官网全新上线，大品牌大有来头！围绕“和以至达，品以至善”的品牌定位与调性，网站采用全新设计语音与视觉风格，帮助客户在第一时间识别与定位需求。全新体验，全新享受。请关注网址：http://www.chinahepin.cn保利和品官网全新上线以下为保利和品总经理：谢红英女士致辞全文：尊敬的保利和品同行者：大家下午好！今天我们欢聚一堂，喜迎公司三周年庆典。公司自成立以来，在集团的直接领导下，对各位投资人、股东、合作客户的大力支持表示衷心的感谢，你们的信心是我们背后最重要的支持！感谢各位和品人，是你们的创造力与凝聚力，将保利和品打造成为行业知名品牌，这坚定了集团公司、各位股东与客户对公司的信任！另外，我也代表公司，向奋斗在一线的同事表示最真挚的感谢！2015年9月至今，公司走过1000多个日夜。这三年，既是艰苦奋斗、充满艰辛的三年，也是夯实、颇有收获的三年。短短三年，中国养老市场渐成规模，对产业专业化运作提出了更高水平的要求。保利和品，作为保利发展控股集团下属企业，自诞生就肩负有敢为人先的果敢与担当。从摸着石头过河到小步快跑；从深挖养老需求及市场潜力，到推动行业标准化及维护行业标准公信力，是我们的坚守。我们为各大机构、社区、居家养老项目提供专业适老化产品、完备的专业培训及现场指导，降低养老机构运营成本压力及减轻护工劳动强度；为每一位长者提供安全、舒适、体面的生活，这让我们的努力很有意义。我们是高新技术企业，无创新，不和品。自2015年，保利和品首先在行业提出“大道至简”（Less is More）的产品理念与“始于精研，归于精简”的产品设计思路。在卫浴洁具/无障碍扶手、护理床、家具/饰品、康复/辅具四大领域，先后推出1000多款适老化产品，43款产品专利。在市场层面，我们已为200多个国家/地区提供专业服务，累积600多个成功项目经验，深受香港、台湾、韩国等地客户高度认可，品誉走向国际。我们先后为保利、招商、中信、华润、中铁、复星、碧桂园、龙湖、远洋、越秀、合生等知名企业配套多个大健康项目，这是全体和品人共同努力的成果，感谢大家！籍司庆之际，与大家分享一个好消息，保利和品官网已于今天全新上线，大品牌大有来头！围绕“和以至达，品以至善”的品牌定位与调性，网站采用全新设计语音与视觉风格，为各位客户提供更友好的视觉与阅读体验，帮助客户在第一时间识别与定位需求。三年，是一个新起点。我们不忘初心，敢于创新；与时俱进，敢做第一！我们将继续坚持研判基本面，以创新为内核，推动专业适老创新，促成更大范围、更高水平的合作共赢，为股东创造更大的价值，将养老事业推向新高峰！]]></content>
  <author><![CDATA[广州保利汇海花园]]></author>
  <time>2018-10-01 17:52:26</time>
  <account><![CDATA[gh_a216534b4269]]></account>
</data>
