<data>
  <id><![CDATA[50573412]]></id>
  <url><![CDATA[https://mp.weixin.qq.com/s?timestamp=1539596267&src=3&ver=1&signature=Egrj350GoKY8-KUcIJshb8xzCF*-Dsto0vKlpaCkYxQzlUEELgDpET8dX0Kjnd1WLk-SwXkk4JDM2FcZOCmeGsHTZV7CGr5UUvUcPPEMjlB20DirgnQbPAZH6-fzV7a5VmayDPWc8rbKyiMGsCb-5Z7Er7Lk01*7KuTZDXfrceA=]]></url>
  <title><![CDATA[【和愿】用爱心，守护您的笑容]]></title>
  <content><![CDATA[情满和院，善传天下和院志愿服务队的初心保利物业的实践与坚持让公益更快乐是我们的目标金秋十月保利花园志愿服务队与保利物业人把爱心带到社区看望、陪伴高龄长者陪伴是最长情的告白九九重阳节即将到来，保利花园志愿服务队与保利花园物业服务中心的工作人员一起走进保利花园里的高龄老人家中，送上诚挚的祝福，与他们一起拉拉家常、聊聊过去和现在、交流生活中的酸甜苦辣，用欢笑与陪伴给予她们满满的幸福。◆  ◆  ◆  ◆  ◆本次活动还吸引了媒体前来采访报道，广州电视台新闻频道《G4出动》来到现场进行拍摄宣传 。义诊义剪，发牵深情保利花园物业服务中心与志愿服务队携手广东省爱牙工程公益义诊为老人们检查牙齿，并宣传专业的护牙知识，守护每一位长者的笑容。为了让园区里的高龄老人们“足不出户”就能享受到最便利的生活，保利花园物业服务中心与志愿服务队在园区举办“爱心义剪”活动。■ ■■■■和院志愿服务队以社区为平台，以亲情关爱为核心让爱心与善行在保利社区生根发芽开出美丽的花以浓厚的亲情文化回馈社会是和院志愿者们构建美好幸福保利社区的愿望保利物业相伴一生的幸福]]></content>
  <author><![CDATA[广州保利汇海花园]]></author>
  <time>2018-10-12 18:57:34</time>
  <account><![CDATA[gh_a216534b4269]]></account>
</data>
