<data>
  <id><![CDATA[50573412]]></id>
  <url><![CDATA[https://mp.weixin.qq.com/s?timestamp=1539596267&src=3&ver=1&signature=Egrj350GoKY8-KUcIJshb8xzCF*-Dsto0vKlpaCkYxQzlUEELgDpET8dX0Kjnd1WLk-SwXkk4JDM2FcZOCmeGm90HgIADYVfDV5ETLAZGou2U4iWvcmqExeUZu1WjX1vILV8g-76Q5XpqtKGyONlr5bctESyHq*wPNnmjaKjReI=]]></url>
  <title><![CDATA[关于文明养犬的温馨提示]]></title>
  <content><![CDATA[尊敬的各位业主/住户：由于近期园区出现较多不牵狗绳、不处理排泄物等不文明现象，造成各方面不良影响。为维护小区公共秩序及环境卫生，保障业主/住户的人身安全，给每位业主/住户创建一个舒适、和谐、轻松的居住环境，服务中心特开展文明养犬主题活动，已于大堂和电梯轿厢粘贴文明养犬大小海报，加强园区内对未牵狗绳现象的引导工作。同时提醒各位业主/住户：一、未办理《养犬证》的养犬业主，请您及时到相应部门办理相关手续，并自觉遵守养犬有关法规。二、保持睦邻友好，避免犬吠扰民，打扰他人生活、休息，园区内禁养大型烈性犬。三、携爱犬外出时，避免近距离接触小孩、老人、孕妇等人群。（建议随身携带一个垃圾袋、方便处理排泄的粪便，保持小区环境的清洁）,同时应给狗套上嘴套、束上狗链，并由成年人牵领，以防咬伤他人。四、请勿在早、中、晚上下班高峰期遛狗。五、携爱犬外出或者归家时，请乘坐货梯。六、犬只在小区内发生任何安全事故，一切责任均由养犬人自行负责承担。并请全体业主/住户自觉遵守、积极参与监督。感谢您一直以来对服务中心的配合与支持，若有疑问请联系服务中心前台值班电话：020-81639415（24小时值班）。保利物业发展股份有限公司广州汇海花园物业服务中心二〇一八年十月十一日]]></content>
  <author><![CDATA[广州保利汇海花园]]></author>
  <time>2018-10-11 19:49:16</time>
  <account><![CDATA[gh_a216534b4269]]></account>
</data>
