<data>
  <id><![CDATA[50573412]]></id>
  <url><![CDATA[https://mp.weixin.qq.com/s?timestamp=1539596267&src=3&ver=1&signature=Egrj350GoKY8-KUcIJshb8xzCF*-Dsto0vKlpaCkYxQzlUEELgDpET8dX0Kjnd1WLk-SwXkk4JDM2FcZOCmeGm90HgIADYVfDV5ETLAZGovZnYmTkln*JmRPxJMqH-FBmp8B6*8qZ8GaHlX0Qr2mohmbYjSlxO8Yv55CoJ8fEVg=]]></url>
  <title><![CDATA[【和院晚新闻】阅读两分钟，知晓和院事]]></title>
  <content><![CDATA[和院要闻香雪山物业服务中心组织开展电工类职业技能竞赛为提高工程技术员实操能力和专业技能，打造学习成长型的工匠团队，香雪山物业服务中心组织开展了电工类职业技能竞赛。此次比赛为员工提供提升、展现业务技能的机会，希望全体员工能够再接再厉争取更上一层楼。亲情服务天悦花园物业服务中心收到业主赠送的锦旗一面天悦花园百优行动第一阶段的安防服务全面升级，从人行岗、车行岗上体现出整体服务品质的提高，服务中心全体员工精神面貌的提升，令小区业主的安全感倍增，特意送来锦旗鼓励天悦花园物业服务中心继续努力，再接再厉。和院“大变装”东江首府物业服务中心为园区羽毛球场改造焕新为丰富小区业主的休闲娱乐活动，东江首府物业服务中心联合保利地产对小区A7栋旁的羽毛球场地面进行了“优居焕新”改造。原本简单的水泥地面被铺上了地垫，画上了整齐的场地线框。晚间箴言坚韧不在于你跑得多长，而是你能坚持跑完一段又一段。今日话题习近平主持召开中央财经委员会第三次会议中共中央总书记、国家主席、中央军委主席、中央财经委员会主任习近平10月10日下午主持召开中央财经委员会第三次会议，研究提高我国自然灾害防治能力和川藏铁路规划建设问题。习近平在会上发表重要讲话强调，加强自然灾害防治关系国计民生，要建立高效科学的自然灾害防治体系，提高全社会自然灾害防治能力，为保护人民群众生命财产安全和国家安全提供有力保障；规划建设川藏铁路，对国家长治久安和西藏经济社会发展具有重大而深远的意义，一定把这件大事办成办好。▲分享来源于网络天气预告广州明日天气预告：19~26℃，多云，持续无风向微风。]]></content>
  <author><![CDATA[广州保利汇海花园]]></author>
  <time>2018-10-11 19:49:16</time>
  <account><![CDATA[gh_a216534b4269]]></account>
</data>
