<data>
  <id><![CDATA[50573412]]></id>
  <url><![CDATA[https://mp.weixin.qq.com/s?timestamp=1539596267&src=3&ver=1&signature=Egrj350GoKY8-KUcIJshb8xzCF*-Dsto0vKlpaCkYxQzlUEELgDpET8dX0Kjnd1WLk-SwXkk4JDM2FcZOCmeGlA90IHa7vS1FxFgej4b1h4u65P61WxabU1uWruHQGeTAkmDuKCu*BKJkN2VrkXu76jXrD90W2DfAqaNZ8RRtRc=]]></url>
  <title><![CDATA[【和院晚新闻】阅读两分钟，知晓和院事]]></title>
  <content><![CDATA[亲情服务紫林香苑物业服务中心百优行动进行时百优行动环境品质提升月，紫林香苑物业服务中心将文明养犬漫画四宫格的温馨提示及时粘贴到各个楼栋大堂及电梯宣传栏，将绿化补种牌放置在公区，强抓园区环境清洁，建设秀美紫林，给业主心旷神怡的宜居环境。茉莉花园物业服务中心在车库增设塑料桩茉莉花园物业服务中心收到业主建议，为了广大业主出行安全不抢道，今天在车库出入口增设塑料桩。论行动，我们是认真的。和院“大变装”东江首府物业服务中心修整7号岗路段东江首府7号岗路段由于施工一直未完成，导致该段路面一直是坑坑洼洼的状态，车辆出入极其不方便。为了能尽快解决业户的出行问题，服务中心联合保利地产对该路段进行了“优居焕新”工程，对该路段进行修整和铺设沥青。原本坑坑洼洼的道路铺上了沥青，“焕”上了新装。晚间箴言人与人之间最短的距离是微笑。今日话题习近平同安哥拉总统会谈 两国元首一致同意继续推动两国关系积极快速向前发展中国国家主席习近平9日在人民大会堂同安哥拉总统洛伦索举行会谈。习近平欢迎洛伦索对中国进行国事访问，表示很高兴在中非合作论坛北京峰会结束一个月后再次同洛伦索会面。习近平指出，北京峰会成功召开为中非、中安关系发展注入了新动力，带来了新机遇。双方要一道努力，继续推动中安关系积极、快速向前发展。中方对中安两国合作未来充满信心。▲分享来源于网络天气预告广州明日天气预告：19~24℃，小雨转多云，北风3~5级。]]></content>
  <author><![CDATA[广州保利汇海花园]]></author>
  <time>2018-10-10 20:26:11</time>
  <account><![CDATA[gh_a216534b4269]]></account>
</data>
