<data>
  <id><![CDATA[50573412]]></id>
  <url><![CDATA[https://mp.weixin.qq.com/s?timestamp=1539596267&src=3&ver=1&signature=Egrj350GoKY8-KUcIJshb8xzCF*-Dsto0vKlpaCkYxQzlUEELgDpET8dX0Kjnd1WLk-SwXkk4JDM2FcZOCmeGlA90IHa7vS1FxFgej4b1h6QkU4qPJ7mPk29imuMM-4jBg0mjO07JKdpdokwzBaJlmUXc2j1hfwfo50Ba1AKzvI=]]></url>
  <title><![CDATA[【和院·活动】心动不如马上行动，十月活动新鲜出炉~]]></title>
  <content><![CDATA[十月你好Hello October金秋十月秋日的天空清澈透亮宁静高远秋风轻柔地执起画笔在叶缝中勾勒起点点金黄流溢在秋日的天空下十月，也是拾月在保利和院里与小伙伴们一起感受热情洋溢的活动吧~和院重点活动九九重阳敬老月，和院温暖纷至沓来：登高采风，一起去享受十月的美丽风景；免费理发、健康义诊，给您关爱；登门拜访，敬献慰问礼品，最是温暖。在和院里，感受无微不至的关怀与亲情。九九重阳·探访老人▲图片来源于和院活动九九重阳·敬老茶话会▲图片来源于和院活动九九重阳·登高活动▲图片来源于和院活动九九重阳·和院义诊▲图片来源于和院活动九九重阳和院里还有很多精彩的活动等待您的参与。首届保利全民健身节✦活动时间与地点：汇海花园（10月13日）、保利花园（10月14日）、茉莉花园（10月20日）、天悦花园（10月21日）✦活动内容：竞赛类项目、通关类项目▲图片来源于和院活动百合花园✦活动主题：便民服务✦活动时间：10月22日✦活动地点：园区小广场✦活动内容：免费磨刀服务▲图片来源于和院活动云禧花园✦活动主题：公益宣传✦活动时间：10月12日✦活动地点：园区✦活动内容：播放公益电影▲图片来源于和院活动天悦花园✦活动主题：文明养犬宣传活✦活动时间：10月20日✦活动地点：园区走访✦活动内容：文明养犬线上、线下宣传以上只是部分保利社区的活动预告想要了解更多资讯请留意各物业服务中心的通知敬请期待和院里更多的社区文化活动和院因有您更精彩让我们在和院活动中不见不散]]></content>
  <author><![CDATA[广州保利汇海花园]]></author>
  <time>2018-10-10 20:26:11</time>
  <account><![CDATA[gh_a216534b4269]]></account>
</data>
