<data>
  <id><![CDATA[50573412]]></id>
  <url><![CDATA[https://mp.weixin.qq.com/s?timestamp=1539596267&src=3&ver=1&signature=Egrj350GoKY8-KUcIJshb8xzCF*-Dsto0vKlpaCkYxQzlUEELgDpET8dX0Kjnd1WLk-SwXkk4JDM2FcZOCmeGkBIdhfhcS24ttXtzbftLpgjqUSGZIzSfOZi*DrhqkCoPE3eJpfhdNG665gS8-dqJExwIRnmrvsNRyjHLPu5pJM=]]></url>
  <title><![CDATA[关于“优居焕新”活动的通知]]></title>
  <content><![CDATA[尊敬的各位业主/住户：为了回馈广大业主对汇海花园物业服务中心及保利地产工作的支持与厚爱，给业主提供更优质舒适的居住环境，汇海花园物业服务中心与保利地产根据本年度的优居焕新计划以及结合小区的实际情况，将在汇海花园开展优居焕新改造工程，具体改造项目情况如下:内容:  1、羽毛球场的地垫更换；2、四栋儿童娱乐场场地的地垫更换；3、北门新增设儿童滑滑梯一组；4、园区破损地砖更换。时间:从2018年10月8日开始，预计第1至2项于10月20日完工；预计第3至4项于10月30日完工。温馨提示：以上场地在优居焕新工程施工期间暂停开放使用，不便之处，敬请谅解!感谢您一直以来对服务中心的配合与支持，若有疑问请联系服务中心前台值班电话：020-81639415（24小时值班）。保利物业发展股份有限公司广州汇海花园物业服务中心二〇一八年十月八日]]></content>
  <author><![CDATA[广州保利汇海花园]]></author>
  <time>2018-10-08 23:31:44</time>
  <account><![CDATA[gh_a216534b4269]]></account>
</data>
