<data>
  <id><![CDATA[50573412]]></id>
  <url><![CDATA[https://mp.weixin.qq.com/s?timestamp=1539596267&src=3&ver=1&signature=Egrj350GoKY8-KUcIJshb8xzCF*-Dsto0vKlpaCkYxQzlUEELgDpET8dX0Kjnd1WLk-SwXkk4JDM2FcZOCmeGq5p9Vmqztq8MCovP4pHgJG3eO-2wy-BxqT5HekhYqvrejmGU6fn-au7Uto*miYj1yLaoddK7RzaRW3zoEja5SU=]]></url>
  <title><![CDATA[【汇海·快讯】园区大扫除，汇海在行动]]></title>
  <content><![CDATA[为了创造干净整洁的节日环境，服务中心组织清洁人员进行园区大扫除。对楼层、大堂、电梯各处进行清洁。焕发汇海新活力，让业主节日有个好心情。电梯清洁大堂清洁公告栏清洁垃圾桶清洁大堂门清洁楼层清洁岗亭清洁园区路面清洁园区清洁，汇海在行动。愿干净整洁的环境能给您带来好心情~]]></content>
  <author><![CDATA[广州保利汇海花园]]></author>
  <time>2018-09-30 18:18:04</time>
  <account><![CDATA[gh_a216534b4269]]></account>
</data>
