<data>
  <id><![CDATA[50573412]]></id>
  <url><![CDATA[https://mp.weixin.qq.com/s?timestamp=1539596267&src=3&ver=1&signature=Egrj350GoKY8-KUcIJshb8xzCF*-Dsto0vKlpaCkYxQzlUEELgDpET8dX0Kjnd1WLk-SwXkk4JDM2FcZOCmeGklhVLf8CROeV6OGxzOGckUvc13qZ1tfZ0C4ox5zA5bAG4maP8xNfeKHk0dL9rjSkVwxk7HeDgOwxvKm*BHJS6c=]]></url>
  <title><![CDATA[邀请函丨广东保利首届全民健身节开始报名啦]]></title>
  <content><![CDATA[经历了磨人的炎炎夏日小主们沉睡许久的运动细胞是否在蠢蠢欲动伸个懒腰，出门打卡隔壁广小保喊您去健身啦“Fun肆运动，无忧生活”广东保利首届全民健身节开始报名啦您的宝贵意见是我们前进的动力如您对本次活动不感冒请猛扫下面的二维码，告诉我们您的要求~愿我们的用心，您能感受到，您的5分评价，是对我们5U服务的最大肯定！4分=差评！！！微信扫一扫关注“广东保利会”入会认证后，报修、咨询更便利广东保利客服热线：400-886-0048广东保利客服回访热线：37697000保利倾听您的心声！]]></content>
  <author><![CDATA[广州保利汇海花园]]></author>
  <time>2018-09-29 18:22:54</time>
  <account><![CDATA[gh_a216534b4269]]></account>
</data>
