<data>
  <id><![CDATA[50573412]]></id>
  <url><![CDATA[https://mp.weixin.qq.com/s?timestamp=1539596267&src=3&ver=1&signature=Egrj350GoKY8-KUcIJshb8xzCF*-Dsto0vKlpaCkYxQzlUEELgDpET8dX0Kjnd1WLk-SwXkk4JDM2FcZOCmeGq5p9Vmqztq8MCovP4pHgJEDKacJ92-D9y9F3mvmXMrOwC47ZRcGIfCg2slIgdnoqSvMl4VkusKWC-HkVkVlqwU=]]></url>
  <title><![CDATA[关于国庆假期安全防范的温馨提示]]></title>
  <content><![CDATA[尊敬的各位业主/住户：国庆节临近，为了保证汇海花园全体业主度过一个愉快、祥和的节日，服务中心提醒您做好以下安全防范工作：一、国庆节外出游玩的业主/住户，请将门、窗关好，并关掉电源、煤气与自水的总阀开关，妥善处理室内一切易燃物品，譬如油漆、涂料、松香、二甲苯等；并做好预防工作，请不要在家中存放大量现金、珠宝首饰等贵重物品。另节日期间出行车辆增多，注意驾车安全。二、如有亲戚朋友探访、家政等有关人员进入小区，请告知，并给予积极配合，进入小区必须提供有效证件，经门岗安防人员确认后方可进入小区。三、如节日出行时间较长，请您通知物业服务中心并留下应急电话，我们将加强所在单元的巡查工作，出现紧急情况能及时制止或联系您作进一步处理。四、2018年10月1日至10月7日期间，小区内请停止装修施工，室外阳台与走火通道内严禁堆放任何装修垃圾和建筑材料。感谢您一直以来对服务中心配合与支持，若有疑问请联系物业服务中心前台电话：020-81639415（24小时值班）。保利物业发展股份有限公司广州汇海花园物业服务中心二〇一八年九月三十日]]></content>
  <author><![CDATA[广州保利汇海花园]]></author>
  <time>2018-09-30 18:18:04</time>
  <account><![CDATA[gh_a216534b4269]]></account>
</data>
