<data>
  <id><![CDATA[50573412]]></id>
  <url><![CDATA[https://mp.weixin.qq.com/s?timestamp=1539596267&src=3&ver=1&signature=Egrj350GoKY8-KUcIJshb8xzCF*-Dsto0vKlpaCkYxQzlUEELgDpET8dX0Kjnd1WLk-SwXkk4JDM2FcZOCmeGvpV5wTVDD5QGuKCs-xzBut3IkrUyM1QTKh2dY3FGKX4Y8wu2NuVoGLHOb70jTsWiv42RZ*m*4U*a51UQBs7dpI=]]></url>
  <title><![CDATA[欢度国庆——美丽中国保利同行]]></title>
  <content><![CDATA[保利物业祝大家国庆快乐「 美丽中国 保利同行 」保利物业作为央企将继续围绕人文，专注服务践行温暖回家路、万家灯火、镇兴中国三大人文计划全方位落地“人文社区  价值生活”的理念以坚实稳健的步伐与祖国共成长]]></content>
  <author><![CDATA[广州保利汇海花园]]></author>
  <time>2018-10-01 17:52:26</time>
  <account><![CDATA[gh_a216534b4269]]></account>
</data>
