<data>
  <id><![CDATA[50573412]]></id>
  <url><![CDATA[https://mp.weixin.qq.com/s?timestamp=1539596267&src=3&ver=1&signature=Egrj350GoKY8-KUcIJshb8xzCF*-Dsto0vKlpaCkYxQzlUEELgDpET8dX0Kjnd1WLk-SwXkk4JDM2FcZOCmeGvpV5wTVDD5QGuKCs-xzBuvEnSsKO7M8isqayem1qPYWQok80TEWXBtSmoizaZudSIL38xESF-yxwksPg*HFKCw=]]></url>
  <title><![CDATA[【和院·小贴士】国庆假期完美CheckList]]></title>
  <content><![CDATA[国庆黄金周小长假无论是安排个长途旅行还是留在广州感受明媚的阳光出门在外还是要注意安全小p为大家精心准备一份出行攻略让大家可以度过一个安全舒心的假期假期攻略天气情况根据中央气象台的预报今年国庆假日期间(10月1-7日)全国大部地区天气晴好 适宜外出但天南地北同一季节经常出现不同的天气所以出行前一定要提前查好当地的天气正所谓“晴带雨伞饱带干粮”交通情况据交通部预测国庆假期珠三角地区拥堵程度最高，长三角次之京津冀与成渝地区高速公路通行拥堵程度也较大具体来看，哪些路段更易堵车？请看下图↓↓↓小p温馨提示一下自驾游的小伙伴要保证充足睡眠一定谨记开车不喝酒哦安全防范在乘坐汽车、火车、飞机等交通工具参加各类旅游项目时要听从工作人员的安全提示在景区游览时不使用明火、不乱扔烟头不擅自在野外河流、湖泊、水库、海域游泳注意食品卫生安全不随意食用来源不明的食物、饮品文明旅游要遵守文明旅游规范遵守旅游目的地法律规定尊重当地风俗和宗教信仰保护生态环境，不乱扔垃圾不在公共场所高声喧闹不争抢公共服务设施遇有纠纷理性解决，不采取过激言行此外，游客旅途中遇到相关事项需要咨询，遇到旅游维权需要投诉，遇到旅游紧急情况需要救援时，都可以电话拨打“12301”旅游热线求助。而对于国际出游的游客来讲，应密切关注旅游、外交等有关部门发布的出行提示，了解目的地天气、卫生、交通和社会治安情况，如遇紧急和突发情况，可向当地使领馆求助。▲以上图文来源于网络人生不过短短的900个月画一个30×30的表格一张A4纸就够了趁长假归家，多陪陪家人若没能回家，问候电话传达吃顿便饭唠家常陪伴便是最长情的告白保利和院的爱，与您一路相伴]]></content>
  <author><![CDATA[广州保利汇海花园]]></author>
  <time>2018-10-01 17:52:26</time>
  <account><![CDATA[gh_a216534b4269]]></account>
</data>
