<data>
  <url><![CDATA[http://mp.weixin.qq.com/s?timestamp=1536170465&src=3&ver=1&signature=KpIapyYuvtUSvw7wCLI4OSsAm12*lWAnsM*H*8860gITXE6RPKovNzf7cJUk012NVTKNVD-dNFUKJ-z6q3JmLWLXNs80*EJhlPkbpaP9b7Yl-q*WUOYZ9BCJzWnhup4D-ajh0Lr1uqpE-z*wdEhTyVSTMecSQvfaELEnGCRwNdo=]]></url>
  <title><![CDATA[星聚城私人影院特惠包夜仅售68元/晚（可容纳8人）]]></title>
  <content><![CDATA[【产品亮点】：&nbsp;独立私密空间，最新大片抢先看，免费K歌，免费空调，超洁净的卫生条件，更免费赠送娃娃机抓娃娃，无限抓娃娃]]></content>
  <author><![CDATA[唐唐假期]]></author>
  <time>2018-09-21 15:14:42</time>
  <account><![CDATA[tangtangaini0516]]></account>
</data>
