<data>
  <id><![CDATA[50517954]]></id>
  <url><![CDATA[https://mp.weixin.qq.com/s?timestamp=1539596445&src=3&ver=1&signature=Egrj350GoKY8-KUcIJshb2mseGTbtxOh6l6Edf39tZ5qLGkoEOavgpYJRDJ5h4YlwxAp6ve*xVl2aLcfXsVBRWTCwLha6nJefIh5tk5QH5Gd8yeQVhoKTzdmB4ZoA9kj2y*Ar4gWTrcRbfRe7CzDbA1qSJO*D-K4meMuEn-gw3M=]]></url>
  <title><![CDATA[【聚焦】9月这些民生大事，件件与你有关！]]></title>
  <content><![CDATA[不知不觉间，10月份已经在我们的国庆假期中开始了。刚刚过去的9月发生了哪些民生方面的好消息？一起来看一下！01人社部印发扶贫攻坚三年行动方案近日，人社部印发《打赢人力资源社会保障扶贫攻坚战三年行动方案》，进一步发挥人社部门职能作用，细化任务措施，压实工作责任，不断加大就业创业、技能培训、社会保险、人事人才扶贫工作力度，推动人社扶贫攻坚工作更加有效开展。《方案》提出，到2020年，要实现贫困人口基本养老保险全覆盖，通过扩大贫困劳动力就业规模、提高就业质量，促进100万贫困劳动力实现就业，带动300万贫困人口脱贫。点击查看详情>>022018年度保障农民工工资支付工作考核细则发布为强化对保障农民工工资支付工作的组织领导，进一步落实治理拖欠农民工工资问题的属地责任，解决企业工资拖欠问题部际联席会议近日印发《2018年度保障农民工工资支付工作考核细则》，部署对各省、自治区、直辖市人民政府及新疆生产建设兵团2018年度保障农民工工资支付工作进行年度考核。点击查看详情>>03四部门：改革社会保险费征收体制总体上不增加企业负担人社部、财政部、国税总局和国家医保局四部门相关负责人在9月19日答记者问时明确表示，社保费征收体制改革总体上不增加企业负担。当前各地征收体制改革工作正处于准备阶段，社保经办机构和税务部门着力于做好衔接工作，积极建立数据共享平台，并在改革工作中坚持只变更征收主体，原有政策继续保持不变的基本原则。已负责征收社会保险费的各级税务机关，在社保征收机构改革到位前，要一律保持现有征收政策不变，不得自行组织开展以前年度的欠费清查，确保征管有序，工作平稳。将进行分析测算，研究提出适当降低社保费率、确保总体上不增加企业负担的政策措施。点击查看详情>>04大中城市联合招聘高校毕业生（秋季）专场活动启动9月24日，人社部启动第六届大中城市联合招聘高校毕业生秋季专场活动，以“城市联动，精准服务”为主题，整合全国各省市区及大中城市公共就业人才服务机构资源，依托高校毕业生精准招聘平台，开展线上线下精准对接，为高校毕业生求职择业和用人单位招聘人才提供便捷、精准、高效的服务。点击查看详情>>05打造“双创”升级版，国务院提出八大政策措施国务院日前印发《关于推动创新创业高质量发展打造“双创”升级版的意见》。《意见》指出，通过打造“双创”升级版，进一步优化创新创业环境，大幅降低创新创业成本，提升创业带动就业能力，增强科技创新引领作用，提升支撑平台服务能力，推动形成线上线下结合、产学研用协同、大中小企业融合的创新创业格局。《意见》提出打造“双创”升级版的八个方面政策措施。点击查看详情>>06三部门联合开展2018年金秋招聘月活动金秋时节是用工旺季，为帮助企业解决用工高峰期招工稳工问题，人力资源社会保障部、全国总工会、全国工商联将于10月在全国县级以上城市开展2018年金秋招聘月活动，为各类企业和劳动者提供招聘服务。点击查看详情>>（来源：中国政府网、人社部网站）]]></content>
  <author><![CDATA[鄂尔多斯空港政务信息]]></author>
  <time>2018-10-09 17:04:00</time>
  <account><![CDATA[kgzwxx]]></account>
</data>
