<data>
  <id><![CDATA[50517954]]></id>
  <url><![CDATA[https://mp.weixin.qq.com/s?timestamp=1539596445&src=3&ver=1&signature=Egrj350GoKY8-KUcIJshb2mseGTbtxOh6l6Edf39tZ5qLGkoEOavgpYJRDJ5h4YlwxAp6ve*xVl2aLcfXsVBRVF2AuFk-odmBYb3ofVxILF9ildcd8L-IDfG3Bm7xEgj285X57OUocUGe9s7qkn*eoDollMQEgvgdtuJz0*k21g=]]></url>
  <title><![CDATA[【动态】空港园区全面开展第四次全国经济普查工作]]></title>
  <content><![CDATA[按照党中央、国务院的统一部署和市旗统计部门的相关要求，空港园区全面开展园区经济普查清查工作。为掌握园区经济发展状况、全面调查第二产业和第三产业的发展规模、布局和效益，摸清全部法人单位资产负债状况和新兴产业发展情况，按照相关程序要求，园区成立普查小组，普查队伍佩戴普查证或普查指导员证，手持移动设备，上门采集单位清查数据，清查全园区范围内全部法人单位、产业活动单位，以及从事第二、三产业的个体工商户，系统掌握园区产业组织、产业结构的现状以及各主要生产要素的构成，重点是要进一步查实服务业、战略性新兴产业、文化产业和小微企业的发展状况。（文/李志军）]]></content>
  <author><![CDATA[鄂尔多斯空港政务信息]]></author>
  <time>2018-09-27 19:16:36</time>
  <account><![CDATA[kgzwxx]]></account>
</data>
