<data>
  <id><![CDATA[50517954]]></id>
  <url><![CDATA[https://mp.weixin.qq.com/s?timestamp=1539596445&src=3&ver=1&signature=Egrj350GoKY8-KUcIJshb2mseGTbtxOh6l6Edf39tZ5qLGkoEOavgpYJRDJ5h4YlwxAp6ve*xVl2aLcfXsVBRUpvOqNZP6x1cszOBhP1745nwwzWx1Dgbf-qOQ0ZnYLy4ypgd1hA-1Tc*9e7IJJmpObtPDzakLlY279Xf1l6rm4=]]></url>
  <title><![CDATA[【开放】中国开放的大门不会关闭，只会越开越大]]></title>
  <content><![CDATA[2018年9月30日，中国国际进口博览会举办地国家会展中心（上海）南广场灯光柱亮起，吉祥物“进宝”的图案也装饰到位。新华社记者 方喆 摄开放，在每一个中国人心中有着深深的家国记忆。历经40年改革开放，当今中国已与世界深度互融互通，也构成一个无法否认的事实，开放改变中国、影响世界。2018年9月3日，中非合作论坛北京峰会在北京人民大会堂隆重开幕。新华社记者 刘卫兵 摄当前，在贸易保护主义、逆全球化思潮沉渣泛起，尤其是中美贸易摩擦升级的背景下，作为世界第二大经济体的中国更是被置于放大镜下审视——中国的开放是应对贸易摩擦的被迫之举还是主动作为？中国的开放是经济威胁还是发展机遇？2018年5月4日无人机拍摄的青岛港前湾自动化集装箱码头。新华社记者 李紫恒 摄中国是公平贸易的破坏者还是坚定维护者？面对错综复杂的国内外形势，中国按照既定部署和节奏，坚定不移地推动扩大开放，向世界展示信心和决心。从1978年十一届三中全会改革开放号角吹响，中国扩大开放的脚步从未放缓，并在与时俱进中不断深化。中国开放的脉络，始终清晰地刻印在中国发展进程中。中国的开放，不仅没有对他国的经济造成威胁，反而带来更多发展机遇。资本会“用脚投票”：今年前8个月，我国新设立外商投资企业4万多家，比去年同期翻了一番；吸收外资额5604.3亿元，同比增长2.3%。2018年6月9日，山东青岛举行《有朋自远方来》灯光焰火艺术表演，庆祝上海合作组织青岛峰会召开。新华社记者 徐昱 摄看未来，中国的中等收入群体已达3亿人以上，今后每年进口将超过2万亿美元，开放的中国愿意让世界搭乘发展的“顺风车”。环顾世界，一些国家曾经高举自由贸易大旗、享受过全球化红利，一旦发现其他国家迅速发展，自己的实力正在下降，就从“自由贸易”转而强调所谓的“公平贸易”，指责中国是公平贸易的破坏者。如同赛场，同场竞技，遵守“游戏规则”至关重要。秉持共商共建共享原则，中国的“一带一路”倡议，成为目前规模最大、最受欢迎的国际合作平台。这一倡议以其多边主义理念赢得各方信任，被视为中国新一轮改革开放的重要标志。2018年3月22日在海南博鳌拍摄的博鳌亚洲论坛永久会址（无人机拍摄）。新华社记者 郭程 摄事实胜于雄辩。只要认清开放融通的历史潮流，循着中国对外开放的轨迹，把握世界发展趋势，人们就会发现，中国开放的大门不会关闭，只会越开越大。开放的道路不会平坦，融入世界就要经得起风吹浪打。如今，中国经济对世界经济增长贡献率达到三分之一。经历风雨后的中国，将以更加成熟的姿态迎接任何挑战。（来源：新华社）]]></content>
  <author><![CDATA[鄂尔多斯空港政务信息]]></author>
  <time>2018-10-12 16:35:58</time>
  <account><![CDATA[kgzwxx]]></account>
</data>
