<data>
  <id><![CDATA[50517954]]></id>
  <url><![CDATA[https://mp.weixin.qq.com/s?timestamp=1539596445&src=3&ver=1&signature=Egrj350GoKY8-KUcIJshb2mseGTbtxOh6l6Edf39tZ5qLGkoEOavgpYJRDJ5h4YlwxAp6ve*xVl2aLcfXsVBRX0zGZSY9QWqL3966aer0Ru1Pbnslq6mYaifEktio5xG1EBItRAxh9zl8GxTwn66v9qdT-Gzt4qU4pqOxV*Dpjg=]]></url>
  <title><![CDATA[【招商】伊泰置业鄂尔多斯公司总经理白如冰会同DGBK设计公司总经理张健一行到空港园区对接项目]]></title>
  <content><![CDATA[继国庆节前考察之后，10月10日，伊泰置业鄂尔多斯公司总经理白如冰会同该公司委托设计单位DGBK公司总经理张健一行到空港园区，先后考察园区制高点及休闲体育公园项目，深入对接项目合作事宜。园区管委会副主任史占军及有关部门负责人陪同考察，并进行座谈。会上，史占军对伊泰集团高效务实的工作态度表示赞许，并就园区的区位优势、总体规划、基础配套和产业发展情况等方面作了介绍，特别就休闲体育公园项目情况及周边地产开发与考察团进行深入交流。他指出，项目设计应立足呼包鄂银榆城市群，结合本地旅游文化特色，着眼长远，深入进行调研论证，总体规划，分步实施，推进项目落地。白如冰表示，通过深入考察了解，对园区的交通区位等各项条件十分满意，希望与空港园区在文旅地产等产业项目方面开展合作。伊泰集团将继续加强与园区沟通对接，根据调研成果尽快拿出详细的合作方案，积极推动项目合作有实质性进展。会上，张健与园区有关部门负责人进行了交流，他表示，受伊泰集团委托，DGBK设计公司将派驻专业设计团队进行深入调研，收集相关资料并尽快提交切实可行的项目初步设计方案。（文/巴图  图/高智）]]></content>
  <author><![CDATA[鄂尔多斯空港政务信息]]></author>
  <time>2018-10-11 18:03:26</time>
  <account><![CDATA[kgzwxx]]></account>
</data>
