<data>
  <id><![CDATA[50517954]]></id>
  <url><![CDATA[https://mp.weixin.qq.com/s?timestamp=1539596445&src=3&ver=1&signature=Egrj350GoKY8-KUcIJshb2mseGTbtxOh6l6Edf39tZ5qLGkoEOavgpYJRDJ5h4YlwxAp6ve*xVl2aLcfXsVBRaLLMPgB0mMyNkdZYOuXqkqWv6LE*olaUDBecUKaNuQWrufFkyY5kTnarkxRyL33iPal4IH02iMCRX7LfGyTI3U=]]></url>
  <title><![CDATA[【聚焦】西部重要的空港产业集聚区正崛起]]></title>
  <content><![CDATA[西部重要的空港产业集聚区正崛起到2020年实现超百亿园区目标，走进全市开发区第三方阵前列，到2025年赶超跻身第二方阵行列。走进鄂尔多斯空港物流园区，高质量发展引领转型开放，全面开启二次创业新征程的节奏在园区激昂出跌宕起伏的乐章。看招商引资，大项目纷纷落户，这片投资的热土正引来八方宾客；看项目建设，吊塔林立，车轮滚滚，天骄圣地传来了加快发展的消息；看平台优化，环境优美，布局合理，致力于打造西部地区重要的空港产业集聚区、国家级物流园区示范区、临空经济示范区、外向型经济集聚区的景象映入眼帘。在鄂尔多斯综合保税区开发建设的施工现场，整个工地都在热火朝天抢工期、赶进度，目之所及，尽显项目建设的如火如荼，已完成的综合服务大厅、主卡口、查验中心、开闭站、锅炉房、熏蒸房、焚烧库等7个单体建筑的主体工程也是巍然耸立，市政管网铺设已基本完成，正在进行道路基础施工，一个现代化的综合保税区初具雏形。鄂尔多斯空港物流园区在经过10个春夏秋冬的轮回，完成中心发展区31平方公里的基础开发建设，投资总量达到150多亿元，已全面转向产业集聚发展的新阶段。为此，今年该园区吹响了二次创业的号角，充分利用一次创业累积的优势，发挥资金、人才、市场、信息、技术、体制的整合功能，加快建设鄂尔多斯中心城区副中心，打造转型开放新支点，建设实力新空港。预计到2020年，园区总产值达到150亿元，工业增加值、服务业增加值分别达到15亿元、10亿元；固定资产投资每年增长10%，总量达到180亿元；一般公共预算收入突破5亿元，综合财力大幅提升；园区企业注册数量达到1000家；2020年园区总产值、销售收入、综合财力在2018年的基础上翻番，实现超百亿园区目标，走进全市开发区（园区）第三方阵前列，到2025年赶超跻身第二方阵行列。鄂尔多斯空港物流园区致力于打造全市更具吸引力的投资“洼地”和更通畅、更高效的“出海”平台。坚持服务“一带一路”建设，助力鄂尔多斯打造成连通东西亚（欧）的中转中心、向北开放桥头堡，大力推进平台开放鄂尔多斯国际化。计划到2020年，园区建成区投资强度提升2倍左右，达到每亩70万元以上；经济外向度达到90%，外贸进出口总额达到20亿美元。发展正崛起，鄂尔多斯空港物流园区的发展之路还在继续。当前, 正沿着西部地区重要的空港产业集聚区、国家级物流园区示范区、临空经济示范区、外向型经济集聚区的目标，推进高质量发展。（来源：鄂尔多斯晚报）]]></content>
  <author><![CDATA[鄂尔多斯空港政务信息]]></author>
  <time>2018-09-28 22:17:14</time>
  <account><![CDATA[kgzwxx]]></account>
</data>
