<data>
  <id><![CDATA[50517954]]></id>
  <url><![CDATA[https://mp.weixin.qq.com/s?timestamp=1539596445&src=3&ver=1&signature=Egrj350GoKY8-KUcIJshb2mseGTbtxOh6l6Edf39tZ5qLGkoEOavgpYJRDJ5h4YlwxAp6ve*xVl2aLcfXsVBRfQVxVpviLHcdbfxTBXNvtBjzAj2r6S30cS79n3RABgcG-iCEqth6puxTfe7BCf5An-zUPXqXVF6e4chdN1ubQY=]]></url>
  <title><![CDATA[【招聘】鄂尔多斯空港物流园区招聘公告]]></title>
  <content><![CDATA[·]]></content>
  <author><![CDATA[鄂尔多斯空港政务信息]]></author>
  <time>2018-10-10 19:02:33</time>
  <account><![CDATA[kgzwxx]]></account>
</data>
