<data>
  <id><![CDATA[50517954]]></id>
  <url><![CDATA[https://mp.weixin.qq.com/s?timestamp=1539596445&src=3&ver=1&signature=Egrj350GoKY8-KUcIJshb2mseGTbtxOh6l6Edf39tZ5qLGkoEOavgpYJRDJ5h4YlwxAp6ve*xVl2aLcfXsVBRX0zGZSY9QWqL3966aer0RugSNzFUhdk3boNRRQ1Wul6eByAJO0JvZBa1MDDK65K42RHwSYck*B8dW1l-NQ9-CE=]]></url>
  <title><![CDATA[【动态】呼和浩特海关关税处处长张然一行调研指导鄂尔多斯综合保税区建设]]></title>
  <content><![CDATA[10月11日上午，呼和浩特海关关税处处长张然、通关业务处处长王昭岩、技术处副处长赵峰一行到空港物流园区，调研指导鄂尔多斯综合保税区建设工作。鄂尔多斯海关关长马晓功，原内蒙古检验检疫局驻鄂尔多斯办事处负责人邬海涛，园区党工委书记、管委会主任边东，管委会副处级领导干部郭世东及有关部门负责人陪同调研。张然一行实地了解综保区综合服务大厅、海关数据机房、主卡口、内卡口、查验中心、围网、监控及市政道路建设进展情况，详细询问了解项目建设进度、下一步建设计划。张然一行对项目建设取得的成果给予肯定，认为鄂尔多斯综合保税区初步具备验收条件。希望鄂尔多斯市按照建设标准和既定安排，加快综保区建设进度，确保项目如期通过验收。边东对综保区规划建设情况，验收准备工作情况作了详细介绍。边东表示，在呼和浩特海关及鄂尔多斯海关的大力支持指导下，鄂尔多斯综保区主体工程已基本完成，进入工程收尾阶段，目前工程验收准备工作正在有序推进。空港物流园区将进一步加大力度推动各项验收准备工作，确保12月份完成综保区预验收工作，2019年1月份接受国家正式验收。（文/白雪冬  邓利军  图/高智）]]></content>
  <author><![CDATA[鄂尔多斯空港政务信息]]></author>
  <time>2018-10-11 18:03:26</time>
  <account><![CDATA[kgzwxx]]></account>
</data>
