<data>
  <id><![CDATA[50517954]]></id>
  <url><![CDATA[https://mp.weixin.qq.com/s?timestamp=1539596445&src=3&ver=1&signature=Egrj350GoKY8-KUcIJshb2mseGTbtxOh6l6Edf39tZ5qLGkoEOavgpYJRDJ5h4YlwxAp6ve*xVl2aLcfXsVBRWTCwLha6nJefIh5tk5QH5FP-ldizGhPlJ1tpOuc4oxJT08PvqCUppBPXwgxZEg6KTJ2MooDYZJ8x3AQvVGHzeA=]]></url>
  <title><![CDATA[【创新】自治区大力推进大众创业万众创新工作]]></title>
  <content><![CDATA[科学技术是第一生产力，科技创新是第一动力，人才是第一资源。近年来，自治区大力推进大众创业万众创新工作，积极推进新旧动能转换，全区各地掀起了创新创业热潮。政策保障为创新创业营造良好环境前不久，自治区人民政府发布了《关于强化实施创新驱动发展战略，进一步推进大众创业万众创新深入发展的实施意见》，就进一步优化创新创业环境、提升创新创业科技内涵、增强创新创业的发展实效、着力实现创新创业与实体经济发展深度融合等进行部署。提升众创空间发展水平、健全重大科研基础设施的开放共享机制、完善人才流动激励机制、支持农牧民工返乡创业、推进多证合一登记制度改革、加大创新投入、有序推进双创试点示范……一项项有力的措施，为我区积极推进大众创业万众创新深入发展、全面实施创新驱动发展战略、推动新旧动能转换提供了有力支撑。自治区把大众创业万众创新作为实施创新驱动发展战略的重要载体，印发了《关于加快发展众创空间的实施意见》，重点针对自治区骨干企业、高校、科技园区、高新区、科技孵化器、创业园区等创办主体，在全区范围内共征集和认定众创空间223家，有47家众创空间在国家科技部备案成为国家级众创空间，享受与国家科技企业孵化器同等的各项优惠政策。近年来，自治区共安排1210万元专项资金对50多家众创空间和创新创业机构进行扶持引导。2017年，全区众创空间服务总面积达到150万平方米，服务创新创业团队7681个，众创空间内的企业和团队拥有有效知识产权1735件，创业团队和企业吸纳应届大学毕业生17398人，众创空间总收入2.8亿元。在广大农村牧区，作为发展现代农业的众创空间，蓬勃发展的“星创天地”已经成为农村牧区大众创业万众创新的有效载体。人才支持为创新创业奠定坚实基础近年来，自治区不断加大创新创业导师队伍建设力度，3年来共指导自治区双创服务机构举办国家级创新创业导师认证培训班3次、国家创新创业讲师培训班1次，共培养国家级创新创业导师220名，指导自治区众创空间联盟建立了自治区众创空间导师团，双创大讲堂、导师辅导等服务性活动在全区各地有效开展。全区高校认真落实自治区《关于深化高等学校创新创业教育改革的实施方案》，将创新创业类课程纳入课程教学体系，开设创新创业教育课程。自治区在首府兴建了自治区高校科技园和自治区大学生创业园，并通过举办互联网+大学生创新创业大赛和高职院校职业技能大赛，引导培养学生的创新意识，创新创业人才在高校不断涌现。截至目前，我区已经建成160个院士工作站，共有163名院士为全区提供科技服务，推动我区大众创业万众创新工作不断向前迈进。科技创新工作要找准扎实推动经济高质量发展的着力点、科技扶贫与乡村振兴战略的结合点，要助力打赢污染防治攻坚战和改善生态环境。面对新要求，我区上下积极推进大众创业万众创新工作，正向着高水平双创、高质量发展的目标迈进！（来源：内蒙古自治区财政厅）]]></content>
  <author><![CDATA[鄂尔多斯空港政务信息]]></author>
  <time>2018-10-09 17:04:00</time>
  <account><![CDATA[kgzwxx]]></account>
</data>
