<data>
  <id><![CDATA[50517954]]></id>
  <url><![CDATA[https://mp.weixin.qq.com/s?timestamp=1539596445&src=3&ver=1&signature=Egrj350GoKY8-KUcIJshb2mseGTbtxOh6l6Edf39tZ5qLGkoEOavgpYJRDJ5h4YlwxAp6ve*xVl2aLcfXsVBRfaYG67bj96WJ05QX5htD9SGsXiI3cSEDdDVqI*CVfu4QofMup-LZZmluBzosQozrwz-WYF-EtPLXfaqI57Mfg0=]]></url>
  <title><![CDATA[【聚焦】习近平话改革：将改革进行到底]]></title>
  <content><![CDATA[改革开放40年来，中国人民不懈奋斗、与时俱进，用勤劳、勇敢、智慧书写了当代中国发展进步的时代故事。党的十九大描绘了决胜全面建成小康社会、夺取新时代中国特色社会主义伟大胜利的宏伟蓝图，进一步指明了党和国家事业的前进方向。我们要坚定不移坚持以习近平同志为核心的党中央领导，坚定不移走改革开放这条正确之路、强国之路、富民之路，将改革进行到底。（来源：新华社）]]></content>
  <author><![CDATA[鄂尔多斯空港政务信息]]></author>
  <time>2018-10-08 17:48:11</time>
  <account><![CDATA[kgzwxx]]></account>
</data>
