<data>
  <id><![CDATA[50517954]]></id>
  <url><![CDATA[https://mp.weixin.qq.com/s?timestamp=1539596445&src=3&ver=1&signature=Egrj350GoKY8-KUcIJshb2mseGTbtxOh6l6Edf39tZ5qLGkoEOavgpYJRDJ5h4YlwxAp6ve*xVl2aLcfXsVBRUpvOqNZP6x1cszOBhP174686My0lRtA0PhmS4fHGfv1WQnY60povxgW5fJR9m6cQcgMfo1H3PMrrh5KTL3JmoU=]]></url>
  <title><![CDATA[【出行】鄂尔多斯国际机场计划新增至合肥、济宁、厦门航线]]></title>
  <content><![CDATA[10月28日鄂尔多斯国际机场将进行航班换季调整！并计划于冬春航班换季后新增鄂尔多斯-合肥-厦门往返航线班期为每周二、四、六新增鄂尔多斯-济宁-厦门往返航线班期为每周一、三、五、日以上航线由河北航使用波音738型客机执飞具体航班信息如下：鄂尔多斯-合肥-厦门航线航班号NS3503/04，06:40由厦门起飞，08:25到达合肥，09:20由合肥起飞，11:25到达鄂尔多斯，14:30由鄂尔多斯起飞,16:30到达合肥，17:25由合肥起飞,19:05到达厦门鄂尔多斯-济宁-厦门航线航班号NS3295/6，06:40由厦门起飞，09:05到达济宁，09:50由济宁起飞，11:55到达鄂尔多斯，13:25由鄂尔多斯起飞,15:25到达济宁，16:50由济宁起飞,19:05到达厦门（来源：鄂尔多斯国际机场）]]></content>
  <author><![CDATA[鄂尔多斯空港政务信息]]></author>
  <time>2018-10-12 16:35:58</time>
  <account><![CDATA[kgzwxx]]></account>
</data>
