<data>
  <id><![CDATA[50517954]]></id>
  <url><![CDATA[https://mp.weixin.qq.com/s?timestamp=1539596445&src=3&ver=1&signature=Egrj350GoKY8-KUcIJshb2mseGTbtxOh6l6Edf39tZ5qLGkoEOavgpYJRDJ5h4YlwxAp6ve*xVl2aLcfXsVBRfQVxVpviLHcdbfxTBXNvtCR9WHr8YvGOcSqa0PTajisRPLajpDpYzKp3GNS*FG7AIja-orlv9vV8UDPXWRf28k=]]></url>
  <title><![CDATA[【招聘】鄂尔多斯空港物流园区管理委员会关于公开招聘直属国有企业职业经理和工作人员公告]]></title>
  <content><![CDATA[为深入实施人才鄂尔多斯战略，开启空港二次创业，推动空港园区和鄂尔多斯综合保税区开发开放和高质量发展，进一步解决园区人才结构性短缺问题，优化人力资源配置，经市政府同意，根据鄂尔多斯市综合保税区投资建设管理有限公司和鄂尔多斯市物流园区建设投资有限公司发展需要，本着平等、竞争、择优的原则，现面向社会公开招聘一批优秀人才。一、公司简介鄂尔多斯市综合保税区投资建设管理有限公司是鄂尔多斯空港物流园区管理委员会出资成立的国有独资企业。主要负责鄂尔多斯综合保税区的开发、建设、投资、运营和管理工作。鄂尔多斯市物流园区建设投资有限公司是鄂尔多斯市人民政府出资组建的国有独资公司。主要负责鄂尔多斯空港物流园区的开发、建设、投资、运营和管理工作。二、招聘计划本次计划招聘20人，其中:1.鄂尔多斯市综合保税区投资建设管理有限公司计划招聘10人。2.鄂尔多斯市物流园区建设投资有限公司计划招聘10人。具体招聘岗位及要求详见《鄂尔多斯空港物流园区公开招聘直属国有企业职业经理和工作人员职位表》（以下简称《职位表》）。三、招聘范围（一）面向社会公开招聘。（二）2019年应届毕业生可以报考，学历学位取得时间截止到2019年7月31日。其他条件的取得时间要求为2019年7月31日前。四、招聘条件（一）具有中华人民共和国国籍。（二）遵守宪法和法律。（三）具有良好的品行。（四）具有国家承认的普通全日制本科及以上学历。（五）具有正常履行职责的身体条件。（六）年龄在35周岁以下（1983年10月10日以后出生）。副总经理及以上管理人员、副高级及以上职称专家或博士生，年龄可适当放宽至45周岁（1973年10月10日以后出生）。（七）具有符合岗位要求的工作能力。（八）具备应聘岗位所要求的其他资格条件。（九）下列人员不得应聘：1.受过刑事处罚的。2.有犯罪嫌疑正在接受审查的。3.有弄虚作假行为的。4.有精神病史的。5.其他按有关规定不能报考的。五、招聘程序招聘工作分发布招聘公告、网上报名、现场资格审核、考试、体检、考察、拟聘用人员公示、办理聘用手续等八个步骤进行。（一）网上报名1.报名时间：2018年10月11日上午9:00至2018年10月25日下午5:30。2.应聘人员在“鄂尔多斯空港物流园区官网http://www.ordoskg.gov.cn”自行下载《报名登记表》,将填写好的《报名登记表》和岗位所需提供的所有材料打包压缩发送至邮箱kgwlyqrsj@163.com，邮件及文件名称为“姓名+应聘岗位+毕业院校+专业+手机号”。3.报名参加笔试、面试所使用的证件必须一致；报考者须对所提交材料的真实性、准确性、完整性、有效性负责，凡因所提交材料不真实、不准确、不完整而影响报名、考试和聘用的，责任自负。报名时，报考者须上传本人近期正面免冠2寸数码彩照（jpg格式，大小为20KB以下）。须完整填写本人就读大学本科和研究生的学习经历（填写上学起止年月，所读大学、院系、专业）和工作经历（填写工作起止年月，工作单位，所从事的主要工作），在反复核对所填每一项信息均准确无误后提交。特别提醒报考人员：所有报考信息提交并成功确认后将无法修改,每人只能报考一个岗位。报考人员须按毕业证书上的专业如实填写《报名登记表》，未如实填写的，一经发现取消其本次报考资格。网上报名资格初审由招聘工作领导小组负责。4.报考人员对《招聘职位表》中的专业、学历、学位等条件以及备注的内容等信息需要咨询时，请直接与招聘人员联系。5.报考人员初审通过的，不能再改报其他岗位。资格初审通过后，考生尽快自行下载打印《报名登记表》一份，以备现场资格审查时使用。现场资格审查时，无《报名登记表》者一律不接受现场资格审查。（二）现场资格审核1.网上报名信息提交成功后，于2018年11月1日上午9:00至下午5:30，到鄂尔多斯空港物流园区人力资源和社会保障局办公室进行现场资格审核。需携带填写好的《报名登记表》一份；本人近期正面免冠2寸数码蓝底彩照电子版（jpg格式，大小为200KB以下）及纸质版1张；身份证、毕业证和学位证书原件及复印件；教育部学历证书电子注册备案表或中国高等教育学历认证报告（从中国高等教育学生信息网http://www.chsi.com.cn下载打印）；应聘岗位要求的其他有关证件证明原件及复印件。留学回国人员须提供教育部留学人员服务中心出具的《国外学历学位认证书》。2.资格审核将重点审核考生所填报的信息是否真实准确；凡所填报个人信息与所持证件不符、隐瞒在读大学生或研究生等真实身份以及提供虚假工作经历证明，不符合报考条件的，一律取消考试资格。3.现场资格审核由招聘工作领导小组组织实施，审核通过后，发放准考证。（三）考试考务工作委托具备资质的第三方考务机构组织实施。具体考试时间和方式由招聘工作领导小组在“鄂尔多斯空港物流园区官网http://www.ordoskg.gov.cn”上另行通知。（四）体检和考察1.按照每个岗位应聘人员考试总成绩由高到低的顺序和该岗位实际招聘计划数，等额确定进入体检和考察范围的人选。同一岗位进入体检考察范围的人员最后一名考试总成绩出现并列的，并列人员以笔试成绩高低排序，笔试成绩也相同的，设置优先聘用条件的岗位按优先条件聘用。无优先条件的岗位组织加试,以加试成绩高低排序，等额确定进入体检和考察范围的人选。2.体检工作由招聘工作领导小组实施，体检医院由招聘工作领导小组指定。考生无正当理由不按时参加体检或体检不合格及在体检过程中弄虚作假致使体检结果失真的，取消其聘用资格，经招聘工作领导小组会议研究决定后依次递补，递补只进行一次。体检工作结束后按照等额确定进入考察范围人选。3.考察工作由招聘工作领导小组实施。要按照德才兼备的标准，根据拟聘用岗位实际要求，全面、准确、客观地评价被考察对象的综合素质和履职能力，同时对资格条件再次进行审核。报考人员应在10个工作日内提交考察工作所需的人事档案及相关材料，否则视为自动放弃，对考察不合格的或自动放弃的考生取消其聘用资格，经招聘工作领导小组会议研究决定后依次递补，递补只进行一次。（五）公示和聘用1.拟聘用人员经考试领导小组审核、并报请园区党工委研究后，在鄂尔多斯空港物流园区官网上进行公示。公示期间接受社会监督举报，期限为7日。2.公示结束后，用人单位办理聘用手续并到园区人力资源和社会保障局办理备案手续。对反映有影响聘用问题并查有实据的，不予聘用；对反映的问题一时难以查实的，暂缓聘用，待问题查清后再决定是否聘用。3.拟聘用人员要在规定时间内报到，否则视为自动放弃、取消其聘用资格，所空缺岗位不再进行递补。4.用人单位须与应聘人员签订劳动合同。劳动合同中应与聘用人员约定试用期，试用期满合格的，予以正式聘用；试用期间或期满不合格的，取消聘用,所空缺岗位不再进行递补。六、薪酬待遇鄂尔多斯市综合保税区投资建设管理有限公司总经理年薪30万元左右，其他人员薪酬待遇按照国有企业薪酬相关标准执行。鄂尔多斯市物流园区建设投资有限公司工作人员参照该公司现有人员工资标准执行。七、其他事宜（一）对应聘人员的资格审查贯穿于公开招聘工作全过程，在招聘任何阶段及试用期间发现应聘人员与应聘条件不符或弄虚作假的，一律取消聘用资格。（二）本次招聘不指定复习范围和考试参考用书，不举办也不委托任何机构举办考试辅导培训班。（三）公开招聘期间有关考试信息发布事宜，将在鄂尔多斯空港物流园区官方网站公布，请报考人员及时登陆网站查询。（四）本公告由鄂尔多斯空港物流园区人力资源和社会保障局负责解释。招聘单位电话：0477-8901960   联系人：张肖飞报名咨询电话：0477-8960332   联系人：张佳敏               0477-8901907   联系人：史健隆监督举报电话：0477-8901981   联系人：陈霄龙附件：1.公开招聘国有企业职业经理                         和工作人员职位表2.公开招聘国有企业职业经理和                      工作人员报名登记表请点击左下方“阅读原文”了解更多内容]]></content>
  <author><![CDATA[鄂尔多斯空港政务信息]]></author>
  <time>2018-10-10 19:02:33</time>
  <account><![CDATA[kgzwxx]]></account>
</data>
