<data>
  <id><![CDATA[50517954]]></id>
  <url><![CDATA[https://mp.weixin.qq.com/s?timestamp=1539596445&src=3&ver=1&signature=Egrj350GoKY8-KUcIJshb2mseGTbtxOh6l6Edf39tZ5qLGkoEOavgpYJRDJ5h4YlwxAp6ve*xVl2aLcfXsVBRWTCwLha6nJefIh5tk5QH5HUuDuOz1ZWCejbT5Z53czXf3nrz8ZxNeM5XB9BEkz5imYK4HayOSJNTxJLccUApXY=]]></url>
  <title><![CDATA[【公告】鄂尔多斯空港物流园区经济发展与招商局关于选取小型宣传工程供应商的公告]]></title>
  <content><![CDATA[为进一步规范采购程序，我局现公开选取小型宣传工程供应商，诚邀资质齐全、信誉良好的公司报名参选。一、小型宣传工程内容和期限2018年10月-2019年10月，经济发展与招商局制作宣传展板、彩色喷绘、字体亮化、广告字牌安装等5万元以下小型宣传工程。二、供应商资格要求（一）具有法人资格和独立承担民事责任的能力。（二）遵守国家法律法规和军队有关保密要求，具有良好的商业信誉和服务能力。（三）具有履行合同的能力和履行合同的良好记录。（四）具有健全的财务会计制度和良好的财务状况。（五）具有一定规模的生产经营场所和合理的专业技术人员结构。（六）具有完善的质量保证体系和良好的售后服务能力。（七）法律、法规规定的其它条件。备注：对于已录入鄂尔多斯市政府采购类项目入围单位的企业，优先考虑。对在以往合作过程中因出现过违约、开具假发票或信誉不良的供应商不作为此次选取企业。三、资格预审需提供的资料（一）企业法人营业执照副本（扫描件电子版）。（二）法定代表人身份证及联系方式（扫描件电子版）。（三）上一年度公司经营业绩（扫描件电子版）。（四）企业简介（含企业所在地、职工人数、业务范围和合作服务保障体系、售后保障体系等）。备注：以上明确的4项资质文件均需加盖公章扫描电子版后发送至报名邮箱。四、报名时间和联系方式1.报名时间：10月10日—10月19日。2.审核公布时间：10月19日—10月26日。3.联系方式：邱吉尔，0477-8965173。4.报名方式：将报名所需资料打包文件夹发送至邮箱469746319@qq.com,邮件名注为“空港宣传报名+企业名称”。鄂尔多斯空港物流园区经济发展与招商局                               2018年10月9日]]></content>
  <author><![CDATA[鄂尔多斯空港政务信息]]></author>
  <time>2018-10-09 17:04:00</time>
  <account><![CDATA[kgzwxx]]></account>
</data>
