<data>
  <id><![CDATA[50517954]]></id>
  <url><![CDATA[https://mp.weixin.qq.com/s?timestamp=1539596445&src=3&ver=1&signature=Egrj350GoKY8-KUcIJshb2mseGTbtxOh6l6Edf39tZ5qLGkoEOavgpYJRDJ5h4YlwxAp6ve*xVl2aLcfXsVBRcaHF5Nw3EJSzatQtLbLosa4WpNedXcutr9DlKgEFuaxhsDPtr7W73*UNLgwQO5sOcSVi3cfhRizn1AnVH1ZYzQ=]]></url>
  <title><![CDATA[【要闻】全区口岸工作调度会代表团到空港园区考察]]></title>
  <content><![CDATA[9月28日，全区2018年第二次口岸工作调度会代表团到空港园区考察。自治区商务厅副厅长、口岸办主任斯庆，商务厅纪检组长李岩峰，呼和浩特海关副关长高明炎，满洲里海关副关长黄勇，内蒙古公安边防总队副总队长阿日布查以及自治区各联检部门，各盟市口岸办，综合保税区、出口加工区、保税物流中心、国际陆港管委会，各口岸联检单位的主要负责人等参会人员110余人实地考察了鄂尔多斯综合保税区、鄂尔多斯国际机场、航空口岸及软通动力创新产业园等项目。鄂尔多斯市政府副市长于仁杰，空港园区党工委书记、管委会主任边东陪同考察。考察团详细了解了鄂尔多斯综合保税区的基本概况、规划建设、产业培育及未来愿景，对综保区申建取得的成绩给予高度赞扬；对鄂尔多斯空港园区在口岸建设方面所做的工作和取得的成果给予高度评价。鄂尔多斯综合保税区于2017年2月14日获国务院批复，总占地面积1.21平方公里，是呼包鄂榆城市群首家国家综合保税区，处于全市铁路、公路、航空交通枢纽中心位置，对鄂尔多斯扩大对外开放、推进外向型经济发展具有重要的战略意义。鄂尔多斯综合保税区一期工程于今年4月正式开工建设，目前已经完成总工程量的80%，预计11月完工，2019年3月正式封关运行。鄂尔多斯航空口岸于2016年11月正式对外开放，成为中国第71家、内蒙古自治区第4个对外开放的航空口岸。鄂尔多斯国际机场设计旅客吞吐量1200万人次/年，设计货邮吞吐量9.7万吨/年，目前运营国内外航线46条，通达北京、上海等40个国内城市及泰国曼谷、俄罗斯伊尔库兹克、印尼巴淡岛、越南芽庄等9个国际地区。2018年1至8月，旅客吞吐量达到169.8万人次，货邮吞吐量达到5800吨。鄂尔多斯综合保税区等项目的建设及国际航空口岸的对外开放，标志着空港园区开启平台开放国际化的进程，将为鄂尔多斯市乃至内蒙古自治区抢抓“一带一路”和向北开放等国家重大战略机遇，主动融入草原丝绸之路经济带和中俄蒙经济走廊建设搭建重要平台，将对鄂尔多斯外向型经济发展发挥重要推动作用。（文/李鑫 图/高智）]]></content>
  <author><![CDATA[鄂尔多斯空港政务信息]]></author>
  <time>2018-09-29 18:56:23</time>
  <account><![CDATA[kgzwxx]]></account>
</data>
