<data>
  <id><![CDATA[50517954]]></id>
  <url><![CDATA[https://mp.weixin.qq.com/s?timestamp=1539596445&src=3&ver=1&signature=Egrj350GoKY8-KUcIJshb2mseGTbtxOh6l6Edf39tZ5qLGkoEOavgpYJRDJ5h4YlwxAp6ve*xVl2aLcfXsVBRbcxzGlmmfvve--1wdCVD2Ra22KWBc8v1atKeKaxxwLuTtmCgty4t6xR1NSl50VcChPPtUMApJnlMuVupESSjAE=]]></url>
  <title><![CDATA[]]></title>
  <content><![CDATA[]]></content>
  <author><![CDATA[鄂尔多斯空港政务信息]]></author>
  <time>2018-10-01 17:37:57</time>
  <account><![CDATA[kgzwxx]]></account>
</data>
