<data>
  <id><![CDATA[50517954]]></id>
  <url><![CDATA[https://mp.weixin.qq.com/s?timestamp=1539596445&src=3&ver=1&signature=Egrj350GoKY8-KUcIJshb2mseGTbtxOh6l6Edf39tZ5qLGkoEOavgpYJRDJ5h4YlwxAp6ve*xVl2aLcfXsVBRcaHF5Nw3EJSzatQtLbLosYJJ8rW27NaExbd3-DqpGwOPZECr-4fFnyV1Om-B1ULYs1GoNB2gMtoC0NygF24MPU=]]></url>
  <title><![CDATA[【关注】呼包银榆经济区第七届联席会议将由鄂尔多斯承办]]></title>
  <content><![CDATA[9月27日至28日，呼包银榆经济区第六届联席会议在宁夏石嘴山市召开。市委常委、副市长倪嘉宇出席并讲话。会上，区域成员城市的相关负责人围绕会议主题，进行交流发言。共同签署了《呼包银榆战略合作框架协议》和《呼包银榆口岸物流合作协议》。大会最后确定鄂尔多斯市为呼包银榆经济区第七届联席会议的承办城市。倪嘉宇表示，近年来，我市全面贯彻党的十九大精神，以习近平新时代中国特色社会主义思想为指导，坚持创新、协调、绿色、开放、共享的发展理念，全力以赴稳增长、调结构、促改革、惠民生、防风险，全市经济社会保持平稳健康发展的良好态势。承办呼包银榆经济区第七届联席会议，是促进鄂尔多斯市经济社会发展的难得机遇，相信在国家发改委西部开发司的指导下，在各成员城市的支持下，鄂尔多斯市一定能把呼包银榆经济区第七届联席会议办成一次高水平、高层次、有特色、有亮点的盛会。（来源：鄂尔多斯新闻网）]]></content>
  <author><![CDATA[鄂尔多斯空港政务信息]]></author>
  <time>2018-09-29 18:56:23</time>
  <account><![CDATA[kgzwxx]]></account>
</data>
