<data>
  <id><![CDATA[50517954]]></id>
  <url><![CDATA[https://mp.weixin.qq.com/s?timestamp=1539596445&src=3&ver=1&signature=Egrj350GoKY8-KUcIJshb2mseGTbtxOh6l6Edf39tZ5qLGkoEOavgpYJRDJ5h4YlwxAp6ve*xVl2aLcfXsVBRUpvOqNZP6x1cszOBhP1746qjeFOtyzFacz0lQiearjM8glBVUM8kCDIm0tShzqK8iTp-A5LLD1d2JiGeltRumc=]]></url>
  <title><![CDATA[【快讯】日本首相安倍晋三将访华]]></title>
  <content><![CDATA[外交部发言人陆慷12日宣布：应国务院总理李克强邀请，日本首相安倍晋三将于10月25日至27日对中国进行正式访问。（来源：新华视点）]]></content>
  <author><![CDATA[鄂尔多斯空港政务信息]]></author>
  <time>2018-10-12 16:35:58</time>
  <account><![CDATA[kgzwxx]]></account>
</data>
