<data>
  <id><![CDATA[50517954]]></id>
  <url><![CDATA[https://mp.weixin.qq.com/s?timestamp=1539596445&src=3&ver=1&signature=Egrj350GoKY8-KUcIJshb2mseGTbtxOh6l6Edf39tZ5qLGkoEOavgpYJRDJ5h4YlwxAp6ve*xVl2aLcfXsVBRVF2AuFk-odmBYb3ofVxILFjBwqw5B8q-QJCUGvi93HIrPvcsXavJ9coAlQRdFqSuOpJi1NkKxfKmfFfqMu6p2g=]]></url>
  <title><![CDATA[【动态】边东会见伊泰煤炭股份有限公司总经理王三民一行深入对接合作项目]]></title>
  <content><![CDATA[9月27日，空港物流园区党工委书记、管委会主任边东会见内蒙古伊泰煤炭股份有限公司总经理王三民一行，就项目合作事宜进行深入对接。伊泰萨瓦纳大酒店总经理张迎光、伊泰置业总经理左凯、副总经理武文军和伊泰置业财务总监宁宇，园区管委会副主任史占军及有关部门负责人等参加会见。边东就园区的航空、物流和综合保税产业发展情况及基础条件和优势作了简要介绍。他指出，当前空港园区全面开启二次创业新征程，以高质量发展引领转型开放，迫切需要培育新动能新产业。希望园企双方在前期多次对接沟通的基础上，立足鄂尔多斯综合保税区、大数据中心等优势条件，结合伊泰集团战略布局和业务实际，在保税加工制造、保税服务、休闲文旅、综合信息化平台和无车承运等方面进行合作，深入开展前期调研论证，建立沟通联系机制，推动合作项目落地。园区将不断优化营商环境，着力打通政策通道，全方位做好服务保障工作。王三民表示，经过双方前期多次沟通对接和参加本土企业投资合作恳谈会，对空港有了全新的认识和深入的了解，园区的发展潜力愿景较好。伊泰集团高度重视与空港园区的合作，将在综保区产业开发、信息化平台建设、文体旅游等方面进行深入市场调研，制定项目合作方案，广泛调动各方投资积极性，整合资源，联合联动推进相关产业项目合作。（文/杨金磊  图/高智）]]></content>
  <author><![CDATA[鄂尔多斯空港政务信息]]></author>
  <time>2018-09-27 19:16:36</time>
  <account><![CDATA[kgzwxx]]></account>
</data>
