<data>
  <id><![CDATA[50517954]]></id>
  <url><![CDATA[https://mp.weixin.qq.com/s?timestamp=1539596445&src=3&ver=1&signature=Egrj350GoKY8-KUcIJshb2mseGTbtxOh6l6Edf39tZ5qLGkoEOavgpYJRDJ5h4YlwxAp6ve*xVl2aLcfXsVBRfQVxVpviLHcdbfxTBXNvtC8jj9nDnwiEFN5S5bR5dWJ5a6-D5lzOFNCFw5yEl0wiLwxqhe6gY1hXwz1ehpZQQo=]]></url>
  <title><![CDATA[【党建】习近平的8个“治党妙喻”]]></title>
  <content><![CDATA[2014年10月8日，党的群众路线教育实践活动总结大会召开，习近平总书记对加强党的作风建设、全面推进从严治党作出重要部署。一直以来，习近平总书记对全面从严治党都有自己的深刻理解，而且善于运用比喻来说明。一起来学习~（来源：求是网）]]></content>
  <author><![CDATA[鄂尔多斯空港政务信息]]></author>
  <time>2018-10-10 19:02:33</time>
  <account><![CDATA[kgzwxx]]></account>
</data>
