<data>
  <id><![CDATA[50517954]]></id>
  <url><![CDATA[https://mp.weixin.qq.com/s?timestamp=1539596445&src=3&ver=1&signature=Egrj350GoKY8-KUcIJshb2mseGTbtxOh6l6Edf39tZ5qLGkoEOavgpYJRDJ5h4YlwxAp6ve*xVl2aLcfXsVBRX0zGZSY9QWqL3966aer0RtVr0rObmOyv-giAOElKf8KvuoZJdKufrswrxZw6pz4X*7*LsJTWDsRmo9IGMAQupY=]]></url>
  <title><![CDATA[【动态】空港园区大力推进“高水平双创高质量发展”]]></title>
  <content><![CDATA[2015年以来，空港园区积极响应国家“大众创业，万众创新”号召，于2016年8月、2017年4月分别引进软通动力创新产业园、中关村鄂尔多斯创业学院两家双创空间落户园区。同时，园区积极对接东联集团打造了“双创星空”基地项目，并利用自有场地高标准打造运营了鄂尔多斯（空港）创新创业基地。截至目前，软通动力创新产业园与中关村鄂尔多斯创业学院累计举办各类高端创业讲坛、企业家高级研修班、创客培训及创业沙龙等活动42次，先后举办项目路演10场； 总计吸引170多家科技类企业落户园区。特别是今年以来，软通动力与鄂尔多斯职业学院合作创办的“软通动力冠名班”已累计培训具备电子商务等方面专业知识与实操能力的复合型人才100余人，为学生未来创业就业、推进高水平双创奠定了良好的基础。（文/李鑫）]]></content>
  <author><![CDATA[鄂尔多斯空港政务信息]]></author>
  <time>2018-10-11 18:03:26</time>
  <account><![CDATA[kgzwxx]]></account>
</data>
