<data>
  <id><![CDATA[50517954]]></id>
  <url><![CDATA[https://mp.weixin.qq.com/s?timestamp=1539596445&src=3&ver=1&signature=Egrj350GoKY8-KUcIJshb2mseGTbtxOh6l6Edf39tZ5qLGkoEOavgpYJRDJ5h4YlwxAp6ve*xVl2aLcfXsVBRfQVxVpviLHcdbfxTBXNvtDMUH*jtKd1bvxkeZS7YPisYKdILu71ZVJwDhp17kT*VdPo4mt0S7ynoknq2kBTUU0=]]></url>
  <title><![CDATA[【招商】内蒙古嘉艺源红木产业发展有限公司董事长王小平一行到空港园区考察]]></title>
  <content><![CDATA[10月10日，内蒙古嘉艺源红木产业发展有限公司董事长王小平到空港园区考察。园区管委会副主任史占军、空港招商投资发展有限公司有关人员陪同。考察期间，史占军就园区产业发展情况、政策保障、投资环境、配套服务等方面作了介绍，特别就航空、物流和综合保税产业发展的基础条件和园区基础配套优势与王小平一行进行深入交流。同时对企业经营情况及发展规划进行详细了解，并就企业关心的项目选址、土地购置流程及费用等问题向企业进行了解答。他希望嘉艺源将红木家具产业与文化产业相结合，进一步做精做细公司主导产业。王小平表示，空港园区投资环境优越、功能配套齐全、发展前景良好，公司将进一步加强与园区沟通对接，尽快开展项目土地摘牌、厂房规划建设、立项等前期工作，加快推进项目早日落地。（文/张世杰  图/何万杰）]]></content>
  <author><![CDATA[鄂尔多斯空港政务信息]]></author>
  <time>2018-10-10 19:02:33</time>
  <account><![CDATA[kgzwxx]]></account>
</data>
