<data>
  <id><![CDATA[50517954]]></id>
  <url><![CDATA[https://mp.weixin.qq.com/s?timestamp=1539596445&src=3&ver=1&signature=Egrj350GoKY8-KUcIJshb2mseGTbtxOh6l6Edf39tZ5qLGkoEOavgpYJRDJ5h4YlwxAp6ve*xVl2aLcfXsVBRVF2AuFk-odmBYb3ofVxILGD33ynOa2cKwl*qve6q6Gi*emY5vmvSbJJVBh6Ur9Jjdf0-0P79afAlSVXoT*AaXY=]]></url>
  <title><![CDATA[]]></title>
  <content><![CDATA[]]></content>
  <author><![CDATA[鄂尔多斯空港政务信息]]></author>
  <time>2018-09-27 19:16:36</time>
  <account><![CDATA[kgzwxx]]></account>
</data>
