<data>
  <id><![CDATA[50517954]]></id>
  <url><![CDATA[https://mp.weixin.qq.com/s?timestamp=1539596445&src=3&ver=1&signature=Egrj350GoKY8-KUcIJshb2mseGTbtxOh6l6Edf39tZ5qLGkoEOavgpYJRDJ5h4YlwxAp6ve*xVl2aLcfXsVBRWTCwLha6nJefIh5tk5QH5Ho21*GbeTwzJgTCqaOezNtKMZaIZ8BX3GQfB2KBXnPp9SjlxQNcCdRwTo28x09Uck=]]></url>
  <title><![CDATA[]]></title>
  <content><![CDATA[]]></content>
  <author><![CDATA[鄂尔多斯空港政务信息]]></author>
  <time>2018-10-09 17:04:00</time>
  <account><![CDATA[kgzwxx]]></account>
</data>
