<data>
  <id><![CDATA[50517954]]></id>
  <url><![CDATA[https://mp.weixin.qq.com/s?timestamp=1539596445&src=3&ver=1&signature=Egrj350GoKY8-KUcIJshb2mseGTbtxOh6l6Edf39tZ5qLGkoEOavgpYJRDJ5h4YlwxAp6ve*xVl2aLcfXsVBRVvLGgT3E-IqGuEduURkbezqyw7AVPEHy*GNoriZ*-z4VJZHSWpcR0Ly35y1CGXsCEcmp5tW0beMgwjTZ-JHd7Q=]]></url>
  <title><![CDATA[【新规】十月不只7天长假，还有这7条新规要了解！]]></title>
  <content><![CDATA[（来源：中国政府网）]]></content>
  <author><![CDATA[鄂尔多斯空港政务信息]]></author>
  <time>2018-09-30 18:01:10</time>
  <account><![CDATA[kgzwxx]]></account>
</data>
