<data>
  <id><![CDATA[50517954]]></id>
  <url><![CDATA[https://mp.weixin.qq.com/s?timestamp=1539596445&src=3&ver=1&signature=Egrj350GoKY8-KUcIJshb2mseGTbtxOh6l6Edf39tZ5qLGkoEOavgpYJRDJ5h4YlwxAp6ve*xVl2aLcfXsVBRVF2AuFk-odmBYb3ofVxILFnyW9GkNQ50PfD5IVbj3Sw4-IS6AlI8ER*lrpw8B44lsAnUKtIRBUxS678PS9B9SQ=]]></url>
  <title><![CDATA[【动态】空港园区党工委领导主持召开重点项目推进会]]></title>
  <content><![CDATA[9月27日，园区党工委副书记郭军主持召开陆航物流仓储、祥嘉颐养苑、鹏贤货运枢纽3个重点项目落地建设推进会。会议听取项目建设进展情况及推进过程中遇到的困难和问题，研究确定项目建设进度表，安排部署项目建设序时推进及相关前期手续办理工作。会议要求，园区投资促进与企业服务中心要统筹协调各部门，做好项目落地建设相关服务工作。各相关职能部门要根据既定的项目建设进度表，提前谋划，积极协助企业按时办理完成相关前期手续，督查部门要跟进督查，及时反馈督查信息。企业要提早开展项目规划设计方案和施工图设计方案，力争在春节前办理完成土地、规划、建设等有关前期手续，确保陆航物流仓储项目、祥嘉颐养苑项目、货运枢纽项目在2019年5月初前开工建设。（文/许国治 图/高智）]]></content>
  <author><![CDATA[鄂尔多斯空港政务信息]]></author>
  <time>2018-09-27 19:16:36</time>
  <account><![CDATA[kgzwxx]]></account>
</data>
