<data>
  <id><![CDATA[50517954]]></id>
  <url><![CDATA[https://mp.weixin.qq.com/s?timestamp=1539596445&src=3&ver=1&signature=Egrj350GoKY8-KUcIJshb2mseGTbtxOh6l6Edf39tZ5qLGkoEOavgpYJRDJ5h4YlwxAp6ve*xVl2aLcfXsVBRVvLGgT3E-IqGuEduURkbex4gSnmgaZrhults*rEKSJfYgNNWE8leMvP4YtG-hyQTFQJCoxyvxpOJyUzMqztNT0=]]></url>
  <title><![CDATA[【简讯】空港水务、空港燃气党支部联合满达社区开展“学习郑德荣等7名同志先进事迹”主题党日活动]]></title>
  <content><![CDATA[为深入学习贯彻党的十九大精神，大力弘扬郑德荣等7名同志先进事迹和崇高精神，进一步推进“两学一做”学习教育常态化制度化。9月29日下午，空港水务、空港燃气党支部联合满达社区开展“学习郑德荣等7名同志先进事迹”主题党日活动。活动中，在社区老党员的带领下重温了入党誓词，聆听了老党员们讲述入党故事，观看了郑德荣等先进模范们的典型事迹影像资料，学习模范党员在学术研究、脱贫攻坚、基层一线等领域无私奉献、忘我工作的精神。郑德荣等7名同志勇于担当作为、始终坚持实践实干实效的先进事迹深深感染着每一个人。他们是习近平新时代中国特色社会主义思想德模范践行者，是新时代党员干部学习的楷模和指引我们前进的“引路牌”。学习后，大家纷纷表示一定要以先进典型为榜样，不忘初心，牢记使命，及时将学习中焕发出的热情转化为强大的工作动力，立足本职、勇于担当，扎实做好各项工作，为推进园区二次创业作出自己的贡献。(文/王勇 贾玉霞  图/冯丽)]]></content>
  <author><![CDATA[鄂尔多斯空港政务信息]]></author>
  <time>2018-09-30 18:01:10</time>
  <account><![CDATA[kgzwxx]]></account>
</data>
