<data>
  <id><![CDATA[50517954]]></id>
  <url><![CDATA[https://mp.weixin.qq.com/s?timestamp=1539596445&src=3&ver=1&signature=Egrj350GoKY8-KUcIJshb2mseGTbtxOh6l6Edf39tZ5qLGkoEOavgpYJRDJ5h4YlwxAp6ve*xVl2aLcfXsVBRcaHF5Nw3EJSzatQtLbLosYm3DcEpOIJG*8tK3yTisjIEZDNg0uigYkn-sFmI8Z8nDIHtQApqGoEJziiAHmh-Vg=]]></url>
  <title><![CDATA[【动态】侯晨曦到空港物流园区和市物流协会考察]]></title>
  <content><![CDATA[9月28日下午，鄂尔多斯应用技术学院党委书记侯晨曦到鄂尔多斯空港物流园区和市物流协会考察，空港物流园区党工委副书记郭军、管委会副处级领导干部郭世东，园区有关部门负责同志和市物流协会有关人员陪同。侯晨曦先后深入到鄂尔多斯综合保税区、鄂尔多斯大数据中心、鄂尔多斯(空港)创新创业基地、市物流协会、掌印文化、艺未来文化创意等地，详细了解了园区和协会的建设、发展情况。郭军就园区的规划、建设和发展情况，特别是空港园区全面启动二次创业，加快综合保税区建设步伐进行了全面介绍。侯晨曦仔细聆听，不时插话询问，对园区和协会的发展表示看好，对学院和园区、协会、企业的深度合作充满信心。侯晨曦指出，空港物流园区作为全市转型发展的前沿阵地，有着广阔的发展空间和美好前景。鄂尔多斯应用技术学院可为园区、协会、企业发展提供人才保证和智力支持，大家有广泛合作的空间。学院将努力探索高校与园区以及校协合作、校企合作、校产融合的新路径、新方法、新模式，可在学生实习实践、人才就业培训、课题研发落地、项目联动创新等方面进行深入合作，积极为地方经济建设和社会事业发展作出应有的贡献！（文/樊宏波 图/于靳）]]></content>
  <author><![CDATA[鄂尔多斯空港政务信息]]></author>
  <time>2018-09-29 18:56:23</time>
  <account><![CDATA[kgzwxx]]></account>
</data>
