<data>
  <id><![CDATA[50517954]]></id>
  <url><![CDATA[https://mp.weixin.qq.com/s?timestamp=1539596445&src=3&ver=1&signature=Egrj350GoKY8-KUcIJshb2mseGTbtxOh6l6Edf39tZ5qLGkoEOavgpYJRDJ5h4YlwxAp6ve*xVl2aLcfXsVBRbcxzGlmmfvve--1wdCVD2SzI3EkKvOc396qi4etlCgoCR6MThvQav17Fzupj2U-jItv2uK2VYMTzgRAzOv-dCI=]]></url>
  <title><![CDATA[【动态】边东国庆节检查调度供水供暖保障和综保区等重点项目建设]]></title>
  <content><![CDATA[10月1日国庆节上午，边东深入空港水务公司、燃气公司和祥惠苑小区、综保区项目建设现场、空港双创基地，实地检查调度供水供暖保障、综保区等重点项目建设、双创基地内外环境打造、节假日市场供应和安全生产工作，看望节日期间坚守一线值班加班员工和建设工人。园区领导亢保利、王其劳、郭世东及有关部门负责人等陪同检查。边东分别在水务公司、燃气公司详细了解生产运行、应急值守等情况。他要求，要坚持以人民为中心的思想，切实把服务居民群众放在首位，全力以赴做好供水供暖保障工作，要在国庆节保证实现供暖。要深度挖掘潜在客户，拿出有力措施和办法，提高产品市场占有率和企业经营效益。边东指出，在综保区项目建设接近尾声的重要阶段，各参建单位要紧紧抓住气温回升的有利时机，在保证质量和安全的前提下，协同作战，争分夺秒抢抓进度，确保项目如期完工，顺利通过验收。要全力抓好空港双创基地内外环境打造、功能布局等工作，营造良好创业、工作、生活环境。边东强调，要高度重视安全生产工作，提高认识，落实生产经营单位主体责任，保障园区安全生产形势持续稳定；坚持执行24小时带班值班制度，确保节日期间应急值守工作万无一失；加大安全监管力度和检查力度，及早排查安全隐患，严密防范各类生产安全事故发生。边东还深入祥惠苑小区，查看市场供应情况，叮嘱经营单位要提供物美价廉、安全可靠的商品，全力保障节日期间市场供应，满足百姓需求。（文/梁兴宝  图/满达）]]></content>
  <author><![CDATA[鄂尔多斯空港政务信息]]></author>
  <time>2018-10-01 17:37:57</time>
  <account><![CDATA[kgzwxx]]></account>
</data>
