<data>
  <id><![CDATA[50517954]]></id>
  <url><![CDATA[https://mp.weixin.qq.com/s?timestamp=1539596445&src=3&ver=1&signature=Egrj350GoKY8-KUcIJshb2mseGTbtxOh6l6Edf39tZ5qLGkoEOavgpYJRDJ5h4YlwxAp6ve*xVl2aLcfXsVBRfaYG67bj96WJ05QX5htD9R2zSAdQ7MHiju6M7eFVzdqECEx-zHeBN3oSPT00RAA28bohb4ZXR3hz6FQSBhWQbo=]]></url>
  <title><![CDATA[【简讯】招商公司党支部开展“走进重点项目及企业”主题党日活动]]></title>
  <content><![CDATA[为深入学习贯彻党的十九大精神，大力弘扬郑德荣等7名同志的崇高精神，进一步推进“两学一做”学习教育常态化制度化。9月30日下午，招商公司党支部开展了以“走进重点项目及企业”为主题的党日活动。活动过程中，招商公司党支部全体党员走访了中信重工特种机器人产业项目、陆航仓储物流项目、欧亚航空货运集散项目、新宏科煤机重工生产项目等一批落地企业。走访期间，招商公司详细了解企业的建设进展、生产经营、未来发展规划等情况，与企业负责人深入交流发展瓶颈、当前面临问题、实际困难等方面内容，共同探讨研究应对措施。招商公司支部坚持“以党建促工作 以工作促党建”理念，将继续加强已落户企业的跟踪服务，及时掌握企业发展动态，帮助企业解决发展问题，始终立足服务企业，为企业发展提供优质服务，打造良好营商环境，助力企业不断发展壮大。相关企业负责人表示，感谢招商公司深入企业走访，充分感受到了园区的服务热情，进一步坚定了在园区投资发展的信心。（文/贾保平  图/辛宇）]]></content>
  <author><![CDATA[鄂尔多斯空港政务信息]]></author>
  <time>2018-10-08 17:48:11</time>
  <account><![CDATA[kgzwxx]]></account>
</data>
