<data>
  <id><![CDATA[50517954]]></id>
  <url><![CDATA[https://mp.weixin.qq.com/s?timestamp=1539596445&src=3&ver=1&signature=Egrj350GoKY8-KUcIJshb2mseGTbtxOh6l6Edf39tZ5qLGkoEOavgpYJRDJ5h4YlwxAp6ve*xVl2aLcfXsVBRVvLGgT3E-IqGuEduURkbexChV*XxiLhYeGWfD8fkiJdOXr-Rcdv90X-7k*aHLkDI7czaQVh6A9hguQRyvhwMlA=]]></url>
  <title><![CDATA[【动态】市安委会第一督查组对园区安全生产工作开展情况进行督查验收]]></title>
  <content><![CDATA[9月30日，鄂尔多斯市安委会第一督查组组长、市安监局副局长刘虎胜带队，对园区2018年1至9月份安全生产工作开展情况进行督查验收。园区管委会副主任、安委会副主任王其劳出席会议。安委会各成员单位负责人参加会议。王其劳首先代表园区管委会对督查组一行表示热烈欢迎，并就园区2018年安全生产工作开展情况、存在问题及下一步工作思路向督查组进行了汇报。刘虎胜对园区的安全生产工作给予充分肯定，他表示，空港园区从主体责任落实、隐患排查治理、宣传教育培训等方面做了大量卓有成效的工作，保持了园区安全生产事故“零”发生的良好局面。希望园区在今后的工作中进一步强化安全生产责任落实，加大安全生产投入和执法检查力度，扎实推进安全生产各项工作。随后，督查组对照督查细则查阅了园区安全生产资料，并随机抽查了机场集团公司、公用局、建设局等重点单位的安全生产工作资料。（文图/陈澎）]]></content>
  <author><![CDATA[鄂尔多斯空港政务信息]]></author>
  <time>2018-09-30 18:01:10</time>
  <account><![CDATA[kgzwxx]]></account>
</data>
