<data>
  <id><![CDATA[50517954]]></id>
  <url><![CDATA[https://mp.weixin.qq.com/s?timestamp=1539596445&src=3&ver=1&signature=Egrj350GoKY8-KUcIJshb2mseGTbtxOh6l6Edf39tZ5qLGkoEOavgpYJRDJ5h4YlwxAp6ve*xVl2aLcfXsVBRVvLGgT3E-IqGuEduURkbeyd2W2tfy5cKzCMhmIK5V81kKRHx0IcwiTxwOavk2D-0ex-gUsW8xtwm*BPrSU3QwQ=]]></url>
  <title><![CDATA[【动态】空港园区迅速传达部署斯琴毕力格代市长调研园区指示精神]]></title>
  <content><![CDATA[9月29日，空港园区党工委书记、管委会主任边东主持召开2018年第14次党政联席会议，迅速传达斯琴毕力格代市长调研园区指示精神、市综保区建设指挥部调度会精神，调度综保区建设和预验收准备工作，安排部署近期重点工作。市纪委派驻纪检组副组长张丽娟、园区在家领导班子成员出席会议，各部门、直属企业负责人等参加会议。会议指出，贯彻落实斯琴市长调研园区指示精神，对于推动鄂尔多斯综保区开发建设、空港产业集聚发展和园区二次创业，具有重要的指导意义和现实意义。会议要求，园区要围绕二次创业目标任务，深入贯彻斯琴市长指示精神，把握定位聚产业，强化管理促发展，打造西部地区重要的空港产业集聚区、国家级物流园区示范区、临空经济示范区、外向型经济集聚区。要深刻领会指示精神。园区上下要认真领会斯琴市长指示精神和要求，结合推动当前工作和统筹谋划明年各项工作，采取务实举措，将指示精神落实到各项工作中。要牢牢把握园区产业定位。按照园区“3+4+N”的产业定位，突出航空、物流、综合保税主导产业，严把项目准入，着力提高精准招商的成效，在产业集聚上下功夫，构筑现代化产业体系。要全力以赴抓好综保区建设和验收工作。各有关部门要按责任分工，全力以赴抓好验收准备工作，确保综保区高质量一次性通过自治区预验收和国家正式验收，打造对外开放新平台。要加强园区精细化管理。按照园区“两型机关”建设目标要求，在日常管理上再深化、再加强，切实提高精细化、规范化管理水平，优化营商环境，助力高质量推动二次创业新征程，打造转型开放新支点。会议强调，综保区建设和验收工作是一项重大的政治任务。园区全体干部职工要按照“大干实干100天，集中攻坚保验收”的总要求，拿出“毕其功于一役”的决心和勇气，团结协作、形成合力，坚决打赢验收工作攻坚战。一要制定工作导则。园区各有关部门对照各自职责，进一步细化工作任务，倒排工期，明确责任人和完成时限，保质保量完成各项预验收工作。二要深入研究验收政策和流程。园区各有关部门、参建方要深入研究综保区预验收的政策和流程，把握项目建设的质量标准要求。三要明确职责分工。各部门要牢固树立“一盘棋”思想，积极协调对接上级部门，主动担当做为，强化工作举措，切实形成实物工作量。四要协同作战。园区上下要加强沟通、精诚合作、及时补位，充分调动各方积极性，研究解决制约项目建设的瓶颈问题，高标准高质量完成工程建设任务。要更加注重综保区外围环境打造，提升精细化管理水平。同时要尽快完善档案资料，切实满足综保区预验收工作需要，全力打好综保区预验收工作攻坚战。（文/杨金磊 图/高智）]]></content>
  <author><![CDATA[鄂尔多斯空港政务信息]]></author>
  <time>2018-09-30 18:01:10</time>
  <account><![CDATA[kgzwxx]]></account>
</data>
