<data>
  <id><![CDATA[50517954]]></id>
  <url><![CDATA[https://mp.weixin.qq.com/s?timestamp=1539596445&src=3&ver=1&signature=Egrj350GoKY8-KUcIJshb2mseGTbtxOh6l6Edf39tZ5qLGkoEOavgpYJRDJ5h4YlwxAp6ve*xVl2aLcfXsVBRbcxzGlmmfvve--1wdCVD2SnTr45LS4DtJaU3q5bOcQYHn7s5XyJbxre4BFnhhwsTEyJxy0r-uTHIMpfyXIkoFk=]]></url>
  <title><![CDATA[【简讯】空港温暖早来到欢天喜地度国庆]]></title>
  <content><![CDATA[温暖，既要温暖身体也要温暖人心，是每一个人都能感受到的幸福！冷，今年的严寒来的格外早。进入九月，内蒙古大部地区出现较大范围降水、大风、降温天气过程，气温创下了今年下半年新低，给群众生活和工作也带来了影响。暖，为了给空港园区广大人民群众营造舒适温暖的生活环境，欢度国庆。按照市委市政府关于供热工作的要求，园区党工委管委会根据天气变化适时安排部署今冬供热工作。送，9月25日，园区供热企业空港燃气公司开始热网注水工作，标志着空港物流园区2018-2019采暖期供热工作正式启动。26日，空港幼儿园的孩子们成为园区第一个接收“送温暖”的对象，30日园区居民小区和学校等单位已提前半个月感受到了“暖意”。惠，致力于保障和改善民生，一直是园区党工委管委会的追求和目标。改善民生，不一定是多大、多宏伟的工程。让人民群众朴实无华的一个个小愿望、小要求得以实现和满足，就会积累成惠民的“大工程”，从而真正让干群关系得到巩固和发展，形成政府与群众、企业与群众之间深厚的鱼水深情。民生，提前供暖的背后是空港园区党工委管委会及保民生、企业践行十九大精神的实际行动。十九大传递了坚持以人民为中心的发展思想，这个中心必定是政府和企业在服务群众中，把关系到群众吃穿住行暖的“小事”当作要事、大事，设身处地体会群众感受，真正做到急人民之所急，想人民所想，把口号变为脚步，把文件中的群众路线真正落实到行动上。贴心，作为园区“送温暖”的企业，将根据气候和温度实际状况，科学适时地调整供暖温度，健全长效管理机制。为居民提供更多、更长效的后续供热保障。用更贴心的服务，温暖民众的心。（文图/邓泽东  赵飞）]]></content>
  <author><![CDATA[鄂尔多斯空港政务信息]]></author>
  <time>2018-10-01 17:37:57</time>
  <account><![CDATA[kgzwxx]]></account>
</data>
