<data>
  <id><![CDATA[50517954]]></id>
  <url><![CDATA[https://mp.weixin.qq.com/s?timestamp=1539596445&src=3&ver=1&signature=Egrj350GoKY8-KUcIJshb2mseGTbtxOh6l6Edf39tZ5qLGkoEOavgpYJRDJ5h4YlwxAp6ve*xVl2aLcfXsVBRVvLGgT3E-IqGuEduURkbez6unMZmPoND-Oean030AjUzO3SS19j-3mtITPk-CglTj2MruNRYEAFvLgmf8d5Dd0=]]></url>
  <title><![CDATA[【便民】企事业单位员工，你缴纳的五险一金，哪些能随缴随用？哪些不能？]]></title>
  <content><![CDATA[你缴的五险一金，哪些能随时缴随时用？哪些到点才能用？“五险一金”是用人单位给予劳动者的几种保障性待遇的合称，包括基本养老保险、基本医疗保险、失业保险、工伤保险和生育保险，及住房公积金。那么问题来了，既然是保障性待遇，它是随缴随提的么？提用“五险一金”有何要求？基本养老保险参加基本养老保险的个人，达到法定退休年龄时累计缴费满十五年的，按月领取基本养老金。参加基本养老保险的个人，达到法定退休年龄时累计缴费不足十五年的，可以缴费至满十五年，按月领取基本养老金；也可以转入新型农村社会养老保险或者城镇居民社会养老保险，按照国务院规定享受相应的养老保险待遇。基本医疗保险各地规定有所不同，但一般来说：住院及特殊病种门诊治疗的结算程序定点医疗机构于每月10日前，将上月出院患者的费用结算单、住院结算单及有关资料报医疗保险经办机构，医疗保险经办机构审核后，作为每月预拨及年终决算的依据。医疗保险经办机构每月预拨上月的住院及特殊病种门诊治疗的统筹费用。经认定患有特殊疾病的参保人员应到劳动保障部门指定的一家定点医疗机构就医购药，发生的医药费用直接记账，即时结算。急诊结算程序参保人员因急诊抢救到市内非定点的医疗机构及异地医疗机构住院治疗，发生的医疗费用，先由个人或单位垫付，急诊抢救终结后，凭医院急诊病历、检查、化验报告单、发票、详细的医疗收费清单等到医疗保险经办机构按规定办理报销手续。异地安置人员结算程序异地安置异地工作人员由其所在单位为其指定1-2所居住地定点医疗机构，并报医疗保险经办机构备案。异地安置异地工作人员患病在居住地定点医疗机构就诊所发生的医疗费用，由本人或所在单位先行垫付，治疗结束后，由所在单位持参保人员医疗证及病历、有效费用票据、复式处方、住院费用清单等在规定日期到社会医疗保险经办机构进行结算。转诊转院结算参保人员因定点医疗机构条件所限或因专科疾病转往其它医疗机构诊断治疗的，需填写转诊转院审批表。由经治医师提出转诊转院理由，科主任提出转诊转院意见，医疗机构医保办审核，分管院长签字，报市医保中心审批后，方可转院。转诊转院原则上先市内后市外、先省内后省外。市内转诊转院规定在定点医疗机构间进行。市外转诊转院须由本市三级以上定点医疗机构提出。参保人员转诊转院后发生的医疗费用，由个人或单位先用现金垫付，医疗终结后，由参保人或其代理人持转诊转院审批表、病历证书、处方及有效单据，到医保经办机构报销属于统筹基金支付范围的住院费用。失业保险失业人员失业前所在单位，应将失业人员的名单自终止或者解除劳动合同之日起7日内报受理其失业保险业务的经办机构备案，并按要求提供终止或解除劳动合同证明、参加失业保险及缴费情况证明等有关材料。失业人员应在终止或者解除劳动合同之日起60日内到受理其单位失业保险业务的经办机构申领失业保险金。工伤保险根据《工伤保险条例》第十七条的规定，职工发生事故伤害或者按照职业病防治法规定被诊断、鉴定为职业病，所在单位应当自事故伤害发生之日或者被诊断、鉴定为职业病之日起30日内，向统筹地区社会保险行政部门提出工伤认定申请。遇有特殊情况，经报社会保险行政部门同意，申请时限可以适当延长。用人单位未按前款规定提出工伤认定申请的，工伤职工或者其近亲属、工会组织在事故伤害发生之日或者被诊断、鉴定为职业病之日起1年内，可以直接向用人单位所在地统筹地区社会保险行政部门提出工伤认定申请。生育保险生育生活津贴在生育或终止妊娠后90日内由生育职工本人或其书面委托人持规定材料到生育保险经办机构一次性申领。产前检查费由职工个人全额垫付，在生育或终止妊娠后90日内由生育职工本人或其书面委托人持规定材料到生育保险经办机构一次性申领。门（急）诊、异地及在非生育保险协议服务机构发生的医疗费用参保职工生育、终止妊娠及治疗并发症、实施计划生育手术等发生的门（急）诊医疗费用或在异地及非生育保险协议服务机构就医发生的医疗费用，先由个人全额垫付，并将相关凭证妥善保存。手术或治疗结束后90日内由生育职工本人或其书面委托人持规定材料到生育保险经办机构一次性申领。生育、终止妊娠及治疗并发症的住院医疗费用参保职工在其规定的生育保险协议服务机构分娩、终止妊娠以及治疗并发症发生的住院医疗费用，应由个人支付的部分，由职工个人与医院直接结算，应由基金支付的部分，由生育保险经办机构与协议服务机构结算。各地实际情况不同，对生育保险申报的期限规定也不相同，有3个月、6个月的，还有1年的。一般要求在规定的期限内申领。住房公积金提取公积金1、在个人住房公积金提取申请单提交后，有相关部门审核通过后，银行会直接汇款到个人账户；2、原则上是在办理完公积金提取手续后3个工作日打入个人公积金账户内3、可以第4个工作日到银行柜台或ATM机上查询提取的住房公积金款项是否到账，不到账可以电话12329咨询；4、具体情况依不同城市而定提取公积金租金职工连续足额缴存满3个月，本人及配偶在缴存城市无自有住房且租房的，可提取双方住房公积金支付房租。公积金贷款职工连续足额缴存住房公积金满6个月（含）以上，可申请公积金住房贷款。（来源：工人日报）]]></content>
  <author><![CDATA[鄂尔多斯空港政务信息]]></author>
  <time>2018-09-30 18:01:10</time>
  <account><![CDATA[kgzwxx]]></account>
</data>
