<data>
  <id><![CDATA[50517954]]></id>
  <url><![CDATA[https://mp.weixin.qq.com/s?timestamp=1539596445&src=3&ver=1&signature=Egrj350GoKY8-KUcIJshb2mseGTbtxOh6l6Edf39tZ5qLGkoEOavgpYJRDJ5h4YlwxAp6ve*xVl2aLcfXsVBRaLLMPgB0mMyNkdZYOuXqkqdDlhfCmebT-6L1FiyqqbsXuS03p1us-TFyT*bxnjGXgyqJ04cHg2Zv99C-TlgMwU=]]></url>
  <title><![CDATA[【关注】习近平：党中央毫不动摇地支持民营经济发展]]></title>
  <content><![CDATA[习近平：怀疑、唱衰国企的思想和言论都是错误的27日上午，习近平总书记来到中国石油辽阳石化公司考察。他强调，我们的国有企业要继续做强做优做大，那种不要国有企业、搞小国有企业的说法、论调都是错误的、片面的。我们实行公有制为主体、多种所有制经济共同发展的基本经济制度，这一点毫不动摇。任何怀疑、唱衰国有企业的思想和言论都是错误的。坚持党对国有企业的领导，必须一以贯之；国有企业建立现代企业制度，也必须一以贯之。我们要沿着这条路笃定踏实地向前推进。习近平：党中央毫不动摇地支持民营经济发展27日上午，习近平总书记在辽宁忠旺集团考察。他先后走进产品展示厅和生产制造车间，了解企业发展和转型升级等情况。习近平强调，改革开放以来，党中央始终关心支持爱护民营企业。我们毫不动摇地发展公有制经济，毫不动摇地鼓励、支持、引导、保护民营经济发展。现在的很多改革举措都是围绕怎么进一步发展民营经济，对这一点民营企业要进一步增强信心。我们要为民营企业营造好的法治环境，进一步优化营商环境。党的路线方针政策是有益于、有利于民营企业发展的。民营企业也要进一步弘扬企业家精神、工匠精神，抓住主业，心无旁骛，力争做出更多的一流产品，发展一流的产业，为实现“两个一百年”目标作出新的贡献。（来源：人民日报）]]></content>
  <author><![CDATA[鄂尔多斯空港政务信息]]></author>
  <time>2018-09-28 22:17:14</time>
  <account><![CDATA[kgzwxx]]></account>
</data>
