<data>
  <id><![CDATA[50572800]]></id>
  <url><![CDATA[https://mp.weixin.qq.com/s?timestamp=1539596341&src=3&ver=1&signature=Egrj350GoKY8-KUcIJshb*6uq8EXiA9onQ9DhmqRt77uYQuN3p0HBhWKjLr7hnPniEgCntQbT5SN6SnXEpPMalovVRla4UqYGS8CNsggR8-izspS5Fcr8ogBN3Khkp5tZKnAIIjdHwxJCkxMNHpjvhUhzFfx7y54P4conHwDI9s=]]></url>
  <title><![CDATA[北京市：关于申报2018年第二批北京市专利资助金的通知]]></title>
  <content><![CDATA[政策邦官方网站：www.zhengcehongli.org联系方式： 010-84164952扫二维码了解更多政策信息，敬请关注“政策邦”]]></content>
  <author><![CDATA[政策扶持资金]]></author>
  <time>2018-09-11 13:51:35</time>
  <account><![CDATA[fuchizijin]]></account>
</data>
