<data>
  <id><![CDATA[50572800]]></id>
  <url><![CDATA[https://mp.weixin.qq.com/s?timestamp=1539596341&src=3&ver=1&signature=Egrj350GoKY8-KUcIJshb*6uq8EXiA9onQ9DhmqRt77uYQuN3p0HBhWKjLr7hnPniEgCntQbT5SN6SnXEpPMajyQ86p9npM5HI6c5uJc5ZpVRXcOUfPLNRNcNxpWvXaIb73pGmPNB8B1SIqsN66i3*MXk8f4jDJBEpBOePZcuwY=]]></url>
  <title><![CDATA[河南省：关于组织开展2018年全省创新龙头企业申报和年度评估工作的通知]]></title>
  <content><![CDATA[政策邦官方网站：www.zhengcehongli.org联系方式：佟老师 010-84164952扫二维码了解更多政策信息，敬请关注“政策邦]]></content>
  <author><![CDATA[政策扶持资金]]></author>
  <time>2018-09-07 17:02:07</time>
  <account><![CDATA[fuchizijin]]></account>
</data>
