<data>
  <id><![CDATA[50572800]]></id>
  <url><![CDATA[https://mp.weixin.qq.com/s?timestamp=1539596341&src=3&ver=1&signature=Egrj350GoKY8-KUcIJshb*6uq8EXiA9onQ9DhmqRt77uYQuN3p0HBhWKjLr7hnPniEgCntQbT5SN6SnXEpPMajyQ86p9npM5HI6c5uJc5Zr62CVxC8ekxc24Uv5nAHXhB8jzojzL*dLj53sxnGdM4uKjjr1YDNJopy3oMizRCeo=]]></url>
  <title><![CDATA[广西：关于组织开展2018年企业技术需求和可供转化科技成果项目征集工作的通知]]></title>
  <content><![CDATA[政策邦官方网站：www.zhengcehongli.org联系方式： 010-84164952扫二维码了解更多政策信息，敬请关注“政策邦”]]></content>
  <author><![CDATA[政策扶持资金]]></author>
  <time>2018-09-07 17:02:07</time>
  <account><![CDATA[fuchizijin]]></account>
</data>
