<data>
  <id><![CDATA[50572800]]></id>
  <url><![CDATA[https://mp.weixin.qq.com/s?timestamp=1539596341&src=3&ver=1&signature=Egrj350GoKY8-KUcIJshb*6uq8EXiA9onQ9DhmqRt77uYQuN3p0HBhWKjLr7hnPniEgCntQbT5SN6SnXEpPMaqGmbXpENvTYixiObTRyrgsAg0x2Q9FD*qitXzqx2LzwUMoE7f8hvjN-UnS*ub0zKAcW4OzBJXCH81xhgG45Dhw=]]></url>
  <title><![CDATA[四川省：关于组织开展2019年省级工业发展资金项目征集工作的通知]]></title>
  <content><![CDATA[政策邦官方网站：www.zhengcehongli.org联系方式： 010-84164952扫二维码了解更多政策信息，敬请关注“政策邦]]></content>
  <author><![CDATA[政策扶持资金]]></author>
  <time>2018-10-15 16:53:07</time>
  <account><![CDATA[fuchizijin]]></account>
</data>
