<data>
  <id><![CDATA[50572800]]></id>
  <url><![CDATA[https://mp.weixin.qq.com/s?timestamp=1539596341&src=3&ver=1&signature=Egrj350GoKY8-KUcIJshb*6uq8EXiA9onQ9DhmqRt77uYQuN3p0HBhWKjLr7hnPniEgCntQbT5SN6SnXEpPMajIb*C5anltK0e9OTbJf-ye1v5KDchvQ567rQk0j1pNAHn11JM0s**hs14f11M6*3ymrEn8Vv4vH1A935FykgIY=]]></url>
  <title><![CDATA[北京市：关于公开征集北京市中小企业创业投资引导基金第十一批合作创业投资机构的通知]]></title>
  <content><![CDATA[政策邦官方网站：www.zhengcehongli.org联系方式： 010-84164952扫二维码了解更多政策信息，敬请关注“政策邦”]]></content>
  <author><![CDATA[政策扶持资金]]></author>
  <time>2018-10-10 16:28:15</time>
  <account><![CDATA[fuchizijin]]></account>
</data>
