<data>
  <id><![CDATA[50572800]]></id>
  <url><![CDATA[https://mp.weixin.qq.com/s?timestamp=1539596341&src=3&ver=1&signature=Egrj350GoKY8-KUcIJshb*6uq8EXiA9onQ9DhmqRt77uYQuN3p0HBhWKjLr7hnPniEgCntQbT5SN6SnXEpPMalovVRla4UqYGS8CNsggR8887AoJygRoxVb1v*gGSuMKM5Q0dQS5jWBKYnBh8lVO*Q9DIQBSVQ3HiU9OXzNgPUw=]]></url>
  <title><![CDATA[江西省：关于组织开展2018年江西省中小企业公共服务示范平台申报工作的通知]]></title>
  <content><![CDATA[政策邦官方网站：www.zhengcehongli.org联系方式： 010-84164952扫二维码了解更多政策信息，敬请关注“政策邦”]]></content>
  <author><![CDATA[政策扶持资金]]></author>
  <time>2018-09-11 13:51:35</time>
  <account><![CDATA[fuchizijin]]></account>
</data>
