<data>
  <id><![CDATA[50572800]]></id>
  <url><![CDATA[https://mp.weixin.qq.com/s?timestamp=1539596341&src=3&ver=1&signature=Egrj350GoKY8-KUcIJshb*6uq8EXiA9onQ9DhmqRt77uYQuN3p0HBhWKjLr7hnPniEgCntQbT5SN6SnXEpPMarp2Ffgo4C2YmqdszBTStDbyrhJOMvtuhShdjhN9b6HvDf8S9x5d5Qofe*TjnEepstYxEurtk6iwa1kOundoJvI=]]></url>
  <title><![CDATA[科技部：关于发布国家重点研发计划“现代服务业共性关键技术研发及应用示范”重点专项2018年度定向项目申报指南的通知]]></title>
  <content><![CDATA[政策邦官方网站：www.zhengcehongli.org联系方式： 010-84164952扫二维码了解更多政策信息，敬请关注“政策邦”]]></content>
  <author><![CDATA[政策扶持资金]]></author>
  <time>2018-09-12 11:31:19</time>
  <account><![CDATA[fuchizijin]]></account>
</data>
