<data>
  <id><![CDATA[50572800]]></id>
  <url><![CDATA[https://mp.weixin.qq.com/s?timestamp=1539596341&src=3&ver=1&signature=Egrj350GoKY8-KUcIJshb*6uq8EXiA9onQ9DhmqRt77uYQuN3p0HBhWKjLr7hnPniEgCntQbT5SN6SnXEpPMaknZv7E75TDjSjOwva2qJ4cuS1OvkO2sHjqGFQ1s1YVStDXsmqkJOTQq2OJGGKnu8oJ1F9Wf4Vtuj12xCi659ys=]]></url>
  <title><![CDATA[中国邮政储蓄银行涉农贷款政策]]></title>
  <content><![CDATA[各省、自治区、直辖市、计划单列市财政厅（局），国家税务总局各省、自治区、直辖市、计划单列市税务局，新疆生产建设兵团财政局：为支持中国邮政储蓄银行“三农金融事业部”加大对乡村振兴的支持力度，现就中国邮政储蓄银行“三农金融事业部”涉农贷款有关增值税政策通知如下：一、自2018年7月1日至2020年12月31日,对中国邮政储蓄银行纳入“三农金融事业部”改革的各省、自治区、直辖市、计划单列市分行下辖的县域支行，提供农户贷款、农村企业和农村各类组织贷款（具体贷款业务清单见附件）取得的利息收入，可以选择适用简易计税方法按照3%的征收率计算缴纳增值税。二、本通知所称农户，是指长期（一年以上）居住在乡镇（不包括城关镇）行政管理区域内的住户，还包括长期居住在城关镇所辖行政村范围内的住户和户口不在本地而在本地居住一年以上的住户，国有农场的职工和农村个体工商户。位于乡镇（不包括城关镇）行政管理区域内和在城关镇所辖行政村范围内的国有经济的机关、团体、学校、企事业单位的集体户；有本地户口，但举家外出谋生一年以上的住户，无论是否保留承包耕地均不属于农户。农户以户为统计单位，既可以从事农业生产经营，也可以从事非农业生产经营。农户贷款的判定应以贷款发放时的借款人是否属于农户为准。三、本通知所称农村企业和农村各类组织贷款，是指金融机构发放给注册在农村地区的企业及各类组织的贷款。附件：享受增值税优惠的涉农贷款业务清单1.法人农业贷款2.法人林业贷款3.法人畜牧业贷款4.法人渔业贷款5.法人农林牧渔服务业贷款6.法人其他涉农贷款（煤炭、烟草、采矿业、房地产业、城市基础设施建设和其他类的法人涉农贷款除外）7.小型农田水利设施贷款8.大型灌区改造9.中低产田改造10.防涝抗旱减灾体系建设11.农产品加工贷款12.农业生产资料制造贷款13.农业物资流通贷款14.农副产品流通贷款15.农产品出口贷款16.农业科技贷款17.农业综合生产能力建设18.农田水利设施建设19.农产品流通设施建设20.其他农业生产性基础设施建设21.农村饮水安全工程22.农村公路建设23.农村能源建设24.农村沼气建设25.其他农村生活基础设施建设26.农村教育设施建设27.农村卫生设施建设28.农村文化体育设施建设29.林业和生态环境建设30.个人农业贷款31.个人林业贷款32.个人畜牧业贷款33.个人渔业贷款34.个人农林牧渔服务业贷款35.农户其他生产经营贷款36.农户助学贷款37.农户医疗贷款38.农户住房贷款39.农户其他消费贷款政策邦官方网站：www.zhengcehongli.org联系方式： 010-84164952扫二维码了解更多政策信息，敬请关注“政策邦”]]></content>
  <author><![CDATA[政策扶持资金]]></author>
  <time>2018-09-20 17:57:12</time>
  <account><![CDATA[fuchizijin]]></account>
</data>
