<data>
  <id><![CDATA[50572800]]></id>
  <url><![CDATA[https://mp.weixin.qq.com/s?timestamp=1539596341&src=3&ver=1&signature=Egrj350GoKY8-KUcIJshb*6uq8EXiA9onQ9DhmqRt77uYQuN3p0HBhWKjLr7hnPniEgCntQbT5SN6SnXEpPMajyQ86p9npM5HI6c5uJc5Zpkv2ng4mdvGOpZcnB267*FhckS30VR7pcIdzrjOPHbZa0vXDmVkNtqzq7Krt9rOzE=]]></url>
  <title><![CDATA[国家广电总局：关于推荐2018年第二季度优秀国产电视动画片的通知]]></title>
  <content><![CDATA[政策邦官方网站：www.zhengcehongli.org联系方式： 010-84164952扫二维码了解更多政策信息，敬请关注“政策邦”]]></content>
  <author><![CDATA[政策扶持资金]]></author>
  <time>2018-09-07 17:02:07</time>
  <account><![CDATA[fuchizijin]]></account>
</data>
