<data>
  <id><![CDATA[50572800]]></id>
  <url><![CDATA[https://mp.weixin.qq.com/s?timestamp=1539596341&src=3&ver=1&signature=Egrj350GoKY8-KUcIJshb*6uq8EXiA9onQ9DhmqRt77uYQuN3p0HBhWKjLr7hnPniEgCntQbT5SN6SnXEpPMahfvKRLh5IoVCPlJDTHZ2hU1nOMb2XGM5qJHjijZvEjsp7pgMBt-mgb3eQNwTwQrHvw*43BUDTc-GEQeMfsClKE=]]></url>
  <title><![CDATA[北京市：关于征集中泰（国）政府间科技合作联委会短期交流项目的通知]]></title>
  <content><![CDATA[政策邦官方网站：www.zhengcehongli.org联系方式： 010-84164952扫二维码了解更多政策信息，敬请关注“政策邦”]]></content>
  <author><![CDATA[政策扶持资金]]></author>
  <time>2018-09-19 15:51:10</time>
  <account><![CDATA[fuchizijin]]></account>
</data>
