<data>
  <id><![CDATA[50572800]]></id>
  <url><![CDATA[https://mp.weixin.qq.com/s?timestamp=1539596341&src=3&ver=1&signature=Egrj350GoKY8-KUcIJshb*6uq8EXiA9onQ9DhmqRt77uYQuN3p0HBhWKjLr7hnPniEgCntQbT5SN6SnXEpPMavxsOC6DQRlLXh4WO3f19tc8xoO28cD9GeEsxy9WxnXXGSLvD3fUgxAdvfi1kDZqQ*HOVzks*xdVcdBnZ0NzwbI=]]></url>
  <title><![CDATA[天津市：关于开展第三批跨国公司地区总部和总部型机构认定工作的通知]]></title>
  <content><![CDATA[政策邦官方网站：www.zhengcehongli.org联系方式： 010-84164952扫二维码了解更多政策信息，敬请关注“政策邦”]]></content>
  <author><![CDATA[政策扶持资金]]></author>
  <time>2018-10-11 17:08:40</time>
  <account><![CDATA[fuchizijin]]></account>
</data>
