<data>
  <id><![CDATA[50572800]]></id>
  <url><![CDATA[https://mp.weixin.qq.com/s?timestamp=1539596341&src=3&ver=1&signature=Egrj350GoKY8-KUcIJshb*6uq8EXiA9onQ9DhmqRt77uYQuN3p0HBhWKjLr7hnPniEgCntQbT5SN6SnXEpPMauMUn85554XaCpwLOPeyZYr9F2wudOOfRIIQ3HflolPLyyYtODfF7gUPUOc2k2n4t-dC3pQJS3TIlJal6k*xBxM=]]></url>
  <title><![CDATA[天津市：关于开展2018年市级众创空间备案和科技企业孵化器认定工作的通知]]></title>
  <content><![CDATA[政策邦官方网站：www.zhengcehongli.org联系方式： 010-84164952扫二维码了解更多政策信息，敬请关注“政策邦”]]></content>
  <author><![CDATA[政策扶持资金]]></author>
  <time>2018-10-09 17:19:10</time>
  <account><![CDATA[fuchizijin]]></account>
</data>
