<data>
  <id><![CDATA[50572800]]></id>
  <url><![CDATA[https://mp.weixin.qq.com/s?timestamp=1539596341&src=3&ver=1&signature=Egrj350GoKY8-KUcIJshb*6uq8EXiA9onQ9DhmqRt77uYQuN3p0HBhWKjLr7hnPniEgCntQbT5SN6SnXEpPMaqGmbXpENvTYixiObTRyrguGwVTZC9CbU3XgjY4TRWohc*Iwzxa*pvbncXFJYfbT8UEnPdGgHCB20dHF5UQcIJY=]]></url>
  <title><![CDATA[科技部：关于发布科技创新2030—“新一代人工智能”重大项目2018年度项目申报指南的通知]]></title>
  <content><![CDATA[政策邦官方网站：www.zhengcehongli.org联系方式： 010-84164952扫二维码了解更多政策信息，敬请关注“政策邦”]]></content>
  <author><![CDATA[政策扶持资金]]></author>
  <time>2018-10-15 16:53:07</time>
  <account><![CDATA[fuchizijin]]></account>
</data>
