<data>
  <id><![CDATA[50572800]]></id>
  <url><![CDATA[https://mp.weixin.qq.com/s?timestamp=1539596341&src=3&ver=1&signature=Egrj350GoKY8-KUcIJshb*6uq8EXiA9onQ9DhmqRt77uYQuN3p0HBhWKjLr7hnPniEgCntQbT5SN6SnXEpPMavxsOC6DQRlLXh4WO3f19tdozXFPOKVa*zYN2zxwHp5ZASYPT-sx8x*a9NEOkGBAsTIYsh-QabqJtv0L8DNTSRo=]]></url>
  <title><![CDATA[除了贷款，这些项目还可以申请政府扶持资金]]></title>
  <content><![CDATA[资金，一直是各类企业生存和发展的关键因素之一，特别是中小企业，资金问题更是成为其战略扩张的瓶颈，不少项目就是因为资金的缺乏而夭折，有些企业甚至由于资金困境不得不面临破产风险。融资、贷款确实是解决资金困境的有效途径，但这些方式获得的资金也会成为企业的另一种负债。这个时候，申请政府扶持资金无疑是更好的选择，企业可以利用好这类政府资源，促进项目的推进及企业的发展。哪些项目可申报政府支持资金？从政府相关政策详细规定看，以下项目可以申请政府支持资金：1政府投资补助项目能够推进科技进步和高新技术产业化，及对经济结构调整有重要带动和引导作用的产业化项目;农业综合开发资助农业发展的项目;科技型创业投资项目;政府支持的中小企业创业投资项目;政府鼓励的风险投资项目;具有经营性质的科研开发项目;国家鼓励发展的能源交通、农林水利、市政工程等公益性和公共基础设施投资项目;保护和改善生态环境的投资项目;促进欠发达地区的经济和社会发展的投资项目以及符合国家有关规定的其他项目。2政府贷款贴息项目财政贴息资金重点用于市场不能有效配置资源、需要政府支持的经济和社会领域，主要包括：公益性和公共基础设施投资项目;保护和改善生态环境的投资项目;促进欠发达地区的经济和社会发展的投资项目;推进科技进步和高新技术产业化的投资项目;符合国家有关规定的其他项目。怎么申请政府扶持资金呢？第一步，政府发布政府扶持资金专项指南；第二步，企事业单位根据指南要求提交项目可行性分析报告及其他相关材料；第三步，政府主管部门进行材料的形式审查，即看材料准备的是否是按照要求进行，如否可能会被打回；第四步，政府主管部门组织相关行业专家（包括技术方面及财务方面）对通过形式审查的项目进行初评；第五步，通过初评的项目，需要企业项目负责人及相关人员在规定的时间及地点进行答辩；第六步，根据打分状况将企业申报的项目进行划档，决定支持、不支持以及支持金额数量；第七步，政府部门公布项目评审结果，与企业单位签订项目协议及任务书，下发资金；第八步，企业事业单位按照要求完成预定任务目标，进行项目验收。政策邦官方网站：www.zhengcehongli.org联系方式： 010-84164952扫二维码了解更多政策信息，敬请关注“政策邦”]]></content>
  <author><![CDATA[政策扶持资金]]></author>
  <time>2018-10-11 17:08:40</time>
  <account><![CDATA[fuchizijin]]></account>
</data>
