<data>
  <id><![CDATA[50572800]]></id>
  <url><![CDATA[https://mp.weixin.qq.com/s?timestamp=1539596341&src=3&ver=1&signature=Egrj350GoKY8-KUcIJshb*6uq8EXiA9onQ9DhmqRt77uYQuN3p0HBhWKjLr7hnPniEgCntQbT5SN6SnXEpPMarp2Ffgo4C2YmqdszBTStDboC7em4CivFNlYNwc5Gr2O*yZXxOWT-SvAI1dYjQI27R2OMGFE9FWcUAbxIP7w3WU=]]></url>
  <title><![CDATA[北京市：关于开展第二批北京市中小企业公共服务示范平台、北京市小型微型企业创业创新示范基地认定工作的通知]]></title>
  <content><![CDATA[政策邦官方网站：www.zhengcehongli.org联系方式： 010-84164952扫二维码了解更多政策信息，敬请关注“政策邦”]]></content>
  <author><![CDATA[政策扶持资金]]></author>
  <time>2018-09-12 11:31:19</time>
  <account><![CDATA[fuchizijin]]></account>
</data>
