<data>
  <id><![CDATA[50572800]]></id>
  <url><![CDATA[https://mp.weixin.qq.com/s?timestamp=1539596341&src=3&ver=1&signature=Egrj350GoKY8-KUcIJshb*6uq8EXiA9onQ9DhmqRt77uYQuN3p0HBhWKjLr7hnPniEgCntQbT5SN6SnXEpPMajIb*C5anltK0e9OTbJf-yfoFCaQ48xs35FiA1ztoIr5m-GDpsse087FR4CEl-zUd3gaCny8T5IcooAPvOY6afU=]]></url>
  <title><![CDATA[国务院办公厅印发《推进运输结构调整三年行动计划（2018－2020年）》]]></title>
  <content><![CDATA[《行动计划》要求，要以新时代中国特色社会主义思想为指导，全面贯彻十九大和十九届二中、三中全会精神，以深化交通运输供给侧结构性改革为主线，以京津冀及周边地区、长三角地区、汾渭平原等区域为主战场，以推进大宗货物运输“公转铁、公转水”为主攻方向，通过三年集中攻坚，实现全国铁路货运量较2017年增加11亿吨、水路货运量较2017年增加5亿吨、沿海港口大宗货物公路运输量减少4.4亿吨的目标。到2020年，全国货物运输结构明显优化，铁路、水路承担的大宗货物运输量显著提高，将京津冀及周边地区打造成为全国运输结构调整示范区。为实现工作目标，《行动计划》提出实施六大行动。一是铁路运能提升行动。提升既有铁路综合利用效率，加快铁路专用线建设，到2020年大宗货物年货运量在150万吨以上的工矿企业和新建物流园区接入比例达到80%以上。建立健全灵活的运价调整机制，完善短距离大宗货物运价浮动机制。二是水运系统升级行动。完善内河水运网络，推进集疏港铁路建设。2018年底前，环渤海地区、山东省、长三角地区沿海主要港口和唐山港、黄骅港的煤炭集港改由铁路或水路运输；2020年采暖季前，沿海主要港口和唐山港、黄骅港的矿石、焦炭等大宗货物原则上主要改由铁路或水路运输。三是公路货运治理行动。强化公路货运车辆超限超载治理，到2020年底，各省（区、市）高速公路货运车辆平均违法超限超载率不超过0.5%。大力推进货运车型标准化，推动道路货运行业集约高效发展。四是多式联运提速行动。推进具有多式联运功能的物流园区建设，加强不同运输方式间的有效衔接。支持各地开展集装箱运输、商品车滚装运输、全程冷链运输、电商快递班列等多式联运试点示范创建。五是城市绿色配送行动。推进城市绿色货运配送示范工程建设。制定新能源城市配送车辆便利通行等政策，并加大推广应用力度。推进城市生产生活物资公铁联运，打造“轨道+仓储配送”的铁路城市物流配送新模式。六是信息资源整合行动。加快建设多式联运公共信息平台，提升物流信息服务水平。建立运输结构调整信息运行监测和报送机制。《行动计划》强调，要加强政策保障，积极落实财政和用地用海支持政策，确保运输结构调整取得实效。地方政府要尽快组织编制运输结构调整工作实施方案，细化分解目标任务，确保责任落实到位。政策邦官方网站：www.zhengcehongli.org联系方式： 010-84164952扫二维码了解更多政策信息，敬请关注“政策邦”]]></content>
  <author><![CDATA[政策扶持资金]]></author>
  <time>2018-10-10 16:28:15</time>
  <account><![CDATA[fuchizijin]]></account>
</data>
