<data>
  <id><![CDATA[50572800]]></id>
  <url><![CDATA[https://mp.weixin.qq.com/s?timestamp=1539596341&src=3&ver=1&signature=Egrj350GoKY8-KUcIJshb*6uq8EXiA9onQ9DhmqRt77uYQuN3p0HBhWKjLr7hnPniEgCntQbT5SN6SnXEpPMajIb*C5anltK0e9OTbJf-ye4pOR7xp-oFOHwJSG1dErCTlls*gvNyIQVDmikMFzVHPrYBaC*4JiGZgjSlmb0gv4=]]></url>
  <title><![CDATA[国家新兴产业公共服务平台：关于征集强企公益内训企业需求的通知]]></title>
  <content><![CDATA[政策邦官方网站：www.zhengcehongli.org联系方式： 010-84164952扫二维码了解更多政策信息，敬请关注“政策邦”]]></content>
  <author><![CDATA[政策扶持资金]]></author>
  <time>2018-10-10 16:28:15</time>
  <account><![CDATA[fuchizijin]]></account>
</data>
