<data>
  <id><![CDATA[50572800]]></id>
  <url><![CDATA[https://mp.weixin.qq.com/s?timestamp=1539596341&src=3&ver=1&signature=Egrj350GoKY8-KUcIJshb*6uq8EXiA9onQ9DhmqRt77uYQuN3p0HBhWKjLr7hnPniEgCntQbT5SN6SnXEpPMatBlCBJUIGKjlCZq0JSju8EZlzUoEiuZ9-cQERZenvR9s8EMyvTOyCzw*fiL7Vx3sXZH9ZIt4kVNjkMgySZls-U=]]></url>
  <title><![CDATA[全国一周政策汇总]]></title>
  <content><![CDATA[政策邦官方网站：www.zhengcehongli.org联系方式： 010-84164952扫二维码了解更多政策信息，敬请关注“政策邦”]]></content>
  <author><![CDATA[政策扶持资金]]></author>
  <time>2018-09-10 14:38:14</time>
  <account><![CDATA[fuchizijin]]></account>
</data>
