<data>
  <id><![CDATA[50572800]]></id>
  <url><![CDATA[https://mp.weixin.qq.com/s?timestamp=1539596341&src=3&ver=1&signature=Egrj350GoKY8-KUcIJshb*6uq8EXiA9onQ9DhmqRt77uYQuN3p0HBhWKjLr7hnPniEgCntQbT5SN6SnXEpPMauMUn85554XaCpwLOPeyZYrduIYKaLwFbuTiAfmLGbZ4SQrDYVb4F2f4MeV9Qzx0IucuN0uSmu7XsKaLGHOpVbw=]]></url>
  <title><![CDATA[天津市：关于印发2019年度天津市服务业专项资金项目申报指南的通知]]></title>
  <content><![CDATA[政策邦官方网站：www.zhengcehongli.org联系方式： 010-84164952扫二维码了解更多政策信息，敬请关注“政策邦”]]></content>
  <author><![CDATA[政策扶持资金]]></author>
  <time>2018-10-09 17:19:10</time>
  <account><![CDATA[fuchizijin]]></account>
</data>
