<data>
  <id><![CDATA[50572800]]></id>
  <url><![CDATA[https://mp.weixin.qq.com/s?timestamp=1539596341&src=3&ver=1&signature=Egrj350GoKY8-KUcIJshb*6uq8EXiA9onQ9DhmqRt77uYQuN3p0HBhWKjLr7hnPniEgCntQbT5SN6SnXEpPMaknZv7E75TDjSjOwva2qJ4cu8b23MzaWphUxBdWehprbcXBGqHV45ZRE10YntyLCYg*mU25SBQ3HGB50qeweFHk=]]></url>
  <title><![CDATA[工信部：关于开展第二批智慧健康养老应用试点示范的通知]]></title>
  <content><![CDATA[政策邦官方网站：www.zhengcehongli.org联系方式： 010-84164952扫二维码了解更多政策信息，敬请关注“政策邦”]]></content>
  <author><![CDATA[政策扶持资金]]></author>
  <time>2018-09-20 17:57:12</time>
  <account><![CDATA[fuchizijin]]></account>
</data>
