<data>
  <id><![CDATA[50732028]]></id>
  <url><![CDATA[https://mp.weixin.qq.com/s?timestamp=1539596611&src=3&ver=1&signature=Egrj350GoKY8-KUcIJshbzaKMuJTjer51NkQk2Ne5jk6oRhGp2cPVSXTKah-jg9QQu4UP9OkCatfQAZvz2KxcAorE-VPHr2P4emT1IBFostyYPpajX2dj*u*PzIc-SgK0qiZDe2pN7x2dNMFjTMyAZf3oeEu0rbGSN3TMSrtSB4=]]></url>
  <title><![CDATA[跌破10℃！今早出门你冻着没？]]></title>
  <content><![CDATA[10月1日入秋以来，无锡的秋意越来越浓，最低气温终于也抵不住冷空气的侵袭，今天早晨破“10”了，今早无锡的最低气温只有9.3℃，早起的朋友肯定感受到了秋天的寒意。在此锡锡也要提醒各位，还盖着毛巾毯的要换成被子了，还穿着短袖的要多穿件外套了，天气转冷，可不要贪凉哦。金秋时节可以说是无锡一年四季中最好的日子了，而且最近天气晴好，即便有降水，也是夜晚悄悄来，不打扰白天的岁月静好。从目前的气象资料来看，短期我市受地面高压控制，以晴好天气为主，早晨气温偏低，整体气温变化不大。二俗话说：春捂秋冻。春天来时，适当地捂一捂，使机体渐渐地适应回暖；秋天来时，适当地冻一冻，提高机体的抗寒能力。着装与时令有适当的滞后。但所谓“捂”和“冻”，都应有一个前提：春天的捂，以不出汗为前提；秋天的冻，以不着凉为前提。当然，这很难以精准量化的方式来判定，即使相近的气温，有风无风，是干是湿，是晴是雨，体感的差异都很大。“（农历）二八月，乱穿衣”，所谓“乱”，一方面是指人们需要根据天气变化及时增减衣物，另一方面也说明不同的人穿着差异很大。二八月，乱穿衣。但没说（农历）九月还乱穿衣的。还有一个谚语，叫做“急脱急着，胜如服药”。就是告诉人们，热了及时脱衣，冷了及时加衣。这两个谚语看似相悖，实则相合。就像战略上藐视敌人，战术上还要重视敌人一样。“春捂秋冻”，说的是应对气候的战略；“急脱急着”，说的是应对天气的战术。比如春季，大的原则是适当地捂。但春季的昼夜温差往往是一年之中最大的，一天当中，或许就包含了两个季节。一季当中，甚至可能急冷急暖，所谓“春如四季”。所以在一天之内、一季之中还需要机动地进行增减。英语中，有一个着装原则的说法，叫做：Dress in layers（多层着装），即所谓洋葱着装法。热了脱一两层，冷了加一两层，随时调整。不能只有两层，捂上便是隆冬衣着，脱了便是盛夏装束。中间要有过渡，为机体提供缓冲。来源：无锡气象图片来自中国天气网、网络等福利活动依旧在继续小布将不定期从微信评论区抽出幸运粉丝每人可获得礼品一份！更棒的是无锡发布的礼品升级啦！笔记本套装充电宝+U盘套装便携包包还有常规地铁卡任意选~多互动多留言多评论就有机会获得礼品哦！]]></content>
  <author><![CDATA[无锡发布]]></author>
  <time>2018-10-11 17:03:51</time>
  <account><![CDATA[wuxifabu2013]]></account>
</data>
