<data>
  <id><![CDATA[50732028]]></id>
  <url><![CDATA[https://mp.weixin.qq.com/s?timestamp=1539596611&src=3&ver=1&signature=Egrj350GoKY8-KUcIJshbzaKMuJTjer51NkQk2Ne5jk6oRhGp2cPVSXTKah-jg9QQu4UP9OkCatfQAZvz2KxcCQKeaNBybZM0W1R9JUh4KYukrCYFltyje5rvYojzuUkbWwwhYvE6yLLfcGS6pxwPkzmyhHXhDxQ9XNgvEd4MAs=]]></url>
  <title><![CDATA[无锡市政府驻北京联络处主任吴彧接受纪律审查和监察调查]]></title>
  <content><![CDATA[无锡市政府驻北京联络处主任吴彧涉嫌严重违纪违法，目前正接受纪律审查和监察调查。吴彧简历吴彧，男，汉族，1965年11月18日出生，河北任县人，省委党校研究生学历， 1983年10月参加工作，1988年6月加入中国共产党。1997年8月起，历任市政府接待办科员、副主任科员、副处长、处长、主任助理、副主任；2008年12月，任市政府驻北京联络处副主任（主持工作）；2010年2月至今，任市政府驻北京联络处主任（正处职）。来源：无锡市纪委、市监委]]></content>
  <author><![CDATA[无锡发布]]></author>
  <time>2018-10-15 12:20:53</time>
  <account><![CDATA[wuxifabu2013]]></account>
</data>
