<data>
  <id><![CDATA[50732028]]></id>
  <url><![CDATA[https://mp.weixin.qq.com/s?timestamp=1539596611&src=3&ver=1&signature=Egrj350GoKY8-KUcIJshbzaKMuJTjer51NkQk2Ne5jk6oRhGp2cPVSXTKah-jg9QQu4UP9OkCatfQAZvz2KxcCLxY5lfciikegQHHEtXNYtjTKWTYvh76MoF4Uv1heAPWEjnZyt06AqIewAeHDOmX7K7-CU8K2k2LYiENxmgOHM=]]></url>
  <title><![CDATA[本月底，无锡这处“景点”将被拍卖！起价3个多亿！]]></title>
  <content><![CDATA[无锡知名景区很多除了鼋头渚、灵山大佛、梅园等你是否知道曾有一个“统一嘉园”？如今荒废13年后它或将迎来新生——于10月31日进行司法拍卖起价3亿多元！统一嘉园依山傍水不少摄影爱好者为其被荒废而惋惜来源 @老老老老墨Wit孔维营10月31日统一嘉园就将被司法拍卖根据过往资料统一嘉园之前也拍卖过但最终流拍了这次的结果如何我们拭目以待❆重温统一嘉园来源 @无锡探长▲以前的门票，来源@无锡郁老夫子统一嘉园风景区临太湖而筑，依山势而建，是一座以江南园林和太湖山水风光相互交融的特色文化园林。●1994年开工建设，2001年开园，投资3亿多元；●位于太湖核心风景区内，占地17.84万平方米，拥有水域面积约6.25万平方米；●为江苏第一家民营资本涉足开发经营的主题公园；●2005年宣告破产，仅存活了短短4年多时间。这些园内景点你还记得吗？中华统一坛是统一嘉园的标志性景观，四柱高8.5米，四龙高5.3米，总高达16.8米，以彰扬龙的传人顶天立地的图腾精神。中华统一坛还是名噪一时的央视大剧《笑傲江湖》很重要的外景地之一。来源 @三岁就很帅太湖波峰上的千米缘廊，由六桥三亭二坊一榭组成，弯曲连绵1088米，是世界上最长的水上长廊。此外，定海楼、盼归亭、风满华堂等景观也各有寓意。来源@Whatevererererer依山而建的天后宫，大殿在山顶，可以俯瞰太湖。统一嘉园风光幽雅旖旎，包融太湖山水绝色，花木扶疏葱郁碧翠，亭台楼阁水廊萦绕，绿水青山中桥垂虹，曲通径幽画中有画。有诗曰：“楼台影压浮云月，蓬莱此境应相类；秀山碧玉一峰立，波接万顷盼统一。”来源@Fairysuns金门殿，即园林主入口，现常年紧闭。门口的两尊石兽还保持着威严的神态，但身上也多了风雨冲刷过的痕迹。来源 @Mr_Se7en大叔盼归亭里的郑成功像临太湖而立，任时光流转，岿然不动。来源@这里是无锡去年开始成为新晋网红去年7月无锡拍客@无锡东侠 微博上发布了一组统一嘉园的美景，吸引了更多拍客前去撷珍，渐渐地统一嘉园在摄影圈、垂钓圈名气传开，成为新晋网红。不得不说这里的湖光山色太美了来源 @Zmf1117特别是日出日落霞光掩映“小日月潭”美爆了来源@Fairysuns这么好的山水天赋就这样白白荒废实在可惜来看看网友们怎么说期盼这次拍卖它能有机会重生您还记得这个统一嘉园吗？上一次去是什么时候？来源：江南晚报、无锡亲爱的封面：@Mr_Se7en大叔福利活动依旧在继续小布将不定期从微信评论区抽出幸运粉丝每人可获得礼品一份！更棒的是无锡发布的礼品升级啦！笔记本套装充电宝+U盘套装便携包包还有常规地铁卡任意选~多互动多留言多评论就有机会获得礼品哦！]]></content>
  <author><![CDATA[无锡发布]]></author>
  <time>2018-10-14 12:02:18</time>
  <account><![CDATA[wuxifabu2013]]></account>
</data>
