<data>
  <id><![CDATA[50732028]]></id>
  <url><![CDATA[https://mp.weixin.qq.com/s?timestamp=1539596611&src=3&ver=1&signature=Egrj350GoKY8-KUcIJshbzaKMuJTjer51NkQk2Ne5jk6oRhGp2cPVSXTKah-jg9QQu4UP9OkCatfQAZvz2KxcNUGOgXcaSaQx20OHllzjm2XsNVNG3wzxX4UES2rjvqNurGS-196yEsn4HHVsqQYBJtNIqd5wOQ33yMTZ2I1zUM=]]></url>
  <title><![CDATA[免费停车30分钟，车站地区停车全攻略！（附今日中奖名单）]]></title>
  <content><![CDATA[话说，咱们无锡的中央车站地区是个很热门的地方，人来人往，接个来锡的亲戚朋友是常有的事，可是，这车站地区周围都是违停严管路段，停车到底该怎么停？停车场在哪里？有点傻傻搞不清楚。别急，这就帮你捋一捋。首先关于免费停车的消息10月1日起，汽车客运站停车场以及中央车站地下停车场的免费停车时间延长至30分钟！免费停车时间延长至30分钟！免费停车时间延长至30分钟！○○车站地区停车场看这里车站地区有两个停车场：中央车站地下停车场以及汽车客运站停车场。中央车站地下停车场有两个出入口：惠勤路出入口、兴昌路出入口；汽车客运站停车场有一个出入口：惠勤路出入口。中央车站有专门供社会车辆送客的下客区，入口位于惠勤路。进入下客区的车辆必须即停即走，下客区内有自助取票机、前往站厅层的自动扶梯，旅客可快速便捷的进入候车大厅。车辆进入中央车站下客区通行线路：锡沪路方向，在锡沪路惠勤路口转入惠勤路；兴昌路方向，在兴昌路惠勤路口转入惠勤路。中央车站地下停车场不是即停即走的送客车辆以及要前往车站接人的社会车辆请驶入中央车站地下停车场，停车场内免费停车30分钟。北塘、惠山区前往中央车站地下停车场通行线路：从锡沪路转入惠勤路，从惠勤路出入口进入地下停车场。崇安、南长、锡山前往中央车站地下停车场：可从广瑞路、瑞兴路转入兴昌路，从兴昌路出入口进入地下停车场；新吴、太湖新城前往中央车站地下停车场：可通行兴昌路，从兴昌路出入口进入地下停车场。汽车客运站停车场汽车客运站停车场的出入口位于惠勤路的锡沪路以北段，停车场可免费停车30分钟。接送客车辆可从锡沪路、江海路驶入惠勤路，进入停车场。然后关于违停严管路段中央车站周边的兴源路、兴昌路、锡沪路、惠勤路均为违停严管路段，在这些区域违反禁令标志指示停车的，将会被处以罚100元记3分的处罚！○○○○除了“贴红单”，拖车，也是必须的！目前，无锡交警联合运管、城管等部门，成立联合执法小分队，每天不间断在车站地区巡逻，对于违停车辆、非法营运车辆等违法行为进行严查严管，全力规范车站地区行车秩序，确保出行交通安全。○○○文 明车站是一个城市的窗口，车站周边的交通秩序是影响窗口质量的一个重要因素，也是最能说明一个城市文明与否的地方。真心希望，大家都能将自己的车停在该停的地方，不要为了省几步路，而让整个城市的形象大打折扣。文明交通，需要全社会为之共同努力！来源：无锡交警今日中奖名单：配角°也会发光Lyunfun挥着小红旗的小白福利活动依旧在继续小布将不定期从微信评论区抽出幸运粉丝每人可获得礼品一份！更棒的是无锡发布的礼品升级啦！笔记本套装充电宝+U盘套装便携包包还有常规地铁卡任意选~多互动多留言多评论就有机会获得礼品哦！]]></content>
  <author><![CDATA[无锡发布]]></author>
  <time>2018-10-13 10:31:16</time>
  <account><![CDATA[wuxifabu2013]]></account>
</data>
