<data>
  <id><![CDATA[50732028]]></id>
  <url><![CDATA[https://mp.weixin.qq.com/s?timestamp=1539596611&src=3&ver=1&signature=Egrj350GoKY8-KUcIJshbzaKMuJTjer51NkQk2Ne5jk6oRhGp2cPVSXTKah-jg9QQu4UP9OkCatfQAZvz2KxcCLxY5lfciikegQHHEtXNYuzGcrJqjtHqS-zyKnYKfXTB48XQE0d8d52rD8WdULmxc4A6ByE8sZ6gwspjL5lex4=]]></url>
  <title><![CDATA[看哭了！这41样东西已在无锡消失，你还记得多少？]]></title>
  <content><![CDATA[这些年，无锡从未停止发展但时光似乎稀释了过往岁月的痕迹✔那些熟悉的老地标✔那些过往的生活习惯✔那些童年时痴迷的味道再回首时才发现它们早已远离我们的日常但那份存在心中的旧日记忆却永远磨灭不了旧时光一旦不经意间被触动打开就会从记忆的闸门里奔涌而出每一件消失东西的背后都曾有我们成长的轨迹消失的地标东方欢乐城（图片来源：苏农有图）曾经东亭地标性建筑 ，“江南第一城”，1994年开业，2015年底停业，2016年9月全面拆除。东方欢乐城曾经是东亭的地标性建筑，引以为傲的地方。1994年，欢乐城开业，敲锣打鼓舞龙舞狮，有“普天同庆”的架势。有人回忆说，“还记得东方欢乐城开业，学校组织我们腰鼓队的去打腰鼓，完了每人发2块金币巧克力和5块钱…学校每次组织看电影也是去那里。满满的回忆…”（还有金币巧克力，小时候的宝贝啊！）无锡第一百货上世纪60年代开业，2010年3月12日歇业，老无锡都喊“中百一店”，她的全称是“第一百货商店”。有网友还依稀记得，很小的时候过年最喜欢去第一百货买新衣服。而现在，第一百货的旧址上茂业亿百已经拔地而起；新世界百货1996年1月开业，2011年5月9日闭店，作为中国最大的百货店拥有人及经营者之一，港资新世界百货于1996年1月以高端定位进驻无锡中山路商圈，曾是锡城奢侈品百货的象征。新世界百货关门以后，基本一直空置。第二百货1958年开业，2010年9月闭店，原来的老二百被商业大厦兼并，之后变为伊酷童。长发商城1996年建成，宣传语是“常来长发，换种活法”，小布还记得去顶楼游过泳。2009年闭店，长发商城被拆除，并与原无锡国棉一厂合并建造高端住宅区西水东。远东百货2010年10月6日开业，2015年12月31日闭店，转而与本土民营企业红豆集团联手转型升级为购物中心——红豆万花城旗舰店，这是近5年来中山路离场的第5家百货品牌。大洋百货2003年5月1日开业，2013年4月3日闭店，位于中山路与人民路的交会处，地处无锡最繁华的商圈。但是房屋结构存在先天不足，使其购物环境与中山路其他商场相比显得不足。英武百货2010年8月开业，2012年8月21日闭店，号称来自英国武士桥的英武百货，早前宣称是百乐集团在中国大陆开出的首间商场，但定位一开始就走低端路线，并不符合无锡市场的消费习惯。英武百货之前，这里曾是花都百货。消失的地名崇安区崇安区是无锡的中心城区，1951年10月建区，因境内1600多年历史的崇安寺而得名。2015年12月，崇安区撤销，并入新设立的梁溪区，崇安之名成为历史。南长区无锡县曾先后分属常州专区、无锡市、苏州专区管辖。1958年6月，形成南长区。2015年12月，南长区撤销，并入新设立的梁溪区，南长区地名成为历史。北塘区明清盛极一时的“无锡米市”就源于北塘，林立的钱庄、布行、山货行使北塘成为无锡近代商贸业的发源地。2015年12月，北塘区撤销，并入新设立的梁溪区，北塘区地名成为历史。锡山市锡山日报（锡山市彻市设区报纸并入无锡日报致读者公告）那时候，他们的身份证号是320283，如今这些身份信息成了绝版。那时候，《锡山日报》是长辈们闲来的读物，报纸里有锡山市的大城小事，后来撤市设区后，锡山日报停刊，锡山日报也成了绝版。1999年杨市镇全貌航拍照片，当时还属于“锡山市”2000年12月，撤销县级锡山市，设立无锡市锡山区和惠山区。马迹山马迹山之前只是太湖边的一座孤岛，并没有和无锡连接起来。到了上世纪中叶，无锡实施了围湖造田工程，前后长达5年时间。从闾江口到马迹山旁，筑起了一条蜿蜒数十里的大堤，现在被称作“十里明珠堤”。米码头早在明万历年间，莲蓉桥附近就已出现米市。无锡米市全盛时期，粮食常年吞吐量在1200万石左右，同芜湖、九江、长沙合称“中国四大米市”。三里桥米市场许多粮商在粮食业资本积累后扩大经营规模，投资面粉等工业，荣氏面粉厂由此起家。布码头马路边摆张钢丝床，生意就算开始了，从最初30多个摊位发展到100多个，这便是布码头的开始，后来搬进了后西溪。一位老无锡回忆，当年后西溪卖布料的人挤人啊，高峰时经营户500家，这就是老无锡熟知的“布码头”。丝码头20世纪70-80年代，无锡纺织工业的出口创汇占全市的70%，丝绸占20%以上，当时的这个数字在现在看来难以想象。钱码头随着米、布、丝码头的兴盛，银钱业应运而生。商人一般会购买丝绸带回去，钱票放在钱庄里更加便利。周舜卿至1930年，已有钱庄23家，银行6家，大都设在莲蓉桥堍，成为苏南地区的金融中心和著名的放款码头。解放后，钱庄逐渐消失。消失的美食太湖饼干无锡糖果食品厂的太湖饼干，饼干盒子上印的都是无锡有名气的风景，饼干奶油味十足，是小时候不可多得的美味零食！有些幼儿园吃点心的时候，也是发的太湖饼干，家里面也会把太湖饼干轧碎做炸猪排，炸好的猪排咬一口那叫香脆！可惜现在都没有啦，想吃也吃不到了！鸡腿面包小时候最喜欢吃这个！面包又软又香，面包里面藏着一根火腿肠，感觉比现在的火腿肠要好吃，吃到最后连棒子上剩下的渣渣都要吃干净，意犹未尽。中萃方便面大家还记得曾经的无锡中萃面吗？小时候家里不做饭就泡一包中萃的雪菜面，有点微辣，汤鲜味美，现在都很怀念那个味道，可惜现在超市里都找不到正宗的了。老崇安寺的黄桥烧饼以前就在崇安寺皇庭美食城一楼，有一家卖黄桥烧饼的小店，牛肉馅的，刚刚烤出来整条街上都是香味，小时候每次去都会买一个吃，印象里还要排队才能买到，热乎乎地拿在手上，咬一口满满的牛肉馅！麒麟汽水这是一张麒麟汽水厂的老照片，那时候喝过麒麟汽水的小孩都已经成家立业，但说到这汽水都说好喝，汽足！虽然喝完舌头会黄黄的，但是感觉比现在的雪碧、芬达还好喝。只可惜，现在早就没有了！马山消毒鲜牛奶小时候订的牛奶都是玻璃瓶装的，盖子是纸头的，用绳子缠着，小时候最爱吃的是瓶口的一层奶衣，特别香甜！顶鼎鸡说起顶鼎鸡，应该不少老无锡人都有印象，东西大都清淡不油腻，鸡粥软糯，鸡肉嫩滑有弹性，觉得没胃口的时候喝一碗清淡又不失鲜味的鸡粥刚刚好！娣安娣乡村炸鸡DND乡村炸鸡原先是在老三阳百货的二楼，炸鸡脆脆的皮、鲜嫩的肉，还有玉米披萨，奶油味很浓的玉米汤，和咸香味十足的爆米花，虽然现在炸鸡店西餐厅特别多，但是记忆里的味道却很难找了。莫师汉堡这是红豆万花城负一楼摩斯汉堡的前身，当年在八佰伴和长发商城楼下都有分店，他们家的汉堡、热狗、薯条跟肯德基和麦当劳的都不一样！！都是现做的，特别香！状元楼状元楼是无锡历史悠久的名菜馆之一，三鲜大面和大肉馒头，无锡的老吃客都耳熟能详。在青石路口可是红极一时，后来到了运河边，地段不如从前，再后来就歇业了，实在可惜。鸿运大酒店无锡鸿运大酒店绝对是无锡本帮菜的老字号，他家除了地道的本帮菜外，还有排队才买得到的鸿运大包！酒店楼下的老店已经关门，好在老店新开，大家还是能吃到馅多皮薄的鸿运大包。消失的职业户外剃头匠一个煤炉子烧一锅开水，一根板凳，剃一个头两块钱，绝不多收，师傅手艺好，平头剪得那叫一个顺，如今已被各种高消费的理发店替代了。吹糖人肩挑糖担走街巷，手敲铜锣哐哐哐，引来孩童齐围观，吹个糖人好漂亮。上世纪80年代初，几分钱或几个牙膏皮就可以换一个糖人儿。如今儿童的玩具多了 ，糖人儿不再是哄孩子的玩物了，却已被作为一项民间艺术受到重视。箍桶匠箍桶是上世纪八十年代以前的老行当，人们习惯称箍桶的手艺人为箍桶匠。一张刨凳、一柄斧子、一个扒箍、一把锤子，在箍桶匠的手中把弄着，便成就了我们生活中的一种艺术！钉秤匠做秤是个精细活儿。在这“斤斤计较”之间，钉秤匠付出了他的青春与汗水。精工细作，毫厘必究，只为了手艺人的那份承诺。修鞋匠（皮匠）修鞋，是人们生活中最常见的一个行当。我国皮鞋出现得很早，有文字描述的可溯至殷周。到了唐代，连女人都穿上了皮鞋。路边的修鞋铺，和繁华的现代都市，和快速的机械化时代如此不同，它们的存在是一个城市的怀旧，也是上一个时代价值观的回响。打铁匠“半间东倒西歪屋，一个千锤百炼人”，是旧时打铁匠的真实写照。一个铁砧，几杆铁锤，几把铁剪，外带风箱和火炉是打铁人的基本家当。铁器的使用是人类历史发展的一次飞跃，也是先民贡献给后世子孙的杰作，然而随着时间的推演，打铁匠和铁匠炉，似乎要在无声地漠视中趋以末路，悲怆地踽踽而行。船匠在现代的水泥船，铁船出现之前，农、渔民劳作，出行、出海所用的船，都是木制的，而制造这些木船的工匠就被称为船匠。在过去，船匠也是木匠，会不会造船，也成为是不是一个好木匠的标准，会造船的木匠，也称为“大木”。在没有电动工具的年底，全靠人工斧、锯、刨、钻，将船体拼装成形。弹棉花小时候家家户户要做被褥都会去找弹棉花的工匠，随着一声声弦响、一片片花飞，一堆棉花被压成一条整整齐齐的被褥，小时候有新被子盖也是很幸福的事！磨刀匠“磨剪~~刀，菜刀~~~~"，长吆喝似乎总会或近或远的响起。老大爷扛着一条板凳，上面有磨刀石，齿轮什么的，看他拿着菜刀在磨刀石上哗哗哗的来回磨着，不一会儿菜刀就像新的一样了？修表匠放大镜、酒精灯、镊子，还有灵巧的手是他们的兵器。小作坊里凝固了他们的人生画卷，见证了时间的游走。现在大家都有手机了，戴表的也越来越少了！修钢笔旧时的人们崇尚节俭。钢笔坏了能修则修，修钢笔大都“立等可取”。当换完笔尖、笔杆和皮胆，几分钱费用、几分钟工夫，一支被损坏的钢笔就获得“新生”了。如今计算机的普及和笔业的发达，钢笔逐渐被代替，修钢笔就自然地被社会淘汰了。补锅以前谁家的铁锅烧穿了，又不舍得丢的话，就拿出来给师傅补一补。很多人家的锅都是补了再补，一用就是好几年。现在大家生活条件好了锅破了就换新的，而补锅这个手艺就渐渐地消失了。锔碗匠有两句俗语与锔[jū]碗有关，一句是“没得金刚钻，别揽瓷器活”，另一句是“补锅的锔碗——自顾自”。其实在无锡一带并没有专门的锔碗匠，这个活计是由补锅匠代劳的，旧时由于人们生活水平不高，日子过得非常俭朴，日常生活用品总是修了又修，补了又补...虽然它们随着我们的成长随着无锡的发展淹没在历史长河之中但消失并不可怕，可怕的是遗忘只要我们别忘记那些已经消失的东西就不难从心底再次找回！来源：无锡攻略福利活动依旧在继续小布将不定期从微信评论区抽出幸运粉丝每人可获得礼品一份！更棒的是无锡发布的礼品升级啦！笔记本套装充电宝+U盘套装便携包包还有常规地铁卡任意选~多互动多留言多评论就有机会获得礼品哦！]]></content>
  <author><![CDATA[无锡发布]]></author>
  <time>2018-10-14 12:02:18</time>
  <account><![CDATA[wuxifabu2013]]></account>
</data>
