<data>
  <id><![CDATA[50732028]]></id>
  <url><![CDATA[https://mp.weixin.qq.com/s?timestamp=1539596611&src=3&ver=1&signature=Egrj350GoKY8-KUcIJshbzaKMuJTjer51NkQk2Ne5jk6oRhGp2cPVSXTKah-jg9QQu4UP9OkCatfQAZvz2KxcNUGOgXcaSaQx20OHllzjm1MFzIWe6A*Q8nW*j9LgkkHlu8v6englj5-Ov-ydpNp2ASY9mE6ZiC2G1KMYvI1PpU=]]></url>
  <title><![CDATA[天凉了，听说这些是无锡最好喝的酸辣汤]]></title>
  <content><![CDATA[天气转凉，大鱼大肉吃多了总想来一碗酸辣开胃的酸辣汤要小砂锅现煮的，卟噜卟噜端上桌浓稠的汤汁上点缀着油面筋碎搅开滚烫的酸辣汤丰富的配料让人幸福的找不着北无锡的酸辣汤店很多有开了二十几年的连锁大牌店也有从小吃到大的新店小门面你最喜欢喝哪一碗毛华美食地址：清扬路店、清扬路二店人均：15元毛华是从小吃到大的，在清扬路上开了十几年了。毛华最出名的莫过于玉兰饼。但酸辣汤的出镜率却很高。一锅烧好的酸辣汤在锅子上保温，凭票之前去窗口领，满满一大碗很满足~酸辣汤里淀粉不多，木耳、粉丝、牛肉等均匀细致和谐得拥在一起，味道第一口不酸也不辣，撒上葱花很好吃~明将锅贴地址：五爱路店、上马墩店、建筑路店等人均：15元明将在无锡开了很多年，每家店都是爆满的节奏。有趣的是，店里只卖3样吃食：酸辣汤、锅贴、虾仁馄饨，但每一样都值得一点！酸辣汤是装在砂锅里的，上桌时还在卟噜卟噜冒泡。锅贴的肉馅很紧实，添加不多，里面一咬还有汤汁哦~二中酸辣汤地址：沁园路与辅仁路交叉口东人均：15元说起这家店，那一定是很多人读书时的回忆了。二中酸辣汤性价比高，用料足，粘稠度刚刚好。最喜欢出锅前敲一个生鸡蛋进去搅拌一下，口味更佳。多年来一直坚持用小砂锅现煮，从口感和情怀来讲，小砂锅更有滋味。除了酸辣汤，店内还有炸串。现在看起来油乎乎的里脊火腿肠，学生时代的我们真的是怎么吃都不够。现在偶尔来上两串，都是不错的怀旧时刻~雨田酒楼阿兴酸辣汤地址：北大街54号(中山路708号)人均：16元以前开在后西溪的阿兴酸辣汤，是多少人童年时的回忆。北大街店重开后，酸辣汤和炒菜一起做了，可以选择的种类很多。他家的酸辣汤是典型的料比粉丝多，一口能吃到很多料，配上卤蛋或者小菜，一个人吃也是很满足~黄阿姨酸辣汤地址：风雷新村125号对面(兴昌路西门旁)人均：12元街头打着风雷酸辣汤名号的店太多了，要吃正宗的，还是得去风雷新村。店位于风雷新村西门，开了二十多年的老店了。黄阿姨现在年纪大了，基本上都交给儿子在打理。砂锅煮的酸辣汤很粘稠，汤里的料很足，女孩子吃一碗就很满足~配上隔壁的炸串，一周不吃就会很想念。欢喜锅贴地址：八佰伴商场东门欢喜巷2号新鼎球大厦边上人均：22元欢喜酸辣汤在市里开了很多年了，口碑一直很好。酸辣汤配料很多，有干丝、牛肉、蛋花、菌菇，现煮的酸辣汤很烫，要慢慢喝~他家的锅贴好评，刚刚出炉还冒着热气。咬一口有鲜鲜的汁水，底又煎的很脆。除此之外，他家还有炒菜，来吃工作餐也是不错的选择~蔚砂之锅酸辣汤地址：五爱路33号-16(五爱家园旁，近中国人民银行)人均：13元藏在五爱路上的一家酸辣汤店，很小的门面，却有很多人慕名而来。现煮的砂锅酸辣汤，上桌时还是卟噜卟噜。吃了这么多山珍海味都不如喝一碗滚烫的酸辣汤来得舒服你最喜欢哪一家？留言告诉我们吧！（转自无锡吃货网）福利活动依旧在继续小布将不定期从微信评论区抽出幸运粉丝每人可获得礼品一份！更棒的是无锡发布的礼品升级啦！笔记本套装充电宝+U盘套装便携包包还有常规地铁卡任意选~多互动多留言多评论就有机会获得礼品哦！]]></content>
  <author><![CDATA[无锡发布]]></author>
  <time>2018-10-13 10:31:16</time>
  <account><![CDATA[wuxifabu2013]]></account>
</data>
