<data>
  <id><![CDATA[50732028]]></id>
  <url><![CDATA[https://mp.weixin.qq.com/s?timestamp=1539596611&src=3&ver=1&signature=Egrj350GoKY8-KUcIJshbzaKMuJTjer51NkQk2Ne5jk6oRhGp2cPVSXTKah-jg9QQu4UP9OkCatfQAZvz2KxcNvWCB5HNhIKvX6wPSrP7O-TJiuwdm6smEJ3-w5AgXmsP7V-JuZpzHr3IkALiGavPN4tLuVTuq7HEZvIb0vPNI4=]]></url>
  <title><![CDATA[终于等到你！人民日报视频《江苏一分钟》，带你感受江南水乡的独特魅力]]></title>
  <content><![CDATA[这里有俊美秀丽的山峦，还有水网交错的湖泊；这里有深厚底蕴的六朝古都，还有灵动安逸的江南园林；这里有位居全国第一的制造业规模，还有每分钟运算750亿亿次的“神威·太湖之光”超级计算机；这里地跨长江、淮河南北，是“一带一路”战略重要交会点……今天，人民日报社新媒体中心与中央网信办移动网络管理局合作推出“中国一分钟·地方篇”系列微视频之《江苏一分钟》以及《这里是江苏》微信，从经济、人文、科技等不同方面，全景展示改革开放40年来江苏省的发展变化。戳视频，带你感受江南水乡的独特魅力↓↓一起找找哪些代表无锡出镜了！江苏一分钟，强富美高无锡一分钟，________?(留白等你书写↑↑)福利活动依旧在继续小布将不定期从微信评论区抽出幸运粉丝每人可获得礼品一份！更棒的是无锡发布的礼品升级啦！笔记本套装充电宝+U盘套装便携包包还有常规地铁卡任意选~多互动多留言多评论就有机会获得礼品哦！]]></content>
  <author><![CDATA[无锡发布]]></author>
  <time>2018-10-15 16:09:59</time>
  <account><![CDATA[wuxifabu2013]]></account>
</data>
