<data>
  <id><![CDATA[50732028]]></id>
  <url><![CDATA[https://mp.weixin.qq.com/s?timestamp=1539596611&src=3&ver=1&signature=Egrj350GoKY8-KUcIJshbzaKMuJTjer51NkQk2Ne5jk6oRhGp2cPVSXTKah-jg9QQu4UP9OkCatfQAZvz2KxcG7ZX0rWiodbKMdE73IHPT*N9iLbMClka3DLXtDKW-LWTzYJnOqiWYn3hVNOfUun40WyrDXwoTJcwGU-I08yJ5E=]]></url>
  <title><![CDATA[【无锡改革开放进行时·领跑者】越来越方便了，它们正在改善我们的生活！]]></title>
  <content><![CDATA[用一个手机，就能参与城市文明创建；在微信上就能与社区民警“零距离”；一个床垫就能监测生命体征……今天，“无锡改革开放进行时·领跑者”第四篇章——“民生改善篇”新媒体集中采访行动启动，智慧创建、智慧警务、智慧养老如何改善我们的生活？小布带你去看看！智慧创建当你遇到问题时打过12345热线吗？现在在手机上也能操作啦！2017年，无锡大市一举创成全国文明城市群，但是文明创建“只有起点，没有终点”，更需要每一位市民共同监督参与，现在市民通过手机就能成为创建工作的巡查员。基于“互联网+”思维和“智慧创建”理念，“无锡12345暨文明城市创建直通车”平台开通。市民有关文明创建的投诉举报、意见建议，可通过文字记录、手机拍照等形式上传平台，即可得到政府相关职能部门的跟进和处置。微信公众号中搜索“无锡12345暨文明城市创建直通车”关注并注册后即可操作平台接收到市民相关投诉，在进行初步核查甄别后，以工单形式派送给关地区、部门，有关地区、部门领受工单，并在一定时限内抓好整改，处理结果将第一时间“点对点”推送给举报群众。动动手指参与创建让无锡变得更文明更和谐智慧警务水乡苑社区是无锡市滨湖区华庄街道最大的综合性安置小区，辖区总面积7.8平方公里，实有房屋5500套，实有人口1.7万余人，小区人口密度大，尤其是外来人口多，物业管理相对薄弱，防范管理难度较大。华庄派出所紧紧抓住水乡苑作为全区网格化管理、智慧警务创新试点的重要契机，探索实践总结出“五个一”智慧社区警务工作法。水乡苑在重点部位设置了智能化前端信息采集设备，充分运用人脸识别、车辆识别、WIFI探针，敏锐感知、实时采集进入社区的人、车、物信息数据。水乡苑自主开发的“两微一智”平台，打造群众家门口的派出所，最大限度地把服务从窗口前移到网上、掌上，户籍、居住证等公安业务都能在线办理，还将涉及民生的10余项民生类服务整合接入两微平台，推行公共服务代办模式，实现“一个平台受理、多部门协同处理”的格局，为社区群众提供在线服务。指尖上的警务室探索“网络+网格”的智慧模式为警民架起了一座沟通桥梁智慧养老近年来，无锡老龄化进程越发明显在江苏中科西北星信息科技有限公司我们看到了未来养老的新模式无锡市民政局2016年开始全市范围内推进智慧养老，并规划了全市智慧养老11311工程，在全国城市级范围属于首例，也纳入了全市十大物联网应用示范工程建设。目前全市143家养老机构，一千一百多家社区居家养老服务中心都已使用了智慧养老管理服务平台，将近百分之三十的养老机构使用了智能化养老终端设备和系统，计划在2020年全市养老服务机构全部实现智能化服务和管理。在智慧养老应用示范点百禾怡养院内，全区无线定位系统、紧急呼叫响应、心电图监测、周界报警等高科技设备都得到了应用。每一位老人都佩戴一个呼叫牌，用作定位和24小时监护，老人只要一按按钮，护理人员便能收到信号，赶到老人身边。智能床垫能够实时监测各项生命体征，还可以监测老人在床离床状态及体动、睡眠质量等。护理员的工作也纳入了智慧管理，由大数据显示刷卡和巡访记录，健康档案、医疗服务、看护安排甚至饮食起居，都被一一录入大数据，老人的餐饮、活动得到了妥善安排。智慧养老让长者更有“安全感”和“幸福感”看完这些改善生活的高科技你有什么话想说？欢迎评论留言告诉我们~摄影：朱达福利活动依旧在继续小布将不定期从微信评论区抽出幸运粉丝每人可获得礼品一份！更棒的是无锡发布的礼品升级啦！笔记本套装充电宝+U盘套装便携包包还有常规地铁卡任意选~多互动多留言多评论就有机会获得礼品哦！]]></content>
  <author><![CDATA[无锡发布]]></author>
  <time>2018-10-12 21:28:36</time>
  <account><![CDATA[wuxifabu2013]]></account>
</data>
