<data>
  <id><![CDATA[50732028]]></id>
  <url><![CDATA[https://mp.weixin.qq.com/s?timestamp=1539596611&src=3&ver=1&signature=Egrj350GoKY8-KUcIJshbzaKMuJTjer51NkQk2Ne5jk6oRhGp2cPVSXTKah-jg9QQu4UP9OkCatfQAZvz2KxcAorE-VPHr2P4emT1IBFosuGuw63I-O0Roq4N1EQj34sficSAbDbfpTFC5GwXFHagHWHFIo5NkVKxFeLQrtXTfg=]]></url>
  <title><![CDATA[2019年小高考时间定了！]]></title>
  <content><![CDATA[省教育考试院今日公布了我省2019年普通高中学业水平测试必修科目和信息技术考试时间具体如下：信息技术考试时间：2018年12月15日－17日必修科目考试时间：2019年03月16日－17日小布特别提醒：从2019年起，江苏省教育厅对普通高中学业水平测试方案作出部分调整。1. 调整普通高中学业水平测试成绩的呈现方式，由原来的ABCD等级调整为“合格、不合格”。2. 调整普通高中学业水平必修科目测试加分政策，对参加普通高中学业水平必修科目测试的学生（即参加2020年及以后高考的学生）取消“见A加分”政策。注：2018年已参加普通高中学业水平必修科目测试的学生（即参加2019年高考的学生）获得的加分仍予以认可。来源：无锡教育]]></content>
  <author><![CDATA[无锡发布]]></author>
  <time>2018-10-11 17:03:51</time>
  <account><![CDATA[wuxifabu2013]]></account>
</data>
