<data>
  <id><![CDATA[50732028]]></id>
  <url><![CDATA[https://mp.weixin.qq.com/s?timestamp=1539596611&src=3&ver=1&signature=Egrj350GoKY8-KUcIJshbzaKMuJTjer51NkQk2Ne5jk6oRhGp2cPVSXTKah-jg9QQu4UP9OkCatfQAZvz2KxcDL6NArmJ8iVctSb8AHBXH8f2qKLBYDu37h5GvtR4V3V3B7Ul8YVNnfnQvjyfLjeUbT2SdxrzBSHq*-JTGXCYJU=]]></url>
  <title><![CDATA[眼福、口福、剁手瘾……这个高规格的盛会全部满足你！]]></title>
  <content><![CDATA[今天家门口的“淘宝”正式开场啦！从价值上千万的国宝、小清新文创……到好吃爆的特产、水果……不仅能过足剁手瘾，还能大饱眼福！由江苏省文化厅、无锡市人民政府共同主办的第八届中国（无锡）国际文化艺术产业博览交易会（以下简称“无锡文博会”）10月11日在无锡开幕。原江苏省副省长、江苏省旅游协会会长张卫国，江苏省文化厅党组书记、厅长杨志纯，无锡市委副书记、代市长黄钦，江苏省文化厅巡视员马宁，市委常委、宣传部长袁飞，副市长刘霞，市政协副主席金元兴，市人大常委会党组成员王传军，中国旅游协会旅游商品和装备分会副会长陈斌，市政府秘书长许立新等领导和嘉宾出席开幕式。本届无锡文博会期间，将举行长三角“新文创”产业发展论坛等10项重点活动；还将首次举行文化产业项目对接洽谈会，组织邀请重点文化园区、投资机构与企业高层次人才对接，在往年的基础上提档升级！盛悦国际等20个重大文化产业项目在开幕式上集中进行签约，签约总金额超50亿元。现场还为“最受欢迎的无锡十大文创产品”、“无锡文化创新创业十大青年人物”、“无锡文化融合发展十强企业”进行颁奖！“最受欢迎的无锡十大文创产品”有部分参展哦！今天，小布先行探路，看看有什么好看、好玩、好吃的！好看小布认真地找了一圈，确认“最受欢迎的无锡十大文创产品”展出的有这几样！二胡蓝牙音响桃木雕刻产品苔痕树影图马克杯小鹿香插礼纸文房灯领绣群伦皮具系列无锡有点甜现场还有7大文创品牌哦：“互联网+文化”&“影视+科技”江大设计机构——万物生意文创特展“最回忆是无锡”——黄埠墩旅游文化商品特展“纸美东方、风雅礼韵”——纸加文创生活特展“锡博和你在一起”无锡博物院开放十周年特展“阅汇锡图 悦享书香”无锡图书馆特展第四届无锡文化创意设计大赛特展不止这些，本届无锡文博会邀请了沈建元、俞国琴、江新亮等国家级大师省级大师和非遗传承人参展让游客们可以与传统文化亲密接触左右滑动查看更多最后一张图，看得出来是石头做的吗？好玩本次文博会有两场拍卖会最值得期待！1荣宝斋木版水印展和荣宝拍卖私洽会位于北京的中华老字号首次亮相无锡可能会带价值上千万的真品来锡拍品价值目前还处于保密阶段时间：2018年10月11日-15日地点：无锡太湖国际博览中心A馆一楼22018“秋之雅韵”文博专场拍卖会——无锡市文物交流中心线上线下同步拍卖共计300多件拍品瓷器、玉器、字画、红木家具等十多个种类有起拍价达到38万元的道光青花缠枝莲抱月瓶创下了市文物交流中心多年来的拍卖之最想一探究竟的小伙伴不要错过2018年10月14日下午无锡太湖国际博览中心A馆二楼中厅活动区~除此之外，还有五条特色主题街区值得一逛1台湾文创街区台湾创意事业暨文创产业发展协会致力于整合台湾创意产业资源以协助产业发展，此次文博会台湾文创街区，设置50个展位，超过30家台湾品牌企业参展，其中包含了工艺类、设计类、授权动漫及生活创意用品等。「文创好事GO！品牌特展街区」特选六个台湾文创品牌前来与无锡文博会观众分享创作的心血结晶，同时也期待能够找到在地的代理商，让台制文创精品能够在大陆落地生根！「GUGU'S WATCH」设计师夫妻两个人都很喜欢1920年代台湾西化时期的复古经典风格，也因此一拍即合，两人想营造全球最具多元化搭配的手表品牌，在搭配的过程中发现自己的价值！ GUGU’S WATCH在做的不仅仅是设计，更希望透过表艺成为沟通的语言，让世界看见台湾！Funcus恐龙灯初次来锡，Funcus将灯具结合玩具的创意概念，精致细腻设计，颠覆传统灯具应用。白羊创意是由一群年轻人与传统工厂共同创立的品牌。二富室以推广台湾、日本等东亚各国的生活食器与陶瓷器、茶器，为主 ，提倡 「用的美学」，将亚洲各国生活日常使用器皿，透过展览与展示的方式呈现，让「生活美好体验」能够延续到家庭与生活。此外还有清流文创等多个台湾文创品牌亮相。2南京晨光1865文创主题街区南京晨光1865文创主题园区以“文化街区”的形式呈现在大家的面前配合博物馆群及花车的展陈形式让观展游客可以近距离欣赏还融入“文化+科技“引入全新”裸眼3D“技术将园区发展更加立体化和多元化的呈现同时，展厅将设立互动区为观展群众提供互动形式的”伴手礼”让观展游客可以将自己的照片与1865的风景以及参展元素融合成明信片作为观展纪念品带回家3“Yohood”POP ART潮创生活街区此次无锡文博会，YOHO!带来YO！GALLERY 以RENEW THE RULES为主题展示潮流界不一样POP ART的力量。集结了来自全球超过五十位艺术家的最新作品，除了海外殿堂级艺术家RON ENGLISH的作品和产品呈现外，更有潮流艺术家Antoine TAVA/ Grafflex/ Judas Arrieta/ Robyn Ward/ MOA&SEB的作品，带给了现场参展者非一般的艺术感知体验。4包园四方沉浸式体验摄影街区包园四方摄影梦工厂，入驻国内顶尖摄影创作团队，长期潜心专研并致力于文化产业在摄影艺术中的创新运用，此次参展文博会，更是将沉浸式体验摄影背景概念植入，五天展期内，更有五种不同主题的摄影活动体验与课程：书画艺术主题、cosplay及古风主题、亲子主题、商拍主题等。同步推出平民模特大挑战通关活动，互动者可获得手伴礼品、体验券、免费试镜模卡照等。5地铁文创主题街区正值无锡地铁集团成立十周年之际，地铁文创主题街区结合“轨迹·十年”无锡地铁十周年大型摄影展同步在本届文博会精彩亮相。好吃作为无锡文博会重要的组成部分，在2018中国（无锡）旅游产业博览交易会上，无锡的各大旅游品牌也竞相展示，万达文旅城、灵山拈花湾、荡口古镇等文化旅游项目齐齐站队！同时也带来了各地美食！锡山区展示的高钙米、醉蟹、菊花茶~已经看饿了~惠山区的各种水蜜桃产品~在现场还有一条美食街哦怎么样是不是很想去现场噶闹猛了地点和时间注意啦地点→无锡太湖国际博览中心时间→10月11日至15日交通方式：1、地铁转公交：可坐地铁1号线市民中心站转59路或者130路、135路前往太湖国际博览中心2、公交直达：可以乘坐7路、59路、130路、135路，在国际博览中心东站下车3、自驾前往：如果你选择开车前往，可将车停到展馆的地下停车场，1500个地下停车位基本可以满足大家的停车需求。走，逛文博会啦！来源：综合无锡博报、朋友圈福利活动依旧在继续小布将不定期从微信评论区抽出幸运粉丝每人可获得礼品一份！更棒的是无锡发布的礼品升级啦！笔记本套装充电宝+U盘套装便携包包还有常规地铁卡任意选~多互动多留言多评论就有机会获得礼品哦！]]></content>
  <author><![CDATA[无锡发布]]></author>
  <time>2018-10-11 15:59:22</time>
  <account><![CDATA[wuxifabu2013]]></account>
</data>
