<data>
  <id><![CDATA[50732028]]></id>
  <url><![CDATA[https://mp.weixin.qq.com/s?timestamp=1539596611&src=3&ver=1&signature=Egrj350GoKY8-KUcIJshbzaKMuJTjer51NkQk2Ne5jk6oRhGp2cPVSXTKah-jg9QQu4UP9OkCatfQAZvz2KxcBZLnS3-w8hmIOrBBX-lRFgdNGWbhrYZMMGQ8XYUvAuC6NuosR0W-BOWMnX5QYJXxt7TsPN9xQunpbL55w3PaqM=]]></url>
  <title><![CDATA[无锡平均工资又双叒涨了！快来看看你达到了没？]]></title>
  <content><![CDATA[近日，智联招聘发布《2018年秋季中国雇主需求与白领人才供给报告》报告显示：全国37个主要城市的平均招聘薪酬为7850元。其中4000-6000元之间的职位数量仍然是最多的，占职位总量的32.4%，其次是薪酬在8000元以上的高薪职位，占职位总量的29.4%。其中，北京、上海、深圳、杭州的招聘月薪排在前四，分别为10670元、10015元、9561元、8798元我们无锡的招聘月薪在全国第二十位平均薪资7106元！！！比较下2018年夏季求职平均薪酬↓↓↓比较下2018年春季求职平均薪酬↓↓↓值得注意的是，至2018年秋季，无锡的平均薪酬已经上涨227元分行业来看，十大高薪行业中，排在首位的是基金/证券/期货/投资行业，平均月薪10563元。其次是专业服务/咨询(财会/法律/人力资源等)。在求职的竞争激烈程度方面，竞争最激烈的行业是房地产/建筑/建材/工程行业，其次是互联网/电子商务行业。留言说说你现在的月薪多少？在哪个行业？来源：无锡攻略福利活动依旧在继续小布将不定期从微信评论区抽出幸运粉丝每人可获得礼品一份！更棒的是无锡发布的礼品升级啦！笔记本套装充电宝+U盘套装便携包包还有常规地铁卡任意选~多互动多留言多评论就有机会获得礼品哦！]]></content>
  <author><![CDATA[无锡发布]]></author>
  <time>2018-10-12 14:46:48</time>
  <account><![CDATA[wuxifabu2013]]></account>
</data>
