<data>
  <id><![CDATA[50732028]]></id>
  <url><![CDATA[https://mp.weixin.qq.com/s?timestamp=1539596611&src=3&ver=1&signature=Egrj350GoKY8-KUcIJshbzaKMuJTjer51NkQk2Ne5jk6oRhGp2cPVSXTKah-jg9QQu4UP9OkCatfQAZvz2KxcJvg1BOhelLNIaAwp3TZnF8aAnYBhe-eM*z9iu2ld50yuYfm69eESR0ItfO1JexB*N9oJcrdpwMaxIGdVeqbUYY=]]></url>
  <title><![CDATA[好消息！未来三天，这个热门景区对部分无锡人免费开放！（附中奖名单）]]></title>
  <content><![CDATA[后天就是重阳节了，九九重阳，出游赏秋、登高望远……在这个特殊的节日一定要带爸妈出门看看~重阳—敬老节告诉大家一个好消息未来三天（16日、17日、18日）惠山古镇景区对退休职工免门票啦！惠山古镇景区官方微博截图↓↓↓为弘扬社会敬老爱老的良好风气景区将开展2018年敬老日活动具体如下：重阳节是最好的赏秋时期，菊花，又是秋天最靓丽的风景。金秋时节，惠山古镇花开正艳~现在的惠山古镇是这个样子的▼▼▼重阳节历来有登高的习俗。登高远望，心旷神怡~在中国古俗中，菊花象征长寿。九九重阳，因为与“久久” 同音，九在数字中又是最大数，在数字中最尊贵，有长久长寿的含意。1989年农历九月九日被定为老人节。陪伴是最好的礼物这个重阳节回家多陪陪父母吧~来源：无锡日报、惠山古镇景区官微、新浪微博等今日中奖名单：Cafe་扎西卓瑪Big BòssValue-利福利活动依旧在继续小布将不定期从微信评论区抽出幸运粉丝每人可获得礼品一份！更棒的是无锡发布的礼品升级啦！笔记本套装充电宝+U盘套装便携包包还有常规地铁卡任意选~多互动多留言多评论就有机会获得礼品哦！]]></content>
  <author><![CDATA[无锡发布]]></author>
  <time>2018-10-15 10:48:00</time>
  <account><![CDATA[wuxifabu2013]]></account>
</data>
