<data>
  <id><![CDATA[50732028]]></id>
  <url><![CDATA[https://mp.weixin.qq.com/s?timestamp=1539596611&src=3&ver=1&signature=Egrj350GoKY8-KUcIJshbzaKMuJTjer51NkQk2Ne5jk6oRhGp2cPVSXTKah-jg9QQu4UP9OkCatfQAZvz2KxcDL6NArmJ8iVctSb8AHBXH9A-VP0bUwfDh6*6nhRnc9XVwQHJJvbzIPrBgw6Cy7ElQn*ZgtBcgGdlG7L87LRR8s=]]></url>
  <title><![CDATA[总数全省第一！无锡这4个地方入选首批省级生态文明建设示范县（市、区）（附中奖名单）]]></title>
  <content><![CDATA[小布从江苏省环保厅获悉第一批省级生态文明建设示范县（市、区）初步名单公示啦！！！无锡这4个地方上榜总数位居全省第一省环保厅表示为公开、公平地开展江苏省省级生态文明建设示范县（市、区）创建工作，公示首批名单，具体含12个设区市的27个县（市、区）。据悉，江苏省级生态文明建设示范市、县（市、区）指标与国家指标框架和具体指标基本保持一致，从生态空间、生态经济、生态环境、生态生活、生态制度、生态文化六个方面，分别设置35项（示范市）和38项（示范县、区）建设指标。同时，在市、县创建指标体系中，省环保厅对照国家指标体系，对相应指标做出调整，使其更具江苏特色。江苏首批省级生态文明建设示范县（市、区）初步名单南京市溧水区、高淳区、浦口区无锡市宜兴市、锡山区、惠山区、滨湖区徐州市沛县常州市溧阳市、武进区苏州市太仓市、吴江区、吴中区连云港市东海县淮安市盱眙县、洪泽区盐城市东台市、盐都区、建湖县扬州市宝应县、邗江区、仪征市、高邮市镇江市丹徒区泰州市海陵区、高港区宿迁市泗阳县此外，去年9月，生态环境部（时为环境保护部）在全国生态文明建设现场推进会上命名授牌北京市延庆区等46个第一批国家生态文明建设示范市县，其中包括江苏苏州市、无锡市、南京市江宁区、泰州市姜堰区、金湖县。@无锡宁上榜的这4个地方有多美？你造吗？宜兴市↑龙池山自行车公园↑竹海风景区↑东氿锡山区↑九里湖湿地↑荡口古镇↑映月湖惠山区↑阳山桃林↑田园东方↑西漳湿地公园滨湖区↑鼋头渚↑长广溪↑拈花湾来源：综合无锡日报、交汇点 江苏省环保厅官网；图片综合微博、网络拍客今日中奖名单猪猪侠买了佛冷TinTin福利活动依旧在继续小布将不定期从微信评论区抽出幸运粉丝每人可获得礼品一份！更棒的是无锡发布的礼品升级啦！笔记本套装充电宝+U盘套装便携包包还有常规地铁卡任意选~多互动多留言多评论就有机会获得礼品哦！]]></content>
  <author><![CDATA[无锡发布]]></author>
  <time>2018-10-11 15:59:22</time>
  <account><![CDATA[wuxifabu2013]]></account>
</data>
