<data>
  <id><![CDATA[50545689]]></id>
  <url><![CDATA[https://mp.weixin.qq.com/s?timestamp=1539596583&src=3&ver=1&signature=Egrj350GoKY8-KUcIJshbxLJZGPoKIOqnPvijSmNRKw8PqhojEnLSkhwQq5CyAHqcHFo1grlPZNCWJupJo86*8NI3n-7syhFiN8ryHwDKe6BHapYkoQP9g4Em919sTmgkHxsk4UiamW5*7yOeD*pQMOLKOsHlONjCp5WYOAsnY8=]]></url>
  <title><![CDATA[央视终于曝光心脏支架了，快看！]]></title>
  <content><![CDATA[]]></content>
  <author><![CDATA[西江资讯]]></author>
  <time>2018-10-07 15:59:11</time>
  <account><![CDATA[zqzhanggong368]]></account>
</data>
