<data>
  <id><![CDATA[50545689]]></id>
  <url><![CDATA[https://mp.weixin.qq.com/s?timestamp=1539596583&src=3&ver=1&signature=Egrj350GoKY8-KUcIJshbxLJZGPoKIOqnPvijSmNRKw8PqhojEnLSkhwQq5CyAHqcHFo1grlPZNCWJupJo86*0c0J841Jj*guuHhf2WCK33z2zqEvwVz0iWmxDLAO51nUbST9h-J7vgpgLP-3KDDG8jgFGwBwErQAanvczrB8mc=]]></url>
  <title><![CDATA[白菜价”买海参（百补之王）背后，竟隐藏这么多不为人知的秘密？！]]></title>
  <content><![CDATA[导读：南京66岁的刘大姐和老伴常年吃海參养生，但是海參的质量和价格參差不齐，市场比较混乱，今天我们讲下刘大姐偶然的一次购买海參发現了一些市场海參的内幕，可以帮大家买到好參，在讲之前可能有些朋友对海參的营养价值不太清楚，我们就先讲下海參的神奇所在吧！世界上只有這一种天然食品，延年益寿胜过長白山野人參；美容养颜胜过燕窝阿胶，提高男性.功能胜过鹿茸海馬。這种天然食品就是今天我们要讲的海底珍品——海參。今天还会教大家如何用“白菜价”买到海參中的极品——辽刺參。海參是美容极品，海參体壁内天然胶原蛋白的含量是燕窝的13倍，赵雅芝、张柏芝、黄晓明、甚至足球明星贝克汉姆也是它的忠实粉丝，因为常吃海參，40岁还能保持20岁的皮肤紧致和光泽。常吃海參，皮肤松弛、干燥粗糙、皱纹，長斑，内分泌紊乱等问题都可以完美解决，并推迟更年期的到來。海參中的精氨酸是构成男性精子的主要成分，且具有调节性激素的功能，而海參精氨酸的含量是牡蛎的近50倍，超过生蚝的100倍，常吃海參，男性.功能可以恢复到20岁的状态。清代《本草以新》云，海參有“补肾益精，壮.阳疗痿”的奇效。海參所含的18种氨基酸能够增强组织的代谢功能，增强机体细胞活力。它所含的维生素B、叶酸、生血物质，是阿胶的10倍以上，所含的酸性粘多糖的含量是自然界所有动植物都无法比拟的，這种成分可明显降低心脏组织中脂褐素和皮肤脯氨酸的含量，从而起到提高免疫力，调节内分泌、防癌抗癌、延缓衰老的作用。被称之为海底人參的养生佳品——海參，是女性保持青春、延缓衰老的不二之选，是男性重振雄风的得力武器，是老年人延年益寿的制胜法宝。但是，并不是所有的海參都具有以上的這些作用。赵雅芝女士在接受采访是说过，她只选择辽宁大连的辽刺參。接下來给大家介绍如何选择优质海參，以及海參怎样泡发和食用。海參在清朝赵学敏编辑的《本草纲目拾遗》中這样記载：因其药性温补，调理五脏、延年益寿，足敌人參，故名海參.被称为海參极品的辽刺參由于太过稀有不易采捕，故历來身价昂贵。辽刺參更是明清历代帝王后妃的专贡滋补上品。然而，绝大部分人几乎都没有吃到过真正的辽刺參！很多人不知道什么样的海參才是好的海參。刺參（表面帶刺状突起）作为海參中营养价值最高的品种，分布于中国的黄海、渤海交界处，因受地理环境的影响，辽宁大连海域的辽刺參是刺參中的极品，营养价值最高，称为辽刺參。除了辽刺參之外，海參中还有梅花參、光參、茄子參等，但是這几种海參多为菜用，养生功效几乎为零。南京66岁的刘大姐，常年都要吃海參，今年老同学给她推荐了一位家住大连長海，和海參打了二十多年交道的老參农微信，原本要花上6千多才能买一斤的辽刺參，刘大姐愣是只花了“白菜价”。刘大姐的儿子担心妈妈贪便宜吃亏上当，买到假海參、劣质海參，第二天就拿着捞海岛海參到当地质检部门去检验，检验報告出來，确实是正宗的淡干辽刺參……老同学知道了這件事，他和刘大姐开玩笑：“你這是多此一举了，捞海岛海參老李，是在大连海边土生土長的老參农了，为人本本分分，从來不会弄虚作假，他的海參，价格实在，品质有保证，在当地口碑特别好。大连捞海岛海參老李，家中排行老大，60岁，16岁便和父亲下海捕捞海參，一干就是三十多年，对于海參了解，可以说是知根知底的海參专家，哪儿产的海參，多少年參龄，什么加工工艺，他一眼就能看的明明白白。捞海岛老李捕捞的海參，肉筋完整干净，如果泡发后出現肉筋不完整，说明肯定不是什么好海參或者用了劣质工艺，大家可以把這当成評判优质海參的标准。用手将海參弯曲，松手立馬又能恢复如初，弹性十足！泡发后比例和弹性也是鉴别海參优劣的方法之一。正因为对海參市场看的太透彻，所以对于現在市场上充斥的那些靠以次充好、炒作价格发家的人，老李也不齿与其为伍，他始终坚持自己的原则：做良心參，卖实惠价，客户吃了叫好，自己睡着踏实。捞海岛海參的小伙伴们谈起老李的海參，给大家最深的印象，就是价格低、价格没法在低了，就算是你跑到長海县，找到批发商，這个价格，你也想都不要想！老李這人也挺倔，他卖海參有规矩，海參的生長年限最低也是五年的，淡干工艺坚持传统方法，确保不加糖、不加盐，根根都能保泡发。比品质、比价格，十里八乡的參源根本都没法比。不同的人怎么吃，也是有讲究的，想知道最合适的吃法都可加下方微信，可以送你一份海參食谱。長按识别下方二维码添加微信了解、鉴别、购买真正辽干刺參長按识别上方二维码添加微信大连老李的优质野生海參是如何捕捞的呢？李家是老渔民，都是身经百战，但每次下海都是在拿生命冒险，海水非常冷，很容易让人痉挛，這雖然很可怕。却很常見，一旦发生只能靠氧氣管把人拉上來。老李捕捞上来的海参，经过清洗、铁锅蒸煮后都会统一进行传统自然晾晒，经过自然晾晒出的海参远离工厂、机器，每批海参至少晾晒30天以上。虽然时间周期长，但不损伤肉质和营养。捞海岛海参，传统淡干工艺加工，天气好的时候海参在室外晒干，既可以节省成本，又可以吸收天地日月的精华。 这才是自然的珍贵滋补品！老李给大家讲讲关于海参的那些事！长按识别下方二维码添加微信了解、鉴别、购买真正辽干刺参长按识别上方二维码添加微信为什么大连辽刺参比山东海参、福建海参名贵？海域水质直接决定海参品质，水质越好，海参生长环境越干净，品质就越好！大连长海海域半年换一次海水优于山东海域17年才换一次海水，长海县坐拥北纬36度至37度之间纯净海域，海岸线近1000华里。沿海岸线蜿蜒曲折，岬湾相连岩礁星布，浅海滩涂面积广阔。西太平洋洋流长驱直入，与黄渤海沿岸流碰撞交汇，在长海海域形成强大的气旋流和动力场，使长海海域具有水流活、水质清，水动力大、净化能力和光合作用强等显著特点，风光好。我们这里的海参有夏眠的特性，当水温高于20℃，海参就会休眠，这一睡就是三四个月，俗称夏眠。常年的冰冷海水加上夏眠，这样的慢生长确保了海参绝佳的品质。实体店的海参价格太高！专卖店的辽刺参，少则五六千，多则八九千，这完全没有道理的，海参再贵也贵不到那个价位，一是靠销售时的忽悠，二是层层转手后的高价，参农卖给当地的批发商，批发商再分流给中间商，这个中间商少的一两个，多的五六个，所有中间商都要加价，最后才能进了专卖店，贴上品牌，上了柜台。售货员再一忽悠，告诉你必须认准他这个牌子，所以你多花了冤枉钱。咱老李的海参，都是大连长海海域生长的辽刺参，别人养殖海参，需要承包费、建池费、育苗费、人工费。所以，我能把货真价实的海参卖出“白菜价”，让过去想吃海参，嫌贵的老百姓，都能吃到好海参。老李捕捞和销售野生海参有五条原则：一、参源纯正：只卖辽刺参，绝不用南方参、进口参以次充好。二、海养野生：大连长海海域的当地参，绝不卖营养价值低的便宜参；三、货真价实：一分钱一分货，绝不虚抬价格，只挣良心钱；四、工艺地道：捞海岛海参，全是地道的淡干工艺加工，绝不会加糖、加盐；五、郑重承诺：你可以先泡一个，不满意全额退款，来回运费算我们的！这个生意靠的就是回头客，我们深知这个道理！加老李微信，尝鲜正宗辽刺参现在在市场上买海参，你会看到很多乱七八糟的分类，什么一级、特级，什么3A、5A，说白了，商家想怎么叫就怎么叫，主要是搞点噱头，忽悠消费者！老李不会给海参品类起一些乱七八糟的噱头，所售海参都是按生长年限来区分，让大家看着明明白白的，年限越长的，个头越大，营养成分也越高！长按识别下方二维码添加微信了解、鉴别、购买真正辽干刺参长按识别上方二维码添加微信每天一根参，百病不缠身如果你想吃海参滋补身体，告别皮肤松弛、干燥粗糙、皱纹，长斑，内分泌紊乱，告别男人的难言之隐，告别老年人的身体虚弱，却因为价格太贵买不起，如果你想给亲人领导送海参，却不知道如何鉴别真假；如果你一直在吃海参，却糊里糊涂的花了大笔冤枉钱。那么找到老李家就对了。长按识别上方二维码，添加捞海岛海参的微信咨询，教你如何鉴别海参，如何泡发海参，用“白菜价”买到正宗淡干辽刺参！爷爷奶奶每天都要坚持吃半个，身体好的很，明显比同龄人要年轻很多，80多岁了还经常去爬山。应该都是得益于海参抑制肌肉老化，延缓衰老的功效。而且家里人从来没人得慢性病，很少感冒，免疫力都很强。可能很多人还会有疑问化疗和手术后适不适合吃海参呢，答案是肯定的，这也是不少营养师都推荐的。捞海岛海参，品质如金“我对自己的海参有信心，所以我敢对每一位顾客承诺：把咱捞海岛海参买回家，你可以先泡发，满意了欢迎你推荐给亲戚朋友，不满意就和我说，保证给你退货退款，绝不会让顾客花一分冤枉钱！”百分百的真实，百分百的实在，百分百的淡干海参！很多顾客买了很好的海参回家，可是还是不能使海参最大比例的泡出，口感营养也都跟不上，老李跟海参打交道，早就摸索出了泡发海参的一套方法，捞海岛用对朋友的心来对顾客。老李亲自告诉你独门泡发流程，全天候咨询服务，有任何海参问题，泡发问题可即时联系。 用我的经验告诉大家怎么泡出好海参！长按识别下方二维码添加微信了解、鉴别、购买真正辽干刺参长按识别上方二维码添加微信质如金！承诺如金！如果你没吃过海参，你不会知道，海参是名副其实的“女人美容院”，“男人的加油站”，老年人的“健身房”，坚持吃上一个月，你会发现自己的身体状态年轻至少十岁！目前18356+人已关注]]></content>
  <author><![CDATA[西江资讯]]></author>
  <time>2018-10-14 00:00:00</time>
  <account><![CDATA[zqzhanggong368]]></account>
</data>
