<data>
  <id><![CDATA[50545689]]></id>
  <url><![CDATA[https://mp.weixin.qq.com/s?timestamp=1539596583&src=3&ver=1&signature=Egrj350GoKY8-KUcIJshbxLJZGPoKIOqnPvijSmNRKw8PqhojEnLSkhwQq5CyAHqcHFo1grlPZNCWJupJo86*0c0J841Jj*guuHhf2WCK30b07OxPlK17r6s8qATb5LIWnIDUdkaHiCcypcSZ7t37R6sfLu*KDKhJiGmmdSVx90=]]></url>
  <title><![CDATA[时尚达人都在关注，高端鞋服可供专柜，你需要的这里都有。]]></title>
  <content><![CDATA[主打高端鞋服，可供专柜，无须太多华丽描述，用实拍图来说明一切吧，有需求的可以添加关注+V：  ZCDS4567各类高端潮鞋实拍展示，实拍比任何语言都来得实在！添加关注+V：  ZCDS4567更多商品分类可以关注我们微商相册]]></content>
  <author><![CDATA[西江资讯]]></author>
  <time>2018-10-14 00:00:00</time>
  <account><![CDATA[zqzhanggong368]]></account>
</data>
