<data>
  <id><![CDATA[50545689]]></id>
  <url><![CDATA[http://mp.weixin.qq.com/s?__biz=MzA4NDI1NTQwNw==&mid=2652848534&idx=3&sn=866f36992d0fcb8b1881edce72b58475&chksm=84021656b3759f40f32eade6502542f0dba4e00537ca189ae115617cad9cdc0045c79d847e94&scene=27#wechat_redirect]]></url>
  <title><![CDATA[农村到处可见的这种野菜居然是白发克星！还能救人！随处可见，可惜人们都扔了…]]></title>
  <content><![CDATA[]]></content>
  <author><![CDATA[西江资讯]]></author>
  <time>2018-10-12 00:00:00</time>
  <account><![CDATA[zqzhanggong368]]></account>
</data>
