<data>
  <id><![CDATA[50545689]]></id>
  <url><![CDATA[https://mp.weixin.qq.com/s?timestamp=1539596583&src=3&ver=1&signature=Egrj350GoKY8-KUcIJshbxLJZGPoKIOqnPvijSmNRKw8PqhojEnLSkhwQq5CyAHqcHFo1grlPZNCWJupJo86*3bdpyhxsNROg*2prK*J9dDLNTSl*izd-R*JwAJXZ1Kk8vSWnDMzDdUX1ZSitfwhIrYy6HrUSQStcOkFWgg5l7U=]]></url>
  <title><![CDATA[爱吃馒头的，现在看还不晚！别忘了告诉家人！]]></title>
  <content><![CDATA[]]></content>
  <author><![CDATA[西江资讯]]></author>
  <time>2018-10-15 00:00:00</time>
  <account><![CDATA[zqzhanggong368]]></account>
</data>
