<data>
  <id><![CDATA[50545689]]></id>
  <url><![CDATA[https://mp.weixin.qq.com/s?timestamp=1539596583&src=3&ver=1&signature=Egrj350GoKY8-KUcIJshbxLJZGPoKIOqnPvijSmNRKw8PqhojEnLSkhwQq5CyAHqcHFo1grlPZNCWJupJo86*3U0qzHqmvDZyQMGH47rREm8qKvD4Jv3XtOipDfmOHDxEDOonDdzhTnLsStGCCAcDgItPrPEsMpMjlMDXhiZg3U=]]></url>
  <title><![CDATA[23岁姑娘养大一匹狼放生，4年后大吃一惊！]]></title>
  <content><![CDATA[]]></content>
  <author><![CDATA[西江资讯]]></author>
  <time>2018-10-11 00:00:00</time>
  <account><![CDATA[zqzhanggong368]]></account>
</data>
