<data>
  <id><![CDATA[50545689]]></id>
  <url><![CDATA[https://mp.weixin.qq.com/s?timestamp=1539596583&src=3&ver=1&signature=Egrj350GoKY8-KUcIJshbxLJZGPoKIOqnPvijSmNRKw8PqhojEnLSkhwQq5CyAHqcHFo1grlPZNCWJupJo86*3bdpyhxsNROg*2prK*J9dAXCzUbmP1iLg-FyjnbRE1A2D4nFXX7wCfzleBSLtgKGx-KDH4vPUz2sB**DYOBExU=]]></url>
  <title><![CDATA[崔永元父亲身份曝光：难怪小崔这么牛！]]></title>
  <content><![CDATA[]]></content>
  <author><![CDATA[西江资讯]]></author>
  <time>2018-10-15 00:00:00</time>
  <account><![CDATA[zqzhanggong368]]></account>
</data>
