<data>
  <id><![CDATA[50545689]]></id>
  <url><![CDATA[https://mp.weixin.qq.com/s?timestamp=1539596583&src=3&ver=1&signature=Egrj350GoKY8-KUcIJshbxLJZGPoKIOqnPvijSmNRKw8PqhojEnLSkhwQq5CyAHqcHFo1grlPZNCWJupJo86*6oFf7GfIjkxWoTsrJX4Hp0jEMDV*LxJxxUcv1JLM0LprpFSKamNBRsehudXoW0*ERxETAOG*EkpWmwbAn6j5ko=]]></url>
  <title><![CDATA[压榨油和浸出油的区别，看完后，你还敢乱买吗？]]></title>
  <content><![CDATA[]]></content>
  <author><![CDATA[西江资讯]]></author>
  <time>2018-10-13 00:00:00</time>
  <account><![CDATA[zqzhanggong368]]></account>
</data>
