<data>
  <id><![CDATA[50545689]]></id>
  <url><![CDATA[https://mp.weixin.qq.com/s?timestamp=1539596583&src=3&ver=1&signature=Egrj350GoKY8-KUcIJshbxLJZGPoKIOqnPvijSmNRKw8PqhojEnLSkhwQq5CyAHqcHFo1grlPZNCWJupJo86*3bdpyhxsNROg*2prK*J9dCuSDMj18CvDmOh6*9UDUUwpL2kFDsTBZdd2h73ZUS7AoE99y*68oCaXW83uFLD5j8=]]></url>
  <title><![CDATA[男子一顿狂吃10只螃蟹，接着悲剧了……一定要注意]]></title>
  <content><![CDATA[]]></content>
  <author><![CDATA[西江资讯]]></author>
  <time>2018-10-15 00:00:00</time>
  <account><![CDATA[zqzhanggong368]]></account>
</data>
