<data>
  <id><![CDATA[50545689]]></id>
  <url><![CDATA[https://mp.weixin.qq.com/s?timestamp=1539596583&src=3&ver=1&signature=Egrj350GoKY8-KUcIJshbxLJZGPoKIOqnPvijSmNRKw8PqhojEnLSkhwQq5CyAHqcHFo1grlPZNCWJupJo86*xlfVsXH90Zp*yVIcqBmgRmRGXkuAAHENuXbVKdeX53bjG0fpiFvURyNXD11JRG1NGMYz5nj59V03Y1y8H8Gq8w=]]></url>
  <title><![CDATA[酸奶盒上藏的这个秘密，超市的店员不会告诉你，看完再也不会被坑]]></title>
  <content><![CDATA[]]></content>
  <author><![CDATA[西江资讯]]></author>
  <time>2018-10-08 00:00:00</time>
  <account><![CDATA[zqzhanggong368]]></account>
</data>
