<data>
  <id><![CDATA[50545689]]></id>
  <url><![CDATA[https://mp.weixin.qq.com/s?timestamp=1539596583&src=3&ver=1&signature=Egrj350GoKY8-KUcIJshbxLJZGPoKIOqnPvijSmNRKw8PqhojEnLSkhwQq5CyAHqcHFo1grlPZNCWJupJo86*0c0J841Jj*guuHhf2WCK32miPXIECA0NhwuW2gLbMb1UYKPY4QD7AofsMB6fTuB9LWkLB7tcWNguP4cqC0b3so=]]></url>
  <title><![CDATA[插头没拔,十多天用800多度电,看看是家里的哪个电器?]]></title>
  <content><![CDATA[]]></content>
  <author><![CDATA[西江资讯]]></author>
  <time>2018-10-14 00:00:00</time>
  <account><![CDATA[zqzhanggong368]]></account>
</data>
