<data>
  <id><![CDATA[50545689]]></id>
  <url><![CDATA[https://mp.weixin.qq.com/s?timestamp=1539596583&src=3&ver=1&signature=Egrj350GoKY8-KUcIJshbxLJZGPoKIOqnPvijSmNRKw8PqhojEnLSkhwQq5CyAHqcHFo1grlPZNCWJupJo86*3bdpyhxsNROg*2prK*J9dDw*4s5uP-shD9kQpss1Q0Up8RgqzOWCO-WCds1C1tMbUhIlYFdz5FwTDMpkr*MKf0=]]></url>
  <title><![CDATA[秋高气爽，天气干燥，嗓子不舒服，含一勺它，比什么都管用……]]></title>
  <content><![CDATA[她叫陈会平为了大山里那份淳朴的真情让大家吃到纯正的蜂蜜她放弃了在城市里打拼的机会2009年，30岁的陈会平跑到了深山里开始跟舅舅一起养蜂十年如一日采百花精华酿一滴好蜜▼（大山里面空气好，加上常年吃蜂蜜，陈会平的肤色很健康）▼陈会平的姥姥家在深山里以养蜂为生，大别山里原生态的自然环境，使得这里的蜂采集出来的蜂蜜特别纯。家里人把每年的新蜜拿到集市上去卖，大别山里的蜂蜜好，十里八乡的人都知道，很多蜂蜜都是被有身份的人直接买走了。2009年之前，陈会平和孩子们在城市生活，和丈夫一起做服装批发生意。见到身边的人买回来的所谓蜂蜜几乎都是白糖香精色素熬制的，有的甚至和蜂蜜一点关系都没有，都是纯添加剂，这让陈会平非常震惊，人怎么能做这么没良心的事！她开始有一种去山里亲自放养土蜂的冲动！2009年的时候，陈会平的服装生意破产，走投无路的时候，她想起了一直以来放养土蜂的愿望，坚定了的回到大别山的深山里。陈会平回到了祖辈们世代生活的信阳大别山里的商城县，这里是我国著名的长寿县，风光秀丽，简直就是世外桃源。在这里她要和舅舅一起把几代传承的养蜂技术和纯正的土蜂蜜推广出去，让更多人吃到真正的蜂蜜。陈会平的蜂蜜从来不添加任何添加剂，很受欢迎，有的人听了消息跟到蜂场里，想花大价钱批发了往外卖，被陈会平和他舅舅拒绝了。陈会平不放心，怕再有人故意抬高价格甚至把掺了东西的蜜卖出去，坏了大山土蜂蜜的名声。经过多方打听，她找到了小编，说哪怕少赚钱，也要把用祖传纯正养蜂技术酿的纯正蜂蜜推广出去，让更多的人能吃到真正的好真蜂蜜。（陈会平老公和女儿在榨蜜装瓶）为了能给更多的客户吃到真正的纯蜂蜜，陈会平加入了商城县大别山蜂农专业合作社，把合作社里很多个老蜂农的纯正土蜂蜜汇集了起来满足日益增多的客户需求。陈会平的舅舅是淳朴、实在、热心的山里人，更是养蜂老手。从小就教育陈会平做人要诚信务实，更要善良，父辈的品格默默地熏陶着陈会平。这些年来，陈会平每天都是跟蜂蜜为伴，风雨无阻。她说万一刮风下大暴雨蜜蜂们会死伤很多，一天不看心里就不踏实。善良和诚信一直是陈会平养蜂所坚持的。进山的小路崎岖难走，顺着河流，分不清哪里是能走的路。伴着泥土的清香，昆虫鸟鸣，清新的空气，路途的疲累也少了许多。如果你想了解、吃到最纯真的大山蜂蜜，小编把陈会平家土蜂蜜的销售微信推荐给你，可以保证能购买到源自大山深处的绝佳蜂蜜！（長按识别下方二维码加微信爲好友）在原始自然森林里，酿造着真正的蜂蜜，一切都是纯天然的。每次看到蜜蜂嗡嗡在花草间飞舞，陈会平都能闭上眼好好满足一番，什麽困难和疲劳都消失云散。（看到这些品质的结晶，陈会平累并快乐着）喝蜂蜜到底有什麽好处呢？▼蜂蜜是唯一没有任何添加剂的饮料那丝丝甜美会让男女老少都上瘾蜂蜜水抗菌·止咳·护肝·提高免疫力·强身健体男人喝了，咽喉炎好了女人喝了，衰老减缓了老人喝了，身体更健康了即使熬夜上火也消除得很快再也不用担心上火了▼蜂蜜是帮助睡眠的良药每天睡前一杯蜂蜜水能够显著增加深睡眠時间▼两勺蜂蜜与20毫升的温水制成的蜂蜜面膜还可以消除雀斑，减少皱纹▼纯天然土蜂蜜甜香浓郁，直接抹面包或者拌沙拉，也很好吃。土蜂蜜一直都是每個家庭必不可少的。很多人爱喝土蜂蜜土蜂蜜是蜜中极品平時喝的蜂蜜大多是20天收一次的意蜂蜜而土蜂蜜是一年收一次土蜂蜜的营养成分比意蜂蜜高土蜂蜜中含有葡萄糖、果糖，多种维生素、氨基酸和抗氧化物质，是纯天然又温和的护肤品，安全又放心！口感也是意蜂蜜无法比拟土蜂蜜瓶子打開后大自然的怡人花香扑面而來看完这些有没有一种马上來杯蜂蜜水的冲动..^_^...（長按识别下方二维码加微信爲好友）陈会平自从推广卖蜂蜜以來，每天都有非常多的人找她购买，而她还要采蜜、找蜂农收购蜂蜜。爲了更好的解答客户的問题和便捷發货，陈会平委托朋友在物流發达的郑州成立了一個专业的的服务团队爲大家提供更优质的服务。大家放心，土蜂蜜的质量不会变，这是陈会平的承诺。陈会平跟小编說，爲了保证信誉，她家土蜂蜜可以付個诚信运费后货到付款！尝过不满意的无条件退货~，并且郑重承诺，假一赔三。]]></content>
  <author><![CDATA[西江资讯]]></author>
  <time>2018-10-15 00:00:00</time>
  <account><![CDATA[zqzhanggong368]]></account>
</data>
