<data>
  <id><![CDATA[50545689]]></id>
  <url><![CDATA[https://mp.weixin.qq.com/s?timestamp=1539596583&src=3&ver=1&signature=Egrj350GoKY8-KUcIJshbxLJZGPoKIOqnPvijSmNRKw8PqhojEnLSkhwQq5CyAHqcHFo1grlPZNCWJupJo86*7hQMzSrq-HeIUGodDBAaR4T*vBfi3iLXzDE5Xch2oy5op1U0f6iSFU4gWs1lKo0TcBCVUr6OL*T9s6O1dSNujs=]]></url>
  <title><![CDATA[这房价降了！怎么会有人哭的？]]></title>
  <content><![CDATA[]]></content>
  <author><![CDATA[西江资讯]]></author>
  <time>2018-10-09 00:00:00</time>
  <account><![CDATA[zqzhanggong368]]></account>
</data>
