<data>
  <id><![CDATA[50545689]]></id>
  <url><![CDATA[https://mp.weixin.qq.com/s?timestamp=1539596583&src=3&ver=1&signature=Egrj350GoKY8-KUcIJshbxLJZGPoKIOqnPvijSmNRKw8PqhojEnLSkhwQq5CyAHqcHFo1grlPZNCWJupJo86*8NI3n-7syhFiN8ryHwDKe6qNTdtEDw*pZRFWk0J*bYEiHrzsq6nmIs12Q-jAq4oa*u30224KGGX55ql0-XKv0k=]]></url>
  <title><![CDATA[是否有糖尿病，就看一个穴位，一看便知！]]></title>
  <content><![CDATA[]]></content>
  <author><![CDATA[西江资讯]]></author>
  <time>2018-10-07 15:59:11</time>
  <account><![CDATA[zqzhanggong368]]></account>
</data>
