<data>
  <id><![CDATA[50545689]]></id>
  <url><![CDATA[https://mp.weixin.qq.com/s?timestamp=1539596583&src=3&ver=1&signature=Egrj350GoKY8-KUcIJshbxLJZGPoKIOqnPvijSmNRKw8PqhojEnLSkhwQq5CyAHqcHFo1grlPZNCWJupJo86*6oFf7GfIjkxWoTsrJX4Hp3VxaQnuxk3s3djWkqMjcjaTPxe7eEGhXEALyUDjQo3YW3Jbez96JFN0kCyiF2rAnE=]]></url>
  <title><![CDATA[你还在吃南瓜？别忘了告诉家人！]]></title>
  <content><![CDATA[]]></content>
  <author><![CDATA[西江资讯]]></author>
  <time>2018-10-13 00:00:00</time>
  <account><![CDATA[zqzhanggong368]]></account>
</data>
