<data>
  <id><![CDATA[50545689]]></id>
  <url><![CDATA[https://mp.weixin.qq.com/s?timestamp=1539596583&src=3&ver=1&signature=Egrj350GoKY8-KUcIJshbxLJZGPoKIOqnPvijSmNRKw8PqhojEnLSkhwQq5CyAHqcHFo1grlPZNCWJupJo86*18yS0RzUeSX8mdELQRC9o2l0EZJt8JPhneIkYlHMbpHzrzQ4R-n37bcbQmSmFjC0eSowqmfqwT2KjNq79A0jVg=]]></url>
  <title><![CDATA[被狗咬后狂犬病发作全过程，防疯狗不可儿戏！]]></title>
  <content><![CDATA[]]></content>
  <author><![CDATA[西江资讯]]></author>
  <time>2018-10-10 00:00:00</time>
  <account><![CDATA[zqzhanggong368]]></account>
</data>
