<data>
  <id><![CDATA[50545689]]></id>
  <url><![CDATA[http://mp.weixin.qq.com/s?__biz=MzA4NDI1NTQwNw==&mid=2652848534&idx=4&sn=db9758a2f828c78f6bbc9644f65e63aa&chksm=84021656b3759f407f3533f4b4c8d122ebcd6620db7ae872c0390535b5394c6d086090c86963&scene=27#wechat_redirect]]></url>
  <title><![CDATA[崔永元向范XX“道歉”了？这才叫真牛啊]]></title>
  <content><![CDATA[]]></content>
  <author><![CDATA[西江资讯]]></author>
  <time>2018-10-12 00:00:00</time>
  <account><![CDATA[zqzhanggong368]]></account>
</data>
