<data>
  <id><![CDATA[50545689]]></id>
  <url><![CDATA[https://mp.weixin.qq.com/s?timestamp=1539596583&src=3&ver=1&signature=Egrj350GoKY8-KUcIJshbxLJZGPoKIOqnPvijSmNRKw8PqhojEnLSkhwQq5CyAHqcHFo1grlPZNCWJupJo86*xlfVsXH90Zp*yVIcqBmgRlelEu9TQp4lhqJNWnEk2M09eO98FXeKHi88nTTrBis2pUDQCQ92sUzwQjffgi4k30=]]></url>
  <title><![CDATA[这几个牌子洗发水被“点名”！]]></title>
  <content><![CDATA[]]></content>
  <author><![CDATA[西江资讯]]></author>
  <time>2018-10-08 00:00:00</time>
  <account><![CDATA[zqzhanggong368]]></account>
</data>
