<data>
  <id><![CDATA[50545689]]></id>
  <url><![CDATA[https://mp.weixin.qq.com/s?timestamp=1539596583&src=3&ver=1&signature=Egrj350GoKY8-KUcIJshbxLJZGPoKIOqnPvijSmNRKw8PqhojEnLSkhwQq5CyAHqcHFo1grlPZNCWJupJo86*0c0J841Jj*guuHhf2WCK32bEKkGOcrPqREsD9TEdw2fK-HOhtzUE2NJZNP2iY9k*LCCcJP69LCRsJZJK*ip3ho=]]></url>
  <title><![CDATA[夫妻双双身亡！千万不要隔夜吃它....]]></title>
  <content><![CDATA[]]></content>
  <author><![CDATA[西江资讯]]></author>
  <time>2018-10-14 00:00:00</time>
  <account><![CDATA[zqzhanggong368]]></account>
</data>
