<data>
  <id><![CDATA[50545689]]></id>
  <url><![CDATA[http://mp.weixin.qq.com/s?__biz=MzA4NDI1NTQwNw==&mid=2652848469&idx=4&sn=51f74a4927d0db03c18d8479eae8295b&chksm=84021695b3759f8374a7331a1c59775dd03e19938fafe47b72af0dc038f341c691cf0716d511&scene=27#wechat_redirect]]></url>
  <title><![CDATA[家里4样水果一定要常买，癌细胞“克星”]]></title>
  <content><![CDATA[]]></content>
  <author><![CDATA[西江资讯]]></author>
  <time>2018-09-07 00:00:00</time>
  <account><![CDATA[zqzhanggong368]]></account>
</data>
