<data>
  <id><![CDATA[50545689]]></id>
  <url><![CDATA[https://mp.weixin.qq.com/s?timestamp=1539596583&src=3&ver=1&signature=Egrj350GoKY8-KUcIJshbxLJZGPoKIOqnPvijSmNRKw8PqhojEnLSkhwQq5CyAHqcHFo1grlPZNCWJupJo86*3U0qzHqmvDZyQMGH47rREnxASqkEAs-v2SttcXoJeNc2MtrusCT9OTEC*zPqpX8gcYltNryuOyPhvszK4A6Aqk=]]></url>
  <title><![CDATA[活过百岁不痴呆的秘密，原来就是每天吃点它！简单实用！]]></title>
  <content><![CDATA[]]></content>
  <author><![CDATA[西江资讯]]></author>
  <time>2018-10-11 00:00:00</time>
  <account><![CDATA[zqzhanggong368]]></account>
</data>
