<data>
  <id><![CDATA[126750174]]></id>
  <url><![CDATA[http://mp.weixin.qq.com/s?src=11&timestamp=1538410478&ver=1156&signature=iG*grAcLp-X9HSzbv6y4wYWGAeY7CGue6OPyKYswhJOasWdp5yCtQgxi5IeDq1aP5ga*5d1udQL4UvI3YkcUbNoJYa*6eCjJ3u9A4HTr9AzvLOieU8vdRklHQ4qMd3*4&new=1]]></url>
  <title><![CDATA[读书时光【第十三期】 | 废墟之美]]></title>
  <content><![CDATA[文 | 万卫平 · 朗读 |  蔡庄荣读书时光原创有这样一种地方，它们曾经繁华，却没能逃过岁月的冲击；它们也许从未被写入正史之中，只是在民间口耳相传，但却一直吸引着文化人和朝拜者；它们是人类创造力的体现，也是野史中的魅力。无疑，它们有一个通称：废墟。冬至的第一个周末，计划中笆栏寨的采风顺利成行，最为震撼的是那残垣断壁，裸露着一种彻骨的苍凉。不，是废墟之美！看来，游废墟就要冬日成行；否则，很难有严冬萧杀气氛与之相融。我一见到它，就有一种莫名的悸动。是它的衰败，还是它的苍凉，在拨动我的心弦，震撼我的心房？敦实的门楼、寂静的芳草坪、默默的系马桩，还有那坍塌着的当年雄厚的寨墙，无不见证着笆栏寨当年的气势如虹。据史料，明万历2年，武艺高强的湖南浏阳农民李大銮、同村好友梁长吉以及李大銮的表弟杨青山，不满明朝执行（土地兼并而导致两极分化政策）的苛捐杂税现实，高举义旗，啸聚山林。他们以官山为中心据点，铜鼓凌云山和浏阳大围山为辅助据点，互为犄角，队伍一度发展到八万多人。李大銮自称“江西天子”，其势震动朝野。朝廷多次派兵围剿都大败而归。后来，又遣身经百战、深谙军事的抗倭名将邓子龙挂帅亲征，才最终将这次农民起义镇压了下去。这次历时三年的农民暴动，沉重地打击了明王朝的统治。我们今天攀登的笆栏寨，就是这段传说中，不可或缺的重要一环。杨青山，作为李大銮的表弟及肱骨之臣，对表哥将凌云山这“八大山寨”交予他统辖甚为理解和配合。凌云山是罗霄山脉的北端，居官山、大围山之间。两军并进居其中，击头则尾至，击尾则头回，前后呼应，互为犄角，位置甚为重要。朝廷动用兵力达5万之众，三年围剿未见成功，可见当时南蛮的剽悍与部署的得当。凌云山的对面新开岭的山上，现在还有一座名为“朝廷”的庙宇，就是当年朝廷临时征做指挥部而留存的遗迹。450年前，当地人还称“朝廷庙”为新开庙哩！可历史在明万历五年转了一个弯。朝廷启用了一代名将邓子龙。邓子龙，不愧用兵如神。他弃“大兵团”作战而不用，改为精兵突击和中心开花战术。这招果然奏效，邓子龙远距离奔袭，直奔凌云山八大山寨，一击而中。大概也是隆冬。史料记载： 128名精兵突袭杨家寨，40余名精兵突袭笆栏寨，其余官兵（1000余人）防守拦截其他寨的援兵。最终，杨青山失败的结果不难预料；可他不畏强暴，勇抗官兵的事迹却在民间代代流传……远处的残垣断壁，及眼前坍塌的城墙见证了当年的血战！他们有父母也有子女，可他们为何会走这样一条路？不是世道艰难，不是为了生存，很难做出这种投身绿林的决绝行为。只有360年后的毛润之先生能够给予同情和理解：“造反有理”！这，可是一代伟人的心声！ 我还想到的是：既然笆栏寨必定走向衰败，并成为历史遗迹，我们何妨从容正视它。那也是一种美呀，是那种撼人心魄的废墟美！文化大家余秋雨先生说过：“圆明园，如果不是废墟，那他的存在就要逊色的多，人们会记住这段民族的屈辱史吗？”。 废墟的反义是繁华和辉煌，繁华令人向往，辉煌使人振奋，这是一种朝气蓬勃的美感。在它背后我们必然会看到残垣断壁、落叶残荷、枯树昏鸦、古道瘦马、雪地孤狼、大漠孤烟、长河落日......它们同样也是美的，是另一种荡气回肠、更令人回味的美！画家、诗人、摄影家都把这些当作素材，创作出许许多多传世佳作。欣赏废墟，敬畏大自然的神秘；感悟废墟，方知生命的意义！废墟！废墟！你扣动我的心弦，似一曲悲歌在我心中激荡流淌！挥手别离笆栏寨，回望的并不只是一段风景，那是一段人们口耳相传的记忆。-文章-万卫平，现任宜春职业技术学院客聘教授，江西省作家协会会员；铜鼓作协主席。作品在《中国信息报》、《江西日报》、《宜春日报》等报刊杂志发表作品300余篇，出版作品集有《行走的文字》、《见微知著》等。-朗读-蔡庄荣，宜春市朗诵艺术协会会长、江西省冬泳运动协会副秘书长、国家一级社会体育指导员、广播电视行业资深媒体人。酷爱朗诵、音乐、舞蹈、心理咨询以及许多运动项目。曾经获得全国“最美泳者”、代表江西参加全国社会体育指导员素质大赛总决赛演讲比赛冠军、2017年获得宜春市宜阳好人（最美宜阳人）。- End -本期编辑：束静审核：束静]]></content>
  <author><![CDATA[铜鼓新视听]]></author>
  <time>1537190409000</time>
  <account><![CDATA[jxtgtv]]></account>
</data>
