<data>
  <id><![CDATA[50545687]]></id>
  <url><![CDATA[https://mp.weixin.qq.com/s?timestamp=1539596538&src=3&ver=1&signature=Egrj350GoKY8-KUcIJshb-EJzn*AAgn3v33oByaNycuJlqJoPjaGifdbL*CiabE1sRoDTyY4JwbscNW993wEtFyH3XtmcKgC0*2Sx7BuQf1803s8hnYxbIlNlpMhRbb3928Y7WOx9EwjOe1tTaJWUnbNralNBpevfcI-MO0FyRs=]]></url>
  <title><![CDATA[现在D小偷咁猖狂？竟然连摩托车倒后镜都偷？发生肇庆这个小区！]]></title>
  <content><![CDATA[10月10号早上，发现自己住在睦岗宝翠园小区楼下，有几台摩托车倒后镜被小偷了，调取视频监控发现一名青年仔偷偷地开台摩托车在昨晚二点左右开始作案。现在D油价贵都不能偷嘢咖！还是你台车倒后镜烂左？无钱买新的？细时偷针，大时偷牛。您的行为被曝光了！来源：肇庆之星1.套路又来了，这些路段停车要交费了！2.一女子坐顺风车怀疑 “被下药”！最后发现司机竟然系...3.小小肇庆又被国家盯上了，速来围观！4.投资失败欠下巨额债务，无力偿还后男子竟自制假币]]></content>
  <author><![CDATA[肇庆西江明珠]]></author>
  <time>2018-10-12 01:05:15</time>
  <account><![CDATA[v007_net]]></account>
</data>
