<data>
  <id><![CDATA[50545687]]></id>
  <url><![CDATA[https://mp.weixin.qq.com/s?timestamp=1539596538&src=3&ver=1&signature=Egrj350GoKY8-KUcIJshb-EJzn*AAgn3v33oByaNycuJlqJoPjaGifdbL*CiabE1sRoDTyY4JwbscNW993wEtH7BEAcqaeGvbK4943Qz1mnjUpLhN-zH84u*6hVvaQCRVMUrq-0iptu2795DA2AWDRCc9mVx-Bu0QJOPe*jNYNA=]]></url>
  <title><![CDATA[吵翻了！开跑车接送孩子被老师踢出家长群！变味的家长群肇庆人你怎么看？]]></title>
  <content><![CDATA[各位肇庆网友有没有觉得这段时间，让我们与学校方便沟通的家长群开始变了味儿？而且慢慢的有越来越多的争论与矛盾啊？这不，最近家长群里又发生“战火”总的来说！就是没有对比就没有伤害，对比越大伤害越深▼这位家长平时开跑车接送孩子上下学，结果老师在群里@这位家长，告诉他有家长反映他开跑车接送孩子，这样会让孩子形成攀比心理，不利于教育。这位家长回怼后，没有任何理由就被老师移出群！▼据悉，开跑车的家长任职于当地一知名房地产公司高管年收入达400多万元他本人是跑车控，有一辆法拉利488对此事，他认为：“钱是我辛苦赚来的，不偷不抢，想给孩子最好的，有啥不对”。这件事在网上引起一定范围的讨论，甚至还上了微博热搜▼对于这件事，网友的看法更是众说纷纭有些网友觉得此举并没有什么不妥反倒是某些老师和家长“三观不正”▼还有一些吃瓜群众对此事有不同的看法，有网友更是调侃，自己天天坐好几千万的地铁接送孩子也没人说他在炫富~▼也有一些网友对老师的说法产生质疑，限制别人开跑车，孩子就不会产生攀比心理了吗？是教育方法存在问题！▼也有人说，如果开跑车的家长真的换一辆普通的车孩子们看到的平等，只是虚假的平等是牺牲跑车家长利益的平等这种平等，与其说是平等，不如说是抢夺！按照这个家长群里的老师与一些家长的说法其实与其说是孩子们在攀比，不如说是家长们在攀比！进一步讲，无论是其他家长还是老师，都没有权利要求开跑车家长换车！最后，小编认为不是非要朴素才能教育好孩子，更重要的是老师与家长以身作则为孩子树立良好的价值观。引导孩子对贫富有正确的观念！更有网友曝出，这年头有钱人多的是，东莞还曾有过学生坐直升机上学~直升机降落在学校操场学生从直升机上走下来学生走开，直升机准备飞走学生跑开，成功抵达学校…这让我想起了周星星的电影这一幕▼事实上，这件当年发生在东华中学的事件可谓轰动一时，而在某种程度上，与上述"法拉利"事件也有相似之处~当时也有街坊讨论过：这是"炫富"吗？然而，真实的情况是——堵车…是的，因为堵车，"情急之下"想到开飞机解决…（好吧，我竟无言以对，甚至觉得没毛病？）据悉，该学生平时在校表现十分低调，并无出现"炫富"想象，另外，此事发生后也没有出现该校学生学习生活受到影响的报道。学生该好好学习的，还是继续学习~最后，关于上述"法拉利"事件，有的网友给出了以下解决办法…各位街坊对于在家长群攀比这件事，你们怎么想？欢迎在评论下方与小编讨论~来源：网络微博、肇庆之星1.一女子坐顺风车怀疑 “被下药”！最后发现司机竟然系...2.小小肇庆又被国家盯上了，速来围观！3.投资失败欠下巨额债务，无力偿还后男子竟自制假币4.突发！肇庆二塔路口发生严重车祸！女子被辗压当场死亡？]]></content>
  <author><![CDATA[肇庆西江明珠]]></author>
  <time>2018-10-11 00:14:06</time>
  <account><![CDATA[v007_net]]></account>
</data>
