<data>
  <id><![CDATA[50545687]]></id>
  <url><![CDATA[https://mp.weixin.qq.com/s?timestamp=1539596538&src=3&ver=1&signature=Egrj350GoKY8-KUcIJshb-EJzn*AAgn3v33oByaNycuJlqJoPjaGifdbL*CiabE1sRoDTyY4JwbscNW993wEtH7BEAcqaeGvbK4943Qz1mmj6zxkcz0O-BFxDS69w7t10-IXv5Koj1eozV5ALKHew2WopwWR0a0PqUOOb1FfDYU=]]></url>
  <title><![CDATA[肇庆一男女涉嫌卖淫嫖娼，当场被抓！谁认识？]]></title>
  <content><![CDATA[大旺公安分局推行“大治安”工作机制以来，以“发案少、秩序好、社会稳定、群众满意”为工作目标，不断提高防范打击和服务管理能力，有效压缩了黄赌毒违法犯罪空间，营造了和谐的国庆节假日氛围。巡逻伏击显成效，抓获2名涉黄违法人员为保持对治安重点地区整治力度，该局强化警情研判和巡逻伏击，9月30日凌晨，民警成功抓获2名涉黄违法嫌疑人，有力净化国庆节期间案件高发地区的社会治安环境。。。。。。。。。。。。。。。。。。。。。。。当晚，该局民警在辖区怡兴小区巡逻时发现一对可疑男女进入出租屋，疑似进行卖淫嫖娼违法行为。经过深入研判，民警决定组织抓捕，成功在一出租屋内将两人抓获。经审讯，违法人员谢某（男，37岁，广东茂名人）、伍某金（女，45岁，重庆市巫山县人）对其卖淫嫖娼的违法行为供认不讳。目前，两名违法嫌疑人已依法行政拘留。源头整治强根基，坚持不懈压缩违法空间为从源头上压缩黄赌毒违法犯罪空间，国庆节前，该局对辖区出租屋、行业场所开展专项行动，检查管理措施的落实情况。。。。。。。。。。。。。。。。。。。。。。。9月30日，该局城区派出所民警在怡兴小区开展检查过程中，发现出租屋房东陈某华（女，47岁，大旺人）涉嫌不按规定登记住宿旅客信息。随后，民警将房东陈某华传唤至公安机关进一步调查。经审查，违法人员陈某华对其不按规定登记住宿旅客信息的违法行为供认不讳。目前，公安机关已依法对其行政处罚。。。。。。。。。。。。。。。。。。。。。。。经民警教育，违法人员陈某华认识到其违法行为的严重性，并表示今后一定履行好出租屋业主的责任，配合公安机关落实各项出租屋管理措施，做遵纪守法好公民。来源：平安大旺、肇庆特搜1.一女子坐顺风车怀疑 “被下药”！最后发现司机竟然系...2.小小肇庆又被国家盯上了，速来围观！3.投资失败欠下巨额债务，无力偿还后男子竟自制假币4.突发！肇庆二塔路口发生严重车祸！女子被辗压当场死亡？]]></content>
  <author><![CDATA[肇庆西江明珠]]></author>
  <time>2018-10-11 00:14:06</time>
  <account><![CDATA[v007_net]]></account>
</data>
