<data>
  <id><![CDATA[50545687]]></id>
  <url><![CDATA[https://mp.weixin.qq.com/s?timestamp=1539596538&src=3&ver=1&signature=Egrj350GoKY8-KUcIJshb-EJzn*AAgn3v33oByaNycuJlqJoPjaGifdbL*CiabE1sRoDTyY4JwbscNW993wEtChcgFdmf70fsJ3sr5VFe3BqkyIpU3v6V*ybrVrAwysThHZ0fWkqfy8zQvDhivRnqMpe7JwDIyg7*EfRIzTBgZg=]]></url>
  <title><![CDATA[今天长假最后一天，上高速的车主请注意这些“黑点”！]]></title>
  <content><![CDATA[国庆返程高峰到来除了坐火车、高铁还有不少人选择自己开车回家的温馨提醒如果你选择自己开车经过这些高速路段要注意了不然分分钟被罚款，还会被扣分去年广东省有十个违章地点，在缴交罚单数量及金额方面都特别惊人。其中一个地点，更是全年处理罚单量高达125294宗，成为全省10大违法路段之冠！2017年广东10大违章“黑点”❖1.沈海高速3374公里地点：茂名电白服务区入口前tips：沈海高速电白服务区前面设置了2公里长的白实线，此处有摄像头拍摄实线变道违法行为，所以2公里范围内请勿变道。据统计，这是“广东省去年违法次数最多”的地点，全年处理罚单125294（12.5万）单。如果车主朋友要进入电白服务区，应该提前3公里走外侧车道，否则压实线就是3分200元。若错过变道时机，也只能直接开到阳西服务区。❖ 2.二广高速广州支线2公里600米、100米地点：佛山广佛转广三三水方向桂城出口附近tips：这个地方限速为100km/h，最危险的位置在广佛转广三三水方向，过了匝道大约2公里处。有车主反映，当看到“桂江冷库”四个大字才反应过来要减速，已经太晚了。❖ 3.珠三角环线高速k327+600至k326+390往共和方向地点：江门深岑高速莲花山隧道路段tips：隧道前几百米有高清摄像头，若车主在这里压实线或变换车道，中招机率相当高。由于在隧道前压实线或变道都会被抓拍，因此，要出了莲花山隧道后才能变道。有知情人士透露，这个位置外地车被抓拍率高达98%。❖ 4.二广高速2695公里820米、850米地点：佛山三水二桥出口路段、二广高速与三水大学路交叉口前200米附近tips：这两个地方均有测速摄像头。很多车主以为整段路限速120km/h，其实这里是限速100km/h。从西往东走，过了四会到三水就要开始注意了，如果是从东往西走，到了三水森林公园时也要留神。建议全程控制时速在90公里或者以下最保险。❖ 5.沈海高速K3145+800至K3145+250路段往广州方向地点：江门司前共和爬坡路段tips：这个位置为实线两车道，禁止变线。由于出入口都有摄像头，一旦被发现车辆在出口车道和入口车道不一样，你就“中招”了。该路段从2013年4月开始改实线，约3公里长上坡，全部为实线，大车靠右行。过路口时需要提前选择车道，如果走错了车道，也不要乱变道，到下个出口再下去。❖ 6.济广高速1866公里900米地点：惠州小金口路段tips：从博罗入口开始向东，原本限速120公里突然降为110公里，因此，超速的可能性较高。这个路段路况良好，道路笔直，更促使车主们会深踩油门。于是，被拍到的可能性也大增。❖ 7.广州绕城高速地点：佛山绕城高速144公里及151公里处tips：这两处有测速，大部分限速120km/h，个别地方限速100km/h，注意看好指示标志。前者所处位置是下坡路，一不留神很容易就超速50%；后者金沙出口前方G80出口段有测速，建议经过这两个地方时，控制好踩油门的力度。❖ 8.博深高速-仁深高速（博深段）50KM地点：S27（博深高速）清林迳隧道出口tips：此处限速100km/h，摄像头在第二个雨棚出口处的隔离带上。温馨提醒：以上这些“黑点”的罚单大多都是因为压线、超速，各位车主经过这些路段的时候，一定要看清楚现场交通标识，谨慎行驶。来源：南方日报]]></content>
  <author><![CDATA[肇庆西江明珠]]></author>
  <time>2018-10-07 00:19:42</time>
  <account><![CDATA[v007_net]]></account>
</data>
