<data>
  <id><![CDATA[50545687]]></id>
  <url><![CDATA[https://mp.weixin.qq.com/s?timestamp=1539596538&src=3&ver=1&signature=Egrj350GoKY8-KUcIJshb-EJzn*AAgn3v33oByaNycuJlqJoPjaGifdbL*CiabE1sRoDTyY4JwbscNW993wEtChcgFdmf70fsJ3sr5VFe3CS19d4zbJQKN4NlUmOvNZGdKI2nw40Deg*GHRflBfQFhFDz9jEeF70ymsi8uq4Y20=]]></url>
  <title><![CDATA[肇庆市科润真空设备有限公司诚聘英才]]></title>
  <content><![CDATA[你想你的公司招聘信息出现在这里吗？可直接联系：0758-2754002（李小姐）------西江明珠人才网肇庆市科润真空设备有限公司自创办以来，始终致力于真空、玻璃相关行业加工设备的研究、开发及生产。各方面的优秀专业人才使公司保持处于国内的领先地位。“技术创新，提高品质，加强服务，客户满意”是本公司一贯的品质承诺，为此积极推进电脑辅助设计及电脑自动控制，使产品更加尽善尽美。本公司与国外同行保持长期的联系，并与国际多家著名企业进行广泛的合作，不断为用户提供新型的设备和新的工艺技术，同时不断开发国内外广大的市场，逐步建立完美的营销网络，且积极培植人才，使本公司能稳步、健康发展。本公司包食包住 待遇优厚 有经验均人士均可加入。如有意向请致电赵先生岗位职责：根据订单要求设计电气控制系统并完善。极具竞争力薪酬与完善的福利体系：1) 基本工资＋综合津贴＋工龄津贴＋职能津贴＋夜餐补贴＋绩效奖金2) 社会保险（养老、医疗、失业、工伤）＋ 意外保险3) 提供良好的住宿和工作餐4) 其它假期：法定假、婚假、丧假、女员工产假等有薪假期广阔的发展机会：1) 畅通、公平的内部晋升渠道，良好的职业发展平台；2) 多种培训方法；3)丰富多彩的员工活动。联系人：赵生电  话：2778923 15107583728地  址：肇庆市端州一路邮  箱：zjm368@sina.com一、机械工程师任职要求：1、男女不限2、有在机械厂工作或有机械设备经验者优先考虑。3、良好团队合作精神，具有较强的学习能力，能够承受一定的工作压力。工作职责：1、负责新产品的具体项目的实施，包括设计图纸/BOM表的建立，所负责项目样品的跟进；2、负责旧产品的改造和设计，绘制和修改图纸/BOM；3、负责解决所负责项目的产品在生产过程中出现的结构设计问题。4、协助销售部与客户沟通产品。优秀应届生亦可应聘此岗位！二、机械加工质检员要求：1、男女不限。2、有在机械厂工作或有机械设备经验者优先考虑。3、良好团队合作精神，具有较强的学习能力，能够承受一定的工作压力。三、机械装配工要求：1、男女不限。2、有在机械厂工作或有机械设备经验者优先考虑。3、良好团队合作精神，具有较强的学习能力，能够承受一定的工作压力。四、机械技术员要求：1、男女不限。2、有在机械厂工作或有机械设备经验者优先考虑。3、良好团队合作精神，具有较强的学习能力，能够承受一定的工作压力。五、焊工要求：1、男女不限。2、有在机械厂工作或有机械设备经验者优先考虑。3、良好团队合作精神，具有较强的学习能力，能够承受一定的工作压力。六、电工要求：1、电子及电气自动化相关专业优先；2、熟悉工业电脑或单片机控制系统的编程工作，有相关工作经验；3、熟悉电气控制。七、电气工程师要求：1、电子及电气自动化相关专业优先；2、熟悉工业电脑或单片机控制系统的编程工作，有相关工作经验；3、熟悉电气控制。八、仓库管理员要求：1、男女不限；2、有良好团队合作精神，具有较强的学习能力，能够承受一定的工作压力。1.电梯维护保养员（高新区)2.房屋安全鉴定技术员3.项目工程师4.产品开发师]]></content>
  <author><![CDATA[肇庆西江明珠]]></author>
  <time>2018-10-07 00:19:42</time>
  <account><![CDATA[v007_net]]></account>
</data>
