<data>
  <id><![CDATA[50545687]]></id>
  <url><![CDATA[https://mp.weixin.qq.com/s?timestamp=1539596538&src=3&ver=1&signature=Egrj350GoKY8-KUcIJshb-EJzn*AAgn3v33oByaNycuJlqJoPjaGifdbL*CiabE1sRoDTyY4JwbscNW993wEtH7BEAcqaeGvbK4943Qz1mkzkmF5BNtfOXzw4dOAUEhL7pfgOEly-KmCoeNvNoenk-ooV8kEezFMpbXNEqYERUQ=]]></url>
  <title><![CDATA[肇庆近百人想擅自组队横渡西江，其中有2人体力不支……]]></title>
  <content><![CDATA[国庆长假，阳光明媚，野泳成了不少游泳爱好者的结伴游玩之选，但潜在的危险不容忽视。据肇庆海事局通报，国庆期间肇庆港口海事处通过现场巡查和CCTV监控，成功制止3起横渡西江的野泳行为。10月1日约17时，执法人员发现在肇庆阅江楼对开水域有多名人员游泳，执法人员立即乘快艇前去处理并通报给公安部门，同时通过VHF发布信息，提醒过往船舶加强了望，谨慎驾驶。现场发现约20人参与横渡西江活动，其中有2人体力不支正在水面漂浮，执法人员将其救助到处海事趸船，进行现场教育后交由公安部门调查处理。10月2日早上约7时30分，港口处接到船员报警，又有群众在阅江大桥上游水域游泳，过往船舶就在其旁边经过，险象环生，执法人员立即赶到现场，及时制止并劝离这起40多人参与的横渡西江行为，并对参加人员进行了严肃批评教育，要求其立即上岸，要珍惜生命。10月5日15点30分，执法人员通过CCTV再次发现有人在丽晶渡口对开水域游泳，立即派出执法人员赶往处理，在现场发现尚有十多人还未下水，执法人员立即对他们进行现场教育和劝离。在西江野泳的行为其实存在多方面的危险具体有以下几方面▽▽▽肉眼判断水况存在一定难度，有些水域看似平静，其实暗藏暗流、漩涡、深坑等危险；水面温度较高但水下温度骤降，极易导致抽筋引发事故；水域宽阔，体力不支者无法及时上岸，只能随波漂流；在主航道游泳严重碍航，影响船舶安全航行，如船舶无及时发现极易引发事故。切记野泳十分危险由于没有向相关部门报告一旦出现意外情况无法及时得到救援来源 :广州日报、端州最前线1.一女子坐顺风车怀疑 “被下药”！最后发现司机竟然系...2.小小肇庆又被国家盯上了，速来围观！3.投资失败欠下巨额债务，无力偿还后男子竟自制假币4.突发！肇庆二塔路口发生严重车祸！女子被辗压当场死亡？]]></content>
  <author><![CDATA[肇庆西江明珠]]></author>
  <time>2018-10-11 00:14:06</time>
  <account><![CDATA[v007_net]]></account>
</data>
