<data>
  <id><![CDATA[50545687]]></id>
  <url><![CDATA[https://mp.weixin.qq.com/s?timestamp=1539596538&src=3&ver=1&signature=Egrj350GoKY8-KUcIJshb-EJzn*AAgn3v33oByaNycuJlqJoPjaGifdbL*CiabE1sRoDTyY4JwbscNW993wEtFyH3XtmcKgC0*2Sx7BuQf1Hydc8if0dnHF0IyIpbINV0K-**boWaFbl8U7tlX98vovNoyOFSToPumI9WnrlJcg=]]></url>
  <title><![CDATA[肇庆市端州龙基房地产开发有限公司诚聘英才]]></title>
  <content><![CDATA[你想你的公司招聘信息出现在这里吗？可直接联系：0758-2754002（李小姐）------西江明珠人才网肇庆市端州龙基房地产开发有限公司成立于1993年，主要从事房地产开发、房屋销售、物业管理。属下企业有肇庆市永业建筑工程有限公司、肇庆市荣基物业管理有限公司、鼎湖新龙基房地产有限公司、中山市新龙基集团、江门泰力公司等。公司连年被评为肇庆市“文明优秀单位”、“守信用、重合同企业”“肇庆市诚信单位”、肇庆市创税大户及“肇庆市民营企业十强之一”“肇庆市个体私营五十强企业”等殊荣。联系人：黄小姐/梁小姐电话：2260099、13590961251邮箱：zqdzlongji@163.com地址：肇庆市工农北路34号龙基大楼5楼人力资源部一、平面设计1、大专以上广告或美术类专业，能够独立完成设计，并跟进制作、输出、印刷、现场包装跟进等流程；2、熟练的使用photoshop\lllustrator\corldraw\CAD等设计软件；3、拥有一定的摄影技术及知识；4、具备房地产平面设计工作经验者及会网页设计者优先录取。二、房地产销售人员1、有两年以上房地产销售经验，在原楼盘有优异的销售业绩可考证；2、善于沟通，积极上进，有团队合作精神，能承受工作压力；3、薪酬待遇：底薪＋提成1.车缝班长2.中药养护员3.全职球童4.行政助理]]></content>
  <author><![CDATA[肇庆西江明珠]]></author>
  <time>2018-10-12 01:05:15</time>
  <account><![CDATA[v007_net]]></account>
</data>
