<data>
  <id><![CDATA[50545687]]></id>
  <url><![CDATA[https://mp.weixin.qq.com/s?timestamp=1539596538&src=3&ver=1&signature=Egrj350GoKY8-KUcIJshb-EJzn*AAgn3v33oByaNycuJlqJoPjaGifdbL*CiabE1sRoDTyY4JwbscNW993wEtAxjnG04OVzOalX4ErPoBTsjuxE-wUG2u*KtkAJLhMNBz6mwvMMH105nX9LTTw2m4Y*1f2DK0BiEY4bLfswbOMQ=]]></url>
  <title><![CDATA[恢复“五一”7天假，再增设一个小长假？留言区被挤爆了]]></title>
  <content><![CDATA[国庆假期结束后，也许此时的你已经开始感叹，为何长假总是“不够用”？你的假期够用吗？文化和旅游部官网显示，2018年国庆假期，经测算，全国共接待国内游客7.26亿人次，同比增长9.43%；实现国内旅游收入5990.8亿元，同比增长9.04%。有网友表示，“不知道该高兴还是该伤感，我竟然没成为7亿分一”。据中国新闻网报道，对于不少人来说，想象中的国庆“七天乐”，实际却常常成了“七天忙”。就读于清华大学的秦洋（化名），选择在黄金周和父母同去内蒙古旅游，“探亲、赏景一举两得”。他告诉记者，不是不知道景点人山人海，只因平日很难等到父母都有空闲，所以只能在国庆期间和父母在景点“团聚”。那么，造成国庆长假扎堆结婚、旅游的原因，真的是假期太少吗？公开报道显示，目前中国法定假日和周末休息日总计为115天，占比超31%。这相当于，中国人每年有近1/3的时间在休假。但为何很多人仍感觉假期不够用？北京外国语大学文创产业研究中心旅游研究所所长刘思敏认为，人们之所以感觉“假荒”，是因为现行的休假结构不合理。刘思敏解释称，随着国内经济水平增长，人们精神需求提升，旅游成了很多人的选择。但“风景在远方”，除了国庆、春节两个长假外，其他诸如清明、端午等三天假期，并不足以支撑远游以及长途探亲等较为耗时的安排。契合休假需求，专家建议增设黄金周那么，如何才能完善休假结构呢？中国财政科学研究院应用经济学博士后盘和林建议采用分时休假的办法，即由民众在固定的休假天数中，自己选择休假时间，以实现“错峰出行”。刘思敏则认为，应恢复原来的五一黄金周，并在8月增设“避暑黄金周”。他解释说，无论是带薪休假还是增添小假，都无法真正意义上缓解出行压力。刘思敏表示，人们集中在十月或寒暑期出游，这是消费习惯所决定。且人们回家探亲、办婚礼、甚至领略四季风光都成了刚需，但如今需求却成了“堰塞湖”，无法彻底得到满足。所以才有了今天国庆、春节人满为患的尴尬。故而，刘思敏建议在每个季度都设置黄金周，以此满足大家不同的休假需求。他补充说，其实增设两大黄金周，只需新增5个休假日，其中2天放在原有3天休假基础的五一期间，另3天放在8月、连休周末，这样就能让每个季度都有黄金周。网友热议：这是我见过最靠谱的专家专家的这一建议引发网友热议：“这是我见过最靠谱的专家。”↓↓↓也有网友表示，不苛求过多假期，恢复“五一”七天假期就行↓↓↓网友：其他不敢要求，毕竟现在还是单休。↓↓↓“让人调休就好，避开拥挤”↓↓↓此外，还有网友表示，天天想放假，发工资的时候不要嫌低↓↓↓《民生007》话题讨论：有专家学者认为，现行的休假结构不合理，应该恢复原来的五一黄金周，并在8月增加3天休假日，这样就能让每个季度都有黄金周。对此，你怎么看？你支持增加假期吗？国庆7天假，你过得充实吗？欢迎大家在文末留言，小编会精选出一部分，在明晚的《民生007》中播出！来源：中国青年报（ID：zqbcyol 整理编辑：张力友）综合自文化和旅游部官网、中新网客户端(杨雨奇）、中国新闻网（ID：cns2012 作者：吴涛）、网友留言1.小小肇庆又被国家盯上了，速来围观！2.投资失败欠下巨额债务，无力偿还后男子竟自制假币3.突发！肇庆二塔路口发生严重车祸！女子被辗压当场死亡？4.“骂我可以，不要扣我工资”，一句话刷爆肇庆人朋友圈，无数人泪目…]]></content>
  <author><![CDATA[肇庆西江明珠]]></author>
  <time>2018-10-10 06:28:18</time>
  <account><![CDATA[v007_net]]></account>
</data>
