<data>
  <id><![CDATA[50545687]]></id>
  <url><![CDATA[https://mp.weixin.qq.com/s?timestamp=1539596538&src=3&ver=1&signature=Egrj350GoKY8-KUcIJshb-EJzn*AAgn3v33oByaNycuJlqJoPjaGifdbL*CiabE1sRoDTyY4JwbscNW993wEtH7BEAcqaeGvbK4943Qz1mlT9nXhnIwKdBEGX3-ZWkBxJ6Lwf7x8LdshG8cnta23d7p3uhj4tggzpVUlOiXZEOs=]]></url>
  <title><![CDATA[肇庆市新怡内衣有限公司诚聘英才]]></title>
  <content><![CDATA[你想你的公司招聘信息出现在这里吗？可直接联系：0758-2754002（李小姐）------西江明珠人才网肇庆市新怡内衣有限公司成立于2004年9月，座落于国家级旅游城市——肇庆，位于肇庆市高要西南部324国道旁，交通便利。公司主要承接国内外购料加工的中、高档胸围、内裤、家居、美体等系列产品的生产与服务。公司厂区按照欧式风格设计和园林景区规划，占地面积约6万多平方米，建筑面积4万多平方米，绿化面积2万多平方米，集生产、办公、生活于一体，车间及员工宿舍装有空调，且公司内设有篮球场、网吧、图书室、卡拉OK室、桌球室、户外健身场地等娱乐设施。目前，公司拥有1500多台先进的制衣设备，并拥有力克自动裁床生产线和先进的检验检测设备，年产能近1000多万件。联系人：张小姐、侯小姐、廖生电话：0758-8418322 0758-8418366邮箱：Tracy@shaply.com地址：肇庆市高要区白诸镇工业园一、过程QC要求：1、女性，身体健康，无色盲；2、沟通能力强，吃苦耐劳的工作精神；3、有内衣行业工作经验；4、有内衣生产或打板工作经验优先录用。上班时间:早上8：00--11：40下午13：00--17：20晚上加班时间：18：00---20：30逢周日休息待遇：3000-4000元/月二、内衣 机修员要求：1、男性，年龄24岁以上，高中以上学历；2、熟悉内衣厂所有机械的修理及维护；3、同行业三年以上工作经验。待遇：4000-5000元/月三、车缝班长要求：1、性别不限，学历不限；2、3年以上大型内衣企业车间班长管理的经验；3、熟悉内衣的制作流程；4、对班组管理亲和力好，执行力强，具有较好的团队精神，传播正能量。待遇：5000-6000元/月厂区交通方便，位于304国道边，有多辆客车途经，厂内环境优美，车间配有中央空调，坐班工作，不用上通宵班，轻松达到工资3000以上！！！伙食丰富，早餐品类繁多，价格美丽，每餐两肉一菜一汤，每周有一次免费加餐或者加水果，加汤福利。每月为生日员工办生日餐，生日晚会，每年举办厂庆活动并派发旅游津贴，端午，中秋，冬至节日福利等。工会助学金福利等。1.中药养护员2.全职球童3.行政助理4.电梯维护保养员（高新区)]]></content>
  <author><![CDATA[肇庆西江明珠]]></author>
  <time>2018-10-11 00:14:06</time>
  <account><![CDATA[v007_net]]></account>
</data>
