<data>
  <id><![CDATA[50545687]]></id>
  <url><![CDATA[https://mp.weixin.qq.com/s?timestamp=1539596538&src=3&ver=1&signature=Egrj350GoKY8-KUcIJshb-EJzn*AAgn3v33oByaNycuJlqJoPjaGifdbL*CiabE1sRoDTyY4JwbscNW993wEtDhYqClhCzZwIUdzZdU9MZVMGGw3wV3U7gfy4ZwbHXtmyMwBBI0y49mtA8MYLt*038OGAVJ7MgqkJB-p8YnENEw=]]></url>
  <title><![CDATA[肇庆兆洋汽车销售服务有限公司诚聘英才]]></title>
  <content><![CDATA[你想你的公司招聘信息出现在这里吗？可直接联系：0758-2754002（李小姐）------西江明珠人才网肇庆兆洋汽车销售服务有限公司于2016年4月投资注册成立，是江苏金坛众泰汽车销售服务有限公司旗下大迈车型在肇庆、云浮地区的授权经销商。肇庆兆洋主营销售全品牌汽车、汽车保养与维修的专业营销公司。代理汽车保险，零首付购车、供车利息低至2厘38。联系人：王生电话：18924469575 0758-2229699邮箱：zqkt201611@126.com地址：肇庆市端州区迎宾大道肇庆学院西侧众大利车城一、人事主管任职资格：1、大专以上学历，管理类专员；2、二年以上同岗位工作经验；3、熟悉国家相关法律法规；4、具有较强的人际交往、沟通协调、组织及执行能力。二、汽车维修技工任职资格：1、男性，20-40岁，三年以上汽车维修工作经验；2、具备良好的职业道德及工作态度、责任心强、有创新精神；3、持汽车驾照，能熟练驾驶者优先考虑。岗位职责：1、根据前台和车间主任的分配，认真、仔细的完成维修工作；2、负责在维修过程中对客户车辆采取有效的防护措施；3、负责按委托书项目进行操作，在维修过程所出现的问题及时向管理层汇报；4、对每个维修项目必须自检，合格后转到下个工序，不断提高专业技术，保证维修质量；5、仔细、妥善地使用和保管工具设备及资料。三、客服专员任职资格：1、有一定的客户服务知识和能力，有1年以上汽车行业客服经验优先考虑；2、计算机操作熟练，office办公软件使用熟练；3、要求一定要有“客户为先”的服务精神，一切从帮助客户、满足客户角度出发；4、性格要求沉稳、隐忍，善于倾听，有同理心，乐观、积极，普通话标准、流利，反应灵敏；5、吃苦耐劳，具有良好的服务意识和团队协助精神。四、 行政助理任职资格：1、女性（已婚已育或应届毕业生优先考虑），中专以上学历；2、电脑操作及办公软件操作熟练。五、销售代表任职资格：1、高中或以上学历；2、口齿流利清晰，善于沟通；3、工作认真负责，服从工作安排；4、具备良好的职业道德，责任心强；5、1年以上销售行业工作经验。岗位职责：1、负责公司产品的销售及推广；2、根据公司营销计划，完成部门销售指标；3、开拓新市场，发展新客户；4、管理维护客户关系及客户间的长期战略合作计划。六、汽车销售顾问任职资格：1、初中以上学历，欢迎应届毕业生；2、具备良好的沟通和表达能力；3、具备良好的团队协作精神和客户服务意识。月休4天，上班时间：9:00-18:00七、售后服务顾问任职资格：1、中专或以上学历，汽车类专业，持有驾驶证；2、懂汽车维修知识；3、具有较强的沟通表达能力，服务意识良好。岗位职责：1、负责接待维修车辆并派工维修及跟进维修进度；2、协助客户结算，解答客户关于维修的相关问题。八、配件库管理员任职资格：1、中专或以上学历，汽车或物流类专业；2、熟识各类办公软件操作；3、在汽车4S店任职仓管员或从事过仓管员工作的优先。九、业务经理任职资格：1、中专以上学历，欢迎应届毕业生；2、对销售工作有较高的热情，有销售经验者更佳；3、具备较强的学习能力和沟通能力；4、具备良好的应变能力和抗压能力。岗位职责：1、负责开发新客户，发掘潜在新客户；2、根据公司营销计划，完成部门销售指标；3、维护客户关系，为客户提供专业优质服务，建立良好的长期合作关系。1.平面设计2.车缝班长3.中药养护员4.全职球童]]></content>
  <author><![CDATA[肇庆西江明珠]]></author>
  <time>2018-10-13 05:59:42</time>
  <account><![CDATA[v007_net]]></account>
</data>
