<data>
  <id><![CDATA[50545687]]></id>
  <url><![CDATA[https://mp.weixin.qq.com/s?timestamp=1539596538&src=3&ver=1&signature=Egrj350GoKY8-KUcIJshb-EJzn*AAgn3v33oByaNycuJlqJoPjaGifdbL*CiabE1sRoDTyY4JwbscNW993wEtAxjnG04OVzOalX4ErPoBTvY1vuFW0PRCwLWr9Q7j7D7cX2YWPgO11zpfqMaZlgk2HuB3*81amNSpAZV-jdDJrk=]]></url>
  <title><![CDATA[肇庆和新药业有限公司诚聘英才]]></title>
  <content><![CDATA[你想你的公司招聘信息出现在这里吗？可直接联系：0758-2754002（李小姐）------西江明珠人才网肇庆和新药业有限公司办公室地址位于文化底蕴深厚，岭南气息浓郁肇庆，公司成立以来发展迅速，业务不断发展壮大，我公司主要经营销售：中药饮片、中成药、化学原料药、化学药制剂、抗生素原料药、抗生素制剂、生化药品、医疗器械(凭医疗器械经营企业许可证经营)、保健食品、预包装食品、日用百货、消毒粉剂、消毒器具、化妆品、计生用品。我公司与多家医药厂商和代理商建立了长期稳定的合作关系，品种齐全、价格合理，企业实力雄厚，重信用、守合同、保证产品质量，以多品种经营特色和薄利多销的原则，嬴得了广大客户的信任，公司始终奉行“诚信求实、致力服务、唯求满意"的企业宗旨，全力跟随客户需求，不断进行产品创新和服务改进。联系人：周经理电话：0758-2853810、13802851531邮箱：hexin@163.com地址：肇庆市端州区4区云桂路西侧（鸿信科技园内第5卡）中药养护员1人工作内容：主要负责公司所有药品的日常养护工作；积极完成上级下达的工作任务。岗位要求：1、中药学专业中专以上学历或者具有中药学中级以上专业技术职称；2、 熟悉基本电脑操作；待遇：1、周末双休，法定节假日休息，包食一餐，购买社保，待遇：3000~4000元；2、工作时间：上午9：00至12：00，下午14：00至17：30分；工作地点：端州区睦岗镇联系电话13802851531联系人：周先生1.全职球童2.行政助理3.电梯维护保养员（高新区)4.房屋安全鉴定技术员]]></content>
  <author><![CDATA[肇庆西江明珠]]></author>
  <time>2018-10-10 06:28:18</time>
  <account><![CDATA[v007_net]]></account>
</data>
