<data>
  <id><![CDATA[50545687]]></id>
  <url><![CDATA[https://mp.weixin.qq.com/s?timestamp=1539596538&src=3&ver=1&signature=Egrj350GoKY8-KUcIJshb-EJzn*AAgn3v33oByaNycuJlqJoPjaGifdbL*CiabE1sRoDTyY4JwbscNW993wEtDhYqClhCzZwIUdzZdU9MZWQLhdIa50U6PCentV1ikwu4X3du7g0bSfBRCLjy8mLIaKlznY1t-odNtUZMuTLQT8=]]></url>
  <title><![CDATA[广东风华肇庆先华新型敏感元件分公司诚聘英才]]></title>
  <content><![CDATA[你想你的公司招聘信息出现在这里吗？可直接联系：0758-2754002（李小姐）------西江明珠人才网广东风华高新科技股份有限公司是一家从事新型电子元器件、电子材料、电子专用设备、信息装备、软件与系统集成等信息基础产品科研、生产与出口的外向型、高科技大企业集团，是全国512强企业，广东省83家大型企业集团之一，是国家通迅产品国产化配套元器件定点企业及全国36家博士后工作试点企业，及国家863计划产业化基地。联系人：赵小姐电话：0758-6923017邮箱：502460166@qq.com地址：肇庆市风华路18号一、培训专员/助理/培训师人力资源、行政管理二、质检员有工作经验三、机械/设备维护专员有经验者优先录取。1.平面设计2.车缝班长3.中药养护员4.全职球童]]></content>
  <author><![CDATA[肇庆西江明珠]]></author>
  <time>2018-10-13 05:59:42</time>
  <account><![CDATA[v007_net]]></account>
</data>
