<data>
  <id><![CDATA[50545687]]></id>
  <url><![CDATA[https://mp.weixin.qq.com/s?timestamp=1539596538&src=3&ver=1&signature=Egrj350GoKY8-KUcIJshb-EJzn*AAgn3v33oByaNycuJlqJoPjaGifdbL*CiabE1sRoDTyY4JwbscNW993wEtNjM8IyzJ95IaiTvmb*ux3-1jiO0XEpabK2HGnuYWTDhwpEWY9DQNegVbl1HXDh7NgvKgBBgwdj*2pGmTDGfNuA=]]></url>
  <title><![CDATA[火热的假期结束了，一股冷空气来帮你下下火]]></title>
  <content><![CDATA[今天上班，大家都还沉浸在放假的喜悦中实在是不忍心打击大家但是这些消息迟早是要知道的！那就……过完国庆2018年再也没有假期了一定要好好珍惜这几天因为这是2018年最后一个法定节假日了之后就要连上3个月的班才能熬到明年元旦！大家可以彻底收心了！说了坏消息当然要用个好消息来哄哄大家啦↓↓↓根据广东天气的消息从10月9日开始又一股来头不小的冷空气在蒙古高原集结试图南下横扫我国受10.9冷空气和南支槽共同影响南方会有一次明显的降温和湿凉天气届时福州、南宁甚至广州北部都可能达到秋天临界点我国大部秋意渐浓也就是说广东可能迎来一波降雨降温进入体感上的“秋天”简单来说那就是降温啦肇庆街坊们长袖长裤可以先拿出来晒一晒啦~我们来看看肇庆未来几天的天气具体天气预报如下7-8日，晴天间多云，各地最低气温19-21℃，最高气温20℃-31℃。小编提醒大家这几天天气晴朗干燥大家记得多喝水适时增添衣物可千万别感冒了哟！...............................................................来源：中央气象局、广东天气、肇庆天气、东莞阳光网、百川网]]></content>
  <author><![CDATA[肇庆西江明珠]]></author>
  <time>2018-10-08 00:30:13</time>
  <account><![CDATA[v007_net]]></account>
</data>
