<data>
  <id><![CDATA[50545687]]></id>
  <url><![CDATA[https://mp.weixin.qq.com/s?timestamp=1539596538&src=3&ver=1&signature=Egrj350GoKY8-KUcIJshb-EJzn*AAgn3v33oByaNycuJlqJoPjaGifdbL*CiabE1sRoDTyY4JwbscNW993wEtKqJFxFxVLqBjW92F8B1EueUiJ79S56yhDhGj5MbNVU*mq0gciVM2AmaeFTYK2Mlr2dAWHM7WRBcUoyleZ4bS0w=]]></url>
  <title><![CDATA[违法15次被退婚！肇庆未婚青年，你们怕吗？]]></title>
  <content><![CDATA[结婚乃人之大事但想走到最后是很艰难的有因为没买房子分手的有因为没买车分手的也有因为不努力分手的今天这个很奇葩因为违章分手了有网友在论坛上发帖称自己因为违章被女友退婚《因为违章被女友退婚，微信被拉黑……这波操作……我该挽回吗？ 》△帖子截图楼主自述——先简单说一下吧，前几天我女朋友拿我手机玩，然后用app查了下我的违章记录，发现我今年违章了15次。我本来以为没什么，结果我女朋友就因为这事儿要跟我退婚了……说违章的男人不能嫁？？？我哄她哄了很久，嗯……最后她把我拉黑了。开车嘛，违章是常有的事儿，谁能保证这辈子都不违章？我就这么跟她说的，开车违章很正常，身边开车的谁没违过章啊，我以后注意就好了。我的天，结果我女朋友跟我说什么几十年前她爸的朋友好像是因为违章出了车祸，现在人还坐着轮椅，然后她爸从那个时候开始开车就特别谨慎，到现在十几年了没有违过一次章。兄弟们，十几年啊！我感觉她爸简直不是人啊，是神啊！本来家里婚礼什么都筹备好了，酒席也都订了，这个节骨眼儿上她跟我说退婚？我家里现在已经闹翻天了……你们说我现在怎么办？都快进门的媳妇儿不会因为违章凉了吧……我还要去挽回吗……同时该男子在帖子里发出了两人的聊天记录▼在帖子中该网友也放出了一张有自己部分违章信息记录的截图。▼从截图中可以看到截至到今年9月份男子驾驶的车辆因“违反禁止标线指示”“违反规定停放、临时停车”等原因共违章15次，罚款1250元，扣分30分……这节奏，两本驾照都不够扣啊面对楼主的求助此贴引来了网友的唇枪舌剑频繁违章到底还要不要嫁？支持方：@盖比茨：今年10个月违章15次？扣了30分？真以为是小事？一年30分小事？骂马路杀手的时候怎么没说是小事？@再見至尊寶 ：兄弟，违章嘛，就像你说的，难免的，但是你这难免的也太多了点。@哈瞪噔：开车嘛，违章是常有的事。哈哈哈，所以一年15起违章觉得很正常？言语里还一口一个很正常。再看看你的那些违章，乱停车的，各种匝口违反禁令标志的。这波我支持女主。没有一丁点反思意思的人，早点远离lz比较安全。@黑桐miracle: 如果就是违停或者违章调头这种 三四次也算可以接受 一年能违章十几次就不单是违章的问题 对规则精神的蔑视可以反应一个人做事方式生活状态存在问题@天外飞仙再现人间:十多次了？！你这人没遵守法规意识，女友是觉得你没有给她安全感。你个傻瓜！@sd2750078：我本来看聊天内容，以为只是无意的违章，还在想此女是小题大做。拉下去一看，扣了30分？！你这已经不是违章的问题了，是对国家法律的不尊重，可以延伸到你个人对秩序，规则的漠视，这对婚后几十年的生活，是显而易见不安定，我认为姑娘做得完全正确。反对方：@勇王志前：违章确实太多了，就事论事，这只能看出楼主驾车素质或者交通规则意识太差。但是跟结婚都能扯上关系这就有点不讲道理了。@特雷西MX：这也太夸张了，只是普通的违章又不是多严重，在上海这种地方再熟练的老司机也难避免@老夫好热：打球嘛，磕磕碰碰正常的@一生一世那个人 ：感觉女生只是找了个理由和借口和你分手而已，就像你打球大帽领导，第二天左脚先进办公室，如何被炒一个道理！其实就是女生不爱你，不想和你结婚而已！@败者成王：违章属于大是大非……这个帽子太大了。@井底瘦青蛙：感情不够其他理由来凑。@茄子打卤面：想分手拉屎拉的慢都是理由。10日上午发帖网友表示看过了这么多评论回复之后自己认识到了错误现在正在极力挽回女朋友中并且保证以后不会再违章了……▼车品见人品你同意吗？来源：广东交通直播、肇庆交警发布1.车管所通知：明年起，你的驾照再也不是以前的驾照了！2.套路又来了，这些路段停车要交费了！3.一女子坐顺风车怀疑 “被下药”！最后发现司机竟然系...4.小小肇庆又被国家盯上了，速来围观！]]></content>
  <author><![CDATA[肇庆西江明珠]]></author>
  <time>2018-10-14 00:54:24</time>
  <account><![CDATA[v007_net]]></account>
</data>
