<data>
  <id><![CDATA[50545687]]></id>
  <url><![CDATA[https://mp.weixin.qq.com/s?timestamp=1539596538&src=3&ver=1&signature=Egrj350GoKY8-KUcIJshb-EJzn*AAgn3v33oByaNycuJlqJoPjaGifdbL*CiabE1sRoDTyY4JwbscNW993wEtH7BEAcqaeGvbK4943Qz1mmduhs19LIBpoQRWBkM*LSrZMFSqSfGHzCDZZRBcjixFybromxOIi2NzPO1scnfEP4=]]></url>
  <title><![CDATA[痛心！监控拍下残忍一幕，让所有肇庆人崩溃！端州鼎湖都传疯了！]]></title>
  <content><![CDATA[10月9日，有街坊报料说：昨天早上9点47分左右，位于肇庆市广宁县宾亨镇罗青山附近的一家士多店门口发生了偷狗事件。据报料街坊透露：这次一共被偷了两只狗狗，没想到查看监控发现偷狗贼作案如此的疯狂。从以下的视频可以看到：一台面包车停在了门口，两名黑衣男子下车直接用工具剪开了狗链，一人拉扯一只狗狗上了车，一人去剪开另外一只狗狗的狗链，最后两只狗狗被拉上了车。这两个偷狗贼分工特别明确，偷狗速度也非常快，估计只是用了十秒左右的时间。事后也报警了，希望尽快能抓到如此疯狂作案的偷狗贼。以下为监控视频：狗是人类的忠实朋友不仅能够看家而且还会在危难时刻救助主人狗狗被偷，是一件很让人愤怒的事情大家一定要看好家中的狗狗别再被那些没爱心的人偷走了来源：广宁在线、肇庆街、肇庆街坊1.一女子坐顺风车怀疑 “被下药”！最后发现司机竟然系...2.小小肇庆又被国家盯上了，速来围观！3.投资失败欠下巨额债务，无力偿还后男子竟自制假币4.突发！肇庆二塔路口发生严重车祸！女子被辗压当场死亡？]]></content>
  <author><![CDATA[肇庆西江明珠]]></author>
  <time>2018-10-11 00:14:06</time>
  <account><![CDATA[v007_net]]></account>
</data>
