<data>
  <id><![CDATA[50545687]]></id>
  <url><![CDATA[https://mp.weixin.qq.com/s?timestamp=1539596538&src=3&ver=1&signature=Egrj350GoKY8-KUcIJshb-EJzn*AAgn3v33oByaNycuJlqJoPjaGifdbL*CiabE1sRoDTyY4JwbscNW993wEtDhYqClhCzZwIUdzZdU9MZU3V36OdNrJJWJTCSlAQb23KeYlWoSShzzaURWuc60OqmSXC774jCOvhX74DeASUqc=]]></url>
  <title><![CDATA[广东骤降10℃！还有两波冷空气要来！肇庆人挺住...]]></title>
  <content><![CDATA[昨天只是感到阵阵凉风，今天会发现冷空气是真的到货了小编只问一件事：长袖穿起来了没有？！黄国宏摄一夜入秋说的就是肇庆了小编只想说......而且这种天气真的好尴尬啊！起床就要纠结怎么穿衣服早上毛衣长裤，中午短袖背心，晚上棉袄秋裤的freestyle穿衣模式了~果然又到这种互相看对方是傻子的日子了当然也有人穿成看不出什么季节大概把春夏秋冬都穿上吧其实最标准入秋的装扮应该是一件卫衣虽然这波冷空气并没有带我们进入秋天但却让我们实实在在体验了一把“秋凉”广东多地速降10℃！10℃！这股冷空气南下的速度非常迅捷仅用两天时间就完成南下的任务并于今天顺利抵达广东10月10日下午冷锋示意图昨天下午受中等偏弱冷空气影响珠三角南部市县和粤西下起局部大雨整个广东省温度都在降不少地区速降10℃受冷空气的影响肇庆最低气温在19℃左右日平均温度下降2℃到4℃所以还是挺舒适的天气啦虽然肇庆的气温没有大幅度下降但是有雨雨雨雨雨啊！据@中国气象爱好者台风“提特里”即将登陆印度它拉深了南支槽给西南地区带去丰沛水汽和降后面雨带还要向东去广西、广东和福建北印度洋气旋性风暴提特里和我国南方雨带合影更悲催的是除了这一轮冷空气外10月份还将有两波冷空气影响广东分别出现在18日至20日和26日至28日▼冷空气接二连三等享受完这波冷空气就可以感受下一波冷空气啦期间肇庆的最低气温将跌回18℃最高气温26℃寒露过后冷空气首秀有网友问是不是要入秋了？然而事实上并没有！专家：广东预计11月初才入秋目前全国大部分地区已经入秋只留下广东、福建和广西几个哥们一脸懵逼嘿嘿嘿，按照往年惯例（你懂的）入秋不经历几次失败怎么能随随便便成功？常年寒露期间，粤北将渐渐完成由夏入秋的转变，像韶关常年10月16日将开启长达77天的秋季。而中部的广州和南端的徐闻要入秋，还得再等等。连续五天日平均气温低于22.0℃即可视为入秋虽然入秋还没那么快但是怕冷的广东人感觉都入冬了更扎心的是秋天是一个花钱的季节其次广东的秋天很干燥容易“脸干、唇干、皮肤干”面膜，润唇膏，保湿护肤品都要换起来啦虽然这波冷空气不算强但是也把我们重新“吹”回最低19℃的“假冬天”~加上下雨体感温度会比较低大家还是要多喝点热水啊~最后提醒大家一早出门的时候记得带一件薄外套哦~不要感冒了！来源：吃喝玩乐IN肇庆1.车管所通知：明年起，你的驾照再也不是以前的驾照了！2.套路又来了，这些路段停车要交费了！3.一女子坐顺风车怀疑 “被下药”！最后发现司机竟然系...4.小小肇庆又被国家盯上了，速来围观！]]></content>
  <author><![CDATA[肇庆西江明珠]]></author>
  <time>2018-10-13 05:59:42</time>
  <account><![CDATA[v007_net]]></account>
</data>
