<data>
  <id><![CDATA[50545687]]></id>
  <url><![CDATA[https://mp.weixin.qq.com/s?timestamp=1539596538&src=3&ver=1&signature=Egrj350GoKY8-KUcIJshb-EJzn*AAgn3v33oByaNycuJlqJoPjaGifdbL*CiabE1sRoDTyY4JwbscNW993wEtAxjnG04OVzOalX4ErPoBTtxuPJY84e7CstHTz9sD7kO-gpYxtvT15ockrVLuQ44lQIGZTDicxPad50-D8kKhlE=]]></url>
  <title><![CDATA[卓言广告有限公司诚聘英才]]></title>
  <content><![CDATA[你想你的公司招聘信息出现在这里吗？可直接联系：0758-2754002（李小姐）------西江明珠人才网“自己”，是最大的对手，超越自己，更新自己，最为不易。但一旦超越自己，就能在实践中证明自己新的价值，使人人均成为有用的人才。尤其在卓言广告公司，更需要根据市场挑战，“超越自己”。人才总是希望有一片施展才能空间的，但空间不可能轻易得到，这就需要你去开拓。也就是说，人才是由实践中成长出来的，你有多大才能，就会有多大舞台与机会。联系人：何小姐电话：0758-2323166邮箱：709776429@qq.com地址：肇庆市端州区星湖西路出头村1号一、业务员岗位职责：1.熟悉市场状况，对本地区行业状况、竞争对手、消费者进行调研，为后续业务的开展提供依据。2.跟商家洽谈业务，向外拓展新客源。3.及时解决商家的问题。4.控制商家出现的非异情况。5.定期回访商家、维护商家。任职资格：1.男女不限，有相关工作经验有优先，熟悉广告行业优先。2.热情积极、细心、胆大、脸皮厚、吃苦耐劳，有团队合作精神，善于和人交流和沟通有服务意识。3.有一定的抗压能力，有上进心，团队合作精神，不限工作经验，服从公司安排。工作时间：1.单休,国家规定节假日休息。2.包午餐，外出餐补，交通补贴。二、前台文员要求：1.有独立的广告策划、操作和执行经验。2.熟悉办公软件和PPT操作。3.负责公司广告策划、策略分析、方案拟定、提案制作。4.宣传物料方案、活动方案等的撰写。5.负责公司前台接待工作，协助主管领导完成策划项目。6.善于沟通、并具备良好的团队合作意识。1.全职球童2.行政助理3.电梯维护保养员（高新区)4.房屋安全鉴定技术员]]></content>
  <author><![CDATA[肇庆西江明珠]]></author>
  <time>2018-10-10 06:28:18</time>
  <account><![CDATA[v007_net]]></account>
</data>
