<data>
  <id><![CDATA[50545687]]></id>
  <url><![CDATA[https://mp.weixin.qq.com/s?timestamp=1539596538&src=3&ver=1&signature=Egrj350GoKY8-KUcIJshb-EJzn*AAgn3v33oByaNycuJlqJoPjaGifdbL*CiabE1sRoDTyY4JwbscNW993wEtH7BEAcqaeGvbK4943Qz1mnz2ADADhIQdxutooOJVka3*Mu98WcFQ*0eQTAvHivyKiZby4ojr6dll2d8E3qx5pw=]]></url>
  <title><![CDATA[广东众创检测有限公司诚聘英才诚聘英才]]></title>
  <content><![CDATA[你想你的公司招聘信息出现在这里吗？可直接联系：0758-2754002（李小姐）------西江明珠人才网广东广东众创检测有限公司（以下简称“众创检测”）是一家专业致力于检测技术的公司，秉承“公正、科学、诚信、严谨”的原则，以“专业的技术、规范的管理、踏实的态度、优质的服务”为企业精神，致力于为客户提供优质、高效、专业、周到的技术服务；通过专业、客观、准确的数据和有效的评价及科学的建议，为客户及相关行政部门提供可信可靠的检测于评价技术服务，帮助客户防范及减少风险。众创检测具有独立法人资格，注册资本1000万元，固定资产450万元，现有实验室及办公场所面积约848.97平方米，办公场所和实验室有效分离，内部分区合理，设施与环境条件满足办公及检测工作需要。众创检测于2017年12月获得广东省实验室资质认定计量认证证书，认证项目为180项，2018年7月又进行了计量认证扩项，目前CMA认证项目共297项。众创检测现已配备原子吸收分光光度计、气相色谱仪、紫外可见分光光度计、原子荧光光谱仪、全自动烟尘气测试仪等多台进口实验设备，各类实验室检测仪器设备及现场采样检测一起设备共约181台（套），仪器设备定期检定/校准，功能正常，能满足开展各种类型的检测技术服务需求。众创检测依据《检验检测机构资质认定评审准则》《环境检测质量管理规定》等有关法律法规要求，结合自身实际，建立了质量管理体系和质量监督、质量控制机制，质量管理体系有效运行和持续改进，确保了检测、评价工作客观、公正、科学、准确。众创检测目前是广东省认证认可协会、广东计量协会的会员单位。简历投递邮箱：MCTC_K@126.com联系电话：0758-8533446张小姐联系地址：广东省肇庆市高要区金利镇金利大道（近金龙大道）一、实验室分析员  3人岗位要求：a.化学、生物、环境等相关专业毕业，大专及以上学历；b.有半年以上相关检测工作经验优先，优秀应届毕业生亦可；c.要求工作认真，有责任心、上进心，善于学习，有较强的适应能力；d.有较好的团队协作精神，心态稳定，工作积极主动，有责任心，做事细致。岗位职责：a.在科室负责人的带领下，在规定时效内完成基础实验操作、数据处理以及原始记录填写；b.样品分析过程中做好质量控制，能够对所出具的数据进行溯源，发现异常情况应及时向上级汇报；c.对实验室区域进行5S管理，做好仪器的日常维护与保养；d.根据实验室质量管理体系的文件规定，积极配合上级领导和质管部完成相应的工作；e.完成公司上级交予的其他工作。薪资待遇：1、本公司实行单/双休（大小周）八小时工作制，法定假期休息；2、月薪3~5k，能力强者可达7~8k，具体视能力、经验而定；3、公司提供宽广的发展空间及各类专业培训，提供管理与技术双晋升通道，因才施策；4、包食宿，公司与宿舍只需步行3分钟。5、公司为正式员工购买社保、商业意外险；6、其他福利、补贴：带薪年休假、免费旅游及其他各类工会活动，定期发放劳保用品，主要节假日发放各类礼品及补贴，同时提供其他相应福利。二、采样技术员  5人岗位要求：a、环境工程、环境检测等相关专业，大专及以上学历；b、熟练样品采集（如大气、水质、烟尘、土壤、噪声等），熟练操作采样仪器优先考虑；c、有环保局、环境监测站或检测行业环境采样工作经验优先考虑，有强烈的在环境检测行业发展愿望的中专及以上应届毕业生也可；d、能吃苦耐劳，能够适应外出采样和出差工作；e、有较好的沟通表达能力；f、有驾驶证并熟练驾驶优先考虑。岗位职责：a、根据采样任务单编制采样方案；b、采样前工作的准备、试剂配制；c、采样现场情况的了解与沟通；d、样品采集任务与原始记录编写；e、采样仪器的日常维护与保养；f、完成上级交办的其他工作。薪资待遇：1、本公司实行单/双休（大小周）八小时工作制，法定假期休息；2、月薪3~5k，具体视能力、经验而定；3、公司提供宽广的发展空间及各类专业培训，提供管理与技术双晋升通道，因才施策；4、包食宿，公司与宿舍只需步行3分钟。5、公司为正式员工购买社保、商业意外险；6、其他福利、补贴：带薪年休假、免费旅游及其他各类工会活动，有高温补贴，定期发放劳保用品，主要节假日发放各类礼品及补贴，同时提供其他相应福利。三、采样组长  2人岗位要求：a、大专及以上学历，环境工程、环境检测等相关专业；b、熟练样品采集（如大气、水质、烟尘、土壤、噪声等），熟练操作采样仪器；c、有环保局、环境监测站或检测行业环境采样三年及以上工作经验；d、能吃苦耐劳，能够适应外出采样和出差工作，无恐高、高血压等；e、有较好的沟通表达能力；f、有驾驶证并熟练驾驶优先考虑。岗位职责：a、按照采样规范完成日常采样任务；b、统筹协调安排采样组成员的采样工作；c、负责对采样仪器进行日常维护；d、定期对采样技术员进行培训指导；e、采样技术支持，处理现场突发情况；f、完成上级交办的其他工作。薪资待遇：1、本公司实行单/双休（大小周）八小时工作制，法定假期休息；2、薪资面议，视能力、经验而定；3、公司提供宽广的发展空间及各类专业培训，提供管理与技术双晋升通道，因才施策；4、包食宿，公司与宿舍只需步行3分钟。5、公司为正式员工购买社保、商业意外险；6、其他福利、补贴：带薪年休假、免费旅游及其他各类工会活动，有高温补贴，定期发放劳保用品，主要节假日发放各类礼品及补贴，同时提供其他相应福利。四、环境监测业务员  3人任职要求：a、具备环保销售经验和环保行业业务开拓能力，有环境类检测项目客户资源或政府资源者优先。b、熟悉环保法与环境质量评价标准，有水、气、土或第三方检测机构业务经验优先。岗位职责：开拓业务，获取环保部门、环评机构、企业、学校及个人环境监测需求信息，开拓市场，定期拜访相关或潜在客户，与客户维持良好的关系。薪资待遇：基本工资：2000元/月，油费路费补贴、提成面议，自备交通工具。1.中药养护员2.全职球童3.行政助理4.电梯维护保养员（高新区)]]></content>
  <author><![CDATA[肇庆西江明珠]]></author>
  <time>2018-10-11 00:14:06</time>
  <account><![CDATA[v007_net]]></account>
</data>
