<data>
  <id><![CDATA[50545687]]></id>
  <url><![CDATA[https://mp.weixin.qq.com/s?timestamp=1539596538&src=3&ver=1&signature=Egrj350GoKY8-KUcIJshb-EJzn*AAgn3v33oByaNycuJlqJoPjaGifdbL*CiabE1sRoDTyY4JwbscNW993wEtChcgFdmf70fsJ3sr5VFe3CkBgQ-YE4LmftPef8TuFcbNVkTumU9ury*VdzK8tRPohS1aYAQw5j8tvIM7791koo=]]></url>
  <title><![CDATA[逆袭！肇庆大爆发，机场+高铁+城轨全覆盖，全国都羡慕....]]></title>
  <content><![CDATA[最近小编收到一条关于肇庆交通大爆炸的新消息也正是肇庆街坊们关心的珠三角新干线机场终于有新消息啦未来肇庆出行就会更加方便了有地铁、火车、高铁、城轨、飞机等转身就可以去到别的城市吃饭了想想就很激动那么就跟踪小编一起先目睹肇庆的美好未来吧往下看，你会发现更多惊喜珠三角新干线机场位置确定一直以来，珠三角新干线机场的选址备受关注。这次，规划文件明确，在更合镇新圩片区预留机场发展用地，并标明了机场形态及接驳线路。近日，高明区政府网对《高明区分区规划（2014-2020）》进行公示。从规划图来看，机场核心区域正是天湖、渡水和凤岗三条村庄及其外围，而机场跑道则呈西北-东南向设置。肇庆未来将打造“两轴两带、一主两副多节点”的城市城镇空间结构，未来空港新区将是肇庆新中心，也是肇庆“东融”政策的战略高地（临广佛片区，是肇庆最靠近佛山的区域）机场选址地址位于广东省佛山市高明区更合镇新圩社区与肇庆市高要区蛟塘镇交界，主要服务珠三角中西部及周边地区。打造航空枢纽，实现高铁+城轨+地铁齐聚而目前“一条城轨、两条高铁、七条高速、一条黄金水道”，已经构筑起了肇庆四通八达的便捷交通网络。文件显示，未来肇庆将在机场南部，打造集高铁、城轨、地铁于一体的航空超级枢纽。预留广湛高铁和江肇铁路线位，预留轨道机场站，完善肇顺南城际、地铁2号线延伸线与高明机场间的公共交通联系。珠三角新干线机场总投资350亿元，将建设2条远距跑道，飞行区等级4F，和白云机场、北京首都机场以及香港机场等同级，以开通国际航线的规格来布局建设。以后街坊们坐飞机就更加方便快捷了，因为肇庆与佛山之间将新建多条高速公路快速连接新机场。以后通往新机场的路线该怎么走，相信各位街坊都非常好奇，下面和大家说要一下几条路线。▼▼▼▼机场高速路网雏形初现高明区交通部门透露，按照目前的方案，未来佛山至肇庆高速以及肇明高速建好后，将形成围绕珠三角干线机场的高速网络。东有江肇高速，南有广明高速，西有肇明高速，北有佛肇高速。其中，广明高速与佛肇高速将计划直接与珠三角干线机场实现一线牵手。高明、三水等区交通部门表示，珠三角新干线机场建成后，广佛核心区的车流将主要通过广明高速对接珠三角新干线机场。而广州番禺可直接通过广明高速一路通达新干线机场。按照目前的方案，肇明高速不直接经过珠三角干线机场，但与高明区广明高速对接，而佛肇高速的推荐方案会经珠三角干线机场但不经过高明区域。这意味着佛肇高速和广明高速一样，都计划直接与珠三角干线机场实现一线牵手。肇庆与佛山开展路网规划目前，佛山高明区以及相邻的周边城市境内，还没有形成以珠三角新干线机场为中心的高速路网格局。为此，从去年开始，佛山、肇庆两市纷纷提出了多条新规划的高速项目。其中，肇庆启用了佛山至肇庆高速公路项目的工程可行性研究。佛山至肇庆高速公路项目建设里程约62公里，设计时速100公里/小时，拟按高速公路标准建设，总投资约140亿元。起点位于肇庆高要区莲塘，与规划建设的肇庆至高明高速连接。经高要白土、回龙，与珠三角外环高速互通，经金利，跨西江，经佛山三水白坭，与西二环高速相交，再往东接到佛山一环。以后的出行越来越方便了，想去哪里就去哪里，早上在肇庆喝茶，晚上在重庆吃火锅。街坊们期待吗？来源：广东省人民政府、佛山发布、佛山市高区政府网、广州日报、肇庆广电传媒、肇庆发布、 肇庆市交通运输局、肇房网、端州最前线、百度百科等1.突发！肇庆二塔路口发生严重车祸！女子被辗压当场死亡？2.“骂我可以，不要扣我工资”，一句话刷爆肇庆人朋友圈，无数人泪目…3.肇庆各大微信群疯传女子公交车上被暴力猥亵，大声哭叫无人劝阻? 警方通告来了4.17级！超强台风“潭美”连跳三级威力逼近山竹，国庆长假这些地方不要去！]]></content>
  <author><![CDATA[肇庆西江明珠]]></author>
  <time>2018-10-07 00:19:42</time>
  <account><![CDATA[v007_net]]></account>
</data>
