<data>
  <id><![CDATA[50545687]]></id>
  <url><![CDATA[https://mp.weixin.qq.com/s?timestamp=1539596538&src=3&ver=1&signature=Egrj350GoKY8-KUcIJshb-EJzn*AAgn3v33oByaNycuJlqJoPjaGifdbL*CiabE1sRoDTyY4JwbscNW993wEtBW09Zd88LhVLz0gS2h*kjvZ8b1eTxYqq*1cxaizFzkE81a7xcdBnmwT**b92nhsUa5xNu5G-xTUkSqc6a5FNDg=]]></url>
  <title><![CDATA[肇庆这里曾有个飞机场、数次拯救美国飞行员！你知道吗？]]></title>
  <content><![CDATA[肇庆曾经也有个飞机场，还数次拯救了美国飞行员，你知道在哪里吗？就在这里——怀集县冷坑镇，这里曾经建有飞机场，你去过吗？图：怀集大怀网怀集是个相对偏远的山区县，而冷坑镇距离怀集县城也有20多公里的路程，飞机场建在那么偏远的地方，难道当时有重大机密？跑道依然平整和宽阔据了解，这个飞机场距离怀集县冷坑镇圩镇约1公里，毗邻该镇前进村。虽然这个飞机场已经停用多年，但是跑道依然平整和宽阔，长约800米、宽约150米。怀集县冷坑镇飞机场旧址上的跑道。跑道的南侧，有几幢用围墙围着的平房，其中有的平房用青砖砌成，从墙体风化和脱落的程度来看，它们的年头不短了。这间已经倒塌的房屋曾经是机场的油库。据机场旁边前进村的八旬长者李世汉介绍这些建筑曾经是飞机场的办公场所。1988年，这个飞机场停用，这些房屋才没有使用。距离飞机场办公室约100米处，有一间已经部分倒塌的房屋，这里曾经是飞机场油库。以前，飞机场的四周围着两米多高的铁丝网。在飞机场办公场所旁边，还有一个指挥和导航塔，但是在飞机场停用后，这个指挥导航塔倒塌了。机场可能始建于抗战时期史料中有一篇回忆抗战的文章，上世纪90年代初期，作者在抗战时期从肇庆入伍，曾经参加过桂南会战等战役。这位肇庆籍的抗战老兵在回忆录中提到，抗战时期，广西空军曾经多次发动空袭，帮助他所在的陆军部队抗击日寇，广西空军的军用机场位于广西柳州、怀集冷坑（当时怀集属广西管辖）。前进村的八旬老者李世汉说他小的时候，他们村庄旁边是有一个飞机场，还有卫兵站岗，日本投降后，这个飞机场就没用了。我们村和附近几个村庄的人将跑道改成了旱地，有的人去世以后，也被葬在废弃的飞机场上。怀集百姓两救美国飞行员虽然肇庆市和怀集县的史料中都没有抗战军用机场的记载，但是抗战时期，有怀集县百姓曾两次营救美国飞行员的故事。“其中一个故事怀集县史料中有所记载。据怀集县原地方志办公室主任林昉介绍，抗战时期，怀集县是陪都重庆的大后方，没有被日寇侵占，“有一年，一架美国军用飞机在怀集县城迫降，3位美国飞行员被怀集的驻军和百姓救起后，被中国士兵护送离开。”另一个营救美国飞行员的故事在怀集县史料中没有记载，但当地许多上了年纪的人都听说过这个故事。前进村委会村干部李伯荣也听父亲讲过这个故事：抗战时期，一架飞机在距离怀集县冷坑圩镇十几公里的山头坠毁，一位美国飞行员虽然成功跳伞，但是还是受伤。冷坑的老百姓把美国飞行员救起来后送走了。但遗憾的是，这两则怀集百姓救助美国飞行员的故事中，都没有说明几位美国飞行员获救后的准确去向。曾停泊民航播种飞机上世纪60年代中期，怀集县冷坑镇前进村村民李世汉发现，成千人的队伍开到前进村旁边的旧飞机场遗址，“他们要求我们村迁走那里的祖坟，说是要建飞机场。”大约1年后，这个飞机场建成，“飞来了几架民航播种飞机。当时，怀集好多人还从来没见过飞机，每天都有人跑到飞机场旁边看飞机。”冷坑镇飞机场投入使用后，开始是部队担任警戒，后来由当地民兵负责守护。这些播种飞机每天起飞以后，飞临怀集、封开等地的山地上空，将树种播撒在山地上，培育了一片又一片山林。1986年，怀集县冷坑镇飞机场的使命暂已告落，机场的飞机最后一次起飞播种时，守护机场的民兵李伯荣登上了飞机，“过了一回坐飞机的瘾，现在想起来，心里还很开心。”鼎湖百姓也曾营救美国“飞虎队员”一九四四年秋，肇庆沦陷后的一天中午，肇庆鼎湖区东出现一架机尾冒黑烟的飞机，直朝鼎湖山庆云寺后三宝峰飞去，不久传来飞机坠毁爆炸的巨响。目睹此景的鼎湖山蕉园村抗日自卫队员梁达中、梁树德等，与几十名村民一道，从飞机标志认定不是日本人。梁达中、梁树德等四人先后赶到坠机周围查看，发现几百米外山间松树上吊着一名飞行员，急忙上前相救。可飞行员手持一航空曲尺手枪，腰挂佩剑，严阵以待。此时，村民梁觉民赶上来，用英语和对方交流，得知对方是美军飞行员，告诉对方，大家是来救他的。飞行员连呼“哈罗”，迅速将佩剑丢下，给树下的人作救援工具。刚把飞行员救下，便有人报告说，山下驻罗隐村的日军出来抓飞行员。情况危急，大家把飞行员背到一大岩石下的洞中藏起来。日军赶到现场搜山，并用机枪扫射。美军飞行员见日军在几十时米外，急忙用手枪瞄准，却被梁觉民等人制止。天渐黑，日军不敢久留，匆忙捡了飞机残骸的几个主要部件下山了。因美军飞行员左脚骨折断，伤势严重，当晚将他由三宝峰抬回老鼎，安置在白云寺，并叫一女交通员连夜从几十里外找一位跌打医生，带回续筋驳骨跌打药给飞行员治疗。美军飞行员对懂英文的梁觉民说，他叫哈克，是个中尉，属美军援华飞虎队陈纳德将军的第十四航空队，现年二十四岁，随身携带一包压缩干粮，四十元中国纸币，并带有一张印着中英文的洋布，上面写着：该员是美国援华人员，执行任务中，不论出现什么事故，军民等都有责任给予人道主义援助及保护……哈克说，这次是以四架单座战斗机掩护两架轰炸机，从广西柳州机场起飞轰炸日军在广东三水的军用仓库，日军出动十几架飞机截击，双方在三水上空发生激烈空战。他所驾战斗机油箱中弹燃烧，情急之下强行往山里飞，直至跳伞。为把哈克从沦陷区转移出去，第二天晚上十点多，梁达中等十多名抗日自卫队员轮流抬着哈克，转给交通站，由交通站，一站一站地往北上转移，每一站都有专人护送，而梁觉民却主动留下当翻译，直到哈克安全抵达当时的后方广东韶关。临别时，哈克对梁觉民说，谢谢！谢谢中国人民，今生今世，让我们的友谊永存！上世纪八十年代初，哈克仍从美国军营将问候通过香港的梁氏家族传到肇庆。来源：羊城晚报、中新社、西江网1.车管所通知：明年起，你的驾照再也不是以前的驾照了！2.套路又来了，这些路段停车要交费了！3.一女子坐顺风车怀疑 “被下药”！最后发现司机竟然系...4.小小肇庆又被国家盯上了，速来围观！]]></content>
  <author><![CDATA[肇庆西江明珠]]></author>
  <time>2018-10-15 04:35:18</time>
  <account><![CDATA[v007_net]]></account>
</data>
