<data>
  <id><![CDATA[50545687]]></id>
  <url><![CDATA[https://mp.weixin.qq.com/s?timestamp=1539596538&src=3&ver=1&signature=Egrj350GoKY8-KUcIJshb-EJzn*AAgn3v33oByaNycuJlqJoPjaGifdbL*CiabE1sRoDTyY4JwbscNW993wEtOZuk2jz-2GvjV4HQoLsVMY6vvxl66PGj4qhWIisMTW7pOQm7j1h3YKfL9aZhDLuwojrnAW9L9OtY4BLjxkvEt0=]]></url>
  <title><![CDATA[广东巨正建设项目管理有限公司诚聘英才]]></title>
  <content><![CDATA[你想你的公司招聘信息出现在这里吗？可直接联系：0758-2754002（李小姐）------西江明珠人才网广东巨正建设项目管理有限公司成立于2002年4月，2011年12月由珠海巨业建设项目管理有限公司更名。公司具有工程监理、造价咨询、招标代理、政府采购代理等资质的有限责任公司，业务范围主要是工程造价咨询、工程咨询、建设项目管理、工程监理、招标代理、法院鉴定、政府采购代理等。在社会各界的大力支持下，在公司职员风雨同舟的努力下，十多年来，公司在湖南韶山、东莞、中山、广州、深圳、海南海口、肇庆设立分支机构。2014年11月肇庆分公司成立，为了适应建设市场的改革发展，与时俱进，不断地进行人才、资产等资源优化重组，以人为本，机制更新，与多家同行强手进行业务合作交流，使公司管理不断走上新的台阶，朝着综合性的管理咨询公司迈进。本着“敬业、高效、和谐”的公司经营宗旨，努力开拓建设市场，承接了大量的市政工程、房建工程、路桥工程等项目的工程监理、造价咨询、可行报告、工程咨询、项目前期工作、后评价工作、政府审计、司法鉴定等业务，公司注重人才引进与培养，更重视复合型人才的使用。主要骨干人员均具备高学历以及多个执业资格证。总公司顾问智囊团队中已经有博士、多名工学硕士等高素质的人才，较大项目均有多年管理经验的专家型人才管理。公司发展过程中，不断地加强优质资产的注入，添置了大量的先进办公、仪器设备，实施了网络化办公。公司拥有多名专业技术人员，95%以上具有大专以上文化程度，专业人员配备齐全，涵盖专业有建筑、结构、机电安装、水利水电、岩土工程、市政道路、桥梁、建筑经济等，能满足各类工程建设需要。本公司在发展的同时，注重社会效益与经济效益的平衡，灾害面前，爱心传承、积极捐助,树立了良好的公司形象。将积极热情的为社会提供更加优良的技术服务，竭力为建设事业的兴旺发展贡献力量。因公司发展须要，向社会招聘各类人才，让我们从这里开始一同实现你的梦想，欢迎您的加入！联系人：吴小姐电话：0758-2572202邮箱：zqgdjz@163.com地址：肇庆市端州三路37号第7幢2楼(即肇庆市公共资源交易中心附近）一、监理员要求：1、大专或以上学历毕业，或工程类应界毕业生；2、有较强的工程现场适应能力，有较强的责任心和团队精神；3、有较强的沟通与协调能力，工作积极主动，执行能力强；4、安全意识强，负责监督项目现场安全施工作业；5、能吃苦耐劳，服从领导安排；6、工作地点：肇庆；待遇：1、薪金面议；2、试用期3个月，月休4天；3、转正后买社保，有话费补贴、交通补贴、高温补贴、享受员工体检、旅游等福利，年终双粮。有意者请投简历或来电咨询二、（急招）文员1名1、大专以上学历，工程类专业毕业者优先；2、有工作经验者优先；3、具有良好的沟通能力，认真细致，接受能力强；4、熟练Office办公软件，简单文书的编制；5、工作地点：端州；待遇：1、月薪面议；2、试用期3个月，月休7天；3、转正后买社保，有话费补贴、交通补贴、高温补贴、享受员工体检、旅游等福利，年终双粮。上班时间：（上午8：30--12：00 ， 下午14：30--17：30）有意者请投简历三、造价工程师要求：1、具有中级职称、注册造价工程师岗位证书；2、有丰富的工程实践经验；3、待遇面谈。有意者请投简历。四、造价员要求：1、本科以上学历，在造价经验者优先录用；2、精通图纸、熟悉定额、计量规则、计价软件及OFFICE办公软件；3、有较强的沟通与协调能力，有较强的责任心和团队精神；7、能吃苦耐劳，服从领导安排；8、工作地点：肇庆；待遇：1、薪金面议；2、试用期3个月，月休7天；3、转正后买社保，有话费补贴、交通补贴、高温补贴、享受员工体检、旅游等福利，年终双粮。上班时间：（上午8：30--12：00 ， 下午14：30--17：30）有意者请投简历或来电咨询。五、监理工程师（急招）要求：1、工程类相关专业毕业，大专及以上学历，有注册监理工程师岗位证；2、有丰富的工程实践经验；3、有较强的组织协调能力；4、工作性质：全职；5、工作地点：肇庆；6、待遇面谈。有意者请投简历或来电。1.电梯维护保养员（高新区)2.房屋安全鉴定技术员3.项目工程师4.产品开发师]]></content>
  <author><![CDATA[肇庆西江明珠]]></author>
  <time>2018-10-06 07:08:33</time>
  <account><![CDATA[v007_net]]></account>
</data>
