<data>
  <id><![CDATA[50545687]]></id>
  <url><![CDATA[https://mp.weixin.qq.com/s?timestamp=1539596538&src=3&ver=1&signature=Egrj350GoKY8-KUcIJshb-EJzn*AAgn3v33oByaNycuJlqJoPjaGifdbL*CiabE1sRoDTyY4JwbscNW993wEtKqJFxFxVLqBjW92F8B1Eue3UZteRTfGt5eiHOgGLmTAMaoZ7AuMLyZWHX6B4p1dheEZQJZdE0LdIb0JDcKpbRw=]]></url>
  <title><![CDATA[“上天入地”！有了这条路，未来肇庆到佛山将快到飞起]]></title>
  <content><![CDATA[8月8日，“东进大道”一、二期工程全面通车，端州区至肇庆新区的路程被进一步缩短至20分钟。这条交通动脉不仅通行顺畅，颜值也非常高！夜幕下的“东进大道”更是宛如流动的星河，在枫湾桥的点缀下流光溢彩。▲枫湾桥在感受了“东进大道”的便利和颜值以后，大家是不是很期待“东进大道”三期也能够早日通车？今天小编就带大家一起看看最新进展~↓↓↓“东进大道”(G321城市化改造）三期项目位于肇庆市境内，路线起点位于三水、四会交界，路线由东向西经过四会市、鼎湖区、肇庆新区，终点位于贵广铁路东侧。与规划东站大道平交，并与肇庆市城市化道路改造二期工程接顺。路线全长22.034km，投资总额为53.07亿元。肇庆段全长9576米。“上天入地”东进大道三期工程庞大，既有遁入地下的隧道，又有跃于半空的高架桥。建成后，将成为肇庆重要的公路交通主干道。↓↓↓全线设桥梁40座（含互通区桥梁）01其中特大桥2座，大桥11座，中小桥19座，天桥8座。马房特大桥（效果图 下同）全长1639.3米大沙特大桥全长1340.6米江肇高速跨线桥全长886.5米南田定向匝道桥全长530.6米富廊高架桥全长501.4米金沙大桥全长465.6米设马房下沉隧道680m/1座02马房隧道全长680米设置涵洞64道03工程还有枢纽互通式立体交叉2处，支线上跨分离式立体交叉1处，定向匝道桥一处，主路与市政道路平面交叉1处，辅路与市政道路平面交叉4处，调头车道4处。工程最新进展项目进展情况截止目前施工产值完成约4.6亿元，占建安费的12%。全线已开工工点18处，其中关键工程工点共计8处，现开工4处。已完成的主要形象进度：路基土石方：101万m³路基软基处理：53万m桥梁桩基441根桥梁墩柱142根现浇箱梁2联隧道完成150延米▲马房特大桥施工现场俯瞰图▲桥梁施工中▲桥梁桩基施工孔口防护▲水中作业平台施工三期建设完工后，将实现肇庆与佛山三水的快速通达，从肇庆去佛山将会更快！让我们一起期待吧~来源：肇庆发布1.车管所通知：明年起，你的驾照再也不是以前的驾照了！2.套路又来了，这些路段停车要交费了！3.一女子坐顺风车怀疑 “被下药”！最后发现司机竟然系...4.小小肇庆又被国家盯上了，速来围观！]]></content>
  <author><![CDATA[肇庆西江明珠]]></author>
  <time>2018-10-14 00:54:24</time>
  <account><![CDATA[v007_net]]></account>
</data>
