<data>
  <id><![CDATA[50545687]]></id>
  <url><![CDATA[https://mp.weixin.qq.com/s?timestamp=1539596538&src=3&ver=1&signature=Egrj350GoKY8-KUcIJshb-EJzn*AAgn3v33oByaNycuJlqJoPjaGifdbL*CiabE1sRoDTyY4JwbscNW993wEtChcgFdmf70fsJ3sr5VFe3CbrBiNn08EzIoQH0adWk0ZIDN2WwfuJ7*9du1tciUF-UMTwFBJ6b4c*VZH8H4CjEs=]]></url>
  <title><![CDATA[肇庆市华丽电器有限公司诚聘英才]]></title>
  <content><![CDATA[你想你的公司招聘信息出现在这里吗？可直接联系：0758-2754002（李小姐）------西江明珠人才网肇庆市华丽电器有限公司专营批发五金电器。联系人：利小姐、林先生电  话：13929875029邮  箱：1621220643@qq.com地  址：广东肇庆端州七路桥西上海城侧一、电脑员要求：1、懂电脑操作；2、有团队合作精神，吃苦耐劳，责任心强，心态良好，有上进心。二、办公设备维护员要求：1、有相关工作经验者优先，技能出众；2、有团队合作精神，吃苦耐劳，责任心强，心态良好，有上进心。三、销售业务员要求：1、有相关工作经验者优先；2、有团队合作精神，吃苦耐劳，责任心强，心态良好，有上进心。1.电梯维护保养员（高新区)2.房屋安全鉴定技术员3.项目工程师4.产品开发师]]></content>
  <author><![CDATA[肇庆西江明珠]]></author>
  <time>2018-10-07 00:19:42</time>
  <account><![CDATA[v007_net]]></account>
</data>
