<data>
  <id><![CDATA[50545687]]></id>
  <url><![CDATA[https://mp.weixin.qq.com/s?timestamp=1539596538&src=3&ver=1&signature=Egrj350GoKY8-KUcIJshb-EJzn*AAgn3v33oByaNycuJlqJoPjaGifdbL*CiabE1sRoDTyY4JwbscNW993wEtBW09Zd88LhVLz0gS2h*kju6iMtcraV19-ocC4ziS4qZyL84wy8yyVIJoBdeyjUum4OrJxctH*ve*gyRMm16f4g=]]></url>
  <title><![CDATA[粗心父母，竟将幼儿和热炭同锁车内……结果车内起火了！]]></title>
  <content><![CDATA[把年幼的孩子独自锁在车内无疑非常危险把烧烤用的热炭放车里也很危险然而，就在刚刚结束的国庆长假浙江省海宁市的一个停车场有人竟做出了这“危险+危险”的可怕事！离开轿车，把年幼孩子独锁车内，车里还留有烧烤过的热炭，结果车内起火，烟雾弥漫孩子被困车内，生命危在旦夕……在这危急时刻，一名游客发现情况不妙后，迅速捡起石头猛砸车窗救人，接着又有两名热心游客二话不说从自己车上拿来灭火器紧急灭火，还有人拎着水桶赶来了……在大家的共同努力下，最终孩子得救了，火也被及时扑灭。永远、永远都不要单独留下孩子很多家长觉得就离开一小会儿，去去就回，孩子就在车内单独呆一小会儿没事。把孩子单独留在车上，都有哪些风险呢？1孩子可能被闷死这种情况多发在夏天：2013年7月，湖北13岁男孩被遗忘车内，两个多小时后被发现时已昏迷，体温40℃以上，最终抢救无效死亡。2014年8月，福建晋江2岁女孩在车后座睡着，等第二天发现时，女孩已经死亡。2015年4月1日，上海一名女童因锁在车里时间过长，导致窒息身亡。2017年6月28日，河北省保定市雄县一3岁幼童被遗落在校车内，9个小时后才被发现，发现时已无生命体征。一项研究发现，当气温达到35℃时，阳光照射15分钟，封闭车厢里的温度就能升至65℃，在这样的环境里待上半小时就有生命危险。2孩子可能被抢（偷）走2013年3月4日，长春一位车主带着两个月大的儿子到自家开的超市，超市没有暖气，车主先到超市里生炉子。为了防止孩子冻着，就把孩子放到了车上，车子没有熄火也没有锁门。前后不到10分钟，车子就被盗了，并发生了孩子被掐死的惨案。2013年7月17日晚上，温州的一位妈妈下车办事，8岁的儿子在车后座睡觉，妈妈把车子停在路边，没有熄火。偷车贼陶某拉开车门，一脚油门，将车开走......3孩子的头可能卡在窗户里2014年10月1号，福建省安溪一位男孩的妈妈出门买菜，把孩子单独留在车里。 孩子头探出车窗，可能手不小心按到了车窗开关按钮，导致脖子被卡住。幸好路人及时报警，孩子才得救。4孩子可能把车开出去2017年2月14号，贵州凯里，一位面包车司机停车忘拔钥匙，导致孩子意外开车，把路边的一位老人卷入车底。5孩子可能自己开门走出来2017年4月4日下午，一段“花鸟鱼市场丢孩子”的视频在微信、微博中被大量转发。视频中一女子急切地呼喊与蹦跳着，原来是孩子父母“心大”，将2岁男童单独留在车内去购物，回来后发现孩子不见了。幸亏后来在附近的茶铺找到了正在“喝茶”的孩子。6其他意料不到的风险你永远不知道，熊孩子脱离你的视线后会做些什么，尤其是在汽车上，随便动了哪一个按钮，碰了哪一个机关，都可能发生意外。何况还可能有点烟器、打火机这样的“凶器”存在。有人把3岁孩子单独留在车上，玩打火机，导致衣物被点燃，烧成重伤的。总之各种你想象得到和想象不到的意外，都有可能在短短的几分钟内发生。说起来我们把孩子留在车上的原因，有时是因为粗心忘记了孩子，更多的时候，却是为了图便利怕麻烦。比如因为无法长时间停车，带着孩子会拖慢速度；比如有的爸爸下车吸烟；比如有人上厕所或买一瓶饮料；比如有的孩子在车上睡着了，妈妈不忍心叫醒。其实无论多详细的安全指南，都比不上父母下车时多一份留心，千万别把孩子一个人留在车里！来源：南湖晚报（ID:nanhuwanbao ）、肇庆消防1.车管所通知：明年起，你的驾照再也不是以前的驾照了！2.套路又来了，这些路段停车要交费了！3.一女子坐顺风车怀疑 “被下药”！最后发现司机竟然系...4.小小肇庆又被国家盯上了，速来围观！..........................................................................................................................................................................................................................................................]]></content>
  <author><![CDATA[肇庆西江明珠]]></author>
  <time>2018-10-15 04:35:18</time>
  <account><![CDATA[v007_net]]></account>
</data>
