<data>
  <id><![CDATA[50545687]]></id>
  <url><![CDATA[https://mp.weixin.qq.com/s?timestamp=1539596538&src=3&ver=1&signature=Egrj350GoKY8-KUcIJshb-EJzn*AAgn3v33oByaNycuJlqJoPjaGifdbL*CiabE1sRoDTyY4JwbscNW993wEtNjM8IyzJ95IaiTvmb*ux39nWKDIfernQ-LtliAuVZ8aqpFIRf20kOZKrh*sOLHNnJQYirqZmaS7jhDVQmCXAHo=]]></url>
  <title><![CDATA[广东女学员考科目二，考试车180°大翻转，车身冒浓烟]]></title>
  <content><![CDATA[9月25日下午，珠海某驾校一名女学员到金鼎考训场考科目二，开着考试车在斜坡定点后，下坡却猛踩油门冲了下去，撞倒灯柱后翻了个四脚朝天！小编经过了解，发现她不懂科目二、三可以这样考……考试车撞柱子翻个四脚朝天9月25日下午2点05分左右，一段考试车翻车浓烟四起的视频传遍朋友圈，很多粉丝后台询问小编。看视频。▼视频中，一辆黄白相间的粤C2××02号考试车在金鼎考训场的平地上翻了个四脚朝天，还不时冒出浓烟，周边几名考务人员来回踱步，连忙查看情况并报警。▼接报警后，金唐交警迅速赶到现场，正在后台监控的考官和场外等候的杨教练发现情况后也赶来查看情况。只见考试车车身多处凹陷，右车头缺了一大块，满地都是玻璃渣子和零件碎片。除了考试车外，场上的监控柱子也被“连根拔起”，断成几截倒在地上。▼下坡太紧张踩尽油门考试车旁边还站着一名脸色发白的女学员。原来，这名女学员正是事发时驾车考试的考生，姓蒲。事发当天，教练带着7名学员到金鼎考训场参加科目二考试，其中包括蒲女士。科目一一次性考过，给了蒲女士很大的信心，为了顺利通过科目二考试，蒲女士很是努力，整整练习了一个多月时间，连教练都夸她技术娴熟，通过考试绰绰有余。▼网络配图可越临近考试蒲女士越紧张，神情凝重，呼吸急促。细心的教练注意到蒲女士的举动，他一边让蒲女士放松心情，一边给她讲解考试的流程和注意事项。虽然有教练的鼓励，但蒲女士仍然心跳如擂鼓。等了一段时间，轮到蒲女士上场考试了，她驾驶着粤C2××02号考试车在3号线出发，小心翼翼地完成了侧方停车。来到斜坡定点，蒲女士轻轻踩了踩油门，考试车顺利上了坡停下来，她安静地坐在车内等下坡的考试提示音响起。▼也许是考前太过忧虑，蒲女士紧张地手心直冒汗。就在提示音响起后，蒲女士麻木地放下手刹，伸脚去踩油门，这一踩就踩到尽头，考试车轰一声飞快下了坡，朝4号线的监控柱子撞了上去。蒲女士眼前一黑，耳边接连响起砰砰砰的撞击声，和汽车外壳摩擦地面的声音。▼等一切安静下来，蒲女士睁开眼睛，发现身体倒立后解开安全带，哆嗦地爬了出来。至于小车是怎么翻的，蒲女士一概不知，好在人并没有受伤。▼由于所有的考试车辆都买了保险，事故车损将由保险公司赔付。来源：珠海交警、端州最前线1.突发！肇庆二塔路口发生严重车祸！女子被辗压当场死亡？2.“骂我可以，不要扣我工资”，一句话刷爆肇庆人朋友圈，无数人泪目…3.肇庆各大微信群疯传女子公交车上被暴力猥亵，大声哭叫无人劝阻? 警方通告来了4.17级！超强台风“潭美”连跳三级威力逼近山竹，国庆长假这些地方不要去！]]></content>
  <author><![CDATA[肇庆西江明珠]]></author>
  <time>2018-10-08 00:30:13</time>
  <account><![CDATA[v007_net]]></account>
</data>
