<data>
  <id><![CDATA[50545687]]></id>
  <url><![CDATA[https://mp.weixin.qq.com/s?timestamp=1539596538&src=3&ver=1&signature=Egrj350GoKY8-KUcIJshb-EJzn*AAgn3v33oByaNycuJlqJoPjaGifdbL*CiabE1sRoDTyY4JwbscNW993wEtM4ny7R2O-0AJlcik9PPBsiZhRv97AkBlz5YBBzhg7Kwv-*6Q5Xsn8IJ5OCuirjP25ae9pTQSZSli8gj6TDZHqw=]]></url>
  <title><![CDATA[惊人！泥头车失控翻侧，致一人死亡，两人受伤！]]></title>
  <content><![CDATA[现场十分惨烈▼▼▼现场监控视频曝光货车为了躲避转向小车失控翻侧铲向路边▼▼▼小轿车变形严重基本被压成“铁饼”▼▼▼.从远处看许多街坊在周围帮忙▼▼消防和救护人员迅速赶到现场试图救援小轿车内的伤者▼▼▼然而驾驶员看起来并无生命迹象同时也有人为他盖布▼▼▼现场甚至出动吊车用以吊起翻侧的搅拌车▼▼▼官方权威通报事件通报：2018年10月6日11时42分，接报告，西樵镇致盈广场路段发生交通事故。接报后，西樵交警中队、西樵派出所、西樵消防中队、西樵医院等迅速到场处置。经了解，程明智（南海区西樵镇大同人，男）驾驶粤Y83EXX号小型轿车从南庄往高明方向行驶，行至樵高路西樵镇致盈广场路段向右变更车道过程中，与同向行驶由曾桂源（广东省德庆县九市镇上垌村人， 男 ）驾驶的粤E159XX号重型特殊结构货车发生碰撞，碰撞后货车翻侧，再碰撞停放在停车场内的无号牌摩托车和坐在摩托车上的区有华（南海西樵上金瓯人， 男 36岁）及停放在车场内的三辆小汽车（均没有人在车内），造成粤Y83EXX号小型轿车司机程明智送医院抢救无效后死亡。货车司机曾桂源、摩托车司机区有华受伤（均没有生命危险），车辆有不同程度损坏。事故原因在进一步调查中。相关细节还要等官方进一步通报希望大家行车时注意安全避免类似惨剧发生各位街坊们怎么看？欢迎评论区留言▍来源：天天新、肇庆地带1.投资失败欠下巨额债务，无力偿还后男子竟自制假币2.突发！肇庆二塔路口发生严重车祸！女子被辗压当场死亡？3.“骂我可以，不要扣我工资”，一句话刷爆肇庆人朋友圈，无数人泪目…4.肇庆各大微信群疯传女子公交车上被暴力猥亵，大声哭叫无人劝阻? 警方通告来了]]></content>
  <author><![CDATA[肇庆西江明珠]]></author>
  <time>2018-10-09 07:40:35</time>
  <account><![CDATA[v007_net]]></account>
</data>
