<data>
  <id><![CDATA[50545687]]></id>
  <url><![CDATA[https://mp.weixin.qq.com/s?timestamp=1539596538&src=3&ver=1&signature=Egrj350GoKY8-KUcIJshb-EJzn*AAgn3v33oByaNycuJlqJoPjaGifdbL*CiabE1sRoDTyY4JwbscNW993wEtBW09Zd88LhVLz0gS2h*kjvkMkNbkZDjZ293pAylmhdRwDQpGQd0zXl*utylNi05KGLahomUnTMDuhXHlNxrMpw=]]></url>
  <title><![CDATA[男子竟向交警下跪自扇耳光还闹起了...后台留言：不同情]]></title>
  <content><![CDATA[速度七十迈，心情是自由自在。很多人心中，都住着一个追风少年，尤其是在没有红绿灯的高速上，更加地放飞自我。10月7日，长深高速上，丽水男子王某实力演绎了无赖式“抗拒执法”。不仅在车流中随意穿梭，还向交警下跪、自扇耳光，甚至闹起了“自杀”。起因是王某不仅在高速上无证驾驶半挂车，还和车内另一名驾驶员玩起了互换位置的把戏。交警发现后，要将他刚刚拿到的B证降级。而王某口口声声说自己一家老小要靠这个证“吃饭”，苦苦哀求未果，于是有了上面的“自杀剧情”。觉得交警不近人情，你咋不说自己漠视他人生命安全呢？王某这行为，任谁看了都忍不住气愤，但更令人气愤的是，还有人扬言要“我要把你们撞死”...10月6日，一辆宝马车长时间在高速应急车道内行驶，巡逻警车多次鸣笛警告，宝马不予理睬。在被拦下后，司机拒不配合，甚至扬言“你们把我逼急了，我把你们都撞死。”交警破窗后使用催泪喷雾将他控制。该！出门在外，安全第一。把自己和他人的生命当作儿戏，就不能做一个遵纪守法的好公民吗？同样是司机，看看人家！10月1日，深圳一名公交司机魏师傅在工作期间突发脑梗，满脸发紫，手不停颤抖。但他还是第一时间把车停好，保护了整车人的安全。待车上30名乘客安全下车后，乘客萧先生帮忙拨打了急救电话，将魏师傅送往医院。目前，魏师傅仍在重症监护室接受治疗。让我们一起为好人祈福，望早日康复。司机朋友们，谨记安全第一啊！要不然，终生大事都成问题哦！男子一年违章15次被退婚网曝某男子一年开车违章15次被退婚，女友表示，自己父亲开车十几年从不违章，车品见人品，违章的男人不能嫁。一年违章15次，安全意识是有多淡薄！姑娘做得对！不管做什么，安全永远是第一位的。自己的一时任性会造成多严重的后果，我们无法预料。我们能做的就是安全驾驶，文明出行。尊重自己和他人的生命！最后，安全君用9张图告诉大家,安全驾驶有多重要！开车别玩手机不闯黄灯高速上勿连续变道开车别走神路口别超车发生事故别在现场停留正确使用远光灯关键时安全带能救命远离大型车来源：人民日报、澎湃新闻等，版权归属原作者1.车管所通知：明年起，你的驾照再也不是以前的驾照了！2.套路又来了，这些路段停车要交费了！3.一女子坐顺风车怀疑 “被下药”！最后发现司机竟然系...4.小小肇庆又被国家盯上了，速来围观！]]></content>
  <author><![CDATA[肇庆西江明珠]]></author>
  <time>2018-10-15 04:35:18</time>
  <account><![CDATA[v007_net]]></account>
</data>
