<data>
  <id><![CDATA[50545687]]></id>
  <url><![CDATA[https://mp.weixin.qq.com/s?timestamp=1539596538&src=3&ver=1&signature=Egrj350GoKY8-KUcIJshb-EJzn*AAgn3v33oByaNycuJlqJoPjaGifdbL*CiabE1sRoDTyY4JwbscNW993wEtOZuk2jz-2GvjV4HQoLsVMaaBxnQO5H8kqlCngpLUWJ9pXEKyvT6XGQ1URcwKfZArXcBXaH2ryN1ZnLHr0Gx27I=]]></url>
  <title><![CDATA[返程高峰杀到，不想堵到心塞,先了解肇庆路况！]]></title>
  <content><![CDATA[七天长假剩下2天了，该回去上班了，这长路怎么走？一波车流返程高峰又定点来袭！不想在高速上看车展的你请看绕行指南根据国庆假期历史数据评估，10月5日-10月7日下午16:00-21:00均将出现返程高峰。先来看肇庆的情况G80广昆、G94江肇高速路段10月3日，G80广昆高速往广州方向39KM处发生了一宗多车连环追尾事故，其中两辆发生自燃，导致交通一度中断。由于处置迅速及时，事故中没有任何人员伤亡，在短时间内恢复了高速公路通行。10月4日，G80回程东行车流持续增加，白土至蚬岗路段全天多次缓慢，最长车龙达3公里，直到凌晨1时过后，往广州方向车流才恢复正常。G94双向畅通。截至10月5日9时，辖区双向路段车流畅顺，往广州方向车流偏多。预计路况：易拥堵时段为节后东行（10月5日-10月7日），易拥堵的路段为富佛西行、莲塘至富佛东行、张洞立交南行。G55二广、G78汕昆高速路段10月2日，G55二广高速大旺往怀集方向巡逻至2680处，一辆小货车因爆胎侧翻在右倒车道内，民警迅速与路政人员一起，清除路面障碍，避免二次事故发生，确保辖区道路安全顺通。10月4日8:00至10月5日8:00，二广高速从广西、湖南往广州方向返程车辆较多。截止5日9时，辖区双向畅通。预计路况：10月6、7日返程南行返程方向造成车辆缓慢的主要拥堵点有鹤塘互通、怀城服务区入口、广宁服务区入口、石川岭隧道至南木岭隧道、石门隧道、大崛岭1号隧道等6个路段。温馨提示：G55二广高速肇庆怀集段往广州方向出现拥堵时，将在G55二广高速K2581怀集南收费站实行分流，引导车辆绕行省道S263线，在广宁收、四会西收费站返回G55二广高速公路。S8广佛肇截至10月5日9时，广佛肇高速公路全路段畅通、有序。预计路况：10月6日-7日，大量车流返程，将第二波车流高峰，预计每日车流达到8-9万。车流高峰时段，路面交通将呈现持续缓慢行驶状态，端州至播植双向路段属易拥堵现象。其中，广州往广西方向端州出口分流绕行路线：从端州出口驶出经G321国道，行驶至禄步入口往广西方向行驶。笋围路段分流绕行路线：从小湘出口驶出经G321国道，行驶至播植入口往广西方向行驶。高良出口绕行路线：从高良出口驶出经G321国道，行驶至回龙入口往广西方向行驶。广西往广州方向回龙出口绕行路线：从回龙出口驶出经G321国道，行驶至高良入口往广州方向行驶。笋围路段分流绕行路线：从禄步出口驶出经G321国道，行驶小湘或端州入口往广州方向行驶。北岭山隧道分流绕行路线：小湘出口驶出G321国道，行驶到端州或鼎湖入口往广州方向行驶。温馨提示：S8广佛肇高速沙沥到端州（K94-K95、K113-K114）、小湘出口（K127-K128）、罗仔山至播植出口（K159-K161）、高良停车区至德庆出口（K194-K195）路段于清晨和旁晚易出现团雾，S8广佛肇高速K97-K99、K134-K136、K163-K166为事故多发路段，易发生车辆侧翻、单方撞防护拦的交通事故，请过往司机谨慎驾驶，保持足够安全行车距离。S8广佛肇高速往西方向K176-K185是9公里长下坡路段，较易发生交通事故，重大型货车、危化品运输车辆司机请将车辆驶入播植服务区停车检查刹车系统，请过往司机谨慎驾驶，确保行车安全。发生交通事故时，S8广佛肇高速公路鼎湖山服务区、鼎湖收费站出口右侧、播植服务区设有交通事故快处快赔服务点，也可拨打“96998”拯救电话或“0758-2605122”报警电话报警处理。粤运汽车总站国庆假期以来，市粤运车站日均发送旅客3千多人，客流量平稳。预计7日将会是客流高峰。届时，粤运公司将增开班次，增加运力，满足旅客需求，同时增派售票、指引等服务窗口人手，全力做好旅客服务。肇庆火车站小长假运输期间，9月30日8时至10月4日8时，火车站发送旅客30243人次，高峰日为10月7日，单日上车人数可能达1.1万人。为满足旅客在国庆期间的出行，车站已开设自动售票机8台、自动取票机10台。并根据实际情况适当延长售票时间，合理调整窗口分工，方便旅客购票。除此以外，通往广州、深圳、佛山、珠海、中山、东莞等主要城市的路段会出现繁忙现象按照以往数据分析，国庆期间车流量呈两头高中间低的趋势。预计返程高峰将出现在10月5日到7日。广澳高速多个路段也出现了严重拥堵↓返程高峰时段10月6日16时~20时左右易出现缓行拥堵的路段交警部门预计，返程高峰出现在10月5日至10月7日，通往广州、深圳、佛山、珠海、中山、东莞等主要城市路段会出现返程高峰。预计珠三角区域繁忙路段：虎门大桥、广深、广珠东、广珠西、江中、广惠、广佛、佛开、开阳、广清、粤肇等。预计出省通道繁忙路段：乐广、广韶、京珠北、二广、粤肇、江罗、云梧、粤赣、韶赣等。交通绕行指引速看预计北环、北二环、华南快速、机场高速、虎门大桥等部分路段会发生拥堵缓行。虎门大桥：预计6号为返程最高峰虎门大桥预计返程高峰将出现在10月5-7日，最高峰是6日当天，出口车流量在15万车次左右。另外，威远站入口继续封闭管制，持续到10月7日24时结束；南沙站B入口封闭管制将持续到10月8日早上6时。今天中午12点的虎门大桥是这样子↓虎门大桥高速绕行建议：太平立交站至威远站路段(西行方向)1、在广深沿江高速公路南、北行行驶的车辆在沙田出口下高速，绕道轮渡码头到南沙；2、行驶在广深高速公路由深圳往虎门方向的车辆，在长安出口，绕行国道或转到常虎高速公路前往到广州等地；3、选择广深沿江高速经黄埔大桥接广澳高速前往广州、珠海、茂名等地。广珠东坦尾立交至南沙B站路段(东行方向)1、在广珠东坦尾立交处绕行黄埔大桥走沿江高速前往东莞、深圳等地；2、在广珠东线高速公路行驶的车辆在亭角出口，绕道黄埔大桥或轮渡码头到东莞。南行往东莞、深圳方向北部湖南、清远、韶关等方向的车辆，转入北三环二期后，在石滩立交进入广惠高速往惠州及粤东方向，继续沿珠三角环线高速往东莞、深圳方向。南行往佛山、中山、珠海方向北部清远、韶关、湖南、江西等方向的车辆，转入珠三角环线高速，往肇庆、粤西方向车辆沿珠三角环线高速继续西行；往江门、中山方向车辆，经广清高速进入沈海高速；往佛山方向车辆从炭步出口沿S267南行。机场高速绕行指引建议来自韶关、湖南方向的车主尽量避开高峰时间回城，高峰期回城的车主建议通过G106等地面交通或广清高速进行绕行，避开花山-机场拥堵路段。绕行建议：乐广高速-G106-机场路-主城区乐广高速-G106-珠三角环线-广清高速乐广高速-G240-S253（G107）-广清高速乐广高速-G240-S354-S253（G107）-广清高速乐广高速-S354-S114-广清高速建议来自机场的旅客通过G106或省道267进行绕行，避开平沙立交段、黄石至三元里立交等拥堵路段。华南快速绕行指引建议来自韶关、湖南、河源等方向车主尽量避开高峰时间回城，高峰期回城的车主建议提前绕行，换行G105等地方道路。绕行建议：京港澳高速-钟落潭收费站-广从公路（G105）-主城区京港澳高速-北兴收费站-S118-X281-广从公路（G105）-主城区再次提醒市民，为缓解机场高速公路的节假日前高发拥堵，保障今年国庆期间白云机场正常运行。目前，机场高速北行方向黄石南、白云新城出口实施封闭管控，至10月7日解封；10月5日至7日（国庆假期后三天），机场高速南行方向黄石南入口实施封闭管控。届时，还将根据实时路况进行临时交通管制等措施，建议广大车主提前做好出行规划，听从现场交警指挥，安全出行。还有哪些高速公路易堵车？公安部交管局提示广大司机，节日期间景区道路交通流量大，请自觉遵守交通法规，服从指挥疏导。在高速公路遇到交通拥堵时，切勿占用应急车道，主动避让救援车辆。公安部提示节日期间景区道路交通流量大，请自觉遵守交通法规，服从指挥疏导。在高速公路遇到交通拥堵时，切勿占用应急车道，主动避让救援车辆。返程要提前查询天气及路况，合理规划行程，选择好返程时间和路线，尽量避开高峰时段和降雨降雪时段；遇拥堵要保持心态平和，按序排队通行，不加塞抢行，不占用应急车道；遇雨雪天气，要注意减速行驶、保持车距，减少并线超车，转弯时适当增大转变半径，以防离心力增加引起侧滑。同时要保证充足休息时间，避免疲劳驾驶。来源：广东交警、南方+、佛山日报]]></content>
  <author><![CDATA[肇庆西江明珠]]></author>
  <time>2018-10-06 07:08:33</time>
  <account><![CDATA[v007_net]]></account>
</data>
