<data>
  <id><![CDATA[50545687]]></id>
  <url><![CDATA[https://mp.weixin.qq.com/s?timestamp=1539596538&src=3&ver=1&signature=Egrj350GoKY8-KUcIJshb-EJzn*AAgn3v33oByaNycuJlqJoPjaGifdbL*CiabE1sRoDTyY4JwbscNW993wEtKqJFxFxVLqBjW92F8B1EueYMoE41ykKI0p0zES8XC5ITg*plXI58aeF*oAQpKDBxiLJTJEj173K1UKmsz1Cu7E=]]></url>
  <title><![CDATA[出门在外，安全第一，星湖大道，桥北路相继发生惨烈车祸！]]></title>
  <content><![CDATA[桥北路突发车祸，珍惜生命，远离大车！2018年10月13日在肇庆桥北路发生一起惨烈的交通事故！一台搅拌车疑似与一台电动车发生碰撞！电动车倒在一边，可能人在车底下，已经咩野左！真系好惨！222222现场图片事故发生后，有人报警！交警、消防、医疗、道路救援等多个部门快速到达现场！救护车也快速到达现场救人事故具体原因暂时不清楚一切以官方调查发布为准！...........................................................................还是要提醒大家不管是开什么车一定要小心开摩托和电动车一定要注意远离大货车、泥头车、工程车因为大车都有视觉盲区最后希望当事人平安！星湖大道车祸2018年10月12日，晚上9点几的时候，在星湖大道仙湖山庄门口附近发生一起夸张交通事故！根据爆料人讲，应该是一台摩托车与一台单车发生碰撞！就发生在斑马线上，摩托直行，单车的人推着过马路！发生碰撞后，现场摩托和单车都飞到一边，现场碎片散落一地！两人都倒地一动不动！睇情况，应该几严重下！现场视频好惨！！！事故发生后，现场有人马上报警！叫救护车！救护车已经快速到达现场！【以下是更多现场】现场好夸张救护车到场，现在好多热心人士帮手！目前伤者已经紧急送去医院救治！事故具体原因暂时不清楚，一切以官方调查发布为准！............................................................................还是要提醒大家晚上开车一定要小心不管是开什么车特别是去到斑马线一定要慢行在此感谢参与救人的所有人感谢交警和医疗快速到场还是在现场帮手的好心人但愿当事人平安！来源：端州最前线、肇庆最热门1.车管所通知：明年起，你的驾照再也不是以前的驾照了！2.套路又来了，这些路段停车要交费了！3.一女子坐顺风车怀疑 “被下药”！最后发现司机竟然系...4.小小肇庆又被国家盯上了，速来围观！]]></content>
  <author><![CDATA[肇庆西江明珠]]></author>
  <time>2018-10-14 00:54:24</time>
  <account><![CDATA[v007_net]]></account>
</data>
