<data>
  <id><![CDATA[50545687]]></id>
  <url><![CDATA[https://mp.weixin.qq.com/s?timestamp=1539596538&src=3&ver=1&signature=Egrj350GoKY8-KUcIJshb-EJzn*AAgn3v33oByaNycuJlqJoPjaGifdbL*CiabE1sRoDTyY4JwbscNW993wEtBW09Zd88LhVLz0gS2h*kjsOiJ9AV7Y8afo9Ez1HUTNL1ygK3PERvE-kuJh7LRVEs8Dv0CorEQ9qP4pS9SID7Pc=]]></url>
  <title><![CDATA[广东建源检测技术有限公司肇庆分公司诚聘英才]]></title>
  <content><![CDATA[你想你的公司招聘信息出现在这里吗？可直接联系：0758-2754002（李小姐）------西江明珠人才网广东建源检测技术有限公司肇庆分公司主要从事常用建筑材料检测，钢结构无损、金属原材料、焊接接头、钢结构、混凝土、砂浆、墙体材料、土工结构、混凝土结构的检测和鉴定。联系人：崔先生联系电话：15899538870 0758-8393008联系邮箱：993179762@qq.com联系地址：肇庆市高要区大桥路二号一、检测员学历要求：中专有经验者亦可。岗位职责：1、按要求完成日常检测工作，确保检测数据的真实有效；2、现场日常协调；3、正确使用检测仪器并做好登记工作；4、各项数据的内业整理，报表编制。5、其他交办的工作。1.平面设计2.车缝班长3.中药养护员4.全职球童]]></content>
  <author><![CDATA[肇庆西江明珠]]></author>
  <time>2018-10-15 04:35:18</time>
  <account><![CDATA[v007_net]]></account>
</data>
