<data>
  <id><![CDATA[50545687]]></id>
  <url><![CDATA[https://mp.weixin.qq.com/s?timestamp=1539596538&src=3&ver=1&signature=Egrj350GoKY8-KUcIJshb-EJzn*AAgn3v33oByaNycuJlqJoPjaGifdbL*CiabE1sRoDTyY4JwbscNW993wEtAxjnG04OVzOalX4ErPoBTsN8jB*JjT-83e2xbJZkLqaJfn3hsJ4XUh2yfGFPSjm0qAdFL7irD4WqYv-WulV9Q0=]]></url>
  <title><![CDATA[一女子坐顺风车怀疑“被下药”！最后发现司机竟然系...]]></title>
  <content><![CDATA[因为一趟“顺风车之旅”成都市民刘女士这几天一直都没有睡好觉10月3日刘女士通过嘀嗒出行搭乘了一辆顺风车上车过后她闻到车上一股刺激性味道开始短暂出现头晕目眩、气短胸闷她感到不对劲：“难道司机放迷药了？”想到之前的种种案例刘女士做好了开门跳车的准备……惊险女乘客搭乘顺风车出现“异常晕车”现象刘女士称，3号下午五点左右，在成都世纪城天府大道附近，她搭乘了一辆顺风车，可一上车，她就感到头晕，然后胸口发闷，有呕吐的感觉。“那种味道既不是香水，反正不好闻，怪刺鼻的。”刘女士说。当时，她在平台上发布了一条顺风车出行信息，两分钟后，她收到一条添加好友信息。随后在未接单的情况下，她接到电话。“车主表示，他今天抢单4次已经满了，让直接发位置给他。”但是，刘女士在平台上看到的是一辆白色轿车，接单的却是一辆黑色川A号牌车辆。“他当时是通过添加好友接的单！”据了解，司机当时是通过平台，添加的刘女士好友，然后知悉了刘女士的电话号码和所在位置。“他们怎么知道我的电话号码？”刘女士表示，自己在平台上并没有点开任何允许公开电话号码的设置，但是添加好友过后，司机就通过电话联系了她。更让她担心的是，上车过后，她闻到一股刺激味道，随即准备下车。“拉开车门时，司机还锁了一下门。”种种疑点让刘女士觉得，自己是不是“被下迷药了”？司机坦言接乘客前抽了一支烟香精味比较重6日上午，记者联系到车主吴先生，电话那头，他直言自己这几天正为此事感到恼火。“那名女士上车前，我抽了一支香烟，来自越南的，可能香精味道比较重。”他说，当时在被刘女士投诉过后，自己确实给她打过电话，发过短信，“我总要知道被投诉的原因吧！”吴先生给刘女士的短信“怎么可能是迷药？多转了十多公里去接她，没上车不走就不说了，还投诉我？”吴先生否认了对乘客下药的说法。他告诉记者，那支香烟是在刘女士上车之前抽的，且已经打开车窗，他平时也爱抽烟，但从未有其它乘客因为不适而遭到投诉。平台回应对账号进行封禁处理10月7日下午，嘀嗒平台通过微博发布情况说明和处理结果，称已经对车主账号进行封号处理，并提醒乘客，切勿与车主进行线下交易。在这份情况通报中，对于刘女士提出的疑问“在未接单的情况下，为何自己会接到电话”，该平台回复称，车主吴先生是在刘女士行程无人接单期间，通过行程主动添加其为拼友的方式进行合乘。刘女士同意车主加拼友申请后，车主才通过订单行程中的电话，与刘女士进行电话协商。但是，车主当天已经达到每日4单的接单上限，此行为属于与乘客达成的私下合乘，扰乱了平台秩序。此外，对于刘女士提出的“拨打三次客服未回应”一事，该平台的回应是：国庆长假用户咨询量上涨，建议拨打该平台安全中心的24小时紧急救助电话。（文中刘女士为化名）来源：人民网、肇庆街坊1.小小肇庆又被国家盯上了，速来围观！2.投资失败欠下巨额债务，无力偿还后男子竟自制假币3.突发！肇庆二塔路口发生严重车祸！女子被辗压当场死亡？4.“骂我可以，不要扣我工资”，一句话刷爆肇庆人朋友圈，无数人泪目…]]></content>
  <author><![CDATA[肇庆西江明珠]]></author>
  <time>2018-10-10 06:28:18</time>
  <account><![CDATA[v007_net]]></account>
</data>
