<data>
  <id><![CDATA[50545687]]></id>
  <url><![CDATA[https://mp.weixin.qq.com/s?timestamp=1539596538&src=3&ver=1&signature=Egrj350GoKY8-KUcIJshb-EJzn*AAgn3v33oByaNycuJlqJoPjaGifdbL*CiabE1sRoDTyY4JwbscNW993wEtDhYqClhCzZwIUdzZdU9MZVQ04GHByif67iHra2yhk-x9Curo2YKPUlGcam7RLciT8BgCD6xsZYctn6x6OQ2Lhc=]]></url>
  <title><![CDATA[肇庆一公交车上演道德绑架！？老人霸座不成一路辱骂乘客……]]></title>
  <content><![CDATA[10月8日，肇庆城区双层巴士上发生了一乘客没有给老人让座反被辱骂的事件。事情是这样的，街坊一行三人排在了队伍的最前面，当双层巴士打开了车门，准备要发车的时候便走上了二层且坐在了第一排。第一排是有四个座位的，一行三人坐下以后便只剩下了一个座位。不久，有一个婆婆跟公公走上二层的第一排座位，还向第一排其中一名乘客提出了让座的要求，让婆婆还有公公可以坐，因为当时车上还有大量座位，老人的让座要求遭到了拒绝。被拒绝之后，老人就开始谩骂三人。之后选择了第三排的座位坐下，不过一路上仍然不间断谩骂第一排的乘客，说他们不懂得尊老爱幼。知详情看视频：看完以上的内容不知道你会做出什么样的选择其实凡事都应该换位思考作为年轻人要理解一下老人想坐第一排的心情可能想坐在最前面看一下风景作为老人也可以说出自己的想法跟年轻人沟通一下不过，要是别人不愿意的也不能道德绑架最后，如果你是年轻人你会怎么做你是老人又会怎么做来源：肇庆街坊、肇庆特搜1.车管所通知：明年起，你的驾照再也不是以前的驾照了！2.套路又来了，这些路段停车要交费了！3.一女子坐顺风车怀疑 “被下药”！最后发现司机竟然系...4.小小肇庆又被国家盯上了，速来围观！]]></content>
  <author><![CDATA[肇庆西江明珠]]></author>
  <time>2018-10-13 05:59:42</time>
  <account><![CDATA[v007_net]]></account>
</data>
