<data>
  <id><![CDATA[50545687]]></id>
  <url><![CDATA[https://mp.weixin.qq.com/s?timestamp=1539596538&src=3&ver=1&signature=Egrj350GoKY8-KUcIJshb-EJzn*AAgn3v33oByaNycuJlqJoPjaGifdbL*CiabE1sRoDTyY4JwbscNW993wEtBW09Zd88LhVLz0gS2h*kjtlrnj-uUaKoZNdr03E5XNea2JVoJSWDb4ZHnwGX1r4w-hr89BL9k2M9bMQllUsjCw=]]></url>
  <title><![CDATA[广东省广大工程顾问有限公司肇庆分公司诚聘英才]]></title>
  <content><![CDATA[你想你的公司招聘信息出现在这里吗？可直接联系：0758-2754002（李小姐）------西江明珠人才网联系人：刘小姐，13760008305，邮箱:306833926@QQ.COM上班地点：肇庆市端州区古塔南路2号六合台别墅区C10栋1、  监理员要求:专业不限，有监理行业工作经验优先；工作内容:协助建设单位做好资料管理工作,对施工现场进行监督管理，做好安全与现场管理工作，工作地点：端州区、高要、封开、德庆等地区三个月试用期，待遇面议2、招标助理要求：专业不限（建筑工程、造价、预算等工程类相关专业优先考虑），1-2年招标或政府采购相关工作经验；上班时间：上午8：30-12：00，下午2：30-5：30，周末双休，根据国家法定节假日安排休息；三个月试用期，待遇面议，1.平面设计2.车缝班长3.中药养护员4.全职球童]]></content>
  <author><![CDATA[肇庆西江明珠]]></author>
  <time>2018-10-15 04:35:18</time>
  <account><![CDATA[v007_net]]></account>
</data>
