<data>
  <id><![CDATA[50545687]]></id>
  <url><![CDATA[https://mp.weixin.qq.com/s?timestamp=1539596538&src=3&ver=1&signature=Egrj350GoKY8-KUcIJshb-EJzn*AAgn3v33oByaNycuJlqJoPjaGifdbL*CiabE1sRoDTyY4JwbscNW993wEtNjM8IyzJ95IaiTvmb*ux3-TIsO8ddQGdRQjvxyLEZNAshUuK0WfVqoxkW7StBRwrGnL0lUlFK5r*PMDuqVOkb0=]]></url>
  <title><![CDATA[广东臻汇园置业发展有限公司诚聘英才]]></title>
  <content><![CDATA[你想你的公司招聘信息出现在这里吗？可直接联系：0758-2754002（李小姐）------西江明珠人才网广东臻汇园置业发展有限公司成立于2004年12月，是一家以房地产开发为主营业务，集物业管理、资源管理等多元化经营为一体的创新民营企业。位于肇庆市城东新区，占地约510多亩，总建筑面积100万平方，雄踞广佛肇一体化都市核心，占据城市极具升值潜力的地理资源与自然资源，北靠高耸的北岭群山，南邻原生态星湖，区内私享数万平方内湖美景，项目整体布局错落有致，依山面湖面居，联合香港泊力规划设计、香港贝尔高林设计，以其极致稀缺的自然山水资源倾力打造独一私家湖岸豪宅。aaaaaaaaaaaaaaaaaaaaaaaaaaaaaaaaaaaaaaaaaaaaaaaaa联系人：刘小姐电话：2801418 2799843邮箱：3209079995@qq.com地址：肇庆市星湖大道新肇庆中学对面一、行政助理1、大专以上学历，具有计算机、文秘等专业知识、有驾照；2、能熟悉操作OFFICE办公软件，具备基本的中文速记能力；3、文笔好、思路清晰、能编写标准格式公文；4、性格稳重、有亲和力、善于沟通，有较强的服务意识和团队协助精神；5、具备一定的文秘工作经验者优先录用。二、电工具有电工上岗证，有一定的工作经验。三、施工员四、会计1、具有会计上岗证。2、大专或以上学历。2、男性，应届毕业生。3、具有团队协作精神，责任心强，有较好的职业素养。1.电梯维护保养员（高新区)2.房屋安全鉴定技术员3.项目工程师4.产品开发师]]></content>
  <author><![CDATA[肇庆西江明珠]]></author>
  <time>2018-10-08 00:30:13</time>
  <account><![CDATA[v007_net]]></account>
</data>
