<data>
  <id><![CDATA[50545687]]></id>
  <url><![CDATA[https://mp.weixin.qq.com/s?timestamp=1539596538&src=3&ver=1&signature=Egrj350GoKY8-KUcIJshb-EJzn*AAgn3v33oByaNycuJlqJoPjaGifdbL*CiabE1sRoDTyY4JwbscNW993wEtAxjnG04OVzOalX4ErPoBTsryiPCIFpdypvsclUeOAmUQGEjG*WJ6Ogdk9EU9DNaGSnoWCpJbkjiwcrq9yCVIcs=]]></url>
  <title><![CDATA[再见了，身份证！]]></title>
  <content><![CDATA[出门时经常会忘记带身份证、钥匙、公交卡...而很多时候，出门办事，如果没有身份证会非常不方便！但是如今，“忘记带身份证”这个问题已经得到了完美解决！因为：广东人的身份证，也可以申请电子版了！居民身份电子凭证近日，广东省公安厅在全省推出：居民身份电子凭证（电子身份证）广东街坊们可以凭此“电子证”进行办理酒店住宿、政务办事等事项！电子身份证，可以用在哪些地方？今年以来，“电子身份证”的消息不断从最初的微信身份证到现在居民身份电子凭证身份证，慢慢地进入了“电子化”时代！连支付宝都推出“网证”了！未来“网证”可以做事情非常多可以说大大方便了广大街坊！用途一：政务办事有了电子身份证，就可以轻松地进行公积金查询、打印户籍资料等等用途二：酒店入住相当方便！目前杭州一间酒店已经可以用网证办理入住到了酒店以后就不再是去往前台了而是来到这台机器面前输入手机收到的预定编号就可以了！而且以后智慧酒店的房间门也是无需身份证，直接刷脸开门的哦~用途三：用网证直接购买大巴车票！用途四：身份证例行检查时能用很多时候，在火车站和地铁站会碰到警察叔叔的例行检查。有了电子身份证的凭证，就不用报号码了，忘记带身份证也没关系啦！那么问题来了，这种电子身份证凭证，如何申请呢？微信关联申请方法目前，广东省21个市的居民，都可以在微信小程序“粤省事”中，申请关联电子身份证！具体操作方法如下！网证不能替代实体身份证有了网证，身份证就没用了？答案是不可以的！有关部门已经表示：网证不能替代实体身份证但基于它易保管、易携带、多重密码保障等特点网证的使用非常安全能大大降低证件丢失的概率！可以这么说：网证是你出门在外办事时的一个凭证它虽然方便，但不能完全替代实体身份证！对于网证的出现街坊大呼方便的同时也产生了疑惑：手机丢了，会被冒用身份证吗？手机丢了也不会被冒用支付宝表示，即便手机丢失网证被冒用的可能性也微乎其微！因为在使用网证时，验证的过程非常谨慎：1、用户需要先通过指纹或者刷脸验证2、证明是本人后才能进入到网证页面3、在打开二维码时，还要再次刷脸验证也就是说，即使手机丢了别人要想用你的网证，得先通过：“手机密码+支付宝登录密码”打开你的支付宝再通过“指纹验证+刷脸验证”打开网证二维码而光是支付宝平台，人脸识别技术的准确率就达到了99.99%被冒用的可能性极低！各种证件逐渐“电子”化除了这次新推的“电子身份证”现在越来越多的“网证”在陆续上线▼电子驾驶证广州和哈尔滨、温州、云南等地已经全面启用电子驾驶证有了“电子驾照”后可不带原件出行出示电子驾照不予处罚！驾驶证会忘记带，手机可不会忘记~电子港澳通行证目前腾讯正在粤港澳三地试点多证合一的服务，实现一部手机承载多张证件！大陆居民只需在微信中开通之后就可以直接扫描二维码顺利通关而其中可实现的虚拟多证合一：主要包括“中国居民身份证”“港澳通行证”以及港澳居民的大陆“回乡证”3类电子社保卡申领电子社保卡后在微信就可以查询参保情况个人参保类型以及每月的参保状态等信息最常用到的医疗保险、个人消费明细金额、个人账户余额也十分详尽！去医院看病也可通过微信线上支付大大减少挂号、就诊、缴费的排队时间现在的微信功能越来越强大了相信在不久的将来，我们都可以实现一机在手，天下我有~你觉得哪些证件还应该“电子化”呢？评论区等你！来源：广东潮事儿1.小小肇庆又被国家盯上了，速来围观！2.投资失败欠下巨额债务，无力偿还后男子竟自制假币3.突发！肇庆二塔路口发生严重车祸！女子被辗压当场死亡？4.“骂我可以，不要扣我工资”，一句话刷爆肇庆人朋友圈，无数人泪目…]]></content>
  <author><![CDATA[肇庆西江明珠]]></author>
  <time>2018-10-10 06:28:18</time>
  <account><![CDATA[v007_net]]></account>
</data>
