<data>
  <id><![CDATA[50545687]]></id>
  <url><![CDATA[https://mp.weixin.qq.com/s?timestamp=1539596538&src=3&ver=1&signature=Egrj350GoKY8-KUcIJshb-EJzn*AAgn3v33oByaNycuJlqJoPjaGifdbL*CiabE1sRoDTyY4JwbscNW993wEtKqJFxFxVLqBjW92F8B1Eucn1jrRqIXGESdvcFq1K533dvqb7yIK44UPTibs8a5jxiGCBTmQd5BH3eLn8BTUsKw=]]></url>
  <title><![CDATA[肇庆市宏冠金属制品有限公司诚聘英才]]></title>
  <content><![CDATA[你想你的公司招聘信息出现在这里吗？可直接联系：0758-2754002（李小姐）------西江明珠人才网肇庆市宏冠金属制品有限公司专业设计生产各种不锈钢、合金工具钢、耐热耐磨合金钢、碳素钢、铜合金等材质的精密铸造产品，目前已开发的产品包括各种汽车机械零件、建筑五金零件等联系人：钟小姐电话：18027801079、 0758-8441559邮箱：798952746@qq.com地址：广东省肇庆市高要区新桥大桥入2公里一、文员1人任职资格：1、女性，18-35岁，中专及以上学历，会office软件；2、工作认真，具有良好沟通，协调能力，有上进心；3、有文员、行政相关工作经验优先考虑；4、也可接受应届生。薪酬：面议二、车间文员/工程文员  2人岗位职责：1、负责有关工程开发资料、样品资料或品保不良报废资料等的汇总整理；2、订单进度的跟踪；3、客诉资料的收集跟踪及整理；4、或其他交办事情。任职资格：1、女性，18-35岁，中专或以上学历，会office软件，会看CAD图；2、工作认真，具有良好沟通，协调能力，有上进心；3、有车间文员工作经验优先，懂CAD绘图优先考虑；4、也可接受应届生或无经验文员。薪酬：月薪2000-3000元（提供食宿）三、机修/电工 2人岗位职责：1、负责设备设施日常维修保养；2、负责线路安装检修、电气设备检修等电力工作；3、及时巡查，发现问题及时处理，其他工作协助。任职资格：1、身体健康，男性，年龄在45岁以下；2、有工厂电工或机修工作经验，熟悉电力机修工作；3、有电工证优先，有精铸行业机修经验优先；4、服从安排，有团体意识，刻苦耐劳，工作认真。薪酬：面议（提供食宿）四、储备干部  5人1、男性，能吃苦耐劳，要从基层做起；未来向工程/品保/管理人员方向发展。2、工作积极主动，勇于接受挑战，具有良好的团队协作意识和抗压能力。薪酬：月薪3000-4000元（提供食宿）五、氩焊工  2人男性，会氩弧焊，服从工作安排，可计时，熟悉可计件，亦可招学徒/生手工。薪酬：面议（提供食宿）六、普工  若干人男女不限薪酬：面议（提供食宿）七、会计  1人高中或以上学历，熟悉财会相关专业，会用友或金蝶操作，会EXCEL,工作积极主动。工作地址为另外厂区：在高要莲塘镇，联系电话：0758-8455658邮箱474802328@qq.com1.人事主管2.平面设计3.车缝班长4.中药养护员]]></content>
  <author><![CDATA[肇庆西江明珠]]></author>
  <time>2018-10-14 00:54:24</time>
  <account><![CDATA[v007_net]]></account>
</data>
