<data>
  <id><![CDATA[50545687]]></id>
  <url><![CDATA[https://mp.weixin.qq.com/s?timestamp=1539596538&src=3&ver=1&signature=Egrj350GoKY8-KUcIJshb-EJzn*AAgn3v33oByaNycuJlqJoPjaGifdbL*CiabE1sRoDTyY4JwbscNW993wEtOZuk2jz-2GvjV4HQoLsVMbavUZ46fTqb85aLy-C4x3lociZzTCaD3B4V0GNM0lHtHzDat4YI77F2AD21*xckVQ=]]></url>
  <title><![CDATA[肇庆市创源电子有限公司诚聘英才]]></title>
  <content><![CDATA[你想你的公司招聘信息出现在这里吗？可直接联系：0758-2754002（李小姐）------西江明珠人才网肇庆市创源电子有限公司创立于2003年3月，专业生产高、中、低压全系列铝电解电容器。公司占地面积3000多平方米，拥有先进的生产设备，及一批训练有素的技术管理人员，并具有雄厚的开发设计能力。经过全体员工多年的不懈努力，“NOBLE”、“FRIDAY”牌铝电解电容器深受用户的一致好评，我们将一如既往继续以优质的产品，合理的价格，准时供货及周到细致的服务，来满足国内外客户。联系人：陈小姐电话：0758-6191988邮箱：2335309874@qq.com地址：端州一路宾日大楼(红树湾家私城正对面)一、充电作业员/测试作业员要求:男女不限，刻苦耐劳，诚实勤恳，工作积极.年龄18-45岁，包食宿！购社保，有意者请持个人身份直接到我司人事部报名或致电办公电话转0陈小姐，公司地址：端州一路（红树湾家具博览中心正对面）二、车间领班要求:1.一年或以上电解电溶器生产领班管理工作经验，具备良好职业道德。2.熟悉人员管理，有耐心、有原则，有一定的指导及说服他人技巧。3.熟悉生产计划，对物料跟踪。三、仓管员要求:初中或中专以上学历，熟悉电脑操作，工作认真细心，刻苦耐劳，服从安排，善于与人沟通，对数字处理灵敏；新/熟手均可。有铝电解电容器工厂的仓管经验优先，最好熟悉电解电容相关的原材料。有意者请打办公电话 人事部-陈小姐转0。（公司地址：端州一路宾日大楼内即红树湾家具城正对面）。四、含浸作业员要求:刻苦耐劳，诚实勤恳，工作积极，年龄18-43岁，包食宿，饭补、购社保。有意者请持个人身份直接到我司人事部报名（0758-6191988）早、中班制（早班：06：00-14：00  中班：13：00-21：00）公司地址：端州一路宾日大楼（红树湾家具博览中心正对面）1.电梯维护保养员（高新区)2.房屋安全鉴定技术员3.项目工程师4.产品开发师]]></content>
  <author><![CDATA[肇庆西江明珠]]></author>
  <time>2018-10-06 07:08:33</time>
  <account><![CDATA[v007_net]]></account>
</data>
