<data>
  <id><![CDATA[50545687]]></id>
  <url><![CDATA[https://mp.weixin.qq.com/s?timestamp=1539596538&src=3&ver=1&signature=Egrj350GoKY8-KUcIJshb-EJzn*AAgn3v33oByaNycuJlqJoPjaGifdbL*CiabE1sRoDTyY4JwbscNW993wEtM4ny7R2O-0AJlcik9PPBsgR96ygD3NtIBiAxr7tYK2eEepSVn8XrubnJYWxoyqriO9spmT0fKNUvyb-Y01M2M8=]]></url>
  <title><![CDATA[肇庆星隆科技有限公司诚聘英才]]></title>
  <content><![CDATA[你想你的公司招聘信息出现在这里吗？可直接联系：0758-2754002（李小姐）------西江明珠人才网肇庆星隆科技有限公司主营网络技术研发，推广，转让服务；提供电子商务平台：联系人：张先生电  话：13360277603邮  箱：13360277603@189.cn地  址：肇庆广发银行23楼（可乘坐1，3，5A，7，10，12，15，17，19，28路公交在天宁北路站下车即到）本招聘长期有效一、网络销售工资无上限，一般情况可拿4000-8000；稍稍努力即可月薪过万1、身体健康，热爱网络营销工作；2、性格开朗，自信，有较强的责任心及事业心，敢于挑战高薪；3、有稳定长期的工作打算，接受公司技能培训。二、客服工资无上限，2800元起，一般情况可拿4000-8000；稍稍努力即可月薪过万1、熟悉互联网，QQ，打字速度不慢；2、个性朗自信，做事耐心细心，承受能力好；3、做事积极，冲标意识强，有较强的团队协助精神；4、熟悉网络营销，从事过网络销售者优先；1.行政助理2.电梯维护保养员（高新区)3.房屋安全鉴定技术员4.施工员]]></content>
  <author><![CDATA[肇庆西江明珠]]></author>
  <time>2018-10-09 07:40:35</time>
  <account><![CDATA[v007_net]]></account>
</data>
