<data>
  <id><![CDATA[50545687]]></id>
  <url><![CDATA[https://mp.weixin.qq.com/s?timestamp=1539596538&src=3&ver=1&signature=Egrj350GoKY8-KUcIJshb-EJzn*AAgn3v33oByaNycuJlqJoPjaGifdbL*CiabE1sRoDTyY4JwbscNW993wEtOZuk2jz-2GvjV4HQoLsVMZlyXr-kVPB1WU6b02ARMgMBJrRNeH980G*LDEvcvU62q24S8tIyA4Bzz5fPIc*gaw=]]></url>
  <title><![CDATA[哩位00后“女网红”火了,因失恋拍片，大量视频流出...]]></title>
  <content><![CDATA[最近一名叫嘟嘟的00后女网红火了失恋视频全网疯传引起无数网友流泪真是“闻者落泪，见者伤心”嘟嘟的爱情价值观字字珠玑句句真理干了这罐菠萝啤关于爱情我只字不提↓↓↓这是最后一次为你红眼了我走了你以后自己好好的吧↓↓↓从今以后我再也不爱了受过的伤再也无法痊愈了↓↓↓希望各位网友可以帮她找回属于她这个年纪真正该有的快乐别让她拍这些受伤的爱情段子了从此过上阳光快乐幸福的日子来源：吃喝玩乐IN肇庆1.突发！肇庆二塔路口发生严重车祸！女子被辗压当场死亡？2.“骂我可以，不要扣我工资”，一句话刷爆肇庆人朋友圈，无数人泪目…3.肇庆各大微信群疯传女子公交车上被暴力猥亵，大声哭叫无人劝阻? 警方通告来了4.17级！超强台风“潭美”连跳三级威力逼近山竹，国庆长假这些地方不要去！]]></content>
  <author><![CDATA[肇庆西江明珠]]></author>
  <time>2018-10-06 07:08:33</time>
  <account><![CDATA[v007_net]]></account>
</data>
