<data>
  <id><![CDATA[50545687]]></id>
  <url><![CDATA[https://mp.weixin.qq.com/s?timestamp=1539596538&src=3&ver=1&signature=Egrj350GoKY8-KUcIJshb-EJzn*AAgn3v33oByaNycuJlqJoPjaGifdbL*CiabE1sRoDTyY4JwbscNW993wEtM4ny7R2O-0AJlcik9PPBsgaK61bV9Obe6kZ3C9BahRoizbMqjwypaCu*vlKE0FXrjOToiv0St1EX7AZeT3gGJc=]]></url>
  <title><![CDATA[恒大世纪梦幻城肇庆高尔夫俱乐部诚聘英才]]></title>
  <content><![CDATA[你想你的公司招聘信息出现在这里吗？可直接联系：0758-2754002（李小姐）------西江明珠人才网恒大世纪梦幻城肇庆高尔夫俱乐部于1992年正式成立至今，现由恒大集团属下香港CBI投资有限公司与东莞市国威投资顾问有限公司合作经营的中外合作企业。应聘方式：邮箱：hr@zhaoqinggolf.com（合则约见）联系电话：黄小姐   8162022    雷小姐 ：8162030地址：恒大世纪梦幻城内肇庆高尔夫渡假村全职球童20人要求：18-30岁，身高1.58以上，视力好，初中以上学历，性格开朗活泼，五官端正，服务意识强，能适应户外运动工作。有相关工作经验和熟悉高尔夫球场规则的优先录取；薪酬福利：1.  综合收入：底薪1550元+出场费+小费，另还可有点场费；约4000元以上(仅为参考，具体收入按各人实际情况为准)。2.  食住：提供宿舍配有热水、空调、饭堂等设施；3.  福利待遇：每周单休，购买社保、公积金；带薪年假、高温补贴等；4.公司提供专业岗位培训课程，完成培训通过考核即可上岗。统一面试时间:10月15日，面试地点:球会人事行政部联系方式：0758-8162022黄小姐球会地址：肇庆市高要区恒大梦幻城内肇庆高尔夫俱乐部1.行政助理2.电梯维护保养员（高新区)3.房屋安全鉴定技术员4.施工员]]></content>
  <author><![CDATA[肇庆西江明珠]]></author>
  <time>2018-10-09 07:40:35</time>
  <account><![CDATA[v007_net]]></account>
</data>
