<data>
  <id><![CDATA[50545687]]></id>
  <url><![CDATA[https://mp.weixin.qq.com/s?timestamp=1539596538&src=3&ver=1&signature=Egrj350GoKY8-KUcIJshb-EJzn*AAgn3v33oByaNycuJlqJoPjaGifdbL*CiabE1sRoDTyY4JwbscNW993wEtKqJFxFxVLqBjW92F8B1Eucyd3LDWep2*J5RsKHqbWuQLatOI3Nw-Fn7-IDQ*oAJfJsmeW4VR9WwjaPjUP51QTE=]]></url>
  <title><![CDATA[肇庆市金凰丝绸床上用品有限公司诚聘英才]]></title>
  <content><![CDATA[你想你的公司招聘信息出现在这里吗？可直接联系：0758-2754002（李小姐）------西江明珠人才网金凰家纺、金鳄鱼家纺是一家专业经营多年床上用品、家用纺织品的企业。公司研发、设计、生产、销售实行一体化策略。自成立以来，高素质的生产队伍、优秀的生产队伍、优秀的管理人员、以及敬业的广大员工们，各方面配合使公司日益发展壮大、生产规模、经济实力、产值，逐年增长，在新技术开发，产品创新和产品质量等方面均有较高的评价 。联系人：明小姐、王小姐电话：6166798邮箱：1152414653@qq.com地址：肇庆市前沙街白沙仓4号楼一、临时司机要求：1、主要协助业务送货出差，基本熟识珠三角及两广地区；2、持C驾证以上及上岗证，有经验者优先。二、导购员要求：1、口齿伶俐，有商场导购经验者优先；2、工作地点：肇庆市唐人街超市（中源名苑）楼下，黄岗一路“24-29”号首层13号；3、工资：底薪＋提成。三、生产工人要求：1、年龄18-55岁，能吃苦耐劳，服从工作安排；2、熟识机械操作运用。四、销售人员要求：1、应具备驾驶货车经验，熟识珠三角市场及两广地区；2、懂粤语、普通话，有经验者优先。五、车位女工（电脑衣车）要求：1、本公司系生产枕头、棉被为主的床上用品公司；女工要求基本熟识电脑衣车操作，年龄20-45岁！1.人事主管2.平面设计3.车缝班长4.中药养护员]]></content>
  <author><![CDATA[肇庆西江明珠]]></author>
  <time>2018-10-14 00:54:24</time>
  <account><![CDATA[v007_net]]></account>
</data>
