<data>
  <id><![CDATA[50545687]]></id>
  <url><![CDATA[https://mp.weixin.qq.com/s?timestamp=1539596538&src=3&ver=1&signature=Egrj350GoKY8-KUcIJshb-EJzn*AAgn3v33oByaNycuJlqJoPjaGifdbL*CiabE1sRoDTyY4JwbscNW993wEtBW09Zd88LhVLz0gS2h*kjvSZe1DM15nBw7IfXAB0tTPgKYOmwMTaogm3wggvRjOCwIYGMbEDwFVTd3x-eWtqco=]]></url>
  <title><![CDATA[司机高速上低头找手机，后排朋友“飞”走了！监控这一幕太吓人]]></title>
  <content><![CDATA[10月11日下午14时20分许，浙江绍兴高速交警指挥中心接到报警，驾驶员颤颤巍巍地吐着字：“快，救救我，救救我朋友，我在高速上出了事故，朋友被甩出去了，刚过双彩出口一点点路。”高速交警接警后，5分钟后赶到上虞方向287K+400M处，只见一辆浙A牌照的小车撞停在中央护栏处，车上的驾驶员在哀嚎着“我手断了，好疼，快去找找我朋友，我朋友不见了”。高速交警及路政沿周围找了一圈，没发现人，后来监控中心打来电话说，通过监控，明显看到车内有人甩出并被甩下了高速。当行驶到离双彩200米处，突然手机响了，他下意识的去摸手机，但是没摸到，于是他低头去找，突然副驾驶的朋友提醒他快要撞上中央护栏了，他连忙往右打方向，没想到打的大了，这里又恰好是一个弯道，车子就漂起来了，先撞了边护栏，后又撞了中央护栏，车子才停了下来，而在撞边护栏的一瞬间，后排的朋友丁某从后窗飞了出去。徐某对自己找手机的行为后悔不已，也对没有提醒朋友后排也要系好安全带后悔不已。本文选自都市快报（nddaily）1.车管所通知：明年起，你的驾照再也不是以前的驾照了！2.套路又来了，这些路段停车要交费了！3.一女子坐顺风车怀疑 “被下药”！最后发现司机竟然系...4.小小肇庆又被国家盯上了，速来围观！]]></content>
  <author><![CDATA[肇庆西江明珠]]></author>
  <time>2018-10-15 04:35:18</time>
  <account><![CDATA[v007_net]]></account>
</data>
