<data>
  <id><![CDATA[50545687]]></id>
  <url><![CDATA[https://mp.weixin.qq.com/s?timestamp=1539596538&src=3&ver=1&signature=Egrj350GoKY8-KUcIJshb-EJzn*AAgn3v33oByaNycuJlqJoPjaGifdbL*CiabE1sRoDTyY4JwbscNW993wEtBW09Zd88LhVLz0gS2h*kjsq90OgWJQViyyvRtN0orKEuO2zMepUsr7v7hlBsRnTiv58bdMqRqCQyxRU98qJQd0=]]></url>
  <title><![CDATA[小心！最近肇庆这个路段被狂吃牛肉干！很多人被罚惨！]]></title>
  <content><![CDATA[10月12日，有街坊报料说：昨天晚上九点，在肇庆百花园附近有好多小车被抄牌了。到底是为什么呢？跟小编一起去一探究竟。从街坊提供的图片可见：有一张大大的违法停车告知单贴在小车车窗，时间是2018年10月11日晚上九点，地点则是在百花园。除此以外，停在附近的好几辆小车都被抄牌了，细心观察，小编发现被抄牌的这些车都是停在了没有划线停车位上。对此，有街坊表示车位变少了，没有办法才停在路边；也有街坊认为如果人人都说没车位就乱停车，那不就造成道路拥堵，别人出入也不方便了吗？最后小编提醒大家，针对许多这样的违规抄牌，司机们还是别抱有侥幸心里，规规矩矩停在划线停车位，禁止停车的地方千万别停了，当然钱多可以任性下。对此，各位街坊们，你们又怎么看呢？来源：肇庆街坊1.车管所通知：明年起，你的驾照再也不是以前的驾照了！2.套路又来了，这些路段停车要交费了！3.一女子坐顺风车怀疑 “被下药”！最后发现司机竟然系...4.小小肇庆又被国家盯上了，速来围观！]]></content>
  <author><![CDATA[肇庆西江明珠]]></author>
  <time>2018-10-15 04:35:18</time>
  <account><![CDATA[v007_net]]></account>
</data>
