<data>
  <id><![CDATA[50545687]]></id>
  <url><![CDATA[https://mp.weixin.qq.com/s?timestamp=1539596538&src=3&ver=1&signature=Egrj350GoKY8-KUcIJshb-EJzn*AAgn3v33oByaNycuJlqJoPjaGifdbL*CiabE1sRoDTyY4JwbscNW993wEtH7BEAcqaeGvbK4943Qz1mnnNqCUgWD53Zt5bwFqBXdE9rwyVPU0C4n*mq8s4eHsUsN3fLSguq1cmibSI06nnGY=]]></url>
  <title><![CDATA[套路又来了，这些路段停车要交费了！]]></title>
  <content><![CDATA[关于公开征求开通柳园路、蓓蕾北路、蓓蕾南路、青莲路、跃龙中路等五条道路车辆有偿临时停放管理意见的通知为有效改善端州区柳园路、蓓蕾北路、蓓蕾南路、青莲路、跃龙中路等五条道路车辆乱停乱放、长期占用车位现象，提高停车泊位流通率，着力打造整洁、畅通、文明、有序的城市交通环境，拟对柳园路、蓓蕾北路、蓓蕾南路、青莲路、跃龙中路等五条道路经核准施划在人行道、车行道、市政设施用地的公共停车泊位开通道路车辆有偿临时停放管理。现将柳园路、蓓蕾北路、蓓蕾南路、青莲路、跃龙中路等五条道路车辆有偿临时停放管理实施范围及收费标准公开征求社会各界的意见和建议。时间从即日起至2018年10月21日止，为期12天，欢迎任何单位和个人通过信函、传真、电子邮件、电话等方式提出宝贵意见，我们将认真研究采纳合理意见建议。受理单位：端州区政府性资产管理中心地  址：端州区蓓蕾北路11号财政大楼3楼邮  编：526040电话/传真：0758-2222703邮  箱：zqsdrtzfzyxgs@163.com端州区政府性资产管理中心2018年10月10日有意见的赶紧反映吧！不过按以往的经验，收费是板上钉钉的事！收的费落入了谁的腰包，有知道的吗？有几个关键词让人联想：交警抄牌  铲除免费车位  规划收费车位  套路，都是套路，钱啊，你是好东西，又是罪恶之源！1.一女子坐顺风车怀疑 “被下药”！最后发现司机竟然系...2.小小肇庆又被国家盯上了，速来围观！3.投资失败欠下巨额债务，无力偿还后男子竟自制假币4.突发！肇庆二塔路口发生严重车祸！女子被辗压当场死亡？]]></content>
  <author><![CDATA[肇庆西江明珠]]></author>
  <time>2018-10-11 00:14:06</time>
  <account><![CDATA[v007_net]]></account>
</data>
