<data>
  <id><![CDATA[50545687]]></id>
  <url><![CDATA[https://mp.weixin.qq.com/s?timestamp=1539596538&src=3&ver=1&signature=Egrj350GoKY8-KUcIJshb-EJzn*AAgn3v33oByaNycuJlqJoPjaGifdbL*CiabE1sRoDTyY4JwbscNW993wEtKqJFxFxVLqBjW92F8B1EueltzSMyOn8SYVxU3yzUYgFYQPjpSCmwK0ka5m9hs1wBV3k*RizRixPfEfiOwbv9a0=]]></url>
  <title><![CDATA[网友预测！2019放假安排时间表新鲜出炉！距离下一个长假还有……]]></title>
  <content><![CDATA[2018年所有法定节日已经过完小编帮你们翻开日历数了一数距离下一个大长假，就是春节还有足足116天！116天！距离下一个小长假，就是元旦也还要整整82天！我们不如来看一看2019的假期安排表提前兴奋下吧~↓↓元旦1月1日2018年12月30日、12月31日和2019年1月1日，放假3天2018年12月29日（周六）正常上班春节2月5日每年的放假时间都是除夕到年初六2019年2月2日、2月3日需上班调休，放假7天清明节4月5日清明节刚好遇上周末实质等于放一天假2019年4月5日至4月7日，放假3天劳动节5月1日这个节比较惨因为放假前一周要连续工作7天！！4月27和28日（周六日）上班调休4月29日至5月1日，放假3天端午节6月7日时间为2019年6月7日至6月9日，放假3天中秋节9月13日和端午节一样，又是周五连着周末一起放，不需要调休2019年9月13日至9月15日，放假3天国庆节10月1日2019年10月1日至2019年10月7日，放假7天2019年10月8日正常上班9月29日（周六）和10月12日（节后的周六）需上班调休以上就是2019年放假安排时间表啦这是根据往年做的假期预测版，仅供参考正式版请等官方公布哦！来源：吃喝玩乐IN肇庆1.车管所通知：明年起，你的驾照再也不是以前的驾照了！2.套路又来了，这些路段停车要交费了！3.一女子坐顺风车怀疑 “被下药”！最后发现司机竟然系...4.小小肇庆又被国家盯上了，速来围观！]]></content>
  <author><![CDATA[肇庆西江明珠]]></author>
  <time>2018-10-14 00:54:24</time>
  <account><![CDATA[v007_net]]></account>
</data>
