<data>
  <id><![CDATA[50545687]]></id>
  <url><![CDATA[https://mp.weixin.qq.com/s?timestamp=1539596538&src=3&ver=1&signature=Egrj350GoKY8-KUcIJshb-EJzn*AAgn3v33oByaNycuJlqJoPjaGifdbL*CiabE1sRoDTyY4JwbscNW993wEtFyH3XtmcKgC0*2Sx7BuQf02gOGgntUJ6U5GgF-dGHTqU4ggmqL0hmvYuDzzXDF-NiEdggfiuc8*6qwcqHCaINI=]]></url>
  <title><![CDATA[广东嘉利车灯有限公司诚聘英才]]></title>
  <content><![CDATA[你想你的公司招聘信息出现在这里吗？可直接联系：0758-2754002（李小姐）------西江明珠人才网广东嘉利车灯有限公司是由嘉利股份(股票证券代码:833630)在广东肇庆（高要）汽车零部件产业园投资建设的“汽车随动前照灯系统、LED前照灯”项目，占地约200亩。主要为广汽丰田、一汽丰田、天津丰田、东风本田、东风日产、广汽乘用车、广汽三菱，广汽菲克，广汽传旗，广汽本田，广汽蔚来新能源，小鹏汽车等汽车客户配套生产汽车灯具。年产汽车随动前照灯系统、LED前照灯500万套，其它车灯1000万套的生产能力，年销售额超过12亿元人民币，年创税5000万元人民币以上。公司总部坐落于国家级浙江丽水经济开发区，环境优美，交通便捷。现有员工1000余人，其中专业技术人员300余人，中高级职称150余人，拥有专业的车灯模具设计和制造设计工程师70余人。母公司浙江嘉利工业股份有限公司创立于1987年，是一家从事汽车、摩托车灯具研发设计、制造、销售、服务于一体的专业生产企业。现有丽水、温州两大生产基地。年销售额超过8亿元人民币。目前公司主要为一汽轿车、丰田、东风汽车、东风日产、广汽丰田、广汽乘用车、昌河铃木、中国重汽、北汽汽车、陕汽集团以及五羊本田、新大洲本田、YAMAHA、SUZUKI等国内外整车制造企业配套。联系人：邓小姐电话：0758-8539965、15919059417邮箱：441054434@qq.com地址：肇庆高要金利镇金湾南路9号一、项目经理岗位职责：1、根据公司安排接收新项目，并启动立项申请和人员配置安排。2、了解国内外同类产品的结构和功能特点，专利著作以及发展趋势，作出技术分析报告，专利分析报告。3、制订新项目的可行性报告、项目计划书和设计任务书。4、推动项目组中研发、工艺、品质、工模和制造模块代表按照项目计划进行项目活动，当过程中异常时，立即组织和协调资源推动项目快速实现。5、编制项目过程报表以及进行项目组成员管理。6、负责新项目产品企业标准的制定。任职条件：1、大专以上学历，英语口语良好，机械类专业优先。2、从事汽车零配件项目管理2年以上或有同等工作经验3年以上亦可。3、熟悉新产品开发AQPQ流程，能适应出差。二、电子工程师岗位职责：1、出具硬件/软件接口规格书； 2、 选择并分配单片机资源，以及是否需要扩展外围电路；3、出具软件规格书，流程图；4、编写源代码，并调试；5、软件测试；6、软件标准化，模块化；7、为项目工程师、硬件工程师提供技术支持。任职条件：1、精通C语言和汇编语言； 2、 精通MICROCHIP的单片机及其开发环境；3、拥有良好的软件结构化编程思维及习惯，能出具软件规格书，流程图，测试守则及标准化软件。三、稽核专员岗位职责：1、认真执行公司稽查的方针政策；2、严格监督检查制止违规行为，防止不合理的事件发生，维护企业与员工的利益；3、稽核人员每日对各作点进行稽核，并对查出的问题如实汇报经理室；4、如实填写稽核台账，对稽核出的问题要做到事实清楚，处理公正，汇报及时；5、不得参与违章乱纪的行为。任职要求：1、中专以上学历，性别不限，专业不限；2、在公司任职1年以上，具有稽查工作经验者优先；3、熟悉公司的各项规章制度，熟练掌握Excel 、office等办公软件运用；4、要求具有较强分析判断能力、执行力，具备良好的沟通、组织、协调和文字表达能力。四、企业文化专员岗位职责：1、协助推动公司企业文化系统建设、企业理念、形象、文化宣传工作；2、负责相关文件和文字资料的起草工作；3、企业文化活动的主持、筹划、组织、实施；4、积极配合本部门及其他部门的相关工作。任职要求：1、大专以上学历，中文、新闻相关专业，可接受优秀应届生；1、具有厂庆或年终晚会组织策划能力优先；2、擅长公文写作和活动策划与宣传；3、性格活泼，沟通能力强。五、安全主管岗位职责：1、负责修订公司有关安生产管理和安全技术操作规程，并检查执行2、负责编制工厂安全措施计划和隐患整改方案，及时上报和检查落实3、协助工厂车间主任做好职工的安全思想、安全技术教育工作、负责新员工安全教育，指导并督促检查班组的安全教育4、负责安排并检查班组安全、6S活动，组织防反恐事故演习5、负责工厂安全技术装备、灭火器材、防护和急救器具的管理，掌握车间尘毒情况提出改进意见和建议。任职条件：1、3年以上工作以上工作经验，大专以上学历，专业不限2、熟悉办公软件，熟悉安全生产的相关法规3、具有良好的沟通协调能力以及抗压能力六、前台文员1人岗位职责：1、负责公司电话总机的接听、转接工作，为来电人员提供资询服务；2、负责公司来访人员的接待工作；3、负责公司杂志、报刊等文件的分类工作；4、负责公司相关资料的分类、保存、归档管理工作；5、负责前台区域的环境卫生管理工作；6、协肋部门经理完成其他行政工作。任职条件：1、女性，大专以上学历，行政管理、文秘相关专业优先；2、具备1以上工作经验；3、具备良好的语文表达能力、应变能力；4、形象气质佳，具有亲和力；5、熟悉使用办公软件。福利待遇：月薪：3000-4500元1、五险一金，餐补10元/天，免费住宿，补40度电，超出平均分摊；2、新公司，平台好，发展空间大。七、质量工程师岗位职责：1、进行产品质量、质量管理体系及系统可靠性设计、研究和控制；2、组织实施质量监督检查；3、进行质量的检查、检验、分析、鉴定、咨询；4、进行产品认证、生产许可证、质量检验机构和实验室考核等合格评定管理；5、调节质量纠纷，组织对重大质量事故调查分析；6、研究开发检验技术、检验方法、检验产品；7、制定质量技术法规并监督实施；8、设计、实施、改进、评价质量与可靠性信息系统任职条件：1. 大专以上学历，性格开朗，沟通协调能力强；2. 2.吃苦耐劳，服从领导的工作安排；3. 4.有同职工作经验2年以上。八、体系专员岗位职责：1、质量体系文件、新品图纸管理（文件更新、文件会签/下发、旧文件回收）2、 公司各类质量活动的策划、推进，质量活动文案的编写、发行3、 品质日报数据每日汇总、分析、结果反馈4、 第二方、第三方审查对应5、 部门日常事务性工作（部门各类会议资料的汇总、整理）6、 协助上级完成公司行政事务，积极完成上级交待的其它事务性工作任职条件1、 2年以上文职类的工作经验，表达能力强，善于题写各类文案、规定；2、 熟练操作各种办公软件，熟悉ISO\IATF体系相关；3、 抗压能力强，能服从工作安排。九、见习工程师3人专业要求：电子信息工程岗位要求：熟悉单片机和C语言福利待遇：月薪：3000-4000元十、物料配送员10人岗位职责：1、性别不限，45岁以下，初中以上学历；2、要求工作踏实，能吃苦耐劳，无不良嗜好：3、服从领导对工作的安排。工作地点：肇庆市高要区金利镇广东肇庆市(高要)汽车零部件产业园金湾南路9号薪酬福利：月薪：3500-4500元1、定额计件8元/H2、考核奖金800~1000元/月3、五险一金齐全4、宿舍配空调、太阳能热水、无线网络、独立阳台卫生间5、餐补260元/月十一、实验员2人岗位职责：1、做好仪器器材的添置、验收、领发、回收、清点、保管、保养和安全工作，及时对仪器、器材、药品分类编号、登记造册，做到账物相符，便于査找。2、做好实验教学仪器情况的登记统计工作，做到有案可查。3、做好实验室和仪器器材使用后的清理、验收工作；搞好实验室、仪器器材的维修和检修工作，并做好卫生保洁工作，保证实验室、器材室清洁、整齐、安全。4、及时采集、整理并妥善保管实验器材和资料仪器说明书，想方设法提高实验的有效率和仪器的使用寿命，提高服务质量和水平。5、凡遇来访和参观等事项，须提前安排好本职工作，服从学校安排，做好各项接待工作。6、做好学期总结工作和各类统计(书面汇报仪器设备完好情况、使用情况和任职条件：1、大专以上学历，电子、机械类专业优先，可接受优秀应届生2、熟悉使用办公软件，有车灯测试经验者优先福利待遇：月薪：3000-5000元五险一金，餐补10元/天，免费住宿，夏季补贴60度电，冬季补贴40度十二、模具学徒2人岗位职责：1基本的模具维修，维护，保养技能2.基本的现场整理，整顿，清理，清扫技能3.解决生产过程中冲压生产出现的故障，保障生产任务顺利完成。4.认真做好巡线工作，跟踪模具使用和生产情况，及时发现问题，及时进行解决，并指导操作工进行批量生产。任职要求：1、男性，中专以上学历，身体健康、能吃苦耐劳，可接收应届毕业生；2、工作有责任心，积极主动性强,有较好的沟通能力；3、了解各种机械加工的方法。福利待遇：月薪：2000-3000元五险一金，餐补10元/天，免费住宿，电费均摊十三、工程/设备工程师2人岗位职责：1、3年以上总装工作经验，熟悉产品工艺、设备调试2、对灯具涂胶、测光机、气密设备等设备熟悉职位要求：1、熟悉Office、CAD软件，有电工证优先；2、男性，中专以上学历，机电一体化专业优先；3、优秀应届生亦可接受。福利待遇：月薪：4000-5000元。五险一金，有餐补，免费住宿，夏天补助60度电/月十四、仓管员/组长3人岗位职责：1、对仓库日常的工作流熟悉，能独立处理异常；2、定期盘点物料并作分析；3、月度呆滞品报表分析，并组织相关部门改善问题；4、工作认真负责，主动性强，抗压能力强。任职条件：1、有2年以上仓库管理经验，有较好沟通协调能力；2、熟悉操作办公软件，中技以上学历。福得待遇：月薪：4000-5000元。1、五险一金，有餐补，免费住宿，夏天补60度电，超出平分；2、新公司，发展空间大。十五、英语翻译1人工作内容：1、负责大众客户技术资料翻译；2、大众客户相关资料中英互译；3、国外客户沟通交流及公司高层的谈判翻译；4、海外专家来访的会务工作。职位要求：1.、本科以上学历，英语或机械类专业，能适应出差；2、1年以上翻译工作经验，有大众项目经验优先；3、熟练掌握听，说，读，写等英语基本技能；4、有一定的翻译基础，能够用英语进行熟练沟通；5、思维灵活，有较强的人际沟通能力，熟练掌握办公软件。福利待遇：月薪：5000-6000元五险一金，免费住宿，餐补10元/天十六、生产计划/物料管理(PMC)3人岗位要求：1、有叉车证，叉车从业经验1年以上；2、要求工作踏实，能吃苦耐劳，无不良嗜好；3、服从领导对工作的安排；4、男性，高中或以上学历。工作地点：肇庆市高要区金利镇广东肇庆市(高要)汽车零部件产业园金湾南路9号薪酬福利：十七、电工3人岗位要求：1、有电工证，电工工作经验三年以上；2、吃苦耐劳；3、男性，高中或以上学历。福得待遇：月薪：4000-5000元。十八、喷漆工岗位职责1、负责公司相关产品的喷塑工作；2、负责喷塑线的设备保养与调试。任职要求：3年以上喷涂工作经验，车灯行业优先。1.车缝班长2.中药养护员3.全职球童4.行政助理]]></content>
  <author><![CDATA[肇庆西江明珠]]></author>
  <time>2018-10-12 01:05:15</time>
  <account><![CDATA[v007_net]]></account>
</data>
