<data>
  <id><![CDATA[50545687]]></id>
  <url><![CDATA[https://mp.weixin.qq.com/s?timestamp=1539596538&src=3&ver=1&signature=Egrj350GoKY8-KUcIJshb-EJzn*AAgn3v33oByaNycuJlqJoPjaGifdbL*CiabE1sRoDTyY4JwbscNW993wEtNjM8IyzJ95IaiTvmb*ux38gS47HEwPTR-WmiLG45RE41QUNLqHNyRtkwg8unCLJrEtxSysg24nqPWo*qD5ygFQ=]]></url>
  <title><![CDATA[肇庆市香满源食品有限公司诚聘英才]]></title>
  <content><![CDATA[你想你的公司招聘信息出现在这里吗？可直接联系：0758-2754002（李小姐）------西江明珠人才网中国广东省肇庆市香满源食品有限公司成立于1999年2月，坐落在人杰地灵、物华天宝的历史文化古城———肇庆市端州区。香满源酱油酿造技术源于1040年宋朝时代，目前是肇庆市知名的酱油、蚝油、调味汁、酱类等调味品的重要生产基地。“香满源，造福您家园！”。多年来，公司始终秉承“以德为本，以质取胜”的经营理念，致力于研发、生产酱油中之精品，其中主导系列的“天鼎尚品”酱油坚持采用古法酿造、天然晒制的传统工艺，地窖回阴的独特方法，结合现代的科学养生技术，潜心研发，精心制作，使香满源产品具有色泽鲜艳红壮、味道鲜美和谐、豉香清醇浓郁、体态澄明、营养、卫生的特点，深受广大消费者的欢迎，创造了“味、色、香、浓俱全，尽在香满源”的时代。香满源产品畅销国内市场，远销美、欧等国家和地区。多年来香满源曾先后荣获各种荣誉，更在中国食品博览会上问鼎金奖，让公司跻身于中国知名品牌企业的行列。近年来，公司致力于企业的自身建设和发展，不断加大扩建规模的资金投入，实现了生产设备的升级换代。在导入先进工艺技术，引进技术人才等方面取得了飞跃的发展。目前，香满源公司拥有自动化的生产设备，先进的生产工艺，精准的化验设备，标准化的管理模式，信息化的物联网。成功通过了QS认证和ISO9001质量体系以及HACCP体系等认证，凭借其自身过硬的品质通过出口商检的严格检验。产品远销世界各地，香满源酱油酿造专家的美誉必将唱响全世界。香满源，造福您家园！联系人：梁先生电话：18807587000 13802850036邮箱：lyc@zm668.com地址：黄岗宾日开发区一、销售理货员月薪3500元＋业绩提成＋试用期后购社保二、销售文员1、有经验者优先2、工作认真负责，有上进心3、服从公司工作安排三、网站图编兼客服工作内容：负责管理网站后台商品上单，订单管理跟进，回答日常客户咨询职位要求：能熟练运用各种P图软件，懂简单网站操作，懂制作GIF或FLASH动画更佳工作时间：上午8:00-12:00，下午2:00-6:00四、奶茶店员招聘奶茶店店员若干名，要求有奶茶调配经验。五、销售总监从事食品销售行业10年以上；30-35岁；吃苦耐劳，作风正派，有领导及组织能力，有市场判断能力，有独立销售能力；有一定电脑知识；有工作车辆，5年以上驾驶经验；完成目标考核任务确保年薪十二万。六、工业会计1、买社保2、30-40岁3、独立处理账务4、服从工作安排5、有摩托车或小车优先6、熟悉出口免抵退税者优先1.电梯维护保养员（高新区)2.房屋安全鉴定技术员3.项目工程师4.产品开发师]]></content>
  <author><![CDATA[肇庆西江明珠]]></author>
  <time>2018-10-08 00:30:13</time>
  <account><![CDATA[v007_net]]></account>
</data>
