<data>
  <id><![CDATA[50545687]]></id>
  <url><![CDATA[https://mp.weixin.qq.com/s?timestamp=1539596538&src=3&ver=1&signature=Egrj350GoKY8-KUcIJshb-EJzn*AAgn3v33oByaNycuJlqJoPjaGifdbL*CiabE1sRoDTyY4JwbscNW993wEtDhYqClhCzZwIUdzZdU9MZWw-t*Zn*QuiNhIZCiUSuSpdM*G9irCtvkoqgrg4Ye2j4iGTZN8IJuB0dTeRLj3smY=]]></url>
  <title><![CDATA[再见了，高铁霸座！广东出台首个全国法规，更严厉的是......]]></title>
  <content><![CDATA[前段时间闹得沸沸扬扬的“高铁霸座”事件，相信大家都不陌生！乘客出行美美的心情，就这样被他们毁了，真让人生气！近期网络曝光的“霸座家族”△每一次的霸座行为后紧跟的往往是“乘务员、列车长先后劝说，均无效”而且事件的处理结果也有点不尽人意！▼比如这种不痛不痒的惩罚▼孙某和周某均被罚款200元并在一定期限内限制其购票乘坐火车衡阳铁路公安发布的警情通报△虽然，两人都被载入历史写进了网络词条▼但是更多的网友们仍在呼吁这样的行为需要法律更强有力的约束▼是啊，难道每次发生这种行为只能靠网络曝光来惩治吗？霸座究竟是法律问题还是道德问题？一时之间，饱受争议！咱们大广东率先出手，全国首个禁止火车占座的法规来了！↓↓↓广东出台首个“禁止占座”法规9月30日，广东省第十三届人大常委会通过的《广东省铁路安全管理条例》第34条提到，无有效车票、车票所记载身份信息与本人真实身份信息不符的，铁路运输企业有权拒绝其进站乘车。旅客应当按照车票载明的座位乘车，不得强占他人座位。有了这些条例“霸座”行为不仅将受到法律约束还会被列入失信行为记录！还会推送到全国的信息共享平台！还有许多其他的不文明乘车行为！除了高铁“霸座”事件之外，不得不提的还有“高铁扒门”事件！（无视法规阻拦高铁关门，要全车人等她老公！）这类行为也有惩治办法了！↓↓↓1. 围堵列车、阻碍发车，或者采取强行登乘、拒绝下车等方式影响列车运行；2. 在铁路线路上放置、遗弃障碍物或者在铁路线路上飞行无人驾驶航空器；3. 向运行中的列车抛掷影响行车安全的物品；4.在禁止吸烟的列车上、列车的禁烟区域内吸烟或者能够产生烟雾的香烟替代品及法律法规规定的其他禁止行为。如若实施这些禁止行为，将由公安机关责令改正，对单位处一万元以上五万元以下的罚款，对个人处五百元以上二千元以下的罚款。（戳视频看更多！）据了解，该管理条例将从2018年12月1日起施行其实，所有的不文明行为不仅仅关乎个人素质的问题这更是缺乏规则意识的体现俗话说无规矩不成方圆法规制度才是文明社会的保障遵守规则拒绝“霸座”拒绝不文明行为可以做到的点个zan哦！来源：广东潮事儿1.车管所通知：明年起，你的驾照再也不是以前的驾照了！2.套路又来了，这些路段停车要交费了！3.一女子坐顺风车怀疑 “被下药”！最后发现司机竟然系...4.小小肇庆又被国家盯上了，速来围观！]]></content>
  <author><![CDATA[肇庆西江明珠]]></author>
  <time>2018-10-13 05:59:42</time>
  <account><![CDATA[v007_net]]></account>
</data>
