<data>
  <id><![CDATA[50545687]]></id>
  <url><![CDATA[https://mp.weixin.qq.com/s?timestamp=1539596538&src=3&ver=1&signature=Egrj350GoKY8-KUcIJshb-EJzn*AAgn3v33oByaNycuJlqJoPjaGifdbL*CiabE1sRoDTyY4JwbscNW993wEtAxjnG04OVzOalX4ErPoBTsLuVLn7azFtbUve1m8vRGA1FOY92JrOdnxcDCx9B5MSXEg5BeRbi0WBXY1CSnnEkI=]]></url>
  <title><![CDATA[城区公交专用道真的来了，10月15日将试行！这些行车事项必须知道！]]></title>
  <content><![CDATA[为优化公交线路提升道路通行效率时段性公交和大载客量车辆优先专用道将在端州城区试行最新消息！肇庆城区离公交专用道越来越近，出行将更快捷！重要提示！肇庆城区道路通行有变化，不懂亏大了！1试 行 时 间2018 年10 月 15 日 ~~ 11 月 15 日（为期一个月）11实施范围端州城区端州四路至端州五路试行公交车、大型客车、大载客量车辆（乘坐3人及以上的小车）、摩托车专用道，全长2.48km。11专用道设置上述路段通行方向最右侧车道，车道两侧施划黄色车道线。111111通行时间专用道专用通行时间为法定工作日上午7：00时—9：00，下午17：00—19：00其他时段及法定节假日期间，公交专用道按普通车道通行。有关事项01其他车辆行经交叉路口需右转通行时，可以借用公交专用道通行（注意礼让），但不得将车辆停在专用道上等候通行。02警车、消防车、救护车、工程救险车在执行紧急任务时，可以借用公交专用道行驶；非执行紧急任务时，不得占用公交专用道行驶。03遇有交通事故、交通拥堵或者交通管制等特殊情况，其他车辆按照交通警察指挥提示可以借用公交专用道行驶。04公安交警部门将加强对公交专用道的管理。试行期间，对非法占用公交专用道通行和停车等交通违法行为进行警告、教育及劝导。原 件 如 下∨公交专用道是为了保障城市的交通环境提高道路的通行能力在肇庆仍属新兴事物相信随着大家的了解以及交通设施的进一步完善肇庆的交通一定会越来越畅顺广大肇庆车主不要着急上火，新的措施有没有效果，试行后就知道了，有句广告词说得好：“不看广告看疗效！”1.小小肇庆又被国家盯上了，速来围观！2.投资失败欠下巨额债务，无力偿还后男子竟自制假币3.突发！肇庆二塔路口发生严重车祸！女子被辗压当场死亡？4.“骂我可以，不要扣我工资”，一句话刷爆肇庆人朋友圈，无数人泪目…]]></content>
  <author><![CDATA[肇庆西江明珠]]></author>
  <time>2018-10-10 06:28:18</time>
  <account><![CDATA[v007_net]]></account>
</data>
