<data>
  <id><![CDATA[50545687]]></id>
  <url><![CDATA[https://mp.weixin.qq.com/s?timestamp=1539596538&src=3&ver=1&signature=Egrj350GoKY8-KUcIJshb-EJzn*AAgn3v33oByaNycuJlqJoPjaGifdbL*CiabE1sRoDTyY4JwbscNW993wEtM4ny7R2O-0AJlcik9PPBshXdDKDtQgws0-euoXEd-DKgbsCK6OKmxw4NArjtWkvODi3K6rFffNhI3FZWalbNFQ=]]></url>
  <title><![CDATA[小小肇庆又被国家盯上了，速来围观！]]></title>
  <content><![CDATA[昨天，《人民日报》发布了2018年中国中小城市科学发展指数研究成果，在多项榜单中，都出现了高要及四会的名字！《 人民日报 》（ 2018年10月8日 12 版）公布了本次研究成果名单（点击查看大图）其中，肇庆的“南大门”高要入选“2018年度全国绿色发展百强区”、“2018年度全国投资潜力百强区”。▼▼▼（上下滑动查看完整榜单）肇庆的“东大门”四会入选“2018年度全国综合实力百强县市”、“2018年度全国投资潜力百强县市”、“2018年度全国绿色发展百强县市”、“2018年度全国科技创新百强县市”、“2018年度全国新型城镇化质量百强县市”。▼▼▼（上下滑动查看完整榜单）作为肇庆的“南大门”和“东大门”，高要和四会正在振兴之路上加速前行，本次入选可谓实至名归！高要区高要区坚持以习近平新时代中国特色社会主义思想为指导，全面贯彻党的十九大精神，深入学习贯彻习近平总书记重要讲话精神，按照省委十二届四次全会、市委十二届六次全会部署，坚持产业强区不动摇，大力实施工业发展“366”工程和创新驱动发展“1133”工程，持续开展“工业园区建设年”“招商引资年”“项目落地年”活动。▲ 大唐国际热电冷联产项目 吴丁发 摄高要区通过引进西江国际未来科技城、信基创新科技园、鸿图科技园、方恒新材料等一批大产业项目，大力推动新能源汽车、先进装备制造、节能环保等产业规模化、集聚化、高端化发展，加快产业转型升级、新旧动能转换和提质创新发展，经济社会持续稳定发展。>>>>乡村秀丽高要区被评为首批“2016—2020年度全国科普示范区”。回龙镇被认定为全国第一批中国特色小镇，是肇庆市首个中国特色小镇；水南镇入围“广东省森林小镇”。▲ 回龙镇澄湖古村。许庆彬 摄>>>>投资热土广东鸿图科技、天龙油墨、广东金鼎黄金等3家企业荣登2017年广东省企业500强，高要现有上市公司6家。广东肇庆（高要）汽车零部件产业园成功申报省级产业转移园，园区载体不断完善提升。>>>>焕然一新高要区坚决落实打好打赢“三大攻坚战”的要求，防范化解重大风险、精准脱贫、污染防治取得阶段性成效。深入开展创建全国文明城市，以新一轮三年创文为契机，大力开展迎省运“五点一线”和创文“八大整治提升行动”，扎实推进现代农业发展和美丽乡村建设，城乡面貌焕然一新。▲ 开展新农村建设后，乐城镇社播村面貌焕然一新。 张勇坤 摄▲紫云大道是高要融入对接珠三角核心地区的“主动脉”之一，也是对外展示高要良好城市形象的窗口。苏科伟 摄▲阅江大桥建成通车，两岸的往来更加便利。李显才 摄四会市△徐治彪  摄近年来，四会市贯彻落实省委十二届四次全会和肇庆市委十二届六次全会精神，围绕建设成为“珠江西岸先进装备制造业集聚地、肇庆产城互动发展示范区、实施追赶型发展的重要增长极”目标定位，努力建设肇庆产业强市重要增长极，大力实施工业发展“366”工程、创新驱动发展“1133”工程，持续开展“工业园区建设年”“招商引资年”“项目落地年”活动。四会市县域经济综合发展力位居全省第一，是全省唯一列入国家新型城镇化综合试点和“多规合一”试点的县级市，荣获“全国文明城市”荣誉称号，已然发展为一座宜居宜业宜游的现代化文明城市。>>>>区位优势明显四会是肇庆实施“东融” 战略的排头兵，拥有明显的区位优势。● 二广、广佛肇、珠外环、汕湛江等两纵两横四条高速共设11个高速出入口。● 广佛肇城际轻轨、贵广铁路、三茂铁路穿境而过。● 四会港依托西江水道通江达海。● 全面融入珠三角一小时经济生活圈。>>>>创新企业摇篮四会市拥有省级以上创新平台28个，完成全年目标任务的90%，正在加快新型研发机构建设。占地2000㎡四会市高新科技企业孵化中心，已引驻在孵企业12家。在建孵化器——南国玉都科技孵化基地，面积约8000㎡，力争12月底前引进入孵创客或团队至少10家。四会与华南农业大学珠江学院和广东华商学院投资方签订了项目建设合作协议，两所高校投资方各筹建5万㎡的科技孵化器场所以及2万㎡人才公寓大楼。>>>>大力招商引资2018年上半年新引进项目24宗，总投资103.6亿元。其中,超10亿元项目5宗（包括金田铜业、四会“新城·吾悦广场”项目、广东华商学院项目、华南农业大学珠江学院四会项目、四会市家居建材交易中心项目）。▲广东华商学院               ▲华南农业大学珠江学院先后举办了两场农业招商推介会，共引进42个农业产业项目，计划总投资25亿元，聘请了6名专家顾问为四会智慧农业发展把脉建言。▲ 农业产业项目集中签约仪式相信在市委、市政府的带领下，肇庆其他县（市、区）都会像高要和四会一样，蓬勃发展，再创佳绩！1.投资失败欠下巨额债务，无力偿还后男子竟自制假币2.突发！肇庆二塔路口发生严重车祸！女子被辗压当场死亡？3.“骂我可以，不要扣我工资”，一句话刷爆肇庆人朋友圈，无数人泪目…4.肇庆各大微信群疯传女子公交车上被暴力猥亵，大声哭叫无人劝阻? 警方通告来了]]></content>
  <author><![CDATA[肇庆西江明珠]]></author>
  <time>2018-10-09 07:40:35</time>
  <account><![CDATA[v007_net]]></account>
</data>
