<data>
  <id><![CDATA[50545687]]></id>
  <url><![CDATA[https://mp.weixin.qq.com/s?timestamp=1539596538&src=3&ver=1&signature=Egrj350GoKY8-KUcIJshb-EJzn*AAgn3v33oByaNycuJlqJoPjaGifdbL*CiabE1sRoDTyY4JwbscNW993wEtM4ny7R2O-0AJlcik9PPBsiSBXNZC51*pALBD6bgm7YnUyRXiRZCEKxKn9Bzzth3-IGcGFoY08nMqVfj012VNfY=]]></url>
  <title><![CDATA[注意啦！10月8日起，高要南岸城区实施部分时段长期限行黄色号牌货车！]]></title>
  <content><![CDATA[为进一步优化高要城区空气环境质量，缓解上、下班高峰期交通拥堵状况，切实提高道路交通文明水平，经研究，决定在高要南岸城区范围实施部分时段限行黄色号牌货车的交通管制措施，具体事项通告如下：一、交通管制路段范围：沿江一路与要南一路交汇路口──要南一、二路──要南二路与德星路交汇路口──湖西路──沿江三路──新江口桥──阅江桥底路口──沿江二、一路──沿江一路与要南一路交汇路口区域内所有路段（含上述路段，具体见附件1示意图）二、交通管制措施：限行黄色号牌货车。三、交通管制时间：每日早上7：30至9：00时；下午17：30至19：00时。四、实施时间：2018年10月8日起长期执行。交通管制期间，我局交警大队将联合区环保、交通、城综等职能部门进一步加大路面巡逻执法力度，结合使用电子执法系统对黄色号牌货车闯限行、尾气超标排放、超限超载、非法改装、遗撒货物、扬尘污染等道路交通违法行为进行依法查处。请广大货运从业人员相互告知，提前做好路线规划，严格按照交通标志指示，绕开限行时间、路段遵章出行，安全驾驶！特此通告。高要南岸城区最新限行黄色号牌货车区域范围示意图▽▽▽2018年10月8日起高要南岸城区相关路段限行黄色号牌货车情况调整一览表▽▽▽请广大驾驶者遵章出行服从交警指挥安全驾驶！来源：高要广播电视台微信公众号、肇庆广播电视台1.投资失败欠下巨额债务，无力偿还后男子竟自制假币2.突发！肇庆二塔路口发生严重车祸！女子被辗压当场死亡？3.“骂我可以，不要扣我工资”，一句话刷爆肇庆人朋友圈，无数人泪目…4.肇庆各大微信群疯传女子公交车上被暴力猥亵，大声哭叫无人劝阻? 警方通告来了]]></content>
  <author><![CDATA[肇庆西江明珠]]></author>
  <time>2018-10-09 07:40:35</time>
  <account><![CDATA[v007_net]]></account>
</data>
