<data>
  <id><![CDATA[50545687]]></id>
  <url><![CDATA[https://mp.weixin.qq.com/s?timestamp=1539596538&src=3&ver=1&signature=Egrj350GoKY8-KUcIJshb-EJzn*AAgn3v33oByaNycuJlqJoPjaGifdbL*CiabE1sRoDTyY4JwbscNW993wEtNjM8IyzJ95IaiTvmb*ux3*kcqg3jsWPHzzHXBsbCuquwF6l5EZZiogx2-p39Z5GMnhfcZSVphRYH*3SpI9jjk8=]]></url>
  <title><![CDATA[肇庆宋城墙会因”侠客”攀登而名扬天下吗？]]></title>
  <content><![CDATA[肇庆城区的宋城墙是肇庆的一张靓丽名片，但遗憾的是一直不为大多数国人所知，据某媒体报道，10月5日有游客徒手攀上了城墙，并且还发微博炫耀，人民网也做了报道，宋城墙能一爬名扬天下吗？小编真心希望宋城墙名扬天下，给肇庆带来好运，但不希望是通过这种方式，“侠客”所为真不值得仿效，如果给城墙带来损坏还涉嫌犯罪。爱护宋城墙是每个肇庆人的职责。（警方未接获报警，该信息待证实）原文：游客徒手攀爬宋代古城墙疑还发视频炫耀 警方：暂未接到报案看看新闻Knews 2018-10-07 16:0210月5日晚，据网友报料，广东肇庆端州区，一名黑衣男子徒手攀爬城区内的名胜古迹宋城墙。据了解，宋城墙始建于宋政和三年（1113年），于2002年被列为第五批全国重点保护单位。城墙体上有宋、元、明、清、民国历代的青砖，甚至保留了整段宋砖筑砌的城墙，砖有九种不同的规格，是历史上多次修葺的证据，明清两代历经近20次修葺，堪称“砖的博物馆”。据网友截图，该男子疑似还曾发微博“夜探端州府”炫耀，博文目前已经被删除。记者电话询问了宋城墙所属辖区派出所，不过民警表示最近并没有接到相关报案。]]></content>
  <author><![CDATA[肇庆西江明珠]]></author>
  <time>2018-10-08 00:30:13</time>
  <account><![CDATA[v007_net]]></account>
</data>
