<data>
  <id><![CDATA[50545687]]></id>
  <url><![CDATA[https://mp.weixin.qq.com/s?timestamp=1539596538&src=3&ver=1&signature=Egrj350GoKY8-KUcIJshb-EJzn*AAgn3v33oByaNycuJlqJoPjaGifdbL*CiabE1sRoDTyY4JwbscNW993wEtFyH3XtmcKgC0*2Sx7BuQf3copW6xZhWNZoqfGt-aRdwJsdMTcQW0hyglP07qlC4rSfUHBE23MUndNPwqtpVtHo=]]></url>
  <title><![CDATA[好消息！肇庆这些无法上户口的人现在可登记入户了！]]></title>
  <content><![CDATA[在肇庆有这么一群人私自收养了社会弃婴（童）因为各种各样的原因导致无法登记户口因为没有户口他们无法购票搭乘公共交通工具无法报名上学读书……大多数的社会保障无法享受他们的生活受很大的影响如今这种问题得到重大突破在肇庆这类型的无户口人员可登记入户！！！根据相关文件精神，近日，肇庆市民政局、肇庆市公安局联合印发《关于妥善解决无法办理收养登记的私自收养其他无户口人员入户问题的通知》，明确在肇私自收养弃婴（童）无户口人员入户程序，彻底解决该类无户口人员登记户口问题，切实保障其依法登记常住户口。对象无法办理收养登记的私自收养其他无户口人员入户问题，本人或承担监护职责的单位及个人可以提出申请，经公安机关会同有关部门调查核实后，依照相关规定，实事求是地办理常住户口登记。办理流程➀：捡拾人或抚养人到弃婴（儿童）发现地的县级民政部门提出申请，并填写《捡拾弃婴（儿童）情况证明》。县级民政部门根据当事人提出的申请，出具《关于当事人不符合收养登记办理条件的意见》。➁：捡拾人或抚养人持《捡拾弃婴（儿童）情况证明》，携弃婴（儿童）到发现地的派出所进行报案，并向发现地派出所提供弃婴（儿童）近期生活照片一张，由派出所出具《捡拾弃婴（儿童）报案证明》。弃婴（儿童）发现地的派出所必须对除捡拾人或抚养人以外人员进行调查，调查材料不少于3份。➂：捡拾人或抚养人持《关于当事人不符合收养登记办理条件的意见》《捡拾弃婴（儿童）情况证明》《捡拾弃婴（儿童）报案证明》到发现地公安部门提交关于解决被抚养人户口问题的书面申请，并携带弃婴（儿童）到发现地公安部门进行抽血采样和指纹提取，公安部门履行DNA信息比对、指纹识别等程序后，由捡拾人向社会发布寻亲公告。➃：负责接收弃婴（儿童）的公办福利机构根据《捡拾弃婴（儿童）报案证明》《广东省社会福利机构接收弃婴（儿童）审批表》，对未有生父母或其他监护人认领的弃婴（儿童）提出接收意见，报其主管民政局核准同意后，可将弃婴（儿童）接收入院，并向公安部门出具《准予入户福利院通知书》。➄：发现地公安部门会同捡拾人或抚养人将私自收养的弃婴（儿童）送到负责接收弃婴（儿童）的公办福利机构，由福利机构为接收的弃婴（儿童）办理入户福利机构户口手续。➅：捡拾人或抚养人与接收弃婴（儿童）入户的福利机构签订《寄养协议书》，捡拾人或抚养人可以将原私自收养的弃婴（儿童）领回捡拾人或抚养人家庭寄养。➆：捡拾人或抚养人按照《收养法》的有关规定，到福利机构所在地的县级民政部门申请办理寄养的弃婴（儿童）收养登记手续。捡拾人或抚养人属于华侨以及居住在香港、澳门、台湾地区的中国公民到市民政局办理收养登记。民政部门对符合收养条件的发给《收养证》。➇：公安部门凭民政部门的《收养证》，为被收养人办理户籍迁移手续并登记在收养人家庭户口簿。温馨提示：已按照“其他无户口人员”登记户口的相关措施办理常住户口登记的，可以向公安户籍管理部门申请将未满14周岁儿童户口转迁至当地福利机构集体户。并向当地民政部门申请办理收养登记，理顺收养关系。如果您或您身边有“无户口人员”，请尽快与当地民政部门联系吧！我们会依法、依规、全心、全力为您解决好这人生大事！来源：肇庆市民政局、肇庆广播电视台1.套路又来了，这些路段停车要交费了！2.一女子坐顺风车怀疑 “被下药”！最后发现司机竟然系...3.小小肇庆又被国家盯上了，速来围观！4.投资失败欠下巨额债务，无力偿还后男子竟自制假币]]></content>
  <author><![CDATA[肇庆西江明珠]]></author>
  <time>2018-10-12 01:05:15</time>
  <account><![CDATA[v007_net]]></account>
</data>
