<data>
  <id><![CDATA[50545687]]></id>
  <url><![CDATA[https://mp.weixin.qq.com/s?timestamp=1539596538&src=3&ver=1&signature=Egrj350GoKY8-KUcIJshb-EJzn*AAgn3v33oByaNycuJlqJoPjaGifdbL*CiabE1sRoDTyY4JwbscNW993wEtM4ny7R2O-0AJlcik9PPBsj8JnPIc4wVZUT3oxSZFFpzgXONvfnpvkqgBgfATimAEbf*a76SuY55MYt21-UPMTQ=]]></url>
  <title><![CDATA[细思极恐！手机在深夜里自动订了万元套房，还会翻看相册]]></title>
  <content><![CDATA[原装充电器价格昂贵不少小伙伴都喜欢到小商店里购买山寨充电器因为便宜，坏多少个都不心疼。。。。。。。。。。。。。。。。。。。。。。。。。。。。。。。。。。。。。。。。。。。。。。使用非原装充电器的你要注意了当心它会操控你的手机。。。。。。。。。。。。。。。。。。。。。。。。。。。。。。。。。。。。。。。。。。。。。。近日浙江金华的杨女士发了一条朋友圈她的朋友们都看得心惊惊▼。。。。。。。。。。。。。。。。。。。。。。。10月4日晚上11点多杨女士发现自己正在充电的苹果手机“抽风了”手机竟然自己运行起来好像有人在远程控制在不同的应用里跳来跳去。。。。。。。。。。。。。。。。。。。。。。。。。。。。。。。。。。。。。。。。。。。。。。更可怕的是手机自动在携程APP上给杨女士下了一个总统套房的订单一晚要10880元▼杨女士微信绑定的默认支付银行卡没有足够的余额进行支付但是她看到自己的手机正在选择其他银行卡看到指纹支付的界面都已经出来了她抓紧把充电线拔了杨女士提供的订单和支付截图△更令人细思极恐的是这个充电器好像有反侦察能力发现情况不对之后杨女士想把这一幕幕用录屏功能录下来没想到手机的4G模式被切换到2G模式录屏也被点击取消了接下来手机还自动进入了相册查看了录屏的内容杨女士用朋友的手机记录下了手机“被操控”的过程↓↓↓除此之外手机自动还进入了微信读书进行了点评▼。。。。。。。。。。。。。。。。。。。。。。。在半夜两点多手机还自动订了火车票。。。。。。。。。。。。。。。。。。。。。。。。。。。。。。。。。。。。。。。。。。。。。。从夜里的十一点多到凌晨三四点手机只要一充电就会出现“被操控”的情况据了解，杨女士所使用的手机充电线和充电头都不是原装的▼“杨女士表示：“这个充电头买了有几个月了，充电线也是经常换，昨晚用的线就是小区楼下那种小商店里买的，就是山寨的那种，平时都是备用的，也不经常用，这个充电头和这个充电线合在一起用也就是最近一个月的事。””据杨女士回忆之前一边充电一边玩手机时就出现过异常的现象手机就是不听使唤。。。。。。。。。。。。。。。。。。。。。。。浙江省质量技术监督局相关负责人表示，他们也非常关注该类案例，毕竟产品质量直接影响到消费者的财产、隐私，甚至是生命安全。。。。。。。。。。。。。。。。。。。。。。。。该负责人说，截至目前尚没有收到过类似投诉，质量技术部门也未对出现过类似现象的产品进行过技术鉴定，即使是在过去的产品抽查和日常突查中也未发现过“可以主动控制手机”的充电器。。。。。。。。。。。。。。。。。。。。。。。。记者通过在网上对此类情况进行搜索发现杨女士遇到的情况并不是个例有专业人士分析很有可能是充电头中被植入了“木马”▼知名网络安全专家杭州电子科技大学网络空间安全学院院长吴铤教授：利用假充电器、充电宝安装恶意软件的事情是有的，也会盗用手机中的个人信息。如果机主发现手机异常后，应及时选择报警。没想到小小一根充电线也有操控手机的能力真是细思极恐为了保护好个人信息以后大家还是尽量使用原装充电线吧~来源：钱江晚报、肇庆特搜1.投资失败欠下巨额债务，无力偿还后男子竟自制假币2.突发！肇庆二塔路口发生严重车祸！女子被辗压当场死亡？3.“骂我可以，不要扣我工资”，一句话刷爆肇庆人朋友圈，无数人泪目…4.肇庆各大微信群疯传女子公交车上被暴力猥亵，大声哭叫无人劝阻? 警方通告来了]]></content>
  <author><![CDATA[肇庆西江明珠]]></author>
  <time>2018-10-09 07:40:35</time>
  <account><![CDATA[v007_net]]></account>
</data>
