<data>
  <id><![CDATA[50905129]]></id>
  <url><![CDATA[https://mp.weixin.qq.com/s?timestamp=1539596659&src=3&ver=1&signature=Egrj350GoKY8-KUcIJshb2OyKtU3YgUvE7*j-TDfsELSMc7MYQuJkFwgbEnpENJ32D0N4OD5F88*PFg8FAPKKyG2FsRZVz1KAMQzLrbE7MV39Le*xXhaEVtUp1OOvYi*4x6lKo6V**laEyZcl79EcbWexJQRRSfB-JhvE9kaM9Y=]]></url>
  <title><![CDATA[东方美邂逅时尚法国无限极萃雅揭秘中草药护肤魅力之源]]></title>
  <content><![CDATA[点击标题下【直事儿】可免费订阅马锐(左)与Isabella Pain(右)10月15日至19日，“萃雅东方美绽放世界•2018法国之旅”将开启一场五天四夜的时尚与科研交流之旅，揭秘萃雅中草药护肤魅力之源。启程在即，活动受到了环球网的关注。让我们通过环球网的报道，抢先了解本次活动的亮点吧。以下内容转载自“环球网”2018年10月18日，坐落于巴黎的新华影廊将迎来一场由萃雅举办的“东西方美学智慧沙龙”，来自中法美妆界与时尚界人士将就东西方美学与世界护肤美妆趋势进行探讨，法国科研专家还将分享中草药抗衰功效的阶段性研究成果。据悉，两位来自中法美妆领域的重磅嘉宾——亚洲顶级美学专家、人气明星级造型师马锐与全球著名彩妆大师、全球彩妆潮流趋势专家Isabella Pain——将根据萃雅倡导的“东方美”概念现场打造“萃雅2019流行东方妆”。这不仅将成为中法美妆艺术融合的标志性作品，也将成为东西方时尚领域在美学层面所进行的一次创意性交流成果。将共探东西方美学与世界护肤美妆趋势作为中国中草药健康产业领军企业无限极旗下的高端护肤品牌，萃雅自创立以来，致力于将传统中草药与现代技术相结合，新创当代中草药美容护肤方案。2016年底，无限极牵手国际顶尖科研机构，正式与法国科学院—巴黎狄德罗大学签约，成立“法国科学院—巴黎狄德罗大学—萃雅国际联合护肤研究中心”。据悉，这是中国企业首度与法国科学院在化妆品领域展开全面合作。法国科学院-巴黎狄德罗大学-萃雅国际联合护肤研究中心10月15日至19日，“萃雅东方美绽放世界•2018法国之旅”将开启一场五天四夜的时尚与科研交流之旅。据萃雅表示，除了将作为压轴亮点向公众呈现的“东西方美学智慧沙龙”，此次法国之旅还将访问设立在巴黎狄德罗大学与圣路易斯医院的萃雅国际联合护肤研究中心，从技术源头了解萃雅产品的科技实力，推进中法企研合作平台的建设，并踏入有着“欧洲生命硅谷”之称的法国索菲亚科技园，一探护肤品研发中心的功能性原料提取和分析、皱纹测试和皮肤深层测试等方面的前沿技术，揭晓萃雅高品质的奥秘。穿行在时尚、传统与科技之间的萃雅，不仅是推广传统东方美肤智慧与现代“东方美”的文化使者，更将中华优秀中草药文化与西方科技、产业前沿结合，在夯实自身品牌理念与定位的同时，打造出属于当代中国的护肤品牌。来源：无限极“直事儿”，请关注直销的事儿（微信ID：cndsn-zxbdw）更多资讯请添加以下公众号阅读]]></content>
  <author><![CDATA[直事儿]]></author>
  <time>2018-10-12 12:56:44</time>
  <account><![CDATA[cndsn-zxbdw]]></account>
</data>
