<data>
  <id><![CDATA[50905129]]></id>
  <url><![CDATA[https://mp.weixin.qq.com/s?timestamp=1539596659&src=3&ver=1&signature=Egrj350GoKY8-KUcIJshb2OyKtU3YgUvE7*j-TDfsELSMc7MYQuJkFwgbEnpENJ32D0N4OD5F88*PFg8FAPKK1PyegVA1KT031jC0I2taOfm3sx0wYG-VK9XMlI-oNinizSn7085a-N9Acn53NWnzYSRTiBmuKKt3q78Pw13mTQ=]]></url>
  <title><![CDATA[安发生物内蒙古分公司盛大开业]]></title>
  <content><![CDATA[点击标题下【直事儿】可免费订阅▲剪彩9月29日上午，安发(福建)生物科技有限公司内蒙古分公司在内蒙古美丽而富有魅力的呼和浩特市隆重开业。世界著名科学家、安发国际控股集团董事局主席、安发(福建)生物科技有限公司董事长特地发来祝贺视频。安发生物赖宜廷副总裁，安发生物分公司管理部总监、北京分公司副总经理姜英强先生，安发生物吉林分公司吕亚生经理，内蒙古市场领导人代表郭淑兰女士、陈平女士出席开业典礼并剪彩。出席开业典礼的还有来自内蒙古各地的部分安发家人代表。当天的开业典礼，远在新西兰的高益槐教授因受新西兰奥克兰总领馆的邀请，参加中华人民共和国成立69周年宴会而无法莅临，但是他特别为内蒙古分公司开业发来了祝贺视频。他亲切地问候了现场以及内蒙古区域的所有家人们，向他们传达了美好祝愿与期许，希望安发家人们身体健康，安发事业蒸蒸日上，为祖国和世界人民创造更大的价值。高教授的祝福让现场人员无不倍感振奋。▲赖宜廷副总裁致辞▲姜英强总监致辞开业典礼上，赖宜廷副总裁和姜英强总监先后上台致辞。他们扼要阐述了安发国际二十年的发展历程，向家人们描绘了安发大健康事业的广阔前景。他们指出，内蒙古分公司是安发在华北区的发展的坚实平台，是安发大健康事业布局中的重要部署，是公司在取得直销牌照并通过内蒙古呼和浩特市直销区域审批之后迈出的重要一步。目前，安发事业经营策略更加科学，产品结构更加合理，市场经营更加有序，产业布局更加明晰，正在“传承爱，传承健康”的道路上行稳致远。▲郭淑兰女士致辞内蒙古市场代表郭淑兰女士认为，安发内蒙古分公司的成立是安发公司跨越性发展的一个重要里程碑，她肩负着为周边地区的产业发展，是实现与安发集团同步发展的重大战略。内蒙古市场的全体家人将借助分公司开业的东风，努力开辟内蒙古市场，把爱和健康传播到千家万户。▲家人们深入参观开业典礼后，现场的全体家人还集体兴致勃勃地参观了内蒙古分公司，并召开了座谈会，交流分享市场经验。▲座谈现场▲合影来源:安发“直事儿”，请关注直销的事儿（微信ID：cndsn-zxbdw）更多资讯请添加以下公众号阅读]]></content>
  <author><![CDATA[直事儿]]></author>
  <time>2018-10-01 08:31:08</time>
  <account><![CDATA[cndsn-zxbdw]]></account>
</data>
