<data>
  <id><![CDATA[50905129]]></id>
  <url><![CDATA[https://mp.weixin.qq.com/s?timestamp=1539596659&src=3&ver=1&signature=Egrj350GoKY8-KUcIJshb2OyKtU3YgUvE7*j-TDfsELSMc7MYQuJkFwgbEnpENJ32D0N4OD5F88*PFg8FAPKK50Fo47t8tkIl8glk2Mm-iAXFwq0FdtCNhd1JS5f8Lljgzgrk2zEQm3RU4d2kdDSo6yoa18wTBnMayggQbcH7IQ=]]></url>
  <title><![CDATA[台北市议员秦慧珠一行莅临金日参观考察，推进两岸项目合作]]></title>
  <content><![CDATA[点击标题下【直事儿】可免费订阅2018年9月27日，台湾品牌发展合作交流促进会理事长、台北市城市发展交流促进会理事长、台北市议员秦慧珠;台湾品牌发展合作交流促进会执行长黄国隆;台北市城市发展交流促进会秘书长张文豪;国立台北教育大学教授、行政院顾问陈庆和博士一行莅临金日参观考察，金日集团董事长李仲树、集团副总裁陈南生、集团总裁办主任李万年等公司领导热情接待。来宾参观金日产品展厅在李先生等公司领导的陪同下，秦议员一行首先参观了金日会员中心，了解了金日集团上百款优质产品;并对金日的健康产品和直销体系颇为关注，高度认可金日的高品质产品和行业地位。来宾参观荣誉展厅在金日荣誉展厅，李董事长向来宾们介绍了时任福建省政府领导的习省长莅临金日工厂视察及与党和国家领导人在人民大会堂会面的情形。之后大家还观看了金日的企业宣传片，认真了解金日集团发展历程、企业文化、产品和服务、未来规划等情况介绍。随后，贵宾们参观了董事长办公室，并就双方未来的合作做进一步沟通，秦慧珠议员对金日的未来表达了美好的祝愿和期盼。来源:“直事儿”，请关注直销的事儿（微信ID：cndsn-zxbdw）更多资讯请添加以下公众号阅读]]></content>
  <author><![CDATA[直事儿]]></author>
  <time>2018-09-30 14:33:19</time>
  <account><![CDATA[cndsn-zxbdw]]></account>
</data>
