<data>
  <id><![CDATA[50905129]]></id>
  <url><![CDATA[https://mp.weixin.qq.com/s?timestamp=1539596659&src=3&ver=1&signature=Egrj350GoKY8-KUcIJshb2OyKtU3YgUvE7*j-TDfsELSMc7MYQuJkFwgbEnpENJ32D0N4OD5F88*PFg8FAPKK37z3nP55OpMnAfvRoHidcEIShAuu7spUE6X9TeqVqNoHtR6oO9NkfOiWeewTeCEmUMsNTnI9nwhcgOhfHkJcIY=]]></url>
  <title><![CDATA[天狮宣布进军台湾年轻市场]]></title>
  <content><![CDATA[点击标题下【直事儿】可免费订阅台湾市场对于国际化企业提供的商业机会询问度高潜心研究台湾市场3年后，拥有大健康产业相关业务达全球190个国家及地区的天狮集团，于9月29日下午在台北分公司总部正式对外宣布加大力度投入台湾年轻消费族群。天狮集团此次特别针对台湾的年轻族群高度关注的健身市场，全新发表专属运动类型的能量饮品和多项健康产品，以及针对台湾市场开发参与大健康相关事业发展的机会。李金元非常看好台湾年轻人发展事业的企图心，希望藉由自己创业23年在大健康领域扎根全球的经验，携手有志发展自己事业的年轻人持续前进。台湾的年轻世代具备优秀的创造力以及国际化的视野，结合以创新为DNA，全球化业务体系的天狮共同发展绝对是强联合。——李金元天狮集团高层对台湾发展展现强烈企图心天狮集团董事、全球产品中心高层专程抵台，出席天狮在台北南京复兴商圈的开幕式。现场挤满了前来了解新产品的消费者天狮集团出席开幕式的高层代表表示，天狮的全球化战略就是锁定年轻世代，清晰的发展路径发展出一系列有利于年轻人在健康管理方面做最好的投资，并且同时也能因此燃起创业热情，达到“消费创富，经营家庭消费更创富的目的”。来源：天狮“直事儿”，请关注直销的事儿（微信ID：cndsn-zxbdw）更多资讯请添加以下公众号阅读]]></content>
  <author><![CDATA[直事儿]]></author>
  <time>2018-10-08 12:51:46</time>
  <account><![CDATA[cndsn-zxbdw]]></account>
</data>
