<data>
  <id><![CDATA[50905129]]></id>
  <url><![CDATA[https://mp.weixin.qq.com/s?timestamp=1539596659&src=3&ver=1&signature=Egrj350GoKY8-KUcIJshb2OyKtU3YgUvE7*j-TDfsELSMc7MYQuJkFwgbEnpENJ32D0N4OD5F88*PFg8FAPKK61r63C9gxMh-k6fYKg7ScNErZwTY7kUon4hsDwFiGeofHE4BOc-hw5CMe-SkBbAxRvZekfRlHgsFqHBctXpONs=]]></url>
  <title><![CDATA[佳莱科技：经销商借钱16万拉人头致血本无归]]></title>
  <content><![CDATA[点击标题下【直事儿】可免费订阅近日，家住湖北十堰市的王女士跟直销门户网实名投诉佳莱科技武汉江岸运营中心135系统劳力华团队报大单、拉人头发展下线致富、产品功效虚假宣传。近日，家住湖北十堰市的王女士跟直销门户网实名投诉佳莱科技武汉江岸运营中心135系统劳力华团队报大单、拉人头发展下线致富、产品功效虚假宣传。据了解，广州佳莱科技有限公司(以下简称：佳莱科技)于2010年成立，是集研发、生产、经营、贸易为一体的大健康专业公司，位于广州市番禺区金山大道南侧华创动漫产业园内，是一家集已有的产业基础、定位于大健康服务的高科技公司。2015年7月14日，佳莱科技荣获第66张直销牌照。16万元“致富梦”王女士讲述了一段不堪回首的佳莱往事，2017年9月初，王女士在家带9个月大的宝宝，自己同学孔某约她去店里，给她介绍一份兼职工作。“过去之后她说，她现在和老板张某某，还有两个同事一起加入了佳莱公司，公司现在正在招募加盟商，前景很好，成为经销商子女可以免费出国留学，事业可以传承，佳莱公司还有专门生产富翁的流水线，没有人脉也可以教你怎么做。佳莱公司董事长熊董的梦想就是要打造一千位亿万富翁，一万位千万富翁，十万位有豪车豪宅受人尊敬的企业家，一百万平行合伙人。”王女士如是说。如何实现财富梦想呢?孔某跟王女士讲述了一套诱人的奖金制度，只要王女士投资4万元成为会员就可以，但要想发展事业的话还得再投16万元，两周后返4万元现金，佳莱公司送了一个黄金钻石架构。“一个16万元的单，奖励1万4千多元，只需要找两个人，然后她们再去找人，你下线的两个人再拉人进来，你也有钱拿，只要你的下线一直进人，你就可以一直有钱拿。”孔某跟王女士表示。“孔某给我讲了一个可以快速回本的计划，让我先投资16万元，然后她会给我发展会员，发展一个会员是4万元的单，奖励4千多元，发展3个会员奖励5万元，6个人会员奖励10万元，最后还有一个全国加权分红2万元。听着是很诱惑人的!”王女士跟直销门户网说道。这么诱人的致富计划，王女士刚从开始完全不懂到最后心动，但是王女士并没有那么多钱，这让王女士非常为难，辗转想了很多天。过了几天之后，孔某上门找到了王女士，问她想的怎么样了，王女士把实情告诉了孔某老板张某某，“ 她说让我从支付宝里借，我试了下可以借两万元，就是利息比银行高几倍，2万元半年利息就要一千多元，利息不是我能承受的，张某某告诉我，现在能借到钱就不错了，不然哪里借，在我犹豫的时候她们一起劝我，于是我就借了出来，当场在他们店里支付了，后来又问我要信用卡，信用卡也在店里刷的，当天下午一共刷了4万元，说是交定金，让我把这个点位先占着。张某某让孔谋晚上跟武汉的劳总沟通下，把点位给我留着，后来我才知道是骗人的，点位是不需要留的。”9月22号，佳莱公司在武汉某酒店里举行了一个茶话会，王女士也是受邀嘉宾。王女士跟直销门户网讲述了一段会上经历：“佳莱武汉运营中心来了十多个人，大会上他们一直都在分享自己怎样成功的，一般都是先讲自己是如何的惨，再讲自己现在多么的成功，让本来就犹豫的我又一次相信了自己也可以做佳莱，晚上被她们留在了酒店里。”然而在酒店里，王女士更是遭遇了轮番洗脑。“佳莱的人几乎就是跟我一个人讲的，讲佳莱公司多么多么好，讲奖金制度，其实这一次我还是没有听明白是怎么回事，接着又是分享，这一次是让我看到了一支庞大的营销队伍，都是那么的成功。”“那几天被洗脑洗的宝宝我都没有照顾好，还被婆婆吵架，婆婆一直都说让我在家带小孩，我心里也希望想帮家里增添一份收入，这次最好的朋友都给我保证能赚到钱，我觉得自己可以试试，况且都已经刷了4万元，还差12万元，孔某说借我2万元。”王女士无奈的说道。于是王女士就跟自己母亲借了4万元，但理由却是帮母亲向银行存定期，王女士心想着等钱回本了再还给自己母亲。然而四处借钱的王女士看到的不是财富而是无底洞，“孔某把我还差钱的事跟老板张某某说了，张某某从十堰给我找了一个做网贷的人，让我从他那里借钱，以前也没接触过网贷，借1万元需要手续费是1500元，后来被张某某谈到了500元，心想人家都这样帮我了觉得不借也不好意思，于是就借了5万元，1万信用卡提额，4万元在网上小额贷款公司贷的款，手续费一共给了2500元，当晚她们催我把11万元赶紧转到汪某账上。”王女士接着说：“ 10中旬我收到两条短信，一条短信给我发的是我的ID号，另一条短信发的是订购了4个家庭健康包，11月初孔某把4箱货定了回来。”然而这才是噩梦的开始!“我一直都在不停的还钱，支付宝、花呗、网贷等。我本以为现在再也不用向家里伸手要钱了，没想到我的生活也因为加入佳莱一团糟。张某某是我们这个团队的领头人，她还有自己的店面，刚开始她就让我一直出去找人，每天都督促我，慢慢我觉得这是拉人头，我不愿意这样做。”王女士愤怒的表示。由于王女士向多家平台借钱，已经没了收入来源，“生活开支我还是向婆婆借的，我觉得自己拖累了家里，我愧对家里!王女士说：“另外一人去年12月份找她们想退货，当时货还没定回来，她们就说不可以退，必须找个人过来才可以退。我觉得既然蒲某某都退不了，我的肯定也退不了，就没有找她们退过货，她们也一直劝我让我把货卖了钱就回来了，然后就一直被孔某某忽悠让我在她们店里卖货，孔某某自己没有在店里，回家生孩子了，之前说的帮我找人回本，帮我卖货都是骗我的，之前也听她们讲过之前货卖的多么多么好，一天就卖了6万，一开始我觉得我的货不成问题，在店里慢慢卖可以卖完，然后我就在店里上班，张某某让我卖她的莱特妮丝，我的货一直没有卖出去。8月份我找过团队长劳丽华，我想让她收我的货，我说我有贷款要换，现在压力很大，我在带小孩我现在还不起这些钱，她说跟我上线的几个老师大家一起建个群沟通下，结果在群里告诉她们我还想好好做佳莱，不愿意帮我解决货品的问题，后来我就觉得跟她们说这些是没用的，她们不会帮我解决货品的。”现在家里人知道了这件事，我妈都好几天没吃饭了。这是我父母和我公公婆婆的血汗钱，我一定要追回来!”王女士激动的说到。佳莱频谱能治癌症?朋友圈虚假宣传(一)朋友圈虚假宣传(二)除了宣传财富梦，王女士还表示：“佳莱公司生产的佳莱频谱是一个不插电的理疗仪，佳莱频谱衣服能够调理亚健康，还可以治病，经常听她们说治好了这病那病的，也看到她们发的朋友圈穿佳莱频谱把腰疼、头疼、肾结石，包括癌症都穿好了，不知道是真是假?”为了让王女士相信，孔某还以自己老板张某某现身说法，孔某告诉王女士：“张某某之前想要二胎一直没怀上，这次穿频谱居然怀上了，张某某跟我们讲的时候特别开心。”会议现场虚假宣传朋友圈虚假宣传(三)对此，一名业内人士表示，佳莱由一家服装企业起家，升级产品为穿在身上的“理疗仪”，如今业绩做得不俗，可谓是行业的一匹“黑马”，“但是，佳莱的单子其实都挺大的，可谓是我们一直在说的‘大单模式’。显而易见，他的业绩来自于大单。”该人士表示，从其官方公众号的做法，可见佳莱的“低调”是刻意为之，把其称之为“生意”，也有种“跳出直销做直销”的感觉，这一切都是源于其大单模式，“大单模式极容易引发外事风险，并不是长远之道。”直销门户网接到投诉后立即与佳莱公司一高管进行反馈，但是对方一副无所谓的态度，对经销商极其的不负责任。截止发稿前，佳莱公司未予回复。来源:直销门户网“直事儿”，请关注直销的事儿（微信ID：cndsn-zxbdw）更多资讯请添加以下公众号阅读]]></content>
  <author><![CDATA[直事儿]]></author>
  <time>2018-10-09 13:43:00</time>
  <account><![CDATA[cndsn-zxbdw]]></account>
</data>
