<data>
  <id><![CDATA[50905129]]></id>
  <url><![CDATA[https://mp.weixin.qq.com/s?timestamp=1539596659&src=3&ver=1&signature=Egrj350GoKY8-KUcIJshb2OyKtU3YgUvE7*j-TDfsELSMc7MYQuJkFwgbEnpENJ32D0N4OD5F88*PFg8FAPKKy0Y*JnbmcQIinPa4hq8Ah5kfryRwXSKE8F00BfFpici17CN41GSkivlb1xriC6P5rCOzvbZTebuK87y1qdEaV0=]]></url>
  <title><![CDATA[]]></title>
  <content><![CDATA[]]></content>
  <author><![CDATA[直事儿]]></author>
  <time>2018-10-13 10:46:28</time>
  <account><![CDATA[cndsn-zxbdw]]></account>
</data>
