<data>
  <id><![CDATA[50905129]]></id>
  <url><![CDATA[https://mp.weixin.qq.com/s?timestamp=1539596659&src=3&ver=1&signature=Egrj350GoKY8-KUcIJshb2OyKtU3YgUvE7*j-TDfsELSMc7MYQuJkFwgbEnpENJ32D0N4OD5F88*PFg8FAPKK50Fo47t8tkIl8glk2Mm-iCmy7RT*2d4pb6HqWWRuVzJgX3WAPh9JamBEPptME-FHy62ZBseUwKGpeoUJfqo7Gc=]]></url>
  <title><![CDATA[]]></title>
  <content><![CDATA[]]></content>
  <author><![CDATA[直事儿]]></author>
  <time>2018-09-30 14:33:19</time>
  <account><![CDATA[cndsn-zxbdw]]></account>
</data>
