<data>
  <id><![CDATA[50905129]]></id>
  <url><![CDATA[https://mp.weixin.qq.com/s?timestamp=1539596659&src=3&ver=1&signature=Egrj350GoKY8-KUcIJshb2OyKtU3YgUvE7*j-TDfsELSMc7MYQuJkFwgbEnpENJ32D0N4OD5F88*PFg8FAPKKy0Y*JnbmcQIinPa4hq8Ah6aYettRjqBlNxspSrSitDZm4ASA5xnx6jmrbBa*ZiuKpA8nPACgoRAqOwhK-ovOTk=]]></url>
  <title><![CDATA[洛阳讯领科技公司称动力油可替汽油，涉嫌诈骗!]]></title>
  <content><![CDATA[点击标题下【直事儿】可免费订阅题图：电视台相关报道动力油可以代替汽油使用?这可让王先生高兴坏了，结果向洛阳讯领科技发展有限公司支付两万元的加盟费后，生产出来的动力油十几辆汽车都无法正常使用，联系讯领科技却无人回应王先生告诉记者，他开货车的时候运送过讯领科技的动力油产品，在网上也查过相关信息，然后讯领科技的业务经理许琳便联系到了他，称汽车动力油可以代替汽油使用。王先生支付两万元加盟后，发现使用动力油的汽车一直无法启动，显示故障，换上正常的汽油问题就解决了，而且十几辆车都出现了同样的问题。这让王先生感到被欺骗了，多次联系讯领科技，却无人接听。为了进一步了解情况，记者和王先生来到了洛阳讯领科技发展有限公司。讯领科技的徐经理称，王先生加盟的是民用油，而动力油是她们免费赠送的，包括设备。而王先生称，厨房用品是赠送给他的，他加盟的只有汽车动力油。并提供了一段录音，在录音中，王先生咨询了汽车动力油，讯领科技方称在汽车没有汽油时，动力油是可以代替汽油单独使用的。徐经理没有对录音内容做任何辩解，称等王先生将设备拉来便给他退款。随后，讯领科技的工作人员将王先生留在了屋内。记者在等候一段时间后，推开门看到工作人员与王先生正在发生争执，紧接着一名工作人员前来遮挡摄像机，并强行将记者推出门外。再次等候二十分钟后，记者向工作人员提出观看产品合格证的要求。工作人员大声称：你有什么权力看我们的合格证。记者又问：我们想要了解一下王先生加盟的动力油是个什么样的产品，到底能不能使用?工作人员称：尾气清洁剂，就这么简单。记者再次提出想要观看动力油这一块的专利或者荣誉。工作人员拒绝记者的要求称：我没有必要给你出示。记者：公司的产品光明正大的，是怕展示吗?工作人员称：走，带你了解了解。工作人员刚走两步便停了下来，转过身大声称：王先生现在都不说什么了，你说什么?查查我们公司相应的合法合同，王先生随时来我随时退，你现在去找，找10个人，退10个人的，找100个人，我退100的人的。最终，王先生拿到了退款，但是讯领科技始终没有出示过产品合格证或者荣誉等信息。来源：防骗大数据综合“直事儿”，请关注直销的事儿（微信ID：cndsn-zxbdw）更多资讯请添加以下公众号阅读]]></content>
  <author><![CDATA[直事儿]]></author>
  <time>2018-10-13 10:46:28</time>
  <account><![CDATA[cndsn-zxbdw]]></account>
</data>
