<data>
  <id><![CDATA[50905129]]></id>
  <url><![CDATA[https://mp.weixin.qq.com/s?timestamp=1539596659&src=3&ver=1&signature=Egrj350GoKY8-KUcIJshb2OyKtU3YgUvE7*j-TDfsELSMc7MYQuJkFwgbEnpENJ32D0N4OD5F88*PFg8FAPKKxwi0xB6Y41E0EdjJOKZwmWyz*yzCtx0YErOGGx1*JCirjDbweNsrRfvVhUkqk9co3iW04gOpjgqI0LQrx9UZKE=]]></url>
  <title><![CDATA[天狮学院荣获天津师德建设先进单位荣誉称号]]></title>
  <content><![CDATA[点击标题下【直事儿】可免费订阅日前，根据天津市委教育工委、市教委、市总工会、市教育发展基金会《关于评选“天津市德业双馨十佳教师”“天津市师德先进个人”“天津市师德建设先进单位”和“天津市教育系统优秀思想政治工作者”“天津市教育系统思想政治工作先进集体”的通知》要求，天狮学院党委经自下而上推荐评选，天狮学院思想政治教育教学部荣获“天津市师德建设先进单位”荣誉称号、外国语学院教师鄂翠莲老师被评为“天津市师德先进个人”荣誉称号、党委工作处陈晨同志被评为“天津市教育系统优秀思想政治工作者”荣誉称号。近年来，天狮学院思想政治教育教学部大力加强师德师风建设，努力培养造就“有理想信念、有道德情操、有扎实学识、有仁爱之心”的党和人民满意的好老师，提高教师队伍的思想政治素质和职业道德水平。思想政治教育教学部于2016年获“天津市教育系统先进基层党组织”荣誉称号，在2018年天津市教育两委举办的关于习近平新时代中国特色社会主义思想“名师示范思政课”评选活动中，思想政治教育教学部申报的5堂思政课中有4堂获得了“名师示范思政课”的光荣称号。今后，天狮学院全体教师将继续坚持以德立身、以德立学、以德施教、以德育德，争做“四有”好教师，为奋力谱写学校转型发展新篇章，建设有特色、高水平、国际化的应用研究型大学贡献力量!来源：天狮“直事儿”，请关注直销的事儿（微信ID：cndsn-zxbdw）更多资讯请添加以下公众号阅读]]></content>
  <author><![CDATA[直事儿]]></author>
  <time>2018-10-10 11:57:05</time>
  <account><![CDATA[cndsn-zxbdw]]></account>
</data>
