<data>
  <id><![CDATA[50905129]]></id>
  <url><![CDATA[https://mp.weixin.qq.com/s?timestamp=1539596659&src=3&ver=1&signature=Egrj350GoKY8-KUcIJshb2OyKtU3YgUvE7*j-TDfsELSMc7MYQuJkFwgbEnpENJ32D0N4OD5F88*PFg8FAPKK9yZIteVCdtd1YH79hFzSSOTC3E8Z6tZUhMd6AJ0VfsE80ofPwRyipzRjCPdf5i8rYHHyYj2smLgMTuzalOxX6g=]]></url>
  <title><![CDATA[不敢做直销的人都有这些疑问，说清楚了，100%跟着你干!]]></title>
  <content><![CDATA[点击标题下【直事儿】可免费订阅很多不敢做直销的人都有这些疑问，其实只要说清楚了，100%都跟着你干!今天我们就一个一个来解决这些疑问。问：今年人人都在说直销，我身边的朋友亲戚，越来越多的人都做直销了，为什么他们都不顾一切的去做直销?凭什么选择做直销呢?答：因为直销是一个真正适合普通人白手起家创业的平台，直销不限学习，不限年龄，不限男女老少，不限家庭背景，低投入，高回报，一次投资终身受益，简单易学，是帮助普通大众独立创业走向成功，实现财务自由的平台。问：看到身边很多人都纷纷加入直销了，直销好做吗?真的能赚到钱吗?答：直销就是一个分享的过程，产品先自用，自己用的好，然后把使用产品的感受和带来的好处分享给别人，只要产品效果好，自然会口碑相传…换一个牌子用就可以拥有一份赚钱事业，在分享中成功，所以直销是最简单的一份事业。问：直销和传统行业相比有什么区别和优势呢?答：传统行业如上班，打工，做生意，都是提桶的工作，你提桶挑水才有水喝，不提桶挑水就没水喝。直销做的是管道事业，管道一旦修建好，不管你挑不挑水，都会源源不断的流进你的家里。传统行业没有保障，没有安全感，在这个竞争激烈的社会，上班族说不定哪天被炒鱿鱼，打工者说不定哪天就失业，做生意的说不定哪天就倒闭破产。而直销是自主创业，永续经营，世袭继承，收入是源源不断倍增的，保障是长长久久的。问：做直销投资多少钱?答：直销是消费投资，就是说你消费了直销公司的产品的同时就可以加入了，拥有赚钱事业，直销的投资也不算是投资，就是花你本来应该花的钱!换一个牌子用，消费变赚钱，这还算是投资吗?问：我去问过很多人，为什么很多人说直销是传销是骗人的?答：说明他们根本就不了解什么是直销什么是传销。在说别人说什么真的有那么重要吗?别人说有人出车祸了，你是不是就不敢开车不敢上街了?所以，要想知道直销到底怎么样，只有自己去行动去尝试才行。问：现在做直销晚了吗?市场饱和了吗?答：直销能解决就业问题，能带动经济，减轻政府的负担，国家自然大力支持，在直销的自身优势下，将会有越来越多的人从事，种种迹象表明直销必将在中国大爆发!然而现在中国从事直销的比例不到1%，市场最大，占有率最小!正是最佳切入时机!直销产品种类丰富，都是生活的必需品，而且直销的产品大多都是可以重复消费的，顾客用完了还会继续买，顾客的消费永远没有结束的那一天，因为人人都要生活，所以直销市场是不会饱和的，是无可限量的。问：直销是金字塔模式?我不喜欢金字塔模式，感觉像传销?答：有的人觉的直销是金字塔，对这个反感，那么请问一下，你在哪里上班呢?你的单位是不是得有一个厂长啊?厂长下面是不是还得有几副厂长呢?副厂长下面是不是还得有几个科长呢?科长下面是不是还有更多的主任呢?主任下面还有一大堆组长呢!最底下的才是成千上万的普通员工。所以不要一听到直销的金字塔就躲到千里之外，这个社会又何尝不是一个金字塔呢?你往哪躲??问：我没有人脉，没有口才，也不会销售，能做直销吗?答：我们刚才说过，直销就是一个分享的过程，只要自用产品，分享产品，同时告诉他们只要换一个牌子用直销公司的产品，花本来应该花的钱，就能把家庭开支转变成家庭收入，消费就可以赚钱的事业机会，拥有健康，美丽，财富，何乐不为呢?所以说，直销其实做起来很简单。问：网上做直销是虚拟的，网上骗人多，直销业务很难开展吧?答：网上做直销的确是虚拟，但是，网络上直销拥有无穷的人脉市场，改革开放初期人们做生意被说成投机倒把，开始很多人也说淘宝购物怕被骗，但是淘宝09年就做到了每天交易额6个亿，相当于整个沃尔玛的10倍。正因为很多人拒绝，所以才是机会，我们要走在时代的前面，你说呢?问：看直销行业在中国发展二十年了，又受到传销的影响，能做吗?答：直销和传销的区别，最根本的是直销合法，传销不合法!知道的直销人很多，而真正明白直销的人却很少，有些观望直销的人，站在门外，雾里看花。未来的5—10年将是直销行业快速发展的黄金时期，直销早已不可同日而语，人们要向前看，把握机遇，才能赚大钱!问：直销公司产品怎么样?答：目前，中国的拿牌直销公司91家，产品质量上乘，是高科技、高浓缩的产品，直销面对的是终端消费者，直销人和消费者是长期合作的!直销商不会让自己无路可走。用过直销产品的人，都知道产品质量好!问：中国拿牌直销公司，哪家最好?答：中国拿牌直销公司，各有千秋，每家直销公司都很优秀!关键是，直销人是否详细了解过这些直销公司，是不是适合自己，愿不愿意去学习、了解、咨询直销事业，找到适合自己的直销创业平台才是最好的!问：做直销的人，都说直销好，直销真的赚钱吗?答：直销的确好，因为，直销经营的是消费市场，是健康产业，这都是趋势性行业的表现。用正确的方法，做正确的事情，做诚信可靠的事情，是一定赚钱的。朋友们，听完这些，您还不赶紧行动起来吗?机会就摆在眼前!来源：网络“直事儿”，请关注直销的事儿（微信ID：cndsn-zxbdw）更多资讯请添加以下公众号阅读]]></content>
  <author><![CDATA[直事儿]]></author>
  <time>2018-10-15 14:29:32</time>
  <account><![CDATA[cndsn-zxbdw]]></account>
</data>
