<data>
  <id><![CDATA[50905129]]></id>
  <url><![CDATA[https://mp.weixin.qq.com/s?timestamp=1539596659&src=3&ver=1&signature=Egrj350GoKY8-KUcIJshb2OyKtU3YgUvE7*j-TDfsELSMc7MYQuJkFwgbEnpENJ32D0N4OD5F88*PFg8FAPKK61r63C9gxMh-k6fYKg7ScNKXWjqmXF62qMM38xyFpGJ30qNSpnM9E0J9IH0c*4I8QX1ir7KTvXLD5Wb-bqDaqY=]]></url>
  <title><![CDATA[对话李克强总理，康恩贝胡季强说了些啥?]]></title>
  <content><![CDATA[点击标题下【直事儿】可免费订阅2018年9月28日上午，中共中央政治局常委、国务院总理李克强在浙江台州主持召开国有、民营、外资企业和金融机构座谈会，听取企业家关于实体经济发展的意见建议。康恩贝董事长胡季强等22位企业负责人参加会议，并踊跃发言，畅谈对形势的看法和建议，总理一一作了回应。会议伊始，总理开门见山地说明了此次座谈会的目的和主题。首先是想听听大家对目前形势的看法。其次，是想听一听大家对党中央、国务院在政策方面的意见和建议，如何做才能够更有利于企业的发展。作为中国医药企业协会副会长、浙江省医药行业协会会长，胡季强重点从行业角度就医药行业目前所亟待解决的二大问题向总理作了汇报：第一个问题在过去的十多年里，我国的医药行业发展非常快，已经是世界第二大药品市场、第二大药品产业。但是到去年，中国制药产业还没有一家企业成为世界制药行业的50强，我们还没有一个药品进入世界药物销售的100强名单。这个结果很大程度上反映了我国医药行业的现状，那就是：产业高度分散，大而不强，缺乏国际竞争力。其根本原因是市场主导机制还没有完全形成，常常是政出多门，各种不同政策影响药品市场运行，缺乏国家层面的协调机制，市场的决定性作用没有得到充分发挥，这样也就无法形成有竞争力的大公司大企业。但药品事关十四亿人民健康，事关国家安全，我们不愿意看到“芯片事件”在医药行业重演，希望总理能听到我们制药行业企业家做强做大国药的决心和信心，建议在国家层面建立建设制药强国的协调机制，在法律法规及政策方面自上而下协调一致，推动制药强国建设。第二个问题中国市场没有培育出中国药品进入世界药物100强，却让已过专利期的原研药继续以专利药的高价格销售，助力其进入了100强。同一种药，国内已经有了仿制药，但在公立医院招标采购中，这些过专利的“原研药”的中标价格是国产仿制药的几倍甚至几十倍，对中国药企来说非常不公平。建议国家医保局审慎研究、逐步推进药品招标采购的改革和药品支付方式的改革，深刻领会国务院办公厅《关于改革完善仿制药供应保障及使用政策的意见》的精神，对通过一致性评价后的药品制订合理统一的医保支付价。听完胡季强所反映的问题，总理表示国家已经开始着手解决相关问题。他说，中国医药企业要努力地奋起直追，要相信我们中国的市场是世界上最大的。总理勉励说：“作为一家制药企业，研发创新为大，最重要的还是要提高药品的自主研发和创新能力。希望你们继续努力，做大变强!”在听取了企业家们关于实体经济发展的意见建议后，总理表示，这次座谈会相关部门负责人都在场，要把企业家提出的问题和建议逐条记录下来，回去认真研究，尽力解决，切实为企业排忧解难。会上，总理说，40年的改革开放就是一个市场化改革不断深化的过程，党的十八届三中全会明确提出，让市场在配置资源中发挥决定性作用和更好发挥政府作用。今后要进一步深化改革、扩大开放，加快打造市场化、法治化、国际化营商环境。要更大力度简政、减税、减费。总理强调说，民营经济和国有经济一样，都是社会主义市场经济的重要组成部分。民营经济的管理者、经营者和生产者，都是中国特色社会主义的建设者。我国的基本经济制度以及社会主义市场经济早已写入宪法。必须坚持“两个毫不动摇”，对各类所有制企业一视同仁，这一点绝不会有任何变化。会议结束了，企业家们起身站立与总理告别。当总理走到胡季强身边时，胡季强上前郑重递上了刚刚在聆听总理讲话时写在白纸上的三句感悟，说道：“总理，这是我今天参加座谈会听了您讲话的体会，三句话：1、打赢中美贸易战的主战场不在中美贸易，而在国内市场;2、决胜的关键不在市场，而在企业家的心;3、企业家的信心是可以重建和恢复的，关键在于让企业家明白：与伟大祖国的发展同频共振是最大的商道。”来源：康恩贝“直事儿”，请关注直销的事儿（微信ID：cndsn-zxbdw）更多资讯请添加以下公众号阅读]]></content>
  <author><![CDATA[直事儿]]></author>
  <time>2018-10-09 13:43:00</time>
  <account><![CDATA[cndsn-zxbdw]]></account>
</data>
