<data>
  <id><![CDATA[50905129]]></id>
  <url><![CDATA[https://mp.weixin.qq.com/s?timestamp=1539596659&src=3&ver=1&signature=Egrj350GoKY8-KUcIJshb2OyKtU3YgUvE7*j-TDfsELSMc7MYQuJkFwgbEnpENJ32D0N4OD5F88*PFg8FAPKK61r63C9gxMh-k6fYKg7ScOlsjab8106dvGks**5bisP*Ya1gWIYTuAuALp2Eq*RVG2SdV3dEHm*-qUpCs7NYWY=]]></url>
  <title><![CDATA[]]></title>
  <content><![CDATA[]]></content>
  <author><![CDATA[直事儿]]></author>
  <time>2018-10-09 13:43:00</time>
  <account><![CDATA[cndsn-zxbdw]]></account>
</data>
