<data>
  <id><![CDATA[50905129]]></id>
  <url><![CDATA[https://mp.weixin.qq.com/s?timestamp=1539596659&src=3&ver=1&signature=Egrj350GoKY8-KUcIJshb2OyKtU3YgUvE7*j-TDfsELSMc7MYQuJkFwgbEnpENJ32D0N4OD5F88*PFg8FAPKK8Y7yc8UfrkAkoI6UuNWxbPBqB8LMm-*D5WTL5UZXSpesgMYxICF*9E00O6RxTOxyXyTw909mfUDzI9nf-s7rwQ=]]></url>
  <title><![CDATA[甘肃省长唐仁健在兰州会见康美药业董事长马兴田]]></title>
  <content><![CDATA[点击标题下【直事儿】可免费订阅甘肃省长唐仁健与康美药业董事长马兴田座谈10月8日，甘肃省委副书记、省长唐仁健在兰州会见康美药业董事长、总裁马兴田，副董事长、常务副总裁许冬瑾一行，双方就推动甘肃省中医药大健康产业发展进行专题座谈，并就圆满举办中国甘肃中医药产业博览会，助推甘肃中医药大健康一二三产业融合发展，以及推动康美“智慧药房+智慧药柜”等“互联网+医疗健康”民生项目落地、现代医药物流延伸服务、中药材标准化种植、产业精准扶贫、医联体建设等达成了多项共识。在座谈会上，唐仁健指出，今年4月双方达成合作以来，康美团队求实、务实，高效率推动各项目落地，药博会的永久会址博览园在短短四个月顺利落成，见证了高质量发展的“甘肃速度”，是特色工程、精品工程、样板工程。唐仁健还要求相关单位和康美药业要通力合作，做好统一协调，确保本届药博会精彩纷呈、圆满成功。唐仁健强调，中医中药是甘肃生态产业体系构建的重要内容，康美药业专注于中医药事业发展，双方合作基础扎实、前景广阔。希望康美药业抢抓“一带一路”建设机遇，将自身所长与甘肃优势紧密结合，携手做大做强中医中药产业，进一步加强中医药种植产业精准扶贫，把康美智慧药房、智慧药柜等民生工程和康养项目尽快落地甘肃，服务甘肃、服务百姓。甘肃将提供全方位优质高效服务，推动有关项目加快落地建设。唐仁健还在会上肯定了康美中药材种植产业精准扶贫模式，并代表甘肃及贫困地区的群众向康美表示感谢和敬意。他指出，康美药业率先推动中药材种植产业精准扶贫，不仅为当地老百姓带来了实实在在的增收效果，增强了群众脱贫致富的信心和决心，还为甘肃的扶贫攻坚做出了很好的表率示范。双方座谈马兴田表示，康美药业将在甘肃省委、省政府的支持下，紧抓国家推动健康产业发展的历史性机遇，积极对接“健康甘肃”发展战略，主动服务药博会工作，助力打造永不落幕的药博会，进一步加快中医药种植产业精准扶贫，全力以赴落地“智慧药房+智慧药柜”等民生工程及开展医药物流延伸，做大做强中医药产业，打响“陇药”品牌，助力加快建设国家中医药产业发展综合试验区部分，助推甘肃大健康产业向高质量发展转变。签约现场会后，副省长李斌和康美药业副董事长、常务副总裁许冬瑾代表双方签署投资合作协议。甘肃省副省长、省政府秘书长常正国，省政府副秘书长杨陇军，省工信委主任臧秋华，省人社厅厅长贾廷权，省国土资源厅厅长王忠民，省建设厅厅长苏海明，省交通运输厅厅长李睿，省卫生计生委主任郭玉芬，省食品药品监管局局长李存文，兰州市长张伟文，定西市长戴超，省中医院院长李盛华，省中医药大学校长李金田，康美药业董事李石，副总裁李建华、韩中伟，康美健康小镇总裁张小权，供应链总监余莹莹，合规总监唐煦，信息总监颜正耀，种植事业部总监严新参加座谈。来源：康美“直事儿”，请关注直销的事儿（微信ID：cndsn-zxbdw）更多资讯请添加以下公众号阅读]]></content>
  <author><![CDATA[直事儿]]></author>
  <time>2018-10-11 12:09:22</time>
  <account><![CDATA[cndsn-zxbdw]]></account>
</data>
