<data>
  <id><![CDATA[50905129]]></id>
  <url><![CDATA[https://mp.weixin.qq.com/s?timestamp=1539596659&src=3&ver=1&signature=Egrj350GoKY8-KUcIJshb2OyKtU3YgUvE7*j-TDfsELSMc7MYQuJkFwgbEnpENJ32D0N4OD5F88*PFg8FAPKK50Fo47t8tkIl8glk2Mm-iA7WLEtJXXiw1C8u*nEtGh8G5HNCMYSv5-yNJlvkIjjtCvOKO71a6gnxvt2K*MSHoQ=]]></url>
  <title><![CDATA[【诗词赏析】欧阳文章：沁园春祖国]]></title>
  <content><![CDATA[点击标题下【直事儿】可免费订阅高山巍峨，大海扬波，地广物博。望长城内外，跃动脉搏；江河上下，洗刷污浊。惊涛骇浪，拍击峡谷，涌起多少回颠簸。.忆峥嵘，看前赴后继，冲出漩涡。雄鸡一唱报晓，瞰屹立东方熠闪烁。赞灿烂历史，源远流长；风光旖旎，美丽山河。伟大祖国，坚韧执着，改革开放势磅礴。展未来，任风云掠过，更加蓬勃！2018年国庆，北京。“直事儿”，请关注直销的事儿（微信ID：cndsn-zxbdw）更多资讯请添加以下公众号阅读]]></content>
  <author><![CDATA[直事儿]]></author>
  <time>2018-09-30 14:33:19</time>
  <account><![CDATA[cndsn-zxbdw]]></account>
</data>
