<data>
  <id><![CDATA[50905129]]></id>
  <url><![CDATA[https://mp.weixin.qq.com/s?timestamp=1539596659&src=3&ver=1&signature=Egrj350GoKY8-KUcIJshb2OyKtU3YgUvE7*j-TDfsELSMc7MYQuJkFwgbEnpENJ32D0N4OD5F88*PFg8FAPKK37z3nP55OpMnAfvRoHidcHvve62N4jjS4P6S0087gbcQsEVLiRBm7rDZxES7M1IwfsQFpwS1QAu6guFyuHNfFo=]]></url>
  <title><![CDATA[绿之韵董事长胡国安赴台参访碧波庭总公司]]></title>
  <content><![CDATA[点击标题下【直事儿】可免费订阅2018年9月25日，绿之韵胡国安董事长赴台参观碧波庭台湾总公司，就碧波庭严控产品质量、严抓售后服务、严守规范经营、严护企业品牌等多方面，与台湾碧波庭国际有限公司创始人刘时达及李水莲夫妇深度沟通。同时，就斥资在湖南浏阳经济技术开发区新建的碧波庭内在按摩仪生产线进度进一步磋商，对碧波庭为海峡两岸经济发展做出的贡献表示肯定。01品牌，致力中国美胸产业倡导历经超过20年的积累与发扬，致力做中国美胸产业倡导者!碧波庭创立于1995年，始终专注于研发内在按摩仪。改良传统养生方式，创新为新式律动吸放按摩，积极践行推广全球公益性乳腺癌防治运动和对女性珍爱乳房知识的普及教育。绿之韵胡国安董事长鼓励：品牌就是财富，需不断创造且提升品牌价值，方能为海峡两岸经济发展做出更大贡献。02品质，专注创新精进从第一代BB-1到BB-333，每一次精进改良都是倾尽心力且漫长的过程。从最初确立方向到最终成果亮相，科研改良一款仪器可能需要2年，甚至更长的时间。从仪器底板、面板加工，送至机台组装，再连续超过100小时的开机检验测试，碧波庭对于仪器的每一个细节从不马虎。精准把控每台仪器编号有助于后续售后维修服务追踪，给予顾客长达20年的售后保障。在不断创新研发的过程中，碧波庭荣获“台湾精品奖”、“2018亚太史迪威Stevie® Awards商业大奖”等多项含金量极高的殊荣，并获得了多项专利证书，这是专业、这是坚守、这是情怀，更是碧波庭对广大消费者的承诺与责任!0320年的售后，是对服务的信心承诺碧波庭除了在生产过程层层把关保障品质，同时投入更多心力于品质监管与售后维护，提供仪器三年品质保障，二十年仪器保修，是碧波庭正品最大的优势。因为我们始终相信品质为产品的核心，而服务则是给予用户实质的保障，致力做中国美胸产业倡导者。坚持品质优先强强联手，优势互补胡国安董事长与刘时达董事长针对如何为广大消费者提供更优质的产品和更完善的售后服务进行深度交流，并达成共识表示：产品为品牌之根，品牌为企业之本。始终以用户体验为导向，坚持品牌先导、品质优先!来源：绿之韵“直事儿”，请关注直销的事儿（微信ID：cndsn-zxbdw）更多资讯请添加以下公众号阅读]]></content>
  <author><![CDATA[直事儿]]></author>
  <time>2018-10-08 12:51:46</time>
  <account><![CDATA[cndsn-zxbdw]]></account>
</data>
