<data>
  <id><![CDATA[50905129]]></id>
  <url><![CDATA[https://mp.weixin.qq.com/s?timestamp=1539596659&src=3&ver=1&signature=Egrj350GoKY8-KUcIJshb2OyKtU3YgUvE7*j-TDfsELSMc7MYQuJkFwgbEnpENJ32D0N4OD5F88*PFg8FAPKK61r63C9gxMh-k6fYKg7ScM4QYq80ooJM-qwNs-fNsXi1VB9mLKSG*H1Ys6N1Io4O5RFkCn1O1ObTiG*xHo*fiQ=]]></url>
  <title><![CDATA[特别报道：无偿献血让企业更“完美”]]></title>
  <content><![CDATA[点击标题下【直事儿】可免费订阅28万人次、6820万毫升，加之5名造血干细胞捐献者，这是记录完美公司20年来无偿献血的数字。除此之外，32支“完美无偿献血志愿队”随时待命，更使完美公司参与无偿献血事业有着大好未来。1998年10月1日，《中华人民共和国献血法》开始施行。1999年，完美公司开始支持无偿献血，董事局领导率先垂范、身体力行;2004年，开始举办“完美百城千店万人献血活动”。完美公司是成立于1994年的侨资企业，公司总部坐落于广东省中山市，2006年12月1日经国家商务部批准开展直销业务，销售健康食品、小型厨具、化妆品、保洁用品及个人护理品。经过20多年的不懈努力，公司建立起独具特色的完美“根文化”体系，并已成长为集研发、生产、销售和服务于一体的现代化企业，实现年销售过百亿元的目标。目前，在中国境内各省、自治区和直辖市设立了34家分支机构、6家办事处、万余家服务中心。参与中国的无偿献血事业，在完美公司董事长古润金看来，是一份有意义的事业，并将这份事业融入企业发展脉络。“我们找到了血液里的光，点亮了完美人血液里的善良，向生命灌输力量，用爱心延续生命。”这是完美人的心声。如今，“完美百城千店万人献血活动”，已演绎成企业独特而有温度的公益行为，甚至成了完美人的一种生活方式和习惯，是一种从身心到精神的独特魅力。如今，跟随国家的大健康发展战略，健康产业成为完美公司的“重头戏”。与此同时，献血活动本身就在关注人的健康，二者相辅相成。“你的一次，他的一生”这句完美人说了千万遍的话语，不是口号，而是对生命的承诺。无偿献血只是完美公益事业的一个缩影。实际上，在完美公司实现“百年完美，全球完美”愿景的征程上，需要有公益中华的精神加码，“百年”才更有价值，“全球”才更加完美。献血20年初心不改“我身体健康，就有义务站出来献血。”今年8月9日，完美公司副董事长许国伟不远千里来到大连，说出了这么一句令完美人、令大连市民动容的话。这一天的大连骄阳似火，完美人的热情也如骄阳般热烈，第十五届“完美百城千店万人献血活动”在此如火如荼开展。与许国伟共同参与献血的，有来自东北三省的300余名完美伙伴。当天，共有305人成功献血，献血总量共计8万毫升。提起完美公司的无偿献血活动，还得从《献血法》付诸实施后说起。1999年，《献血法》刚颁行没多久，当得知中山市血站缺血的情况，完美公司发起了无偿献血活动，公司董事局成员、员工、顾客都踊跃参与。这是中山市第一家企业自发组织员工献血。2004年恰逢完美公司成立十周年，为了呼吁更多人感受生命的力量，完美公司决定把献血活动从中山延伸到全国，发起了第一届“完美百城千店万人献血活动”，全国各地分公司、完美服务中心共同参与。不知不觉中，完美公司举办的献血活动已经坚持了20年，“完美百城千店万人献血活动”也进入第十五届，累计突破28万人次成功献血，献血总量逾6820万毫升。从最初的单纯捐献全血延伸到机采成分血、造血干细胞，很多完美人默默无闻地支持中国无偿献血事业。不仅如此，完美公司还在全国各地建立了32支“完美无偿献血志愿队”，为各地血荒险情储备力量，随时奉献。时至今日，无偿献血已经成为完美公司公益事业的重要组成部分，成为企业发展的核心竞争力之一，全体完美人从上到下形成统一的价值观，形成一种生活方式，积极奉献爱心。提及为何会主动在无偿献血上做出这么多工作，获得这么多成绩，不得不提到完美公司的“三心”经营原则——“以人心作为经营的基础、以良心作为经营的标准、以爱心作为经营的氛围”。扎根中山、立足中国，完美公司取得了稳健的发展，在这个过程中，完美公司相信“施比受更有福”。一个真正有社会良知的企业，应该做的不仅仅是“资金的划拨”，还应包含公益理念的弘扬和号召。一直以来，完美公司扮演着无偿献血“宣传大使”的角色，以企业的作为，影响全体完美人积极参与无偿献血事业。不少完美服务中心在新开业或者周年庆典当天都会自发组织献血活动，为当地的无偿献血事业贡献力量。从自己献血到影响和带动顾客一起加入，这样的例子在完美公司非常多。以完美上海分公司为例，不仅无偿献血的组织工作突出，在无偿献血工作的宣传方面也十分积极，上海分公司经常借助自己所举办的各类公众活动大力宣传无偿献血，在活动中主动邀请上海市血液管理办公室和上海市血液中心的专家讲授健康知识、献血知识以及无偿献血的重要意义。2004年至今，上海分公司已成功举办十五届 “完美百城千店万人献血活动”，累计参与献血人数近3200人，累计献血总量近45万毫升，7名完美志愿者自愿加入中华骨髓库。其中，完美上海分公司总经理郑希英女士多年来一直积极关注上海市无偿献血的工作，只要新闻报道中提到上海临床用血紧张的情况，她便立即组织公司同事和完美经销商参与无偿献血，并且每次她都会亲自带头献血。为此，郑希英总经理还荣获了“2012-2013年度全国无偿献血促进奖个人奖”表彰。就全社会层面来说，上世纪90年代，中国人对健康、公益事业的意识还很薄弱，完美公司“抛砖引玉”，通过企业行动，倡导与推行“清调补”的健康理念，弘扬与号召“公益中华”的理念，让完美人持续不断地进步，最终形成独特的人格特质，影响身边的人。献血20年，初心不改。对于完美公司来说，20年是一个重要的时间节点，既收获了阶段性的成果，又即将开启新的旅程。“百年完美，全球完美”是完美公司的企业愿景，作为完美公益事业发展的重要组成部分，无偿献血事业也要同频共振，一同坚持走向未来。献血事业没有休止符提及完美公司的无偿献血，就不得不提许国伟。凭借近20年来率先垂范、身体力行坚持无偿献血，完美公司副董事长许国伟真正做到了他经常提及的一句话：“热血用钱是买不到的，是有爱心的人捐献出来的，而这份捐赠不图任何回报。”1999年至2018年，许国伟以一种“走南闯北”的姿态，从中山出发，将爱心足迹延伸至扬州、宁波、西安、哈尔滨、南宁、石家庄、昆明、西宁、海口、郑州、武汉、包头、合肥、大连等15座城市。人生能有几个20年?今年，年届60岁的他，在辽宁大连为自己的无偿献血之路画上了完美的句号。想到花甲之龄以后再也不能献血了，许国伟的心情有遗憾、有不舍、有感慨。回首来时路，许多感人故事仍历历在目。第一次献血时的记忆，鲜活得恍如隔日，有着无可替代的意义。1999年，完美公司得知中山出现血荒，便第一时间组织员工献血支援。作为公司领导人之一，许国伟毫不犹豫地率先垂范。那是他第一次献血。许国伟祖籍中山南朗，与一代伟人孙中山先生是同乡，虽然是新加坡华裔，但他从小就从父辈那里听着孙中山的故事，心中继承了孙中山的博爱精神。一个人的价值不在于拥有多少财富，而在于对社会付出多少贡献。一袋热血就能够挽救一个生命，何乐而不为?那时许国伟就决定，以后每年都要献血。最初，他每年献一次，每次献200毫升。后来，得知中国《献血法》规定，无偿献血的终止年龄是55周岁，经常献血身体健康者可延长至60周岁，知道自己能献血的时间不多了，心里特别焦急，他立刻作出改变，每年要献两次，每次都献400毫升。献血并非想献就能献，只有身体健康才能献血。为了保证每年都能如愿献血，许国伟在生活上非常自律。他注意饮食健康，保持运动的习惯，最重要的是保持良好的心态，知足常乐。尽管健身的过程很苦很累，但他能从中获得力量与成就感。“你们看，我是有‘小老鼠’的!”许国伟挽起自己的衣袖，孩子气地展现着手臂的肌肉。每次献完血后，身体造血机能增强，流动着新鲜的血液，许国伟感觉自己年轻了不少，不仅是更强健的体魄，还有心灵上的满足和精神上的愉悦。每年都能献血，印证了自己身体健康，坚持献血又敦促自己保持强健的体魄，继续再用健康的血液帮助需要帮助的人，这是一种良性的循环。“我身体健康，就有义务站出来献血。”献完最后一次400毫升热血，许国伟已累计献血26次，献血量达8400毫升。他还加入了造血干细胞志愿者库，让爱更有价值地等待。然而，他深刻明白，一个人的力量非常有限，只有把每个人的力量凝聚起来，才会变得很强大。“我个人累计献血量才8400毫升，但完美至今累计献血量已逾6820万毫升，多大的差距啊!”为了号召更多完美人积极参与到无偿献血事业中，许国伟寒来暑往、不辞劳苦到全国各地去参与无偿献血活动。许国伟的真情与行动，带动了越来越多完美人一同加入到无偿献血长跑。2014年，许国伟远赴浙江宁波参加第十届“完美百城千店万人献血活动 ”，正当他在采血车上抽血时，一位名叫林春妹的完美伙伴冲上采血车，坐到他身旁，兴奋激动地说：“许先生，我等了五年，终于可以献血了!”林春妹眼中涌现的自豪、骄傲，许国伟至今难忘。在完美公司，有许许多多像林春妹一样因不能献血而失望、因能献血而骄傲的人。从很怕、很不愿意献血，到现在很想，甚至因为不能献血要跟你急，这样180度的心态转变，正是一个普通人对无偿献血行为由不理解到理解的转变。许国伟坦言，中国无偿献血事业起步晚，发展尚未成熟，人们思想认知有待提升，推广无偿献血事业的难点正在于此。因此，他希望通过自己的坚持去宣传、引导，消弭人们的不理解，让更多人认识到无偿献血的真正意义。20年坚持无偿献血，许国伟在完美公司甚至各大城市形成了一种积极的推动力和影响力，许多城市对他进行了表彰，他先后获得合肥“无偿献血，荣耀一生”、武汉“无偿献血最美倡导者”、大连“无偿献血完美元勋奖”、河南“无偿献血银质纪念章”等荣誉。如果可以，许国伟希望自己能够一直地、无限次地献下去。但如今，他已经达到献血法定终止年龄，无偿献血生涯画上了完美的休止符。不过，“完美公司的献血事业永远没有休止符，完美人的爱心奉献永远不会停止。”许国伟说得斩钉截铁。他表示，血液不能从工厂里生产出来，每一次用血，都需要有人无偿、自愿献血。如今，无偿献血在完美人心中已成为一份自觉的使命。让中国不再有血荒，是完美公司矢志不渝追求的目标。他相信，自己坚持20年传递的光和热会继续影响一代又一代完美人，完美伙伴们一样能够继续坚持下去，并且越做越好。来源：《新民周刊》“直事儿”，请关注直销的事儿（微信ID：cndsn-zxbdw）更多资讯请添加以下公众号阅读]]></content>
  <author><![CDATA[直事儿]]></author>
  <time>2018-10-09 13:43:00</time>
  <account><![CDATA[cndsn-zxbdw]]></account>
</data>
