<data>
  <id><![CDATA[50905129]]></id>
  <url><![CDATA[https://mp.weixin.qq.com/s?timestamp=1539596659&src=3&ver=1&signature=Egrj350GoKY8-KUcIJshb2OyKtU3YgUvE7*j-TDfsELSMc7MYQuJkFwgbEnpENJ32D0N4OD5F88*PFg8FAPKK37z3nP55OpMnAfvRoHidcHaKU9L5gzZvsOdE6yKQrGrkVA3Ah6UsZBtxf-9AlQ0XRrbOrHlDpqMLS-eRClBf8I=]]></url>
  <title><![CDATA[改革开放40年直销在中国发展的时代变迁]]></title>
  <content><![CDATA[点击标题下【直事儿】可免费订阅今年是改革开放40周年。40年来，中国经济取得了举世瞩目的伟大成就，成长为世界第二大经济体。直销行业随着改革开放的浪潮开始在中国落地生根，经历了中国发展的时代变迁，成为中国经济一支重要的生力军。今年是改革开放40周年。40年来，中国经济取得了举世瞩目的伟大成就，成长为世界第二大经济体。改革开放使得中国与世界融为一体，各个行业迎来高速发展的历史性机遇。直销行业随着改革开放的浪潮开始在中国落地生根，经历了中国发展的时代变迁，成为中国经济一支重要的生力军。改革开放为中国直销奠定基础随着改革开放的发展，外资企业开始进入中国市场。此后国际上的各种新型商业模式随之开始走进中国。其中多层次直销概念也开始登录中国。改革开放的本质就是从计划经济走向市场经济，从单一的公有制走向今天的混合所有制经济。实际上，正是由政府主导，加上国有企业、外资企业、民营企业三股力量共同推动，带来了中国经济今天的繁荣。正是这样的变革，为直销业在中国的发展提供了必要的市场机制，也正是这种转变促进了直销业在中国的继续发展。直销专家表示，直销在我国的产生和发展，是符合事物发展规律的。随着改革开放和由计划经济向市场经济的转变，许多适应现代市场经济发展规律的事物，必然随着改革的深化和社会主义市场经济的建立而产生。直销在我国的产生是我国生产力水平空前提高的必然结果。1990年11月14日，中国大陆第一家正式以直销申请注册的公司———中美合资广州雅芳有限公司成立，标志着直销行业第一次踏上了中国大陆。直销作为一种新生事物，我国政府一直都在关注，多次颁发相关文件进行行业整顿。作为一种行业模式，其实1996年就取得了政府的初步认可，一批企业被政府批准合法运营了。1997年1月11日，《传销管理办法》出台，使行业真正做到了有法可依。因为直销的种种优点，直销登陆中国后，得到迅速发展，火爆场面难以形容。然而令人遗憾的是，由于有些企业违反了直销市场的游戏规则，民众追求暴富的心理过于强烈，加上一些企业夸大的宣传，使直销市场出现问题。到了1993年，中国的直销事业进入了泛滥无序期，直销公司数量众多，制度杂乱，也就是在这个时期，“非法传销”愈演愈烈，原本正当的直销行业也伴随着媒体对打击非法传销的不断宣传而在劫难逃，蒙上了一层不合法的色彩。此时传销造成的社会影响已经不能容忍。直到1998年4月21日国务院颁布了《关于暂停传销的通知》才终止了这场纷乱。不仅维护了市场秩序，保护了消费者权益，也为日后行业的规范运作铺平了道路。2001年，我国加入WTO。按照相应承诺，包括直销在内的以商业方式存在的无固定地点批发或零售的服务行业在入世3年后，对其限制才逐步取消。2005年9月1日，《直销管理条例》和《禁止传销条例》正式出台，标志着直销行业重新在中国大陆开始回归。中国直销将从野蛮生长回归逐渐理性随着中国加入WTO，直销再度提上台前。从1990年至今近30年，直销业在中国历经的“风风雨雨”，实际上是中国改革开放历程中一个必经的波折，它折射的是社会对直销业的接纳，是政府对行业的正确引导。长青中国白镜亮认为，其实直销行业在任何一个国家都曾经历过野蛮生长态势，但是经过市场规律调节下，最终得以趋于稳定发展，而中国直销也必将回归理性。同时白镜亮认为，中国直销直销企业发展应该循序渐进切勿急功近利。 而对于改革开放40年的中国来说，一部分人在大浪淘金的机会主义面前显得没有自制力，越来越多的人只看到表面利益，企图通过短期商业行为进行快速的资本膨胀。这种急功近利的心态是阻碍中国直销业乃至整个中国经济发展的一大弊端。“急功近利，各个国家里面都曾经发生过，然后等到了这个所谓的管理条例发展了20、30年之后，慢慢像这种理性的直销就慢慢崛起了，”白镜亮先生认为中国也需要这个过程，而首先要做的就是直销企业内部需要做到自律。孙长青先生也介绍说，在马来西亚，很多的直销企业对于员工的教育是价值观的教育，而不是教大家如何赚取更多的财富。直销在马来西亚的发展同样是优劣同存的。自上个世纪70年代安利等公司在马来西亚开展直销业务以来，直销在马来西亚得到了迅速发展，逐渐影响着无数人的经济生活，很多人通过直销开始了自己的创业，成为商界巨子；但是，与此同时，美国等“金字塔销售计划”等变质的多层次传销也开始大行其道，对当地造成了一定的社会和经济问题。在马来西亚直销立法后，原来的混乱市场很快得到了整治，同时，各种以直销名义进行的不法商业活动的空间也日益减小。直销是中国经济发展的一支生力军尽管中国政府对于直销行业监管严格、中国直销市场与其他国家相比稍显稚嫩、电商模式在中国呈全面席卷之势，但是在中国巨大的市场潜力面前，谁也不会轻易回头，谁也不会轻易放弃。同时，以完美古润金、尚赫陈上吉为代表的华裔外商直销企业家开始助力中国的改革事业。带来了资本技术，带来了先进的管理，为此时的改革贡献了自己的力量。古润金坚信，中国拥有广阔的市场前景，投资中国就是投资未来。带着这种信念，完美公司于90年代登陆中国。外资直销企业安利、玫琳凯等，也纷纷踏上中国，成为改革开放一支重要力量。在2005年《直销管理条例》颁布以来，直销开始逐步为政府和社会大众所接受，直销行业取得了巨大发展，直销企业为经济发展的贡献也不容忽视。北京大学中国直销行业发展研究中心发布研究报告《中国直销行业的经济、社会影响(2015)》。报告指出，截至2014年底，中国合法直销市场规模接近1350亿元人民币，与2011年800亿的规模相比，增幅达68.7%。有数据显示，未来五年中国直销将达到3000亿元规模！“十年时间证明，直销行业在稳步发展，市场认可度不断提高，为促进消费，扩大就业，推动经济增长发挥了积极作用。”商务部市场秩序司司长常晓村在发布会上说。“中国开始进入第十三个五年规划时期，最重要的目标是实现全面小康，而中国直销行业和对其研究的理论和实践，将成为未来五年中国实现全面小康的重要力量。”国家参事室特约研究员、国家统计局原总经济师姚景源在发布会上发言时指出。他说，未来，中国经济发展的最重要力量是依靠消费，扩大消费。中国最根本的优势是13亿的消费群体。到2020年，我们的人均收入要比2010年翻一番，可见中国的消费能力也会成倍增长。该研究报告指出，直销行业在促进就业、驱动消费、拉动投资、开展公益、上缴税收、孵化小微企业等方面发挥了积极且长效的作用。同时，中国直销企业也是中国消费品、制造业“走出去”的重要力量。后记：在改革开放的推动下，中国直销行业发展取得了骄人的成就，但是在国际上看，中国直销和外国依然有很大不同。因此在直销行业，有关修改《直销管理条例》的呼声早已有之。业内人士认为，在直销业经过二十余年发展，直销管理条例已无法适应当今直销行业的发展。就直销条例来说,仍明显带有计划经济时代的印记。条例制约了直销的发展。尤其在多层次问题上，中国直销依旧面临尴尬。但是业内人士依然充满信心：在未来，随着改革开放的深入，中国直销迎来与世界直销接轨，只是时间问题，这是中国直销发展不可逆转的趋势。届时中国直销行业的发展将真正迎来自己的“春天”！来源:直销报道网“直事儿”，请关注直销的事儿（微信ID：cndsn-zxbdw）更多资讯请添加以下公众号阅读]]></content>
  <author><![CDATA[直事儿]]></author>
  <time>2018-10-08 12:51:46</time>
  <account><![CDATA[cndsn-zxbdw]]></account>
</data>
