<data>
  <id><![CDATA[50905129]]></id>
  <url><![CDATA[https://mp.weixin.qq.com/s?timestamp=1539596659&src=3&ver=1&signature=Egrj350GoKY8-KUcIJshb2OyKtU3YgUvE7*j-TDfsELSMc7MYQuJkFwgbEnpENJ32D0N4OD5F88*PFg8FAPKK9yZIteVCdtd1YH79hFzSSNEKNJBirJX64orlL9m-UK53BS2C0A2-Q9pDV*HTgYfOO4xEsRnbuu9HvDeHt92Ur8=]]></url>
  <title><![CDATA[太阳神董事长怀汉新：聆听太阳神30年]]></title>
  <content><![CDATA[点击标题下【直事儿】可免费订阅太阳神董事长怀汉新在《聆听太阳神30周年》谈话中的金句摘录：怀汉新：目前中国作为世界第二大经济体，它的功劳很重要的一点首先是中央的正确决策，这是没得说的。第二点，非常感谢作为中国改革开放第一批进入到实体经济、进入到经济改革的这批非常勇敢的人，在这点上，在我内心是向他们致敬的，如果没有他们，没有今天的中国经济。余学锋：其实您也是那个时代的，您也向自己致敬了。怀汉新：向同行们致敬了。潘皓皓：所以这次在策划30周年活动时，尤其是面对老员工，我们都有一个“感恩”的说法，一般情况下，很多人说员工感恩集团、感恩老板，但是我们有一个非常强烈的愿望就是，集团要感恩这批员工，胆敢跟我们共同走过30年的这批员工，老板也会感恩他们。怀汉新：因为向这些人致敬是有道理的，咱们中国作为国际的第二大经济体，能走到今天，当然我们要感谢各种各样的人，但是我首先要感谢的是改革开放的前十年勇于进入到这种市场经济环境中的这批同事，我觉得他们更应该知道自己在历史上的这种特殊地位，所以他们也应该是充满自豪的，不管他们现在怎么样，但是当时他们参与了，他们进入了，我们就应该向他们致敬。现在可能好的也有很多，也有的可能并不怎么样，但是我觉得无论怎么样，作为现在中国经济的作用来说，我觉得确实是值得他们自豪的。余学锋：这个话题就大了。怀汉新：这就是个总结，到最终我们要产生的是这样一种感恩的概念。所以我们的中国经济不是一天两天形成的，第二大经济体不是一天两天形成的，他都有其不同的历史作用，这种历史作用应该是属于先行者的，我们应该是对这些人充满敬意的，不管他今天从事什么样的工作、他现在还在不在工作，我们都应该对他们感恩，中国经济应该对他们感恩。余学锋：其实你说到今年30周年的时候可能也有不少的老员工会回来看您，也会来看太阳神，相互看，相互叙叙旧，一定要想办法把你对这批人的这个说法传到他们那边去，真的是挺启发人的。新一代人在新的市场经济下、新的社会条件下，也会面临这样的特殊使命。怀汉新：他们也有他们的特殊使命，每一代人都有其特殊使命，有很多人已经退休了，30年的太阳神，当时说句很实在的话，来的都是20来岁的，没有18岁的，到目前为止很多退休了，尽管他们退休了，我们还是要对他们表示敬意的。我首先想讲的就是这个话题。余学锋：我们一提30周年庆典，您第一想讲的就是刚才这个话题，我们会完整地记录下来、传达出来，在太阳神30周年，首先讲到的是这样一个话题，就是情缘、感恩，就是要对这一代人有一个说法。怀汉新：对。大家都知道太阳神一开始叫保健品厂，就是搞保健品的。但实际上当时是不存在保健品这个行业概念的，因为所有的保健品都是作为药厂的副产品，像北京蜂王浆是北京第四制药厂的，像广西的鹿尾巴精，像吉林的蜂王精，这些都是药厂的副产品，它还没有作为一个行业出来。我们一出来就很鲜明的一个旗帜，就是我们是保健品企业，如何使它在中国成为一个保健品的企业、行业，它很重要的一个特征就是摆脱开药厂的副产品的概念，要专心致志地把保健品这个概念形成产业化的概念、行业化的概念，在这一点上，我又要感谢了。感谢当时有很多我们所谓的竞争对手，一些跟随者、一些后来居上者，我应该更感谢的是他们，为什么?没有他们，就没有保健品行业。余学锋：也是大家一起做成的。怀汉新：大家一起做成的，只不过太阳神当时做得相对来说比较大一些。但是一个企业到底是做不成一个行业的，它需要无数个企业，大家能够在这个行业里形成一个竞争，把它的产业规模做大才行。在这方面，太阳神发挥了其特殊的作用，但绝对不是太阳神一家，而是很多家，而且是当时我们称之为竞争对手的。所以，作为保健品产业、保健品行业，我也应该向当时的竞争者、当时的竞争企业表示致意。太阳神集团愿与同行携手共同打造良好的行业环境余学锋：从历史上来看，做保健品在中国的这30年，太阳神真的是开创者之一。怀汉新：我们开创，我们是起到了我们的作用，但是我们做不成一个行业，它是需要很多企业一起做的。所以在这方面，保健品从药业的副产品，到最终作为一个独立的行业而且形成这样一个规模体量，应该说我们还是应该向我们的同行致意，向我们当时哪怕是竞争对手致意，我们共同地把这个行业做起来了，国家真正重视了，真正有行业法规了，一开始的行业法规是很少的。所以，在保健品行业里，虽然我们起到了一个比较重要的作用，但是它还是要多个企业一起做，这个行业才能做成规模、才能做成行业的特征，国家才能够真正地在立法上形成这个行业的特征，这应该是国家立法，这是一个标志。一个行业的成长是离不开良好的行业环境的，这个行业环境需要每个企业的携手合作。来源：北国网“直事儿”，请关注直销的事儿（微信ID：cndsn-zxbdw）更多资讯请添加以下公众号阅读]]></content>
  <author><![CDATA[直事儿]]></author>
  <time>2018-10-15 14:29:32</time>
  <account><![CDATA[cndsn-zxbdw]]></account>
</data>
