<data>
  <id><![CDATA[50905129]]></id>
  <url><![CDATA[https://mp.weixin.qq.com/s?timestamp=1539596659&src=3&ver=1&signature=Egrj350GoKY8-KUcIJshb2OyKtU3YgUvE7*j-TDfsELSMc7MYQuJkFwgbEnpENJ32D0N4OD5F88*PFg8FAPKK61r63C9gxMh-k6fYKg7ScO6yMGcc0ikXcNO7GdE95xdR87IQx6T0NhSj9Exc-uR*7RAU1PO4SDBJC72MOKu6rc=]]></url>
  <title><![CDATA[金士力云南分公司第二季度表彰大会成功召开]]></title>
  <content><![CDATA[点击标题下【直事儿】可免费订阅2018年9月29日，金士力云南分公司第二季度表彰大会在美丽的春城昆明召开。金士力培训中心总监周泽先生，西南大区销售总监陈文忠先生，西南大区公共事务部总监孙菁女士，云南分公司经理王星运女士及绩优经销商张国丽女士和来自天程体系各地市场余名新老事业伙伴参加本次会议。随着音乐的响起，经销商代表们闪亮登场，为现场伙伴带来了开场舞蹈“万众一心”，会议未开始，与会人员的热情都被调动了起来。会议伊始，金士力西南大区销售总监陈文忠先生首先为大会致辞。陈总首先恭贺了云南天程二季度晋级人员，对云南市场的事业伙伴们所取得的成绩给予了充分肯定，并激励大家鼓足士气，夯实基础，锐意进取，需以“平衡”两字为中心，通过传播平衡理念，倡导平衡生活方式，制定平衡健康解决方案，提供平衡健康产品，来获得平稳、均衡的发展，赢得事业的正性与永续发展，与消费者和合作伙伴共创、共享健康、富有、和谐、快乐的金彩人生。陈总的精彩致辞赢得了全场热烈的掌声。在陈总致辞结束后，播放了视频《数说金品质》，让大家充分的了解到金士力“金品质”的产品优势，金士力将用最优质的产品为更多的伙伴带去健康。在全场热烈的掌声中，金士力培训中心总监周泽先生登台讲解了公司的金品质产品，围绕现今世界对健康产品的需求以及金士力优质的产品种植基地和行业领先的科技生产线等优势为大家展示了金士力产品的生产过程，详细向大家讲解了身体所需的保养和保健，针对于此提出了“三通+”的保健方式，提倡以平衡的生活方式去生活，拥有属于自己的金彩人生。会议期间还为本次共计150位受表彰人员进行颁奖，受表彰经销商代表分别从公司企业理念、文化、产品等多方面，并结合自身的实际发展情况做了真情惬意的分享，传递了正能量，定心定位，迎新聚力，为大众创业，万众创新贡献自身的力量。金士力大健康事业平台，承载市场伙伴的梦想，成就市场精英的人生。在刚刚结束了“大健康环球筑梦之旅——俄罗斯站”天程共有16名优秀的大健康创客参与了此次旅行。参加旅行的六位经销商代表，结合自身情况为大家做了真挚朴实的分享，通过他们的分享，大家仿佛也一同去到了俄罗斯，了解到了他们此次旅行得到的极致享受。此次俄罗斯站的旅行给他们带来的深刻的印象，体验到了金士力为经销商提供的“金品质”奢华旅行，留下了美好的回忆。通过他们的分享，让参会人员对之后的大健康环球筑梦之旅充满了期待。在表彰大会进行的期间，穿插了三个抽奖环节，每次抽奖开始都让大家情绪高涨。最后，绩优经销商张国丽上台分享了自走进金士力以来的点点滴滴，从一个普普通通的农村家庭到今天成为大健康事业的推广者，对金士力这个优质的平台充满了信心，并用自己的事例激励了在场的市场伙伴，让大家坚定了加入大健康事业的决心。来源：金士力“直事儿”，请关注直销的事儿（微信ID：cndsn-zxbdw）更多资讯请添加以下公众号阅读]]></content>
  <author><![CDATA[直事儿]]></author>
  <time>2018-10-09 13:43:00</time>
  <account><![CDATA[cndsn-zxbdw]]></account>
</data>
