<data>
  <id><![CDATA[50905129]]></id>
  <url><![CDATA[https://mp.weixin.qq.com/s?timestamp=1539596659&src=3&ver=1&signature=Egrj350GoKY8-KUcIJshb2OyKtU3YgUvE7*j-TDfsELSMc7MYQuJkFwgbEnpENJ32D0N4OD5F88*PFg8FAPKK9yZIteVCdtd1YH79hFzSSN9MaTCbqTwCwgHg82Lqm7jcFLJtph1etpzgWM-AoG8*TCFJNapPyDLRxDphPl9DnI=]]></url>
  <title><![CDATA[新品预告丨太阳神生物肽水润紧致面膜将上市]]></title>
  <content><![CDATA[点击标题下【直事儿】可免费订阅金秋十月，太阳神颜之尊产品家族要来新成员了!生物肽水润紧致面膜将于10月中下旬全面上市，一款融合微肽基因科技和海洋科技的神奇面膜，带你轻松破译肌肤年轻密码，开启全新尊贵护肤之旅。三重呵护 锁住肌肤年轻态01、双重科技 带来优异美肤效果生物肽水润面膜融合微肽基因科技和海洋科技，不仅添加了多种活性肽，还添加了100%天然虾青素。02、奢侈成分 诺贝尔医学奖科研成果生物肽水润紧致面膜添加了贵妇级的护肤成分——表皮细胞生长因子。表皮细胞生长因子由美国Dr. Stanley Cohen博士与意大利科学家Rita Levi-Montalcini教授于1962年发明，是真正意义上获得过世界级诺贝尔医学奖的科研成果。03、智能膜材会“说话”生物肽水润紧致面膜采用了第三代隐形类膜材丝可拉，通过面膜贴敷一定时间后的颜色变化，可以智能测试识别出肌肤含水度，从而判断贴敷面膜的最佳时间和频率，帮助我们进行更科学的肌肤护理。补水保湿 · 嫩肤亮颜 · 紧致去皱效果看得见01、双保湿组合搭配生物肽水润紧致面膜的精华液运用了天然虾青素加双分子玻尿酸双保湿组合搭配。具有独家专利技术的虾青素，源自天然无污染的雨生红球藻，独家专利技术提纯而来，600%提升肌肤保湿力。同时，双分子玻尿酸能深入肌肤内部深层补水并强化肌肤锁水屏障，长锁肌肤水分。02、五胜肽紧致促弹皮肤松驰的一个最根本原因是肌肤胶原蛋白的流失。生物肽水润紧致面膜添加的大量活性肽，尤其是五胜肽，能够促进皮肤胶原蛋白生长，让肌肤紧致有弹力。03、促修复紧致去皱生物肽水润紧致面膜含EGF表皮细胞生长因子和多种活性肽，能促进受损肌肤修复、紧致抗皱、延缓衰老，还原肌肤年轻健康态。生物肽水润紧致面膜——融合基因生物科技和海洋科技补水保湿 · 嫩肤亮颜 · 紧致去皱金秋十月浓情上市更多新品信息，敬请持续关注官微报道来源：太阳神“直事儿”，请关注直销的事儿（微信ID：cndsn-zxbdw）更多资讯请添加以下公众号阅读]]></content>
  <author><![CDATA[直事儿]]></author>
  <time>2018-10-15 14:29:32</time>
  <account><![CDATA[cndsn-zxbdw]]></account>
</data>
