<data>
  <id><![CDATA[50905129]]></id>
  <url><![CDATA[https://mp.weixin.qq.com/s?timestamp=1539596659&src=3&ver=1&signature=Egrj350GoKY8-KUcIJshb2OyKtU3YgUvE7*j-TDfsELSMc7MYQuJkFwgbEnpENJ32D0N4OD5F88*PFg8FAPKK61r63C9gxMh-k6fYKg7ScPJtiYe4lg0KMX9F-yidlpFjjMYr62sS9zGCOsN*JmAmUTeDq6Ev1GdFEGCNySU9lc=]]></url>
  <title><![CDATA[【诗词赏析】欧阳文章：五绝为香山红叶题照]]></title>
  <content><![CDATA[点击标题下【直事儿】可免费订阅秋暮枫叶红，香山流晞彤。傲霜显赤诚，朱染中国梦。2018年暮秋“直事儿”，请关注直销的事儿（微信ID：cndsn-zxbdw）更多资讯请添加以下公众号阅读]]></content>
  <author><![CDATA[直事儿]]></author>
  <time>2018-10-09 13:43:00</time>
  <account><![CDATA[cndsn-zxbdw]]></account>
</data>
