<data>
  <id><![CDATA[50905129]]></id>
  <url><![CDATA[https://mp.weixin.qq.com/s?timestamp=1539596659&src=3&ver=1&signature=Egrj350GoKY8-KUcIJshb2OyKtU3YgUvE7*j-TDfsELSMc7MYQuJkFwgbEnpENJ32D0N4OD5F88*PFg8FAPKK8Y7yc8UfrkAkoI6UuNWxbPP7x9hPwwAvTh8-X6CTR2gfsNkSDN60idau-2FkzmAL77ra0zVSVfW6gmIsGkFgg8=]]></url>
  <title><![CDATA[“霸屏天下”发两条朋友圈就能赚8元?这个50万会员的app疑涉传销]]></title>
  <content><![CDATA[点击标题下【直事儿】可免费订阅“霸屏天下”宣传资料。“发圈赚佣，开启躺赚人生”，这是“霸屏天下”APP的一句宣传口号。“只需投资99元或999元，每天发两条朋友圈，推荐他人加入，就能获得可观的静态和动态奖励。”从今年9月初上线至今，短短一个月时间，没有任何实体项目的“霸屏天下”据称已发展50万会员。而开发APP软件只需几万元成本。有的会员明知其为骗局或涉嫌传销，但他们只想捞一笔再走，“因为目前还没有崩盘”。目前，南都记者已经收集好“霸屏天下”材料，下一步将向工商和公安系统相关举报平台反映举报。诱惑：发朋友圈就能赚佣金“要不要做霸屏天下?”有会员到处在拉人。这款APP上月初刚刚上线，在正规平台下载不到，只有扫二维码才能看到下载链接。“所有的群都是500人满了，每天能见到钱，入手快的都赚死了。”会员小张这样形容“霸屏天下”的火爆程度。按照宣传资料，“霸屏天下”是利用朋友圈共享创业的平台：“公司出钱租你朋友圈打广告”，发朋友圈就能赚佣金，收入日结，提现秒到。具体来说，每天领取两条任务，发两个朋友圈，得到8元奖励。在“霸屏天下”APP中，南都记者看到，支付99元成为普通会员，高级会员则要999元。对于普通会员，领取所谓任务发朋友圈，然后保留两小时，再提交任务截图上传，可赚8元，操作比较简单。同样，高级会员也是以上步骤，只不过赚的更多，每天40元。入局：拉一个人能挣80元对于会员来说，他们希望微信群、QQ群、网页上“霸屏天下”真正霸屏。不是因为“有钱大家赚”，而是与推广获利有关。除了上述所谓每天固定发朋友圈的任务，还有比较灵活、“多劳多得”的部分：推广分享奖励。据介绍，推荐广告投放商可以获得30%佣金;邀请好友成为会员可以得8元，好友再分享给好友赚8元;除此之外，好友(一级)发圈你又得4元，好友的好友(二级)发圈还得2元。如果直接邀请的会员达到50人，可升级做“霸屏副城主”，享受所辖领地内新增会员每单2元奖励。而交了999元的高级会员直推1人就能获得80元;直推20个高级会员升级为推广总监。小李是“霸屏天下”高级会员。他称，999元一天就回本了，目前为止他已赚了2000多元。小李表示，不论是发朋友圈任务还是拉人入伙，都很简单。他还向记者展示了自己的团队，已经有一级(直接推广)会员14人，二级(间接推广)会员7人。会员晒每日收益。会员：想赚一笔再撤“霸屏天下是不是骗局或者传销?”有人在某问答平台如此提问。一网友表示，“霸屏天下”就是传销模式的复制，自己的爸爸中了套路。而且它设置的99元门槛十分巧妙，一般人看来，99元小钱小成本，哪怕被骗也感觉不到。然而，另有一个网友的想法是：“听说是骗局，不过我已经买了99的会员，再怎么也要回本分第一杯羹，做薅羊毛的第一批人。”南都记者在采访中发现，持此类“赚一笔再撤”想法的人为数不少。有会员称，做的时候没想太多，半个月已经回本了，“这种东西肯定有崩盘的可能，但肯定不会是近期”。会不会崩盘?如此高回报，后续如何?对于APP的投入-收益模式以及资金支撑问题，该公司宣传资料试图解答：“公司收客户的vip费用目的不是为了收钱，而是因为从行为经济学来说，钱在哪里心就在哪里，由此来提高客户与平台的粘合度。公司给客户发的佣金都是来自于广告客户缴纳的广告费。”曝光：发展会员50万，疑涉传销南都记者从知情人士处获悉，从今年9月到现在，仅仅1个月左右，“霸屏天下”已发展会员50万人。“霸屏天下”风生水起的同时，也被几个反传销平台注意到了。根据国务院颁布的《禁止传销条例》，传销是指组织者或者经营者发展人员，通过对被发展人员以其直接或者间接发展的人员数量或者销售业绩为依据计算和给付报酬，或者要求被发展人员以交纳一定费用为条件取得加入资格等方式牟取非法利益，扰乱经济秩序，影响社会稳定的行为。通过对其收益模式的简单分析，反传平台认定“霸屏天下”涉嫌传销式非法集资。在腾讯公司灵鲲金融风险查询举报中心(举报和查询网络金融领域高风险平台)上，南都记者看到，虽然目前没有定性的相关报道，但“霸屏天下”已被标记近500次。举报查询中心提醒，如何鉴别传销组织：1.入门费，交纳费用取得加入资格：2.拉人头，发展他人成为自己的下线或代理;3.组成层级团队计酬等。南都记者了解到，发朋友圈或刷单赚佣金，此类套路早已数见不鲜。警方分析类似案例后发现，这种传销形式参与门槛低、收益快。此外，早期参加的人的确能“赚”钱，于是积极去发展下线，也因为交的钱不多，网民受骗率更高。“霸屏天下”APP界面。————————起底————————“开发APP只需7万元，回本极快”“霸屏天下”没有官方网站，也未见其他官方账号。综合网上一些宣传资料，其背后的实体公司疑为“山东天下物联信息技术有限公司”。工商资料显示，该公司成立于2018年1月，法人为“吴成龙”，注册地址为山东省临沂市某地;注册资本为1314万人民币，但实缴资本为“无”。公司经营范围为互联网信息服务运营、计算机硬件开发、互联网广告传媒发布等。南都记者找不到任何该公司的联系方式。下载“霸屏天下”APP可以发现，该APP虽然界面选项完备，如“广告投放”“霸屏钱包”“金融理财”“物联商城”等，但点开看，其中很多为空，标明“即将上线，敬请期待”。客服中心页面所留官方电话为400开头，拨过去一会就被自动挂断。采访过程中，并未有人明确宣称自己是公司人员，一个会员还表示，“收入每天1000元以上都可以成为公司领导人”。南都记者联系到自称广州某系统软件开发公司的华东(化名)。华东称，现在“霸屏天下”这种模式很火，类似这种APP，公司可以承接开发业务。他表示，如果模式改变不大，这种APP花7万元左右即可做出来。对于回本问题，华东笑称，这种模式就是APP开发有成本，APP维护以及推广宣传等不用花什么钱，运营后“通过会员交钱、广告商投钱”，回本极快。“如果你有兴趣可以来我们公司面谈，很多会员或广告商都想自己做一个。”华东说。来源：南方都市报“直事儿”，请关注直销的事儿（微信ID：cndsn-zxbdw）更多资讯请添加以下公众号阅读]]></content>
  <author><![CDATA[直事儿]]></author>
  <time>2018-10-11 12:09:22</time>
  <account><![CDATA[cndsn-zxbdw]]></account>
</data>
