<data>
  <id><![CDATA[50905129]]></id>
  <url><![CDATA[https://mp.weixin.qq.com/s?timestamp=1539596659&src=3&ver=1&signature=Egrj350GoKY8-KUcIJshb2OyKtU3YgUvE7*j-TDfsELSMc7MYQuJkFwgbEnpENJ32D0N4OD5F88*PFg8FAPKK50Fo47t8tkIl8glk2Mm-iB7xuVvlKsCp7aPlmzBrjypBld4yKZLZjv0fmoJ5rR4o94M4O1Y65hZIEiz9X4FP0Y=]]></url>
  <title><![CDATA[雅芳宣布位于Corby的英国配送中心裁员104人]]></title>
  <content><![CDATA[点击标题下【直事儿】可免费订阅雅芳表示，新技术和“现代化”导致其配送中心的工作失败。截至2018年底，雅芳化妆品公司已在其英国配送中心宣布裁员104人。雅芳表示，北安普敦郡Corby的裁员是由于新技术的升级和“以改善对客户和销售代表的服务”。该公司表示正与Usdaw工会合作，以支持受影响的人。其总部位于北安普顿，其英国配送中心位于Corby的Earlstrees工业区。2016年，该公司表示正在将其总部从纽约迁至英国，同时削减全球2500个工作岗位，作为周转计划的一部分。该公司没有评论目前在该中心工作的人数，但北安普敦电讯报称该网站据信有大约240名全职员工。图片版权谷歌：计划的变更将使位于北安普敦郡Corby的公司基地104人失业雅芳发言人表示：“雅芳正在对其业务进行现代化转型，以改善其为客户和销售代表提供的服务。“这将带来更高效的运营，并在其位于Corby的配送中心进行24小时工作和新技术投资，并将于9月底上线。来自Usdaw的达伦马修斯说：“Usdaw将继续与公司进行谈判，我们正在仔细审查这次重组的商业案例，同时寻求为员工提供的最佳交易以及他们应得的支持。”关于雅芳：图片版权MARIO TAMA / GETTY图片雅芳是家庭主妇和家庭主妇的代名词，她们将化妆品和香水直接销售给他们的朋友和邻居。该公司表示，雅芳英国于1959年开业，如今在英国约有160,000名销售代表大多数销售代表是女性，但大约5%是男性来自桑德兰的一名女性成为英国第一个于2010年在雅芳赚取超过100万英镑的人其着名的“叮咚，雅芳呼唤”电视广告一直持续到1967年该公司表示，雅芳现在经常有三分之一的女性，每六周就有600万英国女性看到一本小册子。据英国BBC新闻网翻译报道来源：直销报道网“直事儿”，请关注直销的事儿（微信ID：cndsn-zxbdw）更多资讯请添加以下公众号阅读]]></content>
  <author><![CDATA[直事儿]]></author>
  <time>2018-09-30 14:33:19</time>
  <account><![CDATA[cndsn-zxbdw]]></account>
</data>
