<data>
  <id><![CDATA[50905129]]></id>
  <url><![CDATA[https://mp.weixin.qq.com/s?timestamp=1539596659&src=3&ver=1&signature=Egrj350GoKY8-KUcIJshb2OyKtU3YgUvE7*j-TDfsELSMc7MYQuJkFwgbEnpENJ32D0N4OD5F88*PFg8FAPKK50Fo47t8tkIl8glk2Mm-iDDeGkykEKEFgflA5C9*LJPuzmG1CdF1It7GYxnt4tgmGM-*AAi2lRYAFooH*NG6PA=]]></url>
  <title><![CDATA[云集起诉云集品！TPS云集品总部被供货商围堵]]></title>
  <content><![CDATA[点击标题下【直事儿】可免费订阅中国网财经9月28日讯（记者 孙朋浩 见习记者 段大壮）据媒体报道，9月25日，跨境电商云集品因拖欠供应商货款，公司总部被供货商围攻。网上流传的图片显示，其公司内部一片狼藉，部分设施被破坏。据媒体报道，在9月25号的云集品维权事件中，愤怒的供应商强行砸开云集品公司大门进入公司。随后，大批民警来到现场维持秩序并介入调查，逐一登记供货商供货金额。中国网财经记者联系到云集品官方客服表示，已经恢复正常，前两天确实存在异常，已经有相应部门去处理了，现在已经恢复正常办公，相应问题已经有相应部门在解决了。当问及事发原因是否是拖欠货款时，对方表示，跟这方面有关系。公开资料显示，云集品公司全称为深圳前海云集品电子商务有限公司，于2014年7月注册成立，注册资本为10000万元人民币，主要运营云集品TPS商城，该商城是主打“消费者+电商平台+供货商”的跨境平台。由于带有分享经济的特征，在平台消费或成为店主都可能得到分红，号称拥有超过1000万名会员。北京市东岩律师事务所律师张晓萌向中国网财经记者表示，TPS云集品是会员股东分红制电商，其实经营模式就是分销、分红、返利。会员免费注册登记，后期根据会员消费金额来确定三个级别，银级会员、金级会员、钻级会员，云集品商品基本上价格虚高，靠拉人头发展下线来提高自己的级别，从而跟上影响分红和返利，一定形式上很符合传销的模式。“依据现有资料我无法确定是否是传销，这个需要司法机关根据相关法律规定进行定性。”张晓萌如是说。记者搜索中国裁判文书网发现，从2017年10月到目前为止深圳前海云集品电子商务有限公司(以下简称深圳“云集品”公司)前后涉及11起民事案件。“此次发生的事情和云集没有关系，当事公司是云集品。云集和云集品有起诉关系在的，因为对方的名称和我们的重合度很高，由于商标保护，在去年就发生了起诉。” 浙江集商网络科技有限公司即云集微店相关负责人向中国网财经记者表示。来源:中国网“直事儿”，请关注直销的事儿（微信ID：cndsn-zxbdw）更多资讯请添加以下公众号阅读]]></content>
  <author><![CDATA[直事儿]]></author>
  <time>2018-09-30 14:33:19</time>
  <account><![CDATA[cndsn-zxbdw]]></account>
</data>
