<data>
  <id><![CDATA[50905129]]></id>
  <url><![CDATA[https://mp.weixin.qq.com/s?timestamp=1539596659&src=3&ver=1&signature=Egrj350GoKY8-KUcIJshb2OyKtU3YgUvE7*j-TDfsELSMc7MYQuJkFwgbEnpENJ32D0N4OD5F88*PFg8FAPKK9yZIteVCdtd1YH79hFzSSMmkjEFn0l8XFCpZIgeh6LeFCcbQxEbuUQmtsya0ybrSihhiX7cVCpdjEu7rsn7BKg=]]></url>
  <title><![CDATA[无限极：旗帜引领方向方向带动成长]]></title>
  <content><![CDATA[点击标题下【直事儿】可免费订阅无限极(中国)甘肃分公司党支部成立于2013年，现有党员4人。党支部自成立以来，以增强党组织的凝聚力、战斗力和创造力为目标，坚持抓好支部自身建设和党员队伍建设，牢固树立“围绕经济抓党建，抓好党建促发展”的理念无限极(中国)甘肃分公司党支部带领党员重温入党誓词无限极(中国)甘肃分公司党支部成立于2013年，现有党员4人。党支部自成立以来，以增强党组织的凝聚力、战斗力和创造力为目标，坚持抓好支部自身建设和党员队伍建设，牢固树立“围绕经济抓党建，抓好党建促发展”的理念，以改革创新的精神推进党建工作，为企业不断发展壮大营造了良好的内部和外部环境，不断探索新形势下非公有制经济与党的建设共管双赢的新途径。党建品牌特色鲜明活动载体新颖扎实去年以来，无限极(中国)甘肃分公司党支部学习贯彻党的十九大精神，以习近平新时代中国特色社会主义思想武装头脑、指导实践、推动工作，认真贯彻执行党的路线方针政策。坚持定期进行集中学习，总结学习经验，交流学习心得，持续提升支部党员的理论水平和党性修养，为夯实支部建设奠定了坚实的基础。与此同时，党支部结合无限极公司的企业文化与工作实际，充分发挥基层党组织战斗堡垒作用和党员先锋模范作用，针对党建工作中的不足之处，创新工作载体，丰富工作内容，努力把支部建设成为一支富于创造力，凝聚力和战斗力的优秀集体。为持续推进党建工作，无限极(中国)甘肃分公司党支部结合“思利及人”企业文化精神，确定了具有企业特色的党建工作理念，明确工作方向，加大工作力度，持续抓好支部建设，坚持以党建带团建，实现了党建品牌特色鲜明，活动载体新颖扎实。党支部积极落实“三岗联创”，在企业各岗位建立了党员团员责任岗，要求主动亮身份、亮职责、亮承诺，将党员身份、岗位责任及承诺进行公开，自觉接受党组织、党员以及职工群众监督，提升服务质量，充分发挥了党员的先锋模范作用。此外，无限极(中国)甘肃分公司党支部结合企业日常工作例会，组织召开专题会议，研究部署企业党建工作与企业销售服务工作，做到了党建工作与中心工作同步计划安排，同步推进实施，同步考核总结。建立健全了联系群众制度，倾听一线职工心声，广泛征求意见建议，不断改进自身工作。夯实党员队伍建设积极履行社会责任在平时的工作中，无限极(中国)甘肃分公司党支部始终坚持“尽心尽力、助人成长”的工作理念，秉持着“把党员培养成业务骨干、把业务骨干培养成合格党员、把青年党员培养成职场新星”的培养机制，全力抓好党员队伍建设，打造高效的企业团队。同时，充分利用企业相关工作会议及宣传平台，以“学、做、教”的模式积极育才，以“创新、体验、梦想、行动”作为工作的着眼点和落脚点，持续激励党员和广大员工学习、提升、成长，全力服务于党支部和企业的同步发展。在抓好党建工作的同时，无限极(中国)甘肃分公司党支部还积极投身公益事业，承担社会责任，尽心尽力回报社会，坚持参与结对共建、救灾抢险、扶贫济困、捐资助学等社会公益活动。党支部先后号召公司党员、团员、青年、无限极志愿者、经销商举办了形式多样的公益活动，共计823场，捐助对象8452人次。在无限极(中国)甘肃分公司党支部的引领带动下，无限极甘肃省永靖县、甘肃省和政县专卖店正式成立了党支部，用党的先进思想武装头脑，不断提升党员和广大员工的理论素养和业务能力，为持续提升业绩、推动经营发展提供了强大的动力。功夫不负有心人。无限极(中国)甘肃分公司党支部先后获得了兰州市、城关区“非公经济组织党建工作示范点”荣誉称号。无极限(中国)甘肃分公司负责人拓龙，获得了城关区“非公有制经济组织优秀党员”荣誉称号。“在今后的工作中，我们将继续抓好公司党建工作，推动‘两学一做’学习教育常态化制度化，充分发挥基层党组织战斗堡垒作用和党员先锋模范作用，为企业持续健康发展尽责尽力，努力用无限的热情，磨砺务实风、助圆中国梦。”无限极(中国)有限公司甘肃分公司党支部负责人说。来源:兰州日报“直事儿”，请关注直销的事儿（微信ID：cndsn-zxbdw）更多资讯请添加以下公众号阅读]]></content>
  <author><![CDATA[直事儿]]></author>
  <time>2018-10-15 14:29:32</time>
  <account><![CDATA[cndsn-zxbdw]]></account>
</data>
