<data>
  <id><![CDATA[50905129]]></id>
  <url><![CDATA[https://mp.weixin.qq.com/s?timestamp=1539596659&src=3&ver=1&signature=Egrj350GoKY8-KUcIJshb2OyKtU3YgUvE7*j-TDfsELSMc7MYQuJkFwgbEnpENJ32D0N4OD5F88*PFg8FAPKKxwi0xB6Y41E0EdjJOKZwmV7rBp4m9uA-8*UmBijfox9Fre2FaQTegg6MeGUcWckxqDj9wplsSAiYMkf1Aa9XKs=]]></url>
  <title><![CDATA[80元保健品被忽悠成1980元特效药，32名假同仁堂专家被拘]]></title>
  <content><![CDATA[点击标题下【直事儿】可免费订阅冒充同仁堂专家行骗，卖特效药，实则只是些保健品，根本没有治病的疗效。日前，市公安局刑侦总队打掉一骗子窝点，涉嫌诈骗的32名嫌疑人被刑事拘留，公司及其仓库内的药品也已被查封和暂扣。张女士的母亲患糖尿病多年，5月的时候接到了一个自称是同仁堂专家电话，称可以治疗糖尿病。老人非常激动，按照对方的要求花5000多元购买了一批特效药，可服用后老人的病却没见好转，此时再联系这个所谓的专家时发现已联系不上了。感觉被骗后，老人立刻报了警。随后，刑侦总队又接到多起类似报警，事主都说被北京“同仁堂”的专家骗了。民警调查发现，所谓的专家平时就在朝阳区一处写字楼内办公。民警来到了骗子的窝点，该公司有40多名员工，可没有一个人是同仁堂的专家，更没有学过医的，也并不了解药品疗效。他们的工作不是给人看病，而是对着电话本给“病人”打电话，推销药品。民警走访后找到了公司的实际经营人刘某，他交代，公司跟北京同仁堂没有任何关系，他们推销的药品只是一些保健食品，根本没有治病的疗效。一盒成本80元的保健食品却卖到了1980元，6月份的一张销售单显示，一个月公司就卖了200万多元。目前，因涉嫌诈骗，刘某、柏某等32名犯罪嫌疑人，被警方刑事拘留，公司及其仓库内的药品也已被查封和暂扣。来源：北京日报“直事儿”，请关注直销的事儿（微信ID：cndsn-zxbdw）更多资讯请添加以下公众号阅读]]></content>
  <author><![CDATA[直事儿]]></author>
  <time>2018-10-10 11:57:05</time>
  <account><![CDATA[cndsn-zxbdw]]></account>
</data>
