<data>
  <id><![CDATA[50905129]]></id>
  <url><![CDATA[https://mp.weixin.qq.com/s?timestamp=1539596659&src=3&ver=1&signature=Egrj350GoKY8-KUcIJshb2OyKtU3YgUvE7*j-TDfsELSMc7MYQuJkFwgbEnpENJ32D0N4OD5F88*PFg8FAPKKyG2FsRZVz1KAMQzLrbE7MXdaC1lQG*5vPWZ0zCePR7F89ciPdLNQlYGF4SCFWIO6AQxRUMncSto2zVvjeTuwi0=]]></url>
  <title><![CDATA[推动健康产业高质量发展需抓好七大着力点]]></title>
  <content><![CDATA[点击标题下【直事儿】可免费订阅健康是人类发展的基石。健康产业是为人类健康提供相关产品与服务的各类组织或主体的集合，其覆盖面广、产业链长、融合性强，被誉为21世纪引领经济社会发展的“朝阳产业”。健康产业的高质量发展，不仅关乎人民幸福与社会和谐，也关乎国家富强与民族复兴。作为世界第一人口大国，我国健康产业发展前景极为广阔。未来，推动健康产业高质量发展，可抓好以下7个着力点。着力点一：构建现代健康产业体系。可构建覆盖全人群、全生命周期、全方位、业态丰富、布局合理、功能强大、结构优化、高质高效的集健康管理、医疗卫生、医药、医疗器械、养生等为一体的现代健康产业体系。着力点二：培育壮大优势市场主体。做大做强做优医药生产企业，推动医药流通企业规模化、集约化、智能化发展。促进保健食品企业规模化、品质化、品牌化发展。支持妇幼保健、公立医疗卫生机构等成为高质量高效率服务组织。着力点三：打造高质高效健康产业链与供应链。鼓励和引导健康产业链上下游相关主体良好合作。支持上下游主体共同构建安全、优质、高效、透明、绿色、共享，有竞争力、创新力的健康供应链，消除健康供应链环节的短板，实现人流、商流、物流、资金流和信息流的通畅、高效、安全，构建可持续的大健康产业生态系统。着力点四：推动健康产业与养老、旅游等融合发展。健全医疗卫生机构、药品生产流通企业、营养机构、康复机构与养老机构之间的业务协作机制。推动健康产业与旅游融合发展，支持有条件的地区开展医疗健康旅游、养生旅游，建设一批包含健康主题的特色旅游城镇、主题酒店、养生体验和观赏基地。着力点五：优化健康产业布局。可根据国内各地健康资源禀赋、自然地理环境、历史文化、产业基础和比较优势，在全国范围内培育一大批特色鲜明、专业化程度高、配套完善、大中小企业分工协作、优势明显的健康产业集群。建立区域间产业合理分布，城乡互动、东中西联动、地区协同的健康产业发展格局。着力点六：推动健康产业国际化。推动健康产业融入全球健康研发、生产、服务、知识网络，积极承接国际健康服务和研发外包，在全球范围内整合医疗卫生、医药、医疗器械、生物、研发等优质资源，全面提升产业国际竞争力、国际影响力和全球健康服务能力。着力点七：推动健康产业现代化。大力发展信息化、网络化、数字化、智能化的健康产品和服务。加强以互联网、物联网、大数据等为支撑的智能健康服务系统研发和应用，推动全社会健康资源与要素的互联互通与协同。推广应用人工智能健康服务新模式新手段，促进智慧医院建设，发展智慧健康医疗和便民惠民服务。来源：前瞻研究院“直事儿”，请关注直销的事儿（微信ID：cndsn-zxbdw）更多资讯请添加以下公众号阅读]]></content>
  <author><![CDATA[直事儿]]></author>
  <time>2018-10-12 12:56:44</time>
  <account><![CDATA[cndsn-zxbdw]]></account>
</data>
