<data>
  <id><![CDATA[50905129]]></id>
  <url><![CDATA[https://mp.weixin.qq.com/s?timestamp=1539596659&src=3&ver=1&signature=Egrj350GoKY8-KUcIJshb2OyKtU3YgUvE7*j-TDfsELSMc7MYQuJkFwgbEnpENJ32D0N4OD5F88*PFg8FAPKK1PyegVA1KT031jC0I2taOcaNedweJXuespDXOgFF9rEPccY4IL8-04ySEA*PmSM*EAJn90Q9rFZzkyshtaNcJ8=]]></url>
  <title><![CDATA[深圳威考伯思公司跑路留下烂摊子！警惕共享骗局层出不穷]]></title>
  <content><![CDATA[点击标题下【直事儿】可免费订阅这几年共享经济的模式可谓是异常的火热，像共享单车、共享雨伞等等层出不穷，最近又出现了一个新的名词，叫做共享美容。那到底什么是共享美容？他又是如何运作的呢？斥巨资投资“共享美容” 结果公司关门投资者遭殃福田的罗女士来深圳很多年了，前段时间她在聚会上认识了一个朋友，跟她推荐了共享美容的概念。举个例子，一个是面上几万元的美容超声刀手术，如果在共享美容的模式下，可以以25800元的价格做三次。除此之外，还可以体验很多其它的美容项目。随后这位朋友带着刘女士来到位于罗湖鸿隆世纪广场一家威考伯思生物科技有限公司。进店以后罗女士得知，如果想要体验25800元的优惠价格，还需要拉一些朋友一起加入，但是也不白拉，只要总人数能够达到25人，就可以由公司出面开一家200平米的威希科美的实体美容店，而且水电房租，人员开销等一切运营费用都由公司解决。罗女士说，“共享美容的模式除了有像他一样的投资人，还有发起人。而发起人所要交的资金则更多，最初价格相对便宜的时候，一个200平米的美容院需要一个投资人和25个发起人，每个投资人需要缴纳25800元，而发起人则需要缴纳35800元。后来公司推出美容院规模不断增大，最高的时候，可以由45个合伙人共同开设一个500平米的美容院，每个人最高要缴纳29800元。”后来由于没有拿到新的朋友加入，公司便将她和其他投资人组合在一块，形成一个25人投资人团队，在福田开了一家200平米美容院。然而好景不长，就在上个月，公司已更换设备为由，将美容院的产品进行了更换。之后，不少客人都反映新到的美容产品质量有问题，就在上个月经营陷入困境，开了不到三个月的美容院不得不停业。罗女士告诉记者，“公司只是拼命的让他们下去拉人，并没有在经营方面提供什么帮助，完全靠自己去拉人。后来我过来我就觉得不太对”。后来罗女士带着合同去找公司，准备撤回投资，然而令他没想到的是，原来的公司此刻早已人去楼空。而原本那些联系人此刻也是一个都联系不上，直到这时罗女士才明白自己好像是上当受骗了。罗女士感觉自己遭遇了经济诈骗，事情发生之后，她也同其他的受害者一起来共同组织维权，然后经过进一步了解，他们才发现这家公司的套路深的很呢。公司关门一走了之 留下烂摊如何收场？不同于罗女士，张先生是这几天从内蒙古专程赶到深圳的，他在内蒙古开了一家装修公司，主要是负责威希科美线下美容院的装修。然而，直到这个月，他都没有收到装修的工程尾款110多万。张先生说，“除了美容院之外，后来这家公司又推出了威希美食、全城找丫等多个项目，在内蒙古他一共承接了六个美容院和四个美食城的装修，此外还有九个签了合同，但没实施的项目。而在全国各地已经装修完，但拖欠工程款的美容院和美食城，目前统计总共加起来有上千家。”张先生告诉记者，“在签装修合同的时候，这家公司采取的做法是分四次支付工程款，目前大部分的项目都只支付了60%，还有一些完工的项目支付了30%，就在这个月月初，对方忽然告诉他资金链出现断裂，需要等待新的融资，他一下就着急了。现在下面的员工去我们家里要钱。”记者也陪同张先生和罗女士一起来到了威考伯思生物科技有限公司，物业告诉记者，这家公司零零散散一共租了五层楼，但是在这个月初，公司负责人忽然失联，连房租和工人工资都没有给。目前，受害人已经选择报警处理，相关案件正在进一步调查当中。对于欠薪问题，劳动保障部门也已介入调查。共享骗局层出不穷 警惕投资避免入坑从几天前在朋友圈里疯传的共享单车骗局，到如今的共享美容，共享美食，似乎单反和共享沾边的行业，都有着无限的商机和前景，但到底是真共享还是投资骗局呢？大家要擦亮双眼。相关专家指出，在互联网时代，任何行业都有和和互联网加相结合的可能，然而向共享美容这种以个体支付一定的费用，作为企业股本的形式的共享经济，更像是一种融资行为，而作为公司主体来说，股本去不可以无限量增发的。因此，很显然存在一定的问题。此外洪培林还指出，“共享经济实际上是将社会上的闲置资源利用起来，使更多的人以互联网为载体进行组织扩散，从而降低生活成本，本质上是为了使经济发展更加绿色环保，更加节约资源。共享美容无论是披上共享经济，还是众筹的外衣都不应该违返国家的法律法规。”对于共享经济领域的投资，洪培林建议要遵循投资行业的定律，尽可能选择自己熟悉的领域进行投资，要时刻牢记互联网本身是为了提高效率、缩短渠道、使交易更加便捷产生的。因此，打这种打着融资的口号进行共享经济的宣传，一定要警惕，避免卷入非法集资。如果不小心参与到这些项目，第一时间要去报案报警。来源:庞氏骗局快讯“直事儿”，请关注直销的事儿（微信ID：cndsn-zxbdw）更多资讯请添加以下公众号阅读]]></content>
  <author><![CDATA[直事儿]]></author>
  <time>2018-10-01 08:31:08</time>
  <account><![CDATA[cndsn-zxbdw]]></account>
</data>
