<data>
  <id><![CDATA[50905129]]></id>
  <url><![CDATA[https://mp.weixin.qq.com/s?timestamp=1539596659&src=3&ver=1&signature=Egrj350GoKY8-KUcIJshb2OyKtU3YgUvE7*j-TDfsELSMc7MYQuJkFwgbEnpENJ32D0N4OD5F88*PFg8FAPKK1PyegVA1KT031jC0I2taOfCZplhPCKFXJpk9C0IqbLI34v-CGjhEEko4-48IHtq8QqxJSzzl1u*wpHLm*aMezo=]]></url>
  <title><![CDATA[三生(中国)亮相2018宁波•尼斯国际嘉年华]]></title>
  <content><![CDATA[点击标题下【直事儿】可免费订阅日前，2018宁波·尼斯国际嘉年华举行盛大开幕式。全国政协文化文史和学习委员会副主任丁伟出席开幕式，市委副书记、市长裘东耀宣布开幕。欧盟高级官员埃里克·菲利帕特博士、法国尼斯市市长克里斯蒂安·埃斯托斯分别发来视频祝福和贺信，法国尼斯市副市长鲁迪·萨尔、法国驻上海副总领事菲利普·韦伯、意大利维亚雷焦市副市长伦巴蒂·帕特里齐亚，市领导万亚伟、王建社、陈安平及张良才出席。据悉，2018宁波·尼斯国际嘉年华是“2018中国—欧盟旅游年”的重要活动之一，也是宁波响应“一带一路”倡议，进一步扩大对外开放、建设国际休闲旅游目的地的重要载体。法国“尼斯国际嘉年华”是全球规模最盛大、最著名、历史最悠久的狂欢节之一，至今已有七百多年的历史，被列入联合国教科文组织非物质文化遗产。宁波此次引进了完整版的法国尼斯国际嘉年华，并植入宁波文化元素，将原汁原味的法式风情和独具特色的宁波文化展现给全球观众。此次，三生(中国)品牌广告惊喜亮相嘉年华，向宁波市民及全球关注本次盛会的关注传递积极健康的自然生活力。三生(中国)亮相2018宁波·尼斯国际嘉年华本次嘉年华从9月28日一直持续到10月3日，每天两场，日场为花车巡游，夜场为人偶彩车。参演人员来自法国、西班牙、意大利、匈牙利等6个国家200多人。来源:三生公司“直事儿”，请关注直销的事儿（微信ID：cndsn-zxbdw）更多资讯请添加以下公众号阅读]]></content>
  <author><![CDATA[直事儿]]></author>
  <time>2018-10-01 08:31:08</time>
  <account><![CDATA[cndsn-zxbdw]]></account>
</data>
