<data>
  <id><![CDATA[50905129]]></id>
  <url><![CDATA[https://mp.weixin.qq.com/s?timestamp=1539596659&src=3&ver=1&signature=Egrj350GoKY8-KUcIJshb2OyKtU3YgUvE7*j-TDfsELSMc7MYQuJkFwgbEnpENJ32D0N4OD5F88*PFg8FAPKK842qoyTDhPKHOJLyyF3CQ9djPvGc3tmb-1H4zSOnIzgzqs7sSWsYXf9xu7*X*ZZXVNdri87QKxVFaOCVcgn9uw=]]></url>
  <title><![CDATA[安惠公司董事长陈惠陪同加拿大健康科学院院士王玉琢教授考察野生菌物资源]]></title>
  <content><![CDATA[点击标题下【直事儿】可免费订阅国庆期间，安惠公司董事长陈惠陪同加拿大健康科学院院士、温哥华前列腺中心资深科学家、不列颠哥伦比亚癌症管理局杰出科学家王玉琢来到森林深处，考察野生菌物资源。加拿大森林资源丰富，食用菌品类繁多。陈惠董事长和王玉琢院士深入森林深处，看到了许多形态各异的野生灵芝和菌类物种。一朵朵灵芝和神奇的菌物仿佛美丽的“精灵”，给他们在菌物研究方面提供了更多的思考。一直以来，安惠公司联合北美地区的肿瘤专家开展灵芝临床药物的研究，目前已经取得了阶段性的进展。今年7月，陈惠董事长专程在加拿大和相关人员开展了进一步的交流。来源：安惠“直事儿”，请关注直销的事儿（微信ID：cndsn-zxbdw）更多资讯请添加以下公众号阅读]]></content>
  <author><![CDATA[直事儿]]></author>
  <time>2018-10-14 10:47:53</time>
  <account><![CDATA[cndsn-zxbdw]]></account>
</data>
