<data>
  <id><![CDATA[50343000]]></id>
  <url><![CDATA[https://mp.weixin.qq.com/s?timestamp=1539596288&src=3&ver=1&signature=Egrj350GoKY8-KUcIJshb9u0T0lgUEvGpq5nBO5odJIXu*z11JATifSbDF7qorW9U-WJo7qJ9XodWmw*utahn6zn6Z6-8-5HRVye6NcqHjSsAhYSKffIuTG2Y85mT1lGCWJVD1bwCnOqGxt7KiNyuWObNJKcc3vYyAkl-hwQbtE=]]></url>
  <title><![CDATA[市委统战部机关党委召开党员大会开展集中学习活动]]></title>
  <content><![CDATA[9月4日，市委统战部机关党委召开党员大会，开展集中学习活动。市委统战部、市工商联全体机关干部参加会议。会议由市委统战部副部长、市委统战部机关党委书记额尔敦巴图主持。会上，宣读了市直机关工委《关于对中共鄂尔多斯市委统战部机关委员会换届选举结果的批复》，额尔敦巴图同志任书记，郝乌日娜同志任专职副书记兼群工委员，哈雅嘎同志任组织委员，白春同志任宣传委员，丁玲、刘晨云、杨亚平三名同志任机关党委委员，还宣布了新调整的机关纪委组成人员。会议传达学习内蒙古统一战线全面从严治党暨廉政工作会议精神。会议指出要深入学习贯彻习近平新时代中国特色社会主义思想，切实提高推动全面从严治党和廉政工作的政治站位和政治自觉；要坚持把政治建设放在首位，树牢“四个意识”、坚定“四个自信”，做到“两个坚决维护”体现在实际行动上，共同守好“政治关”；要坚持把纪律和规矩挺在前面，共同守好“廉洁关”；要锲而不舍加强作风建设，共同守好“形象关”；要把全面从严治党和廉政建设作为政治责任抓紧抓实。会上还集中学习了“中共中央关于追授郑德荣等7名同志‘全国优秀共产党员’称号的决定”和新修订的《中国共产党纪律处分条例》，传达了《关于2起违反基层“三务”公开规定典型案例的通报》。编辑：姬敏  校审：任志远]]></content>
  <author><![CDATA[鄂尔多斯统一战线]]></author>
  <time>2018-09-05 20:23:42</time>
  <account><![CDATA[ordostzb]]></account>
</data>
