<data>
  <id><![CDATA[50343000]]></id>
  <url><![CDATA[https://mp.weixin.qq.com/s?timestamp=1539596288&src=3&ver=1&signature=Egrj350GoKY8-KUcIJshb9u0T0lgUEvGpq5nBO5odJIXu*z11JATifSbDF7qorW9U-WJo7qJ9XodWmw*utahn6zn6Z6-8-5HRVye6NcqHjSTEpCLR1ceWNPPz*uCTER68eseZUEHewA2SpCzQlWCOt3TzkxdsoUsrZkYISOHYEc=]]></url>
  <title><![CDATA[第十次全国归侨侨眷代表大会在京开幕鄂尔多斯市获得两项殊荣]]></title>
  <content><![CDATA[第十次全国归侨侨眷代表大会29日上午在北京人民大会堂开幕。习近平、李克强、栗战书、汪洋、王沪宁、韩正、王岐山等党和国家领导人到会祝贺，赵乐际代表党中央致词。人民大会堂大礼堂灯光璀璨，气氛热烈。主席台上方悬挂着“第十次全国归侨侨眷代表大会”的会标，后幕正中象征着五大洲侨胞心向祖国的中国侨联会徽格外醒目，10面红旗分列两侧。二楼眺台悬挂着“紧密团结在以习近平同志为核心的党中央周围，坚持以习近平新时代中国特色社会主义思想为指导，团结凝聚广大归侨侨眷和海外侨胞，为实现中华民族伟大复兴的中国梦而努力奋斗！”巨型横幅。来自全国各地的近1300名归侨侨眷代表和来自110多个国家的近700名海外侨胞特邀嘉宾欢聚一堂。上午9时30分，中共中央总书记、国家主席、中央军委主席习近平等步入会场，全场响起热烈的掌声。大会在雄壮的中华人民共和国国歌声中开幕。赵乐际代表党中央发表了题为《为新时代凝聚侨的力量谱写民族复兴的新篇章》的致词。赵乐际首先向大会的召开表示热烈祝贺，向广大归侨侨眷和海外侨胞、侨联工作者致以诚挚问候。赵乐际在致词中说，第九次全国归侨侨眷代表大会以来，各级侨联组织牢固树立“四个意识”，自觉以习近平新时代中国特色社会主义思想为指引，锐意进取、真抓实干，深入推进侨联改革，各项工作实现新发展，侨联干部呈现新面貌。广大归侨侨眷和海外侨胞始终同祖国同呼吸、共命运，发挥独特优势，作出积极贡献，展现出爱国爱乡的赤子情怀、自强不息的奋斗精神、开放自信的国际形象。赵乐际表示，习近平总书记关于侨务工作的重要论述，为做好新时代党的侨务工作提供了根本遵循。实现党的十九大提出的决胜全面建成小康社会、开启全面建设社会主义现代化国家新征程的宏伟蓝图，是全党全国人民的共同目标，也是海内外中华儿女的共同使命。希望广大归侨侨眷和海外侨胞牢记党和人民嘱托，传播好中国声音，助力祖国发展，维护中华民族大义，弘扬中华文化，为实现中华民族伟大复兴的中国梦、推动构建人类命运共同体作出新的贡献。中华全国妇女联合会党组书记黄晓薇代表中华全国总工会、中国共产主义青年团中央委员会、中华全国妇女联合会、中国文学艺术界联合会、中国作家协会、中国科学技术协会、中华全国台湾同胞联谊会向大会致贺词。贺词指出，各群团组织要强化政治引领，引导所联系的群众更加紧密团结在以习近平同志为核心的党中央周围，为实现中国梦不懈奋斗，共同开创新时代党的群团工作新局面。会上宣读了《中国侨联、国务院侨办关于表彰中国侨界杰出人物和全国归侨侨眷先进个人的决定》《人力资源社会保障部、中国侨联关于表彰全国侨联系统先进集体和先进工作者的决定》《中国侨联关于表彰全国侨联系统先进组织和先进个人的决定》，并为获奖单位和个人颁奖。（鄂尔多斯市归国华侨联合会被评为全国侨联先进组织；鄂尔多斯市杨亚平同志被评为全国归侨侨眷先进个人）大会主席团常务主席万立骏代表中国侨联第九届委员会向大会作了题为《贯彻新思想建功新时代团结凝聚广大归侨侨眷和海外侨胞为实现中华民族伟大复兴的中国梦而奋斗》的工作报告。部分中共中央政治局委员、中央书记处书记，全国人大常委会、国务院、全国政协有关领导同志出席会议。中央和国家机关有关部门、军队有关单位、各民主党派中央、全国工商联、各人民团体、北京市负责同志，第十次全国归侨侨眷代表大会代表、海外侨胞特邀嘉宾等共约3000人参加了开幕会。编辑：白春      审稿：韩云]]></content>
  <author><![CDATA[鄂尔多斯统一战线]]></author>
  <time>2018-09-05 20:23:42</time>
  <account><![CDATA[ordostzb]]></account>
</data>
