<data>
  <id><![CDATA[50343000]]></id>
  <url><![CDATA[https://mp.weixin.qq.com/s?timestamp=1539596288&src=3&ver=1&signature=Egrj350GoKY8-KUcIJshb9u0T0lgUEvGpq5nBO5odJIXu*z11JATifSbDF7qorW9U-WJo7qJ9XodWmw*utahn8KCOsBa*6gaAzrLgAAGHv1ADxPbfaQ0nhi-QaU4Cvhiv9iyjnvfgjbKIhVzoiQMw06mVOi*sVCuglrQ9*2CJx8=]]></url>
  <title><![CDATA[太鲁阁马拉松代表团助力2018鄂尔多斯国际马拉松]]></title>
  <content><![CDATA[8月25日太鲁阁马拉松代表团参加了2018鄂尔多斯国际马拉松，这是双方正式结为姊妹马拉松以来，花莲县跑友首次以团队形式参加助力“鄂马”。据悉2018年6月，鄂尔多斯国际马拉松组委会与太鲁阁峡谷马拉松组委会进行了合作签约，这是上海马拉松与台湾地区台北马拉松接为友好城市马拉松之后，大陆与台湾地区又一次马拉松赛事“联姻”，双方将互相为对方马拉松完赛选手开放直通报名通道，以深化两地交流共促马拉松赛事发展。太鲁阁马拉松代表团汪锦德一行24人赛事期间，还参加了两地体育文化融合发展座谈、考察体育场馆建设等体育交流活动。（供稿：市委统战部台办）编辑：白春      审稿：韩云]]></content>
  <author><![CDATA[鄂尔多斯统一战线]]></author>
  <time>2018-08-27 15:24:58</time>
  <account><![CDATA[ordostzb]]></account>
</data>
