<data>
  <id><![CDATA[50343000]]></id>
  <url><![CDATA[https://mp.weixin.qq.com/s?timestamp=1539596288&src=3&ver=1&signature=Egrj350GoKY8-KUcIJshb9u0T0lgUEvGpq5nBO5odJIXu*z11JATifSbDF7qorW9U-WJo7qJ9XodWmw*utahn6hfqqjzJ86MJyDZGjr7e9KKO0Qhfq4Yc-5f57iLNviA0k9mBSuHiSmqYPKspw4uOCTIn9*4rA6tE2h6io0JHfo=]]></url>
  <title><![CDATA[【央视视频】网络强国之路，怎么走？]]></title>
  <content><![CDATA[“让互联网发展成果惠及13亿中国人民”“没有网络安全就没有国家安全”“要紧紧牵住核心技术自主创新这个‘牛鼻子’”“深化国际合作，建立多边、民主、透明的国际互联网治理体系”……习近平总书记曾多次从保障网络安全、掌握核心技术、清朗网络空间、汇聚网络人才、加强国际合作等方面部署网络强国建设。今天，让我们一起看看中央电视台邀请中国工程院院士、中国互联网协会理事长邬贺铨做的专题讲座《网络强国之路，怎么走》编辑：白春     审稿：韩云]]></content>
  <author><![CDATA[鄂尔多斯统一战线]]></author>
  <time>2018-10-12 15:41:09</time>
  <account><![CDATA[ordostzb]]></account>
</data>
