<data>
  <id><![CDATA[50343000]]></id>
  <url><![CDATA[https://mp.weixin.qq.com/s?timestamp=1539596288&src=3&ver=1&signature=Egrj350GoKY8-KUcIJshb9u0T0lgUEvGpq5nBO5odJIXu*z11JATifSbDF7qorW9U-WJo7qJ9XodWmw*utahn6OB8F5ReYl1LAOFBsquNlT0XZVWGxCy6M0W8l5r6LSIWckiUqL*BYYUTMCnepJrnkzgF9p4VM359UlxLCgL8Tc=]]></url>
  <title><![CDATA[市委统战部组织派驻纪检组成员单位参观参观廉政教育展厅接受廉政清风洗礼]]></title>
  <content><![CDATA[为进一步加强党风廉政建设，增强党员干部廉洁从业意识和拒腐防变能力。8月28日，市纪委派驻市委统战部纪检组组长郝晓丽带领市直统战系统单位及市贸促会党员干部到伊旗党风廉政教育基地参观党风廉政教育展览，来自市委统战部、市民委、市工商联、市侨联等30多名党员干部接受廉政清风洗礼。参观过程中，党员干部们参观了序厅、倡廉厅、鉴廉厅、育廉厅等展厅，聆听了讲解员精彩的案例解说，重温了入党誓词，表达了不忘初心、牢记使命、永远奋斗的坚定信念。展厅通过图片、文字、浮雕、实物、影音等方式，利用现代多媒体技术手段，将党和国家历代领导人的重要反腐倡廉思想、党纪国法、典型案例等生动的呈现出来，通过反面警示，正面激励，为大家上了一堂生动的警示教育课。参观结束后，大家深受触动，纷纷表示要以腐为鉴进一步加强自身廉政意识，严守法律法规的“高压线”，常怀敬畏之心，常思贪欲之害，牢记党纪、国法，筑牢拒腐防变的思想道德防线，始终保持清正廉洁的政治本色。编辑：訾娜审稿：白春]]></content>
  <author><![CDATA[鄂尔多斯统一战线]]></author>
  <time>2018-08-28 21:07:17</time>
  <account><![CDATA[ordostzb]]></account>
</data>
