<data>
  <id><![CDATA[50343000]]></id>
  <url><![CDATA[https://mp.weixin.qq.com/s?timestamp=1539596288&src=3&ver=1&signature=Egrj350GoKY8-KUcIJshb9u0T0lgUEvGpq5nBO5odJIXu*z11JATifSbDF7qorW9U-WJo7qJ9XodWmw*utahn*t3FAGqQRPUpDzpm65ccoZnaYDKPwrS9yvcLlIQ-LnXNjDiWRUUgNjvlrIGIgIJEXtdCmZZjILPdOpCa-Kvgi8=]]></url>
  <title><![CDATA[【视频】民族团结赞新歌]]></title>
  <content><![CDATA[自1983年以来，内蒙古自治区民族团结进步活动月工作已经连续开展了34年。今年9月是自治区第35个民族团结进步活动月。今年，鄂尔多斯市民族团结进步活动月工作,以“践行守望相助理念，扎实推进民族团结和边疆稳固”为主题，开展了丰富多样的民族团结宣传教育活动。现在，小编带你一起看看杭锦旗的民族团结教育宣传片。（供稿：杭锦旗委统战部）编辑：白春     审稿：韩云]]></content>
  <author><![CDATA[鄂尔多斯统一战线]]></author>
  <time>2018-09-29 17:42:08</time>
  <account><![CDATA[ordostzb]]></account>
</data>
