<data>
  <id><![CDATA[50343000]]></id>
  <url><![CDATA[https://mp.weixin.qq.com/s?timestamp=1539596288&src=3&ver=1&signature=Egrj350GoKY8-KUcIJshb9u0T0lgUEvGpq5nBO5odJIXu*z11JATifSbDF7qorW9U-WJo7qJ9XodWmw*utahn6hfqqjzJ86MJyDZGjr7e9KlLWgjHsxoCk5xACEzSm5kwjH5rYVXkH2Rlb80ZUdrQJDaTqF6yC1IDshMr5PW3Ik=]]></url>
  <title><![CDATA[【他山之石】重庆市云阳县“四措并举”服务民营企业]]></title>
  <content><![CDATA[导语：民营经济是天生的市场经济、老百姓经济，是创新创业的主力军，是吸纳就业的主渠道。全面优化营商环境，促进民营经济发展，是推动云阳实现高质量发展，创造高品质生活的必然要求，重庆市云阳县工商联“四措并举”当好“店小二”，全力服务民营企业。一是“双评”机制彰显力度。建立和完善了民营企业评价政府部门和政府部门评价民营企业的双向评价机制。组织人大代表、政协委员、企业代表及办件企业对全县部门、乡镇（街道）、有关单位服务民企情况进行评估，评估结果将作为优化营商环境单位考核的重要依据，将企业评价结果与企业诚信体系挂钩，从而增强政府部门的服务意识和企业诚实守信意识，彰显“双评”机制对部门和企业的公开、公平、透明的力度。二是《民企之声》解难题。建立非公有制经济人士接待日制度，从今年8月起，每周星期二下午由县相关领导和县委统战部、县工商联班子成员轮流接待，收集分析民营企业发展中的困难和问题，分类处理，对反映的重要问题通过《民企之声》直接报送县委县政府主要领导或转送县级有关部门办理，对民营企业反映的合理合法问题办理不力、政策执行不到位的单位主要负责人进行约谈，使上级对民营企业的政策落实生根，着力为企业排忧解难。三是“双创”活动树标杆。开展创“四好”商会和优秀民营企业家评选活动，充分发挥基层商会积极作用，弘扬企业家精神，强化标杆作用，牢固树立“企业是纳税人，公务员是服务员”的理念，着力激发企业家活力，要像尊重科学家一样尊重企业家，当好“店小二”；聚焦“亲”“清”二字，积极作为，靠前服务，进一步营造非公有制企业健康发展和非公有制经济人士健康成长的良好氛围。四是法制环境作保障。建立法律维权机制，云阳县工商联与县法院、县检察院、县公安局、县司法局建立法制环境沟通联系机制，定期召开民营经济发展协调会，推动解决民营企业发展中的相关法律问题，全面落实市、县服务民营经济发展的各项政策措施，全力营造司法机关依法执法，民营企业依法经营的良好环境，依法保护民营企业和民营企业家的合法财产不受侵犯，合法经营不受干扰。（来自：重庆市委统战部）]]></content>
  <author><![CDATA[鄂尔多斯统一战线]]></author>
  <time>2018-10-12 15:41:09</time>
  <account><![CDATA[ordostzb]]></account>
</data>
