<data>
  <id><![CDATA[50343000]]></id>
  <url><![CDATA[https://mp.weixin.qq.com/s?timestamp=1539596288&src=3&ver=1&signature=Egrj350GoKY8-KUcIJshb9u0T0lgUEvGpq5nBO5odJIXu*z11JATifSbDF7qorW9U-WJo7qJ9XodWmw*utahn1ZeYe7gM81kP0QZPy7EbOFcfbkessEQCqkewtXCWKElNvkpFfioMVbRBWcHzG*RZwEpIEedq7DX1BSG2pHri4E=]]></url>
  <title><![CDATA[【微电影】文明出行]]></title>
  <content><![CDATA[文明在心中，平安在手中！编辑：白春     审稿：韩云]]></content>
  <author><![CDATA[鄂尔多斯统一战线]]></author>
  <time>2018-09-28 11:48:47</time>
  <account><![CDATA[ordostzb]]></account>
</data>
