<data>
  <id><![CDATA[50343000]]></id>
  <url><![CDATA[https://mp.weixin.qq.com/s?timestamp=1539596288&src=3&ver=1&signature=Egrj350GoKY8-KUcIJshb9u0T0lgUEvGpq5nBO5odJIXu*z11JATifSbDF7qorW9U-WJo7qJ9XodWmw*utahn8KCOsBa*6gaAzrLgAAGHv2DMSwEWjkI4blXFCHiLu*JtpilPB*TX8PoeX23enL-dRRuHpG5i9fpIyxsn3pFjK0=]]></url>
  <title><![CDATA[大漠党旗下的绿色中国梦——在党的统一战线法宝引领下鄂尔多斯用“库布其精神”演绎着“大漠奇迹”]]></title>
  <content><![CDATA[统一战线做实了就是生产力，做细了就是凝聚力，做强了就是战斗力。黄河为弓，大漠为弦，这便是鄂尔多斯境内的库布其沙漠，“库布其”蒙语意为“胜利在握的弓弦”。库布其沙漠总面积1.86万平方公里，是世界第九大、中国第七大沙漠。谁曾想到，30年前的库布其沙漠，在党的领导下，鄂尔多斯发挥统一战线法宝作用，团结带领各族群众，引领全市70%以上的非公有制企业，直接或间接参与了一场人定胜天的防沙治沙大战。如今的库布齐，遍地绿洲、金镶玉翠，被联合国环境规划署确立为全球沙漠“生态经济示范区”，走出一条生态、经济、社会效益共赢的发展之路。库布其治沙的成功，得益于统战工作为推动先进生产力提供了力量支持。上世纪90年代初，市委（原伊克昭盟委）决定向“死亡之海”库布其沙漠修建一条“穿沙公路”，在中央和自治区党委统战部指导下，全市上下充分发挥统一战线优势，凝心聚力推进先进生产力发展，全力以赴调动统战对象的积极性，确保思想同心、目标同向、行动同行，3年内5次组织各族干部群众形成万人治沙大军攻向库布其，在亘古无路的浩瀚大漠上辟沙成途，以百折不挠的“穿沙精神”打通梁外与沿河的经济命脉，增进各民族的交往交流交融。在党的坚强领导下，统战部门引导大批非公有制企业抢抓发展机遇，积极实施“五荒到户、谁造谁有、长期不变、允许继承”造林新政，空前激发了广大农牧民包沙地造林的热情，“库布齐精神”油然而生，库布齐继“穿沙公路”之后，再次向世界展现出了“大漠奇迹”。截至目前，库布其治沙面积达6000多平方公里，创造生态财富5000多亿元，提供就业机会100多万人（次），带动当地群众脱贫超过10万人，库布其治沙，解放了社会生产力，提升了鄂尔多斯综合竞争力，生动践行了“绿水青山就是金山银山”的发展理念。库布其治沙的成功，得益于统战工作助力龙头民营企业发挥引领示范作用。在过去的几十年里，鄂尔多斯严格贯彻落实党中央关于生态环境治理的大政方针，在非公有制经济统战工作上，鼓励民营企业投身于库布齐沙漠的治理，积极宣传树立治沙典型。亿利资源集团董事长王文彪曾任全国政协常委，伊泰集团董事长张双旺被国务院授予“全国劳动模范”荣誉称号，东达蒙古王集团董事长赵永亮现任内蒙古沙产业草产业协会副会长。通过逐步提高优秀企业家政治待遇，大力引导优秀企业家致富思源，助推了一批以亿利、伊泰、东达蒙古王为代表的典型民营企业的成长与壮大。在得到党委政府全力支持后，亿利集团修建穿沙公路，发展沙漠产业，实施生态移民，特别是近几年的治沙面积，相当于前20年治沙面积的总和；343项治沙科技创新成果，有290多项都是近几年取得的；许多重大生态产业项目，都是近几年启动的，成为库布其治沙的主力军和领头羊。伊泰集团累计投入4亿多元，不断延伸产业链、提高附加值，完成库布其沙漠碳汇林建设50万亩，造林34万余亩，防风固沙77万亩，年均固碳量约8.1万吨，搭建起绿色生态屏障。东达蒙古王集团用20年时间，治理并改良沙漠100多万亩，科学地向沙漠要效益。钱学森院士曾写到：东达蒙古王集团将林、草、沙三业结合起来，开创了中国西北沙区21世纪的大农业！实现了农工贸一体化的产业链，达到了沙漠增绿、农牧民增收、企业增效的良性循环。在这些龙头民营企业的示范引领下，库布其治沙，探索出“党委政府政策性主导、企业产业化投资、农牧民市场化参与、科技持续化创新”四轮驱动的“库布其沙漠治理模式”，使农牧民成为库布其治沙事业最广泛的参与者、最坚定的支持者和最大的受益者。这种治沙模式，不仅实现了生态效益、经济效益和社会效益的有机统一，更是诠释了统一战线求实创新促发展的独特优势。库布其治沙的成功，得益于统战工作激发从带头治理到带动治理的内生动力。习近平总书记强调“要建立健全以产业生态化和生态产业化为主体的生态经济体系”。鄂尔多斯各级党委统战部深刻认识到市场化治沙，是库布其可持续治沙的重要因素。通过工商联和各种商会组织，发挥市场在资源配置中的决定性作用，帮助解决经济结构转型升级过程中治沙民营企业遇到的困惑，极大的激发市场活力，破解库布齐治沙“钱从哪里来”“利从哪里得”“如何可持续”等一系列难题，实现了由带头治理到带动全社会治理的转变。目前，鄂尔多斯80多家非公有制企业投身于库布齐治沙和沙产业开发之中，在以习近平生态文明思想为指引下，推动沙漠产业蓬勃发展，促进治沙技术推陈出新，迎来防沙治沙澎湃动力。今天，库布其治沙技术和经验已走向我国西部荒漠化地区和生态脆弱地区，并走向“一带一路”沿线国家和地区，为更广袤的荒漠化地区带去绿色希望，也带去构建人类命运共同体的理念和可持续发展的中国智慧。库布齐三十年的治沙防沙历程，育出来了“守望相助、百折不挠、科学创新、绿富同兴”的库布其精神，同时也见证了统一战线及社会各界对生态文明建设的历史性贡献。]]></content>
  <author><![CDATA[鄂尔多斯统一战线]]></author>
  <time>2018-08-27 15:24:58</time>
  <account><![CDATA[ordostzb]]></account>
</data>
