<data>
  <id><![CDATA[50343000]]></id>
  <url><![CDATA[https://mp.weixin.qq.com/s?timestamp=1539596288&src=3&ver=1&signature=Egrj350GoKY8-KUcIJshb9u0T0lgUEvGpq5nBO5odJIXu*z11JATifSbDF7qorW9U-WJo7qJ9XodWmw*utahn*K0O67eoSUs6suKUzFe9DKE7NDmYmYJQusLSsTo86v1OhzgmzAyfy9bowwnEzTUvtFsXrM0FhevhAxce6n8Gzc=]]></url>
  <title><![CDATA[]]></title>
  <content><![CDATA[]]></content>
  <author><![CDATA[鄂尔多斯统一战线]]></author>
  <time>2018-10-15 17:31:06</time>
  <account><![CDATA[ordostzb]]></account>
</data>
