<data>
  <id><![CDATA[50343000]]></id>
  <url><![CDATA[https://mp.weixin.qq.com/s?timestamp=1539596288&src=3&ver=1&signature=Egrj350GoKY8-KUcIJshb9u0T0lgUEvGpq5nBO5odJIXu*z11JATifSbDF7qorW9U-WJo7qJ9XodWmw*utahn92OHLPwVXNAbGYhk6A-AXmPTdNtJwNUDYTQNYRZxCdUqhiYjyEc5V1vPu43lYZb8JVMY-VR8nOic88Hk-FknN8=]]></url>
  <title><![CDATA[调研式主题党日活动—市委统战部组织开展民族宗教工作调研及“坚持文化自信、弘扬传统文化”主题党日活动]]></title>
  <content><![CDATA[8月29日-30日，市委统战部组织机关党员干部赴鄂托克旗、乌审旗开展民族宗教工作调研及“坚持文化自信，弘扬传统文化”主题党日活动。调研组一行首先来到鄂托克旗综合地质博物馆<<  滑动查看下一张图片  >>延伸阅读内蒙古自治区最大的综合地质博物馆——鄂托克旗综合地质博物馆开馆。该博物馆位于旗府所在地乌兰镇，占地40000平方米，总投资1.8亿元，内设恐龙厅、地球厅、矿物厅和民俗厅等7个展厅，记录了鄂托克旗地质演化史以及自然环境变迁的重要信息。走进鄂托克旗反腐倡廉警示教育基地该警示教育基地运用多媒体数字技术，将正面引导与反面警示相结合，通过“反腐之路”、“前车之鉴”、“法治之严”、“廉行之举”四个精彩篇章，以案释纪、以案说法、以案示警，使参观者切实感受到违纪违法的危害，时刻保持警钟长鸣。参观后，大家纷纷表示，会以此次参观学习活动为起点，筑牢思想防线，时刻紧绷反腐倡廉之弦，做到洁身自好、廉洁奉公。走进蒙古秘史博物馆了解著名蒙古文书法家包金山（鄂托克旗委统战部原部长）制作的主题唯一、载体多样、传统文化与现代艺术完美结合的 13种《蒙古秘史》系列艺术品。参观历史文化瑰宝--阿尔寨石窟阿尔寨石窟是世界上迄今发现的草原地区规模最大的石窟建筑群。该石窟凿于北魏中期，距今1600多年，是一座集寺庙、石窟建筑、摩崖石刻造像、壁画、雕塑、榜题为一体的佛教艺术宝库，又是一代天骄成吉思汗晚年军事活动的重要地区，其历史、文化价值是无可代替的，是举世无双的草原文化瑰宝，被誉为“草原敦煌”。调研宗教工作珠日和庙升起国旗珠日和庙升起国旗8月30日上午，市委统战部一行前往鄂托克旗珠日和庙调研，了解宗教场所建设、人员管理、文物保护、消防安全等情况，调研宗教活动场所落实《关于在宗教活动场所升挂国旗的倡议》和《关于进一步治理佛教道教商业化问题的若干意见》，引导宗教界践行和弘扬社会主义核心价值观，抵制商业化不良影响，坚持宗教中国化方向，更好地走与社会主义社会相适应道路。调研少数民族产业扶贫前往乌审旗开展少数民族产业扶贫调研结束了鄂托克旗的调研后，市委统战部一行前往乌审旗图克镇开展少数民族产业扶贫调研，考察了解少数民族聚居地区特色产业发展，拓宽贫困户增收的多种渠道。通过参观学习调研，市委统战部的广大党员干部深刻感受到经历了波澜壮阔的历史演进后，鄂尔多斯孕育出的韵味独特、古朴、典雅、别具一格的鄂尔多斯草原文化魅力，更加坚定了发挥统一战线凝心聚力、“建设亮丽内蒙古，共圆伟大中国梦”的思想自觉与行动自觉。供稿：市委统战部机关党委编辑：白春      审稿：韩云]]></content>
  <author><![CDATA[鄂尔多斯统一战线]]></author>
  <time>2018-08-31 18:21:03</time>
  <account><![CDATA[ordostzb]]></account>
</data>
