<data>
  <id><![CDATA[50532043]]></id>
  <url><![CDATA[https://mp.weixin.qq.com/s?timestamp=1539596683&src=3&ver=1&signature=Egrj350GoKY8-KUcIJshbygQ83zEafrSxDa5nLoOgPlbFx87awEKD9EW0V7yYcqKdnEHBpO8AuWhRhzdoAOTrJDIZyVXP3XMZboNfgwNiPAI5dvs-dskoh5UTTm36XIxw5EQi*g0PCRb4nLL8otgUw6IsuCWJ*jMQMw3M8BrA80=]]></url>
  <title><![CDATA[D1net阅闻|企业上云指南正式发布]]></title>
  <content><![CDATA[点击上方“蓝色字体”，选择 “设为星标”关键讯息，D1时间送达！企业上云指南正式发布日前，工业和信息化部印发了《推动企业上云实施指南(2018-2020年)》。从总体来看，该指南从实施上云路径、强化政策保障、完善支撑服务等层面为企业上云提出了意见指导。助力制造业正向着智能化、自动化、高效化方向加速转变。国内首个深度学习工程师认证标准发布近日，深度学习技术及应用国家工程实验室、中国软件行业协会及百度公司联合发布了中国AI领域第一个深度学习工程师认证考试方案和第一个体系化的深度学习人才培养方案。能力评估要素主要包括专业知识，工程能力，业务理解与实践共3大类9小类。报告：前三季度中国区块链专利数1400多件，占全球77%根据链塔智库2018年第三季度区块链产业研究报告，据国家知识产权局的统计，截止到2018年9月30日，2018年前三季度世界主要国家的区块链专利数量为1400多件，中国拥有的区块链专利数量已经达到了650件。中国区块链专利数量占比大约达到了世界主要国家区块链专利数量的77%，位居全球第一。微软正式发布Azure Functions 2.0微软正式发布Azure Functions的第二个版本，这是一个事件驱动的、按需计算的Azure平台服务。与版本1相比，新版本的Azure Functions包含的多项特性使开发人员可以更轻松地构建可伸缩的无服务器应用程序。苹果出3亿美元现金收购芯片制造商Dialog部分业务10月11日消息，据外媒报道，苹果公司始终在默默投入相当大的精力，打造速度更快、效率更高的芯片，以便帮助其硬件有别于其他消费电子产品。如今，苹果正朝着这个战略迈出下一步，可能也是最大一步。苹果出资3亿美元现金收购Dialog Semiconductor公司的部分业务。后者是总部位于欧洲的芯片制造商，自第一款iPhone问世以来，它就始终是苹果公司的合作伙伴。除了这次重大收购外，苹果还承诺再拿出3亿美元，进一步收购Dialog的剩余业务。(来源：企业网D1Net）如果您在企业IT、网络、通信行业的某一领域工作，并希望分享观点，欢迎给企业网D1Net投稿 投稿邮箱：editor@d1net.com点击蓝色字体关注您还可以搜索公众号“D1net”选择关注D1net旗下的各领域（云计算，数据中心，大数据，CIO， 企业通信 ，企业应用软件，网络数通，信息安全，服务器，存储，AI人工智能，物联网智慧城市等）的子公众号。企业网D1net已推出企业应用商店（www.enappstore.com），面向企业级软件，SaaS等提供商，提供陈列，点评功能，不参与交易和交付。现可免费入驻，入驻后，可获得在企业网D1net 相应公众号推荐的机会。欢迎入驻。扫描下方“二维码”即可注册，注册后读者可以点评，厂商可以免费入驻。]]></content>
  <author><![CDATA[企业网D1net]]></author>
  <time>2018-10-12 10:37:41</time>
  <account><![CDATA[D1Netchina]]></account>
</data>
