<data>
  <id><![CDATA[50532043]]></id>
  <url><![CDATA[https://mp.weixin.qq.com/s?timestamp=1539596683&src=3&ver=1&signature=Egrj350GoKY8-KUcIJshbygQ83zEafrSxDa5nLoOgPlbFx87awEKD9EW0V7yYcqKdnEHBpO8AuWhRhzdoAOTrEANKkx0kt3KWXCfzjr8d0LtZA1zR44BlF8gaYtp0Hk3K9BRNbPzWEhzViwi6BNewkuDYbXfvX1nrgaxXROmdrM=]]></url>
  <title><![CDATA[D1net阅闻|深圳发布金融区块链平台技术规范征求意见稿]]></title>
  <content><![CDATA[点击上方“蓝色字体”，选择 “设为星标”关键讯息，D1时间送达！深圳发布金融区块链平台技术规范征求意见稿据深圳市金融办官网消息，近日，深圳市金融办官网发布“关于公开征求《金融行业区块链平台技术规范(征求意见稿)》意见的公告”，就深圳市地方标准《金融行业区块链平台技术规范》公开征求意见，有关单位和各界人士可在 2018 年 11 月8日前反馈相关意见。《国家智能制造标准体系建设指南(2018年版)》发布根据指南，2018年，我国将累计制修订150项以上智能制造国家和行业标准，基本覆盖基础共性和关键技术标准;到2019年，累计制修订300项以上智能制造国家和行业标准，全面覆盖基础共性和关键技术标准。微软开放6万项Linux专利微软表示自己将允许2600家企业(包括谷歌、IBM等长期竞争对手)将微软6万项专利背后的技术用于与Linux相关的开源项目中。同时，微软宣布将加入开源发明网络Open Invention Network。中船互联打造船舶行业首个工业互联网平台该平台由中船集团联合国内外顶级资源共同打造，专注为高端专用装备产业链企业提供专业工业应用，为区域中小企业提供多样化平台服务。AI安防研发商高重科技获亿元A轮融资AI大数据公司上海高重信息科技有限公司已于近日完成A轮亿元级人民币融资，本轮由毅达资本等多家知名机构投资。A轮融资完成后，高重科技将引进更多AI行业高端人才，优化视频结构化产品，建立国内各主要区域、国外分支机构体系，加强场景落地能力。金山云与云从科技达成战略合作双方将合作打造企业级AI人脸识别云平台和企业级AI混合云示范工程，推进双方在大数据管理、人工智能、云计算平台等创新领域的深度合作，加速国家人工智能基础资源公共服务平台的建设和落地。云从科技发布国家AI基础资源公共服务平台及多款新品10月12日，云从国家人工智能基础资源公共服务平台正式投入运营。该平台现已接入3PB+基础数据，提供AI基础功能与并行计算硬件和20类应用层服务。此外，云从科技还发布了多项AI方案和产品，包括IBIS(集成生物识别平台) 3.0、浸入式风控体系以及基于国家AI基础资源平台的物联网AI—IoT。工信部新发6张虚拟运营商牌照本次获得虚拟运营商牌照的企业分别是中兴视通、国美极信、朗玛移动、银盛通信、星美通信、中邮世纪。目前已经有21家企业拥有了虚拟运营商资格。德国电信计划在2020年推出商用5G业务德国电信已经提交了一份八点计划，以便快速、成功地推出5G，其中包括到2025年向99%的人口提供5G覆盖的建议。区域覆盖方面，其目标是到2025年覆盖90%的5G用户。(来源：企业网D1Net）如果您在企业IT、网络、通信行业的某一领域工作，并希望分享观点，欢迎给企业网D1Net投稿 投稿邮箱：editor@d1net.com点击蓝色字体关注您还可以搜索公众号“D1net”选择关注D1net旗下的各领域（云计算，数据中心，大数据，CIO， 企业通信 ，企业应用软件，网络数通，信息安全，服务器，存储，AI人工智能，物联网智慧城市等）的子公众号。企业网D1net已推出企业应用商店（www.enappstore.com），面向企业级软件，SaaS等提供商，提供陈列，点评功能，不参与交易和交付。现可免费入驻，入驻后，可获得在企业网D1net 相应公众号推荐的机会。欢迎入驻。扫描下方“二维码”即可注册，注册后读者可以点评，厂商可以免费入驻。]]></content>
  <author><![CDATA[企业网D1net]]></author>
  <time>2018-10-15 11:47:36</time>
  <account><![CDATA[D1Netchina]]></account>
</data>
