<data>
  <id><![CDATA[50532043]]></id>
  <url><![CDATA[https://mp.weixin.qq.com/s?timestamp=1539596683&src=3&ver=1&signature=Egrj350GoKY8-KUcIJshbygQ83zEafrSxDa5nLoOgPlbFx87awEKD9EW0V7yYcqKdnEHBpO8AuWhRhzdoAOTrEBrR75JW0YPc5mcGqdKExaDfRwcq92Li5lmXVzABsC9Vrf76S-V0RN4Is0hRtMMu3bOWwqqmzhZxuRf-ItWYq8=]]></url>
  <title><![CDATA[D1net阅闻|传软银将投入最高200亿美元收购WeWork大部分股权]]></title>
  <content><![CDATA[点击上方“蓝色字体”，选择 “设为星标”关键讯息，D1时间送达！传软银将投入最高200亿美元收购WeWork大部分股权腾讯科技讯 据外媒报道，消息人士周二透露，软银正谈判准备收购WeWork的大部分股权。此举意味着软银将对这家成立8年的共享办公空间提供商投入重注。据悉，软银将通过软银愿景基金对WeWork投入150亿美元至200亿美元。总规模达920亿美元的软银愿景基金，去年以200亿美元的估值对WeWork投资44亿美元，持有WeWork近20%的股权，帮助这家位于纽约的共享办公场所公司成为仅次于Uber的美国第二大初创企业。据悉，软银与WeWork的谈判尚未最终完成，不能确保双方最终能够达成交易。工信部：促进区块链与实体经济深度融合在2018可信区块链峰会上，工信部总经济师王新哲在会上表示，作为一项新兴技术，区块链发展仍面临诸多问题和挑战，总体尚处于探索和研究阶段，需要产学研各方共同努力，推动区块链基础核心技术研究和行业应用落地，促进区块链与实体经济深度融合。谷歌退出美国防部云计算竞标谷歌已决定不再参与美国国防部价值高达100亿美元的云计算项目合同，称该项目可能与其公司价值观不相符。家乐福与IBM合作近日，IBM发布了食品溯源区块链网络Food Trust，大型企业及中小型企业可加入该网络，使用费从每月100美元到10000美元不等。家乐福已就该网络与IBM签约。Facebook区块链团队招募全球品牌发展负责人上周日，Facebook再次为其新成立的区块链团队开放了一个全职区块链相关职位——全球品牌发展负责人。该团队目前由前Coinbase总监David Marcus领导。通过相应的职位描述可知，Facebook其内部创业公司“正在探索与区块链技术的各个方面相关的很多领域。”飞利信：自主可控MCU芯片封装及基础测试完成近日，飞利信以RISV-V指令集为核心的自主可控MCU芯片研发取得重大进展，基础测试工作完成。该MCU芯片属于32位微控制器，未来将对低功耗广域网通信技术和电池管理系统两个应用场景进行优化。Wi-Fi联盟推出新标准Wi-Fi联盟日前推出了支持802.11ax Wi-Fi技术的Wi-Fi 6。该技术可以为为用户提供易于理解的设备支持Wi-Fi技术，以及用于设备与Wi-Fi网络的连接。KKR拟12.3亿美元收购澳大利亚云服务提供商MYOB 81.1%股权澳大利亚 MYOB 集团(MYO.AX)周一表示，私募股权公司 KKR&Co(KKR.N)提议以约 17.5 亿澳元(12.3 亿美元)的价格购买其尚未拥有的云服务提供商 MYOB 集团股票。这在 KKR 从 Bain Capital Abacus Holdings，LP 获得 MYOB 17.6%的股份之后。(来源：企业网D1Net）如果您在企业IT、网络、通信行业的某一领域工作，并希望分享观点，欢迎给企业网D1Net投稿 投稿邮箱：editor@d1net.com点击蓝色字体关注您还可以搜索公众号“D1net”选择关注D1net旗下的各领域（云计算，数据中心，大数据，CIO， 企业通信 ，企业应用软件，网络数通，信息安全，服务器，存储，AI人工智能，物联网智慧城市等）的子公众号。企业网D1net已推出企业应用商店（www.enappstore.com），面向企业级软件，SaaS等提供商，提供陈列，点评功能，不参与交易和交付。现可免费入驻，入驻后，可获得在企业网D1net 相应公众号推荐的机会。欢迎入驻。扫描下方“二维码”即可注册，注册后读者可以点评，厂商可以免费入驻。]]></content>
  <author><![CDATA[企业网D1net]]></author>
  <time>2018-10-10 10:34:29</time>
  <account><![CDATA[D1Netchina]]></account>
</data>
