<data>
  <id><![CDATA[50532043]]></id>
  <url><![CDATA[https://mp.weixin.qq.com/s?timestamp=1539596683&src=3&ver=1&signature=Egrj350GoKY8-KUcIJshbygQ83zEafrSxDa5nLoOgPlbFx87awEKD9EW0V7yYcqKdnEHBpO8AuWhRhzdoAOTrNHBQy92USiILnvWpjf2MZogklh2Xq8h95a1uJPaKQspblMNM5-R62P-Q0mLAX7SByh692RSx7-srukUXVBGKsM=]]></url>
  <title><![CDATA[D1net阅闻|中国电信与诺基亚贝尔达成人工智能战略合作]]></title>
  <content><![CDATA[点击上方“蓝色字体”，选择 “设为星标”关键讯息，D1时间送达！中国电信与诺基亚贝尔达成人工智能战略合作双方将基于并融合诺基亚领先的AI/ML技术，以及5G云化、边缘云网络产品和解决方案，推动中国电信端到端的智能网络发展，优化5G网络部署、管理和应用效率，借助前沿实践落实中国电信CTNet2025中长期技术指引和5G技术白皮书战略方向。中国联通携手新华三、英特尔发布CUBE-RAN云基站平台该平台面向4G/5G共平台部署，展示了业界首个1.8GHz LTE和3.5GHz NR多制式、软硬解耦的分布式云化接入网解决方案。DeepMind和Unity联合创建虚拟世界来训练AI双方宣布，将合作开发一个虚拟环境，以供AI用来训练。这个虚拟世界可以实现在真实的物理环境中运行强化学习等机器学习算法。TCL将成立新公司开发云平台设施服务TCL发布公告称，深圳TCL数字与TCL集团公司、宁波聚格盈睿、宁波星兴久力、深圳华星光电及何军签订合营企业章程，各方同意共同出资成立合营企业，业务范围包括但不限于计算机软硬件相关技术服务、云平台设施服务及信息技术咨询服务等。慧算账宣布完成 C 轮融资，由高成资本领投慧算账隶属于北京公瑾科技有限公司，成立于2015年4月，为中国中小微企业提供代理记账、纳税申报、财税咨询、工商注册、人资社保、差旅服务等内容，主要分为「我要开公司」、「我要代记账」、「我要办社保」。慧算账对外宣布完成C轮融资，本轮融资由高成资本领投、小米集团超额跟投，官方称融资金额超过此前数轮融资总和。（来源：企业网D1Net）如果您在企业IT、网络、通信行业的某一领域工作，并希望分享观点，欢迎给企业网D1Net投稿 投稿邮箱：editor@d1net.com点击蓝色字体关注您还可以搜索公众号“D1net”选择关注D1net旗下的各领域（云计算，数据中心，大数据，CIO， 企业通信 ，企业应用软件，网络数通，信息安全，服务器，存储，AI人工智能，物联网智慧城市等）的子公众号。企业网D1net已推出企业应用商店（www.enappstore.com），面向企业级软件，SaaS等提供商，提供陈列，点评功能，不参与交易和交付。现可免费入驻，入驻后，可获得在企业网D1net 相应公众号推荐的机会。欢迎入驻。扫描下方“二维码”即可注册，注册后读者可以点评，厂商可以免费入驻。]]></content>
  <author><![CDATA[企业网D1net]]></author>
  <time>2018-09-28 10:14:59</time>
  <account><![CDATA[D1Netchina]]></account>
</data>
