<data>
  <id><![CDATA[50532043]]></id>
  <url><![CDATA[https://mp.weixin.qq.com/s?timestamp=1539596683&src=3&ver=1&signature=Egrj350GoKY8-KUcIJshbygQ83zEafrSxDa5nLoOgPlbFx87awEKD9EW0V7yYcqKdnEHBpO8AuWhRhzdoAOTrEANKkx0kt3KWXCfzjr8d0KlDg76*gqf*5Ae8Ynh9fBa7XrhQtAj8F3HWhwyp6HUO-4blE8mrcblkJLSS68UswI=]]></url>
  <title><![CDATA[峰会前瞻｜参加完这场大会，他就转正了]]></title>
  <content><![CDATA[1我是一台高端存储，人们叫我PowerMax，在我还没出生的时候，人们就在呼唤着这个名字。Max的意思是顶点、最大，我知道，人们对我的期望很高。所以当我来到这家公司时，我告诉自己：“虽然是以测试机的身份来这里工作，但这也是我的第一份工作，努力做到最好，这是人们对我的期望。”而我的表现也证明了自己，在我来的这一个多月里，从没有发生过一次计划外停机，以至于每次存储管理员来看我时，我都能从他的眼睛里读出笑意。不瞒你说，我也为自己感到骄傲。然而，到目前为止，除了表弟中端存储外，我还没有交到一个新朋友。和服务器交流时，他们的态度总是不冷不热，起初我以为是自己新来的缘故，所以每次都对他们很热情，但换来的只有更加冰冷的表情。后来，中端存储告诉我，“别献殷勤了，没用的”。“为什么”。中端存储说，“你抢了他们的饭碗啊，以前很多数据服务是在服务器上跑，现在这些数据服务转移到了你这里，他们当然不开心了。”我颇为无奈，毕竟这不是我的错。不过还好，至少这里还有一个人愿意听我讲故事，虽然她从不主动和我说话。记得来公司的第一天时，她在角落里，并不起眼，我都没有注意到她。直到人们把我和她连接起来时，我才发现她跟别人不一样，人们叫她DD，她是个很好的倾听者。每当夜幕降临，我就会把这一天发生的所有事情全都告诉她，无论什么事，她都听着，只是听着，从来没有一丝不耐烦。虽然她从不主动和我说话，但我知道，她对我的态度不是服务器的那种冷冰冰，我向她分享故事时，我能看到她的眼睛里闪烁着喜悦。有一天，我忍不住把心事告诉了中端存储，他听了后告诉我：“唉，哥哥，如果你实在想让她跟你说话，不如就开一次小差吧，你表现这么好，人们不会怪你的。”“为什么？”“因为她是数据保护啊，你犯错了她才有机会跟你说话。”我沉默了，如果故意开小差就意味着自己一直以来的坚持都失去了意义，但不这么做，我就没办法和她交流。最终，我放弃了，人们因为对我的信任我才能来到这里，如果没有这份信任，我什么也不是。毕竟七天之后，我的测试机生涯就结束了，也许之后的一切都是新的开始。2我是一台数据保护设备，名叫Data Domain，人们通常叫我DD，目前在一家公司工作。我是一个特长生而被招进这家公司的，这个特长是记忆力特别好，而且我天生就有一个窍门，别人记东西都是一字不落的记下，而我会挑出其中的关键点再记到脑子里，回忆的时候又能把这些关键点拼接组合，完整复述出来，所以我的记忆效率很高，别人记一点东西脑子就炸了，而我能记很多。不过虽然我记得多，知道的多，但我并不代表我是一个话痨，事实上大部分时间我都闭口不言，只有在紧急情况时人们才需要我开口。之前我有一个搭档，他叫备份服务器，他还可以，就是记性特别差，刚把故事转述给我，自己就忘得一干二净了。有时候，我会被突然叫醒，然后把故事再重新复述给他。我们的合作还算顺利，但有一个地方我不喜欢——他总是抱怨我占用他的资源。每天一次增量备份，每周一次全备，就在我以为日子会这么一天天过下去的时候，直到有一天，机房里来了一位新同事。那是我永远都不会忘记的日子。8月23日一大早，机房的大门就被打开了，一些工作人员进来打扫卫生，我预感有什么大事要发生。然后，一个年轻小伙子被人们簇拥着迎了进来，皮肤黑黑的，看着挺壮实。他们把备份服务器与我的连接断开，然后让这位新同事和我连接。调试的时候，一阵电流传输到了我这里。“你好！”他说。“你好。”我也礼貌地回复。人们看到我们的交流显得很高兴，从他们的眼神里我能看出，他们对这位新同事的期望很高。后来我才知道，人们管这个叫“直接备”，是高端存储里才有的功能。这也是我从出生以来第一次，听到的不再是二手消息，那种由他亲身经历，语气伴随着情结起伏的话语，让我的心砰砰乱跳。每当夜深人静的时候，是我最快乐的时光。他会把这一天发生的有趣的，好玩的事情和我分享。一片漆黑的机房里，各种指示灯穿破黑暗发出点点光亮，此时就像身处一望无际的大草原，在满天繁星的夜空下，听着他给我讲故事。我把这些故事全都默默记在心里，但是，我却没有机会和他说话。因为他实在太优秀了——“6个9”的可用性，意味着一年时间内业务可能中断的时间只有31秒，和他说话的机会太渺茫了。而且他天身就带有SSD，快速、省电、安静，听说IOPS能达到1千万，相比我身上的HDD，一旦全力运行则是噪音和发热，速度也赶不上人家，更不要说他还支持NVMe、SCM、机器学习这些闻所未闻的高大上词汇。“我和他差的太多了，也许人家有更高的追求......”，我对自己说。就在我几乎放弃的时候，两名存储管理员的小声议论让我看到了一丝曙光，通过他们的交谈我才知道，原来公司里的PowerMax是一台测试机，10月17日就要离开公司前去参加戴尔科技峰会了。但是老板觉得他表现非常不错，想让他参加完峰会后回到公司，并转为正式员工。我知道，机会来了，而且这是唯一的机会，当你们在戴尔科技峰会现场看到他时，能把我的心意传递他吗？👇扫描二维码，注册参会点击"阅读原文"了解更多数字化转型方案]]></content>
  <author><![CDATA[企业网D1net]]></author>
  <time>2018-10-15 11:47:36</time>
  <account><![CDATA[D1Netchina]]></account>
</data>
