<data>
  <id><![CDATA[50532043]]></id>
  <url><![CDATA[https://mp.weixin.qq.com/s?timestamp=1539596683&src=3&ver=1&signature=Egrj350GoKY8-KUcIJshbygQ83zEafrSxDa5nLoOgPlbFx87awEKD9EW0V7yYcqKdnEHBpO8AuWhRhzdoAOTrPWfLNUfuEGuxluJGGX4tZ9qK-JKKtMnGgwLEJHTQwKgOgSpVguKKn7nMVZ6*tjGNOHRePEz38m0m2LT5ACjm8k=]]></url>
  <title><![CDATA[老板怒了，“我们赚钱你们花钱，还总出毛病！”]]></title>
  <content><![CDATA[IT主管就是“救火队长”，干得好是应该，出了问题大家都会找你麻烦。老李最近对这句话深有体会。前几日的夜里12点，睡着的老李被一阵急促的手机铃声惊醒，大事不妙，公司开发的手机应用突然无法访问了。于是急忙赶往公司，在前往公司的路上，其他几个部门领导也纷纷发来了“慰问”，老李只能打哈哈赔不是。到了公司后，经过逐一的系统排查，好在问题并不复杂，1个小时后，业务恢复上线。回到家，已是凌晨3点。虽然身心疲惫，但一想到要写问题报告以及跟老板“谈心”，老李已经睡意全无。果然，老板一大早就进了公司，直奔老李办公室。“老李，昨晚出的这个事情，还好不是白天，不然影响就大了。公司业务最近在上升期，我们赚钱你们花钱，还总出毛病，你们可不能拖公司的后腿啊！”“老板您说的是，但是最近咱们公司应对市场变化，业务上的有点快：什么微信营销、网络电销……你也知道，咱们公司这点IT家底，以前还勉强应付，现在就......”“还不够？ 咱们之前买的服务器不是上虚拟化了吗？还有你上个月不是刚申请新购一批服务器”。“之前？您是说去年买的那几台服务器？每台都跑满虚机了，计算资源早就不够用了，说实话最近业务上得太频繁，超出了我的预期。”“咱这可不行啊老李！IT这块由你负责，得想想办法。”“老板，我听说隔壁公司赵总最近新上了一个超融合系统，计算+存储+数据保护全有，还可以根据需要弹性扩展，非常简单，他们现在挺轻松的。”“什么系统这么简单？ 给我说道说道？”“是，就这么简单。听我跟你分析一二。”什么是超融合超融合（Hyper-Converged Infrastructure简称“HCI”）是指在同一套单元设备中不仅仅具备计算、网络、存储和服务器虚拟化等资源和技术，还包括备份软件、快照技术、重复数据删除、在线数据压缩等元素，而且可以实现横向扩展（Scale-Out），形成统一资源池。通过将计算、网络和存储都集成在标准x86服务器内，并且通过预先配置好，到货后咱通过简单设置就可以快速上线业务。从小规模起步，能够无中断扩展以及增加计算能力和存储容量，能够帮助咱们轻松应对快速上升的业务需求。而且可以为数据中心带来优秀的效率、灵活性、规模、成本和数据保护。选什么超融合？如何从众多厂商里进行选择？我也考察了大家的选择。VxRail是超融合领域的翘首，由戴尔科技集团旗下戴尔易安信和VMware联合推出。IDC最新研究显示，2017年HCI(超融合)全球销售额同比增长64.3%。VxRail在 HCI领域排名第一。而且其主要组件vSAN软件定义存储是与VMware vSphere内核高度集成，是VMware计算虚拟化vsphere的最佳组合。借助我们可以规避数据中心发展的风险、降低 TCO，同时还能根据未来发展需求扩展规模。而且VxRail依托全球领先的戴尔易安信PowerEdge 14G服务器构建，可提供出色的性能、可靠性和灵活性来处理各种工作负载。>>>>灵活超融合系统主要特点就是灵活，可以根据咱们使用方的业务及应用需求，从小配置起步(3个节点100-200个虚机)；可以一直扩展到64个节点3200个虚机；跟随咱们一同成长。未来还可以扩展应用到混合云环境。>>>>高性能VxRail基于戴尔易安信PowerEdge服务器，能够提供更具可预测性的高性能，实现高达2倍的IOPS，并同时将响应时间减半。VxRail应用一体机系列提供优化的GPU、存储密集型、高性能计算和入门级产品选项，是满足客户特定HCI工作负载要求的理想选择。安全的数据保护和丰富的软件功能在数据保护上，VxRail全面加载了集成的戴尔易安信关键任务数据服务，包括复制、备份和云分层，无需额外付费。戴尔易安信面向虚拟机的RP4VM针对关键工作负载、逐个虚拟机提供复制和自动灾难恢复。vSAN双活扩展集群提供站点级、零数据损失的保护。软件上，VxRail包括源自VMware和戴尔易安信的全套软件功能。其中，VxRail Manager可以管理VxRail的安装和升级；用户可以通过熟悉的VMware vCenter界面，管理单一VxRail或多个集群；vRealize Operations可以实现端对端的分析、主动预警和容量管理；可以用vRealize Automation建立自助服务目录，实现云运营的自动化。>>>>易于部署、管理和维护VxRail提供可快速部署的全包式交钥匙解决方案，易于部署/管理。 并且VxRail 100%的研发和支持在国内，后续支持服务更给力。VxRail设备优化了部署体验，只要20分钟就可部署一台设备。并可将这一部署体验运用于集群规模，允许用户轻松添加和管理10台或更多设备，像单台设备一样容易。根据我的了解，VxRail在国内又超过10亿元的备件库覆盖全国，还有全国几百名专业的支持工程师，提供国内用户无忧的应用和服务体验。一番讲解后，老板眉头渐开。“原来是这样，这么看VxRail还真解决了我们的大问题了！采购复杂吗，我们要尽快上线！”“放心吧，老板，戴尔易安信提供售前咨询服务，有经验丰富的专家来帮助把关，针对我们的环境制定合适的方案，购买起来非常简单！”“好的，老李，现在各个部门都仰仗着你，可不许再出什么幺蛾子了啊！”老板说道。"行臻·致远"-2018戴尔科技峰会长按二维码，注册参会点击“阅读原文”了解更多数字化转型方案]]></content>
  <author><![CDATA[企业网D1net]]></author>
  <time>2018-10-08 11:45:04</time>
  <account><![CDATA[D1Netchina]]></account>
</data>
