<data>
  <id><![CDATA[50532043]]></id>
  <url><![CDATA[https://mp.weixin.qq.com/s?timestamp=1539596683&src=3&ver=1&signature=Egrj350GoKY8-KUcIJshbygQ83zEafrSxDa5nLoOgPlbFx87awEKD9EW0V7yYcqKdnEHBpO8AuWhRhzdoAOTrHKp6QMKrHxpw39JjcjSd61WhLhJ33MmZPLkaKz4hHcl5RMT56YsqHzvoLAlb6lgt70LEsZ7EvDlEF023NjlMZU=]]></url>
  <title><![CDATA[D1net阅闻|亚马逊云服务拿下10亿美元订单]]></title>
  <content><![CDATA[点击上方“蓝色字体”，选择 “设为星标”关键讯息，D1时间送达！亚马逊云服务拿下10亿美元订单亚马逊公司内部备忘录显示，其云计算服务AWS与SAP SE及赛门铁克公司签订了价值10亿美元的新合同。两单合同有效期为五年，分别价值5亿美元。美光宣布向人工智能创业公司投资1亿美元据外媒报道，美光科技周三表示，计划向关注无人驾驶汽车、工厂自动化和其他新兴领域的人工智能创业公司投资最多1亿美元。美光早在十几年前就启动了企业风投计划。不过美光首席业务官苏米特·萨达纳(Sumit Sadana)表示，到目前为止该公司的投资非常分散，并且大多接近该公司的核心业务，即芯片制造。华软科技推出“简云”平台华软科技推出自主研发的“简云”平台，包括简融、简链、简商、简付、简码5个板块，主要为高成长企业、创新型银行、开发者、小微商户和消费者提供服务。贝恩资本20亿美元收购美国Rocket Software多数股权Rocket Software是一家美国软件开发服务商，为使用国际商业机器公司产品的公司提供技术服务，通过依靠Rocket解决方案来运行关键基础架构、业务流程和数据。IT服务公司Rocket Software 10月8日表示，私募股权公司贝恩资本已同意以约20亿美元的价格收购该私营公司的多数股权。央行数字货币研究所招聘博士，或加速推进法定数字货币根据招聘信息表，央行数字货币研究所今年共有4个职位合计招录6人。其中第一、二个职位所需专业和学历相同，为计算机、密码学、微电子专业的硕士或博士。职位简介为负责法定数字货币相关软件系统、加密技术和安全模型、交易终端芯片技术研发等工作。具有系统架构设计，区块链技术开发或应用，大数据平台开发等相关经验者优先。中国人工智能“独角兽”公司总价值达405亿美元中国货币网发布报告，列出中国14家估值达到或超过10亿美元的人工智能公司。这些“独角兽”公司的总价值达到405亿美元。这14家公司包括：大疆(150亿美元)、优必选科技(50亿美元)、商汤科技(45亿美元)、寒武纪科技(25亿美元)、云从科技(20亿美元)、旷视科技(20亿美元)等。人民创投与迅雷达成战略合作，共建区块链实验室据人民网，人民网人民创投与迅雷集团签署协议，双方将在未来密切开展合作，推动区块链技术创新，促进区块链应用赋能实体经济。根据协议，双方将在人民创投区块链研究院下共建基础技术创新实验室，重点就区块链底层技术创新及应用开展联合实验，并定期发布研究成果。（来源：企业网D1Net）如果您在企业IT、网络、通信行业的某一领域工作，并希望分享观点，欢迎给企业网D1Net投稿 投稿邮箱：editor@d1net.com点击蓝色字体关注您还可以搜索公众号“D1net”选择关注D1net旗下的各领域（云计算，数据中心，大数据，CIO， 企业通信 ，企业应用软件，网络数通，信息安全，服务器，存储，AI人工智能，物联网智慧城市等）的子公众号。企业网D1net已推出企业应用商店（www.enappstore.com），面向企业级软件，SaaS等提供商，提供陈列，点评功能，不参与交易和交付。现可免费入驻，入驻后，可获得在企业网D1net 相应公众号推荐的机会。欢迎入驻。扫描下方“二维码”即可注册，注册后读者可以点评，厂商可以免费入驻。]]></content>
  <author><![CDATA[企业网D1net]]></author>
  <time>2018-10-11 10:34:06</time>
  <account><![CDATA[D1Netchina]]></account>
</data>
