<data>
  <id><![CDATA[50532043]]></id>
  <url><![CDATA[https://mp.weixin.qq.com/s?timestamp=1539596683&src=3&ver=1&signature=Egrj350GoKY8-KUcIJshbygQ83zEafrSxDa5nLoOgPlbFx87awEKD9EW0V7yYcqKdnEHBpO8AuWhRhzdoAOTrPWfLNUfuEGuxluJGGX4tZ87DS69LhWeHoqdLJSjVJwhMg2r5p1TkIn9y7TPkSbz2hNV0u1Hpti48ByzRkUHBTg=]]></url>
  <title><![CDATA[D1net阅闻|阿里计划改造200家数字化工厂]]></title>
  <content><![CDATA[点击上方“蓝色字体”，选择 “设为星标”关键讯息，D1时间送达！阿里计划改造200家数字化工厂9月28日，阿里巴巴淘工厂宣布联手阿里云IOT团队走进车间，通过部署IOT设备数字化改造服装厂。淘工厂目前全国已有20家工厂完成改造，计划本财年内改造200家数字化工厂，今年的双11期间就将有上百家数字化工厂就将作为急单救援产能储备为备货销售洪峰护航。阿里云与全球通信服务提供商Epsilon合作外媒消息，全球通信服务提供商Epsilon宣布加入阿里云全球合作伙伴网络。据悉，Epsilon此前的合作伙伴是亚马逊AWS、微软Azure、谷歌云等全球顶级云平台。Epsilon首席执行官耶日·斯拉索雷克(Jerzy Szlosarek)认为，阿里云在亚洲具有举足轻重的地位，是全球增长最快的公共云平台之一。富士康落户济南，37亿产业基金孵化6家芯片公司济南市与富士康科技集团有限公司共同筹建的济南富杰产业基金项目在山东大厦正式签约。济南富杰产业基金项目规模高达37.5亿元，以产业基金形式服务于济南市集成电路产业发展，主要投资于富士康集团现有半导体产业项目。根据双方的签约内容，富士康先期将促成一家高功率芯片公司和5家集成电路设计公司落地济南。Facebook发现影响约5000万账户的安全漏洞Facebook于美国时间28日表示，公司发现了一个影响约5000万用户账户的安全漏洞，攻击者通过其“View As”功能窃取了Facebook的访问权限，然后利用这些权限来接管用户的账户。目前Facebook正开展调查，与美国联邦调查局(FBI)合作以解决这一问题，并已将相关情况通报给爱尔兰数据保护委员会。股价方面，Facebook短线下挫，目前跌幅扩大至2.3%。英伟达发布Clara AI平台该平台能将AI带入下一代医疗仪器，成为疾病早期检测、诊断和治疗的工具。Clara的设计，使其能从入门级设备扩展到要求最苛刻的3D仪器。该平台已向早期合作伙伴提供，并计划于2019年第2季向特定对象推出测试版。大数据实时分析技术公司柏睿数据获B+轮过亿元融资大数据实时分析技术公司“柏睿数据”获B+轮过亿元融资，由东方嘉富领投，盛世泰诺和原股东中銮投资跟投。本轮融资后，柏睿数据将在大数据底层核心技术研发与数据库产品创新持续投资，同时加强市场投入与服务团队的建设，提高对合作伙伴的支持力度，加快区域市场和行业市场布局，推动产品在更广阔领域的市场覆盖。勾正数据再获新一轮战略投资勾正数据是一个智能终端大数据分析平台，通过数据采集技术、智能电视终端数据及大数据分析能力，对中国智能电视用户行为大数据领域进行研究，为企业用户提供智能终端用户行为数据与分析报告。继年初中信国安战略投资勾正数据后，时隔半年，勾正数据再度获得创维酷开、欢网科技等多家著名企业数千万战略投资。本轮融资后，勾正数据将继续深挖大屏生态圈，致力于打造国内专业、权威的智能大屏大数据平台，并从市场规模扩增、产品打磨创新、专业能力服务等方面持续倾注资源，未来可期。中国移动已主导完成5G无线大数据标准立项近日，中国移动在3GPP主导完成5G无线大数据采集及应用标准研究立项，通过智能化手段有效降低运营商网络运维成本，为5G与人工智能、大数据技术深度融合打好基础。中国联通5G创新中心落户成都9月29日，中国联通5G创新中心落户成都。中国联通网络技术研究院张涌院长在发言中介绍，成都是中国联通唯一在西部地区设立的5G创新中心，重点面向行业和企业市场，以端管云驱动全产业链。5G创新中心将和中国联通集团5G部署紧密协同，将好的产品同步推向市场，为四川抢占数字经济发展制高点贡献联通智慧。(来源：企业网D1Net）如果您在企业IT、网络、通信行业的某一领域工作，并希望分享观点，欢迎给企业网D1Net投稿 投稿邮箱：editor@d1net.com点击蓝色字体关注您还可以搜索公众号“D1net”选择关注D1net旗下的各领域（云计算，数据中心，大数据，CIO， 企业通信 ，企业应用软件，网络数通，信息安全，服务器，存储，AI人工智能，物联网智慧城市等）的子公众号。企业网D1net已推出企业应用商店（www.enappstore.com），面向企业级软件，SaaS等提供商，提供陈列，点评功能，不参与交易和交付。现可免费入驻，入驻后，可获得在企业网D1net 相应公众号推荐的机会。欢迎入驻。扫描下方“二维码”即可注册，注册后读者可以点评，厂商可以免费入驻。]]></content>
  <author><![CDATA[企业网D1net]]></author>
  <time>2018-10-08 11:45:04</time>
  <account><![CDATA[D1Netchina]]></account>
</data>
