<data>
  <id><![CDATA[50532043]]></id>
  <url><![CDATA[https://mp.weixin.qq.com/s?timestamp=1539596683&src=3&ver=1&signature=Egrj350GoKY8-KUcIJshbygQ83zEafrSxDa5nLoOgPlbFx87awEKD9EW0V7yYcqKdnEHBpO8AuWhRhzdoAOTrDLz7ZFC467rDviGv2b2oRCI66KDxMX-iAtBbxMpvmGQYZVwaFeJqsx9Qi7LE7vIRec7pNKGCPzFIE3nflFW25k=]]></url>
  <title><![CDATA[D1net阅闻|紫光集团与建行达成全面战略合作]]></title>
  <content><![CDATA[点击上方“蓝色字体”，选择 “设为星标”关键讯息，D1时间送达！紫光集团与建行达成全面战略合作根据协议，建设银行将向紫光集团提供意向性综合授信额度500亿元人民币，重点支持发展集成电路相关业务板块。紫光集团将支持建设银行金融科技战略、信息系统基础建设，以及公有云、核心承载网、数据存储、安全防护体系以及银行卡业务等。海南自贸区(港)区块链试验区设立：推动技术应用据新华社，作为海南自贸区(港)区块链试验区的重要支撑平台，由海南生态软件园和牛津大学区块链研究中心共建的“牛津海南区块链研究院”揭牌成立。园区牵手中国人民大学大数据区块链与监管科技实验室，共建“区块链制度创新中心”等合作也相继宣布。Facebook再卷入数据泄露案Facebook再遭遇大规模用户数据泄露，近5000万用户的账户可能遭遇入侵、甚至盗用。据了解，如果在此次事件中，“脸书”有违反条例，则将被处以全球营业额4%的罚款。联通与金蝶集团签署战略合作协议二者将在开拓全国“企业上云”市场方面展开深入合作，主要包括：共建“企业上云”平台、云应用及服务、云平台客户应用数据使用、云基础设施合作、共享客户资源等内容。LinkedIn斥资4亿美元收购企业服务初创公司Glint据外媒报道，职业社交网站LinkedIn宣布收购旨在提高企业和其他组织员工参与度的初创公司Glint。微软旗下的LinkedIn公司目前在全球拥有将近6亿个用户。相关收购条款尚未对外公布。Glint公司总计融资了将近8000万美元，包括在过去两年中发生的一次2700万美元的融资和一次2000万美元的融资。在上一次融资活动中，它的估值达到了大约2.2亿美元。它的投资者包括柏尚风险投资公司、Norwest Venture Partners、夏斯塔创投公司和美瑞泰科资本合伙公司。东南亚布局加码，腾讯投资菲律宾数字化服务公司10月4日，产业投资机构KKR宣布与中国互联网巨头腾讯斥资1.75亿美元，收购金融科技公司Voyager Innovations少数股权。Voyager是菲律宾最大电信和数字服务公司菲律宾长途电话公司(PLDT)旗下的公司，PLDT公司目前依然是Voyager最大股东。寄云科技获亿元B轮融资，帮助工业客户优化生产10月8日消息，国内工业互联网公司寄云科技近日获得了近亿元B轮融资，本轮融资由达晨创投领投，云启资本和基石基金分别跟投。寄云科技方面表示，本轮融资将主要用于寄云 NeuSeer 工业互联网平台核心能力的增强。云从科技获超过10亿B+轮融资，计划IPO计算机视觉公司云从科技公布获得B+轮融资，公司内部人士透露，金额总计超过10亿元人民币。另公司方面称，成立迄今已经累积获得超过35亿元人民币融资。同商汤科技一样，行业内也传闻云从科技接下来有IPO的计划。Magic Leap收购区块链技术边缘计算服务公司Computes近日，Magic Leap公司宣布收购Computes股份有限公司，为空间计算平台和MR头显助力;据悉，Computes是一家专注于去中心化和分布式网式计算平台的公司。国内首个英汉双语免切换AI对话引擎开放阿拉丁智能正式发布英汉双语免切换的多轮对话引擎。该引擎启用阿拉丁自研的多语种语义理解技术，采用即时深度学习机制，已掌握千亿以上的百科知识和逻辑，并持续接受PGC专业内容导入。目前已在教学助理机器人和全域旅游AI助手等平台投入使用。(来源：企业网D1Net）如果您在企业IT、网络、通信行业的某一领域工作，并希望分享观点，欢迎给企业网D1Net投稿 投稿邮箱：editor@d1net.com点击蓝色字体关注您还可以搜索公众号“D1net”选择关注D1net旗下的各领域（云计算，数据中心，大数据，CIO， 企业通信 ，企业应用软件，网络数通，信息安全，服务器，存储，AI人工智能，物联网智慧城市等）的子公众号。企业网D1net已推出企业应用商店（www.enappstore.com），面向企业级软件，SaaS等提供商，提供陈列，点评功能，不参与交易和交付。现可免费入驻，入驻后，可获得在企业网D1net 相应公众号推荐的机会。欢迎入驻。扫描下方“二维码”即可注册，注册后读者可以点评，厂商可以免费入驻。]]></content>
  <author><![CDATA[企业网D1net]]></author>
  <time>2018-10-09 11:32:45</time>
  <account><![CDATA[D1Netchina]]></account>
</data>
