<data>
  <id><![CDATA[50532043]]></id>
  <url><![CDATA[https://mp.weixin.qq.com/s?timestamp=1539596683&src=3&ver=1&signature=Egrj350GoKY8-KUcIJshbygQ83zEafrSxDa5nLoOgPlbFx87awEKD9EW0V7yYcqKdnEHBpO8AuWhRhzdoAOTrKaSinsV6bTXgpi8VFODFVc5M3yAOSmltH0oCIFMZXqvd5p15stpF4hADL24Qqx9wRIwcs0NVxKJvE6amMjJ9Js=]]></url>
  <title><![CDATA[D1net阅闻|阿里巴巴切入运营商业务]]></title>
  <content><![CDATA[点击上方“蓝色字体”，选择 “设为星标”关键讯息，D1时间送达！阿里巴巴切入运营商业务中兴通讯以12.23亿元人民币向南京溪软转让所持控股子公司中兴软创43.66%股份，同时，南京溪软对中兴软创增资1亿元人民币。资料显示，阿里巴巴是南京溪软的股东，阿里巴巴借此次交易切入运营商业务。华为与英特尔完成首个符合SA标准的数据业务通信华为与英特尔联合完成基于2018年6月份 3GPP R15协议的最新SA(Stand Alone)架构的首个数据业务通信，支持3GPP R15协议的全部流程(NSA和SA)，标志着双方的IODT合作正式从研发测试走向了商用测试。顶象携手徐工信息赋能工业互联网生态安全双方将共同为Xrea工业互联网平台及生态伙伴提供覆盖全链路的安全服务，进一步增强工业互联网应用及合作伙伴的业务风险防御能力，提升工业互联网安全。云通信服务商中通天鸿获蓝驰创投 A 轮数千万投资中通天鸿是一家云通信解决方案提供商，基于云计算、人工智能和大数据技术，为企业提供呼叫中心 CTI-PLUS、在线客服、智能质检、BI 大数据平台、语音机器人等产品，开发出智能云客服 APP「易客通」。中通天鸿宣布曾获蓝驰创投数千万元 A 轮投资。2018 年上半年中通天鸿已实现过亿的营业收入，将启动新一轮融资。云学堂获得云锋基金领投的C轮融资云学堂是一个企业培训全面解决方案服务平台，基于BaaS模式，以企业培训作为切入口，整合培训资源，通过软件平台、课程服务、课程创作工具、运营服务等维度，提供专业的企业大学整体解决方案。近日，企业学习领域的生态化服务机构云学堂完成C轮第一期融资，本轮融资由云锋基金领投，老股东SIG(海纳亚洲)等跟投。捷通华声获亿元融资，由深创投领投、七匹狼节能环保基金等跟投北京捷通华声是一家专注于语音、手写识别等智能人机交互(HCI)领域的技术公司，产品包括中文语音合成、灵云语音开放平台等。9月25日，全方位人工智能技术与服务提供商捷通华声宣布完成新一轮亿元级人民币融资，该轮融资由深创投领投、七匹狼节能环保基金等跟投。本轮融资将进一步巩固捷通华声在人工智能领域的产业地位，加快实施公司在技术、产品以及市场方面的战略布局。（来源：企业网D1Net）如果您在企业IT、网络、通信行业的某一领域工作，并希望分享观点，欢迎给企业网D1Net投稿 投稿邮箱：editor@d1net.com点击蓝色字体关注您还可以搜索公众号“D1net”选择关注D1net旗下的各领域（云计算，数据中心，大数据，CIO， 企业通信 ，企业应用软件，网络数通，信息安全，服务器，存储，AI人工智能，物联网智慧城市等）的子公众号。企业网D1net已推出企业应用商店（www.enappstore.com），面向企业级软件，SaaS等提供商，提供陈列，点评功能，不参与交易和交付。现可免费入驻，入驻后，可获得在企业网D1net 相应公众号推荐的机会。欢迎入驻。扫描下方“二维码”即可注册，注册后读者可以点评，厂商可以免费入驻。]]></content>
  <author><![CDATA[企业网D1net]]></author>
  <time>2018-09-27 11:42:06</time>
  <account><![CDATA[D1Netchina]]></account>
</data>
