<data>
  <id><![CDATA[68097016]]></id>
  <url><![CDATA[http://mp.weixin.qq.com/s?src=11&timestamp=1538410478&ver=1156&signature=HRzTeqpkalkaOEOW03Kp6nVSy8ncC-MKGmN0Ic5nC*LCRKLHdWjI*J5*ONNYNc7yuCdlDxF*kC9Ls*MtMtFMWS1I8gIXoIRn3bIhTvosYgdnARbBoGZowpk1mLUUz8Ao&new=1]]></url>
  <title><![CDATA[【小水滴带你读】徜徉书海—生活因读书而精彩]]></title>
  <content><![CDATA[假期秋日暖阳让人陶醉，让人着迷金秋十月十一长假已经开始了出去游玩好友聚会或者在家陪陪家人都是不错的选择不过利用这几天的闲暇时间在家看看书也是件很开心的事本期的小水滴线上读书会小编分享几本在上半年里出版获得网友普遍好评的好书小水滴线上读书会《往事与随想》作者: 【俄】赫尔岑 作品内容一部心灵史巨著，是赫尔岑用血和泪写成的回忆录。全书的覆盖面相当广，从 1812 年的卫国战争，十二月党人的起义，19 世纪 40 年代俄国先进知识分子的生活和思想，1848 年欧洲的革命风云，资产阶级政权对群众的血腥镇压，直到19世纪50年代伦敦各国流亡者的活动和宗派斗争，19 世纪 60 年代俄国的社会政治面貌和新一代革命者——赫尔岑所说的“未来风暴的年轻舵手”的成长，几乎包括了 19 世纪初叶至巴黎公社前夕的整个历史时期。推荐理由屠格涅夫曾指出，赫尔岑“在刻画他所遇到的人物的性格方面是没有敌手的”。本书艺术地再现了19世纪欧洲解放运动的许多历史人物，如马志尼、加里波第、科苏特、蒲鲁东、路易·勃朗等，思想界和文学界的一些知名人士，如罗伯特。欧文、雨果、密茨凯维奇等，40年代俄国知识分子的优秀代表，如别林斯基、恰达耶夫和许多十二月党人。赫尔岑的人物画像从来不着重外表，他总是选择具有典型意义的事件或细节，在适当的场合刻画他们的精神面貌，因此有时寥寥数笔，便能使人物栩栩如生，给读者留下深刻的印象。小水滴线上读书会《都市一无所有》副标题: 单读18作者: 吴琦 主编作品内容伦敦，也包括其他任何超级大都市，都不再意味着一个既定的位置，即便非要用中心来形容它们，也只是一些更便捷地去往别处的接驳点，向无数的方向延伸，甚至它们本身也在出走。这一辑《单读》就是这样一趟拐弯抹角的旅程，我们经过伦敦，进入英国，带来了五位尚未被中文翻译过的当代作家。他们的作品像田野里光线的散射，有的向城市的中心逼近，有的在不知名的欧洲边缘徘徊，有的飞向岛屿，有的回到了自己的出生地亚洲。这篇文章是在又一次飞向伦敦的旅程中完成的。而不断进入又离开的经历告诉我，重复、循环、流动，同时也可能是激发、挑战、创造的过程。每一次出发都是无数次再出发的开始。对《单读》来说更是如此，我们已经检阅过北京、伦敦、澳大利亚，下一次，我们去拉美，去苏格兰，去爱尔兰，去非洲。推荐理由首次100%刊发独家、首发内容，这是《单读》原创之路上的一座里程碑——在这一辑的《单读》中，读者看到的所有作品都是它们的首次刊发。除了五位来自英国的当代作家之外，90后新秀作者王占黑、旅行作家刘子超、英国长期观察者与书写者王梆、书评人李南心、作家夏榆和全球书讯关注者吴瑶，都为《单读》带来了他们的最新作品，它们小到社区故事、大到异域图景，体现着我们身处的这个世界的多样，以及人类精神世界的丰饶。小水滴线上读书会《娜塔莎之舞》作者:  【英】奥兰多·费吉斯 作品内容《娜塔莎之舞》通过对18世纪兴起的俄罗斯芭蕾、绘画、诗歌、戏剧和音乐等讨论，探索俄罗斯文化中欧洲文明与民间元素之间的分歧，“文明”和“本土”两个俄罗斯之间的对抗，以及贵族上流社会和底层农村民众间的分裂。书中更进一步讨论“俄罗斯灵魂”和“俄罗斯性”的建构与表现，揭示政治、国族认同、社会观念、风俗習惯、民间艺术、宗教等对俄罗斯文化的形成和发展所产生的影响，呈现出一幅充满戏剧性的细节、辉煌炫丽的文化长卷。推荐理由奥兰多•费吉斯成功地描述了俄国文化的无比深厚和强大力量，概述了俄国历史上的重要问题和事件。他以一种让读者更深刻理解俄国的方式来书写，这种方式比仅仅去叙述统治者如何专制、征服者如何残暴和战争如何残酷更高明。用俄国人自己的话谈“俄罗斯问题”，如何寻找亚洲之根，探求俄国农民之谜，如何养育出如此多的伟大作家、诗人、画家和作曲家，是其著作的过人之处。小水滴线上读书会《失明症漫记》作者: 【葡】 若泽·萨拉马戈 作品内容一个男子大白天的突然瞎了，没有任何征兆，眼睛里一片雪白，更离奇的是，此后和他接触过的每一个人也都相继患上了失明症：他的妻子，偷他车子的贼，治疗他的医生……小说里，失明症在整个城市肆虐，引发出了这一整个的故事。推荐理由诺贝尔文学奖得主萨拉马戈代表作入选诺贝尔学院“所有时代百部最佳文学作品”被《泰晤士报》誉为“当今世界最卓越的一部作品”与奥威尔的《一九八四》、卡夫卡的《审判》并驾齐驱。——《柯克斯书评》小水滴线上读书会《失踪的孩子》作者: 【葡】 若泽·萨拉马戈 作品内容“我的整个生命，只是一场为了提升社会地位的低俗斗争。”全球畅销近千万册被翻译成40多种语言。《我的天才女友》《新名字的故事》《离开的，留下的》—那不勒斯四部曲NO.4令人欲罢不能的大结局。穷尽友谊对一个人最极致的塑造。《失踪的孩子》是“那不勒斯四部曲”的第四部，小说聚焦了莉拉和埃莱娜（“我”）的壮年和晚年，为她们持续了五十多年的友谊划上了一个令人心碎的句号。推荐理由2011年至2014年，埃莱娜•费兰特以每年一本的频率出版《我的天才女友》《新名字的故事》《离开的，留下的》和《失踪的孩子》，这四部情节相关的小说被称为“那不勒斯四部曲”。它们以史诗般的体例，描述了两个在那不勒斯穷困社区出生的女孩持续半个世纪的友谊，尖锐又细腻探讨了女性命运的复杂性和深度。“那不勒斯四部曲”也在世界范围内掀起了“费兰特热”。2015年，埃莱娜•费兰特被《金融时报》评为“年度女性”。2016年，《时代》周刊将埃莱娜•费兰特选入“最具影响力的100位艺术家”。图文：来源网络编辑：柴宗昊审核：赵娜出品：小水滴青微工作室]]></content>
  <author><![CDATA[环保青年在一起]]></author>
  <time>1538409912000</time>
  <account><![CDATA[LS_wsclctw]]></account>
</data>
