<data>
  <id><![CDATA[50709891]]></id>
  <url><![CDATA[https://mp.weixin.qq.com/s?timestamp=1539596515&src=3&ver=1&signature=Egrj350GoKY8-KUcIJshbw5LUWh9OA91PCqHsJTp5hpjdQAGN*LCZAtHu*KZPARGxuJ25vAY1A6S8ou7Hzkr8yHHxHb8siAiS6bPA5c8x6JP4O*GVDte9X*33yTsH7rYckOEEZmBRl1rNmB0hNz8y-zHLsBnuZAyqkJbUIF9eGQ=]]></url>
  <title><![CDATA[重磅喜讯|锦安控股喜获世界500强企业战略入股]]></title>
  <content><![CDATA[重磅喜讯今天，锦安控股集团传来重磅喜讯，世界500强排名第111位、“世界铜王”——正威国际集团正式入股锦安控股集团，目前已完成相关工商变更登记手续。合作背景党的十九大后，国家进一步明确了“金融全面服务于实体经济”的战略基调。作为经济运行的核心和社会资源配置的枢纽，金融在引导和优化资源配置方面扮演着重要角色，在振兴实体经济方面发挥了重要作用。金融是现代经济的核心，也是实体经济的命脉。只有服务于实体经济，金融才能发挥其积极作用，也才能真正通过产融结合，实现其与实体经济的互相促进。反之，没有实体经济支撑的金融，只能是无源之水、无本之木，只能沦为“金融空转”。在供给侧改革的大背景下，金融与实体经济的相互融合发展，是现阶段的国家战略，也是经济可持续发展的必由之路。战略入股及深度合作重磅喜讯！深圳市锦安控股有限公司（以下简称“锦安控股集团”）喜获世界500强企业正威国际集团有限公司（以下简称“正威国际集团”）战略入股。本次的战略入股，标志着正威国际集团与锦安控股集团深层次、多领域的合作全面启动。正威国际集团将在资源端、资产端、资金端等多方面给予锦安控股集团强有力的业务支持和资源补充。未来，双方将共同发起设立专项产业基金，在股权投资、商业保理、供应链金融等领域深度挖掘优质资源，展开全面、深度的战略合作。作为锦安控股集团引进的重要战略合作伙伴和股东方，位列世界500强第111位、中国民营500强第3位的正威国际集团，将依托其雄厚的实力和广阔的资源，为锦安控股集团的稳健发展提供持续的战略支持。双方也将在品牌、资源、业务、技术等方面优势互补，强强联合，实现深度共赢。同时，正威国际集团的战略入股不仅将全面提升锦安控股集团的品牌影响力和产品竞争力，更将会优化锦安控股集团的各项资源、产品体系、交易对手、人员结构以及客户质量。在为投资者带来更多精品投资项目的基础上，带动锦安控股集团整体实力的全面提升，从而实现锦安控股集团的全面升级换代。战略合作伙伴正威国际集团介绍正威国际集团是一家以金属新材料和非金属新材料完整产业链为主导的高科技产业集团。近年来，正威国际集团大力发展产业投资与科技智慧园区开发、战略投资与财务投资、交易平台等业务，在金属新材料领域位列世界第一。2017年，正威国际集团实现营业额逾4900亿元，位列：2018年世界500强第111名中国企业500强第27名中国制造业企业500强第6名中国民营企业500强第3名中国民营企业制造业500强第2名从2013年387位到2018年111位，正威国际集团六年蝉联全球财富500强榜单，成为世界500强排名提升最快的企业之一，展示了新时代实体经济发展的中国力量。新起点、新征程、新气象。未来，锦安控股集团将与正威国际集团携手并进、强强联合，为锦安控股集团的投资者提供更多优质的产品和服务。同时，通过产融结合，实现资产端、资金端的高效配置，推动各合作方的发展共赢。]]></content>
  <author><![CDATA[金色木棉]]></author>
  <time>2018-10-08 17:15:51</time>
  <account><![CDATA[goldamm]]></account>
</data>
