<data>
  <id><![CDATA[50709891]]></id>
  <url><![CDATA[https://mp.weixin.qq.com/s?timestamp=1539596515&src=3&ver=1&signature=Egrj350GoKY8-KUcIJshbw5LUWh9OA91PCqHsJTp5hpjdQAGN*LCZAtHu*KZPARGxuJ25vAY1A6S8ou7Hzkr8*yMD5wroAZKtSv*gsWteHuPbzRm5CfdY3IZY8mVd4S7WtAxlsqFTT3w-tYfGttNIRD9UX6F60X0ZnYxHoNO8lg=]]></url>
  <title><![CDATA[国庆|这些国庆幽默祝福，你是不是也收到过？]]></title>
  <content><![CDATA[国庆长假来了，不少祝福也随之而来。除了正式祝福外，各种搞笑祝福接踵而至，让人忍不住乐了一番。这些国庆幽默祝福语，你是不是也收到过？国庆佳节四不准：不准借故加班不陪我，不准请客吃饭不邀我，不准心有杂念不想我，不准移情别恋不爱我。记得严格遵守哦，国庆快乐！期间天气预报：预计在节日前后，你周边大部分地区有幸福风暴，局部地区伴有短时爱情闪电和幸运冰雹。请做好相关准备，过个快乐“十一”！国庆快到了，买辆奔驰送你，太贵；请你出国旅游，浪费；约你大吃一顿，伤胃；送你一枝玫瑰，误会；给你一个热吻，不对！只要微信祝你快乐，实惠！国庆加班莫忧愁，仔细想想好处多：旅游是要花钱的，逛街是要累人的，大吃大喝是不益健康的，熬夜游戏是伤害身体的，还是加班最实际，祝你加班快乐！国庆节到了，看在朋友面上，就让我小小霸道一下，你必须让我的微信祝福在你的手机里挤一下，好把快乐放下，把好运留下，把成功丢下，把幸福装下！国庆搞笑七日游：飘过潘长江，横渡小沈“洋”，翻过赵本山，穿过巩汉林，拉出吴宗“线”，纺成陈佩“丝”，跳进郭德“缸”，捞出来变成一块大冰（兵）！忙碌的生活不曾间断，劳累的大脑不曾停转，再棒的身体也需休息，良好的状态才能持续。国庆节到啦，放下烦恼，好好休息一下吧。祝国庆节快乐！别动!你已被祝福包围，马上放下烦恼向快乐投降，你所有的忧愁将被全部没收，并判你幸福一百年，流放到开心岛，由好运监督执行!祝国庆假期快乐!国庆到，雷达捕捉到愉快的信号，传达到装有美好导弹的飞机和温馨快乐的大炮，以祖国放飞和平鸽为信号，以你的手机为目标，对你发出最幸福祥和的一声炮响。感谢!感谢CCTVMTV，感谢我的经纪公司，感谢我的爸爸妈妈，感谢中国移动，感谢我的手机和你的手机，让可爱的我在国庆之夜，祝你节日快乐。转发国务院七条禁令：禁止假装工作忙不理我，禁止发财忘了我，禁止有时间不想我，禁止有趣事不告我，禁止好吃的不带我，禁止有好玩的信息不发给我，禁止每天不快乐!饭局再多也没有我对你的微信祝福多，工作再累也没有我对你的牵挂累，为了能让我轻松你就应了我吧，国庆必须快乐幸福。不管天多高，海多深，钢多硬，风多大，尺多长，河多宽，酒多烈，冰多冷，火多热……我只想告诉你，这些都不关你的事!只有我的祝福与你有关，十一快乐!许一个美好的心愿祝你快乐连连，送一份美妙的感觉祝你万事圆圆，发一条短短的微信祝你微笑甜甜，道一声国庆快乐祝你年年快乐!来源：网络免责声明：本文所引述机构或个人的观点、言论、数据及其他信息仅作参考和资讯传播之目的，不代表金色木棉赞同其观点或证实其描述。如涉及版权问题，请联系我们删除。谢谢！]]></content>
  <author><![CDATA[金色木棉]]></author>
  <time>2018-10-03 07:01:07</time>
  <account><![CDATA[goldamm]]></account>
</data>
