<data>
  <id><![CDATA[50709891]]></id>
  <url><![CDATA[https://mp.weixin.qq.com/s?timestamp=1539596515&src=3&ver=1&signature=Egrj350GoKY8-KUcIJshbw5LUWh9OA91PCqHsJTp5hpjdQAGN*LCZAtHu*KZPARGxuJ25vAY1A6S8ou7Hzkr846l2tWgrbEHGliyZLcfZokhdi68Yuuaxdhee4fs-st17LWigJ2ZqXMz4DcViYm*pB*E2-xLiavs3wFgEgMUAsc=]]></url>
  <title><![CDATA[国庆美文|品读秋天，一个美丽的季节！]]></title>
  <content><![CDATA[“自古逢秋悲寂寥，我言秋日胜春朝。”在作家笔下，秋天是一个美丽的季节，多姿多彩，充满了诗情画意。秋天，无论在什么地方的秋天，总是好的；可是啊，北国的秋，却特别地来得清，来得静，来得悲凉。我的不远千里，要从杭州赶上青岛，更要从青岛赶上北平来的理由，也不过想饱尝一尝这“秋”，这故都的秋味。——郁达夫《故都的秋》然而秋确有另一意味，没有春天的阳气勃勃，也没有夏天的炎烈迫人、也不像冬天之全入于枯槁凋零。我所爱的是秋林古气磅礴气象……在四时中，我于秋是有偏爱的，所以不妨说说。秋是代表成熟，对于春天之明媚娇艳，夏日之茂密浓深，都是过来人，不足为奇了，所以其色淡，叶多黄，有古色苍茏之慨，不单以葱翠争荣了。这是我所谓秋的意味。——林语堂《秋天的况味》雨，像银灰色黏湿的蛛丝，织成一片轻柔的网，网住了整个秋的世界。——张爱玲《秋雨》秋天的美，美在一份明澈。有人的眸子像秋，有人的风韵像秋。代表秋天的枫树之美，并不仅在那经霜的素红；而更在那临风的飒爽。当叶子逐渐萧疏，秋林显出了它们的秀逸，那是一份不需任何点缀的洒脱与不在意俗世繁华的孤傲。——罗兰《秋颂》我只觉得一到秋天，自己的心境便十分调和。非但没有那种狂喜与焦灼，且常常被秋风秋雨秋色秋光所吸引而融化在秋中，暂时失却了自己的所在。——丰子恺《秋》秋天是傍晚最好。夕阳辉煌地照着，到了很接近山边的时候，乌鸦都要归巢去了，三四只一起，两三只一起急匆匆地飞去，这也是很有意思的。而且更有大雁排成行列飞去，随后越看去变得越小了，也真是有趣。到了日没以后，风的声响及虫类的鸣声，不消说也都是特别有意思的。——清少纳言《四时的情趣》薄雾缭绕在远处的地平线，妩媚的天空广阔无垠，田地里尽染着成熟的浓艳，高天飞翔着大雁。层层山坡开满了黄菊，从高地到低地，有人说这就是秋天，也有人说这就是上帝。——阿·莱顿《秋天》秋天的美多少带点潇湘之意，就像宋人吴文英写的词“何处合成愁，离人心上秋”，一般人认为秋天的心情会有些愁恼肃杀。其实，秋天是禾熟的季节，何尝没有清朗圆满的启示呢？——林清玄《秋天的心》秋天消解了大地的绿，用它中性的调子，把一切色泽调匀。和谐又高贵，平稳又舒畅，只有收获过了的秋天才能这样静谧安详。——冯骥才《秋天的音乐》愿我的生命也是这样的，没有大多绚丽的春花、没有太多飘浮夏云、没有喧哗、没有旋转的五彩，只有一片安静纯朴的白色，只有成熟生命的深沉与严肃，只有梦，像一样红枫那样热切殷实的梦。秋天，这坚硬而明亮的金属季，是我深深爱着的。——张晓风《秋天·秋天》来源：唯美心情美文，图片来源于网络免责声明：本文所引述机构或个人的观点、言论、数据及其他信息仅作参考和资讯传播之目的，不代表金色木棉赞同其观点或证实其描述。如涉及版权问题，请联系我们删除。谢谢！]]></content>
  <author><![CDATA[金色木棉]]></author>
  <time>2018-10-05 08:23:37</time>
  <account><![CDATA[goldamm]]></account>
</data>
