<data>
  <id><![CDATA[50709891]]></id>
  <url><![CDATA[https://mp.weixin.qq.com/s?timestamp=1539596515&src=3&ver=1&signature=Egrj350GoKY8-KUcIJshbw5LUWh9OA91PCqHsJTp5hpjdQAGN*LCZAtHu*KZPARGxuJ25vAY1A6S8ou7Hzkr84Tj0v59RzJYJoVAVt*rZDEstzRK6w8*gPAckh6qvpOkTfpcarBmSmnyX5Zh-bI-dsALr2Wg2MmXKnC9V2vQ3q0=]]></url>
  <title><![CDATA[聚焦|证监会释放利好为上市公司解燃眉之急]]></title>
  <content><![CDATA[近期，证监会释放重大利好，那就是在防范化解金融风险背景下，允许上市公司部分配套融资补充流动资金、偿还债务，但用于补充公司流动资金、偿还债务的比例不应超过交易作价的25%，或者不超过募集配套资金总额的50%。随后，深圳安排数百亿资金为上市公司解燃眉之急，这是证监会释放利好后的具体行动之一。1募集配套资金用途的改变在过去，证监会明确规定募集配套资金不能用于补充上市公司和标的资产流动资金、偿还债务，而《关于上市公司发行股份购买资产同时募集配套资金的相关问题与解答(2018年修订)》规定，募集配套资金可部分用于补充上市公司和标的资产流动资金、偿还债务。考虑到募集资金的配套性，所募资金可以用于支付本次并购交易中的现金对价，支付本次并购交易税费、人员安置费用等并购整合费用和投入标的资产在建项目建设，也可以用于补充上市公司和标的资产流动资金、偿还债务。募集配套资金用于补充公司流动资金、偿还债务的比例不应超过交易作价的25%，或者不超过募集配套资金总额的50%。2并购重组利好消息不断13日，证监会发布修订后的《关于上市公司发行股份购买资产同时募集配套资金的相关问题与解答（2018年修订）》，大幅放松了并购重组中的部分限制，优化了对重组上市的监管安排，同时对法规中需要进一步明确的事项做了进一步的解答。而在10月8日晚间，证监会刚刚发布公告称，近日已正式推出“小额快速”并购重组审核机制，对不构成重大资产重组且满足一定条件的发行股份购买资产交易，直接由上市公司并购重组审核委员会审议，简化行政许可，压缩审核时间。3改善上市公司的流动性近日，多家媒体突然曝出深圳市政府已安排数百亿专项资金，用于改善上市公司流动性的消息，在目前上市公司股票质押风险引发市场担忧的情况下，深圳市政府此项举措无疑会稳定股票市场，提振市场信心。深圳出台的促进上市公司健康稳定发展的若干措施，是从债权和股权两个方面入手，降低深圳A股上市公司股票质押风险。深圳此次“驰援”并非“救市”，“风险共济”资金严格以市场化方式运作。目前，相关机构根据“基本门槛”已初步筛选出20至30家符合条件的企业，并且有的已启动尽职调查及谈判。信息来源：中国证监会、中国证券报、每日经济新闻、中国基金报、上海证券报免责声明：本文所引述机构或个人的观点、言论、数据及其他信息仅作参考和资讯传播之目的，不代表金色木棉赞同其观点或证实其描述。如涉及版权问题，请联系我们删除。谢谢！]]></content>
  <author><![CDATA[金色木棉]]></author>
  <time>2018-10-15 15:17:43</time>
  <account><![CDATA[goldamm]]></account>
</data>
