<data>
  <id><![CDATA[50709891]]></id>
  <url><![CDATA[https://mp.weixin.qq.com/s?timestamp=1539596515&src=3&ver=1&signature=Egrj350GoKY8-KUcIJshbw5LUWh9OA91PCqHsJTp5hpjdQAGN*LCZAtHu*KZPARGxuJ25vAY1A6S8ou7Hzkr8-U8eYE2O4jUrxjayD5NetBTvckd*VLHGTi4CFtbEMMAUlTa4h8TBFRTKyTX*BNgMMRYluyMPvZEj6A8fwHJg4E=]]></url>
  <title><![CDATA[观察|在居民存款增速创新低下，我们该如何优化自己的资产？]]></title>
  <content><![CDATA[根据央行统计数据得知，居民存款增速与存款增速下滑相比更严重，存款增速更是创下40年以来新低。究竟是什么原因导致这种现象的发生？在财富保值增值的路上，我们该如何优化自己的资产？01存款增速创40年来新低存款增速放缓成为当下普遍的现象。自1979年至2018年，我国金融机构各项存款余额同比增速从未跌破9%。而2018年2月以来，存款余额增速均在9%以下。央行数据显示，今年8月，我国金融机构各项存款余额同比增长8.3%。往回看，这一数据可谓是最近40年“谷底”。与存款增速的整体下滑相比，居民存款增速下滑更严重。从2008年到2018年，短短10年间，居民部门存款增速从18%下滑到7%左右。据央行数据，截至2018年7月末，全国住户存款余额约为68.4万亿元人民币。若按14亿人口计算，中国人均存款余额不到5万元人民币，令人意外的是55%的家庭储蓄额为0。02资金流向多元居民消费增速大于收入增速，究其原因，主要有以下几个方面：第一，由于受经济下行趋势制约，近几年居民人均可支配收入增速有所放缓是导致居民存款增速放缓的根本原因；第二，买房的首付款和每个月必还的月供消耗掉很多家庭的收入。过去几年居民购房热情高涨，与存款增长放缓趋势保持一致，同时也推升了住户部门杠杆率；第三，随着人们对于美好生活的追求，居民的消费观念和消费行为也在发生变化，这突出表现在居民消费支出增长强劲，至少比收入增长要快。超前消费、攀比消费和借贷消费增加，文化娱乐消费增长较快，人口老龄化带来储蓄率下降等。挣钱的速度赶不上消费的速度，能存下的钱自然少了；第四，金融脱媒与利率市场化进程加快，使得金融业乃至泛金融业的竞争更加激烈，信托、基金、保险、互联网金融等投资理财产品，因为金融市场发展带来的多样化投资产品备受投资者追捧，都在抢夺着居民的存款，居民财富多元化的趋势非常明显。纵观以上原因，我们可以看到资金大多流向了楼市、消费市场和投资理财市场，而居民消费意识的变化又加速了新的消费理念形成，一定程度上也消耗了居民的储蓄额。03优化资产配置财务自由的关键是不要把关注点放在单一的投资机会上，而是要把关注点放在整体的优质资产配置上，放在资产未来的长期增值上。在已有的基础上，不断优化自己的资产，不仅仅提高收益，更是要让资产有长期持续增值的生命力。专业的事交给专业的人去做，作为一家获得中国证监会颁发的相关金融业务牌照的综合型金融服务机构，锦安控股集团以资产管理、财富管理、海外配置三大板块为业务核心，集团拥有完善的风险控制及项目管理体系，产品研发团队成员汇聚了包括银行、券商、保险、信托等国内外知名金融机构的专业人士，拥有多年的金融从业经历，具有丰富的产品设计经验、专业的风险控制能力和主动的业务创新意识，以“全产品线配置+深度服务”为切入点，通过构筑安全优质的产品体系，为高净值客户提供专业的财富管理专属定制服务和理财投资咨询服务，给予专业的资产配置建议。来源：新浪财经、国民经略免责声明：本文所引述机构或个人的观点、言论、数据及其他信息仅作参考和资讯传播之目的，不代表金色木棉赞同其观点或证实其描述。如涉及版权问题，请联系我们删除。谢谢！]]></content>
  <author><![CDATA[金色木棉]]></author>
  <time>2018-10-12 18:02:49</time>
  <account><![CDATA[goldamm]]></account>
</data>
