<data>
  <id><![CDATA[50709891]]></id>
  <url><![CDATA[https://mp.weixin.qq.com/s?timestamp=1539596515&src=3&ver=1&signature=Egrj350GoKY8-KUcIJshbw5LUWh9OA91PCqHsJTp5hpjdQAGN*LCZAtHu*KZPARGxuJ25vAY1A6S8ou7Hzkr8yHHxHb8siAiS6bPA5c8x6LBrjgreKDCXSgKx9H449qiq8d4gAz1epkoyV6FZxuSNpwq24EVLNjcfFlNgQfZMcY=]]></url>
  <title><![CDATA[金融课堂|一图让你更好地成为金融“圈内人”]]></title>
  <content><![CDATA[今年以来，美联储多次加息，关于人民币贬值的消息不胫而走。在平日里的新闻上，我们经常能看到在岸人民币、离岸人民币、人民币中间价等词语。究竟这些词语是什么意思，今天的金融课堂就带大家一起来了解下。来源：连环话免责声明：本文所引述机构或个人的观点、言论、数据及其他信息仅作参考和资讯传播之目的，不代表金色木棉赞同其观点或证实其描述。如涉及版权问题，请联系我们删除。谢谢！]]></content>
  <author><![CDATA[金色木棉]]></author>
  <time>2018-10-08 17:15:51</time>
  <account><![CDATA[goldamm]]></account>
</data>
