<data>
  <id><![CDATA[50709891]]></id>
  <url><![CDATA[https://mp.weixin.qq.com/s?timestamp=1539596515&src=3&ver=1&signature=Egrj350GoKY8-KUcIJshbw5LUWh9OA91PCqHsJTp5hpjdQAGN*LCZAtHu*KZPARGxuJ25vAY1A6S8ou7Hzkr84Y06j4*x*FPL*5h*U7j15tfSR70-2CdJxDZdfEAsIz0qJOLQUV1sBn6DYemfEZx4nEI5zYBlMlBzXJOLss4sJw=]]></url>
  <title><![CDATA[周末分享|5个沟通小技巧让对话变得更愉快！]]></title>
  <content><![CDATA[现在越来越多的人在推崇好好说话。不夸张地说，学会聊天，真的会改变你的人生。别以为说话那么简单，它可是个技术活儿。不同的场合，沟通方式也应该不同，但只要具备“从旁观者角度观察自我”的思维，挖掘出沟通的真实目的，你就知道有些话如何说出口，才最有效。在人际交往中，我们总是会忽略对方的角度从而把天聊死，一起看看这几个避免把天聊死的技巧吧！1、通过提问来促进交谈在网络上聊天，最令人反感的对话就是查户口式对话。在哪个城市，做什么的东西，赚多少、多大。这类对话会让人对你敬而远之的。想让谈话进行下去，最好要有趣味，有些深度。需要交替使用封闭问题和开放式问题来引导对话，表明你对他们所说的非常感兴趣。开放式问题，通常是 怎么样? 为什么？ 何种方式。可以从对方的职业、爱好，最近的热点新闻、身上的饰品。当遇到对方跟你的观点不一样的时候，不要直接否定，先问对方产生这种想法的原因，并在之外，说出你的观点。还可以在见面之前，提前准备一些对方有可能会有兴趣的问题。比如观察对方的朋友圈、微博、知乎等社交帐户，能了解到很多对方的关注点。2、诚实地表达赞扬在任何时间，诚实地赞美他人，除了能让对方对你有好印象，还能让别人对你的态度和行为，向有利你的方向发展。3、倾听他人的话语人际交流始于内心所感。 某人心有所想，才会需要向你倾诉。在倾听时，多鼓励对方进行充分表达，要多理解和反思他们所遇到的问题，但请把问题留给他们自己，不要立刻给出你的答案，特别是不要直接批判对方。在给对方结论时可以用“你”开头，然后在结尾加上“对吗”。这样你立刻就能知道你的结论是对是错。4、学会利用自由信息你在细心倾听时，你会察觉到你的交谈对象时不时地透露出只言片语的信息。 如果你认为这些自由信息能够启发你，能够为你所用，那就抓住机会。这样做毫无问题，这就是利用自由信息的标准，你可以借此任意转换话题，丝毫不用担心能否回到最初的起点。实际上很少有交谈会聚焦在一个话题上持续好几分钟的，除了谈话的内容，还可以注意对方的服饰、身体特征、言行和位置。这些都可以成为交谈的起点。5、开始交谈你所说的话实际上并不重要，不必在乎完美，通常的内容就行。如果对方感兴趣，会透露出一些自由信息。跟陌生人进行一场对话很简单，一般不外乎以下三个话题：场景、对方、自己。三种最常用的方式：提问题、发表意见和陈述事实最好的开始方式就是提问题。（限制式问题就行，只要不罗列太多。）发表自己的意见效果也不错，比仅仅陈述事实更好。要开始一段关于环境的谈话，先看看四周，找出让你感兴趣或让你疑惑不解的事物。要照顾到双方的感情：找一个对方也比较感兴趣的话题。谈论对方：在开口之前，观察一下对方穿着什么、在做什么、在说什么、在读什么，想一些你想进一步了解的内容。谈论自己：主要目的就是表现出兴趣，进行邀约对方。6、发出可能被接受的邀请大多数人都倾向于被动地做出反应。大多数在社会交往上很成功的人都积极地把别人拉入自己的生活中。不同的人有不同的兴趣。如果你能在考虑自己兴趣的同时，也照顾到对方的喜好。态度直接：直接告他具体活动，问他敢不敢兴趣，不要开口就问对方星期六有没有事。小处着手 ，要求的越少，得到的可能性就越大。如果对方拒绝了你的邀请，也不给任何解释，你可以提议换个时间或者活动项目。如果对方仍然拒绝，也没有任何解释，那就可以断定他对你不感兴趣。千万不要向对方询问原因，你 不会得到真实的回答，而且只会把局面闹得更僵。相反地，你应该礼貌地离开，并且对他说：“很遗憾你不能去。”或者“很高兴认识你。”或者把电话号码告诉他，让他方便的时候给你 打电话。信息来源：warfalcon免责声明：本文所引述机构或个人的观点、言论、数据及其他信息仅作参考和资讯传播之目的，不代表金色木棉赞同其观点或证实其描述。如涉及版权问题，请联系我们删除。谢谢！]]></content>
  <author><![CDATA[金色木棉]]></author>
  <time>2018-10-13 09:46:42</time>
  <account><![CDATA[goldamm]]></account>
</data>
