<data>
  <id><![CDATA[50709891]]></id>
  <url><![CDATA[https://mp.weixin.qq.com/s?timestamp=1539596515&src=3&ver=1&signature=Egrj350GoKY8-KUcIJshbw5LUWh9OA91PCqHsJTp5hpjdQAGN*LCZAtHu*KZPARGxuJ25vAY1A6S8ou7Hzkr8xgHt24lySqEj5Cawvb3NWA-6FoBv4hVtJVgf9d81WKg2bkqzWfZKprSNKRc3FMjev-7eO0kWQggi1FtB5EWK9g=]]></url>
  <title><![CDATA[2018胡润百富榜揭晓（附名单）]]></title>
  <content><![CDATA[10月10日，胡润研究院发布2018胡润百富榜名单，马云家族以2700亿登顶中国首富，而恒大董事局主席许家印则以2500亿跌至第二位，而马化腾13年来首次出现资产缩水，以2400亿元排第三。今年还新晋了两名企业家，一个是重新归来的，“世界铜王”王文银家族，另一个则是初入十强雷军，凭借今年携小米在港交所成功上市身家大涨，进入百富榜前10，身家达1100亿元。值得一提的是，世界500强排名第111位、“世界铜王”——正威国际集团近日已正式入股锦安控股集团，目前已完成相关工商变更登记手续。此外，今年的前十富豪还包括：杨惠妍(1500 亿)、王健林家族(1400 亿)、何享健和何剑锋父子(1300 亿)、王卫(1200 亿)、严昊家族(1200 亿)、李彦宏及马东敏夫妇(1150 亿)。今年胡润百富榜上榜门槛20亿今年是胡润研究院自1999年以来连续第20次发布“胡润百富榜”，上榜门槛连续第六年保持20亿元。上榜企业家财富计算的截止日期为今年8月15日。六成上榜者主要财富来自制造业、房地产、金融投资和IT这四大行业前十名上榜企业家创造了7家世界500强企业：阿里巴巴、恒大、腾讯、碧桂园、美的、太平洋建设和正威。胡润表示：“我们上榜企业家创造了全球级规模的企业。”六成上榜者主要财富来自制造业、房地产、金融投资和IT这四大行业。其中，制造业仍是上榜企业家最主要财富来源，但人数占比从去年27.9%下降到26.1%；房地产仍排第二，从14.6%略升到14.9%；金融投资超过IT位居第三，从10.9%上升到11.6%；IT排名第四，从11.8%下降到10.3%；医药仍排第五，从6.7%上升到7.1%；以顺丰为代表的社会服务行业从3.3%上升到5.1%；新能源、食品、服装纺织和零售行业都略有上升；资源、文化娱乐和农林牧渔小幅下降。女企业家占比创二十年来最高纪录 37岁杨惠妍1500亿蝉联中国女首富北京仍是上榜企业家最集中的居住城市，有293位，但比去年减少7位；深圳以193位维持第二，比去年减少31位；上海以160位维持第三，比去年减少13位；杭州以120位维持第四，比去年减少33位。香港增加4位，以54位排名上升一位至第六。从企业家出生地来看，浙商今年重回第一宝座，以243人领先于230人的粤商，其中浙商比去年减少20人，而粤商比去年减少54人；苏商仍排第三，有109人，比去年减少24人。女企业家占比创二十年来最高纪录，达28.7%，去年25.8%。其中七成白手起家。碧桂园37岁的杨惠妍以1500亿财富蝉联中国女首富。上榜企业家中浙大校友最多浙大蝉联“最具财富创造力”中国大学，35位校友上榜，但比去年减少2人；北大维持31人排名第二；清华维持25人排名第三。复旦新增3人，以23人排名上升一位至第四。胡润表示：“名校校友的创业力量非常惊人，但我们百富榜上出自‘社大’（社会大学）的还是最多，超过一半。”上榜企业家中属兔的最多兔子已连续七年表现最佳，上榜企业家中属兔的最多，但比例比去年略有下降；其次是龙。今年属鼠的表现最差。姓李的企业家今年表现进步，上榜人数超过姓张的，排到第二；但姓王的仍然最多。以下为胡润百富榜富豪名单：信息来源：中国新闻网、腾讯财经免责声明：本文所引述机构或个人的观点、言论、数据及其他信息仅作参考和资讯传播之目的，不代表金色木棉赞同其观点或证实其描述。如涉及版权问题，请联系我们删除。谢谢！]]></content>
  <author><![CDATA[金色木棉]]></author>
  <time>2018-10-10 15:59:21</time>
  <account><![CDATA[goldamm]]></account>
</data>
