<data>
  <id><![CDATA[50709891]]></id>
  <url><![CDATA[https://mp.weixin.qq.com/s?timestamp=1539596515&src=3&ver=1&signature=Egrj350GoKY8-KUcIJshbw5LUWh9OA91PCqHsJTp5hpjdQAGN*LCZAtHu*KZPARGxuJ25vAY1A6S8ou7Hzkr8yHHxHb8siAiS6bPA5c8x6JjWBIufyR8pn3FaaBt6dxT7qqj*xRw0NnrBlCuGc99H469HqXS-qyiFkRlaOZyOmM=]]></url>
  <title><![CDATA[聚焦|四大关键问题解读央行降准！]]></title>
  <content><![CDATA[央行10月7日宣布，从10月15日起，下调大型商业银行、股份制商业银行、城市商业银行、非县域农村商业银行、外资银行人民币存款准备金率1个百分点，以置换当日到期的中期借贷便利。这是今年第四次定向降准。降准所释放的部分资金用于偿还10月15日到期的约4500亿元中期借贷便利（MLF），这部分中期借贷便利当日不再续做。除去此部分，降准还可再释放增量资金约7500亿元。降准同时，央行亦发文解释了此次降准的4大主要问题，内容如下：1、此次通过降准置换中期借贷便利将如何操作？答：此次降准的主要内容是，自2018年10月15日起，下调大型商业银行、股份制商业银行、城市商业银行、非县域农村商业银行、外资银行人民币存款准备金率1个百分点。降准所释放的部分资金用于偿还10月15日到期的约4500亿元中期借贷便利（MLF），这部分MLF当日不再续做。除去此部分，降准还可再释放增量资金约7500亿元。2、央行再次通过降准置换中期借贷便利的主要考虑是什么？答：本次降准的主要目的是优化流动性结构，增强金融服务实体经济能力。当前，随着信贷投放的增加，金融机构中长期流动性需求也在增长。此时适当降低法定存款准备金率，置换一部分央行借贷资金，能够进一步增加银行体系资金的稳定性，优化商业银行和金融市场的流动性结构，降低银行资金成本，进而降低企业融资成本。同时，释放约7500亿元增量资金，可以增加金融机构支持小微企业、民营企业和创新型企业的资金来源，促进提高经济创新活力和韧性，增强内生经济增长动力，推动实体经济健康发展。3、降准是否意味着货币政策取向发生改变？答：本次降准仍属于定向调控，银行体系流动性总量基本稳定，银根是稳健中性的，货币政策取向没有改变。降准释放的部分资金用于偿还中期借贷便利，属于两种流动性调节工具的替代，而余下资金则与10月中下旬的税期形成对冲，因此，在优化流动性结构的同时，银行体系流动性的总量基本没有变化。中国人民银行将继续实施稳健中性的货币政策，不搞大水漫灌，注重定向调控，保持流动性合理充裕，引导货币信贷和社会融资规模合理增长，为高质量发展和供给侧结构性改革营造适宜的货币金融环境。4、降准是否会加大人民币汇率贬值压力？答：本次降准弥补了银行体系流动性缺口，优化了流动性结构，银根并没有放松，市场利率是稳定的，广义货币（M2）和社会融资规模增长率与名义GDP增长率基本匹配，是合理适度的，不会形成贬值压力。本次降准有利于促进经济结构调整，推动高质量发展，经济基本面对人民币汇率的支撑更加巩固。作为大型发展中经济体，中国出口有较强的竞争力，同时，中国经济以内需为主，制造业门类齐全，产业体系较为完善，进口依存度适中，人民币汇率有充足的条件保持在合理均衡水平上的基本稳定。中国人民银行将继续采取必要措施，稳定市场预期，保持外汇市场平稳运行。分析师评降准：政策已明确以稳定国内经济和金融市场为主西南宏观团队认为，在外部利率攀升，美国国债利率达到近7年高位，而美元再度升值环境下，央行继续降准，显示央行政策已经明确的以稳定国内经济和金融市场为主。在实体经济持续走弱环境下，宽松的货币环境不会发生变化。人民币汇率存在一定贬值压力，但有序可控。信息来源：央行网站、券商研报、经济之声免责声明：本文所引述机构或个人的观点、言论、数据及其他信息仅作参考和资讯传播之目的，不代表金色木棉赞同其观点或证实其描述。如涉及版权问题，请联系我们删除。谢谢！]]></content>
  <author><![CDATA[金色木棉]]></author>
  <time>2018-10-08 17:15:51</time>
  <account><![CDATA[goldamm]]></account>
</data>
