<data>
  <id><![CDATA[50709891]]></id>
  <url><![CDATA[https://mp.weixin.qq.com/s?timestamp=1539596515&src=3&ver=1&signature=Egrj350GoKY8-KUcIJshbw5LUWh9OA91PCqHsJTp5hpjdQAGN*LCZAtHu*KZPARGxuJ25vAY1A6S8ou7Hzkr8xgHt24lySqEj5Cawvb3NWAWhJUYKF3uAgtbylldanaujdJW4pPHC6*w0eZWegYAJQhdmtdCm9cBbp3T-OllQIg=]]></url>
  <title><![CDATA[聚焦|第三方财富管理机构的未来将大有可为]]></title>
  <content><![CDATA[随着中国经济的发展，高净值人士越来越多，理财需求也越来越迫切。伴随着高净值人群的崛起，第三方财富管理机构应时而生。由于受到自身优势及多元化投资需求的影响，未来，第三方财富管理机构将大有可为。第三方财富管理机构崛起2008年，国内第三方财富管理行业兴起，到2018年已有十年历史。十年间，第三方财富管理机构伴随着中国财富人群的扩大从无到有，蓬勃发展。与前几年相比，中国高净值人群的财富管理意识正在觉醒，对于财富管理的需求也日益增加。高净值投资者开始关注资产配置解决方案，而不再仅限于购买简单的理财产品，从而带动了第三方财富管理平台的发展。过去普通投资者的理财主要是银行、保险公司、券商等机构在做，国内的金融体制是分业经营、分业管理，但老百姓的理财需求却是综合的，单一的银行或者保险做不了这种工作。这个时候，第三方财富管理机构的出现就很有必要。而对于第三方理财机构来说，重要的不是为客户提供多少产品，而在于能否提供专业财富咨询的综合服务和对高净值家庭的保障规划能力。第三方财富管理机构或成为市场主流尽管银行理财、对于高端客户的信托等长期存在，但是从真正的财富管理的角度来看，中国的财富管理市场还处于非常早期的阶段。发展日趋成熟的海外第三方财富管理行业对国内独立财富管理机构来说有借鉴意义，同时也预示着未来第三方财富管理机构有望和欧美等国一样，成为财富管理市场的主流。对第三方财富管理机构来说，不管是对客户的资产配置服务核心能力的建设上，还是商业经营模式提升上，都有很大的发展空间。私人银行模式在欧洲、美国等地是第三方财富管理机构的普遍展业模式，但对中国来说，仍是一个正在探索的命题。行业内领先的财富管理机构已经有意识地逐步向私人银行业务靠拢，但距离成熟的私人银行模式还有不小的差距。中国的财富管理任重道远，但随着中国高净值人群规模的不断增加及财富管理意识的全面觉醒，第三方财富管理机构未来将大有可为。来源：麦肯锡免责声明：本文所引述机构或个人的观点、言论、数据及其他信息仅作参考和资讯传播之目的，不代表金色木棉赞同其观点或证实其描述。如涉及版权问题，请联系我们删除。谢谢！]]></content>
  <author><![CDATA[金色木棉]]></author>
  <time>2018-10-10 15:59:21</time>
  <account><![CDATA[goldamm]]></account>
</data>
