<data>
  <id><![CDATA[50709891]]></id>
  <url><![CDATA[https://mp.weixin.qq.com/s?timestamp=1539596515&src=3&ver=1&signature=Egrj350GoKY8-KUcIJshbw5LUWh9OA91PCqHsJTp5hpjdQAGN*LCZAtHu*KZPARGxuJ25vAY1A6S8ou7Hzkr84Ngqw2V7nNXr-a1Mw7RXMBDas3ehlba1vQnvlu5fsuyNaOW6DEX29JS8JcvxfJRBVFHl9ndBRJVUooOesvO7O0=]]></url>
  <title><![CDATA[荐读|养成这些好习惯让自己一生受益]]></title>
  <content><![CDATA[一年中的国庆大长假即将结束，你是不是还有点意犹未尽？是不是还有点不过瘾？别想那么多了，国庆长假即将逝去，等待你的只有安心工作。今天起，养成这些好习惯让自己一生受益。来源：CCTV4免责声明：本文所引述机构或个人的观点、言论、数据及其他信息仅作参考和资讯传播之目的，不代表金色木棉赞同其观点或证实其描述。如涉及版权问题，请联系我们删除。谢谢！]]></content>
  <author><![CDATA[金色木棉]]></author>
  <time>2018-10-07 12:30:12</time>
  <account><![CDATA[goldamm]]></account>
</data>
