<data>
  <id><![CDATA[50709891]]></id>
  <url><![CDATA[https://mp.weixin.qq.com/s?timestamp=1539596515&src=3&ver=1&signature=Egrj350GoKY8-KUcIJshbw5LUWh9OA91PCqHsJTp5hpjdQAGN*LCZAtHu*KZPARGxuJ25vAY1A6S8ou7Hzkr8xgHt24lySqEj5Cawvb3NWBCBIYcHwZXdENNog9oBYdkZJCMt3FUpzvUashsqbhN3vbEuOX5a*6dmm4wqUUXu1c=]]></url>
  <title><![CDATA[荐读|未来10年，什么资产最能保值？]]></title>
  <content><![CDATA[如果时间倒回到10年前，你会投资什么？不用说，肯定是选择买房，过去10年房价的暴涨拉开了有房和无房的财富差距。那么未来10年呢？除了房子，还有什么资产最能保值？一、房 产首先还是说说房子。房地产是周期性行业，其繁荣与否基于宏观经济形势的好坏，只要我国的大趋势向上，中心城市的房产不仅能保值，还能升值；而二三线城市也会发展，人口还会增加，需求总体还是会增长，价值长期看涨；至于四线城市等小地方来说，能不能保值很难说。很多地方本来人口就在净流出，刚需在减少，用传统基建投资拉动房价的空间越来越小，因此房价上涨的惯性也会越来越小。但这只是站在自住的角度，如果是炒房和投资，没有必要考虑，因为现阶段无论是一二线，还是三四线，房价都处于相对高位，而且调控政策出来之后，几个大城市成交量都在急剧下滑，大量资金在房地产上面，流动性的风险很大。敲黑板，注意了！很多人在购买房产的时候只考虑住房，而忽略了的商铺！想想看，一二线城市会不断有人口涌入，加上后续“租售同权”的推广，城市副中心或者地铁沿线大片居民区的底商是很有潜力的。现在人们的生活压力越来越大，早出晚归，下班到自家楼下吃个晚餐，或者去楼下水果店买点水果，这个已是常态，所以商铺的保值和增值的空间是比较大的。即使自己不打算做生意，买来租出去也好啊，目前商铺并不限购，完全值得考虑。二、固收类投资过去很长一段时间，最保守且稳定的投资理财就是去银行存定期、买保本理财。但去年资管新规出台，要求打破刚性兑付，银行理财也不再保本保息了。如果按照过去十年国家公布的平均5%的通胀率来计算，能买到5%收益率的理财，基本可以保证你的资产不缩水。但是，随着通胀率和货币贬值的进一步增大，5%的收益率已经不能满足我们的资产保值需求，未来可以选择配置其他收益更高的固收类产品。值得关注的是，P2P行业经历了雷潮之后正在加速洗牌，能够留下的头部平台最终将立于行业潮头，迎来新一轮的发展。抓住机会，选择靠谱的平台进行投资，是使资产保值增值的方法之一。三、私 募 基 金私募基金由于起投金额较高，再加上相关的收入、资产的门槛，所以很多人并不了解。相对公募而言，私募基金更追求绝对收益，管理人帮客户赚得越多，基金管理人自己也受益。因此从这个角度来说，私募更有动力把投资做到极致，把最稳健的收益留给客户，也留给自己。私募基金应该作为资产配置的重要选择之一。选择产品时，应选择一些成立时间长、历史业绩优秀的私募作为你的资产管理人，这也是未来长期保值的最佳选择之一。四、股 权 投 资股权投资已经被热议了好几年，但业内一直对股权的信息透明度存在质疑。毕竟这是个长周期投资，且运作封闭，信息披露少，换做谁都不放心啊！但又总听说某某公司上市，造富无数股权投资人，弄得大家蠢蠢欲动。需要提醒大家的是，股权投资并不一定都是赚钱，据SethLevine统计，VC分散投资的许多标的，2/3左右都可能是亏损的。但如果有少部分成功，那就可以拉高其整体收益，回报也是可观的。目前国内的股权投资市场还不完善，但近几年已有不少成功案例。相信未来10年股权投资也将迎来它的春天。五、自己巴菲特曾说：“最终，有一种投资超过所有其他所有投资，那就是投资你自己。没有人能夺走你自身学到的东西，每个人都有这样的投资潜力。”投资自己，不仅意味着提升自己的能力，获得更多收益，也意味着思维方式的转变。如果我们能用投资者的眼光重新审视自己的优势和缺点，站在被投资者的角度去觉醒和努力，那么10年后的你，无论在物质上还是精神上，都将变得富足。信息来源：凤凰金融免责声明：本文所引述机构或个人的观点、言论、数据及其他信息仅作参考和资讯传播之目的，不代表金色木棉赞同其观点或证实其描述。如涉及版权问题，请联系我们删除。谢谢！]]></content>
  <author><![CDATA[金色木棉]]></author>
  <time>2018-10-10 15:59:21</time>
  <account><![CDATA[goldamm]]></account>
</data>
