<data>
  <id><![CDATA[50709891]]></id>
  <url><![CDATA[https://mp.weixin.qq.com/s?timestamp=1539596515&src=3&ver=1&signature=Egrj350GoKY8-KUcIJshbw5LUWh9OA91PCqHsJTp5hpjdQAGN*LCZAtHu*KZPARGxuJ25vAY1A6S8ou7Hzkr84Tj0v59RzJYJoVAVt*rZDEJAX5-650w9wM9DEe1UUSHBVbW40kxMZXDlPyN45ldIoSNGb0Z6yLri-hd6uSTUjM=]]></url>
  <title><![CDATA[时政|这份文件的发布，涉及你我休假、住房、买车...]]></title>
  <content><![CDATA[10月11日，国务院办公厅发布《完善促进消费体制机制实施方案（2018~2020年）》。这份实施方案涉及旅游、文化、体育、医疗等服务消费领域，以及住房、汽车等实物消费领域的多个方面，对国内消费领域的发展方向作出了具体安排。一起来看看，这份方案的出台有哪些亮点？如何影响你的生活？旅游丨鼓励错峰休假弹性作息实施方案提出“落实带薪休假制度，鼓励错峰休假和弹性作息”这一促进旅游业发展的举措。据了解，2015年国务院办公厅印发的《关于进一步促进旅游投资和消费的若干意见》曾提出：“有条件的地方和单位可根据实际情况，依法优化调整夏季作息安排，为职工周五下午与周末结合外出休闲度假创造有利条件。”这一提法被不少观点认为是将全面普及“2.5天休假”模式的前奏。随后，一些省份陆续出台文件，鼓励在特定的季节实行“2.5天休假”。例如，湖北省提出，有条件的地方和企事业单位可根据实际情况，依法优化调整夏季作息安排，为职工周五下午与周末外出休闲度假创造有利条件；而广东省出台的有关文件也提出，支持旅游综合改革示范市依法优化调整夏季作息安排，为职工在周五下午与周末结合外出休闲度假创造便利条件。信息丨加大网络提速降费力度在信息消费领域，方案要求，要加大网络提速降费力度。加快推进第五代移动通信（5G）技术商用。支持企业加大技术研发投入，突破核心技术，带动产品创新，提升智能手机、计算机等产品中高端供给体系质量。支持可穿戴设备、消费级无人机、智能服务机器人等产品创新和产业化升级。利用物联网、大数据、云计算、人工智能等技术推动各类应用电子产品智能化升级。住房丨出台城镇住房保障条例在大力发展住房租赁市场方面，方案提出总结推广住房租赁试点经验，加快研究建立住房租赁市场建设评估指标体系。发挥国有租赁企业对市场的引领、规范、激活和调控作用，支持专业化、机构化住房租赁企业发展。加快建设政府主导的住房租赁管理服务平台。鼓励有条件的城市结合实际探索发展共有产权住房，多渠道解决群众住房问题。加快出台城镇住房保障条例、住房租赁条例和住房销售管理条例。建立健全房地产信息发布机制，加强舆论引导，稳定市场预期。此项工作将由住房城乡建设部、国家发展改革委按职责分工负责。汽车丨继续实施新能源汽车车辆购置税优惠政策对促进汽车消费优化升级，实施方案提出了不少具体措施。方案强调，要继续实施新能源汽车车辆购置税优惠政策，完善新能源汽车积分管理制度，落实好乘用车企业平均燃料消耗量与新能源汽车积分并行管理办法，研究建立碳配额交易制度。完善新能源汽车充电设施标准规范，大力推动“互联网+充电基础设施”，提高充电服务智能化水平。研究制定促进智能汽车创新发展的政策措施。养老丨取消养老机构设立许可养老方面，方案要求，建立养老机构分类管理制度，加快推进公办养老机构转制为企业或开展公建民营，建立健全养老领域公建民营相关规范，着力解决托底保障职能与公建民营不协调问题。编制实施国家积极应对人口老龄化中长期规划，支持各类市场主体增加养老服务供给。推动医养结合，研究出台医养结合机构服务和管理指南，深入开展长期护理保险试点。开展养老机构服务标准体系建设和养老机构服务质量专项行动。推动社区养老服务设施全覆盖。信息来源：综合经济日报免责声明：本文所引述机构或个人的观点、言论、数据及其他信息仅作参考和资讯传播之目的，不代表金色木棉赞同其观点或证实其描述。如涉及版权问题，请联系我们删除。谢谢！]]></content>
  <author><![CDATA[金色木棉]]></author>
  <time>2018-10-15 15:17:43</time>
  <account><![CDATA[goldamm]]></account>
</data>
