<data>
  <id><![CDATA[50709891]]></id>
  <url><![CDATA[https://mp.weixin.qq.com/s?timestamp=1539596515&src=3&ver=1&signature=Egrj350GoKY8-KUcIJshbw5LUWh9OA91PCqHsJTp5hpjdQAGN*LCZAtHu*KZPARGxuJ25vAY1A6S8ou7Hzkr82pkpCj97mWmJp3HgfH*Glo3d-VlYb-1IuNFrCDCZ5su5Q82QBundpHdZSa9RdRU*RSGySZfjTDK-peUdbJkQHk=]]></url>
  <title><![CDATA[观察|监管层鼓励上市公司通过并购重组做大做优做强]]></title>
  <content><![CDATA[近年来，并购大戏不断上演，并购已经成为这些年资本市场的关键词。随着并购政策逐渐回暖，上市公司收购股权的案例开始增多，监管层鼓励上市公司通过并购重组的目的是希望企业做大做优做强。小额并购激发市场活力随着证券市场并购重组交易日趋活跃，交易金额小、发股数量少的小额并购交易不断涌现。为适应这一特征，进一步激发市场活力，近日，证监会针对不构成重大资产重组的小额交易，推出“小额快速”并购重组审核机制，直接由上市公司并购重组审核委员会审议，简化行政许可，压缩审核时间。并购重组是企业做大做优做强的重要手段，也是我国资本市场融入国际经济、顺利实现经济转型和结构调整的助推器。无论是推出“小额快速”审核机制还是通过监管问答的形式明确并购重组双向调价机制，这些政策出台均反映了证监会前三季度在并购重组市场监管趋势的决心，即提高并购重组效率，进一步激发市场活力。如今，通过大幅取消和简化行政许可，90%以上的并购重组交易已无需证监会审核。此次证监会推出“小额快速”并购重组审核机制，有助于提升审核效率，以优质上市公司并购重组项目为引领，促进资本市场平稳健康发展；有助于进一步激发市场活力，发挥好并购重组服务实体经济的重要作用。同时，这也是监管层进一步鼓励上市公司通过并购重组做大做优做强之举，是真正培育具有全球市场竞争力的上市公司的重要举措。直接融资的重要性逐渐增加在目前去杠杆形势下，股权市场作为直接融资市场的重要性逐渐增加。同时，一些企业经营面临较大挑战，寻求被并购的情况增多，并购重组市场需求上升。从这个角度看，“小额快速”并购重组审核机制有助于上市公司健康持续成长。据10月10日最新消息，证监会国际部鼓励更多有实力企业通过跨境并购等方式走出去。可以预期的是，在监管层的鼎力支持下，并购重组对提高上市公司质量和助推上市公司做大做强做优，促进行业整合，推动产业结构调整和升级，服务实体经济方面，会继续发挥积极作用。来源：Wind资讯、经济日报免责声明：本文所引述机构或个人的观点、言论、数据及其他信息仅作参考和资讯传播之目的，不代表金色木棉赞同其观点或证实其描述。如涉及版权问题，请联系我们删除。谢谢！]]></content>
  <author><![CDATA[金色木棉]]></author>
  <time>2018-10-11 15:46:20</time>
  <account><![CDATA[goldamm]]></account>
</data>
