<data>
  <id><![CDATA[50709891]]></id>
  <url><![CDATA[https://mp.weixin.qq.com/s?timestamp=1539596515&src=3&ver=1&signature=Egrj350GoKY8-KUcIJshbw5LUWh9OA91PCqHsJTp5hpjdQAGN*LCZAtHu*KZPARGxuJ25vAY1A6S8ou7Hzkr88LKxy40dPfTzfvaIGgHkUa-9OSz8kXl3-jFLLPLperVPJuGsYyEn-EkSltLNU2*DhRbP55NZlxOuXD6ep9gLag=]]></url>
  <title><![CDATA[聚焦|银行下调理财门槛，这将如何影响您的钱袋子？]]></title>
  <content><![CDATA[今年7月，银保监会发布银行理财新规，其中关于银行理财产品投资门槛的下调格外引人关注。日前，银行理财新规由征求意见稿转为正式稿，诸多银行按照新规要求竞相下调理财产品投资门槛。对于投资者来说，这将如何影响您的钱袋子？银行理财新规的影响作为资管新规配套的实施细则，银行理财新规进一步细化银行理财监管要求，稳定市场预期，引导理财资金以合法、规范形式进入实体经济和金融市场，并有利于统一同类资管产品监管标准，更好地保护投资者合法权益，逐步有序打破刚性兑付，有效防控金融风险。银行理财新规与资管新规充分衔接，共同构成银行开展理财业务需要遵循的监管要求，主要内容包括：严格区分公募和私募理财产品，加强投资者适当性管理；规范产品运作，实行净值化管理；规范资金池运作，防范“影子银行”风险；去除通道，强化穿透管理；设定限额，控制集中度风险；加强流动性风险管控，控制杠杆水平；加强理财投资合作机构管理，强化信息披露，保护投资者合法权益；实行产品集中登记，加强理财产品合规性管理等。对投资者的影响业内人士认为，随着投资者不断成熟，降低银行理财产品门槛确有必要，这有助于银行理财产品更加普惠化，覆盖更多的普通投资者，使更多的普通民众更方便地购买银行理财产品。其实，银行理财新规在投资者适当性管理、合规销售、信息登记和信息披露等环节，从政策层面强化对投资者的保护。比如说公募理财产品起售点降到1万有利于募集能力增强，但首次仍要求面签并加强销售管理，约束了互联网、电子化代销发行空间。公募和私募理财产品在投资范围、杠杆比例、流动性管理、信息披露要求上仍然有区分。在信息披露上则提出了具体的理财业务信息披露要求：公募开放式理财产品应披露每个开放日的净值，公募封闭式理财产品每周披露一次净值，公募理财产品应按月向投资者提供账单；私募理财产品每季度披露一次净值和其他重要信息；银行每半年向社会公众披露本行理财业务总体情况。银行要在全国银行业理财信息登记系统对理财产品进行“全流程、穿透式”集中登记，从而防范“虚假理财”和“飞单”……这些都是保护投资者的重要举措。来源：中国基金报、新京报免责声明：本文所引述机构或个人的观点、言论、数据及其他信息仅作参考和资讯传播之目的，不代表金色木棉赞同其观点或证实其描述。如涉及版权问题，请联系我们删除。谢谢！]]></content>
  <author><![CDATA[金色木棉]]></author>
  <time>2018-10-09 15:22:38</time>
  <account><![CDATA[goldamm]]></account>
</data>
