<data>
  <id><![CDATA[50709891]]></id>
  <url><![CDATA[https://mp.weixin.qq.com/s?timestamp=1539596515&src=3&ver=1&signature=Egrj350GoKY8-KUcIJshbw5LUWh9OA91PCqHsJTp5hpjdQAGN*LCZAtHu*KZPARGxuJ25vAY1A6S8ou7Hzkr88LKxy40dPfTzfvaIGgHkUbpPZLmE7zvtdoJl*q9ZR13vjLZZEgAJHEVKDSRCWJo-vZouI4VGv0tFhB*3g*mixg=]]></url>
  <title><![CDATA[2018诺贝尔经济学奖揭晓，获奖理由是这个！]]></title>
  <content><![CDATA[导读：因对这个时代最基本和最紧迫的问题——全球经济的长期可持续增长和世界人口的福利的贡献，威廉·诺德豪斯（William D.Nordhaus）和保罗·罗默（Paul Romer）获得2018年诺贝尔经济学奖。当地时间10月8日上午11点45分，诺贝尔经济学奖（Nobel Prize in Economic Sciences）在瑞典皇家科学院揭晓。威廉·诺德豪斯（William D.Nordhaus）和保罗·罗默（Paul Romer）获得2018年诺贝尔经济学奖，获奖理由是创新、气候和经济增长的研究。前世界银行首席经济学家保罗·罗默的主要贡献则是其著名的“内生增长理论”（Endogenous Growth Theories）。而威廉·诺德豪斯为耶鲁大学教授，主要研究领域是气候变化经济学，表明了人类如何忽视不作为所带来的灾难性的高代价。威廉·诺德豪斯在诺贝尔奖的官方推特上，诺奖委员会阐述了其颁奖理由：获得 2018 年诺贝尔经济学奖的威廉·诺德豪斯和保罗·罗默设计了一些方法，来解决我们时代最基本和最紧迫的问题：全球经济的长期可持续增长和世界人口的福利。过去 100 年中，人类活动导致全球平均气温迅速上升。2018 年经济科学奖获得者威廉·诺德豪斯的研究表明经济活动如何与基础化学和物理学相互作用以产生气候变化。保罗·罗默的研究表明，思想的积累如何维持长期的经济增长。 他展示了经济力量如何管理公司产生新想法和创新的意愿。罗默的研究奠定了现在所谓的内生增长理论的基础。 该理论产生了大量关于鼓励新思想和长期繁荣的法规和政策的新研究。威廉·诺德豪斯的研究表明，对温室气体排放引起的问题最有效的补救措施是对所有国家统一征收的全球碳排放税计划。万年陪跑的保罗·罗默因其对“内生增长理论”（Endogenous Growth Theories）的贡献，保罗·罗默已经在之前数届的诺贝尔奖预测中成为呼声最高的人选之一。但其之前一直与诺奖无缘。罗默在1986年建立了内生经济增长模型，把知识完整纳入到经济和技术体系之内，使其做为经济增长的内生变量。罗默提出了四要素增长理论，即新古典经济学中的资本和劳动（非技术劳动）外，又加上了人力资本（以受教育的年限衡量）和新思想（用专利来衡量，强调创新）。通过《规模报酬递增与长期增长》《内生技术变迁》等论文，保罗·罗默解释了经济持续增长的动力来源——知识，并将其作为生产要素写入了经济增长模型。在保罗·罗默的“内生增长模型”中，当知识被作为要素投入生产时，会产生正外部性，并实现规模报酬递增，从而实现持续的经济增长。“因此，保罗·罗默用数学模型解释了，一个国家若要获得持续的经济增长，从政策角度看就需要政府对科研、教育增加投入，从而保证有足够的知识被生产出来。”北京大学市场与网络经济研究中心研究员陈永伟在其个人博客中指出。虽然保罗·罗默的“内生增长理论”诞生于近30年前，但其理论模型对中国当前正在推进的供给侧结构性改革和“大众创业、万众创新”也颇有借鉴意义。近期，国际国币基金组织和世界银行纷纷上调中国经济增长预期，因此实践也证明，资本、劳动力和人力资本（知识）是推动经济增长的长期动力。保罗·罗默信息来源：新华社 wind资讯免责声明：本文所引述机构或个人的观点、言论、数据及其他信息仅作参考和资讯传播之目的，不代表金色木棉赞同其观点或证实其描述。如涉及版权问题，请联系我们删除。谢谢！]]></content>
  <author><![CDATA[金色木棉]]></author>
  <time>2018-10-09 15:22:38</time>
  <account><![CDATA[goldamm]]></account>
</data>
