<data>
  <id><![CDATA[50706811]]></id>
  <url><![CDATA[https://mp.weixin.qq.com/s?timestamp=1539596532&src=3&ver=1&signature=Egrj350GoKY8-KUcIJshbxLn8pGoaIQhkafmj7D8qK4kP6ooZ30s*pir6dLKX64mmV51J3cx4oNo9yzgKYBO1mh4MRQGIyR11GTf*-6O5BRzQBLTtqn*QTPJlkG9cQUZNLQncq78ljmAxomIEgIjBIsOgQdf-u7ipsMNUnbVui0=]]></url>
  <title><![CDATA[我在华为卖“房子”华为全联接大会2018|欲知AI如何赋能数据中心？且收好网络能源参会指南]]></title>
  <content><![CDATA[“天天做着千万级的项目，却买不起深圳一套房。”说的就是我！正发呆中，一条微信飘了过来，是小阮，谈了三年的女友。半个小时后，我们在漫咖啡见面了。这次见面，不同以往打打闹闹，彼此都明白，是需要好好谈谈了。我说出了憋在心中很久的话：“小阮，咱俩在一起也三年了，确实该有个结果。我是一农村孩子，没有啃老的资本，一毕业就进了华为，现在做销售工程师，请你相信，只要我努力，一定能让你过上好日子。”小阮点点头，若有所思：“阿玮，我知道你每天都很忙，我是学文的，不太懂你们那摊事，你能不能给我讲讲，你每天在干什么，忙什么？”“我每天魂牵梦绕的，和你一样，也是房子。但是，这是一个特别的房子！”小阮眼中闪过一丝好奇，“咦，你讲讲。”于是，我打开随身携带的MateBook，开始了这辈子最重要的一次“演讲”。我到底是卖的什么“房”？小阮，你看这张图↓“真的好像一个房子，挺酷的，能住人么？”小阮盯着屏幕，好奇的问。我心里暗笑，这是我喜欢的节奏——它的大名叫：模块化数据中心。就像一栋栋小别墅似的，越来越受到新贵客户追捧。常规数据中心，就像我现在住的老小区一样↓所以，想建设一个稍微有点规模的数据中心，如同盖一个小区似的，配套一堆东西，特别复杂↓但是，经常有一些企业级客户，比如：政府、金融、医院、学校...,他们也需要数据中心啊，自用就好，够用就好，不需要规模辣么大，怎么办？所以，他们就喜欢上了另外一种“房子”↓集成了供电和空调系统的模块化房子。这种模块化“房子”，安装特别简单，工厂已经把房子做好了，集成了软硬件。客户直接搬到小区（数据中心），往那一放↓这种“房子”，并不是新鲜事物，已经发展了很多年，不断升级换代。V1.0，拼凑组合虽然也算整体交付，但其实是“包工头”把各个“开发商”的设备拼在一起，出了质量问题，还是要扯皮。V2.0，核心一家厂商核心设备来自一个“开发商”，工厂预制，统一软硬件接口，“业主”的体验好了很多。V3.0，智能化软硬件配套，AI融合。不仅考验“开发商”的硬实力，更拼软实力。↓这就是我在华为卖的新房子：被AI加持的神秘房子！“没听懂哦，AI我大概听过，但你这个是啥意思？”小阮有点懵。我想了想，问了小阮一个问题↓“没错！数据中心也是一样！”干我们这行，有个经验数据，数据中心60%的“灾难”，都来自于“供配电”系统，最恶劣的后果，就是火灾↓“难道不可以提前预警吗？”小阮问。“当然，所有数据中心都有一套规范的供电和消防系统，平时派人巡检，但是人总不能挨个机器摸一遍啊，哇噢，温度有点高啊。所以，靠人肉，很难实现提前告警。”“别卖关子了，你们怎么搞？”小阮的兴趣被我钓上来了。我控制不住有些得意，开始继续显摆。第一，某个新设备上架了，系统在识别设备的过程中，自动生成“供电链路”拓扑图。好比，咱们家里新买了台冰箱，我手机里立刻就能收到一条信息，告诉我，冰箱插在哪个房间哪个插座上哪个插孔上。可能对家庭来说，这种功能意义不大，但是对于庞大数据中心、数以万计的设备来说，能自动生成这种供电“路径”，那简直就是“神器”啊。这样，一旦设备供电出现问题，就能精准定位故障点，快速修复。而对一些关键点，比如接线端子，会进行重点监测，防患于未然。第二，还有一个雷，就是蓄电池！关于电动车起火的新闻你没少见吧？都是蓄电池惹的祸。我们从这三方面入手，产品质量、配置优化和实时监测，发现隐患及时切断电池开关盒，100%杜绝火灾隐患。对于蓄电池管理来说，还有一件事也很重要：预防电池失效。说到这里，我拿出充电宝给小阮看，“你看，充电宝，就是最简单的蓄电池，刚买来的时候，能充三部手机，现在一部都充不满了！”“对，我的充电宝也是！”小阮深有同感。“这就是蓄电池老化了，机房也是同样的情况，你想，如果哪天断电了，需要UPS电池扛住，结果电池却掉链子了，咋办？”所以，对「蓄电池健康」预测相当重要。但这个预测很难，业界检测的误差率在10%左右，不够准。但是，我们不一样啊，在华为参与运营的数据中心里，有几百万个蓄电池正在同时“上班”。我们采集这些蓄电池的充放电参数、故障数据，然后用人工智能算法加以学习。有了这个法宝，我们对蓄电池健康检测，误差率能降低到3%。这样，通过AI技术，就可以精确预测电池的寿命和健康度，为用户提前提供维护决策依据，及时排除有失效隐患的电池组。我卖的“房子”，可靠性系数极高，7×24小时自动化监测，变事后补救为提前预防，变被动响应为主动维护。所以，你看到了吧，这套“房子”的供电系统管理功能很强大，很智能，很安全，我们把它叫做iPower智能供配电技术。“懂了，像你一样安全可靠！”小阮莞尔一笑。“好，再问你第二个问题。”我趁热打铁。“深圳夏天要没空调，会死人的，特心疼电费”，小阮脱口而出。对，数据中心也一样，空调最费钱。我们要想着法子，让空调提高能效。咱们家里用的空调，如果你设定24℃，温度超过24℃，它就“哗”开始工作了。一旦温度低于24℃，它就“歇”了。当温度又超过24℃，它又“哗”开始工作了，不断地“开、停”，这样非常耗电。这是按“温度制冷”。常规数据中心的空调，虽然已经比家用空调NB许多，号称是恒温恒湿的精密空调，但仍然有很多不足。①通常只能感知到机房整体的温度，不能精确感知到设备温度，机房存在冷热不均的情况。②按温度被动式制冷，对于突发式负载带来的温度飙升，不能做到迅速降温。而华为不一样，能让空调预测到未来的升温趋势，赶在设备升温之前，提前启动降温。我们用人工智能的方法，把IT设备的工作负载参数输入进去，让机器学习，预测什么时候设备负载高，温度会高，空调自己加大制冷量，提前工作。这叫，基于预测按需制冷，而不是按温度被动制冷。还有一个，家里空调用久了，就要加氟，对吧？“氟”是一种“冷媒”，数据中心的空调，同样需要“冷媒”。如果冷媒漏掉后，空调的制冷效率就不行了，而且在泄漏过程中，会导致空调的膨胀阀坏掉、压缩机损坏。所以，冷媒容量的监测也非常重要。同样，我们基于AI算法，进行精确的冷媒检测，冷媒发生泄漏或者不足，就会告警。小阮听到这里，若有所思，狡黠的一笑，“阿玮，我是学文的，特别注重论点和论据的对应，我觉得吧，你刚才说的有点不对。”“怎么就不对了呢？”我喷得正欢，不由得一愣。“我们本来说的是空调最费电，可是你刚才说这些功能，冷媒监测也好，预测制冷也好，似乎和省电没有特别直接的关系哦。”小阮一本正经。“哈哈，聪明的姑娘，我还有个重要的功能没说呢”，我赶紧在纸上画了一张草图，给小阮介绍如何让空调更节能。你看，空调都是分为室外机和室内机的，都有不同的参数可以调整。我们的智能控制器，可以基于AI对这些数据进行学习。学习后，得到一个最优的转速策略，让室外机和室内机联动起来，这样，单台空调的能耗就降低了。在单台空调效率优化的基础上，再用AI算法，对多台空调的工作状态进行学习，并进行统一控制，让每台空调（或空调模块）协同工作，达到一个最优能效状态。这就是我们省电的秘诀啦！总而言之呢，在制冷、温度控制这个层面，华为“房子”下了很多功夫，我们把这部分功能叫做iCooling智能温控技术。小阮听得很出神，好像体会到了一丝丝凉意。我暗自庆幸，这几年公司技术资料没白看，要是被女朋友问倒那就糗大了。我接着问小阮对房子还有啥需求↓“我还要买我最喜欢的家具”，小阮滔滔不绝。“对，房子盖好，不是摆在那里，是要住人的，数据中心也是一样，建好了，就要上设备，就要把设备管理好、盘点好。这时候，就轮到我们的管房软件——iManager智能管理技术出场了”精确掌握“房屋”的入住率，是每个“房管员”很重要的事情，放在数据中心领域，这叫资产盘点。华为的“房管神器”iManager有个特色，只要设备插到机架上，就能检测出是啥设备，我们在ICT圈打拼了这么久，能自动识别几千种主流设备。哪个厂商的？什么型号？生产日期？入库时间？上架多长时间？占了几U空间？啥时候需要维保……全部一目了然。不仅，让你知道你有多少硬货，而且对所有可用资源（计算、存储、网络）都门清了。正因为心中有数，如果要上架新设备，系统能推荐最佳上架的机位。“哇塞，将来我的大衣柜也要这样的软件，我就知道我的衣服和包包放在哪里了。”小阮惊叫起来。“怎么样，很方便吧？”我笑着继续讲。“不仅在单个房子哦，iManager还能管理多个房子，看到全局资产，统一调配，尽在掌控。你相信我，相信我的事业，未来我们也会有很多套房子的。”“嗯嗯，有点小期待了，我突然觉得，你卖的‘房子’好高级啊。”“是呢，所以我们华为的‘房子’卖得最好呀！”“我都想去看看这个AI样板房呢？”“可以啊，10月10日，我掏腰包，你带上你妈，我伟大的丈母娘，来上海散散心，顺便去会场看看我卖的房子，看看我们公司的场子，让她对未来女婿放心...”“小阮，我在华为卖‘房子’最大的动力，就是为给你买房子 ”或许，这是人间最美好的一句情话……更多精彩内容：AI已来，你的数据中心真的准备好了吗？华为全联接大会2018 | 欲知AI如何赋能数据中心？且收好网络能源参会指南华为全联接大会2018 | 网络能源展台亮点抢先看↓↓↓请点击阅读原文，报名华为年度盛会]]></content>
  <author><![CDATA[华为网络能源]]></author>
  <time>2018-10-06 13:47:30</time>
  <account><![CDATA[HWnetworkenergy]]></account>
</data>
