<data>
  <id><![CDATA[50706811]]></id>
  <url><![CDATA[https://mp.weixin.qq.com/s?timestamp=1539596532&src=3&ver=1&signature=Egrj350GoKY8-KUcIJshbxLn8pGoaIQhkafmj7D8qK4kP6ooZ30s*pir6dLKX64mmV51J3cx4oNo9yzgKYBO1ldJtj89tENpQIhm3uXuxQ66upC2bxR7cM1UwQ-vMLefsWnA2sqep9Cd4Oj1vBRFUDns1E6j8jEWvgZGiRcZflA=]]></url>
  <title><![CDATA[这次国庆，我们的征途是星辰大海]]></title>
  <content><![CDATA[请横屏观看，开始征途让我们赴一场未来世界之约关于你遇到的难题以及对未来世界的疑惑，来HUAWEI CONNECT 2018给你答案。“华为全联接大会将于10月在上海举办。点击“阅读原文”购票现场参会或注册线上直播，与华为一起“+智能，见未来”。”更多精彩内容：AI已来，你的数据中心真的准备好了吗？华为获DCD“智能数据中心”、“边缘计算基础设施创新”两项大奖华为全联接大会2018 | 网络能源亮点抢先看]]></content>
  <author><![CDATA[华为网络能源]]></author>
  <time>2018-09-30 19:30:19</time>
  <account><![CDATA[HWnetworkenergy]]></account>
</data>
