<data>
  <id><![CDATA[50706811]]></id>
  <url><![CDATA[https://mp.weixin.qq.com/s?timestamp=1539596532&src=3&ver=1&signature=Egrj350GoKY8-KUcIJshbxLn8pGoaIQhkafmj7D8qK4kP6ooZ30s*pir6dLKX64mmV51J3cx4oNo9yzgKYBO1rNRIOfzY72k-OWflwznOIMXOhXIYwb7Sp2N3ndq2xW5yPwrGWplnkYxBOBXxnCElewDkh9VCwyCEcVlsUowMnM=]]></url>
  <title><![CDATA[华为在全球ICT能效峰会发布业界首个5GPower系列解决方案]]></title>
  <content><![CDATA[10月9日，全球ICT能效峰会在意大利都灵召开，华为与来自Orange、Vodafone、Telefonica、Bell、中国移动、ITU（国际电信联盟）、ABI咨询公司等业界精英，以“定义5G时代的通信能源”为主题，积极探索5G时代下通信能源的演进趋势、应对战略、标准和解决方案。期间，华为面向全球运营商发布业界首个全系列5G  Power 解决方案，为网络演进提供最佳的能源解决方案。5G网络正在加速到来，超带宽、低时延、高可靠等特点，将在未来5年催生更多新兴价值业务。与此同时，全球站点数量倍增，网络功耗翻番，根据华为在全球的调研数据，超过70%的站点将面临电源、电池、配电容量不足的挑战，超过30%的站点需要进行市电改造，运营商面临极高的CAPEX压力。作为网络的动力心脏，通信能源在5G时代如何实现高效和平滑演进，以降低初始投资，实现业务快速上线？海量站点如何进行有效地管理，以降低运维支出？如何提升能源可靠性，以满足高可靠低时延的网络业务需求？这些都成为运营商需直面解决的问题。为此，华为推出5G Power全系列解决方案，保障5G网络演进过程中能源更简单、更可靠、更高效。华为认为，未来通信能源要向站点协同、网络协同、业务协同方向发展，从电源、站点、网络、业务层面，将所有设备进行端到端协同，提升能效，帮助运营商降低能源支出。面向新建及改造站点，5G Power解决方案通过协同削峰、联动升压、能源切片等创新技术手段，采用“一站一柜”、“一频一刀片”的建设模式，在方案架构上充分考虑温控、电池、备电的可扩展性，面向未来可通过简单叠加实现轻松扩容、避免改造，助力5G网络快速部署。华为通信能源领域总裁陶红明表示：基于对网络演进运营商面临的能源痛点的深刻理解，华为5G Power系列解决方案通过无线网络设备与通信能源的端到端协同，助力运营商实现快速建网，降低站点能耗和运维成本。作为可提供端到端ICT解决方案的供应商，华为愿与运营商和产业合作伙伴一起，持续创新与探索，共同应对网络演进中的能源问题和挑战。猜你想看：BoostLi告诉你，如何终结通信基站电池被盗华为：朝着能源基础设施智能化方向全速迈进！通信网络节能盲区&能效最大化手段漫谈点击阅读原文，了解更多~]]></content>
  <author><![CDATA[华为网络能源]]></author>
  <time>2018-10-09 23:26:59</time>
  <account><![CDATA[HWnetworkenergy]]></account>
</data>
