<data>
  <id><![CDATA[50706811]]></id>
  <url><![CDATA[https://mp.weixin.qq.com/s?timestamp=1539596532&src=3&ver=1&signature=Egrj350GoKY8-KUcIJshbxLn8pGoaIQhkafmj7D8qK4kP6ooZ30s*pir6dLKX64mmV51J3cx4oNo9yzgKYBO1kQfOcabr3Gtwi7izcHcbycG5jt4plWL*FyEgb58sSNGkCNdETHfNaGOmdeZrTLnAn8*GTKOWM86nI8YHWnaCTo=]]></url>
  <title><![CDATA[HC2018|华为发布iCooling@AI解决方案助力数据中心从制冷到“智冷”]]></title>
  <content><![CDATA[[中国，上海，2018年10月11日] 今日，在HUAWEICONNECT 2018期间，华为面向全球客户发布了iCooling@AI解决方案，助力大型数据中心制冷系统从制冷走向“智冷”，这标志着华为网络能源在数据中心领域节能降耗方面迈向新高度。华为数据中心能源营销总监韩冬随着数据中心往大型化、高密化的方向发展，数据中心面临的能耗问题愈发凸显。PUE作为综合考察数据中心的用能效率指标，成为事实上衡量数据中心能效的KPI。由于制冷与设备散热、设备配置、机房环境，大气条件相互关联，在运维达到一定的成熟度后，如果单纯凭借硬件节能或者基于人工经验的简单调优，都已经无法满足能耗进一步降低的要求。如何找到一种新的控制算法，利用大数据、人工智能等高性能科技，达到数据中心整体能效最优，成为数据中心行业致力探索的问题。华为基于丰富的全球数据中心建设经验，基于AI技术，发布iCooling@AI 解决方案，推动大型数据中心的制冷走向“智冷”，将PUE降低8%，实现数据中心能耗的进一步优化。基于AI的iCooling数据中心能效优化解决方案，针对数据中心制冷效率提升瓶颈，通过机器深度学习，对大量的历史数据进行业务分析，探索影响能耗的关键因素，获取PUE的预测模型。基于PUE的预测模型，获取与PUE敏感的特征值，利用特征值，进行业务训练，输出业务的预测模型。最后利用系统可调整的参数作为输入，将PUE预测模型、业务预测模型作为约束，利用寻优算法，获取调优参数组，下发到控制系统，实现制冷系统的控制。最终通过规范化的实践引导和目标导向评测，不断调整优化，获取均衡PUE。iCooling@AI解决方案目前已在华为云廊坊基地三期成功部署，预计全年PUE可降低至1.30以下。华为网络能源产品线数据中心能源总监韩冬表示：“随着数据中心不断的升级迭代，节能降耗的挑战也越来越大。华为坚持多领域融合创新技术，快速响应市场和客户需求，发布基于iCooling@AI“智冷”解决方案，助力5G、大数据、云计算时代下的大型数据中心能耗优化。”HUAWEICONNECT 2018作为华为自办的面向ICT产业的全球性年度旗舰大会，于2018年10月10日-12日在上海隆重举行。本届大会以“+智能，见未来”为主题，旨在搭建一个开放、合作、共享的平台，与客户伙伴一起共同探讨如何把握新机遇创造智能未来。欲了解更多详情，请参阅：https://www.huawei.com/cn/press-events/events/huaweiconnect2018?ic_medium=hwdc&ic_source=corp_banner_allwayson&source=corp_banner]]></content>
  <author><![CDATA[华为网络能源]]></author>
  <time>2018-10-11 21:40:42</time>
  <account><![CDATA[HWnetworkenergy]]></account>
</data>
