<data>
  <id><![CDATA[50706811]]></id>
  <url><![CDATA[https://mp.weixin.qq.com/s?timestamp=1539596532&src=3&ver=1&signature=Egrj350GoKY8-KUcIJshbxLn8pGoaIQhkafmj7D8qK4kP6ooZ30s*pir6dLKX64mmV51J3cx4oNo9yzgKYBO1ghDwc774jSq0oRP*idZw7PINESwHOMDCqKl*YMJDynN7-zosewvzClxALpLjGLL0vsG8DBudAwM6TuhCkklHKc=]]></url>
  <title><![CDATA[网络能源攻城狮与AI尬舞，听起来酷酷的]]></title>
  <content><![CDATA[如果说美国硅谷是AI从0到1的发源地那么中国海量用户的数据将是AI应用落地的土壤目前AI已经在国内掀起了一场风暴甚至连Rap神曲都有了，不信你听想知道是谁演唱的？小编来揭晓答案一位是来自华为网络能源产品线最会Rap的攻城狮另一位是来自华为2012实验室最会编程的Rapper他们用自己的Freestyle为即将召开的2018年华为全联接大会打call完整视频出炉啦！🤘点击抢先看+智能，见未来🎵青春趁现在，彰显最潮流的做派+智能，见未来🎵功夫不是盖，武装新时代的姿态+智能，见未来🎵十月上海见！如此魔性的Flow，小编已经会唱了看完小哥哥的Show，就该换你登场了生成你的专属视频做朋友圈最极客的Rapper火力全开，跟上节拍 🔥长按扫描下方二维码秒变说唱明星，横扫朋友圈就是这么任性👇#福利1#在华为全联接大会2018有机会现场聆听两位攻城狮的神曲#福利2#现场真实感受数据中心的运行#福利3#数据中心如何节能降耗？基于AI技术的iCooling智能特性告诉你答案更多福利等你来探索时不我待，点击阅读原文开始你的表演吧！👊]]></content>
  <author><![CDATA[华为网络能源]]></author>
  <time>2018-09-26 19:24:54</time>
  <account><![CDATA[HWnetworkenergy]]></account>
</data>
