<data>
  <id><![CDATA[50706811]]></id>
  <url><![CDATA[https://mp.weixin.qq.com/s?timestamp=1539596532&src=3&ver=1&signature=Egrj350GoKY8-KUcIJshbxLn8pGoaIQhkafmj7D8qK4kP6ooZ30s*pir6dLKX64mmV51J3cx4oNo9yzgKYBO1kQfOcabr3Gtwi7izcHcbydEvKBaWJyh4PTyxOE0N9ZKX8RRJX1Ti8H7aF4*xV7Dj0jJRFH8bfz*-*3bsKS97Rk=]]></url>
  <title><![CDATA[HC2018|华为与贵州义龙云大数据开发建设有限公司达成云数据中心合作协议]]></title>
  <content><![CDATA[[中国，上海，2018年10月11日] 今日，在HUAWEICONNECT 2018期间，华为正式宣布与贵州义龙云大数据开发建设有限公司（以下简称贵州义龙）签署合作协议，在数据中心领域展开深入合作，共建云数据中心。贵州义龙位于贵州省兴黔西南州义龙新区绿色大数据南方云基地，本着政府与企业共同发展、互利共赢的原则，贵州义龙抓住新一代信息技术的历史机遇，依托义龙新区的政府扶持政策、能源与通信基础设施优势，致力于打造全国乃至亚洲第一大数据产业园。华为网络能源秉承“比特管理瓦特（Watt），比特管理Heat”理念，采用iPower、iCooling、iManager独创技术，实现数据中心的智能、简单、高效、可靠。此次双方的合作重点关注数据中心在云计算时代下日益增长的行业需求、成本效益、节能增效、智能化管理等方面内容，希望通过华为强大的数据中心解决方案，优秀的交付能力，更好地建设义龙新区大数据产业园，全力将园区打造成亚洲第一大数据产业园。华为网络能源产品线总裁周桃园表示：“云计算、AI等新技术给数据中心运营商的商业模式和运营效率提出了新的挑战，华为坚持多领域融合创新技术，将ICT领域的技术应用到数据中心基础设施，使数据中心基础设施可以跟上IT发展的步伐。双方的合作，是全球信息化、数据化的新形势下资源整合、优势互补、共谋发展的重大举措，更是面向未来、共创辉煌、联手推动中国信息数据产业发展的新起点。华为将以网络连接、能效提升和智能管理方面的先进技术为贵州义龙提供坚实的后盾。”贵州义龙云大数据开发建设有限公司总经理魏仕平先生说：“在大数据产业迅猛发展下，数据中心基础设施的安全可靠、智能高效显得更为重要，我们选择与华为合作旨在将双方各自优秀的技术、经验和资源相结合起来，为客户提供面向未来的高效节能、智能可靠的数据中心解决方案。”关于贵州义龙云大数据开发建设有限公司贵州义龙云大数据开发建设有限公司，成立于2016年3月，是专业从事数据处理、储存、城市信息系统、信息系统集成、数据服务平台、计算机软硬件建设、开发、服务、销售；信息咨询服务；重大产业项目、城镇功能性项目和水、电、路、燃气等基础设施项目及房地产建设、开发、经营管理。贵州省兴黔西南州义龙新区绿色大数据南方云基地，作为义龙新区大数据产业园的业主，负责义龙新区大数据产业园建设，该园区计划建设成为亚洲第一大数据产业园。HUAWEICONNECT 2018作为华为自办的面向ICT产业的全球性年度旗舰大会，于2018年10月10日-12日在上海隆重举行。本届大会以“+智能，见未来”为主题，旨在搭建一个开放、合作、共享的平台，与客户伙伴一起共同探讨如何把握新机遇创造智能未来。欲了解更多详情，请参阅：https://www.huawei.com/cn/press-events/events/huaweiconnect2018?ic_medium=hwdc&ic_source=corp_banner_allwayson&source=corp_banner]]></content>
  <author><![CDATA[华为网络能源]]></author>
  <time>2018-10-11 21:40:42</time>
  <account><![CDATA[HWnetworkenergy]]></account>
</data>
