<data>
  <id><![CDATA[50706811]]></id>
  <url><![CDATA[https://mp.weixin.qq.com/s?timestamp=1539596532&src=3&ver=1&signature=Egrj350GoKY8-KUcIJshbxLn8pGoaIQhkafmj7D8qK4kP6ooZ30s*pir6dLKX64mmV51J3cx4oNo9yzgKYBO1kQfOcabr3Gtwi7izcHcbyc620Bl*9fU6-B5XPHVHHUOkvhmw-09qFG3W8RDXnZlbNb0EP7dKPN9k3Zb-I5SvgM=]]></url>
  <title><![CDATA[HC2018|华为全球首发FusionPower@Li-ion系列大型数据中心UPS供配电解决方案]]></title>
  <content><![CDATA[[中国，上海，2018年10月11日] 今日，在HUAWEICONNECT 2018期间，华为面向全球客户发布了基于智能锂电特性的FusionPower@Li-ion系列大型数据中心UPS供配电解决方案，多方位保障大型数据中心供配电的可靠性。华为数据中心能源营销总监韩冬随着AI、云计算、大数据、物联网等高性能技术需求的不断增长，数据中心将变得更大和更复杂。作为数据中心的动力心脏，供配电系统需要更加稳定可靠的UPS来保障数据中心的不间断运行。传统大型数据中心供配电系统存在系统割裂且繁冗、占地面积大、人工巡检依赖程度高、故障定位难等问题。华为快速响应市场变化和客户需求，发布FusionPower@Li-ion系列大型数据中心供配电解决方案，同时电池储能系统支持锂电特性，进一步提升UPS的可靠性。更大容量 为大型数据中心而生▲▲▲FusionPower@Li-ion系列从设计理念到产品研发，都紧贴大型数据中心供配电需求，其将输入输出柜及UPS融合于一体，不仅减少繁冗配电，更为客户节约占地面积和安装工时；全模块冗余设计，系统无单点故障，具备iPower全链路可视功能、关键部件失效预警、失火风险提前关断功能，保障系统可靠运行，同时简化运维工作。智能锂电，提升可靠性▲▲▲本次发布的智能锂电——SmartLi，是配套华为自研UPS的锂电池储能系统解决方案。与传统铅酸电池相比，锂电池具备高可靠、使用寿命长、占地面积小、运维简单等优点。华为SmartLi拥有业界独有的主动均流技术，支持新旧电池柜混用，锂电柜并柜环流可以控制在2%以下，显著降低Capex。针对大型数据中心电池的高可靠要求，SmartLi从多方面进行保障：采用锂电中最安全的磷酸铁锂电芯；采用BMS系统，从电芯到电池柜，再到电池柜并联系统，层层保障锂电的可靠性。华为数据中心能源营销总监韩冬表示：“作为数据中心的心脏，UPS和电池的可靠性直接关系到数据中心的正常运行。华为结合当前数据中心基础设施的发展现状，发布基于锂电特性的FusionPower@Li-ion系列解决方案，揭开大型数据中心供配电新篇章。华为将持续投入研发创新，为客户提供全面智能化的数据中心解决方案，帮助客户快速完成数字化转型。”近年来，华为在UPS市场的表现可圈可点，全球市场份额快速上升，而且连续5年成为国内核心运营商不间断电源的首选供应商，这得益于华为在该领域的持续投入和技术研发实力。同时华为数据中心基础设施解决方案、UPS供配电解决方案已在全球广泛商用，覆盖政府、运营商、ISP、交通、金融等多个关键行业，为全球用户提供简单、高效、可靠的解决方案。HUAWEICONNECT 2018作为华为自办的面向ICT产业的全球性年度旗舰大会，于2018年10月10日-12日在上海隆重举行。本届大会以“+智能，见未来”为主题，旨在搭建一个开放、合作、共享的平台，与客户伙伴一起共同探讨如何把握新机遇创造智能未来。欲了解更多详情，请参阅：https://www.huawei.com/cn/press-events/events/huaweiconnect2018?ic_medium=hwdc&ic_source=corp_banner_allwayson&source=corp_banner猜你想知道：华为UPS成为中国移动供配电解决方案首选品牌，2018集采综合份额第一为什么有人聊天就崩溃，因为你没选到对的UPSCEBIT 2018 | 优秀的UPS，应该有哪些特质？华为获得Frost & Sullivan“模块化UPS年度最佳公司奖”嘉奖点击阅读原文，了解更多~]]></content>
  <author><![CDATA[华为网络能源]]></author>
  <time>2018-10-11 21:40:42</time>
  <account><![CDATA[HWnetworkenergy]]></account>
</data>
