<data>
  <id><![CDATA[50706811]]></id>
  <url><![CDATA[https://mp.weixin.qq.com/s?timestamp=1539596532&src=3&ver=1&signature=Egrj350GoKY8-KUcIJshbxLn8pGoaIQhkafmj7D8qK4kP6ooZ30s*pir6dLKX64mmV51J3cx4oNo9yzgKYBO1lGzZ9d0-wqSzN-fzIKSWL5FNOAUAxW4-EzvMXMK5BFbYZX37jlfb4ASNpFvf*V*8zpmIv*-I5XUuy5GF-hmho0=]]></url>
  <title><![CDATA[全联接爆料|网络能源展台精华全在这里]]></title>
  <content><![CDATA[重点预告2018年10月10日-12日，HUAWEICONNECT在上海举行。在此期间，华为网络能源将发布基于AI技术的iCooling智能温控解决方案，FusionPower@Li-ion解决方案等重磅内容，精彩不容错过。更多详情，请点击阅读原文~“华为全联接大会将于10月10日-12日在上海举办。点击“阅读原文”，与华为一起“+智能，见未来”。”更多精彩内容：AI已来，你的数据中心真的准备好了吗？华为获DCD“智能数据中心”、“边缘计算基础设施创新”两项大奖华为全联接大会2018 | 网络能源亮点抢先看]]></content>
  <author><![CDATA[华为网络能源]]></author>
  <time>2018-10-10 23:56:38</time>
  <account><![CDATA[HWnetworkenergy]]></account>
</data>
