<data>
  <id><![CDATA[50706811]]></id>
  <url><![CDATA[https://mp.weixin.qq.com/s?timestamp=1539596532&src=3&ver=1&signature=Egrj350GoKY8-KUcIJshbxLn8pGoaIQhkafmj7D8qK4kP6ooZ30s*pir6dLKX64mmV51J3cx4oNo9yzgKYBO1kQfOcabr3Gtwi7izcHcbyeFQufQNq14LiJ672fXg2LNzDb2DfaIs3Lsc65B9Msm2nHKl4rhywqCk3Pku9LwYBU=]]></url>
  <title><![CDATA[HC2018|华为与新加坡Keppel、香江科技及云引擎签署合作协议共建智能数据中心]]></title>
  <content><![CDATA[[中国，上海，2018年10月11日] 今日，在HUAWEICONNECT 2018期间，华为正式宣布与专业数据中心基础设施提供商新加坡Keppel吉宝数据中心控股私人有限公司（以下简称吉宝数据中心）、香江科技股份有限公司（以下简称香江科技）以及云引擎（北京）网络科技有限公司（以下简称云引擎）签署合作伙伴协议，共同建立高效可靠的新一代智能数据中心。吉宝是新加坡最大的跨国企业集团之一，吉宝数据中心作为其专门运营数据中心的全资子公司，在数据中心的建设和运营领域具有丰富的经验。香江科技是IDC全产业链的服务商，提供产品解决方案、系统集成以及数据中心的运营服务。云引擎是中国云行业应用服务领域的科技创新型公司，依托覆盖全球的网络资源能力，打造高效的云服务平台。华为作为全球领先的信息与通信技术(ICT)解决方案供应商，专注于数据中心基础设施的投入与研究，持续将创新技术融入到产品周期，为客户提供数字化、网络化、智能化的数据中心基础设施。此次签约，华为与吉宝数据中心、香江科技、云引擎旨在依托各方优势互补，在数据中心领域建立合作伙伴关系，以持续共赢的目标展开全方位合作，促进各自业务发展。同时专注国内外该领域的前沿技术与产业前端，共同促进数据中心产业健康稳定发展。华为企业业务集团南太平洋地区总裁周丹金在签约仪式上表示：“此次与吉宝数据中心、云引擎与香江科技达成合作，华为公司希望以持续创新的数据中心解决方案与覆盖全球的服务网络，继续助力吉宝全球数据中心布局，降低运营成本，提升运营效率，同时促进各方业务共同发展。”吉宝数据中心CEO黄伟明先生表示: “吉宝数据中心乐于支持国际及中国本土企业在本次战略合作下的数据中心增长需求。吉宝数据中心在提供强大和可靠数据中心解决方案方面有丰富经验，我们期待为本次合作作出贡献，与我们的合作伙伴一起帮助企业充分实现数字潜力。”香江科技常务副总裁王志远表示：“香江科技成立近20年，是一家伴随中国信息产业快速成长起来的网络与应用服务商，我们一直服务于中国电信、中国移动、中国联通等通信运营商及知名政企客户，在本次合作中，香江科技将一如既往发挥在数据中心解决方案、系统集成等方面的优势，全力支持合作伙伴在国内外的数据中心建设。”云引擎董事长兼总裁董玉涛先生表示：“云引擎作为新一代数据中心综合服务提供商，将充分发挥自身在数据中心投资、规划设计及EPC总包及运营方面等诸多优势，携手吉宝、华为、香江科技等知名企业，让云成为经济升级和企业数字化转型的引擎。从传统数据中心到模块化数据中心再到智能数据中心，华为持续将ICT领域的创新技术应用到数据中心基础设施，引领数据中心基础设施的发展方向。华为智能数据中心产品亦以其快速部署、高效节能、智能运维广受客户关注，并在全球范围内广泛应用。HUAWEICONNECT 2018作为华为自办的面向ICT产业的全球性年度旗舰大会，于2018年10月10日-12日在上海隆重举行。本届大会以“+智能，见未来”为主题，旨在搭建一个开放、合作、共享的平台，与客户伙伴一起共同探讨如何把握新机遇创造智能未来。欲了解更多详情，请参阅：https://www.huawei.com/cn/press-events/events/huaweiconnect2018?ic_medium=hwdc&ic_source=corp_banner_allwayson&source=corp_banner]]></content>
  <author><![CDATA[华为网络能源]]></author>
  <time>2018-10-11 21:40:42</time>
  <account><![CDATA[HWnetworkenergy]]></account>
</data>
