<data>
  <id><![CDATA[50706811]]></id>
  <url><![CDATA[https://mp.weixin.qq.com/s?timestamp=1539596532&src=3&ver=1&signature=Egrj350GoKY8-KUcIJshbxLn8pGoaIQhkafmj7D8qK4kP6ooZ30s*pir6dLKX64mmV51J3cx4oNo9yzgKYBO1uRgpzWyxLEMoRm4wDq7rpwiIl8O45nIXhkwlq5jUqNuLyQaPL46cE7qNwcQTANAiyVp9cGEVXNPlf3V8Fdot5E=]]></url>
  <title><![CDATA[聚焦HC2018|网络能源亮点太多？推荐你一份精品参观指南]]></title>
  <content><![CDATA[HUAWEI CONNECT 2018以“+智能，见未来”为主题，携合作伙伴分享AI、云、大数据、IoT、视频等在各行业的创新与实践。30000+平米的方案展示，将携手来自全球的ICT产业领袖、行业先锋、生态伙伴、商界智囊，共同探讨如何把握未来方向和新机遇，共襄数字转型，共创智能未来。行业数字化转型展厅数字世界，瞬息万变，企业如何抢占时代先机，勇立潮头？来这里找寻答案吧。在上海世博展览馆 Hall 3 行业数字化转型展厅，您可获得网络能源新鲜互动的体验，了解华为如何以AI加持的数据中心解决方案支持各行各业共同迈向数字化转型之路。网络能源不止节能,更是智能基于“数字化、网络化、智能化”理念，我们将数据中心基础设施数字化，提供简单、高效、可靠的智能数据中心产品与解决方案。模块化数据中心-FusionModule2000模块化架构+智能化AI融合，智能i3（iPower、iCooling、iManager），最大化数据中心基础设施价值。大型数据中心- FusionModule5000模块化架构、数字化营维，从制冷到智冷@iCooling，生命周期TCO最优。小型模块化数据中心- FusionModule800配电、制冷及监控系统一体化预集成，简化部署。NetEco6000数据中心关系系统DCIM+资源利用率提高20%，支持10000+机架的全网集中管理。FusionPower供配电方案模块效率97.5%，业界领先；配电与UPS融合设计，节约40%占地。SmartLi锂电方案电池系统智能管理，安全可靠，能量密度高，提升数据中心6%出柜率。智能温控解决方案湿膜加湿，加湿节能95%+；故障自诊断，一键故障定位；模块化设计，1min在线更换。预制模块化数据中心TTM缩短50%，40年使用寿命，i³智能营维系统，投资回收期缩短两年数据中心基础设施论坛AI已来，你的数据中心准备好了吗？HC2018现场将汇聚数据中心行业专家共同探讨-AI+数据中心的趋势数据中心能耗等多个热门话题新品发布&项目签约大型数据中心解决方案发布，其中包括1、基于锂电特性的FusionPower@Li-ion供配电解决方案揭开大型数据中心供配电的“密钥”2、基于AI技术的iCooling智能特性告诉你如何为数据中心更好的“降温”重大项目签约现场我们将与客户，举行项目签约仪式与客户开展深入合作，实现共赢让我们赴一场未来世界之约关于你遇到的难题以及对未来世界的疑惑，来HUAWEI CONNECT 2018给你答案。“华为全联接大会将于10月在上海举办。点击“阅读原文”购票现场参会或注册线上直播，与华为一起“+智能，见未来”。”更多精彩内容：AI已来，你的数据中心真的准备好了吗？华为获DCD“智能数据中心”、“边缘计算基础设施创新”两项大奖华为全联接大会2018 | 网络能源亮点抢先看]]></content>
  <author><![CDATA[华为网络能源]]></author>
  <time>2018-09-29 19:23:38</time>
  <account><![CDATA[HWnetworkenergy]]></account>
</data>
