<data>
  <id><![CDATA[50706811]]></id>
  <url><![CDATA[https://mp.weixin.qq.com/s?timestamp=1539596532&src=3&ver=1&signature=Egrj350GoKY8-KUcIJshbxLn8pGoaIQhkafmj7D8qK4kP6ooZ30s*pir6dLKX64mmV51J3cx4oNo9yzgKYBO1lGzZ9d0-wqSzN-fzIKSWL4GqEdt-O4TpdWk39IwMUNITpfvg-Z8RI8P9TUAq3LgllCLhKPjLVt0NZZkF9Xg2Eg=]]></url>
  <title><![CDATA[全联接首日|直击网络能源数据中心基础设施论坛]]></title>
  <content><![CDATA[[中国，上海，2018年10月10日]HUAWEICONNECT 2018华为全联接大会今天在上海世博展览馆和世博中心隆重开幕，为期三天。作为ICT产业的全球性旗舰大会，HUAWEI CONNECT 2018以“+智能，见未来”为主题，探讨人工智能的挑战和机遇，分享“+智能”的创新与实践。华为网络能源举办了以“AI使能数据中心基础设施价值最大化”主题的论坛。论坛汇聚了Frost & Sullivan、万国、Colt DCS等海内外专业分析师和数据中心运营商，共同探讨AI+数据中心的趋势与挑战、数据中心能耗及PUE思考等热门话题。Frost & Sullivan的分析师Gautham Gnanajothi指出人工智能技术的进步将使数据中心真正智能化，是一个能够自我学习和自我优化的数据中心。数据中心能耗一直是行业关注的焦点，绿色网格（TGG）理事张松指出，随着数据中心往大型化、边缘化发展，如何进一步降低数据中心的能耗，获得更低的PUE将是未来的挑战。他指出，受到器件、技术、地理位置等因素的影响，仅仅通过硬件手段已经无法满足进一步降低PUE的要求，未来IT设备和基础设施深度融合将更好的降低PUE、风险可控。万国数据GDS副总裁陈亮指出，未来数据中心将以AI为基础，实现数据中心能耗管理和排障管理的新一轮变革。关于AI如何助力数据中心的建设和运营，Colt DCS公司大中华区销售副总裁Rebecca Lai提到，随着AI继续渗透市场，AI将使数据中心能够成为一个提升能源效率和最大化数据处理能力的整体系统。AI将确保最大限度地减少电力和处理能力，从而为客户最灵活地提供更高的效率。华为数据中心解决方案总监万欣表示，在效率和体验的双驱动下，数据中心将出现分层分级，出现大愈大，小愈多的趋势，数据中心的运维将更加复杂。未来数据中心需要智能化管理，以提升数据中心能效，最大化数据中心基础设施价值。重点预告2018年10月10日-12日，HUAWEICONNECT在上海举行。在此期间，华为网络能源将发布基于AI技术的iCooling智能温控解决方案，FusionPower@Li-ion解决方案等重磅内容，精彩不容错过。更多详情，请点击阅读原文~“华为全联接大会将于10月在上海举办。点击“阅读原文”，与华为一起“+智能，见未来”。”更多精彩内容：AI已来，你的数据中心真的准备好了吗？华为获DCD“智能数据中心”、“边缘计算基础设施创新”两项大奖华为全联接大会2018 | 网络能源亮点抢先看]]></content>
  <author><![CDATA[华为网络能源]]></author>
  <time>2018-10-10 23:56:38</time>
  <account><![CDATA[HWnetworkenergy]]></account>
</data>
