<data>
  <id><![CDATA[50706811]]></id>
  <url><![CDATA[https://mp.weixin.qq.com/s?timestamp=1539596532&src=3&ver=1&signature=Egrj350GoKY8-KUcIJshbxLn8pGoaIQhkafmj7D8qK4kP6ooZ30s*pir6dLKX64mmV51J3cx4oNo9yzgKYBO1h6a5QQXaaPmBaAHjQRhE70fobpZd0AcaQiiLTtChqWHwHBzpwLQtOfKPZs1VFEk48z814JpNoTb2peZeAofPU4=]]></url>
  <title><![CDATA[全联接闭幕|人脸识别、新品发布、重磅签约...网络能源精彩全回顾]]></title>
  <content><![CDATA[2018年10月12日，上海，华为全联接大会迎来闭幕日。在行业数字化展厅Hall3，华为与来自全球的ICT产业领袖、行业先锋、生态伙伴、商界智囊，展示了平台赋予数字化转型的力量，网络能源可谓是亮点频出，干货满满，即刻奉上。云数据中心展台云数据中心展区提供以云为核心的全栈数据中心解决方案，包含云、计算、存储、网络、能基五大部分，展现了华为云数据中心解决方案本身及其对客户与合作伙伴的价值。专业、靠谱，稳如擎天柱！网络能源智能微模块新增人脸识别技术，将通过刷脸的方式进入微模块内部变成可能。~刷脸小视频奉上~数据中心全场景解决方案参观受众络绎不绝，奉上视频花絮~通信能源展台展示了PowerCube 500、智能配电房、智慧one-site等方案，助力平安城市的建设。数据中心基础设施论坛网络能源举办了以“AI使能数据中心基础设施价值最大化”为主题的论坛，汇聚了Frost & Sullivan、万国、金门、Colt DCS等海内外专业分析师和数据中心运营商，共同探讨AI+数据中心的趋势与挑战、数据中心能耗及PUE思考等热门话题。More：全联接首日| 直击网络能源数据中心基础设施论坛新品发布HC期间，网络能源发布了智能数据中心解决方案，其中包括iCooling@AI解决方案，助力大型数据中心制冷系统从“制冷”走向智冷；FusionPower@Li-ion系列大型数据中心供配电解决方案，其中电池储能系统支持锂电特性，进一步提升UPS的可靠性。More：华为发布iCooling@AI解决方案 助力数据中心从制冷到“智冷”华为全球首发FusionPower@Li-ion系列大型数据中心UPS供配电解决方案重大签约华为网络能源与新加坡Keppel吉宝数据中心、香江科技、云引擎、黔西南达成合作协议，共建云化的智能数据中心。双方依托各自的优势，在数据中心领域建立合作伙伴关系，以持续共赢的目标展开全方位合作，促进各自业务发展。同时专注国内外该领域的前沿技术与产业前端，共同促进数据中心产业健康稳定发展。More：华为与新加坡Keppel、香江科技及云引擎签署合作协议 共建智能数据中心华为与贵州义龙云大数据开发建设有限公司达成云数据中心合作协议更多精彩内容，请点击阅读原文~]]></content>
  <author><![CDATA[华为网络能源]]></author>
  <time>2018-10-12 22:43:47</time>
  <account><![CDATA[HWnetworkenergy]]></account>
</data>
