<data>
  <id><![CDATA[64350635]]></id>
  <url><![CDATA[https://mp.weixin.qq.com/s?timestamp=1543219536&src=3&ver=1&signature=gURmLehoq33GMNoBE4suGqPY94*-YH7RL-bBOz3Xwtjm5UJ5M7kgc*yOlqmax*hkV-eHMVH2sQkd1f5p-4BAlVBKea0oWYJRrKQEcwbEAHDA5*OY2hs-A9RM--sBmF3fvRjrEQR9U6QEUIZqfmPd2pLs0Y3zHXe*XSLqQvpc0qA=]]></url>
  <title><![CDATA[胡萝卜和此物堪称黄金搭配，每天吃几口，通便减肥，血气足了]]></title>
  <content><![CDATA[胡萝卜在西方有很高的声誉，被视为菜中上品。荷兰人把它列为“国菜”之一，在我国，胡萝卜也被认为是一种健康蔬菜。经常食用胡萝卜，对身体有很多好处，如果人体内缺乏维生素A，不仅对眼睛、皮肤的影响大，而且抵抗力差，易发生呼吸系统和泌尿系统疾病。倘若常吃胡萝卜，满足人体对维生素 A的需要，不仅养眼、养粘膜，不容易得夜盲症和感冒，而且能增强人体的抗病能力，加上胡萝卜含有大量的木质素，也有提高肌体抗病能力的作用，可以减少和防止癌症的发生。所以我们在生活中可以多吃一点胡萝卜，那么胡萝卜和什么食物搭配起来最好呢？一些研究学者发现：菠菜和胡萝卜中的维生素A可以增强皮肤的弹性和抵抗力，维生素C可以促进黑色素的转化，具美白的作用，而胡萝卜素又可以转化成维生素A，因此有美容养颜的作用。所以菠菜和胡萝卜一起食用，好处是非常多的。⊙版权声明：文章源于网络，如侵权请联系我们删除。⊙（微信号：626163674）1.不做上班族，还有哪些能月入过万的职业？2.肺主皮毛、不养肺，敷再多的面膜都白搭3.让撒贝宁、董卿、张国立点赞的超级读心术：10秒看透人心，掌握人际交往主动权4.祛痘去印太难？每天涂点它，无暇肌肤马上有！5.如何免费申请一张信用卡6.一天要是睡几个小时最合适？（建议收藏）点击【阅读原文】一起听课学习！]]></content>
  <author><![CDATA[草根微商]]></author>
  <time>2018-11-23 15:09:37</time>
  <account><![CDATA[caogenws88]]></account>
  <image><![CDATA[https://mmbiz.qpic.cn/mmbiz_gif/ZjCLNeC3aBWaYyIRrQHhU4SROP9ljWAzFib4QVkDWzicMTESKFTAKzIHZzwWWREibTpKGekv4KVlDz9lhUNyHR0Rw/640?wx_fmt=gif&tp=wxpic&wxfrom=5&wx_lazy=1|https://mmbiz.qpic.cn/mmbiz_gif/iaXzYlomclxrQxIXwujXLZMO4nQTH4gicZ8ic53wdjauzHfBNmmRib4LLA8Jn4VZH2oUcLB1k5RrkR81lhicajuJvkw/640?wx_fmt=gif|https://mmbiz.qpic.cn/mmbiz_gif/iaXzYlomclxrsibP4qX0Sfwq48n0HwRTsMFWiaEzn6J979HLQ4AFDduWsS2COmlFSGCBE465c0pamRC6fZU6tenrg/640?wx_fmt=gif|https://mmbiz.qpic.cn/mmbiz/lDFBTVnzECDotEa04BOibY9HcUMmUgyibhoketDXmWYum4VK7Bsw0LXAfZDdRr2BJdAx6cOEAOedlibmwvNtEWTjQ/640?wx_fmt=png|https://mmbiz.qpic.cn/mmbiz_gif/p6Wl2LDMQlHC6pDXyQRaWjlWR5PIhukIUGV1nfK6H9qtHZoxnXtVdeztoFexkaevudmZ1MbV9qWNZTXiaopLyoQ/640?wx_fmt=gif&wxfrom=5&wx_lazy=1&tp=wxpic|https://mmbiz.qpic.cn/mmbiz_jpg/iaXzYlomclxoydQiasBFib9RvOenroZk1WeG9EI5DU4J1TibLWmTflBqRluhXtNwKEwxMic7pfial52cHicZibonXo5giag/640?wx_fmt=jpeg|https://mmbiz.qpic.cn/mmbiz_jpg/iaXzYlomclxqvNbLaazSia2tN1cRwJUdugEMR0UTqaxqkPj6Xbk91HErpWr8ZVD1RLYCmtOTwZdiaRJ0zVMoXtgsQ/640?wx_fmt=jpeg|https://mmbiz.qpic.cn/mmbiz_gif/E6n38sFHWTjCg23BfwozPys0Z6J1rAZMr1wdLiaoic8DlCAD2NY9vPUUahvSM3QRFJ7VhWYqMnPFPzic4HmofTrjQ/640?wx_fmt=gif&wxfrom=5&wx_lazy=1&tp=wxpic]]></image>
</data>
