<data>
  <id><![CDATA[64350635]]></id>
  <url><![CDATA[https://mp.weixin.qq.com/s?timestamp=1543219536&src=3&ver=1&signature=gURmLehoq33GMNoBE4suGqPY94*-YH7RL-bBOz3Xwtjm5UJ5M7kgc*yOlqmax*hkV-eHMVH2sQkd1f5p-4BAlVBKea0oWYJRrKQEcwbEAHAek8ZcXqfUo*Hn8RsgJ-SONGFnOd5mGbl34MQNSb5vjtmsA-dm80EJbMWWkfQeYgs=]]></url>
  <title><![CDATA[女人最大的底气是有钱]]></title>
  <content><![CDATA[/ 01 /对于女人来说，最重要的一件事是什么？去年，华映资本的季薇在一场演讲中说：当代女人的三大刚需，是“撩汉、赚钱和变美”。而这三条中最重要的一条，就是赚钱。关于女人赚钱这件事，你必须知道这两点：1、女人赚钱，是自由和独立感的最可靠来源。今年过年期间，一则社会新闻登上了各大网站的版面：湖北女子姜某，在2月19日（正月初四）早上，与丈夫柯某商量回娘家拜年的相关事宜时，姜某要求带一万元回家发红包，没想到遭到丈夫的极力反对，两人大吵一架，随后，丈夫在路边对姜某进行当众毒打。对此，有网友发出感叹：连一万元都没法做主，为什么做女人这么难？然而，在同样的事情上，有的女人却能轻松洒脱地应对。金星曾采访杨幂：“如果你想给你爸妈买一套房子，你会跟刘恺威商量吗？”杨幂说：“不会的，因为我买得起。”有赚钱的能力的女人，不仅能让女人在独立的同时拥有选择权，也是在亲密关系中更加洒脱的关键。2、女人赚钱，与是否已婚、是否需要照顾家庭生活，从来不是一件相互矛盾的事情。日本一位大学一毕业就早早结婚、全职经营家庭的文科生山下英子，在50岁时写下《断舍离》一书，立刻风靡全球，成为拥有巨额收入的著名作家。她在采访中表示：正是婚姻生活，让我写出这本书。条条大路通罗马，无论是职场精英还是家庭主妇，掌握正确的思路和技巧，赚钱、迅速赚钱，绝不是难事。在小编的身边，有一个92年出生的年轻人王小飞，就通过研究个人与家庭赚钱，早早实现了个人资产500万。/ 02 /他是亚洲商务事务所首席顾问、中国贸易联盟战略顾问；也是科尔沁牛业股份有限公司策划顾问；更是中国电子商务协会常任理事，智囊圈（微小创业项目国内第一研究机构）创始人。2013年，他开始研究小而美赚钱项目，专注研究个人与家庭赚钱。5年时间通过运营项目个人资产突破500万。在这期间，他还帮助多个宝妈、业余时间较充足的上班族、创业者操盘了1000多个案例。在他的操盘下，有三家营业额突破1亿的天猫店铺：有本身夫妻二人收入固定12000元的二线城市英语老师，在他规划指导下：发挥自身英语优势，2年时间在老家买了房子（首付28万），开设的英语培训机构以及翻译工作室每年盈利50万。有因地制宜，操作地方媒体公众号矩阵的自媒体项目，帮助本地人实现月薪3千到月入3万：连刚毕业的高中生，他都能帮忙找准属性，开启“高考黑马项目”，只写了14个案例，不到3天时间，就获得知乎主页10000次浏览 590人关注量 187次暂同283次收藏。接着开通了知乎live，让这位高三学生在暑假净赚了3w元。/ 03 /他的赚钱秘籍，究竟是什么？王小飞说，“很简单，赚钱说到底都是以人为本，整个市场的所有商机无外乎就是人的衣食住行、七情六欲，懂得抓住这8个字，就成功了一半。”想通过家庭和个人赚钱，不需要你大笔启动资金、大投入风险、极广的人脉关系，更不需要“辞职创业”。只需要你明确自己的赚钱愿景、分析清楚个人目前情况、找准市场需求，把握市场规律，王小飞说，看准了商机，注重实操性，从需求入手，每个人都可以利用业余时间，用现有的资源，赚一笔最少50万的业余收入。这一次，王小飞特地整理了15节课，共36个最易上手、最没有门槛、拿走可以直接用、用完就可以赚到钱的36个小而美赚钱项目，让你的业余时间至少能多赚2万！拿去就能用的可复制项目，是时候把自己的时间变成钱了！讲师介绍王小飞中国贸易联盟战略顾问也是科尔沁牛业股份有限公司策划顾问更是中国电子商务协会常任理事智囊圈（微小创业项目国内第一研究机构）创始人分享主题《拿走直接用：36个小而美赚钱项目，让你月入10万！》课程介绍第1课：前言第2课：别研究产品，来研究人◇ 搜集的数据，无限的金矿（公众号+知识星球）◇ 利用恐惧来变现第3课：小城市的大生意◇ 地区微信公众号矩阵◇ 地区电商◇ 男人的微商世界第4课：爱好聚集，精神过瘾◇ 刺激的，诡异的，剧烈的◇ 亚文化◇ 意见领袖的存在第5课：高手玩金融，中层玩整合，低层玩项目◇ 思路决定出路的事儿◇ 离散型投资玩法，出效益◇ 项目操作与平台上移第6课：社群的全案操刀流程◇ 各行各业的社群GET点◇ 实操项目讲解◇ 铁杆粉丝的操刀第7课：重看微商项目◇ 别碰化妆品，试试衣食住行◇ 杀熟玩法的大分解◇ 杀熟与杀生第8课：线下跑江湖与周末游◇ 跑江湖与摆摊的全套玩法◇ 小城市的周末游◇ 特殊季节特殊卖第9课：自媒体的赚钱经◇ 2018自媒体矩阵的玩法◇ 纯视频平台矩阵玩法◇ 蹭流量图文矩阵玩法第10课：平台思维赚钱术◇ 内容型平台玩法◇ 电商系平台玩法◇ 服务系平台玩法第11课：母婴市场的单兵做法（女性）◇ 孩子的衣食住行◇ 孩子的望子成龙望女成凤◇ 孩子的个人能力第12课：微博 知乎与APP◇ 微博的内容玩法（连接农业）◇ 知乎的意见领袖◇ APP的女性倒流——发型指导（微信）第13课：精耕细作锤炼个人◇ 个人IP打造法◇ 别做低端看高端◇ 资源互换与能力互换第14课：全面复盘36个项目第15课：答疑适合人群● 有很多富余时间的宝妈● 有想法有执行力的创业人● 不能辞去现有工作的人群● 业余时间赚钱达人● 新时代女性● 微商转型课程评价订阅须知专栏包含多少节课？本专栏包含课程共 15 节。上课形式怎样的？本专栏授课形式为：视频录播+语音直播。学员福利荔枝微课限时特价69元（原价： 558 元 ）共包含 15 节课，每课仅需 4.6 元课程永久保存，随时回放长按识别二维码，进入课程⊙版权声明：文章源于网络，如侵权请联系我们删除。⊙（微信号：626163674）1.不做上班族，还有哪些能月入过万的职业？2.肺主皮毛、不养肺，敷再多的面膜都白搭3.让撒贝宁、董卿、张国立点赞的超级读心术：10秒看透人心，掌握人际交往主动权4.祛痘去印太难？每天涂点它，无暇肌肤马上有！5.如何免费申请一张信用卡6.一天要是睡几个小时最合适？（建议收藏）点击【阅读原文】一起成长学习！]]></content>
  <author><![CDATA[草根微商]]></author>
  <time>2018-11-23 15:09:37</time>
  <account><![CDATA[caogenws88]]></account>
  <image><![CDATA[https://mmbiz.qpic.cn/mmbiz_gif/ZjCLNeC3aBWaYyIRrQHhU4SROP9ljWAzFib4QVkDWzicMTESKFTAKzIHZzwWWREibTpKGekv4KVlDz9lhUNyHR0Rw/640?wx_fmt=gif&tp=wxpic&wxfrom=5&wx_lazy=1|https://mmbiz.qpic.cn/mmbiz_gif/iaXzYlomclxrQxIXwujXLZMO4nQTH4gicZ8ic53wdjauzHfBNmmRib4LLA8Jn4VZH2oUcLB1k5RrkR81lhicajuJvkw/640?wx_fmt=gif|https://mmbiz.qpic.cn/mmbiz_gif/iaXzYlomclxrsibP4qX0Sfwq48n0HwRTsMFWiaEzn6J979HLQ4AFDduWsS2COmlFSGCBE465c0pamRC6fZU6tenrg/640?wx_fmt=gif|https://mmbiz.qpic.cn/mmbiz_gif/kzc67eQqG1lzc4BWgbYKria3xebjJl9WFK72WyJP2h22JfCXkRdf5muLBYI1HKrlxoBbMlCTTnKsjaLIBb7hlDA/640?wx_fmt=gif|https://mmbiz.qpic.cn/mmbiz_jpg/kzc67eQqG1lzc4BWgbYKria3xebjJl9WF8ugoNACTzgMLThn2MR3sOyUgb1ZicN7eEApERxen5SjQ93vIg50eiajg/640?wx_fmt=jpeg|https://mmbiz.qpic.cn/mmbiz_jpg/kzc67eQqG1lzc4BWgbYKria3xebjJl9WFJd0twWYxwjZbKqyFTlP8ZLehtv1fiaW1rVCnRZzSL1MNgRiazxf1h6vQ/640?wx_fmt=jpeg|https://mmbiz.qpic.cn/mmbiz_jpg/27xjW1SEfBy1BodtDHq523VtfcZuYXx64AV0EgLSticjHPRDOPxMErtnZluWgA35aLLd6WaqIs6jI1A1ibXUsv0w/640?wx_fmt=jpeg|https://mmbiz.qpic.cn/mmbiz_jpg/27xjW1SEfBy1BodtDHq523VtfcZuYXx6P6cibs7oegIY1x9TOWc8enYiaMojhSUN2top4wxgNy3HWjGKuibsvlHUg/640?wx_fmt=jpeg|https://mmbiz.qpic.cn/mmbiz_jpg/27xjW1SEfBy1BodtDHq523VtfcZuYXx6ZibqSPHdYTbaGVObw77GwEX09iamBOhJqhyIkd0M3SogcLAWHh5fXelQ/640?wx_fmt=jpeg|https://mmbiz.qpic.cn/mmbiz_jpg/27xjW1SEfBy1BodtDHq523VtfcZuYXx6vy7JtHOIggNJP2eRchFQzNCibBJaWa42yB6Gh1ia0IoksACvQ0EhT8mw/640?wx_fmt=jpeg|https://mmbiz.qpic.cn/mmbiz_jpg/27xjW1SEfBy1BodtDHq523VtfcZuYXx6EaZWABIlxZPYQT3AbE7RibYxfKNdsFdN6ZPoWdlADibNgrRzv9icd5aww/640?wx_fmt=jpeg|https://mmbiz.qpic.cn/mmbiz_png/27xjW1SEfBy1BodtDHq523VtfcZuYXx63ANzohzwvwnEfepiaEtiaVLogzta6ZqsoSo9ZnHWl6YKAaXibT1FOWrsw/640?wx_fmt=png|https://mmbiz.qpic.cn/mmbiz_jpg/27xjW1SEfBy1BodtDHq523VtfcZuYXx6Gs9Qr44fiaP9w8v6eOiawSgvu3icjvM1Zliaw0nMadGnXS1iashIcdntVAA/640?wx_fmt=jpeg|https://mmbiz.qpic.cn/mmbiz_jpg/27xjW1SEfBy1BodtDHq523VtfcZuYXx6xnyicYbCLcBgxvrClSU5RiaMCaJBWFrzCfZK68ZVFvgq2ozLrkhGlYibw/640?wx_fmt=jpeg|https://mmbiz.qpic.cn/mmbiz_gif/ibn9IvQV94yZzSrgh6qj99WOKnib6acogozz1UQSWwD2icPjHVK5ebtVhqJnT5Vn45UUxHjK75tmPJIDZ4hedBPQw/640?wx_fmt=gif|https://mmbiz.qpic.cn/mmbiz_png/iaXzYlomclxqjwPRA4AfIZgNjMBmoIt4QM7RR9dRx3zNefTOj6dNt31jHKicicyZibL5E00xDOlicOf9xl0UF7ka9Sw/640?wx_fmt=png|https://mmbiz.qpic.cn/mmbiz/lDFBTVnzECDotEa04BOibY9HcUMmUgyibhoketDXmWYum4VK7Bsw0LXAfZDdRr2BJdAx6cOEAOedlibmwvNtEWTjQ/640?wx_fmt=png|https://mmbiz.qpic.cn/mmbiz_gif/p6Wl2LDMQlHC6pDXyQRaWjlWR5PIhukIUGV1nfK6H9qtHZoxnXtVdeztoFexkaevudmZ1MbV9qWNZTXiaopLyoQ/640?wx_fmt=gif&wxfrom=5&wx_lazy=1&tp=wxpic|https://mmbiz.qpic.cn/mmbiz_jpg/iaXzYlomclxoydQiasBFib9RvOenroZk1WeG9EI5DU4J1TibLWmTflBqRluhXtNwKEwxMic7pfial52cHicZibonXo5giag/640?wx_fmt=jpeg|https://mmbiz.qpic.cn/mmbiz_jpg/iaXzYlomclxqvNbLaazSia2tN1cRwJUdugEMR0UTqaxqkPj6Xbk91HErpWr8ZVD1RLYCmtOTwZdiaRJ0zVMoXtgsQ/640?wx_fmt=jpeg|https://mmbiz.qpic.cn/mmbiz_gif/E6n38sFHWTjCg23BfwozPys0Z6J1rAZMr1wdLiaoic8DlCAD2NY9vPUUahvSM3QRFJ7VhWYqMnPFPzic4HmofTrjQ/640?wx_fmt=gif&wxfrom=5&wx_lazy=1&tp=wxpic]]></image>
</data>
