<data>
  <id><![CDATA[50575284]]></id>
  <url><![CDATA[https://mp.weixin.qq.com/s?timestamp=1539596293&src=3&ver=1&signature=Egrj350GoKY8-KUcIJshb08ZB28l8M8vauSUNPQfKCrqd901-y2AkybYIrj1*eYONMIxjsBydN-A-2JqiPMd7wVX48Wf1IQid-uwRirHX*OrkkXinqz9PuJaFTOKaYRDiDag22ekTGIz27eIziGi7TqJORKNzuTXIHkwqVvS19I=]]></url>
  <title><![CDATA[一周处置及拍卖进度]]></title>
  <content><![CDATA[大家好，过去的一周，虽然大家主要都在欢度假日，但是处置组的小伙伴和对接律师，依然还在推动处置进度的，照例向大家汇报一下进度。泰州海陵区住宅【回款进度】：已到银行【上次进度】：9.30该债权包含两套房产，银行同意不用等另一套抵押物拍卖，同意提前分配已拍卖回款。【本周进度】：等待银行分配回款。目前还在继续等待银行进行这笔回款的分配，律师会继续跟进，争取尽快推动完成分配方案。上海虹口梧州路住宅【回款进度】：已到法院【上次进度】：9.30划款函已提交，等待法院出款。【本周进度】：继续等待法院划款。这笔回款本周继续没有具体进度，律师正在积极推动法院完成流程和办理手续。上海闵行秀文路公寓【回款进度】：已到银行【上次进度】：9.30银行已经在安排划款，预计节后可以到账合伙企业，约50万元左右。【本周进度】：银行正在安排打款这笔回款节前就已经在安排打款了，目前处置组小伙伴已经在跟进最后的回款事项了，预计这周、最晚下周就能到账合伙企业。常州钟楼区住宅【回款进度】：已到法院【上次进度】：9.30节后去法院办理领款手续。【本周进度】：等待法院划款。目前律师正在跟进，继续等待法院划款。上海松江沪松公路住宅【回款进度】：已到法院【上次进度】：9.30协商法院，跟进分配划款事项。【本周进度】：继续等待法院划款。银行已经开了划款函了，提交给法院了，律师正在协调中，继续推动和等待法院划款。上海卢湾局门路住宅【回款进度】：已到法院【上次进度】：9.30银行正在出具划款函给法院。【本周进度】：——回款已经到了法院，银行正在出具划款函。以上是本周到目前为止的处置进度。此外，这几天，还有一笔前期的处置回款到账合伙企业，目前正在和管理公司沟通协商分配事宜。另外，本周有一处新增的拍卖公告，这套房产是之前一拍流拍的一处办公用房，现在准备二拍。南京雨花台区雨花西路房产（复制点击短地址查看http://t.cn/E7UFtLD）拍卖时间：2018.10.15-10.16起拍价： 515.9万元成交余款缴纳时间：2018.10.26这套房产之前小助手关注过，城市和地段都不错，但是作为拍卖的办公用房，面积略大，现在这次是二拍，价格已经非常有吸引力了，如果大家身边正好有对此类房产感兴趣的朋友，不妨一起帮忙推荐一下，希望二拍可以成交。........................................................最后，决策委的招募会持续到10月12日，选举决策委的初衷，是为了明确监督和决策的不同职责，构建更加科学合理、具有约束力的管理机制，以推进处置还款工作，欢迎广大有识之士继续自荐或者他荐。........................................................“阅读原文”内为决策委的报名链接，这是我们更诚恳的共商意愿，为了更好地保护债权人权益、更好地发展新东融，而发出的诚挚邀请，欢迎加入，共谋东融前路。........................................................]]></content>
  <author><![CDATA[合家金融]]></author>
  <time>2018-10-11 10:43:11</time>
  <account><![CDATA[happy_hejia]]></account>
</data>
