<data>
  <id><![CDATA[50575284]]></id>
  <url><![CDATA[https://mp.weixin.qq.com/s?timestamp=1539596293&src=3&ver=1&signature=Egrj350GoKY8-KUcIJshb08ZB28l8M8vauSUNPQfKCrqd901-y2AkybYIrj1*eYONMIxjsBydN-A-2JqiPMd71u3*a6gVyKqSSAkv85LEZt3H064i78yZVv-DFt7AeouwUx5nYCZcnvTHc2sBWaT16IfaOEDPxMN34bSIa0VEQ0=]]></url>
  <title><![CDATA[关于债转的Q&A]]></title>
  <content><![CDATA[大家好，昨天，债转功能已经上线，第一个交易日里，大家总共发布了2543笔债转信息，金额总计29842.08万元，平均折让率为85.50%。其中，有6笔债转信息被接收，意向接收的金额总计1.42万元，平均折让率为75.00%。目前，这6笔交易均在犹豫期中等待成交。此外，我们在微信后台和各个微信群里都收到很多问题，在这里，小助手把提问率比较高的问题整理了一下，集中向大家做一个解答。Q：犹豫期内撤销的，有哪些惩罚机制？A：债转信息发布方，在犹豫期内撤销发布的，撤销后7天内不能再发布新的债转信息；接收方，在犹豫期内撤销的，将会扣除转让金额的1%作为撤销手续费。所以，请大家仔细考虑谨慎操作。Q：合家金融A、合家金融B，分别是啥意思？A：后缀为A的债权，表示9月18日分船协议前确权的债权；后缀为B的，表示为9月18日之后再确权的不在分船协议内的债权。另外，未确权的债权，暂时是不能发布债转信息的。Q：假如接收了某人的债转，以后分船方案的补充担保是否就自动是我的了？A：是的，分船方案内补充的担保权益，是依附在债权上的，债权归谁这些补充的权益就归谁。Q：转让成功了，多久能够拿到钱？A：债转成功后，（犹豫期结束，完成交易才算成功），出售债权的钱会直转到账户余额内，提现即可。Q：折让率是否支持有小数点，比如8.8折？A：目前折让率只能是整数百分比，如80%、88%等。Q：债权转让的时间是否可以缩短？五天时间有点长。A：5天的犹豫期是为了让大家冷静思考，随时有反悔的机会，暂时不会考虑缩短。Q：债转数据不透明，会不会让某些人提前下车？A：债转数据是完全透明的，由于目前所有的转让都还处于犹豫期内，没有真正完成的交易。等交易完成后，在“债权转让”——“已完成”列表内会有具体的交易列表，所有人的操作权限都是统一的，所以没有提前下车的可能性。Q：现在的折扣太高没人购买，会不会再降低折扣或者让第三方进场？A：设置7折的最低折让率，以及不允许第三方进场收购，都是为了防止收割，尽量避免债权人本金折损。Q：交易成功后还有反悔的机会吗？A：债转信息发布后，会有5天的犹豫期，犹豫期结束后将完成交易，视为成交。成交后就不能再反悔了。Q：犹豫期内，遇到还款分配，还款怎么分配？A：债转信息发布后，在犹豫期内，这部分债权会处于冻结状态。如果犹豫期内遇到还款，还款的金额也会处于冻结状态。等犹豫期结束，交易最重最终成交后，兑付金额会按照双方最终持有的债权金额等比例分配。例如，张三在10月1日发布了5万元的转让信息，犹豫期是10月1日到5日，10月2日时，赵九意向接收了其中3万元债权，犹豫期依旧是到10月5日结束。10月4日的时候，有还款分配。由于这5万元债权在10月4日的时候还在犹豫期，债权处于冻结状态，所以还款金额在10月4日也是被冻结的。10月5日，犹豫期结束，债转成交，最终张三持有2万元债权，赵九持有3万元债权，被冻结的还款在债转成交后按照交易双方最终持有的债权金额等比例分配。Q：昨天未签确权书发布债权后，自动撤回是怎么回事？A：非常抱歉，未确权的债权，由于其债权的法律关系还停留在原合同上，无法适用于目前的债转协议，故未确权的债权暂时还不能参与债转。昨天上午，由于技术上的疏漏，导致小部分未确权的用户发布债转成功了，后来在用户的主动提示下，工作人员现已将这部分债转撤回。此次疏漏给大家带来的困扰，小助手要在这里代表工作人员向大家说一声：对不起！我们之后一定会仔细再仔细的。........................................................以上，是关于债转的一些问题和回答。此外，决策委的招募还在持续进行中，选举决策委的初衷，是为了明确监督和决策的不同职责，构建更加科学合理、具有约束的力的管理机制，以推进处置还款工作。整个招募工作会持续到10月12日，欢迎广大有识之士继续自荐或者他荐。........................................................“阅读原文”内为决策委的报名链接，这是我们更诚恳的共商意愿，为了更好地保护债权人权益、更好地发展新东融，而发出的诚挚邀请，欢迎加入，共谋东融前路。........................................................]]></content>
  <author><![CDATA[合家金融]]></author>
  <time>2018-10-10 10:13:04</time>
  <account><![CDATA[happy_hejia]]></account>
</data>
