<data>
  <id><![CDATA[50575284]]></id>
  <url><![CDATA[https://mp.weixin.qq.com/s?timestamp=1539596293&src=3&ver=1&signature=Egrj350GoKY8-KUcIJshb08ZB28l8M8vauSUNPQfKCrqd901-y2AkybYIrj1*eYONMIxjsBydN-A-2JqiPMd70SXeVxojPrURtGXjM1YTPs*oUaQUPVpCt0bA0itW2EGSUNOzLb7wk99nkKXWlNM*yD8hZ82i9Ruy8NGiMT6SUc=]]></url>
  <title><![CDATA[关于债转功能的操作说明]]></title>
  <content><![CDATA[大家好，债权转让功能在昨天晚上19点上线了，考虑到部分用户不熟悉操作，小助手今天就用图片+文字的方式给大家讲解一下债转的具体使用方法。（本文中所有图片都由测试版截取，实际界面以最终发布版本为主。）进入“振在打工”公众号，点击“债权登记系统”，就可以进入债转的操作界面了。① 进入“我的债权”——“发布债权转让”，进入发布界面。② 在发布界面里，点击“请先选择债权”，点击后会显示所持有的债权种类，如（合家金融A、凯胜团队A），债权名称后的“A”表示分船方案内的债权，B表示9月18日之后签署协议的，不在分船方案内的债权。注意，没有确权的债权，由于法律关系尚不明确，暂时是不能发布转让的。选择好需要转让的债权，输入转让金额，转让金额大于1000元即可，可以自定义设置。再设置折让率，折让率下限为70%，也是自定义设置的。转让金额和折扣设置完成后，系统会自动计算这次发布转让的服务费和转出后可获得的资金。勾选协议，确认发布。③ 确认后会有相关弹窗提示，点击“确认发布转出”就能完成债权发布了。④ 发布完成后，在“我的债权”——“债权转让记录”内可以查看到自己的发布记录。⑤ 点击“债权转让”，会显示的是所有正在转让的信息，也可查看已完成的债权转让情况。可以通过折让率、剩余债权、犹豫期筛选出相关债权发布的信息。⑥ 筛选到想要购买的债权发布信息后，输入“要转入的债权”，勾选协议，点击“确认转入”，即可进入支付页面。完成支付后，就会进入犹豫期，等候最后成交。目前的犹豫期是自发布之时起的120小时。为了避免大量频繁撤销扰乱正常转让，我们为撤销行为设置了一些约束规则。发布方在犹豫期内撤销的，在后续的7天内将进入静默期，即7天内不能再次发布出让信息。接收方在犹豫期内撤销的，将会扣除转让金额的1%作为撤销手续费。所以，望大家仔细考虑谨慎操作。犹豫期结束，交易完成后，出售方的债权所得金额，会自动打到易宝账户，随时可以提现，当然，提现的0.6元手续费还是要支付的。以上，就是关于债权转让功能的一些操作说明了。目前为债转功能的试运行阶段，交易时间是早上9点至下午17点。以及，试运行阶段买卖双方的手续费也将暂时免去。关于债转，如果有什么意见和建议的，还是欢迎大家留言告诉我们。最后，决策委的招募还在持续进行中，选举决策委的初衷，是为了明确监督和决策的不同职责，构建更加科学合理、具有约束的力的管理机制，以推进处置还款工作。整个招募工作会持续到10月12日，欢迎广大有识之士继续自荐或者他荐。“阅读原文”内为决策委的报名链接，这是我们更诚恳的共商意愿，为了更好地保护债权人权益、更好地发展新东融，而发出的诚挚邀请，欢迎加入，共谋东融前路。]]></content>
  <author><![CDATA[合家金融]]></author>
  <time>2018-10-09 09:44:55</time>
  <account><![CDATA[happy_hejia]]></account>
</data>
