<data>
  <id><![CDATA[50575284]]></id>
  <url><![CDATA[https://mp.weixin.qq.com/s?timestamp=1539596293&src=3&ver=1&signature=Egrj350GoKY8-KUcIJshb08ZB28l8M8vauSUNPQfKCrqd901-y2AkybYIrj1*eYONMIxjsBydN-A-2JqiPMd77iSnwB9Xo5lGpYhIC6ifXM83YJOJlUQoL2aJoy1*H1CmHovTrYaxX5xG0TfNjuPzF-eZgWrgBXYaPk0bekWfWU=]]></url>
  <title><![CDATA[2018.9.24-9.30一周工作简报]]></title>
  <content><![CDATA[【不良资产包处置组】/ 日常案件处置跟进，每周拍卖和回款进度持续更新。本周具体处置进度详见公号——本周处置和拍卖进度............................................/ 腾房疑难案件单独整理，具体问题分类整理，制定具有针对性的方案，努力加快处置速度。............................................/ 梳理、协调与其他协作单位的工作流程细节，如日常沟通机制、用印出函流程等。............................................【自有资产处置组】............................................/ 自有物业继续日常处置，目前遇到的比较多的问题是腾房以及出价不能达到预期，希望有资源或渠道的投资人可以协助推动处置。............................................/ 大宗土地处置方案协调、洽谈进中。【系统开发】/ 债权转让系统内测，债转的法律协议拟定，预计节后10月中旬能够上线。/ 智能监测系统提前内测，信息脱敏、数据清洗、数据校验完成，已在应用市场安排发布，预计将于10月中旬可以上线。/ 债权消费功能制作完成40%，后续会继续抓紧开发。/ 债权质押功能立项，拟定基础规则。【其他】/ 本周完成第四次还款，用于分配的还款总额为460.489536万元，已于9月30日完成打款。/ 与债委会监督小组沟通内部管理事宜。提意在全体债权人中选举决策委员会，为后期重大事项提供最高决策。/ 本周债权人办公室由于人员安排缘故，未能开放，国庆节后将继续开放，欢迎广大投资人发送邮件报名。具体报名方式为：发送邮件至小助手huanqianxzs@qq.com邮箱。邮件请写明预约人姓名、注册用的手机号码，投资金额。并说明希望预约的具体时段，我们会根据具体开放日期为您安排，排期后会通过电话与您确认。此外，小助手的工作邮箱长期向全体投资人开放，大家有任何意见或建议，都欢迎以邮件方式直接告诉我们，我们会尽快妥善处理。最后，祝大家国庆快乐，假日假期，欢迎大家有空就来汉嘉国际坐坐，来给我们提提意见聊聊天。]]></content>
  <author><![CDATA[合家金融]]></author>
  <time>2018-10-02 09:41:33</time>
  <account><![CDATA[happy_hejia]]></account>
</data>
