<data>
  <id><![CDATA[50575284]]></id>
  <url><![CDATA[https://mp.weixin.qq.com/s?timestamp=1539596293&src=3&ver=1&signature=Egrj350GoKY8-KUcIJshb08ZB28l8M8vauSUNPQfKCrqd901-y2AkybYIrj1*eYONMIxjsBydN-A-2JqiPMd7-3OZAXjDrf2jFW*aG2-ueBEb2cGocqKRgzMTfZhNJK7DQxu8iOBH-rMsoIxeK6J1wU-o4oe16SfUzM3DHMDGr8=]]></url>
  <title><![CDATA[2018.10.8-10.12一周工作简报]]></title>
  <content><![CDATA[【不良资产包处置组】/ 日常案件处置跟进，每周拍卖和回款进度持续更新。本周共有1笔新增拍卖，其他处置进度详见公号——一周处置及拍卖进度/ 协调资产管理公司和相关上级流程单位，争取回款进度在下周能有明确进展。/ 与各方协商腾房疑难案件的解决方案，加快处置进程。/ 整理企金类案件，根据其不同特点和难点，制定具有针对性的解决方案。/ 海宁项目继续推进洽谈，寻找新的处置方案。【自有资产处置组】/ 与监督小组核对现有自有资产数据，调整思路，继续推进自有物业的处置。/ 海宁项目继续推进洽谈，寻找商谈新的处置方案。【系统开发】/ 智能监测系统部分群内测，继续校验数据，调整前端细节，下周将会正式上线。/ 债转功能上线，收集用户反馈，继续优化。截止今天（周一）早上，大家共发布了4652笔债转信息，金额总计46837.70万元，平均折让率为84.54%。其中，有30笔债转交易成功，成交金额总计29.86万元，成交的平均折让率为86.50%。另外，还有13笔交易尚在犹豫期内，总金额21.40万元。此外，昨天（14日）上午是第一批债转正式成交的时候，但是很多用户发现，自己提交的出让信息里，已挂单未成交部分的债转信息，最后也显示成“已完成”状态。这是我们在产品设计上的疏漏，昨日已经做了紧急调整。/ 债权消费功能活动版制作完成，进入产品和运营调试阶段，暂定10月18日上线。/ 债权消费功能正式版继续开发中，将根据下周活动版数据和用户反馈进行优化。【其他】/ 决策委招募已于10月12日24点截止报名，本周末，工作人员会对所有报名者的身份进行核对和验资，后续将会披露相关信息候选信息，并邀请全体债权人公投。/ 下周将组织公司内部财务管理内容的专业培训，本次培训可以向全体投资人开放，有兴趣的债权人可以报名旁听，具体报名方式将会在下周一的推文中公布。/ 债权人办公室继续开放，欢迎广大投资人发送邮件报名。具体报名方式为：发送邮件至小助手huanqianxzs@qq.com邮箱。邮件请写明预约人姓名、注册用的手机号码，投资金额。并说明希望预约的具体时段，我们会根据具体开放日期为您安排，排期后会通过电话与您确认。同时，小助手的工作邮箱也长期向全体投资人开放，大家有任何意见或建议，都欢迎以邮件方式直接告诉我们，我们会尽快妥善处理。此外，客服微信号hj062473继续向投资人开放，欢迎大家添加客服微信，进入官方讨论群，或者与客服进行一对一的交流。当然，如有您已经添加过官方微信群了，那就不需要再重复加群了。/ 最后，东融员工的业务培训还在继续进行。这周三晚上，会有一场关于资产配置的专题培训，这个场培训其实不仅适用东融员工，对所有投资人来说也是非常适合的。所以，这场培训，我们会面向所有债权人开放，大家如果想来听听我们培训的话，可以通过“阅读原文”内的报名链接报名。东融员工培训 之 资产配置课程【培训时间】：2018年10月17日（周三）18:00-20:30【培训地点】：杭州市江干区丹桂街8号汉嘉国际33楼3303会议室【课程简介】：资产配置是金融专业课程中，非常重要，实用性很强，也是非常具有专业度的课程。该课程通过对2018年政治经济形式简要分析，让学员们领悟政策，掌握趋势，对未来发展及投资理财做出基本判断和决策。同时，通过资产配置理念和方法的强化学习，熟练运用标准普尔家庭资产配置图，为每一个服务对象，做好科学的资产组合及配置，成为一名具有财务规划能力的专业理财师。【讲师简介】：顾老师 leo英国圣安德鲁斯大学 金融学硕士美国注册特许金融分析师CFA（二级）美国注册财务策划师学会（RFPI）特聘专家、高级持证人上海财经大学、立信金融学院客座金融讲师、创业导师美国友邦保险（AIA）上海特聘投资顾问申万宏源证券上海分公司常年特聘证券投资分析师【课程大纲】：1、资产配置的概念与原理2、资产配置的方法]]></content>
  <author><![CDATA[合家金融]]></author>
  <time>2018-10-15 15:00:23</time>
  <account><![CDATA[happy_hejia]]></account>
</data>
