<data>
  <id><![CDATA[50575284]]></id>
  <url><![CDATA[https://mp.weixin.qq.com/s?timestamp=1539596293&src=3&ver=1&signature=Egrj350GoKY8-KUcIJshb08ZB28l8M8vauSUNPQfKCrqd901-y2AkybYIrj1*eYONMIxjsBydN-A-2JqiPMd7zNAVJPcvUCXZZhI3KtezPKLnFA9g-qaiYFWMIbOt32BPgb7nrMRXRpGOqd0AxVWhBjwdjpBjcszwsgdtbtwnAQ=]]></url>
  <title><![CDATA[决策委英雄招募令]]></title>
  <content><![CDATA[10月2日起，东融系债权人决策委员会已经正式启动招募程序了，长按下图二维码即可进入报名通道。.........................................................................欢迎所有有识之士自荐或者他荐，为自身权益、东融前路共同出谋划策！.........................................................................邀您加入决策委，共谋东融前路..........................................................................10月2日起，东融系债权人决策委员会已经正式启动招募程序了，长按下图二维码即可进入报名通道。...................................................................................欢迎所有有识之士自荐或者他荐，为自身权益、东融前路共同出谋划策！...................................................................................邀您加入决策委，共谋东融前路....................................................................................]]></content>
  <author><![CDATA[合家金融]]></author>
  <time>2018-10-03 09:59:35</time>
  <account><![CDATA[happy_hejia]]></account>
</data>
