<data>
  <id><![CDATA[50575284]]></id>
  <url><![CDATA[https://mp.weixin.qq.com/s?timestamp=1539596293&src=3&ver=1&signature=Egrj350GoKY8-KUcIJshb08ZB28l8M8vauSUNPQfKCrqd901-y2AkybYIrj1*eYONMIxjsBydN-A-2JqiPMd7x5X2oJcOYafCxMKLKFRNcrBpE5fpsM*Irn0v0Dnn6Yq*d*8XVNRHBwJOf29HPR7NGQCJnjmrCAjn-MBAUfaG4M=]]></url>
  <title><![CDATA[本周处置和拍卖进度]]></title>
  <content><![CDATA[节前最后一个工作日，惯例向大家汇报一下我们目前的处置和拍卖进度。泰州海陵区住宅【回款进度】：已到银行【上次进度】：8.24，还有一套未拍卖，主办银行要求一起回款。【本周进度】：银行同意不等另一套抵押物拍卖，提前分配已拍卖回款。这个案子，之前卡顿了很久，因为一个案子里有两处房产要拍卖，剩余一套还没开拍，之前银行要求两套房子都拍完之后一起分配回款。现在经过多方沟通协调，银行同意将已拍卖的回款提前分配了，节后律师会继续加油跟进的。上海虹口梧州路住宅【回款进度】：已到法院【上次进度】：9.13划款函已提交，等待法院出款。【本周进度】：——这处回款本周没有具体进度，还在等待法院相关流程和手续的办理。南京玄武洪武北路住宅【回款进度】：已到法院【上次进度】：9.13划款函已提交，等待法院出款。【本周进度】：——也是本周没有明确的进度，等着节后继续跟进。南京江宁宁溧路住宅【回款进度】：已到银行【上次进度】：9.13款项已到银行，预计可回款120万元左右，扣除费用后可分配款项110万元左右。【本周进度】：款项已到合伙企业，目前正在安排打款。大家都知道，昨天已经有440万到账，所以，这是决定国庆之前是否能分配至关重要的一笔钱，今天处置组的小伙伴们已经到管理公司现场跟进了，照目前情况来看，9月的最后一天再分配一次还是很有希望的。上海闵行秀文路公寓【回款进度】：已到银行【上次进度】：8.24，款项已从M法院到H法院，律师继续加快回款。【本周进度】：银行已经在安排划款，预计节后可以到账合伙企业，约50万元左右。这处房产的回款进度之前停滞了一小阵，这几天进度突飞猛进，银行已经在安排划款了，不出意外的话，节后可以到账。常州钟楼区住宅【回款进度】：已到法院【上次进度】：9.13正在办理过户中，过户完成后划款。【本周进度】：节后去法院办理领款手续。法院划款的各项资料都准备得差不多了，律师计划节后去办理领款手续，这笔回款金额并不大。上海松江沪松公路住宅【回款进度】：已到法院【上次进度】：9.13协商银行，出具划款申请中。【本周进度】：协商法院，跟进分配划款事项。银行已经开了划款函了，提交给法院了，目前法院还有一些具体事项需要明确，律师正在跟进协调中。上海卢湾局门路住宅【回款进度】：已到法院【上次进度】：——【本周进度】：银行正在出具划款函给法院。这套拍卖的回款是新增的进度，目前已经到了法院，等待划款，希望节后继续加油。根据以上处置进度，今天，9月的最后一天，再进行一次还款的可能跟性还是很大的，只要南京江宁宁溧路住宅的回款今天可以顺利打到分配账户，不论多晚，我们的小伙伴都会发起分配还款的操作。以下，再和大家说说这周拍卖的情况。本周一共拍卖了6套房产，具体情况如下：以下两套房产一拍流拍，节后等待二拍。此外，小助手的工作邮箱长期向全体投资人开放，huanqianxzs@qq.com，大家有任何意见或建议，都欢迎以邮件方式直接告诉我们，我们都会尽力妥善处理。同时，我们的官方微信客服也会长期在线服务，大家可以添加客服微信号hj062473，进入官方讨论群，或者与客服进行一对一的交流。]]></content>
  <author><![CDATA[合家金融]]></author>
  <time>2018-09-30 10:50:41</time>
  <account><![CDATA[happy_hejia]]></account>
</data>
