<data>
  <id><![CDATA[50575284]]></id>
  <url><![CDATA[https://mp.weixin.qq.com/s?timestamp=1539596293&src=3&ver=1&signature=Egrj350GoKY8-KUcIJshb08ZB28l8M8vauSUNPQfKCrqd901-y2AkybYIrj1*eYONMIxjsBydN-A-2JqiPMd7-k4u02-HnA-C5hNwQS9a5XybqWZBUda92AqXhyNJyASqJH2OIFviXEAcv0kongtczFBYhvgN0s7QuRo0CKyXIU=]]></url>
  <title><![CDATA[第四笔还款已经分配完毕]]></title>
  <content><![CDATA[大家好，昨天下午，第四笔回款已经分配完毕。这笔回款一共5647172.82元，其中来自前期处置的回款444.717282万元，和昨天到账的南京江宁宁溧路住宅的回款120万元。之前，我们承诺过，会将所有投资金额在5000元以下的用户一次性兑付完成。前期第三方平台麦金所由于债权金额没有核实完成，这笔费用是由麦金所自己垫付的。上周，麦金所完成了他们债权金额的核实，所以这次回款里，也将麦金所之前自己垫付的费用还上了。再扣除东融2%的运营费用，最后剩余的，可分配给大家的还款总额是460.489536万元。▲ 第四笔回款明细如上这次还款，由于我们提前做好了准备，整个分配过程还是比较顺畅的。第一时间确认完数据，备份给监督小组备查的同时，我们马上发起了分配指令，使用债权登记系统下的兑付功能，整个操作时间只花了半小时。目前，个人账户内的余额，超过1000元的将会自动提现到银行卡，不到1000元的余额，也随时都可以提现。操作过程中如果出现掉单或者其他异常，还请大家及时联系合家的客服，客服一定会第一时间帮您解决的。目前开放的客服微信号是hj062473，欢迎大家添加客服微信，进入官方讨论群，或者与客服进行一对一的交流。当然，如有您已经添加过官方微信群了，那就不需要再重复加群了。此外，小助手的工作邮箱长期向全体投资人开放，huanqianxzs@qq.com，大家有任何意见或建议，都欢迎以邮件方式直接告诉我们，我们会尽快妥善处理。最后，国庆期间，我们的工作安排是这样的：.................................................................1.国庆期间，周一至周五（10.1-10.5），照常上班，周六周日（10.6-10.7），双休日休息。...................................................................2.休息期间，合家客服、客户经理，照常上班。...................................................................国庆假期，欢迎大家有空就来汉嘉国际坐坐，来给我们提提意见聊聊天。......................................................................]]></content>
  <author><![CDATA[合家金融]]></author>
  <time>2018-10-01 09:15:39</time>
  <account><![CDATA[happy_hejia]]></account>
</data>
