<data>
  <id><![CDATA[50575284]]></id>
  <url><![CDATA[https://mp.weixin.qq.com/s?timestamp=1539596293&src=3&ver=1&signature=Egrj350GoKY8-KUcIJshb08ZB28l8M8vauSUNPQfKCrqd901-y2AkybYIrj1*eYONMIxjsBydN-A-2JqiPMd7-H0iURYsb6vzd1BmgPqWiP4Ds7gTFg9*3mOPtN79j5JGYcl8rHYjcjsLxbjMxYycYUZ6cmrq16uyEUh4DoorRo=]]></url>
  <title><![CDATA[债权消费活动，下周上线]]></title>
  <content><![CDATA[大家好，今天来说说最近大家比较关心的一个话题，债权消费。暂定下周四（10月18日），债权登记系统上会发布一个债权消费的活动，之所以说是活动，意思其实就是，这还是一个测试性质的页面，虽然可以真正购买，但并不是最终的页面，后期会根据这次活动的反馈和需求，继续调整和开发正式的债权消费系统。这次的债权消费活动，暂定10月18日开始，最长为期一周，其间，如果所有商品全部售罄，将会提前结束活动。由于是测试版的活动，所以我们准备的商品也比较有限，大部分以公司之前运营活动库存的商品为主，星享卡、膳魔师和虎牌保温杯都有，以及，还少量采购了一些常用食品，大米和牛奶。因为是第一次尝试这样的模式，每个产品的单品数量都很小，大多只有几件库存，先到先得，卖完即止。关于消费模式，债权消费，顾名思义是用债权购买商品，但是根据商品的价值不同，支付模式也会略有不同。比如有些商品是可以用纯债权购买的，有些商品会需要以债权+少量现金的方式购买。需要现金支付的部分，可以直接用账户余额里的余额支付，如果余额不足的话，和债权转让一样，需要给易宝账户充值。以及，在这次测试版活动中，暂时也只有已确权的债权才能用于消费。技术人员也在探讨未确权债权消费的可能性，但是由于这次开发时间比较紧张，暂时先不能支持。关于发货和售后的问题。这次债权消费活动的产品，最迟将会在活动结束后的7天内完成发货，东融的自有商品由东融发货，采购商品由供货方代发。以及，由于债权消费涉及到债权让渡，所以目前的消费中，如果遇到产品质量或者配送问题，请第一时间联系客服，我们将为大家安排换货，但并不能提供退货服务，由此带来的不便，非常抱歉。还请大家认真考虑好之后再下单购买。以上，是这次债权消费的相关介绍，大家如果有什么疑问和建议的话，依旧欢迎大家留言告诉我们。........................................................另外，今天是决策委招募的最后一天，选举决策委的初衷，是为了明确监督和决策的不同职责，构建更加科学合理、具有约束力的管理机制，以推进处置还款工作，欢迎广大有识之士继续自荐或者他荐。........................................................“阅读原文”内为决策委的报名链接，这是我们更诚恳的共商意愿，为了更好地保护债权人权益、更好地发展新东融，而发出的诚挚邀请，欢迎加入，共谋东融前路。........................................................]]></content>
  <author><![CDATA[合家金融]]></author>
  <time>2018-10-12 09:19:32</time>
  <account><![CDATA[happy_hejia]]></account>
</data>
