<data>
  <id><![CDATA[50531963]]></id>
  <url><![CDATA[https://mp.weixin.qq.com/s?timestamp=1539596622&src=3&ver=1&signature=Egrj350GoKY8-KUcIJshb867jvhOQsgn5YN*R4KynVnwvDfXSjIKYpFCBaSmUd9iEPi5hzQBQEgXbhTlbN6yjbOHZ120mwRBFy7unt64DKvCtK7xGUccVcxO9-G9hUIQztHOPeab6T3qiehIVoZ7IYVgWuYzdAXu80VG-DaXH2Q=]]></url>
  <title><![CDATA[多次反映无结果，紫金某镇一养殖场任性排污……]]></title>
  <content><![CDATA[紫金一线看紫金突发事件！接到网友的视频及报料在紫金县敬梓镇塘美优田自然村有一处养殖猪场随意向外排放养殖污水到河道臭气熏天，严重污染环境据报料者称养殖场每个月都会将粪便和污水混合后不经任何处理，从河道排出河道里面的水浑浊泛黑水面上还漂浮着不明物体村民表示这些不是土，而是粪便！iiiiiiiiiiiiiiiiiiiiiiiiiiiiiiiiiiiiiiiiiiiii这些情况引起了村民们的广泛热议不少当地村民纷纷抱怨称污染问题已严重影响附近村民的正常生活贺农作物的生长村民表示他们曾多次反映但都没有起到效果iiiiiiiiiiiiiiiiiiiiiiiiiiiiiiiiiiiiiiiiiiiii现场视频一现场视频二iiiiiiiiiiiiiiiiiiiiiiiiiiiiiiiiiiiiiiiiiiiii现场视频二iiiiiiiiiiiiiiiiiiiiiiiiiiiiiiiiiiiiiiiiiiiii养殖即能推动经济发展也可提高生活质量固然是好事推动经济发展的同时兼顾环境保护相协调岂不是环保和经济效益双赢吗？iiiiiiiiiiiiiiiiiiiiiiiiiiiiiiiiiiiiiiiiiiiii对于养殖场的污染问题希望有关部门能介入调查并及时采取相应的整改方案提高环境质量打造无污染、绿色环保的生态养殖场切实维护好人民群众环境权益牢固树立 绿水青山就是金山银山的理念iiiiiiiiiiiiiiiiiiiiii来源:紫金快线]]></content>
  <author><![CDATA[紫金论坛]]></author>
  <time>2018-10-12 18:30:37</time>
  <account><![CDATA[bbs-gdzijin]]></account>
</data>
