<data>
  <id><![CDATA[50531963]]></id>
  <url><![CDATA[https://mp.weixin.qq.com/s?timestamp=1539596622&src=3&ver=1&signature=Egrj350GoKY8-KUcIJshb867jvhOQsgn5YN*R4KynVnwvDfXSjIKYpFCBaSmUd9iEPi5hzQBQEgXbhTlbN6yjbfEeWla1eVVygh7geEBxa5NsHxRTgMuY-yys*g868vri9TXVnZF1dFTqBUchOPv0m1AN9Q2UDZ-1t5JdfHjxdc=]]></url>
  <title><![CDATA[想戒烟，到底有多难？紫金这里可以帮你……]]></title>
  <content><![CDATA[你抽烟吗？你身边的人抽烟吗？想戒烟？到底有多难？你是不是也是这种情况↓↓↓小时候不懂事，拿起香烟开始玩结果玩上瘾了，现在又戒不掉学校里，碰到周围的人个个抽着烟，好酷好帅也试着抽烟，结果上瘾了工作中，由于工作压力大抽着烟缓解压力，结果离不开烟了如今考虑要下一代了？身体健康被威胁了？可是发现戒烟好困难是什么让你戒不了烟？是尼古丁？是没动力？是不想？是不敢？是没有方法？是没足够毅力？今天给大家介绍的就是一家神奇的戒烟中心紫金亿万家戒烟健康管理中心你不信？那是因为你没来开业时间：10月11日戒烟原理使用源自英国技术的软激光（氦氖激光），根据中医针灸理论，结合现代医学，用激光照射人体的相关穴位，打通血脉经络，加速血液循环，加快新陈代谢，激活人体自身细胞正常分泌内啡肽，使体内啡肽达到正常水平，从而阻断人体大脑对尼古丁的依赖，促使烟毒快速排出人体体外，从而帮助烟民朋友安全快速戒除烟瘾。快速 高效戒烟周期短，无痛苦一般烟民1-2次理疗见到明显效果，连续5-7次戒断烟瘾，然后巩固维持理疗3-4次，根据情况而定间隔时间。每次理疗仅需60-70分钟，每天只需理疗一次，多年的成熟技术可以高效快速的帮助烟民达到彻底戒烟的目的，无任何副作用。清肺排毒毒素是健康的大敌，沉积体内缓慢作用，是衰老、疲劳、亚健康甚至是疾病的根源，“亿万家”戒烟中心利用弱激光照射人体相关穴位，促进新陈代谢、帮助人们排出体内毒素，给吸烟者和被吸烟者打造一个清新的肺部！▼▼▼01免费体验本店为有意向戒烟的烟民提供免费体验1-2次02立减300元开业当日10月11日~10月31日到店免费预约、体验登记签约戒烟的烟民有效戒烟交费均减免300元03老带新，有奖励为便于更多烟民戒烟，营造全社会无烟、少烟的环境戒烟成功后的老客户介绍新客户到店戒烟有效戒烟后，本店承诺奖励介绍人更多优惠，更多惊喜添加微信咨询本店是惠州市、河源市区域代理商如有要加盟合作的朋友可致电沟通洽谈138 2532 2188 张子军当你抽烟的时候你知道为此付出什么样的代价吗？健康代价据有关临床调查显示，肺癌在男性肿癌死亡患者中排在第一位，这与过度吸烟有很大关系。吸烟有百害而无一利，中国53％的儿童被动吸烟，危害更大。容易患肺炎，支气管炎，吸烟可致癌，肺部疾病，心血管疾病，还会导致骨质疏松，更年期提早，对视力的危险等等等。经济代价如果一天2包10元的烟，一月600元，一年7200元，50年36万元。如果一天2包20元烟，一月1200元、一年14400元，50年72万元。这在不知不觉地烟雾缭绕中把一套房子没了，更重要的是吸烟引发疾病，更让你付出几倍几十倍的代价。家人的代价大家都知道二手烟的危险比吸烟还要大，当你吸烟时被动吸烟的可能是你最亲最爱的宝贝女儿，最疼爱儿子，最挚爱的老婆，最疼你的老爹老妈....烟哥，为了您的健康请您戒烟为了最爱的亲人请您戒烟为了咱的钱包请您戒烟把烟钱用在给老婆买护肤品上用到孩子的教育上用到给爸妈买保健品上比吸烟强烟哥，戒烟是您的责任而不是选择因为你要做一个对家庭的重担烟嫂，帮助老公戒烟是您的使命只有老公健康了，才能担起家庭的重担为了这个家，请您让老公戒烟请您立即监督老公戒烟希望大家都能来亲身体验用绿色健康的方法让广大烟民戒烟成功欢迎添加微信咨询地址：紫金县城南新达二街路口戒烟从您开始，从现在开始，让我们立即行动招聘信息本店从事理疗戒烟工作，每一位工作人员均需专业理疗师培训考核合格后方可上岗。特聘请有志于戒烟工作的人士参与学习并成为合格的戒烟理疗师，共同为戒烟工作而服务待遇从优，具体事谊，预约面谈TEL:189 4892 1636 张生138 2787 1999叶生]]></content>
  <author><![CDATA[紫金论坛]]></author>
  <time>2018-10-11 20:10:00</time>
  <account><![CDATA[bbs-gdzijin]]></account>
</data>
