<data>
  <id><![CDATA[50531963]]></id>
  <url><![CDATA[https://mp.weixin.qq.com/s?timestamp=1539596622&src=3&ver=1&signature=Egrj350GoKY8-KUcIJshb867jvhOQsgn5YN*R4KynVnwvDfXSjIKYpFCBaSmUd9iEPi5hzQBQEgXbhTlbN6yjYFcSzxWJd2YURtrV9PEaZaUveKwjeSj6mzBg4VOYZq7TTXvcedhpSd7Avn1xgBvYdNo*S5HA-AtMl8QI4EDcdY=]]></url>
  <title><![CDATA[紧急提醒！冷空气即将袭击紫金，最低温将降至……]]></title>
  <content><![CDATA[告诉我这个国庆节你过得好不好？是堵在高速上，还是堵在景区的厕所外面？又或者堵在你家的网速里？不过，小编要告诉大家一个好消息备受大家关注的大型国庆旅行纪录片《台风“康妮”去哪儿？》终于杀青大家悬着的那颗心可以放下了iiiiiiiiiiiiiiiiiiiiiiiiiiiiiiiiiiiiiiiiiiiiiiiiiiiiiiiiiiiiiiiiiiiiiiiiiiiiiiiiiiiiiiiiiiiiiiiiiiiiiiiiiiiiiiiiiiiiiiiiiiiiiiii也许是听说了国庆黄金周旅游人人人人人人人人人人人人从众的盛况本来想来看看风景的她临时改变了行程在海面上来了个急速大拐弯可以说是个很机智的旅行者了！看样子，她的PlanB行程应该是继续北上强度逐渐减弱预计逐渐趋向东部海面6日将逐渐转向东北硬生生拐了个弯的她看样子是要转去日韩度个假了▼据中央气象台，今年第25号台风“康妮”的中心今天上午8点钟位于韩国济州偏南方向约630公里的东海东南部海面上，中心附近最大风力12级（35米/秒）。预计，“康妮”将以每小时25-30公里的速度向偏北方向移动， 今天下午到晚上将在浙江舟山以东约340公里的东经125-126度附近逐渐转向北偏东方向移动，逐渐趋向朝鲜海峡到韩国南部一带沿海，并将于明天早晨到上午在上述沿海登陆或擦过。“康妮”不登陆我国对广东也没有风雨影响余下的假期是保住了但是！虽然康妮不登陆我国然而一股来自西伯利亚的冷空气前些日子攒够了经费准备在国庆末期错开高峰玩一票大的4-7日将自西向东来场全国游！降温幅度之大你绝对能感受到！这几天白天出门暖呼呼晚上出门凉飕飕下周紫金最低温仅16℃这是入秋的节奏？秋凉渐浓大家要适当添加衣物了！]]></content>
  <author><![CDATA[紫金论坛]]></author>
  <time>2018-10-07 18:45:42</time>
  <account><![CDATA[bbs-gdzijin]]></account>
</data>
