<data>
  <id><![CDATA[50531963]]></id>
  <url><![CDATA[https://mp.weixin.qq.com/s?timestamp=1539596622&src=3&ver=1&signature=Egrj350GoKY8-KUcIJshb867jvhOQsgn5YN*R4KynVnwvDfXSjIKYpFCBaSmUd9iEPi5hzQBQEgXbhTlbN6yjTZrgCZ4PMCKVYFDP1EzbmfI10EtY*HoX-*VZdRJ1fIUukmJdlPTpmQUlgAIJObX8bU-iNJoGLG8p6g1BfqLjHw=]]></url>
  <title><![CDATA[紫金人常说：一代亲，二代表，三代闲了了……]]></title>
  <content><![CDATA[紫金民间俗语是紫金地区广为流传的民间口头语言，具有浓厚的地方性色彩。它凝结着连平地区广大劳动人民丰富的智慧结晶，反映了人民群众的生活经验和思想感情，寓意深刻，富有教育性，易记易传，为广大群众所喜闻乐见。1、宗族观念一代亲，二代表，三代闲了了，四代屙尿瓢；好子不要爷天地，好女不要爷嫁衣；兄弟分家成邻舍，上昼分家下昼借；生子防绝，生子为孝，生子防穷防老。2、家居观念唵好眠床唔当自家的狗窦；亲戚拿来探，唔系拿来相处的；在家千日好，出门半朝难。3、子孙观念猪嫲 洗 厓 带猪仔；狐狸爱去，狗邦 尾；爷好 哀 思量子女长江水，子女思量爷好 哀 么个担竿长；茶香酒香，子孙满堂。4、家庭教育细时不管束，大时对他哭；还细偷针，大哩偷金；还生唔孝顺，死哩哄鬼神。5、婚姻观念嫁鸡随鸡，嫁狗随狗，嫁倒狐狸满山走；千拣万拣，拣个烂灯盏；媒人成唔成，酸酒做撇几也盅；有缘千里来相会，么缘对面难相逢。６、服饰观念旧个唔去，新个唔来；着龙袍都唔像太子；屎窟么遮头戴花，衫裤么捉剪绸纱；烂衫烂裤唔么丢，留来老哩好遮羞。７、饮食经验乱棍打死猪八戒——豆角炒猪肉；油多唔会坏菜；蒸酒磨豆腐，唔敢逞师傅；他唔食你猪肉，你酿唔食伢咸菜。８、农业习俗穷人不信富人弄，唔到清明唔下种；秧好七成禾，肥田不如肥秧；早禾难出易黄，番禾易出难黄；耕田懵懵懂，惊蛰好浸种。9、气象预测雷公先唱歌，有雨无几多；立夏小满，河满海满；盲到惊蛰先响雷，四十五日暗颓颓；朝霞夜雨，晚霞晒出脑屎。10、为人处事人带面，树带皮；讲讲笑笑是正理，讲人闲事惹是非；猪嫲过得，猪仔漏漏都过得；禾毕子，嘴哇哇，有嘴话别人，么嘴话自家。11、团结和睦黄狗偷吃，乌狗担当；好就同年，不好就一老一拳；相骂么好言，相打么好拳；有钱钱安人，么钱话安人；人情唔怕阔，冤家唔好结。12、生活态度懒人有懒命，锅头唔洗狗舔净；博一博，单车变摩托；糯米蒸酒，粘米煮粥，擂锤打凿凿打木。13、哲理俗语死田螺唔晓过坵 ；年三十的鸡子，养唔大；馊粥馊饭好食，冷言冷语难听；禾就怕寒露风，人就怕老来穷。14、动物俗语虾公学食草 ，猫公学打啼；狐狸唔知尾下臭；牛耕田马食谷，猪仔食哩尽睡目。史上最全客家通俗韵语1.细人望过年，大人望耕田;2.鸭嫲多懒生卵，子嫂多懒洗碗;3.盘就盘，碗就碗，生批(新臼)唔使家官管4.丑人多照镜，穷人多算命5.人怕人王，鬼怕阎王6.食肉唔当养肉，看戏唔当听曲，听曲唔当睡目7.有钱婚姻早，冇钱等到老8.丑人自有丑人爱，烂锅自有烂锅盖9.百货中百客，伯母中阿伯10.秤不离砣，公不离婆11.有花唔怕冇盆装，有女唔怕冇婿郎12.夫妻相仇冇过夜，踢踢脚趾又讲话13.公婆就公婆，床头相打床尾和14.唔爱嫁得早，就爱嫁得好15.嫁嫩郎，愁断肠，嫁老郎，会思量。16.男人莫当两头家，女人莫做两头蛇。17.耕田唔好误一年，娶妻唔好误一生。18.好子唔使多言章，灵神唔使多烧香。19.十朵菊花九朵黄，十个妹子九像娘。20.好人为大家，好猫管千家。21.唔怨天，唔怨地，只怨自家唔争气22.出门冇老大，各人包袱各人带23.朝里冇人莫望官，厨下冇人莫去钻24.猪撑大，狗撑坏，人撑猴精怪25.人老癫咚，树老窿空26.一人有福，牵带满屋27.一人治一人，门官治灶神28.一年算得三次命，冇病也会算出病29.一家唔够，三家来凑30.一代亲，二代表，三代闲了了31.一更穷，二更富，三更依旧着烂裤31.一夜冇睡目，十夜补唔足32.一唔积财，二唔结怨，睡也安宁，走也方便33.一回香，二回臭，三回惹人咒34.人有百岁命，全靠自家俭(保健)35.一好冇两好，两好唔到老36.一嫁二嫁，高楼大厦，三嫁四嫁，茅寮草舍，五嫁六嫁，麻风叫化37.好打一身伤，好赌一身光，好嫖一身疮38.人有面，树有皮，当面教儿，背后教妻39.亲戚如拉锯，俉唔来，涯唔去40.识字爱读书，致富爱养猪41.三个秀才讲书，三个屠夫讲猪，三个女人讲丈夫42. 三十不豪，四十不富，五十将钱寻死路43.七十三、八十四，阎王唔请自家去44.七十三、八十四，才来养生养个屁45.子女满间角，唔当老公一只脚46.肠通血净，冇疾冇病47.口带天才，边食边来48.女好唔当婿郎好，子好唔当新臼(儿媳)好49.女人唔当家，男人做哇背虾虾50.文打官司武打架，软个硬个都唔怕51.六十六，学唔足，阿公换酒，孙子换肉52.唔会烧香得罪神，唔会讲话得罪人53.火旺唔怕生鲁基，刀利唔怕死牛皮54.唔使俉屙金屙银，就爱俉手勤脚勤55.唔贪郎田地，就贪郎爽利56.天高不为高，人心比天高，井水化成酒，还嫌猪冇糟。57.丑人自有丑人缘，丑人也冇减价钱58.将军死，息息无闻;夫人死，将帅临门59.开店三年，猪狗欠钱60.牛耕田马食谷，各人自有各人福61.宁可得罪城隍土地，唔好得罪家里玉皇大帝(妻子)62.瓜子、老婆、烟，唔好带身边63.生处怕水，熟处怕鬼64.田螺唔知督上皱，狐狸唔知尾下臭65.莫骂酉时妻，一夜受孤寂66.有酒有肉接远亲，有灾有难喊近邻67.有样看样，冇样看世上68.有食正有屁，有本正有利69.有命食鸡汤，冇命见阎王70.死了张屠夫，也唔会食连毛猪71.老子偷瓜盗果，儿子杀人放火72.老山猪唔怕布壳嘟，嘟唔嘟也铆番薯73.地理先生冇屋场，算命先生半路亡74.木匠师傅冇眠床，泥水师傅冇浴堂。75.在世唔肯孝，死了学鬼叫76.老了才来学吹笛，学得会来气也绝77.老人爱食汤，后生爱时装78.食唔穷着唔穷，冇划冇算一世穷79.食得早饭饱，一日饱;嫁得老公好，一世好80.食斋会变仙，牛马上西天81.早眠早睡，生子传代82.好心冇好报，好柴烧烂灶83.别人赖哩(儿子)嫌又嫌，自家赖哩尿也甜84.爷哀养俉十七八，丈夫养俉白头发85.会交朋友，结交铁匠木匠;唔会交朋友，结交道士和尚86.冇用花猫钻灶孔，冇用男人提鸟笼87.两耳招风，恶过雷公88.脸上冇肉，命中冇福89.求雨求个暴风雨;求子求个败家子90.忍耐忍耐，人情还在;唔忍唔耐，小事变大91.村中有个好嫂嫂，满村姑娘起得早92.孝顺父母自有福;养猪养羊自有肉93.男大当婚，女大当嫁;不婚不嫁，闹出笑话94.若要真，问细人95.若要小儿安，三分饥和寒96.得人钱财，替人消灾97.掌牛有嬲，掌马有骑，掌羊跌烂膝头皮，掌鸡掌鸭贡狐狸98.亲姊亲妹亲如水;认姊认妹认把嘴99.着袜唔知脚下暖;脱袜正知脚下寒100.十搞九伤，唔搞坐赢庄101.七子十三孙，唔当床头两百文(银)102.人会算，天会断;听打算，冇穷汉103.人贱如青草，风吹两边倒104.人心高过天，做了皇帝想成仙105.木匠家里冇凳坐，和尚庙里鬼唱歌。106.头泡水二泡茶，三泡四泡正精华107.生疮唔知化脓，打屁唔知脸红108.外甥系狗，食哩就走。109.生处好寻钱，熟处好过年110.宁愿过错，唔愿错过111.有钱施功德，冇钱捡开簕112.有钱冇钱，回家过年113.有钱亲哥哥，冇钱臭鬼骚114.有钱妻贤子肖，冇钱蛇声鬼叫115.撩蜂莫动;撩狗莫走116.男人三十一枝花;女人三十豆腐渣117.嫁鸡腾鸡，嫁狗腾狗，嫁倒狐狸满山走118.养子莫养两，轮食冇菜挷;养子莫养三，过年受孤单119.病人怕肚胀，贼古怕照相120.油盐柴米酱醋茶，冇钱唔会到涯家。121.讲就讲，笑就笑，动手动脚冇家教。122.跟好人，学好人;跟叫化，睡凉亭123.请客莫请女客，请五十来一百。124.靠哥靠嫂，篱穿壁倒;靠姊靠妹，唔当靠自家手盘手背。125.晓得死日来，自家进棺材。126.脸小怨人屁股大，脸丑唔得镜子坏。127.转外家，害自家，锅盖生尘菜打花。128.懒人自有懒人福，迟来食碗猪肉粥。129.懒人有懒命，锅头狗舔净130.读书读得少，袁字写成表;读书读得多，料字写成科。好东西不要一人独享，转发给你的朋友看看！]]></content>
  <author><![CDATA[紫金论坛]]></author>
  <time>2018-10-05 18:54:02</time>
  <account><![CDATA[bbs-gdzijin]]></account>
</data>
