<data>
  <id><![CDATA[50531963]]></id>
  <url><![CDATA[https://mp.weixin.qq.com/s?timestamp=1539596622&src=3&ver=1&signature=Egrj350GoKY8-KUcIJshb867jvhOQsgn5YN*R4KynVnwvDfXSjIKYpFCBaSmUd9iEPi5hzQBQEgXbhTlbN6yjTZrgCZ4PMCKVYFDP1EzbmcfWuihlXpyXawGvr59Om2StsAgVoFsRAcYZnnqIwdan65zeiCJzSXrYvJWMKrXPIM=]]></url>
  <title><![CDATA[视频：河源一男子发酒疯，拦车拦人，结果...]]></title>
  <content><![CDATA[[点击上图进入]今天下午5点半左右，|在河源市长安街妇幼保健院门口，一男子因喝醉了酒洋相百出，在马路中央拦过往车辆，吓的过往车主骂声一片，却又无可奈何。现场视频↓||||||||||||||||||||||||||||||||||||||||||||||||||||||||||||||||||||||||||||||||||||||||||||||||||||||||||||||||||||||||||||||||||||||||||||||||||||||||||||||||||||||||||||||||||||||||||||||||||||||||||||||||||||||||||||||||||||||||||||||||||||||||||||||||||||||||||从视频中可见，醉酒男子在马路上来来回回的跑来跑去，手还不断挥舞着，疑似挑衅。过往车主连忙刹车，气的直骂。||||||||||||||||||||||||||||||||||||||||||||||||||||||||||||||||||||||||||||||||||||||||||||||||||||||||||||||||||||||||||||||||||||||||||||||||||||||||||||||||||||||||||兴源派出所接警后，第一时间出警现场将其控制带回派出所，并联系醉酒男子的朋友，待其酒醒之后把他接回去。||||||||||||||||||||||||||||||||||||||||||||||||||||事情发生突然，民警迅速出警处理，才没造成过往行人受伤与车辆受损。国庆节开心就好，也不要太醉嘛！为警察叔叔迅速处理点赞！]]></content>
  <author><![CDATA[紫金论坛]]></author>
  <time>2018-10-05 18:54:02</time>
  <account><![CDATA[bbs-gdzijin]]></account>
</data>
