<data>
  <id><![CDATA[50531963]]></id>
  <url><![CDATA[https://mp.weixin.qq.com/s?timestamp=1539596622&src=3&ver=1&signature=Egrj350GoKY8-KUcIJshb867jvhOQsgn5YN*R4KynVnwvDfXSjIKYpFCBaSmUd9iEPi5hzQBQEgXbhTlbN6yjaBRjs7mSWHHj86Bf9eCSB1d*Rv5zQnNWjP2b8r-t5uANeF-6L1R7h3wh3tCQFsPMHCI7MMDKuRgIboqAkBw0zE=]]></url>
  <title><![CDATA[紫金南岭镇某村现“恶霸”强制违建，无视相关部门的通知......]]></title>
  <content><![CDATA[[点击上图进入]违法建设一直是我县重点根治的问题之一建设违法建设存在的诸多隐患已经不胜枚举iiiiiiiiiiiiiiiiiiiiiiiiiiiiiiiiiiiiiiiiiiiiiiiiiiiiiiiiiiiiiiiiiiiiiiiiiiiiiiiiiiiiiiiiiiiiiiiiiiiiiiiiiiiiiiiiiiiiiiii这不紫金县南岭镇高新村一建筑工地在大规模违建据村民透露该用地为新华村生产队用地在村民毫不知情的情况下被围蔽建造房屋目前村民们已经向相关部门提出起诉紫金县国土资源局已经发放责令停工通知书但业主不但不配合还一意孤行继续施工甚至晚上都在施工从网友提供的视频来看施工现场仍有部分工人在作业网友称得知被叫停后仍继续施工村民也曾出面制止过但他们不肯听取甚至还威胁村民村民们也无可奈何只能希望相关部门能加强对违法建设的执法力度国土局下发的责令停工通知书iiiiiiiiiiiiiiiiiiiiiiiiiiiiiiiiiiiiiiiiiiiiiiiiiiiiiiiiiiiiiiiiiiiiiiiiiiiiiiiiiiiiiiiiiiiiiiiiiiiiiiiiiiiiiiiiiiiiiiii法院受理通知书iiiiiiiiiiiiiiiiiiiiiiiiiiiiiiiiiiiiiiiiiiiiiiiiiiiiiiiiiiii是什么能让这些违法建设者如此大胆无视停工通知书希望此事能够得到相关部门的重视同时希望严惩这些违法建筑者严惩的目的，一是对百姓有个交代二是让其它违法建筑者们引以为戒不要再让类似的情况再度发生来源：紫金快线]]></content>
  <author><![CDATA[紫金论坛]]></author>
  <time>2018-10-10 18:07:57</time>
  <account><![CDATA[bbs-gdzijin]]></account>
</data>
