<data>
  <id><![CDATA[50531963]]></id>
  <url><![CDATA[https://mp.weixin.qq.com/s?timestamp=1539596622&src=3&ver=1&signature=Egrj350GoKY8-KUcIJshb867jvhOQsgn5YN*R4KynVnwvDfXSjIKYpFCBaSmUd9iEPi5hzQBQEgXbhTlbN6yjTZrgCZ4PMCKVYFDP1EzbmeDNlx6p*uweamqyzSaJqjlHSjPN6VRC1Y9oN906pT09dKc*h8WjvFG8z78JgTDZ2w=]]></url>
  <title><![CDATA[12岁男孩走失到紫金，民警连夜驱车80公里赶到……]]></title>
  <content><![CDATA[日前，惠城区公安分局矮陂派出所接到一名12岁男孩走失的警情。经过民警反复地查找，并发动群众提供线索，当晚民警就找到走失男孩并不顾疲惫连夜驱车80公里将其护送回家，获得群众点赞。iiiiiiiiiiiiiiiiiiiiiiiiiiiiiiiiiiiiiiiiiiiiiiiiiiiiii2018年10月2日早上，惠城区公安分局矮陂派出所接群众陈某群报警称：其12岁患有精神障碍的儿子练某辉于10月01日早上走失。接报后，矮陂派出所立即组织警力调看路线监控，得知练某辉于10月1日9时30分从大岚坐“888”路到惠州河南岸汽车站下了车，综合之前掌握的情况，值班民警迅速对接了公共汽车总公司并发动群众积极提供线索。iiiiiiiiiiiiiiiiiiiiiiiiiiiiiiiiiiiiiiiiiiiiiiiiiiiiiiiiiiiiiiii当晚23时许，矮陂派出所接群众报告，称在紫金县城发现一个小孩与练某辉很相似，通过与举报人微信视频，确认此小孩就是10月1日走失的精神障碍患者练某辉，该所值班民警谢东升立即带领协警刘惠锋、卢小鹏等人及练某辉家属一起连夜驱车80公里赶到紫金县城将练某辉安全接回。iiiiiiiiiiiiiiiiiiiiiiiiiiiiiiiiiiiiiiiiiiiiiiiiiiiiiiiiiiiiiiiiiiiiiiiiiiiiiiiiiiiii来源：惠城公安iiiiiiiiiiiiiiiiiiiiiiiiiiiiiiiiiiiiiiiiiiiiiiiiiiiiiiiii]]></content>
  <author><![CDATA[紫金论坛]]></author>
  <time>2018-10-05 18:54:02</time>
  <account><![CDATA[bbs-gdzijin]]></account>
</data>
