<data>
  <id><![CDATA[50531963]]></id>
  <url><![CDATA[https://mp.weixin.qq.com/s?timestamp=1539596622&src=3&ver=1&signature=Egrj350GoKY8-KUcIJshb867jvhOQsgn5YN*R4KynVnwvDfXSjIKYpFCBaSmUd9iEPi5hzQBQEgXbhTlbN6yjflvIIsM2ohx-VvlYJ0rCF09wCTEB*yRDtL4mr4MMYLzpSjO9k41KHrjbVuw29SuOnckElpQH4aZHl0DS3KlyVY=]]></url>
  <title><![CDATA[农村又将现一大批拆迁暴发户，拆迁补偿政策来了！]]></title>
  <content><![CDATA[[点击上图进入]点击视频查看：来源：网络]]></content>
  <author><![CDATA[紫金论坛]]></author>
  <time>2018-10-13 10:58:05</time>
  <account><![CDATA[bbs-gdzijin]]></account>
</data>
