<data>
  <id><![CDATA[50531963]]></id>
  <url><![CDATA[https://mp.weixin.qq.com/s?timestamp=1539596622&src=3&ver=1&signature=Egrj350GoKY8-KUcIJshb867jvhOQsgn5YN*R4KynVnwvDfXSjIKYpFCBaSmUd9iEPi5hzQBQEgXbhTlbN6yjTZrgCZ4PMCKVYFDP1EzbmdlRcyGarYezteIIxFYDluTqyuV3uRMTAnWRb6PNRYPzcLgJtzNEqtpilUJQ*N*4cE=]]></url>
  <title><![CDATA[占地面积3.2万平方米的紫金县第二人民医院，主体提前封顶！]]></title>
  <content><![CDATA[[点击上图进入]@紫金人，这里有个好消息！紫金县第二人民医院新院项目建设主体工程提前封顶啦！!!!!!!!!!!!!!!!!!!!!!!!!!!!!!!!!!!!!!!!!!!!!!!!!!!!!!!!!!!!!!!!!!!!!!!!!!!!!!!!—提前了3个月—9月30日上午，紫金县第二人民医院新院项目建设主体工程提前封顶，按省委、省政府要求提前3个月。!!!!!!!!!!!!!!!!!!!!!!!!!!!!!!!!!!!!!!!!!!!!!!!!!!!!!!!!!!!!!!!!!!!!—民心工程—紫金县第二人民医院项目建设，是省委、省政府加快医疗卫生事业发展的重大决策，是惠及全县人民的民心工程。该项目建设对改善紫金山区医疗卫生条件、更好地满足人民群众看病就医的需求及促进我县医疗卫生事业有着极其重要的现实意义。—确保2020年5月投入运营—!!!!!!!!!!!!!!!!!!!!!!!!!!!!!!!!!!!!!!!!!!!!!!!!!!!!!!!!!!!!!!!!!!!!!!!!!!!!!!!提前封顶是各级领导重视和紫金县第二人民医院建设办人员及工程队共同努力的结果。县卫计局有关领导、第二人民医院建设办相关负责人参加了封顶活动。据介绍，按照广东省卫生强省工作部署，蓝塘中心卫生院升级为紫金县第二人民医院，己于2017年9月27日在蓝塘镇砂塘村正式开工建设，计划于2020年5月投入使用，建成后占地面积的3.2万平方米，建筑面积的2.3万平方米，设置病床200张，将是紫金县集医疗、救护、保健、康复、教学为一体的综合性二级医院。辖区人口约8万，服务区域内约20万人。]]></content>
  <author><![CDATA[紫金论坛]]></author>
  <time>2018-10-05 18:54:02</time>
  <account><![CDATA[bbs-gdzijin]]></account>
</data>
