<data>
  <id><![CDATA[50531963]]></id>
  <url><![CDATA[https://mp.weixin.qq.com/s?timestamp=1539596622&src=3&ver=1&signature=Egrj350GoKY8-KUcIJshb867jvhOQsgn5YN*R4KynVnwvDfXSjIKYpFCBaSmUd9iEPi5hzQBQEgXbhTlbN6yjXQAJOeFAsEwGjkuGMRHStiJiJru81grseBNAUAQDlk7*YFypgHEALHRW7vLCRds4fdv6SI8AWc6AFxpfZRf98A=]]></url>
  <title><![CDATA[紫金人出嫁时为什么要撑红伞？]]></title>
  <content><![CDATA[客家新娘出嫁时，将父母置办的衣被用物等嫁妆，同新娘一起送到新郎家作陪嫁。在陪嫁的嫁妆中必定会有把红伞，这是什么缘由呢?撑红伞的由来客家人是从中原地区因避战乱或天灾而往闽粤赣等地区迁徙的一支特殊族群。既是客居他地，就得时常准备迁移，所以要有伞来遮风挡雨。因此，客家有女出嫁，必得要有伞，以示不忘祖先，身处客地，得经风雨。伞作为陪嫁品还是吉祥如意的象征，把伞张开是满满的一个圆，寓意有情人终成眷属，婚姻圆满，夫妻团圆、家庭和睦。繁体“傘”字，有五个人，一个大人下面四个小人，即是寄予“多子多孙，人丁兴旺”之意。有趣的是，客家的媒婆，来往于男家女家，尽力说合桩桩亲事，所带的必不可少的“道具”也是伞。客家山歌中便有这样唱词“看着莳田又割禾，不见媒人撑伞过……”在客家女出嫁的那天，媒婆一定得带着伞来迎亲；娘家陪嫁给出嫁女儿的伞，也是要由媒婆来拿的。明清以前，洋伞未从国外引进，陪嫁用的是油纸伞。传说，陪嫁用桐油涂刷的油纸伞可以驱邪逐疫。这种伞随时代的发展已成古物，如今难觅踪迹了。现在的伞则已是布伞，式样繁多，但不管是什么样的伞，都要在伞上贴上红喜字，以示喜事盈门，大吉大利。撑红伞寓意一、红伞代替红盖头在过去，都是媒婆背着新娘，这是为了不让新娘的煞气“惊天触地”，因此以红巾遮头，脚亦不能犯地。现代社会，会在地上铺红毯或米袋给新娘子踏着，而大红绸缎盖头则被红伞取代。二、不与天争大古时候的婚礼，新娘应由福高德劭女性长辈，红伞护其走至花轿（礼车），因为新娘子在结婚当天的地位很大，但不得与天争大。三、开枝散叶新娘出嫁的时候撑红伞是因为红色雨伞通常有早生贵子、儿孙满堂、开枝散叶的意思。四、遮风避雨在很多地方的婚礼习俗，通常是在新娘踏出门的第一步开始，就让伴娘打开红伞，然后一直护送着新娘上车，其寓意为新娘遮风挡雨，避免受邪气的困扰。撑红伞的宜忌1、伞的颜色大红最好大红色充满着正义、热情等多项正面情感，有正气的地方，邪魔歪道就不能入侵。2、不能在屋子里面开伞屋内开伞会伤害到婚礼的祥和之气，一般都是在门口进行出门仪式的时候才开伞。3、不能用旧伞不能用旧伞，也不可以租用或者借用，必须是新买的伞，还没被人用过，因为这是一生中最宝贵的时候，谁都不喜欢用别人二手的运气。4、伞不可送新人伞的谐音是散，送伞有分散、分手的意思，所以千万记得不能送伞给新人哦。伞下的传承，伞下的寓意，更多的是伞下的甜蜜。如今的客家人依然延续用伞陪嫁的传统习俗，让每对新人都对生活和未来有着无限的展望和憧憬。祝福红伞下的新人：并肩携手，白头到老！来源：梅州论坛]]></content>
  <author><![CDATA[紫金论坛]]></author>
  <time>2018-10-06 18:53:14</time>
  <account><![CDATA[bbs-gdzijin]]></account>
</data>
