<data>
  <id><![CDATA[50531963]]></id>
  <url><![CDATA[https://mp.weixin.qq.com/s?timestamp=1539596622&src=3&ver=1&signature=Egrj350GoKY8-KUcIJshb867jvhOQsgn5YN*R4KynVnwvDfXSjIKYpFCBaSmUd9iEPi5hzQBQEgXbhTlbN6yjYFcSzxWJd2YURtrV9PEaZbXJ9G1wlea11bs2VvCgOVTJvirl3NGJ9y8SiJjD3xEsyXL-DGJhAsAaQSoVOF-qUw=]]></url>
  <title><![CDATA[紫金人速看，一家人假期出游，一个错误付出惨痛代价！]]></title>
  <content><![CDATA[[点击上图进入]正值国庆黄金周高速上车来车往也是事故高发期昨天微博上热传这样一段视频看着就令人害怕iiiiiiiiiiiiiiiiiiiiiiiiiiiiiiiiiiiiiiiiiiiiiiiiiiii视频来源：@新浪视频iiiiiiiiiiiiiiiiiiiiiiiiiiiiiiiiiiiiiiiiiiiiiiiiiiii视频显示高速路上两辆车在行车道发生追尾虽无人受伤但两家人的举动却使人大跌眼镜前车一家人在高速路上就这么下了车站在路中间查看情况5个大人带着1个孩子齐齐站在了两辆车中间iiiiiiiiiiiiiiiiiiiiiiiiiiiiiiiiiiiiiiiiiiiiiiiiiiii结果后方的一辆轿车躲避不及冲入现场造成二次事故据新京报报道，事故发生于10月2日湖南衡阳许广高速衡阳西出口附近，在二次事故中，5人被冲撞受伤，1人被挤压在两车中间，伤者中有1名女童。iiiiiiiiiiiiiiiiiiiiiiiiiiiiiiiiiiiiiiiiiiiiiiiiiiii湖南交警高速12122客服人员介绍道，接到报警称三辆小车追尾，有人受伤，需要拖车。随后衡南高速交警到现场处置，伤者被紧急送往医院。iiiiiiiiiiiiiiiiiiiiiiiiiiiiiiiiiiiiiiiiiiiiiiiiiiiiiiiiiiiiiiiiiiiiiiiiiiiiiiiiiiiiiiiiiiiiiiiiiiiiiiii原本是一个追尾，受伤的只有车，最后却因为一车人的错误做法，发展成多人受伤。网友们对此也是气愤不已：长假返程高峰已到提醒大家高速公路发生事故司乘人员应开启双闪将车尽快驶入应急车道避开主路路段放置三角牌提醒后车人员进入隔离带保留现场照片证据报警后交由高速交警处理来源：南方都市报]]></content>
  <author><![CDATA[紫金论坛]]></author>
  <time>2018-10-07 18:45:42</time>
  <account><![CDATA[bbs-gdzijin]]></account>
</data>
