<data>
  <id><![CDATA[50531963]]></id>
  <url><![CDATA[https://mp.weixin.qq.com/s?timestamp=1539596622&src=3&ver=1&signature=Egrj350GoKY8-KUcIJshb867jvhOQsgn5YN*R4KynVnwvDfXSjIKYpFCBaSmUd9iEPi5hzQBQEgXbhTlbN6yjXQAJOeFAsEwGjkuGMRHStg1bRPdiqhfRt21uJIqOa*87QYjGfjq4SzwfSYlDFmO091hcll6MyWds96WM0WBQYI=]]></url>
  <title><![CDATA[紫金人注意！选农村干部选举重大调整，这些人不列入范围……]]></title>
  <content><![CDATA[点击观看视频：村干部选举新规定1、连续担任村干部三年以上，近三年中获得并保持至少一项县级以上表彰荣誉（县级部门及以上表彰的）。2、思想政治素质好。自觉贯彻党的路线、方针、政策，坚决执行上级党委政府的决策。自觉维护村班子团结和所在村的和谐稳定。3、政策规章执行好。模范遵守国家土地、环保、计划生育等国策。在违章建筑管理等规章制度的执行上坚定有力。4、爱岗敬业工作好。对中心工作执行有力，服从大局。对分管工作尽心尽职，在近三年中所分管条线工作实绩在全镇（街道）位居前三分之一位次。在各项中心工作任务中主动有为，在急难险重任务中能充分发挥表率作用。5、带领致富本领强。带头创业，并积极带领群众共同致富。积极为所在村集体经济发展出谋划策，并支持配合做好相关工作。6、服务群众能力强。作风正派，办事公道，廉洁自律。密切联系群众，善于做群众工作，尽心尽力为群众办实事办好事，个人的群众满意度在90%以上。今年，国家对农村选举工作做出调整，有些人会被取消竞选资格，而另外一些人将会被提拔重用。获得重用提拔的3类人2018年，农村村干部选举，国家将重点提拔重用3类人：1、毕业大学生；2、有威望、为民办实事的人；3、政绩卓著、亲民爱民的上任村干部。以上三类人群都有机会被提拔重用，这几类人若能当选，这不仅对农民来说是一件幸事，对农村发展来说更是一件大喜事！被取消竞选资格的5类人今年，村干部换届选举也规定，一些人将会被取消竞选资格，分别是：1、违规违纪的前任村干部；2、村痞村霸；3、坐过牢，蹲过监狱的人；4、国家条文规定不得参选的人员；5、有不良恶习（赌博吸毒）的人。以上5类人群如果当选了村干部，对农民和农村来说都是一种伤害，而且这些人当选，可能非但不能给农民谋福利，还有可能会剥夺损害更多人的利益，因此取消这些人的竞选资格非常符合农民的心意。村干部什么时间选举？村委换届选举时间由每个省的民政厅决定。三年一换届。每个省的时间都不一样。这11类人不准参与选举村干部1、参与不被认可的组织群体的农村人员；2、担任村干部期间，有过处分的；3、有过服刑记录的村民不得参选。非法组织包括传销，各种打着宗教名义行骗的组织，以非法攫取钱财为目的社会组织等14、能力平庸低下，无法大龄村民发展进步的农村人员；5、依靠关系等不正常手段上位的农村人员，同时一经发现彻底严查；6、具有不良嗜好，不良负面影响的农村人员，比如赌博，嫖娼，吸毒等情况；7、由于违纪行为，正在接受处分的农村人员；8、经过人民举报涉嫌违规犯法的农村人员；9、遵守法纪良好公民，才有当选村干部的资格；10、这类人对与每个村民来说都深恶痛绝，他们被村民们称为“村霸”。在有些地方，这类人通过威逼等手段，强迫村民投票，企图在村里混个一官半职。今后，一旦有村民举报这种村霸，经过核实后，将永久取消其参选资格。而这类人小编不说想必大家也明白，他们为的只是权，哪有可能真心为农民服务！11、村痞恶霸，欺凌村民，平时在农村道德素质地下的农村人员；村干部违规整治来硬的了，四类人将会被革职或严惩第一，扶贫金钱发放不到位。村干部是扶贫补助的最终经手者。本次将全面清查乡村扶贫补助的发放、扶贫物资的派送、贫困户的评选、低保户的确定。一旦有转嫁利益、并吞补助、违规鉴定等的行为，将予以革职，情节严重者追究其法律责任。第二，涉农收费施行不到位。村干部是涉农收费的最终收取者。本次将全面清查乡村义务教育、用水用电、建造房子、计划生育、农机效劳、殡葬效劳等，推行涉农收费和价格的“公示准则”。一旦有坐地起价、胡乱收费等的行为，将予以革职，情节严重者追究其法律责任。第三，基础设施建造不到位。村干部是基础设施建造的最终监督者。本次将全面清查乡村基础设施建造、扶贫工程建造等。一旦有克扣建造资金、收取优点费等的行为，将予以革职，情节严重者追究其法律责任。第四，惠农方针宣扬不到位。村干部是惠农方针的最终落实者。本次将全面清查乡村惠农方针的宣扬状况，农人对惠农方针的了解状况等。一旦有误解国家方针、歪曲方针原意等的行为，将予以革职，情节严重者追究其法律责任。来源：网络,河源正能量]]></content>
  <author><![CDATA[紫金论坛]]></author>
  <time>2018-10-06 18:53:14</time>
  <account><![CDATA[bbs-gdzijin]]></account>
</data>
