<data>
  <id><![CDATA[50531963]]></id>
  <url><![CDATA[https://mp.weixin.qq.com/s?timestamp=1539596622&src=3&ver=1&signature=Egrj350GoKY8-KUcIJshb867jvhOQsgn5YN*R4KynVnwvDfXSjIKYpFCBaSmUd9iEPi5hzQBQEgXbhTlbN6yjYFcSzxWJd2YURtrV9PEaZb36zla3C*qpp4Bla6ypM-0UwiIY955xM4DjdQkPYXYgazpjmd423QlFVMpzkW6MXM=]]></url>
  <title><![CDATA[生活不易，献给所有外出拼搏的紫金人！]]></title>
  <content><![CDATA[假如你家人是外出打工的，回家后请不要跟他吵架，请不要怪他，他在上班时脑神经紧绷了很久！假如你亲戚是外出打工的，打他电话没有接的时候，请不要怪他，稍一走神就有可能出事！假如你朋友是外出打工的，他烦了的时候请不要与他计较，请不要怪他，为了工作顺利他必须冷静！假如你老公是外出打工的，上街的时候他不牵你的手，请不要怪他，他不想让粗糙的手让你感觉像铁锹！假如你妻子是外出打工的，你生病，她不在身边照顾你，请不要怪她，只要她有时间一定会在你身边！假如你父母是外出打工的，不能接送你上下学的时候请不要怪他们，因为每一次的离别，他们都含着思念的泪！假如你儿女是外出打工的，很久没能陪你度过的时候，请不要怪他，因为他们可能正在加班工作！假如爱你的人是外出打工的，他没日没夜加班的时候，请不要怪他，其实他最想的人就是你！假如你爱的人是外出打工的，他跟你打电话时间长了，他说“就这样吧，你挂了吧”他并不是怕你烦，可能领导又让他加班了,可能他是真的累了！假如他/她是外出打工的，你一个人在看电视，觉得生活真无聊的时候,请不要怪他，可能他正在上百米高空辛苦工作！假如他/她是外出打工的，请你试着学着去理解体谅，毕竟他也经常被不理解。而你是他最大的精神支柱！假如他/她是外出打工的，请不要嫌弃他粗糙的双手，请真心的呵护，其实他的身体也不是很好，工作压力和辛苦会使青春更快的溜走！假如他/她是外出打工的，请你学着去珍惜，学着去呵护，学着为他心疼，因为他抱着砖就没法抱着你，而他放下砖就没法养你！献给所有紫金外出拼搏的老乡！你们辛苦了！来源：网络]]></content>
  <author><![CDATA[紫金论坛]]></author>
  <time>2018-10-07 18:45:42</time>
  <account><![CDATA[bbs-gdzijin]]></account>
</data>
