<data>
  <id><![CDATA[50531963]]></id>
  <url><![CDATA[https://mp.weixin.qq.com/s?timestamp=1539596622&src=3&ver=1&signature=Egrj350GoKY8-KUcIJshb867jvhOQsgn5YN*R4KynVnwvDfXSjIKYpFCBaSmUd9iEPi5hzQBQEgXbhTlbN6yjaBRjs7mSWHHj86Bf9eCSB0zMloJrxbGP3DicmS7nttMNwhCi4LtbmvispdQgbhTutT4zHHRdunTPcsOmvDsKuM=]]></url>
  <title><![CDATA[房产专栏|紫金房产租售信息，想买、想卖、想租这里都有]]></title>
  <content><![CDATA[紫金一线看紫金突发事件！1二层半复式楼房出售有房屋出售，二层半复式楼房，位于紫城镇安良大道南1路3巷（宝城商业广场后面），一楼基础面积150平方，总建筑面积370平方，半框架结构，房产证照齐全，预售价格180万，有意者请联系蓝生 135 0232 1685。2旺铺出售【出售】带租约出售，租抵供。紫金城南圆盘旺铺商场，位于紫金永安大道城南圆盘华盛大厦1，2，3楼，总面积1750平方米，有意者联系钟先生 134 2444 79913房屋整栋招租紫金县城南福兴一路38号楼房出租，十层半，一部电梯，二个楼梯，三千多平方米，28米街道，交通便利，后面有停车场，附近有学校、福源广场、龙祥居、晋安居、福润楼、恒福花园等，可做办公，金融机构，教育培训机构，舞蹈艺术培训，健身中心，西餐厅等，可以分层出租，欢迎前来洽谈，联系电话：189 2283 9232 或者 136 0303 8096许生4私家洋房出售稀有户型放盘紫金县松涛居沁园B8栋，私家洋房独立型（全新毛坯）271.56平米，南北通透，光线一流，小区环境优雅，仅售135w可面议，所有证件齐全。联系人：刘生138253264445房屋出售中兴街59号新建一栋三层半商住楼，土地面积111平方，建筑面积360平方。欲出售，有意者联系13536787268罗生联系。6房屋出售出售紫金县新园一街2号整栋楼，占地120平方 建筑三层半后面三米巷子前面六米巷，距离紫金县城汽车站200米。一楼厨房客厅车库，二楼三房一厅两卫一阳台，三楼三房一厅两卫，四楼两房一卫 露天阳台，可直接入住~~~有意者联系刘先生 180 2799 97397地皮转让位于紫金县紫城镇林田村新医院启智学校东面（周屋岗），离紫金县保障性住房小区、启智学校约50米，与启智学校同排，共210平方米，深14米，门面15米。路面8米，坐北向南，证件齐全，交通便利，价格面议。有意者请联系：温先生138 2532 21098店面出租位于紫城镇广场四路（原奇香饭店）一二楼店面出租，一楼约70平方米，二楼95平方米，可独立出租。联系人:邓生 159 8601 6831以上是本周房产租售的部分信息，如需发布招聘、房产等信息，请联系论坛小编：183-1622-6222（微信同号），欢迎来电咨询……]]></content>
  <author><![CDATA[紫金论坛]]></author>
  <time>2018-10-10 18:07:57</time>
  <account><![CDATA[bbs-gdzijin]]></account>
</data>
