<data>
  <id><![CDATA[50531963]]></id>
  <url><![CDATA[https://mp.weixin.qq.com/s?timestamp=1539596622&src=3&ver=1&signature=Egrj350GoKY8-KUcIJshb867jvhOQsgn5YN*R4KynVnwvDfXSjIKYpFCBaSmUd9iEPi5hzQBQEgXbhTlbN6yjRJ8PTj5qGuEyfDZkbpSzlazASfJR-oMtBrkgcc4ta2-3ZaBngb*81HwLNETFbw9a9GyYe2nOKHex2FJnLFB2co=]]></url>
  <title><![CDATA[紫金有人想非法采矿赚大钱？还没开始就被捣毁了……]]></title>
  <content><![CDATA[10月1日，紫金县国土局工作人员舍弃国庆节休息日对非法采矿易发区域进行巡查，将紫城镇黄花村一处非法开采稀土点捣毁在萌芽状态。iiiiiiiiiiiiiiiiiiiiiiiiiiiiiiiiiiiiiiiiiiiiiiiiiiiiiiiiiiiiiiiiiiiiiiiiiiiiiiiiiiiiiiiiiiiiiiiiiiiiiiiiiiiiiiiiii该点原为水厂建设时搬出堆积的泥土，后有不法分子进行偷采稀土，经打击已废弃多年。现场发现蓄水池三个，铺设水管3条35米，以及其他相应的工具一批，未发现非法开采人员。巡查人员当即向当地镇政府和县局报告，共出动8部执法车辆、32人全面捣毁了该非法开采稀土点。据悉，针对违法占地建房、非法采矿等行为时常利用节假日或夜间进行抢建和开采的现象，我局专题部署研究，要求所有执法人员在节假日期间要全面加强监管，对违法占地、非法采矿行为按照“从严、从快、从重”的原则，发现一宗、处理一宗、取缔一宗，绝不姑息。iiiiiiiiiiiiiiiiiiiiiiiiiiiiiiiiiiiiiiiiiiiiiiiiiiiiiiiii黄塘国土所、派出所与当地镇委领导联合到下塘村进行共同监管巡查，发现某村民清理石头，当即发出违法停工通知书。（国土局工作人员到龙湖村制止某村民违法建房）同时，我局与县供电部门将于近期就如何整治违法占地、非法采矿供电问题进行联合行动。来源：紫金县国土局]]></content>
  <author><![CDATA[紫金论坛]]></author>
  <time>2018-10-09 18:13:46</time>
  <account><![CDATA[bbs-gdzijin]]></account>
</data>
