<data>
  <id><![CDATA[50531963]]></id>
  <url><![CDATA[https://mp.weixin.qq.com/s?timestamp=1539596622&src=3&ver=1&signature=Egrj350GoKY8-KUcIJshb867jvhOQsgn5YN*R4KynVnwvDfXSjIKYpFCBaSmUd9iEPi5hzQBQEgXbhTlbN6yjbOHZ120mwRBFy7unt64DKsikenUa4R7zc8HZ9aTRl33m*5e*fm*BlJKWcNF9kPhElrn2kc7ROg-uN7SvnAmkds=]]></url>
  <title><![CDATA[扫黑除恶利剑，河源“分尸案”告破，发现尸体时已高度腐烂！]]></title>
  <content><![CDATA[▼昨日，源城警方宣告破获2016年“11·29”杀人分尸案。这是继9月18日侦破2003年“市区保安被杀案”之后，源城警方挥扫黑除恶利剑，攻克的又一宗命案积案。发现女尸2016年11月29日，一名到河边钓鱼的市民报警称在东江河埔前泥金河段发现疑似尸体的物件。源城公安分局接警后，迅速组织刑警大队、高新区派出所等单位民警赶赴现场，经勘查发现，该物件是一女性上半身尸体，已高度腐烂，无法辨认脸部面貌。经刑事科学技术检验，该女性系他杀，这是一宗命案！源城警方立即成立专案组全力展开案件侦破工作。办案民警先后辗转到龙川、梅州、汕头、龙南等地调查，均无所获。2017年4月8日，办案民警在市高新区某水电站附近水域发现一具下半身尸体，经刑事科学技术检验，这截下半身尸体与2016年11月29日发现的那截上半身尸体属于同一个死者。为何采用如此残忍的手段？案件真相究竟如何？谜团有待警方破解。锁定疑犯今年8月，办案民警将前期涉黑涉恶线索摸排中发现的有价值信息与侦查所获信息进行比对、研判，初步判定此案涉及情杀。8月下旬，在市公安局刑警支队的支持下，办案民警从海量信息中进行排查，发现有一谭姓女子的信息符合侦查方向，但对方家人并没有相关报案记录，谭某没有被列入失踪人口。为此，专案组围绕谭某的个人活动展开调查。经查，谭某老家在清远，上世纪八十年代末期嫁到我市源城区埔前镇，2006年离异。随后，民警对谭某的各种关系进行调查，确认被发现的尸体为谭某的尸体，并锁定了此前与谭某同居的蔡某为疑犯。疑犯落网9月28日，专案组民警在江东新区和平村将疑犯蔡某抓获。据蔡某供诉，2006年开始，其与离异的谭某同居。因猜疑谭某出轨，蔡某于2016年11月15日凌晨1时许跟踪谭某至出租屋“捉奸”未果，随后两人发生争吵，蔡某用菜刀将谭某砍死，并分尸抛尸。来源：河源晚报]]></content>
  <author><![CDATA[紫金论坛]]></author>
  <time>2018-10-12 18:30:37</time>
  <account><![CDATA[bbs-gdzijin]]></account>
</data>
