<data>
  <id><![CDATA[50531963]]></id>
  <url><![CDATA[https://mp.weixin.qq.com/s?timestamp=1539596622&src=3&ver=1&signature=Egrj350GoKY8-KUcIJshb867jvhOQsgn5YN*R4KynVnwvDfXSjIKYpFCBaSmUd9iEPi5hzQBQEgXbhTlbN6yjbfEeWla1eVVygh7geEBxa5IQlIfhwzRewRLi88ljJTQxNC3hPAC8gBWlHvAEpTDZHdYJGqBUx6aMlVApWyFcxg=]]></url>
  <title><![CDATA[【好消息】惊艳启动！大型田园综合体项目正式落地紫金！紫金剡洲生态农园的柚子成熟了，约约约摘柚子去！紫金发现一条徒步探险新线路，值得你勇敢尝试！他是古代的英雄，传说来过紫金？]]></title>
  <content><![CDATA[金秋时季，硕果累累经过辛勤耕耘经过用心酝酿迎来一次令人瞩目的惊艳绽放▼▼▼振兴乡村10月11日上午紫金田园综合体“剡洲农林乡村振兴”启动仪式在我们紫金县中坝镇广福自然村隆重举行这标志着我们村在美丽乡村建设中迈出了“乡村振兴”新步伐！未来一定会更加美好！启动仪式视频上午九时嘉宾们陆续抵达启动现场进行签到等待着吉时的到来启动仪式正式开始紫金县剡洲农林现代生态园，顺应时代潮流，勇当“实施乡村振兴战略”尖兵，倾力打造集农牧、养殖、休闲、旅游、观光于一体的综合性现代生态农林庄园，为党和国家“实施乡村振兴战略”事业贡献应有的力量。紫金县剡洲农林现代生态园，占地面积达2000余亩，项目投资1.5亿元，自2012年启动以来，经过长达6年的精心打造，目前已经初具规模。颇具特色的果园、菜地、桃花林、散养鸡鸭、放养猪、垂钓亭台、地下酒窖、徒步专线、骑行专线、人文景观等，都已陆续开放服务。我们致力于打造一个能够远离都市的喧嚣，触摸自然的脉博的现代桃花源……剡洲农林董事长--贺榆鸿先生致辞袁田村支部第一书记、乡村振兴领导成员--致辞中共中坝镇委书记--致辞工商联党组书记致辞精彩的舞狮表演为启动仪式增加了喜庆的欢乐在这欢乐祥和的氛围中此时，活动现场上空引来许多的雀鸟盘旋在天空中飞舞它们时聚时散，收放自如，无拘无束在天空中化成一道美丽的风景线尽情地享受着当地良好生态带来的温馨和惬意仿佛特意飞来祝贺为紫金县剡洲农林现代生态园隆重揭牌蓝图已经绘就梦想即将出发乘着秋风让我们一起怀揣期待、鼓足干劲为明天的幸福蜕变大干一场！让我们共同祝愿紫金县剡洲农林现代生态园明天会更好！到底是什么样的项目让大家信心满满？未来的乡村到底将如何完美逆袭？接下来让小编为你揭开乡村振兴的美丽面纱！点击可看大图剡洲生态农庄紫金县剡洲农林现代生态园平均海拔达600多米，四季分明、气候温和、雨水丰沛，空气中负氧离子含量非常高，对水果的高产和糖份的积累十分有利，是生产天然环保的绿色水果的理想之地。无论何时来到都有累累硕果和姹紫嫣红在等您……因为农庄内种植有多种观赏花果如：桃、李、桔、柚、枇杷、竹柏、桂花、万紫千红、紫薇、山茶、紫雲英、罗兰、砲仗花，以打造四季有花，四季有果，周末好去处为建设目的。还有各种时令有机蔬菜、散养鸡鸭、猪在这里的每顿都有可口的农家饭菜生态景观、垂钓舒适惬意的住宿环境真是让人留连忘返呀！剡洲农林现代生态园距离紫金县城不足20公里生态园内，亭台水榭、曲径通幽四季瓜果飘香、奇花异草斗艳还有很多让游客们流连忘返的奇峰妙景如：文天祥屯军古刹碧云古洞唐末黄巢转战岭南的“千年战壕”遗址明朝时粤东传奇大盗牛牯都祖坟被国师斩断的龙脉、被雷电打爆的石印以及官帽石、八仙下棋九宵云外、赑屃（bìxì）负重等想要来游玩的朋友需要提前预约哦~具体详情请拨打电话0762—7123123水果采摘联系电话：189 2443 8591订餐联系电话：138 2934 4386地址：河源市紫金县中坝镇广福自然村外地自驾游的朋友请用导航仪锁定“紫金县中坝镇广福村”还可以添加剡洲农业公众号在百度导航或高德导航菜单中任选一项即可智能导航到剡洲农林生态园想了解更多详情请点击以下链接查看内容↓↓↓紫金剡洲生态农园的柚子成熟了，约约约摘柚子去！紫金发现一条徒步探险新线路，值得你勇敢尝试！他是古代的英雄，传说来过紫金？]]></content>
  <author><![CDATA[紫金论坛]]></author>
  <time>2018-10-11 20:10:00</time>
  <account><![CDATA[bbs-gdzijin]]></account>
</data>
