<data>
  <id><![CDATA[50531963]]></id>
  <url><![CDATA[https://mp.weixin.qq.com/s?timestamp=1539596622&src=3&ver=1&signature=Egrj350GoKY8-KUcIJshb867jvhOQsgn5YN*R4KynVnwvDfXSjIKYpFCBaSmUd9iEPi5hzQBQEgXbhTlbN6yjaBRjs7mSWHHj86Bf9eCSB2g6iW-hXZyXSr1CszDLrbZfLeX9mg7VO*S*52rMZS21Bq8r4AHdeVoym*3tv7kXNc=]]></url>
  <title><![CDATA[好房子就要比丨走进敏捷珑山源著样板房，原来生活可以这样.....]]></title>
  <content><![CDATA[房子，如同一件艺术品历经雕琢，方能光芒四射臻品的诞生，源自与生俱来的苛刻体现于对细节的完美追求敏捷珑山源著着眼于每一个细微之处让你从回家那一刻起就能深刻感知家的艺术之美和尊贵不凡入户玄关入户玄关是居家安全的第一关卡敏捷珑山源著延续高端品质集收纳功能可以根据自己的想法进行布局摆放鞋柜，摆放书籍、杂物、儿童玩具等等让室内空间更加整齐有序实拍图（非交标）大开间客厅南朝向景观客厅空间实现全通透能享受一家欢乐的笑声更能容纳亲朋好友的畅聊享受慢调生活静思美好人生实拍图（非交标）观景餐厅餐厅相接观景阳台餐厅与厨房相连快速接应厨房的美味最大延伸家居空间感受让用餐真正成为家庭最温馨的时刻实拍图（非交标）U型厨房U型设计能很好的提供空间使用率空间宽敞，采光充足就算两三个人在厨房里做饭，也不会感到拥挤餐厅与厨房分而不离  美味佳肴享受自如这样的设计使厨房和餐厅互动性达到最高实拍图（非交标）独立主卧主卧整体设计功能齐全私密空间，独配卫生间拥有淋浴房衣帽间将成为您收纳更衣的专用空间将您的精致生活完美体现大气却不失格调尽现主人尊贵身份实拍图（非交标）舒适父母房符合紫金人的居住风格推窗见景，隔音效果好给父母创造安静的睡眠环境一年四季都拥有着非常高的舒适度让父母的老年生活安静闲雅实拍图（非交标）精致儿童房精致的空间满足好动爱玩爱创造的天性玩玩具、学习、涂鸦娱乐都能随心所欲让孩子成长在健健康康的路上实拍图（非交标）干湿分离卫生间卫生间干湿分离极具功能性、人性化设计让您的生活更加舒适方便实拍图（非交标）纵览敏捷珑山源著样板间端庄大气，尽显典雅气质精工细节，匠心工艺堪称艺术之作位于大城之上居于半山之中奢耀不凡尽享无上尊崇生活礼遇凌晨如花，黄昏如画社区一角，美若盛景走过了春的温暖，拥过了夏的热情醉过了秋的浪漫，将迎来冬的清浅无论春夏秋冬，四季变换敏捷珑山源著和您一起用匠心品质 筑美好生活中国房地产百强企业 敏捷集团匠心打造中国房地产百强企业，携20载百余盘开发运营经验进驻河源，此次首进河源紫金，将以匠心之作，定义紫金人居新高度。凭着雄厚的开发实力与优越的产品品质，敏捷集团连续十一届年蝉联“广东地产资信20强”，并获得“2018年度中国房地产百强企业”，深耕珠三角、辐射全中国，稳居全国性大型品牌房企之列！城市半山华宅，傲领高地俯瞰全城在紫金，虽然山多，但真正适于建设豪宅的缓坡山体却非常少，半山在紫金南部新城城区已完全成为了稀少地块。而敏捷.珑山源著位居城芯之上，于半山之中呈现了经典藏品，相对于其他住宅项目遥叹城市繁华和半山生活。真正地融入了城市之中，又与周边自然环境融为一体，集优美的山水景观和上佳的人文环境于一身，可谓半山住宅中宛如天开的形态。私享约30000㎡绿地公园，醉美园林胜景有格调的居住不止是拥有一个空间，更是拥有一种美好的心境。敏捷集团深谙每一位住户的审美品位和生活追求，特邀知名大师精心设计精品园林。在设计上，一草一木，均遵从艺术美感的角度布置，建筑楼宇也融入其中，成为园林的一部分。园区配置大型活动广场、青年健身区、儿童乐园，让每一位生活在内的人们，时刻感到放松与愉悦。闲时饭后，亦可与家人漫步在园中，品味生活无限的乐趣。交通窗口，东西走向互通汕湛高速交通网络的发达，大大缩短了城市与城市之间的距离。项目紧邻安良大道南延线，与在建中的242省道交汇，后者完全贯通后东西互通汕湛高速及河莞惠高速，项目旁安良大道南延全线贯通县城南北两端，连接金山大道（120省道过境路），快速到达县城各地及周边镇区。免责条款：1、本宣传资料为要约邀请，相关内容不排除因政府相关规划、规定及开发商未能控制的原因而发生变化，本公司保留对宣传资料修改的权利，敬请留意最新资料。本文仅为广告要约邀请，所有图文信息内容仅供参考，具体面积、价格、户型等信息以双方签订的商品房买卖合同为准。2、本文图片除敏捷珑山源著实拍图外，其他图片均来自网络，若有侵犯版权，联系即删。3、本项目的开发商名称：河源市敏鸿房地产有限公司；标准地名：敏捷·珑山源著；预售证号：紫金预字第201806号；4、本次活动最终解释权在法律范围内归开发商所有。]]></content>
  <author><![CDATA[紫金论坛]]></author>
  <time>2018-10-10 18:07:57</time>
  <account><![CDATA[bbs-gdzijin]]></account>
</data>
