<data>
  <id><![CDATA[50531963]]></id>
  <url><![CDATA[https://mp.weixin.qq.com/s?timestamp=1539596622&src=3&ver=1&signature=Egrj350GoKY8-KUcIJshb867jvhOQsgn5YN*R4KynVnwvDfXSjIKYpFCBaSmUd9iEPi5hzQBQEgXbhTlbN6yjbOHZ120mwRBFy7unt64DKs8Ab9O0FWyN92q6qUuDMo0zAbGQmkVx-7jpw8JwBXg8gSKxH8NwGgLa1xfYde7rYI=]]></url>
  <title><![CDATA[符合条件的紫金人看过来，这里有份好工作留给你们！！]]></title>
  <content><![CDATA[每天都在感叹时间怎么过得辣么快2018年已经过去了3/4多少背井离乡，在外奔波的人还在徘徊，迷茫中····多少人没有了闯荡北上广深的勇气，于是留在了紫金，紫金虽不算大却也充满了各种机遇和挑战然而兜兜转转才发现工作还是家乡好▽经营发展需要紫金县伟达出租汽车有限公司现招聘如下岗位人员1总经理  1名要求：男性，年龄30-50岁1、大专以上学历2、熟悉出租车公司（或同行业）的机构设置及日常管理；有出租车公司管理工作经验者优先3、熟悉使用日常办公软件，了解互联网知识4、工作认真细致、具备良好的沟通及语言表达能力和具有一定的管理能力薪酬待遇：面议2总台话务员  3名要求：中专以上文化，女性，年龄20-40岁1、气质佳、声音甜美、普通话标准；2、会基本的电脑操作；3、工作细心认真，具有良好的沟通能力和语言表达能力。4、能适应倒班薪酬待遇：面议3车辆安全管理员（车队长1名）要求：中专以上学历，年龄25-50岁1、C1驾照，实际驾龄1年及以上；2、两年以上车管经验，熟悉车辆构造，及事故处理流程；3、有责任心。薪酬待遇：面议4出租车司机（多名）承包出租车运营，工作自由，收入自主。出租车承包安全保证金20000元，合同期期满退保证金，月承包费3980元。要求：1、男女不限，年龄22-55周岁。2、C1或以上牌证，驾龄3年以上。3、驾驶证最近一个计分周期累计扣分12分以下。4、无犯罪记录。5、无传染性疾病、以及不适合长期驾驶车辆疾病（羊癫疯心脏等）。欢迎有意向的朋友加入！报名地址：紫金县紫城镇新紫路77号（交警大队上侧50米）珠海车队大楼二楼联系电话：13825321550（刘先生）紫金县伟达汽车出租有限公司38台上海大众全新桑塔纳PA-1.6L出租车全部已到位！伟达公司出租车一次性投入38台上海大众全新桑塔纳PA-1.6L手动汽油版出租汽车开展运营服务，车型特点：外观大气而稳重、时尚耐看；内饰空间大，动力好，操控方便；最主要的是省油！维护方便！维修便宜！（广州、深圳、珠海等一线大城市都在用的出租车车型）车辆已到位，欢迎前来公司看车！公司简介Company Profile伟达实业是集交通运输（班车客运、出租汽车）、快件物流、汽车维修、综合汽车客运站、加油站、连锁餐饮、网络科技为主营业务的综合性企业。旗下紫金县伟达汽车出租有限公司专业经营出租汽车服务，是紫金县目前最具规模的小汽车出租企业之一。公司位于紫金县紫城镇新紫路77号（交警大队上侧50米）珠海车队大楼，自有办公区建筑面积2000多平方米，停车场面积4000多平方米。公司组织机构设置健全、管理规范，内设四个职能部门，并拥有资源齐备的汽车维修厂和清洗服务中心，所属经营车辆统一纳入了集车辆运调、实时监控、超速报警、投诉建议、广告宣传等诸多功能于一体的车载GPS管理系统服务。伟达公司以“保安全、优服务、降成本、稳收入”为生产经营理念，秉承平安出行、真情服务的服务宗旨，坚持安全第一、旅客第一，狠抓服务质量，不断探索出租汽车创新之路，以文明服务全力打造一流的出租品牌。给你7大选择伟达的理由01品质企业，值得信赖伟达出租秉承“服务人民、奉献社会”的经营理念，公司自有6000多平方的经营场地、停车场，有配套的车辆维修保养厂；伟达实业拥有22年客运经营经验，是紫金运输行业的标兵...您值得信赖的合作伙伴。02出租汽车，市民出行首选的交通方式出租汽车是城市综合交通运输的运力补充，为提高市民更多的出行选择，促进经济社会发展起到重要作用。随着市民生活质量水平的提高，搭乘出租汽车已经成为市民出行首选的交通方式，极大程度上方便了市民的出行需求，出租汽车行业前景无限。03县城扩容，经营环境无限紫城工业园的开园，人民医院的搬迁，过境路南移，碧桂园、敏捷等大型地产商进驻紫金...县城范围不断在扩容，为出租汽车创造了良好的经营环境。04统一培训，轻松考取资格证统一开设专业培训课，公司让出租车司机在紫金家门口就能接受专业培训，并提高考证通过率。05专人办理车辆手续，运营无烦恼公司统一安排办理车辆入户上牌、营运证及年审、检测等运营业务，出租车司机加入即可营运。06车险事故有保障，管理更专业公司有专业的管理团队，提供车险购买、事故处理、维修保养等业务，便捷的一站式服务。07县城繁华路段拟设置出租车专用候车位，彰显行业优越性为方便人们群众出行，政府部门拟在县城繁华路段设置出租车专用候车位，彰显出紫金出租行业的优越性，为出租车提供方便有利的营运环境创造了条件。【联系地址】紫金县紫城镇新紫路77号（交警大队右上侧）珠海车队大楼二楼紫金县伟达出租汽车有限公司【联系电话】0762-7776668或刘生：13825321550想做的事别犹豫，想好了就去做，退却中易错过...]]></content>
  <author><![CDATA[紫金论坛]]></author>
  <time>2018-10-12 18:30:37</time>
  <account><![CDATA[bbs-gdzijin]]></account>
</data>
