<data>
  <id><![CDATA[50531963]]></id>
  <url><![CDATA[https://mp.weixin.qq.com/s?timestamp=1539596622&src=3&ver=1&signature=Egrj350GoKY8-KUcIJshb867jvhOQsgn5YN*R4KynVnwvDfXSjIKYpFCBaSmUd9iEPi5hzQBQEgXbhTlbN6yjbfEeWla1eVVygh7geEBxa6ZmWrjr*tncglxA*R7R90mOn-QBoQjpHbBvvxMrp5CHbygME4siUVIgBKSMLMUbcU=]]></url>
  <title><![CDATA[紫金这个村上中央电视台啦！一起看看怎么回事……]]></title>
  <content><![CDATA[紫金一线看紫金突发事件！资料图继10月7日央视新闻频道直播河源万绿湖壮美风光后，昨天，央视镜头再次聚焦河源，由中央广播电视总台英语频道组成的摄制组一行来到我市，就我市在电商扶贫、产业扶贫、教育扶贫等方面的亮点做法进行报道，向国内外集中展现我市大力实施乡村振兴战略和新一轮精准扶贫精准脱贫工作的经验成效，为正致力于建设成为全省绿色发展的示范区、融入粤港澳大湾区的生态排头兵的河源提升了美誉度和影响力。央视摄制现场今年10月份，央视英语频道将推出2018年扶贫特别节目，在全国各地寻找典型扶贫案例，对各地的扶贫样本、脱贫成果进行深入解读，河源在众多备选地中脱颖而出，成为采访地之一。资料图此次央视在河源的采访选点有紫金县九和镇金光村、东源县上莞镇新民村、深河中学等，选题重点关注我市电商扶贫、产业扶贫、教育扶贫等方面的经验做法。△崔汇骜 中央广播电视总台英语频道记者今年我们也是特地做一些研究，在河源这边扶贫措施其实有很多点可以展开的，它比较丰富，我们需要的就是在三天的报道当中，从不同的侧面来反映扶贫所取得的一些进展。河源市提供了很多非常好的一些案例，产业扶贫、电商扶贫其实是有很多的措施，而且农民村民是真正从中获益的，所以我们选择河源。市委七届五次全会把坚决打赢脱贫攻坚战放在重要位置，提出坚持把提高脱贫质量放在首位，深入落实打赢脱贫攻坚战三年行动，全面实施脱贫攻坚“八项工程”，突出抓好产业扶贫、就业扶贫、保障性扶贫，加快建立脱贫攻坚项目库，深入推进“五个一”产业扶贫工程。资料图截至今年9月26日，全市累计投入精准扶贫资金27.42亿元。2016、2017年两年累计8.5万人达到脱贫标准，约占贫困总人口的72%。资料图央视采访组认为，河源生态环境优势明显、农业农村发展潜力巨大、扶贫工作做法成效显著，在产业、电商、教育以及金融等领域的扶贫经验可复制推广，将进一步发挥央视对外传播平台的影响力，做好河源新时期精准扶贫、精准脱贫工作的推动者和宣传员。崔汇骜中央广播电视总台英语频道记者我们选取河源的案例也是非常具有代表性，它可能也是对于全国其他地区开展扶贫工作的一个示范，或者说这边的试点和经验已经取得了很好的效果，河源这边借助生态、旅游将很多资源打通共享，我觉得这个是值得推广，也是值得其他省市所学习的。△郑晓峰 紫金县九和镇金光村扶贫工作队队长 第一书记这将会大大提高我们这个品牌的知名度，使我们这个品牌能够产生更多的社会效益和经济效益，然后从中对我们金光村的精准扶贫事业和乡村振兴事业是一个极大的推动。据了解，此次采访报道初步计划于本月16日开始，连续三天在央视英语频道滚动播出，期间将翻译成俄语、法语等语种，面向全世界150多个国家和地区推出。来源/河源广播电视台]]></content>
  <author><![CDATA[紫金论坛]]></author>
  <time>2018-10-11 20:10:00</time>
  <account><![CDATA[bbs-gdzijin]]></account>
</data>
