<data>
  <id><![CDATA[50531963]]></id>
  <url><![CDATA[https://mp.weixin.qq.com/s?timestamp=1539596622&src=3&ver=1&signature=Egrj350GoKY8-KUcIJshb867jvhOQsgn5YN*R4KynVnwvDfXSjIKYpFCBaSmUd9iEPi5hzQBQEgXbhTlbN6yjRJ8PTj5qGuEyfDZkbpSzlZ5HHL8gedF3lQM9JjFfoiAfodV6Y4fjqX7jYQXr1QvytxH7ZJ0rkJ4-BCtY2g55JU=]]></url>
  <title><![CDATA[河源4岁男孩晚上一人在家睡觉，不慎从2楼阳台坠落，结果…]]></title>
  <content><![CDATA[[点击上图进入]▼前日21时许，河源市区广场路一小区3单元201房一名4岁男孩，不慎从2楼阳台坠落到楼下，幸好得到巡警及时救助，只是腿部骨折，没有生命危险。现场事发现场房屋无防盗网今天上午11时许，本报记者来到事发地点，据了解，该小区是某单位的职工宿舍，事发的居民家位于该小区3单元2楼。记者在现场看到，事发的这栋职工宿舍阳台上，大部分都没有安装防盗网。而男孩坠楼的位置，刚好是草地。“真是不幸中的万幸，幸亏摔到草地上了，要是摔到水泥地上，可能会伤得更严重。”黄阿姨是这栋楼的居民，男孩坠楼后，她听到外面很吵就跑出来看。“当时我听到楼下有人大声喊叫，就知道出事儿了，马上从楼上跑下来，正好看到一名路人在拨打电话报警，一名男孩躺在草地上，我仔细一看，发现是2楼201那家人的孩子！”黄女士说，这个小孩的父母都在惠州工作，平时都是外公外婆带着。“听说是外公外婆把孩子一个人留在家里，孩子才从2楼掉下来的！”救人好心人报警，巡警现场救助今天上午，记者从河源市巡警支队江北七中队了解到，前日21时许，巡警队员刘剑奇、刘刚强接到市公安局110指挥中心指令称，有路人在市区广场路一小区内发现一名男孩从2楼摔下，而且找不到小孩家属。接到指令后，刘剑奇、刘刚强马上赶到现场，到达现场后，他们发现男孩正处于半昏迷状态，立即对男孩进行救护，由于当天晚上气温下降，刘剑奇将警用雨衣脱给男孩保暖，并呼叫110指挥中心，要求派救护车到现场救援。在等待救护车的时候，巡警队员通过该楼的其他住户联系上了孩子的家属，救护车到位后，与家属一起将孩子送到了附近的德康医院救治。原因家人外出，男孩一人在家从当晚救助该名男孩的两名巡警处了解到，事发时，男孩的外公外婆看到男孩已经熟睡，想着就去小区附近拿点东西马上回来，于是把外孙独自留在家中并把大门锁上。没想到，这一出去，孩子竟然坠楼了。今天上午，记者来到德康医院五楼骨科了解情况，骨科的余医生告诉记者，坠楼的男孩经过抢救已基本脱离生命危险，仅右腿骨折。据余医生介绍，经过医生对其全身检查，没有发现男孩体内脏器出现异常，目前男孩已经转院到惠州继续治疗。男孩从2楼坠落而无生命危险，对于孩子家长来说是一件十分幸运的事儿，医生分析称，其原因可能是因为孩子体重较轻，受力面积小，摔到地面时，没有接触到孩子的致命部位。河源警方提醒广大市民，虽说家是安全的港湾，但对于缺乏有效监管的未成年人来说，任何地方都可能是危险场所。孩子心智不成熟，自我保护能力极差，因此，作为监护人的家长，应留意孩子的一举一动，不能也不该让孩子走出视野，否则发生意外，悔之晚矣。来源：河源晚报]]></content>
  <author><![CDATA[紫金论坛]]></author>
  <time>2018-10-09 18:13:46</time>
  <account><![CDATA[bbs-gdzijin]]></account>
</data>
