<data>
  <id><![CDATA[50531963]]></id>
  <url><![CDATA[https://mp.weixin.qq.com/s?timestamp=1539596622&src=3&ver=1&signature=Egrj350GoKY8-KUcIJshb867jvhOQsgn5YN*R4KynVnwvDfXSjIKYpFCBaSmUd9iEPi5hzQBQEgXbhTlbN6yjZijig-tm-h8qSplhltprNY*bN-xkNLOkeQVS6XFGH9VG0rGWwG-b33AFhH*5GETnnUz2Otla5yA5XdHSjuDw10=]]></url>
  <title><![CDATA[必须转，紫金这家10000平方的老牌家具城品牌旗舰店，将要“放大招”……]]></title>
  <content><![CDATA[新屋入伙，购置家具是每个紫金人都会经历的事也是让人头疼的选择之一要么纠结选哪个牌子要么纠结价格多少问题网购家具又担心品质和售后别忧伤了↓↓↓超多商品等待您的挑选提前锁定大额优惠！错过了要后悔的哦！如果你有换家具计划那绝对不能错过好百年家具广场▼▼▼连续18年获得广东省守合同重信用企业钜惠全城，引爆盛典尽在好百年家具火爆、疯狂将势在必行！▼▼▼进店有礼，可享受水果糕点美食更多优惠，更多惊喜等着你添加微信分每个展馆，供你选择家具种类样式繁多欢迎大家选购CBD近年来，伴随着人们消费观念的改变，凭借着不一样的家居生活理念，CBD家居也受到越来越多的关注，成为大家热选的家居品牌。CBD寝具源于意大利设计师的设计理念：不为设计而设计，只为生活设计。优化功能，简化结构生态和设计是CBD贯彻始终的理念，有着高雅、简洁、精美的风格，善于突破传统，使用夸张推向简单、舒适，结合健康睡眠理念使CBD寝具集聚艺术美感。当前的年轻消费群体对家居风格要求多样化、个性化，在CBD就有着这么一群年轻的消费主力军，他们更多考虑的是生活的舒适性和个人喜好。杰客丹尼皇浩至尊宏巨乌金木欢恋金诺佳木邑清华康帕床垫好百年旗舰店给您的爱家添上不一样的色彩还有高档电梯让你不费劲就能轻松的上二楼去选购关于好百年家具广场//  一个专以批发价零售的家私城  //超大的家具卖场好百年家具广场是一家超大型的一站式综合家具商场价格从工厂到客户“0距离，0差价”不参与低价恶性竞争产品多样化好百年家具种类齐全多样化红木家具、实木家具、欧式家具、办公家具真皮、布艺沙发、餐台、茶几、电视柜等还能进行一站式购买，省去挑选过程的烦恼售后服务好不仅家具选择性大，好百年家具直销广场对制作所选用的原材料严格把关凡是在好百年家具广场买家具一年内（除人为损坏外）免费保修而且通许各乡镇，还能免费送货上门在紫金28年，仅仅是个开始好百年家具初心不变，始终如一专注高质低价的家具买家具，就到好百年家具让你省钱省心，“焕”新家↓↓↓电话：0762-7839838地址：紫金县城城西红绿灯路口（新华园下侧）招聘英才好百年家具城因业务需要现急招临时促销员50名电话话务员30名年龄25-45岁不限性别无需经验，胆大心细，说的清、道的明即可！本地人优先！！！工作时间:八个小时制工资:80-380元/天 底薪+奖金联系电话:076278398381521691538317875222727]]></content>
  <author><![CDATA[紫金论坛]]></author>
  <time>2018-10-08 18:34:01</time>
  <account><![CDATA[bbs-gdzijin]]></account>
</data>
