<data>
  <id><![CDATA[50531963]]></id>
  <url><![CDATA[https://mp.weixin.qq.com/s?timestamp=1539596622&src=3&ver=1&signature=Egrj350GoKY8-KUcIJshb867jvhOQsgn5YN*R4KynVnwvDfXSjIKYpFCBaSmUd9iEPi5hzQBQEgXbhTlbN6yjd8HBxoG2Y31k08WrFIXJFmD*hpcwvT*iCnr7gxO8LCJoYA*Lv9Hn7cA7RFmpbGJA4i9XTZeeh7Vb6x2GxhRL5Q=]]></url>
  <title><![CDATA[紫金宝马女司机将摩托车司机压在车底，众人抬车救人...]]></title>
  <content><![CDATA[!!!!!!!!!!!!!!!!!!!!!!!!!!!!!!!!!!!!!!!!!!!!!!!!!!!!!!!!!!!!!!!!!!!!!!!!!!!!!!!!!!!!!!!2018年10月14日下午14时左右；在紫金县新紫路黄花路口发生一起交通事故，一辆小车与摩托车发生碰撞，导致摩托车驾驶员连人带车被压车底，事故发生后，附近居民及路人纷纷出手相救，齐心协力抬起了车辆，救出了被压人员，接到警情后，相关部门及紫金县120救护中心迅速到达现场处理。!!!!!!!!!!!!!!!!!!!!!!!!!!!!!!!!!!!!!!!!!!具体该事故原因有待相关职能部门调查发布为准！!!!!!!!!!!!!!!!!!!!!!!!!!!!!!!!!!!!!!!!!!!!!!!!!!!!!!!!!!!!!!!!!!!!!!!!!!!!!!!!!!!!!!!!!!!!!!!!!!!!!!!事故现场一事故现场二事故现场三现场图片：伤者脚踝伤口深可见骨连报料者都佩服我们齐心协力紫金人的行为iiiiiiiiiiiiiiiiiiiiiiiiiiiiiiiiii在此提醒广大车友：开车时要集中注意力，要自觉遵守交通规则，在雨天路滑和视线模糊的情况下，在闹市区及学校路段和道路复杂的路段，行驶时应注意减速慢行，切勿超速行驶及酒后驾驶，请勿在开车时拨打电话和玩手机，多点礼让，顾己及人。iiiiiiiiiiiiiiiiiiiiiiiiiiiiiiiiii文明驾驶，安全出行；敬畏法规，礼让行人；宁等三分，不抢一秒；十次事故九次快；安全第一，尊重生命！iiiiiiiiiiiiiiiiiiiiiiiiiiiiiiiiiiiiiiiiiiiiiiiiiiiiiiiiiiiiiiiiiiii来源：紫金客家话、紫金快线]]></content>
  <author><![CDATA[紫金论坛]]></author>
  <time>2018-10-14 18:28:55</time>
  <account><![CDATA[bbs-gdzijin]]></account>
</data>
