<data>
  <id><![CDATA[50531963]]></id>
  <url><![CDATA[https://mp.weixin.qq.com/s?timestamp=1539596622&src=3&ver=1&signature=Egrj350GoKY8-KUcIJshb867jvhOQsgn5YN*R4KynVnwvDfXSjIKYpFCBaSmUd9iEPi5hzQBQEgXbhTlbN6yjYFcSzxWJd2YURtrV9PEaZYSg2ShT7LvrijUEEl8UjQAbVoYxeTgGwTS-oq7kcFx7KlokHwkMB9vHEEpemL*zZA=]]></url>
  <title><![CDATA[证驾不符，紫金司机大哥“栽”在交警手中……]]></title>
  <content><![CDATA[[点击上图进入]欢度国庆叮咚！今天已经是国庆节第七天啦您的假期余额已不足随着国庆假期快要结束今天也进入  返程高峰期不过请放心！河小警 依旧会坚守在岗位上守护大家的交通安全大家伙们也要记得遵守交通安全平平安安地返回哦！国庆车流情况10月5日，国庆节第五天，粤赣高速日车流量为117829车次，同比减少13.98%。梅河高速日车流量为54612车次，同比减少28.05%。大广高速日车流量为39747车次，同比减少29.41%。汕湛高速日车流量为88130车次，同比减少42.76%。龙连高速日车流量为11504车次。总车流量为311822车次，同比减少26.31%。执勤执法10月6日上午，交警支队谢辉支队长到高速五大队一中队、粤赣热水互通路段、东源高速出口分流点检查指导工作。交警支队罗晖副支队长到惠河高速、汕湛高速路段指导工作，巡逻管控。晚上9点30分，交警支队肖东森政委到高速一大队指挥室指导交通疏导工作。10月6日上午10点，高速一大队四中队在大坝交警执法站对入粤车辆进行检查。上午11点，江南大队城镇中队、江北大队机动中队、城北中队、女子中队在辖区内巡逻管控，查处各类交通违法车辆。10月6日下午5点30分，江东大队在辖区巡逻途中查处一辆超员小车，核载7人实载9人，巡逻民警按照规定对司机进行教育和处罚，并督促司机安排车辆，对多出来的乘客进行转运。10月6日下午6点30分，高速四大队治安中队巡逻至汕湛高速水墩K161路段时发现一辆大型客车涉嫌非法营运，民警利用警车喊话器让车辆行驶出紫金东出口进行检查，经检查发现该车驾驶员证驾不符、车辆未取得营运资格，大队领导及时做好安抚工作，顺利转运车上乘客，将涉事车辆移交紫金县交通执法局做进一步处理。为民服务10月6日晚上8点，高速一大队朱国华在巡逻时发现因堵车停留在服务区的四名乘客，朱国华立即联系客车司机，并将四名乘客安全送到车上。10月6日晚上8点30分，高速二大队三中队队员陈伟君、刘宇丹、邹鹏巡逻至粤赣高速热水互通处时帮助一辆故障车辆及车上人员转移到安全区域，并通知拯救车前来救援，及时消除安全隐患。来源：河源警事]]></content>
  <author><![CDATA[紫金论坛]]></author>
  <time>2018-10-07 18:45:42</time>
  <account><![CDATA[bbs-gdzijin]]></account>
</data>
