<data>
  <id><![CDATA[50531963]]></id>
  <url><![CDATA[https://mp.weixin.qq.com/s?timestamp=1539596622&src=3&ver=1&signature=Egrj350GoKY8-KUcIJshb867jvhOQsgn5YN*R4KynVnwvDfXSjIKYpFCBaSmUd9iEPi5hzQBQEgXbhTlbN6yjd8HBxoG2Y31k08WrFIXJFmpcgi*yQPucSsROzmHahKoKhd5xume2j-rzTp7pg78QoaAnTvd*jThe5nsEXh2qmY=]]></url>
  <title><![CDATA[紫金人注意！高速上千万不要这样做，监控这一幕太吓人……]]></title>
  <content><![CDATA[10月11日下午14时20分许，浙江绍兴高速交警指挥中心接到报警，驾驶员颤颤巍巍地吐着字：“快，救救我，救救我朋友，我在高速上出了事故，朋友被甩出去了，刚过双彩出口一点点路。”高速交警接警后，5分钟后赶到上虞方向287K+400M处，只见一辆浙A牌照的小车撞停在中央护栏处，车上的驾驶员在哀嚎着“我手断了，好疼，快去找找我朋友，我朋友不见了”。高速交警及路政沿周围找了一圈，没发现人，后来监控中心打来电话说，通过监控，明显看到车内有人甩出并被甩下了高速。当行驶到离双彩200米处，突然手机响了，他下意识的去摸手机，但是没摸到，于是他低头去找，突然副驾驶的朋友提醒他快要撞上中央护栏了，他连忙往右打方向，没想到打的大了，这里又恰好是一个弯道，车子就漂起来了，先撞了边护栏，后又撞了中央护栏，车子才停了下来，而在撞边护栏的一瞬间，后排的朋友丁某从后窗飞了出去。徐某对自己找手机的行为后悔不已，也对没有提醒朋友后排也要系好安全带后悔不已。来源：都市快报]]></content>
  <author><![CDATA[紫金论坛]]></author>
  <time>2018-10-14 18:28:55</time>
  <account><![CDATA[bbs-gdzijin]]></account>
</data>
