<data>
  <id><![CDATA[50531963]]></id>
  <url><![CDATA[https://mp.weixin.qq.com/s?timestamp=1539596622&src=3&ver=1&signature=Egrj350GoKY8-KUcIJshb867jvhOQsgn5YN*R4KynVnwvDfXSjIKYpFCBaSmUd9iEPi5hzQBQEgXbhTlbN6yjRJ8PTj5qGuEyfDZkbpSzlZmGRMwa7luNIxkuvkXuhwgYwOdo00MIKMOeREwygE0f7iAVC7ZQYQSAFHgGK*wYlw=]]></url>
  <title><![CDATA[抢购|紫金十一加休闲吧百威啤酒+小吃套餐原价105元，只需38.8元]]></title>
  <content><![CDATA[精致和个性，是这个时代最迫切的东西，啤酒也不例外。与其坐在家中百无聊赖地看电视、一个人没劲儿地吹着可乐红牛啤酒瓶，还不如约上三五个兄弟，找家地道的轻吧，喝个人正经的酒、听场正经的演唱会，这——才是夜生活最正确的打开方式。穿越时尚隧道卸下疲惫和伪装在十一加休闲吧谁还没个故事啊只要你敢来这里就是你的舞台话不多说，开车开车！喝酒不是为了灵魂，喝酒就是走肾的来十一年休闲吧，喝好了，我们做朋友，喝醉了，做我的猫我们不作不矫情，我们是夜猫，夜晚最骚动的群体诚意奉上灭霸级福利套餐粉丝专属福利福利一套餐一百威半打65元羊肉串5串+新鲜烤鱿鱼2串20元椒盐豆腐一份10元烤韭菜5串10元合计105元原价105元抢购价38.8元福利二套餐二橡木桶窑藏一支98元椒盐鸭下巴一份30元拔丝香芋一份25元烤鱿鱼丝一份25元薯条一份15元合计193元原价193元抢购价128元抢购方式长按二维码，马上抢购本活动为线上支付，不开发票不支持退款，请慎拍每人限抢1份，每座限用一份先抢先得不可打包 不提供发票使用日期即日起2018年11月10日前过期作废温馨提示抢购成功后的粉丝到店核销使用营业时间下午13：30-凌晨02：00电话：189 2368 1463地址:紫金县紫城镇新盛街3号需提前致电或加商家二维码预约请扫商家二维码咨询抢购问题关于抢购方法还有不明白的请联系小编183-1622-6222微信同号核销方式方法一进入【紫金论坛】微信公众号点击限时抢购>我的订单>我的>未核销点开这家店抢购好的商品就可以看到8位数字的核销码方法二抢购前，长按二维码添加微信抢购后自动接收抢购成功信息（含核销码）生活在快节奏的时代一个月总有三五天化身为孤独患者只想抛掉工作、抛掉烦恼抛掉不开心、抛掉旧思想做一个放飞的，无拘无束快乐的自己可是，怎么做自己呢？无论到哪里都没办法抛掉烦恼无论在何处都没办法真正的放松直到我遇见“十一加”十一加休闲吧夜晚，这里是纳凉，观影可尽情狂欢嗨皮、小酌等、是增进革命友谊的不二之选约三五个朋友来点上一打酒让悠扬的动听的音乐陪伴你们一起谈心浪漫温馨的卡座点一瓶洋酒你我谈谈人生、谈谈理想......吃的开心 玩的开心让你拥有一个难忘的夜“我有一杯酒，足以慰风尘”只要步履不停，我们总会遇见- 说不出的是心事- 留不住的是故事而这些，酒里都有，十一加十一年休闲吧电话：18923681463营业时间：13：30～凌晨2:00地址：紫金县紫城镇新盛街3号抢购问题关于抢购方法还有不明白的请联系小编183-1622-6222微信同号核销方式方法一进入【紫金论坛】微信公众号点击限时抢购>我的订单>我的>未核销点开这家店抢购好的商品就可以看到8位数字的核销码方法二抢购前，长按二维码添加微信抢购后自动接收抢购成功信息（含核销码）大牌抢购商家合作热线183-1622-6222]]></content>
  <author><![CDATA[紫金论坛]]></author>
  <time>2018-10-09 18:13:46</time>
  <account><![CDATA[bbs-gdzijin]]></account>
</data>
