<data>
  <id><![CDATA[50531963]]></id>
  <url><![CDATA[https://mp.weixin.qq.com/s?timestamp=1539596622&src=3&ver=1&signature=Egrj350GoKY8-KUcIJshb867jvhOQsgn5YN*R4KynVnwvDfXSjIKYpFCBaSmUd9iEPi5hzQBQEgXbhTlbN6yjd8HBxoG2Y31k08WrFIXJFnQP8EioF1s4GtDFDFhGzX9CXGxTJEl0dgk1B8CapW0IYyXgx94beFBQtGQOwr8a2o=]]></url>
  <title><![CDATA[视频|今天下午一疯牛伤人，被紫金特警击毙...]]></title>
  <content><![CDATA[今天（10月14日）下午，紫金中坝出动了特警并听到枪响，网友称原来是有疯牛伤人，场面吓人，现场有大量群众围观，特警为保证群众人身安全及时将疯牛击毙。具体事情起因后果以相关部门公布为准！下面是现场视频：小编提醒：当遇到此类危险情况时，请远离现场切勿围观！来源：紫金第一现场、紫金客家话]]></content>
  <author><![CDATA[紫金论坛]]></author>
  <time>2018-10-14 18:28:55</time>
  <account><![CDATA[bbs-gdzijin]]></account>
</data>
