<data>
  <id><![CDATA[50531963]]></id>
  <url><![CDATA[https://mp.weixin.qq.com/s?timestamp=1539596622&src=3&ver=1&signature=Egrj350GoKY8-KUcIJshb867jvhOQsgn5YN*R4KynVnwvDfXSjIKYpFCBaSmUd9iEPi5hzQBQEgXbhTlbN6yjbfEeWla1eVVygh7geEBxa577kStMY8jYQorALL1o1uzuU21omyedJhiWj6RqLGPnmB4RtC23aIu5P4tYPZNzNY=]]></url>
  <title><![CDATA[谁认识这一家子？昨晚紫金很多人都在看...]]></title>
  <content><![CDATA[紫金一线看紫金突发事件！戳视频点击播放]]></content>
  <author><![CDATA[紫金论坛]]></author>
  <time>2018-10-11 20:10:00</time>
  <account><![CDATA[bbs-gdzijin]]></account>
</data>
