<data>
  <id><![CDATA[50531963]]></id>
  <url><![CDATA[https://mp.weixin.qq.com/s?timestamp=1539596622&src=3&ver=1&signature=Egrj350GoKY8-KUcIJshb867jvhOQsgn5YN*R4KynVnwvDfXSjIKYpFCBaSmUd9iEPi5hzQBQEgXbhTlbN6yjbOHZ120mwRBFy7unt64DKvmwwxcW2WYRTXDXFQ4REYkLiBH6Uf0QiKGhHtKQDgKXO1wtpQhFaLwQAntrLqbAAU=]]></url>
  <title><![CDATA[紫金这些人联合起来，坚决让黑恶势力无处可躲！]]></title>
  <content><![CDATA[[点击上图进入]日前，紫金县公安局县城5个派出所联合紫城镇委、镇政府在县文化活动中心举办公开宣传活动，向广大群众展示公安机关开展“飓风2018”、扫黑除恶专项斗争取得的工作成效，鼓励发动群众积极举报违法犯罪线索、共同投身专项行动之中。iiiiiiiiiiiiiiiiiiiiiiiiiiiiiiiiiiiiiiiiiiiiiiiiiiii活动中，通过摆放宣传展板、悬挂横幅标语、现场咨询答疑、发放宣传资料等方式，介绍了公安机关开展“飓风2018”行动、扫黑除恶斗争等工作的措施成效，现场宣传防范街头“两抢”、入室盗窃、盗窃摩托车、电信诈骗等知识，与群众面对面亲切交流、答疑解惑，广泛征求群众对违法犯罪防范打击方面的意见建议。iiiiiiiiiiiiiiiiiiiiiiiiiiiiiiiiiiiiiiiiiiiiiiiiiiiiiiiiiiiiiiiiiiiiiiiiiiiiiiiiiiiiiiiiiiiiiiiiiiiiiiiiiiiiiiiiiiiiiiiiiiiiiiiiiiiiiiiiiiiiiiiiiiiiiiiiiiii当日，共发放宣传资料2000多份，悬挂标语5条，展示展板8张，接受群众咨询400余人次。iiiiiiiiiiiiiiiiiiiiiiiiiiiiiiiiiiiiiiiiiiiiiiiiiiiiiiiiiiiiiiiiiiiiiiiiiiiiiiiiiiiiiiii来源：紫金公安iiiiiiiiiiiiiiiiiiiiiiiiiiiiiiiiiiiiiiiiiiiiiiiiiiii]]></content>
  <author><![CDATA[紫金论坛]]></author>
  <time>2018-10-12 18:30:37</time>
  <account><![CDATA[bbs-gdzijin]]></account>
</data>
