<data>
  <id><![CDATA[50531963]]></id>
  <url><![CDATA[https://mp.weixin.qq.com/s?timestamp=1539596622&src=3&ver=1&signature=Egrj350GoKY8-KUcIJshb867jvhOQsgn5YN*R4KynVnwvDfXSjIKYpFCBaSmUd9iEPi5hzQBQEgXbhTlbN6yjZijig-tm-h8qSplhltprNalrit2R84oRL5yFKrUF5Y0Q8XPxOPWhdkEG7R2XIyn0mkswxrbCXBPz10XbYaXoFY=]]></url>
  <title><![CDATA[河源男子凌晨在家开煤气轻生，背后原因竟是这样...]]></title>
  <content><![CDATA[在生活中有些人遇到一点挫折或较为困难的事情就容易偏激从而做出伤害自己的事情这不就在国庆节第一天的凌晨市区就有一市民在家中自杀这一举动可吓坏了家人！手足无措的家人立即报警求助市巡警支队江北二中队队员接警后立即赶往现场救援巡警队员到场后发现厨房大门紧闭事主的妻子告诉队员她丈夫在厨房里开煤气自杀而且反锁在里面已经十多分钟在这危机时刻救人刻不容缓但由于破门而入会产生火星市巡警支队江北二中队队员为了安全起见并没有盲目选择破门救人市公安局巡警支队江北二中队队员 袁东良：“通过窗户过去厨房，立即把窗打开通风，然后也听得到煤气泄漏的声音，我们马上把那个煤气关掉。”随后谢燕岳和袁东良将事主抬出厨房放到客厅几分钟后事主开始慢慢恢复意识但他清醒后还一直说不想活下去两名队员便联系兴源派出所作进一步处理经民警安抚及做思想工作后该男子情绪现已稳定来源：河源民生一线]]></content>
  <author><![CDATA[紫金论坛]]></author>
  <time>2018-10-08 18:34:01</time>
  <account><![CDATA[bbs-gdzijin]]></account>
</data>
