<data>
  <id><![CDATA[50531963]]></id>
  <url><![CDATA[https://mp.weixin.qq.com/s?timestamp=1539596622&src=3&ver=1&signature=Egrj350GoKY8-KUcIJshb867jvhOQsgn5YN*R4KynVnwvDfXSjIKYpFCBaSmUd9iEPi5hzQBQEgXbhTlbN6yjZijig-tm-h8qSplhltprNaM84NdL*gqMOy12QzJ846JTdJ39VYGO*RZMgoWcPJVBGynqnTUMb6zQ9K-QVYgoSY=]]></url>
  <title><![CDATA[最新进度，紫金嘉葆润•永安新城，一期面貌曝光……]]></title>
  <content><![CDATA[时光向前游走，美好越来越近。秋天是收获的季节，所有关于幸福的憧憬，在这秋天的骄阳下慢慢酝酿。随着工程进度的稳步推进，永安新城的建设如火如荼，最新工程进度如约而至。截至目前（2018.10.08）永安新城一期外架已基本拆除电梯全部安装完毕，开始调试玻璃门窗安装完成35%园区配套绿化完成40%地下车库已开始清理、打地坪繁华已近，新城已成嘉葆润·永安新城将始终秉承初心给紫金人民更好的选择更好的环境，更好的产品5万平东南亚园林风情2公里漫跑跑道户型方正，户户朝南南北通透，超宽楼间距静享私密阳光生活88-208㎡，2-6房任您选择4188元/㎡起品鉴热线:0762～7999888户型图鉴赏（致电0762-7999888，可了解更多详情）戳视频进一步了解永安新城▼▼▼]]></content>
  <author><![CDATA[紫金论坛]]></author>
  <time>2018-10-08 18:34:01</time>
  <account><![CDATA[bbs-gdzijin]]></account>
</data>
