<data>
  <id><![CDATA[50531963]]></id>
  <url><![CDATA[https://mp.weixin.qq.com/s?timestamp=1539596622&src=3&ver=1&signature=Egrj350GoKY8-KUcIJshb867jvhOQsgn5YN*R4KynVnwvDfXSjIKYpFCBaSmUd9iEPi5hzQBQEgXbhTlbN6yjZijig-tm-h8qSplhltprNalq0gAJCTF8eA7YgXBXaLDQzoyCopFaRHqqQPWAYRg9D2UmdreFJC4yr*ys1wu18s=]]></url>
  <title><![CDATA[外国人在紫金瓦溪服务区上了趟厕所后，结果.....]]></title>
  <content><![CDATA[欢度国庆7日车流情况7 October 201810月6日，国庆节第六天，粤赣高速日车流量为104298车次，同比减少7.99%。梅河高速日车流量为38180车次，同比减少23.85%。大广高速日车流量为36292车次，同比减少38.62%。汕湛高速日车流量为81679车次，同比减少29.71%。龙连高速日车流量为9828车次。总车流量为车260547次，同比减少23.10%。一转眼国庆假期已经过了是不是觉得这个小长假过得还不够呢但是，有这么一群人呀国庆假没有放假一直在自己的岗位上默默地坚守守护着大家的安全他们就是最帅的河小警执勤执法10月7日，市公安局领导张超云到高速四大队大队部检查勤务，查看路面车流，落实督导国庆安保工作。交警支队罗晖副支队长，宋贤润主任到高速二大队三中队、热水服务区检查指导国庆安保工作。10月7日，高速四大队大队长刘兴凯、教导员曾祥蓬、副大队长叶敬忠巡逻至汕湛往广州方向水墩隧道入口时，发现一辆车发生故障，便立即设置路障、联系拯救，确保了隧道入口不发生堵塞。10月7日上午，高速四大队大队长刘兴凯、教导员曾祥蓬、副大队长叶敬忠巡逻至汕湛往汕头方向瓦溪路段时，发现一辆大货车与一辆小轿车发生碰撞事故，刘兴凯等立即设置路障、疏导交通、联系拯救，快速处置事故，消除二次事故的发生，确保了路面安全畅通。10月7日，江东大队安排警力在大学城周边学生各路口定点，保证交通畅通，迎接返校车流高峰，确保学生安全返校。10月7日，高速一大队谢建荣副大队长在粤赣高速热水路段巡逻管控时，发现一辆故障小面包车，车上有老有小非常危险，谢建荣迅速帮忙把车移到路边，指挥车上人员转移到护栏外，并通知拖车到场。为民服务10月7日，高速四大队治安中队在辖区服务区为节假日重点防护区域进行步行巡逻，防止治安案件的发生，在期间遇到国外友人错过班车的求救，巡逻队员用英语沟通之后得知，国外友人由潮州到广州，途经瓦溪服务区休息上洗手间出来时发现该班车已走，由于语言不通，国外友人一直在服务区搁置了将近2小时，直到治安中队人员到达巡逻期间求救。巡逻队员为国外友人寻找到另外的班车，并帮国外友人联系他在广州的朋友去花都车站接送他，事后得到了国外友人和广大群众的一致好评。10月7日下午6点30分，高速一大队教导员邬艺平、定点执勤民警韩帅与事故中队戴志学、队员许超源快速处置一起三车追尾事故，快速处置事故现场，清理油污，把伤员和车辆人员转移至服务区，并通知120到场。10月7日，高速四大队大队长刘兴凯途经粤赣高速城南入口发现往和平方向约100米处发生火情，刘兴凯立即通知高速一大队执勤民警和119消防队员到现场进行灭火，并对现场实行临时交通管制，直至交通秩序恢复。国庆节最后一天河小警依旧坚守在工作岗位上不怕苦、不怕累全力以赴投入到疏堵保畅工作中切实站好国庆假期最后一班岗默默守护着广大群众的出行安全为河小警！]]></content>
  <author><![CDATA[紫金论坛]]></author>
  <time>2018-10-08 18:34:01</time>
  <account><![CDATA[bbs-gdzijin]]></account>
</data>
