<data>
  <id><![CDATA[50531963]]></id>
  <url><![CDATA[https://mp.weixin.qq.com/s?timestamp=1539596622&src=3&ver=1&signature=Egrj350GoKY8-KUcIJshb867jvhOQsgn5YN*R4KynVnwvDfXSjIKYpFCBaSmUd9iEPi5hzQBQEgXbhTlbN6yjd8HBxoG2Y31k08WrFIXJFknBAv2VhQBWf19ElItL0Y2ZEJj68RGpn1EuQjPAUHsIulhF*KxWxQeNT465R*NyaM=]]></url>
  <title><![CDATA[明天后天紫金将上演这件事，为的是什么？]]></title>
  <content><![CDATA[紫金一线看紫金突发事件！好消息，紫金将迎来一场视听盛宴。为深入学习贯彻党的十九大精神和习近平新时代中国特色社会主义思想，庆祝改革开放40周年，广东省文化馆举办“唱响新时代”——2018广东省群众文艺惠民巡演活动，该巡演活动将于10月15日晚在紫金县水墩镇黎坑村演出，10月16日晚在县城文化体育广场演出。届时，演出将以声乐、器乐、舞蹈、曲艺、魔术、杂技等多种艺术表现形式，给大家带来一场精彩纷呈的视听盛宴。不用花钱还可以在家门口欣赏到这么高标准又精彩的节目。不管你是歌迷、乐器迷还是魔术发烧友，大人小孩，来就对了。来源：紫金发布]]></content>
  <author><![CDATA[紫金论坛]]></author>
  <time>2018-10-14 18:28:55</time>
  <account><![CDATA[bbs-gdzijin]]></account>
</data>
