<data>
  <id><![CDATA[50531963]]></id>
  <url><![CDATA[https://mp.weixin.qq.com/s?timestamp=1539596622&src=3&ver=1&signature=Egrj350GoKY8-KUcIJshb867jvhOQsgn5YN*R4KynVnwvDfXSjIKYpFCBaSmUd9iEPi5hzQBQEgXbhTlbN6yjbOHZ120mwRBFy7unt64DKsZE4tOrwZHm3ujnNhhyYQtYiiukqFx8Zd5tWlxTvPoq-f7JJjjHoTpNdvs84NeXsI=]]></url>
  <title><![CDATA[抢购|紫金八一饭店的石螺鸭脚煲原价58元，只需19.9元]]></title>
  <content><![CDATA[天气慢慢变冷了紫金人都喜欢吃各种煲类好吃又保暖昨天还热情似火的紫金今天气温骤降10°刚好来得及再来一顿鲜甜美味的石螺田螺煲石螺 鸭 脚 煲鸭脚、石螺、芋头、油豆腐，吃起来都特别满足；尤其是鸭脚得十分软糯绵滑入味、分量足。鸭脚选用要均匀，太大的白毛鸭子不好吃，店家买鸭脚选用花毛鸭脚，土鸭的。粉丝专属福利石螺 鸭 脚 煲原价58元抢购价19.9元抢购方式长按二维码，马上抢购本活动为线上支付，不开发票不支持退款，请慎拍每人限抢1份，每座限用一份先抢先得不可打包 不提供发票使用日期即日起2018年11月12日前过期作废温馨提示抢购成功后的粉丝到店核销使用营业时间9:00-1:30   4:30-8:30电话：152 1802 7050地址:紫金县新紫路365号（银华宾馆下侧）需提前致电或加商家二维码预约请扫商家二维码咨询抢购问题关于抢购方法还有不明白的请联系小编183-1622-6222微信同号核销方式方法一进入【紫金论坛】微信公众号点击限时抢购>我的订单>我的>未核销点开这家店抢购好的商品就可以看到8位数字的核销码方法二抢购前，长按二维码添加微信抢购后自动接收抢购成功信息（含核销码）环境舒适   简单干净八一饭店经营项目农家小炒  特色客家菜 承接酒席外送在八一，你还有很多选择！饿了吧？流口水了吧？还在等什么呢？还不赶紧约起来！专属美味，尽在【八一饭店】八一饭店电话：15218027050营业时间：9:00-1:30   4:30-8:30地址：紫金县新紫路365号（银华宾馆下侧）抢购问题关于抢购方法还有不明白的请联系小编183-1622-6222微信同号核销方式方法一进入【紫金论坛】微信公众号点击限时抢购>我的订单>我的>未核销点开这家店抢购好的商品就可以看到8位数字的核销码方法二抢购前，长按二维码添加微信抢购后自动接收抢购成功信息（含核销码）大牌抢购商家合作热线183-1622-6222]]></content>
  <author><![CDATA[紫金论坛]]></author>
  <time>2018-10-12 18:30:37</time>
  <account><![CDATA[bbs-gdzijin]]></account>
</data>
