<data>
  <id><![CDATA[50531963]]></id>
  <url><![CDATA[https://mp.weixin.qq.com/s?timestamp=1539596622&src=3&ver=1&signature=Egrj350GoKY8-KUcIJshb867jvhOQsgn5YN*R4KynVnwvDfXSjIKYpFCBaSmUd9iEPi5hzQBQEgXbhTlbN6yjZijig-tm-h8qSplhltprNap-kTe9Npi0M25ldMBxw30KOqOgz7Awd*UYK*2qwpF1*l4Eb2LdPhQ7KAV1oXUk94=]]></url>
  <title><![CDATA[国庆期间，紫金公安全警动员、全力以赴，保平安！]]></title>
  <content><![CDATA[紫金一线看紫金突发事件！2018年国庆期间，紫金县公安机关在县委、县政府和市公安局的领导下，提早谋划、周密部署，全警动员、全力以赴，从高从严从细落实各项安保措施，确保了全县政治大局持续稳定、社会治安秩序良好、道路交通安全畅通。据统计，10月1日至7日，共接报刑事治安警情4起，同比去年下降60%，没有发生影响社会稳定的群体性事件和政治事件，没有发生重特大刑事治安案件，没有发生较大以上的交通火灾事故和大范围、长时间的交通堵塞，没有发生民警违法违纪案事件，确保了全县人民群众在平安祥和的气氛中欢度国庆佳节。提高政治站位，强化组织部署一是提早部署。先后3次召开党委会议研究国庆安保工作，成立了由副县长、公安局长郭军阳任总指挥的国庆安保工作指挥部，精心制定了国庆安保工作实施方案。9月21日专门召开了中秋国庆“两节”安保工作动员部署会，对中秋国庆安保工作进行全面部署；9月30日又召开了视频会议，对国庆安保工作进行再动员再部署，确保全体警务工作人员以最佳状态投入国庆安保工作。二是领导重视。节前及节日期间，县委书记刘振林、县长廖继聪以及县委副书记、政法委书记朱永生，副县长、公安局长郭军阳等县领导分别深入一线，实地检查指导国庆安保工作，看望慰问坚守岗位的执勤人员，对国庆安保工作提出明确要求，为广大民警提供了强大的精神动力和组织保障。三是靠前指挥。县公安局党委成员实行主副班制，每天由2名局领导带班。工作中，局领导靠前指挥、坚守岗位，中层领导既当指挥员又当战斗员，与广大民警并肩作战，激发了全局民警的工作热情，促进各项安保工作严格贯彻落实。深入排查化解，筑牢稳定基础一是深入排查矛盾纠纷。组织警力在全县范围内开展矛盾纠纷大排查，积极配合相关部门做好化解处置工作，期间共排查调处矛盾纠纷30余起。二是加强重点人员稳控。全面落实重点人员管控，切实加强肇事肇祸重点人员、扬言报复社会人员、携带危险物品等重点人员的盘查管控，注意发现携带危险物品的人员，有效防止了个人极端暴力案件的发生。三是全面畅通情报信息。全面加强情报信息收集研判，启动联勤指挥部，每天组织召开研判会议，深入分析辖区节日社会治安规律特点、可能影响本地平安稳定的突出问题隐患，及时采取预警防范措施，严防形成现实危害。保持高压态势，持续严厉打击一是强化清查整治。节前，先后3次组织力量在全县范围内集中开展治安大清查行动，重点清查宾（旅）馆、娱乐场所、出租房、城郊结合部、企业及学校周边等重点场所、要害部位，及时整改和消除治安隐患。二是强化巡逻防控。针对节日期间人员流动频繁的特点，巡特警大队在县城区域主街道24小时不间断开展机动巡逻，抽调局机关警力每天晚上在县城重点线路亮警灯车巡，切实提高街面见警率和管事率，努力压缩违法犯罪空间。三是强化高压严打。强化打击力度，破获各类刑事案件12起，抓获犯罪嫌疑人12名，查获吸毒人员7名。9月30日，县城发生一起持刀抢劫案，紫金县公安局立即组织精干警力破案攻坚，于次日凌晨将嫌疑人抓获归案、串破案件2起。强化隐患治理，确保公共安全一是加强危爆物品管理。治安大队及各派出所对辖区所有涉爆、涉枪、涉危和放射性物品单位的生产、销售、运输、储存、使用等各个环节反复进行全面、细致的安全检查，最大限度地预防了安全事故的发生。二是加强监管安全管理。看守所、拘留所联合武警中队开展多次安全大检查，彻底消除不安全隐患，严格工作纪律，加强对在押人员的管理和教育工作，确保了监所安全。三是加强消防安全管理。消防大队对全县公共场所和内部单位进行了消防安全大检查，督促有关单位搞好火灾自防，严格执法标准，对发现的火灾隐患及时下发整改通知书，坚决堵塞漏洞，消除火灾隐患。同时，各派出所在做好值班备勤的基础上，合理调配警力，全力支持配合当地党委政府开展森林防火查控工作。四是加强交通安全管理。针对节日期间车流量急增、路面压力大的状况，交警大队实行全警上路，对重点干线、重点路段、事故多发路段进行24小时不间断机动巡逻管控，对容易发生堵塞的交通路口实行定点值守疏导，实现了道路交通安全、畅通、有序。从高从严要求，强化队伍管理一是加强值班备勤。节日期间，全体民警坚守岗位、认真负责，严格执行等级勤务制度，严格落实领导带班、请销假制度，确保警令畅通和有足够的警力随时应对突发事件。二加强思想教育。通过内部会议、短信提醒等方式，组织开展条规律令的警示教育活动，坚决防止民警违规违纪问题发生，实现了节日期间民警零违纪。三是加强检查督促。纪委、督察部门每天就节日期间安保措施的贯彻落实、执行条规律令、值班备勤等情况进行了专项督察，有力保障了各项安保措施的全面落实到位。来源：紫金公安]]></content>
  <author><![CDATA[紫金论坛]]></author>
  <time>2018-10-08 18:34:01</time>
  <account><![CDATA[bbs-gdzijin]]></account>
</data>
