<data>
  <id><![CDATA[50531963]]></id>
  <url><![CDATA[https://mp.weixin.qq.com/s?timestamp=1539596622&src=3&ver=1&signature=Egrj350GoKY8-KUcIJshb867jvhOQsgn5YN*R4KynVnwvDfXSjIKYpFCBaSmUd9iEPi5hzQBQEgXbhTlbN6yjbfEeWla1eVVygh7geEBxa59kZ7Xo7UvXUaDf6uuvDoKXcLO4sfaeQjX1ZidtJCMXV77goMxI1XEbtCKhsvQOJs=]]></url>
  <title><![CDATA[紫金凉飕飕，最低17℃！秋裤正在召唤你！]]></title>
  <content><![CDATA[「 爱 生 命，不 吸 毒！」紫金的小伙伴们昨天晚上开始是不是有种瞬间入冬的赶脚？今一早醒来世界只剩下一个字↓↓！！冷！！今日紫金最低气温：17℃部分地区还伴随着小雨瑟瑟花（发）抖~昨天晚上开始冷空气大军如约而至各地气温下跌，普降小阵雨秋装终于穿起来了注意啦！这两天最低温只有17℃新一股冷空气的主体已进入我国，给长江以北地区带来明显的大风、降温和雨雪天气；同时，冷空气的先头部队已东移南下，影响我国整个中东部地区，使得许多地区的气温创下半年来新低。对紫金来说，这股冷空气的先锋已在昨天晚上抵达，将持续影响至周五早上。根据天气预报今明两天紫金气温下降明显以阴天为主夜间最低气温在17℃可以看出来，从今天开始紫金天气将开始快速下降！其中紫金最低气温仅仅17℃！比你家空调的温度还要低！各位紫金网友，除了可以不用躲在空调房之外还可以在早上起来感受到浓浓秋意哦！还不赶紧把秋裤翻出来吗？日盼夜盼我们终于盼来了紫金入秋的那一天！不过，近期紫金天气变化大大家还是要密切关注噢！来源：紫金天气、中央气象台]]></content>
  <author><![CDATA[紫金论坛]]></author>
  <time>2018-10-11 20:10:00</time>
  <account><![CDATA[bbs-gdzijin]]></account>
</data>
