<data>
  <id><![CDATA[50531963]]></id>
  <url><![CDATA[https://mp.weixin.qq.com/s?timestamp=1539596622&src=3&ver=1&signature=Egrj350GoKY8-KUcIJshb867jvhOQsgn5YN*R4KynVnwvDfXSjIKYpFCBaSmUd9iEPi5hzQBQEgXbhTlbN6yjTZrgCZ4PMCKVYFDP1EzbmeKXjU9d-tZ5OLYpL-oJ5rt-WaEKdBjtdFfx*2g8yL568avLEhpHl7dcHw-nviCcTs=]]></url>
  <title><![CDATA[紫金这路段发生一起严重车祸，一名老人及小孩表情痛苦……]]></title>
  <content><![CDATA[[点击上图进入]!!!!!!!!!!!!!!!!!!!!!!!!!!!!!!!!!!!!!!!!!!!!!!!!!!!!!!!!!!!!!!!!!!!!!!!!!!!!!!!!!!!!!!!!!!!!!!!!!!!!!!!!!!!!!!接到网友的视频及报料；昨天下午16时40分左右，在紫金县紫城镇乌石鹧鸪路段发生一起严重交通事故，一辆皮卡与男装摩托车发生碰撞，从视频中可见，该事故造成多人受伤，其中包括一名老人及小孩，接到警情的交警以及120救护中心在第一时间赶到了事故现场，目前伤者已被送往医院救治中。该事故具体详情有待相关职能部门调查发布为准！!!!!!!!!!!!!!!!!!!!!!!!!!!!!!!!!!!!!!!!!!!!!!!!!!!!!!!!!!!!!!!!!!!!!!!!!!!!!!!!!!!!!!!!!!!!!!!!!!!!!!!!!!!!!!!现场视频一现场视频二在此提醒广大车友：开车时要集中注意力，要自觉遵守交通规则，在雨天路滑和视线模糊的情况下，在闹市区及学校路段和道路复杂的路段，行驶时应注意减速慢行，切勿超速行驶及酒后驾驶，请勿在开车时拨打电话和玩手机，多点礼让，顾己及人。文明驾驶，安全出行；敬畏法规，礼让行人；宁等三分，不抢一秒；十次事故九次快；安全第一，尊重生命……图所有这些，其实并非“口号”而是“警告”，只有把这些用“血的代价”“惨的结果”换来的教训警言，内化于心，外化于行，方可和安全结伴，与事故远离。回望众多交通事故，事实证明：十次事故九次快。出事之后的开车当事人，往往是后悔莫及，怪自己“要是不开那么快就不会出这事。]]></content>
  <author><![CDATA[紫金论坛]]></author>
  <time>2018-10-05 18:54:02</time>
  <account><![CDATA[bbs-gdzijin]]></account>
</data>
