<data>
  <id><![CDATA[50531963]]></id>
  <url><![CDATA[https://mp.weixin.qq.com/s?timestamp=1539596622&src=3&ver=1&signature=Egrj350GoKY8-KUcIJshb867jvhOQsgn5YN*R4KynVnwvDfXSjIKYpFCBaSmUd9iEPi5hzQBQEgXbhTlbN6yjflvIIsM2ohx-VvlYJ0rCF3JjHFw*zctEhsJANbUQq0aZxFCWxY*3ItCOLJBpa0bF45VLp6AGb372pn0smOFH0s=]]></url>
  <title><![CDATA[玩转周末~紫金这个地方竟藏着这样一片葡萄园！让你摘到爽...]]></title>
  <content><![CDATA[秋天真是一个令人按捺不住的季节因为有太多水果可以吃啦眼下正是吃葡萄的好时节龙窝礼坑漓江葡萄庄园里早已硕果累累对吃货们来说市场上买的葡萄哪能吃的过瘾必须亲自摘的才好吃啊！漓江葡萄庄园采摘地址▼紫金县龙窝镇礼坑村（距县城约25公里）联系电话：13632860236▼点击播放视频航拍漓江葡萄园视频来源：达人微视漓江葡萄庄园喊你来摘葡萄漓江葡萄庄园占地约100亩，投资300多万采用先进的避雨式灌滴栽培技术种植有黑提、红提、有机葡萄等多个品种当走进这片田园时就会看见一颗颗一串串，毫无瑕疵葡萄就以如此干净润透的形式展现在大家面前漫步在田间小路上，附近青山环绕，抬头就能看见蓝天白云，令人心情舒畅。天气渐渐凉爽，吹着徐徐微风，在葡萄架下一边摘葡萄，一边谈笑风生，正是乐趣所在。从枝头到舌尖的美味走进葡萄园，沉甸甸的葡萄在绿色的枝蔓间若隐若现，挑逗着采摘者们的视觉和味觉。这些紫的发红的葡萄，一看就很甜，让人忍不住想摘一颗尝尝鲜！挥起小剪子，剪下一串晶莹剔透的“玛瑙”放入篮子里，顿时就能感觉到收获的满足。摘累了，就在葡萄架下歇歇脚，清风送爽，葡萄飘香，心情乐悠悠哒！葡萄那么多，醉甜是巨峰圆润红褐色的外表，大小均匀紧凑，自带美颜，果香四溢，让人忍不住就想亲上去……对，它就是男女老少通吃的葡萄之王——巨峰葡萄！这里的葡萄，原生态生长，绿色新鲜无公害，果大甜香，让你吃得放心~无公害的绿色水果不打农药、不用催熟剂吃过漓江葡萄园的葡萄的人都说好清甜可口扒开葡萄皮，嫩嫩的果肉呈现在你的眼前，果肉半透明的看上去像水晶，像玛瑙，还散发着迷人的香味。除了采摘葡萄黄瓤西瓜西瓜是黄瓤的，特甜每个西瓜两三斤小巧玲珑，非常可爱漓江葡萄园内提供开同学会、同事聚餐场地可同时容纳200至300人就餐菜色丰富需要提前预约联系电话：180 3850 3499 许女士接下来，就到漓江葡萄来场甜蜜的约会吧！在这里品尝甜蜜与亲朋好友畅游享受原生态自然风光……百闻不如一见百见不如一尝心动不如行动多吃葡萄还能有助于消化、预防癌症、益气补血、预防心脑血管疾病葡萄树要按照生物的节律种植不采用反季节的种植方式时令葡萄，就在龙窝礼坑漓江葡萄园蓝天白云，晴空万里约上家人朋友来漓江葡萄庄园摘葡萄吧欣赏田园风光体验大自然的乐趣留下一生美好的记忆如需导航定位请添加微信发送位置给您▼▼▼外地的朋友可快递添加微信咨询无公害、非转基因、绿色食品本庄园还有自酿葡萄酒出售纯天然手工制作的天然美酒感谢大家支持与关注葡萄留齿间万串葡萄等你来尝鲜点击“阅读原文”一键导航，直接到达目的地]]></content>
  <author><![CDATA[紫金论坛]]></author>
  <time>2018-10-13 10:58:05</time>
  <account><![CDATA[bbs-gdzijin]]></account>
</data>
