<data>
  <id><![CDATA[50531963]]></id>
  <url><![CDATA[https://mp.weixin.qq.com/s?timestamp=1539596622&src=3&ver=1&signature=Egrj350GoKY8-KUcIJshb867jvhOQsgn5YN*R4KynVnwvDfXSjIKYpFCBaSmUd9iEPi5hzQBQEgXbhTlbN6yjflvIIsM2ohx-VvlYJ0rCF2yv3xlHA5Q3EiKzKVuXd2pNrjj9hTRJwfzmg2fSsg*0Af6nQcyg06tq4BeIhmAf3Q=]]></url>
  <title><![CDATA[广东入秋？别被降温骗了，之后的天气是这样的！还有几种疾病要预防]]></title>
  <content><![CDATA[紫金一线看紫金突发事件！寒露过后冷空气首秀给广东带来雨水和清凉24小时最高变温达10℃对于这波冷空气大家可还满意？感受一下今天上午9时柠檬味的鸡腿这两天我们终于可以拿出妈妈给我买的秋裤和全国人民一起致敬降温了！有人问是不是入秋了too young too naive按照往年惯例（你懂的）入秋不经历几次失败怎么能够成功呢~所以说入秋还要再等等广东入秋进程了解下↓常年寒露期间，粤北将渐渐完成由夏入秋的转变，像韶关，常年10月16日将开启长达77天的秋季。而中部的广州和南端的徐闻要入秋，还得再等等。还能凉多久？看图↓预计，12日—14日我省受减弱东移的冷空气影响，西部市县多云转分散小雨，东部市县多云为主；全省大部早晚清凉，轻雾较为明显，能见度偏低，气温逐步回升。偷偷告诉大家这波冷空气走后预计15日—17日将有一波降雨过程气温小幅下降所以亲们的衣服还是快快准备吧~在“广东发布”微信对话框回复“天气”即可查看实时天气话说接下来不论气温再怎么升早晚还是清凉的所以大家还是要注意早晚添衣同时还得注意预防这些“十月病”登革热近期天气虽然转凉，但我省登革热疫情仍处于流行高峰期，广州、湛江、中山、佛山、潮州等地病例数较多，加上近日雨水较多、气温适宜，容易孳生伊蚊，感染登革热风险较高。全省有18个地市报告登革热病例，输入和本地病例较去年同期均明显增加。俗话说：“最毒不过秋蚊子”。被秋天的蚊子叮咬后，红肿要持续好几天，而且比夏天的蚊子咬后更瘙痒。其实，这是因为秋季气候凉爽，更适宜蚊子活动。✎ 典型症状三红（面、颈、胸部会潮红、出现红疹）、三痛（头痛、眼眶痛、肌肉与关节痛）。✎ 如何传播？由伊蚊叮咬传播✎ 如何避免中招？· 清理积水：室内室外必须清理积水，勤倒垃圾，搞好周围生活环境，保持卫生干净，从源头上杜绝蚊虫的滋生，减少蚊虫的数量。· 安装纱窗：安装防蚊纱窗，从物理层面上防止蚊虫进入室内。· 驱蚊喷雾：在户外走动休息的时候，应该在身上喷驱蚊水，或者穿上长袖、长裤。手足口病截至今年9月，我省手足口病发病呈上升趋势，专家研判认为，10月我省手足口病流行强度较9月将会有所增加，存在聚集性疫情发生的风险。✎ 典型症状发热、口腔粘膜、手、足、脚、臀部疱疹。5岁及以下的儿童容易中招。✎ 如何传播？通过密切接触传播✎ 如何避免中招？· 勤洗手：饭前便后，接触孩子前，处理粪便、呕吐物后均要及时洗手。· 勤通风：每天要开窗通风2~3次，每次不少于30分钟。· 勤消毒：清洗、消毒孩子使用的餐具、奶瓶、奶嘴、玩具和其他物品。· 勤观察：留意孩子口腔、手、足、臀部等部位是否有皮疹，如有，则尽早就医。· 打疫苗：接种EV71疫苗，可以显著减少EV71导致的手足口病重症和死亡病例发生。诺如病毒感染腹泻✎ 哪些人容易中招？· 幼托儿童· 中小学生· 年长者✎  如何避免中招？· 洗净双手：吃/做饭前以及如厕后务必洗净双手。· 洗净果蔬：即食蔬果在食用前要清洗干净。· 煮熟煮透：食物必须煮熟煮透，特别是海产品。· 加强通风：要常常开窗，保持室内空气流通。流行性感冒✎ 哪些人容易中招？· 幼托儿童、中小学生、老人· 患有慢性疾病特别是肺系疾病、免疫力低下者✎  如何避免中招？· 良好习惯：保持良好的个人卫生习惯，勤用肥皂、洗手液以及流动的清水洗手。· 开窗通风：空气良好时要多开窗通风，保持室内空气新鲜。· 避免拥挤：尽量不去人流密集、空气污浊的场所。· 健康生活：保持均衡的饮食、适量的锻炼以及充足的睡眠，增强身体抵抗力。编辑：孙黎明、黄璐翎校核：章淼来源：广东天气、广东疾控、深圳大件事]]></content>
  <author><![CDATA[紫金论坛]]></author>
  <time>2018-10-13 10:58:05</time>
  <account><![CDATA[bbs-gdzijin]]></account>
</data>
