<data>
  <id><![CDATA[50531963]]></id>
  <url><![CDATA[https://mp.weixin.qq.com/s?timestamp=1539596622&src=3&ver=1&signature=Egrj350GoKY8-KUcIJshb867jvhOQsgn5YN*R4KynVnwvDfXSjIKYpFCBaSmUd9iEPi5hzQBQEgXbhTlbN6yjaBRjs7mSWHHj86Bf9eCSB36DwJZNGJ9hRth9xQDCQaUS7LJR7Bl1k9O-NMbEbo*rZDwf1YkcrySFgvZkvuG8qc=]]></url>
  <title><![CDATA[紫金中秋国庆期间发生的山火案，已全部告破！]]></title>
  <content><![CDATA[[点击上图进入]电视台报道▽iiiiiiiiiiiiiiiiiiiiiiiiiiiiiiiiiiiiiiiiiiiiiiiiiiiiiii针对中秋、国庆期间拜山祭祖违规用火引发森林火灾的现象，我县森林公安机关加大查处力度。10月9日，森林公安机关再破两宗森林火灾案。至此，中秋、国庆期间发生的山火案全部告破。iiiiiiiiiiiiiiiiiiiiiiiiiiiiiiiiiiiiiiiiiiiiiiiiiiii10月2日上午11时许，我县森林公安机关接报称：黄塘镇拱桥村发生山火。接报后，森林公安迅速出警。经查实，该山火违法嫌疑人钟某平，在案发当天为其母81寿宴请客时，在黄塘镇拱桥村牛见村民小组村道燃放鞭炮，引燃路边及山岭芒草，导致山火。10月8日县公安局批准，对钟某平处行政拘留10日处罚。iiiiiiiiiiiiiiiiiiiiiiiiiiiiiiiiiiiiiiiiiiiiiiiiiiii10月2日上午11时，我县森林公安机关接报称：凤安镇横排村山岭发生山火。接报后，局主要领导带队调查取证，查实该山火违法嫌疑人张某动，在凤安镇横排村上积村小组练杆坪山岭拜祭其岳父的地坟时，因烧纸钱不慎引燃山火。10月9日县公安局批准，对张某动处行政拘留10日处罚。iiiiiiiiiiiiiiiiiiiiiiiiiiiiiiiiiiiiiiiiiiiiiiiiiiiiiiiiiiiiiiiiiiiiiiiiiiiiiiiiiiiiiiiiiiiiiiiiiiiiiiiiiiiiiiiiiiiiiiiiiiiiiiiiiii来源：紫金县广播电视台]]></content>
  <author><![CDATA[紫金论坛]]></author>
  <time>2018-10-10 18:07:57</time>
  <account><![CDATA[bbs-gdzijin]]></account>
</data>
