<data>
  <id><![CDATA[50531963]]></id>
  <url><![CDATA[https://mp.weixin.qq.com/s?timestamp=1539596622&src=3&ver=1&signature=Egrj350GoKY8-KUcIJshb867jvhOQsgn5YN*R4KynVnwvDfXSjIKYpFCBaSmUd9iEPi5hzQBQEgXbhTlbN6yjaBRjs7mSWHHj86Bf9eCSB1CQGPHgcz6wBGYNXcFNIgqWT08GFTUqkYlgYyLoO7NhVS4SYH0jqF0pS5TQnMiA20=]]></url>
  <title><![CDATA[国庆期间，紫金吸金超2亿元，是哪里来的？]]></title>
  <content><![CDATA[[点击上图进入]国庆期间紫金旅游实现“安全、稳定、和谐”的目标共接待游客31.79万人次，收入2.13亿元iiiiiiiiiiiiiiiiiiiiiiiiiiiiiiiiiiiiiiiiiiiiiiiiiiiiiiiiiiiiiiiiiiiiiiiiiiiiiiiiiiiiiiiiiiiiiiiiiiiiii据介绍，刚刚结束的国庆假期，紫金旅游接待人数累计突破30万人次，自驾游成为主流。国庆期间，紫金旅游市场供给充足、需求旺盛、运行平稳、安全有序，自驾游取代团队游成为主流。据不完全统计，国庆期间，紫金共接待游客31.79万人次，收入2.13亿元，同比增长15.2%和15.1%。游客出行呈现出稳定上升趋势，乡村游、温泉游受到广大游客的欢迎。紫金自然生态环境优越，森林覆盖率达76%，空气、水质常年达到国家Ｉ级、II级标准。境内山川秀美，古树参天，瀑布飞流，处处仙境，是休闲旅游的胜地和度假养生的“天然福地”。今天的紫金，拥有与粤港澳大湾区更近的距离。紫金毗邻惠州等珠三角地区，是最邻近珠三角的地区之一，直达广州的汕湛高速公路已建成通车，通往惠州、东莞与河源市区的河惠莞高速和河紫快速公路将在2020年建成通车。随着河惠汕高速、赣深高铁、龙汕铁路、揭梧铁路等一批重大交通项目陆续规划建设，紫金将成为粤东西北地区连接珠三角和沿海地区通往内陆地区的重要节点。县委十三届五次全会提出，紫金要发挥综合资源优势，推动全域旅游发展。深入实施《紫金县实施旅游振兴战略三年行动方案（2018-2020年）》，依托我县丰富的旅游资源，努力构建以休闲度假、生态观光、温泉养生、红色教育、乡村体验等为主的多元化生态旅游新格局。重点要大力推动九和御临门温泉度假村创建国家5A级景区，着力打造苏区红色革命旧（遗）址群、南岭德先楼、蓝塘邓缵先爱国廉政教育基地等旅游景点，使之成为紫金旅游的响亮招牌；加快苏区、南岭、九和、凤安等镇创建省级旅游风情小镇和市级旅游小镇，打造成我县旅游业发展的龙头；依托连片示范生态宜居美丽乡村样板工程建设，培育完善一批精品乡村旅游线路，带动全县旅游业加快发展。紫金正以绿色经济为引领，加快建设粤港澳大湾区产业转移重要承载区、后花园和菜篮子基地，在乡村振兴、城乡融合发展和壮大县域经济方面走在全市前列，努力推动紫金成为河源建设全省绿色发展示范区、融入粤港澳大湾区生态排头兵的先行地的发展新路上奋勇前进。蓝塘镇举办篮球赛喜迎国庆蓝塘镇举行男子篮球赛喜迎国庆，本次共有16支代表队参加比赛，活动于10月1日开幕，6日的决赛决出了冠、亚、季军，冠军为蓝塘村代表队，亚军为砂塘村代表队，季军为市北村代表队。通过此次比赛，使广大干部群众进一步增进了感情，也为干部群众提供了锻炼的机会，丰富了人民群众的文化生活。来源：紫金发布]]></content>
  <author><![CDATA[紫金论坛]]></author>
  <time>2018-10-10 18:07:57</time>
  <account><![CDATA[bbs-gdzijin]]></account>
</data>
