<data>
  <id><![CDATA[50531963]]></id>
  <url><![CDATA[https://mp.weixin.qq.com/s?timestamp=1539596622&src=3&ver=1&signature=Egrj350GoKY8-KUcIJshb867jvhOQsgn5YN*R4KynVnwvDfXSjIKYpFCBaSmUd9iEPi5hzQBQEgXbhTlbN6yjbOHZ120mwRBFy7unt64DKsHKKZ1D4DRc0sbQ6VRGdSEoQRuq0kceSAInMMZcG1PYqIPnFCXQnsYYnFjXxxmXwk=]]></url>
  <title><![CDATA[紫金这两条河的水环境得到改善，快看看是不是你住的地方！]]></title>
  <content><![CDATA[电视台报道▽iiiiiiiiiiiiiiiiiiiiiiiiiiiiiiiiiiiiiiiiiiiiiiiiiiii10日，县长、韩江流域总河长廖继聪率队到中坝、敬梓两镇巡河，要求全面落实河长制，加强日常巡查，维护良好河道秩序。县政府党组成员廖振辉，以及县府办、水务、环保、国土等有关部门负责人和镇、村级河长陪同了巡查。iiiiiiiiiiiiiiiiiiiiiiiiiiiiiiiiiiiiiiiiiiiiiiiiiiii当天下午，县长、韩江流域总河长廖继聪一行先后到了中坝镇、和敬梓镇，对两镇辖区内的韩江支流进行了巡查。廖继聪肯定了中坝、敬梓两镇今年以来按照上级部署认真执行河长制度，有效遏制了往河道乱倒垃圾、填土占河、非法采砂等现象，水环境得到明显改善。iiiiiiiiiiiiiiiiiiiiiiiiiiiiiiiiiiiiiiiiiiiiiiiiiiii针对巡查中发现的个别垃圾入河和占用河堤问题，廖继聪要求相关部门和所在镇要迅速行动、铁腕治理，切实巩固来之不易的水环境整治成果。iiiiiiiiiiiiiiiiiiiiiiiiiiiiiiiiiiiiiiiiiiiiiiiiiiii廖继聪指出，实施河长制度是一项长期的工作，各级要高度重视，特别是镇村两级要切实增强责任感，尽快探索和建立行之有效的三级河长日常巡河体系，全面加强河道日常巡查和管理，严厉打击非法采砂、非法排污、非法占用河道等行为，实现“河畅、水清、堤固、岸绿、景美”目标。来源：紫金县广播电视台]]></content>
  <author><![CDATA[紫金论坛]]></author>
  <time>2018-10-12 18:30:37</time>
  <account><![CDATA[bbs-gdzijin]]></account>
</data>
