<data>
  <id><![CDATA[50531963]]></id>
  <url><![CDATA[https://mp.weixin.qq.com/s?timestamp=1539596622&src=3&ver=1&signature=Egrj350GoKY8-KUcIJshb867jvhOQsgn5YN*R4KynVnwvDfXSjIKYpFCBaSmUd9iEPi5hzQBQEgXbhTlbN6yjbOHZ120mwRBFy7unt64DKslUIUXpaom*4WXuNjGg4bzQMrPSCIKL1kJv2cF5ybcXr6CcgocXeUVMem*lX98Lm4=]]></url>
  <title><![CDATA[［活动预告］2018广东省群众文艺惠民活动将在紫金巡演]]></title>
  <content><![CDATA[「 爱 生 命，不 吸 毒！」想必大家还在火爆的国庆长假余温中搔首难耐，好消息是，黄金周一过，紧接着将迎来一场视听盛宴，挑逗我们的五官六感。当然，这么巨大的福利是有来头的。为深入学习贯彻党的十九大精神和习近平新时代中国特色社会主义思想，庆祝改革开放40周年，广东省文化馆举办“唱响新时代″——2018广东省群众文艺惠民巡演活动，10月15日晚在紫金县水墩镇黎坑村演出，10月16日晚在县城文化体育广场演出。届时，节目将以声乐、器乐、舞蹈、曲艺、魔术、杂技等多种艺术表现形式给群众带来一场精彩纷呈的视听盛宴。不用花钱还可以在家门口欣赏到这么高标准又精彩的节目。不管你是歌迷、乐器迷还是魔术发烧友，大人小孩，来就对了。来源：紫金县文化馆]]></content>
  <author><![CDATA[紫金论坛]]></author>
  <time>2018-10-12 18:30:37</time>
  <account><![CDATA[bbs-gdzijin]]></account>
</data>
