<data>
  <id><![CDATA[50531963]]></id>
  <url><![CDATA[https://mp.weixin.qq.com/s?timestamp=1539596622&src=3&ver=1&signature=Egrj350GoKY8-KUcIJshb867jvhOQsgn5YN*R4KynVnwvDfXSjIKYpFCBaSmUd9iEPi5hzQBQEgXbhTlbN6yjflvIIsM2ohx-VvlYJ0rCF1dmsf86Mk4pewU2RG6h7k-2ZRawPhPS5Vj70JN184O1QKHYrto*oL5rJKLZNIV45s=]]></url>
  <title><![CDATA[紫金某村道被人破坏，悬崖上百米，经过提心吊胆~]]></title>
  <content><![CDATA[网友爆料：我是紫金县瓦溪镇墩头村一名普通的村民，日常在家种两亩小菜为生，逢圩日主要销售县城为主，来回必经乌石龙潭村路段，近日发现潭公爷（庙下角）有人私自建养生池（在建）严重破坏道路（已下沉，路边是悬崖几百米深，危及行车安全）及山岭造成失去青山绿水。要求相关主管部门对违法私自占有，非法开采行为，按照政策“从严、从快、从重”的原则，及时处理，及时取缔，绝不姑息。还我们子孙后青山绿山。还我们宽敞、美观的村道。附:现场图。免责声明本文所表述内容，仅代表报料网友或作者观点及立场，与紫金论坛无关，本公众号转载出于传递信息之目的，并不意味着赞同其观点或证实其内容的真实性，不承担任何解释义务及责任。您使用本公众号即视为您同意本免责声明。来源/今日紫金]]></content>
  <author><![CDATA[紫金论坛]]></author>
  <time>2018-10-13 10:58:05</time>
  <account><![CDATA[bbs-gdzijin]]></account>
</data>
