<data>
  <id><![CDATA[50531963]]></id>
  <url><![CDATA[https://mp.weixin.qq.com/s?timestamp=1539596622&src=3&ver=1&signature=Egrj350GoKY8-KUcIJshb867jvhOQsgn5YN*R4KynVnwvDfXSjIKYpFCBaSmUd9iEPi5hzQBQEgXbhTlbN6yjZijig-tm-h8qSplhltprNZNC2RLL*Qq9W5CVdLfe4OEKeTH2xfgteBv3qrb1f4uIDf1Uvheb4qxp46Fmoq0Anw=]]></url>
  <title><![CDATA[我想回紫金！嫁到外地我后悔了…]]></title>
  <content><![CDATA[紫金一线看紫金突发事件！最近有位网友留言说：“自己两年前嫁到外地，本来为了爱情奋不顾身但和理想生活的差距，生活习惯的差异与父母、亲人相隔太远感情变淡，与婆家的矛盾，让自己伤痕累累唯一值得安慰的是丈夫对自己还不错但现在想起来，还是有些后悔远嫁他乡。”远嫁不是不行，但请一定要慎重！]]></content>
  <author><![CDATA[紫金论坛]]></author>
  <time>2018-10-08 18:34:01</time>
  <account><![CDATA[bbs-gdzijin]]></account>
</data>
