<data>
  <id><![CDATA[50531963]]></id>
  <url><![CDATA[https://mp.weixin.qq.com/s?timestamp=1539596622&src=3&ver=1&signature=Egrj350GoKY8-KUcIJshb867jvhOQsgn5YN*R4KynVnwvDfXSjIKYpFCBaSmUd9iEPi5hzQBQEgXbhTlbN6yjbfEeWla1eVVygh7geEBxa683uXPymY5L2V4Jr0cPA8bxmLANymtGR7c3zQVSMpDDEVyLdaqdOu*ichDN*367yc=]]></url>
  <title><![CDATA[这位紫金人登上2018胡润百富榜！猜猜他是谁？]]></title>
  <content><![CDATA[千呼万唤始出来2018胡润百富榜终于出炉！iiiiiiiiiiiiiiiiiiiiiiiiiiiiiiiiiiiiiiiiiiiiiiiiiiiiiiiiiiiiiiiiiiiiiiiiiiiiiiiiiiiiiiiiiiiiiiiiiiiiiiiiiiii小编也挺激动赶紧去看了看自己的排名还是很稳定的那就是依旧看不见.....iiiiiiiiiiiiiiiiiiiiiiiiiiiiiiiiiiiiiiiiiiiiiiiiiiiiiiiiiiiiiiiiiiiiiiiiiiiiiiiiiiiiiiiiiiiiiiiiiiiiiiiiiiii那么谁是中国最有钱的人？咱们紫金有人上榜吗？紫金首富是谁呢？我们一起来看看……胡润百富榜富豪前100名排名财富(人民币)姓名年龄关联企业主营行业12700 亿马云家族54阿里系电子商务、金融科技22500 亿许家印60恒大房地产、投资32400 亿马化腾47腾讯互联网服务41500 亿杨惠妍37碧桂园房地产51400 亿王健林家族64万达房地产、文化61300 亿何享健、何剑锋父子76、51美的家电制造71200 亿王卫48顺丰快递71200 亿严昊家族32太平洋建设基础建设91150 亿李彦宏、马东敏夫妇50、48百度搜索引擎101100 亿雷军49小米智能硬件、投资101100 亿王文银家族50正威有色金属121000 亿姚振华48宝能投资、房地产13950 亿黄峥38拼多多购物网站13950 亿张近东55苏宁零售、房地产13950 亿张志东46腾讯互联网服务16900 亿丁磊47网易互联网技术16900 亿李书福家族55吉利汽车制造16900 亿宗庆后家族73娃哈哈饮料19850 亿许荣茂家族68世茂房地产20825 亿孙飘扬、钟慧娟夫妇60恒瑞制药、豪森制药医药21800 亿卢志强家族66泛海金融、房地产22790 亿陈建华、范红卫夫妇47恒力化纤、石化、房地产23780 亿严彬64华彬饮料、地产24750 亿刘强东44京东电子商务、金融25670 亿林立55立业金融、投资26650 亿许世辉家族61达利食品食品26650 亿张士平家族72魏桥创业纺织、铝业26650 亿张一鸣35字节跳动推荐引擎29630 亿刘永行家族70东方希望氧化铝、重化工、饲料30620 亿王玉锁、赵宝菊夫妇54、53新奥天然气、能源化工31590 亿龚虹嘉、陈春梅夫妇53、53海康威视视频监控产品31590 亿王清涛56中融新大煤焦33585 亿吴亚军家族54龙湖房地产34550 亿张勇、舒萍夫妇47、48海底捞餐饮35520 亿郭广昌51复星投资35520 亿庞康62海天味业食品37505 亿陈丽华77富华房地产、紫檀博物馆38500 亿陈东升家族61泰康保险38500 亿马建荣家族53申洲针织纺织、服装40490 亿沈国军家族56银泰零售、房地产、物流40490 亿王文学51华夏幸福房地产42475 亿阎志46卓尔房地产、投资43460 亿孙广信56广汇汽车销售、能源、房地产43460 亿孙宏斌55融创房地产45455 亿谢炳、郑翔玲夫妇66、54中国生物医药46450 亿方威45方大碳素、钢铁、煤焦46450 亿鲁伟鼎家族47万向汽车制造业、房地产、农业46450 亿汪滔38大疆无人飞机49430 亿周建平家族57海澜服装、投资50420 亿潘政民、吴春媛夫妇51、/瑞声科技声学科技50420 亿周鸿祎48奇虎360互联网安全与软件、搜索52410 亿马兴田家族49康美药业医药53400 亿曾毓群50宁德时代锂电池53400 亿蒋仁生家族65智飞生物疫苗53400 亿李水荣62荣盛控股化纤53400 亿史玉柱、史静父女56巨人金融、在线游戏、投资57395 亿周群飞、郑俊龙夫妇48、46蓝思科技电子器件制造58390 亿江南春45分众传媒数字新媒体、投资58390 亿王兴39美团点评生活服务58390 亿朱保国家族56健康元医药61385 亿车建兴52红星美凯龙家具连锁62380 亿刘永好家族67新希望农业、化工、金融62380 亿张劲47雪松控股投资、房地产62380 亿徐镜人74扬子江药业医药65365 亿陈邦53爱尔眼科医疗服务65365 亿纪海鹏家族51龙光地产房地产65365 亿张茵家族61玖龙纸业环保造纸68360 亿林斌50小米智能硬件、投资68360 亿张邦鑫38好未来教育70355 亿秦英林、钱瑛夫妇53、52牧原畜牧71350 亿蔡奎家族57龙湖房地产71350 亿李华家族52卓越房地产71350 亿刘益谦家族55新理益投资71350 亿童锦泉63长峰房地产房地产71350 亿胡凯军56远大医药76340 亿聂腾云、陈立英夫妇42、43韵达物流76340 亿张宏伟64东方能源、零售76340 亿张峻、陶美萦夫妇/富德金融、房地产79330 亿林秀成、林志强父子63、44三安LED79330 亿欧宗荣54正荣房地产79330 亿于泳/鸿商产业钼矿82320 亿陈红天家族59、/祥祺投资、房地产82320 亿陈天桥、雒芊芊夫妇45盛大投资、在线游戏82320 亿冯海良58海亮铜加工、投资82320 亿傅军61新华联房地产、矿业、投资82320 亿吕向阳、张长虹夫妇56、57融捷投资投资82320 亿徐航56迈瑞医疗医疗设备、房地产82320 亿赵涛家族52步长医药89300 亿季昌群50丰盛控股房地产89300 亿李河君51汉能太阳能、风电、水电89300 亿李金元60天狮保健品89300 亿孙喜双65一方房地产、投资89300 亿魏建军、韩雪娟夫妇54、/长城汽车89300 亿朱鼎健家族44观澜湖房地产95295 亿宋作文家族71南山铝业、纺织、房地产95295 亿熊续强62银亿房地产、矿业、投资95295 亿姚良松54欧派家居橱柜95295 亿詹克团39比特大陆芯片99290 亿陈发树57新华都零售、矿、投资99290 亿缪寿良63富源房地产、水电、新能源99290 亿王传福52比亚迪汽车、充电电池99290 亿杨剑47中梁房地产99290 亿朱孟依家族59合生创展房地产、投资99290 亿陈金霞50涌金投资医药、投资emmmmm……熟人不少嘛这里还有一位出生于紫金哦他就是是立业集团的林立今年财富达670亿元排名全国第25位▼林立，出生于广东紫金，投资人，毕业于湖北工学院。林立拥有立业集团超过93.33%的控制权，立业集团持有中国平安2.4%的股权，林立任中国平安监事。2007年以140亿的财富排名41位 ；2012年福布斯中国富豪榜单，林立以89.5亿元排第58位。2015年福布斯华人富豪榜以17亿美元排行第184位。 2018年10月，林立以670亿元人民币财富位居2018年胡润百富榜第25位。2007年10月，紫金中学举行81周年校庆，林立以父子二人的名义，一次捐赠300万元。看完榜单小编忍不住去ATM机查了一下自己的存款还好照这个存款排名应该还是跟去年一样保持在14亿没有什么大的变化很稳定！我的存款离上榜只差个亿字了！大家一定要鼓励我请我吃吃饭让我有奋斗的动力指不定哪天我真的上榜了呢数据来源：胡润百富]]></content>
  <author><![CDATA[紫金论坛]]></author>
  <time>2018-10-11 20:10:00</time>
  <account><![CDATA[bbs-gdzijin]]></account>
</data>
