<data>
  <id><![CDATA[50531963]]></id>
  <url><![CDATA[https://mp.weixin.qq.com/s?timestamp=1539596622&src=3&ver=1&signature=Egrj350GoKY8-KUcIJshb867jvhOQsgn5YN*R4KynVnwvDfXSjIKYpFCBaSmUd9iEPi5hzQBQEgXbhTlbN6yjZijig-tm-h8qSplhltprNa-YPnS-PvltHPe0GyNHMoYOF8eJWu4WnhPexbz4Wil0dnL6fwWfbvBoJXD*Dy6MzY=]]></url>
  <title><![CDATA[紫金10·6火烧山是谁干的？速点击......]]></title>
  <content><![CDATA[紫金电视台报道▽县森林公安机关作为维护森林资源和打击破坏森林资源安全的主力军。国庆期间，全体干警从讲政治的高度出发，把打击现行森林火灾违法犯罪行为和构建平安紫金提到同等高度，把打击山火肇事者作为当前第一要务来抓，以最严的措施、最硬的手段、最强的问责，全力维护我县森林资源安全和生态安全。2018年10月6日上午11时许，紫城镇乌石村大坝村小组发生森林火灾。警情就是命令，森林公安办案民警接报后第一时间赶赴案发现场，在当地派出所的配合下，于当天12时20分，将现场祭祖的赖某连等12人全部依法带至森林公安机关办案场所进行询问、排查。经办案人员分组连续摸排、询问，连夜调取相关视频资料，综合相关材料，经充分研判，于次日凌晨3时突破锁定该山火案犯罪嫌疑人赖某连(女，52岁，紫金县紫城镇乌石村人)。经查实，赖某连于当天上午9时许与其家族前往案发地扫墓拜坟时，因未做防火措施，在拜坟烧纸钱引燃该森林火灾，经林业技术员测定，该森林火灾烧毁有林面积达到刑事立案标准，2018年10月7月经县公安局批准，赖某连涉嫌失火罪被刑事拘留，目前，案件正在进一步审理中。2018年10月7日中午12时度，森林公安办案人员接警情后，前往中坝镇上石村上进村小组山岭森林火灾现场进行侦办。经查，犯罪嫌疑人肖某明(男，60岁)当日前往案发山岭拜祭其父亲地坟烧纸钱引燃该山火，经林业技术员测定该山火烧毁有林面积达到刑事立案标准，森林公安机关立刑事案侦查。同日，肖某明涉嫌失火罪，被县公安局刑事拘留。目前案件正在进一步审理中。来源：紫金县广播电视台]]></content>
  <author><![CDATA[紫金论坛]]></author>
  <time>2018-10-08 18:34:01</time>
  <account><![CDATA[bbs-gdzijin]]></account>
</data>
