<data>
  <id><![CDATA[50531963]]></id>
  <url><![CDATA[https://mp.weixin.qq.com/s?timestamp=1539596622&src=3&ver=1&signature=Egrj350GoKY8-KUcIJshb867jvhOQsgn5YN*R4KynVnwvDfXSjIKYpFCBaSmUd9iEPi5hzQBQEgXbhTlbN6yjflvIIsM2ohx-VvlYJ0rCF2M1hX0AE5*4IjZ0-XNWonYw7QF6qLjW8XE96fRk1DPBqltQD7XJe26SvQ4OdhBDlY=]]></url>
  <title><![CDATA[一个小学生写的作文上了电视台，震撼紫金所有家长！]]></title>
  <content><![CDATA[点击视频查看：来源：网络]]></content>
  <author><![CDATA[紫金论坛]]></author>
  <time>2018-10-13 10:58:05</time>
  <account><![CDATA[bbs-gdzijin]]></account>
</data>
