<data>
  <id><![CDATA[50531963]]></id>
  <url><![CDATA[https://mp.weixin.qq.com/s?timestamp=1539596622&src=3&ver=1&signature=Egrj350GoKY8-KUcIJshb867jvhOQsgn5YN*R4KynVnwvDfXSjIKYpFCBaSmUd9iEPi5hzQBQEgXbhTlbN6yjbfEeWla1eVVygh7geEBxa46QV6clp*luWGBbTse2UL4rYMr5ekqHJWD0kmGJvmhojS0rKCWXgEr0ysHiCRSBXk=]]></url>
  <title><![CDATA[广东电视台报道：紫金一处祖坟夜晚遭人破坏现场一片凌乱]]></title>
  <content><![CDATA[[点击上图进入]中国人素来对先人的祭奠十分注重，但河源市紫金县的李先生却报料，称自己家的祖坟从10月开始就无法正常拜祭，现如今更是面目全非。这到底是怎么回事呢？DV现场▽这就是让李先生家祖坟面目全非的罪魁祸首。监控显示，一个男子蹑手蹑脚走了过来，拿出一根铁棍，就开始对李先生家的祖坟进行挖来挖去。李先生告诉记者，监控拍下的这一幕，发生在10月6号晚上的10点多。据了解，李先生第一次发现祖坟遭到破坏的时间是10月3号，当时现场并没有太明显的痕迹，直到第二次过后。记者来到了事发地—河源市紫金县紫城镇的鹧鸪村，可以看到，以过去照片作为对比，目前的祖坟确实有很大的变化。那个男子到底是谁，他又为何要如此对待先生家的祖坟呢？情况是不是这样呢？在村民的指引下，记者找到了李先生口中的破坏者——住在山下的这一户姓黄的人家。黄太太告诉记者，李先生一家的祖坟，刚好在他们房子正后方的山上，此前兴建的时候，又没有提前跟他们沟通过，因此无法接受。双方一时争执不下，不过记者从鹧鸪村的村委会获悉，李先生的祖坟实际建造的时间在前，而黄姓一家人的房子则在后，也就是说，在居住之前，黄姓一家人已经是知道了坟墓所在。除此之外，严副书记还告诉记者，李先生家祖坟所在的这一块土地，属于自用地，并没有与山下房子的用地有其他纠纷，但从上个月开始，对方却一直抓着风水问题不停争论。事后，李先生就此事已经向当地派出所报了警。有律师就表示，无论是谁先谁后，如果通过过激行为进行处理，行为人将会受到法律的惩罚。来源：DV现场]]></content>
  <author><![CDATA[紫金论坛]]></author>
  <time>2018-10-11 20:10:00</time>
  <account><![CDATA[bbs-gdzijin]]></account>
</data>
