<data>
  <id><![CDATA[50531963]]></id>
  <url><![CDATA[https://mp.weixin.qq.com/s?timestamp=1539596622&src=3&ver=1&signature=Egrj350GoKY8-KUcIJshb867jvhOQsgn5YN*R4KynVnwvDfXSjIKYpFCBaSmUd9iEPi5hzQBQEgXbhTlbN6yjRJ8PTj5qGuEyfDZkbpSzlauSACuhFw-ZennO92MmCS9tjB57Ji3cQl3xuWin8ipY77*2OeyTfReCD7N-YSGmzA=]]></url>
  <title><![CDATA[自从有了微信购票，紫金这里就被挤爆了！]]></title>
  <content><![CDATA[随着国庆假期的结束在外上学的、打工的、探亲的市民也开始收拾行囊继续下半年的征程蓝塘客运综合服务站也迎来了返程高峰蓝塘客运综合服务站建成投入使用8年来，竭诚为人民群众服务。国庆期间迎来乘车高峰，剧增的客流量再次考验了客运站的输送能力。国庆七天共输送旅客几千人次，微信购票占70%以上，足不出户，微信轻松购票，解决了九和、蓝塘、凤安、上义、好义一带群众乘车难的问题！国庆期间，车站候车厅挤满了旅客。由于人数过多，许多旅客提着大包小包的行李，在停车区内依次排起了长龙等待班车。由于新增加了一系列的便民服务设施，旅客购票、候车、检票、登车秩序井然。目前，车站运力较为充足，但为了合理安排运力，最好还是提前购票，提前20分钟到站等候，以免耽误行程。为迎接客流高峰，蓝塘客运综合服务站做足了准备。从售票员到车站站长都尽职尽责，坚守岗位，以规范化的管理认真服务好每一位乘客。将旅客输送至广州、珠海、中山、惠州、番禺、佛山、深圳、东莞等地，全力做好今年“国庆黄金周”工作。以往年相比，今年蓝塘客运综合服务站微信购票率超过了70%，大大减轻了售票员的工作量，也给旅客们带来了方便快捷！新增的众多便利设施，满足不同旅客的需要，大大方便了“国庆黄金周”小长假旅客出行带来了更多便利。新增的便利设施△信息电子屏△微信购票△自助购取票区△手机充电区△便民推车△开放免费WiFi△电视娱乐△按摩椅△农产品展示区△中国邮政服务点△车牌自动识别智能感应道闸△停车场怎么样是不是很激动以人为本以客为尊卓越的服务蓝塘客运综合服务站也同大城市接轨微信购票方式添加【蓝塘客运综合服务站】微信公众号—购票]]></content>
  <author><![CDATA[紫金论坛]]></author>
  <time>2018-10-09 18:13:46</time>
  <account><![CDATA[bbs-gdzijin]]></account>
</data>
