<data>
  <id><![CDATA[50531963]]></id>
  <url><![CDATA[https://mp.weixin.qq.com/s?timestamp=1539596622&src=3&ver=1&signature=Egrj350GoKY8-KUcIJshb867jvhOQsgn5YN*R4KynVnwvDfXSjIKYpFCBaSmUd9iEPi5hzQBQEgXbhTlbN6yjTZrgCZ4PMCKVYFDP1EzbmeAut-56WpvhNLOJgUywVmLt3-WMkDhR*pF5gY5g26yRMHCtj3gQddWQoNbBh8F-uo=]]></url>
  <title><![CDATA[紫金新婚千万不要这样搞，否则……]]></title>
  <content><![CDATA[[点击上图进入]打开视频查看来源:网络]]></content>
  <author><![CDATA[紫金论坛]]></author>
  <time>2018-10-05 18:54:02</time>
  <account><![CDATA[bbs-gdzijin]]></account>
</data>
