<data>
  <id><![CDATA[50531963]]></id>
  <url><![CDATA[https://mp.weixin.qq.com/s?timestamp=1539596622&src=3&ver=1&signature=Egrj350GoKY8-KUcIJshb867jvhOQsgn5YN*R4KynVnwvDfXSjIKYpFCBaSmUd9iEPi5hzQBQEgXbhTlbN6yjRJ8PTj5qGuEyfDZkbpSzlY1e3aqctgRgb-4nH0uA8zIFV3vncrycl-P8XaWhWkzo95bSrYM7uZszD*V8mvpb4c=]]></url>
  <title><![CDATA[力界推广全民健身挑战赛，1680健身年卡只送不卖！]]></title>
  <content><![CDATA[响应政策~大力推广全民健身力界，志在必行，全民健身~免费领取健身年卡一张(包含健身项目、休闲项目、舞蹈项目、瑜伽项目……）到店认同规则即可领取（挑战年卡限量500套）先到先得，领完即止添加微信，马上报名想要拥有健康的身体就从健身开始紫金县金城雅苑面积1500平方米项目全面的健身航母力界健身连锁是由河源本土企业家联合打造，是一家专注高端时尚，休闲，多元化项目的健身中心，力界健身秉承“专业、热情、健康、效果”为服务宗旨。立求打造至高无上的服务标准，引领时尚的健康生活理念，人性化的会员制管理，力求满足广泛市民的健身需求给每一位会员带来完美舒适的运动享受，我们也坚信，力界健身将会稳步前行，基业常青，因为我们拥有王者般的格局和胆略、加入力界、让您爱上健身。经 营 项 目进口健身器械、哈达瑜伽、瘦身瑜伽、美容瑜伽、古典舞、大球操身体平衡、普拉提、踏板操、肚皮舞、搏击操、有氧拉丁、国际拉丁、急速赛车、急速狂奔、激情时刻、急速赛车、脂肪杀手等有人说健身和不健身简直就是两种状态，两种人生！一开始，我不信▼他叫夏禹从小他就体弱多病随便动动都会气喘吁吁直到健身后他变得强壮、有力量现在的他就像换了一个人似的▼两位同是74岁的老太一个是健身房常客一个是医院常客一个成为超级网红开创新事业一个靠氧气维持晚年生活没有对比就没有伤害！于是我信了健身不仅是对身材的升华！更是对容貌气质的升华！健身必须要做到坚持健身的目的不是攀比而是为了自身的健康▼我们固然可以为了身材开始但我们的终极目的应是健康的生活方式▼只有健康的身体才能让我们想做什么就做什么想去哪里就去哪里快来吧，帅哥教练等你很久啦小伙伴们赶紧扫描上面客服二维码加微信吧！因公司拓展，特招聘以下职位~紫金第四分店地址紫金县紫城镇金城雅苑二楼健身电话：178 2022 5260]]></content>
  <author><![CDATA[紫金论坛]]></author>
  <time>2018-10-09 18:13:46</time>
  <account><![CDATA[bbs-gdzijin]]></account>
</data>
