<data>
  <id><![CDATA[50531963]]></id>
  <url><![CDATA[https://mp.weixin.qq.com/s?timestamp=1539596622&src=3&ver=1&signature=Egrj350GoKY8-KUcIJshb867jvhOQsgn5YN*R4KynVnwvDfXSjIKYpFCBaSmUd9iEPi5hzQBQEgXbhTlbN6yjbfEeWla1eVVygh7geEBxa5AH7XDqJpIBCKrqlEUpie-rAtj6ho1l0hsRvfssRN5tPvlf*EG*DMjwJGiqNeL5Qw=]]></url>
  <title><![CDATA[曝光！紫金有村干部侵吞搬迁款被通报，快看是你村的吗？]]></title>
  <content><![CDATA[今年以来，全县纪检监察机关认真贯彻落实上级纪委和县委的部署要求，深入开展群众身边不正之风和腐败问题专项治理，集中查处了一批侵害群众利益的突出问题，不断增强群众获得感。为进一步严明纪律和规矩，警示教育广大党员干部，推进基层党风政风持续好转，县纪委监委对近期查处的4起群众身边不正之风和腐败典型问题进行公开通报曝光。1义容镇安全村党支部书记兼村委会主任黄顺平严重违纪违法案2008年至2013年间，义容镇安全村党支部书记兼村委会主任黄顺平利用职务之便，侵吞上级下拨“两不具备”搬迁款25820元，侵吞外出乡贤捐资款5万元，侵占村集体资金1.5万元，县纪委给予黄顺平开除党籍处分，建议义容镇党委依法罢免其安全村委会主任职务，违纪款被收缴。2敬梓镇田头村村委干部黄鼎青、黄石泉等6人贪污案2011年至2012年间，敬梓镇田头村党支部书记黄鼎青、时任村委会主任黄石泉利用职务之便，通过敬梓镇田头小学校长黄天尧（另案处理）的帮助，以虚列田头小学支付农户购地款的名义骗取义务教育债务化解资金共30多万元。另查明，田头村委干部黄鼎青、黄石泉、黄云仿、黄汉权、温春发、李仕娇等6人私分计生经费40458元，虚列骗取财政资金83376元等严重违纪违法问题。县纪委监委给予黄鼎青、黄云仿、黄汉权、温春发、李仕娇5人开除党籍处分，建议敬梓镇党委依法罢免黄鼎青村委主任、黄石泉村委副主任、温春发和李仕娇村委委员职务，将黄鼎青、黄石泉等6人涉嫌贪污问题移送县人民检察院审查起诉，违纪款被收缴。3敬梓财政所所长温济林涉嫌贪污案2011年间，敬梓财政所所长温济林利用职务之便，伙同田头村党支部书记黄鼎青商议决定，以黄鼎青个人经营的青记农民种养合作社扩建工程项目名义，申报骗取上级“老、少、边、穷”专项扶持资金30万元并进行私分。县纪委监委给予温济林开除党籍、政务开除处分，将其涉嫌贪污问题移送县人民检察院审查起诉。4上义镇人大副主席胡秀华涉嫌贪污案2014年间，上义镇人大副主席胡秀华利用分管上义镇人民政府社会事务办的职务便利，通过虚列补助对象和补助项目等手段骗取侵吞民政救济救助款共计78900元，并将其中56500元用于个人生活开支。县纪委监委给予胡秀华开除党籍、政务开除处分，将其涉嫌贪污问题移送县人民检察院审查起诉，违纪款被收缴。上述4起群众身边不正之风和腐败典型问题，损害了基层群众的切实利益，严重影响了党和政府的形象。这些行为的发生，暴露出部分基层党员干部党性观念缺失，宗旨意识不强，利用职权搞特殊，想方设法谋私利；反映出部分党员干部思想认识跟不上形势要求，规矩意识、民主意识差，仍然热衷于“钻空子”“打擦边球”。这些案件受到严肃查处，充分体现了我县纪检监察机关查处侵害群众利益的不正之风和腐败问题的鲜明态度和坚定决心，全县广大党员干部要以案为鉴、自警自省，做到警钟长鸣。案小危害大，事小民愤大。全县各级党组织要以落实中央、省委巡视反馈意见整改为契机，落实全面从严治党要求，把解决发生在群众身边的腐败问题作为履行党风廉政建设主体责任的重要内容，加强组织领导，强化责任担当，切实维护群众利益。全县纪检监察机关要定期梳理问题线索，加大查处力度。对管辖范围内群众身边不正之风和腐败问题突出、顶风违纪行为查纠不严，甚至袒护包庇、有案不查、瞒案不报，问题长期得不到解决的要严肃追责问责，坚决防止侵害群众利益的不正之风和腐败问题发生。来源：紫金县纪委]]></content>
  <author><![CDATA[紫金论坛]]></author>
  <time>2018-10-11 20:10:00</time>
  <account><![CDATA[bbs-gdzijin]]></account>
</data>
