<data>
  <id><![CDATA[50531963]]></id>
  <url><![CDATA[https://mp.weixin.qq.com/s?timestamp=1539596622&src=3&ver=1&signature=Egrj350GoKY8-KUcIJshb867jvhOQsgn5YN*R4KynVnwvDfXSjIKYpFCBaSmUd9iEPi5hzQBQEgXbhTlbN6yjYFcSzxWJd2YURtrV9PEaZaoLvf0lg8yfJLXNNEOPMI1fcLjfrfPQH30-k0omGI0c9oqUE6iSu7k3-wopPXG1L4=]]></url>
  <title><![CDATA[后续报道！紫金这里断桥致人死亡事件，受到了一些人的关注……]]></title>
  <content><![CDATA[[点击上图进入]今年国庆假期大家都在享受家庭团圆天伦之乐时紫金有一家人却仍在悲痛之中他们就是蓝塘镇龙度村一村民钟汉强的家人钟汉强因断桥事故而身亡从此天人相隔iiiiiiiiiiiiiiiiiiiiiiiiiiiiiiiiiiiiiiiiiiiiiiiiiiiiiiiiiiiiiiii据了解，钟汉强是一家的顶梁柱也是家里唯一生产者上有八十多的二老下有一对儿女爱人又是神经残疾人这一家子因事故可谓如天踏下来一般钟汉强儿子在镇上初二就读女儿玉婷今年秋就读于惠州市工贸技工学校幼师专业学校领导听闻此事立即安排在这假期间前住学生家里对学生鼓励以及对学生的爷爷奶奶慰问iiiiiiiiiiiiiiiiiiiiiiiiiiiiiiiiiiiiiiiiiiiiiiiiiiiiiiiiiiiiiiii10月6日这天惠州市工贸技工学校的甘德辉、古银芳、甘胜峰等学校领导在蓝塘镇龙度村骆书记陪同下前往学生玉婷家里访问并送上5000元慰问金以作表示学校领导向家属和村干部表态对玉婷在校会一直支持到毕业分配好工作村委干部和家属听此非常感动！骆书记还称赞钟汉强生前为玉婷选择惠州市工贸技工学校就读的英明表示赞扬！家属也甚感欣慰！iiiiiiiiiiiiiiiiiiiiiiiiiiiiiiiiiiiiiiiiiiiiiiiiiiiiiiiiiiiiiiiiiiiiiiiiiiiiiiiiiiiiiiiiiiiiiiiiiiiiiiiiiiiiiiiiiiiiiiiiiiiiiiii逝者已逝愿生者坚强来源：秋香江畔]]></content>
  <author><![CDATA[紫金论坛]]></author>
  <time>2018-10-07 18:45:42</time>
  <account><![CDATA[bbs-gdzijin]]></account>
</data>
