<data>
  <id><![CDATA[50531963]]></id>
  <url><![CDATA[https://mp.weixin.qq.com/s?timestamp=1539596622&src=3&ver=1&signature=Egrj350GoKY8-KUcIJshb867jvhOQsgn5YN*R4KynVnwvDfXSjIKYpFCBaSmUd9iEPi5hzQBQEgXbhTlbN6yjTZrgCZ4PMCKVYFDP1EzbmfnnTXnW8w0FX5gE0h6HEjHn0Mf13CtmYyaP0aQ8sKb7MSjUO9TnDzdocL6wq7o2l0=]]></url>
  <title><![CDATA[紫金一名后生仔骑鬼火耍“最炫”特技...]]></title>
  <content><![CDATA[网友曝料：今天（10月5日）下午15时左右紫金黄塘过久社路段有网友拍下这一幕视频里一名后生仔骑着鬼火摩托耍起了“掂头”还仿佛觉得背后有人夸自己帅看得人心惊肉跳，替他担忧毕竟老人常说：耍的好一身灰，耍不好一盒灰...小编想借此告诫各位小伙伴们“特技”不是人人能玩生命只有一次，别贪一时之乐不要等悲剧发生后才后悔莫及！]]></content>
  <author><![CDATA[紫金论坛]]></author>
  <time>2018-10-05 18:54:02</time>
  <account><![CDATA[bbs-gdzijin]]></account>
</data>
