<data>
  <id><![CDATA[50531963]]></id>
  <url><![CDATA[https://mp.weixin.qq.com/s?timestamp=1539596622&src=3&ver=1&signature=Egrj350GoKY8-KUcIJshb867jvhOQsgn5YN*R4KynVnwvDfXSjIKYpFCBaSmUd9iEPi5hzQBQEgXbhTlbN6yjYFcSzxWJd2YURtrV9PEaZYFC0pLx5cWWAzyG9VjkC258rlkpmRJ1IH6K7ihtz6zfSGBJ51m3j3dTZUM4pXkVS4=]]></url>
  <title><![CDATA[警惕！广东发现1例H5N6病例，紫金人该怎么办？]]></title>
  <content><![CDATA[9月30日，广东省在重症肺炎常规监测中发现1例H5N6病例。患者为22岁男性，现住广州市白云区，目前在医院隔离治疗。2日下午，广州市疾控中心对该病例的发现、可能感染来源以及禽流感的预防措施等进行了详细介绍。为广州市报告的第三例人感染H5N6疫情市疾控中心副主任张周斌介绍，该患者在上个月25日出现咳嗽、咳痰、发热等症状，26日前往当地社区医院就诊后转往三甲医院就诊。随后两日，患者的肺炎症状进一步加重，高热、气促、肺部CT显示大叶性肺炎。到了29日，疾控机构通过不明原因肺炎监测系统，对该病例进行了实验室相关检测，结果确认为感染H5N6禽流感病例。张周斌表示，禽流感病毒属于甲型流感病毒属，根据病毒对禽类的致病性分为高致病性禽流感和低致病性禽流感，H5N6即是高致病性禽流感病毒的一种。与野鸟或家禽直接接触是H5N6禽流感病毒传播的重要方式，禽类市场在病毒的传播中也发挥着重要作用。自从2014年5月四川省报告全球首例人感染H5N6禽流感病例以来，各地也有偶发病例报告。广州市曾在2014年和2015年分别报告过1例人感染H5N6疫情，和本次病例一样均为偶发，尚未发现有效的人传人证据。这次为广州市报告的第三例人感染H5N6疫情。家人曾买来活鸡宰杀22岁的小伙子，所从事的并非禽类相关行业，为什么会“中招”呢？“我们在患者家中冰箱的内容物表面检测出了H5N6病毒。他的家人在他发病前曾买来活鸡并在家中自行宰杀处理，初步怀疑这是他感染来源的可能性比较大。此外，患者平素生活习惯较差，抽烟喝酒、熬夜，作息不规律，机体免疫力下降，给了H5N6禽流感病毒可乘之机。”张周斌分析。市疾控中心提醒市民，预防禽流感，应该避免接触病死的禽类，尽量避免直接接触活禽；不要从流动活禽摊贩处购买无检疫证明的活禽并饲养，更不要与原有家禽混养。同时，应当尽量避免到活禽市场购买活禽，避免自行宰杀活禽，估计购买冰鲜禽类。如接触了活禽，应加强个人防护，如戴口罩、手套，洗手等，加强环境通风。禽类交易市场严格执行1110制度。市民如果出现发热及呼吸道症状，应戴上口罩，尽快就诊，并告诉医生发病前有无禽类接触史或是否去过活禽市场。这些事情你一定要懂！什么是H5N6病毒H5N6病毒与H7N9病毒、H5N1病毒等都属于禽流感病毒。H5N6是禽流感病毒的一种亚型，病毒的来源是禽类，对家禽具有高致病性，但感染人类属偶发个案，尚无持续的人传人证据。人感染H5N6的主要症状有哪些？人感染H5N6病毒发病后，其症状和其它禽流感类似，主要是流感样症状，如发热（38℃以上，可高达39℃～40℃）、咳嗽、咽痛、肌肉痛、鼻塞、流涕等全身症状，如不及时治疗，还可能出现重症肺炎，进而呼吸衰竭、多器官衰竭或死亡。人类什么情况下会感染H5N6？和其它类型的禽流感类似，携带H5N6病毒的禽类及其分泌物、排泄物是传染源。人类通过近距离接触染病的禽鸟（活禽及死禽）或其分泌物、排泄物而感染，而人与人之间的传播能力十分低。专家研判认为，现阶段该病毒导致人感染和传播的风险较低。哪些人要重点防范H5N6病毒呢？与活禽有近距离接触的人士要高度警惕，如从事禽类养殖、销售、宰杀或加工者，而老人、儿童及长期患病等抵抗力弱者，一旦感染，容易出现严重的症状，也需小心谨慎。同其它类型的禽流感一样H5N6流感也是可防可控不可怕的不过，禽流感病毒虎视眈眈不想生病，生活中还是要注意这些首先生鸡血凉拌、带血白斩鸡、溏心蛋这些菜品大家都可以收一收了但是！熟透了的鸡、鸭、鸽子和鹌鹑仍然可以安心吃这样是不会感染禽流感的生熟食物要分开处理生食与熟食的刀具、砧板、器皿也要分开冰箱存放食物要“熟上生下”生的放在熟的下方熟食就不会被生食的汁水所污染最后一点很重要出现高热和呼吸困难一定要第一时间就医对待流感我们虽要谨慎，但无需惊慌！来源│南方日报综合南方+客户端、广州日报、广西日]]></content>
  <author><![CDATA[紫金论坛]]></author>
  <time>2018-10-07 18:45:42</time>
  <account><![CDATA[bbs-gdzijin]]></account>
</data>
