<data>
  <id><![CDATA[50398655]]></id>
  <url><![CDATA[https://mp.weixin.qq.com/s?timestamp=1539596268&src=3&ver=1&signature=Egrj350GoKY8-KUcIJshb8LFH*VhQujXuw4wIlr5M2Bf7W34DhtUv2U-EUkyvVUX4I48T5ODGW*q*YmDfLLYi0crPWMCLI45yJJhIKTH8vSqtK5x6tL4*Zwp72vqMjvXxsK4pSEQ4NHNjfkyZXFRaAGtSBWV3fa-h2tweOQWm*M=]]></url>
  <title><![CDATA[不想发胖，躲开6个不良饮食习惯，记住6个“常瘦”饮食习惯]]></title>
  <content><![CDATA[撰文 食品科学硕士 彭亦谷很多人都在吐槽，为什么小肚腩总是减不掉？为什么又胖了3斤？说到底，是饮食习惯出了问题。饮食习惯好了，体重自然会下降。避免6个不良饮食习惯喜欢吃带有“酥、脆、柳”的食品。这些食品中含脂肪、糖较多，能量很高。喜欢喝饮料、吃甜食。饮料和甜食含有大量的糖，并且越吃越想吃。特别要说的是，很多人会忽视蜜饯类食品，其实这类食品中的糖含量也较高。吃饭很快。我们吃饭时，吃什么、吃多少，都是由大脑神经控制的，如果吃得太快，大脑神经反应不过来，一不小心就会吃撑。边追剧边吃饭。这里分两种情况：一种情况是本来有食欲，但由于沉迷于电视剧而食不知味，没有了食欲；另外一种情况是不知不觉吃太多。口渴才喝水。喝水能使人产生一定的饱足感，降低食欲，同时还有助于提高身体的新陈代谢水平，起到润肠通便、预防便秘的作用。爱喝水的人，身材相对维持得更好，更不容易发胖。喜欢下馆子。在外就餐者较在家就餐者，一般会摄入更多的食物。养成6大“常瘦”饮食习惯吃饭细嚼慢咽。细嚼慢咽，可以帮助控制食量，每口咀嚼25下较佳。吃原味食品。原味食物更接近食物原来的味道，不额外添加过多的调料（如糖），也就不会额外增加能量。饭前喝汤。俗语说“饭前喝汤，苗条健康”。饭前喝汤，能够占据胃部一部分空间，吃正餐时就不容易过量。当然，饭前喝汤也要看是什么汤，宜喝清淡的汤，不宜喝油脂很多的汤。零食要少吃甚至不吃。每次吃七八分饱。经常回家吃饭。回家吃饭可以摄入更多的蔬菜和水果、更少的油炸食品。想要了解最靠谱的养生咨询请扫码进群版权声明◆ 本文来源：食品科学硕士 彭亦谷，版权归原作者所有。大河健康网网址：www.dhjk.cn合作电话：13592692009投稿：wyx5118@163.com统筹：于素文编辑：王方方]]></content>
  <author><![CDATA[大河健康网]]></author>
  <time>2018-10-08 15:23:06</time>
  <account><![CDATA[dahejiankang]]></account>
</data>
