<data>
  <id><![CDATA[50398655]]></id>
  <url><![CDATA[https://mp.weixin.qq.com/s?timestamp=1539596268&src=3&ver=1&signature=Egrj350GoKY8-KUcIJshb8LFH*VhQujXuw4wIlr5M2Bf7W34DhtUv2U-EUkyvVUX4I48T5ODGW*q*YmDfLLYiyVSp9dtHsxG7g3ZjrpJ96e16SnDAG34gXcdbtp7WtWOVsotPoTHfSdQ*ar00rGviQyieLk1u3gWoyJI0X0g9xw=]]></url>
  <title><![CDATA[【走近科普达人⑬】医生讲科普需要与时俱进]]></title>
  <content><![CDATA[“首届河南省健康科普能力大赛”已经进展到复赛阶段，近日，大河健康报记者对晋级复赛的“科普达人”们进行了集中宣传报道。谈起科普之路上的所见所闻，他们有许多话要说。郑州市第二人民医院周燕：医生讲科普需要与时俱进周燕是郑州市第二人民医院的一名临床营养工作者，周燕说，医学科普是提高全民健康素养水平的重要措施。但生活中很多人不具备足够的能力去伪存真，对一些伪科普不加辨别便践行于日常生活中的现象也并不少见。来医院工作的第一年，周燕就进社区、企业、学校进行健康讲座，达45场。2016年6月，在与医院产科开展月子餐配送活动的同时，她发现很多产妇在母乳喂养中出现无乳、少乳、积乳等问题，于是她坚持到产科进行一对一的健康宣教。在一次社区讲座中，她认识了一位患者家属。通过交流得知，这位家属的女儿是一位乳腺癌患者，术后做了假体再造，没想到却出现了感染。住院期间，接到两次病危通知。周燕说，她能体会到患者家属的焦虑，于是两次登门拜访，赢得了患者家属的信任。之后，患者的妈妈将女儿所做的检查和病情变化发给周燕，针对病人的营养指标和病情，周燕为其开了营养处方，没想到奇迹发生了。患者腹水从100毫升降到了9毫升，十天之后腹水没有了。周燕依稀记得患者家属拿到化验单时激动的表情。周燕的健康科普硕果累累，她先后在国家级期刊发表《饮食干预对肥胖型多囊卵巢综合征患者受孕率的影响》等十余篇。主编书籍《糖尿病饮食营养》《五谷杂粮的性格》。此外，她还在多家媒体投稿，通过微博、微信、博客等自媒体平台传播健康知识，阅读量达100多万。做健康科普，更要做一名与时俱进的求知者。通过自学，她先后取得注册营养师和中级营养师资质，并积极参加各种技术学习和岗位培训。“只有不断学习，才能向大众传授最新的健康知识。”周燕说。新乡市中心医院刘焱：通俗又严谨的科普才是大家最想听的今年是刘焱在新乡市中心医院肿瘤科护理岗位上的第25个年头。在她看来，医护人员讲科普更专业，指导性也更强。由于平时接触的患者较多，医生也更能了解大家对健康知识的误区和需求。说起科普工作中印象深刻的事情，刘焱回想起几年前科里收治了一个19岁男孩儿，到医院时已经是直肠癌晚期多发转移。两个多月后这个被癌痛折磨得面黄肌瘦的男孩儿永远离开了。刘焱了解到他的病情后感到特别惋惜，几年前男孩儿就出现黏液血便，医生建议做肠镜检查，他和父母都不同意，觉得做肠镜太受罪。殊不知现在临床上可以做无痛肠镜，全程静脉麻醉，睡十几分钟肠镜就做好了。“这个男孩儿早期患的是家族性大肠息肉，如果他能及早做一个电子肠镜检查，及时发现、手术干预，也许年纪轻轻的小伙儿就不会这么早离开人世。”这件事给刘焱很大触动，她决定对更多人科普健康知识。怎么讲？大家想听什么样的内容？如何扩大受众？刘焱苦思冥想，终于有了灵感。她无意中听到了广告中“十人九胃”这个词，心想既然胃病那么普遍，怎样预防大家一定很关注。于是，她选择了与胃炎、胃癌密切相关的幽门螺杆菌为主题，通过改变饮食和卫生习惯远离幽门螺杆菌，科学健康地保护我们的胃，远离胃部疾病。为了使内容科学详尽，她翻阅了近三年关于幽门螺杆菌的文献资料，并咨询了消化、检验、肿瘤、营养等方面的专家。她说：“通俗易懂、科学严谨的科普才是大家想听的。”刘焱提到，近年来医疗各专业发展迅速，新业务、新技术不断发展，医务人员需要及时跟进，并把新理念、新知识更全面、更准确、更及时地传达给患者。河南省洛阳荣康医院王珊珊：科普精神卫生知识挽救更多家庭王珊珊是河南省洛阳荣康医院精神科的一名护士。她还记得刚参加工作时，看到病房里有那么多精神障碍患者，吓了一跳。在查阅病历、和病人及其家属聊天后，她发现，这些患者除了遗传因素，大部分是因为遇到挫折不会排解，并缺乏精神卫生知识，耽误了疾病的治疗。一次，王珊珊正在讲解应对抑郁症的相关知识，一个20多岁的大学生突然哭着说：“我要是早点了解这些知识，就不会得抑郁症，也就不会休学了。”听完，王珊珊觉得特别难过，精神卫生知识的缺乏毁了一个年轻人的前途甚至毁了一个家庭。从那时起，她决定把精神卫生知识普及给更多的人。只要有时间，王珊珊就进社区、学校、乡村，通过各种形式的健康宣讲，如视频、宣传册、动漫等，再加上现场咨询，把复杂难懂的精神科医学知识，用通俗易懂的语言融入老百姓的日常话题中。她经常开展用药安全指导、饮食健康指导、精神卫生疾病防控等贴近百姓需求的健康知识传播活动，并参与社区居民健康管理，开展各种健康知识宣讲，向他们传授基本的健康知识、健康技能及急救知识等。同时还到精神障碍患者家中，了解他们的生活状况，向他们宣传如何预防精神疾病复发以及科学服药的相关知识。王珊珊刚开始宣讲时，周围的人都对她投来异样的目光，还小声议论：你看这么年轻，原来是在精神病医院上班，你说时间长了，她会不会自己也得精神病呀。听到这些话，王珊珊很难过。回来后，她又想到，他们有这样的想法，不就是因为缺乏精神心理卫生知识吗？于是，王珊珊再次进社区、进广场宣讲，纠正他们的认知和观念。由刚开始的不敢说、讲解死板、方式单一，到现在的落落大方、讲解活泼、方式多样、通俗易懂，王珊珊高兴地告诉记者，这些收获让她在健康科普宣讲的道路上越走越远，越走越稳。驻马店市第二人民医院王贝贝：做健康科普要有“好记性”很多人觉得抑郁症是很严重的疾病，但在驻马店市第二人民医院精神科护士王贝贝的科普课堂上，抑郁症被揭开了神秘的面纱：“我国15岁以上人口中，各类精神疾病患者人数超过1亿，其中1600万人是重性精神障碍患者，剩下的大多数是抑郁症、自闭症等有精神障碍或心理行为障碍的患者。”在一次又一次的讲解中，王贝贝一直为大家传递一种观念：心理问题几乎人人都有，经过医生科学的指导，能够有所改善。王贝贝说，在精神科做健康科普，大多数时间只能一对一讲解，医护人员要倾听每一个患者的“个性”案例，产生共情，再对其辅导。所以，在王贝贝的脑海里，建立了很多“档案”。只要是经他辅导过的患者，他都能准确地叫出名字、说出具体症状和原因。王贝贝说，这不是要求自己有多么出色的记忆，而是需要后天的努力。每次和患者谈话后，王贝贝都要整理该患者的资料，然后反复记忆、背诵，这样才有所谓的“好记性”。以前，做心理辅导要当面聊。如今通信方便了，王贝贝开始通过微信、QQ视频对患者随时随地讲解、疏导。这次参加首届河南省健康科普能力大赛，需要录制视频 。王贝贝说，平时和患者也是通过镜头聊天，仿佛是一场场预热，也就没那么紧张了。详见《大河健康报》10月9日报纸07版以上人物顺序不分先后。往期精彩回顾【走近科普达人⑫】做好药学科普 帮患者用对药【走近科普达人⑪】坚持+创新 做好移动“教科书”【走近科普达人⑩】专业的人做专业的事儿 让科普更可信【走近科普达人⑨】做科普的意义在于 让患者早发现疾病【走近科普达人⑧】“预防为主” 是口腔科普的重点版权声明◆ 本文为【大河健康融媒体】原创内容，未经授权，请勿转载！如需转载，请在文章下方留言。大河健康网网址：www.dhjk.cn合作电话：13592692009投稿：wyx5118@163.com统筹：于素文编辑：王方方]]></content>
  <author><![CDATA[大河健康网]]></author>
  <time>2018-10-11 11:00:00</time>
  <account><![CDATA[dahejiankang]]></account>
</data>
