<data>
  <id><![CDATA[50398655]]></id>
  <url><![CDATA[https://mp.weixin.qq.com/s?timestamp=1539596268&src=3&ver=1&signature=Egrj350GoKY8-KUcIJshb8LFH*VhQujXuw4wIlr5M2Bf7W34DhtUv2U-EUkyvVUX4I48T5ODGW*q*YmDfLLYiygKqlgBDwxPzzhsOGK9KjoAEDvYay0-kNkcyj2MWYit0PPoJMSLLDktz-xWMSy4cGhCJHVdC-lbxTRnkC*NUgM=]]></url>
  <title><![CDATA[鱼油预防心血管疾病？专家:没有科学依据]]></title>
  <content><![CDATA[撰文 河南省人民医院高血压科 刘敏“医生，我儿子给我买了鱼油，我要不要吃？”作为医生，我在接诊时经常遇到病人如此询问，甚至还有人问：“我不想吃药，只吃鱼油行吗？”鱼油（Omega-3或ω-3脂肪酸补充剂）不仅在我国常作为子女孝敬父母的礼品，在世界范围内都被广泛应用，2015年全球鱼油产品市场规模高达311亿美元。英国一项大型前瞻性研究显示，大约31％的成年人服用鱼油，美国则有1900万人服用。长期以来，鱼油的宣传广告深入人心：不但有益于大脑、心脏、皮肤、肝脏、骨骼等器官，同时能改善抑郁、精神衰退和儿童行为问题，还有保护视力、减轻体重、抗炎抗过敏的功效，孕期适当服用鱼油也有好处。然而，近年来，越来越多的随机试验显示，并不能证明服用含有ω-3脂肪酸的鱼油补充剂可以降低心血管病的发病风险。8月份，欧洲心血病学会大会在德国慕尼黑召开，全世界数万名心血管领域的专家齐聚一堂，会上，主办方公布了一个针对鱼油补充剂是否能预防糖尿病患者的心血管病或卒中发生的研究。这项研究纳入2005年~2011年间15480例无心血管病史的糖尿病患者，随访7年，分别对比了肠溶阿司匹林100mg/d与安慰剂，结果未发现有益。2017年《哈佛心脏》执行编辑Julie.Corliss推出一篇文章指出，一项15年的观察研究显示，鱼油对预防心血管疾病作用非常有限。并指出：不要上当，这些大胆的营销主张还没有跟得上最新的科学发展。其实早些时候，美国心脏协会（AHA）发布了一份关于鱼油补充剂及其对心血管益处的最新咨询，他们的结论也是这些东西并不能预防心脏病。今年7月份，医学行业内权威的考克兰图书馆（CochraneLibrary）推出一篇文章，分析了79项随机研究，该项研究的对象为高收入国家人群112059人，观察时间为12~72个月，这是迄今为止最广泛的对Omega-3脂肪酸对心血管健康影响的系统评估，高质量的研究证据表明，其对死亡率或心血管健康几乎没有影响。值得注意的是，鱼油在减少血凝块的形成方面可能有益，但是，过多的鱼油可能会增加出血的风险，特别是对于服用抗凝药物的人，包括华法林（香豆素）和阿司匹林的患者，并且，由于市场上的鱼油缺乏监管，一些品牌中发现微量的多氯联苯（PCBs），这些成分在1979年就发现与癌症有关而被禁止。由此可见，鱼油对心血管疾病的预防作用非常有限，加上其可观的费用，购买时需要多考虑。特别是有些患者要用鱼油代替他汀等心脏病药物的想法，更是不可取。版权声明◆ 本文为【大河健康融媒体】原创内容，未经授权，请勿转载！如需转载，请在文章下方留言。大河健康网网址：www.dhjk.cn合作电话：13592692009投稿：wyx5118@163.com统筹：于素文编辑：王方方]]></content>
  <author><![CDATA[大河健康网]]></author>
  <time>2018-10-06 11:48:22</time>
  <account><![CDATA[dahejiankang]]></account>
</data>
