<data>
  <id><![CDATA[50398655]]></id>
  <url><![CDATA[https://mp.weixin.qq.com/s?timestamp=1539596268&src=3&ver=1&signature=Egrj350GoKY8-KUcIJshb8LFH*VhQujXuw4wIlr5M2Bf7W34DhtUv2U-EUkyvVUX4I48T5ODGW*q*YmDfLLYiyWJ3QgafmxLJUFMC9sCqvNDc9WiYo-pfnJ6ayyCR5NnEsaGXesdJitjVw2h0Ud70CHtvqQRvPOJ3iIUH1bwZBw=]]></url>
  <title><![CDATA[重磅！“首届河南省健康科普能力大赛”复赛火热进行中，点开看直播！]]></title>
  <content><![CDATA[“首届河南省健康科普能力大赛”复赛火热进行中！本届大赛由河南省卫生和计划生育委员会、河南省科技厅、河南省总工会、河南省科协、河南日报报业集团联合主办，河南省疾病预防控制中心、河南省医学会、河南省医学科学普及学会、大河健康报社、大河网联合承办。经过一个多月的层层筛选，共有120位候选人脱颖而出。组委会专家评审团根据选手的参赛科普视频、科普工作成绩等对候选人进行了全方位评估，选拔出60位选手晋级复赛。今天上午8点30分，复赛在河南省郑州市金水区农业路经二路河南日报报业集团4楼多功能会议厅正式开始。出席复赛启动仪式的嘉宾有：国家卫生健康委员会宣传司健康促进处处长 姜雯河南省卫生计生委新闻发言人、副巡视员 周勇大河网络传媒集团总编辑 孟磊河南省卫计委宣传处处长 杨力勇河南省总工会教科文卫体工会副主席 王学全河南省科学技术厅政法处副处长 董雅松河南省科学技术协会科普中心副主任 张新华河南省医学会秘书长 王伟河南省卫计委宣传处副处长 董倩河南省医学科学普及学会秘书长 耿忠民大河健康报执行主编 王丽娜比赛规则本次复赛采用战队导师制原则，8位导师被分为四大战队，每个战队由一位医学导师和传媒导师组成。选手演讲后，如果某战队的两位导师同时举牌，视为认可该选手，该选手可进入该队；如若出现1举1不举牌，只计分不可进队；两位导师都没有举牌视为没有被该战队选中。如果选手被多队导师同时选中，则该名选手获得反选权利，每组导师拉票后，最终由选手选择进入哪支战队。复赛结束后将有12位选手成功晋级决赛，让我们共同见证“首届河南省健康科普能力大赛”12强的诞生吧！导师阵容强大看看你中意哪一队☟在今天的复赛阶段，我们请到了八位专业导师，分别为四位科学导师，四位媒体导师，两人互为一组，确保做出更加公平公正的判断，下面，让我们一起来认识他们：第一组媒体导师：大河网络传媒集团总编辑 孟磊第一组科学导师：河南省疾病预防控制中心健康教育与慢病防治所所长 周刚第二组科学导师：河南《创新科技》杂志社（河南省科技期刊传媒集团）社长 胡炜第二组媒体导师：郑州电视台主持人管理部主任、主任播音员姚丽勤第三组媒体导师：河南广播电视台诗歌朗诵协会秘书长、资深主持人秦莉第三组科学导师：郑州大学营养学教授、河南省健康管理学会副理事长 吕全军第四组科学导师：河南省肿瘤医院内科副主任、教授 陈小兵第四组媒体导师：河南广播电视台私家车广播主持人、共青团中央新媒体主播 王腾霄比赛刚刚开始，各位选手生动有趣的讲演就赢得了大家的阵阵喝彩,各个战队的导师上演抢人大战！让我们一起期待12强的诞生话不多说，点开二维码看直播共享科普盛宴！版权声明◆ 本文为【大河健康融媒体】原创内容，未经授权，请勿转载！如需转载，请在文章下方留言。大河健康网网址：www.dhjk.cn合作电话：13592692009投稿：wyx5118@163.com统筹：于素文编辑：王方方]]></content>
  <author><![CDATA[大河健康网]]></author>
  <time>2018-10-12 10:32:31</time>
  <account><![CDATA[dahejiankang]]></account>
</data>
