<data>
  <id><![CDATA[50398655]]></id>
  <url><![CDATA[https://mp.weixin.qq.com/s?timestamp=1539596268&src=3&ver=1&signature=Egrj350GoKY8-KUcIJshb8LFH*VhQujXuw4wIlr5M2Bf7W34DhtUv2U-EUkyvVUX4I48T5ODGW*q*YmDfLLYi6JqJhnw2ApVLyaZwj7*hP1oSu791R3nILUBvAsNPfgcEI7eo5eN-lw*aptObZXQdL1zMZ8rN9aGeK24wVZ3U9I=]]></url>
  <title><![CDATA[牙膏尾部颜色条揭示材质，用黑色条等于吸毒？专家：胡说]]></title>
  <content><![CDATA[日前，有传言称：牙膏底部颜色条有其特殊的含义，绿色代表纯天然；蓝色代表天然药物；红色代表天然化学成分；黑色代表纯化学。“天天用黑色颜色条牙膏刷牙相当于在吸毒”。真相是什么？1牙膏底部颜色条是电眼定位点牙膏底部的颜色条（下称“颜色条”）并不是识别纯天然、天然药物、天然化学成分、纯化学的标志。颜色条又被称为电眼定位点，在印刷软管类的包装上很常见，如化妆品、食品等。牙膏软管尾部色标的颜色取决于牙膏软管的包装设计，一般会选择常用的红、蓝、绿及黑色等，因为这些颜色与底色有明显区别，易于设备感应。它的作用在于，在产品制作完成后，软管自动填充时，用于封尾机定位感应；填充完成后，软管放入自动封尾机，机器感应到相关颜色点，开始自动封住软管，以确定封尾时包装处于正确位置。所以，颜色条与牙膏本身的成分无关。2不存在纯天然牙膏牙膏的主要成分包括摩擦剂、芳香剂、湿润剂等，这些原料本身就是经过合成的化学物质。也就是说，不存在纯天然的牙膏。此外，每种牙膏的成分略有不同，但只要符合《牙膏用料规范》，按标准生产就是安全的。3含氟牙膏和药物牙膏是否有害含氟牙膏和药物牙膏也有化学成分，对身体有没有害呢？含氟牙膏近几年在市场上成了香饽饽。它是在普通牙膏的基础上，增加了氟化物成分。含氟牙膏具有增强牙齿抗龋功能、去污洁净的作用。但同时它也存在副作用，使用不当会导致氟牙症，即摄入过量氟会导致牙齿产生斑点，而且患者多为儿童。原因在于，儿童吞咽控制能力不完善，刷牙时会误吞含氟牙膏，有可能造成氟的摄入量大。且每次使用含氟牙膏量最好不要超过1厘米，儿童最好不要使用或在大人的指导下慎重使用。日常生活中，药物牙膏也比较常用。药物牙膏指的是，在含有摩擦剂、芳香剂、湿润剂的普通牙膏的基础上，加入某些添加剂使其具有抗过敏、止血、美白等功能。不过，如果长期使用杀菌力强的药物牙膏，一方面会使口腔致病菌产生抗药性，另一方面也会抑制、杀灭口腔中的有益、正常菌群。还应注意的是，药物牙膏中含有生物碱和刺激性强的物质，可能会损害口腔黏膜，引起牙龈炎、口腔炎、舌炎等。同时，有过敏性喘咳的人不适合使用药物牙膏。虽然药物牙膏杀菌力强大，但考虑到其副作用同样强大，最好还是使用普通牙膏。普通牙膏中同样有防治口腔疾病的良药，如留兰香、百里等，且基本无不良反应。当然，刷牙后要用清水多漱几遍口，目的在于防止牙膏中的化学成分停留在牙齿表面。4挑选牙膏的秘诀1.根据自身牙齿状况选择不同功能的牙膏。2.含氟牙膏和药物牙膏换着用。3.每三个月更换一次牙膏。4.全家不共用一管牙膏。了解权威养生咨询请扫码进群版权声明◆ 本文为【大河健康融媒体】原创内容，未经授权，请勿转载！如需转载，请在文章下方留言。大河健康网网址：www.dhjk.cn合作电话：13592692009投稿：wyx5118@163.com统筹：于素文编辑：王方方]]></content>
  <author><![CDATA[大河健康网]]></author>
  <time>2018-10-15 12:35:31</time>
  <account><![CDATA[dahejiankang]]></account>
</data>
