<data>
  <id><![CDATA[50398655]]></id>
  <url><![CDATA[https://mp.weixin.qq.com/s?timestamp=1539596268&src=3&ver=1&signature=Egrj350GoKY8-KUcIJshb8LFH*VhQujXuw4wIlr5M2Bf7W34DhtUv2U-EUkyvVUX4I48T5ODGW*q*YmDfLLYi6Fo0dbOf4ym-ozHzTur9rF9sxmasLSlujUtrULHG*IQWNxDe9B0DDwTuWEGhPrPVCfBf8nhcSxW7u-OrVvgXZk=]]></url>
  <title><![CDATA[“首届河南省健康科普能力大赛”复赛将于两天后开赛，让我们共同见证河南12位健康科普精英的诞生！]]></title>
  <content><![CDATA[“首届河南省健康科普能力大赛”复赛，将于2018年10月12日在河南省郑州市金水区农业路经二路河南日报报业集团4楼多功能会议厅举办。本届大赛由河南省卫生和计划生育委员会、河南省科技厅、河南省总工会、河南省科协、河南日报报业集团联合主办，河南省疾病预防控制中心、河南省医学会、河南省医学科学普及学会、大河健康报社、大河网联合承办。为认真贯彻落实习近平新时代中国特色社会主义思想和党的十九大精神，深入实施健康中国和创新驱动发展战略，普及健康知识，弘扬科学精神，促进健康科普惠及民生，提升全省医务人员科普能力，为健康中原建设奠定科普人才队伍，“首届河南省健康科普能力大赛”活动自2018年7月13日正式启动。经过一个多月的层层筛选，共有120位候选人脱颖而出。组委会专家评审团根据选手的参赛科普视频、科普工作成绩等对候选人进行了全方位评估，选拔出60位选手晋级复赛。参赛人员风采本次复赛采用战队导师制原则，8位导师被分为四大战队，每个战队由一位医学导师和传媒导师组成。选手演讲后，如果某战队的两位导师同时举牌，视为认可该选手，该选手可进入该队；如若出现1举1不举牌，只计分不可进队；两位导师都没有举牌视为没有被该战队选中。如果选手被多队导师同时选中，则该名选手获得反选权利，每组导师拉票后，最终由选手选择进入哪支战队。复赛结束后将有12位选手成功晋级决赛，让我们共同见证“首届河南省健康科普能力大赛”12强的诞生吧！复赛时间：2018年10月12日8:30—18:30复赛地点：河南省郑州市金水区农业路经二路河南日报报业集团4楼多功能会议厅为了让更多的人受益我们将对复赛进行直播观看直播请扫描下方二维码版权声明◆ 本文为【大河健康融媒体】原创内容，未经授权，请勿转载！如需转载，请在文章下方留言。大河健康网网址：www.dhjk.cn合作电话：13592692009投稿：wyx5118@163.com统筹：于素文编辑：王方方]]></content>
  <author><![CDATA[大河健康网]]></author>
  <time>2018-10-10 12:12:21</time>
  <account><![CDATA[dahejiankang]]></account>
</data>
