<data>
  <id><![CDATA[50398655]]></id>
  <url><![CDATA[https://mp.weixin.qq.com/s?timestamp=1539596268&src=3&ver=1&signature=Egrj350GoKY8-KUcIJshb8LFH*VhQujXuw4wIlr5M2Bf7W34DhtUv2U-EUkyvVUX4I48T5ODGW*q*YmDfLLYi6Fo0dbOf4ym-ozHzTur9rGvbIDn5-SHfsoFbtCUjjFRQUEQ*fGO1OM5v11fx5KdMcYchKSpXPh6awO2U0u803A=]]></url>
  <title><![CDATA[【走近科普达人⑫】做好药学科普帮患者用对药]]></title>
  <content><![CDATA[“首届河南省健康科普能力大赛”已经进展到复赛阶段，近日，大河健康报记者对晋级复赛的“科普达人”们进行了集中宣传报道。谈起科普之路上的所见所闻，他们有许多话要说。郑州人民医院陈楠做好药学科普帮患者用对药2001年7月大学毕业后，陈楠来到了郑州人民医院药房一线，先后在病房药房、门诊西药房工作，成为一名为医护人员、为患者服务的药剂师,每天忙碌于货架、药柜、发药窗口。药师的职责是做好药品保障工作，是药品的搬运工。陈楠思考，药学专业在医院的作用仅此而已吗？显然不是。陈楠发现，在门诊药房窗口有很多患者咨询用药问题，这个药该怎么吃、那种药是饭前吃还是饭后吃、喝了酒能不能用药，等等。而在病房药房窗口，医生、护士对药品储存、使用剂量、相互作用、配伍禁忌、不良反应等也有许多疑问。所有这些摆在药师面前的问题，都让她意识到，药学专业在医院发挥的作用不只是药品保障，更重要的是让患者用对药，帮助医护人员用好药。2004年，陈楠开始研究国内外医院药学发展趋势，美国医院药学提出的“药学服务”的理念与她心中的方向不谋而合。明确了发展方向，她开始沉下身子苦练基本功。她说药学服务没有坚实的药学知识做储备，没有基本的医学知识做补充，就没有底气解决好临床和患者的问题。从药品说明书整理归纳到各类药物治疗临床实践案例分析，再到临床药物治疗学，工作之余，学习是她生活的主要部分。随着药学经验的积累，她开始在一些专业报刊上发表药学科普文章，如《教您正确使用缓控释片》《慎用中药注射剂》《润喉片服用不可随意》等。随着网媒的兴起，她开始在网络媒体上发表用药指导文章。在陈楠看来，医药领域伪科学严重危害大众健康，消除伪科学对大众健康的影响，用求真的态度才能为全民健康做保障。河南省洛阳正骨医院郑州院区李志强我的目标是“上工治未病”河南省洛阳正骨医院（河南省骨科医院）郑州院区颈肩腰腿痛二科主任李志强曾经给郑州市某区环卫工人做过一次健康科普讲座。本来三十分钟的讲座，应大家要求，被延长到了两个多小时。那场科普讲座让他意识到：生活中有很多人健康知识严重匮乏，对自己的身体健康状况没有很明确的认识。在讲座结束后的义诊活动中，李志强接触到一位姓焦的患者，她腰部及双下肢疼痛无力，走几步路，就要坐下休息。经诊断，她可能是腰椎滑脱引起的椎管狭窄。随后，李志强同医院的工作人员给她送去了药物，并给她讲解如何锻炼和防治。两周以后她的症状明显好转，不顾行动不便，硬是自己走到了李志强的办公室，对他表示感谢。这让李志强再次意识到，我们身边还有很多人缺乏健康知识，在不良的生活方式中，忍受着病痛的折磨。从那时起，李志强坚定了自己做科普教育工作的信念。所谓“上工治未病”，李志强表示，这一直是他的目标。生活中，李志强经常在微博、微信朋友圈发布保健预防知识，指导患者预防颈椎、腰椎疾病。李志强表示，自己做科普工作，是为了让更多的人了解健康知识，知道如何预防疾病，这是一项公益事业，也是他的兴趣所在。郑州大学第一附属医院李黎懂点医学知识莫让生命因无知逝去前段时间，30岁的小张突然出现胸口疼痛的症状，经郑州大学第一附属医院急诊科会诊，医生高度怀疑他是急性心梗，建议立刻检查并准备手术。小张的家属无论如何都不同意，认为这么年轻的小伙子不会得心梗，肯定是诊断错了。医生不停地劝说小张家属，约50分钟后，小张的症状加剧，家属才同意手术，小张的生命得以挽救。作为郑大一附院心内科的一名副主任医师，每次碰到这样的患者，李黎都很无奈。她说，急性心梗的最佳抢救时间是120分钟，时间就是生命，患者及其家属的犹豫，可能会增加难以估量的危险。如果患者了解一些基本医学知识，或许就能积极配合医生，这对于挽救患者生命和改善预后尤为重要。在郑大一附院心内科主任李凌教授的带领下，多年来，李黎及其同事致力于郑大一附院“心苑月月谈”及“心苑健康谈”的科普讲座。李黎说，现在网络发达，大部分人都可以随时随地接触到科普知识，但由于缺少专业医生的把关，其中也难免有很多伪科学内容，真假难辨，甚至误导大众。有些患者面对很小的心血管疾病，表现得过度紧张，而有些人即使面对急性心梗，也因无知而毫不在意。为了让更多的人了解正确预防和管理心血管疾病的相关知识，李黎及其同事创办了“大眼萌医”微信公众号。她希望通过这种方式，不断强化大家对心血管疾病相关知识及健康生活方式的认识，也希望更多的年轻人重视心血管疾病。河南省中医院吕沛宛植中医思维于内心随时随地做科普吕沛宛是河南省中医院治未病科副主任，从事医疗工作时间长达30年。她几乎随时随地都在做科普工作。在家发现家人打喷嚏，她就建议家人喝胡辣汤，胡辣汤辛温宣散，将肺气宣散出来就好了。在火车上，她听到孩子咳嗽，喉咙里发出水和气相撞的声音，她就告诉孩子的母亲，这是受寒的症状，并告知应该怎么做。在医院坐诊时，看到很多来就诊的女孩子爱穿裸露双肩及背部的衣服，她也会在患者就诊完嘱咐:秋天凉，背部容易受寒，导致咳嗽,而肩关节外露受寒，容易得肩周炎。吕沛宛说，“我将中医思维根植内心，看到了，我就直接说，随时随地给大家做科普。”此外，她还撰写了很多养生科普书籍，经常和其他专家到郑州市各大社区以及其他地市开展科普讲座。经常有人让她讲一些具体的养生知识，比如吃什么好。她说，因为每个人的体质不同，同一种方法并非适合所有人，必须对症养生。如果不分情况，对所有人讲吃某一种食物养生有效，这不是救人，而是害人，“张悟本的‘绿豆治百病骗局’就是这种错误的逻辑。”所以，她只在一对一科普时，才会讲适合这个人的养生之法，一对多科普时，只讲养生的大原则。吕沛宛说，科普的过程也是自我提高的过程，只有肚子里有墨水，才能给别人讲，只有经常给别人讲，知识才会“越记越牢”。详见《大河健康报》10月9日报纸06版以上人物顺序不分先后。往期精彩回顾【走近科普达人⑨】做科普的意义在于 让患者早发现疾病【走近科普达人⑧】“预防为主” 是口腔科普的重点【走近科普达人⑦】最有效的科普 是让病人也参与进来【走近科普达人⑥】医生讲科普 也是一种救死扶伤【走近科普达人⑤】用爱心和善念去传播健康知识和理念版权声明◆ 本文为【大河健康融媒体】原创内容，未经授权，请勿转载！如需转载，请在文章下方留言。大河健康网网址：www.dhjk.cn合作电话：13592692009投稿：wyx5118@163.com统筹：于素文编辑：王方方]]></content>
  <author><![CDATA[大河健康网]]></author>
  <time>2018-10-10 12:12:21</time>
  <account><![CDATA[dahejiankang]]></account>
</data>
