<data>
  <id><![CDATA[50398655]]></id>
  <url><![CDATA[https://mp.weixin.qq.com/s?timestamp=1539596268&src=3&ver=1&signature=Egrj350GoKY8-KUcIJshb8LFH*VhQujXuw4wIlr5M2Bf7W34DhtUv2U-EUkyvVUX4I48T5ODGW*q*YmDfLLYi6JqJhnw2ApVLyaZwj7*hP2Gm96jkSjWvwTlEPNLUenUZ3TI1Cy6X*A2e9fHuZKx11Kbe7QTTbbc7MHnBmjDFRg=]]></url>
  <title><![CDATA[长期身体不舒服，检查指标却正常？专家：可能是心理疾病]]></title>
  <content><![CDATA[撰文 大河健康报记者 山擎天很多老年人晚年生活相对单调且孤独，容易产生不良心理情绪。这些情绪有时会导致一些身体不适，如身体疼痛、消化不良等，经过医学检查后往往无法找到确切的病因，这时就需注意老年人是否出现了躯体形式障碍。1吃不下饭怀疑得了胃病，发现竟是焦虑在作怪56岁的张阿姨这段时间肠胃不舒服，无法正常吃饭，总感觉自己有胃病，于是便到医院消化科看病，医生为张阿姨做了胃镜等相关检查，并未发现有明显消化系统疾病，于是医生建议她到医院心理医学科咨询。张阿姨于是来到河南省人民医院心理医学科，找到了副主任医师周焰。周医生询问后，发现张阿姨在生活中对于时间非常在意，买菜、吃饭、看孩子等生活细节严格把控时间，生怕哪个环节出了问题，影响一天的生活，久而久之便产生了焦虑情绪。加之张阿姨退休后独自在家带孩子，并无他人陪伴，长期的压抑生活让她夜晚失眠，抑郁情绪由此产生。周焰针对张阿姨焦虑、抑郁情绪的病情使用药物治疗，同时对她进行心理疏导，她胃疼吃不下饭的症状逐渐消失。2郁郁寡欢终成病，检查正常却浑身疼来自农村的吴大爷，最近得了一种怪病，总是出现胸疼痛、胸闷等症状，且疼痛位置不固定，甚至全身都会产生不适感。吴大爷为了看病，走遍了附近县医院、村卫生室，住院、治疗、检查一项都没落下，但医生并没有查出吴大爷有什么问题，医生建议他到上一级医院的心理科咨询。于是吴大爷直接找到了周焰医生。周焰仔细询问他的生活状况，发现他的老伴最近得了老年痴呆症，无法照顾吴大爷，做饭、洗衣等家务都需要吴大爷完成，看到老伴突然变成这样，吴大爷心里承受了很大的痛苦，但这些内心的变化并未引起儿女的注意，久而久之吴大爷变得郁郁寡欢。周焰医生告诉记者，像吴大爷和张阿姨这种心理问题导致身体出现不适的情况都属于躯体形式障碍，躯体形式障碍是临床神经心理科的常见病，主要是由于焦虑症或者抑郁症等心理疾病导致的躯体症状。主要表现为全身各部位的持久性疼痛、不适，患者感觉非常痛苦，但对疼痛部位进行各种医学检查及化验，都没有器质性病变，也就是我们常见的查不出病因却身体不舒服，总觉得自己得病了。其发生与情感冲突或心理社会问题有因果关系。3老人更易产生躯体形式障碍，子女应多关心父母的生活老年人生活比较枯燥，时常感到孤独，这时候不良情绪就会滋生，导致身体出现各种不适。作为子女，应根据老年人的个性、爱好等情况，提前鼓励其多参加文娱活动，如打牌、打麻将、练书法、画画、做游戏、讲故事等，很多老年人都是因为孤独而产生抑郁的，多参加集体活动有助于缓解这种状况。子女给予的关心和慰藉，可以很大程度在精神上帮助老年人开心生活。因此，为人子女，日常生活中要多抽空与家里的老人进行交流沟通，给他们以精神安慰，这对预防躯体形式障碍起到很大作用。了解权威养生咨询请扫码进群版权声明◆ 本文为【大河健康融媒体】原创内容，未经授权，请勿转载！如需转载，请在文章下方留言。大河健康网网址：www.dhjk.cn合作电话：13592692009投稿：wyx5118@163.com统筹：于素文编辑：王方方]]></content>
  <author><![CDATA[大河健康网]]></author>
  <time>2018-10-15 12:35:31</time>
  <account><![CDATA[dahejiankang]]></account>
</data>
