<data>
  <id><![CDATA[50398655]]></id>
  <url><![CDATA[https://mp.weixin.qq.com/s?timestamp=1539596268&src=3&ver=1&signature=Egrj350GoKY8-KUcIJshb8LFH*VhQujXuw4wIlr5M2Bf7W34DhtUv2U-EUkyvVUX4I48T5ODGW*q*YmDfLLYiyucfTwZe6l3juQPQqT3NTQBJtNzdo5ryfIxndLdt9tqCvWFVvMb2hlPUXYHhnRBzlOQirb0B6utHZDDpwLhxmc=]]></url>
  <title><![CDATA[抖腿到底是不是一种疾病？怎么治？戳开文章看答案]]></title>
  <content><![CDATA[你们有没发现，身边总有些人会不由自主地抖腿，有句吐槽说得好，“每个爱抖腿的人心中，都住着一台缝纫机”。他们看电视时抖、开会时抖、上课时抖……好像只要坐着，腿就不自觉地开始抖，在家被家人说道，在外被旁人白眼甚至避而远之。那么，抖腿是一种习惯还是一种疾病呢？别急，咱慢慢往下看！想要了解最靠谱的养生咨询请扫码进群版权声明◆ 本文来源：科普中国，版权归原作者所有。大河健康网网址：www.dhjk.cn合作电话：13592692009投稿：wyx5118@163.com统筹：于素文编辑：王方方]]></content>
  <author><![CDATA[大河健康网]]></author>
  <time>2018-10-09 11:00:00</time>
  <account><![CDATA[dahejiankang]]></account>
</data>
