<data>
  <id><![CDATA[50398655]]></id>
  <url><![CDATA[https://mp.weixin.qq.com/s?timestamp=1539596268&src=3&ver=1&signature=Egrj350GoKY8-KUcIJshb8LFH*VhQujXuw4wIlr5M2Bf7W34DhtUv2U-EUkyvVUX4I48T5ODGW*q*YmDfLLYi0crPWMCLI45yJJhIKTH8vQo*a5OFJGnXlexmolY*24aNIbPO12cU9crgT3IbtUWimUBK--Qu3S5KFmlanKvLJs=]]></url>
  <title><![CDATA[【长假养生】正宗的方城生炝烩面，要用当天最新鲜的山羊肉]]></title>
  <content><![CDATA[撰文丨记者 陈峥嵘国庆长假期间，不管您是出游还是留守，美食养生都离不了。大河新健康融媒体推出系列美食养生稿件，每天一道健康餐，陪您快乐平安度长假。今天由记者陈峥嵘带你品尝南阳宋家鲜羊汤菜。朋友小茹是河南南阳人，常向记者夸赞其家乡人杰地灵，山好水美，位于南召县皇路店镇的鸭河水库风景区便是她力荐的休闲好去处之一，趁着国庆假期，我们两家人驱车前往。度娘告诉我们，鸭河水库是一座以防洪灌溉为主，兼顾用水、发电、养殖的大型水库之一。果然，来到水边后，我们似乎找到一点小海岸的感脚！黄昏下的鸭河水库长假期间，各大景点人满为患，而我们一行人在宾馆吃过早餐来到鸭河水库大坝，看到的是如此空旷之景（我要是偷着乐你们表生气哦）：令人开心的是，除了饱眼福，我们还在水库旁(鸭河电厂西门对面)发现了一家美味菜馆-----宋家鲜羊汤菜馆，并在这里大饱口福。夜幕下的菜馆菜馆老菜老味，走的是传统路线，因为味道好、分量足而成为我们此行的“御用厨房”，我们也因此与老板两口子熟悉起来。“馆子里的‘硬菜’由专业厨师来做，我是方城人，生炝烩面是我的代表作。”据老板娘周平介绍，无论菜和面，他们用的都是真材实料。以一碗普通的生炝烩面为例，肉要用当天买的山羊肉，汤则是用大量羊骨熬煮而得的功夫汤。吃面喝汤，味美又滋补。一碗生炝烩面，透着周平坚守的诚信烩面里鲜美无比的萝卜缨既然到了水库边，不吃鱼哪能说得过去？周平向我们推荐了店里的“硬菜”-----瓦块鱼。做法是，先将鱼收拾干净，斩块，用花椒、八角、辣椒、葱、姜、蒜等腌制2~3天入味，吃时挂糊油炸即可。刚出锅的瓦块鱼闻起来香气扑鼻，咬一口外焦里嫩，大人、孩子皆“爱不释嘴”。瓦块鱼另外一个受欢迎的菜是红烧茄子。与我们在家烧的不同，这个茄块外形方正，吃起来不油腻，在红烧菜品里算是爽口的。问及窍门，周平说：“茄子削皮切块后冲水，不放盐，直接拌淀粉过油，这样能锁住茄子本身的水分和形状，也不会吸太多的油，保证爽脆口感。”口感爽脆不油腻的宋家红烧茄子豆腐炒青菜和糖醋里脊是河南家常菜，可能是食材新鲜，或是厨师功力实在深厚，这俩菜还没来得及拍照，就快见底儿了哈。都说耳听为虚，眼见为实，相信大家看到下面这个菜，也难以猜出名字——这是听到孩子们想吃烧烤的声音时，老板宋杰建议的过瘾“硬菜”——孜然羊肉。由于用的是当地吃草长大的山羊，肉质尤其鲜嫩，而且处理得一点儿膻味也没有。所以，当时我们被美味诱惑得忘乎所以、边吃边赞不绝口，竟然木有拍照哈。据周平讲，羊肉烩粉皮和黄焖鸡也是店里很受欢迎的拳头菜品。前者制作时要先将面粉用油炒黄，再加入羊骨汤、葱、姜和羊肉、红薯粉皮、木耳、金针菇等炖煮，后者是先炒后焖。由于用料足，味道好，这都是常客必点的菜品。第一次到鸭河，我们不仅欣赏了美景，还品尝到口味正宗的河南地方美食，真是可以满足地临水想象一下诗和远方了~想要了解最靠谱的养生咨询请扫码进群往期精彩回顾【长假养生】菊花茶是养生佳品，但不注意这两点，当心越喝身体越差【长假养生】不到新疆 你一定吃不到正宗的红柳烤肉【长假养生】羊肉汤是冷天标配？错！这些人喝了会出问题【长假养生】最正宗的道口烧鸡要加16种中药材，你知道吗？【长假养生】常吃信阳板栗，能有效预防骨质疏松、腰腿酸软，还能预防冠心病高血压【长假养生】早上红茶，中午绿茶，晚上黑茶，广东人喝茶为啥这么讲究？版权声明◆ 本文为【大河健康融媒体】原创内容，未经授权，请勿转载！如需转载，请在文章下方留言。大河健康网网址：www.dhjk.cn合作电话：13592692009投稿：wyx5118@163.com统筹：于素文编辑：王方方]]></content>
  <author><![CDATA[大河健康网]]></author>
  <time>2018-10-08 15:23:06</time>
  <account><![CDATA[dahejiankang]]></account>
</data>
