<data>
  <id><![CDATA[50398655]]></id>
  <url><![CDATA[https://mp.weixin.qq.com/s?timestamp=1539596268&src=3&ver=1&signature=Egrj350GoKY8-KUcIJshb8LFH*VhQujXuw4wIlr5M2Bf7W34DhtUv2U-EUkyvVUX4I48T5ODGW*q*YmDfLLYi6JqJhnw2ApVLyaZwj7*hP2szS9dt28i4EjDt5EOx5a1JjxFBz3QiFeFcBnFtFoHi1B9MultS*SKHno440MZ5nQ=]]></url>
  <title><![CDATA[中国这种病患者超过1亿，中青年成了高发人群]]></title>
  <content><![CDATA[撰文  见习记者 梁露露“10月12日是每年一度的世界关节炎日，据悉，全球关节炎患者接近3.6亿，在亚洲地区，平均每6个人里就有1个关节炎患者。随着我国社会的老龄化加剧，关节炎患者日趋增加，目前已经超过1亿，而且人数还在不断增加。在人们的印象中，关节炎是一种老年人容易患上的疾病，但如今，中青年患者迎头而上，成为关节炎的“新力军”，其中骨关节炎、痛风性关节炎是中青年群体中最常见的两种。”1肥胖是诱发骨关节炎的重要原因不久， 29岁的娜娜因膝盖疼痛来到河南中医药大学第三附属医院骨科就诊，自诉平时上下楼梯双膝关节酸楚、疼痛，并伴随无力感。在门诊拍了双膝关节的X片，显示轻度膝关节间隙变窄，膝关节边缘少量骨赘形成。结合娜娜的症状、体征及影像学检查，该院骨科主任医师李康确诊其所患的是骨关节炎。娜娜深感不解：“不会搞错了吧！二十几岁的人就得骨关节炎了？这不是老年人才有的吗？”很多人都有娜娜这样的疑惑。李康表示，骨关节炎不是老年人的专利，它也会出现在年轻人身上，特别是像娜娜这样的肥胖者，身高不到1.6米，体重却已超过140斤。李康告诉记者，骨关节炎的发生与肥胖、年龄、外伤、内分泌、软骨代谢、免疫异常和遗传等多种因素有关。其中，肥胖是诱发骨关节炎的重要因素。一般而言，体型肥胖者为保持重心，必然会给全身骨关节系统带来沉重负担，尤其是作为机体主要支撑的脊柱和双下肢，长期处于超负荷状态，负重的关节软骨承受的压力比正常体重的人要多很多。骨与骨、骨与关节、关节与关节之间在重力作用下磨损程度加重，会导致骨与关节内部结构发生增生、破裂。同时，体型肥胖者容易发生膝部内翻畸形，使膝关节两侧间隙负重不平衡，大大增加了跌倒的可能性。而这种积累性的微小损伤，容易造成软骨下骨改变，影响关节软骨对关节负重的抵抗力，导致软骨退变，进而发生骨关节炎。2关节功能减退不可逆 预防骨关节炎应尽早李康表示，负重骨关节磨损和功能减退是不可逆的，所以，对骨关节的保护应及早进行。控制体重。体重过重者可通过减肥避免关节过度负重，但要注意选择适合自己的运动方式，比如游泳、骑自行车等，减轻对膝关节的损耗。纠正不良姿势。如今很多学校和家长十分注意孩子的坐姿，以保护颈椎和视力。其实站姿、下蹲姿势也十分重要，一些歪斜、侧倚、蹲下走路等姿势也会增加膝关节压力，增加受伤风险。因此对有不良姿势的孩子，应予以纠正。关节保暖。关节面的软骨、滑膜都是相对缺乏血液供应的组织，细胞的代谢全靠附近小血管携带的养分渗透而来。如果暴露在过冷的空气中，局部浅表的血管受冷收缩，将影响软骨细胞的生存，久而久之，将加速关节炎的进程。因此，气温降低时要注意关节保暖，不要把关节直接暴露在冷空气中。3痛风性关节炎:饮食不合理结出的恶果家住郑州市二七区的飞飞今年33岁，体重220斤，腰围三尺多，一低头，下巴上的肉都能垂到领口。飞飞平时特别爱吃海鲜、喝啤酒，口味重的卤煮、炒肝都是他的最爱。一次，飞飞因贪凉吹了一夜空调后，第二天早上起来膝盖就肿了，疼得不行，腿无法伸直，脚也不敢踩地。去医院检查说是滑膜炎，但飞飞没太在意，自己吃了点儿止疼片，就应付过去了。直到三个月前，飞飞过生日，朋友家人轮番请客，天天喝酒、吃肉，再加上晚上睡得晚，持续一段时间后，飞飞的膝盖又开始疼了。在家人的陪同下，飞飞来到郑州市第七人民医院骨科就诊。经检查，飞飞被诊断为痛风性关节炎。该院骨科副主任医师陈治权告诉记者，痛风性关节炎是由于尿酸盐在关节软骨或滑膜处沉积，导致关节滑膜及周围组织发生炎症反应引起的。引发痛风性关节炎的原因有很多，比如说长期嘌呤代谢障碍、血尿酸增高、不合理的饮食习惯、天气变化、遗传因素或者家族因素。其中，不合理的饮食习惯与痛风性关节炎有很大关系。饮酒过度会诱发痛风性关节炎，酒精在肝组织进行代谢时，会吸收水分，增强血浓度，促使接近饱和的尿酸快速进入软组织形成结晶，导致患者的身体免疫系统产生敏感反应，形成关节炎症。另外，垃圾食品中的部分衍生物可引发本来蓄积在软组织的尿酸结晶重新溶解，会导致痛风性关节炎患者的痛风症状加重。4痛风性关节炎：首次发作多为单关节炎陈治权表示，痛风性关节炎首次发作多为单关节炎，以拇指关节最为多见，也有一些像飞飞这样，首次发作的关节为膝关节的情况。痛风性关节炎通常包含急性期和慢性期。急性期一般处于酗酒、剧烈运动、外伤、感染发热等情况之后。多数患者发作前无明显征兆，或仅有疲乏、全身不适或关节刺痛等。典型症状是深夜因关节痛而惊醒，疼痛进行性加剧，发作12小时左右达高峰，疼痛呈撕裂样、刀割样或咬噬样，难以忍受。受累关节及周围组织红、肿、热、痛和功能受限，多于数天或2周内自行缓解。慢性期随着尿酸钠在关节内的沉积，发作也逐渐频繁，受累关节增加，疼痛加剧，炎症不能完全消退，出现痛风石。随着痛风石的不断沉积，导致关节肥大、畸形、僵硬、活动受限，长期发展还有可能造成患者的关节发生坏死。5痛风性关节炎重点在防不在治陈治权表示，由于痛风性关节炎不能彻底治愈，只能通过服用药物控制病情，所以预防显得尤其重要。为此，陈治权提出以下建议：控制蛋白质及脂肪的摄入。痛风性关节炎与肥胖病、高脂血症密切相关，所以，积极地控制脂肪和蛋白质的摄入，对于预防痛风性关节炎发作起着重要作用。保证充足的水分摄入。痛风性关节炎急性发作期一定要多喝水，食用含水分多的食品，每天水摄入量维持在2000～3000毫升，以保证足够的尿量，促使尿酸排出。尽量不吃高嘌呤的食物。痛风性关节炎是由嘌呤代谢紊乱引起的，因此痛风性关节炎患者不要吃这类食品，以免诱发痛风。富含嘌呤的食物有动物内脏、肉类汤汁、各种肉食、骨髓、海鱼、各种豆类等。食用含丰富维生素的食物。供给充足的B族维生素和维生素C，保证蔬菜、水果等碱性食物的供应量。因为碱性食物能提高尿酸盐溶解度，有利于尿酸排出，缓解疼痛症状，蔬菜和水果富含维生素C，能促进组织内尿酸盐溶解，有利于减轻症状。了解权威养生咨询请扫码进群版权声明◆ 本文为【大河健康融媒体】原创内容，未经授权，请勿转载！如需转载，请在文章下方留言。大河健康网网址：www.dhjk.cn合作电话：13592692009投稿：wyx5118@163.com统筹：于素文编辑：王方方]]></content>
  <author><![CDATA[大河健康网]]></author>
  <time>2018-10-15 12:35:31</time>
  <account><![CDATA[dahejiankang]]></account>
</data>
