<data>
  <id><![CDATA[50398655]]></id>
  <url><![CDATA[https://mp.weixin.qq.com/s?timestamp=1539596268&src=3&ver=1&signature=Egrj350GoKY8-KUcIJshb8LFH*VhQujXuw4wIlr5M2Bf7W34DhtUv2U-EUkyvVUX4I48T5ODGW*q*YmDfLLYi0jX5Zno3QdYa2-TYvibH1fnEz*rcQQDi3ybolMOiyBAt0GEyRDvkB94p4NtkVbj5nR8aRE8VE6nK*dzUFu0Wc8=]]></url>
  <title><![CDATA[15次流产，13次胎停，到这里生出健康宝宝，是怎么做到的？]]></title>
  <content><![CDATA[撰文 大河健康报记者 王方方如果您想咨询廖世秀主任，请后台留言：第117期专家简介廖世秀，主任医师、二级教授、医学博士，全国产前诊断技术专家组成员，河南省遗传优生学术技术带头人，享受国务院特殊津贴，享受河南省政府津贴。现任河南省医学遗传研究所所长，河南省人民医院产前诊断中心主任、遗传疾病科主任、医学遗传教研室主任、医学遗传住培基地主任；河南省遗传病功能基因重点实验室主任、河南省高通量测序技术工程实验室主任、河南省临床基因诊断与治疗工程实验室主任。兼任中华医学会医学遗传学专业委员会常委、中国医师协会医学遗传专业分会常委、中国优生协会出生缺陷预防专业副主任委员、海峡两岸医药卫生协会遗传与生殖专业副主任委员、中国优生科学协会基因诊断专业分会常委、河南省医学遗传专业委员会主任委员等。兼任《中华医学遗传学杂志》、《中华实用诊断与治疗杂志》等多家杂志编委。从事遗传优生及产前诊断工作20多年。专业特长为出生缺陷/遗传病的产前诊断及发病机制研究，复发性流产（习惯性流产）的病因研究与防治，遗传病的诊治及预防。来自北京的张女士和其爱人到河南省医学遗传研究所就诊的时候，已经被要孩子的事情折磨的痛苦不已，她怀孕15次，13次胎停，2次畸形。河南省医学遗传研究所所长，河南省人民医院产前诊断中心主任廖世秀在为其进行一系列的诊断和治疗之后，张女士夫妇终于迎来了健康的宝宝。张女士夫妇兴奋地发来孩子的百天视频，并说：这个孩子挽救了他们的家庭，以后生活有了奔头！1反复流产，再怀孕流产概率将递增怀孕28周之前，非人为因素的自动终止妊娠，叫自然流产。自然流产三次或三次以上，就称为习惯性流产。现在，习惯性流产的发病率很高，在廖世秀主任接诊的患者中，各个年龄段的育龄女性均有发生。廖世秀主任说，第一次自然流后一定要引起重视，要找到原因并进行针对性治疗。否则，再次怀孕发生流产的概率会递增，例如，第一次自然流产后，第二次怀孕发生自燃流产的概率为20%~30%，第二次自然流产后，第三次怀孕发生自然流产的概率为40%~50%，也就是说流产次数越多，再次妊娠的失败率就越高。2习惯性流产，多与这几个原因有关廖世秀主任说，习惯性流产的原因特别复杂，临床上，多将习惯性流产的原因归纳为以下六大类：1. 遗传因素。检查有问题的胚胎时发现，60%是因为遗传物质出现了问题。2. 免疫因素。怀孕是一个复杂的免疫过程，类似于两次器官移植，卵子移到子宫，精子移到子宫，一次是自体移植，一次是异体移植。说到器官移植，大家都会想到免疫排斥，怀孕以后也会有免疫排斥。但是，母体会产生保护胎儿的封闭因子，或称保护因子，这样胎儿才能在孕妇体内生存10个月。但很多习惯性流产女性的体内免疫系统是紊乱的，该保护的没保护，不该排斥的排斥，就会导致自然流产的一再发生。3. 血液高凝状态。从怀孕8周开始，胎儿的血液循环和母亲的血液循环就能建立起血液流动。但有时候绒毛或胎盘有一些微血栓，容易出现梗阻，就会导致胎停育或自然流产。4. 病原微生物感染。母亲怀孕的时候感染病原微生物，如支原体、衣原体、单纯疱疹病毒、链球菌等，这些病原微生物会通过生殖道上行扩散到宫腔，就可能会造成羊膜感染，羊膜就会变得很脆，进而破裂，导致流产。5. 内分泌因素。孕妇的内分泌系统会发生改变，这些异常的改变可能会影响胚胎的发育，导致习惯性流产，常见的有黄体功能不全、高泌乳素血症、多囊卵巢综合征、甲状腺功能异常等。6. 生殖因素。子宫内膜受损、子宫内膜变薄、宫腔粘连、子宫内膜息肉、子宫肌瘤、宫颈管机能不全等，以及卵子或精子质量不好，都可导致流产。廖世秀主任说，除此之外，精神因素也是导致自然流产的重要因素，习惯性流产患者往往存在很大的精神压力。3预防、治疗习惯性流产，注意四个原则廖世秀说，对于习惯性流产的治疗，要注意以下四个原则：第一，针对病因治疗。一定要注意查找病因，这是治疗和预防习惯性流产最关键的一个环节。第二，综合考虑。习惯性流产往往不是一个环节出现了问题，要从多个环节综合考虑。第三，注意心理疏导。反复流产对于女性的身心摧残都特别大，治疗的过程中要注意心理疏导，这对接下来的保胎也非常重要。第四，保胎成功后排除出生缺陷。保胎成功之后，也不能掉以轻心，一定要检查胎儿有没有出生缺陷，产前诊断胎儿正常后才可放心。版权声明◆ 本文为【大河健康融媒体】原创内容，未经授权，请勿转载！如需转载，请在文章下方留言。大河健康网网址：www.dhjk.cn合作电话：13592692009投稿：wyx5118@163.com统筹：于素文编辑：王方方视频：王震]]></content>
  <author><![CDATA[大河健康网]]></author>
  <time>2018-10-13 11:31:00</time>
  <account><![CDATA[dahejiankang]]></account>
</data>
