<data>
  <id><![CDATA[50398655]]></id>
  <url><![CDATA[https://mp.weixin.qq.com/s?timestamp=1539596268&src=3&ver=1&signature=Egrj350GoKY8-KUcIJshb8LFH*VhQujXuw4wIlr5M2Bf7W34DhtUv2U-EUkyvVUX4I48T5ODGW*q*YmDfLLYi0jX5Zno3QdYa2-TYvibH1cNj1w7mtdRqq-2iL7-QjrAcm4wIjN-7a6aGmqWt-vwyGdCH4Xc8oy4Tzj5ZvmOXTY=]]></url>
  <title><![CDATA[“首届河南省健康科普能力大赛”复赛成功举办16位选手入围决赛]]></title>
  <content><![CDATA[撰文丨记者 王方方10月12日，“首届河南省健康科普能力大赛”复赛在河南日报报业集团4楼多功能会议厅举办。“首届河南省健康科普能力大赛”是为了认真贯彻落实习近平新时代中国特色社会主义思想和党的十九大精神，全面提升全省人民的健康素养，从医务工作者中挖掘出健康传播优秀人才，由河南省卫生和计划生育委员会、河南省科技厅、河南省总工会、河南省科协、河南日报报业集团联合主办，河南省疾病预防控制中心、河南省医学会、河南省医学科学普及学会、大河健康报社、大河网联合承办。大赛自7月13日正式启动以来，受到了社会各界的广泛关注，全省各级医院的医护人员踊跃报名参与。经过一个多月的初选初评，最终有60位选手成功晋级复赛。复赛采取了科学导师和媒体导师“双导师制”的评选方式，一方面是对选手能力的提升，另一方面体现了河南省健康科普在科学性、权威性、文艺性、趣味性和传播性方面实现统一的努力和探索。复赛阶段的八位专业导师，分别为四位科学导师，四位媒体导师，两人互为一组，确保做出更加公平公正的判断，他们分别是：“周孟”战队科学导师：河南省疾病预防控制中心健康教育与慢病防治所所长 周刚媒体导师：大河网络传媒集团总编辑 孟磊“胡姚”战队科学导师：河南《创新科技》杂志社（河南省科技期刊传媒集团）社长 胡炜媒体导师：郑州电视台主持人管理部主任、主任播音员姚丽勤“吕秦”战队科学导师：郑州大学营养学教授、河南省健康管理学会副理事长 吕全军媒体导师：河南广播电视台诗歌朗诵协会秘书长、资深主持人秦莉“陈王”战队科学导师：河南省肿瘤医院内科副主任、教授 陈小兵媒体导师：河南广播电视台私家车广播主持人、共青团中央新媒体主播 王腾霄复赛采取了科学导师和媒体导师“双导师制”的评选方式选手们在比赛中使出了浑身解数，有的自己动手画漫画，有的身体力行现场做起单手俯卧撑，有的念起了好记又实用的顺口溜……而为了将拔尖人才收揽麾下，台下的导师也相互较劲，现场抢人大战火花四溅。比赛细节融入了众多健康元素，不少评委选择将水果、蔬菜送给晋级选手作为信物。比赛现场复赛选手河南省人民医院的王亚寒以其幽默接地气的科普演讲和现场互动，受到导师的一致认可，四个战队的八位导师展开抢夺战。由于他外形帅气，被大家亲切地称为“最帅科普选手”。王亚寒告诉记者，他也没想到自己会如此抢手，这与他平时注重科普工作积累了丰富的经验密切相关。这对他来说是一种激励，他在今后的科普工作中会再接再厉，根据导师们提出的意见进一步完善自己。经过一天的激烈角逐，张明智、徐国良等12名选手晋级。由于现场选手竞争非常激烈，优秀选手层出不穷，后经过专家评审团讨论，为了给更多优秀选手参加总决赛的机会，每组战队再增加一名选手，组成16强，他们将在近期举办的全省总决赛中一决高下。新乡医学院第一附属医院的王瑜是入围决赛的选手中年龄最小的，今年23岁，她抑制不住内心的喜悦，说：“我简直开心到飞起！”她说，能和这么多大咖一起PK，她感到非常兴奋和刺激，参加科普大赛让她收获很大，以后会再接再厉，做好科普工作！比赛现场国家卫生健康委员会宣传司健康促进处姜雯处长在复赛启动仪式上说，河南省健康科普能力大赛的举办，既整合资源、拓展渠道，又创新了传播方式，体现了河南省在健康科普方面的主动作为。国家卫生健康委员会宣传司健康促进处处长姜雯河南省卫生计生委副巡视员周勇在启动仪式上说，“首届河南省健康科普能力大赛”只是开端，希望更多优秀的医务工作者积极投身健康科普工作，肩负起健康科普主力军的角色，让科学的声音压倒一切伪科学的谣言。河南省卫生计生委副巡视员周勇最终晋级16强名单：“周孟”战队：徐国良、程珍、刘煜龙、马天舒“胡姚”战队：李江琳、娄政驰、王瑜、赵玉洲“吕秦”战队：申鹏、张明智、高培钦、周燕“陈王”战队：李明瑛、潘文婷、陈贝贝、王亚寒扫描二维码回看精彩复赛版权声明◆ 本文为【大河健康融媒体】原创内容，未经授权，请勿转载！如需转载，请在文章下方留言。大河健康网网址：www.dhjk.cn合作电话：13592692009投稿：wyx5118@163.com统筹：于素文编辑：王方方]]></content>
  <author><![CDATA[大河健康网]]></author>
  <time>2018-10-13 11:31:00</time>
  <account><![CDATA[dahejiankang]]></account>
</data>
