<data>
  <id><![CDATA[50398655]]></id>
  <url><![CDATA[https://mp.weixin.qq.com/s?timestamp=1539596268&src=3&ver=1&signature=Egrj350GoKY8-KUcIJshb8LFH*VhQujXuw4wIlr5M2Bf7W34DhtUv2U-EUkyvVUX4I48T5ODGW*q*YmDfLLYi6Fo0dbOf4ym-ozHzTur9rHOt0M8fQtBD7cZQCcMz5hAhuVyOtMyADiaPf4tA1kP6jSGktDfo0vvWs-TOF8jam4=]]></url>
  <title><![CDATA[面瘫及早治疗大部分人能治愈，病程越久越难恢复]]></title>
  <content><![CDATA[撰文 实习记者 李泽雅指导专家：河南中医药大学第一附属医院针灸疼痛科主任 赵俐黎“面瘫即我们俗称的“歪嘴”，也叫面神经麻痹或面神经炎。患病以后面部的肌肉会出现功能障碍，表现为口眼歪斜，抬眉、闭眼、鼓腮受限，饮水漏水等。面瘫是一种常见病，目前认为它主要与病毒感染和外环境因素（如受凉、吹风）密切相关，春夏之交与秋冬之交是此病的高发时节。现在面瘫的发病人群已经逐渐扩展到了儿童。”正气不足是主要病因中医理论讲“正气存内，邪不可干”。现代人常熬夜，饮食作息不规律，抽烟喝酒，等等。这些不良生活习惯会伤及脾胃，脾胃不和，气血不足，脉络空虚，风寒之邪乘虚而入，导致气血不能正常运行，面肌失养而引起面瘫。这里提到的“正气”，其实相当于西医中常常提到的人体自身的免疫力。秋季昼夜温差大，气温忽高忽低，容易伤风受凉，且秋季细菌病毒滋生活跃，而人体防御能力又低，自然就造成了面瘫的高发。就医及时，大部分面瘫可以治愈面瘫起病急，发展快，病程越久就越难以恢复，因此一定要尽早采取治疗措施。当出现耳根酸、肿、胀，耳内起红疹，一侧头痛，味觉改变等症状时，应警惕自己或将发病。当出现抬眉受限、闭目不全、眼角流泪、漱口漏水、张不开嘴、吃饭塞食物、鼓腮漏气等症状时，证明确实患上了面瘫，此时病情会迅速发展并逐步形成重度面瘫。赵主任提醒患者一发现就应立即就医，千万拖不得。其实面瘫只有极少数无法治愈，大部分只要治疗及时，不失治不误治不自我放弃，都能完全康复。健康生活，远离面瘫威胁秋季为面瘫高发季，做好预防很重要，养足正气、提高自身免疫力是重点。不熬夜，多喝温水，少去人多的地方，远离污浊之气，适当运动以鼓舞正气。应按照“早上吃饱，中午吃好，晚上吃少”的原则安排日常饮食。另外，秋冬季也应多吃白色和黑色的食物，尽量远离甜腻辛辣之物。有过病史的朋友需切记晚上不能吃大餐，以免夜间消化不良伤及脾胃，造成面瘫复发。版权声明◆ 本文为【大河健康融媒体】原创内容，未经授权，请勿转载！如需转载，请在文章下方留言。大河健康网网址：www.dhjk.cn合作电话：13592692009投稿：wyx5118@163.com统筹：于素文编辑：王方方]]></content>
  <author><![CDATA[大河健康网]]></author>
  <time>2018-10-10 12:12:21</time>
  <account><![CDATA[dahejiankang]]></account>
</data>
