<data>
  <id><![CDATA[50398655]]></id>
  <url><![CDATA[https://mp.weixin.qq.com/s?timestamp=1539596268&src=3&ver=1&signature=Egrj350GoKY8-KUcIJshb8LFH*VhQujXuw4wIlr5M2Bf7W34DhtUv2U-EUkyvVUX4I48T5ODGW*q*YmDfLLYiyVSp9dtHsxG7g3ZjrpJ96fcbGQ9Qtc8Rd-223qoFdT6ZP2A*zpPBFkuEFlpHXEZjhd3l3VbiXjV-gMr2eG5jo8=]]></url>
  <title><![CDATA[【走近科普达人⑭】健康科普是医患沟通的良好方式]]></title>
  <content><![CDATA[“首届河南省健康科普能力大赛”已经进展到复赛阶段，近日，大河健康报记者对晋级复赛的“科普达人”们进行了集中宣传报道。谈起科普之路上的所见所闻，他们有许多话要说。开封市第二中医院武莹:对问诊的认真解答也是在做健康科普武莹告诉记者，经常有患者和她讨论三七和西洋参的好处，但是从没跟她讨论过如何辨别三七和西洋参的真假，以及如何服用、服用多少才更有益。经常有患者从不同渠道听了宣传，然后买了药品拿来让她判定是否可以治疗他们的病。这些药品并不能帮助医生更好地治疗患者的疾病，患者长期服用虚假药品或不合格的药品反而会引起中毒甚至危及生命。“这样的例子数不胜数，却也提醒我作为一名医生传播健康科普知识的职责。”武莹认为，健康科普就是提高全民“治未病”的意识。她说，医生的职责是救死扶伤，健康科普的根本目的是为人民健康服务，但是，不能仅仅局限于患者发生疾病或生命受到威胁时才开始干预和治疗，应把医学科学技术、防病治病的方法、医学保健的措施让老百姓掌握，用在自我保健上，从而达到防病的目的。所谓“上医治未病”，就是要医生更积极地参与到健康维护、疾病预防、早期诊断和早期治疗的全过程中，最终让老百姓通过健康科普“治未病”。健康科普宣讲处处都是讲，小到对每一位前来就诊的患者进行一对一的宣讲，大到下乡镇、进社区普及更多的百姓，武莹用自己的努力实践着健康科普的意义，用通俗的大白话给老百姓解释专业知识，让更多的老百姓更好地去理解健康知识。现在，越来越多的医生愿意做健康科普，愿意用另外一种形式“治病救人”。三门峡市中心医院朱文辉:为做健康科普他走遍全市所有的乡镇朱文辉，三门峡市中心医院脊柱外科副主任医师，已经从业17年，从事健康科普工作4年。在参加“首届河南省健康科普能力大赛”之前，朱文辉已经是当地的“科普达人”，他一直参与三门峡市卫计委组织的“三门峡慢性病科普下乡”系列活动，两年走遍了三门峡市所有的乡镇卫生院，为群众讲课、义诊。朱文辉告诉记者，当医生17年，刚开始，他觉得医生的天职就是诊断、治疗。后来慢慢地发现，病人逐年增多，病永远也看不完，才去思考怎么从源头上减少疾病发生的可能，最后萌生出做科普的想法。朱文辉认为，只要把这些医学健康知识提前灌输给老百姓，就能大大降低疾病的发生率，从而减轻社会的负担。“在乡镇卫生院讲课的时候，我一开始采用大学教授对医学生讲课的方式，专业知识太深奥，群众听不懂，也不想听，都觉得不满意。后来，我主动改善讲课的方式，用最通俗易懂的语言讲课，就像聊天一样，深得群众喜欢，每次讲课之后还有不少人给我打电话详细咨询。”朱文辉说。刚接到比赛的通知时，朱文辉刚好参加了一场学术会，有机会请教中华医学会健康管理学分会主任委员曾强教授。经过两个小时的讨论，曾强教授在课件内容、科普方式、时间把握、如何录制视频等方面对朱文辉予以了指导。功夫不负有心人，经过当地层层选拔，朱文辉以优异的表现脱颖而出，闯进了复赛。郏县中医院姚佳：做一方百姓的健康卫士姚佳，2011年毕业于原河南中医学院，毕业后来到了郏县中医普内科工作。姚佳说，她从毕业开始就立志做一方名医，但在病房工作这几年，见了太多因为不懂基本的健康知识而耽误早期治疗的患者。姚佳曾经收治过一名42岁的主动脉夹层患者，高死亡率和几万元的手术费，让这个整日面朝黄土背朝天的农村汉子彻底绝望了，他强忍着病痛说：“大夫，我不治了！”他坚决放弃，让一家人陷入了绝境。姚佳回忆道：“他的家属蹲在墙角，眼噙着泪无奈地望着远方。看到我过来，家属突然跳起来拽着我的手说，大夫，为什么孩他爹会得这种病？为什么？为什么？”连续几个“为什么”把姚佳问住了。但是，姚佳发现这个家属连什么是高血压都不知道。如果他们对高血压多点认识，挽救的就不仅仅是一条生命，还是一位妻子的丈夫、一名孩子的父亲。“为什么在医学飞速发展的今天，疾病不是越来越少，而是越来越多？”姚佳说，我们总专注于治病，却忽略了怎么防病。一个医生的一生也许能承担数千人的救治工作，但通过健康科普，让千万民众树立“无病早防，有病早治”的意识，一定能为老百姓带来健康的福音。从2016年起，姚佳辞去了病房的工作，做了一名体检中心的总检医生，她编印各种科普资料，给患者开具科普健康知识的处方，走进社区开展健康科普咨询和健康讲座。“虽还不是一方名医，但能成为一方百姓的健康卫士，我觉得这就是生活的意义。”姚佳说，她希望通过简单易懂甚至幽默诙谐的方式，让更多的老百姓愿意来听她的健康科普讲座。温县中医院李向飞:健康科普是医患沟通的良好方式李向飞在平时的工作中发现，医患双方有时会相互抱怨难以沟通。“医生认为,患者问的问题太多了,有的回答了几十遍患者还是不明白。患者则认为,医生说得太专业、太烦琐,不容易记。”李向飞告诉记者，其实,医生与患者的出发点都是对抗疾病,医生以专业的语言去告诉患者,而患者则希望医生可以用生活化、通俗易懂的形式告知,让他们也能了解有关疾病的发展进程。“科普就是一种较好的沟通方式,它搭起了一座专家与百姓、医生与患者之间的桥梁。医生运用科普的语言,与民众形成良好互动,让患者信任、理解治疗方式和过程,患者能更好地配合医生的治疗思路,增加依从性,从而取得更好的疗效,也使得各种矛盾消于无形。”随着社会的进步和经济的发展,人们对健康的期望值越来越高,自我保健意识越来越强。李向飞认为，作为医务工作者，会面对越来越多的患者，在临床工作中，他接触了大量的颈肩腰腿疼痛患者，被问得最多的问题是：医生，别人说这个病治不好，你能不能给我根治？能除根吗？李向飞细细解释，有的病可以根治，比如阑尾炎，把阑尾切除就好了。有的病不存在根治，如腰椎间盘突出、颈椎病、骨关节炎等。有的病是一种症状，有的病是一种正常的老化和劳损，再好的治疗手段也不可能让人返老还童。这次干活肌肉劳损了，下次活动不当，肌肉会再次损伤。“这样跟患者讲，他们一般都会理解和接受，这有利于医患的沟通，建立信任关系。”李向飞说，通过健康科普，让患者在治疗的同时，能充分认识和了解疾病的发生和预防，“而这往往比治疗更重要。”详见《大河健康报》10月9日报纸08版以上人物顺序不分先后。往期精彩回顾【走近科普达人⑫】做好药学科普 帮患者用对药【走近科普达人⑪】坚持+创新 做好移动“教科书”【走近科普达人⑩】专业的人做专业的事儿 让科普更可信【走近科普达人⑨】做科普的意义在于 让患者早发现疾病【走近科普达人⑧】“预防为主” 是口腔科普的重点版权声明◆ 本文为【大河健康融媒体】原创内容，未经授权，请勿转载！如需转载，请在文章下方留言。大河健康网网址：www.dhjk.cn合作电话：13592692009投稿：wyx5118@163.com统筹：于素文编辑：王方方]]></content>
  <author><![CDATA[大河健康网]]></author>
  <time>2018-10-11 11:00:00</time>
  <account><![CDATA[dahejiankang]]></account>
</data>
