<data>
  <id><![CDATA[50398655]]></id>
  <url><![CDATA[https://mp.weixin.qq.com/s?timestamp=1539596268&src=3&ver=1&signature=Egrj350GoKY8-KUcIJshb8LFH*VhQujXuw4wIlr5M2Bf7W34DhtUv2U-EUkyvVUX4I48T5ODGW*q*YmDfLLYiyucfTwZe6l3juQPQqT3NTSqjkYNAyqdUuU8nDHnYgqnPULRU5LAPwud6hqTZXx6L61YiFb6QpyqpN24DjoBWZY=]]></url>
  <title><![CDATA[20张人体癌症地图，为你剖析不同器官癌症的高危因素]]></title>
  <content><![CDATA[“这是一个很好用的癌症身体交互图，让大家正确认识致癌物质和癌症的关系。”到底吃啥干啥才得癌，在互联网上似乎一直是各国各路养生专家热爱的话题。然而众说纷纭，有没有点可靠的？Elsevier就推荐了一个很好用的癌症身体交互图，帮助大家正确认识致癌物质和癌症的关系。这些信息基于WHO和各专业协会发布的指南，有强证据支持，图片也简单易懂，有利于健康教育。那咱们一起来学习一下呗——吃喝和肿瘤啥关系1酒精经常提到，酒精致癌，那是全面开花，如图，从上到下哪都有。口咽、喉部、食道、乳腺、肝脏、结肠还有直肠，它都不放过。2红肉猪肉、牛肉、羊肉等哺乳动物肉类为红肉。WHO将其列为II A类致癌物，主要导致结直肠癌。3加工肉类WHO将加工肉类列为I类致癌物，可导致结直肠癌。4高盐饮食盐摄入量超标可导致胃癌。相关调查资料表明，我国目前每人每日食盐的摄入量均在8-10克左右，而爱吃咸菜的人，每日食盐的摄入量达到了15克以上，远远超过需要量的标准。前段时间JAMA发表过文章，对中国人近10年来食盐摄入量进行了一个调查统计和回归分析，结果相当不容乐观。除了癌症之外，过量摄入盐对心脑血管和代谢类疾病有不弱于糖的贡献。看来除了控糖，控盐也应该被重视起来。5水果摄入不足没想到吧，进食水果太少会导致口咽癌症、食道癌、肺癌和胃癌。前一段时间，糖尿病专家刚刚提醒中国人果蔬在膳食中依然偏少。根据研究，每天进食水果100g以下的人，比每天进食超过100g的人胃癌发病率至少高两倍。而建议的水果摄入量是每天300g以上。6纤维摄入不足纤维摄入量低易导致结直肠癌。据统计，如果每日摄入纤维量低于6g，其直结肠癌发病率比摄入高于6g者至少高85%。高纤维食物中，芹菜、苹果、胡萝卜、白菜、笋等都是日常易取得的果蔬。7非淀粉类蔬菜摄入不足看来不吃蔬菜和不吃水果一样严重。非淀粉类蔬菜的意思是说不能用糖尿病高风险因素土豆来充数哦。其摄入不足会导致口咽癌症、食道癌和胃癌。推荐摄入量为每天超过375g。哪些生活习惯易诱发癌症1吸烟知道吸烟致癌，但是真的画出来冲击力还真不一般，连酒都要自叹不如了。吸烟可以在全身各系统造成癌变，口咽、喉部、食道、肺、肾脏、胰腺、胃、膀胱、结肠、直肠都是吸烟致癌的靶器官，除此以外，血液系统中的癌症——白血病，也可由吸烟造成。如果女性吸烟，还会造成卵巢癌。2日照过多许多皮肤科医生都不断的提醒公众和患者，要注意避免暴晒，尤其是阳光强烈的时候。并且，防晒产品，包括遮阳伞、遮阳帽、遮阳的服装和防晒霜一直是不断的被医生们和各皮肤医学学会推荐的。毕竟黑色素瘤的发病率并不低，恶性黑色素瘤一旦转移，将难以治疗。据统计，90%以上的黑色素瘤都是因为晒太阳引起的。3缺乏运动根据统计，每周五天、每天至少30分钟中等强度运动的女性，患子宫内膜腺癌的几率比达不到这个运动量的女性要低两倍还多。而对乳腺癌来说，如果每周中等强度运动达不到90分钟，患癌概率是达到运动量者的两倍以上。而最最不爱动的人，不论男女，如果每周连一个小时体育锻炼也达不到，那患结直肠癌的几率也会大大提高，至少翻倍。总而言之，越不爱运动，可能的患癌种类越多，风险越高。什么致病因素会导致癌症1肥胖肥胖的话题最近界哥说了又说，但是大多数指出心血管和内分泌问题。实际上，肥胖也是癌症的强大助力！BMI超过30的胖子，患食道癌、乳腺癌、肾脏肿瘤、胰腺癌、结肠癌、直肠癌的风险都不同程度的高于非肥胖人群。而女性肥胖者还会有患上卵巢癌和子宫内膜腺癌的高风险。2超重中国有三分之一的成年人口超重，但是觉得超重不是大问题的人不少。许多人总是让别人吃胖点，殊不知这种看似好意的热心行为其实是把他人往火坑里推——把体重控制在健康状态是非常重要的。不然，如图所示，超重也会带来高患癌风险——食道癌、乳腺癌、肾脏肿瘤、胰腺癌、直肠癌、结肠癌。女性还有患子宫内膜腺癌的风险。3HPV为什么这次放了两张图，因为总有人以为HPV只危害女性，不危害男性。然而实际上HPV在人类中的致癌效果不论男女，在男性中，口腔、咽喉、直肠、阴茎癌症都可由HPV引起。而根据统计，45%的阴茎癌中有HPV的参与。2013年美国CDC的一份报告称，皮肤型HPV还可引起前列腺癌。女性可由HPV引起的常见癌症为口腔肿瘤、咽喉肿瘤、盆腔癌、宫颈癌、阴道肿瘤和直肠癌。由于HPV传播效率极高，HPV疫苗目前是唯一的有效预防手段，不论男性还是女性，都应该取得防护。4幽门螺杆菌近年的研究证明，感染幽门螺杆菌的患者其患胃癌的概率会提高6倍。5HBV乙肝病毒，也是由于它，中国才会成为肝病、肝癌大国。据统计，HBV感染者其患肝癌的几率是直升20倍以上的。6HCV丙肝病毒，不仅会导致肝癌，还会导致非霍奇金淋巴瘤。7HIVHIV除了在免疫系统制造天大的麻烦从而导致全身性的各种问题，也可以引起癌症——非霍奇金淋巴瘤。感染者相较于非感染者有7倍以上的几率患上非霍奇金淋巴瘤。医疗行为和药物有哪些致癌？1口服避孕药关于口服避孕药的利弊一直争执不断，即使在癌症领域中，它也有好有坏。根据统计，发达国家女性乳腺癌发生率12.5%，但是常规服用口服避孕药者其乳腺癌发生几率上升了20%。而口服避孕药的致癌影响，在其停药10年之后才会消退。而在卵巢癌方面，口服避孕药非但不会提高卵巢癌的发病几率，反而能有效对其进行降低，这个效果即使在使用者停药之后也能持续10年。同样的，对于子宫内膜腺癌，服用口服避孕药的女性也能获得益处——坚持服药的阶段，该女性的子宫内膜腺癌发病率会大大降低，而停药之后，虽然不能保持极低的发病率，但是发病率依然会被保持在一个低风险的水平，长达20年。2激素替代疗法不论是雌激素替代疗法，还是联合HRT，对卵巢癌发生率的提高都是20倍。在乳腺癌方面，情况有些复杂。使用联合HRT的时间在5年以内的话，乳腺癌风险提高70%，如果超过5年，则会增涨两倍以上。不过一旦治疗终止，发病风险会恢复正常。如果是雌激素替代疗法，乳腺癌发生率提高30%。子宫内膜腺癌：如果患者没有行子宫切除术，那么使用雌激素替代疗法超过五年，将有11倍以上的几率患子宫内膜腺癌。如果治疗时间在5年以内，这个风险的提高为两倍左右。即使在治疗终止之后，其对子宫内膜腺癌的发生率影响也能持续长达10年。在激素替代疗法中加入黄体酮可以有效降低子宫内膜腺癌的发病率，所以，使用联合HRT的女性其子宫内膜腺癌发生率仅仅是略高于正常女性。在结直肠癌方面，雌激素替代疗法有不一样的作用——它会降低结直肠癌症的发病率。不过联合HRT对结直肠癌的发生率不产生影响。如何，这份地图还算直观明白吧？想要了解最靠谱的养生咨询请扫码进群版权声明◆ 本文来源：医学界肿瘤频道，版权归原作者所有。大河健康网网址：www.dhjk.cn合作电话：13592692009投稿：wyx5118@163.com统筹：于素文编辑：王方方]]></content>
  <author><![CDATA[大河健康网]]></author>
  <time>2018-10-09 11:00:00</time>
  <account><![CDATA[dahejiankang]]></account>
</data>
