<data>
  <id><![CDATA[50398655]]></id>
  <url><![CDATA[https://mp.weixin.qq.com/s?timestamp=1539596268&src=3&ver=1&signature=Egrj350GoKY8-KUcIJshb8LFH*VhQujXuw4wIlr5M2Bf7W34DhtUv2U-EUkyvVUX4I48T5ODGW*q*YmDfLLYiyB6MEMQxiRuCZW-haZ4miuPVP3O29XUfKfJEUUla1iZhKH3L-G9oug0SIUBNBx41yMmV88naKbAZQpFLHegpzI=]]></url>
  <title><![CDATA[【长假养生】最正宗的道口烧鸡要加16种中药材，你知道吗？]]></title>
  <content><![CDATA[撰文丨记者 孙倩文国庆长假期间，不管您是出游还是留守，美食养生都离不了。大河新健康融媒体推出系列美食养生稿件，每天一道健康餐，陪您快乐平安度长假。今天由记者孙倩文带你品尝最正宗的道口烧鸡。作为一个滑县人，说起家乡的美食，很多人一定都会脱口而出——道口烧鸡。从记事开始，逢年过节家里一定少不了烧鸡。在滑县有个传统，出嫁了的闺女农历八月十六要回娘家，在携带的礼物中，烧鸡是必不可少的。所以老辈人常开玩笑说：谁家姑娘多，这辈子就不愁吃烧鸡了。滑县最出名的烧鸡在道口镇，诞生在清顺治年间，至今已有300多年。但提起道口烧鸡，很多人可能就不知道做得最好的老字号是哪家了，“道口”这个地名，反而成为这道美食的招牌。外地人来到滑县，看到满大街的烧鸡铺子，一定会忍不住想，到底哪家才是最正宗的？接下来，就跟着记者一起，探访道口烧鸡的“根儿”。其实，现如今，道口烧鸡只是一个统称，滑县生产道口烧鸡的企业和店铺有百余家，注册商标也有几十个，出现了“义兴张”“画宝刚”“张存有”“徐福勤”“胡云章”“薛王”等一批知名烧鸡品牌。但道口烧鸡缘起于“义兴张”，扬名于“义兴张”。（义兴张烧鸡老铺三百年遗址）义兴张开始的一百多年时间里，尚未具特色，生意并不兴隆。乾隆五十二年（公元1787年），义兴张烧鸡创始人张炳先生接待了一位清宫御膳房御厨。张炳向他求教，那御厨便告诉他制作烧鸡的一个秘方：“要想烧鸡香，八料加老汤。”八料就是陈皮、肉桂、豆蔻、良姜、丁香、砂仁、草果和白芷八种佐料；老汤就是煮鸡的陈汤。每煮一锅鸡，必须加上头锅的老汤，如此沿袭，越老越好。300多年来，尽管品牌纷杂，以义兴张为代表的道口烧鸡，还是靠一锅老汤传承了下来。（义兴张烧鸡创始人张炳先生）张存有作为“义兴张烧鸡”的第八代传人，至今还坚守着祖上传下来的烧鸡传统做法，坚持不添加任何人工合成剂、防腐剂、香精等。主要用八料和另外八种佐料共16种中药材进行制作。（义兴张烧鸡第八代传人张存有的烧鸡铺）首先，在选鸡方面有严格的标准。公司和农户签订协议，每天会有活鸡进场。这些鸡必须有动物检疫部门的检疫证明，没有检疫证明的立马清理出去。下一步就是进行宰杀，宰杀过后会进行第二道筛检，对于鸡腿、鸡翅有残缺，或者身上有血包、有黑块等看着不太健康的鸡子，进行第二次的清除淘汰。然后开始开膛、摆造型。道口烧鸡的造型独具匠心，鸡体开剖后，把鸡撑开，两头尖尖，状如元宝，寓意“富贵吉祥”。是全国唯一的元宝型烧鸡，像其他扒鸡、熏鸡等，都是简单盘一下，做不出两头尖尖的元宝形状。（元宝形的道口烧鸡）再往下就是晾制，把鸡子挂在钩子上，将水分控干，进行上色。把蜂蜜抹到鸡身上，放到热油锅里过七八秒，就会出现金黄色。接下来就是煮制，将炸好的鸡放在锅里，放上老汤配好16种中药材，用武火煮沸，再用文火慢煮。这就是烧鸡制作的整个流程。（烧鸡铺里摆放的烧鸡）道口烧鸡具有五味佳、酥香软烂、咸淡适口、肥而不腻的特点。食用不需要刀切，用手一撕，骨肉即可分离，无论凉热、食之均余香满口。（刚撕好的烧鸡）在传承中，“义兴张”的烧鸡也在不断改进。夏季时，有的人食欲低，他们就在配料里另加4味中药，以消暑防腐、开胃健脾。另外，鸡肉属于高蛋白低脂肪食品，鸡肉中所含的磷脂类对人体生长发肓有重要作用，是我们日常膳食结构中脂肪和磷脂的重要来源之一。鸡肉的维生素A含量也比其他肉类高出许多。中医认为鸡肉性平、温，味甘，入脾经、胃经，有温中益气、活血强筋、健脾养胃的功效。适合营养不良、畏寒怕冷、乏力疲劳、贫血、虚弱等人群食用。版权声明◆ 本文为【大河健康融媒体】原创内容，未经授权，请勿转载！如需转载，请在文章下方留言。大河健康网网址：www.dhjk.cn合作电话：13592692009投稿：wyx5118@163.com统筹：于素文编辑：王方方]]></content>
  <author><![CDATA[大河健康网]]></author>
  <time>2018-10-05 13:08:16</time>
  <account><![CDATA[dahejiankang]]></account>
</data>
