<data>
  <id><![CDATA[51486891]]></id>
  <url><![CDATA[https://mp.weixin.qq.com/s?timestamp=1539596572&src=3&ver=1&signature=Egrj350GoKY8-KUcIJshb94vR0jbI26-jhRWV1KSloT9wKst1dRxEmnoR9AvK03bmMXCm4KUUj8*4wquf1OVN8k8hSgwsNgX6RwJoNcykK7iMtaDVlIU6M0icY2VvdUq97*UtBX58rIPlTpF47lxMjJ2bEZjepzeeHrAgF0mG9Q=]]></url>
  <title><![CDATA[扩散｜明天早上10点，百色市公安局“警营开放日”网络直播，美女警花与您不见不散！]]></title>
  <content><![CDATA[2018年10月13日上午10时，百色市公安局将在市公安局大院内开展“向党和人民报告”主题“警营开放日”活动。欢迎您走近公安民警、开展警民互动、“零距离”感觉警务工作。本次警营开放活动除了警用装备、公安工作和公安队伍建设成果展示外，还有无人机飞行表演、交警手势操、长棍特战表演、警犬技能表演、特警技能表演等各色节目。活动当天，只要您亲临现场，就有礼物派送。参加互动活动，还可以拿到更多的奖品！如果您没有时间亲临现场感受盛况，没有关系！美女警花将携网易新闻对警营开放日活动进行全程直播，直播开始时间为2018年10月13日10时。直播观看方法：扫一扫二维码，关注直播间。同时欢迎您将我们的直播链接发到您的微博以及微信朋友圈，让更多的网友能够看到我们的直播。审核：马振山  编辑：刘丽莎版权声明：其他公众号转载百色交警公众号图文和视频等，请在文章的明显处标明来源。]]></content>
  <author><![CDATA[百色交警]]></author>
  <time>2018-10-12 17:36:23</time>
  <account><![CDATA[gxbsjj]]></account>
</data>
