<data>
  <id><![CDATA[51486891]]></id>
  <url><![CDATA[https://mp.weixin.qq.com/s?timestamp=1539596572&src=3&ver=1&signature=Egrj350GoKY8-KUcIJshb94vR0jbI26-jhRWV1KSloT9wKst1dRxEmnoR9AvK03bmMXCm4KUUj8*4wquf1OVN1d7sc74lqpAwBDtbXovZk2XkNzFPK1ytj6MtRIgp2-Q*wSkTg9K4OGT3An50k9H0MsUZ8zOkoakV3mvub3OfvI=]]></url>
  <title><![CDATA[畅行中国交警同行|坚守，只为在你最需要的时候出现]]></title>
  <content><![CDATA[假期的生活精彩自由别人的电话响——铛铛铛快递到了！外卖到了……他们的电话响——铛铛铛有车追尾了！有车碰撞，有人受伤！请火速到现场……↓↓↓↓↓他们是一群特殊的执勤警力，不希望出现场不是因为偷懒，而是因为不让“猛于虎”的车祸殃及群众他们的生活没有规律可言，随时待命，即便在家短暂的休息，但只要接到指挥中心的电话，都会第一时间出警，赶赴现场......国庆假期无小事，快处快赔更顺心国庆期间，直属二大队辖区省道206线、澄碧校区路段发生多起追尾事故，因无人员伤亡，执勤民警引导当事人进入简易事故快处快赔程序，快速撤离现场，确保道路安全畅通。快处快赔适用于只有财产损失、且当事双方对责任无争议的事故，双方只需要向保险公司报案，然后拍照自行撤离现场即可。高速事故处置要求高，安全快速更畅通高速二大队仅用20分钟快速处理四车追尾交通事故，并对滞留车辆进行疏导。保障了道路畅通。国庆长假，高速公路上车流如织，稍不留神就会造成追尾事故。安全快速处置考验的是执勤民警的综合协调能力和快速判断决策能力，也确保高速公路畅通的重要举措。城区伤人事故，民警与清晨第一缕阳光同时出现在现场10月7日凌晨，百色城区东合桥上发生一起三轮摩托车与小车碰撞的交通事故。直属一大队民警及时赶到现场做好安全防护、协助抢救伤员、勘查现场，不知不觉中天色已亮......巡逻民警化身“卫生员”10月6日，支队值班组巡逻至支队门口红绿灯处时发现一小车撞人事故，事故造成1人受伤。黄伟来科长带领执勤组紧急处置路面交通拥堵和协助120救治伤员。业务上精益求精，让群众在每一起案件处理中都能感受到公平正义2018年10月02日、10月6日，辖区隆林县、德保县先后各发生一次致两人死亡的道路交通事故，交警支队本着对群众负责、尊重现场事实的原则，派出支队事故处理专家前往两地指导事故处理和善后事宜。国庆期间全市道路交通事故盘点：截至10月7日16:30，共发生道路交通事故103起，其中简易程序处理事故92起，一般程序处理事故11起，其中死亡事故4起，共造成6人死亡、13人受伤、直接财产损失5.9万元。与去年同期相比，事故起数下降27.27%、死亡人数下降16.67%、受伤人数下降7.69%，直接财产损失上升37.63%。今年国庆期间事故起数、死亡人数以及受伤人数不同程度下降，离不开市公安局党委的科学部署和统筹推进，更离不开全市公安交通民警忠诚履职、夜以继日的辛勤付出和坚守。坚守，只为在你最需要的时候及时出现如果你碰见这些正在工作的人们请说声“谢谢”吧向节日里坚守岗位的劳动者们致敬！审核：马振山  编辑：黄朝丹版权声明：其他公众号转载百色交警公众号图文和视频等，请在文章的明显处标明来源。]]></content>
  <author><![CDATA[百色交警]]></author>
  <time>2018-10-07 23:43:49</time>
  <account><![CDATA[gxbsjj]]></account>
</data>
