<data>
  <id><![CDATA[51486891]]></id>
  <url><![CDATA[https://mp.weixin.qq.com/s?timestamp=1539596572&src=3&ver=1&signature=Egrj350GoKY8-KUcIJshb94vR0jbI26-jhRWV1KSloT9wKst1dRxEmnoR9AvK03bmMXCm4KUUj8*4wquf1OVN*BA8BJivgTJBzX1eYoD49jVJ9Wtg*I244y-EGZ08FQI8WvT64t2x6vSNKaiEGv4DjSA0ImIL*OqrO08YNAw3fY=]]></url>
  <title><![CDATA[“三微”大赛百色公安获奖作品展播|金奖：《三个梦想》]]></title>
  <content><![CDATA[5个月的层层选拔，7000余件作品的激烈角逐，广西公安制作的14部微电影、微视频、微动漫分别斩获第三届全国公安机关“三微”大赛一、二、三等奖。从今起，你只要拿好小板凳，买好爆米花，跟着小编一起看“大片”！开！始！啦！推荐理由：梦想能让你找到一个目标，一种活法；梦想就是一种让你感到坚持就是幸福的东西，甚至其可以视为一种信仰。影片中交警“老赵”的梦想就是千方百计帮助贫困户“老李”成功脱贫。他的敬业、执着，有强烈的职责使命感和职业荣誉感。在本次“三微”大赛，《三个梦想》获微电影类一等奖；最佳编剧奖。来源：百色警事]]></content>
  <author><![CDATA[百色交警]]></author>
  <time>2018-10-14 17:33:12</time>
  <account><![CDATA[gxbsjj]]></account>
</data>
