<data>
  <id><![CDATA[51486891]]></id>
  <url><![CDATA[https://mp.weixin.qq.com/s?timestamp=1539596572&src=3&ver=1&signature=Egrj350GoKY8-KUcIJshb94vR0jbI26-jhRWV1KSloT9wKst1dRxEmnoR9AvK03bmMXCm4KUUj8*4wquf1OVN06nWujTdxjqPKOV0ijtumth75Wc1c-gqAq3cvZvmIJnnTCpU*qfK*xn1NpPQJst21*vuv4LaSCwpsGT32C53ds=]]></url>
  <title><![CDATA[返程未结束，再次提醒高速上切勿随意变道，后果很严重！]]></title>
  <content><![CDATA[9月20日，京港澳高速孝感段，一辆白色小车因不熟悉行车线路，在即将错过匝道口时，突然从最左侧车道向右急速变道，意欲从匝道口驶出。此时，相邻车道后方一辆重型挂车反应不及，撞上了小车尾部左侧，小车当场失控旋转360°。高速公路监控、小车行车记录仪均拍下了这惊魂一幕。经交警调查，白色小车驾驶人负此次事故的全部责任。这起事故看起来惊魂，但两车上均无人受伤，实属万幸。我们再看一个案例。▲ 前方不足5米有大货车，左后方最左侧车道内不足五米处也大货车。前后两辆大货车“夹击”，小车依然强行变道超车，结果先与左后方大货车相撞并撞上护栏，随后被护栏弹回后再次被同一辆大货车撞击。很幸运，上面这起事故也是无人受伤。但是，一旦幸运缺席，就成了现实版“死神来了”。视频 | 强行变道停车 把自己送入“虎口”▲ 一辆小车在快要错过出口时，完全不顾地面上的实线，也不顾后方是否有车，迅速从第二车道变更到第三车道，不料被一辆重型仓栅式货车追尾。追尾后，小车尾部被撞得彻底变形，车内人员1死3伤。错过出口强行“纠错”，其实是一错再错！你，还敢在高速上这么任性吗！来源：广西交警微发布]]></content>
  <author><![CDATA[百色交警]]></author>
  <time>2018-10-09 16:24:06</time>
  <account><![CDATA[gxbsjj]]></account>
</data>
