<data>
  <id><![CDATA[51486891]]></id>
  <url><![CDATA[https://mp.weixin.qq.com/s?timestamp=1539596572&src=3&ver=1&signature=Egrj350GoKY8-KUcIJshb94vR0jbI26-jhRWV1KSloT9wKst1dRxEmnoR9AvK03bmMXCm4KUUj8*4wquf1OVN1d7sc74lqpAwBDtbXovZk088dIJhvLH3uH1Rbi6farWvmwBdsusDXv9rQF-r7vv5cu3vLyv3f2kztufjwg5sJg=]]></url>
  <title><![CDATA[国庆安全出行系列十一：黄圈里的人你们都不要命吗！|畅行中国交警同行]]></title>
  <content><![CDATA[10月5日，沪蓉高速湖北麻城段发生一起四车追尾事故。湖北高速交警麻城大队赶到现场发现：返程高峰未至，大白天视线极好，追尾是怎么发生的？经调查，最后一辆车的行车记录仪还原事发经过……幸运的是，事故中无人受伤，车辆损失也很轻微。但是，视频还暴露了一个更致命的问题：事故发生后，竟没有一个人意识到要开启双闪，更没人去后方设置警示牌，所有人都停留在车道内，在车前车后奔忙查看车损！视频结尾还有一位男性一闪而过，他手中还抱着一名婴儿！！！我们费尽心力提醒大家注意防范二次事故，看来，有人“宁死”也不听！那就把下面这篇文章再读一遍！太可怕！在事故现场逗留惨被撞飞]]></content>
  <author><![CDATA[百色交警]]></author>
  <time>2018-10-07 23:43:49</time>
  <account><![CDATA[gxbsjj]]></account>
</data>
