<data>
  <id><![CDATA[51486891]]></id>
  <url><![CDATA[https://mp.weixin.qq.com/s?timestamp=1539596572&src=3&ver=1&signature=Egrj350GoKY8-KUcIJshb94vR0jbI26-jhRWV1KSloT9wKst1dRxEmnoR9AvK03bmMXCm4KUUj8*4wquf1OVN0dymj5UZFbYVYjTMNk5qxw-PuD*6Nh5hhOz5yECrtcGwbMXL0pMGLdlH4aUwA*P*YlMGl2URcZsFiGK8Kr3Uqo=]]></url>
  <title><![CDATA[祖国，我们是如此爱你！--忠诚坚守的德保交巡警|畅行中国交警同行]]></title>
  <content><![CDATA[因为热爱  所以选择因为忠诚  所以坚守——“十一”假期期间，德保县公安局交巡警大队全体人员充分发扬“特别能吃苦、特别能战斗、特别能奉献”的精神，舍小家，顾大家，爱岗敬业，顽强拼搏，全力以赴投入到节日交通安全保卫工作中。面对考验，他们再次以实际行动展现出视责任为生命、用真心赢民心的精神品质。爱国，于细微之处...“小隐患有时出大事故”1 October 2018这天，阳光甚好，他们在马路上执勤。又是职业的习惯，他们远远地就看见车来车往中一块红色的砖“不安份”地躺在马路中间，那么醒目。于是，他毫不犹豫下车，随手将这不起眼的“安全隐患”排除。而这，只是一个习惯！“都说我正面和背影都很帅”1 October 2018时常在路上，遇到需要帮助的人，我总是“情不自禁”。这天，老爷爷坐着轮椅吃力地在马路上行驶，看那苍凉的背影我突然想起了自己家里慈祥的爷爷。于是，我快步上前帮了他。事后，同事都说这样的我正面和背影都很帅，而我第一次被人夸得很不好意思。那位姑娘笑了...1 October 2018“推车工”，这活似乎已经成了我们的标签。每一次看见司机无助的眼神，我们总是“于心不忍”。除了教育，更多的是奋勇上前。我推车的时候很狼狈，完全不顾形象，而惹得收费站的姑娘都笑了...爱国，在日积月累...文明交通，关乎你、我、他，交通安全靠大家。只有自觉规范交通行为、遵守交通法规，才能路畅人安。不管是节日还是平时，德保县公安局交巡警大队执勤人员严格执法，严格查处、加强整治各类交通违法行为，及时疏导交通，处置突发事件，加大路面巡逻管控力度，加强车辆引导、事故快处、监控巡查，确保我县道路交通畅通。“坚”是一种挺拔“守”是一种柔情德保交巡警用“坚守”献礼祖国！来源：来源：德保交通360]]></content>
  <author><![CDATA[百色交警]]></author>
  <time>2018-10-06 23:52:08</time>
  <account><![CDATA[gxbsjj]]></account>
</data>
