<data>
  <id><![CDATA[51486891]]></id>
  <url><![CDATA[https://mp.weixin.qq.com/s?timestamp=1539596572&src=3&ver=1&signature=Egrj350GoKY8-KUcIJshb94vR0jbI26-jhRWV1KSloT9wKst1dRxEmnoR9AvK03bmMXCm4KUUj8*4wquf1OVN8k8hSgwsNgX6RwJoNcykK7wfq9zxLlM0j3hGhgcPHUhY9kq68x6OD47MT0aDllpw0JnrQWVuIEA17GOlAcshIY=]]></url>
  <title><![CDATA[大警示|雨天路滑，请控制好您的方向盘]]></title>
  <content><![CDATA[雨天路面湿滑，车辆行驶速度过快或操作不当极易发生交通意外。手握方向盘，心中有安全。每一次侥幸疏忽或危险驾驶，都是可能会终身遗憾……雨天路滑车失控  重型货车弯道酿事故10月9日下午18时许，省道206线（百色右江区段）发生一起重型自卸货车（桂L05XXX）在弯道路段失控冲向正在行驶的一辆轻型厢式货车（桂A66XXH），造成一人受伤及两车不同程度损坏的道路交通事故。桂L05XXX货车驾驶人回忆起事故发生的瞬间仍感到后怕，他说在行驶当中已经发现了方向盘有些失灵，但也没太在意，后来又因雨天路滑导致刹车不及，结果来到这弯道要拐弯时就控制不住车了，事故当时的冲击力度较大，幸亏没造成人员伤亡，也没引发多车事故，否则后果不堪设想！雨天路滑三车“轻吻” 追根溯源定全责10月9日晚，小雨连绵不断，省道206线发生三车追尾相撞交通事故，追尾“轻吻”造成了三车不同程度受损，幸好无人员伤亡。在现场，百色市交警支队直属二大队民警看到由百色往凌云方向的路段上，一辆皮卡车、两辆私家小轿车追尾横在道路上，三车不同程度损毁。民警经过现场了解及取证后，实事清楚：皮卡车由于没有保持好安全行车距离，且夜间车速过快，加之降雨路面湿滑，刹车不及撞上了前一辆正在行驶的福特小轿车，继而福特小轿车再撞上了前面的本田小轿车，故皮卡车负全部责任。不按规定超车酿事故  摩托车驾乘人双双受伤10月9日下午，省道206线132公里处（右江区辖区）发生一起二轮摩托车超与小轿车发生碰刮，造成两车损坏和摩托车驾乘人员2人受伤的道路交通事故。在现场，民警看到，事故现场为弯道路段，由于降雨，道路湿滑，两车相撞现场较为惨烈，一辆黑色号牌为桂LT6XXX小车车头严重损坏，一辆严重变形的二轮摩托车躺在不远处的道路中，现场到处散落着车辆零部件。小轿车驾驶员现场陈述：当时，他所驾驶的小轿车与摩托车对向行动，行驶至事发地弯道时看到摩托车超车后向自己的车道驶来，且车速较快，无法避让导致事故发生。雨夜一路高歌欢唱，突发追尾陷囧境2018年10月10日晚22时01分，G80广昆高速公路百色段，小雨初停，路面湿滑，百色往南宁方向758公里800米路段，一辆号牌为云HBY***的小型普通客车驾驶员一路高歌，疏忽大意，意外追尾另一辆号牌为桂L19***的小车，导致被追车辆方向立即失控，冲出了高速公路外，翻入路外的排水沟里，所幸没有人员伤亡。百色交警温馨提醒：雨天能见度降低，驾驶车辆请及时开启示廓灯和雾灯，适当增大跟车距离，保持安全车速，注意观察道路情况，谨慎、安全、文明驾驶。雨天驾驶车辆，要采取“点刹”或排挡减速方式制动；转向时要先减速，适当加大转弯半径，慢打转向盘，以免车体失控。雨中行车后，应清洗车辆空隙处的大量污泥，护理打火装置，排除制动系统的雨水，对底盘进行防锈处理。遇冻雨天气要及时了解路况，制订合理的出行计划；视线不佳时，打开前后车灯、雾灯等；如风窗玻璃起雾，可将空调开至除雾模式，雨不大时可开窗对流除雾。END您的出行平安是百色交警最大的心愿版权声明其他公众号转载百色交警公众号图文和视频等，请在文章的明显处标明来源。审核：马振山    编辑：黄霞材料来源：直属二大队、高速二大队]]></content>
  <author><![CDATA[百色交警]]></author>
  <time>2018-10-12 17:36:23</time>
  <account><![CDATA[gxbsjj]]></account>
</data>
