<data>
  <id><![CDATA[51486891]]></id>
  <url><![CDATA[https://mp.weixin.qq.com/s?timestamp=1539596572&src=3&ver=1&signature=Egrj350GoKY8-KUcIJshb94vR0jbI26-jhRWV1KSloT9wKst1dRxEmnoR9AvK03bmMXCm4KUUj8*4wquf1OVN28lMZcNScBR9oJ-2v4GuD8Xb7dTCswZAa8KRPtDDHtZWrDt-lj9uByHNrVt0R-cDYrg*-DAuyP3lxeqF9MmqQc=]]></url>
  <title><![CDATA[【今日头条】发好强音|罗卫东专题部署百色公安宣传工作]]></title>
  <content><![CDATA[10月9日下午，百色市公安局召开宣传工作专题会议，百色市人民政府副市长、市公安局党委书记、局长罗卫东出席会议并讲话。罗卫东指出今年以来，全市公安宣传工作围绕中心，服务大局，通过新闻宣传、警察公共关系建设、公安文化建设等方式，旗帜鲜明地大力宣传各项公安工作，充分展现广大公安民警、辅警在打、防、管、控、服等方面涌现出的先进典型，弘扬正能量社会效果良好。在参加第三届全国公安民警三微大赛中，交警支队拍摄的微电影《三个梦想》获得一等奖，该电影题材是民警、辅警工作生活的真实写照，以艺术的方式宣传展示了百色公安民警、辅警一心为民的良好精神风貌，得到了社会的一致好评。罗卫东强调公安宣传工作是推动各项公安中心工作的重要措施，是有效震慑违法犯罪的有力武器，是强化治安防范提高群众法制意识的有效载体，同时，也是构建警民和谐关系推进公安队伍建设的有效举措。全市公安机关要在新时代中切实增强公安宣传工作的紧迫感和使命感，公安工作做到哪里，宣传工作必须做到哪里。罗卫东要求一是要坚持站在全局的高度主动谋划。要围绕局党委中心工作，以问题为导向、以民意为牵引，整体谋划公安宣传工作的方向、重点、方式和传播平台等，以群众喜闻乐见的方式开展宣传工作。紧接着，要着眼自治区成立60周年大庆活动安保工作，整合宣传内容，扩展宣传形式，有效提升宣传整体效应，为公安工作鼓劲、加油。二是要坚持精耕细作开展宣传。公安机关和公安队伍是新闻素材的富矿，要用心思考、精耕细作。要突出媒体特色，精准定位受众，善于设置议题，挖掘群众期待了解的素材，在宣传点位、时间节点、呈现方式等方面精心策划，开展分众式、精准化宣传，做到同样主题、多样传播，达到“大珠小珠落玉盘”的效果，形成全方位、多层次、多声部的公安主流新闻传播格局，用工匠精神讲好百色公安故事，发好百色公安最强音。三是要坚持严管厚爱宣传队伍。全市公安机关各级领导对宣传民警、辅警要高看一眼，厚爱三分，在宣传经费、装备配备、表彰奖励等方面要大力支持。不断充实公安宣传队伍，着力培养一批懂专业、懂技术、懂沟通的宣传骨干。要学习外单位先进宣传经验和做法，加强公安宣传工作业务培训。要加强宣传队伍自身建设和管理，打造一支高素质、高能力、高水平的公安宣传队伍的。四是要坚持构建和谐警民关系。公安工作要坚持走群众路线，和谐的警民关系是开展各项公安工作的基础条件。要筹备落实好警营开放日活动，在展现全市公安机关各项工作成效的同时，倾听广大人民群众的意见建议，通过交流沟通，争取他们更加了解、理解和支持公安工作。五是要坚持文化育警提高队伍凝聚力。在年底前，要组织开展一次大型的文艺活动，以文艺的形式讲述百色警察故事，大力提升公安队伍凝聚力和向心力，增强人民警察荣誉感。每年都要召开一次公安宣传文化总结会，表彰先进，鼓舞公安宣传队伍土气，大力提升全市公安宣传文化软实力。会上，市公安局分管宣传工作副局长冯一新总结了今年以来全市公安宣传工作情况，并对下一步全市公安宣传工作作了部署。会议由市公安局党委委员、政治部主任李航星主持。市公安局交警支队支队长黄毅军表示，交警宣传工作要再接再厉，以今天会议精神为契机，按照罗卫东副市长的要求全力做好全市交警宣传工作。市公安局办公室负责同志，交警支队、宣传科全体宣传民警、辅警参加了会议，并在会上踊跃发言，纷纷表示要爱岗敬业，努力做好公安宣传工作。来源：百色警事]]></content>
  <author><![CDATA[百色交警]]></author>
  <time>2018-10-10 17:37:54</time>
  <account><![CDATA[gxbsjj]]></account>
</data>
