<data>
  <id><![CDATA[51486891]]></id>
  <url><![CDATA[https://mp.weixin.qq.com/s?timestamp=1539596572&src=3&ver=1&signature=Egrj350GoKY8-KUcIJshb94vR0jbI26-jhRWV1KSloT9wKst1dRxEmnoR9AvK03bmMXCm4KUUj8*4wquf1OVNxP4ysmMiBiw-quyucvMC6hr8r*sMFuh9AmhPxnsdomO1VAHIpsQ*K4iM887xk8mlpdgKc2z8OKUVkpY2JISH9E=]]></url>
  <title><![CDATA[畅行中国交警同行｜有国才有家，爱国更爱家]]></title>
  <content><![CDATA[有国才有家，爱国更爱家。百色交警提醒广大人民群众，国庆期间，安全出行，请勿酒驾，争做敬业、守法的好公民。审核：马振山  编辑：黄朝丹]]></content>
  <author><![CDATA[百色交警]]></author>
  <time>2018-10-05 19:18:37</time>
  <account><![CDATA[gxbsjj]]></account>
</data>
