<data>
  <id><![CDATA[51486891]]></id>
  <url><![CDATA[https://mp.weixin.qq.com/s?timestamp=1539596572&src=3&ver=1&signature=Egrj350GoKY8-KUcIJshb94vR0jbI26-jhRWV1KSloT9wKst1dRxEmnoR9AvK03bmMXCm4KUUj8*4wquf1OVNzUKRqv894I8HrWj4IKhbI8Ac3vGbokC*A*AkkR0BIxbC4dfCxjDYUU7xZphSMnc6iowzIbpytvethRno6VpbFg=]]></url>
  <title><![CDATA[高速快车道突然急刹停车，引发四车追尾事故]]></title>
  <content><![CDATA[2018年10月01日15时许，黄某胜驾驶车牌号为桂LJ**9（载蒙某）的小型客车，沿广昆高速南宁往百色方向行驶至767公里500米（G69银百高速叉路口）时，因错过了叉路口，便紧急停在超车道上停车观察，导致跟在其后的桂B5**9的小型客车追尾，被“追”后又失控右转到慢车道上，随即引起黄某武驾驶车牌号为桂LLB**8的小型客车、陆某驾驶车牌号为桂LHH**9的小型客车连环追尾碰撞。共造成4人受伤， 4辆车均受到不同程度的损坏，以及车上联想笔记本电脑不同程度损坏的交通事故，现场交通秩序一度中断。最后交警判定在超车道上随意停车的黄某胜负本起连环碰撞交通事故的全部责任。（此行车记录仪显示的日期因设置问题没有正确表达）交警提示：驾驶人在高速公路超车道停车看路牌而被追尾的惨剧很多。建议规划路线时一一细分，在哪里吃饭、在哪里住宿，在哪里加油……行车时预知两公里内的线路变化。审核：马振山  编辑：刘丽莎材料来源：高速二大队版权声明：其他公众号转载百色交警公众号图文和视频等，请在文章的明显处标明来源。]]></content>
  <author><![CDATA[百色交警]]></author>
  <time>2018-10-08 19:59:52</time>
  <account><![CDATA[gxbsjj]]></account>
</data>
