<data>
  <id><![CDATA[51486891]]></id>
  <url><![CDATA[https://mp.weixin.qq.com/s?timestamp=1539596572&src=3&ver=1&signature=Egrj350GoKY8-KUcIJshb94vR0jbI26-jhRWV1KSloT9wKst1dRxEmnoR9AvK03bmMXCm4KUUj8*4wquf1OVN1d7sc74lqpAwBDtbXovZk19KXVg2*pghRggsWh9nOlIhAwNUBI8fgGOTWnFqA7VTS9bYIq2KPpPHum7jgqeVoE=]]></url>
  <title><![CDATA[十一我在岗|微图集：他们是路上不一样的“警”色]]></title>
  <content><![CDATA[当大部分人欢度国庆长假时，有一群人却在工作。他们是广西交警！今天，让我们通过图片看看他们是如何度过国庆七天长假的。❤ ❤ ❤◢ 桂林交警密切关注高速、市区重要商圈周边路段通行情况。◢ 柳州交警在烈日下不时地挥动手臂，疏导着交通秩序。◢ 南宁交警在各大路口设立执勤点，严查酒驾。◢ 玉林交警在滚滚车流，尘土飞扬下坚守路面一线，严查重点车辆。◢ 来宾交警夜间执勤，严查酒驾不放松。◢ 桂林骑警加强城市主要街道、重点部位、复杂区域及人员密集地区的巡逻。◢贵港交警严查大客车，杜绝超员超载现象。◢防城港交警查处违法停车等交通违法行为，净化交通环境，确保群众出行安全。◢梧州交警在高速收费站路口对超载超限车辆、两客一危车辆进行重点检查。◢国庆长假迎来旅游出行高峰，崇左交警在景区设立各管制点、分流点指挥疏导，确保车辆有序通行。◢河池交警集中警力开展了农村道路节前安全大检查。路遇跑长途摩托车司机，民警检查完证件后提醒他们，一路上要注意检查车辆的刹车、灯光等机件，注意休息，不要疲劳驾驶，文明驾驶，平安到家。◢10月3日上午，钦州市首次启用救援直升机成功将一重症病人及时转院至南宁救治。为紧急救援节省时间，交警部门紧急派遣警车引导救护车辆，同时采取路口控灯、路面警力疏导等措施，为生命开辟了“绿色通道”。◢为保障路面畅通有序，贺州交警协力将一辆抛锚车辆推至安全区域。◢一辆车行驶中突然爆胎，来宾执勤交警立即帮助更换轮胎。◢10月3日晚上20时许，桂林交警执勤时遇到一名与父母走失求助的小男孩，交警耐心安抚小男孩，并迅速帮助孩子找到了父母。◢北海交警帮走失老人找到回家路，家属接到家人后紧握交警的手，不停道谢。看完这些图片，小编忍不住感叹：执勤站岗的他们，真好看！感谢这个假期你们的默默守护！❤ ❤ ❤来源：广西交警微发布]]></content>
  <author><![CDATA[百色交警]]></author>
  <time>2018-10-07 23:43:49</time>
  <account><![CDATA[gxbsjj]]></account>
</data>
