<data>
  <id><![CDATA[51486891]]></id>
  <url><![CDATA[https://mp.weixin.qq.com/s?timestamp=1539596572&src=3&ver=1&signature=Egrj350GoKY8-KUcIJshb94vR0jbI26-jhRWV1KSloT9wKst1dRxEmnoR9AvK03bmMXCm4KUUj8*4wquf1OVNyr2PhRVAAZGzC-CBY7kaR6w0BfRx8lMHYK1WGHrqKAKm7VmksXLtOaj6KAbor3uzAyxYbveKJTwQEZR2m*Jo-c=]]></url>
  <title><![CDATA[大警示｜网红“磁贴”车牌又现高速，警察“精准打击”开大单]]></title>
  <content><![CDATA[有的人爱耍小聪明，以为用磁铁上写有数字的号码一粘贴到原车号牌上，把原号牌数字覆盖住就可以摇身一变成为另一幅号牌，开车上高速就可以不受限速限制随意体验速度与激情了，殊不知聪明反被聪明误……10月1日，广西百色交警高速一大队在百色罗村口公安检查站执勤，当日上午10时许，民警对一辆号牌为“桂LD0655”的小车检查时，发现该项车牌最后一个数字的颜色和字体与相邻的数字不同，有点“鹤立鸡群”的感觉，经进一步深入核实，终于揭开“磁贴”车牌的惊人秘密……当事人谭某涉嫌伪造变造或使用伪造变造机动车号牌的违法行为，民警依据《中华人民共和国交通安全法》第96条第1款对其罚款2000元并扣留机动车，同时记12分的处罚。审核：马振山  编辑：刘丽莎材料来源：高速一大队版权声明：其他公众号转载百色交警公众号图文和视频等，请在文章的明显处标明来源。]]></content>
  <author><![CDATA[百色交警]]></author>
  <time>2018-10-11 18:03:40</time>
  <account><![CDATA[gxbsjj]]></account>
</data>
