<data>
  <id><![CDATA[51486891]]></id>
  <url><![CDATA[https://mp.weixin.qq.com/s?timestamp=1539596572&src=3&ver=1&signature=Egrj350GoKY8-KUcIJshb94vR0jbI26-jhRWV1KSloT9wKst1dRxEmnoR9AvK03bmMXCm4KUUj8*4wquf1OVN28lMZcNScBR9oJ-2v4GuD9CkohqtVavy4vih5EvFfKy4Cj9fQS9MKAPz1S1SJxkSF3gGzIr-lIb7EhwCsWrcyQ=]]></url>
  <title><![CDATA[【雨天路滑！一天四起事故】降雨降温天气丨你该重视的安全驾驶知识！]]></title>
  <content><![CDATA[9～10日我县将出现明显降雨降温天气一、降温降雨天气预报受北方冷空气南下影响，预计10月9～10日我县将自西北向东南出现一次较明显的降雨降温天气过程,各地气温将下降4～6℃。从10日起，我县大部地区将出现3天以上平均气温≤22℃的寒露风天气。具体预报如下：9日白天，转阴天有小到中雨，局部有大雨到暴雨；气温19～26℃。今晚到10日，阴天有小雨。气温15～22℃。11～12日，小雨转多云。气温14～22℃。二、关注和建议1、由于前期持续晴好天气，降水偏少，各地应抓住降水有利时机做好山塘水库的蓄水工作。2、受降雨、降温影响，我县出现寒露风天气，目前正值沙糖桔等果类秋梢护理关键期，要做好相关防御工作，并加强田间管理，及时防治病虫害。（以上信息由西林县气象台提供）三、降温降雨道路事故及安全行驶提示（一）10.9四起道路事故事故案例一2018年10月9日上午，在321省道新丰路段处，发生一起单方面侧翻事故（无人员受伤）。西林交警特别提示：该路段受塌方影响，造成路面只能单向通行，且在较为上坡路段，雨天容易造成事故突发，请过往车辆减速慢行。事故案例二2018年10月9日下午13:30许，321省道154公里+300米处发生单方面车辆侧翻事故，无人受伤，途径执勤人员将驾乘人员及群众劝到安全区，并做好警示标志。事故案例三2018年10月9日下午15:30许，一辆轻型皮卡车与一辆自西林开往木呈的公交车发生碰撞，事故原因是皮卡车因路滑甩尾调头，恰碰到公交车撞到尾部。事故造成皮卡车及公交车不同程度的损坏，同时造成公交车上部分乘员受伤，目前公交车上的乘客伤员已送往县医院治疗，案件进一步调查中。（事故现场）（民警、辅警到医院查看伤者情况）（对皮卡司机进行酒精测试）事故案例四2018年10月9日下午16:30许（时间以大队勘查报送时间为主），西林至那劳路段大河村发生一起二轮摩托车翻车事故。据二轮摩托车驾驶员反映，其驾驶的二轮摩托车未与其他车辆发生接触，系其为避让对向来车后自己发生侧翻事故。（二）道路行驶安全提示由10.9四起事故引发的思考：1、国庆过后，深秋渐远，即将迎来初冬的小雨季，这对于我们道路驾驶员是个比较大的挑战。一方面小雨季带有较大水雾，容易造成车辆前窗模糊不清；另一方面会造成路面湿滑，容易引起车辆侧滑和甩尾。2、雨天行驶，要警戒驾驶三大危害：酒驾醉驾；超速超运和疲劳驾驶。初冬是个较为清爽的季节，在车中把车门一关就如同“泡在”家中空调下的暖被里，驾驶起来极易造成疲劳驾驶，容易失去控制力；另，雨季绝对不能超速驾驶，雨天路滑，超速驾驶只能引起车辆的侧滑和飘移，造成事故比例较大。3、除了驾车外，乘车人也要对自身的生命安全做负责，如上面案例二中的公交车乘客，受伤第一原因肯定是没有系好安全带，一旦发生碰撞，人的惯性就是往前扑，容易造成头部、手部及脚部受伤。“安全带·生命带”，哪怕是一个公里的路程，也要请您系好安全带！4、自身就带有操作不当的摩托车，在雨天行驶的安全更是要重中之重，兴许一颗小石头、一个小罐头、或是思想稍微走神，都能引发交通事故；如果没有特别急事，建议择日出门或是待雨停后再出行，因为我们人体不是机器，坏掉了可以弥补，为了您和家人的平安，请减速慢行，谨慎驾驶！关注交通，平安与您同在来源：西林县交警]]></content>
  <author><![CDATA[百色交警]]></author>
  <time>2018-10-10 17:37:54</time>
  <account><![CDATA[gxbsjj]]></account>
</data>
