<data>
  <id><![CDATA[51486891]]></id>
  <url><![CDATA[https://mp.weixin.qq.com/s?timestamp=1539596572&src=3&ver=1&signature=Egrj350GoKY8-KUcIJshb94vR0jbI26-jhRWV1KSloT9wKst1dRxEmnoR9AvK03bmMXCm4KUUj8*4wquf1OVNxP4ysmMiBiw-quyucvMC6jsdQQgBB9XlD-1sTK8cQxgKBi0cMozSxkXpxR7fBGQLe4ZBHRCINGtpcnDM7-E0lc=]]></url>
  <title><![CDATA[畅行中国交警同行|国庆假期出行，请务必系好安全带！]]></title>
  <content><![CDATA[安全带的作用，是为了在事故发生时将人体束缚在座位上，避免车上人员在车辆侧翻、急剧减速等情况下被甩出车外。所以无论是开车还是坐车，上车第一个动作就是要系好安全带。陈婧警官——十一出游正确使用安全带资料来源：公安部交通安全微发布]]></content>
  <author><![CDATA[百色交警]]></author>
  <time>2018-10-05 19:18:37</time>
  <account><![CDATA[gxbsjj]]></account>
</data>
