<data>
  <id><![CDATA[51486891]]></id>
  <url><![CDATA[https://mp.weixin.qq.com/s?timestamp=1539596572&src=3&ver=1&signature=Egrj350GoKY8-KUcIJshb94vR0jbI26-jhRWV1KSloT9wKst1dRxEmnoR9AvK03bmMXCm4KUUj8*4wquf1OVNxP4ysmMiBiw-quyucvMC6jNxkEx7aPizBVeM-GnELRVk-t7fs0S6tljeti6J2lztAKmSojY61CDbo*y4rL0ERg=]]></url>
  <title><![CDATA[2018百色警察故事｜我自豪，我与共和国同生日]]></title>
  <content><![CDATA[69周年庆早晨醒来，小编习惯性地打开微信工作群，无意中发现高速公速交警四大队民警韦秀发的朋友圈“今天稳稳的”，然后就是朋友的各种祝福。在举国同庆的日子里，没有优美的音乐、欢快的笑声，也不必真诚的问候、深情的祝福，相邻高速交警大队同事的调侃会成一股股暖流，温暖着这位坚守岗位的交警姐姐的心窝。“生日快乐+值班快乐”让我们一起来看看这位与祖国同生日的美女交警是如何快乐的……上午10时许，韦秀与同事们巡逻至G80广昆高速百色往南宁670公里处，发现一辆试图在高速应急车道上更换爆胎车轮的大型货车。韦秀立即予以制止，并协助其做好安全防护措施，提醒他拨打96333高速救援电话。下午3点，高速四大队民警韦秀在南宁往百色方向果化路段，发现行车道上有障碍物，路过的车辆纷纷躲避。民警立即拉响警报器，确认安全后停靠应急车道，民警和辅警在车流空档期快速清撤障碍物，及时消除了交通安全隐患。下午4点左右，韦秀和同事们巡逻在广昆高速南宁往百色方向677公里处，发现一越野车追尾一辆货车的事故。到达现场后，摆锥桶，做好安全防护，询问得知双方已经自行协商好。执勤民警安排货车安全驶离现场，鉴于越野车占用右行车道，民警立即联系高速救援公司，直至施救车将损坏的越野车等安全拖移。至此，小编终于明白“今天稳稳的”的真实含义了。首先是对辖区国庆安保第五天安全畅通的祝福，路畅民安是任何一名交通民警的心声；其次是鼓励自己，与共和国同生日，是荣耀更是责任。我自豪，我与共和国同生日！审核：马振山  编辑：黄朝丹材料来源：高速四大队版权声明：其他公众号转载百色交警公众号图文和视频等，请在文章的明显处标明来源。]]></content>
  <author><![CDATA[百色交警]]></author>
  <time>2018-10-05 19:18:37</time>
  <account><![CDATA[gxbsjj]]></account>
</data>
