<data>
  <id><![CDATA[51486891]]></id>
  <url><![CDATA[https://mp.weixin.qq.com/s?timestamp=1539596572&src=3&ver=1&signature=Egrj350GoKY8-KUcIJshb94vR0jbI26-jhRWV1KSloT9wKst1dRxEmnoR9AvK03bmMXCm4KUUj8*4wquf1OVN32tXoicXugviP3I9-ODfG7SIkUgvASx7gPFLDrf0MkpxrStGG1CdRGofn7QNjax8RP1YnNIsBGmHv85F3zVKME=]]></url>
  <title><![CDATA[精彩纷呈|百色市公安局隆重举行2018年警营开放日活动]]></title>
  <content><![CDATA[2018年10月13日上午，百色市公安局隆重举行2018年警营开放日活动，全面展示2018年以来全市公安机关开展“神剑3号”系列专项行动、重大行动和公安改革和“四项建设”等重点工作取得的突出成果，公安队伍建设取得的良好成效。百色市人民政府副市长、市公安局党委书记、局长罗卫东出席活动并致辞。罗卫东代表百色市公安局党委对光临警营开放日活动并指导工作的各界朋友、广大群众、师生和新闻媒体记者表示衷心的感谢！罗卫东指出，长期以来，全市公安机关及广大民警、辅警和现役官兵在市委、市政府和上级公安机关的坚强领导下，深入践行“对党忠诚、服务人民、执法公正、纪律严明”总要求，履职尽责、顽强拼搏，全力预防和严厉打击涉枪涉爆、涉黑涉恶、盗抢骗、黄赌毒等各类违法犯罪，有效维护全市社会安全与稳定，保障人民安居乐业。禁毒墙签名罗卫东表示，百色社会治安大局持续平稳，不仅需要全体民警、辅警、现役官兵恪尽职守，更离不开广大人民群众一如既往的关心、理解和支持。我们坚信，有了你们的理解肯定，我们一定风雨征途，披荆斩棘；有了你们的帮助支持，我们一定顽强拼搏，不断进取；有了你们的关注监督，我们一定脚踏实地，不辱使命！升旗仪式无人机飞行表演百色交警携手青青乐园、梦之声的58名小朋友带来的歌曲《国家》交警手势操安全防范情景表演特警技能表演长棍特战表演警犬技能表演一村一警务助理实战技能表演消防技能表演活动邀请了右江民族医学院、百色学院、百色职业技术学院、右江民族商校、百色中学等大中院校师生、小学生及家长、外籍留学生及外国友人，右江区社区干部代表、执法监督员、交通志愿者、禁毒志愿者、各群团组织等各界群众代表，以及慕名前来参加活动的群众共5000余人参加了本次活动。同时，还邀请了广西电视台、广西法治日报、广西新闻网、百色电视台、右江日报、百色早报等新闻媒体记者到场采访报道。活动现场喜气洋洋、热闹非凡。演出节目精彩，警民互动热情高涨，参观体验气氛活跃。交警支队民警蓝素桃与“网易百色”主持的现场直播有130000余名粉丝网上参与互动。本次活动是百色市公安局规模最大、人数最多、内容最丰富的一次警营开放日活动。通过开展“警营开放日”活动，邀请社会各界走进警营、参观警营、体验警营，使社会各界更加了解、理解和支持百色公安工作,进一步拉近公安民警与社会各界的距离，展现公安机关和广大公安民警的新形象、新作为、新成果。设立法治知识宣传互动区，有110知识咨询台、反恐防爆咨询台、交安知识咨询台、消防安全知识咨询台等。缴获各类实物展示区警用装备展示区警用车辆互动展示区消防安全互动交通安全互动参观指挥中心参加活动的外籍留学生和外国友人对本次活动也是赞口不绝，对中国警察表示敬佩。来源：百色警事]]></content>
  <author><![CDATA[百色交警]]></author>
  <time>2018-10-13 22:55:41</time>
  <account><![CDATA[gxbsjj]]></account>
</data>
