<data>
  <id><![CDATA[51486891]]></id>
  <url><![CDATA[https://mp.weixin.qq.com/s?timestamp=1539596572&src=3&ver=1&signature=Egrj350GoKY8-KUcIJshb94vR0jbI26-jhRWV1KSloT9wKst1dRxEmnoR9AvK03bmMXCm4KUUj8*4wquf1OVNyr2PhRVAAZGzC-CBY7kaR4SJy6o8jvF68YEfhdWmXwJTyguqDLgPXQNgmYg*USQxQBqNPuPZJWyFYXdQrircDU=]]></url>
  <title><![CDATA[小伙子，你果断出手的样子，真帅！]]></title>
  <content><![CDATA[“小伙子，你这个行为真帅！”刚刚过去的国庆假期一段苏州街头的监控视频温暖了许多网友的心事情发生在苏州吴江区黎里镇街头：斑马线前一位拄着拐杖的老人正颤颤巍巍地过马路几辆小车主动停下让行然而时间一秒一秒过去老人却似乎仍在原地并没有挪动半步这时一辆停在斑马线前的白色SUV突然打开了双闪司机下车一路小跑来到老人身边准备搀扶老人过马路但走了几步后小伙子发现老人依然很吃力于是他果断蹲下身子背起了老人快步前行将老人送到了马路对面整个过程后面等待的车辆都没有催促也没有人按喇叭路面监控正好记录下这感人一幕视频传开后，网友赞声一片一条斑马线检验的不仅仅是文明的尺度更是人心的温度该出手时就出手小伙子，好样的！这样暖心的场景在我们身边经常上演：9月21日，广西贺州一位拄拐老人步履蹒跚地过马路走到马路中央时，信号灯变了车辆纷纷前行，老人有点不知所措此时，一辆轿车缓缓停下，让老人先行随后一位骑摩托车的小哥穿过车流将还在行驶的车辆逼停等待老人通过你“霸道”的样子，真帅！勿以善小而不为一个举手之劳，便可温暖一座城▼……汉口火车站售票厅内一位农民工大叔想买当晚到家的车票但带的钱不够，差了20元售票员说第二天中午11点有趟车车票能便宜点大叔犹豫了一下，就打算买了旁边的女士说：“不够我帮你补吧，买明天的车票，你还要在车站吃住，又身无分文。”说着她便从钱包里拿出20元钱农民工大叔突然不知所措，也不知道怎么回报她，突然下跪磕头以示感谢，女士见状连忙把他扶了起来：“大叔，你快起来。”大叔跪下的那一刻，不觉让人泪目谢谢你，善良的陌生姑娘▼原本晴朗的午后，突降冰雹一位行动不便的老人推着小车焦急地找地方躲雨此时，一个男孩急步走上前静静地为老人撑起了伞全然不顾自己被雨水打湿最美的不是下雨天是伞下撑起的世界雨中，你的身影，真的好帅▼台风过境后折断的树枝挡在马路中间阻碍了交通旁边躲雨的快递小哥看见后主动冒着风雨将树枝拖开让道路恢复畅通善良与学历、职业、年龄、身份无关它静静地流淌在一个人的血液里悄无声息地温暖了无数人▼暴雨过后，一个背书包的男孩在一段满是积水的路上停了下来他环顾四周，去附近找了一些砖头用心地为大家铺了一段路细节显教养，谦卑藏高贵一个懂得用心替他人着想的人才是真正高贵的人▼照片里这个大眼睛的小姑娘是不是很可爱可就在今年6月份一场突如其来的重病在20天的时间里无情地夺走了她的生命女孩的妈妈趁女儿清醒时和她商量：“可不可以把眼角膜、肾脏和肝脏捐献出去，帮助其他病人呢？”女孩已经不能说话但她点头答应了即使在生命的尽头她依然对这个世界饱含深爱小天使并没有离开我们她只是换一种方式活着这个世界并不完美生活总是艰辛坎坷感情也总是不尽如人意但还是请你相信在我们看不到的地方总有一些人保留着心中最初的那份柔软正悄然温暖着这个世界来源：新华社]]></content>
  <author><![CDATA[百色交警]]></author>
  <time>2018-10-11 18:03:40</time>
  <account><![CDATA[gxbsjj]]></account>
</data>
