<data>
  <id><![CDATA[51486891]]></id>
  <url><![CDATA[https://mp.weixin.qq.com/s?timestamp=1539596572&src=3&ver=1&signature=Egrj350GoKY8-KUcIJshb94vR0jbI26-jhRWV1KSloT9wKst1dRxEmnoR9AvK03bmMXCm4KUUj8*4wquf1OVN0dymj5UZFbYVYjTMNk5qxx9W0F7PhVoPVT*FJ5v9mAbbChN*dY5p*yzXZ7tBedbmBMVFwks72PGzsQDSZvMcSo=]]></url>
  <title><![CDATA[直播预告｜返程路上，蜀黍在线教你避开拥堵，顺利到家！]]></title>
  <content><![CDATA[国庆长假已经进入尾声相信不少小伙伴已经开始准备返程了如何避开拥堵，安全驾驶，顺利到家！蜀黍在线为你指点迷津：直播时间：10月7日17:00直播地点:G80广昆高速百色服务区围 观 方 法：扫一扫以下二维码在线观看并参与互动审核：马振山  编辑：黄朝丹版权声明：其他公众号转载百色交警公众号图文和视频等，请在文章的明显处标明来源。]]></content>
  <author><![CDATA[百色交警]]></author>
  <time>2018-10-06 23:52:08</time>
  <account><![CDATA[gxbsjj]]></account>
</data>
