<data>
  <id><![CDATA[51486891]]></id>
  <url><![CDATA[https://mp.weixin.qq.com/s?timestamp=1539596572&src=3&ver=1&signature=Egrj350GoKY8-KUcIJshb94vR0jbI26-jhRWV1KSloT9wKst1dRxEmnoR9AvK03bmMXCm4KUUj8*4wquf1OVN32tXoicXugviP3I9-ODfG67faP5-lLqDD2JDUGENEyQ*t6TMijtOGW7gAvFuoank2ZQPMktsFTi2FteZAE1*Lg=]]></url>
  <title><![CDATA[“一推省500元”，暖交警巧伸援手解困高速“抛锚司机”]]></title>
  <content><![CDATA[没关注？伸出手指点这里---“一推省500元，还教会了我这个应急处置办法，真的太感谢你们了！”10月9日9时许，广西百色交警高速一大队民警在广昆高速G80南宁往百色方向疏导交通时发现一辆小型汽车停在慢车道上，一男子在驾驶位上手足无措。做好安全防护后，民警了解情况得知： “由于此前道路堵车，该车在停车等候时熄火但忘记关闭汽车电源，导致汽车电瓶电量耗尽而抛锚。目前驾驶人正想联系高速救援。民警在交流过程中发现该抛锚车辆为自动挡，可通过推车启动法启动车辆。遂由民警驾驶车辆，执勤人员与男子共同推车，在大家的共同努力下车辆成功启动。上车离开前，男子激动不已，紧紧握住民警的手一再表示感谢。END您的出行平安是百色交警最大的心愿版权声明其他公众号转载百色交警公众号图文和视频等，请在文章的明显处标明来源。审核：马振山    编辑：黄霞材料来源：高速一大队]]></content>
  <author><![CDATA[百色交警]]></author>
  <time>2018-10-13 22:55:41</time>
  <account><![CDATA[gxbsjj]]></account>
</data>
