<data>
  <id><![CDATA[51486891]]></id>
  <url><![CDATA[https://mp.weixin.qq.com/s?timestamp=1539596572&src=3&ver=1&signature=Egrj350GoKY8-KUcIJshb94vR0jbI26-jhRWV1KSloT9wKst1dRxEmnoR9AvK03bmMXCm4KUUj8*4wquf1OVN28lMZcNScBR9oJ-2v4GuD8SYuHn*lLk0MwpTgy7VrkvrcwarE1SbqIfc1mqfJkvhRCUTRxFjmAQAYujNTgMYx4=]]></url>
  <title><![CDATA[德保违停大整治▏车辆被拖？停车的贝侬注意了！]]></title>
  <content><![CDATA[还在城区违法停车的车主注意啦！如果您停在路上的车不见了，别急，有可能是被交警蜀黍拖走了！为进一步加强辖区道路交通秩序管理，遏制车辆违法占道乱停乱放行为，交警大队以“治堵、治乱、保畅通”为切入点，紧抓违停再升级，严管、严治、严处，全力整治辖区违法停车行为。目标为进一步优化道路通行环境，提升道路周边通行能力，规范车辆停放秩序，加强德保县“卫生城市”创建工作，德保县公安局交警大队开展城区违法停车整治行动，重点解决车辆无序停放等难点、重点问题，拍摄违法停车车辆，引导车辆有序停放。整治通过开展整治，有效遏制了机动车乱停乱放现象，确保了城区道路机动车规范、有序停放，实现了城区交叉路口、繁华商区、校园周边等路段机动车乱停乱摆违法得到了有效整治，机动车停放有序，重点路段交通拥堵明显缓解，违停专项整治行动初见成效。处罚对乱停乱放的车辆，采取劝导与处罚相结合的方式，对机动车违法停车行为随时发现、随时劝离、随时处理。对驾驶人不在现场或在现场拒绝立即驶离的，民警一律实施拍照取证、粘贴违法停车告知单。教育同时，向驾驶人大力宣传违法停车对道路通行能力的影响、违法停车的危害，呼吁广大驾驶人共同参与到整治行动中来，共同抵制交通违法行为，养成文明驾驶习惯，打造平安、畅通、有序、和谐的交通环境。交警部门提示：对于机动车违反规定停放、临时停车，妨碍其他车辆、行人通过的将罚款200元；机动车违反禁令标志指示的、机动车违反禁止标线指示的将罚款200元、记3分。来源：德保交通360]]></content>
  <author><![CDATA[百色交警]]></author>
  <time>2018-10-10 17:37:54</time>
  <account><![CDATA[gxbsjj]]></account>
</data>
