<data>
  <id><![CDATA[51486891]]></id>
  <url><![CDATA[https://mp.weixin.qq.com/s?timestamp=1539596572&src=3&ver=1&signature=Egrj350GoKY8-KUcIJshb94vR0jbI26-jhRWV1KSloT9wKst1dRxEmnoR9AvK03bmMXCm4KUUj8*4wquf1OVN8k8hSgwsNgX6RwJoNcykK7ctrNU13EHU3RFJcZAitCTJt5OwLxPcb2G*QJJotV0CBEG4S3Diy5YpHOQeMGruGQ=]]></url>
  <title><![CDATA[【预告】10月13日上午，百色市公安局举行警营开放日活动！欢迎您的到来！]]></title>
  <content><![CDATA[新闻动态特大新闻﹀﹀﹀10月13日上午10：00至12：00百色市公安局大院内警营开放！警营开放是什么活动？看下面的画风↓ ↓ ↓ ↓ ↓缴获各类实物展示假币、传销资料、假冒伪劣、毒品、假车牌、车证、电信诈骗实物等。警用装备有防暴盾牌、防弹衣、防刺背心、头盔、单警装备、排爆机器人、警用无人机、特警巡逻车、特警防暴车等。武器展示有92式半自动手枪、79式轻型冲锋枪、95式自动步枪、88式狙击步枪等。110指挥中心参观公安局的“大脑”110指挥中心接警台。除此之外警营开放日活动还有：无人机飞行表演交安宣传表演特种战术表演安防技能情景表演长棍特战表演警犬技能表演消防技能表演等等一系列互动体验并且参与到现场的活动还会有赠送竞猜 小 礼 品不对，是先到先得！警营开放日活动时间2018年10月13日上午10：00至12：00百色市公安局大院内↓ ↓ ↓ ↓ ↓来源：百色警事]]></content>
  <author><![CDATA[百色交警]]></author>
  <time>2018-10-12 17:36:23</time>
  <account><![CDATA[gxbsjj]]></account>
</data>
