<data>
  <id><![CDATA[51486891]]></id>
  <url><![CDATA[https://mp.weixin.qq.com/s?timestamp=1539596572&src=3&ver=1&signature=Egrj350GoKY8-KUcIJshb94vR0jbI26-jhRWV1KSloT9wKst1dRxEmnoR9AvK03bmMXCm4KUUj8*4wquf1OVN*BA8BJivgTJBzX1eYoD49gN73MM9eaoJ82HOFMvo17EMB*Q8FQkbMdJqW*RWW76JUBw3OScoedSFNPHoBBBEA8=]]></url>
  <title><![CDATA[【今日头条】强体魄铸警魂|2018年百色市第二届警察（辅警）体育运动会拉开大幕]]></title>
  <content><![CDATA[为凝聚全市广大公安民警、辅警和现役官兵献身公安工作热情，增强公安队伍的凝聚力和战斗力，10月13日晚，2018年百色市第二届警察（辅警）体育运动会在市公安局交警支队篮球场馆隆重开幕。副市长、市公安局党委书记、局长罗卫东出席运动会开幕式，并宣布开幕。市公安局党委副书记谭建伟主持开幕式。谭建伟指出，警察体育是公安工作和公安队伍建设的重要组成部分，发展警察体育事业，开展警察体育达标活动，对广大公安民警和现役官兵、辅警人员增强身体素质、提高实战技能、丰富警营文化、构建和谐警营，提升队伍形象意义重大。裁判员代表宣誓部分代表队合影开幕式结束后，羽毛球、气排球、篮球等比赛项目拉开了运动会的揭幕战。10月14日，各项比赛如火如荼进行中本届运动会为期一周，是百色市公安系统规模最大、参与人员最多，项目最丰富的一届赛事活动，来自全市各县（市）公安局、分局、市局机关、交警支队、边防支队、消防支队、森林公安局、铁路派出所、武警支队等单位的民警、辅警组成的20个代表团1318余人分别参加羽毛球、气排球、乒乓球、篮球、足球、实战应用射击、基本体能、武装越野登山等八大项的比赛。来源：百色警事]]></content>
  <author><![CDATA[百色交警]]></author>
  <time>2018-10-14 17:33:12</time>
  <account><![CDATA[gxbsjj]]></account>
</data>
