<data>
  <id><![CDATA[51486891]]></id>
  <url><![CDATA[https://mp.weixin.qq.com/s?timestamp=1539596572&src=3&ver=1&signature=Egrj350GoKY8-KUcIJshb94vR0jbI26-jhRWV1KSloT9wKst1dRxEmnoR9AvK03bmMXCm4KUUj8*4wquf1OVN0dymj5UZFbYVYjTMNk5qxxmpA8KDqSHX7VwahpZhtyT4MII0ktOcXmPQj2*DEb7Q2HZACe2mdwtvhHtE2N4cLc=]]></url>
  <title><![CDATA[国庆安全出行系列之九：太可怕！在事故现场逗留惨被撞飞|畅行中国交警同行]]></title>
  <content><![CDATA[有句俗话说“交通事故九死一生，二次事故十死无生”，可见“二次事故”的危害有多大。我们曾对此做过多次宣传，到了节假日高速车流量大增的时期，我们更会加大提醒“防范二次事故”的力度。但是，依然有人不放在心上。先看一个案例。10月2日晚7点多，沪蓉高速汉川收费站出口附近发生一起追尾事故。事故本来非常轻微，但两车司机并没有将车辆移至路边，也未在后方设置警示标志，而是在快速车道就地停车，随后人员下车查看车辆受损情况。然而，此时同车道后方正有两辆车快速驶来……前述两车中的人员，一人不幸被撞倒地，腿部骨折。湖北高速交警汉川大队民警赶到现场，做好防护措施后，经确认伤者脊椎、腰椎等无碍，迅速将其转移到了警车上，同步通知救护车到收费站口等候。随后，交警开启警灯，从高速上逆行驶向收费站，用时10分钟将伤者送上救护车，经简单包扎后送往医院救治。接下来这个案例，后果就严重多了。今天，网络上疯传一条高速事故的视频。视频显示，两辆车在高速岔道口发生事故，双方下车后都没有挪车，而是站在两车之间在争论着什么。随后第二辆车突遭后方来车撞击。第二辆车记录仪拍下了数人被撞飞的画面，其中一名女子似乎失去知觉，另一女子则惊慌大哭，场面令人心痛！类似的惨痛教训实在太多：→ 交警从监控中发现致命危险 一个电话救了一家五口性命！→ 高速公路发生事故 民警提示仍不离开 结果……→ 3只羊导致4人死亡 细数其中“六大致命错误”到底该如何避免这样的惨剧？请一定做好高速上这道“保命题”！❖ 在高速上发生轻微事故（不涉及人员伤亡、基本事实清楚、仅造成轻微财产损失），尽快拍照留证后将车辆转移至不妨碍交通的地方，人员转移至护栏外，切勿停留在现场争论责任、逗留，随后采取快处快赔方式解决！（方法附后）❖ 车辆损毁严重不能移动的，就地开启危险报警闪光灯，人员迅速转移至护栏外并报警求助。❖ 在车后摆放三角警示牌：在车后来车方向150米外摆放三角警示牌；如果是夜间、雨雪雾天等不良天气，可适当加大警示距离，同时开启示廓灯。三角警示牌要这样摆放：如何采用快处快赔方式处理轻微交通事故？❖ 通过“交管12123”手机APP、各地交警微信平台等在线处理。❖ 就近到相关服务中心、快处快赔网点进行处理。转发扩散不要让二次事故的悲剧重演！来源：公安部交通安全微发布]]></content>
  <author><![CDATA[百色交警]]></author>
  <time>2018-10-06 23:52:08</time>
  <account><![CDATA[gxbsjj]]></account>
</data>
