<data>
  <id><![CDATA[51486891]]></id>
  <url><![CDATA[https://mp.weixin.qq.com/s?timestamp=1539596572&src=3&ver=1&signature=Egrj350GoKY8-KUcIJshb94vR0jbI26-jhRWV1KSloT9wKst1dRxEmnoR9AvK03bmMXCm4KUUj8*4wquf1OVNzUKRqv894I8HrWj4IKhbI9gGFgycaq6*Sha65srMkFnef9HpnVFCEoE5dpMYNb3UOnW76g9uY*CclJbjLYIhj4=]]></url>
  <title><![CDATA[点赞｜交警上身赤裸，“警容不整”出现在事故现场，却引得群众怒赞！]]></title>
  <content><![CDATA[上图这位上身只穿了一件反光背心，跑来跑去的小伙，是河南周口项城市公安局交警大队南环中队的一名辅警，叫做范鹏。10月2日，晚上7点左右，一辆轿车和一辆电动三轮车，在周口项城迎宾大道宁洛高速路口南，发生碰撞。猛烈撞击让电动三轮车上，五六十岁的老太太当场倒地。尽管自己只是路过，但是看到现场这种情况，民警张炎和辅警范鹏、韩泽文立刻上前处理事故。就这样，范鹏就只穿了一个反光背心，在事故现场，又是帮忙抬老太太，又是疏散交通。辅警范鹏光膀子处理事故现场的行为，被人录了视频发到网上，网友纷纷为其点赞。为光膀子的辅警范鹏点赞，同时也提醒大家，路上注意安全。_END_来源：广西交警微发布]]></content>
  <author><![CDATA[百色交警]]></author>
  <time>2018-10-08 19:59:52</time>
  <account><![CDATA[gxbsjj]]></account>
</data>
