<data>
  <id><![CDATA[51486891]]></id>
  <url><![CDATA[https://mp.weixin.qq.com/s?timestamp=1539596572&src=3&ver=1&signature=Egrj350GoKY8-KUcIJshb94vR0jbI26-jhRWV1KSloT9wKst1dRxEmnoR9AvK03bmMXCm4KUUj8*4wquf1OVN32tXoicXugviP3I9-ODfG7CcGicEUvAynIbzbxKMvEIIn3durjKO-YMPgA5F1wQcv5TCZYsWPloQppzN3uTTl0=]]></url>
  <title><![CDATA[今日头条｜百色市公安局隆重举行2018年警营开放日活动]]></title>
  <content><![CDATA[10月13日10时，百色市公安局举办“向党和人民报告”为主题的警营开放日活动，邀请了大中院校师生、小学生及家长、外籍留学生及外国友人，右江区社区干部代表、执法监督员、各群团组织等各界群众代表，以及慕名前来参加活动的群众共5000余人走进警营、参观警营、体验警营，进一步拉近公安民警与社会各界的距离，全方位多角度向社会展现公安机关和广大公安民警的新形象新作为新成果。百色市人民政府副市长、市公安局党委书记、局长罗卫东代表百色市公安局党委对光临警营开放日活动并指导工作的各界朋友、广大群众、师生和新闻媒体记者表示衷心的感谢！罗卫东指出，长期以来，全市公安机关及广大民警、辅警和现役官兵在市委、市政府和上级公安机关的坚强领导下，深入践行“对党忠诚、服务人民、执法公正、纪律严明”总要求，履职尽责、顽强拼搏，全力预防和严厉打击涉枪涉爆、涉黑涉恶、盗抢骗、黄赌毒等各类违法犯罪，有效维护全市社会安全与稳定，保障人民安居乐业。罗卫东表示，百色社会治安大局持续平稳，不仅需要全体民警、辅警、现役官兵恪尽职守，更离不开广大人民群众一如既往的关心、理解和支持。我们坚信，有了你们的理解肯定，我们一定风雨征途，披荆斩棘；有了你们的帮助支持，我们一定顽强拼搏，不断进取；有了你们的关注监督，我们一定脚踏实地，不辱使命！警营开放仪式在雄壮的国歌声中拉开帷幕交通警察节目表演精彩纷呈儿童、小交警、大警花同台献艺《国、家》，“一心装满国 、一手撑起家、家是最小国 、国是千万家”，抒发了新时代公安交通民警的家国情怀，表达了用奋斗谱写无愧于新时代的青春篇章的信心和决心。交警手势操表演：台上一分钟，台下十年功，台上路上一个样。民警辅警整齐划一、干净利索的动作和精彩的表演，展示了百色交警精湛的业务技能和过硬的业务素养，让在场的观众称赞不已。交管装备展示：向科技要警力，我们一直在努力。查获假牌假证成果展示：你是雾里看花，我们洞若观火。交通管理资询：交通民警热情耐心为您答疑解惑，你的建议和意见是我们改进的方向。交通安全宣传互动受热捧交通安全知识有奖抢答，小手拉大手、共建共享文明交通环境。礼让斑马线，你我齐参与。交通标志拼图、将标志“玩”转手心。交通安全没有国度，平安出行是你我的心愿。小交警“坐镇”指挥中心：体验公安集成指挥平台的强大威力，感受大数据时代公安工作的新特点新举措，学习规范报警的相关知识。活动现场喜气洋洋、热闹非凡。演出节目精彩，警民互动热情高涨，参观体验气氛活跃。民警携手“网易百色”开展活动现场直播，有130000余名粉丝网上参与互动。参加活动的外籍留学生和外国友人对本次活动也是赞口不绝，对中国警察表示敬佩。群众之所望，交警工作之所向。你的关注和理解是我们的动力，你的鼓励和点赞是对我们的鞭策，你的建议和意见是我们改进的方向。立足新时代，把握新形势，奋斗新使命，建功新担当。百色交警必将以本次警营开放日活动为契机，凝心聚力、攻坚克难，全力推进百色公安交通管理工作再上新台阶。审核：马振山  编辑：刘丽莎版权声明：其他公众号转载百色交警公众号图文和视频等，请在文章的明显处标明来源。]]></content>
  <author><![CDATA[百色交警]]></author>
  <time>2018-10-13 22:55:41</time>
  <account><![CDATA[gxbsjj]]></account>
</data>
