<data>
  <id><![CDATA[51486891]]></id>
  <url><![CDATA[https://mp.weixin.qq.com/s?timestamp=1539596572&src=3&ver=1&signature=Egrj350GoKY8-KUcIJshb94vR0jbI26-jhRWV1KSloT9wKst1dRxEmnoR9AvK03bmMXCm4KUUj8*4wquf1OVN06nWujTdxjqPKOV0ijtumuuamwIg0WSvM7FLx81YdNnK5ej*Ex*8JXN5YrUdjmZgi-VayVH1KkWUifWlFGDSEo=]]></url>
  <title><![CDATA[安全提示每日一图]]></title>
  <content><![CDATA[这个保险必须上！来源：公安部交通安全微发布]]></content>
  <author><![CDATA[百色交警]]></author>
  <time>2018-10-09 16:24:06</time>
  <account><![CDATA[gxbsjj]]></account>
</data>
