<data>
  <id><![CDATA[67630480]]></id>
  <url><![CDATA[https://mp.weixin.qq.com/s?timestamp=1542253459&src=3&ver=1&signature=t1tQuhfvgeQkNOJJwpbIKHaUO7dnlZN*2zccNGRqXkkAdpqT5f-W*psGkEJKp2Oxij0XlxjfQqdUSsdjhUR87Nu1yVHzDtYYz77Hp9r-lg210-0VDpqEQ-rMA4lVg8E*KDBL84kWo*cLjobaBjnV4X*s290QlP5-kSggxWdRv2Q=]]></url>
  <title><![CDATA[天气渐冷，如何养生？打开你就知道]]></title>
  <content><![CDATA[小猪漫游乡村漫游第一平台小猪漫游龙泉运营中心销讲训练营企业家，老板要从办公室，工厂，仓库走上讲台的时代为您量身定制而准备帮扶联盟商家1.投资回本《融资方案，融资策略》2.客量翻倍《促销方案，渠道对接策略》3.盈利翻倍《多元化经营，跨行盈利》龙泉运营中心康养之旅服务商家长葆健康管理第一版块 善水墨疗上线小猪漫游与善水墨疗联手福利赠送原价98元/次墨疗，现6次仅需299元“每一个单成交都有大家红利”还赠送5次价值599元/次〈收入倍增.财富倍增〉的训练营课程再赠送积分299第二版块，私人订制养生炖品馆筹备中第三版块传统养生，中医治未病国医馆筹备中小猪漫游乡村旅游十大产业联盟保姆式服务商家实实在在从融资，招商，培训，带运营一站式服务成熟的规范化标准化系统加盟运营中心产业联盟给您带来10倍100倍增长轻松快乐共创，共享，共赢扫描下方二维码下载 即可购买点击图片即刻阅读乡村旅游 找小猪漫游拨打小猪热线 400-100-6897 订制团队游下载小猪漫游APP，注册即送8.8积分，成为小猪家人可以免费参加小猪超值课程套餐：1:国学，2:茶道，3:花道，4:养生（太极，瑜伽），5:香道，6:摄影，7:手作DIY，8:甜品，9:古典音乐，10:养车之道。超值享受就在成为小猪家人，不要犹豫啦 即可扫码抢注！——如果喜欢，请分享给你的朋友吧——本期编辑：大米资料来源：网络搜集声明：转载请注明出处版权归原作者所有，如有侵权请联系我们]]></content>
  <author><![CDATA[小猪漫游]]></author>
  <time>2018-11-08 21:04:19</time>
  <account><![CDATA[littlepig_travel]]></account>
  <image><![CDATA[https://mmbiz.qpic.cn/mmbiz_png/Rjse8l0D2qqahuZCxAFwVkVWJEicxmHApuC63ZQia0TCsPrFRjSvRcgNZFvkcEyzLPSDSLbXQ4XvHz8vDicAeSsaA/640?wx_fmt=png|https://mmbiz.qpic.cn/mmbiz_jpg/Rjse8l0D2qrHaTZ0SS95Et5LMCr4CC7VKLClltERktfuS5ZoEUDqhrtwovfscynwQ2E5RIib1Wicdd8NTxtvibZXw/640?wx_fmt=jpeg|https://mmbiz.qpic.cn/mmbiz_png/Rjse8l0D2qoOTgnppsib43Lib23KSSZ0m0ficCx4Y1ftCDCIyhJvxgTibGnjGe5nMc8yTWnwRQzJxJeafK6xTb1rXw/640?wx_fmt=png|https://mmbiz.qpic.cn/mmbiz_png/Rjse8l0D2qoOTgnppsib43Lib23KSSZ0m0B83ia5eWibSiaUIBoCMMsPgzgpicCicnouAMP7GuvElKvF8t9ffvGbibCQpw/640?wx_fmt=png|https://mmbiz.qpic.cn/mmbiz_png/Rjse8l0D2qoOTgnppsib43Lib23KSSZ0m008SJpse5mtoqz6IiaRiacEj2Krv73H1z1Ra6fggl5FR6SRWrWh6JFeKw/640?wx_fmt=png|https://mmbiz.qpic.cn/mmbiz_png/Rjse8l0D2qoOTgnppsib43Lib23KSSZ0m0S2aN1X9pibsTCBqP0c2g6ibopgKibqv7zZzF6NpMrAmicyYHrywniatI8yw/640?wx_fmt=png|https://mmbiz.qpic.cn/mmbiz_png/Rjse8l0D2qoOTgnppsib43Lib23KSSZ0m0xGIekQsicTwwhvspopXA2LsylWIcBX2LAWbIssITdCJXHWFmWyACFTw/640?wx_fmt=png|https://mmbiz.qpic.cn/mmbiz_jpg/Rjse8l0D2qoOTgnppsib43Lib23KSSZ0m0pRhBkRRDIib4LiavbOiaU3WMWoRZ3VQiagOTFFVp4OfgcmLuba56HLvIbw/640?wx_fmt=jpeg|https://mmbiz.qpic.cn/mmbiz_jpg/Rjse8l0D2qoOTgnppsib43Lib23KSSZ0m0icZBvXpsmgHENInprXT3mu6FRC5Za8SVEibYTZ9gDniaf0xUsMTLNvUbw/640?wx_fmt=jpeg|https://mmbiz.qpic.cn/mmbiz_jpg/Rjse8l0D2qoOTgnppsib43Lib23KSSZ0m0QPPymsqialV3fbI6KXr2ESoLNH8In4pzqm9ZI4a4XpibibZqj4pO3Yk9w/640?wx_fmt=jpeg|https://mmbiz.qpic.cn/mmbiz_jpg/Rjse8l0D2qoOTgnppsib43Lib23KSSZ0m0g9m8k27uGibxOoleXr3IJUlNfAQ3bQPSXiaYaZG1Vibc2uMOP82E6ekSw/640?wx_fmt=jpeg|https://mmbiz.qpic.cn/mmbiz_jpg/Rjse8l0D2qoOTgnppsib43Lib23KSSZ0m0Ap5e5bvdrhknwo5ziaVQaSXB3v3loWVeLJwNoDctgMuM115IQI7cMsA/640?wx_fmt=jpeg|https://mmbiz.qpic.cn/mmbiz_jpg/Rjse8l0D2qoOTgnppsib43Lib23KSSZ0m0icLNlZMxh7aPbHjiboCIruTGZaDZRicrQNsWPG03ia00a9bqCn6W114Sqg/640?wx_fmt=jpeg|https://mmbiz.qpic.cn/mmbiz_jpg/Rjse8l0D2qoOTgnppsib43Lib23KSSZ0m0wdlc4icRUHGo1z2TMWFOraicZhY2QEsSNjNsd6sVNtrXuqFybB4icBiakA/640?wx_fmt=jpeg|https://mmbiz.qpic.cn/mmbiz_jpg/Rjse8l0D2qoOTgnppsib43Lib23KSSZ0m0pcAtIJAaqMmRSxVUuwvVRVvDC6W0iaj0iaQay4FchEALWpRQnMzoLepQ/640?wx_fmt=jpeg|https://mmbiz.qpic.cn/mmbiz_jpg/Rjse8l0D2qoOTgnppsib43Lib23KSSZ0m0VFp0jIiasZMV2cM0UEic7JmOYC48GwRnVaiag7cfUwElMazaHWuyMZC1A/640?wx_fmt=jpeg|https://mmbiz.qpic.cn/mmbiz_jpg/Rjse8l0D2qoOTgnppsib43Lib23KSSZ0m0AVvsf7Hic1ddMGbqbVBibWYIJJUgjn4DJYPcib2u4DehoIg5xSLun5pog/640?wx_fmt=jpeg|https://mmbiz.qpic.cn/mmbiz_jpg/Rjse8l0D2qoOTgnppsib43Lib23KSSZ0m0ibqVxpGia3oRnLVcWZOBFbw00497iardcrkBOe5IIBKaYnMXSzsF2Uq9g/640?wx_fmt=jpeg|https://mmbiz.qpic.cn/mmbiz_jpg/Rjse8l0D2qoOTgnppsib43Lib23KSSZ0m0kg0azarnIdBEUvMUZkYzrul35Yk4Mic8t6nOwBSMWt1xzrE9vXBYtbw/640?wx_fmt=jpeg|https://mmbiz.qpic.cn/mmbiz_jpg/Rjse8l0D2qoOTgnppsib43Lib23KSSZ0m0PUoHT0snBQ5OFTBmgGez5uKesNTjd8UpKWOd5PnoTcmQIMicgHWlKkg/640?wx_fmt=jpeg|https://mmbiz.qpic.cn/mmbiz_jpg/Rjse8l0D2qoOTgnppsib43Lib23KSSZ0m0C4ortng38jNQsZJHiaaBLQIQXBhNQJzypeVG9XAaCG7pwqp3mTS0Z5w/640?wx_fmt=jpeg|https://mmbiz.qpic.cn/mmbiz_jpg/Rjse8l0D2qoOTgnppsib43Lib23KSSZ0m0mp3JWFjJkjsCLaJdVakVhyxiaa8Om1uKacYxN4E6iblFnTtI1qtCxc7w/640?wx_fmt=jpeg|https://mmbiz.qpic.cn/mmbiz_jpg/Rjse8l0D2qoOTgnppsib43Lib23KSSZ0m0g2Tpae2FTNZg747QBWvwJJjHqlvalHs6bhKlNItuMqEoZEQv7VtnwA/640?wx_fmt=jpeg|https://mmbiz.qpic.cn/mmbiz_jpg/Rjse8l0D2qoOTgnppsib43Lib23KSSZ0m0wuxsgWb5DfohziavCruicFXMHEQdiaN8ialj7qMNUTiaWDgFsSt6y1pQaVg/640?wx_fmt=jpeg|https://mmbiz.qpic.cn/mmbiz_jpg/Rjse8l0D2qoOTgnppsib43Lib23KSSZ0m0PqW837LDM2cF2KVDgwalDKeRoCr7GfoyMbVHmNLmESLntzQCjkCdUw/640?wx_fmt=jpeg|https://mmbiz.qpic.cn/mmbiz_png/Rjse8l0D2qoOTgnppsib43Lib23KSSZ0m0015cm0sgP9YaCJHic1D0tPWnCRmj6Q6HzlP0ooMl8azQXiaDPjcfGSwg/640?wx_fmt=png|http://mmbiz.qpic.cn/mmbiz/bfVs2pZKn9NbkwlIzHiaib6nPIqXNhhApvtUznHXdFNKQl3wiaKsaw86q81ZpwT1P1WrN3qOU5TW59vdw6HCCXbNA/640?wx_fmt=jpeg|https://mmbiz.qpic.cn/mmbiz_jpg/Rjse8l0D2qqPzJia1MF79FnPsjgpaugezfaftibxU3FGZmvW6D1iaTBUkJHyE3qmbASoR2yYsZzANBgPfjrZ3yEUQ/640?wx_fmt=jpeg|https://mmbiz.qpic.cn/mmbiz_jpg/Rjse8l0D2qqPzJia1MF79FnPsjgpaugez4XUw37snm3V5Ix10c2GiaawVL8iaWBtfgW5rO0micOialCgLhmuRtGzdRQ/640?wx_fmt=jpeg|https://mmbiz.qpic.cn/mmbiz_jpg/Rjse8l0D2qrZFL1KJBKhImkdGUBfGcOx5fegUlM3BZ6RuLmhxUCswdBTYXgmYM6PTDw0OnVT4cFBjiactrGUn8w/640?wx_fmt=jpeg|https://mmbiz.qpic.cn/mmbiz_jpg/Rjse8l0D2qrZFL1KJBKhImkdGUBfGcOx9XeHz4xHETq7KzvYpJkSXgD5ohEiaeYBMQ0sbGPh56ece0YLia6MUpbg/640?wx_fmt=jpeg|https://mmbiz.qpic.cn/mmbiz_jpg/Rjse8l0D2qqasDPlh5Pwibg23WlOjibxHtmuric0cjYS5PCcRdSE7MCRtSKW2xZroOvHqlv53iaa12ydd7yEYiaZ40Q/640?wx_fmt=jpeg|https://mmbiz.qpic.cn/mmbiz_jpg/Rjse8l0D2qqahuZCxAFwVkVWJEicxmHApezdPibEictW2neU3ziaIcWTvFicXfKCBicndY0wj4UKbEN6bruyEu0ic0HuQ/640?wx_fmt=jpeg|https://res.wx.qq.com/mpres/htmledition/images/icon/common/emotion_panel/emoji_wx/2_06.png|https://mmbiz.qpic.cn/mmbiz_png/Rjse8l0D2qoOTgnppsib43Lib23KSSZ0m0015cm0sgP9YaCJHic1D0tPWnCRmj6Q6HzlP0ooMl8azQXiaDPjcfGSwg/640?wx_fmt=png|https://mmbiz.qpic.cn/mmbiz_jpg/Rjse8l0D2qqPzJia1MF79FnPsjgpaugezOnibXrvlMsYmWXQnSkjXzj2Q9e2qZ9jYvmuH84HMa2ibj8Z9qmyziaXibw/640?wx_fmt=jpeg|https://mmbiz.qpic.cn/mmbiz_gif/Rjse8l0D2qqPzJia1MF79FnPsjgpaugezZ6iaUFsQKpM5X7CCvdeOib9YR2k1JtjnjBOYX1cjCGbXTTxA37HBG77A/640?wx_fmt=gif]]></image>
</data>
