<data>
  <id><![CDATA[67630480]]></id>
  <url><![CDATA[https://mp.weixin.qq.com/s?timestamp=1542253459&src=3&ver=1&signature=t1tQuhfvgeQkNOJJwpbIKHaUO7dnlZN*2zccNGRqXkkAdpqT5f-W*psGkEJKp2Oxij0XlxjfQqdUSsdjhUR87BcYOochh1*uwRWoTwyiinaXNvqNsmLqyiAOG3CcVw2*V-y9diDI1y3WoMAbNs8Ilp*EVUroqDMl9j-hpydW2Zs=]]></url>
  <title><![CDATA[秋天的精灵，萌翻了整个森林]]></title>
  <content><![CDATA[小猪漫游乡村漫游第一平台..........................................................................................................................................................................................................................................................................................................................................................................................................................................................................................................................................................................................................................................................................................................................................................................................................................................................................................................................................................................................................................................................................................................................................................................................................................................................................................................................................................................................................................................................................................................................睡前伴你夜听森林中小松鼠最为可爱，尾巴粗大而蓬松，在密密匝匝的树枝间跳上跳下，喜欢在洞中做窝，主要以种子和果实为食，也吃些蘑菇和幼芽，有时也吃昆虫和鸟蛋。松鼠是大森林的播种者，由它们埋藏在地下的那些食物，来年春天便破土而出，发芽成长，森林里有一批小松树在茁壮成长，就是松鼠播种的结果。..........................................................................................................................................................................................................................................................................................................................................................................................................................................................................................................................................................................................................................................................................................................................................................................................................................................................................................................................................................................................................................................................................................................................................................................................................................................................................................................................................................................................................................................................................................................................睡前伴你夜听点击图片即刻阅读乡村旅游 找小猪漫游拨打小猪热线 400-100-6897 订制团队游下载小猪漫游APP，注册即送8.8积分，成为小猪家人可以免费参加小猪超值课程套餐：1:国学，2:茶道，3:花道，4:养生（太极，瑜伽），5:香道，6:摄影，7:手作DIY，8:甜品，9:古典音乐，10:养车之道。超值享受就在成为小猪家人，不要犹豫啦 即可扫码抢注！——如果喜欢，请分享给你的朋友吧——资料来源：网络搜集声明：转载请注明出处版权归原作者所有，如有侵权请联系我们]]></content>
  <author><![CDATA[小猪漫游]]></author>
  <time>2018-11-14 19:54:53</time>
  <account><![CDATA[littlepig_travel]]></account>
  <image><![CDATA[https://mmbiz.qpic.cn/mmbiz_png/Rjse8l0D2qqahuZCxAFwVkVWJEicxmHApuC63ZQia0TCsPrFRjSvRcgNZFvkcEyzLPSDSLbXQ4XvHz8vDicAeSsaA/640?wx_fmt=png|https://mmbiz.qpic.cn/mmbiz_jpg/Rjse8l0D2qrHaTZ0SS95Et5LMCr4CC7VKLClltERktfuS5ZoEUDqhrtwovfscynwQ2E5RIib1Wicdd8NTxtvibZXw/640?wx_fmt=jpeg|http://mmbiz.qpic.cn/mmbiz_jpg/eLVqIvnPUdMRkV4YvbjQrxBrEX60aLuic9aKox6HLFBMWLj0MPiblheicCK0obS8CTbR4V3coUPsm0LG64uF9J5mQ/640?wx_fmt=jpeg|http://mmbiz.qpic.cn/mmbiz_jpg/eLVqIvnPUdMRkV4YvbjQrxBrEX60aLuicibN0DCMMgw3hw8NKTVxMpYoXGhdGiaOMTnibBZ422t4Bvl2jJLhic6fc0g/640?wx_fmt=jpeg|http://mmbiz.qpic.cn/mmbiz_jpg/eLVqIvnPUdMRkV4YvbjQrxBrEX60aLuic00WsULiarVsNMWHI6nTe27UBX32t0VyFnoY6oybm48IeibeBtK5dNR0w/640?wx_fmt=jpeg|http://mmbiz.qpic.cn/mmbiz_jpg/eLVqIvnPUdMRkV4YvbjQrxBrEX60aLuicXfCUZjLeUuyiaXhp6A4ghvja3kGsOt8czo4BrETBwgy411Ah8Nfd43g/640?wx_fmt=jpeg|http://mmbiz.qpic.cn/mmbiz_jpg/eLVqIvnPUdMRkV4YvbjQrxBrEX60aLuicbRZfgY7FGV6BN5LXAQ1umG2TBRPjIicqzs4iceu06A85KibTvT0hIwpvA/640?wx_fmt=jpeg|http://mmbiz.qpic.cn/mmbiz_jpg/eLVqIvnPUdMRkV4YvbjQrxBrEX60aLuicvVY0P6yINX32d6n8zTZrXOiaYlnRGib6QIdTx7GePqpWwOH6YzzNku8g/640?wx_fmt=jpeg|http://mmbiz.qpic.cn/mmbiz_jpg/eLVqIvnPUdMRkV4YvbjQrxBrEX60aLuicYLLLSueOZVZL2libh9aMEdkN9Zl8icphJIibQcZnnZQGMZ6MRN88JjPLw/640?wx_fmt=jpeg|http://mmbiz.qpic.cn/mmbiz_jpg/eLVqIvnPUdMRkV4YvbjQrxBrEX60aLuic6fhb9Xv7arXL4DnT4J1We4GODdD9jdDicEkM7gKhThWkZuAWUjNnt1w/640?|http://mmbiz.qpic.cn/mmbiz_jpg/eLVqIvnPUdMRkV4YvbjQrxBrEX60aLuicJYxQbYQUX0xAU4d2WkNVa5VPa8KXh2CunrpJTcknRYA3QP5njxIEXg/640?|http://mmbiz.qpic.cn/mmbiz_jpg/eLVqIvnPUdMRkV4YvbjQrxBrEX60aLuicu0OgEsfVibUNmjD24z5qkQ4vef5q1BgQia3PORBP01jUqlGYnAFprLWg/640?|http://mmbiz.qpic.cn/mmbiz_jpg/eLVqIvnPUdMRkV4YvbjQrxBrEX60aLuicScmpPhuZVHO3jxSUuMv0IiaT74SrtFSIUfUW9QavNL08HVib3JRGFafg/640?|http://mmbiz.qpic.cn/mmbiz_jpg/eLVqIvnPUdMRkV4YvbjQrxBrEX60aLuicdcEiaO84QkAIG0HzeT7ibqULFdOVGc5lb65zFZQ26EGJO2usAew5KENA/640?|http://mmbiz.qpic.cn/mmbiz_jpg/eLVqIvnPUdMRkV4YvbjQrxBrEX60aLuichgvMbtib2CCEYXNOHMum99xRs0xA2oFEaMD6sHw9Ax07icQsufPWXdTg/640?wx_fmt=jpeg|http://mmbiz.qpic.cn/mmbiz_jpg/eLVqIvnPUdMRkV4YvbjQrxBrEX60aLuicmUeCs4c8U4clu9NnXIVPGrJiaWcoERBRQVktGScHTOwkmvhWvSckAuQ/640?wx_fmt=jpeg|http://mmbiz.qpic.cn/mmbiz_jpg/eLVqIvnPUdMRkV4YvbjQrxBrEX60aLuiccRhZnmGR5PMplHIRJoBibR7ur5c7LhQp1onK85rP6AkSnL3KDYFSMfw/640?wx_fmt=jpeg|http://mmbiz.qpic.cn/mmbiz_jpg/eLVqIvnPUdMRkV4YvbjQrxBrEX60aLuic0DmLeKCicGEnWwWUiahOU394zOKlsUd0n6Qp2SafcKo7RUKicH8icsFicjA/640?wx_fmt=jpeg|http://mmbiz.qpic.cn/mmbiz_jpg/eLVqIvnPUdMRkV4YvbjQrxBrEX60aLuicCzn6QIkSG4PicXkOG9ouwAP5LSy1B2fehNYNF3eibvS5bZfl2p0KsibUQ/640?wx_fmt=jpeg|http://mmbiz.qpic.cn/mmbiz_jpg/eLVqIvnPUdMRkV4YvbjQrxBrEX60aLuiczG6HEl0oEU0gXenke00CCMB7cqcwiaiauiadLfCNsa6iawhxr5wr1Sgj2A/640?wx_fmt=jpeg|http://mmbiz.qpic.cn/mmbiz_jpg/eLVqIvnPUdMRkV4YvbjQrxBrEX60aLuic3XIt4EkNVSxiaeaSx5DLOCfPkiammhAARfANibnr5ghFmWQmQoRtXJBcA/640?wx_fmt=jpeg|http://mmbiz.qpic.cn/mmbiz_jpg/eLVqIvnPUdMRkV4YvbjQrxBrEX60aLuicJ9p3Pn3ict6ABUiahWbibjZqlzyY3ClsP4CJ60ShjClHy3Rg0puJ9GrjQ/640?wx_fmt=jpeg|http://mmbiz.qpic.cn/mmbiz_jpg/eLVqIvnPUdMRkV4YvbjQrxBrEX60aLuicm2icE3Pkj1hxS4z78qbSklCIQM6NDNUibOYpPn6ThDW1y7ibVxTpM7uDw/640?wx_fmt=jpeg|http://mmbiz.qpic.cn/mmbiz_jpg/eLVqIvnPUdMRkV4YvbjQrxBrEX60aLuiccicZjSINW6YNdF2soT0xicic63ZFibOLSHGpB8LqZGld5CMm8RsJS7FXKQ/640?wx_fmt=jpeg|http://mmbiz.qpic.cn/mmbiz_jpg/eLVqIvnPUdMRkV4YvbjQrxBrEX60aLuicQBLaYL2O5v11UUmECy9TsicKTgOMaUlPsSTmFEKMCaTGOkF6k93W0XQ/640?wx_fmt=jpeg|http://mmbiz.qpic.cn/mmbiz_jpg/eLVqIvnPUdMRkV4YvbjQrxBrEX60aLuicDuO5EibCvYRz5lJuV2iaib88OENsGMAtoBibrsxe9RowFqe0NFEH49vNmA/640?wx_fmt=jpeg|http://mmbiz.qpic.cn/mmbiz_jpg/eLVqIvnPUdMRkV4YvbjQrxBrEX60aLuicq1HBYb3F3PXgn9FHdm1nL3bdc3LJzA3q9uAQzm1bD4a0d4duwic9ADQ/640?wx_fmt=jpeg|http://mmbiz.qpic.cn/mmbiz_jpg/eLVqIvnPUdMRkV4YvbjQrxBrEX60aLuicwr5j9icmcdqGWWibzvGqs6fjfsJmzkJ9k96BhREsuLXm5StibxXRoPEeA/640?wx_fmt=jpeg|http://mmbiz.qpic.cn/mmbiz_jpg/eLVqIvnPUdMRkV4YvbjQrxBrEX60aLuicbS7Ttib4ywv8aLXkHMV88kZFyGPIjoaKBiaarp9gfPY6FTlCSAF7rXDw/640?wx_fmt=jpeg|http://mmbiz.qpic.cn/mmbiz_jpg/eLVqIvnPUdMRkV4YvbjQrxBrEX60aLuicGgyWSPbPgxATz7YYYIRINIZ6YYrUYembC9xWwnIIQEzSx0ZCOLBGIw/640?wx_fmt=jpeg|http://mmbiz.qpic.cn/mmbiz_jpg/eLVqIvnPUdMRkV4YvbjQrxBrEX60aLuic0OUFgIdHZX7ug0YXNMktxMvDUXmTspPfBhYStxcBxL2oxDlqicjI9hQ/640?wx_fmt=jpeg|http://mmbiz.qpic.cn/mmbiz_jpg/eLVqIvnPUdMRkV4YvbjQrxBrEX60aLuicp7yUH36K7tAUM0QaaYHTt93FXpGnZnrNl0lib6X9zEHPxicnGHM35X8g/640?wx_fmt=jpeg|http://mmbiz.qpic.cn/mmbiz_jpg/eLVqIvnPUdMRkV4YvbjQrxBrEX60aLuic7Zdo1Rk5Esu4uxXUogCHguE51ccHibFulwtib9MmnKpcjsFdgLFVhWGg/640?wx_fmt=jpeg|http://mmbiz.qpic.cn/mmbiz_jpg/eLVqIvnPUdMRkV4YvbjQrxBrEX60aLuic8LovJOlFiaslWQBCwwHCslMtH8xL7cOia23Kbtu6fxaWY4BxAGjOKc0w/640?wx_fmt=jpeg|http://mmbiz.qpic.cn/mmbiz_jpg/eLVqIvnPUdMRkV4YvbjQrxBrEX60aLuicmhDoiacpcg9N82bicSZxEPgbrPaFibnYoJSQmHxibibWw33o0gXM3xlDD8g/640?wx_fmt=jpeg|http://mmbiz.qpic.cn/mmbiz_jpg/eLVqIvnPUdMRkV4YvbjQrxBrEX60aLuict6A4woop61rLaphZ4xOoZuRibf8ia4dicGfwuYKAbCIicuMSfgpTJcKlicg/640?wx_fmt=jpeg|http://mmbiz.qpic.cn/mmbiz_jpg/eLVqIvnPUdMRkV4YvbjQrxBrEX60aLuicicrgOtIJG9iayPNXCO9DAHFyhUibNcN6MVHiazRDUTaicZmbCplibs863IBw/640?wx_fmt=jpeg|http://mmbiz.qpic.cn/mmbiz_jpg/eLVqIvnPUdMRkV4YvbjQrxBrEX60aLuic17LzbDUu5WYso3ek6OBhB8D0LwmUiaqgGZrKOHSU6YicPaH5ibJicZbqmw/640?wx_fmt=jpeg|http://mmbiz.qpic.cn/mmbiz_jpg/eLVqIvnPUdMRkV4YvbjQrxBrEX60aLuicd7rWzf3uYKTZUtyBzvCUSS6gApYjzwbJ4r7yoIicWg7yVh2icetuib2mg/640?wx_fmt=jpeg|https://mmbiz.qpic.cn/mmbiz/kq8pAJ24g0qicaQ5JEDJeP9sADjYj4ncrdJrVY3tVffhzLtlsBY5SboAuHsxbO55rfXl28jXttknMCib1w4VIygA/640?wx_fmt=jpeg|https://mmbiz.qpic.cn/mmbiz_gif/VEubtBf1C3EsCqPNQM7yRsvNria2L3pauZlMzOLWDc5VXVrbeuM72A0UxSW8o8P53Vp9jzubPZDLXxlrA1PMCCg/640?wx_fmt=gif|http://mmbiz.qpic.cn/mmbiz/bfVs2pZKn9NbkwlIzHiaib6nPIqXNhhApvtUznHXdFNKQl3wiaKsaw86q81ZpwT1P1WrN3qOU5TW59vdw6HCCXbNA/640?wx_fmt=jpeg|https://mmbiz.qpic.cn/mmbiz_jpg/Rjse8l0D2qqPzJia1MF79FnPsjgpaugezfaftibxU3FGZmvW6D1iaTBUkJHyE3qmbASoR2yYsZzANBgPfjrZ3yEUQ/640?wx_fmt=jpeg|https://mmbiz.qpic.cn/mmbiz_jpg/Rjse8l0D2qqPzJia1MF79FnPsjgpaugez4XUw37snm3V5Ix10c2GiaawVL8iaWBtfgW5rO0micOialCgLhmuRtGzdRQ/640?wx_fmt=jpeg|https://mmbiz.qpic.cn/mmbiz_jpg/Rjse8l0D2qrZFL1KJBKhImkdGUBfGcOx5fegUlM3BZ6RuLmhxUCswdBTYXgmYM6PTDw0OnVT4cFBjiactrGUn8w/640?wx_fmt=jpeg|https://mmbiz.qpic.cn/mmbiz_jpg/Rjse8l0D2qrZFL1KJBKhImkdGUBfGcOx9XeHz4xHETq7KzvYpJkSXgD5ohEiaeYBMQ0sbGPh56ece0YLia6MUpbg/640?wx_fmt=jpeg|https://mmbiz.qpic.cn/mmbiz_jpg/Rjse8l0D2qqasDPlh5Pwibg23WlOjibxHtmuric0cjYS5PCcRdSE7MCRtSKW2xZroOvHqlv53iaa12ydd7yEYiaZ40Q/640?wx_fmt=jpeg|https://mmbiz.qpic.cn/mmbiz_jpg/Rjse8l0D2qqahuZCxAFwVkVWJEicxmHApezdPibEictW2neU3ziaIcWTvFicXfKCBicndY0wj4UKbEN6bruyEu0ic0HuQ/640?wx_fmt=jpeg|https://res.wx.qq.com/mpres/htmledition/images/icon/common/emotion_panel/emoji_wx/2_06.png|https://mmbiz.qpic.cn/mmbiz_jpg/Rjse8l0D2qqPzJia1MF79FnPsjgpaugezpMKoH4KxTxgsuvSWF25bNfia4zRxQuSVYWBOzLrBgYicMdAGMIDUbZBg/640?wx_fmt=jpeg|https://mmbiz.qpic.cn/mmbiz_jpg/Rjse8l0D2qqPzJia1MF79FnPsjgpaugezOnibXrvlMsYmWXQnSkjXzj2Q9e2qZ9jYvmuH84HMa2ibj8Z9qmyziaXibw/640?wx_fmt=jpeg|https://mmbiz.qpic.cn/mmbiz_gif/Rjse8l0D2qqPzJia1MF79FnPsjgpaugezZ6iaUFsQKpM5X7CCvdeOib9YR2k1JtjnjBOYX1cjCGbXTTxA37HBG77A/640?wx_fmt=gif]]></image>
</data>
