<data>
  <id><![CDATA[67630480]]></id>
  <url><![CDATA[https://mp.weixin.qq.com/s?timestamp=1542253459&src=3&ver=1&signature=t1tQuhfvgeQkNOJJwpbIKHaUO7dnlZN*2zccNGRqXkkAdpqT5f-W*psGkEJKp2Oxij0XlxjfQqdUSsdjhUR87GJwai78cCodQv4kJREb9O6vgK7gWWAsWBqPDD7Zjmja5KL1HC8NRJnTMBYf4b1SPhn*FzILa9AjO5x1XlYh04c=]]></url>
  <title><![CDATA[旅行青蛙：还不是为了，在家多陪你一会......]]></title>
  <content><![CDATA[]]></content>
  <author><![CDATA[小猪漫游]]></author>
  <time>2018-11-06 20:32:54</time>
  <account><![CDATA[littlepig_travel]]></account>
  <image><![CDATA[https://mmbiz.qpic.cn/mmbiz_jpg/U4u2XHtIkkr6lXDK2TqlIQB5oHQgV8uat7otV88DiaZ51cSXE1Xec0kbdD1HWxInqDxy3fuj79s544cfCBL86Qg/640?wx_fmt=jpeg]]></image>
</data>
