<data>
  <id><![CDATA[67630480]]></id>
  <url><![CDATA[https://mp.weixin.qq.com/s?timestamp=1542253459&src=3&ver=1&signature=t1tQuhfvgeQkNOJJwpbIKHaUO7dnlZN*2zccNGRqXkkAdpqT5f-W*psGkEJKp2Oxij0XlxjfQqdUSsdjhUR87Nu1yVHzDtYYz77Hp9r-lg1*Rxy1H3SUMoCSxUH8aBVNI8943cC0E87991k054ej6S*8WFODAC7ZSggmrRwCFdA=]]></url>
  <title><![CDATA[值得拥有的是....]]></title>
  <content><![CDATA[小猪漫游乡村漫游第一平台你是否心动了？想要抱一套回家扫描下方二维码下载小猪漫游APP进入商城即可购买点击图片即刻阅读乡村旅游 找小猪漫游拨打小猪热线 400-100-6897 订制团队游下载小猪漫游APP，注册即送8.8积分，成为小猪家人可以免费参加小猪超值课程套餐：1:国学，2:茶道，3:花道，4:养生（太极，瑜伽），5:香道，6:摄影，7:手作DIY，8:甜品，9:古典音乐，10:养车之道。超值享受就在成为小猪家人，不要犹豫啦 即可扫码抢注！——如果喜欢，请分享给你的朋友吧——文章编辑：大米和小猪声明：转载请注明出处版权归原作者所有，如有侵权请联系我们]]></content>
  <author><![CDATA[小猪漫游]]></author>
  <time>2018-11-08 21:04:19</time>
  <account><![CDATA[littlepig_travel]]></account>
  <image><![CDATA[https://mmbiz.qpic.cn/mmbiz_png/Rjse8l0D2qqahuZCxAFwVkVWJEicxmHApuC63ZQia0TCsPrFRjSvRcgNZFvkcEyzLPSDSLbXQ4XvHz8vDicAeSsaA/640?wx_fmt=png|https://mmbiz.qpic.cn/mmbiz_jpg/Rjse8l0D2qrHaTZ0SS95Et5LMCr4CC7VKLClltERktfuS5ZoEUDqhrtwovfscynwQ2E5RIib1Wicdd8NTxtvibZXw/640?wx_fmt=jpeg|https://mmbiz.qpic.cn/mmbiz_png/Rjse8l0D2qqsCE41owgje1eEUfxRXYxu1Gvicd5HkvewJSHCWJkOgDJJ4yr1zibxhIHKmogzOCwCYEvicFib73BtEw/640?wx_fmt=png|https://mmbiz.qpic.cn/mmbiz_png/Rjse8l0D2qqsCE41owgje1eEUfxRXYxurhRibx4XTHo6rsGVwXSEicmPj8RGrnT4n8cLvOiaN10icSFWF5RiczwGC4A/640?wx_fmt=png|https://mmbiz.qpic.cn/mmbiz_png/Rjse8l0D2qqsCE41owgje1eEUfxRXYxuhZxrpSKrKqaUVZsRncO0d7aanXFpaZsFRrjGz40acmm79N7EPOy3Rw/640?wx_fmt=png|https://mmbiz.qpic.cn/mmbiz_png/Rjse8l0D2qqsCE41owgje1eEUfxRXYxuEvCPbGMZCiaYvdcOWajf2lAXea7qgDhBkeT4jRXHLz6WvkSPYECz9WA/640?wx_fmt=png|https://mmbiz.qpic.cn/mmbiz_png/Rjse8l0D2qqsCE41owgje1eEUfxRXYxuvpicpETXSwZkrK60s8AcCukxiaticT0fyz4x0qh8A8nObDiaVG9KQCQsPg/640?wx_fmt=png|https://mmbiz.qpic.cn/mmbiz_png/Rjse8l0D2qqsCE41owgje1eEUfxRXYxunHMRelMBwSCsCLNVRXLG2HG9PLnxe2u2Lbrqgf7RyNjP5dEfQuC4fQ/640?wx_fmt=png|https://mmbiz.qpic.cn/mmbiz_png/Rjse8l0D2qqsCE41owgje1eEUfxRXYxuhcBVps9MpwZBG2VeSN4wSqQrCFjBricuKmI7v2aeJCtvDTPT0xfnzNg/640?wx_fmt=png|https://mmbiz.qpic.cn/mmbiz_png/Rjse8l0D2qqsCE41owgje1eEUfxRXYxuG3TV2oKs6J8scsfKIkqmrl3fK5G7fNWb5ZbibsSQTULcCNicWkC83uOQ/640?wx_fmt=png|https://mmbiz.qpic.cn/mmbiz_png/Rjse8l0D2qqsCE41owgje1eEUfxRXYxuiaAn21oXhrGiarPCjr4CEwwltxrc8MzwkfBhtp4vNWtHKnAKqp01TpYw/640?wx_fmt=png|https://mmbiz.qpic.cn/mmbiz_png/Rjse8l0D2qqsCE41owgje1eEUfxRXYxu2VFbictZa9nn6VlgwUib7WPUO91LnnP51B7gFD3ZCBAEIhXIGfSrQmpQ/640?wx_fmt=png|https://mmbiz.qpic.cn/mmbiz_png/Rjse8l0D2qqsCE41owgje1eEUfxRXYxuM7USHM1CKVq8ZFzUjcnmbg0IM9pkELjnfVyWam9hvQnyrcukMwqBaA/640?wx_fmt=png|https://mmbiz.qpic.cn/mmbiz_png/Rjse8l0D2qqsCE41owgje1eEUfxRXYxuPgRVibfBsCBZE2piaibicDENWLoshU8JmAf51KLWlPnoTItqLPNYbZZPXQ/640?wx_fmt=png|https://mmbiz.qpic.cn/mmbiz_png/Rjse8l0D2qqsCE41owgje1eEUfxRXYxuiawYuGzdIs9eibfcczYOc2Hoe3dDQqtS4xv6ibcpWjOrhCxnO6qLzibI5w/640?wx_fmt=png|https://mmbiz.qpic.cn/mmbiz_png/Rjse8l0D2qqsCE41owgje1eEUfxRXYxuDIzrdgVKrtTQZJIPHHyAGiczAkOic8hwjyVTRXI78ByMAog5qdHZetlA/640?wx_fmt=png|https://mmbiz.qpic.cn/mmbiz_png/Rjse8l0D2qqsCE41owgje1eEUfxRXYxu2QkxPQoY8c8F9eJU9etlPibuLIeeIPHlmYMt8VTUcRIZwibz5c16zib0Q/640?wx_fmt=png|https://mmbiz.qpic.cn/mmbiz_png/Rjse8l0D2qqsCE41owgje1eEUfxRXYxuhtJ8VaFyJ4EZc6LqGnydAbBsjRF0DajfsVicota3azrzCcddZLh2S4Q/640?wx_fmt=png|https://mmbiz.qpic.cn/mmbiz_png/Rjse8l0D2qqsCE41owgje1eEUfxRXYxuqzWFg7yuibqPcUL3CVoqlEMRSPbzNo4Nk221mY440pAfVXKHGw8FicTA/640?wx_fmt=png|https://mmbiz.qpic.cn/mmbiz_png/Rjse8l0D2qqsCE41owgje1eEUfxRXYxuAiaxqRS8SO2UDrr6YncgXb6h8EqtKvYf4u38E4Wb0OCg2m0pNMeD0Eg/640?wx_fmt=png|https://mmbiz.qpic.cn/mmbiz_jpg/Rjse8l0D2qqPzJia1MF79FnPsjgpaugezpMKoH4KxTxgsuvSWF25bNfia4zRxQuSVYWBOzLrBgYicMdAGMIDUbZBg/640?wx_fmt=jpeg|http://mmbiz.qpic.cn/mmbiz/bfVs2pZKn9NbkwlIzHiaib6nPIqXNhhApvtUznHXdFNKQl3wiaKsaw86q81ZpwT1P1WrN3qOU5TW59vdw6HCCXbNA/640?wx_fmt=jpeg|https://mmbiz.qpic.cn/mmbiz_jpg/Rjse8l0D2qqPzJia1MF79FnPsjgpaugezfaftibxU3FGZmvW6D1iaTBUkJHyE3qmbASoR2yYsZzANBgPfjrZ3yEUQ/640?wx_fmt=jpeg|https://mmbiz.qpic.cn/mmbiz_jpg/Rjse8l0D2qqPzJia1MF79FnPsjgpaugez4XUw37snm3V5Ix10c2GiaawVL8iaWBtfgW5rO0micOialCgLhmuRtGzdRQ/640?wx_fmt=jpeg|https://mmbiz.qpic.cn/mmbiz_jpg/Rjse8l0D2qrZFL1KJBKhImkdGUBfGcOx5fegUlM3BZ6RuLmhxUCswdBTYXgmYM6PTDw0OnVT4cFBjiactrGUn8w/640?wx_fmt=jpeg|https://mmbiz.qpic.cn/mmbiz_jpg/Rjse8l0D2qrZFL1KJBKhImkdGUBfGcOx9XeHz4xHETq7KzvYpJkSXgD5ohEiaeYBMQ0sbGPh56ece0YLia6MUpbg/640?wx_fmt=jpeg|https://mmbiz.qpic.cn/mmbiz_jpg/Rjse8l0D2qqasDPlh5Pwibg23WlOjibxHtmuric0cjYS5PCcRdSE7MCRtSKW2xZroOvHqlv53iaa12ydd7yEYiaZ40Q/640?wx_fmt=jpeg|https://mmbiz.qpic.cn/mmbiz_jpg/Rjse8l0D2qqahuZCxAFwVkVWJEicxmHApezdPibEictW2neU3ziaIcWTvFicXfKCBicndY0wj4UKbEN6bruyEu0ic0HuQ/640?wx_fmt=jpeg|https://res.wx.qq.com/mpres/htmledition/images/icon/common/emotion_panel/emoji_wx/2_06.png|https://mmbiz.qpic.cn/mmbiz_jpg/Rjse8l0D2qqPzJia1MF79FnPsjgpaugezpMKoH4KxTxgsuvSWF25bNfia4zRxQuSVYWBOzLrBgYicMdAGMIDUbZBg/640?wx_fmt=jpeg|https://mmbiz.qpic.cn/mmbiz_jpg/Rjse8l0D2qqPzJia1MF79FnPsjgpaugezOnibXrvlMsYmWXQnSkjXzj2Q9e2qZ9jYvmuH84HMa2ibj8Z9qmyziaXibw/640?wx_fmt=jpeg|https://mmbiz.qpic.cn/mmbiz_gif/Rjse8l0D2qqPzJia1MF79FnPsjgpaugezZ6iaUFsQKpM5X7CCvdeOib9YR2k1JtjnjBOYX1cjCGbXTTxA37HBG77A/640?wx_fmt=gif]]></image>
</data>
