<data>
  <id><![CDATA[67630480]]></id>
  <url><![CDATA[https://mp.weixin.qq.com/s?timestamp=1542253459&src=3&ver=1&signature=t1tQuhfvgeQkNOJJwpbIKHaUO7dnlZN*2zccNGRqXkkAdpqT5f-W*psGkEJKp2Oxij0XlxjfQqdUSsdjhUR87N3a*4Mf40poNA9eysyZWEz3Ae-VavZHlbMNU34tKcv4oULXIYDhoBo37UwS*v7fWQjVu4rgHXYbdY3aT6K4-Ws=]]></url>
  <title><![CDATA[立冬养生，重在“藏养”]]></title>
  <content><![CDATA[小猪漫游乡村漫游第一平台《月令七十二候集解》:“立，建始也，冬，终也，万物收藏也。”意思是说秋季作物全部收晒完毕，收藏入库，动物也已藏起来准备冬眠。立冬，预示着冬季的开始。中医学认为，这一节气的到来是阳气潜藏，阴气盛极，草木凋零，蛰虫伏藏，万物活动趋向休止，以冬眠状态，养精蓄锐，为来春生机勃发作准备。此时，对人体而言，新陈代谢也处于相对缓慢的水平，易引发冠心病、高血压、慢性阻塞性肺病以及关节炎疾病的发作。专家建议，冬季养生要顺应自然，避寒就温、保护阳气。起居调养应以“藏养”为主，建议早睡晚起，饮食上多吃滋阴的食物，可以开始适当进补。立冬养生重在“藏养”1情绪调养：学会调摄情绪“藏”的意思是人在冬季要保持精神安静。遇到不顺心的事情，要学会调控不良情绪，可通过适当方式发泄出来，以保持心态平和。同时，要多晒太阳。因为冬季光照时间短，也是情绪抑郁的一个原因。2起居调养：早睡晚起，保证充足的睡眠尽量早睡。夜里不要睡得太晚，晚易伤胆，易患抑郁症。起床最好在太阳出来以后，此时起床，则头脑清醒。中医认为“寒为阴邪，常伤阳气”，人体如果没有阳气，将失去新陈代谢的活力。而阳气对老人来说尤为重要，所以，立冬后的起居调养切记“藏养”阳气。保证充足的睡眠，有利于阳气潜藏。3起居调养：注重防寒冬季防寒非常重要，尤其要注意背、足的保暖。中医认为背部是人体足太阳膀胱经循行的主要部位。对于老人、儿童和患有胃及十二肠溃疡以及心脑血管疾病的人来说，暖背尤为重要。背部保暖方法很简单，只要穿一件贴身的棉（鸭绒）背心就好。中医认为足底穴位与内脏关系密切，如果足部受凉可引起感冒、腹痛、腰腿痛、痛经等疾患，要注意足部保暖防寒，以防“寒从脚底生”。每晚睡前用可用温水泡脚，能消除疲劳，御寒防冻，促进睡眠。4饮食调养：滋阴为主，合理进补立冬偏食咸、温、酸中医认为冬季对应人体的“肾”，而五味中的咸入肾，冬季宜适量多食咸味食品，如海带、紫菜、海蜇等。此外，冬季应多食温热护阳之品，以抵御寒冷，如多食羊肉、狗肉、牛肉等，还可多吃桂圆、胡桃肉、核桃、栗子、大枣、山药、木耳等。少辛增酸防疾病，初冬时节是心血管病的高发期，这个时候要多吃清润甘酸的食物，不宜多吃麻辣类的火锅。比如饮食中适当多吃些醋，能起到软化血管、预防心血管病的发生。当然，蔬菜也不可缺少，此时应多食用甘薯、土豆、大白菜、圆白菜、红萝卜、白萝卜、胡萝卜、黄豆芽、绿豆芽、青菜等应季蔬菜，以补充人体多种维生素的需要。不宜盲目进补民谚有：“冬季进补，上山打虎”的说法。立冬补冬，也不可盲目“进补”。 立冬进“补”要因人而异。人有男女老幼之别，体(体质)有虚实寒热之辨，中医养生原则应该是：少年重养、中年重调、老年重保。进补还要注重区域之分：南方清补、北方温补、高原润补。膏方是一种适合在冬季服用，具有营养滋补和预防治疗综合作用的一种传统中药制剂。进补膏方好处虽多，但不是每个人都需要进补，使用什么药物进补，都需要在专业的中医师指导下使用。膏方比较适合四类人群：慢性疾病致全身虚弱的患者、大病或久病的康复患者、亚健康状态者、体质偏颇明显，要求增强体质者。民间谚语有云：立冬补冬，补嘴空。南方人立冬会吃鸡鸭鱼肉，北方人则有立冬吃饺子的习俗。5运动调养：锻炼宜适度，避免大汗淋漓俗话说：“冬天动一动，少闹一场病；冬天懒一懒，多喝药一碗。” 冬季锻炼不可少，适量的运动可增强身体抵抗力来抵挡疾病的侵袭。但运动不宜大汗淋漓。冬季运动要注意“冬藏”，大汗过多，冷风一吹，容易受凉、感冒。冬季运动要注意防寒保暖，把握好度，运动量应由小到大，逐渐增加，尤其是跑步。来源 / 杭州市红会医院、杭州市第一人民医院点击图片即刻阅读乡村旅游 找小猪漫游拨打小猪热线 400-100-6897 订制团队游下载小猪漫游APP，注册即送8.8积分，成为小猪家人可以免费参加小猪超值课程套餐：1:国学，2:茶道，3:花道，4:养生（太极，瑜伽），5:香道，6:摄影，7:手作DIY，8:甜品，9:古典音乐，10:养车之道。超值享受就在成为小猪家人，不要犹豫啦 即可扫码抢注！——如果喜欢，请分享给你的朋友吧——资料来源：网络搜集声明：转载请注明出处版权归原作者所有，如有侵权请联系我们]]></content>
  <author><![CDATA[小猪漫游]]></author>
  <time>2018-11-07 20:46:35</time>
  <account><![CDATA[littlepig_travel]]></account>
  <image><![CDATA[https://mmbiz.qpic.cn/mmbiz_png/Rjse8l0D2qqahuZCxAFwVkVWJEicxmHApuC63ZQia0TCsPrFRjSvRcgNZFvkcEyzLPSDSLbXQ4XvHz8vDicAeSsaA/640?wx_fmt=png|https://mmbiz.qpic.cn/mmbiz_jpg/Rjse8l0D2qrHaTZ0SS95Et5LMCr4CC7VKLClltERktfuS5ZoEUDqhrtwovfscynwQ2E5RIib1Wicdd8NTxtvibZXw/640?wx_fmt=jpeg|https://mmbiz.qpic.cn/mmbiz_jpg/eU5rUvC4Fmz4c3VqudJoA1vkXNbq84WpV4wwthx6rEWtIIIiaSEtXGClmKb0QBtyAucRO6EleZG19Pn8sYyTDBA/640?wx_fmt=jpegwebp|https://mmbiz.qpic.cn/mmbiz_jpg/OrZEHpibmCrKoeRfOokcbdlNVgSsgIGEvYxnRnovFpPbF0YKpr1I6v4Sy3mYbpvGhmPfaW9QspV9VLkZ197yGDw/640?wx_fmt=jpegwebp|https://mmbiz.qpic.cn/mmbiz_gif/O5iccsNNMPbMiaU7ibSXYAuSWDuJRbkqArS8ibBCLYib0S2EXmB8kcsyCe5sdqWIshpgd1x1vAsgJhqRYfAr1nLCiaTA/640?wx_fmt=gif|https://mmbiz.qpic.cn/mmbiz_jpg/O5iccsNNMPbMiaU7ibSXYAuSWDuJRbkqArSlo8swTlEAxKocKkBAYFvIKJ0dRHLibXXMLzQ2JicxSdap0z0ZvTOt9kw/640?wx_fmt=jpeg|https://mmbiz.qpic.cn/mmbiz_gif/O5iccsNNMPbMiaU7ibSXYAuSWDuJRbkqArSGj8iaL6uszwia0Zx0LxkrJObdm2WwprNv41aia5FYGeJRtlfQN4NichicTQ/640?wx_fmt=gif|https://mmbiz.qpic.cn/mmbiz_gif/O5iccsNNMPbMiaU7ibSXYAuSWDuJRbkqArSbgBjEzcMEKjia0YKg2UzuKWYFDb6jAou1pEgL8xb34IoZMB8jhZ6coA/640?wx_fmt=gif|https://mmbiz.qpic.cn/mmbiz_jpg/T8mZgzueI1z0dEXJyTNQqsn0ahzQc1fyz5KOUTBS9XFydd1CibcMPpHnhpmg0NejWhT23qCpn0icVLHYxqfuH0zw/640?wx_fmt=jpegwebp|https://mmbiz.qpic.cn/mmbiz_gif/O5iccsNNMPbMiaU7ibSXYAuSWDuJRbkqArSj46WZceibKUVUodIIN7AibicvNts1XCUia058DPpXbeDaXINpS6icyMCpEw/640?wx_fmt=gif|http://mmbiz.qpic.cn/mmbiz/bfVs2pZKn9NbkwlIzHiaib6nPIqXNhhApvtUznHXdFNKQl3wiaKsaw86q81ZpwT1P1WrN3qOU5TW59vdw6HCCXbNA/640?wx_fmt=jpeg|https://mmbiz.qpic.cn/mmbiz_jpg/Rjse8l0D2qqPzJia1MF79FnPsjgpaugezfaftibxU3FGZmvW6D1iaTBUkJHyE3qmbASoR2yYsZzANBgPfjrZ3yEUQ/640?wx_fmt=jpeg|https://mmbiz.qpic.cn/mmbiz_jpg/Rjse8l0D2qqPzJia1MF79FnPsjgpaugez4XUw37snm3V5Ix10c2GiaawVL8iaWBtfgW5rO0micOialCgLhmuRtGzdRQ/640?wx_fmt=jpeg|https://mmbiz.qpic.cn/mmbiz_jpg/Rjse8l0D2qrZFL1KJBKhImkdGUBfGcOx5fegUlM3BZ6RuLmhxUCswdBTYXgmYM6PTDw0OnVT4cFBjiactrGUn8w/640?wx_fmt=jpeg|https://mmbiz.qpic.cn/mmbiz_jpg/Rjse8l0D2qrZFL1KJBKhImkdGUBfGcOx9XeHz4xHETq7KzvYpJkSXgD5ohEiaeYBMQ0sbGPh56ece0YLia6MUpbg/640?wx_fmt=jpeg|https://mmbiz.qpic.cn/mmbiz_jpg/Rjse8l0D2qqasDPlh5Pwibg23WlOjibxHtmuric0cjYS5PCcRdSE7MCRtSKW2xZroOvHqlv53iaa12ydd7yEYiaZ40Q/640?wx_fmt=jpeg|https://mmbiz.qpic.cn/mmbiz_jpg/Rjse8l0D2qqahuZCxAFwVkVWJEicxmHApezdPibEictW2neU3ziaIcWTvFicXfKCBicndY0wj4UKbEN6bruyEu0ic0HuQ/640?wx_fmt=jpeg|https://res.wx.qq.com/mpres/htmledition/images/icon/common/emotion_panel/emoji_wx/2_06.png|https://mmbiz.qpic.cn/mmbiz_jpg/Rjse8l0D2qqPzJia1MF79FnPsjgpaugezpMKoH4KxTxgsuvSWF25bNfia4zRxQuSVYWBOzLrBgYicMdAGMIDUbZBg/640?wx_fmt=jpeg|https://mmbiz.qpic.cn/mmbiz_jpg/Rjse8l0D2qqPzJia1MF79FnPsjgpaugezOnibXrvlMsYmWXQnSkjXzj2Q9e2qZ9jYvmuH84HMa2ibj8Z9qmyziaXibw/640?wx_fmt=jpeg|https://mmbiz.qpic.cn/mmbiz_gif/Rjse8l0D2qqPzJia1MF79FnPsjgpaugezZ6iaUFsQKpM5X7CCvdeOib9YR2k1JtjnjBOYX1cjCGbXTTxA37HBG77A/640?wx_fmt=gif]]></image>
</data>
