<data>
  <id><![CDATA[67630480]]></id>
  <url><![CDATA[https://mp.weixin.qq.com/s?timestamp=1542253459&src=3&ver=1&signature=t1tQuhfvgeQkNOJJwpbIKHaUO7dnlZN*2zccNGRqXkkAdpqT5f-W*psGkEJKp2Oxij0XlxjfQqdUSsdjhUR87JUV5SwG2ZiruS9y6K1iustxEvpSt6ITBS88yxm-wdzNIaEC7oZtYVZ5DfXFs6Ci9t6Tf8ZDgg7D7mKTr51aFpg=]]></url>
  <title><![CDATA[秋，就要走了]]></title>
  <content><![CDATA[小猪漫游乡村漫游第一平台秋说我就要走了你为什么不挽留我呢我来不及回答我悄悄躲在秋的深处织一件秋的毛衣用一缕甜蜜的希望感谢春天用一缕炙热的情怀回报夏天用一缕诚挚的厚爱拥抱秋天再用一缕纯净的心灵温暖冬天我留不住秋的脚步但可以把我的依恋套在秋的身上我把毛衣留下一个线头缠住我的手指这样不管秋走多远她都走不出我的牵绊这样就算秋走进了冬天那个白色的世界里依然有我的秋天秋说我就要走了你没有什么话对我说吗我来不及回答我悄悄躲在秋的深处捡拾着秋的诗句把一瓣荷香写满热爱留给夏天把一片叶子描成金色送给秋天把一滴细雨点做标点等着春天再把一场细雪画成一幅画递给冬天我留不住秋天的脚步但可以把我的依恋写成情书送给秋天这样不管秋走多远她也走不出我的诗篇这样就算秋走进了冬天我的掌心里依然有我的秋天秋说我就要走了你没有礼物送我吗我来不及回答我悄悄躲在秋的深处临摹着秋的的容颜画一片红叶是开在秋天的花画一粒种子是落进春天的梦画一道彩虹是连接夏天的桥我留不住秋天的脚步但可以把我的心情晕染成一幅画把她铺在未来的小路上这样不管秋走多远她也走不出我的视线这样就算秋走进了冬天记忆的画面上依然是我的秋天秋你走或不走我们都不会忘记你秋你在或不在我们都热爱着你秋你留或不留我们都等着你点击图片即刻阅读乡村旅游 找小猪漫游拨打小猪热线 400-100-6897 订制团队游下载小猪漫游APP，注册即送8.8积分，成为小猪家人可以免费参加小猪超值课程套餐：1:国学，2:茶道，3:花道，4:养生（太极，瑜伽），5:香道，6:摄影，7:手作DIY，8:甜品，9:古典音乐，10:养车之道。超值享受就在成为小猪家人，不要犹豫啦 即可扫码抢注！——如果喜欢，请分享给你的朋友吧——资料来源：网络搜集声明：转载请注明出处版权归原作者所有，如有侵权请联系我们]]></content>
  <author><![CDATA[小猪漫游]]></author>
  <time>2018-11-02 21:32:30</time>
  <account><![CDATA[littlepig_travel]]></account>
  <image><![CDATA[https://mmbiz.qpic.cn/mmbiz_png/Rjse8l0D2qqahuZCxAFwVkVWJEicxmHApuC63ZQia0TCsPrFRjSvRcgNZFvkcEyzLPSDSLbXQ4XvHz8vDicAeSsaA/640?wx_fmt=png|https://mmbiz.qpic.cn/mmbiz_jpg/Rjse8l0D2qrHaTZ0SS95Et5LMCr4CC7VKLClltERktfuS5ZoEUDqhrtwovfscynwQ2E5RIib1Wicdd8NTxtvibZXw/640?wx_fmt=jpeg|https://mmbiz.qpic.cn/mmbiz_gif/aPYYtBNAC62UOT6fe2CnRa0RoVwcEvI4iaxCEsiaFrEKNyia59KfgMeUia6W9huNuRskqPoXHUnruJOjicibRIrvdUVQ/640?wx_fmt=gif|https://mmbiz.qpic.cn/mmbiz_gif/aPYYtBNAC62UOT6fe2CnRa0RoVwcEvI46mWWCvjnQtWMrGkrXzKJ8fBt2Xqwsu785UjibvXUeh9VTchZ6LNQvibA/640?wx_fmt=gif|https://mmbiz.qpic.cn/mmbiz_gif/aPYYtBNAC62UOT6fe2CnRa0RoVwcEvI4H8VDz9aE770F0TrVQsE1fDlwBtaGx3LBMk5aOv3LjMkhhBwic17Lmxw/640?wx_fmt=gif|https://mmbiz.qpic.cn/mmbiz_gif/aPYYtBNAC62UOT6fe2CnRa0RoVwcEvI4gWxUt00dF2ljj8nU3zNEpmIZP9Dhf3FzGSEyWXMlOJ0icxMvhKY2mzg/640?wx_fmt=gif|http://mmbiz.qpic.cn/mmbiz/bfVs2pZKn9NbkwlIzHiaib6nPIqXNhhApvtUznHXdFNKQl3wiaKsaw86q81ZpwT1P1WrN3qOU5TW59vdw6HCCXbNA/640?wx_fmt=jpeg|https://mmbiz.qpic.cn/mmbiz_jpg/Rjse8l0D2qqPzJia1MF79FnPsjgpaugezfaftibxU3FGZmvW6D1iaTBUkJHyE3qmbASoR2yYsZzANBgPfjrZ3yEUQ/640?wx_fmt=jpeg|https://mmbiz.qpic.cn/mmbiz_jpg/Rjse8l0D2qqPzJia1MF79FnPsjgpaugez4XUw37snm3V5Ix10c2GiaawVL8iaWBtfgW5rO0micOialCgLhmuRtGzdRQ/640?wx_fmt=jpeg|https://mmbiz.qpic.cn/mmbiz_jpg/Rjse8l0D2qrZFL1KJBKhImkdGUBfGcOx5fegUlM3BZ6RuLmhxUCswdBTYXgmYM6PTDw0OnVT4cFBjiactrGUn8w/640?wx_fmt=jpeg|https://mmbiz.qpic.cn/mmbiz_jpg/Rjse8l0D2qrZFL1KJBKhImkdGUBfGcOx9XeHz4xHETq7KzvYpJkSXgD5ohEiaeYBMQ0sbGPh56ece0YLia6MUpbg/640?wx_fmt=jpeg|https://mmbiz.qpic.cn/mmbiz_jpg/Rjse8l0D2qqasDPlh5Pwibg23WlOjibxHtmuric0cjYS5PCcRdSE7MCRtSKW2xZroOvHqlv53iaa12ydd7yEYiaZ40Q/640?wx_fmt=jpeg|https://mmbiz.qpic.cn/mmbiz_jpg/Rjse8l0D2qqahuZCxAFwVkVWJEicxmHApezdPibEictW2neU3ziaIcWTvFicXfKCBicndY0wj4UKbEN6bruyEu0ic0HuQ/640?wx_fmt=jpeg|https://res.wx.qq.com/mpres/htmledition/images/icon/common/emotion_panel/emoji_wx/2_06.png|https://mmbiz.qpic.cn/mmbiz_jpg/Rjse8l0D2qqPzJia1MF79FnPsjgpaugezpMKoH4KxTxgsuvSWF25bNfia4zRxQuSVYWBOzLrBgYicMdAGMIDUbZBg/640?wx_fmt=jpeg|https://mmbiz.qpic.cn/mmbiz_jpg/Rjse8l0D2qqPzJia1MF79FnPsjgpaugezOnibXrvlMsYmWXQnSkjXzj2Q9e2qZ9jYvmuH84HMa2ibj8Z9qmyziaXibw/640?wx_fmt=jpeg|https://mmbiz.qpic.cn/mmbiz_gif/Rjse8l0D2qqPzJia1MF79FnPsjgpaugezZ6iaUFsQKpM5X7CCvdeOib9YR2k1JtjnjBOYX1cjCGbXTTxA37HBG77A/640?wx_fmt=gif]]></image>
</data>
