<data>
  <id><![CDATA[67630480]]></id>
  <url><![CDATA[https://mp.weixin.qq.com/s?timestamp=1542253459&src=3&ver=1&signature=t1tQuhfvgeQkNOJJwpbIKHaUO7dnlZN*2zccNGRqXkkAdpqT5f-W*psGkEJKp2Oxij0XlxjfQqdUSsdjhUR87No4fnDny1wUYvhO2pUYIEqFj8lQCesfqrafQefGyZS-6Q46Lz8VIQIRNylewC5lTJXcahKYywKT5SfprgWlbK4=]]></url>
  <title><![CDATA[龙泉这个村做这个东西上了电视纪录片！美食大片《风味人间》]]></title>
  <content><![CDATA[小猪漫游乡村漫游第一平台《舌尖上的中国》应该是过去几年大家印象最深刻的美食记录片了！时隔多年，陈晓卿团队再度推出全新美食探索纪录片《风味人间》。刚一推出便好评如潮，掀起了一股全民的美食热。11月4日晚播出的第二集中，龙泉李山头村的灰碱粽成为了《落地生根》篇精彩的压轴美食。这集51分钟时长的影片，介绍李山头村的美食和传统文化就用了10分钟。影片从李山头村村民张太保的视角切入，讲述了当地一个重要节日——农历六月二十一的迎神节。节日里，村民制作一种特殊的没有“馅儿”的灰碱粽。除了清香逸人的灰碱粽，影片还展示了龙泉山区延续千年的传统农耕文化。影片用唯美的镜头和细腻的笔触，展现了古朴农耕文化的独特魅力。丨龙泉李山头的灰碱粽。来源：《风味人间》风味独特的灰碱粽中国粽子历史悠久、包罗万象，在浙江，各地的粽子也各有千秋。嘉兴的“五芳斋”、湖州的“猪油细沙粽”、金华的“火腿粽”、衢州的“辣粽”……各具地方特色。但对于龙泉人来说，许多人心里惦记的，还是那清清爽爽的灰碱粽，细腻爽滑，那是来自乡野的清香。丨包粽子。来源：《风味人间》灰碱粽选料精良，制作考究。粽叶选用原始生态林区中野生阔叶箬叶，其叶片厚薄适中，柔韧性强，清香度高。丨摘箬叶。来源：《风味人间》接下来，就是灰碱粽与众不同的地方——烧灰碱、泡灰碱。丨烧灰碱。来源：《风味人间》丨获取灰碱水。来源：《风味人间》上山，收集牡荆树的枝条。燃烧之后，这些灰烬中含有大量的碳酸钾。用热水反复过滤，获得的碳酸钾水溶液就是灰碱水，一种原始的食用碱。丨用灰碱水浸泡糯米。来源：《风味人间》用灰碱水浸泡一夜，淀粉分子舒展，保水力增强，抑菌防腐，粽子可以保存更久。煮透的灰碱粽可以在自然环境下储存一个来月。丨包粽子。来源：《风味人间》包裹好的粽子用棕榈丝系好，然后5只或10只系成一扎。一串串放入大锅，长时间慢煮。等到出锅细细的米粒已浑然一体，剥开箬叶后粽子个个黄澄澄、晶莹剔透。粽子散发着箬叶和碱水的清香，令人垂涎三尺。丨煮粽子。来源：《风味人间》丨煮熟的粽子。来源：《风味人间》丨没有“馅儿”的灰碱粽沾着吃。来源：《风味人间》丨灰碱粽，真好吃！来源：《风味人间》千年古村落——李山头村说完美食，顺便给大家说说片子里美丽的小山村。千年历史的传统古村落——李山头村，镶嵌在浙江十大山峰––八面山山脚下。这里四面环山，且山出有名。山上有历代风水林，古色古香，分布集中，且依山势而建，布局自然、错落有致。丨禹王庙。来源：《风味人间》村里有保存完整的大清同治年间重建的禹王庙，庙前千年古树成群。最具特色的是千亩连成一片的梯田，线条优美、弯曲有形，已经成了当地发展乡村旅游的“金名片”。丨李山头村的梯田。来源：浙江新闻客户端美食+美景，让陈大导演不能拒绝，搬上了荧屏。其实，丽水的美食、美景还有很多很多。不知道《风味人间》后面的片子里还会不会出现丽水的美食？让我们大家一起期待吧……来源：浙里丽水点击图片即刻阅读乡村旅游 找小猪漫游拨打小猪热线 400-100-6897 订制团队游下载小猪漫游APP，注册即送8.8积分，成为小猪家人可以免费参加小猪超值课程套餐：1:国学，2:茶道，3:花道，4:养生（太极，瑜伽），5:香道，6:摄影，7:手作DIY，8:甜品，9:古典音乐，10:养车之道。超值享受就在成为小猪家人，不要犹豫啦 即可扫码抢注！——如果喜欢，请分享给你的朋友吧——资料来源：网络搜集声明：转载请注明出处版权归原作者所有，如有侵权请联系我们]]></content>
  <author><![CDATA[小猪漫游]]></author>
  <time>2018-11-05 21:10:15</time>
  <account><![CDATA[littlepig_travel]]></account>
  <image><![CDATA[https://mmbiz.qpic.cn/mmbiz_png/Rjse8l0D2qqahuZCxAFwVkVWJEicxmHApuC63ZQia0TCsPrFRjSvRcgNZFvkcEyzLPSDSLbXQ4XvHz8vDicAeSsaA/640?wx_fmt=png|https://mmbiz.qpic.cn/mmbiz_jpg/Rjse8l0D2qrHaTZ0SS95Et5LMCr4CC7VKLClltERktfuS5ZoEUDqhrtwovfscynwQ2E5RIib1Wicdd8NTxtvibZXw/640?wx_fmt=jpeg|https://mmbiz.qpic.cn/mmbiz_png/XNKKejS1Qmx2oTibrtiaNMia72E65m0XrBS1gNUbBYSBWFjIs40cRwxN8K8Qb4SwzBBxkzZoYYPMSYic4ZzYRPkasQ/640?wx_fmt=png|https://mmbiz.qpic.cn/mmbiz_jpg/XNKKejS1Qmx2oTibrtiaNMia72E65m0XrBSfNWdBjqE1JhyYvqKfpAgauwP6auo6fwY8eClKMjd0DamJibFdSDloeQ/640?wx_fmt=jpeg|https://mmbiz.qpic.cn/mmbiz_gif/XNKKejS1Qmx2oTibrtiaNMia72E65m0XrBSgNZCX30fgVwg2cCxAbIFAZJOqgaPwP1EXYgTnbicBUjWu42QXnkq6Ag/640?wx_fmt=gif|https://mmbiz.qpic.cn/mmbiz_gif/XNKKejS1Qmx2oTibrtiaNMia72E65m0XrBSgNZCX30fgVwg2cCxAbIFAZJOqgaPwP1EXYgTnbicBUjWu42QXnkq6Ag/640?wx_fmt=gif|https://mmbiz.qpic.cn/mmbiz_gif/XNKKejS1Qmx2oTibrtiaNMia72E65m0XrBS1VFFBjPu1Xogr7B873fHMic0JfulqtTWTxwgzr95dWSj5qguaRZ5MMw/640?wx_fmt=gif|https://mmbiz.qpic.cn/mmbiz_gif/XNKKejS1Qmx2oTibrtiaNMia72E65m0XrBS1VFFBjPu1Xogr7B873fHMic0JfulqtTWTxwgzr95dWSj5qguaRZ5MMw/640?wx_fmt=gif|https://mmbiz.qpic.cn/mmbiz_gif/XNKKejS1Qmx2oTibrtiaNMia72E65m0XrBS3Ih1k6zBuxdTwWnw6q3QOhIqhqWZALSYzOlIs4ib3dkL9mJ57jTAkzQ/640?wx_fmt=gif|https://mmbiz.qpic.cn/mmbiz_gif/XNKKejS1Qmx2oTibrtiaNMia72E65m0XrBSrBqDv9oOnqT6ibHGvNupDRSibpSo7jGVy0GOiaXdyicDqhdSibBwx3ZowoA/640?wx_fmt=gif|https://mmbiz.qpic.cn/mmbiz_gif/XNKKejS1Qmx2oTibrtiaNMia72E65m0XrBSvfribuk6YuokCeV7WrY8FiaTt6vImjZPgDp8b1uoYgk3YEb8gYmQMnYg/640?wx_fmt=gif|https://mmbiz.qpic.cn/mmbiz_gif/XNKKejS1Qmx2oTibrtiaNMia72E65m0XrBSa9iakARa2Rv5hRWdtUBT54HnibticXLic6qp4585DibzE6pk6L1egYA0VTg/640?wx_fmt=gif|https://mmbiz.qpic.cn/mmbiz_gif/XNKKejS1Qmx2oTibrtiaNMia72E65m0XrBSQXG1U2f6QiaAaH5wnY4ktU5Mdh95hlmjT83MaQl8zpz3TRgsiclsVgxg/640?wx_fmt=gif|https://mmbiz.qpic.cn/mmbiz_gif/XNKKejS1Qmx2oTibrtiaNMia72E65m0XrBSbpXibMl1kPubLAhrFZOx5jcvrYteUETnuMjD0mUyCLsibd1Bbj1sss6g/640?wx_fmt=gif|https://mmbiz.qpic.cn/mmbiz_gif/XNKKejS1Qmx2oTibrtiaNMia72E65m0XrBSOzeldJzw9apblNoATSIYbqERqwWHtUCKPCZdbyFX7cmC7Tpz5sk3uQ/640?wx_fmt=gif|https://mmbiz.qpic.cn/mmbiz_gif/XNKKejS1Qmx2oTibrtiaNMia72E65m0XrBSwujwXrr4hF8XvHEZPp8SWpP8ZDPZUiaKfLy6DYAyUyVKHbzAwE5Jf7Q/640?wx_fmt=gif|https://mmbiz.qpic.cn/mmbiz_gif/XNKKejS1Qmx2oTibrtiaNMia72E65m0XrBSgNZCX30fgVwg2cCxAbIFAZJOqgaPwP1EXYgTnbicBUjWu42QXnkq6Ag/640?wx_fmt=gif|https://mmbiz.qpic.cn/mmbiz_gif/XNKKejS1Qmx2oTibrtiaNMia72E65m0XrBSgNZCX30fgVwg2cCxAbIFAZJOqgaPwP1EXYgTnbicBUjWu42QXnkq6Ag/640?wx_fmt=gif|https://mmbiz.qpic.cn/mmbiz_jpg/XNKKejS1Qmx2oTibrtiaNMia72E65m0XrBSwZzYBSuezECNLxXkicm7Hn7MH3LAYgBqlmSvk40a26P5l66qicIiavKgg/640?wx_fmt=jpeg|https://mmbiz.qpic.cn/mmbiz_jpg/XNKKejS1Qmx2oTibrtiaNMia72E65m0XrBScOmibJo4WneiaiakkPCCfZObqS7U66exIcMF2oQq8BfraQjjUQCGZIZYg/640?wx_fmt=jpeg|http://mmbiz.qpic.cn/mmbiz/bfVs2pZKn9NbkwlIzHiaib6nPIqXNhhApvtUznHXdFNKQl3wiaKsaw86q81ZpwT1P1WrN3qOU5TW59vdw6HCCXbNA/640?wx_fmt=jpeg|https://mmbiz.qpic.cn/mmbiz_jpg/Rjse8l0D2qqPzJia1MF79FnPsjgpaugezfaftibxU3FGZmvW6D1iaTBUkJHyE3qmbASoR2yYsZzANBgPfjrZ3yEUQ/640?wx_fmt=jpeg|https://mmbiz.qpic.cn/mmbiz_jpg/Rjse8l0D2qqPzJia1MF79FnPsjgpaugez4XUw37snm3V5Ix10c2GiaawVL8iaWBtfgW5rO0micOialCgLhmuRtGzdRQ/640?wx_fmt=jpeg|https://mmbiz.qpic.cn/mmbiz_jpg/Rjse8l0D2qrZFL1KJBKhImkdGUBfGcOx5fegUlM3BZ6RuLmhxUCswdBTYXgmYM6PTDw0OnVT4cFBjiactrGUn8w/640?wx_fmt=jpeg|https://mmbiz.qpic.cn/mmbiz_jpg/Rjse8l0D2qrZFL1KJBKhImkdGUBfGcOx9XeHz4xHETq7KzvYpJkSXgD5ohEiaeYBMQ0sbGPh56ece0YLia6MUpbg/640?wx_fmt=jpeg|https://mmbiz.qpic.cn/mmbiz_jpg/Rjse8l0D2qqasDPlh5Pwibg23WlOjibxHtmuric0cjYS5PCcRdSE7MCRtSKW2xZroOvHqlv53iaa12ydd7yEYiaZ40Q/640?wx_fmt=jpeg|https://mmbiz.qpic.cn/mmbiz_jpg/Rjse8l0D2qqahuZCxAFwVkVWJEicxmHApezdPibEictW2neU3ziaIcWTvFicXfKCBicndY0wj4UKbEN6bruyEu0ic0HuQ/640?wx_fmt=jpeg|https://res.wx.qq.com/mpres/htmledition/images/icon/common/emotion_panel/emoji_wx/2_06.png|https://mmbiz.qpic.cn/mmbiz_jpg/Rjse8l0D2qqPzJia1MF79FnPsjgpaugezpMKoH4KxTxgsuvSWF25bNfia4zRxQuSVYWBOzLrBgYicMdAGMIDUbZBg/640?wx_fmt=jpeg|https://mmbiz.qpic.cn/mmbiz_jpg/Rjse8l0D2qqPzJia1MF79FnPsjgpaugezOnibXrvlMsYmWXQnSkjXzj2Q9e2qZ9jYvmuH84HMa2ibj8Z9qmyziaXibw/640?wx_fmt=jpeg|https://mmbiz.qpic.cn/mmbiz_gif/Rjse8l0D2qqPzJia1MF79FnPsjgpaugezZ6iaUFsQKpM5X7CCvdeOib9YR2k1JtjnjBOYX1cjCGbXTTxA37HBG77A/640?wx_fmt=gif]]></image>
</data>
