<data>
  <id><![CDATA[67630480]]></id>
  <url><![CDATA[https://mp.weixin.qq.com/s?timestamp=1542253459&src=3&ver=1&signature=t1tQuhfvgeQkNOJJwpbIKHaUO7dnlZN*2zccNGRqXkkAdpqT5f-W*psGkEJKp2Oxij0XlxjfQqdUSsdjhUR87N3a*4Mf40poNA9eysyZWEy8w51z3-mmG8fEmCB0MTI2ouRLziLxILQGNNrbdATKclI*KxTzJCma3716yHhMkVM=]]></url>
  <title><![CDATA[退休后的黄金20年一定要和正确的人在一起！我和朋友们都很赞同！]]></title>
  <content><![CDATA[小猪漫游乡村漫游第一平台一个人和什么样的人在一起，就会变成什么样。退休后的黄金二十年，我们则一定要和正确的人在一起！与乐观开朗的人在一起，我们对待生活的态度也会变得更加乐观；与热爱运动的人在一起，我们的生活方式也会变得更加健康；与知足常乐的人在一起，我们会从生活中发现更多的快乐！和那个懂你的人在一起吧。她不一定十分优秀，但是她明白你的内心，能在你悲伤的时候给你安慰；在你情绪低落的时候，能够陪伴你、鼓励你；在你快乐的时候分享你的喜悦；在你对生活失去热情的时候，带你发现美好事物，看到世界的精彩。懂你的人或许不能每一分钟都陪在你身边，但她总能在你需要的时候出现，她总会在你发朋友圈的时候，第一时间私聊你，她总会跟你说早安晚安。和充满正能量的人在一起吧。他们能够在你的生活中给你指导，在你烦恼的时候给你宽慰，在你无聊的时候约你出来打打牌。与这样的人在一起，才能更好的提升自己，过好生活。和这样的人在一起，每天都是积极向上的，每天都是充满快乐的，每天都是健康幸运的。和会关心你的人在一起吧。真正的朋友，是无论多少年的知己，都依旧关心对方。不关心你的人，一定是不爱你的人；关心你的人，则会发现你身体上的不适或者情绪的低落，然后跟你多聊天、多谈心。当然，我们也不能因为朋友之间认识很久，就忽略对方的感受，和会关心你的人在一起，你也要学会关心他人。我们在生活中，会遇到性格迥异、能力不同的人，并不是所有的人都适合成为朋友。你选择与什么样的人相处，慢慢地你也会变成什么样的人。只有避开那些错误的人，才能把机会腾出来，遇到那些正确的人。远离生活观念不一致的人吧。你说你想出去旅游，他说旅游又花钱又累，去干嘛；你说你想参加老年大学，他说都老了还学什么。所以啊，如果你发现和一个人看待问题永远意见有分歧，并且越讲越扯不清，那最好还是远离吧。远离悲观的人吧。悲观的人看整个世界都是悲观的。他看不到天空的蓝色，看不到草地的绿色。他看到的只有自己的不幸，自己一个人封闭在狭小的空间里，走不出去。和这样的人在一起，你也会渐渐感受不到生活中的乐趣，甚至认为生活都是灰色的。远离脾气坏的人吧。脾气坏的人往往都偏激，也很容易冲动。他们不喜欢听别人的建议，往往因为一点小事就大动干戈。犯了错误之后从不想着去道歉、改正，甚至会迁怒到别人身上。和这样的人在一起，你也会渐渐感受不到生活中的乐趣，甚至认为生活都是灰色的。说的太好了！退休后的黄金二十年，更应该与正确的人在一起，享受美好的晚年生活！你同意这种生活观念吗？一起交流一下~点击图片即刻阅读乡村旅游 找小猪漫游拨打小猪热线 400-100-6897 订制团队游下载小猪漫游APP，注册即送8.8积分，成为小猪家人可以免费参加小猪超值课程套餐：1:国学，2:茶道，3:花道，4:养生（太极，瑜伽），5:香道，6:摄影，7:手作DIY，8:甜品，9:古典音乐，10:养车之道。超值享受就在成为小猪家人，不要犹豫啦 即可扫码抢注！——如果喜欢，请分享给你的朋友吧——资料来源：网络搜集声明：转载请注明出处版权归原作者所有，如有侵权请联系我们]]></content>
  <author><![CDATA[小猪漫游]]></author>
  <time>2018-11-07 20:46:35</time>
  <account><![CDATA[littlepig_travel]]></account>
  <image><![CDATA[https://mmbiz.qpic.cn/mmbiz_png/Rjse8l0D2qqahuZCxAFwVkVWJEicxmHApuC63ZQia0TCsPrFRjSvRcgNZFvkcEyzLPSDSLbXQ4XvHz8vDicAeSsaA/640?wx_fmt=png|https://mmbiz.qpic.cn/mmbiz_jpg/Rjse8l0D2qrHaTZ0SS95Et5LMCr4CC7VKLClltERktfuS5ZoEUDqhrtwovfscynwQ2E5RIib1Wicdd8NTxtvibZXw/640?wx_fmt=jpeg|https://mmbiz.qpic.cn/mmbiz/tV1qvmgO1QUgysVf5Pjz5vqWeCGOp9Lq1655L21oOGKfC9glsGvS5ic26BkJnPxvbcPxb3OPFdFcgNzuomHVhcQ/640?wx_fmt=gif|https://mmbiz.qpic.cn/mmbiz_jpg/WeDhbPBWASj9ia9bouXeUJLQJZbNyAAaX2r8qvpo3h3eYMKzpnP1wXaCURBXkZWgrNb6SkNYCtMIQSPfedfqic6w/640?wx_fmt=jpeg|https://mmbiz.qpic.cn/mmbiz_jpg/WeDhbPBWASj9ia9bouXeUJLQJZbNyAAaXPJbibI9BqjINUVzeXhG1ic7bViaAjS1Eqia9ibVSwZ0uKNwAibusj90xHeibA/640?wx_fmt=jpeg|https://mmbiz.qpic.cn/mmbiz_jpg/WeDhbPBWASj9ia9bouXeUJLQJZbNyAAaXAD5gN1TPjKwwml2U6nibBMkGz5vyU3EdLtg51ibAY42K9RQ4g1h5X2UA/640?wx_fmt=jpeg|https://mmbiz.qpic.cn/mmbiz_jpg/WeDhbPBWASj9ia9bouXeUJLQJZbNyAAaXRN3J3gMqTVTHqlC49h8j9CaoLoHO8OHwtSE5pdyic1ltiaibB73U2iaiceQ/640?wx_fmt=jpeg|https://mmbiz.qpic.cn/mmbiz_jpg/WeDhbPBWASj9ia9bouXeUJLQJZbNyAAaXyCqcy3ley7yNh1BQJUI6tQXPEqjTyo61BcJiauntvvViaPIYyMKfN5tg/640?wx_fmt=jpeg|https://mmbiz.qpic.cn/mmbiz_jpg/WeDhbPBWASj9ia9bouXeUJLQJZbNyAAaXtAibmvBmvANaqWQX93O3434g1JFaaGhex3iaJ0e5DGgAFtDD32riaicymw/640?wx_fmt=jpeg|http://mmbiz.qpic.cn/mmbiz/bfVs2pZKn9NbkwlIzHiaib6nPIqXNhhApvtUznHXdFNKQl3wiaKsaw86q81ZpwT1P1WrN3qOU5TW59vdw6HCCXbNA/640?wx_fmt=jpeg|https://mmbiz.qpic.cn/mmbiz_jpg/Rjse8l0D2qqPzJia1MF79FnPsjgpaugezfaftibxU3FGZmvW6D1iaTBUkJHyE3qmbASoR2yYsZzANBgPfjrZ3yEUQ/640?wx_fmt=jpeg|https://mmbiz.qpic.cn/mmbiz_jpg/Rjse8l0D2qqPzJia1MF79FnPsjgpaugez4XUw37snm3V5Ix10c2GiaawVL8iaWBtfgW5rO0micOialCgLhmuRtGzdRQ/640?wx_fmt=jpeg|https://mmbiz.qpic.cn/mmbiz_jpg/Rjse8l0D2qrZFL1KJBKhImkdGUBfGcOx5fegUlM3BZ6RuLmhxUCswdBTYXgmYM6PTDw0OnVT4cFBjiactrGUn8w/640?wx_fmt=jpeg|https://mmbiz.qpic.cn/mmbiz_jpg/Rjse8l0D2qrZFL1KJBKhImkdGUBfGcOx9XeHz4xHETq7KzvYpJkSXgD5ohEiaeYBMQ0sbGPh56ece0YLia6MUpbg/640?wx_fmt=jpeg|https://mmbiz.qpic.cn/mmbiz_jpg/Rjse8l0D2qqasDPlh5Pwibg23WlOjibxHtmuric0cjYS5PCcRdSE7MCRtSKW2xZroOvHqlv53iaa12ydd7yEYiaZ40Q/640?wx_fmt=jpeg|https://mmbiz.qpic.cn/mmbiz_jpg/Rjse8l0D2qqahuZCxAFwVkVWJEicxmHApezdPibEictW2neU3ziaIcWTvFicXfKCBicndY0wj4UKbEN6bruyEu0ic0HuQ/640?wx_fmt=jpeg|https://res.wx.qq.com/mpres/htmledition/images/icon/common/emotion_panel/emoji_wx/2_06.png|https://mmbiz.qpic.cn/mmbiz_jpg/Rjse8l0D2qqPzJia1MF79FnPsjgpaugezpMKoH4KxTxgsuvSWF25bNfia4zRxQuSVYWBOzLrBgYicMdAGMIDUbZBg/640?wx_fmt=jpeg|https://mmbiz.qpic.cn/mmbiz_jpg/Rjse8l0D2qqPzJia1MF79FnPsjgpaugezOnibXrvlMsYmWXQnSkjXzj2Q9e2qZ9jYvmuH84HMa2ibj8Z9qmyziaXibw/640?wx_fmt=jpeg|https://mmbiz.qpic.cn/mmbiz_gif/Rjse8l0D2qqPzJia1MF79FnPsjgpaugezZ6iaUFsQKpM5X7CCvdeOib9YR2k1JtjnjBOYX1cjCGbXTTxA37HBG77A/640?wx_fmt=gif]]></image>
</data>
