<data>
  <id><![CDATA[67630480]]></id>
  <url><![CDATA[https://mp.weixin.qq.com/s?timestamp=1542253459&src=3&ver=1&signature=t1tQuhfvgeQkNOJJwpbIKHaUO7dnlZN*2zccNGRqXkkAdpqT5f-W*psGkEJKp2Oxij0XlxjfQqdUSsdjhUR87No4fnDny1wUYvhO2pUYIEpScLdq63pUYRui8TzmGohQvenG2*wm0gKvJ3GHYCMfEIPN7RGOg4PqvalfHOu5B64=]]></url>
  <title><![CDATA[“超凶的”冷空气会影响丽水吗？雨水+降温是没跑了……]]></title>
  <content><![CDATA[小猪漫游乡村漫游第一平台从昨天开始天气又变得温柔可人蓝天白云，微风桂香秋天的感觉恰到好处~然而当你以为天气会按部就班的慢慢变冷一个让人“绝望”的消息传来据说，超凶der冷空气要来了！！在横扫了北方之后冷空气继续向南推进或将带来大幅度降温降水那么，丽水会被影响到吗？本周迎来立冬 下半周冷空气来袭一起来关注新一周的天气情况。据市气象台预测：预计本周我市以多云到阴为主，多弱降水；今天受偏南风影响，湿度较大，我市多云到阴，局部还有小雨出现，周二到周三受暖湿气流影响以多云到阴为主，局部有小雨，最低气温在17-18℃，最高23-24℃，周三夜里到周四受冷空气南下影响，全市有一次降水降温过程，周五早晨最低气温降至12℃左右，周六，周日，多云到阴。懒人往这儿看11月5日 阴   17—27℃11月6日 阴   17—24℃11月7日 小雨 15—23℃11月8日  阴  12—20℃11月9日 多云  15—19℃11月10日 多云 16—22℃11月11日 阴   17—22℃本周三我们将迎来二十四节气中的立冬这也是冬季第一个节气虽然字面上带了冬天的冬但对于南方的小伙伴来说进入冬天还为时尚早不过天气确实渐渐步入深秋的节奏尤其是半个月更是雨水扎堆……立冬过后，天明显黑得更早防寒保暖也显得更加重要随着气温下降，人体的抵抗力也下降了，一不小心就容易受风寒影响了生活，还会影响到工作效率，10个保暖妙招！为自己的健康加分，保护自己，远离感冒！1、多“点”水 常喝白开水冬天气候干燥，人体极易缺水，常喝白开水，不但能保证机体的需要，还可起到利尿排毒、消除废物之功效。冬天虽然排汗排尿减少，但维持大脑与身体各器官的细胞正常运作依然需要水分滋养。2、出“点”汗 户外活动可促进热量产生户外活动可促进热量产生，调节新陈代谢机能，增强大脑皮层兴奋和体温调节功能。冬季养生要适当动筋骨，出点汗，这样才能强身体。锻炼身体要动静结合，跑步做操只宜微微似汗出为度，汗多泄气，有悖于冬季阳气伏藏之道。3、防“点”病 提高抵抗力防病冬季气候寒冷，容易诱使慢性病复发或加重，应留意防寒保暖。而为了保暖，开窗换气的时间又比较少，空气流通不够，如此就为各种细菌的滋生提供了条件。其次，无论是室内、室外，冬季的空气都不够湿润，鼻腔干燥也会给细菌留下更多可乘之机。再次，冬季室内、室外温差大，人体需要更多能量来适应温差的变化，因此也更容易被细菌侵扰。4、调“点”神 冬季心理流感冬天是一个没有生机的季节，而人们也是非常的懒惰，万物都没有生机，而且冬天更易陷入抑郁。为什么进入冬天后常常觉得没精神、烦躁不安，还会感到压力大。这是冬季抑郁的症状，俗称“冬季心理流感”，是一种常见的心理障碍，每个人都可能在生活中某一时期处于这种心理状态，而冬天更容易出现这个症状。5、早“点”睡 保证充足的睡眠唐代着名医学家孙思邈说：“冬月不宜清早出夜深归，冒犯寒威。”早睡以养阳气，迟起以固阴精。有句俗语：春困秋乏夏打盹儿，睡不醒的冬仨月。中医讲究春发夏长秋收冬藏，冬天应该是一个养精蓄锐的季节。6、进“点”补 冬天是养肾的时节冬天属于“闭藏”的季节，在中医来说肾主封藏，也就是说冬天是养肾的时节。冬天通过进补，养肾，可以使肾“精”更为充盈，可以使明年身体更好，更少得病，这就是中医治未病的思想。7、护“点”脚 寒从脚底生民间有一说法，“寒从脚底生”。天天坚持用温热水洗脚，最好同时按摩和刺激双脚穴位。天天坚持步行半小时以上，活动双脚。早晚坚持搓揉脚心，以增进血液循环。8、饮“点”茶 喝茶可以提神醒脑原因：冬天喝茶的好处喝茶可以提神醒脑，使人精神振奋，增强记忆力。兴奋中枢神经，增加运动能力。刺激胃液分泌，帮助消化，增进食欲，消除口臭。消除疲劳，促进新陈代谢。9、喝“点”粥 冬季养生晨起服热粥原因：冬季养生晨起服热粥，晚餐宜节食，以养胃气。天冷时，清早起床喝上一碗热粥，可以帮助保暖、增加身体御寒能力，能预防受寒感冒。对于喉咙不适、发炎疼痛的人，温热的粥汁能滋润喉咙，有效缓解不适感。10、通“点”风 开窗通风原因：冬天家里一般都会门窗紧闭，导致室内空气不流通，应每天早晨、中午和晚上各开窗通风20分钟，保持室内空气新鲜。一定要保持合适的室内温度，避免室内外温差过大，一般室内应控制在16-22℃为好。小伙伴们想要享受惬意时光还是需要好好把握这周的好天气出门游玩还是很适合的~点击图片即刻阅读乡村旅游 找小猪漫游拨打小猪热线 400-100-6897 订制团队游下载小猪漫游APP，注册即送8.8积分，成为小猪家人可以免费参加小猪超值课程套餐：1:国学，2:茶道，3:花道，4:养生（太极，瑜伽），5:香道，6:摄影，7:手作DIY，8:甜品，9:古典音乐，10:养车之道。超值享受就在成为小猪家人，不要犹豫啦 即可扫码抢注！——如果喜欢，请分享给你的朋友吧——资料来源：网络搜集声明：转载请注明出处版权归原作者所有，如有侵权请联系我们]]></content>
  <author><![CDATA[小猪漫游]]></author>
  <time>2018-11-05 21:10:15</time>
  <account><![CDATA[littlepig_travel]]></account>
  <image><![CDATA[https://mmbiz.qpic.cn/mmbiz_png/Rjse8l0D2qqahuZCxAFwVkVWJEicxmHApuC63ZQia0TCsPrFRjSvRcgNZFvkcEyzLPSDSLbXQ4XvHz8vDicAeSsaA/640?wx_fmt=png|https://mmbiz.qpic.cn/mmbiz_jpg/Rjse8l0D2qrHaTZ0SS95Et5LMCr4CC7VKLClltERktfuS5ZoEUDqhrtwovfscynwQ2E5RIib1Wicdd8NTxtvibZXw/640?wx_fmt=jpeg|https://mmbiz.qpic.cn/mmbiz_gif/dWZ0Q8Y4fJfeMxcpicKekTd5N0GynmcXDVPtia5h9Yaz9fn0jmhFbicc0ibe8OYS7begupibWGJKmkMWwIXrByXTA3Q/640?wx_fmt=gif|https://mmbiz.qpic.cn/mmbiz_jpg/dWZ0Q8Y4fJfeMxcpicKekTd5N0GynmcXDHciaufOBuNSyH01Tk7KojRw7j8GERaSVWqmiarEvSNhZYPZChSeduqww/640?wx_fmt=jpeg|https://mmbiz.qpic.cn/mmbiz_jpg/dWZ0Q8Y4fJfeMxcpicKekTd5N0GynmcXDTGW5vFThwPD3zSiby3lZ6kic9SftjAodj2VEae0Poa5Jc90Fms2Gtqsg/640?wx_fmt=jpeg|https://mmbiz.qpic.cn/mmbiz_png/dWZ0Q8Y4fJfeMxcpicKekTd5N0GynmcXD3S9OfDnrgYaAdEX6l9km0CjaHUBg341bnpo4748b08k1HzMhhq2NJA/640?wx_fmt=png|https://mmbiz.qpic.cn/mmbiz_jpg/PPVnSpD6EpDlKHic9hW9YvC0rgZNcqKibKfJSRvWfjAMopXRANqkXeKqfMwgoGRXwqoibunxXtEbvGgWKOtNCIgvw/640?wx_fmt=jpeg|https://mmbiz.qpic.cn/mmbiz_gif/dWZ0Q8Y4fJfeMxcpicKekTd5N0GynmcXDs3ibgMMkNQ6dzic2rF1xzQrCrK0whBGtzyicASYL2HBTC1xNklYhsHgcw/640?wx_fmt=gif|https://mmbiz.qpic.cn/mmbiz_png/dWZ0Q8Y4fJfeMxcpicKekTd5N0GynmcXDYf7nhtEk2ShVJ0NFKOoKibG6RliaQ4FKKt5QLZSYwShGWEItO57Ea2Tg/640?wx_fmt=png|http://mmbiz.qpic.cn/mmbiz/MGHJvZeRNZ8poTBuwH6XHjcSj6picdoNfA1kY3khdl4kkqWtTYE4bKRxX0k1e0NWn80ibAwicWSJyibUnicwWKOcF3g/640?|http://mmbiz.qpic.cn/mmbiz/MGHJvZeRNZ8poTBuwH6XHjcSj6picdoNfDEFCQ0PdQboH65YibjbggusUeu89ia22KicOrGoXo0BJ9vPxOpDK4TibZg/640?|http://mmbiz.qpic.cn/mmbiz/MGHJvZeRNZ8poTBuwH6XHjcSj6picdoNfF2BxFibF77zbxR6G8ogXib5iasdicWNJGbxbHOg8fvsSqpWz2Shbqteu2g/640?|http://mmbiz.qpic.cn/mmbiz/MGHJvZeRNZ8poTBuwH6XHjcSj6picdoNfW9Ohic8bpYTPTfcoVQia1wTNGYcleQK5XycHGYBNcdich7Pm7BR7ejnhw/640?|https://mmbiz.qpic.cn/mmbiz_gif/dWZ0Q8Y4fJfeMxcpicKekTd5N0GynmcXDEHQL313XLUpXSDzuwqd4QGIZj8fLRS0OqPcjsQ76t5IOZNNTbS32hA/640?wx_fmt=gif|http://mmbiz.qpic.cn/mmbiz/bfVs2pZKn9NbkwlIzHiaib6nPIqXNhhApvtUznHXdFNKQl3wiaKsaw86q81ZpwT1P1WrN3qOU5TW59vdw6HCCXbNA/640?wx_fmt=jpeg|https://mmbiz.qpic.cn/mmbiz_jpg/Rjse8l0D2qqPzJia1MF79FnPsjgpaugezfaftibxU3FGZmvW6D1iaTBUkJHyE3qmbASoR2yYsZzANBgPfjrZ3yEUQ/640?wx_fmt=jpeg|https://mmbiz.qpic.cn/mmbiz_jpg/Rjse8l0D2qqPzJia1MF79FnPsjgpaugez4XUw37snm3V5Ix10c2GiaawVL8iaWBtfgW5rO0micOialCgLhmuRtGzdRQ/640?wx_fmt=jpeg|https://mmbiz.qpic.cn/mmbiz_jpg/Rjse8l0D2qrZFL1KJBKhImkdGUBfGcOx5fegUlM3BZ6RuLmhxUCswdBTYXgmYM6PTDw0OnVT4cFBjiactrGUn8w/640?wx_fmt=jpeg|https://mmbiz.qpic.cn/mmbiz_jpg/Rjse8l0D2qrZFL1KJBKhImkdGUBfGcOx9XeHz4xHETq7KzvYpJkSXgD5ohEiaeYBMQ0sbGPh56ece0YLia6MUpbg/640?wx_fmt=jpeg|https://mmbiz.qpic.cn/mmbiz_jpg/Rjse8l0D2qqasDPlh5Pwibg23WlOjibxHtmuric0cjYS5PCcRdSE7MCRtSKW2xZroOvHqlv53iaa12ydd7yEYiaZ40Q/640?wx_fmt=jpeg|https://mmbiz.qpic.cn/mmbiz_jpg/Rjse8l0D2qqahuZCxAFwVkVWJEicxmHApezdPibEictW2neU3ziaIcWTvFicXfKCBicndY0wj4UKbEN6bruyEu0ic0HuQ/640?wx_fmt=jpeg|https://res.wx.qq.com/mpres/htmledition/images/icon/common/emotion_panel/emoji_wx/2_06.png|https://mmbiz.qpic.cn/mmbiz_jpg/Rjse8l0D2qqPzJia1MF79FnPsjgpaugezpMKoH4KxTxgsuvSWF25bNfia4zRxQuSVYWBOzLrBgYicMdAGMIDUbZBg/640?wx_fmt=jpeg|https://mmbiz.qpic.cn/mmbiz_jpg/Rjse8l0D2qqPzJia1MF79FnPsjgpaugezOnibXrvlMsYmWXQnSkjXzj2Q9e2qZ9jYvmuH84HMa2ibj8Z9qmyziaXibw/640?wx_fmt=jpeg|https://mmbiz.qpic.cn/mmbiz_gif/Rjse8l0D2qqPzJia1MF79FnPsjgpaugezZ6iaUFsQKpM5X7CCvdeOib9YR2k1JtjnjBOYX1cjCGbXTTxA37HBG77A/640?wx_fmt=gif]]></image>
</data>
