<data>
  <id><![CDATA[67630480]]></id>
  <url><![CDATA[https://mp.weixin.qq.com/s?timestamp=1542253459&src=3&ver=1&signature=t1tQuhfvgeQkNOJJwpbIKHaUO7dnlZN*2zccNGRqXkkAdpqT5f-W*psGkEJKp2Oxij0XlxjfQqdUSsdjhUR87CzRgOZKAncOXDe-kjIA*Z1m*gXS4kwtr8dO8LfUxnjWkNZ6xR6XD8hyFZcjXZURKP6ju57JxucSo5rVb9CmY3M=]]></url>
  <title><![CDATA[这位妈妈做饭出神入化，一日三餐每顿至少20种菜式，引数十万人围观]]></title>
  <content><![CDATA[小猪漫游乡村漫游第一平台这位妈妈的小孩也太幸福了吧- 生活  故事 -本文授权转载自公众号：悉尼星尚（ID：sydneyfashion）妈妈一直是我们心目里的超人而最近最近INS上又有一位日本妈妈火了凭借着为女儿做的一手好菜把便当做得出神入化吸引超过22万粉丝！在她的菜谱里每天的三餐至少都有20种菜式简直比皇室吃得还好！这一桌桌的美食看着丝毫不输米其林的架势啊做她的孩子也太幸福了！但你能想到吗，这位妈妈在生宝宝前她是个完全不懂做饭的姑娘每天像我们一样靠着外卖为生！但自从有了宝宝出于母爱为了能让孩子吃上美味健康的饭菜于是开始自学美食料理人生中第一次做蛋炒饭花了两个小时，最终还是失败了但她没有放弃回家在厨房折腾半天只为做出好吃的饭菜从跟着美食教程一步步做饭到现在随便几十个菜式放在面前也难不倒她！看着孩子开心吃饭便是她最大的成就再辛苦也不觉得累光好吃还不够在造型上也要吸引人每天她都想着怎么变花样！因为女儿不喜欢吃白米饭她就花心思在米饭上做出各种可爱的造型女儿看了这些像玩偶一样的饭团吃米饭也都觉得香了把这些美味装进便当里让女儿每天带去学校吃同学们看着都心生羡慕便当就像是她的创作“画布”每天都能凭想象力摆出不同的造型当然这些造型也不是她凭空来的她常常会从生活中的各种小物上获得灵感前一天就把造型画在纸上第二天再根据设计去菜市场买食材做好后按着图纸摆盘就好啦各种卡通形象别说是小孩子了连成年人都想吃！点击图片即刻阅读乡村旅游 找小猪漫游拨打小猪热线 400-100-6897 订制团队游下载小猪漫游APP，注册即送8.8积分，成为小猪家人可以免费参加小猪超值课程套餐：1:国学，2:茶道，3:花道，4:养生（太极，瑜伽），5:香道，6:摄影，7:手作DIY，8:甜品，9:古典音乐，10:养车之道。超值享受就在成为小猪家人，不要犹豫啦 即可扫码抢注！——如果喜欢，请分享给你的朋友吧——资料来源：网络搜集声明：转载请注明出处版权归原作者所有，如有侵权请联系我们]]></content>
  <author><![CDATA[小猪漫游]]></author>
  <time>2018-10-30 21:12:55</time>
  <account><![CDATA[littlepig_travel]]></account>
  <image><![CDATA[https://mmbiz.qpic.cn/mmbiz_png/Rjse8l0D2qqahuZCxAFwVkVWJEicxmHApuC63ZQia0TCsPrFRjSvRcgNZFvkcEyzLPSDSLbXQ4XvHz8vDicAeSsaA/640?wx_fmt=png|https://mmbiz.qpic.cn/mmbiz_jpg/Rjse8l0D2qrHaTZ0SS95Et5LMCr4CC7VKLClltERktfuS5ZoEUDqhrtwovfscynwQ2E5RIib1Wicdd8NTxtvibZXw/640?wx_fmt=jpeg|https://mmbiz.qpic.cn/mmbiz_jpg/1Eo86IE01wmHgvboupuvkSicnrnEUXeUuP6CvjjOcibGKRMT9mU7P1VPYx224ZDLkZAZ6tRf01iabSd3E394IOLjg/640?wx_fmt=jpeg|http://mmbiz.qpic.cn/mmbiz/bfVs2pZKn9O522c7crmpSz7vCogh4hynXfNcQE0PGBlSLmW0rxLMPpy2hfJKfwA1mWtOjoDQ5OpeSdAiaxiaFadw/640?wx_fmt=png|https://mmbiz.qpic.cn/mmbiz_png/1Eo86IE01wmHgvboupuvkSicnrnEUXeUuvgEqWiaUAe3UXNUB9UhFp2ZB7k1KicjwLF92h3938IHYMrTCvv60NFBw/640?wx_fmt=png|https://mmbiz.qpic.cn/mmbiz_jpg/1Eo86IE01wmHgvboupuvkSicnrnEUXeUuv226F5wn8q2jgxG03icCARvBwwazTicaRIyccRoicS10pxcicxsYLGWMLg/640?wx_fmt=jpeg|https://mmbiz.qpic.cn/mmbiz_jpg/1Eo86IE01wmHgvboupuvkSicnrnEUXeUuX2vWu5PIib50iaxXWRNNnAb8PCpxo7ic9HQic2M39wvJtlVrsAv9DbvGIQ/640?wx_fmt=jpeg|https://mmbiz.qpic.cn/mmbiz_jpg/1Eo86IE01wmHgvboupuvkSicnrnEUXeUuVLCxkLp9oeoABHHOVh2Xibf8w0CibOaYeEXIwneicYQTV0HeUmZ0Vufnw/640?wx_fmt=jpeg|https://mmbiz.qpic.cn/mmbiz_jpg/1Eo86IE01wmHgvboupuvkSicnrnEUXeUucbVhuUqohwQHDaiaAFefD9D6mOlobwlqD4nodckEaQ5e9aHCknCf6Yg/640?wx_fmt=jpeg|https://mmbiz.qpic.cn/mmbiz_jpg/1Eo86IE01wmHgvboupuvkSicnrnEUXeUujo3MZya7356jETMAs7XH7Ch10R8ibnw3qGsMkgkZZMWQsUjsD5StiaNA/640?wx_fmt=jpeg|https://mmbiz.qpic.cn/mmbiz_jpg/1Eo86IE01wmHgvboupuvkSicnrnEUXeUu0qWQkj58g1L9lfhOuT3mCN9QxSs2HSxAJS26UKk310kTnIfGnmeAOg/640?wx_fmt=jpeg|https://mmbiz.qpic.cn/mmbiz_jpg/1Eo86IE01wmHgvboupuvkSicnrnEUXeUudowiaDY3sClg0IZMWXuv4QAtptmibSYOE3GU7dNgyHHHxMciceOddv5lw/640?wx_fmt=jpeg|https://mmbiz.qpic.cn/mmbiz_jpg/1Eo86IE01wmHgvboupuvkSicnrnEUXeUuP6CvjjOcibGKRMT9mU7P1VPYx224ZDLkZAZ6tRf01iabSd3E394IOLjg/640?wx_fmt=jpeg|https://mmbiz.qpic.cn/mmbiz_jpg/1Eo86IE01wmHgvboupuvkSicnrnEUXeUuqKBMYkUXRVhZtXlliaqVL5R1iaItZ54qutIyFy9fVzfYr5FLdClm3kTw/640?wx_fmt=jpeg|https://mmbiz.qpic.cn/mmbiz_jpg/1Eo86IE01wmHgvboupuvkSicnrnEUXeUu4NmHRibSlsq2MWSkR5oJTebKz9Cia0x3FnLky2Mrxz707H7kPBT7ibDzw/640?wx_fmt=jpeg|https://mmbiz.qpic.cn/mmbiz_jpg/1Eo86IE01wmHgvboupuvkSicnrnEUXeUuQiaU3b5MAibv5losxM8bbIzWIUFWNCxJicCJZDzQPO3MPEjpqqQwRe2kA/640?wx_fmt=jpeg|https://mmbiz.qpic.cn/mmbiz_gif/RSZCMVRg2TxxyhPM0PnwDAZut62LNm6E9UxkHb1ictwOTFuibCaCn3PdZYMibkGjnAELuPexaOuonXjrxAxe0EKpA/640?wx_fmt=gif|https://mmbiz.qpic.cn/mmbiz_gif/RSZCMVRg2TxxyhPM0PnwDAZut62LNm6EtPKFt5Vo74kr9bsHZ76ibNTFtz1ibc3XuJqWfytbYNlicx7oRvEeurV2w/640?wx_fmt=gif|https://mmbiz.qpic.cn/mmbiz_jpg/1Eo86IE01wmHgvboupuvkSicnrnEUXeUuWtiav8uNoMdytrY6rSP5LcXfCA5icHhLyw5KRoUotnVAO3nx6rGaiaYcw/640?wx_fmt=jpeg|https://mmbiz.qpic.cn/mmbiz_jpg/1Eo86IE01wmHgvboupuvkSicnrnEUXeUuiawexwEuA81icq9MQCTxPlvyqS0NGWVE56e2qXe1XKs8oApga1VZYabA/640?wx_fmt=jpeg|https://mmbiz.qpic.cn/mmbiz_jpg/1Eo86IE01wmHgvboupuvkSicnrnEUXeUuLzddwOZafSvOfJBKMjxe3GPz3R9d0mfWVZmQ1Wp8z58OYQcT0evtTQ/640?wx_fmt=jpeg|https://mmbiz.qpic.cn/mmbiz_jpg/1Eo86IE01wmHgvboupuvkSicnrnEUXeUuZ6iaJHzoOTDic9No9PoX651WZtI2x7X73QeyfhYjyYdtBib4JctG9nHMQ/640?wx_fmt=jpeg|https://mmbiz.qpic.cn/mmbiz_jpg/1Eo86IE01wmHgvboupuvkSicnrnEUXeUuTic4KdicvAw3rynEpjdUibtnP4bKZJkyYE9FspQGLrtEmanWVjDfJ7f3g/640?wx_fmt=jpeg|https://mmbiz.qpic.cn/mmbiz_jpg/1Eo86IE01wmHgvboupuvkSicnrnEUXeUuJiafzsnylDF6LURYd9yG269S7NsrfykjW8Ta2EibCc75ZwSpSKcNoMVg/640?wx_fmt=jpeg|https://mmbiz.qpic.cn/mmbiz_jpg/1Eo86IE01wmHgvboupuvkSicnrnEUXeUuEkhl6oIOFfvc0IEfnVzeMPGXJKqZtBkgNH0nVXMSe0BnicQTZVnMAGg/640?wx_fmt=jpeg|https://mmbiz.qpic.cn/mmbiz_jpg/1Eo86IE01wmHgvboupuvkSicnrnEUXeUuibwtHr5pXXuyaQwmIQFUibcl6GvuK92LmUib6uGqP98mhf0SnKj854uIg/640?wx_fmt=jpeg|https://mmbiz.qpic.cn/mmbiz_jpg/1Eo86IE01wmHgvboupuvkSicnrnEUXeUu2CBVia6FTpwmJO8iaWQBLicYMgF4LADJoq6IMqsAwicaibeoqsBXpTk9IPg/640?wx_fmt=jpeg|https://mmbiz.qpic.cn/mmbiz_jpg/RSZCMVRg2TxxyhPM0PnwDAZut62LNm6EU0sLicdUG39rWmuDsehc1lXkdLyyB2MpPrVP44C2ssgpfKlxgosfykQ/640?wx_fmt=jpeg|https://mmbiz.qpic.cn/mmbiz_jpg/1Eo86IE01wmHgvboupuvkSicnrnEUXeUuboiawh4U1Dt1nzWDhRFatnibbrpV4M85UbW8qUWNZhnVVTXibE8gzH8AA/640?wx_fmt=jpeg|https://mmbiz.qpic.cn/mmbiz_jpg/RSZCMVRg2TxxyhPM0PnwDAZut62LNm6Eribfq2qg7DPEibeNxzYexDe7o9rwh152mrjZwpmNO4NGhdHPTKZ0ibNAQ/640?wx_fmt=jpeg|https://mmbiz.qpic.cn/mmbiz_jpg/RSZCMVRg2TxxyhPM0PnwDAZut62LNm6EGPQiaCAZxEribsggVMGAIH9EficHJY5dmvw1AJh0ibR0kxuBp5wR4Q2dvg/640?wx_fmt=jpeg|https://mmbiz.qpic.cn/mmbiz_jpg/1Eo86IE01wmHgvboupuvkSicnrnEUXeUueoXtsFjn60oZDcjRX4V5NicMficQgx078qgqpn6zBvXeATdXVn4Ld9Ag/640?wx_fmt=jpeg|https://mmbiz.qpic.cn/mmbiz_jpg/RSZCMVRg2TxxyhPM0PnwDAZut62LNm6EvXvuJOGqiaYibxjehcDgKz9nP17ORGaaBD8DpAu2ViaQaBSTC42c21bicQ/640?wx_fmt=jpeg|https://mmbiz.qpic.cn/mmbiz_jpg/RSZCMVRg2TxxyhPM0PnwDAZut62LNm6EPibGHxlnPd8hmMIL59DxvAWuoH1JIPsJnRUXdqUFSBbqpJvYYLibficBQ/640?wx_fmt=jpeg|https://mmbiz.qpic.cn/mmbiz_jpg/RSZCMVRg2TxxyhPM0PnwDAZut62LNm6El2eLsUjUV8Hr2p2aJfsd5SKGA2PkXD8Qgiase9dGE1Y5nGqHxtgYfjQ/640?wx_fmt=jpeg|https://mmbiz.qpic.cn/mmbiz_jpg/1Eo86IE01wmHgvboupuvkSicnrnEUXeUu2tjmub0GLyfibc244icP9DYG8NMt1n1Ow00kEkwVNtHj64pXE1yRStBA/640?wx_fmt=jpeg|https://mmbiz.qpic.cn/mmbiz_jpg/1Eo86IE01wmHgvboupuvkSicnrnEUXeUub8tazVXKnUFqeIMhQRIaic9iaExtcbS7MWUeZu8Wic76de8NicdUicFJrRA/640?wx_fmt=jpeg|https://mmbiz.qpic.cn/mmbiz_jpg/1Eo86IE01wmHgvboupuvkSicnrnEUXeUuz7YKrBwm2ZB7tTGHbW9tUf6ZN7ItNvup2EE2UTzOLOBE3PpOaUWaicg/640?wx_fmt=jpeg|https://mmbiz.qpic.cn/mmbiz_jpg/1Eo86IE01wmHgvboupuvkSicnrnEUXeUu7aTNJcdooq6F7iaXyUSqUQMo4EpSQKza9QhkTGuibJEd6SnVMQWHPfXQ/640?wx_fmt=jpeg|https://mmbiz.qpic.cn/mmbiz_jpg/1Eo86IE01wmHgvboupuvkSicnrnEUXeUuIYn7HR3mCvAkuYpibKK2SjWenUbURkwZMOgqaHhzRhZGWJf0d6TWz9w/640?wx_fmt=jpeg|https://mmbiz.qpic.cn/mmbiz_jpg/1Eo86IE01wmHgvboupuvkSicnrnEUXeUuHb2D2NGSmQ6uHDegcGDOKiao6ibUjSfTtmnbiaywuKvPvGaYV8WAsXFIw/640?wx_fmt=jpeg|https://mmbiz.qpic.cn/mmbiz_jpg/RSZCMVRg2TxxyhPM0PnwDAZut62LNm6ErHU4vdAaXKxBA1Ieowu4NHdCFbzX6fGz4DLh9vC5PZH97SIhKbRnYw/640?wx_fmt=jpeg|https://mmbiz.qpic.cn/mmbiz_jpg/RSZCMVRg2TxxyhPM0PnwDAZut62LNm6EUcJQv5JEIQU88z4ZNU8iaaiaw7BRSYBR64WksViajATOjm3icD4S6L2yBQ/640?wx_fmt=jpeg|https://mmbiz.qpic.cn/mmbiz_jpg/RSZCMVRg2TxxyhPM0PnwDAZut62LNm6EbAj9Hgo4FZTgM0q4QIiaP9e5xUKicORYAs7Hh2kPTtQTLlfLrI5TbMuQ/640?wx_fmt=jpeg|https://mmbiz.qpic.cn/mmbiz_jpg/1Eo86IE01wmHgvboupuvkSicnrnEUXeUuQCDlQJaRAjLZKgiaGLPx19yRp7UrAqSTQqzVeyRxHaCSXNmPfCdsOYA/640?wx_fmt=jpeg|https://mmbiz.qpic.cn/mmbiz_jpg/E3ZMtC1ARYDgiaiaYqIULlAUlTo1ia9PxYq8WlvUU7wOJLdxqd5f5RpjkyGUbwAG2akdmSMw1D3sl6pSlxAVDravQ/640?wx_fmt=jpeg|http://mmbiz.qpic.cn/mmbiz/bfVs2pZKn9NbkwlIzHiaib6nPIqXNhhApvtUznHXdFNKQl3wiaKsaw86q81ZpwT1P1WrN3qOU5TW59vdw6HCCXbNA/640?wx_fmt=jpeg|https://mmbiz.qpic.cn/mmbiz_jpg/Rjse8l0D2qqPzJia1MF79FnPsjgpaugezfaftibxU3FGZmvW6D1iaTBUkJHyE3qmbASoR2yYsZzANBgPfjrZ3yEUQ/640?wx_fmt=jpeg|https://mmbiz.qpic.cn/mmbiz_jpg/Rjse8l0D2qqPzJia1MF79FnPsjgpaugez4XUw37snm3V5Ix10c2GiaawVL8iaWBtfgW5rO0micOialCgLhmuRtGzdRQ/640?wx_fmt=jpeg|https://mmbiz.qpic.cn/mmbiz_jpg/Rjse8l0D2qrZFL1KJBKhImkdGUBfGcOx5fegUlM3BZ6RuLmhxUCswdBTYXgmYM6PTDw0OnVT4cFBjiactrGUn8w/640?wx_fmt=jpeg|https://mmbiz.qpic.cn/mmbiz_jpg/Rjse8l0D2qrZFL1KJBKhImkdGUBfGcOx9XeHz4xHETq7KzvYpJkSXgD5ohEiaeYBMQ0sbGPh56ece0YLia6MUpbg/640?wx_fmt=jpeg|https://mmbiz.qpic.cn/mmbiz_jpg/Rjse8l0D2qqasDPlh5Pwibg23WlOjibxHtmuric0cjYS5PCcRdSE7MCRtSKW2xZroOvHqlv53iaa12ydd7yEYiaZ40Q/640?wx_fmt=jpeg|https://mmbiz.qpic.cn/mmbiz_jpg/Rjse8l0D2qqahuZCxAFwVkVWJEicxmHApezdPibEictW2neU3ziaIcWTvFicXfKCBicndY0wj4UKbEN6bruyEu0ic0HuQ/640?wx_fmt=jpeg|https://res.wx.qq.com/mpres/htmledition/images/icon/common/emotion_panel/emoji_wx/2_06.png|https://mmbiz.qpic.cn/mmbiz_jpg/Rjse8l0D2qqPzJia1MF79FnPsjgpaugezpMKoH4KxTxgsuvSWF25bNfia4zRxQuSVYWBOzLrBgYicMdAGMIDUbZBg/640?wx_fmt=jpeg|https://mmbiz.qpic.cn/mmbiz_jpg/Rjse8l0D2qqPzJia1MF79FnPsjgpaugezOnibXrvlMsYmWXQnSkjXzj2Q9e2qZ9jYvmuH84HMa2ibj8Z9qmyziaXibw/640?wx_fmt=jpeg|https://mmbiz.qpic.cn/mmbiz_gif/Rjse8l0D2qqPzJia1MF79FnPsjgpaugezZ6iaUFsQKpM5X7CCvdeOib9YR2k1JtjnjBOYX1cjCGbXTTxA37HBG77A/640?wx_fmt=gif]]></image>
</data>
