<data>
  <id><![CDATA[67630480]]></id>
  <url><![CDATA[https://mp.weixin.qq.com/s?timestamp=1542253459&src=3&ver=1&signature=t1tQuhfvgeQkNOJJwpbIKHaUO7dnlZN*2zccNGRqXkkAdpqT5f-W*psGkEJKp2Oxij0XlxjfQqdUSsdjhUR87LN1HjS77OjN6YZhsrdJ*LpToJF-hiCSLdSgKRr50ih0ibanj2KV2ghRU9SOAQbNLIT*Un28tCsWMLrlaJJVEho=]]></url>
  <title><![CDATA[8小时建成世界最热门的民宿，成本才25万！原来美可以如此简单]]></title>
  <content><![CDATA[就在不久前，有媒体报道了无印良品开发定制小木屋的案例，可以让你轻松在各种绝世美景里搭建属于自己的梦幻小屋。这让我们觉得，原来开民宿、造花园，是那么简单的事啊……虽然面积只有9.1平方米，但对于小编这种在杭州连个厕所都买不起的人来说，还是看着很心动，而且，才19万。结果，有人表示不服，丢来了这几张图片，哼哼，论定制房子，我们才是高手。这是爱沙尼亚的一家建筑设计公司，有个奇怪的名字——ÖÖD。听起来，爱沙尼亚这样的欧洲小国家，全部人口加起来也才130万，但就在最近，ÖÖD公司推出的镜屋民宿，在整个欧洲和美国，都快火上天了。镜屋民宿最吸引人的，是只要短短8小时，就可以盖好一栋20平米的漂亮房子。也就是说，只要找到一个地方，谁都可以开民宿，谁都可以做房东。从资料上看，这房子不需要打桩，是临于土地之上。关于这样的建筑是否需要审批，小编也咨询了相关部门，目前这种临时建筑是否合规各地都不明确，比如德清的说法是需要到政府去审批报备，而在桐庐，却已经有类似集装箱做民宿无需审批的现实案例。从外观上看，镜屋民宿像个简洁的方形盒子，正面是原木，其他三面都是镜子。但这些镜面不是易碎的玻璃材质，而是200mm厚度的绝缘体，隔音隔热都不用担心，包括坚硬度也都有足够的保证。而且关键是，漂亮啊！从外往里瞧只看得到镜面投射的户外风景。但从屋内望出去，视野宽阔，一览无遗。哪怕这间屋子只有20平米，但身处其中，一点都不会感觉压抑逼仄，还能与周边风景融为一体。白天沐浴太阳，夜晚观星赏月，足不出户也能体会诗和远方。之所以设计成20平米，ÖÖD公司认为，这样的面积足够完成人类所需的居住功能了。（参照无印良品的小木屋大约是10平方米，小编觉得这个面积足够了。）▲迷你厨房除了卧室，甚至还有迷你小厨房和卫生间。就算两三个好友住进去，也是绰绰有余，尤其适合组团旅游的年轻人。镜屋民宿尤其强调舒适感，在室内，地暖、空调、WiFi 、电视机等一应俱全，甚至配有高级的Bose音响。因为这帮爱沙尼亚设计师认为，谁说住去乡下就一定要过苦行僧生活？“拥抱大自然，不代表就必须抗拒高科技。”更酷的是，关于镜屋民宿的一切，全都可以提前定制。大到家具设计，小到床垫被单、绿植盆栽，就连床头放什么书，都在定制名单当中，包括整座镜屋民宿在内。所有费用加起来，不超过33000欧元（折合人民币约25万元），而且快递送上门，帮你当场安装完成，或远程指导如何安装。这也意味着，只要你付得起这个费用，自己找到地方，就可以拥有自己的度假小屋，或成为一名民宿主人。还是一座“便携”的房子，既能拆卸，也能移动。镜屋民宿不光吸引那些想结伴度假或想开民宿的年轻人，很多有钱人也疯狂追捧镜屋。他们在自己的豪宅后花园，还有顶楼露台，同样摆上镜屋，充当起独树一帜的花园洋房或观景楼阁。镜屋的申请方式，也相当简单粗暴。只要登陆ÖÖD的公司官网（www.oodhouse.com），就可以直接联系他们的CEO，然后按照自己的心意，下单定制。ÖÖD公司已经把中国视为目标市场，估计过不了多久，镜屋民宿就会出现在中国。当然如果要开这样的民宿，可以先咨询当地政府的政策。▲镜屋侧面无独有偶，就在定制房子越来越火的时候，宜家也跑出来搞事情，这次，他们搞了个……这样的球？！这是宜家最新的黑科技，号称可以移动的花园，有了它，就如同有了自己的私家庭院。球形“花果蔬菜园”，通体木制，层层镂空，每层都能种上绿植蔬果，中空的结构留出足够空间，能坐下来喝茶休息。这是两位丹麦建筑师Mads-UlrikHusum、Sine Lindholm和宜家合作设计的种植屋。▲Mads-UlrikHusum▲SineLindholm这种移动种植屋，外观设计成球形，是因为球体有种庇护感，大到地球和宇宙，小到细胞和胚胎的联想。将球体平行切割，形成了不同层，这样一来，水和阳光都能到达种植的每一株植物。把这个花园搬回家也不是难事高2.8米，直径2.5米，一般家庭的空间，足够装了。秉承宜家的一贯风格，这个花园自然仅靠螺丝刀和锤子就可组装。全身只有17张胶合木板，典型的宜家式组装图来了。安装起来也十分方便，大概个把小时就搞定啦。这个球形花园在著名的宜家未来生活实验室里孵化而成，Space10，号称宜家版Google X。在这个球形种植屋里，主妇可以搞起家庭小农业，瓜果蔬菜都能种一种，种植技术熟练了，还去什么菜市场啊！当然，除了实用性，种植球的颜值也很高，如在里面喝茶看报聊天，花园甚至能秒变书房、客厅。比起传统农业用地模式，这样的种植屋能节省95%的土地使用，虽不能大面积投放，但足以改变一个家庭的生活方式。宜家的种植球可以让你不花什么时间和金钱，就能在堂前屋后、甚至自己的家里，有一个小花园、小菜园。毕竟，不是人人都有那么一大块地可以种花养草的，但有那么多人真的想拥有一种花花草草的生活。转自公号：城视窗]]></content>
  <author><![CDATA[小猪漫游]]></author>
  <time>2018-10-31 21:25:55</time>
  <account><![CDATA[littlepig_travel]]></account>
  <image><![CDATA[https://mmbiz.qpic.cn/mmbiz_jpg/MEymibtWWE1KQLQVaIXGvvCzPtxMBh13HcJBuIaNhwKYomicYWAF7PgzPKRDLkDAmfZ1tjmyjop5fbZT8lszJSdQ/640?wx_fmt=jpeg|https://mmbiz.qpic.cn/mmbiz_jpg/MEymibtWWE1KQLQVaIXGvvCzPtxMBh13HZjPS2aywywTtSIpprZXgXKvGY0fF43dRHAa9Hre6Fq5Tlv7xe1GQJA/640?wx_fmt=jpeg|https://mmbiz.qpic.cn/mmbiz_jpg/MEymibtWWE1KQLQVaIXGvvCzPtxMBh13HG5z2ICwh1RHfYAnKJmWvaRbbibPBWOkDP2rgFc8VZcO4ObrYOjlxryw/640?wx_fmt=jpeg|https://mmbiz.qpic.cn/mmbiz_jpg/MEymibtWWE1KQLQVaIXGvvCzPtxMBh13Ht6wvOhvzd8SCFGIAlBkOYkDtnBiaRaYvae07vyGsskib1Ss8B3ibM3yPA/640?wx_fmt=jpeg|https://mmbiz.qpic.cn/mmbiz_jpg/MEymibtWWE1KQLQVaIXGvvCzPtxMBh13Hv05LWrccD7kUL2Chibnib2Bq594kTczSevA9Dibl5W0Te2N9VrSDTVOtQ/640?wx_fmt=jpeg|https://mmbiz.qpic.cn/mmbiz_jpg/MEymibtWWE1KQLQVaIXGvvCzPtxMBh13HcJBuIaNhwKYomicYWAF7PgzPKRDLkDAmfZ1tjmyjop5fbZT8lszJSdQ/640?wx_fmt=jpeg|https://mmbiz.qpic.cn/mmbiz_jpg/MEymibtWWE1KQLQVaIXGvvCzPtxMBh13HXy8RVoEOH7p9ZbWkZl7PecJsZjXJ5LuQBL9QT7kyeL0U5ykzs4GkBQ/640?wx_fmt=jpeg|https://mmbiz.qpic.cn/mmbiz_jpg/MEymibtWWE1KQLQVaIXGvvCzPtxMBh13HVFfKbTvYvjib36s2afHN2PIDQHV47eJGcL5rLqNLd7LdNoxxkWrbLKw/640?wx_fmt=jpeg|https://mmbiz.qpic.cn/mmbiz_jpg/MEymibtWWE1KQLQVaIXGvvCzPtxMBh13HXTpcFrN2wLmC2Iaph9eg4lJ9MgOOC6BNp76UjQ9V2XdKsGd3y5Nmrw/640?wx_fmt=jpeg|https://mmbiz.qpic.cn/mmbiz_jpg/MEymibtWWE1KQLQVaIXGvvCzPtxMBh13HZyyOlz7NwND1WqXWpBaFPSmw1Y8SwHPxdU4wc3NUoAbXXPfjRYa4aw/640?wx_fmt=jpeg|https://mmbiz.qpic.cn/mmbiz_jpg/MEymibtWWE1KQLQVaIXGvvCzPtxMBh13HZHjvRv9OI1Xf1AiadicCibAn7Gruw4rwwtRfeW8aOghYMnPur9VrErhicw/640?wx_fmt=jpeg|https://mmbiz.qpic.cn/mmbiz_jpg/MEymibtWWE1KQLQVaIXGvvCzPtxMBh13HDIIv0jia9jauopa7iaX6Tu50GUMibMJKuA2xvfDCt5zHjhsmJfnfP9l2w/640?wx_fmt=jpeg|https://mmbiz.qpic.cn/mmbiz_jpg/MEymibtWWE1KQLQVaIXGvvCzPtxMBh13H3JnlYvhlDicNbNy0tG6mia8R1PEUu7ZzuShibYiaRxHVa2o6zB28LmRAAQ/640?wx_fmt=jpeg|https://mmbiz.qpic.cn/mmbiz_jpg/MEymibtWWE1KQLQVaIXGvvCzPtxMBh13HjW4yMI2UQK84PkeOGdOSIEK5kHGgad8OFibPJ40rxpgxafgdQQkWXiaw/640?wx_fmt=jpeg|https://mmbiz.qpic.cn/mmbiz_jpg/MEymibtWWE1KQLQVaIXGvvCzPtxMBh13Hk83tBHia16Z5sShpaehU3xnhsCVaU42Y96LQ4mdOQCTzOaYQPJVI1vg/640?wx_fmt=jpeg|https://mmbiz.qpic.cn/mmbiz_jpg/MEymibtWWE1KQLQVaIXGvvCzPtxMBh13HUS61csMqoYv4DLuKkcW3t3d9ich0EmgmO9WzGgBKd8hcSBfibU26Vw3g/640?wx_fmt=jpeg|https://mmbiz.qpic.cn/mmbiz_jpg/MEymibtWWE1KQLQVaIXGvvCzPtxMBh13HCOHHiajEl4A85mmpy93dxhp6YFMIicZJZCLmmZ818N8LppHSRlGoCocQ/640?wx_fmt=jpeg|https://mmbiz.qpic.cn/mmbiz_jpg/MEymibtWWE1KQLQVaIXGvvCzPtxMBh13HEA2V0SVHJzmTY1lrSPgs3GVVhU12XO6OtEKoOrib23NARwDHQ1kaJMQ/640?wx_fmt=jpeg|https://mmbiz.qpic.cn/mmbiz_jpg/MEymibtWWE1KQLQVaIXGvvCzPtxMBh13HjdzM63Gj60BbvLyDzZIjRicSMpeJez2aWsfEzOvCNicAhS9tl8Xh1CZg/640?wx_fmt=jpeg|https://mmbiz.qpic.cn/mmbiz_jpg/MEymibtWWE1KQLQVaIXGvvCzPtxMBh13HCkCHu4moETLJHGKRrRIwLAKPftY1oRaBicHXOWP6r2CE1Mc6GyoH9mg/640?wx_fmt=jpeg|https://mmbiz.qpic.cn/mmbiz_jpg/MEymibtWWE1KQLQVaIXGvvCzPtxMBh13HxTBvLd13gyAw95GngIYMbghLd5dqFMy6wzUyticuGAj4NMLHZdjyUqg/640?wx_fmt=jpeg|https://mmbiz.qpic.cn/mmbiz_jpg/MEymibtWWE1KQLQVaIXGvvCzPtxMBh13HS33Fxp9I6jvrTAGlCbz2LBhtlzmm3v8Eib0Cc9PY5CVwZPoHBJiajqfg/640?wx_fmt=jpeg|https://mmbiz.qpic.cn/mmbiz_jpg/MEymibtWWE1KQLQVaIXGvvCzPtxMBh13HcyaiacDwVia9mDOHG1Suibf5a8kkvgHXwEMrRzKbDINANobXNvWL4qJkQ/640?wx_fmt=jpeg|https://mmbiz.qpic.cn/mmbiz_jpg/MEymibtWWE1KQLQVaIXGvvCzPtxMBh13HDkiaZglQJN6DnpJZmKazia4AP9NRkVAbJCQ9PYYhKRDCIicbyQ1NjllOQ/640?wx_fmt=jpeg|https://mmbiz.qpic.cn/mmbiz_jpg/MEymibtWWE1KQLQVaIXGvvCzPtxMBh13HHyUETnJpq1I2Hr9EjVyj4sK32qW1sJ0cXNGjrcSLJvXg1pIa5ib4iaBQ/640?wx_fmt=jpeg|https://mmbiz.qpic.cn/mmbiz_jpg/MEymibtWWE1KQLQVaIXGvvCzPtxMBh13H86BELldqxxmNKww53HetBCibCAuXajltz0xXpnbu9ibJkicxyDk48pV9w/640?wx_fmt=jpeg|https://mmbiz.qpic.cn/mmbiz_jpg/MEymibtWWE1KQLQVaIXGvvCzPtxMBh13H3pSWzFqXl94kBP42Vap312ibeRttj8t5EBe2QqC1IdRSCPoe1QBtCXg/640?wx_fmt=jpeg|https://mmbiz.qpic.cn/mmbiz_jpg/MEymibtWWE1KQLQVaIXGvvCzPtxMBh13HFxtPZnb9Dic8M1ueaEIcQIHFjN8jH3l9gCPYDUF46zgNl3AR2Nh0iaVA/640?wx_fmt=jpeg|https://mmbiz.qpic.cn/mmbiz_jpg/MEymibtWWE1KQLQVaIXGvvCzPtxMBh13HI51TnFIjiaVTGEvzZtEeyzgm3icklibvGtlmicvUu0O3srQCibNRpEEJnew/640?wx_fmt=jpeg|https://mmbiz.qpic.cn/mmbiz_jpg/MEymibtWWE1KQLQVaIXGvvCzPtxMBh13Hxs5Tfggm2usibiauFYsT0ogCWiaGeapvWgiciawnHMNM365HXpQPkXyMKUw/640?wx_fmt=jpeg]]></image>
</data>
