<data>
  <id><![CDATA[67630480]]></id>
  <url><![CDATA[https://mp.weixin.qq.com/s?timestamp=1542253459&src=3&ver=1&signature=t1tQuhfvgeQkNOJJwpbIKHaUO7dnlZN*2zccNGRqXkkAdpqT5f-W*psGkEJKp2Oxij0XlxjfQqdUSsdjhUR87OLVHVZinKC4jkEXCWIe6-WwRY9nf2TzdGJ1qIMlId2iRnjHQFhzI2eAeUKR3SwBLdcQ-CJBafOq8hI9saK59sE=]]></url>
  <title><![CDATA[最适合一个人旅行的9个漫游地，累了就去走一走!]]></title>
  <content><![CDATA[小猪漫游乡村漫游第一平台如果你厌倦了忙碌，那么，不妨抽出几天时间，到这几个地方漫游。不在乎远近，也无关目的，也许就是静静地发会呆就会让你有不一样的体验......大理看似喧嚣的大理，其实是座慢悠悠的城市。当你避开了大热的景点，没有了匆忙的游客，只剩下漫不经心的脚步时，你很就会被这里的“懒散”所感染。摄影byHEEMEAN在洱海畔，你可以白天骑行环海路，在这里看日出、看晚霞、聊天、喝茶，都是那么的惬意和休闲。摄影by百慕大橘子当你决定静下心来小住几日，或许大理不再是你的一场美拍之旅，更是一段美丽的生活，一场心灵的休憩。阳朔在阳朔，最没用的恐怕就是钟表了，任何人到了这里都要学会放下城市里的匆忙脚步，去品味一段慢时光。明洁如镜的水面倒映着群山白云，河水静静流淌，鱼翔浅底，山水相映一色，清新脱俗，怎么看都看不腻。摄影by潘奕峰一叶扁舟，碧波荡漾，从杨堤上船，顺流而下，吹着细细的微风，一览漓江的山水风情……夜幕来临，灯光璀璨，即使一个人也不觉得孤单。扬州去过扬州的人都说，扬州是座特别适合生活的城市。不仅因为这里烟雨迷蒙的美丽，更因为这里“早上皮包水，晚上水包皮”的娴静慢生活。宜清风、宜月色、宜微雨，宜老饕，扬州这座娴静的苏中小城，即使只是用步行去欣赏也不会太累。所以，来到扬州，不妨当一天扬州人，去体验老扬州的慢生活吧。摄影by旧时明月苏州红阑干畔，白粉墙头，桥影媚，橹声柔，清清爽爽，静静悠悠，最爱是苏州。摄影by老土0803如果你想寻一座城，感受江南的烟雨风情，那就去苏州吧，这里最适合一个人独自看风景。摄影bycaozhiling喝喝茶，吃吃茶点，听一段评弹，足以让你忘却平日的烦恼，只想安安静静的度过在苏州的每一天。这里有道不尽的“闲愁”。也正因为“闲”，所以才漫无目的，漫无边际，飘飘渺渺，捉摸不定，却又无处不在，无时不有。成都成都人常把“巴适”挂在嘴边，闲适的生活节奏是这座城市的名片，满城的茶馆正是这座城市悠闲气质的最好体现。来到这座城市，只管放缓仓促的步伐，在成都的街头走一走，悠闲地享受生活。摄影byhelloBVM茶馆、麻将、小吃好像就构成了成都的模样，让你暂时忘记了一切的烦恼。上海上海，这个地方，它繁华、小资、国际化；它也老陈、市井、生活化；在上海这样一个繁华如锦的城市，无论大街小巷都会有一段故事。从早到晚，光影给上海增添了别样不同的魅力，很适合一个人在这座城市里走走停停。你可以捧一杯咖啡，在一家文艺小店小憩，看着车来车往，人山人海，自己便是最娴静的一个。山西平遥漫步于平遥就仿佛漫步于一场千年繁华的梦，这是一座世人瞩目的古城，只有细细的品味，才能领略其特有的风采。不经意地漫步在有点沧桑的街巷中，不经意地步入一家寻常庭院，不经意地观赏那些美不胜收的砖雕、木雕、窗花和剪纸……仿佛在诉说古老的过去。湖南凤凰小桥、流水、人家组成了凤凰古城最美的风情，沱江边上的吊脚楼，还有那潇湘烟雨中独具魅力的风土人情，使这里成为了许多人心中的一个梦。清晨，坐上小小的乌篷船泛舟沱江。看粼粼的水纹在面前荡开，听若有若无的歌声，心境也会渐渐从喧嚣中走出来。凤凰一定要慢游，把自己放空那种，睡到自然醒，然后就溜达，这才是凤凰的调调。贵州西江千户苗寨西江，是一个躲在深山远离尘嚣的世界。一个走近便会流连忘返之地，一个满是米酒飘香的地方。在这样一个地方，清晨的村寨还在睡梦之中时，那缭绕的云雾便让整个村寨都似乎置身于云端，如同仙境般美轮美奂。吃吃逛逛，走走停停，放下担忧，忘却烦恼。每个人都应该有一次难忘的独自旅行，你准备好要动身了吗？点击图片即刻阅读乡村旅游 找小猪漫游拨打小猪热线 400-100-6897 订制团队游下载小猪漫游APP，注册即送8.8积分，成为小猪家人可以免费参加小猪超值课程套餐：1:国学，2:茶道，3:花道，4:养生（太极，瑜伽），5:香道，6:摄影，7:手作DIY，8:甜品，9:古典音乐，10:养车之道。超值享受就在成为小猪家人，不要犹豫啦 即可扫码抢注！——如果喜欢，请分享给你的朋友吧——资料来源：网络搜集声明：转载请注明出处版权归原作者所有，如有侵权请联系我们]]></content>
  <author><![CDATA[小猪漫游]]></author>
  <time>2018-11-11 19:29:35</time>
  <account><![CDATA[littlepig_travel]]></account>
  <image><![CDATA[https://mmbiz.qpic.cn/mmbiz_png/Rjse8l0D2qqahuZCxAFwVkVWJEicxmHApuC63ZQia0TCsPrFRjSvRcgNZFvkcEyzLPSDSLbXQ4XvHz8vDicAeSsaA/640?wx_fmt=png|https://mmbiz.qpic.cn/mmbiz_jpg/Rjse8l0D2qrHaTZ0SS95Et5LMCr4CC7VKLClltERktfuS5ZoEUDqhrtwovfscynwQ2E5RIib1Wicdd8NTxtvibZXw/640?wx_fmt=jpeg|https://mmbiz.qpic.cn/mmbiz_jpg/puf6z7dZMm3lH65mVNJFJicd4y4t4DsS1Ayb13y4ricNzjUrZGJ4mDT04fYuKl1WDUaJ9UniaGhW44HDMkvhafqrw/640?wx_fmt=jpeg|https://mmbiz.qpic.cn/mmbiz_jpg/yZicewu7XdFbJ8LQb9r3Umr00wskPQTeAOEOSk3NRN4BhEFyGwmdT9sRvzpdtswkKPYibBf5kuwtxW4VaEkicsUkw/640?wx_fmt=jpeg|https://mmbiz.qpic.cn/mmbiz_png/SNjITAcg5VmO7zHTHyyNNebiajuUXmFYibib6Cr8UtTZBnZeB1oa4AhvVlyM5ZibvB4I0KibGibhGPRjSVPvImQbs1cQ/640?wx_fmt=png|https://mmbiz.qpic.cn/mmbiz_png/splGlp9zuGibt8gEAO25LpMwwkRhicV471aiaqQVbXjLcs3RnevibYiaMTX6lEHxgGL8icxPZJRuGoPyAp7DKnljg8dA/640?wx_fmt=png|https://mmbiz.qpic.cn/mmbiz_jpg/hNIaK8EflyKzsuZepNYuNwWMnLbwhySgNB0wpwJb7CB4hVRvicF7gv1MpYJI0ECniaZT4L0CicicruEgaOQCMRkvicQ/640?wx_fmt=jpeg|https://mmbiz.qpic.cn/mmbiz_jpg/6BgfgnOHqU3P7ZZjuxBiayLu1uQkaLIyHjV52Vavibr5JDPnzicjeKnQrMkmVdajALL6WXdTw0kGC9lDIZW1BV08g/640?|https://mmbiz.qpic.cn/mmbiz_jpg/MicKp7FG63hbiatX6BxZnUjn6q4Gq6w5RpXPgkpMiavYFAVIiccnW0KMg5IAZ8G9nRdrM9TxvCFrYK9D4UGibFKxHRg/640?|https://mmbiz.qpic.cn/mmbiz_jpg/puf6z7dZMm1Pcswn7B3gD34ufkHpFDZN9XqTh4wy92ZQhjyz8SqXBUL00QQRQQK5iatG2RING7AAIuB0vkB7eCg/640?wx_fmt=jpeg|https://mmbiz.qpic.cn/mmbiz_jpg/s2CkcSvLVt6VYevhQsLYjxCIvDic3zia7fwVjBIhAr9Kbric899IiaicQT8WUkvWcBnS58gsVicaHlplbF2OgH6wL8Gg/640?wx_fmt=jpeg|https://mmbiz.qpic.cn/mmbiz_jpg/iaLMOCRpReOzbQvMLRyZhRDdwpyBtIBBiammP2ibLZtXh8FaIZHvlP3Y19ceVGx9E0icc3IXzUsQH2vYYBGG9GrX5g/640?|https://mmbiz.qpic.cn/mmbiz_jpg/s2CkcSvLVt6VYevhQsLYjxCIvDic3zia7f9mAOStGDfHyXfxYviaRMfgX6YnlyW16icb6TQqLQsmGVBjKlyUWXKVRA/640?wx_fmt=jpeg|https://mmbiz.qpic.cn/mmbiz_png/SNjITAcg5VmO7zHTHyyNNebiajuUXmFYibF3m5YKgxjCCwqpmebRomMMSM54y5TBN5oP50nW0Uk2bny7Mtk15UibQ/640?wx_fmt=png|https://mmbiz.qpic.cn/mmbiz_jpg/SNjITAcg5VmO7zHTHyyNNebiajuUXmFYibTADU57cYSVBNLw82pCusBVmUqicnflK06Qrlfaf0jKmY2rhh95l06XA/640?wx_fmt=jpeg|https://mmbiz.qpic.cn/mmbiz_png/SNjITAcg5VmO7zHTHyyNNebiajuUXmFYibQEvTYcoOHtS5bl26WAcht2aeXgfK0InxOhgdLPFdUMpg9W3prsC5Zg/640?wx_fmt=png|https://mmbiz.qpic.cn/mmbiz_jpg/splGlp9zuGibt8gEAO25LpMwwkRhicV471X8LVgS4Fdx0fbRZicsQWTia5KxGHhZ6mGPErrtfErEfhHdejoZxDYjoQ/640?wx_fmt=jpeg|https://mmbiz.qpic.cn/mmbiz_jpg/puf6z7dZMm0Gxn2jqUE1HjWtiaogBs1EsTuJ0cEDwhDyQibWZ9OJV5qVice10Ucs65picfWucYVpgCWeJKZNQrhdSw/640?|https://mmbiz.qpic.cn/mmbiz_jpg/oqqI2DYna3WNIZArHOiaEetkgLU2v1esVic5Xpycpfyn11YAW6ic1FhpF1rMx1zpI22KARuOa585KXrPe5Hvm8o7g/640?wx_fmt=jpeg|https://mmbiz.qpic.cn/mmbiz_jpg/yZicewu7XdFbKaPPTxgBAF9yw9icdXRWgovrl8tcO06S2jocnjudYl5kzq8PMpwhCGqz3Pth6DWDcOjmzJMNslyw/640?wx_fmt=jpeg|https://mmbiz.qpic.cn/mmbiz/OiasxO9tpot1GM2Pj8T1WJ3ebd2Lfebl6icQ8zZRWEhd5s3aDMyUnPHKDv2484vSNhJag7FTcod6JGlv3NicjT2WQ/640?wx_fmt=jpeg|https://mmbiz.qpic.cn/mmbiz_jpg/I2zaKFmjaP6C2mLZS85a64j3E2QQe6MvmakvjIJdgTdACcudJFxwRNHZjTL2ZXwj7rKoLFVrtatgnWOTKmNOxw/640?wx_fmt=jpeg|https://mmbiz.qpic.cn/mmbiz/ecPnX6NrRYgcHQjGjjB4QWvv3e7XYibZLIHYiawy25nibSBnJsVbZTDqrTJxNZicA701aBibJTzpoX6KQyQEG5ibrKLw/640?|https://mmbiz.qpic.cn/mmbiz_jpg/splGlp9zuG94vVr81ic2sQEVgXC6nMy3wLgWB63qQ1UByIfZMhJFjcdGnxnEeoYEMUR3wkoYpYiamTaeeRicficQWw/640?wx_fmt=jpeg|https://mmbiz.qpic.cn/mmbiz_jpg/splGlp9zuGibt8gEAO25LpMwwkRhicV4714KBMQEKBgyc2A2aczxvy680n56YRGNTRQ5nMDJIib3NM5Ys9nMHNAXw/640?wx_fmt=jpeg|https://mmbiz.qpic.cn/mmbiz_png/splGlp9zuGibt8gEAO25LpMwwkRhicV4719H5wynzCtW4DANoXbKyzWRiaLtQNk51LU0ZBTLEddb2FaB8pUerluOA/640?wx_fmt=png|https://mmbiz.qpic.cn/mmbiz_jpg/puf6z7dZMm21PEscp4jyEx5Vh6eJdcWBusfdNt07ZgNykdr4xsJNGicxb4gLd1yNnkwf2Lib0V3StbAwlyhLlD4g/640?wx_fmt=jpeg|https://mmbiz.qpic.cn/mmbiz_jpg/puf6z7dZMm21PEscp4jyEx5Vh6eJdcWBK5NpSKraLWoTx8tR1EFvccM8t1dpAXTBBLt5L4T5Lq7DASEXxHdUPA/640?wx_fmt=jpeg|https://mmbiz.qpic.cn/mmbiz_jpg/puf6z7dZMm1lcAIVico9pb72DVuMsqrcqibfPibceqxLa0pIWyUcUINGydBziblBEG2rQhjzDGoyKSu6OibDUiaSGq0Q/640.jpeg?|https://mmbiz.qpic.cn/mmbiz_jpg/puf6z7dZMm1lcAIVico9pb72DVuMsqrcqC6xq55kHVjvplgoQCNyN6nhUU79260GcCWxUnnZegMNBK7EqrYkibJg/640.jpeg?|https://mmbiz.qpic.cn/mmbiz/bhmFYuksemZLZjGvibiab98K2wZFr7XLWTqCDZibPSEiaQrMIAObQ88bHiaX2vb72olicHLf9onqGDUgljgT7raEpOxA/640?wx_fmt=png|https://mmbiz.qpic.cn/mmbiz_jpg/puf6z7dZMm21PEscp4jyEx5Vh6eJdcWBtysy1Nzic6ZuxWpea0L7yB58tPSPsae79REYB2gushc0kcgUURGRJfw/640?wx_fmt=jpeg|https://mmbiz.qpic.cn/mmbiz_png/puf6z7dZMm21PEscp4jyEx5Vh6eJdcWBx43hRsdlUicAeA6LwhpNnRKcicRBNlKriaMicZyNiadjgkWUQwIlnrceibQQ/640?wx_fmt=png|https://mmbiz.qpic.cn/mmbiz_jpg/puf6z7dZMm21PEscp4jyEx5Vh6eJdcWBhUnamBgvjAA2icvUMmGZf8iaRtBCoEPwav4NUYYML8GwicKjgrhwNFa1w/640?wx_fmt=jpeg|https://mmbiz.qpic.cn/mmbiz_jpg/R0P838ub9Po8zibu059xBqwAKVatdTmMhGib325FRra9icJ9ehysYBluvreibhB7BHmpem4tWPySosOZVnC4fC2ic7Q/640?wx_fmt=jpeg|https://mmbiz.qpic.cn/mmbiz_jpg/saibreLspU5hNCtjtNyjXLDY43AkDytAhYgibcmYYLwhCuYoD6x3h6RhlU5ic3YTnnnT1C8vnK8ibicsPxCE0rpGxGQ/640?wx_fmt=jpeg|https://mmbiz.qpic.cn/mmbiz_jpg/R0P838ub9PqpPEib6xfjpWEokNJzxRoQPQL0RBQQOiblGZiaKSewHjuQ5wpSXw5eHFq1y2JmF3SAm9MNxRW7b87bA/640?wx_fmt=jpeg|https://mmbiz.qpic.cn/mmbiz_jpg/oqqI2DYna3WNIZArHOiaEetkgLU2v1esVILxmnYIjd4CGqEKibp8aGFDurBYxZK8sM3VB6TlIGYADu6Tff7FEzvw/640?wx_fmt=jpeg|https://mmbiz.qpic.cn/mmbiz_jpg/oqqI2DYna3WNIZArHOiaEetkgLU2v1esVjtnOTfyjOhhImfsD9Eia7pGdQr8z8oD9YDFkRMypeRvwIiaAkWA0amZQ/640?wx_fmt=jpeg|https://mmbiz.qpic.cn/mmbiz_jpg/Q49xL1ia0ibD67RxfIib61o0NNdvpSNL9kQJriapa5JkeicOupRyGofSoZSr59ibJlZPDNp8Zejyu5LQIXoI9ycpZPOw/640?wx_fmt=jpeg|https://mmbiz.qpic.cn/mmbiz_jpg/splGlp9zuGicps57uSAqP0p2rJ7TicoraoHAfwcYqBq9NxvNpjC6TFctiaGeOBxTubnfNJWHNRsE8iarfJRw9cvOvg/640?|http://mmbiz.qpic.cn/mmbiz/bfVs2pZKn9NbkwlIzHiaib6nPIqXNhhApvtUznHXdFNKQl3wiaKsaw86q81ZpwT1P1WrN3qOU5TW59vdw6HCCXbNA/640?wx_fmt=jpeg|https://mmbiz.qpic.cn/mmbiz_jpg/Rjse8l0D2qqPzJia1MF79FnPsjgpaugezfaftibxU3FGZmvW6D1iaTBUkJHyE3qmbASoR2yYsZzANBgPfjrZ3yEUQ/640?wx_fmt=jpeg|https://mmbiz.qpic.cn/mmbiz_jpg/Rjse8l0D2qqPzJia1MF79FnPsjgpaugez4XUw37snm3V5Ix10c2GiaawVL8iaWBtfgW5rO0micOialCgLhmuRtGzdRQ/640?wx_fmt=jpeg|https://mmbiz.qpic.cn/mmbiz_jpg/Rjse8l0D2qrZFL1KJBKhImkdGUBfGcOx5fegUlM3BZ6RuLmhxUCswdBTYXgmYM6PTDw0OnVT4cFBjiactrGUn8w/640?wx_fmt=jpeg|https://mmbiz.qpic.cn/mmbiz_jpg/Rjse8l0D2qrZFL1KJBKhImkdGUBfGcOx9XeHz4xHETq7KzvYpJkSXgD5ohEiaeYBMQ0sbGPh56ece0YLia6MUpbg/640?wx_fmt=jpeg|https://mmbiz.qpic.cn/mmbiz_jpg/Rjse8l0D2qqasDPlh5Pwibg23WlOjibxHtmuric0cjYS5PCcRdSE7MCRtSKW2xZroOvHqlv53iaa12ydd7yEYiaZ40Q/640?wx_fmt=jpeg|https://mmbiz.qpic.cn/mmbiz_jpg/Rjse8l0D2qqahuZCxAFwVkVWJEicxmHApezdPibEictW2neU3ziaIcWTvFicXfKCBicndY0wj4UKbEN6bruyEu0ic0HuQ/640?wx_fmt=jpeg|https://res.wx.qq.com/mpres/htmledition/images/icon/common/emotion_panel/emoji_wx/2_06.png|https://mmbiz.qpic.cn/mmbiz_jpg/Rjse8l0D2qqPzJia1MF79FnPsjgpaugezpMKoH4KxTxgsuvSWF25bNfia4zRxQuSVYWBOzLrBgYicMdAGMIDUbZBg/640?wx_fmt=jpeg|https://mmbiz.qpic.cn/mmbiz_jpg/Rjse8l0D2qqPzJia1MF79FnPsjgpaugezOnibXrvlMsYmWXQnSkjXzj2Q9e2qZ9jYvmuH84HMa2ibj8Z9qmyziaXibw/640?wx_fmt=jpeg|https://mmbiz.qpic.cn/mmbiz_gif/Rjse8l0D2qqPzJia1MF79FnPsjgpaugezZ6iaUFsQKpM5X7CCvdeOib9YR2k1JtjnjBOYX1cjCGbXTTxA37HBG77A/640?wx_fmt=gif]]></image>
</data>
