<data>
  <id><![CDATA[67630480]]></id>
  <url><![CDATA[https://mp.weixin.qq.com/s?timestamp=1542253459&src=3&ver=1&signature=t1tQuhfvgeQkNOJJwpbIKHaUO7dnlZN*2zccNGRqXkkAdpqT5f-W*psGkEJKp2Oxij0XlxjfQqdUSsdjhUR87LN1HjS77OjN6YZhsrdJ*LpP*dP4xTmey6V*aGSUjyd05qq8vx*Aa9R3EFd739wVa-3Icoju4m7XgmXD6cWekOc=]]></url>
  <title><![CDATA[一组100年前的中国旧照，只有奶奶们才见过的中国！]]></title>
  <content><![CDATA[你见过一百年前的中国吗？一组照片横跨两个世纪那时候纸糊的风筝是孩子们春天最大的快乐那时候看一场村口的小人戏孩子们脸上就能挂一整天的笑容那时候即使用着木杆秤也不用怕缺斤少两的事能多给点就多给点那时候的魔术师是会编草编蚂蚱的手艺人那时候街边卖艺的都是凭真把式即使过的再苦也靠本事生活那时候在家里经常能听到各种小贩的吆喝声还有熟悉的“磨剪子嘞，戗菜刀”那时候最流行的音乐就是大戏院的戏剧那时候一壶好茶一盘棋就能消磨一下午的时间那时候人人都喜欢学两手中国功夫那时候的冬天最开心的就是吃上一串酸酸甜甜的糖葫芦心急的搞得脸上黏黏糊糊的那时候没有带格纹的纸人们就用铜钱压线好能写得规矩那时候一把纸扇是一个人一辈子的心血那时候特别佩服吹糖人的爷爷那时候人们为了生活吃饭也是匆匆忙忙那时候老爷爷们都喜欢养鸟那时候的溜冰鞋你肯定没见过那时候手纳的鞋底穿上几个年头也不会坏那时候少年强则国强传承的力量与渴望令人动容那时候中国处在慌乱年代但是人们还是在认真生活那时候留下的照片是黑白的照片中人们的眼里却散发出充满希望的光亮沧海桑田一代又一代人登台谢幕来去匆匆、前赴后继推动着这个国家的发展商]]></content>
  <author><![CDATA[小猪漫游]]></author>
  <time>2018-10-31 21:25:55</time>
  <account><![CDATA[littlepig_travel]]></account>
  <image><![CDATA[https://mmbiz.qpic.cn/mmbiz_jpg/NYMVZ4zyic3YVtaPGozmicpRYKoDqiatcoOYd4fSgzoWa9cZpmNsJHcWcMXW9sAx782wNcgia1KlkpJ9l3A4ibQkQcw/640?wx_fmt=jpeg|https://mmbiz.qpic.cn/mmbiz_jpg/NYMVZ4zyic3Y66PqH1F1AiaPicL7Qk4OJm0eCJ1AdxtEGy1ZZOoky5G0blKO2okYNicicicx1XnMyMbdx3sf9y4yJgdQ/640?wx_fmt=jpeg|https://mmbiz.qpic.cn/mmbiz_jpg/NYMVZ4zyic3YVtaPGozmicpRYKoDqiatcoOBmic9xK4LRQahEl0ckyoUC1YnNj0wN90US6pFJdqQNWZfDct8iaEHv7w/640?wx_fmt=jpeg|https://mmbiz.qpic.cn/mmbiz_jpg/NYMVZ4zyic3YVtaPGozmicpRYKoDqiatcoOV9x5XjVsvsKsRboClmgvuptib2rwrm7lkewhLOd12wmxI5ib87V5ibx0A/640?wx_fmt=jpeg|https://mmbiz.qpic.cn/mmbiz_jpg/NYMVZ4zyic3YVtaPGozmicpRYKoDqiatcoO3Coe7zT3vlvxtL9kUEC8GZWCxfsib5cJMeePsNuNP8QykaHbKCSkfsA/640?wx_fmt=jpeg|https://mmbiz.qpic.cn/mmbiz_jpg/NYMVZ4zyic3YVtaPGozmicpRYKoDqiatcoOZ7QuAfcesppcKdKZPObVsZHTeqaAJbXzVFicpsQwseib69br3dSvia1cA/640?wx_fmt=jpeg|https://mmbiz.qpic.cn/mmbiz_jpg/NYMVZ4zyic3YVtaPGozmicpRYKoDqiatcoOxTZvmccMIx6SnuPRMGP9ASSHqCNvia1uYGoXHfiaIx5YrMOvpCvqKxHA/640?wx_fmt=jpeg|https://mmbiz.qpic.cn/mmbiz_jpg/NYMVZ4zyic3YVtaPGozmicpRYKoDqiatcoObZWG2RAuOX64ZY5h57ib9jSrwXH21tFCib8sSj913GcMepILNpje6ibdw/640?wx_fmt=jpeg|https://mmbiz.qpic.cn/mmbiz_jpg/NYMVZ4zyic3YVtaPGozmicpRYKoDqiatcoOaErQu8PZVzRJBxzyYTx6tzJLLbZWvqENyo7wibVzanUUcYzsmfzc7bg/640?wx_fmt=jpeg|https://mmbiz.qpic.cn/mmbiz_jpg/NYMVZ4zyic3YVtaPGozmicpRYKoDqiatcoOmNpqrhzXtylc26adqnjpqvwjV5Opj0JWKwyOiacdDLqXeyqw5FdrzHg/640?wx_fmt=jpeg|https://mmbiz.qpic.cn/mmbiz_jpg/NYMVZ4zyic3YVtaPGozmicpRYKoDqiatcoOgECScFiamLqyygpvIGMFzISIHvQy1bHbW35GJTFpKIiaXGCqic9zPFY6g/640?wx_fmt=jpeg|https://mmbiz.qpic.cn/mmbiz_jpg/NYMVZ4zyic3YVtaPGozmicpRYKoDqiatcoOziby6iae4zTH3gGcPpb1VmLnqibZ5YGrE2nIDEnIdJpMwc8WqR1tOv30Q/640?wx_fmt=jpeg|https://mmbiz.qpic.cn/mmbiz_jpg/NYMVZ4zyic3YVtaPGozmicpRYKoDqiatcoO0LHwWcZSfmf37msvgib760NfOenOFicUdtLquGQwr51zQVHsfwNln7aA/640?wx_fmt=jpeg|https://mmbiz.qpic.cn/mmbiz_jpg/NYMVZ4zyic3YVtaPGozmicpRYKoDqiatcoOBhbQZ1QaZkwibwwNYEicf15HZYnsp10e9giawNf97WOsMBJhWeR9oD0wQ/640?wx_fmt=jpeg|https://mmbiz.qpic.cn/mmbiz_jpg/NYMVZ4zyic3YVtaPGozmicpRYKoDqiatcoOoia0U9ox3e3HlJLaFNVrtqnZmiaWv2PI6FOH0zZWAfhhRdBnkUJ6BU9w/640?wx_fmt=jpeg|https://mmbiz.qpic.cn/mmbiz_jpg/NYMVZ4zyic3YVtaPGozmicpRYKoDqiatcoO05y5Nibago2QT5kbbTyJB99yvV8ApE8DHrNSVHfK5Ee8iclAU6jWOg3w/640?wx_fmt=jpeg|https://mmbiz.qpic.cn/mmbiz_jpg/NYMVZ4zyic3YVtaPGozmicpRYKoDqiatcoON3UNGb4q2TnDGOdEhlRqMF5KclAxticltchmCHTZVcGPo6dyzlpunNw/640?wx_fmt=jpeg|https://mmbiz.qpic.cn/mmbiz_jpg/NYMVZ4zyic3Y66PqH1F1AiaPicL7Qk4OJm0ibfGPKSuKsHbAcXlW3AuGmhOuw5ytGWq4OmaIEqaXjBwPQHy4vvpRWg/640?wx_fmt=jpeg|https://mmbiz.qpic.cn/mmbiz_jpg/NYMVZ4zyic3Y66PqH1F1AiaPicL7Qk4OJm0jpdBwgIvQ3nUgRkoywGMwogY7fDlnVZX6MM3QYhAsyO2845ZHhPAmg/640?wx_fmt=jpeg|https://mmbiz.qpic.cn/mmbiz_jpg/NYMVZ4zyic3YVtaPGozmicpRYKoDqiatcoOGBBAq4HcgDibtnoQjVUeIvbEWiaIkYFKib6RiaZSqZLNRac05GxFANG2Vg/640?wx_fmt=jpeg|https://mmbiz.qpic.cn/mmbiz_jpg/NYMVZ4zyic3YVtaPGozmicpRYKoDqiatcoOzKCs2EmhhcSnM0ZnCTmZRA2SUzkZCqHuHiczWARticEYksoIoJqBe6Ow/640?wx_fmt=jpeg|https://mmbiz.qpic.cn/mmbiz_jpg/NYMVZ4zyic3YVtaPGozmicpRYKoDqiatcoOFVvemBva1ztgHdC0LictSySazYGybV6aFSHolJ6yJGQy4zfQNyEibFyw/640?wx_fmt=jpeg|https://mmbiz.qpic.cn/mmbiz_jpg/NYMVZ4zyic3YVtaPGozmicpRYKoDqiatcoOxW4OwAMbWt9LgMxBD9ngVFD6uuQPBwgqxrBt3xCRKPTnficKa0MJ1xA/640?wx_fmt=jpeg|https://mmbiz.qpic.cn/mmbiz_jpg/NYMVZ4zyic3YVtaPGozmicpRYKoDqiatcoOqOzFZtKTClO3KFhOjebichlM0um9fBsRJbtlibDRROicQ1GC0CBw46c5A/640?wx_fmt=jpeg|https://mmbiz.qpic.cn/mmbiz_jpg/NYMVZ4zyic3YVtaPGozmicpRYKoDqiatcoO9WPNviasXby9STo9soMUQAC73P5fUdODy9CaLXV1YfH7TLmD7mhW8Ug/640?wx_fmt=jpeg|https://mmbiz.qpic.cn/mmbiz_jpg/NYMVZ4zyic3Y66PqH1F1AiaPicL7Qk4OJm0IU7U7VF8RXxBIvwp5eB818s7HJxCTL9kicV2CHCUXc5e6m9GtuLJNFQ/640?wx_fmt=jpeg|https://mmbiz.qpic.cn/mmbiz_jpg/NYMVZ4zyic3YVtaPGozmicpRYKoDqiatcoOoSGlp3Cg23ZyIhmYohxkKAQkF7Pib9lwxq08an1bZaIFso3pq0oMy6g/640?wx_fmt=jpeg]]></image>
</data>
