<data>
  <id><![CDATA[51280257]]></id>
  <url><![CDATA[https://mp.weixin.qq.com/s?timestamp=1539596365&src=3&ver=1&signature=Egrj350GoKY8-KUcIJshb39rC5lbcSRjZeYNNZzlEqkDcBcCgU7zDuy832M-hz9RCVH5m*g6wYnypPiUj2lMlgRPDHx7qZridKVUTZuZOdIPjR8R2fl0xIs0UJBh3*HAGr-uDNS9KlMMgZ-YJ9tUowhR0loAj79ruX0MxSdsaIg=]]></url>
  <title><![CDATA[【消息】寻求高端“智库”支持高质量推动生态文明建设于立新与清华大学专家对接生态环保工作]]></title>
  <content><![CDATA[10月12日，市委书记于立新赴清华大学生态文明研究中心考察学习，双方深入探讨了园区绿色低碳循环发展、自然资源资产负债表、旅游产业发展、环保产业规划及绿色发展战略等生态文明建设、生态环境保护工作。副市长马万斌，市发改、环保、经济技术开发区、驻京联络处负责人等陪同考察。于立新详细介绍了呼伦贝尔的自然地理特征、人文社会风貌、资源富集等基本概况。他说，呼伦贝尔是我国原生态保存完好的地区之一，素有“北国碧玉”和“绿色净土”之称。这里完整的生态环境系统，是祖国北方重要的自然生态屏障，具有不可替代的功能作用。近年来，我市牢固树立“绿水青山就是金山银山，冰天雪地也是金山银山”的理念，确立了绿色发展战略，坚持生态保护优先、走绿色发展之路，努力做到在保护中发展，在发展中保护，守好生态红线，建设好“美丽富饶、和谐安宁”的呼伦贝尔。希望能与清华大学生态文明研究中心的专家们加强交流，在人才与技术等方面获得大力支持，共同探讨契合呼伦贝尔实际的环保、生态产业发展规划，拿出具有较强指导性、操作性的转型发展方案，高质量推动呼伦贝尔生态文明建设、生态环境保护和经济社会发展。要紧紧把握好生态文明建设的“关键期”“攻坚期”“窗口期”， 进一步明确绿色发展思路，加强环境治理、转变发展方式，推动建立有效的生态补偿机制和生态补偿方式，把生态环境保护得更好、建设得更好，不断提高人民的生活质量，满足人民日益增长的对生态产品的需求。清华大学生态文明研究中心副主任、清华大学环境学院清洁生产与生态工业研究中心主任陈吕军详细介绍了清华大学生态文明研究中心的成立、发展情况和主要研究方向，并就呼伦贝尔市生态文明建设及绿色发展提出若干建议。清华大学生态文明研究中心大数据研究室执行主任、北京思路创新科技有限公司CEO蒋益民，从大数据运用角度，详细分析了呼伦贝尔市该如何摸清绿色家底，并在可控范围内进行有序利用等内容。以特殊的方式庆“十一”，新左旗庭院经济大丰收！快看看！我市就业扶贫招聘周都提供了哪些岗位？耄耋老人和垂髫孩童喜迎国庆，他们凑在一起能做什么呢？小餐饮，大门道！呼伦贝尔大牌餐饮家齐聚，只为赢得您的味蕾本期编辑：乃馨呼伦贝尔新闻微信平台爆料热线：0470-8252154  联系人：小吴商务合作：18047054677   联系人：小张]]></content>
  <author><![CDATA[呼伦贝尔新闻]]></author>
  <time>2018-10-15 14:13:15</time>
  <account><![CDATA[hlbrnews]]></account>
</data>
