<data>
  <id><![CDATA[51280257]]></id>
  <url><![CDATA[https://mp.weixin.qq.com/s?timestamp=1539596365&src=3&ver=1&signature=Egrj350GoKY8-KUcIJshb39rC5lbcSRjZeYNNZzlEqkDcBcCgU7zDuy832M-hz9RCVH5m*g6wYnypPiUj2lMlmlX7vfqcbVUpHwaTwfSD3WTUEw7UMRxNWBlq8mixJC9QZpNEfaV63vseQv2TFB3VI3Jv0YNJc1BNf-*OSicqig=]]></url>
  <title><![CDATA[【直播预告】“艺美新海精彩绽放”新海小学第七届校园文化艺术节]]></title>
  <content><![CDATA[“艺美新海 精彩绽放”新海小学第七届校园文化艺术节直播时间10月12日下午14：00，届时呼伦贝尔日报新媒体中心进行现场直播。一起来看一下彩排现场！快来看敬请关注呼伦贝尔新闻微信公众平台同时进行现场直播观看直播方法微信看直播：1、关注呼伦贝尔新闻微信公众号2、进入呼伦贝尔新闻微信公众号，点击右下角菜单视频直播即可。新海小学学校简介新海小学始建于2011年8月，位于呼伦贝尔市中心城新区规划六街，占地面积28970平方米，建筑面积7341平方米；学校规划科学，布局合理，设有19室1厅1馆，28个教学班，1487名学生；在编教师75人，学历达标率100%。学校现有国家外语实验学校优秀校长1人，呼伦贝尔市学科带头人2人，呼伦贝尔市教学能手1人，海拉尔区学科带头人2人，海拉尔区教学能手13人。学校建校七年来，一直坚持“以爱育人、凭责任育人、用文化育人”的教育理念，做到高起点谋划，高标准建设，高质量办学；以“人文与科技”的办学特色，立足国家，面向世界，创建国际化学校。全体新海人秉承“诚实守信、认真做事、相互学习、共同成长，塑雅德教师，育雅志学生，创雅尚学校”的校训精神，不断提升教育哲学水平，追求内涵发展；书香熏染，高效课堂，校本课程并存；以自治区“乡村学校少年宫”建设为依托，开展了航空、航海、建筑模型，3D打印、石头画、速滑、足球等特色素质教育惠及学生。学校七年来在地区教学检测中一直位居首位。学校连续获得海拉尔区先进集体、先进党支部、绿色学校、师德示范校、科技教育示范校、师德师风标兵学校；呼伦贝尔市艺术教育示范校、语言文字规范化示范校、国家级校园足球特色学校、全国家庭教育示范学校、全国青少年五好小公民示范学校、中国航空学会“雏鹰计划”推广学校等荣誉称号；今年，国家级“孔子学堂”正式落户新海小学，为学校传承中华传统文化、传颂经典诗篇开启了新的篇章。以特殊的方式庆“十一”，新左旗庭院经济大丰收！快看看！我市就业扶贫招聘周都提供了哪些岗位？耄耋老人和垂髫孩童喜迎国庆，他们凑在一起能做什么呢？小餐饮，大门道！呼伦贝尔大牌餐饮家齐聚，只为赢得您的味蕾本期编辑：冯印新呼伦贝尔新闻微信平台爆料热线：0470-8252154  联系人：小吴商务合作：18047054677   联系人：小张]]></content>
  <author><![CDATA[呼伦贝尔新闻]]></author>
  <time>2018-10-12 08:38:20</time>
  <account><![CDATA[hlbrnews]]></account>
</data>
