<data>
  <id><![CDATA[51280257]]></id>
  <url><![CDATA[https://mp.weixin.qq.com/s?timestamp=1539596365&src=3&ver=1&signature=Egrj350GoKY8-KUcIJshb39rC5lbcSRjZeYNNZzlEqkDcBcCgU7zDuy832M-hz9RCVH5m*g6wYnypPiUj2lMlmlX7vfqcbVUpHwaTwfSD3X4j0RK2y8BMUIp0**Jq4D0r1M7Nh5lOnyby3DeCDNFKFEsvScsZjXuxQ8a3jbESeE=]]></url>
  <title><![CDATA[携手共建互利共赢持续发展我市与中国农业科学院签署战略合作协议]]></title>
  <content><![CDATA[10月10日，市委书记于立新，市委副书记、市长姜宏在副市长郝桂娟的陪同下，赴中国农业科学院进行考察学习。就如何加强院地之间农业科技合作等内容，与农业农村部党组成员、中国农科院院长、工程院院士唐华俊和中国农科院副院长、工程院院士王汉中等进行深入交流，双方代表签署了战略合作协议。于立新、姜宏一行走进农业资源与农业区划研究所、国家作物种质库和国家农业科技创新园植物工厂，详细了解智慧农业大数据平台应用、种质培育保存及设施农业管理平台等内容。于立新说，多年来，中国农科院与我市相关部门密切合作，在科研、人才培养等方面为我市农牧业发展提供了极大支持。呼伦贝尔区位独特、生态地位重要，是国家重要的北疆安全稳定屏障和生态安全屏障。我市坚持生态保护优先、走绿色发展之路，以打造国家重要的绿色有机农畜林产品生产加工输出基地为目标定位，持续深化农牧业供给侧结构性改革，加快传统农牧业转型升级。下一步，要积极补齐人才与科技短板，充分发挥资源优势，提升农畜林产品品质，走高端、打品牌之路。希望通过深化与中国农科院的合作对接，共同带动我市农牧业科技水平实现跨越式提升，推动“藏粮于地、藏粮于技”战略落实，建设好“美丽富饶、和谐安宁”的呼伦贝尔。姜宏表示，呼伦贝尔市与中国农科院的合作时间久，成果丰硕，此次签约就是要进一步巩固合作成果、拓宽合作领域、提升合作水平。我市将充分发挥生态优势、绿色优势，坚持走质量兴农、科技强农之路，借助中国农科院的科技支撑，把农牧业发展推向更高水平，为边疆少数民族地区发展贡献力量。唐华俊表示，农科院将不断提升与呼伦贝尔的全方位合作层次，促进产学研深度融合，更好地为全市经济社会发展提供人才保障和智力支撑，推动乡村振兴战略落到实处。呼伦贝尔学院、呼伦贝尔农垦集团、市科技局、市农牧业局等部门和企业负责人等陪同考察。以特殊的方式庆“十一”，新左旗庭院经济大丰收！快看看！我市就业扶贫招聘周都提供了哪些岗位？耄耋老人和垂髫孩童喜迎国庆，他们凑在一起能做什么呢？小餐饮，大门道！呼伦贝尔大牌餐饮家齐聚，只为赢得您的味蕾本期编辑：冯印新呼伦贝尔新闻微信平台爆料热线：0470-8252154  联系人：小吴商务合作：18047054677   联系人：小张]]></content>
  <author><![CDATA[呼伦贝尔新闻]]></author>
  <time>2018-10-12 08:38:20</time>
  <account><![CDATA[hlbrnews]]></account>
</data>
