<data>
  <id><![CDATA[51280257]]></id>
  <url><![CDATA[https://mp.weixin.qq.com/s?timestamp=1539596365&src=3&ver=1&signature=Egrj350GoKY8-KUcIJshb39rC5lbcSRjZeYNNZzlEqkDcBcCgU7zDuy832M-hz9RCVH5m*g6wYnypPiUj2lMlnhdCuYCUSzEiPV8fqRVLWJN3XqWQ1X78GoXOMmEUoVs4yWn3C56HE3A9XuoBpzzEzyqtuJu3q6Ww99r3wVWSPY=]]></url>
  <title><![CDATA[我市大众创业万众创新活动周正式启动]]></title>
  <content><![CDATA[为进一步推动我市双创工作，营造社会各界关注、参与和支持创业创新的良好氛围，按照国家、自治区统一部署，10月9日，2018年全国大众创业万众创新活动周在我市正式启动。市委常委、常务副市长陈智出席启动仪式。陈智在启动仪式上指出，要以创业者为主体，紧扣创业创新需求，为全民创业创新开辟更加便捷高效的“绿色通道”，加快构建有利于创业创新的社会环境和公共服务体系，不断汇聚创业创新力量，增强创新创造活力。同时，欢迎广大有识之士和创客朋友，积极投身双创活动，书写创业创新传奇。启动式上，我市双创企业代表、众创空间代表、高校学生代表进行发言。据了解，此次活动周时间为10月9日——15日，将在科技馆、创业园、学府路中学等分会场进行双创成果展、创业讲座、宣传968966创业直通车、送岗位金秋就业扶贫招聘周等丰富多彩的双创体验活动。以特殊的方式庆“十一”，新左旗庭院经济大丰收！快看看！我市就业扶贫招聘周都提供了哪些岗位？耄耋老人和垂髫孩童喜迎国庆，他们凑在一起能做什么呢？小餐饮，大门道！呼伦贝尔大牌餐饮家齐聚，只为赢得您的味蕾本期编辑：乃馨呼伦贝尔新闻微信平台爆料热线：0470-8252154  联系人：小吴商务合作：18047054677   联系人：小张]]></content>
  <author><![CDATA[呼伦贝尔新闻]]></author>
  <time>2018-10-11 14:51:29</time>
  <account><![CDATA[hlbrnews]]></account>
</data>
