<data>
  <id><![CDATA[51280257]]></id>
  <url><![CDATA[https://mp.weixin.qq.com/s?timestamp=1539596365&src=3&ver=1&signature=Egrj350GoKY8-KUcIJshb39rC5lbcSRjZeYNNZzlEqkDcBcCgU7zDuy832M-hz9RCVH5m*g6wYnypPiUj2lMlk1k5VFNTAoxmd-urE6QH3BTl3L*OLtpjZ10HNwzlr5OTlB7ioVChRcdLJhSQxZR1vpMlqpP3yheDg-B6XQeHb0=]]></url>
  <title><![CDATA[【关注】全国人民请注意，大家心心念念的广场舞，内蒙古这么跳]]></title>
  <content><![CDATA[你印象中的广场舞是什么样子呢？清晨或是傍晚，广场、公园或者是一处宽敞的街头空地突然，音乐响起，一群大妈排好队型伴着节奏感十足的音乐广场舞就这样开始了……大家做着相同的动作目的仅仅是为了锻炼身体或是打发时间但是内蒙古有这样一群广场舞爱好者他们的广场舞是这样跳的……10月11日，来自全区各盟市的14支汇演队伍和兴安盟选拔的106支表演队伍齐聚乌兰浩特，“点赞新时代”庆祝改革开放40周年全区广场舞汇演在此拉开帷幕。乌兰牧骑宮广场上乐声阵阵、舞姿曼妙，在 “点赞新时代”庆祝改革开放40周年全区广场舞汇演活动形象大使乌兰图雅的带领下，近万名参演队员伴随着《站在草原望北京》和《点赞新时代》的悠扬旋律欢歌起舞，用动人的舞姿和灿烂的笑容，展示了内蒙古改革开放以来的喜人变化和新时代祖国北疆的靓丽风采。在统一完成了万人广场舞展演活动后，14支代表队精心排演的节目逐个亮相，各代表队精神饱满、热情洋溢，协调的步伐、动感的节拍，赢得了在场市民的阵阵喝彩。经过3个多小时的激烈角逐，最终兴安盟、鄂尔多斯市代表队获得最高人气奖；阿拉善盟、赤峰市、通辽市、巴彦淖尔市代表队获最佳表演奖；呼和浩特市、锡林郭勒盟、呼伦贝尔市、乌海市代表队获最具活力奖；乌兰察布市、包头市、二连浩特市、满洲里获最靓风采奖。以特殊的方式庆“十一”，新左旗庭院经济大丰收！快看看！我市就业扶贫招聘周都提供了哪些岗位？耄耋老人和垂髫孩童喜迎国庆，他们凑在一起能做什么呢？小餐饮，大门道！呼伦贝尔大牌餐饮家齐聚，只为赢得您的味蕾来源：《内蒙古日报》官方微信本期编辑：李可呼伦贝尔新闻微信平台爆料热线：0470-8252154  联系人：小吴商务合作：18047054677   联系人：小张]]></content>
  <author><![CDATA[呼伦贝尔新闻]]></author>
  <time>2018-10-12 19:29:29</time>
  <account><![CDATA[hlbrnews]]></account>
</data>
