<data>
  <id><![CDATA[51280257]]></id>
  <url><![CDATA[https://mp.weixin.qq.com/s?timestamp=1539596365&src=3&ver=1&signature=Egrj350GoKY8-KUcIJshb39rC5lbcSRjZeYNNZzlEqkDcBcCgU7zDuy832M-hz9RCVH5m*g6wYnypPiUj2lMltQw4mRwkMDClAS5yHiz2TmN6By3qczskOsOxHsCQAwpLlHmPWq0nIpKcSoPFoD-M6HIQHn8Fi1cXvAY8kB4HVE=]]></url>
  <title><![CDATA[【健康】世界又模糊了？这些小习惯正在伤害你的眼睛]]></title>
  <content><![CDATA[随着电子产品的多样化，加上不良的用眼习惯、环境卫生等多种因素影响，近视人群越来越多。世界卫生组织研究报告显示，目前我国近视患者达6亿。是什么在影响我们的视力，来看看这些用眼坏习惯，你占了几条？今天是世界视力日，小编为你支招，让我们一起来爱护好“心灵的窗口”，用清澈透亮的眼去发现别样的风景。保护视力哦！以特殊的方式庆“十一”，新左旗庭院经济大丰收！快看看！我市就业扶贫招聘周都提供了哪些岗位？耄耋老人和垂髫孩童喜迎国庆，他们凑在一起能做什么呢？小餐饮，大门道！呼伦贝尔大牌餐饮家齐聚，只为赢得您的味蕾来源：新华网本期编辑：李可呼伦贝尔新闻微信平台爆料热线：0470-8252154  联系人：小吴商务合作：18047054677   联系人：小张]]></content>
  <author><![CDATA[呼伦贝尔新闻]]></author>
  <time>2018-10-11 18:02:02</time>
  <account><![CDATA[hlbrnews]]></account>
</data>
