<data>
  <id><![CDATA[51280257]]></id>
  <url><![CDATA[https://mp.weixin.qq.com/s?timestamp=1539596365&src=3&ver=1&signature=Egrj350GoKY8-KUcIJshb39rC5lbcSRjZeYNNZzlEqkDcBcCgU7zDuy832M-hz9RCVH5m*g6wYnypPiUj2lMlmlX7vfqcbVUpHwaTwfSD3XKlyESv9vBVRZEsYt*c1pWvyEjg2plB2SYbjFlaSa2ixvWKhBG-ld4Qdr691Zxgjg=]]></url>
  <title><![CDATA[【关注】我市召开食品安全监督抽检情况新闻发布会]]></title>
  <content><![CDATA[10月11日，市食品药品监督管理局召开2018年第二季度食品安全监督抽检情况新闻发布会。内蒙古日报、内蒙古广播电视台、呼伦贝尔日报、呼伦贝尔新闻、呼伦贝尔市广播电视台、海拉尔区新闻中心、鄂温克旗广播电视台、呼伦贝尔发布等8家新闻媒体记者参加发布会。发布会上，市食品药品监督管理局相关负责人就什么是食品安全监督抽检、怎样制定食品安全监督抽检计划、如何加强餐饮食品安全监管等相关问题回答了记者提问。据了解，今年第二季度我市食品药品监督管理局对17大类、381批次食品进行了抽检监测， 完成检验334批次，检验合格的样品322批次，不合格样品12批次，抽检合格率为96.41%。抽检结果显示，大宗日常消费品的样品合格率基本保持稳定。其中，粮食加工品，食用油、油脂及其制品，乳制品，饼干，糖果制品，蔬菜制品，水果制品，淀粉及淀粉制品，糕点，豆制品，餐饮食品的样品合格率均为100%，高于样品总体合格率；调味品、罐头、酒类、食用农产品的样品合格率分别为90.9%、75%、91.67%、95.23%，低于样品总体合格率。以特殊的方式庆“十一”，新左旗庭院经济大丰收！快看看！我市就业扶贫招聘周都提供了哪些岗位？耄耋老人和垂髫孩童喜迎国庆，他们凑在一起能做什么呢？小餐饮，大门道！呼伦贝尔大牌餐饮家齐聚，只为赢得您的味蕾本期编辑：冯印新呼伦贝尔新闻微信平台爆料热线：0470-8252154  联系人：小吴商务合作：18047054677   联系人：小张]]></content>
  <author><![CDATA[呼伦贝尔新闻]]></author>
  <time>2018-10-12 08:38:20</time>
  <account><![CDATA[hlbrnews]]></account>
</data>
