<data>
  <id><![CDATA[51280257]]></id>
  <url><![CDATA[https://mp.weixin.qq.com/s?timestamp=1539596365&src=3&ver=1&signature=Egrj350GoKY8-KUcIJshb39rC5lbcSRjZeYNNZzlEqkDcBcCgU7zDuy832M-hz9RCVH5m*g6wYnypPiUj2lMlk1k5VFNTAoxmd-urE6QH3B7GjXeSWX8gtyg74EZElV3Kp6z9KCOmmE8Fu6Ynks-7QaRXYDt7pSI8DUd4plfT6w=]]></url>
  <title><![CDATA[【围观】孩子你最棒！“艺美新海精彩绽放”]]></title>
  <content><![CDATA[“艺美新海 精彩绽放”新海小学第七届校园文化艺术节圆满落幕。整场演出历时两个半小时，分为忆往昔· 峥嵘岁月、看今朝·阳光路上和展未来·旗帜飞扬三个篇章共计25个节目，更有孩子们现场绘制十米长卷，呼伦贝尔日报社融媒体中心对本次演出进行了全程现场直播。想看孩子们的演出吗？想知道他们都表演了些什么吗？想了解孩子们都画了些什么吗？更多精彩内容，请点击底部阅读原文↓↓↓以特殊的方式庆“十一”，新左旗庭院经济大丰收！快看看！我市就业扶贫招聘周都提供了哪些岗位？耄耋老人和垂髫孩童喜迎国庆，他们凑在一起能做什么呢？小餐饮，大门道！呼伦贝尔大牌餐饮家齐聚，只为赢得您的味蕾来源: 融媒体中心记者 孙璇 李永庆 岳兴国 赛汉 张磊 那音太 徐晨光 彭亚男本期编辑：李可呼伦贝尔新闻微信平台爆料热线：0470-8252154  联系人：小吴商务合作：18047054677   联系人：小张]]></content>
  <author><![CDATA[呼伦贝尔新闻]]></author>
  <time>2018-10-12 19:29:29</time>
  <account><![CDATA[hlbrnews]]></account>
</data>
