<data>
  <id><![CDATA[51280257]]></id>
  <url><![CDATA[https://mp.weixin.qq.com/s?timestamp=1539596365&src=3&ver=1&signature=Egrj350GoKY8-KUcIJshb39rC5lbcSRjZeYNNZzlEqkDcBcCgU7zDuy832M-hz9RCVH5m*g6wYnypPiUj2lMlgRPDHx7qZridKVUTZuZOdIjXTYqdZQPpI09zYBc4btA9EjITNWfIyy4eizY2GEx9REr5DsJmnje4CjvgjNqVBQ=]]></url>
  <title><![CDATA[【消息】我市召开“七五”普法中期工作汇报会]]></title>
  <content><![CDATA[10月14日，我市召开“七五”普法中期工作汇报会。自治区“七五”普法中期工作检查组组长、自治区政协社会和法制委员会专职副主任张俊生出席会议并讲话。市委副书记、政法委书记常青代表市委、市政府作工作汇报，市人大常委会副主任徐鹤忠出席会议，副市长姜宝东主持会议。汇报中，常青指出，自“七五”普法工作启动以来，全市深入学习宣传习近平新时代中国特色社会主义思想和党的十九大精神，深入推进尊崇宪法、学习宪法、遵守宪法、维护宪法、运用宪法宣传教育活动，全力打造“呼伦贝尔法治乌兰牧骑”普法品牌，积极构建“呼伦贝尔普法+”宣传新模式，精心打造“呼伦贝尔法治文化广场”普法宣传平台，普法工作助力“三大攻坚战”等重点工作，全市各部门各单位依法行政能力不断提高，各行各业普法学法氛围进一步浓厚，各族群众尊法学法守法用法意识进一步增强。他表示，下一步，全市将以此次“七五”普法中期检查为契机，进一步深化普法各项工作，为法治呼伦贝尔建设作出新的更大的贡献。在听取汇报后，张俊生对我市“七五”普法工作给予了充分肯定。他指出，呼伦贝尔市全面深化普法依法治理，措施有效、成果丰硕、亮点突出。基本形成了全市上下自觉学法、守法、用法的社会环境。他要求，今后要进一步提高对普法工作重要性的认识，进一步加强普法工作的针对性和实效性，进一步加强经费保障和人员投入，推动呼伦贝尔市普法工作再上新台阶。全市普法成员单位分管领导及相关负责人参会。以特殊的方式庆“十一”，新左旗庭院经济大丰收！快看看！我市就业扶贫招聘周都提供了哪些岗位？耄耋老人和垂髫孩童喜迎国庆，他们凑在一起能做什么呢？小餐饮，大门道！呼伦贝尔大牌餐饮家齐聚，只为赢得您的味蕾本期编辑：乃馨呼伦贝尔新闻微信平台爆料热线：0470-8252154  联系人：小吴商务合作：18047054677   联系人：小张]]></content>
  <author><![CDATA[呼伦贝尔新闻]]></author>
  <time>2018-10-15 14:13:15</time>
  <account><![CDATA[hlbrnews]]></account>
</data>
