<data>
  <id><![CDATA[51280257]]></id>
  <url><![CDATA[https://mp.weixin.qq.com/s?timestamp=1539596365&src=3&ver=1&signature=Egrj350GoKY8-KUcIJshb39rC5lbcSRjZeYNNZzlEqkDcBcCgU7zDuy832M-hz9RCVH5m*g6wYnypPiUj2lMltQw4mRwkMDClAS5yHiz2TnQf0GR-KD-sEMuKiStUD3LcOE792ss9hjJDT6BpqxIovY-GuZXbKS0JkA-0pryLSQ=]]></url>
  <title><![CDATA[我市草原题材钢笔画在法国巴黎展出]]></title>
  <content><![CDATA[由法国“欧亚艺术联盟”组办的“当代中国-巴黎艺术展”，于近日在巴黎市中心的莫拉德艺术展厅开展，我市草原题材钢笔画展出并受瞩目。此次展出80余幅画作，画种涵盖油画、版画、中国画、炳稀画、水彩画和钢笔画。扎兰屯市画家高振海、高然父女以草原题材所创作的巜草原娇子系列》和巜蒙古妇女》钢笔画作品，以其独特的黑白灰色调、点线面构成的视觉冲击力，受到巴黎艺术家和观众的格外注目。当地画家表示，这种风格的钢笔画与欧洲古老传统铜版画极为吻合，能够在画中找到自己熟知的绘画语言、情感认知和艺术取向，具有很高的艺术价值。据了解，高振海、高然父女是近年来活跃在我市创作领域的佼佼者，他们立足于本土的素材为创作源泉，以“中东铁路历史”和“三少民族”为题材进行潜心创作，先后在北京、哈尔滨、东莞、澳门特别行政区、俄罗斯符拉迪沃斯托克(海参崴)、美国贝克斯菲尔德和洛杉矶等地举办和参加画展。以特殊的方式庆“十一”，新左旗庭院经济大丰收！快看看！我市就业扶贫招聘周都提供了哪些岗位？耄耋老人和垂髫孩童喜迎国庆，他们凑在一起能做什么呢？小餐饮，大门道！呼伦贝尔大牌餐饮家齐聚，只为赢得您的味蕾本期编辑：李可呼伦贝尔新闻微信平台爆料热线：0470-8252154  联系人：小吴商务合作：18047054677   联系人：小张]]></content>
  <author><![CDATA[呼伦贝尔新闻]]></author>
  <time>2018-10-11 18:02:02</time>
  <account><![CDATA[hlbrnews]]></account>
</data>
