<data>
  <id><![CDATA[51280257]]></id>
  <url><![CDATA[https://mp.weixin.qq.com/s?timestamp=1539596365&src=3&ver=1&signature=Egrj350GoKY8-KUcIJshb39rC5lbcSRjZeYNNZzlEqkDcBcCgU7zDuy832M-hz9RCVH5m*g6wYnypPiUj2lMlgRPDHx7qZridKVUTZuZOdJ-sWhFB6tYGU3xpLQUIVOnys0l6Z-b9scwbg5lpq30JN0N58P50huRp6WVbL4BrYo=]]></url>
  <title><![CDATA[【热点】于立新深入阿荣旗调研时强调-谋划产业优化布局推动县域经济高质量发展]]></title>
  <content><![CDATA[10月13日，市委书记于立新深入阿荣旗，就重点产业项目建设、环境保护、安全生产、脱贫攻坚、粮食生产等重点工作进行调研。在阿荣旗工业园区，于立新实地踏查了山东新博润集团年产30万吨燃料乙醇项目拟选地址，听取项目进展情况汇报。他指出，要优化资源配置，全力以赴保障项目建设，夯实高质量发展根基。要以培育壮大新动能为重点，积极扶持新兴产业，形成多点支撑、多元发展的产业发展格局。要牢牢抓好环保工作，走出一条环境保护与经济社会协调发展之路。听取呼伦贝尔（岭东）绿色有机食品加工产业园区选址和相关产业项目规划汇报后，于立新要求，要坚持规划先行，广开思路，科学统筹，充分考虑各类产业项目布局、道路交通、物流仓储、环保指标等因素，不断强化园区的集约利用水平。在京蓝科技沐禾节水设备制造有限公司，于立新进车间、看产品，了解企业运营和发展规划。他强调，要瞄准市场需求，不断加大科技创新力度，加快构建研发、生产、销售全产业链，增强市场竞争力。要牢固树立安全红线意识，真正把安全生产摆在首要位置，加大教育培训力度，完善体制机制，切实把安全生产各项要求落实到企业生产经营全过程，坚决落实好“党政同责、一岗双责、齐抓共管、失职追责”要求。在复兴镇扶贫农牧场种植基地，于立新步入正在收割高粱的地块与农业科技人员亲切交流，询问今年高粱的品质、收成、价格、销售和种植推广情况。他强调，要加快建设现代农业，不断提升农业科技化、规模化、机械化、集约化水平，全面增强新兴经营主体的内生动力。要建好扶贫农牧场，探索推行“龙头企业＋产业链＋贫困户”扶贫模式，着力把贫困户吸附在产业链上，构建稳定脱贫长效机制。与复兴镇驻村工作队员交流后，于立新仔细查看各项内业材料。他强调，要坚持扶贫与扶志、扶智相结合，全面抓好扶贫政策落实。要结合乡村振兴战略，因地制宜发展肉产品加工、马铃薯、中草药等产业，以链条化、融合化思维，实现产业化经营，带动贫困群众脱贫。以特殊的方式庆“十一”，新左旗庭院经济大丰收！快看看！我市就业扶贫招聘周都提供了哪些岗位？耄耋老人和垂髫孩童喜迎国庆，他们凑在一起能做什么呢？小餐饮，大门道！呼伦贝尔大牌餐饮家齐聚，只为赢得您的味蕾本期编辑：乃馨呼伦贝尔新闻微信平台爆料热线：0470-8252154  联系人：小吴商务合作：18047054677   联系人：小张]]></content>
  <author><![CDATA[呼伦贝尔新闻]]></author>
  <time>2018-10-15 14:13:15</time>
  <account><![CDATA[hlbrnews]]></account>
</data>
