<data>
  <id><![CDATA[51280257]]></id>
  <url><![CDATA[https://mp.weixin.qq.com/s?timestamp=1539596365&src=3&ver=1&signature=Egrj350GoKY8-KUcIJshb39rC5lbcSRjZeYNNZzlEqkDcBcCgU7zDuy832M-hz9RCVH5m*g6wYnypPiUj2lMlnhdCuYCUSzEiPV8fqRVLWIKG3aW*64*3pp7RDXhxKIj88jVon8NJaRLl6AWVzLBmQOku3jrebLm3-eHun*c1zc=]]></url>
  <title><![CDATA[【家居】圣涛阁欧美家具——纯手工实木雕刻彰显浪漫与自然]]></title>
  <content><![CDATA[1110-2018发展历史圣涛阁欧美家具专卖店位于呼伦贝尔市海拉尔区草市街国贸家居一楼，圣涛阁欧美家具品牌总公司华胜集团家具发展有限公司位于广东省东莞市厚街镇，创立于1990年，专业生产中高档美式古典家具、别墅配套家具、酒店工程配套家具了，产品主要销往欧美、中东等地区和国际星级酒店。圣涛阁欧美家具集团是一家多元化的企业，公司引进了德国进口的专业家具生产设备，产品以纯手工实木刻工艺，秉承人体工程学、美学、力学的原理，结合实用性、耐用性及健康环保为研发理念，彰显高品质的人文典范。21年来公司以产品质量、服务、诚信为企业生命，以卓越的品质铸就杰出的品牌为经营理念，以顾客满意为最大追求，赢得了海内外广大用户的一致信任和青睐。圣涛阁欧美家具1号生产基地，厂房占地面积23000平方米，建筑面积22000平方米。拥有德国进口木工设备和整套烘干设备，从原材料烘干至二次成品烘干均能提供可靠的保证。产品特色圣涛阁欧美家具，具有独特的欧美家具底蕴，融入了很多人文思想，是国内唯一的传统主义为主的美式家具，在中国拥有很高的市场占有率，更是中国美式家具的领军品牌。产品一直保持高品质，引领美式经典家具新潮流，给用户打造一个尊贵、时尚、典雅、环保的家居环境。产品沿用传统的美式工艺，以纯粹的美式风格造就非凡价值，专注美式家具20多年，已形成人性化的设计和精湛的手工工艺，彰显了它的高贵品质。造型优美真正的艺术家具欧美式豪华风格强调以华丽的装饰、浓烈的色彩、精美的造型达到雍容华贵的装饰效果。真正的艺术家具无论是从哪一个角度去看它都是那么美，一个平常不太引人注目的支撑脚也设计的如此美丽，富有艺术魅力且精妙生动的雕花工艺让人叹为观止。一个餐桌两种使用方法，可人少使用，也可以加长，方便更多的人来围坐。精美的雕刻工艺在运用木材创作时更加独出心裁，别具一格，他们把种在花园里的树木雕刻成作品，还为它们加枝添叶，创造出与自然同呼吸共生存的木雕艺术品。这种手工雕刻的方法，更加凸显圣涛阁艺术家具的魅力。整体美观大方彰显浪漫与自然圣涛阁欧美家具整体的设计风格展现出稳稳的厚重感，不失高雅、典雅的气质，具有浑然天成的效果美观大方 ，以 高 贵 为 导 向 的 髙 雅 脱俗。纯手工雕刻精工细作的流 畅 条 纹 ，加 以 优 美 的 弧 形设计，彰显浪漫与自然。只有不可复制才称经典，典藏一个家族的荣誉。格调质朴的美式家具，在艺术表现形式上不断创新，依托最具艺术色彩的雕刻技艺，诠释新贵一族的灵性与理性交融的生活方式。端庄华丽茶几精美色调的温馨搭配，特别的设计成就了精美的雕花，让端庄与华丽在清新而 自然的气息中升华。迷人的纹路，经久耐用，透气耐磨，更显气派之感。经典艺术臻品实木沙发整体奢华高雅 ，颇有皇室气派 ，突破传统的思想 ，温馨的色彩搭配，展 现优雅的气质 ，带给您舒适享受的同时，又为您的家居生活增添浓浓的艺术气息。舒适自然奢华纯手工雕刻的餐桌，融人庄重大气与沉稳儒雅于一身，搭配精致的雕饰，极富古典韵味，流露出浓郁的美式古典情结，摒弃繁华、流露自然，一份凊新一份纯粹沁人心脾。廷尽显奢华餐椅真皮舒适透气，全实木精湛雕刻，优质回弹海绵坐感舒适 。 奢华舒适软靠，浓郁自然色调，时尚古典完美结合，精心打造人们梦寐以求的高端产品。以特殊的方式庆“十一”，新左旗庭院经济大丰收！快看看！我市就业扶贫招聘周都提供了哪些岗位？耄耋老人和垂髫孩童喜迎国庆，他们凑在一起能做什么呢？小餐饮，大门道！呼伦贝尔大牌餐饮家齐聚，只为赢得您的味蕾本期编辑：乃馨呼伦贝尔新闻微信平台爆料热线：0470-8252154  联系人：小吴商务合作：18047054677   联系人：小张]]></content>
  <author><![CDATA[呼伦贝尔新闻]]></author>
  <time>2018-10-11 14:51:29</time>
  <account><![CDATA[hlbrnews]]></account>
</data>
