<data>
  <id><![CDATA[51280257]]></id>
  <url><![CDATA[https://mp.weixin.qq.com/s?timestamp=1539596365&src=3&ver=1&signature=Egrj350GoKY8-KUcIJshb39rC5lbcSRjZeYNNZzlEqkDcBcCgU7zDuy832M-hz9RCVH5m*g6wYnypPiUj2lMljSpQ7JgSdvsl2q-2Y1cUikZ3bNup7jbfgr0lsgooPQMxPJajb40egkJzY-YZkIxaFVkGqvXobSYR3ud9uhqytI=]]></url>
  <title><![CDATA[习近平主持召开中央财经委员会第三次会议强调大力提高我国自然灾害防治能力全面启动川藏铁路规划建设]]></title>
  <content><![CDATA[中共中央总书记、国家主席、中央军委主席、中央财经委员会主任习近平10月10日下午主持召开中央财经委员会第三次会议，研究提高我国自然灾害防治能力和川藏铁路规划建设问题。习近平在会上发表重要讲话强调，加强自然灾害防治关系国计民生，要建立高效科学的自然灾害防治体系，提高全社会自然灾害防治能力，为保护人民群众生命财产安全和国家安全提供有力保障；规划建设川藏铁路，对国家长治久安和西藏经济社会发展具有重大而深远的意义，一定把这件大事办成办好。中共中央政治局常委、国务院总理、中央财经委员会副主任李克强，中共中央政治局常委、中央书记处书记、中央财经委员会委员王沪宁，中共中央政治局常委、国务院副总理、中央财经委员会委员韩正出席会议。会议听取了国家发展改革委、应急管理部、自然资源部、水利部、科技部和中国铁路总公司的汇报。会议指出，我国是世界上自然灾害影响最严重的国家之一。新中国成立以来，党和政府高度重视自然灾害防治，发挥我国社会主义制度能够集中力量办大事的政治优势，防灾减灾救灾成效举世公认。同时，我国自然灾害防治能力总体还比较弱，提高自然灾害防治能力，是实现“两个一百年”奋斗目标、实现中华民族伟大复兴中国梦的必然要求，是关系人民群众生命财产安全和国家安全的大事，也是对我们党执政能力的重大考验，必须抓紧抓实。会议强调，提高自然灾害防治能力，要全面贯彻习近平新时代中国特色社会主义思想和党的十九大精神，牢固树立“四个意识”，紧紧围绕统筹推进“五位一体”总体布局和协调推进“四个全面”战略布局，坚持以人民为中心的发展思想，坚持以防为主、防抗救相结合，坚持常态救灾和非常态救灾相统一，强化综合减灾、统筹抵御各种自然灾害。要坚持党的领导，形成各方齐抓共管、协同配合的自然灾害防治格局；坚持以人为本，切实保护人民群众生命财产安全；坚持生态优先，建立人与自然和谐相处的关系；坚持预防为主，努力把自然灾害风险和损失降至最低；坚持改革创新，推进自然灾害防治体系和防治能力现代化；坚持国际合作，协力推动自然灾害防治。会议指出，要针对关键领域和薄弱环节，推动建设若干重点工程。要实施灾害风险调查和重点隐患排查工程，掌握风险隐患底数；实施重点生态功能区生态修复工程，恢复森林、草原、河湖、湿地、荒漠、海洋生态系统功能；实施海岸带保护修复工程，建设生态海堤，提升抵御台风、风暴潮等海洋灾害能力；实施地震易发区房屋设施加固工程，提高抗震防灾能力；实施防汛抗旱水利提升工程，完善防洪抗旱工程体系；实施地质灾害综合治理和避险移民搬迁工程，落实好“十三五”地质灾害避险搬迁任务；实施应急救援中心建设工程，建设若干区域性应急救援中心；实施自然灾害监测预警信息化工程，提高多灾种和灾害链综合监测、风险早期识别和预报预警能力；实施自然灾害防治技术装备现代化工程，加大关键技术攻关力度，提高我国救援队伍专业化技术装备水平。会议强调，规划建设川藏铁路，是促进民族团结、维护国家统一、巩固边疆稳定的需要，是促进西藏经济社会发展的需要，是贯彻落实党中央治藏方略的重大举措。要把握好科学规划、技术支撑、保护生态、安全可靠的总体思路，加强统一领导，加强项目前期工作，加强建设运营资金保障，发扬“两路”精神和青藏铁路精神，高起点高标准高质量推进工程规划建设。中央财经委员会委员出席会议，中央和国家机关有关部门负责同志列席会议。以特殊的方式庆“十一”，新左旗庭院经济大丰收！快看看！我市就业扶贫招聘周都提供了哪些岗位？耄耋老人和垂髫孩童喜迎国庆，他们凑在一起能做什么呢？小餐饮，大门道！呼伦贝尔大牌餐饮家齐聚，只为赢得您的味蕾来源：新华社封面图片来源于央视网本期编辑：乃馨呼伦贝尔新闻微信平台爆料热线：0470-8252154  联系人：小吴商务合作：18047054677   联系人：小张]]></content>
  <author><![CDATA[呼伦贝尔新闻]]></author>
  <time>2018-10-12 12:00:00</time>
  <account><![CDATA[hlbrnews]]></account>
</data>
