<data>
  <id><![CDATA[51280257]]></id>
  <url><![CDATA[https://mp.weixin.qq.com/s?timestamp=1539596365&src=3&ver=1&signature=Egrj350GoKY8-KUcIJshb39rC5lbcSRjZeYNNZzlEqkDcBcCgU7zDuy832M-hz9RCVH5m*g6wYnypPiUj2lMlk1k5VFNTAoxmd-urE6QH3B-ZUa5uhvSZ5VnajNYh-3GZKAtem1pT9BdY3OFWvGjalxjK5sQUgpY5zaK4iV3Ck8=]]></url>
  <title><![CDATA[【消息】我们是少先队员啦！]]></title>
  <content><![CDATA[10月13日，是中国少年先锋队建队69周年纪念日，是党的十九大、团的十八大召开后的第一个少先队建队纪念日。为增强少先队员光荣感和组织归属感，从小学习做人、从小学习励志、从小学习创造，努力成长为担当民族复兴大任的时代新人，10月11日，海拉尔区南开路小学组织开展了“争做新时代好队员——集结在星星火炬旗帜下”主题大队会暨新队员入队仪式。当日9时40分许，十八面鲜艳的队旗迎风招展，九百多名同学下课后早早的来到操场等候。96名一年级新入队的少先队员，由六年级的哥哥姐姐们为他们系上了鲜艳的红领巾，在队旗下举起稚嫩的拳头宣誓后成为一名光荣的少先队员。以特殊的方式庆“十一”，新左旗庭院经济大丰收！快看看！我市就业扶贫招聘周都提供了哪些岗位？耄耋老人和垂髫孩童喜迎国庆，他们凑在一起能做什么呢？小餐饮，大门道！呼伦贝尔大牌餐饮家齐聚，只为赢得您的味蕾本期编辑：李可呼伦贝尔新闻微信平台爆料热线：0470-8252154  联系人：小吴商务合作：18047054677   联系人：小张]]></content>
  <author><![CDATA[呼伦贝尔新闻]]></author>
  <time>2018-10-12 19:29:29</time>
  <account><![CDATA[hlbrnews]]></account>
</data>
