<data>
  <id><![CDATA[51280257]]></id>
  <url><![CDATA[http://mp.weixin.qq.com/s?__biz=MjM5Njg5NTA2Ng==&mid=2650807727&idx=3&sn=feea8383fad5eb94d7136c38a9047d89&chksm=bd16fd9a8a61748ce93abe41357f6b833cd0943f36b8ff67d4c9aefdf764cf6b2523402a744e&scene=27#wechat_redirect]]></url>
  <title><![CDATA[【关注】特色美食嗨翻天绿色产业更有范——呼伦贝尔美食节暨特色产品展侧记]]></title>
  <content><![CDATA[呼伦贝尔农垦集团的芥花油、饺子粉、杂粮，内蒙古国有林重点管理局的鹿茸、野菇酱、野果饮品，莫旗生产企业的达瓦贡米、柳蒿芽产品，鄂温克旗生产企业现场制作的布里亚特包子，绿祥公司的分割肉、阿力腾公司的牛肉干、海乳乳业的奶片奶茶粉……10月11日—20日，在北京钓鱼台大酒店内举办的呼伦贝尔美食节暨特色产品展，让贵宾们“足不出京”，就尽情领略到来自祖国北疆的最天然的问候，品尝到极具少数民族特色的传统美食，实实在在地体验了一把“舌尖上的呼伦贝尔”。10月的北京早晚也有些许微凉，却阻挡不了人们的热情，当绿色有机农畜林产品展台初具模样，来往宾客们就已经频频上前询问农畜林产品的品类、价格、选购方式等等。“早就听说呼伦贝尔的食物和景色一样好，纯天然、无污染，能在今天这个平台看到这么多产品，感觉呼伦贝尔的绿色有机食品真的挺有‘范’，我们一定会更加关注的。”生长在北京的王女士一边拉着家人挑选商品一边说。此次展会分为室内展区、室外区域和主题单间3个部分，其中，室内展区为呼伦贝尔绿色有机农畜林产品展，走进酒店大门，就会被来自草原、林区、农垦的包装各异、琳琅满目的特色食品和鄂温克旗非遗传承人们现场制作的手工艺品吸引；穿过大厅，走入坐落在后花园的蒙古包中，温暖的火炉、厚实的毡毯、淡淡的奶茶香，瞬间将人带到了茫茫草原上的蒙古人家；踱进展示“三少民族”特色的主题单间，我们又立刻被浓浓的民族特色风情包裹。精彩的推介和品鉴会上鄂温克旗乌兰牧骑队员们精彩的歌舞表演，让人仿若置身辽阔的草原、茫茫森林。“草原鲍鱼”、白水汆羊肉……以呼伦贝尔农畜林精品食材为原料推出的蒙餐系列美食佳肴，让嘉宾们一饱“沙晴草软羔羊肥，玉肪与酒还相宜”的口福。“口感极佳、唇齿留香，天然草原养出的牛羊，肉的味道真的是太好了！野果的味道也很特别，酸甜可口，很喜欢。”平时不吃肉的南方女子卢小姐最终还是没抵住呼伦贝尔美食的诱惑。“是呼伦贝尔羊肉的味道，离家这么久，终于有机会在北京吃上这么正宗的羊肉了。”在北京生活了十几年的呼伦贝尔籍商人小吴言语中尽是掩饰不住的兴奋。天赐美食来自呼伦贝尔，生态环境保存完整的呼伦贝尔是发展绿色食品产业环境条件最好的地区之一。优秀的天然食材需匹配优秀的餐饮理念，我们的食品生产企业始终坚持“取材于自然、还原于味道”的传统理念，撷取食材精华，采用传统工艺，精心加工保存运输。据介绍，我市99%以上地区的水质、土壤、空气等环境指标均符合开发绿色、有机食品的标准。我市有通过农业部认证的绿色食品原料标准化生产基地20个，面积721万亩。有绿色食品企业103家、有机食品企业43家、无公害农产品认证数107个、农产品地理标志登记保护30个、国家驰名商标和自治区著名商标47个，全市“三品一标”总产量达到400万吨，年产值150亿元。我市的绿色有机产品已被誉为“一般人吃不上，吃上人不一般”。“酒香也怕巷子深，我们企业的东西再好，也需要更多像今天这样的高规格平台来进行展示，这几年，市委市政府为了帮助企业发展，经常组织我们绿色食品、有机食品企业参加各类展示、贸易活动，我们企业的品牌也随着‘呼伦贝尔’越叫越响了。”鄂温克旗参展企业负责人告诉记者。钓鱼台食品公司董事总经理赵建斌说，“承办本次美食节是公司助力地方企业发展的新操作。接下来，将携手各方共同推动呼伦贝尔绿色有机农畜林产业的健康有序的发展，使这一地区的地标产品以更高的品牌声誉和标准走向全国，满足国内市场和不同消费者的多元需求。”本次活动由市政府主办，钓鱼台食品生物科技有限公司、市商务局、鄂温克族自治旗政府承办，内蒙古大兴安岭重点国有林管理局莫尔道嘎林业局、呼伦贝尔农垦集团合适佳食品有限公司、呼伦贝尔绿祥清真肉食品有限责任公司协办。作为美食节的一大亮点，开幕式当天，我市还与钓鱼台食品生物科技有限公司等携手合作，开启了强强携手，共建平台，合作共赢之路。业内人士表示，此次活动是我市加快经济转型，推动绿色发展，进一步打响“呼伦贝尔”绿色农畜林产品品牌的有力举措。活动在钓鱼台大酒店举办，将为呼伦贝尔绿色有机农畜林产品走向全国提供更多更高的机会。呼伦贝尔将进一步提升生态环境质量和绿色有机农畜林产品的品质、标准，让“呼伦贝尔”的金字招牌更加闪亮。以特殊的方式庆“十一”，新左旗庭院经济大丰收！快看看！我市就业扶贫招聘周都提供了哪些岗位？耄耋老人和垂髫孩童喜迎国庆，他们凑在一起能做什么呢？小餐饮，大门道！呼伦贝尔大牌餐饮家齐聚，只为赢得您的味蕾本期编辑：乃馨呼伦贝尔新闻微信平台爆料热线：0470-8252154  联系人：小吴商务合作：18047054677   联系人：小张]]></content>
  <author><![CDATA[呼伦贝尔新闻]]></author>
  <time>2018-10-15 11:49:16</time>
  <account><![CDATA[hlbrnews]]></account>
</data>
