<data>
  <id><![CDATA[51280257]]></id>
  <url><![CDATA[https://mp.weixin.qq.com/s?timestamp=1539596365&src=3&ver=1&signature=Egrj350GoKY8-KUcIJshb39rC5lbcSRjZeYNNZzlEqkDcBcCgU7zDuy832M-hz9RCVH5m*g6wYnypPiUj2lMlmlX7vfqcbVUpHwaTwfSD3XkSZQ-ObsQvv9K3kaaYdMBIhxLyXcsXpRp1iN0IefsrNlhB0LKQFBsmG9-ks3D18c=]]></url>
  <title><![CDATA[【围观】呼伦贝尔市交管支队车管所开展“百日整治”教育体验实践课]]></title>
  <content><![CDATA[为进一步加强贯彻落实“百日整治”工作，呼伦贝尔市车管所针对机动车驾驶人违法记分满分教育和审验教育开展教育体验实践课。通过实践课大力提高重点驾驶人尤其是初次申领驾驶证学员和满分教育学员交通安全意识、法治意识、规则意识、文明意识，有效预防和减少道路交通事故。此次教育体验实践课是在海拉尔区各大路口早中晚高峰期间，会有初次申领驾驶证学员和满分教育学员组成的交通文明劝导员挥动着手中的小旗，在执勤民警的带领指导下，对车辆不礼让行人、行人不遵守信号灯指示通行、不走人行横道等影响交通秩序和行车安全的各类不文明行为进行劝导和教育，并告知不文明交通行为可能带来的危害。交通文明劝导员站在红绿灯路口处，当遇到行人或车辆欲闯红灯时，交通文明劝导员上前说服，及时纠正市民的不文明交通行为；当遇到行人不走斑马线时，交通文明劝导员用友好的态度和亲切的语言进行劝导，及时制止；当遇到行动不便的老人要过马路时，交通文明劝导员主动上前帮忙。此次活动将倡导广大群众树立文明出行理念，营造文明、通畅的交通环境，确保道路交通安全、有序、文明、通畅。以特殊的方式庆“十一”，新左旗庭院经济大丰收！快看看！我市就业扶贫招聘周都提供了哪些岗位？耄耋老人和垂髫孩童喜迎国庆，他们凑在一起能做什么呢？小餐饮，大门道！呼伦贝尔大牌餐饮家齐聚，只为赢得您的味蕾本期编辑：冯印新呼伦贝尔新闻微信平台爆料热线：0470-8252154  联系人：小吴商务合作：18047054677   联系人：小张]]></content>
  <author><![CDATA[呼伦贝尔新闻]]></author>
  <time>2018-10-12 08:38:20</time>
  <account><![CDATA[hlbrnews]]></account>
</data>
