<data>
  <id><![CDATA[51280257]]></id>
  <url><![CDATA[https://mp.weixin.qq.com/s?timestamp=1539596365&src=3&ver=1&signature=Egrj350GoKY8-KUcIJshb39rC5lbcSRjZeYNNZzlEqkDcBcCgU7zDuy832M-hz9RCVH5m*g6wYnypPiUj2lMlmlX7vfqcbVUpHwaTwfSD3WIROLjd9bFIRQUFUj-4aXLzvmgyCA-bu2v1y0DwuMabiCqcQcJODcHq754rR3nfzg=]]></url>
  <title><![CDATA[【热点】常青深入额尔古纳市调研]]></title>
  <content><![CDATA[10月11日，市委副书记、政法委书记常青深入额尔古纳市，就农牧业产业化、奶业发展、基层党建、口岸发展、扫黑除恶、景区景点清理整顿等工作进行调研。在塞尚雀巢乳业、晟通糖业、丽丽娅庄园调研时，常青强调额尔古纳市要以农牧业供给侧结构性改革为抓手，依托资源优势，抓质量、搞特色、打品牌，扶持和壮大龙头企业，提高农畜林产品的加工转化水平，实现农牧业产业化、高质量发展。在拉布大林农牧场第四生产队奶牛规模化养殖场，常青指出要以需求为导向，优化奶业生产布局，创新奶业发展方式，加快实现奶业发展振兴。在黑山头镇梁西村调研基层党建时，常青要求要充分发挥基层党组织战斗堡垒作用，切实增强基层党建工作的责任感和紧迫感，找准基层党建的突破口和发力点，确保基层党建工作责任落实、任务落地。在黑山头口岸，常青强调要不断适应口岸未来发展的需要，进一步完善口岸基础设施建设，不断提高口岸信息化建设水平，为地方经济建设继续作出新的贡献。在市公安局调研时常青指出，要全面深化扫黑除恶专项斗争，强化责任落实、线索摸排、依法打击、宣传发动、齐抓共管、工作保障、督导检查，形成扫黑除恶的强大合力，从根本上遏制黑恶势力滋生蔓延，掀起新一轮宣传热潮，进一步提高群众知晓率、参与率和认可度。就景区景点整治工作，常青要求，要站在生态文明建设的高度落实好主体责任，抓住有利时机在年底前再来一次大检查、再打一次攻坚战，清理整顿重点旅游线路、草原、森林、河湖周边的景区景点违规项目。以特殊的方式庆“十一”，新左旗庭院经济大丰收！快看看！我市就业扶贫招聘周都提供了哪些岗位？耄耋老人和垂髫孩童喜迎国庆，他们凑在一起能做什么呢？小餐饮，大门道！呼伦贝尔大牌餐饮家齐聚，只为赢得您的味蕾本期编辑：冯印新图片来自网络呼伦贝尔新闻微信平台爆料热线：0470-8252154  联系人：小吴商务合作：18047054677   联系人：小张]]></content>
  <author><![CDATA[呼伦贝尔新闻]]></author>
  <time>2018-10-12 08:38:20</time>
  <account><![CDATA[hlbrnews]]></account>
</data>
