<data>
  <id><![CDATA[51280257]]></id>
  <url><![CDATA[http://mp.weixin.qq.com/s?__biz=MjM5Njg5NTA2Ng==&mid=2650807727&idx=2&sn=8010683f428c2250c3b5f03bf9d08aa6&chksm=bd16fd9a8a61748c98661ede6521dd76a5741d2f40a9edc0bf47eca55aecb7f9305ab5a6a7ac&scene=27#wechat_redirect]]></url>
  <title><![CDATA[【热点】我市绿色有机农畜林产品将以更高品牌声誉和标准走向全国我市与钓鱼台食品生物科技等公司签署六方合作协议]]></title>
  <content><![CDATA[10月11日下午，呼伦贝尔美食节暨特色产品展开幕式上举行了签约仪式。我市与钓鱼台食品生物科技有限公司携手合作，共同推动呼伦贝尔绿色有机农畜林产品以更高的品牌声誉和标准走向全国，满足市场和不同消费者的多元需求。中国民族贸易促进委员会会长贺黎明，市委书记于立新，市委副书记、市长姜宏，市委常委、副市长张启军和李金克及钓鱼台大酒店总经理、钓鱼台食品生物科技有限公司董事长许文海，中国烹饪协会副会长汤庆顺等见证签约。钓鱼台食品生物科技有限公司董事总经理赵建斌主持签约仪式。仪式上，市委常委、副市长马进代表市政府与钓鱼台食品生物科技有限公司、中国石化销售有限公司北京石油分公司、北京云杉世界信息技术有限公司（美菜网）、启迪国信科技有限公司、智慧农科信息技术有限公司签署了六方合作协议。六方将积极协同各方资源、技术、渠道、平台共同做好呼伦贝尔精准扶贫，拉动当地中草药及农畜林产业发展工作；建立产业园区，实现种养殖、加工、平台、物流等综合性、产业化经营。钓鱼台食品生物科技有限公司分别与白鹿岛科技食品有限公司、呼伦贝尔绿祥清真肉食品有限责任公司、呼伦贝尔农垦集团达成合作，以市场需求为导向，互相提供资源支持，携手打造钓标生态食品，为消费者提供高标准绿色有机健康的食品产品，不断提升呼伦贝尔绿色有机农畜林产品的品牌声誉。近年来，我市坚持生态保护优先、走绿色发展之路，充分发挥绿色资源优势，不断提升农畜林产品品质，在高端绿色农畜产品品牌打造推广工作中，积极沟通利用各大展示、推介、贸易平台，组织全市绿色食品、有机食品企业参展，逐步将“呼伦贝尔”绿色农畜产品品牌推向全国，让更多的农畜林企业受益，让更多农民、牧民持续稳定增收。本次战略合作签约仪式的举办，既是我市将此次美食节打造为呼伦贝尔绿色有机农畜林产品“走出去”的重要平台的成果展示，也是钓鱼台食品生物科技有限公司发挥平台优势助力地方企业发展责任的体现。以特殊的方式庆“十一”，新左旗庭院经济大丰收！快看看！我市就业扶贫招聘周都提供了哪些岗位？耄耋老人和垂髫孩童喜迎国庆，他们凑在一起能做什么呢？小餐饮，大门道！呼伦贝尔大牌餐饮家齐聚，只为赢得您的味蕾本期编辑：乃馨呼伦贝尔新闻微信平台爆料热线：0470-8252154  联系人：小吴商务合作：18047054677   联系人：小张]]></content>
  <author><![CDATA[呼伦贝尔新闻]]></author>
  <time>2018-10-15 11:49:16</time>
  <account><![CDATA[hlbrnews]]></account>
</data>
