<data>
  <id><![CDATA[51280257]]></id>
  <url><![CDATA[https://mp.weixin.qq.com/s?timestamp=1539596365&src=3&ver=1&signature=Egrj350GoKY8-KUcIJshb39rC5lbcSRjZeYNNZzlEqkDcBcCgU7zDuy832M-hz9RCVH5m*g6wYnypPiUj2lMljUbyC6Drtv9Uf0vWborOo1XhPzZkEXhCiONjz5S*lrUWoyE7KrLOmQcAz9oBK6NrQYvcxztYxPvJ-dlZwxU0yY=]]></url>
  <title><![CDATA[【推广】天赋神泉健康好水—鄂伦春自治旗夏日饮品有限责任公司献礼草原]]></title>
  <content><![CDATA[◆◆公司简介◆◆▲群山环绕、郁郁葱葱的大兴安岭神泉山上的夏日公司鄂伦春自治旗夏日饮品有限责任公司，坐落于群山环 绕、郁郁葱葱的大兴安岭神泉山上，这里环境优美，自然生态良好。公司始建于1989年， 先后经历合资、个人承包等经营形式。2003年12月由大兴安岭农垦集团正式接管，属国有独资企业 。 2014年投资近2000万元进行设备更新及厂房改造，并更换了产品包装。“夏日”牌天然矿泉水甘甜清冽 ，口感清爽 ，PH值在7.2-7.65之间，天然绿色弱碱， 富含偏硅酸、锶等32种矿物质元素 ，“夏日”牌天然矿泉水凭借29年的品牌影响力，得到广大消费者一致好评与青睐， 在北京、广东、内蒙古自治区境内有一定的美誉度和信誉度。曾被评为第六届远东及南太平洋残疾人运动会专用饮品、内蒙古自治 区著名商标、呼伦贝尔市知名商标，连续多年被评为全国信得过产品，2014年被评为内蒙古百佳特色农畜产品荣誉称号。成功举办2015年呼伦贝尔市首届“夏日矿泉”杯青少年书画大赛、2015年中国·呼伦贝尔 “夏日矿泉”杯钓鱼大赛；成为2016年中俄蒙网球公开赛指定饮用水、2016年CCTV魅力中国行呼伦贝尔之夏大型明星公益慈善晚会指定饮品、呼伦贝尔市飞机及机场专供饮用水、加格达奇飞机场专供饮用水。“夏日”牌天然矿泉水，主要以瓶装水为主，分为中端水和高端水 ，随着饮料水市场的不断细化，竞品不断出现，夏日产品单一，要实现发展的突破就必须在未来的几年发展当中，加强新品开发， 延长产品线。 4.5升水(家庭装、旅行装、儿童装)的开发， 就是以满足日益变化的市场需求为出发点，使“夏日”矿泉水在产品规格上多元化，实现多产品优势互补，共塑“夏日”品牌。同时要加大市场开发、管理，维护并利用互联网高科技信息平台，在一线城市建立销售网点和销售队伍，加大广告宣传力度。充分利用优质的天然资源，拓宽品牌影响力，突破设计生产量，实现产值、利润登上一个新台阶，使夏日矿泉水走进千家万户。◆◆企业发展历程◆◆源自世界公认无污染地区大兴安岭神泉山，水经岩层过滤自涌而出，天然净化，天然营养，成为珍贵的天然自涌冷矿泉。1987年经大庆地质勘察院化验，发现神泉山水源为矿泉水，该矿泉水由中科院遥感所兴旺公司开发部提交《内蒙古鄂伦春大兴安岭神泉饮用天然矿泉水勘查报告》。1989年4月7日通过由地矿部地质环境管理司会同地矿、卫生、轻工等有关部门组成的国家饮用天然矿泉水技术评审组鉴定。泉水流量、日涌水量：60吨/天。内蒙古自治区国土资源厅批准开采。在大杨树镇乡企科组织下，开始生产“神泉液”碳酸饮料。企业投资额注册资本500万元。水质决定产品质量，健康好水决定生命质量，夏日矿泉专职矿泉水29年如一，鄂伦春自治旗夏日饮品有限责任公司将品质化为企业之生命，潜心为广大客户生产每一滴合格好水。1988年7月投入生产。1992年，由鄂伦春旗接管后与美国企业合资，引进一套生产线，开始生产注册为“夏日”商标的矿泉水。1993年9月与香港溢丰贸易有限公司签订“合资经营”。2003年12月7日大兴安岭农垦集团公司以500万元价格收购该企业，并重新组建了大兴安岭农垦集团夏日饮品有限责任公司。2014年夏日公司成为大兴安岭农垦集团直属工业企业，斥资2000万元进行生产线改造。与广州达意隆集团公司进行生产线设备采购合同签订，4月15日停止生产，进行老设备拆除，新设备安装，6月27日整线成功联动， 生产出合格产品。呼伦贝尔农垦集团荣誉出品销售地址：海拉尔区万家惠农贸市场16-019门市海拉尔咨询热线:0470—8305057，8372777厂址:鄂伦春自治旗大杨树镇街西咨询热线:0470—5740777，5740888以特殊的方式庆“十一”，新左旗庭院经济大丰收！快看看！我市就业扶贫招聘周都提供了哪些岗位？耄耋老人和垂髫孩童喜迎国庆，他们凑在一起能做什么呢？小餐饮，大门道！呼伦贝尔大牌餐饮家齐聚，只为赢得您的味蕾本期编辑：冯印新呼伦贝尔新闻微信平台爆料热线：0470-8252154  联系人：小吴商务合作：18047054677   联系人：小张]]></content>
  <author><![CDATA[呼伦贝尔新闻]]></author>
  <time>2018-10-11 08:43:47</time>
  <account><![CDATA[hlbrnews]]></account>
</data>
