<data>
  <id><![CDATA[51280257]]></id>
  <url><![CDATA[https://mp.weixin.qq.com/s?timestamp=1539596365&src=3&ver=1&signature=Egrj350GoKY8-KUcIJshb39rC5lbcSRjZeYNNZzlEqkDcBcCgU7zDuy832M-hz9RCVH5m*g6wYnypPiUj2lMls-rq9cr5DXEYaeGoDbaAtHY9-b1nhYWFAOHQiOIDE23RmXS9soHcPfm8rzvY2hC7st65NJfRNLOOs05btZwe7w=]]></url>
  <title><![CDATA[【曝光台】我市交警部门“十一”期间查处各类交通违法行为9039起交通违法曝光台|未系安全带：看看你有没有上榜！]]></title>
  <content><![CDATA[国庆期间，我市交管部门全员不休，启动交警执法站29个，设置临时执勤点60个，共计查处交通违法行为9039起。其中不礼让斑马线83起，超载改装改型302起，不系安全带2726起，假牌3起，无证23起，“两闯”（闯红灯、闯禁行）30起，“三乱”（乱停车、乱变道、乱用灯光）2282起，酒驾58起，行政拘留27人，醉驾6起，刑事拘留8人。市交管支队领导带队分赴旗市区督导检查各地“十一”道路交通安保情况和“百日整治”工作落实情况。同时，派出由秩序大队、特勤大队和事故大队组成的3个实战工作小组，严查严处“三超一疲劳”等交通违法行为。为确保海拉尔中心城市交通畅通有序，支队抽出100名警力上路执勤，加大巡逻密度，提高见警率和管事率。利用缉查布控系统精准拦截“两客一危”违法车辆，通过视频监控系统和缉查布控系统，强化大货车等重点车辆的运行路线和时间的分析研判，针对性开展治理，取得了良好的执法效果。同时，市车管所在国庆期间对7000余名初次申领驾驶证学员和满分教育学员开展教育体验实践课，由其组成的交通文明劝导员挥动着手中的小旗，在执勤民警的带领指导下，对车辆不礼让行人、行人不遵守信号灯指示通行等影响交通秩序和行车安全的各类不文明行为进行劝导和教育。10月1—7日，全市交管部门共接报一般程序以上道路交通事故8起，死亡0人。与去年同期相比，死亡减少4人，下降100%；财产损失减少10785万元，下降96.25%。“十一期间”，全市未发生亡人道路交通事故。交通违法曝光台 | 未系安全带：看看你有没有上榜！曝光台车牌号车牌号冀B777S7蒙ELX355蒙ELD997黑BQ4151蒙EZ1732蒙EDD786蒙EF2620蒙E51998蒙EPS997蒙EEB337黑BMK112蒙EB9885蒙EU0871蒙E5E330蒙EK2967黑BR9904蒙ER6386蒙E7B526蒙E50193蒙E99185“交警提示【不系安全带处罚规定】：在高速公路或快速路上 罚款200元、记2分在高速公路或快速路以外 罚款50元、不记分(一)开车不系安全带除了罚款还要扣分1、在城市快速路上行驶时，驾驶人未按规定使用安全带的，罚款50元，扣2分;2、在高速公路或城市快速路以外的道路上行驶时，驾驶人未按规定使用安全带的，罚款50元，不扣分;3、(城市快速路是指--城市道路中设有中央分隔带，具有四条以上的车道，全部或部分采用立体交叉与控制出入，供车辆以较高的速度行驶的道路);机动车行驶时，乘坐人员未按规定使用安全带的，罚款5元;4、在高速公路上行驶时，驾驶人未按规定使用安全带的，罚款50元，扣2分;5、车辆通行高速公路时，乘车人不按规定系安全带的，罚款20元;6、在城市市区限速50公里以下路段驾驶机动车，乘坐人未按规定使用安全带，经指出后立即改正的，口头警告;7、123号令规定，对驾驶机动车在高速公路或者城市快速路上行驶时，驾驶人未按规定系安全带的，一次记2分。(二)副驾驶不戴安全带罚款按照道路交通安全法，机动车行驶时，副驾驶乘坐人员也应当使用安全带。副驾驶必须佩戴安全带的规定早在旧交规中已经有明确规定。凡是在副驾驶上不佩戴安全带的，执勤交警均可以对乘坐人处以罚款20元的处罚。依据：《中华人民共和国道路交通安全法实施条例》 第五十一条 机动车行驶时，驾驶人、乘坐人员应当按规定使用安全带，摩托车驾驶人及乘坐人员应当按规定戴安全头盔。第九十条 机动车驾驶人违反道路交通安全法律、法规关于道路通行规定的，处警告或者二十元以上二百元以下罚款。本法另有规定的，依照规定处罚。”以特殊的方式庆“十一”，新左旗庭院经济大丰收！快看看！我市就业扶贫招聘周都提供了哪些岗位？耄耋老人和垂髫孩童喜迎国庆，他们凑在一起能做什么呢？小餐饮，大门道！呼伦贝尔大牌餐饮家齐聚，只为赢得您的味蕾来源：呼伦贝尔交警支队本期编辑：乃馨呼伦贝尔新闻微信平台爆料热线：0470-8252154  联系人：小吴商务合作：18047054677   联系人：小张]]></content>
  <author><![CDATA[呼伦贝尔新闻]]></author>
  <time>2018-10-14 21:25:54</time>
  <account><![CDATA[hlbrnews]]></account>
</data>
