<data>
  <id><![CDATA[51280257]]></id>
  <url><![CDATA[https://mp.weixin.qq.com/s?timestamp=1539596365&src=3&ver=1&signature=Egrj350GoKY8-KUcIJshb39rC5lbcSRjZeYNNZzlEqkDcBcCgU7zDuy832M-hz9RCVH5m*g6wYnypPiUj2lMlgRPDHx7qZridKVUTZuZOdKVaPUSD5836a1ffXmeTwy6ry78AO-bbXLOynZh5lvWY95Ob9lRC4gTt3U-aQcm1Jc=]]></url>
  <title><![CDATA[【扩散】10.17爱购超市新民路店|周三惠生活偶遇重阳节！超值惊喜，超多福利，回馈新老顾客~~]]></title>
  <content><![CDATA[牛山何必独沾衣古往今来只如此不作登临恨落晖但将酩酊酬佳节菊花须插满头归尘世难逢开口笑与客携壶上翠微江涵秋影雁初飞杜牧九月齐山登高当周三惠生活偶遇重阳节爱购超市新民路店超值惊喜，超多福利感恩回馈新老顾客生鲜精选食品精选非食精选电子海报内容有限，更多优惠商品店内详见！以特殊的方式庆“十一”，新左旗庭院经济大丰收！快看看！我市就业扶贫招聘周都提供了哪些岗位？耄耋老人和垂髫孩童喜迎国庆，他们凑在一起能做什么呢？小餐饮，大门道！呼伦贝尔大牌餐饮家齐聚，只为赢得您的味蕾来源：爱购超市本期编辑：乃馨呼伦贝尔新闻微信平台爆料热线：0470-8252154  联系人：小吴商务合作：18047054677   联系人：小张]]></content>
  <author><![CDATA[呼伦贝尔新闻]]></author>
  <time>2018-10-15 14:13:15</time>
  <account><![CDATA[hlbrnews]]></account>
</data>
