<data>
  <id><![CDATA[51280257]]></id>
  <url><![CDATA[https://mp.weixin.qq.com/s?timestamp=1539596365&src=3&ver=1&signature=Egrj350GoKY8-KUcIJshb39rC5lbcSRjZeYNNZzlEqkDcBcCgU7zDuy832M-hz9RCVH5m*g6wYnypPiUj2lMls-rq9cr5DXEYaeGoDbaAtHywWRFfcGYvfCoajczVcIhI-dccrHkLwpQoKvWgMAUY9muMjd40RtdFvPi*r3bllo=]]></url>
  <title><![CDATA[强身健体览金秋市直属机关工委举办健步走活动]]></title>
  <content><![CDATA[时维十月，已是秋意深浓，伊敏河畔微风徐徐，河面波光粼粼，两岸层林尽染，正是赏景健走好时节。10月14日，2018呼伦贝尔市直属机关举办了“助创城、强素质、展风采”职工健步走活动，来自66个单位的650名职工健身爱好者踊跃参与。市直属机关工委书记高茹，市总工会党组书记、常务副主席齐全，市人力资源和社会保障局局长罗吉舫等领导出席了活动开幕式。高茹致辞到，今天的活动更是给广大健步走爱好者提供一次互相学习、增进友谊的平台，旨在培养顽强的拼搏精神和优良的意志品质，提高身体素质和心理素质，进而培育市直机关干部职工团结拼搏、争创一流的精神，切实推进机关“五个文明”建设，为我市争创国家级文明城营造浓厚的氛围。齐全宣布职工健步走活动开始，罗吉舫进入场地为本次活动鸣枪。旌旗猎猎，似一盏盏火炬给人以勇往直前的力量。健走过程中，大家或结伴徐行，或疾步向前，一路呼吸着新鲜的空气，一边欣赏着湖边的美景，步履矫健，神采飞扬，在秋日中尽情释放自我。行走过程中，大家 相互微笑、鼓励，传递着彼此之间的温暖和快乐。不到40分钟，就有一批参与者完成了全部的路程，率先抵达终点，大家合影、自拍，享受着运动走带来的愉悦心情。以特殊的方式庆“十一”，新左旗庭院经济大丰收！快看看！我市就业扶贫招聘周都提供了哪些岗位？耄耋老人和垂髫孩童喜迎国庆，他们凑在一起能做什么呢？小餐饮，大门道！呼伦贝尔大牌餐饮家齐聚，只为赢得您的味蕾本期编辑：乃馨呼伦贝尔新闻微信平台爆料热线：0470-8252154  联系人：小吴商务合作：18047054677   联系人：小张]]></content>
  <author><![CDATA[呼伦贝尔新闻]]></author>
  <time>2018-10-14 21:25:54</time>
  <account><![CDATA[hlbrnews]]></account>
</data>
