<data>
  <id><![CDATA[51280257]]></id>
  <url><![CDATA[https://mp.weixin.qq.com/s?timestamp=1539596365&src=3&ver=1&signature=Egrj350GoKY8-KUcIJshb39rC5lbcSRjZeYNNZzlEqkDcBcCgU7zDuy832M-hz9RCVH5m*g6wYnypPiUj2lMlnhdCuYCUSzEiPV8fqRVLWKBR2C8n3a8rhzPs*fPiqD51dRa9N4Ya*wdwxkYfjr7vAB7kzGN9HrPdWlDie6HHtM=]]></url>
  <title><![CDATA[【扩散】爱购超市礼敬重阳！精选超值商品，回馈广大顾客！]]></title>
  <content><![CDATA[尊老敬老重阳节，又称重九节、晒秋节、“踏秋”，中国传统节日。庆祝重阳节一般会包括出游赏秋、登高远眺、观赏菊花、遍插茱萸、吃重阳糕、饮菊花酒等活动。今年重阳节爱购超市倾情回馈精选超值商品礼敬重阳电子海报内容有限，更多优惠商品店内详见！以特殊的方式庆“十一”，新左旗庭院经济大丰收！快看看！我市就业扶贫招聘周都提供了哪些岗位？耄耋老人和垂髫孩童喜迎国庆，他们凑在一起能做什么呢？小餐饮，大门道！呼伦贝尔大牌餐饮家齐聚，只为赢得您的味蕾本期编辑：乃馨呼伦贝尔新闻微信平台爆料热线：0470-8252154  联系人：小吴商务合作：18047054677   联系人：小张]]></content>
  <author><![CDATA[呼伦贝尔新闻]]></author>
  <time>2018-10-11 14:51:29</time>
  <account><![CDATA[hlbrnews]]></account>
</data>
