<data>
  <id><![CDATA[51280257]]></id>
  <url><![CDATA[https://mp.weixin.qq.com/s?timestamp=1539596365&src=3&ver=1&signature=Egrj350GoKY8-KUcIJshb39rC5lbcSRjZeYNNZzlEqkDcBcCgU7zDuy832M-hz9RCVH5m*g6wYnypPiUj2lMls-rq9cr5DXEYaeGoDbaAtH2r8KbUtRvm0CaMaHp3brDjoUC75Ds9LeIj*dIwYY0UHTjX6MeZugat8jHqX8OHWc=]]></url>
  <title><![CDATA[【热点】我区2019年考研网上报名工作开始]]></title>
  <content><![CDATA[日前，记者从内蒙古招生考试信息网了解到，自治区招生考试委员会近日印发了《关于做好我区2019年全国硕士研究生招生考试报名工作的通知》。为防止网络拥堵，网上报名分为两个时段进行。网上报名时间为2018年10月10日至10月31日每天9:00-22：00。网上预报名时间为2018年9月24日至9月27日每天9:00-22:00。预报名期间，仅安排区内高校应届本科毕业生选择指定考区（即网报系统的“报考点”）进行网上报名（考生报名成功后无需再参加10月10日至10月31日的网上报名）。网上报名时，因不符合报考条件及相关政策要求，造成后续不能现场确认、考试、复试或录取的，后果由考生本人承担。考生应当按要求准确填写网上报名信息并提供真实材料。考生因网报信息填写错误、填报虚假信息而造成不能考试、复试或录取的，后果由考生本人承担。以特殊的方式庆“十一”，新左旗庭院经济大丰收！快看看！我市就业扶贫招聘周都提供了哪些岗位？耄耋老人和垂髫孩童喜迎国庆，他们凑在一起能做什么呢？小餐饮，大门道！呼伦贝尔大牌餐饮家齐聚，只为赢得您的味蕾图片来源于网络本期编辑：乃馨呼伦贝尔新闻微信平台爆料热线：0470-8252154  联系人：小吴商务合作：18047054677   联系人：小张]]></content>
  <author><![CDATA[呼伦贝尔新闻]]></author>
  <time>2018-10-14 21:25:54</time>
  <account><![CDATA[hlbrnews]]></account>
</data>
