<data>
  <id><![CDATA[51280257]]></id>
  <url><![CDATA[https://mp.weixin.qq.com/s?timestamp=1539596365&src=3&ver=1&signature=Egrj350GoKY8-KUcIJshb39rC5lbcSRjZeYNNZzlEqkDcBcCgU7zDuy832M-hz9RCVH5m*g6wYnypPiUj2lMlk1k5VFNTAoxmd-urE6QH3B2GhlL4aag7EE56v9VOgx6Y5J7ZDg93*fZryc9FUVeNOnlDgXv8qSm3KGyUF3DcuE=]]></url>
  <title><![CDATA[【点赞】开发派出所查获一起寻衅滋事案]]></title>
  <content><![CDATA[近日，海拉尔开发派出所破获一起寻衅滋事案件，依法行政拘留7人。9月5日0时10分，开发派出所接到报警称，在夜色俱乐部门前及店内，有多名男子相互殴打。接警后，民警迅速赶到现场，经询问，白某、李某某、潘某、喻某某与付某某、陈某、秦某在夜色俱乐部因琐事发生口角并相互殴打，付某某、陈某、秦某等人已逃跑 。开发派出所迅速组织民警对付某某等3人进行抓捕。最终，付某某等3人迫于压力，于9月10日到开发派出所投案自首。经讯问，7人对违法事实供认不讳。目前，7名嫌疑人已被依法行政拘留，案件正在进一步审办中。以特殊的方式庆“十一”，新左旗庭院经济大丰收！快看看！我市就业扶贫招聘周都提供了哪些岗位？耄耋老人和垂髫孩童喜迎国庆，他们凑在一起能做什么呢？小餐饮，大门道！呼伦贝尔大牌餐饮家齐聚，只为赢得您的味蕾本期编辑：李可呼伦贝尔新闻微信平台爆料热线：0470-8252154  联系人：小吴商务合作：18047054677   联系人：小张]]></content>
  <author><![CDATA[呼伦贝尔新闻]]></author>
  <time>2018-10-12 19:29:29</time>
  <account><![CDATA[hlbrnews]]></account>
</data>
