<data>
  <id><![CDATA[51280257]]></id>
  <url><![CDATA[https://mp.weixin.qq.com/s?timestamp=1539596365&src=3&ver=1&signature=Egrj350GoKY8-KUcIJshb39rC5lbcSRjZeYNNZzlEqkDcBcCgU7zDuy832M-hz9RCVH5m*g6wYnypPiUj2lMltQw4mRwkMDClAS5yHiz2Tl4wObLqUx1Tf6ZamTZSmvxSlNhUqrgN7FvFJ-fFG7c*pCnlEnx-9BGsJZ59KpJEe8=]]></url>
  <title><![CDATA[【聚焦】兴安岭的春夏秋冬，就是一个美！]]></title>
  <content><![CDATA[摄影的真谛就是用镜头去发现美、记录美、传播美，把最美的一面展示给世界。金平做为一名摄影爱好者， 对美的不懈追求和强烈爱好是他的一惯精神。大兴安岭的柳兰花，又名遍山红，开的漫山遍野、红彤彤、绿油油，远远望去，宛如一片花的海洋！又如同是天女洒下来的一般，显得格外的耀眼、奇特。其实，摄影看似挺简单，要想拍出真正能够打动人、令人震撼、陶醉的作品，除了有较好的文化修养、强烈的爱好、善于探索的本能、睿智的悟性、顽强的执着，更要有不畏艰难地追求、敏锐的观察能力、经验的积累、习惯、虚心好学的品格等等，为了提高自己的审美情趣，陶冶情操，丰富退休后的业余生活，金平一年四季都在四处奔波，寻找、追逐、贪恋光与影的最佳效果。几年来，他独自驾车或相邀影友走遍了大兴安岭的山山水水、名山大川，不惜起早贪黑、爬冰卧雪，驱车千里追寻季节的更替，有时甚至为抓拍太阳升起的一瞬，侯鸟迁徙的一幕，吃、睡在荒郊野岭，再苦再累只要能够提高审美情趣，陶冶情操，丰富生活，那就是乐此不疲！大兴安岭的原始森林，在皑皑白雪的覆盖下，迎来了一天之中最早的朝霞。如火如荼的朝霞给寂静的山峦增添了些许生气！大兴安岭地理位置特殊、纬度气候高且寒，四季分明，每个季节有其独特的风光，一年四季都吸引着全国各地的摄影家前来采风。清晨的山林老路两旁，花团锦簇、多姿多彩。鸟语花香的春天春风唤醒了兴安岭的山山水水，茫茫草原也脱去厚厚的冬妆，大兴安岭的皑皑白雪逐渐开始融化，千里冰封、万里雪飘的景色开始被漫山遍野、吐蕊盛开的“达达香”所替代，那一望无垠的杜鹃花海盛开在兴安岭的山山岭岭、沟沟坎坎，甚至厚厚的白雪也掩盖不住它那迎寒怒放，傲雪凌霜的顽强！那漫山红遍、层林尽染的兴安杜鹃，灿似彩霞，绚丽动人，不愧为大兴安岭的一道靓丽的风景线！正是：一枝冷艳千滴血，半缕馨香万里风。野火燎原融冻土，丹霞尽染映山红。厚厚的白雪掩盖不住兴安杜鹃迎寒怒放，傲雪凌霜的顽强。白桦林中红杜鹃，红白相衬真鲜艳梦里寻她千百度     终见霓裳白杜鹃。（兴安岭的白色杜鹃花非常稀少）郁郁葱葱的夏日随着兴安岭的温度不断攀升，盛夏季节如约而至。草原上各种树木、野花争相斗艳、香飘千里，为兴安岭的夏天增添了无穷无尽的乐趣。正是：巍巍兴安岭，滚滚呼伦水，千里草原铺翡翠，天鹅飞来不想回。这是一段《呼伦贝尔美》的歌词，歌中描绘了呼伦贝尔大草原、大兴安岭夏季的风光！当南方骄阳似火、酷热难耐的时候，全国各地的游客纷纷拥到大兴安岭林区，来这里享受纯净的空气、夏日的凉爽，欣赏绿色林海、草原湿地、天然氧吧。这里是祖国不可多得的避暑胜地。大兴安岭野花多，芍药花开令人魔，柔美如玉够震撼，永留春色美山坡。芍药花形似清雅少女，羞涩可人，活泼，情如浪漫丽人 。兴安岭的六月，正是花草树木繁盛之时 ，漫步在兴安岭的任何一座山脉，都会看到山坡上的高高低低各种叫不出名字的野花盛开，争相斗艳、万紫千红。每年春夏之交正是芍药花盛开的时节。走上山坡放眼望去那一片片、一簇簇、颜色各异的芍药花。那花团锦簇、鲜艳欲滴、雍容华贵真的叫人震撼、叫人不忍离去！兴安岭的芍药花从含苞欲放到花开花落，花期也就二十几天的时间，但是，给观赏者以极为深刻的印象。据书中记载，芍药花的象征意义就是：寓意着思念、依依惜别、难舍难分、真诚不变，是富贵和美丽的象征。山水之间，秋意盎然 ，赤橙黄绿，扮美兴安。气象万千的秋色其实，大兴安岭最美丽的景色要数初秋的季节。在这个季节里，由于夜间低温的作用，给群山峻岭、山坳原野、湿地、草木都披上了盛妆。放眼巍峨群山，在蓝天白云的晖影下，美丽浩瀚的大森林秋高气爽，落叶缤纷，风情万种，婀娜多姿。山脚下，一束束生命力极强的山野花在一团团、一簇簇青草的簇拥下，依恋着美丽的秋色，正在热情地淀放着迷人的芳香。山坡上凉爽的秋风吹过道道山岗，给绿色的大森林披上了五彩盛装。白桦林为秋天来临的瑰丽景色增添了浓郁的一笔。兴安落叶松、樟子松、红皮云杉、蒙古栎、山杨……林林总总的各类树木在秋风中左右摇曳，树叶在秋风的吹拂之下，由绿叶变成了五颜六色，金黄色的树叶在空中纷纷飘落，宛如婀娜多姿的蝴蝶在翩翩起舞。一些不知名的候鸟，不时地在空中展翅高飞，留下清脆悦耳的叫声，既像与我们挥手告别，又像与我们约定春天相会的佳期。银装素裹的冬季大兴安岭绵延万里的森林、草原、湿地、沟壑，在漫长冬日中被厚厚的、纯净的白雪覆盖着，呈现出千里冰封、万里雪飘的瑰丽景色！只要你伫立在大兴安岭的任何一个地方，仰望着白雪皑皑的群山、簌簌飘落的雪花、晶莹剔透的冰凌，实实在在会体会到大自然的深邃与神奇。大雪压青松，青松挺且直。要知松高洁,待到雪化时。巍巍群山、涛涛林海、云雾缭绕彰显出大兴安岭的神秘、巍峨。雪中望森林让人沉醉，当那和煦的阳光俏皮地窜进桦树林时，会让人感觉到，那阳光的巨手似乎在拨开厚厚的积雪，寻觅掩埋在寒冷下的春天。让人立刻会联想到，春天是阳光挖掘出来的，带着暖意，展现着活力，阳光将一派绿和万紫千红从冰雪世界中解脱出来，此时此刻会让人感觉到温暖与寒冷的搏击，生命活力的蓬勃。从另一个角度看奥克里堆山。玉树琼枝，银装素裹。冷极的不冻河。厚厚的云层中偶然露出的一缕阳光，照射在激流河畔。《赞兴安芍药》满坡上下千万枝， 看尽将开欲落时。却是相遇有深意，故留暮色醉人思。（金平）兴安报春之花，先花后叶，冲寒吐芳。落叶松林展新姿，杜鹃陪伴正当时。秋色浓郁绿变黄，白桦杨柳入池塘。天高云淡映碧水，兴安美景令人狂。根河乌力库玛的木制别墅群，在一潭湖水的衬托下，熠熠生辉、煞是美丽！夏季的繁盛，秋天的妩媚。放眼苍穹举首眺望，诗情画意令人陶醉。大兴安岭山脉中海拔最高的山，就是位于根河境内的~奥克里堆山。兴安岭秋日的山、河、水的美丽景色。秋天的浓郁色彩。山坡上、山沟里长的一簇簇、一片片的山丁子树，经历了霜冻，更加显得妩媚可爱！夕阳西下，映照的兴安山脉，呈现出火红的美景！云、雾是摄影家的最爱！白桦林里红似火    春意最浓在兴安。冬季山涧的一个泉水，流淌过形成冰河一角。兴安岭冬季的山林。《湿地兰花》 轻舒媚眼嫣然笑，漫展娇姿恣意迎。 总把痴心融绿海，但留傲骨慰清平。山坡上的芍药花。千朵万朵竞相开    专为自然添风采。根河源国家湿地公园里的乌力库玛房车基地里的别墅区。阳光下的原始森林。花团锦簇  鲜艳欲滴   雍容华贵。一簇盛开的野花，更能衬托出森林的美。红柳树在严寒酷暑中更能够显现出她的美丽。中华民族有着如芍药一样的品德和性格，勤劳、务实，淡如芍香、柔美如玉。晨雾中的玫瑰花。一枝冷艳千滴血，半缕馨香万里风。野火燎原融冻土， 丹霞尽然映山红。秋天的山野呈现出万木凋零、秋风萧瑟的景色。初秋时节去看大兴安岭的山山水水，犹如彩霞般绚烂。金秋时节，处处美不胜收，让人流连忘返。大地就是一首诗，富有意象，让人着迷。深秋的大兴安岭，奥克里堆山的山峰已经被白雪覆盖，山脚下的河谷依然有不尽的风采。秋色浓郁的大兴安岭。秋霜以它那千姿百态、神奇异常的独特风姿，留给草原、留给人们难以磨灭的记忆。色彩斑斓、层峦叠嶂，草原的秋天真的叫人不饮自醉。光与影的世界，是摄影家始终追逐的目标。额尔古纳河两岸。呼伦贝尔大草原的清晨，在朝霞的映照下显示出勃勃生机。秋的到来，把山林染的多彩多姿。朝阳万束催花开，林中最美白杜鹃。大兴安岭的不冻河。满山坡的芍药花，争相斗艳，真的叫人震撼！草原的美，不但蕴于她的广阔无垠，更蕴于她有着弯曲清澈的河水和漫步的牛群！站在山巅，遥望天空，是湛蓝般的明净，没有一丝的杂质搀杂其中。雪白的云朵团团簇拥着，似那最优质的棉花一般。一望无垠、碧绿的草原上莫尔格勒河缓缓地地流过。“犴马保护区”里，马兰泡的清晨。远远眺望，草原上清澈、弯曲的河流从中流过，牛、羊在休闲地散步。寒冬腊月，原始森林的自然风光。待到山花烂漫时   春回大地景色新。银装素裹的大兴安岭原始森林。在呼伦贝尔鄂伦春旗的达尔滨罗，杜鹃花在火山岩上茂盛生长、开花。美丽大兴安岭的秋色，在晨光的照射下熠熠生辉、多姿多彩！雄伟壮丽、多姿多彩的奥克里堆山。浓厚的秋意浸染了根河两岸的植被。这些被秋色草原衬托得十分清楚的黄白花牛，在太阳下就象绣在绿色缎面上的彩色图案一样美。草原的路与蓝天白云接壤，一直达到天边！兴安岭的山地、草原、森林在明媚的阳光下，劲显苍茫、辽阔！花团锦簇、鲜艳欲滴的白芍药花。高空俯瞰根河源湿地。春意最浓在兴安。从高空鸟瞰湿地，只见云山层叠，气象万千，目不暇接。花丛中彩蝶纷飞、蜜蜂起舞，充满勃勃生机！阳光下的不冻河，有着童话般的梦幻。初秋的大兴安岭犹如彩霞般绚丽多彩。大兴安岭的清晨。放眼望去~秋天是一幅色彩斑斓的画，更是一曲柔肠百转的歌。在大兴安岭，浓浓的深秋，河流纵横交错， 站在高处两岸的景色一览无余。极目远眺，河岸边的各类植物呈现的色彩纷呈，连成一片，像一块大大的花地毯，连接到天边！蜿蜒起伏的山脉，奔流不息的根河，平坦弯曲的老路，沿途的风光，依然叫人流连忘返、不能自拔！秋意正浓。芍药花不仅美丽，而且可以治病。兴安杜鹃，灿似彩霞，绚丽动人，不愧为大兴安岭的一道靓丽风景线。以特殊的方式庆“十一”，新左旗庭院经济大丰收！快看看！我市就业扶贫招聘周都提供了哪些岗位？耄耋老人和垂髫孩童喜迎国庆，他们凑在一起能做什么呢？小餐饮，大门道！呼伦贝尔大牌餐饮家齐聚，只为赢得您的味蕾本期编辑：李可（文中图片：金平/摄  文字：树林）呼伦贝尔新闻微信平台爆料热线：0470-8252154  联系人：小吴商务合作：18047054677   联系人：小张]]></content>
  <author><![CDATA[呼伦贝尔新闻]]></author>
  <time>2018-10-11 18:02:02</time>
  <account><![CDATA[hlbrnews]]></account>
</data>
