<data>
  <id><![CDATA[51280257]]></id>
  <url><![CDATA[https://mp.weixin.qq.com/s?timestamp=1539596365&src=3&ver=1&signature=Egrj350GoKY8-KUcIJshb39rC5lbcSRjZeYNNZzlEqkDcBcCgU7zDuy832M-hz9RCVH5m*g6wYnypPiUj2lMljSpQ7JgSdvsl2q-2Y1cUikwZblfG-ilzhlLrYLegY8TV4PLyfodp7b235a0XETgOAkXsRMLDek48Ful-Kg7l40=]]></url>
  <title><![CDATA[【消息】伊敏矿通过国家一级安全生产标准化动态达标复查]]></title>
  <content><![CDATA[日前，伊敏露天矿以94.35分的成绩通过国家一级安全生产标准化煤矿动态达标复查。去年10月，该矿首次通过国家一级安全生产标准化煤矿考核验收。今年9月，市安监局聘请内蒙古自治区有关专家对该矿进行一年一度的一级安全生产标准化煤矿动态达标复查。专家组听取了该矿安全生产标准化工作开展情况的汇报，通过查阅内业资料和检查生产现场的方式，对安全风险分级管控、事故隐患排查治理、采装、运输、排土等13个专业进行了详细全面的检查。在经过认真逐条对照检查和综合评定后，专家组一致认为，该矿安全生产标准化管理规范、手续齐全、制度完善，不存在重大事故隐患，符合国家一级安全生产标准化煤矿要求。以特殊的方式庆“十一”，新左旗庭院经济大丰收！快看看！我市就业扶贫招聘周都提供了哪些岗位？耄耋老人和垂髫孩童喜迎国庆，他们凑在一起能做什么呢？小餐饮，大门道！呼伦贝尔大牌餐饮家齐聚，只为赢得您的味蕾本期编辑：乃馨呼伦贝尔新闻微信平台爆料热线：0470-8252154  联系人：小吴商务合作：18047054677   联系人：小张]]></content>
  <author><![CDATA[呼伦贝尔新闻]]></author>
  <time>2018-10-12 12:00:00</time>
  <account><![CDATA[hlbrnews]]></account>
</data>
