<data>
  <id><![CDATA[51280257]]></id>
  <url><![CDATA[https://mp.weixin.qq.com/s?timestamp=1539596365&src=3&ver=1&signature=Egrj350GoKY8-KUcIJshb39rC5lbcSRjZeYNNZzlEqkDcBcCgU7zDuy832M-hz9RCVH5m*g6wYnypPiUj2lMlmSYOl8MRel8eGe1inD3CkAgEk6DJGLZabyneBTV4ZcOvdP1qOiLj*dy7MlAaydY9y3Qgatjh48xbocxRRYVupQ=]]></url>
  <title><![CDATA[【消息】海拉尔公安分局扫黑除恶攻坚战再获战果]]></title>
  <content><![CDATA[海拉尔公安分局刑警大队加强“智慧公安”在扫黑除恶专项斗争中的引领作用，历时五个多月的核查取证，成功破获一起故意损财案，抓获两名犯罪嫌疑人，在扫黑除恶攻坚战中再添战果。今年3月以来，海区某饭店的玻璃窗及卷帘窗4次被人夜间砸毁，因单次财产损失不大，受害人没有及时报警或以一般治安案件处理。刑警大队从案发视频入手，多次进行视频研判和轨迹追踪，也都因嫌疑人利用反侦察能力，迫使案件线索中断。侦查员在没有任何可用线索的情况下，激发案件必破的决心，逐帧排查四次案发视频力求突破，终于找到一条线索，顺线索顺藤摸瓜。侦查员连续工作20余天，针对呼伦贝尔市百余辆同款轿车进行逐一排查，最后锁定嫌疑车辆为海区居民赵某所有。刑警大队迅速摸排，发现赵某的亲属丁某具有重大嫌疑，且嫌疑人丁某在海区的生活轨迹自8月中旬消失。侦查员于9月7日将嫌疑人丁某上网追逃。随着案件侦办的不断推进，刑警大队发现在逃嫌疑人丁某在河南省出现，于是立即派警前往抓捕。9月23日，经严密布控，在平顶山市某网吧将其抓获归案。经审讯，犯罪嫌疑人丁某对其受赵某指使多次夜间砸毁该饭店的玻璃窗及卷帘窗的犯罪事实供认不讳。侦查员依据前期工作提取的证据及犯罪嫌疑人丁某的供述立即秘密对嫌疑人赵某进行布控，9月30日将嫌疑人赵某在家中抓获。到案后，犯罪嫌疑人赵某对其因与受害人曾发生过口角，心中不快，便指使犯罪嫌疑人丁某多次砸毁该饭店财物的犯罪事实供认不讳。目前，犯罪嫌疑人赵某、丁某因涉嫌故意毁坏他人财物罪已被海拉尔公安分局依法刑事拘留，此案正在进一步侦办中。以特殊的方式庆“十一”，新左旗庭院经济大丰收！快看看！我市就业扶贫招聘周都提供了哪些岗位？耄耋老人和垂髫孩童喜迎国庆，他们凑在一起能做什么呢？小餐饮，大门道！呼伦贝尔大牌餐饮家齐聚，只为赢得您的味蕾本期编辑：乃馨呼伦贝尔新闻微信平台爆料热线：0470-8252154  联系人：小吴商务合作：18047054677   联系人：小张]]></content>
  <author><![CDATA[呼伦贝尔新闻]]></author>
  <time>2018-10-13 17:59:39</time>
  <account><![CDATA[hlbrnews]]></account>
</data>
