<data>
  <id><![CDATA[51280257]]></id>
  <url><![CDATA[https://mp.weixin.qq.com/s?timestamp=1539596365&src=3&ver=1&signature=Egrj350GoKY8-KUcIJshb39rC5lbcSRjZeYNNZzlEqkDcBcCgU7zDuy832M-hz9RCVH5m*g6wYnypPiUj2lMls-rq9cr5DXEYaeGoDbaAtF-j98WTofnK-5QebvcKftQZ-Tr1r*J85Azx29qDewx2SDW-nbMHTcjltc4oe9-AFA=]]></url>
  <title><![CDATA[【围观】@所有人：11月1日起，这样的净水器不能买！]]></title>
  <content><![CDATA[目前，国内越来越多的家庭选择和购买使用净水机，而国内净水机的品牌多达数千个，具体行业规范的缺失会导致净水行业市场鱼龙混杂、产品参差不齐。为了解决净水行业乱象，国家净水行业首个强制性标准出炉，将于2018年11月起正式实施。下面，快跟活力君一起来看看新规的内容吧。2017年11月，质检总局、国家标准委正式发布了GB34914-2017《反渗透净水器水效限定值及水效等级》国家标准。这项标准为贯彻落实最严格的水资源管理制度，划出了严守用水效率控制的红线，并将于2018年11月1日起开始实施。实施背景随着我国消费升级、生活品质的提高，居民对室内空气质量和饮用水水质等的要求越来越高，空气净化器、家用净水设备等健康环保产品成为消费热点，消费规模不断扩大。2017年，空气净化器产量、国内销售量分别为1357万台、444万台，同比增长26.1%和2.3%；家用净水设备产量、国内销售量分别为1629万台、1477万台，同比增长11.4%和12.6%。有专家预计，国内净水器未来五年有望形成3000亿的市场规模。新规内容GB34914-2017《反渗透净水器水效限定值及水效等级》规定了家用及类似用途反渗透净水机水效限定值和水效等级，以及净水产水率的检测和计算方法，将反渗透净水机水效分为5个等级，设定了净水产水率的红线，即净水产水率最低不能小于35%（5级水效），低于这个限定值的反渗透净水机将禁止销售。意义这意味着，新国标实施后，凡净水产水率低于35%的RO反渗透净水器，都算不合格产品，新国标将通过水效限定值的设定，用于淘汰那些高耗水的劣质产品。新国标的正式实施，将进一步整顿净水行业，倒逼净水机生产商进行技术革新，从而提高所生产反净水机的性能。活力君在此提醒您，从11月1日起，购买净水机的你请一定认准这个参数哦。以特殊的方式庆“十一”，新左旗庭院经济大丰收！快看看！我市就业扶贫招聘周都提供了哪些岗位？耄耋老人和垂髫孩童喜迎国庆，他们凑在一起能做什么呢？小餐饮，大门道！呼伦贝尔大牌餐饮家齐聚，只为赢得您的味蕾来源：活力内蒙古 工人日报微信公众号本期编辑：乃馨呼伦贝尔新闻微信平台爆料热线：0470-8252154  联系人：小吴商务合作：18047054677   联系人：小张]]></content>
  <author><![CDATA[呼伦贝尔新闻]]></author>
  <time>2018-10-14 21:25:54</time>
  <account><![CDATA[hlbrnews]]></account>
</data>
