<data>
  <id><![CDATA[51280257]]></id>
  <url><![CDATA[https://mp.weixin.qq.com/s?timestamp=1539596365&src=3&ver=1&signature=Egrj350GoKY8-KUcIJshb39rC5lbcSRjZeYNNZzlEqkDcBcCgU7zDuy832M-hz9RCVH5m*g6wYnypPiUj2lMlmSYOl8MRel8eGe1inD3CkA5VXdSXIgrCznKd2cR9MgnROsi8seXG4-Ph3trj4qt2jlNsnyk1zVRSGO9MdxPb3E=]]></url>
  <title><![CDATA[咱呼伦贝尔“家里有矿呀”向阳学校师生走进大唐呼伦贝尔能源公司]]></title>
  <content><![CDATA[秋风送爽，暖阳熹微。10月12日，海拉尔区向阳学校的二十多名师生走进了大唐呼伦贝尔能源开发有限公司顺兴煤矿，参加了以“提供清洁能源 点亮美好生活”为主题的中国大唐第十二届企业开放日活动。大唐呼伦贝尔能源开发有限公司副总经理李宝新，纪委书记、工会主席马振伟及海拉尔区向阳学校的相关领导出席了此次活动。马振伟在致辞中对前来参加企业开放日活动的各位师生表示热烈的欢迎，对公司基本情况、项目生产建设情况、企业风貌与社会活动进行了简要介绍。开放日活动分为室内互动交流以及室外现场观摩两部分。大唐公司的青年志愿者首先组织大家观看了煤炭生产流程及火力发电的专题科普宣传片，全面展示了大唐集团公司的电力以及煤炭板块的专业生产知识。随后，由该公司化验人员进行了现场科普实验展示，更为直观的带领大家深入了解了煤炭的成分、用途以及区分化验方法等。活动还设置了互动问答交流环节，小朋友们争先恐后的举手提问，公司副总经理李宝新与志愿者们一同和蔼耐心的为大家进行讲解。最后，在志愿者的带领下，全体参观人员到顺兴煤矿观礼台进行现场观摩。走上观礼台的一刻，老师和学生们很多不禁发出惊叹声，纷纷被眼前壮观的露天矿生产场景所深深吸引，再一次掀起与该公司生产现场工作人员进行交流学习的小高潮。活动结束时，该公司志愿者向老师同学们赠送了印有中国大唐集团官方卡通人物“唐强强”和“唐优优”的纪念杯和纪念袋。向阳学校负责人表示，此次开放日活动形式非常受师生们喜欢，对于学生们开拓视野是一次很好的现场学习机会，希望能多组织、多参与这样的活动，校企紧密协作，共同学习进步、互助发展。以特殊的方式庆“十一”，新左旗庭院经济大丰收！快看看！我市就业扶贫招聘周都提供了哪些岗位？耄耋老人和垂髫孩童喜迎国庆，他们凑在一起能做什么呢？小餐饮，大门道！呼伦贝尔大牌餐饮家齐聚，只为赢得您的味蕾呼伦贝尔融媒体中心记者：马琰 赛汉 那音太 于树峰本期编辑：乃馨呼伦贝尔新闻微信平台爆料热线：0470-8252154  联系人：小吴商务合作：18047054677   联系人：小张]]></content>
  <author><![CDATA[呼伦贝尔新闻]]></author>
  <time>2018-10-13 17:59:39</time>
  <account><![CDATA[hlbrnews]]></account>
</data>
