<data>
  <id><![CDATA[51280257]]></id>
  <url><![CDATA[https://mp.weixin.qq.com/s?timestamp=1539596365&src=3&ver=1&signature=Egrj350GoKY8-KUcIJshb39rC5lbcSRjZeYNNZzlEqkDcBcCgU7zDuy832M-hz9RCVH5m*g6wYnypPiUj2lMlnhdCuYCUSzEiPV8fqRVLWLKI9PD*MRxpu-VS2W9QIRkfWcntC8JmxLwfCdvTa1Ax3DL0DlDltqH-zVOlOdDnuY=]]></url>
  <title><![CDATA[【关注】值得一看！这位新右旗美女的漫画让人记得住、忘不了]]></title>
  <content><![CDATA[作者简介周美慧，内蒙古呼伦贝尔市新巴尔虎右旗环境保护局宣教主任，以丰富的活动内容及创新形式从事多年宣传教育工作。她，在进行脱贫攻坚政策及成果宣传中，积极探索创新宣传新举措，用漫画+文字的形式，创作出，让群众“听得懂、记得住、忘不了”的《图解脱贫攻坚》漫画，绘就了独具民族特色的致富之路。以特殊的方式庆“十一”，新左旗庭院经济大丰收！快看看！我市就业扶贫招聘周都提供了哪些岗位？耄耋老人和垂髫孩童喜迎国庆，他们凑在一起能做什么呢？小餐饮，大门道！呼伦贝尔大牌餐饮家齐聚，只为赢得您的味蕾本期编辑：乃馨呼伦贝尔新闻微信平台爆料热线：0470-8252154  联系人：小吴商务合作：18047054677   联系人：小张]]></content>
  <author><![CDATA[呼伦贝尔新闻]]></author>
  <time>2018-10-11 14:51:29</time>
  <account><![CDATA[hlbrnews]]></account>
</data>
