<data>
  <id><![CDATA[51280257]]></id>
  <url><![CDATA[https://mp.weixin.qq.com/s?timestamp=1539596365&src=3&ver=1&signature=Egrj350GoKY8-KUcIJshb39rC5lbcSRjZeYNNZzlEqkDcBcCgU7zDuy832M-hz9RCVH5m*g6wYnypPiUj2lMlk1k5VFNTAoxmd-urE6QH3CDNec-a4HIV80gYX1QbLauOyc*H7pGdDuEQxzct68iJSuKmHh7XrShWu9Wx-Vet*o=]]></url>
  <title><![CDATA[【扩散】当中国好木门遇见中国好声音]]></title>
  <content><![CDATA[10月5日、6日，“2019中国好声音全国海选明星巡演——1号联盟专场”巡演活动率先在济南、重庆、长沙拉开帷幕，知名歌手金志文、阿杜、陈楚生，好声音明星学员张一腾、张博林、希林娜依•高等分别到场助阵。梦天木门作为1号联盟的共同发起者，携手慕思、欧派、九牧、简一、CALIA、AEG等泛家居行业各品类第一品牌，在国庆黄金周期间，共同为广大消费者呈现了一场有关于美好音乐、美好生活的盛宴。重庆、长沙、济南落地活动现场金志文、陈楚生、阿杜、好声音学员现场助阵10月14日，贵阳巡演也将热力开启！知名组合水木年华、好声音学员由美将空降贵阳红星美凯龙，助力1号联盟，用音乐诠释美好生活！梦天木门也将静候您的到来，与您一起聆听美好声音，为您筑建美好家居生活。重庆、长沙、济南落地活动现场人气爆棚关于1号联盟△为了更好的满足人们对美好生活的向往，泛家居行业中七大类产品的第一品牌——健康睡眠第一品牌慕思、高端木门第一品牌梦天、家居定制第一品牌欧派、智能卫浴第一品牌九牧、大理石瓷砖第一品牌简一、欧洲沙发第一品牌CALIA、欧洲高端家电第一品牌AEG共同发起组建了“1号联盟”。联盟以“共创 • 共享 • 共赢”为核心价值观，旨在成为中国乃至世界泛家居业最具影响力的高端家居生活共享平台和服务平台。消费者从选择1号联盟企业的那一刻起，便得到了更有力的品质保障。1号联盟成立超级IP 强强联合当好木门、好家居遇见好声音△作为中国最成功的综艺节目之一，稳站音乐综艺“C位”的《中国好声音》与中国最强泛家居联盟“1号联盟”的强强联合、深度合作，是一次意义重大的跨界合作升级，也是对家居购物体验的再一次全新升级。两大IP强强联合，以音乐连接情感、诠释生活，为家居生活创造更多美好的可能性。据悉，1号联盟与中国好声音的合作还将继续下去，除了六城巡演之外，还将启动“1号联盟好声音专场百城计划”。梦天木门现场宣讲下一站美好生活△梦天29年匠心岁月，始终对品质与工艺精益求精；亦不断以设计加持品质，将设计美学融入家居生活；研发水漆涂装技术给予家居空间健康与环保。更是“打破次元壁”，以木门为入口，围绕全屋空间，致力为消费者提供整体家居解决方案。未来，梦天将与联盟伙伴一起，引领高品质家居生活，通过与联盟内众多品牌合作，目标是让每个家庭都能拥有品质、健康兼具设计美学、“即装即住”的美好家居生活。#梦天水漆木门#、#梦天水漆全屋#10月14日贵阳红星美凯龙好木门、好家居与您一起遇见好声音不见不散！#梦天水漆木门，即装即住#以特殊的方式庆“十一”，新左旗庭院经济大丰收！快看看！我市就业扶贫招聘周都提供了哪些岗位？耄耋老人和垂髫孩童喜迎国庆，他们凑在一起能做什么呢？小餐饮，大门道！呼伦贝尔大牌餐饮家齐聚，只为赢得您的味蕾来源：梦天木门本期编辑：李可呼伦贝尔新闻微信平台爆料热线：0470-8252154  联系人：小吴商务合作：18047054677   联系人：小张]]></content>
  <author><![CDATA[呼伦贝尔新闻]]></author>
  <time>2018-10-12 19:29:29</time>
  <account><![CDATA[hlbrnews]]></account>
</data>
