<data>
  <id><![CDATA[51280257]]></id>
  <url><![CDATA[https://mp.weixin.qq.com/s?timestamp=1539596365&src=3&ver=1&signature=Egrj350GoKY8-KUcIJshb39rC5lbcSRjZeYNNZzlEqkDcBcCgU7zDuy832M-hz9RCVH5m*g6wYnypPiUj2lMljUbyC6Drtv9Uf0vWborOo3-ZGEalITiOsQMDIQ2Eqn6-JiHD1MDAIdd91S7ZzA3P6QkmzR0tutDb3ixyw2QiCU=]]></url>
  <title><![CDATA[对标先进找差距推动高质量发展——访呼伦贝尔市委书记于立新]]></title>
  <content><![CDATA[近日，就如何学习浙江、福建两省的先进经验，在加快转换新动能、推动产业升级、全面深化改革开放上有新作为、新成效，记者采访了呼伦贝尔市委书记于立新。于立新说，这次随自治区考察团考察了浙江省的5个市和福建省的3个市，是解放思想、开阔眼界的一次学习，是启发思路、对标先进的一次教育，从中看到了巨大的差距，进一步明确了努力的方向。浙江和福建两省都是我国改革的先行区、开放的最前沿。浙江省以“最多跑一次”为突破撬动各领域改革；福建自贸区厦门片区持续推出行政服务创新举措；浙江省立足“一带一路”和长江经济带的枢纽区，统筹推进大湾区大花园大通道大都市建设；福建省依托海峡西岸区位优势，打造海上丝绸之路核心区。在生态文明建设中，两省走在了前列，既实现了经济发展，又保护了绿水青山，打造了“诗画浙江”和“清新福建”的生态品牌。两省在共享发展上都取得了新突破，城乡居民收入高、差距小。特别是浙江省全面消除了家庭人均年收入4600元以下的贫困户，人民群众的安全感满意率达到了96.6%。于立新指出，两省坚持把创新作为第一动力，培育了一批以“互联网＋”为代表的新技术、新产业、新业态，形成了一批以阿里巴巴为代表的创新型企业，走出了一条以“晋江经验”为代表的不拼资源、大力发展非资源型产业和战略性新兴产业的高质量发展之路，呼伦贝尔市与两省这些地区之间的差距是全方位的，但根源主要在以下几个方面。学习实践上的差距。两省是习近平新时代中国特色社会主义思想的重要萌发地。总书记在福建任职期间，提出“靠山吃山唱山歌”“马上就办”“晋江经验”、建设生态省等重要思想；在浙江任职期间，提出了“八八战略”“绿水青山就是金山银山”等重要思想。这些思想和举措，两省的这些地区在学习和实践上先人一步、胜人一筹。相比较，我市在学习领会、贯彻落实上还不够到位，存在着不小的差距。思想能力上的差距。与两省这些地区干部的干劲、闯劲、拼劲相比，我市干部的思想观念还不够解放，思维方式还比较僵化，一些干部对保护生态与发展经济的关系处理得不好，在产业转型升级与摆脱资源依赖方面办法不多，离开资源、离开投资就不会发展，制约了经济转型升级的步伐。体制机制上的差距。两省这些地区经济充满活力的一个重要原因是非公有制经济发达。浙江省非公有制经济的比重超过了80%，被誉为“中国创业第一城”的温州，民营经济高达98%。而我市的经济体制与它们相比，还存在较大的差距，非公经济缺乏活力，改革创新的力度不够。营商环境上的差距。两省的这些地区非常重视营商环境建设，大力推进以“最多跑一次”为代表的商事制度改革，筒化审批程序、下放审批权限、减轻企业负担，构建起了“亲清”政商关系，打造了国际一流营商环境。对比这些地区，我市的营商环境还不够优化，政府机关官本位、权力意识依然浓厚，为企业服务意识淡薄。工作作风上的差距。在两省所到之处，能够时刻感受到满满的正能量，创新实干的气息扑面而来，担当作为的精神令人振奋，这些地区干部干事创业的精气神非常值得我们学习。反观我市的干部中还存在着当为不为、效率不高、作风不实、落实不力等问题。于立新表示， 今后将更加自觉地学习贯彻习近平新时代中国特色社会主义思想，切实把学习考察成果转化为推动呼伦贝尔高质量发展的思路和举措。思想大转变。继续把学习贯彻习近平新时代中国特色社会主义思想作为重大政治任务，着力破除束缚发展的本位思想和墨守成规的守旧思想，向发达地区对标，以思想的大解放、观念的大更新、作风的大转变，推动习近平新时代中国特色社会主义思想在呼伦贝尔落地落实。牢记“呼伦贝尔最大的价值在生态、最大的责任在生态、最大的潜力在生态”，深入学习领会习近平生态文明思想，坚决扛起生态文明建设的政治责任。像保护眼睛一样保护生态环境，像对待生命一样对待生态环境，坚持生态保护优先、走绿色发展之路，筑牢祖国北疆生态安全屏障。严格落实新发展理念和高质量发展要求，坚定绿色发展方向，加快经济转型升级。重点是向农畜林产品精深加工、发展现代农牧业上转；向发展高端旅游业和现代服务业上转；向进出口产品加工、构建开放型经济体制上转；向加快基础设施建设、突出项目拉动上转；向引进和培育新产业新业态、打造新引擎上转；向加快园区振兴、实现集中集约集聚发展上转，通过经济转型实现高质量发展。坚决打好三大攻坚战。完成化解政府债务目标，保持金融市场秩序稳定；实现贫困人口减贫、贫困嘎查村出列、区贫国贫旗市摘帽任务；打好蓝天、碧水、净土保卫战。制定好乡村振兴规划，坚持试点先行，分类推进。高质量保障和改善民生，提高城乡居民收入水平，完善社会保障体系，促进社会事业均衡发展。加强社会建设，持续抓好安全生产、信访、维稳、防灾减灾等工作，扎实推进民族团结和边疆稳固，筑牢祖国北疆安全稳定屏障。从思想意识上找根源，从体制机制上找差距，进一步转变政府职能。巩固提升商事制度改革成果，深化“放管服”改革，力争做到企业和群众办事“只进一扇门”“最多跑一次”。加大项目谋划和招商引资力度，加强与长三角、珠三角等地区的密切联系，开展针对性、实效性招商。认真学习两省干部强烈的发展意识、创新的思想观念、务实的工作作风，下决心改进我市干部作风，强化责任担当，提高执行力。建设一支能干事、会干事、干成事的干部队伍，推动党中央和自治区党委的决策部署有效落实，推进呼伦贝尔经济社会高质量发展。以特殊的方式庆“十一”，新左旗庭院经济大丰收！快看看！我市就业扶贫招聘周都提供了哪些岗位？耄耋老人和垂髫孩童喜迎国庆，他们凑在一起能做什么呢？小餐饮，大门道！呼伦贝尔大牌餐饮家齐聚，只为赢得您的味蕾来源：内蒙古日报  记者：李玉琢本期编辑：冯印新呼伦贝尔新闻微信平台爆料热线：0470-8252154  联系人：小吴商务合作：18047054677   联系人：小张]]></content>
  <author><![CDATA[呼伦贝尔新闻]]></author>
  <time>2018-10-11 08:43:47</time>
  <account><![CDATA[hlbrnews]]></account>
</data>
