<data>
  <id><![CDATA[51280257]]></id>
  <url><![CDATA[https://mp.weixin.qq.com/s?timestamp=1539596365&src=3&ver=1&signature=Egrj350GoKY8-KUcIJshb39rC5lbcSRjZeYNNZzlEqkDcBcCgU7zDuy832M-hz9RCVH5m*g6wYnypPiUj2lMlmSYOl8MRel8eGe1inD3CkApaCZMlRi2bAT5aqspdeja9NjeY48zetQqagMw*dGVUwFHPBoSdHOK4Lj911bQfXU=]]></url>
  <title><![CDATA[【关注】滴滴试行“黑名单”功能]]></title>
  <content><![CDATA[滴滴官方发布公告称，将于10月18日更新的滴滴乘客端和司机端APP将试行“黑名单”功能，届时乘客和司机可在取消订单、投诉、评价页面选择将对方加入黑名单，“屏蔽”后的12个月内平台不再为双方匹配订单。试行期间，加入黑名单后暂时不可取消。除了在现有评价体系和安全保障的基础上增加黑名单功能之外，已有的一键报警、紧急联系人和未成年人乘车提醒等安全功能也将继续优化。记者了解到，此前滴滴已推出行程中录音、人脸识别等多项安全保障措施。9月8日，滴滴试运营行程录音功能，用户在使用快车、专车、豪车等业务前需通过录音安全保护授权，否则无法使用出行服务。在9月27日，滴滴在司机接单间隙随机抽查人脸识别，司机通过后才能继续接单，同日，滴滴在司机端App上线紧急联系人功能，快车（含拼车、优步及优享）、专车及豪华车司机可使用。滴滴还在乘客端App个人中心上线“安全”频道，用户可以查看安全出行指南及各项安全功能的详细说明；在乘客端App上线“未成年人乘坐滴滴需由监护人陪同”（包括代叫车）的提示，希望各位家长用户谅解，并向孩子普及相关知识。以特殊的方式庆“十一”，新左旗庭院经济大丰收！快看看！我市就业扶贫招聘周都提供了哪些岗位？耄耋老人和垂髫孩童喜迎国庆，他们凑在一起能做什么呢？小餐饮，大门道！呼伦贝尔大牌餐饮家齐聚，只为赢得您的味蕾封面图片来源于网络本期编辑：乃馨呼伦贝尔新闻微信平台爆料热线：0470-8252154  联系人：小吴商务合作：18047054677   联系人：小张]]></content>
  <author><![CDATA[呼伦贝尔新闻]]></author>
  <time>2018-10-13 17:59:39</time>
  <account><![CDATA[hlbrnews]]></account>
</data>
