<data>
  <id><![CDATA[51487962]]></id>
  <url><![CDATA[https://mp.weixin.qq.com/s?timestamp=1539596599&src=3&ver=1&signature=Egrj350GoKY8-KUcIJshb*ymxFLjr8NgVnSSjHRkVUaeFLUH6q9S9QHdgJuVENRt2sz9T4sXP8dt1m*uv3ErmJcPbXg*GzfVHB2HGKgRnJt8n8Nr5tYAFRlWy935Joj3QmrgXdJLcgiA16xIafNdLZllkrRHHGBXhDb3xuGm9rc=]]></url>
  <title><![CDATA[【召集令-小小新闻眼】——读懂“海派文化与上海城市方言”]]></title>
  <content><![CDATA[“悦读城市”“海派文化与上海城市方言”系列沙龙海派文化是一种面向市民、为市民服务的文化。最显著的特征就是海纳百川，中西融合。海派文化是充满现代性的，是语言多元、体裁多元、功能多元和受众多元的文化，是亦雅亦俗，群众和精英都喜闻乐见的文化。如果说20世纪初，作为魔都特有的一种方言，上海闲话以昂首阔步的姿态，无所畏惧地迈过一个充满变数，以少胜多的十字路口，展现出巨大的辉煌！那么，100年后时轮转入21世纪，她又到了一个新的十字路口，又面临着新一轮考验。现今上海人口虽然数目庞大，但上海闲话却在逐步衰弱，尤其是新生代们会讲上海话的越来越少了。在一大批学者专家的呼吁下，上海闲话开始在这座城市得到重视，并进行了传承与保护。上海言话俗写成上海闲话，因闲话有另一层意思，那就是闲聊，闲侃，闲扯。学习上海言话，从中了解上海这座城市的人文历史，体味海派文化的独特内涵，是一种文化自觉与文化自信。让本地人更了解自己，来沪人员能更快融入本地，从中获得乐趣，产生幸福感，从而更热爱上海这座充满魅力的城市。上海城市规划展示馆携手新闻晨报共同发起“悦读城市”——“海派文化与上海城市方言”主题系列沙龙。据语言学家介绍，绕口令可以充分锻炼一个人的舌头，提升语言表达能力！对很多年轻人来说，讲一口标准的上海话就觉得有点难度了，更不用说经典的上海话绕口令了，还真不是一件容易的事儿。侬会讲上海话吗？侬会讲地道的上海话吗？侬希望自己的孩子也学一点上海话吗？听沪语专家大咖讲讲上海闲话，内容妙趣横生，形式灵活多样，现场还有交流互动，邪气开心，老好白相！采访对象丁迪蒙老师著名沪语专家和语言学者、上海大学中文系副教授，在普通话和书法领域也著述颇丰。著作有《普通话诗文朗读技巧》、《上海话绕口令》等书。报名规则]]></content>
  <author><![CDATA[小主人报宝山站]]></author>
  <time>2018-10-11 20:16:28</time>
  <account><![CDATA[xzrbbs]]></account>
</data>
