<data>
  <id><![CDATA[51487962]]></id>
  <url><![CDATA[https://mp.weixin.qq.com/s?timestamp=1539596599&src=3&ver=1&signature=Egrj350GoKY8-KUcIJshb*ymxFLjr8NgVnSSjHRkVUaeFLUH6q9S9QHdgJuVENRt2sz9T4sXP8dt1m*uv3ErmKPL8V5TtYNz173*kbbHrIxRQR8tTjmgKQ7Vjztve3HTV6ufIXdAodOEzXuxFSEOjdQDcGeuFgqBtNy8qtt8yEI=]]></url>
  <title><![CDATA[【小记者LIVESHOW】]]></title>
  <content><![CDATA[艺术家罗丹曾经说过这样一句话：所谓大师，就是这样的人他用自己的眼睛，去看别人见过的东西在别人司空见惯的东西上，能够发现美。这句话似乎和小记者的工作巧妙的重合在一起小记者正是这样一群能够随时随地发现美的本期第一位为我们展示的小记者张心怡（10岁） 大华高级2班                       祈祷世界和平本期第二位为我们展示的小记者徐沁莲（11岁）友谊水粉班                           眼中的和平本期第三位为我们展示的小记者臧笭君（10岁）2017万达高级班                      月光下的孔雀本期第四位为我们展示的小记者潘嵘辉（9岁）大华初级2班                          沙漠中的驼鸟Beautiful.【小记者LIVE SHOW】是一个展示小记者们平时学习、活动及生活的平台，在这里我们看到孩子们自信美丽的身影和优秀的作品。孩子们的进步离不开家长的关注与鼓励。也请各位家长在下方留言区联想一下，每副画都是小记者什么美好的愿望，也请大家评一评孩子想借画面表达什么？]]></content>
  <author><![CDATA[小主人报宝山站]]></author>
  <time>2018-09-19 19:00:00</time>
  <account><![CDATA[xzrbbs]]></account>
</data>
