<data>
  <id><![CDATA[51487962]]></id>
  <url><![CDATA[https://mp.weixin.qq.com/s?timestamp=1539596599&src=3&ver=1&signature=Egrj350GoKY8-KUcIJshb*ymxFLjr8NgVnSSjHRkVUaeFLUH6q9S9QHdgJuVENRt2sz9T4sXP8dt1m*uv3ErmAV3sMZGvxhCwFbkzOcJajb9-hgvR1EURnbkBRCGZbK8BaTYKpQuumiZA76VBGbXSgK1kQvzKuUzfOnoDWaKx2E=]]></url>
  <title><![CDATA[【小记者LIVESHOW】]]></title>
  <content><![CDATA[艺术家罗丹曾经说过这样一句话：所谓大师，就是这样的人他用自己的眼睛，去看别人见过的东西在别人司空见惯的东西上，能够发现美。这句话似乎和小记者的工作巧妙的重合在一起小记者正是这样一群能够随时随地发现美的第一则视频为我们展示的小记者小记者李亦然（9岁） 二级作品《刺猬凳子》小记者严李畅（8岁） 二级作品《春夏秋冬》第二则视频为我们展示的小记者小记者金奕萱（9岁） 三级作品《下雪了》小记者胡睿晞（9岁） 三级作品《假如生活欺骗了你》第三则视频为我们展示的小记者小记者朱鑫淼（11岁） 四级作品《你的大眼睛》小记者张佳源（11岁） 四级作品《一棵开花的树》Beautiful.【小记者LIVE SHOW】是一个展示小记者们平时学习、活动及生活的平台，在这里我们看到孩子们自信美丽的身影。孩子们的进步离不开家长的关注与鼓励。]]></content>
  <author><![CDATA[小主人报宝山站]]></author>
  <time>2018-09-26 19:00:00</time>
  <account><![CDATA[xzrbbs]]></account>
</data>
