<data>
  <id><![CDATA[51487962]]></id>
  <url><![CDATA[https://mp.weixin.qq.com/s?timestamp=1539596599&src=3&ver=1&signature=Egrj350GoKY8-KUcIJshb*ymxFLjr8NgVnSSjHRkVUaeFLUH6q9S9QHdgJuVENRt2sz9T4sXP8dt1m*uv3ErmNvboqphYIeZclDgDKs6fmAMm84-bV0-wXhd2sJzBvjXEAN5tA8KjgHdjSWx*ZLSc9ejh6wm1u3NC76V6uNgoGg=]]></url>
  <title><![CDATA[【小记者LIVESHOW】]]></title>
  <content><![CDATA[艺术家罗丹曾经说过这样一句话：所谓大师，就是这样的人他用自己的眼睛，去看别人见过的东西在别人司空见惯的东西上，能够发现美。这句话似乎和小记者的工作巧妙的重合在一起小记者正是这样一群能够随时随地发现美的暑假期间，小记者们跟随家人以及老师，体验了各式各样的活动，并记录下了自己的切身体会。本期为我们展示的四位小记者们，都用自己优美的文笔，为大家讲述属于自己的暑期经历。本期第一位为我们展示的小记者万达校区高级二班的小记者秦邦尧（五年级）向大家讲述参加暑期活动平顶山“爱的旅途”感恩之旅活动体会生活需要爱爱就是调味料，只要把爱拌在生活中，生活便有了滋味。金钱是财富，珠宝是财富，而爱更是一笔无尽的财富。因为有了这笔财富，人生才温暖，才有了人情味。八月的一天，小主人报组织参加了一场平顶山“爱的旅途”感恩会，我们陆陆续续乘车到达了普陀区教育学院附属中学，在校门口我们看到了一辆大巴，车里载着29位来自平顶山的同学。在这里让我们见识了真正的爱，感受到了真正的爱。在开始时，主持人叔叔给我们介绍了许多好心人，他们资助了许许多多的贫困山区的小朋友，那里的小朋友由于家庭贫困而上不起学。在这些好心人的帮助下，有的已经踏入大学的大门。听了他们的发言后，我感叹道：是呀！老师们一丝不苟，将我们培育长大，我一定要“读破万卷书，下笔如有神”。让我最记忆犹新的是一位老奶奶的发言，她说自已退休金不多，但是她坚持每月捐一点钱，她认为自已捐的钱挺少的，只是一份心意。看到受助学生高兴，她就开心。是啊，爱心无处不在，受助的同学也说，他们始终怀着一颗感恩的心，表示一定会加倍努力学习，发奋图强，回报这些好心人，回报祖国，将来为社会的发展贡献自己的力量。这次爱的旅途给我留下了深刻的印象，让我明白了“爱不是一种施舍，而是一种慈爱”，让整个世界充满着爱。去爱吧！在爱别人的同时，别人也会爱你。生活需要爱，需要爱四溢！本期第二位为我们展示的小记者友谊校区高级一班的小记者高瑞悦（六年级）为大家介绍自己的《仁皇山游记》难忘的一次游记今天，我，爸爸，妈妈和奶奶一起前去一个游览胜地--仁皇山。仁皇山位于湖州市区北面的太湖度假区 山似巨凤，羽翰青翠，龙飞风舞，原名"凤凰山"。唐肃宗时，文喜禅师在凤凰山建"仁王寺"，山以寺名，凤凰山就有了一个具宗教文化印记的名号:"仁王山"。在去仁皇山的路上，放眼望去景色优美，公路两旁的树木似乎在欢迎我们的到来，随风摇晃着它那长长的辫子，花儿向我们微笑，草儿向我们招手，仿佛早已看到仁皇山的样子，路上我们还欣赏到了美丽的太湖。不一会儿就到了仁皇山的脚下，我连忙跑下车。一眼望去，呀，真高！一眼望不到山顶。我心中预感到今天爬山一定不是一件容易事。刚开始我们体力充沛，我如脱疆的野马“噌”一下冲了出去。可是没过多久我们就爬不动了，我跑到一个亭子上看：“哎，这么多的台阶呀！要爬到什么时候啊！”我很不情愿地说。妈妈听到了说：“做事不能半途而废，要有始有终！你看那个小朋友那么小都没有抱怨，你要加油！再坚持一下。”听了妈妈的话我再一次鼓起勇气与信心，开始继续往山顶进军。在一次次的鼓励与重拾信心中，我们终于爬到了山顶。可是刚到山顶我就遭遇袭击，从草丛中爬出了一条很长的虫子，它黑黑的身体上有一条一条黄色的线条，样子很吓人。我腿一哆嗦把那个虫子踩爆了黏糊糊的黄色的液体溅了一地，要多恶心就多恶心。我哭笑不得的抬起脚，用山泉洗去液体。不过，山顶上的景色消除了我对虫子的心理面积，一眼望去山下的风景尽收眼底。绿叶遮住了阳光真是绿树成荫啊！山路边的花儿是那么的姹紫嫣红真是千姿百态，我身在其中，久久不能自拔。真不愧仁皇山之名！接着我们又去了杭州山沟沟，杭州山沟沟地处杭州西北四十公里的"浙江省蜜梨之乡" 余杭区鸬鸟镇，旅游区拥有杭城第一峰--海拔1095米的窑头山和次高峰海拔1025米的红桃山，是太湖的重要源头之一。旅游区内资源丰富，生态环境优良，动植物种类丰富，有国家珍稀植物千年红豆杉群，有国家一级保护动物黑麂等。四周峰峦叠嶂，群山苍翠，植被覆盖率95%，形成了与周边环境不同的独特的"康乐型"气候环境。我们逛完了翠屏迎客、天生龙骨、梅花三弄、双龙戏珠、五女拜寿、再续前缘、孔雀开屏、汤坑猿人等景点后我们依依不舍得离开了美丽的避暑圣地——山沟沟。啊！这一次的游玩真让我们难忘。本期第三位为我们展示的小记者友谊校区高级一班的小记者龚诗雨（五年级）向大家讲述暑假之旅——千岛湖游记游千岛湖早就听说千岛湖是个山清水秀的好地方，“百闻不如一见”，今年暑假，我和爸爸妈妈一起去了一趟千岛湖 。刚到达千岛湖，我就被这里的景色吸引住了。只见青山绿水，扑面而来的是阵阵凉爽的清风。千岛湖有大大小小的岛屿近千个，一个个岛屿像宝塔一样矗立在湖面上，其中最著名的岛屿是蛇岛、五龙岛。我最喜欢的是蛇岛，蛇岛有蟒蛇、眼镜蛇、蝮蛇等许多蛇，它们身上都带有剧毒，我亲眼看见一只小老鼠被一条大蟒蛇咬了一口就地而死。听导游介绍，我知道蛇天生是高度近视眼，看不清东西，即使我们站在它面前，只要不动，它也不会向我们喷射毒液。岛上还有一处惊险刺激的地方——状元桥，它是由许多的木板连接而成，一头连着奇石岛，一头连着锁岛，刚走上桥并不害怕，但是，越走到中心桥就越摇晃，人体失去了平衡，东倒西歪的，好像要掉下去似的，我的心一下子提到嗓门口，但我还是壮起胆子走到了桥的终点，真是太刺激了！愉快的旅游结束了，在回家的路上。我心中还留恋着千岛湖的山山水水，以后有机会还要去一次。本期第四位为我们展示的小记者万达校区中级一班的小记者赵子萱（三年级）记录了“红色精神——重走长征路”暑期研学活动心得“重走红军路”井冈山夏令营有感“出发咯——”7月8日下午，我拖着行李箱，迈着轻快的步子去上海南站和小伙伴们会合。自此8天7夜的“重走红军路”井冈山夏令营活动就要开始咯！坐上火车，睡上一晚，7月9日早上，我们终于来到了井冈山。小伙伴们乘上大巴，来到营地。负责带队的教官已经在营地迎接我们了。还没有休息片刻，张教官就让我们分组去换上红军服，集合去训练了。来到训练场地，正好下起了小雨，本来以为教官会让我们等雨停了再训练的，哪知道不是这样的。于是，冒着小雨，我们开始了第一天的营地生活。训练的时候，教官特别严格，如果有人在队伍里乱动，就要罚做二十个俯卧撑或者深蹲。有好几个小伙伴挨了罚。我虽然没有被罚，但是训练也是真的很辛苦的。一天的训练，大家站得腿都酸了，再加上现在是7月，尽管井冈山的温度没有上海那么高，但小伙伴们还是热得受不了，几乎所有人的红军服都被汗水浸湿了。也难怪休息的时候，大家都在偷偷抱怨“太累了”，还有不少小伙伴掉眼泪，哭鼻子呢（我也是其中一个）！这完全不是我想象中的夏令营生活！晚上，我打电话给妈妈诉苦，妈妈安慰我，说我这次的夏令营就是去体验红军的生活的，这点小小的苦都吃不了怎么行呢？怎么能成为合格的小红军呢？妈妈还说她相信我一定可以战胜困难，做最棒的自己！我一定会加油的！第二天上午，教官说要让我们走走红军路，于是，我们背着包跟着张教官走了五公里的山路，走得我脚都麻了。我忽然想起，曾经和妈妈一起看过关于红军两万五千里长征的电影，电影中红军战士们穿着草鞋，背着枪支，抬着辎重，一路上困难重重，危险不断，走的路何止我们今天走的千倍万倍。和红军战士比起来，今天的五公里真的算不上什么。后来我们学习了急救包扎，在战争中，急救措施是红军战士必须掌握的一项技能，不仅要会，而且必须要快。教官说在战争中，时间就是生命，只有争分夺秒才能救治更多的战友。接下来的“翻牌游戏”（老师没有告诉我们这个游戏的名字，我就把它叫做“翻牌游戏”）和“巧渡大渡河”的体验，又让我深深地感受到了团结和默契对一个团队来说是多么的重要。两天的体验，我开始渐渐适应这次的夏令营生活。而后面几天的行程相对前两天要轻松很多。我们先后去参观了小井红军医院、井冈山革命博物馆、北山革命烈士陵园、黄洋界、八角楼……去听红军后代讲红军的故事，跟当地的老人学编草鞋，跟教官学唱红歌，看红色经典影片……记得去革命烈士陵园给烈士们献花圈，那是一个特别神圣的地方，我们排着整齐的队伍，一步一步走上台阶，来到烈士墓前，庄严地献上花圈。老师派我作为学生代表去整理挽联，我感到特别的荣幸，没有革命烈士的流血牺牲，就不会有我们今天的幸福生活，我们一定要学会珍惜和感恩。这次的活动，让我了解了什么是井冈山精神，了解了很多革命历史，知道了我们如今的美好生活是多么得来之不易。再次坐上火车的那一刻意味着这次的夏令营活动接近尾声，井冈山的红色精神深深地感染了我，今后，我一定会好好珍惜现在的生活，我一定要勇敢地面对生活中和学习中的各种困难和挑战，努力做一个会珍惜、懂感恩并且勇敢的新时代少年！Beautiful.【小记者LIVE SHOW】是一个展示小记者们平时学习、活动及生活的平台，在这里我们看到孩子们自信美丽的身影。孩子们的进步离不开家长的关注与鼓励。]]></content>
  <author><![CDATA[小主人报宝山站]]></author>
  <time>2018-09-12 19:00:00</time>
  <account><![CDATA[xzrbbs]]></account>
</data>
