<data>
  <id><![CDATA[51487962]]></id>
  <url><![CDATA[https://mp.weixin.qq.com/s?timestamp=1539596599&src=3&ver=1&signature=Egrj350GoKY8-KUcIJshb*ymxFLjr8NgVnSSjHRkVUaeFLUH6q9S9QHdgJuVENRt2sz9T4sXP8dt1m*uv3ErmK5m62kFPOmevfkHKRUmZnyD5M765eP60**JAYi6sfzMLvjT*5u2CEuvKZ4qUVaKkhsmTEuJlHlxRg4dr1P-*j0=]]></url>
  <title><![CDATA[中国社会美术水平考级2018年秋季考级报名啦！]]></title>
  <content><![CDATA[艺术考级不仅是对热爱艺术的学生和授课老师学习教学的成果检验，更是一个自我展示的平台，是孩子每一步成长的印记!现在国家和各重点学校为丰富提高学生整体素质，越来越重视艺术考级特长生，拥有高级别考级证书的孩子们会在以后冲刺的起跑线上占领有力地势!加油吧!宝贝们!一、考级项目及级别宝山小主人报考点原有动漫画和素描2个科目，今年新增水粉考级。各科目均为1—9级，9级为最高级别。（动漫画与水粉3级起考，素描2级起考）(动漫考级现场)(素描考级现场)二、考级对象→凡爱好美术，并具有一定美术基础者，建议咨询美术老师后再决定自己报考相对应的科目和等级。三、报名时间2018年即日起至10月21日（请至宝山小主人报各校区现场报名）四、报名地点大华校区 沪太路路2695号（尊木艺术馆三楼）友谊校区 宝杨路889号305室（宝学汇）万达校区 共和新路5199号（骏利财富大厦二楼2A）五、报名办法报名时须交以下材料：a、已考证书复印件（未交则视为起考级别素描2级、动漫及水粉3级）b、1寸报名照3张（请在照片背后写好考生姓名）c、户口本或身份证复印件、考级费d、电子版报名找e、报名费（每报一个科目一次来计算）1—3级：310元4—6级：340元7—9级：390元*若报两门，将有优惠，具体情况请咨询美术王老师或前台教务老师。六、考前培训非雏鹰少年小主人新闻学校学员，若要考前培训，请与教务老师进行预约。七、联系方式宝山小主人报咨询电话：18721182740（王老师）]]></content>
  <author><![CDATA[小主人报宝山站]]></author>
  <time>2018-10-12 19:00:00</time>
  <account><![CDATA[xzrbbs]]></account>
</data>
