<data>
  <id><![CDATA[51487962]]></id>
  <url><![CDATA[https://mp.weixin.qq.com/s?timestamp=1539596599&src=3&ver=1&signature=Egrj350GoKY8-KUcIJshb*ymxFLjr8NgVnSSjHRkVUaeFLUH6q9S9QHdgJuVENRt2sz9T4sXP8dt1m*uv3ErmCOw6yIA17-Vopi*0AJKhpRJDzyL4pfh1UAhUGTnx2Hh2PyjV7aJUP889Zo8Dg00x8wyAcJ7yYRFIftOBRpxTfE=]]></url>
  <title><![CDATA[2018上海书协书法考级【考场安排】]]></title>
  <content><![CDATA[2018上海书协书法考级【考场安排】考试地点上海市杨浦区控江路1555号信息大厦A座10楼地铁8号线江浦路站1号口注意事项1.考级当天带好纸笔墨及铅笔橡皮（考场不提供任何材料）2.准备好准考证，身份证或学籍卡。3.信息有问题，考级（考前）当天请找前台姚老师进行修改。考级时间及考场安排如下：祝小书法家们能够取得好成绩]]></content>
  <author><![CDATA[小主人报宝山站]]></author>
  <time>2018-10-09 19:22:45</time>
  <account><![CDATA[xzrbbs]]></account>
</data>
