<data>
  <id><![CDATA[51487962]]></id>
  <url><![CDATA[https://mp.weixin.qq.com/s?timestamp=1539596599&src=3&ver=1&signature=Egrj350GoKY8-KUcIJshb*ymxFLjr8NgVnSSjHRkVUaeFLUH6q9S9QHdgJuVENRt2sz9T4sXP8dt1m*uv3ErmJij6jUSL*tGWBIspJCM3LN5qAhw-QCUZy-Ze-I09aw*Yz8ZiEYmwIBf*uDK9yjvIyAieU1aBLCDbbM0vMTvE9k=]]></url>
  <title><![CDATA[最美苏州河，最美孩子画——记“我心中的苏州河”火麒麟杯第三届少儿书法创意大赛颁奖典礼]]></title>
  <content><![CDATA[最美苏州河，最美孩子画—— 记“我心中的苏州河”火麒麟杯第三届少儿书法创意大赛颁奖典礼9月29日，历时近4个月，由普陀区旅游局、上海纺织博物馆和《小主人报》主办的“我心中的苏州河”火麒麟杯第三届少儿书法创意大赛颁奖典礼终于在月星家居4楼艺术设计中心举行。而我们雏鹰少年小主人报新闻学校艺术部也在此次大赛中收获颇丰。“我心中的苏州河”少儿书法创意大赛已经举办了三届了，今年艺术部总共选拔出150份作品参赛，经过专家组评定后，雏鹰少年小主人新闻学校最后有9位学生和1位老师获奖，他们分别是：友谊奚悦茜小学组 最佳色彩奖友谊姜树涵幼儿园组 最佳视觉奖友谊张欣怡小学组 优胜奖友谊周昱铭小学组 优胜奖友谊徐沁莲小学组 优胜奖大华钱欣逸 张心怡小学组 优胜奖万达杨庆斌小学组 优胜奖优秀指导老师王瀛义此次书画比赛时以《我心中的苏州河》为主题，激发少儿的创作热情，让孩子们通过画笔，展示自己的才艺，用最美的画笔来保护我们的母亲河。]]></content>
  <author><![CDATA[小主人报宝山站]]></author>
  <time>2018-09-30 19:00:00</time>
  <account><![CDATA[xzrbbs]]></account>
</data>
