<data>
  <id><![CDATA[51487962]]></id>
  <url><![CDATA[https://mp.weixin.qq.com/s?timestamp=1539596599&src=3&ver=1&signature=Egrj350GoKY8-KUcIJshb*ymxFLjr8NgVnSSjHRkVUaeFLUH6q9S9QHdgJuVENRt2sz9T4sXP8dt1m*uv3ErmK5m62kFPOmevfkHKRUmZnxqblxYhjHDwklALTgB6RTA*6P6jnfWp-3KbMaIlQzLfHpEUC4ahxUo-QAE322Ga-Q=]]></url>
  <title><![CDATA[【通知】——进博会调课安排]]></title>
  <content><![CDATA[进博会小记者课程调整安排为了响应上海市政府的号召，确保进口博览会开幕式和重大活动的顺利进行。十一月将有两周的小记者课程时间进行更改。我们将11月3日（周六）及11月11日（周日）的课程暂停，并将小记者本学期的最后一课次统一顺延至2019年1月12日（周六）及1月13日（周日）。]]></content>
  <author><![CDATA[小主人报宝山站]]></author>
  <time>2018-10-12 19:00:00</time>
  <account><![CDATA[xzrbbs]]></account>
</data>
