<data>
  <id><![CDATA[51487962]]></id>
  <url><![CDATA[https://mp.weixin.qq.com/s?timestamp=1539596599&src=3&ver=1&signature=Egrj350GoKY8-KUcIJshb*ymxFLjr8NgVnSSjHRkVUaeFLUH6q9S9QHdgJuVENRt2sz9T4sXP8dt1m*uv3ErmLCcKzmvPthRooapSBsn36gNE80hl6Y0RMlpPDZ-BLvakX5iqEsO2u6bJYRPWSX4S7s6YO0LUBBB*fDelWGo714=]]></url>
  <title><![CDATA[【通知】]]></title>
  <content><![CDATA[请问：1.以下哪个不是中秋节传说？A.嫦娥奔月   B.吴刚伐桂C.玉兔捣药   D.迎涛神说2.中秋节又称什么节？（答两个）小主人温馨提示小记者中秋▁▁首先提前祝各位大朋友和小朋友中秋节快乐。其次本周末我们正常上课！希望各位家长们没有特殊情况，不要请假哦！只有积极的参与每次课程才能有最好的收获。end]]></content>
  <author><![CDATA[小主人报宝山站]]></author>
  <time>2018-09-21 19:57:52</time>
  <account><![CDATA[xzrbbs]]></account>
</data>
