<data>
  <id><![CDATA[51487962]]></id>
  <url><![CDATA[https://mp.weixin.qq.com/s?timestamp=1539596599&src=3&ver=1&signature=Egrj350GoKY8-KUcIJshb*ymxFLjr8NgVnSSjHRkVUaeFLUH6q9S9QHdgJuVENRt2sz9T4sXP8dt1m*uv3ErmD2HklAjMjpbJZXawrbU-2IO0M-765Go3Qs*gqMTaO0gMgS2mYCRjavkAtuQ6ZkIDPp8wjDj5LO2mbml4kftOo8=]]></url>
  <title><![CDATA[【小记者LIVESHOW】]]></title>
  <content><![CDATA[艺术家罗丹曾经说过这样一句话：所谓大师，就是这样的人他用自己的眼睛，去看别人见过的东西在别人司空见惯的东西上，能够发现美。这句话似乎和小记者的工作巧妙的重合在一起小记者正是这样一群能够随时随地发现美的从迎接新学期到告别国庆节无论你是小主人报的小萌新还是长期陪伴着我们的小伙伴一定都积极投入到这一个月的学习生活中所以再不show出自己就晚啦！！！本期第一位为我们展示的小记者大华校区中级六班的小记者谢亦然向大家讲述孙文怡学姐采访杨利伟的故事本期第二位为我们展示的小记者友谊校区预备三班的小记者湛佳颖向大家讲述龟兔赛跑的故事本期第三位为我们展示的小记者友谊校区预备三班的小记者梁茜向大家朗诵篇目《小大人》Beautiful.【小记者LIVE SHOW】是一个展示小记者们平时学习、活动及生活的平台，在这里我们看到孩子们自信美丽的身影。孩子们的进步离不开家长的关注与鼓励。你一路走来，我翘首以盼。期待更多的精彩show出现在我们的栏目！]]></content>
  <author><![CDATA[小主人报宝山站]]></author>
  <time>2018-10-10 19:00:00</time>
  <account><![CDATA[xzrbbs]]></account>
</data>
