<data>
  <id><![CDATA[51487962]]></id>
  <url><![CDATA[https://mp.weixin.qq.com/s?timestamp=1539596599&src=3&ver=1&signature=Egrj350GoKY8-KUcIJshb*ymxFLjr8NgVnSSjHRkVUaeFLUH6q9S9QHdgJuVENRt2sz9T4sXP8dt1m*uv3ErmBqLSkv365pjlivg8gnspLs8TyFhEaJDCFydFKOoxjLD8iaG88hIVEr1YklZxp26IyJakLPA3HdTbMireSb6VnU=]]></url>
  <title><![CDATA[【希望】——开学想说的话]]></title>
  <content><![CDATA[Teachers' Day昨天是一年一度的教师节朋友圈充满了对老师们的祝福春蚕到死丝方尽，蜡炬成灰泪始干是对老师一词最好的解释雏鹰小主人的老师们也收到了家长们无数的祝福（有没有看出来我现在很得意）说到底还是要感谢家长的支持与信任你们的鼓励是我们不断前进的动力另外，虽然晚了一点点但是我们还是要祝全天下所有的老师节日快乐除了祝福外，我们的老师们也有些话想对小记者说说“鹰隼试翼，风尘翕张；奇花初胎，矞矞皇皇。”愿小记者们在未来的日子里，感悟和感知生活中的点滴，收获成长，收获真善美，做一名优秀的雏鹰少年。by，蒋老师希望小记者们通过新学期的学习，能够拥有更多国际化的视野、展示自己独特立思考的视角，站在同龄人的起跑线前，听更多！看更远！想更细！走更稳！跳更高！孩子们的不负童年，由老师来认真守护by，佳佳老师有耕耘就有收获，愿每一个小主人播下每粒学习的种子都将长成参天大树，在努力进步的道路上，洒下的汗与泪，终将汇成大海中的浩瀚碧波。新学期，新起点，小记者，时刻准备着！by，小一老师穿上红马甲挂上记者证，满怀激动和喜悦整装待发～新的学年，期待小记者们能够SHOW出最出色的自己，为美好的童年生活留下最珍贵的回忆。by，沈老师开学第一课用心起跑，换个环境换个心境，穿上崭新的小记者服，与新同学一起微笑，一起学习，“良好的开始等于成功的一半”小羽老师相信大家一定会满怀信心努力学习，以全新的面貌投入我们小主人报的大家庭by，小羽老师遇见你们，是我的幸运。希望在一学期我们共同的努力下，遇见我也成为你们的幸运。有缘相遇，不是别人，而是你——小主人报小记者们！by，小林老师在小记者的课堂里，孩子们不仅要接受知识、文化，还能锻炼意志品质和提升全方位的能力。学习与修身并重，要做思想的巨人，更要做行动的强者，一步一个脚印，才能抵达诗和远方。by，蓓蓓老师愿你是风，鼓起白色的帆；愿你是船，剪开蓝色的波澜。生活正在你的前方微笑，勇敢的走上前去，将彩色的人生拥抱。新学期，新面貌，穿上红马甲，戴上记者证，小主人新闻学校会是你们最坚强的力量源泉。by，小杨老师亲爱的小记者们，人的天赋就像火花，它既可以熄灭，也可以燃烧起来。点燃它吧，让它燃烧成熊熊的大火，照亮整片星空！by，船长老师播种一个信念，收获一个行动;播种一个行动，收获一个习惯;播种一个习惯，收获一个性格。小记者们，在新学期的土地上好好播种吧，用行动的阳光去照耀它，用努力的甘露去滋润它，相信你一定能在小主人报新闻学校收获更多!by，付老师新的学期，新的开始，我们要在新的学期伊始就下定决心做一名优秀的小记者，就像在课上时常跟你们说的“没有最好，只有更好”！希望你们能够站在高处眺望远方，加油by，圆圆老师小记者们请相信自己——“今日小记者，明日栋梁材”，新的一年希望大家能做更好的自己，在小记者学习道路上为自己添上多彩的一笔，加油by，童老师幼苗生枝盼成树，雏鹰展翅欲翱翔。他日变得雄鹰时，搏击长空展英姿。未来属于你们by，尼古拉斯小主人面对挑战，你们毫不畏惧。面对挫折，你们绝不低头。面对失败，你们永不言弃。面对自己，你们不断穿越。愿你们快乐、纯真！愿你们正直、自律！愿你们团结、互助！在成长道路上，有我们同行！by，玥玥老师亲爱的小记者，希望你们在仰望星空的道路上能够脚踏实地，正确地认识自己，认识世界by，单老师生活中不是缺少美，而是缺少发现美的眼睛。希望各位小记者们在新学期和老师一起发现美，一起锻炼你们那双发现美的眼睛，一起理解美的真谛！by，宁老师不以师者自居，助你登顶、展翅，也欣赏你的平凡安稳。为师之心，只愿你正念，无畏，脚踏实地，健步走向你自已选的未来！by，边老师海阔凭鱼跃，天高任鸟飞。愿你们能够谦虚学习，并勇于展现自我。跃得更高！飞得更远！by，羊羊老师艺术是一种世界语言，而美术又是表达艺术非常重要工具。希望我们雏鹰小画家们在新学期里有更多想象力、创造力、审美力。从浅薄走向深刻、从浮躁走向平和。加油！by，小爱老师]]></content>
  <author><![CDATA[小主人报宝山站]]></author>
  <time>2018-09-11 10:00:00</time>
  <account><![CDATA[xzrbbs]]></account>
</data>
