<data>
  <id><![CDATA[50709143]]></id>
  <url><![CDATA[https://mp.weixin.qq.com/s?timestamp=1539596476&src=3&ver=1&signature=Egrj350GoKY8-KUcIJshb3cF95DMqsC-nbu8PvFw6vhv2OC32uXBtJaYfTxmwR6JMHYBqnIaDobsZCi6xyiC11Db4ODFNL2GY5PXhRsBIIy1bh5pXZWgOti0EbCPYiQ5JXVRBAI9a6IHLSirYxXBW1VJN4AZfqPBw5E*DnE-pYI=]]></url>
  <title><![CDATA[通知|关于2018年第4期（总第41期）实习人员培训班报到缴费的通知]]></title>
  <content><![CDATA[关于2018年第4期（总第41期）实习人员培训班报到缴费的通知各律师事务所：2018年第4期实习律师培训班报名工作已经结束，现将有关事宜通知如下。报到须知一、报到时间：2018年10月15日（星期一）上午9:00~11:30二、报到地点：重庆律师学院办公室（西南政法大学沙坪坝校区办公大楼主楼2021室）三、报到人员名单（点击阅读原文获取）★报到手续及注意事项★1.培训费1200元，缴费时请使用带有“银联”标示的借记卡或信用卡，或使用微信扫描二维码缴费，不接受现金缴费。2.报到时请提交1寸和2寸蓝底免冠登记照各一张。3.不方便到现场办理报道缴费手续的，可请人代为办理。4.学员报到时间仅限10月15日上午。未办理报到缴费手续的，将不再保留参加培训的资格，我们将通知后面的报名人员，依次增补。5.下一期实习人员培训班将于2018年11月7日发布通知后接受报名。2018年10月8日文稿：业务部编辑：李枫奇审核：唐榜贵]]></content>
  <author><![CDATA[重庆市律师协会]]></author>
  <time>2018-10-08 17:19:18</time>
  <account><![CDATA[gh_f2cd86c9bf0a]]></account>
</data>
