<data>
  <id><![CDATA[50709143]]></id>
  <url><![CDATA[https://mp.weixin.qq.com/s?timestamp=1539596476&src=3&ver=1&signature=Egrj350GoKY8-KUcIJshb3cF95DMqsC-nbu8PvFw6vhv2OC32uXBtJaYfTxmwR6JMHYBqnIaDobsZCi6xyiC1z49qigfEXSzMitW1wZygkKNJr*uB4LFW3Tk5hRmG9aiBoC2GuMnjWW4TUpfDRZftmuMs9lim6may5dvxC1Ojc8=]]></url>
  <title><![CDATA[动态|韩德云会长参加香港第二届“一带一路”法律论坛]]></title>
  <content><![CDATA[9月28日，应香港律师会邀请，韩德云会长代表重庆市律师协会，出席了由香港律师会主办的第二届“一带一路”法律论坛。香港特别行政区执行长官林郑月娥、外交部驻香港特别行政区特派员谢锋、香港特别行政区政府律政司司长郑若骅出席开幕式并致辞。此次论坛以“建构智能一带一路：法律与人工智能·区块链和云端”为主题，设有三个分论坛，共分为九个部分同时探讨人工智能、区块链及云端三大议题。来自尖端科技公司、企业、政府部门、监管机构和律师事务所的41位嘉宾，应邀就不同议题进行了交流发言。韩德云会长、全国律协和内地主要省市律协会长，与前来参会的世界各地的律师协会会长共同成立了“法律科技联盟”，并签署了《推动‘一带一路’律师所适用的人工智能道德框架》，旨在共同携手合作支持创新和科技发展，从法律角度提出并以批判性思维审视人工智能对法律和道德的挑战，以此提高公众意识，向各地政府和联合国提出意见。文稿：信息部图片：信息部编辑：冉钧木审核：唐榜贵]]></content>
  <author><![CDATA[重庆市律师协会]]></author>
  <time>2018-09-29 19:47:25</time>
  <account><![CDATA[gh_f2cd86c9bf0a]]></account>
</data>
