<data>
  <id><![CDATA[50709143]]></id>
  <url><![CDATA[https://mp.weixin.qq.com/s?timestamp=1539596476&src=3&ver=1&signature=Egrj350GoKY8-KUcIJshb3cF95DMqsC-nbu8PvFw6vhv2OC32uXBtJaYfTxmwR6JMHYBqnIaDobsZCi6xyiC1*7L8UkcJcL3906YgfeeddZYLdxgeuwDzITEUMi78wYKP-*DaL-VYKnJG567CePeu0RaYSXWM6i36AmQtpYjKwM=]]></url>
  <title><![CDATA[行业动态|渝万所参加“易审”平台首次智能法院庭审案件]]></title>
  <content><![CDATA[2018年9月27日，重庆渝万律师事务所律师参加了重庆市第二中级人民法院“易审”平台首次智能法院庭审活动。易审平台渝万所庭审现场，左为范远洪律师重庆市二中院受理的张朝元上诉北京中恒房地产开发有限公司万州分公司商品房买卖合同纠纷一案在渝万所“易诉” 平台网上进行庭审，渝万所律师范远洪代理被上诉人参加庭审活动。智能法院网上平台屏幕上现场直播法庭及双方当事人的庭审状况。现场观摩人员在万州的部分市人大代表在二中院“易审”平台现场观摩了庭审，参加市律协党建工作调研会的市律协副秘书长崔明强、党办主任姜志光，万州区司法局副局长何开春、律师科科长万佳勇以及万州部分律所负责人在渝万所“易诉”平台观摩了庭审活动。渝万所陈继才律师易诉平台立案信息据悉，“易诉”平台是重庆法院依托互联网、信息化、人工智能前沿技术，回应新时代人民群众司法需求，实现司法更加为民、便民、利民的重要举措。“易诉”平台将在市二中法院、市四中法院、南岸区、合川区、万州区等十二家法院率先试点运行。目前渝万所已经完全实现一审民商事案件的网上立案。重庆市高院有关领导指出，重庆地处内陆，集“大城市、大农村、大山区、大库区”为一体，辖区地形较为复杂，边远区县很多地方交通仍不便利，老百姓打官司成本相对较高。加之重庆在外务工群众相对较多，如有诉讼在身异地往返多有不便。“易诉”平台将大多数案件从立案、交费、证据交换、庭审、送达从线下全流程迁移到线上，正好回应和满足了老百姓的司法新需求，真正实现了“让数据多跑腿，群众少跑路”。通过易诉平台，当事人足不出户，通过互联网平台即可享受诉讼服务，不受地理、交通、空间区域等条件限制，减少排队之苦、等候之累。重庆法院将通过“易解”“易审”“易诉”“易达”等“四易平台” 和“1中心”即法智云中心——重庆法院大数据中心，确保全市法院信息化和智慧法院建设拥抱新时代、践行新思想、实现新作为。文稿：市高法院、渝万所图片：渝万所编辑：冉钧木审核：唐榜贵]]></content>
  <author><![CDATA[重庆市律师协会]]></author>
  <time>2018-09-27 16:46:50</time>
  <account><![CDATA[gh_f2cd86c9bf0a]]></account>
</data>
