<data>
  <id><![CDATA[50709143]]></id>
  <url><![CDATA[https://mp.weixin.qq.com/s?timestamp=1539596476&src=3&ver=1&signature=Egrj350GoKY8-KUcIJshb3cF95DMqsC-nbu8PvFw6vhv2OC32uXBtJaYfTxmwR6JMHYBqnIaDobsZCi6xyiC11Db4ODFNL2GY5PXhRsBIIyL*WMne-fHMPjZCAi4SnbJYQe8jVpBJM79kTTXjfH76oBB-NswWdvq7NgOv6QwRxo=]]></url>
  <title><![CDATA[通知|关于举办“涉税法律服务”专题讲座的通知]]></title>
  <content><![CDATA[关于举办“涉税法律服务”专题讲座的通知各律师事务所：2018年是中国税法和实务领域激荡之年，《个人所得税法》修订，个人纳税号建立，个人税收征管进入全面开花时代；国地税合并，征管信息打通，虚开增值税发票成为稽查重点；社保费改由税务局负责征收，占工资薪金40%的社保费是否会成为企业不能承受之重。在这不平凡之年，重庆律师应当挺立潮头，拓展律师涉税法律服务，为此，市律师协会财税专业委员会将举办“涉税法律服务”专题讲座，具体通知如下。会议简介一、时间10月13日～10月14日（星期六、星期日）二、地点市律师协会第三、四会议室三、主题及主讲人（一）10月13日（星期六）上午9:00～12:00主 题：税务筹划中税法分析与税法确定性问题主讲人：滕祥志（二）10月13日（星期六）下午14:00～17:00主 题：个税和社保征管趋严对涉税法律服务机遇主讲人：陈志刚（三）10月14日（星期日）全天9:00～17:00主题：税务律师的成长阶梯（虚开发票的认定及辩护）主讲人：袁森庚四、主讲人简介腾祥志，北京大学法学博士，中国社会科学院法学研究所商法学博士后，现任中国社会科学院财税法案例研究中心主任、北京大学法学院税法硕士案例分析特约讲师、全国律协财税法专业委员会委员。2003年以来，在承办一系列有较大影响涉税案件的同时，先后在《中国财税法网》、《财税法论丛》、《涉外税务》、《中国税务报（内参刊）》、《厉风—中国税务稽查》、《改革》（内参）等各种媒体和杂志上发表涉税文章和案例分析十数篇。陈志刚，高级律师、注册会计师、全国律协财税法专业委员会委员、重庆市律师协会财务委员会副主任、财税专业委员会委员，重庆百君律师事务所财税法部负责人。袁森庚，中国财税法学教育研究会理事、原国家税务总局扬州干部学院教授、全国律协财税法专业委员会委员，担任全国多个税务机关法律顾问、办理最高人民法院审理的经典涉税案件4件，出版专著4部《税务行政执法理论与实务》、《清醒与自律：税收执法风险防范及案例分析》、《税务机关败诉案件分析与反思》、《清醒与自律：税收执法风险防范与案例分析》。五、主持人谭光权，市律师协会财税专业委员会主任；陈志刚，市律师协会财务委员会副主任、财税专业委员会委员。★ 报名方式及注意事项★1.请参加本次讲座的律师选择以下两种方式之一填写相关信息报名即可：①通过手机使用微信扫描下方培训二维码报名；②通过下方链接报名。http://cn.mikecrm.com/4gfdWwX2.报名截止时间为10月12日（星期五）下午17:00。3.执业律师凭本人执业证现场签到入场。4.讲座期间，请参加讲座的律师做到不迟到、不早退。联系人：蔡璐韩，67078213。2018年10月8日文稿：业务部编辑：李枫奇审核：唐榜贵]]></content>
  <author><![CDATA[重庆市律师协会]]></author>
  <time>2018-10-08 17:19:18</time>
  <account><![CDATA[gh_f2cd86c9bf0a]]></account>
</data>
