<data>
  <id><![CDATA[50709143]]></id>
  <url><![CDATA[https://mp.weixin.qq.com/s?timestamp=1539596476&src=3&ver=1&signature=Egrj350GoKY8-KUcIJshb3cF95DMqsC-nbu8PvFw6vhv2OC32uXBtJaYfTxmwR6JMHYBqnIaDobsZCi6xyiC1xqlPDBYxKGxIm*zmVgMsYLZcz3mlJkzkM5PLdl2x8c2NxFTLCb0QMuf8VVWnf1UOQW6eYHS7YFFySshTYAsS54=]]></url>
  <title><![CDATA[祝全市律师及家人国庆快乐！]]></title>
  <content><![CDATA[图片：李枫奇审核：唐榜贵]]></content>
  <author><![CDATA[重庆市律师协会]]></author>
  <time>2018-10-01 08:30:00</time>
  <account><![CDATA[gh_f2cd86c9bf0a]]></account>
</data>
