<data>
  <id><![CDATA[50709143]]></id>
  <url><![CDATA[https://mp.weixin.qq.com/s?timestamp=1539596476&src=3&ver=1&signature=Egrj350GoKY8-KUcIJshb3cF95DMqsC-nbu8PvFw6vhv2OC32uXBtJaYfTxmwR6JMHYBqnIaDobsZCi6xyiC17piiZUbpcBdDYooitvYcatvJVigsRa4pmQFPSGUYBh3ktRHFJra4GbmSOhfIXhUN0YZ9nIk4xHbbDMxyIly3NQ=]]></url>
  <title><![CDATA[通知|关于举办2018年第4期（总第41期）实习人员培训班报名的通知]]></title>
  <content><![CDATA[关于举办2018年第4期（总第41期）实习人员培训班报名的通知各律师事务所：根据中华全国律师协会关于实习人员集中培训的有关要求，重庆律师学院将于10月15日至11月2日举办今年第4期（总第41期）实习人员培训班，现将报名事宜通知如下。报名须知一、培训时间2018年10月15日~11月2日二、培训地点重庆律师学院（西南政法大学沙坪坝校区1224教室）。三、参加人员已取得实习律师证的实习人员。注：截止至2018年12月31日，一年实习期将满或已满的实习人员优先参加本期培训。四、培训师资聘请我市高等院校法学教师、资深律师和市法院、检察院等部门实务专家授课。五、考核方式全日制脱产培训15天培训期间不得请假、缺席。参训学员出勤率达到要求并通过闭卷考试，方可领取结业证书。六、培训费用：1200元/人★ 注意事项★1、为保证培训质量，本次培训限额200名，额满即止。2、请报名参加本次培训班的的实习人员选择以下两种方式之一填写相关信息报名即可：①使用微信扫描下方二维码报名：②链接报名：http://cn.mikecrm.com/9fR56rx3.正式培训人员名单、报到时间、缴费流程见稍后发布的报到缴费通知。4.下一期实习人员培训班将于2018年11月7日发布通知后接受报名。联系人：邓伟，67069483。2018年9月30日文稿：业务部编辑：李枫奇审核：唐榜贵]]></content>
  <author><![CDATA[重庆市律师协会]]></author>
  <time>2018-09-30 12:00:00</time>
  <account><![CDATA[gh_f2cd86c9bf0a]]></account>
</data>
