<data>
  <id><![CDATA[50709143]]></id>
  <url><![CDATA[https://mp.weixin.qq.com/s?timestamp=1539596476&src=3&ver=1&signature=Egrj350GoKY8-KUcIJshb3cF95DMqsC-nbu8PvFw6vhv2OC32uXBtJaYfTxmwR6JMHYBqnIaDobsZCi6xyiC15C0*Ak33rL4OIJw6f8TFXB4JsjDWFCrL*LBwTfRxr5LNaXsRM3wy2Ihgf9C4gx5MQ7WJ3hYQ7dCE0E1gWFieJM=]]></url>
  <title><![CDATA[动态|中共重庆市委常委、统战部部长李静视察走访重庆中豪律师事务所]]></title>
  <content><![CDATA[近日，中共重庆市委常委、统战部部长李静，副部长李电等一行对党外代表人士袁小彬进行走访慰问，并视察了中豪解放碑办公室。在袁小彬主任的陪同下，李部长一行参观了解放碑办公室。走访过程中，袁小彬主任向李部长介绍了中豪20年以来的发展概况及获取的诸多成绩。中豪自1997年创立以来，先后在重庆、上海、成都、北京、香港和纽约设立了分支机构，经过多年的积淀，现已发展成为能为境内外企业提供“一站式”跨境法律服务的国际化综合性律师事务所，通过境内外8所联动，助推重庆企业走出去。在智能化建设方面，中豪使用思科IP视频会议系统，配置了思科IP电话视频系统。袁小彬主任还亲自向李部长一行现场演示了思科视频系统，李部长通过视频会议问候了上海办公室管理合伙人王辉，以及成都办公室部分同事。为了给中豪员工提供优质、舒适的办公环境，中豪不断优化办公环境，更新办公设备。适逢江北嘴分所办公室刚刚竣工，袁小彬主任通过PPT向李部长分享了新办公室大气、亮丽且具国际范的现代装修风格。近年来，中豪为推动重庆经济建设等方面做出应有的贡献。李部长的走访慰问让大家备受鼓励，中豪将发挥自身法律服务优势，积极参与到党建与统战工作中去，凝聚力量，为重庆发展进一步助力。文稿：中豪所图片：中豪所编辑：李枫奇审核：唐榜贵]]></content>
  <author><![CDATA[重庆市律师协会]]></author>
  <time>2018-10-10 20:01:42</time>
  <account><![CDATA[gh_f2cd86c9bf0a]]></account>
</data>
