<data>
  <id><![CDATA[50709143]]></id>
  <url><![CDATA[https://mp.weixin.qq.com/s?timestamp=1539596476&src=3&ver=1&signature=Egrj350GoKY8-KUcIJshb3cF95DMqsC-nbu8PvFw6vhv2OC32uXBtJaYfTxmwR6JMHYBqnIaDobsZCi6xyiC12vy5i32ngEfDTLveAKN9LAkKY4dN8x*V*p6VBipQjRqDL9wxj1XnGCgY9Xyp7iX6fCkxihbSRCk3GxEP9ob-Qs=]]></url>
  <title><![CDATA[案例发布|律师助力“打好‘三大攻坚战’、实施‘八项行动计划’”之典型案例（二）]]></title>
  <content><![CDATA[编者按为全面贯彻中央决策部署，按照市委五届三次全会“坚决打好‘大三攻坚战’、实施‘八项行动计划’”的工作要求，以及市司法局贯彻实施“服务经济社会发展完善法律服务保障”的工作意见，全市律师积极响应，以实际行动投身到“打好‘三大攻坚战’、实施‘八项行动计划’”的活动中，取得了一定成绩，收到较好效果，体现了律师的责任担当。连日来，我们围绕当前舆论关注、群众关心的热点问题，走访了部分律师事务所，收集整理了一批具有示范引领作用和良好社会效果的案例，以飨读者。今天，我们带来的是重庆中钦律师事务所代理的重庆市人民政府、重庆两江志愿服务发展中心诉重庆藏金阁物业管理有限公司、重庆首旭环保科技有限公司环境污染责任纠纷一案。该案系自2015年12月中办、国办印发《生态环境损害赔偿制度改革试点方案》以来，中西部首例生态环境损害赔偿诉讼案件，是全国第二例一审判决已生效的生态环境损害赔偿诉讼案，也是重庆市人民政府首次以赔偿权利人身份提起的生态环境损害赔偿诉讼；被重庆市高法院评为2016-2017重庆环境资源审判十大典型案例。◆ ◆ ◆ ◆中钦所用法律为山清水秀美丽之地建设护航◆ ◆ ◆ ◆文◎易允菲       阅读时间：5分钟案件背景政府明文要求，电镀企业必须全部进入电镀工业集中加工区。重庆藏金阁电镀工业园位于重庆市江北区港城工业园区内，是港城工业园区内唯一的电镀工业园。重庆藏金阁物业管理有限公司（下称藏金阁公司）于2012年7月成立，为园区入驻企业提供物业管理服务，并负责处理园区入驻企业产生的废水。藏金阁公司领取了排放污染物许可证，并拥有废水处理的设施设备。2013年12月5日，藏金阁公司与重庆首旭环保科技有限公司（下称首旭公司）签订为期4年的《委托运行协议》，首旭公司承接藏金阁电镀工业中心废水处理项目，该电镀工业中心的废水由藏金阁公司交给首旭公司使用藏金阁公司所有的废水处理设备进行处理。2016年4月21日，重庆市环境监察总队执法人员在对藏金阁公司的废水处理站进行现场检查时，发现废水处理站中的生产废水未经处理便排入外环境。同年4月22～26日期间，经执法人员采样分析发现外排废水重金属超标，最严重的已经超过规定标准的189倍！同年5月4日，执法人员再次进行现场检查，发现藏金阁废水调节池的含重金属废水通过池壁上的120mm口径管网未经正常处理直接排放至外环境并流入港城园区市政管网再进入长江。此后，重庆市人民政府向重庆市第一中级人民法院提起诉讼。为被污染的长江水伸张正义重庆中钦律师事务所蒋夏律师在接受重庆市人民政府的委托后，立即对相关材料及情况进行了分析和了解，“藏金阁在最开始修建废水处理池的时候，就偷偷在下面埋了一根管子，准备让部分不经过处理的水直接排到长江,”蒋律师了解到情况后对此一直耿耿于怀,“为了节约成本，居然赚昧着良心的钱！”蒋律师决定立马行动。翻阅大量资料后，蒋律师确定了代理思路并制作了简明扼要的思维导图，将侵权事实、事件过程、损害赔偿额、污染废水流向图等通过直观的图示法向市政府呈现。原本复杂的案件变得一目了然。得到市政府的认同之后，蒋夏律师开始着手为被污染的长江水伸张正义。要让违法企业为违法行为付出代价，必须有系统的证据链。蒋夏律师深知证据的重要性，不放过任何蛛丝马迹，“废水管网长江排水口中的废水中测出重金属超标，而连接此管网的各排入口仅有这里会出现此类重金属，很容易就被固定成违法对象。”尽管已经有执法人员确认违法事实，蒋夏律师还是想将违法主体以及违法事实坐实。他找到《重庆港城工业园区管理委员会办公室关于港城工业园区C片区电镀企业情况的报告》，发现重庆港城工业园区除藏金阁电镀工业园外，不存在其他可能排放含重金属电镀废水的排放源。此项证据作为证明排放污染源的唯一性得到了承办法官的采纳。“要想证明藏金阁公司修建废水池的时候就预留了一根偷排的管道，实地取证是不可能的了，只有另想办法。”蒋夏律师在得知藏金阁公司受到一系列行政处罚时，有了新的打算：在查阅多份关于藏金阁公司的行政处罚决定书后，发现在渝环监罚[2016]269号行政处罚决定书中，重庆市环境监察总队经复核认为，藏金阁公司将原废酸收集池改造为1号综合废水调节池，传送废水也由地下管网改为高空管网作业。该池池壁上原有110mm和120mm口径管网各一根，改造时只封闭了110mm口径管网，而未封闭120mm口径管网，该未封闭管网系埋于地下的暗管。更值得兴奋的是，在行政执法过程中形成的调查询问笔录里，二被告对1号综合调节池内中存在未封闭的管网偷排废水的事实均表示确认。首旭公司还实盘脱出按照每吨22元向藏金阁公司实际收取废水处理费以及计算方式和依据，偷排废水量145624吨的事实以及行政执法部门核算偷排废水量的计算方式和依据亦得到了藏金阁公司法定代表人孙启良确认。蒋夏律师说，“固定了违法行为以及确定了水量数据，接下来就好办多了。”有了违法主体，有了违法事实，造成了明确的生态环境损害，但没有一个量化的赔偿标准。蒋夏律师特意找到重庆市环境科学研究院，对藏金阁公司和首旭公司违法排放超标废水造成生态环境损害进行了鉴定评估，并出具了《鉴定评估报告书》。根据《报告书》及其所依据的证据材料，可以证明二被告偷排废水对受纳水体长江的生态环境造成了严重损害的后果，以及偷排废水的行为与受纳水体长江的生态环境严重损害之间存在因果关系，根据具体的排水量得出生态环境损害量化数额为1441.6776万元。在市政府提起生态环境损害赔偿诉讼之前，此案已经涉及两个生效判决。蒋夏律师想到，可以将判决中确认的排污事实用于认定本案环境侵权的事实，便将生效的行政判决书以及刑事判决书收集起来，拟证明相关法院对行政复议决定书的合法性予以确认，从而认定藏金阁公司偷排含重金属废水造成生态环境损害的违法事实，以及首旭公司非法排放含有重金属的污染物，严重污染环境的犯罪事实得到了人民法院生效判决的确认。蒋律师为此案的开庭做了充足的准备。藏金阁、首旭赔礼道歉罚处1441.6776万元藏金阁公司与首旭公司违法排污的事实触犯了广大群众的根本利益，重庆市人民政府、重庆两江志愿服务发展中心先后就此事向市一中院提起公益诉讼。基于同一事实，法院将两案合并审理。2017年9月26日，此案在重庆市第一中级人民法院开庭审理，蒋夏律师当场充分发表了代理意见。2017年12月22日，重庆市第一中级人民法院判决二被告连带赔偿生态环境修复费用1441.6776万元，由二原告结合本区域生态环境损害情况用于开展替代修复；同时判决二被告于本判决生效后十日内在省级或以上媒体向社会公开赔礼道歉等判决内容。判决后各方当事人均未上诉，二被告主动履行了赔礼道歉等判决内容。2018年1月22日，重庆日报、重庆晚报等媒体刊登出一封署名为藏金阁公司和首旭公司的公开道歉信, “全体社会公众：……长江水域生态系统的维护涉及到千家万户乃至子孙后代的利益，通过法庭审判，我们对于自身过错和危害后果已经有了深刻认识和悔意，在此真诚地向广大社会公众公开赔礼道歉，并引以为戒，保证今后不再发生类似行为。”案例意义此案不仅穿插了民事、刑事、行政三种法律关系，还涉及诸多法律规定的空白地带，为环境公益诉讼案件提供了范本。在社会组织提起环境民事公益诉讼后，政府提起生态环境损害赔偿，基于既要积极推进生态环境损害赔偿制度改革，又要保护社会组织维护社会公共利益积极性的考虑，法院将公益诉讼和生态环境损害赔偿诉讼合并审理，为公益诉讼和生态环境损害赔偿诉讼的衔接进行了有益的尝试。市委五届三次全会强调，要坚定不移走生态优先、绿色发展之路，筑牢长江上游重要生态屏障，使重庆成为山清水秀美丽之地。此案不仅为保护长江做出了突出的贡献，更是为护航重庆成为山清水秀之地做出了表率作用。文稿：信息部图片：网    络编辑：何    哲排版：冉钧木审核：唐榜贵]]></content>
  <author><![CDATA[重庆市律师协会]]></author>
  <time>2018-09-25 16:59:40</time>
  <account><![CDATA[gh_f2cd86c9bf0a]]></account>
</data>
