<data>
  <id><![CDATA[50709143]]></id>
  <url><![CDATA[https://mp.weixin.qq.com/s?timestamp=1539596476&src=3&ver=1&signature=Egrj350GoKY8-KUcIJshb3cF95DMqsC-nbu8PvFw6vhv2OC32uXBtJaYfTxmwR6JMHYBqnIaDobsZCi6xyiC11Db4ODFNL2GY5PXhRsBIIxEK7MDVv33nznBILfZRKe3qWe*tJfM5KHjT34SRDMRS-rJ4MvccNrRf5Fmj5B9e7Y=]]></url>
  <title><![CDATA[寒露|袅袅凉风动，凄凄寒露零]]></title>
  <content><![CDATA[节气简介今天１６时１５分迎来了农历二十四节气之一的寒露。此时节，西风飒飒，秋雨潇潇，落英满地，鸿雁南迁，枫叶火红，菊花开放。“袅袅凉风动，凄凄寒露零。”天津市天文学会理事史志成介绍说，寒露是深秋的节令，在二十四节气中最早出现“寒”字。每年阳历的１０月８日或９日，太阳到达黄经１９５度时，即为寒露节气。如果说白露是炎热向凉爽的过渡，寒露则是凉爽向寒冷的转折。气象专家提醒说，寒露节气后，北方冷空气已有一定势力，气温的变化特别明显，温度下降８摄氏度、１０摄氏度都比较常见。寒露时节，我国北方已呈深秋景象，白云红叶，偶见早霜；南方也是秋蝉噤声，荷残叶枯，秋意渐浓。伴随寒露而至的秋意，让这成熟丰美的秋天，显得秋色斑斓，秋韵阑珊。寒露催红了枫叶，催黄了菊花。漫山枫叶，层林尽染，让人想起古人的“停车坐爱枫林晚，霜叶红于二月花”；菊黄蟹肥，尝蟹赏菊，让人想起古人的“采菊东篱下，悠然见南山”。节气诗词《月夜梧桐叶上见寒露》（唐·戴察）萧疏桐叶上，月白露初团。滴沥清光满，荧煌素彩寒。风摇愁玉坠，枝动惜珠干。气冷疑秋晚，声微觉夜阑。凝空流欲遍，润物净宜看。莫厌窥临倦，将晞聚更难。《八月十九日试院梦冲卿》宋·王安石空庭得秋长漫漫，寒露入暮愁衣单。喧喧人语已成市，白日未到扶桑间。永怀所好却成梦，玉色彷佛开心颜。逆知后应不复隔，谈笑明月相与闲。《池 上》唐·白居易袅袅凉风动，凄凄寒露零。兰衰花始白，荷破叶犹青。独立栖沙鹤，双飞照水萤。若为寥落境，仍值酒初醒。节气养生进入寒露后，公众应根据天气及时添衣御寒，尤其是足部保暖。此时秋燥也重，要多喝水，尤其是蜂蜜水，可起到润肺、养肺的作用。多吃些润肺润燥的新鲜瓜果蔬菜，如梨、柿、柑橘、香蕉等，可生津止渴、润肺清心、利肠解毒。保证睡眠充足，注意劳逸结合，保持精力充沛。文稿：新华网图片：李枫奇编辑：李枫奇审核：唐榜贵]]></content>
  <author><![CDATA[重庆市律师协会]]></author>
  <time>2018-10-08 17:19:18</time>
  <account><![CDATA[gh_f2cd86c9bf0a]]></account>
</data>
