<data>
  <id><![CDATA[51125945]]></id>
  <url><![CDATA[https://mp.weixin.qq.com/s?timestamp=1539596359&src=3&ver=1&signature=Egrj350GoKY8-KUcIJshbwB4veY6MC0Q0n9rj7uZW*aGQiq078Xifyt4uZ0qhwFK-tEeHTMLPAc05StJLZY5SZ-iMfjtnVclQ1Nj3tAgeNRIcRhNRyAYqs-XZnjFgh1wh6w3-SmJdp9J2p6*6A7TpvisRsrig*f5jOQN-Lzr0Lo=]]></url>
  <title><![CDATA[现代商船虽然获53亿美元国家资助，但是……]]></title>
  <content><![CDATA[国家资助固然可解燃眉之急，但长远来看，企业的自我造血能力以及根据供需关系调整发展战略才是根本，这将更有利于航运市场的整体发展。获得巨额国家资助的现代商船，日子并不好过。据国外媒体报道，韩国船公司现代商船已获得53亿美元的国家资助，其中28亿美元用于从韩国船厂订造集装箱船，其余资金可能用于购买集装箱码头。据悉，这笔资金的一部分由韩国海洋贸易公司（Korea Ocean Business Corporation）提供。该公司是一家政府机构，旨在支持陷入困境的韩国航运及造船业。就在9月底，现代商船正式宣布，与韩国三大造船厂签订建造20艘大型集装箱船的合同。此次订单中，包括12艘23000TEU超大型集装箱船，其中7艘由大宇造船建造，另外5艘由三星重工承建，预计于2020年第二季度交付。还有8艘为15000TEU型船，均由现代重工建造，预计于2021年第二季度交付。作为韩国航运业的“一哥”，此次国家资助大大缓解了现代商船的资金压力。此前，韩国政府为支持本国航运及造船业发展，公布了《韩国振兴航运五年计划（2018-2022）》。根据该计划，由韩国海事集团（KMC）提供各种形式的基金支持，协助韩国航运企业在2020年前建造超过200艘船舶，包括至少140艘散货船以及60艘集装箱船。在这一背景下，现代商船更曾放出豪言，将大力扩充船队规模，将运力提升至100万TEU。不过韩国政府的一系列扶持措施，已引来其他航运企业和相关组织的不满。欧洲多家行业组织就向欧盟建议，应严厉反对韩国补贴本国航运业的行为，目的是为欧洲航运企业创造公平的竞争环境。他们认为，过多的补贴将助推市场的运力过剩，给市场和全行业带来更多问题。有欧盟相关委员会人士也表示，欧盟委员会将尽可能地保护欧洲船东、造船厂以及相关企业利益，避免由于巨额补贴带来的的负面影响。再看现代商船，尽管拥有国家支持，但其处境并不乐观。半年报显示，该公司上半年已累计亏损4177亿韩元（约合3.74亿美元），其中第二季度净亏损2427亿韩元（约合2.18亿美元），亏损额较第一季度和2017年同期均有所扩大。对于现代商船的未来，悲观者认为，该公司是一艘“失控狂飙的列车”，不排除将步其老大哥韩进海运后尘的可能。乐观者则认为，现代商船已成韩国在远洋航运市场的“独苗”，对于这个对外贸易需求旺盛的国家来说，绝不会放弃现代商船，甚至将在国家的支持下完成大幅跨越。国家资助固然可解燃眉之急，但长远来看，企业的自我造血能力以及根据供需关系调整发展战略，才是根本，这将更有利于航运市场的整体发展。·  END ·本期编辑：贾敏审   发：王禹（点击小程序卡片，跳转掌上船期小程序查看船东精品航线）]]></content>
  <author><![CDATA[中国航务周刊]]></author>
  <time>2018-10-11 17:36:07</time>
  <account><![CDATA[chinashippinggazette]]></account>
</data>
