<data>
  <id><![CDATA[51125945]]></id>
  <url><![CDATA[https://mp.weixin.qq.com/s?timestamp=1539596359&src=3&ver=1&signature=Egrj350GoKY8-KUcIJshbwB4veY6MC0Q0n9rj7uZW*aGQiq078Xifyt4uZ0qhwFK-tEeHTMLPAc05StJLZY5SaoHv*GE11El5xVrdv9FdeEofUt3F4lPpl*sNu23Iz3xVZy7E1kPsHNFwRH3yqMTJ7jcqtp5E0weMzmBs0XMGEM=]]></url>
  <title><![CDATA[赫伯罗特公布新燃油附加费计算方式]]></title>
  <content><![CDATA[为应对严格的限硫新规，不少航运企业都计划收取燃油附加费，但货主则认为收费缺乏透明度。赫伯罗特近日也公布了新的燃油附加费（Marine Fuel Recovery mechanism，MFR）计算方式，希望使这一收费更加透明。赫伯罗特10月8日在官网发布公告称，将从2019年1月1日开始实施新的燃油附加费，并明确了费用计算方式，以回应货主对航运企业收取燃油附加费的担忧。赫伯罗特首席执行官Rolf Habben Jansen赫伯罗特首席执行官Rolf Habben Jansen表示，该费用是“透明并容易理解”的。他进一步介绍说：“当我们在今年稍早时开始研究这一问题时，已经意识到市场对附加费的运作方式几乎不清楚，因此我们从一开始就希望使费用尽可能地透明，并试图提出一些公平的、可以验证的方式。”与一些竞争对手一样，赫伯罗特也根据燃油成本和航程长度来征收附加费，不同的是，其已进一步分解了决定附加费价格的因素。MFR的计算方法是，将每吨燃料的价格，乘以特定航线中船舶消耗的燃料类型和价格（高硫油、0.5%低硫油和0.1%低硫油），再除以该航线所承载的集装箱数量。赫伯罗特认为，该方式可以更好地考虑价格波动，同时反映市场价格的上行和下行趋势。MFR计算方式由于没有两个航次是完全相同的，因此计算基于市场平均船舶类型和平均负载计算，同时还会根据船舶航行天数和在港口的靠泊天数，进行区分。根据这一计算方式，在亚欧航线中，燃料价格为每吨400美元时，MFR为182美元/TEU，当燃料价格为每吨650美元时，MFR为264美元/TEU。不同燃油价格情况下不同航线的MFR标准对于为何在此时推出MFR，Rolf Habben Jansen解释称：“现在公布这一费用便于我们在2020年前与客户进行讨论。航运业成本上升是不争的事实，在这种情况下，我认为与客户展开讨论是公平合理的。因为燃料成本是总成本的重要组成部分，而这部分成本将发生实质性的变化。”此外，赫伯罗特还宣布，将从明年开始对船用液化天然气和船用洗涤器进行试验，作为应对减少硫排放的措施之一。赫伯罗特在去年完成与阿拉伯轮船的合并后，拥有了一系列可使用液化天然气为动力的超大型集装箱船。该公司计划用其中一艘船舶进行液化天然气燃料试验。同时，其还将在两艘14000TEU型集装箱船上安装洗涤器，以测试脱落性能。Rolf Habben Jansen表示：“对于大多数船舶来说，最初都将使用低硫燃料。同时，在短期内，在某些船型上安装洗涤器，在经济性方面可能具有一定的吸引力。但在我们的船队中，不会有太多船舶配备洗涤器。”·  END ·本期编辑：武圣俊审   发：王禹（点击小程序卡片，跳转掌上船期小程序查看船东精品航线）]]></content>
  <author><![CDATA[中国航务周刊]]></author>
  <time>2018-10-09 16:53:19</time>
  <account><![CDATA[chinashippinggazette]]></account>
</data>
