<data>
  <id><![CDATA[51125945]]></id>
  <url><![CDATA[https://mp.weixin.qq.com/s?timestamp=1539596359&src=3&ver=1&signature=Egrj350GoKY8-KUcIJshbwB4veY6MC0Q0n9rj7uZW*aGQiq078Xifyt4uZ0qhwFK-tEeHTMLPAc05StJLZY5Se6azYM3X1T9rXn0waiNtMsKmr*kjb*yVzCNzjkwmxxqazIpUm9pmGCyYk8Q1j-1PvhFMMmfPjjQPI2NQPHnDA0=]]></url>
  <title><![CDATA[2009年，大新华物流集团在上海成立]]></title>
  <content><![CDATA[每个周末一篇年代大事记重走我国航运业的改革开放之路重温那些激动人心的历史时刻今天让我们回眸2009年中国航运业的2009年1月1日 国务院关于修改《中华人民共和国水路管理条例》和《中华人民共和国航道管理条例》的决定施行。2月25日 国务院召开常务会议，审议并原则通过《物流业调整和振兴规划》。3月 中国外运长航集团正式挂牌，中外运集团和长航集团业务进行全面重组。3月17日 由海航集团组建的大新华物流集团在上海挂牌成立。8月1日 我国实施国际集装箱班轮运价备案制度。10月1日 中远集团获得希腊比雷埃夫斯港集装箱码头35年特许经营权。10月16日 新版上海出口集装箱运价指数首发仪式在上海举行。12月29日 中国第一支船舶产业投资基金在天津揭牌，基金总规模200亿元。“2009，你在哪里？在做什么？和《中国航务周刊》有着怎样的故事？期待您的留言”【相关阅读】2008，那一年2007，那一年2006，那一年2005，那一年2004，那一年2003，那一年2002，那一年2001，那一年2000，那一年1999，那一年1998，那一年1997，那一年1996，那一年1995，那一年1994，那一年1993，那一年· END ·本期编辑：贾敏审   发：王禹]]></content>
  <author><![CDATA[中国航务周刊]]></author>
  <time>2018-10-13 10:10:51</time>
  <account><![CDATA[chinashippinggazette]]></account>
</data>
