<data>
  <id><![CDATA[51125945]]></id>
  <url><![CDATA[https://mp.weixin.qq.com/s?timestamp=1539596359&src=3&ver=1&signature=Egrj350GoKY8-KUcIJshbwB4veY6MC0Q0n9rj7uZW*aGQiq078Xifyt4uZ0qhwFK-tEeHTMLPAc05StJLZY5SZM6ezXrEsLzgIbIKGpd1y00vQChrqQHLPPb5zIJ*P6suVX*w-gYJaYqFyi8LrWYWQt2iAJkCULS8hEljHQ06jM=]]></url>
  <title><![CDATA[这一货代平台进军大中华区进口市场]]></title>
  <content><![CDATA[马士基集团今日（10月10日）宣布，Twill 进军大中华区进口市场。Twill是一家致力于简化货运流程的的数字化货运代理商。Twill 平台于 2017 年 4 月正式上线。作为马士基的创新之举，Twill 的灵活性使其能够应对货代市场发展的不断变化。启运地和目的地均设有专门的 Twill 客户服务团队，极尽所能简化货运流程。Twill 与丹马士（Damco）合作运营仅仅 15 个月，便已成功将业务范围拓展至 19 个国家。通过直观的在线平台，客户可以全天候随时获取即时报价，30 秒即可在平台上完成订舱，轻松便捷。通过把大中华区纳入其在线平台的最新进口国，Twill 的增长态势持续强劲。同时，Twill也是一个基于数千名客户反馈设计而成的数字化货运平台，为客户提供简单便捷的方式进行运输，客户无需做出事先承诺及签署繁复的合约。Twill的可视性让客户能够在运输过程中控制其货物运输流程并实时进行追踪。自 Twill 成立以来，中国一直是客户青睐的出口国，而这一最新举措使得新老客户能够在中国进口来自泰国和马来西亚的货物。目前，Twill 提供从港口到门店的整箱海运服务，能将中国（包含香港和台湾）、印度、越南和印度尼西亚的货物进口至英国、美国、墨西哥、法国、西班牙、丹麦、瑞典、斯洛伐克、荷兰、比利时、卢森堡、泰国、马来西亚、波兰、捷克共和国和大中华区。丹马士大中华区总裁吴冰青女士表示：“在数字化货运代理领域，大中华区的进口市场开发潜力巨大。这一地区很多人都对繁琐的传统货代流程不甚满意，但我们相信 Twill 能够成功解决这些问题，同时还能推动大中华区未来的发展。这是一项令人期待的创新产品，客户可以借此平台让货运流程变得更简单、更可靠，也更高效。”Twill 首席执行官Troels Stovring补充说：“在推出 Twill 平台时，平台上最早的贸易航线之一就是中国到英国的航线，所以我们一直将中国视为业务发展过程中的一个关键市场。Twill 的优势在于，它帮助客户摆脱了纷繁复杂的货运流程。此次因客户的需求，我们获得了扩大业务范围的机会，为此我们深感荣幸。这是一项全新的挑战，但凭借我们的热忱和庞大的全球网络，一定能满足客户和托运人的需求。”·  END ·本期编辑：武圣俊审   发：王禹（点击小程序卡片，跳转掌上船期小程序查看船东精品航线）]]></content>
  <author><![CDATA[中国航务周刊]]></author>
  <time>2018-10-10 17:52:09</time>
  <account><![CDATA[chinashippinggazette]]></account>
</data>
