<data>
  <id><![CDATA[51125945]]></id>
  <url><![CDATA[https://mp.weixin.qq.com/s?timestamp=1539596359&src=3&ver=1&signature=Egrj350GoKY8-KUcIJshbwB4veY6MC0Q0n9rj7uZW*aGQiq078Xifyt4uZ0qhwFK-tEeHTMLPAc05StJLZY5SaoHv*GE11El5xVrdv9FdeG7fuoyKPidofbZ3EiSZIcobHWkIKkpTZpa7fzFiGNeUmWGAoENWbCwUSOaFsO9*8Q=]]></url>
  <title><![CDATA[这种创新运输方式，有望改变行业规则]]></title>
  <content><![CDATA[集装箱运输改变了海上交通运输方式，但伴随着全球经济发展放缓，集运业也面临重大变革。粮食箱卷钢专用折叠箱泛亚航运勇于创新运输方式，尝试将散货船上的货物转移到集装箱船上。例如“煤炭散改集”运输、“木片散改集”项目、“钢铁箱”“粮食箱”“原糖散改集”运输，以及创新性地提出让汽车“坐”进集装箱等等。在货量没有明显变化的情况下，这样的创新运输方式，大大拓展了适箱货源，甚至带动了行业规则的改变。那么，究竟什么是”散改集“呢？Q&A问什么是散改集？答散改集是散货利用集装箱通过公路、水运、铁路完成运输过程的一种方式，通过集装箱运输，实现一次装、一次卸，全程端到端运输，安全可靠。问散改集模式的优势是什么？答多批次、小批量、更灵活、少货损。经济环保、避免城市污染问散改集的操作范例有哪些？答泛亚航运研发了煤炭和粮食的立装设备、钢材箱、粮食箱，设计了装箱工艺和流程，提升装卸效率，降低人工成本，很好的提升了服务体验。问散改集合作的大宗货源有哪些？答从传统的粮食、煤炭，已经拓展到矿产、钢材、木材、矿粉等货类，受到客户越来越多的青睐。泛亚航运秉承创新精神，为广大新老客户提供集装箱全程物流供应链一体化方案。敬请联系：区域板块负责人联系方式邮箱东北板块于可丹35124688-7124yukd@coscon.com周全35124688-7134zhouq1@coscon.com沈杰35124688-7121shenjie2@coscon.com华北板块杨颖35124688-7125yangyin1@coscon.com赵益晟35124688-7111zhaoysh@coscon.com山东板块桂千吉35124688-7127guiqj@coscon.com王晓枫35124688-7131wangxf3@coscon.com福建板块黄新华35124688-7117huangxh5@coscon.com陆文斌35124688-7120luwb@coscon.com华南板块贺俊35124688-7130hejun@coscon.com孔祥斌35124688-7105kongxb@coscon.com沈浩35124688-7109shenhao2@coscon.com宁波、海南板块鲍复灵35124688-7129baofl@coscon.com泛亚航运可满足您如下需求：★全程门到门服务；★海铁联运服务；★中转枢纽港（如南沙、高栏等）个性化中转服务；★提供小高箱、冷箱、框架箱、开顶箱、汽车箱等特种箱源；★可承接客户自备特种箱；★可承接危险品、大件货、超尺寸箱型等特殊运输服务（实际需满足港口作业要求）；选择泛亚航运，让您的货物享受便捷、安全、舒适的运输体验！上泛亚电商，轻松一键，订舱付费全搞定！上泛亚纵横，实时了解货物动态！（目前已开通两江流向货物查询，即将开通全平台服务）·  END ·本期编辑：武圣俊审   发：王禹（点击小程序卡片，跳转掌上船期小程序查看船东精品航线）]]></content>
  <author><![CDATA[中国航务周刊]]></author>
  <time>2018-10-09 16:53:19</time>
  <account><![CDATA[chinashippinggazette]]></account>
</data>
