<data>
  <id><![CDATA[51125945]]></id>
  <url><![CDATA[https://mp.weixin.qq.com/s?timestamp=1539596359&src=3&ver=1&signature=Egrj350GoKY8-KUcIJshbwB4veY6MC0Q0n9rj7uZW*aGQiq078Xifyt4uZ0qhwFK-tEeHTMLPAc05StJLZY5SSrZctK54ZRkzhlgYHbnOyC8GLtt-h-xQ86RjmvQDzq2e12uVDWoRXCDCb1SihvLDcgMX5ed6ew1emHPWW*in7A=]]></url>
  <title><![CDATA[从进博会出发！世界供应链和物流发展的“中国方案”来了]]></title>
  <content><![CDATA[“2018全球贸易与国际物流高峰论坛”，作为首届中国国际进口博览会期间物流行业重要的配套会议，定于2018年11月8日在国家会展中心（上海）4.2号馆隆重举办。论坛由中国交通运输协会主办，上海海事大学联合主办，界上传媒、中国交通运输协会城市物流分会、中国交通运输协会航运物流分会（ISEA）、物流时代周刊、中国航务周刊共同组织承办。就全球经济而言，国际贸易已成为衡量一国经济发展水平和政策效果的重要标准，成为国家竞争力的重要表现形式。在当前贸易保护主义抬头、多边贸易体制停滞不前的情况下，世界贸易的发展需要对接各国战略和规划，找出优先领域和项目，集中资源，联合推进。各国都希望在全球供应链、产业链、价值链中占据有利位置，实现共赢而不是竞争，这就需要打造强劲、可持续、平衡增长的世界物流与供应链发展新气象。即将在上海举办的中国国际进口博览会，为这种新气象提供了可能性。作为世界上首个以进口为主题的大型博览会，本次活动是国际贸易发展史上的一大创举，在当今的世界贸易领域独树一帜。以博览会为平台，邀请众多国家和地区参会，彰显了中国以投资带动贸易，实施进出口贸易平衡的战略。同时，从广交会到进口博览会，从单向到双向，显示了中国贸易战略的转变，体现了中国敢于承担大国责任，实现与世界各国互利共赢的决心。物流是供应链的重要组成部分，任何一个国家都不可能单打独斗，实现供应链的最优配置，需要在全球范围内去发展产业链、供应链与价值链，以取得国家间的共赢。世界供应链和物流发展的“中国方案”重磅来袭中国国际进口博览会的举办，不仅会促进中国对外贸易和投资，也会推动全球范围内、特别是新兴经济体和发展中国家之间贸易的增长，必将对国际贸易的格局产生积极而深远的影响，并为解决全球贸易的诸多问题，提供“中国机会”和“中国方案”。而在即将开幕的2018全球贸易与国际物流高峰论坛上，将带来极具权威性的世界供应链和物流发展的“中国解决方案”。本次论坛由交通运输部支持、中国交通运输协会主办、上海海事大学联合主办，将作为中国国际进口博览会指定的物流配套会议，于2018年11月7日-8 日在国家会展中心(上海)隆重举行。2018全球贸易与国际物流高峰论坛以“物流改变世界” 为主题，重点围绕在新的全球贸易形势下，国际物流将如何高效连接沟通，探讨国家间交通运输与物流便利化的产业政策和发展趋势，交流中外城市物流、跨境物流，包括＂一带一路＂物流、中欧班列运营等合作经验，实现中外物流企业与贸易货主企业高效对接，进而推动国际贸易的发展，开启全球贸易的新纪元。作为交通运输部支持的唯一物流活动，本次会议邀请了中国交通运输协会领导，以及交通运输部、发改委、商务部、教育部等中国政府代表，以及西安市人民政府、天津市人民政府等地方政府领导，还兼具国际视野，特邀了乌克兰、蒙古、越南等交通部部长、副部长参加会议。此外，还有招商局物流、环世物流集团、德迅、联邦快递、DHL、圆通速递、海航现代物流集团、中铁快运、顺丰、网易考拉等多家知名企业代表共同参会，这无疑将是一次干货满满的顶级国际物流会议。为全球贸易物流业开创新篇章举办中国国际进口博览会，是推进新一轮高水平对外开放作出的重大决策，也是中国为推动国际贸易领域交流、发展的一次伟大举措。物流服务于经济，特别是在全球贸易保护主义盛行的今天，举办以进口为主题的博览会意义显得更为重要。通过进口博览会，中国向世界展示的不仅仅是对外开放的决心，还有切实推动建设开放型世界经济的全球性方案。因此，进口博览会不只是商品交易平台，也是推动国际合作和政策沟通的重要机制和载体，体现了中国开放市场的发展理念和整体改革逻辑。同时，首届进口博览会还将是首脑外交的重要舞台。与会期间，首脑们最终达成的会议文件不仅具有舆论导向性，而且对稳固全球多边贸易体系具有巨大的政治背书效应，而这一点正是当前全球贸易治理所缺乏的。2018全球贸易与国际物流高峰论坛，作为中国国际进口博览会物流行业核心论坛，必将成为奏响进博会的精彩乐章之一。2018全球贸易与国际物流高峰论坛，也必将是一次助力国际各物流企业了解中国的契机，共同碰撞世界供应链和物流发展的“中国解决方案”的火花，进而深刻推动国际物流和供应链体系的变革。总之，这是一个为全球所有物流业提供的专业、开放、交互的国际舞台，相互借鉴，合作共赢，为全球贸易物流业开创新的篇章。点击此图预报名·  END ·本期编辑：文其审   发：王禹]]></content>
  <author><![CDATA[中国航务周刊]]></author>
  <time>2018-10-05 17:00:00</time>
  <account><![CDATA[chinashippinggazette]]></account>
</data>
