<data>
  <id><![CDATA[51125945]]></id>
  <url><![CDATA[https://mp.weixin.qq.com/s?timestamp=1539596359&src=3&ver=1&signature=Egrj350GoKY8-KUcIJshbwB4veY6MC0Q0n9rj7uZW*aGQiq078Xifyt4uZ0qhwFK-tEeHTMLPAc05StJLZY5SZM6ezXrEsLzgIbIKGpd1y16xSDzS8rz0n991M0GJUMjsn2IDcJTNXkWIgqLvppGw*ltja5pRovIvUpguI3nZw8=]]></url>
  <title><![CDATA[我国提高出口退税率，最高达16%]]></title>
  <content><![CDATA[继9月下旬连续两场国务院常务会议聚焦稳外贸后，国务院于10月8日再度亮出外贸利好举措，这一次，部署重心放在了完善出口退税政策加快退税进度上。10月8日，国务院总理李克强主持召开国务院常务会议，确定完善出口退税政策加快退税进度的措施，为企业减负、保持外贸稳定增长。会议决定：★ 从2018年11月1日起，按照结构调整原则，参照国际通行做法，将现行货物出口退税率为15%的和部分13%的提至16%；9%的提至10%，其中部分提至13%；5%的提至6%，部分提至10%。★ 对高耗能、高污染、资源性产品和面临去产能任务等产品出口退税率维持不变。★ 进一步简化税制，退税率由原来的七档减为五档。★ 为进一步加快退税进度，对信用评级高、纳税记录好的出口企业简化手续、缩短退税时间，全面推行无纸化退税申报，提高退税审核效率。★ 优化退税服务，帮助企业及时收集单证申报退税，尽快实现电子退库全联网全覆盖。鼓励外贸综合服务企业为中小企业代办退税服务。★ 进一步缩减退税时间。今年年底前，将办理退税平均时间由目前13个工作日缩短至10个工作日。对此，上海财经大学电子商务研究中心主任劳帼龄认为：“资金是成本，时间也是成本。从压缩通关时间、简化通关手续到完善出口退税政策、加快出口退税进度，这是整体降低通关成本的一套组合拳，对于外贸企业，尤其是中小企业而言，是相当大的利好。”值得注意的是，这是已经是年内中国第二次调高出口退税率。近两个月，国务院常务会议更是三次提及完善出口退税政策，加快出口退税进度。就在9月份，连续两次国务院常务会议都把“贸易便利化”作为主要议题。9月18日召开的国务院常务会议确定，今年将进一步降低进出口企业成本，完善出口退税政策，加快出口退税进度，降低出口查验率；将进口和出口整体通关时间、进出口监管证件再压减三分之一并降低通关费用；推进海关、边检、海事一次性联合检查和铁路运输货物无纸化通关。9月26日，国务院常务会议又做出加快通关便利化的决定。今年11月1日前将进出口环节需验核的监管证件从86种减至48种；10月底前由各地向社会公布当地口岸收费目录清单，清单之外不得收费；推动降低合规费用，年内集装箱进出口环节合规成本比去年降低100美元以上，沿海大港要有更大幅度降低。针对受中美贸易影响的企业，财政部部长刘昆10月7日表示，有局部地区、部分企业受到一定冲击，但中国有能力把冲击的影响缩到最小。对于受影响企业，财政部门已经制定了帮扶措施，包括协调解决企业在出口方面的问题，支持受影响企业内部转岗和技能培训等，帮助企业渡过难关。同时，为支持外贸出口，8月以来，出口退税进度明显加快。国家税务总局数据显示，上半年累计办理出口退税7800亿元，增长7.3%；1-8月，全国税务部门共办理出口退税10052亿元，同比增长9.5%；其中，8月份办理出口退税1198亿元，同比增长15.8%。商务部研究院国际市场研究所副所长白明表示，加快出口退税有利于缓解外贸企业巨大的外部压力。出口退税在性质上与补贴完全不同，后者不利于市场的公平竞争，而出口退税是为了避免双重征税，这正是公平竞争的要求。相较于部分产品被征收反补贴税，中国完全可以正大光明地通过出口退税来减轻外贸企业的负担。中国的出口退税水平在不断提高，当前低档退税商品越来越少，适当减少退税档是贸易便利化的要求。·  END ·来源：中国经济网本期编辑：武圣俊审   发：王禹（点击小程序卡片，跳转掌上船期小程序查看船东精品航线）]]></content>
  <author><![CDATA[中国航务周刊]]></author>
  <time>2018-10-10 17:52:09</time>
  <account><![CDATA[chinashippinggazette]]></account>
</data>
