<data>
  <id><![CDATA[51125945]]></id>
  <url><![CDATA[https://mp.weixin.qq.com/s?timestamp=1539596359&src=3&ver=1&signature=Egrj350GoKY8-KUcIJshbwB4veY6MC0Q0n9rj7uZW*aGQiq078Xifyt4uZ0qhwFK-tEeHTMLPAc05StJLZY5SdI9OZ*pkpBzlWkKvfPW3gHkzoRsCy2l7qr0SbR253*F5zcCoVJ46Q5oB95OxP7T-ejFwfqaqLGcglqDn1thVcY=]]></url>
  <title><![CDATA[不低于127.86亿元，上港集团拟出售“上海最高双子楼”]]></title>
  <content><![CDATA[上港集团表示，本次出售星外滩100%股权有利于进一步推进公司产业布局调整，回笼资金，有利于公司的实际经营。上海证券交易所官网截图10月11日晚间，上港集团(600018)披露公告称，公司拟以不低于127.86亿元的价格公开挂牌出售所持上海星外滩开发建设有限公司(以下简称“星外滩”)的100%股权。财务数据显示，星外滩2017年以及2018年上半年实现净利润均为亏损状态。公告显示，上港集团拟通过上海联合产权交易所以公开挂牌的方式一次性出售其所持星外滩的100%股权。据悉，上海星外滩开发建设有限公司所拥有的项目名称为星港国际中心，位于上海市虹口区提篮桥街道88街坊1/1丘，项目主体由两幢50层的办公楼和一体式商业裙房组成，地下2层与北侧地铁12号线提篮桥站、与西侧地铁19号线（规划中）无缝连接。该项目也被媒体称之为“上海最高双子楼”。“上海最高双子楼”效果图截至2018年6月30日，该在建项目已经完成结构封顶，目前仍在建设中，预计2019年3月31日工程竣工。财务数据显示，在2017年以及2018年上半年星外滩实现净利润分别约为-181万元以及-689万元。上港集团要从事港口相关业务， 在今年上半年上港集团实现归属净利润约为33.87亿元，同比微增0.41%。对于此次出售资产的目的及对公司的影响，上港集团表示，本次出售星外滩100%股权有利于进一步推进公司产业布局调整，回笼资金，有利于公司的实际经营。如交易顺利完成，预计本次出售股权(按照星外滩100%股权挂牌底价及其2018年6月30日财务数据计算)将增加公司合并财务报表投资收益约15.5亿元，归属于母公司股东的净利润约11.7亿元。·  END ·来源：北京商报本期编辑：贾敏审   发：王禹（点击小程序卡片，跳转掌上船期小程序查看船东精品航线）]]></content>
  <author><![CDATA[中国航务周刊]]></author>
  <time>2018-10-12 18:05:29</time>
  <account><![CDATA[chinashippinggazette]]></account>
</data>
