<data>
  <id><![CDATA[51125945]]></id>
  <url><![CDATA[https://mp.weixin.qq.com/s?timestamp=1539596359&src=3&ver=1&signature=Egrj350GoKY8-KUcIJshbwB4veY6MC0Q0n9rj7uZW*aGQiq078Xifyt4uZ0qhwFK-tEeHTMLPAc05StJLZY5SdI9OZ*pkpBzlWkKvfPW3gEI-afXIp4TNdhTklyeNK8C36LUK8MrpdpeoAU7fvHhm8wIDMpLVpVCU5pEkaDoHrE=]]></url>
  <title><![CDATA[5种船型价值明年将大幅增长，最高增幅56.4%]]></title>
  <content><![CDATA[数据显示，到2019年第三季度，10年船龄的巴拿马型集装箱船资产价值将达到1534万美元，相比2018年第三季度的981万美元增长56.4%，增速排在第一位。VesselsValue数据显示，预计5种船型的二手船价值将在2019年出现大幅增长，分别为10年船龄的巴拿马型集装箱船、5年船龄的巴拿马型集装箱船、灵便型散货船、阿芙拉型油轮和LR1油轮。数据显示，到2019年第三季度，10年船龄的巴拿马型集装箱船资产价值将达到1534万美元，相比2018年第三季度的981万美元增长56.4%，增速排在第一位。排在第二的是5年船龄的巴拿马型集装箱船。预计到2019年第三季度，5年船龄的巴拿马型集装箱船资产价值将从2018年第三季度的1775万美元，增长至2507万美元，增速为41.3%。排名第三的是灵便型散货船，预计未来12个月资产价值增长35.7%，从2018年第三季度的1940万美元增长至2632万美元。15年船龄的阿芙拉型油轮和15年船龄的LR1油轮资产价值未来一年的增速预计分别为35.2%和32.3%，增长至1282万美元和1004万美元。VesselsValue分析，预测航运资产价格的回升涉及很多因素，当前市场的强势反弹和期租率仅仅是部分因素。价值型投资者仍有大量机会以低于预期未来市场价值的价格收购优质旧资产。中国船东在灵便型船舶市场上占有相当大的份额，因为这种船型对国内沿海贸易至关重要。中国公司目前控制的灵便型船队占全球19.7%，这将使灵便型船东们的资产在未来一年内持续升值。·  END ·来源：海事服务网本期编辑：贾敏审   发：王禹（点击小程序卡片，跳转掌上船期小程序查看船东精品航线）]]></content>
  <author><![CDATA[中国航务周刊]]></author>
  <time>2018-10-12 18:05:29</time>
  <account><![CDATA[chinashippinggazette]]></account>
</data>
