<data>
  <id><![CDATA[51125945]]></id>
  <url><![CDATA[https://mp.weixin.qq.com/s?timestamp=1539596359&src=3&ver=1&signature=Egrj350GoKY8-KUcIJshbwB4veY6MC0Q0n9rj7uZW*aGQiq078Xifyt4uZ0qhwFK-tEeHTMLPAc05StJLZY5Scu3TgrP7HHR8vr8Bn1b5tBFEdxJDrIFxPFbBwc2ENdT3AGGfjsA9C8dTQB26PEqImsbPVmpfhW6cpFz0jhNMm8=]]></url>
  <title><![CDATA[【运费】10月份这些费用继续收！]]></title>
  <content><![CDATA[关于船公司价格费收，你最想知道的，你最该了解的，尽在《中国航务周刊》“运费”栏目，每周与你不见不散。马士基上调上海至地中海FAK目的港价格（美元）20英尺干货箱40英尺干货箱40英尺高箱巴塞罗那72513501350伊斯坦布尔Ambarli码头85013001300热那亚67512501250达飞收取GRR，调整拥堵附加费GRR从10月1日起，达飞收取印度西海岸至毛里求斯路易港、莫桑比克港口的费率恢复费（GRR），具体标准为：100美元/20英尺标准箱、200美元/40英尺标准箱，适用于干箱、超尺寸集装箱与件杂货。同时，还将从10月15日起，收取中国大陆地区、中国台湾、韩国、孟加拉以及东南亚至南非的GRR，具体标准为150美元/20英尺标准箱、300美元/40英尺标准箱，适用于干箱、冷藏箱、超尺寸集装箱与件杂货。此外，达飞还将从10月15日起，收取迪拜至西非各港口的GRR，具体标准为150美元/20英尺标准箱、300美元/40英尺标准箱，适用于干箱、冷藏箱、超尺寸集装箱与件杂货。从10月15日起，还将收取印度东海岸至莫桑比克GRR，具体标准为100美元/20英尺标准箱、200美元/40英尺标准箱，适用于干箱、冷藏箱、超尺寸集装箱与件杂货。港口拥堵附加费达飞从10月1日起，针对出口至科威特舒韦赫港（SHUWAIKH）的货物，收取港口拥堵附加费，标准为150美元/20英尺标准箱，美国出口至该港货物将从10月25日起收取该费用。此外，鉴于孟加拉国各港口拥堵情况的改善，港口拥堵附加费将从10月1日起取消收取。赫伯罗特收取Ocean Tariff rate，GRIOcean Tariff rate从10月1日起，赫伯罗特上调土耳其至东亚的Ocean Tariff rate，新标准如下：货物类型始发地/目的地价格（美元）20英尺标准箱40英尺标准箱干箱土耳其/东亚13501600冷藏箱土耳其/东亚19002200从10月20日起，赫伯罗特将上调巴西、阿根廷、乌拉圭和巴拉圭至北欧、南欧的（海洋关税税率）Ocean Tariff rate，新标准如下：始发港目的港价格（美元）20英尺标准箱40英尺标准箱布宜诺斯艾利斯、蒙得维的、伊塔普亚、纳维根特斯、桑托斯、里约热内卢、巴拉那瓜、里奥格兰德、萨尔瓦多安特卫普、鹿特丹、汉堡、勒阿弗尔、不来梅、伦敦门户港16002100瓦伦西亚、热那亚、巴萨罗那16002100GRI从10月14日起，赫伯罗特将上调哥伦比亚布韦那文图拉港（BUENAVENTURA）至加勒比各港口货物（干箱与冷藏箱）的综合费率上涨附加费（GRI），标准为50美元/20英尺标准箱、100美元/40英尺标准箱。万海航运收取tariff Bunker Charge对于通过西海岸港口进入美国西海岸或内陆目的地的货物收取标准为：20英尺集装箱40英尺集装箱（除高箱）40英尺高箱45英尺集装箱295370415470单位：美元对于从美国西海岸港口运至远东地区货物，收取标准为：20英尺集装箱40英尺集装箱（除高箱）40英尺高箱45英尺集装箱390490490550单位：美元·  END ·本期编辑：Grace审   发：王禹]]></content>
  <author><![CDATA[中国航务周刊]]></author>
  <time>2018-10-07 17:00:00</time>
  <account><![CDATA[chinashippinggazette]]></account>
</data>
