<data>
  <id><![CDATA[51125945]]></id>
  <url><![CDATA[https://mp.weixin.qq.com/s?timestamp=1539596359&src=3&ver=1&signature=Egrj350GoKY8-KUcIJshbwB4veY6MC0Q0n9rj7uZW*aGQiq078Xifyt4uZ0qhwFK-tEeHTMLPAc05StJLZY5SbOVbczdeohakRbfkd81XDRuAwRyYZLd153q3dcVHRzy4pMh-IU8-E3JX2*6X1Ci*1TakGGmVVFgG8M7-cu-qMw=]]></url>
  <title><![CDATA[这家集装箱码头10月15日起上调港口作业包干费]]></title>
  <content><![CDATA[津唐国际集装箱码头有限公司日前发布通知称，将自今年10月15日零时起，上调港口作业包干费收费标准。津唐国际集装箱码头有限公司表示，鉴于油价持续上涨，码头生产成本不断上升，为促进公司业务的健康发展，将调整港口作业包干费标准。具体标准为：1、港口作业包干费（内贸重箱辅助装卸作业环节）在原费率的基础上，上调10元/20英尺、20元/40英尺。调整后的内贸重箱辅助装卸作业环节收费标准为：80元/20英尺、160元/40英尺。2、港口作业包干费（吊装作业环节）在原费率基础上，空箱上调10元/20英尺、20元/40英尺，重箱上调15元/20英尺、30元/40英尺。调整后的吊装作业环节收费标准为：空箱46.80元/20英尺、83元/40英尺；重箱83.60元/20英尺、146元/40英尺。津唐国际集装箱码头有限公司于2016年12月27日成立，由唐山港集团、天津港集团合资组建，注册资金5亿元，由唐山港集团控股。公司主要整合天津港、唐山港集装箱运输软硬件资源，在集装箱装卸、运输、仓储的基础上，重点发展分拨、配送、信息、贸易、保税等集装箱全程物流服务，不断统筹、优化内外贸航线及业务网点布局，实现两港之间的集装箱资源统筹和航线共享。·  END ·本期编辑：文其审   发：王禹（点击小程序卡片，跳转掌上船期小程序查看船东精品航线）]]></content>
  <author><![CDATA[中国航务周刊]]></author>
  <time>2018-10-08 17:31:09</time>
  <account><![CDATA[chinashippinggazette]]></account>
</data>
