<data>
  <id><![CDATA[51125945]]></id>
  <url><![CDATA[https://mp.weixin.qq.com/s?timestamp=1539596359&src=3&ver=1&signature=Egrj350GoKY8-KUcIJshbwB4veY6MC0Q0n9rj7uZW*aGQiq078Xifyt4uZ0qhwFK-tEeHTMLPAc05StJLZY5SdI9OZ*pkpBzlWkKvfPW3gGG8cfVhpyQRo76ZeAKbAohJRJ0U26wiJZeH9ia3RiyzxetGMv49QVCyYRhw-FvbRQ=]]></url>
  <title><![CDATA[集卡运费酝酿上涨，最新涨幅已出炉！]]></title>
  <content><![CDATA[面对运输成本不断上涨，已有车队货运公司率先行动，发出运价调整通知，调整幅度为10%。关于运费低问题，一直都是车队司机们的心头病。今年以来，由于油价、以及各种其他费用的不断上涨。运输成本不断上升，可是运费涨了吗？并没有！！据悉，目前各车队都有涨价迫切需求，集卡己无利润可言。有的车队已经到了跑车不如停车亏得少的境地，车队已经逐渐在停车，有些车队已经开始拒接货代的订单。不久前，上海、宁波等主要港口地区交通运输协会集装箱运输分会，纷纷发布了“关于促进集装箱运输行业稳定可持续发展通知”。建议各单位根据自身经营能力，制定合理运价，并争取合同客户的理解、支持。上海市宁波市日前，宁波市道路运输管理局又召开了关于集卡行业健康稳定发展座谈会。可见集卡行业稳定发展问题刻不容缓。新的一波集卡运费涨价在即，已有车队货运公司率先行动，发出运价调整通知，调整幅度10%。·  END ·来源：维运网本期编辑：贾敏审   发：王禹（点击小程序卡片，跳转掌上船期小程序查看船东精品航线）]]></content>
  <author><![CDATA[中国航务周刊]]></author>
  <time>2018-10-12 18:05:29</time>
  <account><![CDATA[chinashippinggazette]]></account>
</data>
