<data>
  <id><![CDATA[51125945]]></id>
  <url><![CDATA[https://mp.weixin.qq.com/s?timestamp=1539596359&src=3&ver=1&signature=Egrj350GoKY8-KUcIJshbwB4veY6MC0Q0n9rj7uZW*aGQiq078Xifyt4uZ0qhwFK-tEeHTMLPAc05StJLZY5SZ-iMfjtnVclQ1Nj3tAgeNSHoZLRpzfLrqKxp34tOxvkJnSewJAYYXBNMKLjm4aBGC2*-Vh2d6i5rujgn1u1jxk=]]></url>
  <title><![CDATA[【关注ISEA】江苏航威云物流股份有限公司]]></title>
  <content><![CDATA[江苏航威云物流股份有限公司，注册资金为3075万元人民币整，新三板挂牌企业，股票代码839524。总部设在 “博爱之都”南京，并在长江流域设立10多家分支机构和业务网点。公司资质1.   ISO9001和ISO14000质量体系认证，为公司内控管理保驾护航；2.  新三板挂牌企业，资金风险可控，企业规范运作；3.  重合同守信用企业，具有良好的契约精神；4.  明星科技型物流企业，政策扶持，创新力强；5.  优秀报关行，提供通畅的清关服务；6.  资质齐全，《无船承运人资质证书》、《FMC备案 (NVOCC BOND &.C3 BOND)》《水路运输许可证》、《公路运输许可证》等；7.  WIFFA“国际货代联合会”江苏分会会长单位；CILP“中国国际物流网络联盟”南京口岸主席单位；ISEA“国际航运企业联盟”创始会员；SAIL“国际物流商供应联盟”核心会员；SIFFA“上海市国际货运代理行业协会”江苏会员单位。主营业务1.“长江支线驳船平台”公司经营长江外贸集装箱内支线驳船，跟各船公司签有CCA协议，提供长江中下游到上海的驳船接转服务，外港/洋山实现天天班。2.“长江支线订舱平台”公司跟各船公司签有订舱协议，直接向船公司订舱。拥有良好的运价渠道、完全自控的订舱系统以及先进的船货跟踪系统，可以提供询价、拖车、报关、仓库装箱拆箱、代订舱、代结算等各项服务。3.“现代物流企业联盟”围绕“诚信、创新、融合、共享”的企业宗旨，公司致力于打造中小物流企业的共享平台，希望与志同道合的兄弟公司资源共享、互利互惠、抱团发光。4.“航威云系统”公司有专业的IT研发运营维护团队，致力于打造企业版的云平台。拥有8项自主研发的软件著作权。1）电子订舱系统，安全、高效、快捷的订舱处理系统，通过EDI数据传输，实现一键订舱功能。2）船货跟踪系统，先进的节点查询和信息推送功能，第一时间将船货信息传递给客户，实现船、货、港无缝对接。3）运价查询系统，专业的运价维护团队提供精准、实用、有效的运价信息，特价信息一网打尽。4）产品集群，专业的产品经理全力打造各项订制产品，比如航线约价、拼箱、空运、FBA、国际搬家、供应链管理解决方案、国际铁路、国内铁路专项产品、冷链、供应链金融产品等。·  END ·本期编辑：贾敏审   发：王禹（点击小程序卡片，跳转掌上船期小程序查看船东精品航线）]]></content>
  <author><![CDATA[中国航务周刊]]></author>
  <time>2018-10-11 17:36:07</time>
  <account><![CDATA[chinashippinggazette]]></account>
</data>
