<data>
  <id><![CDATA[51125945]]></id>
  <url><![CDATA[https://mp.weixin.qq.com/s?timestamp=1539596359&src=3&ver=1&signature=Egrj350GoKY8-KUcIJshbwB4veY6MC0Q0n9rj7uZW*aGQiq078Xifyt4uZ0qhwFK-tEeHTMLPAc05StJLZY5SZM6ezXrEsLzgIbIKGpd1y1csPJSlbVCDAJD--rtNNV53AHEG1HU9F3zbxRkatG9zjpLkNvzmsYa7Zom239NqXE=]]></url>
  <title><![CDATA[诚毅勤勉，厦门联代获“最受船东欢迎船代企业”奖]]></title>
  <content><![CDATA[在“中国航务周刊&界上传媒成立25周年庆典暨第十五届中国货运业‘金轮奖’颁奖晚会”上，厦门联合国际船舶代理有限公司荣获“最受船东欢迎的船舶代理企业”奖。此次厦门联合国际船舶代理有限公司获此殊荣，表明公司的代理服务理念，公司依托独立自主开发的业务管理系统和电子商务平台，实现电子订舱、在线放箱、电子提单、在线结算、在线开具电子发票等全流程在线化操作，得到了业内专家、客户、机构一致的高度评价和充分肯定。厦门联代目前拥有多年从事海运和国际船舶代理的专业人才团队，是厦门港优秀的公共国际船舶代理企业，更是客户值得信赖的合作伙伴！关于我们多年来，公司依托厦门，紧随世界经济一体化的步伐，在传统的船舶代理行业开拓创新。不但提供集装箱船代理业务，而且开设综合业务部，负责散杂货船的代理业务，同时成立了两家全资子公司厦门联合货柜服务有限公司和联合协同供应链管理有限公司，前者经营堆场业务，后者提供线上线下全链条的物流服务，共同竭诚为客户提供“安全、快速、便利、周到”的全方位、全天候、全过程的服务。目前，与全球20强班轮公司、上千家货主企业及广大物流供应商建立了密切的业务关系，与厦门港各港航单位、联检单位也建立了和谐互信的良好合作关系。厦门联代每年平均代理2000次以上的船舶航行，集装箱处理总量超过120万个标箱，各项指标在厦门港公共船舶代理企业中名列前茅。关于我们的服务联代时刻关注客户需求，不断调整解决方案，不断增强行动力，落实跟进每一项细节执行到位，时刻秉承Customer First！★ 全天候的7x24小时服务船舶调度中心实行7x24小时在岗制度，船舶服务从上一港开始，到下一港结束。★ 快速高效的应急服务船舶服务中心定期进行模拟推演，以便快速高效处理突发事件。事先制定处置方案，事中积极协调，进行有效的服务，事后善于总结教训，积累经验，优化服务。★ 全面周到的个性化服务船舶服务中心全面考察客户需求，充分结合实操经验，为客户量身定制SOP★ KPI保障的高品质服务公司将船东的KPI纳入员工考核，量化指标。船勤与相关口岸、机关高效沟通，减少船舶待时，保证班轮准班率，并定期进行船长满意度调查以获得反馈，提高服务质量。联代代理船舶全年平均待时数值，低于厦门港全港平均值。★ 高效准确的一站式平台服务设立专门的服务小组，实时在线跟踪货物和船舶的可视化动态，为客户提供定制化的电子商务解决方案，帮助客户提升效率，节省成本。厦门联代将继续恪守“客户至上，信誉第一”的服务宗旨，弘扬“诚毅勤勉、激扬至善”的企业文化，以注重细节服务为理念，全力维护委托方的利益，努力为客户实现增值服务，与您携手共创美好未来！·  END ·本期编辑：武圣俊审   发：王禹（点击小程序卡片，跳转掌上船期小程序查看船东精品航线）]]></content>
  <author><![CDATA[中国航务周刊]]></author>
  <time>2018-10-10 17:52:09</time>
  <account><![CDATA[chinashippinggazette]]></account>
</data>
