<data>
  <id><![CDATA[51125945]]></id>
  <url><![CDATA[https://mp.weixin.qq.com/s?timestamp=1539596359&src=3&ver=1&signature=Egrj350GoKY8-KUcIJshbwB4veY6MC0Q0n9rj7uZW*aGQiq078Xifyt4uZ0qhwFK-tEeHTMLPAc05StJLZY5SbOVbczdeohakRbfkd81XDRzqH6aOv6i8gDGexeTOYa6x4g2b6yxcC3loX4tkV3LXyA22vnBcLRA84lkm*Bg9r4=]]></url>
  <title><![CDATA[为未婚妻抛漂流瓶的中国海员找到了，可惜结局令人心酸]]></title>
  <content><![CDATA[大约2个月前，澳大利亚昆士兰州一对夫妇在圣灵群岛艾利海滩上发现一个被各种贝壳包裹的漂流瓶，瓶子里装着一封信。这是一封船员写给未婚妻的情书，许多民众深受感动，纷纷展开“寻人活动”，但最终的结局却令人心酸。据《布里斯本时报》网站报道，有自称是海员朋友的人联系到了丹尼尔·麦克纳利和妻子凯特，三人之间持续传递讯息。麦克纳利今年8月8日在艾利海滩上捡到了一个来自印度洋的漂流瓶，里面有一封中国海员写的信：我是一名海员，现在正在印度洋上正在航行，心里很思念家中的未婚妻，刚订婚不久我就出海了，心里感觉很对不起她，借着漂流瓶把心中的话写出来。希望我回去以后，能跟晨静和和美美，长长久久。其实呢，瓶子在深海中，也不奢侈有人能捡到打开，只是求一个心里的安慰。凯特试图找到信中的这对情侣。通过社交媒体，这封信被多达1500万人读过。事后，有网友与凯特联系，指出他的朋友就是写这封信的人。凯特称：”我从没想过能这么快找到，我一开始是想找到船员的未婚妻，告诉她，她有一名很棒的未婚夫。”但令人难过的是，这名海员和他的未婚妻并未真正修成正果，女方已与另一名男子结婚，有了自己的家庭。凯特表示：“虽然这个男人的爱情没有成功，但我真的很尊敬他。我第一次读这封信的时候哭了，现在每读一次都还是会心潮起伏。我真的希望他能找到一个好女孩，这是一段关于找到爱，却又弄丢爱的故事，而这份爱又一路漂到圣灵群岛。”·  END ·来源：中国日报网本期编辑：文其审   发：王禹（点击小程序卡片，跳转掌上船期小程序查看船东精品航线）]]></content>
  <author><![CDATA[中国航务周刊]]></author>
  <time>2018-10-08 17:31:09</time>
  <account><![CDATA[chinashippinggazette]]></account>
</data>
