<data>
  <id><![CDATA[51125945]]></id>
  <url><![CDATA[https://mp.weixin.qq.com/s?timestamp=1539596359&src=3&ver=1&signature=Egrj350GoKY8-KUcIJshbwB4veY6MC0Q0n9rj7uZW*aGQiq078Xifyt4uZ0qhwFK-tEeHTMLPAc05StJLZY5SdI9OZ*pkpBzlWkKvfPW3gFG5lraa4JQNIlcKLqCdcQ2JYgTkM*LjEuPk6XgJ*-uRUoYmB19IYCBeob9sCgZNqU=]]></url>
  <title><![CDATA[遇股灾损失大半身家，他却用5年当上世界船王，并让李嘉诚打来求援电话]]></title>
  <content><![CDATA[股灾来临不可怕，可怕的是失去信心。股市风波险。10月10日，美股市场遭遇“黑色星期三”，纽约股市三大股指大幅收跌，其中道琼斯工业指数下挫超过830点。亚太股市追随美股暴跌，香港恒生指数暴跌了926.7点或3054%，日经指数下跌了3.89%，台湾加权指数下跌了6.22%……10月11日，沪指一天之内击穿2600点整数关口，三大股指盘中一度集体跌超6%，沪指尾盘时略有回升。截至收盘，沪指报2583.46点，跌幅5.22%，深成指报7524.09点，跌幅6.07%，创业板指报1261.88点，跌幅6.30%。两市超千股跌停，航运港口股也未能幸免。一旦大风浪来临，好像世界都会毁灭。到了这个时候，不能指望救世主，也不会有什么神仙皇帝。想真正走出一条路，只能靠我们自己，坚定信心披荆斩棘。纵观历史上每次股灾，都有所谓的幸运儿脱颖而出，“一日乘风起，扶摇九万里”。可询问他们的诀窍，不外乎坚定的信念与执着的努力。在香港，就有这样一位老人，经历过香港1973年股灾，还奇迹般地在身家大半化为乌有之后，重新崛起，坐上世界船王宝座。他就是身在香港的世界船王包玉刚。他在经历股灾之后的故事，颇具传奇色彩。资本造就香港船王包玉刚1955年进入航运业，在此之前，他做了10年的银行经理，有着丰富的资本运作经验。包玉刚后来的成功，大部分都跟他熟悉资本运作有关。他是香港船东中第一个签署长期租船协议的，也是第一个抵押贷款的，更是第一个把船公司包装上市的。包玉刚一直小心翼翼地参与航运经营，并利用自己熟悉金融的优势，加速公司发展。上世纪60年代，包玉刚正好赶上了日本航运业的发展机会。在日本造船能力飞速提升、价格却只有西方船厂1/3的情况下，日本企业名下船舶因为战败国身份，不能悬挂日本国旗，这使得很多日企并不购买船舶，转而租赁船舶。这个机会让包玉刚彻底腾飞。之后他用赚来的钱在资本市场上纵横捭阖，搭建自己的根基。1965年，他收购的会德丰洋行旗下两家上市公司，成为包玉刚组建船队最有力的帮手和融资平台。在两家上市企业中，1963年上市的隆丰国际体量较小，而1948年上市的亚洲航业，在包玉刚的资本体系中，占据最核心的地位。而到了1972年年底，他通过17年的不懈努力，从一艘不到8000吨的二手旧船开始，逐渐建成一个拥有57艘轮船，总吨位达960万吨的远洋船队，与董浩云的东方海外不相上下，时人称之为“香港两大船王”。包玉刚第一艘船“金安”号一夜股灾来1972年，借着中美会谈、尼克松访华、中日邦交正常化等国际大背景，香港股市万马奔腾，高潮迭起。到了1973年，港府宣布兴建地铁，各上市公司相继派息并大送红利。加之西方金融继续动荡，香港股市更加狂热，宛若遍地黄金。在“只要股票不要钞票”的观念刺激下，香港市民一窝蜂抢购股票，一路高歌的股价，已远远脱离了公司的实际盈利水平。1973年，香港股票市场爆发“假股票案”，市场出现假冒合和实业股票，股民担心所持股票成为废纸，市场一片恐慌。而4月4日，税务局突然在各大报章刊登“买卖股票之盈利须纳资本增值税”，人心更加不安。再加上西方经济危机导引和石油危机影响扩散，恒生指数从1973年4月10日起，疯狂下挫。1973年香港股灾爆发这次股指下挫持续了21个月，直到1974年12月10日，恒生指数下跌至150.11点，方才走出阴影，开始上涨。此次股灾跌幅达91.54%，恒生指数在股灾结束后，只达到1969年的水平。这场股灾造成两个大问题，一是部分银行因为将储户的资金贷出给上市公司，而上市公司用资金购买其他公司股票交叉持股，所以股灾一来，部分银行遭受挤兑，被迫关门；另一个是很多优质上市企业因为现金流枯竭，被迫裁员，甚至倒闭。包玉刚也不例外。他的合作银行中有一家在此次股灾风波中倒闭，而他旗下两家上市公司绝大部分现金也是用来投资，购买其他公司股份。那次股灾，让包家的资产缩水一多半。严重的时候，甚至包玉刚亲自跑到汇丰银行，用人情借款才给员工发出工资。包玉刚子女后来回忆，有一天秘书来电话，怎么也找不到包玉刚。他们发了疯的出去找，最后在九龙仓码头找到了他。包玉刚当时呆呆的坐在那里，两眼无神，望着海面上来往的商船。好在他在几夜无眠后，又从新打起精神。这时候，静下心来的包玉刚发现，也许此次股灾对他和他的环球海运公司可能是一个巨大的机会。毕竟很多经营船舶业务的上市企业倒闭或濒临清盘，这时候只要一点资金注入，就能盘活他们剩下的资产。而由于专业性太强，当时几乎没有债权人愿意收纳，这些被债权人剥离的资产，价格便宜得令人难以置信。船队在手又何惧看到机会得包玉刚，感觉自己又活过来了。他在熟悉的几家银行奔走商量，以这些还没有被他收购的船舶作为授信抵押目标，从汇丰等三家银行获得超过1亿港元的授信。之后，他用这些授信，从债权人手中拿到这部分船舶资产，再将资产打包提供银行办理抵押手续。他用自己十几年来的良好信誉，做成了这笔号称香港有史以来最大规模的生意。之后，他通过改装、出租和自营的方式，将此次获取的船舶资产盘活，并投放在欧洲航线，成为亚洲船东经营欧洲航线的第一人。在此次银团抵押操作中，为了给银团担保，包玉刚又找到日本外贸企业，签订3年低价租船契约，用这些契约到日本银行开具信用证，再将这些信用证提供给香港银团，作为此次抵押贷款的反担保措施。同时，因为获取船舶价格低廉，他提供给日本企业的船舶租金也比市场价格低了30%，促使短时间内就完成船舶租赁。这次几乎空手套白狼的操作，一箭三雕，还建立了包玉刚在船舶租赁领域的地位。3年后，包玉刚旗下船队的船舶总吨位突破1500万吨，5年后达到2100万吨，成为名副其实的“世界船王”。撒切尔夫人主导授予包玉刚爵士爵位后来，有记者采访包玉刚，询问其登顶世界船王的秘诀。包玉刚说，哪有什么秘诀，就是在别人不敢进入的市场，勇敢进入；在别人都哀鸿遍野疯狂出逃的时候，坚定信心，咬紧牙关。在采访的最后，包玉刚有句话意味深长：“不管我的财产增加还是减少，现在我只要船队在手，就不会害怕。”李嘉诚的求援电话让包玉刚的名字在香港响彻云天的，是1978年李嘉诚的求援，包玉刚出手勇夺九龙仓事件。那时候，包玉刚刚刚将旗下的船舶资产整合完成，形成一个世界第一规模的船队。九龙仓地区改造计划，实际上李嘉诚已经关注了很久，并制定了相关规划。但是，此处土地一直属于英资的怡和洋行。李嘉诚用资本从二级市场分散购买，也不过用很大代价获得了接近20%的股份。这时候怡和已经反应过来，九龙仓的股价迅速推高。李嘉诚发现，以自己的财力无法购买到超过51%的股份，但他又不想白白便宜英资企业，就想到刚刚登顶世界船王的包玉刚。接到李嘉诚的电话后，包玉刚还有些不敢置信。九龙仓码头货仓对包玉刚船队发展非常有利他，而附带的物业和商场，能为包玉刚的资本巨轮提供强大动力。1978年8月27日下午，李嘉诚与包玉刚在中环的文华酒店会晤。根据《包玉刚传》中的记载，当时“经过简短的寒暄，李嘉诚即开门见山地表达了想把手中拥有的九龙仓1000万股转让给包玉刚的意思”。李嘉诚与包玉刚因九龙仓一事成为挚友包玉刚很清楚，这是一个两者受益的双赢格局。李嘉诚出让股票，获得溢价千万港元的收入，同时还能通过包玉刚，从汇丰银行买下和记黄埔最后部分股权，成为和记黄埔的控股股东。而包玉刚也会梦寐以求拿到九龙仓的土地。于是，一个决定英资企业命运的历史性协议，在当时香港两位华人商业巨子的低声细语中顺利达成。最终结果是，他们都如愿以偿。这场被后来奉为传奇的“联手”，使得英资在香港的势力格局渐成溃败之势。而李嘉诚与包玉刚，作为新兴的华商领头羊，正式登上历史舞台。有记者在上世纪80年代采访包玉刚，谈及他最刻骨铭心的商战，包玉刚出人意料的没有提及九龙仓，而是谈起1973年的那场股灾。他说他很感谢那次几乎让自己清零的股灾。因为在他看来，馅饼的前面永远是陷阱，灾难的旁边一定有机会。老天爷是不会把所有的门都关死的。那次股灾，把他推上了一个新平台，逼出了他最大的能量，这才有了后来的“世界船王”。包玉刚经常说，不要指望最好的市场，而是要坚定信心做最好的自己。“因为只有这样，你才能立于不败之地。”·  END ·本期编辑：贾敏审   发：王禹]]></content>
  <author><![CDATA[中国航务周刊]]></author>
  <time>2018-10-12 18:05:29</time>
  <account><![CDATA[chinashippinggazette]]></account>
</data>
