<data>
  <id><![CDATA[51125945]]></id>
  <url><![CDATA[https://mp.weixin.qq.com/s?timestamp=1539596359&src=3&ver=1&signature=Egrj350GoKY8-KUcIJshbwB4veY6MC0Q0n9rj7uZW*aGQiq078Xifyt4uZ0qhwFK-tEeHTMLPAc05StJLZY5SbOVbczdeohakRbfkd81XDScywmQdygZc83QGCuLu1zpzjQDk-wt1srvcWkeBoVTnC-yyoOaI7Ofv9R1sp*ezs8=]]></url>
  <title><![CDATA[盐田国际获“金轮奖”两项大奖]]></title>
  <content><![CDATA[9月20日，有航运业“奥斯卡”之称的第十五届中国货运业“金轮奖”，在上海三至喜来登酒店隆重颁发。盐田国际集装箱码头(以下简称盐田国际)获得“综合服务十佳集装箱码头”和“最佳服务效率集装箱码头”两项大奖。盐田国际地处深圳东部，是华南地区的天然深水良港，也是中国进出口贸易的重要门户。盐田国际是和记港口信托的下属机构。和记港口信托是全球首个在新加坡上市的集装箱码头商业信托。盐田国际同时也是和记港口环球网络的一员，与其旗下港口及物流成员共享集团资源。凭借着天然深水泊位条件，超大型船舶服务能力，综合性的临港仓储及疏港服务，盐田国际已发展成为全球最繁忙的集装箱码头之一。盐田国际拥有华南地区最密集的码头资源，包括417公顷码头面积，20个大型集装箱深水泊位，配备85台岸吊，可同时靠泊4艘超20000标箱的超大型船舶，操作效率达世界先进水平。目前，盐田国际与全球约40家大型船公司紧密合作，提供每周约100条国际航线。全球80%以上的大型和超大型集装箱船，均挂靠盐田港，18000标箱以上超大型船舶100%前来靠泊。自开港以来，盐田国际吞吐量持续攀升。2013年1月迎来第1亿个标箱，吞吐量连续8年突破千万标箱。2017年，盐田国际吞吐量突破1270万标箱，再创新高。盐田国际利用现代科技，革新码头技术，升级码头管理系统，推动建设自动闸和岸电等绿色智能项目，在不断提升效率的同时，推动码头的可持续发展，打造智能、绿色的世界级大港。·  END ·本期编辑：文其审   发：王禹（点击小程序卡片，跳转掌上船期小程序查看船东精品航线）]]></content>
  <author><![CDATA[中国航务周刊]]></author>
  <time>2018-10-08 17:31:09</time>
  <account><![CDATA[chinashippinggazette]]></account>
</data>
