<data>
  <id><![CDATA[51125945]]></id>
  <url><![CDATA[https://mp.weixin.qq.com/s?timestamp=1539596359&src=3&ver=1&signature=Egrj350GoKY8-KUcIJshbwB4veY6MC0Q0n9rj7uZW*aGQiq078Xifyt4uZ0qhwFK-tEeHTMLPAc05StJLZY5SaoHv*GE11El5xVrdv9FdeHOX6tYxiEORXtmQ5HscWqBxAET5Fg6c-KY8u1vdp7WU7FCAESv0zYMxXpxuwefb1A=]]></url>
  <title><![CDATA[中远海运集运或将引入新燃油费、征收燃油附加费等，应对新增燃油成本]]></title>
  <content><![CDATA[10月9日，中远海运集运发布公告称，将从2019年开始，通过引入新燃油费、征收附加费、调整运费水平等方式，合理体现新增燃油成本，确保客户服务体验。根据国际海事组织（IMO）的限硫决议，2020年1月1日起，除安装废气清洗装置的船舶外，全球船舶均须使用硫含量低于0.5% m/m的清洁燃油。中远海运集运表示，为应对这一环保新规，目前可能采取的合规措施，包括采用符合标准的低硫燃油，安装脱硫塔装置,对船舶进行改造,使用LNG清洁能源等。其同时表示，随着对限硫工作的深入研究，不排除会选择其他更好的解决方案。中远海运集运认为，无论采取何种应对措施，燃油相关成本的上涨都将不可避免，船公司无力单独承担。目前，该公司已开始对部分船舶进行改造，并逐步引入符合标准的低硫油。这意味着从2019年开始，公司的燃油构成及相关成本将发生变化。据了解，中远海运集运将根据各航区耗油情况、高硫及低硫不同油品的占比情况、船舶装载情况等综合因素，通过引入新燃油费、征收附加费、调整运费水平等方式，合理体现新增燃油成本，以确保行业的健康发展，确保客户良好的服务体验。为帮助客户更好地理解燃油费变化趋势，中远海运集运也将加强与客户的沟通，主动告知相关背景及燃油成本增加逻辑。航运业即将面临的全球限硫令，将带来巨大的额外成本。对于全行业而言，有预测称，全球航运业的额外燃油成本每年将达150亿美元。具体到大型航运企业，每年将增加数十亿美元的额外成本。为此，马士基航运已于9月17日宣布，将于2019年1月1日正式实施新的燃油附加费标准。马士基航运透露，新燃油附加费涉及到两个要素，即根据全球主要加油港平均燃油价格所计算出的燃油价格，以及反映某一航线平均燃油消耗的因素，例如航行时间、燃油效率、往返航程的货量不平衡等。之后不久，地中海航运和达飞集团也分别发布通知表示，将推出新的燃油附加费标准。不过两家公司均为公布新燃油附加费标准的具体细则。截至目前，已有多家大型班轮公司调整燃油附加费标准，未来或有更多企业宣布类似计划。·  END ·本期编辑：武圣俊审   发：王禹]]></content>
  <author><![CDATA[中国航务周刊]]></author>
  <time>2018-10-09 16:53:19</time>
  <account><![CDATA[chinashippinggazette]]></account>
</data>
