<data>
  <id><![CDATA[51125945]]></id>
  <url><![CDATA[https://mp.weixin.qq.com/s?timestamp=1539596359&src=3&ver=1&signature=Egrj350GoKY8-KUcIJshbwB4veY6MC0Q0n9rj7uZW*aGQiq078Xifyt4uZ0qhwFK-tEeHTMLPAc05StJLZY5SbOVbczdeohakRbfkd81XDSIysTXQrawyZ0cmlaVtwFU7lUvsgNxr1130cUhic7bW5nk5f9rfgYPvwdLiKwgIbM=]]></url>
  <title><![CDATA[奇闻！ERATO轮撞上ERATO轮]]></title>
  <content><![CDATA[今年的航运事故似乎特别多，近期发生的一起船舶相撞事故，更是令人匪夷所思，因为相撞的两艘船舶竟然同名！集装箱船“ERATO”轮当地时间9月29日下午，希腊比埃雷夫斯港锚地，一艘名为ERATO的油轮（希腊船旗，船长约为105米，船宽约为16米），与另外一艘同样锚泊于该锚地的集装箱船ERATO（利比里亚船旗，船长约为209米，船宽30米）发生碰撞。据了解，TANKER ERATO实际上为一艘加油船，在给CONTAINER SHIP ERATO加油靠泊带缆时，发生了碰撞。碰撞中，两船均受到了一定的损伤，好在并不严重，也没有人员伤亡和污染情况的发生。此外，10月3日上午8时左右，在台湾高雄港海域，一艘集装箱船“盈海”轮因船体破损严重进水，已于澎湖七美岛西南方约29里公海处沉没！“盈海”轮由于船上集装箱落水，并漂流于海面上，台湾相关部门已发布通知，提醒过往船舶注意漂流集装箱，以保证航行安全！日前在靠近科西嘉半岛北部的地中海水域，也发生了一起事故。名为“Ulysse”的突尼斯籍渡轮，撞上了锚泊在距离岸边约18海里的集装箱船“CSL Virginia”，导致这艘空载的集装箱船船体破裂，渡轮也受损。目前，来自意大利、法国和摩纳哥的应急人员正在协调处理一条绵延长达2.5海里的污染带，可以确定这是溢漏燃油造成的。·  END ·来源：综合搜航网、航海人本期编辑：文其审   发：王禹（点击小程序卡片，跳转掌上船期小程序查看船东精品航线）]]></content>
  <author><![CDATA[中国航务周刊]]></author>
  <time>2018-10-08 17:31:09</time>
  <account><![CDATA[chinashippinggazette]]></account>
</data>
