<data>
  <id><![CDATA[50548891]]></id>
  <url><![CDATA[https://mp.weixin.qq.com/s?timestamp=1539596592&src=3&ver=1&signature=Egrj350GoKY8-KUcIJshb1RCmmwlKA5qul1b1SWKEQAaqmvn7xkJruGAvDUxDLT78HF7WrzGe7DaddR00fwssL3uxfKuSd2*iFYtXpgY0kBtyd53qJbPzEKx*eyH6riWlQlTnXhRioEzaGZ*lov6Y77ZCCnTQTzH3ByfBi9gang=]]></url>
  <title><![CDATA[我的“三支一扶”志愿工作心得]]></title>
  <content><![CDATA[三年前我从学校毕业后，面对这个现实的社会，我找不到目标，在同学的推荐下，我参加了“三支一扶”志愿者工作，经过最初的审核、考试、培训后，我就以这样一种方式踏入了社会，踏入了服务基层、服务人民的崭新旅程，国家给了我一个锻炼自己的机会，怀着服务于基层，将汗水挥洒在基层的信念，开始了我的支医工作。同时，作为一名青年“三支一扶”志愿者我感到我是光荣的，能参与到国家现代化建设的进程中我是荣幸的。时代呼唤使命担当，青年奋发图强，我为人民服务的初心由此揭开序幕。当我怀着满腔热情来到我的服务单位，孟村县高寨镇卫生院时，看到眼前的工作环境，内心还是有一种失落感存在的，但是既来之则安之，当我踏入单位大门的那一刻起，这一切随之淡化，同事们对我都很热情，领导对我的到来也是满心欢喜，就这样，一种集体荣誉感，使我更加坚定了我当初的信仰，扎根基层，服务基层，像当初习主席那样，在七年的知情岁月中，磨练自己，充实自己，洒下理想的种子。发挥好自己的优势，为基层卫生事业贡献自己的一份力量。在工作中，我尽快进入工作状态，坚持以学促练，加强理论学习的同时抓住机会在实践中运用，不断增强自己的业务能力，将日常工作中遇到的难题，记录下来，去查阅相关资料，学懂压实，及时向同事进行请教学习，不断听取老前辈的工作经验，取长补短，提高自己的工作水平。面对不同的问诊群体时，灵活掌握工作方法，就拿到村里为老年人进行健康查体来说，农民朋友群体意识薄弱，组织观念不强，若要他们配合工作，就要学会动脑子，灵活办事，才能调动他们的积极性并主动接受参与。其次，要注意态度热情、懂得换位思考，“金杯银杯不如老百姓的口碑”,病人本因疾病与身体的不适，心情乃至身体已受到损害，自然会影响到其问诊态度，他们把我们当成了他们的救命稻草，所以，我们应该懂得推己及人，耐心的去为他们服务，每当有病人来看病或咨询时，我都会换个角度把自己当成是一名求助者，只有这样才能想病人之所想，急病人之所急，才会有的放矢的去为他们解决问题。有时候一个微笑、一句“你好”都是与病人沟通的桥梁。青年人，作为国家的中坚力量，社会主义的接班人，应常怀家国情怀，常思己任，“得其大者可以兼其小”，我们应该把人生的理想融入到国家和民族的事业当中，以国家富强、人民幸福为己任，开拓进取，成就一番事业。坚持蓄能量前行，求真学问，练真本领，不断学习，艰苦奋斗，勇于创新，实干兴邦。“人才有高下，知物由学”梦想从学习开始，事业靠本领成就，躬身实践，知行合一；对想做爱做的事敢试敢为，把理想变为现实，敢于做先锋，而不做过客看客，敢于有梦，勇于追梦，勤于圆梦。宰相必起于州部，猛将必发于卒武。基层条件虽然艰苦，但是却蕴含着巨大的发展空间，需要我们躬下身、弯下腰，一心一意服务群众，和群众打成一片，关心群众疾苦；更要像中医那样，做到“望闻问切”，望群众生活情况，闻群众生活意见，问群众所需所想，切重点解决问题，养成苦干实干的工作作风。“少年壮志潮头立，青春击掌要打拼”青春是坚定的意志、饱满的热情、充实的行动，既然把青春安放在基层，就要把汗水挥洒在乡间田野。“东方欲晓，莫道君行早。踏遍青山人未老，风景这边独好”。青春至美是担当，青年人的担当是决定人生价值的最大砝码，是影响时代进程的重要力量。今天我们比历史上任何时期都更接近、更有信心、更有能力实现中华民族伟大复兴的重要目标，但是，前进的道路不会是一片坦途，越是接近伟大复兴的目标，越要付出更为艰苦，更为艰巨的努力，我们应该清醒的认识到，自己既生逢其时，也重肩在任，既是追梦人，也是圆梦人，追梦需要激情和理想，圆梦需要奋斗与奉献，有责任、有担当、有奋斗、有奉献的人生才是精彩的人生。广大青年人，应携起手来，以青春之我，奋斗之我，为民族复兴铺路架桥，在为人民利益的不懈奋斗中书写绚丽华章。河北省沧州市孟村县宋庄子乡政府班晓磊来呀！来呀！关注我吧！！1、“扎根”短视频持续征集2、民族行活动报名：请戳最下方阅读原文来源 |大学生村官之家网编辑 | 刘荣华审发 | 胡建党中组部、团中央指定大学生村官工作官网大学生村官之家网网址：http://cunguan.youth.cn/投稿邮箱：youthcunguan@qq.comQQ群：321168012合作洽谈：010-57380593微信号：大学生村官官网]]></content>
  <author><![CDATA[大学生村官官网]]></author>
  <time>2018-10-11 15:08:28</time>
  <account><![CDATA[cunguanzhijia]]></account>
</data>
