<data>
  <id><![CDATA[50548891]]></id>
  <url><![CDATA[https://mp.weixin.qq.com/s?timestamp=1539596592&src=3&ver=1&signature=Egrj350GoKY8-KUcIJshb1RCmmwlKA5qul1b1SWKEQAaqmvn7xkJruGAvDUxDLT78HF7WrzGe7DaddR00fwssKUtd3yiJhtYxDYeaB7Ds4Ath4ufc6sFuqP-3GZ4MlLqfoee7TGGqwtxYPVMXmgi82bfHEZew1EuRYscmqmthrA=]]></url>
  <title><![CDATA[梦想不止在远方，更在脚底的泥土——漾濞大学生村官的这些年]]></title>
  <content><![CDATA[梦想是不是只在远方？大学生村官用脚底的泥土回答：梦想在脚下。脚下沾有多少泥土,心中就沉淀多少真情。云南漾濞大学生村官们在画面里面回首过往，拥抱未来。（视频时长05.05）何进军、麻润国、习淑琴、张斌、高晓芸、左先知、任新花、李亚东、赵伟民、苏锐。几年村官路，一生村官情。乡村这些年的发展和进步，改变和振兴，离不开大学生村官在基层默默付出的那些努力。青春、梦想、奉献，这些滚烫的字眼需要同样滚烫的热血去守护和坚守。年轻村官向前辈保证：“在将来，在乡村振兴脱贫攻坚新农村建设的过程中，我们一定会做出自己的贡献，在农村书写属于自己的人生篇章。”致敬所有大学生村官。来源 | 大学生村官之家网编辑 | 左橙审发 | 胡建党中组部、团中央指定大学生村官工作官网大学生村官之家网网址：http://cunguan.youth.cn/投稿邮箱：youthcunguan@qq.comQQ群：321168012合作洽谈：010-57380593微信号：大学生村官官网]]></content>
  <author><![CDATA[大学生村官官网]]></author>
  <time>2018-10-15 15:20:23</time>
  <account><![CDATA[cunguanzhijia]]></account>
</data>
