<data>
  <id><![CDATA[50548891]]></id>
  <url><![CDATA[https://mp.weixin.qq.com/s?timestamp=1539596592&src=3&ver=1&signature=Egrj350GoKY8-KUcIJshb1RCmmwlKA5qul1b1SWKEQAaqmvn7xkJruGAvDUxDLT78HF7WrzGe7DaddR00fwssDB-sMHuRPo4-IxHcVKyutFZgy8tzqGWuj-FfpAo-W1KAkOfeWgZmtJ92y8ri-b3WHIBi6lXUpPskvfDmwH0Fr0=]]></url>
  <title><![CDATA[昭通组织部领导五句话经典推送]]></title>
  <content><![CDATA[同志们：大家辛苦了！春耕夏耘，秋收冬藏。秋天是成熟与收获的季节，这段时间昭通的气候特别凉爽，据说有20多万川、渝游客来昭避暑，朋友圈里好多人都在讨论“秋城”。我最新的朋友圈也与这有关，“望帝故里，秋城昭通”：李商隐《锦瑟》“庄生晓梦迷蝴蝶，望帝春心托杜鹃”中的“望帝”，就是蜀王杜宇，他最早把先进的农耕文明带到昭通；云南有“春城”昆明，若昭通以“秋城”定位，“春城”“秋城”城市名片在“七彩云南”交相辉映，“小伙伴们”是不是觉得我想得美！此时此刻，相信大家也对今天的选岗以及未来的路充满了期许、期待和期盼。在正式选岗前，还将安排半小时给大家熟悉选岗有关规则和程序。借此机会，与大家分享交流五句话。第一句：把握“选择权”因今年定向公务员招录的政策有所调整，所以选岗方式有了较大的变化。42个岗位，男岗、女岗各占一半，各为一个大岗位。在选岗方案制定过程中，反复征求意见，数易其稿，力求更加科学合理、公平公正。总的来看，男岗比女岗的条件略艰苦一些，男儿志在四方“无问西东”，也兼顾了回族同胞的饮食习俗，还给了在大岗位内可对调一次岗位的机会……既有原则性，也有灵活性；既有情怀，也有温度。当然，任何工作都做不到绝对公平，这需要理解与支持。毛主席说过，人应该像柳树，插到哪里就在哪里活起来；也要学松树，到了冬天也不落叶子。松树有原则性，柳树有灵活性。一个把原则性和灵活性结合得好的人，就是一个有情怀的人。新时代的年轻人一定要有家国情怀，把个人成长进步与党和人民的事业紧紧连在一起。我个人认为，任何时候做工作都不能冷冰冰的。已过不惑之年的我，还满是困惑。苏轼在40多岁的时候，“会挽雕弓如满月，西北望，射天狼。”他写这首词时的心境应该是“红颜易老，但人生不老。”这也说明，人生中最关键的还是心态。把握“选择权”，就是希望大家把心态调整好，作出你应该作出的选择。心态的“态”字，就是心大一点。心态不好，状态就不好；状态不来，事业就难成。按照今天既定的原则和程序完成选岗这个规定动作，因为选择，有的同志可能会跨县区到一个全新的地方，也可能从自然地理条件好的地方到离家远一点、条件差一些的地方……其实，还真不能说哪个岗位好，哪个岗位不好。客观上讲，一个人到一个地方习不习惯、工作在不在状态，与你的性格、能力等适不适应当地的“大气候”和小环境有关。今天的选岗结束后，有的同志可能会有些小遗憾，但请大家不要放在心上或过多的在意。无论哪个村，都有大道前程；每一种选择，都有惬意境界。“条条大路通罗马”，要像向日葵一样阳光、积极、向上。记得20多年前，林志颖有一首特流行的歌《戏梦》，有两句歌词“生旦净末丑，我统统扮一回”“青春正年少，我应该大声笑”……生活和工作本身就是一个大舞台，我们要在各种角色和身份中有担当、有作为，以此来增加人生的长度、宽度、高度。第二句：跳出“舒适区”在一个地方一个岗位呆惯了，习惯了那里的土壤与温度、人文和事物等等，就会自觉不自觉地陷入一种舒适的状态，自我满足、安于现状，如同“温水煮青蛙”一样，慢吞吞的就进入了一种“舒适区”。在这样的状态下，人就会慢慢失去进取心，阻塞了向上跃升的通道，以致局面打不开、困境走不出、工作没起色，自然不自然地自我设限，就像开会的时候，好多人往往都先去坐后几排，因而限制了视野，看不到人生的种种可能。讲一个小故事，有个农夫的一头驴子掉进一口枯井里，开始的时候这头驴子大喊大叫，农夫请人来帮忙慢慢挖井口，后面发现驴子没叫了，什么原因呢？原来是驴子不断地把挖下去的泥土踩在脚下垫起来，等挖到一定程度后，它就自然地、轻松地跳出了“枯井”。现实中，自我设限的“井口”时常可见，心态一旦固化，就会在无形中为成长进步设置了天花板。要像这头驴子一样，与其等待，不如行动起来改变，努力在正确的道路上找寻各种可能性，勇敢地跳出“舒适区”，进入人生的新境界。前几天《人民日报》发了一篇署名“宣言”的文章中说，“有风有雨是常态，风雨无阻是心态，风雨兼程是状态”。文章引用了苏轼的《定风波》“莫听穿林打叶声，何妨吟啸且徐行”，做自己的“真心英雄”（周华健唱的歌名），无论什么样的风雨，都阻挡不了我们向前走的脚步。是的，“回首向来萧瑟处，归去，也无风雨也无晴。”这是何等的旷达，直到今天还有如此的穿透力。第三句：用好“时间商”“时间商”，是2003年一位叫斯蒂文·赫尔的学者提出的一个新概念。现代社会都在谈智商、情商……但多数人都缺乏管理时间的能力，所以他提出了每个人都要有“时间商”(也称“时商”，简称TQ)，就是对待时间的态度，以及运用时间创造价值的一种能力。心理学家李子勋说，“当代中国人的一大硬伤，就是对有效时间的低能管理。”曾国藩在年少的时候曾被人认为很笨拙、很愚笨，但他靠两句话四个字，实现了自己人生的“逆袭”：第一句叫“早起”，第二句叫“有恒”。卓越不是一种行为，而是一种习惯。在一个单位，提前10分钟到岗的人和迟到10分钟上班的人，一年下来，就会发现，这两个人的变化有多么的大。比如8:00上班，早10分钟到的人打扫好卫生、清扫好心情，早早就开始了一天的工作，而迟10分钟的人来了之后还无所适从，迟迟的进入不了工作状态。就这个看似简单的提前10分钟上班的好习惯，其实很多人都做不到。好习惯往往能决定一个人能取得多大的成就、能实现多大的价值。我从92年起就开始读一本杂志，叫《读者文摘》，之后因书名之争，改名为大家熟知的《读者》，一直坚持到今天，期期必读。我还有一个习惯，随身（或随包）带一个小本子，把每天看到的、听到的、学到的、想到的一些觉得有用的语句进行超级浓缩，记在里面，这些年来，这样的小本子记了好几十本，放在家里厚厚一摞。虽到今天我也没有什么拿得出手的成绩，但自己还是认为这样的坚持很是受用。“时间商”中还有个小概念，叫“暗时间”。这个“暗时间”是指看不见的、容易被忽略的时间，或者说没有产生直接成果的时间。就像走路、跑步、坐车、排队、吃饭、休息等等这样的一些时间，就称为“暗时间”，也可以理解为我们都在说的“碎片化”的时间。多数时候专门安排时间来学习不一定轻易做得到，但积尺寸之功，把“碎片化”的“暗时间”有效利用起来，就是一门大学问。比如，读书的时候把一些知识点摘抄在笔记本或备忘录上，温习几遍就记住了；上班的路上先梳理一下当天的工作（当然要没开车才行），一进办公室就进入状态了；看电视的时候跟着练练普通话，说不准几个月下来口语表达水平就提高了；休息的时候想想过几天会用的文稿提纲，也许突然之间思路就出来了、就开窍了……“处处留心皆学问”。当今社会不仅要有智商、情商……还得有“时商”，“时商”高的人，就会对自己的有效时间进行有效管理，一生中好似在无形之中比别人多出很多的时间，从一定意义上讲，就比别人多活了几十年。这个概念是我近段时间才感悟到的，在这里迫不及待地与大家分享。除学、思、践、悟之外，还要坚持一件事情，就是“写”。1965年，毛主席在与程思远谈话时说，“我是靠总结经验吃饭的！”清华大学人才培养中心通过多年的研究发现，写作与沟通的能力是大学毕业生包括清华毕业生最大的一个“短板”“弱项”。为此，清华大学拟从今年秋季学期起，开设一门叫《写作与沟通》的课程。这信息一发布，就在网上引起一片热议，“这可能是最难教、也可能是最难学的一门课”。如今机关干部爱写、会写、能写的太少了，有时看一名干部有没有能力，先得看“笔头”过不过硬（有个微信公众号叫“老笔头”，推荐给大家）。我刚参加工作时，除了端茶递水、打扫卫生、布置会场等琐事，就是“写”。这些年深一脚、浅一脚地写，当一篇稿子脱稿，就或多或少会有一种淡淡的喜悦感和成就感。写作，可以训练一个人的系统思维、逻辑思维和看世界、看万物的方式方法，但“写”没有捷径可走，只要动起笔来，多写自有心得，所谓“醉过才知酒浓、爱过方知情重”就是这个道理。第四句：避免“差不多”朋友圈都在说，“你有多努力多拼命，你心里最清楚。”“差不多”的一个方面是之前谈到的习惯性地自我设限，学习差不多就行、工作差不多就行、婚姻差不多就行，这是一种浅层次、低标准。香港作家张小娴说，“幸福就是简单的重复。”这个简单的重复要不将就、不妥协，加之用心、直至习惯，成为与身心不可分割的一部分。工作不是做了就好，而是做好了才好。各行各业都要有“工匠精神”，“术到极致、几近乎道”，一流的心性才能锻造一流的能力。匠心的种子需要精心、细心、耐心去培育、滋养、呵护，对极致的每一分坚持都不会白费力、不会打水漂，终究会结出不甘平庸和不负光阴的果实。就像今天的选岗，大家努力了那么多年，在这个秋天终于硕果盈枝！“差不多”的另一个方面是习惯性拖延，成了当今社会的“通病”。这种病的表现是缺乏时间规划，事到临头才忙着去处理，决心下了一次又一次，却总是“临时抱佛脚”，或“三分钟热度”。“种一棵树，最好的时间是十年前，其次就是现在。”大家要把每一天都当成最宝贵的日子，立即就做、马上就办，活在当下、别等明天，让自己最清楚自己多拼命。第五句：追求“更完美”你的认知水平到哪个程度，人生高度就会到哪个程度。质变是由无数个量变组成的，如果对外界事物保持开放的态度，每过几年就是一个全新的人；如果大脑这个“操作系统”从不更新，那三年五年后就完全掉队、落伍了。“薄发”的先决条件是“厚积”，积之愈厚，则发之愈佳。人很多时候得有一种叫“咬牙”的状态，就像接几次“烫手山芋”、当几回“热锅上的蚂蚁”，在面对一些大的困难和麻烦时，咬咬牙撑下去，经历了就好了。“刀在石上磨”，人也只有多经历这样的“咬牙”，才能练就“大心脏”，才能取得更大的成就、实现更大的价值。这几年你们这些“表哥表弟”“表姐表妹”经常通宵达旦、加班加点，为脱贫攻坚做出了积极贡献，其实就是在“咬牙”。从一定程度上讲，“咬牙”才是成功的起点，人就是要这样一次又一次的“咬牙”，从稚嫩中成熟起来、从软弱中坚强起来。“行百里者半九十”。习近平总书记曾引用范晔《后汉书》中的两句话“志不求易者成，事不避难者进”来讲供给侧结构性改革，“不能因有困难而不为、因有风险而躲避、因有阵痛而不前！”生活是一条曲线，多数时候它是曲折向上的，难免有低谷，但它的趋势是上扬的，不会像脉冲波一样每每都回到起点。当然，每个人都有短板、都会迷惑，要认识、找准你自己的“短板”或“弱项”，下决心加以补齐和攻克，力求把工作做得更扎实、更完美。基层基层是炼信念、炼能力、炼作风的一个大学校、大课堂、大考场。大家一定要沉心静气地积累知识、积蓄能量，少走一马平川的“一”字路，多走百转千回的“之”字路。今天选岗结束，不仅是一个新起点，而且是一次再出发。希望大家到中流击水、趟千山万水、再跋山涉水！希望大家注意安全、注意休息、注意身体！希望大家走得更快、行得更稳、飞得更高，抵达生活的诗意和人生的远方！（根据昭通市委组织部副部长牟汉在全市2018年大学生村官参加定向公务员招录选岗工作会议上的讲话整理）来呀！来呀！关注我吧！！1、“扎根”短视频持续征集2、民族行活动报名：请戳最下方阅读原文来源 |巧家大学生村官编辑 | 刘荣华审发 | 胡建党中组部、团中央指定大学生村官工作官网大学生村官之家网网址：http://cunguan.youth.cn/投稿邮箱：youthcunguan@qq.comQQ群：321168012合作洽谈：010-57380593微信号：大学生村官官网]]></content>
  <author><![CDATA[大学生村官官网]]></author>
  <time>2018-10-09 10:16:45</time>
  <account><![CDATA[cunguanzhijia]]></account>
</data>
