<data>
  <id><![CDATA[50548891]]></id>
  <url><![CDATA[https://mp.weixin.qq.com/s?timestamp=1539596592&src=3&ver=1&signature=Egrj350GoKY8-KUcIJshb1RCmmwlKA5qul1b1SWKEQAaqmvn7xkJruGAvDUxDLT78HF7WrzGe7DaddR00fwssPoyPExov6MzNALGZmM8D5DvMZd6uIOuGP21CqcQg*SeHsCrUSsDNhNj9C8yDM30X6aVJJM28-bmXEs8GWMuGvc=]]></url>
  <title><![CDATA[投身基层，青春无悔]]></title>
  <content><![CDATA[在毕业典礼结束后的第五天，我去西北旺镇报道，正式走上大学生村官这一工作岗位，担任西玉河村主任助理。在从镇政府去往村子的路上，村支书白书记向我讲解了村子的基本情况，村里各项工作的负责人以及未来我的工作范围，强调了基层工作的特点，对我寄予了殷切的希望。回想自己当初奉献基层的初衷，我暗下决心，到村之后一定要踏踏实实，为村民办事，为领导分忧解难，做好自己的本职工作。在村委会报完道，进入办公室后，从一份各项办事手续和各部门联络清单中，我感受到了基层工作的不易，也希望迅速开展工作，做出贡献。知易行难，我的第一项任务是为村里的残疾人办理养老保险，然而看似简单的工作让我一下子手忙脚乱起来：一方面联系负责人了解需要哪些材料，另一方面通知村民送来相应材料，同时检查是否缺漏。当我整理好材料送到镇残联的时候，才发现没按要求准备村民的证件原件。当时我就傻眼了，不仅觉得自己工作没做好，而且担心影响村民养老保险的办理。次日我冒着大雨早早地骑车来到了村委会，收到证件之后赶紧送往镇残联，按时完成了任务。在交还证件的时候，面对村民的连声感谢，我感到欣慰的同时也涌起了几分内疚。这项任务给我上了一课——“心急吃不了热豆腐”。在基层工作中，光有工作热情是不够的，还要保障工作质量。作为村主任助理，我们工作的一点疏忽也许就会对老百姓造成很大影响，宁可慢些，不要出错。短短两年内，我的收获很多。农村人民是直率的，打消了我工作中的诸多顾虑；他们也是善良的，细微之处为我考虑周到。我也在日常的每项工作中，不断学习，总结工作方法，积累工作经验。更重要的是，我慢慢地建立起一种对村民的责任感，逐渐体会到村民急切等待的心情，这种责任感激励着我不怕苦不怕累，又快又好地为村民解决问题。投身基层，青春无悔，我坚信，在辛勤汗水的浇灌下，青春之花终将在基层工作中绽放！北京市海淀区西北旺镇西玉河村杜金菲来呀！来呀！关注我吧！！1、“扎根”短视频持续征集2、民族行活动报名：请戳最下方阅读原文来源 |大学生村官之家网编辑 | 刘荣华审发 | 胡建党中组部、团中央指定大学生村官工作官网大学生村官之家网网址：http://cunguan.youth.cn/投稿邮箱：youthcunguan@qq.comQQ群：321168012合作洽谈：010-57380593微信号：大学生村官官网]]></content>
  <author><![CDATA[大学生村官官网]]></author>
  <time>2018-10-10 15:14:59</time>
  <account><![CDATA[cunguanzhijia]]></account>
</data>
