<data>
  <id><![CDATA[50548891]]></id>
  <url><![CDATA[https://mp.weixin.qq.com/s?timestamp=1539596592&src=3&ver=1&signature=Egrj350GoKY8-KUcIJshb1RCmmwlKA5qul1b1SWKEQAaqmvn7xkJruGAvDUxDLT78HF7WrzGe7DaddR00fwssK06UD51dz8LYe*cadrdqFGvlJmqsEng-Z0vRXcKzRs2E1uxwaDr5-0iazbUpjyeyfU-cLiKrq2LEKP*vS16JPg=]]></url>
  <title><![CDATA[歌唱祖国庆华诞唱响青春最强音]]></title>
  <content><![CDATA[“五星红旗迎风飘扬，胜利歌声多么响亮，歌唱我们亲爱的祖国，从今走向繁荣富强……”近日，在巧家县堂琅文化广场，一群年轻人相聚在此，传来一阵嘹亮的歌声。据悉，这是巧家县大学生村官排六班、七班的大学生村官们，为庆祝伟大祖国69周年华诞，组织开展的“歌唱祖国庆华诞”活动。“歌唱祖国”庆华诞歌唱祖国庆华诞，爱要大声唱出来。在广场上，大学生村官们唱响了《歌唱祖国》《今天是你的生日》《我爱你，中国》等经典歌曲，大家用一首首经典歌曲，把对祖国的美好祝愿都融入了歌声里、对祖国的感激之情都唱在了歌词里，每句歌声都在诉说着大学生村官们对祖国母亲的浓浓爱意。大家以这样青春活力的方式，表达着对伟大祖国69周年华诞的喜悦之情。“互动游戏”促团结你来我往增友谊，互动游戏促团结。为活跃大学生村官们气氛、增强大学生村官集体的凝聚力、执行力、战斗力，大家开展了“萝卜蹲”、“抱团”等互动游戏，输的人还要接受相应的惩罚，有人动情的唱起了红歌，也有人讲笑话让大家喜展笑颜的……整个活动现场洋溢着青春的活力，在欢声笑语中拉近了彼此之间距离，增强了大学生村官集体的凝聚力。“村官爱心”表爱意围拢靠齐聚成心，村官爱心表爱意。全体大学生村官在广场上围成一个“心”形，国旗在爱心的起点，大家紧紧围绕着国旗，象征着着有祖国才有家，有家才有我们现在的美好生活；作为伟大祖国的一份子，祖国母亲是永远是我们的“家”、是我们的依靠，是我们强大的后盾，而大学生村官也会以自己的力量用心去奉献，认真踏实的干好自己的工作，为让这个“家”变得越来越繁荣昌盛而不断努力。最后，全体大学生村官以一声发自肺腑的“祖国，生日快乐！”宣告活动圆满落幕，这声祝福填满了整个广场，填满了每个大学生村官的心，激励他们在农村的大舞台用奋斗唱响青春最强音。云南省昭通市巧家县崇溪镇罗雪 王娇来呀！来呀！关注我吧！！1、“扎根”短视频持续征集2、民族行活动报名：请戳最下方阅读原文来源 |大学生村官之家网编辑 | 刘荣华审发 | 胡建党中组部、团中央指定大学生村官工作官网大学生村官之家网网址：http://cunguan.youth.cn/投稿邮箱：youthcunguan@qq.comQQ群：321168012合作洽谈：010-57380593微信号：大学生村官官网]]></content>
  <author><![CDATA[大学生村官官网]]></author>
  <time>2018-10-08 21:07:32</time>
  <account><![CDATA[cunguanzhijia]]></account>
</data>
