<data>
  <id><![CDATA[50548891]]></id>
  <url><![CDATA[https://mp.weixin.qq.com/s?timestamp=1539596592&src=3&ver=1&signature=Egrj350GoKY8-KUcIJshb1RCmmwlKA5qul1b1SWKEQAaqmvn7xkJruGAvDUxDLT78HF7WrzGe7DaddR00fwssBziKZYHXHo-0FwGc9v7zF4XviKpfpG9NAkV2j0kpYeWxCJ8VVzVE2d9bOTESm76IITM9oygmpY37J16O*vlfF8=]]></url>
  <title><![CDATA[做新时代的新村官]]></title>
  <content><![CDATA[青年兴则国家兴，青年强则国家强。青年一代有理想、有本领、有担当，国家就有前途，民族就有希望。中国特色社会主义进入了新时代，新思想引领新时代，新使命开启新征程，新时代的号角已经吹响，新征程的旗帜猎猎飘扬。我们有幸处在新时代，更要做到有责于新时代，奉献于新时代，不负新时代。用理想做新时代远航的帆十九大开启了决胜全面建成小康社会的新时代，要不忘初心，牢记使命，中国共产党人的初心和使命，就是为中国人民谋幸福，为中华民族谋复兴，“士不可以不弘毅，任重而道远”，作为一名年轻的基层工作人员，结合所在岗位和包村职责，自觉加强宗旨服务意识，真正做到把群众的事情当做自己的事情，想群众之所想，急群众之所急，把工作做到群众心坎里，在新时代找准新定位，志存高远，脚踏实地，稳扎稳打做好本职工作，为街道事业贡献自己力量。用本领做新时代远航的桨要肩负新的使命，做精本职工作，需要努力适应党的建设的新要求，全面增强自身本领。在问题和需求的倒逼下，增强自身本领；在改变作风中，增强自身本领；在攻坚克难中，增强自身本领；在大兴学习之风中，增强自身本领。认真学习宣传贯彻党的十九大精神，使党的十九大精神成为街道工作的强大思想武器，内化于心，外化于形，开拓进取，砥砺前行。作为基层工作人员，多思考多做实事，以更饱满的精神状态在街道事业的征程中，尽职尽责做好每一项工作。用担当做新时代远航的舵“历史车轮滚滚向前，时代潮流浩浩荡荡。历史只会眷顾坚定者、奋进者、搏击者，而不会等待犹豫者、懈怠者、畏难者”，伟大的新时代，召唤堪当大任的新青年，面对人民日益增长的美好生活需要和不平衡不充分的发展之间的矛盾，街道工作日趋复杂和艰巨，作为新时代的新青年，要扎实业务基础，提高工作水平，有一份热，发一份光，不忘初心，不负韶华，真抓实干，努力为街道事业的壮大添砖加瓦。处在这样伟大的时代，把个人前途与祖国的命运紧密联系起来，把人生理想融入到实现中国梦的历史进程中，不忘初心，牢记使命，历练本领，履责担当，以饱满的精神，创新的姿态，务实的作风踏上新征程，尽管会遇到艰难险阻，也定会驶向更加宽广的海洋。山东省高青县田镇街道台陈村周伟来呀！来呀！关注我吧！！1、“扎根”短视频持续征集2、民族行活动报名：请戳最下方阅读原文来源 |大学生村官之家网编辑 | 刘荣华审发 | 胡建党中组部、团中央指定大学生村官工作官网大学生村官之家网网址：http://cunguan.youth.cn/投稿邮箱：youthcunguan@qq.comQQ群：321168012合作洽谈：010-57380593微信号：大学生村官官网]]></content>
  <author><![CDATA[大学生村官官网]]></author>
  <time>2018-10-09 15:13:20</time>
  <account><![CDATA[cunguanzhijia]]></account>
</data>
