<data>
  <id><![CDATA[50548891]]></id>
  <url><![CDATA[https://mp.weixin.qq.com/s?timestamp=1539596592&src=3&ver=1&signature=Egrj350GoKY8-KUcIJshb1RCmmwlKA5qul1b1SWKEQAaqmvn7xkJruGAvDUxDLT78HF7WrzGe7DaddR00fwssHu-plfkx-p5Xwga2qZP1kg9lTocxN7qGuTt2h7kI-S8gnE4bmabdUQPl*Kmhl*qGDBkRWdTtg0zcx9-iGT5gBw=]]></url>
  <title><![CDATA[写在首届乡村产业博览会]]></title>
  <content><![CDATA[近期，我参加了2018中国首届乡村产业博览会，既开阔了思路，又拓宽了视野，还增加了见识，感受良多，受益匪浅。此次博览会现场所展示的乡村产业，无论是美丽乡村、田园综合体，还是特色小镇，都让我们实现了视觉上的冲击、思想上的碰撞。深入分析不难发现，这些特色小镇建设具有四个特点。一是产业“特而好”。“特”是指聚焦信息经济、环保、健康、旅游、时尚、金融、高端装备制造等七大新产业以及茶叶、丝绸等历史经典产业中一个产业，细分领域、错位发展。“好”是指形成体系，持续性较强。二是形态“小而美”。“小”就是规划面积3平方公里，核心区1平方公里。“美”就是所有的特色小镇按3A级景区以上标准建设，旅游类特色小镇按5A级景区标准建设。三是功能“聚而合”。“聚”就是特色小镇都有产业、文化、旅游和社区四大功能的聚集。“合”就是四大功能都紧贴产业定位融合发展。四是机制“新而活”。“新”就是小镇采取创新模式，做出特点，做出特色。“活”就是小镇按照“政府引导、企业主体、市场运作”的创建模式，健康运作，保持人均收入稳定提高。了解到这些比较成功的美丽乡村发展经验，让我获得了很多启发，并在学习了党的十九大提出了实施乡村振兴战略，结合今年初中央1号文件提出的田园综合体，针对我们龙街镇的发展作了一些设想：一是坚持高点谋划，突出产业定位。国务院发布《“健康中国2030”规划纲要》指出：积极促进健康与养老、旅游、互联网、健身休闲、食品融合，催生健康新产业、新业态、新模式。二是坚持整体布局，突出产业融合。积极构建“1+N”健康特色小镇布局，着力做好一产、二产、三产项目的组合，生产、生活、生态项目的组合。即实行健康+N个产业发展：+核桃，创建国家级优质核桃基地；+医疗养老，推进医养一体化项目早日建成；+中医药，推进承开中药饮片以及药材基地、五星芡实特色村建设；+生态养生，加快建设森氧小镇；+休闲农业，建设田园综合体；+体育运动，依托高山发展极限运动旅游项目。三是坚持市场运作，突出产业招商。包装一批项目整体打包、整体招商、整体规划设计、整体开发建设。云南省永平县龙街镇安吉村马淑恒来呀！来呀！关注我吧！！1、“扎根”短视频持续征集2、民族行活动报名：请戳最下方阅读原文来源 |大学生村官之家网编辑 | 刘荣华审发 | 胡建党中组部、团中央指定大学生村官工作官网大学生村官之家网网址：http://cunguan.youth.cn/投稿邮箱：youthcunguan@qq.comQQ群：321168012合作洽谈：010-57380593微信号：大学生村官官网]]></content>
  <author><![CDATA[大学生村官官网]]></author>
  <time>2018-10-12 18:09:14</time>
  <account><![CDATA[cunguanzhijia]]></account>
</data>
