<data>
  <id><![CDATA[50548891]]></id>
  <url><![CDATA[https://mp.weixin.qq.com/s?timestamp=1539596592&src=3&ver=1&signature=Egrj350GoKY8-KUcIJshb1RCmmwlKA5qul1b1SWKEQAaqmvn7xkJruGAvDUxDLT78HF7WrzGe7DaddR00fwssL3uxfKuSd2*iFYtXpgY0kCWPz78WxjxdeYxl33yKcmrQqawyBe-x4H821E6r7XcOO9bgaJkNOhP2Qedi1VAzYQ=]]></url>
  <title><![CDATA[刘国梁回来了：信赖缔造美好]]></title>
  <content><![CDATA[27日，刘国梁执掌乒协备战东京的消息登上微博热搜，网友喜大普奔:那个“不懂球的胖子”回来了。3万多的评论，清一色的喜庆欢迎，证实了什么才是人民群众的喜闻乐见！什么才是真正的众望所归！什么才是大众的无上信赖！是为国争光无数的累累战功，是十年如一日“无白天不黑夜”的拼搏奋斗，是岁月沉淀毫无保留的传承与教导，是处江湖之远仍心系国事天下事，所以信赖他的回归，必然所长披靡，缔造美好期待。信赖，源于一份赤诚热爱爱一份事业，他的眼睛不会说谎。从这个“胖子”的眼中我们看到了他对国兵的热爱，从队员的眼中，我们看到了对刘国梁教练的期待。这种热爱的精神力量往往最能凝聚人心，无惧挑战，缔造传奇。从“站起来”到“富起来”，中国共产党团结各组人民，众志成城，啃下一个个硬骨头，冲开一个个瓶颈，登上一个个台阶，依靠的正是对新中国的热爱，对强中国的渴望。信赖，源于专业的人做专业的事当运动员时，刘国梁是中国男乒第一位大满贯得主，当教练员时，他率队拿到了9个奥运冠军、25个世界杯冠军，29个世锦赛冠军，他用成绩证明了他的专业。我们有理由，有事实地相信专业的人做专业的事，理所当然，自然也能汇聚更多期待，满足人们对美好的愿景。信赖，源于缔造美好期待执教多年，刘国梁不负众望，危急关头力换狂澜，创造了国兵史上一个又一个奇迹，带出了一支世界让惊叹的精锐部队。他的回归，让我们对东京征战有了更好的期待。春争吐芽，夏争叶茂，秋争硕果，冬争地厚。在中国“强起来”的征战中，我们每个人都应向优秀思齐，忠于祖国，热爱国家，在各自的岗位上奋发有为，锻造专业能力，提高专业精神，让队友信赖，让祖国信赖，缔造美好期待。陕西省榆林市靖边县杨桥畔镇九里滩村陈瑞来呀！来呀！关注我吧！！1、“扎根”短视频持续征集2、民族行活动报名：请戳最下方阅读原文来源 |大学生村官之家网编辑 | 刘荣华审发 | 胡建党中组部、团中央指定大学生村官工作官网大学生村官之家网网址：http://cunguan.youth.cn/投稿邮箱：youthcunguan@qq.comQQ群：321168012合作洽谈：010-57380593微信号：大学生村官官网]]></content>
  <author><![CDATA[大学生村官官网]]></author>
  <time>2018-10-11 15:08:28</time>
  <account><![CDATA[cunguanzhijia]]></account>
</data>
