<data>
  <id><![CDATA[50548891]]></id>
  <url><![CDATA[https://mp.weixin.qq.com/s?timestamp=1539596592&src=3&ver=1&signature=Egrj350GoKY8-KUcIJshb1RCmmwlKA5qul1b1SWKEQAaqmvn7xkJruGAvDUxDLT78HF7WrzGe7DaddR00fwssBziKZYHXHo-0FwGc9v7zF5b0sZ08arSSEw-rq1ZzElRKpfwaRu6cS5lSnGFqXhByQzeNZ5hiwHdD*etBBLD448=]]></url>
  <title><![CDATA[在“实践”中育好青春榜样]]></title>
  <content><![CDATA[近日在连读人民日报《新思想从实践中产生系列报道》，通过记者实地走访，从贫困山村到繁华城市，从黄土高原到山水江南，从国内到国外，努力探寻新思想形成和发展的实践轨迹。总书记阐发的奋斗幸福观，唤起亿万人民同心筑梦、矢志追梦、奋斗圆梦的磅礴力量。习近平总书记强调，创业要实就是要脚踏实地、真抓实干，敢于担当责任，勇于直面矛盾，善于解决问题，努力创造经得起实践、人民、历史检验的实绩。干事创业者，干字在先，实干是最好的名片。在实践中抓好落实，不仅要求我们从思想上学习，更要结合实际在自身岗位上贯彻落实，发挥好一名大学生村官的带头作用。“作为一名大学生村官，首先我们要为群众做好服务工作，解群众之所需，答群众之所疑，助群众之所难，缓群众之所急。”一个人若连分内之事都潦草马虎，更别说在其他方面有益于社会了。知是行之始，行是知之成。努力做到知行合一、言行一致，是“实践”的具体要求和体现，是确保各项方针政策在基层中落地生根的重要保证。邓小平同志曾说过，“少说空话，多做工作，扎扎实实，埋头苦干”，这句话对我们大学生村官尤为重要，“高扬鞭子深扎犁”，不下真功、聚正劲，新时代中奋斗的我们必须做到俯下身、沉下心，察实情、说实话、动真情，用“实践”去磨砺身上的“棱角”。古人云“不受虚言，不听浮术，不采华名，不兴伪事。言必有用，术必有典，名必有实，事必有功。”能不能知难而进、锲而不舍抓落实，是对新时代干事创业者的现实考验。作为基层村官，群众就是我们的衣食父母，我们吃的百家饭，穿的百家衣，做百家事，始终与群众保持着零距离，这就是我们的优势。闲暇之余扎扎实实地弄清群众目前的生产、生活状况，在实践中亲力亲为帮助乡亲们行进一步理清发展思路，明确工作努力方向，掌握他们的所思所盼，找到解决干群矛盾的突破口，提高工作的针对性，逐渐培养出我们的大局观；为将来走向更重要的岗位打下坚实的基础，同时也为早日实现乡村振兴贡献自己的一份力量。习近平总书记特别强调，如果不沉下心来抓落实，再好的目标，再好的蓝图，也只是镜中花、水中月。俗话说：“喊破嗓子不如干出样子”历史的经验不断告诉我们不管是“做人、做事、还是做官”，关键看行动。用“实践”字去掉轻飘浮躁、用“实践”字夯实根基，在“实践”中育好青春榜样。云南省弥勒市巡检司镇大学生村官田稀中来呀！来呀！关注我吧！！1、“扎根”短视频持续征集2、民族行活动报名：请戳最下方阅读原文来源 |大学生村官之家网编辑 | 刘荣华审发 | 胡建党中组部、团中央指定大学生村官工作官网大学生村官之家网网址：http://cunguan.youth.cn/投稿邮箱：youthcunguan@qq.comQQ群：321168012合作洽谈：010-57380593微信号：大学生村官官网]]></content>
  <author><![CDATA[大学生村官官网]]></author>
  <time>2018-10-09 15:13:20</time>
  <account><![CDATA[cunguanzhijia]]></account>
</data>
