<data>
  <id><![CDATA[50548891]]></id>
  <url><![CDATA[https://mp.weixin.qq.com/s?timestamp=1539596592&src=3&ver=1&signature=Egrj350GoKY8-KUcIJshb1RCmmwlKA5qul1b1SWKEQAaqmvn7xkJruGAvDUxDLT78HF7WrzGe7DaddR00fwssL3uxfKuSd2*iFYtXpgY0kD4zYMF73M5MHIHhp-1laCTnLePHtHUoJd6LT9IuMLPNFwvxkGWUNONBn7Dv2xX3RA=]]></url>
  <title><![CDATA[调解农村田丘纠纷]]></title>
  <content><![CDATA[01昨天下午下班后，无意间点开微信朋友圈，看到村小组长张XX在朋友圈发布了一条视频动态，视频内容显示：“套好的香蕉袋子被撕毁，已拴好的香蕉绳子被割断”。看到视频后，我打电话向小组长张XX了解情况，同时询问另一方当事人电话号码并做了解。得知矛盾纠纷双方是亲兄弟，因长期租田给老板种植香蕉，今年期满收回田丘，因三丘田的界限不明确引发纠纷。其中，小组长张XX说道：“要起诉到法院，要求判决”。02担任大学生村官以来，我主动通过互联网学习调解纠纷的方法，向身边的村干部虚心学习调解纠纷的经验。调解纠纷要首先弄清纠纷的原因和事实，才能依法依规的进行公平公正的调解，对存在错误一方要指出不足，并归劝其向对方承认错误或改正，同时也动员得理一方作一些谦让，或者双方换位思考，这样双方就容易搭成和解协议。我深知法院的判决依法依规进行，体现了公平和公正，但总让人感觉缺少人情味，不利于纠纷双方的和好。03于是，在晚饭后我分别到两位当事人家中进行走访，并于今天早上到纠纷田的现场。我循循善诱，晓之以理，动之以情，说服兄弟二人换位思考望长远，因势利导成功引导兄弟二人平分界限不明的三丘田，且用锄头挖明调解界限并写下协议书让兄弟二人签字，成功化解了此次纠纷。事后，兄弟二人分别与我握手表示感谢，我心中出现一股暖流久久不息。云南省红河州屏边县白河镇喜乐村钱国跃来呀！来呀！关注我吧！！1、“扎根”短视频持续征集2、民族行活动报名：请戳最下方阅读原文来源 |大学生村官之家网编辑 | 刘荣华审发 | 胡建党中组部、团中央指定大学生村官工作官网大学生村官之家网网址：http://cunguan.youth.cn/投稿邮箱：youthcunguan@qq.comQQ群：321168012合作洽谈：010-57380593微信号：大学生村官官网]]></content>
  <author><![CDATA[大学生村官官网]]></author>
  <time>2018-10-11 15:08:28</time>
  <account><![CDATA[cunguanzhijia]]></account>
</data>
