<data>
  <id><![CDATA[126763908]]></id>
  <url><![CDATA[https://mp.weixin.qq.com/s?timestamp=1542095513&src=3&ver=1&signature=KJ7ir-nwHW6na1iiSVv*sBvPTwPVRe1zLSchlpY7I8FzxccX*HVy00xfd8F5doELMlUCBhU7wl8m1vm0j30n9BJUCwOl6v7Ur0lrtn5yKIFFR1fS23tsSUmQMx9eJLVPR3**yAiA2lB8z9xdPNEAFHmL*U2CC0ymB6vFXIngvzo=]]></url>
  <title><![CDATA[电商将改变生活！马云的无人超市终于来了，今天开业...]]></title>
  <content><![CDATA[文：今日电商爆料创始人王晶华、深圳新媒科技董事长、擅长解读电商、互联网新闻，倡导理性爱国，【一流的信息在这个社会比努力更加重要】所有人都没有想到，马云的无人超市会来的这么快！也没有能想到无人超市会这么受欢迎...这将是一场波及全中国零售行业的大风暴！希望你别被淘汰...马云的无人超市正式开业！24小时营业，没有一个收银员！拿起就走。。。今天，在杭州的街头，马云的第一家无人超市开业了！使用手机淘宝或者支付宝扫码直接进店！（过闸机）扫码完成后闸机门就会自动打开（店外排队等候）马云的首家无人超市位于杭州中心，感觉今天整个杭州的市民估计都疯狂了。入口处都排起了长龙，一大堆市民在排队等候入场下午五点多竟然还有好多市民在排队...估计大家都想去体验下无人购物的便利整个超市没有一个售货员！各种商品应有尽有！玩具、公仔、日用品、饮料，等等商品，拿起就走！一切看起来去传统超市基本没什么区别！但是如果，你想把商品放进口袋，试试能不能浑水摸鱼？不可能！放进书包都没有用！多人抢购一个商品也没有用！系统全部都能识别，在科技面前，你只是一个渺小的人类。。。拿完了商品，直接就可以出门！无须扫码支付！无须收银员！系统自动会在大门处识别你的商品，自动从支付宝扣款！手机上自动收到的扣款信息！是不是觉得很神奇？一个这么大的超市，竟然没有一个售货员，收银员！扫码进场后，商品拿起就可以走！再来看一遍最简单的步骤：第一步扫码进店！第二步，选购商品第三步：直接走人！真的不敢相信，无人超市竟然真的来了！比我们所有人想象的速度都来的更快！由于没有人工成本，无人超市的成本支出大约只有传统超市的四分之一。店主只需每天早上自己补货即可。据悉，平均一个人可以一天管理十家这种无人超市！相当于平均一家店的人工成本只有500元左右。这对于传统超市，传统零售行业来说，将形成非常非常大的冲击！高成本的便利店、超市未来的生存空间将变得越来越小，甚至无利可图！依托于支付宝强大的无线支付能力；近期，马云与娃哈哈集团董事长宗庆后已经联手宣布：未来几年，将在全国开展10万家无人超市！紧接着京东CEO刘强东也正式宣布：要在全国开设50万家京东便利店、以及大量京东无人超市！不管是支付宝系的马云，还是拥有微信支付体系的刘强东；他们都拥有着巨大的财力、资本、技术、以及无与伦比的无线支付技术！已经垄断线上购物市场的这两家巨无霸，正在把目光瞄准线下实体店！24小时无人便利店的普及已经不可阻挡！未来3-5年，实体店百货店将面临着一场前所未有的大浩劫！再不努力，以后你连售货员都没得做......]]></content>
  <author><![CDATA[陈店微生活]]></author>
  <time>2017-07-09 08:06:25</time>
  <account><![CDATA[gh_7bbaa0fba604]]></account>
  <image><![CDATA[http://mmbiz.qpic.cn/mmbiz_jpg/Ybpib5Sr9SmK9uNzD8mrG9VX1jZPibTwx5qKzVkDXbsjUFiaGLvzLOoN6ofyp6icIAaQvWqFIgHO01uR1zsHBMM5ww/640?wx_fmt=jpeg|http://mmbiz.qpic.cn/mmbiz_gif/Ybpib5Sr9SmK9uNzD8mrG9VX1jZPibTwx5ciacfyYlYmXkmKTQxvrib2viaTCbrdrzhz4rcHKnsmX2MMZ4LSp7Rmpew/0?wx_fmt=gif|http://mmbiz.qpic.cn/mmbiz_jpg/Ybpib5Sr9SmK9uNzD8mrG9VX1jZPibTwx5z8rqDhlUYNMk9xRFJMqA9D5SSuIKnKZPPC53yKG2d7b6GdBHNwsSLw/640?wx_fmt=jpeg|http://mmbiz.qpic.cn/mmbiz_png/XTPhz1Hjic6XeSJnVicQhdroSqNNVOEFcAX1oENm0Nt7EYv7pYvw4sSwibCnnYeSbTAWJaeCd2CuLqib2LQYEcV0mQ/0?wx_fmt=png|http://mmbiz.qpic.cn/mmbiz_png/XTPhz1Hjic6XeSJnVicQhdroSqNNVOEFcA2bxnHxicKd6Ifu3w2qAsXhicnV3iagw57iaJuLJdcwoXgH9wicUWw2TPkEA/0?wx_fmt=png|http://mmbiz.qpic.cn/mmbiz_png/XTPhz1Hjic6XeSJnVicQhdroSqNNVOEFcAXib22hnZpfAoMnpBWWTqDUeEnfHibpKba08vMRQBGN2u3YicHbBrpUbxQ/0?wx_fmt=png|http://mmbiz.qpic.cn/mmbiz_png/XTPhz1Hjic6XeSJnVicQhdroSqNNVOEFcA4FeX8B0o5AnYNicW6CW9WT6fdqKuqNsXl0GZOpOksvtva6oV6SonEhw/0?wx_fmt=png|http://mmbiz.qpic.cn/mmbiz_png/XTPhz1Hjic6XeSJnVicQhdroSqNNVOEFcAiaNicKiaj7orCPR2FWpxicsNceq7hkO8sNibpoPoQnZQ4QBh4UZp2g9K6IQ/0?wx_fmt=png|http://mmbiz.qpic.cn/mmbiz_png/XTPhz1Hjic6XeSJnVicQhdroSqNNVOEFcAelhe2ibLATWZQDGsm3Eutpp2kNLBtibxsq6suvDjziaa50u20wm1iaQuDg/0?wx_fmt=png|http://mmbiz.qpic.cn/mmbiz_png/XTPhz1Hjic6XeSJnVicQhdroSqNNVOEFcASer8Zr2yCdmbaMt6ghVIyMDkAgeicHl3pDgdyPT9xIKtviaDL8KH0T4A/0?wx_fmt=png|http://mmbiz.qpic.cn/mmbiz_png/XTPhz1Hjic6XeSJnVicQhdroSqNNVOEFcAocFjDIx11ibuEX6Wn7pmyQThvblnqpvMWbxHI5RdhnbEk6wXkNf0Y0w/0?wx_fmt=png|http://mmbiz.qpic.cn/mmbiz_png/XTPhz1Hjic6XeSJnVicQhdroSqNNVOEFcAfTwjcD3TXoJVhoiaZEttlOMpIY8VKlkRu80L7yd5YzfS81jwG3G0Uzg/0?wx_fmt=png|http://mmbiz.qpic.cn/mmbiz_png/XTPhz1Hjic6XeSJnVicQhdroSqNNVOEFcAFUiajBr8yvSvg0UoUqtIJwzibUaX32IGpeXLBoicE0TYPk8U85Q4xC4JA/0?wx_fmt=png|http://mmbiz.qpic.cn/mmbiz/dTEYAeZ5n3O4Bqpdsiccp4Cc50zLXibtp4UtqJKJYtSlZvOGZtjQRSytcu3Vll7JCOHjJRQAPjWa7hltTdYibp63Q/0?wx_fmt=gif]]></image>
</data>
