<data>
  <id><![CDATA[51388538]]></id>
  <url><![CDATA[http://mp.weixin.qq.com/s?src=3&timestamp=1538410434&ver=1&signature=j1TG6Bzf7CjoTKhY-T7G1h21n*WrFIP4avRV0HxZtbKl2fYNziaH3inSFTkSXofQDmZSo60kDb1bJJTvyrCRj-xfi9kcgOCtPRsuLya49zpoC1JnduxQxDBrm5hOZb2HLyG69iikXTkzToCWFOYKoPKn98BiN5gh35xR4lxOcKk=]]></url>
  <title><![CDATA[读书能改变气质和靠近梦想]]></title>
  <content><![CDATA[有温度 有深度 有广度就等你来关注文：丹尼尔 | 图：Pinterest转载请在后台输入授权读书可以培养一个前途无量的人，谈话可以训练一个思维敏捷的人，写作可以造就一个成熟稳重的人。光阴能给我们经验，读书能给我们知识。然而读书是易事，思考却是难事，两者缺一都无用处。读书太快，必然囫囵吞枣。会读书人不一定有知识，有知识的人不一定有教养。成为什么样的人，取决于我们自己。从来没有人会拒绝与有气质有知识，又有教养和内涵的人做朋友。在读书上，数量并不一定是首要的，很多时候文字再多，或许全是垃圾。好的文字，会自己说话。它会沉淀精华，能开阔思路；它会启迪心灵，能引发思考。 重要的是书的品质，以及所引发的思考程度和深度。读书不会直接给你带去财富，更不会让你马上立竿见影。饭吃下去，都还要消化一段时间，更何况读书所带来的内涵和智慧。你的气质，就是你读过的书和你走过的路。读书和不读书的人，自然区别很大。网络上曾流传过几句有意思的话，与君一起共勉：一天不读书，无人看得出；一月不读书，开始会爆粗；一年不读书，智商输给猪。很快要过春节了，后台很多人问有没有好书推荐。为了有效地贯彻有温度、有深度、有广度的方针政策，推荐的书和自己看的书一样，覆盖面比较广：包括不仅限于文学、哲学、神学、艺术、设计、经济、管理、商业、传记、生活美学等。下面的这些书曾在人生的不同阶段，带来不同的亮光和视野。由于每个人领域不同，专业深度的书，暂不做特别推荐，尽量选大家可以通读的。有兴趣的可以选一两本，安静的读一读，思考一番。书读完了还不是你的，只有写下来的，才是你自己的。所以读书的同时，不妨做个笔记。以下是第三期书单，仅供各位参考。《四种爱》► 作者：C.S • 路易斯，译者：汪咏梅C.S • 路易斯（1898-1963），是20世纪英国的天才作家、学者，和杰出的批评家。他26岁即登牛津大学教席，被当代人誉为「最伟大的牛津人」。如今人们太过于热衷谈论他的《纳尼亚传奇》系列小说。事实上，他一生著书逾30部，有学术著作，小说，诗集，童话等。正如译者所言，《四种爱》堪称爱的经典，是路易斯晚年在遍尝情爱、友爱、爱情和仁爱之后创作的。对每一种爱的论述，都反映了他丰富而坎坷的人生经历。这四种爱，英文分别是 Affection、Friendship、Eros 和 Charity。一个伟大的灵魂，往往要经历思想的战争才能铸成。路易斯曾是一个无神论和怀疑论者，然而在他32岁那年，笃信了基督教。他在全世界拥有庞大的支持者，时至今日，他的作品每年还在继续吸引着成千上万新的读者。他的著作，值得全套收藏。《人类简史》► 作者：尤瓦尔 • 赫拉利 ，译者：林俊宏尤瓦尔 • 赫拉利，耶路撒冷希伯来大学的历史系教授，全球瞩目的新锐历史学家。他擅长世界历史和宏观历史进程研究。《人类简史》一书让他一举成名，成为以色列超级畅销书，目前这本书已授20多个国家版权。我们过得更加快乐吗？我们知道金钱和宗教，从何而来吗？人类创建的帝国，为何一个个衰亡又兴起？科学和资本主义，如何成为现代社会最重要的信条？理清影响人类发展的重大脉络，挖掘人类文化、宗教、法律、国家等产生的根源。这是一部宏大的人类简史，以小写大，让人类重新审视自己。《公正》► 作者：迈克尔 • 桑德尔，译者：朱慧玲迈克尔 • 桑德尔，政治哲学家，哈佛大学教授。桑德尔教授已经在哈佛讲授「公正」课程30多年，这门课也是哈佛有史以来，累计听课人数最多的课程。桑德尔教授并没有让自己成为时尚潮流，和主流意见的附庸。如果为了惩罚十个作恶多端的人，可能会造成更多人的伤亡，因此需要牺牲一个无辜的人，这样算正义吗？如果为了减轻病人的痛苦而向他提供致命性的药物，你认为这是对生命的亵渎吗？如果一项合同与传统道德冲突，法院判决合同无效，你会认为法院的判决是公正的吗？我们的社会、我们的思潮、我们的正义观，正陷入尴尬的两难选择当中。我们甚至怀疑法律是否公正，因为法律无法回避个人的道德判断，无法做到中立。桑德尔教授将带领大家在寻找公正的旅途中，领略思辨的价值和魅力。《经济学原理》► 作者：曼昆，译者：梁小民、梁砾 N • 格雷戈里 • 曼昆（N. Gregory Mankiw），美国著名经济学家。29岁成为哈佛大学历史上最年轻的终身教授之一。2003年走入政坛，著有《经济学原理》等经典教材。对一门学科是否感兴趣，入门级的经典著作也相当重要，《经济学原理》便是这样的一本书。能深入浅出的谈一个问题，是一种天赋。本书最大的作用，是希望它的读者能在学会用经济学的思维去看问题。并非用本书的理论构建经济模型，所以专业人士可绕道。曼昆通过日常生活中人们熟悉的事例、故事经历、政策分析、新闻摘录这些素材来介绍经济学。这就让读者在有趣的阅读中，轻松地了解经济学的基本理论与方法。经济学的趣味化，是许多经济学家追求的目标。这也正是这本书的影响，远远超出学术界的原因。《超级IP》► 作者：吴声具有IP属性的美国超级网红特朗普，借用了新媒体从一个从未从政的商人，逆袭当任了美国第45任总统。不论有多少人反对，但已无法否认他作为新总统身份的事实。中产阶级们早已厌倦了那些以华尔街为代表的，精致的利己主义者。他们愿意让这位新手总统试试看，或许有新的突破。这也许就是美国梦的魅力所在。什么是 IP？是 Intellectual Property 的缩写，字面粗译为「知识产权」，特指具有长期生命力和商业价值的跨媒介内容。一个具有可开发价值的真正的 IP，至少包含4个层级，我们称之为 IP 引擎，它们分别是价值观、普世元素、故事性和表现形式。网红经济、明星经济在某种程度上也是超级 IP。人们对网红、明星的诉求已经从功能性，转向一种价值取向和精神层面的认同。然而，超级IP不仅仅是这些，超级IP 颠覆了旧商业模式，提倡的是一种IP化生存：一切商业皆内容，一切内容皆IP。这是一本对新商业时代的浅析，值得通读的一本书。《思考，快与慢》► 作者：丹尼尔 • 卡尼曼，译者：胡晓姣，李爱民，何梦莹丹尼尔 • 卡尼曼（Daniel Kahneman），普林斯顿大学尤金 • 希金斯心理学荣誉退休教授。卡尼曼将「心理学研究和经济学」研究结合起来，成为这一新领域的奠基人。凭借着与阿莫斯 • 特维斯基，对决策制定问题的开先河之研究，卡尼曼获得了2002年的诺贝尔经济学奖。《思考，快与慢》是社会思想的一部里程碑式著作，关于我们的大脑有多容易上当。本书作了全面、有说服力的论述，并用有趣的语言呈现出来，即使门外汉也能看得懂。这是一本既是有分量的书，同时充满了魅力和实用性，适用于我们的日常生活。《思考，快与慢》自2011年上市两个月内，即打入《纽约时报》和《经济学人》的年度十佳图书榜。连续20多周蝉联《纽约时报》畅销书排行榜前20名。上市至今超过7个月，横扫全球各大畅销书排行榜，稳居亚马逊总榜前50名。《艺术的故事》► 作者：贡布里希，译者： 范景中，注释/解说：杨成凯E.H. 贡布里希 （E.H. Gombrich）生于维也纳，曾任牛津大学斯莱德美术讲座教授，伦敦大学艺术史教授，并于1972年被英王授封勋爵。贡布里希善于以简明扼要的语言来表达严肃的题目，以便初入门者能轻松学习。《艺术的故事》是有关艺术的书籍中最著名、最流行的著作之一。它概括地叙述了从最早的洞窟绘画，到当今的实验艺术的发展历程，以阐明艺术史是「各种传统不断迂回、不断改变的历史，每一件作品，在这历史中都既回顾过去又导向未来。」罗曼 • 罗兰曾说，「艺术的伟大意义，在于它能显示人的真正感情、内心生活的奥秘，和热情的世界。」《基督教要义》► 作者：约翰 • 加尔文，译者：钱曜诚等，修订：孙毅，游冠辉约翰 • 加尔文（John Calvin），法国著名的宗教改革家、神学家。《基督教要义》是他倾注了最多心血的著作，凝聚了他思想的精华。这是一本非常重要的巨著，基督教经典中的经典。这部巨著跻身影响人类历史的十部著作之列，它不仅影响了近四百多年的基督教会，而且在很多方面塑造了现代的西方文化。文学家们赞叹它是文学世界的杰作；政治学家推崇它蕴含了后来共和体制的蓝图；而经济学家们公认它刺激了资本主义经济体系的茁壮。如果觉得《圣经》太过深奥，但想要通过其他的书籍来更深刻地了解基督教的话，这套书（三册）必须入手。其内容涵盖基督教神学几乎所有的领域，堪称基督教神学的经典陈述，亦是基督徒敬虔生活的实用指南。读书不思考，等于吃饭不消化| 箴言书 9：10 |敬畏耶和华，是智慧的开端。认识至圣者，便是聪明。© Copyright 丹尼尔原创作品 | 尽情分享朋友圈 | 转载请联系授权在真理中寻求智慧在智慧中指引聪明喜欢请点赞 分享朋友圈 也是另一种赞赏The more we share, The more we have]]></content>
  <author><![CDATA[丹尼尔先生]]></author>
  <time>1485180005000</time>
  <account><![CDATA[MRDANIEL777]]></account>
</data>
