<data>
  <id><![CDATA[51538813]]></id>
  <url><![CDATA[https://mp.weixin.qq.com/s?timestamp=1539596387&src=3&ver=1&signature=Egrj350GoKY8-KUcIJshb*eeioF*Y*ydi*u0ILYsL6RJUJey1AvR3QfCRujcT71MfkDpwroL01Tl3tqyi0RpitVjTjQU-xn46EorR8u18GyzNVF*KiXYsSYBnyKM528HGzVWx5jdpo*8UUEiBSOmiBN64RlraYfJslJeRntzkAM=]]></url>
  <title><![CDATA[降温8℃！节后冷空气将携雨水返程！衡东人今日返程还得知道这些......]]></title>
  <content><![CDATA[戳蓝字关注  商务合作微信：17742543179————广告推广（联系微信：17742543179）————不知不觉今天已经是国庆假期的最后一天啦！你们国庆假期都是如何度过的？有多少人是这样过的？↓↓反正小编是在值班中度过的！不过国庆假期间天气这么好确实让人很开心啊！然而……不只是你今天要返程准备复工冷空气携雨水也在来的路上啦~预计10月9日就会抵达！·看看权威部门的天气预报↓↓湖南省气象台预计，10月7日白天，湖南大部分地区以秋高气爽天气为主，空气质量总体良好；10月7日晚起，降雨从湘西北开始发展，其中湘中以北有小雨，张家界、吉首等湘西北局地中雨；10月9至10日受冷空气影响，有一次降温、降雨天气过程，最高气温下降6～8℃。再来看看衡东具体天气预报↓↓温馨提示十一长假进入尾声，湖南的天气总体利于返程，建议公众合理安排返程时间，错峰出行，避开拥堵，以免误点误车。自驾出行则需谨慎慢行，注意交通安全。另外，昼夜温差较大，早晚外出要及时添衣，以防感冒。不管怎样平安返程最重要 ！赶紧转发给身边人！大湘网络（嗨转衡东）祝大家在外一路平安◆来源 | 衡阳日报爆料/广告/合作 联系：17742543179（微信）▼找顺风车｜找工作｜找房子｜二手买卖｜点阅读原文！]]></content>
  <author><![CDATA[嗨转衡东]]></author>
  <time>2018-10-07 19:11:46</time>
  <account><![CDATA[hihengdong]]></account>
</data>
