<data>
  <id><![CDATA[51538813]]></id>
  <url><![CDATA[https://mp.weixin.qq.com/s?timestamp=1539596387&src=3&ver=1&signature=Egrj350GoKY8-KUcIJshb*eeioF*Y*ydi*u0ILYsL6RJUJey1AvR3QfCRujcT71MfkDpwroL01Tl3tqyi0Rpih1vroksMQmw1aQseKjbzMNKfUipj-sSnk98WCMDzixBAuK76i5yjDaAQjsVEUmHAwHlM1Fnx1nJXdqqqrhBv2Q=]]></url>
  <title><![CDATA[衡东新塘：铺就生态旅游火热画卷]]></title>
  <content><![CDATA[戳蓝字关注  商务合作微信：17742543179————广告推广（联系微信：17742543179）————精彩内容国庆长假期间，衡东新塘镇石杨村的数百亩鲜花竞相绽放，姹紫嫣红的花海在扮靓乡村的同时，与当地人文特色景点和原汁原味的美食一道，构建起乡村生态旅游的火热画卷。在石杨花海，慕名前往的游客络绎不绝，徜徉在花海里，游客们或三五成群，或携家带口，纷纷举起相机、手机拍照，将醉人的乡村美景留存在记忆当中。(来源：衡阳新闻联播)爆料/广告/合作 联系：17742543179（微信）▼找顺风车｜找工作｜找房子｜二手买卖｜点阅读原文！]]></content>
  <author><![CDATA[嗨转衡东]]></author>
  <time>2018-10-06 18:01:26</time>
  <account><![CDATA[hihengdong]]></account>
</data>
