<data>
  <id><![CDATA[51538813]]></id>
  <url><![CDATA[https://mp.weixin.qq.com/s?timestamp=1539596387&src=3&ver=1&signature=Egrj350GoKY8-KUcIJshb*eeioF*Y*ydi*u0ILYsL6RJUJey1AvR3QfCRujcT71MfkDpwroL01Tl3tqyi0RpiogrjZg08Void10dMk-XCl9LONo3N0fBjfaTdPx*9-MQWeY4Ub-2p61q9xojXvGQaEUpGVeRj8q*dKdiWRPVKsk=]]></url>
  <title><![CDATA[莫拦我，我要回衡东乡下摘茶子了！]]></title>
  <content><![CDATA[戳蓝字关注  商务合作微信：17742543179————广告推广（联系微信：17742543179）————每年到了寒露时节也就是国庆节前后衡东乡下满山的茶树都挂满了一串串的茶子眼下又到了摘茶子的时节秋高气爽的天气很适合劳作看到茶籽树了吗？两边山上都是山茶树开着花结着果远远的就能闻到一阵阵的花香茶子树又叫油茶树属于茶科，常绿的小乔木因为它结的果实可以榨油故叫油茶树春天，茶子树绽放新绿每逢金秋十月它的果实刚被采摘完不久便会开花漫山遍野飘散着山茶的清香小孩子找那些相对矮点茶树摘而大人则会找那些高大的茶树无论是果多果少，果大果小一概不论双手不停的采摘茶子茶树林山边有很多的红薯和凉薯地摘累了就随手挖几个又大又甜的凉薯来吃满载而归，虽然辛苦但心里美滋滋的.....茶子全部采摘回来以后就要晒茶子了秋天的太阳温度一般没有夏季那么厉害所以茶子要晒上好几天才行把刚采摘回来的茶球摊开过一段时间就会有一条条的小虫爬出来这些虫子是可以吃的它们是茶虫把爬出来的茶虫用一个小酒杯装好往杯中放少许盐然后放在煤炭火上烤一下听到嗤嗤的声音时就可以食用了晒过几天太阳茶子壳便会破裂然后取出乌黑的茶仁并不是所有的茶子壳都会破裂的所以还要加以人工挑选再用风车筛选剩下的就是一颗颗圆形或扁圆形的茶籽了这还没有完事还要将茶籽充分晒干后方能榨油山茶油是木本食用植物油之一品质纯净，澄清透明，气味清香，味道纯正隔着屏幕仿佛都能闻到茶油香了....你小时候有没有摘过茶子呢？爆料/广告/合作 联系：17742543179（微信）▼找顺风车｜找工作｜找房子｜二手买卖｜点阅读原文！]]></content>
  <author><![CDATA[嗨转衡东]]></author>
  <time>2018-10-08 18:41:33</time>
  <account><![CDATA[hihengdong]]></account>
</data>
