<data>
  <id><![CDATA[51538813]]></id>
  <url><![CDATA[https://mp.weixin.qq.com/s?timestamp=1539596387&src=3&ver=1&signature=Egrj350GoKY8-KUcIJshb*eeioF*Y*ydi*u0ILYsL6RJUJey1AvR3QfCRujcT71MfkDpwroL01Tl3tqyi0Rpih1vroksMQmw1aQseKjbzMNKOXNVA3lSz2M4KPIaGwyeRn-vwEjge2cHO3*eRw-OcVXRwcMbSVCqtOSsFHLrGVk=]]></url>
  <title><![CDATA[@衡东人，国庆长假尾声，该收心了吧？NONONO~~~国庆长假尾声，来高湖一日放松游~]]></title>
  <content><![CDATA[生日快乐，我的国一转眼，国庆长假接近尾声还在感慨假期过得太快还在遗憾假期没有嗨够还在为最后两日不知去哪玩的朋友们看过来↓↓↓↓洣江滑草游乐园位于高湖镇洣江生态观光园内，占地面积200亩。一期开放游乐项目有极限滑草、履带鞋滑草、极速水滑、悠波球、射箭、迷宫寻宝、火线冲击、愤怒的小鸟、山顶烧烤、稻草乐园、团队帐篷露营等。研学旅行、单位/企业团建亲子活动、同学聚会等预定电话:19908449899/13751114670导航地址：“洣江生态园”，走G72泉南高速“高湖”出口下高速即往右走约2公里到射箭碰碰球极限滑草水滑周边景点推荐来罗荣桓故居祭奠罗荣桓元帅瞻仰罗荣桓元帅的英雄风采来锡岩仙洞瞧瞧大自然的鬼斧神工这片秀丽之地流传着无数仙人传说去一探究竟欣赏先人墨宝国庆长假尾声，来高湖一日放松游~]]></content>
  <author><![CDATA[嗨转衡东]]></author>
  <time>2018-10-06 18:01:26</time>
  <account><![CDATA[hihengdong]]></account>
</data>
