<data>
  <id><![CDATA[51538813]]></id>
  <url><![CDATA[https://mp.weixin.qq.com/s?timestamp=1539596387&src=3&ver=1&signature=Egrj350GoKY8-KUcIJshb*eeioF*Y*ydi*u0ILYsL6RJUJey1AvR3QfCRujcT71MfkDpwroL01Tl3tqyi0Rpis*LsYSPU2Sc*OiyjohgfU5TnnI2IafmfhGyFMFsBgmOV7iLmaICuqQuIghuAxURWPV8ktMUX9*svozDk2bXLh8=]]></url>
  <title><![CDATA[衡东十八潭七彩旱滑开玩啦...]]></title>
  <content><![CDATA[十月一日惊险、刺激、好玩的七彩旱滑 ！落户十八潭渔文化乐园啦！我的小档案首先，我起源于英国。“七彩旱滑”，是滑真雪的延展方式，旱滑的诞生，打破了滑雪只能在冬季低温环境中进行的自然规律。使一年四季可滑，并且安全系数更高。娱乐、体验、互动性更好。▲我的坐标——十八潭七彩园▲我的荣耀——衡阳首例七彩旱滑▲我的长度——150米， 衡阳最长▲我的速度——比《速8》飙车更猛在整条滑道上可以分为单人滑、双人滑和亲子家庭滑一条滑道，老人、孩子统统适宜是适合一家人娱乐游玩的最佳选择七彩滑道色彩炫丽像一道彩虹挂在半空体验者从长长的滑道飞驰而下整个身体仿佛从彩虹中穿过一样2018年10月1号试营业了2018年10月1号试营业了2018年10月1号试营业了十八潭七彩园区部分游乐设施航拍等等~你以为这就完了？上边说好的惊喜呢？出行注意事项1、旅游中注意安全。山道虽好，但不比平路，宜穿胶底鞋、布鞋，方便安全。2、尽量少带现金，贵重物品保管，准备好必备的证件3、请自觉遵守景区规定，不到无标志的地方游览，除规定的吸烟点外，请勿在路上抽烟；4、外出旅游保持一个愉快的心态，建议准备点休闲小食品、湿巾等；5、请自备晕车药、泻痢停、创可贴等日常或习惯性用药。—— 游玩路线 ——从潭泊村牌楼进入 约100米——到达潭泊村委会 右拐一直走 约600米——到达十八潭渔文化乐园停车场【左方即是七彩园】约50米地址：衡东县 · 潭泊村 ·十八潭渔乐园对话热线：0734 - 2863798177⒒644418爆料/广告/合作 联系：17742543179（微信）]]></content>
  <author><![CDATA[嗨转衡东]]></author>
  <time>2018-10-03 17:01:46</time>
  <account><![CDATA[hihengdong]]></account>
</data>
