<data>
  <id><![CDATA[51538813]]></id>
  <url><![CDATA[https://mp.weixin.qq.com/s?timestamp=1539596387&src=3&ver=1&signature=Egrj350GoKY8-KUcIJshb*eeioF*Y*ydi*u0ILYsL6RJUJey1AvR3QfCRujcT71MfkDpwroL01Tl3tqyi0RpimQvWaQBYbZCrxZWf4F5Un9aGbDzyxhmChQPSiTK63hYIOVieKZk2GrNGrODfVupMZbkDMy3IE8p9en0akXMPdw=]]></url>
  <title><![CDATA[这个十一，我又想去衡东状元村静静]]></title>
  <content><![CDATA[戳蓝字关注  商务合作微信：17742543179————广告推广（联系微信：17742543179）————厌倦了城市的喧嚣这个十一我想去状元古村沉寂一下浮躁的心灵❖在衡东洣水镇西北七公里，坐落着一个文化底蕴深厚、风景秀丽迷人的古村落，悠闲驾车，十余分钟即可到达。❖这里群山环绕，泉溪淙淙，绿林葱翠，人杰地灵。清代状元彭浚正诞生于此。1805年,彭浚中乙丑科进士第一名，钦赐一甲一名进士及第，授翰林院修撰，掌修国史。历任文渊阁校理、咸安宫总裁、内阁侍读学士等清贵之职，成了当时文坛上第一位领袖人物。因做过太子（后道光皇帝）之师，故有“天子门生，门生天子”之说。徜徉在绿阶石砖边感闻着历史散发的书香味道❖彭浚长期掌管全国选拔考试，“前后五鼎甲皆出其门”。视学奉天时，裁革陋规，捐薪俸添建试院考棚，集诸生讲解义，使学风为之一新。乐善助人。家境不甚富裕，自奉节约，每遇公益事业，辄慷慨解囊。彭浚严以律己，“自奉节俭，一丝一粟，备深顾惜，非宴宾客，食无兼味”。为严肃家风，亲书“勤、俭、忠、恕、忍、让、公、和”八字。镌刻成匾，悬于堂上，以为后嗣族裔必守之庭训。县委统战部驻状元村扶贫工作队今年七月份进驻以来，积极贯彻落实县委安排的各项扶贫任务，想法设法拓宽村民收入。秉着“穷人跟着能人走，能人跟着项目走，项目跟着市场走”的基本思路，依靠状元村现有文化旅游资源，积极规划，引进社会资金，鼓励和引导本村创业致富能人，建立了一系列旅游娱乐项目。在山水恬静的状元村，您走累了，可在山间小石旁坐坐，呼吸着天然氧吧，然后和孩子一起们尽情玩耍。1、状 元 网 红 桥当前最红的娱乐项目，和大家一起奏起欢声笑语的乐章。目前已接待湘南地区游客5000余人次。2、鱼 乐 场参加捉鱼大赛，回味儿时的乐趣，十一期间每天十场定会让你和孩子收获满满。3、鸵 鸟 场观赏憨厚的鸵鸟，一起嬉戏玩耍，拍照视频，还有鸵鸟蛋的惊喜收获。最后，肚子饿了村里的衡东土菜定会让你满意而归爆料/广告/合作 联系：17742543179（微信）▼找顺风车｜找工作｜找房子｜二手买卖｜点阅读原文！]]></content>
  <author><![CDATA[嗨转衡东]]></author>
  <time>2018-10-01 18:14:35</time>
  <account><![CDATA[hihengdong]]></account>
</data>
