<data>
  <id><![CDATA[51538813]]></id>
  <url><![CDATA[https://mp.weixin.qq.com/s?timestamp=1539596387&src=3&ver=1&signature=Egrj350GoKY8-KUcIJshb*eeioF*Y*ydi*u0ILYsL6RJUJey1AvR3QfCRujcT71MfkDpwroL01Tl3tqyi0RpimQvWaQBYbZCrxZWf4F5Un-AT8KDOPAPhMZ5dOG7UFhNoTCTxJVHrftIoWGjs8qiAkLOEYGM5Q1METfCLLt3AjM=]]></url>
  <title><![CDATA[国庆｜在这“多事之秋”，您“腺”在还好吗？]]></title>
  <content><![CDATA[最近，朋友小张偷偷问小YI：我得了前列腺炎，哎，听说这个病超级严重的，会影响啪啪啪，生不出宝宝，这么帅气的我这下半辈子可怎么办呐！小张让小YI不由得想起社会上流传的这么一句话：孩子不能输在起跑线上女人不能输在曲线上而男人不能输在“前列腺”上可见前列腺对于男人的重要性其实，超过90%病人具有一个共性，就是无不谈“前列腺炎”色变，无数人难以入眠，无心工作，甚至有人因之不敢结婚。前列腺真有这么厉害吗？前列腺炎真有这么恐怖吗？机智可爱，只求真相的小YI找到了衡东县湘泵职工医院-查国章教授（前列腺-查氏疗法创始人），他超暖心地为小YI和广大boy们解答了这个疑难杂症问题。当真如此有效？ 且看下述详解。查教授历经数十余年的对前列腺炎的辛勤研究和临床观察，找到了“Z氏疗法”。它安全、有效(达96%) ，这一方法打破了常规疗法所不能达到的效果，目前查阅国內外信息资料，还暂无超越Z氏疗法效果报道。此疗法为难治性、久治不愈前列睩炎(II.型.III型.IV型)患者、并伴发非淋菌性尿道炎即NGU等相关疾病患者带来了福音，同时是一种新的、很好的治疗选择。专家解读：查国章教授下面请大家认识一下查氏前列腺治疗法查氏疗法及特点查氏疗法是遵循循证医学( Evidence- BasedMedicine,EBM)的原则,慎重、准确地运用文献和当前获得的最新、最有力的科学研究信息,用于指导临床实践和医疗决策, 其选择囯药准字号药物经独特配伍后，採取微针微创最佳方式，把有效药物投放在前列腺体内，直接发挥抗菌消炎，经小便引排前列腺腺体內经抗菌消炎后的废渣(炎性物、非炎性物－毒素、化解的钙化物)等，并密切与患者互动。通过12年大量临床的病例和NIH-CPSI 统计证明,查氏疗法具有疗效显著丶治疗无痛苦，安全无副作用等优点, 适用于治疗(尿踌躇、 尿频、 尿不禁、“夜尿频繁、早泄、 阳萎、 不育症等)顽固性 病程较长. 难治的慢性前列腺炎（Ⅱ型Ⅲ型）和Ⅳ型前列腺炎及相关疾病(如良性前列腺增生/肥大)患者。下面介绍其特点和前后治疗的病友过程和疗效资料：典型病例<<  点击图片放大查看  >>患者检验单疗后感谢♚患者与查教授合影其实，前列腺炎是男人的‘小感冒’，可千万不能永远纠结在这一点‘不适’中，留下‘心病’，‘身痛’难除哦！要做到预防与治疗相结合，早发现早治疗，早治疗早受益！要治疗，就到衡东湘泵职工医院选择查氏疗法，国庆、重阳双节期间治疗可享受年度双节钜惠哦！礼惠·国庆爱在·重阳湘泵医院双节惠﹀﹀﹀举国上下  普天同庆花团锦簇  欢天喜地又是一年秋意正浓时庆国庆、爱在孝心重阳节活动具体内容如下：医院地址：衡东县城关镇衡岳北路598号（湘泵路口）联系座机：0734-522 8509联系方式：139 7340 8590三分医，七分养！查教授提醒：首先请记住这个最简单的密码！ 运动、饮食、作息、心态！更要注意以下习惯1、别久坐2、少饮酒3、尽量少吃咖啡因、辛辣等刺激性食物4、寒冷刺激、过度劳累湘泵职工医院简介湘泵职工医院是一家经县卫计局核准的民办非营利性一级综合医院，为工伤、城镇职工医保、城乡居民医保定点报销医院。医院现有职工40余人，开放床位50张，拥有一流的全自动多功能生化仪、离心机、心电图机、B超、彩超、电解质分析仪、经颅内彩色多普勒检测仪等先进诊疗设备。医院设有内科、外科、妇科、儿科等基础科室。前列腺治疗科和烧烫伤科是我院的重点特色专科。特聘请中南大学湘雅医学院硕士研究生导师、主任医师、临床微生物学和免疫学教授查国章来我院长期坐诊。查国章教授发明的“查氏疗法”具有个人非职务发明专利，在治疗前列腺炎、前列腺增生、前列腺结石等疾病方面效果显著。院长赵忠师从名老中医肖春咀门下，运用祖传秘方治疗烧烫伤有特效，治愈率高且不留疤痕，受到广大患者的肯定与好评。医院宗旨为“医德为本、服务患者”，始终坚持以“病人为中心、以科技兴院为发展目标”， 用一流的技术、一流的设备、一流的环境竭诚为衡东人民的健康保驾护航。上述图文内容，包含文字、图片，均由推广企业自行提供。本平台只负责编辑并发布消息，未涉及其他方面的相关产权。特此郑重法律声明！]]></content>
  <author><![CDATA[嗨转衡东]]></author>
  <time>2018-10-01 18:14:35</time>
  <account><![CDATA[hihengdong]]></account>
</data>
