<data>
  <id><![CDATA[51538813]]></id>
  <url><![CDATA[https://mp.weixin.qq.com/s?timestamp=1539596387&src=3&ver=1&signature=Egrj350GoKY8-KUcIJshb*eeioF*Y*ydi*u0ILYsL6RJUJey1AvR3QfCRujcT71MfkDpwroL01Tl3tqyi0Rpim-O2eLMhSOIlWflVwMnjqhThSDtHrjj-VLRtwlhHNOFPkLb*lCu3iCms6VrSg8oEsrzu9yYXMbvfjK*50g-6z0=]]></url>
  <title><![CDATA[这张旧版10元可买一辆车，衡东人看看你家有没有！]]></title>
  <content><![CDATA[————广告推广（联系微信：17742543179）————来源：网络]]></content>
  <author><![CDATA[嗨转衡东]]></author>
  <time>2018-10-11 17:36:05</time>
  <account><![CDATA[hihengdong]]></account>
</data>
