<data>
  <id><![CDATA[51538813]]></id>
  <url><![CDATA[https://mp.weixin.qq.com/s?timestamp=1539596387&src=3&ver=1&signature=Egrj350GoKY8-KUcIJshb*eeioF*Y*ydi*u0ILYsL6RJUJey1AvR3QfCRujcT71MfkDpwroL01Tl3tqyi0RpilYbG2fB5A-4Ji9Dtsk3bTo1NA4fkI0FOLm95Di7oxijixVEjg37bUK2DAXqzZsC*lL45N1ATA8eurCe9WngmYA=]]></url>
  <title><![CDATA[大兵《哈利油传》之“驾校风云”]]></title>
  <content><![CDATA[————广告推广（联系微信：17742543179）————]]></content>
  <author><![CDATA[嗨转衡东]]></author>
  <time>2018-10-09 19:07:54</time>
  <account><![CDATA[hihengdong]]></account>
</data>
