<data>
  <id><![CDATA[51538813]]></id>
  <url><![CDATA[https://mp.weixin.qq.com/s?timestamp=1539596387&src=3&ver=1&signature=Egrj350GoKY8-KUcIJshb*eeioF*Y*ydi*u0ILYsL6RJUJey1AvR3QfCRujcT71MfkDpwroL01Tl3tqyi0RpikHtbnDnfyN7h3iQSoqAIubQR9B5Cq2OHpwXaM-sswIgaxnAEWMrx9Z3tm9U0kBIn0Ng7TYwrUCkdKaJ2J4Hj-c=]]></url>
  <title><![CDATA[抢1320元项目体验，衡东这家店你敢来我就敢送！]]></title>
  <content><![CDATA[点击上方关注我们了解更多妈咪地带产后修复中心你敢来我就敢送妈咪地带产后修复中心十月福利火热来袭温馨提示：凭此文案到店才可享受温馨提示：凭此文案到店才可享受温馨提示：凭此文案到店才可享受听到如此暴力的优惠看到的人都沸腾了！你还不快点抢？！衡东妈咪地带产后修复中心重塑优雅、知性、美丽、健康做衡东美丽女人妈咪地带产后修复中心衡东妈咪地带产后修复中心位于衡东县文冲西路47号（国土局斜对面），是一家产后修复机构。旗下经营项目产后修复，盆底肌修复，骨盆修复、催乳、回乳、排残汁、小儿推拿、婴儿游泳等定位于现代产后女性的专属修复品牌，结合国内先进的仪器设备为产后妈妈提供身、心、灵、形等全方位呵护。产品倡导无添加，无动物来源，纯植物萃取的绿色护理理念，以达到至善至美的境界。彻底重塑优雅、知性、美丽、健康于一身的品牌。心怀感恩，乘传启合，款款而来每一位值得被宠爱的宝妈之产后大作越来越多的宝妈认可一年调理宝妈1000人健康女性，幸福家庭我们突破了商业模式传承爱的散播服务是有价的和谐共生是无价的优雅的店内环境让您身心舒适专业的团队不管您是恰巧路过这里还是特意为了健康和美丽而来我们都由衷的感谢您妈咪地带产后修复中心全体员工在门店期待您的光临！联系电话：0734-517769918973492688  边女士店内地址：衡东县文冲西路47号（国土局斜对面）赶紧展示这篇文案到店体验吧~]]></content>
  <author><![CDATA[嗨转衡东]]></author>
  <time>2018-10-12 17:53:12</time>
  <account><![CDATA[hihengdong]]></account>
</data>
