<data>
  <id><![CDATA[51538813]]></id>
  <url><![CDATA[https://mp.weixin.qq.com/s?timestamp=1539596387&src=3&ver=1&signature=Egrj350GoKY8-KUcIJshb*eeioF*Y*ydi*u0ILYsL6RJUJey1AvR3QfCRujcT71MfkDpwroL01Tl3tqyi0RpimQvWaQBYbZCrxZWf4F5Un8BJB9LcyOPHp9pe69JM21lfn8GR3MDm8mAt7e9d6rKEAIBqwAHNKiNn7lOVPtWjic=]]></url>
  <title><![CDATA[荣桓镇的人今天都赶去南湾街了，原来...]]></title>
  <content><![CDATA[今天由南湾街举办的纪念关公文化节在荣桓镇南湾村元帅故居隆重举行！关帝君庙，庄严肃穆、气势恢宏，来自于四面八方的信众，朝拜！爱心人士捐款名单！现场人山人海！烈日炎炎也挡不住我们荣桓人民的热情！举办单位代表上台致词！为父老乡亲准备了丰盛的宴席和花鼓戏演出！此次表演的是醴陵花鼓戏团！现场爱心人士更有超酷的小哥哥，看他的眼神王之蔑视，有没有？许愿树！站长也在心里默默的许了个愿，愿我来年越来越瘦南湾古井壶山公祠当然，还有站长啦！温馨提示：此次花鼓戏演出三天三夜，荣桓的父老乡亲可以前往观看！站长也祝愿：南湾街纪念关公文化节活动圆满成功！同镇便民信息,大事小情,都在 58同镇]]></content>
  <author><![CDATA[嗨转衡东]]></author>
  <time>2018-10-01 18:14:35</time>
  <account><![CDATA[hihengdong]]></account>
</data>
