<data>
  <id><![CDATA[51538813]]></id>
  <url><![CDATA[https://mp.weixin.qq.com/s?timestamp=1539596387&src=3&ver=1&signature=Egrj350GoKY8-KUcIJshb*eeioF*Y*ydi*u0ILYsL6RJUJey1AvR3QfCRujcT71MfkDpwroL01Tl3tqyi0RpikHtbnDnfyN7h3iQSoqAIuafZ1*7OjEeCHfQ3XdOnQpFtqc35mm7wFVqy*BNy2j-3E2zVxRHD2lMr3c2Yaw1kbo=]]></url>
  <title><![CDATA[你还记得这个吗，以前在衡东是喂猪的，现在是一道美食！]]></title>
  <content><![CDATA[戳蓝字关注  商务合作微信：17742543179————广告推广（联系微信：17742543179）————萝卜菜它是萝卜的叶子以前衡东的农村种一大片萝卜地叶子都是直接拿来喂猪的在以前若种太多萝卜叶子太多不想浪费拿去送人都不太体面那时候萝卜菜特便宜几毛钱一大篮子很多人家种的萝卜叶子是拿来喂猪或切碎了喂鸭鹅但谁也没想到就是这当初被人人嫌弃的家伙如今却是一道备受欢迎的美食营养价值极高萝卜叶子，营养丰富，富含维C具有消食，理气，化痰，止咳清肺利咽，散瘀消肿的功效萝卜菜美食你还记得这个味道吗不说了，明天赶早去买最新鲜的萝卜菜！点击“阅读原文”马上进入衡东相亲平台]]></content>
  <author><![CDATA[嗨转衡东]]></author>
  <time>2018-10-12 17:53:12</time>
  <account><![CDATA[hihengdong]]></account>
</data>
