<data>
  <id><![CDATA[51538813]]></id>
  <url><![CDATA[https://mp.weixin.qq.com/s?timestamp=1539596387&src=3&ver=1&signature=Egrj350GoKY8-KUcIJshb*eeioF*Y*ydi*u0ILYsL6RJUJey1AvR3QfCRujcT71MfkDpwroL01Tl3tqyi0RpikHtbnDnfyN7h3iQSoqAIuZLnf5YlNKM7DLODt8qdDJBeeNDmycPNmBfoXP0rUGXNCqKZWdLm*WFcmcq94BDM1A=]]></url>
  <title><![CDATA[衡东县林业产业协会：发展绿色经济，建设生态衡东]]></title>
  <content><![CDATA[党的十九大报告强调，统一战线是党的事业取得胜利的重要法宝，要牢牢把握大团结大联合的主题，找到最大公约数，画出最大同心圆。社会组织中集聚着大量党外人士、新的社会阶层人士，成为了推进社会建设和社会治理创新不可或缺的重要力量，也是拓宽社会领域统战工作的新载体和新平台。近年来，我县社会组织发展迅速，涉及各个行业和领域，初步形成了门类齐全、层次多样、覆盖广泛的社会组织体系，在促进经济社会发展、维护市场秩序、参与社会治理、畅通协商民主渠道和建言献策等方面发挥着重要作用。为进一步引导好社会组织发展，充分发挥社会组织在统一战线中广泛团结各界人士、凝聚人心、引导民意、维护社会稳定的作用，根据《衡东县统一战线先进人物（组织）系列评选活动方案》（东统发[2018]1号）文件要求，县民政局联合县文体广新局、县教育局、县卫计局、团县委、县文联、县科协在全县社会组织中开展衡东县首届“十佳社会组织”评选活动。经前期宣传发动、申报、初审综合网络投票、组委会评审以及公示结果最终产生衡东县首届“十佳社会组织”今天，统战君为大家介绍衡东县林业产业协会视频来源：衡东县广播电视台衡东县林业产业协会是一家由森林培育，林木种苗，木材加工经营，园林绿化，油茶种植加工等单位和个人自愿组成的非营利性行业性社团，现有会员81人。多年来，协会坚持学习和贯彻“绿水青山就是金山银山”的思想，倡导生态文明和绿色发展理念，积极改变经营模式，促进林业供给侧结构性改革，在产业转型升级扶贫帮困等方面积极作为，通过采取强化组织建设，培育产业基地，加强产业服务，加大招商引资，培植龙头企业，搭建公众平台等措施，创造性地开展社团工作，为我县林业产业发展及推动生态文明建设步伐作出积极贡献。加强组织建设，组建精英团队2017年林业产业协会通过个人申请，组织推荐，民主投票、公示等程序选举了以罗友成、向新年、曾金伟为领导班子的机构，并组建了10人理事会。制定协会章程。形成财务、人事、民主决策、大事报告等制度。严格按章程和制度开展工作，及时制定工作规划，形成协会工作方案，大事大家商量、小事共同协商。同时组建了党建支部。让共产党员在协会起模范带头作用，发挥无私奉献精神，强有力的组织机构，是开展协会工作的基石，为功坚克难提供组织保障。加强基地培育，加快产业升级转型为了加快衡东绿化步伐，提高森林覆盖率。让衡东尽快绿起来、富起来。衡东县产业协会广泛宣传，积极发动，从林木培育、荒地造林、乡村绿化等方面造绿添绿和护绿，积极培育林木资源，近三年种植绿化苗木500万株，造林6.3万亩，乡村绿化765公里。同时加快从木材初级加工向精深加工转变，提高木竹利用率和价值，由单一木材销售向多品种转变。木材制成家俱、门窗、工艺品等，竹材生产成凉席、竹快、竹签、同时培育珍稀苗木，发展园林绿化产业，通人工造型加工，一棵珍贵树价值达万元。2017年培育苗木基地2000亩，新办竹工艺厂3个，生物颗粒厂2家。加快了传统林业产业向现代林业转变。加大服务力度，弘扬行业风气为了发挥产业协会“桥梁、纽带”作用，协会加大服务力度，开展综合性服务工作，产业协会组建微信息群QQ群，及时发布销售各种产品信息，为会员拓宽营销采购渠道，以“公司+基地+农户”模式开展营销，带领会员和林农致富。开展业务培训，每年聘请林业专家教授讲课，提升会员业务素质。2017年8月举办木材知识安全生产培训班、松脂采割培训班各一期人员59人。组织会员参加林业会展，为扩大眼界、增加见识、加大对外交流，学习外地经验，及时组织会员到国内、省内学习。2016年参加第二届全国（吉林长春）林博会，2017年组织20人到浏阳参加湖南省第一届林博会。开展会员交流，加深会员感情，协会定期召开理事会和会员大会；发放宣传资料，编制林业协会简报，使协会的号召力、凝聚力、向心力广泛增加，社会各界发展林业产业的劲头高度增长，林业产业协会影响力与日俱增。积极组织会员向贫困户和五保户伸出温暖之手，打开爱心之门，致富不忘本，带领贫困户脱贫致富，捐赠弱势群体，2017年会员共捐赠金额5万余元，万泉竹业和圣竹农林公司在南湾合江杨林社区帮助贫困户15户50人脱贫......雄关漫道真如铁、而今迈步从头越。衡东县林业产业协会紧随全面深化改革的步伐，向服务型社团转变，协会将以更加坚定的决心、更加有力的措施、更加有效的服务，确保衡东森林资源增加、百姓增收、乡村增绿，为衡东“五县五化”建设作出新的贡献。爆料/广告/合作 联系：17742543179（微信）]]></content>
  <author><![CDATA[嗨转衡东]]></author>
  <time>2018-10-12 17:53:12</time>
  <account><![CDATA[hihengdong]]></account>
</data>
