<data>
  <id><![CDATA[51538813]]></id>
  <url><![CDATA[https://mp.weixin.qq.com/s?timestamp=1539596387&src=3&ver=1&signature=Egrj350GoKY8-KUcIJshb*eeioF*Y*ydi*u0ILYsL6RJUJey1AvR3QfCRujcT71MfkDpwroL01Tl3tqyi0RpitVjTjQU-xn46EorR8u18GzrS1KDkAJvEpB2fspBbwycDPT9k9zI2J-*prNeuJa3KIqF6W5sKIsxT3agxn0F1W0=]]></url>
  <title><![CDATA[大兵相声：“爸爸我自己洗”]]></title>
  <content><![CDATA[————广告推广（联系微信：17742543179）————]]></content>
  <author><![CDATA[嗨转衡东]]></author>
  <time>2018-10-07 19:11:46</time>
  <account><![CDATA[hihengdong]]></account>
</data>
