<data>
  <id><![CDATA[51538813]]></id>
  <url><![CDATA[https://mp.weixin.qq.com/s?timestamp=1539596387&src=3&ver=1&signature=Egrj350GoKY8-KUcIJshb*eeioF*Y*ydi*u0ILYsL6RJUJey1AvR3QfCRujcT71MfkDpwroL01Tl3tqyi0RpilYbG2fB5A-4Ji9Dtsk3bToTHa2aWVQRJYmeEck5dPW4XZn4*waqrW*SO5ElPs5zkKVlM9kMv--q-W12*DNpzu8=]]></url>
  <title><![CDATA[衡东衡山58同镇还缺六个站长，你在哪里？？？]]></title>
  <content><![CDATA[全衡东懂你的微信公众号热文·美食·交友·策划·推广·活动·品牌微信号：1774254317958同镇衡东县还剩2个站点：霞流、新塘58同镇衡东县还剩4个站点：福田铺、岭坡、永和、长江58同镇衡东站长欢迎您加入我们团队58同镇活动集锦已加盟站点：洣水站、吴集站、大浦站、草市站、蓬源站、荣桓站、三樟站、杨林站、杨桥站、白莲站、高湖站、石湾站、新塘站、甘溪站、河西开发区站待加盟站点：霞流站、南湾站、石滩站超低加盟费、总部扶持、总站扶持、每个乡镇限招一名加盟商，轻轻松松实现创业，机会不多，快来加盟！！！每个乡镇只需要一个站长抓紧时间来晚就没有了！衡东衡山现仅剩空白区域越来越少一个萝卜一个坑抓住互联网时代机遇解决农村信息闭塞的难题缩小农村与城市间的“信息鸿沟”差距让我们一起为家乡的发展做有意义的事促进乡镇居民更便捷的生活成为人人信赖的乡镇生活服务平台加盟电话：18627341107咨询微信：18627341107]]></content>
  <author><![CDATA[嗨转衡东]]></author>
  <time>2018-10-09 19:07:54</time>
  <account><![CDATA[hihengdong]]></account>
</data>
