<data>
  <id><![CDATA[51538813]]></id>
  <url><![CDATA[https://mp.weixin.qq.com/s?timestamp=1539596387&src=3&ver=1&signature=Egrj350GoKY8-KUcIJshb*eeioF*Y*ydi*u0ILYsL6RJUJey1AvR3QfCRujcT71MfkDpwroL01Tl3tqyi0Rpis*LsYSPU2Sc*OiyjohgfU6teDjYxOSy6bSH05GrcJBC9hXy72lN8fB8m1CED8napQmP4B-8BOdiBn*mDlLSlZ0=]]></url>
  <title><![CDATA[国庆节，背起锄头到衡东农村土里挖红薯喽！]]></title>
  <content><![CDATA[戳蓝字关注  商务合作微信：17742543179————广告推广（联系微信：17742543179）————提起挖红薯，相信对于农村长大的朋友都不陌生。衡东老家，那里有太多的青涩记忆开心的童年时光。国庆，有很多老乡回到了衡东，没有出去旅游，但是可以好好回味一下家的感觉。金秋阳光明媚丰收季节，大家相约一起去挖红薯，重新体验一把田间劳作的辛苦与收获。挖红薯是一份真正的体力活技术活。怎么挖，挖多深都是需要技术与经验的！锄头要轻轻地锄，不要锄断了茎和红薯，拨开上面土红薯茎轻轻地摇晃几下，好让土比较松散估计一下红薯有多大有多少，因为一根茎下面都是多个红薯，确定方位用力把红薯挖出来就可以了。挖红薯力度要适中不然很容易就将红薯给挖断。收获的喜悦环顾四周，老家就在这里，安逸没有城市的喧嚣，田地上散布着绿油油的红薯蔓藤。漫步于田间小路，空气好清新，眺望南山原野绿色村庄，一阵阵泥土的气息，一种回归大自然的惬意。衡东的小伙伴们，国庆节，你们在干什么呢？是不是勾起了你记忆的闸门，有兴趣的小伙伴们，背起锄头到土里去挖红薯吧！爆料/广告/合作 联系：17742543179（微信）▼找顺风车｜找工作｜找房子｜二手买卖｜点阅读原文！]]></content>
  <author><![CDATA[嗨转衡东]]></author>
  <time>2018-10-03 17:01:46</time>
  <account><![CDATA[hihengdong]]></account>
</data>
