<data>
  <id><![CDATA[51538813]]></id>
  <url><![CDATA[https://mp.weixin.qq.com/s?timestamp=1539596387&src=3&ver=1&signature=Egrj350GoKY8-KUcIJshb*eeioF*Y*ydi*u0ILYsL6RJUJey1AvR3QfCRujcT71MfkDpwroL01Tl3tqyi0Rpis*LsYSPU2Sc*OiyjohgfU6bW5xGOZvY4VA3FfB9qc*scj5odFcI-37EAJA0WCsS-Jdi8wJIjZybCQKDqL5Ubsc=]]></url>
  <title><![CDATA[@衡东人，虫草头碗全新升级上市，国庆期间限时3天优惠大放送]]></title>
  <content><![CDATA[由于销售火爆，前段时间聚味堂全厂人员加班加点生产黄贡椒脆肚和劲脆老鸡爪，导致虫草头碗停产了一个多月，让许多心心念念想吃头碗的粉丝们失望了，我们为此深感抱歉！经过紧锣密鼓的筹备，终于在国庆期间，虫草头碗全新升级上市。虫草头碗升级后分量更足，口味更醇正。虫草头碗将于10月5日全面供货，规格为8寸碗，含肉丸8个，统一零售价55元/碗，适合6-10人食用，头碗售出后不再接受退碗。国庆期间线上商城优惠福利大放送，邀请好友瓜分30元头碗红包再下单购买更省钱，3名好友瓜分完红包即可使用，红包有效期截止10月8日0点。识别二维码进入商城瓜分红包↓↓↓点击图片进入商城瓜分红包↓↓↓爆料/广告/合作 联系：17742543179（微信）]]></content>
  <author><![CDATA[嗨转衡东]]></author>
  <time>2018-10-03 17:01:46</time>
  <account><![CDATA[hihengdong]]></account>
</data>
