<data>
  <id><![CDATA[51538813]]></id>
  <url><![CDATA[https://mp.weixin.qq.com/s?timestamp=1539596387&src=3&ver=1&signature=Egrj350GoKY8-KUcIJshb*eeioF*Y*ydi*u0ILYsL6RJUJey1AvR3QfCRujcT71MfkDpwroL01Tl3tqyi0Rpim-O2eLMhSOIlWflVwMnjqgoMUfsXzY--jlaPit376acWNTu-qS1g8kW8TZ5ft0l5lt*PpvEe82xQcvkBVmQs0U=]]></url>
  <title><![CDATA[【路演识英雄】为你揭晓衡东县首届“十佳创业青年”！]]></title>
  <content><![CDATA[路 演 识 英 雄10月10日上午， 由中共衡东县委统战部联合县工商联（总商会）、共青团衡东县委主办，县经济开发区、县商务和粮食局、县经济科技和信息化局、县农业局、县广播电视台协办的的衡东县首届“十佳创业青年”路演评比活动，在恒瑞酒店成功举行。县委常委、统战部长陈嘉，县人民政府副县长颜亚华，县政协副主席、工商联主席陈斌智出席活动并为参加路演的创业青年点评。衡东县首届“十佳创业青年”评选活动启动以来，得到了社会各界的大力支持和广泛关注。经过前期宣传发动、个人申报、资料初审、相关单位综合评审等环节的层层筛选，共有16位候选人成功晋级，最终入围本次路演活动，现场角逐衡东县首届“十佳创业青年”的席位。路演现场，每位候选人在8分钟内，采用PPT、微视频等形式进行自我介绍和项目展示，接受10位专家评审和106位大众评审现场打分，所有参赛选手的评审分数由工作人员现场统计、现场宣布，评比活动邀请县纪委县监委派驻县委统战部纪检监察组进行全程监督，确保结果公平、公正。一场场精彩的演说，一个个机智的应答，一个个生动的展示……无不展现出创业青年们的智慧和能量，赢得现场观众阵阵掌声。最终根据候选人得分情况，颜永杰等10人获评衡东县首届“十佳创业青年”荣誉称号，刘铁根等6人获衡东县首届“十佳创业青年”提名奖。陈嘉指出，首次在全县开展“十佳创业青年”评选活动，是为了进一步推动全县创业青年创业热情，营造良好的创业氛围，通过选树先进典型、加大示范引领，激励和引导更多青年通过创新创业成就自身梦想，实现社会价值，助推县域经济更好地发展。她殷切寄语全县创业青年，带着压力拼搏，带着理想放飞，带着激情攀登，争做青年创业的先锋、科技创新的先锋和行业创优的先锋，为县域经济注入新的活力。图：王新照]]></content>
  <author><![CDATA[嗨转衡东]]></author>
  <time>2018-10-11 17:36:05</time>
  <account><![CDATA[hihengdong]]></account>
</data>
