<data>
  <id><![CDATA[51538813]]></id>
  <url><![CDATA[https://mp.weixin.qq.com/s?timestamp=1539596387&src=3&ver=1&signature=Egrj350GoKY8-KUcIJshb*eeioF*Y*ydi*u0ILYsL6RJUJey1AvR3QfCRujcT71MfkDpwroL01Tl3tqyi0RpiuGoZ8ykH3ksdgJUrD8PzRLN7A4Z4su6K6bzhv3DwlXmwl3t5SGNyUUQgiUulAaBvdqpMTBbYeUGXUik-J2hkK0=]]></url>
  <title><![CDATA[嗨爆衡东的驴肉火锅店，试过一次就会被圈粉！]]></title>
  <content><![CDATA[本期关键词：驴肉火锅、衡东土菜、驴鞭酒要长寿吃驴肉  要健康喝驴汤天上龙肉   地下驴肉驴肉肉质细嫩，入口富有弹性性温，是秋冬季节进补的好食材营养价值丰富具有补气养血、养颜，滋阴补肾和利肺等多种功能食福驴肉火锅店开店10多天就有很多伙伴去体验了驴肉火锅伙伴们都说新鲜好恰为了感谢大家的支持这一次，大气老板要出来搞事了！福利活动粉丝专享盆友圈保留原文链接福利点zàn38个即可享受进店消费驴肉42.8元/斤享受现杀现卖驴肉仅需45.8元/斤福利时间10月13日—10月24日话不多说，我们立刻开锅！▼灵魂锅底 过瘾美味汤底上桌煮开，一掀开锅盖，即刻可以闻到一股鲜美的汤味，衡东湿冷的天气下，喝汤是开启驴肉火锅的第一步，这可不是一口简单的汤底，其实它的内里大有乾坤！这个驴骨汤锅底可是专业师傅，专人看住熬煮数小时而成的，老板一般从早上6点就开始起来熬汤了，极其需要时间和经验。除却驴骨，光药材还有好几味：淮山，枸杞，天麻，红枣，甘草...等等，都是中药里补气益血的好东西。软滑如脑花的驴骨髓把一锅清水变成热气腾腾的又白又浓的奶汤，喝起来会觉得浑身舒畅，感觉所有的毛孔都被打开了。汤浓厚鲜美，能美容养颜不说，还滋阴壮阳哦！（温馨小提示：驴骨熬汤第一遍是清汤，之后会越煮越白）驴肉火锅多种食材可选在这里能吃到最全部位的驴肉，每个部位的口感都有所不同，这份指南你收好哦~驴肉片最受期待的当然是主菜：驴肉片，鲜嫩可口，分量又足！营养价值绝对秒杀猪牛羊！而且店里的驴肉都是现杀现卖的，平时都会有活驴在后厨进行宰杀，全部都是来自内蒙古大草原的，有特定的供应商，绝对保证了原材料的新鲜放心！你进店就能看到老板或者大厨现场切片，吃之前还可以欣赏下老板的刀工。吃驴肉绝对是一次挑战美味极限的过程。驴肉片直接放到滚烫的滋补清汤里开涮，看着都食欲大增！从脆到嫩，从爽到滑，回味悠长。驴肉片5-8秒即熟，出锅嫩嫩哒口感最好，驴肉与牛肉不同，不管煮多久都还是嫩嫩的口感，但是小白还是觉得涮熟就吃最美妙啦~煮熟的驴肉还略带点粉嫩，口感比牛肉更实在，夹出来的时候还散发着热气，爱吃辣的朋友，还可以裹一层上店内精心调制的酱料！香辣无比，肉质多汁紧实~简直是一口入魂！还没有任何的异味！你也可以按自己的喜好调制酱料，再舀上一勺驴骨高汤！搅拌均匀！！☟裹上一层！☟啊~为什么我辣么嫩！！☟驴皮在外吃驴肉宴，可是很难能吃到驴皮的！作为熬制阿胶的原料，本来就矜贵到飞起，而且上桌前要经过至少2小时的煲煮，才能保证驴皮爽滑弹牙。开锅就把驴皮放进去，煮个15分钟左右就能吃。每一口都是满满的骨胶原~~胶质丰富到嘴唇都黏在一起张不开了！感觉多吃几块就能免去一次美容院的费用了~驴筋还没开吃之前，小编其实就被这个半透明的驴筋吸引住了，所以先下手为强啦！下锅烫一下就可以吃的。驴筋中除了满满胶原蛋白的滋补养颜的功效，还有强筋壮骨的功效。入口嫩滑鲜甜，软而又有嚼劲，口感刚刚好！驴肉丸子驴肉丸子，全部采用新鲜驴肉手打成型，然后炸至金黄色，每颗丸子的身材都一样大，可见师傅手艺之高超。吃腻了牛肉丸一定要来试一试。肉质紧实弹滑，咬一口牙几乎都要被弹倒了。驴肉饺子驴肉饺子绝对打开了小编对美食新世界认知的又一扇大门，皮厚馅足，肉馅在最大程度保留了驴肉的营养成分，饺子里的驴肉用的可都是驴的大腿肉，而且是每一块肉里的筋膜都要给剔除干净，这样才会保证肉馅的嫩滑口感。入口扎实，香而不腻，味甘美，在这么冷的天气里，喝一口驴骨高汤，再吃驴肉饺子，一个字：爽！驴鞭&驴肠驴鞭有什么特别厉害的功效，大家都懂的，小编就不在此说明了，希望男士们能悠着点吃噢！驴肠不是很肥，浓香柔糯，不会很腥，那种香气真是一口难忘~重点是一点都不油腻！还有超级多的部位，像驴血、驴尾、驴肚...多达25种！一只驴从头到尾都能吃，小编真的说都说不完！！又是滋阴温补的肉类，吃多也不上火！搭配均衡更营养虽说驴肉不易长胖，但青菜还是必不可少，店内的所有蔬菜都是新鲜时蔬，荤素结合，去腻清肠胃~时蔬有满满一篮子那么多，烫在火锅中捞出来之后，配着驴肉吃下去~唇齿留香。在衡东转凉的天气里，叫上朋友围着热气腾腾的火锅炉，来个驴肉火锅，保证你吃到爽，感受满满的胶原蛋白和氨基酸！除此之外，食福驴肉火锅店还有正宗衡东土菜！就等你来店里品尝哟！长按下方二维码加老板微信还会有更多福利哦！详情见店内海报地址：衡东店——洣江大道797-798号电话：0734-5225711]]></content>
  <author><![CDATA[嗨转衡东]]></author>
  <time>2018-10-13 19:34:36</time>
  <account><![CDATA[hihengdong]]></account>
</data>
