<data>
  <id><![CDATA[51538813]]></id>
  <url><![CDATA[https://mp.weixin.qq.com/s?timestamp=1539596387&src=3&ver=1&signature=Egrj350GoKY8-KUcIJshb*eeioF*Y*ydi*u0ILYsL6RJUJey1AvR3QfCRujcT71MfkDpwroL01Tl3tqyi0RpiuGoZ8ykH3ksdgJUrD8PzRJMutYkewX5QNOAXtai8-WHKq1K*VWSjxADdNAaESvMwH27FJx6Y2FWGrwbPS8hkdk=]]></url>
  <title><![CDATA[湖南一男子为骗保假死，妻子信以为真，竟带儿女自杀殉情！]]></title>
  <content><![CDATA[戳蓝字关注  商务合作微信：17742543179————广告推广（联系微信：17742543179）————据娄底新化公安微信公众号消息，10月12日，新化县琅塘镇晚坪村人何某向新化县公安局梅苑派出所投案自首。经查，何某为逃避十余万的网络贷款，于9月7日隐瞒其妻子戴某花（31岁，琅塘镇团结山村人）在某保险公司购买一份赔偿金额100万的人身意外险。9月19日凌晨，何某利用借来的车辆在新化县曹家镇城坪村资江河段伪造坠河现场，制造车毀人亡假相，企图骗取保险金。目前，何某因涉嫌故意毁坏财物罪和保险诈骗罪被公安机关刑事拘留，案件在进一步调查处理之中。延伸阅读反转！丈夫疑出车祸失踪妻子带着一对儿女自杀，2天后丈夫现身丈夫失踪后，31 岁的戴某花曾委托他人发布寻人信息。约10天后，丈夫所驾驶一辆车辆在河中找到，车牌被打捞上岸，但丈夫依旧不见踪影。" 再见了，美好而又残酷的社会！"20多天后，戴某花带着一双儿女离开，并在微信朋友圈留下1000多字的 " 绝笔书 "，当地政府获悉后在微信公众号微信号中发布寻人信息。10月12日，新化县琅塘镇政府发布消息称，在10月11日上午10点多，戴某花及两名孩子的尸体在琅塘镇一水塘处被打捞出来，经公安部门现场勘察，三名死者均排除机械性暴力损伤致死，符合生前溺水身亡。但令人唏嘘的是，10月12日下午，戴某花的家属告诉潇湘晨报记者，在戴某花死后的10月12日，其丈夫何某现身，并已经到公安部门接受调查。戴某花居住所在村村干部和当地警方内部人士证实这一说法。新化县公安局相关负责人表示，他们将尽快发布通稿进行通报。丈夫疑出车祸失踪，妻子带着一对儿女自杀身亡这两天，新化县琅塘镇一名31岁的女子带着一对儿女自杀的悲剧引发关注。新化县琅塘镇人民政府官方微信 " 琅塘政务 "10月10日发出一篇《新化全城紧急寻找写绝笔的女人（带有两小孩）》的推文，其中推文发出戴某朋友圈部分截图，截图中提到 " 我只想一家四口在一起。此时做这样的选择我也好害怕，害怕没成功死去会痛苦。"10月12日，琅塘镇官方微信再次发布名为《琅塘镇紧急处置一场溺亡事件》的情况说明。情况说明中通报，2018年10月10日12：30左右，新化县琅塘镇团结山村戴某花在微信朋友圈发布 " 绝笔信 "，信中流露出轻生念头。琅塘镇政府得知消息后，立即组织琅塘派出所及团结山村、晚坪村村干部和村民迅速在周围村落、路口及河库等地进行搜寻，并与戴某花平时租住地梅苑派出所联系，联合开展搜寻工作。2018年10月11日10：50左右，戴某花及两名孩子的尸体在琅塘镇谭家村与大龙村交界的一处水塘被打捞出来。经公安部门现场勘察，三名死者均排除机械性暴力损伤致死，符合生前溺水死亡。通报称，戴某花，琅塘镇团结山村人（1987年出生），自幼父母双亡，后嫁给琅塘镇晚坪村何某（1984年出生）。两人共育有一子一女，儿子现年4岁，女儿现年3岁。2018年9月19日，丈夫何某驾车失踪。约10天后，失踪车辆在资江河中被发现，何某至今生死不明，新化县公安局已受理该警情，并全力开展调查。丈夫疑似出车祸失踪，但妻子儿女死后两天突然现身据潇湘晨报记者了解，在9月19日何某失踪后，其电话、微信一直无法联系上。戴某花曾经委托当地自媒体发布了寻人信息。9月30日，何某家属发现何某曾经驾驶的车辆疑似出现在当地曹家镇辖区内的资江河中，并求助于当地蓝天救援队。随后，新化蓝天救援队来到家属指定的位置，并从江中打捞出一块白色湘K汽车的保险杠外壳，这辆车正是何某驾驶的车辆。救援队随后用探测仪探测，发现汽车位于河底，但并无何某的踪迹。现场视频显示，有当地村民怀疑是何某驾车不慎冲入到河中。记者查询显示，这辆车牌并非登记何某名下。戴某花的表哥戴先生说，何某在一家汽车租赁公司工作，这辆车可能是公司的其他车辆。悲剧发生后，很多网友为戴某花的做法感到惋惜。戴某花在其遗书中说道，" 人生苦短，但对于我来说却不苦不短，我是幸福的离开，追随爱的人儿离开，说好一起慢慢变老，一起离开，怎么能舍得你单独离去呢，所以宝贝，老婆来陪你了，我只想一家四口在一起。" 在遗书中，戴某花还透露出在丈夫失踪后面临的压力，同时透露出其夫妻欠信用卡数万元等细节。戴某花的表哥戴先生称，戴某花从小生世凄苦，其是家中独女，母亲在其两岁时去世，其父亲在其10岁时去世，由姑奶奶抚养大。懂事后原本在外地打工，后嫁给了何某，平素也很少与娘家亲戚来往。在去年，其曾变卖了在老家的家产，并将几十万交给何某。" 但从遗书内容可以看到，他们夫妻俩的感情还是很好的，认为丈夫肯定不在了，才会走上这条路 " 戴先生说，他们是在戴某花丈夫何某失踪后10多天才知道此事，并在事后曾去看望她。戴某花和儿女溺亡后，其婆家正在给其操办后事。10月12日下午，戴先生致电潇湘晨报记者称，其收到一条令人吃惊的消息，何某并没有死亡，并已经出现在公安局。何某居住地琅塘镇晚坪村的一名村干部和一警方内部人士向记者证实了此消息，并称何某是在10月12日已现身公安部门，目前警方正在对其进行调查。这位村干部称，何某还有两个哥哥和一个妹妹，在当地家庭条件一般，之前欠了一些外债。记者随后向新化县公安局相关负责任求证此消息。相关负责人表示，公安部门将尽快就此事进行通报。（记者 曹伟）附戴某花遗书全文（由戴某花家属提供）：人生苦短，但对于我来说却不苦不短，我是幸福的离开，追随爱的人而离开，说好一起慢慢变老，一起离开，怎么能舍得你单独离去呢，所以宝贝，老婆来陪你了，我只想一家四口在一起，此时做这样的选择我也好害怕，害怕没成功死去会痛苦，如果还有一辈子，我仍然会选择嫁给你，不知你是否还愿意娶我，现在虽不知你是否还活着，但每天这样思念你，已让我没有活下去的念想，我更没有勇气承担外界的压力言论而活着。我想说的是：失去心爱之人我已够痛苦，可还要承受有些人的嘴巴，何某消失不见就把责任推向我，或许是因为我没有父母，才会这样对我吧，假如我有父母在的话，也许就不是这样的结果吧。所以我无话可说，这是我的命，我用命来结束这一切，以证明自己的清白！我没有做对不起任何人的事，如果一定要说何某离开是我的责任的话，那我只能说，是我没有出去打工、坚持要带两个崽崽在身边，让何某压力大，一个人挣钱，四个人花钱，可我也是因为小孩由父母带在身边对小孩成长好啊！下一个话题就是：二哥，至于你说何某在新化过得完全不是人的日子，我不知道你为什么要这样说，我更不明白你为什么要到谭家说我有精神问题，这些我也不想知道，所以我也没有找你理论这些，假如你有女儿，你的女儿发生这样的事，你会不会这样说呢？应该不会吧。还有爸爸你说我出去打工，在出去之前要写一份协议，这让我情何以堪，我是两个崽崽的妈妈，我出去打工，肯定会给崽崽寄生活费，因为我有抚养的义务，如果我不抚养，法律会处理的，但也没必要和你写协议啊！你这不是侮辱我吗？另外关于信用卡的事，为了何某，我信用卡欠了几万，而我对你们说，为了何某，我信用卡只用了两万多，之所以这样对你们说，是怕你们伤心，何某的事够让你们头痛了，我不想再加你们的痛。所以我用生命来还信用卡，我为这个家付出这么多，付出一切，付出所有，到头来何某离开了，却得到这样的结果，但我不怨恨你们，所有一切都是我自愿心甘情愿付出的！其实我每个月除了正常开支，我没有多花什么钱，不知你们为什么说我乱花钱，坦白讲，我非常相信何某，我没有败钱，我也相信何某，他也是有不得已的苦衷才会导致钱损失。其实我每天除了买菜和每个月买肉用的是现金，其他大部分我都是手机支付，如若不信，你们可以让警察调查我手机的消费记录，另外我和何某吵架的事嘛，我们只是当时吵的凶，吵完之后，就立马没事了，每对夫妻相处方式都不一样的。现在发生这一切是我最不愿意看到的。我不想解释什么，我的解释你们也不会听，如今我只希望我的离开，能够让你们放下何某离开的仇恨、也能够让你们的嘴巴以后能留点人情些，人的一生，没有谁会一帆风顺，放过别人也是放过自己，我本想自己独自离开，可儿子女儿没有爸爸妈妈陪伴，他们会很痛苦，他们也会向我一样受人欺负，所以只能带他们一起离开，长痛不如短痛。最后一句：我离开了，请我的亲戚不要到晚坪来找麻烦，我已经逼的没有选择、没有退路了，但我是心甘情愿选择离开的，我自己自愿的选择，没有人强迫，与他人无关！也恳请大家不要谣言生事，很多时候有很多事情是永远没有答案和结果的！就让这一切默默的没有争吵结束！愿这个社会大家多一份饶恕少一份指责！多一份善心，少一份邪恶！再见了，美好而又残酷的社会！戴某花绝笔！来源：红网、部分综合潇湘晨报爆料/广告/合作 联系：17742543179（微信）▼找顺风车｜找工作｜找房子｜二手买卖｜点阅读原文！]]></content>
  <author><![CDATA[嗨转衡东]]></author>
  <time>2018-10-13 19:34:36</time>
  <account><![CDATA[hihengdong]]></account>
</data>
