<data>
  <id><![CDATA[51538813]]></id>
  <url><![CDATA[https://mp.weixin.qq.com/s?timestamp=1539596387&src=3&ver=1&signature=Egrj350GoKY8-KUcIJshb*eeioF*Y*ydi*u0ILYsL6RJUJey1AvR3QfCRujcT71MfkDpwroL01Tl3tqyi0RpiogrjZg08Void10dMk-XCl*QTrkF79NtkGp*ETXE2iSrUq0FCeEZOAHNSz6HTRNdBXCV-zMXctfyPhTx2NqzPxQ=]]></url>
  <title><![CDATA[衡东微相亲｜单章华：爱拼才会赢]]></title>
  <content><![CDATA[戳蓝字关注  商务合作微信：17742543179————广告推广（联系微信：17742543179）————单章华年  龄  38岁身  高  170cm体  重   62kg星  座   摩羯座爱  好   唱歌.打球.阅读.缎练现  居   黄埔区爱拼才会赢风采展示如何成为推荐嘉宾？添加红娘微信，告诉红娘你需要被推荐平台推荐须知推荐要求：必须是衡东的单身男女（或在衡东工作的单身男女），一旦发现伪单身或信息虚假，立即拉黑注销。资料准备：请将个人姓名、家乡、兴趣爱好、职业、择偶要求、个人宣言，联系方式，发给衡东相亲平台红娘微信（微信号：hdxq114）。至少附1张个人生活照照片。如何快速脱单来衡东相亲网，本平台聚集有大量的衡东的优质单身男女，本平台会员有公务员、企事业单位职员、个体工商户、上班族等。直接扫码下方微信，添加红娘“小菲”为好友。参与方式：如果你也想参加微相亲，直接加小菲（微信号：hdxq114）报名即可。红娘小菲：微信号：hdxq114找女友？找男友？想脱单？就上衡东相亲网衡东本地真实相亲平台，一对一搭桥牵线◆ ◆ ◆爱点赞的朋友，运气不会太差戳阅读原文，进入“衡东相亲网”4000个帅哥美女等你，！]]></content>
  <author><![CDATA[嗨转衡东]]></author>
  <time>2018-10-08 18:41:33</time>
  <account><![CDATA[hihengdong]]></account>
</data>
