<data>
  <id><![CDATA[51538813]]></id>
  <url><![CDATA[https://mp.weixin.qq.com/s?timestamp=1539596387&src=3&ver=1&signature=Egrj350GoKY8-KUcIJshb*eeioF*Y*ydi*u0ILYsL6RJUJey1AvR3QfCRujcT71MfkDpwroL01Tl3tqyi0RpirUHEQgb*0eWZf0VSvvm81-yJ67tkRybCMCnFreVbciw5shUdLZXx1*iQrj-DqQ2r0UOut1HEQPktjXtT3cqmQk=]]></url>
  <title><![CDATA[不服老的“90后”院士，衡东的刘新垣真是了不得！]]></title>
  <content><![CDATA[戳蓝字关注  商务合作微信：17742543179————广告推广（联系微信：17742543179）————精彩内容他出生于衡东县草市镇，是我国著名分子生物学家、中国科学院院士、乌克兰科学院外籍院士和第三世界科学院院士。他把一生都奉献给了科学研究，在分子生物领域取得了多项重大科研成果。虽然如今已经是91岁高龄，但他依然每天工作12个小时，每年工作360天。为推进靶向基因—病毒治疗研究，攻克癌症治疗的世界性难题而孜孜不倦。他也因此被同事和学界戏称为“90后”院士。每天清晨，赶到中科院生物化学与细胞生物学研究所工作的人群中，刘新垣是年纪最大的一位。1957年从南开大学毕业后，刘新垣在河北医科大学工作数年后，就来到了这里，在上海这条小路上，一走就是61个年头。尽管最热闹的外滩近在咫尺，但他只去过两次。他更习惯于实验室的安静，后来索性把家也搬到了研究所附近。【同期声】中国科学院院士  中国分子生物学家 刘新垣（91岁）已经工作61年了，我还要工作到100岁。刘新垣工作的这栋生化实验大楼赫赫有名，在它的一楼大厅，挂着两张图，一张是1965年我国在世界上首次人工合成的蛋白质——结晶牛胰岛素；一张是1981年我国在世界上首次人工合成的76个核苷酸的整分子酵母丙氨酸tRNA，两个都出自这里。刘新垣为后者作出了重要贡献。【同期声】中国科学院院士  中国分子生物学家  刘新垣（91岁）标志着中国在这个领域进入了世界先进行列。刘新垣的办公室，面积大约10平米。没有应酬用的会客厅，也没有任何奢华的物件。唯一特殊的就是所里考虑刘院士年过九旬，将座椅悄悄换成了躺椅，累了就可以躺下休息。实验室里正在攻关的课题是癌症的靶向基因–病毒治疗。几十位科研人员的分工协作、经费开支等由他人管理，刘新垣只管大事，有条不紊。【同期声】中国科学院生物化学与细胞生物学研究所副研究员 倪爱民不服老，他说人在任何时候，都要拼搏到底的。和“布鞋院士”李小文一样，刘新垣的很多衣服上也都有补丁。夏天的时候，衬衫和背心因为是同一个款式，曾让人误会他经常不换衣服。【同期声】中国科学院生物化学与细胞生物学研究所研究员  倪爱民 5分他是很节俭的，夏天穿的衬衫或者是背心，都是有洞洞眼眼的。1969年，刘新垣人工合成了干扰素诱导物，成为中国干扰素研究第一人。但此时正值文化大革命，刘新垣的科研成果不但得不到奖励，他还被关进了牛棚。【同期声】中国科学院院士  中国分子生物学家   刘新垣（91岁）我们是出身不好。就是关起来，你没有自由的。艰难的文革岁月，并没有熄灭刘新垣对科学的热情，他继续想尽办法进行研究。 取得了三项重大科研成果，也先后三次被打成反革命，直到1978年，国家拨乱反正，他才得以昭雪平反。【同期声】中国科学院院士  中国分子生物学家   刘新垣（91岁）拿到一个徐汇区选举人民代表证，选举资格，我都哭了，流眼泪了。改革开放，催生了科学的春天，刘新垣的科研事业迎来新的篇章。通过无数次实验，他与魏光文教授共同发现了超级干扰素。这是世界上少有的广谱高效抗病毒物质。与普通干扰素相比，抗SARS能力提高了数十倍，还有很好的抗癌作用。2001年又开创性提出“癌症的靶向基因–病毒治疗”新学说，为肿瘤的临床治疗开创了新的思路。后来他又使用双基因策略，使抗癌效果增加了数十上百倍。【同期声】中国科学院院士  中国分子生物学家  刘新垣（91岁）用我们的策略，可以一次性地把小白鼠肿瘤全部消灭光。为促进科研成果的转化，刘新垣下海成立了公司，继续癌症的靶向基因病毒治疗研究，将科研成果变成药物。【同期声】上海希元生物科技公司总经理   章康健博士我们希望在2024年，有药物进入临床二期，能够造福肿瘤患者。同时也希望在未来，能够代表中国生物科技企业，为国争光。虽然已是91岁高龄，但刘新垣还坚持带研究生，并兼任浙江理工大学新元医学与生物技术研究所所长。因为所带的五名研究生要进行论文答辩，他今天得赶往位于杭州的浙江理工大学。不带助手，不带秘书，一个人提着一袋子资料，从上海坐了3个小时的汽车来到杭州。胡锦庆是刘新垣喜爱的研究生，大学毕业后本已考上青岛市的公务员，但被老师的学术精神所打动，放弃公务员岗位，专心读研。【同期声】刘新垣的研究生  胡锦庆他是一个非常严谨治学的人，我们作为学生都非常崇拜他、尊敬他。而且在他影响下，非常喜欢科研。从事科研工作以来，刘新垣培养的学生已有近200名。其中包括3位所长、近10多位全球知名的教授。【同期声】中科院生物化学与细胞生物学研究所副研究员 顾锦法培养一个学生是要花很大精力的，特别是修改他们的第一篇研究论文很费力，一般要改4至5次，有些改掉50%。所以刘院士很了不起。出差这一天，上午坐车，下午听论文，晚上返回上海，整整14个小时连轴转。刘新垣对科研的热情，不仅感染了众多学生，也感染了家人。【同期声】刘新垣的妻子  宋后燕他一个礼拜工作7天，每天12小时。所以他是一心一意做他的科学梦。妻子宋后燕受丈夫的影响，成长为复旦大学上海医学院教授，国家有突出贡献的专家，上海市三八红旗手。刘新垣把做人民科学家作为人生座右铭。虽然身背无价的科研成果，但却蜗居斗室，穿着打补丁的衣服，把财富反哺社会，至今已累计向困难群众及受灾地区捐款300多万元。他还在媒体上公开承诺，走后将全部财产捐给慈善机构。家乡也是老人心底的牵挂。自21岁离开衡东老家，刘新垣虽然很少有时间回家探访，但却无时无刻不在思念故园，那份乡愁刻骨铭心。【同期声】中国科学院院士  中国分子生物学家  刘新垣（91岁）在老家盖一个养老院，在衡东盖一个院士图书馆，这是我的想法。做得到的，只是时间还不到。虽然每天都是高强度工作，但刘新垣的身体状况一直不错。2007年，刘新垣80岁的时候，与孙子们一起坐了一趟过山车，一不留神创下了吉尼斯记录。争取奋斗到100岁，研发出最好的抗癌药物，延长人类的寿命，是刘新垣最大的心愿，他对此充满信心。(来源：衡阳新闻联播)爆料/广告/合作 联系：17742543179（微信）▼找顺风车｜找工作｜找房子｜二手买卖｜点阅读原文！]]></content>
  <author><![CDATA[嗨转衡东]]></author>
  <time>2018-10-04 19:09:16</time>
  <account><![CDATA[hihengdong]]></account>
</data>
