<data>
  <id><![CDATA[51538813]]></id>
  <url><![CDATA[https://mp.weixin.qq.com/s?timestamp=1539596387&src=3&ver=1&signature=Egrj350GoKY8-KUcIJshb*eeioF*Y*ydi*u0ILYsL6RJUJey1AvR3QfCRujcT71MfkDpwroL01Tl3tqyi0Rpih1vroksMQmw1aQseKjbzMNNUbLPLGrArMalNREwFOPcD0iYXerUZmPNFXfqi4dzdGfGgl6lfyOtsBeSTCtMOmY=]]></url>
  <title><![CDATA[衡东太同兴招聘啦！我们需要你！]]></title>
  <content><![CDATA[有找工作的小盆友么？招聘啦！招人招人招人招人招人确切的说是纳贤！不管你是萌妹子还是硬汉子！只要你有一颗热爱珠宝的心！有责任心！你就来！礼物多多福利多多呦！太同兴丨招聘①销售精英10名1、负责各类货品的陈列与讲解；2、负责各类货品的销售与售后；3、完成店铺领导交办的其他各项工作；4、根据店铺分解任务，完成自己的销售目标，并乐于协助同事进行目标的冲刺。平均月薪3500-6000元上不封顶！工作地点：衡东②会计1名1、‍‍‍20岁以上，高中及以上学历，会计或财务专业；2、能够熟练操作计算机，稳重细致，工作严谨；3、具有良好的敬业精神，较强的学习能力和抗压能力，有文职类工作经验优先。月薪2500-3000元工作地点：衡东我们的福利及优势1.底薪+提成+奖金+福利游+带薪年假+年终奖；2.珠宝顾问两班倒，还有工龄工资；3.温馨、快乐的工作氛围；4.无限的发展空间。趁青春还有，节操还在有机会，就放肆动动手指，join us！and and and最重要 最重要 最重要▼请拨打蒋经理电话13875676727咨询。我们期待你的到来。“ 还在等什么？躁起来吧 ！”一经录用，为你提供· 具有竞争力的薪资待遇；；· 带薪年假；· 人性化的工作环境，多元化发展空间。等你哦❤~]]></content>
  <author><![CDATA[嗨转衡东]]></author>
  <time>2018-10-06 18:01:26</time>
  <account><![CDATA[hihengdong]]></account>
</data>
