<data>
  <id><![CDATA[51538813]]></id>
  <url><![CDATA[https://mp.weixin.qq.com/s?timestamp=1539596387&src=3&ver=1&signature=Egrj350GoKY8-KUcIJshb*eeioF*Y*ydi*u0ILYsL6RJUJey1AvR3QfCRujcT71MfkDpwroL01Tl3tqyi0RpiuGoZ8ykH3ksdgJUrD8PzRK-rSXTZN*nnP8DUdJ0uxaKCwGiLhVXHqkU3H8jjWvzIu*aoYQkqtZa*MblVjQ6XuU=]]></url>
  <title><![CDATA[我在外地，我为衡东代言！]]></title>
  <content><![CDATA[戳蓝字关注  商务合作微信：17742543179————广告推广（联系微信：17742543179）————我在惠州，我为衡东代言！姓名：小柯微信号：15888466961目前所在地：惠州老家：在衡东哪里？ ：吴集今年会回衡东吗 ？：会来到这个城市多少年？：一年想对衡东亲人说：坚强的后盾你的故事：爱过婊子，做过狗——— 衡 东 代 言 ————嗨转衡东将逐一推出代言人，在异地他乡，加老乡的微信一同沟通交流，与大家分享出你的“思乡情”！欢迎各位踊跃参与！！！报名方式1、点击文章底部左下角“阅读原文”可直接报名参与。2、加小编微信：1016639306进行报名。3、授权嗨转衡东进行发布。↓↓↓点击左下角“阅读原文”报名参与《我为衡东代言》]]></content>
  <author><![CDATA[嗨转衡东]]></author>
  <time>2018-10-13 19:34:36</time>
  <account><![CDATA[hihengdong]]></account>
</data>
