<data>
  <id><![CDATA[51538813]]></id>
  <url><![CDATA[https://mp.weixin.qq.com/s?timestamp=1539596387&src=3&ver=1&signature=Egrj350GoKY8-KUcIJshb*eeioF*Y*ydi*u0ILYsL6RJUJey1AvR3QfCRujcT71MfkDpwroL01Tl3tqyi0RpimQvWaQBYbZCrxZWf4F5Un8ZiAf4SNMucMn*pXJWMkR27ytDJwV55zth3rBPT1lnmCmPlhw4X2NmO0D65DPK5zU=]]></url>
  <title><![CDATA[实拍大浦通用机场建设现场...]]></title>
  <content><![CDATA[戳蓝字关注  商务合作微信：17742543179————广告推广（联系微信：17742543179）————大浦通用机场正在兴建中感谢阳先生供图想了解更多大浦镇的情况可加58同镇大浦站长]]></content>
  <author><![CDATA[嗨转衡东]]></author>
  <time>2018-10-01 18:14:35</time>
  <account><![CDATA[hihengdong]]></account>
</data>
