<data>
  <id><![CDATA[51538813]]></id>
  <url><![CDATA[https://mp.weixin.qq.com/s?timestamp=1539596387&src=3&ver=1&signature=Egrj350GoKY8-KUcIJshb*eeioF*Y*ydi*u0ILYsL6RJUJey1AvR3QfCRujcT71MfkDpwroL01Tl3tqyi0RpiogrjZg08Void10dMk-XCl88J862F2rpsZP8nPFHOmd6Pmkl19GsX1T4hm367mVqq--SK3e23f7rPZARBMb0Wbk=]]></url>
  <title><![CDATA[“甘A88888”号牌政府给了一辆出租车！网友：干得漂亮！]]></title>
  <content><![CDATA[戳蓝字关注  商务合作微信：17742543179————广告推广（联系微信：17742543179）————“因为这个车牌，我这出租车成了兰州家喻户晓的明星车。”司机王杰（化名）师傅说。说是明星车，不只是因为车牌号独特，更是因为这个车牌背后的故事让人佩服。“这个车牌，买是买不到的，这是当年政府为了奖励一名出租车司机的善行，奖励给他的。”王师傅提高了声音，“据说当年这个老师傅救了人，并且一直坚持做善事儿、服务态度又好，政府为了褒奖他，就奖励了这个车牌。但老师傅为人十分低调，很少说起这些事儿。”被奖励车牌的老师傅已经60多岁，准备退休了，但车牌仍留在出租车上使用。机缘巧合下，王师傅承包了这辆明星车，让它继续穿梭在兰州街头。“最初想开出租车就是为赚钱，但是跟这辆车打交道，对自己的要求不自觉就提高了。”再加上车牌号特殊，很多乘客一到车上就主动跟王师傅聊天，尤其是外地人，王师傅在这样的日子里，性格也变得越来越开朗。在王师傅的乘客中，有不少是到兰州旅游的外乡人。“我是兰州本地人，对这里的一切都烂熟于心，推荐他们去哪儿玩、抄近路把他们送到目的地是我经常干的事儿。也有几个粗心游客，把钱包落在车上，有的人能记着车牌号找回，更多的是我发现，再给人送回去。”王师傅笑道，“心里感觉就俩字，舒服！”来源：河南商报（见习记者 郝楠楠），综合人民网（ID：people_rmw）本期编辑：胡程远、赵雅娇爆料/广告/合作 联系：17742543179（微信）觉得不错，请点赞↓↓↓]]></content>
  <author><![CDATA[嗨转衡东]]></author>
  <time>2018-10-08 18:41:33</time>
  <account><![CDATA[hihengdong]]></account>
</data>
