<data>
  <id><![CDATA[51538813]]></id>
  <url><![CDATA[https://mp.weixin.qq.com/s?timestamp=1539596387&src=3&ver=1&signature=Egrj350GoKY8-KUcIJshb*eeioF*Y*ydi*u0ILYsL6RJUJey1AvR3QfCRujcT71MfkDpwroL01Tl3tqyi0RpitVjTjQU-xn46EorR8u18GxDwXCwNLLI439D4P0ohVLhAWk9xIKy9Ia-u-ziHgSUdDZX*Df6ZDmw6pIlTE9vj2g=]]></url>
  <title><![CDATA[厉害了，这个衡东青年晋级创新创业大赛全国赛...]]></title>
  <content><![CDATA[特讯：我县创业青年谭俊以“社区可再生能源供暖供冷的应用与开发”项目在第五届“创青春”湖南省青年创新创业大赛上获得工商组第三名，得到评委团一致肯定与推荐，将代表湖南省出征第五届“创青春”中国青年创新创业大赛工商组全国赛。这将是一场盛况空前的比拼，是我县青年创业者的至高荣誉，祝他好远！欢聚一堂英雄榜企业简介湖南天行健能源管理有限公司是由一批毕业大学生组成的创业型公司，年轻、富有活力，致力于可再生能源的利用、研发，并提供能源一体化解决方案的专业集成商和节能服务供应商。公司秉承“科技改变生活”的核心理念，为建筑项目制定能源应用方案。天行健能源管理拥有集规划、设计、咨询、施工、管理、运营于一体的全产业链服务模式，竭诚为用户提供科学合理的能源管理方案。公司核心管理团队6人，其中总经理1人，财务1人、技术总监1人，总工程师1人。拥有硕士研究生文凭3人，大专文凭1人。公司注册资金2000万元。其中法人代表谭俊，湖南师范大学硕士研究生毕业，第五届“创青春”中国青年创新创业大赛国赛参赛选手，省赛、市赛前十强。湖南省农村青年创业带头人，衡阳市青年企业家协会理事，衡东县青年创业协会会员，衡东县工商联（总商会）执委、代表，享受政府津贴的创新型人才，对市场开发、行业战略布局具有前瞻性思维。请看这边，动动手指扫描投票投票啦扫上方二维码，关注“创青春”，在对话框里面输入“S052”，找到右上角图片进行投票。投票哦！觉得不错，请点赞↓↓↓]]></content>
  <author><![CDATA[嗨转衡东]]></author>
  <time>2018-10-07 19:11:46</time>
  <account><![CDATA[hihengdong]]></account>
</data>
