<data>
  <id><![CDATA[51538813]]></id>
  <url><![CDATA[https://mp.weixin.qq.com/s?timestamp=1539596387&src=3&ver=1&signature=Egrj350GoKY8-KUcIJshb*eeioF*Y*ydi*u0ILYsL6RJUJey1AvR3QfCRujcT71MfkDpwroL01Tl3tqyi0RpitVjTjQU-xn46EorR8u18GyVbFUeerH5-bT-zdcwWx2s7vENTiySASbO-F-In2mHqkTrO-YWV6PAZ0*-gIxx9XA=]]></url>
  <title><![CDATA[石杨花海美醉流年]]></title>
  <content><![CDATA[石杨花海   美醉流年摄影 | 背影     出境 | 小可爱     撰文 | 静待花开魅力衡东，醉美石杨！衡东洣水国家湿地公园石杨花海，隐藏于阡陌深处，温柔了岁月，惊艳了时光。这一片姹紫嫣红的花海，在人潮涌动的十月，舞动曼妙身姿，美醉似水流年。波斯菊、硫华菊、百日草和向日葵等各色花朵竞相争艳，红的、白的、黄的、粉的、紫的，点缀在初秋的洣水岸边。这一派欣欣向荣的热烈，汪洋恣意，明媚了一片花田，灿烂了一季秋天。暖暖秋阳下，缤纷的花儿与恬静的流水相依，与挺拔的白杨相伴，盛开在洣水岸边，盛放秋天的丰稔与诗情画意，也绚烂在慕名而来的游人朋友圈里。众多游客前来赏花、拍照、骑马、放风筝......有人说：每一片花瓣，都是传说；每一朵花叶，仿佛前世。不知这花叶之间，是拓印唐朝的文字，还是镌刻宋朝的诗篇？每一朵花都开放得如此斑斓、浪漫、雅致、壮美，一齐奏响洣水的秋天里最华美的乐章。蓝天白云下，柔软时光里，有美一人，宛若清扬！伊人翩然而至，凝眸深处，品味石杨唯美瞬间，徜徉衡东最美画卷！“自古逢秋悲寂寥，我言秋日胜春朝”，这样的花海，赐予我们一场美丽的相逢。夕阳西下，倦鸟思归，秋虫呢喃，花儿摇曳，这份恬淡、深情与静谧，书写石杨秋日意蕴情长的诗篇。时光走笔，季节辗转，于清浅光阴中携手一人，去往花海深处，浅浅淡淡寻一份安宁，长长的路，让我与你携手慢慢地走。寂寥人生，哪怕闻过的花香，走过的乡路都会成为过往的风景，那入心入眼的美好，也会一直停留在心底，成就一段丰盈与圆满。水静香自远，心静花自开。石杨的花海是豁达超然的，在江南的乡村朴素热烈地绽放。石杨的花海是大气洒脱的，只要你愿意，缤纷绚丽的花朵等你来，宽敞美丽的乡路等你来，热情好客的新塘人民等你来！繁花，秋水，远山，斜阳，青莲，白杨......诠释石杨超凡脱俗的深远静美，铺展衡东醉美乡村生态画卷！秋的灵魂，在诗里，也在这一片花海里。我曾在四季轮回里静待花开，花开的时候，你是否记得来看我？石杨，你是在倾诉秋天的心事？还是在吟诵隔世的梵唱？就让我沦陷在你编织的梦幻里，沉醉在你深邃的诗行里......爆料/广告/合作 联系：17742543179（微信）▼找顺风车｜找工作｜找房子｜二手买卖｜点阅读原文！]]></content>
  <author><![CDATA[嗨转衡东]]></author>
  <time>2018-10-07 19:11:46</time>
  <account><![CDATA[hihengdong]]></account>
</data>
