<data>
  <id><![CDATA[51538813]]></id>
  <url><![CDATA[https://mp.weixin.qq.com/s?timestamp=1539596387&src=3&ver=1&signature=Egrj350GoKY8-KUcIJshb*eeioF*Y*ydi*u0ILYsL6RJUJey1AvR3QfCRujcT71MfkDpwroL01Tl3tqyi0Rpih1vroksMQmw1aQseKjbzMNtwA3U90I7QkzwOCEYKVTR8MCX6Mpk88PSSeAvh4WGqnlvogwMz9KzjIdkZXWfsPA=]]></url>
  <title><![CDATA[在世不给一碗饭，死后做桌大请客！衡东人都在看……]]></title>
  <content><![CDATA[戳蓝字关注  商务合作微信：17742543179————广告推广（联系微信：17742543179）————（建议WIFI下观看）↓↓↓]]></content>
  <author><![CDATA[嗨转衡东]]></author>
  <time>2018-10-06 18:01:26</time>
  <account><![CDATA[hihengdong]]></account>
</data>
