<data>
  <id><![CDATA[51538813]]></id>
  <url><![CDATA[https://mp.weixin.qq.com/s?timestamp=1539596387&src=3&ver=1&signature=Egrj350GoKY8-KUcIJshb*eeioF*Y*ydi*u0ILYsL6RJUJey1AvR3QfCRujcT71MfkDpwroL01Tl3tqyi0RpikHtbnDnfyN7h3iQSoqAIuZiuu*CN0sZepcBXtJUtOrNiXGd2F8lqI3dsZ0*BBxg5m0pbJqCYmt-*ABL0vIHxrw=]]></url>
  <title><![CDATA[这名衡东籍末代知府回乡，带的十多箱东西让人惊呆了……]]></title>
  <content><![CDATA[戳蓝字关注  商务合作微信：17742543179————广告推广（联系微信：17742543179）————【湖湘廉吏】“铁面御史”陈嘉言：不负闾阎不负天陈嘉言(1851—1934)，字梅生，湖南衡山人(今衡东县霞流镇平田村)，光绪十五年(1889)中进士，授翰林院编修，曾任顺天乡试同考官，江南道、福建道、京畿道监察御史，工科掌印给事中，漳州知府。民国后受聘民国国史馆编纂，被推举为国会议员。晚年回湘主持衡阳书院。在贪腐成风的晚清官场，陈嘉言为官二十余载，不但没有积敛钱财，反倒把仅有的祖产24亩地卖掉，用以救济百姓和捐学治水;辛亥革命爆发后，陈嘉言顺应时代潮流，出安民告示，自动挂印去职，使政权平稳过渡，自己竟清贫得无路费返乡；回老家后，他“赁宅而居，卖文鬻书以易薪米”，袁世凯阴谋称帝，派人送两万块大洋请他写文“劝进”，被断然拒绝。在任时，他秉持“甘为拙吏安贫贱，不作贪官害子孙”；离任后，他自称“清风两袖常随我，不负闾阎不负天”。陈嘉言真正做到了为官一任，造福一方，一身正气，两袖清风，他不仅是一代雅儒，更是一代廉吏，其爱民情怀，其高风亮节，为后世所敬仰。拒绝受贿 卖祖产救济百姓陈嘉言出身耕读世家，是当地的名门望族，祖父曾在江西多地任知县，“所至有声，勤于政事，民称廉能”。陈嘉言不满2岁时，父亲就病逝了，仅遗数十亩薄田，很多方面还要靠母亲娘家的帮衬。陈嘉言的母亲是福建台湾府同知张学尹之女，博通经史，古诗文功底扎实，陈氏三兄弟从小随母读书，并师从舅父、湘阴名儒张自牧。据《陈公梅生先生墓志铭》记载，陈嘉言“生而颖异，读书过目不忘，初学为文，出语辄惊其长老。年十五入邑庠，后调入湘水校经堂(道光年间湖南巡抚吴荣光在岳麓书院山长欧阳厚均的支持下创办《湘水校经堂》，附设于岳麓书院内，培养通经史、识时务的致用人材)。光绪壬午年(1882)乡试，公中第一名(解元)……”《衡山陈梅生先生太史事略》光绪已丑年(1889)，陈嘉言获殿试二甲第九名进士，与胞兄毓光、毓昌，堂弟陈鼎、陈范，三人中进士，一人获军功，一人中举人，当时誉为“五凤齐飞”，被传为佳话。陈嘉言一生为官清廉，淡泊名利，从不在正常俸禄外索取不义财物。任江南道、京畿道监察御史时，他以李白《古风十三首》中的诗句“松柏本孤直，难为桃李颜”作为自己的座右铭，并在书房撰写了一幅对联自勉：“甘为拙吏安贫贱，不作贪官害子孙”。他对违法者绝不留情，屡次上疏弹劾，很多贪官污吏一提起他，无不谈虎色变，被人称为“铁面御史”。在腐败的晚清官场，盛传“三年清知府，十万雪花银”。而陈嘉言却在任漳州知府九年中，不仅没有积敛“十万雪花银”、添置家产，反倒卖掉了祖遗田租四十石(约合24亩地)，用于救济贫苦百姓和捐学治水。当官不仅不捞钱，反而倒赔家产，这令亲戚朋友们大为不解，他曾在给兄长的信中说，“宁可吃吊钱(1000文)一斤的肉，不可受八百钱(800文)一石的租。儿孙强过我，买田置地做什么?儿孙不如我，留给田租有何用?”这正如林则徐的那句教子名言：“子若强于我，要钱有何用，贤而多财，则损其志；子若不如我，留钱有何用，愚而多财，益增其过。”廉书压舟 离任凑不齐路费陈嘉言书法作品陈嘉言谨记“为官一任，造福一方”的儒家古训，治漳九载，兴修水利，大办教育，爱民如子，两袖清风，政声斐然。《衡山陈梅生太史事略》和陈嘉言的墓志铭对此高度评价：“其科士兴学督理警政，尤无不精当，条理灿然，为全省郡县取则焉”、“凡郡中利弊，力能兴者比兴之，力能去者比去之”。当时，漳州一带民风彪悍，械斗寻仇的事件很多，作为知府，他以诚感人，以理化人，私斗的社会风气大为好转。漳州城南的九龙江北溪经常洪水泛滥，老百姓苦不堪言，陈嘉言急百姓之所急，多次组织乡绅富商筹募巨款，甚至卖掉衡山老家的祖田，购买机器，聘请英日等国的工程技术人员，深挖淤泥，疏通河道，蓄水灌溉，排水分洪，通过兴修水利设施，彻底治理了水患。这些水利工程，至今仍让漳州市民受益。治理水患后，陈嘉言又殚心竭力，大力实施兴学育才之举，重用著名学者黄仲琴，广设新式学堂，推动当地教育由旧式私塾向新式教育转变，为漳州培养了一大批现代人才。《衡山陈梅生太史事略》记载，“先生贫不能成行，郡民集千金赆之，乃克至沪，循海南归。”《漳州市志》中称，“辛亥革命，陈嘉言向革命倒戈，出安民告示，返湖南老家为民，贫不能成行。”他不得不将两个幼女托付在两名漳州士绅家寄养，得他们各400银元资助，才凑齐路费，携家眷返乡。漳州百姓闻之，无不唏嘘流涕，感念这位末任知府的清廉自守。返乡时，船家担心陈嘉言没什么值钱的东西压舱，怕船太轻影响行船安全。却没想到，他随身携带的十多个箱书籍把船压的很沉稳。漳州濒临台湾海峡，陈嘉言的返湘之路依然十分艰辛，沿海岸线北上，经上海，溯长江，入洞庭，到湘江，过长沙，再入洣水，回到家乡衡山县。一路上，幸得黄仲琴家族在上海、武汉经商的货栈竭力照料，才得以顺利返乡。归途中，陈嘉言深夜独立船头，看到一轮明月，半船书籍，顿时感慨万千，坦然赋诗《离任福建漳州知府》：“蒞位九州越十年，愧无德政慰先贤。清风两袖常随我，不负闾阎不负天。”有个插曲是，到家乡的码头时，亲友们争相上船抬那十多个沉甸甸的箱子，原以为“三年清知府，十万雪花银”，孰料到打开一看，却都是满满的书籍，既惊讶又很是敬重。自此，“廉书压舟”的故事，至今在衡阳被传为佳话。爱憎分明 浩然正气炳千秋陈嘉言的墓志铭1911年7月8日，同盟会会员、广州黄花岗起义策划者之一长沙杨毓霖在英国听闻广州起义失败，愤于列强瓜分中国的民族危机，痛心疾首，投海以身殉国，时年40岁。陈嘉言赞叹其“笃生年少美才，三湘杰出也!”1914年，“湘学泰斗”王闿运出任民国国史馆馆长，聘陈嘉言为编纂，当时袁世凯阴谋称帝，鉴于陈嘉言的才气和名声，派人以两万块大洋的诱惑请他写文“劝进”，他嗤之以鼻，断然拒绝。后来，陈嘉言被湖南省推举为国会议员，旅京期间曾任湖广会馆第一届董事会董事长(董事皆为德高望重的名宿耆老、辛亥元勋，如熊希龄、刘揆一等)。陈嘉言善诗文、工书法，家教甚严，其后代人才辈出，他的第五子陈少梅后来成为近代画坛的领军人物。陈嘉言的长女陈云凤是革命烈士夏明翰的母亲。陈云凤是一位爱国革命的伟大母亲，她从小受益于父亲思想开明的教育，一脉相承，着力培养儿女们的爱国思想，自始至终积极支持子女革命，1928年，陈云凤的三子一女，明翰、明衡、明震、明霹，相继为革命献出了年轻的生命。夏明翰就义前挥笔写下了气壮山河的诗篇：“砍头不要紧，只要主义真。杀了夏明翰，还有后来人。”一门四英烈，举世仰怀。据说，当时，陈云凤的公公夏时济严厉反对儿媳支持儿女革命，斥责为“激进造反，不安分守己。”陈嘉言得知这一情况，气得摔了茶杯，指责亲家公“老年糊涂，不明事理。”从此与夏断了来往。晚年，陈嘉言回湘主持衡阳船山书院，1934年4月20日病逝。他去世后的丧葬费，也是靠亲戚朋友接济才得以凑齐。来源：三湘风纪、清风衡阳爆料/广告/合作 联系：17742543179（微信）▼找顺风车｜找工作｜找房子｜二手买卖｜点阅读原文！]]></content>
  <author><![CDATA[嗨转衡东]]></author>
  <time>2018-10-12 17:53:12</time>
  <account><![CDATA[hihengdong]]></account>
</data>
