<data>
  <id><![CDATA[51538813]]></id>
  <url><![CDATA[https://mp.weixin.qq.com/s?timestamp=1539596387&src=3&ver=1&signature=Egrj350GoKY8-KUcIJshb*eeioF*Y*ydi*u0ILYsL6RJUJey1AvR3QfCRujcT71MfkDpwroL01Tl3tqyi0RpiuGoZ8ykH3ksdgJUrD8PzRLxN3IMnqB8wtHmFGrL6h3JNr6waX--SQZEfLhQ6LRedMNkZiv9tDRIxkmNn0djhxs=]]></url>
  <title><![CDATA[衡东信息汇总（招聘求职、房屋租售、二手买卖...）]]></title>
  <content><![CDATA[戳蓝字关注  商务合作微信：17742543179顺风车▼ 【车找人】衡阳市衡东县 — 广州黄埔，有偿坐车+能开车+男女不限出发时间：10月15日10时，3人，（联系电话：13422038457）▼ 【车找人】中山市珠海 — 衡东，有偿坐车出发时间：10月15日08时，3人，15号左右都可以出发（联系电话：18029925789）房屋租售▼ 【求租】俩室一厅找人合租，本人单位上班 一星期只住五天 房子在政务中心旁，非诚勿扰 半年起租 （联系电话：17673639274）二手物品▼ 【出售】二手美菱冰箱，500元低价转（联系电话：17382112284）↑↑↑ 点击以上二维码进行信息发布 ↑↑↑招聘负责人微信：hengdong666加她发布招聘求职信息招聘信息家装设计师招聘企业：衡东艺丰建筑装饰有限公司详细地址：衡东县金堰广场转盘处岗位要求： 性别不限/大专/1-3年工作经验 /年龄不限职位要求： 有家装设计工作经验，有团队合作精神，负责任。地址：衡东县金堰广场转盘处地址：衡山县衡山大道763号联系人：胡冰联系电话：18973473087销售招聘企业：衡东艺丰建筑装饰有限公司详细地址：衡东县金堰广场转盘处岗位要求： 性别不限/学历不限/1-3年工作经验 /35岁以下职位要求： 有建材销售经验优先，吃苦耐劳，对工作认真负责，有爱心与团队合作精神，爱学习。衡东公司地址：衡东县金堰广场转盘处衡山公司地址：衡山县衡山大道763号联系人：胡冰联系电话：18973473087领班招聘企业：华成宾馆详细地址：三小路口岗位要求： 女性/学历不限/1-3年工作经验 /40岁以下职位要求：华成商务宾馆因业务需要，现招聘楼层领班一名，性别，女，年龄二十五到三十五岁，初中以上文化，一年以上的宾馆楼层管理经验，有较强组织能力，善于沟通，能吃苦耐劳，一经录用，待遇从优！联系人：李会计联系电话：15073482541花鼓戏演员招聘企业：衡东县湘城剧团详细地址：吴集镇湘城剧团岗位要求：性别不限/学历不限/经验不限 /25岁以职位要求：招花鼓戏学徒联系人：龚云芳联系电话：13337348060饭店服务员招聘企业：湘聚园（清恋红饮食店）详细地址：广州市南沙区东涌太石步行街内20号岗位要求： 女性/学历不限/经验不限 /35岁以下职位要求： 有责任心就行联系人：董清华联系电话：19925755378衡东县隆兴生态农业发展有限责任公司招聘企业：衡东县隆兴生态农业发展有限责任公司详细地址：杨林镇源头村二十四组岗位要求： 性别不限/学历不限/经验不限 /50岁以下职位要求： 能吃苦受累，责任心强，服从安排，主要养猪搞栏舍卫生。联系人：吴生联系电话：18907347105会计专员招聘企业：衡东县城关太同兴金店详细地址：衡东县洣水镇衡岳北路岗位要求：性别不限/高中/1-3年工作经验 /40岁以下职位要求：1.20岁以上，高中及以上学历，会计或财务专业优先；2.能够熟练操作计算机，稳重细致，工作严谨；3.具有良好的敬业精神，较强的学习能力和抗压能力，有文职类工作经验优先。联系人：蒋经理联系电话：13875676727销售精英招聘企业：衡东县城关太同兴金店详细地址：衡东县洣水镇衡岳北路岗位要求：性别不限/学历不限/经验不限 /35岁以下职位要求：1.20-38岁，形象气质佳，男女不限；2.具良好的亲和力和表达沟通能力，有团队协作精神；3.能适应轮倒班及快节奏工作，有销售工作经验者优先；联系人：蒋经理联系电话：13875676727客户经理招聘企业：衡阳平安普惠详细地址：衡阳市衡州大道海通茶叶城岗位要求：性别不限/大专/经验不限 /35岁以下职位要求：招人才啦！世界前30强企业，带你一起玩翻全世界，各种机遇福利，等你来！待遇：六险两金+绩效+两份基本工资+国内外游等各种福利要求：大专以上文凭+35岁以下工作地：衡阳竞聘电话 ：18507343218唐联系人：唐经理联系电话：18507343218早餐店招聘企业：鑫隆早餐店详细地址：文冲路入口处岗位要求：性别不限/学历不限/1-3年工作经验 /50岁以下职位要求：做事干净利索！和善，好相处！联系人：毛孔亮联系电话：18670472599幼儿教师招聘企业：吴集镇蓝天幼儿园详细地址：洋塘河坝天桥旁边岗位要求： 女性/学历不限/经验不限 /35岁以下职位要求： 有经验者优先，一经录用，待遇从优联系人：陈园长联系电话：15386065515养发师招聘企业：乔丝曼养发馆详细地址：衡东县文明东路63号岗位要求： 性别不限/学历不限/经验不限 /年龄不限职位要求： 包学包会，学期间有工资。联系人：刘慧联系电话：13187300285厨师招聘企业：夜夜烤活鱼详细地址：佛山市南海区狮山镇岗位要求： 男性/学历不限/经验不限 /年龄不限职位要求： 做事勤快！联系人：向先生联系电话：13729924759服务员收银员招聘企业：衡东肯德基详细地址：衡东县衡岳北路岗位要求： 性别不限/学历不限/经验不限 /40岁以下职位要求： 做五休二，五险一金！联系人：向联系电话：18173481103绿意阳光酒店招聘前台2名详细地址：衡东县衡岳北路2号岗位要求：女性/学历不限/经验不限 /35岁以下职位要求：1.要求:工作认真负责，服务意识 好。2.工作时间8小时制，月休4天，包工作餐，3.薪资1800--3000元，公司地点：城关医院隔壁。 有意请致电郑17373460038。联系人：郑女士联系电话（微信）：17373460038定制柜体生产，包装，安装工衡东欧慕定制家私有限公司详细地址：衡东县吴集镇乔阳混凝土往南200米岗位要求：1.性别不限/学历不限/经验不限 /50岁以下2.要求服从安排，吃苦耐劳。联系人：方超联系电话：13975431183菲林格尔木地板详细地址：衡东县建材路金汇玉园103-104号岗位要求： 性别不限/学历不限/经验不限 /50岁以下职位要求： 对工作有激情联系人：孙娟联系电话：16673421056童年衣柜童装连锁店详细地址：衡东县新井路好又多超市楼下岗位要求： 女性/高中/1-3年工作经验 /35岁以下职位要求： 性格活泼，沟通能力强，工作责任心强联系人：刘经理联系电话：13974702869衡东vivo手机招聘岗位需求：导购员要求：18-35岁，热爱销售，目标感强，有激情，有韧性。带上你的勇气加入我们，一起骄傲的闯下去。薪资：1800-8000元/月福利政策：五险一金+旅游津贴+年底红包+年底双薪+生日福利+团建+带薪年假+工龄工资联系电话（微信）：18173481103衡东生生制衣厂详细地址：丽都北路16号职位要求：招聘熟练缝纫工多名，打边一名。包吃，提供住房补贴。工作地点:丽都北路16号一楼请联系:金小姐13428868689(可加微信)衡东艺丰建筑装饰有限公司诚聘1、销售  3名   8000-120002、设计师 3名  12000-20000  学历大专 3-5年工作经验公司福利：交通补贴/餐补/话补/包住/节日福利/其他补助公司地址：衡东县金堰广场转盘处电话：18973473087联系人：胡冰衡东添福茶业招聘办公室文员（1名）高级茶艺师评茶员（若干名，可兼职）营销员（3名）服务员（2名）茶艺员（若干名，且长期招聘）要求如下：1、热爱茶文化，喜欢安静优雅的生活；2、18岁-40岁之间的女性3、端庄大方善良谦虚好学4、有想法，有主见，愿共谋发展的优先考虑5、可提供食宿！6、有意者请执身份证前来嘉汇二楼添福茶业7、联系方式（微信）：18173481103大湘网络（嗨转衡东、58同镇衡东县运营中心）一、新媒体编辑人员：3名【岗位职责】：1、负责微信公众号等社交媒体运营、内容编辑和推广等日常事务；2、挖掘和分析微信用户需求，及时掌握当下热门话题；3、负责公司代运营微信平台编辑工作；4、负责公司分类信息运营工作；5、公司安排的其他事务。【任职资格】：1.对新媒体行业有兴趣；2.熟悉各种移动新媒体制作手法，擅长各类新媒体工具使用；3.有一定文字功底及写作能力；4.具有较广泛的知识储备、追求创新、思维活跃、乐于接受新事物。5.衡东人，会衡东话，希望在衡东长期发展；二、业务经理：5名1、负责公司新媒体广告业务的跑单和业务洽谈；2、负责公司58同镇衡东县城商家的入驻沟通；3、负责公司广告营销业务的跑单和业务洽谈。【联系电话】： 17742543179（微信同号）【公司新址】：衡东县洣水镇峥嵘路578号【简历发送】：395293867@qq.com衡东盼盼智能安居门业总汇招聘：1.店长2名 底薪2600+提成+年终奖2.营业员2名 底薪2000+提成+年终奖3.业务员4名 底薪1500+提成+年终奖4.市场推广部经理1名  3000+提成+年终奖5.业务总管1名 2800+提成+年终奖公司提供优质平台，愿有共同发展意向的人才加盟我们！联系人：向丽电话号码（微信）：18674709949衡东凤凰台项目招聘置业顾问数名联系电话：15200586918工作地点：新汽车对面凤凰台求职信息▲查看求职者联系方式请登陆衡东人才招聘网▲查看求职者联系方式请登陆衡东人才招聘网▲查看求职者联系方式请登陆衡东人才招聘网▲查看求职者联系方式请登陆衡东人才招聘网▲查看求职者联系方式请登陆衡东人才招聘网▲查看求职者联系方式请登陆衡东人才招聘网▲查看求职者联系方式请登陆衡东人才招聘网▲查看求职者联系方式请登陆衡东人才招聘网▲查看求职者联系方式请登陆衡东人才招聘网▲查看求职者联系方式请登陆衡东人才招聘网▲查看求职者联系方式请登陆衡东人才招聘网▲查看求职者联系方式请登陆衡东人才招聘网▲查看求职者联系方式请登陆衡东人才招聘网▲查看求职者联系方式请登陆衡东人才招聘网▲查看求职者联系方式请登陆衡东人才招聘网▲查看求职者联系方式请登陆衡东人才招聘网▲查看求职者联系方式请登陆衡东人才招聘网▲查看求职者联系方式请登陆衡东人才招聘网▲查看求职者联系方式请登陆衡东人才招聘网▲查看求职者联系方式请登陆衡东人才招聘网▲查看求职者联系方式请登陆衡东人才招聘网▲查看求职者联系方式请登陆衡东人才招聘网▲查看求职者联系方式请登陆衡东人才招聘网▲查看求职者联系方式请登陆衡东人才招聘网温馨提示以上信息由网友在嗨转衡东所属平台自行发布，所有内容均由发布者对信息的真实性负责，嗨转衡东平台仅提供信息发布、展示，不对用户信息内容的真实性负责（当然我们也会对信息作尽量的甄别）。▲招聘专员微信：hengdong666电话：18173481103招聘求职▼【衡东太同兴珠宝】招聘珠宝顾问：若干名仓管：2名收银员：3名★带薪培训、兔费住宿★转正后享受绩效工资、晋级加薪★转正一年后享工龄工资、5天带薪年假系统培训及成长发展空间蒋经理：13875676727衡东盼盼智能安居门业总汇招聘:1.店长2名 底薪2600+提成+年终奖2.营业员2名 底薪2000+提成+年终奖3.业务员4名 底薪1500+提成+年终奖4.市场推广部经理1名  3000+提成+年终奖5.业务总管1名 2800+提成+年终奖公司提供优质平台，愿有共同发展意向的人才加盟我们！联系人：向丽电话号码（微信）：18674709949衡东vivo手机招聘岗位需求：导购员要求：18-35岁，热爱销售，目标感强，有激情，有韧性。带上你的勇气加入我们，一起骄傲的闯下去。薪资：1800-8000元/月福利政策：五险一金+旅游津贴+年底红包+年底双薪+生日福利+团建+带薪年假+工龄工资电话号码（微信）：18674709949湖南高唯装饰工程有限（衡东）公司，是当地大型的装饰公司之一，现拥有一千多平方办公区域，其品牌影响力和实力均位居当地同行业前位。为打造成行业第一品牌，提供平台让您挑战★无上限★高薪，现面向社会诚招以下岗位精英：★★★室内设计师：4位（底薪+提成+晋升空间）6000-18000元★★★室内设计师助理：3位（底薪+晋升空间）1500-4500元★★★家装顾问：15位（底薪+提成+晋升空间+生手有老业务员带）6000-15000元★★★项目经理：5位（提成+晋升空间+生手有师傅带）（退伍军人优先）★★★公司福利：法定节假日、绩效奖、年终奖、及节日物资等。电话：13647479328(微电同号，私信请注明应聘，谢谢）公司地址：衡东县洣水大道770号（外滩一号往南300米）衡东杨泗木业因生产需要急招油漆工熟手，打磨工若干名，木工几名，工资6000左右，工作八个小时。另招杂工若干名，工资面议。有需求的即刻打电话13807472909你的信息也想展示在这？快点阅读原文吧！]]></content>
  <author><![CDATA[嗨转衡东]]></author>
  <time>2018-10-13 19:34:36</time>
  <account><![CDATA[hihengdong]]></account>
</data>
