<data>
  <id><![CDATA[51538813]]></id>
  <url><![CDATA[https://mp.weixin.qq.com/s?timestamp=1539596387&src=3&ver=1&signature=Egrj350GoKY8-KUcIJshb*eeioF*Y*ydi*u0ILYsL6RJUJey1AvR3QfCRujcT71MfkDpwroL01Tl3tqyi0RpirUHEQgb*0eWZf0VSvvm81*qCgwr7TzbQPCxtRc7kRs4xw03rPENsb-vLtmhjYf*4zbo00myd2pqu5BYUs9jg5g=]]></url>
  <title><![CDATA[大兵《哈利油传》之“蠢局长的悼词”]]></title>
  <content><![CDATA[————广告推广（联系微信：17742543179）————]]></content>
  <author><![CDATA[嗨转衡东]]></author>
  <time>2018-10-04 19:09:16</time>
  <account><![CDATA[hihengdong]]></account>
</data>
