<data>
  <id><![CDATA[51538813]]></id>
  <url><![CDATA[https://mp.weixin.qq.com/s?timestamp=1539596387&src=3&ver=1&signature=Egrj350GoKY8-KUcIJshb*eeioF*Y*ydi*u0ILYsL6RJUJey1AvR3QfCRujcT71MfkDpwroL01Tl3tqyi0RpitVjTjQU-xn46EorR8u18GxcqCCRGQg9jT8bXRWyf3zUavJf48yIJiWwNuM-gg10atbT5gR7kGytXwNAMwB70Jw=]]></url>
  <title><![CDATA[重磅！衡东这33个村，获国家光伏扶贫，快看有你村吗？]]></title>
  <content><![CDATA[戳蓝字关注  商务合作微信：17742543179————广告推广（联系微信：17742543179）————近日湖南省人民政府扶贫办网站发布了《关于全省村级光伏扶贫项目的公示》衡阳有265个村上榜！其中衡东33个快看，有你村吗？▼▼▼湖南省村级光伏扶贫电站名单常宁市常宁市小计462619衡阳市常宁市罗桥镇利群村2619衡阳市常宁市罗桥镇瑶寨村衡阳市常宁市柏坊镇东白村衡阳市常宁市柏坊镇大坪村衡阳市常宁市白沙镇观坪村衡阳市常宁市白沙镇毘帽峰村衡阳市常宁市板桥镇先锋村衡阳市常宁市板桥镇高桥村衡阳市常宁市大堡乡排山村衡阳市常宁市大堡乡双音村衡阳市常宁市三角塘镇湖边村衡阳市常宁市官岭镇中康村衡阳市常宁市官岭镇虾塘村衡阳市常宁市兰江乡波江村衡阳市常宁市庙前镇西湖村衡阳市常宁市胜桥镇利乐村衡阳市常宁市胜桥镇泉峰观村衡阳市常宁市塔山双河村衡阳市常宁市塔山阳山村衡阳市常宁市塔山板角村衡阳市常宁市塔山松塔村衡阳市常宁市塔山塔山村衡阳市常宁市塔山狮园村衡阳市常宁市塔山敖头村衡阳市常宁市塔山东江村衡阳市常宁市塔山西江村衡阳市常宁市塔山蒲竹村衡阳市常宁市西岭镇五冲村衡阳市常宁市西岭镇桐排村衡阳市常宁市西岭镇石山村衡阳市常宁市西岭镇青竹村衡阳市常宁市新河镇合心村衡阳市常宁市新河镇五家围村衡阳市常宁市新河镇湘江村衡阳市常宁市烟洲镇民主村衡阳市常宁市洋泉镇祁源村衡阳市常宁市洋泉镇香湖村衡阳市常宁市洋泉镇杉桥村衡阳市常宁市洋泉镇新石井村衡阳市常宁市洋泉镇新瓦村衡阳市常宁市洋泉镇黄洞村衡阳市常宁市洋泉镇白竹村衡阳市常宁市洋泉镇江龙村衡阳市常宁市宜阳办新建村衡阳市常宁市宜阳办禄福村衡阳市常宁市荫田镇双龙村衡东县衡东县小计339802衡阳市衡东县青鸦村294衡阳市衡东县化龙桥村300衡阳市衡东县莫园村300衡阳市衡东县早禾村300衡阳市衡东县紫岗村300衡阳市衡东县南山村210衡阳市衡东县江山村300衡阳市衡东县胜利村300衡阳市衡东县德圳村300衡阳市衡东县大泉村300衡阳市衡东县江滨村300衡阳市衡东县北冲村300衡阳市衡东县新扶村300衡阳市衡东县江坪村300衡阳市衡东县石旺村300衡阳市衡东县福塘村300衡阳市衡东县荆竹村300衡阳市衡东县泉龙村300衡阳市衡东县新旺村300衡阳市衡东县江东村300衡阳市衡东县桃源村300衡阳市衡东县仙林村300衡阳市衡东县大山村300衡阳市衡东县朗山村300衡阳市衡东县光明村300衡阳市衡东县桔林村298衡阳市衡东县夏浦村300衡阳市衡东县大泥塘村300衡阳市衡东县白莲村300衡阳市衡东县冲排村300衡阳市衡东县和平村300衡阳市衡东县柴山洲村300衡阳市衡东县塘源村300衡南县衡南县小计653980衡阳市衡南县神龙村100衡阳市衡南县托塘村60衡阳市衡南县许田村60衡阳市衡南县骄阳村60衡阳市衡南县清瑞村60衡阳市衡南县新境村60衡阳市衡南县胜利村60衡阳市衡南县梅塘村60衡阳市衡南县茅岗村60衡阳市衡南县响鼓岭村60衡阳市衡南县三福村60衡阳市衡南县大石村60衡阳市衡南县石滩村60衡阳市衡南县朱雅村60衡阳市衡南县朝阳村60衡阳市衡南县里鱼村60衡阳市衡南县六合村60衡阳市衡南县西山村60衡阳市衡南县万龙村60衡阳市衡南县新华村60衡阳市衡南县东华村60衡阳市衡南县双口村60衡阳市衡南县中伍村60衡阳市衡南县大山村60衡阳市衡南县南铺村60衡阳市衡南县杨湖村60衡阳市衡南县杨梅村60衡阳市衡南县阳兴村60衡阳市衡南县炮公村60衡阳市衡南县增市村60衡阳市衡南县长春村60衡阳市衡南县印林村60衡阳市衡南县大星村60衡阳市衡南县源泉村60衡阳市衡南县洪堰村60衡阳市衡南县广寺村60衡阳市衡南县龙波村60衡阳市衡南县排楼村60衡阳市衡南县荣华村60衡阳市衡南县林泉村60衡阳市衡南县车陂村60衡阳市衡南县网山村60衡阳市衡南县同福村60衡阳市衡南县果塘村60衡阳市衡南县高峰村60衡阳市衡南县黄江村60衡阳市衡南县九龙村60衡阳市衡南县油麻塘村100衡阳市衡南县高桥村60衡阳市衡南县长康村60衡阳市衡南县满坪村60衡阳市衡南县三圆村60衡阳市衡南县龙山村60衡阳市衡南县丹水村60衡阳市衡南县江水村60衡阳市衡南县桐梓山村60衡阳市衡南县僚塘村60衡阳市衡南县柏潭村60衡阳市衡南县渐佳坳村60衡阳市衡南县麦元村60衡阳市衡南县浅潭村60衡阳市衡南县蕉园村60衡阳市衡南县日光村60衡阳市衡南县福元村60衡阳市衡南县义仁村60衡山县衡山县小计6600衡阳市衡山县南坪村100衡阳市衡山县瓦铺村100衡阳市衡山县萱洲河社区100衡阳市衡山县茶源村100衡阳市衡山县长安村100衡阳市衡山县新源村100衡阳县衡阳县小计513132衡阳市衡阳县盘龙村91.5衡阳市衡阳县城坪村60衡阳市衡阳县七星村60衡阳市衡阳县陇头村60衡阳市衡阳县和源村60衡阳市衡阳县市田村60衡阳市衡阳县福音村60衡阳市衡阳县邹岗村60衡阳市衡阳县甘泉村60衡阳市衡阳县山峰村60衡阳市衡阳县飞龙山村60衡阳市衡阳县马源村60衡阳市衡阳县腊树村60衡阳市衡阳县白石峰村60衡阳市衡阳县文昌村60衡阳市衡阳县磐江村100衡阳市衡阳县东井村60衡阳市衡阳县麓园村60衡阳市衡阳县白云村60衡阳市衡阳县大云村60衡阳市衡阳县千工村60衡阳市衡阳县木山村60衡阳市衡阳县小寨村60衡阳市衡阳县兰泉村60衡阳市衡阳县登兴村60衡阳市衡阳县九峰山60衡阳市衡阳县阳光村60衡阳市衡阳县弹弦村60衡阳市衡阳县黄林村60衡阳市衡阳县新建村60衡阳市衡阳县关王村60衡阳市衡阳县观花村60衡阳市衡阳县石麓村60衡阳市衡阳县贞福村60衡阳市衡阳县环洞村60衡阳市衡阳县联兴村60衡阳市衡阳县蟠龙村60衡阳市衡阳县两冬村60衡阳市衡阳县将军村60衡阳市衡阳县上塔村60衡阳市衡阳县仁德村60衡阳市衡阳县群兴村60衡阳市衡阳县甘溪村60衡阳市衡阳县大塘村60衡阳市衡阳县云步村60衡阳市衡阳县聚福村60衡阳市衡阳县朝日村60衡阳市衡阳县东田村60衡阳市衡阳县珍珠村60衡阳市衡阳县水口村60衡阳市衡阳县金屏村60耒阳市耒阳市小计5516衡阳市耒阳市太平村102衡阳市耒阳市东升村96衡阳市耒阳市红旗村102衡阳市耒阳市雅江村108衡阳市耒阳市马形村108北祁东县祁东县小计553466衡阳市祁东县韭菜坪村委会104衡阳市祁东县金龙岩村委会60衡阳市祁东县高龙村委会100衡阳市祁东县拔茅冲村委会93.6衡阳市祁东县大兴岭村委会60衡阳市祁东县明远峰村委会60衡阳市祁东县乐园村委会60衡阳市祁东县马杜桥村委会60衡阳市祁东县延塘村委会60衡阳市祁东县石门山村委会60衡阳市祁东县星桥村委会60衡阳市祁东县白源村委会60衡阳市祁东县双溪村委会60衡阳市祁东县桥家冲村委会60衡阳市祁东县桥石村委会60衡阳市祁东县圆山村委会60衡阳市祁东县小坪村委会60衡阳市祁东县凤池坪村委会60衡阳市祁东县嘉达村委会60衡阳市祁东县茅亭子村委会60衡阳市祁东县宝莲洞村委会60衡阳市祁东县大塘村委会60衡阳市祁东县把关口村委会60衡阳市祁东县湖湾村委会60衡阳市祁东县桃源村委会60衡阳市祁东县良村委会60衡阳市祁东县胜福村委会60衡阳市祁东县腾云岭村委会60衡阳市祁东县祁水源村委会60衡阳市祁东县清华山村委会60衡阳市祁东县绿野村委会60衡阳市祁东县玖隆村委会60衡阳市祁东县何家村委会60衡阳市祁东县杨柳村委会60衡阳市祁东县东安村委会60衡阳市祁东县枣园村委会60衡阳市祁东县花屋村委会60衡阳市祁东县黄花场村委会60衡阳市祁东县草源冲村委会60衡阳市祁东县三角村委会60衡阳市祁东县黄龙江村委会60衡阳市祁东县戽塘村委会60衡阳市祁东县秋山村委会60衡阳市祁东县新岭村委会108衡阳市祁东县罗塘村委会60衡阳市祁东县胡坪村委会60衡阳市祁东县祖山湾村委会60衡阳市祁东县圆珠山村委会60衡阳市祁东县玉溪村委会60衡阳市祁东县和平新村委会60衡阳市祁东县永隆村委会60衡阳市祁东县福油村委会60衡阳市祁东县大福村委会60衡阳市祁东县清联居委会60衡阳市祁东县金红居委会60珠晖区珠晖区小计4240衡阳市珠晖区大昌村60衡阳市珠晖区光辉村60衡阳市珠晖区金松村60衡阳市珠晖区皇田村60什么是光伏扶贫光伏扶贫主要是在住房屋顶和农业大棚上铺设太阳能电池板，"自发自用、多余上网"。也就是说，农民可以自己使用这些电能，并将多余的电量卖给国家电网。通过分布式太阳能发电，每户人家都将成为微型太阳能电站。光伏扶贫主要有光伏地面电站、光伏大棚电站和屋顶电站三种模式。光伏大棚除利用顶部发电外，棚下可开展林下经济，提高复种指数，改变种植模式，如蔬菜种植;也可进行家禽家畜养殖等，全面推进产业升级。同时，利用旅游资源优势，开展生态采摘、农家乐等旅游项目，提高设施附加收入。红枣"光伏大棚"的出现，为扶贫开发注入新的活力。光伏精准扶贫试点的主要成果2015年，全国光伏精准扶贫试点建设规模达1836兆瓦，年均收益22.6亿元，投资收益率接近13.72%;近43万建档立卡贫困户实现增收，其中包括8.8万户失能贫困户，解决了956个贫困村无集体收入的问题。目前，在我国832个贫困县中，有451个县年均等效发电时间超过1100小时，适合发展光伏精准扶贫。据了解光伏扶贫是清洁环保、技术可靠、收益稳定的项目，既符合国家清洁低碳能源发展战略，又符合精准扶贫战略，可持续稳定增加村集体收入。来源：湖南省政府扶贫办爆料/广告/合作 联系：17742543179（微信）▼找顺风车｜找工作｜找房子｜二手买卖｜点阅读原文！]]></content>
  <author><![CDATA[嗨转衡东]]></author>
  <time>2018-10-07 19:11:46</time>
  <account><![CDATA[hihengdong]]></account>
</data>
