<data>
  <id><![CDATA[51538813]]></id>
  <url><![CDATA[https://mp.weixin.qq.com/s?timestamp=1539596387&src=3&ver=1&signature=Egrj350GoKY8-KUcIJshb*eeioF*Y*ydi*u0ILYsL6RJUJey1AvR3QfCRujcT71MfkDpwroL01Tl3tqyi0RpimQvWaQBYbZCrxZWf4F5Un-tlI6KFt3Vd424sjtUYF5UMsczp*fjH5GDfQfm46nL5rJELjUsfasRLyHzJ8*9nLU=]]></url>
  <title><![CDATA[看遍湖南搞笑剧，他们两个最有味！]]></title>
  <content><![CDATA[抢购区广佛劝我放弃哦午饭后。”————广告推广（联系微信：17742543179）————]]></content>
  <author><![CDATA[嗨转衡东]]></author>
  <time>2018-10-01 18:14:35</time>
  <account><![CDATA[hihengdong]]></account>
</data>
