<data>
  <id><![CDATA[51538813]]></id>
  <url><![CDATA[https://mp.weixin.qq.com/s?timestamp=1539596387&src=3&ver=1&signature=Egrj350GoKY8-KUcIJshb*eeioF*Y*ydi*u0ILYsL6RJUJey1AvR3QfCRujcT71MfkDpwroL01Tl3tqyi0RpilYbG2fB5A-4Ji9Dtsk3bTrKtc14e1DfYr*KShDi-wW4jnQFEWVDqZ-F4qIKQBYRYIdZPW7uVX4-MvdQ0hqg6NU=]]></url>
  <title><![CDATA[衡东高湖建设村欧金华：追花逐蜜的养蜂人]]></title>
  <content><![CDATA[戳蓝字关注  商务合作微信：17742543179————广告推广（联系微信：17742543179）————蜂蜜是养蜂人一直坚守大山，饱尝迁徙之苦的甜蜜收获，衡东县高湖镇建设村养蜂人欧金华追花逐蜜，日子甜到了心里。养蜂人随风而行，逐花而居,一年中大多数时间风餐露宿、漂泊在外，他们的“追花之路”都是人迹罕至的地方，为了那份甜蜜付出再多也值得。见到欧金华时，他和妻子正忙碌地晒花粉，慕名前来购买蜂蜜的顾客纷纷为老欧“代言”。来源：衡阳新闻联播爆料/广告/合作 联系：17742543179（微信）▼找顺风车｜找工作｜找房子｜二手买卖｜点阅读原文！]]></content>
  <author><![CDATA[嗨转衡东]]></author>
  <time>2018-10-09 19:07:54</time>
  <account><![CDATA[hihengdong]]></account>
</data>
