<data>
  <id><![CDATA[51538813]]></id>
  <url><![CDATA[https://mp.weixin.qq.com/s?timestamp=1539596387&src=3&ver=1&signature=Egrj350GoKY8-KUcIJshb*eeioF*Y*ydi*u0ILYsL6RJUJey1AvR3QfCRujcT71MfkDpwroL01Tl3tqyi0RpirUHEQgb*0eWZf0VSvvm81*Lzj-AHSWK3D4z4oIwdkESm-kwI6baVb4h-SJt6mxFruJ3*GQwSu4ZkmbrKqAa5q8=]]></url>
  <title><![CDATA[衡东传统酒席，你恰了吗？]]></title>
  <content><![CDATA[戳蓝字关注  商务合作微信：17742543179————广告推广（联系微信：17742543179）————十一黄金周，衡东的父老乡亲，小伙伴们有没有回老家？是在家看全国各地堵车堵人呢？还是在各高速或景区亲历堵车堵人呢？有没有吃到妈妈做的家乡美食？国庆期间，有很多小伙伴办酒，今天小编特地为大家献上一出衡东的订婚宴席。全程播报，大伙看看是否有勾起您内心深处的记忆呢？订婚宴衡东传统订婚宴，当然少不了我们源远流长的衡东土菜，其流传最早最广的是清朝年间的黄贡辣。衡东状元彭俊进京，从家乡带了自产的黄辣椒作礼物进献给皇帝。皇帝吃了开始觉得很辣，过后食欲大开，齿间留香，回味无穷。皇帝大悦，便要彭俊家乡每年进献黄辣椒。黄辣椒从此身价倍增，并改名黄贡椒，衡东土菜也成为远近闻名的地方菜系。下面让我们一一来品尝吧！准备开席❆! 菜 来 !凉菜花生米、腊猪耳、卤牛肚、拦皮蛋，小伙伴们迫不及待伸筷子啦！正菜：头碗地地道道的衡东土头碗， 小编忍不住夹一口。生炒驴肉衡东土做法，看着都流口水啦！红烧扣肉这是正菜中的正菜，油而不腻，有嚼劲，味道扛扛的。上这道菜的时候要鞭炮，然后司仪讲话，说明此次酒席的题，让各位前来的亲朋好友吃好喝好，并给新人送上祝福。生炒土鸡、腊牛肉、剁椒逐一上桌瞬间吊出了小编的胃口原材料是绝对的绿色土货，吃起来回味悠长啊！农家青菜农家小青菜上场，在经历了一场肉斗后，最后来一盘农家绿色无污染的青菜，妙哉！全 家 福好像没拍全，可不止这几个菜哦！END酒席花絮最后几近光盘，说明我们衡东的传统土菜味道不错吧！全程播报结束如此美味佳肴加上家乡的美景再加上家人的期盼您，还愿意在这假期呆在熙熙攘攘的人流中吗？趁着假期刚过半，来得及的衡东伙伴们，赶紧回家走走看看吧！常回家看看，不光是品味家的味道，更是对家乡的眷念！这个国庆您有回家吗？欢迎在下方留言。国庆期间有什么好玩的新鲜事，欢迎大家给我们有偿供稿。爆料/广告/合作 联系：17742543179（微信）▼找顺风车｜找工作｜找房子｜二手买卖｜点阅读原文！]]></content>
  <author><![CDATA[嗨转衡东]]></author>
  <time>2018-10-04 19:09:16</time>
  <account><![CDATA[hihengdong]]></account>
</data>
