<data>
  <id><![CDATA[51538813]]></id>
  <url><![CDATA[https://mp.weixin.qq.com/s?timestamp=1539596387&src=3&ver=1&signature=Egrj350GoKY8-KUcIJshb*eeioF*Y*ydi*u0ILYsL6RJUJey1AvR3QfCRujcT71MfkDpwroL01Tl3tqyi0Rpim-O2eLMhSOIlWflVwMnjqhH7W9*cqJdBbQWZKswGpfwlXmHF*suvIP3otYNObfBh98GV*s-qzjNPWyzx1ZJFTk=]]></url>
  <title><![CDATA[明天开始，衡东恒瑞国际大酒店将人满为患！究竟……【内含超级福利】]]></title>
  <content><![CDATA[一场秋雨一场寒金秋已至，凉意渐起每到换季，对女人来说换季=衣荒对着衣柜分分钟感觉自己要奔溃！爱美的你，是否听见了自己的心声“又没有衣服穿了”买！ 买！ 买！作为一名资深“美衣”买手小编深知想买到漂亮衣服痛并快乐着所以，下面的消息让小编兴奋不已！！！《上海绮鹿双面羊绒大衣工厂店》工厂直营！件件内销！终！于！来！了！10月12号开始【上海绮鹿双面羊绒大衣工厂店】恒瑞国际大酒店一楼恒瑞国际大酒店一楼恒瑞国际大酒店一楼新品特卖，全场内销10月12日开始！10月12日开始！10月12日开始！上万件时尚经典双面羊绒大衣新面料、新款式颗粒绒羊剪绒、貂绒大衣只买一件，也是厂家内销价工厂直营，全场内销感恩答谢价全场 180元 起全场 180元 起全场 180元 起就在！！！恒瑞国际大酒店一楼大厅话不多说小编先带大家感受一下其他分店的火爆氛围福利一：进店礼即日起，参与微信活动即可免费领取高档棉麻围巾一条（注：一机一号限领一次，不得代领）详细规则请看《文末置顶留言》看完全文有福利！！！礼品每日限量，送完即止。福利二：留言礼10月16日中午12点之前在文章底部按照以下留言“买大衣，就去恒瑞国际大酒店一楼”获得“大拇指”排名前5名赠送精品羊毛衫一件请于10月16日中午12点后到现场领取数量有限，过时不侯！怎么去工厂店？？酒店大门进门就看得见哦！衡东县 恒瑞国际大酒店一楼大厅咨询电话：15905726453营业时间：8:30-21:00女人永远少一件大衣！这么好的福利还没心动吗！赶快行动起来吧！篇幅有限，款式店内都有，欢迎到店品鉴。双面羊绒 时尚经典 2019新款经典款、人字纹、千鸟格、英伦格子时尚皮草 全面来袭皮毛一体颗粒绒大衣新面料——金貂绒大衣精品羊毛衫——超低价发售新款男装 劲爆上市最后看看车间实景吧！最后刷一遍地址酒店大门进门就看得见衡东县 恒瑞国际大酒店一楼大厅咨询电话：15905726453营业时间：8:30-21:00根据文末置顶留言参与活动哦！]]></content>
  <author><![CDATA[嗨转衡东]]></author>
  <time>2018-10-11 17:36:05</time>
  <account><![CDATA[hihengdong]]></account>
</data>
