<data>
  <id><![CDATA[51538813]]></id>
  <url><![CDATA[https://mp.weixin.qq.com/s?timestamp=1539596387&src=3&ver=1&signature=Egrj350GoKY8-KUcIJshb*eeioF*Y*ydi*u0ILYsL6RJUJey1AvR3QfCRujcT71MfkDpwroL01Tl3tqyi0Rpis*LsYSPU2Sc*OiyjohgfU5J--DOSObqVSGM0x7qcm-h0p6-aKqJuE9oM3dAAyk3qoTFmaNqhdwpQATrfOX*G0g=]]></url>
  <title><![CDATA[这个东西，用衡东话怎么说？]]></title>
  <content><![CDATA[戳蓝字关注  商务合作微信：17742543179————广告推广（联系微信：17742543179）————今日话题这个东西，用衡东话怎么说？请各位粉丝拍些好玩的照片提供给我们.让大家一起来猜爆料/广告/合作 联系：17742543179（微信）▼找顺风车｜找工作｜找房子｜二手买卖｜点阅读原文！]]></content>
  <author><![CDATA[嗨转衡东]]></author>
  <time>2018-10-03 17:01:46</time>
  <account><![CDATA[hihengdong]]></account>
</data>
