<data>
  <id><![CDATA[51538813]]></id>
  <url><![CDATA[https://mp.weixin.qq.com/s?timestamp=1539596387&src=3&ver=1&signature=Egrj350GoKY8-KUcIJshb*eeioF*Y*ydi*u0ILYsL6RJUJey1AvR3QfCRujcT71MfkDpwroL01Tl3tqyi0Rpis*LsYSPU2Sc*OiyjohgfU7JGsL7TEDVR9DMaITtvXBnVfG4eAtO46regh-W5ol-8GgR9pwI1amHi4ja7PwS9U0=]]></url>
  <title><![CDATA[衡东县阳光爱心联盟：让有阳光的地方就有温暖]]></title>
  <content><![CDATA[党的十九大报告强调，统一战线是党的事业取得胜利的重要法宝，要牢牢把握大团结大联合的主题，找到最大公约数，画出最大同心圆。社会组织中集聚着大量党外人士、新的社会阶层人士，成为了推进社会建设和社会治理创新不可或缺的重要力量，也是拓宽社会领域统战工作的新载体和新平台。近年来，我县社会组织发展迅速，涉及各个行业和领域，初步形成了门类齐全、层次多样、覆盖广泛的社会组织体系，在促进经济社会发展、维护市场秩序、参与社会治理、畅通协商民主渠道和建言献策等方面发挥着重要作用。为进一步引导好社会组织发展，充分发挥社会组织在统一战线中广泛团结各界人士、凝聚人心、引导民意、维护社会稳定的作用，根据《衡东县统一战线先进人物（组织）系列评选活动方案》（东统发[2018]1号）文件要求，县民政局联合县文体广新局、县教育局、县卫计局、团县委、县文联、县科协在全县社会组织中开展衡东县首届“十佳社会组织”评选活动。经前期宣传发动、申报、初审综合网络投票、组委会评审以及公示结果最终产生衡东县首届“十佳社会组织”今天，统战君为大家介绍衡东县阳光爱心联盟“在衡东，有这样一群人：他们有爱心，利用业余时间深入乡村关爱留守儿童、空巢老人和帮扶贫困学生；他们默默奉献，组织开展各类公益活动，带头捐款捐物，用自己的行动温暖他人；他们有责任心，在各类公益活动中，义务服务他人，默默无闻传递正能量……他们来自五湖四海，从事各行各业，却有着一个共同的名字----志愿者。”他们不驰于空想，为爱坚守“传递爱心，播种希望”这是衡东县阳光爱心联盟团队口号，也是他们激励自己在公益道路上一路前行的不竭动力。2014年，一群爱心人士因公益而结缘，他们聚集在一起发起了衡东爱心联盟，无论严寒酷暑，他们都深入偏远乡村帮扶特困群体，经过两年的坚持和努力，爱心联盟逐渐发展壮大，并于2016年6月正式在县民政部门注册登记的非营利性、纯公益社会慈善组织，更名为“衡东县阳光爱心联盟”。2017年2月，独家承办了衡东县“我是衡东人，我为衡东献爱心”慈善晚会，营造了浓郁的公益氛围，2017年7月正式申请成为社会慈善组织。他们把规范财务管理和公开视若生命同等重要，明确专人负责财务，成立三人监事小组，定期接受专业审计和主管单位审查，始终做到善款阳光透明、志愿者无偿参与，有活动必反馈，有支出必公示，善款100%直接用于受助对象，从不从中提取或截留工作经费，四年来，阳光爱心联盟正如其名，形成了其独特的“阳光气息”，赢得了社会各界爱心人士的支持和认可， 阳光爱心联盟也由原先的5位发起人，现已达到注册骨干会员80人，网络注册会员1000余人，人们纷纷称赞道：“有阳光的地方就有温暖”。道虽迩，不行不至；事虽小，不为不成。阳光爱心联盟志愿者们总在工作之余，利用休息时间去到需要帮助的人身边，坚持在各类公益领域中默默付出。截至2018年6月，阳光爱心联盟已开展了“暖年行动”“日行一善，日捐一元”“阳光助学行动”等系列大型公益活动，组建了“教师志愿者”“衡东公益小天使”“爱心妈妈”等专项团队，发起“活着想要参加中考”“给乡村留守儿童送成长祝福”等公益项目90余个，开展公益活动100余场，筹款筹物280余万元，成功帮扶13000余人。团队被评为“衡阳市最美志愿服务团队”“衡东县最美志愿者团队”，团队10余名志愿者的先进事迹被全国妇女报、湖南日报等主流媒体争相报道，并获得20余项国家、省、市、县级荣誉表彰。他们不忘初心，砥砺前行老吾老以及人之老，他们用心关爱。在衡东，无论是端午、中秋、重阳……一些传统佳节，还是普通日子，阳光志愿者们总会陪伴在老人们身边，倾听老人心声，为老人们做些力所能及的事情。2016年，阳光爱心联盟正式发起“关爱空巢老人公益行动”，截至目前，已在白莲、石滩、杨林等6个镇开展空巢老人走访慰问活动，为老人们送去最爱看的花鼓戏和满载生活物资的“孝心礼包”，动员理事单位威怡和福诚骨科派出的理发师和医护人员，为老人们贴心服务，针对特别贫困的老人，还发转发500元慰问金。幼吾幼以及人之幼，他们用爱呵护。阳光爱心联盟长期关注乡村留守儿童、特困学生的身心健康发展，发起了“暖年行动，让爱不在留守”关爱留守儿童主题活动和“送教下乡”活动，动员广大社会爱心人士去到乡村留守儿童身边。通过互动，让留守儿童快乐；通过交流，让留守儿童懂得理解父母；通过发放爱心人士捐助的“成长祝福”书包，引导孩子们感受爱，感恩爱。截至目前，已在南湾、草市、石湾等10个乡镇的小学开展关爱留守儿童主题活动，并转发善款和物资10万余元。与此同时，阳光爱心联盟针对特困学生身心发展情况，发起了“阳光助学行动”，为学生提供一对一或多对一形式的资金帮扶和成长陪伴，积极探索“社会公益组织+学校”的模式，长期跟踪引导受助学生，开展系列专题辅导活动，让受助学生在心灵得到温暖，能力得到提升，实现社会价值的延续。截至目前，阳光爱心联盟牵线帮扶特困学生100余名，在县二中授牌建立助学点，成功引导一批学生完成从受助者到助人者的转变，把爱的种子播种在受助学生心中，让爱心得以传承。他们不遗余力，用情守护阳光爱心联盟创立之初，本着弘扬公益精神，让人人都可以参与的公益，让慈善贴近每一个人，在全县发起“日行一善，日捐一元”公益行动，倡导每人每天坚持行善，发挥一元钱的力量，积少成多，帮扶更多的特困学生和老人。截至目前，共有43990人次参与“日行一善，日捐一元”，筹集105052元善款。2016年7月，阳光爱心联盟在全县首创 “衡东公益小天使”团队，引导学生利用假期参与文明县城创建、敬老爱幼、义卖助学等活动。让孩子们在劳动创造价值的同时，锻炼他们的交际能力和社会责任感，体会劳动的艰辛和奉献的喜悦。截至目前，共有200多组家庭，300多名“公益小天使”主动参与到公益实践活动中，通过“清明祭，中华情,踏青际，亲子行”“公益小天使茶艺课堂”等系列活动，帮助孩子们树立正确的价值观、人生观，从而心怀爱心、健康快乐成长。2017年4月，阳光爱心联盟在微信上组织开展“爱不止步”捐步公益活动，发动316 位益行家，捐出 2545万步，与全国各地益行家一下为尘肺农民康复救助项目筹款700005.66 元，在全市参与的团体当中排名第一。2017年6月，全县遇到近年来最严重一次洪涝灾害，阳光爱心联盟紧急部署了抗洪救灾行动，发出倡议，发动志愿者参与抗洪抢险，发起“抗洪救灾，守护家园”筹款项目，得到了社会各界爱心人士的积极响应，3天时间就筹集到了74869.52元善款。阳光志愿者们不顾酷暑，奔赴石滩、草市等6个乡镇20多个受灾村，逐户走访排查受灾贫困户200余户，为173户受灾贫困户送去大米、油、医药箱等3万余元救灾物资，并为其中52户特困受灾户送去26000元救助金。每到一处，随行的医护小组都为灾区群众提供义诊和健康咨询。……近年来，阳光爱心联盟还积极与有关部门探索关爱环卫工人等群体问题，深入开展慰问环卫工人活动，为他们送去生活物资；积极响应党委政府各部门的号召，积极参与了“我是衡东青年人，我为衡东添光彩”植树节活动、“全国交通安全日”、“春运送温暖”、“6.29”事件和“9.12”事件志愿服务等活动，为文明衡东、美丽衡东贡献出团队力量。无论遇到什么困难，阳光爱心联盟都坚持做到了传统公益项目历久弥新，创新公益项目持续不断。公益路上，阳光爱心联盟的志愿者们从未止步，他们将用实际行动践行着“奉献、友爱、互助、进步”的志愿精神，传递爱心，播种希望,让有阳光的地方就充满温暖。]]></content>
  <author><![CDATA[嗨转衡东]]></author>
  <time>2018-10-03 17:01:46</time>
  <account><![CDATA[hihengdong]]></account>
</data>
