<data>
  <id><![CDATA[51538813]]></id>
  <url><![CDATA[https://mp.weixin.qq.com/s?timestamp=1539596387&src=3&ver=1&signature=Egrj350GoKY8-KUcIJshb*eeioF*Y*ydi*u0ILYsL6RJUJey1AvR3QfCRujcT71MfkDpwroL01Tl3tqyi0RpiogrjZg08Void10dMk-XCl8T9IyYsSHxseC42C8kz*-rNvqfu--PrhxIJCJHA*bzFHK0Oja9oaPWTVGYmRudBzE=]]></url>
  <title><![CDATA[衡东三樟：金黄的辣椒火红的愿景]]></title>
  <content><![CDATA[戳蓝字关注  商务合作微信：17742543179————广告推广（联系微信：17742543179）————爆料/广告/合作 联系：17742543179（微信）▼找顺风车｜找工作｜找房子｜二手买卖｜点阅读原文！]]></content>
  <author><![CDATA[嗨转衡东]]></author>
  <time>2018-10-08 18:41:33</time>
  <account><![CDATA[hihengdong]]></account>
</data>
