<data>
  <id><![CDATA[51538813]]></id>
  <url><![CDATA[https://mp.weixin.qq.com/s?timestamp=1539596387&src=3&ver=1&signature=Egrj350GoKY8-KUcIJshb*eeioF*Y*ydi*u0ILYsL6RJUJey1AvR3QfCRujcT71MfkDpwroL01Tl3tqyi0RpilYbG2fB5A-4Ji9Dtsk3bTrmGjOp1CNHId9vGM1krxyo1J**ggLM5COPyXjirMxXLRoQezYFIAIf0ohZAX-9GyM=]]></url>
  <title><![CDATA[衡东石江村红薯片子大丰收，农户们正一筹莫展！]]></title>
  <content><![CDATA[衡东红薯片子  绿色、纯天然、纯生态衡东红薯片子， 衡东的父老乡亲们，还记得这个味道吗？衡东红薯片子，衡东游子们有托家乡亲朋给你寄去解馋吗？衡东红薯片子，衡东乃几妹几姑有没有想起你们的爸爸妈妈呢？年年岁岁眷乡愁岁岁年年恋家人近日58同镇站长在洣水镇石江村扶贫队长柳队长带领下，实地了解到该村今年红薯大丰收，纯朴的村民们趁着国庆期间的好天气手工制作了数万斤红薯片子。全村有一百户农家都有制作，少的有数百斤、多的数千斤。沉甸甸热情展示丰收咯然而，因为地处偏远、信息不对称等诸多因素，现在出现了销售难、运输难等问题。看着农户家里垒着一堆堆的红薯片子，一筹莫展，大伙心里都不是滋味，扶贫工作队的柳队长也是绞尽脑汁，想尽办法，将消息扩散出去，帮忙寻找销售渠道。大湘网络（嗨转衡东&58同镇）在柳队长的倾力衔接下，满腔热情的赶到现场探访。在柳队长的指引下，走访了几家农户，基本上都是留守老人在家，没有一个青壮年在家，家里都整齐堆放着做好的红薯片子。里三层外三层包裹严实现场探寻Look老人都是把红薯片子用薄膜里三层外三层、盖得严严实实，好比他们往常随身携带的现金，都是用塑料袋包住的。或许，在老人心里，这些辛勤劳作而出的红薯片子，就是他们的丰收果实，用心在守护，而后寻得其最终归宿（吃货）。  这就是他们一年当中的几个主要收入来源之一吧。58同镇大湘网络（58同镇衡东运营中心&嗨转衡东）特此倡导：善良纯朴的农户们没有好销路，绿色纯生态纯天然的好东西养在深闺无人识，5斤红薯做成一斤红薯片，早上三四点起床熬制，得耗费多少心血，还没有直接卖红薯的价钱高，但红薯卖不出，所以即使贱卖红薯片子，农户们也仍乐此不疲。既然我们遇到了，就尽自己一份力量，能帮一点算一点。望衡东父老乡亲也积极行动起来，能销一斤是一斤。众志成城，彰显我们大衡东厚积薄发之力。扫我下单长按扫描上方二维码在线下单2018年10月9日一身覆青山，绿叶风尘。凝视旷野，满眼金黄，心灵沉静在石江。下面给与大家重温下该传统制作工艺流程：脑海中是否浮想起童年的快乐时光及美好的回忆呢？经过诸多道工序锻造而成，大家不觉得我们吃的红薯片子来之不易吗？确实，正因为如此，大湘网络（58同镇&嗨转衡东）在信息扶贫、助农扶贫，打通信息闭塞局面上，始终如一地与农户们在同行着。END石江美景温馨提示石江农户们鉴于往年的种植经验，今年种植的大部分并非红心红薯，因此红薯片也不是很甜，但比较薄、脆，吃起来有嚼劲，越嚼越香。可能油炸后佳。望大家理解。扫我下单长按扫描上方二维码在线下单同时，若有人需要大量收购，也可联系石江村扶贫队柳队长：13786475845。爆料/广告/合作 联系：17742543179（微信）▼找顺风车｜找工作｜找房子｜二手买卖｜点阅读原文！]]></content>
  <author><![CDATA[嗨转衡东]]></author>
  <time>2018-10-09 19:07:54</time>
  <account><![CDATA[hihengdong]]></account>
</data>
