<data>
  <id><![CDATA[51538813]]></id>
  <url><![CDATA[https://mp.weixin.qq.com/s?timestamp=1539596387&src=3&ver=1&signature=Egrj350GoKY8-KUcIJshb*eeioF*Y*ydi*u0ILYsL6RJUJey1AvR3QfCRujcT71MfkDpwroL01Tl3tqyi0RpirUHEQgb*0eWZf0VSvvm81-cP4oWo*QRj*O89CKkEF6KEhECDpCkf6XVzF4N55rnBT4xNIyXb09U0lx9BpUd9Pk=]]></url>
  <title><![CDATA[衡东今日求职招聘信息（2018.10.4）]]></title>
  <content><![CDATA[信息部■ 每日，公众号嗨转衡东发布最近几天的求职招聘信息；■ 关注此公众号，从菜单可直接进入衡东人才招聘网；■ 招聘专员联系方式：微信hengdong666，电话18173481103招聘信息客户经理招聘企业：衡阳平安普惠详细地址：衡阳市衡州大道海通茶叶城岗位要求： 性别不限/大专/经验不限 /35岁以下职位要求：招人才啦！世界前30强企业，带你一起玩翻全世界，各种机遇福利，等你来！待遇：六险两金+绩效+两份基本工资+国内外游等各种福利要求：大专以上文凭+35岁以下工作地：衡阳竞聘电话 ：18507343218唐联系人：唐经理联系电话：18507343218高薪招操作工招聘企业：腾成机械详细地址：长沙市雨花区环保科技园岗位要求： 男性/学历不限/经验不限 /50岁以下职位要求： 机械厂高薪招聘工作内容：主要负责汽车零部件的冲压等工作，轻松无体力基本要求：男性25-55周岁（可接受部分夫妻），身体健康，服从安排。薪资待遇：工作满一个月买五险（不买补贴2.5元/小时），转正后综合月薪5000-7000元，包住，餐补，面试当天安排住宿入职。工作地址：雨花区环保科技园联系人：陈女士联系电话：18807419185高薪月入7K招聘企业：武汉耀皮康桥汽车玻璃制造有限公司详细地址：江夏金口通用工业园雪佛兰大道18号岗位要求： 性别不限/学历不限/经验不限 /年龄不限职位要求：武汉耀皮康桥汽车玻璃有限公司是一家专业从事OEM汽车玻璃及玻璃总成研发，制造与销售的中外合资企业。一、现招操作工岗位职责：生产汽车前挡后挡玻璃。薪资待遇：1、工作时间：8：30―20：30，半个月倒一次班，一个月休四天、调休；试用期一个月，2、工资：底薪1500+绩效1100+小组计件2500左右+夜班补贴=5000+，耀皮工资非常高，只要满勤26天工资基本5000+；二、修边工岗位职责：产品的修边，包装工作1》男女不限；2》能适应倒班，站立式工作;3》服从管理，吃苦耐劳，有责任心.薪资福利待遇：1》早8:30到晚8:30，两班倒。薪资采取计件工作，多劳多得，试用期综合薪资为：4000-5000，转 正以后5000-6000；2》包工作餐二餐，二荤一素，刷卡吃饭;3》有免费班车到纸坊城区，可提供住宿，不住宿没有补贴工作地址：江夏金口通用工业园，雪佛兰 大道上。联系方式：13260661753（微信15007141926）联系人：赵主管联系电话：13260661753早餐店招聘企业：鑫隆早餐店详细地址：文冲路入口处岗位要求： 性别不限/学历不限/1-3年工作经验 /50岁以下职位要求： 做事干净利索！和善，好相处！联系人：毛孔亮联系电话：18670472599幼儿教师招聘企业：吴集镇蓝天幼儿园详细地址：洋塘河坝天桥旁边岗位要求： 女性/学历不限/经验不限 /35岁以下职位要求： 有经验者优先，一经录用，待遇从优联系人：陈园长联系电话：15386065515养发师招聘企业：乔丝曼养发馆详细地址：衡东县文明东路63号岗位要求： 性别不限/学历不限/经验不限 /年龄不限职位要求： 包学包会，学期间有工资。联系人：刘慧联系电话：13187300285厨师招聘企业：夜夜烤活鱼详细地址：佛山市南海区狮山镇岗位要求： 男性/学历不限/经验不限 /年龄不限职位要求： 做事勤快！联系人：向先生联系电话：13729924759服务员收银员招聘企业：衡东肯德基详细地址：衡东县衡岳北路岗位要求： 性别不限/学历不限/经验不限 /40岁以下职位要求： 做五休二，五险一金！联系人：向联系电话：18173481103绿意阳光酒店招聘前台2名详细地址：衡东县衡岳北路2号岗位要求：女性/学历不限/经验不限 /35岁以下职位要求：1.要求:工作认真负责，服务意识 好。2.工作时间8小时制，月休4天，包工作餐，3.薪资1800--3000元，公司地点：城关医院隔壁。 有意请致电郑17373460038。联系人：郑女士联系电话（微信）：17373460038定制柜体生产，包装，安装工衡东欧慕定制家私有限公司详细地址：衡东县吴集镇乔阳混凝土往南200米岗位要求：1.性别不限/学历不限/经验不限 /50岁以下2.要求服从安排，吃苦耐劳。联系人：方超联系电话：13975431183菲林格尔木地板详细地址：衡东县建材路金汇玉园103-104号岗位要求： 性别不限/学历不限/经验不限 /50岁以下职位要求： 对工作有激情联系人：孙娟联系电话：16673421056童年衣柜童装连锁店详细地址：衡东县新井路好又多超市楼下岗位要求： 女性/高中/1-3年工作经验 /35岁以下职位要求： 性格活泼，沟通能力强，工作责任心强联系人：刘经理联系电话：13974702869衡东vivo手机招聘岗位需求：导购员要求：18-35岁，热爱销售，目标感强，有激情，有韧性。带上你的勇气加入我们，一起骄傲的闯下去。薪资：1800-8000元/月福利政策：五险一金+旅游津贴+年底红包+年底双薪+生日福利+团建+带薪年假+工龄工资联系电话（微信）：18173481103衡东生生制衣厂详细地址：丽都北路16号职位要求：招聘熟练缝纫工多名，打边一名。包吃，提供住房补贴。工作地点:丽都北路16号一楼请联系:金小姐13428868689(可加微信)衡东艺丰建筑装饰有限公司诚聘1、销售  3名   8000-120002、设计师 3名  12000-20000  学历大专 3-5年工作经验公司福利：交通补贴/餐补/话补/包住/节日福利/其他补助公司地址：衡东县金堰广场转盘处电话：18973473087联系人：胡冰衡东添福茶业招聘办公室文员（1名）高级茶艺师评茶员（若干名，可兼职）营销员（3名）服务员（2名）茶艺员（若干名，且长期招聘）要求如下：1、热爱茶文化，喜欢安静优雅的生活；2、18岁-40岁之间的女性3、端庄大方善良谦虚好学4、有想法，有主见，愿共谋发展的优先考虑5、可提供食宿！6、有意者请执身份证前来嘉汇二楼添福茶业7、联系方式（微信）：18173481103大湘网络（嗨转衡东、58同镇衡东县运营中心）一、新媒体编辑人员：3名【岗位职责】：1、负责微信公众号等社交媒体运营、内容编辑和推广等日常事务；2、挖掘和分析微信用户需求，及时掌握当下热门话题；3、负责公司代运营微信平台编辑工作；4、负责公司分类信息运营工作；5、公司安排的其他事务。【任职资格】：1.对新媒体行业有兴趣；2.熟悉各种移动新媒体制作手法，擅长各类新媒体工具使用；3.有一定文字功底及写作能力；4.具有较广泛的知识储备、追求创新、思维活跃、乐于接受新事物。5.衡东人，会衡东话，希望在衡东长期发展；二、业务经理：5名1、负责公司新媒体广告业务的跑单和业务洽谈；2、负责公司58同镇衡东县城商家的入驻沟通；3、负责公司广告营销业务的跑单和业务洽谈。【联系电话】： 17742543179（微信同号）【公司新址】：衡东县洣水镇峥嵘路578号【简历发送】：395293867@qq.com衡东盼盼智能安居门业总汇招聘：1.店长2名 底薪2600+提成+年终奖2.营业员2名 底薪2000+提成+年终奖3.业务员4名 底薪1500+提成+年终奖4.市场推广部经理1名  3000+提成+年终奖5.业务总管1名 2800+提成+年终奖公司提供优质平台，愿有共同发展意向的人才加盟我们！联系人：向丽电话号码（微信）：18674709949衡东凤凰台项目招聘置业顾问数名联系电话：15200586918工作地点：新汽车对面凤凰台求职信息▲查看求职者联系方式请登陆衡东人才招聘网▲查看求职者联系方式请登陆衡东人才招聘网▲查看求职者联系方式请登陆衡东人才招聘网▲查看求职者联系方式请登陆衡东人才招聘网▲查看求职者联系方式请登陆衡东人才招聘网▲查看求职者联系方式请登陆衡东人才招聘网▲查看求职者联系方式请登陆衡东人才招聘网▲查看求职者联系方式请登陆衡东人才招聘网▲查看求职者联系方式请登陆衡东人才招聘网▲查看求职者联系方式请登陆衡东人才招聘网▲查看求职者联系方式请登陆衡东人才招聘网▲查看求职者联系方式请登陆衡东人才招聘网▲查看求职者联系方式请登陆衡东人才招聘网▲查看求职者联系方式请登陆衡东人才招聘网▲查看求职者联系方式请登陆衡东人才招聘网▲查看求职者联系方式请登陆衡东人才招聘网▲查看求职者联系方式请登陆衡东人才招聘网▲查看求职者联系方式请登陆衡东人才招聘网▲查看求职者联系方式请登陆衡东人才招聘网▲查看求职者联系方式请登陆衡东人才招聘网▲查看求职者联系方式请登陆衡东人才招聘网▲查看求职者联系方式请登陆衡东人才招聘网温馨提示以上信息由网友在嗨转衡东所属平台自行发布，所有内容均由发布者对信息的真实性负责，嗨转衡东平台仅提供信息发布、展示，不对用户信息内容的真实性负责（当然我们也会对信息作尽量的甄别）。▲招聘专员微信：hengdong666电话：18173481103↓↓↓点击阅读原文，直接进入人才招聘网]]></content>
  <author><![CDATA[嗨转衡东]]></author>
  <time>2018-10-04 19:09:16</time>
  <account><![CDATA[hihengdong]]></account>
</data>
