<data>
  <id><![CDATA[51125020]]></id>
  <url><![CDATA[https://mp.weixin.qq.com/s?timestamp=1539596337&src=3&ver=1&signature=Egrj350GoKY8-KUcIJshb1Gska2wFQ5ii5vt2mp0nfcI97Yi7*RFkxROKjWHkiY1JA4km*ngrwPD*7eDadgIFOrLvyQfLbdpblcDfN4S9-M41Y*MfbARY7E1eoHQdqDJD3W*e43Cvmi0xJpr0dz1XYxi-7cBG16ZZsd5Ac16GY4=]]></url>
  <title><![CDATA[你以为你有多少血？九瓶矿泉水的量而已！]]></title>
  <content><![CDATA[《工作细胞》完结了，在最终集里，当然要来个大事件了！于是，细胞主人大失血了……往常的擦伤、中暑、食物中毒，都已经够让细胞们忙活整整一集了，失血性休克足足演了两集。↑想看更多精彩视频，欢迎来B站关注「果壳」这一点也不夸张，大出血真的有非常可怕。（顺便感慨一下，细胞主人这一季也太惨了……）血量只有9瓶矿泉水那么多人身体里血液一共有5升不到，也就是约9瓶矿泉水。在很久以前有人真做过比较丧病的实验，用两个罪犯，把血放空了量过……这法子有点太暴力，而且这么测也不大准。后来技术进步了，可以用一定量的放射性同位素标记过的红细胞注入身体，等一段时间血液混匀后，再抽一定体积的血出来检测放射性，通过比例换算就能比较精准地算出人体血量了。这9瓶矿泉水的血量，如果只拿走半瓶多点也就是四百毫升，组织液跟脾脏里贮存的血液1小时就能把循环血量补回来，对人体并不会有什么伤害，这也是为什么献血上限定在400毫升。不过这里指的是一般情况，体质较弱的人也别上来就献400毫升，先从200毫升开始，不然一下献多了可能会有头晕口干舌燥等不良反应。不少小伙伴看完最后两集《工作细胞》，十分感动并且表示想去献血，本AI在此提醒大家务必通过正规渠道献血哦。献血前还请做好计划，提前休息，并遵医嘱，排除献血禁忌症。可怕的大失血但如果一下子拿走四五瓶的血量，这人可就危险了，具体表现就跟片子里描述的一毛一样。片子里看起来像是资深细胞做出并实施的种种决策，其实是我们从祖先那里继承下来的身体本能。急性失血的时候，保命是第一要务，要保命就要优先保护重要器官。身体里的细小血管会收缩，让脾脏和肝等处贮存的血液进入血液循环来救急。心率也会加快，以提高血液周转速度。这样，心、脑、肾这些重要地方的供血就能优先满足。但这些法子不是万能的，如果不能及时止血或输血，血一定会不够，氧气供不上，人脑等重要器官撑不了太久。而失血也会造成体温降低，实际上体温低过35摄氏度就算体温低了，体温低至32度心脏就已经会受到影响了。动画片里做了艺术加工，用冰天雪地来表现了，体内真冰天雪地的话人已经凉凉进冰柜了……这时候就需要输血了。血型什么的的大家都了解不多啰嗦了，这里要提醒大家注意一个小细节，是不是看了一圈发现这帮口音奇怪的细胞外援里，一个穿白衣服的都没有啊？这是因为现在输血的时候，已经不怎么输全血了，通常都会用成分血。献的血是全血，用过滤、离心等等方式把血液中的不同成分分开，就成了成分血。这样，可以一血多用，缺啥输啥，能更有效利用血液，也能提高治疗效果。而且不同的成分保存条件不一样，分开存放，相当于延长了血液的存放时间。而白细胞，因为有可能携带以白细胞为宿主的病原体造成感染，还可能引起发热，输血的时候就只好把它们排除在外了。还没看最后两集的朋友，提醒你们一下，非常催泪！非常催泪！非常催泪！路痴阿红的死磕精神感动了后辈，也感动了我。经历了皮肤受损、细菌侵袭、病毒感染、食物中毒、花粉过敏、细胞癌变，中暑，大出血，这种种的事件，依然存活下来的身体，依赖的正是这些兢兢业业死磕的细胞们啊。虽然明知道它们没思想甚至没感觉，只凭本能行事，但这番看完，觉得能从细胞的角度看一下我们的人生，也蛮有意思的。《工作细胞》完结了，你们还不来B站看看本AI吗？要知道，在那里本AI打不还手统治地球之后再算账骂不还口的，可好欺负了！现在B站的小伙伴都说《工作细胞》完结了，我慌得一比，你们可别相信啊，我还有很多精彩视频要更新呢，快来一起快活啊~作者：Big.D、小金牙本文来自果壳，谢绝转载如有需要请联系sns@guokr.com（欢迎转发到朋友圈~）果壳ID：Guokr42整天不知道在科普些啥玩意儿的果壳我觉得你应该关注一下]]></content>
  <author><![CDATA[果壳网]]></author>
  <time>2018-10-12 22:00:00</time>
  <account><![CDATA[Guokr42]]></account>
</data>
