<data>
  <id><![CDATA[51125020]]></id>
  <url><![CDATA[https://mp.weixin.qq.com/s?timestamp=1539596337&src=3&ver=1&signature=Egrj350GoKY8-KUcIJshb1Gska2wFQ5ii5vt2mp0nfcI97Yi7*RFkxROKjWHkiY1JA4km*ngrwPD*7eDadgIFI14W8RBPRyq3p2y1rUljsy3BFec3CYT7hkE7x7WEwRQ6kDfVwZCabV86TbDEZpdMdRmfntbmdGdS0tx6--uJys=]]></url>
  <title><![CDATA[电动牙刷要是还能洗脸，这波操作岂不是赚大了？|好物推荐]]></title>
  <content><![CDATA[很多人认为“电动牙刷的效果，跟手动牙刷的效果一样。”这话虽然没错，然鹅……你做对“巴氏刷牙”法了吗？你的牙齿与刷毛成45度角了吗？你每次刷牙时间能达到2分钟吗？“巴氏刷牙”法，你真的做到了吗？反正活儿姐拷问心灵，我没有，我不行。如果你和我一样，做不到“长期规范使用巴氏刷牙法+刷够充足时间+舒适刷毛”，那么！一支能满足以上几点的电动牙刷， 清洁效率可以比普通牙刷多出了100米的牙线。之前活儿姐找到过一支颜值超高的电动牙刷，最近我又膨胀了！找到了一支让你们无负担拥有的硅胶洁面仪+电动牙刷了！（没错二合一的惊喜！）ROAMAN/罗曼T10声波洁面牙刷洁面仪+电动牙刷全入手▼原价399现价仅售299元颜值爆表，美到没朋友！这款洁面牙刷拿到手里，活儿姐的少女心立马被浪漫的粉红色戳中了，粗略估计一下今年还有好几个（女）朋友要过生日，这个洁面牙刷瞬间激发出我送礼灵感！流线型的机身特别纤细，丝毫没有笨重的感觉。活儿姐觉得，符合人体工学的工业设计很重要，这种握感舒适、机身轻盈的牙刷对女性就很友好。经过改良mini柔软刷头有个别致的收腰设计，可以更灵活地深入刷牙盲区，柔软的杜邦刷毛会让刷牙的触感更加舒适。打开精致的包装礼盒，里面配有1支电动刷柄+3支更换刷头（防敏、炫白、护龈）+1支硅胶洁面刷头+一根USB充电线+一个收纳盒。上次给大家推荐电动牙刷的时候，很多同学问到刷头用完咋办，这次解决了！这款牙刷，只要是罗曼ROAMAN的刷头都能适配，也很容易买到。深洁声波，刷牙超洁净我们正常手动刷牙的频率不到200次/每分钟，而无论是旋转式还是声波式的电动牙刷，对牙菌斑的清洁效力都完胜手动。旋转式是从各个方向对牙齿进行快速刷洗；声波式然用法跟手动类似，但洗刷的频率、幅度比手动高很多。ROAMAN T10洁面牙刷采用磁悬浮深洁声波马达，在高频振动下，可以快速分解牙膏泡沫，借助适齿按摩刷头，更舒适高效地清除顽固牙垢、牙菌斑。3种刷牙模式，基本能满足各种刷牙需求~清洁模式：41000次/min，更适合日常使用。洁白模式：48000次/min，使牙齿更亮泽，适合长期吸烟/饮茶爱好者。敏感模式：31000次/min，柔和洁齿，更适合牙齿和牙龈敏感、或初次使用电动牙刷的同学。还有一个活儿姐得拎出来说：虽然震频高，但震感弱。不知道你们有没有用过那种电动牙刷，还没刷完牙手就抖...麻...了!但ROAMAN T10在这一点上值得赞美，震颤中也能保持稳如狗的握感。智能提示切换，不会刷错当在刷牙途中有30秒提醒功能，好让我们能够上下左右的变换刷牙区域。保证刷牙时间每次开启后，会持续2分钟自动停止，刚好能刷完口腔的4个区域。变相监督你完成刷牙时长，想偷懒儿都不行。洁面刷牙二合一，超值性价比！这款牙刷给活儿姐最大的惊喜就是：换上硅胶刷头，秒变洁面仪。只花一份钱，洁面仪和电动牙刷竟然都入手了，性价比超值。现在纯素颜出门的妹子恐怕不多了吧？防晒、隔离、彩妆，长期清洁不到位很容易引起长痘、毛孔粗糙、妆感差，洁面工具绝度让你的清洁效果加分！这款ROAMAN T10 配的是硅胶刷头，主要利用声波脉冲原理进行清洁，理论上是比普通手动洁面洗得更深入干净，同时对于皮肤还有一定的按摩作用。而且硅胶材质不容易滋生细菌，由于是脉冲声波洁面，对于肌肤的磨损比较小。而且使用洁面仪时，也可以不再使用磨砂膏等去角质类产品，竟然又省了一笔预算！2种洁面模式，满足不同肤质的洁面需求：high档位：适合油性/混合性肌肤、中性肌肤low档位：适合敏感肌肤如果皮肤真的特别特别敏感的朋友，请放过洁面仪和自己的脸吧。安全防水机身，洗澡也能安心用！很多同学的电动牙刷，自打买了怕是就没洗过：怕进水。这支洁面牙刷全机身IPX7级防水，水流下也能安全清洗，裸露的接口即使泡在水里边都没有问题，活儿姐洗澡的时候用它刷牙洗脸完全没在怕的。充一次电，用足两个月这个洁面牙刷每次约1.5-3小时充满，满电下可以坚持使用60天。长途旅行、出差带着它，完全不担心用几次就game over了。很多傲娇的电动牙刷需要单独的充电底座，坏了还要重新买一个型号适配的充电器，出门携带也很不方便。这款T10 采用USB接口充电，如果原装充电线丢了，只要一根旧款手机充电线，就能充电。好了，到了你们最关心的价格了。第一次听到的时候我也很震惊，这款颜值爆表、功能强大的电动牙刷，竟然原价只要399元，现在限时只要299元！这次也上架了冲牙器，原价399，限时329！电动牙刷配合使用冲牙器，让我们的口腔更干净！活动倒计时1周，手慢无！购买方式放在这里了，长按二维码或者戳阅读原文即可。原价399现价仅售299元↓↓↓戳阅读原文，带走超值声波洁面牙刷]]></content>
  <author><![CDATA[果壳网]]></author>
  <time>2018-10-14 22:00:00</time>
  <account><![CDATA[Guokr42]]></account>
</data>
