<data>
  <id><![CDATA[51125020]]></id>
  <url><![CDATA[https://mp.weixin.qq.com/s?timestamp=1539596337&src=3&ver=1&signature=Egrj350GoKY8-KUcIJshb1Gska2wFQ5ii5vt2mp0nfcI97Yi7*RFkxROKjWHkiY1JA4km*ngrwPD*7eDadgIFBLi3sI3dpRIsCJCCm186tUr*5k1UqQOfqbzFzatE78pdVUmZZZf1q7072QfV870blolfg6l0E85rYq6Mox44Mo=]]></url>
  <title><![CDATA[泰国登革热疫情爆发，国内这些地方也有感染风险！预防方法都在这]]></title>
  <content><![CDATA[曼谷市卫生厅日前发布的数据显示，截至9月上旬，泰国今年已发现登革热病例52670例，其中69人死亡。首都曼谷报告登革热病例5899例。今年以来，广州海关在进境人员中检出89例输入性登革热病例，同比增长75%。那么这个登革热究竟是个什么病？这么多人都是怎么感染的？最近出去旅游，如果不去泰国只是国内游会不会有被感染的风险？万一中招了又应该如何防范？今天一次都给你说明白！登革热是如何传播的登革热经蚊子叮咬传播。这种蚊子是伊蚊，就是我们常说的花脚蚊子或麻蚊子，包括埃及伊蚊和白纹伊蚊。蚊子的滋生偏好温暖潮湿的环境，因此登革热流行区主要分布在热带和亚热带。登革热在我国的广东、广西、云南、福建、台湾、香港和澳门有流行。人感染了登革热会怎样？登革热由登革病毒引起，是一种RNA病毒，属于黄病毒科黄病毒属，病毒分为4型（1到4型）。作为病毒性疾病，登革热的症状与流感较为相似，表现为发热、头疼、乏力，因为该病会导致血管通透性增加，所以临床症状还包括红疹。机体有完善的抗病毒感染免疫机制，一般情况下人体免疫系统会将病毒清除，患者就会自行痊愈。针对登革病毒，临床上没有特异性的抗病毒药物，所以治疗属于对症处理，让患者适当休息。真正能要命的是重登革热发几天烧也不用吃药就能自愈，也就是说登革热一点都不可怕了？千万不要有这样危险的想法！因为登革热的一种凶险的病情叫做重症登革。如果入侵的病毒太多，就会演变成重登革热，那么最终会导致血管发生渗漏，引起出血性休克以及肝损害，严重者可以危及生命。更可怕的是，在重症登革的患者中，曾经感染过登革病毒的患者会增加患重症登革的风险。如何治疗重症登革呢？主要是快速的血容量补充，纠正休克症状，并采取支持措施，帮助使患者度过急性期。如何预防登革热预防登革热的重要措施就是灭蚊及防止蚊虫叮咬。蚊虫会在积水中产卵繁衍滋生，因此做好环境卫生、清除积水是预防登革热的重要措施。携带登革病毒的人群是需要进行严格管控的，避免蚊虫叮咬，从源头上减少病毒的传播。对于个人防护而言，关键点也是防止蚊虫叮咬，例如纱门纱窗都是有效的防护措施，在户外工作的人员，需要扎紧袖角裤脚，如果手臂或小腿裸露，需要喷洒防蚊喷雾，起到驱蚊的目的。东南亚地区登革热的流行频率相对较高，加强口岸监测，防止输入性病例，也是预防登革热流行的一个重要措施。本文作者：陶宁博士，中国科学院生物物理研究所副教授本文经授权转载自公众号科普中国（Science_China）公众号ID：Science_China公众科普 科学传播中国科协官方微信 国家科普平台果壳ID：Guokr42果壳整天都在科普些啥啊！吓得我二维码都屈光不正了！]]></content>
  <author><![CDATA[果壳网]]></author>
  <time>2018-10-12 19:00:00</time>
  <account><![CDATA[Guokr42]]></account>
</data>
