<data>
  <id><![CDATA[51125020]]></id>
  <url><![CDATA[https://mp.weixin.qq.com/s?timestamp=1539596337&src=3&ver=1&signature=Egrj350GoKY8-KUcIJshb1Gska2wFQ5ii5vt2mp0nfcI97Yi7*RFkxROKjWHkiY1JA4km*ngrwPD*7eDadgIFOrLvyQfLbdpblcDfN4S9-NfhI8UyB*ff*WpY-XE*9pK7CxqgYYs-UeCLtyqOZ16wK007BBpNfMAqtQWi1oMTI4=]]></url>
  <title><![CDATA[没有锦鲤的运气，怎样放心买买买？]]></title>
  <content><![CDATA[自从入了吃货研究所，所长和小姐姐们就心甘情愿地当起了小白鼠，为了小伙伴们的好胃口操碎了心，天天到处搜罗各种好吃的。功夫不负有心人，所长也是被伙伴们各种表白（#羞涩）今天，所长也有一个小秘密要告诉那些爱我的粉丝们爱的告白当然要偷偷地点开看（猛戳下方空白处！）▼离双十一只剩整整一个月辣！！！↓↓↓↓哈哈哈哈哈！！！猝不及防的肾痛是怎么肥事儿？！不过所长这么爱你，怎会舍得让你接下来的一个月天天受煎熬呢？因此，所长特地推出了签到就送代金券的活动。即日起，每天签到打卡就能get吃货研究所店铺代金券！代金券价值5~20元不等！根本不需要你有锦鲤的运气能拿多少靠的全都是毅力啊啊啊伙伴们！一天不落地签满30天还能获得一块满怀所长浓浓爱意的吃货補完计画巧克力（口味随机）！！活动详情温馨提示优惠券有效期为15天，自发放之日开始计算；签到30天为一个循环，即连续签到的第31天会自动按照第1天重新开始计算；如连续签到断签后，重新签到按照第1天签到计算；本活动的最终解释权归吃货研究所所有。咋签到？注  意签到只能在“吃货研究所店铺”服务号进行，在果壳网回复签到是没用的！！！能买啥？啥都能买！！有酒有肉有茶饮，鲜甜多汁的水果，精致可人的甜品，全店通用！！！快来吭哧吭哧打卡领券吧！！↓↓↓点已经关注了吃货研究所店铺的伙伴们，快戳阅读原文，直达签到现场！]]></content>
  <author><![CDATA[果壳网]]></author>
  <time>2018-10-12 22:00:00</time>
  <account><![CDATA[Guokr42]]></account>
</data>
