<data>
  <id><![CDATA[51125020]]></id>
  <url><![CDATA[https://mp.weixin.qq.com/s?timestamp=1539596337&src=3&ver=1&signature=Egrj350GoKY8-KUcIJshb1Gska2wFQ5ii5vt2mp0nfcI97Yi7*RFkxROKjWHkiY1JA4km*ngrwPD*7eDadgIFOrLvyQfLbdpblcDfN4S9-O9ffSvpCtGK1zvgz2osJx0df3avPanuPnDcPwDHOItITiAcv*TTRCKUGke1bXmlb8=]]></url>
  <title><![CDATA[我就是那个高度近视，戴最重的眼镜，每天都担心变瞎|AI夜话]]></title>
  <content><![CDATA[好久不见朋友们！AI夜话回归啦~本周一AI给大家讲了讲高度近视不能献血的原因，（看原文点这里）。我也邀请大家吐槽一下自己因为高度近视而遭受的生活不便……摘下眼镜等于切换世界，这算家常便饭。最吓人的是隐形掉下来的时候——误以为视网膜掉了吓得那叫一个惊悚。小心脏怕是还真扛不住呀！你问我为啥高度近视？咳，不就是小时候躲被窝里看书那点事儿魚小学的时候中午躲在被子里看漫画书，看近视的，后来就越来越深，我小学毕业的时候已经600度了。Melody小时候喜欢数彩色电视机上的像素颗粒……然后就八百度了。MTovo从小学开始拿着大约5c㎡的小手机在被窝里看书。后来，拿着大手机在被窝里看书……Christina以前读书的时候教室灯光比较暗，慢慢就近视了。后面又熬夜看小说看电视，度数就越来越深了。有人戴上眼镜之后，留下了悔恨的泪……琪高三时候最让人痛苦的事莫过于看着在黑暗中玩手机的室友近视不到一百度，而熄灯后只敢乖乖睡觉的我近视将近八百度……当然啦，也不都是自己用眼导致的。下面，AI向你们介绍两个高度数家族。 遗传的高度近视，可太惨了。我家祖传高度数眼镜Yunyieleven~两只眼睛都是600度以上。小时候以为我是在被窝里看金庸和哈利波特毁的。后悔不已。结果才知道我是家族遗传……我爷爷的亲兄弟姐妹四个，视力最好的是600度，最差的1200度。一滚滚高近，祖传的，妈妈一辈没低于1000的，表弟表妹没少过500的，妈妈黄斑病变，小姨视网膜破裂。本地三甲医院的眼科主任和我家联系密切（并不简单）如果当妈妈了，生产的时候格外辛苦。虎摸~燕归归生我们家小崽子时，羊水早破加上头太大，最后顺转剖，产后的我眼结膜出血红的像只兔子……配眼镜以后，我只想静静叹一口气梓怡酱爱学习早起，我眼镜呢，我放哪儿了？洗完脸，我眼镜呢，我放哪儿了？擦完脸，我眼镜呢，我放哪儿了？摸摸索索，摸摸索索……心悦戴眼镜时间太久，有时洗脸时候忘记还有眼镜，上去就是一捧水。乖宝李半夜宿舍楼着火，先想到的不是赶紧逃跑，而是找眼镜……好名字可以让你的朋友更容易记住你。困扰就是，经常把眼镜挂在领口/揣在兜里/拿在手里的同时找眼镜。嗯，其实和眼镜没关系吧，脑子不好也这样，是不是？（乖巧脸）蓝蓝我高度近视患者~ 涂防晒or粉底后鼻梁压了俩印记，大夏天还会蜿蜒而下，还有就是化妆恨不得戳到镜子前，画眼线炒鸡不方便🤷🏻‍♀️凌霄跑个步要扶N次眼镜,篮球训练被球砸中,眼镜直接报废 眼角被划破,血稀里哗啦的。最搞笑是剪头发的时候根本看不清发型师剪成什么样子，剪完之后只能苦笑……摘了眼睛，世界全是特效镜头舒琪在街上把垃圾袋认成猫猫狗狗的经历，不是一次两次了……E摘下眼镜，满大街的俊男美女，戴上眼镜，emmm……hyy晚上在马路边上摘了眼镜看风景就像加了滤镜一样魔幻。CathZ你放一鸵鸟我可能就会认成穿花裙子的大姑娘。疏林深苑摘了眼镜就是过山车跳楼机模式。原来你没给我备注啊(゜゜)高三时有一天晚自习放学刚走出教学楼，当时没有戴眼镜，稍一抬头看到前上方有又白又亮又大的圆形发光体，感慨今天月亮真厉害，难道是农历十五？戴上眼镜一看竟是个路灯( ꒪⌓꒪)隐形应该可以拯救吧。不，并不。隐形掉的时候，我以为视网膜脱了，心都凉透了散漫de44早上戴右眼隐形镜片时镜片粘回食指上，以为戴上了，然后把左眼的镜片摞在粘回的右眼镜片上，给左眼戴了两只。结果视物不清，揉了n遍眼睛，在镜盒里捞了又捞。瞬间愣住，以为视网膜掉了。那个悲啊！Glosten仙女味果铺🍇从单车下来那一刻，我一低头隐形掉我平光镜片上了，我是个高度近视加散光，掉下来那一半立刻什么都看不清，拿手捧着摸摸索索上台阶，去饮水机接水洗洗给戴回去了…Peyton之前去玩逃出恐龙岛，往下俯冲的时候我闭着眼睛嗷嗷叫，一睁眼世界模糊了，高度近视的我陷入恐慌，心想完了肯定是视网膜脱落了，用手指戳了一下眼球看隐形眼镜还在不在，结果是隐形眼镜吹掉了噗哈哈哈，吓死了再也不找刺激了。还有萦绕在心头，时时担心失去视力的恐惧……辛七学了高度近视并发症后，天天担心自己会变瞎，关灯后还得再开灯确认下，自己还能不能看的见。小心心💕一千度，想趁着年轻跳伞滑翔潜水，害怕自己有一天什么都看不到了，觉得人生无望。Sophia近视一千一百度……一直戴隐形十余年……现在还是觉得 可能不知道哪天就脱落了吧。原本以为高近的朋友们只是多个眼镜麻烦点，诸如不能献血不能过山车之类。原来，不是麻烦一点那么简单。心疼朋友们啊~请答应AI，一定积极护眼，好好治疗啊。本文来自果壳，谢绝转载.如有需要请联系sns@guokr.com（欢迎转发到朋友圈~）果壳ID：Guokr42果壳整天都在科普些啥啊！吓得我二维码都屈光不正了！]]></content>
  <author><![CDATA[果壳网]]></author>
  <time>2018-10-12 22:00:00</time>
  <account><![CDATA[Guokr42]]></account>
</data>
