<data>
  <id><![CDATA[51125020]]></id>
  <url><![CDATA[https://mp.weixin.qq.com/s?timestamp=1539596337&src=3&ver=1&signature=Egrj350GoKY8-KUcIJshb1Gska2wFQ5ii5vt2mp0nfcI97Yi7*RFkxROKjWHkiY1JA4km*ngrwPD*7eDadgIFKsaYENxi2gfzsoeBRuDTvtXH96BuRlbaaR3bcI6az1vfeMBWJ4RtaZMM7aDTmA8S4VF*4g9zejEFvGh0hjGTjA=]]></url>
  <title><![CDATA[秋日逛街背什么？Geek风帆布包拯救你|好物推荐]]></title>
  <content><![CDATA[进入10月，即使是南方的朋友也开始感受到酷暑的远去，意味着一年中最舒适的逛街季节、郊游季节到来了！可是，出门免不了背包，关于背包的烦恼可得有一箩筐：听到这一通抱怨，同事们祭出了我壳原创的Geekmon帆布包——出街神器，可以装，一，切。今天，AI特意请三位同事来聊聊包。先混个脸熟：科学编辑地铁一族阅读达人社群运营经常出差喜欢逛街BD经理经常外出猫奴另一个AI话题发起者还需要介绍么01挑帆布包的时候，你们首先看什么？社群运营无论买什么包，都要选图案特别的，不能跟别人一样。BD经理我也差不多，Geekmon最吸引我的地方就在于科学梗，让我能给朋友讲故事。BD经理社群运营正面更容易看出每款对应的科学梗，很有Geek范。👇社群运营科学编辑我主要考虑的是“不娘”。单线条的图案、深色帆布，我和女朋友谁背都不违和。很高级。科学编辑BD经理对对，逛街的时候把包丢给男朋友，也不会被一句“我不背女包”为由拒绝，非常自然。……喂，今天的主题是包。突然被塞狗粮的AI02不能只看外貌吧，还在意什么?科学编辑我还会比较注意帆布是多少安。我记得安数就是盎司吧，一个重量数值，越大说明越结实？另一个AI科学编辑对，8以下的太轻薄，16以上背着就是个麻袋。Geekmon是12安，就很合适了。BD经理带子也挺重要的，设计不合理的话会很容易累，长度、宽度刚刚好的话，拎着、背着就都很轻松。BD经理社群运营外貌协会怎么了！就纯看外貌怎么了！不过本仙女要求比较高，要两面都好看，这样出门完全不用考虑哪面朝外。社群运营社群运营你美你说了算。另一个AIBD经理还有一些小细节，偶然翻到的时候我会觉得很暖。BD经理03跟其他材质相比，帆布包好在哪？社群运营便宜耐用，流汗、淋雨也不心疼。性价比特别高。科学编辑深色的帆布包就更是了，耐脏。BD经理我会经常洗，特别是夏天的时候。内外翻过来用轻柔档就可以机洗，这点特别解放劳动力。BD经理社群运营反正不贵嘛，可以五款都买，轮流洗轮流背。给你们看红色的兔兔，敲可爱：社群运营BD经理对滴，多色还好搭配。04可以看看你们包里都装什么吗？科学编辑我笔记本电脑13寸的，装进去正好。有磁扣，不担心滑落，拿取也很方便。科学编辑BD经理15寸也可以呀，稍微冒一点，但用起来不影响。小收纳袋分隔很实用。BD经理我平常会放一个包在办公室里，出门谈合作的时候装上文件、名片、小零碎就能走。BD经理社群运营当随身包带上飞机敲合适的，登机牌、护照、电脑、手机、充电宝、洗漱包一装，过安检不要太方便。社群运营AI科学种草总结好了，以上就是今天的草啦五种颜色、五个科学梗双面Geek风帆布包想给秋游减负，就戳阅读原文出街必备帆布包长按二维码带走另一个AI不愧是果壳鼓励师之选。“来人啊，给朕点一下阅读原文。”点击“阅读原文”，今年流行Geek风]]></content>
  <author><![CDATA[果壳网]]></author>
  <time>2018-10-13 22:07:03</time>
  <account><![CDATA[Guokr42]]></account>
</data>
