<data>
  <id><![CDATA[67691031]]></id>
  <url><![CDATA[https://mp.weixin.qq.com/s?timestamp=1542256222&src=3&ver=1&signature=t1tQuhfvgeQkNOJJwpbIKA6j7uPXaW*i-keUDLL9FOFiZTZaWnNVJctOMyIU4JmrJsuFL0MM6qGOAznMbx2vFMDSGWEnYXjWXAiycRKiOwxNfsMWBjqoa8dQNUzS7mD1jY0M5NbvOB3d22wGP8TOR9lPCo7V*M57DFhhHoDb0u8=]]></url>
  <title><![CDATA[土豆在裤子上涂一下，神奇一幕出现了！简单又实用~]]></title>
  <content><![CDATA[来源：生活好办法、腾讯视频版权归原作者所有]]></content>
  <author><![CDATA[淄博圈子]]></author>
  <time>2018-11-13 20:22:00</time>
  <account><![CDATA[ziboqz]]></account>
  <image><![CDATA[https://mmbiz.qpic.cn/mmbiz_gif/k2iaoRruic0OHUCRUGFtM4ZICZTNOhib2pLHw8BfPenLvHu1Q4dw9hhDHyCz81UGGV8kSh4WeKaxvfFhg8SBaLzpg/640?wx_fmt=gif]]></image>
</data>
