<data>
  <id><![CDATA[67691031]]></id>
  <url><![CDATA[https://mp.weixin.qq.com/s?timestamp=1542256222&src=3&ver=1&signature=t1tQuhfvgeQkNOJJwpbIKA6j7uPXaW*i-keUDLL9FOFiZTZaWnNVJctOMyIU4JmrJsuFL0MM6qGOAznMbx2vFMDSGWEnYXjWXAiycRKiOwxLtUc3P5fOfTnWZBXZNFoj*pe8gnr7zxA8KT71ymKqNVDCOws4Q*dl9EkK630v09E=]]></url>
  <title><![CDATA[看了这头猪，你还有啥理由不努力！]]></title>
  <content><![CDATA[]]></content>
  <author><![CDATA[淄博圈子]]></author>
  <time>2018-11-13 20:22:00</time>
  <account><![CDATA[ziboqz]]></account>
  <image><![CDATA[https://mmbiz.qpic.cn/mmbiz_png/nArUC55CtIl4hmwfcjLvVanVDIsicic1kaJ2oGcAaa78OzmslALbhNwYEDeMjPChXjSfj0AePLK1yuvdSIw0xLibg/640?wx_fmt=png]]></image>
</data>
