<data>
  <id><![CDATA[67691031]]></id>
  <url><![CDATA[https://mp.weixin.qq.com/s?timestamp=1542256222&src=3&ver=1&signature=t1tQuhfvgeQkNOJJwpbIKA6j7uPXaW*i-keUDLL9FOFiZTZaWnNVJctOMyIU4JmrJsuFL0MM6qGOAznMbx2vFMDSGWEnYXjWXAiycRKiOwz-7NC-j5pLMwGVQQTBJJidHGMTDZLTFv1li3F7t-AHWBwF8voeVyZDLDMis3Asg3g=]]></url>
  <title><![CDATA[护士差点被产妇咬断手指，事发淄博妇幼保健医院！]]></title>
  <content><![CDATA[近日，一名孕妇在淄博市妇幼保健院候诊时，突然昏厥抽搐，随后紧咬牙关。因为有随时咬到舌头的危险，紧急关头，旁边的护士来不及多想，把自己的手指塞进孕妇嘴中。据医护人员介绍，孕妇大约40岁左右，当时坐在座位上头朝上翻，手脚抽搐很厉害，正在值班的医护人员立刻冲上去紧急施救。就在急救过程中，意外再次发生，孕妇突然牙关咬紧，随时有咬到舌头的风险。为了防止咬舌，旁边的护士赶紧把自己的手指塞进孕妇嘴中。“当时什么也没管，把手放进去了，她的牙太有劲了，把我们护士的手都咬破了，疼得护士打哆嗦，但一直忍着。”医院门诊综合服务中心主任李惠红讲述了当时的情形。很快，急诊科大夫赶到现场，对孕妇进行了救治。据了解，孕妇和胎儿已脱离危险。给白衣天使点赞！来源：齐鲁网]]></content>
  <author><![CDATA[淄博圈子]]></author>
  <time>2018-11-13 20:22:00</time>
  <account><![CDATA[ziboqz]]></account>
  <image><![CDATA[https://mmbiz.qpic.cn/mmbiz_png/nArUC55CtIl4hmwfcjLvVanVDIsicic1kaJ2oGcAaa78OzmslALbhNwYEDeMjPChXjSfj0AePLK1yuvdSIw0xLibg/640?wx_fmt=png|https://mmbiz.qpic.cn/mmbiz_png/7Nr1ibaCz3iaZGK1DqyeIdEKBSyibiavMxIVPdktexYyeWBolA7ApibS7lK7PeTtlt1tr0icSnlRZ2SDqNBQxBvEvEIw/640?wx_fmt=png|https://res.wx.qq.com/mpres/htmledition/images/icon/common/emotion_panel/smiley/smiley_42.png|https://res.wx.qq.com/mpres/htmledition/images/icon/common/emotion_panel/smiley/smiley_42.png|https://res.wx.qq.com/mpres/htmledition/images/icon/common/emotion_panel/smiley/smiley_42.png]]></image>
</data>
