<data>
  <id><![CDATA[67691031]]></id>
  <url><![CDATA[https://mp.weixin.qq.com/s?timestamp=1542256222&src=3&ver=1&signature=t1tQuhfvgeQkNOJJwpbIKA6j7uPXaW*i-keUDLL9FOFiZTZaWnNVJctOMyIU4JmrJsuFL0MM6qGOAznMbx2vFAbhEjvsw9OhpH1rRgMwgaMujJMOzKln4zprCZa0ZkxI-t3VBYN3oOogtuffppkJkM3jT5eiQ2U4HEdC*TwaLcU=]]></url>
  <title><![CDATA[人老腿先老，一个小动作，让腿和身体更强健!]]></title>
  <content><![CDATA[]]></content>
  <author><![CDATA[淄博圈子]]></author>
  <time>2018-11-14 20:25:00</time>
  <account><![CDATA[ziboqz]]></account>
  <image><![CDATA[https://mmbiz.qpic.cn/mmbiz_gif/k2iaoRruic0OHUCRUGFtM4ZICZTNOhib2pLHw8BfPenLvHu1Q4dw9hhDHyCz81UGGV8kSh4WeKaxvfFhg8SBaLzpg/640?wx_fmt=gif&wx_lazy=1]]></image>
</data>
