<data>
  <id><![CDATA[67691031]]></id>
  <url><![CDATA[https://mp.weixin.qq.com/s?timestamp=1542256222&src=3&ver=1&signature=t1tQuhfvgeQkNOJJwpbIKA6j7uPXaW*i-keUDLL9FOFiZTZaWnNVJctOMyIU4JmrJsuFL0MM6qGOAznMbx2vFMDSGWEnYXjWXAiycRKiOww4SP0GUTZUwxvMRCPK*G*s-9VOgbWAdBX7a3q9cWSql8v0dXfT3m6VajPn4MC0uNk=]]></url>
  <title><![CDATA[人生最后一顿饭，你想和谁一起吃？看哭了！]]></title>
  <content><![CDATA[]]></content>
  <author><![CDATA[淄博圈子]]></author>
  <time>2018-11-13 20:22:00</time>
  <account><![CDATA[ziboqz]]></account>
  <image><![CDATA[https://mmbiz.qpic.cn/mmbiz_gif/OZDGibCZUI6icUovjTQo1o6kyq1SUhMiaqJq2IUq7J3luQkKXtKAmyKWAK4sMpObuQZOAiaZ7SznNdiaykCHH8Md26A/640?wx_fmt=gif]]></image>
</data>
