<data>
  <id><![CDATA[67691031]]></id>
  <url><![CDATA[https://mp.weixin.qq.com/s?timestamp=1542256222&src=3&ver=1&signature=t1tQuhfvgeQkNOJJwpbIKA6j7uPXaW*i-keUDLL9FOFiZTZaWnNVJctOMyIU4JmrJsuFL0MM6qGOAznMbx2vFMDSGWEnYXjWXAiycRKiOwwdxsxWoqphgsZeIh0CMxrvzC8NRDUdiJQUkYmVxtcbYSPFkTk2vhYbafCUXMSz830=]]></url>
  <title><![CDATA[【城事】淄博这个小村厉害了！连续上榜多个省级示范点，还建博物馆！]]></title>
  <content><![CDATA[10月底，由省发改委会同省委组织部等有关部门联合发布的山东省乡村振兴“十百千”工程示范创建名单上，沣水镇张赵一村榜上有名。据了解，山东省乡村振兴“十百千”工程示范创建工程是根据全省乡村振兴战略规划部署要求，由省发改委会同省委组织部等有关部门联合启动实施，共在全省选择10个县、100个乡、1000个村开展示范创建工作。11月初，喜讯再次传来，山东省文化和旅游厅第二批全省县及县以下历史文化展示工程“十百千”示范点推荐名单出炉，淄博市张店区沣水镇张一村淄博大地知青博物馆再次位列其中。据介绍，2017年12月26日，第二批全省县及县以下历史文化展示工程“十百千”示范点申报工作正式启动，全省各地共申报县（市、区）示范点17个，乡（镇、街道）示范点61个，村（社区）示范点121个。经专家评审委员会审议，共推荐出县（市、区）示范点10个，乡（镇、街道）示范点50个，村（社区）示范点100个。近年来，沣水镇张赵一村在村两委带领下，开拓思路、勇于争先，大力发展花卉果蔬种植和乡村旅游，村民走上了共同致富的道路，由张赵一村投资300多万元兴建的淄博大地知青博物馆未开先火，吸引了大批游客前往。据了解，淄博知青博物馆展陈设计已经进入最后冲刺阶段，大门口的雕塑也已经就位，毗邻博物馆的知青风味餐馆知青小席火爆异常，慕名来这里游览就餐的人也越来越多。祝福张赵一村在发展乡村旅游致力乡村振兴的路上越走越远，取得更大的成绩！来源：掌中淄博]]></content>
  <author><![CDATA[淄博圈子]]></author>
  <time>2018-11-13 20:22:00</time>
  <account><![CDATA[ziboqz]]></account>
  <image><![CDATA[https://mmbiz.qpic.cn/mmbiz_gif/OZDGibCZUI6icUovjTQo1o6kyq1SUhMiaqJq2IUq7J3luQkKXtKAmyKWAK4sMpObuQZOAiaZ7SznNdiaykCHH8Md26A/640?wx_fmt=gif]]></image>
</data>
