<data>
  <id><![CDATA[67691031]]></id>
  <url><![CDATA[https://mp.weixin.qq.com/s?timestamp=1542256222&src=3&ver=1&signature=t1tQuhfvgeQkNOJJwpbIKA6j7uPXaW*i-keUDLL9FOFiZTZaWnNVJctOMyIU4JmrJsuFL0MM6qGOAznMbx2vFAbhEjvsw9OhpH1rRgMwgaPST0Dc3EcbYHe2RhQbf9YBfds6vF8a6sDEDcf1HPmK2szKDfgFVobZOgrGCOtOXok=]]></url>
  <title><![CDATA[一夜之间，都在算这道算术题！算哭了多少人！]]></title>
  <content><![CDATA[]]></content>
  <author><![CDATA[淄博圈子]]></author>
  <time>2018-11-14 20:25:00</time>
  <account><![CDATA[ziboqz]]></account>
  <image><![CDATA[https://mmbiz.qpic.cn/mmbiz_gif/OZDGibCZUI6icUovjTQo1o6kyq1SUhMiaqJq2IUq7J3luQkKXtKAmyKWAK4sMpObuQZOAiaZ7SznNdiaykCHH8Md26A/640?wx_fmt=gif&wx_lazy=1]]></image>
</data>
