<data>
  <id><![CDATA[67691031]]></id>
  <url><![CDATA[https://mp.weixin.qq.com/s?timestamp=1542256222&src=3&ver=1&signature=t1tQuhfvgeQkNOJJwpbIKA6j7uPXaW*i-keUDLL9FOFiZTZaWnNVJctOMyIU4JmrJsuFL0MM6qGOAznMbx2vFAbhEjvsw9OhpH1rRgMwgaM5Ch1r6AruXgeJ9*H2WwYuXurvjwqy5cubs0aMmCgfTuwaTs66b*fiOMMO-OgAJ0U=]]></url>
  <title><![CDATA[重磅！停工停产限行！重污染天，山东紧急发重污染橙色预警！]]></title>
  <content><![CDATA[一早起床，大家是不是也被白茫茫的雾震惊了！11月14日，济南、聊城、泰安、枣庄、济宁、德州、东营、临沂、日照和烟台、菏泽的部分地区已出现能见度低于500米的浓雾，局部地区能见度不足50米。为此，山东省气象台于11月14日06时32分发布大雾黄色预警信号。目前，威海、日照、泰安、德州等地区发布了大雾黄色预警，泰安东平、聊城临清、潍坊诸城等地发布了大雾橙色预警，淄博市沂源县发布大雾红色预警。记者从省环保厅了解到，11月12日，省重污染天气应急工作小组办公室向17市政府发函，要求各市积极有效应对11月13日至15日期间出现的区域性重污染天气过程。根据中国环境监测总站与京津冀及周边地区省级环境监测中心会商结果，受不利气象条件影响，叠加冬季供暖等污染排放因素，预计11月13日至15日期间，京津冀及周边地区和汾渭平原将出现一次区域性重污染天气过程。其中，我省西部部分城市空气质量可能出现连续2至3天以上重度污染天气，个别城市可能达到严重污染。济南已于11月14日7时发布重污染天气橙色预警，于11月14日8时启动Ⅱ级应急响应，11月15日8时解除橙色预警，终止Ⅱ级应急响应。来源：济南市政府网站、济南市环保局、新锐大众、生活日报]]></content>
  <author><![CDATA[淄博圈子]]></author>
  <time>2018-11-14 20:25:00</time>
  <account><![CDATA[ziboqz]]></account>
  <image><![CDATA[https://mmbiz.qpic.cn/mmbiz_gif/OZDGibCZUI6icUovjTQo1o6kyq1SUhMiaqJq2IUq7J3luQkKXtKAmyKWAK4sMpObuQZOAiaZ7SznNdiaykCHH8Md26A/640?wx_fmt=gif&wx_lazy=1|https://mmbiz.qpic.cn/mmbiz_gif/RicPMLX2HvIoD4PwT38zGD5YoH613hUQCjPSDic4rVtArAtHtHSvr9TKY0CE9artSmJLtIO8kjnaVuZWibdxvqgxg/640?wx_fmt=gif|https://mmbiz.qpic.cn/mmbiz_jpg/RicPMLX2HvIoD4PwT38zGD5YoH613hUQCV6tdO0qDbbL5mWE1lYzTyNiaiccB9YPzpoTZI5hcWEiakC6Zu8Zq2GeZw/640?wx_fmt=jpeg|https://mmbiz.qpic.cn/mmbiz_jpg/RicPMLX2HvIoD4PwT38zGD5YoH613hUQCItya9VCybql99T8gVYyas0rp7pTGn7UK0ibRWWRBBM96JJg1HCnib9wg/640?wx_fmt=jpeg|https://mmbiz.qpic.cn/mmbiz_jpg/RicPMLX2HvIoD4PwT38zGD5YoH613hUQCbH9VhrpaFJckkG2leQZDaSRnNCVF8FicWpzyVcluHznrx9GJlFosLog/640?wx_fmt=jpeg|https://mmbiz.qpic.cn/mmbiz_png/dQeVqic7Gfu3uRUcY7yPkbLicBx1pFaR0e4WLYIGhzibcKzz656JmzjQrZFJ81XZ67FJBxrEVCgUwcAw746VSSrfw/640?wx_fmt=png|https://mmbiz.qpic.cn/mmbiz_png/dQeVqic7Gfu3uRUcY7yPkbLicBx1pFaR0elICFOgwvyHg0DJtKdW9bQ6I2Bxc71bu5V3WrsnkEnAf2icC0DUdRQug/640?wx_fmt=png]]></image>
</data>
