<data>
  <id><![CDATA[67693167]]></id>
  <url><![CDATA[https://mp.weixin.qq.com/s?timestamp=1542262460&src=3&ver=1&signature=to5HIXOGi6yHsX-LCacvWQQBCYle-C3oScKwiEfEYYldeGnMCYeq7KDHXa5LvOuAtgD*z1pf9MneLdnyAIB0i-XeyWMZLbyqbZ8oXawSXjJ3S*w8aif41FQWedJyKl1VAbtm3-jaQTlk4CWMobzvU7lW9*ph4iCZmDxinRMyxRY=]]></url>
  <title><![CDATA[打攻坚战出组合拳津南区精准帮扶见实效]]></title>
  <content><![CDATA[11月2日下午，津南区举办扶贫协作对口支援县与对口合作区专场招商推介会，百余位企业家到场参会，受援地区及合作地区与津南区的各位企业家进行了多渠道的交流与沟通，共同谋求发展机遇，互利合作。副区长李宏出席。津南区相关部门负责同志，隆化县、秦安县、灵台县、策勒县领导及招商负责同志，长春市双阳区区领导及相关负责同志参加推介会。在推介会现场，双阳区、隆化县、秦安县、灵台县、策勒县结合本区域特点，分别进行了现场推介。与会人员欢聚一堂，进行了深入交流，同时也分享着帮扶工作丰收的喜悦。一段时间以来，津南区深入学习贯彻党的十九大关于坚决打赢脱贫攻坚战的总体要求和习近平总书记对脱贫攻坚工作的重要批示精神，贯彻李鸿忠书记、张国清市长关于对口帮扶工作的重要指示，出台了《津南区扶贫协作与对口支援三年行动方案2018-2020》，坚持精准扶贫、精准脱贫，注重扶贫同扶志、扶智相结合，创新工作思路，出“组合拳”，打攻坚战，扎实推进对口帮扶工作，取得了丰硕的成果。扶贫必须先“扶智”，受援地区经济社会的快速发展，离不开人才的交流。目前津南区结对的四个受援县挂职干部均已到岗，多名医疗和教育类专业技术人员也已经赴隆化、秦安、灵台挂职。与此同时，津南区组织、教育、卫生系统同受援地区开展多次有针对性的培训交流活动，助力受援地区干部、教师、医生提升业务水平，发挥更大的作用。区人社局开展了受援地区“致富带头人”培训工作，目前已培训完成252人。今年以来，津南区将帮扶工作重点继续聚焦产业扶贫，设计区级、镇级两级产业帮扶项目共计30余个，统筹利用市、区、镇三级帮扶资金共计8670万元用于产业扶贫，预计将带动至少10419户建档立卡贫困人员脱贫出列。为解决当地就业，区人社局配合受援地区开展招聘会3场，提供岗位1400余个，达成就业意愿35人，目前已有15名来津南区稳定就业。津南区深挖受援地区优势，通过津洽会等推介活动，大力推介特色农副产品，在线上认购数额突破百万的同时，帮助受援地区农副产品进入华北地区1132家大中型超市，树立品牌形象，打开了销路，彻底解决销售问题。区旅游局组织了20余家旅游公司精准对接考察受援地区旅游类项目，开发特色旅游线路，现已签订《津南、隆化旅游营销联盟协议》和《时代记忆纪念馆、董存瑞烈士纪念馆合作交流协议》，帮助受援地区寻找新的经济增长点。同时，为深入推进实施党中央、国务院关于全面振兴东北地区等老工业基地的战略部署，津南区与双阳区开展对标合作，挖掘特色健康产业，发展文旅交流项目，不断增强商务和文化交流。未来，津南区将坚持对受援地区实施精准扶贫、精准脱贫的基本方略，贯彻落实中央和市、区文件精神及多次对接成果，整合资源，集中力量开展扶贫协作。继续推动受援地区基地载体项目引进工作，召开专场招聘会；接收受援地区教育、卫生系统人员赴津南区培训；选派农业类、科技类专家赴受援地区开展技术指导；推动津南区医院、学校与受援地区医院学校“结对儿”工作，开展人员交流互访，医疗教育专家支援行活动；结合受援地区实际情况，完成贫困人口就业技能培训工作及致富带头人培训工作。坚决贯彻党中央及天津市委市政府各项指示精神，进一步明确产业定位，找准帮扶切入点，加强交流培训，创新劳务协作，引导动员群众力量，提高社会参与度，确保打赢打好脱贫攻坚战。来源：图片部分来源津南区新闻中心、北方网]]></content>
  <author><![CDATA[津南区卫生和计划生育委员会]]></author>
  <time>2018-11-05 09:10:22</time>
  <account><![CDATA[gh_66263a2ec157]]></account>
  <image><![CDATA[https://mmbiz.qpic.cn/mmbiz_jpg/7vQm8pLFv79c5FXdlYP8kcVEJodvFibiclYw71uz5DSnFSzqeyFfJFK9ibDnwzNCMgDl5ePTcoNtCuVp3vA8pPuPw/640?wx_fmt=jpeg|https://mmbiz.qpic.cn/mmbiz_jpg/7vQm8pLFv79c5FXdlYP8kcVEJodvFibiclr6CgqDYEzSkiae6Kt5jAQ94dRzBYR5kBIgaGjNXXd2dKreeXXc8u0rA/640?wx_fmt=jpeg|https://mmbiz.qpic.cn/mmbiz_jpg/7vQm8pLFv79c5FXdlYP8kcVEJodvFibiclaPFcfEHBAmDAedvC8A6RmccmhZFK4gCbYnZ2MEyFTIFRvWDeE3ZVug/640?wx_fmt=jpeg|https://mmbiz.qpic.cn/mmbiz_jpg/7vQm8pLFv79PxPdkkkiaaZx5lONZuDFM7xp0lTSjbA3zI2WdVFPZ1SNFyMF8y4jhVC4CfmYdMJEkGGVeYicF86Pg/640?wx_fmt=jpeg|https://mmbiz.qpic.cn/mmbiz_jpg/icKtm4vlXDXOdofw5TdhSYQN6sJC1c0jryB0jNguWgUKkLicFRemv9S9TO2nkIOzibjOCQ7mGLAlSzE0LeJ3kotbw/640?wx_fmt=jpeg|https://mmbiz.qpic.cn/mmbiz_jpg/7vQm8pLFv7ibQbBtbIfCvUfuXFNY8v2PtjDNPPibXsNBDNBwV9JoBicj9SgyS8WrrN1xuOx4g0nbDbSXf5b5OvshQ/640?wx_fmt=jpeg]]></image>
</data>
