<data>
  <id><![CDATA[67693167]]></id>
  <url><![CDATA[https://mp.weixin.qq.com/s?timestamp=1542262460&src=3&ver=1&signature=to5HIXOGi6yHsX-LCacvWQQBCYle-C3oScKwiEfEYYldeGnMCYeq7KDHXa5LvOuAtgD*z1pf9MneLdnyAIB0i*Sea1I*FQTbPqpWIBwfGnujjJvzlL2gmOYVjHASoaiwB6T797NePc*nm1-i8dXjKF9nMEDhXsUvOFf*EfOaQ0o=]]></url>
  <title><![CDATA[2018年度抗菌药物知识宣传—使用抗菌药的四大误区]]></title>
  <content><![CDATA[误区一：认为抗菌药物是退烧药而随意使用。不是所有的发热都是由细菌感染引起的，常见的伤风感冒通常由病毒所致，也发热，用抗菌药物毫无用处，而服用一般解热镇痛药大多可以奏效。患了病毒性感冒后，应到医院诊疗，一般不需要服用抗菌药物，只要加强护理，适当休息，多喝开水，给予易消化的饮食，通常会很快恢复健康。误区二：认为越是新的、贵的抗菌药物疗效越好，不少病人时常向医生点名要使用某种抗菌药物。其实，每一种抗菌药物都有各自的适应症，职业医师根据病人的病因配一些对症的抗菌药物，才能取得最佳的疗效。误区三：不少人认为谨慎为妙，随意应用抗菌药物预防细菌感染。哪怕是皮肤外伤、手术清除表浅的小囊肿等无菌手术，也一律使用抗菌药物。事实上，如此滥用非但预防不了感染，反而会引起不良反应。误区四：患有细菌感染，不问青红皂白，立即使用抗菌药物，根本不重视必要的细菌培养。如不能明确致病病菌，盲目使用抗菌药物，还会延误治疗和抢救时机。（委医政科供稿）]]></content>
  <author><![CDATA[津南区卫生和计划生育委员会]]></author>
  <time>2018-11-14 14:19:31</time>
  <account><![CDATA[gh_66263a2ec157]]></account>
  <image><![CDATA[https://mmbiz.qpic.cn/mmbiz_jpg/3oFZOXqhddmIrYNlnZCsEMhhJcFJhP5J5GHC2Zbzxj4eXjFDlceaB3ib4x7KeLGscw70dAeJNdHiay5S2RLIJpMQ/640?wx_fmt=jpeg]]></image>
</data>
