<data>
  <id><![CDATA[67693167]]></id>
  <url><![CDATA[https://mp.weixin.qq.com/s?timestamp=1542262460&src=3&ver=1&signature=to5HIXOGi6yHsX-LCacvWQQBCYle-C3oScKwiEfEYYldeGnMCYeq7KDHXa5LvOuAtgD*z1pf9MneLdnyAIB0i*Sea1I*FQTbPqpWIBwfGnsVlDvX5b0-UH9LJzAU0d2uqoD4O1DojX4SnmpOP9n0DDLalcYCj0V13*gusIz*YZ4=]]></url>
  <title><![CDATA[津南区“弘扬宪法精神建设法治津南”书画展开幕]]></title>
  <content><![CDATA[为全面学习宣传贯彻习近平新时代中国特色社会主义思想和党的十九大精神，扎实落实中央全面依法治国委员会决策部署，深入推进津南区“七五”普法工作，11月12日，由区法建办、区委宣传部、区文体局、区教育局、区司法局、团区委主办的津南区“弘扬宪法精神 建设法治津南”书画展在津南区平凡画院开幕。相关领导及津南区广大书画工作者、美术爱好者100余人出席了展览开幕活动。据了解，“弘扬宪法精神 建设法治津南”书画展是一次把加强法治宣传教育和传统文化教育进行有机结合的全新尝试，旨在以书画的艺术形式，宣传法律知识，弘扬宪法精神，培育法治观念，引导法治行为，进而在全社会营造办事依法、遇事找法、解决问题用法、化解矛盾靠法的良好法治环境。本次书画展经过前期面向全区征集作品，得到了社会各界和群众的积极响应及踊跃参与，主办方从征集的284幅作品中甄选出110幅参展，参展日期将持续至11月18日。干部群众借丹青抒情，以翰墨铭志，作品立意深远、内容丰富、艺术感染力强，寄托了对法治津南的向往和对法治精神的颂扬，彰显了对宪法精神的崇高信仰。参加开幕式的领导和书画专家现场对参展作品进行了评选。展览结束后优秀作品将会印制成画册便于宣传交流。此次书画展把传统的书画文化与法治宣传有效地结合起来，不仅仅是一次文化艺术展览，更是一份法治信仰的盛宴，为津南区绿色高质量发展营造了浓厚的法治文化氛围。来源：综合津南区司法局、天津美术网]]></content>
  <author><![CDATA[津南区卫生和计划生育委员会]]></author>
  <time>2018-11-14 14:19:31</time>
  <account><![CDATA[gh_66263a2ec157]]></account>
  <image><![CDATA[https://mmbiz.qpic.cn/mmbiz_jpg/7vQm8pLFv79BMxaPMs7OCZRzye7qz9ria5TtFpWumVbsicFKbTCHicgV7Vs1jGtibE3adfQ8n3GicJs5qcnYfhAbHHA/640?wx_fmt=jpeg|https://mmbiz.qpic.cn/mmbiz_jpg/7vQm8pLFv79BMxaPMs7OCZRzye7qz9ria8pjQ4dD7Szib3iaYtQ1hONoW8F34YY4GiaqfBkicoFm0wGDlpoYzjibLiaDQ/640?wx_fmt=jpeg|https://mmbiz.qpic.cn/mmbiz_jpg/7vQm8pLFv79BMxaPMs7OCZRzye7qz9riawLCyaGXI0BuCyqiaiaNhKvcgM8O6znHtAYghq7FYibmGeiaU7fQciad6CJg/640?wx_fmt=jpeg|https://mmbiz.qpic.cn/mmbiz_jpg/7vQm8pLFv79BMxaPMs7OCZRzye7qz9riatqHic5JsU1QUOFTnccxbJxicyO8nOeeyJ09F7pKjBGusJ4HS3oZR16gg/640?wx_fmt=jpeg]]></image>
</data>
