<data>
  <id><![CDATA[67693167]]></id>
  <url><![CDATA[https://mp.weixin.qq.com/s?timestamp=1542262460&src=3&ver=1&signature=to5HIXOGi6yHsX-LCacvWQQBCYle-C3oScKwiEfEYYldeGnMCYeq7KDHXa5LvOuAtgD*z1pf9MneLdnyAIB0i40tpQBZ8ewlQ49B3EICn9ukyIf3KMKNaP2FTL104WDPmJ1fHJqWkR7yiLViAWoCOU96P7eRAH*W*9BtMOsZ9iA=]]></url>
  <title><![CDATA[2018年津南区中医医术确有专长人员医师资格考核初审合格人员和推荐医师基本情况公示表]]></title>
  <content><![CDATA[（委医政科供稿）]]></content>
  <author><![CDATA[津南区卫生和计划生育委员会]]></author>
  <time>2018-10-25 10:11:07</time>
  <account><![CDATA[gh_66263a2ec157]]></account>
  <image><![CDATA[https://mmbiz.qpic.cn/mmbiz_png/3oFZOXqhddnod97TmxIYic2icGHG4ibcuib16JIdjwSoBHQqU3ZGekvZ7nb2Gombw6o0rbcy8RLia2l50Gibp4uNp31A/640?wx_fmt=png|https://mmbiz.qpic.cn/mmbiz_png/3oFZOXqhddnod97TmxIYic2icGHG4ibcuib1WJNz9rq8mfc2wxUVFfictmuAAxiaDBynB7dCgNIKkgmbhkB8SAwKRN2w/640?wx_fmt=png]]></image>
</data>
