<data>
  <id><![CDATA[67693167]]></id>
  <url><![CDATA[https://mp.weixin.qq.com/s?timestamp=1542262460&src=3&ver=1&signature=to5HIXOGi6yHsX-LCacvWQQBCYle-C3oScKwiEfEYYldeGnMCYeq7KDHXa5LvOuAtgD*z1pf9MneLdnyAIB0i-XeyWMZLbyqbZ8oXawSXjKpdlMl3h92r4XsiDmttJNPA2innJ70fXV9bMVJDncpKb07T3mjUEp5YWXxu7niciM=]]></url>
  <title><![CDATA[学习借鉴先进理念经验进一步落实市党政代表团赴广东省学习考察精神——区委书记刘惠带队赴广州、深圳学习考察]]></title>
  <content><![CDATA[10月28日-30日，区委书记刘惠带队赴广州、深圳学习考察，学习借鉴在会展经济、生态环境建设、产业转型升级、互联网服务、智能制造、创新创业机制体制等方面的先进理念经验，加快促进重点招商项目落地，完善提升我区相关产业，走出津南绿色高质量发展之路，副区长李宏、殷学武陪同。先后考察了广交会展馆、琶州互联网创新集聚区、海珠湿地公园、深圳湾创业广场、深圳国际会展中心等地，深入了解项目区域规划建设、管理运营、投融资等有关情况，就津南区经济社会发展和招商引资政策进行了推介，并与部分企业达成合作意向。刘惠书记指出，此次赴广州、深圳学习考察，进一步坚定了我们利用绿色生态谋发展的信心，启示津南区要加快推动理念更新实现脱胎换骨。一要坚定信心。坚持以习近平新时代中国特色社会主义思想为指导，深入学习贯彻市委市政府津南区现场办公会精神和市党政代表团赴广东省学习考察精神，抢抓构筑绿色生态屏障的重大历史发展机遇，坚定不移走高质量发展之路。二要拓宽思路。服务好国家会展中心建设，做好会展服务业和天津智谷发展的产业规划，把会展业的发展融入到天津发展、京津冀协同发展的大局中思考，着力发展会展经济，打造高端业态，形成产业集聚。三要创新打法。善于运用社会资本和市场化手段加快经济建设，增强经营意识，向市场要资源、要空间，不断激发绿色生态、会展业、“天津智谷”、高教资源的内生动力，实现可持续发展。四要迅速行动。紧跟新时代，肩负新任务，加快绿色生态屏障建设，按照打造整个津南城市大花园的思路，进一步完善规划，精心建设绿色环境，以新时代担当的勇气和魄力，狠抓落实，逐步提升，坚决完成市委市政府交给的各项任务。（来源：网信津南）]]></content>
  <author><![CDATA[津南区卫生和计划生育委员会]]></author>
  <time>2018-11-05 09:10:22</time>
  <account><![CDATA[gh_66263a2ec157]]></account>
  <image><![CDATA[https://mmbiz.qpic.cn/mmbiz_jpg/7vQm8pLFv79c5FXdlYP8kcVEJodvFibicl1Vx9egGBibLVgC2gIYQB3iaYQzoIouMTCOpcxUROfxqic972CLBiayhP1A/640?wx_fmt=jpeg|https://mmbiz.qpic.cn/mmbiz_jpg/7vQm8pLFv79c5FXdlYP8kcVEJodvFibicluM0jCrT42c578zsKibsdxAGslgZIJsDYWBxiaakx0Tnx7yjktZicXlJKg/640?wx_fmt=jpeg]]></image>
</data>
