<data>
  <id><![CDATA[67693167]]></id>
  <url><![CDATA[https://mp.weixin.qq.com/s?timestamp=1542262460&src=3&ver=1&signature=to5HIXOGi6yHsX-LCacvWQQBCYle-C3oScKwiEfEYYldeGnMCYeq7KDHXa5LvOuAtgD*z1pf9MneLdnyAIB0i*Sea1I*FQTbPqpWIBwfGnvoY3AjU73wbLIodZM11-PQiMC8Ou52rMmhIZvhg91466fuAjFeCbU5ZMExl1019zM=]]></url>
  <title><![CDATA[津南区在八里台镇召开现场办公会]]></title>
  <content><![CDATA[11月12日，区委区政府在八里台镇召开现场办公会，察看了八里台镇未整合村现状，听取了镇主要负责同志情况汇报。区委书记刘惠，区委副书记、区长贺亦农，区人大常委会主任孙长顺，区政协主席吴庆云，区委副书记袁英才等区级领导参加。区委书记刘惠强调：到八里台镇召开现场办公会，主要任务是按照市委市政府对津南发展的新要求新定位，进一步解放思想、更新观念，振奋精神、狠抓落实，着力解决思想保守、工作标准低、创新求变欲望不强烈、能力不足和本领恐慌等问题。各镇街要抢抓重大历史发展机遇，学习借鉴先进地区成功经验，激发工作热情，弘扬创新文化，找准目标定位，明确发展方向，为推动津南绿色高质量发展作出贡献。刘惠同志指出：八里台镇党委政府认真学习贯彻习近平新时代中国特色社会主义思想和党的十九大精神，深入贯彻落实区委区政府部署要求，各方面工作保持良好发展态势，经济发展稳中有进，重点项目加快推进，生态环境保护力度不断加大，民计民生明显改善，党的建设全面加强。下一步，要理清思路，明确定位，再接再厉，奋发有为，全力打造智慧实力生态小镇。一是解放思想，抓住特色找准定位。要按照津南区城市“一主三特”总体布局，找准八里台的特色和定位，围绕“特色镇”，进一步明确发展思路，开拓创新，完善提升全镇发展规划，培养特色、挖掘特色、发扬特色，努力使八里台镇在全区绿色高质量发展中带好头。要深入学习广州、深圳和上海等发达地区的先进经验理念，继续完善规划编制，特别要高度重视交通规划，围绕地铁八号线、友谊路延长线、白万路、智谷核心区等重点项目，认真研究交通规划问题，用好星城投资发展有限公司、海河金岸投资建设开发公司等国企力量，为地区发展打造畅通便捷的交通环境。区相关部门要积极作为，靠前服务，协调帮助解决规划建设等问题，着力提升八里台地区各项配套服务水平。二是敢为人先，创建绿色生态区和绿色田园区。要主动对接全区绿色生态屏障建设规划，结合友谊路延长线建设，扎实抓好天嘉湖、郊野公园两个重点项目，加快郊野生态片区、绿色廊道、生态节点建设，精耕细作，形成特色，打造“点睛之笔”。要严格履行村党组织书记第一责任人责任，加大环境整治力度，提升绿色颜值，加快美丽乡村建设。要大力实施乡村振兴战略，认真谋划南片八村发展建设，积极引进社会资本，鼓励村级带头人通过“公司＋农业合作社＋农户”的方式自力更生，不断提升人民群众生活质量和水平。三是瞄准高端，加快壮大绿色产业。要加快推进“天津智谷”核心区规划落地，积极破解资金、规划等难题，提升规划水平。要大力培育生态产业，联合星城投资发展有限公司做大做强农业板块项目，吸引更多好项目落地津南。要做好今冬明春绿化工作，扩大绿化面积。同时按照国家生态工业示范园区标准，用合法依规手段提升园区配套服务水平，营造良好营商环境。四是提高标准，努力打造绿色人文。要研究制定社区治理标准，结合社区实际，明确发展方向，加快改革创新，提高社区精细化管理水平。要发挥基层党组织服务群众、凝聚人心、促进和谐的战斗堡垒作用，加强基层党建工作，开展督查考核，为加快绿色高质量发展提供坚强组织保证。要深入开展“创文”“创卫”等工作，引导群众讲文明、树新风，提高城市管理水平。五是加强党的建设，营造海晏河清的政治生态。要牢固树立“四个意识”，坚定“四个自信”，坚决落实“两个维护”，推动绿色高质量发展理念落地生根、开花结果。要认真抓好村级组织换届后各项工作，推动党的建设像一根钢钎插到基层。要提升推动绿色高质量发展的能力水平和专业素质，结合不作为不担当专项治理，集中整治形式主义官僚主义，努力形成干事创业、攻坚克难、开拓创新、推动发展的良好氛围。要加强党风廉政建设，以身边违纪违法问题为警为戒为训，加大执纪问责力度，始终保持高压反腐态势，努力营造海晏河清、山清水秀的政治生态。区委副书记、区长贺亦农主持会议并指出：一是迅速传达贯彻落实好会议精神。结合深入开展大讨论活动，把会议精神传达到每一名党员干部、每一名村居群众，统一思想，凝聚共识，形成合力，开创发展新局面。二是落实好工作责任。全区各相关部门要主动开展服务，抓紧解决存在问题；加强跟踪督查力度，搞好“回头看”，确保各项工作落实落地。三是创新推动地区发展。八里台镇要充分发挥绿色高质量发展主战场、主力军作用，腾笼换鸟，盘活资源，提升改造，做优产业；要认真落实各项规划，既抓长远又抓当前，主动对接，积极配合“天津智谷”建设。四是压实责任，推动工作。充分发挥村党组织和党员干部作用，强化环保意识，深入开展“创文”“创卫”等工作，有效改善人居环境。全镇党员干部群众要进一步解放思想、创新推动、攻坚克难，在解决难题的过程中，推动八里台镇实现持续发展，加快建设结构合理、功能完善、景观优美的生态环境和良好的宜居环境。区人大常委会主任孙长顺指出：一是进一步加大还迁社区治理力度。镇党委政府要在社区治理上下功夫，提前研究，积极探索新时期农民还迁社区治理的新路子，切实做好服务管理文章，着力提高物质文明和精神文明水平。二是进一步加大美丽乡村建设力度。要在“美丽”上下功夫，认真谋划南片八村发展建设，坚持“一村一策”，高标准做好各村项目规划和产业规划，不断满足人民群众对美好生活的需求。区政协主席吴庆云指出：八里台镇党委政府要坚持高起点规划，高标准建设，充分发挥八里台镇特点、资源、区位等优势，大力发展绿色生态产业，努力使八里台镇在绿色高质量发展上再上新台阶。各村党组织书记要进一步解放思想，更新观念，主动思变，开拓创新，大力实施乡村振兴战略，积极推进美丽乡村建设，打造示范工程、精品工程，不断提高广大群众的幸福感和获得感。区委副书记袁英才指出：一是在发展上，按照市委、区委要求，全力做好产业、人文、环境、党建等方面工作，加快推进绿色高质量发展，做全区的排头兵，确保走在全区前列。二是充分发挥基层党组织作用，按照乡村振兴战略要求，把握节奏，积极稳妥推进产权制度改革，为百姓办实事办好事。三是结合开展不作为不担当专项治理，鼓励各级党员干部担当作为、大胆创新，为绿色高质量发展提供作风保障。区领导孙宝顺、李喜军、吴苓、庄路明、李庆、李宏、马明扬、陈世忠、孙晓光参加并提出意见建议，工信委、建委、财政局、房管局、规划分局现场解答了相关问题。来源：津南区新闻中心]]></content>
  <author><![CDATA[津南区卫生和计划生育委员会]]></author>
  <time>2018-11-14 14:19:31</time>
  <account><![CDATA[gh_66263a2ec157]]></account>
  <image><![CDATA[https://mmbiz.qpic.cn/mmbiz_jpg/7vQm8pLFv79BMxaPMs7OCZRzye7qz9riarAwNju52xLhEKDhnoOTkIs809POQvP2oBou9nAcYkelQPnsbdVSSaQ/640?wx_fmt=jpeg|https://mmbiz.qpic.cn/mmbiz_jpg/7vQm8pLFv79BMxaPMs7OCZRzye7qz9riacGFxMJGzxQI6lQ6wmPzOvxSfic80u6agbibz9A5ZvDdqfdib0xEeVqQuw/640?wx_fmt=jpeg|https://mmbiz.qpic.cn/mmbiz_jpg/7vQm8pLFv79BMxaPMs7OCZRzye7qz9riaW7MEiaxMZxGcLLHYfmicdAAMPdJ1qNqKXIVObX9w3GagfVq2FbspaE7A/640?wx_fmt=jpeg|https://mmbiz.qpic.cn/mmbiz_jpg/7vQm8pLFv79BMxaPMs7OCZRzye7qz9riaL6DE8nhecA5Wsax8hhAkzialv7fPGOZS4kHkgaqzv2gELuSDSYk1Rtg/640?wx_fmt=jpeg]]></image>
</data>
