<data>
  <id><![CDATA[67693167]]></id>
  <url><![CDATA[https://mp.weixin.qq.com/s?timestamp=1542262460&src=3&ver=1&signature=to5HIXOGi6yHsX-LCacvWQQBCYle-C3oScKwiEfEYYldeGnMCYeq7KDHXa5LvOuAtgD*z1pf9MneLdnyAIB0i-DpFR5NJqhXHnacE7w01cOh99S6IyEp3QGnbPvZxieBNZJsIrfuY*iPIO6DXsd*45nr7oufUyEkAxpYQAbhHLo=]]></url>
  <title><![CDATA[【文明创城】创城八大提升工程之七：社会安全环境]]></title>
  <content><![CDATA[交通运输、交通安全整治项目在道路客运、道路危险品运输、城市公交等重点领域开展隐患排查和督促检查。2018年，重点对“两客一危”、大货车、非法改装货运车、电动三轮车、老年代步车、低速电动车等重点车辆违法行为及公路交通管理设施事故隐患进行排查整治。力争到2020年万车死亡率逐年下降。消防安全整治项目严格落实房屋建筑安全管理有关规定，加强对房屋建筑安全管理。落实夏季消防检查和冬季火灾防控等常态化火灾防控工作机制。2018年，开展以人员密集场所、易燃易爆场所、劳动密集型企业等为重点的火灾隐患专项整治行动，定期开展消防宣传教育培训。火灾隐患安全整治项目开展危险化学品和烟花爆竹整治专项行动，突出整治问题隐患单位、火灾隐患单位和区域性火灾隐患，对商场、市场、宾馆酒店、餐饮娱乐、旅游景点等人员密集场所进行专项整治。2018年，重点对小商铺、小饭店、小旅馆、小休闲健身场所、小公共娱乐场所、小生产加工企业、小学校、小医院、小易燃易爆危险品销售或储存场所等“九小”场所开展事故隐患排查整治，做到逐门逐户宣传发动，动员居民群众自觉开展隐患自查自纠。来源：天津日报·津南时讯]]></content>
  <author><![CDATA[津南区卫生和计划生育委员会]]></author>
  <time>2018-10-29 18:31:58</time>
  <account><![CDATA[gh_66263a2ec157]]></account>
  <image><![CDATA[https://mmbiz.qpic.cn/mmbiz_jpg/7vQm8pLFv78bC8PT10Rxv4aDxkhAlm0BrtredSvHMoE7u7K6KrAmUdib9Q6oYgfYHkWdvuFic2dr9qPpxyvYicS3Q/640?wx_fmt=jpeg|https://mmbiz.qpic.cn/mmbiz_png/7vQm8pLFv78bC8PT10Rxv4aDxkhAlm0BTic94GGzjoEjxuiaMJpWZIVEEKMsO2HdviayB4n1UMXo3qMd1kut7wUPQ/640?wx_fmt=png|https://mmbiz.qpic.cn/mmbiz_png/7vQm8pLFv78bC8PT10Rxv4aDxkhAlm0BTic94GGzjoEjxuiaMJpWZIVEEKMsO2HdviayB4n1UMXo3qMd1kut7wUPQ/640?wx_fmt=png|https://mmbiz.qpic.cn/mmbiz_png/7vQm8pLFv78bC8PT10Rxv4aDxkhAlm0BTic94GGzjoEjxuiaMJpWZIVEEKMsO2HdviayB4n1UMXo3qMd1kut7wUPQ/640?wx_fmt=png]]></image>
</data>
