<data>
  <id><![CDATA[67693167]]></id>
  <url><![CDATA[https://mp.weixin.qq.com/s?timestamp=1542262460&src=3&ver=1&signature=to5HIXOGi6yHsX-LCacvWQQBCYle-C3oScKwiEfEYYldeGnMCYeq7KDHXa5LvOuAtgD*z1pf9MneLdnyAIB0i-DpFR5NJqhXHnacE7w01cNePs2vzJJehftI5k5lu0e*rW3ZR373qhtHU2fdnBKrhj*KJvkKv1kURVdB7BINkOY=]]></url>
  <title><![CDATA[这里是天津]]></title>
  <content><![CDATA[头枕燕山，脚依渤海拱卫首都，协同京冀海河是她身上的美丽丝带盘山是她顶上的绚烂明珠胡凌云 摄4000多年前冲积平原让这里露出海底600多年前燕王扫北在这里屯兵建城自古是繁华都市今天建设现代化强市这里是天津王涛 摄九河下梢，山海之间渤海吹来的风裹挟着温润的气息纵横交错的河递送来绵长的滋养陈月锋 摄河是这里的筋脉九河下梢天津卫三道浮桥两道关纵横华北的河流在这里交汇勾连京杭的水路在这里奔涌海是这里的胸怀中国唯一的内海中国最北的近海渤海水在这里流连造就良港更成就都市七十二沽春水活午景声里野桃开先有大直沽，后有天津卫要塞大沽口，海陆一咽喉星罗棋布的港汊奠定着繁荣大沽口炮台上盘之松中盘之石下盘之水“京东第一山”让乾隆喟叹早知有盘山，何必下江南钱进 摄古今交融，东西荟萃东达遵化马兰关，西接平谷将军关黄崖关长城守护一方平安南北朝始建，戚继光大修蓟北雄关壮绝千秋坐西朝东，面向海河天后宫是世界三大妈祖庙更是天津最老建筑群千百年前，她是精神皈依今时今日，她是文化瑰宝天津第一家，华北第一宅石家大院尊美堂回廊曲折，砖雕精美清代民居记录百年芳华小学课本里的“泥人张”古文化街上的杨柳青年画街头巷尾，车水马龙诉说着美人如玉剑气如虹畿辅首邑，九国租界八十五年的时间里这里留下英、法、美、德等九国故事曾经的屈辱见证一个民族的奋斗今日的遗迹保存多种文化的韵味“知道中国的，就知道有一个南开!”渤海之滨，白河之津允公允能，日新月异曹禺、陈省身、姜立夫......一代代名家巨擘从这里走出自强首在储才，储才必先兴学它是中国第一所现代大学它开出钦字第一号大学文凭从北洋大学堂到天津大学这里一直贯彻着实事求是的精神灿烂津门，红色基因周邓纪念馆感受革命时期的爱情平津战役纪念馆体会解放津城的烽烟天天乐道，津津有味天津是好听的沽上艺苑，曲艺之乡京韵大鼓，天津时调快板、评书、京剧、相声在这里打开听觉放松心情徜徉在艺术的回廊里天津是好玩的五大道，小洋楼晨光熹微，夏日拂晓单车一辆，良人一双清风中百年岁月流淌在“万国建筑博物馆”张磊 摄天津是好看的西天微蓝，长河迤逦在意式风情街迂回漫步音乐、喷泉，咖啡、啤酒醉在这繁华三千、十里洋场天津是好吃的狗不理，大麻花煎饼果子，锅巴菜老豆腐，面茶油酥烧饼，素丸子踱进任何一家早点铺满足吃货的所有梦想天津是好笑的相声是她的母语幽默是她的底色招手上一辆出租车“哏都”师傅都有抖不完的包袱讲不完的笑话姚文生 摄在天津“包袱”不是布“四大神兽”不咬人“白眼儿”“红眼儿”都不是病“大耍儿”不是戏班子“掰掰儿”也不是跟你说再见绚烂津门，创新开放中国第二大工商业城市北方最大的金融商贸中心首批沿海开放城市之一“一带一路”重要的出海口和桥头堡天津，是创业的热土、发展的高地“复兴号”全速向前把京津冀的距离缩短成手表上的“平角”面对机遇，这里时刻做好准备我国北方第一大港世界等级最高的人工深水港挥一挥手她连接起全球500多个港口如今“无人码头”更让她迈入“智能化”跑道北方最大的邮轮母港一年时间，她接待邮轮170多艘次超过90万人次旅客在这里留下幸福回忆皇家加勒比、意大利歌诗达在这里展现伟岸身姿从空客A320交付到特种飞行器研发生产基地10年时间，从无到有，从小到大航空产业在这里筑起全产业链条“超级大脑”天河一号助力“国之重器”总装长征七号纵横九天天津站立在尖端科技前沿十年之计，莫如树木达沃斯论坛落地生根、枝繁叶茂她以新领军城市的姿态昂首走入全球一体化的浩瀚海洋终身之计，莫如树人世界智能大会，天下智囊共聚一堂“海河英才”“双万双服”行动计划她向世界发出耀眼光芒陈月锋 摄海的深邃，山的傲岸河的舒缓，城的繁华昔日里的天子津渡地今日里的开放创新城协同京津冀发展建设“一基地三区”1600万津沽儿女埋头苦干，奋勇竞进渤海之滨万象更新来源：人民日报微信]]></content>
  <author><![CDATA[津南区卫生和计划生育委员会]]></author>
  <time>2018-10-29 18:31:58</time>
  <account><![CDATA[gh_66263a2ec157]]></account>
  <image><![CDATA[https://mmbiz.qpic.cn/mmbiz_jpg/lz2TyLaZXh7vf2HBqbDa7uiaxVkclfpcS8y2QrIfGaDXFibcM3gGQIuFZFswicEheFYWtl64J6pWD6VcnGmIDzwog/640?wx_fmt=jpeg|https://mmbiz.qpic.cn/mmbiz_jpg/lz2TyLaZXh7vf2HBqbDa7uiaxVkclfpcSTCBgZVCMRiauQOsLyTaPjNUQLPJdXPNaQlMHNFn4gYb4e1hmciaBrqUA/640?wx_fmt=jpeg|https://mmbiz.qpic.cn/mmbiz_jpg/ZBlic6JibklcEuwmQsLDyGUibozE9PCgjavcFhR8gxwoNT9LVN08ZWvcV9EaOibfENGxcicRbRKibrficjdK1TdznluFw/640?wx_fmt=jpeg|https://mmbiz.qpic.cn/mmbiz_jpg/xrFYciaHL08ApdG3qb4Ac7LNJBDaDCfJ5mrxF5MHdqibmpWB2Z9afyBiaZpH5fOhxaOAGZ5xL7urBaDRuPYcEghTw/640?wx_fmt=jpeg|https://mmbiz.qpic.cn/mmbiz_jpg/xrFYciaHL08ApdG3qb4Ac7LNJBDaDCfJ5qNZ53RyfxBAPrOnFjbgzqHP07cIBlesyxwEhsWgaicKhic3y6ibp8bicMA/640?wx_fmt=jpeg|https://mmbiz.qpic.cn/mmbiz_jpg/xrFYciaHL08ApdG3qb4Ac7LNJBDaDCfJ5EiaRl0kzAm6n6qcbQWf8NZj5RaL3HHjNkXVrLMmlNSfzbajiavFxYicGg/640?wx_fmt=jpeg|https://mmbiz.qpic.cn/mmbiz_jpg/lz2TyLaZXh7vf2HBqbDa7uiaxVkclfpcSqeNwWRibgGwjUZCVia84Eib91rSPiabT6J4ibw6nvHfIfGc0wDVeklaz6mA/640?wx_fmt=jpeg|https://mmbiz.qpic.cn/mmbiz_jpg/xrFYciaHL08ApdG3qb4Ac7LNJBDaDCfJ5Dia6icRibfSicOcgW3dUAq31GYAK6bEPVO2dUjQJzQybCl0b1Ekd6kWv8Q/640?wx_fmt=jpeg|https://mmbiz.qpic.cn/mmbiz_jpg/xrFYciaHL08ApdG3qb4Ac7LNJBDaDCfJ5sUfXYV6jY4aFXiaAfGGsiaCSjS4u65MibGq1C2G01vAbS1vKibormCgicow/640?wx_fmt=jpeg|https://mmbiz.qpic.cn/mmbiz_jpg/xrFYciaHL08ApdG3qb4Ac7LNJBDaDCfJ5HrmQeUWnSK4yRaFwubicCbmlUwKNPkKeibibgpZzJicx2SmgqtMNlrNIeA/640?wx_fmt=jpeg|https://mmbiz.qpic.cn/mmbiz_jpg/xrFYciaHL08ApdG3qb4Ac7LNJBDaDCfJ55AojZnY4fV471odCTrKXbakHLiaRznjKrDXjNoicgria7vCDeABMkEPdg/640?wx_fmt=jpeg|https://mmbiz.qpic.cn/mmbiz_jpg/xrFYciaHL08ApdG3qb4Ac7LNJBDaDCfJ5P5aPT8MkTA5mWGF1OwUPX7NmhQotAMb7QgSB9zEEfvtBoVsLe9RicqA/640?wx_fmt=jpeg|https://mmbiz.qpic.cn/mmbiz_jpg/xrFYciaHL08ApdG3qb4Ac7LNJBDaDCfJ5UOYMZaWraG4OdYZyt4lB6LN96bGaUzZDiaxocBPKUIjDCstqGSAzadg/640?wx_fmt=jpeg|https://mmbiz.qpic.cn/mmbiz_jpg/xrFYciaHL08ApdG3qb4Ac7LNJBDaDCfJ5kBdLjsGOj9eftU58C1De7aaBVCb6Mq3rfStrwoibVPlfngM2Q3mvckA/640?wx_fmt=jpeg|https://mmbiz.qpic.cn/mmbiz_jpg/xrFYciaHL08ApdG3qb4Ac7LNJBDaDCfJ5YPNlEP42B1k8CpApZic991aXjTT2aEBlibIRZoTSAVI0UeJWiacAVic3JQ/640?wx_fmt=jpeg|https://mmbiz.qpic.cn/mmbiz_jpg/xrFYciaHL08ApdG3qb4Ac7LNJBDaDCfJ5tnZ71rZsL3XnyVmUwULEfaoGaSIMYS6mEsWUibghQ0RiaZzUbgKQOung/640?wx_fmt=jpeg|https://mmbiz.qpic.cn/mmbiz_jpg/lz2TyLaZXh7vf2HBqbDa7uiaxVkclfpcSibBceYDGhyQiaUz861u3ZpOjOmzTtxXCOTjguSf5GK343HGJGsFjeE0g/640?wx_fmt=jpeg|https://mmbiz.qpic.cn/mmbiz_jpg/xrFYciaHL08ApdG3qb4Ac7LNJBDaDCfJ5OJvBcpPDgLhnpplxia9URWGoniaEcw4ZUvMvGYLNA9lwXyGiak0BJBIJw/640?wx_fmt=jpeg|https://mmbiz.qpic.cn/mmbiz_jpg/xrFYciaHL08ApdG3qb4Ac7LNJBDaDCfJ5WBEy8niasAx6Aqv7uWc7NFwrorUr6D9BJ6TjXfyugicJS3hhSpkic8eCw/640?wx_fmt=jpeg|https://mmbiz.qpic.cn/mmbiz_jpg/lz2TyLaZXh5ibe8y7MtMKhsvJT3dsqHcXVMZxwfdlZ9TItY4SYzMo9T79oTx7Xf5gc0BLuD8D4GGlfgMfqUy7rA/640?wx_fmt=jpeg|https://mmbiz.qpic.cn/mmbiz_jpg/xrFYciaHL08ApdG3qb4Ac7LNJBDaDCfJ5N6lJWwxYZzvN3Yl3lsYQCe9PKaux1PerAEM9yvRliatCicPpAfZtOrUw/640?wx_fmt=jpeg|https://mmbiz.qpic.cn/mmbiz_jpg/xrFYciaHL08ApdG3qb4Ac7LNJBDaDCfJ5gL4u2ukgD2vy3VkIkjUrbiciayTQy5WTAMzYENtc5N3C92S8zCReCaBg/640?wx_fmt=jpeg|https://mmbiz.qpic.cn/mmbiz_jpg/xrFYciaHL08ApdG3qb4Ac7LNJBDaDCfJ5sLdBsUDvvf9SmnzroAq1F3jMNHJhCbNQO1aBQ5ZRGYibP5sfnQ3ewpQ/640?wx_fmt=jpeg|https://mmbiz.qpic.cn/mmbiz_jpg/xrFYciaHL08ApdG3qb4Ac7LNJBDaDCfJ5oQQq9a6ASufhaTGu8Gg43n46JIV1nvACq3DPga0GYxvkBDurMXNZDg/640?wx_fmt=jpeg|https://mmbiz.qpic.cn/mmbiz_jpg/xrFYciaHL08ApdG3qb4Ac7LNJBDaDCfJ5dyJc7kgsNicOSiavMuTBEY6HKB28ia5icgrlNZoVobDJxv4wefqg9SmrxQ/640?wx_fmt=jpeg|https://mmbiz.qpic.cn/mmbiz_jpg/xrFYciaHL08ApdG3qb4Ac7LNJBDaDCfJ5hiaQaiaumUkV9jvtPQC69KCfLl3HSD0b1onKgP1gGJrrXWPF01x0tdzg/640?wx_fmt=jpeg|https://mmbiz.qpic.cn/mmbiz_jpg/xrFYciaHL08ApdG3qb4Ac7LNJBDaDCfJ5QtszibVXXZshDBkwiaI0SUph3H4picIkheOf39GtsgIia6g6WkzntcEpEw/640?wx_fmt=jpeg|https://mmbiz.qpic.cn/mmbiz_jpg/xrFYciaHL08ApdG3qb4Ac7LNJBDaDCfJ58MnJbpHpncRib2BJ42ZxcaM4eibfsXEmxRqlf6Xmbbh74q6mkgKzWuHg/640?wx_fmt=jpeg|https://mmbiz.qpic.cn/mmbiz_jpg/xrFYciaHL08ApdG3qb4Ac7LNJBDaDCfJ5V7g8EDUu5fYqKmGyQgTVp7Wcmhq8h7fWjUotd9hroZGWIUZrMV26jQ/640?wx_fmt=jpeg|https://mmbiz.qpic.cn/mmbiz_jpg/xrFYciaHL08ApdG3qb4Ac7LNJBDaDCfJ5iaFTkQEibq5RyEw7DoM3FOtl1MYCREStX6yzLltaib4ib46m3D7ISoxUUA/640?wx_fmt=jpeg|https://mmbiz.qpic.cn/mmbiz_jpg/xrFYciaHL08ApdG3qb4Ac7LNJBDaDCfJ5hKXpTCHqV7tHkUusf7enOm3vNEWiaP2ez2eoauQUXww2h7oJ7KZBMkw/640?wx_fmt=jpeg]]></image>
</data>
