<data>
  <id><![CDATA[67693167]]></id>
  <url><![CDATA[https://mp.weixin.qq.com/s?timestamp=1542262460&src=3&ver=1&signature=to5HIXOGi6yHsX-LCacvWQQBCYle-C3oScKwiEfEYYldeGnMCYeq7KDHXa5LvOuAtgD*z1pf9MneLdnyAIB0i-XeyWMZLbyqbZ8oXawSXjKAwc0JpDpPTfam21HhNP6HWMtuhzLGhgNOKFKIFpzsY9ooDeQwiJIJBlyCy2RyjA0=]]></url>
  <title><![CDATA[【文明双创】津南区深入推进国家卫生区创建工作]]></title>
  <content><![CDATA[津南区深入推进国家卫生区创建工作 。开展多种形式宣教活动涉及爱国卫生、健康教育和健康促进、生态环境保护、食品和生活饮用水安全、公共卫生与医疗服务、病媒生物预防控制等方面，组织召开创卫工作培训会30余次，印制宣传海报6.4万张，发放宣传品22.7万个，主干道出入口安装大型宣传公益广告9处，82个社区正在建设健康教育宣传栏。开展集中清整和检查督导活动全区集中开展3次市容环境清整和4次病媒生物防制活动，营造浓厚创卫氛围。投入140万元，完成142个小区病媒消杀工作，共投放药品7吨。开展创卫督导检查60余次，下发整改通知书77份。开展重点领域专项整治行动整治食品“三小”行业商户790家，整顿公共场所“四小”商户236家；整治各类道路52条、居民区21个，拆除违章棚亭、圈占503处，治理乱摆乱卖、乱堆乱放等行为5475处；治理违法停车8480辆，扣留、处罚违法上路三轮车169辆。开展无烟机关、卫生村创建工作在全区机关、医疗机构、学校、公共场所及“七小”行业等张贴禁烟标识3万余张，行政机关、教育系统和医疗机构等带头开展无烟机关创建活动，实现无烟机关创建申报全覆盖。完成北闸口镇前进村“市级健康村”建设试点评估、15个市级卫生村复审和7个市级卫生村申报工作。来源：北方网]]></content>
  <author><![CDATA[津南区卫生和计划生育委员会]]></author>
  <time>2018-11-05 09:10:22</time>
  <account><![CDATA[gh_66263a2ec157]]></account>
  <image><![CDATA[https://mmbiz.qpic.cn/mmbiz_jpg/7vQm8pLFv79PxPdkkkiaaZx5lONZuDFM7icWT7mDMrl4Pp4T6Hhx3D8XicXhqgWRFI6NFYWEmneOKE7iaic8pxYusnA/640?wx_fmt=jpeg]]></image>
</data>
