<data>
  <id><![CDATA[67693167]]></id>
  <url><![CDATA[https://mp.weixin.qq.com/s?timestamp=1542262460&src=3&ver=1&signature=to5HIXOGi6yHsX-LCacvWQQBCYle-C3oScKwiEfEYYldeGnMCYeq7KDHXa5LvOuAtgD*z1pf9MneLdnyAIB0i143U7wh0s8WkZ5edJNvali77smrqsK1-B29w1vXs9MhbAJHLFA3mVps7hZjc55CweCu9MJfLElh0xC-6nfcJPE=]]></url>
  <title><![CDATA[2018年度抗菌药物知识宣传—耐药细菌是如何产生的呢？]]></title>
  <content><![CDATA[抗菌药物通过杀灭细菌发挥治疗感染的作用,细菌作为一类广泛存在的生物体，也可以通过多种形式获得对抗菌药物的抵抗作用，逃避被杀灭的危险，这种抵抗作用被称为“细菌耐药”，获得耐药能力的细菌就被称为“耐药细菌”。细菌耐药属于一种自然现象，是千百年来微生物进化的结果。细菌的抗药性是细菌进化选择的结果，抗生素的滥用加剧了细菌耐药性的产生。细菌在生长繁殖过程中会产生耐药性基因的突变，在使用抗生素的选择压力下，耐药性细菌被筛选出来并优势繁殖。抗生素的滥用主要有两种形式：一是在人类疾病治疗过程中滥用抗生素；另一个是动物饲料添加抗生素的问题。有统计数据表明，世界上抗生素总产量的一半左右用于人类临床治疗，另一半则用在了畜牧养殖业。（委医政科供稿）]]></content>
  <author><![CDATA[津南区卫生和计划生育委员会]]></author>
  <time>2018-11-13 18:55:54</time>
  <account><![CDATA[gh_66263a2ec157]]></account>
  <image><![CDATA[https://mmbiz.qpic.cn/mmbiz_jpg/3oFZOXqhddkPnO0KHwHnggBo3ezwLwicupdRYySkNolBYgAGLzRO3feksIEnA7jQ1tdm7FJzwukZiaq0eVcqQE9g/640?wx_fmt=jpeg|https://mmbiz.qpic.cn/mmbiz_jpg/3oFZOXqhddkPnO0KHwHnggBo3ezwLwicuTTDib3wdrkB5TL3sXNd0tQJ722413iaA2q5a1oMPzMPmOdhOs2mhWUvg/640?wx_fmt=jpeg|https://mmbiz.qpic.cn/mmbiz_jpg/3oFZOXqhddkPnO0KHwHnggBo3ezwLwicu1l5EKoCK4kS7Mp8l6oBFTQxHWU6J2II0EoXjgeuSZJxqleWSeaGB8A/640?wx_fmt=jpeg|https://mmbiz.qpic.cn/mmbiz_jpg/3oFZOXqhddkPnO0KHwHnggBo3ezwLwicuiaFXSwPicyXibkEV87NQ6jVP3cGLSA2r1IbRibuKL3ORj3EtfvKPAk4Gjw/640?wx_fmt=jpeg|https://mmbiz.qpic.cn/mmbiz_jpg/3oFZOXqhddkPnO0KHwHnggBo3ezwLwicuZ3ichql1QjUr8Wu9Mibhk6AicElDV1XycBFG4lf4kMN8fKiaHbm9CHYteA/640?wx_fmt=jpeg]]></image>
</data>
