<data>
  <id><![CDATA[67693167]]></id>
  <url><![CDATA[https://mp.weixin.qq.com/s?timestamp=1542262460&src=3&ver=1&signature=to5HIXOGi6yHsX-LCacvWQQBCYle-C3oScKwiEfEYYldeGnMCYeq7KDHXa5LvOuAtgD*z1pf9MneLdnyAIB0i-XeyWMZLbyqbZ8oXawSXjKp9iTCmRHesPOrQRhXOBkNv6s0Zj*KMt5eWiqgyxqp2Tn5r1QtXJmwxR18FKbaY14=]]></url>
  <title><![CDATA[区卫计委召开卫生计生行业消防（火灾防控）工作培训考核工作会议]]></title>
  <content><![CDATA[为做好当前一段时期的安全生产工作，特别是确保今冬明春消防安全不出问题，针对当前安全工作面临的严峻形势，区卫计委于11月1日上午召开卫生计生行业消防（火灾防控）工作培训考核工作会议。会上卫计委于洪建主任首先传达了全国今冬明春消防安全工作电视电话会议、天津市安全生产视频工作会议、津南区安全工作会议精神，并就抓好卫生计生行业当前和下一时期的安全生产工作，尤其是消防安全工作提出三点要求：一是要充分认清当前安全工作所面临的严峻形势，增强做好安全工作的责任感和紧迫感；二是突出安全工作重点，立即开展全方位的隐患排查整治。要重点检查消防安全设施设备是否完好，排除电路、压力容器、仓库药房、易燃易爆、有毒有害、氧气瓶等的隐患，及时建立完善安全生产工作、督查检查台账；三是加强督导检查，确保安全工作实效。会后进行了消防知识考核，并组织了消防安全实地演练。全区公立医院领导、民营医疗机构负责人70余人参加培训。（委政办供稿）]]></content>
  <author><![CDATA[津南区卫生和计划生育委员会]]></author>
  <time>2018-11-05 09:10:22</time>
  <account><![CDATA[gh_66263a2ec157]]></account>
  <image><![CDATA[https://mmbiz.qpic.cn/mmbiz_png/3oFZOXqhddkjU0NDiaLx0LPWuuW9BzaLowaqTUGghm1PrQmrd7KMiaypmOXETL30khEeOHbokp2Flw2EVqFfNorw/640?wx_fmt=png|https://mmbiz.qpic.cn/mmbiz_png/3oFZOXqhddkjU0NDiaLx0LPWuuW9BzaLoRbvwVXoEaNtzVDAvTKE9rpn0hlfQG4wyJg1RDXWiaWuULianOWTXZNkA/640?wx_fmt=png|https://mmbiz.qpic.cn/mmbiz_jpg/3oFZOXqhddkjU0NDiaLx0LPWuuW9BzaLo2ctytrujIoxz9gfKsH6SmFdlvKKTE0S94d6v98ckEWsibkcibbSHZHFg/640?wx_fmt=jpeg]]></image>
</data>
