<data>
  <id><![CDATA[67693167]]></id>
  <url><![CDATA[https://mp.weixin.qq.com/s?timestamp=1542262460&src=3&ver=1&signature=to5HIXOGi6yHsX-LCacvWQQBCYle-C3oScKwiEfEYYldeGnMCYeq7KDHXa5LvOuAtgD*z1pf9MneLdnyAIB0i*Sea1I*FQTbPqpWIBwfGntcX7biRhwThRp4ZgbHQLCLelPt2xDNIp1-JHY9dRAsIh9YXTF55-hWfT1DfcmJSlY=]]></url>
  <title><![CDATA[2018年津南区第十场健康大讲堂预告]]></title>
  <content><![CDATA[“健康大讲堂”是“关爱市民健康，共享美好生活”天津市健康教育巡讲的品牌活动，也是天津市全力打造的健康公益活动，已历时5年。津南区每年开展10场健康大讲堂活动，其中8场在社区开展，2场在学校开展。本年度第十场大讲堂活动定于2018年11月21日下午2:10（周三）在津南区双桥河镇第一小学（双桥河镇王庄新村南）开展。此次讲座我们邀请天津医科大学口腔医院韩轩医生为大家讲授儿童口腔疾病的预防和治疗方面的内容，希望学生和家长积极参加。（疾控中心供稿]]></content>
  <author><![CDATA[津南区卫生和计划生育委员会]]></author>
  <time>2018-11-14 14:19:31</time>
  <account><![CDATA[gh_66263a2ec157]]></account>
  <image><![CDATA[https://mmbiz.qpic.cn/mmbiz_jpg/3oFZOXqhddmIrYNlnZCsEMhhJcFJhP5JrvDaJgDwoeBWlrHFbbG4OuzLSYQIblstF0ertglqVmkCsw2WTzgwicQ/640?wx_fmt=jpeg]]></image>
</data>
