<data>
  <id><![CDATA[67693167]]></id>
  <url><![CDATA[https://mp.weixin.qq.com/s?timestamp=1542262460&src=3&ver=1&signature=to5HIXOGi6yHsX-LCacvWQQBCYle-C3oScKwiEfEYYldeGnMCYeq7KDHXa5LvOuAtgD*z1pf9MneLdnyAIB0i143U7wh0s8WkZ5edJNvalgedhfsxqCmjIytqMqc5AQ43Ds23OkiKNozcvsZun5BOOBxhpDHJb8pxWBiFqAYEZs=]]></url>
  <title><![CDATA[【文明创城】我为创城助力感受津南新变化]]></title>
  <content><![CDATA[小站镇小站镇文体中心开展“2018年小站镇稻乡风情系列活动——河北梆子专场”，津南非物质文化遗产银达子艺术研习社为现场观众带来精彩表演，上演了《走雪山》、《太白醉写》等经典曲目纷纷登台亮相，演员们用韵味十足的唱腔一展豪情，演出现场座无虚席，气氛热烈，观众们热情高涨，纷纷鼓劲叫好。咸水沽镇咸水沽第五小学成功举办了“守法好少年”法治示范校授牌仪式暨咸水沽第五小学“我为宪法代言”活动启动仪式。仪式上，司法所负责同志向校长进行了授牌，为小学生代表佩戴“守法好少年”小黄帽。随后开展了“我为宪法代言”启动活动，学生代表上台以“我为宪法代言”为主题开展了一场生动精彩的演讲，部分学生对自己创作的优秀法治漫画、手抄报进行了宣传展示，以三个生动的比喻，用简单明了的语言向学生做了宪法精神的宣讲。八里台镇为进一步改善群众体育健身设施,提高全民健身的热情，日前，八里台镇文化站积极与津南区体育局对接，深入实地考察，为南义村、小黄庄村、和顺地村安装了崭新的体育器械。健身器材的安装，满足了群众强身健体的需要，丰富了群众的体育文化生活，深受群众一致好评。辛庄镇辛庄镇开展消防安全演练活动，社区工作人员、社区民警、物业公司、消防员以及小区居民代表50余人参加了此次的活动。 消防培训员一面向居民发放消防宣传材料，一面向大家讲解消防安全知识，介绍消防器材的使用方法和技能。为了能够让群众真正的掌握遇到突然火情的应急和逃生本领，消防支队的同志们组织居民拿起消防栓、灭火器，抬起担架，现场进行了消防实战演练。双新街双新街举办“团结巾帼力量 提升绿色颜值”插花培训会，活动中，花艺老师详细介绍了插花艺术的基本知识、常见花种、插花的基本花型及技巧等，并进行了现场示范。女职工们也充分发挥创造力，动手实践，进行艺术创作。参加活动的女职工纷纷表示，活动进一步提升了品位，希望能把学到的插花技艺运用到今后的生活中，美化家庭，丰富生活，用更加饱满的精神状态投入到工作中。来源：津南区新闻中心]]></content>
  <author><![CDATA[津南区卫生和计划生育委员会]]></author>
  <time>2018-11-13 18:55:54</time>
  <account><![CDATA[gh_66263a2ec157]]></account>
  <image><![CDATA[https://mmbiz.qpic.cn/mmbiz_jpg/7vQm8pLFv7ic6NbGSwdBRS6BicXTUywdYaCD3r8NmhEqF1kib8iaucbCtWXCicJN1XicBScdduszGcrO9WiaMzueeS6rQ/640?wx_fmt=jpeg|https://mmbiz.qpic.cn/mmbiz_jpg/7vQm8pLFv7ic6NbGSwdBRS6BicXTUywdYaCtmbf4QwPOYnk8LpicjGSa1Jb6ibYdsPianEEfygIuHEwDXUbUrAbsIwQ/640?wx_fmt=jpeg|https://mmbiz.qpic.cn/mmbiz_jpg/7vQm8pLFv7ic6NbGSwdBRS6BicXTUywdYaW19bqa63ViaFUETu4XiaLjLVLDeK2Xt6Z1y06H7gbUmktadrgJGjhibZg/640?wx_fmt=jpeg|https://mmbiz.qpic.cn/mmbiz_jpg/7vQm8pLFv7ic6NbGSwdBRS6BicXTUywdYarpjEFJWNNqXADaXKDMfM1wfOgF64w91Gtu1ALSfuPJcibagAF4rwEbA/640?wx_fmt=jpeg|https://mmbiz.qpic.cn/mmbiz_jpg/7vQm8pLFv7ic6NbGSwdBRS6BicXTUywdYaEsJc6vhQ7ibzXBkXkowUSL1jS7lzO0QApXoTcRMFfLtORZ041icosTEQ/640?wx_fmt=jpeg]]></image>
</data>
