<data>
  <id><![CDATA[67693167]]></id>
  <url><![CDATA[https://mp.weixin.qq.com/s?timestamp=1542262460&src=3&ver=1&signature=to5HIXOGi6yHsX-LCacvWQQBCYle-C3oScKwiEfEYYldeGnMCYeq7KDHXa5LvOuAtgD*z1pf9MneLdnyAIB0i-XeyWMZLbyqbZ8oXawSXjLnTAGu69VrKioUGebH4qwVBNNLmPXBKfZ-2924kGlaxBUPZ7Tx-MsljGNePPZECAI=]]></url>
  <title><![CDATA[隆化县医务（管理）人员来津培训学习]]></title>
  <content><![CDATA[为全面深入贯彻党中央、国务院和天津市对脱贫攻坚工作的决策部署和国家进一步加强东西部扶贫协作工作的指示精神，按照《津南区推进东西部扶贫协作和对口支援三年行动方案（2018—2020年）》要求，2018年11月1日河北省隆化县10名医务人员来到津南区开展为期两个月的培训学习活动。津南区卫生计生委对来津培训学习人员举行欢迎仪式。欢迎仪式上，津南区卫生计生委于洪建主任对河北隆化县帮扶队的到来表示欢迎，希望大家能在津南区学有所得、学有所获。在今后的工作中，津南区卫生计生委将与隆化县加强沟通，使今后的帮扶工作更具有针对性，努力深化对口支援工作，不断促进隆化县医疗服务水平的提升。（委医政科供稿）]]></content>
  <author><![CDATA[津南区卫生和计划生育委员会]]></author>
  <time>2018-11-05 09:10:22</time>
  <account><![CDATA[gh_66263a2ec157]]></account>
  <image><![CDATA[https://mmbiz.qpic.cn/mmbiz_png/3oFZOXqhddkjU0NDiaLx0LPWuuW9BzaLorEIkO3dCicjpxbT0hU3cmLM9Uq5HVjCX8z8Ja2xS0BNKkIDcchB9Scw/640?wx_fmt=png]]></image>
</data>
