<data>
  <id><![CDATA[67693167]]></id>
  <url><![CDATA[https://mp.weixin.qq.com/s?timestamp=1542262460&src=3&ver=1&signature=to5HIXOGi6yHsX-LCacvWQQBCYle-C3oScKwiEfEYYldeGnMCYeq7KDHXa5LvOuAtgD*z1pf9MneLdnyAIB0i40tpQBZ8ewlQ49B3EICn9uTcABw3coSGM9qnroZIf6kQO-yexU4rlDvN4ksu16oM83EtcFtU08b6yd9Kq2tVO4=]]></url>
  <title><![CDATA[【文明双创】小手拉大手绿色发展好]]></title>
  <content><![CDATA[辛庄镇开展“小手拉大手 绿色发展好”——“双创”主题升旗仪式。仪式上，学生代表向全校师生宣读《“小手拉大手 绿色发展好”倡议书》，号召大家积极参加社区、学校、班级组织的护绿活动，自觉关心、爱护身边的一草一木。社区工作人们和志愿者们为每个年级的学生代表发放了志愿者服装和帽子，全体人员在宣传横幅上签字留念。双港镇开展专项治理行动，对仁永名居小区私装地锁、僵尸车进行集中清理。本次专项行动出动执法队员12人，共计拆除地锁70个，移除僵尸车3辆。今后将继续加大力度，巩固和扩大“双创”成果，对小区环境秩序进行清整，努力为居民营造一个整洁的生活环境。八里台镇开展健康养生知识大讲堂活动，此次活动围绕认识骨质疏松、骨质疏松的分类及表现、为什么要重视骨质疏松以及如何预防、治疗等方面进行了深入讲解，对老年人现场提出的相关的问题进行了一一解答，得到了群众的一致好评。双桥河镇开展了“守法好少年”法治示范校授牌仪式，旨在抓住学生群体这一普法宣传重点，充分发挥学校在青少年法治宣传教育中的主阵地作用，教育引导学生不断增强自我防范意识，规范自己的言行，自觉做尊法、学法、守法、用法的小公民。北闸口镇开展“禁传销，反欺诈，共建平安闸口”主题打击传销进社区宣传活动，通过悬挂打击传销宣传横幅、公布打传电话、发放打传宣传手册等宣传方式进行宣传。向群众宣传打击传销违法行为的意义，以及怎样防范等知识，鼓励广大群众检举揭发传销违法行为，引导群众自觉抵制传销。小站镇组织开展部分学校幼儿园安全工作落实情况检查，详细了解校舍建设和安全落实情况，对涉及学生安全问题的休息室、实验室、校舍走廊、食堂等地详细检查并提出整改意见。葛沽镇举行了“夕阳无限好 欢喜过重阳”慈水园老年日间照料中心揭牌仪式。中心内设老年配餐室、食堂、聊天室、阅览室、休息室、心理咨询室、棋牌室等多个功能区，电视、康复器材等基本设施配备完善，能够为老年人提供助餐、助医、助急、以及午休、娱乐、学习、心理咨询等高品质生活需求的服务。来源：网信津南]]></content>
  <author><![CDATA[津南区卫生和计划生育委员会]]></author>
  <time>2018-10-25 10:11:07</time>
  <account><![CDATA[gh_66263a2ec157]]></account>
  <image><![CDATA[https://mmbiz.qpic.cn/mmbiz_jpg/7vQm8pLFv7ibhYsNkRj37hibalPOdeGwFrWWAWxW56N8aJnzxvvqjEtqFWxfcyh9xHjicb2EiamDRSIhmGE4JGWjUQ/640?wx_fmt=jpeg|https://mmbiz.qpic.cn/mmbiz_jpg/7vQm8pLFv7ibhYsNkRj37hibalPOdeGwFriadJicWr0CAtdU3R9Ap0kv4jCR8afJJDsgMcRHM3CIPfSfatmLDeuibGQ/640?wx_fmt=jpeg|https://mmbiz.qpic.cn/mmbiz_jpg/7vQm8pLFv7ibhYsNkRj37hibalPOdeGwFrrOS2EaraCYTmQmwWdgct9915jTCvBRFIyVTqRB3otfx0d2xWia3cWuA/640?wx_fmt=jpeg|https://mmbiz.qpic.cn/mmbiz_jpg/7vQm8pLFv7ibhYsNkRj37hibalPOdeGwFrTpM2btpVQgyACvghsG3gxFXHmy6FiabPmMTghChjIoiaicH09jlxf7icnA/640?wx_fmt=jpeg|https://mmbiz.qpic.cn/mmbiz_jpg/7vQm8pLFv7ibhYsNkRj37hibalPOdeGwFrjNQjC8xzIhIPjAaiavF5gc1tmuRPatcsBXNibbTXibqOHfysG0rkXdibvA/640?wx_fmt=jpeg|https://mmbiz.qpic.cn/mmbiz_jpg/7vQm8pLFv7ibhYsNkRj37hibalPOdeGwFrRHEbYclBUBfLfJjbLGH98EwyOeUTffb1VSp4XfvT4gVdKicqSLgSlgA/640?wx_fmt=jpeg|https://mmbiz.qpic.cn/mmbiz_jpg/7vQm8pLFv7ibhYsNkRj37hibalPOdeGwFr3VFr1DWntYaxrXtOP4iaNibkWUvT9QboMgsGxJsv7yt4anYEJ1WzcIsw/640?wx_fmt=jpeg]]></image>
</data>
