<data>
  <id><![CDATA[67693167]]></id>
  <url><![CDATA[https://mp.weixin.qq.com/s?timestamp=1542262460&src=3&ver=1&signature=to5HIXOGi6yHsX-LCacvWQQBCYle-C3oScKwiEfEYYldeGnMCYeq7KDHXa5LvOuAtgD*z1pf9MneLdnyAIB0ixg3kkCRwjUIiSe2rNQeGQFzw-dzrqIPv2YzAyudO0NA4VeEYctbRbu6h9vbgPGj3xl9T20oUTB1psZFZNtMoTg=]]></url>
  <title><![CDATA[2018年津南区经济社会发展成果展示——发展篇]]></title>
  <content><![CDATA[今年是改革开放40周年40年来，津南人民凝心聚力、锐意进取、拼搏创新、砥砺前行，谱写了新时代改革绚丽华章，尤其是近年来，津南城市风貌发生了历史性的巨变，生态环境、经济发展等方面的变化更是日新月异。今年以来，全区上下深入学习贯彻习近平新时代中国特色社会主义思想和党的十九大精神，认真落实市委、市政府决策部署，全力推进津南绿色高质量发展，严格落实生态文明建设理念和绿色发展理念，各项工作稳中有进，取得了令人鼓舞的成绩。为献礼改革开放40周年，今日起，将开始专题专栏，通过四个方面，全方位展示2018年津南区经济社会发展成果，以激励全区人民再接再厉，乘势而上，抢抓建设绿色生态屏障这一重大历史发展机遇，走出津南绿色高质量发展之路。◆◆以绿色生态屏障建设助力绿色高质量发展◆◆津南区坚决贯彻落实市委、市政府双城中间管控规划，建设绿色生态屏障的重大决策部署，着力推进绿色生态屏障建设，以实际行动践行习近平总书记“绿水青山就是金山银山”的生态文明思想。2018年，津南区完成新造林1.25万亩，栽植各种苗木100余万株。今春建成3200亩绿色生态屏障起步区主项目区，年内完成7710亩起步区建设，再现林田湖水草交相辉映，乔灌木高低搭配、错落有致的自然生态景观，为津南百姓提供又一处休闲、游憩胜地，达到人与自然和谐共生的效果。2019年，津南区将新造林1.87万亩。按照“宜林则林、宜湿则湿、宜田则田”的设计原则，以“自然、天然、圆润、野趣”为主基调，新建辛庄镇、双桥河镇、葛沽镇三大片林，与绿色生态屏障起步区串联贯通，初步建成海河生态廊道。后续，按照“一核心、三片区、七廊道、九节点”的生态空间布局，持续推进绿色生态屏障建设，构建“大水、大绿、大花园，成林、成片、成景观”的自然生态系统，构筑“双城绿心、生态津南”，推进津南绿色高质量发展，实现人与自然和谐共生。◆◆对接世界标准加快“一制三化”落地◆◆推行“承诺审批制度”改革对信用良好的申请人在不能全部提交申请材料的情况下，只要向行政机关作出自承诺之日起60日内补齐全部申请材料并符合法定形式的书面承诺后，行政机关即当场或在承诺审批时限内作出行政审批决定，并发放有关证照和批文。目前，津南区以“公共卫生场所许可”为突破口，先行先试，预计到年底受益群众企业将达到300余家。推行审批服务标准化逐项编制标准化工作规程和办事指南，实行办事要件标准化，办事流程标准化，办事结果标准化。试行智能化“无人审批”首批推出20个“无人审批”事项，在全区设立2处政务服务“无人审批超市”。推行审批服务便利化改革企业和群众办事提供的申请材料减少30%以上，审批时间总体上压缩60%，行政许可“网上可办”和“最多跑一次”事项占比均达到90%以上。进一步优化营商环境企业开办经营手续减少至3个，开办时间压缩至3天，一般社会投资工程建设项目从获得土地到取得施工许可证，办理手续减少至12个，办理时间总体上不超过80天。◆◆持续优化营商环境释放转型发展活力◆◆津南区以“双万双服促发展”为主题，以落实“天津八条”为重点，牢固树立“产业第一，企业家老大”理念，着力打造亲商暖商的营商环境，取得较好效果。全区抽调282名干部，成立38个工作组开展服务工作，帮扶2320家企业。对111家骨干企业纳入三级领导包联范围，为区内348名优秀企业家配备服务专员，对企业事务一管到底。研究制定出台了《津南区引聚海河教育园人才创新创业就业办法》《津南区工业企业技术改造专项资金使用管理办法》《津南区加快智能工业发展的若干政策》等一批政策，推出了不动产权利证书邮递服务制度，运行了政企互通服务信息化平台，开通了就业创业超市手机APP客户端，开通 “津南区政府企业家服务办公室”微信公众号，畅通企业家反映问题的渠道，搭建沟通交流“直通车”，企业家可随时随地向政府主要负责人、职能部门反映问题或进行咨询。截至9月30日，津南区政企互通服务信息化平台企业提出问题2089个，收集率90%，答复率99.90%，解决率83.7%，按时办理率100%，答复满意度99.2分，解决满意度99.4分。收集项目问题36个，收集率41.86%，答复率100%，解决率75%，按时办理率97%，答复满意度99.3分，解决满意度100分。来源：天津日报·津南时讯]]></content>
  <author><![CDATA[津南区卫生和计划生育委员会]]></author>
  <time>2018-10-26 13:25:18</time>
  <account><![CDATA[gh_66263a2ec157]]></account>
  <image><![CDATA[https://mmbiz.qpic.cn/mmbiz_jpg/7vQm8pLFv78NxI9uzb2dDyCYmVx4v7ZibgDIleKotAMvxYEaQ8hiaQbxhwZuRPPCLBbTtycMoL3f9vX9XGp01icoQ/640?wx_fmt=jpeg|https://mmbiz.qpic.cn/mmbiz_png/7vQm8pLFv78NxI9uzb2dDyCYmVx4v7ZibZhSVqLiaHYlwr0NibORGMdbPEWgyMWtpL28jW4WocSH7KXYiak3dxkK0g/640?wx_fmt=png|https://mmbiz.qpic.cn/mmbiz_jpg/7vQm8pLFv78NxI9uzb2dDyCYmVx4v7ZibB80laVtDFD6YM4gAseD2L3eia3GLJSG1GDHnE3XJROE0TE98uDIHeYA/640?wx_fmt=jpeg|https://mmbiz.qpic.cn/mmbiz_png/7vQm8pLFv78NxI9uzb2dDyCYmVx4v7ZibNZibn7VYdoFmM47NA9HugHEuxm5PmsXHaqxcq3xxibVicu0AGT7mm2iaeQ/640?wx_fmt=png]]></image>
</data>
