<data>
  <id><![CDATA[67693167]]></id>
  <url><![CDATA[https://mp.weixin.qq.com/s?timestamp=1542262460&src=3&ver=1&signature=to5HIXOGi6yHsX-LCacvWQQBCYle-C3oScKwiEfEYYldeGnMCYeq7KDHXa5LvOuAtgD*z1pf9MneLdnyAIB0i5SEVIhEEJ6p6gbyg9cugVYhHdjCdZmX7k8XxJ0YUsLoBNz4bglYD8WmciYGwwUr4X5JQJzvGw*UMCIZVPNqvr0=]]></url>
  <title><![CDATA[“绿色津南活力之城”亮相2018中国旅游产业博览会]]></title>
  <content><![CDATA[“绿色津南 活力之城”亮相2018中国旅游产业博览会11月9日至11月11日，由国家文化和旅游部、天津市旅游局主办的2018中国旅游产业博览会在梅江会展中心盛大开幕。“绿色津南 活力之城”津南旅游展厅亮相此次旅博会。本届展会我区以“绿色津南 活力之城”为主题，组织小站练兵园、天山海世界米立方、小站稻作展览馆、宝成博物苑、时代记忆纪念馆、意庄艺术区、天津剪布肖科技有限公司等区内旅游文化企业，展示核桃工艺、烙画葫芦、工艺面塑等区内市级非遗项目，津南区对口帮扶地区甘肃灵台旅游管理部门进行了现场推介。本次旅博会，区旅游局在深刻领会大讨论内容实质的基础上，结合展会载体，全力宣传推介津南区在绿色生态屏障建设这一重大历史机遇条件下的绿色高质量发展之路；全力宣传推介津南区葛沽民俗文化特色小镇、小站稻耕文化特色小镇；全力宣传推介津南区绿色高质量旅游产业项目；全力宣传推介津南旅游企业、津南对口帮扶地区（甘肃灵台、秦安，河北隆化）旅游资源。引导区内非遗技艺与旅游产业融合发展，增强津南旅游+融合发展力度，助推津南实现绿色高质量发展。来源：网信津南]]></content>
  <author><![CDATA[津南区卫生和计划生育委员会]]></author>
  <time>2018-11-12 16:31:12</time>
  <account><![CDATA[gh_66263a2ec157]]></account>
  <image><![CDATA[https://mmbiz.qpic.cn/mmbiz_jpg/7vQm8pLFv78W0icFia1BibSoiaSefc0JU1c7EpW7Jv5huKCcC4bAsuTsxUdS9niaicfanhOIibkmNuTUV50ZDsI7dRBCw/640?wx_fmt=jpeg|https://mmbiz.qpic.cn/mmbiz_jpg/7vQm8pLFv78W0icFia1BibSoiaSefc0JU1c7G4fdxYgl0CdLk0p9ciaHqIdqqUV7TibQ714ZaiaRTt6tSNoXW4nw2OTSA/640?wx_fmt=jpeg]]></image>
</data>
