<data>
  <id><![CDATA[67693167]]></id>
  <url><![CDATA[https://mp.weixin.qq.com/s?timestamp=1542262460&src=3&ver=1&signature=to5HIXOGi6yHsX-LCacvWQQBCYle-C3oScKwiEfEYYldeGnMCYeq7KDHXa5LvOuAtgD*z1pf9MneLdnyAIB0ixg3kkCRwjUIiSe2rNQeGQHqI86fEVorq2rIcoi41e2ZAx6iGlFLOMq9Zr4zpzAWVuffktbKgpqbhKKFsJDO2GA=]]></url>
  <title><![CDATA[【历史回眸】三千人参加的四级干部会议──庆祝改革开放四十周年专稿（二）]]></title>
  <content><![CDATA[按照中央和市委的部署，1979年2月3日至16日，南郊区召开四级干部会议，传达学习贯彻党的十一届三中全会精神和市委工作会议精神，生产队长、大队党支部负责人，以及局、社、镇（街）、区直单位、各部、委、办负责人和全体机关干部共3000人参加会议。会议讨论了把工作的重点转移到社会主义现代化建设上来和如何把农业生产搞上去等问题。区委就认真贯彻落实党的各项农村经济政策问题作出以下决定：一是实行粮食包干。认真执行国家规定的粮食征购任务，一定五年的政策，绝对不征过头粮。二是进行经济退赔。不允许无偿调用和占有生产队的劳力、土地等，分五年退赔钱圈水库等工程平调款，总额约243万多元。三是加强劳动管理。落实责任制，实行定额管理。四是强化收益分配。兼顾国家、集体和个人利益，狠抓分配兑现，杜绝架空分配。五是自留地处置。按政策规定执行，选择个人或集体经营由社员民主决定。六是社员家庭副业和集市贸易。既不乱加干涉，也不放任自流，按照国家政策，管而不死，活而不乱。七是尊重生产队自主权。八是明确干部补贴和奖励标准。九是大力扶持社队企业。会议还就落实政策、巩固发展安定团结的政治局面，认真贯彻落实党的各项农村经济政策以及转变领导作风等问题作出了具体要求和安排。通过一系列的工作，党的政策进一步得到落实，改变了农民不合理负担等问题，出现了出勤人数多、劳动效率高的新气象。四级干部会议后，全区采取多种形式开展宣传教育，区领导也深入农村社队搞调研、讲政策，促进了会议精神落实和局面的打开。仅一个月时间，287个大队中，已有233个搞了定额管理或底分活评，其中62个大队建立761个作业组，使得劳动生产率成倍提高。三秋大忙以后，区委又组织20多名干部，用了40多天时间，深入大队、生产队，检查中央关于农业的两个文件的执行情况，总结落实政策好的典型经验，对后进单位进行督促帮助。经过一系列的工作，农村劳动管理进一步得到改进。在近1500个基本核算单位中，有567个单位的大部分或部分农活实行了定额记工。760多个单位实行了记时工分加评议。在实行生产责任制方面，446个基本核算单位建立各种形式的作业组1000多个，其中58个生产队建立160多个“包工到组，联系产量计算报酬”的常年作业组，极大地调动了广大干部和社员的积极性。3000人参加的四级干部会议标志着南郊区把工作重心向经济建设上转移，各项工作普遍开展起来。来源：天津日报·津南时讯]]></content>
  <author><![CDATA[津南区卫生和计划生育委员会]]></author>
  <time>2018-10-26 13:25:18</time>
  <account><![CDATA[gh_66263a2ec157]]></account>
  <image><![CDATA[https://mmbiz.qpic.cn/mmbiz_png/7vQm8pLFv78NxI9uzb2dDyCYmVx4v7Zibg3bHPXpzyyuZa73x8z3EW5nZJTz0UpNbLP0AeIx3Ck1F144ePrtfIg/640?wx_fmt=png]]></image>
</data>
