<data>
  <id><![CDATA[67693167]]></id>
  <url><![CDATA[https://mp.weixin.qq.com/s?timestamp=1542262460&src=3&ver=1&signature=to5HIXOGi6yHsX-LCacvWQQBCYle-C3oScKwiEfEYYldeGnMCYeq7KDHXa5LvOuAtgD*z1pf9MneLdnyAIB0i3wzX5OzWAOgOX4UM7c22Nw-qo4Xdlfa2Yuy-BEqnOxWaEm*0pKsIt9W1Sv05pQy3F2DQCyrPhZeZ6*F0ocCnbI=]]></url>
  <title><![CDATA[津南区儿科医疗机构名单]]></title>
  <content><![CDATA[（委医政科供稿）]]></content>
  <author><![CDATA[津南区卫生和计划生育委员会]]></author>
  <time>2018-11-07 17:40:08</time>
  <account><![CDATA[gh_66263a2ec157]]></account>
  <image><![CDATA[https://mmbiz.qpic.cn/mmbiz_jpg/3oFZOXqhddm3otmcv6mvn0icNnpF2RxGN2CaQ4HA5iahuiauqTBVyqYpAfNpSBtDPHPZicic45CPGibEQIHHmr70NcyQ/640?wx_fmt=jpeg|https://mmbiz.qpic.cn/mmbiz_png/3oFZOXqhddn5PGHDuBf1m5ScofDBCwhcVuWUhHXruicicCgVuGIpOjcoAL2jnI9JwvkKIvgf2TQ4SiaruZmGbPcEA/640?wx_fmt=png]]></image>
</data>
