<data>
  <id><![CDATA[67693167]]></id>
  <url><![CDATA[https://mp.weixin.qq.com/s?timestamp=1542262460&src=3&ver=1&signature=to5HIXOGi6yHsX-LCacvWQQBCYle-C3oScKwiEfEYYldeGnMCYeq7KDHXa5LvOuAtgD*z1pf9MneLdnyAIB0i3wzX5OzWAOgOX4UM7c22NzIUWxLgsek57pvT9fiHTCNGoBkYMqjRcoEdbSqYOhKFvPD*w2X4uF6fQoxS8zPo7A=]]></url>
  <title><![CDATA[抖音我们来啦！网信津南正式入驻抖音！求赞求关注~]]></title>
  <content><![CDATA[最近，抖音火了一时可谓风靡大江南北越来越多的小伙伴们喜欢在抖音上分享快乐记录美好生活好消息！好消息！好消息！重要的事情说三遍网信津南正式入驻抖音短视频啦网信津南正式入驻抖音短视频啦网信津南正式入驻抖音短视频啦如此重要的事情，大家怎能错过围观？“我”在抖音上的名字叫做“网信津南”相信很小伙伴已经非常熟悉和喜欢我们啦是不是？快说是是是小编不接受反驳的哦▼！！福利先发！！▼网信津南入驻短视频精彩预览那么怎么找到我们呢第一步：打开抖音短视频APP第二步：点击首页上面的搜索按钮第三步：在搜索栏输入“网信津南”点击“关注”或者用手机打开抖音 扫描我们的二维码快来关注我们吧！不见不散~来源：网信津南]]></content>
  <author><![CDATA[津南区卫生和计划生育委员会]]></author>
  <time>2018-11-07 17:40:08</time>
  <account><![CDATA[gh_66263a2ec157]]></account>
  <image><![CDATA[https://mmbiz.qpic.cn/mmbiz_png/7vQm8pLFv7icRviaiczn3SUpMRG0nHC9Boq4FPt7ibPznAGuKiaN1sqNPyW1sxBHWMicnkjpRVkCX7YIHiahRZld54FLQ/640?wx_fmt=png|https://mmbiz.qpic.cn/mmbiz_gif/7vQm8pLFv7icRviaiczn3SUpMRG0nHC9Boq9HpuU7XShJia03GbFibTVS6saTVJ6be7o5B7zgtibpZjz0bTvox12rkqA/640?wx_fmt=gif|https://mmbiz.qpic.cn/mmbiz_gif/7vQm8pLFv7icRviaiczn3SUpMRG0nHC9Boq5DicpIJOQ62VwoudBP2eelftgy2cs1p7QD6IG4YkroIRcqIrsM2upng/640?wx_fmt=gif|https://mmbiz.qpic.cn/mmbiz_jpg/7vQm8pLFv7icRviaiczn3SUpMRG0nHC9BoqGqicM3BE4vvQglneCVic0yiaN4KSiaryianFC27kRtwusnJUUWWfgWsYRew/640?wx_fmt=jpeg|https://mmbiz.qpic.cn/mmbiz_jpg/7vQm8pLFv7icRviaiczn3SUpMRG0nHC9Boqco2E2e6YicslDj6b6NicQn1FX3FltJ8siaFdGPAW2Y5LVianP1oqeWticVQ/640?wx_fmt=jpeg|https://mmbiz.qpic.cn/mmbiz_png/7vQm8pLFv7icRviaiczn3SUpMRG0nHC9BoqLBAFrOlSTnAibJVibgvhCUXsIznjFJ72w1IicNiawnqD9B6jcgNhG2eibiaA/640?wx_fmt=png]]></image>
</data>
