<data>
  <id><![CDATA[67693167]]></id>
  <url><![CDATA[https://mp.weixin.qq.com/s?timestamp=1542262460&src=3&ver=1&signature=to5HIXOGi6yHsX-LCacvWQQBCYle-C3oScKwiEfEYYldeGnMCYeq7KDHXa5LvOuAtgD*z1pf9MneLdnyAIB0i-XeyWMZLbyqbZ8oXawSXjIhIeHn*AVAW16mWqiumCbc7zCG7MwjiFxB6n5T*IJwpdKuKYqlLuu0-FcGoOWLkBo=]]></url>
  <title><![CDATA[阿里云创新中心（天津津南）基地成为“绿色津南·活力之城”又一亮点]]></title>
  <content><![CDATA[2018年11月3日，阿里云创新中心（天津津南）基地运营启动仪式圆满举行。阿里云副总裁任庚，津南区领导刘惠、贺亦农、于瑞均，天津大学副校长元英进，南开大学科技成果转化中心项目主任张燕妮以及部分银行、平台运营企业、有关部门负责同志出席。与会嘉宾首先参观了阿里云创新中心津南基地，并与众趣（北京）科技有限公司、数联智聚（天津）科技有限公司、AI深度强化学习研究项目等部分优秀企业进行了交流。在随后召开的座谈会中，大家纷纷表示，在刚刚结束的民营企业座谈会上，习近平总书记充分肯定我国民营经济的重要地位和作用，重申了我们党坚持基本经济制度、坚持“两个毫不动摇”的一贯立场，作出了大力支持民营企业发展壮大的重要部署。习近平总书记的重要讲话，凝聚起支持民营企业发展的广泛共识，为民营经济发展注入强大信心和动力。入驻创新中心的企业家们表示备受鼓舞，一定按照习总书记的要求，在创新创业中继承、弘扬、传播优秀企业家精神，坚定不移地发展好自己的企业，为津南未来产业发展做出贡献。创新中心负责人表示将致力于服务民营经济创新创业，服务津南区创新创业发展。津南区表示将深入落实习总书记重要讲话精神，为民营企业在融资、政策、营商环境等各方面提供支持，全力营造创新创业的营商环境，服务民营经济，打造“绿色津南·活力之城”。“阿里云创新中心（天津津南）基地”是阿里云与天津市津南区人民政府、天津大学、南开大学合作建设的实体孵化和加速基地。 创新中心坐落于天津市津南区中心城区，紧邻海河教育园区和国家会展中心。其依据津南区产业导向，主要孵化人工智能、大数据、云计算、物联网、智能制造与新零售等新兴行业，团队发展处于成长和高速发展期的创新创业企业。同时，创新中心依托津南区智能制造与科技创新等方面的良好基础和人才政策支持；借助天津大学和南开大学的人才、科研集聚优势；整合阿里巴巴集团在科技创新方面的优质生态资源，为创新创业企业提供云资源扶持、信息技术研发孵化及加速服务以帮助其提升企业核心竞争力。创新中心是阿里生态资源汇聚导入的中枢，阿里云、蚂蚁金服（支付宝、蚂蚁小贷、芝麻信用）、淘宝、菜鸟物流、钉钉、阿里大文娱、阿里健康等阿里生态资源为创业企业无缝对接，并为企业提供阿里云资源补贴服务。自2018年5月阿里云创新中心津南基地全面启动建设工作以来，共吸纳了37家企业，部分来自天津本地，特别是海河教育园区内的天津大学、南开大学、天津中德应用技术大学等高校许多优秀创业项目。除此之外，还吸引了来自北京、河北、大连、杭州等省市的优秀创业团队入驻。目前创新中心群企荟萃，并将一步步建设成为高质量的创新创业舞台。未来，阿里云创新中心（天津津南）基地将根据津南区政府的双创政策和产业导向，不断挖掘和孵化优秀创新创业项目。（来源：网信津南）]]></content>
  <author><![CDATA[津南区卫生和计划生育委员会]]></author>
  <time>2018-11-05 09:10:22</time>
  <account><![CDATA[gh_66263a2ec157]]></account>
  <image><![CDATA[https://mmbiz.qpic.cn/mmbiz_jpg/7vQm8pLFv79c5FXdlYP8kcVEJodvFibiclfc0MyvjMu72tOY6PC6ITGaqayGNH2Ag0gc6kiaaibRxGOT39JaiaCPMEA/640?wx_fmt=jpeg|https://mmbiz.qpic.cn/mmbiz_jpg/7vQm8pLFv79c5FXdlYP8kcVEJodvFibiclnDjEHY9FrZt12UfpZRfnN4WQGY7EhZicxmPS2K59966j1RGXRzxXWSw/640?wx_fmt=jpeg|https://mmbiz.qpic.cn/mmbiz_jpg/7vQm8pLFv79c5FXdlYP8kcVEJodvFibiclxw7DibrJVrWW3uuJN5mY3VYYHwS9T1wuOwensk7gfDOwTWEB3tuBSYw/640?wx_fmt=jpeg|https://mmbiz.qpic.cn/mmbiz_jpg/7vQm8pLFv79c5FXdlYP8kcVEJodvFibiclZ9HwO5kXfXWe9yVP0sdEFyd7AngdrVKYzqIz3KUydeeiboR4PHBOTJw/640?wx_fmt=jpeg|https://mmbiz.qpic.cn/mmbiz_jpg/7vQm8pLFv79c5FXdlYP8kcVEJodvFibiclVqJ8pyvBF4EpGoZI5lFMZa9VUH4ThTuJEO6t16KWcPCHYb8vpZrC8g/640?wx_fmt=jpeg|https://mmbiz.qpic.cn/mmbiz_jpg/7vQm8pLFv79c5FXdlYP8kcVEJodvFibiclM6BBYjpkVVABZ2YxsGW4vhvpP4UydpjGP3lwibs2PlqrBicpgoROiabAg/640?wx_fmt=jpeg]]></image>
</data>
