<data>
  <id><![CDATA[67693167]]></id>
  <url><![CDATA[https://mp.weixin.qq.com/s?timestamp=1542262460&src=3&ver=1&signature=to5HIXOGi6yHsX-LCacvWQQBCYle-C3oScKwiEfEYYldeGnMCYeq7KDHXa5LvOuAtgD*z1pf9MneLdnyAIB0i143U7wh0s8WkZ5edJNvalixDqeih0RCVMW*OSN19cUO9PJv0affvcxkjdVrcUS729OJhHQjGLoTI*Dkdb4HZc4=]]></url>
  <title><![CDATA[《焦点访谈》揭自媒体六大乱象这些“病”得治！]]></title>
  <content><![CDATA[如今，自媒体时代似乎人人都有麦克风。我们面对的不只是各种信息、观点、分析，还有谣言、攻击、谩骂。一些自媒体从业者为了吸引流量，夺人眼球，追求10万+，用上各种不正当手段，丧失了基本的底线。《焦点访谈》：自媒体 要自律不要自戕2018年5月，一个微信公众号发表一篇名为《托你们的福，那个杀害空姐的司机，正躺在家数钱》的文章。文章不顾逝者尊严与家人感情，采用小说的手法编造空姐遇害的细节，措辞夸张，甚至出现不堪的色情想象，惹怒众多网友。迫于压力，当晚，该微信公众号发布致歉信。因发布低俗内容而引发公众不适，公号被永久封禁。自媒体快速发展乱象丛生据统计，当前移动互联网上有8亿网民，不少产业化大号拥有的粉丝量动辄数以万计，很多热点文章阅读量超过10万+。随着自媒体的快速发展，很多乱象浮出水面。图/视觉中国自媒体乱象一：低俗色情为了制造刺激，吸引眼球，增加流量，有的自媒体发布色情低俗的内容。在一些公众号中充斥着“火辣舞蹈，太激动”、“制服诱惑”、“性感美女私密写真”的标题，点击进去画面中各种美女穿着裸露，搔首弄姿的视频，不堪入目。在微博上，同样有部分账号发布裸露身体的图片、涉及青少年的低俗内容等。自媒体乱象二：标题党在自媒体上，除了低俗色情的内容，靠标题来夺人眼球更是司空见惯。为了让用户点击转发，往往采用最惊悚的题目。在朋友圈里常常能看到“吓尿了”、“惊人内幕”、“是中国人就转”等标题，通过对人进行道德绑架的方式来获取转发和阅读量。此外，还有一类自媒体打着生活小常识、小技巧、养生保健的旗号，在标题中加入“一定要看”、“马上转给家人”等字眼，这类信息往往更容易被大量阅读和转发。自媒体乱象三：谣言10月10日，一则落款为“北京市公安局”的警情通报在网上迅速传播。该通报写道：北京市海淀区动物园一头2吨重的大象丢失，现已向全市各区县及乡镇发出寻象通告。落款处写着“北京市公安局”的字样。随后，北京动物园微博进行辟谣，证实该消息为虚假信息。北京市公安局官方微博发布消息称，动物园把大象数了一遍，都在。据调查，造谣人伪造警情通报，导致该虚假信息在网上大量传播。警方依法对其处以行政拘留三日的处罚。这种虚假信息，往往由于消息令人匪夷所思，常常被不明真相网民的大量转发。自媒体乱象之四：黑公关一些有一定社会关注度的大V和自媒体，利用自己在网络上的知名度和影响力，有偿发布某些企业的公关稿件。部分自媒体甚至被雇佣有偿发布攻击抹黑特定企业的稿件，这一类统称为黑公关。4月26日，某乳品企业官方微博发布文章，详细披露其业绩。随后，被重新编辑和制作的消息同时出现在一些大V的微博上，引起众多网友质疑和谴责。事后，有的大V将这条微博删除，有的大V在微博中声明已退款并致歉。自媒体乱象之五：花钱购买阅读量目前，自媒体主要依靠广告、粉丝打赏、知识付费等获取收益。若要获得较高的流量，高关注度成为变现的筹码。有些自媒体从业人员把粉丝量、阅读量、10万+奉为追求目标，有人乘势做起刷阅读量的生意。在购物网站上，帮助刷阅读量的商家不占少数。有的每单1元钱，成交量显示达到近8万。某拥有百万粉丝的微信公众号创办者冯国震对目前自媒体行业的“潜规则”表示无奈。冯国震：很多卖阅读的商家，有好多个手机在运行，同时集群去访问，相当于阅读粉丝量做假。想要阅读量看起来漂亮，可以花钱购买。同样，要删除文章，也要真金白银。一个自称为“民航小报”公众号编辑，开出“一个阅读量一块钱”的价码。该公众号刊登关于航空公司的内幕信息，这些信息可能对涉事公司造成负面影响，要想删帖就要花钱。除了花钱刷阅读量和删帖，抄袭和伪造原创，也成了自媒体发稿很常见的一种手段。自媒体乱象之六：伪原创自媒体市场竞争日趋激烈，各大平台都鼓励原创文章，建立原创保护机制，原创内容能够得到优先推荐。自媒体作者为了内容能够先声夺人，追求原创，有人把别人的原创文章拿来改头换面，包装成自己写的文章而不被别人发现，冒充原创，这类做法称为“洗稿”。记者通过调查发现，有许多网站提供伪原创服务，输入一段高中语文课文，点击屏幕上的“生成伪原创”，1秒之内“洗稿”就被网站自动完成。通过对比可以发现，120多字的段落，有14处被替换成意思相近的词语。这样一来，抄袭行为更加隐蔽，原作者也更难发现，能绕过一些平台的审核机制。有些原创文章被抄袭，但要想维权绝非易事。中国传媒大学教授王四新表示，大量自媒体侵权行为发生在个人之间的，想要维权会面临成本高、取证难等问题，这造成肆意侵权现象的发生。自媒体不是法外之地丰富多样的信息资讯让受众有了更多的选择，但良莠不齐，混淆视听的信息也在污染着我们的网络空间，自媒体并不是法外之地。图/视觉中国中央网信办移动网络管理局副局长苏仁先表示，中央网信办将统筹协调有关部门，进一步加大工作力度：一是创新管理思路，探索用新方法，管理新业态，解决新问题。对自媒体实行分级分类管理，属地管理和全流程管理；二是开展自媒体专项整治活动，依法依规从严惩处违法违规账号，坚决遏制自媒体乱象，坚决维护网络正常的传播秩序。虽然自媒体时代，信息发布的门槛降低了，但这并不意味着可以为所欲为，不讲规则。互联网不是法外之地，不是任何人想编就编，想抄就抄，想喷就喷。自媒体也要尊重事实，理性传播，严格遵守法律与道德的底线，在这个基础上，共同来“营造一个风清气正的网络空间”。来源：央视新闻]]></content>
  <author><![CDATA[津南区卫生和计划生育委员会]]></author>
  <time>2018-11-13 18:55:54</time>
  <account><![CDATA[gh_66263a2ec157]]></account>
  <image><![CDATA[https://mmbiz.qpic.cn/mmbiz_png/oq1PymRl9D70JJYL9ibnIRePib6sehKnsttcLyOrfa0suMBeI2iaatQeoP73KznmSmYKJcxggMSD2qXA3qFyI1iaNw/640?wx_fmt=png|https://mmbiz.qpic.cn/mmbiz_jpg/oq1PymRl9D70JJYL9ibnIRePib6sehKnstHiaeGFA4d5nGY2RiaUYx3Sz9ibia0qMMMSicfrpAxvjadrjMK0hXDn36UPw/640?wx_fmt=jpeg|https://mmbiz.qpic.cn/mmbiz_png/oq1PymRl9D70JJYL9ibnIRePib6sehKnst1BBvkdy7nX4F5THsGhyOiap8icmxM3yTFa4JicnMXAQ5QcMnPeQ8wX85w/640?wx_fmt=png|https://mmbiz.qpic.cn/mmbiz_png/oq1PymRl9D70JJYL9ibnIRePib6sehKnstuIId9MBdQy1RPXNLDJALvPU8EPonb85uiaOCgLS8lOXqCQOFn9nCm5g/640?wx_fmt=png|https://mmbiz.qpic.cn/mmbiz_png/oq1PymRl9D41ldpkKsHFxPsWA8NraVlqeJiaP0fS47tKMEfRW8jDbXrvVPtn59w2Cd8mibicTRIgm44APw3F93kdw/640?wx_fmt=png|https://mmbiz.qpic.cn/mmbiz_png/oq1PymRl9D41ldpkKsHFxPsWA8NraVlqq3OtPiatRbiafK3kMYmas2UF5B6wiam8hZ1NAOGZzc91gVQJ8ib1mGNcGw/640?wx_fmt=png|https://mmbiz.qpic.cn/mmbiz_png/oq1PymRl9D41ldpkKsHFxPsWA8NraVlqdB5fiaztdkab9ZEUZA9tbXu02vIp3qKIeialv3meZcL5diah9Kpr7oXHQ/640?wx_fmt=png|https://mmbiz.qpic.cn/mmbiz_png/oq1PymRl9D41ldpkKsHFxPsWA8NraVlqXQ3QjEo0WCAT1GS0ic2lFGqgTqKSCOwMAjskicJeIZKicTW3Oulic6qqGw/640?wx_fmt=png|https://mmbiz.qpic.cn/mmbiz_png/oq1PymRl9D70JJYL9ibnIRePib6sehKnstm0S8D9bnqGiapYNkfoMuqKicw0IcZDfF9qiaEPlGB6CapmFvSJEfOpulg/640?wx_fmt=png|https://mmbiz.qpic.cn/mmbiz_png/oq1PymRl9D70JJYL9ibnIRePib6sehKnstXx5e36mhc9lexGxibTV64l2WajxFbVRfqOZSyanzibewhpzAEibsB437A/640?wx_fmt=png|https://mmbiz.qpic.cn/mmbiz_png/oq1PymRl9D70JJYL9ibnIRePib6sehKnsthOdeC43DwXnuTNxpyjFFQibU62LUY3rdhPwicmv7W8PqfWb89earFIVg/640?wx_fmt=png|https://mmbiz.qpic.cn/mmbiz_png/oq1PymRl9D70JJYL9ibnIRePib6sehKnst9lPqJoIxs7lZLnn1mHJs5Bgl2MCiatO7gT3jibx92WN5dLkaiaI6jv7oA/640?wx_fmt=png|https://mmbiz.qpic.cn/mmbiz_png/oq1PymRl9D70JJYL9ibnIRePib6sehKnstdpNqqFwyHtGMAgnXGmP98ic96T4EFMJMdZpBiaOtndSicLulOibr7bu2Og/640?wx_fmt=png|https://mmbiz.qpic.cn/mmbiz_png/oq1PymRl9D70JJYL9ibnIRePib6sehKnstKvFic0L7OJ0Jic0QxB89tgvczQlFM2VALdpNsQsABUbfeyUMehqyPBtQ/640?wx_fmt=png|https://mmbiz.qpic.cn/mmbiz_png/oq1PymRl9D70JJYL9ibnIRePib6sehKnst00OtltfZ8eXQ4Zo3V3Ssfntv8t4pibfS0ocM2kcG6fjaeVvGcbcAZzA/640?wx_fmt=png|https://mmbiz.qpic.cn/mmbiz_jpg/oq1PymRl9D70JJYL9ibnIRePib6sehKnsts0LRHRmbZ4nuWuUibvoTicVk1Xnia4Mt6HvzAmsOpaevHTzppTlsUfRibw/640?wx_fmt=jpeg|https://mmbiz.qpic.cn/mmbiz_png/oq1PymRl9D70JJYL9ibnIRePib6sehKnstlQFKNrARYZpvt0muAZuURgH2oibTLRQYIKug8HicOgDuL4eyLdY4q28A/640?wx_fmt=png]]></image>
</data>
