<data>
  <id><![CDATA[67693167]]></id>
  <url><![CDATA[https://mp.weixin.qq.com/s?timestamp=1542262460&src=3&ver=1&signature=to5HIXOGi6yHsX-LCacvWQQBCYle-C3oScKwiEfEYYldeGnMCYeq7KDHXa5LvOuAtgD*z1pf9MneLdnyAIB0i6hfR8ALQ751ehMp3vhYnTLE4zhAW0QDlhHOqY1bjExuEZQjfKCvSK2hYr9gXENURERCTqpm6V-eX5A4CHkB-zc=]]></url>
  <title><![CDATA[津南区召开“大讨论”活动领导小组办公室工作会议]]></title>
  <content><![CDATA[10月26日下午，区委常委、区委统战部部长、区委“大讨论”活动领导小组办公室主任郭建华同志主持召开领导小组办公室工作会议，深入学习贯彻全区誓师大会、有关镇现场会精神和刘惠书记讲话要求，分析研判“大讨论”活动学习研讨情况，研究推动“大讨论”活动收官总结工作，确保“大讨论”活动取得实在效果，活动成果能得到实在运用，充分发挥作用。办公室综合组、督查组、宣传组分别汇报了有关工作情况，并提出了意见建议。会议指出，“大讨论”活动开展一个半月以来，在区委的坚强领导下，区领导同志率先垂范，全区各镇街、各部门、各单位认真贯彻落实区委、区政府部署要求，真重视、真学习、真研讨，人民群众广泛参与，党员干部深受教育。从媒体宣传、督查督导、明察暗访、有关镇现场会等方面反映的情况看，“大讨论”活动有声势、有影响、有收获，社会认可度较高，取得了阶段性成果。“大讨论”活动领导小组办公室的同志工作认真负责，有激情、敢担当，为服务推动“大讨论”活动广泛深入开展发挥了应有作用。会议强调，“大讨论”活动经过动员学习、深入研讨后，现在正逐步进入总结提升阶段，这既是冲刺阶段、收官阶段，更是收获阶段。这个阶段的工作如何，对整个“大讨论”活动的成效具有决定性影响。各镇街、各部门、各单位一定要坚持敬终如始、善始善终，“一把手”始终紧紧抓在手上，进一步提振精神、鼓舞士气、一鼓作气继续深化研讨，更广泛更深入听取意见建议，努力实现圆满收官。要拿出专门时间，调配专门力量，把“大讨论”活动开展以来的情况、做法、成效全面梳理好、总结好、提炼好，思想认识的提高要体现在担当作为和现实表现中，党员干部群众的意见建议要转化为推动实际工作的有效举措，具有长期指导意义的经验做法要以制度的形式固定下。总之，要全面总结好“大讨论”活动的认识成果、实际成果、制度成果，为抢抓重大历史发展机遇、走出津南绿色高质量发展之路提供有力思想保障、工作保障、制度保障。会议要求，“大讨论”活动办公室全体同志要坚持连续作战、持续给力，以决战决胜姿态，把各项工作进一步做细做深做实。督查工作要继续坚持严、实、硬的要求，对有差距和不足的要指名道姓指出，学习不深入、研讨不到位的要提出明确的“补课”要求，同时要注重指导推动收官总结工作。宣传工作要更加注重壮大声势、扩大影响，努力营造“冲刺”氛围。综合组要全面系统梳理全区“大讨论”活动情况，精心准备全区“大讨论”活动总结。来源：大讨论活动领导小组办公室]]></content>
  <author><![CDATA[津南区卫生和计划生育委员会]]></author>
  <time>2018-10-30 08:47:35</time>
  <account><![CDATA[gh_66263a2ec157]]></account>
  <image><![CDATA[https://mmbiz.qpic.cn/mmbiz_jpg/7vQm8pLFv78LrYNalaicBa6x8ibXcNsUhUO2aHf2N7Xt09gXOG1ctKgHODJfWTh3tDhORwfiaEAyiaKc0v6AqRMsJw/640?wx_fmt=jpeg]]></image>
</data>
