<data>
  <id><![CDATA[67693167]]></id>
  <url><![CDATA[https://mp.weixin.qq.com/s?timestamp=1542262460&src=3&ver=1&signature=to5HIXOGi6yHsX-LCacvWQQBCYle-C3oScKwiEfEYYldeGnMCYeq7KDHXa5LvOuAtgD*z1pf9MneLdnyAIB0i5SEVIhEEJ6p6gbyg9cugVbFfbtfmFsEadoEZChxJ-vFuER0JXFEp1I48xXw0k*ijRJV4a9opcOUwX2Xp-d75ec=]]></url>
  <title><![CDATA[津南入选最佳生态旅游目的地丨CNT2018《中国国家旅游》年度榜单正式公布]]></title>
  <content><![CDATA[CNT重磅发布，2018《中国国家旅游》年度榜单于今日正式公布。亲爱的各位网友，经过一个多月激烈的线上投票和严格的专家评审，2018《中国国家旅游》年度榜单震撼揭晓！感谢大家给予我们的持续关注和支持！获奖名单如下：1．2018《中国国家旅游》年度“至所未致”奖夏伯渝花雕刘丹2．2018年度《中国国家旅游》旅游风云人物奖魏小安3．2018年度《中国国家旅游》特别贡献奖马学杰梅向荣陈小兵4．2018年度《中国国家旅游》最佳读者贡献奖刘宝君王坤洪鸿添5．2018年度《中国国家旅游》最佳优质旅游城市上海市贵阳市昆明市徐州市6．2018年度《中国国家旅游》最佳全域旅游目的地山西省大同市吉林省吉林市四川省巴中市河北省廊坊市贵州省安顺市甘肃省平凉市江苏省兴化市天津市和平区贵州省水城县河北省大厂回族自治县河南省西峡县江西省龙虎山旅游景区7．2018年度《中国国家旅游》最佳生态旅游目的地四川省阆中市江西省上饶市天津市津南区天津市东丽区陕西省佛坪熊猫谷新疆图木舒克生态旅游区宁夏沙湖生态旅游区江苏盱眙天泉湖度假区8．2018年度《中国国家旅游》最佳文化旅游目的地陕西省西安市河南省商丘市山西省晋城市北京市通州区9．2018年度《中国国家旅游》最佳休闲旅游目的地上海市静安区四川省洪雅县江西省资溪县河北省香河县宁夏沙坡头旅游景区10．2018年度《中国国家旅游》最佳旅游创新营销目的地青海省广西壮族自治区吉林省11．2018年度《中国国家旅游》乡村振兴旅游目的地四川省青川县河南省商丘市梁园区上海市书院镇上海乐百年康旅小镇江苏省高党村江西省婺源县瑶湾12．2018年度《中国国家旅游》最受读者喜爱的古镇乌镇七宝古镇大阳古镇台儿庄古城杨柳青古镇13．2018年度《中国国家旅游》最受读者喜爱的主题公园上海欢乐谷海昌极地海洋公园14．2018年度《中国国家旅游》最受欢迎旅游节目《魅力中国城》《妻子的浪漫旅行》《慢游全世界》《城市探鲜队》15．2018年度《中国国家旅游》最佳文旅活动品牌荟悦野津武荣耀天津旅游嘉年华古道马拉松16．2018年度《中国国家旅游》特色酒店品牌最佳文化体验酒店：上海建业里嘉佩乐上海英迪格酒店最佳特色主题酒店：上海崇明漫心森林度假酒店北京方恒假日酒店三亚太阳湾柏悦酒店天津万丽泰达酒店云南滇池温泉花园国际大酒店安吉银润锦江城堡酒店璞富腾酒店及度假村蕃域文旅集团17．2018年度《中国国家旅游》最佳特色民宿品牌花间堂花筑大顺店18．2018年度《中国国家旅游》最佳航空服务品牌海南航空卡塔尔航空19．2018年度《中国国家旅游》最佳旅游服务品牌北京海坤新旅度假资产管理有限公司凯撒同盛旅行社（集团）有限公司智鹊网中国媒体旅游记者联盟北京博睿创新文化发展有限公司20．2018年度《中国国家旅游》最佳工业旅游品牌杭州味全食品有限公司景德镇三宝国际瓷谷21．2018年度《中国国家旅游》最佳旅游互联网服务品牌亿点连接知宿考拉签证VPhoto旅游圈22．2018年度《中国国家旅游》最受读者喜爱的旅游商品insta360全景相机正典燕窝玄圃石斛有道翻译机護眞堂高丽参23．2018年度《中国国家旅游》最佳智慧旅游服务机构中国电信百度地图中智游集团24．2018年度《中国国家旅游》最佳文化旅游创新机构张宇雕塑馆北京冠腾文化传媒有限公司北京凯弘德信息咨询有限公司中关村智慧旅游创新协会上海浦旅旅游发展有限公司上海迪望旅游文化股份有限公司苏州同程文化旅游发展有限公司苏州露西花园森林文化交流有限公司微众（廊坊）文化传媒有限公司东华众承（横琴）科技发展有限公司来源：中国国家旅游杂志]]></content>
  <author><![CDATA[津南区卫生和计划生育委员会]]></author>
  <time>2018-11-12 16:31:12</time>
  <account><![CDATA[gh_66263a2ec157]]></account>
  <image><![CDATA[https://mmbiz.qpic.cn/mmbiz_png/JfWYhvCkFpKry4IibCavq8xxic43ZWFgLrscfcQdrCR4Mu0Z25p9pf95exhpib9lWXwz41iaIuVhCoeB3uXickzIuEg/640?wx_fmt=png]]></image>
</data>
