<data>
  <id><![CDATA[67693167]]></id>
  <url><![CDATA[https://mp.weixin.qq.com/s?timestamp=1542262460&src=3&ver=1&signature=to5HIXOGi6yHsX-LCacvWQQBCYle-C3oScKwiEfEYYldeGnMCYeq7KDHXa5LvOuAtgD*z1pf9MneLdnyAIB0i5SEVIhEEJ6p6gbyg9cugVYSMB6Fa8DfekZirTsk-hhdTBLDaocvjg4lspxySUWfiH81fgff8yNxy-JdRDdZxhY=]]></url>
  <title><![CDATA[创城八大提升工程之八：重点区域综合提升]]></title>
  <content><![CDATA[提升工程八重点区域综合提升天津市文明城区创建项目。落实《天津市创建文明城市工作方案》和《天津市全域创建文明城市三年行动计划（2018-2020年）》。吃透、弄懂、弄通文明城区测评体系，实施“一把手负责制”，将文明城区创建工作纳入区委区政府整体规划，建立工作台账，销号管理。围绕社会关注、百姓关心、市民群众反映强烈的突出问题，重点在“做”上下功夫，每年推出不少于10项创文惠民项目。实施自查督查，区文明办牵头联合督查组，定期开展督导检查，以督查促提升。开展学习培训，推动上门服务，强化宣传引导，扩大影响力覆盖面。建立健全机制体制，对先进典型给予奖励鼓励，对工作推动不力、进展缓慢、敷衍塞责、不作为慢作为乱作为的严肃问责。力争到2020年达到天津市文明城区水平。来源：天津日报·津南时讯]]></content>
  <author><![CDATA[津南区卫生和计划生育委员会]]></author>
  <time>2018-11-12 16:31:12</time>
  <account><![CDATA[gh_66263a2ec157]]></account>
  <image><![CDATA[https://mmbiz.qpic.cn/mmbiz_jpg/7vQm8pLFv78yQLmmibb118oPgkib4Tjmz1NfibJQnR51M4cxIgosjSRpgbsJPVBJgSicMPzSzgeNAypBJa0nTBfQ3w/640?wx_fmt=jpeg]]></image>
</data>
