<data>
  <id><![CDATA[67693167]]></id>
  <url><![CDATA[https://mp.weixin.qq.com/s?timestamp=1542262460&src=3&ver=1&signature=to5HIXOGi6yHsX-LCacvWQQBCYle-C3oScKwiEfEYYldeGnMCYeq7KDHXa5LvOuAtgD*z1pf9MneLdnyAIB0i9FlldRQTmQTrzNHDhyd0a0uyU7qF8hLGyA0cf0L5*SNhaXu1AqhnR55ItuH7iqJoSpLyXG*ORCLhsT7RjqFiAw=]]></url>
  <title><![CDATA[天津市津南区社区健康大讲堂圆满收官]]></title>
  <content><![CDATA[2018年10月18日下午，天津市津南区疾病预防控制中心在八里台镇镇政府开展了本年度第八场健康大讲堂活动。此次讲座的主题是《老年与骨质疏松症》，共有115名社区居民前来听课。骨质疏松常见于老年人，但是各年龄段均可发病。当今社会各年龄段人群都存在运动和日晒不足的情况，骨质疏松很难避免。这次我们请到的授课专家是天津医科大学总医院内分泌代谢科高志红主任。高主任从骨质疏松的概念、分类到危害、诊断及治疗，用通俗的话语，将复杂、深奥的医学概念化繁为简，讲授给社区听众。讲座后，八里台镇卫生院的工作人员给大家发放了大讲堂的小礼品。还有多名听众找高主任做进一步咨询。此次大讲堂也是本年度最后一场社区大讲堂活动，得到了八里台镇政府、八里台镇卫生院的大力支持，得到了社区居民的一致好评，活动圆满成功！津南区2018年度社区健康大讲堂活动圆满收官。（区疾控中心供稿）]]></content>
  <author><![CDATA[津南区卫生和计划生育委员会]]></author>
  <time>2018-10-19 17:24:27</time>
  <account><![CDATA[gh_66263a2ec157]]></account>
  <image><![CDATA[https://mmbiz.qpic.cn/mmbiz_png/3oFZOXqhddmNxB1ChFs8eFSZbDsC7ZxZhfv1KRkCplYJ7XEKKvcoHxvtZq144SHFamhZ6BB92XNXhsTlztOgvg/640?wx_fmt=png|https://mmbiz.qpic.cn/mmbiz_png/3oFZOXqhddmNxB1ChFs8eFSZbDsC7ZxZNftVF6VBU7tfibyzhQ0Mm2ibK8PicCvJqO1ibtMYWmzY9LwNDoNVVqg1dg/640?wx_fmt=png]]></image>
</data>
