<data>
  <id><![CDATA[67693167]]></id>
  <url><![CDATA[https://mp.weixin.qq.com/s?timestamp=1542262460&src=3&ver=1&signature=to5HIXOGi6yHsX-LCacvWQQBCYle-C3oScKwiEfEYYldeGnMCYeq7KDHXa5LvOuAtgD*z1pf9MneLdnyAIB0i6hfR8ALQ751ehMp3vhYnTKDn2DT7fH0*HvS-1gNATjC-zg2v5huCmHS4X6PNQG*zsZ1kpmZwP1imEEZPz6U1ms=]]></url>
  <title><![CDATA[更正说明]]></title>
  <content><![CDATA[（委医政科供稿）]]></content>
  <author><![CDATA[津南区卫生和计划生育委员会]]></author>
  <time>2018-10-30 08:47:35</time>
  <account><![CDATA[gh_66263a2ec157]]></account>
  <image><![CDATA[https://mmbiz.qpic.cn/mmbiz_png/3oFZOXqhddlibHK61VPw1RpVlp6U4sH9iceuS66SC1WfcibPGfHdSQW0grBOSjYflRbW3Uz6Ldv9hcUxTn9RTGfxA/640?wx_fmt=png]]></image>
</data>
