<data>
  <id><![CDATA[67693167]]></id>
  <url><![CDATA[https://mp.weixin.qq.com/s?timestamp=1542262460&src=3&ver=1&signature=to5HIXOGi6yHsX-LCacvWQQBCYle-C3oScKwiEfEYYldeGnMCYeq7KDHXa5LvOuAtgD*z1pf9MneLdnyAIB0i3wzX5OzWAOgOX4UM7c22NytFD1oIfRBoIkb8OVpmP0IIvw8Ng3k*w5iXhaC7QEwDTjl*gpJcWWVcWRt7xbO3S4=]]></url>
  <title><![CDATA[【文明创城】我为高质量发展献计出力]]></title>
  <content><![CDATA[“文明交通 你我同行”津南区开展2018年志愿服务培训会，进一步强化文明交通志愿服务的规范性，切实发挥文明交通志愿者劝导作用。培训会上，交警津南支队负责同志为在座的志愿者们进行了交通安全专题辅导，普及相关知识，并对文明交通志愿者执勤技能进行了培训。主讲人结合生活中的交通违规案例，分析讲解了当前津南区的交通环境和交通法规，用血的事实展示了违反交通规则带来的种种危害，要求在座的每一位志愿者丰富交通安全知识，增强防范意识，做交通规则的遵守者和文明精神的宣传者。葛沽镇葛沽镇举行“高质量发展我献计 绿色葛沽我代言”主题宣传活动，镇农经委、宣传办、村居文化站、志愿服务队等百余人参加了活动。在葛龙湾公园广场，开场舞《水墨心韵》拉开了宣传活动的序幕，观众们沉浸在如诗如画的水乡风情舞蹈中，感受着节目传递的生态理念与和谐幸福。随后，绿色志愿者代表走上台前，发出庄严倡议：“让我们携起手，做绿色环境的创造维护者、做绿色人文的倡导施行者、做绿色产业的推动助力者、做‘海晏河清、山清水秀’政治生态的营造践行者！”全场响起阵阵掌声。八里台镇八里台镇集中治理非法卫星地面接收设施。镇文化站、执法队、社区办、物业办多部门联合对卫星电视接收设施的买卖、安装和使用情况进行拉网式排查，逐户分析，制定拆除方案，向安装使用的住户讲解相关的法律知识，聘请专业人员对八里坊社区、新春社区、碧桂园社区、团洼村安装的非法卫星地面接收设施进行拆除。截至目前，共拆除非法卫星地面接收设施230个。双港镇双港镇举办第二届“绿色环保，促双创”主题周末跳蚤市场活动。活动现场，人头攒动，热闹非凡，居民们纷纷拿出了准备已久的二手物品，有看过的书籍、多余的文具、八成新的生活用品等等。据不完全统计此次活动商品成交量高达100余单，潜移默化之中使居民领悟到了绿色的环保生活就在身边。活动现场还设置了创城、创卫宣传台，工作人员向来往居民发放《创城宣传册》及创城创卫宣传品等共计50余份。活动拉近了居民之间的距离，让家长和孩子一起在文明城区的创建过程中树立低碳环保的生活理念。咸水沽镇咸水沽镇开展了“绿色生活在我家”垃圾分类宣传活动。活动中，由社区工作人员及志愿者们组织发放了垃圾箱、环保手袋以及宣传材料登环保物品，积极倡导广大居民践行绿色理念，低碳环保，继续加强垃圾分类等环保知识的宣传工作，使居民充分认识到垃圾分类的重要性，提高居民环保低碳意识，从我做起。来源：津南区新闻中心]]></content>
  <author><![CDATA[津南区卫生和计划生育委员会]]></author>
  <time>2018-11-07 17:40:08</time>
  <account><![CDATA[gh_66263a2ec157]]></account>
  <image><![CDATA[https://mmbiz.qpic.cn/mmbiz_jpg/7vQm8pLFv7iccicyCtGrEZwL9FcKb6bmHcjDCGzLwAkicxnvQUOtgnhge1cKuibajbu4oqriaT5z748XZuKb27JibaVg/640?wx_fmt=jpeg|https://mmbiz.qpic.cn/mmbiz_jpg/7vQm8pLFv7iccicyCtGrEZwL9FcKb6bmHcL3jlNu4b3cjM6pOQy9Jr1iaib9u4DWYxeLlxLAbzibmiaicibicXI4jwhD4Hg/640?wx_fmt=jpeg|https://mmbiz.qpic.cn/mmbiz_jpg/7vQm8pLFv7iccicyCtGrEZwL9FcKb6bmHczQeblsFU42tS5k1XgDGKXXIUaSLicUwHCPibzRJbcGbAo5SBfIZpfH5g/640?wx_fmt=jpeg|https://mmbiz.qpic.cn/mmbiz_jpg/7vQm8pLFv7iccicyCtGrEZwL9FcKb6bmHcTtkkP5vXQXXzftLu2t369Sx3dIprWL31yaVsJc0YPR8dAMgZ2iapSnQ/640?wx_fmt=jpeg|https://mmbiz.qpic.cn/mmbiz_jpg/7vQm8pLFv7iccicyCtGrEZwL9FcKb6bmHcSkhC16YgUvquO6ia66icBM8vOz8NV3OQiaibl31x4PAce1tcX616d7bZtQ/640?wx_fmt=jpeg]]></image>
</data>
