<data>
  <id><![CDATA[67693167]]></id>
  <url><![CDATA[https://mp.weixin.qq.com/s?timestamp=1542262460&src=3&ver=1&signature=to5HIXOGi6yHsX-LCacvWQQBCYle-C3oScKwiEfEYYldeGnMCYeq7KDHXa5LvOuAtgD*z1pf9MneLdnyAIB0ixg3kkCRwjUIiSe2rNQeGQF9f*gQtNew5gx*y9hH6D0MF4Ob8pOi6gvz9iRhd*4zGpBRPwSpyCYYh*GKLcTwPvQ=]]></url>
  <title><![CDATA[津南区组织开展“食品安全与学生健康”学校健康大讲堂活动]]></title>
  <content><![CDATA[2018年10月24日中午，津南区疾病预防控制中心在咸水沽第二中学报告厅开展了2018年度第一场学校健康大讲堂活动。本次大讲堂邀请到天津医科大学副教授王宝亭老师，讲授食品安全与学生健康相关内容。咸二中初二年级全体学生283人到场听课。讲座中王老师针对咸水沽二中校方对食品安全知识的需求，从食品的选购、保存、食物中毒、饮水卫生和营养膳食几个方面给孩子们进行讲解。中间穿插生活中的小例子、引发学生思考。讲座后，同学们表示很多内容都是第一次听说，获益匪浅，今后会多加注意，安全饮食，健康饮食。本次大讲堂活动，得到了咸水沽二中校方的大力支持，也得到了老师和同学们的欢迎和一致肯定。活动达到预期效果。（区及疾病预防控制中心供稿）]]></content>
  <author><![CDATA[津南区卫生和计划生育委员会]]></author>
  <time>2018-10-26 13:25:18</time>
  <account><![CDATA[gh_66263a2ec157]]></account>
  <image><![CDATA[https://mmbiz.qpic.cn/mmbiz_png/3oFZOXqhddlzagXsUa7gxT8MXmeibcnnctLcWU0lP1E5E702GABW30PUcL8f7z5qfZpe46ojpMdWAppc9RInB5g/640?wx_fmt=png|https://mmbiz.qpic.cn/mmbiz_png/3oFZOXqhddlzagXsUa7gxT8MXmeibcnncmsXjISteoibJsicDz0IAUHvW4K7SF9DGeWiaic8GyoSKfngXVjicFDt9vSg/640?wx_fmt=png]]></image>
</data>
