<data>
  <id><![CDATA[67693167]]></id>
  <url><![CDATA[https://mp.weixin.qq.com/s?timestamp=1542262460&src=3&ver=1&signature=to5HIXOGi6yHsX-LCacvWQQBCYle-C3oScKwiEfEYYldeGnMCYeq7KDHXa5LvOuAtgD*z1pf9MneLdnyAIB0i143U7wh0s8WkZ5edJNvalhIZJQ0nmLgbtHsoBLEEMk-bv6ya-tBqYEd6ENEhGAwLAubLk9uzd*O3p-K8E8qNhI=]]></url>
  <title><![CDATA[弘扬传统文化共建幸福家园——津南启动传统文化进社区活动]]></title>
  <content><![CDATA[启动仪式上，青少年表演传统文化经典节目 赵子强 摄11月4日，传统文化进社区公益活动启动仪式在咸水沽镇丰达园居委会举行。该活动由天津市传统文化研究会、学国学诵经典活动组委会、咸水沽镇党委、政府共同主办，并得到市民政局大力支持。这也是咸水沽镇建设绿色环境、构建绿色产业、打造绿色人文、营造“海晏河清、山清水秀”政治生态的重要内容。据了解，传统文化进社区活动由传统文化社区宣讲活动、传统文化送“夕阳”、风采社区文化汇演三大项内容组成，将在本市各区选择部分养老院和优秀社区,组织专业传统文化学者为社区老年群体进行传统文化的宣讲、教授，以及由出色的演员、青少年儿童组成的传统文化经典节目为老年群体进行文艺慰问演出，同时还为老年人服务到家开设小课堂，普及生活小妙招、养生常识等生活服务，预计将跨年度组织数十场活动。启动仪式上，来自全市各区的文艺骨干表演了精彩的节目。来源：天津日报·津南时讯]]></content>
  <author><![CDATA[津南区卫生和计划生育委员会]]></author>
  <time>2018-11-13 18:55:54</time>
  <account><![CDATA[gh_66263a2ec157]]></account>
  <image><![CDATA[https://mmbiz.qpic.cn/mmbiz_jpg/7vQm8pLFv78yQLmmibb118oPgkib4Tjmz1TYe9QtxIZ45FQ59mBAIV4cQDv15ibibrbPKSBu59Zp2fKQNUzCjvQyDA/640?wx_fmt=jpeg]]></image>
</data>
