<data>
  <id><![CDATA[50707913]]></id>
  <url><![CDATA[https://mp.weixin.qq.com/s?timestamp=1539596544&src=3&ver=1&signature=Egrj350GoKY8-KUcIJshb*6hRBB*Ma2h7E0HMFuRPBMaebQDTweJj4gB4MXmCrNh*4*4wn0VI006n2UE-HIc4X1SC2e-TbdS5gPtPA7epPyeBLb7BrT*p9L8hdpD*p8XMzX2Uz1SS3UuGVTCfqfIySKUFFQgLURFHrHsb-X4ORU=]]></url>
  <title><![CDATA[一大批标准正在赶来——住建部近期公开征求意见的通知一览]]></title>
  <content><![CDATA[2018年9月21日，住建部一连下发了10项公开征求意见的通知，从市政交通，到建筑技术、材料，再到矿山工程，内容可谓是包罗万象。小编今天就带大家一一对些公开征求意见的通知进行盘点。总的来看，这10项公开征求意见的通知包括了6项国家标准和4项行业标准。其中，6项国家标准分别为：《纤维混凝土盾构管片（征求意见稿）》、《城市污水再生利用 城市杂用水水质GB/T18920（修订）》、《绿色建筑评价标准》、《金属矿山土地复垦工程设计标准》、《建筑抗震韧性评价标准（征求意见稿）》、《道路用水性环氧树脂乳化沥青混合料（征求意见稿）》；4项行业标准分别为：《建筑装饰用木质挂板通用技术条件（征求意见稿）》、《养老设施智能化系统技术标准》、《城镇供水管网漏损控制及评定标准》、《城市轨道交通车辆基地工程技术标准》。1、《纤维混凝土盾构管片（征求意见稿）》【国标】本标准按照GB/T 1.1—2009给出的规则起草，由住房和城乡建设部提出，由全国混凝土标准化技术委员会（SAC/TC458）归口，由中国建筑股份有限公司负责起草，对纤维混凝土盾构管片进行了规范性的定义、分类等等。明确了其原材料、制作工艺和要求、技术要求、检验方法和检验规则，并在附录中对其中的一些方法进行了进一步的解释说明。2、《城市污水再生利用 城市杂用水水质GB/T18920（修订）》【国标】本标准是对《城市污水再生利用 城市杂用水水质》（GB/T18920-2002）的第一次修订。与GB/T18920-2002相比，主要技术内容变化如下：a)调整了消防用水的适用范围；b)增加了水质指标项目，基本控制项目由GB/T18921-2002的13项增加至14项，增加大肠埃希氏菌指标；c）增加了选择性控制和跟踪指标，包括氯化物、硫酸盐、挥发性有机物（VOC）；d）调整了部分用水类别的部分水质指标值，包括浊度、BOD5、氨氮、溶解性总固体、总氯、总大肠菌群等；e）调整部分水质指标监测频率和监测分析方法；f）增加对监管部门执行标准的要求，包括“采样与监测”要求第三方对水质的采样监管、“标准的实施与监督”要求政府部门监管并鼓励制定水质达标考核办法和制定企业标准等；g）独立设置“安全利用要求”章，结合新颁布的标识标准强化了相关规定。本标准由中华人民共和国住房和城乡建设部提出,由全国城镇给水排水标准化技术委员会（SAC/TC434）归口。3、《绿色建筑评价标准》【国标】本标准的主要技术内容是：1 总则；2 术语；3 基本规定；4 安全耐久；5 服务便捷；6 健康舒适；7 环境宜居；8 资源节约；9 管理与创新。本标准修订的主要技术内容是：1.重新构建了绿色建筑评价指标体系；2.调整了绿色建筑的评价阶段；3.增加了绿色建筑基本级； 4.拓展了绿色建筑内涵；5. 提高了绿色建筑性能要求。4、《金属矿山土地复垦工程设计标准》【国标】本标准由昆明有色冶金设计研究院股份公司会同有关单位编制完成。本标准由总则、术语、基本规定、土壤重构工程、植被重建工程、配套工程和监测与管护工程共 7 章组成。本标准中为推荐性标准，供设计单位参照执行。本标准由住房和城乡建设部负责管理，中国有色金属工业工程建设标准规范管理处负责日常管理，昆明有色冶金设计研究院股份公司、中国有色工程有限公司负责具体技术内容的解释。5、《建筑抗震韧性评价标准（征求意见稿）》【国标】本标准按照GB/T 1.1-2009列出的标准编制规则起草。本标准由中华人民共和国国家标准化管理委员会（中华人民共和国住房和城乡建设部）提出。本标准批准部门：国家标准化管理委员会本标准由住房和城乡建设部建筑结构标准化技术委员会归口。本标准负责起草单位：清华大学。本标准基于震害现场调研经验，充分利用了建筑结构性能化设计、损伤控制理论、韧性评价方法等工程抗震领域研究成果，制订了给定地震水准下房屋建筑损伤状态、修复费用、修复时间和人员损失的评估方法，规定了房屋建筑抗震韧性的评价方法和分级标准。常见钢筋混凝土或钢结构房屋建筑可依据本标准所提供的房屋建筑抗震韧性评价方法和常规非结构构件易损性数据库开展建筑抗震韧性的评价工作。其它房屋建筑可参照本标准开展建筑抗震韧性的评价工作。本标准附录A提供了建筑抗震韧性评价流程及说明。本标准附录B提供了建立结构弹塑性模型和进行动力弹塑性时程分析的方法。本标准附录C提供了常规钢筋混凝土结构构件、钢结构构件的易损性数据。本标准附录D提供了常规非结构构件的易损性数据。本标准附录E提供了蒙特卡洛模拟的流程及说明。6、《道路用水性环氧树脂乳化沥青混合料（征求意见稿）》【国标】本标准按照GB/T1.1-2009给出的规则起草。本标准由中华人民共和国住房和城乡建设部提出。本标准由全国混凝土标准化技术委员会（SAC/TC458）归口。本标准从术语和定义、材料、要求、检验规则、运输等几个部分对道路用水性环氧树脂乳化沥青混合料进行了详细的规定。7、《建筑装饰用木质挂板通用技术条件（征求意见稿）》【行业标准】本标准按照GB/T 1.1-2009给出的规则起草。本标准由住房和城乡建设部标准定额研究所提出。本标准由住房和城乡建设部建筑制品与构配件标准化技术委员会归口。本标准从术语和定义、分类和标记、要求、试验方法、检验规则、标志、包装、运输和贮存等几个部分对建筑装饰用木质挂板进行了详细的规定。8、《养老设施智能化系统技术标准》【行业标准】根据住房和城乡建设部《关于印发〈2015年工程建设标准规范制订、修订计划〉的通知》（建标[2015]274号）的要求，标准编制组经广泛调查研究，认真总结实践经验，参考有关国内标准和国外先进标准，并在广泛征求意见的基础上，编制了本标准。本标准的主要技术内容是：1 总则；2 术语；3 基本规定；4 系统基本功能；5 居家养老；6 社区养老；7 机构养老；8 施工；9 验收；10 运维；11 检测与评估。本标准由住房和城乡建设部负责管理，由中国电子工程设计院有限公司负责具体技术内容的解释。9、《城镇供水管网漏损控制及评定标准》【行业标准】根据住房和城乡建设部《关于印发<2014年工程建设标准规范制订、修订计划>的通知》（建标[2013]169号）的要求，标准编制组经广泛调查研究，认真总结实践经验，参考国际标准和国外先进标准，并在广泛征求意见的基础上，修订了本标准。本标准的主要技术内容是：1. 总则；2. 术语；3. 基本规定；4. 漏损控制；5. 评定。本标准修订的主要技术内容是：1. 名称改为《城镇供水管网漏损控制及评定标准》；2. 章节设置作了调整，修订了管网漏损的基本概念、评定指标、水量统计、指标计算和评定标准；3. 增加了漏损水量分析、漏水管理、分区管理、压力调控、计量损失和其他损失控制等方面内容；4. 删除了“漏水检测方法”的内容。10、《城市轨道交通车辆基地工程技术标准》【行业标准】根据住房和城乡建设部《关于印发〈2016年工程建设标准规范制订、修订计划〉的通知》（建标[2015]274号）的要求，标准编制组经广泛调查研究，认真总结实践经验，参考有关国际标准和国外先进标准，并在广泛征求意见的基础上，编制了本标准。本标准的主要技术内容是：总则、术语、基本规定、规划选址、功能与规模、总平面布置、运用及检修设施、其他系统、设备安装、工程质量验收、设备运行。本标准由住房和城乡建设部负责管理，由北京新联铁集团股份有限公司负责具体技术内容的解释。来源：建筑前沿觉得不错，请点赞↓↓↓欢迎分享、留言↓↓↓]]></content>
  <author><![CDATA[万事达]]></author>
  <time>2018-09-29 16:37:52</time>
  <account><![CDATA[wiskind01]]></account>
</data>
