<data>
  <id><![CDATA[50707913]]></id>
  <url><![CDATA[https://mp.weixin.qq.com/s?timestamp=1539596544&src=3&ver=1&signature=Egrj350GoKY8-KUcIJshb*6hRBB*Ma2h7E0HMFuRPBMaebQDTweJj4gB4MXmCrNh*4*4wn0VI006n2UE-HIc4U9kZ7uXNLH9hEcQ7tqdUCfm7c2POuRbpcLyBrLFmkSnJhW-5xAPQ19FoigKI*MtBbq9EqOSZBBZ7GtwzcBWBK8=]]></url>
  <title><![CDATA[这个看脸的时代，连厂房也要拼颜值啦～]]></title>
  <content><![CDATA[美丽的事物，总是忍不住多看一眼；也许就是这一眼，原本坚定的心，开始长草。在万事达销售的朋友圈，有这样一组图片：只因为多看了一眼，中核铭际就选中了辉彩。中核泰兴的一期和二期改造项目，全部使用万事达提供的辉彩产品。这个看脸的时代，连厂房也要拼颜值啦～一起来看下这个厂房有多美！辉彩以其质感的外观，立体的触觉，哑光的色彩，没有让中核铭际失望。相信，也不会让大家失望的。长按指纹一键关注]]></content>
  <author><![CDATA[万事达]]></author>
  <time>2018-09-27 15:41:44</time>
  <account><![CDATA[wiskind01]]></account>
</data>
