<data>
  <id><![CDATA[50707913]]></id>
  <url><![CDATA[https://mp.weixin.qq.com/s?timestamp=1539596544&src=3&ver=1&signature=Egrj350GoKY8-KUcIJshb*6hRBB*Ma2h7E0HMFuRPBMaebQDTweJj4gB4MXmCrNh*4*4wn0VI006n2UE-HIc4ffxMUw4g0udIj2y7bDoDAfNQDp52kDHMLZx2P1VakN6OThwQrrUIoCRoSrqfI*7HVhIqaZJdXuiknR7p6DFLig=]]></url>
  <title><![CDATA[今天是你的生日！我在万事达，我为祖国庆生]]></title>
  <content><![CDATA[今天，共和国迎来她69岁华诞。生日快乐，我的国她有960万平方公里的陆地疆土长江黄河，奔流不息三山五岳，巍峨挺立她有1.8万公里绵延的大陆海岸线300万平方公里的管辖海域碧波滚滚，物产丰饶她有悠久的历史和灿烂的文化上下五千年中华文明世代赓续从未间断她有明媚的阳光和清新的山水可爱的精灵在这里繁衍生息人与自然，和谐共生今天，是她的生日我在万事达将千言万语化作一句我爱你，中国！长按指纹一键关注]]></content>
  <author><![CDATA[万事达]]></author>
  <time>2018-10-01 07:19:31</time>
  <account><![CDATA[wiskind01]]></account>
</data>
