<data>
  <id><![CDATA[50707913]]></id>
  <url><![CDATA[https://mp.weixin.qq.com/s?timestamp=1539596544&src=3&ver=1&signature=Egrj350GoKY8-KUcIJshb*6hRBB*Ma2h7E0HMFuRPBMaebQDTweJj4gB4MXmCrNh*4*4wn0VI006n2UE-HIc4U9kZ7uXNLH9hEcQ7tqdUCfhyu9OR1rMnYZv42vN6k2HmmiIXv34b8Ry0GrB0A36HprCGEI5phoTLjccMUV6y5g=]]></url>
  <title><![CDATA[商务部：中国钢铁去产能付出了巨大代价]]></title>
  <content><![CDATA[近日，钢铁产能过剩全球论坛第二次部长级会议在法国巴黎召开。中国商务部部长助理任鸿斌率团与会。各方经过充分沟通、交流和磋商，会议通过了一份相对平衡、客观的部长报告。中方在会上阐明，产能过剩是经济发展中的一个普遍性、周期性、结构性问题。西方发达国家历史上也曾出现过钢铁产能严重过剩的问题。本轮钢铁产能过剩的根本原因是2008年国际金融危机引发的全球经济衰退和钢铁需求下降。中方强调，中国是论坛成员中唯一采取切实措施去产能的国家。2016~2017年，中国通过市场化、法治化手段化解钢铁过剩产能约1.2亿吨。两年间，中国重新安置钢铁工人达27.2万人，超过美国、日本和欧盟各自钢铁就业总人数。2018年，中国将继续削减3000万吨粗钢产能。中国钢铁去产能付出了巨大代价，取得了显著成效，也为世界钢铁业复苏做出了重大贡献。目前，中国的粗钢产能利用率已达80%。受益于中国钢铁去产能及全球经济复苏等多种因素，全球钢铁市场也明显改善，钢价持续回升，国际钢材综合价格指数2017年和2018年上半年同比分别上升24.5%和17.0%。中方指出，习近平主席今年4月在博鳌亚洲论坛年会上强调，中国开放的大门不会关闭，只会越开越大。中方强调，论坛某些成员不断采取单边措施和贸易保护主义措施，严重扭曲钢铁市场，严重威胁多边贸易体制，违背论坛“全球挑战，集体应对”的重要原则，破坏了论坛合作基础。中方坚决反对贸易保护主义做法，反对损人不利己的单边措施。中方表示，中国作为论坛重要成员，一直积极参与论坛进程。中方愿意本着“平等自愿，协商一致”的精神，与各方继续加强沟通与合作，落实G20领导人峰会有关共识，按照“全球挑战，集体应对”原则，共同采取实际措施削减过剩产能，促进全球钢铁产业稳步复苏和健康发展。觉得不错，请点赞↓↓↓欢迎分享、留言↓↓↓]]></content>
  <author><![CDATA[万事达]]></author>
  <time>2018-09-27 15:41:44</time>
  <account><![CDATA[wiskind01]]></account>
</data>
