<data>
  <id><![CDATA[50707913]]></id>
  <url><![CDATA[https://mp.weixin.qq.com/s?timestamp=1539596544&src=3&ver=1&signature=Egrj350GoKY8-KUcIJshb*6hRBB*Ma2h7E0HMFuRPBMaebQDTweJj4gB4MXmCrNh*4*4wn0VI006n2UE-HIc4QnvnwqI04itQxXstwC1sXy4wnc5Z-IfeyvSXk9XQ75Fvwqs9SNHW4iP4bbjLMNbPGeZGTsGlX6xUPPkV-YKRHQ=]]></url>
  <title><![CDATA[大假之后的几天，据说是这样的......]]></title>
  <content><![CDATA[wuli国庆小长假已经结束了假期走的太快就像龙卷风但是我还不想相信这是真的我爱我的祖国！我想天天给亲爱的祖国过生日!小编不得不告诉你们一个惨痛的现实该！上！班！了!“一睁一闭”七天长假就这么过去了内心承受着难以言喻的痛苦该来的总归来了各位朋友们，国庆七天玩得开心吗又开始上班了吧！又要早起去公司打卡了吧！又要每天挤公交挤了吧！节后上班第一天，能开心的起来才怪啊节后上班第一天，你是不是这样?不想起床型床啊!你放开我~我可是个有工作的人！无心工作型人在电脑前心还在床上心不在焉型等等…刚刚老板讲了什么好像没有听到呢…今天上班路上是这样的今天上班是这样的今天开会是这样的今天吃饭是这样的今天回家是这样的总结一下，今天的我们心情是这样的娱乐疲劳长时间上网、打游戏、看电视，极大地增加了眼睛和大脑的负担，导致眼睛红肿、全身酸痛、头重脚轻。旅游疲劳在风光优美、风土人情迥然不同的异地度过长假。但若行程安排过紧，旅途劳累，则又会带来不适。主要表现为全身燥热、口干舌苦、食欲不振等。美味疲劳放假期间，人们欢聚宴饮，多吃鸡鸭鱼肉，少吃蔬菜。营养吸收不均衡导致美味疲劳。失落厌倦，恐惧上班过节整个人都闲了下来，一旦彻底放松，生活规律就被打破，于是造成心理和生理的种种不适，产生失落厌倦和恐惧感。那么如何才能摆脱假期综合症呢这有小妙招补充睡眠睡前注意不要让大脑过度兴奋，会影响睡眠。可以播放些稍稍安静的音乐，或者喝一杯热牛奶助眠。调整状态上班前夕不要去参加一些让大脑高度兴奋的聚会。稍作运动可以适当在室内做一些小动作的伸展运动。多出一些汗，胃口也会慢慢恢复到之前的状态。放松阅读尝试进行一些阅读。可以是未读完的一本小说，或者感兴趣的杂志。阅读可以让人静下来，逐渐恢复到思考的状态。制定计划！To do List！假期结束，回到工作状态可能会有些手忙脚乱。你只需要制定一个清单，把接下来要面对的事情列举出来，按优先登记排序，这样才能心里踏实，处事从容。觉得不错，请点赞↓↓↓欢迎分享、留言↓↓↓]]></content>
  <author><![CDATA[万事达]]></author>
  <time>2018-10-08 16:34:37</time>
  <account><![CDATA[wiskind01]]></account>
</data>
