<data>
  <id><![CDATA[50707913]]></id>
  <url><![CDATA[https://mp.weixin.qq.com/s?timestamp=1539596544&src=3&ver=1&signature=Egrj350GoKY8-KUcIJshb*6hRBB*Ma2h7E0HMFuRPBMaebQDTweJj4gB4MXmCrNh*4*4wn0VI006n2UE-HIc4X1SC2e-TbdS5gPtPA7epPzO-mY3d5L-vknZ6V1riNWNHIIjsoV*70qEApm4x3fPDodChsofYdIaAifNRajKmF4=]]></url>
  <title><![CDATA[每个人都有属于自己的精彩，永远不要羡慕别人的生活!]]></title>
  <content><![CDATA[每个人都有属于自己的精彩，永远不要羡慕别人的生活，过好自己的生活，就是最大的精彩。01你永远不知道在别人嘴中的你会有多少版本，也不会知道别人为了维护自己而说过什么去诋毁你，更无法阻止那些不切实际的闲话。而你能做的就是置之不理，更没必要去解释澄清，懂你的人永远相信你。我最喜欢的一句话：如果你没瞎，就别从别人嘴里认识我！02做人最好状态是懂得尊重，不管他人闲事，不晒自己优越，也不秀恩爱。你越成长越懂得内敛自持，这世界并非你一人存在。做人静默，不说人坏话，做好自己即可。不求深刻，只求简单。你活着不是只为讨他人喜欢，也不是为了炫耀你拥有的，没人在乎，更多人在看笑话。你变得优秀，你身边的环境也会优化。03从今天开始，帮自己一个忙，不再承受身外的目光，不必在意他人的评价，为自己活着。从今天开始，帮自己一个忙，做喜欢的事情，爱最亲近的人，想笑就大笑，想哭就痛哭，不再束缚情感的空间，让自己活得轻松些。04很多你觉得天大的事情，当你急切地向别人倾诉时，在别人眼中也是个小事，他最多不痛不痒呵呵地应和着。因为他不是你，他无法感知你那种激烈的情绪。直到有一天，你觉得无需再向别人提起，你就已经挽救了你自己。这世界上除了你自己，没谁可以真正帮到你。05我们总是带着面具走进爱情的，总想展示自己最优越的一面。你要接受一个人，不只是接受他的优越，而是看清了他的平凡普通却仍然去深爱。事实经常是：我们走着走着，就感觉对方变了，其实我们并没有变，我们只是走进对方最真实的地方，然后迷失了自己。06我捧你，你就是杯子，我放手，你就是玻璃渣子。无论是恋人还是朋友，珍惜在你每一次难过、伤心时都陪伴在你身边的人。珍惜经常和你开玩笑的人，说明你在这个人的心中肯定有一定的分量。 珍惜在你心情不好时第一个发现的人。07今天再大的事，到了明天就是小事；今年再大的事，到了明年就是故事；今生再大的事，到了来世就是传说。人生如行路，一路艰辛，一路风景。你目光所及，就是你的人生境界。总是看到比自己优秀的人，说明你正在走上坡路；总是看到不如自己的人，说明你正在走下坡路。与其埋怨，不如思变。08归零是一种积极的心态。所有的成败相对于前一秒都是一种过去。过去能支撑未来，却代替不了明天。学会归零，是一种积极面向未来的意识。把每一天的醒来都看作是一种新生，以婴儿学步的态度，认真用好睡眠以前的时刻。归零，让坏的不影响未来，让好的不迷惑现在。09总有一天，你会与那个对的人不期而遇：所谓的幸福，从来都是水到渠成的。它无法预估，更没有办法计算，唯一能做得是：在遇见之前保持相信，在相遇之后寂静享用。宁可怀着有所期待的心等待下去，也不愿去对岁月妥协，因为相信幸福也许会迟到，但不会缺席。10哭的时候没人哄，我学会了坚强；怕的时候没人陪，我学会了勇敢；烦的时候没人问，我学会了承受；累的时候没人可以依靠，我学会了自立。就这样我找到了自己，原来我很优秀，更可贵的是，世界上，我只有一个，只有一个我！觉得不错，请点赞↓↓↓欢迎分享、留言↓↓↓]]></content>
  <author><![CDATA[万事达]]></author>
  <time>2018-09-29 16:37:52</time>
  <account><![CDATA[wiskind01]]></account>
</data>
