<data>
  <id><![CDATA[50707913]]></id>
  <url><![CDATA[https://mp.weixin.qq.com/s?timestamp=1539596544&src=3&ver=1&signature=Egrj350GoKY8-KUcIJshb*6hRBB*Ma2h7E0HMFuRPBMaebQDTweJj4gB4MXmCrNh*4*4wn0VI006n2UE-HIc4Z6kpxLAUE6DjUYrd*UwcxnqDECy6mQwCtW9msZUhzPwxj7gdOX5fq00ZCAXE5rHDnW8rNAOqc0s*veksFI5rjA=]]></url>
  <title><![CDATA[唯美食与心情不可辜负！我们的专题会又双叒来啦~]]></title>
  <content><![CDATA[近日，万事达控股总务部根据部门计划部署完成了第三季度的餐厅卓越运营服务专题会，于学田董事、益希智总监参与指导与分享。让我们一起来目睹一下为了更好给大家提供美味的食物和卓越的服务，大家是怎样使出十八般武艺滴。三餐口味！搭配！剩余量！三餐餐评！为了提升三餐的菜品质量，总务部发动餐厅全部工作人员，早晚餐排班，午餐锁定固定的内勤和厨师服务，每餐进行点评。分享让质量与服务变得更加超值与美好在本次专题会上，大家踊跃发言，积极分享自己在工作中的感悟与体会。••••••••••••▶ 刘姐：我让儿子教我的几个英语单词，用在了接待外国客户上，我能听出他想要的是红酒或啤酒、辣或咸、卫生间等。大家可以试着认识几个单词。▶ 王姐：***说我服务的很热情……••••••••••••服务用经营的心态提供给你温暖的感受总务部为员工们提供可口美味菜品的同时，唯愿大家感受菜品质量之外的满意，感受到劳累几小时后的那一丝放松、舒适与温暖。为此，总务部组织餐厅内勤和厨师分批次外出学习，感受其他经营商家哪些服务或是举动会让人感受到温暖，我们是否同样可以提供给我们的员工，或是怎么改良成我们合适的服务方式。益希智总监总结道，卓越的服务不光是你能做出好的菜品、你能正确地把饭菜出售给大家，更重要的是你用经营的心态，怀有一颗有爱的心，真正把职工的满意当成一个度量尺，让你手中的工作变得更有意义。长按指纹一键关注]]></content>
  <author><![CDATA[万事达]]></author>
  <time>2018-10-09 16:30:01</time>
  <account><![CDATA[wiskind01]]></account>
</data>
