<data>
  <id><![CDATA[50707913]]></id>
  <url><![CDATA[https://mp.weixin.qq.com/s?timestamp=1539596544&src=3&ver=1&signature=Egrj350GoKY8-KUcIJshb*6hRBB*Ma2h7E0HMFuRPBMaebQDTweJj4gB4MXmCrNh*4*4wn0VI006n2UE-HIc4QnvnwqI04itQxXstwC1sXyNYIhW5RHtno7ZS9jY3nPU6aFdv8122HYOTq1Kvr8J*SQ3Zsqm1gIwzIiQu7U2ZHw=]]></url>
  <title><![CDATA[招聘｜给个机会，我们一起共事可好？]]></title>
  <content><![CDATA[再好的剧本也需要主角来演绎再好的工作也需要合适人选来胜任我们愿意制造一个这样的机会我们也愿意提供这样的一个开端你想和我们一起共事吗？如果想那就来报名吧！万事达招聘岗位职能类1、 会计：2名财务类相关专业，年龄30周岁以下；2、 采购储备：1名专业不限，男士，应届毕业生优先；3、 质检专员：1名35周岁以下，有相关工作经验者优先。销售类1、钢构销售代表：3名建筑、机械类相关专业，有工作经验者优先；2、洁净销售代表：5名男，工商管理、市场营销类相关专业，年龄33岁以下，有销售相关工作经验者优先；3、销售代表：3名性别不限，35周岁以下，有箱房销售工作经验者优先，可接受应届毕业生；4、外贸专员：5名男，外贸、英语等相关专业，英语六级，口语交流流畅，接受应届毕业生，驻烟台2名，上海2名，总部1名（男女不限）；5、销售（上海、天津）：4名男，30岁以下，可适应出差，有一定抗压能力，其中驻上海2名，天津2名，可接受应届毕业生；6、采购专员（钢贸上海）：1名男，有驾照，可适应出差，有一定抗压能力。技术类1、 技术支持（冷链）：1名男，制冷专业、土木工程相关专业优先；熟练CAD，对冷库行业有一定了解；2、围护详图：1名土木工程/建筑/钢结构类相关专业，会使用CAD、天正建筑、PKPM等绘图软件，有钢结构、幕墙详图深化设计工作经验者优先；3、预算报价专员：1名男，土建类相关专业，35周岁以下，有工作经验者优先，可接受应届毕业生；4、软件开发工程师：2名3年以上开发经验，会用JAVA开发软件，熟悉H5、angular、Mysql等软件技术，可接受短期出差；5、钢结构安装工：15名男，年龄18-45周岁，有两年以上钢结构安装经验或有安装钢结构围护板材的经验，或做过项目的优先考虑。（注：本岗位需要长期驻工地）技工类1、普通智造技工：若干50周岁以下，对岩棉不过敏，可接受加班；2、纵剪技工：1名年龄25-35周岁，有纵剪工作经验者优先；3、辅料技工： 1名年龄25-35周岁，有剪板机下料操作、冲床作业等工作经验者优先；4、装车工：1名年龄40以下，不恐高，会操作起重机者优先；5、普通智造技工（河北邯郸）：4名熟悉剪切设备操作，懂基本的机械设备保养能力，有工作经验者优先。招聘热线☟☟☟☏：0543-2122221✉：wsd221@163.com新美达招聘岗位1、安全员：1名男，大专及以上学历，有良好的沟通和协调能力，敢于纠正现场违规现象，安全相关专业或有安全相关工作经验者优先考虑；2、总监助理：1名男，35岁以下，沟通、协调能力强，文字撰写功底深厚，有3年以上大企业从事行政管理相关工作经验；3、冷轧机前操作工：1名男，35岁以下，中专及以上学历，熟练操作行车，6辊轧机机前岗位2年以上工作经验；4、面点师：1名女，40岁以下，初中及以上学历，掌握基本的面食制作，有面食行业工作经验者优先。招聘热线☟☟☟☏：0543-2161601✉：wisdom-hr@163.com给自己一个全新蜕变的机会我们一起扬帆起航期待能与你成为同事！长按指纹一键关注]]></content>
  <author><![CDATA[万事达]]></author>
  <time>2018-10-08 16:34:37</time>
  <account><![CDATA[wiskind01]]></account>
</data>
