<data>
  <id><![CDATA[50707913]]></id>
  <url><![CDATA[https://mp.weixin.qq.com/s?timestamp=1539596544&src=3&ver=1&signature=Egrj350GoKY8-KUcIJshb*6hRBB*Ma2h7E0HMFuRPBMaebQDTweJj4gB4MXmCrNh*4*4wn0VI006n2UE-HIc4QnvnwqI04itQxXstwC1sXyWR8Bc3xuB0mftRzWjREDL8j00LGPx1qIIGaV-NGOMpikt9ouOBz9xxXqkjlvrkMQ=]]></url>
  <title><![CDATA[国庆归来，40条必备安全生产常识要记牢！]]></title>
  <content><![CDATA[1、什么叫三违？违章指挥、违章操作、违反劳动纪律。2、什么叫四不伤害原则？答：不伤害自己、不伤害别人、不被他人伤害、保护他人不受伤害。3、什么叫四不放过原则？答：对事故原因没有查清不放过，事故责任者没有严肃处理不放过，事故责任者与应受教育者没有受到教育不放过，防范措施没有落实不放过。4、事故伤害程度分为：轻伤、重伤、死亡。5、什么叫轻伤?答：轻伤是指造成职工肢体伤残，或某些器官功能性或器质性轻度损伤，表现为劳动能力轻度或暂时丧失的伤害。一般指受伤职工歇工在一个工作日以上，但够不上重伤者。6、什么叫重伤?答：重伤是指造成职工肢体残缺或规范、听觉等器官受到严重损伤一般能引起人体长期存在功能障碍，或劳动能力有重大损失的伤害，重伤失能损失超过105个工日。7、什么叫责任事故?答：是指因有关人员的过失而造成的事故。8、什么叫非责任事故？答：是指由于自然界的因素而造成不可抗拒的事故的事故，或由于当前科学技术条件的限制而发生的难以预料的事故。9、各类安全生产制度的核心是安全生产责任制。10、安全检查是发现和消除不安全因素的重要环节。11、不安全状态是指导致事故发生的物质条件。不安全行为是指能造成事故的人为错误。12、企业安全生产教育的任务是什么？是努力提高职工队伍的安全素质，提高广大职工对安全生产重要性的认识，增强安全生产责任感，提高广大职工遵守规章制度和劳动纪律的自觉性，增强对安全生产的法制观念，提高广大职工的安全技术知识水平、熟练掌握安全技术要求处理事故的能力。13、班组安全教育的内容是什么？了解岗位的任务和作用、生产特点、生产设备、安全装置；了解岗位安全规章制度、安全操作规程；了解岗位个防护用品、用具、工具的具体使用方法；了解岗位发生过的事故和教训。14、什么叫保护接地、接零？答：保护接地是为了防止因绝缘损坏而遭受触电的危险，把在故障情况下可能呈现危险的对地电压的金属部分同大地紧密地连接起来，称为保护性接地。接零是将带电部分相绝缘的电气设备的金属部分外壳或构架与中性点直接接地系统中的零线相连接。15、临时电线的架设要求？答：离地高度，室内不小于2.5米,室外不小于3米,跨越公路不小于5米；电线的绝缘必须良好；电线不得接触易燃易爆高温潮湿的管道、设备；电线留头要用绝缘胶布包扎好或临时配电插座盘。16、什么叫闪点？什么叫燃点？答：凡是易燃液体和可燃液体的蒸气，遇到明火能引起闪燃现象，这时的温度值就叫闪点。物质在开始着火时的温度叫燃点。17、电气线路发生火灾的主要原因是什么？答：线间短路；保险器安装不合适；过负荷；接点或连接处接触不良电阻过大，导线发热。18、机械伤人的原因有哪些？答：机械设备不符合安全要求；使用过程中防护不周，无防护设施；安全操作规定不完善和安全教育不够。19、施工现场电气发生火情时，应先切断电源，使用砂土，二氧化碳，干粉灭火器灭火，不得用水和泡沫灭火器进行。20、对于工伤事故中停止呼吸和心跳的伤员，在5分钟内抢救成功率极高。21、建筑物起火的5~7分钟内是灭火的最好时机，超过这个时间，就要设法逃离火灾现场。22、用人单位强令劳动者违章冒险作业，发生重大伤亡事故，造成严重后果的，对责任人依法追究刑事责任。23、人体允许通过的安全电流，男性为9毫安，女性为6毫安。电流为50毫安时，将危及人的生命，称为致死电流。24、全国消防宣传日是11月9日。25、安全色分类及其含义：红色:禁止标志；蓝色:指令标志；黄色:警戒标志；绿色:提示标志。26、如果触电者伤势严重，呼吸停止或心脏停止跳动，应竭力施行人工呼吸和胸外心脏挤压。27、使用灭火器扑救火灾时要对准火焰根部喷射。28、凡在坠落高度基准面2米及以上有可能坠落的高处进行的作业叫高处作业。29、安全生产的范围包括人身安全、设备安全。30、安全生产管理的“四全”原则有全员、全过程、全方位、全天候。31、在高空作业时，工具必须放在手提工具箱或工具袋里。32、国家规定一顶安全帽的重量不应超过400克。33、安全帽上如标有“D"标记，是表示具有绝缘性能的安全帽。34、安全带的正确挂扣应该是高挂低用。35、凡有两层(含两层)以上作业人员，同时在同一垂直体内作业，这样容易发生物体打击的作业，称为交叉作业。36、施工现场“三宝”是安全帽、安全带、安全网。37、安全电压值：36、24、12伏。38、安全电压的供电电源：由特定电源供电，包括独立电源和安全隔离变压器（由安装在同一铁芯上的两个相对独立的线圈构成）。自耦变压器、分压器和半导体装置等不能作为电压的供电电源。39、触电现场挽救要点：迅速脱离电源；准确实行救治（人工呼吸和胸外心脏挤压）；就地进行抢救；救治要坚持到底。40、安全检查的类型有：日常安全检查、定期安全检查、专业性安全检查、季节性安全检查和节假日后安全检查、不定期安全检查。觉得不错，请点赞↓↓↓欢迎分享、留言↓↓↓]]></content>
  <author><![CDATA[万事达]]></author>
  <time>2018-10-08 16:34:37</time>
  <account><![CDATA[wiskind01]]></account>
</data>
