<data>
  <id><![CDATA[50707913]]></id>
  <url><![CDATA[https://mp.weixin.qq.com/s?timestamp=1539596544&src=3&ver=1&signature=Egrj350GoKY8-KUcIJshb*6hRBB*Ma2h7E0HMFuRPBMaebQDTweJj4gB4MXmCrNh*4*4wn0VI006n2UE-HIc4UzQGrRHh42d7vr1G47dx0qEseMIXjqnqx2Mef5RdM6-5vMOreafcLi5dgMLoCdnOElKpdUEGaLFHcXcx0Ui0u8=]]></url>
  <title><![CDATA[搞工程的有多不容易，看完后泪崩了！]]></title>
  <content><![CDATA[素材：基建通、漫画：鱼子酱如需转载吗，请注明来源都说工程人拿钱多，殊不知每天在工地累成狗。都说工程人油水厚，殊不知要和各方交涉夹在中间里外不是人。作为工程人，你一定有过下面这些经历，全是泪！工程干久了爹妈认为你不孝总是忙亲友觉得你不亲很少有时间来往朋友觉得你很装B喊你吃饭还得预约每天早出晚归未婚的以为你有问题已婚的以为你有外遇离婚的以为你有目的其实我们只是努力让生活更好有时候为了生活有太多的情不得已和太多的委屈……如果你身边有做工程的请TA吃饭喝酒、喝杯咖啡请TA吃冰淇淋、看个电影发个微信红包什么都可以总之，你要对TA好一点觉得不错，请点赞↓↓↓欢迎分享、留言↓↓↓]]></content>
  <author><![CDATA[万事达]]></author>
  <time>2018-10-11 09:03:13</time>
  <account><![CDATA[wiskind01]]></account>
</data>
