<data>
  <id><![CDATA[50707913]]></id>
  <url><![CDATA[https://mp.weixin.qq.com/s?timestamp=1539596544&src=3&ver=1&signature=Egrj350GoKY8-KUcIJshb*6hRBB*Ma2h7E0HMFuRPBMaebQDTweJj4gB4MXmCrNh*4*4wn0VI006n2UE-HIc4XFQpFPQWiW8z*zUt2c5JqIbiX6MlY5KatB0q1UUO575NpWBXSDesnfteZ1Z9a-ALuRzL*mFe85sAv7No5ZEpOg=]]></url>
  <title><![CDATA[辉彩，凭甚让人喜爱？]]></title>
  <content><![CDATA[建筑是一种凝固的音乐，音乐是流动的建筑。唯有与众不同，方能让他人注目。而辉彩，势必让你的建筑独树一帜。重庆新华欧亚在建设厂房时，希望自己的厂房同自己的产品一样，经久耐用，独树一帜。万事达推荐使用辉彩，重庆欧亚被辉彩耐用30年，卓越的性能，高雅的立体触感深深吸引，于是决定使用辉彩。在做重庆新华欧亚项目回访时，项目经理的一句话让我们印象深刻，“嘞个板子，正儿八经的要得！”看我们拍照，项目经理又忍不住跟我们说：“看呢，这板子巴适的很呢！“辉彩镀层：最佳配比抗腐蚀镀层，55%镀铝锌AZ150底漆：高耐腐蚀底漆，底漆抗腐蚀能力强、加工性能良好面漆：SRP 特殊强化聚酯面漆，低光泽、高致密性膜厚：正面漆膜厚30μm、背面漆膜厚11μm远看大气，近看质感皆可私人订制辉彩如是每个人都想拥有一款超值的产品，每一个人都想从它身上获得最高附加值。万事达一直走在行业的前沿，以满足客户最大利益为首要目标，而辉彩作为最具创新力最具科技性能的彩涂产品，一经面世，获得客户诸多赞誉，辉彩开始成为更多人的选择。这应该就是辉彩让人喜爱的原因吧！长按指纹一键关注]]></content>
  <author><![CDATA[万事达]]></author>
  <time>2018-10-15 11:27:00</time>
  <account><![CDATA[wiskind01]]></account>
</data>
