<data>
  <id><![CDATA[50707913]]></id>
  <url><![CDATA[https://mp.weixin.qq.com/s?timestamp=1539596544&src=3&ver=1&signature=Egrj350GoKY8-KUcIJshb*6hRBB*Ma2h7E0HMFuRPBMaebQDTweJj4gB4MXmCrNh*4*4wn0VI006n2UE-HIc4bmvvDUaxDHSYakoivDeXxBb29ImBhvIzKj4vvSQ9HFKFaAA89Iq8LO98NGzsyxSGGSJEflG8RLj3bDv7C9qzTQ=]]></url>
  <title><![CDATA[微波炉使用的几大禁忌，你必须知道！]]></title>
  <content><![CDATA[微波炉虽然方便，但不规范使用会造成安全隐患！尤其是这些东西，切记不要放到微波炉里！微 波炉加热的几大禁忌午餐袋纸袋，塑料袋和报纸都不能进微波炉。可能产生有毒气体。高温可能会点燃纸袋，导致炉内起火！酸奶盒一次性塑料容器——比如酸奶，黄油或者奶油的盒子，都不能丢到微波炉里。它们真的是一次性的，而且不能承受高温。容器可能会在微波炉里变形或融化，会将化学物质渗入食物中去。鸡蛋不要被网络迷惑了——用微波炉做白煮蛋会有麻烦的。如果你想尝试，那做好打扫卫生的准备。微波炉快速加热会在鸡蛋里产生很多水蒸气。这些水蒸气无处可逃，只能让鸡蛋爆炸开来。泡沫塑料盒请记住：泡沫塑料也是塑料。塑料不适合在微波炉内加热，——除非本身就标注着可以加热。水果葡萄就会爆炸还会冒烟。一定要当心哦！有些水果可能可以承受高温，但并非全部。有金属装饰的盘子金属遇热会产生反应，损坏你的微波炉(以及瓷制器皿)。没盖盖子的番茄酱千万不要放！会爆炸……像这样……塑料容器这类的容器大多数是用素髎做的，我们已经知道塑料不能用微波炉加热。但是那些特别标注可以微波炉加热的除外，多加注意。辣椒热辣椒中散发的化学物质，会刺激双眼并灼伤喉咙。这一点也不好玩。随行杯很多随行杯不适合放进微波炉。如果是不锈钢制的，千万别放进去。不锈钢可以保存热量，让咖啡和茶保持温暖，也可以让微波炉毁于一旦。如果是塑料的，看看杯底说明，有没有注明可以微波炉加热。铝箔任何金属，就算是包裹剩菜的铝箔也不能进微波炉，会着火！请记住：金属器皿不能放到微波炉，永远不要！]]></content>
  <author><![CDATA[万事达]]></author>
  <time>2018-10-12 17:03:15</time>
  <account><![CDATA[wiskind01]]></account>
</data>
