<data>
  <id><![CDATA[50707913]]></id>
  <url><![CDATA[https://mp.weixin.qq.com/s?timestamp=1539596544&src=3&ver=1&signature=Egrj350GoKY8-KUcIJshb*6hRBB*Ma2h7E0HMFuRPBMaebQDTweJj4gB4MXmCrNh*4*4wn0VI006n2UE-HIc4UzQGrRHh42d7vr1G47dx0qfezCgguD8G3Zd5NAPsxzg*UIk5tqshLPPyGkHpZn-qzE1d26NPMniBPn4ebdTRrg=]]></url>
  <title><![CDATA[当你上班迟到了一分钟（精辟）！]]></title>
  <content><![CDATA[当你上班迟到了一分钟，你说路上堵车了，可以理解吗？——可以当你说自己有点不舒服要请一天假，可以理解吗？——可以当你说工作很累，要打打游戏，刷刷淘宝调节一下，可以理解吗？——可以当你抱怨上班早，下班晚，为什么不能朝九晚五的时候可以理解吗？——可以我们换一个场景当你坐飞机迟到一分钟，飞机飞走了，你对着飞机喊：我堵车了，你为什么不理解我！——飞机表示不理解当父母家人生病住院的时候你没钱治病，却问医生，为什么不理解我们付不起医药费的困难？——医院表示不理解当你看到跟你一起入公司的伙伴都买房买车的时候，你说现在房价这么贵？开发商怎么这么黑？——房产公司表示不理解出去找工作，屡受打击的时候，你说你为什么不能给我一次机会，让我慢慢成长。——用人单位表示不理解不要一边埋怨工资太低一边工作不努力不要一边频频跳槽一边抱怨老板不重用你不要一边抱怨社会太现实一边工作偷奸耍滑你一直知道你的追求是什么你也一直知道你的目标是什么你甚至很清楚自己的问题有很多却从来不曾想过如何去改变你幸苦了，你累了当你觉得自己累的实在不行、停下脚步的时候回过头看看起点其实你并没有走多远人生路漫漫坚持肯定会有成绩加油——致敬所有追逐梦想的年轻人觉得不错，请点赞↓↓↓欢迎分享、留言↓↓↓]]></content>
  <author><![CDATA[万事达]]></author>
  <time>2018-10-11 09:03:13</time>
  <account><![CDATA[wiskind01]]></account>
</data>
