<data>
  <id><![CDATA[50707913]]></id>
  <url><![CDATA[http://mp.weixin.qq.com/s?__biz=MzAwODE3NTU0Mg==&mid=2651579713&idx=2&sn=eeb7e49544b94dc6a2fac41f6757f925&chksm=808daf98b7fa268e74f0a830f204c0b0f2933046cf11b62621fc42df319e23cd280df1942781&scene=27#wechat_redirect]]></url>
  <title><![CDATA[宝钢股份碳钢板材2018年11月份国内期货销售价格调整的公告]]></title>
  <content><![CDATA[经研究决定，2018年11月份宝钢股份宝山、东山、梅山基地及青山基地冷轧系列、电工钢内销价格在10月份价格基础上调整公告如下（以下除特殊注明外，均为不含税价）：一、 厚板（宝山、东山）1、碳钢：基价不变。2、不锈钢：基价不变。二、热轧（宝山、东山、梅山）基价不变.三、酸洗（宝山、青山、东山、梅山）基价不变。四、普冷（宝山、青山、东山、梅山）基价不变。五、热镀锌（宝山、青山、东山、梅山）基价不变。六、电镀锌（宝山、青山）基价不变。七、镀铝锌（宝山、梅山，11-12月）基价上调50元/吨.八、彩涂（宝山、青山，11-12月）宝山基价上调150元/吨.青山基价上调250元/吨.九、无取向电工钢（宝山、青山、东山）基价不变。十、取向电工钢（宝山、青山，含税）宝山B30P095上调200元/吨；宝山、青山100及以下牌号上调200元/吨；其他不变。十一、以上价格调整通知自公布之日起生效执行。十二、本价格调整通知的解释权属宝山钢铁股份有限公司营销中心。宝山钢铁股份有限公司营销中心二○一八年十月十日来源：宝钢锌镁铝觉得不错，请点赞↓↓↓欢迎分享、留言↓↓↓]]></content>
  <author><![CDATA[万事达]]></author>
  <time>2018-10-10 17:15:25</time>
  <account><![CDATA[wiskind01]]></account>
</data>
