<data>
  <id><![CDATA[50707913]]></id>
  <url><![CDATA[https://mp.weixin.qq.com/s?timestamp=1539596544&src=3&ver=1&signature=Egrj350GoKY8-KUcIJshb*6hRBB*Ma2h7E0HMFuRPBMaebQDTweJj4gB4MXmCrNh*4*4wn0VI006n2UE-HIc4U9kZ7uXNLH9hEcQ7tqdUCeJODUHTjeep4wHa6bz8aEYrAhpXycCCQIvXJDeXXihORjFvgzsMFfcHXmWl3vTVjQ=]]></url>
  <title><![CDATA[从现在起，你要培养与人拉开距离的能力]]></title>
  <content><![CDATA[在生活中，我们会见到形形色色的人群，他们中的许多人，有的人技艺超群，看上去没有什么事情是搞不定的；有的则是能力极强，好像没有什么是不懂或不了解的；有的见识广眼界宽，谈吐间都是别人未曾见识的世界……在社会的竞争中，为什么有人能够将自己的优势逐渐扩大，成为某领域影响力人物；而大多数人却始终徘徊在底层呢？实现人生的指数型成长，最终选择权其实在每个人自己的手里。人在18岁以前的成长大多是线性的，慢慢地你会发现一些同伴开始以让人难以理解的指数般的成长，差距越拉越大。包括你周围的人总是在说：几年之后，曾经与你为伍的人，慢慢的离你越来越远。有一句广为流传的电影台词：“有人住高楼，有人在深沟，有人光万丈，有人一身锈。”这句话既残酷又现实，道尽了人与人之间、不知在何时何地、悄然拉开的人生差距。想来也是，这世界上，有人顶着超大黑眼圈、不分昼夜地备考应试，也有人好像轻而易举就能顺利通过各项考核；有人在焦头烂额地跑招聘面试，也有人正在惆怅手上的几个重量级职位到底该选哪一个；有人在恋爱和婚姻中拼尽全力，还是苦苦挣扎，也有人好像天生就能得到所有人的宠爱，娇妻佳婿配良缘。于是，我们沮丧地开始自我怀疑，是不是我终其一生奋斗的终点，也不过只是别人正站着的起点而已？是不是我拼尽全力，终于抵达罗马，才恍然发现别人压根儿就出生在罗马？可能大多人曾经有过这样消极的念头——以为人与人之间的差距无非就是从出身、成长环境或者说智商上拉开的。而这些，恰恰又是先天注定的，一个人再怎么努力都没办法改变的。但是，直到有一天，你的努力、你的思考、你的行动，让你成为别人的羡慕对象。那一刻，你会发现，命是先天注定的，但是，运是可以通过后天的思考和行动来改变的，这就是命运输送给每个人不同的格局。说到底，拉开人与人之间差距的，不是智商，也不是情商，而是思维认知能力上的差别。在决定一个人成功的因素中，最重要的是一个人思想能力的大小，它能带你脱离平庸的人群，步入精英的行列。网上有一篇关于三洋电机的创始人井植岁男的故事。有一天，他家的园艺师傅对井植说：“社长先生，我看您的事业越做越大，您教我一点创业的秘诀吧？”井植点点头说：“行！我看你比较适合园艺工作。这样吧。在我工厂旁有2万坪空地，我们合作来种树苗吧！树苗1棵多少钱能买到呢？”“40元。”井植又说：“好！以1坪种两棵计算，扣除走道，2万坪大约种4万棵，树苗的成本是不到160万元。3年后，1棵可卖多少钱呢？”“大约3000元。”“160万元的树苗成本与肥料费由我支付，以后3年，你负责除草和施肥工作。3年后，我们就可以收入每棵3000元，共4万棵，应为1.2亿元！到时候我们每人一半利润。”听到这里，园艺师傅却拒绝说：“哇？我可不敢做那么大的生意！”最后，他还是在井植家中栽种树苗，按月领取工资，白白失去了致富良机。很多时候，我们有一番雄心壮志时，而另一面又习惯地告诉自己：“算了吧，是不是想得太过了，我只有一个小锅，可煮不了大鱼。”我们甚至会进一步找到借口来劝退自己：“我的胃口没有那么大，还是挑容易一点的事情做就好。别把自己累坏了。”一个人缺少雄心勃勃、排除万难、迈向成功的动力，不敢为自己制定一个高远的奋斗目标。没有大目标的人很可能满足于眼前的利益，如果一个人的眼界仅仅是局限于伸手可及的小目标，这样只会使自己顾及眼前利益了。每当此时，你应该拓展思维，站在一个更高的起点，给自己设定一个更具挑战性的标准，才会有准确的努力方向和广阔的前景。曾经有多少人的职业梦想，被“钱多，事少，离家近”所打败？有多少感想敢拼的人，输给了“稳定”二字，然后逐渐迷失，渐渐忘记了自己当初想要什么。人生中最不该做的一件事情，大概就是在年纪轻轻的时候，就选择了安逸吧。年轻人最辛苦，需要租房子、买房子、买车子、过生活，但更重要的事情是了解自己的内心，找到自己愿意为之奋斗的行业与事业。俗话说，成长没有不委屈的，烧不死的才是凤凰。良好的思维方式，应该是一种自发式的思维习惯，一种主动的思维态度。在各种压力充斥的社会中，当你比别人早一点知道问题的答案，你不会茫然，不论是在事业还是生活的比赛中，都处于领先地位。没有人不向往好的东西，当你有这个想法的时候。这个时候，你不能轻易的让自己的思维停下来。一些好的想法、好的目标，不要随意的停止，如果轻易的让自己停下来，不仅是失去一次机会这般简单，还会挫伤信念，浪费时间，会养成轻易放弃思考的习惯。“比身体上懒惰更可怕的是思维的懒惰。”让自己处于“舒适区”是不可能有所进步的。有人认为：人与人之间的差距不以人的意志而转移，说到底都归结为实力拉开了人与人之间距离。这是一种消极的人生观，基因、出身、成长环境……这些先天条件是我们不能选择和决定的。但是，拉开人与人之间差距的出色的思维能力，是完全可以通过后天练就的。因为心智模式的不同，思维模式的不同。如同下棋一样，当你还在琢磨下一步怎么走的时候，他们已经开始总结赢棋的规律。同一个问题摆在眼前，他们不仅能迅速抓住问题的本质，还能提出解决方案，而很多人最多只是看到了问题本身。如此，你要培养与别人拉开差距的能力，不管何时何地，当你有这个想法的时候，就要学会起航，不要刻意停下来。心所向出，海角天涯；梦所向处，高山大川。觉得不错，请点赞↓↓↓欢迎分享、留言↓↓↓]]></content>
  <author><![CDATA[万事达]]></author>
  <time>2018-09-27 15:41:44</time>
  <account><![CDATA[wiskind01]]></account>
</data>
