<data>
  <id><![CDATA[50707913]]></id>
  <url><![CDATA[https://mp.weixin.qq.com/s?timestamp=1539596544&src=3&ver=1&signature=Egrj350GoKY8-KUcIJshb*6hRBB*Ma2h7E0HMFuRPBMaebQDTweJj4gB4MXmCrNh*4*4wn0VI006n2UE-HIc4XFQpFPQWiW8z*zUt2c5JqK36hFcq*s69YcgzU2X9h5htZN**svsYZoDoQo*hqmsS0155maDhYm7XIS7eJx-FZk=]]></url>
  <title><![CDATA[精致的生活，其实一点都不贵！]]></title>
  <content><![CDATA[每个人都具有创造的潜能再小的手艺，也有自己的价值通过你的设计让你的家居生活更精致买不起几万块钱的骨瓷餐具又怎样铺一块干净的桌布摆一支待放的花在自己的能力范围之内你同样在“富养”着自己水桶做吊柜谁说柜子一定要中规中矩买来的柜子又贵又笨重很占用空间来一款实用的水桶柜吧五颜六色的铁艺圆桶挂在墙上很有时尚感在普通的铁桶上打孔涂颜料钉到墙上就好啦~不管是放在玄关处或是房间既能收纳东西又新颖别致还不赶紧动手试试木箱做柜子买一个成品书柜或展柜价格不菲但用木板钉成小箱子却很便宜将小木箱整齐的码在一起哪里比买来的储物柜差放在窗边做书架原木色温暖清新，收纳力也好刷上漂亮的有色漆固定上轮子放在浴室做收纳好省钱有轮子的收纳筐干净卫生，移动便捷小孩子的玩具杂物都可以随时收纳行李箱做收纳柜家里的行李箱与其闲置着占地方不如把它拿出来派上用场吧这样的床头柜是不是很有创意在箱子里面打上隔板摇身一变成了展柜挂在墙上既能当镜子也能当柜子。木板做橱柜一块普通的平面木板也能储物置物？只需在一块普通的板子上打些小圆洞就ok简单大气的原木色木板配上清新的绿植超省空间超便宜的储物架你一定要有不想破坏墙面的朋友可以将板子直接靠墙放，效果也很棒梯子做柜子动手做一些简易的木梯吧别问为什么你家里一定用的到梯子中间搭上一块木板森系置物架就属于你啦不仅能储物还能当书桌、电脑桌如此成本低功能全的家具简直太爱了人生中到处充满了美好的事一个用心的人，总会把眼前过出诗意来精致生活，真的一点都不贵觉得不错，请点赞↓↓↓欢迎分享、留言↓↓↓]]></content>
  <author><![CDATA[万事达]]></author>
  <time>2018-10-15 11:27:00</time>
  <account><![CDATA[wiskind01]]></account>
</data>
