<data>
  <id><![CDATA[50707913]]></id>
  <url><![CDATA[https://mp.weixin.qq.com/s?timestamp=1539596544&src=3&ver=1&signature=Egrj350GoKY8-KUcIJshb*6hRBB*Ma2h7E0HMFuRPBMaebQDTweJj4gB4MXmCrNh*4*4wn0VI006n2UE-HIc4UzQGrRHh42d7vr1G47dx0r5Ee1PfnHnlV6ltlIKx3LAYbXCGPSoA8miDZ2YhptAKXNHYv9rJXHZgSLIn8Zk6yI=]]></url>
  <title><![CDATA[15天完工，这样的房子你见过吗？]]></title>
  <content><![CDATA[你见过可以任意叠加组装，像搭积木一样建造起来的房子吗？看过模块化集成箱房你就知道了！该箱体可以拼接成各种不同的造型，就像乐高玩具拼插一样，全新概念的环保经济型活动房屋，外部墙体颜色多样，整体色彩搭配简约时尚，符合现代审美观。河北某集团厂区内员工宿舍建设项目，就选用了万事达模块化集成箱房。这些集成箱房是集淋浴间、卫生间、餐厅、宿舍等区域的生活一体化箱房。该项目中的32套标准箱18套玻璃幕走廊箱仅用时15天就全部完成并满足入住条件控股董事魏龙淮带领集成箱房的同事们到工地现场进行了指导，他说到：集装箱房作为近年来新兴的住宿形式，理念新颖、舒服性更好。也凭借节约建筑成本、工期相对短的优势，使得投资者青睐有加。万事达集成箱房积极响应国家住房城乡建设部印发《“十三五”装配式建筑行动方案》政策，所有材料配件均可标准化、模块化生产，广泛应用于宿舍、办公室、卫生间、门禁 、便利亭等。长按指纹一键关注]]></content>
  <author><![CDATA[万事达]]></author>
  <time>2018-10-11 09:03:13</time>
  <account><![CDATA[wiskind01]]></account>
</data>
