<data>
  <id><![CDATA[50707913]]></id>
  <url><![CDATA[https://mp.weixin.qq.com/s?timestamp=1539596544&src=3&ver=1&signature=Egrj350GoKY8-KUcIJshb*6hRBB*Ma2h7E0HMFuRPBMaebQDTweJj4gB4MXmCrNh*4*4wn0VI006n2UE-HIc4ffxMUw4g0udIj2y7bDoDAcVKpnDnf8MAQyVkjlvlKLaUk5I1J5f2IRveolMKCuVYvMpU7*zA5dQk4wMKreLcbs=]]></url>
  <title><![CDATA[专项培训！万事达组织进行“产品标准化”学习]]></title>
  <content><![CDATA[9月30日，针对产品标准，万事达面向各公司质检、品管、标准管理等相关岗位组织了一场关于《标准化基础知识与标准的编写》培训课程。目的在于贯彻全国标准化工作精神，把握高质量发展新要求。不以规矩，不能成方圆。——《孟子》企业标准化就是企业制定的各种规矩，以提高经济效益为目的，让企业的一切行为都有章可循、有标准可参照。培训邀请到山东众城标准信息咨询服务有限公司韩址楠老师来司授课，控股董事魏龙淮作热情接待。课程主要涉及：标准化基础知识、标准的编制程序、标准的编写、标准编写工具TCS使用、企业产品标准编制等内容。培训中，各位同事与培训老师就现有企业、产品标准化问题进行了热烈讨论。课后，各车间质检、品管人员陪同韩老师一起参观各车间产品，了解具体产品数据，为之后的产品标准规范化做好基础工作。企业标准化是一切标准化的支柱和基础，搞好企业标准化对于提高企业质量管理水平具有重要意义。通过实施标准化管理，能够把企业生产全过程的各个要素和环节组织起来，使各项工作活动达到规范化、科学化、程序化，建立起生产、经营的最佳秩序。长按指纹一键关注]]></content>
  <author><![CDATA[万事达]]></author>
  <time>2018-10-01 07:19:31</time>
  <account><![CDATA[wiskind01]]></account>
</data>
