<data>
  <id><![CDATA[50707913]]></id>
  <url><![CDATA[https://mp.weixin.qq.com/s?timestamp=1539596544&src=3&ver=1&signature=Egrj350GoKY8-KUcIJshb*6hRBB*Ma2h7E0HMFuRPBMaebQDTweJj4gB4MXmCrNh*4*4wn0VI006n2UE-HIc4ffxMUw4g0udIj2y7bDoDAd48AE1QHjqkoIj2X2l97a-xeOTRJjFvakyZNJE1XtUm4qtKSi0GdMpZYRHz6Vuzk8=]]></url>
  <title><![CDATA[良心推荐：国庆七天假，去哪人少还便宜？]]></title>
  <content><![CDATA[期盼已久的小长假来临了放假啦说起放假不得不要问问老铁们了国庆七天长假，去哪儿人最少还便宜？答案当然不会让你们失望的........那就是觉得不错，请点赞↓↓↓欢迎分享、留言↓↓↓]]></content>
  <author><![CDATA[万事达]]></author>
  <time>2018-10-01 07:19:31</time>
  <account><![CDATA[wiskind01]]></account>
</data>
