<data>
  <id><![CDATA[50732333]]></id>
  <url><![CDATA[https://mp.weixin.qq.com/s?timestamp=1539596567&src=3&ver=1&signature=Egrj350GoKY8-KUcIJshb02CFMUp953IHFAIObevP732tq1N1TY*FwaNd7pDxmHPbr9dlVsvq-17fJ3yAkub6XuZDbwsLKgOIYMyy2x5RRSvVzltrOS4xxOHxINn6cnHaqPxrQ850OvIOZhaEjrhXFL-gI8kCJ472YQBa0G1FHQ=]]></url>
  <title><![CDATA[关于无锡市太湖鼋头渚风景区门票价格调整的公告]]></title>
  <content><![CDATA[近日，有媒体对无锡鼋头渚风景区门票价格调整进行了报道，对降价的实际效果提出了质疑，引起社会关注。无锡市太湖鼋头渚风景区对媒体报道高度重视，并对照国家发展改革委《关于完善国有景区门票价格形成机制降低重点国有景区门票价格的指导意见》和江苏省物价局《关于进一步做好降低重点国有景区门票价格工作的通知》文件要求，迅速开展了认真自查。为落实国家政策要求，切实降低景区门票价格，减少游客门票支出，增强人民群众获得感，决定整改如下：自2018年9月28日起，无锡市太湖鼋头渚风景区门票价格调整为90元/人·次，价格中包含景区园内公交车费、鼋头渚—太湖仙岛交通客渡船费，比此前价格实质降低15元。同时，景区承诺，降价绝不降质，我们将不断提升服务质量，为游客打造环境优美、景色宜人、服务优质的精品旅游景区。特此公告。无锡市太湖鼋头渚风景区管理处2018年9月27日来源：无锡发布]]></content>
  <author><![CDATA[无锡新传媒]]></author>
  <time>2018-09-27 18:32:54</time>
  <account><![CDATA[wxxcm8]]></account>
</data>
