<data>
  <id><![CDATA[50732333]]></id>
  <url><![CDATA[https://mp.weixin.qq.com/s?timestamp=1539596567&src=3&ver=1&signature=Egrj350GoKY8-KUcIJshb02CFMUp953IHFAIObevP732tq1N1TY*FwaNd7pDxmHPbr9dlVsvq-17fJ3yAkub6XlcnJwoPR7t9nS0UnP9e5NHGbw0mKc6AuW7UEns9L-xP9rL6*SvcIR*0*AuDe4GyWJHFyWZE-yNS1LYGtt1u7Q=]]></url>
  <title><![CDATA[@天下无锡人：中秋节，大伙都在，就差你啦！]]></title>
  <content><![CDATA[金风送爽，丹桂飘香。和美中秋，人月两圆。美好生活的小确幸，家国两旺的大团圆，叫人眼里有光、让人心里生暖。@天下无锡人月是故乡明赶紧戳图扫码查收小编送出的祝福吧↓↓↓来源：无锡观察原创出品]]></content>
  <author><![CDATA[无锡新传媒]]></author>
  <time>2018-09-23 15:46:58</time>
  <account><![CDATA[wxxcm8]]></account>
</data>
