<data>
  <id><![CDATA[50732333]]></id>
  <url><![CDATA[https://mp.weixin.qq.com/s?timestamp=1539596567&src=3&ver=1&signature=Egrj350GoKY8-KUcIJshb02CFMUp953IHFAIObevP732tq1N1TY*FwaNd7pDxmHPbr9dlVsvq-17fJ3yAkub6V0kAmqBgU-KJmLcmgXn2F-e3wyIMt8FBo-dQUhCIG60IJ9ZwqCfoi3cXd9jC*Nx1*CzGS4TZwuRnFuSwjbOIA0=]]></url>
  <title><![CDATA[激动！宜马快速通道工可报告原则通过专家评审、太湖隧道有新进展……无锡交通要起飞！]]></title>
  <content><![CDATA[重磅！重磅！重磅！无锡交通即将起飞！宜马快速通道、太湖隧道、苏南硕放机场、江苏南沿江城际铁路……真真是消息不断吖~1宜马快速通道项目前期工作有序推进昨天，省发改委、省交通运输厅在南京组织召开341省道无锡马山至宜兴周铁段（宜马快速通道）工程可行性研究报告审查会，原则通过对工可报告的评审。会议听取了工可报告编制单位关于项目概况、建设必要性、建设方案、投资估算等方面的详细汇报。与会人员对工可报告提出了意见和建议，专家组科学客观地分析了报告存在的问题。经深入研究论证，会议原则通过了对工可报告的评审，要求进一步强化项目论证，扎扎实实做好各项基础工作。同时，会议希望无锡、常州、宜兴两市三地及相关部门、单位进一步加强沟通对接和协调配合，力争项目工可早日获批。市公建中心人士介绍341省道无锡马山至宜兴周铁段起自230省道十里明珠大堤，向南与陆马公路、苏锡常南部高速公路交叉，经常州武进区后以隧道形式穿越竺山湖，止于230省道宜兴段，并与341省道周铁至杨巷段顺接，路线全长约16公里，设计车速100公里/小时。作为341省道的重要组成部分该项目的实施对加强无锡市区与宜兴的快速联系改善宜兴、武进对外交通条件带动马山、宜兴区域旅游及沿线经济社会发展等具有重要意义目前在省相关职能部门及常州市、宜兴市的配合支持下项目建设的前期工作正有序推进真真是要起飞的节奏挖~还有这些好消息传来👇2太湖隧道湖中主体结构施工全面展开无锡人翘首期盼的重磅工程——苏锡常南部高速公路备受关注的太湖隧道建设昨天中午迎来重要节点位于南泉施工现场的隧道湖中暗埋段首节底板开始浇筑这意味着太湖隧道湖域段主体结构的施工全面展开小布这就带你探一探太湖隧道的“底”仔细检查钢筋、调整模板，昨天一大早，太湖隧道南泉段的工友就为做好浇筑前的最后准备忙活开了。中午12时，伴随着机械的轰鸣声，混凝土泵车和运输车缓缓驶至隧道南泉段施工现场。12时26分，大型泵车长臂一挥，浇筑作业正式开工。此次浇筑的湖中暗埋段首节底板位于水平面下11米处长20米、宽43.6米、厚1.4米浇筑面积868平方米相当于两个标准篮球场的大小中铁四局苏锡常南部高速公路项目总工程师狄鹏介绍，率先浇筑的底板位于该标段第一仓，待20米长的底板浇筑完成后，将紧接着浇筑侧墙和顶板。太湖隧道全长10.79公里，作业面大，施工时不仅分仓逐段，而且在每个仓内，底板的浇筑也是分节进行。在浇筑首节侧墙、顶板的同时，也将同步进行第二节底板的浇筑施工，一节接一节，流水作业。中铁四局该项目负责人介绍，为把好“防水防渗关”，项目部专门制定了施工方案，严格卡控混凝土浇筑工艺、工序。作为国内最长的水下隧道，最难也是最关键的一步，就是要做好防水施工。首先通过加强原材料质量控制、优化材料配合比等，进一步提升混凝土的‘自防水’能力。其次，为隧道每隔60米出现的伸缩缝设计了三道防水体系。在项目负责人的指引下，可见待浇筑的钢筋中间和内外侧装有三类止水带，分别是由防水材料制作的外贴式止水带、中埋式钢边止水带及可卸式止水带，有了这三层防护，即便混凝土因热胀冷缩出现极细微变形，也能做到“滴水不漏”。截止目前太湖隧道南泉段已有四个仓完成围堰第一仓进行隧道底板浇筑第二仓正进行钻孔桩施工第三仓在抽水清淤临时大堤仓在进行土方的开挖岸上工程目前已完成敞口段140米底板浇筑与南泉施工点隔湖相望的马山施工现场工程建设也有序推进该标段湖中第一块底板预计在本月底浇筑苏锡常南部高速公路工程计划2020年12月完成太湖隧道主体工程施工2021年12月底全面建成通车3苏南硕放机场月底开通美国洲际货运航线10月9日，从DHL全球货运无锡至美国洲际货运航线推介会传来好消息，DHL全球货运携手苏南硕放机场将在本月底新开无锡-美国-韩国-无锡洲际货运航线。无锡机场集团，DHL全球货运及江苏佳利达在活动现场签署了合作协议。此条全新的往来于无锡与美国的空运航线，每周4班，每班可以搭载超过100吨货物连接无锡与辛辛那提及芝加哥。该航班是DHL继今年5月发布的韩国仁川-中国无锡-德国法兰克福哈恩之后，在无锡发布的第二条全球定班航线。自2018年5月18日起执行的全新无锡-法兰克福哈恩-仁川-无锡的定班航线，上半年苏南硕放机场国际货邮吞吐量3721.8吨已超去年全年700吨。其中仅“无锡—哈恩”全货运航线完成的货邮吞吐量达1692.5吨，货值超2.37亿美元。此条无锡-美国货运航线的开通，将继续服务进出口贸易，为当地及更多周边企业搭建一条连接世界第一大经济体的快速通道。无锡往返美国辛辛那提及芝加哥洲际航线是苏南硕放机场在国际航空货运业务发展方面取得的又一重大突破这将对促进无锡乃至苏南地区的经济社会高质量发展带来积极的影响4江苏南沿江城际铁路开工10月8日中国铁路总公司和江苏省委省政府在金坛召开加快推进江苏高铁建设暨 江苏  南沿江城际铁路 开工动员会这意味着：江苏南沿江城际铁路正式开工啦！！苏南沿江城际铁路走向沪宁间的第二条城际铁路通道！！江苏南沿江城际铁路设计行车速度350公里/小时正线长度278.53公里线路起于南京南站，全线共设南京南、句容、金坛、武进、江阴、张家港、常熟、太仓8个车站，在太仓站经沪通铁路一期接入上海。建设总工期预计4年此外，也集聚了茅山风景名胜区、赤山湖湿地公园、九龙山风景名胜区、长荡湖旅游度假区等众多风景旅游资源沿途居民将来可以乘高铁直达浦东！！南沿江城际铁路是时速350公里的高速铁路，线路自京沪高铁南京南站引出，向东经句容市、金坛区、武进区、江阴市、张家港市、常熟市，终至在建的沪通铁路（上海—南通）太仓站。新建正线长度278.53公里。全线共设南京南－句容－金坛－武进－江阴－张家港－常熟－太仓等8个车站，建设工期为4年。近期规划开行客车100对/日，远期规划开行客车130对/日。到时候，沿线的句容、金坛、江阴、张家港、常熟、太仓等地将一举进入高铁时代，融入沪宁1小时高铁圈。今年3月，江苏省环保公众网发布新建苏南沿江铁路环境影响评价第二次公示。新建正线全长278公里，江宁联络线5公里左右，太仓联络线7.6公里，代建泰锡宜铁路同步实施工程6公里、盐通张铁路同步实施工程13.6公里。来源：综合无锡日报、江南晚报分图片来源：刘芳辉、中铁四局蔡朝阳]]></content>
  <author><![CDATA[无锡新传媒]]></author>
  <time>2018-10-10 15:40:43</time>
  <account><![CDATA[wxxcm8]]></account>
</data>
