<data>
  <id><![CDATA[50732333]]></id>
  <url><![CDATA[https://mp.weixin.qq.com/s?timestamp=1539596567&src=3&ver=1&signature=Egrj350GoKY8-KUcIJshb02CFMUp953IHFAIObevP732tq1N1TY*FwaNd7pDxmHPbr9dlVsvq-17fJ3yAkub6b1jYsM7sgyGYuEpi1f8cOjBXfgv-DSGkarTHs8Pd2oCUJ1xy0HtsWdh3qm8x0fYhpqNEv*BPCPaoH4-wsb*A6c=]]></url>
  <title><![CDATA[周末逛吃去哪里？当然是’2018海峡两岸（江苏）名优农产品展销会！]]></title>
  <content><![CDATA[小长假过后的第一周大家工作还愉快吗？不管怎样周末又要来啦！这金秋十月 瓜果飘香不出门逛吃逛吃岂不是浪费了大好时光？小编偷偷告诉你这里汇集了各地美食快来get一下周末约约约起来~今天上午’2018海峡两岸（江苏）名优农产品展销会在新体育中心隆重开幕中华全国供销合作总社党组成员、监事会主任宋璇涛，省委常委、市委书记李小敏，江苏省委农村工作领导小组副组长胥爱贵，台湾农会常务监事白添枝，台湾农产品流通经纪人协会理事长林瑞民，江苏省供销合作总社党组书记、理事会主任诸纪录，市领导黄钦、徐一平、徐劼、蒋敏、吴仲林，市政府秘书长许立新等出席了开幕式或参观了展会。无锡市代市长黄钦说：相信本届农展会必将对宣传推介两岸名优农产品、促进两岸农产品产销对接起到强大推动作用，对海峡两岸农业领域深度交流合作、互助共赢产生积极影响。无锡将充分依托农展会这一高端平台 ， 按照中央、省委的决策部署，突出绿色化、优质化、特色化、品牌化，深入推进农业供给侧结构性改革大力发展精致农业，积极培育新型农业经营主体，全力推进无锡现代农业高质量、高水平发展。海峡两岸（江苏）名优农产品展销会从2009年至今已成功举办九届。今年是第十届，由江苏省农产品经纪人协会、省农村商品连锁经营协会、台湾农会、台湾农产品流通经纪人协会主办，无锡市供销合作总社承办，各设区市供销合作总社协办。展销会已成为江苏、中华全国供销合作总社对台工作的重要窗口，加强海峡两岸合作的重要途径，展示全省现代农业和供销合作事业改革发展成果的重要平台。展会期间组委会举办了苏北五县特色农产品推介签约仪式签约仪式促进了睢宁县、灌云县、涟水县、滨海县、泗阳县这苏北五县经济薄弱地区的农产品宣传推介。无锡市人民政府副市长蒋敏说：今天的推介签约仪式，为苏北五县的特色农产品搭建了很好的展销平台，充分体现了“造血式”的精准扶贫。做大产业“带着农民干”，拓宽渠道“帮着农民销”，精准帮扶“助推农民富”，努力把扶贫工作“扶得准、扶得实、扶得好”。本届农展会14日结束，共有317个标准展位，1700多个品种参展，很多都是名、优、特、新品牌农产品，其中荣获质量、品牌证书的农产品就有450余种，汇聚了江苏、陕西和台湾各地的优势农产品和特色农产品。350多种台湾“百大精品”参会。今年台湾农会、农协共组织了125名客商、60余家企业共计350多种产品前来参展，参展的产品大多是台湾的“百大精品”。其中有在历届农展会上深受广大市民喜爱的凤梨、莲雾、芒果、柚子等台湾特色水果，还有独具台湾特色、品质优良的阿里山高山茶、日月潭红茶、凤梨酥、高粱酒、牛轧糖、竹炭花生、九回烤竹盐等农产品加工产品。苏陕250余种名特优产品亮相。组委会专门开辟江苏对口援助地区陕西省的特色农产品展区，在展位十分紧张的情况下，专门安排28个展位，免费提供给陕西省。陕西参展的团队十分积极，主动联系，主动对接，共有119家企业、250余种农产品参展，都是当地的名特优产品。预计今年的人流量、现场销售额、购销协议额都会比去年有大幅提升。这个周末就来新体育中心！众多美食与您不见不散图片来源：赵逸宁、卢易]]></content>
  <author><![CDATA[无锡新传媒]]></author>
  <time>2018-10-12 18:41:21</time>
  <account><![CDATA[wxxcm8]]></account>
</data>
