<data>
  <id><![CDATA[50732333]]></id>
  <url><![CDATA[https://mp.weixin.qq.com/s?timestamp=1539596567&src=3&ver=1&signature=Egrj350GoKY8-KUcIJshb02CFMUp953IHFAIObevP732tq1N1TY*FwaNd7pDxmHPbr9dlVsvq-17fJ3yAkub6awJEYPRZb1vM0EvLt6AZM6-XYfjPbIFmW7IMYRdq0SCTb0PfygcEVaGitPbSaWAX1h0UXHDRaScpNZL6MFYmLs=]]></url>
  <title><![CDATA[@无锡人，这13批次药品要召回，快看你家有没有！]]></title>
  <content><![CDATA[9月18日，国家药品监督管理局网站发布《国家药品监督管理局关于13批次药品不符合规定的通告》，经上海市食品药品检验所等4家药品检验机构检验，标示为湖北东信药业有限公司等8家企业生产的13批次药品不符合规定。快去看看你家里有没有这些药品！一、经上海市食品药品检验所检验，标示为湖北东信药业有限公司生产的6批次盐酸伐昔洛韦胶囊不符合规定，不符合规定项目为溶出度。经青海省药品检验检测院检验，标示为吉林双星药业有限公司、伊春金北药制药有限公司、哈尔滨华雨制药集团有限公司生产的3批次刺五加片不符合规定，不符合规定项目为含量测定。经重庆市食品药品检验检测研究院检验，标示为浙江普洛康裕天然药物有限公司生产的1批次麦味地黄口服液不符合规定，不符合规定项目为性状。经中国食品药品检定研究院检验，标示为安徽大西北中药饮片有限公司、安徽泽华国药饮片有限公司、芍花堂国药股份有限公司生产的3批次吴茱萸不符合规定，不符合规定项目为性状。二、对上述不符合规定药品，相关药品监督管理部门已采取查封、扣押等控制措施，要求企业暂停销售使用、召回产品，并进行整改。三、国家药品监督管理局要求相关省级药品监督管理部门对上述企业和单位依据《中华人民共和国药品管理法》第七十三、七十四、七十五条等规定对生产销售假劣药品的违法行为进行立案调查，自收到检验报告书之日起3个月内完成对相关企业或单位的调查处理并公开处理结果。不符合规定项目的小知识一、药品标准中的性状项记载药品的外观、臭、味、溶解度以及物理常数等，在一定程度上反映药品的质量特性。性状不符合规定可能与投料质量及工艺、储运环境等因素有关，往往直接影响药品质量。二、药品标准中的检查项包括反映药品的安全性与有效性的试验方法和限度、均一性与纯度等制备工艺要求等内容；对于规定中的各种杂质检查项目，系指该药品在按既定工艺进行生产和正常贮藏过程中可能含有或产生并需要控制的杂质（如残留溶剂、有关物质等）；改变生产工艺时需另考虑增修订有关项目。检查项下根据不同药品的特性有溶出度等分项目。溶出度系指活性药物从制剂中溶出的速率和程度。溶出度不符合规定由多种因素引起，如生产工艺控制不当等。溶出度不符合规定会影响药物的吸收，降低生物利用度。三、药品标准中的含量测定项系指用规定的试验方法测定原料及制剂中有效成分的含量，一般可采用化学、仪器或生物测定方法。含量测定与药物的疗效相关。含量测定不符合规定与投料量、投料质量及工艺等有关。来源：中国政府网、工人日报]]></content>
  <author><![CDATA[无锡新传媒]]></author>
  <time>2018-09-21 15:55:31</time>
  <account><![CDATA[wxxcm8]]></account>
</data>
