<data>
  <id><![CDATA[50732333]]></id>
  <url><![CDATA[https://mp.weixin.qq.com/s?timestamp=1539596567&src=3&ver=1&signature=Egrj350GoKY8-KUcIJshb02CFMUp953IHFAIObevP732tq1N1TY*FwaNd7pDxmHPbr9dlVsvq-17fJ3yAkub6Ss-H2G1qu-zUqOwVcJmsEuOp3iNswvRFKvvHJv-pGJAWWDH-ZPvAwy8O0jeRKGlvRlwd1OuC9u9tjxrgq8XDno=]]></url>
  <title><![CDATA[@所有苏B车主：无锡市区拟新增33条违停严管路段！你怎么看？]]></title>
  <content><![CDATA[大家都知道，目前咱们无锡市区共有22条“违停严管”路段，在严管路段上，不论是车行道还是人行道板，都禁止停车，否则将按“违反禁令标志指示”处以罚款100元，记3分的处罚。在违停严管路段，除了有交警不间断巡逻对“违反禁令标志”停车的车辆进行贴单，还有45套 “电子警察”24小时进行抓拍！今年以来，无锡交警已在严管路段抓拍违停车辆16.4万辆次。可以说，在这22条严管道路上，违法停车行为得到了遏制，但从全市来看，违法停车问题依然严重。一辆车违停可能会导致整条道路的通行不畅，甚至堵车，违法停车带来的烦恼依旧困扰着很多人，大家纷纷要求扩大违停严管路段。为贯彻落实市委市政府全市城市管理工作会议精神，积极推动全市交通文明整治工作，努力建设洁美、畅通、智慧、文明无锡，近期，无锡交警拟在原22条严管路段的基础上，延伸和新增33条违停严管路段，大家普遍反映的违停现象突出的无锡站、无锡东站周边道路以及新吴区的泰山路、坊前路、泰伯大道等等路段这次将被纳入严管范围。★ 拟新增的严管路段名单 ★也许有的小伙伴还是对于“违停严管”不理解，觉得只是临时停会儿车就那么处罚，实在过于严格，违停，占用的是大家的路权，特别是在车流量大的路段，违停一辆车等于直接少了一个车道，“停自己的车，让别人无路可走”真的是一种非常自私的交通陋习！也许还有的小伙伴会觉得是附近找不到停车位，所以才会违停，情有可原，但其实，各国发达城市的交通管理中早已有共识：“城市永远无法满足私人交通所需的空间”。没有一个发达城市可以做到让私家车可以很方便地找到停车位，毕竟城市的交通资源都很有限，不可能去建那么多的停车场，所以要解决城市交通问题，一般首选是发展公共交通，同时也应鼓励市民更多地使用公交系统，减少私家车的出行。图文来源：无锡发布]]></content>
  <author><![CDATA[无锡新传媒]]></author>
  <time>2018-09-25 15:14:33</time>
  <account><![CDATA[wxxcm8]]></account>
</data>
