<data>
  <id><![CDATA[50732333]]></id>
  <url><![CDATA[https://mp.weixin.qq.com/s?timestamp=1539596567&src=3&ver=1&signature=Egrj350GoKY8-KUcIJshb02CFMUp953IHFAIObevP732tq1N1TY*FwaNd7pDxmHPbr9dlVsvq-17fJ3yAkub6Ss-H2G1qu-zUqOwVcJmsEuFl7-Efhstroxkp9CVegnqVPW9KNgyRywyQW6cU9VRayMddpXFcFin7qgSOcofCGo=]]></url>
  <title><![CDATA[紧急通知！近期，你家的电视可能会出现雪花、黑屏现象，原因是…]]></title>
  <content><![CDATA[紧急通知！紧急通知！紧急通知！各位喜欢看电视的小伙伴们，注意了！近期，你家的电视可能会突然出现短暂的图像不清雪花画面固定不动甚至黑屏等现象……我这么闪耀你怕了吗不要慌！你家的电视没有坏也没有中毒原因是来自国家广播电视总局的消息称，9月26日至10月16日，用于我国广播电视节目传输的卫星将进入日凌期，届时卫星广播电视节目接收将受到日凌影响。日凌期？日凌影响？听上去真的是既遥远，又高深。可在中国科学院国家空间科学中心空间环境研究预报室研究员黄文耿看来，日凌是一种再普通不过的自然现象，发生在每年的春分和秋分前后，持续时间在6至10天左右。“这段时间，太阳正好位于地球赤道上空，电视卫星大多定点在赤道上空运行”黄文耿解释道，如果太阳、电视卫星和地面卫星接收天线恰巧又在一条直线上，那么太阳强大的电磁辐射会对卫星下行信号造成强烈的干扰，导致地面接收到的信号质量不好，甚至是中断。▼通俗一点说，原本是要接收来自卫星信号的地面天线，同时收到了来自卫星和太阳的电磁波，后者的频谱很宽， 相当于一个非常大的背景噪声源，以至于影响了前者的接收。总之“日凌”是一种正常天文现象不会对电视和人体造成危害。只是电视信号会有大概10分钟受影响说起电视机信号不知道80后、90后们还记得小时候电视被周二支配的恐惧吗？或者这个样子可如今经历过这一幕的人已经变成了老叔叔老阿姨要知道他们曾经也是守在电视机前的小朋友啊还有那些年爸妈不在为了偷看电视我们每天都在上演年度谍战大戏……小时候为了看电视你有多拼？为了完美“偷看”偷偷看过电视后不止调回原来的台就连音量也要归位最后要记得把遥控器也放回原位走进房间假装写作业（然后装作无事发生？）除此之外还要懂得给自己救场@fruitvertvert ：阿坤说小时候和她爸妈因为看电视斗智斗勇。每次趁她爸妈出去就偷看电视，计算他们快回来就把电视关了晾晾。有一次，她爸没走一会儿就回来了，她想着也没看多久电视也不烫，应该不会被发现。结果她爸还是发现了，因为她爸打开电视发现换台了……（这种甩锅的本事，我也是服了）O_o穆珂：哈哈哈哈哈哈哈哈哈。小时候偷看电视都从冰箱拿俩冰西红柿放电视上，保证关电视了机箱还是凉的。我真聪明。网友评论也是“处处辛酸泪”来，随便感受一下……现如今的小孩有手机、有电脑、有ipad他们的生活很丰富以前我们只有电视机但在我们眼里那不仅仅是一台电视机那是一台通往快乐的时光机那段守在电视机前的童年时光，你还记得吗？留言分享那些偷看电视的好玩经历吧！END]]></content>
  <author><![CDATA[无锡新传媒]]></author>
  <time>2018-09-25 15:14:33</time>
  <account><![CDATA[wxxcm8]]></account>
</data>
