<data>
  <id><![CDATA[50732333]]></id>
  <url><![CDATA[https://mp.weixin.qq.com/s?timestamp=1539596567&src=3&ver=1&signature=Egrj350GoKY8-KUcIJshb02CFMUp953IHFAIObevP732tq1N1TY*FwaNd7pDxmHPbr9dlVsvq-17fJ3yAkub6awJEYPRZb1vM0EvLt6AZM7-s-PnIyZUy*MKmpYdqaETtGnTLSdQB0iQi4wkqjayRen9B35aaRXlv1uLeD46AjU=]]></url>
  <title><![CDATA[中秋不想堵路上？出行信息都在这里，请一键收藏]]></title>
  <content><![CDATA[昨天中午12时24分无锡市气象台发布雷暴黄色预警信号紧接着15时48分又发布了暴雨橙色预警信号虽然下班回家路上比较糟心但是不得不说一场雨打破了连日来的“窝涩”更加可喜的是今天降雨渐止转阴天预计中秋节期间我市将以晴好天气为主有计划出行的小伙伴可以准备起来了天气好心情也好了呢而23日我们将迎来“秋分”节气从这一天起北半球将开始昼短夜长话不多说2018中秋出行攻略出炉筒子们~我们今天讲的是中秋！中秋！中秋！国庆可不一样哟~省内通行政策今年中秋节放假时间为9月22日-24日，全省高速公路不实施小客车免费通行政策。全省出行路况中秋期间，我省全网高速公路路网日均出口流量预计将达到204-216万辆/日，中秋前一天(9月21日)将出现车流量小高峰，中秋首日(9月22日)流量达到最大，有望达到235万辆。易堵路段中秋、国庆期间，预计全省高速公路有16个易拥堵路段、26个易拥堵服务区和17个易拥堵枢纽。四座过江大桥：南京二桥、江阴大桥、苏通大桥、润扬大桥；六个横向路段：G2京沪/G42沪蓉高速无锡-苏州共线段、G2京沪/G40沪陕高速泰州-扬州共线段、G15沈海高速苏州段、S28启扬高速扬州绕城段、G36宁洛高速江苏段、G40沪陕高速宁合段；六个纵向路段：G2京沪高速淮安-扬州段、G2京沪高速广靖锡澄段、G15沈海/G40沪陕高速南通共线段、G15w常台高速苏州段、S49新扬高速宿迁-扬州段、G4211宁马高速等。易堵收费站通往南京、苏州、无锡、常州、扬州等旅游景点的高速公路出口收费站可能会出现拥堵。我省各地市热门景区附近收费站：中秋施工路段另外要小心的是，中秋期间，省内有10处路段在施工，请注意绕行！中秋服务区情况中秋期间，12个服务区（停车区）有车位减少、暂停供油特情，请注意！市内景区公交短驳线路今天从市公交集团获悉，中秋期间，将开通景区公交短驳线路，想去游玩的亲快收好！鼋头渚短驳线路（1）鼋头渚中秋烟花9月22日（星期六）、9月24日（星期一）20:30-21:30定制鼋头渚-公交三场中秋烟花专线定制鼋头渚-梅园地铁口中秋烟花专线灵山景区短驳线（1）灵山—拈花湾短驳9月22-24日（星期六-星期一）10:00-18:00定制灵山—拈花湾专线（2）拈花湾—梅梁路短驳9月23日上午10:00开始定制拈花湾—梅梁路专线（3）拈花湾—梅园公交总站短驳定制拈花湾—梅园公交总站专线三国城景区9月22日-9月24日定制三国城—长广溪地铁口专线（注：以上没有写具体时间的，都是视客流情况开班）来源：江苏交通广播、江南晚报、无锡日报]]></content>
  <author><![CDATA[无锡新传媒]]></author>
  <time>2018-09-21 15:55:31</time>
  <account><![CDATA[wxxcm8]]></account>
</data>
