<data>
  <id><![CDATA[50732333]]></id>
  <url><![CDATA[https://mp.weixin.qq.com/s?timestamp=1539596567&src=3&ver=1&signature=Egrj350GoKY8-KUcIJshb02CFMUp953IHFAIObevP732tq1N1TY*FwaNd7pDxmHPbr9dlVsvq-17fJ3yAkub6awJEYPRZb1vM0EvLt6AZM55ljbrXWoOUfZnraDT-m6f7YZsbQS7A-e2cgbV94mOyov*Xy-u4W2vA44p5HXE5ko=]]></url>
  <title><![CDATA[地表最强无锡中秋游玩攻略，安排！]]></title>
  <content><![CDATA[前方高能中秋节小长假来袭大家有没有定好自己的节日计划呢？没有也没关系，小新表妹这就送给大家一份无锡最全中秋游玩攻略，大家再也不用担心自己的小长假被“混”过去啦！“鼋头渚12018太湖鼋头渚渔家风情节向“鲜”而行，饱口福除了传统的太湖开捕的大量湖鲜之外，今年的无锡太湖鼋头渚渔家风情节还会举办首届无锡醉蟹文化节，将能让游客在一赏太湖美景之余，一饱口福，感受真正的太湖渔家饮食文化。活动时间9月中旬活动地点横云饭店、天香楼渔家风情演艺秀活动时间9月-11月活动地点万浪桥至长春桥沿岸水道2太湖鼋头渚中秋水上音乐烟花大会活动时间2018-09-22 16:30-21:302018-09-24 16:30-21:30活动地点鼋头渚景区水域“惠山景区12018惠山古镇金秋菊灯节南 派 舞 狮、灯 光 秀、夜赏金秋菊、宋唐穿越秀、灯 谜 竞 奖。。。活动时间9月21日—10月31日(17:30-22:00)活动地点惠山古镇景区“梅园1梅园灯光艺术节吴桥杂技荟激光水幕全息光影秀传统灯组匠心之作活动时间9月-11月活动地点梅园“灵山拈花湾1汉服游园、全民对诗时值金秋，重温唐诗宋词看山水、听禅乐、赏花海汉服游园、全民对诗、诗意手作……梵天花海汉服游园全民对诗诗意手作抄写诗文活动时间9月14日至10月31日活动地点灵山拈花湾“无锡影视基地1水浒好汉聚义节《好汉聚义》表演浪子燕青拳脚功夫、阮氏三雄棍棒表演、武松醉酒、“鼓上蚤时迁‘滑板接碗’”等水浒传“名吃”母夜叉孙二娘包子、武松“代言”同款酒、郑屠肉铺、快活林酒家、狮子楼等等美食铺子听讲解，拍合影水浒城里的这些大人物，高太尉、宋太公、张都监等，可都穿戴整齐等待着和游客们见面活动时间每天上午10:00和下午2:00活动地点无锡·水浒城“蠡湖12018无锡蠡湖全民健身皮划艇公开赛活动时间2018年9月20-23日9月22日、23日为2018无锡蠡湖全民健身皮划艇公开赛活动地点无锡蠡湖万象城-大剧院水域“荡口12018鹅湖中秋音乐节不管你是电子抖腿派，或者清新民谣风，还是酷炫流行咖，9月22日至9月24日，每天19:30，来荡口古镇，都能找到自己的音乐天地！活动时间9月22日至9月24日 每天19:30活动地点荡口古镇北广场“江阴徐霞客国际旅游节1江阴第三届自驾露营节（花山）暨花山滑翔伞比赛活动主题：自驾、露营、帐篷、户外休闲、运动民谣、滑翔伞高空之旅、自行车爬坡挑战赛、潜水项目体验、攀岩、美食。。。总有一款适合你！活动时间09月22日活动地点花山滑翔伞基地2首届“中国农民丰收节”华西场华西“中国农民丰收节”活动包括庆祝大会、庆丰收联欢晚会、农民庆丰收广场舞、中国（华西）优质食味稻米产业探讨会、农家秋味评选赛、农民书画比赛。活动时间9月22日-23日活动地点华西村3长泾中秋月饼文化节月饼DIY制作非遗文化团队巡游旗袍走秀东舜戏迷社锡剧展示非遗项目展示非遗项目展示活动时间9月21日——9月24日活动地点长泾老街4“一带一路下的霞客之路”主题美术作品展第13届徐霞客国际旅游节上举办的“一带一路下的霞客之路”主题美术作品展，展出以“徐霞客”为主题的美术作品110件，其中国画50件，瓷器30件，扇面30件。烟云土楼 →五台山活动时间9月15日-9月26日活动地点江阴市博物馆“宜兴1月圆中秋 情满竹海活动内容：1．活动期间，凡购买景区80元门票的游客即可在山顶索道出站口领取竹海特色月饼一枚（以80元门票为凭证），每天限200份。2．活动期间，凡在竹荫轩文创店消费满100元即可获赠“冰镇酸梅汤一杯”或精美明信片一张。（游客自选）活动时间9月22——9月24日活动地点宜兴竹海风景区2吸氧观光游推荐路线索道缆车上山——冒龙池——苏南第一峰——竹韵亭——悬空栈道——蘑菇亭——天然氧吧——海底广场休闲区——翡翠长廊3登山深度游推荐路线镜湖——索桥凌波——竹林飞涧——米芾拜石——翡翠长廊——海底广场休闲区——太湖之源——天然氧吧——蘑菇亭——悬空栈道——赏竹亭——冒龙池——苏南第一峰——凌云阁4野趣体验游推荐路线索道缆车上山——冒龙池——苏南第一峰——竹韵亭——悬空栈道——蘑菇亭——天然氧吧——海底广场休闲区——翡翠长廊今年的中秋小长假快来打卡无锡各景区吧~素材综合整理自无锡各大景区]]></content>
  <author><![CDATA[无锡新传媒]]></author>
  <time>2018-09-21 15:55:31</time>
  <account><![CDATA[wxxcm8]]></account>
</data>
