<data>
  <id><![CDATA[50732333]]></id>
  <url><![CDATA[https://mp.weixin.qq.com/s?timestamp=1539596567&src=3&ver=1&signature=Egrj350GoKY8-KUcIJshb02CFMUp953IHFAIObevP732tq1N1TY*FwaNd7pDxmHPbr9dlVsvq-17fJ3yAkub6XSaKJFawyeyrrHZXur81i7dFT3RChjM2cqNLEEha7Dd0Bf8j-l8ymEH*yip0pfItXV29U-Zo3fb-bMwa9igESo=]]></url>
  <title><![CDATA[终于等到你！江阴的第一所大学开工啦！孩子们家门口就能上“211大学”了！]]></title>
  <content><![CDATA[一直以来没有一所高水平的高等学府一直是江阴心中的“痛”它无时不刻不在敲打着这座明星城市的骄傲！终于等到你江阴的伙伴们、朋友们、乡亲们！大家盼星星盼月亮，一直盼着的“南理工”终于正式开工啦！相信用不了多久，不出江阴！孩子们就能上“211大学”了！就在今天省委常委、无锡市委书记李小敏宣布南京理工大学江阴校区开工主席台领导为南京理工大学江阴校区奠基培土其实，就在本周一，位于锡山区的南信大滨江学院也是刚刚正式启用如此一来，短短四天内，wuli大无锡就增添了两所高等学府谁还敢说无锡没有好大学？！南京理工大学到底有多牛？南京理工大学，简称“南理工”，位列“211工程”、“985工程优势学科创新平台”重点建设高校，入选“双一流”世界一流学科建设高校，素有“兵器技术人才摇篮”的美誉。截至2018年3月，学校设有15个专业学院，两个独立学院。现有各类在校生30000余名，留学生1000余名；教职工3200余人，专任教师1900余人，教授、副教授1200余人 。南理工江阴校区到底有多棒！校区鸟瞰图↓↓↓南京理工大学江阴校区是江阴第一所高水平大学，位于临港经济开发区亚包大道以东、滨江西路以南、新沟河以西、福星路以北区域，占地1000多亩，建筑面积30万平方米。江阴校区是南京理工大学不可分割的普通高等教育功能区，以培养应用型、复合型、创新型人才为目标，统筹建设中法工程师学院、国际教育、研究生教育、学历教育，以及新工科、江阴研究院等，办学规模1万人左右。根据早先媒体报道，南理工江阴校区的落户，不仅意味着江阴迎来一所属于自己的本科院校还是本硕连读的大学！据了解，比如其中的中法工程师学院将设有机械工程及自动化、材料科学与工程两个专业根据办学协议，学院以培养应用型、复合型、创新型人才为目标，开展全日制本科及研究生教育，符合条件的毕业生同时可获得法国工程师文凭。校区鸟瞰图↓↓↓南京理工大学江阴校区立足打造百年名校，将南理工的特质、法国的元素、江阴滨江城市、产业城市的气质充分融合、充分彰显，全力成为全国高校校区建设的典范。江阴校区规划构想体现南理工校园文化与江阴地域文化的融合，在纵横轴线导引下，围绕以水、山、林构成中央景观，南北展开书院聚落，规划理念中西合璧，大疏大密。校前区广场建筑设计体现法式建筑传统，打造有活力和创新精神的校园文化。景观设计延续主校区校园文化，再现校风门、水杉林等特色标志性景观。校园刚刚开工，先来一波美美的效果图解解馋吧南门鸟瞰↓↓↓西门鸟瞰↓↓↓北门鸟瞰↓↓↓中央湖景↓↓↓中法工程师学院↓↓↓学历教育及江阴研究院↓↓↓新工科及国际学院↓↓↓国际交流中心↓↓↓图书馆↓↓↓行政楼及会堂↓↓↓幸福来得好不容易才会让人更加珍惜小编也相信南理工江阴校区定将不负江阴不负卿！（来源：无锡观察 无锡日报 无锡新传媒）]]></content>
  <author><![CDATA[无锡新传媒]]></author>
  <time>2018-09-20 19:05:08</time>
  <account><![CDATA[wxxcm8]]></account>
</data>
