<data>
  <id><![CDATA[50732333]]></id>
  <url><![CDATA[https://mp.weixin.qq.com/s?timestamp=1539596567&src=3&ver=1&signature=Egrj350GoKY8-KUcIJshb02CFMUp953IHFAIObevP732tq1N1TY*FwaNd7pDxmHPbr9dlVsvq-17fJ3yAkub6XSaKJFawyeyrrHZXur81i6b*TKEwoG7gL*JhNO-gNKzmcfB4qZZP2jlL*AY7mzDaX8NE3AH-MIEJhDgl9HjPWw=]]></url>
  <title><![CDATA[一天连发两次预警！无锡市气象台傍晚又发布暴雨橙色预警信号！]]></title>
  <content><![CDATA[闷热之后，终于迎来了一场酣畅大雨！无锡市气象台继中午发布雷暴黄色预警信号后傍晚又发布了暴雨橙色预警信号！受冷暖空气交汇影响，预计我市今天傍晚到夜里部分地区降雨量将达50毫米以上，请注意防范！网友们纷纷发来雨情：海岸城下雨市民中心下雨风雷新村下雨百盛下雨......最后告诉大家一个好消息预计明天降雨渐止，中秋小长假天气hin不错，最高气温也在30℃以下，适宜外出happy！]]></content>
  <author><![CDATA[无锡新传媒]]></author>
  <time>2018-09-20 19:05:08</time>
  <account><![CDATA[wxxcm8]]></account>
</data>
