<data>
  <id><![CDATA[50732333]]></id>
  <url><![CDATA[https://mp.weixin.qq.com/s?timestamp=1539596567&src=3&ver=1&signature=Egrj350GoKY8-KUcIJshb02CFMUp953IHFAIObevP732tq1N1TY*FwaNd7pDxmHPbr9dlVsvq-17fJ3yAkub6V0kAmqBgU-KJmLcmgXn2F9AenvDt-ohLCtwZXVHNdyUtkKd8LkrzZTn2JMLWaxz4ZN3eYHLqhyQK-m*rGYHQH0=]]></url>
  <title><![CDATA[江苏调整普通高中学业水平测试方案：“小高考”告别“见A加分”！]]></title>
  <content><![CDATA[昨天，省教育厅发布消息从2019年起江苏对普通高中学业水平测试方案作出部分调整具体为调整普通高中学业水平测试必修科目成绩呈现方式，由ABCD等级呈现调整为合格、不合格呈现。调整普通高中学业水平必修科目测试加分政策。对参加普通高中学业水平必修科目测试的学生（即参加2020年及以后高考的学生）取消“见A加分”政策，2018年已参加普通高中学业水平必修科目测试的学生（即参加2019年高考的学生）获得的加分仍予以承认。江苏正在实行的高考方案规定，学生高二时进行的4门学业水平必修测试科目得A可以高考加分，因此学业水平测试也被称为“小高考”。目前，江苏正在酝酿新的高考改革方案，此次普通高中学业水平测试方案也是为了适应高考改革的要求。省教育厅网站截图来源 | 交汇点新闻]]></content>
  <author><![CDATA[无锡新传媒]]></author>
  <time>2018-10-10 15:40:43</time>
  <account><![CDATA[wxxcm8]]></account>
</data>
