<data>
  <id><![CDATA[50732333]]></id>
  <url><![CDATA[https://mp.weixin.qq.com/s?timestamp=1539596567&src=3&ver=1&signature=Egrj350GoKY8-KUcIJshb02CFMUp953IHFAIObevP732tq1N1TY*FwaNd7pDxmHPbr9dlVsvq-17fJ3yAkub6UNSjdjYyg5XPkX3yz4oeZsyzekRQfwWmZ*Dy9rxvPaIriRMJRS2hdva*bGWPeZIkZR9EV3HT8TAqId1tzHnCbQ=]]></url>
  <title><![CDATA[流量当真不限量？无锡市工商局约谈移动、联通、电信三大通信运营商]]></title>
  <content><![CDATA[大家现在日常生活一定都离不开流量微信朋友圈  发 发 发微博淘宝  刷 刷 刷看视频追剧哪一样需要流量于是很多人都会选择运营商发布的“流量不限量”套餐但是！！经过一段时间 大家也会发现这个“不限量”的流量好像也不是真的不限量当消费者受“流量不限量”广告吸引前往营业厅办理“不限量”套餐业务时，三大运营商却违背广告承诺，对消费者附加“达量降速”或“达量停止流量使用功能”等限制条件。消费者普遍反映，三大运营商提供的手机流量服务在当月流量使用达到20GB或40GB后，手机出现视频卡顿、图像非常缓慢、不能正常传输文件和视频等无法正常上网的现象，当月流量使用达到100GB时实行停止流量服务完全不能上网。怎么肥四？近来，针对我市通信运营商发布的含有“流量不限量”等字眼的商业广告宣传内容和实际使用并不一致，存在误导和欺骗消费者的问题，市工商局根据上级部署，对我市移动、联通、电信三大运营商进行行政约谈。从目前我市的情况来看，“流量不限量广告”大部分存在标明“达量限速”的注解，但是普遍存在字体偏小，位置不够明显，存在误导嫌疑。对此，市工商局责令三大通信运营商及时整改，并分别与三家运营商无锡分公司奠定了约谈警示函，要求各单位自查无锡地区含有“不限量”内容的广告，并立刻予以清除，避免造成误导消费者的行为。三家通信商分公司都承诺会立即停止在传统媒体、LED屏幕等渠道发布的相关广告。同时，对各营业厅也会派员督导停止发布相关广告，对印刷品广告也会在最短时间内予以清除。来源：无锡工商在线]]></content>
  <author><![CDATA[无锡新传媒]]></author>
  <time>2018-09-26 13:09:18</time>
  <account><![CDATA[wxxcm8]]></account>
</data>
