<data>
  <id><![CDATA[50732333]]></id>
  <url><![CDATA[https://mp.weixin.qq.com/s?timestamp=1539596567&src=3&ver=1&signature=Egrj350GoKY8-KUcIJshb02CFMUp953IHFAIObevP732tq1N1TY*FwaNd7pDxmHPbr9dlVsvq-17fJ3yAkub6b1jYsM7sgyGYuEpi1f8cOgY8OhmliMjb-JOdKgfNh0esmsij*Vb*CUUJTSp0RewkZP23UvNpTa4q5hrHwexlV4=]]></url>
  <title><![CDATA[无锡平均工资又双叒涨了！快来看看你达到了没？]]></title>
  <content><![CDATA[近日，智联招聘发布《2018年秋季中国雇主需求与白领人才供给报告》报告显示：全国37个主要城市的平均招聘薪酬为7850元。其中4000-6000元之间的职位数量仍然是最多的，占职位总量的32.4%，其次是薪酬在8000元以上的高薪职位，占职位总量的29.4%。其中，北京、上海、深圳、杭州的招聘月薪排在前四，分别为10670元、10015元、9561元、8798元我们无锡的招聘月薪在全国第二十位平均薪资7106元！！！比较下2018年夏季求职平均薪酬↓↓↓比较下2018年春季求职平均薪酬↓↓↓值得注意的是，至2018年秋季，无锡的平均薪酬已经上涨227元分行业来看，十大高薪行业中，排在首位的是基金/证券/期货/投资行业，平均月薪10563元。其次是专业服务/咨询(财会/法律/人力资源等)。在求职的竞争激烈程度方面，竞争最激烈的行业是房地产/建筑/建材/工程行业，其次是互联网/电子商务行业。留言说说你现在的月薪多少？在哪个行业？来源：无锡攻略]]></content>
  <author><![CDATA[无锡新传媒]]></author>
  <time>2018-10-12 18:41:21</time>
  <account><![CDATA[wxxcm8]]></account>
</data>
