<data>
  <id><![CDATA[50732333]]></id>
  <url><![CDATA[https://mp.weixin.qq.com/s?timestamp=1539596567&src=3&ver=1&signature=Egrj350GoKY8-KUcIJshb02CFMUp953IHFAIObevP732tq1N1TY*FwaNd7pDxmHPbr9dlVsvq-17fJ3yAkub6UNSjdjYyg5XPkX3yz4oeZvkwhZpBxiXhcacngMSw2SZbvIonYoKAc*Aj5s62baqvvuoQAL69atU-Xi5lMynoK4=]]></url>
  <title><![CDATA[路线诡异的超强台风来了！无锡人的国庆小长假恐怕...出游这些地方当心]]></title>
  <content><![CDATA[据说有一个路线诡异的新台风已经在来的路上了？路线诡异的新台风“潭美”来了！据中国气象爱好者目前一南一北两股势力都要行动了北边的是囤积在西西伯利亚的冷空气南边则是台风胚胎92W也就是说，有一个台风蠢蠢欲动了忍不住感慨一句今年的台风实在是有点多啊...9月21日晚8点今年第24号台风潭美生成而且据杭州日报第24号台风“潭美”已经加强为超强台风级别据中央气象台预测今年第24号台风“潭美”（超强台风级）24日，上午8点钟其中心位于台湾省花莲市东偏南方向约1180公里的西北太平洋洋面上就是北纬18.4度、东经131.3度中心附近最大风力16级（52米/秒）中心最低气压935百帕七级风圈半径350-440公里十级风圈半径160-180公里十二级风圈半径80公里预计，“潭美”将以每小时15-20公里的速度向西北方向移动，强度还将有所加强看到这里，不少人都炸了国庆假期要泡汤了？国庆小长假要泡汤了？计划去这些地方旅游的小伙伴注意了国庆小长假计划到台湾或日本旅游的童鞋要留意了，据中央气象台预测27-30日受台风“潭美”影响我国台湾及东南沿海将出现较大风雨天气台风路径极为复杂，要密切关注台风动向不过禧宝帮各位瞅了瞅国庆期间无锡的天气似乎...挺好的★8-15天预报属于客观预报产品，反映的是未来天气变化趋势、请随时关注最新预报....]]></content>
  <author><![CDATA[无锡新传媒]]></author>
  <time>2018-09-26 13:09:18</time>
  <account><![CDATA[wxxcm8]]></account>
</data>
