<data>
  <id><![CDATA[50732333]]></id>
  <url><![CDATA[https://mp.weixin.qq.com/s?timestamp=1539596567&src=3&ver=1&signature=Egrj350GoKY8-KUcIJshb02CFMUp953IHFAIObevP732tq1N1TY*FwaNd7pDxmHPbr9dlVsvq-17fJ3yAkub6UNSjdjYyg5XPkX3yz4oeZsOaqeqUm4PtsSOMzpLjfi4DiL0Jp1t1RMgZlH00MosqZqGzRzF*9QNw66FAVxD6yQ=]]></url>
  <title><![CDATA[网传教育部通知9月底开始中小学推迟上学时间…什么情况？是真的吗？]]></title>
  <content><![CDATA[三天小长假就这样过去了！不要伤感，还有国庆长假呢！所以，让我们以感恩的心，投入这周的工作！话说，这段时间，不少家长甚至老师的朋友圈，都在刷一则消息：▲此类信息网络上铺天盖地是真的吗？网传教育部通知推迟上学这则消息说，近日，教育部发文通知：从2018年9月起，中小学上课不得早于8点；小学1至2年级学生不得在8点之前到校，上课时间不得早于8点30；浙江省、黑龙江省已先行实施。消息还说，9月10日，浙江省教育厅发布消息通知，从2018年9月底开始，将按照教育部的新规严格进行。在浙江省发布文件不久之后，黑龙江教育厅也引发了《关于推后全省中小学生早晨到校时间的通知》，并决定在2018年秋季学期开始实施。▲网络截图通知是真的吗？从江苏省教育厅得到消息：这是一则假消息。与此同时，通过对官方网站和媒体报道的搜索，发现：浙江省教育厅近期也没有发布这类消息。事实上是：浙江和黑龙江推迟上学，是上学期的事。▲浙江省教育厅官网截图上学期开学，浙江省教育厅出台《关于在小学施行早上推迟上学工作的指导意见》，在全省小学推迟上学时间，据说是全国首例。浙江省教育厅的通知指出：各地学校可灵活调整上学时间，要求小学一二年级学生早上最迟到校时间不得早于8:00，冬季应适当延迟。上课时间也有规定，小学一二年级上午上课时间不得早于8:30。媒体当时还报道说，杭州市一些区还规定，小学一二年级推迟半个小时上课（8:30），推迟的半个小时，不再补了，从课堂上要效率，每节课从过去的40分钟改为35分钟。当然，推迟上学后，考虑到家长接送，学校也允许学生早到学校。为什么推迟？浙江省说，目的很简单，一是想让小学生每天多睡会儿；二是希望他们起床后能有安心吃早饭。说到底，就是为孩子的健康成长。浙江省的研究表明，每周吃早餐次数越多的学生，学业成绩越好。去年5月，浙江省教育厅公布了2016年浙江省中小学教育质量综合评价监测结果，有了一个意外发现： 吃早餐对学生学习的积极影响很大，远远超出学生在学习方式、学习动力、自信心、参加校外补课、家长教育水平和家庭收入等方面的优势。监测显示：每周吃早餐次数越多的学生，学业成绩越高，其中吃早餐7天的学生，比吃早餐在3天以下的学生平均成绩高出50-70分，相当于多接受1-1.5年左右的教育。除了影响学习成绩，早餐还对改善亲子关系至关重要。数据显示，学生每天吃早餐的比例每提高10%，四、八年级学生亲子关系指数分别改善6.16%与5.98%。黑龙江省也印发了推迟上学通知黑龙江省推迟上学时间也是在上学期并且做得更彻底↓↓↓▲黑龙江省教育厅官网截图2月24日，黑龙江省教育厅印发了《关于推后全省中小学生早晨到校时间的通知》，决定从3月1日新学期开学起，全省小学生、初中生早晨到校时间不得早于8∶00，高中生早晨到校时间不得早于7∶30；上课时间各地根据实际情况自行确定。也就是说，推迟上学，是浙江和黑龙江的事，不是教育部下发的通知。江苏呢？江苏省在统筹推进城乡义务教育一体化发展中为进一步减轻学生过重课业负担，于去年10月出台《关于进一步规范学校管理切实减轻中小学生课业负担的意见》，其中对于大家普遍关心的作息管理有着以下明确的规定：严格控制学生在校统一集中教学时间。小学生不超过6小时，初中生不超过7小时，高中生不超过8小时。学生早晨到校时间，小学控制在8:00以后，初中控制在7:40以后，高中控制在7:20以后。班主任和各科教师不得超出学校规定，要求学生提前到校，保证学生每天充足的睡眠时间。科学管理在校课余时间。中午间隔时间不少于1.5小时，严禁午休时间教授课程或要求学生在校自习。不得强制要求非住校生到校上晚自习，住校生晚自习每天不超过2课时，晚自习期间不得教授新课。中小学生每天在校体育活动时间不得少于1小时。小学延时服务学生在校时间按照相关文件执行，延时服务不得变成增时上课。别总想着偷懒！学习才是王道！对！没错！说的就是你！来源：招考部落、钱江晚报、江苏教育、扬州发布等]]></content>
  <author><![CDATA[无锡新传媒]]></author>
  <time>2018-09-26 13:09:18</time>
  <account><![CDATA[wxxcm8]]></account>
</data>
