<data>
  <id><![CDATA[50547484]]></id>
  <url><![CDATA[https://mp.weixin.qq.com/s?timestamp=1539596683&src=3&ver=1&signature=Egrj350GoKY8-KUcIJshbygQ83zEafrSxDa5nLoOgPlDFTXXLfHFKMxoHTXWGoiqeTA9WmMzzTCBzjGPStX27KEmgup4qUYbO9vPEI1*PvZCXUwGlgOM*EpC-PrY3IUrnjSyRZ7Q7hY9lRXH5wOqsRAUNs3KrejpXtjQBv*mIWY=]]></url>
  <title><![CDATA[诡异的滴滴：源头竟是英国一家空壳公司，背景太神秘！]]></title>
  <content><![CDATA[8月24日，23岁的乐清乘客赵某在乘坐滴滴顺风车时，被司机钟某奸杀。就在案发前一天，司机钟某还因对另一名乘客图谋不轨，被乘客投诉至滴滴平台。而这距离21岁的空姐在郑州搭乘滴滴顺风车遇害，也不过才三个月。01三个月，两个如花年纪的女孩被滴滴司机杀害，这引起了人们的愤怒和对滴滴的拷问。央视深夜发表《三问滴滴，以生命的名义！》评论，对滴滴公司连发三问：管理哪里去了？责任哪里去了？监管哪里去了？评论中称：这几年，滴滴疯狂圈地扩张，所向披靡，但我们看到，管理并没有同步跟进，甚至到了混乱的地步。试想，如果滴滴真正吸取教训、狠抓司机管理的话，悲剧还能重演吗？人民日报微博也评论称：又是滴滴，又是顺风车，又是女乘客死于非命！整改期再出惨剧，称得上怙恶不悛。这起悲剧完全可避免，平台的确“负有不可推卸的责任”。尽管中国官方权威媒体对滴滴进行质问和批评，但滴滴公司依然风平浪静，没有任何人被抓去讯问，公司也没有被查封。店大欺客。店大也欺执法部门。如果是普通企业出这么大的事，公司早就被查封，责任人早就被控制了。那么，滴滴公司到底是什么来头？有什么背景？02滴滴一路走到今天，可以说身经百战。作为中国最大的互联网公司之一，滴滴在2016年下半年合并Uber中国，可算是里程碑式的“胜利”。不过这种胜利是要加引号的，因为操作技术很诡异。公开数据显示，2013年4月，滴滴获腾讯集团1500万美金投资。2016年5月，美国苹果公司对滴滴出行进行10亿美元战略投资。同年6月，滴滴出行宣布完成45亿美元股权融资，投资方包括苹果公司、中国人寿、蚂蚁金服、腾讯产业共赢基金、阿里巴巴、软银中国、招商银行，成为当时全球未上市企业单轮最大规模股权融资之一。公开信息显示，截至今年5月，滴滴共完成了天使轮到H轮的10次融资，投资方包括腾讯、阿里、淡马锡、苹果等国内外巨头，累计融资金额约为209亿美元。滴滴在发展过程中还与快的、Uber中国进行了合并，二者的融资规模合计接近30亿美元。03这几年来，滴滴两百多亿美元的融资都进了哪个主体？投资方各自占股多少？“滴滴出行”App由谁运营？所取得的收益又实际归属于谁？能回答清楚这些问题的人，恐怕寥寥无几。调查发现，滴滴的终极公司是一家注册在开曼群岛的离岸公司，名为Xiaoju Kuaizhi Inc．（小桔快智），其再设立开曼和维尔京壳公司，控制香港壳公司，香港壳公司再通过境内的外商独资企业协议，控制滴滴境内运营实体。04理论上，滴滴公司的背景是一家空壳的英国公司，然后在中国大量融资，然后对美国Uber公司极力拉拢，给予空手套白狼的股权利益，从而获得在中国的垄断经营地位。据说，滴滴目前正面临商务部的反垄断审查，希望其经营数据和繁杂的股权在监管锐眼下将无处可藏。不过，估计商务部、交通运输部门、公安部门联合起来也未必能查清滴滴的神秘背景。两年前有媒体报道说，国内一家在线出行分析机构的分析师坦言，他们曾试图了解滴滴完整的股东结构，却始终未能完成。“太敏感了”，该分析师这样评述，但未就“敏感”原因作进一步解释。太敏感而查不出，绕地球好几圈的投资途径，如此诡异的滴滴公司，其神秘的面纱何时能被揭开？我们尊重原创者版权，除我们确实无法确认作者外，我们都会注明作者和来源。在此向原创者表示感谢。若涉及版权问题，烦请原作者联系小编删除，谢谢！声明：本站所载文章、数据等内容纯属作者个人观点，不代表投资温哥华副刊的立场，仅供读者参考。]]></content>
  <author><![CDATA[投资温哥华副刊]]></author>
  <time>2018-08-28 14:34:28</time>
  <account><![CDATA[wgh779]]></account>
</data>
