<data>
  <id><![CDATA[50547484]]></id>
  <url><![CDATA[https://mp.weixin.qq.com/s?timestamp=1539596683&src=3&ver=1&signature=Egrj350GoKY8-KUcIJshbygQ83zEafrSxDa5nLoOgPlDFTXXLfHFKMxoHTXWGoiqeTA9WmMzzTCBzjGPStX27D0Q6*SmLERsgkzwxZ6n7b4MIi0BYfxe6A5nEnNgDhTqIdsJNMoTC-BWw4MReuCDKi-jM7xT9tP7JQoI62u4sKY=]]></url>
  <title><![CDATA[为了公平的“就近入学”，却造成了不公：中国从何时开始有了“学区房”的概念？]]></title>
  <content><![CDATA[现如今，无论你是在北上广深，还是在稍微发达一些的二线城市，学区房都是避不开的话题。父母都希望自己的孩子能比自己强，也都不想让孩子输在起跑线上，所以，拼了命也要买到学区房，其实这些学区房大多不能住，只是买个上学的名分而已。所以，即便那楼盘再破旧再狭小，都能炒到天价。某小区紧邻重点小学，小区中一套房子售价高达890万（2016年价格）研究过学区房的家长应该都知道，学区房是依托于“就近入学”这个政策的。而这个政策的提出，当年其实也是为了教育公平。在我国当时经济水平还比较落后，穷国、大国办教育的背景下，国家对教育地区差异的态度是：“因为教育的发展是受经济水平制约的，在一定时期内，要下决心承认不平衡，条件好的地区要把教育搞好，落后地区就不能要求很高。大城市和小城市不同；城市和农村不同；沿海地区和内地不同；先进地区和落后地区不同。要把重点抓好。教育经费的投资和师资要集中，把先进地区先搞上去。平均要求，什么都搞不上去。今后增加的钱究竟加在哪里，很值得研究。我的意见是，哪个地区基础好，出人才快，就加到哪个地区。”1953年11月26日政务院第195次政务会议通过的《政务院关于整顿和改进小学教育的指示》中指出：“由于我国经济发展不平衡，小学教育的发展也不平衡。我们应根据不同的情况，采取多种形式，提出不同的要求来办小学教育；如果要求全国小学整齐划一，那是做不到的。”由于国家逐步工业化，城市人口增加较快，而过去几年内城市小学增加的比例一般地较乡村为小，因此，在工矿区、城市特别是大城市，公立小学应作适当发展，在农村，为适当解决农民子女入学问题，应根据需要与自愿的原则，提倡民办小学。在我国经济发展水平还不高的背景下，集中实力办好一批中小学校，是针对当时我国的事情做出的必然选择。1953年，政务院发布《关于整顿和改进小学教育的指示》，要求“今后首先着重办好城市小学、工矿区小学、乡村完全小学和中心小学”。同年，教育部提出《关于有重点地办好一些中学和师范的意见》，从而确定了全国重点中学194所，占当时全国中学总数的4.4％。1962年12月，教育部发出《关于有重点地办好一批全日制中、小学校的通知》，重点学校又有进一步的发展。自这个时候起，重点中小学的概念开始诞生，这些被提名的重点中小学，在师资力量和国家投入上，是其他学校望尘莫及的。1977年5月，中国教育政策提出：“办教育要两条腿走路，既注意普及，又注意提高。要办重点小学、重点中学、重点大学。要经过严格考试，把最优秀的人才集中在重点小学和大学。”1978年，经国务院批准，教育部制定《关于办好一批重点中小学试行方案》，提出以后在重点中小学建设长期规划上，形成“小金字塔”结构，并在经费投入、办学条件、师资队伍、学生来源等方面向重点学校倾斜。1983年，教育部在《关于进一步提高普通中学教育质量的几点意见》中，重申了办好重点中学的必要性。20世纪90年代中期，国家教育委员会做出在全国建立1000所示范高中的决定，可视为“重点校”政策的延续。至此，基础教育阶段“重点校”政策最终形成，全国各省市自治区乃至县都先后形成了一大批重点小学、重点中学，这些学校分布集中于县及县以上的大中城市。教育投入倾斜，教师资源配置倾斜，学生资源配置倾斜。对这些学校给予的政策优惠，使得他们有充足的营养成长，发展到今天已经成为了有着深厚文化积淀的“示范窗口”，无论硬件还是软件，都远远超过其他学校，从而吸引了很多优秀的生源，这样的一种“马太效应”使学校之间的差距越拉越大。随着一系列重点学校政策的出台，最终形成我国国家级、省级、地级、县级的“层层重点”的重点学校格局，拉大了学校差距，使优质教育资源被少数人占有。教师收入产生巨大差别，引发了教育不公平问题。我国的重点学校制度是以牺牲教育公平、正义为代价的，虽然“重点校”和“城市中心”的政策推动了部分学校教育质量提高，但是也不可避免地扩大了城乡间、校际间在资源配置和教育质量上的差距，这种差距需要教育政策花更大的力量对弱势学校进行补偿。随着改革开放的发展，人们经济条件越来越改善，对教育越来越重视。自20世纪90年代起，重点学校突出的教育效益吸引着大量家长不惜交纳重金或者动用社会资源以将孩子送进重点学校就读，产生了“分择校”、“权择校”、“钱择校”等择校方式，择校生分为“指标生”、“条子生”、“关系生”、“票子生”等五花八门的种类。由于监督机制不够健全、财务管理欠完善，部分重点中小学高额择校费入“账外账”，变成当权者“小金库”，成为滋生腐败的温床。有关中小学的腐败案件中，涉及择校费、借读费、赞助费的“账外账”是主要犯案资金之一。此外，择校费已演变为权力寻租的一种形式。一些掌握实权的人，为了子女就读重点学校，给学校批条子、打招呼，学校则通过送招生名额来协调关系。就在这些乱象的背后，“就近入学”的概念也逐渐萌生。所谓“就近入学”并不是指到“离家最近”的学校就读，而是指由区县教育行政部门根据本地区公办学校的资源配置状况和义务教育适龄学生的分布和需求状况，合理规划和确定本区县义务教育阶段公办学校招生人学范围和招生人数，为每一位适龄儿童少年提供“就近入学”的义务教育学额。其实很早之前，就近入学作为国家办学的一种基本思想在很多场合被提及。尤其是那十年之后，该政策公开出现在政府纲领性文件中。譬如，1980年在《中共中央、国务院关于普及小学教育若干问题的决定》中提出：“鉴于我国经济、文化发展很不平衡，自然环境、居住条件差异很大，必须从实际出发，因地制宜，采取多种形式办学。力求使学校布局和办学形式与群众生产、生活相适应，便于学生就近上学。”1986年我国颁布实施的《中华人民共和国义务教育法》第一次从法律意义上对“就近入学”政策进行了规定。第九条明确规定：“地方各级人民政府应当合理设置小学、初级中学等学校，使儿童、少年就近入学。”这标志着就近入学政策已纳入到法制轨道。1992年国家教委颁布的《中华人民共和国义务教育法实施细则》第五章第二十六条规定：“实施义务教育学校的设置，由设区的市级或者县级人民政府统筹规划，合理布局。小学的设置应当有利于适龄儿童、少年就近入学。”可见，“就近入学”旨在规范政府实施义务教育的行为，对于儿童来说，“就近入学”是法律赋予他们的一项权利。至1993年，小学阶段基本实现了就近入学，但在初中入学问题上并没完全实行，因为小升初的入学考试仍然保留着。在此背景下，1993年，国务院颁布《中国教育改革和发展纲要》，提出要建立小学毕业生就近入学、初中毕业生升学考试、高中毕业会考和高考的升学与考试制度。1994年，国家教委颁发了《关于全面贯彻教育方针，减轻中小学生课外负担过重的意见》，该意见指出：“解决中小学生课业负担过重问题的根本出路在于改革……要积极推进招生考试制度的改革。小学毕业考试权要逐步下放给学校。已经普及初中教育的地方，小学毕业生免试就近入学。”至此，免试就近入学在小学和初中阶段，似乎已成既定的公共政策。然而，由于现实中小学和初中教育资源配置很不均衡，引发家长强烈的“择校”冲动和学校的乱收费，导致这一政策未能得到很好的执行。为解决愈演愈烈的择校和乱收费现象，1995年国家教委颁布了《关于治理中小学乱收费工作的实施意见》，明确提出在“九年义务教育阶段初中和小学必须坚持就近入学的原则，不准招收‘择校生’，严禁把捐资助学同录取学生挂钩”。最近几年，有关小学和初中“免试就近入学”的规定变得越来越具体，越来越刚性化和定量化。2014年1月14日，教育部出台《关于进一步做好小学升入初中免试就近入学工作的实施意见》，指出：“地方各级教育行政部门和公办、民办学校均不得采取考试方式选拔学生。公办学校不得以各类竞赛证书或考级证明作为招生入学依据。”2014年1月28日，教育部办公厅又颁发《关于进一步做好重点大城市义务教育免试就近入学工作的通知》，强调4个直辖市、5个计划单列市、10个副省级省会城市2014年应制订完善进一步规范义务教育免试就近入学的方案。实行就近入学政策的前提是，尽可能缩小区域内各个学校之间办学条件的差距。如果区域内学校之间办学条件、资源配置差距较大，那么家长通过各种方式进行择校就会在所难免。尤其是在市场经济条件下，人人都想获得最好的教育资源，接受最优质的教育。其次，免试就近入学的实施，本身就有可能损害教育的公平性。就近入学政策背后的逻辑是“运气”逻辑，假如你出生在一个好的学区，那么你就能上好的学校，假如你出生在一个教育质量落后的学区，那么你就只能在这个学区接受教育。于是乎，如果你的家庭能够运用金钱，就会通过购买学区房来解决你先天的不足。《虎妈猫爸》中为了学区房打闹售楼处20世纪90年代，为了促进义务教育的均衡化发展，促进入学机会的均等化，许多地方尝试采用“电脑派位”或“摇号”的方式，来决定学生小升初的入学。刚开始这种政策只在公立学校推行，不涉及民办学校，学校也只拿出部分学额用于电脑派位。发展到后来，”电脑派位”扩大到民办学校，并且所有学额一律实行电脑派位，取消自主招生。但在实行数年后，其诸多弊病开始显现，比如会把一些本身成绩好的学生分入了师资不太好的学校，造成了成绩下滑。现如今这种入学政策，已被逐渐淡化处理。原本是为了教育公平的“就近入学”，现在却造成了不公平。“就近入学”政策颁布以来，不少家庭为了替子女选择理想的学校，到重点学校、名校所在社区购置房产，或者把原有的房产置换到这一社区。如果家长买了学区房，他的孩子就可以上重点小学。如此不惜成本，只是为了获得满足“就近入学”政策的户籍。“就近入学”政策形成了直接、明显的教育的户籍歧视、身份歧视，反而严重损害了教育公平。编者结语在中国，“学区房”的形成有很多历史因素，现在让人们趋之若鹜的中小学，很多是以前教育投入倾斜而培养起来的“重点学校”。这样的历史原因造成的教育资源分配不均，在今天仍然极大程度地影响着中国的教育公平，并催生出畸形的学区房房价。去年，有家长以530万元的价格，在北京西城区购买了一间11.4平方米的屋子，就为了孩子能就读重点小学。当然，即便是发达国家也是有学区房的问题，但是从总体来看，优质教育资源全国分配，优质师资力量轮岗化，都是解决教育资源不均衡的不错的办法。解决起跑线上的不公平，理应成为解决所谓“不均衡、不充分”的关键内容之一。今年2月底，教育部在2018年中小学招生入学工作的通知中表示，在教育资源配置不够均衡、择校冲动强烈的地方，需积极推进“多校划片”政策。虽然平衡教育资源依然任重道远，但“多校划片”意味着我们已经迈出了艰难一步。我们尊重原创者版权，除我们确实无法确认作者外，我们都会注明作者和来源。在此向原创者表示感谢。若涉及版权问题，烦请原作者联系小编删除，谢谢！声明：本站所载文章、数据等内容纯属作者个人观点，不代表投资温哥华副刊的立场，仅供读者参考。]]></content>
  <author><![CDATA[投资温哥华副刊]]></author>
  <time>2018-08-14 12:18:15</time>
  <account><![CDATA[wgh779]]></account>
</data>
