<data>
  <id><![CDATA[50547484]]></id>
  <url><![CDATA[https://mp.weixin.qq.com/s?timestamp=1539596683&src=3&ver=1&signature=Egrj350GoKY8-KUcIJshbygQ83zEafrSxDa5nLoOgPlDFTXXLfHFKMxoHTXWGoiqeTA9WmMzzTCBzjGPStX27Dyc-G*6VjqvJD5stFNULvHlcVS6YP2kGRCEIWsc0rtkk9n3f9LevaFFIVkmtemD02*xjAvC2joopgHTq6Icdsk=]]></url>
  <title><![CDATA[感谢房地产，是你让我继续活着！]]></title>
  <content><![CDATA[随便到城里转一圈，问问年轻人最关心的事情，十有八九是房价，哪个城市的年轻人都在骂，房价太高了，这狗日的房价！还让人活不？01西南某省城，2016年上半年，偏僻一些的地方，5000-6000元/平方米的房子到处都是。MMP的，铜奖斯基准备10月份下手，国庆节，总会有点优惠吧。国庆开盘，飙到13000元/平方米！年底一限购，直接杠到18000元/平方米！现在20000多元/平方米，下不来了。02房价与货币的发行量的正向关系，就是钱印得越多，房价越高，这些我不想多说了，怕不尊重读者智商，侮辱读者。我们通过图表来看看，下面是最新的M2数据，看看印了多少钱。2018年3月份，根据人民银行的数据，人民币广义货币供应量达到173.99万亿元。按照当月汇率折算，人民币广义货币供应量（M2）为27.67万亿美元。我们拿到绝对的第一。老二（美国）+老三（欧盟），M2总量仅为27.66万亿美元。被我们远远地甩到后面去了。也就是说，地球上最最多的钱，都在我们这里。再往前10年看看，到底看谁印钱猛。看到没？一柱擎天。10年时间，我们的M2翻了5倍多。看看同时期的深圳房价，2007年均价13370元/平方米，2018年7月28日最新均价是55749元/平方米，涨4.2倍。虽然均价不太准，但不影响趋势的统计。和M2比较，你说房价不猛涨，还有天理吗？03什么？你说能不能不涨？你可以去做梦了。涨少点？好吧，涨少点，就按1倍算吧。假设10年来房子均价涨了1倍。2017年后，都分一线，二线城市排行榜了。只好一个城市一个城市地查。过去10年，北京4.9倍，上海3.9倍，深圳4.2倍。2007年M2总共39.98万亿人民币，2018年3月M2到173.99万亿人民币。10年时间就多搞出来134万亿。还有从2009年以来，每年都要增发几十万亿。堆积起来就是几百万亿！上面这个数据有点老，没办法，没有最新的，凑合着看，这些钱到哪个行业，哪一个行业都得立马爆表。04我们做一个假设，假设这些钱没有去房地产，去了流通市场。你现在还有10元，20元的盒饭吃吗？你还能在出租屋喝得五迷三道的骂房价？你还能酒足饭饱后再去看电影？也许真的如马云说的，8年后，房价就像一把葱。是一把葱如房价，还是房价如一把葱？这么多年以来，我们唱着岁月静好，是房子为我们的日常生活负重前行啊。房地产为我们背锅，房地产为我们挡箭，房地产让我们活了下来。房地产这头庞然大物，在M2这头猛兽前面，独当一面，奋力抵抗。如果M2是洪水，房地产就是堤坝。没有这个堤坝，别说栖身，连葬身都没有地方！洪水，那是铺天盖地而来。亲，你还骂房价吗？你还愤愤然吗？05这猪狗样的生活，其实是让M2给害的。可是每年这么多M2，怎么你的口袋里，你的存折上却基本没有感觉。这日狗的M2到底跑到哪里去了？你千万不要问我，我也不知道。我只眼看他起高楼，眼看他宴宾客。其他的真的什么也不知道。我们尊重原创者版权，除我们确实无法确认作者外，我们都会注明作者和来源。在此向原创者表示感谢。若涉及版权问题，烦请原作者联系小编删除，谢谢！声明：本站所载文章、数据等内容纯属作者个人观点，不代表投资温哥华副刊的立场，仅供读者参考。]]></content>
  <author><![CDATA[投资温哥华副刊]]></author>
  <time>2018-08-07 15:29:42</time>
  <account><![CDATA[wgh779]]></account>
</data>
