<data>
  <id><![CDATA[50547484]]></id>
  <url><![CDATA[https://mp.weixin.qq.com/s?timestamp=1539596683&src=3&ver=1&signature=Egrj350GoKY8-KUcIJshbygQ83zEafrSxDa5nLoOgPlDFTXXLfHFKMxoHTXWGoiqeTA9WmMzzTCBzjGPStX27ASrbOzyokiEOF3uWkBuk90R3vEeV5CucleHCe2xCkChyWf3y7KlLvKPMdKplHdhnAlIiy42Nbizol8DdWM3Mhc=]]></url>
  <title><![CDATA[震撼！深圳即将成为一座“无人”的城市！]]></title>
  <content><![CDATA[刚刚，人工智能规划出台！深圳即将成为一座“无人”的城市！大家都说当今时代发展太快了科技发展一日千人刚刚，广东人工智能规划出来了说是，深刻改变人类生产生活方式和思维模式，将实现社会生产力和劳动生产率的整体跃升。也有人说，深圳是中国的“硅谷”城市越来越国际化，交通越来越发达、生活越来越便利工作机会也越来越多！人才也越来越多，但是今天！“无人时代”要来了在一本叫《终极感知：跑赢未来的八大预见》的书里预测：2050年和未来的基础建设1.无人驾驶汽车和无人驾驶高速公路2.管道交通网络3.大气水分采集器4.微型大学5.太空发电站6.无人机快递网络7.大型能源储备8.全球语言档案库9.全地球谱系项目10.我们的万亿级传感基础设施其中，“无人”的城市离我们越来越近了！身在深圳和兄弟城市的我们深切感受到这股扑面而来的“高科技”气息势头可以说是很猛了！无人驾驶地铁深圳地铁14号线，首条无人驾驶地铁要来了，2022年竣工！日前，市轨道办官方微信发布深圳地铁 14 号线最新进展。据悉，深圳地铁 14 号线连接福田中心区和龙岗、坪山中心，支撑整个东部发展轴。线路列车采用自动化无人驾驶。目前，14 号线前期工作已经展开，预计 2022 年竣工。届时，龙岗将进入 30 分钟交通圈，坪山进入 40 分钟交通圈，深惠进入" 1 小时都市圈"。无人停车2015年底，深圳“最牛停车机器人”也是世界上第一台‘激光导航+梳齿交换’式汽车搬运AGV机器人”研发完成，除了精准度最高，还有速度最快和最灵活这两项“世界之最”。与传统停车相比，不需要人工寻找车位、倒车、寻找车辆、寻找出口、停车收费等繁琐环节，让深圳一家叫“怡丰”的机器人备受国内外瞩目。↑↑↑梳齿型停车AGV↑↑↑车抬板停车AGV事实上，AGV机器人的成功研发、投放市场，也标志了深圳拥有机器人领域、高端先进制造业领域的话语权和巨大的发展潜力。无人驾驶牌照深圳第一张智能网联测试小汽车号牌继去年智能驾驶巴士在公开道路测试后，深圳的自动驾驶迎来新的进展。5月14日，深圳市交委、深圳交警、腾讯、深圳交通规划设计研究中心四方联合签署战略合作框架协议，腾讯获颁深圳智能网联汽车道路测试牌照，这也是此次深圳交管部门颁发的唯一一张牌照。《日本经济新闻》7月26日报道称，从事自动驾驶技术开发的深圳星行科技(Roadstar.ai)是美国归来的首席执行官(CEO)佟显乔(32岁)等多名技术人员建立的。该公司只用短短1年就成功推出面向整车的系统。这种增长速度甚至超过了创业城市鼻祖美国硅谷。5月Roadstar.ai推出了一条龙提供自动驾驶技术的套件“Aries”。整个系统1台30万元，能以竞争对手1/5的价格提供。Aries除了中国制造的雷达和传感器之外，还配备一套控制系统。目前已从深圳的风险投资等筹集到1.28亿美元，将正式开始拓展业务。无人驾驶“云轨”乘客刷脸进站全自动化运行完全自主知识产权比亚迪华为联合发布“云轨”无人驾驶系统比亚迪云轨可实现全自动无人驾驶无人书店7月18日，深圳书城龙岗城占地约1.1万平米，总建筑面积约3.5万平米，分为地上5层地下2层，由荷兰麦肯诺建筑师事务所主持设计。深圳书城龙岗城致力于打造全国第一家全方位、多维度高端智能书城。通过大数据应用、微信号内容、“无人书店”等科技手段为市民提供新时代“5.0”版新书城的超前智能阅读体验。深圳书城龙岗城阿布e“无人书店”，是目前国内面积最大的“无人书店”，实用面积达178㎡，可以容纳更多的智能化设备，为读者提供更前沿的购书体验。“无人书店”里拥有国内最先进的支付系统，通过便捷的人脸识别进门功能，微信、支付宝等快捷支付手段，RFID智能防盗系统以及实时更新的会员推荐系统后台，完全实现无人值守的开放性购书环境。无人公交车相对于热火朝天的无人驾驶私家车来说未来无人驾驶的公共交通可能较先一步来到我们的生活去年深圳无人公交实施试行大家还记忆犹新吧？无人快递京东的智能配送机器人正式上路这是全球首次全场景常态化配送运营继全国首辆“无人巴士”去年底在我市试运行后，我市首个智能无人车快递员也将在西丽大学城“上岗实习”。为“无人巴士”和“无人车快递员”提供“眼睛”——激光雷达的是深圳南山“瞪羚”企业速腾聚创（RoboSense）。无人机深圳堪称“无人机之都”，占全球70%份额，全国90%的产值。其中，大疆占全球消费级无人机超50%的市场份额，2017年营业收入达180亿元。深圳无人机产业迅猛发展得益于完善的产业链和政府的大力支持深圳已成为无人机企业的聚集地从深圳出口民用消费级无人机占全国总量90%2015年，深圳无人机产业的产值达到220亿元2016年，达到260亿元2017年，继续保持快速增长，达到300亿元预计到2018年将超过360亿元人民币深圳已成为我国无人机企业聚集地产品生产基地和外销出口基地大疆创新、一电等一批龙头企业在无人系统领域崭露头角并辐射深圳周边地区带动整个珠三角的无人机产业发展无人机快递顺丰做大无人机送货:未来成本或低于人工配送顺丰控股发布公告称，3月27日，顺丰控股股份有限公司旗下子公司江西丰羽顺途科技有限公司，荣获了中国民用航空华东地区管理局颁发国内首张无人机航空运营(试点)许可证。这意味着，中国无人机物流配送正式进入合法运营阶段，堪称中国物流无人机发展的里程碑，也是对顺丰无人机物流配送运营能力的认可。简单地说，无人机送快递的时代正式开启了。无人警局腾讯与武汉市公安局交通管理局将携手打造的无人警局率先出现在武汉24小时营业全年365天都营业@武汉市民之家“无人警局”落地武汉市民之家依靠刷身份信息和刷脸“双保险”准入目前可办理补换领身份证处理交通违法及港澳台加签注等业务未来拟在全市全国推广无人彩妆店全国首家无人彩妆已经在上海正式营业了什么口红、底妆、卸妆产品通通都有的不久的将来，可以期待在武汉的精彩亮相在现场购买全程不会有导购的“热情陪伴”只要自己选中产品就可以扫一扫用支付宝支付了无人加油站马云的无人加油站从车主进场、加油、支付离场没有一个服务员，没有一个收银员不用排队、不用下车、不用拧开油盖！无人超市刷脸进门、自助购物、智能结算而且还有24小时不间断营业无人商店的整个造型简洁前卫小屋子的外形和两侧全黑的墙面加上正面的超大镜子妥妥的黑科技！2017年8月8日10点10分，深圳首家真正意义上的24小时无人便利店——天虹"WellGO"在深圳湾天虹总部大厦外揭开面纱。这也是全国首家由零售商而不是技术方开设的无人便利店。无人编辑对的，你没看错未来小编我就要失业了之前就有新闻说：腾讯开始用机器人写稿，一篇仅需一分钟，记者们已哭晕……如果说去年5月阿里1秒撸8,000张海报的超神鲁班，能让设计师们下岗那么，阿里今年新出阿里妈妈足以让文案小伙伴们闻风丧胆阿里妈妈AI智能文案能够针对不同产品1秒钟写出20000条风格迥异的文案而且保质保量无人4S店近20米高的大楼长的酷似一个停车场除了智能升降设备以外还有人脸识别系统只需手机上下单，支付宝完成付款然后到店提车无人银行国内第一家“无人银行”没有一个柜员,没有一个保安、没有大堂经理存款、取款、信用卡等95%的个人业务由智能机器人替代办理无感支付4月3日，深圳高速公路股份有限公司宣布，在深圳市交委的倡导及全程参与下，在广东省联合电子服务股份有限公司的配合下，经过近半年的设计、研发、测试等环节，实现了在高速公路上的无感支付技术应用。▲车主使用无感支付，缴费全过程时间少于10秒，支付时间仅3秒，较人工支付时间节省约 7秒。目前，深高速已完成无感通行技术储备。深高速经营深圳市的路网200余公里，深高速相关负责人表示，争取今年年底在深高速经营的梅观高速、机荷高速、盐坝高速、盐排高速、龙大高速、水官高速等200余公里的路段范围内设置“无感通行”车辆专用道，实现全市范围内的“无感通行”，即不用现场拿卡和缴费，直接通行。此前，机荷高速就已经开通了「无感支付」专用车道，算上刚上线「无感支付」的沿江高速深圳段和梅观高速，深圳目前共有3条高速公路可使用「无感支付」。深圳区域机荷高速、梅观高速、沿江高速深圳段全线收费站均各设置1条无感支付专用车道，车主在收费广场可根据专用道指示牌、电子信息牌、地面标线等选择无感支付专用通道。深高速将于近期全面铺设无感支付设备，还将逐步支持龙大高速、水官高速等深圳区域其他高速公路无感支付通行。除了App，「深圳e交通」也是有微信小程序的，大家如果不想下载App，也可以在微信小程序中搜索「深圳e交通」，像部分用户使用的是苹果手机，就可以直接在小程序上实现「无感支付」操作。无人环卫车最意想不到的还有无！人！清！洁！车！每到深夜就会静悄悄地上演一场“大戏”自动苏醒、低速运行、清扫街道完美实现道路清扫拐弯绕障碍物统统不在话下自动感知到前方有障碍物自动绕行在无人时代，“ALL in AI”似乎渗透到了我们生活的方方面面，那未来我们人类的工作怎么办？京东的16万员工，每年公司要为他们缴纳60亿人民币的保险和公积金，除此之外，缴纳的税款还要更多。相比之下，机器人不吃不喝不休息，并且不用缴纳各种费用，性价比远超吃喝拉撒还要交五险一金的人类。如此一来：如果京东真的实现百分之百实现AI和机器人运营后，京东的员工总数，可能不止减少50%，甚至只剩下10%的员工！除开京东，其他公司呢？无人技术越来越好！今天你的竞争对手早已不单是人而是比你更快、比你更精准、还不会累的机器谁比得过？从第一台计算机诞生到互联网发明，不过44年从门户网站到电子商务的崛起，不过5年从智能手机普及到微商遍地，不过1年从移动支付流行到手机消失你认为会很久吗？15年前，有人说将来拿着手机可以全球对话视频是做梦；▼5年前，有人说以后手机代替电脑可买火车票是做梦；▼3年前，有人说手机可以代替取款机可随时随地支付购物，这肯定是做梦；▼但今天，这些都实现了新技术带给我们惊喜和便利的同时也让我们产生了焦虑网银取代了现金，手机取代了电话不禁担忧未来人工智能的地位会取代人类时代在变、在飞速发展改变不了的就只能去适应、改变自己所以要想不被淘汰不在技术革新的浪潮中被远远甩在后面唯一能做的就是不能停下学习的脚步这个时代需要的还是有能力和智慧的人因为要是再不努力连马路都不需要我们扫了！我们尊重原创者版权，除我们确实无法确认作者外，我们都会注明作者和来源。在此向原创者表示感谢。若涉及版权问题，烦请原作者联系小编删除，谢谢！声明：本站所载文章、数据等内容纯属作者个人观点，不代表投资温哥华副刊的立场，仅供读者参考。]]></content>
  <author><![CDATA[投资温哥华副刊]]></author>
  <time>2018-08-21 13:29:25</time>
  <account><![CDATA[wgh779]]></account>
</data>
