<data>
  <id><![CDATA[51124561]]></id>
  <url><![CDATA[https://mp.weixin.qq.com/s?timestamp=1539596303&src=3&ver=1&signature=Egrj350GoKY8-KUcIJshb7gICNkcd1YJMCIrgiyqpMDfE2ZC3LnTcDhFo0XRLfC9s9yAA2JkjNobVna7L4CyBVLIemMtDYjCKbTHtBEGY-6B4hA3F67RLUy6v9BStkhhxBRWUoMr*-c3tajplci0Jh2MV2YbvB*oAszcZGecVEA=]]></url>
  <title><![CDATA[楼下快递柜收费，收件人被迫“买单”，合法吗？]]></title>
  <content><![CDATA[最近有市民发现，原本十分便利的快递柜有时间限制了，一旦超过固定时间就会从免费变成收费，有的则开设了打赏功能。“有快递入柜会收到短信通知，但有时候没注意短信，就过了免费领取时间，超时就要自己付费。”市民王女士抱怨说。市民吐槽快递放在快递柜为何要我付费？家住南山的曹女士反映，有次她的一个快递存放在速递易快递柜，由于工作繁忙当天忘了取。等她第二天上午赶忙去取时，却发现快递柜系统提示"快递已滞留快递柜超过24小时"，需扫码支付1元"滞留费"。曹女士尝试不支付，便只能退出系统，无法取件，最终无奈地缴纳了费用。▲超过24小时取件，蜂巢快递柜出现打赏页面。无独有偶，“剁手达人”周小姐也遇到了这样的问题。从去年开始，快递员经常都会在未经她同意的情况下将她的快递丢进快递柜。“我们楼下有两个丰巢快递柜，顺丰或者天猫超市的快递员一般还会送货上门，或者送货前打电话与我沟通。但是其他快递公司的快递员一般就会直接把快递丢在快递柜里，偶尔会发短信通知，但多数时候不会特别告知。”她说。一开始，周小姐觉得去楼下取快递也很方便，并没有特别介意。但是从上个月开始，她发现快递被放置在快递柜超过24小时未取，再去取时，快递柜显示屏上就会出现一个“打赏”的二维码，一般都是一元钱。刘先生在接受采访时表示，快递柜针对超过24小时未取的快递收费是可以理解的。“毕竟现在快递柜的使用率很高，如果大家都任由快递放在快递柜里不及时取出，难免也会影响别人的使用。”刘先生认为，快递柜的出现的确为上班族工作时间内安全收快递提供了便利，也避免了快递员在休息时间打扰收件人。“从这些角度来说，每次一两元的打赏也不贵。但是希望快递员把快递放在快递柜前先征得收件人同意，并告知相应的收费标准。”刘先生说。不少市民表示，他们并不愿意快递员将快递放到快递柜里，但快递员未征求他们的同意就将快递“一扔了之”。记者调查各家快递柜收费标准不一▲市民从日日顺快递柜取件。记者了解到，丰巢快递柜超过24小时，不收超时费，但取件会出现“打赏1元”界面，可以点赞后，免费取件。关注公众号，绑定手机也可免费取件。而日日顺和e栈的快递柜一方面要向快递员收费，另一方面，当快件超过24小时未取时，要向取件人收取一元钱的费用。快递员小罗告诉记者，他平时投递时也会用到快递柜，但是需要通过快递柜公司方提供的账号充值使用。每次进行投递时，每件快递每格会收取三毛、五毛、一元不等的费用。另一名中通快递员介绍说，目前快递柜一般都是三毛钱使用一次，由快递员支付，但是快递柜只为顾客免费保存24小时，超过24小时后，每增加一天要加收一元钱，这部分金额则由顾客承担。虽然快递柜已经遍布各个小区，但对于快递员来说，他们投递并不是都倾向于快递柜。“放在快递柜得一件件扫，而且格子有限，一个快递公司就能把快递柜塞满，都放在快递柜并不实际。”中通快递的快递员小李说，他更倾向于把快递都放在小区的菜鸟驿站。“可以把一天所有的件都放在那，让驿站的人处理通知收件人取件，大大增加效率。”专家说法收取费用须提前向消费者明示记者从深圳市消委会了解到，市消委会也曾接到不少市民关于快递柜延时收费的投诉，市民大都认为购买商品时已经支付了快递费，那么快递员就应当将物品送上门，不该将使用快递柜的费用转嫁给消费者承担。市消委会法律部何宝媚：现在快递柜存在市场竞争的行为，而且占用社区资源，收取一定的费用也无可厚非，费用属于市场定价。但收费必须提前向消费者明示，并在相关部门备案。比如收费的标准，应该在消费者取件前告知，让消费者知晓，并自愿支付，这就不属于霸王条款。如果没有提前告知消费者，则侵犯了消费者的知情权和公平交易权，属于不合理收费。泰和泰（深圳）律师事务所律师郭兰：首先，针对快递柜经营商该不该收费，快递柜的出现为快递行业的发展提供了不小的助力，它让终端的快递员们节省了很多派件时间，免去了快递员多次派件的辛劳，快递柜有它存在的价值和空间，快递柜经营商提供了有价值的服务，因此收取保管费合法、合理、正当。那么，如果快递柜该收费，应当由谁支付呢？这一现象的背后实际上有四方主体：发件人、收件人、快递公司、快递柜经营商。这四方的关系分别是：发件人与收件人形成的或买卖或赠与或其他的合同关系；发件人与快递公司形成的运输合同关系；快递公司与快递柜经营商之间的保管合同关系；快递柜经营商与收件人之间的保管合同关系。当收件人的收货地址直接选择了某快递柜时，则快递柜经营商与收件人之间形成保管合同关系，产生的超期保管费用由收件人承担。当然这里还有一个前提是，快递员要及时通知到收件人，物品已经投放至快递柜。当收件人的收货地址并未选择快递柜时，则快递员不应当将物品投放快递柜，而应当送至收件人指定的地址。若快递员未通知收件人便将物品投放至快递柜，产生的费用当然应当由快递公司承担；当收件人不在指定的收件地址无法接收快递时，为了免去快递人员再次派送的麻烦，收件人同意投放至快递柜时，可以投放至快递柜。但此时并不是收件人与快递柜经营商形成的保管合同关系，而是快递公司与快递柜经营商形成的保管合同关系，因此因保管产生的费用应由快递公司承担。记者手记记者了解到，今年5月1日起施行的《快递暂行条例》规定，在快递投递上，要求快递员必须先打招呼，再放快递柜或是代收点。如果消费者不同意，就应该兑现“快递送到家”的承诺，否则属于违规。来源：深圳晚报 晶报编辑：lee 编审：贺平涛美编：小球标星+置顶蛇口消息报一秒找到蛇报君🔻]]></content>
  <author><![CDATA[蛇口消息报]]></author>
  <time>2018-10-10 11:57:28</time>
  <account><![CDATA[shekounews]]></account>
</data>
