<data>
  <id><![CDATA[51124561]]></id>
  <url><![CDATA[https://mp.weixin.qq.com/s?timestamp=1539596303&src=3&ver=1&signature=Egrj350GoKY8-KUcIJshb7gICNkcd1YJMCIrgiyqpMDfE2ZC3LnTcDhFo0XRLfC9s9yAA2JkjNobVna7L4CyBZ49msEP*J3fA1Scqt2Q8l3KRFf-KAgCnNHQJ3NLM66ee5CtSVKAlkWelQ-CUlyfDOCXPd0ywABqAMfEXTJr6Uo=]]></url>
  <title><![CDATA[南方科技大学2家直属附属医院揭牌，在你家附近吗？]]></title>
  <content><![CDATA[昨日南科大两所直属附属医院揭牌实现医教合作与资源共享南方科技大学第一附属医院在深圳市人民医院揭牌▼南方科技大学第二附属医院在深圳市第三人民医院揭牌▼学校与医院将在人才培养、学科发展、队伍建设、科学研究等方面实现联合办学与医教合作、资源共享，为深圳市居民带来更便利、更完善、更高端的医疗卫生服务，推动粤港澳大湾区医学教育和临床科研的发展。根据市政府的相关决议，南方科技大学第一附属医院和南方科技大学第二附属医院顺利揭牌，这标志着深圳市人民医院、深圳市第三人民医院正式成为南方科技大学直属附属医院，此举对于南科大和深圳市人民医院、深圳市第三人民医院来说，都是一个崭新的起点。深圳市卫计委负责人希望：南科大医学院与两家附属医院聚焦人才培养、学科建设、科研平台，在医教研方面勇当尖兵，不断满足深圳对优质医学人才的迫切需求，增强深圳未来医学人才培养能力，有力推进深圳建设国际化区域医疗卫生中心工作的进程。南方科技大学负责人表示：南科大医学院与附属医院要在深圳市建立“新医学”教育体系、创新医学高端人才培养模式和提升医教研一体化等方面发挥重要作用。南科大将按照国际一流高水平大学附属医院的标准，纵向整合医疗资源，借助南科大优势和平台，全面提升医院的综合服务能力，助力医院争创国家临床医学研究中心，建成深、港、澳及珠三角地区集医疗、科研、教学与预防保健于一体，国内一流、国际先进水平的现代化综合三甲医院。来源：蛇口消息报记者 姚家玥编辑：lee 编审：贺平涛美编：小邱标星+置顶蛇口消息报一秒找到蛇报君🔻]]></content>
  <author><![CDATA[蛇口消息报]]></author>
  <time>2018-10-09 12:06:19</time>
  <account><![CDATA[shekounews]]></account>
</data>
