<data>
  <id><![CDATA[51124561]]></id>
  <url><![CDATA[https://mp.weixin.qq.com/s?timestamp=1539596303&src=3&ver=1&signature=Egrj350GoKY8-KUcIJshb7gICNkcd1YJMCIrgiyqpMDfE2ZC3LnTcDhFo0XRLfC9s9yAA2JkjNobVna7L4CyBVLIemMtDYjCKbTHtBEGY-5LZ2tkuOxuhiTbbUPdrg09Z7fM2PUGRIBtQberbEfUG7K2pzT4YdBTb-Pimf9KYpE=]]></url>
  <title><![CDATA[“深大校花”介介刷屏！红遍抖音让男生有恋爱感觉，她到底什么来头？]]></title>
  <content><![CDATA[这里一直都在讲述老百姓的故事。今年4月，消息报推出《说出你的故事》第1季“新新人类”后，收获大量铁粉。今天开始，我们将推出第2季“美人计”。她们是南山各行各业的高颜值美女，心善人好，还是有故事的人。她们说，我们听。今天就要给你说说“深大校花”介介的故事。姓名：介介职业：深大学生身高：171cm星座：狮子座最喜欢的水果：芒果最喜欢的书：《自在独行》个人箴言：要相信伤口有多痛，时间就有多温柔，万事到头终将如意。有男生说，看到她的笑，就感觉自己要恋爱了。2015年，远在山西的介介因为当年的深圳大学招生宣传片，决心报考这所南方大学。她没想到一年后自己会成为深大宣传片的女主角。现在已经大四的介介，回忆选择深圳的源头，应该是出于动漫的喜爱和成为配音演员的渴望。“看火影忍者、看海贼王、看很多动漫，我慢慢觉得是配音演员赋予了这些二次元人物灵魂，每次听到特别有穿透力的声音时，我都感动得一塌糊涂，哭得要死要活。高二下学期，我决定开始学习播音，走上艺考这座独木桥，才有了后来的这些经历。”01“英勇的介介”：勇敢又疯狂“微博名叫‘英勇的介介’，是因为有时我会觉得自己勇敢得像是一个英雄。”家人并不支持介介艺考。一边准备考试，她还一边自己偷偷出去兼职，攒钱支付考试的费用。播音艺考的才艺表演环节，她学的是吉他弹唱。“完全就是临时抱佛脚学的才艺表演，我练吉他练得特别痛苦，手上磨出了很多茧。当时唱的是《夜空中最亮的星》，练习时每天抱着吉他去到KTV，边弹边哭，边哭边唱，总是想着如果艺考过不了，那我肯定上不了好大学。”后来的艺考中，介介发挥很好，成绩排在了全省前几名。下定决心要考上深大，她在填高考志愿时，连提前批都没有填报。“艺考专业分数考得很好，如果填了提前批，可能就被其他学校录走了。所以我直接就填报了深大，当时心里特别忐忑，其实是比较冒险的做法，还好最后被深大录取了。”第一天来深大报到的场景，至今在她的记忆中还很清晰：那一天穿的是粉色民国风碎花裙，南区体育馆报到处，社团招新、快闪表演……人山人海里是一张张青涩年轻的面孔。“我从小就挺独立，到大学也是自己拖着大箱小箱，一个人穿越2000公里过来，当时就觉得也算是一件勇敢又疯狂的事。”9月进入大学，12月的迎新晚会中，介介作为暖场主持就已崭露头角，并被推荐拍摄2016年深大招生宣传片。由于双女主角的设定区分，导演建议她将留了多年的长发剪短。“心情很复杂，我是一个对长发有特殊情结的女生，从来就没有因为失恋、感情挫折剪过头发，拍宣传片需要剪短发，内心超级纠结。但是一个非常难得的机会摆在面前，我也特别想去参与尝试，让更多人能够看到我，后来就把长发剪短了。”02校花、抖音红人：没有偶像包袱新一年招生季，介介参与拍摄的新生宣传片在学校公众号推送、各大媒体上宣传，越来越多人认识了她。上课路上，会有同学跑过来问她是不是宣传片女主角；在抖音上，介介拥有了113万粉丝，她上传的视频点赞数最多的达到450万；慢慢有人为她贴上“校花、抖音红人”的标签……这些标签并没有给介介带来什么偶像包袱。她记得有一次在宿舍楼下买炒粉，因为宿舍空调坏了，就直接穿着睡衣、捧着炒粉在炒粉摊旁边吃了起来，朋友们还开玩笑说，宣传片女主角怎么回事，在这儿干嘛呢。“可能我性格比较大大咧咧，当然有时状态很糟糕，我也会逃避，就说不好意思认错了，回想起来就会觉得还蛮好笑的。”今年开始，介介偶尔会在抖音上发发自己的短视频，迅速累积起了过百万的粉丝量。“抖音我算是玩得很滞后的，平时比较忙也很少发，一开始没想到会有这么多的点赞和粉丝，还蛮意外。‘校花’评价都是因人而异，没有标准答案，每个人审美不一样，就当成平常的东西来看待。有时我也会想自己有没有什么闪光点，技多不压身，主持、表演、配音，什么技能我都愿意去尝试，也想自己永远带给大家阳光积极的正能量，相信去做什么都可以的，很多事情就会越来越顺利。”03请看着我！请注视我！学习、工作之外，介介和普通大学生一样，也爱打游戏、追星。说起自己的爱豆（idol，偶像）——nine percent成员“小鬼”，她的眼里放出光。“他就是无尽的快乐源泉，有才华，跳舞棒，可爱、直接又爽朗，有特别吸引我的地方，而且给人新鲜感，你永远不知道他下一秒会做什么。每次看到他就会很开心。”看到偶像闪闪发光的样子，她也会想要变成更优秀的人。一次连着去武汉、广州出差回到学校后，介介歇了一下就准备去练舞，舍友劝她别太累了。“当时我就说，我哪里有小鬼累，他的行程都排得满满的，我得去跳舞，感觉自己比以前更勤奋了一些。追星也要有一个程度，首先要自己生活好，才能有能力去追星。偶像闪闪发光的样子，让我每一次一有松懈念头就告诉自己，要坚持做好一件事，这也是一个目标信仰，让自己心里有力量。”狮子座的她形容自己自尊心很强，经常报喜不报忧。曾经，在上镜课表现不好、兼职工作被骗这些糟糕的事情接踵而来时，介介一度也否定自己。在她最孤独的时候，好朋友的一通电话让她感觉重新活了过来。“大学里也交到一些知心朋友，我们无话不说无话不谈，做着自己喜欢的事情，现在一切都很阳光美好。”日本动漫《新世纪福音战士》中，明日香“请看着我！请注视我！”这句话一直激励着介介，明年大学毕业后，她依旧会选择留在深圳，从事自己喜欢的职业、热爱的事业。“我想别人多看到我的努力，做什么事情不害怕会输、会失败，想要的东西尽全力去争取，越来越勇敢。”来源：蛇口消息报记者  曾晓婷 受访者供图编辑：lee 编审：贺平涛美编：小球标星+置顶蛇口消息报一秒找到蛇报君🔻]]></content>
  <author><![CDATA[蛇口消息报]]></author>
  <time>2018-10-10 11:57:28</time>
  <account><![CDATA[shekounews]]></account>
</data>
