<data>
  <id><![CDATA[51124561]]></id>
  <url><![CDATA[https://mp.weixin.qq.com/s?timestamp=1539596303&src=3&ver=1&signature=Egrj350GoKY8-KUcIJshb7gICNkcd1YJMCIrgiyqpMDfE2ZC3LnTcDhFo0XRLfC9s9yAA2JkjNobVna7L4CyBXpxVH4JSwiM5lDySGNyt3oxrHrisdtSESQoU4jj1wKUnQ8yhGofhW7vfi6usdSftSvWq9OuZqRiagmVzVnwQWo=]]></url>
  <title><![CDATA[假期最后一天，25万辆车正在回深路上！防堵看这里]]></title>
  <content><![CDATA[假期最后一天25万辆车正在回深路上深圳交警介绍了一些返程建议和情况通报方便回深车友及时规划错峰出行10月7日交通预测深圳交警介绍，截至10月6日下午17时，未出现明显的返程高峰和拥堵情况，预计7日部分时段出现拥堵。从7日上午10时开始至下午18时为返程拥堵高峰，同时市内热门景区及大型商圈的客流量及其周边道路压力较大！国庆小长假的最后一天，返程高峰即将来袭，深圳交警严阵以待，坚守一线，保一方平安畅通。也提醒广大驾驶员行车谨慎、安全第一。深圳交通情况截至10月6日，假期进入倒数第2天，返深车辆明显增多。天气持续晴朗，仍有大量市民及游客选择市内景点游玩；据统计，10月1日至6日12时，深圳出深车辆数为173.86万辆次，入深车辆为148.72万辆次。截至6日12时，深圳全市道路交通状况正常，出深车辆大幅减少，入深车辆增多，世界之窗、东部华侨城、民俗文化村等市内景点客流热度较高，东部片区周边道路压力较大，而大部分大型商圈客流热度及周边道路压力较平日均有所下降，市民中心片区因灯光秀原因夜间较为拥堵，但全市道路交通整体良好。总体来看，入深的车多了，出深的车少了。24小时内（统计时段：10月05日12时至06日12时，下同），深圳出深车辆数为21.61万辆次，环比减少29.76%，入深车辆为32.20万辆次，环比增加53.39%。出入深圳道路情况车辆的流向方面，由深圳东部入深（深汕、惠盐、博深、惠深沿海）的车辆约14.13万辆，比昨天增加25%，由深圳中部入深（梅观-莞深）的车辆约5.6万辆，比昨天增加16%，由深圳西部入深（107国道、广深、沿江、南光-龙大）的车辆约12.45万辆，与昨天基本持平。数据显示，入深车辆选择梅观高速和沿江高速、龙大高速的数量最多；出深车辆选择梅观高速和广深高速的数量最多。各时段出入深车辆情况5日入深车辆从下午14时开始增加一直持续到晚上22时开始减少，6日深圳从9时开始入深车流开始增加，中午时段达到峰值，达2万辆次，整体行车状况较好，除深汕高速从白云坑桥到马塘大桥东往西方向较为拥堵外，其他道路均较为通畅。而深圳市内交通情况整体情况良好。6日全市市内交通整体情况良好，交通拥堵指数为1.07，较昨日下降了1.83%，路网时速为45KM/小时，较昨日(44.14KM/小时)提高了1.95%。深圳市外地小汽车情况经统计，24小时内在深圳行驶的外地小汽车共100万辆，环比增加5.77%。通过对在深圳行驶的外地车辆属地分析，省内外地车较多的是东莞籍18.75万辆和惠州籍10.26万辆。而外省车辆较多的是湖南籍4.6万辆、浙江籍3.97万辆和湖北籍3.3万辆。经过统计，全市出行车辆共计232.64万辆，比昨天出行车辆增加8.02%，市民驾车出行意愿有所增加。知多D1、东部回程情况5日下午14时至18时及晚上19时至22时车流量最多，出现缓行情况，其他时段交通流量正常。2、热门景区交通情况6日，深圳热门景区交通压力整体高于平日，东部华侨城周边道路出现缓行状态，其他景区周边道路均畅通。3、大型商圈周边交通情况全市各大型商圈周边道路交通良好，商圈周边拥堵指数较平日均有所下降，未出现异常拥堵现象。4、东部景区道路情况24小时内，共有7096辆机动车前往大、小梅沙、东部华侨城片区，因大、小梅沙封园，该片区环比平日仅增加11.98%，共有20235辆机动车前往大鹏景区，环比平日增加71.38%，前往惠阳方向10861辆，环比平日减少12.92%。来源：综合整理自南方+、深圳交警编辑：lee 编审：贺平涛美编：小杨标星+置顶蛇口消息报一秒找到蛇报君🔻]]></content>
  <author><![CDATA[蛇口消息报]]></author>
  <time>2018-10-07 12:30:34</time>
  <account><![CDATA[shekounews]]></account>
</data>
