<data>
  <id><![CDATA[51124561]]></id>
  <url><![CDATA[https://mp.weixin.qq.com/s?timestamp=1539596303&src=3&ver=1&signature=Egrj350GoKY8-KUcIJshb7gICNkcd1YJMCIrgiyqpMDfE2ZC3LnTcDhFo0XRLfC9s9yAA2JkjNobVna7L4CyBTLzgkMfqdUF9Lj*y2TO5m0YcMkWmPW7SdXsIMf5WvwAIDmzAqLTJ-LcZ9Rzpc4N3SGdeIWUnUI4QRo1wZt-5l0=]]></url>
  <title><![CDATA[暖心！他累计捐赠2900余万元，还成立拥军基金会！2018“广东好人”实至名归]]></title>
  <content><![CDATA[记者昨日获悉，省文明办日前发布2018年第二季度“广东好人”名单，浪陀钟表（深圳）有限公司董事长关炜楠等28人荣获“广东好人”称号。▲关炜楠据了解，为培育和践行社会主义核心价值观，展示公民道德建设的丰硕成果，更广泛地动员城乡广大群众支持和参与精神文明建设，省文明办组织开展了2018年第二季度“广东好人”推荐评选活动。经各地各部门推荐、专家评审，深圳市南山区关炜楠等28人荣获2018年第二季度“广东好人”称号。这次上榜的28名“广东好人”中，有助人为乐者8名、见义勇为者5名、诚实守信者2名、敬业奉献着7名、孝老爱亲者6名。▲关炜楠（左）慰问抗战老兵此次评选，关炜楠获评助人为乐类“广东好人”。关炜楠坚持以公益慈善事业为己任，积极开展拥军优属、扶贫济困、助老爱幼、关爱弱势群体等各类公益慈善活动，累计捐赠慰问金和各类慰问物资2900余万元，累计走访部队和优抚对象600余次，与驻地25个部队签订军民共建协议，开展各类军民共建活动100余场次。此外，他还致力于发动和号召社会各界力量加入拥军队伍，发起成立深圳市浪陀拥军基金会。该会成立以来，发动企业50余家，累计募集社会拥军资金400余万元，推动区域社会化拥军队伍不断发展壮大。2016年7月，关炜楠被评为“全国爱国拥军模范”，成为深圳建市以来获此殊荣第一人。来源：蛇口消息报记者 黄涛编辑：lee 编审：贺平涛美编：鲁力标星+置顶蛇口消息报一秒找到蛇报君🔻]]></content>
  <author><![CDATA[蛇口消息报]]></author>
  <time>2018-10-15 11:19:41</time>
  <account><![CDATA[shekounews]]></account>
</data>
