<data>
  <id><![CDATA[51124561]]></id>
  <url><![CDATA[https://mp.weixin.qq.com/s?timestamp=1539596303&src=3&ver=1&signature=Egrj350GoKY8-KUcIJshb7gICNkcd1YJMCIrgiyqpMDfE2ZC3LnTcDhFo0XRLfC9s9yAA2JkjNobVna7L4CyBVLIemMtDYjCKbTHtBEGY-5giMBgIyrXWf7lXJ1tgcTPbq9UuQFvjCw4DdrMNHPRW8CMiFhkuFiNqobkbdHlCCc=]]></url>
  <title><![CDATA[全球创客来了！科技感燃爆蛇口]]></title>
  <content><![CDATA[国庆刚刚过去，深圳又迎来一年一度的创客嘉年华。2018全国双创周深圳活动暨第四届深圳国际创客周开幕！深圳这座“创客之都”的非凡魅力再度集中释放。▲互动麦田10月9日，2018全国双创周深圳活动暨第四届深圳国际创客周在海上世界文化艺术中心正式启动，数百家创业公司、创新产品以及创客们相聚于此。深圳市人民政府副市长王立新、副秘书长吴优，市科技创新委员会主任梁永生、市发展和改革委员会副主任蔡羽、南山区副区长练聪等领导，与有关市直部门及各区（新区）代表，数百名创客嘉宾出席开幕式。▲领导与嘉宾按下启动钮。本届创客周由深圳市政府主办，市科技创新委、市发展改革委、前海管理局、团市委、各区政府（新区管委会）承办，深圳市工业设计行业协会、深圳柴火创客文化传播有限公司（柴火创客空间）协办。20场活动尽展“双创”活力据悉，本届创客周主会场呈现了上千项来自全球科技前沿的创新项目，人体相机Touchy、互动麦田（Wheat Field）等具有艺术性的互动装置，将给观众带来不一样的城市观察视角和空间变化感受。▲现场体验。据悉，本届创客周将持续到10月15日，除了精彩的创客项目和产品展示，本届创客周的“节目单”还包括制汇节（Maker Faire）、GOSH国际开放科学硬件大会、一带一路国际创客论坛、“未来创客”国际创客马拉松、海峡两岸青年创客论坛、全国大学生创业大赛、“创青春”深圳青年创业年度风云人物评选、柴火自造谈创客论坛、前海粤港澳青年创客营、“创想深圳·遇见未来”超级盛典等20场活动，充分打造创新创业者交流成果、展示风采的舞台。▲创客现场展示开幕式上，王立新肯定了深圳近年来在优化创新创业生态、提升创新创业科技内涵、破解创新创业企业融资难题、拓展创新创业覆盖广度等方面取得的成绩，并表示将继续加大力度培育双创后续发展动力。国际创客代表、世界知名的开源硬件和开源软件平台Arduino联合创始人马西莫·班兹（Massimo Banzi）表示，深圳的创新生态吸引着来自全球的创业者，希望在未来能与深圳开拓更多的合作。这些互动装置让人眼前一亮作为亚洲创业硅谷，深圳创客周无疑将这座城市的“创客气质”展露无遗。主会场上，共27个主题、近50场不同类型的创客工作坊，涉及教育、时尚科技、音乐、虚拟现实等多个领域，让更多市民切身感受到创新创业带来的生活变化和美好体验。戴在鼻梁上的“鼠标”在一个并不显眼的展位上，几位年轻人正在为观众展示一款款特殊的“眼镜”。戴上这款眼镜，通过头部的轻移就可以让电脑鼠标在屏幕上移动，而轻咬嘴边的一个微型装置，便可实现鼠标的左右键叩击功能。另一款“吹气开关”，高位截瘫患者轻轻吹上一口气，便可叩击鼠标，如同赋予他们一双无形的“手”，一系列有温度的产品令现场观众赞叹不已。购物车也玩起了“无人驾驶”▲充满个性的无人驾驶小车。在主展厅，不少观众在围观一台方方正正的“盒子”。盒子四面分别有一块触摸屏，上面写着“请选择商品、请选择购买方式、请取走商品”等字样，原来这是由深圳普斯英察科技有限公司自主研发的一款可以自由穿梭在小区和楼宇之间的无人驾驶移动购物车。该公司负责人俞波向消息报记者介绍，公司的技术理念主要是通过模块化、乐高式的设计，使用五六个模块，搭建功能各异、充满个性化的无人驾驶小车。公司在相关领域已经拥有了100多项专利技术。废旧品拼装成无人乐队▲万物皆有生命，都是造物者的作品行走在会场上，观众的耳边时不时会响起一阵悦耳的音乐，循声望去，会看到一组造型奇特的无人乐队正在场地中央“演奏”。琴键在机械臂的带动下欢快跳动，架子鼓有节律地击打，大提琴的琴弦时时拨动……线路密集、制造精妙的机械臂就是幕后“乐手”。更令人称奇的是，这些乐器都是由旧轮椅、缝纫机、健身器材、收音机、自行车、摩托车等废旧物品零器件拼装而成。设计师李营介绍，他们将乐队命名为“受造物乐队”，希望借此传递一种理念，即万物皆有生命，都是造物者的作品。“互动麦田”让科技更艺术▲风吹麦浪，十分唯美“ioNature:Wheat Field互动麦田”是一个大型互动艺术装置，当人走近时，棵棵麦秆自动摇曳，就像风吹过麦田形成的麦浪，十分唯美。据悉，该设计融合了艺术、工程、电子等元素，意在表现人与自然通过科技互联融为一体。项目中国区总监郝福华介绍，该装置由身在美国的两位华人青年设计，已获得了德国红点奖、纽约设计金奖、德国设计奖等多项国际奖项。来源：蛇口消息报见习记者 李晓慧/文消息报记者 郭进/图编辑：lee 编审：贺平涛美编：小球标星+置顶蛇口消息报一秒找到蛇报君🔻]]></content>
  <author><![CDATA[蛇口消息报]]></author>
  <time>2018-10-10 11:57:28</time>
  <account><![CDATA[shekounews]]></account>
</data>
