<data>
  <id><![CDATA[51124561]]></id>
  <url><![CDATA[https://mp.weixin.qq.com/s?timestamp=1539596303&src=3&ver=1&signature=Egrj350GoKY8-KUcIJshb7gICNkcd1YJMCIrgiyqpMDfE2ZC3LnTcDhFo0XRLfC9s9yAA2JkjNobVna7L4CyBaQerbK-QXNopLqiThhAMHrULaM8ilulFUJx0ofCA1bJq30I4Ym9gorXKyO8VAfG0LY9-0jCmNT2eunJnWyMss4=]]></url>
  <title><![CDATA[警惕！高速行车，这个几个小动作可致命]]></title>
  <content><![CDATA[快乐的时光过得特别快国庆假期结束已经进入倒计时有返程的小伙伴也有人抓住假期的小尾巴“浪”最后一波无论怎么样行车安全千万不能忘高速公路行车速度非常快专心致志开车颇为重要如果驾驶人注意力稍有不集中一瞬间的失神就可能导致严重的交通事故所以一定要牢记！这7个小动作，高速行车千万要不得1.    低头捡拾掉落的物品大部分的车主可能都会有这样的经历，如摆放在仪表台上的手机因为转弯而滑落，为了图省事一边驾车一边俯身拾捡，有的甚至弯下身到副驾驶位置下拾捡，这样不仅有几秒钟的视线盲区而引发事故，而且单手驾驶时可能会因为俯身造成牵动手臂大幅度拖拽方向盘，以至于车辆失控发生事故。2.    拨号码、收发短信、刷微博、发微信微信、微博这种新兴的媒介已经渗透到社会生活的众多领域，有些驾驶人为了提高信息的时效性，甚至一边驾车一边撰写编发，要知道如果以40公里/小时的速度行驶，低头看信息1秒钟车辆就会行进11米，这时的行车安全如何保障。3.设置GPS卫星导航仪、低头换CD碟片或调节收音机4.化妆、敷面膜爱美之心人皆有之，本无可厚非，但边开车边化妆就不可取了，既分散了注意力，手持化妆用品也会导致对驾驶的短暂失控，从而发生安全事故。5.行驶中乱抛杂物行车过程中，向窗外扔果皮、烟头、矿泉水瓶、易拉罐等物是一种非常不文明且危险的行为，由于车行驶速度快的原因，不起眼的垃圾都有可能致人受伤。特别是在高速公路这一行为很有可能导致事故的发生，是行车安全的一大隐患。而“随手扔”的陋习，让清扫道路的环卫工人也处于车流的危险之中。6.摸烟盒、掏烟、找打火机、点火及弹烟灰7.吃东西、喝水、拧水杯盖或瓶盖开车吃东西一方面由于比较匆忙，不利于消化，对身体不好，另一方面对于开车人而言分散了注意力，妨碍了安全驾驶。特别是拧水杯盖或瓶盖时，可能出现短暂时间双手不扶方向盘，或单手拧开时会造成扶方向盘的手力度不均引发危险。来源：深圳交警权威发布、保定市交警、河北高速交警编辑：王惠敏 编审：贺平涛美编：小邱标星+置顶蛇口消息报一秒找到蛇报君🔻]]></content>
  <author><![CDATA[蛇口消息报]]></author>
  <time>2018-10-06 12:40:27</time>
  <account><![CDATA[shekounews]]></account>
</data>
