<data>
  <id><![CDATA[51124561]]></id>
  <url><![CDATA[https://mp.weixin.qq.com/s?timestamp=1539596303&src=3&ver=1&signature=Egrj350GoKY8-KUcIJshb7gICNkcd1YJMCIrgiyqpMDfE2ZC3LnTcDhFo0XRLfC9s9yAA2JkjNobVna7L4CyBZ49msEP*J3fA1Scqt2Q8l1ljQTr9NzCsUvECZ*M*uXqZG3XdLh5nn5cuXqfysRK-wKh67rNCyXYv3dd0rV1QpQ=]]></url>
  <title><![CDATA[昨晚，南山又霸屏央视新闻联播头条了！她最后的期许让人心潮澎湃......]]></title>
  <content><![CDATA[10月8日晚7点，新闻联播准时播出，第一条新闻就聚焦深圳，当国际化创新型滨海中心城区画面播出时，南山的创新发展成就，再次引发全国热议。央视新闻联播头条聚焦深圳南山▲央视新闻联播头条聚焦深圳南山。视频时长约6分钟，建议wifi下观看近日，包括人民日报、新华社、央视、经济日报在内的中央媒体陆续推出了“庆祝改革开放40年•百城百县百企调研行”系列报道，开篇之作就聚焦到了改革开放的窗口城市深圳。央视第一个采访镜头就锁定在南山科技园，从南山众多企业总部大厦中，引出南山创新之城的发展实力。随后新闻联播报道了深圳在基础研发、创新发展、企业实力等方面的内容，讲述深圳打造“创新链”引领高质量发展的“秘方”，整个报道超过5分钟，通过具体的镜头和人物采访讲述深圳打造基础研究+技术攻关+成果产业化+金融科技的创新链条，在产业竞争中争当重要领域的领跑者。此外新闻联播还配题为《在继往开来中深化改革开放》的央视短评，讲述深圳因改革而生，因改革而强的内在逻辑，强调改革开放的重要，坚持创新引领发展的重要性，最后对深圳未来的发展做了展望。这些数据是南山的骄傲南山是深圳创新的集聚区，是全国创新的一扇窗口，除了新闻联播播出的内容，它还有这些惊人的发展数据。南山区始终坚持创新驱动发展，把创新作为高质量发展之基。去年，战略性新兴产业对GDP贡献率超过64%；先进制造业占规模以上工业增加值比重达76.5%。新增国家级高新技术企业718家，总数达到2941家，超过广东省的十分之一。这些数据也是南山的骄傲，去年南山区国内专利申请量47768件，占深圳全市32.3%；发明专利申请量31363件，占深圳全市的52.2%；PCT国际专利申请量11275件，占深圳全市55.1%，占全国的1/4。每万人发明专利拥有量339件，接近深圳平均水平的4倍。其中，光启高等理工研究院拥有全球86%以上的超材料领域发明专利，腾讯公司国内发明专利授权量居全国前十。2017年度南山区有10个项目荣获国家科学技术奖励，涵盖国家科技奖三大奖种，技术发明奖5项、国家科技进步奖5项。南山区所获奖项占深圳15个获奖项目的66%。南山的创新成果归结为采取了以下七大战略南山的创新成果归结为采取了以下七大战略，即：（一）实施技术创新企业主体战略；（二）实施原始创新引进和培育战略 ；（三）实施协同创新产学研深度融合战略；（四）实施自主创新知识产权战略；（五）实施开放创新国际化战略；（六）实施服务创新生态优化战略；（七）实施产业创新质量引领战略。展望未来，在创新发展方面，南山还有这样的期许，那就是到2020年，新增专业孵化器20个、孵化企业500家，国家高新技术企业达到3000家。“十三五”期间争取1-2家科技创新型企业进入世界500强。到2020年，南山将实现GDP5500亿元左右，年均增长8%左右。文字：南方会视频、图片：南山区委宣传部编辑：lee  编审：贺平涛美编：小邱标星+置顶蛇口消息报一秒找到蛇报君🔻]]></content>
  <author><![CDATA[蛇口消息报]]></author>
  <time>2018-10-09 12:06:19</time>
  <account><![CDATA[shekounews]]></account>
</data>
