<data>
  <id><![CDATA[51124561]]></id>
  <url><![CDATA[https://mp.weixin.qq.com/s?timestamp=1539596303&src=3&ver=1&signature=Egrj350GoKY8-KUcIJshb7gICNkcd1YJMCIrgiyqpMDfE2ZC3LnTcDhFo0XRLfC9s9yAA2JkjNobVna7L4CyBbWyFpH2NQdxEEIf36NQacRpTfgs0noXdJYWuq0an1Owk7P9Jgcvi5CGIUUuGaJgKuQ*fBY0yxpOcfxPbmJ46eY=]]></url>
  <title><![CDATA[注意！深圳市中心区及深圳湾广场灯光表演时间调整（附时间表）]]></title>
  <content><![CDATA[近期，深圳灯光秀表演刷屏朋友圈。今天（10月14日）13时，深圳市城市管理局发布通知称，根据市民意见并考虑季节变化因素，10月15日起，深圳市中心区及深圳湾广场灯光表演时间调整。通知全文如下：根据市民意见并考虑季节变化因素，2018年10月15日起，市中心区灯光表演时间安排做如下调整：周五、周六及法定节假日每晚三场，时间为19:00、20:00、21:00。周日至周四每晚两场，时间为19:00、20:00。深圳湾广场灯光表演时间同步调整。ps：2019年1月1日以后灯光表演时间待征求市民意见后另行制定。交通指南01深圳市中心区灯光表演最佳观赏点：深圳市民中心莲花山深圳市民中心交通指南地址：深圳市福田区福中三路1号地铁：乘坐地铁2号线或4号线到市民中心站C出口公交：1.乘坐223路、204路、M133路、32路等到海关综合大楼公交站2.乘坐34路、38路、60路、64路等到市民中心东站3.乘坐60路、107路、236路等到市民中心站4.乘坐71路、234路、235路等到市民中心西站莲花山交通指南地址：深圳市红荔路6030号地铁：乘坐地铁3号线到莲花村站D出口公交：1.乘坐215路107路、41路等到莲花山公园公交站2.     乘坐104路等到公交大厦站02深圳湾灯光秀最佳观赏点：深圳人才公园星光桥后海大桥交通指南地铁：2号线科苑站B出口2号、11号线后海站H出口深圳人才公园周边停车位紧缺，请市民前往观看时尽量选择公共交通、绿色出行。小编温馨提醒:请市民朋友不要扎堆前往，文明出行观赏人数较多时，请注意人身和财物安全来源: 深圳市城市管理局编辑：lee 编审：贺平涛美编：小杨标星+置顶蛇口消息报一秒找到蛇报君🔻]]></content>
  <author><![CDATA[蛇口消息报]]></author>
  <time>2018-10-14 18:03:52</time>
  <account><![CDATA[shekounews]]></account>
</data>
