<data>
  <id><![CDATA[51124561]]></id>
  <url><![CDATA[https://mp.weixin.qq.com/s?timestamp=1539596303&src=3&ver=1&signature=Egrj350GoKY8-KUcIJshb7gICNkcd1YJMCIrgiyqpMDfE2ZC3LnTcDhFo0XRLfC9s9yAA2JkjNobVna7L4CyBVGl1KsI-DGe6kWh*nQAF2BQSL5yXd5BRDYQee*grKEP7lWbYiXO-1QauErBQk5BFRNvxgb-xO9w63YOwUihKbU=]]></url>
  <title><![CDATA[想不到“山竹”过后南山的倒伏树枝是这样处理的]]></title>
  <content><![CDATA[距离强台风“山竹”过去近1个月，南山辖区倒伏的树木，日渐被清理干净。这些树木去了哪儿？处置情况如何？▲满满一车绿化垃圾。昨日，消息报记者在临时设置于前海的南山区绿化垃圾处理基地看到，收运来的树枝正被粉碎处理，用做植物肥料再生利用。▲树木枝桠处理后，碎片堆积成一座“小山”。截至目前，南山区共收运绿化垃圾2万多吨，处理工作正加快进行。“高峰期一天运来1000多车”昨日下午，位于前海航海路与通海路交叉路口处的南山区绿化垃圾处理基地内，一片忙碌的景象。运输倒伏树木的货车来来往往，整个堆场几乎已被堆满，累积成了几座“小山”。在工作区域，两台大型粉碎机轰鸣作响，正有序处理断枝残叶。在其两侧，两台挖掘机和一名工人将堆积如山的折断树冠和枝干，填充到树枝粉碎机生产线传送带上，履带缓缓将其送进压扎口。经过几次切割打磨粉碎后的树枝，被碾成较均匀的木料碎片。“基地于9月20日启用，面积6万多平方米，是南山目前最大的绿化垃圾处理基地。”该基地负责人陈先生介绍，运输的车辆没有间断过，从启用到昨日，共进场9873车绿化垃圾,累计24023吨，在10来天的高峰期里，一天就运来1000多车。“工人们加班加点，基地平均每天能处理近500吨。”他说，运来的树木全部环保处理，枝桠粉碎后大部分回填果园、绿化带，作为植物肥料，实现资源再生利用；大的树干则当做木材使用。记者在现场看到，为了保证安全，该基地安排了专人24小时轮班值守，消防通道和主干道保持畅通。此外，还安排了远程消防车，不定时洒水严防火灾隐患。▲树枝正被粉碎处理处理工作或将再持续1个月还有部分倒伏的树木，被运往南山西丽果场处理。“我们每天能处理30吨至70吨，自强台风‘山竹’后，都是开足马力运转，全力处理绿化垃圾。”该处理点工作人员曾女士坦言，“从没遇到过这么多的绿化垃圾，基地处理能力有限，正分批次有序进行处理”。强台风“山竹”席卷南山后，大量树木倒伏。为尽快恢复市容环境，避免可能出现的次生灾害，南山区城管局迅速启动应急预案，设置了临时绿化垃圾处理基地，南山、南头、粤海等多个街道安排了临时堆放点，对市政道路、公共绿地、住宅小区产生的绿化垃圾统一处理，并要求各场地按规定合理规范进场卸载、粉碎作业、粉碎料堆放等区域，分区标识、分区管理，确保作业生产安全。南山区垃圾分类和减量管理中心负责人罗吉新告诉记者，作为南山垃圾分类8大分流体系之一，南山高度重视绿化垃圾收运处理工作。强台风“山竹”后，南山区按照边清理边暂存边处理的工作思路，妥善处理倒伏树木等绿化垃圾，截至目前，已收运绿化垃圾2万多吨，市政道路、公共绿地倒伏树木基本清理收运完毕，累计处理量超过1万吨。由于绿化垃圾体量实在太大，处理工作预计还将持续1个月。来源：蛇口消息报记者 蒋晶 文/图编辑：lee 编审：贺平涛美编：小球标星+置顶蛇口消息报一秒找到蛇报君🔻]]></content>
  <author><![CDATA[蛇口消息报]]></author>
  <time>2018-10-12 11:48:03</time>
  <account><![CDATA[shekounews]]></account>
</data>
