<data>
  <id><![CDATA[51124561]]></id>
  <url><![CDATA[https://mp.weixin.qq.com/s?timestamp=1539596303&src=3&ver=1&signature=Egrj350GoKY8-KUcIJshb7gICNkcd1YJMCIrgiyqpMDfE2ZC3LnTcDhFo0XRLfC9s9yAA2JkjNobVna7L4CyBVGl1KsI-DGe6kWh*nQAF2CRYKeTGZzOuS3UC2OAsrFremhghvsnzp-iP*5qdD89Hw6z8VbFEFeMcTpM0hOu6qc=]]></url>
  <title><![CDATA[重磅！南山区与深汕特别合作区将共建南山外国语学校（集团）深汕学校]]></title>
  <content><![CDATA[现场签约昨日，南山区人民政府、深汕特别合作区管理委员会，在管理委员会办公楼正式签署框架协议，双方宣布将在深汕特别合作区共建南山外国语学校（集团）深汕学校（以下简称深汕学校）。据了解，这是南山区公办基础教育集团首次输出品牌。代表合影推动南山异地办学和集团化办学深汕特别合作区党工委委员、管委会副主任蔡转弯，南山区副区长练聪分别代表双方签署协议。练聪，南山区政协副主席、区教育局局长刘根平一行还对深汕学校的选址进行了实地调研。▲深汕特别合作区地理位置深汕学校的建设旨在贯彻落实优先发展教育事业的战略布局，结合深汕特别合作区在地缘环境、经济发展、新兴市场等方面的优势和南山区集团化办学的成熟经验，加快提升深汕特别合作区整体教育水平，深化南山集团化办学模式改革试点工作，更好地满足深汕人民对优质教育的需求。深圳市政府副秘书长、深汕特别合作区管委会主任产耀东表示，此次合作既是深汕特别合作区教育的一次提升，也将实现南山外国语学校（集团）在深汕特别合作区落地，推动南山异地办学和集团化办学的深化发展。在深汕特别合作区探索新型办学模式▲深汕特别合作区效果图据悉，双方将成立联合工作小组，在师资培训与交流轮岗、教学、科研课改等各方面展开深入合作，并在深汕特别合作区探索新型办学模式，研究灵活高效的学校体制机制，共同推动深汕特别合作区教育的现代化、国际化发展。深汕学校为公办性质，拟建立学前到高中完整的教育体系，以现代化、国际化、研究型卓越学校为发展定位，建成国内一流、国际知名学校。目前，深汕特别合作区鹅埠等四镇现有各级各类学校32所，在校生（含中小学、幼儿园）总计9636人。其中，公办初中4所、公办小学19所，均为农村乡镇教育。为适应教育发展需求，合作区目前正在规划建设一所寄宿制高中、两所普惠性幼儿园、两所九年一贯制公办学校以及一所职业技术学院。积极务实推动深汕学校建设南山区委书记王强，区委副书记、区长曾湃十分重视此次合作办学。练聪代表区委区政府强调，双方要积极务实地推动深汕学校的建设。在学校定位和特色方面，深汕学校既要根据深汕特别合作区的实际情况来办，同时也要为未来的产城融合，为更多的企业发展服务，所以定位要综合考虑，特别是以南山标准来考虑。在机制上还要进一步探索，包括教师队伍建设、教育教学、资源引入等方面。刘根平强调，南外品牌是南山教育品牌，向外输出必须要做好，还要将品牌擦得更亮。目前南山学校建设形成了南山标准，深汕学校一定要按照南山标准建设。此次合作办学体现了深汕特别合作区对南山教育的信任，南山和南外集团会全力以赴、扎扎实实推动深汕学校建设。知多D深圳市南山外国语学校（集团）概况深圳市南山外国语学校是1995年9月由南山区人民政府创办的实验型学校。2012年9月发展成为一所集幼儿园、小学、初中、高中为一体的现代化集团学校。现有文华学校、科苑小学、高新中学、大冲学校、滨海中学、高级中学、滨海小学、科华学校、科技幼儿园和桃源中学（联盟学校）等成员校。区内集团十个办学单位共占地总面积220619平方米，现有教职工近千人，学生1万余人。2018年10月11日南山区人民政府与深汕特别合作区签署框架协议，将在深汕特别合作区共建南山外国语学校（集团）深汕学校，该校正式成为南外集团成员校。深汕特别合作区2011年2月18日广东省委、省政府批复《深汕（尾）特别合作区基本框架方案》，正式设立深汕特别合作区(以下简称合作区)。2011年5月21日，广东省委、省政府将“中共深汕特别合作区工作委员会”、“深汕特别合作区管理委员会”牌子授予深圳、汕尾两市，合作区正式运作。合作区位于广东省东南部，地处珠三角平原和潮汕平原之间，西、北部与惠州市惠东县接壤，东与汕尾市海丰县相连，南临红海湾，是粤东通往珠三角地区的桥头堡。来源：蛇口消息报记者 蔡哲 图片来源深汕特别合作区官网编辑：lee 编审：贺平涛美编：小球标星+置顶蛇口消息报一秒找到蛇报君🔻]]></content>
  <author><![CDATA[蛇口消息报]]></author>
  <time>2018-10-12 11:48:03</time>
  <account><![CDATA[shekounews]]></account>
</data>
