<data>
  <id><![CDATA[51124561]]></id>
  <url><![CDATA[https://mp.weixin.qq.com/s?timestamp=1539596303&src=3&ver=1&signature=Egrj350GoKY8-KUcIJshb7gICNkcd1YJMCIrgiyqpMDfE2ZC3LnTcDhFo0XRLfC9s9yAA2JkjNobVna7L4CyBbWyFpH2NQdxEEIf36NQacQSu4LkQlnWwICff2TtZFJ9gJQM4deYhNHKgguSQo1kyujS3pEFAoGRBh8V3YI*-jk=]]></url>
  <title><![CDATA[紧急寻人！67岁老人走失！监控显示最后在西丽朗山路边…大家都在等你！]]></title>
  <content><![CDATA[走失老人信息姓名：刘国鉴年龄：67岁身高：180cm穿着：蓝色上衣、灰色凉鞋走失地点：西丽天虹商场附近10月13日上午11时，南山一位67岁的老人从西丽天虹商场附近走丢。据了解，目前老人走失已超24小时，家属已报警，截止至今天（10月14日）17时记者发稿，家属还在西丽派出所等待消息。该则寻人启事在朋友圈刷屏。消息报记者了解到，走失的老人名叫刘国鉴。今天上午，记者联系到老人的家属刘女士，她说老人有轻度智障，基本不影响正常生活，平常也会骑单车外出，但从未有过离家不归的情况。▲走失老人刘国鉴。刘女士告诉记者，当时老人骑着共享单车，从西丽天虹商场附近离开。走失时身着蓝色上衣，脚穿灰色凉鞋。“在他随身携带的钥匙扣上，有一块铁牌，上面写有家庭住址和我的联系电话。不知他是否带了家门钥匙，如果他带了钥匙，好心人看到铁牌，也能联系上我。”刘女士补充道。后来通过调取监控视频，家属发现老人最后一次出现在监控的时间为13日上午11时零3分，地点位于西丽街道松坪山社区朗山路。▲视频截图。如果市民朋友有任何线索，可与刘老先生的家人联系，消息报记者也将持续关注此事的进展。走失老人家属联系电话135103783681359049527113751081680转发寻人！来源：蛇口消息报记者 姚家玥 家属供图编辑：lee 编审：贺平涛美编：小杨标星+置顶蛇口消息报一秒找到蛇报君🔻]]></content>
  <author><![CDATA[蛇口消息报]]></author>
  <time>2018-10-14 18:03:52</time>
  <account><![CDATA[shekounews]]></account>
</data>
