<data>
  <id><![CDATA[51124561]]></id>
  <url><![CDATA[https://mp.weixin.qq.com/s?timestamp=1539596303&src=3&ver=1&signature=Egrj350GoKY8-KUcIJshb7gICNkcd1YJMCIrgiyqpMDfE2ZC3LnTcDhFo0XRLfC9s9yAA2JkjNobVna7L4CyBbWyFpH2NQdxEEIf36NQacR9901eBKXOKXGKU73WP-FeQuTNTcQO521qYIwjCBrd*yQcmus05iyvA7SbV6gqfTg=]]></url>
  <title><![CDATA[大蒜、秋葵不抗癌！真正抗癌的7个方法被你忽略了]]></title>
  <content><![CDATA[标星+置顶蛇口消息报一秒找到蛇报君🔻]]></content>
  <author><![CDATA[蛇口消息报]]></author>
  <time>2018-10-14 18:03:52</time>
  <account><![CDATA[shekounews]]></account>
</data>
