<data>
  <id><![CDATA[51124561]]></id>
  <url><![CDATA[https://mp.weixin.qq.com/s?timestamp=1539596303&src=3&ver=1&signature=Egrj350GoKY8-KUcIJshb7gICNkcd1YJMCIrgiyqpMDfE2ZC3LnTcDhFo0XRLfC9s9yAA2JkjNobVna7L4CyBcZuD-cTRcWc2dS3n20tzmObntMB5h10gRWmlP*TXMG2G3Q1lS4IEJlv7ddQNFv0EtpThVVRkejHabwTO1KOHxU=]]></url>
  <title><![CDATA[南方人免疫力更强？后代身高或可通过基因测算？华大基因最新研究成果火了]]></title>
  <content><![CDATA[4微调查南方人免疫力比北方人更强。来源：科技日报编辑：lee 编审：贺平涛美编：小邱标星+置顶蛇口消息报一秒找到蛇报君🔻]]></content>
  <author><![CDATA[蛇口消息报]]></author>
  <time>2018-10-11 13:01:27</time>
  <account><![CDATA[shekounews]]></account>
</data>
