<data>
  <id><![CDATA[51124561]]></id>
  <url><![CDATA[https://mp.weixin.qq.com/s?timestamp=1539596303&src=3&ver=1&signature=Egrj350GoKY8-KUcIJshb7gICNkcd1YJMCIrgiyqpMDfE2ZC3LnTcDhFo0XRLfC9s9yAA2JkjNobVna7L4CyBZ49msEP*J3fA1Scqt2Q8l047GGp*bQk9P2v6EF*hmbDG-SD--0C1katVAO73JecBePrCrWB9qe6*pZUwrwJ7AM=]]></url>
  <title><![CDATA[首届南山国际皮划艇公开赛月底举行！请收好这份报名攻略]]></title>
  <content><![CDATA[昨日，消息报记者从南山区水上运动协会了解到，2018首届南山国际皮划艇公开赛将于10月28日在南山区大沙河生态区举行。▲泛舟大沙河届时，国内外休闲皮划艇爱好者及皮划艇协会团体会员将在美丽的大沙河上驾驭皮划艇，上演一场场惊险刺激的竞速好戏。报名工作现已启动，截止日期为10月15日。本次比赛在中国皮划艇同业会的指导下，由南山区委宣传部（文体局）支持、南山区水上运动协会主办、东江之友独木舟俱乐部和新体育海洋运动中心共同协办。2018首届南山国际皮划艇公开赛亮点亮点一比赛地点落到南山的“母亲河”——大沙河▲大沙河生态走廊据区水上运动协会相关负责人介绍，作为本年度南山首届皮划艇大型赛事，比赛地点落到南山的“母亲河”——大沙河乃赛事一大亮点。在鲜花簇拥、碧波荡漾、亲水宜人的大沙河上刮起“竞速旋风”，不仅能给参赛运动员和观赛市民带来更舒适、放松、清新的比赛和观战环境，也能进一步凸显大沙河生态长廊“绿色新标杆”建设以来南山不断优化提升的城区品质。亮点二参赛选手来自全球及港澳台各地本次比赛不仅是南山首次，更是深圳乃至广东地区首次国际皮划艇赛事，参赛选手来自全球及港澳台各地，主办方还将邀请国内外顶级冠军选手作为嘉宾。本次比赛各项目第一名奖金高达3000元，和国内其他相关比赛相比处于较高水平。报名须知此次比赛共分为竞速组和体验组两大组别，参赛运动员将统一使用组委会提供的3.5米长海洋舟进行比赛。参赛选手可登录赛事官网平台http://szdeclub.com/web/index.asp，了解相关信息，进行线上报名和缴费，报名截止日期为10月15日。来源：蛇口消息报记者 曹燚炜编辑：lee 编审：贺平涛美编：小邱标星+置顶蛇口消息报一秒找到蛇报君🔻]]></content>
  <author><![CDATA[蛇口消息报]]></author>
  <time>2018-10-09 12:06:19</time>
  <account><![CDATA[shekounews]]></account>
</data>
