<data>
  <id><![CDATA[51124561]]></id>
  <url><![CDATA[https://mp.weixin.qq.com/s?timestamp=1539596303&src=3&ver=1&signature=Egrj350GoKY8-KUcIJshb7gICNkcd1YJMCIrgiyqpMDfE2ZC3LnTcDhFo0XRLfC9s9yAA2JkjNobVna7L4CyBVGl1KsI-DGe6kWh*nQAF2DPFL-6xA*SzkmcoLOqblfzdXVn-B5Z-y-IoP51kWZBo6yFyHLDc4BFNMiABlvdhn4=]]></url>
  <title><![CDATA[港深莞惠将构建“1小时通勤圈”，深圳与湾区各城市100%轨道交通直达]]></title>
  <content><![CDATA[第八届公交都市发展论坛昨天在深圳举行，国内外交通领域专家代表约600人参加，交通运输部安全总监成平出席论坛并致辞。▲论坛现场记者从论坛上获悉：目前我市正在推进粤港澳大湾区交通深度一体化，实现与湾区各城市100%轨道交通直达，构建港深莞惠“1小时通勤圈”、深莞惠河汕“3+2”经济圈“2小时交通圈”。打造国际水准公交都市紧紧围绕打造国际水准公交都市的总体目标，深圳大力实施公交优先发展战略，已在全球率先实现了公交100%纯电动化，出租车纯电动化工作也将在年内基本完成，轨道交通运营线路达8条、285公里，公共交通日均客运量已突破1100万人次，公交占机动化出行分担率达到55.2%。构建港深莞惠“1小时通勤圈”▲市交委相关负责人致辞市交委相关负责人表示：深圳将持续推进公交都市建设，推动深圳综合交通可持续发展。深圳将进一步促进粤港澳大湾区交通深度一体化，实现深圳与湾区各城市100%轨道交通直达，构建港深莞惠“1小时通勤圈”、深莞惠河汕“3+2”经济圈“2小时交通圈”。在城市交通方面，深圳将打造以轨道和公交为主体的巨型公共交通系统，促进轨道、公交以及慢行系统深度融合，规划建设轨道网约1100公里、公交网超3000公里、自行车道网约1000公里。同时，深圳将从强化TOD开发、推进中运量系统建设、公交品质提升、构建智慧交通等方面，打造市民满意的交通系统。本次论坛由交通运输部运输服务司、广东省交通运输厅支持，深圳市交通运输委员会主办。论坛以“新时代，公共交通再启航”为主题，邀请了国内外30余名专家学者，回顾公交都市论坛创建历程，剖析当今城市与交通发展变革，展望城市交通发展新未来，共吸引了国内外交通领域专家和代表约600人参加。来源：深圳特区报编辑：lee 编审：贺平涛美编：小球标星+置顶蛇口消息报一秒找到蛇报君🔻]]></content>
  <author><![CDATA[蛇口消息报]]></author>
  <time>2018-10-12 11:48:03</time>
  <account><![CDATA[shekounews]]></account>
</data>
