<data>
  <id><![CDATA[51124561]]></id>
  <url><![CDATA[https://mp.weixin.qq.com/s?timestamp=1539596303&src=3&ver=1&signature=Egrj350GoKY8-KUcIJshb7gICNkcd1YJMCIrgiyqpMDfE2ZC3LnTcDhFo0XRLfC9s9yAA2JkjNobVna7L4CyBbWyFpH2NQdxEEIf36NQacSupSnD78AcEIWSFcUmlHuU7nkoCo0y4IRH9pJrIoDo*KsHyqj-Ia--D3L3*wSpgiE=]]></url>
  <title><![CDATA[今夜将有冷空气入广东?深圳会成功入秋吗？]]></title>
  <content><![CDATA[广东天气：有个消息：今夜将有冷空气入广东。你持什么态度？深圳天气：哦。今天上午，上述对话迅速在深圳人的朋友圈刷屏，网友更是议论纷纷：巍甜的澜瓜子：天气君，你这个态度有问题啊！熊猫3000问：下班后去财务室结一下工资！工作态度有问题啊！隔壁小孩没馋哭：冷态度。对此，深圳天气也发了条微博及时解释：如各位所知，确实冷空气正在大军南下，目前广东以北普遍已低于20℃。然而我们有南岭山脉的“保护”，这个季节的冷空气想要越过南岭并非容易，所以本轮冷空气过程并不会大降温，只能让大家感觉“凉凉”~深圳天气预报16-17日有一次阴雨过程16-17日要下雨，阴雨绵绵，体感稍凉，18日开始转多云天气。下周天气清凉，前中期有雨：周一多云间阴天，有小阵雨，气温24-28℃；周二有小到中雨，局部大雨，偶尔伴有短时雷暴，气温略降；周三日有小雨；周四到周日多云到晴天，早晚清凉，白天较舒适。入秋失败虽然上周的冷空气已经比较努力了，但是入秋是不可能入秋的，红色这条线要连续五天的平均低于22度才能入秋，看起来就没什么希望。中午出个门就可以感受一下夏天的顽强了。虽然下一波冷空气在16日前后影响，各位敬请不要太期待。深圳到底啥时候入秋？那么蛇报君只能告诉大家：30年来平均11月3日入秋。温馨提示16-17日弱冷空气伴随降雨意味着深圳即将入秋？不！意味着赶紧洗衣晾晒，要不然你就要等到下周后期了。来源：蛇口消息报记者 李红编辑：lee 编审：贺平涛美编：小杨标星+置顶蛇口消息报一秒找到蛇报君🔻]]></content>
  <author><![CDATA[蛇口消息报]]></author>
  <time>2018-10-14 18:03:52</time>
  <account><![CDATA[shekounews]]></account>
</data>
