<data>
  <id><![CDATA[51124561]]></id>
  <url><![CDATA[https://mp.weixin.qq.com/s?timestamp=1539596303&src=3&ver=1&signature=Egrj350GoKY8-KUcIJshb7gICNkcd1YJMCIrgiyqpMDfE2ZC3LnTcDhFo0XRLfC9s9yAA2JkjNobVna7L4CyBcZuD-cTRcWc2dS3n20tzmNT0CDPm3hlcGDaln-bGAaqYD8qsiFkw-2fyId5G4v-iMqIyyngmaQRFZEDqmLdDW8=]]></url>
  <title><![CDATA[厉害了！仅成立3年，南山这家小公司就获得近亿元融资！]]></title>
  <content><![CDATA[今年9月，在创新南山2018“创业之星”大赛AI（人工智能）行业赛中，深圳极视角科技有限公司（以下简称极视角）夺得了成长企业组二等奖。千万别小看这家才成立3年的初创小公司，他们已获华润集团、中洲集团等近亿元融资。▲极视角创始人陈振杰：做人工智能的“最强大脑”极视角以国际领先的视频分析技术为核心，应用领域涵盖零售、通信、地产、工业、农业、餐饮、交通、公安、印刷等30多个行业及场景，并为包括华润集团、恒大集团、中国电信、巴拉巴拉、Calvin Klein等300多家企业提供视觉识别算法及解决方案，备受客户认可。极视角管理及技术团队均来自腾讯、华为、香港科技大学、北京大学等顶尖企业及实验室，技术研发与世界领先水平接轨。早在今年7月，极视角携手腾讯云于深圳南山科技金融城举行战略合作签约仪式，初创公司与互联网巨头的合作无疑是人工智能商业化进程中的里程碑事件。初生牛犊闯入人工智能领域▲陈振杰和员工讨论工作。陈振杰是一个帅气斯文的90后新生代，这个年龄段的很多年轻人刚刚步入社会，开始自己的第一份工作。可是在极视角，陈振杰却已经是这个公司的掌舵者。由于家里经商的缘故，陈振杰很早就确定自己要走上创业之路，用他的话来说，家里经营的是八九十年代的传统行业，也不可能回去接手，还不如自己出来闯荡一番。陈振杰硕士毕业于北京大学光华管理学院，先后在贝恩咨询、毕马威咨询、腾讯战略部工作，对自己的创业领域也早早作出了判断。对行业进行了一番研判后，AI（人工智能）领域逐渐进入了他的视野，相较西方国家，中国的人力成本尚不算高，但从长远来看，肯定呈现一个上升态势，不少国家都已经有了用机器代替人力的趋势。从这个角度看，陈振杰认为AI是大势所趋：“我们当时不确定是5年、8年还是10年会发生，但没关系，我们还年轻，先进去再说。”2015年，陈振杰离职后创立了深圳极视角科技有限公司，名称的寓意是一项人工智能技术，带来了一种全新的视角。按照他的说法，极视角的创业方向是利用计算机视觉技术，通过不同的算法赋予摄像头不同的感知能力，从而分辨出不同的人群特征甚至是动作。人工智能技术可以运用到各个领域，可以在小偷盗窃的第一刻开始报警、帮助停车场车主寻车、识别园区内工人的异常动作、分析出商品的受众特征，甚至是用于皮肤病的检测。创业初期困难接踵而来▲极视角应用场景。俗话说“初生牛犊不怕虎”，当陈振杰一头闯入这未知的领域，需要面对不仅有资本圈的质疑，还有来自商业圈的不认可。极视角的愿景是做一个视觉算法分发平台。在前期调研中，陈振杰和合作伙伴发现客户的需求很多，且差异大。有些需要识别工人是否戴了安全帽，有些要识别产品缺陷，有些则想收集人脸五官和表情数据，这都需要不同的算法模块。但正如一家公司不可能有几百种游戏，它也难以为不同群体提供上百种算法，那唯一的方法就是做应用市场一样的渠道了。说干就干，但一开始，困难就接踵而来，前期研发需要资金和人员投入，然而陈振杰见了100位投资人，对方都不知道他们在做什么。由于没有资金，招聘人才更是难上加难。当时，大家都明白AI在中国算是很好的创业领域，不过资金风口不在这个时候，资金募集显然非常困难，另一方面研发成本、人力成本又很高。初出社会的陈振杰，当时要面对的就是这些棘手的问题。“包括组织结构、企业文化等方面的问题，那就一个个解决。”对于起初的艰难，陈振杰如今想起来有些云淡风轻，这是每个初创企业的必经阶段，当创业方向确定，剩下就是等待风口。等风口真正到来，这个时候的爆发则是水到渠成。人机大战让他起死回生闯入一个新的领域，家人、朋友没有办法帮忙，能做的也只是打打气。这个算法做不出来，这个深度神经应该怎么做，他们也不知道，只能在一些大的判断选择上给一些建议。陈振杰表示，所有选择，最终还是要回归到自己内心。2016年3月，AlphaGo战胜职业九段棋手李世石，这让AlphaGo背后的AI受到关注。对于极视角，这个被认可的转变最直观的体现就是：以前不理解AI的投资者，开始对这个领域有了兴趣。“只能说我们的运气好，如果没有AlphaGo，这个改变大概还要往后推一年到一年半。”陈振杰说。在此前，极视角的第一个项目已开始落地，那是中国电信营业厅的一个智能数据采集项目，比如采集当天到来的客户数量，比如客户的画像。如今，极视角已经在零售、工业、农业、医疗、交通、印刷等30多个领域有了应用案例，能做到客流统计、热力分析，特定动作、表情识别和危险环境识别等，旗下平台开发者已经超过6000个。极视角现已服务了30多个行业和300多家企业客户。平台运营方面，极视角拥有6000名以上的图像识别开发者，从0到1的业务雏形基本完成，今年预计可以拓展到2万开发者。每天都要跑得更快一点“如果以现在的估值看，那么一定有泡沫，按照正常的市场思维是没有办法去理解的，但是从未来来看，是可以的。”陈振杰解释，互联网出现了那么多万亿级别的企业，做个最简单的假设，AI领域出现一个万亿级别的企业是毋庸置疑的事，同时会有一大批千亿级别的企业出来，从这个角度来说，这个市场是没有泡沫的。7月份跟腾讯的战略合作，仅仅只是开始。未来，陈振杰希望全国有一半的摄像头可以接入到极视角的平台：“求其上得其中，求其中只能得其下。”尽管嘴上自嘲，他还是怀着一个做巨头的梦想，所以每天都要跑得更快一点。对于极视角的未来，陈振杰希望成为整个图像识别领域最大的算法分发平台，可以类比为App Store或者安卓应用市场，预计在2年-3年完成相关布局，整个分发端在产业链价值占比25%以上。来源：蛇口消息报记者 蒋世科 文/图编辑：lee 编审：贺平涛美编：小邱标星+置顶蛇口消息报一秒找到蛇报君🔻]]></content>
  <author><![CDATA[蛇口消息报]]></author>
  <time>2018-10-11 13:01:27</time>
  <account><![CDATA[shekounews]]></account>
</data>
