<data>
  <id><![CDATA[51124561]]></id>
  <url><![CDATA[https://mp.weixin.qq.com/s?timestamp=1539596303&src=3&ver=1&signature=Egrj350GoKY8-KUcIJshb7gICNkcd1YJMCIrgiyqpMDfE2ZC3LnTcDhFo0XRLfC9s9yAA2JkjNobVna7L4CyBTLzgkMfqdUF9Lj*y2TO5m0S1mrBSmogeAY8Xlc3AtEbvtyDOeA6jDRF1EAwA91t*gekvAg84uPC8rxDvgyzFHE=]]></url>
  <title><![CDATA[南山区黑臭水体治理有话说？你可以拨打这个监督电话！]]></title>
  <content><![CDATA[▼水清岸绿的河道营造全民治水、爱河护河良好氛围，构建生态宜人的水环境与人居环境，南山区在行动！为了方便广大干部群众参与和监督南山区黑臭水体整治工作，自觉接受人民群众对南山区黑臭水体整治工作的监督，南山区设立监督电话：0755—26560940；受理时间：2018年10月12日—2018年11月12日，周一至周日0:00—24:00（全天）。举报方式：1、直接拨打上述电话，进行及时反馈；2、在“生态南山”微信公众号上留言，举报疑似黑臭水体相关信息，给我们提供河道治理线索及建议。来源：生态南山编辑：lee 编审：贺平涛美编：鲁力标星+置顶蛇口消息报一秒找到蛇报君🔻]]></content>
  <author><![CDATA[蛇口消息报]]></author>
  <time>2018-10-15 11:19:41</time>
  <account><![CDATA[shekounews]]></account>
</data>
