<data>
  <id><![CDATA[51124561]]></id>
  <url><![CDATA[https://mp.weixin.qq.com/s?timestamp=1539596303&src=3&ver=1&signature=Egrj350GoKY8-KUcIJshb7gICNkcd1YJMCIrgiyqpMDfE2ZC3LnTcDhFo0XRLfC9s9yAA2JkjNobVna7L4CyBZ49msEP*J3fA1Scqt2Q8l2frqQNWtSjEm0LX0T4t63sBrZmne473zr0Ycucp*flvzzrwa5v9mzz6StelTSAHUQ=]]></url>
  <title><![CDATA[【关注】电影票“退改签”，怎一个“难”字了得？！]]></title>
  <content><![CDATA[“买了两张电影票，临时有事无法观看，现紧急转让。”在微信“朋友圈”时常可见转让电影票的信息，消费者无法到场观看电影时，下意识想到的不是退改签，而是“转让”。长期以来，电影票“不退不改”“只改不退”似乎成了“潜规则”。上月，中国电影发行放映协会发布《关于电影票“退改签”规定的通知》，要求各影院应在大堂醒目位置公示“退改签”须知，第三方售票平台等应在消费者付款前弹出“退改签”相关协议。目前，南山区影城是否已按规公示“退改签”须知？部分影城仍存的 “一经出售 概不退换”是否属于“霸王条款”？消息报记者就此对南山区多家影城及第三方售票平台进行了调查。现象多家影城均未公示“退改签”须知连日来，消息报记者相继走访了百川国际影城（欢乐颂店）、深圳百丽宫影城（LUXE来福士店）、海岸影城等多家南山区销量相对较高的影院大厅，均未发现相关“退改签”公示。▲海岸影城的自助售票机付款前并未弹出相关“退改签”协议上月发布的《关于电影票“退改签”规定的通知》中要求各影院应在大堂醒目位置公示购票“退改签”须知，包括能否退改签、退改签条件要求及流程等。对于消息报记者提出“临时有事能否退票或改签”的请求，上述3家影城工作人员均予以拒绝。其中，百川国际影城（欢乐颂店）和海岸影城的工作人员表示，顾客现场购票或在影城自有客户端购票（即“非第三方平台购票”）后，一般不能“退改签”；如果确有该需求，工作人员需请示影城相关负责人。记者追问“在何种情况下，影城能同意顾客主动提出的退改签请求？”，百川国际影城（欢乐颂店）和海岸影城的工作人员均称：“没有相关明确规则，我们也不清楚。”在深圳百丽宫影城（LUXE来福士店），工作人员则明确表示，该影城电影票一经出售，不能退票或改签。“在现场或影城自有客户端购票后，不能退票也不能改签，除非在顾客买错店的情况下才能退。”该工作人员介绍，百丽宫影城在深圳有多家分店，顾客仅在购票时误选分店的情况下，能向影城申请改签。调查“猫眼电影”“淘票票”等平台购票付款前均未弹出相关协议根据《关于电影票“退改签”规定的通知》规定，影院网站、自有APP及第三方售票平台应在观众购票付款前弹出影票“退改签”相关协议，在观众了解相关规定，并点击“同意”上传后，观众方可进一步支付票款。消息报记者在第三方售票平台——“猫眼电影”“淘票票”APP操作发现，仅部分影城注明支持退票或改签。以“猫眼电影”上支持退票及改签的汉鼎宇佑影城（星海名城店）为例，其在付款页面左下方标明了“退改签的相关规则”，但需消费者手动点击阅读，无法自动弹出，也无“同意”选项。▲“猫眼电影”上相关影院“退改签”规定需手动点击了解“猫眼电影”APP显示，南山区仍有多家影城并不支持退票或改签。记者在“猫眼电影”选购深圳百老汇电影中心（IMAX万象天地店）电影票时，付款页面左下方即注明“不可退、不可改”，但同样未弹出影票“退改签”相关协议，消费者付款前也无需点击“同意”。不同影城“退改签”的规定不一样，与影城和“猫眼电影”方签订的代售协议有关。”“猫眼电影”工作人员对消息报记者表示，双方协议中对该平台售出的该影城电影票能否“退改签”均有相关规定。针对作为第三方售票平台，“猫眼电影”未在观众购票付款前弹出影票“退改签”相关协议等情况，该工作人员表示自己并不了解详情。律师“电影票售出概不退换”侵害消费者权益走访中，坦言遭遇购买电影票后“退票难”的消费者不在少数，电影票“一经出售 不退不改”的“潜规则”也备受消费者诟病。“为了选到好座位在网上提前购票，但因工作赶不上电影放映也是常事，很多影院的票都没法退，每次都很糟心。”市民陈女士表示，电影票售出后“退票难”与霸王条款无异，消费者权益未受到合理保障。长期存在的购买电影票后“退票难”是否属于霸王条款？“根据《消费者权益保护法》中第四条规定，经营者与消费者进行交易，应对遵循自愿、平等、公平、诚实信用的原则，所有的消费都不能够违背这个原则。”北京市尚权（深圳）律师事务所律师甘定中认为，影院和购票平台单方面规定“电影票售出概不退换”的做法侵害了消费者权益，消费者在未享受观影服务，且不影响影院二次销售的情况下，原则上可以要求影院退票。他建议，如遭遇“退票难”等问题，消费者可以通过电影发行放映协会、消费者协会进行协调。此外，一名不愿透露姓名的某影城工作人员对记者称，影院方不愿放开“退改签”的一项重要原因是，担忧此举或导致影片预售阶段出现虚假购票，制造票房大卖的假象，等到排片占比冲高之后再大量退票，影响影院排片及收入。但也有市民认为，影院不能把“恶意刷票”等市场风险通过电影票不退不换的强制规定转嫁给消费者，建议影院可依据退票时间收取比例不等的退费手续费，降低“恶意刷票风险”；呼吁电影发行放映行业规范落实相关“退改签”规定，进一步保障消费者合法权益。来源：蛇口消息报记者 肖佩 实习生 王惠敏编辑：lee 编审：贺平涛美编：小邱标星+置顶蛇口消息报一秒找到蛇报君🔻]]></content>
  <author><![CDATA[蛇口消息报]]></author>
  <time>2018-10-09 12:06:19</time>
  <account><![CDATA[shekounews]]></account>
</data>
