<data>
  <id><![CDATA[51124561]]></id>
  <url><![CDATA[https://mp.weixin.qq.com/s?timestamp=1539596303&src=3&ver=1&signature=Egrj350GoKY8-KUcIJshb7gICNkcd1YJMCIrgiyqpMDfE2ZC3LnTcDhFo0XRLfC9s9yAA2JkjNobVna7L4CyBVLIemMtDYjCKbTHtBEGY-65*iQbbKTcquohoBlW-x94GnD7pTlX9EbvCtXgZxpxicLKBSLTgHhqpA89T5197cQ=]]></url>
  <title><![CDATA[半年后，前海可直通福田罗湖，全程无红绿灯！]]></title>
  <content><![CDATA[半年后从前海可直通福田、罗湖，全程无红绿灯。记者从前海管理局了解到，前海一批关键道路桥梁即将完工，将实现交通跨越式发展。▲前海：打造集聚辐射功能的综合交通新枢纽。前海管理局图海滨大道将于10月20日开通据悉，海滨大道将于10月20日开通，月亮湾立交－桂庙路主线跨线桥预计2019年3月主桥贯通，待此两大工程竣工后，车辆从前海经过桂庙路地下快速通道、滨海大道，可直通福田、罗湖，全程无红绿灯。工程进度如何？据了解，目前海滨大道部分路段在进行沥青路面铺设，部分路段在进行水稳层和管线施工。个别路段完成了路缘石铺设，人行道即将完成铺设。景观绿化工程部分完工；月亮湾立交－桂庙路主线跨线桥项目正在进行桥墩桩基础施工。临海大道将于10月底建成通车除此之外，临海大道将于10月底建成通车，听海大道将于年底开通。 这两条道路通车后，从前海北可通过桂湾一路连接南坪快速，南可直接上沿江高速，沟通龙华、龙岗、坪山；横跨宝安前海双界河的11号桥吊装合龙，将在年底通车，届时通过此桥，从前海可直达宝安中心区。地铁5、9号线二期轨道工程正式开工据了解，到2020年，前海将加强与市内其他重点地区的交通联系，片区内外交通更加完善：地铁5、9号线延长线将通车运营，累计建成通车12公里、9站点轨道交通网络；持续落实穗莞深、深惠等多条城际线路的建设和前期工作；引入国家铁路和城际铁路，加强前海与香港和珠三角地区的互联互通；累计建成33公里干道、20公里支路、8座景观桥、形成四纵十横骨干路网和地下快速环路；新增宝安、南山各3个连接通道；推进妈湾跨海通道、月亮湾大道快速化改造等项目建设；启动南坪二期主线下穿、沿江高速下地等前期工作；争取早日通过“一高三快”高快速路体系，将前海打造成集聚辐射功能的综合交通新枢纽。来源：蛇口消息报记者 余梓宏编辑：lee 编审：贺平涛美编：小球标星+置顶蛇口消息报一秒找到蛇报君🔻]]></content>
  <author><![CDATA[蛇口消息报]]></author>
  <time>2018-10-10 11:57:28</time>
  <account><![CDATA[shekounews]]></account>
</data>
