<data>
  <id><![CDATA[51124561]]></id>
  <url><![CDATA[https://mp.weixin.qq.com/s?timestamp=1539596303&src=3&ver=1&signature=Egrj350GoKY8-KUcIJshb7gICNkcd1YJMCIrgiyqpMDfE2ZC3LnTcDhFo0XRLfC9s9yAA2JkjNobVna7L4CyBZ49msEP*J3fA1Scqt2Q8l1M7*yc-kiwyIqNL-Czg1nDiyeVGkS35H44rhS87Q3Lt4M**RYuMXhnv1gjc6FSnzI=]]></url>
  <title><![CDATA[长假结束，冷空气出马！深圳接下来的天气...]]></title>
  <content><![CDATA[今天又是个上班上学的好天气，你从假期后遗症里走出来了吗？告诉你们一个消息冷空气明日抵深气温下降部分时间有小雨市气象台预测10日-11日受冷空气影响最高气温27℃-28℃12日-15日转多云到晴天气温回升最高气温29℃左右近来天气持续干燥灰霾仍会潜入鹏城市民应注意预防呼吸道疾病火险预警持续生效中火灾风险极高请继续做好防火安全工作来源：深圳天气编辑：lee 编审：贺平涛美编：小邱标星+置顶蛇口消息报一秒找到蛇报君🔻]]></content>
  <author><![CDATA[蛇口消息报]]></author>
  <time>2018-10-09 12:06:19</time>
  <account><![CDATA[shekounews]]></account>
</data>
