<data>
  <id><![CDATA[51124561]]></id>
  <url><![CDATA[https://mp.weixin.qq.com/s?timestamp=1539596303&src=3&ver=1&signature=Egrj350GoKY8-KUcIJshb7gICNkcd1YJMCIrgiyqpMDfE2ZC3LnTcDhFo0XRLfC9s9yAA2JkjNobVna7L4CyBVGl1KsI-DGe6kWh*nQAF2CmqGG7jBhg7cqh5SqQEKf4eo28aBB60d4n39x0hzFsJhgHgLVWGpCfgYETWDcwFjo=]]></url>
  <title><![CDATA[超赞！南山要打造“艺术村落”了！适合凝想，还能激发创造！]]></title>
  <content><![CDATA[昨日，消息报记者从深圳市建筑工务署获悉，哈尔滨工业大学(深圳)国际设计学院方案已于近期出炉，根据方案，哈尔滨工业大学（深圳）国际设计学院将被打造为一个适合凝想、激发创造的“艺术村落”。▲哈工大(深圳)国际设计学院方案效果图。据了解，哈尔滨工业大学（深圳）国际设计学院是深圳市政府与哈尔滨工业大学、苏黎世艺术大学、加泰罗尼亚高等建筑研究院在深共建的办学机构，选址于南山区深圳大学城校区南部、哈工大（深圳）本科校区（在建）东南侧，紧邻留仙大道，毗邻清华大学深圳校区与北京大学深圳校区。▲哈工大(深圳)国际设计学院方案效果图。根据项目规划，哈尔滨工业大学（深圳）国际设计学院用地面积为31524.1平方米。项目主要将新建哈尔滨工业大学（深圳）国际设计学院校舍，包括教室、实验室、行政人员及教师办公用房、专业阅览室、学生宿舍及原有食堂加建部分等。该项目于今年3月中旬启动方案招标后，深圳市工程设计管理中心严格按照规定的招投标程序，组织开展资格预审专家评审、招标文件发布、开标、评标、评审、定标等一系列工作，并充分征询专家、校方等多方意见，最终于9月底择优确定了设计方案。为打造国内首屈一指的设计学院，项目方案采取了组团式布局，道路与广场共存，同时保留着适合凝想的安静场所。方案采用了横向空间组织方式，而非垂直空间组织方式。据设计团队介绍，国际设计学院将被打造为一个既有机又有序的 “艺术村落组团”，通过对几何空间的规划，设置适合校内师生进行正式或非正式会面的多样路线，以利于激发校内师生的创造力。据悉，今后一段时期，深圳市工程设计管理中心将带领设计团队，继续优化该设计方案，确保为哈尔滨工业大学（深圳）师生带来一座具有人文艺术气息的生态校园。来源：蛇口消息报记者 姚家玥资料图编辑：lee 编审：贺平涛美编：小球标星+置顶蛇口消息报一秒找到蛇报君🔻]]></content>
  <author><![CDATA[蛇口消息报]]></author>
  <time>2018-10-12 11:48:03</time>
  <account><![CDATA[shekounews]]></account>
</data>
