<data>
  <id><![CDATA[51124561]]></id>
  <url><![CDATA[https://mp.weixin.qq.com/s?timestamp=1539596303&src=3&ver=1&signature=Egrj350GoKY8-KUcIJshb7gICNkcd1YJMCIrgiyqpMDfE2ZC3LnTcDhFo0XRLfC9s9yAA2JkjNobVna7L4CyBaQerbK-QXNopLqiThhAMHp50I7A7uhN439FmfGng4EMDH0Cw0ujUMe8FvGCNlG1DJfOD2o1zxe8GSTB8O-Au9E=]]></url>
  <title><![CDATA[返程大军杀到！回深不想被堵路上，切记避开...]]></title>
  <content><![CDATA[您的假期余额不足，且无法充值国庆长假已进入第六天返程大军袭来是时候收拾好心情，准备面对堵车的痛先给大家po三张图感受下▲昨晚19时20分，惠盐高速往深圳龙岗服务区路段车行缓慢。▲昨晚19时47分，广深高速宝安路段往深圳方向有路面施工，占据最左侧一条车道，目前车辆缓行。▲昨晚6时30分，东部回市区方向，车多。什么？图片不够全面？蛇报君相信下面这组数据会引起你的注意。24小时内（统计时段：10月04日12时至05日12时，下同），我市出深车辆数为21.83万辆次，环比减少11.74%，入深车辆为28.20万辆次，环比增加1.42%。这意味着什么？意味着假期要结束啦你得准备回来上班啦出去浪的朋友们都决定先行一步了1出入深圳道路情况从车辆的流向看，昨日，由深圳东部入深（深汕、惠盐、博深、惠深沿海）的车辆约11.29万辆，比10月4号增加2%；由深圳中部入深（梅观-莞深）的车辆约4.83万辆，比10月4号增加5%；由深圳西部入深（107国道、广深、沿江、南光-龙大）的车辆约12.07万辆，与10月4号基本持平。出深车辆选择梅观高速和龙大高速、南光高速的数量最多；入深车辆选择梅观高速和龙大高速的数量最多。如何理性避堵就看你怎么选啦2各时段出入深圳车辆情况10月4号，入深车辆从下午14时开始增加一直持续到晚上22时开始减少，昨日我市从7时开始入深车流开始增加，9时至10时达到峰值，达1.7万辆次，整体行车状况较好，除深汕高速从白云坑桥到马塘大桥东往西方向较为拥堵外，其他道路均较为通畅。3市内交通情况良好景区车流量大昨日全市市内交通整体情况良好，交通拥堵指数为1.09，较为车多的区域集中在沙嘴、可园、八卦岭等片区。全市路网车辆较前日增加1.48%，车辆出行增加最多的为龙岗区，其次是福田区和宝安区。4热门景区交通情况昨日，我市热门景区交通压力整体高于平日，东部华侨城周边道路出现缓行状态，其他景区周边道路均畅通。5大型商圈周边交通情况全市各大型商圈周边道路交通良好，商圈周边拥堵指数较平日均有所下降，未出现异常拥堵现象。6东部景区道路情况24小时内，共有7436辆机动车前往大、小梅沙、东部华侨城片区，因大、小梅沙封园，该片区环比平日仅增加17.34%，共有22317辆机动车前往大鹏景区，环比平日增加89.01%，前往惠阳方向12257辆，环比平日减少1.73%。昨日从上午7时开始，前往东部的车辆逐渐增多，主要道路出现了车多的现象，截至12时，出现车多缓行路段，主要集中在深盐二通道东行方向。车辆通过大梅沙收费广场后，行车恢复通畅，途经东部沿海高速前往惠州和大鹏景区的车辆未出现异常拥堵。▲16时，东部沿海高速大梅沙收费站往市区方向，返程车流量逐渐增加。7我市外地小汽车情况经统计，24小时内在我市行驶的外地小汽车共94.3万辆，环比减少1.41%。通过对在我市行驶的外地车辆属地分析，省内外地车较多的是东莞籍17.5万辆和惠州籍9.7万辆。而外省车辆较多的是湖南籍4.3万辆、浙江籍3.7万辆和湖北籍3.1万辆。8全市出行车辆经过统计，全市出行车辆共计215.15万辆，比10月4号出行车辆增加2.73%，市民驾车出行意愿有所增加。除了深圳市内的交通还有一条路，每到节假日它的"一举一动"都牵动人心没错，就是虎门大桥啦！为了避开返程高峰期，其实它也拼了！9虎门大桥如何"避堵"？统计数据显示，国庆假期前3天（含9月30日），虎门大桥始终能保持有序通行状态。在超大车流下，车主基本半个小时左右即可顺利通过大桥，相比2017年国庆快了20分钟左右。通过前三天的数据也可以看出些许趋势，9月30日虎门大桥出口车流量为14.4万辆，同比增加了1.4％，而10月1日同比减少4.7％，10月2日同比减少3.2%。按照以往数据分析国庆期间车流量呈两头高中间低的趋势预计返程高峰会出现在10月5到7日最高峰是6日当天出口车流量在15万车次左右虎门大桥高速绕行建议太平立交站至威远站路段(西行方向)1. 在广深沿江高速公路南、北行行驶的车辆在沙田出口下高速，绕道轮渡码头到南沙；2. 行驶在广深高速公路由深圳往虎门方向的车辆，在长安出口，绕行国道或转到常虎高速公路前往到广州等地；3. 选择广深沿江高速经黄埔大桥接广澳高速前往广州、珠海、茂名等地。广珠东坦尾立交至南沙B站路段(东行方向)1. 在广珠东坦尾立交处绕行黄埔大桥走沿江高速前往东莞、深圳等地；2. 在广珠东线高速公路行驶的车辆在亭角出口，绕道黄埔大桥或轮渡码头到东莞。最后蛇报君再次温馨提醒返程大军已经开始行动高峰或将在今晚到达不想把最后的假期滞留在路上就一定要提前规划好出行时间和路线开车上路一定要注意交通安全遵守交通规则来源：深圳交警权威发布、深圳大件事编辑：王惠敏 编审：贺平涛美编：小邱标星+置顶蛇口消息报一秒找到蛇报君🔻]]></content>
  <author><![CDATA[蛇口消息报]]></author>
  <time>2018-10-06 12:40:27</time>
  <account><![CDATA[shekounews]]></account>
</data>
