<data>
  <id><![CDATA[51124561]]></id>
  <url><![CDATA[https://mp.weixin.qq.com/s?timestamp=1539596303&src=3&ver=1&signature=Egrj350GoKY8-KUcIJshb7gICNkcd1YJMCIrgiyqpMDfE2ZC3LnTcDhFo0XRLfC9s9yAA2JkjNobVna7L4CyBRkMntKpGlnCipRHlPIywYNfBOsGMiFG6OZ9n4401qVrkngWpPpz6UowJBAuefZecURYjCd8eAjn4h-Ruj44vCY=]]></url>
  <title><![CDATA[南山区7单位11个人霸屏了！该表彰！]]></title>
  <content><![CDATA[近日，深圳召开第五届全国文明城市创建工作总结暨全市精神文明建设表彰大会，强调努力在新一轮文明城市创建中走在最前列、交出新时代精神文明建设的优异答卷。消息报记者在会上获悉，南山区有——7家单位获“深圳市文明单位”称号3人获“深圳市文明市民（道德模范）”称号3人获“深圳市文明市民（道德模范）提名奖”5人获“深圳市精神文明建设先进工作者”称号↓↓详细名单↓↓会议强调，要始终坚持以习近平新时代中国特色社会主义思想为指导，认真学习贯彻习近平总书记在全国宣传思想工作会议上的重要讲话精神，落实全省宣传思想工作会议部署要求，为深圳率先建设社会主义现代化先行区提供坚强思想保证、强大精神动力、丰润道德滋养和良好文化条件，奋力在新一轮文明城市创建中走在最前列，努力交出新时代精神文明建设的优异答卷。会议指出，去年以来，全市上下以勇当尖兵的行动自觉，以再创新局、真抓实干、攻坚克难的作风，打了一场漂亮的文明创建攻坚战，成功蝉联全国文明城市“五连冠”。进入新时代，深圳的精神文明建设工作必须走在最前列、勇当尖兵，率先突破、做得更好，向党中央和省委交出优异答卷。一是要不断强化政治引领，持续深入学习宣传贯彻习近平新时代中国特色社会主义思想。二是要切实抓好根本任务，积极培育和践行社会主义核心价值观。三是要坚持为民惠民要求，不断增强人民群众的幸福感和安全感。四是要着力破解城市治理难题，积极打造更加宜居舒适的城市环境。五是要不断创新思路举措，推动精神文明建设站在时代前沿、引领风气之先。会议还宣布了市委市政府《关于精神文明建设先进集体和先进个人的表彰通报》。第12届深圳市文明单位代表、文明市民（道德模范）代表、精神文明建设先进工作者代表上台领奖。南山区委宣传部（文体局）等7家单位获“深圳市文明单位”称号、胡春华等3人获“深圳市文明市民（道德模范）”称号、王亚莉等3人获“深圳市文明市民（道德模范）提名奖”、刘芳蓉等5人获“深圳市精神文明建设先进工作者”称号。南山区委书记王强，区委常委、宣传部部长廖子彬参加大会。会议还指出，今年是新一轮全国文明城市创建周期的开局之年，全市各级各部门要对照新版测评体系和市里的工作方案，研究制定专项落实方案，细化措施、明确时限，推动创建工作常抓不懈、久久为功，确保实现全国文明城市“六连冠”。来源：蛇口消息报记者 方俊鹏编辑：lee 编审：贺平涛美编：小球标星+置顶蛇口消息报一秒找到蛇报君🔻]]></content>
  <author><![CDATA[蛇口消息报]]></author>
  <time>2018-10-08 11:53:32</time>
  <account><![CDATA[shekounews]]></account>
</data>
