<data>
  <id><![CDATA[51124561]]></id>
  <url><![CDATA[https://mp.weixin.qq.com/s?timestamp=1539596303&src=3&ver=1&signature=Egrj350GoKY8-KUcIJshb7gICNkcd1YJMCIrgiyqpMDfE2ZC3LnTcDhFo0XRLfC9s9yAA2JkjNobVna7L4CyBVLIemMtDYjCKbTHtBEGY-6uqaEZk2VIR9IamhWRZm2PZNNGgFDgZmx4vj8*kp5G2OmSlOv3hmiUCbsdUwilE4o=]]></url>
  <title><![CDATA[新型网络诈骗方式！经常玩抖音、快手的小伙伴注意了]]></title>
  <content><![CDATA[骗子们层出不穷最近又出现这样一种网络兼职诈骗方式经常使用抖音、快手等APP的朋友们要注意了！别一不小心你就着了骗子的道！最近微信群、QQ群里总有人发送这样一条消息以上这些信息，除了QQ群不同，其他的都是相同的文案。类似的还有“兼职刷单”骗局，此时，这伙骗子只不过是把在阵地从“淘宝”转移到了“抖音”等软件中，但万变不离其宗，骗子始终是会露出狐狸尾巴的！来看看网友与骗子的对话▼骗子说的比唱的好听为了避免其他受骗者加人故意设障碍举报其他人主动加人就奖励5块钱然后骗子开始了表演简单的介绍了下“如何点赞”骗子为了让受骗者上当故意先让其关注个抖音号试着“刷”一单之后的套路就非常熟悉了让受骗者“帮忙宣传”也就是之前看到的那几个截图这样情况下受骗者已经在无形中成了骗子的帮凶这熟悉的套路，熟悉的味道受骗者就是这样一步一步上当的！除此之外还发现在该骗局中这伙骗子还有后招需要118元买个某软件的VIP...对此很多网友表示差点中招！而有网友则表示交了118后面还有98等着呢就是一系列的让你交钱！从曾经的“快递录入员”“小说打字员”“兼职刷单”到现在变种的“抖音点赞员”，如此熟悉而又相同的诈骗套路，诈骗团伙收割一波又一波…我们只要记住一句话：天上不会掉馅饼，小心那些所谓“免费”的，别总想“不劳而获”就能赚钱的事，这些骗子就不会找上你！利用抖音、快手等APP实施的诈骗，该类诈骗受众人数多、传播范围广、迷惑性强，网友们要提高防范意识，保护个人财产安全。对于视听APP上出现的诈骗案件，有三大类诈骗案件比较突出。包括“庆祝生日、失恋红包返利类”“假冒微商销售产品”以及“集赞刷粉丝、买卖抖音账号”。这些朋友容易中招！犯罪嫌疑人瞄准的作案对象，大多是涉世不深、防范能力差、喜欢新奇事物并喜欢跟风效仿的年轻人群体。在这些诈骗案件的作案手段方面，犯罪分子利用受害人的好奇、贪利心理，通过新兴热门“抖音”“快手”“西瓜视频”APP等，不断吸引粉丝，要求受骗者通过扫付款二维码、发红包、转账等形式支付，一旦骗到钱财立即将受害人拉黑。警方提示再次提醒广大网友要提高自我防范意识不要轻信“抖音”“快手”等短视频平台上带有营销、钱款等性质的视频更不要轻易向对方转账汇款如发现被骗应立即报警来源：深圳网警巡查执法 深圳公安发布编辑：lee 编审：贺平涛美编：小邱标星+置顶蛇口消息报一秒找到蛇报君🔻]]></content>
  <author><![CDATA[蛇口消息报]]></author>
  <time>2018-10-10 11:57:28</time>
  <account><![CDATA[shekounews]]></account>
</data>
