<data>
  <id><![CDATA[51124561]]></id>
  <url><![CDATA[https://mp.weixin.qq.com/s?timestamp=1539596303&src=3&ver=1&signature=Egrj350GoKY8-KUcIJshb7gICNkcd1YJMCIrgiyqpMDfE2ZC3LnTcDhFo0XRLfC9s9yAA2JkjNobVna7L4CyBcZuD-cTRcWc2dS3n20tzmN9srTSEHxDhxAcGTwxsJzevNQaFfriuWAFAjAZ7-1fFPPI8C0APrUbmZJ9q7EA4K0=]]></url>
  <title><![CDATA[【抢票】在这场大咖云集的音乐会上，度过一个古典优雅的夜晚]]></title>
  <content><![CDATA[还在朋友圈里羡慕别人的诗和远方？在《南山艺术大舞台》里，你可以坐拥视听觉高雅盛宴实现诗和远方的美丽畅想！本期我们邀请到深圳市管乐协会单簧管萨克斯管专业委员会的演奏家们，在普及单簧管与萨克斯管历史的同时，为我们带来10首原创、经典、流行、好听的作品，让我们走进剧院，度过一个古典优雅的夜晚。话你知《南山艺术大舞台》是面向南山爱好艺术的广大社区居民，分品类结合演出节目开展名家、名师现场教学指导与鉴赏活动，丰富南山“文化中心”的形式与内涵。真正将“文化惠民”落到实处，助力南山“文化强区”建设。月月有主题，周周有精彩。全民共享，幸福南山！单簧管与萨克斯管单簧管，又称为克拉管或黑管，它有着“演说家”和木管乐器中的“戏剧女高音”之美誉。单簧管的高音区嘹亮明朗，中音区富于表情，音色纯净，清澈优美;低音区低沉，浑厚而丰满，是木管乐曲家族中应用最广泛的乐器之一。▲单簧管单簧管历史悠久，起源于希腊及波斯传入欧洲，在古代欧洲叫做芦笛，后来渐渐演变成沙吕莫管。1840年，伟大的思想家和实干家比利时人阿道夫·萨克斯在原有单簧管的结构基础上，大胆研制出了一种新的乐器，这就是萨克斯管。在后来的发展中，萨克斯管逐渐成为了古典、流行、现代以及爵士音乐中不可或缺的一员。▲萨克斯管活动贴士“南山艺术大舞台”第五期——“单簧管与萨克斯管的对话”---陶然老师与他的朋友们音乐赏析会演出场馆：南山文体中心剧院 大剧院主办单位：南山区委宣传部（文体局）承办单位：深圳聚橙剧院管理有限公司演出单位：深圳市管乐协会单簧管萨克斯管专业委员会演出时间：2018年10月16日(周二）19时30分演出票价：公益赠票，抢完即止本场演出为音乐会，观众适龄年龄为3岁及以上本期音乐会有这些大咖陶 然深圳艺术学校单簧管副教授深圳艺术学校管乐学科主任、学术委员会委员中国音乐家协会会员中国音乐家协会单簧管学会常务理事深圳市管乐协会副会长深圳市管乐协会单簧管萨克斯管专业委员会会长“深圳市十佳青年教师” 、“广东省优秀音乐家”第三届广东省宣传部 “十百千工程”第二层次培养优秀人才曾荣获中国文化部 “第三届全国艺术院校单簧管演奏比赛 ”等一系列国内外音乐赛事“优秀指导教师奖”。曾出版发行《单簧管》演奏教程以及《单簧管基础入门》、《单簧管演奏技巧》教学专辑DVD，多次在长沙、武汉、上海、深圳、杭州、北京、西安、香港等地举办单簧管独奏及室内乐音乐会。王墨翰深圳艺术学校萨克斯管专业教师，深圳市单簧管萨克斯管专业委员会秘书长。1994年在全国首届单簧管比赛中取得少年B组优秀表演奖。1996年开始学习萨克斯管演奏，师从我国著名萨克斯管教授洪竞立先生。1998年以专业第一的成绩考入上海音乐学院，在校期间多次受邀于上海交响乐团，上海广播交响乐团，上海歌剧院等参加国内外各类演出，并多次在上海之春国际音乐节中担任独奏演出，获一致好评。宁一骏深圳艺术学校萨克斯管专业教师中华人民共和国教育部公派研究生美国新英格兰音乐学院硕士学位中国音乐学院学士学位2010年以优异的专业课及文化课成绩考入中国音乐学院，2014 年获中国音乐学院推荐，被国家公派艺术类人才培养特别项目录取，由中华人民共和国教育部派出赴美国新英格兰音乐学院就读硕士研究生，成为首位获该项目录取的萨克斯管专业公派研究生。曾担任美国新英格兰音乐学院交响管乐团萨克斯管首席、深圳市西乡乐谷交响管乐团萨克斯管首席；2017年9月担任深圳艺术学校萨克斯管专业教师。董隽深圳市单簧管萨克斯管专业委员会副会长，深圳交响乐团客座萨克斯管首席。西安音乐学院毕业后考法国波尔多国立音乐学院专家班，在法期间曾多次与法国、西班牙、英国、瑞士、美国等室内乐团体（Quatuor de habanera、Quatuor de Raschèr等）共同演出归国后在深圳、广州、西安等地多次举办独奏及室内乐音乐会。分别在深圳、西安举办的单簧管萨克斯国际夏令营中担任授课导师及演出嘉宾。张念念现任广州交响乐团单簧管声部副首席，国家三级演奏员。1999-2006年在深圳艺术学校学习单簧管，师从陶然副教授。就读期间，曾荣获第二届亚洲青年音乐比赛单簧管组第一名，2006年中国文化部第三届全国艺术院校单簧管比赛少年A组第一名，2007年获得全额奖学金考入新加坡国立大学杨秀桃音乐学院，2010年考入瑞士苏黎世高等音乐学院，在校期间，担任苏黎世高等音乐学院乐团单簧管首席兼低音单簧管和高音单簧管演奏员，2011年考入苏黎世Valiant青年交响乐团担任单簧管首席，随团在瑞士各个城市巡演并获得好评。陆欢2011年6月考入英国皇家音乐学院( Royal Academy Of Music) 攻读研究生学位。2012年5月与英国威罗交响乐团 (Wirral Symphony of Orchestra) 乐队合作演出。2013年 2月受伦敦施坦威（伦敦）音乐厅之邀举办个人独奏音乐会。2013年10月在中央音乐学院举办个人独奏音乐会，国内首演约翰凯奇的《为加料钢琴而作的前奏曲与奏鸣曲》。现为深圳艺术学校钢琴基础学科教师。获英国Carpenter国际钢琴比赛，香港国际钢琴比赛，贝多芬国际钢琴比赛大奖。“单簧管与萨克斯管的对话”---陶然老师与他的朋友们音乐赏析会曲目单剧院观影小贴士为保证场内的观演秩序，请按照以下规定进入剧场：1、进入大剧场前请确保已将饮料、食品、塑料袋、纸袋、大件包裹、雨伞和其他已发出声响的物品寄存，场内禁止饮食。2、入场后请关闭手机，轻声翻阅节目单，未经许可禁止拍照、摄影和录像。3、迟到观众须请配合场务人员的引导入场就座。4、本场演出为音乐会，观众适龄年龄3岁及以上。抢票信息抢票时间截至10月15日（周一）12时抢票方式留言送门票留言点赞数排名前10名的粉丝（第三方实时监控，大家要文明参与活动哦）将获得蛇口消息报提供的门票（每人2张）领票时间10月16日（周二）19:00-19:30领票地点南山文体中心大厅临时取票点（取票时请说明是蛇口消息报活动）温馨提示1.公益演出门票属公共资源，请务必珍惜。在兑票时间截止后，还未领取到演出票的观众请听从剧院工作人员的指引移步至剧院大厅临时取票点根据现场实际剩余票量领票，领完即止。2. 请抢到票的市民在指定时间段内，到指定地点凭本公众号后台回复领票（取票时请出示回复页面，以便工作人员核对）。演出开始40分钟后停止一切兑票活动，请尽早兑换。座位有限，先到先得。3.如果未按时领取门票，将按照蛇口消息报抢票规则，取消相应抢票资格。好听的音乐会就要开始赶紧在下方留言开始抢票，加入这场音乐盛宴吧！来源：南山文体通编辑：刘盼   编审：贺平涛美编：丹萍]]></content>
  <author><![CDATA[蛇口消息报]]></author>
  <time>2018-10-11 13:01:27</time>
  <account><![CDATA[shekounews]]></account>
</data>
