<data>
  <id><![CDATA[51124561]]></id>
  <url><![CDATA[https://mp.weixin.qq.com/s?timestamp=1539596303&src=3&ver=1&signature=Egrj350GoKY8-KUcIJshb7gICNkcd1YJMCIrgiyqpMDfE2ZC3LnTcDhFo0XRLfC9s9yAA2JkjNobVna7L4CyBXpxVH4JSwiM5lDySGNyt3ra6sYgKrATGLgQtHnnTykaTOtg*u*E9o74lvUU3UcC3Q2JWQZ4wE1ajOh4eRGZHPI=]]></url>
  <title><![CDATA[三重惊喜！今晚，南山再上央视为祖国放歌！你一定不能错过！]]></title>
  <content><![CDATA[今晚（10月7日）19时30分，中央广播电视总台央视音乐频道（CCTV-15）将直播全新大型文艺系列节目《唱响新时代·国庆特辑》，南山原创歌曲《南方有座山》和南山出品的萌萌机器人将悉数上演，为广大人民唱响时代赞歌，庆祝新中国成立69周年以及改革开放40周年。同时，南山区委书记王强将现场接受采访，宣传南山，令人期待。▲10月6日晚，央视录制现场。消息报记者 黄雪波 图消息报记者在中央广播电视总台录制现场发回来的彩排视频，先睹为快。▲10月6日晚，《唱响新时代·国庆特辑》彩排现场。消息报记者 黄雪波 摄为了展现改革开放40年以来新中国的富饶强大，《唱响新时代》把焦点对准平凡而伟大的建设者和时代的奉献者们，从重庆、深圳、武汉、晋江、延边5个主会场踏歌而行，以他们自己奋斗圆梦的亲历故事作为节目重要元素，以典型人物和事件体现改革开放成果。其中，充满创新和激情的深圳创业者们为城市创新发展增添了持续动力。通过《唱响新时代》所展现的改革开放的鲜活故事，观众由此对改革开放产生了更多新感悟和新共鸣，也将对创造奇迹的深圳再次刮目相看。惊喜一南山区委书记王强将现场接受采访，宣传南山，令人期待。惊喜二今晚直播，南山本土歌曲 《南方有座山》将亮相，它是南山区庆祝改革开放40周年之际创作推出的一首时代新歌，借由歌唱艺术生动反映了深圳尤其是南山区的改革开放历程。▲9月28日起，这首充满深情的歌曲在QQ音乐等全国百余家音乐网站全面上架，同名MV也将登录各大视频平台和K歌平台。《南方有座山》词 田地曲 印青风过海湾仿佛传来当年的誓言潮汐无眠激荡岁月的变迁沿着山的目光穿越海的那边是谁划出最美风景线南方有座山一张青春的脸山下有个湾无数寻梦的眼山海之间心生波澜薪火相传山花开遍灯火阑珊温暖潮落潮起的海岸雨后彩虹编织未来的容颜登上南山之巅回首仍在浪尖今又启程那颗心不变南方有座山一张青春的脸山下有个湾无数寻梦的眼年复一年梦已绚烂新的世界就在眼前惊喜三此外，你还可以欣赏到南山企业出品的萌萌的机器人，它们呈现了新时代高新科技的活力创造。▲540台Alpha 1S亮相2016年央视春晚。资料图▲在2018年央视春晚主会场的大开场节目中，优必选狗年特别版机器人“Jimu汪汪”惊艳亮相。资料图三年内两度登上央视春晚舞台，并频繁亮相全国各大晚会，不仅是对南山企业优必选技术实力的高度认可，同时也彰显了中国正在对外展示科技发展成果的雄心。南山的小伙伴们今晚就让我们锁定央视音乐频道为大美南山喝彩鼓掌吧来源：蛇口消息报记者 黄雪波编辑：lee 编审：贺平涛美编：小杨标星+置顶蛇口消息报一秒找到蛇报君🔻]]></content>
  <author><![CDATA[蛇口消息报]]></author>
  <time>2018-10-07 12:30:34</time>
  <account><![CDATA[shekounews]]></account>
</data>
