<data>
  <id><![CDATA[53420320]]></id>
  <url><![CDATA[http://mp.weixin.qq.com/s?src=11&timestamp=1538410478&ver=1156&signature=udgCHrTgFCA3v708KPYzdqYQQT5UqNHDH7jSBWIiQSh-98E5VKWB6IyFBXKyjfNfeP70PRZX7f4ZD24TRP0HThYH60o7sbZJJTY7wrfa*fZkVyFzCFws8OrD5cznCcvD&new=1]]></url>
  <title><![CDATA[余生赠我空欢喜|免费读书]]></title>
  <content><![CDATA[《余生赠我空欢喜》三年婚姻，向小晚始终没走进厉东城心里，她失了心，丢了命…… 你没有错，爱你是我飞蛾扑火！]]></content>
  <author><![CDATA[最清浅的念想免费]]></author>
  <time>1538410100000</time>
  <account><![CDATA[ylylxy9092]]></account>
</data>
