<data>
  <id><![CDATA[50716645]]></id>
  <url><![CDATA[https://mp.weixin.qq.com/s?timestamp=1539596692&src=3&ver=1&signature=Egrj350GoKY8-KUcIJshb5bTRZQ2HdIVSuwitKyxuEzZUZqrTblwMnK76I1AVY2-B9pM7U*ZDvnkZEsSHl9MsK2kiSf647UJQEo5n8Ai0TAL*EP0U3UhWLSWtqQCiTjxmHbHFyM9G49jWZGSIFhAROdUu5WZLUSpQNcTX5xUbRY=]]></url>
  <title><![CDATA[提醒！天坛医院老院区10月1日至3日门诊停诊，位于花乡的新院区10月6日试开诊]]></title>
  <content><![CDATA[首都医科大学附属北京天坛医院，即将搬离天坛公园附近，迁至南四环花乡桥东北部的新院址，且新院区将于10月6日试开诊。搬家后，这家拥有62年历史的三甲医院，占地面积将扩展到18.16万平方米，建筑面积则达35.23万平方米，是老院区的4倍。据悉，该院也是新中国成立以来北京地区首家整体搬迁的三级甲等综合医院。位于丰台区花乡的天坛医院新址教学部。邓伟 摄（资料图）依安排，10月1日至3日，天坛医院老院区门诊停诊；10月4日起，预约患者可到新院区就诊，老院区门诊关闭。另外，老院区急诊将于10月4日早8点起停诊，同时，新院区急诊开诊。10月6日起，新院区试开诊，接待各科患者就诊。天坛医院老院区搬迁工作已经启动公众若想了解医院搬迁进展等相关信息，可拨打24小时咨询电话：59976550、59975043，登陆北京天坛医院网站院网站www.bjtth.org或“北京或“北京天坛医院”官方微信，进行查询。天坛医院老院区内已贴出相关通告目前，共有10条公交线路可达新天坛医院：乘坐90路、602路、845路、161路在花乡桥北下车即到；乘坐353路、627路、691路、692路、736路、845路在四合庄站下车，向东步行80米，随后向南进入樊羊路步行470米。地铁10号线首经贸站出C口步行约2000米。多年来，本市多数三甲医院主要集中在三环以里的老城区，相对不太合理的空间布局，不仅不利于医疗资源的公平、可及，也加剧了中心城区人口密集、交通拥堵、环境压力大等城市病。天坛医院老院址位于天坛公园西南角，医院环境陈旧、发展空间受限。天坛医院新址住院部 邓伟 摄（资料图）作为一项重大民生工程，北京天坛医院新院区建设历时5年，此次天坛医院南迁后，从服务环境到硬件设备等，都较老院有明显改善。医院新增认知障碍科、心脏及大血管外科、脑肿瘤综合治疗、康复等学科。新院将强化人才培养、研究创新和成果转化等功能，并强化“内外妇儿”等基础专业建设，为患者提供更全面、更连续、更优质的生命全周期医疗健康服务。医院新院区投入使用后将加强北京南部地区的医疗服务能力，进一步促进医疗资源均衡发展。知多一点首都医科大学附属北京天坛医院始建于1956年8月23日，是一所以神经外科为先导，神经科学为特色，集医、教、研、防为一体的三级甲等综合性医院。是世界三大神经外科研究中心之一、亚洲的神经外科临床、科研、教学基地。北京市神经外科研究所、国家神经系统疾病临床医学研究中心、北京市伽玛刀治疗研究中心、北京市脑血管病抢救治疗中心、国家脑血管病创新药物临床评价技术平台、WHO在中国的神经科学培训合作中心、北京脑重大疾病研究院脑卒中研究所、北京脑重大疾病研究院脑肿瘤研究所、北京神外学院、首都医科大学第五临床医学院、全国脑血管病防治办公室、北京市脑血管病临床研究中心、北京市脑血管病防治指导办公室、中国卒中培训项目以及《中华神经外科杂志》、《中国卒中杂志》等一批机构设在该院。说明：本文由北青社区报方庄版编辑整理发布，转载请注明来源：北京日报投稿邮箱：1415178452@qq.com商务QQ：1415178452转载请注明来源，若信息有误，请以官方为准；若侵权，请联系删除。看完记得分享，懂得分享，生活会越来越美好\(^o^)/]]></content>
  <author><![CDATA[北青社区报方庄版]]></author>
  <time>2018-10-01 18:50:34</time>
  <account><![CDATA[bqsqbft]]></account>
</data>
