<data>
  <id><![CDATA[50716645]]></id>
  <url><![CDATA[https://mp.weixin.qq.com/s?timestamp=1539596692&src=3&ver=1&signature=Egrj350GoKY8-KUcIJshb5bTRZQ2HdIVSuwitKyxuEzZUZqrTblwMnK76I1AVY2-B9pM7U*ZDvnkZEsSHl9MsBvU9O1-wQzL1922nOIati2OrdWMcod7eg1ZgPV7996Hea6Zx3sPjC75Ne5bwUm3ZHDlyJFD7C8GnTzEvMPLnH8=]]></url>
  <title><![CDATA[玩具的“具”到底是几横？网友懵了…]]></title>
  <content><![CDATA[这两天，一个汉字的写法让不少网友争论不休，甚至细思极恐，感觉自己这么多年可能写了错字。——玩具的“具”，框框里到底是两横还是三横？许多网友信誓旦旦地说从小老师教的就是两横，后来发现是三横，怀疑中国汉字偷偷改革过。知乎网友更是将这件事列为“经历过的细思极恐的事”之一……其他网友一看，忽然懵圈，差点不认识这个字。吓得赶紧用手比划了一下，试图凭借着肌肉记忆，找回这个字的笔画。写完之后发现，仍然有人两横有人三横，还有人直接一竖带过，从来不知道到底有几横……有网友分析说，可能是年代问题，写两横的都是70后80后。但是，评论里也有写三横的80后，和写两横的90后……仿佛也不是地域问题……于是，大家忽然惊悚了，感觉处在一个平行时空，都开始怀疑自己写了几十年的错别字……那么，“具”字中间到底有几横？瑟瑟发抖的网友赶紧翻出了家里珍藏多年的字典。最终，不管是哪一年出版的《新华字典》和其他书籍，都是三横。《康熙字典》第128页，“具”字也是三横。关于“具”字的写法，早在2008年就在网上引发了争议，当时《南国早报》还进行了报道。记者查阅了《新华字典》、《现代汉语词典》、《辞海》、《新华大字典》、《现代汉语规范词典》、《古汉语大词典》等九种不同版本、不同出版社的工具书，记录的都是三横写法的“具”字。也就是说，正确的“具”字，确实是三横。但是，认为是两横的网友并不是少数，大家的争论甚至使相关话题上了微博热搜。那么，为什么会出现这种群体性记忆错乱的情况呢？有网友认为，可能因为在日常书写时，许多人会将其简写，毕竟还有一竖带过的人。也可能因为现代人用笔写东西少了，容易被输入法误导。许多输入法在显示“具真置”等三横字体的时候，有时会因为字号变小而将三横简略成两横甚至一横。大家看多了，久而久之就被影响了，导致提笔忘字。关于输入法的问题，《南国早报》2008年也进行了报道，当时，广西民族大学文学院语言学教研室主任张教授表示，字内为两横的“具”字属于错字，规范的“具”字写法应该是三横的。“网络上存在的不规范汉字对人们的不利影响是潜移默化的。”张教授建议，在不确定某些汉字规范写法的时候应该查阅权威书籍，例如，语文出版社出版的《语言文字规范手册》，待确定后再使用，并养成习惯。关于如此大规模写错字的原因，网友们认为最大的可能性就是，在座的写两横的童鞋，都是隐藏多年的学渣！你们写了这么多年错字还不自知，可见还是小学老师罚得太少了。这些牢记写三横的网友，小时候都是经历了血与泪的教训啊……说明：本文由北青社区报方庄版编辑整理发布，转载请注明来源：北京晨报投稿邮箱：1415178452@qq.com商务QQ：1415178452转载请注明来源，若信息有误，请以官方为准；若侵权，请联系删除。看完记得分享，懂得分享，生活会越来越美好\(^o^)/]]></content>
  <author><![CDATA[北青社区报方庄版]]></author>
  <time>2018-09-30 09:26:01</time>
  <account><![CDATA[bqsqbft]]></account>
</data>
