<data>
  <id><![CDATA[50716645]]></id>
  <url><![CDATA[https://mp.weixin.qq.com/s?timestamp=1539596692&src=3&ver=1&signature=Egrj350GoKY8-KUcIJshb5bTRZQ2HdIVSuwitKyxuEzZUZqrTblwMnK76I1AVY2-B9pM7U*ZDvnkZEsSHl9MsBvU9O1-wQzL1922nOIati1D5jq1a*3h1pCJ05NFYFSrp1x5ZDO8TwhWLrUoSZh5h-loKa2sP9VxiM0kL0iKb28=]]></url>
  <title><![CDATA[北京新增3家儿科诊疗中心，2家已开诊！]]></title>
  <content><![CDATA[为充实儿科优质医疗资源，北京新添了三家儿科诊疗中心，其中北京儿童医院世纪坛诊疗中心、首都儿科研究所朝阳诊疗中心将于9月29日开始正式运行，北京儿童医院天坛诊疗中心则定于10月6日在北京天坛医院新院区开诊。长期以来，北京市儿童专科医院人满为患。在市财政局、市食品药品监督管理局、市人力社保局的支持下，市卫生计生委、市医院管理局在北京市儿科医联体组建运行的基础上，试点建立市属医院紧密型儿科医联体，旨在合理利用儿科优质资源，让更多患儿能够就近就医。今年7月25日，北京下发《关于开展市属医院紧密型儿科医联体建设试点工作的通知》，依托北京儿童医院和首都儿科研究所专家资源，与北京天坛医院、北京朝阳医院和北京世纪坛医院儿科形成紧密型儿科医联体。按照“统筹规划、先行试点、逐步推广、稳步推进”原则，北京儿童医院与北京天坛医院、北京世纪坛医院，首都儿科研究所附属儿童医院与北京朝阳医院5家试点单位建立“2+3”模式，推进紧密型儿科医联体规范化、标准化建设，实现“六通”：即规划通、品牌通、人员通、药品通、标准通、管理通。目前，北京儿童医院世纪坛诊疗中心、首都儿科研究所朝阳诊疗中心将于9月29日开始正式运行，北京儿童医院天坛诊疗中心则定于10月6日在北京天坛医院新院区开诊。北京市属医院紧密型儿科医联体正式运行后，北京儿童医院、首都儿科研究所附属儿童医院这两家儿童专科医院派驻儿科主任及业务骨干到北京天坛医院、北京世纪坛医院和北京朝阳医院。同时，北京市属医院紧密型儿科医联体将共享儿童专科医院品牌，并在成员医院植入优质专家品牌服务。比如：在北京天坛医院、北京世纪坛医院建立“北京儿童医院天坛诊疗中心/世纪坛诊疗中心”，开设“贾立群儿童超声工作室”；在北京朝阳医院建立“首都儿科研究所朝阳诊疗中心”，开设“刘晓雁儿童皮肤病工作室”。贾立群管理方面，综合医院儿科将实行所有权与管理运营权分开的两院负责制。两家儿童专科医院向三家综合医院分别派驻儿科主任及业务骨干，全职在综合医院工作。在医疗服务过程中，儿童专科医院与综合医院专家相互出诊；综合医院儿科医生成为儿童专科医院知名专家团队成员，探索儿科跨院层级诊疗；肤乐霜等一批疗效好、受欢迎的儿童用医院制剂将在市食品药品监督管理局审批后，医联体内可跨院调剂使用，可以方便患儿就近诊疗。专家简介1北京儿童医院派驻天坛医院儿科主任赵成松1992年毕业于首都医科大学儿科学系，同年分配的北京儿童医院工作至今。医学硕士，感染专业，主任医师，现任北京儿童医院院长助理，门诊部主任。一直从事感染性疾病的诊疗工作，擅长儿童发疹性疾病、化脓性脑膜炎等感染性疾病的治疗。工作以来，发表专业论文数十篇，参与完成多项科研课题。作为主要负责人，在门诊开展了多项儿科药物临床实验项目。并参与了多部专业书籍的编写。2008年起，参与医院医疗管理、重大突发事件的处置、门诊抗菌药物合理应用及门诊就诊流程优化、分级诊疗等方面的工作。2首都儿科研究所派驻朝阳医院儿科主任曹玲主任医师、教授、硕士生导师，呼吸科主任， 擅长儿童哮喘、呼吸睡眠疾病及呼吸疑难病的诊治。中华医学会儿科分会呼吸学组委员，呼吸学组学术委员会委员，全国儿科呼吸治疗协作组组长；中国医师协会儿科医师分会儿童呼吸专委会副主任委员。2007年在美国James Whitcomb Riley儿童医院呼吸科临床访问学者半年，所带领的呼吸科是国家临床重点专科。3北京儿童医院派驻世纪坛医院儿科主任段彦龙北京儿童医院血液肿瘤中心主任医师、临床医学(儿内科)硕士。一直从事儿内科、儿童血液/肿瘤以及参与戈谢病等罕见病方面的临床工作。主要研究方向为儿童淋巴瘤、戈谢病。现任北京医学会罕见病学分会委员、北京医学会儿科分会青年委员会委员、北京医学会医疗损害鉴定专家库成员。4贾立群主任医师，副教授，国内著名儿科超声专家，北京儿童医院集团首席专家；擅长小儿急腹症、泌尿系畸形、胃肠道疾病、肿瘤等超声诊断及鉴别诊断。他同时担任国家儿童医学中心、首都医科大学附属北京儿童医院超声科名誉主任。国家卫健委超声医学专科能力建设项目专家委员会委员、儿科组组长；中华医学会超声医学分会常务委员；腹部组副组长；中国医师协会超声医师分会儿科超声专业委员会主任委员。5刘晓雁主任医师，首都儿科研究所附属儿童医院皮肤科主任。毕业于武汉医师进修学院医疗系，1983年毕业后至今一直在儿研所外科及皮肤科工作。擅长小儿血管瘤及血管畸形，小儿过敏性、感染性及遗传性皮肤病的诊治，尤其对婴幼儿湿疹、小儿异位性皮炎、儿童银屑病、白癜风等疾病的诊治有丰富的临床经验。对小儿妇科及儿童性病的诊治有一定的研究，曾参与多项北京市医院管理局及所内课题。说明：本文由北青社区报方庄版编辑整理发布，转载请注明来源：北京日报投稿邮箱：1415178452@qq.com商务QQ：1415178452转载请注明来源，若信息有误，请以官方为准；若侵权，请联系删除。看完记得分享，懂得分享，生活会越来越美好\(^o^)/]]></content>
  <author><![CDATA[北青社区报方庄版]]></author>
  <time>2018-09-30 09:26:01</time>
  <account><![CDATA[bqsqbft]]></account>
</data>
