<data>
  <id><![CDATA[50716645]]></id>
  <url><![CDATA[https://mp.weixin.qq.com/s?timestamp=1539596692&src=3&ver=1&signature=Egrj350GoKY8-KUcIJshb5bTRZQ2HdIVSuwitKyxuEzZUZqrTblwMnK76I1AVY2-B9pM7U*ZDvnkZEsSHl9MsKdYcuCEYsA7hHPSKLI8nURcVIB6hWzHsjfCD5R85bs9k7OU3jcx3pTK3ff3PMBOHKT7sSE9DJF1-k-A13v2Q90=]]></url>
  <title><![CDATA[庄里事|不用跑腿儿效率更高，这个微信群你一定得加]]></title>
  <content><![CDATA[以前居民办理准生证、社保服务等业务需要带很多证件、证明到居委会、社保所，还必须是在工作日时间去办理，上班的人往往为此还得请假，耽误时间，程序又繁琐。自从方庄各社区建了楼门微信群，很多居民遇到不明白的相关政策、办理程序都会先在微信群里咨询，居委会工作人员、机关相关工作人员都会在微信群里帮居民一一解答。近日，古二社区就有居民在楼门群中询问生育服务联系单的问题，在群里的居委会工作人员很快给予了详细的解答，地区工作人员也在群里帮助居民做了进一步的补充说明。现在，有了楼门微信群，您不用跑居委会，需要携带什么证件、证明，可以先在群中找工作人员咨询，省去了“白跑”一趟的麻烦。说明：本文由北青社区报方庄版编辑整理发布，转载请注明来源：方庄生活投稿邮箱：1415178452@qq.com商务QQ：1415178452转载请注明来源，若信息有误，请以官方为准；若侵权，请联系删除。看完记得分享，懂得分享，生活会越来越美好\(^o^)/]]></content>
  <author><![CDATA[北青社区报方庄版]]></author>
  <time>2018-09-28 17:41:50</time>
  <account><![CDATA[bqsqbft]]></account>
</data>
