<data>
  <id><![CDATA[50716645]]></id>
  <url><![CDATA[https://mp.weixin.qq.com/s?timestamp=1539596692&src=3&ver=1&signature=Egrj350GoKY8-KUcIJshb5bTRZQ2HdIVSuwitKyxuEzZUZqrTblwMnK76I1AVY2-B9pM7U*ZDvnkZEsSHl9MsBvU9O1-wQzL1922nOIati2nF8ebqxfJPzE*RlNTF3ww4-UlwuzWPviKst-7WsCVaLVSgK1Cc*-3A-TB63PpzZc=]]></url>
  <title><![CDATA[好消息：丰台这3家景区门票实行免费！]]></title>
  <content><![CDATA[市发展改革委昨晚发布，国家体育场“鸟巢”、莲花池公园等6家景区将实行降价措施或免费开放措施，怀柔3家景区取消了原定于8月的涨价安排，这9家景区预计每年共计为游客减少门票支出约5865万元。位于丰台区的：莲花池公园、丰台花园、万芳亭公园门票执行免费政策。市发展改革委相关负责人介绍，本市景区票价在全国整体处于中低水平，以政府定价的5A级景区为例，单独售票景点门票平均价格为39元，远低于此轮降价前全国景点票价86元的平均水平。2006年以来，本市先后推动紫竹院、团结湖、人定湖、青年湖、柳荫公园等实行免费政策，目前全市600多家注册公园中，免费公园占比已达85%以上。2018年6月，国家发展改革委下发关于完善国有景区门票价格形成机制，降低重点国有景区门票价格的相关文件，要求各地以现行价格水平较高的5A级国有景区为重点，科学制定方案，切实降低偏高的门票价格，并积极推动4A级及以下国有景区降价，并确保于2018年9月底前取得明显成效，鼓励各地区根据实际情况，加快工作进度。2018年以来，北京多家景区实施降价或免费政策措施。具体来说，国家体育场“鸟巢”、京东石林峡、古北水镇景区的门票价格都降了10元，调价后分别为40元、68元和140元，莲花池公园、丰台花园和万芳亭公园此前门票价为2元、1元和1元，收费票价制度取消，将直接向公众免费开放。说明：本文由北青社区报方庄版编辑整理发布，转载请注明来源：北京日报、家住丰台投稿邮箱：1415178452@qq.com商务QQ：1415178452转载请注明来源，若信息有误，请以官方为准；若侵权，请联系删除。看完记得分享，懂得分享，生活会越来越美好\(^o^)/]]></content>
  <author><![CDATA[北青社区报方庄版]]></author>
  <time>2018-09-30 09:26:01</time>
  <account><![CDATA[bqsqbft]]></account>
</data>
