<data>
  <id><![CDATA[50716645]]></id>
  <url><![CDATA[https://mp.weixin.qq.com/s?timestamp=1539596692&src=3&ver=1&signature=Egrj350GoKY8-KUcIJshb5bTRZQ2HdIVSuwitKyxuEzZUZqrTblwMnK76I1AVY2-B9pM7U*ZDvnkZEsSHl9MsLlBLFiIYVDl2E6x80jlfZ9CwgedV-OG9N48whxvLRbOm5B9YkdFFTBJ5TB53uUErEIGg*HdP918tRQICmXQO4Y=]]></url>
  <title><![CDATA[丰台人给两轮电动自行车上牌证去哪办？地址、电话全在这]]></title>
  <content><![CDATA[最近关于“电动车上牌”的事儿牵动许多人的神经。根据最新《北京市非机动车管理条例》规定，电动自行车需登记挂牌才可上路，非标电动自行车将禁止销售；电动平衡车、滑板车等器械禁止上路行驶。两项规定均将于今年11月1日起正式施行。购买电动自行车的市民应当自购车之日起15日内到交管部门申请登记，取得行驶证和号牌后方可上路行驶。而所购车辆当为符合国家标准，在北京市产品目录内的品牌车辆。已经买到的不合标电动自行车该怎么办呢?《条例》规定，对于已经购买了电动车，但因为不符合相关规定无法登记的，将发放临时标识，并设置三年过渡期，过渡期内上路行驶需悬挂临时标识。过渡期满后，不上牌不得上路行驶。面向驾驶人——对于未经登记便上路行驶的电动自行车，将对驾驶人处20元罚款。对于使用临时标识，三年过渡期满后仍上路行驶的，将扣车，并对驾驶人处1000元罚款。对使用伪造、变造或者其它电动自行车行驶证、号牌以及临时标识的，将对驾驶人处1000元罚款。对私自改装电动自行车、驾驶上路的，对驾驶人处500元以上1000元以下罚款。驾驶电动自行车应在非机动车道内行驶，最高时速不得超过15公里，驾驶人应年满16周岁。2018北京电动自行车政策实施时间：2018年11月1日起什么样的电动车需要上牌?注：这里指的是二轮电动车上牌，不包括三轮、四轮电动车上牌申请时间：自购车之日起15日内到公安交管部门申请登记，现场交验车辆上牌登记时携带材料：申请注册登记的，电动自行车所有人应当交验车辆并提交下列资料：(一)《非机动车登记申请表》;(二)电动自行车所有人的身份证明原件和复印件;(三)电动自行车合格证明;(四)电动自行车来历凭证原件和复印件。上牌地点：（点击可以查看大图）来源：北京市公安局公安交通车辆管理所上牌费用：免费上牌时间：对符合条件的，公安交管部门应当场登记并免费发放行驶证和号牌。快递、外卖送餐车将另行规定值得注意的是，修改后的《办法》还增加了快递外卖企业的法律责任。其中明确，违反相关规定，未履行道路交通安全防范责任制度的，公安机关交通管理部门可以约谈负责人，责令限期改正；逾期不改正的，禁止其机动车上路行驶，可并处1万元以上5万元以下罚款。《条例》同时明确，快递、外卖等行业使用车辆的管理办法由北京市商务、邮政、交通、公安机关交通管理等行政部门根据行业发展特点和发展需求研究拟定，报北京市人民政府批准。电动平衡车、滑板车将禁止上路北京市交管部门表示，电动平衡车、滑板车在属性上既不是机动车、也不是非机动车，属于不能上路行驶的特定器械。据此，《办法》规定，在道路上使用动力装置驱动的平衡车、滑板车等器械的，公安机关交通管理部门可以扣留器械，并处200元罚款。今儿的信息有用不？快发给你想告诉的人吧~说明：本文由北青社区报方庄版编辑整理发布，转载请注明来源：市公安局公安交通车辆管理所、家住丰台投稿邮箱：1415178452@qq.com商务QQ：1415178452转载请注明来源，若信息有误，请以官方为准；若侵权，请联系删除。看完记得分享，懂得分享，生活会越来越美好\(^o^)/]]></content>
  <author><![CDATA[北青社区报方庄版]]></author>
  <time>2018-10-11 10:15:48</time>
  <account><![CDATA[bqsqbft]]></account>
</data>
