<data>
  <id><![CDATA[50716645]]></id>
  <url><![CDATA[https://mp.weixin.qq.com/s?timestamp=1539596692&src=3&ver=1&signature=Egrj350GoKY8-KUcIJshb5bTRZQ2HdIVSuwitKyxuEzZUZqrTblwMnK76I1AVY2-B9pM7U*ZDvnkZEsSHl9MsGextT21E6QMen1zQ9L*M8itOv0Mgz345PlRlG*R8iU80*HrKRw-wCCWZM2GZrvnKXeAbla0P9b*15P1nOy5pjw=]]></url>
  <title><![CDATA[注意啦~国庆节后，新一轮尾号限行开始！]]></title>
  <content><![CDATA[说明：本文由北青社区报方庄版编辑整理发布，转载请注明来源：首都网警投稿邮箱：1415178452@qq.com商务QQ：1415178452转载请注明来源，若信息有误，请以官方为准；若侵权，请联系删除。看完记得分享，懂得分享，生活会越来越美好\(^o^)/]]></content>
  <author><![CDATA[北青社区报方庄版]]></author>
  <time>2018-10-08 10:23:05</time>
  <account><![CDATA[bqsqbft]]></account>
</data>
