<data>
  <id><![CDATA[50716645]]></id>
  <url><![CDATA[https://mp.weixin.qq.com/s?timestamp=1539596692&src=3&ver=1&signature=Egrj350GoKY8-KUcIJshb5bTRZQ2HdIVSuwitKyxuEzZUZqrTblwMnK76I1AVY2-B9pM7U*ZDvnkZEsSHl9MsGextT21E6QMen1zQ9L*M8hufjAdjUGKy2Z2CwDO-DRWr43TzwO-uE*RbL-pISi9EYdZ*rhyk2bpKcUodpVibOE=]]></url>
  <title><![CDATA[今日寒露|秋意浓，情思长，愿有人为你添衣裳......]]></title>
  <content><![CDATA[袅袅凉风动，凄凄寒露零。《中国天文年历》显示今天（10月8日）16时15分我们将迎来农历二十四节气中第一个带“寒”字的节气【寒露】“寒露寒露，遍地冷露”我们隐约能听到冬天的脚步声了寒露节气后集天地之精气的露珠冷寒而将欲凝结放出微微寒光“寒露”之名由此得来【寒露三候】一候鸿雁来宾鸿雁排成“一”字或“人”字形的队列大举南迁二候雀入大水为蛤深秋天寒，雀鸟都不见了海边出现很多蛤蜊三候菊有黄华草木皆华于阳，独菊华于阴这一时节菊花已普遍开放【寒露气候】寒露是气温由凉变寒的转折点“先白后寒”相对于白露寒露代表气温更低同样是结在地面的露水寒露更冷，即将成霜此时我国有些地区会出现霜冻东北和西北地区已进入或即将进入冬季此时节北方已呈深秋景象白云红叶，偶见早霜南方也秋意渐浓蝉噤荷残寒露百花凋，霜降百草枯。寒露后随着气温的下降草木荣华滋硕之时已成往事所以深秋又被称为“穷秋”同时寒露的到来意味着秋收秋种等农事需加紧进行否则会影响到来年的收成【寒露节俗】赏菊“露凝千片玉，菊散一丛金。”寒露到来的农历九月又称菊月抬头可望明月思乡怀人低头可赏花对饮陶醉秋意别有一番韵味吃螃蟹“西风响，蟹脚痒”天一冷螃蟹的味道就要“正”了寒露时节雌蟹卵满、黄膏丰腴正是吃母蟹的最佳季节等农历十月以后最好吃的则要轮到公蟹了观红叶寒露节气北京市民有到香山赏红叶的习俗寒露过后的连续降温催红了枫叶金秋的香山层林尽染漫山红叶如霞似锦、如诗如画品寒露茶“寒露过后觅秋茶。”每年寒露的前三天和后四天所采之茶谓之“正秋茶”秋茶中以正秋茶为最佳寒露茶有一种独特甘醇清香味尤受老茶客喜爱【寒露养生】俗语云“九月节，露气寒冷，将凝结也。”寒露节后，气温更低地面的露水更冷此时对身体的调养也相当重要饮食调养多食用芝麻、糯米、粳米蜂蜜、乳制品等柔润食物多饮汤水、不喝凉茶少吃辛辣刺激、香燥、熏烤等类食品精神调养气候渐冷，风起叶落心中难免引起凄凉之感此时应按时起居保持良好心态因势利导，宣泄积郁之情无论什么时节一颗乐观豁达的心总能让你身体更好运动调养寒露时节在清凉的晨风中散步、跑步都是不错的选择舒展活动一下全身对预防血栓形成也有重要意义郊游登山也是一项适宜秋季的锻炼项目不仅增强人体的呼吸和血液循环功能也使得人的肺活量及心脏的收缩力增大空庭得秋长漫漫，寒露入暮愁衣单。寒露至，菊花香天气渐转凉枫叶红，染清霜愿有人为你添衣裳说明：本文由北青社区报方庄版编辑整理发布，转载请注明来源：新华网投稿邮箱：1415178452@qq.com商务QQ：1415178452转载请注明来源，若信息有误，请以官方为准；若侵权，请联系删除。看完记得分享，懂得分享，生活会越来越美好\(^o^)/]]></content>
  <author><![CDATA[北青社区报方庄版]]></author>
  <time>2018-10-08 10:23:05</time>
  <account><![CDATA[bqsqbft]]></account>
</data>
