<data>
  <id><![CDATA[50716645]]></id>
  <url><![CDATA[https://mp.weixin.qq.com/s?timestamp=1539596692&src=3&ver=1&signature=Egrj350GoKY8-KUcIJshb5bTRZQ2HdIVSuwitKyxuEzZUZqrTblwMnK76I1AVY2-B9pM7U*ZDvnkZEsSHl9MsKdYcuCEYsA7hHPSKLI8nUQ9Wh5RDNieouWhZwQNxseov-zjr09MBlrZJZQcJPZHJDF*KHgGQjRjN1dTwcZVhk0=]]></url>
  <title><![CDATA[这项亚洲最顶级的赛事，等你来打call！]]></title>
  <content><![CDATA[由15位大满贯冠军、9位前任或现任世界第一领衔的中网正赛即将在国家网球中心上演。而2018中网总奖金额度又一次刷新了往届的纪录，成为亚洲首个超千万美元赛事。男子单打种子选手前五名▼德尔波特罗赛事排名 01世界排名 03阿根廷职业网球运动员。获得22个ATP世界巡回赛单打冠军。兹维列夫赛事排名：02世界排名：04德国职业网球运动员 。首位获得大师赛冠军的90后球员。迪米特洛夫赛事排名：03世界排名：08保加利亚职业网球运动员。2017年ATP年终总决赛冠军。伊斯内尔赛事排名：04世界排名：11美国职业网球运动员。2010年在温网打出史上最长网球比赛。布斯塔赛事排名：05世界排名：12西班牙网球运动员。第五位闯进大满贯男单半决赛的90后球员。女子单打种子选手前五名▼哈勒普赛事排名 01世界排名 01罗马尼亚网坛第一位登顶WTA女单世界第一的球员。沃兹尼亚奇赛事排名：02世界排名：02丹麦籍波兰裔女子网球运动员。2018年获得澳网公开赛冠军。斯蒂芬斯赛事排名：03世界排名：03美国职业网球运动员。于2013年澳网逆转前辈小威，一战成名。科贝尔赛事排名：04世界排名：04德国网球运动员。2018年7月取得温网冠军。科维托娃赛事排名：05世界排名：05捷克网球运动员。世界女子网坛第一位"90后"大满贯冠军。01中网为亚洲最顶级赛事奖金数额首超千万美元自从2004年创办以来，中国网球公开赛从一开始的国际巡回赛已经变身为现在的男子ATP500赛和女子皇冠明珠赛。赛事级别逐步提升，奖金也水涨船高。记者了解到，作为亚洲最顶级的综合性网球赛事，2018中网总奖金再创历史新高，首次突破1000万美元大关。其中女子赛事总奖金764万美元，男子赛事总奖金340万美元。与2004年第一届比赛相比，奖金额上浮了900%。中网女子比赛是仅次于大满贯赛的皇冠明珠级赛事，奖金数额一贯诱人。2018年中网女子赛事总奖金大幅“加码”，在去年638.2万美元的基础上再增加约125万美元，首次突破700万美元。相比印第安威尔斯、迈阿密这两站皇冠赛事的96签位，中网的签位为64，对于球员来说，较少轮次可分享到的奖金更多，中网参赛显然更具“性价比”。而在ATP方面，中网的男子比赛是仅次于大满贯和ATP1000系列赛的赛事，比赛总奖金也是逐年“加码”。2018年中网男子赛事总奖金由去年的302.8万美元，提升至340万美元，总奖金在ATP500赛名列前茅的同时，也有比肩大师赛的趋势。02赛事升级让奖金节节攀升随着赛事的升级，中网男女比赛的奖金也水涨船高。2004年中网的女子赛事总奖金为58.5万美元，男子总奖金为50万美元。5年之后，升级的中网女子赛事总奖金已经达到450万美元，男子则达到210万美元。记者查阅了最近连续三年的中网奖金总额度后发现，每一年的中网奖金数量都远超上一届。以2016年为例，赛事升级后的中网女子赛事总奖金就与其他三项皇冠赛基本持平，而印第赛和迈阿密赛都是96个签位，中网只有32个，显然对球员来说中网更加划算。2016年的中网男子赛事的级别稍低，但中网的奖金一直是ATP500赛事中最丰厚的。男子赛方面，中网男子比赛为ATP500赛，2017中网男子赛事总奖金也再次“升级”，由上年的291万美元，提升至302.8万美元，成功突破了300万美元大关，并超出与中国网球公开赛同期举办的ATP500东京赛总奖金一倍之多，赛事整体增幅达10.5%。03去年总奖金已达941万美元2015年的中网总奖金额度由2014年的802万美元提升至846万美元，刷新中网总奖金纪录。女子赛事总奖金则再创新高，由2014年的543万美元提升到568万美元，和其他三站皇冠赛事印第安维尔斯、迈阿密和马德里基本持平。2015年中网男子赛事总奖金由2014年的259万美元提升到278万美元，位列全球13站ATP500赛事之首，与中网同期举行的ATP500东京站总奖金仅为126万美元，还不及中网男子赛事总奖金的一半。这一奖金数额也已经直逼许多ATP1000赛事。2016年中网的总奖金额由2015年的846万美元提升至920万美元，创下中网总奖金新高。其中，女子的629万美元已基本与其他三项皇冠赛持平，而男子的291万美元更是同期举行的东京ATP500赛的两倍多。2016中网男子赛事的总奖金由2015年的278万美元提升到了291万美元。虽然涨幅不大，但已经是位列全球13站ATP500赛之首。2016年的中网女子赛事奖金由2015年的568万美元提升到了629万美元，提升了61万美元之多。当年3月份举行的印第安维尔斯和迈阿密赛总奖金都是684万美元，5月初举办的马德里赛总奖金是477万欧元。男子方面，中网男子比赛仅次于大满贯和ATP1000系列赛赛事，比赛总奖金同样非常醒目。而2017年中网当年赛事奖金达到941万美元，直逼1000万美元大关。购票点击↓↓说明：本文推送由北青社区报方庄版编辑整理发布，转载请注明投稿邮箱：1415178452@qq.com商务QQ：1415178452转载请注明来源，若信息有误，请以官方为准；若侵权，请联系删除。看完记得分享，懂得分享，生活会越来越美好\(^o^)/]]></content>
  <author><![CDATA[北青社区报方庄版]]></author>
  <time>2018-09-28 17:41:50</time>
  <account><![CDATA[bqsqbft]]></account>
</data>
