<data>
  <id><![CDATA[50716645]]></id>
  <url><![CDATA[https://mp.weixin.qq.com/s?timestamp=1539596692&src=3&ver=1&signature=Egrj350GoKY8-KUcIJshb5bTRZQ2HdIVSuwitKyxuEzZUZqrTblwMnK76I1AVY2-B9pM7U*ZDvnkZEsSHl9MsHdys9Md3SMkjy66YTPQTz6mL7MkmovvByTILZ3VlxZrbNqfUnSwKNrDaZDV3KMrtS7VNpOS8TMksqdDAdDfILo=]]></url>
  <title><![CDATA[又到吃柚子的季节，但是这些细节必须注意，否则出大事！]]></title>
  <content><![CDATA[快到中秋，柚子上市啦！买个水分十足的好柚子，吃完晚饭来一瓣，别提有多美了。不过柚子虽然是个不错的水果，但吃起来却颇有讲究。据北京晨报报道，湖北就曾出现这样的案例，一个老人为了降压，吃了2片降压药，之后又吃了小半个柚子。半个小时后就感觉头晕得厉害，心跳也很快，甚至在送医院的半路上晕了过去。医院接诊后发现：老人的血压很低，超过了降压药的作用限度，之所以至此，罪魁祸首正是柚子。加拿大研究人员说，近几年来，可与西柚汁发生反应的药物越来越多，目前已发现85种，其中多数是常用药，例如降胆固醇药、抗生素和用于治疗高血压的钙通道阻滞药，此外，还涉及一些抗癌药和器官移植患者服用的免疫抑制剂。在这85种可与西柚汁发生反应的药物中，有43种会导致严重的药物副作用，包括猝死，急性肾衰竭、呼吸衰竭、肠胃出血等。吃这些药，别吃柚子很久之前，医生就发现，如果患者在服用一些降压药时，喝下西柚汁或者柚子汁，就会引起血压的非正常下降。这是因为柚子和西柚中的成分会影响药物在人体内的代谢过程，从而改变药效。西柚或柚子能够影响的药物比较多，在一些情况下，会减少药物排出，从而增加药效；而有时候可以干扰药物的转运，所以降低了药效。所以，大家在吃下面这些药物的时候，千万不要用西柚汁（柚子汁）送服：不宜与柚子同食的药物✦部分降血压类药物，如硝苯地平；✦部分降胆固醇的他汀类药物，例如辛伐他汀片、阿托伐他汀片、普伐他汀片；✦部分用于治疗心率失常的药物，例如盐酸胺碘酮；✦部分治疗过敏的抗组胺类药物，如非索非那定；✦部分器官移植后使用，抗排异反应的药物，如环孢素；✦部分抗焦虑类药物，例如丁螺环酮。看到这，肯定会有人会问：如果实在想吃柚子，吃完药大概需要隔多久再吃呢？建议：服药后6小时内最好避免吃柚子或喝柚子汁。如果就诊之前已经食用，应咨询医生是否需要调整用药。柚子浑身是宝，它有很多养生功效：柚子营养美味，好处多多柚子味甘酸、性凉，具有理气化痰、润肺清肠、补血健脾等功效。其果质脆嫩、汁多味甜，每100克的果肉里就含有89克水分，最适宜为身体补充水分。1去除色斑柚子中含有丰富的维生素C，能让人脸上的色斑减退。常吃柚子可以美白皮肤、改善气色，将柚子与蜂蜜混合当做面膜来涂抹面部，也有去除色斑的作用。除此外，它还有紧致皮肤的作用。维生素C能够促进人体胶原蛋白的分泌，常吃柚子，能让我们的皮肤更加丰满和平滑。2帮助减肥柚子还是非常好的减肥水果。它含的能量和脂肪很低，每100克柚子仅含不到1克的脂肪和41千卡的能量。根据营养学研究，在不改变饮食习惯的基础上，每天在饭前吃半个柚子，然后坚持12周以上的时间，就能起到很好的减肥作用，这是因为柚子中含有的一些化合物质能够加速脂肪的燃烧。3辅助治疗糖尿病柚子的苦味有些人不怎么喜欢，但你却不知道，这种苦味恰恰代表着柚子很好的保健作用。这种苦味是柚皮素，能够有效帮助人们治疗糖尿病，能够有效提高人体对胰岛素的敏感性，而且柚子糖分很低，糖尿病人也可以经常吃。柚子的优点，还真是不少呢！另外，柚子还含有不少的营养素，包括维生素B1、维生素B2、维生素C、胡萝卜素等，以及钙、磷、钾等矿物质，而其钠含量很低，有助于防止血压升高。柚子皮别扔，还有3种妙用柚子不仅肉可以入药，皮也有很好的止咳化痰的作用。如果冬天出现了咳嗽的现象，可以用柚子皮煮熟后泡水来喝，有很好的止咳化痰的效果★ 柚子茶做法：1、柚子外皮仔细清洗后切成细丝，用盐搓洗，多次加水浸泡、漂洗去除大部分苦味；2、将柚子皮入锅加水煮开，后加入剩下的柚子肉和适量冰糖，用小火煮至粘稠，放凉后将其放入玻璃瓶密封冷藏。美味的柚子茶做好后，想喝的时候冲一杯就好了~清洁效果：芳香气味、强力清洁柚子皮还有很强的清洁作用，用柚子皮可以自制洗洁精，柚子皮还是很好的芳香剂，放在冰箱里可以去味····柚子的清洁作用太多啦，一起来了解下！★ 自制洗洁精准备一个大桶和一些柚子皮，将皮装入瓶子内，再加入1勺食醋和2勺食用碱，最后加水没过柚子皮。将水装入玻璃瓶内，摇晃几下，放入冰箱冷藏一周，取出来就是完美的洗洁精了。洗锅洗碗、洗水果都有很强的清洁作用，去油污的作用也非常强！★ 去除异昧柚子皮内侧的白瓤，是一种疏松的海绵样组织，吸附力极强。将柚子皮放在冰箱、厕所、厨房中，只要定期更换新鲜的果皮，就能常保家中的清新味道了。最后提醒大家，吃什么都要适量，柚子再好吃也别贪多哦~说明：本文由北青社区报方庄版编辑整理发布，转载请注明来源：健康养生网投稿邮箱：1415178452@qq.com商务QQ：1415178452转载请注明来源，若信息有误，请以官方为准；若侵权，请联系删除。看完记得分享，懂得分享，生活会越来越美好\(^o^)/]]></content>
  <author><![CDATA[北青社区报方庄版]]></author>
  <time>2018-10-09 15:37:20</time>
  <account><![CDATA[bqsqbft]]></account>
</data>
