<data>
  <id><![CDATA[50716645]]></id>
  <url><![CDATA[https://mp.weixin.qq.com/s?timestamp=1539596692&src=3&ver=1&signature=Egrj350GoKY8-KUcIJshb5bTRZQ2HdIVSuwitKyxuEzZUZqrTblwMnK76I1AVY2-B9pM7U*ZDvnkZEsSHl9MsLlBLFiIYVDl2E6x80jlfZ-3lvJY4r*NWVgFiyKFO9ESvhKYEJ2c938Z-kLstadX4hwf-9-cerR0**sV-k0NcMc=]]></url>
  <title><![CDATA[北京80家邮政开通代办交管便民服务，就有咱方庄邮局]]></title>
  <content><![CDATA[补换领机动车号牌、行驶证还在往车管所跑？9月29日起，北京邮政全面开通80家交管服务厅，提供就近、便捷、高效的代办交管便民服务。机动车所有人联系方式变更备案等机动车业务，丰台一共有8家，其中就有咱方庄邮局，快来了解具体业务怎么办~这个邮政的交管服务厅，能办的业务还是挺多的！包括：补换领机动车号牌、行驶证、检验合格标志、申领免检核发检验合格标志，机动车所有人联系方式变更备案等机动车业务；补换领机动车驾驶证、驾驶人联系方式变更备案等驾驶证业务；申请人窗口注册、变更手机号码、绑定与解绑非本人机动车等互联网平台业务；道路交通违法自助处理等各项交管业务。代办的业务种类也可以看下方这个表格：（点击可查看大图）代办交管业务的服务台十分好找，只要认准这个深蓝色的服务标志。图为：丰台区望园交管业务旗舰店丰台区的8家具体位置在这里↓↓，咱方庄邮局也在内，住在附近的朋友家门口就能办理啦：（点击可查看大图）这8家邮政交管服务厅的分布比较均匀，以后有交管方面的业务，不少都能在这里办！如果您想了解更详细的信息，也可咨询邮政网点或拨打11185。说明：本文由北青社区报方庄版编辑整理发布，转载请注明来源：邮乐北京、家住丰台投稿邮箱：1415178452@qq.com商务QQ：1415178452转载请注明来源，若信息有误，请以官方为准；若侵权，请联系删除。看完记得分享，懂得分享，生活会越来越美好\(^o^)/]]></content>
  <author><![CDATA[北青社区报方庄版]]></author>
  <time>2018-10-11 10:15:48</time>
  <account><![CDATA[bqsqbft]]></account>
</data>
