<data>
  <id><![CDATA[50716645]]></id>
  <url><![CDATA[https://mp.weixin.qq.com/s?timestamp=1539596692&src=3&ver=1&signature=Egrj350GoKY8-KUcIJshb5bTRZQ2HdIVSuwitKyxuEzZUZqrTblwMnK76I1AVY2-B9pM7U*ZDvnkZEsSHl9MsA3i4SvZTCVwKskVzkaT3Hy9GVBFHKLD*qYLizNAEoFfNJ2YqGPj22CPS7Pdt6AnfYOLTZ6gqLo*FmRUuZzBJM4=]]></url>
  <title><![CDATA[新消息：17种抗癌药纳入医保报销目录平均降幅达56.7%]]></title>
  <content><![CDATA[今年6月，国家医疗保障局新一轮抗癌药医保准入专项谈判工作开始启动，44个目录外独家抗癌药经过专家评审和投票遴选，并征得企业意愿，最终17个药品获得谈判成功。今天（10日），国家医疗保障局印发了《关于将17种药品纳入国家基本医疗保险、工伤保险和生育保险药品目录乙类范围的通知》。17种抗癌药纳入医保报销目录，与平均零售价相比，平均降幅达56.7%，17种抗癌药纳入医保报销目录本次纳入药品目录的17个药品中包括12个实体肿瘤药和5个血液肿瘤药，均为临床必需、疗效确切、参保人员需求迫切的肿瘤治疗药品，涉及非小细胞肺癌、肾癌、结直肠癌、黑色素瘤、淋巴瘤等多个癌种。17个谈判药品与平均零售价相比，平均降幅达56.7%，大部分进口药品谈判后的支付标准低于周边国家或地区市场价格，平均低36%。抗癌药医保准入专项谈判充分体现了对医药创新的重视和支持，17种谈判抗癌药品中有10种药品均为2017年之后上市的品种。国家医疗保障局局长 胡静林：这次纳入目录的抗癌药都是近几年新上市的药品，专利的存续期还比较长。通过医保对这些优质创新药的战略性购买，可以起到促进和推动医药企业加大研发投入，以研制更多更好的创新药惠及了广大患者。央视独家记录抗癌药品谈判过程2018年6月，国家医疗保障局刚刚组建成立后，按照国务院抗癌药降税降价工作部署，立即启动了目录外抗癌药医保准入专项谈判。谈判专家组专家是由国家医保局专家库抽取，来自山东、云南、北京、江苏等地，大多曾参加过省级医保谈判。大部分抗癌药处“专利期” 谈判难度大此次谈判抗癌药，均为治疗血液肿瘤和实体肿瘤所必需的临床价值高、创新性高、病人获益高的药品。这些药大部分都还处于独家专利保护期限内，谈判难度非常大。△在谈判室外进行密切商量的是德国默克公司的谈判代表们，这已经是他们第三次从谈判室出来。德国默克公司的谈判代表谈判的是西妥昔单抗注射液，主要治疗结直肠癌，2017年第一轮国家药品谈判时，就有西妥昔单抗注射液，但是最终谈判失败。这一次谈判，对于国家医保局和企业来说，双方都想找到一个平衡点，以什么样的价格能够谈判成功。△德国默克公司的谈判代表，一直不停地打电话和总部进行沟通。根据数据显示，西妥昔单抗注射液2017年的平均价格为4200元左右。整个谈判过程持续了30多分钟，最终双方达成一致，签订了价格协议书。谈判后的价格由4200元降到1295元。采用“以量换价”策略 将价格降下来制药企业看中中国市场，采用“以价换量”的策略，以降价换取销量。而国家医保谈判专家采用“以量换价”的策略，最大限度将价格降下来，此次谈判成功的17种药品，最终的价格全部比周边国家或地区要低。这样的结果，谈判双方都付出了巨大的努力。下一步的重要工作是争取早日让群众尽早能买到降价后的抗癌药，这要涉及各省招标平台的公开挂网、医疗机构的采购、临床医生的使用等方方面面，各方需加强协作，让谈判成果社会效益最大化、让广大参保人实实在在享受到医保改革的红利。17种抗癌药完整名单👇说明：本文由北青社区报方庄版编辑整理发布，转载请注明来源：央视新闻投稿邮箱：1415178452@qq.com商务QQ：1415178452转载请注明来源，若信息有误，请以官方为准；若侵权，请联系删除。看完记得分享，懂得分享，生活会越来越美好\(^o^)/]]></content>
  <author><![CDATA[北青社区报方庄版]]></author>
  <time>2018-10-10 10:00:45</time>
  <account><![CDATA[bqsqbft]]></account>
</data>
