<data>
  <id><![CDATA[50716645]]></id>
  <url><![CDATA[https://mp.weixin.qq.com/s?timestamp=1539596692&src=3&ver=1&signature=Egrj350GoKY8-KUcIJshb5bTRZQ2HdIVSuwitKyxuEzZUZqrTblwMnK76I1AVY2-B9pM7U*ZDvnkZEsSHl9MsHdys9Md3SMkjy66YTPQTz50E*getVDCbzCZoC3GuoCEtNnLqv9O0WJSQwVn74*ERENkPmjlOFvJRm3WZ0n2gx0=]]></url>
  <title><![CDATA[这些新规下月起开始执行！影响无数人，赶紧开始准备吧~]]></title>
  <content><![CDATA[定了！从11月1日开始，北京市的非机动车要这样管！电动自行车需登记挂牌才可上路，非标电动自行车将禁止销售。共享单车乱停乱放将被罚款……结果北京新规后电动自行车现上牌热！！北京青年报记者走访、咨询了多个交警大队、执法站被告知目前有21家非机动车登记站可办理电动自行车上牌（摄影/孔令晗/来源：北京青年报）据工作人员介绍非机动车注册登记由来已久但此前愿意主动办理的车主并不多此次新规要求必须办理后前来办理、咨询的车主突然增加每天的业务量翻了好几倍“以前这个登记站一天也就发五六张现在每天至少新发60张车牌”一电动自行车1、控制不符合国家标准的电动自行车由于电动自行车不像汽车一样有国家统一的许可生产目录，北京市将从销售端严格控制不符合国家标准的电动自行车。2、未纳入产品目录不得销售北京市对符合国家标准的电动自行车实行产品目录制度。目录应当载明生产企业、品牌、型号、定型技术参数等项目，及时更新并向社会公布。未纳入产品目录的电动自行车，不得在北京市销售和登记上牌。3、信息应在销售场所显著位置公示为便于引导市民购买、使用合标的电动自行车，条例要求，销售者应当将产品目录等信息在销售场所显著位置公示。4、对不符合标准电动自行车的处罚对销售不符合标准的电动自行车的，工商部门有权责令停止销售、没收违法销售的电动自行车、罚款、没收违法所得。情节严重的，可吊销营业执照。5、上路需上牌电动自行车在北京市上路行驶，需经过登记，并取得行驶证和号牌。6、申请登记需要携带的材料申请人应当自购车之日起15日内到公安交管部门申请登记，现场交验车辆。登记时需要携带4类材料：登记申请表、所有人身份证明、购车凭证、车辆整车出厂合格证明。对符合条件的，公安交管部门应当场登记并免费发放行驶证和号牌。7、对“过往”车辆设置3年过渡期已经买到的不合标电动自行车怎么办？对已经购买的不符合国家标准的电动自行车发放临时标识，并设置3年过渡期，过渡期内上路行驶需悬挂临时标识。过渡期满后，不上牌不得上路行驶。8、行驶最高时速15公里针对电动自行车行驶速度过快带来的安全隐患，《条例》规定，驾驶电动自行车应在非机动车道内行驶，最高时速不得超过15公里，驾驶人应年满16周岁。公安交管部门应当根据道路交通情况，在非机动车道设置电动自行车的限速标志。9、对不遵守者的处罚对不符合国家标准的电动自行车未在规定期限内申领临时标识的，以及过渡期满后上路行驶的，处1000元罚款；已经登记的电动自行车未悬挂临时标识上道路行驶的，处警告或者20元罚款；伪造、变造或者使用其他电动自行车临时标识上道路行驶的，对临时标识予以收缴，对驾驶人处1000元罚款。10、管理部门可以扣留电动自行车公安机关交通管理部门可以先予扣留电动自行车，并通知驾驶人及时接受处理。接受处理后，交管部门应当及时发还电动自行车。二共享单车1、对互联网租赁自行车“实施总量控制”据不完全统计，北京市共享单车投放数量已达190多万辆。针对人行通道、地铁口等地共享单车堆积如山，行人空间被过度挤压的情况，条例规定：市、区人民政府应当对互联网租赁自行车“实施总量控制”。2、将自行车接入监管和服务平台企业应当按照要求，将自行车动态总量、重点投放区域动态总量、承租人信用惩戒信息、自行车停放位置信息，以及其他涉及公共利益的信息实时、完整、准确接入北京市互联网租赁自行车行业监管和服务平台。并协助公安交管部门核实确定违法行为人。3、拒不改正的可限制车辆投放违反相关规定的，交通行政管理部门可约谈企业相关负责人。拒不改正的，可限制车辆投放，并处1万元以上5万元以下罚款。4、应当设置禁止停放区域针对共享单车乱停乱放问题，条例规定：交通行政管理部门应当设置、协调允许停放区域、禁止停放区域，并对禁止停放区域实行目录管理。5、规范承租人依法停放车辆企业应当运用现代信息技术手段规范承租人依法停放车辆。客户端应当显示承租人安全提示、自行车允许停放、禁止停放区域，以及有关惩戒措施。6、配置必要的管理维护人员配置必要的管理维护人员，负责车辆调度、停放秩序管理和损坏、废弃车辆回收，及时清理占用道路、绿地等公共场所的车辆。同时，建立投诉处理机制，及时受理、处理车辆性能、停放秩序等方面的社会投诉举报。7、可将违法停放的自行车搬离现场如果互联网租赁自行车停放影响行人和车辆正常通行，公安交管部门应当告知企业及时采取措施规范停放。对情节严重，且不及时采取措施的，可立即将违法停放的自行车搬离现场，并对经营企业处1万元以上3万元以下罚款。8、押金设专用账户对于共享单车押金难退问题，条例规定，企业应当建立健全押金、预付金管理制度，将押金存放在北京市开立的银行资金专用账户。承租人申请退还押金时，应当及时退还。9、废弃车及时处置针对共享单车被弃于河道、企业私自投放、企业撤出后遗留等情况，相关主管部门、基层政府清理了大量的互联网租赁自行车，要求企业认领但多数未得到回应。据此，参照道路交通安全法对扣留车辆的处置措施，《条例》规定，行政主管部门依法对互联网租赁自行车采取行政措施的，应当告知企业及时接受处理。逾期并经公告3个月仍不接受处理的，相关行政主管部门可依法处置。三快递、外卖送餐车1、启动相关办法修改针对动力驱动的三轮车、四轮车，摩托车以及快递、外卖等行业用车，条例在审议过程中明确了其机动车属性，并规定按照国家和北京机动车管理的相关规定执行。据此，市人大常委会启动了对《北京市实施〈中华人民共和国道路交通安全法〉办法》的修改。2、没有营业执照的予以查封实施办法规定，北京市禁止生产、销售未经国家机动车产品主管部门许可生产的摩托车（含轻便摩托车）、动力装置驱动的三轮车、四轮车。违反此规定，可由工商行政管理部门没收相关产品，并处非法产品价值三倍以上五倍以下罚款。有营业执照的，由工商行政管理部门吊销营业执照，没有营业执照的，予以查封。3、使用车辆的管理办法报市政府批准快递、外卖等行业使用车辆的管理办法由市商务、邮政、交通、公安交管等行政部门根据行业发展特点和发展需求研究拟定，报市政府批准。4、使用平衡车、滑板车可罚款在道路上使用动力装置驱动的平衡车、滑板车等器械的，公安交管部门可扣留器械，并处200元罚款。说明：本文由北青社区报方庄版编辑整理发布，转载请注明来源：最爱大北京投稿邮箱：1415178452@qq.com商务QQ：1415178452转载请注明来源，若信息有误，请以官方为准；若侵权，请联系删除。看完记得分享，懂得分享，生活会越来越美好\(^o^)/]]></content>
  <author><![CDATA[北青社区报方庄版]]></author>
  <time>2018-10-09 15:37:20</time>
  <account><![CDATA[bqsqbft]]></account>
</data>
