<data>
  <id><![CDATA[50716645]]></id>
  <url><![CDATA[https://mp.weixin.qq.com/s?timestamp=1539596692&src=3&ver=1&signature=Egrj350GoKY8-KUcIJshb5bTRZQ2HdIVSuwitKyxuEzZUZqrTblwMnK76I1AVY2-B9pM7U*ZDvnkZEsSHl9MsE2qPrkyfSG3ClG0GUK1560m5lg2jZ8a3cTnoJkIrWsgxzc7rE-GCIUpAh*cF9Q8JROuUw1wEQgbp1Au7IKckoE=]]></url>
  <title><![CDATA[京深问题大闸蟹被查处！丰台加大执法力度，附选购“阳澄湖大闸蟹”攻略~]]></title>
  <content><![CDATA[近日，针对假冒阳澄湖大闸蟹在北京多家市场出售的现象，新京报进行了独家调查报道。针对曝光内容，丰台区工商部门对辖区京深海鲜市场进行了专项检查。网络资源图：执法人员对海鲜市场内大闸蟹进行抽检此次行动重点检查了市场内6户经营销售阳澄湖大闸蟹的商户，现场发现1户涉嫌销售假冒阳澄湖闸蟹的商户，工商执法干部对其捆绑闸蟹的蟹扣予以没收，责令其商品立即下架，停止侵权行为，到工商部门接受处理。此外，执法干部还对3户经营水产工具的商户进行了执法检查，现场责令市场对1户销售仿冒阳澄湖大闸蟹包装盒、蟹扣的商户进行关停。网络资源图：执法人员对海鲜市场内大闸蟹进行抽检下一步工商分局将对2户问题商户和市场主办单位开展进一步的调查处理。还将联合相关部门依据职责强化市场管理，继续积极开展农副产品市场规范指导和案件查处。具体而言，工商分局将详细备案市场内大闸蟹经销户营业执照、商标注册证、许可证明等相关材料，确保上市商品符合要求。结合实际开展“大闸蟹”专项检查，扩大专项检查范围，以新发地、岳各庄、京深等批发市场为重点，增强执法力量、频次，杜绝侵犯“阳澄湖”注册商标及过度包装的大闸蟹上市销售，维护消费者权益。在实际检查过程中，工商部门发现来自于苏州阳澄湖地区、昆山阳澄湖地区以及江苏、安徽等地大闸蟹所配套的蟹扣五花八门，有产地政府部门、蟹业协会、也有各个企业制作佩戴的，如何辨别是否正宗的“阳澄湖大闸蟹”难度较大。图源：网络  与本文无关丰台工商部门建议大闸蟹生产产地加强产地闸蟹上市前规范管理，尤其是“阳澄湖大闸蟹”这类具有地理标志产品，更应规范标准，规范生产销售标准和流程，对授权的理事单位和经销商加强后续销售管理，规范其经营行为，并加大与销售地政府及相关监管部门的合作，切实保护消费者权益。如何辨别真假阳澄湖大闸蟹？小编在这里提前祝大家国庆快乐，国庆正是阳澄湖大闸蟹上岸的时候，但是怎么挑螃蟹？粗线条的说，蟹一定得新鲜，所以一定得拣活的。大小都可以，但是一定要重。因为母的蟹黄多，所以母的更好。据懂行的人介绍，精细选蟹要五看：一看蟹壳。凡壳背呈黑绿色，带有亮光，都为肉厚壮实；壳背呈黄色的，大多较瘦弱二看肚脐。肚脐凸出来的，一艘都膏肥脂满；凹进去的，大多膘体不足三看螯足。凡螯足上绒毛丛生，都螯足老健；而螯足无绒毛，则体软无四看活力。将螃蟹翻转身来，腹部朝天，能迅速用螫足弹转翻回的，活力强，可保存；不能翻回的，活力差，存放的时间不能长五看雄雌。农历八、九月里挑雌蟹，九月过后选雄蟹，因为雌雄螃蟹分别在这两个时候性腺成熟，滋味营养最佳。仔细研究并参照这五看，就能把优质蟹从众多的螃蟹中挑选出来未识阳澄愧对目，不食螃蟹辜负腹。阳澄湖的大闸蟹向来是受人推崇的，被喻为蟹中之王，食之谓正中但市场上的冒牌阳澄湖大闸蟹不在少数，尽管产地给它戴上了防伪戒指以示区分，可谁又能保证这戒指无法伪造呢？据有经验的水产专家介绍，阳澄湖大闸蟹与众不同处有四大特点：一是青背，蟹壳成青灰色，平滑而有光泽二是白肚，贴泥的肚脐、甲壳晶莹洁白，没有黑色斑点三是黄毛，歇腿的毛长而黄，根根挺拔四是金爪，蟹爪金黄，坚挺有力，放在玻璃上都能八足挺立，双螯腾空快速鉴别螃蟹好坏之四大秘笈：1、是否坠手：放在手中沉不沉？2、用手按爪以检查蟹的肉质干不干净？3、蟹膏是否够多，则以蟹的尾端饱满或鼓起为上品4、如果蟹膏鲜艳，蟹脐两旁会透出紅色(行內俗称紅印)，则属好蟹阳澄湖大闸蟹防伪蟹扣2005年起大闸蟹的防伪使用了蟹扣有了“国家地理标志产品专用标志”在外观上基本保持不变以便于消费者的认知大闸蟹防伪蟹扣都以“只进不退”的倒刺结构设计取下来就必须要破拆也就是说不管是否查询一个扣都只能使用一次另外，每年蟹扣外型是一致的但是里面的内容每年都有变化的一般来说每年的阳澄湖大闸蟹防伪蟹扣都要等到开捕后才公示的据阳澄湖大闸蟹协会工作人员称一般没开捕之前出现的蟹扣全是假的以下是2017年阳澄湖大闸蟹防伪蟹扣图示防伪蟹扣的具体查询方法↓①电话：95105581②查询网址：http://www.qbssz.com/③备用电话通道：0512-65735581④销售标志查询：0512-65189315说明：本文由北青社区报方庄版编辑整理发布，转载请注明来源：新京报、家住丰台投稿邮箱：1415178452@qq.com商务QQ：1415178452转载请注明来源，若信息有误，请以官方为准；若侵权，请联系删除。看完记得分享，懂得分享，生活会越来越美好\(^o^)/]]></content>
  <author><![CDATA[北青社区报方庄版]]></author>
  <time>2018-09-29 11:29:57</time>
  <account><![CDATA[bqsqbft]]></account>
</data>
