<data>
  <id><![CDATA[50716645]]></id>
  <url><![CDATA[https://mp.weixin.qq.com/s?timestamp=1539596692&src=3&ver=1&signature=Egrj350GoKY8-KUcIJshb5bTRZQ2HdIVSuwitKyxuEzZUZqrTblwMnK76I1AVY2-B9pM7U*ZDvnkZEsSHl9MsHykZdjlra7JD7zG2ilIZe*hg1w6DVn8DBls4PHp2zTjJ2f6t6GEJDJr1CKljeNkIYBeJFh7CfJywxHFrMT65F0=]]></url>
  <title><![CDATA[丰台三环边花乡草桥集体土地租赁住房项目获批，只租不售！]]></title>
  <content><![CDATA[昨天，北京市发改委发布了关于丰台区花乡草桥村集体租赁住房项目核准的批复，同意北京草桥实业总公司建设该项目。资料图 配图与本文无关批复书显示，该项目建设地点为丰台区花乡，规划总用地面积51286平方米，其中规划建设用地42909平方米，同步实施整理规划道路用地5398平方米，同步实施整理规划绿化用地2979平方米。项目建筑控制规模为 105027 平方米（不含地下面积），建设内容为集体租赁住房及配套。据介绍，项目总投资估算为 67018 万元，全部由北京草桥实业总公司筹措解决。本项目为利用集体土地建设租赁住房项目，只能用于租赁，不得对外销售、不得转租。该项目位于花乡草桥村，玉泉营立交西南侧。东至武警部队，南至马草河，西至京沪高铁、京九线，北至规划道路。总用地面积约4.31公顷(以实际钉桩为准)。从这张图可以看出，这个项目就位于南三环玉泉营桥的西南角，三环旁，附近还有10号线的草桥站和纪家庙站，无论是位置，还是交通便利，都是杠杠的。 该项目规划总用地面积4.31公顷，规划总建筑规模7.63至8.57万平方米，其中规划绿隔产业用地规模3.12公顷，容积率2.2至2.5，地上建筑规模6.86至7.8万平方米，建筑密度30%，绿地率30%，建筑高度36米，结合设计方案局部可提高到45米。按照这样的建筑规模，这里可以提供将近1千套租赁住房。 同时，为了改善周边的交通，该项目的西侧还将增加一条宽15米的南北向支路。 另外，这个项目还规划了一处托幼用地，用地面积0.40公顷。机构养老设施用地一处，用地面积0.3公顷。孩子上幼儿园和老人养老都可以解决了。集体租赁房实现三个“一公里”据年初的报道，今后的集体租赁房选址要实现三个“1公里”。未来，居住在集体租赁房中的居民，步行10到15分钟就可走到最近的轨道交通站点，更有很多人不用乘坐轨道交通，在自己工作的园区、新城附近就能住进集体租赁房。今年一开年，本市就争取将一批集体建设用地选址在距离轨道交通、产业园区、新城1公里左右的区域。市规划国土委相关负责人介绍，从去年集体租赁房选址开始，为了最大程度实现职住平衡，让老百姓就近上班、居住，本市就确定了毗邻交通枢纽、毗邻产业园区、毗邻新城“三个毗邻”原则。而今年，这个原则中的“三个毗邻”被细化到1公里左右。一开年，市规划国土委在和各区沟通时，就对今年将供应的地块表达了更高的要求——如果要选择毗邻轨道交通站点、园区、新城的地块，希望这些地块到站点的距离在1公里左右。“距离越短，未来居住者步行、骑自行车就越方便。我们希望能让大家住得更舒心。”市规划国土委相关负责人说。最后再补充一点，这么多集体租赁房，未来主要面向哪些人群？ 集体土地租赁房按照推进职住平衡、产城结合的原则，主要面向三类人群。首先，满足租赁住房周边就业人群的居住需要，户型根据市场需要进行设计。同时，满足各区公租房备案家庭需要。可由区政府趸租一部分集体土地租赁房作为公租房。按市场价格给集体经济组织租金，确保农民利益；而转为的公租房，如果是低收入保障家庭承租的，政府则会按标准发放租金补贴。说明：本文由北青社区报方庄版编辑整理发布，转载请注明来源：北京晚报、首都之窗、丰台那些事投稿邮箱：1415178452@qq.com商务QQ：1415178452转载请注明来源，若信息有误，请以官方为准；若侵权，请联系删除。看完记得分享，懂得分享，生活会越来越美好\(^o^)/]]></content>
  <author><![CDATA[北青社区报方庄版]]></author>
  <time>2018-10-12 10:58:16</time>
  <account><![CDATA[bqsqbft]]></account>
</data>
