<data>
  <id><![CDATA[50716645]]></id>
  <url><![CDATA[https://mp.weixin.qq.com/s?timestamp=1539596692&src=3&ver=1&signature=Egrj350GoKY8-KUcIJshb5bTRZQ2HdIVSuwitKyxuEzZUZqrTblwMnK76I1AVY2-B9pM7U*ZDvnkZEsSHl9MsLlBLFiIYVDl2E6x80jlfZ9zc8Y6PdawkQN92rK*p6Wwg-OQvS9BR5*owaMFInpfdTEHWQgwVMe6*9fSUtiCwJE=]]></url>
  <title><![CDATA[交通银行北京西四环中路支行为社区老人打造幸福家]]></title>
  <content><![CDATA[2018年9月28日上午，中铁电气化局有限公司人头攒动，热闹非凡，由京铁家园和交通银行北京西四环中路支行等单位主办，共10个社区参与的2018年首届环四环健步节活动拉开了帷幕。活动启动仪式上，由京铁家园铁路博物馆荣誉馆长金万智先生在交通银行创立110周年之际，向交通银行捐赠金老先生收藏多年的由交通银行在成立之初发行的珍贵货币。中心支行王晓龙行长代表交通银行接受捐赠，并向铁路博物馆捐赠交通银行创立110周年纪念券。金先生捐赠交行在成立之初发行的珍贵货币金老先生说道：“交通银行创立于1908年，到今天已经走过110年的岁月。交通银行因“赎回京汉铁路”的民族责任而诞生，从此登上了中国金融业的历史舞台。110年的发展历程，交行从无到有，从小到大，如今已发展成为一家大型商业银行。而身边的这家交通银行，更是百年交行的传承者，他们不像一个冰冷的金融机构，倒像我的一个老朋友和好朋友。他们注重参与公益事业，社区活动有他们，宣传普及金融知识有他们，就连过个节包饺子也有他们；他们关注社区居民，尤其是老年人，不仅为我们开立现金柜台，还特别制作了便民服务卡，送到社区每一户居民家中。”交通银行北京西四环中路支行位于丰台区靛厂路26号，像大多数社区银行一样，这里面积不算大，却具备很多功能。为满足中老年客户的服务需要，支行特意开设了现金柜台，“对于老年客户，使用ATM等自助设备不是很熟悉，而且他们会觉得，从工作人员手里存取现金会更踏实。”支行行长吕安琪告诉记者，作为一名党员，她非常重视党建工作，特意将这个现金柜台设立为“党员示范岗”。此外，为提升居民的风险防御能力，经常举办理财知识讲座、反金融诈骗宣传等形式多样的社区活动，并印刷制作了便民服务卡，送到社区每一户居民家中，让大家有紧急情况时及时联系。交行工作人员给居民讲解理财产品在传统的节气日，交通银行北京西四环中路支行还会走进社区，组织大家参加联欢活动，“冬至的时候，我们就想着把大家伙儿都请过来，一起包饺子，又热闹又应景。”吕安琪笑着说，将冬至组织包饺子的消息在社区内张贴出来，很快报名的居民就陆陆续续地来了。食堂提前精心选制馅料，充分做好各项准备工作。在包饺子过程中，大家都热情高涨，积极参与。在欢乐、温馨的气氛中大家边聊边包，互帮互教，各显神通，相互调侃着，说笑着，不一会儿排排独具个性，形态各异的饺子就“出炉”了。看着自己包的饺子，大家的脸上都洋溢着兴奋，还不断用手机拍照留念，银行内到处萦绕着欢声笑语……“来尝尝我们这个馅儿味道怎么样”“好吃好吃，咸淡也正好儿。”大家招呼着，共同品尝着彼此的劳动成果，还有人直接将包好的饺子带回了家，等着晚上和家人一同分享。交行组织老年人包饺子在活动现场，还向社会公众展示了交通银行创立110周年的历史成就，展现出交行的深厚历史和辉煌成就。吕安琪介绍到，以交通银行成立110周年的契机，我们面向未来，交通银行将继续发挥金融国企的责任担当，发挥社区金融机构的优势，为社区，为居民伙伴提供更贴心的服务。文并摄 / 张敏说明：本文由北青社区报方庄版编辑整理发布，转载请注明来源：北青社区报丰台版投稿邮箱：1415178452@qq.com商务QQ：1415178452转载请注明来源，若信息有误，请以官方为准；若侵权，请联系删除。看完记得分享，懂得分享，生活会越来越美好\(^o^)/]]></content>
  <author><![CDATA[北青社区报方庄版]]></author>
  <time>2018-10-11 10:15:48</time>
  <account><![CDATA[bqsqbft]]></account>
</data>
