<data>
  <id><![CDATA[67610204]]></id>
  <url><![CDATA[https://mp.weixin.qq.com/s?timestamp=1542250462&src=3&ver=1&signature=t1tQuhfvgeQkNOJJwpbIKGrrFmd9WPCxv01TrQaBfwLWUU8Lqxr2SvaHhfgZHnhbsr-XJNJMYg5PUwERU1L0FbLm7lzBQTK1hy7Nuhnrx5UqTD4yP5t6WqJFbXeBdbuR1bNB3gO2BurN1UhygXiXphBk0MzQzfhrMS6TwJwrD*4=]]></url>
  <title><![CDATA[又一位陪读妈妈气到脑梗：在虐惨80后这件事上,00后赢了]]></title>
  <content><![CDATA[点击上方↑↑↑情报君↑↑↑关注我们文章精选自：槽植（ID:caozhi123）陪读的中年爹妈们，被生活磨平了棱角，被熊孩子熬没了脾气，被作业消灭了锋芒。可是，不需要同情诉苦，陪读的老父老母，两个人，就是一支“无所不能”的队伍。不少人都曾经感慨过：“现在的孩子，过得真累。”学校里要为了考试认认真真、分秒必用；周末假期要拓展视野，参加各种兴趣班辅导班；做完这些，还有成山的家庭作业、练不完的琴棋书画……然而，要论被这些折磨得最苦的人，孩子远远排不到第一。最苦，不过中年陪读的老父老母，上班要和领导、客户斗智斗勇，回家要和孩子、作业见招拆招。稍稍不慎，还可能有生命危险。前段时间南京一位33岁的妈妈，就因为陪娃写作业，就被气到脑梗住院，“不写作业母慈子孝，一写作业鸡飞狗跳”，从来都不是一句玩笑话。陪读，须练就十八般武艺陪读爹妈们，都盼着孩子写作业是一场“闪电战”，但绝大多数时候都打成了“持久战”。这场以熊孩子为导火索，作业为主要敌人的较量，智力是必须的，体力更是不能不要的。最好是十八般武艺齐上阵，否则可能连幼儿园的作业都应付不了。王女士三岁半的孩子，幼儿园入学第一天，就被要求画世界地图。老师说，这项作业是为了让孩子对世界有一个初步的认识。小孩子连笔都握不稳，作业自然落在了家长头上。画地图的作业，看似困难，但在作业界，也只能算入门级的智力活动。数学，才是地位无法撼动的魔鬼级存在。不少家长熬过了高数物理，斗过了史地生化，最后却一头栽在了小学奥数题上。逻辑题，重新激活了中年爸妈日渐衰退的脑力。图形题，治好了多少近视家长们日渐迷离的眼神。算数与语文综合题，更是让家长们不禁后怕，还好自己早生了几年。智力型作业烧脑费神，体力型作业不仅耗神，还费力。有幼儿园为了举办中秋活动，布置了亲子作业，让家长和小朋友一起做灯笼。作为家长的陈先生一步步买材料，搜索制作方法，忙到半夜才做好。打开微信，发现儿子同学的父母们早就发了朋友圈：“这个点还在做作业的我，大学毕业以后第一次。”“说明一下，这是灯笼，为娘的已经尽力了。”娃的作业，考验的不是孩子的动脑动手能力，是中年爹妈们的忍耐力。说是让孩子德智体美劳全面发展，最后却是家长们修炼得十八般武艺样样精通。作画只是基本功，熬夜也是必修课。时不时还得回归田园，客串园丁。陪读爸妈，简直刀枪不入，无所不能。有些作业打着亲子作业的名义，有些作业干脆点名道姓甩给家长。比如上海某幼儿园给家长布置作业，要求爸妈们定期观看一档综艺节目。看后，还要提交一万字的观后感。有家长在群里询问其他人写得怎么样了，结果家长群里迅速炸开了锅：图片来源：@中国新闻周刊无奈的家长，憋了一晚上才憋了一千个字；认真好学的，一边看节目，一边做笔记；更有战斗力的，直接熬夜写到凌晨三点……有家长感慨，自己智商最巅峰的高考时，憋作文也不过800字！让家长犯愁的，不止是作业难，还有作业“奇葩”。前有让孩子数一亿粒米，后有老师为了培养孩子观察力，要求每晚画同一时间的月亮。小朋友自己选了午夜十二点，可苦了心疼孩子的爹妈。孩子妈妈每晚八点多开始灌咖啡喝浓茶，熬夜画画，一个月下来，瘦了八斤。陪读的爸妈，工作日下班后奋战在辅导作业的第一线上；周六周日在家和课外班之间往返接送；休息？想得美！图片来源：武汉晨报有时候，孩子上辅导班，自己还要坐在后面“陪学”。属于自己的时间就此报销。各位老母亲老父亲也只能对着“一问三不知”的孩子默默擦掉眼泪：“来，我们来看下一道题……”以为“活到老，学到老”只是宏大目标，却没想到因为孩子，真的实现了终生学习的愿望。陪读，是和熊孩子的较量陪读的苦，作业是元凶，熊孩子就是助推器。而和熊孩子的这场较量中，输家似乎从来都是家长。听话的都是别人家的孩子，“一遍两遍还教不会，三遍四遍不想学了”的孩子，才更像自己家的。无论你是狂风骤雨，还是春风化雨，熊孩子总能实力演绎软硬不吃、油盐不进。陪孩子写作业，必须随时做好被“气死”的准备。有家长感叹，“除了肺活量飙升，其他都在衰退”。图片来源：微博玩的时候精力充沛，一写作业就哈欠连天说自己好累，下了写字桌立刻满血回归；没有专注力，上一秒还在说加减乘除，下一秒就问“妈妈明天吃啥”；再遇上怎么教都教不会的题目，心里焦躁得像一万只蚂蚁在爬，脸上还要挂着微笑：“没关系，我们再来一遍。”图片来源：@人民日报靠红枣枸杞续命的爹娘，是怎么生出这么精力无限、战斗力爆表的熊孩子的？拿下各种证书，斗过各种甲方的自己，是怎么生出这么不爱学习、“冥顽不灵”的娃的？2017年发布的《中国中小学生写作业压力报告》中指出，中国91.2%的家长有陪孩子写作业的经历，其中每天陪读的家长比例高达78%。这其中，有75.79%的家庭，都曾因写作业发生过亲子矛盾。《中国中小学生写作业压力报告》上海的一位全职妈妈因为每天陪三年级的女儿学习，太过焦虑，查出患上了双侧颈内动脉痉挛，“三年级的作业也难了，有些作文、英语的要求，对家长来说也不是件容易的事。本来就有压力，看到孩子反复错、或是动作慢了，一股无名火顿时就冒上来了。”另一边，孩子对家长也是抱怨连连：图片来源：《放学别走》在一次次较量中终于修炼成合格的“佛系”陪读爹妈：今晚过后，还有明晚。自己生的娃，含着泪也要陪！陪读，是夫妻间的较量陪读，不只有和作业熊娃的交锋，更有夫妻间的“暗流涌动”。夫妻二人，有时想法难免存在差异。不懂沟通，不会理解的夫妻，就可能因此产生矛盾。比如江苏一对夫妻，就因为对孩子教育观念不同大打出手，甚至把劝架人都打伤：那天，朱先生与妻子王女士一同回乡拜访，四岁的小儿子因顽皮吵闹被王女士责骂，一旁的朱先生，一直对妻子“打骂”式教育不满，平时碍于情面甚少发作，这次有外人在场，他“硬气”地制止并数落了妻子。本就在气头上的王女士听罢更是怒火中烧，开始连孩子带丈夫一起骂。从骂到打，最后朱先生一家人都受了不同程度的伤。王女士的哥哥前来劝架，也被诊断为左眼钝挫伤、眼见裂伤、眶骨骨折。夫妻二人在教育上无法统一意见，陪读或教育，就可能变成“无用功”。一档电视节目里，妻子自述，自从有了孩子，两人吵架的次数越来越多，在教育方式上更是无法达成一致：她总是放心不下孩子，丈夫更偏向于吃苦教育。妻子觉得应该接送孩子上下学，而丈夫却觉得孩子要自己独立上学。节目最后，嘉宾涂磊给出建议：现在适合多元化的教育方式，每个孩子需要的教育方式不同，应视情况而定。正如心理学家阿德勒曾说：“基于自己的认知教导孩子是自私的行为”。夫妻相互不理解，都觉得自己的那一套才是对的，矛盾爆发只是早晚的事。当然，一些夫妻相互看着不顺眼，另一些夫妻却能把陪读当成感情催化剂，有人打趣说，“中年人的婚姻无聊枯燥，但作业却能给他们带来美好的转机。”谈天说地聊感情，都不如一起做做手工、探讨奥数来得真实。把彼此当作敌人，则家庭不和；把作业当作敌人，则万事和睦。中年夫妻的感情，靠娃变深厚，靠作业变长久。陪读的中年爹妈们，被生活磨平了棱角，被熊孩子熬没了脾气，被作业消灭了锋芒。可是，不需要同情诉苦，陪读的老父老母，两个人，就是一支“无所不能”的队伍。本文转自网易新闻公众号“槽值”，情感八卦吐槽，能走心也能讲道理的妹子，既能提笔写文，也能教你把妹撩，关注槽值寻找共鸣，治疗你所有不开心。公众号：“槽值”（ID：caozhi163）微博@槽值今日推荐阅读1、掌握四种小学数学常用解题思路，学习事半功倍（可查看情报君今日推送的第二篇文章）2、初中化学重点化学方程式和实验动图合集，赶紧收藏！（可查看情报君今日推送的第三篇文章）3、高中物理各种性质力大汇总 都是高频考点！（可查看情报君今日推送的第四篇文章长按识别二维码加入QQ群-“情报君初中家长分享群”（群号：620395486），和大家一起交流预初分班考、初中学习及中考备考经验。群内分享部分资源：下面这些文章估计你也喜欢↓↓↓110：小学英语：4-6年级重要短语汇总，考试常常出现，速记！111：居然有这么齐全的语文基础复习资料，小学老师的分享，收藏！112：小升初英语1600个词汇分类速记表，收藏起来113：小升初语文综合常识汇总！博学多才，在家也能教！114：小升初易错成语必看，很多孩子都吃过亏115：小升初必备资料：图解奥数七大模块重要知识点！留着当学霸116：小学数学思维导图汇总！117：小升初语文考试实用常识大全，好资料人手一份！118：这50道小升初基础却很有效的奥数题！学霸人手一份，错过可惜！119：小升初应用题宝典，好资料人手一份！建议收藏（上）120：小升初应用题宝典，好资料人手一份！建议收藏（中）121：小升初应用题宝典，好资料人手一份！建议收藏（下）311：初中数学：基础知识顺口溜，建议收藏312：初中物理所有章节公式、知识点全在这里了！313：初中英语时态用法大集合，99%的学生都收藏了！314：最全初中语文文学常识汇总，连老师都说好！315：初中数学所有公理、定理都在这儿了（附初中数学公式大全）316：21首顺口溜，帮你记住初中英语全部语法！317：初中物理知识点结构图（全）318：中考数学必须掌握的28个考点及60个易错点319：初中语文基础知识大全（值得收藏）320：中考化学能否满分 全靠这篇规律总结511：【高中物理】刷一千道题不如搞明白这些动图！512：高中英语全部知识体系结构图汇总513：高中语文背诵名句汇总，强力收藏！514：最全的高中化学思维导图，赶快收起来515：高中英语所有语法专题大汇总，还不收了吗？516：高中数学最全的思维导图（记得收藏）517：高中数学所有公式+考点难度超级合集！献给所有高考生！518：高中物理易错题100题附答案，太经典了！519：囊括了整个高中数学知识的8张图，助你高考拿高分！520：高中英语句型最全归纳，重磅来袭长按下方二维码识别关注，回复文章数字编号，即可阅读。幼儿园 | 幼升小 | 小升初 | 中考 | 高考 | 政策 | 资源 | 育儿版权声明：我们尊重版权，转载已注明来源，如反对转载，请联系删除。详情请点击版权声明和原创声明。]]></content>
  <author><![CDATA[情报君]]></author>
  <time>2018-11-08 19:30:00</time>
  <account><![CDATA[qingbaojun2016]]></account>
  <image><![CDATA[https://mmbiz.qpic.cn/mmbiz/ianq03UUWGmK4x8wVTdM27HAUGhBg5y42xAib4tJc3zkpIoCicN1cBtFopASyndib8XQvOkBm0fJFPBsHMDQq5pckg/640?wx_fmt=png|https://mmbiz.qpic.cn/mmbiz_png/s59zI0hcxhdRq0iaiaDibL5RLF9ZsJqgRiaP5ds8SlDcgZwQ17jVlvG2jekMObwT7PntiaAm5dClQDur96hicGywyoMA/640?wx_fmt=png|https://mmbiz.qpic.cn/mmbiz_jpg/X0aTE3o3OSxu7jWVovl8FqnwL8wJre1jVZKH5tSzYbV91AKCb4Lcicb5p002P5Qj0FW1RZPJnU0K6bzjGlt28ug/640?|https://mmbiz.qpic.cn/mmbiz_jpg/X0aTE3o3OSxxaiczicPOVSX1czUbVRxmltM8ZHPGibAqPKyUszAgYj99tbwpH2GypgzKj2WKhUQb369IAN72suFOQ/640?|https://mmbiz.qpic.cn/mmbiz_jpg/X0aTE3o3OSxu7jWVovl8FqnwL8wJre1jzeluwYTjywZ93H6dP4Bx4Afn3N4oyaEp20icaLdrrQ7EX6N4g5RN89g/640?|https://mmbiz.qpic.cn/mmbiz_jpg/X0aTE3o3OSxu7jWVovl8FqnwL8wJre1j64qEYmTmKergsD9BJmHytzCKajjbwJMdQZxHmk9EwUB3vLflS2Xkqw/640?|https://mmbiz.qpic.cn/mmbiz_jpg/X0aTE3o3OSxu7jWVovl8FqnwL8wJre1jnO3T1XVrudM4RiarO3bOeMgF9V2L1EeAKmIEfNTCr7lzEIdkYQ5sqEA/640?|https://mmbiz.qpic.cn/mmbiz_jpg/X0aTE3o3OSxu7jWVovl8FqnwL8wJre1jPjvtM9QnmQmbr7ZX1kPkVRxsl38o1QGFe8RyKZX6sXfuia6JrzoIWBw/640?|https://mmbiz.qpic.cn/mmbiz_jpg/X0aTE3o3OSxu7jWVovl8FqnwL8wJre1jwUVmd1ljQWcuic3HJhkHJgFYZbIJEBASrLWYhKN1y3Eia7d74A78OeiaA/640?|https://mmbiz.qpic.cn/mmbiz_jpg/X0aTE3o3OSxxaiczicPOVSX1czUbVRxmltAXoQ2icuYlhwHUliat8JQMpTEKOMpY9nslnHFVPRyxWXgqLqSSpjaHeg/640?|https://mmbiz.qpic.cn/mmbiz_jpg/X0aTE3o3OSxxaiczicPOVSX1czUbVRxmlt1ymuQlzeq5zmia7vQiaz9oWlrZupELJjfBn2WQnUxqcULCR59hbfpd1Q/640?|https://mmbiz.qpic.cn/mmbiz_jpg/X0aTE3o3OSxxaiczicPOVSX1czUbVRxmlt7r47b2y8QI4bfncqPicblcibrt3eRakBlNYrh0gQEK2k4yDqW2kRbYWg/640?|https://mmbiz.qpic.cn/mmbiz_jpg/X0aTE3o3OSxxaiczicPOVSX1czUbVRxmltibuMxK9SSDHg0O3v4wib3Smibs5eToJicHEicXvfLTC9AhNuSs1v7b6k9Mg/640?|https://mmbiz.qpic.cn/mmbiz_jpg/X0aTE3o3OSxu7jWVovl8FqnwL8wJre1j8seM5rBBy2LHSQgAfr3cD0BHBKWmUrmfibo21fmXeibNhaNUvGL9Z3lQ/640?|https://mmbiz.qpic.cn/mmbiz_jpg/X0aTE3o3OSxu7jWVovl8FqnwL8wJre1jT5cX9JTvYRykPVezbrpibro58IicIfHtNpsfib430xW8NDTZT3Qz1br7A/640?|https://mmbiz.qpic.cn/mmbiz/p6Vlqvia1Uicxmfb50jCNmujr5O9ZSnqHusFhkOiaja5CKQVibLicCDQGua5gpDFjaxtnGbAhykoIbQCrJtgs3d05NA/640?wx_fmt=gif|http://mmbiz.qpic.cn/mmbiz_png/s59zI0hcxhdYOTSmmsYrGTkheduSgHE2VzzzTKFrs0k8C9rv37XQcNzwIpdrmmsAZfpe7xlLRjUg0m5ZhicgXwA/640?wx_fmt=png|http://mmbiz.qpic.cn/mmbiz_png/s59zI0hcxhdYOTSmmsYrGTkheduSgHE23ibc9zoPNGMGLS3p35sGjhzfWnosYxEwqRFQkoanXzQwey7oticXYqVw/640?wx_fmt=png|http://mmbiz.qpic.cn/mmbiz_png/ianq03UUWGmK948PfiaiaGnp0sW1xbxW88s4b0UY0roeicvH5U1Hmg0FqtgdJx1n1Gj40e0tSOtbTAgO5GOA50XVhg/640?wx_fmt=png|http://mmbiz.qpic.cn/mmbiz_png/s59zI0hcxhdRq0iaiaDibL5RLF9ZsJqgRiaPXaOcS6pI2aXYOPEjibgY1g1A6w6c4XHTNmLyT3rGQesDTGTzJyBybkg/640?wx_fmt=png|https://mmbiz.qpic.cn/mmbiz_png/6ic0Bp9cTu7qCibybtKVyJrFezgZWXCu4CCXhyicI9pRRFrrAq3S3wWMTfDARgTKIuSn9gOJoHp3GJZ5v1yq1WJOg/640?wx_fmt=png]]></image>
</data>
