<data>
  <id><![CDATA[67610204]]></id>
  <url><![CDATA[https://mp.weixin.qq.com/s?timestamp=1542250462&src=3&ver=1&signature=t1tQuhfvgeQkNOJJwpbIKGrrFmd9WPCxv01TrQaBfwLWUU8Lqxr2SvaHhfgZHnhbsr-XJNJMYg5PUwERU1L0FYLhZ2-QtmdlyjRxu-evg9tIPkvqr9D2*64P6ZEKUFau8fZxL3YL4jDT4E9MS3Z-6CbEF5NlCySx6xadekOs*IA=]]></url>
  <title><![CDATA[99%的父母都不知道，真正决定孩子未来的，是这件事！]]></title>
  <content><![CDATA[点击上方↑↑↑情报君↑↑↑关注我们本文已获得作者授权发布，精选自家长必读（ID:jiazhangbid）1听到朋友小君辞职的消息，感觉有些震惊。上学的时候，小君就是我们身边学霸级别的存在，是父母们口中的“别人家的孩子”。当年他考上了全国排名前十的一所大学，毕业后被一家知名国企录用，工资过万，羡煞旁人。令人大跌眼镜的是，最近小君毅然放弃这份工作，回老家搞起了养殖。小君说，他关注养殖领域好几年了，对所做得这一块非常有兴趣。扔掉铁饭碗，去搞又脏又累的养殖，周围的人都觉得他疯了。“你这么做，你爸妈同意吗？”一名好友问他。“我父母一直尊重我的意见，他们信任我，我做什么他们都支持。”他说。“你这么优秀，你父母放心让你做这行的？”好友接着问。“是他们一直支持我，放心我，我才能在过去取得了一点小成绩。”小君回答。听到这里，我深受感触，对他多了几分理解，也由衷敬佩他的父母。老舍说：“我有三个小孩，除非他们自己愿意，而且极肯努力，做文艺写家，我绝不鼓励他们。因为我看他们做木匠、瓦匠，或做写家，是同样有意义的，没有高低贵贱之别。”是啊，说的真好！孩子是一个独立的个体，有他独特的性格特点，和属于他自己的人生。我们教育孩子的目的不是让别人看起来我们有多好，孩子多乖、多听话；而是要让孩子能够遵从自己的内心生活，独立应对生命中各种各样的人和事。2在生活中，我们会发现，很多家长常常会按一些外在的标准去要求孩子。比如：考试成绩必须拿第一，要会弹琴会舞蹈必须多才多艺，要能言善辩，能说会道讨人喜欢。却很少有父母去关注孩子内心真正热爱什么，更不用说尊重孩子的想法，放手让孩子做自己。他们把眼光放在外界的评判标准上，看到别的孩子哪里好，认为那才是自己孩子该有的样子，也非得强迫孩子那样做。他们往往拿别人家孩子的长处去比较自家孩子的短处，总感觉自家孩子技不如人。爱因斯坦曾说：“每个人都是天才。但如果你用爬树能力来断定一条鱼有多少才干，它整个人生都会相信自己愚蠢不堪。”不要强迫你的孩子成为一条会爬树的鱼。丹尼尔·拉比特在《你原本无须这么辛苦》中提到，如果你想使自己的一生充实、有价值，唯一可以选择的，就是做真实的自己，追寻内心，做真实的自己，是通往成功之路的最有效准则。其实，每一个孩子都渴望做自己，做父母的应该鼓励孩子勇敢去做自己，勇敢追寻孩子内心所爱的东西。试想一下，父母作为孩子最信任的人，如果连你们都不去支持孩子，孩子怎么可能有坚定的内心，怎么可能从容地面对外面的风风雨雨。做父母最大的智慧就是：接纳你的孩子，尊重孩子的想法，让孩子勇敢做自己。3享誉世界的画家达芬奇有一位让人敬佩的好父亲。他的父亲彼特罗培养孩子的信条就是：给孩子最大的自由，让孩子发展自己的兴趣。达芬奇6岁上学，他在学校里学了很多知识，但对绘画最感兴趣。一天，他上课不专心听讲，还给老师画了一幅速写。回家后，达芬奇把速写给父亲看，父亲不仅没有生气，反而夸奖他画得好，决定培养他在画画方面的才华。正是因为父亲如此开明，达芬奇才能全身心投入到自己喜爱的绘画中，甚至敢画画恐吓老爸。一天，他花了一个月时间，在盾牌上画了一个两眼冒火、鼻孔生烟，看起来十分可怕的女妖头。为了把父亲吓一跳，他还关紧窗户，只让一缕光线照到女妖头的脸上。后来，父亲一进家就被盾牌上的画吓坏了，可是等达芬奇哈哈大笑地解释完，父亲竟然丝毫没有责备儿子。16岁的时候，父亲把达芬奇带到画家维罗奇奥那里学画画。在维罗奇奥的指导下，达芬奇刻苦学习，掌握了很多绘画技巧，终于成为一代大画家。其实，每个孩子，都是天才。区别在于他擅长的事情能否被发现，并不断开发潜能。父母要做的最重要的事，正是充分地了解孩子，观察和发掘他的兴趣和特质，找到他的闪光点。根据孩子的天性，帮助他们走一条适合的路。比如，结合孩子的兴趣和性格特点、身体状况，选择合适的兴趣班，让孩子可以充分发掘特长和兴趣。4美国女科学家芭芭拉·麦克林托克在 81岁时获得诺贝尔生理学和医学奖，她在领奖台上说：“我是一朵秋天里的雏菊，我相信，不是每一朵花都在春天里开放。”是的，每一朵花都有自己开放的季节，每个孩子的生长发育亦有快有慢，快或慢没有优劣之别，只是节奏不同。没有哪个生命比另一个生命更值得称赞，你的孩子就是你的唯一，也是这个世界上的唯一，不比别人少什么。你的孩子，是独一无二、珍贵的原版，是雏菊就帮助他成为一朵最绽放的雏菊，不需要强迫他变成牡丹和玫瑰。正如大诗人纪伯伦在《论孩子》中所说：你的儿女，其实不是你的儿女。他们是生命对于自身渴望而诞生的孩子。他们借助你来到这世界，却非因你而来，他们在你身旁，却并不属于你。你可以给予他们的是你的爱，却不是你的想法，因为他们有自己的思想。……作为父母，最好的爱就是接纳孩子，你要善于去发现并肯定孩子身上的优点和特质。同时，像接纳他的优点一样接纳他的缺点和不足，接纳他擅长的、不擅长的方方面面。无条件的去爱你的孩子吧，让孩子勇敢去做自己，你会发现孩子比你想象中的还要优秀。家长必读（ID:jiazhangbid），一个真正能帮助孩子学习的公众号，只做孩子快乐成长的陪伴者。今日推荐阅读1、不懂感恩的孩子，成人后比狼更可怕！值得所有家长深思（可查看情报君今日推送的第二篇文章）2、小学数学中最易混淆的15条基础概念丨快收藏，弄懂它（可查看情报君今日推送的第三篇文章）3、2017年中考：初中数学公式大全！（可查看情报君今日推送的第四篇文章）4、高中物理五大类型实验复习要点整理！轻松解决你的实验烦恼（可查看情报君今日推送的第五篇文章）长按识别二维码加入QQ群-“情报君初中家长分享群”（群号：620395486），和大家一起交流预初分班考、初中学习及中考备考经验。群内分享部分资源：下面这些文章估计你也喜欢↓↓↓110：小学英语：4-6年级重要短语汇总，考试常常出现，速记！111：居然有这么齐全的语文基础复习资料，小学老师的分享，收藏！112：小升初英语1600个词汇分类速记表，收藏起来113：小升初语文综合常识汇总！博学多才，在家也能教！114：小升初易错成语必看，很多孩子都吃过亏115：小升初必备资料：图解奥数七大模块重要知识点！留着当学霸116：小学数学思维导图汇总！117：小升初语文考试实用常识大全，好资料人手一份！118：这50道小升初基础却很有效的奥数题！学霸人手一份，错过可惜！119：小升初应用题宝典，好资料人手一份！建议收藏（上）120：小升初应用题宝典，好资料人手一份！建议收藏（中）121：小升初应用题宝典，好资料人手一份！建议收藏（下）311：初中数学：基础知识顺口溜，建议收藏312：初中物理所有章节公式、知识点全在这里了！313：初中英语时态用法大集合，99%的学生都收藏了！314：最全初中语文文学常识汇总，连老师都说好！315：初中数学所有公理、定理都在这儿了（附初中数学公式大全）316：21首顺口溜，帮你记住初中英语全部语法！317：初中物理知识点结构图（全）318：中考数学必须掌握的28个考点及60个易错点319：初中语文基础知识大全（值得收藏）320：中考化学能否满分 全靠这篇规律总结511：【高中物理】刷一千道题不如搞明白这些动图！512：高中英语全部知识体系结构图汇总513：高中语文背诵名句汇总，强力收藏！514：最全的高中化学思维导图，赶快收起来515：高中英语所有语法专题大汇总，还不收了吗？516：高中数学最全的思维导图（记得收藏）517：高中数学所有公式+考点难度超级合集！献给所有高考生！518：高中物理易错题100题附答案，太经典了！519：囊括了整个高中数学知识的8张图，助你高考拿高分！520：高中英语句型最全归纳，重磅来袭长按下方二维码识别关注，回复文章数字编号，即可阅读。幼儿园 | 幼升小 | 小升初 | 中考 | 高考 | 政策 | 资源 | 育儿版权声明：我们尊重版权，转载已注明来源，如反对转载，请联系删除。详情请点击版权声明和原创声明。]]></content>
  <author><![CDATA[情报君]]></author>
  <time>2018-11-05 20:16:56</time>
  <account><![CDATA[qingbaojun2016]]></account>
  <image><![CDATA[http://mmbiz.qpic.cn/mmbiz/ianq03UUWGmK4x8wVTdM27HAUGhBg5y42xAib4tJc3zkpIoCicN1cBtFopASyndib8XQvOkBm0fJFPBsHMDQq5pckg/640?wx_fmt=png|http://mmbiz.qpic.cn/mmbiz_png/s59zI0hcxhdRq0iaiaDibL5RLF9ZsJqgRiaP5ds8SlDcgZwQ17jVlvG2jekMObwT7PntiaAm5dClQDur96hicGywyoMA/640?wx_fmt=png|https://mmbiz.qpic.cn/mmbiz_png/6ic0Bp9cTu7q9xvt2ficicKkliciay7FrPiaRU8W0ThzCGsKLcYFvIvlj8L6nXHd0E245niciaqH98JOrwIhaNEhUffjqQ/640?wx_fmt=png|https://mmbiz.qpic.cn/mmbiz_jpg/1cbQnkvnl9cDn8ibOiblibUgjfcWuibDe5aKPw1fbHI8HjGrwbJ5XufgQn3mZtVyey6tuIXYHKhs9FbeqYoupHySow/640?|https://mmbiz.qpic.cn/mmbiz_jpg/1cbQnkvnl9cDn8ibOiblibUgjfcWuibDe5aKfJyjmBeV3iaegmUvI9CR9kfns4FT1bcDv4TBDQLmBJYiaw3lzQs7ruqw/640?|https://mmbiz.qpic.cn/mmbiz_jpg/1cbQnkvnl9cDn8ibOiblibUgjfcWuibDe5aKyhALyuEaRIg6icqXv9LXHicAkTWtDROxz0b8jShlib1n7G25U60CPrnNQ/640?|https://mmbiz.qpic.cn/mmbiz_jpg/1cbQnkvnl9cDn8ibOiblibUgjfcWuibDe5aKhw0kR2o0N17ZUMbpQOq6c27kYsoNf3bAnkDODBR8pGxWib7eibypicGNg/640?|https://mmbiz.qpic.cn/mmbiz/p6Vlqvia1Uicxmfb50jCNmujr5O9ZSnqHusFhkOiaja5CKQVibLicCDQGua5gpDFjaxtnGbAhykoIbQCrJtgs3d05NA/640?wx_fmt=gif|http://mmbiz.qpic.cn/mmbiz_png/s59zI0hcxhdYOTSmmsYrGTkheduSgHE2VzzzTKFrs0k8C9rv37XQcNzwIpdrmmsAZfpe7xlLRjUg0m5ZhicgXwA/640?wx_fmt=png|http://mmbiz.qpic.cn/mmbiz_png/s59zI0hcxhdYOTSmmsYrGTkheduSgHE23ibc9zoPNGMGLS3p35sGjhzfWnosYxEwqRFQkoanXzQwey7oticXYqVw/640?wx_fmt=png|http://mmbiz.qpic.cn/mmbiz_png/ianq03UUWGmK948PfiaiaGnp0sW1xbxW88s4b0UY0roeicvH5U1Hmg0FqtgdJx1n1Gj40e0tSOtbTAgO5GOA50XVhg/640?wx_fmt=png|http://mmbiz.qpic.cn/mmbiz_png/s59zI0hcxhdRq0iaiaDibL5RLF9ZsJqgRiaPXaOcS6pI2aXYOPEjibgY1g1A6w6c4XHTNmLyT3rGQesDTGTzJyBybkg/640?wx_fmt=png|https://mmbiz.qpic.cn/mmbiz_png/6ic0Bp9cTu7qCibybtKVyJrFezgZWXCu4CCXhyicI9pRRFrrAq3S3wWMTfDARgTKIuSn9gOJoHp3GJZ5v1yq1WJOg/640?wx_fmt=png]]></image>
</data>
