<data>
  <id><![CDATA[67610204]]></id>
  <url><![CDATA[https://mp.weixin.qq.com/s?timestamp=1542250462&src=3&ver=1&signature=t1tQuhfvgeQkNOJJwpbIKGrrFmd9WPCxv01TrQaBfwLWUU8Lqxr2SvaHhfgZHnhbsr-XJNJMYg5PUwERU1L0Fdx-L5nNZrXNKJrf9YWzSSH8zLQfUC9z8Qp5ajtOlJnajpew4FSZot-aYIPJPStqgq7mCgBMK64bzLwDV8k46jw=]]></url>
  <title><![CDATA[高考物理|100个易错知识点]]></title>
  <content><![CDATA[点击上方↑↑↑情报君↑↑↑关注我们电 学1．电荷的定向移动形成电流（金属导体里自由电子定向移动的方向与电流方向相反）,规定正电荷的定向移动方向为电流方向。2、电流表不能直接与电源相连。3．电压是形成电流的原因,安全电压应不高于36V,家庭电路电压220V。4．金属导体的电阻随温度的升高而增大（玻璃温度越高电阻越小）。5．能导电的物体是导体,不能导电的物体是绝缘体（错,“容易”,“不容易”）。6．在一定条件下导体和绝缘体是可以相互转化的。7．影响电阻大小的因素有:材料、长度、横截面积、温度（温度有时不考虑）。8．滑动变阻器和电阻箱都是靠改变接入电路中电阻丝的长度来改变电阻的。9．利用欧姆定律公式要注意I、U、R三个量是对同一段导体而言的。10．伏安法测电阻原理:R=U/I伏安法测电功率原理:P=UI。11．串联电路中:电压、电功、电功率、电热与电阻成正比并联电路中:电流、电功、电功率、电热与电阻成反比。12．在生活中要做到:不接触低压带电体,不靠近高压带电体。13．开关应连接在用电器和火线之间．两孔插座（左零右火）,三孔插座（左零右火上地）。14．“220V100W”的灯泡比“220V40W”的灯泡电阻小,灯丝粗。15．家庭电路中,用电器都是并联的,多并一个用电器,总电阻减小,总电流增大,总功率增大。16．家庭电路中,电流过大,保险丝熔断,产生的原因有两个:①短路②总功率过大。17．磁体自由静止时指南的一端是南极（S极）,指北的一段是北极（N极）。磁体外部磁感线由N极出发,回到S极。18．同名磁极相互排斥,异名磁极相互吸引。19．地球是一个大磁体,地磁南极在地理北极附近。20．磁场的方向:①自由的小磁针静止时N极的指向②该点磁感线的切线方向。21．奥斯特试验证明通电导体周围存在磁场（电生磁、电流的磁效应），法拉第发现了电磁感应现象（磁生电、发电机）。22．电流越大,线圈匝数越多电磁铁的磁性越强（有铁心比无铁心磁性要强的多）。23．电磁继电器的特点:通电时有磁性,断电时无磁性（自动控制）。24．发电机是根据电磁感应现象制成的,机械能转化为电能（法拉第）。25．电动机是根据通电导体在磁场中要受到力的作用这一现象制成的,电能转化为机械能。26．产生感应电流的条件:①闭合电路的一部分导体②切割磁感线。27．磁场是真实存在的,磁感线是假想的。28．磁场的基本性质是它对放入其中的磁体有力的作用。光 学29．白光是复色光,由各种色光组成的。30．光能在真空中传播,声音不能在真空中传播。31．光是电磁波,电磁波能在真空中传播,光速:c=3×108m/s=3×105km/s（电磁波的速度）。32．在均匀介质中光沿直线传播（日食、月食、小孔成像、影子的形成、手影）。33．光的反射现象（人照镜子、水中倒影）。34．光的折射现象（筷子在水中部分弯折、水中的物体、海市蜃楼、凸透镜成像、色散）。35．反射定律描述中要先说反射再说入射（平面镜成像也说“像与物┅”的顺序）。36．镜面反射和漫反射中的每一条光线都遵守光的反射定律。37．平面镜成像特点:像和物关于镜对称（左右对调,上下一致）像与物大小相等。38．能成在光屏上的像都是实像,虚像不能成在光屏上,实像倒立,虚像正立，物在凸透镜一倍焦距以外能成实像,小孔成像成实像,实像都是倒立的,能用眼睛直接看,也能呈现在光屏上。39、放大镜、平面镜、水中倒影是虚像,虚像是正立的,只能用眼睛看,虚像不能呈现在光屏上。40．凸透镜（远视眼镜、老花镜）对光线有会聚作用,凹透镜（近视镜）对光线有发散作用。41．凸透镜成实像时,物如果换到像的位置,像也换到物的位置。42．在光的反射现象和折射现象中光路都是可逆的。43．凸透镜一倍焦距是成实像和虚像的分界点,二倍焦距是成放大像和缩小像的分界点。44．眼睛的结构和照相机的结构类似。45．凸透镜成像实验前要调共轴:烛焰中心、透镜光心、和光屏中心在同一高度,目的是使凸透镜成的像在光屏的中央。热 学46．熔化、汽化、升华过程吸热,凝固、液化、凝华过程放热。47．晶体和非晶体主要区别是晶体有固定熔点,而非晶体没有。48．物体吸热温度不一定升高,（晶体熔化,液体沸腾）;物体放热温度不一定降低（晶体凝固）。49、物体温度升高,内能一定增大,因为温度是内能的标志;物体内能增大,温度不一定升高,如晶体熔化。50、在热传递过程中,物体吸收热量,内能增加,但温度不一定升高;物体放出热量,内能减小,但温度不一定降低。51．影响蒸发快慢的三个因素:①液体表面积的大小②液体的温度③液体表面附近空气流动速度。52．水沸腾时吸热但温度保持不变（会根据图象判断）。53．雾、露、“白气”是液化;霜、窗花是凝华;樟脑球变小、冰冻的衣服变干是升华。54．扩散现象说明分子在不停息的运动着;温度越高,分子运动越剧烈。55．分子间有引力和斥力（且同时存在）;分子间有空隙。56．改变内能的两种方法:做功和热传递（等效的）。57．沿海地区早晚、四季温差较小是因为水的比热容大（暖气供水、发动机的冷却系统）。58．热机的做功冲程是把内能转化为机械能,压缩冲程是把机械能转化为内能。59．燃料在燃烧的过程中是将化学能转化为内能。60．热值、密度、比热容是物质本身的属性。61．两块相同的煤,甲燃烧的充分,乙燃烧的不充分,甲的热值大（错）。62．固体很难被压缩,是因为分子间有斥力（木棒很难被拉伸,是因为分子间有引力）。63．蒸发只能发生在液体的表面,而沸腾在液体表面和内部同时发生。力 学64．误差不是错误,误差不可避免,错误可以避免。65．利用天平测量质量时应“左物右码”,杠杆和天平都是“左偏右调,右偏左调”。66．同种物质的密度还和状态有关（水和冰同种物质,状态不同,密度不同）。67．参照物的选取是任意的,被研究的物体不能选作参照物。68．通常情况下,声音在固体中传播最快,其次是液体,气体。69．乐音三要素:①音调（声音的高低）②响度（声音的大小）③音色（辨别不同的发声体）。70．防治噪声三个环节:①声源处②传输路径中③人耳处。71．力的作用是相互的,施力物体同时也是受力物体。72．力的作用效果有两个:①使物体发生形变②使物体的运动状态发生改变。73．判断物体运动状态是否改变的两种方法:①速度的大小和方向其中一个改变,或都改变,运动状态改变②如果物体不是处于静止或匀速直线运动状态,运动状态改变。74．弹簧测力计是根据拉力越大,弹簧的形变量就越大这一原理制成的。75．弹簧测力计不能倒着使用。76．重力是由于地球的吸引而产生的,方向总是竖直向下的,浮力的方向总是竖直向上的。77．两个力的合力可能大于其中一个力,可能小于其中一个力,可能等于其中一个力。78．二力平衡的条件:大小相等、方向相反、作用在同一条直线上,作用在同一个物体上。79．相互作用力是;A给B的力、B给A的力。80．惯性现象:（车突然启动人向后仰、跳远时助跑、拍打衣服上的灰、足球离开脚后向前运动、运动员冲过终点不能立刻停下来,甩掉手上的水）。81．物体不受力或受平衡力作用时可能静止也可能保持匀速直线运动。82．液体的密度越大,深度越深液体内部压强越大。83．连通器两侧液面相平的条件:①同一液体②液体静止。84．利用连通器原理:（船闸、茶壶、回水管、水位计、自动饮水器、过水涵洞等）。85．大气压现象:（用吸管吸汽水、覆杯试验、钢笔吸水、抽水机等）。86．马德保半球试验证明了大气压强的存在,托里拆利试验证明了大气压强的值。87．大气压随着高度的增加而减小,气压高沸点高;气压低沸点低。88．浮力产生的原因:液体对物体向上和向下压力的合力。89．阿基米德原理F浮=G排也适用于气体（浮力的计算公式:F浮=ρ气gV排也适用于气体）。90．潜水艇自身的重力是可以改变的,它就是靠改变自身重力来实现下潜、上浮和悬浮的。91．密度计放在任何液体中其浮力都不变,都等于它的重力,示数上小下大。92．流体流速大的地方压强小（飞机起飞就是利用这一原理）。93．功是表示做功多少的物理量,功率是表示做功快慢的物理量,机械效率是有用功和总功的比值,他们之间没有必然的大小关系.但“功率大的机械做功一定快”这句话是正确的。94．使用机械能省力或省距离（不能同时省）,但任何机械都不能省功（机械效率小于1）。95．有用功多,机械效率高（错）,额外功少,机械效率高（错），有用功在总功中所占的比例大,机械效率高（对）。96．同一滑轮组提升重物越重,机械效率越高（重物不变,减轻动滑轮的重也能提高机械效率）。97、测滑轮组机械效率时,弹簧测力计要竖直向上匀速拉动时读数。98．降落伞匀速下落时机械能不变（错）,考察机械能变化时,划出速度、高度的变化。99．用力推车但没推动,是因为推力小于阻力（错,推力等于阻力）。100．司机系安全带,是为了防止惯性（错,防止惯性带来的危害）。幼儿园 | 幼升小 | 小升初 | 中考 | 高考 | 政策 | 资源 | 育儿文章精选自：高考物理（id:gkwl100）版权声明：我们尊重版权，转载已注明来源，如反对转载，请联系删除。详情请点击版权声明和原创声明。]]></content>
  <author><![CDATA[情报君]]></author>
  <time>2018-11-10 19:41:29</time>
  <account><![CDATA[qingbaojun2016]]></account>
  <image><![CDATA[https://mmbiz.qpic.cn/mmbiz/ianq03UUWGmK4x8wVTdM27HAUGhBg5y42xAib4tJc3zkpIoCicN1cBtFopASyndib8XQvOkBm0fJFPBsHMDQq5pckg/640?wx_fmt=png|https://mmbiz.qpic.cn/mmbiz_png/s59zI0hcxhdRq0iaiaDibL5RLF9ZsJqgRiaP5ds8SlDcgZwQ17jVlvG2jekMObwT7PntiaAm5dClQDur96hicGywyoMA/640?wx_fmt=png|https://mmbiz.qpic.cn/mmbiz_png/fgnkxfGnnkQz0Q6VgwoOVXE5dDcdps6vkxg6o6vm3GrN0cQshFSXh8jRibrWFutcOQZJnwW60Q5iaQFcXrnopsbg/640?|https://mmbiz.qpic.cn/mmbiz_png/fgnkxfGnnkQz0Q6VgwoOVXE5dDcdps6vkxg6o6vm3GrN0cQshFSXh8jRibrWFutcOQZJnwW60Q5iaQFcXrnopsbg/640?|https://mmbiz.qpic.cn/mmbiz_png/fgnkxfGnnkQz0Q6VgwoOVXE5dDcdps6vkxg6o6vm3GrN0cQshFSXh8jRibrWFutcOQZJnwW60Q5iaQFcXrnopsbg/640?|https://mmbiz.qpic.cn/mmbiz_png/ianq03UUWGmK948PfiaiaGnp0sW1xbxW88s4b0UY0roeicvH5U1Hmg0FqtgdJx1n1Gj40e0tSOtbTAgO5GOA50XVhg/640?wx_fmt=png|https://mmbiz.qpic.cn/mmbiz_png/s59zI0hcxhdRq0iaiaDibL5RLF9ZsJqgRiaPXaOcS6pI2aXYOPEjibgY1g1A6w6c4XHTNmLyT3rGQesDTGTzJyBybkg/640?wx_fmt=png|https://mmbiz.qpic.cn/mmbiz_png/6ic0Bp9cTu7qCibybtKVyJrFezgZWXCu4CCXhyicI9pRRFrrAq3S3wWMTfDARgTKIuSn9gOJoHp3GJZ5v1yq1WJOg/640?wx_fmt=png]]></image>
</data>
