<data>
  <id><![CDATA[67610204]]></id>
  <url><![CDATA[https://mp.weixin.qq.com/s?timestamp=1542250462&src=3&ver=1&signature=t1tQuhfvgeQkNOJJwpbIKGrrFmd9WPCxv01TrQaBfwLWUU8Lqxr2SvaHhfgZHnhbsr-XJNJMYg5PUwERU1L0FaH0nXjy-iMzzQwG9s-0us2ek5Uhla9ATcUG8lveVnHKt2gPrmBPpRkmBvs1jhNwR*akE*JRmH0IAC5J1LjQ1cI=]]></url>
  <title><![CDATA[高中物理公式及定理汇总，查漏补缺最好用！还不赶紧收藏？]]></title>
  <content><![CDATA[点击上方↑↑↑情报君↑↑↑关注我们高中物理的确难，实用公式能帮忙。用符号表示物理量，用式子表示几个物理量之间的关系是物理规律的简洁反映，也是物理解题的关键。小编为大家准备了高中三年必备的物理公式及定理。（点击图片可放大查看）长按识别二维码加入QQ群-“情报君初中家长分享群”（群号：620395486），和大家一起交流预初分班考、初中学习及中考备考经验。群内分享部分资源：下面10 篇文章估计你也喜欢↓↓↓511：【高中物理】刷一千道题不如搞明白这些动图！512：高中英语全部知识体系结构图汇总513：高中语文背诵名句汇总，强力收藏！514：最全的高中化学思维导图，赶快收起来515：高中英语所有语法专题大汇总，还不收了吗？516：高中数学最全的思维导图（记得收藏）517：高中数学所有公式+考点难度超级合集！献给所有高考生！518：高中物理易错题100题附答案，太经典了！519：囊括了整个高中数学知识的8张图，助你高考拿高分！520：高中英语句型最全归纳，重磅来袭长按下方二维码识别关注，回复文章数字编号，即可阅读。幼儿园 | 幼升小 | 小升初 | 中考 | 高考 | 政策 | 资源 | 育儿文章精选自：高中物理版权声明：我们尊重版权，转载已注明来源，如反对转载，请联系删除。详情请点击版权声明和原创声明。]]></content>
  <author><![CDATA[情报君]]></author>
  <time>2018-11-09 19:31:39</time>
  <account><![CDATA[qingbaojun2016]]></account>
  <image><![CDATA[https://mmbiz.qpic.cn/mmbiz/ianq03UUWGmK4x8wVTdM27HAUGhBg5y42xAib4tJc3zkpIoCicN1cBtFopASyndib8XQvOkBm0fJFPBsHMDQq5pckg/640?wx_fmt=png|https://mmbiz.qpic.cn/mmbiz_png/s59zI0hcxhdRq0iaiaDibL5RLF9ZsJqgRiaP5ds8SlDcgZwQ17jVlvG2jekMObwT7PntiaAm5dClQDur96hicGywyoMA/640?wx_fmt=png|http://mmbiz.qpic.cn/mmbiz_jpg/NZ9EJQT6VF5Nc2XYEJRAIXsvQ3BicQ1m22Kfu37W4ticD957efNks3lr7la050xwfX5CghibES23Jm9TLewOHVgeA/640?wx_fmt=jpeg|http://mmbiz.qpic.cn/mmbiz_jpg/NZ9EJQT6VF5Nc2XYEJRAIXsvQ3BicQ1m2yUQrlVtIleYgcs2U2UGicpLC770ibJxK23qjukgvAumtfEFAWXlyfdRw/640?wx_fmt=jpeg|http://mmbiz.qpic.cn/mmbiz_jpg/NZ9EJQT6VF5Nc2XYEJRAIXsvQ3BicQ1m2CCpXQy47LEcVTseUrzmEDarmZ17eNgLoPKzCE31rCAX7nez5I0gl2w/640?wx_fmt=jpeg|http://mmbiz.qpic.cn/mmbiz_jpg/NZ9EJQT6VF5Nc2XYEJRAIXsvQ3BicQ1m2p7GxibjcgvFVyv1haEnib2cl2QoR78dF1lthZU4pTg13MHbLjf0wt1Kg/640?wx_fmt=jpeg|http://mmbiz.qpic.cn/mmbiz_jpg/NZ9EJQT6VF5Nc2XYEJRAIXsvQ3BicQ1m25E0RibhpEibRGd2kXk2txaYOnzgEmiaicrlGpDnQbFSaia4DbNKhLFric3YA/640?wx_fmt=jpeg|http://mmbiz.qpic.cn/mmbiz_jpg/NZ9EJQT6VF5Nc2XYEJRAIXsvQ3BicQ1m2j4oj8QINBnQaeH7PJEPiaY51gh6yaV61XfBVqLHD0LBb4EFhDtNalfA/640?wx_fmt=jpeg|http://mmbiz.qpic.cn/mmbiz_jpg/NZ9EJQT6VF5Nc2XYEJRAIXsvQ3BicQ1m2ERoRicneZOALTS6Exn8E8FSKM2ickK35l2x35IHgFcnKk7HPDHJ8fWGA/640?wx_fmt=jpeg|http://mmbiz.qpic.cn/mmbiz_jpg/NZ9EJQT6VF5Nc2XYEJRAIXsvQ3BicQ1m2591PgN4C42z8R4I0IGMqTIuNoiaR62jaq0sO8eXiaj4bbctoeVicdYv2w/640?wx_fmt=jpeg|http://mmbiz.qpic.cn/mmbiz_jpg/NZ9EJQT6VF5Nc2XYEJRAIXsvQ3BicQ1m28n0Eic7fKJWkibICMZWp18hN61dHQmLWeE62qOElh5Hbw1SariclfktZQ/640?wx_fmt=jpeg|http://mmbiz.qpic.cn/mmbiz_jpg/NZ9EJQT6VF5Nc2XYEJRAIXsvQ3BicQ1m2KNVfdpBhxjad5DqpDRSrf8Qm2Ze9NBZ12fJHfjpia157h84yB4P6gDg/640?wx_fmt=jpeg|http://mmbiz.qpic.cn/mmbiz_jpg/NZ9EJQT6VF5Nc2XYEJRAIXsvQ3BicQ1m2LZcnjdicKThM6Cq1O2icic46pFtelpuN0CAT3S32NTMUFBo0zo9W5ibJgw/640?wx_fmt=jpeg|http://mmbiz.qpic.cn/mmbiz_jpg/NZ9EJQT6VF5Nc2XYEJRAIXsvQ3BicQ1m2Fkanag0s6ibr6RL7KNaxoFIWfgzJpe5uMicZoNao7mIneFOmLPMQYibbA/640?wx_fmt=jpeg|http://mmbiz.qpic.cn/mmbiz_jpg/NZ9EJQT6VF5Nc2XYEJRAIXsvQ3BicQ1m2u5vjEnwbQY45Vo5T0qSMQqGcydeiakcYCZMWNhKw3FMXx5D988hI6JA/640?wx_fmt=jpeg|http://mmbiz.qpic.cn/mmbiz_jpg/NZ9EJQT6VF5Nc2XYEJRAIXsvQ3BicQ1m2j7ZlmcYUiaTYiaKn2XsibN4iaibxhPIyTGYxZLn0dkZ05L4H3LdSAXibRvnA/640?wx_fmt=jpeg|http://mmbiz.qpic.cn/mmbiz_jpg/NZ9EJQT6VF5Nc2XYEJRAIXsvQ3BicQ1m23UfpvNP43ia4934U3alauQxricQ62F9qbJ4RunHoGDJjO0UaGbKU2XuQ/640?wx_fmt=jpeg|http://mmbiz.qpic.cn/mmbiz_jpg/NZ9EJQT6VF5Nc2XYEJRAIXsvQ3BicQ1m2Q3YM9bqauw4KgwaEOZDsYrT1XZic5VRxSeIsjE6mtdf1nYmric13QUEQ/640?wx_fmt=jpeg|http://mmbiz.qpic.cn/mmbiz_jpg/NZ9EJQT6VF5Nc2XYEJRAIXsvQ3BicQ1m2ldPfOicWKIrictHxSmBr0xg1VAXHJnTX8MK4XAN2iaknkZrhDgQS7OTLw/640?wx_fmt=jpeg|http://mmbiz.qpic.cn/mmbiz_jpg/NZ9EJQT6VF5Nc2XYEJRAIXsvQ3BicQ1m2GrYFjG96CeibhDwqRmXV3F40hpM9tiak9xAN1t1wxjqb0tjYHRx5B2wQ/640?wx_fmt=jpeg|http://mmbiz.qpic.cn/mmbiz_jpg/NZ9EJQT6VF5Nc2XYEJRAIXsvQ3BicQ1m2UneUSI1IsgCdvrFZHq3YmiaxoaF6BM8FB40pj7VJxrUj53o2Czj0nicw/640?wx_fmt=jpeg|https://mmbiz.qpic.cn/mmbiz/p6Vlqvia1Uicxmfb50jCNmujr5O9ZSnqHusFhkOiaja5CKQVibLicCDQGua5gpDFjaxtnGbAhykoIbQCrJtgs3d05NA/640?wx_fmt=gif|https://mmbiz.qpic.cn/mmbiz_png/s59zI0hcxhdYOTSmmsYrGTkheduSgHE2VzzzTKFrs0k8C9rv37XQcNzwIpdrmmsAZfpe7xlLRjUg0m5ZhicgXwA/640?wx_fmt=png|https://mmbiz.qpic.cn/mmbiz_png/s59zI0hcxhdYOTSmmsYrGTkheduSgHE23ibc9zoPNGMGLS3p35sGjhzfWnosYxEwqRFQkoanXzQwey7oticXYqVw/640?wx_fmt=png|https://mmbiz.qpic.cn/mmbiz_png/ianq03UUWGmK948PfiaiaGnp0sW1xbxW88s4b0UY0roeicvH5U1Hmg0FqtgdJx1n1Gj40e0tSOtbTAgO5GOA50XVhg/640?wx_fmt=png|https://mmbiz.qpic.cn/mmbiz_png/s59zI0hcxhdRq0iaiaDibL5RLF9ZsJqgRiaPXaOcS6pI2aXYOPEjibgY1g1A6w6c4XHTNmLyT3rGQesDTGTzJyBybkg/640?wx_fmt=png|https://mmbiz.qpic.cn/mmbiz_png/6ic0Bp9cTu7qCibybtKVyJrFezgZWXCu4CCXhyicI9pRRFrrAq3S3wWMTfDARgTKIuSn9gOJoHp3GJZ5v1yq1WJOg/640?wx_fmt=png]]></image>
</data>
