<data>
  <id><![CDATA[67610204]]></id>
  <url><![CDATA[https://mp.weixin.qq.com/s?timestamp=1542250462&src=3&ver=1&signature=t1tQuhfvgeQkNOJJwpbIKGrrFmd9WPCxv01TrQaBfwLWUU8Lqxr2SvaHhfgZHnhbsr-XJNJMYg5PUwERU1L0FU6RxyrkJjIViqj3yk4MjpJnBNiDXrBrCXrOxuAosav6aVLWH6w3X1UCw3-38e1fU6kSOO2dL3VMzRtQyTAD0lg=]]></url>
  <title><![CDATA[爹当得好不好，主要取决于孩子他妈]]></title>
  <content><![CDATA[点击上方↑↑↑情报君↑↑↑关注我们文章精选自：格十三（ID：GSSW13）爹当得好不好，主要取决于孩子他妈昨天朋友圈里发现一段颇有文采的真情流露，文字来自于我的老同学——一个事业有成的中年老父亲。从字里行间细细品味，能够品出一种带有沧桑感的哀愁，然而这位仁兄已经实现了一个中年人该有的节操——哀而不怨。他非但不埋怨老婆时常在训娃时株连到自己，甚至引以为豪，大赞老婆的治理家风能力，最重要的是他还自觉地反省，怪自己当年没有好好学习，导致上梁不正下梁歪，羞愧如今没资格训娃……我仔细分析了一下，过去几年，他隔三差五在朋友圈流露出的画风一般可以概括为“儿子在妈妈的教育下又进步了”，现在则逐渐转变为“儿子又被妈妈教育了，这一切都怪我”。其背后原因可能挺复杂，但我觉得大概最重要的因素是生！了！二！娃！这位老同学如今已经是大家公认的中年成功人士，然而就像一瓶陈年老黄酒，甘甜犹在，品质尚存，但到了老婆手上，只会拿来烧菜，手艺不佳必定是怪调料不好。我们认为这便是另一种成功——论一个好爸爸在家俯首甘为孺子牛的自觉性所带来的光辉丰满人设。一个所谓的好爸爸，确实不能太完美。重要的是他需要具备一种“捧哏”的天然素养，训娃的时候自带一种相声魅力，跟妈妈一唱一和，好不和谐：（妈妈）你这个孩子怎么屡教不改？（爸爸）是啊。（妈妈）跟你说了多少回了？（爸爸）就是嘛。（妈妈）你学习是为了自己不是为了我！（爸爸）没错。（妈妈）整天被老师点名批评你好意思吗？（爸爸）不像话。（妈妈）做个作业也拖泥带水，你看别人家孩子谁这么让人操心？（爸爸）没听说过。（妈妈）你这臭毛病到底像谁啊，好的不学学，别整天学你爹。（爸爸）嘿！完美的双档训娃模式，可以大大提升爸爸“参与教育”的程度，既不得罪娃，也没得罪老婆，重要的是还免得落下一个“爸爸从来不管娃”的罪名。别急，训娃不是目标，而是方法。我们中年老母的目标是让自己消气。要想消气，训娃是远远不够的，训完了反而更气了，又不能扔，自己生的娃，含着泪也要留下来疼爱。但我一直说，娃是自己生的，老公是别人生的。既然在训娃的路上没有回头路，株连孩子他爹也是家庭活动的必然组成部分了。（妈妈）你看看你的好儿子／女儿！（爸爸）唉！（妈妈）你整天给孩子做的什么榜样！（爸爸）咳！（妈妈）你能不能有点当爹的样子啊！（爸爸）嗯！（妈妈）一天到晚就知道带娃出去瞎玩，作业也不做，像话吗？（爸爸）可不是么！（妈妈）以后你负责盯作业，改卷子，做不完别睡觉。（爸爸）好嘞！这样一来，妇女气消了，男人也没损失，口头答应着，事后什么情形到时候再说呗。夫妻俩带娃拼的就是耐力，谁沉得住气谁赢，先沉不住气的那一个就输了。攘外必先安内，不利用平时的一点一滴把爸爸调教好，未来大部分的调教娃的日子就将倍加艰辛，更何况要携夫带娃冲向社会大杀四方。当然，夫妻本是同林鸟，自然也有一致对外的时候。倘若平时表现出色，配合默契，那么碰到互相吹捧的时刻，妇女们也是给足了面子的。（妈妈）我们平时带孩子都不是很累。（爸爸）还行。（妈妈）都是分工合作的。（爸爸）必须的。（妈妈）我家孩子爸爸挺有责任感的。（爸爸）凑合呵呵。（妈妈）我们家孩子有这样一个负责任的爸爸，我真的省力很多呢。（爸爸）哈哈哈。作为新时代的中年妇女，有境界有内涵有高度，以德服人。身段要软，手腕要硬，说学逗唱，煎炒烹炸，望闻问切，诗词歌赋，样样精通，如果还不能把自己的丈夫炮制成电视剧里的模范男人，那岂不是很没面子？纵使心有猛虎，必要时刻也得装hello kitty。心里翻滚着mmp，嘴上却是喵了个咪。硬的不吃，就来软的，软的不吃，就来更软的啊，总有一款适合他。这里向大家推荐一本好书：《论持久战》。然而，爸爸们心里都有数：妈当得好，爹只需要负责镜花水月云淡风轻，自然也就岁月静好；妈当得不好，自己也就不得不一地鸡毛了，还谈何岁月静好？所谓的勤劳全能型好爹，大概率是被懒妈给逼出来的。只要孩子妈足够懒，足够狠，都能挽救大猪蹄，当然，挽救到什么程度，还是取决于娃他妈到底有多他妈的懒。所以，当舒服的爹，靠的是老婆的成全；当劳累的爹，靠的还是老婆的成全。当爹的存在感，基本全看孩子他妈给什么机会。这个人生大坑，是很难躲过去的了......当然，爸爸管娃管得好，也有很大程度得归功于妈妈。我的一个男性朋友讲了一个故事，说有次参加女儿学校的亲子运动会，两人三足比赛带领自己班级的队伍披荆斩棘得了第一，老师让他女儿写一个运动会夺冠心得，女儿洋洋洒洒描写了自己和爸爸在家里披星戴月练习的场景。文章还没上交，被妈妈连夜改了：“妈妈给我们总结了很多两人三足运动的技术要领，在我们练习的时候亲自做示范，爸爸动作不协调，每次拖得我差点摔跤，妈妈不厌其烦地指导了一遍又一遍，就是为了让爸爸和我在运动会上给班级争光！”命运啊，就是这么难以预测且大同小异。记得当年我硬生生给儿子唠叨（逼迫）了半天，才让他把作文《爸爸真辛苦》改成了《妈妈真辛苦》，也是一样的道理。在我们中年老母心中，“爸爸真辛苦”是没错，但是真要放在台面上的时候，必须是“妈妈真辛苦”摆在前头，否则是要身心受损的。妈妈身心受损可不是什么好兆头，因为归根到底，爹当得好不好，主要还是取决于孩子他妈的心情……十三姐，魔都宅腐文艺斜杠女青年代表，集专栏作者 / 前卫派心理学者／城市画像探索者于一体的花季妇女，公众号格十三(GSSW13)。下面这些文章估计你也喜欢↓↓↓110：小学英语：4-6年级重要短语汇总，考试常常出现，速记！111：居然有这么齐全的语文基础复习资料，小学老师的分享，收藏！112：小升初英语1600个词汇分类速记表，收藏起来113：小升初语文综合常识汇总！博学多才，在家也能教！114：小升初易错成语必看，很多孩子都吃过亏115：小升初必备资料：图解奥数七大模块重要知识点！留着当学霸116：小学数学思维导图汇总！117：小升初语文考试实用常识大全，好资料人手一份！118：这50道小升初基础却很有效的奥数题！学霸人手一份，错过可惜！119：小升初应用题宝典，好资料人手一份！建议收藏（上）120：小升初应用题宝典，好资料人手一份！建议收藏（中）121：小升初应用题宝典，好资料人手一份！建议收藏（下）311：初中数学：基础知识顺口溜，建议收藏312：初中物理所有章节公式、知识点全在这里了！313：初中英语时态用法大集合，99%的学生都收藏了！314：最全初中语文文学常识汇总，连老师都说好！315：初中数学所有公理、定理都在这儿了（附初中数学公式大全）316：21首顺口溜，帮你记住初中英语全部语法！317：初中物理知识点结构图（全）318：中考数学必须掌握的28个考点及60个易错点319：初中语文基础知识大全（值得收藏）320：中考化学能否满分 全靠这篇规律总结511：【高中物理】刷一千道题不如搞明白这些动图！512：高中英语全部知识体系结构图汇总513：高中语文背诵名句汇总，强力收藏！514：最全的高中化学思维导图，赶快收起来515：高中英语所有语法专题大汇总，还不收了吗？516：高中数学最全的思维导图（记得收藏）517：高中数学所有公式+考点难度超级合集！献给所有高考生！518：高中物理易错题100题附答案，太经典了！519：囊括了整个高中数学知识的8张图，助你高考拿高分！520：高中英语句型最全归纳，重磅来袭长按下方二维码识别关注，回复文章数字编号，即可阅读。幼儿园 | 幼升小 | 小升初 | 中考 | 高考 | 政策 | 资源 | 育儿版权声明：我们尊重版权，转载已注明来源，如反对转载，请联系删除。详情请点击版权声明和原创声明。]]></content>
  <author><![CDATA[情报君]]></author>
  <time>2018-11-07 20:00:46</time>
  <account><![CDATA[qingbaojun2016]]></account>
  <image><![CDATA[https://mmbiz.qpic.cn/mmbiz/ianq03UUWGmK4x8wVTdM27HAUGhBg5y42xAib4tJc3zkpIoCicN1cBtFopASyndib8XQvOkBm0fJFPBsHMDQq5pckg/640?wx_fmt=png|https://mmbiz.qpic.cn/mmbiz_png/s59zI0hcxhdRq0iaiaDibL5RLF9ZsJqgRiaP5ds8SlDcgZwQ17jVlvG2jekMObwT7PntiaAm5dClQDur96hicGywyoMA/640?wx_fmt=png|https://mmbiz.qpic.cn/mmbiz_jpg/CUb8gfKqwxesaicnibuHB3RALvpbyqfseLkq9mj0a9ia7DwD5OjzYNVWN7rVeYSzKSEs035yhdibicia9qdcJcHtBmMg/640?wx_fmt=jpeg|https://mmbiz.qpic.cn/mmbiz_jpg/CUb8gfKqwxesaicnibuHB3RALvpbyqfseLfs0ZFdiaIxYEjAqDuwcIb7QYIdGsVCrnK0g3bbOn4aOcO2JXEey5ECA/640?wx_fmt=jpeg|https://mmbiz.qpic.cn/mmbiz_jpg/CUb8gfKqwxesaicnibuHB3RALvpbyqfseLKu2I8E6YuDdCEEfrAkwnibmYVHUy2HpNdb2N4X4U6COjvu3xYkziarMg/640?wx_fmt=jpeg|https://mmbiz.qpic.cn/mmbiz_jpg/CUb8gfKqwxesaicnibuHB3RALvpbyqfseLbfmxHNywSTz6icY30AuJHXc352UibDudaXuA4PcNJsd6Wspicuib3nuLFQ/640?wx_fmt=jpeg|https://mmbiz.qpic.cn/mmbiz_jpg/CUb8gfKqwxesaicnibuHB3RALvpbyqfseLG4QibPKv64tzV3ATyF3hr2CRrK03nsLZzfeDnls462wnZnBAwa0eBNg/640?wx_fmt=jpeg|https://mmbiz.qpic.cn/mmbiz_jpg/CUb8gfKqwxesaicnibuHB3RALvpbyqfseLDkDqXwF4hGQhdAWIjDkKRQMLHiaafp5Qx6KHicXjSq7U5LdicCzepXlsQ/640?wx_fmt=jpeg|https://mmbiz.qpic.cn/mmbiz_jpg/CUb8gfKqwxesaicnibuHB3RALvpbyqfseL3f5mTjz1eia3YZ9vic6uQtzS8SWBlxxdIPVOKlB6icPjibqWu6uBhhl6dg/640?wx_fmt=jpeg|https://mmbiz.qpic.cn/mmbiz_jpg/CUb8gfKqwxesaicnibuHB3RALvpbyqfseLdZLBsfiaOl0QQ3nP5GbftxsGtXlzMt2icljJeiasATXt9qkgibTia5v0mlw/640?wx_fmt=jpeg|https://mmbiz.qpic.cn/mmbiz/p6Vlqvia1Uicxmfb50jCNmujr5O9ZSnqHusFhkOiaja5CKQVibLicCDQGua5gpDFjaxtnGbAhykoIbQCrJtgs3d05NA/640?wx_fmt=gif|http://mmbiz.qpic.cn/mmbiz_png/ianq03UUWGmK948PfiaiaGnp0sW1xbxW88s4b0UY0roeicvH5U1Hmg0FqtgdJx1n1Gj40e0tSOtbTAgO5GOA50XVhg/640?wx_fmt=png|http://mmbiz.qpic.cn/mmbiz_png/s59zI0hcxhdRq0iaiaDibL5RLF9ZsJqgRiaPXaOcS6pI2aXYOPEjibgY1g1A6w6c4XHTNmLyT3rGQesDTGTzJyBybkg/640?wx_fmt=png|https://mmbiz.qpic.cn/mmbiz_png/6ic0Bp9cTu7qCibybtKVyJrFezgZWXCu4CCXhyicI9pRRFrrAq3S3wWMTfDARgTKIuSn9gOJoHp3GJZ5v1yq1WJOg/640?wx_fmt=png]]></image>
</data>
