<data>
  <id><![CDATA[67610204]]></id>
  <url><![CDATA[https://mp.weixin.qq.com/s?timestamp=1542250462&src=3&ver=1&signature=t1tQuhfvgeQkNOJJwpbIKGrrFmd9WPCxv01TrQaBfwLWUU8Lqxr2SvaHhfgZHnhbsr-XJNJMYg5PUwERU1L0FZk4xW*g1Ph0pCzY6VgIhIZPjGn3PhO6asONyTWHlXXlYdaaPyG7ZkTwtoVNzflRDejl3fWeJl1vQXVWRekSbUc=]]></url>
  <title><![CDATA[初中语文古诗词知识全汇总，太强了，快为孩子转发！]]></title>
  <content><![CDATA[点击上方↑↑↑情报君↑↑↑关注我们初中古诗词知识是初中语文考查的重要内容，除了要背诵，还要学习很多相关知识。但很多同学觉得内容太繁杂，不好记，所以给大家分类归纳出来，方便大家学习使用。一、初中语文古诗词常见意象归纳意象是诗歌艺术的精灵。简单地说，意象就是寄托了诗人的情感或思想的物象（事物或独特的艺术形象）。以下是初中古诗词中常见的一些意象，并例举出相关诗句。酒、饮酒多表达豪情、悲愁、苦闷和郁郁不得志的情感。例句及出处1、抽刀断水水更流，举杯消愁愁更愁。（《宣州谢脁楼饯别校书叔云》李白）2、东篱把酒黄昏后，有暗香盈袖。（《醉花阴》李清照）3、金樽清酒斗十千，玉盘珍馐直万钱。（《行路难》李白）4、浊酒一杯家万里，燕然未勒归无计。（《渔家傲》范仲淹）5、酒酣胸胆尚开张，鬓微霜，又何妨！（《江城子?密州出猎》苏轼）6、一曲新词酒一杯，去年天气旧亭台。（《浣溪沙》晏殊）羌笛多传达离别之苦、相思之情和内心的孤寂。唐代边塞诗中经常提到。例句及出处1、 中军置酒饮归客，胡琴琵琶与羌笛。（《白雪歌送武判官归京》岑参）2、羌管悠悠霜满地，人不寐，将军白发征夫泪。（《渔家傲》范仲淹）3、羌笛何须怨杨柳，春风不度玉门关。（《凉州词》王之涣）柳折柳 “柳”与“留”谐音，因此“柳”带有伤离别的意味。而“折柳”就有相留之意。例句及出处1、此夜曲中闻折柳，何人不起故园情。（《春夜洛城闻笛》李白）2、渭城朝雨浥轻尘，客舍青青柳色新。（《送元二使安西》王维）月（残月、明月、新月、玉盘） 在许多诗人笔下都是思乡、念亲的标志，多传达离愁别恨、寂寞思归之情。例句及出处1、我寄愁心与明月，随君直到夜郎西。（《闻王昌龄左迁龙标遥有此寄》李白）2、明月几时有，把酒问青天。（《水调歌头?明月几时有》苏轼）3、月落乌啼霜满天，江枫渔火对愁眠。 （《枫桥夜泊》张继）4、月下飞天镜，云生结海楼。（《渡荆门送别》李白）5、晓镜但愁云鬓改，夜吟应觉月光寒。（《无题》李商隐）流水多传达人生苦短、命运无常的感伤与哀愁。例句及出处1、抽刀断水水更流，举杯消愁愁更愁。（《宣州谢脁楼饯别校书叔云》李白）2、水何澹澹，山岛竦峙。（《短歌行》曹操）斜阳（夕阳、落日）多传达凄凉失落、苍茫沉郁、怀古幽情。例句及出处1、大漠孤烟直，长河落日圆。（《使至塞上》王维）2、四面边声连角起，千嶂里，长烟落日孤城闭。（《渔家傲》范仲淹）3、过尽千帆皆不是，斜晖脉脉水悠悠。肠断白蘋洲。（《望江南》温庭筠）4、夕阳西下，断肠人在天涯。（《天净沙?秋思》马致远）风、霜、烟多传达哀怨、惆怅、凄苦、苍凉等情思。例句及出处1、日暮乡关何处是？烟波江上使人愁。（《黄鹤楼》崔颢）2、半卷红旗临易水，霜重鼓寒声不起。（《雁门太守行》李贺）3、风住尘香花已尽，日晚倦梳头。（《武陵春》李清照）4、城阙辅三秦，风烟望五津。（《送杜少府之任蜀州》王勃）落花（落红、残红） 多传达青春易逝、人生无常的深沉喟叹和哀愁。例句及出处1、风住尘香花已尽，日晚倦梳头。（《武陵春》李清照）2、无可奈何花落去，似曾相识燕归来，小园香径独徘徊。（《浣溪沙》晏殊）3、落红不是无情物，化作春泥更护花。（《己亥杂诗》龚自珍）松、菊坚贞高洁的品格例句及出处1、岂不罹凝寒，松柏有本性。（《赠从弟》刘桢）2、采菊东篱下，悠然见南山。 （《饮酒（其五）》陶渊明）梅傲霜斗雪，不怕打击挫折，纯净洁白。例句及出处零落成泥碾作尘，只有香如故。（《卜算子*咏梅》陆游）草木多以草木繁盛反衬荒凉，以抒发盛衰兴亡的感慨例句及出处1、国破山河在，城春草木深。（《春望》杜甫）2、树木丛生，百草丰茂。（《短歌行》曹操）杜鹃（子规） 凄凉哀伤的象征例句及出处杨花落尽子规啼，闻道龙标过五溪。（《闻王昌龄左迁龙标遥有此寄》李白）鸿雁、青鸟多传达相思相爱、离愁、孤寂的情思。例句及出处1、蓬山此去无多路，青鸟殷勤为探看。（《无题》李商隐）2、乡书何处达？归雁洛阳边。（《次北固山下》王湾）舟表达离情别绪、思乡、愁苦之情。例句及出处1、只恐双溪舴艋舟，载不动许多愁。（《武陵春》李清照）2、仍怜故乡水，万里送行舟。（《渡荆门送别》李白）3、客路青山外，行舟绿水前。（《次北固山下》王湾）二、初中语文古诗词典故归纳诗句怀旧空吟闻笛赋，到乡翻似烂柯人。《酬乐天扬州初逢席上见赠》刘禹锡典故闻笛赋——指西晋向秀所作的《思旧赋》。向秀跟嵇康是好朋友，嵇康因不满司马氏集团而被杀，向秀经过嵇康故居时，听见有人吹笛，不禁悲从中来，于是作《思旧赋》。烂柯人——指晋人王质。王质上山砍柴，看见两个童子下棋，就停下观看。等棋局终了，手中的斧把已经朽烂。回到村里，才知道已过了一百年了。诗中的意思和作用诗人是借这两个典故说自己在外二十三年，如今回来，许多老朋友都已去世，只能徒然地吟诵“闻笛赋”表示悼念而已。此番回来恍如隔世，觉得人事全非，不再是旧日的光景了。后一句用王质烂柯的典故，既暗示了自己贬谪时间的长久，又表现了世态的变迁，以及回归之后生疏而怅惘的心情，涵义十分丰富。诗句浊酒一杯家万里，燕然未勒归无计。《渔家傲·秋思》范仲淹典故勒石燕然——用的是《后汉书·窦融列传》中的典故，东汉时窦宪率兵打败匈奴，一直追击到燕然山，刻石纪功而还。诗中的意思和作用词人在这里正面揭示了自己和征人们的一种心理矛盾：他们思念相距万里的家乡，但却没有办法回去，因为还没有达到建立军功、勒石燕然的目的。词人借用典故把自己的思乡与忧国、报国之情交织在一起。诗句为报倾城随太守，亲射虎，看孙郎。《江城子·密州出猎》苏轼典故亲射虎，看孙郎——孙郎即孙权，《三国志》记载孙权在一次出行中，坐骑为虎所伤，他镇定地在马前击毙了老虎。诗中的意思和作用词人的意思是他要像当年的孙权那样挽弓马前射虎，这突出地展现了作者虽年纪已经不小，但是仍有着少年狂气。诗句持节云中，何日遣冯唐？《江城子·密州出猎》苏轼典故遣冯唐——据《史记·张释之冯唐列传》记载：汉文帝时，魏尚为云中太守，抵御匈奴有功，只因报功时多报了六个首级而获罪削职。后来，文帝采纳了冯唐的劝谏，派冯唐持符节到云中去赦免魏尚。诗中的意思和作用这里作者是以魏尚自喻，表达作者希望朝廷能像派冯唐赦魏尚那样重用自己。诗句会挽雕弓如满月，西北望，射天狼。《江城子·密州出猎》苏轼典故射天狼——天狼星，据《晋书·天文志》说是“主侵掠”的。诗中的意思和作用这里用以代指从西北来进扰的西夏军队。词人在这句中表达了自己要报效国家，抵御入侵者，建功立业的决心。诗句八百里分麾下炙……马作的卢飞快《破阵子·为陈同甫赋壮词以寄之》辛弃疾典故八百里——指牛。据《世说新语·汰侈》载：晋王恺有良牛，名“八百里駮”后世诗词多以“八百里”指牛。的卢——良马名。据《三国志·蜀志·先主传》载，刘备在荆州遇险，他所骑的的卢马“一踊三丈”驮他脱险。诗中的意思和作用在词中的意思和作用：形象的描写了军旅的生活和表现了抗金将士的英雄气概三、初中语文古诗词蕴含人生哲理的诗句归纳诗句海日生残夜，江春入旧年。——王湾《次北固山下》哲理：新事物孕育于旧事物解体之时。诗句会当凌绝顶，一览众山小。——杜甫《望岳》哲理：说明站得高望得远的道理。说明要有藐视和压倒一切困难的雄心和气概，才能有所作为的人生哲理。诗句山重水复疑无路，柳暗花明又一村。——陆游《游山西村》哲理：常用来形容进入一个别有天地的境界，或比喻绝处逢生的情景。诗句沉舟侧畔千帆过，病树前头万木春。——刘禹锡《酬乐天扬州初逢席上见赠》哲理：说明新事物必将取代旧事物。表达了任何腐朽势力都不可逆转历史潮流，新生力量必将茁壮成长的思想。诗句雄兔脚扑朔，雌兔眼迷离；双兔傍地走，安能辨我是雄雌？——《木兰诗》哲理：比喻事情错综复杂，不易辨清真相。诗句东风不与周郎便，铜雀春深锁二乔。——杜牧《赤壁》哲理：抒发历史兴亡之感，蕴含机遇造人的哲理。诗句人有悲欢离合，月有阴晴圆缺，此事古难全。——苏轼《水调歌头》哲理：世上没有十全十美的事物。诗句不畏浮云遮望眼，只缘身在最高层。——王安石《登飞来峰》哲理：站得高看得远。长按识别二维码加入QQ群-“情报君初中家长分享群”（群号：620395486），和大家一起交流预初分班考、初中学习及中考备考经验。群内分享部分资源：下面 10 篇文章估计你也喜欢↓↓↓311：初中数学：基础知识顺口溜，建议收藏312：初中物理所有章节公式、知识点全在这里了！313：初中英语时态用法大集合，99%的学生都收藏了！314：最全初中语文文学常识汇总，连老师都说好！315：初中数学所有公理、定理都在这儿了（附初中数学公式大全）316：21首顺口溜，帮你记住初中英语全部语法！317：初中物理知识点结构图（全）318：中考数学必须掌握的28个考点及60个易错点319：初中语文基础知识大全（值得收藏）320：中考化学能否满分 全靠这篇规律总结长按下方二维码识别关注，回复文章数字编号，即可阅读。幼儿园 | 幼升小 | 小升初 | 中考 | 高考 | 政策 | 资源 | 育儿文章精选自：网络，未找到初始来源版权声明：我们尊重版权，转载已注明来源，如反对转载，请联系删除。详情请点击版权声明和原创声明。]]></content>
  <author><![CDATA[情报君]]></author>
  <time>2018-11-06 20:33:04</time>
  <account><![CDATA[qingbaojun2016]]></account>
  <image><![CDATA[http://mmbiz.qpic.cn/mmbiz/ianq03UUWGmK4x8wVTdM27HAUGhBg5y42xAib4tJc3zkpIoCicN1cBtFopASyndib8XQvOkBm0fJFPBsHMDQq5pckg/0?wx_fmt=png|http://mmbiz.qpic.cn/mmbiz_png/s59zI0hcxhdRq0iaiaDibL5RLF9ZsJqgRiaP5ds8SlDcgZwQ17jVlvG2jekMObwT7PntiaAm5dClQDur96hicGywyoMA/0?wx_fmt=png|http://mmbiz.qpic.cn/mmbiz_png/DOVVfocNpPbLzb06GVD6QyfTnebDB7UZfLh3nRLVgicDl96eS7nudLALbUzVOl2tHUA1wXM3PgvNTJicoeCuQerw/640?wx_fmt=png|http://mmbiz.qpic.cn/mmbiz_png/DOVVfocNpPbLzb06GVD6QyfTnebDB7UZ1tPn1oF67VeKiaMz447Fr3uU4pM5XeBFfFjZJu8VklLJszaEXnpGHeg/0?|http://mmbiz.qpic.cn/mmbiz_jpg/DOVVfocNpPbLzb06GVD6QyfTnebDB7UZ0TUTsEq6q0H4hIcKLKTFKADYibhaxRPJY5YgbthEO3D1Q9OUeRZog9g/640?wx_fmt=jpeg|http://mmbiz.qpic.cn/mmbiz/p6Vlqvia1Uicxmfb50jCNmujr5O9ZSnqHusFhkOiaja5CKQVibLicCDQGua5gpDFjaxtnGbAhykoIbQCrJtgs3d05NA/0?wx_fmt=gif|http://mmbiz.qpic.cn/mmbiz_png/s59zI0hcxhdYOTSmmsYrGTkheduSgHE2VzzzTKFrs0k8C9rv37XQcNzwIpdrmmsAZfpe7xlLRjUg0m5ZhicgXwA/0?wx_fmt=png|http://mmbiz.qpic.cn/mmbiz_png/s59zI0hcxhdYOTSmmsYrGTkheduSgHE23ibc9zoPNGMGLS3p35sGjhzfWnosYxEwqRFQkoanXzQwey7oticXYqVw/0?wx_fmt=png|http://mmbiz.qpic.cn/mmbiz_png/ianq03UUWGmK948PfiaiaGnp0sW1xbxW88s4b0UY0roeicvH5U1Hmg0FqtgdJx1n1Gj40e0tSOtbTAgO5GOA50XVhg/0?wx_fmt=png|http://mmbiz.qpic.cn/mmbiz_png/s59zI0hcxhdRq0iaiaDibL5RLF9ZsJqgRiaPXaOcS6pI2aXYOPEjibgY1g1A6w6c4XHTNmLyT3rGQesDTGTzJyBybkg/0?wx_fmt=png|https://mmbiz.qpic.cn/mmbiz_png/6ic0Bp9cTu7qCibybtKVyJrFezgZWXCu4CCXhyicI9pRRFrrAq3S3wWMTfDARgTKIuSn9gOJoHp3GJZ5v1yq1WJOg/0?wx_fmt=png]]></image>
</data>
