<data>
  <id><![CDATA[67610204]]></id>
  <url><![CDATA[https://mp.weixin.qq.com/s?timestamp=1542250462&src=3&ver=1&signature=t1tQuhfvgeQkNOJJwpbIKGrrFmd9WPCxv01TrQaBfwLWUU8Lqxr2SvaHhfgZHnhbsr-XJNJMYg5PUwERU1L0FdGWEP4065-ZeWwn6AxpF5veXdWvFheJwbI*X05uP6KKIvp0BbDOw6RfZd0S5GUWlWoq5LSKGrFwi98V27jWR4k=]]></url>
  <title><![CDATA[小学数学概念、公式大汇总！]]></title>
  <content><![CDATA[点击上方↑↑↑情报君↑↑↑关注我们为帮助孩子们巩固及拓展小学语数外及小升初备考知识，小编经常会给大家分享小学语数外的相关最经典的知识点总结，给孩子们提供最精华的学习资料，记得帮孩子收藏或转给需要的孩子。★★★名称含    义（方 法）棱两个面相交的边叫棱顶点三条棱相交的点叫做顶点长方体的长宽高相交于一个顶点的三条棱分别叫做长方体的长宽高特殊长方体长宽高都像等的长方体叫立方体体积的概念物体所占空间的大小叫做物体的体积体积单位立方米.立方厘米.立方分米长方体的体积长×宽×高=abh立方体的体积棱长×棱长×棱长=aaa通用的体积求法底面积×高＝sh体积单位换算1立方米＝1000立方分米  1立方分米＝1000立方厘米容积单位换算1升＝1000毫升 1升＝1立方分米 1毫升＝1立方厘米约数一个数最小的约数是1                              一个数最大的约数是它本身                   一个数的约数个数是有限的倍数一个数最小的倍数是它本身                   一个数没有最大的倍数                        一个数的倍数个数是无限的能被二整除的数个位是:0，2，4，6，8奇数不能被二整除的数叫做奇数偶数能被二整除的数叫做偶数能被五整除的数个位是:0，5能被三整除的数一个数各个数位上的数字的和能被三整除素数一个数除了1和它本身，不再有别的约数合数一个数除了1和它本身，还有别的约数，更多学习资料请关注ABC微课堂质因数一个和数可以写成几个素数相乘的形式，每个素数叫做这个和数之质因数分解质因数把一个和数用质因数相乘的形式表现出来叫做分解质因数最大公约数几个数公有的约数叫做这几个数的公约数，其中最大的一个叫做这几个数的最大公约数互质数公约数只有1的两个数叫互质数约数时的最大公约数小数是大数的约数，小数就是这两个数的最大公约数互质数最大公约数两个数是互质数，它们最大公约数是1最小公倍数几个数公有的倍数叫做这几个数的公倍数，其中最小的一个叫做最小公倍数分数大小的比较分子相同的两个数分母小的那个数比较大，分母相同的两个数分子大的那个数比较大假分数分子比分母大或分子和分母相等的分数叫做假分数，假分数大于或等于1带分数一个整数和一个真分数合成的数叫带分数分数的基本性质分母或分子同时扩大或缩小相同的倍数分数的大小不变约分把一个分数的分子和分母同时除以它们的公约数（1除外）化成和原来分数相等的分数通分把异分母分数分别化成和原来分数相等的同分母分数同分母加减法只把分子相加减分母不变异分母加减法先通分然后按照同分母加减法进行计算带分数加减法整数部分和分数部分分别相加减再把所得数合并起来计算顺序在一个算式里只有加减法或只有乘除法从左往右依次计算在一个算式里有加减法又有乘除法先算乘除法再算加减法有括号的先算括号里的有括号的算式有括号的算式要先算小括号里的运算再算中括号里的什么加加法把两个数合并成一个数的运算叫加法什么叫减法已知两个加数的和与其中的一个加数，求另一个加数的运算方法关系式单价×数量＝总价                                  速度×时间＝路程                                   工作效率×工作时间＝工作总量          本金×利率×时间＝利息                     保险金额×保险费率×保险时间＝保险费应纳税收入×税率＝应缴税款商不变的性质被除数和除数同时扩大或缩小相同的倍数商不变什么叫乘法求几个相同加数的简便运算叫乘法什么叫除法已知两个因数的积与其中一个因数求另一因数的运算叫除法面积单位平方米，平方厘米，平方分米长方形面积长×宽=ab正方形面积边长×边长＝aa面积单位换算1平方分米＝100平方厘米1平方米＝100平方分米长方形长方形的对边相等，四个角都是直角正方形正方形的四条边都相等，四个角都是直角长方形周长（长+宽）×2＝（a+b)×2正方形周长边长×4＝a×4长度单位换算1千米＝1000米                                        1分米＝10厘米1米＝10分米＝100厘米                            1厘米＝10毫米重量单位换算1吨＝1000千克                                       1千克＝1000克小数的四则混合运算小数的四则混合运算的运算顺序和整数四则混合运算的运算顺序相同土地面积单位换算平方千米100公顷1000平方米100平方分米100平方厘米平行四边形面积底×高＝ab三角形面积底×高÷2＝ab÷2梯形面积（上底+下底）×高÷2＝(a+b)×h÷2什么叫方程含有未知数的等式什么叫方程的解使方程左右两边相等的未知数的值什么叫解方程求方程的解的过程叫解方程什么叫百分比表示一个数的百分之几的数叫做百分数百分数的写法用带有百分号“％”的数来表示小数化百分数只要把小数点向右移动两位，在最后添上百分号就行了百分数化小数只要把百分号去掉小数点向左移动两位百分数化分数把百分数改写成分母是100的分数，再把能约分的约成最简分数分数乘整数用分数的分子和整数相乘的积做分子，分母不变分数乘分数用分子相乘的积做分子，分母相乘的积做分母分数乘带分数先把带分数化成假分数，然后按照分数乘法的法则进行计算分数乘小数先把小数化成分数后再计算分数除法已知两个因数的积与其中一个因数，求另一因数的运算整数除分数的方法整数乘这个分数的倒数分数除以带分数先把带分数化成假分数然后计算小数除以分数一般把小数化成分数再计算小数分数四则混合运算顺序与整数四则混合运算顺序相同什么叫圆心圆的最中心一点叫圆心什么叫半径圆心到圆上任意一点的线段叫做半径用字母R表示什么叫直径通过圆心并且两端都在圆心上的线段叫做直径用字母D表示直径与半径的关系d=2r               r=d/2π圆的周长是直径的三倍多一点这是一个固定的数，叫π＝3.14圆周长直径×π圆面积π×半径×半径如何区分闰年公历年份是四的倍数的都是闰年，公历年份是整百数时必须是四百的倍数才是闰年直线直线可以无限延长线段线段是直线上两点间的一段射线一端可以无限延长并且只有一个端点什么叫锐角小于90度的角叫锐角什么叫钝角大于90度而小于180度的角叫钝角什么叫平角当角的两边方向相反成一条直线时这样的角叫做平角平角＝180度什么叫周角角的一边绕它的顶点旋转一周所成的角叫做周角  周角＝360度什么叫四边形四条线段围成的图形叫四边形什么叫平行四边形两组对边分别平行的四边形叫做平行四边形平行四边形的底和高每组对边之间的距离叫做平行四边形的高，和高垂直的对边叫做平行四边形的底特殊的平行四边形长方形和正方形的两组对边也分别平行，它们是特殊的平行四边形什么叫三角形三条线段围成图形叫三角形围成三角形的每条线段叫三角形的边每两条线段的交点叫三角形的顶点三角形的特性三角形的特性是稳定性锐角三角形三个角都是锐角的三角形钝角三角形有一个角是钝角的三角形直角三角形有一个角是直角的三角形等腰三角形两条边相等的三角形等边三角形三条边相等的三角形叫等边三角形又叫正三角形三角形的高和底从三角形的一个角的顶点向它的对边画一条垂线，顶点到垂足间的线段叫三角形的高，这个角的对边叫三角形的底什么叫梯形只有一组对边平行的四边形叫梯形什么叫等腰梯形两腰相等的梯形叫等腰梯形什么叫分数把物体平均分成几分取其中的1份或几分叫分数小数的基本性质小数的末尾添上0或者去掉0小数的大小不变小数点位置的移动引起小数大小的变化（扩大）小数点向右移动一位，原来的数扩大10倍， 小数点向右移动二位，原来的数扩大100倍，  小数点向右移动三位，原来的数扩大1000倍小数点位置的移动引起小数大小的变化（缩小）小数点向左移动一位，原来的数缩小10倍，  小数点向左移动二位，原来的数缩小100倍，   小数点向左移动三位，原来的数缩小1000倍有余数的除法计算有余数的除法余数一定要比除数小圆柱体体积底面积×高＝SH圆锥体体积1/3×等底等高的圆柱体体积＝1/3SH条形统计图条形统计图可以容易看出各种数量的多少折线统计图不但容易看出各种数量的多少还可以清楚的表示出数量的增减变化情况比比的前项相当于被除数、相当于分子；比的后项相当于除数、相当于分母，比值相当于商、相当于分数值比的基本性质比的前项和后项同时扩大或缩小相同的倍数比值不变比例尺图上距离÷实际距离＝比例尺                图上距离/比例尺＝实际距离                   图上距离＝实际距离÷比例尺什么叫比例式表示两个比相等的式子叫比例式，组成比例的四个数叫做比例的项，两端的两个项叫做外项，中间的两项叫做内项比例的基本性质两个内项积等于两个外项积什么叫解比例求比例中的未知项叫解比例正比例路程/时间＝速度（一定）                     总价/数量＝单价（一定）生产的数量/生产的时间＝生产效率反比例X×Y=K（一定）等体积等高圆锥的底面积是圆柱的三倍                   圆柱的底面积是圆锥的1/3等体积等面积圆锥的高是圆柱的的三倍                        圆柱的高是圆锥的1/3等高的圆锥和圆柱圆柱的体积等于圆锥的三倍                   圆柱的体积比圆锥的体积大2倍             圆锥体积等于圆柱体积的1/3                   圆锥体积比圆柱体积少2/3圆柱体侧面积S侧＝CHC=π×直径＝2×π×R圆柱体表面积S表＝S侧＋2S底圆柱体底面积S底＝π×R×R圆柱体半径（r）R＝D/2                                                       R=C/2×π圆柱体体积V=SH圆环S圆环＝π×（R×R－r×r)ππ=圆周率立方体表面积棱长×棱长×6＝a×a×6长方体地表面积（长×宽＋长×高＋宽×高）×2＝（A×B+A×H+B×H)×2加法交换律a+b=b+a加法结合律(a+b)-c=a-(b+c)减法的性质a-b-c=a-(b+c)乘法交换率a×b =b×a乘法结合律(a×b)×c=a×(b×a)乘法分配律（a+b)×c=a×c+b×c长按识别二维码加入QQ群-“情报君初中家长分享群”（群号：620395486），和大家一起交流预初分班考、初中学习及中考备考经验。群内分享部分资源：下面 12 篇文章估计你也喜欢↓↓↓110：小学英语：4-6年级重要短语汇总，考试常常出现，速记！111：居然有这么齐全的语文基础复习资料，小学老师的分享，收藏！112：小升初英语1600个词汇分类速记表，收藏起来113：小升初语文综合常识汇总！博学多才，在家也能教！114：小升初易错成语必看，很多孩子都吃过亏115：小升初必备资料：图解奥数七大模块重要知识点！留着当学霸116：小学数学思维导图汇总！117：小升初语文考试实用常识大全，好资料人手一份！118：这50道小升初基础却很有效的奥数题！学霸人手一份，错过可惜！119：小升初应用题宝典，好资料人手一份！建议收藏（上）120：小升初应用题宝典，好资料人手一份！建议收藏（中）121：小升初应用题宝典，好资料人手一份！建议收藏（下）长按下方二维码识别关注，回复文章数字编号，即可阅读。幼儿园 | 幼升小 | 小升初 | 中考 | 高考 | 政策 | 资源 | 育儿文章精选自：小学学习资源库（idEnglishclub88）版权声明：我们尊重版权，转载已注明来源，如反对转载，请联系删除。详情请点击版权声明和原创声明。]]></content>
  <author><![CDATA[情报君]]></author>
  <time>2018-11-12 19:46:05</time>
  <account><![CDATA[qingbaojun2016]]></account>
  <image><![CDATA[https://mmbiz.qpic.cn/mmbiz/ianq03UUWGmK4x8wVTdM27HAUGhBg5y42xAib4tJc3zkpIoCicN1cBtFopASyndib8XQvOkBm0fJFPBsHMDQq5pckg/640?wx_fmt=png|https://mmbiz.qpic.cn/mmbiz_png/s59zI0hcxhdRq0iaiaDibL5RLF9ZsJqgRiaP5ds8SlDcgZwQ17jVlvG2jekMObwT7PntiaAm5dClQDur96hicGywyoMA/640?wx_fmt=png|https://mmbiz.qpic.cn/mmbiz/p6Vlqvia1Uicxmfb50jCNmujr5O9ZSnqHusFhkOiaja5CKQVibLicCDQGua5gpDFjaxtnGbAhykoIbQCrJtgs3d05NA/640?wx_fmt=gif|https://mmbiz.qpic.cn/mmbiz_png/s59zI0hcxhdYOTSmmsYrGTkheduSgHE2VzzzTKFrs0k8C9rv37XQcNzwIpdrmmsAZfpe7xlLRjUg0m5ZhicgXwA/640?wx_fmt=png|https://mmbiz.qpic.cn/mmbiz_png/s59zI0hcxhdYOTSmmsYrGTkheduSgHE23ibc9zoPNGMGLS3p35sGjhzfWnosYxEwqRFQkoanXzQwey7oticXYqVw/640?wx_fmt=png|https://mmbiz.qpic.cn/mmbiz_png/ianq03UUWGmK948PfiaiaGnp0sW1xbxW88s4b0UY0roeicvH5U1Hmg0FqtgdJx1n1Gj40e0tSOtbTAgO5GOA50XVhg/640?wx_fmt=png|https://mmbiz.qpic.cn/mmbiz_png/s59zI0hcxhdRq0iaiaDibL5RLF9ZsJqgRiaPXaOcS6pI2aXYOPEjibgY1g1A6w6c4XHTNmLyT3rGQesDTGTzJyBybkg/640?wx_fmt=png|https://mmbiz.qpic.cn/mmbiz_jpg/s59zI0hcxhdsFiaWOQ50Ye7oTFju4B6pfKRfo4eqO0BVVcImBc91IKI7QIB3K6tKI5VnQs3SF38ZQ86kbQlQAlg/640?wx_fmt=jpeg]]></image>
</data>
