<data>
  <id><![CDATA[67610204]]></id>
  <url><![CDATA[https://mp.weixin.qq.com/s?timestamp=1542250462&src=3&ver=1&signature=t1tQuhfvgeQkNOJJwpbIKGrrFmd9WPCxv01TrQaBfwLWUU8Lqxr2SvaHhfgZHnhbsr-XJNJMYg5PUwERU1L0FU-2*1yS4*kHbzP*HQLQE1tsVJjZ8nWicZ6GXcOQ-7nL1cDzYiDZtbN2tQpoIttySjeK-0P45aK1vH--ihJHW9o=]]></url>
  <title><![CDATA[高考物理大纲变化的重点，全部总结给你！]]></title>
  <content><![CDATA[点击上方↑↑↑情报君↑↑↑关注我们高考大纲改了你们造吗？高考物理3-5成必修了你们造嘛？不过，没关系，现在给你们准备好了！满满都是3-5的知识点！一、动量   动量守恒定律（点击图片可放大查看）二、验证动量守恒定律（实验、探究）三、弹性碰撞和非弹性碰撞四、普朗克量子假说    黑体和黑体辐射五、光电效应六、光的波粒二象性   物质波七、原子核式结构模型八、氢原子光谱九、原子的能级十、原子核的组成十一、原子核的衰变   半衰期十二、放射性的应用与防护   放射性同位素十三、核反应方程十四、重核裂变   核聚变幼儿园 | 幼升小 | 小升初 | 中考 | 高考 | 政策 | 资源 | 育儿文章精选自：高中物理（id:gaozhongwuli100)版权声明：我们尊重版权，转载已注明来源，如反对转载，请联系删除。详情请点击版权声明和原创声明。]]></content>
  <author><![CDATA[情报君]]></author>
  <time>2018-11-13 20:21:10</time>
  <account><![CDATA[qingbaojun2016]]></account>
  <image><![CDATA[https://mmbiz.qpic.cn/mmbiz/ianq03UUWGmK4x8wVTdM27HAUGhBg5y42xAib4tJc3zkpIoCicN1cBtFopASyndib8XQvOkBm0fJFPBsHMDQq5pckg/640?wx_fmt=png|https://mmbiz.qpic.cn/mmbiz_png/s59zI0hcxhdRq0iaiaDibL5RLF9ZsJqgRiaP5ds8SlDcgZwQ17jVlvG2jekMObwT7PntiaAm5dClQDur96hicGywyoMA/640?wx_fmt=png|http://mmbiz.qpic.cn/mmbiz_png/x58F9iam65DRwVdkle0RX7qWuPLXgDjYtHjXdDCFcJdicpKk2bECpzpYh2dPkAk2JTHpBwWmucHaGj33iaQNeqUTQ/640?wx_fmt=png|http://mmbiz.qpic.cn/mmbiz_png/x58F9iam65DRwVdkle0RX7qWuPLXgDjYt6jiaUUy2VeibUvPID0F0wgANX815iaCuJbyqXYQPIiaUb3ueewicMsDKEiaQ/640?wx_fmt=png|http://mmbiz.qpic.cn/mmbiz_png/x58F9iam65DRwVdkle0RX7qWuPLXgDjYtOjDO3XUKCgfzK4735HJ52usfOY9kneaIic44mBw6ycsFE0yt4mE0kXA/640?wx_fmt=png|http://mmbiz.qpic.cn/mmbiz_png/x58F9iam65DRwVdkle0RX7qWuPLXgDjYt3LTuWEoDCOnR3XicXIP4QwibzfBt8w9PKbpRCeLOwortcKpibhbwrHosQ/640?wx_fmt=png|http://mmbiz.qpic.cn/mmbiz_png/x58F9iam65DRwVdkle0RX7qWuPLXgDjYtLGpRup9B7SXGdTdiclgFzkduoazT5Y5Oiat8yjYlVBrjLW7ta0sfJmEg/640?wx_fmt=png|http://mmbiz.qpic.cn/mmbiz_png/x58F9iam65DRwVdkle0RX7qWuPLXgDjYtGsR64oKgAia1a2f2hTTNhRdfNWQOvDHXd01g1pHvg6sBtw7FQjkuMKQ/640?wx_fmt=png|http://mmbiz.qpic.cn/mmbiz_png/x58F9iam65DRwVdkle0RX7qWuPLXgDjYt3jy8oLCPLgx8kElZSBiaubTXCe7LscCsVVUC2UebH2UWw4XCW4edJ3A/640?wx_fmt=png|http://mmbiz.qpic.cn/mmbiz_png/x58F9iam65DRwVdkle0RX7qWuPLXgDjYtVOgZ8WmRp9pQJPZH1RndXRMLXG4eto71NTYFr8FqnQJpXwqI7fnXicQ/640?wx_fmt=png|http://mmbiz.qpic.cn/mmbiz_png/x58F9iam65DRwVdkle0RX7qWuPLXgDjYtxgicDMCjWe8I7P5nT1X6bsibTrPicIoBX2LCHJ2PbYMb9IJz4ndmbXRxw/640?wx_fmt=png|http://mmbiz.qpic.cn/mmbiz_png/x58F9iam65DRwVdkle0RX7qWuPLXgDjYtU5GSeicZnhkp5RdeDF1aBYOgoI6KNnhCiaMmtXQG1FmiabCcrr67RdC1A/640?wx_fmt=png|http://mmbiz.qpic.cn/mmbiz_png/x58F9iam65DRwVdkle0RX7qWuPLXgDjYtmQrjA0TaDYVlyJnVnFqCJsjUGrr83ictcq2aribt6oUepYMlonAfeYAQ/640?wx_fmt=png|http://mmbiz.qpic.cn/mmbiz_png/x58F9iam65DRwVdkle0RX7qWuPLXgDjYtGnNE7VQ2yOFTw9TYsJ3VhacLDcdAMSmt2FEwSNOtJPicbrEHvm4zArg/640?wx_fmt=png|http://mmbiz.qpic.cn/mmbiz_png/x58F9iam65DRwVdkle0RX7qWuPLXgDjYtJgBubibAc18Iux10PdtFuZHu6QVUGHLyHZ1VHHMKIQicyYZSiacSRY8sw/640?wx_fmt=png|http://mmbiz.qpic.cn/mmbiz_png/x58F9iam65DRwVdkle0RX7qWuPLXgDjYtqibPcKBSDC2qXicnZaVria2LLLa0ic6utEXRUUpwHZ4SzoElrib22AX4NEg/640?wx_fmt=png|http://mmbiz.qpic.cn/mmbiz_png/x58F9iam65DRwVdkle0RX7qWuPLXgDjYtwBkSgKCicX5hZDSTKHbianibqEVBduLYT6ibMGvDFKyphLgJTltw6G4g2A/640?wx_fmt=png|http://mmbiz.qpic.cn/mmbiz_png/x58F9iam65DRwVdkle0RX7qWuPLXgDjYtJb0Nw46KnzUnibkv7yXezAdSYVLesibZsEyNicnw8OooZYB5ziav7W6TJA/640?wx_fmt=png|http://mmbiz.qpic.cn/mmbiz_png/x58F9iam65DRwVdkle0RX7qWuPLXgDjYt8AWMWILAaicukiak9sU58XOlM7DltwlR33dYZVtj3OibK8oH9nicpHm31A/640?wx_fmt=png|http://mmbiz.qpic.cn/mmbiz_png/x58F9iam65DRwVdkle0RX7qWuPLXgDjYtItElRPfbbfA0FlIYIRrL2IonpmjgKHhEQLRUFbCYeiaKRq2uSiaLMlKA/640?wx_fmt=png|http://mmbiz.qpic.cn/mmbiz_png/x58F9iam65DRwVdkle0RX7qWuPLXgDjYtBYLQwnfq1344xhJb38R7FMgFS53yE6wN4cGciaKHd9K42yLho1ys4gQ/640?wx_fmt=png|http://mmbiz.qpic.cn/mmbiz_png/x58F9iam65DRwVdkle0RX7qWuPLXgDjYt290XnWB4iaYXYu3UBv1adPLgfeuUNNsfnBQibEdJzO6DDtsljIJiboDnA/640?wx_fmt=png|http://mmbiz.qpic.cn/mmbiz_png/x58F9iam65DRwVdkle0RX7qWuPLXgDjYtA2JQehkGASeeaZlbNpmAyTXyOicBm4TFQFz3WKamxQDZ1FeOO0ibx8Qg/640?wx_fmt=png|http://mmbiz.qpic.cn/mmbiz_png/x58F9iam65DRwVdkle0RX7qWuPLXgDjYt6N2m8k3frfcAJ35yZBqc8iaXiaGyTDzdR8JHAiaq7N2YOic3FKtRia0jzvQ/640?wx_fmt=png|http://mmbiz.qpic.cn/mmbiz_png/x58F9iam65DRwVdkle0RX7qWuPLXgDjYtG2ym1FYg4OK1pTFDT8JsqWRkuX5MLYrSjGKyH43YzKvQMvVvcls7Zw/640?wx_fmt=png|http://mmbiz.qpic.cn/mmbiz_png/x58F9iam65DRwVdkle0RX7qWuPLXgDjYtsiaMiby7ttONFIvCic9znt95VFhHiaILZQedHt0xxOcfjpJqHVA8mowKDg/640?wx_fmt=png|https://mmbiz.qpic.cn/mmbiz_png/ianq03UUWGmK948PfiaiaGnp0sW1xbxW88s4b0UY0roeicvH5U1Hmg0FqtgdJx1n1Gj40e0tSOtbTAgO5GOA50XVhg/640?wx_fmt=png|https://mmbiz.qpic.cn/mmbiz_png/s59zI0hcxhdRq0iaiaDibL5RLF9ZsJqgRiaPXaOcS6pI2aXYOPEjibgY1g1A6w6c4XHTNmLyT3rGQesDTGTzJyBybkg/640?wx_fmt=png|https://mmbiz.qpic.cn/mmbiz_png/6ic0Bp9cTu7qCibybtKVyJrFezgZWXCu4CCXhyicI9pRRFrrAq3S3wWMTfDARgTKIuSn9gOJoHp3GJZ5v1yq1WJOg/640?wx_fmt=png]]></image>
</data>
