<data>
  <id><![CDATA[67610204]]></id>
  <url><![CDATA[https://mp.weixin.qq.com/s?timestamp=1542250462&src=3&ver=1&signature=t1tQuhfvgeQkNOJJwpbIKGrrFmd9WPCxv01TrQaBfwLWUU8Lqxr2SvaHhfgZHnhbsr-XJNJMYg5PUwERU1L0FYLhZ2-QtmdlyjRxu-evg9uIhjkEqyxn7nu8O0Po4I5ZxiIU8V51tpbWLXnCszWM*DsstscWEjt9VmIyPNopUv8=]]></url>
  <title><![CDATA[不懂感恩的孩子，成人后比狼更可怕！值得所有家长深思]]></title>
  <content><![CDATA[点击上方↑↑↑情报君↑↑↑关注我们家教决定孩子的出息，门风决定孩子的教养。中国向来高度重视家教和门风，历史上那些名门望族之所以培养出无数伟大人物，无不得益于此。可是，现如今大多数家庭中，孩子可谓是“位高权重”。全家人都围着一个小家伙转，孩子时时刻刻都扮演着被爱的角色，要什么家长都会千方百计得满足他们。久而久之，很多孩子认为从家长那里得到东西是理所当然的，从而只知道索取，不知道回报，更不会想着去关心别人和感激他人。父母总希望给孩子最好的东西，须知最好的东西就是良好的教养和优秀的品格，而拥有一颗感恩的心也会让他获益良良多……01有一篇鸡汤文充分说明了这一点：曾经一位富有的老华侨，归国后想资助一些贫困地区的学生，于是，在有关部门的帮助下，他找到了一些有受捐需求的孩子的联系方式与地址，每人寄去一本书一些笔，并随书标注了自己的电话号码、联系地址以及邮箱等信息。老华侨的家人和朋友十分不理解老人的做法：为什么送一本书还要留下联系方式？在不解与质疑声中，老人像是焦急地等待着什么，或是守在电话旁、或是每天几次去看门口的信报箱、或是上网打开自己的邮箱。直到一天，终于有一位收到书的孩子给老人寄来祝贺节日的卡片(也是唯一与老人联系的孩子)，老人高兴极了，当天就给这个孩子汇出了第一笔可观的助学资金，同时毅然放弃了对那些没有反馈消息的学生的资助。这时家人才明白，老人是在用他特有的方式诠释“不懂得感恩的人不值得资助”的道理。人要懂得感恩才会幸福。父母创造了孩子，并以辛勤劳动挣得的血汗钱供养着孩子，孩子的每一步成长都凝结着父母的心血……02教育孩子懂得感恩和尊重别人是很重要的事。如果父母一味的溺爱，孩子不懂回报，即便走上社会也会遭遇碰壁，甚至可能无法无天！孩子感恩的对象，莫过于恩情最深的父母，如果没有培养孩子感恩的心……写到这儿，我又想到几年前机场弑母的留学生汪佳晶，多次要钱未果 留日“海归”持刀弑母。他留日五年，从未打过工，学费和生活费都靠母亲每月7000元人民币的收入来出。母亲四处举债，实在拿不出钱，他竟在机场捅了前来接机的母亲9刀。25岁的青年本应自立，靠自己打工解决（或部分解决）留学费用。但他心安理得享受着母亲含辛茹苦提供的温室生活，当母亲拿不出钱，他不念亲恩，那满腔怨恨化作9刀。这个案件让所有父母警醒，不懂感恩的孩子比狼更可怕！！教导孩子学会负责、懂得感恩有多么重要！03当孩子得到了比他们需要多得多的爱，家长则丧失了教育的功能。这些家庭由于种种原因从小对孩子百依百顺，没有任何约束，已经没有能力改变现状了，家长在这些孩子眼中毫无威信，教育效果也就可想而知了。一些孩子对父母的付出无止境的索取，一旦小小的需求得不到满足便不依不饶。还有一些大学生，上几年大学，要花掉家里十多万元，家长们省吃俭用，有的家长不惜举债。然而，很多学生比着买高档服装、手机、名牌鞋袜、电脑等。还有的大学生花高价租赁公寓住，泡网吧、下馆子、花父母的钱，一点也不心疼，仿佛向父母要钱是天经地义的事情，即便是工作了，还有许多年轻人心安理得依靠父母生活着。其实，不让孩子品尝饥饿，他们就不知道食物的价值；不让孩子们品尝寒冷，他们就不知道温暖可贵。不让孩子品尝挫败，他们就不知道成功的艰难。父母对孩子过多关爱实际上是剥夺了他们体验负面经历的机会。他们只有从苦中苦才能去寻找甜中甜。一个懂得感恩的孩子，他会感激别人替他所做的，珍惜他得到的一切，觉得拥有眼前的一切既快乐又幸福。我们做父母的要谨记：如果你不想将孩子培养成“白眼狼”，那就千万不要替孩子做太多，不要助长孩子的受之无愧感，要去教导孩子懂得感恩。04与其全家人围着孩子转,不如高质量地陪伴。在日常生活中，父母应该时刻创造条件启发孩子学会用感激、感恩的心态去面对自己的付出，让孩子先从感恩父母开始，比如让孩子知道父母为自己做事后要说谢谢等，通过这种小的事情、小的情绪让孩子熟悉这种感恩的状态，并最终知道如何表示自己的感恩。感恩之心，是心灵成长的营养剂。通过感恩教育孩子们知道每个人都在享受着别人付出给自己带给的快乐。当孩子们感到他人的善行时，就想到今后自己也应该这样做，这就给孩子一种行为上得暗示，使他们从小知道爱别人、帮助别人。下面 12 篇文章估计你也喜欢↓↓↓110：小学英语：4-6年级重要短语汇总，考试常常出现，速记！111：居然有这么齐全的语文基础复习资料，小学老师的分享，收藏！112：小升初英语1600个词汇分类速记表，收藏起来113：小升初语文综合常识汇总！博学多才，在家也能教！114：小升初易错成语必看，很多孩子都吃过亏115：小升初必备资料：图解奥数七大模块重要知识点！留着当学霸116：小学数学思维导图汇总！117：小升初语文考试实用常识大全，好资料人手一份！118：这50道小升初基础却很有效的奥数题！学霸人手一份，错过可惜！119：小升初应用题宝典，好资料人手一份！建议收藏（上）120：小升初应用题宝典，好资料人手一份！建议收藏（中）121：小升初应用题宝典，好资料人手一份！建议收藏（下）长按下方二维码识别关注，回复文章数字编号，即可阅读。幼儿园 | 幼升小 | 小升初 | 中考 | 高考 | 政策 | 资源 | 育儿文章精选自：网络，未找到初始来源版权声明：我们尊重版权，转载已注明来源，如反对转载，请联系删除。详情请点击版权声明和原创声明。]]></content>
  <author><![CDATA[情报君]]></author>
  <time>2018-11-05 20:16:56</time>
  <account><![CDATA[qingbaojun2016]]></account>
  <image><![CDATA[https://mmbiz.qpic.cn/mmbiz/ianq03UUWGmK4x8wVTdM27HAUGhBg5y42xAib4tJc3zkpIoCicN1cBtFopASyndib8XQvOkBm0fJFPBsHMDQq5pckg/640?wx_fmt=png|https://mmbiz.qpic.cn/mmbiz_png/s59zI0hcxhdRq0iaiaDibL5RLF9ZsJqgRiaP5ds8SlDcgZwQ17jVlvG2jekMObwT7PntiaAm5dClQDur96hicGywyoMA/640?wx_fmt=png|http://mmbiz.qpic.cn/mmbiz_jpg/Ql0PKHN9kBQNRzAsiaILpkuZ0COQjSKASiccFr3pTENQofmW17MoU0HZs6IsEB4tPy7s2064s1NoTHXYdsPmIrVA/640?wx_fmt=jpeg|http://mmbiz.qpic.cn/mmbiz_jpg/Ql0PKHN9kBQNRzAsiaILpkuZ0COQjSKASoibodnmRsmniaFiabAewgMRurDzYeutxCRsHMUQab3Yl06UaiaoSOyD8yA/640?wx_fmt=jpeg|http://mmbiz.qpic.cn/mmbiz_jpg/Ql0PKHN9kBQNRzAsiaILpkuZ0COQjSKASNUHcK3OF45feZnbQbYWnNQsquvDLZibIt7aFtmtib7qCvhNMeWF3HtrA/640?wx_fmt=jpeg|https://mmbiz.qpic.cn/mmbiz/p6Vlqvia1Uicxmfb50jCNmujr5O9ZSnqHusFhkOiaja5CKQVibLicCDQGua5gpDFjaxtnGbAhykoIbQCrJtgs3d05NA/640?wx_fmt=gif|https://mmbiz.qpic.cn/mmbiz_png/ianq03UUWGmK948PfiaiaGnp0sW1xbxW88s4b0UY0roeicvH5U1Hmg0FqtgdJx1n1Gj40e0tSOtbTAgO5GOA50XVhg/640?wx_fmt=png|https://mmbiz.qpic.cn/mmbiz_png/s59zI0hcxhdRq0iaiaDibL5RLF9ZsJqgRiaPXaOcS6pI2aXYOPEjibgY1g1A6w6c4XHTNmLyT3rGQesDTGTzJyBybkg/640?wx_fmt=png|https://mmbiz.qpic.cn/mmbiz_png/6ic0Bp9cTu7qCibybtKVyJrFezgZWXCu4CCXhyicI9pRRFrrAq3S3wWMTfDARgTKIuSn9gOJoHp3GJZ5v1yq1WJOg/640?wx_fmt=png]]></image>
</data>
