<data>
  <id><![CDATA[67610204]]></id>
  <url><![CDATA[https://mp.weixin.qq.com/s?timestamp=1542250462&src=3&ver=1&signature=t1tQuhfvgeQkNOJJwpbIKGrrFmd9WPCxv01TrQaBfwLWUU8Lqxr2SvaHhfgZHnhbsr-XJNJMYg5PUwERU1L0FbLm7lzBQTK1hy7Nuhnrx5X-dyBx8C4ByT7VDj00W6eLCmYQbhs6VGYEhVhXjAa3N32hrXPtUZ2dXZBjkNe2H6Y=]]></url>
  <title><![CDATA[初中化学重点化学方程式和实验动图合集，赶紧收藏！]]></title>
  <content><![CDATA[点击上方↑↑↑情报君↑↑↑关注我们重点化学方程式和实验（根据各种考试出现频率排序）长按识别二维码加入QQ群-“情报君初中家长分享群”（群号：620395486），和大家一起交流预初分班考、初中学习及中考备考经验。群内分享部分资源：下面 10 篇文章估计你也喜欢↓↓↓311：初中数学：基础知识顺口溜，建议收藏312：初中物理所有章节公式、知识点全在这里了！313：初中英语时态用法大集合，99%的学生都收藏了！314：最全初中语文文学常识汇总，连老师都说好！315：初中数学所有公理、定理都在这儿了（附初中数学公式大全）316：21首顺口溜，帮你记住初中英语全部语法！317：初中物理知识点结构图（全）318：中考数学必须掌握的28个考点及60个易错点319：初中语文基础知识大全（值得收藏）320：中考化学能否满分 全靠这篇规律总结长按下方二维码识别关注，回复文章数字编号，即可阅读。幼儿园 | 幼升小 | 小升初 | 中考 | 高考 | 政策 | 资源 | 育儿文章精选自：初中化学（id:chuzhonghuaxue100）版权声明：我们尊重版权，转载已注明来源，如反对转载，请联系删除。详情请点击版权声明和原创声明。]]></content>
  <author><![CDATA[情报君]]></author>
  <time>2018-11-08 19:30:00</time>
  <account><![CDATA[qingbaojun2016]]></account>
  <image><![CDATA[https://mmbiz.qpic.cn/mmbiz/ianq03UUWGmK4x8wVTdM27HAUGhBg5y42xAib4tJc3zkpIoCicN1cBtFopASyndib8XQvOkBm0fJFPBsHMDQq5pckg/640?wx_fmt=png|https://mmbiz.qpic.cn/mmbiz_png/s59zI0hcxhdRq0iaiaDibL5RLF9ZsJqgRiaP5ds8SlDcgZwQ17jVlvG2jekMObwT7PntiaAm5dClQDur96hicGywyoMA/640?wx_fmt=png|http://mmbiz.qpic.cn/mmbiz_png/oLsOC7TkJxNxsmXKZFicliab0txlyiajeIGrKtCKaia8ygrpRoY2VibdPGYMeU5iapX9Gia1UpsHnNvePufRcZicc8QfLw/640?wx_fmt=png|https://mmbiz.qpic.cn/mmbiz/wjm0hwYfn77T3EfpoIDdQmjpFicOiamCAnhwIAZMljYpHhJ7nKEMEbm2dkdPPzogZDoqlEgaUQSv6E8HMZrUSXlw/640?|http://mmbiz.qpic.cn/mmbiz_png/oLsOC7TkJxNxsmXKZFicliab0txlyiajeIGKMiaGsbibqPsO0caHLZP5KyKnwO403ADNZtqs8TtO7XeicyjZ1VEGXOTQ/640?wx_fmt=png|https://mmbiz.qpic.cn/mmbiz/wjm0hwYfn77T3EfpoIDdQmjpFicOiamCAnc460kqY7qyp2pQiaibpvUoIMQtiak1P3GqtA3aibG4icMJbJDsS4u0IsLJA/640?|http://mmbiz.qpic.cn/mmbiz_png/oLsOC7TkJxNxsmXKZFicliab0txlyiajeIGUepNAEy5vDibp8BWUAvtK7ewLlIJJPAj8wI7ChDNJ7qmRHc3Mf74L1Q/640?wx_fmt=png|https://mmbiz.qpic.cn/mmbiz/wjm0hwYfn76dYqnPv5B4bTqJcovgaTndkHeh2drKwZRMRib7KLwRia3SJp7PeEydBgLCdCDvT2jXRacgH4ib9TeUg/640?|http://mmbiz.qpic.cn/mmbiz_png/oLsOC7TkJxNxsmXKZFicliab0txlyiajeIGcAUXiaQSc6vlBWYqiarpibDxxKciblYrQCAfMev2n69xWFfDFicx3C7xXfQ/640?wx_fmt=png|https://mmbiz.qpic.cn/mmbiz/wjm0hwYfn76dYqnPv5B4bTqJcovgaTndHzticjZV69VQibmLibeSqzKDhf5ZaFPMMl8Z04hpuicGbGdK4pWyC97CVA/640?|http://mmbiz.qpic.cn/mmbiz_png/oLsOC7TkJxNxsmXKZFicliab0txlyiajeIGAxerlEy6vKOmy9aFPfX4zw6d8nhjkRMRdBwC8T00cBPjSPhLtXqtSQ/640?wx_fmt=png|https://mmbiz.qpic.cn/mmbiz/wjm0hwYfn76dYqnPv5B4bTqJcovgaTndHzticjZV69VQibmLibeSqzKDhf5ZaFPMMl8Z04hpuicGbGdK4pWyC97CVA/640?|http://mmbiz.qpic.cn/mmbiz_png/oLsOC7TkJxNxsmXKZFicliab0txlyiajeIGlwJXjia9bR18GBExxNt5Pia4xLBwkderoX1yayJg72CljTy1k4gX3WwA/640?wx_fmt=png|https://mmbiz.qpic.cn/mmbiz/wjm0hwYfn77T3EfpoIDdQmjpFicOiamCAnYUquK0sxvucKQ7rFsoJk1e7Zd2nvBsuSIapTF4ZowdjcZV7pxs1h1g/640?|http://mmbiz.qpic.cn/mmbiz_png/oLsOC7TkJxNxsmXKZFicliab0txlyiajeIG4T0c7crsTxJuMuicyKDViaeHKYISHDc2NNBK7qCFHkpeacvISlVeDPZw/640?wx_fmt=png|https://mmbiz.qpic.cn/mmbiz/wjm0hwYfn76dYqnPv5B4bTqJcovgaTndM8LQhgbUTZsyRWMaHicsicbNqaXibaF37uQmEeWbFZmDVaVG0kxnflMmw/640?|http://mmbiz.qpic.cn/mmbiz_png/oLsOC7TkJxNxsmXKZFicliab0txlyiajeIGoGTsUUicEu0RKhhBNSUnnT37qicMwjC8lmJuicB5LOhPlh912pTujkgAg/640?wx_fmt=png|https://mmbiz.qpic.cn/mmbiz/wjm0hwYfn77T3EfpoIDdQmjpFicOiamCAnVFHzEprHxmDdPQnYTDaKwzO5LXYI505YLzmHDQudj03E1ia8MJKU0NQ/640?|http://mmbiz.qpic.cn/mmbiz_png/oLsOC7TkJxNxsmXKZFicliab0txlyiajeIGm2niaukxQZqiahlGhcTJqOV2QpD0Of6UvqIpyDZqRj7pO9f7Q4VLerIQ/640?wx_fmt=png|https://mmbiz.qpic.cn/mmbiz/wjm0hwYfn76dYqnPv5B4bTqJcovgaTndzSP4zq3AaicVgcQaytaB7vFm94QByAyakUlWqHUb8ML4DNffScZkiaPg/640?|http://mmbiz.qpic.cn/mmbiz_png/oLsOC7TkJxNxsmXKZFicliab0txlyiajeIGPOLPljqVqgaqYpxMOLzC7Hv6dbj2vBDaXh92yKjpDhDKYZsJ35L8mg/640?wx_fmt=png|https://mmbiz.qpic.cn/mmbiz/wjm0hwYfn76dYqnPv5B4bTqJcovgaTndrbCtss3c8nkEj4nYDHdlqtbsuPJkOMxXZ2ialGtVGmAQhXwubBUPhGA/640?|http://mmbiz.qpic.cn/mmbiz_png/oLsOC7TkJxNxsmXKZFicliab0txlyiajeIGfpECYhVz036GO7d28K8V2ibCwXMrxQJwD6LqemljIytSt3pV5skQ2cg/640?wx_fmt=png|https://mmbiz.qpic.cn/mmbiz/wjm0hwYfn76dYqnPv5B4bTqJcovgaTndB8Ty2REDAf6ibiahOic8YaMmIx7hib7eWr0tEEWUkpwWJL2YcWrZXrZuFg/640?|http://mmbiz.qpic.cn/mmbiz_png/oLsOC7TkJxNxsmXKZFicliab0txlyiajeIGp2eiaosL2ib8ye4A2A03BKF5YAzSDmKrtXQglFbOH6U08W5ic9Dv85IxQ/640?wx_fmt=png|https://mmbiz.qpic.cn/mmbiz/wjm0hwYfn76dYqnPv5B4bTqJcovgaTndM8LQhgbUTZsyRWMaHicsicbNqaXibaF37uQmEeWbFZmDVaVG0kxnflMmw/640?|http://mmbiz.qpic.cn/mmbiz_png/oLsOC7TkJxNxsmXKZFicliab0txlyiajeIGAJiaG8CQCv5mG5UejDXibaicecyEVRicGhLqj6GB3cWgJgG6FSkz9j16HQ/640?wx_fmt=png|https://mmbiz.qpic.cn/mmbiz_gif/oLsOC7TkJxNxsmXKZFicliab0txlyiajeIGkvsksMn2dPMwdRKicrmCxIw9xxHuJusgfNx8NAmExGvhCJzNMfTW4eQ/640?wx_fmt=gif|http://mmbiz.qpic.cn/mmbiz_png/oLsOC7TkJxNxsmXKZFicliab0txlyiajeIGn7BhQfSLKnOYTjklMUVLrmekPQKSfNibqkfgKia85sv0gg2T8qtlbP9Q/640?wx_fmt=png|https://mmbiz.qpic.cn/mmbiz/wjm0hwYfn76dYqnPv5B4bTqJcovgaTnda7xVyZ3W8zOJzAia7fDN9V040sNBA837lp2swnXb5ibWxKzh21Wic5kVw/640?|http://mmbiz.qpic.cn/mmbiz_png/oLsOC7TkJxNxsmXKZFicliab0txlyiajeIGtRGIRcUsDQd7ICybLfXsDuZNoUJfVGHz7YzOoDh5HF7HhdZ6wZKO5w/640?wx_fmt=png|https://mmbiz.qpic.cn/mmbiz/wjm0hwYfn76dYqnPv5B4bTqJcovgaTndN0uYOZGia7694rTL1YDJCQgRkejIicrGPibTXB3anIlKRC6txo2r64sJQ/640?|http://mmbiz.qpic.cn/mmbiz_png/oLsOC7TkJxNxsmXKZFicliab0txlyiajeIGRyiaibegRw1J8MF0t4QWbcEUD8LKibTW5V8t3nRMZXYLoD1vbzG1jbA2A/640?wx_fmt=png|https://mmbiz.qpic.cn/mmbiz/wjm0hwYfn76dYqnPv5B4bTqJcovgaTndcFdAuX5SezyHEy83vzPUOKuFCqPtH3eUvyQp3uob1SKSHyR3BN8yuw/640?|http://mmbiz.qpic.cn/mmbiz_png/oLsOC7TkJxNxsmXKZFicliab0txlyiajeIGibpVWasEGicoggGA6lNjBSA7QPI6OVq4LukoKGTycWjDheoaxaCJ6QBg/640?wx_fmt=png|https://mmbiz.qpic.cn/mmbiz/wjm0hwYfn77T3EfpoIDdQmjpFicOiamCAnbgvByx1KCcNLBlm6nebz4VLAtpgC8RwpqYuKkykGGWyMic8ZlZUUvoQ/640?|http://mmbiz.qpic.cn/mmbiz_png/oLsOC7TkJxNxsmXKZFicliab0txlyiajeIGVGqCPL3jMxDV9soaicwylnw61aEGaTzibcAnaPskbm2tUcYfGQEjmDkQ/640?wx_fmt=png|https://mmbiz.qpic.cn/mmbiz/wjm0hwYfn77T3EfpoIDdQmjpFicOiamCAnzUkoFAyDCYm63SfBibvCLEBstSNae7f6SEyMBdxrDWdnmzpgjiaQPHxw/640?|http://mmbiz.qpic.cn/mmbiz_png/oLsOC7TkJxNxsmXKZFicliab0txlyiajeIGVKZq6qFAT6vFCfyibudopibjPCv1SM5LXFqpE3xmrdIibeGeKJOicGgIcQ/640?wx_fmt=png|https://mmbiz.qpic.cn/mmbiz/wjm0hwYfn77T3EfpoIDdQmjpFicOiamCAn0lviaHqzRhux1QhlONuVImRCZ0lXnyNJ1IDNdPuxt2nkCVc0hicvkDlg/640?|http://mmbiz.qpic.cn/mmbiz_png/oLsOC7TkJxNxsmXKZFicliab0txlyiajeIGJVTRSic9kRUQykgYaQX1T09XDI3Y8QpticZaoStj0af4JsZx42U1lYHQ/640?wx_fmt=png|https://mmbiz.qpic.cn/mmbiz_gif/oLsOC7TkJxNxsmXKZFicliab0txlyiajeIGicM4jsyXcFcFCjjg3ib5WVHK3Mn9woxUbU0vicWyl58EMD5MLSiaDyjUtA/640?wx_fmt=gif|https://mmbiz.qpic.cn/mmbiz/p6Vlqvia1Uicxmfb50jCNmujr5O9ZSnqHusFhkOiaja5CKQVibLicCDQGua5gpDFjaxtnGbAhykoIbQCrJtgs3d05NA/640?wx_fmt=gif|https://mmbiz.qpic.cn/mmbiz_png/s59zI0hcxhdYOTSmmsYrGTkheduSgHE2VzzzTKFrs0k8C9rv37XQcNzwIpdrmmsAZfpe7xlLRjUg0m5ZhicgXwA/640?wx_fmt=png|https://mmbiz.qpic.cn/mmbiz_png/s59zI0hcxhdYOTSmmsYrGTkheduSgHE23ibc9zoPNGMGLS3p35sGjhzfWnosYxEwqRFQkoanXzQwey7oticXYqVw/640?wx_fmt=png|https://mmbiz.qpic.cn/mmbiz_png/ianq03UUWGmK948PfiaiaGnp0sW1xbxW88s4b0UY0roeicvH5U1Hmg0FqtgdJx1n1Gj40e0tSOtbTAgO5GOA50XVhg/640?wx_fmt=png|https://mmbiz.qpic.cn/mmbiz_png/s59zI0hcxhdRq0iaiaDibL5RLF9ZsJqgRiaPXaOcS6pI2aXYOPEjibgY1g1A6w6c4XHTNmLyT3rGQesDTGTzJyBybkg/640?wx_fmt=png|https://mmbiz.qpic.cn/mmbiz_png/6ic0Bp9cTu7qCibybtKVyJrFezgZWXCu4CCXhyicI9pRRFrrAq3S3wWMTfDARgTKIuSn9gOJoHp3GJZ5v1yq1WJOg/640?wx_fmt=png]]></image>
</data>
