<data>
  <id><![CDATA[67610204]]></id>
  <url><![CDATA[https://mp.weixin.qq.com/s?timestamp=1542250462&src=3&ver=1&signature=t1tQuhfvgeQkNOJJwpbIKGrrFmd9WPCxv01TrQaBfwLWUU8Lqxr2SvaHhfgZHnhbsr-XJNJMYg5PUwERU1L0FZk4xW*g1Ph0pCzY6VgIhIaP-x0NuwNX0JUQJZ9YhqdpKTS4zURm*JKUUBQxN7PBedgpzRiv*IWevjDi2NxfGco=]]></url>
  <title><![CDATA[教育好自己的孩子，是你最重要的事业（此文已火！）]]></title>
  <content><![CDATA[点击上方↑↑↑情报君↑↑↑关注我们1、老师不能保证你孩子良好的品行一个人无论成绩好坏与否，品行是关键！道德可以弥补能力的缺陷，而能力却难以掩盖道德的缺陷。但是，孩子的品行很大程度上与他的家教有关。老师只是传道授业解惑者，家长却是孩子一生的影响者。父母的言传身教永远大于老师45分钟的课堂教育。因此，想要让孩子有良好的品行，家庭教育才是关键！2、孩子良好的习惯来源于你麻将桌旁、电视机前长大的孩子肯定和爱看书的家长教育出来的孩子，差别很大。这就是为什么很多家长边看电视边督促孩子认真读书时，收到的往往是强烈的逆反心理。他们也不想想，自己都做不到的事情，怎么能强迫孩子做到呢？积极进取、有良好生活习惯的父母养育出来的孩子，大多数都是热爱学习、能够合理安排自己时间的小大人儿，父母在教育上会省很多心。所以，当你百思不得其解孩子为什么有那么多坏毛病时，先好好检讨一下自己，也许就会找到根源所在。3、孩子读书的兴趣需要从小培养很多家长埋怨自己的孩子不爱学习、不爱看书，但是却没有扪心自问一下，自己是否爱看书呢？孩子读书的兴趣是从小培养的，两三岁的孩子就该开始读书了，而不是等到了学校之后，让老师培养你家孩子读书的习惯。你家里的书多，孩子就读得多；父母起到好的表率作用，孩子就会效仿。反之，孩子只能模仿你做别的事情。是否从小阅读的差距，会在以后的知识层面、认知能力以及写作水平上表现出来。4、老师不能总是帮你培养孩子的意志老师更多教给孩子的是课本知识，而良好的生活习惯、做人的道理、坚强的意志，这些都要靠父母去培养。如果你忽略了，那你的孩子也许成绩很好，但是意志薄弱，受不得半点挫折。所以，情商教育也很重要。5、老师给不了你孩子长久的幸福感一个人所在的原生态家庭对他一生的影响都很大，夫妻恩爱，家庭和谐，在充满爱的环境里长大的孩子，注定要比家庭不健全，或者在整日吵闹的家庭里成长的孩子要心里阳光很多。而这个是老师给不了的，却能决定孩子的一生！总结一个好的老师，或许能够影响孩子三年五年，但是家长的影响力却是一辈子的！孩子不是老师的，是你的，家长永远是孩子的第一任老师，也是孩子永远的榜样。所以，请做个称职的父母！说一千道一万，你的孩子只是老师N个学生中的一个，教育你的孩子也只是老师工作的一部分而已。但你不一样，孩子是你的唯一，教育好自己的孩子，永远是你最重要的事业。今日推荐阅读1、谁说小学奥数题难，31个题型赶紧给你的孩子（可查看情报君今日推送的第二篇文章）2、初中语文古诗词知识全汇总，太强了，快为孩子转发！（可查看情报君今日推送的第三篇文章）3、高中化学59个量变引起质变的化学方程式！转发收藏！（可查看情报君今日推送的第四篇文章长按识别二维码加入QQ群-“情报君初中家长分享群”（群号：620395486），和大家一起交流预初分班考、初中学习及中考备考经验。群内分享部分资源：下面这些文章估计你也喜欢↓↓↓110：小学英语：4-6年级重要短语汇总，考试常常出现，速记！111：居然有这么齐全的语文基础复习资料，小学老师的分享，收藏！112：小升初英语1600个词汇分类速记表，收藏起来113：小升初语文综合常识汇总！博学多才，在家也能教！114：小升初易错成语必看，很多孩子都吃过亏115：小升初必备资料：图解奥数七大模块重要知识点！留着当学霸116：小学数学思维导图汇总！117：小升初语文考试实用常识大全，好资料人手一份！118：这50道小升初基础却很有效的奥数题！学霸人手一份，错过可惜！119：小升初应用题宝典，好资料人手一份！建议收藏（上）120：小升初应用题宝典，好资料人手一份！建议收藏（中）121：小升初应用题宝典，好资料人手一份！建议收藏（下）311：初中数学：基础知识顺口溜，建议收藏312：初中物理所有章节公式、知识点全在这里了！313：初中英语时态用法大集合，99%的学生都收藏了！314：最全初中语文文学常识汇总，连老师都说好！315：初中数学所有公理、定理都在这儿了（附初中数学公式大全）316：21首顺口溜，帮你记住初中英语全部语法！317：初中物理知识点结构图（全）318：中考数学必须掌握的28个考点及60个易错点319：初中语文基础知识大全（值得收藏）320：中考化学能否满分 全靠这篇规律总结511：【高中物理】刷一千道题不如搞明白这些动图！512：高中英语全部知识体系结构图汇总513：高中语文背诵名句汇总，强力收藏！514：最全的高中化学思维导图，赶快收起来515：高中英语所有语法专题大汇总，还不收了吗？516：高中数学最全的思维导图（记得收藏）517：高中数学所有公式+考点难度超级合集！献给所有高考生！518：高中物理易错题100题附答案，太经典了！519：囊括了整个高中数学知识的8张图，助你高考拿高分！520：高中英语句型最全归纳，重磅来袭长按下方二维码识别关注，回复文章数字编号，即可阅读。幼儿园 | 幼升小 | 小升初 | 中考 | 高考 | 政策 | 资源 | 育儿文章精选自：人民日报（id:rmrbwx）版权声明：我们尊重版权，转载已注明来源，如反对转载，请联系删除。详情请点击版权声明和原创声明。]]></content>
  <author><![CDATA[情报君]]></author>
  <time>2018-11-06 20:33:04</time>
  <account><![CDATA[qingbaojun2016]]></account>
  <image><![CDATA[http://mmbiz.qpic.cn/mmbiz/ianq03UUWGmK4x8wVTdM27HAUGhBg5y42xAib4tJc3zkpIoCicN1cBtFopASyndib8XQvOkBm0fJFPBsHMDQq5pckg/0?wx_fmt=png|http://mmbiz.qpic.cn/mmbiz_png/s59zI0hcxhdRq0iaiaDibL5RLF9ZsJqgRiaP5ds8SlDcgZwQ17jVlvG2jekMObwT7PntiaAm5dClQDur96hicGywyoMA/0?wx_fmt=png|http://mmbiz.qpic.cn/mmbiz_jpg/9ibILtjuz6qB1rBHQrIlFmRVcib8oy2Evju9XPPz0bxXqjgGW38SMWOFqqYwQ2pokHibDpZcFKYJ8zH0znyl3NBWw/640?|http://mmbiz.qpic.cn/mmbiz_jpg/9ibILtjuz6qB1rBHQrIlFmRVcib8oy2EvjKht9qicxUSO1nJY8QPmiaiacQRtaJmJc3cHZemtAO9ewKRry5v112iaOUA/640?|http://mmbiz.qpic.cn/mmbiz_jpg/9ibILtjuz6qB1rBHQrIlFmRVcib8oy2EvjZ5nhoEH6DLpYebxoH2ABHXcYH7zzsO52LPuxqyj3FMib1UwVBBZMmNw/640?|http://mmbiz.qpic.cn/mmbiz/p6Vlqvia1Uicxmfb50jCNmujr5O9ZSnqHusFhkOiaja5CKQVibLicCDQGua5gpDFjaxtnGbAhykoIbQCrJtgs3d05NA/0?wx_fmt=gif|http://mmbiz.qpic.cn/mmbiz_png/s59zI0hcxhdYOTSmmsYrGTkheduSgHE2VzzzTKFrs0k8C9rv37XQcNzwIpdrmmsAZfpe7xlLRjUg0m5ZhicgXwA/640?wx_fmt=png|http://mmbiz.qpic.cn/mmbiz_png/s59zI0hcxhdYOTSmmsYrGTkheduSgHE23ibc9zoPNGMGLS3p35sGjhzfWnosYxEwqRFQkoanXzQwey7oticXYqVw/640?wx_fmt=png|http://mmbiz.qpic.cn/mmbiz_png/ianq03UUWGmK948PfiaiaGnp0sW1xbxW88s4b0UY0roeicvH5U1Hmg0FqtgdJx1n1Gj40e0tSOtbTAgO5GOA50XVhg/640?wx_fmt=png|http://mmbiz.qpic.cn/mmbiz_png/s59zI0hcxhdRq0iaiaDibL5RLF9ZsJqgRiaPXaOcS6pI2aXYOPEjibgY1g1A6w6c4XHTNmLyT3rGQesDTGTzJyBybkg/640?wx_fmt=png|https://mmbiz.qpic.cn/mmbiz_png/6ic0Bp9cTu7qCibybtKVyJrFezgZWXCu4CCXhyicI9pRRFrrAq3S3wWMTfDARgTKIuSn9gOJoHp3GJZ5v1yq1WJOg/0?wx_fmt=png]]></image>
</data>
