<data>
  <id><![CDATA[67610204]]></id>
  <url><![CDATA[https://mp.weixin.qq.com/s?timestamp=1542250462&src=3&ver=1&signature=t1tQuhfvgeQkNOJJwpbIKGrrFmd9WPCxv01TrQaBfwLWUU8Lqxr2SvaHhfgZHnhbsr-XJNJMYg5PUwERU1L0FbLm7lzBQTK1hy7Nuhnrx5VZAx-LpqOEfi5YT97I8zECyTZ09Ktz9hXnn4*HofmwlsVCh8Z02jxQtuAo8lYFArI=]]></url>
  <title><![CDATA[高中物理各种性质力大汇总都是高频考点！]]></title>
  <content><![CDATA[点击上方↑↑↑情报君↑↑↑关注我们高考理综的物理部分，力学所占的比重很高，也是考生们比较容易丢分的知识点。下面我们分享一些物理高考中必考的性质力，让大家更全面的了解性质力。1、重力由于地球的吸引而使物体受到的力叫做重力。物体受到的重力G与物体质量m的关系是G=mg，g称为重力加速度或自由落体加速度，与物体所处位置的高低和纬度有关。重力的方向竖直向下，在南北极或赤道上指向地心。物体各部分受到重力的等效作用点叫做重心，重心位置与物体的形状和质量分布有关。2、万有引力存在于自然界任何两个物体之间的力。万有引力F与两个物体的质量m1 、m2和它们之间距离r的关系是，G称为引力常量，适用于任何两个物体，其大小通常取。 万有引力的方向在两物体的连线上。3、弹力发生弹性形变的物体，由于要恢复原状而对与它接触的物体产生的力。弹簧的弹力F与其形变量x之间的关系是F=kx，k称为弹簧的劲度系数，单位为N/m，与弹簧的长短、粗细、材料和横截面积等因素有关。弹力的方向与形变的方向相反。弹簧都有弹性限度，超过弹性限度后，前述力与形变量的关系不再成立。4、静摩擦力两个相互接触的物体，当它们发生相对运动或具有相对运动的趋势时，在接触面产生阻碍相对运动或相对运动趋势的力叫做摩擦力。当两个物体间只有相对运动的趋势，而没有相对运动，这时的摩擦力叫做静摩擦力。两个物体间的静摩擦力有一个限度，两个物体刚刚开始相对运动时，它们之间的摩擦力称为最大静摩擦力。两个物体间实际发生的静摩擦力F在0和最大静摩擦力Fmax之间。静摩擦力的方向总是沿着接触面，并且跟物体相对运动趋势的方向相反。5、滑动摩擦力当一个物体在另一个物体表面滑动时，受到另一个物体阻碍它滑动的力。滑动摩擦力的大小跟压力（两个物体表面间的垂直作用力）成正比。滑动摩擦力f与压力FN之间的关系是f=uFN，u称为动摩擦因数，与相互接触的两个物体的材料、接触面的情况有关。滑动摩擦力的方向总是沿着接触面，并且跟物体的相对运动方向相反。6、静电力静止的点电荷之间的力。静电力F与两个点电荷q1、q2和它们之间的距离r的关系是，k称为静电力常量，其大小为。两个点电荷带同种电荷时，它们之间的作用力为斥力；两个点电荷带异种电荷时，它们之间的作用力为引力。静电力也称库仑力。7、电场力试探电荷（带电体）在电场中受到的力。电场力F与试探电荷的电荷量q之间的关系是F=Eq，E称为电场强度，大小由电场本身决定，方向与正电荷所受电场力的方向相同，其单位为N/C。8、安培力通电导线在磁场中受到的力。当直导线与匀强磁场方向垂直时，导线所受安培力F与导线中电流强度I，导线的长度L，磁感应强度B之间的关系是F=BIL。安培力的方向可由左手定则确定。9、洛伦兹力带电粒子在磁场中运动时受到的力。当粒子运动的方向与磁感应强度方向垂直时，粒子所受的洛伦兹力与粒子的电荷量q，粒子运动的速度v，磁感应强度B之间的关系是F=qvB。安培力的方向可由左手定则确定。安培力是大量带电粒子所受洛伦兹力的宏观表现。10、分子力存在于分子间的作用力。分子力比较复杂，分子间同时存在着引力和斥力，当分子间距离为r0时，引力与斥力的合力为0，当r>r0时合力表现为引力，r<r0当时合力表现为斥力，分子间的引力和斥力都随分子间距离的增大而减小。< p=“”>11、核力存在于原子核内核子之间的一种力。核力是强相互作用的一种表现，在原子核尺度内，核力比库仑力大的多；核力是短程力，作用范围在之内。总结重力的本质是万有引力，是物体和地球之间万有引力的具体化，若不考虑地球自转的影响，地面上的物体所受的重力等于地球对物体的引力。弹力、摩擦力、静电力、电场力、安培力、洛伦兹力的本质是电磁相互作用。核力是一种强相互作用。还有一种基本相互作用称为弱相互作用，弱相互作用与放射现象有关。四种基本相互作用构筑了力的体系。长按识别二维码加入QQ群-“情报君初中家长分享群”（群号：620395486），和大家一起交流预初分班考、初中学习及中考备考经验。群内分享部分资源：下面 10 篇文章估计你也喜欢↓↓↓311：初中数学：基础知识顺口溜，建议收藏312：初中物理所有章节公式、知识点全在这里了！313：初中英语时态用法大集合，99%的学生都收藏了！314：最全初中语文文学常识汇总，连老师都说好！315：初中数学所有公理、定理都在这儿了（附初中数学公式大全）316：21首顺口溜，帮你记住初中英语全部语法！317：初中物理知识点结构图（全）318：中考数学必须掌握的28个考点及60个易错点319：初中语文基础知识大全（值得收藏）320：中考化学能否满分 全靠这篇规律总结长按下方二维码识别关注，回复文章数字编号，即可阅读。幼儿园 | 幼升小 | 小升初 | 中考 | 高考 | 政策 | 资源 | 育儿文章精选自：高考网版权声明：我们尊重版权，转载已注明来源，如反对转载，请联系删除。详情请点击版权声明和原创声明。]]></content>
  <author><![CDATA[情报君]]></author>
  <time>2018-11-08 19:30:00</time>
  <account><![CDATA[qingbaojun2016]]></account>
  <image><![CDATA[https://mmbiz.qpic.cn/mmbiz/ianq03UUWGmK4x8wVTdM27HAUGhBg5y42xAib4tJc3zkpIoCicN1cBtFopASyndib8XQvOkBm0fJFPBsHMDQq5pckg/640?wx_fmt=png|https://mmbiz.qpic.cn/mmbiz_png/s59zI0hcxhdRq0iaiaDibL5RLF9ZsJqgRiaP5ds8SlDcgZwQ17jVlvG2jekMObwT7PntiaAm5dClQDur96hicGywyoMA/640?wx_fmt=png|https://mmbiz.qpic.cn/mmbiz/p6Vlqvia1Uicxmfb50jCNmujr5O9ZSnqHusFhkOiaja5CKQVibLicCDQGua5gpDFjaxtnGbAhykoIbQCrJtgs3d05NA/640?wx_fmt=gif|https://mmbiz.qpic.cn/mmbiz_png/s59zI0hcxhdYOTSmmsYrGTkheduSgHE2VzzzTKFrs0k8C9rv37XQcNzwIpdrmmsAZfpe7xlLRjUg0m5ZhicgXwA/640?wx_fmt=png|https://mmbiz.qpic.cn/mmbiz_png/s59zI0hcxhdYOTSmmsYrGTkheduSgHE23ibc9zoPNGMGLS3p35sGjhzfWnosYxEwqRFQkoanXzQwey7oticXYqVw/640?wx_fmt=png|https://mmbiz.qpic.cn/mmbiz_png/ianq03UUWGmK948PfiaiaGnp0sW1xbxW88s4b0UY0roeicvH5U1Hmg0FqtgdJx1n1Gj40e0tSOtbTAgO5GOA50XVhg/640?wx_fmt=png|https://mmbiz.qpic.cn/mmbiz_png/s59zI0hcxhdRq0iaiaDibL5RLF9ZsJqgRiaPXaOcS6pI2aXYOPEjibgY1g1A6w6c4XHTNmLyT3rGQesDTGTzJyBybkg/640?wx_fmt=png|https://mmbiz.qpic.cn/mmbiz_png/6ic0Bp9cTu7qCibybtKVyJrFezgZWXCu4CCXhyicI9pRRFrrAq3S3wWMTfDARgTKIuSn9gOJoHp3GJZ5v1yq1WJOg/640?wx_fmt=png]]></image>
</data>
