<data>
  <id><![CDATA[67610204]]></id>
  <url><![CDATA[https://mp.weixin.qq.com/s?timestamp=1542250462&src=3&ver=1&signature=t1tQuhfvgeQkNOJJwpbIKGrrFmd9WPCxv01TrQaBfwLWUU8Lqxr2SvaHhfgZHnhbsr-XJNJMYg5PUwERU1L0FYLhZ2-QtmdlyjRxu-evg9voA3jdBRwx6xdp5*BcEo5KVLZNDWPkjMdxB1*zYbYfBBXpvP427g8kiWvmoBAf6zM=]]></url>
  <title><![CDATA[2018年中考：初中数学公式大全！]]></title>
  <content><![CDATA[点击上方↑↑↑情报君↑↑↑关注我们中考到来，家长不要再给孩子太多的压力，孩子需要更多的是陪伴。可以试着给孩子提供更多的知识，今天带来的是中考数学公式大全，家长们快收藏给孩子看看吧！（点击图片可放大查看）幼儿园 | 幼升小 | 小升初 | 中考 | 高考 | 政策 | 资源 | 育儿文章精选自：初中数学（id:chuzhong-shuxue）版权声明：我们尊重版权，转载已注明来源，如反对转载，请联系删除。详情请点击版权声明和原创声明。]]></content>
  <author><![CDATA[情报君]]></author>
  <time>2018-11-05 20:16:56</time>
  <account><![CDATA[qingbaojun2016]]></account>
  <image><![CDATA[https://mmbiz.qpic.cn/mmbiz/ianq03UUWGmK4x8wVTdM27HAUGhBg5y42xAib4tJc3zkpIoCicN1cBtFopASyndib8XQvOkBm0fJFPBsHMDQq5pckg/640?wx_fmt=png|https://mmbiz.qpic.cn/mmbiz_png/s59zI0hcxhdRq0iaiaDibL5RLF9ZsJqgRiaP5ds8SlDcgZwQ17jVlvG2jekMObwT7PntiaAm5dClQDur96hicGywyoMA/640?wx_fmt=png|http://mmbiz.qpic.cn/mmbiz_jpg/pAI2e3VKusiaJfFLI5R1BTmrYaiac6KwNjNlmKiaqibjvqBJ9OGwhIyCI81Kib6KBncofALiblca4J7wIxvbKaxrzxeA/640?|http://mmbiz.qpic.cn/mmbiz_jpg/pAI2e3VKusiaJfFLI5R1BTmrYaiac6KwNjWw5vQ1uQykPZdh86sMIxkdUHL7lZU5oy2GZeDBNZl3tg4mpzXiaQszA/640?|http://mmbiz.qpic.cn/mmbiz_jpg/pAI2e3VKusiaJfFLI5R1BTmrYaiac6KwNjWNAgE9FyMmZFDaOVbHHXepiaJB7m5FVVT2icYrEvpzcw6iccu4bJ9dO4Q/640?|http://mmbiz.qpic.cn/mmbiz_jpg/pAI2e3VKusiaJfFLI5R1BTmrYaiac6KwNjbQlXXPvnahIqhnLyBcjib6NIr6C5Evj5zBzRhPgrD7ckORXtmUCQoLA/640?|http://mmbiz.qpic.cn/mmbiz_jpg/pAI2e3VKusiaJfFLI5R1BTmrYaiac6KwNjEpIMoMbLicC4ZlODibPZe179cKPWgFbA4x7Hib1X06xbfES5MXicW9swGA/640?|http://mmbiz.qpic.cn/mmbiz_jpg/pAI2e3VKusiaJfFLI5R1BTmrYaiac6KwNjZ0GJRnja1CE4X8EpMXY9xk4ywAL75HvIydkzYEB1RxdsQ6BbxNsnAg/640?|http://mmbiz.qpic.cn/mmbiz_jpg/pAI2e3VKusiaJfFLI5R1BTmrYaiac6KwNjicWfcUyNzmJrq3PicW1RDj4l8btQmQLwe3Ef3BELd82ws5D16iavkImxA/640?|http://mmbiz.qpic.cn/mmbiz_jpg/pAI2e3VKusiaJfFLI5R1BTmrYaiac6KwNj4YIFEnItSm4hmSmIMShlTPD5aRHJLalALuByhibspcJ4sFG3oGwZ4yQ/640?|https://mmbiz.qpic.cn/mmbiz_png/ianq03UUWGmK948PfiaiaGnp0sW1xbxW88s4b0UY0roeicvH5U1Hmg0FqtgdJx1n1Gj40e0tSOtbTAgO5GOA50XVhg/640?wx_fmt=png|https://mmbiz.qpic.cn/mmbiz_png/s59zI0hcxhdRq0iaiaDibL5RLF9ZsJqgRiaPXaOcS6pI2aXYOPEjibgY1g1A6w6c4XHTNmLyT3rGQesDTGTzJyBybkg/640?wx_fmt=png|https://mmbiz.qpic.cn/mmbiz_png/6ic0Bp9cTu7qCibybtKVyJrFezgZWXCu4CCXhyicI9pRRFrrAq3S3wWMTfDARgTKIuSn9gOJoHp3GJZ5v1yq1WJOg/640?wx_fmt=png]]></image>
</data>
