<data>
  <id><![CDATA[67610204]]></id>
  <url><![CDATA[https://mp.weixin.qq.com/s?timestamp=1542250462&src=3&ver=1&signature=t1tQuhfvgeQkNOJJwpbIKGrrFmd9WPCxv01TrQaBfwLWUU8Lqxr2SvaHhfgZHnhbsr-XJNJMYg5PUwERU1L0FdGWEP4065-ZeWwn6AxpF5uba4Y8P1kBa4bnvNPhMn9X2jcUFR10bC-Rb0oBP4-3kisM851Sqvs-KhH1Fq7cKWY=]]></url>
  <title><![CDATA[整个朋友圈都在“送儿送女”，还搭上了车房，未来亲家你找到了吗？]]></title>
  <content><![CDATA[点击上方↑↑↑情报君↑↑↑关注我们文章精选自：上海百分百（id:iknow-021）、央视新闻（Id cctvnewscenter）及上海升学攻略（id:shsx1314）最近打开手机，发现整个朋友圈都在“卖儿卖女”，而且是砸锅卖铁式的疯狂大甩卖，怎么回事？“卖女儿”版：“卖女儿”的版本一出，家里有儿子的妈妈也坐不住了，立马“甩卖儿子”，而且“促销力度”更大！这些孩子还都多才多艺，保险、彩礼样样齐全，家长保证将来配车配房，就差个辅导作业、接送培训班的未来亲家了。哈哈哈哈哈哈！这些父母的求生欲真的也是很强了！网友们纷纷表示：辅导作业确实太累了！时时刻刻要崩溃！辅导孩子作业这项任务，已经成了当代家长们的日常压力。有家长吼到崩溃、叫儿子爷叔，也有家长一怒之下，中中中...中风了一刚！房子彩礼还都只是要钱，辅导娃作业可是要命啊！在这么“危险”的工作面前，仍有勇士家长表示，每天雷打不动辅导三四个小时作业，辅导一个和两个没什么区别。然而，马上就有网友进行劝阻，这是一个圈套！100万彩礼都不够上补习班的。▼毕竟在读书的小孩都是“大型碎钞机”不仅碎钞票，还碎时间，碎精力个中辛苦只有自己才知道啊！毕竟小孩子写作业全靠想象力，不按我们大人的正常思路来！不过有时候看看也挺对的哈哈哈哈！不信你看 ▽有时候甚至还能道出真谛！“哝，你瞧这肚子！”“让猪来接我”猪内心：让我接就接，没面子的陪娃做作业 堪称一门“技术活”陪孩子做作业，辅导功课，一些高明的家长甚至为此摸出了一系列门道，有人感慨：“陪孩子写作业，是现代家长必须有的‘技术活’。”一位妈妈说自己陪娃做作业，不会死死盯着孩子看，跟孩子保持一定的距离，让他有一定的自由度。“他写作业，我看书，有时孩子有点坐不住，看我很认真，他也会静下来，父母一言一行对孩子都是示范。”还有家长制作提醒卡片，贴在书桌上——“仔细读题，认真书写”，时刻提醒孩子。不少家长在陪娃做作业的时候，对自己也提出明确的要求，要有针对性地指导，控制好辅导时间，稳定情绪，一旦生气，先冷静一分钟，再跟娃对话。还有重要的一条：陪娃写作业，一定要以身作则，坚决不刷手机。老师提醒一位老师提醒：父母不要全程守在孩子身边，陪孩子做作业，特别是三年级后的孩子，在这样的氛围下，会让孩子丧失独立思考能力，有的孩子会认为作业是给大人完成的。身边如果有一位“追求完美”的父母，孩子很难专注写作业，这些孩子更多的是观察父母的反应。一位班主任说，有的家长在这方面做得比较好，他们对孩子要求非常明确，做作业时，孩子不能说话、不能上厕所、不能吃东西、不做小动作。为了保证准确率，每项作业必须要孩子进行自我检查，在书写上，要求端正、干净，用计时作业的办法改掉孩子磨蹭的习惯。生活不止是眼前的作业更有孩子的快乐成长一起加油！长按识别二维码加入QQ群-“情报君初中家长分享群”（群号：620395486），和大家一起交流预初分班考、初中学习及中考备考经验。群内分享部分资源：今日推荐阅读1、小学数学概念、公式大汇总！（可查看情报君今日推送的第二篇文章）2、中考英语重点语法辨析 ，名词、冠词、代词、动词的考点都在这里了！（可查看情报君今日推送的第三篇文章）3、高考语文古诗词鉴赏解题技巧汇总， 建议收藏！（可查看情报君今日推送的第四篇文章）下面 12 篇文章估计你也喜欢↓↓↓110：小学英语：4-6年级重要短语汇总，考试常常出现，速记！111：居然有这么齐全的语文基础复习资料，小学老师的分享，收藏！112：小升初英语1600个词汇分类速记表，收藏起来113：小升初语文综合常识汇总！博学多才，在家也能教！114：小升初易错成语必看，很多孩子都吃过亏115：小升初必备资料：图解奥数七大模块重要知识点！留着当学霸116：小学数学思维导图汇总！117：小升初语文考试实用常识大全，好资料人手一份！118：这50道小升初基础却很有效的奥数题！学霸人手一份，错过可惜！119：小升初应用题宝典，好资料人手一份！建议收藏（上）120：小升初应用题宝典，好资料人手一份！建议收藏（中）121：小升初应用题宝典，好资料人手一份！建议收藏（下）长按下方二维码识别关注，回复文章数字编号，即可阅读。幼儿园 | 幼升小 | 小升初 | 中考 | 高考 | 政策 | 资源 | 育儿版权声明：我们尊重版权，转载已注明来源，如反对转载，请联系删除。详情请点击版权声明和原创声明。]]></content>
  <author><![CDATA[情报君]]></author>
  <time>2018-11-12 19:46:05</time>
  <account><![CDATA[qingbaojun2016]]></account>
  <image><![CDATA[https://mmbiz.qpic.cn/mmbiz/ianq03UUWGmK4x8wVTdM27HAUGhBg5y42xAib4tJc3zkpIoCicN1cBtFopASyndib8XQvOkBm0fJFPBsHMDQq5pckg/640?wx_fmt=png|https://mmbiz.qpic.cn/mmbiz_png/s59zI0hcxhdRq0iaiaDibL5RLF9ZsJqgRiaP5ds8SlDcgZwQ17jVlvG2jekMObwT7PntiaAm5dClQDur96hicGywyoMA/640?wx_fmt=png|https://mmbiz.qpic.cn/mmbiz_jpg/utob3Ooj6sO2R7AsTCCwJf1nLXatRBsibQIW44Jdficcm4Erw6xffJZLRBKo0mxrqhAiaEaSj2cpSVSVL4h4ZtiaVw/640?wx_fmt=jpeg|https://mmbiz.qpic.cn/mmbiz_jpg/eBmuqP7dBC9M5o0L3o5ibx5sEq6eibgO45CjwCZACRXVzX9bJ4O423z5GOvRRrE88fK6CK1BHJ0ez1U5ib95jiczgQ/640?|https://mmbiz.qpic.cn/mmbiz_jpg/eBmuqP7dBC9M5o0L3o5ibx5sEq6eibgO45FdBmR9f71fM8xOhSfocBiaAeyLkg5HMtaK8NfJqoCVNKJktazAHFVyA/640?|https://mmbiz.qpic.cn/mmbiz_jpg/oq1PymRl9D7Cia8toYaABMpyicxDwWLE1VGicBxDeTaVcGgvNZV8UXaH6tpX72aUf3EcjG810v62fKrNhkBKJv5yQ/640?wx_fmt=jpeg|https://mmbiz.qpic.cn/mmbiz_png/utob3Ooj6sO2R7AsTCCwJf1nLXatRBsibicQVatnnfFictqV7yRMdjicceynOJqoARaPx6s8ibmbIzhdibiat750zLezA/640?wx_fmt=png|https://mmbiz.qpic.cn/mmbiz_gif/utob3Ooj6sO2R7AsTCCwJf1nLXatRBsibAR3Hv3CDs0bwjwDu4pLprnC8GKtXibO2QMD1A9E1lv6YmjQbzCPDYhQ/640?wx_fmt=gif|https://mmbiz.qpic.cn/mmbiz_gif/eBmuqP7dBC9M5o0L3o5ibx5sEq6eibgO45y4rfy9YibTMic3Xoiak4ApcSfNPM8FsMjJydTLJfQyuWuJ0M9vCgwJZ1Q/640?|https://mmbiz.qpic.cn/mmbiz_jpg/eBmuqP7dBC9M5o0L3o5ibx5sEq6eibgO45tpvlhj3OU6NQStfiatwd8QCEcVaVkgAWh2twHnOsic7vNqicwh3jp6qiaA/640?|https://mmbiz.qpic.cn/mmbiz_jpg/UuJEGmz4Skyy74m8rXSmH9pP4BgwtPLnXEj1ApB7nCbAZGHn3JmlkUFlOJTwU54G6TfQ4QFVbNgVHwW3LpjvZg/640?wx_fmt=jpeg|https://mmbiz.qpic.cn/mmbiz_jpg/UuJEGmz4Skyy74m8rXSmH9pP4BgwtPLnS6GvwOWhB4ANV0afgEnqtqrtaABSlzpmsqCAgic22Q1HLVKWibqceAJA/640?wx_fmt=jpeg|https://mmbiz.qpic.cn/mmbiz_jpg/oq1PymRl9D7Cia8toYaABMpyicxDwWLE1VWOPkGdl4s1LoYmwy4XTrjlcLLJXtxXUiaEk4IXKHiboGe0hUqTCx8H7Q/640?wx_fmt=jpeg|https://mmbiz.qpic.cn/mmbiz_jpg/eBmuqP7dBC9M5o0L3o5ibx5sEq6eibgO45pHibtVbwTq5R6UTeq9B2OCtAC3t9x5yyYu7YaKiccibicK7hgxyibKbC6pQ/640?|https://mmbiz.qpic.cn/mmbiz_png/eBmuqP7dBC9M5o0L3o5ibx5sEq6eibgO45yenwFQkz2DLp4ERZY3bEjDBFib73j2YibhO2sTrRuJUt6mIxII75s6iag/640?|https://mmbiz.qpic.cn/mmbiz_jpg/eBmuqP7dBC9M5o0L3o5ibx5sEq6eibgO45JnLqhKyYNia6iaZO2Uvfsjzicak8Iw0BciaDVqjxFIF6YicTcmqib9PibZYug/640?|https://mmbiz.qpic.cn/mmbiz_png/utob3Ooj6sO2R7AsTCCwJf1nLXatRBsibJ1SCZnzgp5hG0H4RYmbZstWtwMxXskwadxlY7KeqErzbaibxe2Nlfzg/640?wx_fmt=png|https://mmbiz.qpic.cn/mmbiz_png/utob3Ooj6sO2R7AsTCCwJf1nLXatRBsibHMv5Y0QjChpfCicedibZYTdV7umx2wvmjYgFWWXQc83zzsYYN7OFCEiaw/640?wx_fmt=png|https://res.wx.qq.com/mpres/htmledition/images/icon/common/emotion_panel/emoji_ios/u1F602.png|https://mmbiz.qpic.cn/mmbiz_jpg/zJxesv6aWDnKvB6IZxHllj6UTARQpBOHX72lLP2IH6ZYZvr1xw3ob6nV9KmS0I7XK5La8LoP3NqYxBgQZkCrhw/640?wx_fmt=jpeg|https://mmbiz.qpic.cn/mmbiz_jpg/oq1PymRl9D7Cia8toYaABMpyicxDwWLE1V9DmAUOTFZV5vY2GfgibtLfcxkRrG7baHht9CqXyp6oXE7bBwvlzgXtw/640?wx_fmt=jpeg|https://mmbiz.qpic.cn/mmbiz/p6Vlqvia1Uicxmfb50jCNmujr5O9ZSnqHusFhkOiaja5CKQVibLicCDQGua5gpDFjaxtnGbAhykoIbQCrJtgs3d05NA/640?wx_fmt=gif|https://mmbiz.qpic.cn/mmbiz_png/s59zI0hcxhdYOTSmmsYrGTkheduSgHE2VzzzTKFrs0k8C9rv37XQcNzwIpdrmmsAZfpe7xlLRjUg0m5ZhicgXwA/640?wx_fmt=png|https://mmbiz.qpic.cn/mmbiz_png/s59zI0hcxhdYOTSmmsYrGTkheduSgHE23ibc9zoPNGMGLS3p35sGjhzfWnosYxEwqRFQkoanXzQwey7oticXYqVw/640?wx_fmt=png|https://mmbiz.qpic.cn/mmbiz_png/ianq03UUWGmK948PfiaiaGnp0sW1xbxW88s4b0UY0roeicvH5U1Hmg0FqtgdJx1n1Gj40e0tSOtbTAgO5GOA50XVhg/640?wx_fmt=png|https://mmbiz.qpic.cn/mmbiz_png/s59zI0hcxhdRq0iaiaDibL5RLF9ZsJqgRiaPXaOcS6pI2aXYOPEjibgY1g1A6w6c4XHTNmLyT3rGQesDTGTzJyBybkg/640?wx_fmt=png|https://mmbiz.qpic.cn/mmbiz_png/6ic0Bp9cTu7qCibybtKVyJrFezgZWXCu4CCXhyicI9pRRFrrAq3S3wWMTfDARgTKIuSn9gOJoHp3GJZ5v1yq1WJOg/640?wx_fmt=png]]></image>
</data>
