<data>
  <id><![CDATA[67610204]]></id>
  <url><![CDATA[https://mp.weixin.qq.com/s?timestamp=1542250462&src=3&ver=1&signature=t1tQuhfvgeQkNOJJwpbIKGrrFmd9WPCxv01TrQaBfwLWUU8Lqxr2SvaHhfgZHnhbsr-XJNJMYg5PUwERU1L0FaH0nXjy-iMzzQwG9s-0us17kh9nOoBMwUSEOst1plQKYVF8XAWTeed3tEcI4cKyJ8zMFgR65KSVmyTkkR-N5gg=]]></url>
  <title><![CDATA[小学语文最全的关联词用法，一定要让孩子学会！]]></title>
  <content><![CDATA[点击上方↑↑↑情报君↑↑↑关注我们为帮助孩子们巩固及拓展小学语数外及小升初备考知识，小编经常会给大家分享小学语数外的相关最经典的知识点总结，给孩子们提供最精华的学习资料，记得帮孩子收藏或转给需要的孩子。关联词是指能够把两个或者两个以上在意义上有密切联系的句子连接起来组成比较复杂的句子的词语，恰当的使用关联词语，能使我们在说话或者协作时达到较好的表达效果。在小学语文中，这也是学习的重点。必须要掌握。1、小学都有哪些需要掌握的关联词【并列关系】两个分句之间的关系相互并列。每个分句各说一件事或同一事件的一个方面。既…又…一边…一边…又…又…一面…一面…不是…而是…有时…有时…一会儿…一会儿…那么…那么…例：小芳既爱唱歌，又爱跳舞。【因果关系】前面（后面）的分句说明原因，后面（前面）的分句说明结论或结果。因为…所以…既然…就…由于…因而………因此……既然…那么………因为……之所以……是因为……例：①因为他真正下了苦功，所以成绩有了很大提高。②既然你错了，就应该伸出手去请他原谅。【转折关系】后面分句的意思是前面分句意思的转折。虽然…但是………可是……尽管…还是…例：①奶奶虽然年纪大了，但是行动十分麻利。②尽管他身强体壮，还是搬不动这块大石头。【选择关系】两个分句表达两种情况，从中选一种。或者…或者…宁可…也…不是…就是…与其…不如…例：①桑娜宁可自己多受苦，也要照顾西蒙的两个孩子。②凡卡常想：与其在城里受罪，不如回到乡下爷爷那儿去。【假设关系】前面分句提出假设，后面分句表示结果。如果…就…要是…就…假如…就…倘若…就…即使…也…例：①如果我们现在不好好学习，将来就不能更好地报效祖国。②即使你成绩再好，也应该谦虚点。【条件关系】前面分句提出条件，后面分句表示结果。只要…就…只有…才…除非…才…无论…都…例：①只要刻苦努力，成功的道路就会出现在你的面前。②无论走到哪里，我都不会忘记辛勤培育我的老师。【递进关系】后面分句比前面分句意思更进一层。不但…而且…不光…还…不仅…而且…不仅…还…例：①赵州桥不但坚固，而且美观。②这不仅让我学到了知识，还让我懂得了做人的道理。2、小学生该如何使用呢？关联词语的正确使用要靠语境判断，仔细推断出来。使用关联词语的句子往往比较复杂，结合方法去判断就能省时省力许多。名师君在此分享五个方法点，结合例子帮助大家理解。1.分清各类关联词的作用同一个句子，运用不同的关联词语，表达的意思也不一样。例如：“我们努力学习，期末取得优异成绩。”加上关联词后，句子就变成：1.因为我们努力学习，所以期末取得优异成绩。2.如果我们努力学习，期末就能取得优异成绩。3.只有我们努力学习，期末才能取得优异成绩。第一句是因果关系，第二句是假设关系，第三句是条件关系。究竟选用什么关系，这就要根据我们说话、造句或作文的需要来确定。2.配对使用关联词有些关联词语是要求配对使用的，不可随意改换。例如：1.只要努力学习，才会取得优异成绩。2.解放军宁可挨饿，不如打扰老百姓。第一句，“只要……就……”，“只有……才……”，“只要”与“才”搭配不当，应把“才”改为“就”。第二句，“宁可……也不……”，“与其……不如……”。句中“宁可”与“不如”搭配不当，把“不如”改为“也不”。3.放对关联词的位置关联词位置不对，会使语句不通，例如：虽然学校要求保持校园干净，却同学们乱扔垃圾。“却”表示转折的意思并没有错，可是，一念原句就给人不通顺的感觉。如果把“却”放在“同学们”之后，句子就通顺了。4.不要漏用关联词有一部分配对使用的关联词，可根据情况省略其中的前一个，如“不但……而且……”，可省去“不但”、“虽然……但是……”，可省去“虽然”。但一般不能省去后一个的“而且”、“但是”。如果只用前一个关联词语，而省去了后一个关联词语，句子间的关系就会不明确，句子的意思也会表达不清。例如：自从开展“一帮一”的活动以后，不但加深了同学之间的相互了解，增进了同学之间的友谊。缺少了一个与“不但”配对使用的关联词语，读了以后，感觉话没有说完。在“增进了同学之间的友谊”前面加上“而且”或者“并且”，句子的意思才够清楚。5.切忌滥用关联词滥用关联词，也会使语句不通畅，例如：因为由于得到赞助商的踊跃支持，所以此次活动得以顺利举行。“因为”和“由于”意思相同，选择删去其中一个即可。3、学以致用一、读句子，选择恰当的词语填空如果……就……；只有……才……；虽然……但是……；只要……就……；即使……也……；因为……所以……1．_______肯下一番苦功，_______能练出一手好字。2．_______肯下一番苦功，_______能练出一手好字。3．_______肯下一番苦功，_______能练出一手好字。二、选择恰当的关联词填空……因为……；虽然……但是…………因此……；不是……而是……1. 放学后急匆匆地从学校赶到这里，目的地可_______饭店，_______紧邻它的一家书店。2. 进来看书的人_______很多，_______像我这样常常光顾而从不购买的，恐怕没有。3. 我喜欢到顾客多的书店，_______那样不会被人注意。三、选关联词把每组的两个句子连接起来不但……而且……；虽然……但是……因为……所以1. 甲虫迷路了。/甲虫傲然前行着。2. 草虫的村落里有街道。/草虫的村落里有小巷。长按识别二维码加入QQ群-“情报君初中家长分享群”（群号：620395486），和大家一起交流预初分班考、初中学习及中考备考经验。群内分享部分资源：下面 12 篇文章估计你也喜欢↓↓↓110：小学英语：4-6年级重要短语汇总，考试常常出现，速记！111：居然有这么齐全的语文基础复习资料，小学老师的分享，收藏！112：小升初英语1600个词汇分类速记表，收藏起来113：小升初语文综合常识汇总！博学多才，在家也能教！114：小升初易错成语必看，很多孩子都吃过亏115：小升初必备资料：图解奥数七大模块重要知识点！留着当学霸116：小学数学思维导图汇总！117：小升初语文考试实用常识大全，好资料人手一份！118：这50道小升初基础却很有效的奥数题！学霸人手一份，错过可惜！119：小升初应用题宝典，好资料人手一份！建议收藏（上）120：小升初应用题宝典，好资料人手一份！建议收藏（中）121：小升初应用题宝典，好资料人手一份！建议收藏（下）长按下方二维码识别关注，回复文章数字编号，即可阅读。幼儿园 | 幼升小 | 小升初 | 中考 | 高考 | 政策 | 资源 | 育儿文章精选自：网络，未找到初始来源版权声明：我们尊重版权，转载已注明来源，如反对转载，请联系删除。详情请点击版权声明和原创声明。]]></content>
  <author><![CDATA[情报君]]></author>
  <time>2018-11-09 19:31:39</time>
  <account><![CDATA[qingbaojun2016]]></account>
  <image><![CDATA[https://mmbiz.qpic.cn/mmbiz/ianq03UUWGmK4x8wVTdM27HAUGhBg5y42xAib4tJc3zkpIoCicN1cBtFopASyndib8XQvOkBm0fJFPBsHMDQq5pckg/640?wx_fmt=png|https://mmbiz.qpic.cn/mmbiz_png/s59zI0hcxhdRq0iaiaDibL5RLF9ZsJqgRiaP5ds8SlDcgZwQ17jVlvG2jekMObwT7PntiaAm5dClQDur96hicGywyoMA/640?wx_fmt=png|https://mmbiz.qpic.cn/mmbiz/p6Vlqvia1Uicxmfb50jCNmujr5O9ZSnqHusFhkOiaja5CKQVibLicCDQGua5gpDFjaxtnGbAhykoIbQCrJtgs3d05NA/640?wx_fmt=gif|https://mmbiz.qpic.cn/mmbiz_png/s59zI0hcxhdYOTSmmsYrGTkheduSgHE2VzzzTKFrs0k8C9rv37XQcNzwIpdrmmsAZfpe7xlLRjUg0m5ZhicgXwA/640?wx_fmt=png|https://mmbiz.qpic.cn/mmbiz_png/s59zI0hcxhdYOTSmmsYrGTkheduSgHE23ibc9zoPNGMGLS3p35sGjhzfWnosYxEwqRFQkoanXzQwey7oticXYqVw/640?wx_fmt=png|https://mmbiz.qpic.cn/mmbiz_png/ianq03UUWGmK948PfiaiaGnp0sW1xbxW88s4b0UY0roeicvH5U1Hmg0FqtgdJx1n1Gj40e0tSOtbTAgO5GOA50XVhg/640?wx_fmt=png|https://mmbiz.qpic.cn/mmbiz_png/s59zI0hcxhdRq0iaiaDibL5RLF9ZsJqgRiaPXaOcS6pI2aXYOPEjibgY1g1A6w6c4XHTNmLyT3rGQesDTGTzJyBybkg/640?wx_fmt=png|https://mmbiz.qpic.cn/mmbiz_png/6ic0Bp9cTu7qCibybtKVyJrFezgZWXCu4CCXhyicI9pRRFrrAq3S3wWMTfDARgTKIuSn9gOJoHp3GJZ5v1yq1WJOg/640?wx_fmt=png]]></image>
</data>
