<data>
  <id><![CDATA[67610204]]></id>
  <url><![CDATA[https://mp.weixin.qq.com/s?timestamp=1542250462&src=3&ver=1&signature=t1tQuhfvgeQkNOJJwpbIKGrrFmd9WPCxv01TrQaBfwLWUU8Lqxr2SvaHhfgZHnhbsr-XJNJMYg5PUwERU1L0FcK97jx*GXfkx9KuPCRNyk-HJLTQ8zjciM7da3Et4uLk-jG67Lr7OK5-HZt-D2emcfTl5SF86HKifaRVDfhzSCU=]]></url>
  <title><![CDATA[上海初中最牛的四大八校，这些你都真的了解吗？]]></title>
  <content><![CDATA[点击上方↑↑↑情报君↑↑↑关注我们文章精选自：轻轻家教上海升学上海全市初中最牛的是三个学校和一个学校的2个班级，分别是上海市民办华育中学、上海民办兰生复旦中学、上海外国语大学附属外国语学校和上海市市北初级中学里的2个理科班。除了这四大学校，上海还有八所学校领先区内其他学校，有些学校在区内一枝独秀。上宝中学、张江集团学校、进华中学、存志中学、新华初级中学、上海市世界外国语中学、华二初级中学、立达中学。上海市民办华育中学华育中学的前身是上海中学初中部，90年代上海的初中高中分离以后，上海中学与华泾实业联合在1999年建立了华育中学，华育的师资力量、管理方式、教学方式，都来自于上海中学。华育中学有一个理科班，入学后通过分班考试进入，实力很强大，但是华育平行班的实力也非常惊人，整所学校每个班的成绩都很优秀，14年起又设立了科技班。上海中考的满分是630分，其中5门考试成绩600分，体育成绩30分。从华育的成绩来看，无论是中考难度相对较低的2014年，还是考题比较难的2015年，华育中学的平均水平，都能够获得总得分率的93%以上。这代表华育中学的大部分孩子在中考的各科目几乎都是接近满分。全市预录取人数超过100人的中学只有3所（华育、兰生、上宝），而无论是预录取人数还是平均分，华育都是雷打不动的万年第一，不得不说是一个传奇。兰生复旦中学建校于1994年，也是一所可跨区招生的民办寄宿制初级中学，为复旦附中的初中教学基地。学校占地面积12016平方米，在校生人数为742人，专职教师78人，在校生人数742，师生比约1：9.5，其中，本科及以上学历人数64人，中高级职称占比52.3%，民办退休返聘教师10人。进入兰生复旦的孩子多数来自民办阳浦、福山外国语、明珠、控二、上外附小、民办打一等小学，其中，民办阳浦、明珠、福山外国语每年有接近20人进入兰生复旦。近几年来，每年高中的升学率达100%，上海“四大名校”升学率约40%（在籍生），其中达到市重点高中分数线的80%左右，达到区重点高中分数线的95%左右，为高一级学校输送了一届又一届高素质的学生。学校被评为全国首届优秀民办中小学、上海市中小学行为规范示范学校、上海民办中小学依法办学优良学校和杨浦区文明单位。上海外国语大学附属外国语学校建校于1963年，主校区坐落于上海市虹口区，占地三十三亩，建筑总面积22508平方米。学校直属国家教育部，是一所可全市招生的公办初级中学，系上海外国语大学附属外国语学校的初中部，初中毕业生可直升高中部。学校共设七个年级，中预（即6年级）、初一、初二、初三、高一、高二和高三。31个班级，1600多名在校学生，教师及员工300多人。上外附中目前开设英、法、德、日、俄、西六个语种，是全国开设语种最多的外国语学校之一。其中俄、西两语种2年一次，互相交替。市北初级中学理科班创建于1996年，市北理是指市北初级中学里的2个理科班，每个班40人左右，共计80人左右。市北理与华育理一直是不相上下，全市奥数杯赛一、二等奖的大牛娃多半汇集于此。市北理科班的孩子在四年后去向几乎全是高中四大名校，丝毫不逊色于华育，每年在对全市学霸们的“掐尖大战”中最激烈的战斗也来自这两大阵营的竞争。由于这两个理科班同样也汇集了全市奥数杯赛的一、二等大牛娃，故市北理一直有“沪上第一班”的美誉。进入上海四校的几率超过90%，基本全部自主招生，是一支实力惊人的团队。几乎可以称之为全上海最厉害的班级。上宝中学上海市民办上宝中学2002年由上海七宝资产经营有限公司主办，上海市实验性示范性高中上海中学协办，合创的一所民办初中。上宝中学原分两个校区，其中西校区位于七宝镇农谊路1号,现西校区为初中部，东校区(高中部)改为七宝三中，不再为上宝中学所有。尽管办学时间短，但是上宝中学中考率一直很高。计划招收340名学生，其中招收闵行区小学毕业生260名，其他区小学毕业生80名。张江集团学校创办于2006年，位于浦东张江高科技园区内（藿香路38号），占地2.04公顷，建筑面积21750平方米。第一届初三学子即在中考中获得了浦东第一、上海前十的骄人成绩；第二届初三学子在一模考、二模考中都获得了浦东新区的第一名，每门课程都是第一。2018年招生：预初年级，六个教学班，每班40人，共240名学生。其中住宿生40人，外区县30人。进华中学学校创办于1995年， 1999年从华东师大校园内迁入位于上海万里城的新校舍，是一所住宿制完全民办中学。在每年近300名的进华初中毕业生中，超过80%的学生进入市、区重点高中就读，在国际、全国、市、区各级各类竞赛获奖已超过13600人次（截止至2016年），为上海市普陀区少年科学院输送“少年院士”数十名。数学教学是学校独特之处，八年来参加全国数学竞赛获奖的人次有百余人，获一、二等奖的占半数以上，2002年荣获全国初中数学竞赛团体一等奖。存志中学同济大学附属存志学校是一所始建于1996年5月的全日制初级中学，“志存高远，自主发展”是存志中学的办学理念。学校努力培养学生成为具有自主发展意识、正确价值、取向和崇尚人文精神的”可爱的存志人）“为他们今后可持续发展打下德智体诸方面的坚实基础。”学校具有21个班级的办学规模。现代教学设施一应俱全，拥有一支相对稳定，结构合理，师德良好，有责任心，专业知识和教育教学能力较强的师资队伍，干部和教师中特级校长、特级教师、中高级教师占大部分。新华初级中学1997年8月由华师大一附中高初中分离，经虹口区人民政府和华东师范大学协商创办的，2005年秋季改名为上海市民办新华初级中学。师资队伍以华东师大一附中教师为主体，关注学生综合素质的培养，组成了科技、艺术、人文、体育及学科竞赛五大教育板块，取得了显著的成效。其中在头脑奥林匹克创新大赛中（简称OM），仅2003年以来，该校就取得了9个第一名4个第二名；机器人也于2008、2009连续两年在亚太地区比赛中获金奖。世界外国语中学创办于1996年，2005年成为均瑶集团旗下一员，是一所具有外语和计算机教学特色的民办初级中学。学校是国际和跨地区鉴证委员会（CITA）及美国北中部学校联盟-学校改进和认证委员会 （NCACASI）正式校，是全国外语教研工作示范学校，同时是徐汇区第一所IB国际学校。华二初级中学上海民办华二初级中学，是教育部直属重点中学——华东师范大学第二附属中学承办的唯一民办初中，也是华东师范大学的教育实验基地。建校以来，全体学生的整体素质大幅提升，大部分学生参加市区各类竞赛，已获280余项市级奖项和310余项区级奖项。学校已拥有一支师德高尚、结构合理、教学水平精湛的研究型教师队伍，其中，66%的青年教师毕业于复旦、华东师大、交大等985高校；26%的青年教师获得研究生学历。立达中学创办于1996年5月，由黄浦区教育局主管、大同中学协办的一个独立的办学实体。建校以来，学校在教育、教学方面取得了优异的成绩，其中，2006年初三毕业生学业考成绩喜人，有85.95%的学生达到市实验性示范性高中录取分数线，其中达到大同、格致等学校录取分数线的占毕业生人数的62.21%。长按识别二维码加入QQ群-“情报君初中家长分享群”（群号：620395486），和大家一起交流预初分班考、初中学习及中考备考经验。群内分享部分资源：今日推荐阅读1、小学英语必背重点短语大全（可查看情报君今日推送的第二篇文章）2、初中物理74个简答题范例，99%的考题都出自这里！（上）（可查看情报君今日推送的第三篇文章）3、高中数学最强“偷分”技能，好用到爆啊！（可查看情报君今日推送的第四篇文章）下面 12 篇文章估计你也喜欢↓↓↓110：小学英语：4-6年级重要短语汇总，考试常常出现，速记！111：居然有这么齐全的语文基础复习资料，小学老师的分享，收藏！112：小升初英语1600个词汇分类速记表，收藏起来113：小升初语文综合常识汇总！博学多才，在家也能教！114：小升初易错成语必看，很多孩子都吃过亏115：小升初必备资料：图解奥数七大模块重要知识点！留着当学霸116：小学数学思维导图汇总！117：小升初语文考试实用常识大全，好资料人手一份！118：这50道小升初基础却很有效的奥数题！学霸人手一份，错过可惜！119：小升初应用题宝典，好资料人手一份！建议收藏（上）120：小升初应用题宝典，好资料人手一份！建议收藏（中）121：小升初应用题宝典，好资料人手一份！建议收藏（下）长按下方二维码识别关注，回复文章数字编号，即可阅读。幼儿园 | 幼升小 | 小升初 | 中考 | 高考 | 政策 | 资源 | 育儿版权声明：我们尊重版权，转载已注明来源，如反对转载，请联系删除。详情请点击版权声明和原创声明。]]></content>
  <author><![CDATA[情报君]]></author>
  <time>2018-11-14 20:29:53</time>
  <account><![CDATA[qingbaojun2016]]></account>
  <image><![CDATA[https://mmbiz.qpic.cn/mmbiz/ianq03UUWGmK4x8wVTdM27HAUGhBg5y42xAib4tJc3zkpIoCicN1cBtFopASyndib8XQvOkBm0fJFPBsHMDQq5pckg/640?wx_fmt=png|https://mmbiz.qpic.cn/mmbiz_png/s59zI0hcxhdRq0iaiaDibL5RLF9ZsJqgRiaP5ds8SlDcgZwQ17jVlvG2jekMObwT7PntiaAm5dClQDur96hicGywyoMA/640?wx_fmt=png|https://mmbiz.qpic.cn/mmbiz_jpg/0Qjq1wGlX0aIBhfdak54JryY9JxtVfxUibqnuNaORKNuEvAu0Pu9w2O5Piaw4xqqZka325EhnLicDoMwlz2fO7fibA/640?wx_fmt=jpeg|https://mmbiz.qpic.cn/mmbiz_jpg/tP4kfBXbCZTLGq08g3rde3QhicyG9icp5PtsaZSrLeHLKpypSEGChqicWPxNpmsbpZ5qvYQ7vXhmLUg0Mf4zdb65Q/640?wx_fmt=jpeg|https://mmbiz.qpic.cn/mmbiz_jpg/tP4kfBXbCZS97lMxicqKs9ewaTUTfBibnw3JvjvPB5M1W2DcAGa6pKlTSOWrpSibCHiajteNve2HtiagFFFibWXFsCtA/640?wx_fmt=jpeg|https://mmbiz.qpic.cn/mmbiz_jpg/0Qjq1wGlX0aIBhfdak54JryY9JxtVfxU94NCdGPa6QgHYJgfQGsRreV2yRGibrcyVYAJSO0Osz3nJxWI3KOzRlg/640?wx_fmt=jpeg|https://mmbiz.qpic.cn/mmbiz_jpg/0Qjq1wGlX0aIBhfdak54JryY9JxtVfxUy2Ymj1VoGZn1C80MVSlODrnIstST17hHacgianiagiccrAGibJ7d0gyuhg/640?wx_fmt=jpeg|https://mmbiz.qpic.cn/mmbiz_jpg/0Qjq1wGlX0aIBhfdak54JryY9JxtVfxUoygdETVbSJbIibG1q5BRLyv5TgXhYwicq93NicaiblxEdVhz6RUaEzVBMA/640?wx_fmt=jpeg|https://mmbiz.qpic.cn/mmbiz_png/N2iby55y8mVCyia1w84bmvbtCQOCEzibSrvlvaFY9pjpUCtvLnODTOfPaM9kzibD0kkQgmUk2N1FyOTPOToNQ9IJEA/640?wx_fmt=png|https://mmbiz.qpic.cn/mmbiz_jpg/0Qjq1wGlX0aIBhfdak54JryY9JxtVfxUmpHQcKS72tsSy012MtkR3jOSDCFwJuID1NP0iaoI7ZlIQ6TpIDwvaibw/640?wx_fmt=jpeg|https://mmbiz.qpic.cn/mmbiz_jpg/0Qjq1wGlX0aIBhfdak54JryY9JxtVfxU82aj6aSkVNy1SzibibZmZ0KmVVjCUaKqGKEMJfSgYbKjn0rhbXkUEskw/640?wx_fmt=jpeg|https://mmbiz.qpic.cn/mmbiz_jpg/0Qjq1wGlX0aIBhfdak54JryY9JxtVfxUe8stqXIWdExVsYvSbajxmq1UUHppOOlqkIribrHVr2ibRpsuics7uJ5mg/640?wx_fmt=jpeg|https://mmbiz.qpic.cn/mmbiz_jpg/N2iby55y8mVCyia1w84bmvbtCQOCEzibSrviaytnX99d4c1PXK3DTiaflL321gCd0FeV6WLZz236cbCSYKqcynicEic9g/640?wx_fmt=jpeg|https://mmbiz.qpic.cn/mmbiz_jpg/0Qjq1wGlX0aIBhfdak54JryY9JxtVfxUfUU6fibT2Zs6YWLOJNiaheBA3I8CDicE8TgZY8AReEOSgjr0VMahyYwsA/640?wx_fmt=jpeg|https://mmbiz.qpic.cn/mmbiz_jpg/0Qjq1wGlX0aIBhfdak54JryY9JxtVfxU4lXsoXmic9156ibwO1L01aPBicEJpphUzABajaa4taef2wPj9YdkC6OSA/640?wx_fmt=jpeg|https://mmbiz.qpic.cn/mmbiz_jpg/0Qjq1wGlX0aIBhfdak54JryY9JxtVfxUUYicNMBted9KLoGyTMtsIN6vN97wB6DXiaia96mrR9JI35B9Ap0YUciclg/640?wx_fmt=jpeg|https://mmbiz.qpic.cn/mmbiz_jpg/0Qjq1wGlX0aIBhfdak54JryY9JxtVfxUd3Mt83zwQNxnaoZ0xKb8uy18mCLia2GCaSrfKOHKes6qQOW9gdHU03Q/640?wx_fmt=jpeg|https://mmbiz.qpic.cn/mmbiz_jpg/0Qjq1wGlX0aIBhfdak54JryY9JxtVfxUn6iaA09WHNy7ef0J2JqRIsbU67rrGPMv4kJFn0V1WjRyUZ6yXYWhcLQ/640?wx_fmt=jpeg|https://mmbiz.qpic.cn/mmbiz_png/s59zI0hcxhdYOTSmmsYrGTkheduSgHE2VzzzTKFrs0k8C9rv37XQcNzwIpdrmmsAZfpe7xlLRjUg0m5ZhicgXwA/640?wx_fmt=png|https://mmbiz.qpic.cn/mmbiz_png/s59zI0hcxhdYOTSmmsYrGTkheduSgHE23ibc9zoPNGMGLS3p35sGjhzfWnosYxEwqRFQkoanXzQwey7oticXYqVw/640?wx_fmt=png|https://mmbiz.qpic.cn/mmbiz_png/ianq03UUWGmK948PfiaiaGnp0sW1xbxW88s4b0UY0roeicvH5U1Hmg0FqtgdJx1n1Gj40e0tSOtbTAgO5GOA50XVhg/640?wx_fmt=png|https://mmbiz.qpic.cn/mmbiz_png/s59zI0hcxhdRq0iaiaDibL5RLF9ZsJqgRiaPXaOcS6pI2aXYOPEjibgY1g1A6w6c4XHTNmLyT3rGQesDTGTzJyBybkg/640?wx_fmt=png|https://mmbiz.qpic.cn/mmbiz_png/6ic0Bp9cTu7qCibybtKVyJrFezgZWXCu4CCXhyicI9pRRFrrAq3S3wWMTfDARgTKIuSn9gOJoHp3GJZ5v1yq1WJOg/640?wx_fmt=png]]></image>
</data>
