<data>
  <id><![CDATA[67610204]]></id>
  <url><![CDATA[https://mp.weixin.qq.com/s?timestamp=1542250462&src=3&ver=1&signature=t1tQuhfvgeQkNOJJwpbIKGrrFmd9WPCxv01TrQaBfwLWUU8Lqxr2SvaHhfgZHnhbsr-XJNJMYg5PUwERU1L0FaH0nXjy-iMzzQwG9s-0us3Sbi9A*HW99G9B9X4Le0qjgjVlSXFg1sva8sEdDMzIeljD3Ol0vdpH6wSNf722rig=]]></url>
  <title><![CDATA[初中数学公式口诀：学习有方法，函数、几何都不怕！]]></title>
  <content><![CDATA[点击上方↑↑↑情报君↑↑↑关注我们小编就初中数学函数、几何，最基础且常考的知识点做了一个简单的归纳。希望不擅长数学的同学们能够把这些公式、口诀记牢、理解，并实际运用。（点击图片可放大查看，下同）群内分享部分资源：下面 10 篇文章估计你也喜欢↓↓↓311：初中数学：基础知识顺口溜，建议收藏312：初中物理所有章节公式、知识点全在这里了！313：初中英语时态用法大集合，99%的学生都收藏了！314：最全初中语文文学常识汇总，连老师都说好！315：初中数学所有公理、定理都在这儿了（附初中数学公式大全）316：21首顺口溜，帮你记住初中英语全部语法！317：初中物理知识点结构图（全）318：中考数学必须掌握的28个考点及60个易错点319：初中语文基础知识大全（值得收藏）320：中考化学能否满分 全靠这篇规律总结长按下方二维码识别关注，回复文章数字编号，即可阅读。幼儿园 | 幼升小 | 小升初 | 中考 | 高考 | 政策 | 资源 | 育儿文章精选自：网络，未找到初始来源版权声明：我们尊重版权，转载已注明来源，如反对转载，请联系删除。详情请点击版权声明和原创声明。]]></content>
  <author><![CDATA[情报君]]></author>
  <time>2018-11-09 19:31:39</time>
  <account><![CDATA[qingbaojun2016]]></account>
  <image><![CDATA[https://mmbiz.qpic.cn/mmbiz/ianq03UUWGmK4x8wVTdM27HAUGhBg5y42xAib4tJc3zkpIoCicN1cBtFopASyndib8XQvOkBm0fJFPBsHMDQq5pckg/640?wx_fmt=png|https://mmbiz.qpic.cn/mmbiz_png/s59zI0hcxhdRq0iaiaDibL5RLF9ZsJqgRiaP5ds8SlDcgZwQ17jVlvG2jekMObwT7PntiaAm5dClQDur96hicGywyoMA/640?wx_fmt=png|http://mmbiz.qpic.cn/mmbiz/nNqNMm0T3LRm7dORlrrA6libiaknnv9CxYAiaazGbbF7OJ7APokFunE5JP5HZDDUZic2l7KeZ2f1FHXPp1svZx0f2g/640?wx_fmt=jpeg|http://mmbiz.qpic.cn/mmbiz/nNqNMm0T3LRm7dORlrrA6libiaknnv9CxYfjicDbTZaHNqoz7H8AGlqvfKk0rtricCyviaKMOQ6nGARxc6FFticf3mxg/640?wx_fmt=jpeg|http://mmbiz.qpic.cn/mmbiz/nNqNMm0T3LRm7dORlrrA6libiaknnv9CxYpEfpIQywPibtbPgibs64HYHZE5VQus0Zggs9x9NawGp3mECsRmgEsr9w/640?wx_fmt=jpeg|http://mmbiz.qpic.cn/mmbiz/nNqNMm0T3LRm7dORlrrA6libiaknnv9CxYuib4FKhcrbVfCNicfzENQibmY8rNnFDwiacFO6p8jU2SuxeQE9haHQh2Cg/640?wx_fmt=jpeg|http://mmbiz.qpic.cn/mmbiz/nNqNMm0T3LRm7dORlrrA6libiaknnv9CxYVUM3Ib16ogdCFjm2eMESsHY1icGhYkicmfHb9QR0SYEYBT312AWkM4gQ/640?wx_fmt=jpeg|http://mmbiz.qpic.cn/mmbiz/nNqNMm0T3LRm7dORlrrA6libiaknnv9CxYPyJyP3V2vF3RHWRa7vIaEryozNYA5icibCz6BWrU3ibt4tpcyCzicIg7Wg/640?wx_fmt=jpeg|http://mmbiz.qpic.cn/mmbiz/nNqNMm0T3LRm7dORlrrA6libiaknnv9CxYF21To46kfT7MXCV19kUicWyNw7wwuB1HudB5h0q83PzNyMiaUofswBxQ/640?wx_fmt=jpeg|https://mmbiz.qpic.cn/mmbiz_png/s59zI0hcxhdYOTSmmsYrGTkheduSgHE23ibc9zoPNGMGLS3p35sGjhzfWnosYxEwqRFQkoanXzQwey7oticXYqVw/640?wx_fmt=png|https://mmbiz.qpic.cn/mmbiz_png/ianq03UUWGmK948PfiaiaGnp0sW1xbxW88s4b0UY0roeicvH5U1Hmg0FqtgdJx1n1Gj40e0tSOtbTAgO5GOA50XVhg/640?wx_fmt=png|https://mmbiz.qpic.cn/mmbiz_png/s59zI0hcxhdRq0iaiaDibL5RLF9ZsJqgRiaPXaOcS6pI2aXYOPEjibgY1g1A6w6c4XHTNmLyT3rGQesDTGTzJyBybkg/640?wx_fmt=png|https://mmbiz.qpic.cn/mmbiz_png/6ic0Bp9cTu7qCibybtKVyJrFezgZWXCu4CCXhyicI9pRRFrrAq3S3wWMTfDARgTKIuSn9gOJoHp3GJZ5v1yq1WJOg/640?wx_fmt=png]]></image>
</data>
