<data>
  <id><![CDATA[67610204]]></id>
  <url><![CDATA[https://mp.weixin.qq.com/s?timestamp=1542250462&src=3&ver=1&signature=t1tQuhfvgeQkNOJJwpbIKGrrFmd9WPCxv01TrQaBfwLWUU8Lqxr2SvaHhfgZHnhbsr-XJNJMYg5PUwERU1L0FU6RxyrkJjIViqj3yk4MjpKihkOFybQXSHKt1ifYH1AgXq9ZIaZoVoQnN7j8njIMzgc5U8daD3RWWFSmRZ6U-fo=]]></url>
  <title><![CDATA[10幅漫画，让你读出孩子的真实心声！]]></title>
  <content><![CDATA[点击上方↑↑↑情报君↑↑↑关注我们家长给予孩子的爱是无私的更是无微不至的但是有时候你所认为最好的“苹果”却不是孩子想要的“香蕉”因此了解孩子心理所需变得至关重要这10组小漫画，对比了孩子喜欢和不喜欢家长的一些做法，对照来看看，你会爱你的孩子吗？作为父母你舍得为孩子花时间吗陪伴是我们对孩子最长情的告白你是否把过多时间让孩子花在辅导班有时候陪孩子做一些他们喜欢的事情对孩子来说就已经足够孩子在成长的过程中难免会犯错当他们犯错的时候你是否说了“过分”的话当他们进步的时候你有没有及时表扬在孩子努力做一件事的事情记得说“你做的很好  加油”你是否过分干涉了孩子的行为为他圈定了行动的界限你可曾耐心询问过孩子的意见记得弯下腰来听听孩子的想法为什么你付出很多孩子却不领情试着放开手让孩子慢慢尝试着做你所需要的只用在背后鼓励和肯定没人喜欢被指责相反没人不喜欢指责别人有时候鼓励和肯定会比指责更事半功倍在孩子犯错的情况下冷静下来不要轻易批评孩子只是经由你来到这个世界上去完成自己的使命和梦想他们并不属于你也不由你控制你的任务是帮助孩子成就他自己要记住最大的爱，是尊重孩子有一种伤害叫作“看看别人家的孩子”每一朵花都有自己开放的季节每个孩子的成长也有快有慢我们要尊重孩子的成长节奏给他们足够的接纳和支持你也不想被孩子叫作“看看别人家的爸妈”你是爱孩子还是爱自己的面子不要永远认为孩子只是孩子孩子脸上都有一朵“花”你要学会保护这朵“花”孩子也是要爱面子的孩子是通过模仿来学习的而不是听父母的话来学习的从曾子杀猪教子到商鞅立木为信信用一直是重要教养家长从自身做起对孩子言出必行家庭环境是影响孩子成长的重要环境就算夫妻吵架别不要当着孩子的面给孩子一个温馨的家庭孩子最怕的就是爸爸妈妈吵架21天早起晨读计划（点击可查看详细）现在，立刻加入 “早起晨读”计划，帮助孩子养成晨读好习惯，督促孩子每天早起晨读至少10分钟。棒棒哒21天早起晨读奖品和好习惯在等着你们！长按下方二维码关注后，开始你和孩子的「21天早起晨读计划」吧！↓↓↓下面 12 篇文章估计你也喜欢↓↓↓110：小学英语：4-6年级重要短语汇总，考试常常出现，速记！111：居然有这么齐全的语文基础复习资料，小学老师的分享，收藏！112：小升初英语1600个词汇分类速记表，收藏起来113：小升初语文综合常识汇总！博学多才，在家也能教！114：小升初易错成语必看，很多孩子都吃过亏115：小升初必备资料：图解奥数七大模块重要知识点！留着当学霸116：小学数学思维导图汇总！117：小升初语文考试实用常识大全，好资料人手一份！118：这50道小升初基础却很有效的奥数题！学霸人手一份，错过可惜！119：小升初应用题宝典，好资料人手一份！建议收藏（上）120：小升初应用题宝典，好资料人手一份！建议收藏（中）121：小升初应用题宝典，好资料人手一份！建议收藏（下）长按上方二维码识别关注，回复文章数字编号，即可阅读。幼儿园 | 幼升小 | 小升初 | 中考 | 高考 | 政策 | 资源 | 育儿文章精选自：ABC微课堂版权声明：我们尊重版权，转载已注明来源，如反对转载，请联系删除。详情请点击版权声明和原创声明。]]></content>
  <author><![CDATA[情报君]]></author>
  <time>2018-11-07 20:00:46</time>
  <account><![CDATA[qingbaojun2016]]></account>
  <image><![CDATA[https://mmbiz.qpic.cn/mmbiz/ianq03UUWGmK4x8wVTdM27HAUGhBg5y42xAib4tJc3zkpIoCicN1cBtFopASyndib8XQvOkBm0fJFPBsHMDQq5pckg/640?wx_fmt=png|https://mmbiz.qpic.cn/mmbiz_png/s59zI0hcxhdRq0iaiaDibL5RLF9ZsJqgRiaP5ds8SlDcgZwQ17jVlvG2jekMObwT7PntiaAm5dClQDur96hicGywyoMA/640?wx_fmt=png|http://mmbiz.qpic.cn/mmbiz_jpg/CSCGSM2iaEnRYOaIlwfBibibbyvWpwrDG0RzC7NaFReNB174TibWCia13ecWNzWSQhWaMNhPUxdJLbt3IDWzltESAww/640?|http://mmbiz.qpic.cn/mmbiz_jpg/CSCGSM2iaEnRYOaIlwfBibibbyvWpwrDG0RUDia90SYJKcKfiaia08LfMtbtKicQibeEk0iahickgDNicCeWF3CFTy8aFQtrQ/640?|http://mmbiz.qpic.cn/mmbiz_jpg/CSCGSM2iaEnRYOaIlwfBibibbyvWpwrDG0RWQp7iamERgLJHTibslzv2Kmw0N2RXEg30aLz0WxTk31ibhPNlzJMIjNSg/640?|http://mmbiz.qpic.cn/mmbiz_jpg/CSCGSM2iaEnRYOaIlwfBibibbyvWpwrDG0RnBQwsxscvEVPL2MYIpMvUCY1zibuCUjluCB8qf05icibFEfibOvJiaGfZ2A/640?|http://mmbiz.qpic.cn/mmbiz_jpg/CSCGSM2iaEnRYOaIlwfBibibbyvWpwrDG0RLarI4L7eMn66qqW3Vdr6Xf8xTyPdibHjiaS1gpCyOibcJ6OfDKia7eYVzw/640?|http://mmbiz.qpic.cn/mmbiz_jpg/CSCGSM2iaEnRYOaIlwfBibibbyvWpwrDG0RQgyFzrS9Wicdo6XNbzQTcnQQibbW57FHibVXmbheW5jr4DgQeeKLoyuGw/640?|http://mmbiz.qpic.cn/mmbiz_jpg/CSCGSM2iaEnRYOaIlwfBibibbyvWpwrDG0R86vAZQMt7uZnerOAbojVHKVuWXicNWI9TqdovibXia1DtM5qWuzXvU4Jw/640?|http://mmbiz.qpic.cn/mmbiz_jpg/CSCGSM2iaEnRYOaIlwfBibibbyvWpwrDG0RVJRGfMD9HrHN4woibHSMvglFWmCVibyycxicWyOK1FEXkARiaWrFQ0sAvQ/640?|http://mmbiz.qpic.cn/mmbiz_jpg/CSCGSM2iaEnRYOaIlwfBibibbyvWpwrDG0R9r14tI3JEH4youPTOqfNRO0Sdp9IVzBhGqsF0uT0ph285SDficDtscA/640?|http://mmbiz.qpic.cn/mmbiz_jpg/CSCGSM2iaEnRYOaIlwfBibibbyvWpwrDG0RIVtflG9NJH0OAXvzIibyaog0r3QXbG42vepia8frmky26iaZUZzGGm5ibg/640?|http://mmbiz.qpic.cn/mmbiz_jpg/CSCGSM2iaEnRYOaIlwfBibibbyvWpwrDG0RWCicn1B5m1802wWq88syBKRlicye0n9Z7orSWTHshHHicddBfS0ZsvX9g/640?|https://mmbiz.qpic.cn/mmbiz/p6Vlqvia1Uicxmfb50jCNmujr5O9ZSnqHusFhkOiaja5CKQVibLicCDQGua5gpDFjaxtnGbAhykoIbQCrJtgs3d05NA/640?wx_fmt=gif|https://mmbiz.qpic.cn/mmbiz_jpg/s59zI0hcxhev4QtKcDYa8kb6s2Erib9ic7eibSSiaiaibY556FzPRyqIPYW7jdHArnQEv0SEUqQx06B3YD59msn0UGEw/640?wx_fmt=jpeg|https://mmbiz.qpic.cn/mmbiz_jpg/s59zI0hcxhdsFiaWOQ50Ye7oTFju4B6pfKRfo4eqO0BVVcImBc91IKI7QIB3K6tKI5VnQs3SF38ZQ86kbQlQAlg/640?wx_fmt=jpeg|https://mmbiz.qpic.cn/mmbiz_png/ianq03UUWGmK948PfiaiaGnp0sW1xbxW88s4b0UY0roeicvH5U1Hmg0FqtgdJx1n1Gj40e0tSOtbTAgO5GOA50XVhg/640?wx_fmt=png|https://mmbiz.qpic.cn/mmbiz_png/s59zI0hcxhdRq0iaiaDibL5RLF9ZsJqgRiaPXaOcS6pI2aXYOPEjibgY1g1A6w6c4XHTNmLyT3rGQesDTGTzJyBybkg/640?wx_fmt=png|https://mmbiz.qpic.cn/mmbiz_png/6ic0Bp9cTu7qCibybtKVyJrFezgZWXCu4CCXhyicI9pRRFrrAq3S3wWMTfDARgTKIuSn9gOJoHp3GJZ5v1yq1WJOg/640?wx_fmt=png]]></image>
</data>
