<data>
  <id><![CDATA[67610204]]></id>
  <url><![CDATA[https://mp.weixin.qq.com/s?timestamp=1542250462&src=3&ver=1&signature=t1tQuhfvgeQkNOJJwpbIKGrrFmd9WPCxv01TrQaBfwLWUU8Lqxr2SvaHhfgZHnhbsr-XJNJMYg5PUwERU1L0Fdx-L5nNZrXNKJrf9YWzSSGdiBIU6VyzWe--5L3xqHTeVyX*5cX7nkSiaQ82DEeG*-OeAxnJLfpGTOGTaXFsgX0=]]></url>
  <title><![CDATA[“女孩就该有个女孩样！”父母这句话，毁了无数女孩一生幸福！]]></title>
  <content><![CDATA[文章精选自：格十三（ID：GSSW13），作者：十三姐每天演好一个没脾气的老母？哈哈哈哈哈有一位湖北的小学老师给学生布置了一项作业：要求学生和家长一起完成“21天不生气”的挑战。据说全班44名同学，只有一对双胞胎家庭成功完成（还不确定是不是死要面子做假账了），其他人都以失败告终。虽然我知道这位老师的初衷是宣讲“情绪控制对家庭的影响”，但还是有种被套上了紧箍咒的感觉，总觉得哪里怪怪的，那个双胞胎家庭该不会是彼此放弃治疗了吧......人人都说“每天要演好一个情绪稳定的中年人”。没错啊。我们中年老母情绪一向很稳定，一直保持在发飙的零界点，始终控制在稳定的易怒状态。这一家子，天天枸杞泡菊花的老父亲，每天减肥抗衰老的老母亲，日日为学习和才艺忙碌的娃，一个个活得容易么，或许可以先定个小目标：生气次数减少到十次以内。可如果在家里连一个气都不让生......毕竟能量守恒，一吨脾气不会缩水到半斤，此消彼长。相爱没有那么容易，每个人有他的脾气......尤其是老母们，生气这种不可抗力看起来是情绪没管理好，可实际上它是有用的啊。就比如对待光玩游戏不练琴的娃，和颜悦色说别玩啦练琴去，人家没反应；心平气和说玩游戏的一百零八种弊端和练琴的二百多个好处，人家根本不听；但只要板起脸，怒发冲冠，一拍桌子，连一个字都不用说，他立刻放下ipad……你看，合理有效的生气不仅能解决问题，还节约了时间，对大家都有好处。况且，“有娃”是女人得天独厚的生气条件，这世上除了自己的娃，还有谁能无条件承受你的脾气而无怨言呢（也就能气那么几年而已，要珍惜啊）......家是什么，爱的港湾，生气的舞台。你不生气我不生气，那还怎么能凸显出开心呢？天天都憋着火假装笑眯眯的人生，那才是最mmp的人生啊。想到这，我不寒而栗，这种意图操控人类本能情绪的家庭作业，到底是人性的扭曲还是道德的沦丧……一旦带着“不能生气”的魔咒过日子，恐怕会造成人与人之间不能坦诚相待啊。比如说夫妻俩吧，本来好好的，没事生个气，你哄哄我，我哄哄你，多带劲呢，现在好了，年纪轻轻的就整天没脾气，搞得和敬老院里认识的新朋友似的，不知道的还以为受了什么刺激。再说母子俩吧，本来好好的，没事拍拍桌子，扔扔作业本，吼一吼骂一骂，其乐融融，现在呢，整天母慈子孝，花好月圆，在小孩眼里你不怒不吼他就不用当回事，于是鸡血的人生就这么变成鸡汤了。不过幸好测试结果还是尽如人意的。如今看到大家都失败，我也就放心了。我认为21天不生气不可能成功，主要是因为一个小学生不可能21天不做作业。作业是一个家庭的灵魂，明人不说暗话，我直接告诉你四条定理：作业强，则全家强。作业不行，则全家遭殃。当代家庭幸福指数主要取决于娃的学习态度和考试成绩。当代家庭kpi考核主要看娃掌握几门手艺以及获得多少证书。民间总是传说“一个娃能重新激活一桩黯淡的婚姻”，你们又骗我生娃，有娃了，才发现都没人说过“一个娃也能浇灭很多你侬我侬的荷尔蒙”啊。夫妻关系，在有娃的家庭里，取决于谁管孩子（学习以及校内外一切事务，包括作业、复习迎考、做小报、做PPT、做手工、排练节目、参加活动、购买课外书、报补习班、报名竞赛、安排夏令营……）如果这些都是爸爸管，并能保持孩子表现优异，那所有的老母都或将完成“365天不生气”的挑战，妥妥的。但大部分的老母并不能过上这样的日子，通常的情况，都是反一反……所以，抓学习、抓生活、两手抓、两手都要硬的家庭里，没事发个脾气，以正视听，怎么就是不控制情绪了呢？恰恰相反，这才是控制情绪呀。非得天天像个弥勒佛一样蹲那吃爆米花天真烂漫好脾气的样子才叫控制？不讲理嘛。别误会，我也不是支持乱发脾气，谁还没事喜欢生气啊？不存在的。然而，从现在这个大环境看，在家对着娃和老公从不生气的妇女怕是有什么毛病吧。虽说爱笑的女人运气不会太差，但只有已婚妇女才会明白，只有当你板着脸并把嗓门提高八度的时候，老公才彻底认识到错误，孩子才真正意识到问题；而当你笑嘻嘻地和颜悦色地提意见时，没人理你。到底是不是爱笑的女人运气好？你不要骗我。都说成年人世界里，笑代表着所有情绪，开心在笑，生气在笑，郁闷在笑，嫌弃在笑，痛苦在笑，崩溃了也还在笑。那是在外面。进了家，爱会融化一切烦恼气就更不打一出来……现在的家长哪是家长，是半个老师，半个心理辅导员，半个医生，半个勤务兵，白天日理万机，低头哈腰，晚上夜理万机，总不能还低头哈腰？我认为合理范围内的生气不仅不能遏止，还要鼓励。有理有节、能屈能伸的生气运动，其实是家庭和谐程度的象征，也是一项技术活。生气不是你想生，想生就能生。一个已婚妇女生气的节奏逐年质变：生气——生闷气——花式生气——佛系生气。－年轻时只会喜怒形于色，直接跟老公发脾气，一点小事都能跳飞起来。－有了娃开始迫于当妈的无奈爱生闷气，经常一副委曲求全的懂事中年妇女模样。－娃稍大点就经常被爷俩惹得生气，但又不想太折腾，只能低调地变着法表示不满。－从娃读书后才体会到佛系生气的精髓——气自己。“老公是我找的，孩子是我生的”，默念十遍。老母也都曾是温柔似水、一往情深，结婚后一个个被生活磨砺成鲁智深，刀枪棍棒，拿得起放不下。不让发脾气，难道是想憋死英雄好汉？到了某个年纪你就会幡然醒悟，什么情啊爱啊浪漫啊情操啊，这些除了费钱基本没有什么大用，婚后真正能救命的不是这些浮云，而是不要憋坏了自己。结婚宣言说：从今天开始相互拥有、相互扶持，无论是好是坏、富裕或贫穷、疾病还是健康都彼此相爱、珍惜，直到死亡才能将我们分开。当时脑子一热，觉得这些挺容易做到的。现在看看，觉得更没问题了，因为我们碰上了更难的挑战——如何不被气出小叶增生。以后的结婚宣言应该更接地气一些，不如改成这样：从今天开始柴米油盐，共同带娃，无论是辅导孩子写作文、做奥数还是英语演讲都保证不发飙；无论孩子做事拖泥带水还是配偶带娃推三阻四，都不生气、不发怒、不嫌弃、不放弃，直到九年义务教育结束乃至孙子考上大学后才能开始做一个暴脾气的女人......作者简介: 十三姐，魔都宅腐文艺斜杠女青年代表，集专栏作者 / 前卫派心理学者／城市画像探索者于一体的花季妇女，公众号格十三(GSSW13)。今日推荐阅读1、小学英语易错语法知识点归类（可查看情报君今日推送的第二篇文章）2、最全初中语文文学常识汇总，连老师都说好！（可查看情报君今日推送的第三篇文章）3、高考物理 | 100个易错知识点（可查看情报君今日推送的第四篇文章）下面这些文章估计你也喜欢↓↓↓110：小学英语：4-6年级重要短语汇总，考试常常出现，速记！111：居然有这么齐全的语文基础复习资料，小学老师的分享，收藏！112：小升初英语1600个词汇分类速记表，收藏起来113：小升初语文综合常识汇总！博学多才，在家也能教！114：小升初易错成语必看，很多孩子都吃过亏115：小升初必备资料：图解奥数七大模块重要知识点！留着当学霸116：小学数学思维导图汇总！117：小升初语文考试实用常识大全，好资料人手一份！118：这50道小升初基础却很有效的奥数题！学霸人手一份，错过可惜！119：小升初应用题宝典，好资料人手一份！建议收藏（上）120：小升初应用题宝典，好资料人手一份！建议收藏（中）121：小升初应用题宝典，好资料人手一份！建议收藏（下）311：初中数学：基础知识顺口溜，建议收藏312：初中物理所有章节公式、知识点全在这里了！313：初中英语时态用法大集合，99%的学生都收藏了！314：最全初中语文文学常识汇总，连老师都说好！315：初中数学所有公理、定理都在这儿了（附初中数学公式大全）316：21首顺口溜，帮你记住初中英语全部语法！317：初中物理知识点结构图（全）318：中考数学必须掌握的28个考点及60个易错点319：初中语文基础知识大全（值得收藏）320：中考化学能否满分 全靠这篇规律总结511：【高中物理】刷一千道题不如搞明白这些动图！512：高中英语全部知识体系结构图汇总513：高中语文背诵名句汇总，强力收藏！514：最全的高中化学思维导图，赶快收起来515：高中英语所有语法专题大汇总，还不收了吗？516：高中数学最全的思维导图（记得收藏）517：高中数学所有公式+考点难度超级合集！献给所有高考生！518：高中物理易错题100题附答案，太经典了！519：囊括了整个高中数学知识的8张图，助你高考拿高分！520：高中英语句型最全归纳，重磅来袭长按下方二维码识别关注，回复文章数字编号，即可阅读。幼儿园 | 幼升小 | 小升初 | 中考 | 高考 | 政策 | 资源 | 育儿版权声明：我们尊重版权，转载已注明来源，如反对转载，请联系删除。详情请点击版权声明和原创声明。]]></content>
  <author><![CDATA[情报君]]></author>
  <time>2018-11-10 19:41:29</time>
  <account><![CDATA[qingbaojun2016]]></account>
  <image><![CDATA[http://mmbiz.qpic.cn/mmbiz/ianq03UUWGmK4x8wVTdM27HAUGhBg5y42xAib4tJc3zkpIoCicN1cBtFopASyndib8XQvOkBm0fJFPBsHMDQq5pckg/640?wx_fmt=png|http://mmbiz.qpic.cn/mmbiz_png/s59zI0hcxhdRq0iaiaDibL5RLF9ZsJqgRiaP5ds8SlDcgZwQ17jVlvG2jekMObwT7PntiaAm5dClQDur96hicGywyoMA/640?wx_fmt=png|https://mmbiz.qpic.cn/mmbiz_jpg/CUb8gfKqwxfg037uBvAxFtjLZaoJAu0vdIEp5BwuZbuHaL81Oohf4tsIgemAxBuO6IBRkpnanhFaLxibfV7djvA/640?wx_fmt=jpeg|https://mmbiz.qpic.cn/mmbiz_jpg/CUb8gfKqwxfg037uBvAxFtjLZaoJAu0v1zhicYWnImew0V2uh4byQ8VbHBUXFKsVd5MYQP9ibdR70rRVmgt8Clnw/640?wx_fmt=jpeg|https://mmbiz.qpic.cn/mmbiz_jpg/CUb8gfKqwxfg037uBvAxFtjLZaoJAu0vm4eY73zZfDu0avWyX4R9wjZ3xnaHt0jWBo2pQkd8RvcxnIibPOt3aAA/640?wx_fmt=jpeg|https://mmbiz.qpic.cn/mmbiz_jpg/CUb8gfKqwxfg037uBvAxFtjLZaoJAu0vgDLN5amZ7GcxghXibLju7knlicD7mmdAJjfsL7ACiaV97crwC0FUI769w/640?wx_fmt=jpeg|https://mmbiz.qpic.cn/mmbiz_gif/CUb8gfKqwxfg037uBvAxFtjLZaoJAu0vrFtv30djyKicGoGI0niazOdYicSmN7e0uPosvOib7hic8QoVkQ14wVNQ3iaA/640?wx_fmt=gif|https://mmbiz.qpic.cn/mmbiz_gif/CUb8gfKqwxfg037uBvAxFtjLZaoJAu0vEtg0Bic5Nyk8x24hiaDD1l5wZod4icl9tI4oTRygHiaBBibiatC2NNtJTEmA/640?wx_fmt=gif|https://mmbiz.qpic.cn/mmbiz/p6Vlqvia1Uicxmfb50jCNmujr5O9ZSnqHusFhkOiaja5CKQVibLicCDQGua5gpDFjaxtnGbAhykoIbQCrJtgs3d05NA/640?wx_fmt=gif|http://mmbiz.qpic.cn/mmbiz_png/ianq03UUWGmK948PfiaiaGnp0sW1xbxW88s4b0UY0roeicvH5U1Hmg0FqtgdJx1n1Gj40e0tSOtbTAgO5GOA50XVhg/640?wx_fmt=png|http://mmbiz.qpic.cn/mmbiz_png/s59zI0hcxhdRq0iaiaDibL5RLF9ZsJqgRiaPXaOcS6pI2aXYOPEjibgY1g1A6w6c4XHTNmLyT3rGQesDTGTzJyBybkg/640?wx_fmt=png|https://mmbiz.qpic.cn/mmbiz_png/6ic0Bp9cTu7qCibybtKVyJrFezgZWXCu4CCXhyicI9pRRFrrAq3S3wWMTfDARgTKIuSn9gOJoHp3GJZ5v1yq1WJOg/640?wx_fmt=png]]></image>
</data>
