<data>
  <id><![CDATA[67610204]]></id>
  <url><![CDATA[https://mp.weixin.qq.com/s?timestamp=1542250462&src=3&ver=1&signature=t1tQuhfvgeQkNOJJwpbIKGrrFmd9WPCxv01TrQaBfwLWUU8Lqxr2SvaHhfgZHnhbsr-XJNJMYg5PUwERU1L0FaH0nXjy-iMzzQwG9s-0us1yya21wzd4BG1*JvZTt1B9wWckqxgxxE83m29bhL1EvPwY5-4aVcmqwQdCgdv86p4=]]></url>
  <title><![CDATA[2019年上海普通高中学业水平考试实施意见公布]]></title>
  <content><![CDATA[点击上方↑↑↑情报君↑↑↑关注我们文章精选自：上海教育、市教育考试院网、上海中考高中生们注意啦！2019年上海高中学业水平考试时间安排公布了！昨天，上海市教委、市教育考试院公布了2019年上海市普通高中学业水平考试的实施意见。考试由全市统一命题、统一评卷。其中，合格性考试分别在1月5日、6日、19日、20日，5月11日，6月28日、29日、30日举行；等级性考试在5月4日、5日举行。详细安排看过来！图/视觉中国合格性考试科目时间安排等级性考试科目和时间安排：语文、数学合格性考试采用笔试方式，时间均为90分钟；外语合格性考试分为书面笔试和听说测试，笔试不含听力，考试时间为90分钟，听说测试含听力（采用人机对话方式），时间为30分钟。思想政治、历史、地理、物理、化学、生命科学6门科目分合格性和等级性考试，均以笔试形式进行，考试时间均为60分钟；其中，物理、化学和生命科学3门科目合格性考试另设技能操作测试，测试时间均为15分钟。信息科技为合格性考试，以上机考试形式进行，考试时间为60分钟。各科目考试满分为100分。其中外语书面笔试满分为80分，听说测试满分为20分。合格性考试成绩分合格、不合格两类。由市统一组织的语文、数学、外语、思想政治、历史、地理、物理、化学、生命科学、信息科技科目合格分数线以考试分数的标准分值划定。等级性考试成绩以等级呈现，按获得该次考试有效成绩的考生（即缺考或未得分的考生除外）总数的相应比例划分等级，位次由高到低分为A+、A、B+、B、B-、C+、C、C-、D+、D、E共五等11级，其中A+约占5%，A、B+、B、B-、C+、C、C-、D+各约占10%，D、E共约15%，E为考试有效成绩低于标准分值或约占5%。图/视觉中国考务管理报名与报考2019年普通高中学业水平考试报名、报考工作由上海市教育考试院中招办具体负责。1.报名首次参加考试的本市普通高中在籍学生通过其学籍所在学校集体报名，学生基本信息由本市普通高中学籍管理系统提供。首次参加考试的其他考生（包括高中阶段其他学校在校学生，年满18周岁的社会人员，取得初中毕业或结业证书的社会人员，下同）通过网上报名、现场确认的方式办理报名手续。已参加过普通高中学业水平考试报名的学生直接进行报考。每位学生完成报名后，取得普通高中学业水平考试报名号，报名号是学生在考试中唯一的身份识别号码，遵循“一人一号，多次使用，动态管理”的原则。2.报考学生完成报名后进行相应科目的报考，完成报考后须对报考信息核对并签字确认，方能参加该科目的考试。（1）合格性考试报考本市普通高中在籍学生均须参加各科目合格性考试。学生在休学期间不得参加相应科目的报考。具有本市普通高中学籍的外籍学生可自愿参加。其他考生可自愿报名参加思想政治、历史、地理、物理、化学、生命科学、信息科技7门科目的合格性考试。考生若取得相应科目的合格性考试合格成绩，则不得再报考该科目的合格性考试。本市普通高中在籍学生可报考的合格性考试科目如下表所示:所在年级可报考科目高一地理、生命科学和信息科技高二思想政治、历史、地理、物理、化学、生命科学、信息科技高三语文、数学、外语、思想政治、历史、地理、物理、化学、生命科学、信息科技参加春考或秋季高考的本市普通高中在籍学生可用春考或秋季高考的语文、数学、外语成绩替代相应科目的合格性考试成绩（以合格/不合格呈现），可不参加对应科目的合格性考试。本市普通高中在籍学生中留级、复学（需为办理正式休学手续后复学，下同）或因其他原因未参加相应年级合格性考试科目的学生，均须按目前所在年级报考相应科目的合格性考试。思想政治、历史、地理、物理、化学、生命科学6门科目合格性考试成绩不合格的本市普通高中在籍学生，在校就读期间可选择1月份或6月份,参加该科目合格性考试作为补考，信息科技科目补考仅在6月份开考。其他科目合格性考试成绩不合格的学生由所在高中学校组织补考。1月份思想政治、历史、地理、物理、化学、生命科学6门科目合格性考试的报考对象为：高三在校生和已预报名参加2019年高考的考生，若有合格性考试相关科目从未报考或成绩不合格，可选择报考对应科目；其余凡报考过本市合格性考试相关科目的考生，因缺考或成绩不合格，也可选择报考对应的科目，但不能报考从未报考过的科目。图/视觉中国（2）等级性考试报考合格性考试成绩合格的考生方可报考相应科目的等级性考试。参加过本市普通高中学业水平考试的往届生若已取得该科目的合格成绩,可直接报考该科目的等级性考试。考生可根据高校招生要求和自身兴趣特长，在6门等级性考试科目中自主选择3门参加考试。本市高中在籍学生在高中期间获得的等级性考试成绩，在其毕（结）业当年及次年有效；本市高中在籍学生因休学、留级等原因导致高中修习年限延长，其高中在读期间取得的等级性考试成绩有效期可延长至学生毕业当年及次年有效。其他考生获得的等级性考试成绩在两年内可报名参加统一高考，其等级性考试成绩在其高考当年及次年有效；若在获得成绩两年内未报名参加高考，则该科目成绩无效。考生首次报名参加高考时（2019年高考报名成功即视为参加，下同），其选定的等级性考试不得超出3门科目，且均只能参加一次考试，报考后不可更换考试科目。考生首次参加高考前，若报考的等级性考试相关科目缺考，可再次报考对应科目的等级性考试，不可更换考试科目。考生若再次报名参加高考，3门等级性考试科目可更换，也可选择同一科目再次考试，但必须先注销有效期内前一次相关科目的等级性考试成绩。（3）外省市转学进入本市就读学生报考工作由外省市转学进入本市普通高中就读的学生（须学籍转入本市，下同），若已参加过外省市省级（或直辖市、自治区，下同）教育考试机构统一组织的高中学业水平考试，可持省级教育考试机构出具的成绩证明，在报名期间申请本市高中学业水平考试相应科目的考试成绩认定。成绩认定仅限于本市普通高中学业水平合格性考试科目，其中语文、数学、外语3门科目不予认定。物理、化学、生命科学、思想政治、地理、历史6门科目等级性考试成绩不予认定。考生申请认定的外省市普通高中学业水平考试成绩经上海市教育考试院认定后，不可再参加其已认定科目的合格性考试。学生也可报考本市相应科目的合格性考试，其在外省市参加的相应科目高中学业水平考试（或会考）的成绩不再予以认定。未转学进入本市普通高中就读的其他考生如需申请外省市成绩认定，可参照外省市成绩转入管理办法执行。图/视觉中国考试组织合格性考试和等级性考试由市教育部门组织统一命题、统一考试、统一网上评卷，确保考试公平公正。监考教师由区招生考试机构按照“本校教师回避监考本校学生”的原则进行安排。笔试科目和外语听说测试按照全市规定的时间和考务要求，统一在标准化考点内进行。信息科技科目考试由各区招生考试机构负责本辖区内考点设置、考场编排，信息科技科目考试由市统一评卷。物理、化学、生命科学3门科目技能操作测试由市教育部门统一命题、统一制定评分标准，高中学校在统一时间组织实施，采用现场评分的方式进行。区招考机构选聘两名测试监察员到各考点，负责监督指导考试管理和测评标准的执行情况。试卷保管试卷保管工作根据教育部、国家保密局相关规定执行。试卷根据保密规定印刷，试卷的领取和保存由市、区有关部门及学校按规定做好保密管理工作。评卷安排普通高中学业水平考试实行全市统一网上评卷。评卷（分）工作要严格按照上海市教育委员会的要求，切实做到安全保密、规范管理、统一标准、严守纪律。成绩处理高中学业水平考试成绩应根据对教育质量监测和成绩报告的有关要求，依照科学规范的程序进行数据统计和处理。上海市教育考试院在规定时间内将考生成绩单统一发放到各区，由各区招生考试机构发放到学校及考生本人。今日推荐阅读1、小学语文最全的关联词用法，一定要让孩子学会！（可查看情报君今日推送的第二篇文章）2、初中英语语法大全，用这16首歌诀记高效又有趣！（可查看情报君今日推送的第三篇文章）3、高中生最容易出错的500个成语，90%的同学还在错（可查看情报君今日推送的第四篇文章长按识别二维码加入QQ群-“情报君初中家长分享群”（群号：620395486），和大家一起交流预初分班考、初中学习及中考备考经验。群内分享部分资源：下面这些文章估计你也喜欢↓↓↓110：小学英语：4-6年级重要短语汇总，考试常常出现，速记！111：居然有这么齐全的语文基础复习资料，小学老师的分享，收藏！112：小升初英语1600个词汇分类速记表，收藏起来113：小升初语文综合常识汇总！博学多才，在家也能教！114：小升初易错成语必看，很多孩子都吃过亏115：小升初必备资料：图解奥数七大模块重要知识点！留着当学霸116：小学数学思维导图汇总！117：小升初语文考试实用常识大全，好资料人手一份！118：这50道小升初基础却很有效的奥数题！学霸人手一份，错过可惜！119：小升初应用题宝典，好资料人手一份！建议收藏（上）120：小升初应用题宝典，好资料人手一份！建议收藏（中）121：小升初应用题宝典，好资料人手一份！建议收藏（下）311：初中数学：基础知识顺口溜，建议收藏312：初中物理所有章节公式、知识点全在这里了！313：初中英语时态用法大集合，99%的学生都收藏了！314：最全初中语文文学常识汇总，连老师都说好！315：初中数学所有公理、定理都在这儿了（附初中数学公式大全）316：21首顺口溜，帮你记住初中英语全部语法！317：初中物理知识点结构图（全）318：中考数学必须掌握的28个考点及60个易错点319：初中语文基础知识大全（值得收藏）320：中考化学能否满分 全靠这篇规律总结511：【高中物理】刷一千道题不如搞明白这些动图！512：高中英语全部知识体系结构图汇总513：高中语文背诵名句汇总，强力收藏！514：最全的高中化学思维导图，赶快收起来515：高中英语所有语法专题大汇总，还不收了吗？516：高中数学最全的思维导图（记得收藏）517：高中数学所有公式+考点难度超级合集！献给所有高考生！518：高中物理易错题100题附答案，太经典了！519：囊括了整个高中数学知识的8张图，助你高考拿高分！520：高中英语句型最全归纳，重磅来袭长按下方二维码识别关注，回复文章数字编号，即可阅读。幼儿园 | 幼升小 | 小升初 | 中考 | 高考 | 政策 | 资源 | 育儿版权声明：我们尊重版权，转载已注明来源，如反对转载，请联系删除。详情请点击版权声明和原创声明。]]></content>
  <author><![CDATA[情报君]]></author>
  <time>2018-11-09 19:31:39</time>
  <account><![CDATA[qingbaojun2016]]></account>
  <image><![CDATA[https://mmbiz.qpic.cn/mmbiz/ianq03UUWGmK4x8wVTdM27HAUGhBg5y42xAib4tJc3zkpIoCicN1cBtFopASyndib8XQvOkBm0fJFPBsHMDQq5pckg/640?wx_fmt=png|https://mmbiz.qpic.cn/mmbiz_png/s59zI0hcxhdRq0iaiaDibL5RLF9ZsJqgRiaP5ds8SlDcgZwQ17jVlvG2jekMObwT7PntiaAm5dClQDur96hicGywyoMA/640?wx_fmt=png|https://mmbiz.qpic.cn/mmbiz_jpg/foYT69pntMFAEUO8ic4gCkvpuunrdcQbPr3MHaMbI55bJN9nibeicS6kIkEowuUzheOkGEicV5c8gENfXl6ta7KSjw/640?wx_fmt=jpeg|https://mmbiz.qpic.cn/mmbiz_png/foYT69pntMFAEUO8ic4gCkvpuunrdcQbPEffr9YO0HStVgBJeialwp8ia1QXNgSxO0EUTUO6XBJo8wFqhXP3hoSiaw/640?wx_fmt=png|https://mmbiz.qpic.cn/mmbiz_png/foYT69pntMFAEUO8ic4gCkvpuunrdcQbPoF7zK4gRicg7vhqDFRJzeiamxsVDvesm7SJRNWx2onj62pibO0MkP5Z2g/640?wx_fmt=png|https://mmbiz.qpic.cn/mmbiz_jpg/foYT69pntMFAEUO8ic4gCkvpuunrdcQbPsTzCBtzRSwytibBxRKUpCKTDTnXkQc7RcvuIibQ1zIkgm9vuhrpoz3dg/640?wx_fmt=jpeg|https://mmbiz.qpic.cn/mmbiz_png/8V8uMuoXOHQ8edQtaHSaSgS67cJN3pKyLSCwrwLOgjTzDkb111r4vP03MSY3lMiccPzTmDiaibnMcQniaUc2zHlsHw/640?wx_fmt=png|https://mmbiz.qpic.cn/mmbiz_jpg/foYT69pntMFAEUO8ic4gCkvpuunrdcQbPste9tOqyVv09JPlibqLMpibz1eDXOcFvPE29s2vtzXJoaPygMG01bpkA/640?wx_fmt=jpeg|https://mmbiz.qpic.cn/mmbiz_jpg/foYT69pntMFAEUO8ic4gCkvpuunrdcQbPdOXAPMX8MtD7pYw1WS3sN4aBfKdxGRQegFkmPxmiaibJqTI37O2TyNOw/640?wx_fmt=jpeg|https://mmbiz.qpic.cn/mmbiz_png/8V8uMuoXOHQ8edQtaHSaSgS67cJN3pKyLSCwrwLOgjTzDkb111r4vP03MSY3lMiccPzTmDiaibnMcQniaUc2zHlsHw/640?wx_fmt=png|https://mmbiz.qpic.cn/mmbiz/p6Vlqvia1Uicxmfb50jCNmujr5O9ZSnqHusFhkOiaja5CKQVibLicCDQGua5gpDFjaxtnGbAhykoIbQCrJtgs3d05NA/640?wx_fmt=gif|http://mmbiz.qpic.cn/mmbiz_png/s59zI0hcxhdYOTSmmsYrGTkheduSgHE2VzzzTKFrs0k8C9rv37XQcNzwIpdrmmsAZfpe7xlLRjUg0m5ZhicgXwA/640?wx_fmt=png|http://mmbiz.qpic.cn/mmbiz_png/s59zI0hcxhdYOTSmmsYrGTkheduSgHE23ibc9zoPNGMGLS3p35sGjhzfWnosYxEwqRFQkoanXzQwey7oticXYqVw/640?wx_fmt=png|http://mmbiz.qpic.cn/mmbiz_png/ianq03UUWGmK948PfiaiaGnp0sW1xbxW88s4b0UY0roeicvH5U1Hmg0FqtgdJx1n1Gj40e0tSOtbTAgO5GOA50XVhg/640?wx_fmt=png|http://mmbiz.qpic.cn/mmbiz_png/s59zI0hcxhdRq0iaiaDibL5RLF9ZsJqgRiaPXaOcS6pI2aXYOPEjibgY1g1A6w6c4XHTNmLyT3rGQesDTGTzJyBybkg/640?wx_fmt=png|https://mmbiz.qpic.cn/mmbiz_png/6ic0Bp9cTu7qCibybtKVyJrFezgZWXCu4CCXhyicI9pRRFrrAq3S3wWMTfDARgTKIuSn9gOJoHp3GJZ5v1yq1WJOg/640?wx_fmt=png]]></image>
</data>
