<data>
  <id><![CDATA[67610204]]></id>
  <url><![CDATA[https://mp.weixin.qq.com/s?timestamp=1542250462&src=3&ver=1&signature=t1tQuhfvgeQkNOJJwpbIKGrrFmd9WPCxv01TrQaBfwLWUU8Lqxr2SvaHhfgZHnhbsr-XJNJMYg5PUwERU1L0FY*VKJntqZlKKNMUtG0pGVzXXAVGdnnaq6myX3gFNb4gegdyPS6c3GZYDpuFkM8lKVxrrUlb4hwozvdKv7YdNS8=]]></url>
  <title><![CDATA[黄菡:父母没有自己的生活，是对孩子最坏的影响]]></title>
  <content><![CDATA[点击上方↑↑↑情报君↑↑↑关注我们亲子关系，作为一种长久、亲密的关系，要学会经营。需要我们用心，用智慧，用知识和理论去“经营”。并且要学，真的要学。“我理解的养育孩子最重要的两点：一是，维护健康亲密的夫妻关系；二是，让自己努力成为你希望孩子成为的那种人，而不是让孩子努力。”黄菡老师作为一位母亲，一位有社会心理学背景的学者、主持人，在如何处理亲子关系上，或许更能给我们以启迪。.......................................一、做父母是一门课，是要学习的我理解的养育孩子最重要的两点：一是，维护健康亲密的夫妻关系；二是，让自己努力成为你希望孩子成为的那种人，而不是让孩子努力。对于长久地维系一段亲密关系而言，好的性情比好的外貌重要，反思自我比洞悉对方重要，修养品德比掌握技巧重要。而对于获得更多的人生的满足感而言，成就一个自强独立的自我，比成功地维系一段亲密的两性关系更重要。亲子关系，作为一种长久、亲密的关系，要学会经营。需要我们用心，用智慧，用知识和理论去“经营”。并且要学，真的要学。我觉得不仅仅怎么做一个合格的妈妈要学，还有很多其他方面也要学。在亲子关系中，我应该算是那种特别有尊重对方，跟对方平等相处意识的家长，这还是比较难能可贵的。我觉得我已经是尽其可能地给了她一个比较恰当的自由、自主和自处的空间。当然，完全放弃控制和制约是不可能的——那样的自由也就可怕了。对孩子的尊重最主要的一个表现就是，他们的事情，一定要独立。总结一句就是“非请莫帮，请了必帮”。像是那种从小追着“吃啊吃啊你还没吃呢”“穿啊穿啊今天冷啦”的情况，就很不好。还有就是要尽量去理解她。说到理解，我觉得理解都容易，但是更重要的一点其实是要理解完了产生情感上的共鸣。要是自家女孩儿喜欢上一男孩儿，你知道了。不理解就是“你怎么早恋啊,早恋了就危险了,就完了”，理解就是“很正常啊，你这个年龄喜欢上一个异性嘛，并且有那种羞涩的感觉，我觉得是很正常的”，这样就容易有情感上的共鸣。二、与青春期的孩子相处不顺，父母要先做调整在女儿现在正值青春期时，我与她的相处遇到一些困难。我一直觉得我和女儿相处得挺好的，但青春期时有点不顺利，总觉得遇到一些问题的时候，双方都觉得对方不能体谅自己，觉得对方有一点太过情绪化，太过官腔，互相的要求太过苛刻。后来我就意识到自己要先做调整。认识上面，还是尽量去理解，就想“她小我大嘛，她浅薄我深刻嘛”，我应该多去理解她；行动上面，就是控制自己的情绪，在两个人有可能产生冲突的时候，我控制自己的情绪更多一些。十八岁的女儿对她四十八岁的妈妈说：“你知不知道？我们这个年龄的人最不愿意跟你们这个年龄的人交流！”冷静地想想，可以理解。没关系呀，我愿意等我们都过了现在的年龄，再做回亲密如初的母女。三、我明确反对一种态度：一切为了孩子何为良母？说不好，但我明确反对一种态度：一切为了孩子。我觉得奇怪的是，为什么有些家长会认为只有上各种培训班才是让孩子接受教育，为什么带着孩子看电影、唱歌、打球、旅游，让孩子上网、看小说、玩游戏、跟同学聚会，或者纯粹而简单的一家人的晚餐就不是对孩子更为不可或缺的教育？女儿说到家庭，她说，我关于家的感觉不是妈妈在厨房忙碌地准备早餐，或者大雨瓢泼里从身后递来一把伞。我心虚地追问，那是什么呢？她说，是沮丧时有人会跟我说一些话，然后我就振作了。看我有点失望，她说，这就够不容易的了，好些人沮丧时听父母说了一些话，然后就更沮丧了。一家三人出游，日均争执三次。女儿总结我们的家风是：不吝自我表扬，不惜相互诋毁，不断共同进步。女儿过生日时我录节目，提前请她吃饭。想起十余年前，我出差刚回家又要出门，她哇哇大哭不让我走，后来不断打电话要我回家，后来我手机上有她18个未接电话……再后来她越来越独立，再后来她经常不接我的电话。现在常想的是，我该怎样避免离不开她。四、父母一定要有自己的生活我理解的养育孩子最重要的两点：一是，维护健康亲密的夫妻关系；二是，让自己努力成为你希望孩子成为的那种人，而不是让孩子努力。父母也要有自己的生活。这里我想引用一句荣格的话：父母对孩子的最不好的影响，莫过于让孩子觉得他们的父母没有好好过日子。从我的理解来说，这里面有两层意思。第一层是，父母对孩子的教育过程当中，最主要的是保持良好的夫妻关系，让孩子看到，在工作之外，你还能处理好你和配偶的关系，并且是带着爱的感觉的。第二层是，他们的父母有自己的日子，任何一方都有自己的价值，都有自己努力和追求的东西。如果父母一切为了孩子，那么他们自己在哪里，如果父母可以没有的话，那孩子会觉得他也可以没有。五、父母若想影响孩子择偶，该在他们成年之前做工作父母若想影响孩子的择偶，那该早在儿女成年之前做工作，等到他们已经恋爱了再去干涉，那多半是吃力不讨好的事。每遇五、六十岁的父母为子女的婚恋抱怨，我仅建议，喜欢的就多帮帮，不喜欢的就少来往。像孩子一样，重新学着独立。孩子对人性的理解可能会经历三个阶段，先是频繁地发现尽情地指责他人的狭隘自私和虚伪，然后痛苦地发现艰难地自责自己的无知贪婪和软弱，之后认为这就是真实的人性所以漠然淡然坦然。希望她有机会再向后，虽然我不确定向上向善必然会有更多世俗的快乐。我当然希望，女儿有足够的知识理解所有人，足够的慈悲接受绝大多数人，有好的性情喜欢上一些人，好的运气深爱一个人。我希望她从现在开始学习承担责任，“男人爱你就能给你免除一切生活责任”，这是幻想。即便男人愿意挣钱养家，你还得负责貌美如花呢。年轻时容易被那些愤世嫉俗的人吸引，以为他们有深刻不俗的生活。但还是多跟那些自觉幸福的人在一起吧，真正幸福的人多对外部世界有正面反馈，不易伤害到你。也正是因此，我们会期望而不是嫉妒别人幸福。对于长久地维系一段亲密关系而言，好的性情比好的外貌重要，反思自我比洞悉对方重要，修养品德比掌握技巧重要。而对于获得更多的人生的满足感而言，成就一个自强独立的自我比成功地维系一段亲密的两性关系更重要。下面这些文章估计你也喜欢↓↓↓110：小学英语：4-6年级重要短语汇总，考试常常出现，速记！111：居然有这么齐全的语文基础复习资料，小学老师的分享，收藏！112：小升初英语1600个词汇分类速记表，收藏起来113：小升初语文综合常识汇总！博学多才，在家也能教！114：小升初易错成语必看，很多孩子都吃过亏115：小升初必备资料：图解奥数七大模块重要知识点！留着当学霸116：小学数学思维导图汇总！117：小升初语文考试实用常识大全，好资料人手一份！118：这50道小升初基础却很有效的奥数题！学霸人手一份，错过可惜！119：小升初应用题宝典，好资料人手一份！建议收藏（上）120：小升初应用题宝典，好资料人手一份！建议收藏（中）121：小升初应用题宝典，好资料人手一份！建议收藏（下）311：初中数学：基础知识顺口溜，建议收藏312：初中物理所有章节公式、知识点全在这里了！313：初中英语时态用法大集合，99%的学生都收藏了！314：最全初中语文文学常识汇总，连老师都说好！315：初中数学所有公理、定理都在这儿了（附初中数学公式大全）316：21首顺口溜，帮你记住初中英语全部语法！317：初中物理知识点结构图（全）318：中考数学必须掌握的28个考点及60个易错点319：初中语文基础知识大全（值得收藏）320：中考化学能否满分 全靠这篇规律总结511：【高中物理】刷一千道题不如搞明白这些动图！512：高中英语全部知识体系结构图汇总513：高中语文背诵名句汇总，强力收藏！514：最全的高中化学思维导图，赶快收起来515：高中英语所有语法专题大汇总，还不收了吗？516：高中数学最全的思维导图（记得收藏）517：高中数学所有公式+考点难度超级合集！献给所有高考生！518：高中物理易错题100题附答案，太经典了！519：囊括了整个高中数学知识的8张图，助你高考拿高分！520：高中英语句型最全归纳，重磅来袭长按下方二维码识别关注，回复文章数字编号，即可阅读。幼儿园 | 幼升小 | 小升初 | 中考 | 高考 | 政策 | 资源 | 育儿本文精选自：网络，未找到初始来源版权声明：我们尊重版权，转载已注明来源，如反对转载，请联系删除。详情请点击版权声明和原创声明。]]></content>
  <author><![CDATA[情报君]]></author>
  <time>2018-11-11 19:36:33</time>
  <account><![CDATA[qingbaojun2016]]></account>
  <image><![CDATA[http://mmbiz.qpic.cn/mmbiz/ianq03UUWGmK4x8wVTdM27HAUGhBg5y42xAib4tJc3zkpIoCicN1cBtFopASyndib8XQvOkBm0fJFPBsHMDQq5pckg/0?wx_fmt=png|http://mmbiz.qpic.cn/mmbiz_png/s59zI0hcxhdRq0iaiaDibL5RLF9ZsJqgRiaP5ds8SlDcgZwQ17jVlvG2jekMObwT7PntiaAm5dClQDur96hicGywyoMA/0?wx_fmt=png|https://mmbiz.qpic.cn/mmbiz_jpg/ScKWLaD5Fv7HzMLFvmaHRnJFzlxPsg1k0ftOqibH3BERBl80QIjjL5cqsIxR0PSFPpsEHwoy0p93PPm9mvPxOfw/640?wx_fmt=jpeg|https://mmbiz.qpic.cn/mmbiz_jpg/ScKWLaD5Fv5zVWj0dIPPEGlvSmZ8COtZeuU5GaOcspRb1VVUichr2tDr5pSAzX1Dz8Ou77oyT4Hqo3czMVqwExQ/640?wx_fmt=jpeg|https://mmbiz.qpic.cn/mmbiz_jpg/ScKWLaD5Fv5zVWj0dIPPEGlvSmZ8COtZIrTcJJp9l8DN32ncm9S55tS8AOoh0WiagZ7lJQXibAgw1b3DH0KZM4HA/640?wx_fmt=jpeg|http://mmbiz.qpic.cn/mmbiz/p6Vlqvia1Uicxmfb50jCNmujr5O9ZSnqHusFhkOiaja5CKQVibLicCDQGua5gpDFjaxtnGbAhykoIbQCrJtgs3d05NA/0?wx_fmt=gif|http://mmbiz.qpic.cn/mmbiz_png/ianq03UUWGmK948PfiaiaGnp0sW1xbxW88s4b0UY0roeicvH5U1Hmg0FqtgdJx1n1Gj40e0tSOtbTAgO5GOA50XVhg/640?wx_fmt=png|http://mmbiz.qpic.cn/mmbiz_png/s59zI0hcxhdRq0iaiaDibL5RLF9ZsJqgRiaPXaOcS6pI2aXYOPEjibgY1g1A6w6c4XHTNmLyT3rGQesDTGTzJyBybkg/640?wx_fmt=png|https://mmbiz.qpic.cn/mmbiz_png/6ic0Bp9cTu7qCibybtKVyJrFezgZWXCu4CCXhyicI9pRRFrrAq3S3wWMTfDARgTKIuSn9gOJoHp3GJZ5v1yq1WJOg/0?wx_fmt=png]]></image>
</data>
