<data>
  <id><![CDATA[51486820]]></id>
  <url><![CDATA[https://mp.weixin.qq.com/s?timestamp=1539596535&src=3&ver=1&signature=Egrj350GoKY8-KUcIJshb0UUZPRDYFvHBLMq9X5FQxT*-Sqh22KkO2skKj6krYvoth5c36TINHQeFhsDWYMyHagNU7L5miOZihjfCJS5iZ9465L5Fpi9u8zqJRUbcLUm1UeNkoMcQ9z8Y*tFZx1hEzqXRhzUzGX4UwcNzyE3*b0=]]></url>
  <title><![CDATA[2018百色各地活动安排已出炉！这个国庆，留在百色和我们一起过节吧！]]></title>
  <content><![CDATA[图文编辑||百色网连上6天班只为了迎接国庆7天小长假算下来，今天就是节前上班的第5天了一想到即将到来的国庆假期内心内个激动啊终于可以痛痛快快的玩一场了今年十一黄金周全国各地包括广西在内的多个景区都纷纷下调了门票价格简直就是超级大福利啊不去玩简直亏大了！有木有~告诉你们吧其实他们也是这样想的↓↓↓其实不想人挤人干脆就留在百色过节多好百色各地好吃好玩又有趣的活动可多了去了就等你来pick啦百色市星河水上乐园9月25日~9月30日，百色星河水上乐园推出星河雪世界+星河水上乐园成人套票：星河雪世界+1元玩星河水上乐园，即68元预售价格购买星河雪世界门票，加1元即可游玩星河水上乐园，再加10元转小镇三大项目（星河水上乐园+星河雪世界+奇幻两馆）。10月1日-7日，在星心桥酒店住宿及就餐消费均可享受9.5折优惠。01购票方式一：扫描下方二维码，购买星河雪世界预售票↓↓↓02购票方式二：星河雪世界门市票价：98元／人购票时间：2018年10月1日-7日现场购票 ＋11元玩转星河水上乐园、星河雪世界、星河奇幻港（未来奇幻空间、地心探险王国）三大项目03优惠信息：户外越野享受畅玩价：88元（原价158元）星心桥酒店吃住立享9.5折！优惠时间：2018年10月1日-7日在国庆期间，百色欢乐小镇将会比平日多增加一倍的表演互动活动，每天不同时段推出17个特色节目，届时你就只管尽情尖叫吧！欲知更多精彩戳这里→公车直达！百色人国庆必去！7天带你解锁10大新玩法！红谷慢生活休闲农庄9月30日，红谷慢生活休闲农庄现场将举办国庆才艺大比拼活动，凡当晚自愿报名上台一展才艺的游客朋友们奖励一张价值千元的红谷书院住宿卡。价格：成人80元/人、未成年人50元/人，付费后即可享受长桌宴美食。田阳县田州古城国庆7天乐，田州古城将开展精彩迭出的壮乡牛王争霸、精彩迭出的田阳舞狮表演、时尚酷炫的跑酷与极限滑板等一系列丰富多样的活动带您嗨翻天！欲知更多精彩戳这里→田州古城国庆七天乐！牛王争霸、田阳舞狮、特色美食……精彩活动不停歇！聚之乐休闲农业景区10月1日-7日，田阳县聚之乐休闲农业园将举办梦幻灯光节、更有捣糍耙比赛、水果采摘比赛、水果大餐等你来品尝！田阳聚之乐休闲农业园位于田阳县百育镇敢壮山大道中段，距离百色市区仅30多分钟车程，交通十分便利。园区占地1200多亩，可接待万人游客。是集吃、食、住、购、娱为一体的国家4A级休闲农业景区。园内有许多水果园区，葡萄园、四季采摘园、台湾莲雾采摘园、芒果采摘园等。平果县黎明通天河&鸳鸯摊漂流景区10月1日-10月7日，平果通天河和平果鸳鸯滩漂流景区推出两大套票优惠活动，具体优惠如下：01一、两大景区套票优惠游平果通天河景区+平果鸳鸯滩漂流景区套票成人：150元/套（原价：通天河158元+鸳鸯滩168元）儿童：100元/套（原价：通天河79元+鸳鸯滩60元）通天河景区位于平果市黎明乡208省道旁，距平果县城88公里，景区分为暗河游览与陆路游览两部分，全程2小时，陆路与水路奇景相映成趣、融会贯通、深幽神秘、如梦如幻、美不胜收！02二、家庭套票亲子游家庭套票（2大1小）：150元/套两张成人票+一张儿童票（1.2米以下）共150元，其中成人票各75元，儿童免票。注：家庭套票在平果通天河、平果鸳鸯滩景区均适用。平果市马头镇金显村鸳鸯滩漂流度假景区，距平果城区约15公里，交通便利。漂流河段全长4.8公里，多半河段被森林全覆盖，全程共19个落差，天然河道，急而不险，老少皆宜，四季可漂。2018“奔跑吧·广西”生态马拉松系列赛2018“奔跑吧·广西”生态马拉松系列赛（广西平果站），将于2018年10月1日 08：00在广西·百色·平果县文化公园起跑，目前报名已截止，欢迎大家准时围观！在平果，不论跑者、志愿者、还是观光客，你都拒绝不了当地美食的诱惑。水果+美味佳肴这份视频大餐请提前收好！德保县德保首届“中国农民丰收节”德保首届“中国农民丰收节” 暨非“肠”不可美食节将于10月1日-3日举办，有德保特色农产品展示、文艺表演、趣味活动、美食评比等活动。德保吉星岩、红叶森林公园2个国家AAAA景区在国庆期间也有优惠。地点：德保县腾飞广场欲知更多精彩活动内容及景区优惠信息请戳→德保首届“中国农民丰收节”要怎么玩？国庆还不懂去哪的赶紧看！乐业县大石围天坑群景区、罗妹洞10月1日-7日，凭动车票（车票终点站为百色）可享受景区门票优惠：大石围景区50元/人，罗妹莲花洞景区40元/人。乐业大石围天坑群位于乐业县同乐镇刷把村百岩脚屯，是世界上最大的天坑群，集险、奇、峻、雄、秀、美于一体，是世界上罕见的旅游奇观。罗妹莲花洞位于乐业县城西南1公里的乐雅公路旁，洞长1000米，洞内分为六大景区，有59个景点。复合型为主的景观形态各异，惟妙惟肖，栩栩如生。内有莲花盆200多个，莲花盆之王直径达9.4米，莲花盆数量及规模堪称世界之最。靖西市渠洋湖景区10月1日-3日，上午11点整准时在渠洋湖景区水寨码头进行民俗风情歌舞表演。渠洋湖是典型的喀斯特熔蚀高原地貌，听游船驾驶员唱着山歌游渠洋湖，伴随着悠扬的山歌，在青山绿水间亲身感受壮家的魅力。旧州古镇10月1日-6日，每天晚上八点整在旧州风景区举办旧州民俗风情歌舞篝火晚会。通灵大峡谷10月1日-6日，游客通过发布朋友圈和短视频获得通灵大峡谷景区送出的精美礼品。01形式一：微信朋友圈晒起来选取9张广西通灵大峡谷美照或1个视频，配上文字：“广西通灵大峡谷，随手一拍都是美景”，发布微信朋友圈（所有人可见），停留30分钟，集齐10个评论。02形式二：短视频秀起来拍摄广西通灵大峡谷景区相关视频，配上文字：“广西通灵大峡谷，随手一拍都是美景”，发布在抖音、快手、微视等短视频平台，集齐10个爱心。注：记得将发布的微信朋友圈动态或者短视频出示给工作人员认证→关注景区微信公众号，即可领取精美礼品哦！（只要通过两种方式其中的一种参与活动，即可领取精美礼品，送出礼品数量有限，先到先得哦~）景区地址：靖西市湖润镇凌云县浩坤湖10月1日-7日，活动内容如下：1、在坡贴游客集散中心举行浩坤湖景区全面开放仪式；2、10月1日至7日景区每天举行两场文艺节目演出；3、举办民族手工刺绣作品展和展销活动以及民族服装展示；4、凌云特色美食和旅游商品展销；5、当地群众农副土特产品销售等。优惠活动：1、景区套票100元/张（含门票、船票、换乘车票），景区首道大门票50元/张，凌云人游景区首道大门票20元/张，电动游船票50元/张、竹排游船票30元/张，换乘车票20元/张（含往返），观光车票10元/张（含往返），停车票10元/车次；2、景区内群众凭身份证免费出入，其他凌云户籍游客持身份证首道大门票20元/人，1.2米以下和60周岁以上游客免收景区首道大门票；3、游客凭票进入景区和乘车、乘船。茶山金字塔10月1日-7日，活动内容如下：1、举行手工采茶、制茶活动；2、茶叶品评比赛；3、在叙茗轩举行飞镖投掷、幸运大转盘等活动。优惠活动：1、游客有礼品赠送；团队10人（含10人）以上，享受团队5折门票优惠；2、凌云县户籍，凭身份证购票20元/人。纳灵河谷景区10月1日-7日，活动内容如下：1、举行户外婚礼仪式；2、观溶洞美景。纳灵河谷原名那灵洞，位于县城迎晖山北1公里处，与水源洞遥遥相望。因地处山脚田坝边，常有猴子出没而得名。纳灵洞又因洞内景色万千，以“纳万千灵气”之意而著称。灵洞长约三公里，洞内有河，四季长流，洞中钟乳石柱、石幔、珊瑚、鸟兽等奇光异彩，千姿百态。优惠活动：1、团队20人（含20人）以上，享受团队6折门票优惠；2、凌云县户籍，凭身份证购票20元/人。西林县宫保风情岛10月1日-10月4日，具体活动如下：10月1日颂国庆——庆丰收杯西林歌手声乐大赛决赛10月2日-3日“网红脸谱”演唱比赛10月4日户外婚礼体验地处西林驮娘江畔的宫保风情岛，风景秀丽，与那劳宫保府毗邻，交通便利。特色的建筑风格，散发着浓郁的民族风情。哇塞看了这么多精彩活动是不是早已按捺不住想出发的心了这个国庆留在百色和我们一起狂欢吧||信息来源：百色市旅游发展委员会（版权归原作者所有，如有侵犯请联系小编删除）||综合编辑：百色吃喝玩乐购||爆料/合作：18377613520<< 免责声明>>对于文中部分内容及图片，我们致力于保护原作者版权，转载或引用仅为传播更多信息为目的，部分源自互联网，无法核实真实出处，如涉及侵权，请联系我们删除，谢谢!-法律顾问-长按以下二维码关注我们]]></content>
  <author><![CDATA[百色吃喝玩乐购]]></author>
  <time>2018-09-30 17:50:00</time>
  <account><![CDATA[www-baise-cc]]></account>
</data>
