<data>
  <id><![CDATA[51486820]]></id>
  <url><![CDATA[https://mp.weixin.qq.com/s?timestamp=1539596535&src=3&ver=1&signature=Egrj350GoKY8-KUcIJshb0UUZPRDYFvHBLMq9X5FQxT*-Sqh22KkO2skKj6krYvoth5c36TINHQeFhsDWYMyHbQEshYSRMnbhlc*1S5Bq5HUrWeCWwTGR7Tp7-r*2IEUe-FrdXDSJz21M0CR02RJVjTNqZZ46WI11yJoqs3mCIA=]]></url>
  <title><![CDATA[又一批广西历史文化街区名单出炉，百色这两个地方上榜啦！]]></title>
  <content><![CDATA[图文编辑||百色网近日，广西壮族自治区人民政府发布通知，确认柳州市曙光西路历史文化街区、东门历史文化街区，百色市百胜街历史文化街区、解放街历史文化街区等4个街区确定为第二批自治区级历史文化街区。通知称，历史文化街区是历史文化遗产保护体系的重要组成部分，是不可再生的珍贵资源，具有重要的历史文化价值。第二批自治区级历史文化街区柳州市曙光西路历史文化街区曙光西路古时为柳州古城南段城墙内侧路，曾是一条极为兴盛的官商要道。解放前，曙光西路称流水沟、铁局街。这条街上，保留了大量历史文物和历史遗迹，是一条极富历史意义和价值的古街。2013年柳州市启动了曙光西路历史文化街区保护与改造项，经过历时3年的全方位改造，曾经沧桑的老街老巷换了新颜，既保留了原有的古朴韵味，又给人以干净、整洁的新鲜之感。柳州曙光西路前新起的牌坊。柳州市东门历史文化街区东门历史文化街区自唐代以来就为柳州的城址所在地，基本保持了自明代开始的街道格局与空间尺度，还保留了民国时期的城墙，是具有较大规模的历史建筑和风貌相对完整的生活区。东门历史文化街区的改造也遵循了“修旧如旧”的原则，罗池路东一巷的路面用一块块青砖铺成纵横交错的纹路，美观又整洁，顺着这条小路就可以走到东门城楼。平时，有很多市民和外地游客来东门城楼游览，了解柳州的历史文化。柳州东门百色市百胜街历史文化街区、百色市解放街历史文化街区百色市解放街、百胜街等两个街区历史悠久，始建于清雍正三年（1725年），早于百色古城而建，当时已是滇黔桂三省（区）的交通节点和物资往来之地。此后的200多年，两个街区一直是百色商业建筑集中之地，是百色历史名人的居所，也是百色城延续至今的商业中心之一。当时修建的粤东会馆等主要建筑，更见证了风起云涌的百色起义、百色解放等影响中国近代革命历史发展中的重大历史事件。通知要求全区各级各部门要按照《历史文化名城名镇名村保护条例》及相关规定，依法做好历史文化街区保护规划的编制和实施工作，完善保护规章制度，切实加强历史文化街区保护工作。自治区住房城乡建设厅、文化厅等有关部门要切实加强对历史文化街区保护工作的指导、监督和检查。||信息来源：广西头条（版权归原作者所有，如有侵犯请联系小编删除）||综合编辑：百色吃喝玩乐购||爆料/合作：18377613520<< 免责声明>>对于文中部分内容及图片，我们致力于保护原作者版权，转载或引用仅为传播更多信息为目的，部分源自互联网，无法核实真实出处，如涉及侵权，请联系我们删除，谢谢!-法律顾问-长按以下二维码关注我们]]></content>
  <author><![CDATA[百色吃喝玩乐购]]></author>
  <time>2018-10-07 17:55:00</time>
  <account><![CDATA[www-baise-cc]]></account>
</data>
