<data>
  <id><![CDATA[51486820]]></id>
  <url><![CDATA[https://mp.weixin.qq.com/s?timestamp=1539596535&src=3&ver=1&signature=Egrj350GoKY8-KUcIJshb0UUZPRDYFvHBLMq9X5FQxT*-Sqh22KkO2skKj6krYvoth5c36TINHQeFhsDWYMyHUMBNlbkY8dR53AVGysZsjc6btAcXuRqVDzFOnS1LxYvrOaql34Wcz777mnFCnIc-5rvviMkA2l8*wt702XSfgw=]]></url>
  <title><![CDATA[违规发放“过节费”和节礼，平果这两个单位主要领导受到政务撤职和行政降级处分]]></title>
  <content><![CDATA[图文编辑||百色网1.平果县老干局违规发放“过节费”，违规公款报销餐费，购买烟酒、礼品、土特产等的问题。2013年至2016年，平果县老干局通过虚列开支的方式违规套取办公经费，用于节假日给干部职工发放“过节费”；同时，允许单位干部职工将个人餐费，个人购买的礼品、土特产、烟酒等票据拿到单位报账，违反了中央八项规定精神。时任县老干局局长黄莉莉作为单位“一把手”，未能切实履行全面从严治党主体责任，且在党的十八大后仍不收敛、不收手，指示、同意单位会计和出纳虚列开支的各种行为，对上述问题的发生负有主要领导责任，2018年8月，黄莉莉受到留党察看一年、政务撤职处分；时任县老干局会计陈华龙对上述问题负有直接责任，2018年6月，陈华龙受到党内严重警告、政务降级处分；时任县老干局出纳员农世敏对上述问题负有直接责任，2018年6月，农世敏受到党内严重警告处分。2.平果县政务服务管理办公室违规发放“过节费”和节礼等问题。2008年起，平果县政务服务管理办公室在办证大厅设置打字复印服务点，用收取的打字复印费设立单位“小金库”。逢年过节，使用“小金库”的资金以现金或洗车卡等方式发给干部职工过节费和节礼。时任县政务服务管理办公室主任潘锦学对上述问题的发生负有主要领导责任，2017年12月受到党内严重警告、行政降级处分；时任县政务服务管理办公室会计方艳玲对上述问题负有直接责任，2018年2月受到党内警告处分。||信息来源：平果县纪委监委（版权归原作者所有，如有侵犯请联系小编删除）||综合编辑：百色吃喝玩乐购||爆料/合作：18377613520<< 免责声明>>对于文中部分内容及图片，我们致力于保护原作者版权，转载或引用仅为传播更多信息为目的，部分源自互联网，无法核实真实出处，如涉及侵权，请联系我们删除，谢谢!-法律顾问-长按以下二维码关注我们]]></content>
  <author><![CDATA[百色吃喝玩乐购]]></author>
  <time>2018-10-08 17:54:52</time>
  <account><![CDATA[www-baise-cc]]></account>
</data>
