<data>
  <id><![CDATA[51486820]]></id>
  <url><![CDATA[https://mp.weixin.qq.com/s?timestamp=1539596535&src=3&ver=1&signature=Egrj350GoKY8-KUcIJshb0UUZPRDYFvHBLMq9X5FQxT*-Sqh22KkO2skKj6krYvoth5c36TINHQeFhsDWYMyHUuH3*K14v5QlNUl5DTl6lz-cJgWnGCVKOt676klH79F82flK4hTCjJHmlpCdL3ovOZ1f90Y6SZYTLXrjwlNxgI=]]></url>
  <title><![CDATA[百色一伙小毛孩大街上互殴上演“古惑仔”大片，网传1人死亡，真相是……]]></title>
  <content><![CDATA[图文编辑||百色网无知，无畏两人因琐事发生矛盾便各自纠集人员手持木棍钢管，在大街上互殴上演古惑仔大片，本以为很威风没想到最终都落到了警察手里10月8日，田阳警方发挥合成作战优势，经过多方调查走访，抓获打架斗殴违法人员10人，成功破获10月6日凌晨田州古城红绿灯路口打架斗殴案，及时消除了社会影响。嫌疑人被抓获2018年10月6日凌晨，在田阳县田州镇布洛陀大道田州古城红绿灯路口发生一起打架斗殴案，有10多名小青年手持木棍、钢管围殴另外两名小青年。当天该案件视频在田阳各微信朋友圈疯狂流传，并传出有一人死亡的谣言。案件发生后，田阳县公安局立即开展调查核实，锁定嫌疑人，办案民警于10月8日将黄某、王某、梁某、罗某等10名涉案人员逐一传唤到案。经调查核实，嫌疑人李某因琐事与黄某发生矛盾，纠集周某、黄某某等人于6日凌晨上街寻找黄某伺机对其进行殴打，双方在古城红绿灯路口相遇并持械打架，周某、黄某某两人被黄某一伙殴打致轻微伤。嫌疑人指认现场因涉案人员均为未成年人，10月9日，田阳县公安局召集涉案人员家长、相关部门领导共同对黄某、王某、梁某、罗某等10人进行严厉训诫，向其讲解相关法律知识，由其监护人负责赔偿受害人周某、黄某某的医疗费用，责令监护人对其严加看管。目前，该案件已得到妥善处理。涉案人员被集中训诫民警温馨提醒网络社会也是法治社会，网络空间也是公共场所，网民的言行依然受到法律等行为规则的约束。希望广大网民要自觉遵守法律法规，坚持道德准则，规范网上言行，切勿编造、发布、传播不实信息，做到不造谣、不信谣、不传谣。对捏造或歪曲事实、散布谣言，扰乱社会秩序的，公安机关将依法追究法律责任。||信息来源：田阳公安（版权归原作者所有，如有侵犯请联系小编删除）||综合编辑：百色吃喝玩乐购||爆料/合作：18377613520<< 免责声明>>对于文中部分内容及图片，我们致力于保护原作者版权，转载或引用仅为传播更多信息为目的，部分源自互联网，无法核实真实出处，如涉及侵权，请联系我们删除，谢谢!-法律顾问-长按以下二维码关注我们]]></content>
  <author><![CDATA[百色吃喝玩乐购]]></author>
  <time>2018-10-11 17:51:00</time>
  <account><![CDATA[www-baise-cc]]></account>
</data>
