<data>
  <id><![CDATA[51486820]]></id>
  <url><![CDATA[https://mp.weixin.qq.com/s?timestamp=1539596535&src=3&ver=1&signature=Egrj350GoKY8-KUcIJshb0UUZPRDYFvHBLMq9X5FQxT*-Sqh22KkO2skKj6krYvoth5c36TINHQeFhsDWYMyHQqvsTTPcPTLJlDi3UCNXc-9nhOIFHK9ZSJGXawwkXXnskh6DHH*8wkwdygMWL4kRTpyK6Msx4D8kXzYJAYr*bk=]]></url>
  <title><![CDATA[国庆加班7天，一天2000，你愿意吗？网友：能加到老板破产]]></title>
  <content><![CDATA[图文编辑||百色网国庆假期终于要来了！然而悲催的周末要！加！班！最近网上有个很火的话题▼“如果国庆节加班，一天2000，七天都要加班，你会干吗？”接近3万人投票结果96.9%的人都选择了加！加到老板破产！↓↓七天就是1万4啊为什么要跟钱过不去？！看来这显然是一道送分题↓↓有网友说到了这个年龄真正吸引我们的也只有赚钱了↓↓网友热评：@胖嘟嘟的乌梢蛇：必须愿意。以后这种加班请叫我，我全包了！@雪雪的姐姐：加一个月就是6万，加一年72万，让我加一年吧@jessica200716：可以的可以的！主要是我穷，人穷志短，哈哈哈哈哈@伪装成程序员的猫：单身狗不加班攒钱，回家挨骂啊？反正就算不加班国庆也是这样过的……但有网友就说市场价就是被你们这些没有原则的人拉垮的↓↓网友热评：@景小妹：别说2000，1000一天都笑死了@小秃驴儿：1000我都加，加半个月都可以。@lcx823：800一天我都加！！！！！@删除记忆：500一天我都愿意加，还不说2000了。@是绵绵：300都愿意真…真相了↓↓也有个别“清流”只是这原因嘛……↓↓网友热评：@杨柳飘飘过心头：不干，连到7天太累了。@叶子在阳光下跳舞：不加，因为我没有这样的老板@图米阳：不干，因为我们单位不会给加班费重点来了“十一”期间加班费如何计算？一张图告诉你↓↓在计算加班工资时，日工资按平均每月计薪天数21.75天折算，小时工资则在日工资的基础上再除以8小时▼那么如果你国庆7天都加班按基本工资1680元算你至少能拿到大概1349元！跟梦想中的1.4万差距确实很大…而且能拿到1349元的前提是你的老板会遵纪守法地给你算钱||信息来源：重庆购物狂论坛、华西都市报（版权归原作者所有，如有侵犯请联系小编删除）||综合编辑：百色吃喝玩乐购||爆料/合作：18377613520<< 免责声明>>对于文中部分内容及图片，我们致力于保护原作者版权，转载或引用仅为传播更多信息为目的，部分源自互联网，无法核实真实出处，如涉及侵权，请联系我们删除，谢谢!-法律顾问-长按以下二维码关注我们]]></content>
  <author><![CDATA[百色吃喝玩乐购]]></author>
  <time>2018-09-29 17:52:00</time>
  <account><![CDATA[www-baise-cc]]></account>
</data>
