<data>
  <id><![CDATA[51486820]]></id>
  <url><![CDATA[https://mp.weixin.qq.com/s?timestamp=1539596535&src=3&ver=1&signature=Egrj350GoKY8-KUcIJshb0UUZPRDYFvHBLMq9X5FQxT*-Sqh22KkO2skKj6krYvoth5c36TINHQeFhsDWYMyHfXqKClR25av*1a*OhAeI81wqok91EBJAMRvG-TGvgCOQALzL-HoYpQDOGOz8rPGTSyUe6eJ9pOVB1F5TG2F*tY=]]></url>
  <title><![CDATA[未来两天百色气温回升，但新的冷空气马上又来！如何御寒保暖看这儿……]]></title>
  <content><![CDATA[图文编辑||百色网“寒露”过后冷空气首秀广西各地气温下降不少大家都有乖乖添衣没着凉吧？冷空气一路南下星期二（9日）中午百色开始下起了雨没带伞的小伙伴真的要大唱：“冷冷的冰雨在我脸上胡乱地拍”了虽然这股冷空气只有中等强度但降起温来可是一点不含糊！截至10日15时桂南大部紧跟上桂北的降温大部队大部气温都下降了8～12℃！昨天白天广西大部最高气温由前两天的30～32℃猛降到了17～20℃乐业最高气温仅有14.8℃！朋友圈里乐业的小伙伴们纷纷表示已经穿上了羽绒服相信大家不用看文字描述也真实地感受到了降温明明前一天还穿着短袖到处浪一夜醒来赶紧翻箱倒柜找出外套穿上有没有！可能有些倔强的小伙伴仗着自己年轻力壮身（肥）体（肉）好（多）降温了还穿着短袖出门但怕冷的通妹已经自觉穿上了外套长裤了难道这天就要这么冷下去了？不不不还要给时间大家买齐御寒装备呢据气象部门预计受东北气流的影响气温将逐渐回升大家可以趁这两天天气不错洗洗晒晒厚衣服、被子。未来几天百色的天气情况↓↓到了10月14日冷空气将再次来袭到时又是一轮冷风冷雨冷风冷雨来袭，瑟瑟发抖中的老百姓们该如何抵抗这一波冷空气？为老百姓们御寒保暖操碎了老心的央视主持人朱广权，在9日的天气预报中先上了一段饶舌rap。“寒露一过，温暖库存严重不足。冷空气持续发力，有些地方前天还是短袖短裤，今天就降温十度。不能不管不顾、逞强耍酷，要加强保护，不然抵挡不住。”“那采取什么战术呢？也就是棉袄秋裤。当然，还可以知己知彼，来看看降温幅度。”此番气温频频下降还伴随雨雪交加，于是昨晚的天气预报中，逼疯无数手语老师的朱广权，再开金口献上温馨提示，一秒变“妈”催你穿秋裤。“据说，把秋衣秋裤都穿上，是对降温起码的尊重。”秋衣秋裤还要讲究正确的穿着方式，秋衣要塞进秋裤，秋裤要用袜子封口，做到全封闭式立体保温才有效。暖身吃桂圆枸杞，不如秋裤及腰。网友：这波冷空气猝不及防，秋衣秋裤都还没买。新买的秋装还没穿，就过季压箱底了……手语老师：你们哭啥，让开，我先来！||信息来源：南国早报（版权归原作者所有，如有侵犯请联系小编删除）||综合编辑：百色吃喝玩乐购||爆料/合作：18377613520<< 免责声明>>对于文中部分内容及图片，我们致力于保护原作者版权，转载或引用仅为传播更多信息为目的，部分源自互联网，无法核实真实出处，如涉及侵权，请联系我们删除，谢谢!-法律顾问-长按以下二维码关注我们]]></content>
  <author><![CDATA[百色吃喝玩乐购]]></author>
  <time>2018-10-12 17:51:00</time>
  <account><![CDATA[www-baise-cc]]></account>
</data>
