<data>
  <id><![CDATA[51486820]]></id>
  <url><![CDATA[https://mp.weixin.qq.com/s?timestamp=1539596535&src=3&ver=1&signature=Egrj350GoKY8-KUcIJshb0UUZPRDYFvHBLMq9X5FQxT*-Sqh22KkO2skKj6krYvoth5c36TINHQeFhsDWYMyHcHgB2YyLSQkxN5VOoQmaJRSiiZKMqtKGPyzWfxYt7Xfuax*5CaI0Io2Ybb2Qq8Tj9T-0qWtSzXxhP4XJddRDuU=]]></url>
  <title><![CDATA[直击抓捕现场：隆林县公安局捣毁一聚众赌博窝点抓获涉赌人员13人]]></title>
  <content><![CDATA[图文编辑||百色网近日隆林各族自治县公安局缜密调查、雷霆出击捣毁一聚众赌博窝点抓获涉赌人员13人抓赌视频现场10月7日，该局接到群众举报，称新州镇老饼干厂附近一民房内有人聚众赌博，而且人数较多。接报后，局领导高度重视，立即组织警力，精心制定行动方案。掌握现场情况后，当日下午，民警果断出击，一举抓获涉嫌赌博的违法行为人13人，当场收缴自动麻将机4张，赌资9千余元。经询问，13人均对参与赌博的违法行为供认不讳。目前，13名违法人员已被行政处罚。警方提醒请广大人民群众积极参与到打击和禁赌行动中来，及时向公安机关提供赌博（包括游戏机赌博、网络赌博、野外赌场、农村地区赌博）违法犯罪线索。对提供线索，协助公安机关查处赌博违法犯罪案件的单位和个人，百色市公安局将根据《百色市公安机关举报“涉黄涉赌”违法犯罪行为有功人员奖励暂行办法》给予奖励。对于包庇窝藏违法犯罪嫌疑人、打击报复举报人的，将依法追究其法律责任。||信息来源：百色政法（版权归原作者所有，如有侵犯请联系小编删除）||综合编辑：百色吃喝玩乐购||爆料/合作：18377613520<< 免责声明>>对于文中部分内容及图片，我们致力于保护原作者版权，转载或引用仅为传播更多信息为目的，部分源自互联网，无法核实真实出处，如涉及侵权，请联系我们删除，谢谢!-法律顾问-长按以下二维码关注我们]]></content>
  <author><![CDATA[百色吃喝玩乐购]]></author>
  <time>2018-10-10 17:52:40</time>
  <account><![CDATA[www-baise-cc]]></account>
</data>
