<data>
  <id><![CDATA[51486820]]></id>
  <url><![CDATA[https://mp.weixin.qq.com/s?timestamp=1539596535&src=3&ver=1&signature=Egrj350GoKY8-KUcIJshb0UUZPRDYFvHBLMq9X5FQxT*-Sqh22KkO2skKj6krYvoth5c36TINHQeFhsDWYMyHUuH3*K14v5QlNUl5DTl6lwhv6CKL*weCUfe6aF9nm0h3ax8eUElTsqnitj*DZqBPmHYaMCddT-mf-Pl6H01UQQ=]]></url>
  <title><![CDATA[为走高速不受超速限制，百色一男子买磁铁数字贴变造号牌！刚用就被抓了]]></title>
  <content><![CDATA[图文编辑||百色网有的人爱耍小聪明，以为用磁铁上写有数字的号码一粘贴到原车号牌上，把原号牌数字覆盖住就可以摇身一变成为另一副号牌，开车上高速就可以不受限速限制随意体验速度与激情了，殊不知聪明反被聪明误。为不受超速限制 男子买磁铁数字变造号牌10月1日10点左右，谭某驾驶一辆车牌号为桂LD0658的小型轿车，在行经广昆高速公路罗村口公安检查站时，被罗村口执勤民警检查发现，谭某用吸铁将一个数字为“5”的号牌粘到数字“8”上，使得车号牌变成桂LD0655，违反《中华人民共和国交通安全法》第16条第3项的规定，存在伪造、变造的违法行为。经询问得知，驾驶员谭某在上高速之前就已经把带有磁铁的车牌号数字5粘贴到车牌号8上面去了，目的就是为了方便其在高速上不受超速限制。被罚款2000元并扣留机动车扣12分最终，民警依据《中华人民共和国交通安全法》第96条第1款对司机谭某进行罚款2000元并扣留机动车，同时记12分的处罚。其实，在交警看来，网上卖家口中“万能”的磁铁贴，其实与真正的机动车牌照还是有差别的，长期在一线执勤的交警一眼就能分清。交管部门表示在查处过程中，无论是民警现场查处，还是被电子监控拍到，警方都有技术手段进行辨别。想要不被处罚，最好的方式就是守法出行。||信息来源：930老友记（版权归原作者所有，如有侵犯请联系小编删除）||综合编辑：百色吃喝玩乐购||爆料/合作：18377613520<< 免责声明>>对于文中部分内容及图片，我们致力于保护原作者版权，转载或引用仅为传播更多信息为目的，部分源自互联网，无法核实真实出处，如涉及侵权，请联系我们删除，谢谢!-法律顾问-长按以下二维码关注我们]]></content>
  <author><![CDATA[百色吃喝玩乐购]]></author>
  <time>2018-10-11 17:51:00</time>
  <account><![CDATA[www-baise-cc]]></account>
</data>
