<data>
  <id><![CDATA[51486820]]></id>
  <url><![CDATA[https://mp.weixin.qq.com/s?timestamp=1539596535&src=3&ver=1&signature=Egrj350GoKY8-KUcIJshb0UUZPRDYFvHBLMq9X5FQxT*-Sqh22KkO2skKj6krYvoth5c36TINHQeFhsDWYMyHXiSAcKCprqRXFw8ZN3tZTW36z7xAh9QpFDk*3S0hrOtuBpbPNMvYj9QvcrX-WupQXJ4szDR1GAJU7gTEpmuvDk=]]></url>
  <title><![CDATA[百色广州街一铺面突发火灾，现场浓烟弥漫！]]></title>
  <content><![CDATA[图文编辑||百色网2018年10月12日晚6时许，夜幕降临，百色广州街一铺面突发火灾，现场浓烟弥漫！消防员紧急出动成功处置。据网友描述，起火处是靠近桂林街延长线的广州街街头的一间店铺，目前起火原因不明，无人员伤亡。具体情况待相关部门进一步调查公布，请大家不要造谣、传谣！秋冬季历来是火灾多发季节，大家要时刻注意防火，不断自纠自查身边的火灾隐患，不可麻痹大意，以免酿成大祸。再见,消防战士;你好,消防员前几天，一支为共和国、为人民群众赴汤蹈火、浴血奋战的英雄队伍集体退役了……2018年10月9日10时，公安消防部队正式移交应急管理部！这也就意味着，武警消防部队53年的现役成为历史！纵然褪去53载戎装，但在共和国历史上，在老百姓的心里，消防部队，都是一个永不磨灭的番号;消防战士，更是永不倒下的英雄、最可爱的人！一声号令他们义无反顾奔向现场急救人、控火势，堵泄露、设警戒在熊熊烈火中创造着人间奇迹在千难万险中架起了生命天梯▽ 他们，无处不在消防兵是和平年代离牺牲最近的一个兵种仅过去十年全国有300余名消防战士牺牲在救援一线浓烟肆虐的火灾现场，有他们万分危急的洪灾现场，有他们险情不断的地震现场，有他们危险丛生的车祸现场，有他们一个个橙色的身影一张张熏黑的脸庞他们身披橙色战服变身“超级英雄”为守护一方平安每一次，他们都冲锋在前，毫不迟疑▽ 他们，英勇无畏！我们，点赞致敬！||信息来源：百色微网（版权归原作者所有，如有侵犯请联系小编删除）||综合编辑：百色吃喝玩乐购||爆料/合作：18377613520<< 免责声明>>对于文中部分内容及图片，我们致力于保护原作者版权，转载或引用仅为传播更多信息为目的，部分源自互联网，无法核实真实出处，如涉及侵权，请联系我们删除，谢谢!-法律顾问-长按以下二维码关注我们]]></content>
  <author><![CDATA[百色吃喝玩乐购]]></author>
  <time>2018-10-13 17:10:00</time>
  <account><![CDATA[www-baise-cc]]></account>
</data>
