<data>
  <id><![CDATA[51486820]]></id>
  <url><![CDATA[https://mp.weixin.qq.com/s?timestamp=1539596535&src=3&ver=1&signature=Egrj350GoKY8-KUcIJshb0UUZPRDYFvHBLMq9X5FQxT*-Sqh22KkO2skKj6krYvoth5c36TINHQeFhsDWYMyHeMLxcqx6LagnYD3fpI5uKERyOGdGoknFuAh5esDo7OSPbPbCVSWDArlAle2J1qCtsmKborI4eze263BPw9Xjfo=]]></url>
  <title><![CDATA[学车才2小时，13岁少年直接上路！车辆翻下山崖致1死3伤]]></title>
  <content><![CDATA[图文编辑||百色网近日，百色一名19岁男子偷开家里的面包车出门，还将车交给13岁的少年驾驶！不料发生事故，车辆翻下山崖，车上4人1死3伤。9月21日晚，百色隆林公安局交警大队接到报警称，在猪场乡那绍村新大龙山屯发生一起交通事故，一辆面包车翻下山崖，一人死亡。“经查，当天上午，死者古某某（男，19岁，无机动车驾驶证）偷偷将家里的面包车开出来，与堂弟小古（男，17 岁）一路由金钟山乡开往猪场乡。在猪场乡街上，他们遇见了王某（男，13岁，在校学生）。古某随后把车给王某，让他在广场上学习驾驶。王某前后学车的时间，约两小时。傍晚时分，王某邀请古某俩兄弟，以及另一个朋友杨某（男，15岁，在校学生），到邻村去给朋友庆祝生日。吃完晚饭后，四人驾车回家。途中，王某想学驾驶，古某某便将车交给了他！当车开到一个右拐弯路段时，王某操作不当，直接将车开出了路外！面包车翻下距离路面140多米深的山崖，后被树木卡住才得以停下来，车顶严重变形。车上4人均被甩出车外，其中1人不幸身亡，另外3人受伤。目前，3名受伤人员还在医院救治，案件正在进一步调查当中。少年不知生命贵待到逝去已惘然希望家长们能监管好孩子莫让悲剧再重演||信息来源：南国早报、隆林交警（版权归原作者所有，如有侵犯请联系小编删除）||综合编辑：百色吃喝玩乐购||爆料/合作：18377613520<< 免责声明>>对于文中部分内容及图片，我们致力于保护原作者版权，转载或引用仅为传播更多信息为目的，部分源自互联网，无法核实真实出处，如涉及侵权，请联系我们删除，谢谢!-法律顾问-长按以下二维码关注我们]]></content>
  <author><![CDATA[百色吃喝玩乐购]]></author>
  <time>2018-10-09 17:50:25</time>
  <account><![CDATA[www-baise-cc]]></account>
</data>
