<data>
  <id><![CDATA[51486820]]></id>
  <url><![CDATA[https://mp.weixin.qq.com/s?timestamp=1539596535&src=3&ver=1&signature=Egrj350GoKY8-KUcIJshb0UUZPRDYFvHBLMq9X5FQxT*-Sqh22KkO2skKj6krYvoth5c36TINHQeFhsDWYMyHcHgB2YyLSQkxN5VOoQmaJTbtO97yPE6R64pJMloa-F-SJkTgvLWkksnaGUZlZHRhioshhU8uxFphQlssZ3HH-o=]]></url>
  <title><![CDATA[判了！平果县公安局原副局长梁伟被判处有期徒刑3年6个月]]></title>
  <content><![CDATA[图文编辑||百色网日前，由田阳县人民检察院提起公诉的平果县公安局原副局长梁伟受贿一案，田阳县人民法院作出一审判决：被告人梁伟犯受贿罪，判处有期徒刑三年六个月，并处罚金人民币25万元。田阳县人民检察院指控2015年9月至2017年5月期间，被告人梁伟与协警苏某利用各自担任平果县公安局巡逻警察大队大队长、副局长和协警的职务便利，为他人开设赌场、赌博游戏机等提供保护，多次非法收受他人人民币共计63.2万元。其中，被告人梁伟分得赃款34.32万元，被告人苏某分得赃款28.88万元。被告人梁伟、苏某到案后，如实供述其受贿犯罪事实。同年12月11日，被告人梁伟、苏某的家属代其退还全部赃款。公诉机关田阳县人民检察院认为，被告人梁伟、苏某身为国家工作人员，利用职务之便非法收受他人财物，为他人谋取利益，其行为已触犯《中华人民共和国刑法》第三百八十五条、第三百八十六条之规定，应当以受贿罪追究其刑事责任。田阳县人民法院公开开庭审理后，认定了公诉机关指控的犯罪事实和罪名，遂依法作出上述判决。||信息来源：田阳检察（版权归原作者所有，如有侵犯请联系小编删除）||综合编辑：百色吃喝玩乐购||爆料/合作：18377613520<< 免责声明>>对于文中部分内容及图片，我们致力于保护原作者版权，转载或引用仅为传播更多信息为目的，部分源自互联网，无法核实真实出处，如涉及侵权，请联系我们删除，谢谢!-法律顾问-长按以下二维码关注我们]]></content>
  <author><![CDATA[百色吃喝玩乐购]]></author>
  <time>2018-10-10 17:52:40</time>
  <account><![CDATA[www-baise-cc]]></account>
</data>
