<data>
  <id><![CDATA[51486820]]></id>
  <url><![CDATA[https://mp.weixin.qq.com/s?timestamp=1539596535&src=3&ver=1&signature=Egrj350GoKY8-KUcIJshb0UUZPRDYFvHBLMq9X5FQxT*-Sqh22KkO2skKj6krYvoth5c36TINHQeFhsDWYMyHQqvsTTPcPTLJlDi3UCNXc9kjrkYTLXJU6LSCoc00fxMe2ufMO73YrayN5XAJ3Toc5lK-ljLcikZb2r2GB6-NvU=]]></url>
  <title><![CDATA[百色一女子为爱痴狂欲跳河轻生！僵持2小时后，民警灵机一动……]]></title>
  <content><![CDATA[图文编辑||百色网问世间情为何物直教人生死相许平果一女子就为爱所困想不开了所幸遇到了机智的民警看完忍不住点赞女子跳河轻生，突发9月27日15时30分许，平果县公安局接到群众报警称，在平果县观音桥上看到有一名年轻女子欲跳河轻生，要求出警处置。接报后，该局立即指令巡警大队、辖区派出所及消防大队等警力并协调平果海事局前往现场开展救援工作。长时间劝解，无果民警到达现场后，发现女子正站在观音桥护栏外沿处，双手扶在护栏上，不断地低声哭泣。看到前来救援的民警，女子情绪激动，拒绝民警靠近，民警耐心地与该女子进行沟通交流，劝她下来，但她并不配合。女子一直在哭诉：他的家人不理解我、接纳我，我活着有什么用……听着女子断断续续地诉说，民警终于理清了事件的来龙去脉，并动之以情晓之以理地进行劝说，但女子还是不肯离开桥栏。民警合力营救，成功该局副局长陆荣康接到警令后，立即赶赴现场进行指挥。陆荣康以方言拉家常的方式劝说该女子，逐渐解除女子防备心理，获得了向女子靠近的机会。时间一分一秒流逝，女子已站在桥栏上将近2个小时，由于长时间悬在桥栏杆边沿，重心一直悬在桥外，稍有不慎便有坠河的可能，情况十分危急。解救轻生女子在长时间劝说无果，且现场围观群众越来越多的情况下，现场民警意识到必须立即采取强制措施开展营救。根据应急救援预案，陆荣康对救援时机及方案做了评估和预判，同时用眼色对现场警力、当事人男友进行了分工。陆荣康假借请女子的男友保管挎包逐渐靠近女子，随后果断上前一把搂住该女子腰部，一旁的民警、辅警一呼而上，迅速出手帮忙，在大家的共同努力下，成功将该女子从桥护栏外沿处救下，避免了悲剧的发生。劝导轻生女子经了解，该女子因情感问题和男朋友产生纠纷，一时想不开才产生了跳河轻生的念头。随后，民警对该女子的不理智行为进行了批评教育，并对涉事男女青年进行了劝导，希望他们互相包容、理解。经过民警、辅警的共同努力，一起轻生事件得到了成功化解。平果警方温馨提示：人总会遇到各种挫折，有时候可能想不通，有时候可能气不过，但我们更应该学会放下，这样才能更轻松地前行。身体发肤，受之父母遇到一点小事就轻生实在不该生命只有一次请不要冲动！||信息来源：平果公安、百色政法、新平果网站（版权归原作者所有，如有侵犯请联系小编删除）||综合编辑：百色吃喝玩乐购||爆料/合作：18377613520<< 免责声明>>对于文中部分内容及图片，我们致力于保护原作者版权，转载或引用仅为传播更多信息为目的，部分源自互联网，无法核实真实出处，如涉及侵权，请联系我们删除，谢谢!-法律顾问-长按以下二维码关注我们]]></content>
  <author><![CDATA[百色吃喝玩乐购]]></author>
  <time>2018-09-29 17:52:00</time>
  <account><![CDATA[www-baise-cc]]></account>
</data>
