<data>
  <id><![CDATA[51486820]]></id>
  <url><![CDATA[https://mp.weixin.qq.com/s?timestamp=1539596535&src=3&ver=1&signature=Egrj350GoKY8-KUcIJshb0UUZPRDYFvHBLMq9X5FQxT*-Sqh22KkO2skKj6krYvoth5c36TINHQeFhsDWYMyHcHgB2YyLSQkxN5VOoQmaJT36bKTUyk1d3ziwrwMBqCjOyr*HJj-O1p9lrz690mkZUyHtDihSg0OzwWMig6guM0=]]></url>
  <title><![CDATA[涉案70万元！广西有假酒流入市场，你买的茅台、五粮液可能是…]]></title>
  <content><![CDATA[图文编辑||百色网不管心情好不好早报君的友仔总喜欢喝两口尤其是看到高档酒什么“茅台”“五粮液”的就要放飞自我了但是最近获悉桂林一老板用白酒充当名酒卖出警方从其住处缴获大量假酒货值金额达到近70万元12015年底，廖某某从北京购进各类高档品牌假酒在桂林销售。他谎称有厂家货源，以所谓更优惠的价格将各类高档假酒卖给小型烟酒店及饭店。2从2016年10月开始，廖某某从北京购进假冒名酒商标标识及外包装材料，从桂林市的饭店收购各种具有较高市场认可度的名酒空酒瓶，在家中自行灌装。32017年9月28日下午，廖某某联系摩的司机黄某某到其住处，正当他们准备运送3件共18瓶假冒注册商标的“贵州茅台酒”销售给客户时，被民警当场抓获。●警方在廖某某的住处缴获其未销售的假冒53度500ml“贵州茅台酒”431瓶，价值人民币430569元。●在廖某某父亲的住处查获53度500ml“贵州茅台酒”53瓶、52度480ml“五粮液1618”酒78瓶、52度500ml“五粮液”酒62瓶、52度500ml“剑南春”酒193瓶等多种非法制造的酒商品一批，价值268154元，并缴获生产假冒注册商标使用的商标标识、瓶盖、包装盒等外包装材料及制假工具等物品一批。10月9日，记者从桂林市象山区法院获悉，被告人廖某某犯假冒注册商标罪、销售假冒注册商标的商品罪，一审被判处有期徒刑四年，并处罚金人民币6万元，追缴其犯罪所得，对扣押在案的假冒白酒及作案工具，依法予以没收。||信息来源：南国早报（版权归原作者所有，如有侵犯请联系小编删除）||综合编辑：百色吃喝玩乐购||爆料/合作：18377613520<< 免责声明>>对于文中部分内容及图片，我们致力于保护原作者版权，转载或引用仅为传播更多信息为目的，部分源自互联网，无法核实真实出处，如涉及侵权，请联系我们删除，谢谢!-法律顾问-长按以下二维码关注我们]]></content>
  <author><![CDATA[百色吃喝玩乐购]]></author>
  <time>2018-10-10 17:52:40</time>
  <account><![CDATA[www-baise-cc]]></account>
</data>
