<data>
  <id><![CDATA[51486820]]></id>
  <url><![CDATA[https://mp.weixin.qq.com/s?timestamp=1539596535&src=3&ver=1&signature=Egrj350GoKY8-KUcIJshb0UUZPRDYFvHBLMq9X5FQxT*-Sqh22KkO2skKj6krYvoth5c36TINHQeFhsDWYMyHQqvsTTPcPTLJlDi3UCNXc97fu88BeeGjo5ZpY0PHdog*R-iIyZvE7kJmOKqsxQOqs2R1SraCn0Mx0BBVUJLiDg=]]></url>
  <title><![CDATA[百色发生一起“保龄球”式车祸，摩托半夜失控上演一击全中]]></title>
  <content><![CDATA[图文编辑||百色网9月23日凌晨一点多，百色市右江区爱新街坡底发生一起车祸。一辆蓝色摩托车行驶过程中失控撞倒路边多部车辆，摩托车上两人被抛飞出去，倒地人事不省。从附近网吧的监控看，当时摩托车下坡的时候速度非常快，即使视频慢放也差点看不清楚他们的轨迹。而且从监控的角度看，当时附近并没有什么东西影响摩托车，摩托车为何突然自己撞向路边停放的车辆，估计只有驾驶员自己清楚了。摩托车撞倒路边多部车辆，很像在打保龄球，而且还是一击全中。只不过这一次是驾驶员化身为球，勇敢的撞向了路边的车辆，看起来真的是好痛好痛。痛就对了，不痛怎么知道怕呢？希望百色那些喜欢泡夜场喝通宵的酒鬼们，看完能有点教训。||信息来源：生活在百色（版权归原作者所有，如有侵犯请联系小编删除）||综合编辑：百色吃喝玩乐购||爆料/合作：18377613520<< 免责声明>>对于文中部分内容及图片，我们致力于保护原作者版权，转载或引用仅为传播更多信息为目的，部分源自互联网，无法核实真实出处，如涉及侵权，请联系我们删除，谢谢!-法律顾问-长按以下二维码关注我们]]></content>
  <author><![CDATA[百色吃喝玩乐购]]></author>
  <time>2018-09-29 17:52:00</time>
  <account><![CDATA[www-baise-cc]]></account>
</data>
