<data>
  <id><![CDATA[51486820]]></id>
  <url><![CDATA[https://mp.weixin.qq.com/s?timestamp=1539596535&src=3&ver=1&signature=Egrj350GoKY8-KUcIJshb0UUZPRDYFvHBLMq9X5FQxT*-Sqh22KkO2skKj6krYvoth5c36TINHQeFhsDWYMyHbQEshYSRMnbhlc*1S5Bq5GK4UIwErh90vX40w6IpidDVxV6-CqqhsE6i0C6XFNq0R8oFEk6Ipycz8lVcYVNI9s=]]></url>
  <title><![CDATA[广西一大学生照搬攻略徒步玉龙雪山，却被困海拔3639米悬崖]]></title>
  <content><![CDATA[图文编辑||百色网2018年10月4日，广西大二学生黄某东，照搬网上攻略，私自徒步玉龙雪山试图登顶，不料却被困悬崖24小时......过度“自信”照搬“攻略”  被困3639米高海拔悬崖10月4日清晨6时，广西某高校大二学生从丽江城区出发并于8时23分抵达玉龙县白沙镇玉湖村境内，随后便开始私自徒步攀爬玉龙雪山。4日白天，黄某东开始向玉龙雪山的原始森林和险峰一步步行进，期间，面对玉龙雪山无限旖旎风光的感染，过度自信的黄某东一心执意登顶。4日晚19时许，当他到达玉龙雪山流沙坡（地名）上方的悬崖位置时，天空下起了小雨，迅速袭来的山雾将他包围。面对逐渐浓黑的夜色，寸步难行置身险境的黄某东选择了报警求助。为了缓解身体的不适和内心的不安，他用手机听歌，不断想象记忆中的美好事物。到半夜时，一台手机和充电宝已经完全没电了，另一台留着与民警联系，整夜都冷得发抖，当民警找到他时，他已经没有移动的能力。“被困之前，我认为自己通过互联网APP简单了解了相关攻略，出发前又携带了八宝粥、红牛饮料、矿泉水和一小块巧克力，还有一件薄羽绒服，充电宝和手机，已经做了充足的准备，完全有能力足够应对玉龙雪山的自然环境 。”“自信”的黄某东接着说。获取被困者生命坐标 为生还脱困赢得更大可能10月4日晚20时，接到黄某东报警后，丽江市、县党委政府、公安机关高度重视，属地党委政府、派出所、丽江蓝天救援队迅速启动救援机制，投入紧张救援准备工作。4日晚20时许，为帮助被困生命赢得更大的救援可能，白沙派出所民警第一时间与被困的黄某东取得联系，要求黄某东将所在位置与民警进行定位。随后，联系丽江蓝天救援队对黄某东被困的生命坐标进行数据分析，最大限度缩小误差范围。4日晚20时50分，经专业数据分析，黄某东被困位置坐标被确定。其所在位置为玉龙雪山尚义峰下方悬崖，经度100.2度，纬度27度，高度3639.2米。与此同时，玉龙县公安局指挥中心、白沙派出所民、辅警，白沙镇政府工作人员、专职消防队员，玉湖村委会向导等救援力量迅速在派出所集结，丽江蓝天救援队队员紧急进入待命状态。4日晚21时30分，由玉龙公安、属地党委政府、村委会组成的15人次的救援力量携带物资补给，迅速投入救援工作。零度低温对抗恶劣自然 为脱困竞速摸黑入山搜救4日夜间，因玉龙雪山断断续续下起小雨，整片山峦被大片浓雾包围，伸手不见五指的行进路线上救援次生风险一路尾随，夜间骤降至0度以下的气温考验着救援力量的意志。为确保黄某东平安脱困，救援队伍丝毫不敢松懈，连夜在险象环生的救援路上与时间赛跑。玉湖村--荞麦地--蚂蝗坝--殉情谷--箭竹林 --流沙坡--绿雪海--尚义峰下方悬崖，以生命坐标为原点，15名救援力量一步步向目标艰难挺进。潮湿的原始森林、风化裸露的山石、湿滑的山体、近乎6、70度角的坡度险象环生，尽管是在夜间的低温下作业，但救援队伍仍挥汗如雨。一路上救援力量相互鼓励、打气、克服体能下降、失温、缺氧等重重困难。5日凌晨3时，经艰难行进，当救援力量抵达与流沙坡接壤的箭竹林时，浓密的夜色下大雾越来越浓重。强光电筒照射下的救援线路能见度不足2米，随时有行进踩踏被落石击中救援人员的风险，为避免力量发生不测耽误整个救援工作，救援队员被迫中止行进，在原地做短暂休整。等待浓雾稍加散开，静待时机再次挺进。5日凌晨6时左右，玉龙公安再次指派2名民、辅警及2名向导携带救援物资前往流沙坡与箭竹林接壤的大本营。连夜作业的先期15名救援力量同一时间继续对黄某东展开搜救。24小时与时间赛跑 成功救助被困生命脱险10月5日上午10时30分，在经过流沙坡--绿雪海--尚义峰下方悬崖线路层层风险考验后，救援人员抵达黄某东所在位置附近并迅速展开搜索。10时40分，救援力量成功找到了被困的黄某东。全程参与登山救援的玉龙县公安局指挥中心民警王浩文介绍说：我们找到他（黄某东）时，他所处的位置位于悬崖上方一斜坡上，经过一夜的失温考验，他明显体力透支，我们指导他向上攀爬脱困时，他完全动不了，我们把他带至安全区域后，及时给他补充了能量并进行了安抚和恢复”。5日晚20时，在经过数次补给和休整后，逐渐恢复体力的黄某东被救援力量安全带至山下。晚间，民警为其提供了晚餐后将其送往客栈休息。7日上午，经民警向黄某东了解，其生命体征平稳。||信息来源：丽江玉龙警方、广西新闻网（版权归原作者所有，如有侵犯请联系小编删除）||综合编辑：百色吃喝玩乐购||爆料/合作：18377613520<< 免责声明>>对于文中部分内容及图片，我们致力于保护原作者版权，转载或引用仅为传播更多信息为目的，部分源自互联网，无法核实真实出处，如涉及侵权，请联系我们删除，谢谢!-法律顾问-长按以下二维码关注我们]]></content>
  <author><![CDATA[百色吃喝玩乐购]]></author>
  <time>2018-10-07 17:55:00</time>
  <account><![CDATA[www-baise-cc]]></account>
</data>
