<data>
  <id><![CDATA[51486820]]></id>
  <url><![CDATA[https://mp.weixin.qq.com/s?timestamp=1539596535&src=3&ver=1&signature=Egrj350GoKY8-KUcIJshb0UUZPRDYFvHBLMq9X5FQxT*-Sqh22KkO2skKj6krYvoth5c36TINHQeFhsDWYMyHbQEshYSRMnbhlc*1S5Bq5EG*Jvy63gaAzVty-c2hxyWteuHlrwvd11AGQkYrIAZmXRwRXp2e1BHNNKXDbXo*us=]]></url>
  <title><![CDATA[国庆假期准备结束啦！今起广西迎返程高峰，这些出行提示赶紧看]]></title>
  <content><![CDATA[图文编辑||百色网亲爱的朋友们，你的假期余额已不足！这意味着啥？意味着这个十一长假，就要结束了！外出旅游的你，是不是马上要踏上归程了呢？虽然马上就要上班了，但是返程高峰期间，有些情况你一定要提前知道！占应急道：5天1995起违法行为被拍国庆假期前两日，1502起占用应急车道违法行为被拍。点击查看↓↓↓广西1502辆私家车占用应急车道被拍截至10月5日上午8时，广西交警共抓拍到占用应急车道违法行为1995起。再次提醒广大车主，请勿随意穿插和占用应急车道通行。今明两日将出现返程车流高峰，针对车流量较大的高速路段以及南宁进城收费站，交警给出了建议。↓↓↓受气候、流量、交通事故、突发事件等各种因素影响，高速路况会随时发生变化。出行前驾乘人员应通过导航软件和交通广播提前了解沿途交通情况，避开拥堵路段、时段。此外，驾驶员朋友还可以登录交管12123交通安全综合服务管理平台，或安装交管12123平台手机客户端，了解实时路况信息播报。另外，综合往年假期情况，埌东客运站至南宁东收费站、沙井收费站、石埠收费站、石埠北立交到坛洛段、绕城石埠北立交至高岭段、安吉东往埌东段、高改快三岸立交至南宁南收费站等高速进出城口及绕城高速路段，因为存在分段施工以及车辆聚集的情况，假期前期和后期容易发生交通拥堵。返程时，建议行驶至该路段的车主时刻关注路况，控制车速，缓慢通行，遇到交通拥堵时服从现场交警指挥。遇到拥堵这样绕行G72泉南高速南宁东收费站（1474km）返程时，可以从那容互通进入新外环，经安吉东、高峰、五塘、八鲤、新江、玉洞西、石埠、坛洛、沙井、高岭等收费站进入南宁市区。G72泉南高速伶俐路段往南宁方向的车辆，经G72线泉南高速伶俐收费站(1451km+422)→蒲庙→南宁市区。G72泉南高速六景收费站(G72线1437km+300m)往南宁方向的车辆，经G72线泉南高速六景收费站(1437km+300m)→南阳镇(路程约38.4km)→邕宁区(路程约45.3km)→仙葫开发区→南宁市区。G72泉南高速兴六互通立交（G72线1434km+800m）南宁入城方向，桂林、柳州、来宾等地的驾驶员朋友们可以沿来马高速至南宁；玉林的驾驶员朋友们可以沿玉铁高速至合浦再转南北高速至南宁；贵港的驾驶员朋友们可以沿贵合高速至合浦再转南北高速至南宁。车票紧俏 前往热门方向要尽快买票今日起，国庆黄金周开始进入尾声，今明两日南宁两大火车站开始迎来假期返程客流高峰。这两天南宁往一些热门城市的火车票预售情况如何？↓↓↓5日18时许，记者登录12306铁路官网获悉，南宁往广州方向动车票每天49趟动车已经售罄；南宁往昆明方向动车票今日8时至15时的售罄，其他时段仍有部分余票，明日余票只剩少量；南宁往长沙方向动车票售罄；南宁往北京、上海方向今日车票售罄，明日仍有一些余票。广西区内方向动车票，南宁往桂林方向今日只有少量余票，且多数为站票，明日的售罄；南宁往北海方向今日仍有大量余票，明日11点后动车票紧张。假期马上就结束了，要返程的朋友们赶紧做好计划哟！||信息来源：广西新闻网（版权归原作者所有，如有侵犯请联系小编删除）||综合编辑：百色吃喝玩乐购||爆料/合作：18377613520<< 免责声明>>对于文中部分内容及图片，我们致力于保护原作者版权，转载或引用仅为传播更多信息为目的，部分源自互联网，无法核实真实出处，如涉及侵权，请联系我们删除，谢谢!-法律顾问-长按以下二维码关注我们]]></content>
  <author><![CDATA[百色吃喝玩乐购]]></author>
  <time>2018-10-07 17:55:00</time>
  <account><![CDATA[www-baise-cc]]></account>
</data>
