<data>
  <id><![CDATA[51486820]]></id>
  <url><![CDATA[https://mp.weixin.qq.com/s?timestamp=1539596535&src=3&ver=1&signature=Egrj350GoKY8-KUcIJshb0UUZPRDYFvHBLMq9X5FQxT*-Sqh22KkO2skKj6krYvoth5c36TINHQeFhsDWYMyHaPxXpybDClS*mj59EHMeunjYiybrcoEUG5bMHcU4zrq-UmvQ4rplSuVwg*hb6Q3HUws96N--T10Ji8QGPHiVQ8=]]></url>
  <title><![CDATA[2018百色半程马拉松赛路线公布！沿途右江美景了解一下]]></title>
  <content><![CDATA[图文编辑||百色网跑一座城品一处景11月25日红城百色与你跑在中国革命旅游胜地线路图识别下方二维码下载高清无码百马线路图线路描述半程马拉松线路百色体育中心（起点）→东洲大道→纬五路→经四→龙腾路→龙景东路→环岛二路→那毕大桥→江滨路一路→解放街→中山桥→城东大道→一汽解放4S店前（折返）→城东大道→竹洲大桥→东洲大道→百色体育中心（终点）10公里跑路线百色体育中心（起点）→东洲大道→纬五路→经四路→龙腾路→龙景东路→环岛二路→那毕大桥→江滨路一路→解放街→中山桥→城东大道→百色起义纪念馆（终点）欢乐跑路线百色体育中心（起点）→东洲大道→纬五路→经四路→龙腾路→龙景东路→环岛二路→半岛公园广场（终点）具体赛事信息戳这里↓↓↓↓报名啦！2018红城百色国际半程马拉松赛11月25日开跑，相关信息看这儿……赛道看点粤东会馆粤东会馆（AAAA）景区坐落在百色市繁华的解放街中心，面临碧波如画的右江河。这座建筑物，始建于清南康熙五十九年，后经两次重修，为粤商商事活动场所。建筑占地面积2330平方米，百色起义前后，粤东会馆成为红七军党的领导机关和部队指挥部所在地之一。陈豪人、张云逸等同志在这里度过了领导百色起义和建立左右江革命根据地斗争的峥嵘岁月。百色起义纪念碑百色起义纪念碑于1984年建成。纪念碑高23.9米，外形似一面迎风飘扬的红旗，又似一杆红缨枪直指天宇。百色起义纪念碑正面镌刻的是邓小平同志亲笔题写的：“百色起义的革命烈士永垂不朽”十三个金色大字，背面是百色起义的纪事碑文，两侧分别是邓小平、张云逸率领的广西警备第四大队来到百色，韦拔群举办农民运动讲习所的两幅浮雕，碑顶凸起的“1929”：字样标明了百色起义的时间。百色起义纪念公园百色起义纪念公园位于百色城东面的后龙山、盘龙山、迎龙山上，是在整合百色起义纪念馆、右江民族博物馆、百色起义纪念碑、红军桥、铜鼓楼、南阁亭、两广青年友谊园等革命历史文化资源的基础上形成的主题性公园，成立于2008年7月，是中央确定的全国12个红色旅游重点景区之一“两江红旗，百色风雷”景区的核心区，是百色右江区的AAAA景区。解放街百色解放街原名“大街”，后因红军从这条街进入并解放百色城而得名。解放街位于百色城东南的澄碧河边，成街于清乾隆年间，至今已有200多年的历史。是百色骑楼历史建筑保存最为完整的一条老街，粤东会馆坐落于此街上。街道总长300多米，建筑全为岭南骑楼风格。据百色地名志记载，百色解放街在明末清初是滇、黔、桂三省边区的物资集散地。竹洲大桥百色竹洲大桥位于竹洲大道上，跨越右江，连接龙景新区和城东区。起到了打通竹洲大道，连通龙景新区和城东区的作用，使百色鹅城区目前的道路和桥梁交通压力得到有效缓解。踏上百马的赛道，跑过竹洲大桥，沐浴秋天的微风，赏阅百色美景。百色体育中心百色体育中心位于龙景新区，占地面积约354亩，百色体育中心一期工程位于龙景中路东侧、竹洲大道北侧，规划净用地面积约117808㎡，总建筑面积约20773㎡，主要建设内容包括主体育场及配套的环绕主体育场的道路。二期工程为简易球场、训练馆及培训中心、体育馆、游泳馆和室外活动场地等。百色“句町铜鼓“百色“句町铜鼓”坐落在百色市火车站进站大道广场，是现如今世界上最大的铜鼓雕塑。句町铜鼓（文物编号280）于1972年在西林县普驮铜鼓墓葬出土，属石寨山型铜鼓，面径77.5厘米，高52.0厘米；鼓身以渡船纹、羽人纹和白鹭纹装饰，具有浓郁的百色文化特征。铜鼓雕塑以此为原形放大，总体高15.6米，直径13.6米，厚度8.9米，重达32吨，它是百色市创建文化名市系列标志性建筑之一。新征程、新体验让我们共同踏上百马赛道畅跑红城百色领略革命胜地红城百马 魅力无限还不赶紧扫码报名？||信息来源：第一赛道（版权归原作者所有，如有侵犯请联系小编删除）||综合编辑：百色吃喝玩乐购||爆料/合作：18377613520<< 免责声明>>对于文中部分内容及图片，我们致力于保护原作者版权，转载或引用仅为传播更多信息为目的，部分源自互联网，无法核实真实出处，如涉及侵权，请联系我们删除，谢谢!-法律顾问-长按以下二维码关注我们]]></content>
  <author><![CDATA[百色吃喝玩乐购]]></author>
  <time>2018-09-28 17:35:52</time>
  <account><![CDATA[www-baise-cc]]></account>
</data>
