<data>
  <id><![CDATA[51486820]]></id>
  <url><![CDATA[https://mp.weixin.qq.com/s?timestamp=1539596535&src=3&ver=1&signature=Egrj350GoKY8-KUcIJshb0UUZPRDYFvHBLMq9X5FQxT*-Sqh22KkO2skKj6krYvoth5c36TINHQeFhsDWYMyHUMBNlbkY8dR53AVGysZsjdr2h04rh1tvXKeYaH0rJaTbAVglpefnJjzjLAnfCIQZs89QzhV25qiSwD9*63WEKE=]]></url>
  <title><![CDATA[国庆7天，银滩清理垃圾513吨！有景区出奇招，布下“刺猬阵”]]></title>
  <content><![CDATA[图文编辑||百色网国庆七天长假结束了放假期间各大景区景点迎来大批游客但不文明参观的现象依然层出不穷1银滩7天清理513吨垃圾今年国庆黄金周，北海共接待游客137.51万人次，同比增长36.77%。然而期间，银滩出现的垃圾总量达513吨，这一数据较去年增长近20%。513吨垃圾有多少？按一辆环卫车能装5吨垃圾来算需要102.6辆垃圾车才能拉完！▲网络图片根据银滩景区公司相关负责人透露，国庆期间，景区出动1200名环卫工清理海滩上的垃圾。海滩上的垃圾多以椰子壳和烟头为主，这类垃圾最难清理。一名环卫工人告诉记者，为及时清理这些海滩垃圾，他们需要每天清晨7时就开始工作，一直持续到晚上8时。多名环保人士认为，银滩环境的保护，除政府部门需加强管理外，倡导并提高公众自觉保护海洋环境的意识，全民参与才是长久之计。2不文明旅行现象层出不穷不仅是银滩景区遭遇这样的情况，全国都出现了游客的各种奇葩行为……有人在珍贵的丹霞地貌上刻字↓↓有人越过护栏，用头撞钟↓↓甚至有人在搞破坏之后还发上网炫耀↓↓3景区布下“刺猬阵”应对如何阻止游客的不文明行为，成了各大景区头疼的大难题。近日，有游客发现，在敦煌雅丹国家地质公园，为了防止大家踏入景点拍照，在周围布下了密密麻麻的“刺猬阵”↓↓景区标志性的建筑“孔雀”周围不仅拦起了防护绳，防护绳内还密密麻麻插满了钢叉一样的棍子，将游客远远隔开。园方解释称，这个“刺猬阵”看着吓人，却并不伤人，只是为了“震慑”游客。此前，南京江宁区的牛首山景区也曾出现过类似举措。青青翠竹上被工作人员用红漆刷字，十分刺眼，有碍观瞻。景区工作人员表示，刷漆写字也是无奈，只因育笋期，有人不自觉，喜欢钻进竹林偷笋。景区的做法让不少网友直呼大开眼界↓↓对此，大部分网友都表示了理解：还有网友调侃称：不伤人不要说出来嘛，你一说都去试了。但也有网友提出质疑：设置“刺猬阵”本身会不会对景区造成破坏？还有网友认为景区此举对游客很不友好：你觉得这种措施怎么样呢？||信息来源：南国早报、人民网、封面新闻（版权归原作者所有，如有侵犯请联系小编删除）||综合编辑：百色吃喝玩乐购||爆料/合作：18377613520<< 免责声明>>对于文中部分内容及图片，我们致力于保护原作者版权，转载或引用仅为传播更多信息为目的，部分源自互联网，无法核实真实出处，如涉及侵权，请联系我们删除，谢谢!-法律顾问-长按以下二维码关注我们]]></content>
  <author><![CDATA[百色吃喝玩乐购]]></author>
  <time>2018-10-08 17:54:52</time>
  <account><![CDATA[www-baise-cc]]></account>
</data>
