<data>
  <id><![CDATA[51486820]]></id>
  <url><![CDATA[https://mp.weixin.qq.com/s?timestamp=1539596535&src=3&ver=1&signature=Egrj350GoKY8-KUcIJshb0UUZPRDYFvHBLMq9X5FQxT*-Sqh22KkO2skKj6krYvoth5c36TINHQeFhsDWYMyHagNU7L5miOZihjfCJS5iZ-ZbuYhPd9RszncQX5q3dw2SSdZWw5G7z*JkGq3HwfWUNza6STMh6lcubPw6zUPweY=]]></url>
  <title><![CDATA[广西一私家车贴“恐怖鬼脸”吓坏后车司机，原因竟是这样]]></title>
  <content><![CDATA[图文编辑||百色网前段时间，玉林容县一辆半夜在路上行驶的小汽车，挂着一个令人惊悚的鬼脸面具，吓到一大批路人！吓skr人，玉林一私家车内惊现“鬼脸”近日，南宁也出现了类似的事件网友爆料：前车后窗惊现“鬼头”9月26日晚上11点，南宁车主唐先生开车行驶在江南区星光大道，走着走着，一辆车右转超车后，唐先生猛然发现前车的后车窗竟然惊现了一只发着光的“鬼头”。突然闯入眼帘的“鬼头”让唐先生吓了一大跳，下意识的踩了急刹车。唐先生回忆当时虽然天色已晚，但路上的车流还是很多，自己的这一脚急刹车很可能会造成安全隐患。记者搜索得知，这类的“恐怖”后车窗贴居然比比皆是，主要的卖点是“远方灯提醒”。交警：或被罚100记2分南宁交警法制大队大队长江山表示，如果车主有妨碍安全行车的行为，将被处以100元罚款并记2分。这位车主在后窗放置的“鬼头”可能会对后车的行驶产生影响，因此提醒大家要更理性的看待自己的行为。防治不文明打远光灯行为，应该采取“警示标语”等安全文明的方式。小编也要提醒各位车主，这样的行为并不可取，“恐怖贴纸”不仅会吓到别人，更容易引起交通事故，在安全这件事上是开不了玩笑的。||信息来源：930老友记（版权归原作者所有，如有侵犯请联系小编删除）||综合编辑：百色吃喝玩乐购||爆料/合作：18377613520<< 免责声明>>对于文中部分内容及图片，我们致力于保护原作者版权，转载或引用仅为传播更多信息为目的，部分源自互联网，无法核实真实出处，如涉及侵权，请联系我们删除，谢谢!-法律顾问-长按以下二维码关注我们]]></content>
  <author><![CDATA[百色吃喝玩乐购]]></author>
  <time>2018-09-30 17:50:00</time>
  <account><![CDATA[www-baise-cc]]></account>
</data>
