<data>
  <id><![CDATA[51486820]]></id>
  <url><![CDATA[https://mp.weixin.qq.com/s?timestamp=1539596535&src=3&ver=1&signature=Egrj350GoKY8-KUcIJshb0UUZPRDYFvHBLMq9X5FQxT*-Sqh22KkO2skKj6krYvoth5c36TINHQeFhsDWYMyHaPxXpybDClS*mj59EHMeulsaZZVla2XLhbmYiL5StTOb8rq*0xdFqS7xkl6bIFPB5bzHN9ZIQAmbY3v8NUd5Kc=]]></url>
  <title><![CDATA[网友赞"教科书式执法"，广西地铁民警2秒放倒袭警男子的视频火了]]></title>
  <content><![CDATA[图文编辑||百色网脚踹地铁门、挥拳打民警这个醉汉胆子可真肥！9月26日下午，在南宁市地铁1号线白苍岭站，有一名男子喝醉酒后，不仅用脚踹了地铁屏蔽门，还辱骂和击打民警！这是怎么回事？醉酒男踢坏地铁门 袭击民警据地铁警方提供视频显示，9月26日下午4时许，一名穿着白色T恤、黑色长裤的男子走向地铁B端左侧的屏蔽门，先是用拳头对着屏蔽门捶打，后对屏蔽门一阵拳打脚踢，持续了十几秒钟。随后，他又摇摇晃晃地走到B端右侧的屏蔽门，再次用脚踹屏蔽门。接到站台工作人员通报后，南宁市公安局地铁分局西乡塘站派出所白苍岭站地铁警务室值班民警马上赶到现场，发现该男子已经把玻璃门踢坏了。“你们给我指错路了。”该男子情绪激动，不停地指责工作人员，声称他本来要坐地铁到苏卢站，但由于工作人员指错路，导致他坐地铁坐反了方向，所以才生气踹了地铁屏蔽门。说话间，民警闻到该男子身上有浓浓的酒味。民警调查时，男子依然情绪激动，辱骂民警，甚至做出侮辱性的手势，并用拳头击打民警的腹部。随后，民警迅速将该男子控制，并带回处理。记者了解到，该男子陈某，34岁，南宁市人。据地铁警方介绍，根据《中华人民共和国刑法》第二百七十七条第一款的规定，陈某以暴力、威胁方法阻碍国家机关工作人员依法执行职务，涉嫌妨害公务罪。视频传到网上后，网友们也纷纷点赞民警行为。你怎么看？||信息来源：南国早报（版权归原作者所有，如有侵犯请联系小编删除）||综合编辑：百色吃喝玩乐购||爆料/合作：18377613520<< 免责声明>>对于文中部分内容及图片，我们致力于保护原作者版权，转载或引用仅为传播更多信息为目的，部分源自互联网，无法核实真实出处，如涉及侵权，请联系我们删除，谢谢!-法律顾问-长按以下二维码关注我们]]></content>
  <author><![CDATA[百色吃喝玩乐购]]></author>
  <time>2018-09-28 17:35:52</time>
  <account><![CDATA[www-baise-cc]]></account>
</data>
