<data>
  <id><![CDATA[51486820]]></id>
  <url><![CDATA[https://mp.weixin.qq.com/s?timestamp=1539596535&src=3&ver=1&signature=Egrj350GoKY8-KUcIJshb0UUZPRDYFvHBLMq9X5FQxT*-Sqh22KkO2skKj6krYvoth5c36TINHQeFhsDWYMyHeMLxcqx6LagnYD3fpI5uKFhBCcaDXR5iXEMS2J8O92dOwxVVOz9YKiYXamaqrPryFYe9LTuGmZlbi5pLR1vPlc=]]></url>
  <title><![CDATA[好消息！河池至百色高速公路全线贯通计划11月底竣工]]></title>
  <content><![CDATA[图文编辑||百色网从河池至百色高速公路工程建设指挥部获悉，随着梁家隧道右洞地质问题处置全面完成，36座隧道已全部实现双洞贯通，标志着河百高速已经实现全线贯通。该项目是自治区60周年区庆献礼工程，是国家高速公路网汕头至昆明公路（G78）广西境重要路段，也是我市“十三五”重大工程项目。河百高速公路起于河池金城江区北香圩，接六寨至河池高速公路，途经河池市金城江区、南丹县、东兰县、巴马县、凤山县和百色市田阳县、右江区，止于百色市右江区那务村，接百色至隆林高速公路。河池至百色高速公路主线全长179.2公里(其中河池段主线长142公里)，同步建设凤山至东兰连接线41.2公里，全线桥梁92座20468米（其中河池段81座）；隧道31座37183米（其中河池段28座）；桥隧比约31.5%，项目批复初步设计概算173.5亿元（河池境内投资134.6亿元）。建设工期原计划四年，现提前一年，计划于2018年11月底竣工。||信息来源：河池日报、广西人民网、百色新闻网（版权归原作者所有，如有侵犯请联系小编删除）||综合编辑：百色吃喝玩乐购||爆料/合作：18377613520<< 免责声明>>对于文中部分内容及图片，我们致力于保护原作者版权，转载或引用仅为传播更多信息为目的，部分源自互联网，无法核实真实出处，如涉及侵权，请联系我们删除，谢谢!-法律顾问-长按以下二维码关注我们]]></content>
  <author><![CDATA[百色吃喝玩乐购]]></author>
  <time>2018-10-09 17:50:25</time>
  <account><![CDATA[www-baise-cc]]></account>
</data>
