<data>
  <id><![CDATA[51486820]]></id>
  <url><![CDATA[https://mp.weixin.qq.com/s?timestamp=1539596535&src=3&ver=1&signature=Egrj350GoKY8-KUcIJshb0UUZPRDYFvHBLMq9X5FQxT*-Sqh22KkO2skKj6krYvoth5c36TINHQeFhsDWYMyHeMLxcqx6LagnYD3fpI5uKHhPDGrKJO6SqPJUKiOACSlPLAEQs6fmoTvMK6xxnz20Zvvt0b6rFXuSAwNkf07aLM=]]></url>
  <title><![CDATA[局部降温达8℃以上+一波降水！广西大部分城市气温降至“1”字头]]></title>
  <content><![CDATA[图文编辑||百色网十一还是晴好天气的时候，就提醒大家冷空气马上要来了~到底是啥时候？很多小伙伴可以说是十分期待冷空气了就在今明两天！昨天16点14分37秒我们进入了2018年的第17个节气——寒露。昨晚开始，一股中等强度的冷空气犹如“寒露”的“大礼包”来到广西。受北方冷空气南下影响，9-10日，广西自北向南将由晴好转为阴雨天气，大家迎来久违的降雨；11日雨势开始减弱。此外，气温方面，全区大部地区的日平均气温下降4～6℃，局部达8℃以上。大家期待已久的冷空气终于来了！有没有很开心？不过想到要下雨，每天都要出门上班的我们就有点头痛了~据广西气象，受持续晴好天气影响，我区大部地区空气干燥，截止10月7日，桂北高寒山区已经出现了6～8天日平均气温≤22℃的干寒露风天气，局地达到9～10天。待冷空气南下影响，10日起，我区中北部及桂南的部分地区就将转有3～4天日平均气温≤22℃的湿寒露风天气过程。受降雨、降温影响，寒露风天气由干冷型转为湿冷型。未来一周广西冷空气活动相对频繁，降雨相对增多，气温相对较低，天气较凉，小伙伴们记得及时添加衣物，出行要携带雨具喔~广西气象台发布预报：今天白天到晚上，百色、河池、柳州、桂林、贺州、来宾等市以及南宁、贵港两市北部的部分地区有中到大雨，局部暴雨到大暴雨，我区其它地区有小雨。10日，贺州、来宾、梧州、贵港、南宁、玉林等市以及桂林、柳州两市南部的部分地区有中到大雨，局部暴雨到大暴雨，我区其他地区有小到中雨，局部大雨。最低气温：桂北12-16℃，桂南16-20℃；最高气温：桂北、桂中20-24℃，桂南24-27℃。11日，桂东、桂南部分地区有小雨，局部中到大雨，我区其他地区多云。最低气温：桂北12-16℃，桂南16-20℃；最高气温：桂北、桂中20-25℃，桂南25-27℃。未来一周百色天气预报天气转凉，小伙伴们一定要注意保暖，别感冒了哈~||信息来源：930老友记综合广西天气（版权归原作者所有，如有侵犯请联系小编删除）||综合编辑：百色吃喝玩乐购||爆料/合作：18377613520<< 免责声明>>对于文中部分内容及图片，我们致力于保护原作者版权，转载或引用仅为传播更多信息为目的，部分源自互联网，无法核实真实出处，如涉及侵权，请联系我们删除，谢谢!-法律顾问-长按以下二维码关注我们]]></content>
  <author><![CDATA[百色吃喝玩乐购]]></author>
  <time>2018-10-09 17:50:25</time>
  <account><![CDATA[www-baise-cc]]></account>
</data>
