<data>
  <id><![CDATA[51486820]]></id>
  <url><![CDATA[https://mp.weixin.qq.com/s?timestamp=1539596535&src=3&ver=1&signature=Egrj350GoKY8-KUcIJshb0UUZPRDYFvHBLMq9X5FQxT*-Sqh22KkO2skKj6krYvoth5c36TINHQeFhsDWYMyHfXqKClR25av*1a*OhAeI80eGAqNaG0UYObA-hNae8MducUMWXV6LCtM2OoYW3m1RFsGzTTUDAlmx5HywRkZSdo=]]></url>
  <title><![CDATA[坐反公交，20岁女生“暴雨梨花式”痛哭报警！新音频曝光]]></title>
  <content><![CDATA[图文编辑||百色网昨天（10月11日）一位女大学生因为“暴雨梨花式”痛哭报警突然上了热搜！划重点▼接线小姐姐：小朋友，你多大啦？报警女生：呜呜呜……我好大了，（顿1秒）我20了这段暴雨梨花式的录音一出网友反应是这样的▼这到底是咋回事呢？▼事情发生在10月9日晚南京某高校学生@张胖吃不胖因为末班公交坐反了，地处偏僻打不到车无奈之下她哭着求助警察最后警察叔叔“一路漂移”用警车把她送回学校警车接回学校，女孩说自己“经历了人生最拉风的高光时刻”被点名的@江宁公安在线先是表示感谢然后强调：警方多方确认后认定，警车全程没有闯红灯，也没有漂移……▼由于报警女生一边大哭一边报警让警方误以为是位小朋友#小朋友你多大啦#这句话也随之被顶上了热搜到这里本来是一段暖心护送警情不过有网友评论说这样做是浪费警力▼报警求助的女生发微博解释男友在异地舍友是女孩子不放心她们打车来接至于“漂移”大概可以理解为一种修辞手法吧▼对此南京市公安局江宁分局新浪微博@江宁公安在线通过微博发长文回应称当时该同学所处的位置偏僻确实很难打到车并认为她在这种情况下选择报警求助是理智且正确的▼今天（10月12日）一大早女孩又高挂热搜↓↓原来是她在接受采访时，还原了当晚的情况，“我非常感谢他们，我后来想付油钱，但都被他们拒绝了，所以才想到发微博”。而在另一段采访录音中，女孩还解释了为什么想付油钱，是因为觉得打车挺贵的，滴滴那一趟应该要30多元，美团也要30~40元，觉得警察不容易。女孩还解释了为什么自己一开始说20岁（实际20岁），后来又说18岁，因为怕接线员觉得自己20岁了，不来接她。网友评论：@老吴学摄影：警察也不易呀，去接了结果一群人骂浪费警力什么的，要是不去接，万一出什么事儿，那群人又会出来说，妹子都报警了，结果不闻不问，你看出事了吧，键盘侠什么的真的该封杀掉！不过话说回来，真心心疼这妹子，遇到这种事不都是打电话给男票，然后男票火急火燎的过来接么@白裤裆寒冬一季丶：姑娘报警没毛病的呀一个姑娘这样本来就不安全，说什么浪费警力，这种时候谁不害怕？@滚滚红尘红成滚滚：警察蜀黍很暖。女生也马大哈确实也认识自己的错误了，公开表扬警察叔叔阿姨也是正能量，就别一上来就骂巨婴了，谁还没个一不小心的时候呢。最后大家要记住↓↓↓1、报警时如果没有即时危害，尽量不要哭，慢慢说。2、不要瞎报警，但是遇到危难更不能怕报警。||信息来源：南方都市报、新京报、扬子晚报（版权归原作者所有，如有侵犯请联系小编删除）||综合编辑：百色吃喝玩乐购||爆料/合作：18377613520<< 免责声明>>对于文中部分内容及图片，我们致力于保护原作者版权，转载或引用仅为传播更多信息为目的，部分源自互联网，无法核实真实出处，如涉及侵权，请联系我们删除，谢谢!-法律顾问-长按以下二维码关注我们]]></content>
  <author><![CDATA[百色吃喝玩乐购]]></author>
  <time>2018-10-12 17:51:00</time>
  <account><![CDATA[www-baise-cc]]></account>
</data>
