<data>
  <id><![CDATA[51486820]]></id>
  <url><![CDATA[https://mp.weixin.qq.com/s?timestamp=1539596535&src=3&ver=1&signature=Egrj350GoKY8-KUcIJshb0UUZPRDYFvHBLMq9X5FQxT*-Sqh22KkO2skKj6krYvoth5c36TINHQeFhsDWYMyHeMLxcqx6LagnYD3fpI5uKHuAyyHBXnoFXtMLVnyqtoCibO0sBR2S5O1W50KeNCwp2IMYSAL3VheazZUi2JKLpo=]]></url>
  <title><![CDATA[广西现“高铁霸座男”，惹怒全车厢乘客！铁路公安公布最新处罚]]></title>
  <content><![CDATA[图文编辑||百色网高铁上霸座的人，总是让人恨得牙痒痒，近日，广西一辆动车上也出现了“霸座男”。结果他被众人摁在地上……来看看究竟是什么回事？男子在动车上闹事近日，一段视频在网上引发关注。有网友反映，10月6日，在一趟开往南宁的动车上，一位红褐色衣服的男子喝醉酒强行霸占了他人座位，原座位的乘客对其进行劝导却被打！之后，乘警前来处理此事，但红褐衣服男子趁乘警不在，又过去打原座位的人。最后，红褐色衣服男子被大家齐心按倒在地上。（视频截图）（视频截图）铁路公安公布处罚结果今天上午，@南宁铁路 公布了最新处罚，姜某（红褐色衣服男子）被处10日拘留，处200元罚款，并在一定期限内被限制购票乘坐火车。（微博截图）网友热议对于红褐色衣服男子的这种行为，网友表示↓你怎么看？||信息来源：广西新闻网综合、南宁铁路、930老友记（版权归原作者所有，如有侵犯请联系小编删除）||综合编辑：百色吃喝玩乐购||爆料/合作：18377613520<< 免责声明>>对于文中部分内容及图片，我们致力于保护原作者版权，转载或引用仅为传播更多信息为目的，部分源自互联网，无法核实真实出处，如涉及侵权，请联系我们删除，谢谢!-法律顾问-长按以下二维码关注我们]]></content>
  <author><![CDATA[百色吃喝玩乐购]]></author>
  <time>2018-10-09 17:50:25</time>
  <account><![CDATA[www-baise-cc]]></account>
</data>
