<data>
  <id><![CDATA[51486820]]></id>
  <url><![CDATA[https://mp.weixin.qq.com/s?timestamp=1539596535&src=3&ver=1&signature=Egrj350GoKY8-KUcIJshb0UUZPRDYFvHBLMq9X5FQxT*-Sqh22KkO2skKj6krYvoth5c36TINHQeFhsDWYMyHUMBNlbkY8dR53AVGysZsjfWA5-b-QLfLdPWe1Rtuq8rpF14BvXceORqaVgSQrBUHV7vSGwuIAA3JZH4QpmEqDc=]]></url>
  <title><![CDATA[惊险！百色东合桥上一年轻女子欲跳河轻生，紧要关头……]]></title>
  <content><![CDATA[图文编辑||百色网10月6日7时27分，新兴巡逻组接到110指挥中心指令：右江区东合大桥有一女子站在桥边疑似轻生，情绪激动，请立即出警处置。接到指令后，新兴巡逻组立即出警赶赴现场，发现该女子情绪依然非常激动。情况紧急，带队民警立即将出警警员分为两组，一组警员面对面进行劝阻，缓和情绪，吸引其注意力；另一组警员伺机迅速将其控制，并与现场群众合力将其带至安全区域。经了解，该女子因琐事一时想不开，起了轻生念头，遂到东合大桥边上意图跳河自尽。经民警耐心地教育劝解，该女子表示不会再有轻生念头，对自己的冲动行为感到十分后悔。右江警方快速成功解救轻生群众，展现出优良的业务素质，赢得了过往市民群众纷纷点赞。||信息来源：右江公安（版权归原作者所有，如有侵犯请联系小编删除）||综合编辑：百色吃喝玩乐购||爆料/合作：18377613520<< 免责声明>>对于文中部分内容及图片，我们致力于保护原作者版权，转载或引用仅为传播更多信息为目的，部分源自互联网，无法核实真实出处，如涉及侵权，请联系我们删除，谢谢!-法律顾问-长按以下二维码关注我们]]></content>
  <author><![CDATA[百色吃喝玩乐购]]></author>
  <time>2018-10-08 17:54:52</time>
  <account><![CDATA[www-baise-cc]]></account>
</data>
