<data>
  <id><![CDATA[51486820]]></id>
  <url><![CDATA[https://mp.weixin.qq.com/s?timestamp=1539596535&src=3&ver=1&signature=Egrj350GoKY8-KUcIJshb0UUZPRDYFvHBLMq9X5FQxT*-Sqh22KkO2skKj6krYvoth5c36TINHQeFhsDWYMyHcHgB2YyLSQkxN5VOoQmaJSIEcKY2WcHpD1rZR0I1HgVCCniz8tymek86sqldtmXGyUPG4SluKwzHC9*aRF2Ir0=]]></url>
  <title><![CDATA[靖西一男子无证驾驶黑车走私冻品，遇交警掉头逃跑结果挨了.....]]></title>
  <content><![CDATA[图文编辑||百色网靖西一男子以为国庆长假期间交警不上路查车，便无证驾驶一辆黑车从事走私活动，结果被交警当场查获并被依法行政拘留。10月1日下午，一辆挂桂C号牌的黑色小轿车在靖西至龙邦高速公路往靖西市区方向行驶，当行至地州镇大利公安检查点时，驾驶员发现有交警对过往车辆进行逐一检查，于是慌忙掉头逃跑。黑色小轿车在掉头过程中，碰撞后面的一辆皮卡车，造成两车不同程度损坏。发生碰撞后，黑色小轿车及驾驶员被执勤民警控制，随后被依法传唤到靖西交警大队接受调查。图为赵某某被查获。经查，驾驶员赵某某为靖西市地州镇人，未取得任何类型机动车驾驶证，所持的行驶证也是假证，车上装有14件无合法手续的冻品。据赵某某交代，他所驾驶的黑色小轿车是从一个不知姓名的陌生人手中买来，当天驾驶该车行至大利公安检查点时，因无证驾驶且车内装有走私物品，害怕被查所以掉头逃跑。目前，赵某某因涉嫌无证驾驶机动车和阻碍执行职务被靖西警方依法作出行政拘留二十日的处罚决定。||信息来源：靖西佰事通（版权归原作者所有，如有侵犯请联系小编删除）||综合编辑：百色吃喝玩乐购||爆料/合作：18377613520<< 免责声明>>对于文中部分内容及图片，我们致力于保护原作者版权，转载或引用仅为传播更多信息为目的，部分源自互联网，无法核实真实出处，如涉及侵权，请联系我们删除，谢谢!-法律顾问-长按以下二维码关注我们]]></content>
  <author><![CDATA[百色吃喝玩乐购]]></author>
  <time>2018-10-10 17:52:40</time>
  <account><![CDATA[www-baise-cc]]></account>
</data>
