<data>
  <id><![CDATA[51486820]]></id>
  <url><![CDATA[https://mp.weixin.qq.com/s?timestamp=1539596535&src=3&ver=1&signature=Egrj350GoKY8-KUcIJshb0UUZPRDYFvHBLMq9X5FQxT*-Sqh22KkO2skKj6krYvoth5c36TINHQeFhsDWYMyHeMLxcqx6LagnYD3fpI5uKGRkW4ijdf8TY919pHDccpsBWED7I4QMdhzqJLpVCD-wXUA5kj8xRjz0l5GZxcC4e8=]]></url>
  <title><![CDATA[缺德！百色外卖骑手上楼送餐，小青年楼下偷盒饭]]></title>
  <content><![CDATA[图文编辑||百色网窝在家里慵懒的午后，想来份下午茶但是只想宅在家里的你这还有比叫外卖更好的选择吗？随着网上订餐人数增多也越来越多人投生于“骑士”事业可是在前一阵，却发生了一件让“骑士”陈师傅心里很不是滋味的事10月7日傍晚，百色市东合一路的某网咖门口，外卖送餐员陈师傅在进送餐回来后发现保温盒里面餐品不见了，价值100块钱左右。 陈师傅赶紧调取了附近的监控。通过网吧门口监控，可以很清楚地看到，偷拿陈傅保温箱中的餐食是两位穿着黑色衣服，年龄大约20多岁的年轻男子，拿走外卖过程中只用了几秒钟，整个过程显得十分从容...陈师傅说，“我们送外卖的，一个月风里来雨里去就赚几千块钱，他这样一偷我一两天就白做了不说，还会被客户投诉，月末奖金也拿不到了。这个钱虽然不多，但请大家有点良知，不要如此偷拿东西。”曾经有一段时间，网络上对于外卖小哥的关注度非常高，有外卖小哥因为怕超时而急哭在电梯，也有小哥冒雨送餐令人感动，当然不少网友都和外卖小哥发生过一些趣事。小编倒是认为，知道他人的辛苦，尊重他们的工作给予他们理解才是关键。希望拿走这位外卖小哥的两个年轻人早日“回头是岸”啊！||信息来源：右江论坛、百色微网（版权归原作者所有，如有侵犯请联系小编删除）||综合编辑：百色吃喝玩乐购||爆料/合作：18377613520<< 免责声明>>对于文中部分内容及图片，我们致力于保护原作者版权，转载或引用仅为传播更多信息为目的，部分源自互联网，无法核实真实出处，如涉及侵权，请联系我们删除，谢谢!-法律顾问-长按以下二维码关注我们]]></content>
  <author><![CDATA[百色吃喝玩乐购]]></author>
  <time>2018-10-09 17:50:25</time>
  <account><![CDATA[www-baise-cc]]></account>
</data>
