<data>
  <id><![CDATA[51486820]]></id>
  <url><![CDATA[https://mp.weixin.qq.com/s?timestamp=1539596535&src=3&ver=1&signature=Egrj350GoKY8-KUcIJshb0UUZPRDYFvHBLMq9X5FQxT*-Sqh22KkO2skKj6krYvoth5c36TINHQeFhsDWYMyHbQEshYSRMnbhlc*1S5Bq5GsyJlU5whJ6GWcH*60ifPfN0NK3N1RIgvCiVri6C4225iDxEr6Xb9GFPXxBjhL2yw=]]></url>
  <title><![CDATA[老汉家中数万元现金“不翼而飞”，到底怎么回事？]]></title>
  <content><![CDATA[图文编辑||百色网虽说，千防万防，家贼难防但也有，法网恢恢疏而不漏周老汉放在家中的数万元现金不翼而飞原来竟是“家贼”国庆长假，大家都在开开心心的享受假期，欢度节日。但家住靖西市龙临镇的周老汉却愁啊愁，因为其积攒了多年的几万元现金被人盗走了，这下可急坏了周老汉。这是咋回事呢？↓↓↓案件回顾10月4日晚20时许，家住靖西市龙临镇某村的周某偏报警称，其放在家中的数万元现金（具体数目不清）于9月27日被人盗走。接报后，靖西警方立即赶赴现场处置。经勘查，发现被盗房间的门窗并没有撬动的痕迹，但放置现金的木箱锁头被撬坏。据周某偏回忆，其发现现金被盗的前一天，其侄子刚从广东回来，现金被盗当天其侄子也失踪了，怀疑现金被盗是其侄子所为。这几天周家人一直想把钱追回来，但是一直没见到人，所以才报警。民警结合现场勘查、走访摸排进行研判分析，最终锁定周某伟有重大作案嫌疑，并迅速展开抓捕工作。民警在案发现场走访时了解到，10月4日中午有人在村里看见了周某伟，由此断定，周某伟目前仍在靖西。为尽快将犯罪嫌疑人抓获，民警连夜对周某伟可能落脚的地方进行蹲守、搜寻。10月5日凌晨2时许，民警在靖西市新靖镇某宾馆将涉嫌盗窃的周某伟（男，25岁，靖西市龙临镇人）抓获。经审讯，犯罪嫌疑人周某伟交代了其盗窃四万余元现金的犯罪事实。原来，周某伟早年辍学到广东打工，因平时好吃懒做，花费“阔绰”，知道其大伯平时习惯在家中留着现金，便从广东返回家中行窃，盗得赃款后立即到广东酒吧、会所挥霍一空。10月4日返回靖西，打算跟其大伯认错，但又害怕被家人骂，所以就躲在靖西城区，没想到就被公安民警抓了。目前，犯罪嫌疑人周某伟已被刑事拘留，案件正进一步审理中。警方提醒：入室盗窃犯罪作为一种常见的多发性侵财犯罪涉及千家万户，必须提高警惕，引起重视。因此，大家要增强防盗意识，家中不要存放大量现金和贵重物品，即使存放也要放在不易被发现的地方。市民一旦发现家中被盗，应立即报警。||信息来源：靖西公安（版权归原作者所有，如有侵犯请联系小编删除）||综合编辑：百色吃喝玩乐购||爆料/合作：18377613520<< 免责声明>>对于文中部分内容及图片，我们致力于保护原作者版权，转载或引用仅为传播更多信息为目的，部分源自互联网，无法核实真实出处，如涉及侵权，请联系我们删除，谢谢!-法律顾问-长按以下二维码关注我们]]></content>
  <author><![CDATA[百色吃喝玩乐购]]></author>
  <time>2018-10-07 17:55:00</time>
  <account><![CDATA[www-baise-cc]]></account>
</data>
