<data>
  <id><![CDATA[51486820]]></id>
  <url><![CDATA[https://mp.weixin.qq.com/s?timestamp=1539596535&src=3&ver=1&signature=Egrj350GoKY8-KUcIJshb0UUZPRDYFvHBLMq9X5FQxT*-Sqh22KkO2skKj6krYvoth5c36TINHQeFhsDWYMyHXiSAcKCprqRXFw8ZN3tZTUbHUFKXLzupZP9gX5jiQVa3xWWz82RTgsMFy3Pi18LBMghrZgNu9yxMNxBA2grTHs=]]></url>
  <title><![CDATA[广西女子商业港内先后抱走3个小孩，母亲称其曾精神异常]]></title>
  <content><![CDATA[图文编辑||百色网10月12日下午，一则题为“女子偷小孩被抓”的视频，在网络上流传开来。视频中，一背着双肩包的女子，被一名身材壮实的男子反手摁在地上，周边响着嘈杂的男女声音：“小孩也偷啊！”“偷小孩的，抢小孩的”。母亲进店选衣服 孩子被人抱走有网友称，大约10月12日下午4时许，一名女顾客推着婴儿车，来到新时代商业港童装城购物。女子推的婴儿车内，躺着一名女婴。在童装城某童装店门前，因为店铺前有台阶，推车不方便，女顾客将车停在门前台阶下，让门面的李师傅帮照看，便进店挑选童装。此时，一名背着双肩包的白衣女子走过来，把婴儿车推出一米来远，然后停下伸手去抱车里的婴儿。李师傅还以为该女子是女顾客的朋友。这时，女顾客发现了情况后，立即跑出来叫喊起来：“你想偷小孩？干吗要抱我的孩子？”听到有人大声呵斥，该白衣女子没有回应就快速往出口走去。这时，很多人围了上来，女顾客朝白衣女子追去。男顾客闻讯冲出商店 摁倒欲偷小孩者记者在现场采访时，附近一童装门面的范先生告诉记者，当日下午4时许，他在门面打理商品，一名男顾客在其店面买裤子。突然，三名女子追着一名穿白色上衣、背着一个双肩背包的女子，边追边喊着：“她偷小孩，快帮我抓住她！”其中一女子还抓住了该白衣女子的手。这名男顾客闻讯立即冲出去，将白衣女子摁住。范先生现场拨打了110报警。随后，民警赶到，将白衣女子带往派出所调查。不止一次“偷”小孩 女子母亲称其曾有精神异常记者现场走访，发现不少门面业主都知道白衣女子“偷”小孩的事。有业主称，当天下午2时30分，这名白衣女子曾来到新时代商业港童装城另一家童装门面，抱走了一个婴儿。记者从该业主手机存下的一段监控录像看到，当天下午2时30分左右，这名白衣女子在该童装门面外，抱走一个婴儿后，往前走了10多米，就被估计是孩子母亲的女子追上，并从白衣女子手中抢回了婴儿。据了解，白衣女子姓谭，31岁。当天下午，白衣女子在新时代商业港童装城，先后欲抱走3个孩子，但均被追回。女子抱走最后一个孩子时，被市民控制住。这段经过，被网友拍下了视频。谭某被抓后，其母亲也赶到了派出所。据其母亲说，她女儿怀孕4个月，曾有精神异常。谭母也不知道为什么女儿会有这样的行为。女子谭某被抓后，被带到柳南派出所。当晚7时30分左右，记者来到柳南派出所，得知民警已带谭某去医院做相应检查。||信息来源：南国今报（版权归原作者所有，如有侵犯请联系小编删除）||综合编辑：百色吃喝玩乐购||爆料/合作：18377613520<< 免责声明>>对于文中部分内容及图片，我们致力于保护原作者版权，转载或引用仅为传播更多信息为目的，部分源自互联网，无法核实真实出处，如涉及侵权，请联系我们删除，谢谢!-法律顾问-长按以下二维码关注我们]]></content>
  <author><![CDATA[百色吃喝玩乐购]]></author>
  <time>2018-10-13 17:10:00</time>
  <account><![CDATA[www-baise-cc]]></account>
</data>
