<data>
  <id><![CDATA[51486820]]></id>
  <url><![CDATA[https://mp.weixin.qq.com/s?timestamp=1539596535&src=3&ver=1&signature=Egrj350GoKY8-KUcIJshb0UUZPRDYFvHBLMq9X5FQxT*-Sqh22KkO2skKj6krYvoth5c36TINHQeFhsDWYMyHagNU7L5miOZihjfCJS5iZ8RwGtC*-8V6UQfI1g95HSbjf0ejPno2O5vGrqvWx4nXdjS9jVARpfomF4YWzXcR7s=]]></url>
  <title><![CDATA[克扣危改户押金、收取“辛苦费”.......百色又有4名干部被通报处分]]></title>
  <content><![CDATA[图文编辑||百色网1.田林县林权管理办公室原主任岑延贵受贿问题。2005年，时任田林县板桃乡林业站站长岑延贵伙同黄某寿、梁某珍（二人另案处理）利用职务之便，在帮助田林县潞城瑶族乡央郎村央边屯许某某等4户农户面积为312.5亩的林地办理得退耕还林指标后，由其与4户农户口头约定每年拿出退耕还林粮食补助款的一半作为三人辛苦费。2006年至2015年10年间，4户农户先后拿出退耕还林补助款共计29.3万元给岑延贵、黄某寿、梁某珍三人私分，其中岑延贵分得10.4万元。2018年3月，岑延贵被判处有期徒刑3年，并处罚金20万。2018年7月，岑延贵受到开除公职处分。所涉违纪款已追缴。2.隆林各族自治县者浪乡党委委员、人民政府副乡长苏秋芳克扣危改户押金问题。2009年至2010年4月，时任隆林各族自治县沙梨乡农业服务中心技术员、委敢村包村工作组组员苏秋芳在协助沙梨乡人民政府组织实施危房改造工作中，利用职务便利以“辛苦费”名义克扣委敢村黄某鸳、黄某安等11户危改户押金共计3300元，均用于其个人生活开支。2018年8月，苏秋芳受到党内警告处分。所涉违纪款已追缴。3.田阳县城管大队副大队长莫伟仁履职不力问题。2016年1至8月，时任田阳县城管大队副大队长莫伟仁身为帮扶干部，在精准帮扶工作中未正确履行工作职责，明知其联系户苏某生还在犯罪服刑情况仍虚假填报苏某生的务工收入，填报贫困户收入与实际不相符，导致贫困数据失真，造成不良影响。2018年7月，莫伟仁受到党内警告处分。4.右江区阳圩镇巴部村村民委员会副主任黄远建收取“辛苦费”及私分危改补助资金问题。2010年至2013年，时任右江区阳圩镇巴部村村民委员会副主任黄远建以帮助申请危住房改造项目“辛苦费”名义分别向罗某文、周某仕等11户共收取4450元用于其个人支出。期间，黄远建于2012年初与时任巴部村党支部书记周某延（另案处理）以2011年危改户陆某丰没有按时起房子为由，截留私分危改户陆某丰的危改补助资金12000元，其中黄远建分得6000元。2018年7月，黄远建受到留党察看一年处分。||信息来源：百色清风（版权归原作者所有，如有侵犯请联系小编删除）||综合编辑：百色吃喝玩乐购||爆料/合作：18377613520<< 免责声明>>对于文中部分内容及图片，我们致力于保护原作者版权，转载或引用仅为传播更多信息为目的，部分源自互联网，无法核实真实出处，如涉及侵权，请联系我们删除，谢谢!-法律顾问-长按以下二维码关注我们]]></content>
  <author><![CDATA[百色吃喝玩乐购]]></author>
  <time>2018-09-30 17:50:00</time>
  <account><![CDATA[www-baise-cc]]></account>
</data>
