<data>
  <id><![CDATA[51486820]]></id>
  <url><![CDATA[https://mp.weixin.qq.com/s?timestamp=1539596535&src=3&ver=1&signature=Egrj350GoKY8-KUcIJshb0UUZPRDYFvHBLMq9X5FQxT*-Sqh22KkO2skKj6krYvoth5c36TINHQeFhsDWYMyHaPxXpybDClS*mj59EHMeun*ucGReuVj5fzA0z81cuDZDhnO5R2chKclpIdqBB6wO1X4TeE49HzyVmVB45LmXoM=]]></url>
  <title><![CDATA[国庆要怎样才无尽乐fun天？当然是去田州古城看“哞”啊！]]></title>
  <content><![CDATA[眼下国庆就快到啦，大家可能还在纠结去哪里玩？祖国华诞，普天同庆。国庆要怎样才无尽乐fun天?去田州古城看牛王争霸、体验壮乡宴、饱尝天南地北美食……呀！国庆期间，田州古城将开展精彩迭出的壮乡牛王争霸、精彩迭出的田阳舞狮表演、时尚酷炫的跑酷与极限滑板等一系列丰富多样的活动带您嗨翻天！！牛王争霸时间：10月1-3日地点：古城旅游核心区临时斗牛场西班牙斗牛在世界久负盛名，而壮族也有斗牛的习俗，且毫无逊色于西班牙斗牛。壮族斗牛是两牛角斗，与西班牙人牛相斗的方式相比，别有一番情趣。这个国庆，田州古城立足壮民族文化源脉举办首届牛王争霸赛，给广大游客体验牛角“咔嚓、咔嚓”地互相碰撞，场面紧张而激烈，精彩迭出的壮族斗牛特色。壮乡舞狮时间：10月1日下午16:30-17:3010月2-3日上午10:30-11:30地点：古城布洛陀广场这个国庆田阳壮乡舞狮将在布洛陀广场上进行刀尖狮技、金狮雄风、瑞狮争艳、楼台跳桩等精彩刺激表演，将带给大家带来壮族舞狮文化视觉盛宴。百味美食节时间：10月1日-31日地点：古城布洛陀广场田州古城旅游核心区重点打造的旅游配套街区“天下百味特色餐饮街”将于这个国庆节隆重开街，往后古城游客在此足不出街即可在饱尝天南地北各地特色美食。国庆主题文艺汇时间：9月30日-10月6日地点：古城布洛陀广场国庆假期，田州古城将给大家呈现一场场节目丰富多彩的文艺演出。首届顶级跑酷公开赛时间：10月2日-10月3日地点：古城布洛陀广场这个国庆数位区内顶级跑酷者将聚集田州古城一同酷炫竞技，让你在现场就能观看到各种狂拽跑酷炫。首届极限滑板公开赛时间：10月4日-10月6日地点：古城布洛陀广场区内顶尖极限滑板选手，汇集田州古城一同决战滑板之巅？！将带来一场史无前例的速度与激情结合滑板盛宴。皮卡丘人偶巡游时间：10月1日-7日  10:30-11:30、19:30-21:30地点：田州古城景区内一大群萌宠这个国庆将空降古城，承载着多少人的童年记忆，宠物小精灵真的要来啦！这个国庆来田州古城，跟这一只只呆萌的黄胖子，一起度过一个呆萌呆萌的国庆假期吧！趣味游园时间：10月1-7日 19:30-21:30地点：古城民国街尾段国庆假期怎能少得了游园这个民俗活动了！国庆期间田州古城为大家准备了火线冲击、趣味抓鱼、尖叫喷泉等等有趣好玩的游园游戏，更有精美礼品等你拿！~刺激战场电竞大赛时间：10月1日-10月7日  19：00-21：00地点：田州古城内香车美女时间：10月1日至7日地点：田州古城内这个国庆，香车和美女竞相亮相田州古城，名车与古城相映成辉为送上一场汽车盛宴！购物送好运时间：10月1日至7日地点：古城民国街尾段国庆期间，凡在田州古城指定商家（田州古城商业联盟会员）消费满38元，即可免费领取刮刮乐彩票一张。“老外”秀街舞时间：10月1日至7日地点：古城民国街尾段街舞外教与米克斯街舞团及将在古城内进行现场表演、快闪秀等表演活动，记得来到古城一起感受街舞文化吧。壮乡对山歌比赛时间：10月2-7日  10:00-11:30地点：古城民国街尾段来到壮乡又怎能不听山歌？国庆期间山歌不断，一曲来自远古的山歌，一份最真挚的祝愿。这是壮乡人庆祝新春的方式。如果您是第一次来壮乡，这样精彩的演出自然是最不能错过的！这个国庆，田州古城精彩活动实在太多，要全部列出来的话估计三天三夜也列不完呢，国庆假期来田州古城就对了，保准让您嗨翻天！！以上广告内容由商家提供]]></content>
  <author><![CDATA[百色吃喝玩乐购]]></author>
  <time>2018-09-28 17:35:52</time>
  <account><![CDATA[www-baise-cc]]></account>
</data>
