<data>
  <id><![CDATA[51486820]]></id>
  <url><![CDATA[https://mp.weixin.qq.com/s?timestamp=1539596535&src=3&ver=1&signature=Egrj350GoKY8-KUcIJshb0UUZPRDYFvHBLMq9X5FQxT*-Sqh22KkO2skKj6krYvoth5c36TINHQeFhsDWYMyHbQEshYSRMnbhlc*1S5Bq5FC9Y9d5vjqsoZEkJSYFMb7cyuC3shSJ7rLJmCP9-GU1RaOVtAhR9-3jKkdw0emK54=]]></url>
  <title><![CDATA[惨！开往靖西客车与奥迪车相撞，现场面目全非.....]]></title>
  <content><![CDATA[图文编辑||百色网据网友爆料昨天中午，德保往靖西都安老虎洞路段发生了一起大客车与奥迪车相撞的道路交通事故。奥迪车一侧已经完全塌陷，车玻璃也有损坏，部分车身凹陷，现场一片狼藉。随后消防员赶到现场展开救援！具体事故原因请以官方发布为准。目前事故原因正在调查中！国庆长假，趁着天气晴好，不少人选择走亲访友、外出旅游，在此提醒，节假日期间出门在外，更加要注意交通安全，玩归玩，但安全才是最重要的。||信息来源：靖西佰事通（版权归原作者所有，如有侵犯请联系小编删除）||综合编辑：百色吃喝玩乐购||爆料/合作：18377613520<< 免责声明>>对于文中部分内容及图片，我们致力于保护原作者版权，转载或引用仅为传播更多信息为目的，部分源自互联网，无法核实真实出处，如涉及侵权，请联系我们删除，谢谢!-法律顾问-长按以下二维码关注我们]]></content>
  <author><![CDATA[百色吃喝玩乐购]]></author>
  <time>2018-10-07 17:55:00</time>
  <account><![CDATA[www-baise-cc]]></account>
</data>
