<data>
  <id><![CDATA[51486820]]></id>
  <url><![CDATA[https://mp.weixin.qq.com/s?timestamp=1539596535&src=3&ver=1&signature=Egrj350GoKY8-KUcIJshb0UUZPRDYFvHBLMq9X5FQxT*-Sqh22KkO2skKj6krYvoth5c36TINHQeFhsDWYMyHUuH3*K14v5QlNUl5DTl6lx7WEI3bmYoRQafdGAqrPn8dg99pw8dUUt2SQt5QiohHkg2To1Cb7fycmVipoIOCfI=]]></url>
  <title><![CDATA[200多名警力雨夜出击，一个长期盘踞在西林的村霸违法犯罪团伙被端]]></title>
  <content><![CDATA[图文编辑||百色网10月9日晚至10日凌晨，西林县警方在百色市公安局特警支队、田林县公安局、隆林县公安局的警力支援下，集结了200多名警力，动用警车22辆，冒雨在辖区开展社会治安综合治理整治行动。行动成功端掉了一长期盘踞在西林县那佐苗族乡平别村的村霸违法犯罪团伙。整治行动中，西林县委常委、政法委书记黄云，副县长、公安局长魏星，公安局政委鄂耀勇亲临一线指挥作战。研讨整治行动方案图为西林县委常委、政法委书记黄云（左三），副县长、公安局长魏星（左二），公安局政委鄂耀勇（左四）现场指挥作战。集结出发参战的单位还有县委政法委、县人民检察院、县司法局、森林公安局、县人民医院以及县消防大队。当天凌晨4时许，涉案的10名犯罪嫌疑人悉数被传唤到案。目前，7名犯罪嫌疑人因涉嫌寻衅滋事、敲诈勒索均已被刑事拘留，案件正在进一步办理中。欢迎广大群众积极举报各类涉黑涉恶犯罪线索！共同维护良好社会治安！||信息来源：西林公安（版权归原作者所有，如有侵犯请联系小编删除）||综合编辑：百色吃喝玩乐购||爆料/合作：18377613520<< 免责声明>>对于文中部分内容及图片，我们致力于保护原作者版权，转载或引用仅为传播更多信息为目的，部分源自互联网，无法核实真实出处，如涉及侵权，请联系我们删除，谢谢!-法律顾问-长按以下二维码关注我们]]></content>
  <author><![CDATA[百色吃喝玩乐购]]></author>
  <time>2018-10-11 17:51:00</time>
  <account><![CDATA[www-baise-cc]]></account>
</data>
