<data>
  <id><![CDATA[51486820]]></id>
  <url><![CDATA[https://mp.weixin.qq.com/s?timestamp=1539596535&src=3&ver=1&signature=Egrj350GoKY8-KUcIJshb0UUZPRDYFvHBLMq9X5FQxT*-Sqh22KkO2skKj6krYvoth5c36TINHQeFhsDWYMyHaPxXpybDClS*mj59EHMeul-YABtsdzOpEK3W0vYPq6zVuEPfaVzq0aQMHlLjeGuOH0BtydyDMsCwdD6tKlRoIo=]]></url>
  <title><![CDATA[极其凶残！广西一学生偷瓜不成，竟奸杀女主人，狠捅30余刀]]></title>
  <content><![CDATA[图文编辑||百色网15年前，桂林一瓜地女主人被先奸后杀，身上被捅30多刀，令人震惊！然而凶手一直在逃，直到今年出现转机，凶手终于落网，而15年前作案时他还是一名学生。当年究竟发生了什么？事情得从一个西瓜讲起……1偷西瓜被发现起杀念2003年7月20日下午，因为暑假天气热，还在桂林读书的张某便想着到附近的西瓜地里去偷西瓜，谁知竟被女瓜主唐某仁抓了个正着。被发现后，唐某仁把张某抓到瓜房里质问：以前是否经常来偷西瓜，并称要报警，让张某父母来领他。张某听后很是害怕，唯恐此事传出去自己就读不成书了。为了让这个秘密不被人知道，张某掏出随身携带的匕首朝唐某仁的肚子上捅了一刀。2残忍将女子先奸后杀唐某仁被捅后一边喊救命，一边往外跑，张某见状就急忙追出去，把唐某仁又拖回房里，并威胁“你再喊我就强奸你”，但唐某仁仍喊救命。失去理智的张某为满足其性欲，将唐某仁往床上拖，强行侵犯唐某仁，唐某仁强烈反抗，张某又捅了她一刀。见到唐某仁被侵犯后仍继续喊叫，张某将其从床上扯到地上，拿起匕首朝唐某仁身上一阵乱捅，将唐某仁杀害。作案后，张某怕被害人装死，先拿起房内的菜刀朝被害人的屁股割了两刀，然后又用铁夹夹起煤炉里面还在燃烧的煤球烫被害人背部。在确认唐某仁死亡后，为了扰乱视线，伪造了抢劫杀人的假象，然后慌张逃离现场。3为出逃辍学外出打工逃回家后，张某用毯子蒙着头在床上装病，吓得连晚饭都不敢吃；接连几天，不敢出门半步，更不敢打听案件情况。开学后，白天胆战心惊，晚上睡觉也不敢关灯，一关灯就想起杀人的情景。为了逃避，为防止被抓，张某只好辍学外出打工，其先后去过钦州、东莞、南宁、深圳等地，但每个地方都不敢待久。415年的沉案宣布告破2003年7月20日17时30分，兴安县公安局刑侦大队接到报案，发现唐某仁已经死亡，身上有锐器伤30余刀。经走访排查，只在现场提取到一枚可疑指纹，破案工作陷入僵局。15年后，案件侦办突然迎来重大转机。今年3月6日，江西赣州的刑侦大队在倒查指纹时发现，一枚指纹与“2003年广西兴安县唐某仁被杀案”的一枚现场指纹相似，经进一步比对，确认该指纹就是当年犯罪嫌疑人张某所留。3月8日，兴安县公安局将张某押回。经讯问，张某如实供述了自己的犯罪事实。15年的沉案宣布告破。5犯罪嫌疑人袒露心声逃窜了15年的张某表示：15年来，整日提心吊胆生活，从没过过一天安稳日子，即使结婚生子，晚上也没睡过安稳觉，睡觉了也经常做噩梦，梦到警察破门而入把我抓走。每年清明节的时候，不论在什么地方，我都会给被害人烧些纸钱；每年春节回家，都会去当年杀人的现场周边转一下子。冲动是魔鬼！因为一时恶念一错再错最后只能是自食恶果！||信息来源：桂林检察、南国今报（版权归原作者所有，如有侵犯请联系小编删除）||综合编辑：百色吃喝玩乐购||爆料/合作：18377613520<< 免责声明>>对于文中部分内容及图片，我们致力于保护原作者版权，转载或引用仅为传播更多信息为目的，部分源自互联网，无法核实真实出处，如涉及侵权，请联系我们删除，谢谢!-法律顾问-长按以下二维码关注我们]]></content>
  <author><![CDATA[百色吃喝玩乐购]]></author>
  <time>2018-09-28 17:35:52</time>
  <account><![CDATA[www-baise-cc]]></account>
</data>
