<data>
  <id><![CDATA[51486820]]></id>
  <url><![CDATA[https://mp.weixin.qq.com/s?timestamp=1539596535&src=3&ver=1&signature=Egrj350GoKY8-KUcIJshb0UUZPRDYFvHBLMq9X5FQxT*-Sqh22KkO2skKj6krYvoth5c36TINHQeFhsDWYMyHcHgB2YyLSQkxN5VOoQmaJRaBt6V6yvpGVmc3kHs2VBBv3QV-wS3*aYzvKSLoNAqUz3CREHtC0vVf4R*Jqjp9xQ=]]></url>
  <title><![CDATA[出租车见义勇为，被奖励最牛出租车号牌“甘A88888”？官方：消息不属实]]></title>
  <content><![CDATA[图文编辑||百色网“兰州的哥见义勇为且常做好事，政府奖‘甘A88888’车牌。”近日，一条暖心新闻流传开来，但随后，有媒体表示，这事儿可能不是真的……据报道，这辆出租车出现在甘肃兰州，现任司机王师傅说：“这是当年政府为了奖励一名出租车司机的善行，奖励给他的。据说当年这个老师傅救了人，并且一直坚持做善事儿、服务态度又好，政府为了褒奖他，就奖励了这个车牌。但老师傅为人十分低调，很少说起这些事儿。”随后有记者调查发现，这条消息并不属实。兰州市城市运输管理处工作人员回应说，对有优秀表现的出租车司机会通报表彰，但未曾采用特殊号牌的奖励方式。“这是没有的事，也不可能。兰州出租车号牌是以8开头，但没有听说过政府奖励车牌号一说。没有这个政策。”兰州双龙出租汽车公司有关负责人则表示：“车确实是我们公司的，但奖励这个车牌号一事我们没听说过。也是从网上看到才知道，怎么可能呀?”对于该出租车现任司机，公司方面回应说，“平时表现很平淡”。视频来源：新京报10月8日晚间，兰州交警部门对此事进行了回应：近日，一些媒体发布的题为《兰州的哥见义勇为且常做好事，政府奖“甘A88888”车牌》的新闻，此消息不属实。实际情况如下：甘A88888号系2010年1月17日正式启用，2017年7月13日，兰州双龙汽车出租有限责任公司对其名下所有的甘A88888号牌机动车进行报废更新，并办理了注销登记业务。2017年8月22日，兰州双龙汽车出租有限责任公司对新购置车辆办理了注册登记业务，按照公安部相关部令规定，兰州双龙汽车出租有限责任公司对新购置车辆启用原有的甘A88888号牌。此外，“甘A80000—甘A89999”纯数字号段为兰州市出租车的专用号段，出租车的号牌号码按照出租车公司办理注册登记的先后顺序依次排序进行确定。目前，选取机动车号牌通过两种方式进行，一是互联网选号，二是通过公安网选号。据了解，甘A88888车牌自2010年挂到出租车上使用后就不断受到“围观”，备受社会“关注”，网络上不断有不实传言传出，有的说这个车牌花了20万买的，有的说是政府奖励的，原号牌所属的交通银达公司和现在所属的双龙公司对此事已经不胜其扰。||信息来源：中国之声、中国新闻网、下文新闻客户端、新京报、兰州晨报、澎湃新闻（版权归原作者所有，如有侵犯请联系小编删除）||综合编辑：百色吃喝玩乐购||爆料/合作：18377613520<< 免责声明>>对于文中部分内容及图片，我们致力于保护原作者版权，转载或引用仅为传播更多信息为目的，部分源自互联网，无法核实真实出处，如涉及侵权，请联系我们删除，谢谢!-法律顾问-长按以下二维码关注我们]]></content>
  <author><![CDATA[百色吃喝玩乐购]]></author>
  <time>2018-10-10 17:52:40</time>
  <account><![CDATA[www-baise-cc]]></account>
</data>
