<data>
  <id><![CDATA[51486820]]></id>
  <url><![CDATA[https://mp.weixin.qq.com/s?timestamp=1539596535&src=3&ver=1&signature=Egrj350GoKY8-KUcIJshb0UUZPRDYFvHBLMq9X5FQxT*-Sqh22KkO2skKj6krYvoth5c36TINHQeFhsDWYMyHXiSAcKCprqRXFw8ZN3tZTWZ5Nxs4UmzR4MoeF8FzvsffDjPFIYynjJJn3NLWkAVvlcdd1vi7HIYTh8PiRox4q0=]]></url>
  <title><![CDATA[西林一男子杀人后畏罪潜逃十九载终落法网！]]></title>
  <content><![CDATA[图文编辑||百色网10月11日，西林县人民法院对19年前发生在古障镇者黑村一村民持枪打猎时不慎击中他人头部致其死亡一案进行了开庭审理。庭审现场案件详情1999年，李某在位于西林县古障镇者黑村自家门口持枪打猎时，不慎击中途径家门前不远处小路赵某的头部，赵某随即倒地。见状，李某惊慌逃跑。后赵某被村屯群众发现并送往医院救治，因抢救不及时且伤重不治死亡。案发后，李某在家装作若无其事，死者的姐夫上门询问，全村屯就只有李某经常在家门口持枪打猎，训斥是不是李某射击时不小心打到赵某，李某当即狡辩。夜幕降临，李某思前想后担心不慎击中赵某的事情败漏，会被判刑坐牢，便趁夜隐瞒妻子外出办事，慌忙出逃，途中将作案枪支丢弃，改名换姓东躲西藏便是十九载，直到2017年12月19日被公安机关抓获。法院认为李某非法使用枪支射击，在击中他人后未立即实施救治，而是畏罪潜逃，致一人死亡，行为恶劣，应予严惩。该案将择期宣判。法律无情，但也是公正的，李某畏罪潜逃十九载，终落法网被判刑收监，绳之以法。可谓天网恢恢疏而不漏，犯法者，法自惩之。我国刑法第233条规定，过失致人死亡的，处三年以上七年以下有期徒刑；情节较轻的，处三年以下有期徒刑。本法另有规定的，依照规定。第67条规定，犯罪以后自动投案，如实供述自己的罪行的，是自首。对于自首的犯罪分子，可以从轻或者减轻处罚。其中，犯罪较轻的，可以免除处罚。现李某在案发后，因畏惧法律制裁，选择潜逃19年之久，其行为已不具备自首情节，不考虑可以从轻或者减轻处罚。在此，法官提醒广大群众，无论走任何事都要考虑到后果，若在自己行为已触犯法律时，要自动投案，如实供述自己的罪行，法院会依法作出公正合法的判决，不要存在侥幸心理，以为东躲西藏便可逃过一劫，要知道天网恢恢疏而不漏，躲过一时逃不过一世。||信息来源：百色市中级人民法院（版权归原作者所有，如有侵犯请联系小编删除）||综合编辑：百色吃喝玩乐购||爆料/合作：18377613520<< 免责声明>>对于文中部分内容及图片，我们致力于保护原作者版权，转载或引用仅为传播更多信息为目的，部分源自互联网，无法核实真实出处，如涉及侵权，请联系我们删除，谢谢!-法律顾问-长按以下二维码关注我们]]></content>
  <author><![CDATA[百色吃喝玩乐购]]></author>
  <time>2018-10-13 17:10:00</time>
  <account><![CDATA[www-baise-cc]]></account>
</data>
