<data>
  <id><![CDATA[51486820]]></id>
  <url><![CDATA[https://mp.weixin.qq.com/s?timestamp=1539596535&src=3&ver=1&signature=Egrj350GoKY8-KUcIJshb0UUZPRDYFvHBLMq9X5FQxT*-Sqh22KkO2skKj6krYvoth5c36TINHQeFhsDWYMyHfXqKClR25av*1a*OhAeI83DWSbZCt1PLR1Ai8o2oPQ9mGz4CQQxsN3aJedUGI6kY63a6PWwulPYSvy7OJhhLlM=]]></url>
  <title><![CDATA[百色摩托车鲁莽超车迎头怼上小车，被撞飞好远]]></title>
  <content><![CDATA[图文编辑||百色网10月9日下午，省道206线132公里处发生一起摩托车超车后与对向小轿车发生碰刮，造成两车不同程度损坏和摩托车司乘人员2人受伤的道路交通事故。百色市交警支队直属二大队事故处理中队在接到“110”警情后，立即赶赴事故现场。在现场，民警看到，事故发生地为弯道路段，由于降雨，路面湿滑，两车相撞现场较为惨烈，一辆黑色号牌为桂LT6XXX小车车头严重损坏，一辆号牌为桂LBJ6XX的二轮摩托车躺倒在不远处的道路中，由于撞击力度大，摩托车已经严重变形，路面上到处散落着两车零部件，事故占大半幅路面。由于摩托车上两人都受了伤，其中一人伤势较重，小车驾驶员在事故发生时已联系120急救中心将2人送往医院进行检查治疗。目前，此事故正在进一步调查处理当中。在此，交警提醒广大驾驶员在行车过程中要严格遵守《道路交通安全法》的规定通行，为了他人及自己，切勿违法、超速、占道行驶，安全文明出行。||信息来源：百色交警二大队（版权归原作者所有，如有侵犯请联系小编删除）||综合编辑：百色吃喝玩乐购||爆料/合作：18377613520<< 免责声明>>对于文中部分内容及图片，我们致力于保护原作者版权，转载或引用仅为传播更多信息为目的，部分源自互联网，无法核实真实出处，如涉及侵权，请联系我们删除，谢谢!-法律顾问-长按以下二维码关注我们]]></content>
  <author><![CDATA[百色吃喝玩乐购]]></author>
  <time>2018-10-12 17:51:00</time>
  <account><![CDATA[www-baise-cc]]></account>
</data>
