<data>
  <id><![CDATA[51486820]]></id>
  <url><![CDATA[https://mp.weixin.qq.com/s?timestamp=1539596535&src=3&ver=1&signature=Egrj350GoKY8-KUcIJshb0UUZPRDYFvHBLMq9X5FQxT*-Sqh22KkO2skKj6krYvoth5c36TINHQeFhsDWYMyHQqvsTTPcPTLJlDi3UCNXc-Xy4fY34II7JzzA9b0KXEcbVAzWrPsu8gCmhG2EN-xf2VvV5rfkoFhS1kjkY23hL8=]]></url>
  <title><![CDATA[“不速之客”办理身份证被隆林民警当场识破，竟是网逃人员]]></title>
  <content><![CDATA[图文编辑||百色网9月26日，隆林各族自治县公安局户政大队迎来了一位身份异常的不速之客，经细心的民警核查发现该男子为网逃人员，遂机智将其擒获。神色慌张引警觉当天上午，该男子来到户政大队欲办理二代身份证，民警在与他核对基本信息时发现，该男子闪烁其词、神色慌张，引起了办证民警的高度警觉，民警立即进行核查，其竟是网上在逃人员。不露声色 智擒网逃因大厅内人流量较大，为不打草惊蛇，民警详细的向他介绍办理流程，并告知该男子办理成功，让他排队领取证件，同时将情况通过手机短信汇报领导，随后，赶到的民警与办证民警联合将该男子一举擒获。经查，违法嫌疑人岑某于2012年7月在广东省深圳市涉嫌故意伤害，被警方列为在逃人员。||信息来源：隆林各族自治县公安局（版权归原作者所有，如有侵犯请联系小编删除）||综合编辑：百色吃喝玩乐购||爆料/合作：18377613520<< 免责声明>>对于文中部分内容及图片，我们致力于保护原作者版权，转载或引用仅为传播更多信息为目的，部分源自互联网，无法核实真实出处，如涉及侵权，请联系我们删除，谢谢!-法律顾问-长按以下二维码关注我们]]></content>
  <author><![CDATA[百色吃喝玩乐购]]></author>
  <time>2018-09-29 17:52:00</time>
  <account><![CDATA[www-baise-cc]]></account>
</data>
