<data>
  <id><![CDATA[51486820]]></id>
  <url><![CDATA[https://mp.weixin.qq.com/s?timestamp=1539596535&src=3&ver=1&signature=Egrj350GoKY8-KUcIJshb0UUZPRDYFvHBLMq9X5FQxT*-Sqh22KkO2skKj6krYvoth5c36TINHQeFhsDWYMyHUMBNlbkY8dR53AVGysZsjdT8ZdzitM5umZnyrgSINliwnq-P0kHwybVBJD8qRsTS9NrIbGimCnCUjwEK*2y1E4=]]></url>
  <title><![CDATA[支付宝送她一个亿？90后女生收豪华礼单：下半生不用工作了？]]></title>
  <content><![CDATA[图文编辑||百色网今年国庆期间支付宝推出了中国锦鲤抽奖活动10月7日上午10时14分支付宝中国锦鲤揭晓了网友@信小呆将获得由200多家支付宝全球合作伙伴组团提供的中国锦鲤全球免单大礼包▼礼单到底有多长大家就随便感受下好了消息一出分分钟霸占微博热搜数以万计的网友迫不及待地前去围观这位幸运的网友▼要知道在9月初这个妹纸还和我们一样日常哭戚戚喊穷▼没想到转发一条微博之后她就成了那个“最幸运的人”▼面对从天而降的幸运妹纸是这样回应滴▼微博上大家都在后悔我为什么不叫信小呆？！……到底是什么样的大礼包能让大家捶胸顿足到这种程度答案就是你下半辈子的生活看那超长的获奖礼物就知道了送包、送鞋、送衣服、送化妆品送苹果XS、送出游机票、送住宿券请吃饭、请看电影、请做SPA、请旅游……以及没有钱买不到的有钱人的快乐上下滑动查看这份大礼包▼刺激吗？根本拉不到底诶~当然礼单里边也是有浑水摸鱼的当其他人都在认认真真地送礼@加拿大旅游局 就很有想法……▼哈哈哈哈哈哈哈哈哈哈简直是送礼界的一股清流了▼但是皮这一下啊不影响别的礼物毕竟这份超长的全球礼包都只送给一个人就一个人！就一个人！就一个人！能在300万个人当中脱颖而出简直就是天选之子啊！！！▼再反过来看看我们……▼有多少人和小编一样转发的时候满脑子的骚操作▼10月先在国内领取礼物然后就是安排全球出游泰国、美国、法国、新加坡…北海道看雪、休斯顿学飞行…从今年玩到明年不带重样的结果咧……锦鲤抽好了假期结束了继续搬砖吧||信息来源：上海全知道、网络综合整理（版权归原作者所有，如有侵犯请联系小编删除）||综合编辑：百色吃喝玩乐购||爆料/合作：18377613520<< 免责声明>>对于文中部分内容及图片，我们致力于保护原作者版权，转载或引用仅为传播更多信息为目的，部分源自互联网，无法核实真实出处，如涉及侵权，请联系我们删除，谢谢!-法律顾问-长按以下二维码关注我们]]></content>
  <author><![CDATA[百色吃喝玩乐购]]></author>
  <time>2018-10-08 17:54:52</time>
  <account><![CDATA[www-baise-cc]]></account>
</data>
