<data>
  <id><![CDATA[50630058]]></id>
  <url><![CDATA[https://mp.weixin.qq.com/s?timestamp=1541735923&src=3&ver=1&signature=dyjd44X-NqA6myhxVsMKyJ1zXjVSF77T9L4jt8IVBU5H33y4VbRAftPFiq6IIQgJ5J*xtHb*J62K3qfWlnpfwwM3FT3gGANvE50n4nM756r8eDGKD60sQQTZwSF8qHid-oLhCs4m8eXAtPFLGb-pmPO78KrLsn-uvj6LFeTfRuA=]]></url>
  <title><![CDATA[广东：资质核查延长一年，“挂证”的小心！]]></title>
  <content><![CDATA[改版后找不到我们？三步设置“星标★”不迷路！2018年7月，广东住建厅印发《在“三库一平台”开展建筑业企业信息和人员信息核查工作的通知》（粤建许函〔2018〕1742号）。明确：2018年7月至11月15日，开展建筑业企业和人员信息核查。因新版一级建造师注册管理信息系统上线原因，企业集中反映，主要人员未能按计划如期注册到位。住建厅决定，：1、核查时间延长一年：将粤建许函〔2018〕1742号文确定的信息核查期限，延长至2019年11月15日。2、核查范围：建筑工程施工总承包二级、三级，市政公用工程施工总承包二级、三级，涉及企业5704家。3、简化材料：企业不再提供：企业资质证书、注册执业人员身份证明和注册证书，由核查机关根据全国建筑市场监管公共服务平台的相关数据自行核查比对；不需提供人员社保证明材料，由企业法定代表人对人员社保真实性、有效性签字承诺，并承担相应法律责任。编者注：明松暗紧！自行核查比对，以住建部“四库一平台”数据为准，如果存在两地挂证，很快就能发现；不再提供人员社保证明，说明社保平台差不多准备就绪，数据联网就在眼前，下一步对“挂证”将不再留情。仍需提供：企业工商信用代码证、安全生产许可证，企业技术负责人的职称证书、参与完成的工程项目等。4、支持企业申报建筑工程、市政公用工程一级资质。文件原文：广东省住房和城乡建设厅关于建筑业企业信息和人员信息核查工作有关问题的通知粤建许函〔2018〕2534号各地级以上市住房城乡建设主管部门：为贯彻落实《住房城乡建设部办公厅批复同意广东省建筑业企业资质管理“放管服”改革试点方案》（建办市函〔2018〕120号）和《广东省住房和城乡建设厅关于在“三库一平台”开展建筑业企业信息和人员信息核查工作的通知》（粤建许函〔2018〕1742号）的有关要求，优化资源配置，促进我省建筑业企业发展，进一步做好建筑业企业信息和人员信息核查工作，现就有关事项通知如下：一、按照《住房城乡建设部办公厅关于一级建造师执业资格实行电子化申报和审批的通知》（建办市〔2018〕48号）（在住房城乡建设部网站下载），2018年10月22日起，一级建造师初始注册、增项注册、重新注册、注销等申请事项通过新版一级建造师注册管理信息系统实行网上申报、网上审批，2019年1月1日前完成二级建造师注册系统与新系统对接，并上传二级建造师相关数据。各地市主管部门和较多企业集中反映，企业主要人员未能按计划如期注册到位，为贯彻执行住房城乡建设部的部署，现将粤建许函〔2018〕1742号文确定的信息核查期限延长至2019年11月15日，各地市主管部门对原信息核查工作排期计划作出相应调整。二、按照《住房城乡建设部办公厅关于简化建设工程企业资质申报材料有关事项的通知》（建市办〔2018〕45号）（在住房城乡建设部网站下载）简化资质申报材料的精神和规定，信息核查过程也相应简化材料，即企业不需提供企业资质证书、注册执业人员身份证明和注册证书，由核查机关根据全国建筑市场监管公共服务平台的相关数据自行核查比对；也不需提供人员社保证明材料，由企业法定代表人对人员社保真实性、有效性签字承诺，并承担相应法律责任。三、开展建筑业企业信息和人员信息核查工作，是推进我省“数字政府”的重要举措之一，对我省建筑业企业资质实现电子化管理、智慧审批具有重要意义，各地市主管部门、各有关企业应高度重视，认真完成核查工作。对通过信息核查，完成核验工作的企业，优先纳入下一步智慧审批的范围，在升级或增项申报时予以绿色通道，大幅度提高审批效率，进一步提供优化服务，支持企业向住房城乡建设部申报建筑工程施工总承包一级、市政公用工程施工总承包一级资质。对于经依法通知不配合信息核查、经核查不符合资质标准整改仍不达标的企业，依法撤回相应资质，对于信息核查过程中弄虚作假的企业，在全省建筑市场监管公共服务平台记入黑名单进行通报，并依法撤回相应资质。广东省住房和城乡建设厅2018年10月30日来源：广东省住建厅、建筑管理本文系转载，文章内容仅代表作者观点，版权归原作者所有，如有侵权，请联系删除，我们会在第一时间处理。双十一嘉年华福利三弹来袭↓↓↓限时秒杀！拼团返现！“鲁班锦鲤”可免单！！！扫码关注新鲁班了解更多行业最新资讯！欢迎加入[建造阶段BIM应用] 行业交流QQ群 58485066为方便本群管理，加群请备注姓名单位MORE | 相关阅读环保部：严格禁止“一刀切”，严格禁止“一律关停”、“先停再说”！实名制联网时代将至！住建部启用全国建筑工人管理服务信息平台重磅消息！《建设工程施工合同解释（二）》获最高院通过！取消施工合同备案，删除监理，新版《山东省房屋建筑和市政工程施工许可管理办法》发布！……]]></content>
  <author><![CDATA[新鲁班]]></author>
  <time>2018-11-06 18:00:21</time>
  <account><![CDATA[neoluban59919299]]></account>
  <image><![CDATA[https://mmbiz.qpic.cn/mmbiz_gif/zEegQfJkoYUcQehaJVRuLKn6GFmIovdKbrURr92icaXTTzM4V4CiaEkI2MMdNB5wFO5h7Jw1bLsiaOic2TJPqpbduw/640?wx_fmt=gif|https://mmbiz.qpic.cn/mmbiz_jpg/oQ6jH4fyk79exo2e60CicQBK9l9hOyKkZZfzDk2qVjngdviagnmn4lHC3lXNiaG26WlncIsKOtx7HwgVicvonqJZuw/640?wx_fmt=jpeg|https://mmbiz.qpic.cn/mmbiz_jpg/aOKIZ8Lo1dvaIjpcFF1j7XxPalgCuwJCB9cGjhLlxvPV8GKOnZc59D0LKQky6KUnpRwPxHFqbQI9mvibwwESLRQ/640?wx_fmt=jpeg|https://mmbiz.qpic.cn/mmbiz_gif/zEegQfJkoYW6GcHqTcUm3IbJWQgAktwjWHqkL2xv9PoWombgLLJlEqXeW0xztwF1vUO1ibadp16TMicZU2SOKqOQ/640?]]></image>
</data>
