<data>
  <id><![CDATA[50630058]]></id>
  <url><![CDATA[https://mp.weixin.qq.com/s?timestamp=1541735923&src=3&ver=1&signature=dyjd44X-NqA6myhxVsMKyJ1zXjVSF77T9L4jt8IVBU5H33y4VbRAftPFiq6IIQgJ5J*xtHb*J62K3qfWlnpfw23fbjbq3z5-nhxMhXj1ONXp6ADsfQmK3Iwsfrt7QH*depb4eq8O8OfIkRJA*kr0PU7KbrFWxF6JQJ40ITBMLgI=]]></url>
  <title><![CDATA[目前一级建造师的缺口究竟有多大？含金量有多高？]]></title>
  <content><![CDATA[改版后找不到我们？三步设置“星标★”不迷路！目前一级建造师的缺口究竟有多大？经“注册建造师管理信息系统”查询，截止到10月31日，各省目前已经注册的一级建造师人数统计如下：全国目前注册一级建造师人数总计约为63.3万人，去年同期注册人数为58.6万人。一年内增加的注册人数约为4.7万人。住建部于2017年发布的《注册建造师管理规定》（征求意见稿），其中将原《规定》中“项目负责人”必须由注册建造师担任扩大到“项目负责人”和“项目技术负责人”都需要注册建造师执业。若征求意见稿通过意见表决，同时考虑目前未申请注册的一级建造师人数和二建建造师可以担任部分项目的技术负责人两个条件，那么全国需要的一级建造师执业人数应在100万人上下，缺口数量为目前注册人数的1/2。一级建造师含金量有多高？近年来一级建造师的证书作为建筑从业人员都想考的有价值的证书之，相信是有一定道理的。很多考生考试一级建造师说白了就是为了挂靠，未能真正明白一级建造师的重要性，以及价值所在，这也是大部分考生考试多年依旧在打酱油的原因。搞懂一建价值，相信大家考试的动力倍增，一定可以拿下它。1一级建造师的稀缺性每年全国建筑市场的项目非常的多，施工项目经理，需求也是巨大的。随着我国经济的不断发展，对一级建造师，二级建造师证，一种岗位的需求也是随之而来的。出现一种一边非常需要人才，一边考证的难度又非常大的社会现象。2一级建造师高额年薪一般现在国内正常的一级建造师，他们的年薪在10万到20万之间。也许他们做到了项目经理，项目总工，还有更高的薪资水平。这个水平和他们岗位的含金量也是成正比的。这也就是为什么那么多的人想获得一级建造师，提升自己的原因。3更多的晋升机会其实一级建造师他的就业面是非常广的，他需要我们的从业人员同时具备工作经验和资质证书。在职场中一般具备这样能力的人，他都会有很高的竞争力，他们一般懂管理，懂技术，懂经济，还懂法规，他是一个高素质的复合型人才，他们既有理论的知识，也有丰富的实践知识，还有较强的管理人员的能力，这样的复合型人在职场，当然是非常具有竞争力和杀伤力的。来源：一级建造师、搜狐网，转载自：建筑管理本文系转载，文章内容仅代表作者观点，版权归原作者所有，如有侵权，请联系删除，我们会在第一时间处理。双十一嘉年华福利三弹来袭↓↓↓限时秒杀！拼团返现！“鲁班锦鲤”可免单！！！扫码关注新鲁班了解更多行业最新资讯！欢迎加入[建造阶段BIM应用] 行业交流QQ群 58485066为方便本群管理，加群请备注姓名单位MORE | 相关阅读取消施工合同备案，删除监理，新版《山东省房屋建筑和市政工程施工许可管理办法》发布！住建部公布：一级建造师执业资格考试大纲（2018年版）住建部公告！恭喜146家企业荣升资质顺利取证，住建部发布最新资质升级名单公告……]]></content>
  <author><![CDATA[新鲁班]]></author>
  <time>2018-11-08 18:07:48</time>
  <account><![CDATA[neoluban59919299]]></account>
  <image><![CDATA[https://mmbiz.qpic.cn/mmbiz_gif/zEegQfJkoYUcQehaJVRuLKn6GFmIovdKbrURr92icaXTTzM4V4CiaEkI2MMdNB5wFO5h7Jw1bLsiaOic2TJPqpbduw/640?wx_fmt=gif|https://mmbiz.qpic.cn/mmbiz_png/oQ6jH4fyk79exo2e60CicQBK9l9hOyKkZZ3WpnLTFVUqrMhmgkUyZl3ibew2IpeeGeiaRWDUSYxxN1vwJ4HSeNotw/640?wx_fmt=png|https://mmbiz.qpic.cn/mmbiz_jpg/aOKIZ8Lo1dvaIjpcFF1j7XxPalgCuwJCB9cGjhLlxvPV8GKOnZc59D0LKQky6KUnpRwPxHFqbQI9mvibwwESLRQ/640?wx_fmt=jpeg|https://mmbiz.qpic.cn/mmbiz_gif/zEegQfJkoYW6GcHqTcUm3IbJWQgAktwjWHqkL2xv9PoWombgLLJlEqXeW0xztwF1vUO1ibadp16TMicZU2SOKqOQ/640?]]></image>
</data>
