<data>
  <id><![CDATA[50630058]]></id>
  <url><![CDATA[https://mp.weixin.qq.com/s?timestamp=1541735923&src=3&ver=1&signature=dyjd44X-NqA6myhxVsMKyJ1zXjVSF77T9L4jt8IVBU5H33y4VbRAftPFiq6IIQgJ5J*xtHb*J62K3qfWlnpfw9x860XuveCN8SFGWwePVAY8FBOU-z0eiWU2KOfajwd9PMXbLbHhtCS6QqiREYBtAwu1PxOHAs-C-TywV*1doaw=]]></url>
  <title><![CDATA[环保部：严格禁止“一刀切”，严格禁止“一律关停”、“先停再说”！]]></title>
  <content><![CDATA[改版后找不到我们？三步设置“星标★”不迷路！10月26日至27日，生态环境部在京召开2018年全国生态环境系统改革工作座谈会。生态环境部党组书记、部长李干杰出席会议并讲话。李干杰强调，严格禁止“一刀切”、保护合法合规企业权益，是深化环保领域“放管服”改革的重要内容。一些地方出现的环保“一刀切”问题，既损害了党和国家形象和合法合规企业权益、给人民群众生产生活带来不便，也违背生态环境保护工作的初心和使命，更对生态环境保护工作造成了干扰，必须态度鲜明、坚决反对，严格禁止。李干杰表示，生态环境部下一步将采取三方面措施深入扎实推进禁止环保“一刀切”工作。一是出台一个更加详尽的坚决禁止环保“一刀切”的文件，针对可能产生“一刀切”现象的环保领域和监管措施，逐一提出工作要求，压实工作责任，同时在既查不作为又查乱作为、信息公开、信访举报、量化问责、规范自由裁量权等方面，制定措施，建立长效机制。二是组织两个环保“一刀切”专项检查。结合正在进行的中央生态环保督察“回头看”和强化监督，把环保“一刀切”作为其中重要内容，开展专项检查。三是查处通报一些典型案例，要求和督促地方严肃处理，并向社会公开通报，发挥警示作用。李干杰要求，全国生态环境系统要切实将严格禁止“一刀切”摆在深化“放管服”改革的突出位置加以推进。针对污染防治的重点领域、重点区域、重点时段和重点任务，按照污染排放绩效和环境管理实际需要，科学制定实施管控措施。在生态环境保护督察执法中，严格禁止“一律关停”“先停再说”等敷衍应对做法，坚决避免以生态环境保护为借口紧急停工停业停产等简单粗暴行为。对于符合生态环境保护要求的企业，不得采取集中停产整治措施。对工程施工、生活服务业、养殖业、特色产业、工业园区以及城市管理等重点行业和领域，要出台细化防止“一刀切”的有效措施，及时向社会发布公告。对生态环境保护督察执法中发现的问题，应按要求制定可行的整改方案，加强政策配套，根据具体问题明确整改阶段目标，禁止层层加码，避免级级提速。要加强对生态环境保护“一刀切”问题的查处力度，坚决遏制假借生态环境保护督察等名义开展违法违规活动，对不作为、乱作为现象，发现一起、查处一起，严肃问责。各省、自治区、直辖市环保厅（局）及新疆生产建设兵团环保局主要负责同志和人事处处长；生态环境部机关各部门，各派出机构、直属单位主要负责同志参加会议。来源：生态环境部网站、建筑管理本文系转载，文章内容仅代表作者观点，版权归原作者所有，如有侵权，请联系删除，我们会在第一时间处理。双十一嘉年华福利三弹来袭↓↓↓限时秒杀！拼团返现！“鲁班锦鲤”可免单！！！扫码关注新鲁班了解更多行业最新资讯！欢迎加入[建造阶段BIM应用] 行业交流QQ群 58485066为方便本群管理，加群请备注姓名单位MORE | 相关阅读重磅！住建部发文：监理工程师注册不再提供社保证明材料！实名制联网时代将至！住建部启用全国建筑工人管理服务信息平台重磅消息！《建设工程施工合同解释（二）》获最高院通过！人员紧张/总监离职/工程师不能在寒冷地区工作…这些弃标理由是谎言还是事实！……]]></content>
  <author><![CDATA[新鲁班]]></author>
  <time>2018-11-05 18:17:48</time>
  <account><![CDATA[neoluban59919299]]></account>
  <image><![CDATA[https://mmbiz.qpic.cn/mmbiz_gif/zEegQfJkoYUcQehaJVRuLKn6GFmIovdKbrURr92icaXTTzM4V4CiaEkI2MMdNB5wFO5h7Jw1bLsiaOic2TJPqpbduw/640?wx_fmt=gif|https://mmbiz.qpic.cn/mmbiz_jpg/tjNschXc80aWPCicahr0NHIrTLWfHm1eEabUUSUQk4WjJ57XSsRRKXuvwLwfN7HXByqZZ3gOYuCmOIkFvw2TpIg/640?wx_fmt=jpeg|https://mmbiz.qpic.cn/mmbiz_png/tjNschXc80aBonPFFFZh5TUOBd1aaE0VluBic37jiaol5uoCsu1SPMbVJf6y28ASP75v8PzLYN2vd3zKacxEFdrQ/640?wx_fmt=png|https://mmbiz.qpic.cn/mmbiz_jpg/aOKIZ8Lo1dvaIjpcFF1j7XxPalgCuwJCB9cGjhLlxvPV8GKOnZc59D0LKQky6KUnpRwPxHFqbQI9mvibwwESLRQ/640?wx_fmt=jpeg|https://mmbiz.qpic.cn/mmbiz_gif/zEegQfJkoYW6GcHqTcUm3IbJWQgAktwjWHqkL2xv9PoWombgLLJlEqXeW0xztwF1vUO1ibadp16TMicZU2SOKqOQ/640?]]></image>
</data>
