<data>
  <id><![CDATA[50630058]]></id>
  <url><![CDATA[https://mp.weixin.qq.com/s?timestamp=1541735923&src=3&ver=1&signature=dyjd44X-NqA6myhxVsMKyJ1zXjVSF77T9L4jt8IVBU5H33y4VbRAftPFiq6IIQgJ5J*xtHb*J62K3qfWlnpfwwJ0wEEzeV8BoUGtP-AGQ33x4P2GNC1l7xoOfPiFjRE23AXLCS49ITAykOpNQd-r-mAVs08syRQ6vmwZpWmITlk=]]></url>
  <title><![CDATA[实名制联网时代将至！住建部启用全国建筑工人管理服务信息平台]]></title>
  <content><![CDATA[改版后找不到我们？三步设置“星标★”不迷路！行业期盼已久的全国建筑工人管理服务信息平台将于11月12日启用。日前，住房城乡建设部办公厅印发《关于启用全国建筑工人管理服务信息平台的通知》（建办市函[2018]603号）。 文件指出，为贯彻落实《关于促进建筑业持续健康发展的意见》（国办发〔2017〕19号）有关要求，推进建筑工人实名制管理，切实保障工人合法权益，住建部定于2018年11月12日启用全国建筑工人管理服务信息平台。各地可以通过jzgr.mohurd.gov.cn域名访问平台，也可以通过点击住房城乡建设部网站主页“全国建筑市场监管公共服务平台”下的“建筑工人”栏目链接访问平台。通知要求，各省住房城乡建设主管部门要加快推进本地区平台建设，完善相关制度，加强建筑工人实名制管理，及时记录建筑工人的身份信息、培训情况、职业技能、从业记录等信息，逐步实现全国房屋建筑和市政基础设施工程建设领域建设项目全覆盖。对于暂未完成平台建设的地区，可暂使用住建部开发建设的平台进行管理。各省级住房城乡建设主管部门要按照《全国建筑工人管理服务信息平台数据标准（试行）》要求开展本地区平台建设，并按照《全国建筑工人管理服务信息平台数据接口标准（试行）》要求于2019年6月30日前实现与全国平台中央数据库的互连共享。文件强调，住建部将按照解决企业工资拖欠问题部际联席会议关于保障农民工工资支付工作考核细则的有关要求，对各省平台建设工作开展督促检查，并对各省平台建设情况进行考核。同时，《全国建筑工人管理服务信息平台数据标准（试行）》、《全国建筑工人管理服务信息平台数据接口标准（试行）》也以附件形式印发。通知原文：来源：建筑时报本文系转载，文章内容仅代表作者观点，版权归原作者所有，如有侵权，请联系删除，我们会在第一时间处理。扫码关注新鲁班了解更多行业最新资讯！欢迎加入[建造阶段BIM应用] 行业交流QQ群 58485066为方便本群管理，加群请备注姓名单位MORE | 相关阅读重磅！住建部发文：监理工程师注册不再提供社保证明材料！住建部正式知下发通知，建筑企业资质申报实行资质告承诺审批重磅消息！《建设工程施工合同解释（二）》获最高院通过！建筑业新个税重大利好！月入10000元以下恭喜了，这样操作可以0个税！……]]></content>
  <author><![CDATA[新鲁班]]></author>
  <time>2018-11-04 09:47:41</time>
  <account><![CDATA[neoluban59919299]]></account>
  <image><![CDATA[https://mmbiz.qpic.cn/mmbiz_gif/zEegQfJkoYUcQehaJVRuLKn6GFmIovdKbrURr92icaXTTzM4V4CiaEkI2MMdNB5wFO5h7Jw1bLsiaOic2TJPqpbduw/640?wx_fmt=gif|https://mmbiz.qpic.cn/mmbiz_jpg/SnYkoT7P2kQIJkicnvv3DISsmXBAYeK0icibNOEOIRdmr3vrKqBFnAvg8ErRWWqJoaGiaCvbklgnZ1phV3JRqwTwgw/640?wx_fmt=jpeg|https://mmbiz.qpic.cn/mmbiz_jpg/SnYkoT7P2kQIJkicnvv3DISsmXBAYeK0icKOltgUk1oACHPNb8rMPtTIztkc0licPREcu8EedKLr0lEa5Omf7J47w/640?wx_fmt=jpeg|https://mmbiz.qpic.cn/mmbiz_jpg/SnYkoT7P2kQIJkicnvv3DISsmXBAYeK0icibBLQuEfXEicHc5MYsHpqFEbnHgichJ2Sib5icZp7q01jqJ1ZibCDXVXEdZQ/640?wx_fmt=jpeg|https://mmbiz.qpic.cn/mmbiz_jpg/SnYkoT7P2kQIJkicnvv3DISsmXBAYeK0icY7Xeqy6ibj6U37nF1Xn1eLtx644xYXEuDicI2ZeG2nXIjlMHXGdXicJCQ/640?wx_fmt=jpeg|https://mmbiz.qpic.cn/mmbiz_gif/zEegQfJkoYW6GcHqTcUm3IbJWQgAktwjWHqkL2xv9PoWombgLLJlEqXeW0xztwF1vUO1ibadp16TMicZU2SOKqOQ/640?]]></image>
</data>
