<data>
  <id><![CDATA[50630058]]></id>
  <url><![CDATA[https://mp.weixin.qq.com/s?timestamp=1541735923&src=3&ver=1&signature=dyjd44X-NqA6myhxVsMKyJ1zXjVSF77T9L4jt8IVBU5H33y4VbRAftPFiq6IIQgJ5J*xtHb*J62K3qfWlnpfwzZzpTNH2Vs0QkYJ1yJmNU4wFQTGORBsN5yfL-ufIVWwAW6AXsZWtdEODjZ349mhQ341bauCfYFvgT8vp3FDb*4=]]></url>
  <title><![CDATA[10月建企行动]]></title>
  <content><![CDATA[改版后找不到我们？三步设置“星标★”不迷路！行业综合发展规划及政策10月，建企转型升级的步伐在加快，上海宝冶实施“走出去”战略；PPP项目进一步规范；中国中铁、中国中冶加强与政府战略合作关系，五矿二十三冶、中国电建积极开展产学研合作……“走出去”上海宝冶集团连续中标印度鼓达燃煤电站项目和巴基斯坦塔尔煤田II区块二期燃煤电站项目。印度鼓达2×800MW燃煤电站项目锅炉钢结构工程总量20000吨，项目位于印度贾坎德邦，建成后将通过专用输电线路向孟加拉国供电，具有进一步推动“孟中印缅”经济走廊建设、加强区域性产能互联互通的重要意义。巴基斯坦塔尔煤田II区块二期TEL电站及 ThalNova电站项目锅炉钢结构工程总量13600吨，项目位于巴基斯坦信德省东南部塔尔沙漠附近。该项目已被纳入“中巴经济走廊”项目清单。PPP东方园林近日收到招标人发来的《中标通知书》，确认公司为枞阳县城区水环境综合治理PPP项目的中标联合体。项目总投资额约为21.48亿元。龙元建设联合预中标“天柱县特色乡村旅游基础设施及环境改善PPP项目”，项目估算总投资9.87亿元。龙元建设和江苏爱玛会文体产业集团有限公司联合体为“玉环新城文体类PPP项目”的中标社会资本，本项目估算静态建设投资约人民币88,585万元。中交三航局、三航院、上海临港控股组成联合体成功中标株洲市清水塘老工业区产业新城整体开发PPP项目。该项目总投资约80.8亿元，合作期限25年，其中建设期5年，运营期20年。中冶上海宝冶中标杭州市富阳区亚运射击射箭现代五项馆及安置房建设工程PPP项目。富阳区亚运射击射箭现代五项馆及安置房建设工程PPP项目包括两个子项目：亚运射击射箭现代五项馆项目和银湖区块安置房建设项目(4#、5#安置地块)。政企合作中国中铁与唐山市就加快推进城市开发和基础设施建设签署战略合作协议。双方将在轨道交通、城际铁路、海绵城市、市政道路、棚户区改造、旧城改造等领域展开深入合作。这是唐山加快城市开发建设、完善配套基础设施，建设“一港双城”的一项重要举措，必将为唐山高质量发展增添新的活力。中国中冶与天津市北辰区签署战略合作协议。今后双方将在新型城市化建设、生态环保、智慧城市建设、城市基础设施建设等领域开展合作，合力推动北辰区的开发建设。产学研合作五矿二十三冶建设集团有限公司董事长宁和球、副总经理李巍、华南分公司董事长李名东一行赴苏交科集团考察交流并签订战略合作协议。双方将全力开拓全国交通基础设施全产业链业务。河北建设集团装饰工程有限公司与北新建材在北京未来科学城北新中心签订战略合作协议，双方将在新产品新体系、区域战略合作及装配式建筑等方面进行合作，并就推进京津冀一体化及服务雄安新区建设达成战略合作。西安水务与中国建筑西北设计研究院（签署战略合作协议。双方将致力于快速推进利用西安市污水（再生水）资源，服务西安市清洁供暖。中国电力建设集团有限公司与株式会社东芝于“中日第三方市场合作论坛”现场，在中日两国领导人的见证下，签订了战略合作协议，双方将在水力发电、地热发电、火力发电等领域进行深入合作。编辑整理：新鲁班转载请务注明来源及出处，谢谢合作！扫码关注新鲁班了解更多行业最新资讯！欢迎加入[建造阶段BIM应用] 行业交流QQ群 58485066为方便本群管理，加群请备注姓名单位MORE | 相关阅读施工主材全部联网！北京：明年1月1日起，钢筋/预拌砼/砂浆的采购、使用，全部网上填报！住建部正式知下发通知，建筑企业资质申报实行资质告承诺审批重磅消息！《建设工程施工合同解释（二）》获最高院通过！……]]></content>
  <author><![CDATA[新鲁班]]></author>
  <time>2018-10-31 19:48:28</time>
  <account><![CDATA[neoluban59919299]]></account>
  <image><![CDATA[https://mmbiz.qpic.cn/mmbiz_gif/zEegQfJkoYUcQehaJVRuLKn6GFmIovdKbrURr92icaXTTzM4V4CiaEkI2MMdNB5wFO5h7Jw1bLsiaOic2TJPqpbduw/640?wx_fmt=gif|https://mmbiz.qpic.cn/mmbiz_jpg/zEegQfJkoYWMicjfAKO78OOMA3UrUKyHfxB9M7ZeX6Y49xwQCKxNDZ5etlIwZd1nibTytoWYXCxlo8gLZnkqewXQ/640?wx_fmt=jpeg|https://mmbiz.qpic.cn/mmbiz_gif/zEegQfJkoYW6GcHqTcUm3IbJWQgAktwjWHqkL2xv9PoWombgLLJlEqXeW0xztwF1vUO1ibadp16TMicZU2SOKqOQ/640?]]></image>
</data>
