<data>
  <id><![CDATA[50630058]]></id>
  <url><![CDATA[https://mp.weixin.qq.com/s?timestamp=1541735923&src=3&ver=1&signature=dyjd44X-NqA6myhxVsMKyJ1zXjVSF77T9L4jt8IVBU5H33y4VbRAftPFiq6IIQgJ5J*xtHb*J62K3qfWlnpfw2airFOUeoEZgKMWS6K6pKRYy7DHGZEL4wn79D24i*ciG8oPG-DUYtv9xAwUKPycQ11dVrt-pxdSFWgP7*WgJLE=]]></url>
  <title><![CDATA[住建部重磅通知！2018年12月1日起简化勘察设计工程师执业资格注册申报材料!]]></title>
  <content><![CDATA[改版后找不到我们？三步设置“星标★”不迷路！住房城乡建设部办公厅关于进一步简化勘察设计工程师执业资格注册申报材料的通知各省、自治区住房城乡建设厅，直辖市建委，北京市规划国土委，新疆生产建设兵团住房城乡建设局、中央军委后勤保障部军事设施建设局：为深入推进建筑业“放管服”改革，决定进一步简化勘察设计工程师执业资格注册申报材料。自2018年12月1日起，申报勘察设计工程师执业资格注册（含初始注册、延续、变更），不再要求提供社保证明材料。由申请人及其聘用单位的法定代表人分别对申请人社保真实性、有效性签字承诺，并承担相应法律责任。各级住房城乡建设主管部门要充分运用信息共享等手段核实申请人员社保等信息的真实性，加强对勘察设计工程师注册情况的监督检查。对发现存在弄虚作假的个人和企业，按照《中华人民共和国行政许可法》《勘察设计注册工程师管理规定》（建设部令第137号）有关规定处理，并记入诚信档案。中华人民共和国住房和城乡建设部办公厅2018年11月2日（此件主动公开）抄送：住房城乡建设部执业资格注册中心。来源：住建部官网本文系转载，文章内容仅代表作者观点，版权归原作者所有，如有侵权，请联系删除，我们会在第一时间处理。双十一嘉年华福利三弹来袭↓↓↓限时秒杀！拼团返现！“鲁班锦鲤”可免单！！！扫码关注新鲁班了解更多行业最新资讯！欢迎加入[建造阶段BIM应用] 行业交流QQ群 58485066为方便本群管理，加群请备注姓名单位MORE | 相关阅读环保部：严格禁止“一刀切”，严格禁止“一律关停”、“先停再说”！重磅消息！《建设工程施工合同解释（二）》获最高院通过！取消施工合同备案，删除监理，新版《山东省房屋建筑和市政工程施工许可管理办法》发布！住建部公布：一级建造师执业资格考试大纲（2018年版）……]]></content>
  <author><![CDATA[新鲁班]]></author>
  <time>2018-11-07 18:05:33</time>
  <account><![CDATA[neoluban59919299]]></account>
  <image><![CDATA[https://mmbiz.qpic.cn/mmbiz_gif/zEegQfJkoYUcQehaJVRuLKn6GFmIovdKbrURr92icaXTTzM4V4CiaEkI2MMdNB5wFO5h7Jw1bLsiaOic2TJPqpbduw/640?wx_fmt=gif|https://mmbiz.qpic.cn/mmbiz_png/Bz4qSDQBzNaxdhdbH0nX2oFuA0VaEia6X8xtuuXU3HkOia7qlRn8kvExkgibZAibWbColH2JYg6hYicb6QcpO3CMwuw/640?wx_fmt=png|https://mmbiz.qpic.cn/mmbiz_jpg/aOKIZ8Lo1dvaIjpcFF1j7XxPalgCuwJCB9cGjhLlxvPV8GKOnZc59D0LKQky6KUnpRwPxHFqbQI9mvibwwESLRQ/640?wx_fmt=jpeg|https://mmbiz.qpic.cn/mmbiz_gif/zEegQfJkoYW6GcHqTcUm3IbJWQgAktwjWHqkL2xv9PoWombgLLJlEqXeW0xztwF1vUO1ibadp16TMicZU2SOKqOQ/640?]]></image>
</data>
