<data>
  <id><![CDATA[50630058]]></id>
  <url><![CDATA[https://mp.weixin.qq.com/s?timestamp=1541735923&src=3&ver=1&signature=dyjd44X-NqA6myhxVsMKyJ1zXjVSF77T9L4jt8IVBU5H33y4VbRAftPFiq6IIQgJ5J*xtHb*J62K3qfWlnpfw9x860XuveCN8SFGWwePVAZeBYN2yCwbarkCkjTeBztzScGqXJIoFJePRGxtFGWvbTS0B-oweCtWFrYFs9Vkneg=]]></url>
  <title><![CDATA[进博会开幕！习主席给上海带来3大利好消息！]]></title>
  <content><![CDATA[改版后找不到我们？三步设置“星标★”不迷路！今天，翘首以盼的首届中国国际进口博览会开幕，全球目光再次聚焦上海！开幕式上，国家主席习近平发表“共建创新包容的开放型世界经济”的主旨演讲。中国国际进口博览会，是迄今为止世界上第一个以进口为主题的国家级展会，是国际贸易发展史上一大创举。举办中国国际进口博览会，是中国着眼于推动新一轮高水平对外开放作出的重大决策，是中国主动向世界开放市场的重大举措。这体现了中国支持多边贸易体制、推动发展自由贸易的一贯立场，是中国推动建设开放型世界经济、支持经济全球化的实际行动。这届进口博览会以“新时代，共享未来”为主题，就是要欢迎各国朋友，把握新时代中国发展机遇，深化国际经贸合作，实现共同繁荣进步。共有172个国家、地区和国际组织参会，3600多家企业参展，展览总面积达30万平方米，超过40万名境内外采购商到会洽谈采购。演讲中，习主席还提出，为了更好发挥上海等地区在对外开放中的重要作用，决定实施以下三个措施：01将增设中国上海自由贸易试验区的新片区，鼓励和支持上海在推进投资和贸易自由化便利化方面大胆创新探索，为全国积累更多可复制可推广经验。02将在上海证券交易所设立科创板并试点注册制，支持上海国际金融中心和科技创新中心建设，不断完善资本市场基础制度。03将支持长江三角洲区域一体化发展并上升为国家战略，着力落实新发展理念，构建现代化经济体系，推进更高起点的深化改革和更高层次的对外开放，同“一带一路”建设、京津冀协同发展、长江经济带发展、粤港澳大湾区建设相互配合，完善中国改革开放空间布局。点击边框调出视频工具条上海 · 不夜的精彩来源：中国国际进口博览会官方网站、建筑时报本文系转载，文章内容仅代表作者观点，版权归原作者所有，如有侵权，请联系删除，我们会在第一时间处理。双十一嘉年华福利三弹来袭↓↓↓限时秒杀！拼团返现！“鲁班锦鲤”可免单！！！扫码关注新鲁班了解更多行业最新资讯！欢迎加入[建造阶段BIM应用] 行业交流QQ群 58485066为方便本群管理，加群请备注姓名单位MORE | 相关阅读重磅！住建部发文：监理工程师注册不再提供社保证明材料！实名制联网时代将至！住建部启用全国建筑工人管理服务信息平台重磅消息！《建设工程施工合同解释（二）》获最高院通过！人员紧张/总监离职/工程师不能在寒冷地区工作…这些弃标理由是谎言还是事实！……]]></content>
  <author><![CDATA[新鲁班]]></author>
  <time>2018-11-05 18:17:48</time>
  <account><![CDATA[neoluban59919299]]></account>
  <image><![CDATA[https://mmbiz.qpic.cn/mmbiz_gif/zEegQfJkoYUcQehaJVRuLKn6GFmIovdKbrURr92icaXTTzM4V4CiaEkI2MMdNB5wFO5h7Jw1bLsiaOic2TJPqpbduw/640?wx_fmt=gif|https://mmbiz.qpic.cn/mmbiz_jpg/SnYkoT7P2kSG8O4190aFWQ1FtHyB2J0j7VoI76kHrwwqFHJice7oLia2bHkdcKzQkGiaWqox6EQ9ZeWb0YvLMPibNQ/640?wx_fmt=jpeg|https://mmbiz.qpic.cn/mmbiz_jpg/SnYkoT7P2kSG8O4190aFWQ1FtHyB2J0jTEibQtsxrE2ldLHTFvCeqvxUQy1tXyJ7cyggH0YW7Ou1v5VwZUAz24g/640?wx_fmt=jpeg|https://mmbiz.qpic.cn/mmbiz_jpg/SnYkoT7P2kSG8O4190aFWQ1FtHyB2J0jDGfgJjv5lBaSwFLFeMicRLLHGzbKplV7Fanja4Piclpza7P23B6Ashicw/640?wx_fmt=jpegwebp|https://mmbiz.qpic.cn/mmbiz_jpg/SnYkoT7P2kSG8O4190aFWQ1FtHyB2J0jqMd6UInibCHWnKI8BKcOqX3X3DGjOvQfSniaO23A7clD7W9JfvVqaTGA/640?wx_fmt=jpegwebp|https://mmbiz.qpic.cn/mmbiz_jpg/SnYkoT7P2kSG8O4190aFWQ1FtHyB2J0joIFHZbZP8yjA8fAEs9dwia0duXqjdpGnFGNDovQA6XbhibuBQMbiapWew/640?wx_fmt=jpegwebp|https://mmbiz.qpic.cn/mmbiz_jpg/SnYkoT7P2kSG8O4190aFWQ1FtHyB2J0jljvmuwf0cWLZwicYr3sjp33m3MNcjRRLFzGjaAN03qDPpxT2tdqLDYw/640?wx_fmt=jpegwebp|https://mmbiz.qpic.cn/mmbiz_gif/SnYkoT7P2kSG8O4190aFWQ1FtHyB2J0jpWw1lUQpvnrTwfibeI7gBXPtjYrUpFDRq4tWvFu3AvLn3pJuVPdlpAA/640?wx_fmt=gif|https://mmbiz.qpic.cn/mmbiz_jpg/aOKIZ8Lo1dvaIjpcFF1j7XxPalgCuwJCB9cGjhLlxvPV8GKOnZc59D0LKQky6KUnpRwPxHFqbQI9mvibwwESLRQ/640?wx_fmt=jpeg|https://mmbiz.qpic.cn/mmbiz_gif/zEegQfJkoYW6GcHqTcUm3IbJWQgAktwjWHqkL2xv9PoWombgLLJlEqXeW0xztwF1vUO1ibadp16TMicZU2SOKqOQ/640?]]></image>
</data>
