<data>
  <id><![CDATA[50630058]]></id>
  <url><![CDATA[https://mp.weixin.qq.com/s?timestamp=1541735923&src=3&ver=1&signature=dyjd44X-NqA6myhxVsMKyJ1zXjVSF77T9L4jt8IVBU5H33y4VbRAftPFiq6IIQgJ5J*xtHb*J62K3qfWlnpfwzZzpTNH2Vs0QkYJ1yJmNU6Jod2YgawEhLbJijpEgNtdOMqUGtag9fBidRLffkHQns9SOJ9arz8d4DjWBuVdN-M=]]></url>
  <title><![CDATA[鲁班软件协办2018年工程建设行业绿色建造大会]]></title>
  <content><![CDATA[改版后找不到我们？三步设置“星标★”不迷路！2018年10月30日，2018年工程建设行业绿色建造大会在上海松江成功召开。此次大会是由中国施工企业管理协会主办，上海鲁班软件股份有限公司等单位协办。国家发展和改革委员会领导、上海市住房和城乡建设委员会领导、院士、企业家、知名专家学者以及1100余名业内人士相聚上海，共话绿色工程建造、共谋建设美丽中国。上海鲁班软件股份有限公司董事长杨宝明博士出席大会并发表主题演讲。一千一百余位建设行业同仁汇聚一堂，共话绿色建造本次峰会主题是“建造绿色工程，建设美丽中国”，旨在践行绿色发展理念，建设美丽中国，探讨工程建设行业绿色发展之路，由开幕式、主论坛、专题论坛、四个分论坛及项目观摩会项目组成。开幕式上，由中国施工企业管理协会副会长兼秘书长尚润涛主持，上海市住房和城乡建设委员会总工程师刘千伟、国家发展和改革委员会资源节约和环境保护司司长任树本、国家节能中心主任徐强分别向大会致辞。随后，中国施工企业管理协会会长曹玉书发表讲话，中国施工企业管理协会副秘书长孙晓波宣读了“建造绿色工程，建设美丽中国”倡议书。上海市住房和城乡建设委员会刘千伟总工程师致辞国家发改委资源节约和环境保护司司长任树本致辞国家节能中心主任徐强致辞中国施工企业管理协会会长曹玉书在讲话中表示，中国工程建设行业一定要走绿色发展之路：首先，工程建设行业走绿色发展之路是贯彻落实中央关于生态文明建设的必然选择；第二，绿色发展是提高工程质量的必然要求；第三，走绿色发展之路，是施工企业核心竞争力的重要因素，内在竞争力的重要体现。孙晓波副秘书长宣读“建造绿色工程，建设美丽中国”倡议上海建工集团党委书记、董事长徐征在院士论坛上致辞南通三建董事长黄裕辉在院士论坛上致辞上海市政总院资深总工程师林元培院士作《装配式桥梁设计若干问题》主旨演讲华中科技大学校长丁烈云院士作《信息化背景下建筑产业变革的几点思考》主旨演讲东南大学教授缪昌文院士作《绿色建筑材料的研究与应用》主旨演讲鲁班软件董事长杨宝明博士在绿色建造推进行业高质量发展专题的论坛上发表《迎接数字中国新浪潮》的主旨演讲。鲁班软件董事长杨宝明博士作《迎接数字中国新浪潮》主旨演讲鲁班软件董事长杨宝明博士在绿色建造推进高质量发展专题论坛上发表《迎接数字中国新浪潮》的主旨演讲。杨总表示，建筑业现在面临着劳动力大量减少、成本管理精细化、安全管理能力急需提升、信息化管理急需突破的挑战，数字化转型是必由之路。超大城市精细化管理、加快建设城市大脑，运用现代科技不断提高城市治理的智能化水平。杨总解释到，信息化是从业务到数据，数字化是从数据到业务，其中最核心的部分就是业务逻辑的数字化，这是一个业务与技术融合的过程，最终的结果就是管理智能的实现。杨总表示，科技奇点来临的时刻，BIM数据是建筑业的起点与基础，企业构建基于“BIM+Big Data+AI”的企业大脑，集成建筑产品的全专业信息化、贯穿建筑的规划设计、建造、运维全过程、贯穿整个建筑产业链，将数据作为企业重要资产与核心竞争力的来源，增加机器学习能力，构建企业中枢，提升决策效率与精度。鲁班软件董事长杨宝明博士演讲现场鲁班软件展位前人头攒动，中国施工企业管理协会会长曹玉书莅临鲁班软件展位前参观，鲁班软件技术人员和商务人员对公司的发展历程、主营业务、和核心产品等进行了简要的介绍。曹会长对鲁班软件在推动建筑行业智慧建造、绿色建造方面所做出的的工作表示高度认可。中国施工企业管理协会会长曹玉书莅临鲁班软件展位参观前来问询鲁班BIM、CIM、DIM产品的新老客户络绎不绝，并表达了有进一步了解沟通的兴趣。鲁班软件展台前新老客户络绎不绝，技术人员现场讲解鲁班产品新时代，新理念，推进建筑行业高质量发展的新时代，需要工程建设行业携手出发，坚持绿色理念，全面提高智慧建造水平，强化绿色建造技术创新，推动绿色建造实施模式的形成。鲁班软件深耕建筑行业20余年，未来将不断创新融合先进技术，为推动绿色建造、智慧建造、建设美丽中国贡献力量！责编：鲁班软件市场部扫码关注新鲁班了解更多行业最新资讯！欢迎加入[建造阶段BIM应用] 行业交流QQ群 58485066为方便本群管理，加群请备注姓名单位MORE | 相关阅读施工主材全部联网！北京：明年1月1日起，钢筋/预拌砼/砂浆的采购、使用，全部网上填报！住建部正式知下发通知，建筑企业资质申报实行资质告承诺审批重磅消息！《建设工程施工合同解释（二）》获最高院通过！……]]></content>
  <author><![CDATA[新鲁班]]></author>
  <time>2018-10-31 19:48:28</time>
  <account><![CDATA[neoluban59919299]]></account>
  <image><![CDATA[https://mmbiz.qpic.cn/mmbiz_gif/zEegQfJkoYUcQehaJVRuLKn6GFmIovdKbrURr92icaXTTzM4V4CiaEkI2MMdNB5wFO5h7Jw1bLsiaOic2TJPqpbduw/640?wx_fmt=gif|https://mmbiz.qpic.cn/mmbiz_jpg/aOKIZ8Lo1dsoNnkUk9lNbLuP7hc9NyH3J7zic13yOCKHFhhRaDmsgRKM7MBaQJARr4qicU2Q3n960ibhicuPrKzIvA/640?wx_fmt=jpeg|https://mmbiz.qpic.cn/mmbiz_png/aOKIZ8Lo1dsoNnkUk9lNbLuP7hc9NyH3v6tcLaZ4THC6x0emfsFbyjr0HDQ6NVOibobHwFHFGFOUhD50COB2icicg/640?wx_fmt=png|https://mmbiz.qpic.cn/mmbiz_png/aOKIZ8Lo1dsoNnkUk9lNbLuP7hc9NyH3lphsxMUmJFvDLkqhkyV7DrP2zbPBQGeWoTqoOLubJLqbqWhyvmhLdQ/640?wx_fmt=png|https://mmbiz.qpic.cn/mmbiz_png/aOKIZ8Lo1dsoNnkUk9lNbLuP7hc9NyH3bfApcHFk8XR8klN7WQRyAk7urmlz50Pgop0VNSH3BNB3WPArCvU7kg/640?wx_fmt=png|https://mmbiz.qpic.cn/mmbiz_png/aOKIZ8Lo1dsoNnkUk9lNbLuP7hc9NyH3tcXSQJjP3DwIsbz3WNK0xn0GRIYtp9I9NuPCv8LK6icTjfVEpq46CicA/640?wx_fmt=png|https://mmbiz.qpic.cn/mmbiz_png/aOKIZ8Lo1dsoNnkUk9lNbLuP7hc9NyH3Sd2rkHDmgaQyCYvgsUcViaTg7R77HAuaKvx46ayHUYeMAokTYu4LrmA/640?wx_fmt=png|https://mmbiz.qpic.cn/mmbiz_png/aOKIZ8Lo1dsoNnkUk9lNbLuP7hc9NyH3Ww1b51V5omp2LEFLUYFPMicXqBkTo436DkQurcvnQTYa2Q3e3cH17ibg/640?wx_fmt=png|https://mmbiz.qpic.cn/mmbiz_png/aOKIZ8Lo1dsoNnkUk9lNbLuP7hc9NyH3PE25SaREsmzPDF9OV0zl6YrwwEmTHTqhXrEiaq0K5zdDDwIbjw8PnMw/640?wx_fmt=png|https://mmbiz.qpic.cn/mmbiz_png/aOKIZ8Lo1dsoNnkUk9lNbLuP7hc9NyH3ZkfSf6vSR4fic1tPzr2u2yibFwxVWKIwqrvqWObgzpJkGqy9BtmDdgIg/640?wx_fmt=png|https://mmbiz.qpic.cn/mmbiz_png/aOKIZ8Lo1dsoNnkUk9lNbLuP7hc9NyH3zNVRJJXe5vcFILWQYFtxtwAEoH1G9bAHrPrEibE2XWQsDZxVhQxsx3g/640?wx_fmt=png|https://mmbiz.qpic.cn/mmbiz_png/aOKIZ8Lo1dsoNnkUk9lNbLuP7hc9NyH32NQF3H5HMKzCZBe0c0SVho1JhBkF46KLwxMIiao3EqXdU5dQANsFxNA/640?wx_fmt=png|https://mmbiz.qpic.cn/mmbiz_jpg/aOKIZ8Lo1dsoNnkUk9lNbLuP7hc9NyH3qgArn47HvTP8nn85hjBfUSGhFbdr3vXpyToYP7Bt1Wq4DVEsIDWD1Q/640?wx_fmt=jpeg|https://mmbiz.qpic.cn/mmbiz_jpg/aOKIZ8Lo1dsoNnkUk9lNbLuP7hc9NyH37rBicjawLJfZJXSQT2z1hCyuQt1Z0O4Mx4ia6FHzRPiburdYgBeNenKWg/640?wx_fmt=jpeg|https://mmbiz.qpic.cn/mmbiz_jpg/aOKIZ8Lo1dsoNnkUk9lNbLuP7hc9NyH3WOiaUHVQJ2NACbQia30Y0HTw7iaez0Pn9tOXIJ3t5WOJsjXae7wjmhj2A/640?wx_fmt=jpeg|https://mmbiz.qpic.cn/mmbiz_jpg/aOKIZ8Lo1dsoNnkUk9lNbLuP7hc9NyH3W1EVN32WsTsHenZP08N3u9aWRfqE85dwf0El9cchfB9r3LB1XVvoog/640?wx_fmt=jpeg|https://mmbiz.qpic.cn/mmbiz_gif/zEegQfJkoYW6GcHqTcUm3IbJWQgAktwjWHqkL2xv9PoWombgLLJlEqXeW0xztwF1vUO1ibadp16TMicZU2SOKqOQ/640?]]></image>
</data>
