<data>
  <id><![CDATA[50630058]]></id>
  <url><![CDATA[https://mp.weixin.qq.com/s?timestamp=1541735923&src=3&ver=1&signature=dyjd44X-NqA6myhxVsMKyJ1zXjVSF77T9L4jt8IVBU5H33y4VbRAftPFiq6IIQgJ5J*xtHb*J62K3qfWlnpfwzZzpTNH2Vs0QkYJ1yJmNU6rp85C0yNVua5LaCCZ-csk31e*hAgKKQ0ZlbKl*aPMtT*yAbTQlJtEt*s2G7ydhcM=]]></url>
  <title><![CDATA[重磅！住建部发文：监理工程师注册不再提供社保证明材料！]]></title>
  <content><![CDATA[改版后找不到我们？三步设置“星标★”不迷路！住房城乡建设部办公厅关于进一步简化监理工程师执业资格注册申报材料的通知各省、自治区住房城乡建设厅，直辖市建委，新疆生产建设兵团住房城乡建设局：为深入推进建筑业“放管服”改革，决定进一步简化监理工程师执业资格注册申报材料。自2018年11月12日起，申报监理工程师执业资格注册（含初始注册、延续、变更），不再要求提供社保证明材料。由申请人及其聘用单位的法定代表人分别对申请人社保真实性、有效性签字承诺，并承担相应法律责任。各级住房城乡建设主管部门要充分运用信息共享等手段核实申请人员社保等信息的真实性，加强对注册监理工程师在岗履职情况的监督检查。对发现存在弄虚作假的个人和企业，按照《中华人民共和国行政许可法》《注册监理工程师管理规定》（建设部令第147号）有关规定处理，并记入诚信档案。中华人民共和国住房和城乡建设部办公厅2018年10月29日来源：住建部、工程建设领域信息公布平台本文系转载，文章内容仅代表作者观点，版权归原作者所有，如有侵权，请联系删除，我们会在第一时间处理。扫码关注新鲁班了解更多行业最新资讯！欢迎加入[建造阶段BIM应用] 行业交流QQ群 58485066为方便本群管理，加群请备注姓名单位MORE | 相关阅读施工主材全部联网！北京：明年1月1日起，钢筋/预拌砼/砂浆的采购、使用，全部网上填报！住建部正式知下发通知，建筑企业资质申报实行资质告承诺审批重磅消息！《建设工程施工合同解释（二）》获最高院通过！……]]></content>
  <author><![CDATA[新鲁班]]></author>
  <time>2018-10-31 19:48:28</time>
  <account><![CDATA[neoluban59919299]]></account>
  <image><![CDATA[https://mmbiz.qpic.cn/mmbiz_gif/zEegQfJkoYUcQehaJVRuLKn6GFmIovdKbrURr92icaXTTzM4V4CiaEkI2MMdNB5wFO5h7Jw1bLsiaOic2TJPqpbduw/640?wx_fmt=gif|https://mmbiz.qpic.cn/mmbiz_png/vb1alSJOic1O4EMJl4wsdcl9ZR1xZWf81etQ3dZhdzF9sibOSbqU0s9icFcFLfJwYpnq45aCS32eibRiaGlia7ZAG5EA/640?wx_fmt=png|https://mmbiz.qpic.cn/mmbiz_jpg/4XoRGjm2lBsdmvqM18RWpIdxEVzCUDeCHL11gQpF9iazZMehW32hOSYGOic6yrKrHcFUhk1ZVudYVGjbaBRopz6A/640?wx_fmt=jpeg|https://mmbiz.qpic.cn/mmbiz_gif/zEegQfJkoYW6GcHqTcUm3IbJWQgAktwjWHqkL2xv9PoWombgLLJlEqXeW0xztwF1vUO1ibadp16TMicZU2SOKqOQ/640?]]></image>
</data>
