<data>
  <id><![CDATA[50630058]]></id>
  <url><![CDATA[https://mp.weixin.qq.com/s?timestamp=1541735923&src=3&ver=1&signature=dyjd44X-NqA6myhxVsMKyJ1zXjVSF77T9L4jt8IVBU5H33y4VbRAftPFiq6IIQgJ5J*xtHb*J62K3qfWlnpfwyZlf-H4MbSOiWe7P4lE*v9I15L7mVXhB3oOthZi23jXj5wxAWTmhL5SYkuxOP-1vp1iQ4i*UnWchOaDPkxk15k=]]></url>
  <title><![CDATA[鲁班软件将重磅亮相第十四届全国工程建设行业信息化高峰论坛，精彩不容错过]]></title>
  <content><![CDATA[近年来，广大工程建设企业立足自身实际，务实推进信息化与企业决策、职能部门管理、项目现场管控、新技术应用、新模式推广等多个层面、不同范围的融合发展，取得了丰硕成果。为进一步加强交流与合作、分享成果、互学互鉴，推动行业信息化建设不断向前发展，中国施工企业管理协会主办的第十四届工程建设行业信息化高峰论坛暨信息化成果展示交流会于11月15日-17日在郑州举办。会议由企业家论坛、分论坛、信息化成果展示、项目实地观摩等内容组成。参会对象为工程建设企业董事长、总经理，总工程师、总会计师以上的高层管理者、信息中心、BIM中心、工程管理部等相关部门负责人。企业家论坛上海鲁班软件股份有限公司董事长杨宝明出席企业家论坛并作主旨演讲《打造企业数字大脑》在全球数字化变革大趋势下，建筑业要主动拥抱数字化转型，借助信息化技术实现管理水平及核心竞争力的大幅度提升。建筑企业要向数字模型驱动的企业转型，利用数字转型创新业务模式，构建小前端、大后台的运营能力。数字化转型过程中，最核心的任务是构建基于“BIM+大数据+人工智能”的数字大脑。基于BIM技术，建立企业级的数据中心，集成企业级的大数据——BIM数据、过程数据、工艺数据、行业数据等，结合大数据技术、人工智能技术，构建企业中枢，将极大地提升企业决策的效率与精度，有效提升项目精细化管理水平和企业集约化能力，有效提高建筑行业信息化水平。参加企业家论坛的部分特邀企业家还有：BIM专题论坛鲁班企业级BIM用户五矿二十三冶建设集团有限公司首席信息官兼信息中心总经理邹健在BIM专题论坛上发表演讲《基于BIM+智慧建造的可视化体系建设》参加BIM专题论坛的部分特邀专家还有：信息化推荐案例论坛鲁班企业级BIM用户中铁城建集团有限公司副总经理王忠良在信息化推荐案例论坛上发表演讲《深入应用企业级BIM系统，全面提升项目精细化管理水平》参加信息化推荐案例论坛的部分特邀行业专家还有：鲁班软件作为国内较早从事BIM咨询与服务的团队，公司充分利用自身的经验优势，依托鲁班软件强大的BIM研发能力，结合地球空间数据、物联网、人工智能、大数据等先进数字技术，构建从住户级、工程级到城市级的统一数字世界，实现三大层级、建筑全生命周期、多专业、多元化数据集成融合，为房地产商提供园区/社区智能规划与3D还原展现、项目级工程协同管理、个性化家装及数字之家交付运营等基于BIM的创新型解决方案，有效提升项目质量、运营效率，创新商业模式。盛会期间，鲁班软件(及其下属子公司)将向观众展示围绕“BIM技术”、”CIM技术”、“DIM技术”三大层级产品，全过程BIM咨询服务，与众多建筑企业开启智慧建造的大门！鲁班工程级BIMBuilding Information Modeling鲁班房建BIM系统架构图鲁班基建BIM系统架构图鲁班软件企业级BIM项目协同管理平台-Luban Builder，已在600多个大型标杆项目中深入应用，以及 300多家单位企业级推广和应用，帮助企业提升项目精细化企业集约化管理水平， 为行业实现规模经济提供强大数据能力。班联城市级CIMCity Information Modeling鲁班软件集团旗下班联数城联合同济大学共同研发，推出基于“BI M+GSD+IoT”的CIM平台-CityEye，为智慧城市（ 园区 ）建设带来无限可能。 已在杨浦滨江、欧阳路街道、临港大丰等落地多个园区、城市级应用示范项目。班筑住户级DIMDecorationInformation Modeling鲁班软件集团旗下班筑软件推出精装家装BIM整体解决方案，通过Remiz设计平台、 Palace企业级管理平台、 幸福里用户交付服务平台三大平台为行业五大角色赋能，利用“BI M+互联网”改变家装业。已与开装装饰、龙信装饰、 银建装饰、 荣欣装潢聚通装饰等多家行业家装标杆企业合作。鲁班软件实施项目类型鲁班软件部分服务案例集11月15日-17日，第十四届工程建设行业信息化高峰论，鲁班软件期待您的光临，不见不散！点击阅读原文，了解完整会议信息！责编：鲁班软件市场部扫码关注新鲁班了解更多行业最新资讯！欢迎加入[建造阶段BIM应用] 行业交流QQ群 58485066为方便本群管理，加群请备注姓名单位MORE | 相关阅读重磅！住建部发文：监理工程师注册不再提供社保证明材料！住建部正式知下发通知，建筑企业资质申报实行资质告承诺审批重磅消息！《建设工程施工合同解释（二）》获最高院通过！建筑业新个税重大利好！月入10000元以下恭喜了，这样操作可以0个税！……]]></content>
  <author><![CDATA[新鲁班]]></author>
  <time>2018-11-03 10:00:00</time>
  <account><![CDATA[neoluban59919299]]></account>
  <image><![CDATA[https://mmbiz.qpic.cn/mmbiz_png/aOKIZ8Lo1dt5zIcYsrCamic5uvFV07omQbR0V5s7cgwLCUdD1dzjyHynYBcD4aMWiapKfg2pZux38Nq5Mib2713nw/640?wx_fmt=png|https://mmbiz.qpic.cn/mmbiz_jpg/aOKIZ8Lo1dt5zIcYsrCamic5uvFV07omQ926GP1qkULaPOBGP99ksyFkx13icUj4I7s8flcMKibiaD7dMh5AMoUK7g/640?wx_fmt=jpeg|https://mmbiz.qpic.cn/mmbiz_jpg/aOKIZ8Lo1dt5zIcYsrCamic5uvFV07omQ9GviatZZpVKzlRlicZrmKIFXHsfJicTE2MuT1eHEkibcy7Q5f1n3QXcsnQ/640?wx_fmt=jpeg|https://mmbiz.qpic.cn/mmbiz_jpg/aOKIZ8Lo1dt5zIcYsrCamic5uvFV07omQjoO1xTvTeAhAvMx1nb3icRoMAYfnaanYYniaGo47cIM5hLGoXMWcpAjg/640?wx_fmt=jpeg|https://mmbiz.qpic.cn/mmbiz_jpg/aOKIZ8Lo1dt5zIcYsrCamic5uvFV07omQCTqAXGnPstGSVrUUaibBtHIaTASjJszhoMdH52JOgClCEXuBKqibaFDw/640?wx_fmt=jpeg|https://mmbiz.qpic.cn/mmbiz_jpg/aOKIZ8Lo1dt5zIcYsrCamic5uvFV07omQA5KTrZkY0LsPtuPcQ3XOCSIIBibQeTdlKeicicEUzMiafJtZTmicJWO0acw/640?wx_fmt=jpeg|https://mmbiz.qpic.cn/mmbiz_jpg/aOKIZ8Lo1dt5zIcYsrCamic5uvFV07omQLtsEoCtWBEIOhlrCTHSIhQbOJUOHib0dDS5wvH1P5LrJr6lBpdTRkzQ/640?wx_fmt=jpeg|https://mmbiz.qpic.cn/mmbiz_jpg/aOKIZ8Lo1dt5zIcYsrCamic5uvFV07omQV9HsNPib1KZ22yjwS9QPxJJjkfszHYicwemk30g4RpGib8qfcibylStOicA/640?wx_fmt=jpeg|https://mmbiz.qpic.cn/mmbiz_jpg/aOKIZ8Lo1dt5zIcYsrCamic5uvFV07omQ9PcdYudMFib2kyRGpA2ib5ehIaFXx18AibvnuJlFaHpE6LUSibm29ChkNQ/640?wx_fmt=jpeg|https://mmbiz.qpic.cn/mmbiz_jpg/aOKIZ8Lo1dt5zIcYsrCamic5uvFV07omQ5FlnW4fExMmtL4grePy0pfJLicAEyNgfnTeHsFxMSep6g72icAAhg8yQ/640?wx_fmt=jpeg|https://mmbiz.qpic.cn/mmbiz_jpg/aOKIZ8Lo1dt5zIcYsrCamic5uvFV07omQwyMtarNQSSrfPeIzvnau6XvNaYH2Zvjg162ibrdpyAykFu2Djbngdcw/640?wx_fmt=jpeg|https://mmbiz.qpic.cn/mmbiz_jpg/aOKIZ8Lo1dt5zIcYsrCamic5uvFV07omQtzXe7Ca0icGrib3jFU1t5PeRSYQxicGuvxTOAh1uwKIc5LVz5l0nXzt6w/640?wx_fmt=jpeg|https://mmbiz.qpic.cn/mmbiz_jpg/aOKIZ8Lo1dt5zIcYsrCamic5uvFV07omQTibjU0hD6v6PnJHCVM2y8HMiaPsibLac0trZiaL1ExiaibMpKkzibQzHSdYnw/640?wx_fmt=jpeg|https://mmbiz.qpic.cn/mmbiz_jpg/aOKIZ8Lo1dt5zIcYsrCamic5uvFV07omQV9ahnWhlUqsRaJsicQtcbFdia6dEw6f5mhcJ2QrWfMBmHDPceB2joJ0g/640?wx_fmt=jpeg|https://mmbiz.qpic.cn/mmbiz_png/aOKIZ8Lo1dt5zIcYsrCamic5uvFV07omQEbvmZcDEKnrQd8QCAsPoAuPggUYyNvuIu2ZkkYgEgdqyNJAMpaWmzQ/640?wx_fmt=png|https://mmbiz.qpic.cn/mmbiz_jpg/aOKIZ8Lo1dt5zIcYsrCamic5uvFV07omQXkGibaCicYtYWbo0b767ztkMeH5zCClMcQiak9CY9NtHem35UeEiaicxw8Q/640?wx_fmt=jpeg|https://mmbiz.qpic.cn/mmbiz_jpg/aOKIZ8Lo1dt5zIcYsrCamic5uvFV07omQIhbamsVdvEOLC1ZEJZcKJXgDZSTPX12SsvcRQEWdgMMRJWyricW6HEg/640?wx_fmt=jpeg|https://mmbiz.qpic.cn/mmbiz_jpg/aOKIZ8Lo1dt5zIcYsrCamic5uvFV07omQyAfkWXzZBNwdrQ0FpFwgJNezJ1s9sv7qzYe1HiafvYicfGndJH6c8GQA/640?wx_fmt=jpeg|https://mmbiz.qpic.cn/mmbiz_jpg/aOKIZ8Lo1dt5zIcYsrCamic5uvFV07omQiaJHZS2wk2yM2Y5YZFM3VSJq1pXK05FT5o1QcBfqwyODZVJjxibumETw/640?wx_fmt=jpeg|https://mmbiz.qpic.cn/mmbiz_jpg/aOKIZ8Lo1dt5zIcYsrCamic5uvFV07omQ0ibsozZX1jt9Jt5icpkTdr8LS1eEIviapicznytHytgRYJI9e3ibOP7BgMg/640?wx_fmt=jpeg|https://mmbiz.qpic.cn/mmbiz_jpg/aOKIZ8Lo1dt5zIcYsrCamic5uvFV07omQIDjz94WD3d8QOEdz7zwdt1x8yhXXTZ7kmRyPxmCYOicqItJI38gylMA/640?wx_fmt=jpeg|https://mmbiz.qpic.cn/mmbiz_jpg/aOKIZ8Lo1dt5zIcYsrCamic5uvFV07omQJCg7YzSJGvl2twnxmYlkYh2MUxnEbDm5hg1IySaYCGAbp9LCoE0ZBQ/640?wx_fmt=jpeg|https://mmbiz.qpic.cn/mmbiz_jpg/aOKIZ8Lo1dt5zIcYsrCamic5uvFV07omQFZzAqetcFDDI0feZVBS2nBsBFKgxVwKic2SeiayvkuJ8ITd7OTY05EZw/640?wx_fmt=jpeg|https://mmbiz.qpic.cn/mmbiz_jpg/aOKIZ8Lo1dt5zIcYsrCamic5uvFV07omQkmexic233DC4IpruiccicwK5fXNwqGCp7PMe84PdHsgbccmABtyuxlCgg/640?wx_fmt=jpeg|https://mmbiz.qpic.cn/mmbiz_jpg/aOKIZ8Lo1dt5zIcYsrCamic5uvFV07omQFPxpBzibcnicRXkgGAT8ibe6DdUO4rkhiaUgyK4RNO7CLDiaWxz6U9P9FOg/640?wx_fmt=jpeg|https://mmbiz.qpic.cn/mmbiz_jpg/aOKIZ8Lo1dt5zIcYsrCamic5uvFV07omQqwFnmA56J7EcRoXL2cPsLS85ebZ9d6BnOxyxfBF5Mrjx4ko2QKpaBw/640?wx_fmt=jpeg|https://mmbiz.qpic.cn/mmbiz_jpg/aOKIZ8Lo1dt5zIcYsrCamic5uvFV07omQHgTJ0QfQ4vT3cuWWgcib959tI8m5z9TMhGy4qs1icdIkOQnt3WdkgVFg/640?wx_fmt=jpeg|https://mmbiz.qpic.cn/mmbiz_jpg/aOKIZ8Lo1dt5zIcYsrCamic5uvFV07omQNSfnzWiaLyTXHwqer1wga2nXk3CqBf0ev5ickohFwz0NdOENunYyhIYQ/640?wx_fmt=jpeg|https://mmbiz.qpic.cn/mmbiz_jpg/aOKIZ8Lo1dt5zIcYsrCamic5uvFV07omQGTZDYGdbq48Q9cfjxeJFXIza0MWpJDuyXqx6rtXRK6HlF6Mexenmtg/640?wx_fmt=jpeg|https://mmbiz.qpic.cn/mmbiz_gif/zEegQfJkoYW6GcHqTcUm3IbJWQgAktwjWHqkL2xv9PoWombgLLJlEqXeW0xztwF1vUO1ibadp16TMicZU2SOKqOQ/640?]]></image>
</data>
