<data>
  <id><![CDATA[50630058]]></id>
  <url><![CDATA[https://mp.weixin.qq.com/s?timestamp=1541735923&src=3&ver=1&signature=dyjd44X-NqA6myhxVsMKyJ1zXjVSF77T9L4jt8IVBU5H33y4VbRAftPFiq6IIQgJ5J*xtHb*J62K3qfWlnpfw2airFOUeoEZgKMWS6K6pKTKRY03cbrhjxY4oIq7x-Fg-0wDKZgAxR6LvtBnxI0CGzRXKAk5RLMg2cQaS2Pe4SY=]]></url>
  <title><![CDATA[社保费率降了！刚刚，正式明确！总体降幅接近10%！]]></title>
  <content><![CDATA[改版后找不到我们？三步设置“星标★”不迷路！好消息，第五次社保费率调整来了，国务院常务会议明确了，社保费率总体降幅接近10%！降低社会保险费率，基础下调50%一好消息！国务院一锤定音，社保费率降10%，稳就业企业返还50%失业保险费11月2日召开的国务院常务会议公布了社保降费率的最新政策：原定实施至明年的现有政策——用人单位和职工失业保险缴费比例总和从3%阶段性降至1%，将在明年4月底到期后继续延续实施。政策再次明确，社保要降了。此次会议还决定，对符合条件的努力稳定就业的参保企业，可通过减费方式，返还企业及其职工缴纳的50%失业保险费。而对符合条件的失业人员，其个人应缴纳的基本医疗保险等费用从失业保险基金中列支。11月2日召开的国务院常务会议，主题是确定进一步促进就业的针对性措施。而人社部此前透露，前三季度城镇新增就业已完成全年目标任务。二降低社保费率，早就开始了降低社保费率的政策，之前有已经有了，9月初召开的国务院常务会议，要求抓紧研究适当降低社保费率，确保总体不增加企业负担；确定落实新修订的个人所得税法的配套措施，为广大群众减负；部署打造“双创”升级版，增强带动就业能力、科技创新力和产业发展活力；对个人在二级市场买卖新三板股票比照上市公司股票，对差价收入免征个税；通过《专利代理条例（修订草案）》。社保费率的争议到可能终于要告一段落。大家终于可以放心了。国务院常务会议已经决定了：“抓紧研究适当降低社保费率，确保总体上不增加企业负担。”三什么是社保社保费率？到底有什么影响？1、社保包含的就是我们通常所说的五险：养老保险、医疗保险、失业保险、工伤保险、生育保险。社保缴费率是指雇员和雇主缴纳各项社会保险总额占个人工资的比例，通常用百分数(%)或千分数(‰)来表示。2、降社保费率会影响社保待遇吗？社保基金的账单涉及“收”和“支”，降费率对于社保基金池就是“减收”，那减收后还有力量给社保参保人发放待遇吗.减“收”会不会减“支”。对于降费率是否影响待遇的问题，人社部官员表示，降费率决不影响社保待遇。“降费率不能‘摁下葫芦起了瓢’，未来随着经济发展以及职工平均工资和生活成本的变化，各项社保待遇还将逐步提高。”中国劳动和社会保障科学研究院院长金维刚表示。据人社部最新数字显示，1-9月，基本养老、工伤、失业保险基金总收入3.93万亿元，同比增长18.2%，基金总支出3.45万亿元，同比增长16.5%。从这个数字看，今年各项社保的总收入大于总支出。社保费降低，新社保执行后的3个疑问社保费率降低，不管是对企业还是个人来说都是一件好事，但是网上却盛传，新社保后将导致费额提高，与个税减少的部分相抵消后，有一些人拿到手的工资会不升反降。还有机构预测企业与个人将补缴共计近2万亿元社保，超七成的企业日子将难过了？关于这些疑问，统一回复下：疑问一：社保新规将导致个税调整后到手工资反而变少？人民日报：一般来说，各地以统计部门发布的上一年城镇非私营单位在岗职工平均工资确定缴费基数，以基数的300%作为上限，60%作为下限。对大多数人来说，上一年月平均工资都在这个区间里，所以缴费基数就是自己的实际工资，不存在“按最低工资缴费”一说。只有收入落到这个区间之外的人，才按上下限作为基数来缴费。疑问二：企业与个人将补缴共计近2万亿元？人民日报：有地方税务人士透露，目前税务部门与人社部门强调稳定为主，并没有谈论强化征管。实际上从明年开始，像社保缴费登记、变更信息、人数等仍由人社部门负责，税务部门只负责社保费的申报和征收，对社保费的稽查暂未确定。因此社会上担心明年开始征管大幅加强并没有道理。疑问三：30%的利润要没，超七成的企业日子将难过了？人民日报：针对社保费的政策并没有变化，变化的只是征管方式。征管能力增强后，国家会统筹考虑，根据实际调整。专家表示，税务部门负责征收社保费之后，征管能力确实会增强。但国家层面会考虑企业负担实际问题，在当前情况下不太可能出现企业负担飙升的情况。实际上，我国社保费率已阶段性降低。2015年以来，我国先后4次降低社保费率，总体社保费率从41%降到37.25%，减少企业成本约3150亿元。总结：社保费率降低但是今后社保将有税务统一征收，一方面节省企业用人成本；另一方面提高员工社保待遇，对谁都是有利的，所以大家不要在再质疑了。注意！社保缴纳的6个陷阱社保缴纳影响着劳动者以后的退休养老等诸多待遇，是给自己的退休生活上了一道保险，然而很多公司却有意无意地损害劳动者的合法权益。以下就盘点6种情况，小心中招：来源：中国政府网、人民政协网、会计说、易社保、建筑业那点事儿本文系转载，文章内容仅代表作者观点，版权归原作者所有，如有侵权，请联系删除，我们会在第一时间处理。双十一嘉年华福利三弹来袭↓↓↓限时秒杀！拼团返现！“鲁班锦鲤”可免单！！！扫码关注新鲁班了解更多行业最新资讯！欢迎加入[建造阶段BIM应用] 行业交流QQ群 58485066为方便本群管理，加群请备注姓名单位MORE | 相关阅读环保部：严格禁止“一刀切”，严格禁止“一律关停”、“先停再说”！重磅消息！《建设工程施工合同解释（二）》获最高院通过！取消施工合同备案，删除监理，新版《山东省房屋建筑和市政工程施工许可管理办法》发布！住建部公布：一级建造师执业资格考试大纲（2018年版）……]]></content>
  <author><![CDATA[新鲁班]]></author>
  <time>2018-11-07 18:05:33</time>
  <account><![CDATA[neoluban59919299]]></account>
  <image><![CDATA[https://mmbiz.qpic.cn/mmbiz_gif/zEegQfJkoYUcQehaJVRuLKn6GFmIovdKbrURr92icaXTTzM4V4CiaEkI2MMdNB5wFO5h7Jw1bLsiaOic2TJPqpbduw/640?wx_fmt=gif|https://mmbiz.qpic.cn/mmbiz_png/R6XJic9hHG1FoTTU3zpK8M3IlYbRt60Z7r7A1AesibxdWH4tKsLIrpsCGTo7ZOEfoyI6OB2D434Z84EWPgxffsDg/640?wx_fmt=png|https://mmbiz.qpic.cn/mmbiz_png/R6XJic9hHG1FoTTU3zpK8M3IlYbRt60Z7iaQ24ic6xfbCexib4nakK2dtxHdM3ZptfvIDs5Hia78BRaaib5ScMvxtcEA/640?wx_fmt=png|https://mmbiz.qpic.cn/mmbiz_jpg/R6XJic9hHG1FoTTU3zpK8M3IlYbRt60Z7cXYvKnT6sBUTM1UR8a2Nic5fhAGq2YEBvJCschXtCfFBQldO9loCcNA/640?wx_fmt=jpeg|https://mmbiz.qpic.cn/mmbiz_jpg/R6XJic9hHG1FoTTU3zpK8M3IlYbRt60Z7SHxaMWu4sI9yLLxNjkXOtNbcSHydB3SB4tsNL0kXdjGpFLh4Glybyw/640?wx_fmt=jpeg|https://mmbiz.qpic.cn/mmbiz_jpg/R6XJic9hHG1FoTTU3zpK8M3IlYbRt60Z7Hrym2lw6vmDqIM66eaTEAfkIyruB4ZYhgcUWdTzCbWDMpy2crZye9A/640?wx_fmt=jpeg|https://mmbiz.qpic.cn/mmbiz_jpg/R6XJic9hHG1FoTTU3zpK8M3IlYbRt60Z7LX8zlJ3KficS4iah9Nb4Zic78FBC3AUK51ibM4cyKqiaI9FXWklu8s8XwjQ/640?wx_fmt=jpeg|https://mmbiz.qpic.cn/mmbiz_jpg/R6XJic9hHG1FoTTU3zpK8M3IlYbRt60Z7XZ2x3ZiaoibSd6jfFzHSHT3ycbicTfeZ560ia8QSxnNPV0jzByuVkNibqPg/640?wx_fmt=jpeg|https://mmbiz.qpic.cn/mmbiz_jpg/R6XJic9hHG1FoTTU3zpK8M3IlYbRt60Z7K5wFORQam5nH7TPKYZC9l5ner3OsglctvUSVE0jW3pRKj9eejxNzgA/640?wx_fmt=jpeg|https://mmbiz.qpic.cn/mmbiz_jpg/R6XJic9hHG1FoTTU3zpK8M3IlYbRt60Z758FOf0gasL3YJwS6LIeslQQoDX8gpoMBSzoxibsSRWGEE5tKxj6oKUQ/640?wx_fmt=jpeg|https://mmbiz.qpic.cn/mmbiz_png/TZprg1u4d0QNtfl9lXMHJQLrQkTcRQI3WLwHxdbS8QmCmBymaRdm58FWGj8kajq6uaTuqEiamlBa3M2UU5eeDaw/640?wx_fmt=png|https://mmbiz.qpic.cn/mmbiz_jpg/aOKIZ8Lo1dvaIjpcFF1j7XxPalgCuwJCB9cGjhLlxvPV8GKOnZc59D0LKQky6KUnpRwPxHFqbQI9mvibwwESLRQ/640?wx_fmt=jpeg|https://mmbiz.qpic.cn/mmbiz_gif/zEegQfJkoYW6GcHqTcUm3IbJWQgAktwjWHqkL2xv9PoWombgLLJlEqXeW0xztwF1vUO1ibadp16TMicZU2SOKqOQ/640?]]></image>
</data>
