<data>
  <id><![CDATA[50630058]]></id>
  <url><![CDATA[https://mp.weixin.qq.com/s?timestamp=1541735923&src=3&ver=1&signature=dyjd44X-NqA6myhxVsMKyJ1zXjVSF77T9L4jt8IVBU5H33y4VbRAftPFiq6IIQgJ5J*xtHb*J62K3qfWlnpfw-dk**bxFemGq3oOTAsJ0*7TIZ2PNSUhNQInUFJPQiSr5*QLRNCYKzPpE462oQrr8LjR8EEkDBoGn39iX4Up2S4=]]></url>
  <title><![CDATA[鲁班软件董事长杨宝明：加快建设企业数字大脑]]></title>
  <content><![CDATA[- 加快建设企业数字大脑 -演讲嘉宾上海鲁班软件股份有限公司董事长杨宝明摘要上海鲁班软件股份有限公司董事长杨宝明先生，于2018年10月20日在首届“同济建筑产业创新发展30人论坛”中发表《加快建设企业数字大脑》主题演讲。精彩演讲片段核心思想摘要国内经济结构转型、建筑产业内部新挑战、新机遇齐聚，高质量发展成为建筑产业的新主题。科技的加速迭代表现为：5G时代将移动互联向万物互联时代迈进、智能制造关键技术不断成熟并向建筑产业进行延伸、大数据云计算技术在加速、数字孪生技术成为国际战略技术。新时代，建筑企业要变革、发展，数字化转型是必由之路。建筑企业的数字化转型主要有3大方向：1）向数字模型驱动的企业转型。向智能制造业学习，构建基于模型的产品与能力，基于数字模型来定义生产、组织资源，整个企业的价值链以及上下游供应链的管理都是基于模型进行业务流、数据流的构建。2）利用数字转型，创新业务模式。作为传统工程营造商，构建以BIM数据为核心的工程级管理能力，并向城市运营商转型和数字家居、智能家居的服务商转型。3）构建小前端、大后台的运营能力。获取了基础数据，构建数字神经，建设大后台、小前端的运营模式。企业是数据的中心，总部拥有所有项目部、所有终端的数据，同时前端所有的信息数据如神经末梢快速向总部汇总，在集团总部的信息化能力，可以进行数据的快速分析、对比、模拟、决策，并将决策向终端输出，提升前端的精准打击能力。建筑企业的数字化转型的核心是构建基于“BIM+大数据+人工智能”的数字大脑。BIM数据是建筑业的起点与基础，集成建筑产品的全专业信息化、贯穿建筑的规划设计、建造、运维全过程、贯穿整个建筑产业链；依据BIM基础数据，构建企业数据中心，将数据作为企业重要资产与核心竞争力的来源；增加机器学习能力，构建企业中枢，提升决策效率与精度。需要提醒的是，数据资产是核心资源，数字大脑能力是核心能力，而数据中心、软件平台的国产化关系到数据安全、国家安全，必须加以重视。鲁班软件构建了自有知识产权的国内BIM数据管理平台。BIM模型的数据基础来源可以多种模式，但数据的管理平台是在国内的服务器上，支持公有、私有部署，企业级的所有项目均可以在平台上进行管理；项目全参与方可以根据权限在同一个平台上不同端进行协同；城市级、工程级、住户级数据可以在同一个系统平台上调用；建筑产品全生命周期从规划设计、到建造施工、到运营管理的功能都可以基于这套BIM数据平台进行开放应用研发。———— / END / ————稿件来源：上海鲁班软件股份有限公司董事长杨宝明博士图片来源：同济大学建筑产业创新发展研究院本文系转载，文章内容仅代表作者观点，版权归原作者所有，如有侵权，请联系删除，我们会在第一时间处理。扫码关注新鲁班了解更多行业最新资讯！欢迎加入[建造阶段BIM应用] 行业交流QQ群 58485066为方便本群管理，加群请备注姓名单位MORE | 相关阅读重磅！住建部发文：监理工程师注册不再提供社保证明材料！住建部正式知下发通知，建筑企业资质申报实行资质告承诺审批重磅消息！《建设工程施工合同解释（二）》获最高院通过！……]]></content>
  <author><![CDATA[新鲁班]]></author>
  <time>2018-11-01 18:43:25</time>
  <account><![CDATA[neoluban59919299]]></account>
  <image><![CDATA[https://mmbiz.qpic.cn/mmbiz_jpg/Cibp53bftU3kvfu0Yow3JTJWia4UUlQFJEdR5QZW4WbZXpYQmHJSKGdyic3ibFvQYEtOaUMnVH778cUic9edsPRxYTA/640?wx_fmt=jpeg|https://mmbiz.qpic.cn/mmbiz_gif/zEegQfJkoYW6GcHqTcUm3IbJWQgAktwjWHqkL2xv9PoWombgLLJlEqXeW0xztwF1vUO1ibadp16TMicZU2SOKqOQ/640?]]></image>
</data>
