<data>
  <id><![CDATA[50630058]]></id>
  <url><![CDATA[https://mp.weixin.qq.com/s?timestamp=1541735923&src=3&ver=1&signature=dyjd44X-NqA6myhxVsMKyJ1zXjVSF77T9L4jt8IVBU5H33y4VbRAftPFiq6IIQgJ5J*xtHb*J62K3qfWlnpfw2airFOUeoEZgKMWS6K6pKSRB6uvwVrSUgFSmH49ZTIqsEfHZYEJED3Pc03rRgo4s-FTPR6clUADGhHFpRATPHU=]]></url>
  <title><![CDATA[住建部公告！恭喜146家企业荣升资质顺利取证，住建部发布最新资质升级名单公告]]></title>
  <content><![CDATA[改版后找不到我们？三步设置“星标★”不迷路！住房城乡建设部关于核准2018年度第八批建设工程企业资质名单的公告根据《中华人民共和国建筑法》及有关建设工程类企业资质管理规定，现将我部审查核准的工程勘察资质、工程设计资质、建筑业企业资质、工程监理企业资质的单位名单予以公布。未予核准的单位及原因可登录我部门户网站（www.mohurd.gov.cn），点击办事大厅中“受理发证信息查询”栏目进行查询。特此公告。附件：1.核准工程勘察资质的单位名单2.核准工程设计资质的单位名单3.核准建筑业企业资质的单位名单4.核准工程监理企业资质的单位名单住房城乡建设部2018年11月5日来源：工程建设领域信息公开平台本文系转载，文章内容仅代表作者观点，版权归原作者所有，如有侵权，请联系删除，我们会在第一时间处理。双十一嘉年华福利三弹来袭↓↓↓限时秒杀！拼团返现！“鲁班锦鲤”可免单！！！扫码关注新鲁班了解更多行业最新资讯！欢迎加入[建造阶段BIM应用] 行业交流QQ群 58485066为方便本群管理，加群请备注姓名单位MORE | 相关阅读环保部：严格禁止“一刀切”，严格禁止“一律关停”、“先停再说”！重磅消息！《建设工程施工合同解释（二）》获最高院通过！取消施工合同备案，删除监理，新版《山东省房屋建筑和市政工程施工许可管理办法》发布！住建部公布：一级建造师执业资格考试大纲（2018年版）……]]></content>
  <author><![CDATA[新鲁班]]></author>
  <time>2018-11-07 18:05:33</time>
  <account><![CDATA[neoluban59919299]]></account>
  <image><![CDATA[https://mmbiz.qpic.cn/mmbiz_gif/zEegQfJkoYUcQehaJVRuLKn6GFmIovdKbrURr92icaXTTzM4V4CiaEkI2MMdNB5wFO5h7Jw1bLsiaOic2TJPqpbduw/640?wx_fmt=gif|https://mmbiz.qpic.cn/mmbiz_png/Bz4qSDQBzNaxdhdbH0nX2oFuA0VaEia6X9cLvgmBCvoZeHrqibwtDqE7Ng0oB3zhJbrVQgD08tO4WpcbVFzMpQtw/640?wx_fmt=png|https://mmbiz.qpic.cn/mmbiz_png/Bz4qSDQBzNaxdhdbH0nX2oFuA0VaEia6XfvNYDoMZqodaocoJia0D2dHkWsdyzopUfJxJRLPib0GbiclWaBKcy0rWw/640?wx_fmt=png|https://mmbiz.qpic.cn/mmbiz_png/Bz4qSDQBzNaxdhdbH0nX2oFuA0VaEia6X5aJ25e1QObHRjuoU0pZ5q1YtZiaItRiav158bNh6kE8icer9yQOoRh5dg/640?wx_fmt=png|https://mmbiz.qpic.cn/mmbiz_png/Bz4qSDQBzNaxdhdbH0nX2oFuA0VaEia6X3MyQvB3liaCdMMIUzs2GbmLxhgXZL0wphQ8WvG5P1jE48f8aqyedgew/640?wx_fmt=png|https://mmbiz.qpic.cn/mmbiz_png/Bz4qSDQBzNaxdhdbH0nX2oFuA0VaEia6XlEibmwdu9IdpOXm3zKRiaYjIIjjGrV0ARMXIpjkiawNnR6CNGfFJRic59Q/640?wx_fmt=png|https://mmbiz.qpic.cn/mmbiz_png/Bz4qSDQBzNaxdhdbH0nX2oFuA0VaEia6XO0tibZ0A4eTpj0MpXlnGS2EJZ9paDHAWicibs8B43fSWaO6Sz7Y6NQppA/640?wx_fmt=png|https://mmbiz.qpic.cn/mmbiz_png/Bz4qSDQBzNaxdhdbH0nX2oFuA0VaEia6XYZQLNjLOOx38J5QYzfsg7d6DDXm22kxziaKdibpicPeicM2HoBsHZpibrhA/640?wx_fmt=png|https://mmbiz.qpic.cn/mmbiz_png/Bz4qSDQBzNaxdhdbH0nX2oFuA0VaEia6Xobm8ia2HUM5wrpnNtzszc24NVX6kYGWKmxVye8MiaduUC7PiaFSvZvKBg/640?wx_fmt=png|https://mmbiz.qpic.cn/mmbiz_png/Bz4qSDQBzNaxdhdbH0nX2oFuA0VaEia6X6Ewl3qqBheVSm4Dd64iaxbKGvvmRUPI1qToIuc5JbFOEePnDMEctCHw/640?wx_fmt=png|https://mmbiz.qpic.cn/mmbiz_png/Bz4qSDQBzNaxdhdbH0nX2oFuA0VaEia6Xq0PO96HhvSJwBYLOicwHD2o3iaKM40N2P6nj1XBna8AtvHrSqPopxmibw/640?wx_fmt=png|https://mmbiz.qpic.cn/mmbiz_png/Bz4qSDQBzNaxdhdbH0nX2oFuA0VaEia6Xbc2ct3dSOYWqQPWbUBvkNYBwW8oSSt8YibwZvicuYfFk0M0JhvQpl7Yw/640?wx_fmt=png|https://mmbiz.qpic.cn/mmbiz_png/Bz4qSDQBzNaxdhdbH0nX2oFuA0VaEia6XBM8G26PVSDFE6oXoML9jgoeluLS7iaxQ9FOQWASRVicXCYTUa1yvC5xA/640?wx_fmt=png|https://mmbiz.qpic.cn/mmbiz_png/Bz4qSDQBzNaxdhdbH0nX2oFuA0VaEia6X3xzQBpDSE7uCzsibcLYtqEUuAM1g6yJ4FhUhmhBSwutvymjdgs6rKng/640?wx_fmt=png|https://mmbiz.qpic.cn/mmbiz_png/Bz4qSDQBzNaxdhdbH0nX2oFuA0VaEia6XvCl62R0NmcD0lzicyHFh3uvB93uu7uNP8DefCUibovbmPBkvdEcuKYjQ/640?wx_fmt=png|https://mmbiz.qpic.cn/mmbiz_png/Bz4qSDQBzNaxdhdbH0nX2oFuA0VaEia6Xf0JXibAcqmDPVSYLcQRearq7OxiaMlibiaWpIPVJD0B2vsHCSPWPLVFJWQ/640?wx_fmt=png|https://mmbiz.qpic.cn/mmbiz_jpg/4XoRGjm2lBsdmvqM18RWpIdxEVzCUDeCHL11gQpF9iazZMehW32hOSYGOic6yrKrHcFUhk1ZVudYVGjbaBRopz6A/640?wx_fmt=jpeg|https://mmbiz.qpic.cn/mmbiz_jpg/aOKIZ8Lo1dvaIjpcFF1j7XxPalgCuwJCB9cGjhLlxvPV8GKOnZc59D0LKQky6KUnpRwPxHFqbQI9mvibwwESLRQ/640?wx_fmt=jpeg|https://mmbiz.qpic.cn/mmbiz_gif/zEegQfJkoYW6GcHqTcUm3IbJWQgAktwjWHqkL2xv9PoWombgLLJlEqXeW0xztwF1vUO1ibadp16TMicZU2SOKqOQ/640?]]></image>
</data>
