<data>
  <id><![CDATA[50630058]]></id>
  <url><![CDATA[https://mp.weixin.qq.com/s?timestamp=1541735923&src=3&ver=1&signature=dyjd44X-NqA6myhxVsMKyJ1zXjVSF77T9L4jt8IVBU5H33y4VbRAftPFiq6IIQgJ5J*xtHb*J62K3qfWlnpfw07FY2R6Q4vD109ONnkB2ZMkkYhlcDtzdkobkznrZvfmlSU5OGDqvgyYx24PIrcnf4wjGEhnddMcC*4DH4gqOyo=]]></url>
  <title><![CDATA[重磅！调整资质承包工程范围，允许跨级别、跨专业承接工程！]]></title>
  <content><![CDATA[改版后找不到我们？三步设置“星标★”不迷路！近日江苏省住房和城乡建设厅官网发布《关于《关于调整部分建筑业企业资质承包工程范围的试行办法》公开征求意见的通告》，《办法》里明确提出：一、调整部分专业承包资质承包工程范围符合下列条件的二级专业承包资质企业可以承接一级资质相应的业务。（一）试行资质类别：电子与智能化工程专业承包、消防设施工程专业承包、防水防腐保温工程专业承包、建筑装修装饰工程专业承包、建筑幕墙工程专业承包、建筑机电安装工程专业承包、城市及道路照明工程专业承包、环保工程专业承包。二、具有施工总包资质的企业，包资质可以承接总承包资质范围内的专业承包工程（一）具有建筑工程施工总承包资质的企业，可以对总承包范围内不高于总承包资质等级的专业承包工程自行施工，不再需要具备地基基础工程、起重设备安装工程、预拌混凝土、电子与智能化工程、消防设施工程、防水防腐保温工程、模板脚手架、建筑装修装饰工程、建筑机电安装工程、建筑幕墙工程、特种工程专业承包资质；也可以将上述专业承包工程依法分包给具有相应资质的专业承包企业。（二）具有建筑工程施工总承包资质的企业，未取得上述专业承包资质的，不得承接其他施工总承包企业依法分包的专业工程或者建设单位依法发包的专业工程。三、允许部分类别的施工总包企业跨专业承接工程企业具有市政公用工程、公路工程、水利水电工程、港口与航道工程任意一项一级及以上施工总承包资质，且符合下列条件的，可以跨专业承接其他三个类别同等级资质相应的工程业务：（一）能够提供足额履约担保企业以银行担保、保证保险等方式提供合同总价20%的履约担保。（二）项目负责人具有相应业绩项目负责人作为项目经理或者项目技术负责人主持完成过拟承接类别一级资质以上标准要求的工程业绩，且该工程业绩已在国家相应的工程项目监管平台备案。文件原文：关于《关于调整部分建筑业企业资质承包工程范围的试行办法》公开征求意见的通告为适应“放管服”改革需要，促进建筑业发展，根据《省政府关于促进建筑业改革发展的意见》（苏政发〔2017〕151号），我厅起草了《关于调整部分建筑业企业资质承包工程范围的试行办法》，现公开征求意见。公开征求意见时间自本通告发布之日起至2018年11月19日，凡公民、法人和其他组织对文件草案有修改意见的，可以在截止时间之前以邮寄、传真或电子邮件方式告知我厅。邮寄地址：南京市鼓楼区草场门大街88号江苏建设大厦江苏省住房和城乡建设厅法规处。邮政编码：210036。传真号码：（025）51868565；Email:jscinlaw@126.com附件：关于调整部分建筑业企业资质承包工程范围的试行办法为适应“放管服”改革需要，促进建筑业发展，根据《省政府关于促进建筑业改革发展的意见》（苏政发〔2017〕151号），现就我省调整部分建筑业企业资质承包工程范围事宜，制定本试行办法。一、调整部分专业承包资质承包工程范围先行在不涉及建筑主体结构的部分二级专业承包资质中调整承包工程的范围。符合下列条件的二级专业承包资质企业可以承接一级资质相应的业务。（一）试行资质类别：电子与智能化工程专业承包、消防设施工程专业承包、防水防腐保温工程专业承包、建筑装修装饰工程专业承包、建筑幕墙工程专业承包、建筑机电安装工程专业承包、城市及道路照明工程专业承包、环保工程专业承包。（二）企业信誉良好自《省政府关于促进建筑业改革发展的意见》（苏政发〔2017〕151号）印发之日起无下列行为：1．因拖欠民工工资被县级以上建设行政主管部门通报的；2．因违反建筑市场相关规定被县级以上建设行政主管部门行政处罚或者限制市场准入的。（三）具有相关专业技术能力项目负责人作为项目经理或者项目技术负责人主持完成过拟承接类别一级资质以上标准要求的工程业绩，且该工程业绩已在全国建筑市场监管公共服务平台备案。（四）能够提供足额履约担保企业以银行担保、保证保险等方式提供合同总价20%的履约担保。二、具有建筑工程施工总承包资质的企业，可以承接总承包资质覆盖范围内的专业承包工程（一）具有建筑工程施工总承包资质的企业，可以对总承包范围内不高于总承包资质等级的专业承包工程自行施工，不再需要具备地基基础工程、起重设备安装工程、预拌混凝土、电子与智能化工程、消防设施工程、防水防腐保温工程、模板脚手架、建筑装修装饰工程、建筑机电安装工程、建筑幕墙工程、特种工程专业承包资质；也可以将上述专业承包工程依法分包给具有相应资质的专业承包企业。（二）具有建筑工程施工总承包资质的企业，未取得上述专业承包资质的，不得承接其他施工总承包企业依法分包的专业工程或者建设单位依法发包的专业工程。三、允许部分类别的施工总承包企业跨专业承接工程企业具有市政公用工程、公路工程、水利水电工程、港口与航道工程任意一项一级及以上施工总承包资质，且符合下列条件的，可以跨专业承接其他三个类别同等级资质相应的工程业务：（一）能够提供足额履约担保企业以银行担保、保证保险等方式提供合同总价20%的履约担保。（二）项目负责人具有相应业绩项目负责人作为项目经理或者项目技术负责人主持完成过拟承接类别一级资质以上标准要求的工程业绩，且该工程业绩已在国家相应的工程项目监管平台备案。四、其他事宜试行期间，本试行办法限于本省建筑业企业承接本省行政区域内的工程项目。本试行办法自2019年1月1日起试行。试行过程中，我厅将根据试行情况和国家工程审批制度改革资质管理制度改革的新要求，对本试行办法进行调整或者终止试行。2018年10月 日来源：江苏住建厅，建筑要闻本文系转载，文章内容仅代表作者观点，版权归原作者所有，如有侵权，请联系删除，我们会在第一时间处理。扫码关注新鲁班了解更多行业最新资讯！欢迎加入[建造阶段BIM应用] 行业交流QQ群 58485066为方便本群管理，加群请备注姓名单位MORE | 相关阅读重磅！住建部发文：监理工程师注册不再提供社保证明材料！住建部正式知下发通知，建筑企业资质申报实行资质告承诺审批重磅消息！《建设工程施工合同解释（二）》获最高院通过！建筑业新个税重大利好！月入10000元以下恭喜了，这样操作可以0个税！……]]></content>
  <author><![CDATA[新鲁班]]></author>
  <time>2018-11-02 18:11:03</time>
  <account><![CDATA[neoluban59919299]]></account>
  <image><![CDATA[https://mmbiz.qpic.cn/mmbiz_gif/zEegQfJkoYUcQehaJVRuLKn6GFmIovdKbrURr92icaXTTzM4V4CiaEkI2MMdNB5wFO5h7Jw1bLsiaOic2TJPqpbduw/640?wx_fmt=gif|https://mmbiz.qpic.cn/mmbiz_png/G9MDHma9KsOPguibsON4eKwlTC9I0ZOmdnQKXjLlURV3pB6EwAHeqiaLvH4CsP6UxS8wnYjTxEniagW32DUQhsGNg/640?wx_fmt=png|https://mmbiz.qpic.cn/mmbiz_jpg/qGOTBKEUKMyeBXFibcVkKpBOMQL9iclTgxCO2ukDYP7UyMfZ9vffrmow337D1akRuqIAsPrxhBzsLVurtqELaoAA/640?wx_fmt=jpeg|https://mmbiz.qpic.cn/mmbiz_gif/zEegQfJkoYW6GcHqTcUm3IbJWQgAktwjWHqkL2xv9PoWombgLLJlEqXeW0xztwF1vUO1ibadp16TMicZU2SOKqOQ/640?]]></image>
</data>
