<data>
  <id><![CDATA[50709793]]></id>
  <url><![CDATA[https://mp.weixin.qq.com/s?timestamp=1539596507&src=3&ver=1&signature=Egrj350GoKY8-KUcIJshb9kKPD8xdnaWmILjue1gSmkdy1xVnJMaEALPH9**WzeXH12s9FRjDODGpG0CnD49gixBbLevwQAl1Mft*-VOLDhMDJLOekb6wRDBfGxVlxDO-306Rd2TSiI6Xw*oy0dlC*DCw6EQzn7e5vitTyINzPk=]]></url>
  <title><![CDATA[又一项目拟在太原南部选址,投资10亿，占地180亩]]></title>
  <content><![CDATA[该项目拟选址小牛线与大运东路交叉口东南位置，占地180亩，总投资10亿元。10月9日上午，潇河园区配合示范区投资合作部，陪同拟入区的韩国爱德林无焰气化设备生产项目玄吉盛总裁一行赴拟选址区域现场踏勘。期间，园区向玄总裁简要介绍了产业布局、周边道路及配套设施，并强调了安全环保等进场前期工作，以及相关注意事项。该项目已通过综改区主任办公会，拟选址小牛线与大运东路交叉口东南位置，占地180亩，总投资10亿元。﻿﻿﻿﻿﻿﻿来源丨潇河政企服务编辑丨马云梅]]></content>
  <author><![CDATA[山西经济看点]]></author>
  <time>2018-10-14 11:47:40</time>
  <account><![CDATA[zhangshangshanxi]]></account>
</data>
