<data>
  <id><![CDATA[50709793]]></id>
  <url><![CDATA[https://mp.weixin.qq.com/s?timestamp=1539596507&src=3&ver=1&signature=Egrj350GoKY8-KUcIJshb9kKPD8xdnaWmILjue1gSmkdy1xVnJMaEALPH9**WzeXH12s9FRjDODGpG0CnD49ggMncw0GdLHBVzqRXWLsdWtw6ds03I0HqMRj0VVPzX7Xir9zwo5wQ4RvSUp-J-GMOa2PxACrMXeiTbFt57KiGVs=]]></url>
  <title><![CDATA[6家房企查出不合格，切勿购买！]]></title>
  <content><![CDATA[近日，山西省住房和城乡建设厅发布消息，在对房地产企业开展的2017年度资质动态考核及信用等级评价中，全省213家房地产开发企业，6家不合格。近日，省住建厅网站发布了《山西省住房和城乡建设厅关于2017年度房地产企业资质动态考核及信用等级评价结果的公示》。数据显示，省住建厅对全省共有454家房地产企业进行2017年度资质动态考核及信用等级评价考核，其中包括：213家房地产开发企业、113家房地产估价机构和129家物业服务企业。213家房地产开发企业中——有159家考核结果为合格，占比七成以上，48家为基本合格，6家为不合格，具体为：山西双明房地产开发有限公司山西郡宇房地产开发有限公司太原市华龙泰房地产开发有限公司山西华嘉盛房地产开发有限公司山西博雅都园房地产开发有限公司太原市鑫盛通房地产开发有限公司113家房地产估价机构中——96家考核结果为合格，占比七成以上，14家为基本合格，3家为不合格。具体为：大同中亚房地产估价咨询有限责任公司吕梁市吕州房地产评估事务所绛县振兴房地产评估事务所有限公司129家物业服务企业中——山西田森物业管理股份有限公司等22家企业被评定为AA级信用企业；山西虹吉物业管理有限公司等54家企业被评定A级信用企业；33家企业被评定为BBB信用企业；20家企业被评为BB级信用企业。编辑丨马云梅]]></content>
  <author><![CDATA[山西经济看点]]></author>
  <time>2018-10-06 19:56:32</time>
  <account><![CDATA[zhangshangshanxi]]></account>
</data>
