<data>
  <id><![CDATA[50709793]]></id>
  <url><![CDATA[https://mp.weixin.qq.com/s?timestamp=1539596507&src=3&ver=1&signature=Egrj350GoKY8-KUcIJshb9kKPD8xdnaWmILjue1gSmkdy1xVnJMaEALPH9**WzeXH12s9FRjDODGpG0CnD49gmKcvgYosB1z9Vtit-FKNvvGUYhPRrslb8NjHXye1vE55jkR6VIRgVriuZ32IsFBfHWJeticS*O9r*F4*LuhCkc=]]></url>
  <title><![CDATA[柳林“王凤莲”案开庭，当庭交代几十亿借贷去哪了]]></title>
  <content><![CDATA[10月8日，吕梁市中级人民法院公开审理“王凤莲等人犯集资诈骗、非法吸收公众存款罪”案件，庭上王凤莲交代了集资存款的去向。（视频浏览请点击下方原文阅读）案情回顾：王凤莲被当地人称为“王行长”根据《中国经营报》报道，山西柳林人王凤莲被当地人称为“王行长”，原因是她从事“民间融资”，而且动辄就可以融资上亿元。王凤连，柳林县薛村镇高红村人，因为从事“民间融资”，县城里的人几乎都知道她。王凤连不是银行行长，却一度调动着动辄亿元的资金，现在，她被捕了，当地盛传“比浙江的吴英厉害千万倍”。2009年“柳林特色借资”盛行因4号主焦煤储量丰富，上世纪末摘掉贫困县帽子后，柳林县大力发展煤炭产业。在2009年山西煤炭资源整合开始后，大批“煤老板”瞄准资源优势集合成多个煤炭产业集团，资产规模均以百亿元为单位。在当地群众看来，能在资源整合中胜出的煤企不会亏本。2009年的时候，王凤连所在的高红村将土地交给联盛集团建设电厂，她也放弃了早年经营的小卖部和养猪场，联合村里的人们，将电厂征地补偿款汇集起来，再出借给资金日渐紧张的企业。在煤炭市场未见颓靡的时候，高额利息能够及时到账，刺激着这个“有信誉、能长久”的民间融资产业链不断扩张，投资方向从煤炭产业发展到房地产业，甚至街头打工者也将辛苦积攒的钞票汇集起来交给放贷人，以图高息回报。柳林近100亿元高利贷崩盘据知情人透露，柳林县高利贷疯狂盛行在当地已经是家喻户晓。据不愿具名的专案组内部人士透露，柳林县经查证出来的高利贷近100亿，其中上亿的集资户就达50人以上，单是王凤莲名下报名要款的人数就有2000多人。王凤莲的家在薛村乡高红村，一座4层高的楼房，无论是从楼房的外在设计，还是透过玻璃窗看到的室内装修档次，在当地乡村地区算是高档次，而如今也早已是人去楼空。打听王凤莲的下落，当地村民都无从得知。2012年被捕2012年春夏这位“王行长”被当地警方以非法吸收公众存款而逮捕。2012年7月31日，柳林县公安局通过当地媒体发布通告，称王凤连因“非法吸收公众存款案”已被逮捕，要求所有给王凤连存款的存款人20日内到柳林县公安局巡逻防爆大队申报登记，逾期不候。来源丨中国庭审公开网、中国经营报等编辑丨马云梅]]></content>
  <author><![CDATA[山西经济看点]]></author>
  <time>2018-10-11 11:25:12</time>
  <account><![CDATA[zhangshangshanxi]]></account>
</data>
