<data>
  <id><![CDATA[50709793]]></id>
  <url><![CDATA[https://mp.weixin.qq.com/s?timestamp=1539596507&src=3&ver=1&signature=Egrj350GoKY8-KUcIJshb9kKPD8xdnaWmILjue1gSmkdy1xVnJMaEALPH9**WzeXH12s9FRjDODGpG0CnD49gt6fGq7uACTGJyizZ0QGU6imnckqQnPsHnWwKKvkjLYL59Pqy0GIEqRi3*k9Yfi3kKzBuNIcAsOGayp4WHhO2nA=]]></url>
  <title><![CDATA[投资50亿，占地1000亩，太原这个地方要建新项目]]></title>
  <content><![CDATA[近日，中国电科（山西）电子信息科技创新产业园项目奠基仪式在山西转型综改示范区潇河产业园区举行。总投资预计50亿元，占地1000亩，预计年销售收入100亿元。奠基标志着此项目进入实质性建设阶段。据悉，此项目以建设中国电科（山西）三代半导体技术创新中心、中国电科（山西）碳化硅材料产业基地、中国电科（山西）电子装备智能制造产业基地、中国电科（山西）光伏新能源产业基地，即以“一中心三基地”为蓝图。建设历程中国电科（山西）电子信息科技创新产业园建设项目是2017年5月举办的“2017央企助力山西转型综改会议暨签约仪式”上，山西省转型综改区与中央企业签署的重点合作项目之一；是我省携手央企全面推进山西省国家资源型经济综合配套改革试验区的重大战略举措。3月12日落户山西转型综改示范区3月12日，中国电科（山西）电子信息科技创新产业园项目签约仪式在山西转型综改示范区举行。示范区领导指出，示范区将以中国电科（山西）电子信息科技创新产业园项目建设为龙头，积极打造电子信息产业集群，将碳化硅产业作为示范区战略性新兴产业建设的重点，抢占碳化硅产业战略制高点，获取产业发展主动权。把山西建设成我国最大的三代半导体碳化硅衬底材料生产基地和技术引领者，全球最大的碳化硅生产基地，全球最大莫桑石材料生产基地。在转型综改区潇河产业园开工建设该项目建设由中国电子科技集团公司第二研究所（含中电科风华信息装备股份有限公司、山西中电科新能源技术有限公司）承担，在转型综改区潇河产业园区太原起步区开工建设。一期工程计划2020年完成一期工程计划从2017年开工至2020年完成，建筑面积241400平方米。其中：中国电科（山西）三代半导体技术创新中心建筑面积50000平方米；中国电科（山西）碳化硅材料产业基地建筑面积26000平方米；中国电科（山西）电子装备智能制造产业基地建筑面积122200平方米；中国电科（山西）光伏新能源产业基地建筑面积43200平方米。一期建成后，开始一所两公司整体搬迁。该项目的实施，必将对我省实施创新驱动、转型升级战略起到积极的推动作用。来源丨山西日报编辑丨马云梅]]></content>
  <author><![CDATA[山西经济看点]]></author>
  <time>2018-10-12 13:15:34</time>
  <account><![CDATA[zhangshangshanxi]]></account>
</data>
