<data>
  <id><![CDATA[50547702]]></id>
  <url><![CDATA[https://mp.weixin.qq.com/s?timestamp=1539596547&src=3&ver=1&signature=Egrj350GoKY8-KUcIJshbySkKtjet6rT8zP0o75Naszi-veAk34irP8pbStX-FpsKcSlhST0my7jkaXeIIdxTVIVEQpcpXk0GwKhQHE5cAB9se6dNXi5aOdkMr59blMOJwDD2PyvoECmTkbrlCtCJ*toC-OhumBnYenUcg-iWIo=]]></url>
  <title><![CDATA[10月1日起，这些安全生产相关标准将施行……]]></title>
  <content><![CDATA[点击上方  蓝字  可以订阅哦！QX/T 430-2018 烟花爆竹生产企业防雷技术规范QX/T 431-2017 雷电防护技术文档分类与编码QX/T 428-2018 暴雨诱发灾害风险普查规范 中小河流洪水QX/T 425-2018 系留气球升放安全规范JGJ/T 429-2018 建筑施工易发事故防治安全标准JGJ/T 414-2018 建筑施工模板和脚手架试验标准CJJ/T 281-2018 桥梁悬臂浇筑施工技术标准DL/T 5546-2018 自然通风冷却塔防腐设计导则JGJ/T 150-2018 擦窗机安装工程质量验收标准JGJ/T 427-2018 建筑装饰装修工程成品保护技术标准JGJ 450-2018 老年人照料设施建筑设计标准JGJ/T 422-2018 既有建筑地基基础检测技术标准GB/T 35995-2018 一氧化碳GB/T 36039-2018 燃气电站天然气系统安全生产管理规范CJ/T 394-2018 电磁式燃气紧急切断阀GB/T 36044-2018 核电厂安全重要电气设备鉴定规程DL/T 5547-2018 核电厂汽轮发电机组系统及布置设计规范GB/T 36041-2018 压水堆核电厂安全重要变量监测准则NB/T 31146-2018 风电机组检修提升机技术规范DL/T 5046-2018 发电厂废水治理设计规范DL/T 5544-2018 架空输电线路锚杆基础设计规程DL/T 1860-2018 自动电压控制试验技术导则NB/T 42155-2018 高原用交流40.5kV金属封闭开关设备最小安全距离DL/T 1861-2018 高过载能力配电变压器技术导则NB/T 42166-2018 配电网电压时间型馈线保护控制技术规范SN/T 5070-2018 进出口机动车儿童乘员用约束系统通用技术要求GB/T 14251-2017 罐头食品金属容器通用技术要求GB/T 36013-2018 锄草机器人安全要求GB/T 36012-2018 锄草机器人性能规范及其试验方法GB/T 36035-2018 制药机械 电气安全通用要求DZ/T 0320-2018 有色金属行业绿色矿山建设规范DZ/T 0319-2018 冶金行业绿色矿山建设规范DZ/T 0318-2018 水泥灰岩绿色矿山建设规范DZ/T 0317-2018 陆上石油天然气开采业绿色矿山建设规范DZ/T 0316-2018 砂石行业绿色矿山建设规范DZ/T 0315-2018 煤炭行业绿色矿山建设规范DZ/T 0314-2018 黄金行业绿色矿山建设规范DZ/T 0313-2018 化工行业绿色矿山建设规范DZ/T 0312-2018 非金属矿行业绿色矿山建设规范NB/T 10044-2018 煤层气田地面工程设计防火规范NB/T 10043-2018 煤层气井举升工艺设计规范NB/T 10042-2018 煤层气管理信息化数据结构规范NB/T 10041-2018 煤层气定向井井身质量控制要求CJ/T 524-2018 加臭剂浓度监测仪GB/T 13145-2018 冷藏集装箱堆场技术管理要求NB/T 47066-2018 冷凝锅炉热工性能试验方法GB/T 36018-2018 吹氧金属软管GB/T 35990-2018 压力管道用金属波纹管膨胀节GB/T 17116.1-2018 管道支吊架 第1部分：技术规范GB/T 4288-2018 家用和类似用途电动洗衣机NB/T 35119-2018 水电工程水土保持设施验收规程NB/T 42165-2018 多端线路保护技术要求GB/T 36022-2018 木家具中氨释放量试验方法NB/T 42157-2018 铅炭铅酸蓄电池通用技术规范JB/T 13357-2018 起重机械用制动电动机 能效限额JB/T 13312-2018 工业制动器 能效限额JB/T 13248-2018 压铸机能效等级及评定方法JB/T 13375-2018 液压式拼板机JB/T 9947-2018 木工销孔钻JB/T 2549-2018 铝制空气分离设备制造技术规范JB/T 8856-2018 溶解乙炔设备JB/T 5936-2018 工程机械 机械加工件通用技术条件JB/T 10750-2018 牵引车DA/T 28-2018 建设项目档案管理规范CJJ/T 279-2018 城镇桥梁沥青混凝土桥面铺装施工技术标准SN/T 0306.5-2018 出口烟花爆竹检验规程 第5部分：型式试验SN/T 0306.4-2018 出口烟花爆竹检验规程 第4部分：烟火药剂安 全性检验SN/T 0306.3-2018 出口烟花爆竹检验规程 第3部分：产品安全性检验SN/T 0306.2-2018 出口烟花爆竹检验规程 第2部分：交收检验SN/T 0306.1-2018 出口烟花爆竹检验规程 第1部分：总则SN/T 1732.22-2018 烟花爆竹用烟火药剂 第22部分：铅、铬、镉 、汞和砷的定性检测能量色散型X射线荧光光谱法SN/T 0306.6-2018 出口烟花爆竹检验规程 第6部分：运输危险性定级SN/T 1732.21-2018 烟花爆竹用烟火药剂 第21部分：铅含量的测定 火焰原子吸收光谱法SN/T 5076-2018 进出口电子烟雾化液检验规程来源 | 全国标准信息公共服务平台如果觉得不错↙↙↙就点个赞！]]></content>
  <author><![CDATA[山西省安全生产监督管理局]]></author>
  <time>2018-09-30 17:19:37</time>
  <account><![CDATA[sxsajj]]></account>
</data>
