<data>
  <id><![CDATA[50547702]]></id>
  <url><![CDATA[https://mp.weixin.qq.com/s?timestamp=1539596547&src=3&ver=1&signature=Egrj350GoKY8-KUcIJshbySkKtjet6rT8zP0o75Naszi-veAk34irP8pbStX-FpsKcSlhST0my7jkaXeIIdxTVavZFb3Rl2Pl1RVbU1Z74FKVc3JEPA25jFRyh2KuTr4mjviYsDVlNCJ-0Vj2ubpPon5nmFmhUEnHCAfhERZuqI=]]></url>
  <title><![CDATA[安全生产视频展映|微电影：我心中的爸爸]]></title>
  <content><![CDATA[点击上方  蓝字  可以订阅哦！关注【安全生产视频展映】微电影：我心中的爸爸如果觉得不错↙↙↙就点个赞！]]></content>
  <author><![CDATA[山西省安全生产监督管理局]]></author>
  <time>2018-09-19 15:12:52</time>
  <account><![CDATA[sxsajj]]></account>
</data>
