<data>
  <id><![CDATA[50547702]]></id>
  <url><![CDATA[https://mp.weixin.qq.com/s?timestamp=1539596547&src=3&ver=1&signature=Egrj350GoKY8-KUcIJshbySkKtjet6rT8zP0o75Naszi-veAk34irP8pbStX-FpsKcSlhST0my7jkaXeIIdxTSm3i5NbXuIXEqXE8wPyh4eGRiHtDDc2*PMnXVkhj8DXvsqtHX18558MLmQVNA2ekSkywo3T5zRxatQyvppInmE=]]></url>
  <title><![CDATA[省安委办通知要求：突出“两节”特点强化安全监管]]></title>
  <content><![CDATA[点击上方  蓝字  可以订阅哦！9月19日省安委办以特急明电下发文件，要求各级、各部门突出节日特点，强化安全监管。针对中秋节、国庆节（以下简称“两节”）假期时间长，群众出行和公众活动增多，人流、物流、车流集中，安全生产压力增大这一特点，省安委办要求，要加强旅游场所和景区的安全监管，节前对风险区域、游客运载工具及带有危险性的旅游项目（设备）进行一次全面排查，落实有效安全管控措施，达不到安全要求的，要坚决采取封闭、禁用或停止运营等措施；要严格控制景区客流量，强化大型群众性活动等高密度人群的安全管理，严密制定安全管控措施，合理控制、及时疏导密集人流，严防拥挤踩踏等群死群伤事故发生；要加强餐饮娱乐、大型商场超市、宾馆、医院等人员密集场所以及高层建筑、博物馆、文物建筑的消防安全检查，严肃查处“三合一”和“多合一”场所消防违法违规行为，及时整改消除火灾隐患；要深入分析研判重大活动和节日期间车流、客流形势，紧盯客车（船）、旅游车（船）、危险品运输车等重点车辆船舶，突出高速公路、国道省道以及农村山区等重点路段（水域），加大安全监管和执法力度，依法查处各类交通违法行为，严防交通运输事故发生，确保“两节”期间交通运输安全。针对“两节”期间安全生产规律特点，省安委办要求，要加大对高危行业企业和已责令关闭、停产停业企业的巡查检查力度，加强监管执法，严防节日期间违法违规生产酿成事故；对正常生产经营的企业要加强现场安全管理，强化安全风险管控和隐患排查治理,严格执行企业负责人带班作业制度，严防违规作业、违章指挥、违反劳动纪律造成事故发生。要加强“两节”期间的值班值守，严格执行领导干部在岗带班、关键岗位24小时值班和事故报告制度，确保安全生产信息及时、准确、畅通。通知明确指出，“两节”期间因责任不落实、措施不得力、监管不到位导致发生生产安全事故的，要依法严肃追责问责。省政府安委办将派出5个综合督查组在“两节”期间，对各市、省直有关部门落实节日防范措施、推进安全生产大检查情况进行突查。文│贾虎瑞 王宇如果觉得不错↙↙↙就点个赞！]]></content>
  <author><![CDATA[山西省安全生产监督管理局]]></author>
  <time>2018-09-21 16:09:22</time>
  <account><![CDATA[sxsajj]]></account>
</data>
