<data>
  <id><![CDATA[50547702]]></id>
  <url><![CDATA[https://mp.weixin.qq.com/s?timestamp=1539596547&src=3&ver=1&signature=Egrj350GoKY8-KUcIJshbySkKtjet6rT8zP0o75Naszi-veAk34irP8pbStX-FpsKcSlhST0my7jkaXeIIdxTSm3i5NbXuIXEqXE8wPyh4eyPHWzLEoMDqtVIammm7z5TMv2WusjeCLcQV6gZXW9PYgGuO7KMCB-fwU6peTx-xw=]]></url>
  <title><![CDATA[四个故事解读“四不伤害”]]></title>
  <content><![CDATA[点击上方  蓝字  可以订阅哦！来源 | EHS俱乐部如果觉得不错↙↙↙就点个赞！]]></content>
  <author><![CDATA[山西省安全生产监督管理局]]></author>
  <time>2018-09-21 16:09:22</time>
  <account><![CDATA[sxsajj]]></account>
</data>
