<data>
  <id><![CDATA[50547702]]></id>
  <url><![CDATA[https://mp.weixin.qq.com/s?timestamp=1539596547&src=3&ver=1&signature=Egrj350GoKY8-KUcIJshbySkKtjet6rT8zP0o75Naszi-veAk34irP8pbStX-FpsKcSlhST0my7jkaXeIIdxTVIVEQpcpXk0GwKhQHE5cAA2sg1J4s9lZgZAwcapgqIAEK-gErav9Cr46h6*KOYd2qv3cAezVIDbbcLxOJJVXZs=]]></url>
  <title><![CDATA[山西省政府安委办部署国庆节期间安全防范和应急值守工作]]></title>
  <content><![CDATA[点击上方  蓝字  可以订阅哦！9月30日，山西省政府安委办转发国务院安委会办公室应急管理部《关于加强国庆节期间安全防范和应急值守工作的通知》，部署我省工作，确保节日期间安全平稳。节日期间，各地区、各单位要坚决贯彻落实习近平总书记关于安全生产和防灾减灾救灾工作的重要指示精神，从践行以人民为中心发展思想的高度，深刻认识抓好节日期间安全防范工作的极端重要性，针对节日特点切实把重大安全风险和薄弱环节吃透摸准，制定狠抓落实的工作方案，细化任务分工，实化工作措施，层层压实抓安全保稳定的责任体系。要针对节日人流、车流、物流密集特点，加强重点行业领域专项治理；要严格落实领导带班、重要岗位24小时值班和信息报告制度；要加强舆情监测监控，发现舆论热点立即核实，及时主动回应社会关切，正确引导舆论，防止负面炒作，维护社会稳定。山西省政府安委办要求，要进一步加强国庆节期间安全防范工作的组织领导，紧密结合正在开展的安全生产大检查，周密安排部署，加强节日期间督查检查，确保各项安全防范责任措施落实到位，特别是要加强煤矿、旅游、交通、危险化学品、尾矿库、消防及人员密集场所等重点行业领域的安全监管工作，坚决遏制各类生产安全事故发生。要严格值班值守，认真做好应急抢险救灾救援准备工作，确保一旦发生事故或紧急情况，能够迅速有效开展应急救援和处置工作。如果觉得不错↙↙↙就点个赞！]]></content>
  <author><![CDATA[山西省安全生产监督管理局]]></author>
  <time>2018-09-30 17:19:37</time>
  <account><![CDATA[sxsajj]]></account>
</data>
