<data>
  <id><![CDATA[50547702]]></id>
  <url><![CDATA[https://mp.weixin.qq.com/s?timestamp=1539596547&src=3&ver=1&signature=Egrj350GoKY8-KUcIJshbySkKtjet6rT8zP0o75Naszi-veAk34irP8pbStX-FpsKcSlhST0my7jkaXeIIdxTYcsXSpFqzX3yVkSmHWGwuFr-saaNzAlBc6SaPHUjQ3SsqX3punIJZr8Foyxdf40smhbQwgzfSFnhU09W9xL2MA=]]></url>
  <title><![CDATA[关注|晋城市安监局推动法制宣传与监管执法有机结合]]></title>
  <content><![CDATA[点击上方  蓝字  可以订阅哦！请专家内部充电　聚众力创新宣传近年来，山西省晋城市安监局坚持普法工作与监管执法有机结合，开拓思路、强化创新，大力推动安全生产法制宣传教育与安全生产监管执法工作有机结合，收到明显效果。内部强化培训学习开展法治宣传教育的第七个五年规划以来，晋城市安监局成立了专门机构，明确了目标任务。该局将普法宣传教育经费列入局机关经费预算，年均投入50多万元。2018年，该局向上级申请专项经费105万元，组织开展了安全发展主题宣讲进基层、进企业活动，开办了专题电视栏目，开通了官方微信。在全市安监系统内部，不间断组织开展法律学习。该局利用专题学习、干部在线教育等方式，先后深入学习了《中国共产党廉洁自律准则》《安全生产法》《山西省安全生产条例》等法律法规和规章。今年，《宪法》和《中国共产党纪律处分条例》修订公布后，晋城市安监局党组迅速召开会议，组织全局干部职工进行学习。专题培训是晋城市安全监管执法人员普法教育的一种重要模式。每年他们都要定期组织专题培训班，2016年举办了4期培训班，市、县、乡三级1000余名安监执法人员参加了脱产培训；2017年市安监局与市委党校联合举办培训班，对市直部门、各县（市、区）政府新任的分管安全领导进行了一次专题培训。今年，着眼推进安全生产领域改革发展和《地方党政领导干部安全生产责任制规定》的贯彻，晋城市安监局决定，举办3期安全监管基本能力提升培训班，对市、县安全监管执法人员、市安委会各成员单位分管安全负责人进行培训。晋城市安监局聘请3名政府法律顾问，组成法律顾问专家组，为市安监局建设法治机关、推动依法治安谋划把关。直属10个单位也分别与3名法律顾问签订了聘用合同。依法行政宣传月期间，3名法律顾问还针对行政执法人员，分别举办了民法总则、行政执法、宪法专题讲座。完善执法监督方面，晋城市安监局从监管对象中聘请了50名政风行风监督员，对安监部门的行政执法情况进行监督，做到有报必批、有批必查、有查必果。2017年，他们还在市委统战部的推荐下，特聘5名符合条件的民主党派成员担任特约安全监督员。外部创新普法方式安全监管工作涉及面广，热点、难点问题多。为正确妥善处理安全生产中的各类矛盾，尽量化解矛盾、解决纠纷，晋城市安监局将普法作为保护人民群众合法权益的有效途径，大力向社会公众宣传安全生产法律法规和规章。他们将集中培训的模式引申到了重点群体——生产经营单位主要负责人和安全管理人员。截至目前，已邀请各个层面的专家，采取分专业、现场授课、集中培训考试等方式，对化工（危险化学品）、工贸、粉尘防爆、涉氨制冷、交通运输、旅游景区等行业领域企业安全管理人员2万余人进行培训，培训内容包括专业知识、《安全生产法》及相关行业的法律法规规章等。该局收集整理了一批具有代表性的典型案例和视频资料，在晋城市安监局网站开辟专栏，为安监干部和企业人员自主学习提供便利；通过“安全晋城”微信公众号平台，及时刊载安全生产法律常识、最新事故信息、各地典型经验。2017年、2018年组织的总计3个月的安全生产“每日一题”活动，参与人员累计达100余万人次。今年组织开展的安全生产百题知识竞赛活动，已吸引各地7万余人参与网上答题和纸质答题。近几年，他们还坚持“正面宣传为主，团结、稳定、鼓劲”的原则，充分利用各种载体开展了全方位、立体式的安全生产法治宣传教育。比如，在全市100个公园广场等公众活动场所设置了安全生产公益宣传展板，并定期更新内容。“安全晋城”微信公众号成为当地新媒体建设的一匹“黑马”。2018年，晋城市安监局开办了“安全晋城”微信公众号，不到3个月，粉丝数量从684人迅猛增长到22万余人，阅读量和影响力也快速提升。委托中介机构组织专家讲师深入基层一线，开展“落实企业安全生产主体责任”百家企业200场宣传活动。全国法制宣传日、安全生产月、安全生产警示教育、安全生产应急演练、“最美安全员”评选等活动开展期间，市领导发表电视讲话、登载署名文章，该局还广泛深入开展了悬挂标语、提供法律咨询、群发短信、图片展览、送法下乡等宣传活动。来源 | 中国应急管理报如果觉得不错↙↙↙就点个赞！]]></content>
  <author><![CDATA[山西省安全生产监督管理局]]></author>
  <time>2018-10-08 15:43:13</time>
  <account><![CDATA[sxsajj]]></account>
</data>
