<data>
  <id><![CDATA[50547702]]></id>
  <url><![CDATA[https://mp.weixin.qq.com/s?timestamp=1539596547&src=3&ver=1&signature=Egrj350GoKY8-KUcIJshbySkKtjet6rT8zP0o75Naszi-veAk34irP8pbStX-FpsKcSlhST0my7jkaXeIIdxTRfKn8UcSHbh6E8vgSykPcB9llVDVRnuuOIG0No-qYg4ruxPLACxyPuTJ11wvD5fMKQP5uUtZjdjNthOkFl**Uw=]]></url>
  <title><![CDATA[下达执法文书1000多份|全省非煤矿山安全生产专项整治继续推进]]></title>
  <content><![CDATA[点击上方  蓝字  可以订阅哦！今年以来，山西省安监局在全省安监系统及非煤矿山企业领域组织开展了2018年非煤矿山开展安全生产专项整治活动，时间为5月1日至10月31日共184天。截止8月底，在专项整治中，省市县三级安全监管部门，共出动242个督导检查组、安全监管人员359人（次）、安全生产专家245人（次），对416家金属非金属矿山和337座尾矿库进行了检查，查出安全隐患3869条，已整改3676条，整改率95%；对3条重大隐患进行了挂牌督办，现已整改验收完毕2条;对5起违规生产建设行为进行了严肃查处。共下达执法文书1272份，责令停产整顿企业36家，暂扣《安全生产许可证》31家，提请政府关闭22家，行政罚款262万元。据悉，今年围绕非煤矿山专项整治，山西省安监局主要做了以下工作：一是完善整治内容。通过开展打非治违、进行地质灾害治理、企业自查自纠、消除事故隐患等手段，有效防范了各类安全生产事故的发生。二是细化工作方式方法。本次专项整治紧紧围绕非煤矿山企业自查自整、县安监局全覆盖检查、市安监局重点检查、省安监局督导抽查等方式，深挖深纠事故隐患，促进了全省非煤矿山安全生产形式持续稳定好转。三是明确工作要求。通过加强组织领导、严格监督执法、扎实推进监督检查工作、及时总结报告等推进各项工作保质保量按时完成。文 | 赵珈如果觉得不错↙↙↙就点个赞！]]></content>
  <author><![CDATA[山西省安全生产监督管理局]]></author>
  <time>2018-09-26 15:28:39</time>
  <account><![CDATA[sxsajj]]></account>
</data>
