<data>
  <id><![CDATA[50547702]]></id>
  <url><![CDATA[https://mp.weixin.qq.com/s?timestamp=1539596547&src=3&ver=1&signature=Egrj350GoKY8-KUcIJshbySkKtjet6rT8zP0o75Naszi-veAk34irP8pbStX-FpsKcSlhST0my7jkaXeIIdxTV*Wy8GHynPCDvJ1oWyezJKUfxV77A1HEjQ9mnwFLoT69cPMRbk5GrmRIV6MrHrbHMEv3FwVn*ezXxhq4vyZjGE=]]></url>
  <title><![CDATA[晋中市彻底整治祁县非法加气点，目前已取缔4个，控制相关涉事人员13人]]></title>
  <content><![CDATA[点击上方  蓝字  可以订阅哦！10月10日，中央电视台《焦点访谈》曝光晋中市祁县非法加气点问题后，当晚省委和省政府主要领导即作出重要批示要求严肃查处，省住房和城乡建设厅、省安全生产监督管理局等部门派人连夜赶赴祁县指导查处工作，晋中市组织规管、住建、安监、工商、公安等相关部门连夜对非法场站、违法经营车辆等加气设施进行查封查扣，对全县汽车加气站点、加气车辆和营运企业开展全面排查。4个非法加气点，当晚已全部取缔，查封加气车4台、加气罐4个，公安机关已控制相关涉事人员13人。晋中市委已责令祁县县委、县政府向市委、市政府作出深刻检查，县长作出书面检查。晋中市纪委监委同步启动问责程序，连夜调查取证并作出处分决定：●  对祁县分管副县长给予严重警告，建议免职；●  对涉及的部门和乡镇等相关单位负责人等16人，分别给予警告、严重警告、降级、撤职、留党察看等党纪政务处分。10月11日开始，晋中在全市范围开展了非法违法加气行为专项整治工作，对108、208国道为重点的各类加气站、流动加气车进行拉网式排查，切实规范燃气市场经营秩序，打击非法违法经营行为。来源  |  晋中市人民政府网如果觉得不错↙↙↙就点个赞！]]></content>
  <author><![CDATA[山西省安全生产监督管理局]]></author>
  <time>2018-10-15 16:22:26</time>
  <account><![CDATA[sxsajj]]></account>
</data>
