<data>
  <id><![CDATA[50547702]]></id>
  <url><![CDATA[https://mp.weixin.qq.com/s?timestamp=1539596547&src=3&ver=1&signature=Egrj350GoKY8-KUcIJshbySkKtjet6rT8zP0o75Naszi-veAk34irP8pbStX-FpsKcSlhST0my7jkaXeIIdxTRfKn8UcSHbh6E8vgSykPcCOtoI**gwFDVrSZoW3kw-Psv5U-DNupz4ouAdmuu9UpBIpN2j750EKeNMBvFj61Eg=]]></url>
  <title><![CDATA[山西省优秀安全文化作品网上展播|回不去的家]]></title>
  <content><![CDATA[点击上方  蓝字  可以订阅哦！在“平安中国”微电影微动漫微视频征集活动中，经过广泛发动、认真评选，山西省安监局向应急管理部选送了9部优秀作品，均是来自全省各行业企业工作人员的精心制作。其中有3部被应急管理部评选为一等奖，3部评选为二等奖，在应急管理部网站和官方微信“安全生产视频展映”专题相继展播。从7月份开始，山西省安监局微信公众号也设置了专栏“山西省优秀安全文化作品网上展播”，先后展出了安全生产月征集的安全文化精品，以上获奖作品也同步展播。今天微信推出“山西省优秀安全文化作品网上展播”最后一期——回不去的家。请以此为戒，警钟长鸣，护佑安全永远从零开始。【安全生产视频展映】微电影：回不去的家附件全国第三届平安中国微电影微视频微动漫比赛参赛作品名单上报单位：山西省安监局序号类型作品名称制作单位备注1微电影回不去的家山西运城市安监局应急管理部二等奖2微电影我心中的爸爸中车集团大同电力机车有限公司应急管理部二等奖3微电影悔恨中条山集团北方铜业铜矿峪矿应急管理部一等奖4微电影戒酒汾西矿业集团贺西煤矿应急管理部一等奖5微视频平安 守护梦想 照亮人生大同煤矿集团电视台应急管理部一等奖6微视频沙画 安全比天还大大同煤矿集团电视台7微视频杜绝三违晋中市安全生产宣教中心8微动漫自救互救知识教育片霍州煤电集团凯硕文化传媒公司应急管理部二等奖9微动漫安全宣传片山西朔州乾翼国际影城如果觉得不错↙↙↙就点个赞！]]></content>
  <author><![CDATA[山西省安全生产监督管理局]]></author>
  <time>2018-09-26 15:28:39</time>
  <account><![CDATA[sxsajj]]></account>
</data>
