<data>
  <id><![CDATA[50547702]]></id>
  <url><![CDATA[https://mp.weixin.qq.com/s?timestamp=1539596547&src=3&ver=1&signature=Egrj350GoKY8-KUcIJshbySkKtjet6rT8zP0o75Naszi-veAk34irP8pbStX-FpsKcSlhST0my7jkaXeIIdxTSm3i5NbXuIXEqXE8wPyh4f5y4lMMdpmsQjG199AoRASbhb8wWZ1ff6G*BwI4RXPfPAwZKr8U-qDxW0V227NWes=]]></url>
  <title><![CDATA[【扫黑除恶】省、市安监部门公布涉黑涉恶线索举报电话]]></title>
  <content><![CDATA[点击上方  蓝字  可以订阅哦！省安监局举报电话：0351-6819318；举报邮箱：sxaj1234@163.com太原市安监局举报电话：0351—7240058/3112350/7232133；举报邮箱：tysajjshb@163.com大同市安监局举报电话：0352—5193233；举报邮箱：dtsajjshcebgs@163.com朔州市安监局举报电话：0349—2220029；举报邮箱：850789809@qq.com忻州市安监局举报电话：0350—3021160；举报邮箱：xzsajjbgs@126.com晋中市安监局举报电话：0354—3036082/3026361；举报邮箱：jzsajjshb@126.com阳泉市安监局举报电话：0353—5615587；举报邮箱：yqmbzx@163.com吕梁市安监局举报电话：0358—12350举报邮箱：llajshb@163.com长治市安监局举报电话：0355—3080026；举报邮箱：czsajjshb@163.com晋城市安监局举报电话：0356—2212982；传真：0356—2212731；举报邮箱：ajj609@163.com临汾市安监局举报电话：0357—3366296；举报邮箱：lfajjgyk6296@163.com运城市安监局举报电话：0359—2092049；举报邮箱：ycajshb@126.com如果觉得不错↙↙↙就点个赞！]]></content>
  <author><![CDATA[山西省安全生产监督管理局]]></author>
  <time>2018-09-21 16:09:22</time>
  <account><![CDATA[sxsajj]]></account>
</data>
