<data>
  <id><![CDATA[50547702]]></id>
  <url><![CDATA[https://mp.weixin.qq.com/s?timestamp=1539596547&src=3&ver=1&signature=Egrj350GoKY8-KUcIJshbySkKtjet6rT8zP0o75Naszi-veAk34irP8pbStX-FpsKcSlhST0my7jkaXeIIdxTSm3i5NbXuIXEqXE8wPyh4d-YyLscSQnwhsfW6dSpZbmRoD1S9PJXu2W3hxMRUjj3GoiXLdh-8q9yduF4kbNwyw=]]></url>
  <title><![CDATA[大同市召开安监系统扫黑除恶专项斗争工作推进暨培训视频会]]></title>
  <content><![CDATA[点击上方  蓝字  可以订阅哦！近日，大同市安监局组织召开了全市安监系统扫黑除恶专项斗争工作推进暨培训视频会议。会议传达了中央扫黑除恶第2督导组第二下沉组汇报会精神，对全市安监系统扫黑除恶专项斗争工作进行再动员、再部署。会议指出，当前安监系统扫黑除恶斗争已经全面铺开，各级各部门做了大量的工作，但也要看到，还有部分干部，认识不够高，站位不够高，积极性不够高；个别单位工作力度不足，取得成效不明显，涉黑涉恶线索摸排工作有待提高。会议强调，开展扫黑除恶专项斗争，事关社会稳定和国家长治久安，事关人心向背和基层政权巩固，事关进行伟大斗争、建设伟大工程、推进伟大事业、实现伟大梦想，事关决胜全面建设小康社会的伟大胜利。因此，全市安监干部特别是各级领导干部，一定要进一步提高政治站位，切实增强“四个意识”，充分认识开展扫黑除恶专项斗争的政治意义、现实意义和历史意义，切实把思想和行动统一到党中央的正确部署上来，坚决克服政治站位不高、思想认识不深、政治自觉不够、政治担当不强的问题，按照市委、市政府的要求，科学谋划、精心组织、周密实施，以决胜的精神状态和顽强的工作韧劲，坚决完成好这项重大政治任务，坚决打赢扫黑除恶专项斗争这场攻坚战，为我市在实现“两转”基础上全面拓展新局面创造良好社会环境。会议要求，按照边督边改的要求，从工作实际出发，全面推进安监系统扫黑除恶专项斗争各项工作。进一步明确职责任务，细化责任分工；开展逐级谈话，压实“第一责任”；强化工作力量，扎实开展工作；加强教育培训，提高思想认识和工作能力；加强线索摸排，逐项建立台账；强化日常监管，消除治理盲区；制定整改方案，压实整改责任；开展专项行动，铲除滋生土壤；加强督导检查，确保收到实效。扫黑除恶工作是当前及今后一段时期的一项重要工作，全系统各单位一定要站在政治的高度，扎扎实实抓好这一工作，完成好市委、市政府下达的各项工作任务。局扫黑除恶专项斗争领导小组将定期听取各科室、基层各单位和各县区工作进展情况和整改工作情况，及时研究解决工作中出现的新情况、新问题，确保全系统扫黑除恶专项斗争工作扎实推进。会议特别强调，近期各单位要集中精力落实好中央第2督导组第二下沉组提出的四个方面问题的整改工作，对重视不够、行动迟缓，不能及时出台整改方案，落实整改要求的，要在全系统通报批评、约谈主要领导；对措施不硬、工作不力，不能如期完成任务的，要严肃追究主要责任人和相关责任人的现任；对等待观望、推逶扯皮、消极应付甚至被督导组通报批评的，要按规定严肃处理。会后还组织主会场、各分会场共350余名参会人员开展了扫黑除恶专项斗争应学应知知识培训，并进行了闭卷考试。来源│大同安监如果觉得不错↙↙↙就点个赞！]]></content>
  <author><![CDATA[山西省安全生产监督管理局]]></author>
  <time>2018-09-21 16:09:22</time>
  <account><![CDATA[sxsajj]]></account>
</data>
