<data>
  <id><![CDATA[50547702]]></id>
  <url><![CDATA[https://mp.weixin.qq.com/s?timestamp=1539596547&src=3&ver=1&signature=Egrj350GoKY8-KUcIJshbySkKtjet6rT8zP0o75Naszi-veAk34irP8pbStX-FpsKcSlhST0my7jkaXeIIdxTV*Wy8GHynPCDvJ1oWyezJKPs2FE1LgpMib5Z5EdNW6Rr-K5-2G9EjI62ttAW*VdiaytTJY-T-GKS7fL8Roiw3I=]]></url>
  <title><![CDATA[我省实行安全生产行政执法公示制度]]></title>
  <content><![CDATA[点击上方  蓝字  可以订阅哦！日前，省安监局印发《安全生产行政执法公示制度（试行）》，要求县级以上各级人民政府安全生产监督管理部门（以下简称“安全监管部门”）按照“谁执法、谁提供、谁负责”的原则，公示安全生产行政执法事前、事中、事后的有关内容。行政执法事前要将执法主体、执法依据、执法权限、执法程序、随机抽查事项清单、监督方式6项内容进行公示。事中公示要求，安全生产行政执法人员在进行监督检查、调查取证、告知送达等执法活动时，要佩戴或出示执法证件，出具执法文书，告知行政相对人执法事由、执法依据、权利义务等内容，并做好说明解释工作；安全监管部门在门户网站等公示安全生产行政许可事项清单、法定依据、实施机构、办件类型、服务对象、法定时限、承诺时限、数量限制、结果名称、受理条件及依据、办理流程及环节和需要申请人提交申报材料的名称清单、申请书文本式样、投诉渠道、办公地址、办公电话、状态查询等。在安全监管部门服务窗口公示行政审批服务指南等。行政执法事后要将行政许可、行政处罚、行政强制、行政检查4项内容进行公示。公示载体包括网络平台和办公场所，主要通过安全监管部门门户网站以及在安全监管部门服务窗口等公示安全生产行政执法相关内容。文 │ 贾虎瑞 王宇安全生产行政执法公示制度（试行）第一章  总  则第一条  为严格依法行政，提高安全生产行政执法的透明度，切实保护公民、法人和其他组织的合法权益，接受社会监督，根据《中华人民共和国行政处罚法》《中华人民共和国行政许可法》《中华人民共和国行政强制法》《中华人民共和国政府信息公开条例》等法律法规规章的规定，结合安全生产工作实际，制定本制度。第二条  山西省县级以上各级人民政府安全生产监督管理部门（以下简称“安全监管部门”）行政执法公示，适用本制度。第三条  安全监管部门通过门户网站、服务窗口等载体，依法向社会公开执法主体、人员、职责、权限、依据、程序、结果、监督方式等行政执法信息，主动接受社会监督。第四条  按照《山西省人民政府法制办公室关于推行行政执法公示制度执法全过程记录制度重大执法决定法制审核制度的通知》（晋政法字〔2017〕84号）要求，在行政许可、行政处罚、行政强制、行政检查等行政执法行为中推行行政执法公示制度。第五条  安全生产行政执法公示坚持主动、全面、准确、及时、便民的原则。第二章  公示内容第一节 事前公开内容第六条  行政执法事前公开内容包括：（一）执法主体。公开安全监管部门的内设机构职责分工、权力清单、责任清单以及执法人员清单等。（二）执法依据。公开安全生产行政执法所依据的法律、法规、规章和行政处罚自由裁量权基准以及年度监督检查计划和各级政府和部门安排的检查等。（三）执法权限。公开安全监管部门行政许可、行政处罚、行政强制、行政检查等职权范围。（四）执法程序。公开安全生产行政执法的具体程序，包括方式、步骤和时限等。（五）随机抽查事项清单。公开安全监管部门随机抽查事项，明确抽查依据、内容、方式、适用对象等。（六）监督方式。公布安全监管部门执法监督电话、电子邮箱及通信地址。第二节 事中公示内容第七条  安全生产行政执法人员在进行监督检查、调查取证、告知送达等执法活动时，要佩戴或出示执法证件，出具执法文书，告知行政相对人执法事由、执法依据、权利义务等内容，并做好说明解释工作。第八条  安全监管部门在门户网站等公示安全生产行政许可事项清单、法定依据、实施机构、办件类型、服务对象、法定时限、承诺时限、数量限制、结果名称、受理条件及依据、办理流程及环节和需要申请人提交申报材料的名称清单、申请书文本式样、投诉渠道、办公地址、办公电话、状态查询等。在安全监管部门服务窗口公示行政审批服务指南等。第三节 事后公开内容第九条  安全生产行政执法事后公开内容包括：（一）行政许可。行政许可单位名称、许可类别、许可项目、许可时间、有效期限等。（二）行政处罚。行政执法机关、处罚相对人、违法事实及证据、处罚依据、行政处罚决定等。（三）行政强制。行政强制的执行机关、强制措施决定、执行结果等。（四）行政检查。行政检查对象、检查依据、检查时间、抽查内容、存在问题、采取的处理措施等。第十条  安全生产行政执法决定和结果，有下列情形之一的，不予公开：（一）主要事实涉及国家秘密、商业秘密、个人隐私的；（二）公开后可能危及国家安全、公共安全、经济安全和社会稳定的；（三）国家和省人民政府及其主管部门认为不适宜公开的其他行政执法决定（结果）信息。（四）法律、法规、规章规定不予公开的情形。安全生产行政执法决定和结果，除上述情形不予公开外，应当一律予以公开。第三章  公示载体第十一条  安全生产行政执法相关内容公示载体包括：（一）网络平台。主要通过安全监管部门门户网站等公示事前、事中、事后公示内容。（二）办公场所。在安全监管部门服务窗口等公示安全生产行政执法相关内容。第四章  公示要求第十二条  按照“谁执法、谁提供、谁负责”的原则，具有行政执法职能的机构（单位）按照职责分工负责公示事前、事中、事后的有关内容。第十三条  安全生产行政执法事后公开程序包括：（一）公开时限。安全生产行政执法决定和结果，由承办机构（单位）在信息形成或者变更之日起20个工作日内公开。（二）公开期限。安全生产行政执法结果在安全监管部门门户网站等公开满3年的，经承办机构（单位）主要负责人审核批准后，及时从公示载体上撤下。原行政许可、行政处罚、行政强制决定被依法撤销、变更或解除的，及时更新更正公开的行政执法决定信息，并作出必要的说明。第十四条　对行政相对人所反映公示的安全生产行政执法信息有疑问或建议的，由承办机构（单位）及时核实更正，并以适当的方式予以答复。如果觉得不错↙↙↙就点个赞！]]></content>
  <author><![CDATA[山西省安全生产监督管理局]]></author>
  <time>2018-10-15 16:22:26</time>
  <account><![CDATA[sxsajj]]></account>
</data>
