<data>
  <id><![CDATA[50547702]]></id>
  <url><![CDATA[https://mp.weixin.qq.com/s?timestamp=1539596547&src=3&ver=1&signature=Egrj350GoKY8-KUcIJshbySkKtjet6rT8zP0o75Naszi-veAk34irP8pbStX-FpsKcSlhST0my7jkaXeIIdxTQ*X2gzZDSfvdI6j2zCsegqYmbj6NYbZzweeM1bOL2IcaLeS2*EwL4Zd7mFsxsA*cNG63ucrvfw5HW6*Pva6Q0U=]]></url>
  <title><![CDATA[我省安排部署严厉打击取缔黑加油站点专项行动]]></title>
  <content><![CDATA[点击上方  蓝字  可以订阅哦！10月10日，全省严厉打击取缔黑加油站点专项行动工作电视电话会在并召开。副省长王一新、刘新云出席会议并讲话。本次专项行动由省商务厅牵头，在全省开展扫黑除恶专项斗争、柴油货车和散装物料车污染治理联合执法专项行动的基础上，以城乡接合部、国省公路沿线、成品油经营网点集中地为重点区域，以成品油运输、批发、零售为重点环节，以非法经营、非法储存、非法运输为重点打击对象，严厉打击取缔黑加油站点。专项行动分两个阶段执行：10月11日至10月17日，对已排摸的黑加油站、黑加油窝点、黑加油车线索进行全面核查、集中打击，一周时间内全部清零，彻底取缔。10月17日至12月15日，在完成清零工作基础上，深入进行全覆盖、无死角的排查工作，对摸排发现的案件线索及时处置，加大对已取缔站点的跟踪检查，防止死灰复燃。同时，全省各有关部门将建立起信息通报、举报响应、联合执法、案件移送、宣传发动等长效联动工作机制，省、市、县、乡签订责任书和承诺书，严肃问责追责，彻底取缔黑加油站点。下一步，我省将进一步优化加油站点布局，改进加油站点供应服务，对偏远地区和农忙、防汛等农村用油高峰期，油品供应企业采取定点配送、流动加油措施，保障用油需求。来源 | 山西省政府网站如果觉得不错↙↙↙就点个赞！]]></content>
  <author><![CDATA[山西省安全生产监督管理局]]></author>
  <time>2018-10-12 16:51:53</time>
  <account><![CDATA[sxsajj]]></account>
</data>
