<data>
  <id><![CDATA[50547702]]></id>
  <url><![CDATA[https://mp.weixin.qq.com/s?timestamp=1539596547&src=3&ver=1&signature=Egrj350GoKY8-KUcIJshbySkKtjet6rT8zP0o75Naszi-veAk34irP8pbStX-FpsKcSlhST0my7jkaXeIIdxTdsFDu6rEH75bGMA9pfZQ07yYDD2*qpJBNMGnRlA9iFHWHtsNT4IRq0LkFfhoWInOKmtuzdoFlM-2vnz5ll2Qx8=]]></url>
  <title><![CDATA[你家电动车有存放的地儿吗？太原积极探索电动自行车长效化管理机制]]></title>
  <content><![CDATA[点击上方  蓝字  可以订阅哦！近日，随着对电动自行车基础数据进行摸底统计完成，和全市电动自行车消防安全综合治理联络人落实等基础性工作的顺利进行，太原市将加快出台《电动自行车存放充电标准》，探索电动自行车消防安全管理新途径和新方法，建立健全电动自行车消防安全长效机制。为有效遏制电动自行车火灾高发势头，全面确保太原市安全生产形势持续稳定，太原市大力推进全市电动自行车消防安全综合治理工作，不仅全面排除整治电动自行车产品质量、维修改装和使用管理等方面存在的问题，严厉打击违法生产、销售假冒伪劣、不合格电动自行车行为，大力规范维修改装行为，而且将重点推动建设一批集中停放场所及充电设备，强化日常消防管理，广泛开展消防宣传教育，实现电动自行车产品质量明显提升、电动自行车使用管理明显规范、电动自行车亡人火灾事故明显减少的目的。作为惠及千家万户的民生工程，太原市委、市政府高度重视，要求各县（市、区）、综改示范区、不锈钢园区也要成立相应专门工作机构，明确各有关监管部门和行业管理部门的具体工作职责，实施本行政区综合治理，因地制宜细化制定操作性强的综合治理实施方案，分行业、分领域组织开展综合治理。据了解，太原电动自行车专项整治行动分别为动员部署、集中整治和总结评估三个阶段。目前，全市正处于集中整治期间。市安委办要求电动车专项整治要将严把五个关口：一是把好摸排关，由属地政府、街办、社区分别负责，全面摸排。二是把好源头关，由工商、质监加大执法力度，坚决整治不合格电池产品、流通厂家和商家。三是把好管控关，实行规划先行、房地指导和物业推动，做到管控有序。四是把好科技关，实行社会参与、政策支持，实行科技保安。五是把好宣传关，努力形成电视里有影、广播里有声、报纸上有字、小区内有警示的立体化宣传局面。市安委办指出，要通过努力，在全市将形成“政府主导、部门协同、单位主体或物业负责、社会参与”的良性整治工作机制，实现长效化和常态化管理，为人民生命财产安全保驾护航。来源 | 太原市安监局如果觉得不错↙↙↙就点个赞！]]></content>
  <author><![CDATA[山西省安全生产监督管理局]]></author>
  <time>2018-09-28 17:38:19</time>
  <account><![CDATA[sxsajj]]></account>
</data>
