<data>
  <id><![CDATA[50547702]]></id>
  <url><![CDATA[https://mp.weixin.qq.com/s?timestamp=1539596547&src=3&ver=1&signature=Egrj350GoKY8-KUcIJshbySkKtjet6rT8zP0o75Naszi-veAk34irP8pbStX-FpsKcSlhST0my7jkaXeIIdxTYcsXSpFqzX3yVkSmHWGwuGe35b6VeSOT6uFIunsWc80JKvmtKnuAlYc84czlbJ4x3R5rFa*F8c5wled5sj7H1o=]]></url>
  <title><![CDATA[节日期间副省长贺天才在晋中检查安全生产]]></title>
  <content><![CDATA[点击上方  蓝字  可以订阅哦！10月5日，副省长贺天才赴晋中市进行安全生产检查。他深入阳煤集团寿阳化工有限责任公司、山西新元煤炭有限责任公司等企业生产车间、矿井一线，实地检查调研安全生产责任制和安全生产措施落实情况，并对节日期间在岗职工表示慰问。贺天才强调，要牢固树立安全发展理念，切实抓好安全生产，坚决杜绝重特大安全生产事故。他指出，各级政府要严格落实安全生产监管责任，强化监督检查力度，努力提高安全风险防控和隐患排查治理水平。生产企业要不折不扣履行安全生产主体责任，把安全生产的各项制度和要求落实到生产经营的每个环节；要全面加强“三基”建设，落实基层责任、强化基础能力、提升基本素质，坚决筑牢安全生产防线；要坚决打击煤矿超能力生产，加大检查力度，严肃追究责任，确保煤炭企业安全生产。来源 | 山西省人民政府办公厅如果觉得不错↙↙↙就点个赞！]]></content>
  <author><![CDATA[山西省安全生产监督管理局]]></author>
  <time>2018-10-08 15:43:13</time>
  <account><![CDATA[sxsajj]]></account>
</data>
