<data>
  <id><![CDATA[50547702]]></id>
  <url><![CDATA[https://mp.weixin.qq.com/s?timestamp=1539596547&src=3&ver=1&signature=Egrj350GoKY8-KUcIJshbySkKtjet6rT8zP0o75Naszi-veAk34irP8pbStX-FpsKcSlhST0my7jkaXeIIdxTYcsXSpFqzX3yVkSmHWGwuHhFBJnNi5JGe74CK*sUnKm7SJD5nmACrkD5wUusZwHussRQOCI8WKBgleGzMf0Kk8=]]></url>
  <title><![CDATA[分享|双重预防机制十问答]]></title>
  <content><![CDATA[点击上方  蓝字  可以订阅哦！近年来发生的重特大事故暴露出当前安全生产领域“认不清、想不到”的问题突出。针对这种情况，对易发生重特大事故的行业领域，要将安全风险逐一建档入账，采取风险分级管控、隐患排查治理双重预防性工作机制，把新情况和想不到的问题都想到。构建双重预防机制就是针对安全生产领域“认不清、想不到”的突出问题，强调安全生产的关口前移，从隐患排查治理前移到安全风险管控。1双重预防机制的基本工作思路是什么？通俗说，双重预防机制就是构筑防范生产安全事故的两道防火墙。第一道是管风险，以安全风险辨识和管控为基础，从源头上系统辨识风险、分级管控风险，努力把各类风险控制在可接受范围内，杜绝和减少事故隐患；第二道是治隐患，以隐患排查和治理为手段，认真排查风险管控过程中出现的缺失、漏洞和风险控制失效环节，坚决把隐患消灭在事故发生之前。可以说，安全风险管控到位就不会形成事故隐患，隐患一经发现及时治理就不可能酿成事故，要通过双重预防的工作机制，切实把每一类风险都控制在可接受范围内，把每一个隐患都治理在形成之初，把每一起事故都消灭在萌芽状态。2构建双重预防机制要把握哪几个原则？一要坚持风险优先原则。以风险管控为主线，把全面辨识评估风险和严格管控风险作为安全生产的第一道防线，切实解决“认不清、想不到”的突出问题。二要坚持系统性原则。从人、机、环、管四个方面，从风险管控和隐患治理两道防线，从企业生产经营全流程、生命周期全过程开展工作，努力把风险管控挺在隐患之前、把隐患排查治理挺在事故之前。三要坚持全员参与原则。将双重预防机制建设各项工作责任分解落实到企业的各层级领导、各业务部门和每个具体工作岗位，确保责任明确。四要坚持持续改进原则。持续进行风险分级管控与更新完善，持续开展隐患排查治理，实现双重预防机制不断深入、深化，促使机制建设水平不断提升。3隐患排查治理和风险分级管控是什么关系？两者是相辅相成、相互促进的关系。安全风险分级管控是隐患排查治理的前提和基础，通过强化安全风险分级管控，从源头上消除、降低或控制相关风险，进而降低事故发生的可能性和后果的严重性。隐患排查治理是安全风险分级管控的强化与深入，通过隐患排查治理工作，查找风险管控措施的失效、缺陷或不足，采取措施予以整改，同时，分析、验证各类危险有害因素辨识评估的完整性和准确性，进而完善风险分级管控措施，减少或杜绝事故发生的可能性。安全风险分级管控和隐患排查治理共同构建起预防事故发生的双重机制，构成两道保护屏障，有效遏制重特大事故的发生。4很多企业都建立了安全生产标准化体系，一些企业还有职业安全健康管理体系，是不是还要另起炉灶再搞一套双重预防机制？无论是安全生产标准化体系、职业安全健康管理体系，还是企业建立的其他风险管理体系，其本质核心都是围绕风险的管理系统。双重预防机制的核心也是基于风险管理的思想和要求，但它强调的是方法论，没有设计一套形式化的文件，企业现有的安全生产标准化体系或职业安全健康管理体系本身就是控制风险、预防事故的有效管理方法，它们就是双重预防机制的一部分。双重预防机制以问题为导向，抓住了风险管控这个核心；以目标为导向，强化了隐患排查治理。这与国家安全监管总局以往部署的工作是一脉相承的，是一个有机统一的整体，因此，双重预防机制建设不是另起炉灶、另搞一套。各地、各企业要在以往工作的基础上，通过全面辨识风险，夯实标准化工作基础；通过风险分级管控，消除或减少隐患；通过强化隐患排查治理，降低事故发生风险；通过标准化体系规范运行，促进双重预防机制有效实施。5安全风险和事故隐患是一回事吗？安全风险来源于可能导致人员伤亡或财产损失的危险源或各种危险有害因素，是事故发生的可能性和后果严重性的组合，而事故隐患是风险管控失效后形成的缺陷或漏洞，两者是完全不同的概念。安全风险具有客观存在性和可认知性，要强调固有风险，采取管控措施降低风险；事故隐患主要来源于风险管控的薄弱环节，要强调过程管理，通过全面排查发现隐患，通过及时治理消除隐患。但两者也有关联，事故隐患来源于安全风险的管控失效或弱化，安全风险得到有效管控就会不出现或少出现隐患。6风险辨识与隐患排查是同一项工作吗？风险辨识与隐患排查的工作主体都要求全员参与，工作对象都要涵盖人、机、环、管各个方面，但风险辨识侧重于认知固有风险，而隐患排查侧重于各项措施生命周期过程管理。风险辨识要定期开展，在工艺技术、设备设施以及组织管理机构发生变化时要开展；而隐患排查则要求全时段、全天候开展，随时发现技术措施、管理措施的漏洞和薄弱环节。7安全风险辨识要注意什么问题？企业安全风险辨识要突出全员参与的原则，辨识要覆盖所有的工艺流程、设备设施和作业场所，全面剖析各生产系统，并通过隐患排查治理持续改进辨识工作。辨识时要充分考虑分析“三种时态”和“三种状态”下的危险有害因素，分析危害出现的条件和可能发生的事故或故障模型。城市安全风险辨识要针对城市风险特性，紧紧围绕遏制重特大事故，突出重点地区、重点行业和重点企业，高度关注城市公共场所和公共设施，重点依托网格化的城市管理系统，从点、线、面三条主线全面分析识别城市安全工作中的突出问题和薄弱环节。8企业开展安全风险评估管控中常见的问题有哪些？一些企业往往将风险辨识评估任务直接分配到某个或几个部门，由部门的几名员工各自辨识本部门存在的风险，然后将风险辨识结果进行简单汇总形成安全风险辨识评估报告，没有体现全员参与，没有做到全覆盖。一些企业在风险辨识评估过程中，选取的辨识范围过于狭窄，没有覆盖全流程、全区域。有的片面理解安全生产风险管理就是预防和控制人身伤害事故，而对设备事故、自然灾害引发的事故等其他事故类型的风险辨识评估不充分、不全面，甚至没有开展风险辨识评估。一些企业因风险辨识不深入，导致制定的风险管控措施没有针对性，工作职责得不到落实，安全风险分级管控难以发挥作用。9双重预防机制信息化建设要注意什么问题？双重预防机制建设既产生又依赖大量安全生产数据，要克服纸面化可能带来的形式化和静态化，利用信息化手段保障双重预防机制建设显得尤为重要。要利用信息化手段将安全风险清单和事故隐患清单电子化，建立并及时更新安全风险和事故隐患数据库；要绘制安全风险分布电子图，并将重大风险监测监控数据接入信息化平台，充分发挥信息系统自动化分析和智能化预警的作用。要充分利用已有的安全生产管理信息系统和网络综合平台，尽量实现风险管控和隐患排查信息化的融合，通过一体化管理避免信息孤岛，提升工作效率和运行效果。10一些中小企业员工不多、技术力量不足，构建双重预防机制有没有简便方法？双重预防机制建设不是一项任务，也不是阶段性的工作，而是建立企业控制风险、防范事故的长效机制，方法没有复杂与简便之分，只有适用和不适用的差别。一些中小企业员工不多、技术力量不足，怎么办？企业要强化全员培训，让全体员工都接受并自觉践行风险优先的理念，学习风险管理的基本知识，掌握风险辨识和隐患排查的基本方法。可以聘请专家开展首次风险辨识，并制定符合企业实际的、简单实用的风险辨识和隐患排查制度，通过岗位风险告知卡、隐患排查清单等简便措施，确保每一个员工能理解、会上手、有任务。要学会抓住主要矛盾，对本企业存在的高风险制定管控措施、落实管控责任。中小企业切忌走入花钱请第三方服务机构制定一大堆文件后束之高阁的歧途，提倡用简单的制度、明确的职责管控本企业的高风险，排查并治理本企业的大隐患，有效防范伤亡事故发生。来源 | 浙江安监如果觉得不错↙↙↙就点个赞！]]></content>
  <author><![CDATA[山西省安全生产监督管理局]]></author>
  <time>2018-10-08 15:43:13</time>
  <account><![CDATA[sxsajj]]></account>
</data>
