<data>
  <id><![CDATA[50547702]]></id>
  <url><![CDATA[https://mp.weixin.qq.com/s?timestamp=1539596547&src=3&ver=1&signature=Egrj350GoKY8-KUcIJshbySkKtjet6rT8zP0o75Naszi-veAk34irP8pbStX-FpsKcSlhST0my7jkaXeIIdxTQ*X2gzZDSfvdI6j2zCsegoYIcN2B2AymyOBu*iBigzQl81lfrVVk6Vkfj0veRJzUyN58hRNdRUPMlHIdrJTeeI=]]></url>
  <title><![CDATA[注意|秋冬季干燥，加油站必须多一个动作]]></title>
  <content><![CDATA[点击上方  蓝字  可以订阅哦！寒露之后，秋意渐浓冷空气终于给安排上了而秋冬季节，天干物燥人体静电又开始躁动起来而这个噼里啪啦的家伙如果出现在加油站加油的时候那后果简直就是场灾难！据央视新闻报道2015年12月27日西安某加油站一名司机在油箱口进行查看时油箱口窜出了火苗火势很快蔓延到了后箱最后整车都烧了起来司机也成了火人这样的事情每年秋冬季节时有发生为什么加油时会突发大火？我们以上面的动态图1来分析只因加油时没有导出静电结果引火上身、造成悲剧平时静电君噼里啪啦就算了加油时一定要让它消停下来！那要怎么导出静电呢？1.如果自助加油，怎么导出静电？其实，自助加油机本身就有释放静电的装置哒~自助加油机上有个输入信息的键盘，它是金属材质并且直接与地相接触，车主在加油前输入自己的加油信息时就已将身上所携带的静电释放出去。这也是为什么视频中的女车主在第一次加油时火灾不会发生的原因，她在加油前通过输出加油信息进行了放电。另外，部分自主加油机上还有一个圆形的静电释放器，车主只需要在加油前用手触摸即可释放静电，上面也有提醒信息。2、没有自助加油，怎么导静电？如果我们身边并没有加油机那个金属键盘或者静电释放器，我们可以通过以下办法。通过洗手、或者将手在墙壁上抹一下以消除静电，如果身边没有水源或者墙壁，那么大家可以把自己双手贴合车身来消除静电，因为一般而言车身表面都是金属性质的。秋冬季节，各位新司机老司机在加油时一定要记得导出静电哦！掌握多点知识说不定关键时刻可以保命点ZAN，并转给更多人吧来源 | 姑苏晚报如果觉得不错↙↙↙就点个赞！]]></content>
  <author><![CDATA[山西省安全生产监督管理局]]></author>
  <time>2018-10-12 16:51:53</time>
  <account><![CDATA[sxsajj]]></account>
</data>
