<data>
  <id><![CDATA[50547702]]></id>
  <url><![CDATA[https://mp.weixin.qq.com/s?timestamp=1539596547&src=3&ver=1&signature=Egrj350GoKY8-KUcIJshbySkKtjet6rT8zP0o75Naszi-veAk34irP8pbStX-FpsKcSlhST0my7jkaXeIIdxTVavZFb3Rl2Pl1RVbU1Z74GRAdVLtzeUPCN10X-0Vadm76Gva2lqmxSe7Djl3S5O2exlj1d-Q9QrLMLmBTbDF5M=]]></url>
  <title><![CDATA[秋天来了，安全生产工作千万别“打盹儿”]]></title>
  <content><![CDATA[点击上方  蓝字  可以订阅哦！随着冷空气的到来各地开始降温有了些许秋意不冷不热，气候非常舒适也是因为这样的原因人们偶尔会觉得困乏，倦怠这也就是俗话说的“秋乏”在秋季安全生产工作中如果因“秋乏”而精神萎靡必将给安全生产带来影响极易导致安全生产事故的发生小编今天就给大家整理了几条秋季安全生产工作的注意事项大家注意防范呦加强设施设备管理秋季温差大，设备和金属构件容易发生锈蚀、扭曲、破裂，将会直接导致泄漏和爆炸事故，因此设施设备的检查、维护、保养工作尤为重要。工作中要坚持“专人专管、定时检修、良好运转、保证安全”的方针，加大设备隐患排查力度，发现隐患后及时整改，使设备管理工作落到实处，真正保障设备的本质安全。预防静电危害秋季雨量减少，设备设施易产生静电而引发火灾、爆炸事故。因此企业要做好设施设备接地线路的检测和监控工作，避免产生静电或加速静电的释放，防止因静电而引发事故，造成人员受伤、财产损失。避免发生中毒事故秋季若作业场所通风不畅，有毒有害气体容易大量积聚，造成中毒事故。为防止事故发生，应采取以下措施：➣改善工艺技术，严防刺激性气体跑、冒、滴、漏，做好废气的回收和综合利用工作。➣对员工加强安全教育，员工应严格遵守操作规程，防止意外事故发生。➣加强个人防护，如接触酸碱等腐蚀性液体时，员工应自觉穿好防护服，接触有毒气体时要戴好防护口罩。➣定期测定空气中刺激性气体浓度，若超过最高允许浓度，应查找原因，并采取有效的隔离措施。➣一旦发生刺激性气体泄漏事故，教育群众不要围观，应听从专业人员的疏导，尽快撤离危险区域。做好防火工作秋季气候干燥、雨水较少，是火灾事故的高发期。企业要建立健全安全防火责任制度，把责任细化到每个人身上。科学、合理地规划消防安全布局，消除火灾隐患。并加强用火管理，对所有施工人员进行消防安全教育，使其熟知基本的消防知识，学会使用消防灭火器材，掌握扑救火灾的应急方法。警惕坍塌事故秋季是建筑工程施工的旺季，但秋季多大风天气，易导致各种设备及建筑物发生坍塌，需要提高警惕。➣必须规范编制施工方案，制定有针对性的安全技术措施，由施工单位各部门会审后经技术负责人审核并签字。➣技术负责人必须与作业人员进行书面安全技术交底，并明确现场施工安全负责人。➣施工时由施工安全负责人指定专人负责监控，并加强安全检查，发现问题和隐患必须及时处理和整改。➣做好各种设备的安全防护工作，使用新设备、采用新技术时，一定要确保其安全可靠。注意交通安全进入秋季逐渐变冷，交通安全不容忽视，尤其是秋季能见度低，而且人们会出现“秋乏”现象，驾驶员要集中注意力，确保交通安全。➣秋季多大雾天气，如遇雾天能见度较低时应延缓出车，行驶中严控车速，与前车保持安全距离，同时开启危险信号灯。➣秋季由于驾驶室内外温差较大，门窗玻璃内侧常常会蒙上一层水蒸气，阻挡驾驶员的视线。当出现水蒸气时切忌边行驶边擦拭，否则车辆容易跑偏，发生追尾事故。➣深秋地面容易结霜，车辆与地面的摩擦附着力明显下降，容易造成车辆侧滑，因此必须严格控制车速，遇紧急情况提前减速，缓慢平稳通过。落实安全值班制度秋季假期较多，中秋、国庆前后和秋收秋种期间是各类事故的高发期，员工的情绪波动较大，往往思家心切，人在上班，思想却在开小差，把安全操作规程及各项安全规章制度抛在脑后，易发生意外事故。为避免发生意外，这期间各单位要认真落实安全值班制度。同时，要求各部门负责人手机24小时开机，以应对突发事件。这些看似不经意的小习惯、坏毛病本身就是安全生产的“隐患”一旦发生紧急或突发状况因“秋乏”而“打盹”就可能发生安全生产事故大家可千万不要让安全意识“打了盹”哦！来源 | EHS全书如果觉得不错↙↙↙就点个赞！]]></content>
  <author><![CDATA[山西省安全生产监督管理局]]></author>
  <time>2018-09-19 15:12:52</time>
  <account><![CDATA[sxsajj]]></account>
</data>
