<data>
  <id><![CDATA[50547702]]></id>
  <url><![CDATA[https://mp.weixin.qq.com/s?timestamp=1539596547&src=3&ver=1&signature=Egrj350GoKY8-KUcIJshbySkKtjet6rT8zP0o75Naszi-veAk34irP8pbStX-FpsKcSlhST0my7jkaXeIIdxTSm3i5NbXuIXEqXE8wPyh4dN2dfpJPpFtHk6nBel6ViHEJfT3*EER08q265zxrAYQaoGyHw1qxVmsB7gUuFAQ5k=]]></url>
  <title><![CDATA[我省取缔城市及周边烟花爆竹零售网点]]></title>
  <content><![CDATA[点击上方  蓝字  可以订阅哦！山西省安全生产监督管理局关于取缔城市及周边烟花爆竹零售网点的通知晋安监发〔2018〕211号各市安全生产监督管理局:为了贯彻《山西省人民政府关于印发山西省打赢蓝天保卫战三年行动计划的通知》（晋政发〔2018〕30号）精神，落实城市建成区和县城全面禁止燃放、其他区域严格限制燃放烟花爆竹的要求，现将我省烟花爆竹零售经营布点规划和零售经营许可管理措施通知如下，请严格执行。一、从即日起，关闭、取缔城市建成区、县城及其周边的烟花爆竹零售网点，撤销其《烟花爆竹经营（零售）许可证》。二、严格控制其他区域《烟花爆竹经营（零售）许可证》的核发，逐年大幅减少《烟花爆竹经营（零售）许可证》的数量。三、加强安全监管，强化部门联合执法，确保本行政区域内城市及其周边烟花爆竹零售网点取缔措施和禁放要求落到实处。山西省安全生产监督管理局2018年9月10日如果觉得不错↙↙↙就点个赞！]]></content>
  <author><![CDATA[山西省安全生产监督管理局]]></author>
  <time>2018-09-21 16:09:22</time>
  <account><![CDATA[sxsajj]]></account>
</data>
