<data>
  <id><![CDATA[50547702]]></id>
  <url><![CDATA[https://mp.weixin.qq.com/s?timestamp=1539596547&src=3&ver=1&signature=Egrj350GoKY8-KUcIJshbySkKtjet6rT8zP0o75Naszi-veAk34irP8pbStX-FpsKcSlhST0my7jkaXeIIdxTV*Wy8GHynPCDvJ1oWyezJJlGCvZ*L80W4m35scuZs9h*GK8vWX7v6oTrb5gZIjugdmfLrTDQ6HNNmkZXCO9jfQ=]]></url>
  <title><![CDATA[安全标志事故小合集，动图还原事故现场！]]></title>
  <content><![CDATA[点击上方  蓝字  可以订阅哦！（1）不让你依靠，让你靠……（2）跨一个试试？试试就试试.（3）你过来，我保证不电死你！（4）爬一格，请到门诊部办卡，爬五格直接开房（5）会动的地方不要随便坐（6）地狱组17层评委：这位选手姿势不行，差评！18层，交给你了！（7）看着都疼，疼死了，嗯~哦~啊~嗯……（8）刘翔不好当，硬跨易受伤！（9）2000度的液体，融化你的肉体，只剩下250的灵魂，随风飘散（10）支护！支护！支护！（11）铁夹肉（12）真铁都能穿透，何况这假的“铁砂掌”（13）“活埋”之后二选一，憋死OR压死（14）它一笑，一定会有人哭来源 | 健康安全环保小助手如果觉得不错↙↙↙就点个赞！]]></content>
  <author><![CDATA[山西省安全生产监督管理局]]></author>
  <time>2018-10-15 16:22:26</time>
  <account><![CDATA[sxsajj]]></account>
</data>
