<data>
  <id><![CDATA[50547702]]></id>
  <url><![CDATA[https://mp.weixin.qq.com/s?timestamp=1539596547&src=3&ver=1&signature=Egrj350GoKY8-KUcIJshbySkKtjet6rT8zP0o75Naszi-veAk34irP8pbStX-FpsKcSlhST0my7jkaXeIIdxTYQrGz9zgllI-hGbdDG20xPT8gscbumoaQjBTI3JhO2Ie-kmLn2GiCbkRzbjjvJFUo*psiu4aL1Zu00thoYbvE8=]]></url>
  <title><![CDATA[省安委办第四督查组深入一线忙督查]]></title>
  <content><![CDATA[点击上方  蓝字  可以订阅哦！国庆快乐“国庆节”这天，省安委办第四督查组深入到太原客运西站、晋源区交通局、旅游局、晋祠、西中环南延晋源区工段进行了现场督导检查。督查组采取明查暗访、突击检查、随机抽查的方式，重点检查了国庆期间企业和政府安全生产大检查组织部署情况；组织开展自查自改情况；深入开展专项治理情况；节日期间应急值守情况。检查中发现，晋源区交通局值班值守记录不完善、不规范；晋祠景区重点消防部位灭火器配备不足；西中环南延晋源区工段施工现场管理混乱。针对检查发现的问题，督查组当场责令存在问题的单位立即整改，并要求太原市跟踪落实，确保整改到位。当日下午，太原市安委办组织住建、城管等相关部门和晋源区政府对现场进行了核查处置，确保各项整改措施落实到位。如果觉得不错↙↙↙就点个赞！]]></content>
  <author><![CDATA[山西省安全生产监督管理局]]></author>
  <time>2018-10-01 19:06:19</time>
  <account><![CDATA[sxsajj]]></account>
</data>
