<data>
  <id><![CDATA[50547702]]></id>
  <url><![CDATA[https://mp.weixin.qq.com/s?timestamp=1539596547&src=3&ver=1&signature=Egrj350GoKY8-KUcIJshbySkKtjet6rT8zP0o75Naszi-veAk34irP8pbStX-FpsKcSlhST0my7jkaXeIIdxTQ*X2gzZDSfvdI6j2zCsegoq1NuzsdIbeXjU6h3mY6vwUfVwFNQN46G0SA1wVXpxurdK6AH7eHOSRq88Gc8W9j8=]]></url>
  <title><![CDATA[全省安全生产目标责任考核培训班开班]]></title>
  <content><![CDATA[点击上方  蓝字  可以订阅哦！10月9日-10日，全省召开2018年度安全生产目标考核动员及培训工作会议，贯彻落实国务院安委会安全生产目标责任考核的有关文件和会议精神，安排部署全省目标责任考核工作。省安监局副局长邓维元出席开班仪式并作动员讲话。在动员讲话中，邓维元指出，开展好安全生产目标责任考核是省委、省政府贯彻落实习近平新时代中国特色社会主义思想，推动全省安全发展的重要举措，也是检验安全生产工作成效的重要方法。他强调，各市、省各有关部门要认真学习研究今年国务院安委会对省级政府安全生产工作考核的新精神，全力以赴、统筹协调、强力推进工作的开展，对照今年制定的各项考核标准，认真自查、全面梳理，及时查漏补缺，切实做到目标任务心中有数，重点难点问题心中有数，解决问题的措施办法心中有数。本次培训重点围绕三项内容开展：解读省政府安委办对各市政府安全生产目标责任考核评分标准；解读省政府安委办对省有关部门安全生产目标责任考核评分标准；分解落实国务院安委会对省级政府安全生产目标责任考核工作任务。11个市安委办、35家省有关部门的负责安全生产目标责任考核工作的人员参加了培训。图文 | 赵珈如果觉得不错↙↙↙就点个赞！]]></content>
  <author><![CDATA[山西省安全生产监督管理局]]></author>
  <time>2018-10-12 16:51:53</time>
  <account><![CDATA[sxsajj]]></account>
</data>
