<data>
  <id><![CDATA[50547702]]></id>
  <url><![CDATA[https://mp.weixin.qq.com/s?timestamp=1539596547&src=3&ver=1&signature=Egrj350GoKY8-KUcIJshbySkKtjet6rT8zP0o75Naszi-veAk34irP8pbStX-FpsKcSlhST0my7jkaXeIIdxTfkJR-tbzzxlpAdnkPn-UOl8XCIbYMWbih2MTEo9C*fW5KHjT0PIHOcA2mMrtsDqZmGKZF8gDQhZD2POgsAh468=]]></url>
  <title><![CDATA[山西优化区域经济考评，不安全“一票否优”]]></title>
  <content><![CDATA[点击上方  蓝字  可以订阅哦！日前，山西省委召开常委会议，要求运用调整优化后的评价指标体系组织年终考核，推动区域经济转型升级。市、县在安全生产方面发生重大问题的，年终考核实行“一票否优”，取消当年奖励资格。据了解，山西省今年修订了《山西省区域经济转型升级考核评价暂行办法》，对考核评价体系做了多方面的修订和完善，进一步突出考核评价的工作重点，转型和创新方面的指标权重达到整个指标体系的60%以上；进一步突出考核评价的差异性，县域按主体功能定位“有所为、有所不为”，但只要触碰安全红线，年终考核结果“归零”。考核否决项只有安全生产和统计数据弄虚作假两项。有关方面负责人指出，此举进一步突出了考核评价的导向性，充分体现了新时代的新理念、新要求。“一票否优”意见由省安监局提出，报省政府审定。据介绍，该省此举的目的是通过严格考核，充分发挥考核指标的指挥棒和风向标作用，引导和激励全省上下牢固树立和贯彻落实新发展理念，引导和激励各级、各部门奋力推进创新驱动、转型升级。来源 | 中国应急管理报如果觉得不错↙↙↙就点个赞！]]></content>
  <author><![CDATA[山西省安全生产监督管理局]]></author>
  <time>2018-10-10 15:22:14</time>
  <account><![CDATA[sxsajj]]></account>
</data>
