<data>
  <id><![CDATA[50547702]]></id>
  <url><![CDATA[https://mp.weixin.qq.com/s?timestamp=1539596547&src=3&ver=1&signature=Egrj350GoKY8-KUcIJshbySkKtjet6rT8zP0o75Naszi-veAk34irP8pbStX-FpsKcSlhST0my7jkaXeIIdxTfkJR-tbzzxlpAdnkPn-UOmkhoV0FYGNeKfnNSEX5K3Nd7lzxjvuRKuAObrwltvr5xIyL3EYEAXH3BVuxED8fc4=]]></url>
  <title><![CDATA[扩散|省政府公开征集明年的民生实事，快快提建议啦！]]></title>
  <content><![CDATA[点击上方  蓝字  可以订阅哦！主海报启事如下：密切关注民生、切实保障民生、不断改善民生，是省政府工作的出发点和落脚点。为全面贯彻落实习近平总书记视察山西重要指示精神，确保民生实事一件接着一件办，一年接着一年干，一抓到底，抓出实效，按照民生实事“群众提、大家定、政府办”的原则，现面向全省公开征集2019年省政府民生实事，期待您的积极参与，提出您最关心、最直接、最现实的民生事项。我们将充分吸纳大家的意见建议，按照决策程序，最终确定明年省政府为全省人民办的民生实事，不断提升全省人民的幸福感、获得感和安全感。请于2018年10月22日前将意见建议发送至省政府民生实事征集邮箱，并注明“2019民生实事”字样。电子邮箱：mssszj@163.com山西省人民政府办公厅2018年9月29日如果觉得不错↙↙↙就点个赞！]]></content>
  <author><![CDATA[山西省安全生产监督管理局]]></author>
  <time>2018-10-10 15:22:14</time>
  <account><![CDATA[sxsajj]]></account>
</data>
