<data>
  <id><![CDATA[50705867]]></id>
  <url><![CDATA[https://mp.weixin.qq.com/s?timestamp=1539596479&src=3&ver=1&signature=Egrj350GoKY8-KUcIJshb*QWAiTcFRrbHf5rs-wYXgn32lIs2qecFecd09bUKyX4vfY4hMk9kU7FXG2*9PF*wT39ZfjBREhFD0i01mTfIDM30NVSKDi3LiTlpJoXPkr275DhZTFTHlYp9rfGi--dr*jMzTZwvvidk8E3AA54rQw=]]></url>
  <title><![CDATA[Pick长安先进模式Get检察业务技能]]></title>
  <content><![CDATA[10月11日，周至县人民检察院党组书记、检察长王晓明带领政工、控申等部门负责人一行6人前往长安区人民检察院参观学习交流。长安检察院副检察长任为农、专职委员黄晓华等人陪同。在任检的带领下，王晓明检察长一行先后参观了案件管理中心、控申接待中心、干警之家、院史展览厅及道德讲堂等工作区域，并了解交流了相关工作。检随后，召开了座谈会，会上，任检对周至院一行表示欢迎，并简要介绍了长安院的相关情况。后两院参会干警就相关工作进行了广泛交流和深入探讨，尤其对精神文明建设、外宣工作和绩效考核等相关工作重点进行了讨论。王晓明检察长表示，长安检察院的先进工作经验，非常值得借鉴和学习。本次参观学习，既加深了兄弟院之间的感情，又通过学习，达到了取长补短的目的。希望通过形式多样的交流学习，促进周至检察院各项工作再上新台阶。图文：朱  迪编辑：朱  迪审核、签发：周广育]]></content>
  <author><![CDATA[周至检察官]]></author>
  <time>2018-10-12 15:38:30</time>
  <account><![CDATA[zhouzhijianchaguan]]></account>
</data>
