<data>
  <id><![CDATA[50705867]]></id>
  <url><![CDATA[https://mp.weixin.qq.com/s?timestamp=1539596479&src=3&ver=1&signature=Egrj350GoKY8-KUcIJshb*QWAiTcFRrbHf5rs-wYXgn32lIs2qecFecd09bUKyX4vfY4hMk9kU7FXG2*9PF*wTiDjPxdGJMarFmpZLzrhjeRi2bGbM1DnBYlg3xs2iGa1nFPKWPIh-hAzl4kWdI*x9as6EsISBqUvaSvN2pcL1U=]]></url>
  <title><![CDATA[假期闹“片荒”？十二部“烧脑”法律电影送您！]]></title>
  <content><![CDATA[来源：检察日报十一长假“宅”在家您选择干点啥？推荐十二部“烧脑”法律题材电影部部经典或展示法律制度或弘扬正义良知或推动立法与司法进步或引发大众思潮且大多荣获过高级别的电影奖项快来一起畅享法律电影饕餮盛宴吧《十二怒汉》导演：希德尼·鲁迈特上映时间：1957年推荐指数：★★★★★一部几乎只有一个场景的影片，展现了美国陪审团制度运作的内核。十二位职业各异的陪审团成员，从有罪到无罪之间的表决摆荡，充分体现了人性、法理之间的博弈，导演和编剧更是凭借着功力深厚的表现手法，为我们呈现了一部场景和剧情单一，但内涵丰富、精彩纷呈的法律电影扛鼎之作，不愧为奥斯卡最佳影片提名获得者。《桃色血案》导演：奥托·普雷明格上映时间：1959年推荐指数：★★★★★该片被誉为法庭影片中“教科书般的经典”，是一部引人入胜的法庭推理电影。影片记述了一位陆军中尉开枪射杀了强奸其妻子的酒店老板，而律师以精神失常为据为其辩护的故事。影片将系统庞大而精细的刑事审判程序展现在观众面前，从司法鉴定到证据提交，从陪审团审查到交叉询问。对美国刑事庭审制度感兴趣的朋友，该片不可错过。《杀死一只知更鸟》导演：罗伯特·马利根上映时间：1962年推荐指数：★★★★★知更鸟代表着人间只为奉献、不求回报的鸟类。影片中塑造的白人主人公形象似乎就体现了这一精神。在黑人被控强奸妇女的时候，白人律师不顾种族偏见和社会思潮的影响，坚守内心的良知和正义，选择为该案辩护。法庭的辩论过程为该片的高潮，儿童视角的讲述也为影片最初设置了悬念，精彩的演绎为该片赢得了奥斯卡最佳影片等一系列殊荣。《细细的蓝线》导演： 埃罗尔·莫里斯上映时间：1988年推荐指数：★★★★★纪录片中的经典之作，以重现事实的手法对一起杀警冤案进行了追踪。在该案件中，少年大卫指证路人杀了警察，以致该路人被判终身监禁，多年后大卫因其他罪行被判死刑，他向摄制组坦白了路人的无辜。该片上映后，取得了巨大的社会影响，德克萨斯州上诉法庭推翻了之前的判决，让被冤入狱的路人在十一年后重回清白。该片开创了新的纪录片叙事风格，以多文本交互的手法，将案情来龙去脉反复推演。无论是影片质量还是社会影响力，该片都极为成功。《杀人短片》导演：克日什托夫·基耶斯洛夫斯基上映时间：1988年推荐指数：★★★★★波兰著名导演克日什托夫•基耶斯洛夫斯基的名作，是导演著名的系列电影《十诫》中第五个故事《杀诫》的加长版。全片以法科青年、受害人、出租车司机三者的视角展开，交叉点在于出租车司机杀人事件。对被害人被杀害镜头、施害者执行死刑镜头的白描，将两极化的视觉冲击赤裸展现在观众面前。是否所有形式的暴力都应被摒弃，法律重在预防还是重在刑罚，死刑存废的价值等，不但是片中法科青年的内心追问，也是该片着力探讨的重点。本片带来了直接的社会影响，在其上映的次年，波兰宣布暂缓执行死刑五年。《因父之名》导演：吉姆·谢上映时间：1993年推荐指数：★★★★★在英格兰殖民北爱尔兰的历史框架下，该片记录了英国近代史上最著名的一起冤假错案。主人公因触怒爱尔兰政府而逃往英国，却被英政府诬为恐怖分子判处无期徒刑，其父四处陈情也一同入狱。事情的转机在于女律师皮尔斯的出现，在多年后她从头调查这起案件，为父子洗清污名。该片以亲情羁绊为纽带，为观众展现了英美法系冤假错案的纠正机制。影片荣获奥斯卡最佳影片、金熊奖、金球奖等多次奖项。《正当防卫》导演：艾恩·格里姆彻上映时间：1995年推荐指数：★★★★★反映司法不公的电影很多，但这部电影里充满了奇妙的反转和挑战常规之处。教授被黑人学生的信件打动，为其伸冤，但嫌疑人就是真凶，而且教授正是他报复的对象，只因教授的妻子是当年关押其的检察官.....种族歧视是否必然导致司法不公，程序正义与实体真实的分野，尽在这部“正当防卫”。老牌硬汉肖恩·康纳利和童年的斯嘉丽•约翰逊的出演也为本片增色不少。《圣女贞德》导演：吕克·贝松上映时间：1999年推荐指数：★★★★★这是一部极具震撼力的作品，尽显导演吕克·贝松的功力。少女贞德因为偶遇神迹而萌生为国奋战的愿景，她神奇地带领法国人民不断收复由英国占领的失地。而在被英格兰军队俘获后，遭到宗教裁判所的异端审判，最终被处死。导演的人物塑造、表现手法以及台词编排均堪称神作，而对少女贞德的审判则展现了中世纪欧洲特有的纠问式诉讼的原貌。《谜一样的双眼》导演：胡安·何塞·坎帕内利亚上映时间：2009年推荐指数：★★★★★影片来自阿根廷，是阿根廷影史上首次获得奥斯卡奖的作品。检察官本杰明好友的未婚妻在即将谈婚论嫁之时被人奸杀，而当年承办此案的检察官为了尽快结案而找了位外来移民顶罪，退休后的本杰明决心揭开司法腐败......影片有着直击人心的魅力，融合爱情、惊悚、政治谋杀等元素，却运用了舒缓而悠长的叙事节奏，展现了一种深刻但又令人激赏的力量。《死亡医生》导演：艾恩·格里姆上映时间：2010年推荐指数：★★★★★本片改编自真人真事，讲述了一位名叫杰克·科沃恩的退休医生，在安乐死尚未被立法承认时为绝症患者提供终结生命的“医疗服务”而身陷法律囹圄的故事。自杀与谋杀的边界、死亡是否是一种权利、安乐死的法律与道德问题均在片中有深刻的探讨。影片在结尾以特定形式说明了美国最高法院拒绝审理此案，以此耐人寻味的方式为法律与伦理的探讨提供了开放式空间。《辩护人》导演：杨宇锡上映时间：2013年推荐指数：★★★★★该片取材自韩国总统卢武铉年轻时期的一段生涯，由求取温饱一心赚钱的法科学子，到在社会事件和时代背景的裹挟下，走向为受害者辩护的人权律师的道路。改变其人生的五次公审为影片的亮点。辩护人在韩国的风靡，除却影片的精彩，更因为主人公的热血青春鼓舞了当下迷茫的青年，同时展示出宏大的历史格局。《我是检察官》导演：高亚麟上映时间：2018年推荐指数：★★★★★该片由最高人民检察院影视中心领衔出品，高亚麟导演执导，是国内首部以生态环境保护检察工作为主题的院线电影。影片记述了青年检察官石俊峰为保护红杉森林资源，与其兄长博弈，最终取得胜利的故事。亲情与律法、忠诚与背叛，影片通过不落俗套的剧情推进和一丝高亚麟式幽默占据观众的心。演员的实力派演绎和融入剧情的编曲也是电影的极大亮点。在当前助推检察系统环保公益诉讼的大背景下，该片的推出无疑为这项工作增色不少。本片已于2018年9月20日在各大院线上映，欢迎观赏。十二部“烧脑”法律大片不够看？欢迎留言，推荐更多佳片]]></content>
  <author><![CDATA[周至检察官]]></author>
  <time>2018-10-05 14:00:00</time>
  <account><![CDATA[zhouzhijianchaguan]]></account>
</data>
