<data>
  <id><![CDATA[50705867]]></id>
  <url><![CDATA[https://mp.weixin.qq.com/s?timestamp=1539596479&src=3&ver=1&signature=Egrj350GoKY8-KUcIJshb*QWAiTcFRrbHf5rs-wYXgn32lIs2qecFecd09bUKyX4vfY4hMk9kU7FXG2*9PF*wTiDjPxdGJMarFmpZLzrhjfwiGPuAu6QdgGV*fGl4tlWtmUzGIAhcSPex1BSssHbJdTMTXl59XlaNtUGo-ZlOEs=]]></url>
  <title><![CDATA[【周至检察·争创平安鼎】严查破坏环境资源犯罪周至检察院依法批捕一起非法采矿案]]></title>
  <content><![CDATA[今年以来，周至检察院按照上级部署，继续积极开展破坏环境资源犯罪、危害食品药品安全专项立案监督活动，重点在破坏土地资源类犯罪上加强监督及办案力度, 对于相关案件依法快速办理。近日，周至县公安局提请周至检察院依法审查批准逮捕一起非法采矿案。犯罪嫌疑人王某于今年4月某日凌晨，在周至县区域内的渭河河道内盗取砂石。公安机关民警迅速出警将现场偷挖河道的嫌疑人抓获，并查扣装载机等。经查，这些人受雇于武功某砂场，今年以来多次在周至县哑柏段的渭河河道内盗取砂石，致开采砂坑点建筑用砂严重破坏，其管理组织者正是犯罪嫌疑人王某。检察官提醒：根据《中华人民共和国刑法》第三百四十三条：“ 违反矿产资源法的规定，未取得采矿许可证擅自采矿，擅自进入国家规划矿区、对国民经济具有重要价值的矿区和他人矿区范围采矿，或者擅自开采国家规定实行保护性开采的特定矿种，情节严重的，处三年以下有期徒刑、拘役或者管制，并处或者单处罚金；情节特别严重的，处三年以上七年以下有期徒刑，并处罚金。”王某的行为已涉嫌非法采矿罪，周至检察院侦查监督部依法对其批准逮捕。近年来，受利益驱动，一些不法分子瞄准了周至县丰富的砂石资源，利用夜间盗挖，谋取非法利益，屡禁不止，严重破坏了周至县河道的自然资源。此案的办理，取得了良好的法律效果和社会效果，做到“办理一案、震慑一批、教育一片”，有效打击了破坏环境资源的刑事犯罪。今后周至检察院将继续加大打击破坏环境资源的刑事犯罪工作力度，切实保障生态环境和自然资源可持续发展。文字：祝莎莎图片：来源网络编辑：朱   迪审核、签发：周广育]]></content>
  <author><![CDATA[周至检察官]]></author>
  <time>2018-10-05 14:00:00</time>
  <account><![CDATA[zhouzhijianchaguan]]></account>
</data>
