<data>
  <id><![CDATA[50705867]]></id>
  <url><![CDATA[https://mp.weixin.qq.com/s?timestamp=1539596479&src=3&ver=1&signature=Egrj350GoKY8-KUcIJshb*QWAiTcFRrbHf5rs-wYXgn32lIs2qecFecd09bUKyX4vfY4hMk9kU7FXG2*9PF*wT39ZfjBREhFD0i01mTfIDNQhJb-CDJi5Q4zWY4LKLF5qYagWhVHn0Ug1TFRUDNRvjcQEzlOjMNGRZnugzGa7Tg=]]></url>
  <title><![CDATA[县直机关工委到周至县人民检察院开展第一期机关党建工作“互查、互评、互学、互促”活动]]></title>
  <content><![CDATA[为进一步夯实基层党组织党建工作基础，形成比学赶超的良好氛围，10月11日，县直机关工委组织党务干部一行18人到周至县人民检察院开展“互查、互评、互学、互促”活动。在讲解员的带领下，考评组成员首先对该院党总支承诺践诺公示栏、学习园地、党日活动宣传展板、文化墙、党员活动室、“爱在检徽下”未成年人法治教育基地、廉政教育室、文化讲堂等进行了参观，随后通过资料对该院党建引领“文化育检”、公益诉讼、”爱在检徽下”未成年人检察工作特色活动进行了解，并对党建材料进行了互查学习。近年，该院党总支认真贯彻落实该院“三个三”工作机制，依托“三室两品”，以党支部为基本单位，不断增强围绕检察工作为中心，服务全县发展大局的意识，持续助力该院实现“追赶超越”的目标。今年，该院党总支被评“标杆党支部”、“机关党建工作示范点”。图文：寇  沁编辑：朱  迪审核、签发：周广育]]></content>
  <author><![CDATA[周至检察官]]></author>
  <time>2018-10-12 15:38:30</time>
  <account><![CDATA[zhouzhijianchaguan]]></account>
</data>
