<data>
  <id><![CDATA[50705867]]></id>
  <url><![CDATA[https://mp.weixin.qq.com/s?timestamp=1539596479&src=3&ver=1&signature=Egrj350GoKY8-KUcIJshb*QWAiTcFRrbHf5rs-wYXgn32lIs2qecFecd09bUKyX4vfY4hMk9kU7FXG2*9PF*wTV7ZarYxKLhm2f1k0UN6-PB4KdPCO04cYNip0riCebIbAfHrN6hKtEUYfGymBYahBNW-kLOoJqG0Ci9PqoScEo=]]></url>
  <title><![CDATA[重要提醒！假期放肆玩，这些行为可不行！]]></title>
  <content><![CDATA[来源：检察日报“世界那么大，我要去看看！”长假第六天找到您的“诗和远方”了吗？外出游玩，最重要就是开心咯~但是，一定要文明出游哦~下列行为，千万不能有！管好手和脚，这样“玩”是违法的怒！旅游不文明行为在今年国庆节再次上演！“平文涛，你欠杭州一个道歉！”国庆第一天，西湖边的石碑被人涂上了歪歪扭扭的七个红字，众多网友被激怒了！无独有偶，陕西靖边地区的波浪谷丹霞地貌景区，很多岩石上被游客深深刻划出到此一游等各种语句，工作人员心痛万分：“600年也回复不了原貌……”10月2日，张家界世界自然遗产的核心区域，数十位游客进游道旁边的林区开辟“山路”前行。景区工作人员表示：“如果造成了破坏，这样的风景就再也看不到了。”类似的不文明行为，都会受到相应处罚。例如，今年7月12日，网络上流传出一段视频，两男一女三个人用木棍在陕西省靖边县龙洲镇丹霞地貌景区红砂石上刻字，对景区地貌造成了不可逆的破坏。该视频被大量转发，惊动了警察蜀黍。当日下午，三名违法嫌疑人被抓获。张某、刘某某被罚款200元，姬某某因未满14周岁，不予处罚。图片来源于正义网让人痛心的是，在景点破坏珍贵遗迹的现象并非个例。号称“世界最高天然蟒峰”的三清山巨蟒峰，属于珍贵地质遗迹。2017年4月，3名攀岩爱好者在明知景区严禁攀爬的情况下，将20多枚岩钉打入巨蟒峰进行攀爬。日前，江西省上饶市检察院以三人涉嫌破坏生态环境、损害社会公共利益为由，向法院提起民事公益诉讼。珍贵的历史遗迹，是岁月沉淀的记忆，也是历史变迁的见证者。或许只是不经意间的“一踩”“一爬”“一刻”，可对于文明古迹而言，却是难以磨灭的破坏。普法小贴士《刑法》第324条【故意损毁文物罪；故意损毁名胜古迹罪；过失损毁文物罪】故意损毁国家保护的珍贵文物或者被确定为全国重点文物保护单位、省级文物保护单位的文物的，处三年以下有期徒刑或者拘役，并处或者单处罚金；情节严重的，处三年以上十年以下有期徒刑，并处罚金。故意损毁国家保护的名胜古迹，情节严重的，处五年以下有期徒刑或者拘役，并处或者单处罚金。过失损毁国家保护的珍贵文物或者被确定为全国重点文物保护单位、省级文物保护单位的文物，造成严重后果的，处三年以下有期徒刑或者拘役。《文物保护法》第65条违反本法规定，造成文物灭失、损毁的，依法承担民事责任。违反本法规定，构成违反治安管理行为的，由公安机关依法给予治安管理处罚。违反本法规定，构成走私行为，尚不构成犯罪的，由海关依照有关法律、行政法规的规定给予处罚。《治安管理处罚法》第63条有下列行为之一的，处警告或者二百元以下罚款；情节较重的，处五日以上十日以下拘留，并处二百元以上五百元以下罚款：（一）刻划、涂污或者以其他方式故意损坏国家保护的文物、名胜古迹的；（二）违反国家规定，在文物保护单位附近进行爆破、挖掘等活动，危及文物安全的。探险“小白”，切忌“不走寻常路”为寻找刺激，不少朋友选择了假期探险。探险虽有趣，可如果你是探险“小白”，千万不要为了“不走寻常路”，让自己陷入险境哦。图片来源于钱江晚报今年8月，49名驴友无视山谷提醒不要进谷游玩的警示，到浙江省仙居县丽人谷溯溪探险时，遭遇突发山洪被困山谷，一名驴友不幸遇难。看到这里，小伙伴们可能会想到，外出探险，遇险呼叫“救援蜀黍”。小编在此提醒各位，目前在黄山风景区、稻城亚丁风景区、四姑娘山风景区等景点，已经开始实行有偿救援，而专业救援每次费用至少10万元。图片来源于澎湃新闻普法小贴士《旅游法》第82条旅游者在人身、财产安全遇有危险时，有权请求旅游经营者、当地政府和相关机构进行及时救助。中国出境旅游者在境外陷于困境时，有权请求我国驻当地机构在其职责范围内给予协助和保护。旅游者接受相关组织或者机构的救助后，应当支付应由个人承担的费用。自驾游，并不是完全的放任自由自驾游让我们可以在蓝天下自由驰骋、与美好风景不期而遇，当然不期而遇的还有可能是小动物呦，这个时候，千万不要因为好奇而伤害到它们......图片来源于北京青年报2017年国庆节期间，“两辆外地牌号的越野车在西藏追逐碾压藏羚羊”事件成为舆论焦点。随后，警方控制了涉事7人并给予总计105000元的处罚。图片来自网络，与正文无关除了追逐野生保护动物之外，自驾游过程中擅自穿越自然保护区，也是不可以的哦！普法小贴士《野生动物保护法》第6条任何组织和个人都有保护野生动物及其栖息地的义务。禁止违法猎捕野生动物、破坏野生动物栖息地。任何组织和个人都有权向有关部门和机关举报或者控告违反本法的行为。野生动物保护主管部门和其他有关部门、机关对举报或者控告，应当及时依法处理。《自然保护区条例》第34条违反本条例规定，有下列行为之一的单位和个人，由自然保护区管理机构责令其改正，并可以根据不同情节处以100元以上5000元以下的罚款：（一）擅自移动或者破坏自然保护区界标的；（二）未经批准进入自然保护区或者在自然保护区内不服从管理机构管理的；（三）经批准在自然保护区的缓冲区内从事科学研究、教学实习和标本采集的单位和个人，不向自然保护区管理机构提交活动成果副本的。乘坐飞机、火车，这些行为不能有！近期，频繁“抢头条”的“霸座”事件引起了全民关注和全网热议。其中，高铁“霸座男”和“霸座女”分别被处以200元行政罚款，并列入黑名单，禁购火车票180天。今年1月，乘客罗某在乘坐高铁时用身体阻挡车门关闭，不让发车。事后，罗某被处以2000元罚款。图片来自网络，与正文无关除了这些“奇葩”行为之外，乘坐公共交通时还有其他一些不文明行为时有发生。例如，强行扒车门的；在高铁上吸烟的；吃有刺激性气味的食品的（臭豆腐、榴莲等）；随意脱鞋的；大音量外放视频或者大声喧哗的等等。除此之外，乘坐飞机时应该注意的事项，也应当了解！1. 应急滑梯碰不得2. 安全门不可乱开3. 红色按钮不可乱按4. 不要触碰氧气面罩5. 不要躺在椅子上睡觉6. 不要开安全玩笑，这可能引起飞机立刻返航或就近做紧急降落7. 不要将机上使用的物品带下飞机，如毛毯、枕头、救生衣等注意！下列这些行为将被限制乘坐火车、飞机！普法小贴士《治安管理处罚法》第23条有下列行为之一的，处警告或者二百元以下罚款；情节较重的，处五日以上十日以下拘留，可以并处五百元以下罚款：（一）扰乱机关、团体、企业、事业单位秩序，致使工作、生产、营业、医疗、教学、科研不能正常进行，尚未造成严重损失的；（二）扰乱车站、港口、码头、机场、商场、公园、展览馆或者其他公共场所秩序的；（三）扰乱公共汽车、电车、火车、船舶、航空器或者其他公共交通工具上的秩序的；（四）非法拦截或者强登、扒乘机动车、船舶、航空器以及其他交通工具，影响交通工具正常行驶的；（五）破坏依法进行的选举秩序的。聚众实施前款行为的，对首要分子处十日以上十五日以下拘留，可以并处一千元以下罚款。《铁路安全管理条例》第77条 禁止实施下列危害铁路安全的行为：（一）非法拦截列车、阻断铁路运输；（二）扰乱铁路运输指挥调度机构以及车站、列车的正常秩序；（三）在铁路线路上放置、遗弃障碍物；（四）击打列车；（五）擅自移动铁路线路上的机车车辆，或者擅自开启列车车门、违规操纵列车紧急制动设备；（六）拆盗、损毁或者擅自移动铁路设施设备、机车车辆配件、标桩、防护设施和安全标志；（七）在铁路线路上行走、坐卧或者在未设道口、人行过道的铁路线路上通过；（八）擅自进入铁路线路封闭区域或者在未设置行人通道的铁路桥梁、隧道通行；（九）擅自开启、关闭列车的货车阀、盖或者破坏施封状态；（十）擅自开启列车中的集装箱箱门，破坏箱体、阀、盖或者施封状态；（十一）擅自松动、拆解、移动列车中的货物装载加固材料、装置和设备；（十二）钻车、扒车、跳车；（十三）从列车上抛扔杂物；（十四）在动车组列车上吸烟或者在其他列车的禁烟区域吸烟；（十五）强行登乘或者以拒绝下车等方式强占列车；（十六）冲击、堵塞、占用进出站通道或者候车区、站台。第95条 违反本条例第五十一条、第五十二条、第五十三条、第七十七条规定的，由公安机关责令改正，对单位处1万元以上5万元以下的罚款，对个人处500元以上2000元以下的罚款。十一长假，文明出行在出游过程中你遇到过哪些不文明行为？欢迎留言吐槽！]]></content>
  <author><![CDATA[周至检察官]]></author>
  <time>2018-10-06 14:00:00</time>
  <account><![CDATA[zhouzhijianchaguan]]></account>
</data>
