<data>
  <id><![CDATA[50705867]]></id>
  <url><![CDATA[https://mp.weixin.qq.com/s?timestamp=1539596479&src=3&ver=1&signature=Egrj350GoKY8-KUcIJshb*QWAiTcFRrbHf5rs-wYXgn32lIs2qecFecd09bUKyX4vfY4hMk9kU7FXG2*9PF*wTV7ZarYxKLhm2f1k0UN6-O8OJk46*wH1lMQS3hZbC8Wpp7FABp7481ru5To6x53YRWQNRmVd6tmOUM*DHNgzLI=]]></url>
  <title><![CDATA[针对“丰台抢孩子”事件，北京市公安局已组成工作专班开展复核]]></title>
  <content><![CDATA[10月4日，“北京市丰台区某商场光天化日竟然抢孩子”消息在微博、微信群里疯传。针对家长质疑公安机关对嫌疑人处理过轻的情况，5日，“平安北京”微博回应称，北京市公安局已组成工作专班对案件开展复核，相关结果将及时通报。北京市公安局官方微博称：针对有家长报警在大红门某商场内其孩子被抢，质疑公安机关对嫌疑人处理过轻的情况，丰台分局已于10月4日接到涉事家长的复议申请。市公安局对此案高度重视，已组成工作专班对案件开展复核，相关结果将及时通报。孩子是祖国的未来，北京警方一直以来对涉及未成年人的案件高度重视，对于侵害未成年人的违法犯罪行为依法严厉打击，全力保护孩子安全、维护家长权益。欢迎社会各界对警方工作监督。延伸阅读微博名为“六月的雨在哪里”的事主4日凌晨发微博称，10月2日上午10点半，自己妻子推婴儿车带着未满周岁的儿子去银泰百货（大红门店）买奶粉，遇到几名女子“暴力”拉扯孩子。从该博主发布的“行政处罚决定书”图片可以看到，大红门派出所已介入调查，民警查明后发现，4名女子系“误将他人孩子认做自己的孙子，上前抢夺”。随后，4人均被行政拘留5日。来源：检察日报]]></content>
  <author><![CDATA[周至检察官]]></author>
  <time>2018-10-06 14:00:00</time>
  <account><![CDATA[zhouzhijianchaguan]]></account>
</data>
