<data>
  <id><![CDATA[50705867]]></id>
  <url><![CDATA[https://mp.weixin.qq.com/s?timestamp=1539596479&src=3&ver=1&signature=Egrj350GoKY8-KUcIJshb*QWAiTcFRrbHf5rs-wYXgn32lIs2qecFecd09bUKyX4vfY4hMk9kU7FXG2*9PF*waYLt4*iB9LJ*dDrAXY-p-ZWA7tF4ov-KxNcpg27SgluV1vS1iACs6CrRX3jqr18xjTBxkbEORuAtTFPf3eX5GA=]]></url>
  <title><![CDATA[最新！河南鲁山未成年人赵某涉嫌强奸一案已提起公诉]]></title>
  <content><![CDATA[河南省人民检察院微信公众号“河南检察”刚刚发布通报：10月9日，河南省鲁山县人民检察院依法将被告人赵某强奸一案向鲁山县人民法院提起公诉。河南省人民检察院《关于被告人赵某强奸一案的情况通报》全文如下：被告人赵某强奸一案，由河南省鲁山县公安局立案侦查，于2018年7月17日提请逮捕，鲁山县人民检察院于7月24日以犯罪嫌疑人赵某涉嫌强奸犯罪作出批准逮捕决定。8月27日，案件移送鲁山县人民检察院审查起诉。因赵某为16周岁未成年人，系在校初中学生，本人认罪悔罪，办案机关经听取被害人方面意见，依据刑事诉讼法和未成年人刑事案件办理规定，依法将赵某的强制措施由逮捕变更为取保候审。10月9日，鲁山县人民检察院依法将被告人赵某强奸一案向鲁山县人民法院提起公诉。审查起诉期间，鲁山县人民检察院官微9月19日对该案进行了公开报道。但该案涉及未成年人及隐私，办案程序尚在进行，此间进行报道是错误的，并且报道中多处表述错误、用语明显不当，造成十分不良的社会影响。我院已责成鲁山县人民检察院认真整改，吸取教训。感谢和欢迎社会各界对检察工作的监督支持！河南省人民检察院2018年10月9日来源：检察日报]]></content>
  <author><![CDATA[周至检察官]]></author>
  <time>2018-10-09 16:34:59</time>
  <account><![CDATA[zhouzhijianchaguan]]></account>
</data>
