<data>
  <id><![CDATA[50705867]]></id>
  <url><![CDATA[https://mp.weixin.qq.com/s?timestamp=1539596479&src=3&ver=1&signature=Egrj350GoKY8-KUcIJshb*QWAiTcFRrbHf5rs-wYXgn32lIs2qecFecd09bUKyX4vfY4hMk9kU7FXG2*9PF*wTiDjPxdGJMarFmpZLzrhjd2eHJ*Lp6GuZ0fK2VH3BvkKZB1oCGI5ROuAxYqHmQZCvIlu2f2W7-7jx3j6BPLBXs=]]></url>
  <title><![CDATA[【扫黑除恶】开设赌场、放高利贷……江苏9人涉黑案开庭审理]]></title>
  <content><![CDATA[来源：常熟检察发布微信公众号利用黑社会性质组织开设赌场、高利放贷、敲诈勒索、寻衅滋事……日前，江苏省常熟市检察院提起公诉的被告人龚某等9人涉黑一案开庭审理。该案是扫黑除恶专项斗争开展以来，苏州地区首起黑社会性质组织案件。据检察机关指控，2008年龚某、刘某开始在常熟开设赌场、放“高利贷”，并主动结识社会闲杂人员。2013年起，逐渐形成了以龚某、刘某为首多名骨干成员参加的黑社会性质组织。该组织成员多、规模大、结构稳定、层级分明，有严格管理制度，主要通过开设赌场、高利放贷等违法犯罪活动攫取经济利益。据查，该组织通过开设赌场非法获利300余万元，查实放贷金额达7200余万元。在此过程中，组织团伙成员采用滋扰、威胁、恐吓、打砸等手段逼迫还钱，多次实施寻衅滋事、强迫交易、敲诈勒索、非法拘禁、故意伤害等违法犯罪行为，给被害人及亲属造成了极大的心理恐惧，严重破坏了社会治安、妨害了社会管理秩序，在当地造成了恶劣的社会影响。检察机关认为，被告人龚某等9人涉嫌组织、领导、参加黑社会性质组织罪、开设赌场罪、寻衅滋事罪、非法拘禁罪、敲诈勒索罪、强迫交易罪、故意伤害罪、侵犯公民个人信息罪、聚众斗殴罪、诈骗罪、窝藏罪11项罪名，依法提起公诉。常熟市检察院高度重视该案办理，第一时间提前介入，全程引导侦查，确保办案质量、增进办案效果。办案组依托“侦捕诉”联动的“一站式”办案模式，全面审查案件材料，补强完善证据体系，形成了1248页70余万字的审查报告，仅移送法庭的案卷材料和证据就多达100多册，随案移送光盘76张，账本50余册，借条1200余份。由于被告人人数较多，案情繁杂，为了提高诉讼效率、解决庭审中的程序性问题，9月17日，法院召集各方召开庭前会议，控辩双方充分交换意见，进一步保障被告人诉讼权利。庭审现场，10名律师为被告人出庭发表辩护意见。鉴于本案案情复杂，常熟市法院将择日进行宣判。]]></content>
  <author><![CDATA[周至检察官]]></author>
  <time>2018-10-05 14:00:00</time>
  <account><![CDATA[zhouzhijianchaguan]]></account>
</data>
