<data>
  <id><![CDATA[50705867]]></id>
  <url><![CDATA[https://mp.weixin.qq.com/s?timestamp=1539596479&src=3&ver=1&signature=Egrj350GoKY8-KUcIJshb*QWAiTcFRrbHf5rs-wYXgn32lIs2qecFecd09bUKyX4vfY4hMk9kU7FXG2*9PF*wc5LxZlnKgydcEics3HahrznFYS0-E3jP8JY66RZJz8RO381sWPVCPGJQH91NvhFT4O26ZZ2YWrEN3FiQ35iuig=]]></url>
  <title><![CDATA[周至县检察院开展专项检察保障在押人员“舌尖上的安全”]]></title>
  <content><![CDATA[为了进一步维护在押人员的合法权益，10月9日上午，周至县人民检察院诉讼监督部张品尚副部长带领执检干警一行人对县看守所在押人员伙食质量及囚粮囚款使用情况进行了专项检察。此次检查严格以《看守所伙房管理办法(试行)》和陕西省财政厅、公安厅《关于调整全省看守所在押人员伙食实物量标准的通知》为依据，以每人每月260元为最低标准，对看守所账册、票据凭证、伙房食品经营许可证、食品留样柜进行了检查，了解看守所伙食质量、囚粮囚款的具体使用情况。此外，看守所专门成立伙房管理委员会对伙房卫生、伙食质量进行监督，收集在押人员对伙房的意见和建议，对提出的建议及时改进，确保在押人员吃熟、吃热、吃的干净卫生，保障在押人员“舌尖上的安全”。此次检查保障了国家对监管场所的专项拨款用到实处，促进了看守所对囚粮囚款的规范使用，进一步维护在押人员的合法权益。图文：贺三娟编辑：朱  迪审核、签发：周广育]]></content>
  <author><![CDATA[周至检察官]]></author>
  <time>2018-10-10 16:23:42</time>
  <account><![CDATA[zhouzhijianchaguan]]></account>
</data>
