<data>
  <id><![CDATA[50705867]]></id>
  <url><![CDATA[https://mp.weixin.qq.com/s?timestamp=1539596479&src=3&ver=1&signature=Egrj350GoKY8-KUcIJshb*QWAiTcFRrbHf5rs-wYXgn32lIs2qecFecd09bUKyX4vfY4hMk9kU7FXG2*9PF*wTllYsUWOxjfZA9XYXFjr39WDG8OK3ry7TFX-8pE*ABBIJoSSoUPuh3RC0mmwQqaa44R3lK3fk1-z-8IWPo4keo=]]></url>
  <title><![CDATA[【扫黑除恶】四部门挂牌督办！湖北检察机关公诉一涉黑砂霸团伙]]></title>
  <content><![CDATA[来源：楚天都市报日前，湖北省襄阳市樊城区检察院对以张某为首的砂霸团伙21人提起公诉。此案由湖北省扫黑办、省高级法院、省检察院、省公安厅挂牌督办。据检察机关指控：2014年3月以来，张某等人通过违法手段，取得樊城牛首、张王岗汉江段采砂经营权，采取私设磅站强行收费、非法采砂等手段，对该区域砂石行业形成垄断，并有组织地实施了一系列违法犯罪活动，获利4800余万元。9月26日，检察机关以涉嫌组织、领导、参加黑社会性质组织罪等，依法对张某等21人提起公诉。另外，樊城区水利局原党组副书记冯某、樊城区河道采砂管理站站长汪某，涉嫌充当张某团伙“保护伞”。两人因涉嫌严重违纪和职务违法，正在接受纪律审查和监察调查。]]></content>
  <author><![CDATA[周至检察官]]></author>
  <time>2018-10-08 16:55:55</time>
  <account><![CDATA[zhouzhijianchaguan]]></account>
</data>
