<data>
  <id><![CDATA[50705867]]></id>
  <url><![CDATA[https://mp.weixin.qq.com/s?timestamp=1539596479&src=3&ver=1&signature=Egrj350GoKY8-KUcIJshb*QWAiTcFRrbHf5rs-wYXgn32lIs2qecFecd09bUKyX4vfY4hMk9kU7FXG2*9PF*wTllYsUWOxjfZA9XYXFjr39T75fBzYpGhQVWU9RBVpoux-3vheL3puJbmsF20lwaL26C5a3JIa5N2vT5CqrmGek=]]></url>
  <title><![CDATA[周至县人民检察院国庆期间扶贫纪实]]></title>
  <content><![CDATA[为进一步落实上级关于精准帮扶工作的要求，全力打赢脱贫攻坚战，周至县人民检察院干警利用国庆期间深入翠峰镇清河村和新联村，开展帮扶工作。10月1日，周至县检察院副检察长郭晓青带队，带领帮扶干警入村开展帮扶工作，郭检领学了市脱贫办下发的《关于做好2018年脱贫退出工作的实施意见》，并要求帮扶干警认真学习，领会文件精神，按照文件要求，做好2018年度贫困户收入核算等工作。10月4日，该院干警驻清河村第一书记王斌、联络员杨波参加了翠峰镇清河村2018年贫困户脱贫退出民主评议会。按照市、县《关于做好2018年脱贫退出工作的实施意见》要求，结合清河村2018年年度脱贫工作计划，在清河村部一楼会议室顺利召开了民主评议会。会议由清河村村民代表，村双委会成员，第一书记，驻村工作队成员，贫困户代表参加。10月7日、8日，该院干警再次走村入户精准帮扶，了解贫困户近期生产生活情况，询问三季度各项收支情况，填写收入调查表，并向他们讲解“脱贫不脱帮扶”的退出政策，鼓励他们发展产业，就业创业，立志气、卖力气，用勤劳汗水换取幸福生活，与全国人民共同奔向小康。文字：朱迪图片：杨波编辑：朱  迪审核、签发：周广育]]></content>
  <author><![CDATA[周至检察官]]></author>
  <time>2018-10-08 16:55:55</time>
  <account><![CDATA[zhouzhijianchaguan]]></account>
</data>
