<data>
  <id><![CDATA[50705867]]></id>
  <url><![CDATA[https://mp.weixin.qq.com/s?timestamp=1539596479&src=3&ver=1&signature=Egrj350GoKY8-KUcIJshb*QWAiTcFRrbHf5rs-wYXgn32lIs2qecFecd09bUKyX4vfY4hMk9kU7FXG2*9PF*wTV7ZarYxKLhm2f1k0UN6-NZvHOmGsUKoMl2tPzTHh4h5YUEZcUKMy*cjoH10en9e665U*qChfAU154vOpmpNnI=]]></url>
  <title><![CDATA[公益诉讼成环保利器守护周至绿水青山]]></title>
  <content><![CDATA[近日，周至县人民检察院在依法履职中发现，周至县多家公司未办理环保审批手续，违法生产或者未采取有效措施减少污染物、粉尘的排放，并且违法行为仍在持续进行中，周至县人民检察院迅速走访现场，展开调查，确定了七家企业的违法行为。随后，周至县检察院启动行政公益诉讼诉前程序，依法向周至县环保局发出诉前检察建议七份，建议其积极履职，对涉及企业的违法行为依法作出处理，确保行政区域内生态环境不受侵害，切实维护好国家和社会公共利益。环境污染损害的是公众利益,像保护眼睛一样保护生态环境，像对待生命一样对待生态环境，对环境破坏行为和破坏事件零容忍，是周至检察公益诉讼工作的决心，让公益诉讼成为环保新力量，我们的生态环境一定能得到更好保护，我们日益增长的优美生态环境需要一定能得到更好满足。文字：闫小路图片：来源网络编辑：朱  迪审核、签发：周广育]]></content>
  <author><![CDATA[周至检察官]]></author>
  <time>2018-10-06 14:00:00</time>
  <account><![CDATA[zhouzhijianchaguan]]></account>
</data>
