<data>
  <id><![CDATA[50705867]]></id>
  <url><![CDATA[https://mp.weixin.qq.com/s?timestamp=1539596479&src=3&ver=1&signature=Egrj350GoKY8-KUcIJshb*QWAiTcFRrbHf5rs-wYXgn32lIs2qecFecd09bUKyX4vfY4hMk9kU7FXG2*9PF*wTOn1osIOwiy2mxmHiwwhYJ770jLohzuSe8Q7jdJvmdEK3Aav62ATi*X4C8teXSshYLx8J9stThXatSA2tKJNQU=]]></url>
  <title><![CDATA[着眼民生！新疆检察机关开展“三项安全”公益诉讼专项行动]]></title>
  <content><![CDATA[来源：新疆法制报近日，新疆维吾尔自治区巴音郭楞蒙古自治州9个基层检察院同时向当地食药部门发出督促其加强对辖区网络餐饮服务第三方平台监管的检察建议共21份，这是最高检开展全国检察机关“保障千家万户舌尖上的安全”检察公益诉讼专项监督活动后，新疆首批将网络餐饮服务第三方平台纳入检察公益监督范畴的案件，引起社会强烈反响。巴音郭楞蒙古自治州检察院在履职中发现，巴州范围内某餐饮外卖平台在商家资质一栏只显示了网络餐饮服务提供者的联系方式和具体地址，并未严格按照《网络餐饮服务食品安全监督管理办法》的规定，公示商家的食品经营许可证。当地食药部门作为网络餐饮服务食品安全监督管理部门，存在怠于履职的行为，致使广大群众的餐饮安全存在隐患。发现此线索后，巴州检察院积极行动，要求各基层检察院迅速排查当地网络餐饮服务平台，共发现21家网络餐饮服务平台出现公示商家证照不规范的问题。自治区检察院审批同意立案后，巴州9个基层检察院分别向当地食药部门发出检察建议，督促整改。食药部门纷纷表示，感谢检察机关帮他们及时堵住监管漏洞，将加强对网络餐饮服务平台和网络餐饮服务提供者的监管。目前，21份检察建议还在回复期。自9月份以来，自治区检察院在全疆检察机关开展保障“千家万户舌尖上的安全”“家门上的安全”“车轮上的安全”（以下简称“三项安全”）公益诉讼专项行动，充分发挥检察机关公益诉讼职能，顺应人民群众对食品安全、生态环境安全、旅行安全等多方面的新期待，加大涉食用农产品、食品生产销售公益诉讼案件办理力度，探索涉水污染、大气污染、固体废物污染、噪声污染等公益诉讼案件办理方式，拓展涉铁路安全公益诉讼案件办理范围，通过开展工作、办理案件，纠正相关行政机关违法行使职权和不作为。据了解，今年9月为“三项安全”公益诉讼专项行动动员部署阶段，今年10月至明年6月为行动推进落实阶段，明年7月至8月为总结推广阶段。自专项行动动员部署以来，各分州市院纷纷行动起来，以小专项助推大专项，使各族群众感受到专项行动带来的变化和益处，使专项行动真正取得监督实效。昌吉回族自治州两级检察院聚焦网络餐饮外卖平台，守护群众“舌尖上的安全”，对各县市网络餐饮外卖平台中存在的问题进行清查，发现问题的，向食品安全监管部门下发检察建议，切实履行检察机关监督职能；乌鲁木齐市头屯河区检察院对辖区近百家网络平台餐饮服务提供者进行清查，通过检察建议，督促行政机关迅速开展网络餐饮服务专项整治，规范网络餐饮服务。]]></content>
  <author><![CDATA[周至检察官]]></author>
  <time>2018-10-04 14:16:42</time>
  <account><![CDATA[zhouzhijianchaguan]]></account>
</data>
