<data>
  <id><![CDATA[50705867]]></id>
  <url><![CDATA[https://mp.weixin.qq.com/s?timestamp=1539596479&src=3&ver=1&signature=Egrj350GoKY8-KUcIJshb*QWAiTcFRrbHf5rs-wYXgn32lIs2qecFecd09bUKyX4vfY4hMk9kU7FXG2*9PF*wTOn1osIOwiy2mxmHiwwhYKLNf1lRw8hUZJVKNWJRpslXuYfr*axvKIj68ufnRMgSx2vJskdqQZQtNINwiB2ubc=]]></url>
  <title><![CDATA[专门写给女孩的旅行“七不要”]]></title>
  <content><![CDATA[我要一个人去东京铁塔看夜景我要一个人去威尼斯看电影我要一个人去阳明山上看海芋我要一个人去纽约纯粹看雪景我要一个人去巴黎喝咖啡写信我要一个人的旅行……戴佩妮的一首《一个人的行李》唱出了一个人旅行的惬意与舒畅，越来越多的女孩也像她一样，渴望一个人独自旅行环游世界，来一场说走就走的浪漫。但是，世界有时候很坏，总有你想象不到的危险。甚至，有些悲剧已经发生——●桂林女孩独自旅行失联2016年3月7日下午，广西阳朔女孩小玲在柳州市马鞍山附近失联。3月9日下午，她的遗体在马鞍山后山山腰处被发现，身上还留下了遭受性侵的痕迹。3月28日，犯罪嫌疑人张某被抓获。张某供认，7日下午，他在马鞍山后山小道上与小玲迎面走过，见四周无人，便产生抢劫歹念。遭到小玲反抗后，张某将小玲扼颈致死。之后，张某将小玲拖至附近崖壁一处平台，对遗体进行侵犯，并抢走了小玲身上财物。最终，法院一审判处张某死刑。●四女孩自驾游川西，轿车坠入雅砻江中2018年8月7日下午约4点20分，在从稻城亚丁返回成都途中的“新龙县”路段，一辆自驾游车辆不慎坠入雅砻江。车上4位女孩，其中两人确认已遗憾离世。从行车记录仪的记录可以看到，双向车辆进入弯道前没有鸣喇叭互动，事故车辆入弯道时车速过快，导致弯中急打方向时车辆失控滑出路面。这些都可能是导致事故发生的原因。关于川藏线、川西环线，很多人都知道其危险性，并不是每一位司机都能一路通行。不熟悉路况时，最好找车队带路，更不能擅自自驾游出行。对于已经发生的悲剧，我们惋惜痛心的同时，更要引以为戒。因此，不论是独自旅行，还是闺蜜同行，女孩出游，这些安全注意事项一定要知道！不要说走就走，提前规划路线了解治安提前熟悉当地情况。外出旅行前，一定要提前了解当地情况，可以上网查找当地旅游攻略，也可以购买一些相关书籍看看。规划好旅游路线。提前规划旅游路线，可以减少很多不确定因素的出现，提高安全系数。可以关注当地的新闻动态，了解治安情况和风土人情，也可以搜索最新的旅人情报，获取安全建议。还要提示一点：手机里一定要安装好导航地图，防止迷路。如果是到国外旅行，最好花些时间来学习英语，以便旅途中交流顺畅。不要突然失联，勤向家人报平安和家人亲友保持联络。外出旅行时，家人亲友总会时刻牵挂着你。出门前最好把行程发给他们，和他们保持联络，让他们知道你的行踪。如果你要去比较荒僻的野外，也提前和家人亲友沟通，并告知你可以恢复联络的时间。勤向家里报平安，有规律地进行电话联络，保持通信畅通，条件允许时，可以实时将自己的地理位置发送给家人。不要带贵重物品，避免招惹歹徒出门旅行忌携带贵重物品。携带贵重物品易招惹歹徒，徒增旅行麻烦。旅行前，可以为自己准备便宜的手表和小面额现金，贵重的首饰，包括项链、戒指等尽量不要佩戴。钱包一定要收好。旅行途中，既要防止钱包被偷，也要防止背包被抢。随身携带的现金和银行卡等可以分几处存放，以防万一。不要怪异着装，尊重当地风俗旅行前，女孩在收拾行李的时候要注意选择轻便、舒适、不太暴露的衣服。上衣要尽量选择保守一点的，裤子要选择带拉链和口袋的，方便携带一些东西。鞋子最好是方便的旅游鞋。背包可以尽量选择斜挎包，安全一些。尽量依当地人的习惯穿着。外出旅游时要尊重当地的风土人情，特别是一些有宗教信仰的国家，要尊重当地的衣着习惯避免不必要的麻烦。最安全的穿衣方式，就是穿得和当地女性一样，融在人群中不突兀，便自带一层看不见的保护膜。不要轻信他人，不吃离开过视线的食物外出旅行，饮食安全一定也不能忽视，不给坏人可乘之机。不要随意吃别人给的东西。遇到陌生人搭讪，递过来的饮食一定不要随便乱吃，即使感觉对方很和善也要保持警惕。离开过视线的东西不要吃。哪怕是自己点的饮食，如果中途离开过自己的视线，也不要再吃了。喝酒要注意。酒精类饮品要适量，尽量不要去酒吧、夜店等场所，时刻保持清醒。不要随遇而安，选酒店安全第一选安全正规的酒店。可以事先上网查看酒店的点评，选择那些口碑好的酒店，切勿因贪小便宜而去选择那些偏僻或不正规的酒店。入住时忌不设防。及时给房门上锁，确保安全。遇到陌生人来敲门，一定要提高警惕，即使对方自称是服务员，也要问清楚“有什么事情”。查看酒店安全通道。大部分酒店房间内都设有逃生示意图。进入房间后，要先查看房间示意图，看清楚防火梯的位置。一旦发生特殊状况，知道自己可以往哪里跑。不要随意搭车，尽量选择公共交通一定不要搭乘黑车。空姐遇害案、女孩滴滴顺风车遇害案发生后，乘车安全再次引发了全民大讨论。滴滴打车尚且出现如此大的安全隐患，黑车的安全隐患问题可想而知。女孩外出旅行时，一定不要搭乘黑车。避免深夜搭乘车辆。在很多地方，白天和夜里的治安情况是很不一样的，也许白天治安良好，可到了晚上就变了样。所以到了陌生地方，夜里一定要提高警惕，尽量避免深夜搭车。尽量选择公共交通工具。女孩出游，火车、地铁、公交车、大巴车等公共交通工具应该优先选择。要尽量往人多的地方走。如果是自驾游出行，一定要提前检查好车辆状况，最好结伴出行，轮流开车，避免疲劳驾驶。此外，哪怕路边风景再美好，驾驶员也不能因看美景而不注意看路。出游很美好，但是危险也存在。女孩儿们一定要提高警惕，不给坏人可乘之机。祝大家都有一个开心无忧的假期！来源：检察日报]]></content>
  <author><![CDATA[周至检察官]]></author>
  <time>2018-10-04 14:16:42</time>
  <account><![CDATA[zhouzhijianchaguan]]></account>
</data>
