<data>
  <id><![CDATA[50705867]]></id>
  <url><![CDATA[https://mp.weixin.qq.com/s?timestamp=1539596479&src=3&ver=1&signature=Egrj350GoKY8-KUcIJshb*QWAiTcFRrbHf5rs-wYXgn32lIs2qecFecd09bUKyX4vfY4hMk9kU7FXG2*9PF*wc5LxZlnKgydcEics3HahrxiKhRV3UuAeVn3g0pwSg*Gw4xXB16wvnJC4fF9CSo*UFpgR8MddLNIoZGnDlaOKdA=]]></url>
  <title><![CDATA[【关注】陕西府谷检方提前介入一起5人死亡特大交通事故调查]]></title>
  <content><![CDATA[来源：检察日报检察日报榆林10月9日电（记者 倪建军 通讯员 徐海雄）10月8日，陕西省榆林市府谷县发生一起特大交通事故，共造成5人死亡1人受伤。记者今天了解到，府谷县人民检察院已经依法提前介入事故调查。10月8日16时20分许，一辆陕K牌照白色大众小轿车沿府店公路由西向东行驶至府谷深焉路段时，与前方晋H牌照重型半挂车追尾相撞，致陕K牌小轿车上3人当场死亡，3人被送往医院，其中2人经抢救无效死亡，1人受伤正在救治。事故发生后，府谷县检察院高度重视,立即安排干警提前介入，积极主动与侦查部门对接,引导帮助依法调查取证，对该案的侦查取证和救援处置工作提出建议和意见。目前事故现场已经勘查完毕，道路交通秩序已恢复正常，事故原因正在进一步调查之中。]]></content>
  <author><![CDATA[周至检察官]]></author>
  <time>2018-10-10 16:23:42</time>
  <account><![CDATA[zhouzhijianchaguan]]></account>
</data>
