<data>
  <id><![CDATA[50705867]]></id>
  <url><![CDATA[https://mp.weixin.qq.com/s?timestamp=1539596479&src=3&ver=1&signature=Egrj350GoKY8-KUcIJshb*QWAiTcFRrbHf5rs-wYXgn32lIs2qecFecd09bUKyX4vfY4hMk9kU7FXG2*9PF*waSL8f4-ZQ8Asi6aJyyYMdhLEpwW3zfs7*SZj92vKgh3AibLvD3WpL2NtY2F9-YmhdAPaeEZV9tPWd9AeLjtYeA=]]></url>
  <title><![CDATA[狗叫影响睡眠，浙江宁波一男子刀捅邻家4人！检方已介入侦查]]></title>
  <content><![CDATA[来源：检察日报检察日报全媒体记者了解到，10月10日，浙江省宁波市男子王某某因邻居家养的狗常吠影响其睡眠，交涉无果后，刀捅邻居一家，造成三死一伤。案发后，当地检察机关已提前介入警方案件侦查。据浙江省宁波市公安局高新技术开发区分局通报，10月10日18时55分，宁波高新区梅墟街道蓝庭花园发生故意杀人案件后，省市领导高度重视，相继作出批示，提出明确工作要求。在省公安厅有力组织指挥下，市、区两级公安机关组织精干力量迅即展开案件侦查。经查，犯罪嫌疑人王某某(男，46岁，宁波市江北区人，有固定职业，无犯罪和吸毒前科，尿样检测呈阴性，血液中未检出酒精成分)因邻居陈某家养的狗常吠影响其睡眠，多次交涉未果，心存怨恨，双方均未曾向有关部门反映和报警。10月10日下午18时40分左右，王某某因狗吠再次上门与陈某家交涉，未果后返回自己家中取刀进入陈某家中(门未关)，捅向陈某及其丈夫、女儿、母亲四人。处警民警于当晚19时5分将王某某当场抓获。目前，陈某及其丈夫、女儿经抢救无效死亡，陈某母亲尚在医院接受治疗(无生命危险)。公安机关在全力侦办案件的同时，会同属地党政部门积极做好各项善后工作。检察机关已提前介入。]]></content>
  <author><![CDATA[周至检察官]]></author>
  <time>2018-10-11 16:08:32</time>
  <account><![CDATA[zhouzhijianchaguan]]></account>
</data>
