<data>
  <id><![CDATA[50705867]]></id>
  <url><![CDATA[https://mp.weixin.qq.com/s?timestamp=1539596479&src=3&ver=1&signature=Egrj350GoKY8-KUcIJshb*QWAiTcFRrbHf5rs-wYXgn32lIs2qecFecd09bUKyX4vfY4hMk9kU7FXG2*9PF*waYLt4*iB9LJ*dDrAXY-p-YMgfoVLPUywv*KhfNtWxr6VMDqIcPZoW*gk73vBjFtnwenHfp6qSQ6aR4ua8eoDYk=]]></url>
  <title><![CDATA[【以案说法】扒窃他人财物被发现后采用轻微暴力手段抗拒抓捕，盗窃？抢劫？]]></title>
  <content><![CDATA[案情回顾2017年4月某日，李某在周至县一超市内趁张某选购商品时，用镊子盗走张某口袋内的现金200余元，准备离开时被张某发觉，后被追赶至收银台处。张某用手抓住李某的衣服索要自己被盗的现金，李某在张某的身上踹了几脚，掰开张某抓自己衣服的手后逃离现场。观点一：盗窃罪第一种意见认为，本案中李某盗窃的数额明显低于盗窃罪数额较大的标准，且本案未对被害人的伤情进行鉴定，现有证据无法反应被告人实施暴力的程度及该行为对被害人造成的损伤程度，故应以盗窃罪追究李某的刑事责任。观点二：抢劫罪第二种意见认为，李某以非法占有为目的，盗窃他人财物被发现后，为抗拒抓捕而当场使用暴力，应当以抢劫罪追究其刑事责任。盗窃抢劫笔者认为，李某的行为构成抢劫罪，理由如下：首先按照《刑法修正案八》的规定，“扒窃”入刑后，本案就构成犯罪的认定上不应再片面强调数额的规定。本案案发于2017年4月，被告人李某以非法占有为目的，在公共场所秘密窃取他人随身携带的财物200余元，符合盗窃罪中扒窃的犯罪构成。2011年《刑法修正案八》出台后，“扒窃”入刑不要求以犯罪数额为要件，李某已经构成盗窃罪既遂，应直接适用《刑法》第二百六十九条原文，以抢劫罪定罪处罚，不应适用2005年《两抢意见》。其次李某使用的暴力程度超过普通的“以摆脱的方式逃脱抓捕”的范畴。2016年《指导意见》对转化型抢劫中的暴力程度进行了区分，对“以摆脱方式逃脱抓捕，暴力强度较小，未造成轻伤以上后果的，可不认定为‘使用暴力’，不以抢劫罪论处”。但本案中李某在被被害人发现并抓住之后“踢了被害人几脚，掰开被害人抓住自己衣领的手，逃离现场”，其“踢了被害人几脚” 的行为是明显的、积极主动的使用暴力对被害人故意实施殴打、伤害的行为，足以压制被害人的反抗；其行为直接针对被害人的人身健康及生命安全，属于“采用殴打的形式抗拒抓捕”，其暴力程度远超过“以摆脱的方式逃脱抓捕的行为”的范畴。该行为符合《刑法》269条“犯盗窃罪，为抗拒抓捕而当场使用暴力的，依照抢劫罪定罪处罚”的规定。周至县人民检察院以抢劫罪对该案提起公诉，法院以盗窃罪对该案进行判决。后周至检察院依法提起抗诉，二审法院开庭审理后依法改判。该案被西安市人民检察院评为“精品刑事抗诉案件”。文字：陈佳鑫图片：来源网络编辑：朱  迪审核、签发：周广育]]></content>
  <author><![CDATA[周至检察官]]></author>
  <time>2018-10-09 16:34:59</time>
  <account><![CDATA[zhouzhijianchaguan]]></account>
</data>
