<data>
  <id><![CDATA[50705867]]></id>
  <url><![CDATA[https://mp.weixin.qq.com/s?timestamp=1539596479&src=3&ver=1&signature=Egrj350GoKY8-KUcIJshb*QWAiTcFRrbHf5rs-wYXgn32lIs2qecFecd09bUKyX4vfY4hMk9kU7FXG2*9PF*waSL8f4-ZQ8Asi6aJyyYMdiZip15Ifhg1HajfBhvMexhKZ7LMREQpj1LwAhPKtfDmV2ZBIxtzW39F9-uT4OdbGQ=]]></url>
  <title><![CDATA[检察干警扶贫忙进村入户不停歇]]></title>
  <content><![CDATA[近日，周至县人民检察院干警统一前往翠峰镇清河村和新联村开展帮扶工作，本次帮扶工作主要以核算2018年度贫困户家庭收入情况，按照市扶贫办最新工作要求，镇包村干部、四支队伍成员、村两委会成员需共同入户逐户核查贫困户家庭收入情况。带队领导郭检要求各帮扶干警核算收入一定要认真细致，要与贫困户面对面进行核算，确保2018年户退出工作顺利进行。驻村第一书记王斌根据最新收入核算要求，为大家详细解读收入核算办法，确保收入核算准确无误。随后，帮扶干警入户核算2018年度收入情况，贫困户确认签字。翠峰镇包村干部、驻村工作队成员、村双委会成员入户核查收入核算工作，并按照文件要求留存影响资料。自脱贫攻坚工作开展以来，全体帮扶干警始终把贫困户的安危冷暖放在心坎上，不落一户，不落一人，精准帮扶，周至检察人始终在路上！图文：杨  波编辑：朱  迪审核、签发：周广育]]></content>
  <author><![CDATA[周至检察官]]></author>
  <time>2018-10-11 16:08:32</time>
  <account><![CDATA[zhouzhijianchaguan]]></account>
</data>
