<data>
  <id><![CDATA[50705867]]></id>
  <url><![CDATA[https://mp.weixin.qq.com/s?timestamp=1539596479&src=3&ver=1&signature=Egrj350GoKY8-KUcIJshb*QWAiTcFRrbHf5rs-wYXgn32lIs2qecFecd09bUKyX4vfY4hMk9kU7FXG2*9PF*wfdbHwZt4LJchGsz*2f8X6Ir*f8rHT9unp7S8F0AYhzh41xdtCFUBC2fuvUYQMyZQu8QCq*V1WMtsMOXrejjXjE=]]></url>
  <title><![CDATA[周至县人民检察院检察长王晓明深入骆峪镇开展驻村帮扶工作]]></title>
  <content><![CDATA[近日，周至县人民检察院检察长王晓明带队深入骆峪镇开展驻村帮扶工作，并入户走访慰问了困难群众吴乃成。在骆峪镇政府，王检听取了近期扶贫工作开展情况，详细查阅了扶贫资料。王检强调，要严格按照县委县政府文件要求，贯彻落实文件精神，紧盯时效，确保扶贫工作扎实有效推进，在最后扶贫工作收尾的关键时期，一定要将扶贫工作做实、做细。社区建设工作要加快工作进度，让群众尽快入住。随后，王检入户走访了困难群众吴乃成，详细了解了近期经济状况、身体状况和生产生活方面存在的困难，并为他们带去了慰问品。图片：朱庆青编辑：朱  迪审核、签发：周广育]]></content>
  <author><![CDATA[周至检察官]]></author>
  <time>2018-10-15 16:40:20</time>
  <account><![CDATA[zhouzhijianchaguan]]></account>
</data>
