<data>
  <id><![CDATA[50872200]]></id>
  <url><![CDATA[https://mp.weixin.qq.com/s?timestamp=1539596486&src=3&ver=1&signature=Egrj350GoKY8-KUcIJshb9yHh0qZFCBb-hce0I*eotqhY9gADjWVeTWY8pajE6nX9C9-Q9PjIFw04QrW-9D*dT2dG56hbnBVU8J2In5o4r5a4bIPT5iNGCSiGCSVq9pPH631fRwv*DoFk0C6blxOo36Y0W55hoUaYD4D9peiIww=]]></url>
  <title><![CDATA[【改革开放四十周年】那些外企的“中国故事”]]></title>
  <content><![CDATA[从1978年第一家外资企业——日本松下电器落户中国到2014年中国首次成为全球最大的FDI(吸引外资)接收国。外企在中国的发展折射了中国改革开放的历史变迁，也见证了中国融入世界、成为全球第二大经济体的巨变。最早进入中国的外资家电——松下电器1978年，松下电器成为第一家进入中国的外资企业。1978年10月，时任国务院副总理的邓小平出访日本。当时，邓小平参观了被誉为日本骄傲的3家工厂，其中就有松下电器大阪府茨木工厂。90年代，日本家电产品在中国市场上如日中天，但最近几年，随着中、韩家电品牌的崛起，松下大有江河日下之势。2015年，松下中国正式宣布，已于2015年1月底终结山东松下电子信息有限公司事业。这个公司于1995年成立，其从1996年开始生产显像管电视机至今已有19年之久。关闭它，意味着松下在中国区域内的电视生产和制造业务彻底结束。最早进入中国的外资快销品牌——可口可乐1949年，随着美国大使馆撤离，可口可乐撤出中国大陆市场。自此之后的30年内，大陆市场上再没出现过这种喝起来有点像中药的饮料。1978年12月13日，可口可乐与中粮在北京饭店签订协议，采取补偿贸易的方式和其他支付办法，向中国的主要城市和旅游区提供可口可乐，并在中国设厂灌装销售。中国市场由1994年可口可乐系统全球第21位迅速攀升到现在的第3大市场，并成为最重要的市场之一。最早进入中国的外资计算机——IBM1979年，IBM在与中国中断联系近30年之后，伴随着中国的改革开放再次来到中国。同年在沈阳鼓风机厂安装了中华人民共和国成立后的第一台IBM中型计算机。80年代中后期，IBM 先后在北京、上海设立了办事处。1992年IBM 在北京正式宣布成立国际商业机器中国有限公司，这是IBM在中国的独资企业。最早进入中国的多元化跨国公司——通用电气1906年，GE开始发展同中国贸易，是当时在中国最活跃、最具影响力的外企之一。1908年，GE在沈阳建立了第一家灯泡厂。1934年，GE买下了慎昌洋行，开始在中国提供进口电气设备的安装和维修服务。1979年，GE与中华人民共和国重建贸易关系。1991年， 第一家合资企业GE航卫医疗系统有限公司在北京成立。目前，GE的8个产业部门——航空、医疗、石油天然气、发电设备与水处理、能源管理、运输、GE金融、照明，都已在中国开展业务，在中国拥有18000多名员工。通过“一带一路”战略，寻求更多合作共赢。最早进入中国的外资服装——皮尔·卡丹1978年改革开放后，皮尔·卡丹是最早进入中国的外国服装品牌，也是当时中国大众对奢侈品概念的第一印象。 当时的皮尔·卡丹，代表着高档、奢侈、身份、时尚、国际化……而现在，这些符号与皮尔·卡丹已经渐行渐远。特别是当更多欧洲奢侈品牌涌入中国后，皮尔·卡丹开始淡出追捧奢侈品人群的视野。首家独资外企——摩托罗拉摩托罗拉公司于1987年进入中国，首先在北京设立办事处，开始在中国销售模拟移动电话。1992年，摩托罗拉在天津注册成立摩托罗拉(中国)电子有限公司，这也是中国首家独资外企。传呼机、大哥大、功能手机、智能手机、平板电脑，天津工厂一直承担着摩托罗拉移动产品的大部分生产职责。以苹果、三星为代表的智能手机崛起，摩托罗拉的全球市场战略发生巨变，呈现从多个市场撤出。2014年，摩托罗拉以29亿美元的价格，转售给联想集团。商界有句古话，“没有永远的王者，只有不变的竞争。”纵观改革开放以来外资企业的兴衰更替，外资企业只有站在全球角度，认真审视其中国发展战略，主动适应中国经济新常态，才能真正构筑在中国市场持续的竞争优势，汇聚发展新动能，抓住“中国新机遇”。来源：网络综合]]></content>
  <author><![CDATA[司马煤业公司]]></author>
  <time>2018-10-11 19:00:00</time>
  <account><![CDATA[SiMaMeiYeGongSi]]></account>
</data>
