<data>
  <id><![CDATA[50872200]]></id>
  <url><![CDATA[https://mp.weixin.qq.com/s?timestamp=1539596486&src=3&ver=1&signature=Egrj350GoKY8-KUcIJshb9yHh0qZFCBb-hce0I*eotqhY9gADjWVeTWY8pajE6nX9C9-Q9PjIFw04QrW-9D*dRYTh8JwzbP6sZ36iaLEbLY3OdxhBXdOXlIjv0QUBZRcCwTzcIznLiKGYx9vdluFObRnRyTDCXbQgrhG1y4Q40o=]]></url>
  <title><![CDATA[【改革开放四十周年】青春史：那些歌，那些书]]></title>
  <content><![CDATA[S                    T改革开放四十周年纪念特辑（1978-2018）6那些歌，那些书每个人成长的BGM·那些歌费翔  利民（自由职业者 1982 年初中入读）费翔的《冬天里的一把火》燃烧了我整个青春。直到现在，我还清晰记得那时的疯狂。那是被压抑又渴望表达的情感喷涌而出的痛快淋漓！请输入标题     abcdefg邓丽君  美娇（幼儿园园长 1981 年初中入读）读初中的时候，邓丽君的歌开始传入大陆，我们几个爱唱歌的女生一听就无法自拔了。特别是那首《云河》： “一片片白茫茫遥远的云河，像雾般朦胧地掩住了我……”无论是歌词还是邓丽君的歌声，都直击我们的内心，感觉全世界都可以不懂我，只要有邓丽君的歌就行。请输入标题     abcdefg港台电视剧主题曲、片头片尾曲向阳（私企老板 1989 年初中入读）突然有一天电视剧进入了我们的生活，《霍元甲》的主题曲《万里长城永不倒》几乎人人会唱几句，我们更是唱得荡气回肠。后来一发不可收拾，尤其是流行的粤语歌曲，不管懂不懂粤语，大家都会半吊子唱几句，比如《上海滩》《铁血丹心》《万水千山总是情》《一生何求》等。如今，累了烦了的时候，邀三五好友去 KTV 唱唱歌，点的还是这些老歌，唱着带劲！请输入标题     abcdefg摇滚年代洪刚（网络程序员 1992 年高中入读）上高中时，崔健的《一无所有》拯救了我的青春。那声嘶力竭的呐喊宣泄了我心中的愤懑，表达了我内心的无奈与挣扎。之后我就开始关注摇滚，知道了黑豹乐队、唐朝乐队等。后来学校里有了自己的广播站，喜欢音乐的同学开始关注外文歌曲，欧美的摇滚也开始进入我们的视野。迈克尔·杰克逊是我最喜欢的摇滚歌手，为此我还冒着被处分的危险留起了长发，结果自然是没有成功，但学校无法要求我走路的姿势不能是杰克逊的样子。请输入标题     abcdefg小虎队和四大天王群仙（护士 1989 年卫校入读）读卫校的时候，小虎队和四大天王走进了我的生活。小虎队的《爱》和《青苹果乐园》在校园的每一个角落传唱。我为此还理了一个与苏有朋差不多的发型。书本上、日记本上贴满了小虎队和四大天王的大头贴。特别是张学友，更是我的梦中情人，一度影响了我找男朋友的标准。请输入标题     abcdefg校园民谣毛毅（科研人员 1992 年初中入读）1994 年，一张叫《校园民谣 1》的专辑诞生，《同桌的你》这些朗朗上口的旋律，一到中午就会在校园广播中响起，我们在歌声里、在树荫下、在操场上……散步、聊天、奔跑，觉得青春和校园就是歌里的模样，青涩美好，憧憬远方。请输入标题     abcdefg周杰伦  许淑瑶（本刊编辑 2005 年初中入读）周杰伦是我们这一代的大众情人。我们想出了各种方式表达对他的热爱。与同学比拼谁心中的男神更厉害，只要答案不是周杰伦统统被“枪毙”；买了很多周杰伦的贴纸，在房间里、书本上到处贴，目之所及都是他；把零花钱都拿来买他的磁带和 CD，向父母要钱买来奢侈的随身听，理由是为了认真学习英语，事实上全用来听周杰伦的歌了；男生们的业余爱好就是模仿周杰伦的动作、表情和声线，甚至还有口头禅；最有难度的是用方言唱周杰伦的歌，五湖四海各种乡音却唱着同一首歌；最幸福的事莫过于听周杰伦的演唱会，节衣缩食把生活费省下来还是只能买一张最便宜的演唱会门票，但已经很满足。请输入标题     abcdefg超级女声何天平（杂志主编 2004 年初中入读）2005 年那场全民狂欢的电视选秀让音乐走下神坛，变得亲民。原来，普普通通的身边人可以这样“一夜成名”。这些站在舞台上的姑娘们代表着不同的审美，却一并被时代所接纳。于是，看“超女”成了大家茶余饭后最重要的社交话题。同桌之间会因为是“凉粉”还是“玉米”置气一整天，谁也不跟谁说话；住宿的学校会因为超女要直播了，周五的晚自习提前结束；每个周末全家人坐在一起看电视，父母一边批评一边认真看，而我们则在爸妈争论不休时偷拿了他们的手机，给喜欢的偶像一口气发上十条投票短信；月考、期末考的试卷里随处可见“超级女声”这个关键词，还记得同学在一篇命题作文《我的偶像》里用 800 字表达了她对李宇春的崇拜，虽然后来被老师当成了零分作文的典范……请输入标题     abcdefg多元时代孔祥瑞（西瓜罐头乐队主唱 2012 年高中入读）时间的车轮行驶到了 21 世纪，音乐世界的大门更加敞开，更加多元。无论是演唱形式、歌曲风格、传播途径还是表达方式，都在告诉我们：音乐已经进入了多元时代。以我为例，在小学毕业典礼上看到别人打架子鼓，觉得玩音乐特帅，就开始学吉他；接触到绿日和金属乐队，萌生了做摇滚乐的念头；初三大家都在努力学习的时候，我却组了个乐队进行了跨年演出；高一时，我的西瓜罐头乐队登上了新魂音乐节、迷笛音乐节；高二时登上了草莓音乐节；高三时发行了属于自己乐队的专辑，还多次参加公益演出，现如今我们的乐队已经唱到了美国……音乐是灵魂的语言，每个鲜活的生命都应该踏歌而行！请输入标题     abcdefg在青春里开出花·那些书《红楼梦》傅岩（语文特级教师 1974 年高中入读）1978 年，经过国家出版局批准，人民文学出版社等先后恢复出版发行了 35 种中外文学名著，《红楼梦》也在其列。可是学校图书馆里是借不到的。就算是新华书店有得卖，我这个穷学生也买不起。那年寒假，教语文的陈老师将他买的一套新版《红楼梦》借给我看，让我在冬日木屋里的火塘边度过了一段温暖充实的时光。请输入标题     abcdefg外国文学名著《复活》等倪江（语文特级教师 1981 年初中入读）我 1981 年随转业的父亲从福建回到老家永康。在福建时，我的所有精神养料来自《儿童文学》《少年文艺》杂志，以及路边的“小人书”。我曾经接触的小说，还是《建国三十年短篇小说集》之类的。一天，我突然在百货店里看到了《安娜·卡列尼娜》《复活》《少年维特之烦恼》等外国文学名著，我的世界从那以后发生了巨变。说那时的阅读给了我大脑“天崩地裂”般的强烈感受，可谓毫不为过。请输入标题     abcdefg《朦胧诗选》等季丰（教师 1984 年高中入读）20 世纪 80 年代是属于诗歌的年代。我和同学们一起朦朦胧胧地读过《朦胧诗选》，读过《探索诗集》，一直读到那次《诗歌报》的各流派诗歌大展。我在半懂不懂的状态下读过的那些朦胧诗或比朦胧诗还要朦胧的诗，为后来我对诗歌意象的解读与破译打下了基础。还有不得不提的港台诗歌。我记得读的第一本是席慕蓉的《七里香》，读来朗朗上口。我还记得有一盒粉红色的磁带，是乔榛、丁建华配乐朗诵的席慕蓉的诗，我们用小录音机一遍遍地放着跟读。至今我仍固执地认为，如今我对诗歌音乐性的追求，应该是在那个时候萌发的。记得 90 年代《诗歌报》杂志封面有句话： “爱诗，有眼光有才情的选择”。那些打动人心的句子，犹如种子在青春时光里被种下，在苍老岁月里开花。请输入标题     abcdefg金庸武侠小说系列冰丽（幼儿教师 1987 年初中入读）进入初中，不知什么时候班里开始疯狂地传阅武侠和言情小说。男生们昏天黑地地读金庸、古龙的小说。进入高中，学业压力越来越大，老师没办法，只能见一本没收一本，有些同学竟然趁老师不注意，做了“偷书贼”。最后实在没办法，只能是家校联动，老师和家长见了金大侠和琼瑶阿姨的书，就像见了洪水猛兽。为了保护这些书籍，男生们可谓费尽心机，因为书籍难得，所以阅读的时间都是被严格限定的，时间一到必须传给下一个同学。男生中开始出现不少“大侠”，除了平常对白经常是金大侠小说人物的惯用语，行动上也没落下，校园里偷偷流行起了“练武热”。请输入标题     abcdefg漫画《灌篮高手》等素戈鸣（媒体人、玩具收藏家，1993 年初中入读）对我中学时代影响比较大的还是漫画吧，诸如《七龙珠》《城市猎人》《灌篮高手》等。因为我看漫画的量非常巨大，应该说 20 世纪 80-90 年代的大部分日本漫画作者的漫画我都看过。但对我影响最大的是《灌篮高手》，我喜欢樱木花道和打中锋的鱼柱，他们让我充满热血，喜欢在篮球场上挥洒汗水。后来进大学我也参加过 CUBA，也像他们一样打起了比赛。请输入标题     abcdefg《哈利·波特》 李思语（2003 年初中入读）这部畅销全球的书陪我度过了整个青春期。11 岁的哈利接到了霍格沃茨的录取通知书，成为魔法学院的学生；11 岁的我为了读他，每天跑到学校附近的书店蹭书看。12 岁的哈利毁掉了伏地魔的第一个魂器；12 岁的我在一次全区作文竞赛中得了一等奖，妈妈奖励我的礼物就是《哈利·波特》的最新版。它成了我的“圣经”。13 岁的哈利终于与教父相见；13 岁的我进了初中，老师让我当宣传委员。我向爸爸抱怨这份差事很辛苦，如果我会魔法就好了。但爸爸却说“：修炼魔法也很辛苦。”14 岁的哈利参加“三强争霸赛”，伏地魔正式归来；14岁的我认识了小彤，另一个铁杆“哈迷”，她成为我中学时代最好的朋友。15 岁的哈利组织了 D.A.，小天狼星离开了；15 岁的我读初三，整天埋首于书山题海中，为升学考试忙得焦头烂额。我不止一次幻想，魔法棒一挥……请输入标题     abcdefg《未来简史》  半夏（2005 年初中入读）真正去读《未来简史》，最过瘾的地方不是里面有多少新知识，而是感受到了作者把一些显而易见的事实组合到一起，就能令人豁然开朗、脑洞大开的强大能力。请输入标题     abcdefg来源：网络综合]]></content>
  <author><![CDATA[司马煤业公司]]></author>
  <time>2018-10-10 19:30:00</time>
  <account><![CDATA[SiMaMeiYeGongSi]]></account>
</data>
