<data>
  <id><![CDATA[50872200]]></id>
  <url><![CDATA[https://mp.weixin.qq.com/s?timestamp=1539596486&src=3&ver=1&signature=Egrj350GoKY8-KUcIJshb9yHh0qZFCBb-hce0I*eotqhY9gADjWVeTWY8pajE6nX9C9-Q9PjIFw04QrW-9D*daNgE0ie5-R77TDcMTu9h39we7sv2jFekZVriQH9y-tn1ube-mAXHI7s8ueoYHJzUuR92*blidKrLW3HBx61Z4Q=]]></url>
  <title><![CDATA[【司马动态】开展“文明交通·文明旅游”宣传活动]]></title>
  <content><![CDATA[为增强广大职工、家属的文明交通意识和安全出行意识，公司党委宣传部，组织学雷锋志愿服务者在矿区、金泽小区发放了安全出行资料。12月29日上午11：00，来自宣传部、汽车队、抽采队、探放水队等队组的志愿者代表等10余人，在公司食堂门店口、公司办公楼前、金泽小区等地方，发放了道路交通安全小常识、文明旅游倡仪书、文明交能倡仪书等宣传资料，号召广大职工积极参与到“尊法守规明礼 安全文明出行”的创建活动中，自觉遵守交通法规，形成人人践行文明交通的良好风尚。（马秒绒）策划：崔振华编辑：高  超]]></content>
  <author><![CDATA[司马煤业公司]]></author>
  <time>2018-09-30 18:52:41</time>
  <account><![CDATA[SiMaMeiYeGongSi]]></account>
</data>
