<data>
  <id><![CDATA[50872200]]></id>
  <url><![CDATA[https://mp.weixin.qq.com/s?timestamp=1539596486&src=3&ver=1&signature=Egrj350GoKY8-KUcIJshb9yHh0qZFCBb-hce0I*eotqhY9gADjWVeTWY8pajE6nX9C9-Q9PjIFw04QrW-9D*da1A-eY1tgZIYOitPedG675rt-kUaPLmkNuUdkxlDLUYKN**5jQSQs3UwXQotI2kt7NQm-rWqhCQHuZPQYxeykg=]]></url>
  <title><![CDATA[【改革开放四十周年】改革开放四十周年，我们砥砺前行]]></title>
  <content><![CDATA[点击上方蓝色字体，关注我们改革开放初的八十年代，简单而又不失美好。一辆自行车，一块手表，一台缝纫机便是上乘的嫁妆。绿皮火车是出远门的必备，列车缓缓而动，窗外的风景如画一般在风中飘过。知识是评判一个人的标尺，无数普通人通过自身努力考上了大学，改变了自己的命运。那是一个物资匮乏但精神富有的年代，那是一个没有喧嚣，人人都在认真做事的年代。那时，中国现代化的大门正在打开，翻天覆地的变化汹涌而来！改革开放四十周年，中国发生了沧海桑田般的改变。第一，在这40年中，整个人类的历史正在发生着十分显著的变化。《未来简史》的作者这样描述人类进入21世纪以后取得的成就“我们靠创造出越来越好的工具与昔日诸神竞争，在不久的将来我们甚至可能创造出超人类，不止在工具上远胜过昔日诸神，就连身体和智力也不落后于神”。我们可以观察到曾经在20世纪困扰着全人类的三大问题（饥荒、瘟疫和战争）已经基本解决，人类目前的中心议题已经转为挑战死亡和享有幸福等更为侧重于人类基本生存问题以上的内容。祖国富强第二，中国人民在中国共产党的领导下积极面临新时代的挑战、依靠自身的不懈努力书写了新的篇章。正如习近平总书记在党的十九大报告中所述，“改革开放之初，我们党发出了走自己的路、建设中国特色社会主义的伟大号召。从那时以来，我们党团结带领全国各族人民不懈奋斗，推动我国经济实力、科技实力、国防实力、综合国力进入世界前列，推动我国国际地位实现前所未有地提升，党的面貌、国家的面貌、人民的面貌、军队的面貌、中华民族的面貌发生了前所未有的变化，中华民族正以崭新姿态屹立于世界的东方。”从平房小巷，泥泞小路到高楼大厦，硬化水泥地。从大哥大到智能手机。现在的我们，只用手滑一滑，便可知天下事。大哥大智能手机从绿皮火车到高铁、动车。人们的出行更加方便更加节省时间。甚至，随着互联网的发展，衍息出一系列变化，如网购的快速发展，网上订票等等，更加为人们的生活提供了便利。人类社会的进步，就是不断创造、改革和完善制度的过程。制度有经济制度、政治制度、社会制度、文化制度等等，各种制度是上层建筑的重要组成部分。制度本身最终是由经济基础决定的，不是主观臆断、凭空想象的。现实存在的制度，只能与国家、民族的实际相结合、相适应，只能是特色的。改革开放只有进行时每一个中国人都能真切地感受到40年来生活翻天覆地的变化，这些变化聚集起来，就是整个社会的进步。改革开放的浩荡浪潮，让中国融入广阔世界，让世界发现新的中国，即便是最固执的“西方中心论”者也不得不承认，中国和世界已经前所未有地融为有机整体，世界越来越离不开中国。中国号巨轮坚定航向，闯险滩、战激流，开足马力、劈波斩浪，胜利驶入崭新而宽广的天地。中国号巨轮时至今日，改革开放已经走过了四十年的历程，历史见证了很多辉煌而感动的时刻，愿我们都能传承这份精神，风雨兼程，砥砺前行！铭记自己的使命]]></content>
  <author><![CDATA[司马煤业公司]]></author>
  <time>2018-09-28 18:30:00</time>
  <account><![CDATA[SiMaMeiYeGongSi]]></account>
</data>
