<data>
  <id><![CDATA[50872200]]></id>
  <url><![CDATA[https://mp.weixin.qq.com/s?timestamp=1539596486&src=3&ver=1&signature=Egrj350GoKY8-KUcIJshb9yHh0qZFCBb-hce0I*eotqhY9gADjWVeTWY8pajE6nX9C9-Q9PjIFw04QrW-9D*dVW9VHjFIZmIgHNoPfMccsH6s0OE7OxzwqBU7UWmlgwKYRSMgAVUDJJLfCc15RV5-6peFcngYUj48G9p0xxPzD0=]]></url>
  <title><![CDATA[【司马动态】青年志愿者走进队组义务宣讲]]></title>
  <content><![CDATA[青年志愿者走进队组义务宣讲10月9日，公司两名青年志愿者深入机电一队、机电二队向两队青年职工义务宣讲团的十八大会议精神和习总书记“7·2重要讲话”精神。义务宣讲活动是公司团委开展的系列志愿者活动中的其中一项，通过定期组织开展青年志愿者义务宣讲活动，既传播了团的影响力，又能在活动中弘扬“奉献、友爱、互助、进步”的志愿精神，推动公司志愿活动制度化、规范化、常态化发展。（崔振华）策划：崔振华编辑：高    超]]></content>
  <author><![CDATA[司马煤业公司]]></author>
  <time>2018-10-09 19:00:00</time>
  <account><![CDATA[SiMaMeiYeGongSi]]></account>
</data>
