<data>
  <id><![CDATA[50872200]]></id>
  <url><![CDATA[https://mp.weixin.qq.com/s?timestamp=1539596486&src=3&ver=1&signature=Egrj350GoKY8-KUcIJshb9yHh0qZFCBb-hce0I*eotqhY9gADjWVeTWY8pajE6nX9C9-Q9PjIFw04QrW-9D*dZbH6UIF58qpNCRIR8R0kwRCd9iMXl3J6XjNsHbLbzBDkoavYFMJ26yN54FwIEFUvQFx*DfJLhfgtDtkOBdEQB4=]]></url>
  <title><![CDATA[【司马动态】公司召开支部书记工作例会]]></title>
  <content><![CDATA[点击蓝字，关注我们公司召开支部书记工作例会9月29日，公司在廉洁教育基地会议室召开了9月份支部书记工作例会。公司领导李红峰、冯卫星、刘振华及政工各部门负责人参加会议。会上，组织部负责人通报了上月各支部绩效考核情况。各政工部门汇报了各自重点工作完成情况，支部创新情况，及下月工作计划。公司党委副书记、纪委书记冯卫星要求各单位负责人提高政治站位，认真学习贯彻中央八项规定精神及其相关文件，尤其要熟练掌握应知应会内容，在国庆期间坚守红线，把好廉政关。工会主席刘振华对十月份工会重点工作进行了安排，要求各支部、各部门通力配合，思想上提高重视，能够急职工所急，想职工所想，确保公司各项工作取得实效。公司党委书记李红峰指出公司当前已经形成1234党建工作新模式、支部工作质量标准化，在工作中要严格把握标准和方向，将党建工作切实做到标准化，同时要正视绩效办、党建调度平台、纪委月度巡查三级检查督办机制，配合督查工作的开展，确保督查到位、责任落实到位。他还指出要把党建创新项目作为一项重要工作来抓，追求务实精神，不搞形式主义，工作中要注重留痕迹，留资料。同时将党建创新项目和绩效工作相结合，加强督查，确保“金点子”落地生根。他强调，支部书记例会是政工部门交流沟通的重要平台，各基层党支部和各部门要充分发挥好平台作用，真交流、真沟通，去粗取精，确保好的经验做法能够得到推广、应用。（路蓓）策划：崔振华编辑：高  超]]></content>
  <author><![CDATA[司马煤业公司]]></author>
  <time>2018-09-29 20:00:00</time>
  <account><![CDATA[SiMaMeiYeGongSi]]></account>
</data>
