<data>
  <id><![CDATA[50872200]]></id>
  <url><![CDATA[https://mp.weixin.qq.com/s?timestamp=1539596486&src=3&ver=1&signature=Egrj350GoKY8-KUcIJshb9yHh0qZFCBb-hce0I*eotqhY9gADjWVeTWY8pajE6nX9C9-Q9PjIFw04QrW-9D*dRYTh8JwzbP6sZ36iaLEbLb9T0spNsZE5mEeZHtbkQtKCTezmaJt*b6kfOdzhAiGP2PORtsizn1B*VhtOA8Cf5o=]]></url>
  <title><![CDATA[【司马动态】扶贫工作什么样，听我们的扶贫干部讲讲那里的故事]]></title>
  <content><![CDATA[我心中的石角头文| 大海破败的房屋、简易的家具、粗糙的食物，这是我第一次走进贫困户的印象。至今，我脑海中仍然浮现着一些眼神，久久不能相忘。如果不亲临这些家庭，我真的很难想象，在现在的生活条件之下，竟还有这样艰贫的生活。老人！孩子！生活！生存，。2018年4月，按照组织安排，我被公司派至南里乡石角头村开展扶贫工作。和众多同事一样，拿着扶贫手册，我怀着忐忑的心情开始了我的第一次精准扶贫。之所以忐忑，大概是因为我不知道自己能给他们提供什么样的帮助吧，也许更因为自己能不能在短短的时期就能实现他们脱贫的愿望而不自信吧.在村里村民的指引下，我来到了张润兰的家里，踏入小院，我第一眼就看到了身体不适的大妈，老人七十多岁的年龄，背里佝偻，看上去却比实际年龄苍老了十岁。简单的自我介绍后，张大妈便抓住了我的手，再也不肯松开。详谈之后，才知道这个家庭竟是如此的拮据。大妈家里还有两个儿子，常年在广东打工，生活基本不能自理，唯一的女儿也在外打工的时候出了事故。大妈本身就患有糖尿病和高血压，更可怜的是大妈的老伴几年前已经去世，家中就只剩下大妈一个人。家里的积蓄也早因为治病而花光，并且还有大量的外债。现在家里全靠张润兰的一般贫困户微薄的收入度日。这样的老人是真的需要我们帮助的啊！现在国家的扶贫政策给予了他们无私的帮助，也许只有在中国，这样好的政策才能得到推行，才能给他们的心灵带去抚慰。2018年5月到9月间，不管盛夏酷暑，我和工作队员奔走在石角头到后凹的路上，这次我们接受了41户的贫困户的帮扶任务，我们为每一户说明我们进户的目的，并为他们详细讲解了国家的帮扶政策；利用夜间我们走进普通老百姓家中与他们大话家常；我们还是我们，依然是石角头，依然在奔走的路上，对贫困户的一些资料进行了核对和完善。驻村任职以来，在村两委干部的帮助下，我们走村入户，到村组干部家中与其促膝长谈，到党员家中就其生产、生活、村党组织建设等有关问题进行深入调查，到困难户家中进行走访，虚心听取干部群众的意见和建议，吃透村情，摸清底细。根据走访调查和分析，及时召开了村两委班子工作会议，确定了石角头村以增加农民收入为中心任务，以优化发展环境为重要目标，不断增强基层组织创造力、凝聚力和战斗力的发展思路，将本村建设成为一个农民生活水平稳步提高、农村精神文明建设和党的建设工作不断加强的新农村。大爱无疆、大爱无界！爱无处不在，它也许的沙漠中的一泓清泉、也许是枯树上的一抹新绿、也许是泥泞中的一把搀扶……爱是需要传递的，在这种传递中我们看到的不仅仅是一种形式，更重要的是心路的享受过程！我们在自己努力的同时，一些社会爱心团体也向我们伸出了援助之手。2018年6月，公司为贫困户带去了米面油等节日慰问品。奉献时间，收获充实；奉献青春，收获价值；奉献爱心，收获感动！还是那条路，还是我们……（作者系公司驻沁县扶贫工作队队员）策划：崔振华编辑：高    超]]></content>
  <author><![CDATA[司马煤业公司]]></author>
  <time>2018-10-10 19:30:00</time>
  <account><![CDATA[SiMaMeiYeGongSi]]></account>
</data>
