<data>
  <id><![CDATA[50872200]]></id>
  <url><![CDATA[https://mp.weixin.qq.com/s?timestamp=1539596486&src=3&ver=1&signature=Egrj350GoKY8-KUcIJshb9yHh0qZFCBb-hce0I*eotqhY9gADjWVeTWY8pajE6nX9C9-Q9PjIFw04QrW-9D*dZ6eYOm0KZEsz4i22ub2fG8fKOumary*5RS5G*lb5Z8bfUTFAzXqUY-qBKuTFWiCEbwhrS2-nYGXpYmvowRkcGc=]]></url>
  <title><![CDATA[【改革开放四十周年】复兴强国]]></title>
  <content><![CDATA[从1978年的先声，到2018年的图腾。“只有社会主义才能救中国，只有改革开放才能发展中国、发展社会主义、发展马克思主义。”“开放带来进步，封闭必然落后。中国开放的大门不会关闭，只会越开越大。”——习近平《中国共产党第十九次全国代表大会报告》2018年，是我国改革开放40周年。3月3日，中国人民政治协商会议第十三届全国委员会第一次会议在北京人民大会堂开幕。与往年不同，今年是全面贯彻党的十九大精神开局之年，是决胜全面建成小康社会、实施“十三五”规划承上启下的关键一年，同时，也是改革开放的第四十年。改革开放，起始于1978年的那一场深刻变革，历史性改变了泱泱大国的发展进程，它巨大而深远的影响，体现在今天中国举足轻重的国际地位上，体现在每个普通中国人的生活之中。“改革如同引擎，推动着中国巨轮破浪前进”，这个既形象又真切的比喻，早已深入人心。40年来，改革开放，春风化雨，改变了中国，影响并惠及了世界。历史时间轴上第一处涤荡社会的节点，往往是文字所散发的思想，它牵动着社会的变革，发出振聋发聩的声响，作为奔向新时代的号角。1978年5月11日，《光明日报》发表本报特约评论员文章《实践是检验真理的唯一标准》，就是对时代思想文化现状的一次空前的质疑，让人们对“两个凡是”的真理产生了质疑，迈开了文化改革的首个坚实步伐。同年9月22日，上海市工人文化宫首演工人剧作家宗福先编剧的话剧《于无声处》，这部声讨“四人帮”的剧作迅速燃爆沪上；“如果说《实践是检验真理的唯一标准》一文是破冰的第一根钢锥，那么《于无声处》便是钢锥上奋力凿下的第一个铁锤”。几乎同时，11月24日，小岗村18户农民以敢为天下先的胆识，按下了18个手印，搞起生产责任制，揭开了中国农村改革的序幕。也许是历史的巧合——就在这些农民按下手印的不久，中共第十一届三中全会在北京人民大会堂隆重开幕。在关系国家命运和前途的严峻历史关头，以邓小平为代表的中国最高层的政治家和最底层的农民们，共同翻开了历史新的一页。历史将永远牢记这一天，这是一次伟大的转折，这是一次嘹亮的唤醒，古老的中国，推开了一扇眺望世界、变革求新的大门。同时，这也是一次艰难的转型，一次观念的重建。短短四十年间，政策形成已相当成熟。建立经济特区、实行商品经济……这些在我们看来只会出现在历史课本以及新闻上的词汇，却以具体甚至细微的形式真真切切地发生在了我们身边，若干年后回过头来才发现，原来已走得这么远，生活已变得这么好。作为一个经济水平中等偏下的家庭的独生女，在感受社会进步方面我似乎总要慢一拍。九口之家，虽是独生，但已经和表妹共同生活了二十年，在全国计划生育的背景下，我庆幸我没有感受到作为独生子女的一切弊端。家庭的教育方式也都是“分享、承担”式的共同教育。童年的最初还和妹妹抢过黑白电视机，在我还没摸清要怎么换台时，彩电就来了。当时我还惋惜小巧的黑白电视和它的专属柜橱就要消失，但下一秒就在少儿频道里沉静了整个童年。零几年的少儿频道，国产动漫的一个辉煌时期。伴随新世纪的世界观以及科学技术，一些动画早已成为了我三观的启蒙甚至是性格的塑造力量。尤其是中法合作的《中华小子》，是我从未见过的流畅画风，在我眼里帧数一流，剧情一流，更重要的是它不仅仅宣传了祖国的传统文化，还展现了国际合作带来的机遇与市场。而所有影响我的一切，没有改革开放，都将连梦想都谈不上。四十年前后早已是沧海桑田，70后、80后、90后早已不是摇头晃脑背书的小孩，而已成为了社会的中坚力量，我们思考的问题早已不是“今天能不能吃饱饭”这一单一又心酸的问题，取而代之的是更加多元化更加个性的声音：房产税何时收、怎么收？蓝天白云何时成为常态？网约车如何规范有序发展？……猛然发现，我们每天面临的各种小事在改革开放大局面前根本不值一提，因为后者，赋予了我们多样的选择以及曾经不敢相信的思考能力。2018年是中国改革开放的四十周年，改革开放后头几批的时代骄子，都是50年代末和60年代初的一波人，他们陆续退休了，这波人经历了整个改革开放的过程。再过五年或者十年，又有一代人会退休，新的力量会不断崛起。在这个过程中，每个人都在思考同一个问题：我跟这个时代有什么关系？我有没有辜负这个时代，这个时代有没有辜负我？这个时代从不辜负人，它只是磨炼我们，磨炼每一个试图改变自己命运的平凡人。有人叹息青春散场，历史已经结束。但是更多的人开始吟唱世界如此之新，一切尚未命名。从先声到图腾，你用四十年就承诺了我一生。初心是你唯一的衡量标准，未来还有更加激动人心的旅程。唯有砥砺前行，创造辉煌新篇。来源：魅力外院]]></content>
  <author><![CDATA[司马煤业公司]]></author>
  <time>2018-10-08 19:00:00</time>
  <account><![CDATA[SiMaMeiYeGongSi]]></account>
</data>
