<data>
  <id><![CDATA[50872200]]></id>
  <url><![CDATA[https://mp.weixin.qq.com/s?timestamp=1539596486&src=3&ver=1&signature=Egrj350GoKY8-KUcIJshb9yHh0qZFCBb-hce0I*eotqhY9gADjWVeTWY8pajE6nX9C9-Q9PjIFw04QrW-9D*da1A-eY1tgZIYOitPedG675mXU3CQfIFq-xXW*su503B3jcTD0FiRZpno5eGB8FXakHeV4PVaX8zzbKC7e8zT3Q=]]></url>
  <title><![CDATA[【社会主义核心价值观】社会主义核心价值观之“魂”]]></title>
  <content><![CDATA[1马克思主义理论及其核心价值思想列宁曾经指出：“马克思学说是人类在19世纪所创造的优秀成果——德国古典哲学、英国的政治经济学和法国的社会主义的当然继承者。”可以说，马克思主义理论是在继承西方文明成果的基础上建构起来的，它的核心价值思想主要包括以下三个方面：1科学社会主义的核心价值思想。“科学社会主义”是马克思、恩格斯对资本主义生产和交往方式之间的矛盾运动考察的理论成果，是批判私有制、实现人类解放的“无产阶级运动的理论表现”。马克思主义的科学社会主义价值观主要包括三个方面内容：一是追求平等。马克思主义认为，平等不是一个抽象的、人道主义的空洞概念，而是始终与生产方式发展紧密相联，在人的相互关系中所体现出的原则。生产力发展水平决定物质资料占有方式的形式和内容，从而最终决定平等价值的实现。马克思主义的平等观具有实践性。马克思恩格斯指出：“只有在现实的世界中并使用现实的手段才能实现真正的解放。”就是以现实的革命的方式，消灭阶级及一切腐朽的东西，从而实现人类的最高平等理想——共产主义。二是崇尚自由。马克思、恩格斯在《共产党宣言》中指出：“代替那存在着阶级和阶级对立的资产阶级旧社会的，将是这样的一个联合体，在那里，每个人的自由发展是一切人的自由发展的条件。”马克思主义认为，在私有制社会尤其是在资本主义社会，所谓的自由都是不平等条件下的自由，共产主义制度下的自由，才是真正的人的自由。恩格斯指出，在共产主义制度下，“不再有任何阶级差别，不再有任何对个人生活资料的忧虑，并且第一次能够谈到真正的人的自由，谈到那种同已被认识的自然规律和谐一致的生活。”马克思在论述人类由必然王国进入自由王国的过程时认为，正确认识和准确把握人类发展规律，才能掌握经济行为的主动权，实现经济自由。三是立足现实。马克思主义理论的最大特点就是其现实性，这也意味着马克思主义价值观也具有现实性。这种现实性主要表现在，要联系整个人类史的一般发展过程、资本主义生产方式和资产阶级自身矛盾的实际；要将资本主义生产方式、经营方式、生活方式作为批判的对象；要与工人运动和无产阶级政党相结合。所以，批判空想社会主义核心价值观、现实的平等和真正的自由是科学社会主义核心价值观的主要内容。2马克思主义经济道德思想。主要表现在：一是所有制形式本身就是一种道德存在。马克思曾指出，体现为所有制的所有权“也只是表现为通过劳动占有劳动产品，以及通过自己的劳动占有他人劳动的产品，只要自己劳动的产品被他人的劳动购买便是如此。……在交换价值进一步的发展中，这种情况发生了变化，并且最终表明，对自己劳动产品的私人所有权也就是劳动和所有权的分离，而这样一来，劳动将创造他人的所有权，所有权将支配他人的劳动。”这表明，所有制表面看是生产力中人对物的占有和使用关系，其实质是劳动和所有权的关系，是人与人之间的利益关系。而且，这种关系势必影响对劳动产品的分配方式，影响人们在社会生活中的角色和地位。这既是道德之“基”，也是道德之“本”。在私有制社会里，道德是阶级的道德，是受制于生产力发展及与之相适应的“交往的制约”的道德。公有制代表着社会主义和共产主义社会的利益，在此基础上形成的共产主义道德，主要是提高人们的道德觉悟，促进社会的和谐与进步。二是构想了道德化的所有制。马克思恩格斯还在研究和揭示经济社会发展规律的基础上，构想和展示了道德化的所有制——共产主义。他们认为，在共产主义社会，“生产资料归社会占有”，劳动者“共同占有共同控制生产资料”。在他们看来，这是经济制度，更是道德化的所有制。这样的社会是“自由人的联合体”，“在那里，每个人的自由发展是一切人的自由发展的条件”，人与人之间的关系是平等的，和谐与协作是这种平等关系的必然结果。在那个时候，随着个人的全面发展，生产力也日渐增长，集体财富的一切源泉将充分涌流，全社会通行的是“各尽所能，按需分配”。三是精神也是生产力。马克思在《经济学手稿》中说：“在那里，货币不但决不会使社会形式瓦解，反而是社会形式发展的条件和发展一切生产力即物质生产力和精神生产力的主动轮。”这表明生产力包括物质生产力和精神生产力。马克思主义认为，精神生产力是由知识、技能和社会智慧构成的科学。3生态学马克思主义的生态观。20世纪70年代，西方产生了生态学马克思主义这一新的理论流派。他们汲取了马克思、恩格斯思想中的理论成果，以历史唯物主义为理论指导，通过批判西方生态中心论和现代人类中心论的生态学理论，探讨生态危机产生的原因以及解决的办法，逐步形成了生态学马克思主义理论。他们的生态价值观是：反对生态中心论所主张的自然价值论和自然权利论；建立一种技术伦理，将“控制自然”的观念置于一种新的人性和伦理基础上，把人的欲望的非理性和破坏性置于可控之下，使控制自然的进步变成人性的解放和自然的解放，让人类真正享受控制自然进步的积极成果；建立生物多样性伦理，要求人们放弃狭隘的人类中心主义价值观，以开明的个人利益为根据，尊重自然的本性，考虑非人类生物的需要，从而实现人类和生物圈的平衡发展。他们认为，资本主义制度和生产方式是生态危机的根本原因；资本主义政治统治方式的新变化，必然会带来生态危机；历史唯物主义就包含着生态价值观；解决生态危机的办法是变革资本主义制度和资本的全球权力关系，消除“异化消费”，理顺需要观、消费观、劳动观和幸福观之间的关系，用“软技术”替代“大规模技术”，建立生态社会主义社会。2中国特色社会主义理论及其核心价值思想实际上，马克思主义中国化所形成的中国特色社会主义理论，才是社会主义核心价值观的真正的灵魂，因为它最贴近中国实际，最符合中国国情，最能够更加准确地指导社会主义核心价值体系建设。长期以来，中国革命和建设一直坚持马克思主义中国化。早在井冈山时期和国内革命时期，毛泽东就根据中国国情，拒绝执行共产国际的教条主义指示，坚持马克思主义中国化的路线。后来，我党依据毛泽东思想和马克思主义中国化的最新成果，相继提出了邓小平理论、三个代表重要思想和科学发展观，逐步形成了中国特色社会主义理论，从而为社会主义核心价值理论和社会主义核心价值观的确立提供了精神支撑和理论指导。3马克思主义和中国特色社会主义理论及其价值思想引领社会主义核心价值观的形成和发展纵观马克思主义中国化过程中中国社会价值观的变化，到处都闪烁着毛泽东思想、邓小平理论、“三个代表”重要思想和科学发展观的光辉。改革开放前的这个时期，在毛泽东思想的指引下，虽然受到封建意识、文化大革命、“以阶级斗争为纲”等“左”的思想的干扰以及忽视个人价值、生活理想和物质价值的影响，出现了一定程度的集体价值与个人价值、宏大理想与生活理想、精神价值与物质价值之间的失衡，但从总体上看，社会价值取向主要是集体主义、理想主义、精神至上和穷则革命，独立、自由、民主、平等、富强等核心价值已经显现。党的十八大以来，习近平总书记发表了一系列重要讲话，特别是关于坚持和发展中国特色社会主义，坚定道路自信、理论自信、制度自信；实现中华民族伟大复兴的中国梦；全面深化改革开放、推动科学发展和进一步加强党的建设等方面的论述，深刻回答了党和国家事业发展的重大理论和实践问题，丰富发展了中国特色社会主义理论体系，进一步升华了我们党对中国特色社会主义规律和马克思主义执政党建设规律的认识。习近平总书记还强调要把培育和弘扬社会主义核心价值观作为凝魂聚气、强基固本的基础工程，继承和发扬中华优秀传统文化和传统美德，广泛开展社会主义核心价值观的宣传教育，积极引导人们讲道德、尊道德、守道德，追求高尚的道德理想，不断把社会主义核心价值观建设提升到一个新的水平。在以习近平为总书记的党中央的坚强领导下，社会主义核心价值观的内容被确定，社会主义核心价值体系建设的任务被明确，一股学习宣传、培育践行社会主义核心价值观的热潮正在全国掀起，并将作为推进伟大复兴中国梦建设的强大力量。]]></content>
  <author><![CDATA[司马煤业公司]]></author>
  <time>2018-09-28 18:30:00</time>
  <account><![CDATA[SiMaMeiYeGongSi]]></account>
</data>
