<data>
  <id><![CDATA[50872200]]></id>
  <url><![CDATA[https://mp.weixin.qq.com/s?timestamp=1539596486&src=3&ver=1&signature=Egrj350GoKY8-KUcIJshb9yHh0qZFCBb-hce0I*eotqhY9gADjWVeTWY8pajE6nX9C9-Q9PjIFw04QrW-9D*da1A-eY1tgZIYOitPedG675y5oZqxOfRS8fk49XmE8vI*Xht*NptC35ZXjll44vwgsCbRdDWLZK8kFTM7eZ00qM=]]></url>
  <title><![CDATA[【司马动态】集团纪委检查领导组到公司督导检查]]></title>
  <content><![CDATA[集团纪委检查领导组到公司督导检查9月28日，集团纪委检查领导小组一行到公司开展两节期间落实中央八项规定监督检查工作，重点就中央八项规定精神落实情况、持之以恒纠正四风问题进行了检查。公司党委副书记、纪委书记冯卫星对集团纪委检查领导组的到来表示欢迎，详细介绍了公司落实中央八项规定精神情况、自查及集团转办问题整改情况及中秋国庆期间开展监督检查工作情况，并希望纪委检查领导组严格审查，帮助公司及时发现问题、整改问题，促进党建和纪委工作水平的提升。集团纪委检查领导组分小组到公司纪委、人力资源部、后勤部、综合办、汽车队等部门，以查档案、看痕迹的方式查验了落实中央八项规定精神学习贯彻情况、日常党员干部廉政教育、台账记录、财务费用支出、公务用车运行、领导干部在岗、婚丧嫁娶操办等事项，有针对性的提出了整改建议和改进意见，并用调查问卷的形式对基层各单位落实中央八项规定精神、纠正“四风”问题学习情况进行了摸底调查。（路蓓）策划 | 崔振华编辑 | 高    超长按识别二维码]]></content>
  <author><![CDATA[司马煤业公司]]></author>
  <time>2018-09-28 18:30:00</time>
  <account><![CDATA[SiMaMeiYeGongSi]]></account>
</data>
