<data>
  <id><![CDATA[50872200]]></id>
  <url><![CDATA[https://mp.weixin.qq.com/s?timestamp=1539596486&src=3&ver=1&signature=Egrj350GoKY8-KUcIJshb9yHh0qZFCBb-hce0I*eotqhY9gADjWVeTWY8pajE6nX9C9-Q9PjIFw04QrW-9D*dZbH6UIF58qpNCRIR8R0kwTWJpFNYQT-vgh9iH8fDA39Tc7zCjPQKSkkLn4E6F*UU-j-8M-l05HCdw4arcYzpIU=]]></url>
  <title><![CDATA[]]></title>
  <content><![CDATA[]]></content>
  <author><![CDATA[司马煤业公司]]></author>
  <time>2018-09-29 20:00:00</time>
  <account><![CDATA[SiMaMeiYeGongSi]]></account>
</data>
