<data>
  <id><![CDATA[50872200]]></id>
  <url><![CDATA[https://mp.weixin.qq.com/s?timestamp=1539596486&src=3&ver=1&signature=Egrj350GoKY8-KUcIJshb9yHh0qZFCBb-hce0I*eotqhY9gADjWVeTWY8pajE6nX9C9-Q9PjIFw04QrW-9D*dZ6eYOm0KZEsz4i22ub2fG-hJ*QCxxZqP426ZSD*Pnk2DH1xNJIx2yZBC5RGL8k0EbT5dQQyvFuBdQoPRRRWmDk=]]></url>
  <title><![CDATA[【司马动态】司马煤业公司新风井建设稳步推进]]></title>
  <content><![CDATA[司马煤业公司新风井建设稳步推进进风立井施工进入积极冻结期，运转162天，回风立井处于维护运转期，运转400天，地面围挡墙全部建设完成，炸药库施工完毕，目前正在进行验收，预计进入10月可以投入使用……截止9月底，潞安集团司马煤业公司新风井建设项目取得积极进展。据悉，新风井建设工程是公司实现150—300万吨/年改扩建产能释放以来，保证矿井采掘衔接有效、实现三采区通风安全可靠的重点工程之一。项目建设内容包含三采区进风立井井筒和回风立井井筒井筒，均采用冻结法施工。进风立井井筒设计净直径为6.5米，垂深296.5米，冻结深度256.66米；回风立井井筒设计净直径为7.0米，垂深296.52米，冻结深度260.0米。地面主要配套设施有通风井房、空压机房、35KV变电所、锅炉房、空气加热室、进风立井井口房，以及供电系统等设备的购置及安装。项目启动以来，该公司组织成立了“三采区新风井项目管理组”，通盘考虑，分布实施，在上半年错峰生产及日益严峻的环保形势下，圆满的完成各项工作任务。预计，当两个风井到底构成系统以后，能满足新增的三采区的通风的要求，从而延长矿井服务年限，保证安全生产。（晋绍华）策划：崔振华编辑：高    超]]></content>
  <author><![CDATA[司马煤业公司]]></author>
  <time>2018-10-08 19:00:00</time>
  <account><![CDATA[SiMaMeiYeGongSi]]></account>
</data>
