<data>
  <id><![CDATA[50872200]]></id>
  <url><![CDATA[https://mp.weixin.qq.com/s?timestamp=1539596486&src=3&ver=1&signature=Egrj350GoKY8-KUcIJshb9yHh0qZFCBb-hce0I*eotqhY9gADjWVeTWY8pajE6nX9C9-Q9PjIFw04QrW-9D*dQhNFfOPmQV7F0xoCxJfqk9cl-lOgWcboeHRzZtTzDstVBr7KWC*MaS9PCl8CcQyqTMDrUTl1OYEVnEwnqni0us=]]></url>
  <title><![CDATA[生日快乐我的国]]></title>
  <content><![CDATA[热烈庆祝建国69周年CELEBREATE THEFOUNDING OF 69TH ANNIVERSARY秋风送爽，华灯绽放庆中秋、迎国庆，欢声响遍华夏大地。秋染大地，山花烂漫话团圆、唱祖国，万朵金菊祥龙奔腾！带着丰收的喜悦，我们走进金色的十月，穿上节日的盛装，喜迎共和国六十九华诞。公司举行升旗仪式公司领导与员工们一同肃穆等待庄严时刻的到来。随着国歌声奏起，国旗徐徐升起。生日快乐，我的国！编辑：崔振华]]></content>
  <author><![CDATA[司马煤业公司]]></author>
  <time>2018-10-01 09:13:14</time>
  <account><![CDATA[SiMaMeiYeGongSi]]></account>
</data>
