<data>
  <id><![CDATA[50872200]]></id>
  <url><![CDATA[https://mp.weixin.qq.com/s?timestamp=1539596486&src=3&ver=1&signature=Egrj350GoKY8-KUcIJshb9yHh0qZFCBb-hce0I*eotqhY9gADjWVeTWY8pajE6nX9C9-Q9PjIFw04QrW-9D*dZbH6UIF58qpNCRIR8R0kwQvxZu6XL1j-bUpiKrvBybOOD3RHTj*gfRw6rua4oyY9nZalg0KhzXgmszO0OG8-Ic=]]></url>
  <title><![CDATA[【司马动态】公司组织职工代表巡视新风井建设工程]]></title>
  <content><![CDATA[公司组织职工代表巡视新风井建设工程为切实落实职代会职权，充分发挥职工代表参与企业民主管理、民主决策、民主监督的作用，促进企业民主管理，9月29日，公司工会组织公司五届二次职代会职工代表到公司新风井建设现场进行巡视。公司的几十名职工代表来到新风井建设现场，对新风井建设工程的进风井、回风井、冻结站、绞车房等地进行了实地查看和了解。在随后召开的座谈会上，职工代表们听取了公司新风井项目负责人，对新风井建设项目概况的具体介绍。大家对新风井建设项目的早日建成表示了关心和期待。公司工会副主席王学文讲到，组织职工代表来新风井进行巡视，主要目的就是要通过巡视，了解职代会重点工作的进展情况，发挥职工代表的参政议政作用，凝聚职工代表的力量，为公司发展建言献策，为交流沟通搭建平台，共同解决好公司发展中的热点难点问题，为司马煤业的高质量发展奠定良好的基础。新风井建设工程是公司保证矿井采掘衔接有效、实现三采区通风安全可靠的重点工程之一。工程主要建设内容包含三采区进风立井井筒和回风立井井筒，地面主要配套设施有通风井房、空压机房、35KV变电所、锅炉房、空气加热室、进风立井井口房，以及供电系统等设备的购置及安装。预计，公司两个风井到底构成系统以后，能满足新增的三采区的通风要求，从而延长矿井服务年限，保证矿井的安全生产。（胡艳丽  苗超超）策划：崔振华编辑：高  超]]></content>
  <author><![CDATA[司马煤业公司]]></author>
  <time>2018-09-29 20:00:00</time>
  <account><![CDATA[SiMaMeiYeGongSi]]></account>
</data>
