<data>
  <id><![CDATA[50872200]]></id>
  <url><![CDATA[https://mp.weixin.qq.com/s?timestamp=1539596486&src=3&ver=1&signature=Egrj350GoKY8-KUcIJshb9yHh0qZFCBb-hce0I*eotqhY9gADjWVeTWY8pajE6nX9C9-Q9PjIFw04QrW-9D*dZbH6UIF58qpNCRIR8R0kwSmqrP0BDEfRGRgq3PmfozxxgIlrfCwY5kg93tmOl-thCGB*K*wQhMatmkFwwUGeH4=]]></url>
  <title><![CDATA[【社会主义核心价值观】所有人生来都是平等的]]></title>
  <content><![CDATA[今天，给大家分享的是社会主义核心价值观12个词中的“平等”。平等是社会主义的本质要求，社会主义制度为实现平等奠定了制度基础，提供了有利条件；社会主义社会应当比资本主义社会更高地举起平等的旗帜，将平等作为自己的价值目标和价值追求。平等不是一蹴而就的，平等目标的实现，是一个很长的历史过程。今天我们倡导平等，既不是绝对平均主义，也不是照搬西方资本主义社会的平等，而是要创造与中国特色社会主义伟大事业相适应的平等价值观。平等：让每个人享有人生出彩的机会党的十八大报告将“平等”作为“积极培育和践行社会主义核心价值观”的重要内容，既表达了我们党在理论凝练与创新上的与时俱进，又反映了我们党在实践拓展与推进上的人文价值追求。平等的本意是什么？为什么要将平等作为社会主义核心价值观的重要内容？让我们深入细致地搞清楚这些基本问题，牢牢把握平等的价值导向，使整个社会向着平等、公正的目标不断前进。平等：人类永恒追求的权利回望人类的发展史，在人类还没有完成自身进化的年代，并没有诞生出平等的观念。当人类进入个体能够独立生存的年代之后，人与人的不平等现象更是表现得异常突出。奴隶与奴隶主的关系就是最典型的不平等存在，正是这种不平等，激发了人们对平等的渴望，斯巴达克起义吹响了奴隶追求平等自由的号角。奴隶社会是人类平等精神的真正开端。如果说在漫长的封建社会以前，人类生存纯粹依赖的是天地恩赐，那么进入资本主义社会之后，人所表现的创造力和许多自然科学、人文科学上的重要发现，则打破了对神的迷信崇拜，走上了自己主宰生活的道路。人类对使用工具的发明创造，使生产力得到了飞速发展，资本积累也迅速增加。但是资本的富有并没有给人带来真正的平等。如果说封建社会表现的不平等是土地占有的不平等，资本主义社会表现的不平等就是金钱占有的不平等，人也由土地的直接奴役变成了金钱的间接奴役。邓小平同志曾指出：社会主义的本质是解放和发展生产力，消灭剥削，消除两极分化，最终达到共同富裕。这就是一个平等的问题。胡锦涛同志在党的十七大报告中多次提到的公平正义，也是个平等的问题。他在报告中说：“实现社会公平正义，是中国共产党人的一贯主张，是发展中国特色社会主义的重大任务。”胡锦涛在谈到实现全面建设小康社会奋斗目标的新要求时，其中一点就是“扩大社会主义民主，更好保障人民权益和社会公平正义。”更进一步讲，平等对于保护每个人的权利、调整社会利益关系、调整多元价值冲突以维护社会秩序具有重要的地位和作用，否则，就不能称之为核心价值。从马克思主义基本理论、我国社会主义建设实际及世界发展的趋势出发，平等是社会主义核心价值观的题中应有之义。平等：人类永远追求的理想衣食住行是人类生存的需要，是人的天性。它的存在决定了人类的私欲永远不会消失，私欲的无法消失决定了绝对平等的无法存在。所以人类不可能存在绝对的平等，只能把绝对平等当做我们永恒追求的理想境界。人类一直在宣扬平等，期望平等。要求在“法律面前人人平等”，是人类要求在行为准则上获得平等的表现。虽然从理论层面来说，世间没有绝对的平等，但是，人类的一切行为规则只有建立在平等的原则之下，才会被人们乐意遵守。尽管人类还有众多不平等的现象存在，但人类仍然希望营造一个平等的世界，而不愿放弃对平等的追求。人们都在追求平等。马克思主义理论蕴藏着追求平等的价值诉求。在人类解放史上，追求平等历经了漫长的过程。要使社会保持稳定，需要政府进行同样无止境的努力。但是，马克思曾经非常明确地告诉他的读者，在他们所讲的那个“刚刚从资本主义社会中产生出来的”共产主义社会里，平等只是在于用同一种尺度——劳动来计量人们的劳动报酬，由于人们的劳动能力及其家庭背景是各不相同的，因此，人们的富裕程度也是不同的。党的十六届六中全会作出的《关于构建社会主义和谐社会若干重大问题的决定》指出：“社会公平正义是社会和谐的基本条件，制度是社会公平正义的根本保证。必须加紧建设对保障社会公平正义具有重大作用的制度，保障人民在政治、经济、文化、社会等方面的权利和利益，引导公民依法行使权利，履行义务。”平等：让每个人都有尊严地活着马克思主义的平等观，即在共产主义社会第一阶段获得“原则和实践在这里已不再互相矛盾”的“平等的权利”，再通过生产力的高度发展，使劳动成为人的生活第一需要后，进入到一个实质上平等的社会形态。随着我国经济的发展和社会主义市场经济体制的确立，民主、法制、公平、正义等价值观正逐渐上升为人们的价值追求。力求做到全社会都平等，即公平正义，也正是中国共产党执政理念和有中国特色社会主义应有的内涵。习近平同志号召人们为实现中国梦而努力奋斗，他说，中国人民“共同享有人生出彩的机会，共同享有梦想成真的机会，共同享有同祖国和时代一起成长和进步的机会”。这三个“机会”的强调，阐述的是一种关于机会平等的政治伦理愿景。机会平等作为通往社会正义的路径和原则，在政治伦理的框架当中占有基石般的重要地位。让人民“共同享有人生出彩的机会”该怎么做？李克强同志指出的路是“要让人民过上好日子，政府就要过紧日子”，更具体的操作方案是李克强在记者会上公开承诺的“约法三章”：政府楼堂馆所一律不新建；财政供养的人员只减不增；公务活动费用只减不增。这是一个务实的态度。现阶段，只有政府的“紧日子”来了，人民的“好日子”才有盼头。“要推动促进社会公正的改革，不断地厘清有碍社会公正的规则，而且要使‘明规则’战胜‘潜规则’”，这说的正是达成一个民族的中国梦所迫切需要的社会土壤和制度环境。对于平等的追求我们从未停止过，如今我们欣喜地看到，它离我们越来越近了。一切人或至少是一个国家的一切公民，或一个社会的一切成员，都应当有平等的政治地位和社会地位。——马克思余致力国民革命，凡四十年，其目的在求中国之自由平等。——孙中山我们应该坚持社会公平正义，着力促进人人平等获得发展机会，逐步建立以权利公平、机会公平、规则公平、分配公平为主要内容的社会公平保障体系，不断消除人民参与经济发展、分享经济发展成果方面的障碍。——胡锦涛生活在我们伟大祖国和伟大时代的中国人民，共同享有人生出彩的机会，共同享有梦想成真的机会，共同享有同祖国和时代一起成长与进步的机会。——习近平]]></content>
  <author><![CDATA[司马煤业公司]]></author>
  <time>2018-09-29 20:00:00</time>
  <account><![CDATA[SiMaMeiYeGongSi]]></account>
</data>
