<data>
  <id><![CDATA[50872200]]></id>
  <url><![CDATA[https://mp.weixin.qq.com/s?timestamp=1539596486&src=3&ver=1&signature=Egrj350GoKY8-KUcIJshb9yHh0qZFCBb-hce0I*eotqhY9gADjWVeTWY8pajE6nX9C9-Q9PjIFw04QrW-9D*daMDUjSbHgkqi2CJPPPU*ZlYR-YWZEpT5ihUWy6ll6GuK9xaABGNgFF0SQI4ivLrmZk2-ZeDleSfJicHmSR88k4=]]></url>
  <title><![CDATA[【司马动态】公司征集集团2018年职工创新成果“五小”竞赛合理化建议暨职工双创基地工作安排会]]></title>
  <content><![CDATA[9月27日，公司工会召开公司征集集团2018年职工创新成果 、“五小”竞赛、合理化建议暨职工双创基地工作安排会，各部门相关责任人、技术员参加会议。会上，公司工会生产技术部相关责任人安排部署了关于征集集团2018年职工创新成果、“五小”竞赛、合理化建议文件通知的相关安排。据了解，本次公司共有21个单位参加，共预申报职工创新成果36项，“五小”竞赛项目38项。随后，人力资源部相关负责人总结了双创基地揭牌一个月以来的工作情况。再一次强调，双创基地的职责和目标是重在创新，重在成果。各工种技师在理论授课的同时要充分利用基地资源，将理论实际相结合，争取创造出更多新点子，好项目。下一步，双创基地要定目标，定项目，公司各部门通力协作，密切配合，通过平台提供、制度保障，奖金激励等一系列措施，做好创新落实工作。（郭洋）策划：崔振华编辑：高  超]]></content>
  <author><![CDATA[司马煤业公司]]></author>
  <time>2018-09-27 18:30:00</time>
  <account><![CDATA[SiMaMeiYeGongSi]]></account>
</data>
