<data>
  <id><![CDATA[50872200]]></id>
  <url><![CDATA[https://mp.weixin.qq.com/s?timestamp=1539596486&src=3&ver=1&signature=Egrj350GoKY8-KUcIJshb9yHh0qZFCBb-hce0I*eotqhY9gADjWVeTWY8pajE6nX9C9-Q9PjIFw04QrW-9D*dZ6eYOm0KZEsz4i22ub2fG84ERhUweAvbLHXf7oQEfBnzpsjHTameY*mlRPBYn-eKJkWiGoAcKLbz77GlDVdR7Y=]]></url>
  <title><![CDATA[【社会主义核心价值观】你不能不知道的社会主义核心价值观]]></title>
  <content><![CDATA[社会主义核心价值观小编记得从我上中学的时候起，"社会主义核心价值观"就在大街小巷、各个班级被极力宣传，像这样这样的还有这样的那么小可爱们，你们知道什么是社会主义核心价值观吗？习大大2017年10月18日，习近平同志在十九大报告中指出，要培育和践行社会主义核心价值观。要以培养担当民族复兴大任的时代新人为着眼点，强化教育引导、实践养成、制度保障，发挥社会主义核心价值观对国民教育、精神文明创建、精神文化产品创作生产传播的引领作用，把社会主义核心价值观融入社会发展各方面，转化为人们的情感认同和行为习惯。二十四字社会主义核心价值观是社会主义核心价值体系的内核，体现社会主义核心价值体系的根本性质和基本特征，反映社会主义核心价值体系的丰富内涵和实践要求，是社会主义核心价值体系的高度凝练和集中表达。价值意义面对世界范围思想文化交流交融交锋形势下价值观较量的新态势，面对改革开放和发展社会主义市场经济条件下思想意识多元多样多变的新特点，积极培育和践行社会主义核心价值观，对于巩固马克思主义在意识形态领域的指导地位、巩固全党全国人民团结奋斗的共同思想基础，对于促进人的全面发展、引领社会全面进步，对于集聚全面建成小康社会、实现中华民族伟大复兴中国梦的强大正能量，具有重要现实意义和深远历史意义。基本原则坚持以人为本，尊重群众主体地位，关注人们利益诉求和价值愿望，促进人的全面发展;坚持以理想信念为核心，抓住世界观、人生观、价值观这个总开关，在全社会牢固树立中国特色社会主义共同理想，着力铸牢人们的精神支柱;坚持联系实际，区分层次和对象，加强分类指导，找准与人们思想的共鸣点、与群众利益的交汇点，做到贴近性、对象化、接地气;坚持改进创新，善于运用群众喜闻乐见的方式，搭建群众便于参与的平台，开辟群众乐于参与的渠道，积极推进理念创新、手段创新和基层工作创新，增强工作的吸引力感染力。致小可爱们社会需要我们播种爱,播种希望,而我们也将在播种的过程中收获一段精彩别样的青春！来源：网络]]></content>
  <author><![CDATA[司马煤业公司]]></author>
  <time>2018-10-08 19:00:00</time>
  <account><![CDATA[SiMaMeiYeGongSi]]></account>
</data>
