<data>
  <id><![CDATA[50872200]]></id>
  <url><![CDATA[https://mp.weixin.qq.com/s?timestamp=1539596486&src=3&ver=1&signature=Egrj350GoKY8-KUcIJshb9yHh0qZFCBb-hce0I*eotqhY9gADjWVeTWY8pajE6nX9C9-Q9PjIFw04QrW-9D*dZbH6UIF58qpNCRIR8R0kwTYH0*LNUFKmY2Jkza1-czpsy-UMpJjElkNw-E6wjBRGWUevBrJLRiCWSDauZSelqo=]]></url>
  <title><![CDATA[【改革开放四十周年】历史告诉未来]]></title>
  <content><![CDATA[来源：网络]]></content>
  <author><![CDATA[司马煤业公司]]></author>
  <time>2018-09-29 20:00:00</time>
  <account><![CDATA[SiMaMeiYeGongSi]]></account>
</data>
