<data>
  <id><![CDATA[50872200]]></id>
  <url><![CDATA[https://mp.weixin.qq.com/s?timestamp=1539596486&src=3&ver=1&signature=Egrj350GoKY8-KUcIJshb9yHh0qZFCBb-hce0I*eotqhY9gADjWVeTWY8pajE6nX9C9-Q9PjIFw04QrW-9D*dW8CkxrNXqyrcGM7V8bypteSkHtGI6AGC47YtoKUyu-vgpTtfwTvSVE*caaYBB1o4lFevStRk214ciPl3P4gmlw=]]></url>
  <title><![CDATA[【司马动态】公司纪委组织纪检监察系统人员进行集中学习]]></title>
  <content><![CDATA[点击蓝字，关注我们公司纪委组织纪检监察系统人员进行集中学习10月12日，公司纪委组织纪检委员、纪委人员、各支部纪检委员在廉洁基地二楼会议室开展纪检监察系统集中学习活动，重点学习了《党章》第十一章、《习近平谈治国理政》第二卷第十六、十七部分、党的十九大报告第十一部分、中央列出违反八项规定清单80条第六部分公务用车改革等。会议要求各部门要认真学习、深层领悟文件内容和具体要求，进一步增强党风廉政建设的主体责任和监督落实责任。（晋绍华）策划：崔振华编辑：高    超]]></content>
  <author><![CDATA[司马煤业公司]]></author>
  <time>2018-10-12 19:00:00</time>
  <account><![CDATA[SiMaMeiYeGongSi]]></account>
</data>
