<data>
  <id><![CDATA[50872200]]></id>
  <url><![CDATA[https://mp.weixin.qq.com/s?timestamp=1539596486&src=3&ver=1&signature=Egrj350GoKY8-KUcIJshb9yHh0qZFCBb-hce0I*eotqhY9gADjWVeTWY8pajE6nX9C9-Q9PjIFw04QrW-9D*daMDUjSbHgkqi2CJPPPU*ZlcRPSiYb7v4fmgFm653AF9wxWSjH*9cEwfMm1xn6Zqjk59dysivZAo6VqST8AtAVw=]]></url>
  <title><![CDATA[]]></title>
  <content><![CDATA[]]></content>
  <author><![CDATA[司马煤业公司]]></author>
  <time>2018-09-27 18:30:00</time>
  <account><![CDATA[SiMaMeiYeGongSi]]></account>
</data>
