<data>
  <id><![CDATA[50872200]]></id>
  <url><![CDATA[https://mp.weixin.qq.com/s?timestamp=1539596486&src=3&ver=1&signature=Egrj350GoKY8-KUcIJshb9yHh0qZFCBb-hce0I*eotqhY9gADjWVeTWY8pajE6nX9C9-Q9PjIFw04QrW-9D*dVW9VHjFIZmIgHNoPfMccsFYaFZuNGG4SSBBV86eVSYo*alvs0ie-gIhvg4H61EB064GVe72R1Lfu*O5PEAF3Xo=]]></url>
  <title><![CDATA[【改革开放四十周年】家电大变样]]></title>
  <content><![CDATA[老上海的痕迹——华生牌电风扇1978年，乘着改革开放的东风，中国迈进了新的发展时代。对内改革，对外开放，由内而外，标本兼治，发展的新引擎带动东方巨龙腾飞，使中国进入快速发展的成长期，创造了一个个令世界赞叹的东方奇迹。自人们步入文明社会以来，伴随生活的各类器具都成为一个时代的标志。回望过去，家用电器的发展已有百年的历史，1879年，美国T.A.爱迪生发明白炽灯，开创了家庭用电时代。围绕电这个介质，生活开始渐渐变得轻松，有序，人们在生活中的劳动力被一而再，再而三地解放，享受生活、享受人生的主题在全世界每个角落蔓延开来，生活也变得美好起来。聚焦中国，改革开放以来，人们的生活品质不断提高，幸福感也随之不断提升。现在回看国人生活中曾经出现过的那些不可或缺的家用电器，一件件，一代代，都是生活改变、时代变迁、改革开放取得卓越成就的见证者。回望这四十年家电的不断更迭，看似普通的老家电，饱含了丰富的历史信息和现实意义，更体现了改革开放给中国人民生活带来的巨变。与老家电重逢可以触摸到时光的痕迹，与智能家电对话，可以感受现代科技带给我们的震撼。家用电器的变化、迭代是中国改革开放的一个缩影，每一段都是美好生活的真实写照。极具年代感的电话科技创造家电20世纪初，美国E.理查森发明的电熨斗，受到普遍欢迎，不仅改变了当时仅在夜间供电的传统，并促使其他家用电器相继问世，便有了家用电器工业发轫于电熨斗的说法。随后，与生活相关的家用电器便陆续问世，1907年现代产品雏型的吸尘器、1910年电动洗衣机和压缩机式家用电冰箱、1930年房间空气调节器、1937年全自动洗衣机研制成功。科技的进步催生了电气类产品的产量迅速增长，品种不断增加和更新。19世纪末，爱迪生效应的发现和验证电磁波存在的实验，为电子学的诞生创造了条件。1895年，意大利G.马尔可尼发明无线电报，促成了无线电话和无线电广播的出现。1904年，英国J.A.弗莱明发明了二极电子管，作为第一代的电子器件，在近半个世纪里，起过非常重要的作用。结合随后美国V.K.兹沃雷金相继发明了摄像管和显像管，电视广播便在各国逐渐普及。1898年丹麦人发明了磁性（钢丝）录音机，1935年德国通用电气公司制成了磁带录音机，1963年荷兰飞利浦公司发明了盒式磁带，从此盒 式磁带录音机很快普及。家用电器在科学技术的支撑下，逐渐进入人们的生活中。老式昆仑电视机凯歌牌台式收音机京华卡带录音机中国家电发展与我们生活息息相关的家用电器，在中国的发展同样也是一部科学发展史。在国家政策和科学技术发展的支撑下，中国家电的进化也是中国经济和科技发展的一个侧脸。1955年，第一台使用封闭式压缩机的冰箱；1958年，中国第一台黑白电视机诞生——北京牌14英寸黑白电视机；1962年，中国第一台洗衣机；1965年，第一台三相窗式空调器；1970年，中国第一台彩色电视机——家电进入中国家庭，成为生活的一部分。1978年，随着改革开放政策的建立，推动许多国有企业改革，转型，电视、洗衣机、冰箱、电风扇、房间空调器、吸尘器、电熨斗等家用电器，在中国批量生产，成为中国家电发展的顶峰时期，潜移默化地改变着人们的生活方式同时，一批在世界范围内颇受好评的中国家电崭露头角，进入世界的视线。首次获得国际金奖的北京牌8308型PS47cm彩电，第一台国产分体壁挂机空调的诞生，琴岛—利勃海尔四星BCD-212升双门冰箱，熊猫、金星、牡丹等品牌的彩色电视，都是这个时期的标志。上世纪九十年代家用冰箱——琴岛利勃海尔智能化极高的四开门冰箱融合射频识别技术的卡萨帝纤见智能滚筒洗衣机除此之外，小天鹅、海尔、美菱、容声、康佳、TCL、海信、长虹等一大批国内知名家电企业迅速崛起，不断更新产品的科技含量，提高产品性能，为今后的智能化家电奠定了基础。新千年到来之时，随着互联网技术的高速发展与应用，各大家电厂商，纷纷加大互联网技术在家用电器中的应用，使得家电和生活越来越紧密，创造了一个新的纪元。搭载人工智能、互联网技术、云计算技术于一体的高清智能电视。智能家电时代随着社会的进步和发展，人们对于生活的要求越来越高。如果说现代生活离不开“电”，不如说我们离不开生活，和与生活相关的家用电器。大型家电商场，网购平台，现代家电的种类可以以万来计。数字化、三网融合、物联网、大数据、云计算等应用技术让家电变得越来越“聪明”，越来越便捷，不论白电企业还是小家电企业、厨电企业还是黑电企业，都将智能家电作为重点研发区域，运用最先进的技术，提升家用电器的品质，更有甚者将人工智能技术运用起来，研制可以陪伴孩子们的成长、学习的机器人，成为一种有智慧，有分析能力的前沿家电。智能家电让生活更美好。改革开放四十年，家电行业一路激流勇进，不断革新。电视从越来越小，到越来越大，再到越来越薄；冰箱进入了无氟、无霜、智能恒温时代；空调不再单纯控制室内温度，更可以净化空气；洗衣机告别波轮式，进入滚筒时代，负离子，红外线，预设模式，统统可以实现。小家电中，电饭煲要求米饭越来越香，吸尘器让家务越来越轻松，甚至刷牙这样的日常工作，都可以交给电动牙刷来完成。改革开放四十年，家电的发展是人们生活越来越美好的缩影，我们在生活中创造产品，这些在发展过程中日渐成熟的产品和技术，也同样为我们创造着新的生活。海尔最新研发的全年都能用的智能自清洁空调来源：网络]]></content>
  <author><![CDATA[司马煤业公司]]></author>
  <time>2018-10-09 19:00:00</time>
  <account><![CDATA[SiMaMeiYeGongSi]]></account>
</data>
