<data>
  <id><![CDATA[50872200]]></id>
  <url><![CDATA[https://mp.weixin.qq.com/s?timestamp=1539596486&src=3&ver=1&signature=Egrj350GoKY8-KUcIJshb9yHh0qZFCBb-hce0I*eotqhY9gADjWVeTWY8pajE6nX9C9-Q9PjIFw04QrW-9D*dT2dG56hbnBVU8J2In5o4r4u-Tq1uzKY1xlfbDKqzp7e04RCMCsWfn3x11s1dpb-HHtyh6CR0FLAFBjOpxL8Ilw=]]></url>
  <title><![CDATA[【司马动态】公司召开专题会议传达贯彻集团会议精神]]></title>
  <content><![CDATA[公司召开专题会议传达贯彻集团会议精神为着力加强扫黑除恶专项斗争工作，深挖黑恶势力“保护伞”，坚决惩治涉黑涉恶腐败问题，在集团内全面彻底肃清系统性塌方式腐败流毒影响，为集团改革转型发展提供坚强保障，10月11日上午，集团召开彻底肃清系统性塌方式腐败流毒影响和严惩涉黑涉恶腐败工作安排部署会议。下午，公司迅速召开专题会议学习传达贯彻集团会议精神。公司领导冯卫星、倪亚军、程润明、曾金元、刘鹏程、王迁与公司各单位、各支部负责人参加会议。会上，公司党委副书记、纪委书记冯卫星就集团下发的《关于在职工群众身边腐败问题专项整治中加强扫黑除恶专项斗争深挖黑恶势力“保护伞”严惩涉黑涉恶腐败的通知》及关于《彻底肃清系统性塌方式腐败流毒影响实施方案的通知》精神进行了传达学习。同时，冯卫星还将集团领导讲话精神进行了传达贯彻。集团党委将涉黑涉恶腐败问题作为职工群众身边腐败问题的整治重点，多次召开工作会、组织督导检查推动工作开展，压紧夯实深挖黑恶势力“保护伞”严惩涉黑涉恶腐败问题的政治责任，着力保障集团正常生产经营秩序，维护企业重大利益和职工群众切身利益，夯实党的群众基础，服务企业发展大局。集团将把扫黑除恶专项斗争作为推进全面从严治党的重要内容推动落实，着力发现问题、研究问题、解决问题，重点解决、坚决查处职工群众身边的涉黑涉恶腐败问题，党员干部及关键岗位管理人员放纵、包庇黑恶势力甚至充当“保护伞”等问题，以及推动扫黑除恶专项斗争工作不力的失职失责问题。同时，集团将按照中央巡视整改及省委关于进一步做好彻底肃清腐败流毒影响的工作要求，坚持问题导向、目标导向，以各级领导班子、基层党组织、党员领导干部为重点，分阶段推进；教育广大党员干部坚定理想信念，强化遵纪守法意识，增强拒腐防变能力，坚决全面彻底肃清腐败流毒影响。（胡艳丽）策划：崔振华编辑：高    超]]></content>
  <author><![CDATA[司马煤业公司]]></author>
  <time>2018-10-11 19:00:00</time>
  <account><![CDATA[SiMaMeiYeGongSi]]></account>
</data>
