<data>
  <id><![CDATA[50872200]]></id>
  <url><![CDATA[https://mp.weixin.qq.com/s?timestamp=1539596486&src=3&ver=1&signature=Egrj350GoKY8-KUcIJshb9yHh0qZFCBb-hce0I*eotqhY9gADjWVeTWY8pajE6nX9C9-Q9PjIFw04QrW-9D*dZ6eYOm0KZEsz4i22ub2fG9xn-DzxzYnc-kwpMzT9yrykMu6s1xkPRTYc9Xq6uNAYhhbSZBJ5QPygS-Mffl-Vg0=]]></url>
  <title><![CDATA[【司马动态】刷卡+低价+代购，便利超市真便利]]></title>
  <content><![CDATA[刷卡+低价+代购，便利超市真便利“噼噼啪啪……”在一阵鞭炮声中，公司食堂便利超市开业啦！为啥在食堂里开超市？山西省潞安集团司马煤业有限公司后勤部书记原海军说：“一切为了职工便利！”如何便利？原书记给出了便利三元素：不收现金、只刷饭卡。原书记说：“由于井下工作的特殊性，有些一、二线职工的食堂饭补总是来不及花。本来饭补是职工福利，是好事，可总是用不到就不能算是真正为职工造福。我们希望可以通过这种为家里置办货品的方式来提升职工福利。”种类丰富、物美价廉。别看超市门脸小，究其内容可不少：货架上摆满了各种实用货品，不仅有沃隆每日坚果、欧丽微兰特级橄榄油、金龙鱼大米还有苏泊尔电饭锅、格兰仕微波炉……全都是有质量保证的大品牌。“我们在保证货源正品的同时，还要求这里出售的商品一定要低于市场超市价格。让职工享受到实实在在的福利。”原书记介绍说。足不出矿、乐享代购。考虑到井下一、二线职工的作息时间，不方便随时出去购买生活所需。食堂便利超市还特推出“代购”服务，职工有啥需要的，可以随时告诉超市服务人员，等下一次进货时，直接帮职工免费“代购”，让职工“足不出矿”，就可轻松购物。（郭洋）策划：崔振华编辑：高    超]]></content>
  <author><![CDATA[司马煤业公司]]></author>
  <time>2018-10-08 19:00:00</time>
  <account><![CDATA[SiMaMeiYeGongSi]]></account>
</data>
