<data>
  <id><![CDATA[50872200]]></id>
  <url><![CDATA[https://mp.weixin.qq.com/s?timestamp=1539596486&src=3&ver=1&signature=Egrj350GoKY8-KUcIJshb9yHh0qZFCBb-hce0I*eotqhY9gADjWVeTWY8pajE6nX9C9-Q9PjIFw04QrW-9D*daNgE0ie5-R77TDcMTu9h38yRVCZazLoX90Ryjv1zYzSMtJglhgqolD8-GNBi2CNGTCbRqemd08NksGWFw05cQA=]]></url>
  <title><![CDATA[]]></title>
  <content><![CDATA[]]></content>
  <author><![CDATA[司马煤业公司]]></author>
  <time>2018-09-30 18:52:41</time>
  <account><![CDATA[SiMaMeiYeGongSi]]></account>
</data>
