<data>
  <id><![CDATA[50872200]]></id>
  <url><![CDATA[https://mp.weixin.qq.com/s?timestamp=1539596486&src=3&ver=1&signature=Egrj350GoKY8-KUcIJshb9yHh0qZFCBb-hce0I*eotqhY9gADjWVeTWY8pajE6nX9C9-Q9PjIFw04QrW-9D*dW8CkxrNXqyrcGM7V8byptf5ZOenkMDFlePIw479R9w5U9Pdbe*G9Oqxceok7Ikiuyn26qXlX7ZZueUElwFbGJ8=]]></url>
  <title><![CDATA[【改革开放四十周年】家乡巨变赋]]></title>
  <content><![CDATA[家乡巨变赋——纪念改革开放四十周年作者/吴传宝黄河滚滚兮膏泽中原，平畴莽莽兮育我郸城。盘古开天，女娲抟土造人，玄冥易地，伏羲教人农耕。乾坤初现明朗，始祖逐代开萌。五千年历史，几许中兴？三中全会，吹响改革号角；卌年风雨，唤起睡狮觉醒。天翻地覆，拔山举鼎。岁月激扬如歌，历史唱响郸城。建县六十多载，乾坤再造；改革开放卌年，百业昌盛。四十年，农业活力倍增。忆往昔，雷电裂空，春潮涌动；中枢决策，小岗破冰。联产承包，喜看农村活力迸发；责任到户，道出农民致富心声。看今朝，春雨潇潇兮，助推农业；政策昭昭然，惠泽三农。土地流转，五谷丰登。养殖格局规模化，产销两旺；种植模式片区化，农企联盟。产品无公害，上市敢竞争。销售网络化，物流城乡通。大美乡村，别墅鳞次似阆苑；葱茏沃野，田园牧歌柳穿莺。扶智脱贫，有效运行。噫嘻！沐时雨之酥润；享社会之承平。四十年，工业发展迅猛。拂改革之春风，驾开放之大鹏。招商引资，大敞门庭。高新区产业大集聚，工厂林立；创新体系日益完善，项目接踵。依托农业资源，拉长产业链；高新技术培育；工艺日渐精。食品、生物，制药为主导；安商、亲商、互利兮共赢。跃跃然，自成体系快又好；欣欣然，经济崛起新引擎。民营个体，商海峥嵘。噫嘻！日月恃万有之引力，天地迸内蕴之潜能。四十年，文化事业亮点纷呈。重教育，兴衰实人才所系；促发展，崛起需兴办庠黉。教育大县，雄起于清华北大生源基地；人才辈出，得益于人民教师心丹骨铮。全民医保，庶民所幸。文学艺术大发展，百花齐放；弘扬国粹重出新，百鸟争鸣。中国书法之乡，画家书者挥毫泼墨；中华诗词名县，词客诗人言志抒情。民间艺术，花开璀璨；种类繁多，应运而生。郸城骄傲，国际有名模；郸城自豪，排坛耀新星。噫嘻！实乃物华天宝，人杰地灵。四十年，城乡一体统筹调整。民主与法制齐抓共进；物质与精神相辅相成。反腐倡廉，显肃然之正气；扫黑除恶，呈安然之民生。小城连四海，国道任驰骋。突出环保，洺河水系同治；环境优化，荡涸浊于无形。教育园区，花繁林茂，接桂殿之嫣势；人民公园，鹤汀凫渚，穷仙宇之蟠萦。新区日新月异，高楼栉比；旧城硬化亮化，绿掩幽径。凝眸夜景，霓影闪烁而摇曳；徜徉广场，弧形彩带似飘绫。噫嘻！为国建功业，自与日月同辉，为民谋福祉，当与天地永恒!壮哉！四十年几番探索，四十年众志成城！四十年经天纬地，四十年虎啸龙腾！四十年家乡巨变，四十年小康圆梦！展望未来，蓝图绘就；笃守初心，闻鼓举旌。噫嘻！千里平川马蹄疾；万众同心再启程！来源：网络综合]]></content>
  <author><![CDATA[司马煤业公司]]></author>
  <time>2018-10-12 19:00:00</time>
  <account><![CDATA[SiMaMeiYeGongSi]]></account>
</data>
