<data>
  <id><![CDATA[50872200]]></id>
  <url><![CDATA[https://mp.weixin.qq.com/s?timestamp=1539596486&src=3&ver=1&signature=Egrj350GoKY8-KUcIJshb9yHh0qZFCBb-hce0I*eotqhY9gADjWVeTWY8pajE6nX9C9-Q9PjIFw04QrW-9D*daMDUjSbHgkqi2CJPPPU*ZllUkg4*MCmUT3TaEdlgEjo3wPT1RNLdmM5bsJRW9FUU2Sl7evcA09cKUtK*gAyV7g=]]></url>
  <title><![CDATA[【社会主义核心价值观】社会主义核心价值观是满满的担当]]></title>
  <content><![CDATA[爱国、敬业、诚信、友善，自由、平等、公正、法治，富强、民主、文明、和谐，二十四字社会主义核心价值观是修身、齐家、治国平天下传统价值理念的传承与升华，传承着中华优秀传统的基因，发扬着自信、进取、团结、奋斗的时代精神。二十四字核心价值观把国家、社会、个人三个层面的价值要求融为一体，也把全国人民的心力目标凝为一处，为实现民族复兴的中国梦打下了坚实的基础。然而，深究其背后的内涵，却满满的都是担当。价值，即角色的担当；价值观，也即对角色担当的不懈追求。我们作为社会的个体，且来看一下个人层面核心价值观中的角色担当。“爱国”价值观中的角色担当。爱国，这是基于对“公民”角色的责任担当，是“天下兴亡匹夫有责”的担当，是一个公民最起码的道德，也是中华民族的优良传统。在社会主义制度下，实行人民民主专政，国家属于人民，人民是国家的主人。反对分裂、维护统一是爱国，捍卫主权、为国争光是爱国，植树造林、贡献力量是爱国，爱护环境、珍惜成果也是爱国，就像一个人在家庭中一样，爱家才有责任感，生活才会和睦美满，日子才会越来越好。所以，有句话说“爱国如家”，就是要勇于担当，更好地承担起自己的角色责任，为和谐社会努力奋斗，把国家建设得更加美丽富强。同时，公民爱国，实际上就是爱自己的政权，捍卫自己的根本利益。要知道，国家强盛，才是我们安居乐业的基础和保障，才是幸福的不竭源泉。“敬业”价值观中的角色担当。敬业，顾名思义，就是对我们“岗位”角色的担当，就是对自己所从事的工作负责不负责的态度，是一种忠于职守的精神。同时，也是一种热爱工作、勤奋工作的高尚情操，是对道德层面“人格”角色的担当。民国时期小学课本中就有“猫捕鼠，犬守门，各司其事，人无职业，不如猫犬”关于敬业的讲述。人生在世虽岗位多有不同，但以敬业之心，做好分内之事，是对岗位、雇主的担当，也是对道德、人格的担当。要知道，敬业才会乐业，有劳才会有得，有工作精进之得，也有工作收入之得，有自食其力的心安之得，也有生活富足的幸福之得。“诚信”价值观中的角色担当。人无信不立。孟子曾经说过，“诚者，天之道也；诚之者，人之道也”，这是人生在世的本分，在人际交往中，以诚相待、以信相交，才会遇知心、能交心、得真心，才会长久，才会“久不相见，闻流言而不信”。与朋友是这样，一家之内夫妻之间、父母子女之间，如果没有了“诚信”这一基础，不用说幸福不幸福，能不能走下去都是未知数。生意合作的伙伴关系更是如此，没有了诚信最多是“一锤子买卖”。这是就个体而言，对于“朋友”“伙伴”“配偶”“父子”等角色的担当，也是为更好担当上述角色而必须具备的个人修养和品质。“友善”价值观中的角色担当。友善，是对“自然界中的一员”这一角色的担当，包括在生活中对“自己”友善，消除焦虑、缓解压力，以良好的心态去更好地面对生活；在人际交往中对家人、朋友、同胞乃至国际友人要友善，能够使人彼此互相尊重、易于沟通、加深了解、增进感情，从而和睦共处、共同发展；在社会事务上对国家问题、社会问题友善以待，就会在社会认识的源头上化解怨气和矛盾，更快建立和谐、公正的社会秩序；在自然生存上对一切生物、生存环境、自然生态友善以待，遵循自然规律，才会与自然环境和谐相处并实现可持续发展。说到底，价值观的落实主体还是人，个人层面核心价值观落实与担当，是社会自由公正、国家富强文明的基础。因此，大力培育和弘扬社会主义核心价值观，积极塑造敢于担当、勇于担当、能够担当个人价值要求的公民主体，中国特色社会主义道路才会越走越宽、越走越快，才会凝聚起更强大的民族力量，来更快实现中华民族伟大复兴的中国梦。来源：时代邮刊]]></content>
  <author><![CDATA[司马煤业公司]]></author>
  <time>2018-09-27 18:30:00</time>
  <account><![CDATA[SiMaMeiYeGongSi]]></account>
</data>
