<data>
  <id><![CDATA[50872200]]></id>
  <url><![CDATA[https://mp.weixin.qq.com/s?timestamp=1539596486&src=3&ver=1&signature=Egrj350GoKY8-KUcIJshb9yHh0qZFCBb-hce0I*eotqhY9gADjWVeTWY8pajE6nX9C9-Q9PjIFw04QrW-9D*dZ6eYOm0KZEsz4i22ub2fG-SGDIZnH8kcCzet6B3LPvaFg6K3rHFaW6NTONcD8eJC2eXDk*8e*xhC9I*nmxGDBs=]]></url>
  <title><![CDATA[【司马动态】润滑油打开荆湘市场——司马煤业与岳阳润东公司签署合作协议]]></title>
  <content><![CDATA[润滑油打开荆湘市场——司马煤业与岳阳润东公司签署合作协议金秋十月，丹桂飘香，硕果满枝，国庆长假后第一天上午十点，司马煤业“两桶油”营销传来重磅喜讯，湖南省岳阳市润东公司和该公司正式签署了框架合作协议，太行润滑油即将叩开荆湘大地广阔市场。签字仪式在司马煤业党建调度会议室举行，润东公司总经理杨小东，潞安集团营销总公司总经理白玉林，太行润滑油营销副总经理路捷，司马煤业总经理宋虎森，副总经理王安伟及相关单位参加该仪式。宋虎森总经理首先致欢迎辞，他对岳阳润东有限公司总经理杨小东一行莅临司马表示热烈的欢迎，对该公司雄厚实力以及合作意向致以充分的肯定和感谢。他指出，潞安集团太行润滑油公司拥有600万升的Ⅲ%20、Ⅳ类合成基础油储备能力，主要生产工业用油和车用油两大类，在车用油领域，太行润滑油重点推广节能环保型、延长换油周期的产品，迎合国家减排的环保趋势。在工业油领域，太行润滑油重点将开发电力行业作为工作重点，目前太行润滑油已成功入围国电、华电、华润、大唐等多家央企，太行润滑油公司拥有崛起民族高端润滑油行业的实力和信心。签约会场精心展示了智华天宝公司的牡丹油，野葽莓干红，不老莓饮品等产品，集团营销总公司总经理白玉林热情地向杨小东一行介绍了潞安转型发展愿景和牡丹油的产品功效，并希望润东公司能多渠道合作，将潞安品牌在三湘大地生根发芽。岳阳润东有限公司总经理杨小东对潞安集团响应国家政策，履行社会责任，加快转型发展取得的成就表达赞赏，他充分肯定了太行润滑油试用期内的稳定性。他希望今后在诚信互惠的基础上，能够开展更深入的合作。最后，在欢快热情的气氛中，双方进行了签字。今年以来，司马煤业将“两桶油”销售纳入全年重点工作，通过产品推介会，“线上+线下”，走出去请进来，拓宽营销思路，目前，己与多家公司签订合作协议，仅三季度销售额就达300万元。岳阳润东公司是一家以进口化工原料及设备为主的民营公司，市场分布广，合作前景广阔，此次签约，将为太行润滑油增强品牌效益，拓宽外部市场美奠定坚实基础。（岳杰  晋绍华）策划：崔振华编辑：高    超]]></content>
  <author><![CDATA[司马煤业公司]]></author>
  <time>2018-10-08 19:00:00</time>
  <account><![CDATA[SiMaMeiYeGongSi]]></account>
</data>
