<data>
  <id><![CDATA[50872200]]></id>
  <url><![CDATA[https://mp.weixin.qq.com/s?timestamp=1539596486&src=3&ver=1&signature=Egrj350GoKY8-KUcIJshb9yHh0qZFCBb-hce0I*eotqhY9gADjWVeTWY8pajE6nX9C9-Q9PjIFw04QrW-9D*dT2dG56hbnBVU8J2In5o4r72kjCRYFoC0lS5ijCRkyCamftCrE*6h74up4jVGrwkju9jvmWE6-ryxCdy40AdtOQ=]]></url>
  <title><![CDATA[]]></title>
  <content><![CDATA[]]></content>
  <author><![CDATA[司马煤业公司]]></author>
  <time>2018-10-11 19:00:00</time>
  <account><![CDATA[SiMaMeiYeGongSi]]></account>
</data>
