<data>
  <id><![CDATA[65755973]]></id>
  <url><![CDATA[https://mp.weixin.qq.com/s?timestamp=1543219502&src=3&ver=1&signature=gURmLehoq33GMNoBE4suGskl3gyhQzQV7nLO5f0Yi4suOWTMdrLa2*WlzDaWfrXX3b4RAKdx-bTyHSZSxBiNtFVrAjbMIlkH-IdU6JXSpfczt5RYenKdOPa15WGQ6RBxCQfhd2DKKaOylNXb*c51EcxCwQ4nwDtu8VKkR71YXd4=]]></url>
  <title><![CDATA[一个人若想成功，要么组建一个团队，要么加入一个系统！]]></title>
  <content><![CDATA[【老板圈儿】本微信是全国一家免费精品，每天播出企业管理实战文章及视频，分享专业、实战的管理技巧和案例！关注阅读三个月，相当于读了MBA！桶有位木匠砍了一一棵树把它做了三个木桶。一个装粪，就叫粪桶，众人躲着；一个装水，就叫水桶，众人用着；一个装酒，就叫酒桶，众人品着！桶是一样的，因装的东西不同命运也就不同。——人生亦如此，有什么样的观念就有什么样的人生，有什么样的想法就有什么样的生活！贪婪和侥幸在报纸上看到一个人买了彩票中了100万，大部分人会蠢蠢欲动跑去买，觉得“说不定我也有机会中奖”，小小的门店门庭若市！觉得这么“幸运的事可能会发生在我身上”！但如果你在报纸上看到一起车祸，50个人只有两个人买了保险，各赔了200万，你会觉得这两个人没买错，但你不会立马去买保险，觉得这么“倒霉的事不可能发生在我身上!”这两件事反应了人性的两种心理：贪婪和侥幸！团  队一个人若想成功，要么组建一个团队，要么加入一个团队！在这个瞬息万变的世界里，单打独斗者，路就越走越窄，选择志同道合的伙伴，就是选择了成功。用梦想去组建一个团队，用团队去实现一个梦想。人，因梦想而伟大，因团队而卓越，因感恩而幸福，因学习而改变，因行动而成功。一个人是谁并不重要，重要的是他站在那里的时候，在他身后站着的是一群什么样的人！坚  持狼行千里吃肉，马行千里吃草，活鱼逆流而上，死鱼随波逐流。有这么一句话我非常欣赏：“真的很累吗？累就对了，舒服是留给死人的！”苦-才是人生，累-才是工作，变-才是命运，忍-才是历练，容-才是智慧，静-才是修养，舍-才是得到，做-才是拥有！如果，感到此时的自己很辛苦，告诉自己：容易走的都是下坡路，坚持住，因为你正在走上坡路！且行且珍惜拉面说：想成功，得有人拉一把。饺子说：脸皮不能太薄。窝头说：还是留个心眼好。豆腐说：关键阶段，需要点化。虾说：大红之日，便是大悲之时。啤酒说：别急，总有让你冒泡的时候。面包说：渺小时，比较充实，伟大后，觉得空虚。油条说：不受煎熬，不会成熟；总受煎熬，会成为老油条。这就是人生，成功的路上离不开贵人的帮助，名师的指点，朋友的理解，远人的刺激，近人的支持。人生不易，且行且珍惜！近几年来，越来越多的企业老板感觉到现在是“人难招、人难管、人难留”。员工工作不努力是他们普遍的共识。在老板的潜意识里是“你办多少事，我给你多少钱”。在员工的潜意识里是“你给我多少钱，我做多少事”。老板束手无策，员工动力不足，这就是问题，持续下起损失的不是业绩，而是精力和时间，如何解决?更多讲解请添加郑爱玲老师微信：ceo65657← 长按复制，或扫描底部二维码！通过后回复“学习”，我将免费发送苏引华《总裁商业思维》价值12800元的课程现场视频给你学习。学习营销策略、股权激励方案、 招人 留人 育人、晋升机制、薪酬体系等。已有36万政商领袖，企业老板，职场精英都在关注。ID：ceo65657▲长按二维码识别"添加]]></content>
  <author><![CDATA[老板管理秘笈]]></author>
  <time>2018-11-21 20:23:54</time>
  <account><![CDATA[swgl886]]></account>
  <image><![CDATA[https://mmbiz.qpic.cn/mmbiz_gif/y8rlf0AMqRH4VK2LYCNPURxjj3FtvrfiaiaJBNY491EGDpPICLia7R2OEBvckoP5JOz57iciaZRDw46qUkIcTYeO8LA/640?wx_fmt=gif|https://mmbiz.qpic.cn/mmbiz_jpg/6GEOWRGLndOx352go9UicC4iagFzs6j3LEARyClIH1IHwQwGibesW3Nu2ibrfh0icOrMicjwuaRhhRhpP0mjy6DwgL0Q/640?wx_fmt=jpeg]]></image>
</data>
