<data>
  <id><![CDATA[65755973]]></id>
  <url><![CDATA[https://mp.weixin.qq.com/s?timestamp=1543219502&src=3&ver=1&signature=gURmLehoq33GMNoBE4suGskl3gyhQzQV7nLO5f0Yi4suOWTMdrLa2*WlzDaWfrXX3b4RAKdx-bTyHSZSxBiNtFVrAjbMIlkH-IdU6JXSpfdn7iDbxM1Uq7DthWlJRFPWPqh4wq3*52zZtro1QlwLX2rPJt9EKK32k8M-ztRxe-E=]]></url>
  <title><![CDATA[为什么越来越多人不发朋友圈了？]]></title>
  <content><![CDATA[【老板圈儿】本微信是全国一家免费精品，每天播出企业管理实战文章及视频，分享专业、实战的管理技巧和案例！关注阅读三个月，相当于读了MBA！某天与朋友闲聊时忽然被问起，“怎么好久没见你更新朋友圈了？”我有些愕然，点开自己的微信相册，才发现上一条动态已经是好几个月之前。再点开几个以前在朋友圈里很是活跃的面孔，情况也竟然与我大同小异，有的甚至早已经在我的视野里消失了……很多人，在不知不觉之中，渐渐地淡出了朋友圈。仔细想想，与微信朋友圈早些年热闹红火的景象相比，如今的我们，更新和翻阅的欲望都已大不如从前，而那个标志着新动态来了的小红点似乎也不再出现的那样勤快。以前的我们，看了一部剧或者电影，要发条朋友圈谈谈感想；去了某家新的餐厅，要发条朋友圈留个纪念；即使是偶然瞥见一片好看的云，路边一棵奇怪的树，都要发条朋友圈表示喟叹。现在的我们，点开一个，最新动态停留在大半个月前，点开另一个，“朋友圈仅三天可见”，更新勤快的除了少数几个总是很活跃的老面孔，要不就是转发些公号文章或是发些微商。为什么很多人不愿意发朋友圈了？是我们已经没有了倾诉的冲动？还是我们已经没有了交流的欲望？知乎上有句话形容的贴切，“不发憋屈，发了矫情。”古龙说，人在江湖，身不由己。大部分人的微信发展史都是这样的：一开始，微信加的都是朋友，可以肆无忌惮地想说啥就说啥；后来，微信又加了亲人，说话就要小心许多，不敢发那些会让父母担心的东西了；再后来，微信又加上了同事和领导，言谈更要谨慎，甚至偶尔还要身不由己的帮忙转发和点赞一些“任务”；朋友圈，渐渐从一个抒发情绪的“后花园”，变成了你来我往的社交“江湖”。越来越多的人挤进了你的朋友圈里，从亲朋好友到同事上司，甚至是送快递的小哥、卖你东西的店主、各种一面之交的人。当我们通讯录里的名单越来越长，真正深交的人却越来越少，绝大多数的，不过是“点赞之交”。当然，也有人说，你可以设置朋友圈分组可见啊。可是当你斟字酌句，考虑完“不能太颓废，不能太激进，不能秀东西秀人，不能乱转发，不能太矫情，不能……”再细细地安排好分组，分析完“这个人看了可能会不高兴，那个人看了可能会觉得low……”你最初想要分享的心情早已消失的无影无踪。村上春树说：“人生而孤独而无法相互理解，所谓交流只不过互相寻求安慰。”正因为我们生而孤独，所以我们总是有着倾诉和交流的冲动。然而，如鲁迅所说，“人类的悲欢并不相通”。你觉得开心的事情，或者在别人眼里是炫耀或者低级；你觉得难过的事情，可能在别人眼里是矫情和懦弱。所以，在众人面前敞开自己的内心世界，永远都是一场风险不低的冒险。在这个成分日益复杂化的朋友圈里发动态也是如此。有很多人习惯删掉自己的朋友圈动态，一是因为，每个人回头看从前的自己都容易觉得矫情又幼稚（你看，连自己都会这样觉得，更别说其他人了），二是因为，担心自己一时的情绪发泄会被别人胡思乱想的解读。我们总是渴望被人关注、赞赏和懂得，但又总是在追逐这些的过程中，遭遇失落、误解甚至是曲解。于是我们越来越不想说了，也不敢说了。近几年来，越来越多的企业老板感觉到现在是“人难招、人难管、人难留”。员工工作不努力是他们普遍的共识。在老板的潜意识里是“你办多少事，我给你多少钱”。在员工的潜意识里是“你给我多少钱，我做多少事”。老板束手无策，员工动力不足，这就是问题，持续下起损失的不是业绩，而是精力和时间，如何解决?更多讲解请添加郑爱玲老师微信：ceo65657← 长按复制，或扫描底部二维码！通过后回复“学习”，我将免费发送苏引华《总裁商业思维》价值12800元的课程现场视频给你学习。学习营销策略、股权激励方案、 招人 留人 育人、晋升机制、薪酬体系等。已有36万政商领袖，企业老板，职场精英都在关注。ID：ceo65657▲长按二维码识别"添加]]></content>
  <author><![CDATA[老板管理秘笈]]></author>
  <time>2018-11-21 20:23:54</time>
  <account><![CDATA[swgl886]]></account>
  <image><![CDATA[https://mmbiz.qpic.cn/mmbiz_gif/y8rlf0AMqRH4VK2LYCNPURxjj3FtvrfiaiaJBNY491EGDpPICLia7R2OEBvckoP5JOz57iciaZRDw46qUkIcTYeO8LA/640?wx_fmt=gif|https://mmbiz.qpic.cn/mmbiz_gif/f4bPPegEd4bzes3uRcOaibibfPuO4uJGGmcB0LxhTT4xnIibPRRDjmjLDKdxtagJNAibfLdRpcibWicVKCL4UFBLgyow/640?wx_fmt=gif|https://mmbiz.qpic.cn/mmbiz/IQJQlpcTAjiaUibQL5RYyoycwyqDdGvQZ9IYXxKHEddnaKFia6y8szGx8wQ6J87wzMRQkhibsovpZL3RgxUk0KMykA/640?wx_fmt=jpeg|https://mmbiz.qpic.cn/mmbiz_gif/FKTicNd1GokVjzFg09hiaLg3BlibmEZ5IIGPjn1L47iaXybrAaDUdym9VspwicoJWIVXJ7ibDKWkOozB7c7jmZuibOZsw/640?wx_fmt=gif|https://mmbiz.qpic.cn/mmbiz_gif/FKTicNd1GokVjzFg09hiaLg3BlibmEZ5IIGhtySZEGjmIzvOFmg0IfxFTF248VEnwLicTPtd6N7GjMUj0bRERuIgwQ/640?wx_fmt=gif|http://mmbiz.qpic.cn/mmbiz_jpg/6GEOWRGLndOx352go9UicC4iagFzs6j3LEARyClIH1IHwQwGibesW3Nu2ibrfh0icOrMicjwuaRhhRhpP0mjy6DwgL0Q/640?wx_fmt=jpeg]]></image>
</data>
