<data>
  <id><![CDATA[65755973]]></id>
  <url><![CDATA[https://mp.weixin.qq.com/s?timestamp=1543219502&src=3&ver=1&signature=gURmLehoq33GMNoBE4suGskl3gyhQzQV7nLO5f0Yi4suOWTMdrLa2*WlzDaWfrXX3b4RAKdx-bTyHSZSxBiNtD6AXopkLaGbZVXMWxsqaKU-vcq-YG9*GZLADqQB7lQriIbnPsaWYMQwEPwioUDhxAVf6CNshbVa*WhARxeuT7M=]]></url>
  <title><![CDATA[一只猪在派出所的故事（深度好文）]]></title>
  <content><![CDATA[【老板圈儿】本微信是全国一家免费精品，每天播出企业管理实战文章及视频，分享专业、实战的管理技巧和案例！关注阅读三个月，相当于读了MBA！一只猪引发的事故......猪事1.0版派出所院子里跑进来一只小猪，把民警种的菜给吃了，所长让人把小猪抓住先关起来，再找猪的主人，把吃了的菜给赔了，可找了两天没找着。所长怕小猪饿死，主人找来不好说，就让喂起来了！半年多过去了，眼看就到年底了，猪长了200多斤还没见人来认领，所里研究决定杀了分给大家过年！猪刚杀好正准备分肉，派出所旁边一老头来到院子对所长说：“你看我家的猪犯了错，你抓也抓了，关也关了，判也判了，而且执行的是死刑，现在你们总得让我来收个全尸了吧？”全所晕倒！点评：螳螂扑蝉，黄雀在后。高手在民间！猪事2.0版正好派出所指导员回来了，了解情况后对大爷说：根据法律相关规定，认领尸体必须是直系亲属或法定代理人，还需要做DNA鉴定，来给大爷抽个血，去跟猪做个亲子鉴定……大爷直接晕倒！点评：人外有人，山外有山。人算不如天算！猪事3.0版大爷远在省城做律师的孙子听说了此事后表示不服，让大爷拿着买猪仔时的收据，并动员邻居做证证明大爷是猪仔的直接监护人，遂向当地法院提起上诉，法院要求派出所对猪进行了冷藏处理，以便日后调查取证。猪肉没吃成，还成了被告，所里上下都表示很郁闷。点评：当局者迷，旁观者清。关键时刻要靠外援！猪事4.0版刚好指导员去市局汇报工作，跟局长吃饭聊到此事，回来开庭时派出所根据局长指示，表示猪可以归还，但是由于监护人监护不力，使被监护人（猪）对政府机关和社会造成严重不良影响，且政府代为管教期间付出了诸多成本。故请求法院判决直接监护人（大爷）支付各种费用及罚款共计2万元把猪肉拉回。点评：出来混，早晚都会还的，该来的都会来的。猪事5.0版大爷回家火急攻心，一病不起，跟老伴说这事不解决好就一死了之。大奶奶很无奈，给在首都做媒体的孙女打电话说叫回来见爷爷最后一面。孙女接到电话马上在微博上发个一个帖子《地方政府以势欺凌耄耋老农，死去的猪到底该何去何从？》  一时间在网络上引起强烈反响，并被多家媒体装载报道。谁都没想到这件小事还能引起轩然大波。无奈，省厅领导直接开电话会议问责当地市县领导，并表示自己会亲自下去调查情况，给社会和媒体一个交代。点评：道高一尺，魔高一丈。舆论决定话语权。猪事6.0版当地政府立即组织专门小组由县委和公安直接领导带队慰问大爷，由县财政直接拨款归还大爷2万元罚款，另外给大爷5000元慰问金，归还已经冷冻了半年的猪，并开除了组织杀大爷猪的派出所零时工。点评：多一事不如少一事，以和为贵。猪事7.0版次日，省厅领导为了社会主义和谐，在众多媒体的簇拥下来到大爷家慰问，大爷这辈子也没见过这么大的领导，安排儿媳妇把猪肉全部炖掉请领导和媒体朋友一起吃午饭，第二天多家媒体再次报道省厅领导端起土碗在大爷泥巴院子与基层人民群众融为一体的新闻……点评：冤家宜解不宜结，大家好才是真的好。近几年来，越来越多的企业老板感觉到现在是“人难招、人难管、人难留”。员工工作不努力是他们普遍的共识。在老板的潜意识里是“你办多少事，我给你多少钱”。在员工的潜意识里是“你给我多少钱，我做多少事”。老板束手无策，员工动力不足，这就是问题，持续下起损失的不是业绩，而是精力和时间，如何解决?更多讲解请添加郑爱玲老师微信：ceo65657← 长按复制，或扫描底部二维码！通过后回复“学习”，我将免费发送苏引华《总裁商业思维》价值12800元的课程现场视频给你学习。学习营销策略、股权激励方案、 招人 留人 育人、晋升机制、薪酬体系等。已有36万政商领袖，企业老板，职场精英都在关注。ID：ceo65657▲长按二维码识别"添加]]></content>
  <author><![CDATA[老板管理秘笈]]></author>
  <time>2018-11-23 20:32:02</time>
  <account><![CDATA[swgl886]]></account>
  <image><![CDATA[https://mmbiz.qpic.cn/mmbiz_gif/y8rlf0AMqRH4VK2LYCNPURxjj3FtvrfiaiaJBNY491EGDpPICLia7R2OEBvckoP5JOz57iciaZRDw46qUkIcTYeO8LA/640?wx_fmt=gif|https://mmbiz.qpic.cn/mmbiz/GoEzkuDzI4krprc3gfvHRrvQian9CedZPOJwaACgS2Xjl6EPH1Fwzv5ibYCc7GgsRlibo2dDyUnYicHMfYAQMHkkew/640?|https://mmbiz.qpic.cn/mmbiz/GoEzkuDzI4krprc3gfvHRrvQian9CedZPqaZl6BAOEtaft3mKwOuJOUHZiawLOnpFgdSLo46VoPQWQUQgxJ5zXrg/640?|https://mmbiz.qpic.cn/mmbiz_jpg/icuBluHiayKbbZMd1ejMcFDRMpiaPPNVf5qV0f5N6Pfsthxoibxmlu1k96JRDib7Yxq2quLnTw1tsrK4D9C3PyYRopw/640?wx_fmt=jpeg|https://mmbiz.qpic.cn/mmbiz/GoEzkuDzI4krprc3gfvHRrvQian9CedZPuAgHswGve7Mr9TfqkibxDNl49B8wXFuTbf7a2g1hjER0RiacibGUc0Rjg/640?|https://mmbiz.qpic.cn/mmbiz/GoEzkuDzI4krprc3gfvHRrvQian9CedZPXXgGeZTDPA8kbLIq5EyuZaDjkE5BkDquibxccBDZcmGg7PxcJhQTmyQ/640?|https://mmbiz.qpic.cn/mmbiz/wo7GQUfkicYDHwGBSCNt7Nr5gvBVhzXW0TfqK0rGn27gtroLJKLfYC1CFP1XXbeNsnibbYTQFbUymVibtRtI31U3g/640?|https://mmbiz.qpic.cn/mmbiz_jpg/6GEOWRGLndOx352go9UicC4iagFzs6j3LEARyClIH1IHwQwGibesW3Nu2ibrfh0icOrMicjwuaRhhRhpP0mjy6DwgL0Q/640?wx_fmt=jpeg]]></image>
</data>
