<data>
  <id><![CDATA[65755973]]></id>
  <url><![CDATA[https://mp.weixin.qq.com/s?timestamp=1543219502&src=3&ver=1&signature=gURmLehoq33GMNoBE4suGskl3gyhQzQV7nLO5f0Yi4suOWTMdrLa2*WlzDaWfrXX3b4RAKdx-bTyHSZSxBiNtOQRZzTGr9UKjGGm-i*zngPP4dUKfucL7aq1j6XF7W57l5b27zXHazTKPzP*KzNJA2xO5ULZNVIfrM3uPQjm9mU=]]></url>
  <title><![CDATA[犹太商人去银行借钱，看完太震撼了！]]></title>
  <content><![CDATA[【老板圈儿】本微信是全国一家免费精品，每天播出企业管理实战文章及视频，分享专业、实战的管理技巧和案例！关注阅读三个月，相当于读了MBA！一位犹太商人进了一家银行，银行职员看到商人身着价值不菲的衣物，急忙叫来银行经理，将商人领进贵宾室。经理认为犹太商人一定是来谈一笔大业务，笑眯眯的问商人想办点什么业务？商人说：”我想贷款。“经理乐了，急忙问商人借多少？商人说：“不多，只借一美元。”经理感到很诧异，回答说：“只要您能提供担保，借多少都可以的。”商人拿出了一堆可以做担保的东西，经理找员工算了算，这些东西价值几十万美元，完全可以做贷款的担保。随后，商人跟员工去办理贷款手续。员工告知商人，年利率是百分之六。银行行长走过来，问犹太商人：“先生，您这么富有，抵押了这么东西，按理来说是应该借更多的钱来做更大的生意啊，您只借了一美元该不会是来开玩笑的吧！借一美元有什么特殊的含义么？”商人说：“既然你这么好奇，我就说说！”“我用来担保的这些东西是想找个保险的地方存起来的，自己买个保险箱放家里还是不够安全，金库的保险箱租金又太贵了，而银行却非常安全，我觉得我把东西放在你们这既放心又省钱，一年只需要六美分，真是太划算了！“银行经理听完，大吃一惊，心想，犹太人真不愧是最会做生意的人，简直太聪明了！众所周知，犹太人掌握世界上的大部分财富，甚至马克思都说：”犹太人用犹太人的方式解放了自己！“那么，一个普通的老板，也想像犹太人一样会做生意，该怎么做呢？最重要的就是思维上的转变！中国人的思维不够活跃，大家常用惯性思维办事。而犹太人的思维特别活跃，犹太人有句俗语，叫做”两个犹太人，三种想法。“如果一个中国人，在一条街上开了一家汽配商店，那么这条街上会接二连三的开出汽配商店，最后成了汽配一条街。而如果来了个犹太人开了家汽配商店，第二个犹太老板很可能会来开家饭馆，给来修车的人提供配套服务，第三个犹太商人又可能开一家其他的商店。如果街道成了”汽配一条街“，那么，街上的每个店主每天都要陷入竞争的焦虑之中，大家会各种压低价格，最后看谁能够胜出，这样做非常的累，又很容易赚不到钱。但是一条街上如果什么商店都有，老板们就不用每天忙于同行竞争。大家都听说过那个”盲人夜晚打灯笼的故事“，盲人看不见，打着灯笼也没什么用，但是打着灯笼却能使别人看到了自己，避免自己被别人撞到。犹太商人们正是利用了”盲人打灯笼”这一智慧。如果有来修车的人，就必定会有吃饭的人，有了吃饭的人，又会带动其他的生意，大家都避免了“相撞”带来的烦恼，得到的是共赢的局面。犹太人常说，只有头脑才能驾驭财富，所以他们常常在关乎生意的事情上多思考。想要像犹太人一样富有，就要像犹太人一样精明，在成本上苦下工夫，在经营上能灵活处理。近几年来，越来越多的企业老板感觉到现在是“人难招、人难管、人难留”。员工工作不努力是他们普遍的共识。在老板的潜意识里是“你办多少事，我给你多少钱”。在员工的潜意识里是“你给我多少钱，我做多少事”。老板束手无策，员工动力不足，这就是问题，持续下起损失的不是业绩，而是精力和时间，如何解决?更多讲解请添加郑爱玲老师微信：ceo65657← 长按复制，或扫描底部二维码！通过后回复“学习”，我将免费发送苏引华《总裁商业思维》价值12800元的课程现场视频给你学习。学习营销策略、股权激励方案、 招人 留人 育人、晋升机制、薪酬体系等。已有36万政商领袖，企业老板，职场精英都在关注。ID：ceo65657▲长按二维码识别"添加]]></content>
  <author><![CDATA[老板管理秘笈]]></author>
  <time>2018-11-24 23:08:18</time>
  <account><![CDATA[swgl886]]></account>
  <image><![CDATA[https://mmbiz.qpic.cn/mmbiz_gif/y8rlf0AMqRH4VK2LYCNPURxjj3FtvrfiaiaJBNY491EGDpPICLia7R2OEBvckoP5JOz57iciaZRDw46qUkIcTYeO8LA/640?wx_fmt=gif|https://mmbiz.qpic.cn/mmbiz_jpg/aSAH5qlH2a2ak34t7yZ1ibnwWiczsaZNbESxLZmBQtXmSGvtOn9W4oaj0XnKDZYxZHphHCZ1Ek0xbsJW56ia0ib8KQ/640?wx_fmt=jpeg|https://mmbiz.qpic.cn/mmbiz_jpg/aSAH5qlH2a2ak34t7yZ1ibnwWiczsaZNbEdu1icZq3ibRkVbqpOxTcZAY1FjuYtyvibFsqAg3zbKyeAMOM0MkVXtSxw/640?wx_fmt=jpeg|https://mmbiz.qpic.cn/mmbiz_jpg/aSAH5qlH2a2ak34t7yZ1ibnwWiczsaZNbEUkgia0HMW9PBBrnEQvq8HRQfjyicrKwRjS3RuugxA0oFtWsg6N7aCJbQ/640?wx_fmt=jpeg|https://mmbiz.qpic.cn/mmbiz_jpg/6GEOWRGLndOx352go9UicC4iagFzs6j3LEARyClIH1IHwQwGibesW3Nu2ibrfh0icOrMicjwuaRhhRhpP0mjy6DwgL0Q/640?wx_fmt=jpeg]]></image>
</data>
