<data>
  <id><![CDATA[65755973]]></id>
  <url><![CDATA[https://mp.weixin.qq.com/s?timestamp=1543219502&src=3&ver=1&signature=gURmLehoq33GMNoBE4suGskl3gyhQzQV7nLO5f0Yi4suOWTMdrLa2*WlzDaWfrXX3b4RAKdx-bTyHSZSxBiNtKI3pJF3pOfpU8fax0*v9S2kZpAb4kj4KgKaVt3Jn8r4*ky2636fv-M4exgDqDXCAsY4XEo0mw7MaEqan1grmNY=]]></url>
  <title><![CDATA[人有贵气的8大特征]]></title>
  <content><![CDATA[【老板圈儿】本微信是全国一家免费精品，每天播出企业管理实战文章及视频，分享专业、实战的管理技巧和案例！关注阅读三个月，相当于读了MBA！▼贫贱的人各种各样，富贵的人却有着共同的特征，看看富贵人的八大特征，你占几个？一、厚道。古人云：厚德载物，就是说人只要有好德行，就没有承载不了的事，相反，人无大德便无法成就大事。这些名言忠告，告诫我们要乐于吃亏，多为别人着想，才能成就事业。同时，厚德是福，做人厚道，方能得到别人的尊重。二、善良。善良是好人品的关键要素。人要常怀一颗感恩之心，方能使人敬仰。要多存善心，多兴善举。只有这样，才能坦坦然然做人，达到平日不做亏心事，半夜不怕鬼敲门的境界。三、守信。一个人如果没有信用，什么事也干不好。人与人之间的交往，关键是要讲信用。古人把守信看作是做人非常重要的品行之一，讲究言必行，信必果。尾生为爱情魂断蓝桥，曾子因一句话为儿子杀猪，都是守信的千古佳话。人在社会上如果不讲信用，肯定没有人愿意与其交往，更不会赢得别人的信任。四、宽容。常言道：“有容乃大”。人要有一颗宽容之心，要能容天下难容之事。我们要学会宽容与自己看法不同的人，特别是与自己有矛盾的人。宽容别人实际上是给自己的心灵松绑，否则，只会给自己的心灵加压，受累的还是自己。要承认人与人之间的差别，多看别人的优点和长处，宽容别人不足之处，一分为二地看待别人。凡事争则两败，让则两利。五、诚实。诚实是立身之本，诚实是一种美德。人之无诚，不可为交。“欲当大任，须是笃实”。做人只有实实在在，老老实实，才能赢得别人的尊重，才能在社会上站稳脚跟。我们对待工作也一样，不管是汇报工作，还是反映问题，都要实事求是，绝不可弄虚作假，失信于人。六、谦虚。谦虚是好人品的一个重要组成部分。“谦虚使人进步，骄傲使人落后”。无论什么时候把自己看低一些，总是好事，一方面有利于自己的进步，另一方面有利于与人相处。古人云“无论做何等人，总不可有势利气，无论习何等业，总不可有粗浮心”。干任何事情，不要总认为自己贤能，不可少之，这样不好，容易让人讨厌。谦恭之人，人皆爱之。七、正直。一个人不一定能成为一个伟大的人，但完全可以成为一个正直的人。正直之人，首先要做到凭良心办事。清人王永彬有云：“求个良心管我，留些余地做人”，说的就是这个道理。干事都能从良心出发，那绝对是一个高尚的人、正直的人。人还要有正确的是非观念，遇到问题要有自己的见解，决不能你好、我好、大家都好。要坚持真理，不能因为关系好把错说成对，也不能因关系不好，而把对说成错。八、执著。人贵有恒。干任何事情要有决心、恒心和耐心，要有执著追求的精神，这是成就事业的关键。否则，将一事无成。所谓“滴水穿石，铁棒磨针”，讲的就是这个道理。爱国将领冯玉祥说过：“世上成大事者都是傻子”，因为这些人一旦认准目标，只管朝前走，所以才会取得成功。相反，有些所谓聪明之人，因为脑子转速太高，干事业左顾右盼，思东想西，结果还是成不了事。我们自己不妨做个傻子，把自己看得渺小一点，有什么不可呢？在日常的工作中，我们只要是认准的事，就应该想尽千方百计把它完成，把它干好，奋力追求成功的乐趣。这种恒心和勇气，就是执著追求的具体体现。最后人生在世，不管是做人还是做事，都应把握好这八个要素，只有不断提高自己的修养，就能达到人生的最高境界。来源：本文摘自《百度文库》，图文综合自网络；如涉及版权请告知，我们对文中观点保持中立，仅供参考、交流之目的。一个聚百万人脉的老板圈子老板管理秘籍微信号：swgl886▲长按二维码"识别"关注聚焦CEO圈子！最前沿企业管理趋势洞察]]></content>
  <author><![CDATA[老板管理秘笈]]></author>
  <time>2018-11-22 20:12:34</time>
  <account><![CDATA[swgl886]]></account>
  <image><![CDATA[https://mmbiz.qpic.cn/mmbiz_gif/y8rlf0AMqRH4VK2LYCNPURxjj3FtvrfiaiaJBNY491EGDpPICLia7R2OEBvckoP5JOz57iciaZRDw46qUkIcTYeO8LA/640?wx_fmt=gif|https://mmbiz.qpic.cn/mmbiz_jpg/kfKBPJWZK2rm2icIEWvyTAEnqzdQMcbibD7yS8d7ZfFyofqs72RpLicfIDaFhCOZrElEATt5SUygABn7bjXeQjvEQ/640?wx_fmt=jpeg|https://mmbiz.qpic.cn/mmbiz_jpg/kfKBPJWZK2rm2icIEWvyTAEnqzdQMcbibDv9EwYffibY9yBQfmNicKwIvS1t2zHK7FEq5DZJU8r8ZLRvRCxa5LavFw/640?wx_fmt=jpeg|https://mmbiz.qpic.cn/mmbiz_jpg/kfKBPJWZK2rm2icIEWvyTAEnqzdQMcbibDhXu3dCDKcYZ8JUyXRkjnCSvEpNQwdQrkwnpYVUTDNqfUXMy0QSwT9w/640?wx_fmt=jpeg|https://mmbiz.qpic.cn/mmbiz_jpg/kfKBPJWZK2rm2icIEWvyTAEnqzdQMcbibDR91rW7XUOmhgvJXaEbLxicGbxzOGZIiaSaHXNdhYQSibjb1VRR8hSHT5Q/640?wx_fmt=jpeg|https://mmbiz.qpic.cn/mmbiz_jpg/kfKBPJWZK2rm2icIEWvyTAEnqzdQMcbibDTXQuAPLz9IWUXj2YbXu1eNSaAwroXoR2vU0Psn446iabicpQwbZLsjWw/640?wx_fmt=jpeg|https://mmbiz.qpic.cn/mmbiz_jpg/kfKBPJWZK2rm2icIEWvyTAEnqzdQMcbibDXlA2S6oXlnWEaMnibRc5hDljazicJkc1nO5rT9upCsialEZQzj35K5t3Q/640?wx_fmt=jpeg|https://mmbiz.qpic.cn/mmbiz_jpg/kfKBPJWZK2rm2icIEWvyTAEnqzdQMcbibDXryqHqJaV4o5aUQtsan29fq6O2bzsQDx7racrk5EloVeSRkZu5GFFw/640?wx_fmt=jpeg|https://mmbiz.qpic.cn/mmbiz_jpg/kfKBPJWZK2rm2icIEWvyTAEnqzdQMcbibD6ibpWIxkly0bOr1XEN7dXUET1KZHc3uXI9f9YaB85ppb9kHT08rvtEg/640?wx_fmt=jpeg|https://mmbiz.qpic.cn/mmbiz_jpg/kfKBPJWZK2rm2icIEWvyTAEnqzdQMcbibDuu31ABWcLF3IsdWSRr2y1m7N8E7OiaNkO7hBvxDwnC6qjH5myCE9nEQ/640?wx_fmt=jpeg|http://mmbiz.qpic.cn/mmbiz/17MiccsGRV0D2LfqIJGaG0SdOrQ3Ebl0BZmSDrMLia8x0UgcCzQDzkNrSuo7FfOQUkMbYHVvNYDtbv4YicqvaQl6w/640?|http://mmbiz.qpic.cn/mmbiz_jpg/oNXExibrGBMSiaiaDzgOWwKPHxld6jZv4QQhSVcwEnYicBibq4PxMYib6hg7mEvjqiam3Hk4RylqTjAro6AicHhguiavtbQ/640?wx_fmt=jpeg]]></image>
</data>
