<data>
  <id><![CDATA[65755973]]></id>
  <url><![CDATA[https://mp.weixin.qq.com/s?timestamp=1543219502&src=3&ver=1&signature=gURmLehoq33GMNoBE4suGskl3gyhQzQV7nLO5f0Yi4suOWTMdrLa2*WlzDaWfrXX3b4RAKdx-bTyHSZSxBiNtKI3pJF3pOfpU8fax0*v9S0gMwDu-tX0O6cSBBWC2mCzUm7RY9UpJtY5Pv0FC*vOUHeg0tpDzAxYhDNJTBwRcno=]]></url>
  <title><![CDATA[今夜，多少人因为央视曝光这张A4纸无法入眠......]]></title>
  <content><![CDATA[【老板圈儿】本微信是全国一家免费精品，每天播出企业管理实战文章及视频，分享专业、实战的管理技巧和案例！关注阅读三个月，相当于读了MBA！时间，就像捧在手里的沙子，悄无声息地就这么溜走了……不经意，我们就有了自己的家庭，有了孩子，再稍不留神，孩子能跑了。人生不过短短的900个月。画一个30×30的表格，一张A4纸就足够了。如果每过一个月，在一个格子里涂掉，全部人生就在这张纸上………如果你今年20岁，那么已经走完的人生如下：如果你读完大学，你的人生就是这样的：假设你和你的女朋友/男朋友谈了一场6个月的感情，它在这张纸上是这样的：如果你是一位30岁上下的心力交瘁的上班族，你的人生是这样的：假如你刚有了孩子，在孩子上幼儿园前你能和他朝夕相处的日子是这样的：在你的孩子考上大学离开家之前，你们大概能相处这么久：假设我们的父母平均五十岁，他们的人生是这样的：假如你们天天见面，你能陪伴他们的时间是这样的：假如你们一个月见两次面，你能陪伴他们的时间就是这样的：假如你们一年见一次面，就会是这样的：看完是不是心里咯噔了一下？被量化的人生竟如此短暂。在忙碌的工作和生活中，我们是否应该静下心来，思考我们真正想要的生活，多多陪伴两鬓发白的父母，及成长中的孩子……看完之后，心里酸酸的……你呢？来源：本文摘自《百度文库》，图文综合自网络；如涉及版权请告知，我们对文中观点保持中立，仅供参考、交流之目的。一个聚百万人脉的老板圈子老板管理秘籍微信号：swgl886▲长按二维码"识别"关注聚焦CEO圈子！最前沿企业管理趋势洞察]]></content>
  <author><![CDATA[老板管理秘笈]]></author>
  <time>2018-11-22 20:12:34</time>
  <account><![CDATA[swgl886]]></account>
  <image><![CDATA[https://mmbiz.qpic.cn/mmbiz_gif/y8rlf0AMqRH4VK2LYCNPURxjj3FtvrfiaiaJBNY491EGDpPICLia7R2OEBvckoP5JOz57iciaZRDw46qUkIcTYeO8LA/640?wx_fmt=gif|https://mmbiz.qpic.cn/mmbiz_jpg/KJa2wgtvb2Qrky1JIGsqHEJ8JbJIibO4BpiaQt4IPZUmJWX36xtypPzUAZ1yicETAVCltYveq9TGz3VwrhspDIBnA/640?wx_fmt=jpeg|https://mmbiz.qpic.cn/mmbiz_jpg/KJa2wgtvb2Qrky1JIGsqHEJ8JbJIibO4BNYdXe6M7wMaFtftdN9JI0650FiagRQLy9AqibtRgGdjVAk7Rviaxhkd3A/640?wx_fmt=jpeg|https://mmbiz.qpic.cn/mmbiz_jpg/KJa2wgtvb2Qrky1JIGsqHEJ8JbJIibO4BNyb8u2yGA2CD8KTT3Pn9JzCiaSfGHyVPqqSSoRmsV7p60icKKNh9LW3w/640?wx_fmt=jpeg|https://mmbiz.qpic.cn/mmbiz_jpg/KJa2wgtvb2Qrky1JIGsqHEJ8JbJIibO4BCRTv4llA5YtBzPjpWbDDmk5QcmhG2eticdYLrHp7YBaxAiaNiaop0S6Ng/640?wx_fmt=jpeg|https://mmbiz.qpic.cn/mmbiz_jpg/KJa2wgtvb2Qrky1JIGsqHEJ8JbJIibO4B1goQNCmkceUA574T0tv57wxkyBYVne1cu7JgKyd2dXEfBTxZ6oicnBQ/640?wx_fmt=jpeg|https://mmbiz.qpic.cn/mmbiz_jpg/KJa2wgtvb2Qrky1JIGsqHEJ8JbJIibO4BZfMlKpHibjJkgYDOzt12UibB2mvx9wu3AhtbZnFQArgI45Fib8tRBPyJw/640?wx_fmt=jpeg|https://mmbiz.qpic.cn/mmbiz_jpg/KJa2wgtvb2Qrky1JIGsqHEJ8JbJIibO4BaTTsVv87ic3WIcLq1MRJ1qGVNT6U2xcxDibcPibW0b4eMXcQ9dHyichl5Q/640?wx_fmt=jpeg|https://mmbiz.qpic.cn/mmbiz_jpg/KJa2wgtvb2Qrky1JIGsqHEJ8JbJIibO4ByWWervztfraQWwHxSnDwUsY4Cl202DaK2zpqUhjwDmZUEQ6YVDHM0g/640?wx_fmt=jpeg|https://mmbiz.qpic.cn/mmbiz_jpg/KJa2wgtvb2Qrky1JIGsqHEJ8JbJIibO4B8zXSoRibXBaBicMcNBR8OiaLV5HPxvwK5UsEicQEIWLkfwYAsPKt474jsw/640?wx_fmt=jpeg|https://mmbiz.qpic.cn/mmbiz_jpg/KJa2wgtvb2Qrky1JIGsqHEJ8JbJIibO4Bn5btVQ0nYv5SlSZvPdmBiac8FWGwuv0b1SnxZa8ia4WrorjYLG3e1rmg/640?wx_fmt=jpeg|http://mmbiz.qpic.cn/mmbiz/17MiccsGRV0D2LfqIJGaG0SdOrQ3Ebl0BZmSDrMLia8x0UgcCzQDzkNrSuo7FfOQUkMbYHVvNYDtbv4YicqvaQl6w/640?|http://mmbiz.qpic.cn/mmbiz_jpg/oNXExibrGBMSiaiaDzgOWwKPHxld6jZv4QQhSVcwEnYicBibq4PxMYib6hg7mEvjqiam3Hk4RylqTjAro6AicHhguiavtbQ/640?wx_fmt=jpeg]]></image>
</data>
