<data>
  <id><![CDATA[65755973]]></id>
  <url><![CDATA[https://mp.weixin.qq.com/s?timestamp=1543219502&src=3&ver=1&signature=gURmLehoq33GMNoBE4suGskl3gyhQzQV7nLO5f0Yi4suOWTMdrLa2*WlzDaWfrXX3b4RAKdx-bTyHSZSxBiNtD6AXopkLaGbZVXMWxsqaKUqqRw6I3MSU1SGgrpgAyawpfk-uwHydpF*HIy0N0zx8MuBmw4GgTchaGpNoZUE9MM=]]></url>
  <title><![CDATA[你为什么难成功，因为你睡了不该睡的人！]]></title>
  <content><![CDATA[【老板圈儿】本微信是全国一家免费精品，每天播出企业管理实战文章及视频，分享专业、实战的管理技巧和案例！关注阅读三个月，相当于读了MBA！人生的高度取决于你读过的书和遇见的人成功的因素有很多，但排名第一的成功关键是什么？你可能猜不出来。答案是：配偶，你经常睡的人。每两个顶尖成功的人中，就会有一个因为找对床伴而成功，这个因素占成功的50%，甚至是更高。大部分人没有成功，就是因为找了一个能摧毁他的人。武大郎没能把烧饼店开到全大宋连锁，一个很重要的原因是潘金莲给他带来了毁灭。同样，那些成功的人，也有一半是因为找到了一个会激励他的枕边人。有人说，到底是克林顿娶了希拉里，才变成美国总统？还是希拉里有眼光，嫁给一个以后就会当总统的克林顿？其实，他们是在互相影响下，才成为美国历史上最般配的夫妻档的。你的枕边人，对你成功的影响太关键了，因为你50%以上的成功掌握在睡在你身边人的手里，即使他（她）什么事都不做，他（她）却可以“催眠”你。睡在你身边的人，要么是来摧毁你的，要么是你的激励师。从白天到夜晚，从夜晚到白天，日复一日，年复一年，他（她）对你的期望，跟你说的话，通过θ波和α波传到你的大脑中，深深地印在你的潜意识中，最后决定了你人生的成败！根据心理学家研究，别人的看法会影响我们对自己的认知。对我们影响力最大的人，前半辈子是父母，后半辈子就是枕边人。枕边人会决定我们的命运，但是枕边人是我们自己选的。你的成功要靠睡在你身边的人，他（她）要么帮你建立更好的人际关系，要么摧毁你的人际关系；不是告诉你：“你是最棒的，你一定能完成梦想。”就是告诉你：“你根本不配拥有这样的梦想。”“我已经结婚生子了，可是我的另一半还是毁人孜孜不倦，我该怎么办？难不成，离了再找一个，重新睡？”请明白，当初你的配偶选择与你结婚，偕老此生，一定是因为在他（她）的心目中你是优秀的。不然，如果他（她）明知道你不好，怎么会决定跟你过一辈子？同样，在你决定跟他（她）结婚的时候，也一定是觉得他（她）是很优秀的，是可以让你发挥自己的能力，是可以助你成功的。不然，你怎么会决定与他（她）过一辈子？这么看来，当初，你们能相互激励，现在为什么变了呢？首先是因为你变了，所以他（她）也变了！怎么办？先改变自己，让自己成为一个积极的懂得欣赏和激励配偶的人，根据吸引力原则，渐渐地你的配偶也会变成跟你一样的人。总之，睡在你身边的人，是决定你成功的第一大关健所在。你必须让他（她）变成你的助力而不是阻力。请记住：她（他）不是帮助你一飞冲天，就是把你打落地下。而决定你配偶如何做的人，是你！我们一生会遇到三个能够改变命运的人：第一个人是老师。一个人多优秀，他的导师很重要；第二个人是同伴。一个人走什么样的路，能走多远，与谁同行很重要；第三个人是敌人。一个人能多成功，有一个强大的对手很重要。这个对手可能是一个人，也可能是一个逆境，甚至是我们人性深处的另一个自己。来源：本文摘自《百度文库》，图文综合自网络；如涉及版权请告知，我们对文中观点保持中立，仅供参考、交流之目的。一个聚百万人脉的老板圈子老板管理秘籍微信号：swgl886▲长按二维码"识别"关注聚焦CEO圈子！最前沿企业管理趋势洞察]]></content>
  <author><![CDATA[老板管理秘笈]]></author>
  <time>2018-11-23 20:32:02</time>
  <account><![CDATA[swgl886]]></account>
  <image><![CDATA[https://mmbiz.qpic.cn/mmbiz_gif/y8rlf0AMqRH4VK2LYCNPURxjj3FtvrfiaiaJBNY491EGDpPICLia7R2OEBvckoP5JOz57iciaZRDw46qUkIcTYeO8LA/640?wx_fmt=gif|https://mmbiz.qpic.cn/mmbiz/17MiccsGRV0D2LfqIJGaG0SdOrQ3Ebl0BZmSDrMLia8x0UgcCzQDzkNrSuo7FfOQUkMbYHVvNYDtbv4YicqvaQl6w/640?|https://mmbiz.qpic.cn/mmbiz/U2pX1sAImwBYbbKibOMPFGaBsKvibDw9gPf0XZAAXVKsghZia17QXAaklYrky9N0jasX4BNbS4MW2EmN8kuMw1Iqw/640?wx_fmt=gif|https://mmbiz.qpic.cn/mmbiz_jpg/9hGpXAH5nlA6ge9jibL85icCvuy2sSMM3tVefjSgYSnnd6lsY35REQfhOvNhOWDiaabhKic82icsvc6nvJYP7Cjia6GQ/640?wx_fmt=jpeg|https://mmbiz.qpic.cn/mmbiz_jpg/9hGpXAH5nlA6ge9jibL85icCvuy2sSMM3tC5sIQXdmHJxAc7s9FpC68lefQNsawiakFZlZf99SibHjm6diaZau5HFvA/640?wx_fmt=jpeg|https://mmbiz.qpic.cn/mmbiz_jpg/9hGpXAH5nlA6ge9jibL85icCvuy2sSMM3tPQg4YmRqYiaUp0ZamQVAKatIu0wytNMBya82VCwenkXRlRwyR8gSic1Q/640?wx_fmt=jpeg|https://mmbiz.qpic.cn/mmbiz_jpg/9hGpXAH5nlA6ge9jibL85icCvuy2sSMM3t6ugiafOocv7rpjO17DjPAKfAqI6KnA6v0LFEbos3vX1uiayiblOnicbvibw/640?wx_fmt=jpeg|http://mmbiz.qpic.cn/mmbiz/17MiccsGRV0D2LfqIJGaG0SdOrQ3Ebl0BZmSDrMLia8x0UgcCzQDzkNrSuo7FfOQUkMbYHVvNYDtbv4YicqvaQl6w/640?|http://mmbiz.qpic.cn/mmbiz_jpg/oNXExibrGBMSiaiaDzgOWwKPHxld6jZv4QQhSVcwEnYicBibq4PxMYib6hg7mEvjqiam3Hk4RylqTjAro6AicHhguiavtbQ/640?wx_fmt=jpeg]]></image>
</data>
