<data>
  <id><![CDATA[65755973]]></id>
  <url><![CDATA[https://mp.weixin.qq.com/s?timestamp=1543219502&src=3&ver=1&signature=gURmLehoq33GMNoBE4suGskl3gyhQzQV7nLO5f0Yi4suOWTMdrLa2*WlzDaWfrXX3b4RAKdx-bTyHSZSxBiNtD6AXopkLaGbZVXMWxsqaKUsKjInum*pkd-4azzKJy*ES80SqgVbQRdt6uE4*x6Myb6Rs1TQYQf2FIMFuOUfqyo=]]></url>
  <title><![CDATA[吞下了委屈，喂大了格局]]></title>
  <content><![CDATA[【老板圈儿】本微信是全国一家免费精品，每天播出企业管理实战文章及视频，分享专业、实战的管理技巧和案例！关注阅读三个月，相当于读了MBA！做人做人智商高不高没关系，情商高不高也问题不大，但做人的格局一定要大，说白了，你可以不聪明，也可以不懂交际，但一定要大气。格局如果一点点挫折就让你爬不起来，如果一两句坏话、就让你不能释怀，如果动不动就讨厌人，憎恨人，那格局就太小了。胸怀做人有多大气，就会有多成功。海纳百川，有容乃大；壁立千仞，无欲则刚。因为胸怀，才是成功者的标志。铭记永远要记住这句话：越努力，越幸运！空杯放下你的浮躁，放下你的懒惰，放下你的三分钟热度，放空你禁不住诱惑的大脑，放开你容易被任何事物吸引的眼睛，放淡你什么都想聊两句八卦的嘴巴，静下心来好好做你该做的事，该好好努力了！有时候真的努力后，你会发现自己要比想象的优秀很多。希望世上除了生死，其它都是小事。不管遇到了什么烦心事，都不要自己为难自己；无论今天发生多么糟糕的事，都不要对生活失望，因为还有明天。目标有目标的人在奔跑，沒目标的人在流浪，因为不知道要去哪里！有目标的人在感恩，沒目标的人在报怨，因为觉得全世界都欠他的！有目标的人睡不着，沒目标的人睡不醒，因为不知道起来去干嘛！生命生命只有走出来的精彩，沒有等待出来的辉煌！坚持如果，感到此时的自己很辛苦，那告诉自己：容易走的都是下坡路！坚持住，因为你正在走上坡路，走过去，你就一定会有进步。努力如果，你正在埋怨命运不眷顾，那请记住：命，是失败者的借口；运，是成功者的谦词。命虽由天定，但埋怨，只是一种懦弱的表现。有这样一句谚语：再大的烙饼也大不过烙它的锅。这句话的哲理是：你可以烙出大饼来，但是你烙出的饼再大，它也得受烙它的那口锅的限制。我们所希望的未来就好像这张大饼一样，是否能烙出满意的“大饼”，完全取决于烙它的那口“锅”——这就是所渭的“格局”。什么是格局，格局就是指一个人的眼光、胸襟、胆识、等心理要素的内在布局！一个人格局大了，未来的路才能宽！有一家庭妇女，一天她买了一件衣服，回头习惯性地跟邻居显摆，却发现同样的衣服邻居比她少花了20元钱，于是她耿耿于怀数天。这人的格局就值20元钱了。有一个乞丐，整天在街上乞讨，对路上衣着光鲜的人毫无感觉，却嫉妒比自己乞讨得多的乞丐，这人估计一直就是个乞丐了。三个工人在工地砌墙，有人问他们在干嘛？第一个人没好气说：砌墙，你没看到吗？；第二个人笑笑：我们在盖一幢高楼；第三个人笑容满面：我们正在建一座新城市。10年后，第一个人仍在砌墙，第二个人成了工程师，而第三个人，是前两个人的老板。一个人的发展往往受局限，其实“局限”就是格局太小，为其所限。谋大事者必要布大局，对于人生这盘棋来说，我们首先要学习的不是技巧，而是布局。大格局，即以大视角切入人生，力求站得更高、看得更远、做得更大。大格局决定着事情发展的方向，掌控了大格局，也就掌控了局势。拥有怎样的格局，就拥有怎样的命运！拥有大格局者:有开阔的心胸，没有因环境的不利而妄自菲，更没有因为能力的不足而自暴自弃。拥有小格局者：往往会因为生活的不如意而怨天尤人，因为一点小的挫折就一筹莫展，看待问题的时候常常是一叶障目不见泰山，成为碌碌无为的人。格局不够大，人生成就再高也有限！一棵石榴种子的三种结局：放到花盆里栽种，最多只能长到半米多高！放到缸里栽种，就能够长到一米多高！放到庭院空地里栽种，就能够长到四五米高！“局限”就是一个人给自己设的“局”太小！人生所能到达的高度，往往就是人们在心理上为自己选定的高度。如果一个人心中从来没想过到达顶峰，那么，他也就永远不会获得成功！一个人的格局往往是被羞辱和伤害喂大的“被骂是一种能力。”受得了多大的委屈，做得了多大的事；受得了多大诋毁，就能承的住多大赞美；耐得住寂寞，才能守得住繁华。如果能把每次的羞辱和伤害，视作你转变所需的营养珍馐，绝对能喂大你的格局。否则事过境迁后，别人只会记得你爆发的情绪，却不记得原因，徒留给别人你容忍力不够的印象。在职场上，我们都没有避免受屈辱的选择权；然而当屈辱来临时，你也毋须惧怕。只要你能训练自己，每次受伤害时，都有脱胎换骨的能力，就必定能在职场上破茧而出，而你所吞下的屈辱和伤害，也才值得。谁能吞下更多委屈，谁就拥有说话权利。当你格局打开以后，便能承担比别人更重要的任务，上司对你的信赖度提高，你所说的话也将更有分量。伟大都是熬出来的冯仑说，伟大都是熬出来的。为什么用熬？因为普通人承受不了的委屈你得承受，普通人需要别人理解安慰鼓励，但你没有；普通人用对抗消极指责来发泄情绪，但你必须看到爱和光，在任何事情上学会转化消化；普通人需要一个肩膀在脆弱的时候靠一靠，而你就是别人依靠的肩膀。请记住，遭受委屈时，通常伴随着一股动力，但是这种想证明自己的动力，并非像八点档乡土剧那种低下的反击复仇。在曼德拉总统就职典礼上，曼德拉竟邀请当年看守他的三名狱卒观礼。他说，那段牢狱岁月使他学会控制情绪，也学会处理苦难带来的痛苦，并在众目睽睽之下，起立表达对这三名狱卒的敬意。这项举动，令在场及全世界的人肃然起敬，不仅让虐待他多年的南非白人无地自容，更展现了曼德拉非凡的气度和格局。谁拥有说话权利，不言而喻。面对委屈时，你真的不需要太在意旁人的眼光，只要记得，永远对自己负责。人生在世，注定要受许多委屈，你要学会一笑置之，你要学会超然待之，你更要学会转化势能。记住：我是一切的根源，要想改变一切，首先要改变自己！送给亲爱的朋友们一句话：吞下的是羞辱，喂大的却是你的格局，你受得了何种委屈，决定你能成为何种人。来源：本文摘自《百度文库》，图文综合自网络；如涉及版权请告知，我们对文中观点保持中立，仅供参考、交流之目的。一个聚百万人脉的老板圈子老板管理秘籍微信号：swgl886▲长按二维码"识别"关注聚焦CEO圈子！最前沿企业管理趋势洞]]></content>
  <author><![CDATA[老板管理秘笈]]></author>
  <time>2018-11-23 20:32:02</time>
  <account><![CDATA[swgl886]]></account>
  <image><![CDATA[https://mmbiz.qpic.cn/mmbiz_gif/y8rlf0AMqRH4VK2LYCNPURxjj3FtvrfiaiaJBNY491EGDpPICLia7R2OEBvckoP5JOz57iciaZRDw46qUkIcTYeO8LA/640?wx_fmt=gif|https://mmbiz.qpic.cn/mmbiz/Mf3zvzFk4RKuFeBERdhGJgZiaUicW7x2wtaCFKFPn6ibNoLQxRNl6W6JbHm58sHO9cTbKB4FspuAuawORWwWcY8uw/640.jpeg|https://mmbiz.qpic.cn/mmbiz/Mf3zvzFk4RKWmOHVYaz52B5RU1D8snDFopuRcyyic0dpU1WwZEEDRwNQC3icrvj4z2gib72bQ6dwXt5lAdhiaVa0qQ/640.jpeg|https://mmbiz.qpic.cn/mmbiz/Mf3zvzFk4RI2KxjUPSqrTMRMhFlDTP9r9TklUBCpBafyLibLmxMotuSAreoib30t4ng6sNq9mXZ61q1w5aInEXCg/640.jpeg|https://mmbiz.qpic.cn/mmbiz/icwdNMBzMjhbXRdLgnXDOqt26AlPLneDYLiaLvpNbYDjpM9DJ7u0GCm0Jyle7AxticM4qfSUpkjde8iaxOdvSVaibgw/640.jpeg|https://mmbiz.qpic.cn/mmbiz/icwdNMBzMjhbXRdLgnXDOqt26AlPLneDYQ9oScnQibueSdaBcBYTem57HvHmtxicUVYFgMHibt2YuEBMxpR5aFmthA/640.jpeg|http://mmbiz.qpic.cn/mmbiz/17MiccsGRV0D2LfqIJGaG0SdOrQ3Ebl0BZmSDrMLia8x0UgcCzQDzkNrSuo7FfOQUkMbYHVvNYDtbv4YicqvaQl6w/640?|http://mmbiz.qpic.cn/mmbiz_jpg/oNXExibrGBMSiaiaDzgOWwKPHxld6jZv4QQhSVcwEnYicBibq4PxMYib6hg7mEvjqiam3Hk4RylqTjAro6AicHhguiavtbQ/640?wx_fmt=jpeg]]></image>
</data>
