<data>
  <id><![CDATA[65755973]]></id>
  <url><![CDATA[https://mp.weixin.qq.com/s?timestamp=1543219502&src=3&ver=1&signature=gURmLehoq33GMNoBE4suGskl3gyhQzQV7nLO5f0Yi4suOWTMdrLa2*WlzDaWfrXX3b4RAKdx-bTyHSZSxBiNtKI3pJF3pOfpU8fax0*v9S001tqHDw26UZh6gfaE-Oh7I5fEQoPJlfX0D7c4BKVNN3AQ6TpFPGeEwceLiSiYH3s=]]></url>
  <title><![CDATA[员工说太累，领导只说了这5句话]]></title>
  <content><![CDATA[【老板圈儿】本微信是全国一家免费精品，每天播出企业管理实战文章及视频，分享专业、实战的管理技巧和案例！关注阅读三个月，相当于读了MBA！凡事多找方法，少找借口。强者，都是含泪奔跑的人！第一句话：累吗？累就对了，舒服是留给死人的！世上没有一份工作不辛苦，所有现在的不辛苦，都是以前吃的苦头一点一滴累积起来的。如果不改变自己，去到任何一个地方都是同样的结果。你是为谁工作？你是为自己工作！无论你是在我这儿工作，还是在别的店里工作，都要记住，你是在为自己工作！多熟悉产品，多学习销售技巧，你多学一些知识，这都是别人拿不走的！第二句话：遇到问题，就说是别人的原因，怎么进步？不会承担责任的人，就不会想去解决问题，就不会成长。越会处理问题，收入越高。无论在哪里上班，都会遇见各种问题。遇见问题不可怕，可怕的是不懂解决问题。会解决问题的人，必是公司的中流砥柱，收入自然会很高。付出就会有回报。第三句话：公司找你来就是让你解决问题，若没有问题，你就失业了！公司不养闲人，找你来，是解决问题的。凡是工作好做的，容易做的，那你的收入就不会高。谁能解决问题，谁就是公司的骨干，谁的收入就高。抢问题解决就是抢钱。行动力、执行力好的员工都是"董事"的员工。凡是执行力差的员工都是不懂事的员工。学会化解问题的能力和智慧。第四句话：私下讲公司不好，就是在出卖自己的身体和灵魂。你会选择不好的公司吗？你说公司不好，说明你就只能在这么差的公司上班。人都是自私的。要看人自私的大小。谁自私小，谁就会成功。第五句话：你享受工作带来的荣誉和收入，也要承担相应的责任和委屈。我们要保持责任和委屈大于荣誉收入。你只能尽情地存在和尽情地释放。团队角色——态度决定事业高度“这事我负责!” = 领导者“这事我搞定!” = 顶梁柱“这事我来做!” = 左右手“这事我要学。” = 基层员工“这事找谁啊?” = 团队多余之人“这事不怪我。” = 团队垃圾“这事没人教。” = 团队落后分子“这事为什么我来做?” = 团队寄生虫 ！大家一定要定好自己的位！当员工提出辞职，请这样警告他【警告想辞职的员工】别错把平台当成你的本事。很多时候，你春风满面、事事如意，不是因为你能力强，而是因为你所在的平台好。很多人常常拎不清，误把平台的资源当作自己的能耐，误把平台的成功归于自己的本事。其实没什么好炫耀的。毕竟，离开了这个平台，你还剩下的东西，才是你真正的本事啊。近几年来，越来越多的企业老板感觉到现在是“人难招、人难管、人难留”。员工工作不努力是他们普遍的共识。在老板的潜意识里是“你办多少事，我给你多少钱”。在员工的潜意识里是“你给我多少钱，我做多少事”。老板束手无策，员工动力不足，这就是问题，持续下起损失的不是业绩，而是精力和时间，如何解决?更多讲解请添加郑爱玲老师微信：ceo65657← 长按复制，或扫描底部二维码！通过后回复“学习”，我将免费发送苏引华《总裁商业思维》价值12800元的课程现场视频给你学习。学习营销策略、股权激励方案、 招人 留人 育人、晋升机制、薪酬体系等。已有36万政商领袖，企业老板，职场精英都在关注。ID：ceo65657▲长按二维码识别"添加]]></content>
  <author><![CDATA[老板管理秘笈]]></author>
  <time>2018-11-22 20:12:34</time>
  <account><![CDATA[swgl886]]></account>
  <image><![CDATA[https://mmbiz.qpic.cn/mmbiz_gif/y8rlf0AMqRH4VK2LYCNPURxjj3FtvrfiaiaJBNY491EGDpPICLia7R2OEBvckoP5JOz57iciaZRDw46qUkIcTYeO8LA/640?wx_fmt=gif|https://mmbiz.qpic.cn/mmbiz_jpg/AvNGjDt9iaMPiaoDOIicRZYqC4lfotffHHcw7uES1mmedaIcd6KxjAGNViavRtUlW5enPyvQDZia8tGL5l7BRj8ZB4A/640?wx_fmt=jpeg|https://mmbiz.qpic.cn/mmbiz_jpg/32nncsqEg9KZ7DMrDYaN5um1VehH5m7iaDffxJ3SKaquPWPTaUbHdCZpaNSxTYFzhNIRs94ibjMK1LKypeVDAufQ/640?wx_fmt=jpeg|https://mmbiz.qpic.cn/mmbiz_jpg/AvNGjDt9iaMPiaoDOIicRZYqC4lfotffHHcqyaLCzXicPumbJDOdgUpY0ia8EMqKHBHnfE2WESTCaH1JsA7z96szUjg/640?wx_fmt=jpeg|https://mmbiz.qpic.cn/mmbiz_jpg/g29gy36TeZxRzDJpj3aiaqteC6U7lbjGId4CdmfT7u02zxQnYGfXCsY8j9War5dHicrIeFIR8Yib3ejI7ydIXRQHA/640?wx_fmt=jpeg|https://mmbiz.qpic.cn/mmbiz_jpg/AvNGjDt9iaMPiaoDOIicRZYqC4lfotffHHcicbTLfDXdyM9rwRoPvibtL4onJHPVOE2UUFicIMQDNoicwm87ATymgF96w/640?wx_fmt=jpeg|https://mmbiz.qpic.cn/mmbiz_jpg/UibRWJzsFgI5Z6Wcia94PLKiaibIJib05El9qJPRQKEVfcApLnEIbowI59kDf73yU9K6uEjseeGticibZMVdlflV6fUTA/640?wx_fmt=jpeg|https://mmbiz.qpic.cn/mmbiz_jpg/6GEOWRGLndOx352go9UicC4iagFzs6j3LEARyClIH1IHwQwGibesW3Nu2ibrfh0icOrMicjwuaRhhRhpP0mjy6DwgL0Q/640?wx_fmt=jpeg]]></image>
</data>
