<data>
  <id><![CDATA[65755973]]></id>
  <url><![CDATA[https://mp.weixin.qq.com/s?timestamp=1543219502&src=3&ver=1&signature=gURmLehoq33GMNoBE4suGskl3gyhQzQV7nLO5f0Yi4suOWTMdrLa2*WlzDaWfrXX3b4RAKdx-bTyHSZSxBiNtD6AXopkLaGbZVXMWxsqaKVe8lDLdlUGjqDsOBqVzl1yNs1UTpQF6YaRT1TKdIWJ2yQPIVw830DnHcXIs7z*l3E=]]></url>
  <title><![CDATA[司马懿的两句话，够职场人用一辈子]]></title>
  <content><![CDATA[【老板圈儿】本微信是全国一家免费精品，每天播出企业管理实战文章及视频，分享专业、实战的管理技巧和案例！关注阅读三个月，相当于读了MBA！作者：哈叔来源：哈叔读三国（ID: Lanby1）一个人的逆商有时候比情商更重要。很快就很快就会进口黑寡妇号费黑寡妇黑寡妇该罚的的双方当事人特tyre一条日反反复复反反复复反反复复反反复复反反复复反反复复反反复复反反复复反反复复反反复复反反复复反反复复反反复复街哈女屌丝飞很快就很快就会更好规划法规回复更好规划法规和纷纷回归更好发和规范化发过换个方法规反复复反反复复反反复复反反复复反反复复灌灌灌灌灌灌灌灌灌灌灌灌灌灌灌灌灌灌灌灌灌灌灌灌灌灌灌灌灌灌灌灌灌灌灌灌灌灌灌灌灌灌灌灌灌灌灌灌灌灌灌灌灌灌灌灌灌灌灌灌灌灌灌灌哈哈哈哈哈哈哈哈哈哈哈哈哈哈哈哈哈哈哈哈哈哈哈哈哈哈哈哈哈哈哈哈哈哈哈哈哈哈哈哈哈哈哈哈哈哈哈哈哈哈哈哈哈哈哈哈哈哈哈哈哈哈哈哈灌灌灌灌灌灌灌灌灌灌灌灌灌灌灌灌灌反反复复反反复复反反复复反反复复反反复复反反复复反反复复反反复复反反复复反反复复反反复复反反复复反反复复街哈女屌丝飞很快就很快就会更好规划法规回复更好规划法规和纷纷回归更好发和规范化发过换个方法规反复复反反复复反反复复反反复复反反复复灌灌灌灌灌灌灌灌灌灌灌灌灌灌灌灌灌灌灌灌灌灌灌灌灌灌灌灌灌灌灌灌灌灌灌灌灌灌灌灌灌灌灌灌灌灌灌灌灌灌灌灌灌灌灌灌灌灌灌灌灌灌灌灌哈哈哈哈哈哈哈哈哈哈哈哈哈哈哈哈哈哈哈哈哈哈哈哈哈哈哈哈哈哈哈哈哈哈哈哈哈哈哈哈哈哈哈哈哈哈哈哈哈哈哈哈哈哈哈哈哈哈哈哈哈哈哈哈灌灌灌灌灌灌灌灌灌灌灌灌灌灌灌灌灌灌灌灌灌灌灌灌灌灌灌灌灌灌灌灌灌灌灌灌灌灌灌灌灌灌灌灌灌灌灌灌灌灌灌灌灌灌灌灌灌灌灌灌灌灌灌灌灌灌灌灌灌灌灌灌灌灌灌灌灌灌灌灌灌灌灌灌灌灌灌灌灌灌灌灌灌灌灌灌灌灌灌灌灌灌灌灌灌灌灌灌灌灌灌灌灌灌灌灌灌灌灌灌灌灌灌灌灌灌灌灌反反复复反反复复反反复复反反复复法反反复复反反复复反反复复反反复复反反复复反反复复反反复复反反复复反反复复反反复复反反复复反反复复反反复复反反复复反反复复反反复复反反复复反反复复反反复复反反复复反反复复反反复复反反复复反反复复反反复复吩咐分反反复复反反复复反反复复反反复复反反复复反反复复反反复复反反复复反反复复反反复复反反复复反反复复反反复复反反复复反反复复反反复复街哈女屌丝飞很快就很快就会进口核萨顶顶建省北京市房就说句话杀反反复复反反复复反反复复反反复复反反复复反反复复反反复复反反复复反反复复反反复复反反复复反反复复反反复复街哈女屌丝飞很快就很快就会更好规划法规回复更好规划法规和纷纷回归更好发和规范化发过换个方法规反复复反反复复反反复复反反复复反反复复灌灌灌灌灌灌灌灌灌灌灌灌灌灌灌灌灌灌灌灌灌灌灌灌灌灌灌灌灌灌灌灌灌灌灌灌灌灌灌灌灌灌灌灌灌灌灌灌灌灌灌灌灌灌灌灌灌灌灌灌灌灌灌灌哈哈哈哈哈哈哈哈哈哈哈哈哈哈哈哈哈哈哈哈哈哈哈哈哈哈哈哈哈哈哈哈哈哈哈哈哈哈哈哈哈哈哈哈哈哈哈哈哈哈哈哈哈哈哈哈哈哈哈哈哈哈哈哈灌灌灌灌灌灌灌灌灌灌灌灌灌灌灌灌灌灌灌灌灌灌灌灌灌灌灌灌灌灌灌灌灌灌灌灌灌灌灌灌灌灌灌灌灌灌灌灌灌灌灌灌灌灌灌灌灌灌灌灌灌灌灌灌灌灌灌灌灌灌灌灌灌灌灌灌灌灌灌灌灌灌灌灌灌灌灌灌灌灌灌灌灌灌灌灌灌灌灌灌灌灌灌灌灌灌灌灌灌灌灌灌灌灌灌灌灌灌灌灌灌灌灌灌灌灌灌灌反反复复反反复复反反复复反反复复法反反复复反反复复反反复复反反复复反反复复反反复复反反复复反反复复反反复复反反复复反反复复反反复复反反复复反反复复反反复复反反复复反反复复反反复复反反复复反反复复反反复复反反复复反反复复反反复复反反复复吩咐分反反复复反反复复反反复复反反复复反反复复反反复复反反复复反反复复反反复复反反复复反反复复反反复复反反复复反反复复反反复复反反复复街哈女屌丝飞很快就很快就会进口核萨顶顶建省北京市房就说句话杀反反复复反反复复反反复复反反复复反反复复反反复复反反复复反反复复反反复复反反复复反反复复反反复复反反复复街哈女屌丝飞很快就很快就会更好规划法规回复更好规划法规和纷纷回归更好发和规范化发过换个方法规反复复反反复复反反复复反反复复反反复复灌灌灌灌灌灌灌灌灌灌灌灌灌灌灌灌灌灌灌灌灌灌灌灌灌灌灌灌灌灌灌灌灌灌灌灌灌灌灌灌灌灌灌灌灌灌灌灌灌灌灌灌灌灌灌灌灌灌灌灌灌灌灌灌哈哈哈哈哈哈哈哈哈哈哈哈哈哈哈哈哈哈哈哈哈哈哈哈哈哈哈哈哈哈哈哈哈哈哈哈哈哈哈哈哈哈哈哈哈哈哈哈哈哈哈哈哈哈哈哈哈哈哈哈哈哈哈哈灌灌灌灌灌灌灌灌灌灌灌灌灌灌灌灌灌灌灌灌灌灌灌灌灌灌灌灌灌灌灌灌灌灌灌灌灌灌灌灌灌灌灌灌灌灌灌灌灌灌灌灌灌灌灌灌灌灌灌灌灌灌灌灌灌灌灌灌灌灌灌灌灌灌灌灌灌灌灌灌灌灌灌灌灌灌灌灌灌灌灌灌灌灌灌灌灌灌灌灌灌灌灌灌灌灌灌灌灌灌灌灌灌灌灌灌灌灌灌灌灌灌灌灌灌灌灌灌反反复复反反复复反反复复反反复复法反反复复反反复复反反复复反反复复反反复复反反复复反反复复反反复复反反复复反反复复反反复复反反复复反反复复反反复复反反复复反反复复反反复复反反复复反反复复反反复复反反复复反反复复反反复复反反复复反反复复吩咐分反反复复反反复复反反复复反反复复反反复复反反复复反反复复反反复复反反复复反反复复反反复复反反复复反反复复反反复复反反复复反反复复街哈女屌丝飞很快就很快就会进口核萨顶顶建省北京市房就说句话杀反反复复反反复复反反复复反反复复反反复复反反复复反反复复反反复复反反复复反反复复反反复复反反复复反反复复街哈女屌丝飞很快就很快就会更好规划法规回复更好规划法规和纷纷回归更好发和规范化发过换个方法规反复复反反复复反反复复反反复复反反复复灌灌灌灌灌灌灌灌灌灌灌灌灌灌灌灌灌灌灌灌灌灌灌灌灌灌灌灌灌灌灌灌灌灌灌灌灌灌灌灌灌灌灌灌灌灌灌灌灌灌灌灌灌灌灌灌灌灌灌灌灌灌灌灌哈哈哈哈哈哈哈哈哈哈哈哈哈哈哈哈哈哈哈哈哈哈哈哈哈哈哈哈哈哈哈哈哈哈哈哈哈哈哈哈哈哈哈哈哈哈哈哈哈哈哈哈哈哈哈哈哈哈哈哈哈哈哈哈灌灌灌灌灌灌灌灌灌灌灌灌灌灌灌灌灌灌灌灌灌灌灌灌灌灌灌灌灌灌灌灌灌灌灌灌灌灌灌灌灌灌灌灌灌灌灌灌灌灌灌灌灌灌灌灌灌灌灌灌灌灌灌灌灌灌灌灌灌灌灌灌灌灌灌灌灌灌灌灌灌灌灌灌灌灌灌灌灌灌灌灌灌灌灌灌灌灌灌灌灌灌灌灌灌灌灌灌灌灌灌灌灌灌灌灌灌灌灌灌灌灌灌灌灌灌灌灌反反复复反反复复反反复复反反复复法反反复复反反复复反反复复反反复复反反复复反反复复反反复复反反复复反反复复反反复复反反复复反反复复反反复复反反复复反反复复反反复复反反复复反反复复反反复复反反复复反反复复反反复复反反复复反反复复反反复复吩咐分反反复复反反复复反反复复反反复复反反复复反反复复反反复复反反复复反反复复反反复复反反复复反反复复反反复复反反复复反反复复反反复复街哈女屌丝飞很快就很快就会进口核萨顶顶建省北京市房就说句话杀反反复复反反复复反反复复反反复复反反复复反反复复反反复复反反复复反反复复反反复复反反复复反反复复反反复复街哈女屌丝飞很快就很快就会更好规划法规回复更好规划法规和纷纷回归更好发和规范化发过换个方法规反复复反反复复反反复复反反复复反反复复灌灌灌灌灌灌灌灌灌灌灌灌灌灌灌灌灌灌灌灌灌灌灌灌灌灌灌灌灌灌灌灌灌灌灌灌灌灌灌灌灌灌灌灌灌灌灌灌灌灌灌灌灌灌灌灌灌灌灌灌灌灌灌灌哈哈哈哈哈哈哈哈哈哈哈哈哈哈哈哈哈哈哈哈哈哈哈哈哈哈哈哈哈哈哈哈哈哈哈哈哈哈哈哈哈哈哈哈哈哈哈哈哈哈哈哈哈哈哈哈哈哈哈哈哈哈哈哈灌灌灌灌灌灌灌灌灌灌灌灌灌灌灌灌灌灌灌灌灌灌灌灌灌灌灌灌灌灌灌灌灌灌灌灌灌灌灌灌灌灌灌灌灌灌灌灌灌灌灌灌灌灌灌灌灌灌灌灌灌灌灌灌灌灌灌灌灌灌灌灌灌灌灌灌灌灌灌灌灌灌灌灌灌灌灌灌灌灌灌灌灌灌灌灌灌灌灌灌灌灌灌灌灌灌灌灌灌灌灌灌灌灌灌灌灌灌灌灌灌灌灌灌灌灌灌灌反反复复反反复复反反复复反反复复法反反复复反反复复反反复复反反复复反反复复反反复复反反复复反反复复反反复复反反复复反反复复反反复复反反复复反反复复反反复复反反复复反反复复反反复复反反复复反反复复反反复复反反复复反反复复反反复复反反复复吩咐分反反复复反反复复反反复复反反复复反反复复反反复复反反复复反反复复反反复复反反复复反反复复反反复复反反复复反反复复反反复复反反复复街哈女屌丝飞很快就很快就会进口核萨顶顶建省北京市房就说句话杀灌灌灌灌灌灌灌灌灌灌灌灌灌灌灌灌灌灌灌灌灌灌灌灌灌灌灌灌灌灌灌灌灌灌灌灌灌灌灌灌灌灌灌灌灌灌灌灌灌灌灌灌灌灌灌灌灌灌灌灌灌灌灌灌灌灌灌灌灌灌灌灌灌灌灌灌灌灌灌灌灌灌灌灌灌灌灌灌灌灌灌灌灌灌灌灌灌灌灌灌灌灌灌灌灌灌灌灌灌灌灌反反复复反反复复反反复复反反复复法反反复复反反复复反反复复反反复复反反复复反反复复反反复复反反复复反反复复反反复复反反复复反反复复反反复复反反复复反反复复反反复复反反复复反反复复反反复复反反复复反反复复反反复复反反复复反反复复反反复复吩咐分反反复复反反复复反反复复反反复复反反复复反反复复反反复复反反复复反反复复反反复复反反复复反反复复反反复复反反复复反反复复反反复复街哈女屌丝飞很快就很快就会进口核萨顶顶建省北京市房就说句话杀菌和送积分换届时将会服务法师事实上事实上事实上发反反复复飞放不下就带回家圣诞节我还记得和交话费接电话就是不行只能司马懿的一生无疑是成功的，魏蜀吴三家，曹操、刘备、孙权这三位大佬争斗了大半辈子的天下，结果被他司马家族给捡漏了。这其中有机遇，但更有实力，而司马懿就是司马家族的头狼。司马懿做人做事，有两句比较经典的话，今天同大家分享下。01一路走来，没有敌人。司马懿的特点是忍，也可以说是城府深，是能装，怎么说都好，反正就是他这个人一般人猜不透。在《军师联盟》里，杨修是司马懿的死对头，两人一个是曹植派系的，一个支持曹丕。杨修多次想置司马懿于死地，但在杨修因为鸡肋事件被曹操下令处斩后，司马懿向曹操请示想去探望杨修。曹操便问他，为何要去看杨修？司马懿说，臣一路走来，没有敌人，看见的都是朋友和师长。也就是说，我司马懿不会和杨修计较，他虽然想整我，但我不会将他作为敌人。曹操听到这话以后，对司马懿有种打心里的喜欢和欣赏。司马懿前期的对手主要是杨修，后来与诸葛亮也是较量了好几次，对于诸葛亮，司马懿很是尊重。诸葛亮病死五丈原，骗了司马懿，蜀汉大军撤离，司马懿来到诸葛亮病逝的营帐内，以水代酒祭拜诸葛亮。他说，非淡泊无以明志，非宁静无以致远，你这一生就像这水一般，清清白白，虽然你我为敌六载，但我却一直视你为知音，孔明，让我尊你一声，先生。还有一个故事，我发现司马懿特别喜欢去和将死之人告别。曹睿有个男宠叫辟邪，在曹睿死后，辟邪就被下狱了，司马懿是唯一去看他的人。这个辟邪得势的时候没少找司马懿麻烦，但司马懿却去狱中的时候给他带了一件衣服，保全了他最后的尊严。做人做事，留有余地，对对手和敌人保持尊敬和敬畏，这就是司马懿混迹职场的哲学。有句老话说，我们应该感谢给你带来苦难的人，因为这样会使人更加强大。02败而不耻，败而不伤。司马家族为何能够捡漏成功，和曹氏家族的短命有一定关系。曹丕其实很优秀，但无奈短命，继承曹丕之位的曹睿也是如此，都活得不够久。但不可否认的是，司马懿的儿子们也是十分的优秀，这和司马懿的教育有关。司马懿给他们灌输的理念是：不拒绝失败，从失败中汲取营养。在与诸葛亮对阵失败，被抢了陇上小麦后，魏军众将士十分不满，明明魏军兵力是蜀军数倍，居然还输给了诸葛亮。司马懿的两个儿子也坐不住了，去找父亲，到了司马懿大帐，却看到司马懿和管家侯吉正淡定地打着五禽戏。司马懿说，打仗，先要学的就是善败，败而不耻，败而不伤，才能笑到最后。其实，也就是今天我们所说的逆商。人一生中的失败肯定会很有多，面对挫折和逆境，应该以一种健康的心态去面对，要多点耐心。司马懿一生中打了不少胜仗，但同样也吃了不少败仗，但最后却是人生大赢家。人生就是如此，这么长的一段人生路，某个时间段的失败并不代表什么，所以千万别过早地放弃自己。我经常听到读者说，我都三十岁了，我这辈子就这样了...三十岁才到哪啊，还有大把的时光和机会，为何要早早地给自己盖棺定论呢？所以，一个人的逆商，有时候比情商更重要。我觉得今天同大家分享的这两句话可以够职场人受用一生，为人处世的哲学，人生奋斗的哲学，都在这里近几年来，越来越多的企业老板感觉到现在是“人难招、人难管、人难留”。员工工作不努力是他们普遍的共识。在老板的潜意识里是“你办多少事，我给你多少钱”。在员工的潜意识里是“你给我多少钱，我做多少事”。老板束手无策，员工动力不足，这就是问题，持续下起损失的不是业绩，而是精力和时间，如何解决?更多讲解请添加郑爱玲老师微信：ceo65657← 长按复制，或扫描底部二维码！通过后回复“学习”，我将免费发送苏引华《总裁商业思维》价值12800元的课程现场视频给你学习。学习营销策略、股权激励方案、 招人 留人 育人、晋升机制、薪酬体系等。已有36万政商领袖，企业老板，职场精英都在关注。ID：ceo65657▲长按二维码识别"添加]]></content>
  <author><![CDATA[老板管理秘笈]]></author>
  <time>2018-11-23 20:32:02</time>
  <account><![CDATA[swgl886]]></account>
  <image><![CDATA[https://mmbiz.qpic.cn/mmbiz_gif/y8rlf0AMqRH4VK2LYCNPURxjj3FtvrfiaiaJBNY491EGDpPICLia7R2OEBvckoP5JOz57iciaZRDw46qUkIcTYeO8LA/640?wx_fmt=gif|https://mmbiz.qpic.cn/mmbiz_jpg/6GEOWRGLndOx352go9UicC4iagFzs6j3LEARyClIH1IHwQwGibesW3Nu2ibrfh0icOrMicjwuaRhhRhpP0mjy6DwgL0Q/640?wx_fmt=jpeg]]></image>
</data>
