<data>
  <id><![CDATA[65755973]]></id>
  <url><![CDATA[https://mp.weixin.qq.com/s?timestamp=1543219502&src=3&ver=1&signature=gURmLehoq33GMNoBE4suGskl3gyhQzQV7nLO5f0Yi4suOWTMdrLa2*WlzDaWfrXX3b4RAKdx-bTyHSZSxBiNtD6AXopkLaGbZVXMWxsqaKWDshzXvj3hWn3LW5I8srH7zKGnlXt5*a9jKQivrw7gnYW3DzrBBgShSMSHqt7SkqU=]]></url>
  <title><![CDATA[未来三年，这八种人将成困难户，有你吗？]]></title>
  <content><![CDATA[【老板圈儿】本微信是全国一家免费精品，每天播出企业管理实战文章及视频，分享专业、实战的管理技巧和案例！关注阅读三个月，相当于读了MBA！来源 | 央视新闻（ID：cctvnewscenter）当你逐渐重视眼前利益，变得容易被激怒、容易玻璃心时，说明你即将变成未来市场的“困难户”。近几年来，越来越多的企业老板感觉到现在是“人难招、人难管、人难留”。员工工作不努力是他们普遍的共识。在老板的潜意识里是“你办多少事，我给你多少钱”。在员工的潜意识里是“你给我多少钱，我做多少事”。老板束手无策，员工动力不足，这就是问题，持续下起损失的不是业绩，而是精力和时间，如何解决?更多讲解请添加郑爱玲老师微信：ceo65657← 长按复制，或扫描底部二维码！通过后回复“学习”，我将免费发送苏引华《总裁商业思维》价值12800元的课程现场视频给你学习。学习营销策略、股权激励方案、 招人 留人 育人、晋升机制、薪酬体系等。已有36万政商领袖，企业老板，职场精英都在关注。ID：ceo65657▲长按二维码识别"添加]]></content>
  <author><![CDATA[老板管理秘笈]]></author>
  <time>2018-11-23 20:32:02</time>
  <account><![CDATA[swgl886]]></account>
  <image><![CDATA[https://mmbiz.qpic.cn/mmbiz_gif/y8rlf0AMqRH4VK2LYCNPURxjj3FtvrfiaiaJBNY491EGDpPICLia7R2OEBvckoP5JOz57iciaZRDw46qUkIcTYeO8LA/640?wx_fmt=gif|https://mmbiz.qpic.cn/mmbiz_jpg/s1Sa94Y1Qb5ELGtrzu5ZBQV2btt6TErBTic2V02wEDudOFtOiah4JGFxib7fpXnicwHM4Phav6ZDT2gR7v7Ntk0LbQ/640?wx_fmt=jpeg|https://mmbiz.qpic.cn/mmbiz_jpg/s1Sa94Y1Qb5ELGtrzu5ZBQV2btt6TErBjwmn28QFCyeBlicJ5uqsFibEDgUngRSEWR6l2mibpRibAbic07GTBIuWY8A/640?wx_fmt=jpeg|https://mmbiz.qpic.cn/mmbiz_jpg/s1Sa94Y1Qb5ELGtrzu5ZBQV2btt6TErBPu3Xr1uQJrXXz0Yo4x0fNpicnGvgBa9yC9cDq9NriaEYVUg5IEMQS0LA/640?wx_fmt=jpeg|https://mmbiz.qpic.cn/mmbiz_jpg/s1Sa94Y1Qb5ELGtrzu5ZBQV2btt6TErBqP6Q4YaQV6JUzGoBnMvRchGrKxp6fwaepdmpnjibhc2gh6mhy6V7YWQ/640?wx_fmt=jpeg|https://mmbiz.qpic.cn/mmbiz_jpg/s1Sa94Y1Qb5ELGtrzu5ZBQV2btt6TErBsCw6bfVhQ0GTaxDdrVUERQOMT0tcM43icJwbNYZBMrmjNStZohLRKcA/640?wx_fmt=jpeg|https://mmbiz.qpic.cn/mmbiz_jpg/s1Sa94Y1Qb5ELGtrzu5ZBQV2btt6TErBobMhoBNKgmibbqePRCnMVLibTOEGaUVaLzfysw2J7MxtxibUwhLbgN6Bw/640?wx_fmt=jpeg|https://mmbiz.qpic.cn/mmbiz_jpg/s1Sa94Y1Qb5ELGtrzu5ZBQV2btt6TErB1GQePoILCn2yGd2E8fuX0nMu0hcve6vGKWMhuseWofRopHkbfj1shw/640?wx_fmt=jpeg|https://mmbiz.qpic.cn/mmbiz_jpg/s1Sa94Y1Qb5ELGtrzu5ZBQV2btt6TErBj2lRpR3iaK0hgYM9Lr8sk2xvaSRl6ToMZDq299Ru0iaia6lXibLxPic8OkQ/640?wx_fmt=jpeg|https://mmbiz.qpic.cn/mmbiz_jpg/6GEOWRGLndOx352go9UicC4iagFzs6j3LEARyClIH1IHwQwGibesW3Nu2ibrfh0icOrMicjwuaRhhRhpP0mjy6DwgL0Q/640?wx_fmt=jpeg]]></image>
</data>
