<data>
  <id><![CDATA[65755973]]></id>
  <url><![CDATA[https://mp.weixin.qq.com/s?timestamp=1543219502&src=3&ver=1&signature=gURmLehoq33GMNoBE4suGskl3gyhQzQV7nLO5f0Yi4suOWTMdrLa2*WlzDaWfrXX3b4RAKdx-bTyHSZSxBiNtDs-PTxL6V4Qz8J1Wm-TTqHbb7K13FC4RfE2Wk3KEdI00juvAJdppbqSlTrjDX5JDyRbQXTd-c5t0wx6fXMaJSs=]]></url>
  <title><![CDATA[让老板离不开你，只需悟透1个字（老板和员工必看）]]></title>
  <content><![CDATA[【老板圈儿】本微信是全国一家免费精品，每天播出企业管理实战文章及视频，分享专业、实战的管理技巧和案例！关注阅读三个月，相当于读了MBA！1要让自己成为老板的亲人如果一个人进入到一家公司，在很长时间内，你都不能够跟老板走近，不能够认同老板的价值观与事业，你就很难成为老板真正的亲人。因此如何真正理解老板的文化，价值观与事业，并且积极主动的去为之做好，你就从一个新人变成老板的亲人。2不要斤斤计较，要敢于担责任老板最喜欢什么样的人，一定不是斤斤计较的人，而是有责任感，敢于担当的人，这也是一个人成为公司骨干的根本。老板不怕你要权利，只有你敢于担责任，你就可以大胆提出你的想法来。3你要有斤两，从被利用到重用一个企业靠什么生存发展，归根结底靠企业的利润，一个人在一个企业的地位是靠他创造利润的水平决定的。因此，不断创造价值，让大家看到你的利用价值，最后因为你有足够的利用价值，老板就会从利用你到重用你。因此首先必须展示利用价值并创造出好结果，不断有好结果你一定会受到重用。4不能混日子，要创新求发展世界天天在变化，而我们很多人想混江湖，要在江湖中考说，靠比权谋，比手段来亲近老板，想混到高层。告诉你，老板从骨子里更喜欢创新求变之人，因为这个世界你不变化你就会被淘汰。因此，你必须变化，你必须创新，否则老板一定会调整你，或者会修理你，或者直接让你走人近几年来，越来越多的企业老板感觉到现在是“人难招、人难管、人难留”。员工工作不努力是他们普遍的共识。在老板的潜意识里是“你办多少事，我给你多少钱”。在员工的潜意识里是“你给我多少钱，我做多少事”。老板束手无策，员工动力不足，这就是问题，持续下起损失的不是业绩，而是精力和时间，如何解决?更多讲解请添加郑爱玲老师微信：ceo65657← 长按复制，或扫描底部二维码！通过后回复“学习”，我将免费发送苏引华《总裁商业思维》价值12800元的课程现场视频给你学习。学习营销策略、股权激励方案、 招人 留人 育人、晋升机制、薪酬体系等。已有36万政商领袖，企业老板，职场精英都在关注。ID：ceo65657▲长按二维码识别"添加]]></content>
  <author><![CDATA[老板管理秘笈]]></author>
  <time>2018-11-25 20:05:26</time>
  <account><![CDATA[swgl886]]></account>
  <image><![CDATA[https://mmbiz.qpic.cn/mmbiz_gif/y8rlf0AMqRH4VK2LYCNPURxjj3FtvrfiaiaJBNY491EGDpPICLia7R2OEBvckoP5JOz57iciaZRDw46qUkIcTYeO8LA/640?wx_fmt=gif|https://mmbiz.qpic.cn/mmbiz_png/AvNGjDt9iaMMaCc4IktNOicSU2RicQpr5lC9LtbbJCyFdWr3yPFSjdvlC7vRQIkX2ia8a0TyfhpD60ddNc3SfASoBA/640?wx_fmt=png|https://mmbiz.qpic.cn/mmbiz_jpg/6GEOWRGLndOx352go9UicC4iagFzs6j3LEARyClIH1IHwQwGibesW3Nu2ibrfh0icOrMicjwuaRhhRhpP0mjy6DwgL0Q/640?wx_fmt=jpeg]]></image>
</data>
