<data>
  <id><![CDATA[65755973]]></id>
  <url><![CDATA[https://mp.weixin.qq.com/s?timestamp=1543219502&src=3&ver=1&signature=gURmLehoq33GMNoBE4suGskl3gyhQzQV7nLO5f0Yi4suOWTMdrLa2*WlzDaWfrXX3b4RAKdx-bTyHSZSxBiNtKI3pJF3pOfpU8fax0*v9S3obzFsQ4OjLCdW8oFnb9L-tF-0F2sQf9hxe3wQW5QocDfhLRxe37f3XOjc2RB0xGU=]]></url>
  <title><![CDATA[做销售最厉害的就是会聊天！]]></title>
  <content><![CDATA[【老板圈儿】本微信是全国一家免费精品，每天播出企业管理实战文章及视频，分享专业、实战的管理技巧和案例！关注阅读三个月，相当于读了MBA！销售=聊天。1、真正的销售是一个愉快的聊天过程；聊对方的心愿、聊对方的担忧、聊如何完成对方的心愿、聊如何拿走对方的担忧。2、真正的销售没有对立的立场，没有买方没有卖方。3、真正的销售是全心地为对方解决问题。4、真正的销售不需要说服对方。5、真正的销售彼此没有压力。6、真正的销售是我们说的是对方想听的，我们卖的是对方想要的。7、真正的销售是充满价值感和意义感。8、真正的销售，事成之后对方会说谢谢。很多人以为，销售是很艰难的过程。一旦你了解销售之道，你对销售的感受会改变，销售充满压力、销售需要说服对方、销售 很辛苦。我在改变你对销售的看法，你以为你在求别人，原来是你在做一件很有价值很有意义的事。你在为对方完成心愿拿走担忧。简单地说，你在为对方解决问题。真正的销售只有两个步骤：第一：用心了解对方的心愿和担忧。第二：运用我们的知识、产品和服务完成对方的心愿，拿走对方的担忧。【销售最大的收获】不是提成多少，不是晋升，不是增加了炫耀的资本，不是完成任务，销售最大的收获是：你生活中多了一个信任你的人！【销售最大的敌人】不是对手，不是价格太高，不是拒绝你的客户，不是公司制度，不是产品不好，最大的敌人是：你的抱怨。销售也给我们带来了很大收获：1、可以接触到不同的人，从而锻炼自己的沟通能力；2、可以锻炼自己对人、对事的判断力；3、可以发现自己的潜能；4、可以锻炼自己的意志，因为销售很苦；5、可以锻炼自己的抗压力、抗击打的能力；因为100次得拜访，肯能遇到99次得的拒绝；6、可以锻炼自己的创造力；因为你要想办法提高销量，所以要有新的创意和方法；7、可以锻炼你的团队协调能力：因为你是连接上游和下游的中间环节；8、销售让你懂得感恩；9、销售让你成长的更加扎实、坚定近几年来，越来越多的企业老板感觉到现在是“人难招、人难管、人难留”。员工工作不努力是他们普遍的共识。在老板的潜意识里是“你办多少事，我给你多少钱”。在员工的潜意识里是“你给我多少钱，我做多少事”。老板束手无策，员工动力不足，这就是问题，持续下起损失的不是业绩，而是精力和时间，如何解决?更多讲解请添加郑爱玲老师微信：ceo65657← 长按复制，或扫描底部二维码！通过后回复“学习”，我将免费发送苏引华《总裁商业思维》价值12800元的课程现场视频给你学习。学习营销策略、股权激励方案、 招人 留人 育人、晋升机制、薪酬体系等。已有36万政商领袖，企业老板，职场精英都在关注。ID：ceo65657▲长按二维码识别"添加]]></content>
  <author><![CDATA[老板管理秘笈]]></author>
  <time>2018-11-22 20:12:34</time>
  <account><![CDATA[swgl886]]></account>
  <image><![CDATA[https://mmbiz.qpic.cn/mmbiz_gif/y8rlf0AMqRH4VK2LYCNPURxjj3FtvrfiaiaJBNY491EGDpPICLia7R2OEBvckoP5JOz57iciaZRDw46qUkIcTYeO8LA/640?wx_fmt=gif|https://mmbiz.qpic.cn/mmbiz_jpg/9yS8kBVj4sd83Ciamx856FUzg8oI4yibicHVJ9UNtCSO162tGuPUlLxV6aVh1mg6WsGsvP5licooOUuQewumgG2F2A/640?wx_fmt=jpeg|https://mmbiz.qpic.cn/mmbiz_jpg/9yS8kBVj4sd83Ciamx856FUzg8oI4yibicHolibQvRoS3D9o37Xib4rFJAHDS9IaBZ3oDjrKeRshsARhjGrBEXWCibGA/640?wx_fmt=jpeg|https://mmbiz.qpic.cn/mmbiz_jpg/6GEOWRGLndOx352go9UicC4iagFzs6j3LEARyClIH1IHwQwGibesW3Nu2ibrfh0icOrMicjwuaRhhRhpP0mjy6DwgL0Q/640?wx_fmt=jpeg]]></image>
</data>
