<data>
  <id><![CDATA[65755973]]></id>
  <url><![CDATA[https://mp.weixin.qq.com/s?timestamp=1543219502&src=3&ver=1&signature=gURmLehoq33GMNoBE4suGskl3gyhQzQV7nLO5f0Yi4suOWTMdrLa2*WlzDaWfrXX3b4RAKdx-bTyHSZSxBiNtOQRZzTGr9UKjGGm-i*zngNv1bV-TWZdkRZ1Yqq4X-gxFM-TlOQs0vFeb8NFThNHdhVQvuDebRBAlIQosfsXokM=]]></url>
  <title><![CDATA[真正成熟的男人，都在做鸭子！（经典）]]></title>
  <content><![CDATA[﻿﻿﻿﻿﻿﻿﻿﻿﻿﻿﻿﻿﻿﻿﻿﻿﻿﻿﻿﻿﻿﻿﻿﻿﻿﻿﻿﻿﻿﻿﻿﻿﻿﻿﻿﻿﻿﻿﻿﻿﻿﻿﻿﻿﻿﻿﻿﻿﻿﻿﻿﻿﻿﻿﻿﻿﻿﻿﻿﻿﻿﻿﻿﻿﻿﻿﻿﻿﻿﻿﻿﻿﻿﻿﻿﻿﻿﻿﻿﻿﻿﻿﻿﻿﻿﻿﻿﻿﻿﻿﻿﻿﻿﻿﻿﻿﻿﻿﻿﻿﻿﻿﻿﻿﻿﻿﻿﻿﻿﻿﻿﻿﻿﻿﻿﻿﻿﻿﻿﻿﻿﻿﻿﻿﻿﻿﻿﻿﻿﻿﻿﻿﻿﻿﻿﻿﻿﻿﻿﻿﻿﻿﻿﻿﻿﻿﻿﻿﻿﻿﻿﻿﻿﻿﻿﻿﻿﻿﻿﻿﻿﻿﻿﻿﻿﻿﻿﻿﻿﻿﻿﻿﻿﻿﻿﻿﻿﻿﻿﻿﻿﻿﻿﻿﻿﻿﻿﻿﻿﻿﻿﻿﻿﻿﻿﻿﻿﻿﻿﻿﻿﻿﻿﻿﻿﻿﻿﻿﻿﻿﻿﻿﻿﻿﻿﻿﻿﻿﻿﻿﻿﻿﻿﻿﻿﻿﻿﻿﻿﻿﻿﻿﻿﻿﻿﻿﻿﻿﻿﻿﻿﻿﻿﻿﻿﻿﻿﻿﻿﻿﻿﻿﻿﻿﻿﻿﻿﻿﻿﻿﻿﻿﻿﻿﻿﻿﻿﻿﻿﻿﻿﻿﻿﻿﻿﻿﻿﻿﻿﻿﻿﻿﻿﻿﻿﻿﻿﻿﻿﻿﻿﻿﻿﻿﻿﻿﻿﻿﻿﻿﻿﻿﻿﻿﻿﻿﻿﻿﻿﻿﻿﻿﻿﻿﻿﻿﻿﻿﻿﻿﻿﻿﻿﻿﻿﻿﻿﻿﻿﻿﻿﻿﻿﻿﻿﻿﻿﻿﻿﻿﻿﻿﻿﻿﻿﻿﻿﻿﻿﻿﻿﻿﻿﻿﻿﻿﻿﻿﻿﻿﻿﻿﻿﻿﻿﻿﻿﻿﻿﻿﻿﻿﻿﻿﻿﻿﻿﻿﻿﻿﻿﻿﻿﻿﻿﻿﻿﻿﻿﻿﻿﻿﻿﻿﻿﻿﻿﻿﻿﻿﻿﻿﻿﻿﻿﻿﻿﻿﻿﻿﻿﻿﻿﻿﻿﻿﻿﻿﻿﻿﻿﻿﻿﻿﻿﻿﻿﻿﻿﻿﻿﻿﻿﻿﻿﻿﻿﻿﻿﻿﻿﻿﻿﻿﻿﻿﻿﻿﻿﻿﻿﻿﻿﻿﻿﻿﻿﻿﻿﻿﻿﻿﻿﻿﻿﻿﻿﻿﻿﻿﻿﻿﻿﻿﻿﻿﻿﻿﻿﻿﻿﻿﻿﻿﻿﻿﻿﻿﻿﻿﻿﻿﻿﻿﻿﻿﻿﻿﻿﻿﻿﻿﻿﻿﻿﻿﻿﻿﻿﻿﻿﻿﻿﻿﻿﻿﻿﻿﻿﻿﻿﻿﻿﻿﻿﻿﻿﻿﻿﻿﻿﻿﻿﻿﻿﻿﻿﻿﻿﻿﻿﻿﻿﻿﻿﻿﻿﻿﻿﻿﻿﻿﻿﻿﻿﻿﻿﻿﻿﻿﻿﻿﻿﻿﻿﻿﻿﻿﻿﻿﻿﻿﻿﻿﻿﻿﻿﻿﻿﻿﻿﻿﻿﻿﻿﻿﻿﻿﻿﻿﻿﻿﻿﻿﻿﻿﻿﻿﻿﻿﻿﻿﻿﻿﻿﻿﻿﻿﻿﻿﻿﻿﻿﻿﻿﻿﻿﻿﻿﻿﻿﻿﻿﻿﻿﻿﻿﻿﻿﻿﻿﻿﻿﻿﻿﻿﻿﻿﻿﻿﻿﻿﻿﻿﻿﻿﻿﻿﻿﻿﻿﻿﻿﻿﻿﻿﻿﻿﻿﻿﻿﻿﻿﻿﻿﻿﻿﻿﻿﻿﻿﻿﻿﻿﻿﻿﻿﻿﻿﻿﻿﻿﻿﻿﻿﻿﻿﻿﻿﻿﻿﻿﻿﻿﻿﻿﻿﻿﻿﻿﻿﻿﻿﻿﻿﻿﻿﻿﻿﻿﻿﻿﻿﻿﻿﻿﻿﻿﻿﻿﻿﻿﻿﻿﻿﻿﻿﻿﻿﻿﻿﻿﻿﻿﻿﻿﻿﻿﻿﻿﻿﻿﻿﻿﻿﻿﻿﻿﻿﻿﻿﻿﻿﻿﻿﻿﻿﻿﻿﻿﻿﻿﻿﻿﻿﻿﻿﻿﻿﻿﻿﻿﻿﻿﻿﻿﻿﻿﻿﻿﻿﻿﻿﻿﻿﻿﻿﻿﻿﻿﻿﻿﻿﻿﻿﻿﻿﻿﻿﻿﻿﻿﻿﻿﻿﻿﻿﻿﻿﻿﻿﻿﻿﻿﻿﻿﻿﻿﻿﻿﻿﻿﻿﻿﻿﻿﻿﻿﻿﻿﻿﻿﻿﻿﻿﻿﻿﻿﻿﻿﻿﻿﻿﻿﻿﻿﻿﻿﻿﻿﻿﻿﻿﻿﻿﻿﻿﻿﻿﻿﻿﻿﻿﻿﻿﻿﻿﻿﻿﻿﻿﻿﻿﻿﻿﻿﻿﻿﻿﻿﻿﻿﻿﻿﻿﻿﻿﻿﻿﻿﻿﻿﻿﻿﻿﻿﻿﻿﻿﻿﻿﻿﻿﻿﻿﻿﻿﻿﻿﻿﻿﻿﻿﻿﻿﻿﻿﻿﻿﻿﻿﻿﻿﻿﻿﻿﻿﻿﻿﻿﻿﻿﻿﻿﻿﻿﻿﻿﻿﻿﻿﻿﻿﻿﻿﻿﻿﻿﻿﻿﻿﻿﻿﻿﻿﻿﻿﻿﻿﻿﻿﻿﻿﻿﻿﻿﻿﻿﻿【老板圈儿】本微信是全国一家免费精品，每天播出企业管理实战文章及视频，分享专业、实战的管理技巧和案例！关注阅读三个月，相当于读了MBA！真正成熟的男人，都在努力做鸭子！何解？鸭子在水里，表面上从容淡定，那是给别人看的；水底下双脚却在拼命划水，那是为了能继续前行。一个真正成熟的男人，同样也是如此！01认知：要想人前显贵，必得人后受罪电影《霸王别姬》里有一句话：要想人前显贵，必得人后受罪。你想成为戏园大佬，成为万人追捧的名角，人前光鲜亮丽，那么台底下就得十年如一日的苦练。这是唱戏的师父教给徒弟的话。一个真正成熟的男人也应该有这样的认知：所有的高薪，背后都是一帮在玩命工作的人，只有非常努力，才能看起来毫不费力。鸭子就懂得这样的道理，只有双脚在水底下不停地划水，才能看起来很从容。所以，成熟的人很少会怨天尤人，抱怨工资太低，责骂世界不公，而是主动去提升自己的能力，让自己先值钱。其实，挣钱这件事并不复杂，你能创造多大的价值，就能挣多少钱，与辛苦程度无关。有人不满明星的天价代言费，但广告商愿意当「冤大头」的原因在于其确实能带来更大价值的收益。能力越强，前面的路往往也越宽。02管理：收拾情绪，扮演好特定角色在知乎上有一个很火的问题：为什么男人开车到家后却不上楼，喜欢坐在车里发呆？我倒是认为，一个真正成熟的男人，不是没人可以依靠，而是宁愿独自承担，将负面情绪隐藏，将压力独揽。不把工作中的负面情绪带到家里来，是一个男人成熟的表现。有些人在外面受气了，回家将情绪全都发泄在家人身上，还美其名曰：我在家里，在亲近的人面前难道还需要伪装，难道不能做真实的自己吗？不管是谁，活着就都不容易，努力扮演好不同的角色，才是的真正成熟。03担当：努力打拼，扛起家庭不管在多大的湖泊里，鸭子之所以能够自由穿行，想去哪里就去哪里，那是因为它的双脚始终在努力。同样，一个真正成熟的男人，一定是为了家人能够更好地活着而在努力打拼，将家庭扛在肩上，有所担当的人。我曾经写过一个朋友的故事，中产阶级，外企公司的总监，在人前风光亮丽，却比更多人焦虑。体弱多病的父母，正在读国际班幼儿园的儿子，家里的全职太太，一万多的房贷...他当然有权利选择不努力，但是他说，我没资本不努力，虽然很累，但无路可退。有所担当，有责任感，这便是一个男人走向成熟的标志，成熟从来与年龄无关，有些人活了一辈子都不够成熟。做男人，就应该做一个像在水中穿行的鸭子，时刻在努力！转载自网络，版权归原作者所有，如有侵权请告知一个聚百万人脉的老板圈子老板圈儿ID：ceo6599▲长按二维码“识别”关注]]></content>
  <author><![CDATA[老板管理秘笈]]></author>
  <time>2018-11-24 23:08:18</time>
  <account><![CDATA[swgl886]]></account>
  <image><![CDATA[https://mmbiz.qpic.cn/mmbiz_gif/y8rlf0AMqRH4VK2LYCNPURxjj3FtvrfiaiaJBNY491EGDpPICLia7R2OEBvckoP5JOz57iciaZRDw46qUkIcTYeO8LA/640?wx_fmt=gif|https://mmbiz.qpic.cn/mmbiz_jpg/5wDvU5GeQ0aPgHDbQE58KImw2o5CSoQBpX2TTXrkqU1zoa2auHroGfR5V6zmCN3fjFKwzwWPicOHUIUWlMmsCaA/640?wx_fmt=jpeg|https://mmbiz.qpic.cn/mmbiz_jpg/5wDvU5GeQ0a8tBciaMYs5RZ3icudmXDpxDaZdc4PibIGDcHhPQFwQDxEicBvuO8SBANbcNckzRmlH6MljJVdKWCj1Q/640?wx_fmt=jpeg|https://mmbiz.qpic.cn/mmbiz/17MiccsGRV0D2LfqIJGaG0SdOrQ3Ebl0BZmSDrMLia8x0UgcCzQDzkNrSuo7FfOQUkMbYHVvNYDtbv4YicqvaQl6w/640?|https://mmbiz.qpic.cn/mmbiz_jpg/6GEOWRGLndOya5bIT8uPeETomGMwZgM8vwiaGXxVnmL3oHTzEQwZnEVN2kEWKyvYO1udtxVic9r8mRrbetbBBaYQ/640?wx_fmt=jpeg]]></image>
</data>
