<data>
  <id><![CDATA[65755973]]></id>
  <url><![CDATA[https://mp.weixin.qq.com/s?timestamp=1543219502&src=3&ver=1&signature=gURmLehoq33GMNoBE4suGskl3gyhQzQV7nLO5f0Yi4suOWTMdrLa2*WlzDaWfrXX3b4RAKdx-bTyHSZSxBiNtDs-PTxL6V4Qz8J1Wm-TTqGspF3Zw26qqGMnCRmiKkXlwoddvGryoherG-VqRgsV9WcsO79JEXE7t1naXbe5sHY=]]></url>
  <title><![CDATA[外卖，正在毁灭我们的下一代！看完隔夜饭都呕出来了！]]></title>
  <content><![CDATA[【老板圈儿】本微信是全国一家免费精品，每天播出企业管理实战文章及视频，分享专业、实战的管理技巧和案例！关注阅读三个月，相当于读了MBA！每天中午大家都是一边感叹着外卖不健康一边翻开手机点个了饭没办法，饭是不可能不吃的自己又懒得做饭带饭只能将就着吃个外卖了可在划着手机点餐的时候你想不到的是这些饭菜可能是几个月前就准备好的料理包昨天，梨视频公开了一段视频，拍客卧底合肥一家大型料理包厂一周，拍下一幕幕触目惊心的画面…而这些料理包，很可能就是你中午吃的外卖。建议在wifi下观看↓外卖料理包也称速食包，商家买入后直接放到餐盒里，加热后通过外面平台大量售出。拍客来到安徽杠岗香食品有限公司，在仓库里看到大量原料。工作人员表示，为了降低成本，公司会一次性大量购入食材原料，“我们那个肉，远低市场价，进来了十几吨，卖给那些外卖商家。排骨粒都放了快一年了，就是图便宜，一下子干了十来吨嘛。”还有员工告诉拍客，为了增加重量，会网牛肉里面注射大豆蛋白。原料不新鲜，加工环境更不敢恭维。视频显示，加工车间的工人直接捡起掉落在地上的肉，用手搅拌酱汁。而面对拍客感叹“太恶心了”，工作人员表示，“这么多，能弄得那么干净么”。不过包装间的工人也说，自己包装的自己根本不想吃。杠岗香董事长助理冯红武称，目前杠岗香料理包在全国排在第一梯队，一天产40万份，为全国最高，用于外卖的超过50%，每个省都有代理商，其中，仅华东地区的外卖月销量主要消费群体是白领和学生。视频发布后火速登上热搜，据澎湃新闻报道，合肥市食品药品监督管理局工作人员回应称，已了解到此事，目前正在调查中。还有这些“美味”外卖无锡黄焖鸡黄焖鸡米饭堪称国民料理，外卖界面随手一搜也能叫到，送到我们面前的黄焖鸡是这样的。但是其实背后的制作却可能很“恐怖”，此前江苏无锡一家黄焖鸡就遭到曝光：材料用的是口感不佳的进口冻肉，加工地点在偏僻的废弃工厂，现场脏乱不堪，工人没有佩戴任何隔离工具，砧板已发霉。你所吃的黄焖鸡可能就在这里加工，一片废弃工厂成为“美食”后厨。冰冻的鸡块堆成小山，在发霉的砧板上加工。冻肉原料包装成一箱箱，解冻后加工就能上餐桌了。苏州酸菜鱼苏州的一家酸菜鱼店，恶心程度不比黄焖鸡差，脏到连外卖小哥都举报它！店里平日生意火爆，每天要接一百多单，然而背后环境却不堪入目。单单是杀鱼，就留下恶臭的污水，也不进行清理。屋里只有一个厨房，放满杂物，没有任何可以堂食的地方。地上放着一桶酸菜，没有任何遮盖，污迹斑斑，酸菜旁边就是垃圾桶。厨房里的骨头汤飘着黑色的物体，能想象这是酸菜鱼里那些乳白酸爽的汤汁吗？广州菜肴包除了环境令人担忧，食材的制作可能也和你想象的很不一样。你点的外卖可能是用菜肴包加热做成的，保质期三个月到半年。可能我们都以为外卖是现做现卖的，但其实只要把菜肴包加热一下，放到盒里就可以售卖了。抛开卫生问题不说，这种做法出来的菜肴新鲜度肯定大打折扣。这种做法一般不会告知消费者，但很多外卖店都在用。成都市食药监局表示，只要“方便菜肴包”取得有效的食品生产许可证则可以添加到米饭中的，鼓励明示原料。如果你是消费者，你能接受菜肴包制作的外卖吗？划重点外卖避雷指南既然外卖有这么多不安全的隐患，又不能不吃饭，应该怎么办呢？这里有一些经验，给大家分享一下：1.尽量到店里吃饭。 如果公司有食堂、或者楼下就有饭店，不妨到店里吃饭，虽然需要多花一点时间，但用餐环境更有保障。2. 不要点过于重口味的菜。 首先过于重口味的菜对健康不利，其次，过于重口味的菜容易掩盖食材的原味，即使不新鲜你也吃不出来。3. 点外卖挑选自己熟悉的店。 尽量选自己信得过的店或者一些大品牌，不要轻易尝试一些小店，否则入坑了也不知道。4. 不要贪小便宜。 如果一个菜品性价比“过高”，或者一个商家的菜长期便宜得“过分”，那就不要贪小便宜去买了，以免吃进去不安全的食材。如果遇到食品安全问题，且商家、平台不进行处理，考虑到起诉至法院成本过高，可以选择去工商、食药监部门或消费者协会投诉，或者拨打“12331”食品药品投诉举报热线进行维权。这种情况好比你去了饭店明明点了几个热菜可上来的却是速冻食物你难受不难受？外卖有时候是给了我们很大的便利相信大部分外卖还是正规的但是面对一些不法商家我们应该懂得保护自己必要时用法律维护自己的权益赶快分享到圈子里提醒经常点外卖的朋友吧！为了身体健康，少点外卖！来源：本文摘自《百度文库》，图文综合自网络；如涉及版权请告知，我们对文中观点保持中立，仅供参考、交流之目的。一个聚百万人脉的老板圈子老板管理秘籍微信号：swgl886▲长按二维码"识别"关注聚焦CEO圈子！最前沿企业管理趋势洞察]]></content>
  <author><![CDATA[老板管理秘笈]]></author>
  <time>2018-11-25 20:05:26</time>
  <account><![CDATA[swgl886]]></account>
  <image><![CDATA[https://mmbiz.qpic.cn/mmbiz_gif/y8rlf0AMqRH4VK2LYCNPURxjj3FtvrfiaiaJBNY491EGDpPICLia7R2OEBvckoP5JOz57iciaZRDw46qUkIcTYeO8LA/640?wx_fmt=gif|https://mmbiz.qpic.cn/mmbiz_jpg/vK08jbHAQl05y3f6RdBmIAcvq3v7libMic0MIDgN0ZuYttIzjAqCuh0lkffu3arvaY2ZtBibbSPvGFwUtBRHhiaTxg/640?wx_fmt=jpeg|https://mmbiz.qpic.cn/mmbiz_jpg/pXNtcJnoKHYqolgOHWt4RCGOp0u9aLpvKdRicDiaT2Hibr01eCYUibOZlFic4DqmeOsXejTr13zIHIpGE3XwIGlILaQ/640?wx_fmt=jpeg|https://mmbiz.qpic.cn/mmbiz_jpg/wZ8jfcVwf7Lc2DNQmqLjcQLSR4gQWBz8iayO2RKBHULtY5523AIcFCjwKwrL8TQnH9g84LIpD74c6wSS9MZZicGg/640?wx_fmt=jpeg|https://mmbiz.qpic.cn/mmbiz_gif/wZ8jfcVwf7Lc2DNQmqLjcQLSR4gQWBz8ib74j73uteG7WgJTCFdEhSYKjTM0xoDwYs0gKx1W7kCvLiahQiaiaCM1sA/640?wx_fmt=gif|https://mmbiz.qpic.cn/mmbiz_jpg/wZ8jfcVwf7Lc2DNQmqLjcQLSR4gQWBz8a0B1tMm2omgS2m6EKIQUp0Zia3YdL4CyxIpPIiaiby453mdCwVVTA1oSg/640?wx_fmt=jpeg|https://mmbiz.qpic.cn/mmbiz_gif/cTWzx3NVe30F2pMluLZ8TYGCAibDjDPlywgFjCCpaYgD1S7l5viaibADbMG254zZzzqfsXHVKTD8LsYqNDhLZqIJQ/640?wx_fmt=gif|https://mmbiz.qpic.cn/mmbiz_jpg/wZ8jfcVwf7Lc2DNQmqLjcQLSR4gQWBz8l8LicIcJD1oKAtQVf6jAaqNrUYAUV5BzFX8ziaAjR76ColicvA4yLs3ow/640?wx_fmt=jpeg|https://mmbiz.qpic.cn/mmbiz_jpg/wZ8jfcVwf7Lc2DNQmqLjcQLSR4gQWBz8rUwBvqVl2fqbiaiaoXKV1oeYcYEZbz0utmqq4mdS3YLFHxGBl27GZCmA/640?wx_fmt=jpeg|https://mmbiz.qpic.cn/mmbiz_gif/wZ8jfcVwf7Lc2DNQmqLjcQLSR4gQWBz89FIS9pIq92aYtdFx5WIibtSyG75j4am7zjNbFcyMG6SyGVXR1GcQfvA/640?wx_fmt=gif|https://mmbiz.qpic.cn/mmbiz_jpg/wZ8jfcVwf7Lc2DNQmqLjcQLSR4gQWBz8AjWgt9LTFlHR7RJr1zBNvL4fHU6mkMdA2xybgeX1iaPMZpV8031YbCg/640?wx_fmt=jpeg|https://mmbiz.qpic.cn/mmbiz_jpg/wZ8jfcVwf7Lc2DNQmqLjcQLSR4gQWBz8iaiczB7QhDBKVtnBF79AftQPb5EKlO1XbfJzLO5vLw8lILFcjYEiciaEUA/640?wx_fmt=jpeg|https://mmbiz.qpic.cn/mmbiz_jpg/wZ8jfcVwf7Lc2DNQmqLjcQLSR4gQWBz88Ep3AtFQrND2Kj20SvKHaAo8b8Ep7eFhBCjZstd3tIbuFmv1SzqjWQ/640?wx_fmt=jpeg|https://mmbiz.qpic.cn/mmbiz_jpg/wZ8jfcVwf7Lc2DNQmqLjcQLSR4gQWBz80PEP1SpZ6clQib0qQDb1eQORZkiaZOQUhKZczshQQZj4dnuJK8vbbmCQ/640?wx_fmt=jpeg|https://mmbiz.qpic.cn/mmbiz_jpg/wZ8jfcVwf7Lc2DNQmqLjcQLSR4gQWBz8Yd0Ojc4aEWh6OWrbwibNoia92UILmRtI6fBWOdxFI8ozaytQyzicNONRw/640?wx_fmt=jpeg|https://mmbiz.qpic.cn/mmbiz_jpg/wZ8jfcVwf7Lc2DNQmqLjcQLSR4gQWBz8xJmnKGVLHOHfNpianibVNNl9eIOvrW6AthiazxL91iaOOz7Y6478fYbk9w/640?wx_fmt=jpeg|https://mmbiz.qpic.cn/mmbiz_jpg/wZ8jfcVwf7Lc2DNQmqLjcQLSR4gQWBz8W912ibU0N60gvNprddxCXuiah5k0vxunLn6cRkKrib7YV5lkog1ialiampw/640?wx_fmt=jpeg|https://mmbiz.qpic.cn/mmbiz_jpg/cTWzx3NVe30F2pMluLZ8TYGCAibDjDPlyXLeIAj4e4Sd59z9xfibSWaXfV8aDq8IibJyQNYEiaYFMGianz8niceTqAibA/640?wx_fmt=jpeg|https://mmbiz.qpic.cn/mmbiz_jpg/vK08jbHAQl05y3f6RdBmIAcvq3v7libMicEAs1Nicabee4S1nTl7MmBUjSpIic0I5ljknLPXFia1btV9YzKnpvPeVpw/640?wx_fmt=jpeg|https://mmbiz.qpic.cn/mmbiz_jpg/vK08jbHAQl05y3f6RdBmIAcvq3v7libMicEmvvwicKprUj0lLpGQK58lBquC58xlvQEgKwzWjbPteVyDJ5TBzoSRg/640?wx_fmt=jpeg|https://mmbiz.qpic.cn/mmbiz_jpg/vK08jbHAQl05y3f6RdBmIAcvq3v7libMicJb2cqVV5ErrgJqu6WZaegLvZib7F7Z4aNfJ9ibnyBBTn7EOXHyicUys5Q/640?wx_fmt=jpeg|https://mmbiz.qpic.cn/mmbiz_jpg/vK08jbHAQl05y3f6RdBmIAcvq3v7libMicQbAaRswoYfgmoiadhyguRVT36icPCxbBUnxFr4AXqPWfr2YK7eOwy25g/640?wx_fmt=jpeg|https://mmbiz.qpic.cn/mmbiz_jpg/vK08jbHAQl05y3f6RdBmIAcvq3v7libMiczcLQu6vxaKzPJ9rLIoZXP1Suo1kq6cbmTt8EHTmNBaUQzkrPywibhEg/640?wx_fmt=jpeg|https://mmbiz.qpic.cn/mmbiz_gif/cTWzx3NVe30F2pMluLZ8TYGCAibDjDPlyXLicVr00h9OwCv9lpnW8ibyTe8iaBYMPTZwRcoTOI1npSKjROHics0TanQ/640?wx_fmt=gif|https://mmbiz.qpic.cn/mmbiz_jpg/cTWzx3NVe30F2pMluLZ8TYGCAibDjDPlyJSxBib7M4Wmib8mTxKdgFEjcbmRv2h9wF61Jr3x6ajT0NxtC901Tf9kw/640?wx_fmt=jpeg|https://mmbiz.qpic.cn/mmbiz_jpg/cTWzx3NVe30F2pMluLZ8TYGCAibDjDPlyE5PnWpgv4RWfagl5SxEZ6vcV5hcwIiaKR8rac3ucp1T1f7DEd7PPljQ/640?wx_fmt=jpeg|https://mmbiz.qpic.cn/mmbiz_jpg/cTWzx3NVe30F2pMluLZ8TYGCAibDjDPlyFcmpJjxgdjYvx7l4Vhiatia5g4iccVoibUIANtWBsHAgF4BqWPl9UicjftA/640?wx_fmt=jpeg|https://mmbiz.qpic.cn/mmbiz_jpg/cTWzx3NVe30F2pMluLZ8TYGCAibDjDPlyKkDkggjdNOFebN9f8F0RdIsz514JQjoak2azPjFB58SUNmmPlpM0Aw/640?wx_fmt=jpeg|https://mmbiz.qpic.cn/mmbiz_jpg/cTWzx3NVe30F2pMluLZ8TYGCAibDjDPly8QmYicOoGhvqtyIdCbvkD2X3iaTOMAcmrLBvvbeuAkSH0s7dv05IwNJQ/640?wx_fmt=jpeg|https://mmbiz.qpic.cn/mmbiz_gif/cTWzx3NVe30F2pMluLZ8TYGCAibDjDPlyIWicFxm90w30icsibIMeXLicBMnByTqVhknqkQFLvtlg7UJj9NkIQDHq5w/640?wx_fmt=gif|https://mmbiz.qpic.cn/mmbiz_jpg/vK08jbHAQl05y3f6RdBmIAcvq3v7libMic8Tq2HdoOQDQDYrC7vy9hb4G1M4DiabGicGuIfxwLiaB4q1P0yjkJWOM6g/640?wx_fmt=jpeg|https://mmbiz.qpic.cn/mmbiz_jpg/cTWzx3NVe30F2pMluLZ8TYGCAibDjDPlytTMSNCJDo5yySQibn2jboFTWF2t3tHBENhqMWJFc7rqSQygzEME8FvA/640?wx_fmt=jpeg|https://mmbiz.qpic.cn/mmbiz_jpg/vK08jbHAQl05y3f6RdBmIAcvq3v7libMic4907P31ibBbyYwIOWMycxWulQKKT7cicKQ0eIOek8wpP4WrjoibYaW7fw/640?wx_fmt=jpeg|https://mmbiz.qpic.cn/mmbiz_jpg/cTWzx3NVe30F2pMluLZ8TYGCAibDjDPlyhmAnrNzDWBVW71fqzoLibTeWjGxicFJr4KBIPgicFnyoM15daMaquaX4A/640?wx_fmt=jpeg|https://mmbiz.qpic.cn/mmbiz_jpg/vK08jbHAQl05y3f6RdBmIAcvq3v7libMiccSPicHPBSQxj8URnN6OKamjQzpNTmbAudYwkp57ID6ozXAaoMR1GFxA/640?wx_fmt=jpeg|http://mmbiz.qpic.cn/mmbiz/17MiccsGRV0D2LfqIJGaG0SdOrQ3Ebl0BZmSDrMLia8x0UgcCzQDzkNrSuo7FfOQUkMbYHVvNYDtbv4YicqvaQl6w/640?|http://mmbiz.qpic.cn/mmbiz_jpg/oNXExibrGBMSiaiaDzgOWwKPHxld6jZv4QQhSVcwEnYicBibq4PxMYib6hg7mEvjqiam3Hk4RylqTjAro6AicHhguiavtbQ/640?wx_fmt=jpeg]]></image>
</data>
