<data>
  <id><![CDATA[65755973]]></id>
  <url><![CDATA[https://mp.weixin.qq.com/s?timestamp=1543219502&src=3&ver=1&signature=gURmLehoq33GMNoBE4suGskl3gyhQzQV7nLO5f0Yi4suOWTMdrLa2*WlzDaWfrXX3b4RAKdx-bTyHSZSxBiNtDs-PTxL6V4Qz8J1Wm-TTqHdvexr2-XhKCy0G2CrhXZQg8gPKapse6otVyaBuYd8kUmtmAJ*w9DgUTcbhPQ-rFY=]]></url>
  <title><![CDATA[当你上班迟到了一分钟，你说路上堵车了，可以理解吗？（一定要看）]]></title>
  <content><![CDATA[【老板圈儿】本微信是全国一家免费精品，每天播出企业管理实战文章及视频，分享专业、实战的管理技巧和案例！关注阅读三个月，相当于读了MBA！当你上班迟到了一分钟，你说路上堵车了，可以理解吗？——可以当你说自己有点不舒服要请一天假，可以理解吗？——可以当你说工作很累，要打打游戏，刷刷淘宝调节一下，可以理解吗？——可以当你抱怨上班早，下班晚，为什么不能朝九晚五的时候可以理解吗？——可以我们换一个场景当你坐飞机迟到一分钟，飞机飞走了，你对着飞机喊：我堵车了，你为什么不理解我！——飞机表示不理解当父母家人生病住院的时候你没钱治病，却问医生，为什么不理解我们付不起医药费的困难？——医院表示不理解当你看到跟你一起入公司的伙伴都买房买车的时候，你说现在房价这么贵？开发商怎么这么黑？——房产公司表示不理解出去找工作，屡受打击的时候，你说你为什么不能给我一次机会，让我慢慢成长。——用人单位表示不理解不要一边埋怨工资太低一边工作不努力不要一边频频跳槽一边抱怨老板不重用你不要一边抱怨社会太现实一边工作偷奸耍滑你一直知道你的追求是什么你也一直知道你的目标是什么你甚至很清楚自己的问题有很多却从来不曾想过如何去改变你辛苦了，你累了当你觉得自己累的实在不行、停下脚步的时候回过头看看起点其实你并没有走多远人生路漫漫坚持肯定会有成绩加油——致敬所有追逐梦想的年轻人近几年来，越来越多的企业老板感觉到现在是“人难招、人难管、人难留”。员工工作不努力是他们普遍的共识。在老板的潜意识里是“你办多少事，我给你多少钱”。在员工的潜意识里是“你给我多少钱，我做多少事”。老板束手无策，员工动力不足，这就是问题，持续下起损失的不是业绩，而是精力和时间，如何解决?更多讲解请添加郑爱玲老师微信：ceo65657← 长按复制，或扫描底部二维码！通过后回复“学习”，我将免费发送苏引华《总裁商业思维》价值12800元的课程现场视频给你学习。学习营销策略、股权激励方案、 招人 留人 育人、晋升机制、薪酬体系等。已有36万政商领袖，企业老板，职场精英都在关注。ID：ceo65657▲长按二维码识别"添加]]></content>
  <author><![CDATA[老板管理秘笈]]></author>
  <time>2018-11-25 20:05:26</time>
  <account><![CDATA[swgl886]]></account>
  <image><![CDATA[https://mmbiz.qpic.cn/mmbiz_gif/y8rlf0AMqRH4VK2LYCNPURxjj3FtvrfiaiaJBNY491EGDpPICLia7R2OEBvckoP5JOz57iciaZRDw46qUkIcTYeO8LA/640?wx_fmt=gif|https://mmbiz.qpic.cn/mmbiz_jpg/OZTgvek6EXWRmggeKZuMXrcCgOn4pjiaFTpYcNy5WibP0fNF67nICcy8cr0TR9lTpAa3RZNzPCnjyaHjT3zWWFmw/640?wx_fmt=jpeg|https://mmbiz.qpic.cn/mmbiz_png/xpibxx5wghibueyiao1OibjhwB3PcTIo5VX8GibeeJIFBO6uibZh5a00SXWDaiaACDibibmibbPHyOmTCKrOfzdXtBQTRricw/640?wx_fmt=png|https://mmbiz.qpic.cn/mmbiz_jpg/6GEOWRGLndOx352go9UicC4iagFzs6j3LEARyClIH1IHwQwGibesW3Nu2ibrfh0icOrMicjwuaRhhRhpP0mjy6DwgL0Q/640?wx_fmt=jpeg]]></image>
</data>
