<data>
  <id><![CDATA[65755973]]></id>
  <url><![CDATA[https://mp.weixin.qq.com/s?timestamp=1543219502&src=3&ver=1&signature=gURmLehoq33GMNoBE4suGskl3gyhQzQV7nLO5f0Yi4suOWTMdrLa2*WlzDaWfrXX3b4RAKdx-bTyHSZSxBiNtFVrAjbMIlkH-IdU6JXSpfdXMUJ9I9b1vrl8xO04wW2vhnOid9RnjRSjirEnZYyPpgVgQ1mEugFmn2hBddi-fgU=]]></url>
  <title><![CDATA[老板必看|五个段子：笑残2个，笑怀孕3个，不信“你”试试！！！]]></title>
  <content><![CDATA[【老板圈儿】本微信是全国一家免费精品，每天播出企业管理实战文章及视频，分享专业、实战的管理技巧和案例！关注阅读三个月，相当于读了MBA！三国往事关羽冲进帐来：“被包围了，大哥快走！”刘备：“云长，帮我断后！”关羽手起刀落把刘禅砍成两截。刘备：“尼玛，我说的不是这个！”关羽又砍死刘封。刘备：“Kao！也不是！”关羽刀光一闪，刘备两腿间一片血红……启示：没有理解公司战略，执行力强只是个悲剧！哥们追女朋友一哥们在追一个女朋友，女朋友给他下了最后通牒：“没有奥迪A6和两层的别墅，就别来烦我。”他苦笑。回家和爸妈征求意见。父亲抽了支烟，叹口气说到：“车好办，家里的劳斯莱斯卖掉买几十辆奥迪还没问题，只是这二层别墅，TMD咱总不能把这五层楼扒掉三层吧，太可惜了，你和她还是算了吧，天下姑娘多的是，没必要为了追她，咱家还得拆房子。启示：在不了解客户的需求和实力前，千万别轻易报价！送外卖一女同事，瓜子脸，长腿细腰，还算女神吧，昨天，她老公给她送饭，也没说话放下就走了。 ………一新来的男同事问:刚才那男人是谁啊？ 她回答说:送外卖的。新来同事又问:怎么沒给钱？她说:不用给，晚上陪他睡一觉就好了。新同事瞬间凌乱地看着她，沉默了。第二天，这个新男同事给她带了午饭！ 还是三菜一汤。启示：商业模式不可简单的模仿，别人的模式一定有其前置的条件和准入标准，模式复制前一定要做到信息对称。存款一人晚间存款，碰巧ATM机故障，一万元被吞，当即联系银行，被告知要等到天亮。其绞尽脑汁的想，突然灵机一动，使用公用电话致电客服，称ATM机多吐出3000元，5分钟后维修人员赶到。启示：别人不帮助你，是因为没触及到他的利益。想办法把你的问题（产品）和他的利益联系起来，才能引起对方重视。漏洞年轻人不小心将酒店的地毯烧了三个小洞，退房时服务员说根据酒店规定，每个洞要赔偿100元。年轻人：确定是一个洞100元吗？服务员：是。年轻人点燃烟头将三个小洞烧成一大洞。启示：1. 考核标准在哪里，人们的行动就在哪里；2. 不要光站在自己的角度订立标准；3. 漏洞有时是致命的。近几年来，越来越多的企业老板感觉到现在是“人难招、人难管、人难留”。员工工作不努力是他们普遍的共识。在老板的潜意识里是“你办多少事，我给你多少钱”。在员工的潜意识里是“你给我多少钱，我做多少事”。老板束手无策，员工动力不足，这就是问题，持续下起损失的不是业绩，而是精力和时间，如何解决?更多讲解请添加郑爱玲老师微信：ceo65657← 长按复制，或扫描底部二维码！通过后回复“学习”，我将免费发送苏引华《总裁商业思维》价值12800元的课程现场视频给你学习。学习营销策略、股权激励方案、 招人 留人 育人、晋升机制、薪酬体系等。已有36万政商领袖，企业老板，职场精英都在关注。ID：ceo65657▲长按二维码识别"添加]]></content>
  <author><![CDATA[老板管理秘笈]]></author>
  <time>2018-11-21 20:23:54</time>
  <account><![CDATA[swgl886]]></account>
  <image><![CDATA[https://mmbiz.qpic.cn/mmbiz_gif/y8rlf0AMqRH4VK2LYCNPURxjj3FtvrfiaiaJBNY491EGDpPICLia7R2OEBvckoP5JOz57iciaZRDw46qUkIcTYeO8LA/640?wx_fmt=gif|https://mmbiz.qpic.cn/mmbiz_jpg/6GEOWRGLndOx352go9UicC4iagFzs6j3LEARyClIH1IHwQwGibesW3Nu2ibrfh0icOrMicjwuaRhhRhpP0mjy6DwgL0Q/640?wx_fmt=jpeg]]></image>
</data>
