<data>
  <id><![CDATA[65755973]]></id>
  <url><![CDATA[https://mp.weixin.qq.com/s?timestamp=1543219502&src=3&ver=1&signature=gURmLehoq33GMNoBE4suGskl3gyhQzQV7nLO5f0Yi4suOWTMdrLa2*WlzDaWfrXX3b4RAKdx-bTyHSZSxBiNtOQRZzTGr9UKjGGm-i*zngMknWIRuHmz9F0VQqS4mkCofMyns4xhZTwNv7wGDGU6tbA4gN*Ww3l07ECPtSa99y4=]]></url>
  <title><![CDATA[干掉特斯拉！今天，保时捷正式宣布！]]></title>
  <content><![CDATA[【老板圈儿】本微信是全国一家免费精品，每天播出企业管理实战文章及视频，分享专业、实战的管理技巧和案例！关注阅读三个月，相当于读了MBA！姜还是老的辣！保时捷，终于举起大刀砍向特斯拉！01特斯拉Model X谁是保时捷？造了近百年汽车的传统车企，德系中的德系，911闻名世界，卡宴拿下全球第一SUV豪华品牌；谁是特斯拉？成立不到15年的新能源车企，把纯电动做到极致，全新的颠覆模式打得传统汽车们措手不及；当保时捷正为其打造出百公里加速仅2.6秒的超跑而欢呼时，特斯拉直接扔出1.9秒，这是燃油汽车莫大的耻辱。保时捷必须自我变革，必须忘掉自己辉煌的过去。因为他面对的，是别人压根不用燃油发动机的降维打击！02该来的终究会来！刚刚，保时捷重磅推出纯电动车型，不属于帕拉梅拉，不属于911，直接取名Mission E！看这骚气的流线外形：看这近5米的怪兽车身：看这好像来自外星的双眼：还有这科技感爆棚的尾灯：更有这让敞篷都汗颜的天窗：还不够惊艳？我们马上看里面！3块液晶屏贯穿整个中控，没有按键：仪表盘人眼跟踪，怎么看都是正面：温度高低、音量大小，全看手势：屏幕上导航，玻璃上看速度：再来看座椅和后备箱。4个座位全部独立，赛车包裹：后备箱更是大到分成了三段：然而，更让你难以置信的是，它居然内置了一架无人机：显示屏启动，自动起飞。起飞后，智能围绕行驶路线，将周围的地形、车流等，实时传到车内。天呐！这哪还是什么传统汽车，这和我们今天见到的汽车完全就不是一个时代的产物！03充电口然而，保时捷真正让特斯拉睡不着觉的，不是上面这些绚丽的科技，更不是那惊艳的外观！而是电池，是可怕的保时捷充电技术：Turbo Charging！目前，它初步车型的续航能力已达500公里，与特斯拉Model X高配版相当，都是当下的巅峰水平。但充电，就彻底碾压了特斯拉。保时捷花了巨大成本，终于打造出高达800伏的独有车载充电器。15分钟充80%，续航400km，这比特斯拉快了整整一倍。如此恐怖的充电效率，让人惊叹！更疯狂的是：保时捷还实现了无线充电。不要电缆、不要插头，把车开上去就能自动进行充电！就在刚刚，保时捷突然宣布，正建立超级充电站网络，充电速度比特斯拉快6倍。姜还是老的辣。一连串的炸弹，轰炸着特斯拉，轰炸着全球新能源汽车。没错，传统汽车的霸主开始调转船头了！04保时捷传统燃油V6发动机也许，你看到的是保时捷强势向特斯拉宣战。但你是否知道，这背后需要多大的决心！一个倾其所有，研发了近百年传统燃油发动机的巨头，如今却不得不向其勇敢地说再见了。一个培育出全球最顶级发动机工程师的企业，如今也要和他们告别了，他们将下岗再教育。一个成立近百年，却被一个成立仅10年的对手搞得睡不着觉。保时捷终于主动断臂，勇敢宣战！未来十年，一定是海盗嘉年华。你自以为是的核心竞争力，一个跨界的进来，人家压根不用这个！保时捷研究了近百年发动机，各种涡轮、各种增压。一个特斯拉进来，人家压根不用发动机。银行发展了几十年的网点、ATM机。一个微信支付宝进来，人家压根不用网点，不用现金。今天，保时捷华丽反击的背后，是断臂的鲜血、是叹息的泪水，更是变革的宿命！而不敢断臂、只求安逸，无论你过去多么成功，未来都只能苟延残喘，直到被尘土掩埋！转载自网络，版权归原作者所有，如有侵权请告知一个聚百万人脉的老板圈子老板圈儿ID：ceo6599▲长按二维码“识别”关注]]></content>
  <author><![CDATA[老板管理秘笈]]></author>
  <time>2018-11-24 23:08:18</time>
  <account><![CDATA[swgl886]]></account>
  <image><![CDATA[https://mmbiz.qpic.cn/mmbiz_gif/y8rlf0AMqRH4VK2LYCNPURxjj3FtvrfiaiaJBNY491EGDpPICLia7R2OEBvckoP5JOz57iciaZRDw46qUkIcTYeO8LA/640?wx_fmt=gif|https://mmbiz.qpic.cn/mmbiz_png/Ybpib5Sr9SmJXmicKTGRDibXQWVaOMpicp6ad5xKzzJ3q8CjQL4jwxJQ4o7WKcBibWn7ubjT7P60tabye4yNbTKd6wQ/640?wx_fmt=png|https://mmbiz.qpic.cn/mmbiz_png/Ybpib5Sr9SmJXmicKTGRDibXQWVaOMpicp6aQ5Fciayb2Xud2d4f1M1ibwmuzndLqbOH0VNgVF1r9vykhUH8s6n7H9VQ/640?wx_fmt=png|https://mmbiz.qpic.cn/mmbiz_png/Ybpib5Sr9SmJXmicKTGRDibXQWVaOMpicp6a2dVh9y5AicXGRnrJoiaDDibQkrCdkib8m4chd1dObtGcOD87KwTIuibzxmw/640?wx_fmt=png|https://mmbiz.qpic.cn/mmbiz_gif/tyf887u3VAFAQDibWxE4r8xK7onbSHM38jbJRchJLKu0Pp8YFgMXnFNQDtLfbakhs1vezyMhPicESGvibVS3ibkEiaw/640?wx_fmt=gif|https://mmbiz.qpic.cn/mmbiz_jpg/Ybpib5Sr9SmJXmicKTGRDibXQWVaOMpicp6asaQFoVfPgpmezF7phCaclDm0FlLFia0VmibpQdbH23sfTYHxa8tZ7UAg/640?wx_fmt=jpeg|https://mmbiz.qpic.cn/mmbiz_gif/WpcHufd8FhnY2WbdkAjFxJYdp3yM0ezkyTPnPYfd4tRJEOf5xUAZ6hbeKpnluMvklxyNkibmKAesTGUSvUhDtZw/640?wx_fmt=gif|https://mmbiz.qpic.cn/mmbiz_gif/Ybpib5Sr9SmJXmicKTGRDibXQWVaOMpicp6aWVdtDs2tcyB96OOXp8hBGDNKsEZ4DSzfVz5407gLls8V8ugj0gzaXg/640?wx_fmt=gif|https://mmbiz.qpic.cn/mmbiz_png/Ybpib5Sr9SmJXmicKTGRDibXQWVaOMpicp6a4B1GHdoXGqeMxm2CNNXClW7Mp3dWU8BoGxwtibx4HqWIaibFS7lLl64A/640?wx_fmt=png|https://mmbiz.qpic.cn/mmbiz_gif/Ybpib5Sr9SmJXmicKTGRDibXQWVaOMpicp6arcrWibnQGlcbDVwSePwicnL09sMmorzqSIHia8qMXyveBibia7icDAdd5Z7w/640?wx_fmt=gif|https://mmbiz.qpic.cn/mmbiz_gif/Ybpib5Sr9SmJXmicKTGRDibXQWVaOMpicp6apGk8zBeDSWHvLd3ibFRnLsYR4gNKHwxZ7wzicO06qWU3m7ibGQVTaSxQA/640?wx_fmt=gif|https://mmbiz.qpic.cn/mmbiz_gif/Ybpib5Sr9SmJXmicKTGRDibXQWVaOMpicp6aib4CSZCnbfqTvwflCdAwFpVeHiae8CMGzfCUxeIt24ia6Y8GXjicia2cUNg/640?wx_fmt=gif|https://mmbiz.qpic.cn/mmbiz_gif/Ybpib5Sr9SmJXmicKTGRDibXQWVaOMpicp6auZW9Q17obe6eKprQYyTNrPCMia6aBKC6SM6gx1SoM1k4fo4XLFzBq7A/640?wx_fmt=gif|https://mmbiz.qpic.cn/mmbiz_gif/Ybpib5Sr9SmJXmicKTGRDibXQWVaOMpicp6apxibRnkK4Q6OE1Ez1WrKecqMpRtwVKG3u1TprB1gica0worRpnDSo45g/640?wx_fmt=gif|https://mmbiz.qpic.cn/mmbiz_gif/Ybpib5Sr9SmJXmicKTGRDibXQWVaOMpicp6aERjKM9EypnA07xOhYfZicOTIVjgibgVfaXic1LuGFbhTJv7sVf4Wxbcfw/640?wx_fmt=gif|https://mmbiz.qpic.cn/mmbiz_gif/tyf887u3VAFAQDibWxE4r8xK7onbSHM388bxz0EVHdnXkiafwyTMRAicnUKyKoOmlYgHLoiaHHUHLeFsQzoxWnYGVw/640?wx_fmt=gif|https://mmbiz.qpic.cn/mmbiz_gif/WpcHufd8FhnY2WbdkAjFxJYdp3yM0ezkc3iaicibdoJyxuU4M7bahNT1ERvusJdUibV0BjfE7df1LSmUnFKapEGVdQ/640?wx_fmt=gif|https://mmbiz.qpic.cn/mmbiz_jpg/Ybpib5Sr9SmJXmicKTGRDibXQWVaOMpicp6ap0R4zS56gHcDNusx8O6Picr3HceNt2CuLDBSkBmqtC0TTJKTKkPEKIg/640?wx_fmt=jpeg|https://mmbiz.qpic.cn/mmbiz_gif/WpcHufd8FhnY2WbdkAjFxJYdp3yM0ezkWkSon4fNEOYaF7nWUar1Vibvx7FTU8XsQs34DicN7I4tEeCH2pIN6MsA/640?wx_fmt=gif|https://mmbiz.qpic.cn/mmbiz_png/Ybpib5Sr9SmJXmicKTGRDibXQWVaOMpicp6a85CPUnj2gTaKFtcV3fDCoRHicib4y9EEStIYXX2GTXs8OpAkAJ3NTHfA/640?wx_fmt=png|https://mmbiz.qpic.cn/mmbiz_png/Ybpib5Sr9SmJXmicKTGRDibXQWVaOMpicp6aiaMXepEZ9upPib1WvzfgpwlSt63kjMdrb263UWj50akO0uiadzFWpEalg/640?wx_fmt=png|https://mmbiz.qpic.cn/mmbiz/17MiccsGRV0D2LfqIJGaG0SdOrQ3Ebl0BZmSDrMLia8x0UgcCzQDzkNrSuo7FfOQUkMbYHVvNYDtbv4YicqvaQl6w/640?|https://mmbiz.qpic.cn/mmbiz_jpg/6GEOWRGLndOya5bIT8uPeETomGMwZgM8vwiaGXxVnmL3oHTzEQwZnEVN2kEWKyvYO1udtxVic9r8mRrbetbBBaYQ/640?wx_fmt=jpeg]]></image>
</data>
