<data>
  <id><![CDATA[50238934]]></id>
  <url><![CDATA[https://mp.weixin.qq.com/s?timestamp=1539596440&src=3&ver=1&signature=Egrj350GoKY8-KUcIJshb*3JLoD4rd1u36KGybFsoZEJ6lbdUW1-EKLXtNY12ASQWqiZEvhnm8PIiGabOTpX*a3G6Nq-wsHZCO7jU4w6Lhv0SEybqpZwpZ9L57x2yWKaMqqayQwlLb1wJBLyYB4pe9Bft0vRKrcCeqMoeWFRSi8=]]></url>
  <title><![CDATA[延吉一女子遭陌生男子跟踪原因是…]]></title>
  <content><![CDATA[延边人点上方蓝字“延边事”快速关注来源：延边信息港/延边发布客户端]]></content>
  <author><![CDATA[延边事]]></author>
  <time>2018-10-12 19:30:00</time>
  <account><![CDATA[zds0433]]></account>
</data>
