<data>
  <id><![CDATA[50238934]]></id>
  <url><![CDATA[https://mp.weixin.qq.com/s?timestamp=1539596440&src=3&ver=1&signature=Egrj350GoKY8-KUcIJshb*3JLoD4rd1u36KGybFsoZEJ6lbdUW1-EKLXtNY12ASQWqiZEvhnm8PIiGabOTpX*b2DrWnwEl0UscMrY99aoZCQCCm7-H0pTdh-BbPRhcjKDa3iQaft5X0Zom9jVlXUjQA4EVKhTakfs6AW0FsOkfI=]]></url>
  <title><![CDATA[下周开始，延吉市将大片区停水！停电！提前做好准备]]></title>
  <content><![CDATA[延边人点上方蓝字“延边事”快速关注10月15日（星期一）早8时至晚17时，因我公司在北大区域进行管道施工，届时北大原州劳教所、劳教所住宅、北青路南侧区域、恒达花园、老警察学校及附近区域的用水户将受到停水或失压影响。请停水区域内用户提早做好蓄水工作，并将阀门关闭，避免因跑水带来损失。供水恢复期间因供水管道压力瞬间变化，会出现短暂水质混浊现象，用户适量放水后即可正常使用。因停水给用户用水带来的不便，延吉市水务集团有限公司深表歉意！相关咨询请拨打我公司客户服务热线：0433—2900110停电线路：4386中大线,4387面粉线停电原因：计划检修作业停电时间：2018年10月18日7时30分送电时间：2018年10月18日16时停送电涉及区域：【延吉市】延吉市东进街以东电厂街以西的爱丹路两侧居民及商铺、延吉市面粉厂。主要用户包括：龙华尚城、领域东城、秋韵雅苑、东珠家园、广厦新居、博雅小区、佰翠园小区、州电信公司、延边工业学校、延吉市市政工程公司、延边精神病医院、延边福利院、中共市委党校、弹药库、光进小区、州民政局、正阳小区、光进加油站、干休所、延吉市面粉厂停电区域：东新变电站10千伏东光线春光分线2号-11号停电原因：计划停电停电时间：2018年10月18日8时送电时间：2018年10月18日13时停电范围：吉林省（延吉市）小营镇东光村、新光村、东新村等范围内的用电客户停电区域：大成变电站10千伏工业线水务分线1号-11号停电原因：计划停电停电时间：2018年10月18日8时送电时间：2018年10月18日13时停电范围：吉林省（延吉市）小营镇白石净水厂等范围内的用电客户停电区域：河西变电站10千伏新化线53右1号-右3号停电原因：计划停电停电时间：2018年10月19日8时送电时间：2018年10月19日13时停电范围：吉林省（延吉市）小营镇仁坪村空军部队、恒祥房地产等范围内的用电客户停电区域：平安变电站10千伏兴专线1号-60号（包括各分支线），万源分线1号-12号（包括各分支线）停电原因：计划停电停电时间：2018年10月22日8时送电时间：2018年10月22日13时停电范围：吉林省【延吉市】依兰镇局子街以西、烟集河以东、延北路以北至兴安一队附近范围内的所有用电客户（包括兴安村、安全局、正阳房地产、瑞丰小区、警察公寓、万源房地产小区、水岸帝景、盺鑫小区、清水家园、畜牧开发小区、瑞丰房地产、杰园小区等）停电区域：平安变电站10千伏兴安线东兴分线天信分支线1号-18号。停电原因：计划停电。停电时间：2018年10月22日8时送电时间：2018年10月22日13时停电范围：吉林省【延吉市】依兰镇高地公园、苹果社区、天宇生态花园、龙兴花园、新星宇万城房地产、佳能热水有限公司等范围内所有用电客户停电区域：小营变电站10千伏小营乙线1号-61号（包括各分支线）。停电原因：计划停电。停电时间：2018年10月24日8时送电时间：2018年10月24日13时停电范围：吉林省【延吉市】小营镇小营村范围内所有用电客户。（包括山东华通路桥有限公司、延吉龙泉热水有限公司、延吉市东山汽车贸易有限公司、延吉市光明肉联厂、延吉天楹环保能源有限公司、中铁建大桥工程局集团第六工程有限公司、延吉经济开发区开发建设有限公司等）停电区域：10千伏新化线昊利分线2号-21号（包括各分支线）。停电原因：计划停电。停电时间：2018年10月24日8时送电时间：2018年10月24日13时停电范围：吉林省【延吉市】小营镇中心卫生院、昊利房地产、惠润小区、水岸新城、警苑小区等范围内用电客户请停电区域内的用户提前做好准备，如有疑问，可拨打电力服务热线：95598进行咨询]]></content>
  <author><![CDATA[延边事]]></author>
  <time>2018-10-13 19:58:43</time>
  <account><![CDATA[zds0433]]></account>
</data>
