<data>
  <id><![CDATA[50238934]]></id>
  <url><![CDATA[https://mp.weixin.qq.com/s?timestamp=1539596440&src=3&ver=1&signature=Egrj350GoKY8-KUcIJshb*3JLoD4rd1u36KGybFsoZEJ6lbdUW1-EKLXtNY12ASQWqiZEvhnm8PIiGabOTpX*TAj2jG*O00zCwsTU06jnKA97skr1KsZ*ZU8EDMG7ZKAzDcJp4Ziuc-pBxm-TE1WAyNJML3fyeXl9-YBWW0YfAA=]]></url>
  <title><![CDATA[绿地改成停车位小区业主意见不一]]></title>
  <content><![CDATA[延边人点上方蓝字“延边事”快速关注来源：延边信息港/延边发布客户端]]></content>
  <author><![CDATA[延边事]]></author>
  <time>2018-10-11 19:30:00</time>
  <account><![CDATA[zds0433]]></account>
</data>
