<data>
  <id><![CDATA[50238934]]></id>
  <url><![CDATA[https://mp.weixin.qq.com/s?timestamp=1539596440&src=3&ver=1&signature=Egrj350GoKY8-KUcIJshb*3JLoD4rd1u36KGybFsoZEJ6lbdUW1-EKLXtNY12ASQWqiZEvhnm8PIiGabOTpX*YUABjuGBF5QEXFjI6a84pua4eQ1jNGAZKqpG5srsOUSFqSXJtCzfxro3CNXlUcR8gIK4eA55uu7jcUKc7fCqkg=]]></url>
  <title><![CDATA[就问你服不服！中老年妇女当街拦车要钱，竟连...]]></title>
  <content><![CDATA[延边人点上方蓝字“延边事”快速关注]]></content>
  <author><![CDATA[延边事]]></author>
  <time>2018-10-08 19:30:00</time>
  <account><![CDATA[zds0433]]></account>
</data>
