<data>
  <id><![CDATA[50238934]]></id>
  <url><![CDATA[https://mp.weixin.qq.com/s?timestamp=1539596440&src=3&ver=1&signature=Egrj350GoKY8-KUcIJshb*3JLoD4rd1u36KGybFsoZEJ6lbdUW1-EKLXtNY12ASQWqiZEvhnm8PIiGabOTpX*b2DrWnwEl0UscMrY99aoZAAlRonl5d3iHUzVuRLgZtY*vd4b6HuRsXWwc3aLtqlLpfZIisH4t5gqqCYuMw29hQ=]]></url>
  <title><![CDATA[因狗叫影响睡眠交涉无果，男子刺杀邻居全家致三死一伤]]></title>
  <content><![CDATA[延边人点上方蓝字“延边事”快速关注昨晚21：29分，浙江宁波某小区邻居打架有人被砍，4人送医抢救。犯罪嫌疑人已被控制。今天03:35分，宁波高新区警方通过官方微博发布高新区蓝庭花园故意杀人案最新消息：犯罪嫌疑人因邻居家养狗常吠，影响其睡眠，多次交涉未果，心存积怨。]]></content>
  <author><![CDATA[延边事]]></author>
  <time>2018-10-13 19:58:43</time>
  <account><![CDATA[zds0433]]></account>
</data>
