<data>
  <id><![CDATA[50238934]]></id>
  <url><![CDATA[https://mp.weixin.qq.com/s?timestamp=1539596440&src=3&ver=1&signature=Egrj350GoKY8-KUcIJshb*3JLoD4rd1u36KGybFsoZEJ6lbdUW1-EKLXtNY12ASQWqiZEvhnm8PIiGabOTpX*YMZ8qHZlDrvAvNcW0LPUR-J7MhVAJw2f5mzJoIGFcIK-bdZ8pN3e8B4Pcf-cpX4hx0fwWs0NQf*glFfCsYJArM=]]></url>
  <title><![CDATA[全国百强县榜单发布，我省4县市上榜！]]></title>
  <content><![CDATA[延边人点上方蓝字“延边事”快速关注10月8日人民日报刊发了一则重要公告！2018年中国中小城市科学发展指数研究成果发布令人激动的是吉林省4个县市上榜拿下五项百强县称号！⬇⬇⬇2018年度全国综合实力百强县2018年度全国绿色发展百强县2018年度全国投资潜力百强县2018年度全国科技创新百强县2018年度全国新型城镇化质量百强县五项荣誉榜上有名！令人兴奋！傲娇！自豪！10月8日，中国中小城市科学发展指数研究课题组、中小城市发展战略研究院、中城国研智库等单位在《人民日报》以及中国中小城市网刊发了《2018年中国中小城市科学发展指数研究成果》，发布“2018年度全国综合实力百强县市”、“2018年度全国绿色发展百强县市”、“2018年度全国投资潜力百强县市”、“2018年度全国综合实力千强镇”等榜单。据悉，本次研究的评价对象界定为县级市、县和空间相对独立的市辖区，以及发展基础较好、具备“建市”条件的镇。值得一提的是在此次我省入选的五项榜单中延吉市获四项称号梅河口市获三项称号下面，就让我们一起看看具体榜单吧！2018年度全国综合实力百强县吉林延吉市（第68位）吉林梅河口市（第99位）2018年度全国绿色发展百强县吉林延吉市（第49位）吉林通化县（第99位）2018年度全国投资潜力百强县吉林磐石市（第56位）吉林梅河口市（第94位）2018年度全国科技创新百强县吉林延吉市（第66位）吉林通化县（第92位）2018年度全国新型城镇化质量百强县吉林延吉市（第55位）吉林梅河口市（第91位）秋天是收获的季节，吉林省的每一份收获都离不开大家的努力！让我们为获得荣誉的县市加油！为我们的家乡助威！共同携手向着高质量发展的目标奋进，创造更加美好的明天！来源：综合整理自人民日报]]></content>
  <author><![CDATA[延边事]]></author>
  <time>2018-10-09 19:39:24</time>
  <account><![CDATA[zds0433]]></account>
</data>
