<data>
  <id><![CDATA[50238934]]></id>
  <url><![CDATA[http://mp.weixin.qq.com/s?__biz=MzUxMTAyOTM3MA==&mid=2247490183&idx=5&sn=092fa422143997a6a289db0dca874812&chksm=f978a392ce0f2a84419e04a5a5d54ecb5f649c6d01affd2c659fe39e8f589d833f274ac49c4b&scene=27#wechat_redirect]]></url>
  <title><![CDATA[辽宁两越狱逃犯被抓获现场画面曝光其中一个逃犯仍身穿警服]]></title>
  <content><![CDATA[延边人点上方蓝字“延边事”快速关注10月5日上午9时许，平泉市公安局4名辅警在执行紧急抓捕凌源第三监狱两名越狱逃犯任务的途中发生车祸，2名辅警殉职，2名辅警受伤 10月6日13时45分许两越狱逃犯已双双被抓三次越狱罪犯张贵林亲属：从小偷惯了 村里人都怕他辽宁越狱罪犯王磊：倒过貂皮当过兵 谁撺掇就跟谁干关注我们查看后续视频]]></content>
  <author><![CDATA[延边事]]></author>
  <time>2018-10-07 21:33:39</time>
  <account><![CDATA[zds0433]]></account>
</data>
