<data>
  <id><![CDATA[50238934]]></id>
  <url><![CDATA[https://mp.weixin.qq.com/s?timestamp=1539596440&src=3&ver=1&signature=Egrj350GoKY8-KUcIJshb*3JLoD4rd1u36KGybFsoZEJ6lbdUW1-EKLXtNY12ASQWqiZEvhnm8PIiGabOTpX*TLwA1yGMnlEH*EGp8WZR7l6WL3Gbl6GFfGgNSojCGc8J*Q5LaIP1VsB*Ysoys1FqsKAdjU-i72OpwYLXuHhOXY=]]></url>
  <title><![CDATA[吉林冰雪耀京城！延边旅游再发力！]]></title>
  <content><![CDATA[延边人点上方蓝字“延边事”快速关注2022年北京冬奥会来临之际，吉、京两省市积极推进经济文化旅游方面的深度合作。10月12日，由吉林省旅游发展委员会主办、新浪吉林承办的“冬奥在北京 体验在吉林”旅游主题推介会在北京启幕。10月13日，延边推介团为到场的领导、嘉宾及北京市民献上了一场精彩的延边旅游魅力秀，将延边旅游特色、冰雪、美食等通过盛会展现给全世界。推介期间，延边推介团共发放宣传册、折页等宣传品1万余份。延伸阅读：明星大咖助阵推介会10月12日，刘烨、张晓龙、李玉刚三位吉林籍明星大咖前来助阵，推介吉林冰雪旅游产业，为家乡圈粉、助威。现场观众在三位大咖的介绍中，真正的体味到吉林的“冬之景”“冬之乐”“冬之情”。重磅消息：“冰雪令”惠民利民“冬奥在北京·体验在吉林”旅游主题推介会上发布了吉林旅游“冰雪令”，包含土地政策、扶持政策、奖励政策、惠民政策等7项务实举措，诚邀全国各地朋友来吉林投资兴业、赏冰玩雪。1.“土地政策”，凡投资乡村旅游项目，符合各类规划的，可实现“点状供地”；凡投资文化旅游项目，可采取先租后让的方式取得土地使用权；不属于永久性建筑的项目，只要与原土地使用人协商一致后，可直接建设项目，不需办理建设用地手续。2.“冰雪英雄榜”，凡对吉林冰雪旅游做出突出贡献的旅行社，给予最高50万元资金支持。3.吉林旅游“扩音”行动，凡能够在当地主流媒体上独立刊发吉林省旅游资源+产品专题广告，且年度宣传费用累计超过10万元的旅行社企业，均可获得实际费用30%的资金补贴。4.“包机奖励”，凡旅游企业开通吉林旅游目的地包机，给予每班万元奖励，其中开通直飞长白山的吉林旅游目的地包机，给予每班2万元奖励。5.“长白山惠民五条”，半年免费游，欢乐冰雪季，每年11月1日至次年4月30日，国内外游客进长白山景区免门票。全年，一票游两坡，一票游三天。6.“全家住酒店，顶级雪场免费体验”，入住万科松花湖旅游度假区、北大壶滑雪度假区、长白山国际度假区，免费体验中国顶级滑雪场，享受“冰雪直通车”。7.“诚信·回家”，凡一般旅游投诉24小时内受理，7个工作日内处理完毕，打造诚信旅游形象。“吉人有约全民做冬”这是一份邀约，也是一份承诺更是一份期许！延边乘此东风广邀四海宾朋，畅游延边，爱上延边！来源：延边旅游及综合]]></content>
  <author><![CDATA[延边事]]></author>
  <time>2018-10-14 19:35:41</time>
  <account><![CDATA[zds0433]]></account>
</data>
