<data>
  <id><![CDATA[50238934]]></id>
  <url><![CDATA[https://mp.weixin.qq.com/s?timestamp=1539596440&src=3&ver=1&signature=Egrj350GoKY8-KUcIJshb*3JLoD4rd1u36KGybFsoZEJ6lbdUW1-EKLXtNY12ASQWqiZEvhnm8PIiGabOTpX*SKuwO*3059d*DmQElQyTtK8plSBRKcFZhp2X3tycx5WrlsrNETr34Bzix0n53vXq04fu5ou8uPO*nsgLHhOtvA=]]></url>
  <title><![CDATA[@游客们注意了！从今天起，国庆假期返程模式开启]]></title>
  <content><![CDATA[延边人点上方蓝字“延边事”快速关注今天是国庆假期的第五天。国庆假期前四天，全国接待国内游客5.02亿人次，实现国内旅游收入4169亿元，同比增长双双达到8%以上。太行山、长白山等多处热门景区，客流基本都达到极值，采取限流措施。]]></content>
  <author><![CDATA[延边事]]></author>
  <time>2018-10-05 19:30:00</time>
  <account><![CDATA[zds0433]]></account>
</data>
