<data>
  <id><![CDATA[50238934]]></id>
  <url><![CDATA[https://mp.weixin.qq.com/s?timestamp=1539596440&src=3&ver=1&signature=Egrj350GoKY8-KUcIJshb*3JLoD4rd1u36KGybFsoZEJ6lbdUW1-EKLXtNY12ASQWqiZEvhnm8PIiGabOTpX*Ubf5qG74XH0IgDzJtok3mjc9mGXOL-H3tAwltubEUNr3*pOySEzHCCnI3O9WXUYVdLqCB1r4j2Ax5g9cpNhqA0=]]></url>
  <title><![CDATA[央视新闻联播头题位置播发了新闻《东北振兴》]]></title>
  <content><![CDATA[延边人点上方蓝字“延边事”快速关注刚刚央视新闻联播在头题位置播发了新闻《东北振兴：多措并举推进农业现代化》再次关注东北振兴，小编好激动啊，赶紧来看！！]]></content>
  <author><![CDATA[延边事]]></author>
  <time>2018-10-10 19:30:00</time>
  <account><![CDATA[zds0433]]></account>
</data>
