<data>
  <id><![CDATA[50238934]]></id>
  <url><![CDATA[https://mp.weixin.qq.com/s?timestamp=1539596440&src=3&ver=1&signature=Egrj350GoKY8-KUcIJshb*3JLoD4rd1u36KGybFsoZEJ6lbdUW1-EKLXtNY12ASQWqiZEvhnm8PIiGabOTpX*SKuwO*3059d*DmQElQyTtIG*6TkWCgjAGsTuUSlSt*Bzn5BE0*Pb3qCcdRgrNVnSYa2eY6IZr8Tp6DVf3Fe1OM=]]></url>
  <title><![CDATA[开豪车美女在电梯内做那种事……监控调出后，恶心了！]]></title>
  <content><![CDATA[延边人点上方蓝字“延边事”快速关注]]></content>
  <author><![CDATA[延边事]]></author>
  <time>2018-10-05 19:30:00</time>
  <account><![CDATA[zds0433]]></account>
</data>
