<data>
  <id><![CDATA[50238934]]></id>
  <url><![CDATA[https://mp.weixin.qq.com/s?timestamp=1539596440&src=3&ver=1&signature=Egrj350GoKY8-KUcIJshb*3JLoD4rd1u36KGybFsoZEJ6lbdUW1-EKLXtNY12ASQWqiZEvhnm8PIiGabOTpX*a3G6Nq-wsHZCO7jU4w6LhuENsNaMTCV0r5fCOrRY2N*61GOMA5kfyFEjsmX-0J*kDCVhVAmL87k8Ln2-pjo7gg=]]></url>
  <title><![CDATA[他欺身而上：宝贝，乖，叫老公！]]></title>
  <content><![CDATA[第1章 我要你娶我江亦琛是夜里回来的。彼时顾念正在睡觉，窗外一道惊雷滚过，她瞬间清醒过来，紧接着便听到卧室外面传来凌乱的脚步声。心中一凛，顾念还没来得及作出反应，“啪”得一声，大灯的开关就被人按了下去。室内骤亮，顾念立即闭上眼睛，等到睁开眼的时候，男人已经走到了她的床边。江亦琛居高临下，极其淡漠地看着顾念，那双眸子中透露出的烦躁和厌恶怎么都掩饰不住。他怎么这个时候回来了，不是应该在和那个什么明星夏晚晚在国外度假么？顾念对上他毫无温度的眼眸，语调颇有些紧张：“你……怎么回来了？”“呵……”话音刚落就听到男人一声冷哼，随即他欺身而上，直接将顾念压倒，隔得近了，他身上浓重的酒气和从骨子里透出的戾气让顾念心生恐慌，下意识就要把他往外推。很快，她的两只手就被江亦琛固定住，男人伸出一只手，捏住她的下巴，目光直直对着她。顾念可以很肯定的是，他喝醉了并且神志很不清楚，那双微微眯起的眼眸通红，毫无焦距，看起来是在看她，其实目光很是空洞。这样的对视持续了足足有十秒，江亦琛闭上眼睛，唇角勾起，似乎在笑，然后他薄唇微启：“昕薇！”这不是第一次他在她面前提别的女人的名字，结婚半年，他回来的次数屈指可数，回来了也去隔壁睡，完全把她当成空气。不过无所谓，这样有钱帅气帮她妈付医疗费的好老公去哪找？所以顾念在一瞬间的呼吸停滞之后，神色恢复如常，平静开口：“我是顾念！”顾念这两个字传到江亦琛耳膜里面，他怔了怔，脑海里面一瞬间回想的是那天她光着身子站在他面前说：“我不要钱，我要你娶我，不然……我会告你性侵！”冷笑了一声，男人伸手捏住顾念的下巴：“顾念！我才几个月没回来，你就耐不住寂寞一个电话接一个电话打过来，想要我回来睡你？”他动作利落地褪下自己的衣服，粗暴而又蛮不讲理。看着她的眼睛没有丝毫情感，唯有如寒潭一般的幽冷，顾念被彻底吓坏了，她下意识就挣扎着：“别这样，你喝醉了，清醒点！”喝醉了酒的江亦琛有多可怕她是知道的，那晚的记忆蓦然涌到脑海里，这个男人将她压在身下，一遍又一遍翻来覆去的折腾，中途停下的时候还问她舒不舒服，非逼着她叫出声来。想到这里，顾念忍不住打了个哆嗦。“我很清醒！”男人的嗓音沙哑，他唇边的笑容讽刺又冷漠：“玩欲擒故纵的把戏，我满足你！”说完动作迅速扯掉她最后一道屏障。“啊……疼”顾念的眼睛瞬间睁大，眼眶之中聚满了泪水，她声音哽咽：“疼……轻……轻一点。”“疼？”江亦琛像是听到了什么好笑的笑话一样，语气讥讽无比：“这不就是你想要的吗，当初给我下药爬上我的床的时候怎么不喊疼呢？”第2章 她喜欢他顾念痛得额头布满汗水，手指紧紧捏住身下的床单，听了他的话之后，唇角动了动，想要解释但是却发现自己筋疲力尽到说不出话来。那天的错误不是她设计的，她也受害者，只不过事后她威胁江亦琛要他娶自己，一是她妈妈躺在ICU里面需要钱，另一方面是因为……她喜欢他!这是她藏在内心深处的秘密，因为自卑，从来没有对任何人说过。但是在江亦琛眼里，她就是个为了钱不择手段的心机婊，一向不受人威胁的他竟然答应了，为的就是看看顾念到底能玩出什么花样来。身上的男人铁了心的折磨她，刻意用了极大的力气，说出的话一句比一句刻薄，顾念咬着牙承受不让自己发出一点声音。不知道过了多久，这场单方面的折磨与发泄才停止，结束之后，顾念已经完全没有力气动弹了，她听着外面前淅淅沥沥的雨声，有什么从眼角顺势落下。…………阳光透过浅蓝色的水波纹窗帘透了进来，顾念动了动便感到全身酸痛像是要散架了一样，足以证明江亦琛昨晚有多用力，她挣扎着起身，揉了揉发酸的腰部，然后去了浴室。等她洗漱完毕下楼的时候，发现男人正坐在餐厅优雅地用着早餐。虽然不想去面对这个男人，但是早餐还是要吃的，所以她面无表情挪过去，小声推开椅子，拿起一片面包慢慢抹着果酱。两个人彼此沉默，气氛安静地有些诡异。“叮咚”一声，有信息进来的声音在这种氛围下只显得有些突兀。对面的江亦琛有些不悦地抬起脸看了一眼她，大概是嫌弃她吵到他了。顾念急忙拿起搁在餐桌上的手机，“抱歉，忘了按静音。”她打开微信，是好闺蜜秦可遇的信息：“念念，今晚的晚会别忘了啊，穿好看点，带你去认识一票小鲜肉！”顾念看了一眼坐在对面优雅俊逸的男人，抿了抿唇，编辑道：“姓江的回来了，可能今晚去不了。”她退出微信，忽然界面又弹出来一条推送。标题极为醒目——“新晋影后夏晚晚爆出神秘男友，疑为商业圈重要人士。”顾念握着手机，感觉手心被烫了一下。但是她还是按耐不住好奇点了进去。夏晚晚前年才出道，本来名不见经传，可是今年竟然在国外著名电影节上大爆冷门拿回个影后。这下她一下火了，有人说她被有钱人包养了，有人说她是被导演潜规则了。但是这都改变不了她是影后的事实。那几张偷拍的照片，没有一张拍到男人的正脸，只留一个挺拔的背影留人遐想。但是顾念还是一眼就认出了这个男人就是江亦琛，先不说那背影异常熟悉，就是局部放大图里面的那块造型独特的腕表，全球仅那么一块，现在正带在江亦琛的手上。顾念抬头瞥了一眼对面正拿着牛奶杯喝牛奶的男人，袖口露出那块独一无二的腕表，微微的，竟有些刺目。她低下头，盯着那几张照片有些出神。“看什么呢？”头顶男人的声音冷不丁响起。顾念抬起头，佯装镇定地冲他笑了笑，放下手机拿起杯子喝牛奶。忽然就听到他说：“拍成那样，难得你还能认出来。”第3章 我的事你不要多管顾念差点没把嘴里的牛奶全喷出来。这男人的眼睛是什么做的，还是太会猜别人的心思？她的脸上一阵心虚，红白交错尴尬到不行。江亦琛放下手中的勺子，唇边勾着淡淡笑意：“怎么？你不高兴？”顾念顿时一愣，连忙抬起头笑得一脸真诚：“没有没有，夏晚晚挺漂亮的，演技也好，下次有机会帮我要签名。”江亦琛冷哼了一声没有说话。正在这时，他搁在茶几上的手机铃声响了。江亦琛一个眼神示意过来，顾念急忙站起身跑过去帮他把手机拿过来。来电显示那三个字“夏晚晚”让她的脚步有些凝滞，大早上就给他打电话，呵！但是她还是装作很淡定的样子，一脸微笑：“夏小姐的电话。”江亦琛淡淡应了一声，从她手里接过手机划开接听键。夏晚晚的声音娇媚而又温柔：“亦琛，晚会你还过去吗？”“嗯，我待会儿过去。”江亦琛挂了电话，视线向她投过来，淡淡开口：“待会我要出去。”顾念心里想的是太好了，但是脸上的表情还是尽量克制，她咬紧了下嘴唇想了想，问了句：“那你今晚还回来吗？”江亦琛目光极为犀利地在她身上流转了一会，没有接话，而是递给顾念一张银行卡：“卡里有十万，当做昨天的补偿，还有，我的事，你不要多管！”这是什么意思，还给她钱，这是把她当成鸡吗，顾念深深感觉到自己被侮辱了，但是在钱面前，自尊什么的，她不能考虑，所以她抿唇，说了句谢谢，准备伸手去接。江亦琛极其嫌弃地看了她一眼，然后手后扬，将卡朝地上扔过去，走了。顾念气得发抖，站在原地愣了好久，直到听到玄关处传来关门身才回过神来，蹲在地上将卡捡起来，江亦琛可真是毫不余力地羞辱她，当初他答应她的要求娶她也是为了更好的羞辱吧！直到在地上蹲的腿彻底麻了，顾念才站起身来，她的眼眸里面一片泪水，如果可以她也不想这样，她也想有尊严有自由有理想地活着，可是医院那天价的医疗费告诉她认清现实，所以不管江亦琛怎么对她，她都忍了。也许有一天，他厌倦了，或者他一生所爱回来了，那么这场类似游戏的荒唐婚姻便可以结束了。临近傍晚，顾念在衣帽间翻了一阵子才找到一条湛蓝色的长袖仙女裙，遮盖度很高，把她身上的青紫痕迹差不多遮住了，至于脖子上的红痕，就当是被蚊子咬了吧！她将裙子装进手提袋的时候，秦可遇的车也到了楼下了。秦可遇开了一辆红色的英菲尼迪到了顾念住的高档小区楼下，见到顾念忍不住一阵吐槽：“你们小区那保安可真严格，非得要我把车停下给他们看一下证件才让我进来。”星河雅苑是A市房价最高的小区，是江城集团旗下开发的，而江城集团的首席CEO就是江亦琛。一直以来，江亦琛都像是神话般的人物活在顾念的青春里，他比她大五岁，两人曾经一个学校，有过不深不浅的交集，顾念喜欢他很长时间，从开始到现在，整整十年。第4章 她算什么那个时候江亦琛有个青梅竹马在外国语学校读书，叫慕昕薇，复星集团的千金，江亦琛的父亲位高权重，两个人门当户对，这也是顾念自卑的原因，毕竟她一无所有。可是在江亦琛十八岁那年，他父亲因为贪污入狱被判死刑，他消失了很长很长一段时间，后来重新出现在大众眼前的时候已经是A市商界新贵。她以为两人这一生再无交集，可是那晚她在酒店兼职醒来发现床上的男人是江亦琛的时候，才明白什么叫做命运的捉弄。顾念一直沉浸在过往的思绪中，秦可遇看她神色不太对劲，皱了眉问道：“江总裁怎么刚回来又出去了？”“他很忙。”“呵，那你也不管着点，瞧给他惯得。”顾念笑了笑：“秦大小姐，您可真看得起我，我有资格管吗？”她算什么，妻子？江亦琛能给她钱垫付医药费已经是很仁慈了，她从来不奢望别的。“那你就这样忍着吗？”“不然呢？”顾念挑着眉反问。“也是！”秦可遇摇了摇头：“你俩关系不对等，你也不敢管他，哎……你还是好好挣钱吧！工作有眉目了吗？”“还在面试！”秦可遇开车到了丽宫酒店停车场，带着顾念在订好的房间里面换了衣服，两人乘坐电梯直接上了顶楼。顾念穿着脸上未施粉黛，只有唇上抹了一抹淡红，她只是想给秦可遇做个衬托的，但是这并不能掩盖她的美和气质。秦可遇拍了拍她的手嘱咐道：“待会儿进去跟紧我，别丢了啊！”她瞧着顾念精致的脸，笑了笑：“不知道你得吸引多少男人的目光。”顾念掀着眼皮看着秦可遇，抿唇一笑：“秦大美人，这话应该我对你说。”从小到大，秦可遇都是最为明艳动人吸人眼光的美貌代言人，走到哪里都有男人前仆后继献殷勤，可是她眼光极高，毕竟秦家在A市也是名门望族。看上秦可遇的男人不在少数，但是却没有人抱得美人归。秦可遇的眼光顿时黯淡了下来。四年前，美国那场意外，让她对男人从此失去了兴趣。两个人进场后，晚会还没正式开始，估计还有什么重要人物没有到齐。秦可遇四处瞄了一下，突然看到最近超级火的小鲜肉言非泽就在前面，她急忙拉着顾念的手：“看，你喜欢的小鲜肉就在前面，赶紧去要个签名，合张影。”这次晚会是导演闻名新电影《旅途》的杀青晚宴。言非泽作为男主角自然到场，在特定灯光的某种角度下，他很像顾念的一个故人，那段迷茫昏暗岁月里唯一能说上话的人，在她心里甚至是超越友情达到亲情的存在，但是最后他却不告而别，从她的世界彻底消失。在秦可遇的怂恿下，顾念鼓起勇气，踩着小高跟鞋，快步走到言非泽面前，拿出手机，露出一个明媚的笑容：“大明星，我们可以合张影吗，我绝不外传。”能来这里的人肯定经过严格检查还有一定的身份背景的，所以言非泽也不好意思拒绝。而且眼前这位年轻的姑娘长发挽起，黑眸清澈，精致又美丽。向来美女的请求就很难让人拒绝。言非泽微微一笑，“可以。”就在顾念按下快门的那一刹那，她听到人群一阵唏嘘，仿佛来了什么不得了的人物。所有人的视线都抬起来，落向了宴会大厅大门的方向。微信篇幅有限，更多精彩内容请点击下方【阅读原文】↓↓↓↓↓]]></content>
  <author><![CDATA[延边事]]></author>
  <time>2018-10-12 19:30:00</time>
  <account><![CDATA[zds0433]]></account>
</data>
