<data>
  <id><![CDATA[50238934]]></id>
  <url><![CDATA[https://mp.weixin.qq.com/s?timestamp=1539596440&src=3&ver=1&signature=Egrj350GoKY8-KUcIJshb*3JLoD4rd1u36KGybFsoZEJ6lbdUW1-EKLXtNY12ASQWqiZEvhnm8PIiGabOTpX*a3G6Nq-wsHZCO7jU4w6LhtF5pgJfWiHEjyyE7-h-orn47WHzvPCdVNHNSBCMdWimOYYucMerMOafUyp2OA02k4=]]></url>
  <title><![CDATA[我州开通食品药品微信投诉举报平台有机会领取最高8万元奖励]]></title>
  <content><![CDATA[延边人点上方蓝字“延边事”快速关注10月12日，延边州12331食品药品微信投诉举报平台正式上线，标志着我州食品药品投诉举报工作进入了互联网+时代。今后市民可以通过手机微信随时举报身边的食品药品安全违法行为，方便且高效，更有机会领取最高8万元的投诉举报奖励。微信投诉举报平台使用方法：广大市民在举报前，请首先关注“食安延边”微信公众号，点开屏幕下方的“投诉举报”一栏，可看到投诉举报须知，点击“同意并举报”进入投诉举报平台界面，将发现的食品、药品、医疗器械、保健品、化妆品领域涉嫌违法行为、地址等信息填写完整，同时上传照片作为佐证材料，点击提交即可完成投诉举报。举报中心工作人员将每天按时监看举报平台，在接到举报信息后，属于咨询类问题的，将通过微信平台及时回复举报人；属于查办类的信息，工作人员将按照常规程序办理。该“投诉举报平台”的应用，使食品药品投诉举报操作更简单，互动更简便，举报工作更加快捷高效。今后，延边州食品药品监督管理局将以“解决公众诉求，打击违法犯罪，保障食药安全”为目标，鼓励公众更加积极地参与到食品药品安全投诉举报工作中来，全力推进食品药品社会共治，助推我州“创城”工作稳步开展。来源：延边信息港]]></content>
  <author><![CDATA[延边事]]></author>
  <time>2018-10-12 19:30:00</time>
  <account><![CDATA[zds0433]]></account>
</data>
