<data>
  <id><![CDATA[50238934]]></id>
  <url><![CDATA[https://mp.weixin.qq.com/s?timestamp=1539596440&src=3&ver=1&signature=Egrj350GoKY8-KUcIJshb*3JLoD4rd1u36KGybFsoZEJ6lbdUW1-EKLXtNY12ASQWqiZEvhnm8PIiGabOTpX*a3G6Nq-wsHZCO7jU4w6Lhv9FvA*A7q6h9tgbp-OLLYE0gMq22n94NGukOoOq0ELpcGyoMTa1IhzSK39qQ0jznk=]]></url>
  <title><![CDATA[延吉今日开始供热！珲春、汪清、安图的供热时间是...]]></title>
  <content><![CDATA[延边人点上方蓝字“延边事”快速关注随着一场雨夹雪，我州大幅度降温，最低气温已经降到了零摄氏度，屋里屋外没有暖和的地方，人们非常关心，今年能不能提前开栓供热啊？珲春——10号开始供热珲春已于10月10号零点开栓供热，也是我州最早开始供热的县市。延吉市——12号启炉供热记者从相关部门了解到，今天（10月12号），延吉各大供热企业将陆续开栓供热。经过2天左右的循环，广大市民将于10月15号左右感受到温暖。安图——预计15号供热安图县集中供热工程已完成，于10月5号到20号逐一对各机关单位、学校、住宅供暖管道注水打压，预计15号左右供热。汪清——15号开始供热今年，汪清县供热总面积为313万平方米，总用户为35400户。汪清县住建局热燃管理中心加大了供热监管力度，各供热企业在积极购煤储煤运煤，保证供热期间用煤需求。和龙、龙井、敦化——计划20号供热部分内容来源：延边交通文艺广播]]></content>
  <author><![CDATA[延边事]]></author>
  <time>2018-10-12 19:30:00</time>
  <account><![CDATA[zds0433]]></account>
</data>
