<data>
  <id><![CDATA[50238934]]></id>
  <url><![CDATA[https://mp.weixin.qq.com/s?timestamp=1539596440&src=3&ver=1&signature=Egrj350GoKY8-KUcIJshb*3JLoD4rd1u36KGybFsoZEJ6lbdUW1-EKLXtNY12ASQWqiZEvhnm8PIiGabOTpX*dWfapL-ZO43KyJiwHEg6IKImDWCL3ARH6TnoN1Rwrd9vcHpWR8RjJeLbfTuEAgWY7Q7dsk3qqMalu8jwEoTlXA=]]></url>
  <title><![CDATA[永远别和开面包车的装逼，鬼知道会从车上下来多少个人！]]></title>
  <content><![CDATA[延边人点上方蓝字“延边事”快速关注]]></content>
  <author><![CDATA[延边事]]></author>
  <time>2018-10-06 23:22:39</time>
  <account><![CDATA[zds0433]]></account>
</data>
