<data>
  <id><![CDATA[50238934]]></id>
  <url><![CDATA[https://mp.weixin.qq.com/s?timestamp=1539596440&src=3&ver=1&signature=Egrj350GoKY8-KUcIJshb*3JLoD4rd1u36KGybFsoZEJ6lbdUW1-EKLXtNY12ASQWqiZEvhnm8PIiGabOTpX*dWfapL-ZO43KyJiwHEg6IKbUMuHd3TSlX7NGX454PZvMvwLhHprQCgrHOcvE92EZ4V10hDi1-ZKyxeHh7W9uTM=]]></url>
  <title><![CDATA[妈妈爱上同学儿子，当众求婚！]]></title>
  <content><![CDATA[延边人点上方蓝字“延边事”快速关注]]></content>
  <author><![CDATA[延边事]]></author>
  <time>2018-10-06 23:22:39</time>
  <account><![CDATA[zds0433]]></account>
</data>
