<data>
  <id><![CDATA[50238934]]></id>
  <url><![CDATA[https://mp.weixin.qq.com/s?timestamp=1539596440&src=3&ver=1&signature=Egrj350GoKY8-KUcIJshb*3JLoD4rd1u36KGybFsoZEJ6lbdUW1-EKLXtNY12ASQWqiZEvhnm8PIiGabOTpX*YUABjuGBF5QEXFjI6a84pvDl54ojUgBBuTC2mldHmdoiVYNIEvXWEJzat3-URpcpJkvOs0Hr184lHLBXn7tFAk=]]></url>
  <title><![CDATA[国庆期间，延吉高铁、机场发送旅客创新高]]></title>
  <content><![CDATA[延边人点上方蓝字“延边事”快速关注10月7日延吉高铁站发送旅客4.8万 创单日最高纪录记者从中国铁路沈阳局集团有限公司延吉车务段获悉，9月30日至10月7日，延吉车务段累计发送旅客34万人次，其中管内高铁站发送旅客28.4万人次。自10月3日起连续5天突破4万人次，其中10月7日达到4.8万人次，刷新单日旅客发送量最高记录。“十一”黄金周期间，长珲高铁旅游客流持续火爆。沈阳局集团公司加开延吉西至长春、珲春至济南西等高峰线列车5对，增开延吉西至长春等周末线列车2对，安排18趟动车组列车重联运行，全力满足旅客的出行需求。国庆节期间 延吉机场发送旅客3万余人次黄金周期间延边州天气以晴天为主，不少旅客选择乘坐飞机出行。日前，记者从延吉机场了解到，根据初步统计，10月1日至7日，延吉机场完成旅客吞吐量32323人次，运输起降260架次，货邮98.2吨，假日期间机场运行平稳有序。据了解，十一黄金周期间，延吉机场完成旅客吞吐量32323人次，同比增加6.35%，运输起降260架次，同比增加19.27%，货邮98.2吨，同比增加43.99%;国内旅客吞吐量19870人次，同比增加15.10%，占比61.47%;国际旅客吞吐量12453人次，同比减少5.16%，占比38.53%。本年累计完成旅客吞吐量1207412人次，同比增加7.94%，运输起降9775架次，同比增加8.31%，货邮吞吐量4179.9吨，同比减少12.44%;其中，国际旅客吞吐量515406人次，同比增加2.44%，占比42.69%;国内旅客吞吐量692006人次，同比增加12.44%，占比57.31%。来源：延吉新闻网  部分文字转自中国吉林网]]></content>
  <author><![CDATA[延边事]]></author>
  <time>2018-10-08 19:30:00</time>
  <account><![CDATA[zds0433]]></account>
</data>
