<data>
  <id><![CDATA[50238934]]></id>
  <url><![CDATA[https://mp.weixin.qq.com/s?timestamp=1539596440&src=3&ver=1&signature=Egrj350GoKY8-KUcIJshb*3JLoD4rd1u36KGybFsoZEJ6lbdUW1-EKLXtNY12ASQWqiZEvhnm8PIiGabOTpX*SKuwO*3059d*DmQElQyTtKThHychaaf8XHBqXOx0MOvLcCETC-k4O5ctUZjxpTCg3NLD466XJsNyMnB-xF1qhU=]]></url>
  <title><![CDATA[我国年纪最小的女死刑犯：只为了男友一句不会实现的承诺]]></title>
  <content><![CDATA[延边人点上方蓝字“延边事”快速关注]]></content>
  <author><![CDATA[延边事]]></author>
  <time>2018-10-05 19:30:00</time>
  <account><![CDATA[zds0433]]></account>
</data>
