<data>
  <id><![CDATA[50238934]]></id>
  <url><![CDATA[https://mp.weixin.qq.com/s?timestamp=1539596440&src=3&ver=1&signature=Egrj350GoKY8-KUcIJshb*3JLoD4rd1u36KGybFsoZEJ6lbdUW1-EKLXtNY12ASQWqiZEvhnm8PIiGabOTpX*dWfapL-ZO43KyJiwHEg6IKhnfHYQwajsG4nS96sfgXy8hlfxEZhGzRIxJ7g3Ztxu4uLzKWsiiWlcOn6CfM8E6k=]]></url>
  <title><![CDATA[正片来啦！央视《唱响新时代》延边专场精彩纷呈超好看~]]></title>
  <content><![CDATA[延边人点上方蓝字“延边事”快速关注新时代，新变化10月5日《唱响新时代》播出延边专场带领观众看朝鲜族风情，唱新时代风采完整视频↓↓↓延边坐落于长白山脉，这里有山皆绿，有水皆清，是举世公认的天然大氧吧，也是中国最大的朝鲜族聚居区。长期以来，延边以长吉图开发开放为先导，全面推进全域旅游发展。这里交通便利，有12个开放口岸；这里旅游资源丰富，有长白山自然保护区、千里图们江畔的自然景观、“一眼望三国”的防川边境风光，还有独特的民俗风情、冰雪风韵，全球视线为之聚焦。此次，《唱响新时代》走进延边，拥抱多情山水，看见最美音乐。节目的主会场设在延吉市中心，分会场选在位于延吉市的北山街道和有着“东方第一村”美誉的珲春市防川村。节目组在载歌载舞的同时，与社区居民欢度“邻居节”，交流文化、拿出美食，话亲情，结友谊，还在风景秀丽的防川村领略了中国朝鲜族传统文化的无穷魅力。《唱响新时代·国庆特辑》10月7日19：30，央视音乐频道（CCTV-15）将现场直播《唱响新时代·国庆特辑》，届时，延边将与武汉等4个城市同台演出，并进行现场推介。“央视音乐”客户端将同步直播。记得收看哦~来源：延边发布]]></content>
  <author><![CDATA[延边事]]></author>
  <time>2018-10-06 23:22:39</time>
  <account><![CDATA[zds0433]]></account>
</data>
