<data>
  <id><![CDATA[50238934]]></id>
  <url><![CDATA[https://mp.weixin.qq.com/s?timestamp=1539596440&src=3&ver=1&signature=Egrj350GoKY8-KUcIJshb*3JLoD4rd1u36KGybFsoZEJ6lbdUW1-EKLXtNY12ASQWqiZEvhnm8PIiGabOTpX*SKuwO*3059d*DmQElQyTtKchIxQkOILKBZNIgbaOndRRiK3tsecpFeqAXa8PViKYp87SEDLW5YirWeiRD*j97w=]]></url>
  <title><![CDATA[还记得16年前的“刘晓庆逃税案”吗？她出狱后跌到谷底，在横店跑龙套]]></title>
  <content><![CDATA[延边人点上方蓝字“延边事”快速关注]]></content>
  <author><![CDATA[延边事]]></author>
  <time>2018-10-05 19:30:00</time>
  <account><![CDATA[zds0433]]></account>
</data>
