<data>
  <id><![CDATA[50238934]]></id>
  <url><![CDATA[https://mp.weixin.qq.com/s?timestamp=1539596440&src=3&ver=1&signature=Egrj350GoKY8-KUcIJshb*3JLoD4rd1u36KGybFsoZEJ6lbdUW1-EKLXtNY12ASQWqiZEvhnm8PIiGabOTpX*a3G6Nq-wsHZCO7jU4w6LhuZI-S5BJvkWltJYySkxbqPwFUHUQELBulVPPphq9-Sg-84rU3S1Y6vm6ZOs5*JUss=]]></url>
  <title><![CDATA[各国妹子被撩裙子反应，东北妹子厉害了]]></title>
  <content><![CDATA[延边人点上方蓝字“延边事”快速关注]]></content>
  <author><![CDATA[延边事]]></author>
  <time>2018-10-12 19:30:00</time>
  <account><![CDATA[zds0433]]></account>
</data>
