<data>
  <id><![CDATA[50238934]]></id>
  <url><![CDATA[https://mp.weixin.qq.com/s?timestamp=1539596440&src=3&ver=1&signature=Egrj350GoKY8-KUcIJshb*3JLoD4rd1u36KGybFsoZEJ6lbdUW1-EKLXtNY12ASQWqiZEvhnm8PIiGabOTpX*TLwA1yGMnlEH*EGp8WZR7lpDHhGl76n354uwt7tqveGuEMkbvQzAT4ZvWSzh0naYvvNoCszyPO6mggPyxuWoGk=]]></url>
  <title><![CDATA[21:15！央视《乐游天下—延边欢歌》今晚献映，精彩别错过！]]></title>
  <content><![CDATA[延边人点上方蓝字“延边事”快速关注纵览锦绣山河，展现各地风貌。《乐游天下》是CCTV15-音乐频道推出的音乐文化专题栏目，带领观众跟随音乐探访各地风土人情、历史文化，追忆音乐大师、寻找经典乐章。今晚21:15，《乐游天下》将播出《延边欢歌》节目，走进延边朝鲜族自治州，感受民族风貌和时代发展。▲宣传片朝鲜族的传统舞蹈和音乐有象帽舞、长鼓舞、伽倻琴等，它们既是民族文化瑰宝，也是国家级非物质文化遗产。除此之外，本期节目还邀请了嘉宾朴银花为观众介绍辣白菜、打糕等当地特色美食。男中音张大伟、许美玉等众多歌手也来到吉林延边，为大家演唱《与祖国有约》《桔梗谣》等歌曲。一起期待吧！今晚21:15锁定CCTV-15 音乐频道《乐游天下—延边欢歌》与您不见不散！]]></content>
  <author><![CDATA[延边事]]></author>
  <time>2018-10-14 19:35:41</time>
  <account><![CDATA[zds0433]]></account>
</data>
