<data>
  <id><![CDATA[50238934]]></id>
  <url><![CDATA[https://mp.weixin.qq.com/s?timestamp=1539596440&src=3&ver=1&signature=Egrj350GoKY8-KUcIJshb*3JLoD4rd1u36KGybFsoZEJ6lbdUW1-EKLXtNY12ASQWqiZEvhnm8PIiGabOTpX*YUABjuGBF5QEXFjI6a84psco7-AJrq*AzG*mGEtvdrSIeyQbys6QyXEmHjQijwpxdRH33aKAp6xu9mz3IcFj50=]]></url>
  <title><![CDATA[游客动物园内不断投食,小猴吃到辣条抱头直抓辣到崩溃！]]></title>
  <content><![CDATA[延边人点上方蓝字“延边事”快速关注]]></content>
  <author><![CDATA[延边事]]></author>
  <time>2018-10-08 19:30:00</time>
  <account><![CDATA[zds0433]]></account>
</data>
