<data>
  <id><![CDATA[50238934]]></id>
  <url><![CDATA[https://mp.weixin.qq.com/s?timestamp=1539596440&src=3&ver=1&signature=Egrj350GoKY8-KUcIJshb*3JLoD4rd1u36KGybFsoZEJ6lbdUW1-EKLXtNY12ASQWqiZEvhnm8PIiGabOTpX*TLwA1yGMnlEH*EGp8WZR7lHmM*xbX4NrN5VqSeikBA4KGfjWLcJ8jwFyMkyigQMH0WAcI4sIwR22y-SDV3Wemg=]]></url>
  <title><![CDATA[高速公路上活鸡现杀！吉林这司机太der了！]]></title>
  <content><![CDATA[延边人点上方蓝字“延边事”快速关注]]></content>
  <author><![CDATA[延边事]]></author>
  <time>2018-10-14 19:35:41</time>
  <account><![CDATA[zds0433]]></account>
</data>
