<data>
  <id><![CDATA[50238934]]></id>
  <url><![CDATA[https://mp.weixin.qq.com/s?timestamp=1539596440&src=3&ver=1&signature=Egrj350GoKY8-KUcIJshb*3JLoD4rd1u36KGybFsoZEJ6lbdUW1-EKLXtNY12ASQWqiZEvhnm8PIiGabOTpX*YMZ8qHZlDrvAvNcW0LPUR8-30OvzHG0agCUrOewhQroz5rVieJ6k8dsPKlELghS1tbvvCeL2nmRLqjsoGXYJj0=]]></url>
  <title><![CDATA[延吉人注意！家里有60周岁以上的老人，这个好政策你一定要看！]]></title>
  <content><![CDATA[延边人点上方蓝字“延边事”快速关注本报讯（记者 王胜男）为全面提升农村居民医疗保障水平，延吉市从9月1日起，将参加2018年度新农合的60周岁及以上人员，住院报销比例提至95％。按照延吉市《关于将60周岁及以上参合人员纳入医疗优惠政策的实施方案》， 凡参加2018年度新农合的60周岁及以上的人员，在镇中心卫生院住院报销比例由85%提高到95%，在县级公立医院住院报销比例由75%提高到95%，并在各定点医疗机构住院享受“先住院、后付费”待遇，入院时不交住院押金，出院即时结算住院费用，当场返还提高报销比例后的自负费用。对于符合享受医疗优惠政策的人员，由审核小组确认享受政策人员填写《医疗优惠证》，加盖村委会公章，并由审核组中一名成员签字确认，召开常住户代表大会现场发放优惠证，当月享受政策；对不符合条件人员，首次不发放优惠证，第二个月起重新审核，并对已有《医疗优惠证》但不符合条件的人员终止确认。针对卧床不起且符合享受政策的村民，由驻村工作队入户发放《医疗优惠证》，对不满60周岁且患重大疾病、需要县域内和目录内报销、个人承担费用巨大的，由乡镇进行审核申请，启动“一事一议”程序。来源：延边网]]></content>
  <author><![CDATA[延边事]]></author>
  <time>2018-10-09 19:39:24</time>
  <account><![CDATA[zds0433]]></account>
</data>
