<data>
  <id><![CDATA[50238934]]></id>
  <url><![CDATA[https://mp.weixin.qq.com/s?timestamp=1539596440&src=3&ver=1&signature=Egrj350GoKY8-KUcIJshb*3JLoD4rd1u36KGybFsoZEJ6lbdUW1-EKLXtNY12ASQWqiZEvhnm8PIiGabOTpX*TLwA1yGMnlEH*EGp8WZR7m0tWHhfkB2w2ToqvLaczT7XKMp5rGzZR577*cBirOmDPOtWKzeFlnxNvVAK0CkgMk=]]></url>
  <title><![CDATA[丈夫骗保炸死，不知情妻子带儿女殉情溺亡，两天后丈夫现身......]]></title>
  <content><![CDATA[延边人点上方蓝字“延边事”快速关注这是一起闹剧引发的人间悲剧。 10月10日，湖南新化县的戴某留下一封遗书，带着一双上幼儿园的儿女自杀身亡。一个月前，她的丈夫驾车溺水。 然而就在妻儿三人自杀身亡两天后，10月12日丈夫何某突然现身。原来，驾车溺水只是他制造的假象，目的是骗取100万的人身意外保险。 没想到，他骗死了痴情的妻子，还害死了一双儿女。]]></content>
  <author><![CDATA[延边事]]></author>
  <time>2018-10-14 19:35:41</time>
  <account><![CDATA[zds0433]]></account>
</data>
