<data>
  <id><![CDATA[50238934]]></id>
  <url><![CDATA[https://mp.weixin.qq.com/s?timestamp=1539596440&src=3&ver=1&signature=Egrj350GoKY8-KUcIJshb*3JLoD4rd1u36KGybFsoZEJ6lbdUW1-EKLXtNY12ASQWqiZEvhnm8PIiGabOTpX*a3G6Nq-wsHZCO7jU4w6Lhs1T95bLvYG87IQOrDYGiQ0ztL3x1RbGCY7-BSk-xitQ*Cxxj7TUTKwFmyko0KE-kE=]]></url>
  <title><![CDATA[延吉市公安局交警大队查获一起出租车司机“宿酒”]]></title>
  <content><![CDATA[延边人点上方蓝字“延边事”快速关注驾驶营运车被罚款被拘留被吊销驾驶证“宿酒”驾驶就是前一天喝了酒而到第二天还没醒酒去驾驶机动车的行为。2018年9月28日上午8时40分许，延吉市公安局交警大队河北中队民警太平岗检查车辆时，发现吉HT0371号出租车司机身上酒气很浓，于是对其询问。出租车司机徐某称，自己是前一天晚上喝的酒，自己认为自己已经醒酒了，所以就开车了。经呼气酒精检测，徐某的酒精含量为38毫克/100毫升，属于饮酒后驾驶营运车辆。在事实面前，徐某承认了自己饮酒后驾驶营运车的违法行为。民警依法对徐某处以5000元罚款、吊销驾驶证、拘留15日的行政处罚。交警部门提醒机动车驾驶人：不管是何时饮的酒，只要驾驶人体内血液中酒精含量为20－79mg/100ml，此时驾驶机动车的就属于酒后驾驶，含量达到“80”或以上的，就是醉驾。交警提示：酒精在人体内代谢的速率因人而异，一般情况下至少需要10小时以上才能排干净。所以，广大驾驶人朋友不要认为头一天喝酒，睡一觉，酒也醒了，再开车不算酒驾，交警对此的处罚是以酒精检测结果为准，只要检测结果达到酒驾或醉驾标准，同样追究相应的法律责任。]]></content>
  <author><![CDATA[延边事]]></author>
  <time>2018-10-12 19:30:00</time>
  <account><![CDATA[zds0433]]></account>
</data>
