<data>
  <id><![CDATA[50238934]]></id>
  <url><![CDATA[https://mp.weixin.qq.com/s?timestamp=1539596440&src=3&ver=1&signature=Egrj350GoKY8-KUcIJshb*3JLoD4rd1u36KGybFsoZEJ6lbdUW1-EKLXtNY12ASQWqiZEvhnm8PIiGabOTpX*YMZ8qHZlDrvAvNcW0LPUR9-A55cDk6L-hilrjzMl0KFdHaOFDjBA8Ty0mEvLy5ySAgreK5WV9pxzPCz-hxX4C8=]]></url>
  <title><![CDATA[残疾男乞讨被拒狂殴女司机！动起手来比正常人都狠]]></title>
  <content><![CDATA[延边人点上方蓝字“延边事”快速关注]]></content>
  <author><![CDATA[延边事]]></author>
  <time>2018-10-09 19:39:24</time>
  <account><![CDATA[zds0433]]></account>
</data>
