<data>
  <id><![CDATA[50238934]]></id>
  <url><![CDATA[https://mp.weixin.qq.com/s?timestamp=1539596440&src=3&ver=1&signature=Egrj350GoKY8-KUcIJshb*3JLoD4rd1u36KGybFsoZEJ6lbdUW1-EKLXtNY12ASQWqiZEvhnm8PIiGabOTpX*b2DrWnwEl0UscMrY99aoZAqFpr0bokeaDEIaf9nPfAriZycymCryWM03XrXWWrRIHmDKmKAiXvmpZ5RglYHlT8=]]></url>
  <title><![CDATA[弟弟向哥嫂借了30万，三年后还钱时，才发现哥嫂竟···]]></title>
  <content><![CDATA[延边人点上方蓝字“延边事”快速关注]]></content>
  <author><![CDATA[延边事]]></author>
  <time>2018-10-13 19:58:43</time>
  <account><![CDATA[zds0433]]></account>
</data>
