<data>
  <id><![CDATA[50238934]]></id>
  <url><![CDATA[https://mp.weixin.qq.com/s?timestamp=1539596440&src=3&ver=1&signature=Egrj350GoKY8-KUcIJshb*3JLoD4rd1u36KGybFsoZEJ6lbdUW1-EKLXtNY12ASQWqiZEvhnm8PIiGabOTpX*Ubf5qG74XH0IgDzJtok3mjPvMplhnuyH1l4rtWuJQfwpVB2MBGAKNyiGfSWmXQXa-hx8aUz2MqYjuL2BGwj-80=]]></url>
  <title><![CDATA[扎心！吉林省离婚率持续走高！万万没想到！最容易出轨的居然是...]]></title>
  <content><![CDATA[延边人点上方蓝字“延边事”快速关注太让人震惊了…中秋国庆两大假期又是大家扎堆结婚的日子这个假期你参加了几场婚礼？今天就先不说结婚的事儿咱们说说离婚的事儿！小编最近看到一组离婚率数据吉林省离婚结婚比高达56.34%全国2017上半年婚姻人口总数据显示：在咱吉林省2017年上半年的离婚结婚比已达56.34%也就是说在吉林省，每两对情侣结婚的同时就有一对在办理离婚的夫妻中国离婚率一路走高从2002年开始，中国的离婚率就一路走高2002年时中国离婚率仅有0.90％最新数据显示，2017上半年全国各级民政部门和婚姻登记机构共依法办理结婚登记558万对比去年下降7.5%依法办理离婚登记185.6万对比去年同期上升10.3%离婚率最高居然是这几个地方离婚结婚比最高前三甲分别为天津市、黑龙江、吉林省离婚结婚比分别为60.50%、58.92%、56.34%北京市以50.60%排第四离婚结婚比最低的省份分别为西藏、甘肃和青海离婚结婚比分别为10.53%、16.92%、17.06%这个数据可以说是相当扎心了而导致离婚率直线上升的这些因素看到第一个就“震惊”了！男性出轨率最高的，居然是IT业没错，就是传说中老实巴交的IT男而女性出轨率最高的居然是全职妈妈，其次则是老师大家也不要太较真毕竟，渣男和渣女根本就是不分职业的啊]]></content>
  <author><![CDATA[延边事]]></author>
  <time>2018-10-10 19:30:00</time>
  <account><![CDATA[zds0433]]></account>
</data>
