<data>
  <id><![CDATA[50238934]]></id>
  <url><![CDATA[https://mp.weixin.qq.com/s?timestamp=1539596440&src=3&ver=1&signature=Egrj350GoKY8-KUcIJshb*3JLoD4rd1u36KGybFsoZEJ6lbdUW1-EKLXtNY12ASQWqiZEvhnm8PIiGabOTpX*TLwA1yGMnlEH*EGp8WZR7mNJg4rabA*c4EYzEn2bMAMZEr6a9hyDDuEODoGwENjbSrGfYDlRPdUwpxo5-ok0x8=]]></url>
  <title><![CDATA[10月起，不认识这5个标线，两本驾照都不够扣！]]></title>
  <content><![CDATA[延边人点上方蓝字“延边事”快速关注]]></content>
  <author><![CDATA[延边事]]></author>
  <time>2018-10-14 19:35:41</time>
  <account><![CDATA[zds0433]]></account>
</data>
