<data>
  <id><![CDATA[50238934]]></id>
  <url><![CDATA[https://mp.weixin.qq.com/s?timestamp=1539596440&src=3&ver=1&signature=Egrj350GoKY8-KUcIJshb*3JLoD4rd1u36KGybFsoZEJ6lbdUW1-EKLXtNY12ASQWqiZEvhnm8PIiGabOTpX*dWfapL-ZO43KyJiwHEg6IKIendRaSSOwUmewVPSlOI8fpk-3xlHxS8uJ4JGXqTFhGM9ANhVT7HyX0oRUMHWjP8=]]></url>
  <title><![CDATA[长春出租车司PK男友，看看谁最不是人！]]></title>
  <content><![CDATA[延边人点上方蓝字“延边事”快速关注昨天晚上一位网友给长春的大V反映关于长春出租车袭胸女生事件！但是网友的评论却都在劝分手，这到底是怎么回事？网友爆料：自己的女朋友昨天晚上5点半从东大桥轻轨站到御景名都的时候跟别人拼车，其他乘客下车之后，司机就故意一个急刹车然后把手伸到女生胸前！女生大声质问，司机默不作声！网友还说，女生的穿着也很正常，没有暴露。还好是太阳刚刚下山，如果是深夜的话会怎么样，希望让更多的人知道这个司机是什么样的！小编好奇的去看了一下这条爆料新闻的评论，心想肯定都是骂出租车司机的呗，翻评论发现果真如此，不过更多的是劝他们分手，让女生赶紧换一个！有点出乎意料！那为什么呢？看下边他俩的聊天记录你就知道了！这男友说出这种话，只能说一句呵呵哒，以小编这种暴脾气的人，当场分手！回归正题，长春部分出租车司机职业道德真是太差了，各种挑活、拒载，现在又出现袭胸！真的是无药可救了！再说这个女生，小编一直在提醒女生们，尽量不要拼车，更不好坐在副驾驶座，你倒好！千次提醒万次提醒，总之，自己长点心，学会保护好自己！来源：新长春]]></content>
  <author><![CDATA[延边事]]></author>
  <time>2018-10-06 23:22:39</time>
  <account><![CDATA[zds0433]]></account>
</data>
