<data>
  <id><![CDATA[50238934]]></id>
  <url><![CDATA[https://mp.weixin.qq.com/s?timestamp=1539596440&src=3&ver=1&signature=Egrj350GoKY8-KUcIJshb*3JLoD4rd1u36KGybFsoZEJ6lbdUW1-EKLXtNY12ASQWqiZEvhnm8PIiGabOTpX*YUABjuGBF5QEXFjI6a84pswJ5r5yjclCseqCQYTaVo0NDXSL1ZZnW3ygOr-W*wm8N21ZP2cdG2TkDc0t0vF-Ng=]]></url>
  <title><![CDATA[女子坐顺风车怀疑“被下药”！司机竟说：只是抽支烟]]></title>
  <content><![CDATA[延边人点上方蓝字“延边事”快速关注]]></content>
  <author><![CDATA[延边事]]></author>
  <time>2018-10-08 19:30:00</time>
  <account><![CDATA[zds0433]]></account>
</data>
