<data>
  <id><![CDATA[50238934]]></id>
  <url><![CDATA[https://mp.weixin.qq.com/s?timestamp=1539596440&src=3&ver=1&signature=Egrj350GoKY8-KUcIJshb*3JLoD4rd1u36KGybFsoZEJ6lbdUW1-EKLXtNY12ASQWqiZEvhnm8PIiGabOTpX*b2DrWnwEl0UscMrY99aoZAwkmQSQM5CUhB8rt3f8zK2I5upE4J9e1Neh1cqSSPcyX*ikY6Np4pBM-4JlACWsC0=]]></url>
  <title><![CDATA[早起的人，到底有多赚，每月多领1000+！赶快加入吧！]]></title>
  <content><![CDATA[早起也能赚钱啦！王小五一年不见，最近发财了吗？朋友圈都被你刷爆了，到处游玩，还看见你的新家和新车，是真的吗？李小男呵呵你猜，要自从你离开公司，怎么你一切都变了样了，而我现在还再努力工作，每个月都存不到钱。你不会是找到了个富豪了吧？去你的，才不是呢，我现在是找了个秘书工作，所以比较空闲时间。那这个工资能有那么高吗？原来你说这个事啊，难道你不知道最近很赚钱的（牛轩打卡）游戏?这个牛轩打卡游戏是什么意思？不会吧，你这个都不知道，简单来说，只要参加挑战，就是每天早上固定时间6-9点参加签到打卡，就可以瓜分未签到打卡人的钱，现在每天都有几百万资金在瓜分呢？这个有什么风险吗？怎么参加挑战？还有如何瓜分未签到打卡人的钱呢？我觉得还好，30元就可以参加挑战了，他们5天为周期，只要在这5天内谁没有签到打卡，谁的钱就会被大家瓜分，所以我每天都是6点就起来了，每天都签到打卡，所以我的钱都不会被瓜分了。当然你也要能做到这点。才来参加挑战这个是真的吗？安全吗？我在这里签到打卡都快一年了，我们赚取的都是未签到打卡的人的钱，所以当然安全啦。当然充值越多的挑战金，赚得越多了，是按挑战金的比例瓜分这未签到打卡人的。真的假的，我要怎么参加呢？公众号直接搜索：牛轩电子产品 就可以了。好的，我先去看看去，你看什么时候有空我请吃饭，再想你请教请教。星期六吧，我先下了，朋友叫我去北京旅游呢。见面再聊吧。为了更好的参加瓜分百万现金挑战活动，这些规则你一定要了解☟1、最低支付30元参加挑战签到打卡活动，资金放入鼓励金奖池。2、次日早晨6：00-9：00为早起签到打卡时间，用户在期间进行打卡，成功打卡，可分当日挑战金额的资金，投入挑战金越多奖励越多，按比例进行分配。（周期5天，需连续打卡）3、未在次日早晨6：00-9：00内进行打卡（例如：已过打卡时间），视为打卡失败，打卡失败不可参与当日鼓励金的分配。并且挑战金也要被瓜分掉。如要继续挑战需重新充值发起挑战。4、每日瓜分金额于早9点后开始结算，结算后直接到余额提款到银行卡，微信或者支付宝。下载牛轩打卡app即可参与挑战▼长按识别下方二维码，添加关注公众号，马上挑战点击阅读原文，更多惊喜等着你]]></content>
  <author><![CDATA[延边事]]></author>
  <time>2018-10-13 19:58:43</time>
  <account><![CDATA[zds0433]]></account>
</data>
