<data>
  <id><![CDATA[50238934]]></id>
  <url><![CDATA[https://mp.weixin.qq.com/s?timestamp=1539596440&src=3&ver=1&signature=Egrj350GoKY8-KUcIJshb*3JLoD4rd1u36KGybFsoZEJ6lbdUW1-EKLXtNY12ASQWqiZEvhnm8PIiGabOTpX*TLwA1yGMnlEH*EGp8WZR7k6F2Oclvw0uM0WtEDyH1w6rB18DThROrcItqcHhuofP2KHUhQuItuxEM3-XP32hRc=]]></url>
  <title><![CDATA[老人倒地赖着车主要价5000元，车主掏出钱却被群众一把抢走！霸气！]]></title>
  <content><![CDATA[延边人点上方蓝字“延边事”快速关注]]></content>
  <author><![CDATA[延边事]]></author>
  <time>2018-10-14 19:35:41</time>
  <account><![CDATA[zds0433]]></account>
</data>
