<data>
  <id><![CDATA[50238934]]></id>
  <url><![CDATA[http://mp.weixin.qq.com/s?__biz=MzUxMTAyOTM3MA==&mid=2247490183&idx=6&sn=5495e8973fa2520d7665ad5243ef526a&chksm=f978a392ce0f2a843b7a65e11768daacaa5c9c65d31753abdd1ebc48de3973b8f97b903fc6d0&scene=27#wechat_redirect]]></url>
  <title><![CDATA[男子竟将父亲踹倒在地踢打已行拘]]></title>
  <content><![CDATA[延边人点上方蓝字“延边事”快速关注]]></content>
  <author><![CDATA[延边事]]></author>
  <time>2018-10-07 21:33:39</time>
  <account><![CDATA[zds0433]]></account>
</data>
