<data>
  <id><![CDATA[50238934]]></id>
  <url><![CDATA[https://mp.weixin.qq.com/s?timestamp=1539596440&src=3&ver=1&signature=Egrj350GoKY8-KUcIJshb*3JLoD4rd1u36KGybFsoZEJ6lbdUW1-EKLXtNY12ASQWqiZEvhnm8PIiGabOTpX*dWfapL-ZO43KyJiwHEg6IKPnmnW4MafAKLXhdpYoGGBGHt74qGyUNe9WrcMPmQrjFnGrKZzC2DWamGxffuaKmI=]]></url>
  <title><![CDATA[吉林小伙和邻居借钱玩游戏被父亲打离家出走20年没回来]]></title>
  <content><![CDATA[延边人点上方蓝字“延边事”快速关注20年前，吉林永吉吴志成的儿子吴涛因迷恋游戏向邻居借钱，吴志成打了儿子俩耳光，并让儿子下跪，儿子一气之下离家出走。80多岁的奶奶想起孙子就哽咽，怕有生之年再也见不着了，吴志成希望儿子能回家团聚。]]></content>
  <author><![CDATA[延边事]]></author>
  <time>2018-10-06 23:22:39</time>
  <account><![CDATA[zds0433]]></account>
</data>
