<data>
  <id><![CDATA[50238934]]></id>
  <url><![CDATA[https://mp.weixin.qq.com/s?timestamp=1539596440&src=3&ver=1&signature=Egrj350GoKY8-KUcIJshb*3JLoD4rd1u36KGybFsoZEJ6lbdUW1-EKLXtNY12ASQWqiZEvhnm8PIiGabOTpX*SKuwO*3059d*DmQElQyTtK9OCkiZVTF4sG*CyrPrGZBDyPQhWRNiKvj1MhsmhJO2jfRmZqJPjSHE-ecwBtr29k=]]></url>
  <title><![CDATA[看！《新闻联播》里的金秋十月，美丽延边！]]></title>
  <content><![CDATA[延边人点上方蓝字“延边事”快速关注秋风万里芙蓉国，红叶丹霞碧水边。10月3日，央视《新闻联播》播出一组新疆喀纳斯、云南沙溪、吉林延边等地的精彩画面，漫步金秋十月，走进美丽中国。一起看看《新闻联播》里的美丽延边吧~]]></content>
  <author><![CDATA[延边事]]></author>
  <time>2018-10-05 19:30:00</time>
  <account><![CDATA[zds0433]]></account>
</data>
