<data>
  <id><![CDATA[50238934]]></id>
  <url><![CDATA[https://mp.weixin.qq.com/s?timestamp=1539596440&src=3&ver=1&signature=Egrj350GoKY8-KUcIJshb*3JLoD4rd1u36KGybFsoZEJ6lbdUW1-EKLXtNY12ASQWqiZEvhnm8PIiGabOTpX*YUABjuGBF5QEXFjI6a84pv3IvbnIgkmOJ8yQuBEtBWR*S1cE5upcdhknZL7FgelISI-orgSvF65-f7fXUavO3M=]]></url>
  <title><![CDATA[有雨夹雪......我要穿秋裤，谁也挡不住！]]></title>
  <content><![CDATA[延边人点上方蓝字“延边事”快速关注雨雪天气预报受高空冷涡影响，预计9日夜间到10日夜间，我州将出现小雨转雨夹雪天气，全州平均降水量为10～15毫米。降水过后伴有4～5级偏西风，阵风可达7级或以上。本周天气预报预计本周（10月8日-14日）总的天气趋势是：气温偏低，降水偏多。预计全州平均气温为7.5℃左右，与常年同期相比低1.7℃左右，本周受冷空气影响，最低气温一般为-2℃～2℃；全州平均总降水量为15毫米～20毫米，与常年同期相比多13毫米左右。9日夜间至10日夜间有小到中雨转雨夹雪，东部部分地方有大雨。赶紧翻箱倒柜把秋裤穿起来吧来源：州气象局]]></content>
  <author><![CDATA[延边事]]></author>
  <time>2018-10-08 19:30:00</time>
  <account><![CDATA[zds0433]]></account>
</data>
