<data>
  <id><![CDATA[50238934]]></id>
  <url><![CDATA[https://mp.weixin.qq.com/s?timestamp=1539596440&src=3&ver=1&signature=Egrj350GoKY8-KUcIJshb*3JLoD4rd1u36KGybFsoZEJ6lbdUW1-EKLXtNY12ASQWqiZEvhnm8PIiGabOTpX*Ubf5qG74XH0IgDzJtok3mjskiYs0-LJ-JiMWQOYu9YVOHJmjoOi2lQR1ocOslm4LViqCywEtgbeyoJIhig4weg=]]></url>
  <title><![CDATA[男子驾车当街反复碾压妻子致其死亡]]></title>
  <content><![CDATA[延边人点上方蓝字“延边事”快速关注]]></content>
  <author><![CDATA[延边事]]></author>
  <time>2018-10-10 19:30:00</time>
  <account><![CDATA[zds0433]]></account>
</data>
