<data>
  <id><![CDATA[50238934]]></id>
  <url><![CDATA[https://mp.weixin.qq.com/s?timestamp=1539596440&src=3&ver=1&signature=Egrj350GoKY8-KUcIJshb*3JLoD4rd1u36KGybFsoZEJ6lbdUW1-EKLXtNY12ASQWqiZEvhnm8PIiGabOTpX*a3G6Nq-wsHZCO7jU4w6LhsOery-JP-Nd6dI-OMDqr*zp05D1Ev5e8dv4fKC-84Ss5KyEE6wLZ2jdEKBNw5QAx0=]]></url>
  <title><![CDATA[延吉市连续七年蝉联全国综合实力百强县（视频）]]></title>
  <content><![CDATA[延边人点上方蓝字“延边事”快速关注]]></content>
  <author><![CDATA[延边事]]></author>
  <time>2018-10-12 19:30:00</time>
  <account><![CDATA[zds0433]]></account>
</data>
