<data>
  <id><![CDATA[50238934]]></id>
  <url><![CDATA[https://mp.weixin.qq.com/s?timestamp=1539596440&src=3&ver=1&signature=Egrj350GoKY8-KUcIJshb*3JLoD4rd1u36KGybFsoZEJ6lbdUW1-EKLXtNY12ASQWqiZEvhnm8PIiGabOTpX*b2DrWnwEl0UscMrY99aoZB2FHSiGJw--1dqrUJ3cY5ygASHQZyX*LOWkNshEwNT4SIC7IgKl7*ZpgSnd040DtU=]]></url>
  <title><![CDATA[因为妻子太漂亮，丈夫竟然做出这样荒唐的举动！]]></title>
  <content><![CDATA[延边人点上方蓝字“延边事”快速关注]]></content>
  <author><![CDATA[延边事]]></author>
  <time>2018-10-13 19:58:43</time>
  <account><![CDATA[zds0433]]></account>
</data>
