<data>
  <id><![CDATA[50238934]]></id>
  <url><![CDATA[http://mp.weixin.qq.com/s?__biz=MzUxMTAyOTM3MA==&mid=2247490183&idx=8&sn=1ca84a417e7a91ff6af3f5c44be059db&chksm=f978a392ce0f2a842eaf1fd4e707c94aba2784587bc6e1e6fe863c7c92fa6f82101d09b3c708&scene=27#wechat_redirect]]></url>
  <title><![CDATA[网红“水泥妹”真实面目被曝光，坐驾兰博基尼月入几十万！]]></title>
  <content><![CDATA[延边人点上方蓝字“延边事”快速关注]]></content>
  <author><![CDATA[延边事]]></author>
  <time>2018-10-07 21:33:39</time>
  <account><![CDATA[zds0433]]></account>
</data>
