<data>
  <id><![CDATA[50238934]]></id>
  <url><![CDATA[https://mp.weixin.qq.com/s?timestamp=1539596440&src=3&ver=1&signature=Egrj350GoKY8-KUcIJshb*3JLoD4rd1u36KGybFsoZEJ6lbdUW1-EKLXtNY12ASQWqiZEvhnm8PIiGabOTpX*YMZ8qHZlDrvAvNcW0LPUR-701KAimHWp4*v*Ujd3*-5LWdx-EEZDu4-yTjSA4jsrjN8OCqjG9qxbsXDAvq*fpM=]]></url>
  <title><![CDATA[延吉11日铁南大片区停水通知]]></title>
  <content><![CDATA[延边人点上方蓝字“延边事”快速关注10月11日（星期四）上午9时至下午15时，因我公司南苑加压站进行控制系统检修，将导致南苑加压站出水供水压力受到影响。届时铁南延南路两侧（亲山恋苑、长联大厦、南苑小区、龙明小区、第二高级中学、国贸小区、乐达公寓、参珠小区、丽景佳苑、鹤延居、丽山花园及附近区域）部分用水户将会受到供水压力不足或失压的影响，预计将在下午15时恢复供水。请受失压影响区域内用户提早做好蓄水工作，并将阀门关闭，避免因跑水带来损失。供水恢复期间因供水管道压力瞬间变化，会出现短暂水质混浊现象，用户适量放水后即可正常使用。因设备检修维护工作给用户用水带来的不便，延吉市水务集团有限公司深表歉意！相关咨询请拨打我公司客户服务热线：0433—2900110。]]></content>
  <author><![CDATA[延边事]]></author>
  <time>2018-10-09 19:39:24</time>
  <account><![CDATA[zds0433]]></account>
</data>
