<data>
  <id><![CDATA[50238934]]></id>
  <url><![CDATA[https://mp.weixin.qq.com/s?timestamp=1539596440&src=3&ver=1&signature=Egrj350GoKY8-KUcIJshb*3JLoD4rd1u36KGybFsoZEJ6lbdUW1-EKLXtNY12ASQWqiZEvhnm8PIiGabOTpX*b2DrWnwEl0UscMrY99aoZBsl219iqXqt88iCwn1KP*2WITMlNm9pxxRrjQUSUl-YsP8W7lpqVnb5OCjMZMIlGk=]]></url>
  <title><![CDATA[巡视组组长被查！家中2亿多现金成堆发霉变质!]]></title>
  <content><![CDATA[延边人点上方蓝字“延边事”快速关注]]></content>
  <author><![CDATA[延边事]]></author>
  <time>2018-10-13 19:58:43</time>
  <account><![CDATA[zds0433]]></account>
</data>
