<data>
  <id><![CDATA[50238934]]></id>
  <url><![CDATA[https://mp.weixin.qq.com/s?timestamp=1539596440&src=3&ver=1&signature=Egrj350GoKY8-KUcIJshb*3JLoD4rd1u36KGybFsoZEJ6lbdUW1-EKLXtNY12ASQWqiZEvhnm8PIiGabOTpX*TAj2jG*O00zCwsTU06jnKBzzcDZtXH67ArlFtNFRIHjQlDn5UTzDc63V*5NTNnpjo9HuiEeTgpFQD-pkUKg*so=]]></url>
  <title><![CDATA[延吉市民可网上缴纳燃气费啦！]]></title>
  <content><![CDATA[延边人点上方蓝字“延边事”快速关注近日，长春燃气(延吉)有限公司与兴业银行联合推出普表客户支付宝线上缴燃气费服务。也就是说，延吉市民将告别排长队的方式，可以选择网上缴纳燃气费了。用户可登录支付宝账户界面，点击“生活缴费”，然后选择“燃气费”↓↓↓出现下拉菜单，选择“我家”↓↓↓点击右上角“北京”，进入城市选择界面，点击延边朝鲜族自治州↓↓↓输入燃气卡账户号就可以啦！↓↓↓据长春燃气(延吉)有限公司相关负责人介绍，由于燃气IC卡表客户充值需要通过专用的IC卡读卡设备读取后，也就是经过“圈存”将所购燃气写入IC卡中，开发难度较大，所以目前线上缴费服务只针对普表客户，IC卡用户还不能实现在线缴费。下一步，该公司将在微信平台推出线上缴费服务，以方便更多用户。来源：延边新闻广播]]></content>
  <author><![CDATA[延边事]]></author>
  <time>2018-10-11 19:30:00</time>
  <account><![CDATA[zds0433]]></account>
</data>
