<data>
  <id><![CDATA[50238934]]></id>
  <url><![CDATA[https://mp.weixin.qq.com/s?timestamp=1539596440&src=3&ver=1&signature=Egrj350GoKY8-KUcIJshb*3JLoD4rd1u36KGybFsoZEJ6lbdUW1-EKLXtNY12ASQWqiZEvhnm8PIiGabOTpX*SKuwO*3059d*DmQElQyTtIhSGIl*E4*AkbEQ8SKo2KZPRWoWYFnekIBcLm27xJmRaYY9SAf6FcvAdvBicHH5R8=]]></url>
  <title><![CDATA[健身房年卡竟然卖100？黑幕竟然是这样的？！！]]></title>
  <content><![CDATA[好消息！好消息！好消息！超级玛力国际健身会所全国连锁品牌为庆祝河北第三分店开业延吉总店一周年店庆庆祝十月一国庆！活动期间年卡只100元现在只接受预订20元定金不满意全额退定金哇偶~赶紧一起来看看到底是怎么回事儿吧为庆祝十月一国庆！活动期间健身年卡只要100元现在购买只需要20元定金快扫码联系吧是的没有看错！（活动结束后，年卡恢复原价1280元）重点来了！！！超级玛力自2018年河北首家店正式落户未来超级玛力全国布局以及超级玛力旗舰店都将一一亮相【敬请期待】现在超级玛力健身会所强势登陆邢台给邢台健身爱好者带福利啦健身年卡只要100+预售只收定金20元到店不满意全额退款（限前200名）真的只要100+？！为啥这么便宜？？？活动是否太草率为接下来会所将要推出的精品减肥课和精品私人订制课做好充分的基础准备。不管怎样，能为会员朋友们带来实惠就是好事”超级玛力健身会所开业前推出人气会员活动活动期间100+年卡预售定金只需要20元活动结束后年卡1280元同等价值限前200名力度太大，名额有限，望谅解！其中包括氧运动器械力量器械多种舞蹈瑜伽洗浴等什么人鱼线什么马甲线什 么 腹 肌这么多专业健身项目分分钟钟拿下出了这个门都是型男和型女健身VS不健身完全是两种不同的人生穿上泳装是这样的▼难道你真的没时间么？▼还不快动起来？！现在健身还不晚这里有你想要的！再次强调一下超级玛力健身会所迎10.1特推出最后一波活动优惠活动（年卡100+）预付定金只需20元限名额预定办理仅限200名额100元年卡包含店内所有有氧运动器械使用力量器械使用舞蹈 瑜伽 操课 动感单车等课程免费参加公共临时储物柜免费使用巡场教练免费指导洗浴免费不限时间（以上项目均不限时间、不限次数）价值等同于原价年卡同等待遇此次活动10月20日开始统一到店参加活动办理，以定金预留为主，可以定金预留，不满意定金可退！（以实际预定、定金名额为主参与此次活动）让所有市民得到最大的优惠让热爱健身的邢台人民拥有真正物超所值的消费体验详情咨询：王教练18343331519附送邢台超级玛力健身会所实景图（现会所正在进行最后的装修调试）实景拍摄走走走国庆节一起去健身呀联系电话：王教练18343331519（微信同号）地     址：延大正门东侧源泉小区院内]]></content>
  <author><![CDATA[延边事]]></author>
  <time>2018-10-05 19:30:00</time>
  <account><![CDATA[zds0433]]></account>
</data>
