<data>
  <id><![CDATA[50238934]]></id>
  <url><![CDATA[https://mp.weixin.qq.com/s?timestamp=1539596440&src=3&ver=1&signature=Egrj350GoKY8-KUcIJshb*3JLoD4rd1u36KGybFsoZEJ6lbdUW1-EKLXtNY12ASQWqiZEvhnm8PIiGabOTpX*YMZ8qHZlDrvAvNcW0LPUR8UHxEnZLHqX*yarBYO2gF23pEcEwSzGw6ntpZvdrT24xb2Gfe7JOCopocch8A1qlg=]]></url>
  <title><![CDATA[黄金周延吉旅游市场火爆，美食受宠！一床难求！]]></title>
  <content><![CDATA[延边人点上方蓝字“延边事”快速关注今年的国庆黄金周，延吉市再度迎来旅游热潮，大批外地游客涌入，延吉旅游市场异常火爆。10月3日，在延吉白山大厦，接待大厅里游客正排队办理入住手续。“‘十一’以来，每天的住宿基本处于满房状态，尤其是2日、3日，住宿的人特别多，连标价8000多元的总统套房都被人预订了。很多人抢不到房间，就暂时在大厦的桑拿浴场所临时休息，实在是‘一床难求’!”白山大厦大堂客户关系经理金银实介绍说，今年“十一”期间，白山大厦270间客房几乎天天爆满，每天客流量达到五六百人。与往年团队游居多的情况不同，今年家庭出行的散客游居多，房间在提前一天或者当天被“一抢而光”的情况特别多。“东北三省来的客人较多，他们会直接在我们酒店旅行社报团一日游去周边的防川、长白山等地游玩。” 金银实说。“一床难求”，成为今年“十一”延吉旅游市场的“热门词”。在延吉宾馆，记者看到宾馆门口停着不少辽宁省、黑龙江省等地牌照的车辆。据介绍，延吉宾馆130多间客房当天客满，房价平均涨了50元左右。今年“十一”比去年入住的客人多，如果不提前预订是”抢“不到房间的。延吉旅游究竟有多“火”?不仅外地游客感受到了延吉的“热情”，本地市民也体会到了延吉作为新兴旅游城市的“潜力”。延吉市民李女士告诉记者，10月3日傍晚，她从延吉西站下高铁后，等了十几分钟打不到出租车。“在西站居然打不到出租车?这话说出来延吉人都不信。平时在站前停车场排队等客的出租车，当天晚上全是即停即走，都忙不过来!”李女士感叹道。家在长春的林玉芝女士这个假期与儿媳和孙子一起来延吉游玩。她之前听说延边有许多美食美景，一直想来看看。自从10月2日到了延吉之后，她们到帽儿山俯瞰延吉风光，去龙井体验辣白菜节，亲手在苹果梨园采摘苹果梨，还品尝了冷面、辣白菜、包饭、米肠、炖土鸡等延吉特色美食， 3天的行程令一家三口收获满满。“延吉美食真的多呀!简直吃不过来，以后还会再来玩儿的。”林女士说。延边美食历来备受青睐，“吃”是延吉旅游的一大魅力和特色。在延吉市西市场一家老字号的朝鲜族传统泡菜店内，十几平方米的店面挤满了慕名前来的外地游客。“老板，我要5棵辣白菜，2.5公斤牛板筋!”“老板，麻烦给我包装真空袋，我要发顺丰寄到外地!”“听说她家泡菜最好吃，我特意从长春过来的，就是排队也得买啊。”3号坐早班高铁来延吉的长春市民刘先生说，他国庆期间特意腾出一天时间专门来延吉“吃一圈”。因为不是第一次来延吉，刘先生一下车就直奔包饭店和烤肉店品尝美食。回长春前他还特意买了米酒、打糕和泡菜，带回家吃。延吉市民王女士在泡菜店买了十几包朝鲜族传统泡菜，她是专门给外地的亲朋好友带走的。“希望借着旅游产业大发展的光，生意一年比一年更好，我们的生活也像这红辣椒一样红红火火!”泡菜店老板春姬笑呵呵地说。来源：延边日报]]></content>
  <author><![CDATA[延边事]]></author>
  <time>2018-10-09 19:39:24</time>
  <account><![CDATA[zds0433]]></account>
</data>
