<data>
  <id><![CDATA[50238934]]></id>
  <url><![CDATA[https://mp.weixin.qq.com/s?timestamp=1539596440&src=3&ver=1&signature=Egrj350GoKY8-KUcIJshb*3JLoD4rd1u36KGybFsoZEJ6lbdUW1-EKLXtNY12ASQWqiZEvhnm8PIiGabOTpX*TAj2jG*O00zCwsTU06jnKDRPOrCWDN1PRglnDi567NpHBUllDZal32hO82sCfbYNQ5VTyDLJIeT8qUUgT26Ky4=]]></url>
  <title><![CDATA[重磅！明天（12日）延吉各大供热企业将提前开栓供热]]></title>
  <content><![CDATA[延边人点上方蓝字“延边事”快速关注虎权深入部分供热企业，对延吉市供热准备工作10月11日下午，州委常委、延吉市委书记姜虎权深入部分供热企业，对延吉市供热准备工作情况进行调研。市委常委、副市长朴林虎陪同调研。虎权深入部分供热企业，对延吉市供热准备工作虎权深入部分供热企业，对延吉市供热准备工作姜虎权先后来到延吉铁南集中供热有限公司、延吉市荣德环能供热有限公司（吉热集团延吉市公共事业有限公司），实地查看各供热企业供热前期准备工作情况，详细询问各供热企业设备检修及煤炭储备情况。虎权深入部分供热企业，对延吉市供热准备工作据延吉铁南集中供热有限公司相关负责人介绍，今年由于煤炭价格上涨，延边本地煤矿企业关闭，外地煤炭运输压力大，供热企业面临着巨大压力。尽管如此，该公司仍将全力以赴确保冬季供热质量，为广大市民供好暖服好务。在延吉市荣德环能供热有限公司（吉热集团延吉市公共事业有限公司），姜虎权深入到供热调度室与工作人员亲切交流，实地查看各项供热准备工作。当了解到该公司已于10月10日10时起炉供热，姜虎权高兴地鼓励公司工作人员要把百姓冷暖时刻放在心头，全力做好今冬供暖工作。虎权深入部分供热企业，对延吉市供热准备工作姜虎权指出，供暖好不好是冬天百姓幸福指数的重要指标之一。供热企业一定要提高认识，本着为社会负责、为百姓负责的态度，做好煤炭储备、设备维护、隐患排查整改等工作，保证群众温暖过冬。相关部门要继续加大监管力度，建立奖惩制度，不定期对供热企业进行测评，确保供热质量，不能让老百姓受冻。虎权深入部分供热企业，对延吉市供热准备工作虎权深入部分供热企业，对延吉市供热准备工作据了解，今年延吉市供热总建筑面积为3702万平方米，较去年增加149万平方米。今年全市各供热企业预计耗煤总量约68万吨（电厂除外），目前已签订合同66万吨，入场煤炭数量约19.3万吨。虎权深入部分供热企业，对延吉市供热准备工作10月12日，延吉各大供热企业均将提前开栓供热。经过2天左右的循环，广大市民将于10月15日左右感受到温暖。来源：延边晨报]]></content>
  <author><![CDATA[延边事]]></author>
  <time>2018-10-11 19:30:00</time>
  <account><![CDATA[zds0433]]></account>
</data>
