<data>
  <id><![CDATA[50238934]]></id>
  <url><![CDATA[https://mp.weixin.qq.com/s?timestamp=1539596440&src=3&ver=1&signature=Egrj350GoKY8-KUcIJshb*3JLoD4rd1u36KGybFsoZEJ6lbdUW1-EKLXtNY12ASQWqiZEvhnm8PIiGabOTpX*b2DrWnwEl0UscMrY99aoZAJRz58LsX-96N0h14dSSZLWaqKLUnzN*HYdyheSULsxkom5gxicc3Ja*Hr9rPpSvk=]]></url>
  <title><![CDATA[防不胜防！和龙市发现假币换真钱骗局，已有人上当]]></title>
  <content><![CDATA[延边人点上方蓝字“延边事”快速关注我们都知道，使用假币是违法行为，但还是不断有人铤而走险，在人眼皮子底下 " 偷梁换柱 "。把真钞换成假钱的诈骗警情，更是让人防不胜防。面对这样的骗局我们不禁感叹：全是套路！！！王先生在和龙市经营着一家商铺，近日，由于自己需要外出办事，只好临时让家中老人帮忙顾店，没想到就在这期间来了几名陌生男子，以需要换取零钱为由用假币换真钞，骗走了老人一千元现金。王先生立即报了警，警方发现，近期和龙市内多家商铺发生了类似案件。为了尽快侦破案件，和龙警方立即组成专案组开展专项侦查行动。专案组民警通过走访群众、调取相关视频，收集线索，初步判断作案人为两名青年男子，乘一辆黑色小轿车。民警通过视频图像追踪，在延吉市某胡同发现了嫌疑车辆，经过长达4个小时的蹲守，最终将刘某等5人一同抓获，当场从其中两人身上搜出假币4.7万元，作案所得赃款2万元。经讯问，5名犯罪嫌疑人均对自己在和龙市辖区商铺内 " 以假换真 " 骗取店主人民币的违法犯罪事实供认不讳。5名犯罪嫌疑人均已被警方依法刑事拘留，等待他们的将是法律的严惩。警方提示：使用假币的不法分子大多会将 " 黑手 " 伸向人员密集场所，比如集贸市场、小卖部、早点摊、小餐馆等。所以经营场所在收钱时最好使用验钞机等专业设备进行检测，如遇假币应及时报警。来源：二三里]]></content>
  <author><![CDATA[延边事]]></author>
  <time>2018-10-13 19:58:43</time>
  <account><![CDATA[zds0433]]></account>
</data>
