<data>
  <id><![CDATA[50238934]]></id>
  <url><![CDATA[https://mp.weixin.qq.com/s?timestamp=1539596440&src=3&ver=1&signature=Egrj350GoKY8-KUcIJshb*3JLoD4rd1u36KGybFsoZEJ6lbdUW1-EKLXtNY12ASQWqiZEvhnm8PIiGabOTpX*Ubf5qG74XH0IgDzJtok3mjhdYksR1478RS--BzXl0XaUJhlSgAiv9CEN4ItYmGKRmz2SOSo8o5wAKvodlSvN2c=]]></url>
  <title><![CDATA[延吉西站出租车司机随意喊客？网民录视频求援]]></title>
  <content><![CDATA[延边人点上方蓝字“延边事”快速关注网民：9月22日晚9点16分到达延吉西站，出站打车遇到出租车宰客，拒载，违规拼车。投诉到交管所给回的答复是下班了，只能留言。我一直等待一个小时，没有出现任何工作人员来管理。处理部门：延吉交通运输管理所您好，您所反应的问题已收悉。请您与延吉交通运输管理所稽查大队取得联系说明事发的日期，同时我们也会进行内部调查对确实有违规行为的现象进行严肃处理。来源：延边百姓热线]]></content>
  <author><![CDATA[延边事]]></author>
  <time>2018-10-10 19:30:00</time>
  <account><![CDATA[zds0433]]></account>
</data>
