<data>
  <id><![CDATA[50238934]]></id>
  <url><![CDATA[https://mp.weixin.qq.com/s?timestamp=1539596440&src=3&ver=1&signature=Egrj350GoKY8-KUcIJshb*3JLoD4rd1u36KGybFsoZEJ6lbdUW1-EKLXtNY12ASQWqiZEvhnm8PIiGabOTpX*Ubf5qG74XH0IgDzJtok3mi-tyYLC7MMYCWPN0TjBSTMcsCqAcT9OEI1wTDOilVJSnyVIKHZ1Ho*bWnYwvmp*OU=]]></url>
  <title><![CDATA[凌晨1点多排队！为办暖气报停延边人也是拼了！]]></title>
  <content><![CDATA[延边人点上方蓝字“延边事”快速关注来源：延边信息港/延边发布客户端]]></content>
  <author><![CDATA[延边事]]></author>
  <time>2018-10-10 19:30:00</time>
  <account><![CDATA[zds0433]]></account>
</data>
