<data>
  <id><![CDATA[50238934]]></id>
  <url><![CDATA[https://mp.weixin.qq.com/s?timestamp=1539596440&src=3&ver=1&signature=Egrj350GoKY8-KUcIJshb*3JLoD4rd1u36KGybFsoZEJ6lbdUW1-EKLXtNY12ASQWqiZEvhnm8PIiGabOTpX*Ubf5qG74XH0IgDzJtok3mhcSuPt79gSYRYy5SQQzqrLg-gWJNeOjcWaUcOF4qD6SDY-o*Twj0zkEkHJ9auqkb4=]]></url>
  <title><![CDATA[供热区域、缴费方式、监督热线，您关心的供热问题都在这里]]></title>
  <content><![CDATA[延边人点上方蓝字“延边事”快速关注一年一度的供热期逐渐临近，市民关注所住小区是哪个公司供热？如何缴费？有问题打哪个咨询电话？您想知道的都在这里。↓↓↓一、延吉市集中供热有限公司【供热一处区域】：延边一中西、延边医院血站、自来水公司北侧附近、博雅小区附近【供热二处区域】：西市场、海兰路两侧、双阳小区、进学派出所、七中以西区域【供热三处区域】：芳园小区、华益名筑、十中、凯文小区、光进小区【供热四处区域】：旧货市场、吉融小区以东、领域东城、迎光小区、秋韵雅苑、旭阳小区附近【供热五区区域】：原市法院附近、国贸大厦以北至新兴小学区域、烟集河以西区域【供热六区区域】：七中以东区域、十三中学附近、朝阳小学附近及开发区所有区域公司位置：24小时服务热线：2500114（不热处理、报修、泡水、咨询、应急等）投诉监督电话：2360720（服务质量差、违纪）缴费咨询：2360761二、国电龙华延吉热电有限公司【供热区域】：铁道线以北，南岗街以西，布尔哈通河以南，新丰街以东。（万事达嘉园、万事达公寓、警察公寓、威远城、金山家园、明大公寓、蓝天公寓、民族大厦、四雅公寓、国际金融（A\B座）、新柳花园、绿苑小区、林海小区、白桦小区、宏川小区、铁路小区、州府家园、怡华家园、渤海小区、沈铁雅苑、白兰小区、新园公寓、恒天玫瑰等区域）24小时服务热线：2357115 、2357116缴费咨询：2357117、2357118微信缴费：可关注“国电龙华延吉热电有限公司”微信公众号三、延吉市延边恒润发展热力有限公司【供热区域】：延吉市西山街以北至高铁线，延河以西至西山区域（整个发展区域用户）公司位置：延吉市延吉街1309号24小时服务电话：2769887（不热处理、报修、泡水、咨询、应急等）缴费咨询：2769887四、延吉市延西集中供热有限责任公司【供热区域】：东起君钰府、西至梨花北苑、南起延边大学城、北至延边大学24小时服务热线：2900320（不热处理、报修、泡水、咨询、应急等）缴费咨询：2900320监察电话：2900316五、延吉市荣祥热力有限责任公司【宁湾区供热区域】换热一站法院站：园艺农场、法院小区、检测线、交通住宅、消防、宏发换热二站新辉信合站：公新小区、滨河小区、教会、延纺、新辉小区、综合执法小区、大洋多层、中医院、河畔5B楼、丽水武警、大洋高层中的底层（1-7层）换热三站水电站：渊博区、景新、华美、州委小区、河畔小区、水电10-11号、大洋高层中的（8-顶层）换热四站十二中站：政府小区、十二中学、清华园、延大公寓、林海小区、翱翔小区2019年新增：万达广场、广泽红府、紫荆苑、花园王（原爱得山庄）【金达莱区供热区域】换热一站长白路以南：东方公寓、新地、隆昌、特产楼、计生委、仁达、外国语、环保局、光大银行、交警队、大众小楼、威远换热二站天池路以北：煤炭、海关、政法、司法、警官公寓、消防队、州公安局、国税、曙光、宇航、房产、力象、纪检、海关住宅办公室、房产局、三高中、卫生学院、银瀑、东宇、天池A座、B座、C座、D座换热三站长白路与天池路中间：会展、同乐、阳光、工商、新丰旅店、大恩设计院、华春楼、泰顺楼、新丰1号楼、石华、加油站24小时服务热线：2727195（不热处理、报修、泡水、咨询、应急等）缴费咨询：2727195可微信支付：直接到营业厅进行网上支付六、延吉市热力公司【朝阳川部分区域】：铁路家属楼【新民桥以西、机场以北区域】：小区：州检察院飞翔小区、州恒延小区、水岸新城、惠润小区、仁坪小区、景苑小区、威远嘉苑（南北区）、辉远小区（州法院家属楼）；单位：污水处理厂、市公安局、州检察院、州法院、州交警支队、州博物馆、科技馆、市全民健身中心【2019年新增延西区域】：延吉市高铁西站24小时服务热线：2524717（不热处理、报修、泡水、咨询、应急等）缴费咨询：2519871七、延吉市荣德环能供热有限公司（吉热集团延吉市公用事业有限公司）【新丰供热区域】：长白路以北、布尔哈通河以南、龙东街以西、新民街以北、上海城、碧水源林【兴安（北大）供热区域】：延吉市中心血站和董存瑞部队以北、宁阳医院以南、烟集河以东区域24小时服务热线：2212265（新丰区：159443563552、兴安（北大）：18243337572）客服服务中心电话：2212265（服务质量差、违章、用热举报等）缴费咨询：新丰区：2212292；兴安（北大）：5085597八、延吉铁南供热有限公司【供热区域】：铁南区、东新区（海兰江花园、亲山恋苑、众鑫小区、乐达小区、国贸小区、红树林小区、天信小区、天园小区、亨林小区、青山小区、富源（ABC）、财泉小区、财苑小区、宏宇小区、建设局小区、佳雅小区、南泉美居、御翠园、伟辉小区（ABC）、电力小区（ABC）、嘉禾小区、水利水电小区、兆丰帝景、安东雅苑、南山嘉苑、祥和小区、东明新城、御景江山、万通小区、鹤延居、水文小区、畜牧局小区、康乐居）24小时服务热线：2812319（不热处理、报修、泡水、咨询、应急等）缴费咨询：2804000、2804111微信缴费：关注“延吉铁南供热有限公司”公众号即可微信支付九、延边祥晖热力有限公司(原佳能)【供热区域】：东始朝阳街，南起北大市场前站，西到局子街，北至延北路。（丹明小区、龙兴花园、丹延小区、延北小区、边防住宅楼、生态花园、宜居家园、大宇花园、森林小区、清平小气、青城小区、北大村住宅、北大公寓、农广校楼、天宇枫叶园、北大市场区域、鑫田格林小镇、首尔春天、古城花园）公司位置：延吉市青杨街2138号丹延小区7-12号7号楼100824小时服务热线：2459898（不热处理、报修、泡水、咨询、应急等）缴费咨询：2459898可微信支付：需到祥晖热力有限公司营业厅进行现场支付来源：延边晨报]]></content>
  <author><![CDATA[延边事]]></author>
  <time>2018-10-10 19:30:00</time>
  <account><![CDATA[zds0433]]></account>
</data>
