<data>
  <id><![CDATA[50238934]]></id>
  <url><![CDATA[https://mp.weixin.qq.com/s?timestamp=1539596440&src=3&ver=1&signature=Egrj350GoKY8-KUcIJshb*3JLoD4rd1u36KGybFsoZEJ6lbdUW1-EKLXtNY12ASQWqiZEvhnm8PIiGabOTpX*TAj2jG*O00zCwsTU06jnKDptOBX6GIcJ6do1yOkN06M-IwLexlWsjvhWfINvllE8Airronl1pbbVSGQ5Tgne6g=]]></url>
  <title><![CDATA[预计还有20天！延吉发展大坡就完工了]]></title>
  <content><![CDATA[延边人点上方蓝字“延边事”快速关注问网民：延吉发展烈士陵园坡道什么时候能通车使用？希望能加快进度，早日通车使用，缓解交通压力。答受理部门：延吉市住房和城乡建设局经了解，发展大坡改造工程预计10月末完工。最后感谢您对城建工作的关心支持和理解。来源：延边百姓热线]]></content>
  <author><![CDATA[延边事]]></author>
  <time>2018-10-11 19:30:00</time>
  <account><![CDATA[zds0433]]></account>
</data>
