<data>
  <id><![CDATA[50238934]]></id>
  <url><![CDATA[https://mp.weixin.qq.com/s?timestamp=1539596440&src=3&ver=1&signature=Egrj350GoKY8-KUcIJshb*3JLoD4rd1u36KGybFsoZEJ6lbdUW1-EKLXtNY12ASQWqiZEvhnm8PIiGabOTpX*Ubf5qG74XH0IgDzJtok3mjZFZlPUSS64iGhZXxMWDrjYnPyqvUp5x5tMTBmpub7IWFvyiR9871QoZJI5SpM9Y4=]]></url>
  <title><![CDATA[为解决城市棚户区改造逾期未安置和“无籍房”问题，吉林省政府成立了这个小组]]></title>
  <content><![CDATA[延边人点上方蓝字“延边事”快速关注吉林省人民政府办公厅关于成立吉林省解决城市棚户区改造逾期未安置和“无籍房”问题领导小组的通知吉政办函〔2018〕168号各市(州)人民政府，长白山管委会，长春新区管委会，各县(市)人民政府，省政府各厅委办、各直属机构：为进一步加强对我省解决城市棚户区改造逾期未安置和“无籍房”问题的组织领导，省政府决定成立吉林省解决城市棚户区改造逾期未安置和“无籍房”问题领导小组。现将领导小组成员名单通知如下：组     长：侯淅珉   副省长副 组 长：邱   鹏   省政府副秘书长兰宏良   省国土资源厅厅长孙众志   省住房城乡建设厅厅长成     员：王   萍   省监委委员吕洪民    省法院副院长张书华    省检察院副检察长武胜国   省委组织部副部长、省委非公有制企业和社会组织工作委员会书记陈雨点   省委宣传部副巡视员万春江   省信访局副局长刘日昊   省发展改革委副主任刘培柱   省公安厅副厅长张   伟   省民政厅副巡视员张宝政   省财政厅副厅长孙   铁   省环境保护厅巡视员、副厅长张永林   省农委副主任孙光芝   省林业厅副厅长张   宏   省质监局副局长徐玉成   省人防办副主任厉   刃   省公安消防总队副总队长王纪楠   省税务局副巡视员孙维仁   人民银行长春中心支行副行长赵   丹   吉林银监局副局长张兆义   国家开发银行吉林省分行副行长于永辉   中国农业发展银行吉林省分行副行长周艾辉   国网吉林省电力有限公司副总经理领导小组下设解决城市棚户区改造逾期未安置问题推进组和解决“无籍房”问题推进组。解决城市棚户区改造逾期未安置问题推进组组长由省住房城乡建设厅厅长孙众志兼任，办公室设在省住房城乡建设厅。解决“无籍房”问题推进组组长由省国土资源厅厅长兰宏良兼任，办公室设在省国土资源厅。吉林省人民政府办公厅2018年9月29日(此件公开发布)来源：吉林省人民政府官网 吉林日报]]></content>
  <author><![CDATA[延边事]]></author>
  <time>2018-10-10 19:30:00</time>
  <account><![CDATA[zds0433]]></account>
</data>
