<data>
  <id><![CDATA[50238934]]></id>
  <url><![CDATA[http://mp.weixin.qq.com/s?__biz=MzUxMTAyOTM3MA==&mid=2247490183&idx=7&sn=ffb0a5f7b06285320c88beda0c6ec6a0&chksm=f978a392ce0f2a8482b638bc2fcad85067f4a1322b87c6088a15ba409a823ef047f626ed3b4e&scene=27#wechat_redirect]]></url>
  <title><![CDATA[吓人！女婿擅自拧开电梯门，老丈人坠落8米电梯井身亡！]]></title>
  <content><![CDATA[延边人点上方蓝字“延边事”快速关注]]></content>
  <author><![CDATA[延边事]]></author>
  <time>2018-10-07 21:33:39</time>
  <account><![CDATA[zds0433]]></account>
</data>
