<data>
  <id><![CDATA[50238934]]></id>
  <url><![CDATA[http://mp.weixin.qq.com/s?__biz=MzUxMTAyOTM3MA==&mid=2247490183&idx=3&sn=c8f64326548cf3b26cc6d1c10cf7b49d&chksm=f978a392ce0f2a844e349a19069a00dcd8f3df00eb5616486ecae5eae6ff4294198e0222fcd4&scene=27#wechat_redirect]]></url>
  <title><![CDATA[他当孩子面偷钱还分赃，妻子竟笑开花]]></title>
  <content><![CDATA[延边人点上方蓝字“延边事”快速关注]]></content>
  <author><![CDATA[延边事]]></author>
  <time>2018-10-07 21:33:39</time>
  <account><![CDATA[zds0433]]></account>
</data>
