<data>
  <id><![CDATA[51280279]]></id>
  <url><![CDATA[https://mp.weixin.qq.com/s?timestamp=1539596402&src=3&ver=1&signature=Egrj350GoKY8-KUcIJshb1CEQJRdRpRplQtKph2z0lfgZtPcMRhKaZ-z4Qdv5HSwVu2BfZQ68REnNscIVtxs*akoAChHdrVijBfpbnhyumGfOP7gcmyO*nraNglBoJQpcHBT6cUeWiMIusYYhrQQLncnXOhfcSOhCg8KTn*zAzs=]]></url>
  <title><![CDATA[再脏的灶台，只用一根香蕉！立马就能洁净如新→]]></title>
  <content><![CDATA[临沂新闻了解更多内容  请点击“关注”1大家都知道厨房是油污重灾区，特别是灶台，厚厚的油污非常难清洗，用普通的方法根本不能洗干净。今天来教大家一个“快速清洗灶台油污”的小妙招，只需用一根香蕉，立马就能使灶台洁净如新，一起来看看吧！方法步骤如下：首先，准备好一根香蕉，香蕉吃掉留下香蕉皮就行了。然后，拿香蕉皮内侧在灶台的油污表面来回摩擦，擦拭后等油污软化，再用沾水的抹布轻轻一擦就非常干净了。不信就来看下最后的效果，用香蕉擦拭的灶台表面油污全不见了，非常干净。这是为什么呢？香蕉皮中含有鞣质，能够溶解灶台上面的油污，既能去除油污又能起到抛光的作用，所以才有这么强的清洗油污能力！还等什么？买香蕉去吧！来源丨人民日报〖 新媒体合作热线:0539-2952107 〗]]></content>
  <author><![CDATA[临沂新闻]]></author>
  <time>2018-10-13 18:14:02</time>
  <account><![CDATA[lytvlyxw]]></account>
</data>
