<data>
  <id><![CDATA[51280279]]></id>
  <url><![CDATA[https://mp.weixin.qq.com/s?timestamp=1539596402&src=3&ver=1&signature=Egrj350GoKY8-KUcIJshb1CEQJRdRpRplQtKph2z0lfgZtPcMRhKaZ-z4Qdv5HSwVu2BfZQ68REnNscIVtxs*T4qS8jGvsJgF*-ulhhGw8GSs97HEp0bPyHQbUJFghk35AqrU7XWe97NdGP9vP1Ic8WS1xb82QTEIRaZmtd4yD0=]]></url>
  <title><![CDATA[紧急！四辆警用摩托生死时速，临沂交警感动全国！]]></title>
  <content><![CDATA[临沂新闻了解更多内容  请点击“关注”1这个十一假期，风和日丽，非常适合出游，各大景区都是满满的游客。10月2日下午，在银座天蒙景区，正当游客们沉浸在秋季美景之中时，危险的一幕发生了，一名四岁的孩子突然发烧出现昏迷.......▲（视频：临沂新闻制作）来自济宁的林先生和妻子带着四岁半的儿子到景区游玩，下山的时候孩子一直说冷，并开始出现发热症状。等到了停车场，孩子开始出现呕吐，紧接着眼睛斜视，全身僵硬，开始昏迷。林先生急忙打120急救，但是因为路途远，情急之下，林先生向路边执勤的交警求助。接到求救后在现场执勤的费县交警迅速通知所有在天蒙景区至县城之间各执勤岗点立即开启绿色通道并通过对讲机通知路上铁骑队员沿途一路护送原本一个多小时的路程在四辆警车的疏导下不到半个小时就到达了医院因为送医及时，当天下午孩子就脱离了危险。费县人民医院急诊科主治医师 卞传宝：”当时比较紧急，孩子来到之后精神比较差，我们医护人员在急救室门口迎入抢救室，进行吸氧，观察生命体征，体温39摄氏度，生命体征比较平稳，因为送诊比较及时，小孩没有窒息危险。“由于孩子还需要住院观察，当天晚上林先生和妻子就带着孩子返回了济宁，林先生在电话里一再对费县交警表示感谢：“感谢临沂，感谢费县，感谢交警大哥”除了感谢交警大哥，还要感谢视频开头那位穿黑色衣服的“奔跑哥”，那个奋力狂奔的背影，其实是天蒙景区一名普通的安保队员-李松，那一刻他在与时间赛跑。当时景区的车辆和行人特别多，李松奋力狂奔在私家车前为李先生一行开路，边奔跑边挥舞着双手，并用言语示意两边车辆和行人躲让。费县交警、景区安保人员生死时速、紧急救人的感人事迹引起了各大媒体的关注一股暖流和满满的正能量刷爆朋友圈！《临沂新闻》第一时间进行了采访报道：▼▲（视频：临沂新闻制作）人民日报微博、抖音纷纷点赞！▼环球时报、共青团中央、扬子晚报迅速跟进报道.....▼"感谢交警大哥"林云先生的一句感谢，道出了内心最真挚的敬意和谢意！感谢有你在关键的时候，保障一条生命通道的畅通无阻。感谢有你总能让人心里感到踏实和安慰...感谢所有为生命开道的人们！向好人致敬！为正能量点赞！来源丨临沂新闻整理该文点赞数超过100个将从留言中抽取2位幸运粉丝获得中影乐尚影城提供的电影票一张〖 新媒体合作热线:0539-2952107 〗]]></content>
  <author><![CDATA[临沂新闻]]></author>
  <time>2018-10-07 14:31:18</time>
  <account><![CDATA[lytvlyxw]]></account>
</data>
