<data>
  <id><![CDATA[51280279]]></id>
  <url><![CDATA[https://mp.weixin.qq.com/s?timestamp=1539596402&src=3&ver=1&signature=Egrj350GoKY8-KUcIJshb1CEQJRdRpRplQtKph2z0lfgZtPcMRhKaZ-z4Qdv5HSwVu2BfZQ68REnNscIVtxs*T4qS8jGvsJgF*-ulhhGw8FEjnS7w4LI4dL3gjCWFyUYV4gnuDHZuiMCyP6-iFAty0fTNkUefIIug3vCWlyG-aY=]]></url>
  <title><![CDATA[朋友圈最心酸图片：放下手机才发现，留给你的时间不多了]]></title>
  <content><![CDATA[临沂新闻了解更多内容  请点击“关注”101“孩子，留给你的时间其实不多了，可你却浑然不知”。这是一位墨西哥网友在社交媒体上写下的一句话。而配图，就是下面这张照片。一位满头银发的爷爷带着孙子到麦当劳，请他吃他最喜欢吃的汉堡。孩子吃的很开心，爷爷脸上也露出欣慰的笑容。等到孙子吃完汉堡后，爷爷便开始和他聊天。但是基本上都是爷爷在说话，孙子只简短的回答着“嗯”。最后，孙子直接拿出平板电脑，带上了耳机，一门心思的玩起了游戏。而他的爷爷满脸落寞的隔着平板沉默的看着孙子，最后忍不住红了眼眶.......多么扎心的剧情。手机可以随时玩，可面前的亲人，却不能永远的等着你。或许有一天当你想和他说说话时却发现，他已离开，你再也找不到他了。不知道未来的某天，这个男孩会不会突然有那么一刻后悔？但是再细想，在这个网络时代，谁又不是这个小男孩呢？02我有一个朋友是小学老师，一天她布置了一篇作文，名字叫《我的爸爸妈妈》，交上来的作文大多都是大同小异，可有一篇不一样。在文章里，她说：“我的爸爸很忙，每天都要很晚回来，回到家就躺在沙发上玩手机、打游戏，他总说赚钱很累没时间陪我玩，让我找妈妈。可我不明白，为什么他可以玩手机游戏却不愿意陪我一起玩......”“爸爸总让我找妈妈玩，可妈妈也最喜欢和手机玩。她总是爱给我拍照，然后上传朋友圈，每隔几分钟就要看看有没有人点赞评论。她总是对着手机傻笑，可我不想拍照，我想让她陪着我玩，对着我笑......”朋友说看到这篇文章后突然觉得好心酸。有多少爸妈，总是在社交软件上表现的多爱自己的孩子？有多少爸妈，把本就不多的休闲时间还要分一大半给手机、游戏？他们真正全心全意面对面的陪着孩子玩的时间又有多少呢？或许手机里的所有人都知道他们爱自己的孩子，可只有他们的孩子不知道。03一位读者对我讲述了段他家过年时的实况。团圆佳节，所有人都赶去了父母的老家一起过年。父母很开心，这是他们每年盼望的一天，做了一大桌子的菜等着他们回来。可却发现，人是回来了，心却没回来。孩子们在玩着游戏，大人们忙着回复发送拜年信息，群里抢着红包，电视机里放着春晚却没人看......大家都玩儿得很开心，没人注意到，不会使用智能手机的父母正坐在拐角处看电视，和孩子说话，孩子都是敷衍应付。这个年，他们过得并不开心。他们想不明白，手机到底有什么好玩的？为什么现在的年，和以前不一样？朋友也是一样。你会发现现今朋友聚会时，很多时候聊着聊着就没话了，然后尴尬的低头划着自己的手机。慢慢的，大家已经懒得再外出社交，维系朋友关系纯靠朋友圈点赞。最爱的人，最亲密的人、最美好的景就在面前，你却忙着在朋友圈给好友点赞。你会发现，手机已经慢慢取替了声带成为了新的发声交流工具，人们已经慢慢的丧失面对面交流的能力，并且涵盖各个年龄层。以前总觉得网瘾是一种病，可现在，因为手机互联网的发达，“电子产品病毒”就像是一个传染性极高的病毒一样，几乎已经蔓延到整个人类。手机癌这种病，就像是不会恶化的慢性病，一点点的腐蚀你的生活，偷走对于你来说本该重要的东西。平时你从没觉得有什么问题，可等醒悟过来时往往就会发现：孩子长大了，父母老了，朋友淡了，恋人远了......就在紧盯着那小小屏幕一次次刷新中，自己已经错失了太多美好的人和风景，并且永远找不回来了。04手机偷走的仅仅是你生活社交吗？不，它还会偷走生命。之前，有姑娘走路时一直低头玩手机，没注意前方的下水道口坏了，直接卡进了下水道的栏杆里...有人走路时低着头玩手机直接掉进了池塘....有人搭电梯时低头玩手机，结果被绊倒夹在楼层之间……而这个更荒诞，车来车往的马路上，两个孩子恣意穿梭，而他们的妈妈却远远的站在一边全神贯注的看着手机。再抬起头来才发现，自己的孩子被车撞倒在地！还有商场的电梯旁，妈妈低头玩手机，连孩子翻上护栏都没发现，最终孩子从空隙处摔下了楼，当场死亡...有的时候，看手机真的是“一眼万年”，你总觉得才刷了几分钟，其实已经过去了半小时。在你低头关注着那小小的屏幕时，其实危险正向你和你身边的人慢慢袭来。05如果一年不让你用手机、没有网络你会怎么样？我的一个朋友回答：“我可能会活不下去吧！”是啊，现今出门完全可以空着手，因为只带一个手机就可以解决99%的问题。要是没了手机和网络，或许我们的生活确实会瘫痪。可细想下来，手机和网络的普及，不过一二十年，为什么我们以前能活，现在就不能活了？其实答案很简单。我们总觉得使用手机是为了方便生活，可其实，在我们觉得是自己在支配手机时，我们已经慢慢成为了手机的奴隶。真正的主人已经不再是人，而是手机。所以离开了它人才不能活。很多时候，我们对手机越来越依赖，越证明着在现实中我们就越来越孤独。而现实中越来越孤独，又会让我们对手机更加的依赖...这或许就是一个恶性循环。时间久了你就会发现，手机让你慢慢退化。全身只有手指最发达，你慢慢丧失了表达欲、社交欲......最重要的是你慢慢失去了人情味。手机要用吗？当然！既然能为我们生活提供便利，让我们过得更好为什么不用？尤其是在这样一个信息化时代里，将手机完全剥离出我们的生活，才是最不现实的事。既然剥离不了，那我们就只好学会“控制”。因它让我们的生活充满了便利，那节省下来的时间呢？能不能就多留一点给身边的人和现实的生活上？或许当你不被手机绑架后，你就会发现其实这个世界并没有那么枯燥，有趣好玩的多。有家人，有朋友，有爱人，有美景，有各式各样或奇葩或美好或感人的事每天都在发生。留一点时间给这个世界，或许你就会发现，这时的你或许活得才像一个“人”，有喜怒哀乐有人情味的人。来源丨人民日报、辣笔小尖椒〖 新媒体合作热线:0539-2952107 〗]]></content>
  <author><![CDATA[临沂新闻]]></author>
  <time>2018-10-07 14:31:18</time>
  <account><![CDATA[lytvlyxw]]></account>
</data>
