<data>
  <id><![CDATA[51280279]]></id>
  <url><![CDATA[https://mp.weixin.qq.com/s?timestamp=1539596402&src=3&ver=1&signature=Egrj350GoKY8-KUcIJshb1CEQJRdRpRplQtKph2z0lfgZtPcMRhKaZ-z4Qdv5HSwVu2BfZQ68REnNscIVtxs*akoAChHdrVijBfpbnhyumFkjRkWvOxwLSZ0-P4Xlci5BrEVri2Z-uMKVo23bQyvTgKISge*hR7yAb2CU1B7j-o=]]></url>
  <title><![CDATA[速看！这些业务全市通办！关系每个临沂人的生活]]></title>
  <content><![CDATA[临沂新闻了解更多内容  请点击“关注”1重磅好消息！临沂人以后去办这些事再也不用来回奔波啦！是的你没听错！可实现“全城通办”就近跑✔一次办好✔为进一步深化放管服改革，扎实推进“一次办好”，积极适应新时代公安工作新要求，近日，临沂市公安户政部门推出一系列审批服务便民化举措，减少办事环节，缩短审批时限，为群众提供更加便捷高效精准的服务。这些业务，“一次办好”1调整下放了变更民族、户口迁移等9项户口业务审批权限，进一步简化户口办理流程，提高工作效率。2明确“一次办好”服务事项，对于立户分户、出生登记、收养落户、户口迁移（不限区域）、变更更正户口登记项目（需要调查核实的除外）、出具各类证明等12类综合户口业务，符合户口管理规定且证明材料齐全的，承诺“一次办好”，由公安派出所当场办结；需要调查核实的，告知群众办理时限，并在规定限期内做出处理决定。3严格执行一次性告知制度和首问负责制，积极推行非核心材料容缺受理、预约办理、错时、延时服务等便民服务措施，切实兑现服务承诺。“全市通办”业务积极回应群众期待，不断拓展户口业务全市通办范围，有效避免群众在居住地和户籍地之间往返奔波，减轻群众负担。目前，具有我市户籍的群众，换领补领居民身份证和临时居民身份证、补领居民户口簿、出具户籍证明、出具死亡注销证明、变更更正非主项户口登记项目，可在全市范围内任一派出所办理。具体来说是这5类户口业务：一、出具户籍证明二、换发、补领居民户口簿三、换领、补领居民身份证（跨县区）四、出具死亡注销证明五、变更、更正非主要户口登记项目。公民可以异地变更、更正除姓名（含曾用名）、性别、民族、出生日期、公民身份号码、住址以外的其它户口登记项目，包括婚姻状况、兵役状况、文化程度、家庭关系、职业、服务处所、身高、血型、宗教信仰、联系电话等。全国各地居民可在我市任一派出所异地换领、补领居民身份证，不再限定居住地派出所受理。这些业务，服务更加规范编制了《办理户口、居民身份证业务证明材料清单》，严格规范各类户口业务的办理流程、证明材料和办理时限，减少工作的随意性。进一步精简证明材料，办理各类户籍业务，不再要求群众提供户籍证明、无犯罪记录证明、未落户证明材料。对于有依据的证明材料，凡公安机关能够自行核实的、能够通过数据共享查询的，也不再要求群众提供，坚决废除各类循环证明、奇葩证明等不必要的材料。确需申请人提供其他材料的，要向群众详细说明原因。规范完善派出所出具证明工作制度，符合出具证明条件且能够当场出具的，当场予以出具；需要调查核实的，在规定期限内调查核实后出具；超出公安机关职责范围的，开具《不予出具证明告知书》，避免群众往来奔波。为临沂便民的新速度！点zan！来源丨平安临沂 琅琊新闻网该文点赞数超过100个将从留言中抽取2位幸运粉丝获得中影乐尚影城提供的电影票一张〖 新媒体合作热线:0539-2952107 〗]]></content>
  <author><![CDATA[临沂新闻]]></author>
  <time>2018-10-13 18:14:02</time>
  <account><![CDATA[lytvlyxw]]></account>
</data>
