<data>
  <id><![CDATA[51280279]]></id>
  <url><![CDATA[https://mp.weixin.qq.com/s?timestamp=1539596402&src=3&ver=1&signature=Egrj350GoKY8-KUcIJshb1CEQJRdRpRplQtKph2z0lfgZtPcMRhKaZ-z4Qdv5HSwVu2BfZQ68REnNscIVtxs*RnIY-Te*nnf*UeOXagBhX*fKmDb5yAckNWyT82EWQJsbCcb8KvVbW0*XA*nw0zYahku2B4*eoAbChtuR9B0kRQ=]]></url>
  <title><![CDATA[警醒！一家人国庆出游，只因一个错误，付出惨痛代价！]]></title>
  <content><![CDATA[临沂新闻了解更多内容  请点击“关注”1正值国庆黄金周，高速上车来车往，也是事故高发期。微博上热传这样一段视频，看着就令人害怕。视频显示，高速路上两辆车在行车道发生追尾，虽无人受伤，但两家人的举动却使人大跌眼镜。前车一家人在高速路上就这么下了车，站在路中间查看情况，5个大人带着1个孩子齐齐站在了两辆车中间。结果，后方的一辆轿车躲避不及冲入现场，造成二次事故。据报道，事故发生于10月2日湖南衡阳许广高速衡阳西出口附近，在二次事故中，5人被冲撞受伤，1人被挤压在两车中间，伤者中有1名女童。原本是一个追尾，受伤的只有车，最后却因为一车人的错误做法，发展成多人受伤。网友们对此也是气愤不已：马上就是长假返程高峰了，在此提醒大家：↓↓↓高速公路发生事故，司乘人员应开启双闪，将车尽快驶入应急车道，避开主路路段，放置三角牌提醒后车，人员进入隔离带。保留现场照片证据，报警后交由高速交警处理。请务必重视交通安全开开心心出游！平平安安回家！来源丨人民日报、观察者网该文点赞数超过100个将从留言中抽取2位幸运粉丝获得中影乐尚影城提供的电影票一张〖 新媒体合作热线:0539-2952107 〗]]></content>
  <author><![CDATA[临沂新闻]]></author>
  <time>2018-10-06 14:07:07</time>
  <account><![CDATA[lytvlyxw]]></account>
</data>
