<data>
  <id><![CDATA[51280279]]></id>
  <url><![CDATA[https://mp.weixin.qq.com/s?timestamp=1539596402&src=3&ver=1&signature=Egrj350GoKY8-KUcIJshb1CEQJRdRpRplQtKph2z0lfgZtPcMRhKaZ-z4Qdv5HSwVu2BfZQ68REnNscIVtxs*YZ3ctmycGWbVXU7IBwZx-rCKy2uIpd3TejMVFmCC3LbHMF9I-LIS9nCRvTXUHqa9CMjYvOGqsvpVvjrTz1mqhM=]]></url>
  <title><![CDATA[用了这么多年微信才知道，扫一扫还藏着这3个功能，太好用了]]></title>
  <content><![CDATA[临沂新闻了解更多内容  请点击“关注”1来源丨妙招姐〖 新媒体合作热线:0539-2952107 〗]]></content>
  <author><![CDATA[临沂新闻]]></author>
  <time>2018-10-08 17:35:02</time>
  <account><![CDATA[lytvlyxw]]></account>
</data>
