<data>
  <id><![CDATA[51280279]]></id>
  <url><![CDATA[https://mp.weixin.qq.com/s?timestamp=1539596402&src=3&ver=1&signature=Egrj350GoKY8-KUcIJshb1CEQJRdRpRplQtKph2z0lfgZtPcMRhKaZ-z4Qdv5HSwVu2BfZQ68REnNscIVtxs*T4qS8jGvsJgF*-ulhhGw8Ecqphh9THM-0EZWKS59WwSjvqGTSjsq4nTft8Rubx1jw8F4PkEZn9aCUIwC1pxbcA=]]></url>
  <title><![CDATA[有一种感情叫发小！看哭了，你会转给谁？]]></title>
  <content><![CDATA[临沂新闻了解更多内容  请点击“关注”1那时候，天还很蓝，时间过得很慢，电视机里最受欢迎的节目是《小龙人》；那时候，语文课上学习的是泰山上的《挑山工》，每日放学后最大的期待，就是可以去玩溜溜球、摔泥巴；那时候，有一种感情叫“发小”，再没什么能比它更纯净美好。1、发小儿就是虽然没有血缘关系，但是比有血缘关系的还亲、还近的人！2、发小儿就是一块儿坐在马路边上，一根冰棍儿轮着舔，一瓶健力宝轮着喝，上学一块去，放学一块走的人！3、发小儿就是相互之间从来不喊大名，见面永远喊“江湖称号”的人！4、发小儿就是不管是好事还是坏事，永远在第一时间给你说的人！好事同你一块儿分享喜悦，坏事和你一同分担忧虑。5、发小儿就是不管你现在多成功，社会地位多高，一见面就爱数落你、损你、变着法儿地恶心你，但是让你一点脾气都没有的人！6、发小儿就是平常多年也见不着，但是一见面一点都不陌生，死乞白赖跟你显摆的人！在你郁闷、悲伤、痛苦的时候，常常成为你最好的倾诉对象的人！7、长大后我们为学业和事业各奔东西，以前的发小儿们你们现在在哪呢？当你郁闷、悲伤、痛苦的时候，他们是你最好的倾诉对象，陪你一起难过地醉。当你成功、开心、快乐的时候，他们会和你一起“弹冠相庆”，击掌祝贺。不管你走多远，心里永远会有一块位置留给“小时候……”，留给一起“和泥巴”的他们……无论相距多远，无论多久不见，发小都可以彼此陪伴，一直到老！来源丨人民日报〖 新媒体合作热线:0539-2952107 〗]]></content>
  <author><![CDATA[临沂新闻]]></author>
  <time>2018-10-07 14:31:18</time>
  <account><![CDATA[lytvlyxw]]></account>
</data>
