<data>
  <id><![CDATA[51280279]]></id>
  <url><![CDATA[https://mp.weixin.qq.com/s?timestamp=1539596402&src=3&ver=1&signature=Egrj350GoKY8-KUcIJshb1CEQJRdRpRplQtKph2z0lfgZtPcMRhKaZ-z4Qdv5HSwVu2BfZQ68REnNscIVtxs*Qk74JUf31FQLmIOkdFkf2gAM2C0cnbeTmWu01bUdnHs-t8EXallA2PT54dg8A1O5Zd66LJHjzrmB5JSDvvvn3Y=]]></url>
  <title><![CDATA[提醒！月入2万以下能减多少税？收好这张表，一查便知！]]></title>
  <content><![CDATA[临沂新闻了解更多内容  请点击“关注”110月1日起，纳税人实际取得的工资、薪金所得，减除费用标准统一按照5000元/月执行，并执行新的税率表。据测算，新规执行后，月收入2万元以下纳税人税负可降低50%以上。那么，减税额是如何计算出来的呢？以下这张计算表送给大家，赶紧对照查查吧↓来源丨国家税务总局〖 新媒体合作热线:0539-2952107 〗]]></content>
  <author><![CDATA[临沂新闻]]></author>
  <time>2018-10-10 14:33:45</time>
  <account><![CDATA[lytvlyxw]]></account>
</data>
