<data>
  <id><![CDATA[51280279]]></id>
  <url><![CDATA[https://mp.weixin.qq.com/s?timestamp=1539596402&src=3&ver=1&signature=Egrj350GoKY8-KUcIJshb1CEQJRdRpRplQtKph2z0lfgZtPcMRhKaZ-z4Qdv5HSwVu2BfZQ68REnNscIVtxs*SEDcuRMZYQy406*VNIV3008lFx2WwAjIyhmvHebrMsWOu79fRcsZq92nt7HmBhXeYZIpEBtlGav*gITt20Sw*8=]]></url>
  <title><![CDATA[临沂境内正在扩建一条高速！双向八车道，7个县区受益！]]></title>
  <content><![CDATA[临沂新闻了解更多内容  请点击“关注”1这几日关于高铁的新闻层出不穷大家都在兴奋中期盼着今天小编要给大家说的是途径临沂7个县区的一条高速新临高速（扩建工程），位于山东省境内，为京沪高速公路新泰至临沂(鲁苏界)段改扩建工程，线路长约170公里，起于蒙阴县与新泰市交界处K540+242，经蒙阴县、沂南县、兰山区、临沂高新区、罗庄区、兰陵县、郯城县7个县区，止于郯城县红花埠南(鲁苏界)K710+000，接已建京沪国家高速公路江苏新沂至淮安段，设计时速120千米/小时，全线采用双向八车道高速公路标准改扩建。新临高速改扩建工程于上半年4月份开工，总工期42个月，计划于2021年6月交工。该项目的建设，可以有效提升京沪高速公路临沂段的通行能力，完善山东省高速公路网，对促进临沂经济发展、服务沂蒙老区人民具有重大意义。来源丨临沂在线该文点赞数超过100个将从留言中抽取幸运粉丝一位获得温和集团提供的美酒一提〖 新媒体合作热线:0539-2952107 〗]]></content>
  <author><![CDATA[临沂新闻]]></author>
  <time>2018-10-14 14:08:11</time>
  <account><![CDATA[lytvlyxw]]></account>
</data>
