<data>
  <id><![CDATA[51280279]]></id>
  <url><![CDATA[https://mp.weixin.qq.com/s?timestamp=1539596402&src=3&ver=1&signature=Egrj350GoKY8-KUcIJshb1CEQJRdRpRplQtKph2z0lfgZtPcMRhKaZ-z4Qdv5HSwVu2BfZQ68REnNscIVtxs*fXh4E3Dp8tny3LaJYHteFLT9UNxF*e5iEP9BujkvWJ2pNjfOIBB71NnEblEJeerSIbqu69LBxHbqLCOycndN24=]]></url>
  <title><![CDATA[定了！临沂这6个镇被省里看上，将有大发展]]></title>
  <content><![CDATA[临沂新闻了解更多内容  请点击“关注”1根据全省乡村振兴战略规划部署要求，为打造乡村振兴齐鲁样板的示范标杆，探索乡村振兴新模式、新机制、新路径，今年8月，省发展改革委联合省委组织部、宣传部、政法委、农工办等11个部门，印发了示范创建工作通知及实施方案，全面启动了乡村振兴“十百千”工程。此次筛选的乡村振兴“十百千”示范县、乡、村坚持区域布局、优中选优的原则着力打造不同区域特色、不同发展类型的示范标杆一是突出地域差异、科学布局。针对东中西不同地区资源禀赋、产业基础、区位优势等，鼓励探索平原、山区、库湖区等各具特色的乡村振兴路径，注重差异化布局。二是坚持统筹兼顾、彰显特色。既统筹推进“五个振兴”，又突出产业、生态、文化等特色优势，确保重点突破，充分发挥示范带动作用。三是注重项目推进、夯实支撑。在明确实施乡村振兴战略时间表、路线图和任务书的同时，根据示范创建工作需要，强化支撑保障措施，抓好重点项目建设，确保有项目、有抓手、可操作。经各市择优推荐上报、省直联合审查，最终确定在邹城市等10个县（市、区）、平阴县玫瑰镇等100个乡（镇、街）、商河县龙桑寺镇刘集村等1000个村，开展示范创建工作，着力探索打造乡村振兴齐鲁样板的多元模式和成功经验，以点带面推动全省乡村振兴战略健康有序进行。下面，就要表扬临沂啦小编梳理发现蒙阴县入选10个示范县之一下列镇入选100个示范乡（镇、街）之一沂水县院东头镇蒙山旅游度假区柏林镇沂南县铜井镇临沭县曹庄镇费县薛庄镇平邑县温水镇小伙伴们你的家乡上榜了吗快来为家乡加油吧来源丨闪电新闻 临沂大众网该文点赞数超过100个将从留言中抽取幸运粉丝一位获得温和集团提供的美酒一提〖 新媒体合作热线:0539-2952107 〗]]></content>
  <author><![CDATA[临沂新闻]]></author>
  <time>2018-10-11 16:05:40</time>
  <account><![CDATA[lytvlyxw]]></account>
</data>
