<data>
  <id><![CDATA[51280279]]></id>
  <url><![CDATA[https://mp.weixin.qq.com/s?timestamp=1539596402&src=3&ver=1&signature=Egrj350GoKY8-KUcIJshb1CEQJRdRpRplQtKph2z0lfgZtPcMRhKaZ-z4Qdv5HSwVu2BfZQ68REnNscIVtxs*RnIY-Te*nnf*UeOXagBhX-YaJbuU-OqHn9NUbCEOUHzT849FVop09UQ5PIF8oXq1GDfst8hL99F8laabW8UtE4=]]></url>
  <title><![CDATA[总投资50亿元，临沂又多了一个旅游休闲的好去处！]]></title>
  <content><![CDATA[临沂新闻了解更多内容  请点击“关注”1好消息！临沂又将增加一个旅游休闲的好去处，↓↓↓彩虹文化运动休闲特色小镇！9月29日，儒商大会2018文化创意产业发展与新旧动能转换高端论坛举行。论坛现场，11个重点文化产业项目签约，其中，山东亲情沂蒙旅游有限公司与浙江瑞林景观工程有限公司成功签约，共同打造总投资50亿元的“彩虹文化运动休闲特色小镇”项目。（效果图）据了解，该项目是沂水县125工程重点项目，于2018年7月21日正式启动，按五年建设周期统筹规划，2018年小镇一期工程，计划投资5.96亿元，重点建设沂水县青少年实践教育培训及研学旅行基地、国家五星级彩虹自驾车运动营地、国家级登山健身步道、民俗文化区、彩虹文创产业园、沂蒙古城、医疗康养基地、体育培训基地、国学禅修区及配套服务区等项目。（效果图）彩虹文化运动休闲特色小镇，挖掘传承文化、开放经营、四季旅游，融入彩虹元素是小镇特色的精髓，打造集体育赛事、休闲健身、康养医疗农业体验、体育培训、民俗文化于一体的全国一流的体育旅游项目。期待彩虹文化运动休闲特色小镇早日建成！来源丨综合自文化山东、亲情沂蒙旅游、琅琊新闻网该文点赞数超过100个将从留言中抽取幸运粉丝一位获得温和集团提供的美酒一提〖 新媒体合作热线:0539-2952107 〗]]></content>
  <author><![CDATA[临沂新闻]]></author>
  <time>2018-10-06 14:07:07</time>
  <account><![CDATA[lytvlyxw]]></account>
</data>
