<data>
  <id><![CDATA[51280279]]></id>
  <url><![CDATA[https://mp.weixin.qq.com/s?timestamp=1539596402&src=3&ver=1&signature=Egrj350GoKY8-KUcIJshb1CEQJRdRpRplQtKph2z0lfgZtPcMRhKaZ-z4Qdv5HSwVu2BfZQ68REnNscIVtxs*bsiuGPW4Af8HRQJckZg4EpFfYl7vDG1mntxySZ8GvfNnTIaAAIwEECfEOSWinYQnUs6g6nR7oJVLV-MgdaQofw=]]></url>
  <title><![CDATA[超震撼！这个区要打造“临沂新中心”，你生活在这里吗？]]></title>
  <content><![CDATA[临沂新闻了解更多内容  请点击“关注”1建设“中心城的中心区”，推进“一体两翼三轴”和未来新城建设，“对接央企、对接500强”，……河东将打造“五座新城”建设“创业新城”，就是打造创新主体，构筑人才高地，深化重点领域改革，优化产业体系，落实创新发展；建设“和谐新城”，就是打造高品质城区，构建大交通格局，传承文化魅力，建设特色镇村，落实协调发展；建设“生态新城”，就是推进绿色低碳发展，实施增绿扩绿工程，实施环境综合治理，推进全域旅游建设，落实绿色发展；打造“活力新城”，就是拓展开放空间，发展电子商务，扩大招商引资，落实开放发展；建设“幸福新城”，就是巩固提升脱贫成果，提供优质公共服务，创新社会治理体系，落实共享发展，增强人民群众获得感。进入新时代，临沂市委、市政府提出在河东建设新旧动能转换国际生态新城，打造临沂的未来之城。河东区提出全力打造“五个中心”，即打造生态宜居、医养健康、文体旅游、总部物流、科教创新“五个中心”，开启建设现代化生态宜居中心区新征程。近日，河东区连续发布两个重磅宣传片，一起欣赏新城之美！河东区城市形象宣传片河东区招商宣传片大美新临沂，美丽河东区，作为临沂“北上东进”布局的重要一环，河东区未来可期！建设新旧动能转换国际生态新城在沂沭河之间规划建设新旧动能转换国际生态新城是市委、市政府作出的一项重大战略部署。“国际”是指发展站位，坚持世界眼光、国际水准；“生态”决定了转换方向，即坚持生态优先、绿色发展；“新城”是指发展目标，建设一座体制新、业态新、模式新、风貌新，符合临沂市未来发展方向的未来新城。河东区将按照市委、市政府的决策部署，紧紧抓住这一机遇、切实用好机遇，紧跟新时代、迎接新挑战、展现新作为，加快建设新旧动能转换国际生态新城，争当全市新旧动能转换重大工程示范区、引领区，全力打造绿色崛起的河东样本。加快推进“四城”开发建设为激活旅游业新动能，河东区确定了“一心、二区、三带、多点”的产业布局，加快推进沂州古城、中国梦幻城、汤泉古城、  祝丘古城  “四城”开发建设，改造提升国际影视城、假日农夫、立晨农庄，打造“河东+台儿庄”“河东+泰安”“河东+微山湖”等精品线路，加快开发相公分金台、汤河祝丘古城、凤凰岭等文化遗址，加强宣传营销，健全服务体系，全力创建国家全域旅游示范区、国家级温泉旅游度假区，打造都市一小时旅游圈和温泉度假首选地。▲河东滨河游乐场▲立晨农庄▲临沂国际影视城重大项目扎堆01投资300亿、约10平方公里，打造新城临沂凤凰新城项目位于河东区行政区划内，一期南至人民大街，北至中昇大街，东至温泉路-兖石铁路，西至新规划的东兴路，总面积约10平方公里，二期范围根据一期实际情况向周边辐射，计划总投资约300亿元。凤凰新城将打造成为立足临沂、辐射鲁南苏北，全国一流的融城新客厅，财智新中枢、幸福新天地。项目计划利用5年的时间，达到核心区基本建成，其它区域陆续跟进，最终将河东区打造成为“城在绿中、人在景中”的绿色生态低碳新城。02200亿打造火车北站片区改造、农业科技景观城临沂火车北站片区改造提升项目临沂火车北站片区改造提升项目和临沂农业科技景观城项目，计划总投资200亿元，在结合河东区发展实际基础上，贯彻“产城融合、城乡一体”理念，重点打造城市组团，提升区域档次，包含基础设施建设、文体旅游、温泉开发、康养住宅、观光农业特色小镇建设和地质技术服务等，使之成为反映河东地域特色和经济风貌的城市标志性区域。03“奥正田园综合体”项目“奥正田园综合体”项目位于临沂市河东区太平街道和九曲街道行政区划内，总面积约12平方公里，计划投资300亿元，集现代农业、文化旅游、康养、商业、教育等功能于一体，项目建成后将成为全市乃至全省具有示范引领作用的田园综合体。04临沂市建设职工中等专业学校新校区选址公示继临沂体育运动学校后，临沂市建设职工中等专业学校新校区选址公示，学校占地近50亩，学校具体位置为河东区中昇大街与东兴路交会处西南位置。据悉，接下来河东将高标准提前推进高职高校片区概念、规划、实施，争取纳入全市科技创新区建设，集聚一批高职高专学校入驻。（学校鸟瞰图）05加快西安路大桥、凤凰大街工程建设，对标北城新区河东区委书记隽新阳在出席“凤凰新城新天地”项目战略合作签约仪式时指出，河东区现在正处在大发展、大提升的关键时期，城市开发潜力不断提升，得到了社会各界的认可。市委、市政府对河东区提出了“提高站位、精心谋划、对标北城新区，结合市委、市政府‘北上东进’战略，打造美丽宜居中心城区”的要求，要加快西安路大桥、凤凰大街、南京东路等市级重点工程建设，给河东带了重大利好。06东部大学城落户相公网络图片高点定位，超前谋划，按照世界眼光、国际标准，突出临沂特色、河东优势，建设校城一体的东部大学城。近日，为加快推进临沂农业科技职业学院、临沂理工职业学院建设，临沂农业科技职业学院临沂理工职业学院建设协调领导小组成立，并成立临沂农业科技职业学院筹建组、临沂理工职业学院筹建组。其中，临沂农业科技职业学院(筹)校区选址位于河东区相公街道北京东路以南，处于规划中的临沂东部科教片区组团内。2020年3月前完成办学评估验收，4月份申报当年招生计划，9月份新生入学。07投资120亿华东太阳城落户河东据了解，华东太阳城项目总投资120亿元，规划占地3000亩，项目建成后，将成为华东地区建设规模最大，集医疗保障、生活居住、康体健身、休闲养生和商务商贸于一体的大型综合性健康产业城。08总投资100亿元的荣昌文创小镇项目落户河东文创小镇项目总投资100亿元，一期投资20亿元，以挖掘传统文化（萃取当地的儒文化、遗址文化、汉字文化、汉文化、民俗文化、帝王文化、名人文化、沐浴文化）为支撑，弘扬“生活禅”，以再现古镇景区汤城为载体，以城、屋（民宿）、河、岛、渠、湿地相融相生为理念，以古汤温泉为辅引，集吃、住、行，游、购、娱，商、养、学，闲、情、奇，集、会、训等要素为一体的江北一流体现浓郁地方特色的文化休闲旅游度假目的地。滨河东路、金雀山东路节点规划这就是美丽河东区！临沂新中心！经济蓬勃发展交通四通八达历史文化深厚自然资源丰富生态美奂美伦怎么样？看到这些是不是感觉有些激动呢？未来简直不可估量那就让我们共同奋斗，一起期待吧！来源丨琅琊新闻网 临沂河东网该文点赞数超过100个将从留言中抽取幸运粉丝一位获得温和集团提供的美酒一提〖 新媒体合作热线:0539-2952107 〗]]></content>
  <author><![CDATA[临沂新闻]]></author>
  <time>2018-10-12 18:26:23</time>
  <account><![CDATA[lytvlyxw]]></account>
</data>
