<data>
  <id><![CDATA[51280279]]></id>
  <url><![CDATA[https://mp.weixin.qq.com/s?timestamp=1539596402&src=3&ver=1&signature=Egrj350GoKY8-KUcIJshb1CEQJRdRpRplQtKph2z0lfgZtPcMRhKaZ-z4Qdv5HSwVu2BfZQ68REnNscIVtxs*YZ3ctmycGWbVXU7IBwZx-pv15JdEaIDsx9*IL7iPDia4C7bQu162GLHhii2Ld9yqLSQ3aM29VRtx*kc11rp3qc=]]></url>
  <title><![CDATA[刚刚公布！临沂这两个地方厉害了，登上全国百强榜]]></title>
  <content><![CDATA[临沂新闻了解更多内容  请点击“关注”110月8日出版的人民日报发布“2018年中国中小城市科学发展指数研究成果”公告其中临沂兰山区、沂水县均榜上有名。2018年中国中小城市科学发展指数研究成果由中国中小城市发展指数研究课题组、中小城市发展战略研究院、中城国研智库联合发布。“2018年中国中小城市科学发展指数研究成果”包括2018年度全国中小城市综合实力百强县市、2018年度全国中小城市绿色发展百强区、2018年度全国中小城市投资潜力百强县市等多个榜单。综合实力指数综合实力指数评价指标体系立足践行新发展理念和高质量发展的要求，从经济发展、社会进步、环境友好、城乡融合和政府效率五个维度进行评价。在2018年度全国综合实力百强区中，临沂兰山区排名第41位。（点击图片可查看大图）绿色发展指数绿色发展指数，在工业化中后期和后工业化时期，生态资源价值越来越为人们所认可，绿色生态越来越成为最大优势、最大品牌。绿色发展评价指标体系包含四个方面的指标：资源节约、绿色生活、污染治理、生态建设。在2018年度全国绿色发展百强区中，临沂兰山区排名第31位；2018年度全国绿色发展百强县中，沂水县排名第51位。（点击图片可查看大图）投资潜力指数投资潜力指数，投资潜力研究侧重于对蕴涵在区域这一综合体中的投资环境和投资机会的发掘，努力引到区域发展方向，并对投资决策提出建议。投资潜力评价指标体系包含五方面指标：人口和劳动力、基础设施、交通区位、生态环境和营商环境。在2018年度全国投资潜力百强区中，临沂兰山区排名第14位；2018年度全国投资潜力百强县中，沂水县排名第65位。（点击图片可查看大图）（点击图片可查看大图）科技创新指数科技创新指数研究力图对创新环境、创新服务、创新融资、创新主体、创新成效等进行系统评估。中小城市科技创新评价指标体系包含四个指标：“双创”平台建设、研发潜力、科技创新活力、科技创新成效。在2018年度全国科技创新百强区，临沂兰山区排名第60位；2018年度全国科技创新百强县，沂水县排名第99位。新型城镇化质量指数依据《国家新型城镇化规划》的要求，结合中小城市发展实际，从城镇化水平、基本公共服务、基础设施和资源环境四个方面构建中小城市新型城镇化质量评价体系。在2018年度全国新型城镇化质量百强区，临沂兰山区排名第33位；2018年度全国新型城镇化质量百强县，沂水县排名第86位；中小城市是推动国民经济发展的重要力量，是乡村振兴的战略支点，是承接大城市的辐射与带动、吸纳农村劳动力、推进乡村振兴的主要载体。截至2017年底，中国大陆共有中小城市(广义范围，包括含乡镇的市辖区)2811个，中小城市直接影响和辐射的区域，行政区面积达934万平方公里，占国土面积的97 %；总人口达11.7亿，占全国总人口的84.67%；经济总量达70.24万亿元，占全国经济总量的84.9%。“2018年中国中小城市科学发展指数”研究对象界定为：县级市、县以及空间相对独立的市辖区，以及发展基础较好、具备“建市”条件的镇。对县级市、县、自治县，课题组以各省发展态势较好的部分县市作为发放基本情况调查问卷的范围，以回收问卷的县市作为评价样本;考虑相对独立发展的市辖区的特点，本评价体系对692个市辖区进行全样本评价;对发展基础较好、具备“建市”条件的镇，以全国重点镇、各省发展态势较好的镇为评价样本。中小城市科学发展指数研究体系以“创新、协调、绿色开放、共享”新发展理念为指导，率先提出中小城市综合实力指数、绿色发展指数、投资潜力指数、科技创新指数、新型城镇化质量指数的概念和理论，引导中小城市树立科学的政绩观和发展观，通过研究树立全国综合实力百强县、百强区、千强镇等发展典型，引领中小城市在全面建设社会主义现代化强国新征程中发挥更积极的作用。客观剖析中小城市发展水平和发展质量，总结一般性发展规律，探索科学发展、高质量发展路径，不断地丰富和完善中小城市可持续发展理论体系。中小城市发展战略研究院、中城国研智库等机构倾力构建中国中小城市科学发展指数系统工程，持续14年对中小城市发展指数进行深入系统研究，并逐年推出阶段性研究成果。来源丨人民日报 大众日报该文点赞数超过100个将从留言中抽取2位幸运粉丝获得中影乐尚影城提供的电影票一张〖 新媒体合作热线:0539-2952107 〗]]></content>
  <author><![CDATA[临沂新闻]]></author>
  <time>2018-10-08 17:35:02</time>
  <account><![CDATA[lytvlyxw]]></account>
</data>
