<data>
  <id><![CDATA[51280279]]></id>
  <url><![CDATA[https://mp.weixin.qq.com/s?timestamp=1539596402&src=3&ver=1&signature=Egrj350GoKY8-KUcIJshb1CEQJRdRpRplQtKph2z0lfgZtPcMRhKaZ-z4Qdv5HSwVu2BfZQ68REnNscIVtxs*clH5kQcEn-yzbOf9oMau3QBmANRZPfslA0NP2P4IwNmCvMOZz8otc3s3wfPF*NdVYk5OtmfAumo*G9q2sC2hMU=]]></url>
  <title><![CDATA[鲁Q车主注意，油价可能要破“8”......]]></title>
  <content><![CDATA[临沂新闻了解更多内容  请点击“关注”1油价最新消息：网友们担心将成为现实“三连涨”过后，将迈向“四连涨”马上就要跨入“8元时代”！9月30日我们迎来了9月份第三次成品油价格上涨，根据近期国际市场油价变化情况，按照现行成品油价格形成机制，自2018年9月30日24时起，国内汽、柴油价格（标准品，下同）每吨分别提高240元和230元。折合升价92#汽油及0#柴油分别上调0.19、0.20元。分析人士认为，下一轮成品油调价（10月19日24时）“四连涨”的概率较大。如果这次油价上调落实，全国92号汽油将有可能全面突破8元时代。“四连涨”！“四连涨”！！“四连涨”！！！油价缘何持续上涨？省油小妙招↓↓↓尽量避免亮灯再加油当油表指示剩余1/4时，就该加油了。油泵连续工作温度较高，浸在燃油中可以有效降温，当油灯亮的时候说明油面已低于油泵，长此以往会缩短油泵的使用寿命。加半箱油确实会省油一点点油耗除了跟发动机技术、传动效率、轮胎性能、风阻系数等因素有关外，与车身自重有很大关系，而汽油的重量当然也包含其中。虽说几十公斤相对1吨多的车身是微乎其微的数字，但如果日积月累的话，确实是会有省油的效果。所以建议在城市行驶可以采用少量多次的方式，但如果跑长途那还是加满最好。还记得上一次涨价仿佛就在昨天怎么一转眼油价又涨了呢？希望油价不要再涨的赶紧点右下角的让小编看到你们的态度！来源丨 德州晚报该文点赞数超过100个将从留言中抽取2位幸运粉丝获得中影乐尚影城提供的电影票一张〖 新媒体合作热线:0539-2952107 〗]]></content>
  <author><![CDATA[临沂新闻]]></author>
  <time>2018-10-15 17:31:13</time>
  <account><![CDATA[lytvlyxw]]></account>
</data>
