<data>
  <id><![CDATA[51280279]]></id>
  <url><![CDATA[https://mp.weixin.qq.com/s?timestamp=1539596402&src=3&ver=1&signature=Egrj350GoKY8-KUcIJshb1CEQJRdRpRplQtKph2z0lfgZtPcMRhKaZ-z4Qdv5HSwVu2BfZQ68REnNscIVtxs*T4qS8jGvsJgF*-ulhhGw8EzF2V6gx2rFwKfbHxP2S4Z0Iv7-u9hBj9r*Tnl7TeHzT6c9slMSL0cqTR4Cr8i7X8=]]></url>
  <title><![CDATA[省政府发文！关系临沂每一个孩子，家长看看！]]></title>
  <content><![CDATA[临沂新闻了解更多内容  请点击“关注”1近日，山东省人民政府发布《山东省人民政府办公厅关于城镇居住区配套教育设施规划建设的意见》（以下简称《意见》）对城镇居住区配套教育设施建设提出规划。小学每班不超过45人，中学每班不超过50人《意见》指出，要完善建设规划，确定配套教育设施建设规划标准。配套教育设施建设规划，由市、县（市、区）政府组织教育、卫生计生、统计等部门科学测算本行政区域内每千人口的入学、入园人数，作为编制配套教育设施建设规划的依据。建设规划配套教育设施，应符合省定中小学、幼儿园办学条件标准。其中，幼儿园不宜超过12个班，小学和初中不超过36个班，九年一贯制学校不超过45个班，普通高中不超过60个班；幼儿园平均每班不超过30人，小学每班不超过45人，中学每班不超过50人。鼓励开展小班化教学，设置小规模学校。同时要加强已建成居住区配套整改。已建成居住区现有学前教育和义务教育学位无法满足需求，或现有幼儿园和中小学校不符合规划条件及有关技术标准规范的，由县（市、区）政府负责统筹，规划、住房城乡建设、教育、国土资源等部门共同参与，补建（改建）配套教育设施。因居住区开发建设单位原因未达到配建要求的，责成开发建设单位完成教育设施配套建设，拒不履行配建责任的，记入不良信用记录，限制或停止其承接新的开发项目。规划为配套教育设施的建设用地 不可挪作他用《意见》提出要加强用地保障。优先供应配套教育设施建设用地。根据城镇控制性详细规划确定的配套教育设施办理建设用地手续，并依法划拨给教育部门。盘活的存量土地优先用于配套教育设施用地，确需新增建设用地的，由市、县（市、区）通过新增用地计划和城乡建设用地增减挂钩等节余指标统筹解决。同时要优先熟化配套教育设施用地。配套教育设施用地未熟化、没有达到建设条件的规划建设居住区，不予供给建设用地，确保教育设施用地与首期居住用地同步供地、同步达到建设条件。规划为配套教育设施的建设用地，不可挪作他用；确需调整的，应同等面积补偿，位置要符合配套要求，并经同级教育行政部门同意。已经建成的学校（幼儿园）需要调整的，经所属教育行政部门同意后，实行先建后调整，不得影响正常教学活动。配套教育设施与居住区要捆绑建设除此，记者了解到《意见》还提出要加强资金保障。首先是全面落实房地产开发项目建设条件意见书制度。依据规划条件，在建设条件中明确配套教育设施的建筑规模、建设标准、完成时限、投资来源、移交方式，作为相关地块的出让条件。其次是配套教育设施与居住区捆绑建设。独立建设配套教育设施的居住区，配套教育设施和居住区捆绑建设，由当地政府或开发建设单位出资建设，须在房地产开发项目建设条件意见书中明确，当地政府要加强监管。不能独立建设的配套教育设施，按照配套教育设施建设标准要求，核定教育设施建设成本，纳入土地熟化成本，并作为土地招拍挂出让条件，由当地政府或当地政府委托国有投资平台组织实施配套教育设施项目建设。不能满足适龄儿童入学入园需求的居住区不予办理手续最后，《意见》明确指出要加强建设管理。现有居住区的扩建规划及新建居住区的规划，须征求同级教育行政部门意见，对不能满足控制性详细规划和规划条件确定的教育设施规划布局要求、无法满足适龄儿童入学入园需求的居住区建设项目，不予办理规划许可手续。分期开发的居住区建设项目应将配套教育设施安排在首期建设。建设条件意见书中明确由政府投资建设配套教育设施的，原则上应先于居住区首期建设项目开工建设。建设条件意见书中明确由开发建设单位投资建设配套教育设施的，应与居住区首期建设项目主体工程一并申报施工许可。竣工验收上，配套教育设施应与居住区建设项目同步竣工，同步接受验收。实施配套教育设施建设“交钥匙”工程，建成并验收合格后3个月内无偿交付当地教育行政部门。教育行政部门接到建设完成的配套教育设施后，应及时办理产权登记手续。来源丨山东省政府网站〖 新媒体合作热线:0539-2952107 〗]]></content>
  <author><![CDATA[临沂新闻]]></author>
  <time>2018-10-07 14:31:18</time>
  <account><![CDATA[lytvlyxw]]></account>
</data>
