<data>
  <id><![CDATA[51280279]]></id>
  <url><![CDATA[https://mp.weixin.qq.com/s?timestamp=1539596402&src=3&ver=1&signature=Egrj350GoKY8-KUcIJshb1CEQJRdRpRplQtKph2z0lfgZtPcMRhKaZ-z4Qdv5HSwVu2BfZQ68REnNscIVtxs*fsZk3PPmGXd5gsPMcfjG3hhFfmIIuiD14SRktXTbpcyrPfpg-3mwqIxv3fs20KDNGph7L-0VT85*9zt3QbJMzk=]]></url>
  <title><![CDATA[房地产领域这些突出问题，临沂市政府要管了！]]></title>
  <content><![CDATA[临沂新闻了解更多内容  请点击“关注”1要买房或者有房子的小伙伴注意了这个消息你一定要知道！👇👇👇临沂市人民政府办公室发文将集中处理房地产领域突出问题加强对房地产行业的管理临沂市人民政府办公室关于印发《集中处理房地产领域突出问题工作方案》的通知各县区人民政府，市政府各部门、各直属机构，临沂高新技术产业开发区管委会，临沂经济技术开发区管委会，临沂临港经济开发区管委会，临沂商城管委会，临沂蒙山旅游度假区管委会，临沂综合保税区管委会，各县级事业单位，各高等院校：《集中处理房地产领域突出问题工作方案》已经市政府研究同意，现印发给你们，请认真贯彻实施。临沂市人民政府办公室2018年9月28日方案详情如下：⇣⇣⇣集中处理房地产领域突出问题工作方案为集中处理房地产领域突出问题，妥善解决商品房、经济适用房不动产证办理和经济适用房小区配套设施不完善等问题，参照外地经验，结合我市实际，制定本方案。一、指导思想以保障和改善民生为出发点和落脚点，坚持问题导向原则， 通过处理房地产领域突出问题，建立协调有效的工作机制，着力破解商品房、经济适用房不动产证办理难题，积极解决经济适用房小区配套设施不完善等问题，切实维护群众合法权益， 提升人民生活品质。二、工作原则（一）依法合规，尊重历史。在法律法规框架下，充分尊重商品房、经济适用房项目建设时的政策规定，既考虑形成遗留问题的历史原因，又兼顾现行政策要求，坚持依法依规行政、 创新工作方法，多措并举、标本兼治，确保集中处理工作稳步 实施。（二）精准识别，分类处理。对问题项目，按照建设时间、 房屋性质、手续办理情况、存在主要问题等，逐一梳理甄别， 摸清项目底数，建立项目及问题台账。依据存在问题和项目实 际，着力研究解决对策，分类制定实施细则，成熟一批解决一 批，逐步解决房地产领域突出问题。（三）先易后难，扎实推进。房地产领域突出问题形成时间长，涉及部门多，处理难度大，需要按照项目的实际情况和手续办理的难易程度，分类汇总，逐步办理。先期处理商品房、 经济适用房项目不动产证办理和经济适用房项目配套不完善等 问题，再行处理其他类型突出问题，确保扎实推进，如期完成任务。（四）明确职责，务实高效。按照“属地管理、上下联动” 的原则，市级负责政策制定、统筹协调、方案审核、效能监督， 区级负责摸清底数、制定方案、组织落实、信访维稳等具体实 施工作。各级各有关部门要按照职责分工，密切协调配合，提高手续办理效率，共同推进突出问题集中处理工作。三、处理范围中心城区内（含兰山区、罗庄区、河东区、高新区、经开 区）国有建设用地上已建成并投入使用，不能正常办理不动产登记的商品房、经济适用房项目；供暖、供水等配套设施不齐全，规划、消防、工程等验收存在问题的经济适用房项目。四、目标任务按照全面推进与分类实施相结合原则，对问题项目分批次处理，力争用 1 年时间，基本解决商品房、经济适用房办证和经济适用房配套不完善等突出问题。五、组织机构市政府成立临沂市集中处理房地产领域突出问题工作领导小组（以下简称领导小组），负责统筹中心城区房地产领域突出问题集中处理工作；对全局性、政策性问题，召开专题会议研究落实；对相关工作进行督促协调和效能监督；办理市委、市政府交办的其他事项。领导小组下设综合协调组、不动产证办理问题专项工作小组、经济适用住房问题专项工作小组。综合协调组、经济适用住房问题专项工作小组设在市房产和住房保障局，不动产证办理问题专项工作小组设在市国土资源局。（一）综合协调组1．主要职责。负责领导小组日常事务管理、会议组织、活动安排、宣传报道、协调调度、工作保障等综合服务和统筹协调工作；对经领导小组研究确定的事项和意见，形成会议纪要， 作为各部门的执行依据；对市区两级工作落实情况进行效能监督。2．组成人员。由协助副市长工作的副主任任综合协调组组长，市信访局、市财政局、市国土资源局、市房产和住房保障局、各区政府（开发区管委会）分管负责同志任副组长，上述单位科室（部门）负责同志或业务骨干为成员。3．任务分工。市信访局：负责处理商品房、经济适用房项目不动产证办理和经济适用房项目配套不完善等相关信访事项的接待、解答。市财政局：负责相关工作经费保障工作。市国土资源局：负责与不动产证办理问题专项工作小组的工作衔接。市房产和住房保障局：负责与经济适用住房问题专项工作小组的工作衔接。（二）不动产证办理问题专项工作小组1．主要职责。负责调度汇总各区（开发区）提报的商品房、 经济适用房项目存在的不动产登记相关问题，审核处置方案， 研究相关政策并指导实施。2. 组成人员。市国土资源局主要负责同志任专项工作小组组长，市国土资源局、市财政局、市规划局、市住建局、市房产和住房保障局、市城管局、市园林局、市人防办、市公安局、 市公安消防支队、市税务局、市工商局、市质监局、市政府法制办、市中级法院等有关部门分管负责同志任副组长，上述单位科室负责同志或业务骨干为成员。3. 任务分工。向上滑动阅览市国土资源局：负责商品房、经济适用房问题项目不动产 登记工作的综合协调；对办理不动产登记的各项手续进行审查， 提出完善不动产登记有关手续的处理意见并负责落实。对存在用地手续问题的项目进行完善整改；对已完善手续的项目，依法办理不动产登记。市财政局：负责对项目办理不动产证存在的配套费问题提 出处理意见，并负责落实。市规划局：负责对项目存在的规划相关问题提出处理意见， 并负责落实。市住建局：负责对项目施工许可、工程质量、竣工验收等环节存在的问题提出处理意见，并负责落实；召集项目涉及的 水、暖、气等专营单位，提出处理意见，并负责落实。市房产和住房保障局：负责监督管理房地产企业的违法销 售行为；核查房屋维修资金缴存情况，对存在的问题提出处理 意见，并负责落实；负责房地产开发项目竣工综合验收备案手 续审查，对存在的问题提出处理意见，并负责落实。市城管局：负责对存在违法建设的项目进行行政处罚或提 出处理意见，并负责落实。市园林局：负责对项目园林绿化的验收审查，对存在的问 题提出处理意见，并负责落实。 市人防办：负责对项目涉及的人防问题提出处理意见，并负责落实。市公安局：负责对问题项目涉嫌违法犯罪的行为进行调查 侦办。市公安消防支队：负责对项目存在的消防问题提出处理意见，并负责落实。市税务局：负责核查项目单位缴税情况，对存在的问题提 出处理意见，并负责落实。市工商局：负责核查项目单位工商登记情况，对存在的问 题提出处理意见，并负责落实。市质监局：负责项目建筑物电梯安全认定，对存在的问题提出处理意见，并负责落实。市政府法制办：负责提供法律政策咨询和市政府有关文件的审查。市中级法院：负责按照法律规定提供司法保障。（三）经济适用住房问题专项工作小组1．主要职责。负责调度汇总各区（开发区）提报的经济适用房项目存在的问题，审核处置方案，研究相关政策并指导实 施。2．组成人员。市房产和住房保障局主要负责同志任专项工作小组组长，市房产和住房保障局、市财政局、市国土资源局、 市规划局、市住建局、市城管局、市园林局、市物价局、市人 防办、市公安局、市公安消防支队、市中级法院等有关部门分管负责同志任副组长，上述单位科室负责同志或业务骨干为成员。3．任务分工。向上滑动阅览市房产和住房保障局：负责指导各区（开发区）落实处理 经济适用房项目存在的各类问题；负责监督管理房地产企业的 违法销售行为。市财政局：负责对经济适用房项目存在的配套费问题和应 由政府投资项目的资金问题提出处理意见，并负责落实。市国土资源局：对存在用地手续问题的经济适用房项目提 出处理意见，并负责落实。市规划局：负责对经济适用房项目存在的规划相关问题提 出处理意见，并负责落实。市住建局：负责对经济适用房项目施工许可、工程质量、竣工验收等环节存在的问题提出处理意见，并负责落实；负责 召集问题项目涉及的水、暖、气等专营单位，提出处理意见， 并负责落实。市城管局：负责对存在违法建设的经济适用房项目进行行政处罚或提出处理意见，并负责落实。市园林局：负责对经济适用房项目园林绿化的验收审查，对存在的问题提出处理意见，并负责落实。市物价局：负责对经济适用房价格方面的问题提出处理意见，并负责落实。市人防办：负责对经济适用房项目涉及的人防问题提出处 理意见，并负责落实。市公安局：负责对经济适用房项目涉嫌违法犯罪的行为进 行调查侦办。市公安消防支队：负责对经济适用房项目涉及的消防问题 提出处理意见，并负责落实。市中级法院：负责按照法律规定提供司法保障。各区（开发区）要成立领导小组和相应工作机构，负责所属区域内的房地产领域突出问题集中处理工作，对存在的问题 和项目进行全面调查摸底，建立台账，制定方案并组织实施。向市领导小组提报调查摸底情况、工作进展情况和处理方案， 对推进过程中的重大事项、重要问题应及时提报市领导小组， 并按照研究确定的意见抓好落实。处理群众关于房地产领域相关问题的信访投诉，做好矛盾纠纷的疏导、化解和社会稳定工作。对于临沂购房者来说政府集中处理房地产领域突出问题加强对房地产行业的管理无疑是件大好事！期待就一起点zan支持吧！来源丨临沂发布 琅琊新闻网该文点赞数超过100个将从留言中抽取2位幸运粉丝获得中影乐尚影城提供的电影票一张〖 新媒体合作热线:0539-2952107 〗]]></content>
  <author><![CDATA[临沂新闻]]></author>
  <time>2018-10-09 16:24:27</time>
  <account><![CDATA[lytvlyxw]]></account>
</data>
