<data>
  <id><![CDATA[51280279]]></id>
  <url><![CDATA[https://mp.weixin.qq.com/s?timestamp=1539596402&src=3&ver=1&signature=Egrj350GoKY8-KUcIJshb1CEQJRdRpRplQtKph2z0lfgZtPcMRhKaZ-z4Qdv5HSwVu2BfZQ68REnNscIVtxs*fXh4E3Dp8tny3LaJYHteFK9OI97zO9xb3QDytVlLywZtzDDr8NtdZ1aKni2m4D24hj0Mhc7qhMUiLZPaNPVIBQ=]]></url>
  <title><![CDATA[又一涉黑恶犯罪团伙！临沂警方发布悬赏通告！这些人谁认识？]]></title>
  <content><![CDATA[临沂新闻了解更多内容  请点击“关注”扫黑除恶，临沂在行动！自开展扫黑除恶专项斗争以来，临沂市出重拳、下重手，保持对黑恶势力犯罪的高压态势。关于征集王计柏等人违法犯罪线索的通告附：犯罪嫌疑人照片王计柏吴清林谢国平谢云飞张涛尤杰陈孝磊司巍巍刘冲正告犯罪嫌疑人不要抱有侥幸心理，尽快投案自首，争取宽大处理。支持扫黑除恶！让黑恶势力知道为非作歹定会被人人喊打点扩散，让黑恶势力无处可逃！来源丨临沭公安〖 新媒体合作热线:0539-2952107 〗]]></content>
  <author><![CDATA[临沂新闻]]></author>
  <time>2018-10-11 16:05:40</time>
  <account><![CDATA[lytvlyxw]]></account>
</data>
