<data>
  <id><![CDATA[51280279]]></id>
  <url><![CDATA[https://mp.weixin.qq.com/s?timestamp=1539596402&src=3&ver=1&signature=Egrj350GoKY8-KUcIJshb1CEQJRdRpRplQtKph2z0lfgZtPcMRhKaZ-z4Qdv5HSwVu2BfZQ68REnNscIVtxs*Qk74JUf31FQLmIOkdFkf2jyqMO6onZ4u-rg8chDgAXPFtSPC6bwdnRt*AWZmfKP7ZAP8YbiiXmX46EfQn521JU=]]></url>
  <title><![CDATA[【荐读】“有些人你早该拉黑了”]]></title>
  <content><![CDATA[临沂新闻了解更多内容  请点击“关注”1明知道放手会痛快，可总是缅怀于付出：“钱都付了”、“都3年了”、“婚都结了”然后继续痛苦地硬撑。这些人是傻吗？其实不是。因为人的本性，就是不断地占用、消耗，至于是否值得，往往总是忘记。很多时候，表面上看着“得到的东西”，都隐藏着“无尽的损失”。及时止损的重点，不在于“止损”，而在于能不能“及时”。最让人肉疼的，不是当下舍弃的小钱，而是长久投入、最后崩盘；更是“早就该这么做了”的悔恨感。生活中，我们不难看到类似的事件：情感早已破裂的夫妻，却不离婚；被公司拖垮的员工，却不离职。小时候我问我爸，为什么那些很可怜的人，都不离开？我爸一语点破：很多人心存侥幸，更重要原因是他们没有底气。一个搞刑侦的民警说过：“很多被骗去搞传销的人，其实很快就能知道这是骗局。但是他们不甘心投入的钱打了水漂，于是想方设法地弥补损失。甚至当了传销组织的帮凶。”那些“肯赌”的人，其实早就看淡了对错，更注重结果。我还看过一个令人唏嘘的采访：37岁的男子在面馆被采访，聊到工作时间和待遇，义愤填膺，还把自己说哭了：他在公司呆了12年，工资只涨过2次，加班没有加班费，还经常为季度考评发愁。记者问他：为什么不辞职呢？他就一脸发愁，摆出“老员工”的身份，好像公司离不开他似的，说“都这么多年了……”实际上，12年间他也没有创造出突出的业绩，混日子罢了。现实就是这样，你没有底气的时候，只有被选择的权利。是金条或者是荆条，反正好不容易抓住的，死死攥住就对了。表面上是公司不够好，实际上是不确定，自己能不能配得上更好的。我们总是能听到：想买的东西要趁早，越早买，以后分摊到每一天的费用就越便宜；想做的事儿要快，机会不等人，别考虑！......但却没人告诉你，想扔的东西也要趁早，要不然日后分摊到每一天的糟心也就越多。更没人告诉你，冲动消费、冲动行动之后的后果，该怎么承担。真正“嫁得好”的人，是那些不需要“嫁得好”，也能过得好的人。每个人的归宿，最终都是自己，这世界上围城很多，没点底气，走不出去。该放手时不纠结，该告别时不犹豫，当你不计从前，才能看见未来。西方有句谚语：“不要为打翻的牛奶哭泣。”别喊心疼，“舍得”是成长中最大的幸运。来源丨末那大叔（ID：monadashu77）、人民日报〖 新媒体合作热线:0539-2952107 〗]]></content>
  <author><![CDATA[临沂新闻]]></author>
  <time>2018-10-10 14:33:45</time>
  <account><![CDATA[lytvlyxw]]></account>
</data>
