<data>
  <id><![CDATA[51280279]]></id>
  <url><![CDATA[https://mp.weixin.qq.com/s?timestamp=1539596402&src=3&ver=1&signature=Egrj350GoKY8-KUcIJshb1CEQJRdRpRplQtKph2z0lfgZtPcMRhKaZ-z4Qdv5HSwVu2BfZQ68REnNscIVtxs*fsZk3PPmGXd5gsPMcfjG3hht8oKvUf3zxGUYTko1vD20LbA889UOnTcFOgfb5zu3RUkVHhsnfYN6scM1XbQ7sA=]]></url>
  <title><![CDATA[省里发通知！临沂这个收费站停止收费！]]></title>
  <content><![CDATA[临沂新闻了解更多内容  请点击“关注”1临沂又一国道收费站停止收费了！过往车辆全部免费通行！！咱临沂人出行又能省下一笔钱啦！▽▽近日，省交通运输厅印发《关于做好国道327费县收费站等3处政府还贷普通路桥收费站点停止收费工作的通知》，要求对国道327费县收费站、省道329肥城收费站和省道238高青收费站3处收费站点收费期满后立即停止收费。收费站点停止收费后，相关部门和单位抓紧拆除收费设施，尽早恢复路桥畅通。据悉，国道327费县收费站已于2018年9月30日达到规定的收费期限。根据全省交通运输工作会议精神，省道227沂南大庄收费站收费期满后也将停止收费！据悉该站于2003年审批收费，到2018年正好是收费期限的15年。相关法规根据国务院制定的《收费公路管理条例》第十四条规定，收费公路的收费期限，由省、自治区、直辖市人民政府按照下列标准审查批准：（一）政府还贷公路的收费期限，按照用收费偿还贷款、偿还有偿集资款的原则确定，最长不得超过15年。国家确定的中西部省、自治区、直辖市的政府还贷公路收费期限，最长不得超过20年。（二）经营性公路的收费期限，按照收回投资并有合理回报的原则确定，最长不得超过25年。国家确定的中西部省、自治区、直辖市的经营性公路收费期限，最长不得超过30年。对于经常往返这里的临沂司机而言一年下来也是一笔不小的开支快把这个好消息告诉你的朋友们吧！来源丨山东交通运输厅网站〖 新媒体合作热线:0539-2952107 〗]]></content>
  <author><![CDATA[临沂新闻]]></author>
  <time>2018-10-09 16:24:27</time>
  <account><![CDATA[lytvlyxw]]></account>
</data>
