<data>
  <id><![CDATA[51280279]]></id>
  <url><![CDATA[https://mp.weixin.qq.com/s?timestamp=1539596402&src=3&ver=1&signature=Egrj350GoKY8-KUcIJshb1CEQJRdRpRplQtKph2z0lfgZtPcMRhKaZ-z4Qdv5HSwVu2BfZQ68REnNscIVtxs*fsZk3PPmGXd5gsPMcfjG3ggNHQ21dRoho7zNtTV-cR2DS-EnJdCAD5MS-kW39RYZyEkyCVxRsjykc*agV8L7Fs=]]></url>
  <title><![CDATA[去一次医院，就活明白了]]></title>
  <content><![CDATA[临沂新闻了解更多内容  请点击“关注”11最近很忙，但是想着一定抽空请朋友的儿子小航吃个饭。小航的爸妈是我和老公多年的好友，我们也算是看着小航长大的。准确说，是看着他一点一点长歪的。四年前小航高考结束，他的爸妈请朋友们吃饭。小航拿着一瓶啤酒，说感谢大家的照顾，眨眼间干到了底。在我们的目瞪口呆中，他就这样连喝了三瓶，之后又去水龙头下面淋透自己，说这才够爽。我们错愕着，这孩子是刚从书桌旁站起来，还是刚从酒桌上走下来？高中三年的时间，到底是读书了，还是混江湖了？小航的爸爸有些尴尬，他一直希望孩子可以文质彬彬，学有所成。可是没想到，这短短几年时间，小航已经不怎么摸笔了，烟酒倒是不离身，手指间已经布满了黄色的烟渍。通宵打游戏，早起浑浑噩噩间，就到冰箱里摸一瓶带着冰碴儿的饮料，咕咚咕咚干到底。然后再去打篮球、游泳，和一群哥们儿胡吃海喝。小航的爸妈也是苦口婆心地劝，你这样，身体受不了的，等到老了，哪都疼，就知道后悔了。可是，就算嘴皮子磨破了也没什么用。小航一听见爸妈的唠叨，掉头就跑。年轻不任性，那还是年轻吗？2好容易挤出点时间，时隔四年，又和小航一家坐在饭桌上，才发现，这个23岁的年轻人真的是变了样。点菜时，老公特意点了瓶好酒，以为小航会喜欢。可是，小航根本喝不了，不仅如此，菜品里的腥、冷、辣也一概不吃。几天没刮胡子的小航，恍惚之间，我竟然觉得他有些沧桑和衰老。怎么会这样呢？本是意气风发的好年纪啊。小航妈妈说，小航这几天正在针灸，喝汤药。他全身的骨头好像都增生了，连腰间盘都是突出的。阴天下雨，小航总会先腿疼，比小航奶奶的“天气预报”还准。拍了CT片子，拿给医生看。医生说，患者应该40岁了吧。以前，爸妈怎么说，小航都不在乎，听不进去。总觉得年轻在手，不挥霍一下，对不起自己的好年纪。现在才明白，生病，能治愈一切任性。曾经八匹马都拉不回来的小航，就这样变得温顺了。身体不发威，真的就不知道好好吃饭、好好睡觉、好好过日子。去一趟医院，所有的任性就都治好了。3活得太嚣张、太任性这种事，真的只有医院能治得好。前几天，老板给员工们预约了体检。我们饿着肚子憋着尿，等着医生拿着各种仪器在身上扫来扫去，虔诚地问，“没事吧？”期待着能像古时皇帝大赦天下一样，听到一句“没事”，然后赶紧溜之大吉。可是，同组的艳艳偏偏就没等到那声“赦免”。医生说，她有子宫肌瘤，已经很大了，最好进一步确诊，安排手术。而且，她这种情况，微创做不了，必须切得更大一些。艳艳说，当她躺在手术台上全麻后，满脑子想的都是，等好了回去，可得好好活着，再不敢这么任性了。以前为了美，总是衣服少穿一点，鞋跟再高一点；为了工作从不考虑劳逸结合，总想着晚睡一点，将就一口，自己再拼一点。笑容总是很少，郁闷总是很多；洒脱的时候总是很少，暴跳如雷的时候总是很多。现在想一想，能健健康康、平平安安地生活，才是最重要的。4眼前，总是有比吃饭睡觉更重要的事——要工作、要玩、要任性、要潇洒。只是，要的太多了，脑子想着还能再要点啥的时候，身体已经付不起成本了。有人说，人生可以做很多蠢事。但是，最蠢的事，就是忽视健康。所有的事，和健康比起来，都是小事。去一趟医院，住上几天，刀枪剑戟地过一遍，就活明白了。人生最大的事，就是保重自己，好好活着，活出个欢喜的样子来。好好活着，才会遇见爱情，不管现在是凄风苦雨，还是孤苦伶仃。保重自己，才可以用更长更长的幸福的日子去稀释那一段孤独的岁月。若干年后再回首，曾经的肝肠寸断，才能变成云淡风轻；好好活着，才能守住亲情，不管现在是远隔万里，还是相望无言。保重自己，才会有峰回路转之时。多浓的情，其实都是彼此的拥有。你若安好，我这里才是晴天；好好活着，才不枉人世间走一回。烤着生命的火，满怀敬畏地走好这一生。等火萎了，我们离开了，可以坦然而快乐。这，也许就是故事最好的结局。来源丨人民日报〖 新媒体合作热线:0539-2952107 〗]]></content>
  <author><![CDATA[临沂新闻]]></author>
  <time>2018-10-09 16:24:27</time>
  <account><![CDATA[lytvlyxw]]></account>
</data>
