<data>
  <id><![CDATA[51280279]]></id>
  <url><![CDATA[https://mp.weixin.qq.com/s?timestamp=1539596402&src=3&ver=1&signature=Egrj350GoKY8-KUcIJshb1CEQJRdRpRplQtKph2z0lfgZtPcMRhKaZ-z4Qdv5HSwVu2BfZQ68REnNscIVtxs*clH5kQcEn-yzbOf9oMau3Srw30D2OCWN4oT5K-OoKYYTFVw4*bZEm77TurDEf2R5Ir2wCGZN7XOR0x9DEGzJsA=]]></url>
  <title><![CDATA[判刑13年，临沂一干部因这事犯下大错，案件详情曝光]]></title>
  <content><![CDATA[临沂新闻了解更多内容  请点击“关注”1近日，临沂沂水法院审理了一起因侥幸铸成大错的刑事案件，被告人因犯挪用公款罪被判处有期徒刑十三年。被告人王某系某县供销合作社人事科副科长，自2002年开始购买彩票，此后逐渐沉迷于中奖的美梦中难以自拔。2010年后，王某接替同事的工作，负责办理职工退休和收取医疗保险金，期间开始出现偶尔挪用钱款购买彩票、股票，过后及时“补漏”的情况。2014年，王某买彩票花光家中积蓄，补不上借钱和公款的亏空，只得回家哭诉，由其丈夫帮助借钱弥补。在丈夫的监督下，王某保证不再买彩票，却很快瞒着家人故态重萌。2015年以后，因政策原因到王某处补缴养老保险的人数增多，王某接触、挪用的数额也逐渐加大，彩票久买不中使她不得不拆东墙补西墙，用小额贷款、高利贷、后款补前款的方式补亏空；急于回本的赌徒心态、害怕被发现的恐惧又促使王某进一步铤而走险，如滚雪球一般，逐渐走上一条不归路。2015年5月至2018年4月，王某利用职务之便私自长期、多次挪用收取的困难企业、破产清算阶段职工缴纳的养老保险金、医疗保险金用于购买股票、彩票，亏空数额共计12393327.92元，造成职工养老保险金、医疗保险金无法上缴的严重后果。2018年4月28日，王某在其丈夫和单位领导的陪同下来到县监察委投案自首，对其所作所为供认不讳。一时贪婪终生遗憾，损害了党的形象，侵害了群众利益，最终受到党纪国法的严惩！教训深刻，值得每一个人警醒！来源丨平安临沂网〖 新媒体合作热线:0539-2952107 〗]]></content>
  <author><![CDATA[临沂新闻]]></author>
  <time>2018-10-15 17:31:13</time>
  <account><![CDATA[lytvlyxw]]></account>
</data>
