<data>
  <id><![CDATA[51280279]]></id>
  <url><![CDATA[https://mp.weixin.qq.com/s?timestamp=1539596402&src=3&ver=1&signature=Egrj350GoKY8-KUcIJshb1CEQJRdRpRplQtKph2z0lfgZtPcMRhKaZ-z4Qdv5HSwVu2BfZQ68REnNscIVtxs*fsZk3PPmGXd5gsPMcfjG3h81QbBgdYqBzJqwo3SLAJkCstISII9QBZRk-QW*ewExT2sl-FGTmeyPMUnfxmUYPk=]]></url>
  <title><![CDATA[危急60分钟！老人被卡旋耕犁，警民联合施救]]></title>
  <content><![CDATA[临沂新闻了解更多内容  请点击“关注”1危急！一位60多岁的老人被卡旋耕犁，左大腿被犁齿刺穿......最近，在平邑县温水镇永安村60多岁的袁庆思老人在自家田地内用手扶拖拉机带动的旋耕犁耕地时，不慎被犁齿刺穿左大腿，老人被卡在旋耕犁齿上动弹不得，情况十分危急，附近群众发现后立即拨打了电话报警求助。(视频：临沂新闻制作)接到报警后，平邑县公安局温水派出所值班副所长郝立俊带领6名辅警第一时间赶到现场组织营救。平邑县公安局温水派出所副所长郝立俊向记者介绍了当时情况：“接到指令后我带领联合队员迅速赶到现场，到达现场发现一60岁男性村民在干活时被手扶拖拉机的旋耕犁插入大腿中。”郝立俊指挥民警使用扳手拆卸固定旋耕犁头的两侧螺丝，试着把旋耕犁从手扶拖拉机上拆下来，同时组织民警到路口去等待、引导消防大队及120救援车辆，在平邑消防大队及120急救人员赶到了现场后，民警和消防队员迅速研究好救援方案，立即展开救援。平邑县公安消防大队南泉中队中队长助理闫锋对记者说：“伤者处于半昏迷状态，情况十分危急，利用破拆工具组进行扩张，最后用无齿锯进行切割，将机器进行分离，救出被困人员。”经过警民一个多小时的努力，终于将卡在旋耕犁上的袁庆思老人救了下来，并立即送往平邑县中医院进行抢救。目前，受伤老人生命体征平稳。小编在此提醒，当前正值“三秋”大忙时节，在忙秋收、秋耕、秋种时，农民朋友一定要把安全时刻牢记心头，特别是在操作大型农机具时，一定要做好必要的安全防护措施，防止发生类似事件。来源丨临沂新闻〖 新媒体合作热线:0539-2952107 〗]]></content>
  <author><![CDATA[临沂新闻]]></author>
  <time>2018-10-09 16:24:27</time>
  <account><![CDATA[lytvlyxw]]></account>
</data>
