<data>
  <id><![CDATA[51280279]]></id>
  <url><![CDATA[https://mp.weixin.qq.com/s?timestamp=1539596402&src=3&ver=1&signature=Egrj350GoKY8-KUcIJshb1CEQJRdRpRplQtKph2z0lfgZtPcMRhKaZ-z4Qdv5HSwVu2BfZQ68REnNscIVtxs*fXh4E3Dp8tny3LaJYHteFLfiVzq2duD1DMl5ns3JMU*DeAJuAFf0r-57OadVsou9hBF0*6t9dDRXgcNPAM9n5o=]]></url>
  <title><![CDATA[通告！这些道路、桥梁将被限行！具体时段公布]]></title>
  <content><![CDATA[临沂新闻了解更多内容  请点击“关注”12018临沂国际马拉松比赛定于10月21日（星期日）举行。为保障比赛的顺利进行及比赛期间道路交通安全畅通，根据《中华人民共和国道路交通安全法》的相关规定，比赛期间，市公安局将对城区部分道路分时、分段采取临时限制车辆通行措施。现通告如下：一、10月21日5时30分开始至比赛结束，下列时间、道路除持有2018临沂国际马拉松比赛专用证件的车辆外，其他社会车辆按以下规定分时、分段限行：1、5时30分至14时00分，北京路自沂蒙路至沭河路，禁止机动车通行。社会车辆可绕行广州路、长春路。2、6时00分至14时00分，蒙河路自上海路至智圣路；孝河路自上海路至智圣路；汶河路自上海路至书圣路，禁止机动车通行。社会车辆可绕行马陵山路、蒙山北路、广州路。3、6时00分至9时00分，北京路自沭河路至沂河北大桥（含）；沭河路自上海路至书圣路，禁止机动车通行。社会车辆可绕行沂蒙北路、广州路、长春路。4、6时00分至9时30分，滨河西路自北京路至三和大桥；祊河路自孝圣路（不含）至三和大桥；府左路自算圣路至祊河路；府右路自算圣路至祊河路；三河口隧道出入口，禁止机动车通行。社会车辆可绕行柳青河东路、柳青河西路。5、6时30分至9时00分，滨河西路自北京路至南京路；南京路沂河桥，禁止机动车通行。社会车辆可绕行温凉河路。6、7时00分至10时30分，滨河东路自南京东路至解放东路；解放路沂河桥；禁止机动车通行。社会车辆可绕行东兴路、陶然路沂河桥。7、7时15分至11时00分，滨河东路自解放东路至临工路（不含）；金雀山路沂河桥，禁止机动车通行。社会车辆可绕行东兴路、陶然路沂河桥。8、7时15分至11时00分，滨河路自解放路至沂蒙路、沂蒙北路自祊河路至北京路，社会车辆可绕行涑河南北街、上海路、马陵山路。9、7时30分至11时45分，沂河路沂河桥；滨河西路自沂河路至金雀山路，禁止机动车通行。社会车辆可绕行临工大桥、沂州路。10、8时00分至12时00分，金雀山路自滨河路至沂蒙路，禁止机动车通行。社会车辆可绕行平安路、陶然路。11、8时15分至13时00分，沂蒙路自金雀山路至滨河路，禁止机动车通行。社会车辆可绕行南大路、沂州路。12、8时30分至13点30分，滨河路自沂蒙路至蒙山大道；蒙山大道祊河桥，禁止机动车通行。社会车辆可绕行聚才路、西安路。13、8时30分至14时00分，双岭高架路由西向东方向，自工业大道下高架匝道处至滨河路主线，王庄路上高架匝道口，禁止机动车通行。社会车辆可绕行工业大道、北园路。14、8时30分至14时00分，蒙山高架路由南向北方向，自成才路上高架匝道处至三环大桥主线，双岭立交桥北城方向匝道及滨河路方向匝道，禁止机动车通行。社会车辆可绕行通达路、双岭路、西安路祊河桥。15、8时30分至14时00分，北京路自蒙山北路至沂蒙北路，禁止机动车通行。社会车辆可绕行祊河路、南京路、广州路。二、为确保比赛正常进行，上述道路禁止各类社会车辆停放，禁止堆放各类物品。三、比赛沿线各路口的车辆和行人，须服从现场公安民警的指挥，禁止随意进入比赛道路；禁止尾随运动员；在马拉松比赛专用车辆和运动员通行时，禁止横穿道路。四、交通封闭路段实际恢复社会交通时间由公安机关交通管理部门根据比赛情况进行调整。五、比赛沿线单位工作人员和社区居民请提前做好出行计划，安排好绕行路线。请社会单位和广大市民给予理解支持，自觉遵照执行。临沂市公安局2018年10月11日注：赛事期间，长春路沂河桥、陶然路沂河桥、临工大桥、沂龙湾大桥、西安路祊河桥可正常通行。2018临沂国际马拉松赛道涉及封闭路段及穿越点设置一、双向封闭路段（非桥梁路段）北京路（蒙山北路至滨河西路）、滨河西路（祊河路至南京路）、滨河东路（南京东路至临工路）、金雀山路（滨河路至沂蒙路）、沂蒙路（金雀山路至滨河路）、滨河路（沂河路至蒙山大道）。二、单向封闭路段南京路沂河桥由西向东、蒙山大道（蒙山高架路北出口至北京路，东侧）。三、涉及跨河桥梁隧道封闭时间安排（一）南京路沂河桥由西向东7:00-9:00封闭，由东向西正常通行。（二）北京路沂河桥东西双向6:30-9:10封闭。（三）解放路沂河桥东西双向7:20-10:00封闭。（四）金雀山路沂河桥东西双向8:00-12:00封闭。（五）陶然路沂河桥东西双向不封闭，但不允许在桥面停车驻留。（六）沂河路沂河桥东西双向8:00-11:10封闭。（七）三河口隧道7:00-10:30封闭。（八）沂蒙路祊河桥由南向北7:30-10:30，由北向南7:30-12:45封闭。（九）通达路祊河桥南北双向不封闭，但不允许在桥面停车驻留。（十）蒙山大道祊河桥由南向北8:40-13:30封闭，向北向南正常通行。四、全程马拉松赛道路段封闭时间安排（一）北京路（沂蒙北路至柳青河桥）东西双向6:00-14：00封闭。（二）滨河西路（北京路至南京路）南北双向6:50-8:30封闭。（三）滨河东路（南京东路至解放东路）南北双向7:10-9:40封闭。（四）滨河东路（解放东路至陶然东路）南北双向7:30-10:00封闭。（五）滨河东路（陶然东路至临工路）南北双向7:45-10:45封闭。（六）滨河路（沂河路至金雀山路）南北双向8:00-11:40封闭。（七）金雀山路（滨河路至沂蒙路）东西双向8:15-12:00封闭。（八）沂蒙路（金雀山路至滨河路）南北双向8:30-12:45封闭。（九）滨河路（沂蒙路至蒙山大道）东西双向8:40-13:10封闭。（十）北京路（蒙山北路至沂蒙北路）东西双向8:50-13:30封闭。五、半程马拉松赛道路段封闭时间安排滨河路（解放路至沂蒙路）、沂蒙北路（祊河路至北京路）7:30-10:35封闭。六、迷你马拉松赛道路段封闭时间安排除与全程、半程马拉松共有赛道外，7:00-9:00封闭。七、穿越点设置（一）一级穿越点（含机动车、非机动车、行人）马陵山路与北京路路口（二）二级穿越点（仅非机动车、行人）北京路与上海路路口、沂蒙路与北园路路口、沂蒙路与兰山路路口、沂蒙路与解放路路口、沂蒙路与银雀山路路口、金雀山路与沂州路路口。八、主要绕行参考路线祊河路下穿沂蒙路桥、柳青河东西路下穿北京路、陶然路沂河桥、涑河南北街下穿沂蒙路、通达路祊河桥、西安路祊河桥等。来源丨 临沂体育〖 新媒体合作热线:0539-2952107 〗]]></content>
  <author><![CDATA[临沂新闻]]></author>
  <time>2018-10-11 16:05:40</time>
  <account><![CDATA[lytvlyxw]]></account>
</data>
