<data>
  <id><![CDATA[51280279]]></id>
  <url><![CDATA[https://mp.weixin.qq.com/s?timestamp=1539596402&src=3&ver=1&signature=Egrj350GoKY8-KUcIJshb1CEQJRdRpRplQtKph2z0lfgZtPcMRhKaZ-z4Qdv5HSwVu2BfZQ68REnNscIVtxs*RnIY-Te*nnf*UeOXagBhX-l8VKXWDYNtVbHFAx5wA8Y*bYSBvZ6o0*YsRXftI4O7-TwsVNmEAU2Ebxnf2Izuds=]]></url>
  <title><![CDATA[白菜别再炖着吃，教你一招能治病，全家人抢着吃！]]></title>
  <content><![CDATA[临沂新闻了解更多内容  请点击“关注”1你家的大白菜都怎么吃？炒着吃、炖着吃、腌着吃......有一种吃法，不仅好吃，还能治病，到底是什么呢↓↓来源丨河南卫视〖 新媒体合作热线:0539-2952107 〗]]></content>
  <author><![CDATA[临沂新闻]]></author>
  <time>2018-10-06 14:07:07</time>
  <account><![CDATA[lytvlyxw]]></account>
</data>
