<data>
  <id><![CDATA[51280279]]></id>
  <url><![CDATA[https://mp.weixin.qq.com/s?timestamp=1539596402&src=3&ver=1&signature=Egrj350GoKY8-KUcIJshb1CEQJRdRpRplQtKph2z0lfgZtPcMRhKaZ-z4Qdv5HSwVu2BfZQ68REnNscIVtxs*clH5kQcEn-yzbOf9oMau3QwuLMlOqUeZRr2VXMlMehY4k2TwCZYF973SiWOjapaQ7Jkw9fNjcmaD6WHq-HRxtw=]]></url>
  <title><![CDATA[亲历泰国沉船事故的情侣大婚了，中国版“泰坦尼克号”！]]></title>
  <content><![CDATA[临沂新闻了解更多内容  请点击“关注”杰克为了让萝丝不被冰冷的海水所浸泡让她在唯一的木板上休息两个人双手紧握，爱情不就是如此么？为了爱你，我用尽我所有的生命只为护你周全故事最后的结局是：杰克目送着萝丝乘着救援船，向海面下方去最终是一场用微笑代替的痛苦告别有一种爱叫只要你活着就好悲剧的电影总让人无法忘怀而如今中国版的“泰坦尼克号”上演了幸运的是男主角和女主角都活了下来今年7月5日下午17：45左右是灾难的开始原本是应该享受甜蜜的婚前旅行的一对河南情侣张皓峰和孟影却经历了这辈子最大的考验最无法想象的灾难两艘载有127名中国游客船只返回普吉岛途中，突遇特大暴风雨发生倾覆。接着，整座船开始摇晃得厉害所有人都来不及反应几层高的风浪顷刻间席卷而来偌大的船只开始被海水吞噬，沉没到海里。就如同电影里的情节不是所有人都有救生衣也不是所有人都能上的了救命船张皓峰拉着孟影拼尽全力地游向救生船并将女友一把推上船正当张皓峰准备上船时，他看到另一对落水的老夫妇在水中挣扎看着已经上船的女友张皓峰选择将手中的冲浪板让给了这对老夫妇并用尽全力将他们推向了救生船借助一个浮球张皓峰在海上漂浮了整整一夜中间还搭救了另外一位溺水男士把浮球交给对方拖着他一起顺水游到附近的海岛！漫长的12个小时，靠模糊的潜意识继续等待终于在7月6号凌晨张皓峰及男子被渔民发现，终获救！张皓峰因为救人行为，被网友评论为“平民英雄”，他们的经历被网友称为中国版的“泰坦尼克”。如今事情已经过去3个月，就在昨天，这对经历过生死考验的情侣在信阳完成大婚，有情人终成眷属。从朋友圈流传出的结婚现场照片可以看到，帅气的男主角张皓峰在婚礼上深情献唱歌曲，《往后余生》“往后余生，平淡是你，荣华是你”迎娶他最爱的姑娘，感动了在场的嘉宾，众人纷纷为他送上祝福。有网友知道他们要结婚的事情之后，送来了祝福，有网友表示：“你们经历了风雨，你们也见到了彩虹，祝福你们，一定要幸福”。@素ILovebaby_KV：经历过大风大浪的，应该对人生有了新的感悟，珍惜身边人，️幸福～️@浔之初夏：真好，只有满满的感动和温暖，祝你们一直幸福@曦人：这就是现实版的杰克呀，天天感动电影，这真人就在你身边了， 珍惜！珍惜！！@杫爱：经历过生死 况且在危难时他并没有抛弃女友还救了他人可见是个有担当有责任的人@嗨小二：看似平凡，其实不容易。90%的人做不到。祝你们幸福好人一生平安来源丨新闻晨报综合澎湃新闻、腾讯视频、新浪微博、网络等〖 新媒体合作热线:0539-2952107 〗]]></content>
  <author><![CDATA[临沂新闻]]></author>
  <time>2018-10-15 17:31:13</time>
  <account><![CDATA[lytvlyxw]]></account>
</data>
