<data>
  <id><![CDATA[51280279]]></id>
  <url><![CDATA[https://mp.weixin.qq.com/s?timestamp=1539596402&src=3&ver=1&signature=Egrj350GoKY8-KUcIJshb1CEQJRdRpRplQtKph2z0lfgZtPcMRhKaZ-z4Qdv5HSwVu2BfZQ68REnNscIVtxs*RnIY-Te*nnf*UeOXagBhX-4vc7ls6f9ZoM6Ig7JB-Od6DptFr90BnZ0TJcHKNLNudeZxfNk-8glmxWQmS9Hp*M=]]></url>
  <title><![CDATA[你“霸道”的样子，真帅！]]></title>
  <content><![CDATA[临沂新闻了解更多内容  请点击“关注”1近日一位小伙竟当街逼停来车，却意外收获网友夸奖。甚至连交警都为他点赞！到底是怎么回事？原来这是发生在在9月21日中午广西贺州街头的一幕一位老人拄着拐杖颤颤巍巍走在斑马线上▽由于腿脚不便行至一半时，信号灯已由红变绿老人身陷车流之中▽这时，一位骑摩托车的小哥把摩托车横在路上将仍在行驶的车流逼停老人这才得以顺利走过斑马线▽随后贺州交警查看了监控，证实了这一幕并在官微上发文表扬了这名骑车小哥~无独有偶9月15日，一名网友的行车记录仪拍下了发生在临沂费县街头的一幕网友@岁月久远：“9月15日中午，在费县南外环颜真卿公园东边的那个桥头，当时应该是一个老奶奶看了两个孩子，老奶奶推着小的那个孩子过去了，赶上对面绿灯了，正好有车过来，大的那个孩子看到来车不敢过。这时一个司机停车，挡住后面的车流，下车把小朋友给领了过去。正好我开车碰到停下来等他过去，这是我的行车记录仪里的视频。”这位车主，你“霸道”的样子同样很帅一个小小的举动温暖了身边的所有的人在无情的车流中，一个横停,一个紧急刹车！用自己的文明行为给身后的人们做了榜样其实有时只是一个举手之劳对别人而言就如雪中送炭社会中像这位小哥一样有正义感的人还有很多很多01老人发病倒地小伙电动车挡住车流2月26日，沈阳一名老人在过马路时突然倒地，穿梭的车流，老人危在旦夕！此时，一个小伙推着电动车毅然闯入车流，将车停在老人身前，防止老人遭来往车辆碾压。随后，过往行人围在老人身旁，为老人筑起一道“人墙”，在众人的帮助下，老人被及时送往医院治疗。02八旬老人迷路上了立交桥两小伙用车身守护今年4月，广东佛山某立交桥3层，一名八旬老人瘫坐在机动车道边上情况危急！两名小伙打着双闪，并竖起警示标志，为老人挡住巨大车流，事后经警方调查，老人因迷路误上了立交桥，多亏两位热心小伙，才没有酿成事故。03老人欲过马路无车让司机横车挡住车流去年11月，浙江金华，一位老奶奶想过斑马线，黄色轿车司机见状自觉刹车礼让，但相邻车道数辆车却视而不见、接连驶过，老奶奶多次举起手但没有一辆车停下。此时黄色轿车司机往左打方向盘，截住后面的车流，老奶奶终于顺利通过斑马线。而故事的结局，也令人拍手称快。事后交警通知了视频中不礼让行人的7辆车的车主，对他们处以罚款100元、记3分。04交警街头上演最美“公主抱”助残疾老人安全过马路当日，烟台福山区奇泉路东黄埠村口处，一位腿有残疾的老人正在过马路。尽管司机纷纷停车让行，但由于该路段车流量大，担心老人有危险，也担心影响车辆通行。民警直接一个“公主抱”将老人一直抱送到马路对面！戳视频看交警暖心之举▽行车礼让行人是每个司机都该遵守的交通规则每一位挺身而出的人更是文明的体现路见不平，横车相助的你们真帅！你看，总有善良的人，温暖着这个世界~为这些平凡的英雄点赞！你的善良我们记在心里来源丨人民网综合、头锅糁〖 新媒体合作热线:0539-2952107 〗]]></content>
  <author><![CDATA[临沂新闻]]></author>
  <time>2018-10-06 14:07:07</time>
  <account><![CDATA[lytvlyxw]]></account>
</data>
