<data>
  <id><![CDATA[51280279]]></id>
  <url><![CDATA[https://mp.weixin.qq.com/s?timestamp=1539596402&src=3&ver=1&signature=Egrj350GoKY8-KUcIJshb1CEQJRdRpRplQtKph2z0lfgZtPcMRhKaZ-z4Qdv5HSwVu2BfZQ68REnNscIVtxs*clH5kQcEn-yzbOf9oMau3T11Tv0VWdPsNxHXeGVLa8lkmFChQ1V0r1Ubeb0rqVOa1qvfboztwXZx7-oEmkfomU=]]></url>
  <title><![CDATA[快看！临沂这里的苹果红了，脆甜可口，真诱人！]]></title>
  <content><![CDATA[临沂新闻了解更多内容  请点击“关注”十月秋风起，黄了秋叶，红了苹果。△（视频：临沂新闻制作）沂水县连崮峪村的苹果熟了漫山遍野的苹果挂满枝头点点红色点缀山间山里的景色更加好看了看到这里，你一定流口水了很想咬上一口，是吗？这里的苹果在田间地头就卖到三四块钱一斤一棵树就能换四五百块钱苹果甜，果农的心更甜！但在34年前，并不是这样那时的连崮峪就是一个一亩地都打不出一百斤粮食的穷山沟山连山、崮连崮，连崮峪由此得名村子地处半山腰，地势险恶1984年新上任的村支部书记石增富把烟台、沂源的果树种植经验带到了连崮峪村成了村里第一个“吃螃蟹”的人从自己的80亩试验田开始到如今家家户户都栽满了果树村民的口袋鼓了村里的存款已经达到600多万村子整体搬迁村民从低矮的房子住进宽敞明亮的新楼房苹果种植从注重数量到注重质量逐渐走上品牌化路子一棵苹果树，富裕一个村！靠着果树种植，勤劳智慧的村民改变了自己的命运！点亮了自己的生活！来源丨临沂新闻  记者李士银〖 新媒体合作热线:0539-2952107 〗]]></content>
  <author><![CDATA[临沂新闻]]></author>
  <time>2018-10-15 17:31:13</time>
  <account><![CDATA[lytvlyxw]]></account>
</data>
