<data>
  <id><![CDATA[51280279]]></id>
  <url><![CDATA[https://mp.weixin.qq.com/s?timestamp=1539596402&src=3&ver=1&signature=Egrj350GoKY8-KUcIJshb1CEQJRdRpRplQtKph2z0lfgZtPcMRhKaZ-z4Qdv5HSwVu2BfZQ68REnNscIVtxs*YZ3ctmycGWbVXU7IBwZx-rqpA7JWn5ml-oBjtgVlC2lv18-6ZPqAjgKjDmSTuZvjpDQfepBUJlPd4dix4dHnug=]]></url>
  <title><![CDATA[临沂小伙！中国首位阿拉伯语京剧演唱者，真长脸！]]></title>
  <content><![CDATA[临沂新闻了解更多内容  请点击“关注”1最近，这个临沂小伙火了人家不光京剧唱的好，竟然还用阿拉伯语翻译京剧国粹硬是将中国的传统文化传播四海发扬光大是不是很厉害？赶紧来认识下吧去年临沂沂水小伙王菲凭借一曲《梨花颂》成功晋级《我是大明星》今年王菲又从全国2000多人中脱颖而出入选中央电视台中国戏曲大会百人团一路过关斩将又从百人团中成功杀出站在中央广播电视总台的舞台上王菲时刻不忘为自己的家乡做宣传中央一套、中央十一套同时播放了沂水小伙王菲的精彩表演中国首位阿拉伯语京剧演唱者坚持用阿拉伯语翻译京剧国粹将中国的传统文化发扬光大这是对国家和民族的大爱央视官方微信公众号对王菲表演的阿拉伯语京剧进行了专页推送其实早在一年前国内很多知名网站早已对王菲的阿拉伯语京剧进行了报道来源丨沂水在线该文点赞数超过100个将从留言中抽取幸运粉丝一位获得温和集团提供的美酒一提〖 新媒体合作热线:0539-2952107 〗]]></content>
  <author><![CDATA[临沂新闻]]></author>
  <time>2018-10-08 17:35:02</time>
  <account><![CDATA[lytvlyxw]]></account>
</data>
