<data>
  <id><![CDATA[51280279]]></id>
  <url><![CDATA[https://mp.weixin.qq.com/s?timestamp=1539596402&src=3&ver=1&signature=Egrj350GoKY8-KUcIJshb1CEQJRdRpRplQtKph2z0lfgZtPcMRhKaZ-z4Qdv5HSwVu2BfZQ68REnNscIVtxs*bsiuGPW4Af8HRQJckZg4Ep-Y1aSCGIBrNM9ayD7CzVx2Dg-xbiGQjKk3fX-0LxRwkCbfh9Uj2ldalHUIXQUYDE=]]></url>
  <title><![CDATA[涉嫌严重违纪违法！临沂一财务科副科长接受审查调查]]></title>
  <content><![CDATA[临沂新闻了解更多内容  请点击“关注”临沂市规划建筑设计研究院财务科副科长（主持工作）李继雷涉嫌严重违纪违法，经市纪委监委指定，目前正接受沂水县纪委监委纪律审查和监察调查。李继雷简历：李继雷，男，汉族，1972年12月出生，大学文化，临沂市兰山区人，2004年11月加入中国共产党。1993年9月至1999年9月在临沂市城市建设档案馆工作；1999年9月至2013年3月任临沂市规划建筑设计研究院财务科会计；2013年3月至今任临沂市规划建筑设计研究院财务科副科长（主持工作）。来源丨沂蒙清风〖 新媒体合作热线:0539-2952107 〗]]></content>
  <author><![CDATA[临沂新闻]]></author>
  <time>2018-10-12 18:26:23</time>
  <account><![CDATA[lytvlyxw]]></account>
</data>
