<data>
  <id><![CDATA[50342967]]></id>
  <url><![CDATA[https://mp.weixin.qq.com/s?timestamp=1539596274&src=3&ver=1&signature=Egrj350GoKY8-KUcIJshbwIBLPg4fc2Xlr0fprs3GrEP6Xnr1URsRL3dnWQskTaCy*gDhAgy8tEkA7Yz4ui7M6Elv8DrqyE*iLoOBEYKB5PI3KzZMKFb7pVandr-SSYB*OZXMRHTKs6UfKLzGsPGVYs*aa5baTeiA-F26wbL5pY=]]></url>
  <title><![CDATA[]]></title>
  <content><![CDATA[]]></content>
  <author><![CDATA[陕西师大统一战线]]></author>
  <time>2018-09-25 18:41:14</time>
  <account><![CDATA[sxsdtyzx2015]]></account>
</data>
