<data>
  <id><![CDATA[50342967]]></id>
  <url><![CDATA[https://mp.weixin.qq.com/s?timestamp=1539596274&src=3&ver=1&signature=Egrj350GoKY8-KUcIJshbwIBLPg4fc2Xlr0fprs3GrEP6Xnr1URsRL3dnWQskTaCy*gDhAgy8tEkA7Yz4ui7M3g0DXwLKrbxqMQYz5*zqa9nqSFTVUmZivS0akIe68mK-NgWuLngtMug3H1hScQac98W22TnrPKUFNF4UKBfQEo=]]></url>
  <title><![CDATA[教师节快乐！]]></title>
  <content><![CDATA[古都长安 炎黄精神贯古今陕西师范 先生之语薪火传三尺讲台 桃李学子香满园今天，是第34个教师节祝奋斗在教育一线的民主党派、统战团体和无党派教师节日快乐！]]></content>
  <author><![CDATA[陕西师大统一战线]]></author>
  <time>2018-09-10 10:18:10</time>
  <account><![CDATA[sxsdtyzx2015]]></account>
</data>
