<data>
  <id><![CDATA[50342967]]></id>
  <url><![CDATA[https://mp.weixin.qq.com/s?timestamp=1539596274&src=3&ver=1&signature=Egrj350GoKY8-KUcIJshbwIBLPg4fc2Xlr0fprs3GrEP6Xnr1URsRL3dnWQskTaCy*gDhAgy8tEkA7Yz4ui7M199tmNc3rFgXfkg8UFRJCIbWTQwKTReNFetklT15D-7nvGxXr92zLTUI-*17To4BlhaTuK*QoOr553GQpi7Gqk=]]></url>
  <title><![CDATA[【重磅】《中国民族报》报道我校民族团结进步教育工作]]></title>
  <content><![CDATA[点击上方蓝色字体，关注我们近年来，我校坚持以习近平新时代中国特色社会主义思想为指导，全面贯彻落实党的民族工作方针政策，紧紧围绕“立德树人”的根本任务，积极探索加强和改进新时代民族团结进步教育工作的有效路径，着力打造 “石榴红”成长工程，种好文化生态“石榴园”、建好民族工作“石榴坊”、唱好团结进步“石榴花”、办好网络媒体“石榴红”、育好学子成长“石榴果”,不断开创少数民族学生教育管理服务工作新局面,促进了各民族师生交往交流交融，进一步筑牢了中华民族共同体意识。9月4日，《中国民族报》报道了陕西省民族团结进步创建工作,其中,对我校民族团结进步教育工作进行了重点报道与推介。此外，中央统战部、教育部、国家民委、陕西省民委等网站和《各界导报》也对我校民族团结进步教育工作进行了专题报道。报道链接：中国民族报：书写新时代民族团结进步的陕西故事http://www.mzb.com.cn/zgmzb/html/2018-09/04/content_5885.htm中央统战部网站：陕西师范大学创新少数民族学生教育管理打造"石榴红"成长工程http://www.zytzb.gov.cn/tzb2010/S1824/201804/13b920ffaa634c96b02fa8cbf99b2744.shtml教育部网站：陕西师范大学创新少数民族学生教育管理打造“石榴红”成长工程http://www.moe.gov.cn/jyb_xwfb/s6192/s133/s217/201805/t20180508_335355.html国家民委网站：陕西师范大学创新少数民族学生教育管理打造“石榴红”成长工程http://www.seac.gov.cn/art/2018/7/5/art_36_305465.html各界导报:石榴园里绽放民族团结花http://paper.gjnews.cn/gjdb/20180704/html/content_27117.htm陕西省民委网站:转载《各界导报》报道http://mzzj.shaanxi.gov.cn/newstyle/pub_newsshow.asp?id=29004773&chid=100207]]></content>
  <author><![CDATA[陕西师大统一战线]]></author>
  <time>2018-09-06 18:39:08</time>
  <account><![CDATA[sxsdtyzx2015]]></account>
</data>
