<data>
  <id><![CDATA[50342967]]></id>
  <url><![CDATA[https://mp.weixin.qq.com/s?timestamp=1539596274&src=3&ver=1&signature=Egrj350GoKY8-KUcIJshbwIBLPg4fc2Xlr0fprs3GrEP6Xnr1URsRL3dnWQskTaCy*gDhAgy8tEkA7Yz4ui7M3g0DXwLKrbxqMQYz5*zqa9iyGHlrVKcvsV2d3FLGzlvsby-KYWV7uV2dKPd3hQXWmOMiJk4YtNYG9Pgqipwbz8=]]></url>
  <title><![CDATA[]]></title>
  <content><![CDATA[]]></content>
  <author><![CDATA[陕西师大统一战线]]></author>
  <time>2018-09-10 10:18:10</time>
  <account><![CDATA[sxsdtyzx2015]]></account>
</data>
