<data>
  <id><![CDATA[50342967]]></id>
  <url><![CDATA[https://mp.weixin.qq.com/s?timestamp=1539596274&src=3&ver=1&signature=Egrj350GoKY8-KUcIJshbwIBLPg4fc2Xlr0fprs3GrEP6Xnr1URsRL3dnWQskTaCy*gDhAgy8tEkA7Yz4ui7M5T14xTmALtim5Aj4oTD7LYi1eCJjKaYAcBVofNIJBfcdzOmOxNzEnQ1i8MmvusHEOWb4Di8bblC0ftAavYr9Hk=]]></url>
  <title><![CDATA[程光旭书记参加省欧美同学会第一次会长办公会议并讲话]]></title>
  <content><![CDATA[近日，省欧美同学会（省留学人员联谊会）召开2018年第一次会长办公会。省欧美同学会会长、我校党委书记程光旭参加会议并讲话。会议传达学习了省委十三届三次全会精神和欧美同学会（中国留学人员联谊会）七届四次理事会议精神，通报了省欧美同学会近期工作，审议通过省欧美同学会相关规章制度，决定筹备成立国别分会、专门委员会、专业委员会、社会服务委员会等。省委统战部副部长唐勇出席会议并讲话，省欧美同学会副会长李智军、我校党委统战部部长罗永辉等16人参加会议。唐勇指出，省欧美同学会会长、副会长是我省留学归国人员中的代表人物，要珍惜同学会工作平台，认真履职，勇于担当，当好“会中人”。要深入开展相关活动，提前规划、精心设计，确保活动出质量、有成效，做好“会中事”。要充分发挥利用好省欧美同学会资源优势，时刻以欧美同学会“留学报国人才库、建言献策智囊团、民间外交生力军”定位为要求，办好“一流会”。程光旭在讲话中表示，省欧美同学会将严格按照习近平总书记指示要求，不断创新开展工作。一要强化思想政治引领，健全组织机构，完善规章制度，着力增进“四个认同”，不断夯实工作基础。二要加大调研培训力度，加强与欧美同学会（中国留学人员联谊会）及兄弟省市同学会的纵横联系，打造特色品牌。通过网站微信、会刊简报等媒体平台，扩大影响力和知名度。三要着力建好人才库和专家服务团，积极开展公益性服务和海外高层次人才交流活动，发挥自身智力优势，为我省追赶超越献计出力，讲好中国故事，弘扬留学报国传统。]]></content>
  <author><![CDATA[陕西师大统一战线]]></author>
  <time>2018-09-13 00:00:47</time>
  <account><![CDATA[sxsdtyzx2015]]></account>
</data>
