<data>
  <id><![CDATA[50342967]]></id>
  <url><![CDATA[https://mp.weixin.qq.com/s?timestamp=1539596274&src=3&ver=1&signature=Egrj350GoKY8-KUcIJshbwIBLPg4fc2Xlr0fprs3GrEP6Xnr1URsRL3dnWQskTaCy*gDhAgy8tEkA7Yz4ui7M6Elv8DrqyE*iLoOBEYKB5Ofzh*LSErkO4pB9V4b4oPfgTb0HBLTwJG0QyHr0RPRAY5r1FnvA98NpM12dEA3buM=]]></url>
  <title><![CDATA[【关注】陕西省委统战部《朋友》杂志刊发我校方兰老师人物事迹]]></title>
  <content><![CDATA[《朋友》杂志2018年第03期“炎黄子孙”版块，以“坚守科研初心 认真履职尽责——记全国人大代表、民建陕西师范大学支部主委方兰”为题，从因热爱而科研、打造国际化的科研团队、“治学之道在于经世致用”、“责任大于荣誉”等四个方面刊发了我校方兰老师的人物事迹。欲知全文，请点击左下角的“阅读原文”哦。点击"阅读原文"]]></content>
  <author><![CDATA[陕西师大统一战线]]></author>
  <time>2018-09-25 18:41:14</time>
  <account><![CDATA[sxsdtyzx2015]]></account>
</data>
