<data>
  <id><![CDATA[50342967]]></id>
  <url><![CDATA[https://mp.weixin.qq.com/s?timestamp=1539596274&src=3&ver=1&signature=Egrj350GoKY8-KUcIJshbwIBLPg4fc2Xlr0fprs3GrEP6Xnr1URsRL3dnWQskTaCy*gDhAgy8tEkA7Yz4ui7M6lY5Gz5uF2kJICQKmMQdY3WZjuGWcwZP79kCUzIy7EGoO1Cbv*HZUiwatf2ztPu4YZAvuRdvENU9j3R2gpejpU=]]></url>
  <title><![CDATA[中秋节快乐！]]></title>
  <content><![CDATA[点击上方蓝字关注中秋快乐中秋节，又称月夕、秋节、仲秋节、八月节、八月会、追月节、玩月节、拜月节、女儿节或团圆节，是流行于中国众多民族与汉字文化圈诸国的传统文化节日，时在农历八月十五；因其恰值三秋之半，故名，也有些地方将中秋节定在八月十六。中秋佳节，丹桂飘香陕西师范大学党委统战部祝福广大统一战线成员节日快乐团圆和美]]></content>
  <author><![CDATA[陕西师大统一战线]]></author>
  <time>2018-09-24 11:24:19</time>
  <account><![CDATA[sxsdtyzx2015]]></account>
</data>
