<data>
  <id><![CDATA[63567248]]></id>
  <url><![CDATA[https://mp.weixin.qq.com/s?timestamp=1543218608&src=3&ver=1&signature=gURmLehoq33GMNoBE4suGrLcY7QaIWtVt2xRzy8XavYV6oOgwflQUBJR4S42CBVBdGBZ8Kzw9Jj4HD0mOGbX9oGBiF*ZpaOLP2s0iRHvNADVJNEymrAoIE4sCfOYy0O25f4jjsUDKxNwXDWLo7vtnHn4MRaQ3SMFlVceIUJTUQs=]]></url>
  <title><![CDATA[你们都夸我，可真的懂我？]]></title>
  <content><![CDATA[近年来，一些酸奶号称“添加了十几亿益生菌，具有通肠、减肥、增强免疫力，乃至抑制机体衰老”等功效。销售人员还常把酸奶与益生菌概念混在一起，向消费者进行“捆绑销售”。你真的知道益生菌到底是什么？益生菌酸奶真有那么多神奇的功效吗？图源©Pixabay什么是益生菌？一百多年前，俄国免疫学家梅哥尼科夫注意到保加利亚的农民比较健康长寿。他把原因归结为他们所食用的发酵牛奶中含有的活细菌，益生菌这个概念就此产生。此后，科学家们逐渐认可了这个概念，认为补充足够数量、适当种类的活细菌，有助于人类增强免疫力、抵抗细菌感染等等。人体肠道疾病九成以上都是自身菌群失调引起的，许多人希望通过每天喝酸奶和乳酸饮料来补益肠道的益生菌，缓解便秘、排便不畅等问题。却总是不尽如人意。天天喝酸奶，肠道内的益生菌依然缺乏，这是为什么呢？益生菌产生功效的基础是保持活性，而酸奶从制成到送到消费者手中要经过生产、物流、销售这一漫长的运输过程，其间温度变化会大大破坏益生菌的活性。而且酸奶食用后要经过胃酸、胆汁，这种高酸环境，也会腐蚀其活性。因此，酸奶中的益生菌活菌数量很少，活性也差。每个人对益生菌的需求也有个性差异。图源©Pixabay益生菌并非人人有益也有许多广告推销都宣称“细菌含量高达多少多少”，而各种细菌能够产生效果的剂量却相差非常大。有的每天吃一亿个益生菌就可以起作用，有的却要一万亿才行。研究人员表明，从预防肠道疾病角度而言，适量补充益生菌的确能抵御这部分疾病的发生，增强肠道抵抗力。但同时他也强调，益生菌需要根据活性菌株数量及不同年龄肠道设计来选择，因为不同年龄层所需要的益生菌数量是不同的。随着年龄增长，中老年人肠道中的有益菌变少了，喝些益生菌酸奶正好可以弥补不足。而儿童则不宜喝得过多，因为他们正处在发育中，无须太多的“外力”。如果喝太多反而会对其娇弱的肠胃产生不良影响。此外，研究人员还指出，补充益生菌改变的只是肠道微生态，并没有研究表明益生菌能影响人的免疫系统，增强免疫力。图源©Pixabay酸奶里有多少活益菌？酸奶是牛奶发酵得到的。一般酸奶由2种特定的乳酸菌菌种来发酵：保加利亚乳杆菌和嗜热链球菌。而这两种细菌通常也被当作益生菌。不过功能并不算强大，至少，把科学文献中说的那些“益生菌功能”强加在它们身上，可以说是它们“不能承受之重”。尤其是它们抵抗消化液的能力并不强，能够安然到达大肠的比例并不大。如果不继续吃，体内也就很快没有了它们的存在。国家标准，规定每克酸奶中它们的数量不得低于100万。但市场上的酸奶品种繁多，实际多少也无从查证。所以，买来的酸奶吃的时候到底能有多少活性菌，基本上也就只能依靠厂家的信誉。因此建议大家，如果你的饮食结构合理，能从正常饮食中摄取所需营养，而且又有良好的生活方式，那么你就不必额外补充益生菌。~赶快去和小伙伴分享吧~]]></content>
  <author><![CDATA[非常科学]]></author>
  <time>2018-11-23 20:00:00</time>
  <account><![CDATA[feichangkexue]]></account>
  <image><![CDATA[https://mmbiz.qpic.cn/mmbiz_jpg/pgcLsibsqapicFSGegTbY5LmfVGf8GhN3rBVxXNyXNhjAEY1lz4CrZJkRSoibsoTlmRtgmMGF8oUBgnF0PGN5o77g/640?wx_fmt=jpeg|https://mmbiz.qpic.cn/mmbiz_jpg/pgcLsibsqapibpRpZkTKiclozWCEBsdfxnOvygmjVZnqJnqhC1EkcmXYT3EN8sW3OibBicv7jnWgjfRZnicbMGWGm03g/640?wx_fmt=jpeg|https://mmbiz.qpic.cn/mmbiz_jpg/pgcLsibsqapibpRpZkTKiclozWCEBsdfxnO3LiaK04djeeRlMNhOIRicjtEDEBrdibo4SzCJwh8FF1t0cWpcjxckUhIQ/640?wx_fmt=jpeg|https://mmbiz.qpic.cn/mmbiz_jpg/pgcLsibsqapibpRpZkTKiclozWCEBsdfxnO8rf237M4ficawUCsAGJibSHTDliaehgHLmQAx8klA2sPnUHfefKeunr1Q/640?wx_fmt=jpeg|https://mmbiz.qpic.cn/mmbiz_jpg/pgcLsibsqapibRVT0Mvk8Vg1sNAPF1IDeiaWpuzy1y2VkS9VPb3jqw2njZ8xGxW9oKXic4ww4xWITL7144YzQvB5pA/640?wx_fmt=jpeg]]></image>
</data>
