<data>
  <id><![CDATA[63567248]]></id>
  <url><![CDATA[https://mp.weixin.qq.com/s?timestamp=1543218608&src=3&ver=1&signature=gURmLehoq33GMNoBE4suGrLcY7QaIWtVt2xRzy8XavYV6oOgwflQUBJR4S42CBVBdGBZ8Kzw9Jj4HD0mOGbX9nR3fhDGzTu7cYvqulQ*bmBnUXmFIA49uubjueKgVgXbSslhfmQ0p-md4i*vSvkQL0I49v81Pbyel6KVC8QMLtA=]]></url>
  <title><![CDATA[水竟然有生命，还会「牵手」？]]></title>
  <content><![CDATA[要做一个对自己有约束的人，要做一个对自己有更高要求的人。—— 王恩哥水，在地球上分布非常广泛，应用也很多。在我们看来，它或许只是一种非常普通的物质。可在王恩哥院士眼中，水却是有生命的，它们会随心所欲地改变形态，在微观世界里“牵手”畅游。10月26日，《向科学致敬》特别节目前去采访了中国科学院王恩哥院士，听听他对科学的认识、对生活的感悟。王恩哥中国科学院院士凝聚态物理研究专家曾任中国科学院物理研究所所长、北京大学校长、中国科学院副院长。主要从事凝聚态物理研究，在轻元素材料的全量子化效应，包括纳米新材料探索及其物性、原子尺度上的表面生长动力学以及受限条件下水的复杂形态等方面都有研究。品味物理通常来说，物理这门学科总是给人一种枯燥、抽象、困难的感觉，让人望而生畏，不敢轻易涉及。王恩哥院士则表示，物理是需要认真品味的。对于“品味”二字，可以理解为一种嗜好——做科学的嗜好。如果你想要认真“品味”物理，可以从王恩哥院士的三点准则入手。1、在一个已经存在的领域中完成一项新的研究工作，尽量做得完整、完美；2、拓展一个新的领域，这个工作暂时并不一定能够做的尽善尽美；3、证明前人的工作，或者自己的工作被人所证实。探索科学在过去的二十年多里，王恩哥院士团队一直在专注“品味”水科学，并向人们展示了水分子内部结构的第一张照片。同时，他们还确定了水在形成冰的时候，形成团簇的时候，它的这个氢键拉起手来的取向。使得科学研究者可以人为调控这个取向，让它顺时针或者是逆时针，甚至能够探测到单个氢键力的大小和强弱。所有的这些工作，都是王恩哥团队在世界上的首创，都是具有原创性的！或许这正是王恩哥院士所说的那样：“我觉得在我面前，物质是活的，你要给它们讲故事，要不它们会生气！”漫谈生活在物理所时，有人说王恩哥院士的工作时间是“ 7 - 11 ”：早 7 点进实验室，晚上 11 点离开，节假日也不例外。其实，王恩哥从学生时代到现在一直都有自律意识。在任北京大学校长期间，他每年都会对学生提一个简单的要求。比如，他提出每个学生主动参与一次校园清扫，从捡身边的垃圾开始做起；他提出学生要管理好自己的自行车，出行懂礼貌，停放摆整齐……在这次专访中，我们可以看到，王恩哥院士对于物理的热爱，对于科学探索的孜孜不倦，更有对自己的高要求、高标准。正如他心中始终坚持着的信念：“要做一个对自己有约束的人，一个对自己有更高要求的人。”P.s. 为庆祝改革开放四十周年，《非常科学》栏目组特别策划《向科学致敬》系列节目，并专访众多科学工作者，为大家呈现一场震撼人心的科学盛宴，敬请期待。📖延伸阅读：有毒？致癌？「食品XX剂」究竟有多可怕？]]></content>
  <author><![CDATA[非常科学]]></author>
  <time>2018-11-24 10:00:00</time>
  <account><![CDATA[feichangkexue]]></account>
  <image><![CDATA[https://mmbiz.qpic.cn/mmbiz_png/pgcLsibsqapibpRpZkTKiclozWCEBsdfxnO07FEVnhevL4GGcp3mlgeJHGDabvyicqHxT93V72APceqp0icibnLjkoDQ/640?wx_fmt=png|https://mmbiz.qpic.cn/mmbiz_png/pgcLsibsqapibpRpZkTKiclozWCEBsdfxnOX3nZjFkIFKmUIDmOBkbnpLoGMpyd7LvcGmULsWBaicibySibW2icvhccmQ/640?wx_fmt=png|https://mmbiz.qpic.cn/mmbiz_png/pgcLsibsqap9Hty0gfCkPbKhGD7YMU4fiasibicoRCMJibyFy6d9KKS7ZJDvEngDPiaEseuiaYwcZiaTlZRRiaYwFG51D8w/640?wx_fmt=png|https://mmbiz.qpic.cn/mmbiz_png/pgcLsibsqap9Hty0gfCkPbKhGD7YMU4fiasibicoRCMJibyFy6d9KKS7ZJDvEngDPiaEseuiaYwcZiaTlZRRiaYwFG51D8w/640?wx_fmt=png|https://mmbiz.qpic.cn/mmbiz_png/pgcLsibsqap9Hty0gfCkPbKhGD7YMU4fiasibicoRCMJibyFy6d9KKS7ZJDvEngDPiaEseuiaYwcZiaTlZRRiaYwFG51D8w/640?wx_fmt=png|https://mmbiz.qpic.cn/mmbiz_png/pgcLsibsqapibpRpZkTKiclozWCEBsdfxnOWYVThslic2mePjZhJat42Rnc1W05370YCokgQr6UxEKGmIarMb6X4UA/640?wx_fmt=png|https://mmbiz.qpic.cn/mmbiz_jpg/pgcLsibsqapibRVT0Mvk8Vg1sNAPF1IDeiaWpuzy1y2VkS9VPb3jqw2njZ8xGxW9oKXic4ww4xWITL7144YzQvB5pA/640?wx_fmt=jpeg]]></image>
</data>
