<data>
  <id><![CDATA[63567248]]></id>
  <url><![CDATA[https://mp.weixin.qq.com/s?timestamp=1543218608&src=3&ver=1&signature=gURmLehoq33GMNoBE4suGrLcY7QaIWtVt2xRzy8XavYV6oOgwflQUBJR4S42CBVBdGBZ8Kzw9Jj4HD0mOGbX9g1Dz0wTv8bxp6Rn9mHN32QqU4Ne6O-ufpePYS-MFzYt7wEL6NLv00aF9uFYwTDCO19fC5qD3-kBsQ*ShzLvduc=]]></url>
  <title><![CDATA[伤心、伤身、伤命的坏习惯，你肯定有！]]></title>
  <content><![CDATA[现在的人们常说：“敷着最贵的面膜，熬着最长的夜”、“我是因为熬夜加班才长胖的”。其实，这种现象的出现与人们的生活状态息息相关。现在随着生活工作节奏加快，都市里大多数的人经常熬夜已属常态。殊不知，长期熬夜真的会对身体造成不可逆的伤害。人体的生物钟能够帮助你白天觉醒黑夜入睡，而身体内的稳定状态则负责维持睡眠和觉醒的平衡。你处在觉醒状态的时间越长，你想要睡觉的需求也会越大。可想而知，长时间的睡眠不规律并不是什么好事，具体会对人体有多大损害呢？图源©Pixabay熬夜的四大严重危害熬夜免疫力低下：如果身体没有得到充足的休息，必然会导致免疫力低下。经常熬夜的人，往往更容易感冒、发烧，甚至感染其他疾病。熬夜衰老快：从生理和代谢的角度来说，熬夜对皮肤的伤害是“实打实”的。熬夜之后人体的正常作息被打乱，皮肤会干燥、出油，衰老速度加快。熬夜导致精神疾病：熬夜不但伤身，还伤神！长期熬夜容易导致睡眠障碍，出现神经衰弱、抑郁症等精神疾病。人的交感神经一般是夜间休息白天兴奋的，而熬夜时交感神经会在夜晚保持兴奋。熬夜患病率增加：因为熬夜会导致内分泌激素水平的紊乱，使得细胞代谢异常，影响人体细胞正常分裂，导致细胞突变，提高患癌风险。图源©Pixabay别拿“累”不当病打不起精神：这个阶段的人常觉得不如以往那么精神百倍。此时人体吸入的氧气量减少，血液中氧气浓度与血糖值下降。于是身体发出警戒，告诉你“我已经疲劳了”。昏昏沉沉：此时人体血液中的氧气浓度与血糖值持续下降，导致肌肉或内脏组织陷入氧气与营养不足的困境。浑身酸痛：这时的人会感觉体力透支，早上不愿起床，肩膀、背部、腰部等总是酸痛疲倦，皮肤暗沉，暴瘦或肥胖，焦躁易怒，有人还会拉肚子，体温低，睡觉磨牙。开始生病：除了身上疼痛外，还会有青春痘、口腔溃疡、牙周病、胃炎、便秘与食欲不振等症状，甚至还会轻度忧郁。这时需要找朋友聊天，参加团体活动等方式调节，不能自我调节时可以寻求医生的帮助。癌症潜伏：如果不重视疲劳的前四个阶段任由其发展，40岁后这些颈椎病、胃病、冠心病等都可能找上门，甚至癌症也会悄悄侵袭你。图源©Pixabay看来，熬夜并未像人们单纯以为，皮肤蜡黄，增加肥胖那么简单。那是不是熬夜缺少的睡眠，可以靠补觉来平衡呢？相信大家一定都有过这种经历，漫长的一周工作终于过去了，在周五的晚上为了奖励自己，打算第二天赖一赖床。不过，当你第二天早上醒来后，却没有睡饱一觉的痛快。而会让你感到光线刺得你双眼生疼，四肢像灌了铅一样沉重。头脑也清醒不起来，甚至会有些头疼。熬夜补觉就好了？NO！睡眠过度的感觉和宿醉非常相似，因此科学家们也把它称为“睡醉”。不过与酒精造成的神经损伤所引起的不适不同，睡醉则是因为打乱了大脑中控制身体日常周期的生物钟。人的生理节律是靠下丘脑中的一团细胞组成的昼夜节律起搏器来控制的。下丘脑是人脑中较原始的一小部分，它还控制着饥饿、渴感以及出汗。当早晨醒来，眼睛接收光线刺激，大脑收到信号“得知”现在已经到了早上，它就会释放出化学信号，“叫醒”身体的其它细胞。科学家们认为，起搏器的功能是“告诉”我们的身体在一天当中应该如何分配能量。当你睡眠过度时，相当于你无视了这个生物钟，这就造成了生物钟和细胞面临的实际情况之间的不一致，进而引起疲劳感。图源©Pixabay四招应对熬夜伤吃：熬夜易上火，大多是虚火，可吃些枸杞、黄芪、当归、阿胶来调养，起到清热降火，消除疲劳，增强免疫力的作用。夜宵不要吃寒凉油腻的食物。喝：熬夜喝咖啡，不仅容易失眠，还消耗体内的B组维生素，人会更感到累。可以喝枸杞大枣茶，补水又祛火。护：不得不熬夜时，最好每工作45分钟休息10分钟，或做深呼吸和眼保健操，吃些富含维生素A的橙色果蔬，防止视觉疲劳。睡：如果非要熬夜的话，建议23点到1点之间睡一会，养足精力，第二天也不要用一整天来补觉，可在中午适当补眠，下午的补眠时间不要超过3小时。~拒绝亚健康，给熬夜说拜拜~]]></content>
  <author><![CDATA[非常科学]]></author>
  <time>2018-11-21 20:00:00</time>
  <account><![CDATA[feichangkexue]]></account>
  <image><![CDATA[https://mmbiz.qpic.cn/mmbiz_jpg/pgcLsibsqapicFSGegTbY5LmfVGf8GhN3rBVxXNyXNhjAEY1lz4CrZJkRSoibsoTlmRtgmMGF8oUBgnF0PGN5o77g/640?wx_fmt=jpeg|https://mmbiz.qpic.cn/mmbiz_jpg/pgcLsibsqap8UL2PuqI2y7VC076Vib5cuUEIibRg2IzuS9M4FIUY58XjCcqh7C65QBicErYMTIXo3bHettBVTtNucw/640?wx_fmt=jpeg|https://mmbiz.qpic.cn/mmbiz_jpg/pgcLsibsqapib8htAeAxVtMP5Hgj23PbzFWghZb9qJG96c9GvUm1fxfNvz8wsWbGluHoD71ic6FU17FEAiaicJaN5WQ/640?wx_fmt=jpeg|https://mmbiz.qpic.cn/mmbiz_jpg/pgcLsibsqap8UL2PuqI2y7VC076Vib5cuUUDSk5ss26lPRKMwp5tQllQS2zHDJB0XNPibrzsVeHJWAqKM4ghyEGuA/640?wx_fmt=jpeg|https://mmbiz.qpic.cn/mmbiz_jpg/pgcLsibsqapibJ56ZhxDFWRPiaUEy2yic1mM9F8LLaKPhWbFr2QhKA9tvIgbohJKafzZzKDpiaYx3tvGvHBCnVG3XOA/640?wx_fmt=jpeg|https://mmbiz.qpic.cn/mmbiz_jpg/pgcLsibsqapibRVT0Mvk8Vg1sNAPF1IDeiaWpuzy1y2VkS9VPb3jqw2njZ8xGxW9oKXic4ww4xWITL7144YzQvB5pA/640?wx_fmt=jpeg]]></image>
</data>
