<data>
  <id><![CDATA[63567248]]></id>
  <url><![CDATA[https://mp.weixin.qq.com/s?timestamp=1543218608&src=3&ver=1&signature=gURmLehoq33GMNoBE4suGrLcY7QaIWtVt2xRzy8XavYV6oOgwflQUBJR4S42CBVBdGBZ8Kzw9Jj4HD0mOGbX9vFIOzfhahBgE6DPgCHd-d6arKhphNq8MndPCnATBeTsX1UFSHMJQrsuvioEMp2DM*r8q*EKzF4J40vWgKqhEG4=]]></url>
  <title><![CDATA[我们都不花钱了，为什么你还盯着油价看？]]></title>
  <content><![CDATA[爱美之心，人皆有之。近年来，化妆品因重金属问题被曝光的事件已屡见不鲜。虽然一般不会发生急性中毒事件，但会在皮肤中积累或被吸收进入到血液，进而对人体各个器官产生一定的毒性和致癌性。近日，科学家们集思广益发明出了一种可食用的指甲油，究竟它是由什么做的呢？图源©Pixabay“可食用”的化妆品ID：feichangkexue据了解，科研团队为了实现玉米黄粉高值化利用，开展了围绕玉米淀粉加工副产物的研究。从玉米黄粉中耦合分离出了玉米黄素和蛋白质，再把获得的醇溶蛋白经过温度、压力和酶处理，改善其加工性能。图源©环球网发现可以将玉米分解出的多余部分，制作出可食用指甲油、可食用保鲜膜、醒酒肽等系列产品；并解决了玉米粉加工性差、不易成型等难题，开发成功纯玉米粉主食、饮料、焙烤制品、玉米啤酒等全新营养食品。图源©环球网未来还有望开发出更多的可食用口红、可食用面膜等日化用品，改写现有化妆品普遍含重金属、甲醛等有害物的历史。健康才能更美丽！智能回收机器人ID：feichangkexue随着社会发展更新换代的速度日益加快，人们除了担心化妆品的安全，就连如何处理旧手机也成为不少人头疼的问题。一些线上线下回收平台都要经过繁琐的流程才能完成交易，实在很浪费时间。图源©罗超频道因此，一台名为“壹站收”的机器人的出现让人们眼前一亮，因为它可以一站式完成手机评测、估价、回收、付款、数据清洗等工作。消费者只需把手机连接上数据线，放至检测仓，回收机器人就能对手机进行全面扫描检测，并给出报告以及回收价格。若消费者认同价格，即可通过支付宝、微信扫码甚至各种兑换方式现场收款，而整个过程仅需1分钟。图源©图虫创意这款智能回收机器人不仅创造了一个方便快捷、透明的交易平台，同时不拆机、不接触用户信息的方式，有效保障了消费者的信息安全。分分钟换手机的节奏啊！5G商用化发展ID：feichangkexue互联网作为人们与时俱进的信息枢纽，始终保持着与时俱进的快速发展。前不久，5G网络首个连续覆盖试验区在重庆建立完成。图源©至顶网5G远程驾驶、5G无人机、虚拟现实等多项5G应用同时亮相，标志着5G网络在商用化发展之路又前进了一步。经测量，试验区内各点的5G速率是4G网络的100倍。图源©互联网据了解，其中的远程驾驶系统将利用5G网络高可靠、低时延等特征。将网络技术、视频技术、控制技术、人工智能技术等多种技术相结合，极大提升了汽车驾驶的安全性。5G带你进入新江湖！太阳能吸收器ID：feichangkexue高科技日益深入我们的生活，所有的发展还将依赖于能源。近日，科学家研制出一款屋顶设备，在收集太阳能的同时，还可将建筑物的红外辐射释放到太空，从而帮助建筑物降温。图源©环球网这个新设备顶层是太阳能吸收器，底层的新材料可以执行冷却任务。当建筑物体表面发出红外辐射散热时，大部分辐射会通过大气中的粒子反射回地球，但有些辐射会逃逸进太空。如此一来，释放出足够多红外线辐射的表面，温度会比周围低，从而达到降温的目的。图源©Pixabay这款装置的辐射冷却技术能反射大量红外线，和太阳能技术同在一个屋顶上“和平共存”，极大地提高了太阳能电池的效率。因此，未来的太阳能电池会同时具备供电与冷却两大功能。伟大的发明省时又省心！太阳能自动驾驶飞机ID：feichangkexue太阳能作为一种常见的清洁能源，一直被人视为解决能源及环保问题的一个突破口。图源©新浪科技近日，一款太阳能自动驾驶飞机备受关注。它采用先进的太阳能电池和轻质材料制成。仅靠太阳提供动力就能实现无限飞行。这款太阳能自动驾驶飞机，不仅可以在大气中保持数周甚至数月的飞行，完成连续的领土的覆盖服务。还可以在特定位置进行通信和数据采集，测量关键但复杂的环境退化因素，包括植被，冰覆盖，甚至地面水分。图源©新浪科技因此，还将应用到通信，环境研究等更广泛的领域。太阳能飞机都无需加油啦！]]></content>
  <author><![CDATA[非常科学]]></author>
  <time>2018-11-25 10:00:00</time>
  <account><![CDATA[feichangkexue]]></account>
  <image><![CDATA[https://mmbiz.qpic.cn/mmbiz_jpg/pgcLsibsqapicFSGegTbY5LmfVGf8GhN3rToFhDyMf59oXgpnQN3oHJCnFDvGrTZOvPJROp8wrklKkbpS4JRtGmg/640?wx_fmt=jpeg|https://mmbiz.qpic.cn/mmbiz_jpg/pgcLsibsqapicG1mmq0AG3LMJ7HiapstMxiaicyfpkNiax8qkve7Ua7icRwUbmicj79ibibuVxU0y86ibo7LXClrh4qPxhlEA/640?wx_fmt=jpeg|https://mmbiz.qpic.cn/mmbiz_jpg/pgcLsibsqapicG1mmq0AG3LMJ7HiapstMxia2Z6vR523U0ibzDYCpXkzcQv1LFGYr0iciciaXLVymdgBSb7ser4IpWo7Vw/640?wx_fmt=jpeg|https://mmbiz.qpic.cn/mmbiz_jpg/pgcLsibsqapicG1mmq0AG3LMJ7HiapstMxia1czV3iczv7M6ibnTVOKla3avKaBFN4a5Xk1ic2adBeETa8Vxkgic96EAcQ/640?wx_fmt=jpeg|https://res.wx.qq.com/mpres/htmledition/images/icon/common/emotion_panel/emoji_wx/2_04.png|https://mmbiz.qpic.cn/mmbiz_jpg/pgcLsibsqapicG1mmq0AG3LMJ7HiapstMxiauqIDicjlmIyuRTD963Dy45nx7l7BMeBzqa3dqg2uCRKEN1UjoIXZo5w/640?wx_fmt=jpeg|https://mmbiz.qpic.cn/mmbiz_jpg/pgcLsibsqapicG1mmq0AG3LMJ7HiapstMxiavwiau3u6ET925nILwn1uogkN0LtU90X3fz3y9tpz8BMicsw4kgOkKdWw/640?wx_fmt=jpeg|https://res.wx.qq.com/mpres/htmledition/images/icon/common/emotion_panel/emoji_ios/u1F604.png|https://mmbiz.qpic.cn/mmbiz_jpg/pgcLsibsqapicG1mmq0AG3LMJ7HiapstMxiaBsU4wz3gichY321c5zyBMns2bBSOXsMXukoZfF1YO4dIE76bk8y2NFA/640?wx_fmt=jpeg|https://mmbiz.qpic.cn/mmbiz_jpg/pgcLsibsqapicG1mmq0AG3LMJ7HiapstMxial35KplPF3ia6TiaqcvDMMcvWUBFTsibaHurSCWgohuEicic2JTfjyRz0H8g/640?wx_fmt=jpeg|https://res.wx.qq.com/mpres/htmledition/images/icon/common/emotion_panel/smiley/smiley_20.png|https://mmbiz.qpic.cn/mmbiz_jpg/pgcLsibsqapicG1mmq0AG3LMJ7HiapstMxiamHbkwFuWSe04Wib9KCA2Prll9LdQ2iaQGTWAuLy85X8M0C9FYHJ37nQA/640?wx_fmt=jpeg|https://mmbiz.qpic.cn/mmbiz_jpg/pgcLsibsqapicG1mmq0AG3LMJ7HiapstMxiaEIMS8bdib7dP74RnIyxYCcqmaT4cllDeX3h9zoQnyeUgicwRyiak7icGCg/640?wx_fmt=jpeg|https://res.wx.qq.com/mpres/htmledition/images/icon/common/emotion_panel/smiley/smiley_12.png|https://mmbiz.qpic.cn/mmbiz_jpg/pgcLsibsqapicG1mmq0AG3LMJ7HiapstMxiaEfaXmEvrYFK6LKHAViciavELdcjYTh7aepdVC3EZPT8xK56A8CtlkY9g/640?wx_fmt=jpeg|https://mmbiz.qpic.cn/mmbiz_jpg/pgcLsibsqapicG1mmq0AG3LMJ7HiapstMxiaQia54HN14H6PVhodtEE7iaUdts8nKZVZ0SXlaoCK1icOeVibKtoFYu98Ug/640?wx_fmt=jpeg|https://res.wx.qq.com/mpres/htmledition/images/icon/common/emotion_panel/smiley/smiley_79.png|https://mmbiz.qpic.cn/mmbiz_jpg/pgcLsibsqapibRVT0Mvk8Vg1sNAPF1IDeiaWpuzy1y2VkS9VPb3jqw2njZ8xGxW9oKXic4ww4xWITL7144YzQvB5pA/640?wx_fmt=jpeg]]></image>
</data>
