<data>
  <id><![CDATA[63567248]]></id>
  <url><![CDATA[https://mp.weixin.qq.com/s?timestamp=1543218608&src=3&ver=1&signature=gURmLehoq33GMNoBE4suGrLcY7QaIWtVt2xRzy8XavYV6oOgwflQUBJR4S42CBVBdGBZ8Kzw9Jj4HD0mOGbX9nMaB0nowNgcgAm0aAnQSmEXuohGk6HNhhxd8A3f2acy3vEGaTxrDoGYt3iBotydRLpfY8p6LjZc*T4zM3r1u30=]]></url>
  <title><![CDATA[低调的「百果之宗」，不仅润肺还护肝！]]></title>
  <content><![CDATA[“小雪”时节是秋冬交替的前沿，按照传统观念，要多吃温热性的食物。但是如今随着暖气、空调等取暖设施的广泛运用，大家一般都在室温较高的室内生活、学习或者工作，而且穿得多、动得少，燥热的室内环境容易造成体内积热。如果此时再吃热量高、脂肪含量高且油腻的食物，容易易导肺火、胃火等人体的“内火”旺盛。这些体内的“火”不及时去除，还会影响肠胃健康。在营养专家眼中，梨素有“天然矿泉水”之称，自古就被尊为“百果之宗”,是秋冬季节少不了的宝贝食物。生梨性寒味甘，有润肺止咳、滋阴清热的功效，特别适合秋天食用。图源©Pixabay吃梨的三大好处润燥消风：人们常感到皮肤瘙痒、口鼻干燥，有时干咳少痰，每天吃一两个梨可缓解干燥。保护肝脏：梨含有较多糖类和多种维生素，对肝脏有一定的保护作用，特别适合饮酒人士。止咳化痰：梨味甘酸而平，有润肺清燥、止咳化痰、养血生肌的作用，因此对喉干燥、痒、痛、音哑、痰稠等均有良效。很多人都喜欢将梨洗净后直接生吃，这其实没有最大发挥出梨的养生功效。下面给大家介绍的三种吃法，会让梨的功效翻倍，赶紧学学吧~图源©Pixabay吃梨润肺的三种吃法1、蒸熟了吃,止咳化痰：这是一种传统的食疗补品，先把梨从蒂下三分之一处切下当盖，挖去梨心，掏空梨中间果肉、并切块；再把川贝母细粉（3克左右配1个梨）及适量冰糖放入梨中，再把梨放在蒸锅里，大火蒸45分钟左右，取出后即可食用。这种吃法不仅润肺，还有止咳化痰之功效。周围亲朋如果有嗓子不舒服的话，尽可以放心食用。2、榨汁喝,润肺生津：把生梨去皮、去核，用榨汁机榨汁后取400毫升左右，再与10克冰糖、1枚胖大海一起煮，20分钟后即可服用。常饮此汁可以润肺生津、利咽开音。3、煮水喝汤,健脾润肺：这种方法制作简便，把生梨切片，再与冰糖、银耳一起放入沸水锅中熬煮，可以起到健脾、润肺、止咳的作用。平时也可以把其当做甜点食用。图源©Pixabay吃梨小贴士梨是寒性水果，所以即便很好吃也不能吃太多，吃多了会对人的脾胃造成伤害。所以脾胃比较虚寒、害冷的人就不能吃太多梨了。孕妇不能吃，怀孕期间，如果大便单薄，手脚冰凉不要吃梨。睡觉前也不要吃梨，因为吃梨利尿，如果睡觉前还吃梨的话，那么夜里就会想上厕所，不停的上厕所，整夜睡不好，休息不好，不利于第二天的工作。糖料病患者要少吃，梨的含糖量是比较高的，患有糖尿病的人也不要吃梨。不要与螃蟹一起吃，寒性的梨也不可以和同样是寒性的螃蟹一起吃，以免引起腹泻。~赶快去和小伙伴分享吧~]]></content>
  <author><![CDATA[非常科学]]></author>
  <time>2018-11-22 20:32:00</time>
  <account><![CDATA[feichangkexue]]></account>
  <image><![CDATA[https://mmbiz.qpic.cn/mmbiz_jpg/pgcLsibsqapicFSGegTbY5LmfVGf8GhN3rBVxXNyXNhjAEY1lz4CrZJkRSoibsoTlmRtgmMGF8oUBgnF0PGN5o77g/640?wx_fmt=jpeg|https://mmbiz.qpic.cn/mmbiz_jpg/pgcLsibsqapicj0JxicmgEuNWaUTNicf3ia7giadDCF9mPdXMMyCRwdKMuSsJyNINqkKEXbkyqlqMzBFAVp98jHWzmUA/640?wx_fmt=jpeg|https://mmbiz.qpic.cn/mmbiz_jpg/pgcLsibsqapicj0JxicmgEuNWaUTNicf3ia7glQicJFRqLnBsNBTCSmkQKVXicPfP81tLhz70hnSiczvicA6OKXOO9SQmcg/640?wx_fmt=jpeg|https://mmbiz.qpic.cn/mmbiz_jpg/pgcLsibsqapicj0JxicmgEuNWaUTNicf3ia7gw0Qeia6juSbiaLT9wzf9CO4zciaOSjIrxcuu0RFxBKHCw0znx40ENS8Dw/640?wx_fmt=jpeg|https://mmbiz.qpic.cn/mmbiz_jpg/pgcLsibsqapibRVT0Mvk8Vg1sNAPF1IDeiaWpuzy1y2VkS9VPb3jqw2njZ8xGxW9oKXic4ww4xWITL7144YzQvB5pA/640?wx_fmt=jpeg]]></image>
</data>
