<data>
  <id><![CDATA[50709791]]></id>
  <url><![CDATA[https://mp.weixin.qq.com/s?timestamp=1539596490&src=3&ver=1&signature=Egrj350GoKY8-KUcIJshb3eMXZRHGKxxJWCTV5xG6AlR07VEJVqFGquM7SU5fojitZfc-kQQ*O-qXpx9ZJI-rG-nEUymnKGFOxtiwIJgZx5BlxCefKQZxIstfgA2Mq8KSUXljrtkijVzjbASd9sEsi1gMDmIEN0U9SNTEXNxHtU=]]></url>
  <title><![CDATA[中纪委通报我省1起假期违反八项规定案例]]></title>
  <content><![CDATA[三晋都市报综合报道10月12日，中央纪委国家监委网站中秋国庆期间违反中央八项规定精神问题监督举报曝光专区通报12起典型案例，其中涉及我省1起。左权县石匣乡林河村党支部书记赵雪东、村委会主任王树英等人违规组织公款旅游问题。2017年6月28日、29日，赵雪东、王树英与村党支部委员赵世新、会计巨云新等人，借组织该村党员、村民代表等开展红色教育之机，绕道河南省某景区旅游，花费村集体资金共计1万余元。2018年8月，赵雪东、王树英分别受到党内严重警告处分，赵世新、巨云新分别受到党内警告处分;被责令退赔违纪费用。往期精彩：1人死刑，4人无期，闻喜“盗墓黑帮”案终审浦发银行太原分行高管被罚60万元；太原将重罚违规出租车；17种抗癌药纳入医保目录……洪发科受贿、巨额财产来源不明案入选山西检察机关十大精品公诉案例柳林“王凤莲”案开庭，当庭交代几十亿借贷去哪了吕梁市公安局马文宽接受调查；平遥关停整顿多家问题醋厂 ；五台山等5个重点景区门票再降......来源丨山西省纪委监委网站编辑丨马云梅]]></content>
  <author><![CDATA[三晋都市报]]></author>
  <time>2018-10-12 16:54:19</time>
  <account><![CDATA[sanjindushibao]]></account>
</data>
