<data>
  <id><![CDATA[50709791]]></id>
  <url><![CDATA[https://mp.weixin.qq.com/s?timestamp=1539596490&src=3&ver=1&signature=Egrj350GoKY8-KUcIJshb3eMXZRHGKxxJWCTV5xG6AlR07VEJVqFGquM7SU5fojitZfc-kQQ*O-qXpx9ZJI-rI11uI-xSF4jZjmwX0GLVZvVdUpkwJUjaFVjNsytpF4M7le1WUF1Cy-OEeXT6d3IAJu9jaRPHXtOllH2qKfN1HA=]]></url>
  <title><![CDATA[运城市委组织部公示研究拟任职干部]]></title>
  <content><![CDATA[三晋都市报综合报道运城市委组织部公示：运城市公安局党委副书记，闻喜县人民政府副县长、公安局局长张少华，拟任运城市直单位正处级领导干部。公示时间：10月8日至12日。运城市委组织部公示研究拟任职干部张少华，运城市公安局党委副书记，闻喜县人民政府副县长、公安局局长，拟任运城市直单位正处级领导干部。张少华，1968年12月生，山西临猗人，大学学历，1998年1月加入中国共产党，1992年1月参加工作。历任新绛县公安局局长，万荣县公安局局长，闻喜县公安局局长，闻喜县人民政府副县长、公安局局长，2018年8月任现职。公示时间：10月8日至12日公示期间，任何单位和个人均可通过来信、来电等方式向运城市委组织部反映公示对象在德、能、勤、绩、廉方面存在的问题。反映情况和问题应实事求是，客观公正，并尽可能提供可查的具体线索。为便于核实、反馈有关情况，提倡反映人提供真实姓名、联系方式或工作单位，将严格遵守工作纪律，履行保密义务。来信地址：运城市河东东街248号市委组织部干部监督科，邮编044000电话：0359—12380    0359—2660372(传真)运城市委组织部举报中心邮箱：yczzbjbzx@163.com“12380”举报网站：www.hd12380.gov.cn往期精彩：太原等七市降到0℃以下；山西介休出现非洲猪瘟；坞城南路今起恢复通车......山西省人大常委会通过一批人事任免名单编辑丨延晋伟]]></content>
  <author><![CDATA[三晋都市报]]></author>
  <time>2018-10-08 19:59:59</time>
  <account><![CDATA[sanjindushibao]]></account>
</data>
