<data>
  <id><![CDATA[50709791]]></id>
  <url><![CDATA[https://mp.weixin.qq.com/s?timestamp=1539596490&src=3&ver=1&signature=Egrj350GoKY8-KUcIJshb3eMXZRHGKxxJWCTV5xG6AlR07VEJVqFGquM7SU5fojitZfc-kQQ*O-qXpx9ZJI-rAfNCmXw6oM8lM4GR6CICwflOiWYL2dR4Ch1uaiLBLCx1Gd8cjfqtFvAZdytlIxjuD4GPkHDCrLpRjf6l*JSmB0=]]></url>
  <title><![CDATA[山西发布供热定价新政，太原25日开始试供暖]]></title>
  <content><![CDATA[三晋都市报综合报道太原9月底完成注水。10月23日，完成冷态运行调试。25日开始，陆续启动试供热，进入热网升温阶段。11月1日实现全网正常供热。此外，山西发布城市集中供热定价新政，27号起执行！太原25日开始试供暖，11月1日正常供热★ 据悉，今年太原供热面积预计为2.12亿平方米(新扩网面积约1000万平方米)，其中集中供热覆盖面达到1.95亿平方米。★供热时间方面，各供热企业要尽快完成管网注水，以10月23日为时间点，完成冷态运行调试。从25日开始，陆续启动试供热，进入热网升温阶段。11月1日实现全网正常供热。★太原市城乡管委将精细组织好各供热企业、热源厂的衔接准备工作，督促各供热企业落实在建供热工程、注水、打压、调试、运行等各项供热准备，强化供热设施设备排查检修，确保按期供热、安全稳定运行。★各县(市、区)政府、综改示范区、不锈钢园区管委会将认真履行区域供热主体责任，安排落实补贴资金，全力做好区域供热保障和对供热企业的协调服务保障。★同时，各热电联产企业要进一步强化热电机组检修维护，确保热源供应达产达标，尤其是出水温度要适时满足供热企业的调配要求。各供热企业要加快推进在建供热工程建设，提前做好供热前各项准备。★今年太原测温点达到1.2万个，要求各供热企业落实入户测温日采集责任制，密切关注监测情况，实时调节供热温度，特别是发生温度骤降或停热时，要及时到场查找原因并妥善处理，确保故障及时排除。山西发布城市集中供热定价新政，10月27号起执行！★ 10.8日，省发改委发布关于印发《山西省城市集中供热定价成本监审办法》的通知。★通知明确，下列费用支出不得计入供热定价成本★10月27日开始执行★原文细读太原供暖咨询热线★ 在今冬供暖期间市民有任何问题都可以拨打电话咨询，对用户投诉的供热问题，各供暖企业将及时解决。★太原市热力公司4158000、4158330；★太原市第二热力公司6091699；★城北热力公司2346602；★再生能源供热有限公司(双良热力公司)5614777；★太原市数字城管热线12319进行咨询。往期精彩：1人死刑，4人无期，闻喜“盗墓黑帮”案终审运城市委组织部公示研究拟任职干部明天起，太原市将维持一周停电！山西省人大常委会通过一批人事任免名单编辑丨马云梅]]></content>
  <author><![CDATA[三晋都市报]]></author>
  <time>2018-10-09 19:59:43</time>
  <account><![CDATA[sanjindushibao]]></account>
</data>
