<data>
  <id><![CDATA[50709791]]></id>
  <url><![CDATA[https://mp.weixin.qq.com/s?timestamp=1539596490&src=3&ver=1&signature=Egrj350GoKY8-KUcIJshb3eMXZRHGKxxJWCTV5xG6AlR07VEJVqFGquM7SU5fojitZfc-kQQ*O-qXpx9ZJI-rI11uI-xSF4jZjmwX0GLVZv6U*KREujfHdMsOuzh*ybnelULgaSN7T0xsimfRqGixTbRXmsPSSi77oN-g9-jov0=]]></url>
  <title><![CDATA[明天起，太原市将维持一周停电！]]></title>
  <content><![CDATA[三晋都市报综合报道10月8日，本报从国网山西电力公司获悉：10月9日至10月14日太原市一些地区将计划停电。2018年10月09日 周二★停电时间：07:00~18:00★停电范围：【清徐县】：东于镇东于村一带。★停电时间：08:00~22:00★停电范围：【娄烦县】：东沟塔村，王家崖村，红洼村，马道沟村，前西舍沟村、后西舍沟村，圪垛村，石家崖村，两岭沟村，白家滩村，顺道村，崖头村一带。★停电时间：09:00~21:00★停电范围：【古交市】：随公沟后村，下阳坡，塔地沟村，阳湾村，梁儿上村，上阳坡，高圈沟村，随公沟前村，神当（堂）坪村，安家沟村，板市沟村，小应寒村，提子头村，尖牛坪村，杜里沟新村，常安沟村，鸿雁沟村，杜里沟村，簸箕洼村，随公沟后村，小济沟，学马沟村，大济沟后村， 新房村 ，大济沟前村，石相沟村，岔口村，老牙沟村，五里铺村，周山庄村，前庄村，康庄村，南龙沟，塞底村，大应寒村，麻会村，关头村。★停电时间：13:30~18:30★停电范围：【晋源区】：起丰货运，植物园施工变，中铁十五局，园林植物研究所，新源供水站，太山，太山文物管理所，龙山建筑工程处，店头村，程家峪村旧村，鑫森农牧，王家村旧村，田家庄村旧村，鑫凯养殖场。2018年10月10日 周三★停电时间：09:00~17:00★停电范围：【万柏林区】：理工大新矿院校区，省食品研究所及宿舍，晋祠路西一巷，大王路一部分。★停电时间：08:00~18:00★停电范围：【杏花岭区】：东仓巷以北，城坊街以南，三墙路以西，坡子街以东，解放路、朱琳国际、解放电影院一带。★停电时间：07:00~20:00★停电范围：【小店区】：高新技术开发区内炬能再生能源、山西烟草公司（1#线）、高新建设投资公司、中创国际置业、太原中富容器公司、可口可乐公司、高新供热公司、大生科技公司、康兴科技大厦、康兴生物科技公司、6904工厂、羽硕房地产、中电华益实业集团公司（1#线）、山西震阳云泰物业公司等高压客户。2018年10月11日 周四★停电时间：07:00~20:00★停电范围：【小店区】：高新技术开发区内山西烟草公司（2#线）、万狮京华大酒店（主供）、太原市国税局高新分局、中电华益实业集团公司（2#线）、山西六味斋公司、山西广电商务有限公司、山西兆信生物科技公司、阳煤集团太原办事处、山西傅山盛康药业等高压客户。★停电时间：09:00~18:00★停电范围：【杏花岭区】：东华苑小区A区、东华苑小区B区。★停电时间：09:00~12:00★停电范围：【尖草坪区】：太原市土产日杂公司综合批发部。★停电时间：08:00~17:00★停电范围：【小店区】：太茅路、石沟村、刘家堡村、太原市齿轮箱厂、东柳林村、山西乾诚管道有限公司、滑石粉厂、东里解氧化锌厂、惠贸达新华夏、东里解村、太原公安消防队支队、财运通建材经销部、新征程防腐保温厂工程、农机站、太原市小店区喜竹种植园、中医学院研究所、鑫源饲料厂附近及周边。★停电时间：07:00~18:00★停电范围：【清徐县】：东于镇东于村、水屯营村、西梁泉村一带。★停电时间：13:30~19:00★停电范围：【晋源区】：新村，石庄头村，卡纳溪谷小区，寺底村，开化村，阎家坟村，王家坟村，罗城村，蒙山景区，晋源水务局，太化六千平小区，康培生态园。2018年10月12日 周五★停电时间：08:00~18:00★停电范围：【清徐县】：孟封镇尧城村一带。★停电时间：09:00~21:00★停电范围：【古交市】：木瓜会村，屯村，鹿庄村，南家山新村，南社村，石家河村，农木场村，土地局肉狗厂，七拂沟村，孙家圪垛，下石沟村，姬家庄村，北社村，北社新村，武家坡村。2018年10月13日 周六★停电时间：08:00~17:00★停电范围：【清徐县】：集义乡桃园堡村、邓桥村、良隆村一带。2018年10月14日 周日★停电时间：09:00~20:00★停电范围：【古交市】：西庄头，麻家口，辛庄村。★停电时间：08:00~17:00★停电范围：【清徐县】：集义乡姚家堡村一带。★停电时间：07:00~18:00★停电范围：【清徐县】：东于镇东于村一带。★温馨提示：①可能因计划有变而取消停电。②因为线路故障导致停电的，不在计划停电通知里列出。③停电结束时间可能根据天气原因和特殊情况顺延。④停电期间随时都可能提前复电。往期精彩：太原等七市降到0℃以下；山西介休出现非洲猪瘟；坞城南路今起恢复通车......“阴阳合同”问题查清，范冰冰道歉了山西大学校长、副校长新任，2人均来自北大山西省人大常委会通过一批人事任免名单来源丨国网山西电力编辑丨李慧]]></content>
  <author><![CDATA[三晋都市报]]></author>
  <time>2018-10-08 19:59:59</time>
  <account><![CDATA[sanjindushibao]]></account>
</data>
