<data>
  <id><![CDATA[50709791]]></id>
  <url><![CDATA[https://mp.weixin.qq.com/s?timestamp=1539596490&src=3&ver=1&signature=Egrj350GoKY8-KUcIJshb3eMXZRHGKxxJWCTV5xG6AlR07VEJVqFGquM7SU5fojitZfc-kQQ*O-qXpx9ZJI-rAfNCmXw6oM8lM4GR6CICwdAbCfwJw6Mho6vCBZL1sx116mfPy3EjviuwHC5R5h4jJgbdAwmaQPNeCcHyReXG58=]]></url>
  <title><![CDATA[山西5地上榜投资潜力百强县市区]]></title>
  <content><![CDATA[三晋都市报综合报道山西5地上榜投资潜力百强县市区，分别为——孝义、沁源、侯马、小店区、朔城区。10月8日，中国中小城市网发布 “2018年中国中小城市科学发展指数研究成果报告”。报告从多个维度出发，对中小城市综合实力指数、绿色发展指数、投资潜力指数、科技创新指数、新型城镇化质量指数进行了系统研究与评价，评选出了2018年度投资潜力百强县市区等11大榜单。其中，山西5地上榜投资潜力榜，该榜单分为投资潜力百强县市榜和投资潜力百强区榜。丨投资潜力百强县市区：山西5地上榜分别是——孝义、沁源、侯马排名县市榜第34、86、93位。此外，太原市小店区排名区榜第51位，朔城区排名第95位。据了解，投资潜力评价指标体系包含人口和劳动力、基础设施、交通区位、生态环境和营商环境等五方面指标。2018年度全国投资潜力百强县市2018年度全国投资潜力百强区此外，这份报告还指出，孝义市除上榜投资潜力百强县市区之外还上榜——综合实力百强县市、科技创新百强县市、新型城镇化质量百强县市。其中，孝义市在《综合实力百强县市区》中排名第79位，成为唯一上榜的山西县（市、区）。丨综合实力百强县市区：孝义市79位，唯一上榜的山西县（市、区）综合实力评价指标体系立足践行新发展理念和高质量发展的要求，从经济发展、社会进步、环境友好、城乡融合和政府效率五个方面进行评价。丨科技创新百强县市：孝义再度上榜，排名地93位科技创新指数研究力图对创新环境、创新服务、创新融资、创新主体、创新成效等进行系统评估，评价指标体系包含四个指标：“双创”平台建设、研发潜力、科技创新活力、科技创新成效。丨新型城镇化质量百强县市：山西2地上榜山西孝义排名新型城镇化质量百强县市第81位山西侯马排名新型城镇化质量百强县市第95位中小城市新型城镇化质量评价体系包含四个方面：城镇化水平、基本公共服务、基础设施和资源环境。报告指出，中小城市是推动国民经济发展的重要力量。截至2017年底，全国共有中小城市(广义范围，包括含乡镇的市辖区)2811个，中小城市直接影响和辐射的区域，行政区面积达934万平方公里，占国土面积的97.3%；总人口达11.77亿，占全国总人口的84.67%；经济总量达70.24万亿元，占全国经济总量的84.92%。本次研究的评价对象界定为县级市、县以及空间相对独立的市辖区，以及发展基础较好、具备“建市”条件的镇。往期精彩：1人死刑，4人无期，闻喜“盗墓黑帮”案终审运城市委组织部公示研究拟任职干部明天起，太原市将维持一周停电！山西省人大常委会通过一批人事任免名单编辑丨延晋伟]]></content>
  <author><![CDATA[三晋都市报]]></author>
  <time>2018-10-09 19:59:43</time>
  <account><![CDATA[sanjindushibao]]></account>
</data>
