<data>
  <id><![CDATA[50709791]]></id>
  <url><![CDATA[https://mp.weixin.qq.com/s?timestamp=1539596490&src=3&ver=1&signature=Egrj350GoKY8-KUcIJshb3eMXZRHGKxxJWCTV5xG6AlR07VEJVqFGquM7SU5fojitZfc-kQQ*O-qXpx9ZJI-rB0v5LH9Y3GzoD9jmupwGiAinWUBLe9nkTTaOjX5ytX1AQdpFA1k64BUcLzg7cbi9u0TljtvNQtFSKCsrDUjRfM=]]></url>
  <title><![CDATA[定了，山西多地公布最新供暖时间、价格]]></title>
  <content><![CDATA[三晋都市报综合报道大同10月10日起陆续供暖；朔州朔城区10月18日零时全面供热；吕梁11月1日准时供热……山西多地发布供暖时间、价格。太原：11月1日正式供暖时间：日前，太原市召开冬季供热保障工作会，要求所有参与供热的单位积极作为、全力以赴，圆满完成今冬供热保障任务。供热时间方面，各供热企业要尽快完成管网注水，以10月23日为时间点，完成冷态运行调试，从25日开始，陆续启动试供热，进入热网升温阶段，11月1日实现全网正常供热。收费标准：居民热价按建筑面积每月3.6元/平方米、按使用面积每月4.8元/平方米(相当于每平方米24元)。大同：10月10日开始陆续供热10月8日，大同市政管委会召开供热协调会，根据今年气温变化情况，从10月10日起开始陆续供热，要求各相关部门克服一切困难，积极做好各项供暖准备，确保居民温暖过冬。收费标准：按使用面积计算每平米4.7元。朔城区：10月18日零时全面供热供热时间：2018年10月25日到2019年4月10日，采暖期5.5个月。不过据往年经验，一般会根据市区气温，提前放暖，去年10月15日供暖。收费标准：住宅收费标准为：按使用面积3.6元/月·㎡（按热电联产3.6元/月·㎡）；公建和商用收费标准为：按使用面积4.8元/月·㎡。房屋单层层高超过3米的，按规定收取层高热费。收费地点：1、银行代收：朔州市中行、朔州市建行（手机银行、网银）、晋城银行、农业银行、工商银行、大同银行、农村信用社各营业网点。2、 自设收费点：蒙银村镇银行（市政府西）、收费大厅（朔州市再生能源热力公司办公楼下），该网点同时可以办理用户信息卡。供热服务电话：2169999  8807777  8807778  8850063吕梁：11月1日准时供热近日，吕梁市住建局便组织市区内8家供热相关单位，召开冬季供热运行动员大会，集体检阅供热工作准备情况，要求各相关部门科学统筹，未雨绸缪，坚决打好供热工程攻坚战，全力做好供热前期保障工作，确保11月1日准时供热。截至目前，隔压站、中继泵站已全面开始注水，施工任务最重的城东片区已全面铺开建设，城北、西南供热气站达标排放改造已进入施工尾声，晋能热力于9月底完成了已建的，19个换热站设备消缺和完善工作，并通水、通电、通网，具备调试条件，大土河热力有限公司永宁东路工程已进入扫尾阶段，计划10月10日全线贯通，准时启动一网注水。收费标准：居民住宅按使用面积计算，每月每平米3.2元，机关团体按建筑面积计算每月每平米4元，经营性用户按建筑面积计算每月每平米5元。长治：11月15日完成全部供暖今冬供暖将于11月1日开始进行分期分批供暖，至11月15日完成全部供暖，供暖面积预计达4900万平方米，热力公司服务大厅新增至15个，缴费工作于10月4日开始。收费标准：居民每月每平方米3.3元，非居民每月每平方米7.2元。运城：11月11日正式供暖运城集中供热空闲房采暖费标准：房子闲着没人住，供暖费如何缴纳运城市热力公司这样说：若居民属于热力公司集中供热用户，供热公司收费标准按照物价局相关文件居民用户每平方米16元，非居民用户每平方米24元。对于申报空闲房的集中供热采暖户，供热公司将对其进行审查，审查通过的，供热部门将对其按照现有采暖费用的30%收取采暖费，居民用户每平方米4.8元，非居民用户每平方米7.2元，居民每平米每月按16元收取，非居民每平米每月按24元收取。往期精彩：1人死刑，4人无期，闻喜“盗墓黑帮”案终审运城市委组织部公示研究拟任职干部明天起，太原市将维持一周停电！山西省人大常委会通过一批人事任免名单编辑丨马云梅]]></content>
  <author><![CDATA[三晋都市报]]></author>
  <time>2018-10-10 17:33:07</time>
  <account><![CDATA[sanjindushibao]]></account>
</data>
