<data>
  <id><![CDATA[50709791]]></id>
  <url><![CDATA[https://mp.weixin.qq.com/s?timestamp=1539596490&src=3&ver=1&signature=Egrj350GoKY8-KUcIJshb3eMXZRHGKxxJWCTV5xG6AlR07VEJVqFGquM7SU5fojitZfc-kQQ*O-qXpx9ZJI-rGsf99HlnHEUWHn4eFMPJ5EfCK6p4LAV0QimjB9TS5hqvinQIeHJ6qdlWYK*Iyha1Z4bOsUGUjb7M4YwHKYwXzY=]]></url>
  <title><![CDATA[霍州市公安局副局长、党委副书记接受审查调查又有3人被通报，1人被撤职]]></title>
  <content><![CDATA[三晋都市报综合报道又有3人被通报，1人被撤职1、霍州市公安局党委委员、副局长王康杰接受纪律审查和监察调查霍州市公安局党委委员、副局长王康杰涉嫌严重违纪违法，经临汾市纪委监委指定，目前正接受洪洞县纪委监委纪律审查和监察调查。王康杰简历王康杰，男，汉族，1964年5月生，霍州市人，大学文化，1981年9月参加工作，1983年10月加入中国共产党。1984年9月至1986年3月，任陆军第28军82师244团炮营105炮连排长；1986年4月至1986年12月，任山西省霍县人武部干事；1987年1月至1992年11月，任山西省霍县人武部副连职干事；1992年12月至1996年3月，任山西省霍州市人武部政工科副科长；1996年4月至1998年1月，任山西省霍州市人武部副部长；1998年2月至1999年11月，任临汾军分区政治部组干科科长；1999年12月至2012年6月，任山西省霍州市公安局副局长；2012年7月至今，任山西省霍州市公安局党委委员、副局长。2、霍州市公安局党委副书记朱明启霍州市公安局党委副书记朱明启涉嫌严重违纪违法，经临汾市纪委监委指定，目前正接受大宁县纪委监委纪律审查和监察调查。朱明启简历朱明启，男，汉族，1965年11月生，霍州市人，大学文化，1987年8月参加工作，1997年6月加入中国共产党。1987年8月至1999年8月，任霍州市公安局科员；1999年9月至2011年11月，任霍州市公安局侦查员；2011年12月至今，任霍州市公安局党委副书记。3、浑源县委宣传部副部长接受审查调查浑源县委宣传部副部长白献涉嫌严重违纪违法，经大同市纪委监委指定，目前正接受广灵县纪委监委纪律审查和监察调查。白献，简历——1963年1月出生，山西浑源人，中共党员，中专文化，1985年8月参加工作，1988年11月加入中国共产党。1985年8月至1999年4月，浑源县大磁窑镇科员、镇长助理、副镇长、党委副书记；1999年4月至2001年4月，任浑源县中庄铺乡党委副书记；2001年4月至2002年10月，任浑源县裴村乡经济社会发展办公室主任；2002年10月至2006年10月，任浑源县青磁窑乡副乡长；2006年10月至2008年10月，任浑源县安监局副局长；2008年10月至2009年6月，任浑源县黄花滩乡党委副书记、乡长；2009年6月至2011年11月，任浑源县煤炭有限责任公司董事长；2011年11月至2016年10月，任山西浑源百川煤业有限公司(浑源县煤炭有限责任公司)董事长、总经理；2016年10月至今，任浑源县委宣传部副部长。4长治市城区第十四届人民代表大会常务委员会撤职名单（2018年10月10日长治市城区第十四届人民代表大会常务委员会第十六次会议通过）决定撤销：王翠红同志的区财政局局长职务。往期精彩：“两张皮”的阻隔靠什么来弥合？ 山西旅游要打好创意这张大牌中纪委通报我省1起假期违反八项规定案例编辑丨马云梅]]></content>
  <author><![CDATA[三晋都市报]]></author>
  <time>2018-10-13 19:26:22</time>
  <account><![CDATA[sanjindushibao]]></account>
</data>
