<data>
  <id><![CDATA[50709791]]></id>
  <url><![CDATA[https://mp.weixin.qq.com/s?timestamp=1539596490&src=3&ver=1&signature=Egrj350GoKY8-KUcIJshb3eMXZRHGKxxJWCTV5xG6AlR07VEJVqFGquM7SU5fojitZfc-kQQ*O-qXpx9ZJI-rPNNQrKKagtM5D*19z4idZU3cTY*M0XrPsJQ4Nv2cUwFlmOPj7BUAgtsS2exsuxVp2TLTxyjITAiP17Ao6WGxFI=]]></url>
  <title><![CDATA[浦发银行太原分行高管被罚60万元；太原将重罚违规出租车；17种抗癌药纳入医保目录……山西51家加油站油品质量不合格！山西省建筑工程施工许可将实施“不见面审批”]]></title>
  <content><![CDATA[三晋都市报综合报道10月11日，本报获悉：浦发银行太原分行高管被罚60万元；太原10日起对出租车违规行为实施从重处罚；山西51家加油站油品质量不合格；山西7类费用不能计入集中供热定价成本；山西省建筑工程施工许可将实施“不见面审批”；各省最低工资排名；17种抗癌药纳入医保目录。1太原市10日起对出租车违规行为实施从重处罚即日起至12月31日，我市将对出租汽车拼客、议价、拒载、违章停车等违规行为实施从重处罚，其中拒载、拼客、议价三次将吊销驾驶员从业资格证。10月10日，从市客运办获悉，为深入贯彻落实中共中央、国务院《关于开展“扫黑除恶”专项斗争的通知》及省、市“扫黑除恶”专项斗争会议精神，同时结合创建全国文明城市“九乱”专项整治行动，即日起至12月31日，我市将对出租汽车拼客、议价、拒载、违章停车等违规行为实施从重处罚，其中拒载、拼客、议价三次将吊销驾驶员从业资格证。为切实解决出租汽车营运中的突出问题，在出租汽车违规乱象专项整治期间，我市将对出租汽车以下违规营运行为实施从重处罚。其中，对于确认的拒载、拼客行为，第一次，将给予停运整顿三天、行政罚款200元的处罚，且服务质量信誉考核扣10分；第二次，停运整顿七天、行政罚款1000元，服务质量信誉考核扣10分；第三次，吊销客运出租汽车驾驶员从业资格证。对于议价行为，第一次发现给予停运整顿三天、行政罚款200元，服务质量信誉考核扣5分的处罚；第二次，停运整顿七天、行政罚款1000元，服务质量信誉考核扣5分；第三次，吊销客运出租汽车驾驶员从业资格证。对于在客运出租汽车停车场、站或者专用候客区周边违规停车的行为，第一次，停运整顿三天、行政罚款200元，服务质量信誉考核扣3分；第二次，停运整顿七天、行政罚款1000元，服务质量信誉考核扣3分；第三次，吊销客运出租汽车驾驶员从业资格证。据悉，客运出租汽车停车场、站或者专用候客区周边违规停车区域包括：火车南站站前街出租汽车禁停区域、火车南站广场太榆路辅路出租汽车禁停区域、火车站迎泽大街至建设路迎泽南街口、迎泽大街至建设路五一东街口、迎泽大街华苑宾馆及一路公交车站附近辅路和便道、建设路火车站至北仓大厦北等区域。市客运办工作人员表示，驾驶员被吊销客运出租汽车驾驶员从业资格证的，自吊销之日起三年内不得在本市从事客运出租汽车营运。出租汽车驾驶员在考核周期内综合得分计至3分及以下的，应当在计至3分及以下之日起15日内，到从业资格管理档案所在地有培训资格的机构，接受出租汽车法规、职业道德和安全意识等培训，并凭培训证明办理清除计分手续。2浦发银行太原分行因高管人员未经审查实际履职等被罚60万元10月11日讯 中国银保监会网站11日公布了山西银监局对浦发银行太原分行及葛云生的行政处罚决定书（晋银监罚决字〔2018〕8号）。决定书显示，浦发银行太原分行法定代表人（主要负责人）为白海忠，该分行存在高管人员未经任职资格审查实际履职、未按要求报送代为履职报告、未按照实质重于形式原则计提拨备的违法违规事实。山西银监局依据《中华人民共和国银行业监督管理法》第四十六条、第四十八条，对浦发银行太原分行作出罚款60万元；对葛云生作出警告的行政处罚。作出处罚决定的日期为2018年9月19日。3山西51家加油站油品质量不合格！山西51家加油站汽柴油不合格！加劣质汽油不仅对汽车动力、油耗有影响更重要的会对汽车寿命、油路、发动机造成一定损伤这是不可逆的！山西车用汽油质量不合格名单规格型号受检单位名称不合格项目95号古交市河口中亚加油站氧含量（质量分数）95号山西胜利加油站（有限公司）甲醇含量(质量分数)95号晋城市三龙工贸有限公司利鑫加油站硫含量，mg/kg95号沁水县苏庄加油站研究法辛烷值；抗爆指数95号洪洞县康盛加油站研究法辛烷值；抗爆指数95号安泽县亢驿加油站研究法辛烷值；抗爆指数95号稷山县管村午生加油站研究法辛烷值；抗爆指数92号昔阳县九龙关加油站研究法辛烷值；抗爆指数；硫含量，mg/kg；苯含量(体积分数)；氧含量(质量分数)；甲醇含量(质量分数)92号昔阳县发达商贸有限责任公司发达加油站硫含量，mg/kg95号昔阳县鸿源石油经销有限责任公司研究法辛烷值；抗爆指数95号平遥县聚泰来加油站有限公司研究法辛烷值；抗爆指数95号榆次鑫森加油站研究法辛烷值；抗爆指数92号榆次新盛石化加油站研究法辛烷值92号太谷县港田加油站研究法辛烷值；抗爆指数；硫含量，mg/kg；氧含量(质量分数)；甲醇含量(质量分数)95号太谷县港田加油站研究法辛烷值；抗爆指数92号山阴县钰珑加油站硫含量：mg/kg；甲醇含量(质量分数)95号石楼县佳泰加油站研究法辛烷值；抗爆指数92号汾阳市通海加油站研究法辛烷值；抗爆指数；硫含量，mg/kg；氧含量(质量分数)；甲醇含量(质量分数)95号汾阳市宏泰油城研究法辛烷值；抗爆指数95号交口县惠凯加油站研究法辛烷值；抗爆指数95号石楼县桥子头加油站研究法辛烷值；抗爆指数山西车用柴油质量不合格名单0号太原西山古交物资供应公司油库劳动服务部闪点（闭口）0号娄烦县盛达石化有限公司硫含量，mg/kg0号古交市河口中亚加油站闪点（闭口）0号太原市尖草坪区新康甲醇燃料加注站闪点（闭口）0号沁县福泰加油站硫含量，mg/kg0号沁县福泰加油站硫含量，mg/kg0号长治市中海石油化工有限公司长壶加油站闪点（闭口）0号晋城市三龙工贸有限公司利鑫加油站硫含量，mg/kg0号沁水县锦源加油站闪点（闭口）0号沁水县苏庄加油站硫含量，mg/kg0号洪洞县康盛加油站闪点（闭口)0号洪洞县康盛加油站闪点（闭口)0号阳泉红旗实业有限公司红旗加油站硫含量，mg/kg0号阳泉市郊区康裕加油站硫含量，mg/kg0号河津市金昌加油站硫含量，mg/kg0号忻州市忻府区昌泰石化有限公司张村加油站闪点（闭口）0号介休工务段天龙加油站闪点（闭口）0号昔阳县鸿源石油经销有限责任公司硫含量，mg/kg0号寿阳县新港煤化有限责任公司新港加油站闪点（闭口）0号山西奥泰科工贸集团有限公司马首加油站闪点（闭口）0号平遥县坚超加油站有限公司闪点（闭口）0号平遥县聚泰来加油站有限公司硫含量，mg/kg4山西省建筑工程施工许可将实施“不见面审批”山西省住建厅日前印发《关于进一步优化建筑工程施工许可审批管理的通知》，将借鉴推广“不见面审批”的创新做法，办理结果通过省建筑市场监管公共服务平台予以公开。缩短审批时限、优化审核流程、提高办理效率，营造“六最”营商环境。山西省在进一步规范审核流程、压缩审批时限、提高审核效率同时，按照施工许可部分条件试行承诺制改革有关要求，对能承诺的前置条件要积极采取容缺处置，在原“施工场地具备施工条件”和“建设资金落实”采用承诺制的基础上，可取消施工合同备案事项，有效压缩办理时限。根据《国务院办公厅关于开展工程建设项目审批制度改革试点的通知》有关精神，建筑工程施工许可审批时限再减少一半，对于符合条件的施工许可申请，核发部门应当自收到申请之日起7日内颁发施工许可证。借鉴推广“不见面审批”的创新做法，大力推进施工许可电子化申报、审批和管理，公开网上办理流程和办理进度，办理结果要通过省建筑市场监管公共服务平台予以公开，确保施工许可核发高效、公开、公正。整合施工许可前置要件，实现并联审批。把原来分别受理的建设工程质量监督、安全监督和建筑工程施工许可申请三个事项合并为一个事项办理，推广“一窗受理、并行办理”模式，实行统一一个政务窗口受理，填写一份申请表，报送一套申请材料，后台分类审查办理，一次性同步审核办结。与此同时，山西省还将加强建筑工程施工许可核发的事中、事后监管与服务，主动指导和帮扶建设单位加快办理建筑工程施工许可手续。施工许可核发后加大抽查频次与力度，如发现有未履行承诺事项，存在工程质量、安全生产隐患等情况的应立即责令停工整改，整改后仍不符合要求的，由原发证机关撤销施工许可证，并依法对相关责任人及责任单位做出相应处罚，并将结果记入单位和个人信用档案，通过建筑市场监管和公共服务平台向社会公开。5各省最低工资排名完整版出炉， 山西排12名10月10日人社厅公布全国各地区月最低工资标准情况(截至2018年9月)，其中，上海月最低工资标准达到2420元，为全国最高。山西排12名，第一档为1700元，第二档为1600元，第三档为1500元，第四档为1400元，实施日期为2017年10月1日。你工资超过最低工资多少？截止目前，全国共有24已经调整了最低工资标准，而安徽、四川、广东、云南、新疆5省的最新最低工资还未公布，根据国家人社部的要求，最迟将在2019年上调最低工资标准。6山西出新规，这7类费用不能计入集中供热定价成本城市集中供热，涉及千家万户的利益。为加强城市集中供热定价成本监管，近日省发改委印发了《山西省城市集中供热定价成本监审办法》。《办法》结合我省实际情况和价格监管工作需要，规范了我省开展城市（包括城镇）集中供热定价成本监审工作的原则、成本构成及归集、定价成本的审核标准和其他相关指标及核算公式等内容，有利于规范供热定价成本监审行为，使成本监审工作在法制化的框架下进行，确保成本监审更客观、公正、透明，为政府科学定价奠定坚实基础。《办法》明确指出这些费用支出不得计入供热定价成本：☑不符合《中华人民共和国会计法》等有关法律、行政法规，财务制度和国家统一的会计制度的费用；☑与供热生产经营过程无关的费用；☑虽与供热生产经营过程有关、但有专项资金来源予以补偿的费用；☑固定资产盘亏、毁损、闲置和出售的净损失；☑向上级公司或者管理部门上交的利润性质的管理费、代上级公司或者管理部门缴纳的各项费用、向出资人支付的利润分成以及对附属单位的补助支出等；☑各类捐赠、赞助、滞纳金、违约金、罚款以及计提的准备金；☑公益广告、公益宣传费用以及各种广告费；☑经营者过度购置固定资产所增加的支出。《办法》还强调和鼓励供热经营者积极改进技术、改良设备，提高管理效率和服务质量，降低成本，促进环境保护、资源节约和有效利用。规定从10月27日起执行。（来源：山西省人民政府官方微信）717种抗癌药纳入医保目录10月10日，国家医疗保障局印发通知，将17种抗癌药纳入医保报销目录。此次纳入药品目录的17个药品中包括12个实体肿瘤药和5个血液肿瘤药，均为临床必需、疗效确切、参保人员需求迫切的肿瘤治疗药品。这些药品是经过3个多月的谈判进入医保目录的。包括非小细胞肺癌、肾癌、结直肠癌、黑色素瘤、淋巴瘤等多个癌种。17个谈判药品与平均零售价相比，平均降幅达56.7%，大部分进口药品谈判后的支付标准低于周边国家或地区市场价格，平均低36%。“这些抗癌药纳入医保以后，会使大量的原本负担不起的患者可以用得上新药，可以改善他们的治疗效果。”国家医疗保障局局长胡静林介绍，抗癌药医保准入专项谈判充分体现了对医药创新的重视和支持，17种谈判抗癌药品中有10种药品均为2017年之后上市的品种。国家医疗保障局在通知中要求各省（区、市）药品集中采购机构要在2018年10月底前将谈判药品按支付标准在省级药品集中采购平台上公开挂网。医保经办部门要及时更新信息系统，确保11月底前开始执行。此外，通知还要求各统筹地区采取有效措施保障谈判药品的供应和合理使用。因谈判药品纳入目录等政策原因导致医疗机构2018年实际发生费用超出总额控制指标的，年底清算时要给予合理补偿，并在制定2019年总额控制指标时综合考虑谈判药品合理使用的因素。往期精彩：2018胡润百富榜出炉，山西6位富豪上榜！（附完整榜单）定了，山西多地公布最新供暖时间、价格省政府批准！阳曲等12个县退出贫困县吕梁市公安局马文宽接受调查；平遥关停整顿多家问题醋厂 ；五台山等5个重点景区门票再降......编辑丨李慧]]></content>
  <author><![CDATA[三晋都市报]]></author>
  <time>2018-10-11 17:45:03</time>
  <account><![CDATA[sanjindushibao]]></account>
</data>
