<data>
  <id><![CDATA[50709791]]></id>
  <url><![CDATA[https://mp.weixin.qq.com/s?timestamp=1539596490&src=3&ver=1&signature=Egrj350GoKY8-KUcIJshb3eMXZRHGKxxJWCTV5xG6AlR07VEJVqFGquM7SU5fojitZfc-kQQ*O-qXpx9ZJI-rG-nEUymnKGFOxtiwIJgZx4hIbTz4nhPrRsycO2FC7OCO6mSEjUfvyJ6CjGGjYHqJ-qJ2B806V7myJ6gpJ*RNg0=]]></url>
  <title><![CDATA[死亡9例，山西发布最新传染病疫情]]></title>
  <content><![CDATA[三晋都市报综合报道2018年9月1日零时至9月30日24时，全省报告法定甲乙丙类传染病发病11153例，死亡9例。其中，甲类传染病鼠疫和霍乱无病例报告；乙类传染病中传染性非典型肺炎、脊髓灰质炎、人感染高致病性禽流感、出血热、炭疽、流脑、白喉、新生儿破伤风、钩体病、血吸虫病和人感染H7N9禽流感11种传染病无病例报告,其余15种乙类传染病的报告病例总数为7403例，死亡9例。丙类传染病中麻风病、包虫病和丝虫病无病例报告，其余8种丙类传染病的报告病例总数为3750例。乙类传染病报告发病数居前五位的病种为：乙肝、肺结核、梅毒、丙肝、痢疾，占乙类传染病报告发病数的91.06%；有死亡病例报告的病种为：艾滋病、肺结核、乙脑。丙类传染病报告发病数居前三位的病种为：手足口病、其它感染性腹泻病、流行性感冒，占丙类传染病报告发病数的92.99%，无死亡病例报告。2018年10月公众健康提示:目前大中小学和托幼机构陆续开学，学生和家长应积极配合学校做好预防接种证查验、晨午检、因病因事缺课追踪，做到有病早就医早隔离，防止传染病疫情的扩散和蔓延。旅游外出，应注意饮食卫生，不吃未烧熟煮透的食物、未经消毒的奶、未削皮的水果、生的蔬菜，不喝生水。不采摘、食用野生蘑菇和野生植物。往期精彩：1人死刑，4人无期，闻喜“盗墓黑帮”案终审浦发银行太原分行高管被罚60万元；太原将重罚违规出租车；17种抗癌药纳入医保目录……洪发科受贿、巨额财产来源不明案入选山西检察机关十大精品公诉案例柳林“王凤莲”案开庭，当庭交代几十亿借贷去哪了吕梁市公安局马文宽接受调查；平遥关停整顿多家问题醋厂 ；五台山等5个重点景区门票再降......来源丨山西省卫计委网站编辑丨马云梅]]></content>
  <author><![CDATA[三晋都市报]]></author>
  <time>2018-10-12 16:54:19</time>
  <account><![CDATA[sanjindushibao]]></account>
</data>
