<data>
  <id><![CDATA[50709791]]></id>
  <url><![CDATA[https://mp.weixin.qq.com/s?timestamp=1539596490&src=3&ver=1&signature=Egrj350GoKY8-KUcIJshb3eMXZRHGKxxJWCTV5xG6AlR07VEJVqFGquM7SU5fojitZfc-kQQ*O-qXpx9ZJI-rOzmCB71Nbqxp4GOX0uctceZwSEk3hf39nlS0V2AADyQtKUBRSyzZrh3aYg2-Vrkw-T7-Wa6rPD7p99Yj2FFC3Y=]]></url>
  <title><![CDATA[太原等七市降到0℃以下；山西介休出现非洲猪瘟；坞城南路今起恢复通车......坞城南路今起恢复通车！太原市交通运输局机关整体搬迁坞城南路今起恢复通车！太原市交通运输局机关整体搬迁中石化山西分公司2019年招聘，12日截止报名]]></title>
  <content><![CDATA[三晋都市报综合报道天气山西省气象台发布霜冻蓝色预警！太原、大同等七市最低温度降到0℃以下！山西省气象台2018年10月07日16时23分继续发布霜冻蓝色预警，预警区域：太原、大同、朔州、忻州、阳泉、晋中、吕梁。48小时内地面最低温度已经降到0℃以下，对农业产生影响，并可能持续。请有关单位和人员做好防范准备。防御指南：1.政府及农林主管部门按照职责做好防霜冻准备工作;2.对农作物、蔬菜、花卉、瓜果、林业育种要采取一定的防护措施;3.农村基层组织和农户要关注当地霜冻预警信息，以便采取措施加强防护。疫情山西介休出现非洲猪瘟！关于网传我市外调生鲜猪肉存在疑似非洲猪瘟的通告非洲猪瘟不是人畜共患病，猪是非洲猪瘟病毒唯一的自然宿主，除家猪和野猪外其他动物不感染该病毒，对人没有危害，属于典型的传猪不传人型病毒。非洲猪瘟对人体健康和食品安全不产生直接影响，非洲猪瘟病毒对高温敏感，70摄氏度30分钟即可灭活。9月28日，网传我市张兰二明猪肉店、城区李帅猪肉店外调生鲜猪肉存在疑似非洲猪瘟舆情基本属实。市政府已连夜组织召开会议进行部署，介休市市场和质量监督管理局、畜牧兽医中心已对涉及批次未销售的生鲜猪肉进行查封、送检，已销售的生鲜猪肉进行追缴，对涉事猪肉店已立案调查。目前，我市养殖的生猪未发现非洲猪瘟疫情，市畜牧兽医中心将持续开展滚动排查、消毒灭源、检疫监管等内查外堵工作。请广大市民科学认识，不信谣、不传谣，理性消费猪肉及其产品，通过正规渠道购买猪肉产品。介休市市场和质量监督管理局介休市畜牧兽医中心2018年9月29日太原大事件坞城南路今起恢复通车！太原市交通运输局机关整体搬迁坞城南路今起恢复通车！10月7日，封闭了37天的坞城南路正式放行交通。全路段禁止机动车停放，限速最高不超过每小时50公里。随着坞城南路通车之后，马练营路由南向北，平阳南路的交通压力将得到很大缓解。太原市交通运输局机关整体搬迁10月1日，太原市交通运输局发布《公告》称，根据市委市政府决策部署，为全力配合青年路片区雨污分流改造工程，太原市交通运输局机关已于9月30日整体搬迁至新址：迎泽大街269号（迎泽大街与新建路交叉口东北侧），邮编030001，联系电话：0351--4047886因搬迁给您带来的不便敬请谅解，请广大市民继续关注太原市交通运输事业，谢谢！招聘中石化山西分公司2019年招聘，12日截止报名9月底，中国石化山西石油分公司发布2019 年度毕业生招聘公告，山西岗位共25人。此外，2018年国考报名时间为10月30日~11月8日。一、招聘基本条件★ 2019 年全国普通高等院校全日制统招统分应届毕业生；★ 回国（境） 后初次就业且具有教育部留学服务中心派遣资格的国（境）外留学生；★ 博士研究生、优才引进人员免笔试山西岗——二、招聘程序（一）网上报名报名时间： 2018 年 9 月 23 日 00:00-10 月 12 日 24:00。（本次采用网上报名方式，无其他报名方式。请应聘毕业生登陆招聘网站注册，在线填写简历，上传学习成绩单、外语成绩证明、获奖证书等附件，申请应聘岗位。每名毕业生最多  可应聘两个岗位（可为同一单位或不同单位），请慎重选择。）（二）资格审查1.时间：2018 年 9 月 23 日-10 月 12 日（招聘单位对照招聘公告中的招聘基本条件和招聘信息中的岗位招聘条件，对应聘毕业生进行资格审查。）2. 招聘单位对照应聘毕业生上传的本人学习成绩单、外语成绩证明  等附件，对应聘毕业生的相关信息进行查证。3. 符合招聘条件的毕业生给予资格审查通过。不符合招聘条件、主要材料不全或主要信息不实的应聘毕业生，资格审查不予通过，招聘单    位通过招聘网站发送“站内消息”告知审查结果。（三）统一初选考试1.初选考试时间： 2018 年 10 月 21 日下午 14：00，考试时间、内容方式、注意事项等见考试公告。招聘单位根据参加统一初选考试应聘毕业生的成绩，按最高不超过 8:1、最低不低于 3:1 的比例（考试人数少于发布招聘需求人数 3 倍的按实际人数）。中国石化委托第三方考试机构组织实施统一初选考试。分招聘岗位确定测试面试入围分数线和入围人选，于2018 年 10 月30 日前在招聘网站公布测试面试入围人选名单。（四）测试面试1.测试面试由招聘单位组织实施。招聘单位通过招聘网站“站内消息”   发送测试面试通知，请参加测试面试人员在规定时间内通过招聘网站“个人信息”栏中“站内消息”进行测试面试确认。逾期未确认，视为自动放弃测试面试。2. 参加测试面试时，须携带本人身份证、学生证、就业推荐表、学习成绩单、外语成绩证明等证书证明材料的原件和复印件，以及从招聘网站下载打印的《应聘中国石化毕业生基本信息表》。材料不全不能参加测试面试;院校、专业、学历、毕业时间、外语成绩等信息不实或不符  合招聘条件的，取消测试面试资格。3. 测试面试主要包括专业测试和综合素质面试，招聘单位根据招聘岗位特点和实际需要，确定测试面试的考核维度、计分规则等。同一招聘岗位执行同一测试面试标准。4. 招聘单位根据测试面试成绩,分招聘岗位择优提出拟录用人选和递补人选,递补顺序按测试面试成绩从高到低确定。（五）人选公示公示时间：2018 年 12 月 15 日前在招聘网站进行公示，公示期为 7 天。对反映有严重问题并查有实据的，取消录用资格。（六）签约录用公示无异议人选由招聘单位与毕业生签订就业协议。拟录用人选未在规定时限内完成签约的，视为自动放弃。拟录用人选放弃签约或未  在规定时限内完成签约，出现空缺时，按递补人选顺序依次递补。三、博士研究生、优才引进免初选考试★ 符合岗位招聘条件的博士研究生，可免于参加统一初选考试，经单   位测试面试后，对拟录用人选和递补人选进行公示。★ 招聘单位根据实际需要，明确优才引进的岗位和具体招聘条件，符合优才岗位招聘条件的，免予参加统一初选考试，经招聘单位综合考评，  择优确定为拟录用人选和递补人选，在招聘网站另行公示。申请应聘“优才引进”岗位的毕业生，在注册简历时，须上传相应获奖证书证明附件。优才引进条件——1. 泰晤士高等教育 2018 年世界大学排名前 30 名高校的毕业生；2. 获得过两次国家奖学金的毕业生；3. 两次评选为普通高校省级“三好学生”、“优秀学生干部”的毕   业生；4. 获得过中国石油工程设计大赛一等奖及以上，且在团队中排名第一的毕业生；全国大学生化工设计竞赛特等奖，且在团队中排名为前两名的毕业生。附：泰晤士高等教育 2018 年世界大学排名 Top30 榜单四、其他事项1.通过中国石化人才招聘网站（http://job.sinopec.com）应聘，是中国石化毕业生招聘唯一渠道，没有其他任何招聘方式和途径。2. 中国石化各招聘单位不以任何形式收取应聘毕业生报名费、考试   测试费、保证金等。3. 集团有限公司监督邮箱： job@sinopec.com此外，2018年国考报名时间为10月30日~11月8日。具体时间安排如下——往期精彩：山西教育新政！班主任津贴每月不低于500元，特岗教师每年补贴3万+国务院批准！长治撤销两区两县一市，新设四区山西省人大常委会通过一批人事任免名单编辑丨延晋伟]]></content>
  <author><![CDATA[三晋都市报]]></author>
  <time>2018-10-07 20:00:28</time>
  <account><![CDATA[sanjindushibao]]></account>
</data>
