<data>
  <id><![CDATA[50709791]]></id>
  <url><![CDATA[https://mp.weixin.qq.com/s?timestamp=1539596490&src=3&ver=1&signature=Egrj350GoKY8-KUcIJshb3eMXZRHGKxxJWCTV5xG6AlR07VEJVqFGquM7SU5fojitZfc-kQQ*O-qXpx9ZJI-rH6CDXY1yOe4dej5l6*ie9f1KQRX6J0fAEpzWARpEWAuVA1sTCtMZ9sPHNdDm5DN6-oDYlPjhIT1T5XHEx0hBc0=]]></url>
  <title><![CDATA[岚县土豆又放大招，旗舰店、连锁店、加盟店都开了]]></title>
  <content><![CDATA[10月4日，第二届吕梁名特优功能食品展销会暨首届农民丰收节岚县特色产品推介与民俗文化展演庆丰收活动在汾阳市会展中心举行。活动现场，岚县土豆再放招，建设了“土豆宴”研发推广总部基地和中央厨房，积极打造“土豆宴”旗舰店、连锁店、加盟店。县委副书记、政府县长乔云亲自登台为“岚县土豆”代言，倾力推介了岚县马铃薯、沙棘产业和特色小杂粮等功能食品。近年来，岚县以打造“全国马铃薯主食化开发第一县”、“山西马铃薯第一县”、“全国有机沙棘原料基地”为目标，加快农业供给侧结构性改革步伐，拓宽现代农业产业体系，马铃薯产业、经济林建设、小杂粮产业成为了全县农民脱贫致富的主导产业。目前，马铃薯产业作为全县的脱贫主导产业，已初步形成了“土豆种—土豆花—土豆品—土豆宴”全产业链发展模式和“一二三产”融合发展的良好态势。特别是在“一二三产”融合发展上，拍摄了土豆电影、微电影，制作了土豆歌曲MV，出版发行了《舌尖上的岚县土豆宴》一书，制作了土豆宴扑克牌，开发了108道土豆美食全席宴，建立了“土豆宴”研发推广总部基地和中央厨房，积极在省城太原、首都北京等地打造“土豆宴”旗舰店、连锁店、加盟店。今年，岚县承办了全国马铃薯主食加工产业联盟年会和全国首届有机旱作农业科技交流大会，并举办第四届中国·岚县“土豆花开了”旅游文化月活动，年接待游客近50万人，向全国推广了“世界主食、中国味道、岚县智造”的岚县土豆宴。岚县马铃薯荣获2016年第十四届中国国际粮博会金奖和2017年“中国百强农产品区域公用品牌”，2018年，在首届“中国农民丰收节”系列活动之中国最美食材品牌马铃薯展示推介活动中,岚县荣获“十大马铃薯主食化示范基地县”、马铃薯主食化产业“十大品牌”、“十大特色食品”、“十大休闲食品”、“十大名厨”等荣誉，近期中国粮食行业协会命名岚县为“中国马铃薯（美食）之乡”。展馆内，各具特色的吕梁农产品吸引了众多市民品尝和购买，场外，丰富多彩的文艺演出，充分展示了浓郁的岚县特色文化，引得台下观众掌声阵阵，一步步把现场气氛推向高潮。往期精彩：‍‍人人人人人……国庆出游前方情报速览太原3家影院电影票可以“退改签”来源丨本报记者 冯亚博编辑丨马云梅]]></content>
  <author><![CDATA[三晋都市报]]></author>
  <time>2018-10-05 15:23:56</time>
  <account><![CDATA[sanjindushibao]]></account>
</data>
