<data>
  <id><![CDATA[50709791]]></id>
  <url><![CDATA[https://mp.weixin.qq.com/s?timestamp=1539596490&src=3&ver=1&signature=Egrj350GoKY8-KUcIJshb3eMXZRHGKxxJWCTV5xG6AlR07VEJVqFGquM7SU5fojitZfc-kQQ*O-qXpx9ZJI-rB0v5LH9Y3GzoD9jmupwGiCE99UaXy2qk4wM4A5S6glT6psuvZrE04o*rKDm-ZXsn7dAcLdKVBC-qVygtuLs*Eo=]]></url>
  <title><![CDATA[2018胡润百富榜出炉，山西6位富豪上榜！（附完整榜单）]]></title>
  <content><![CDATA[三晋都市报综合报道10月10日，胡润研究院发布2018胡润百富榜名单，马云家族以2700亿登顶中国首富，山西杨建新、樊梅花夫妇上榜，稳坐山西首富之位！10月10日，胡润研究院发布《胡润百富榜2018》，上榜门槛仍为20亿元，上榜富豪财富计算的截止日期为今年的8月15日。不过值得注意的是，今年却成为胡润百富榜二十年来落榜人数最多的一次，其主因便是股市大跌，同样山西众富豪也明显受此波及。跨境通董事长杨建新、樊梅花夫妇以115亿上榜，居305位，较去年下跌16亿，连续四年稳坐山西首富之位。受影响最大的当属山西富豪的上榜人数，相较于去年，今年仅有6位富豪所在企业总部在山西，分别是沁和能源的吕中楼、昌通的张三货、通达的远勤山、美锦能源的姚俊良和振东的李安平。而2017年有14位企业总部在山西的富豪。从2018胡润百富榜名单中了解到，马云家族以2700亿登顶中国首富，而恒大董事局主席许家印则以2500亿跌至第二位，腾讯董事局主席兼CEO马化腾以2400亿位居第三。此外，百度李彦宏、马东敏夫妇位列第九;今年携小米在港交所成功上市的雷军，进入百富榜前十，其财富增长86%，达1100亿元;刚刚上市的拼多多创始人黄峥以950亿身家，同苏宁董事长张近东、腾讯高级执行官张志东并列13位。网友评论：@有钱·又有你：登上又怎么样  丝毫不影响我的排名@michiko未希：主要是因为昨天我还了花呗。@贾斯汀张白胖：他们争他们的前三去吧，依然不影响我的后十。@默默飘过飘不过：我与首富也只差2700亿不到。@才子点评：三位首富随便哪位与我平均下，俺也变成千亿富翁。@经济独立的小乃子富婆：个个月欠着马爸爸钱@Mr丶qiu丶：还有一个月光棍节的那一天才是马云发财的时候吴晓波频道点评：二十年来中国的财富发展史，与中国经济的发展密切相关。首先，全民财富剧烈增长，在企业家这里尤为显著。今年胡润百富榜前十名，它的上榜门槛是五年前的3倍，是十年前的5.5倍，是15年前的27.5倍。其次，中国的城市化进程让地产成为最稳定的造富行业，直到近几年才逐渐被互联网取代。以前十名为例，今年涉足IT行业的最多，有4位；其次才是地产，有3位；五年前，涉足地产行业的最多，有6位；十年前，涉足地产行业的最多，有5位；十五年前的前十名中，涉足地产行业的最多，有6位。第三，没有永远的首富，前十总在换人，在重大机遇面前，人人都有机会。五年前的前十名中，只有5人还在今年出现，而十年前的前十名中，只有一人还在，十五年前的前十名中，没有一人在。图片来源 / 吴晓波频道胡润百富榜富豪名单：往期精彩：山西5地上榜投资潜力百强县市区吕梁市公安局马文宽接受调查；平遥关停整顿多家问题醋厂 ；五台山等5个重点景区门票再降......省政府批准！阳曲等12个县退出贫困县编辑丨李慧]]></content>
  <author><![CDATA[三晋都市报]]></author>
  <time>2018-10-10 17:33:07</time>
  <account><![CDATA[sanjindushibao]]></account>
</data>
