<data>
  <id><![CDATA[50715923]]></id>
  <url><![CDATA[https://mp.weixin.qq.com/s?timestamp=1539596628&src=3&ver=1&signature=Egrj350GoKY8-KUcIJshbxkN69CTX82ZR83B2CYnGY1KwdSAiV8ocDzZbnus6CavAknRQtAylPTJ4qs12bKNszJGW8Qgc5X*pkdaPBGemNmncqXAnZXXX*-RgdRHnAwSYLfrnzuOk-yrrigLrvBMdmWxk0ZcUGdiMIoyPQDB1SI=]]></url>
  <title><![CDATA[网传，国家药监局干部最新任命]]></title>
  <content><![CDATA[今日，国家药品监督管理局于9月30日发布的两个党组文件在微信圈流传，该通知称，经中共国家药品监督管理局党组2018年9月27日研究决定，35名司局级干部和95名处级获得任命。35名司局级干部的任命情况王小岩同志为综合和规划财务司司长（保留正局长级）；巩建平同志为综合和规划财务司副司长（保留副局长级）；吕玲同志为综合和规划财务司副司长（保留副局长级）；孙继龙同志为综合和规划财务司副司长（保留副局长级）；王桂忠同志为综合和规划财务司副巡视员（保留副局级）；刘沛同志为政策法规司巡视员（保留正局级）；吴利雅同志为政策法规司副局长（保留副局长级）；邱琼同志为政策法规司副局长（保留副局长级）；李茂忠同志为药品注册管理司（中药民族药监督管理局）副司长（保留副局长级）；杨胜同志为药品注册管理司（中药民族药监督管理局）副司长（保留副局长级）；李芳同志为药品注册管理司（中药民族药监督管理局）副巡视员（保留副局长级）；袁林同志为药品监督管理司司长（保留正局长级）；张培培同志为药品监督管理司副司长（保留副局长级）；任玫玫同志为药品监督管理司副巡视员（保留副局级）；徐胜敏同志为药品监督管理司副巡视员（保留副局级）；江德元同志为药品稽查专员（在医疗器械注册管理司工作）；王兰明同志为药品稽查专员（在医疗器械注册管理司工作）；高国彪同志为医疗器械注册管理司副司长（保留副局长级）；杜惠琴同志为医疗器械注册管理司副司长（保留副局长级）；王者雄同志为医疗器械注册管理司司长（保留正局长级）；王树才同志为医疗器械注册管理司副司长（保留副局长级）；张琪同志为医疗器械注册管理司副司长（保留副局长级）；李金菊同志为化妆品监督管理司副司长（保留副局长级）；贺丹英同志为化妆品监督管理司副巡视员（保留副局级）；秦晓岑同志为科技和国际合作司（港澳台办公室）副司长（副主任）（保留副局长级）；刘景起同志为科技和国际合作司（港澳台办公室）副司长（副主任）（保留副局长级）；毛振宾同志为科技和国际合作司（港澳台办公室）巡视员（保留正局级）；崔恩学同志为人事司副司长（保留副局长级）；段慧萍同志为人事司副司长（保留副局长级）；温世宏同志为人事司副巡视员（保留副局级）；王晓清同志为机关党委副巡视员（保留副局级）；石耀宇同志为离退休干部局局长（保留正局长级）；冯俊钢同志为离退休干部局副局长（保留副局长级）；郁正兵同志为离退休干部局巡视员（保留正局级）；王泽森同志为离退休干部局副巡视员（保留副局级）；江德元、孙继龙同志继续执行原任职务要求的任职试用期。95名处级干部任职情况周岸鹏同志为综合和规划财务司综合处（信访办）处长；夏军平同志为综合和规划财务司综合处（信访办）副处长；房良辰同志为综合和规划财务司综合处（信访办）副处长；高鹏来同志为综合和规划财务司秘书一处处长；张黎明同志为综合和规划财务司秘书二处（应急办）处长；顾光同志为综合和规划财务司秘书二处（应急办）副处长；岳凯峰同志为综合和规划财务司秘书二处（应急办）副调研员；秦广玲同志为综合和规划财务司文电保密处处长；瞿奇同志为综合和规划财务司文电保密处副处长；郑伟同志为综合和规划财务司监查处处长；王胜宇同志为综合和规划财务司监查处副调研员；朱明春同志为综合和规划财务司新闻舆情处（新闻办）处长；卜治溢同志为综合和规划财务司新闻舆情处（新闻办）副处长；邵鹏飞同志为综合和规划财务司规划处处长；崔野宋同志为综合和规划财务司规划处副调研员；冯武同志为综合和规划财务司规划处处长；柯法业同志为综合和规划财务司预算审计处副处长；姜玲同志为综合和规划财务司财务处处长；刘文臣同志为综合和规划财务司财务处副调研员；陈炫光同志为综合和规划财务司财务处副调研员。姜海雯同志为政策法规司综合处处长；曹晨光同志为政策法规司政策研究处处长；张源同志为政策法规司政策研究处副调研员；刘继红同志为政策法规司法规处处长；张颖同志为政策法规司法规处副处长；李璐同志为政策法规司法规处副调研员；何春霭同志为政策法规司执法监督处处长；闫林海同志为政策法规司执法监督处副调研员；郗文静同志为政策法规司执法监督处副调研员。李江宁同志为药品注册管理司（中药民族药监督管理司）综合处（药品改革办公室）处长；刘春同志为药品注册管理司（中药民族药监督管理司）综合处（药品改革办公室）副处长；赵阳同志为药品注册管理司（中药民族药监督管理司）药物研究处处长；于江咏同志为药品注册管理司（中药民族药监督管理司）药物研究处副调研员；王海南同志为药品注册管理司（中药民族药监督管理司）中药民族药处处长；徐晓强同志为药品注册管理司（中药民族药监督管理司）中药民族药处调研员；张建武同志为药品注册管理司（中药民族药监督管理司）中药民族药处副调研员；余欢同志为药品注册管理司（中药民族药监督管理司）化学药品处处长；张辉同志为药品注册管理司（中药民族药监督管理司）生物制品处处长；蓝恭涛同志为药品注册管理司（中药民族药监督管理司）生物制品处副处长；白鹤同志为药品注册管理司（中药民族药监督管理司）生物制品处副调研员；周乐同志为药品注册管理司综合处（经营指导处）处长；高天兵同志为药品监督管理司监管一处处长；蔡毅同志为药品监督管理司监管一处副调研员；崔浩同志为药品监督管理司监管二处处长；刘晓刚同志为药品监督管理司监管二处副处长；叶家辉同志为药品监督管理司监管三处副处长；常卫红同志为药品监督管理司监管三处调研员；杨霆同志为药品监督管理司监管四处处长；李卫华同志为药品监督管理司监管四处副处长；高燕同志为药品监督管理司药物警戒处副处长；胡增峣同志为药品监督管理司药物警戒处副调研员。张华同志为医疗器械注册管理司综合处处长；袁鹏同志为医疗器械注册管理司注册一处处长；胡雪燕同志为医疗器械注册管理司注册一处调研员；李军同志为医疗器械注册管理司注册二处处长；边旭同志为医疗器械注册管理司注册研究处副处长；程锦同志为医疗器械注册管理司注册研究处副调研员。黄勤同志为医疗器械注册管理司综合处处长；赵彬同志为医疗器械注册管理司综合处副处长；王昕同志为医疗器械注册管理司监管一处处长；马忠明同志为医疗器械注册管理司监管二处处长；杨志强同志为医疗器械注册管理司监管二处调研员；朱宁同志为医疗器械注册管理司监测抽验处处长；岳相辉同志为医疗器械注册管理司监测抽验处副调研员；李南同志为化妆品监督管理司综合处处长；严志同志为化妆品监督管理司综合处调研员；戚柳彬同志为化妆品监督管理司监管一处处长；林庆斌同志为化妆品监督管理司监管一处副调研员；李云峰同志为化妆品监督管理司监管二处处长；刘萌同志为化妆品监督管理司监管二处副处长。赵北海同志为科技和国际合作司（港澳台办公室）综合处（港澳台处）处长；吴一楠同志为科技和国际合作司（港澳台办公室）综合处（港澳台处）副处长；张皋彤同志为科技和国际合作司（港澳台办公室）综合处（港澳台处）调研员；周乃元同志为科技和国际合作司（港澳台办公室）科技处处长；王翔宇同志为科技和国际合作司（港澳台办公室）国际组织处处长；李刚同志为科技和国际合作司（港澳台办公室）国际组织处副调研员；王家威同志为科技和国际合作司（港澳台办公室）双边合作处处长；蒋露同志为科技和国际合作司（港澳台办公室）双边合作处副处长；张艳琴同志为人事司综合处（培训处）处长；胡忠和同志为人事司干部一处处长；李卫锋同志为人事司干部二处（工资处）副处长；郑彦棠同志为人事司干部二处（工资处）调研员；胡漾同志为人事司干部监督处调研员；周晓星同志为人事司干部监督处副调研员；周翔同志为机关党委办公室（统战群工部）主任；陈志同志为机关党委组织宣传部（精神文明办公室）部长；谷燕莉同志为机关党委纪律检查室主任；王超同志为机关党委巡视办处长；盛岚同志为机关党委巡视办副调研员。黄育宏同志为离退休干部局综合处处长；陈宁同志为离退休干部局综合处副处长；樊晓霞同志为离退休干部局组织宣传处（党委纪委办公室）处长；苏雷同志为离退休干部局生活服务处处长；郑记同志为离退休干部局生活服务处副处长；赵岩同志为离退休干部局生活服务处调研员；秦广玲、高鹏来、郑伟、姜海雯、刘继红、刘春、余欢、周乐、叶家辉、高燕、李卫锋、吴一楠、蒋露等13名同志继续执行原任职务要求的任职试用期。▪ 内容来源：药脉通▪ 作者：连翘 玳瑁医药地方台yiyaoguanchajia长按扫码关注我们]]></content>
  <author><![CDATA[医药地方台]]></author>
  <time>2018-10-10 17:52:11</time>
  <account><![CDATA[yiyaoguanchajia]]></account>
</data>
