<data>
  <id><![CDATA[50715923]]></id>
  <url><![CDATA[https://mp.weixin.qq.com/s?timestamp=1539596628&src=3&ver=1&signature=Egrj350GoKY8-KUcIJshbxkN69CTX82ZR83B2CYnGY1KwdSAiV8ocDzZbnus6CavAknRQtAylPTJ4qs12bKNs6iWngzc58-upFAwMtHSJqPFWJUbGPM1wNscJJ9edmxnKCqvTfJtbhKAIcx5nWc4tGEOzpTGf50xSeErniKCM1U=]]></url>
  <title><![CDATA[十部委表态：打击假劣药销售，为期3个月]]></title>
  <content><![CDATA[十部委召开会议，即日起，开展为期3个月的打击药品犯罪行动。药品零售企业，这些违法行为被重点管控。即日起，为期3个月打击药品犯罪行动10月10日，公安部召开了深化打击食品药品农资环境犯罪行动视频会议，最高人民法院、最高人民检察院、生态环境部、农业农村部、国家市场监督管理总局、国家卫生健康委员会、国家医疗保障局、国家药品监督管理局、国家中医药管理局有关部门负责同志，以及公安部相关业务部门负责同志出席主会场会议。针对食品药品农资和环境领域犯罪形势和人民群众反映强烈的突出问题，公安部部署自即日起，组织全国公安机关开展为期3个月的深化打击食品药品农资和环境犯罪行动。在药品领域，重点打击假劣抗肿瘤类、抗生素类和治疗高血压、糖尿病、心血管、风湿病等慢性疾病用药类，以及儿童用药、中药类、美容针剂类等危害药品安全犯罪。公安部党委委员、副部长孙力军出席视频会议时强调，各地公安机关要重拳出击，以对食品药品农资和环境违法犯罪“零容忍”的态度，突出重点领域、全面深入排查，集中优势警力、采取有力措施，全力侦破一批大要案件。假劣药案频发，重点管控不难发现，打击销售假劣药违法行为已是今年的重点，频频有假药案被曝光，且都是大案。10月12日，据现代金报报道，嘉兴、海宁两级警方破获“2·23”特大生产、销售微整形假药案，抓获犯罪嫌疑人21名，捣毁非法生产假药地下工厂一家，非法销售囤货仓库窝点5处，扣押肉毒素、麻膏、水光针等假药及无注册证医疗器械共计130多个品种，数量约27万盒（支），涉案金额超过3亿元。9月23日，新华社消息称，深圳市公安局龙华分局近期在全国多地查获4个制售假药窝点，总涉案价值2000多万元，刑事拘留5名嫌疑人。9月20日上午9点，安徽省公安厅发布“9.20”特大制售假药案(代号“云鹊”1号集群战役)，抓获李某等5名犯罪嫌疑人，捣毁大型仓库1处，查获销售窝点4处，共扣押假冒“万艾可”1000余盒，假冒“杜蕾斯”“杰士邦”等计生用品1万余盒，“三无”保健品3万余盒。同日，扬子晚报网消息称，日前，常州警方侦破了一起特大贩卖销售假冒婴幼儿药物案，9名微商共卖出 6万多瓶假药，涉案金额达百万元。而这些“进口药”国内的的销量居然远大于生产量！这都是在最近一个月内公布的假药案，一旦被查获，涉案金额都不低于百万。特殊药品，特殊对待在吉林长春长生疫苗案后，食药安全成为全社会关注的重点，于8月16日国家药监局连夜召开紧急干部大会，指出要加强风险隐患排查，对药品、医疗器械、化妆品进行全面的风险隐患排查，有针对性地开展集中整治活动。至此，针对特殊药品的整治行动全面铺开。8月31日，国家药监局发布关于中药饮片质量集中整治工作方案的通知，针对中药饮片这一突出问题在全国开展为期一年的整治行动。9月4日，福建省药监局发布开展药品流通环节高风险药品专项检查工作方案的通知，重点检查疫苗、血液制品、含特殊药品复方制剂等高风险药品。9月6日，吉林省药监局发布关于严厉查处违规销售含麻醉药品和氨酚羟考酮及曲马多口服复方制剂的通知，重点检查这些药品的销售数量、流向和药品零售企业凭处方销售情况。药品零售，重点管控这些违法行为除特殊药品特殊对待外，对于药品零售企业，这些违法行为已被重点管控。10月10日，山东省淄博市药监局发布了“食品药品安全黑名单责任人员信息公示表”，3人因生产、销售假药被判刑，且十年内禁止进入医药行业。9月13日，安徽省滁州市药监局接连公布了13起行政处罚案件，其中，有11家药店因涉及从无《药品经营许可证》的企业购进药品、销售假药、借用《执业药师资格证书》进行注册等违法行为被处罚。以上两起公告，无疑在警示药店，从无《药品经营许可证》的企业购进药品、销售假药、借用《执业药师资格证书》进行注册严重违法，一经发现，严惩不怠。其次，今年6月份，黑龙江药监局发布开展集中治理执业药师资格证书“挂靠”行为专项工作实施方案的通知，指出对挂证的执业药师，由注册机构收缴注册证并注销注册，三年内不再受理其注册工作。构成犯罪的，依法追究其刑事责任。从黑龙江药监局的整治通知来看，执业药师挂证构成犯罪的，也要严惩。另外，盗刷医保基金也不例外。8月16日上午，瓯海法院第一审判庭对瓯海一家医保定点药店“以药串药”，老板骗取国家医保统筹基金涉罪的案件进行公开审理。公诉人认为，当事人的行为，应当以诈骗罪、伪造公司印章罪追究其刑事责任。▪ 内容来源：药店经理人▪ 编辑：夕语医药地方台yiyaoguanchajia长按扫码关注我们]]></content>
  <author><![CDATA[医药地方台]]></author>
  <time>2018-10-12 18:01:31</time>
  <account><![CDATA[yiyaoguanchajia]]></account>
</data>
