<data>
  <id><![CDATA[50715923]]></id>
  <url><![CDATA[https://mp.weixin.qq.com/s?timestamp=1539596628&src=3&ver=1&signature=Egrj350GoKY8-KUcIJshbxkN69CTX82ZR83B2CYnGY1KwdSAiV8ocDzZbnus6CavAknRQtAylPTJ4qs12bKNs6iWngzc58-upFAwMtHSJqPoC9nuPadHHp6QbufRhW0Cds4*MZup5aSoJU8byChrS3mCCriylnxbcgbNWBm86No=]]></url>
  <title><![CDATA[违反GMP规定，药企被收证]]></title>
  <content><![CDATA[10月12日，重庆市药监局发布公告，收回重庆医药工业研究院有限责任公司《药品GMP证书》。公告显示，重庆医药工业研究院有限责任公司违反《药品生产质量管理规范》规定，依据《药品生产质量管理规范认证管理办法》第三十三条规定，我局决定依法收回该公司《药品GMP证书》（证书编号：CQ20160014（原料药（阿立哌唑）））。证书编号：CQ20160014企业名称：重庆医药工业研究院有限责任公司生产地址：重庆长寿经济技术开发区化南三支路2号认证范围：原料药（阿立哌唑）证书收回日期：2018-10-12收回证书机关：重庆市食品药品监督管理局医药地方台yiyaoguanchajia长按扫码关注我们]]></content>
  <author><![CDATA[医药地方台]]></author>
  <time>2018-10-12 18:01:31</time>
  <account><![CDATA[yiyaoguanchajia]]></account>
</data>
