<data>
  <id><![CDATA[50715923]]></id>
  <url><![CDATA[https://mp.weixin.qq.com/s?timestamp=1539596628&src=3&ver=1&signature=Egrj350GoKY8-KUcIJshbxkN69CTX82ZR83B2CYnGY1KwdSAiV8ocDzZbnus6CavAknRQtAylPTJ4qs12bKNs7889RQhWaciklGvpkMIk4CKdO39ydv61RCodCgEKDZ-MmEzOVBte9Z7nHrBUv6iSjSxJqEuQDm7p6prPHOiU4Y=]]></url>
  <title><![CDATA[一带一路背景下，大健康发展新思路在这里！]]></title>
  <content><![CDATA[9月27日，由中国医药物资协会主办的2018“一带一路”国际健康产业博览会在青岛国际博览中心盛大开幕。深圳恒合互联网络科技有限公司作为参展单位中的一员，重点展示了旗下核心产品“首营电子资料交换平台（www.001pt.com）”，吸引了来自国内外同行及媒体的目光。此次会上，中华慈善总会副会长、全国政协委员李宏塔，青岛市药监局副局长二级巡视员柏建超，青岛市药监局副局长赵全怀，青岛市人社局局长刘卫国，青岛即墨区副区长李黎，原河南省食品药品监督管理局副巡视员吴希悦，原青岛市食品药品监督管理局副局长徐修穗，中国医药物资协会医药管理专家、原国家食品药品监督管理总局执业药师资格认证中心主任周福成，中国医药物资协会医药传播专家、中国医药报社原社长方贤业，中国医药物资协会执行会长兼秘书长刘忠良，协会副会长、非药委员会会长马守军，中国医药商业协会副会长武滨，中国医药物资协会名誉会长、云南鸿翔一心堂药业(集团)股份有限公司董事长阮鸿献，常务副会长李文杰、刘亚蜀等，副会长、深圳恒合互联网络科技有限公司董事长汪建峰等，共同出席了开幕式。大会现场李黎致首先为大会致辞，她表示期待、欢迎各位企业家到即墨投资，助力当地高新技术产业建设，当地政府将对各项企业家投资项目提供支持，切实保障企业家权益，促进优良营商环境建设，同时也希望更多的医药产业有识之士加入大健康产业建设。马守军致辞指出，一个以消费需求为导向、以创新驱动为引领、增加品种、提升品质、创造品牌、更加充满生机活力的中国健康产业正在到来。他强调，博览会既是展示产品、传递信息的有效平台，也是贸易洽谈、交流合作的重要渠道。期待大家共同努力，密切配合，通力合作，共建健康产业的大平台，共筑世界人民健康梦。李黎致辞马守军致辞“爱心飞翔”第四季启动仪式在开幕式上举行，同时，李宏塔、刘忠良等为第二批“爱心药房”进行了授牌。中国医药物资协会中药材产业分会启动仪式也在会上举行。随后，卫健委医改司综合处处长杨志光在开幕式上做主题报告，解读医改新政。阮鸿献在开幕式上做主题报告，解读中医（药）崛起与民族复兴。汪建峰（左一）等领导共同宣告中国医药物资协会中药材产业分会成立27日下午，中国医药物资协会第五届第六次常务理事会召开。周福成、方贤业、刘忠良、李文杰、刘亚蜀、马守军、汪建峰等协会领导出席会议。会议由李文杰主持，大会宣读并表决通过常务副会长、副会长、常务理事共37人，其中，增补常务副会长2人，副会长9人，常务理事26人。第五届第六次常务理事会合影28日，一带一路国际产业合作高峰论坛举行，中国医药物资协会副会长、连锁药店分会会长徐郁平主持会议。会上，深圳恒合互联网络科技有限公司首席运营官温乙刚为参会嘉宾做《医药产业信息化趋势： 首营电子资料交换管理新模式》的主题演讲，与业内人士共同探讨医药资料电子化交换与管理的新趋势，引发关注。温乙刚指出，在当前信息化时代，医药企业应该用新思维、新方式来助力企业转型升级，提高经营效率。首营资料电子化交换与管理是大势所趋，是“互联网+药品流通”的重要途径。深圳恒合互联的“首营电子资料交换平台”（www.001pt.com），是国内首家也是唯一一家有平台自主CA认证和第三方征信识别系统的医药专业化首营电子资料交换平台，为企业省去纸张印刷、快递等运营成本，并提高工作效率。温乙刚向现场嘉宾介绍首营电子资料交换平台主持人徐郁平对001平台“首营电子资料交换平台”高度评价。他指出，该平台为医药工业企业、连锁和流通企业及医院解决首营资料交换带来了方便，并能为企业节约很大成本和提高工作效率，其智能化的提醒服务更能为企业规避很多风险。据悉，该平台符合《中华人民共和国电子签名法》、《中华人民共和国合同法》，且由工信部授权的CA证书认证进行电子签章、数据保全，还与“国家工商总局企业信息库”“公安部公民身份证信息库”“国家食品药品管理局药品和器械库”进行比对，确保资料的真实性、合法性，符合GSP法规的要求，满足所有药品、器械、保健品生产、流通企业及医院、药店、监管等医药行业的单位需要，可与现有业务流程无缝对接，便于跟踪和监管。该平台已经在全国范围内广泛推行。截至目前，平台已获山西、天津、辽宁、黑龙江、云南、湖北、陕西、江苏、浙江、河南、海南、安徽、广东、重庆、四川、山东、吉林、甘肃、宁夏、内蒙古、新疆、湖南等省（市）药监局已发文批复同意，支持医药企业使用。众多国内外参展商，尤其是医药企业负责人及质管人员，对001平台“首营电子资料交换平台”表示出了极大的兴趣，并对平台给予高度认可，纷纷在现场扫码注册。深圳恒合互联团队在会议现场此次大会，嘉宾、专家们、同行们畅谈想法理念，在交流中汲取经验和想法的同时，也将各自的优秀理念传播出去，深圳恒合互联的创业理念和精神也得到了认可与支持。未来，深圳恒合互联将持续以用户需求为出发点，为企业提供全方位的电子资料处理服务！噔噔噔噔噔！长按二维码或点击阅读原文，进入001pt官网，查看更多首营电子资料交换平台和电子检验报告收发平台的资讯。▲扫码进入001pt官网▲扫码进入001pt官方微信平台]]></content>
  <author><![CDATA[医药地方台]]></author>
  <time>2018-09-29 17:42:41</time>
  <account><![CDATA[yiyaoguanchajia]]></account>
</data>
