<data>
  <id><![CDATA[50715923]]></id>
  <url><![CDATA[https://mp.weixin.qq.com/s?timestamp=1539596628&src=3&ver=1&signature=Egrj350GoKY8-KUcIJshbxkN69CTX82ZR83B2CYnGY1KwdSAiV8ocDzZbnus6CavAknRQtAylPTJ4qs12bKNs*xKdqIv9C8Dr0WTc2IuF73*STRrOH4Xurasknl80NGwxBUl*MPNaPk5Uay6kzDHz69q7tAggVSlxovRlt34*8I=]]></url>
  <title><![CDATA[7批次药品不合格]]></title>
  <content><![CDATA[9月30日，广西壮族自治区药监局发布2018年第9期《药品质量公告》，将抽检不符合标准规定的1批次药品制剂和6批次中药饮片予以公告。具体情况如下：经柳州市食品药品检验所检验，广东南国药业有限公司生产的硫酸庆大霉素注射液（1803291）不符合规定，不符合项目为可见异物。经梧州市食品药品检验所检验，江西樟树成方中药饮片有限公司生产的合欢皮（170901）、连南瑶族自治区粤顺中药饮片厂和广西圣康新药特药销售有限责任公司中药饮片分公司生产的白薇（130403、140802）、广西张益堂中药饮片有限公司和广西仁济堂中药饮片有限公司生产的海桐皮（1701054、160801）不符合规定，不合格项目为性状。经桂林市食品药品检验所检验，桂林兴安县鑫鑫中药饮片有限公司生产的络石藤（170101）不符合规定，不符合项目为水分、含量测定。广西壮族自治区药监局已组织相关食品药品监督管理局对检验不符合标准规定药品采取必要的控制措施，正在依据有关法律法规进行查处。▪ 内容来源：医药地方台整理医药地方台yiyaoguanchajia长按扫码关注我们]]></content>
  <author><![CDATA[医药地方台]]></author>
  <time>2018-09-30 16:33:55</time>
  <account><![CDATA[yiyaoguanchajia]]></account>
</data>
