<data>
  <id><![CDATA[50715923]]></id>
  <url><![CDATA[https://mp.weixin.qq.com/s?timestamp=1539596628&src=3&ver=1&signature=Egrj350GoKY8-KUcIJshbxkN69CTX82ZR83B2CYnGY1KwdSAiV8ocDzZbnus6CavAknRQtAylPTJ4qs12bKNswwOVwaTGCfSoLau5M3178e5qgqDTFBi2slh-xTOAtw1isB4y*zvbf0mBYJ7MTU5m71EgTAV9r2Gw-sS0o**eH4=]]></url>
  <title><![CDATA[17位药企高管辞职了！]]></title>
  <content><![CDATA[10月3日，医药地方台根据药企发布公告梳理统计，2018年9月，共有27家药企发布人事公告。其中有17位药企高管辞职了，包括健民集团总裁徐胜、武田大中华区普药事业部负责人张和平（随后担任赛诺菲巴斯德中国区总经理）、四环生物董事徐卫球、众生药业副总经理尹元源等。辞职原因有个人原因、工作变动原因等。9月28日南京医药公告，增补骆训杰为公司第八届董事会董事候选人，RichardJosephAnthonyGorsuch为公司第八届董事会董事候选人，任期与第八届董事会一致。9月26日九芝堂公告，因杨承申请辞去本公司总经理职务，公司决定聘任徐向平担任本公司总经理一职；因徐向平申请辞去本公司董事会秘书职务，公司决定聘任胡兴担任本公司董事会秘书一职，上述人员任期自本次董事会审议通过之日起与第七届董事会余下任期一致。9月26日莎普爱思公告，因公司发展需要，同意聘任吴建伟、徐洪胜为公司副总经理。以上人员任期自本次董事会审议通过之日起至第四届董事会任期届满为止，即自2018年9月25日至2021年5月15日。9月26日南京医药公告，因有其他工作安排，RajnishKapur申请辞去公司第八届董事会董事、董事会薪酬与绩效考核委员会委员、提名与人力资源规划委员会委员职务；陈伟思申请辞去公司第八届董事会董事、董事会战略决策与投融资管理委员会委员、审计与风险控制委员会委员职务。上述人员辞职后不在公司担任任何职务。9月26日健民集团公告，同意聘任何勤担任公司总裁职务。9月25日赛诺菲中国向员工宣布，张和平今日正式加入下属疫苗事业部赛诺菲巴斯德，并将于11月12日起，担任赛诺菲巴斯德中国区总经理。据介绍，加入赛诺菲巴斯德之前，张和平为武田大中华区普药事业部负责人。9月25日尔康制药公告，因公司经营发展及工作调整需要，罗琅申请辞去董事会秘书、副总经理职务，罗琅辞去公司董事会秘书、副总经理职务后，将继续在公司担任其他管理职务。同日，公司聘任施湘燕担任公司董事会秘书、副总经理职务，任期自董事会审议通过之日起至第三届董事会届满之日止。9月25日仟源医药公告，聘任贺延捷为公司财务总监，任期自本次董事会通过之日起至第三届董事会届满之日止。9月24日新锐医药公告，施礼贤获委任为独立非执行董事，自2018年9月24日起生效。9月22日健民集团公告，徐胜因个人工作变动向公司董事会申请辞去公司总裁职务，同时辞去公司控股子公司所有职务。9月22日北陆药业公告，聘请邵泽慧为公司副总经理、董事会秘书，任期与本届董事会相同；增补张伟林为第六届董事会非独立董事候选人。9月22日海南海药公告，聘请冯毅为公司财务负责人、林健为公司副总经理（免去其财务负责人职务），任期同第九届董事会任期相同。9月21日武田大中华区人力发布公告，武田大中华区普药事业部负责人张和平离任，最后工作日是9月21日。据介绍，目前接任者从内外部招募中，普药事业部管理团队暂时向武田大中华区负责人及武田中国总裁单国洪汇报。9月20日华润三九公告，选举王春城担任公司董事长，任期与公司第七届董事会任期一致。9月19日四环生物公告，徐卫球因个人原因，申请辞去公司董事职务，辞职后不再担任公司任何职务。9月19日理邦仪器公告，决定聘任刘思辰为公司证券事务代表，协助公司董事会秘书开展工作，刘思辰的任期与公司第三届董事会董事任期相同。9月19日广济药业公告，同意聘任郑彬担任公司证券事务代表，协助董事会秘书履行职责。任期自本次董事会审议通过之日起至第九届董事会届满为止。9月18日众生药业公告，尹元源因个人原因辞去公司副总经理职务，辞职后将不在公司担任任何职务。9月18日济川药业公告，原董事董自波因个人原因辞去公司董事、副总经理职务。提名刘俊为公司第八届董事会非独立董事候选人，候选董事任期自股东大会审议通过之日起至本届董事会任期届满之日止。同时，拟聘任刘俊担任公司副总经理，任期自董事会审议通过之日起至本届董事会任期届满之日止。同日，吴宏亮近期因工作调整的原因，申请辞去公司董事会秘书的职务，其辞去董事会秘书职务后仍然在公司任职，仍任公司财务总监。根据相关规定，公司同意聘任曹伟为公司董事会秘书，任期自董事会审议通过之日起至本届董事会任期届满之日止。9月18日明药堂公告，因个人原因，王晓丽、王南南辞去副总经理职务，辞职后，王晓丽继续担任公司监事会主席职务，王南南继续担任公司职工代表监事职务。9月17日舒泰神公告，因换届选举，蒋立新、段继东不再担任公司董事及专门委员会委员职务，吴松生不再担任公司独立董事及专门委员会委员职务。换届离任后，段继东、吴松生不再担任公司其他职务；蒋立新将在公司继续任职。同日，公司同意聘任张荣秦为公司总经理，马莉娜为公司副总经理、董事会秘书，周雪梅为公司证券事务代表。任期自本次董事会通过之日起至第四届董事会届满之日止。9月15日康辰药业公告，因个人工作变动原因，冯长征辞去申请辞去公司第二届董事会董事职务，方芳申请辞去公司第二届监事会监事职务；因个人原因，王丽娜辞去公司证券事务代表职务，上述人员辞职后将不再担任公司任何职务。9月14日哈药集团公告，因工作需要，经公司总经理提名，公司董事会同意聘任高磊为公司副总经理，任期自董事会决议生效之日起至第八届董事会届满。9月14日华北制药公告，选举丁玉明为公司职工监事，任期至公司第九届监事会届满为止。9月14日北陆药业公告，左颖因个人原因辞去内审部经理职务，辞职后不再担任公司任何职务。9月13日广济药业公告，自9月15日起，公司董事长安靖将代行董事会秘书职责，直至公司正式聘任董事会秘书。9月12日丽珠医药公告，同意聘任叶德隆为公司证券事务代表，其任期自本次董事会审议通过之日起至公司第九届董事会届满之日止。9月11日仟源医药公告，王晴因个人原因申请辞去财务总监职务，辞职后仍在公司担任其他职务。9月11日天药股份公告，翟娈因工作调整，辞去公司监事会主席、监事职务。公司监事会提名张政欣、孙亮为公司第七届监事会监事候选人，任期至本届监事会届满日止，同时，推举监事张国娟代为履行监事会主席职责。9月11日莎普爱思公告，补选时亮为第四届监事会监事（兼第四届监事会主席），与2017年年度股东大会选举产生的监事缪跃英和第三届职工代表大会第三次会议选举产生的职工监事冯晓共同组成公司第四届监事会。9月10日龙宇医药公告，因个人原因，刘勇辞去董事、副总经理职务，辞职后不再担任公司其它职务。9月8日大博医疗公告，吴国清因个人原因辞去公司财务总监职务，辞职后不再担任公司任何职务。9月5日必康股份公告，朱建军因工作重心调整的原因申请辞去公司副总裁职务。辞职后，朱建军仍在公司下属子公司江苏九九久科技有限公司担任总经理。▪ 内容来源：医药地方台整理（yiyaoguanchajia）▪ 作者：Sarah医药地方台yiyaoguanchajia长按扫码关注我们点击阅读原文，进入“首营电子资料交换平台”]]></content>
  <author><![CDATA[医药地方台]]></author>
  <time>2018-10-03 17:23:03</time>
  <account><![CDATA[yiyaoguanchajia]]></account>
</data>
