<data>
  <id><![CDATA[50715923]]></id>
  <url><![CDATA[https://mp.weixin.qq.com/s?timestamp=1539596628&src=3&ver=1&signature=Egrj350GoKY8-KUcIJshbxkN69CTX82ZR83B2CYnGY1KwdSAiV8ocDzZbnus6CavAknRQtAylPTJ4qs12bKNs7889RQhWaciklGvpkMIk4AixMtxzLXPD9tSHDlNGnZfNmXS21ig6Dtbcjq-qVqTykYs*nLzj01Crp3ZCZcolxk=]]></url>
  <title><![CDATA[2家药企GMP被收]]></title>
  <content><![CDATA[9月21-29日，贵州省、内蒙古自治区药监局发布公告，收回贵州光正制药有限责任公司、内蒙古惠丰药业有限公司2家药企《药品GMP证书》。根据公告，因严重违反《药品生产质量管理规范》规定，依据《药品生产质量管理规范认证管理办法》第三十三条“有下列情况之一的，由药品监督管理部门收回《药品GMP证书》。（一）企业（车间）不符合药品GMP要求的；（二）企业因违反药品管理法规被责令停产整顿的；（三）其他需要收回的。”规定。贵州省药监局决定收回贵州光正制药有限责任公司小容量注射剂（非最终灭菌，激素类）GMP证书；内蒙古自治区药监局决定收回内蒙古惠丰药业有限公司小儿双解止泻颗粒《药品GMP认证证书》。▪ 内容来源：医药地方台整理医药地方台yiyaoguanchajia长按扫码关注我们]]></content>
  <author><![CDATA[医药地方台]]></author>
  <time>2018-09-29 17:42:41</time>
  <account><![CDATA[yiyaoguanchajia]]></account>
</data>
