<data>
  <id><![CDATA[50715923]]></id>
  <url><![CDATA[https://mp.weixin.qq.com/s?timestamp=1539596628&src=3&ver=1&signature=Egrj350GoKY8-KUcIJshbxkN69CTX82ZR83B2CYnGY1KwdSAiV8ocDzZbnus6CavAknRQtAylPTJ4qs12bKNs24aQWruRUq3vtvQpnvN8RgrjS38k8ir3j5FqUVTM7r1bOBV*qZ8tgtjj9aiEE31aAutwjAGNuYb22b7ueIz0WE=]]></url>
  <title><![CDATA[10个医药品牌最具价值]]></title>
  <content><![CDATA[2018（第24届）中国品牌价值100强研究报告日前在芬兰赫尔辛基第十届欧洲论坛揭晓。据医药观察家网不完全统计，医药行业共有10个品牌榜上有名，前三名分别是哈药集团有限公司的哈药（品牌价值：238.29亿元）、云南白药集团股份有限公司的云南白药（品牌价值：173.26亿元）、北京同仁堂股份有限公司的同仁堂（品牌价值：152.76亿元）。上述三个医药品牌同时也是价值超过百亿元的三家企业。此外，上榜的医药品牌还有天士力、999、三精、人民同泰、东阿、双鹤、华北。据悉，该榜单是由睿富全球排行榜资讯集团与北京名牌资产评估有限公司共同进行，目的是研究传统制造业品牌在互联网时代的变化。▪ 内容来源：医药观察家网（微信号：yyguancha）▪ 作者：ispring医药地方台yiyaoguanchajia长按扫码关注我们]]></content>
  <author><![CDATA[医药地方台]]></author>
  <time>2018-09-27 17:55:55</time>
  <account><![CDATA[yiyaoguanchajia]]></account>
</data>
