<data>
  <id><![CDATA[50715923]]></id>
  <url><![CDATA[https://mp.weixin.qq.com/s?timestamp=1539596628&src=3&ver=1&signature=Egrj350GoKY8-KUcIJshbxkN69CTX82ZR83B2CYnGY1KwdSAiV8ocDzZbnus6CavAknRQtAylPTJ4qs12bKNs7889RQhWaciklGvpkMIk4B8XczseLAHMueEjFifS3awi45aHL63IIfdO7xwwrfqs4YpXppDx8z2eXaluw261OQ=]]></url>
  <title><![CDATA[16家药商被查处！]]></title>
  <content><![CDATA[9月28日，安徽池州市药监局发布《池州市9月药品流通监督检查月报表》。其中，有3家药品零售企业被立案查处、撤销GSP；13家药品零售（批发）企业被责令限期整改；1家医疗机构不合格被立案调查，115家被责令限期整改。具体来看：在药品零售企业方面，检查药品零售企业61家次，其中合格企业46家次，限期整改企业12家次，不合格企业3家次。在药品批发企业方面，检查药品批发企业1家次，其中限期整改1家次。医疗机构方面，检查医疗机构166家次，其中不合格1家次，限期整改115家次，合格50家次。互联网药品信息服务网站方面，检查查信息网站2家次，合格2家次。以下为不合格/限期整改企业▪ 内容来源：医药地方台整理（yiyaoguanchajia）▪ 作者：Sarah医药地方台yiyaoguanchajia长按扫码关注我们点击阅读原文，进入“首营电子资料交换平台”]]></content>
  <author><![CDATA[医药地方台]]></author>
  <time>2018-09-29 17:42:41</time>
  <account><![CDATA[yiyaoguanchajia]]></account>
</data>
