<data>
  <id><![CDATA[50715923]]></id>
  <url><![CDATA[https://mp.weixin.qq.com/s?timestamp=1539596628&src=3&ver=1&signature=Egrj350GoKY8-KUcIJshbxkN69CTX82ZR83B2CYnGY1KwdSAiV8ocDzZbnus6CavAknRQtAylPTJ4qs12bKNs-WSP8pIhlG4f6iCzWWxzJIjpgNmA1jNclM2LZ8HZGw2oSTOfG7sVG5ggL2xL5E71HH742oMYKny8jhKHrw*7-0=]]></url>
  <title><![CDATA[13家药企被警告、限期整改]]></title>
  <content><![CDATA[10月11日，辽宁省丹东市药监局发布《2018年药品生产企业检查公示信息（7到9月）》，共有13家药企被警告、责令限期整改，其中包括丹东康复制药有限公司、东港市宏达制药有限公司、丹东日月丰气体有限公司等。医药地方台yiyaoguanchajia长按扫码关注我们]]></content>
  <author><![CDATA[医药地方台]]></author>
  <time>2018-10-11 17:55:54</time>
  <account><![CDATA[yiyaoguanchajia]]></account>
</data>
