<data>
  <id><![CDATA[50715923]]></id>
  <url><![CDATA[https://mp.weixin.qq.com/s?timestamp=1539596628&src=3&ver=1&signature=Egrj350GoKY8-KUcIJshbxkN69CTX82ZR83B2CYnGY1KwdSAiV8ocDzZbnus6CavAknRQtAylPTJ4qs12bKNs6iWngzc58-upFAwMtHSJqPOKirYxXvlGW-AaekxUq8AaIdaoBmAJsMrc-czzrsgY-9KYO23bg-d2263pdXJoIM=]]></url>
  <title><![CDATA[23家药企被查出246项缺陷]]></title>
  <content><![CDATA[10月12日，湖北省药监局发布《2018年药品生产省本级监督检查情况通告》。按照省局2018年药品生产监管工作安排，省局组织对福安药业集团湖北人民制药有限公司等23家药品生产企业进行了监督检查，共查出缺陷246项，其中主要缺陷20项，一般缺陷226项。湖北省药监局对部分企业《药品生产现场检查风险提示函》，责成市局督促上述企业整改。医药地方台yiyaoguanchajia长按扫码关注我们]]></content>
  <author><![CDATA[医药地方台]]></author>
  <time>2018-10-12 18:01:31</time>
  <account><![CDATA[yiyaoguanchajia]]></account>
</data>
