<data>
  <id><![CDATA[50715923]]></id>
  <url><![CDATA[https://mp.weixin.qq.com/s?timestamp=1539596628&src=3&ver=1&signature=Egrj350GoKY8-KUcIJshbxkN69CTX82ZR83B2CYnGY1KwdSAiV8ocDzZbnus6CavAknRQtAylPTJ4qs12bKNs24aQWruRUq3vtvQpnvN8RjOFM0FgWXc893lvfZ7dCecl7CQAG*YpLKEMOiBBxbv-NsPZ7cie3XnwQGMxN8TjDo=]]></url>
  <title><![CDATA[3家药企被评失信]]></title>
  <content><![CDATA[近日，内蒙古鄂尔多斯市药监局发布公告，将2018年上半年药品批发企业、药品连锁企业信用等级评定结果予以公告。具体来看，在22家药品批发企业中，鄂尔多斯市东胜医药有限责任公司等13家药企信用等级被评为A（守信）；内蒙古华洋博威医药有限公司等7家被评为B（警示）；内蒙古泰润医药有限公司、明智达医药有限公司2家被评为C（失信）。在16家药品连锁企业中，内蒙古中瑞医药连锁有限公司等4家被评为A（守信）；内蒙古亿和大药房连锁有限责任公司等11家被评为B（警示）；内蒙古欣颂大药房连锁有限公司被评为C（失信）。医药地方台yiyaoguanchajia长按扫码关注我们]]></content>
  <author><![CDATA[医药地方台]]></author>
  <time>2018-09-27 17:55:55</time>
  <account><![CDATA[yiyaoguanchajia]]></account>
</data>
