<data>
  <id><![CDATA[50715923]]></id>
  <url><![CDATA[https://mp.weixin.qq.com/s?timestamp=1539596628&src=3&ver=1&signature=Egrj350GoKY8-KUcIJshbxkN69CTX82ZR83B2CYnGY1KwdSAiV8ocDzZbnus6CavAknRQtAylPTJ4qs12bKNsx8IgFzovkNAn0xOHVieENvW*1z6STSWQfTqHeyDS*pMPgNLkk2vFeLYgaZ8SVLX*Eb6AjHxvL5B32sMKwKTU1M=]]></url>
  <title><![CDATA[15家药商停止药品经营]]></title>
  <content><![CDATA[9月28日，安徽滁州市药监局发布两个通告，注销15家药品零售企业药品经营许可证和药品经营质量管理规范认证证书。企业申请注销2家根据《中华人民共和国药品管理法》及其实施条例、《中华人民共和国行政许可法》、国家食品药品监督管理局《药品经营许可证管理办法》（局令第6号）的规定，经持证企业申请，市局同意注销安徽佑众大药房有限公司定远仁善堂分公司、安徽佑众大药房有限公司定远康成分公司的《药品经营许可证》和《药品经营质量管理规范认证证书》。自注销之日起，企业应依法停止药品经营活动。吊销《药品经营许可证》注销13家根据《中华人民共和国药品管理法》及其实施条例、《中华人民共和国行政许可法》、国家食品药品监督管理局《药品经营许可证管理办法》（局令第6号）的规定，市局依法决定，注销以下13家药品零售企业的《药品经营许可证》和《药品经营质量管理规范认证证书》。通告所列企业应依法停止药品经营活动，请社会各界监督。医药地方台yiyaoguanchajia长按扫码关注我们]]></content>
  <author><![CDATA[医药地方台]]></author>
  <time>2018-09-28 17:52:20</time>
  <account><![CDATA[yiyaoguanchajia]]></account>
</data>
