<data>
  <id><![CDATA[50715923]]></id>
  <url><![CDATA[https://mp.weixin.qq.com/s?timestamp=1539596628&src=3&ver=1&signature=Egrj350GoKY8-KUcIJshbxkN69CTX82ZR83B2CYnGY1KwdSAiV8ocDzZbnus6CavAknRQtAylPTJ4qs12bKNs*xKdqIv9C8Dr0WTc2IuF70QOF6GZBjzE3jzC3UGn9YZvUzXPkbCbr*cX7e4CDkWFBTk4xLzFkZgyGXI*IobRmk=]]></url>
  <title><![CDATA[关爱老年人健康，汉森在行动]]></title>
  <content><![CDATA[每年的十月一日，是“国际老人日”，而我国老年人口全世界最多，老年人的健康问题已经成为我国社会严重问题之一。一直以来，湖南汉森制药股份有限公司（以下简称“汉森制药”）都在关注老年人健康，旗下的四磨汤口服液、天麻醒脑胶囊、缩泉胶囊，更是为老年人健康做出巨大贡献，并得到了广泛应用和认可。根据预测，到2020年，我国的失能老人将达到4200万，80岁以上高龄老人将达到2900万，空巢和独居老人将达到1.18亿。而到2040年，我国年龄60岁以上的人口比例预计达到28%，这是一个极为恐怖的比例。因为老年人口的比重现在越来越大，老年人越来越多，老年人常见的健康问题，逐渐成为一个严重的社会负担。随着年龄增长，老年人身体功能随龄退化，对诸多疾病易感性增高，较为普遍的老年痴呆症、消化系统疾病、泌尿系统疾病等，在老年群体中越来越严重，需要花费非常多的社会成本和人们的精力。作为国内知名上市药企，汉森制药始终致力于为老百姓提供优质产品，旗下的四磨汤口服液、天麻醒脑胶囊和缩泉胶囊等药物，更是能够治疗多种老年疾病，为我国老年人的生命健康“保驾护航”。四磨汤口服液：老年人便秘防治专家流行病学调查表明，老年人的消化系统疾病发生率一直居高不下。老年人便秘患病率约15%-30%，长期卧床的老年人患病率达80%。另一组数据显示，我国便秘发病率约9%-13%，其中25%-50%为老年性便秘。追究老年人便秘的原因，主要是随着年龄的增长，老年人的大肠肌肉失去原有敏感性或紧张力，使推动粪便的蠕动减缓，粪便通过大肠时费时过多，水分被吸收，而致大便变硬、变粗，造成排便困难。这被称为无张力便秘。许多老年人还常伴有因其他因素所致的混合型便秘。四磨汤口服液是国内唯一一款肠胃动力中成药，在治疗老年人便秘上就有着卓越的表现。纯中药制剂四磨汤口服液由木香、枳壳、乌药、槟榔四味药材组成，有顺气降逆、消积止痛等功效。方中，木香通行脾胃气滞，理气调中止痛，兼健胃消食；枳壳长于理气宽中，行滞消胀；乌药行气止痛，疏肝解郁；槟榔降气行滞，消积通便。现代药理研究表明：木香和乌药对胃肠平滑肌有双重作用，既能促进肠蠕动,又能缓解胃肠平滑肌痉挛，增强胃运动节律作用，增加消化液分泌、抑制溃疡形成、抗腹痛；枳壳增加胃肠运动收缩节律；槟榔可兴奋M-胆碱受体，引起腺体分泌增加，使消化液分泌旺盛，并具有兴奋平滑肌的作用。一项临床试验表明，在老年便秘治疗中，相比较当归龙荟丸、聚乙二醇粉剂，四磨汤口服液补气润肠通便效果更佳，总有效率高达98.9%，且治疗老年性便秘无副作用。值得一提的是，四磨汤口服液是汉森制药于1994年开发上市的独家专利产品，其组方源自宋代《济生方》中所载秘方“四磨饮”，成方于明代《痘疹金镜录》的经典名方，已经经过了四百多年的实践检验。良好的疗效和高安全性，使得四磨汤口服液在妇产科、儿科、消化科、外科、老年病科等多科室得到广泛使用。而且因四磨汤口服液在治疗功能性胃肠疾病方面疗效显著，入选了国家重点基础研究发展计划（973计划）项目、国家医保目录、多省基本药物目录，真正惠及无数的肠胃疾病患者。天麻醒脑胶囊：老年痴呆患者的更优选择世界卫生组织在《中国老龄化与健康国家评估报告》中调查显示，我国65岁以上的老年人中，老年痴呆、认知功能障碍的患病率高达12%，也就是说，每10个老年人，就有一个老年痴呆症或认知功能障碍患者。中医认为，老年性痴呆系老年肾精虚损，精气不能上充于脑，以致髓海空虚而痰凝血瘀，使脑窍受损，元神失用，产生各种症状。因此，中医在治疗上十分注重五脏与脑的关系，主张以益肾填精，辅以养心健脾、活血化瘀、祛痰开窍之法。汉森制药旗下全资子公司云南永孜堂制药有限公司的天麻醒脑胶囊，是从名老藏医50多年的验方“六味脑痴呆方”中开发出来的一款经典藏药。该方一直是藏族地区治疗老年痴呆的一大瑰宝。处方的六味药材均是中医治疗痴呆最常用的药味，天麻和地龙活血化瘀，石菖蒲和远志祛痰开窍，肉苁蓉和熟地黄益肾填精、阴阳平衡双补，六味合用具有补肾、化痰、逐瘀三法合一的独特功效，是预防和治疗老年痴呆的良方。在该方中，最核心的药物当属君药——天麻，其有“定风草”之美誉，长于平肝息风，特别对头目眩晕效果神奇。天麻醒脑胶囊所用天麻种类为最好的天麻——乌天麻，其产自“中国天麻之乡”云南昭通，优质道地且纯天然，质量与疗效更具保证。道地优质药材，经典传承藏方，天麻醒脑胶囊在老年痴呆治疗方面的优势在市场竞争中凸显无疑。在所有天麻类产品中，唯天麻醒脑胶囊是能将“记忆力减退”、“反应迟钝”明文标注于主治功能中的中成药。而且，天麻醒脑胶囊不仅是永孜堂制药的全国独家品种，还拥有工艺和组方的双重专利保护，先后被13个省份列入医保目录，并被选入云南省基本药物。2017年，天麻醒脑胶囊被正式纳入全国新增医保目录。缩泉胶囊：老年人夜尿的福音俗话说：“小儿觉多，老人尿多。”随着年龄的增长，老年人的身体器官功能逐渐弱化和萎缩，夜尿增多就是典型的体现。对于老年人来说，夜尿增多容易导致夜间失眠，睡眠不足，精力下降，严重影响健康状况和生活质量。缩泉胶囊源自767年前南宋陈自明所撰写的《妇人良方》，由益智仁、乌药、山药三种名贵药材精制而成。缩泉胶囊处方为历代治疗肾元虚冷及小便失调之要方，能起到温肾助阳、健脾益气、固精缩尿、顺气散寒的作用，对于肾虚、器官退化引起的老年人夜尿症状更是有显著疗效，是一款补肾、缩尿二合一的治疗排尿异常的首选药物，也是国家医保目录里唯一的一个补肾缩尿剂。在一项对老年性夜尿增多症模型及老年大鼠尿量的相关实验研究中，通过取老年大鼠，用切断腹下神经法复制尿频模型，按剂量灌胃给药的方法，得出给药组老年大鼠排尿次数减少，夜间尿量减少。缩泉胶囊能减少水负荷大鼠的尿排出量的结果，实验最终证明了缩泉胶囊对老年性尿频有一定的防治作用。临床实践也表明，缩泉胶囊在补肾的基础上，能够起到拮抗膀胱逼尿肌过度应激的收缩排尿反应；可调节膀胱尿道平滑肌蛋白表达，增加顺应性和控制力；可增加每次小便量，减少小便次数，真正实现三位一体治排尿异常。在缩泉胶囊调治夜尿频数70例临床观察中，显示缩泉胶囊针对老年夜尿频数之“肾脾渐虚，下焦虚寒”能有效地缓解症状，相比于目前临床治疗排尿异常的西药，缩泉胶囊未出现心悸、多汗、失眠等西药常见的不良反应。缩泉胶囊因其纯中药制剂的特点，在安全性上也有着显著优势。作为全国独家剂型、国家中药二级保护、甲类医保品种，且进入了国家基药目录的一款中成药，未来，缩泉胶囊在防治老年人排尿功能障碍，在夜尿多，漏尿、尿失禁等疾病方面，将会有更大的作为。▪ 内容来源：医药观察家报▪ 作者：路峰医药地方台yiyaoguanchajia长按扫码关注我们]]></content>
  <author><![CDATA[医药地方台]]></author>
  <time>2018-09-30 16:33:55</time>
  <account><![CDATA[yiyaoguanchajia]]></account>
</data>
