<data>
  <id><![CDATA[50715923]]></id>
  <url><![CDATA[https://mp.weixin.qq.com/s?timestamp=1539596628&src=3&ver=1&signature=Egrj350GoKY8-KUcIJshbxkN69CTX82ZR83B2CYnGY1KwdSAiV8ocDzZbnus6CavAknRQtAylPTJ4qs12bKNs1Cb1YuwQA1JvJoTZVC8A-yJ0P89WaJ2AqqlH08pI1u8wEqVEMhpYoelgRwt3NmTV-386vQhjCGheqzr8Uls69s=]]></url>
  <title><![CDATA[又有7位医院院长落马！]]></title>
  <content><![CDATA[本期医药观察家网根据人民检察院案件信息公开网2018年9月份公示的关于医疗卫生领域商业贿赂系列案件，以医院院长为主角，整理了7个案件(不完全统计)，涉及7位医院院长（包括副院长），其中3位是卫生院院长。值得注意的是，在上述7位院长中，有两位是三甲医院的，分别为安徽医科大学第二附属医院原院长张新书、连云港市第二人民医院原院长杨庆松。此外，上述7起案件均涉嫌受贿罪，其中已有两位院长一审判决，分别为钦州市钦南区尖山镇卫生院原院长苏礼锋犯受贿罪，被判处有期徒刑三年，并处罚金人民币20万元，同时追缴苏礼锋没有退出的赃款人民币30万元上缴国库；连云港市第二人民医院原党委副书记、院长杨庆松犯受贿罪，被判处有期徒刑五年，并处罚金人民币三十万元，受贿所得财物予以追缴，上缴国库。以下为案件详情：1武宣县人民检察院依法对韦启俪决定逮捕2018-09-26 17:52近日，武宣县人民医院原院长韦启俪涉嫌受贿罪一案，由武宣县监察委员会调查终结并移送检察机关审查起诉。经审查，武宣县人民检察院以涉嫌犯受贿罪依法对韦启俪决定逮捕。目前，该案正在进一步审查中。2钦州市钦南区尖山镇卫生院原院长苏礼锋受贿案一审判决2018-09-25 09:58日前，由钦州市钦南区人民检察院提起公诉的钦州市钦南区尖山镇卫生院原院长苏礼锋受贿一案，钦州市钦南区人民法院作出一审判决。经审理查明：2013年至2016年期间，被告人苏礼锋利用其担任钦州市钦南区尖山镇卫生院院长的职务便利，在采购医疗设备及贷款支付上给予许小水、李庆关照，为二人谋取利益，收受许小水人民币25万元，收受李庆人民币5万元。依照《中华人民共和国刑法》第三百八十五条第一款、第三百八十六条、第三百八十三条第一款第（二）项、第六十一条、第六十二条、第六十四条、第四十七条和最高人民法院、最高人民检察院《关于办理贪污贿赂刑事案件适用法律若干问题的解释》第二条第一款、第十九条第一款的规定，判决如下：一、被告人苏礼锋犯受贿罪，判处有期徒刑三年，并处罚金人民币20万元。二、追缴被告人苏礼锋没有退出的赃款人民币30万元上缴国库。3安徽医科大学第二附属医院原院长张新书涉嫌受贿罪被检察机关提起公诉2018-09-20 15:179月18日，安徽省颍上县人民检察院以涉嫌受贿罪对安徽医科大学第二附属医院原院长张新书（正处级）提起公诉。此案由阜阳市监察委员会调查终结，并由阜阳市人民检察院指定颍上县人民检察院审查起诉。审查起诉阶段，检察机关依法告知了被告人张新书享有的诉讼权利，并依法讯问了被告人张新书，听取了辩护人的意见，审查了全部案件材料。颍上县人民检察院指控，被告人张新书利用担任安徽医科大学第一附属医院副院长、第二附属医院院长等职务之便，为他人谋取利益，非法收受他人财物，数额特别巨大，应当以受贿罪追究其刑事责任。2018年8月9日，中共安徽医科大学委员会给予张新书开除党籍处分决定，并于同日被安徽医科大学给予取消退休待遇的政务处分。4连云港市第二人民医院原党委副书记、院长杨庆松受贿案一审宣判2018-09-11 15:41近日，连云港市连云区人民法院公开宣判连云港市第二人民医院原党委副书记、院长杨庆松受贿案，对被告人杨庆松以受贿罪判处有期徒刑五年，并处罚金人民币三十万元。受贿所得财物予以追缴，上缴国库。经审理查明，2013年至2017年间，被告人杨庆松利用担任二院党委副书记、院长的职务便利，非法收受相关单位和个人等11人的财物合计价值949000元人民币、美元10000元，并为上述人员或单位谋取医疗器械销售、药品采购销售、货款支付、岗位竞选等方面的利益。连云港市连云区法院认为，被告人杨庆松的行为构成受贿罪。鉴于被告人杨庆松尚有部分违法所得尚未退还，到案后仅如实供述少量犯罪事实，对大部分犯罪事实改变供述却不能作出合理解释，对其不能从轻处罚。法庭遂作出上述判决。5我院依法以朱军涉嫌受贿罪向宣威市人民法院依法提起公诉2018-09-10 16:38被告人朱军利用担任宣威市龙潭镇卫生院院长职务上的便利，非法收受他人财物共计人民币75000元。宣威市人民检察院于2018年1月16日依法以朱军涉嫌受贿罪向宣威市人民法院提起公诉。6高邮市检察院依法决定对邵广照提起公诉2018-09-10 16:14近日，高邮市检察院审查决定，依法对高邮市龙虬镇卫生院院长邵广照以涉嫌受贿罪提起公诉。7郎溪县人民检察院依法对高钱贵涉嫌受贿罪一案提起公诉2018-09-04 08:178月21日，郎溪县人民检察院依法对原郎溪县医院院长高钱贵受贿一案向郎溪县人民法院提起公诉。▪ 内容来源：医药观察家网整理（微信号：yyguancha）▪ 作者：ispring医药地方台yiyaoguanchajia长按扫码关注我们]]></content>
  <author><![CDATA[医药地方台]]></author>
  <time>2018-10-08 18:07:05</time>
  <account><![CDATA[yiyaoguanchajia]]></account>
</data>
