<data>
  <id><![CDATA[50715923]]></id>
  <url><![CDATA[https://mp.weixin.qq.com/s?timestamp=1539596628&src=3&ver=1&signature=Egrj350GoKY8-KUcIJshbxkN69CTX82ZR83B2CYnGY1KwdSAiV8ocDzZbnus6CavAknRQtAylPTJ4qs12bKNs6iWngzc58-upFAwMtHSJqOSS*7bXGo0KW0-PazqqER96DfsQ9WHdQIGfli3jZHTkTyHPY65kZHNCfZhUeItGdQ=]]></url>
  <title><![CDATA[9家药商被查处]]></title>
  <content><![CDATA[10月12日，重庆市药监局发布2018年第5期《行政执法案件信息公开表》，将11起行政处罚案件信息予以公告。其中涉及药企有9家。重庆民顺堂医药有限公司、重庆市吉和药品有限公司、重庆市恒信医药有限责任公司、南岸区渝和堂药店、重庆鑫斛药房连锁有限公司鑫斛药庄小龙坎正街店、重庆厚康医药有限公司、南岸区渝和堂药店7家涉嫌销售劣药；重庆市万州区国药集团有限公司销售假药；重庆医药工业研究院有限责任公司违反《药品生产质量管理规范》生产药品。目前相关部门已对上述企业处以没收违法所得、没收劣药、警告等行政处罚。▪ 内容来源：医药地方台整理医药地方台yiyaoguanchajia长按扫码关注我们]]></content>
  <author><![CDATA[医药地方台]]></author>
  <time>2018-10-12 18:01:31</time>
  <account><![CDATA[yiyaoguanchajia]]></account>
</data>
