<data>
  <id><![CDATA[50715923]]></id>
  <url><![CDATA[https://mp.weixin.qq.com/s?timestamp=1539596628&src=3&ver=1&signature=Egrj350GoKY8-KUcIJshbxkN69CTX82ZR83B2CYnGY1KwdSAiV8ocDzZbnus6CavAknRQtAylPTJ4qs12bKNs7889RQhWaciklGvpkMIk4ANV-KYB6D3VaNUlkaYcmYZs72ETpinXYAsVIkxAIaHC8vl8NSh7xcsXWNq*8WGvEc=]]></url>
  <title><![CDATA[确定了！陈时飞、颜江瑛任国家药监局副局长]]></title>
  <content><![CDATA[9月29日，国务院发布《国务院任免国家工作人员（2018年9月29日）》。其中，任命陈时飞、颜江瑛（女）为国家药品监督管理局副局长。早在之前，行业内便流传原浙江省食药监局局长陈时飞、前国家食品药品监督管理总局新闻宣传司司长、新闻发言人颜江瑛即将赴任国家药监局担任副局长，这次正式确认了。因此，目前国家药监局高层领导班子基本到位，再来看看目前国家药监局的主要领导有哪些。李利（国家市场监督管理总局党组成员，国家药品监督管理局党组书记、副局长）李利，男，汉族，1962年9月出生，江西信丰人，1985年8月加入中国共产党，1981年11月参加工作，中央党校研究生，副主任医师。现任国家市场监督管理总局党组成员，国家药品监督管理局党组书记、副局长。1978.11—1981.11　赣南医学专科学校医疗系医疗专业学习1981.11—1984.11　江西省大余县人民医院外科医生1984.11—1988.08　江西省大余县人民医院外科副主任1988.08—1992.08　江西省大余县人民医院外科主任1992.08—1993.11　江西省大余县人民医院院长1993.11—1994.12　江西省大余县卫生局局长,县人民医院院长1994.12—1995.02　江西省赣州地区卫生局副局长兼大余县卫生局局长1995.02—1997.01　江西省赣州地区卫生局副局长1997.01—1999.07　江西省赣州地区卫生局副局长，赣州地区人民医院院长（正处级）1999.07—2005.04　江西省卫生厅副厅长、党组成员，厅直属机关党委书记（其间：1997.08—1999.12 中央党校函授学院经济管理专业学习）2005.04—2007.03　江西省卫生厅副厅长、党组副书记（其间：2003.09—2006.07 中央党校经济学专业在职研究生班学习）2007.03—2009.02　江西省卫生厅厅长、党组书记2009.02—2010.03　江西省卫生厅厅长、党组副书记2010.03—2013.12　江西省卫生厅厅长、党组书记（其间：2010.09—2011.01 中央党校中青年干部培训班学习）2013.12—2016.12　江西省卫生和计划生育委员会主任、党组书记2016.12—2018.03　江西省人民政府副省长、党组成员2018.03—                国家市场监督管理总局党组成员，国家药品监督管理局党组书记、副局长第十一届、十二届全国人大代表。焦红（国家药品监督管理局局长）焦红，女，汉族，1963年9月出生，山东烟台人，中国农工民主党党员，1988年8月参加工作，中科院微生物研究所硕士研究生学历，理学硕士。现任农工党中央委员会副主席，国家药品监督管理局局长。1988.08—1989.04　武汉大学生物系教师1989.04—1999.11　湖北省宜药集团有限责任公司工程师、副总工程师、总工程师1999.11—2006.08　湖北省宜昌市开发区管委会副主任、市政府副秘书长、市长助理、市政协副主席、副市长2006.08—2008.02　湖北省食品药品监督管理局副局长2008.02—2012.08　湖北省卫生厅厅长2012.08—2013.04　国家食品药品监督管理局副局长2013.04—2014.05　国家食品药品监督管理总局食品药品安全总监2014.05—2018.03　国家食品药品监督管理总局副局长2017.12—                农工党中央副主席2018.03—                国家药品监督管理局局长十三届全国政协常委。徐景和（国家药品监督管理局副局长、党组成员）徐景和，男，汉族，1965年9月出生，黑龙江宾县人，1986年12月加入中国共产党，1989年1月参加工作，北京大学研究生学历，法学博士。现任国家药品监督管理局副局长、党组成员。1983.09--1987.07　中国政法大学经济法系学生1987.09--1989.01　中国政法大学经济法系硕士研究生1989.01--1991.10　司法部教育司办公室干部1991.10--1993.12　司法部教育司高等教育处副主任科员（其间：1990.11--1992.05在河北省徐水县司法局基层锻炼）1993.12--1995.02　司法部教育司高等教育处主任科员1995.02--1998.12　司法部法学教育司高教管理处副处长（其间：1996.03--1997.03挂职任山东省武城县副县长；1997.08--1998.08美国威斯康星大学法学院访问学者）1998.12--2000.03　司法部法规教育司司法鉴定与仲裁登记管理处副处长2000.03--2003.08　司法部法规教育司司法鉴定与仲裁登记管理处处长（其间：1999.09--2002.07北京大学法学院经济法专业博士研究生）2003.08--2005.06　国家食品药品监督管理局食品安全监察司副司长2005.06--2007.06　国家食品药品监督管理局食品安全协调司副司长（其间：2003.09--2005.11中国社会科学院法学研究所博士后；2005.03--2005.07中央党校中青班培训）2007.06--2009.01　国家食品药品监督管理局办公室副主任2009.01--2009.12　国家食品药品稽查专员2009.12--2012.10　国家食品药品监督管理局食品安全监管司司长2012.10--2013.05　国家食品药品监督管理局信息中心主任（其间：2012.12--2013.05任国家食品药品监督管理局信息中心党委副书记）2013.05--2018.05　国家食品药品监督管理总局法制司司长2018.05--                国家药品监督管理局副局长、党组成员陈时飞（国家药监局党组成员、副局长。）陈时飞，男，汉族，1962年7月生，浙江天台人，1995年9月加入中国共产党，1983年8月参加工作，在职研究生学历。曾任浙江省医药管理局科技质量处副处长、药品注册处副处长，宁波市医药管理局（药品监督管理局）局长助理（挂职），浙江省药品监督管理局副局长、党组成员（党委委员），浙江省食品药品监督管理局党委委员（党组成员）、浙江省食品药品监督管理局巡视员等职。2018年01月4日，浙江省食品药品监督管理局党组书记，提名局长、省食品安全委员会办公室主任。历任浙江省食品药品监督管理局党组书记、局长，省食品安全委员会办公室主任。2018年9月，任国家药监局党组成员、副局长。颜江瑛（国家药品监督管理局党组成员、副局长）颜江瑛，女，1962年8月出生，汉族，籍贯湖南，中共党员，硕士研究生，研究员、硕士生导师。1980年09月—1985年07月，湖北医学院医疗系（学士学位）；1985年07月—1986年07月，武钢第一医院儿科住院医师；1986年07月—1992年12月，武钢妇幼保健所医师（期间：1989年8月——1990年1月中国儿童心理卫生指导中心进修（南京））；1990年01月—1994年03月，武钢妇幼保健所副所长、主治医师（期间：1990年3月——1990年6月冶金部卫生管理干部岗位培训班，1992年7月——1992年8月湖北省妇幼保健院长培训班）；1994年04月—1998年12月，武钢妇幼保健所所长主治医师、副主任医师（期间：1996年9月——1999年6月同济医科大学公共卫生学院硕士研究生）1999年01月—2000年02月，卫生部艾滋病预防与控制中心副研究员；2000年03月—2001年08月，中国预防医学科学院院办副主任、副研究员；2001年09月—2002年01月，中国预防医学科学院院长助理、副研究员；2001年02月—2006年02月，中国疾控中心主任助理兼办公室主任、研究员（期间：2005年1月——2006年1月美国北卡大学学习卫生政策、项目评估）；2006年03月—2007年02月，卫生部人才交流服务中心主任助理、研究员；2007年03月—2010年08月，国家食品药品监管理局政法司副司长；2010年08月—2013年06月，国家食品药品监督管理局办公室主任（规划财务司司长）； [2]2013年06月—2013年10月，国家食品药品监督管理总局办公厅副主任（主持工作）； [3]2013年10月—2015年12月，国家食品药品监督管理总局办公厅主任；2015年12月—2018年09月，国家食品药品监督管理总局新闻宣传司司长、新闻宣传中心主任（兼）； [4]2018年09月—，国家药品监督管理局党组成员、副局长。▪ 内容来源：医药地方台整理▪ 作者：Sarah医药地方台yiyaoguanchajia长按扫码关注我们]]></content>
  <author><![CDATA[医药地方台]]></author>
  <time>2018-09-29 17:42:41</time>
  <account><![CDATA[yiyaoguanchajia]]></account>
</data>
