<data>
  <id><![CDATA[50715923]]></id>
  <url><![CDATA[https://mp.weixin.qq.com/s?timestamp=1539596628&src=3&ver=1&signature=Egrj350GoKY8-KUcIJshbxkN69CTX82ZR83B2CYnGY1KwdSAiV8ocDzZbnus6CavAknRQtAylPTJ4qs12bKNs*xKdqIv9C8Dr0WTc2IuF71EkBnHudcdBP9*ndpotuDpoKXryr9y790YPq45sk189i6NJ-lHEXZbPfKhFvRl72k=]]></url>
  <title><![CDATA[执业药师兼职，证书被注销！]]></title>
  <content><![CDATA[9月30日，新疆维吾尔自治区药监局发布公告，注销木垒县天济堂大药房的质量负责人史李娜执业药师注册证。公告显示，2018年7月26日，木垒县药监局执法人员在木垒县天济堂大药房监督检查时发现，该大药房质量负责人史李娜未在岗履职。经调查核实，史李娜在2015年7月应聘于新疆医科大附属肿瘤医院，每月轮休日坐班，隐瞒其真实身份，存在兼职行为。根据《人事部、国家药品监督管理局关于修订印发<执业药师资格制度暂行规定>和<执业药师资格考试实施办法>的通知》（人发[1999]34号）第二十八条、《关于修订印发<执业药师注册管理暂行办法>的通知》（国药管人[2000]156号）第二十一条、《药品经营质量管理规范》（国家食品药品监督管理总局令第13号）第二十三条、《药品经营质量管理规范现场检查指导原则（修订稿）》第**00402条和新疆维吾尔自治区食品药品监督管理局《关于整治药品经营企业执业药师挂靠兼职的公告》（2016第77号）规定，决定注销史李娜注册在木垒县天济堂大药房的执业药师注册证。值得注意的是，根据《中华人民共和国行政许可法》第七十九条规定：史李娜本人自公告之日起三年内不得再次申请执业药师注册资格。执业药师挂靠兼职是近年全国重点打击的范围，医药地方台从新疆药监局官网获悉，早在6月27日，新疆药监局已发布关于整治药品经营企业执业药师挂靠兼职的公告，其中便要求：凡查实药品经营企业执业药师挂靠兼职的，一律按违反国家食品药品监督管理总局《药品经营质量管理规范现场检查指导原则》（修订稿）**00402项论处，撤销该企业《药品经营质量管理规范认证证书》，对该执业药师持有的《注册证书》予以注销，并在自治区食品药品监督管理局网站予以公告；同时，将该执业药师挂靠兼职情况通报执业药师所在单位及其上级主管部门。其他省市也纷纷发文整治执业药师挂靠兼职。其中，在整治过程中，发现执业药师挂证省份最多的目前是广东省，据医药观察家网不完全统计，广东省药监局目前已经发布了七个关于执业药师“挂证”的通告，共有43名执业药师被通报，其中最新公示挂证的2名执业药师为黎冬云、夏敬民，挂证单位为中山康盛医药有限公司。在全国严查执业药师挂靠兼职情况下，或有更多的执业药师将被公示、注销证书。▪ 内容来源：医药地方台整理（yiyaoguanchajia）▪ 作者：Sarah医药地方台yiyaoguanchajia长按扫码关注我们点击阅读原文，进入“首营电子资料交换平台”]]></content>
  <author><![CDATA[医药地方台]]></author>
  <time>2018-09-30 16:33:55</time>
  <account><![CDATA[yiyaoguanchajia]]></account>
</data>
