<data>
  <id><![CDATA[50715923]]></id>
  <url><![CDATA[https://mp.weixin.qq.com/s?timestamp=1539596628&src=3&ver=1&signature=Egrj350GoKY8-KUcIJshbxkN69CTX82ZR83B2CYnGY1KwdSAiV8ocDzZbnus6CavAknRQtAylPTJ4qs12bKNsxGY2heMO0nJEeSpE9hM85PWTs49YAz39E3jwfLn5jfgn8qP2wBHCwmpbLEzyCVH901covQ5-vWmTEJ6LOnwjkg=]]></url>
  <title><![CDATA[2家药企GSP被撤销]]></title>
  <content><![CDATA[10月9日，广东省药监局发布两个《关于撤销药品GSP认证证书的通告》，汕头市凯德药品连锁有限公司、普宁市灿兴药业有限公司严重违反《药品经营质量管理规范》规定，该局依据《药品经营质量管理规范认证管理办法》第45条，依法撤销其《药品经营质量管理规范认证证书》，并根据《广东省食品药品监督管理局药品生产经营单位信用分类管理的实施办法》（粤食药监法〔2014〕109号）规定，评定其信用等级为“严重失信”。汕头市凯德药品连锁有限公司许可证号：粤BA7540478证书编号：B-GD-18-009违法事实：2018年9月11日-9月12日，省食品药品监督管理局组织的飞行检查中发现：该公司药品质量管理体系存在缺陷（**00201、**00402），严重违反《药品经营质量管理规范》。撤销日期：2018年9月17日信用评定等级（自撤证之日起生效）：严重失信普宁市灿兴药业有限公司许可证号：粤AA6630800证书编号：A-GD-14-1141违法事实：2018年9月19日，省食品药品监督管理局组织的飞行检查中发现：该公司药品质量管理体系存在缺陷（**00201、**00401、*05601、*07701、*08404），严重违反《药品经营质量管理规范》规定。撤销日期：2018年9月30日信用评定等级（自撤证之日起生效）：严重失信医药地方台yiyaoguanchajia长按扫码关注我们]]></content>
  <author><![CDATA[医药地方台]]></author>
  <time>2018-10-09 17:50:33</time>
  <account><![CDATA[yiyaoguanchajia]]></account>
</data>
