<data>
  <id><![CDATA[50715923]]></id>
  <url><![CDATA[https://mp.weixin.qq.com/s?timestamp=1539596628&src=3&ver=1&signature=Egrj350GoKY8-KUcIJshbxkN69CTX82ZR83B2CYnGY1KwdSAiV8ocDzZbnus6CavAknRQtAylPTJ4qs12bKNsx8IgFzovkNAn0xOHVieENtbOxClKzXRzwrQzTdWCVHBj45BD-cmd5TD31iuqX8NAThP-JR3afRXPHI-Dn*pbQo=]]></url>
  <title><![CDATA[85个药品中标价调整！]]></title>
  <content><![CDATA[9月28日，上海阳光医药采购网发布《关于调整部分药品中标价的通知》。《通知》显示，近期天津金耀药业有限公司及浙江大冢制药有限公司等提出对部分药品中标价进行调整，现根据企业申请，同意自2018年10月10日起对替加氟注射液等药品中标价进行调整。(点击查看大图)医药地方台yiyaoguanchajia长按扫码关注我们]]></content>
  <author><![CDATA[医药地方台]]></author>
  <time>2018-09-28 17:52:20</time>
  <account><![CDATA[yiyaoguanchajia]]></account>
</data>
