<data>
  <id><![CDATA[50715923]]></id>
  <url><![CDATA[https://mp.weixin.qq.com/s?timestamp=1539596628&src=3&ver=1&signature=Egrj350GoKY8-KUcIJshbxkN69CTX82ZR83B2CYnGY1KwdSAiV8ocDzZbnus6CavAknRQtAylPTJ4qs12bKNs24aQWruRUq3vtvQpnvN8RhcZHBq7sEeNjYiYQ00gK1Ghz6T*STiYxU4cXNhOwW7Zua-TXPyt7gnM5JeCbfccgI=]]></url>
  <title><![CDATA[11家药企跻身百强！]]></title>
  <content><![CDATA[近日，浙江省企业联合会、浙江省企业家协会、浙江省工业经济联合会联合公布2018浙江省综合百强、制造业百强、服务业百强、成长性最快百强企业名单。数据显示，2018年浙江省综合百强企业入围门槛为158.05亿元，比上年增加22.43亿元，较上年增长16.54%。这100家企业营业收入总额达到49822.26亿元，较上年增长19.89%，增幅达9.66个百分点。有16家企业营业收入超过千亿元，比上年增加10家，其中3家超过2千亿元；另有17家超过5百亿元以上。从行业看，据医药地方台统计，上榜“浙江省百强”的药企有11家，分别有杭州华东医药集团有限公司、浙江英特药业有限责任公司、浙江海正药业股份有限公司、新和成控股集团有限公司、上药控股宁波医药股份有限公司、浙江省医药工业有限公司、国药控股温州有限公司、浙江震元股份有限公司、浙江恩泽医药有限公司、亿帆医药股份有限公司、浙江华海药业股份有限公司。其中有部分药企横跨多个榜单，具体如下表：▪ 内容来源：医药地方台整理▪ 作者：Sarah医药地方台yiyaoguanchajia长按扫码关注我们]]></content>
  <author><![CDATA[医药地方台]]></author>
  <time>2018-09-27 17:55:55</time>
  <account><![CDATA[yiyaoguanchajia]]></account>
</data>
