<data>
  <id><![CDATA[50715923]]></id>
  <url><![CDATA[https://mp.weixin.qq.com/s?timestamp=1539596628&src=3&ver=1&signature=Egrj350GoKY8-KUcIJshbxkN69CTX82ZR83B2CYnGY1KwdSAiV8ocDzZbnus6CavAknRQtAylPTJ4qs12bKNs1Cb1YuwQA1JvJoTZVC8A-zE1Mdg-l-LMHj9QNSfxGTvHacNxmUfGCW1qS9qXWigaFYeGfRomCxeTkeyNe9Os0I=]]></url>
  <title><![CDATA[4家药企生产/销售劣药]]></title>
  <content><![CDATA[10月8日，江西赣州市药监局发布《食品药品行政处罚案件信息公开表（2018年9月药械）》，将9起行政处罚案件信息予以公告。其中涉及药企有4家，包括赣州济民大药房连锁有限公司、兴国县医药总公司、江西润泽药业有限公司、江西鸿福医药发展有限公司，涉及的违法事实有销售劣药、生产销售不合格药品等。目前相关部门已对上述企业进行没收违法所得、罚款等行政处罚。值得注意的是，江西润泽药业有限公司、江西鸿福医药发展有限公司2家药企还未履行行政处罚。▪ 内容来源：医药地方台整理▪ 作者：Sarah医药地方台yiyaoguanchajia长按扫码关注我们]]></content>
  <author><![CDATA[医药地方台]]></author>
  <time>2018-10-08 18:07:05</time>
  <account><![CDATA[yiyaoguanchajia]]></account>
</data>
