<data>
  <id><![CDATA[50715923]]></id>
  <url><![CDATA[https://mp.weixin.qq.com/s?timestamp=1539596628&src=3&ver=1&signature=Egrj350GoKY8-KUcIJshbxkN69CTX82ZR83B2CYnGY1KwdSAiV8ocDzZbnus6CavAknRQtAylPTJ4qs12bKNszJGW8Qgc5X*pkdaPBGemNnmiZIee-b1a43gBm7k3*77mv2eD3cXz*GOPwuY651slpEJD1mM0XjfO5pfQA1qGGQ=]]></url>
  <title><![CDATA[上百名医药人身价超过20亿元！]]></title>
  <content><![CDATA[10月10日，胡润研究院发布了《2018胡润百富榜》，今年是胡润研究院自1999年以来连续第20次发布“胡润百富榜”，上榜门槛连续第六年保持20亿元。上榜企业家财富计算的截止日期为今年8月15日。据介绍，今年共有1893位企业家财富超过20亿，比去年减少11%（237人）。值得注意的是，456位去年上榜的企业家今年落榜，是百富榜二十年来最多的一次。从排位看，马云因蚂蚁金服估值上升，以2700亿时隔四年再次成为中国首富；许家印、马化腾受股价下跌影响，财富缩水，今年分别以2500亿和2400亿位列二、三名。据医药地方台统计，今年医药、生物制药、制药、疫苗、基因检测、医疗服务、医疗设备、医药流通、医疗器械、医药制造、医药零售、医药批发等行业（下称“医药行业”）上榜人数共有174人（家族）。其中，恒瑞制药、豪森制药的孙飘扬、钟慧娟夫妇以825亿的财富成为医药行业的首富，总榜单排名第20；其次是中国生物的谢炳、郑翔玲夫妇，以财富455亿位列总榜单第45名；康美药业的马兴田家族以财富410亿位列总榜单第52名。此外，排名在总榜单前100名的医药富豪还有智飞生物的蒋仁生家族、健康元的朱保国家族、扬子江药业的徐镜人、爱尔眼科的陈邦、远大的胡凯军、迈瑞医疗的徐航、步长的赵涛家族、涌金投资的陈金霞。*在此次榜单上，复星的主营业务显示为投资行业，故此次并未将复星的郭广昌计算入内。▪ 内容来源：医药地方台快整理（yiyaoguanchajia）▪ 作者：Sarah医药地方台yiyaoguanchajia长按扫码关注我们点击阅读原文，进入“首营电子资料交换平台”]]></content>
  <author><![CDATA[医药地方台]]></author>
  <time>2018-10-10 17:52:11</time>
  <account><![CDATA[yiyaoguanchajia]]></account>
</data>
