<data>
  <id><![CDATA[50715923]]></id>
  <url><![CDATA[https://mp.weixin.qq.com/s?timestamp=1539596628&src=3&ver=1&signature=Egrj350GoKY8-KUcIJshbxkN69CTX82ZR83B2CYnGY1KwdSAiV8ocDzZbnus6CavAknRQtAylPTJ4qs12bKNs24aQWruRUq3vtvQpnvN8RjXcfuRXNpcxmSQffJep-DgdBBGqLq4*ba83*gPJe*8mGE0YaI-0Cf4uEUzWsqEicU=]]></url>
  <title><![CDATA[5名医院院长涉嫌受贿被曝光]]></title>
  <content><![CDATA[9月份即将结束，安徽省通过安徽纪检监察网连续公布了5起医院院长受贿案，以下是详细内容：9月11日黄山市第三人民医院原副院长叶海滨受贿案一审宣判日前，黄山市屯溪区人民法院公开宣判原黄山市第三人民医院副院长叶海滨受贿一案，对被告人叶海滨以受贿罪判处有期徒刑三年，缓刑四年，并处罚金人民币28万元，追缴违法所得32.6万元。经审理查明，被告人叶海滨在具体负责徽州区人民医院国债改扩建项目过程中，利用职务便利，为相关工程投标人谋取不正当竞争优势，为相关工程承建商谋取利益，多次收受他人贿赂共计32.6万元。法院认为，被告人叶海滨作为国家工作人员，利用职务上的便利，多次非法收受他人财物，为他人谋取利益，数额巨大，其行为已构成受贿罪，依法应予惩处。公诉机关指控被告人叶海滨犯受贿罪的事实清楚，证据确实、充分，罪名成立。被告人叶海滨到案后如实供述自己罪行，系坦白，依法可以从轻处罚；被告人叶海滨在提起公诉前已退出全部赃款，当庭自愿认罪，且积极预缴罚金，具有悔罪表现，依法可以从轻处罚。法院综合考量被告人叶海滨的上述法定、酌定从宽处罚情节，对其适用缓刑。公诉机关、辩护人关于被告人具有上述从宽处罚情节及适用缓刑的公诉、辩护意见，依法予以采纳，遂作出如上判决。被告人叶海滨表示服判，不上诉。9月11日广德县人民医院原副院长高建军出庭受审2018年9月11日，广德县人民法院对广德县人民医院原副院长高建军贪污、受贿一案作出的一审判决生效。被告人高建军犯受贿罪，判处有期徒刑一年十个月，并处罚金人民币十万元；犯贪污罪，判处拘役六个月，并处罚金人民币十万元；数罪并罚，决定执行有期徒刑一年十个月，并处罚金人民币二十万元；对被告人高建军受贿、贪污的违法所得以及涉案赃物予以追缴，上缴国库。经审理查明，2009年至2017年期间，被告人高建军利用其担任广德县人民医院副院长的职务便利，为他人谋取利益，非法收受他人财物共计价值人民币194689.28元。省委巡视组在广德巡视期间，高建军因担心自己违纪违法问题案发，将其中部分受贿款予以退还。2011年至2015年期间，被告人高建军利用职务上的便利，以非法占有为目的，采取骗取方式，先后26次在该院财务虚假报销票据共计人民币74099元。法院审理后认为，被告人高建军身为国家工作人员，利用职务上的便利，非法收受他人财物，为他人谋取利益，数额较大，其行为已构成受贿罪；被告人身为国家工作人员，利用职务上的便利，采用骗取手段非法占有公共财物，数额较大，其行为已构成贪污罪。被告人高建军一人犯数罪，依法应当数罪并罚。被告人归案后能如实供述自己受贿、贪污的犯罪事实，且当庭自愿认罪，依法可以从轻处罚；案发后，被告人退出全部赃款，可酌情从轻处罚。根据被告人的犯罪事实、犯罪的性质、情节和对社会的危害程度，法院遂依法作出上述判决。9月19日郎溪县人民医院原院长高钱贵获刑三年六个月9月18日，郎溪县人民法院对郎溪县人民医院原院长高钱贵受贿案做出的一审判决生效。被告人高钱贵犯受贿罪，判处有期徒刑三年六个月，并处罚金四十万元；对被告人高钱贵受贿所得赃款予以追缴，上缴国库。经审理查明，2010年至2016年，被告人高钱贵在担任郎溪县人民医院院长期间，利用职务之便，在医药、医疗器械采购、医院工程建设等方面为他人谋取利益，非法收受现金774000元、购物卡194000元。法院审理后认为，被告人高钱贵身为国家工作人员，利用职务上的便利，非法收受他人财物，为他人谋取利益，数额巨大，其行为已构成受贿罪。案发前，被告人高钱贵主动向廉政账户上交部分赃款；在被县监察委员会留置期间，其家人代为退缴了全部赃款；归案后，被告人高钱贵能够如实供述犯罪事实，自愿认罪，依法可以从轻处罚。根据被告人高钱贵犯罪的事实、性质、情节和社会危害程度，法院遂依法作出上述判决。9月19日安徽医科大学第二附院原院长张新书涉嫌受贿罪被检察机关提起公诉9月18日，安徽省颍上县人民检察院以涉嫌受贿罪对安徽医科大学第二附属医院原院长张新书（正处级）提起公诉。此案由阜阳市监察委员会调查终结，并由阜阳市人民检察院指定颍上县人民检察院审查起诉。审查起诉阶段，检察机关依法告知了被告人张新书享有的诉讼权利，并依法讯问了被告人张新书，听取了辩护人的意见，审查了全部案件材料。颍上县人民检察院指控，被告人张新书利用担任安徽医科大学第一附属医院副院长、第二附属医院院长等职务之便，为他人谋取利益，非法收受他人财物，数额特别巨大，应当以受贿罪追究其刑事责任。2018年8月9日，中共安徽医科大学委员会给予张新书开除党籍处分决定，并于同日被安徽医科大学给予取消退休待遇的政务处分。9月21日安庆市立医院原副院长陈新生接受纪律审查和监察调查安庆市立医院原副院长陈新生涉嫌严重违纪违法，目前正接受纪律审查和监察调查。▪ 内容来源：医药代表医药地方台yiyaoguanchajia长按扫码关注我们]]></content>
  <author><![CDATA[医药地方台]]></author>
  <time>2018-09-27 17:55:55</time>
  <account><![CDATA[yiyaoguanchajia]]></account>
</data>
