<data>
  <id><![CDATA[50715923]]></id>
  <url><![CDATA[https://mp.weixin.qq.com/s?timestamp=1539596628&src=3&ver=1&signature=Egrj350GoKY8-KUcIJshbxkN69CTX82ZR83B2CYnGY1KwdSAiV8ocDzZbnus6CavAknRQtAylPTJ4qs12bKNs1Cb1YuwQA1JvJoTZVC8A-zX-me1nqUfx4Yu7ZOPA47VHyNtDg5*7DkLqTRnB2odaUBxa1ERQmzN4yyQ3QHpL7Q=]]></url>
  <title><![CDATA[飞检！9家药商被通报]]></title>
  <content><![CDATA[近日，江西省吉安市药监局发布《吉安市药品流通飞行检查和处理情况公告》。根据省、市局2018年药品流通监管工作要点的要求，结合吉安市流通领域中药材中药饮片专项整治工作，2018年9月14－19日，市局采取“双随机”的方式组织开展了对普正药业股份有限公司等6家药品批发（零售连锁）企业及吉水天天好大药房等3家药品零售企业进行了药品GSP飞行检查。检查结果显示，普正药业股份有限公司等8家药商被责令限期整改、移送相关部门依法处理；吉水县天天好大药房因严重违反药品GSP，被撤销药品GSP证书，由吉水县局协助市局收回《药品GSP证书》并依法处理，同时将其列为重点监管对象。市局要求各有关县（市、区）市场和质量监督管理局加强监管，监督企业整改到位，并加大对“列为重点监管对象”企业的日常监督检查频次。对各企业的整改情况确认后，各有关县（市、区）市场和质量监督管理局请于2018年10月20日前报市局药化流通科。医药地方台yiyaoguanchajia长按扫码关注我们]]></content>
  <author><![CDATA[医药地方台]]></author>
  <time>2018-10-08 18:07:05</time>
  <account><![CDATA[yiyaoguanchajia]]></account>
</data>
