<data>
  <id><![CDATA[50715923]]></id>
  <url><![CDATA[https://mp.weixin.qq.com/s?timestamp=1539596628&src=3&ver=1&signature=Egrj350GoKY8-KUcIJshbxkN69CTX82ZR83B2CYnGY1KwdSAiV8ocDzZbnus6CavAknRQtAylPTJ4qs12bKNsxGY2heMO0nJEeSpE9hM85PUHOEWyQf6yVI-xB58GUv-ZC4COqtjph-QfqmDzs-frZK3opGl03aaQB2wmmcX8Eg=]]></url>
  <title><![CDATA[15个药品遭官方调查！]]></title>
  <content><![CDATA[10月9日，辽宁省药品和医用耗材集中采购网发布通知，对9月份医疗卫生机构上报未按规定供应配送药品进行调查。据悉，2018年9月份（8月26日-9月25日）全省医疗卫生机构上报未按规定供应配送药品信息35条，其中有15个药品需进一步调查，包括河北健宁药业有限公司生产的过氧化氢溶液（3%（100ml/瓶））、江苏吴中医药集团有限公司苏州制药厂生产的尼可刹米注射液（1.5ml：0.375g）等。辽宁省要求有关药品生产和配送企业务必对信息表内对应药品的供应情况进行确认和说明，填写药品供应配送情况说明并加盖公章，于10月15日17时前报送辽宁省卫计委药品器械处，或将PDF版发送至指定邮箱。上百个药品已被调查据医药地方台统计，今年辽宁省前9月上报的未按规定供应配送药品共计174个（或有重复），包括氨基己酸注射液（10ml:2g）、雌三醇乳膏（15mg/15g/支）、甲苯磺酸索拉非尼片（0.2g）、卡托普利片（12.5mg）等。有业内人士表示，药品未按规定供应可能与药品短缺、医院用量少等有关。在7月23日，辽宁省药品和医用耗材集中采购网发布的《关于发布辽宁省易短缺药品2018年第2号预警预报的通知》显示，该省对2018年4-6月份上报的81个不能正常供应配送的药品启动了调查程序。其中，20个药品能正常供应；14个药品属于临时性短缺，现已恢复供应；5个药品属于医疗卫生机构在采购过程中与药品生产 (配送) 企业信息不对称造成的配送不及时；12个药品由于原料、 企业生产线改造等原因而造成产能不足；13个药品由于采购不到原料而停产；17个药品以原料药价格上涨、中标价格低为由不能正常供应。可见，药品供应紧张的背后和原料药的供应关系密切。▪ 内容来源：医药地方台整理（yiyaoguanchajia）▪ 作者：Sarah医药地方台yiyaoguanchajia长按扫码关注我们点击阅读原文，进入“首营电子资料交换平台”]]></content>
  <author><![CDATA[医药地方台]]></author>
  <time>2018-10-09 17:50:33</time>
  <account><![CDATA[yiyaoguanchajia]]></account>
</data>
