<data>
  <id><![CDATA[50715923]]></id>
  <url><![CDATA[https://mp.weixin.qq.com/s?timestamp=1539596628&src=3&ver=1&signature=Egrj350GoKY8-KUcIJshbxkN69CTX82ZR83B2CYnGY1KwdSAiV8ocDzZbnus6CavAknRQtAylPTJ4qs12bKNsx8IgFzovkNAn0xOHVieENvOrK7RL8BJ5k-wmCnoKenGU5dab4BO0VdnKbCHs*z6Yly8YMZOzhN6Im3zIxY-T4M=]]></url>
  <title><![CDATA[某药企原总经理被查！]]></title>
  <content><![CDATA[9月27日，从安徽省纪检监察网获悉，黄山市天目药业有限公司原党委书记、原总经理程本利涉嫌严重违纪违法，目前正在接受纪律审查和监察调查。除了黄山市天目药业有限公司原党委书记、原总经理程本利外，医药地方台从安徽省纪检监察网获悉，今年有30位医卫机构干部因涉嫌违纪违法被查处。其中医院领域有11人、卫生院领域有11人、卫计委领域有8人。9-26和县中医院原院长李长来违规收受他人财物问题。2006年至2015年，李长来在担任和县中医院院长期间，利用职务便利先后多次收受相关医药代表所送财物共计15.8万元，并为他人在新药入库、药品销售和货款结算等方面谋取利益，其还存在其他违纪问题。李长来受到开除公职处分，违法行为已由司法机关依法处理。9-199月18日，郎溪县人民法院对郎溪县人民医院原院长高钱贵受贿案做出的一审判决生效。被告人高钱贵犯受贿罪，判处有期徒刑三年六个月，并处罚金四十万元；对被告人高钱贵受贿所得赃款予以追缴，上缴国库。经审理查明，2010年至2016年，被告人高钱贵在担任郎溪县人民医院院长期间，利用职务之便，在医药、医疗器械采购、医院工程建设等方面为他人谋取利益，非法收受现金774000元、购物卡194000元。法院审理后认为，被告人高钱贵身为国家工作人员，利用职务上的便利，非法收受他人财物，为他人谋取利益，数额巨大，其行为已构成受贿罪。案发前，被告人高钱贵主动向廉政账户上交部分赃款；在被县监察委员会留置期间，其家人代为退缴了全部赃款；归案后，被告人高钱贵能够如实供述犯罪事实，自愿认罪，依法可以从轻处罚。根据被告人高钱贵犯罪的事实、性质、情节和社会危害程度，法院遂依法作出上述判决。7-19黄山市第三人民医院原副院长叶海滨违规收受礼品问题。2013年至2017年，叶海滨多次收受黄山市第三人民医院绿化道路附属工程项目承包商所送的高档白酒24瓶、香烟12条。叶海滨还存在其他违纪违法问题。2018年5月，叶海滨受到开除党籍、开除公职处分；违纪所得予以收缴。9-17芜湖县县医院信息科科长许才林在公务接待中违规饮酒问题。2016年7月11日、7月22日，许才林先后两次在公务接待过程中安排酒水，并违规饮酒。此外，许才林还存在其他违纪问题。2018年7月，许才林受到行政警告处分。8-9淮北杜集区沈庄医院违规发放职工福利等问题。2013年至2017年，沈庄医院每年冬季违规为在职职工购买洗澡票，作为福利发放。2013年以来，沈庄医院先后发生两起职工外出培训期间公款旅游问题，相关费用经该院院长刘静同意报销。2018年7月，刘静受到党内警告处分，违纪款予以收缴，上交财政。6-23霍邱县卫生监督所所长胡冬借红色教育之机违规带领职工旅游问题。2017年11月，胡冬经批准带领职工开展红色教育基地实地参观学习活动。参观途中，胡冬擅自决定改变既定路线，带领大家到繁昌县马仁奇峰旅游景点游玩。胡冬还存在其它违纪问题。2018年6月，胡冬受到党内严重警告处分。6-15合肥瑶海区卫生和计划生育局原党委书记、局长刘纯发违规收受礼金等问题。经查，2009年至2016年，刘纯发担任该区卫计局（原区卫生局）主要负责人期间，先后多次收受管理服务对象节日礼金和住院慰问金共计16000元。刘纯发同时还存在其他违规违纪问题。2018年1月，刘纯发受到党内严重警告处分，相关违纪所得予以追缴。6-14阜阳市颍东区卫计委党组书记、主任李景波等人办公用房超标问题。颍东区卫计委党组书记、主任李景波办公用房超出3.46平方米，党组成员、主任科员王亚飞办公用房面积超出9.46平方米。此外，李景波、王亚飞还存在其他违纪行为。李景波、王亚飞受到党内严重警告处分。6-14临泉县城关街道卫生院李贺龙等人违规使用车辆问题。2013年4月，时任邢塘卫生院副院长李贺龙借用一辆私家车，安排董金海接送其上下班，同时用于相关公务活动，并安排将该车用油和维修保养等费用在邢塘卫生院报销。2013年4月至2017年2月，董金海违规报销该车用油和维修保养等费用共计44622.45元。李贺龙受到降低二个岗位等级处分，董金海受到降低一个岗位等级处分，违纪资金予以收缴。6-7广德县人民医院原副院长刘娟违规收受礼品等问题。2016年、2017年春节期间，刘娟先后两次收受广德县医院零星工程某承建方公司负责人以拜年为名赠送的节礼，价值共计4000元。此外，刘娟还存在违反政治纪律、组织纪律、工作纪律等行为。2018年3月30日，刘娟受到党内严重警告处分。违纪款予以收缴。5-19蚌埠龙子湖区卫计委原党组书记、原主任尹亮违规收受管理服务对象礼品问题。2012年至2016年春节期间，尹亮多次收受管理服务对象所送礼品，价值人民币15000元。结合其他违纪问题，2018年4月，尹亮受到撤销党内职务，行政撤职、降为副科级非领导职务处分；违纪所得予以收缴。4-27来安县卫计委财务股长陈孝辉违规收受礼品礼金问题。2015年至2017年，陈孝辉利用职务之便，在工程款结算中为他人谋取利益，违规收受购物卡2000元、加油卡3000元；违规收受管理和服务对象的礼品价值10700元。陈孝辉受到党内警告处分，违纪款已收缴。4-27滁州市第一人民医院普外科主任医师（原主任）赵怀辉、普外科主任医师李钟声、主管护师高前珍私设小金库问题。2013年1月至2017年7月，经赵怀辉、李钟声、高前珍同意，普外科以“小手术、换药、使用一次性灌肠器补助”等名义擅自收取费用，私设“小金库”，共计违规收入6.8万余元，其中6.5万余元被以“奖励费”等名义分给全科室人员。涉案人员在组织审查前已主动上缴全部违纪所得。赵怀辉、李钟声、高前珍受到警告处分。4-26黄楼卫生院副院长孙冬梅、园艺场法庭庭长刘龙海、砀山经济开发区财政分局负责人王安鲁办公用房超标问题。2018年3月15-22日，县纪委对办公用房超标问题进行专项督查，发现孙冬梅办公用房面积为19.4平方米，刘龙海与同事两人合用办公用房面积为38.43平方米，王安鲁办公用房面积为27.86平方米，均超出规定标准。2018年4月17日，孙冬梅、刘龙海、王安鲁三人均受到党内警告处分。4-23含山县卫生监督所所长肖安保办公用房超标问题。2016年4月，在含山县卫生监督所办公用房搬迁过程中，肖安保自行研究决定对其办公室进行调整，面积由之前的9平方米增加到23.4平方米。肖安保超标准配备、使用办公用房，违反廉洁纪律，受到党内警告处分。4-17涡阳县卫计委党组成员、妇幼保健和计生服务中心主任孙士奉违规操办喜宴问题。2017年10月，孙士奉借其女结婚之机，违规收受管理和服务对象礼金。孙士奉受到党内警告处分。4-17县人民医院原院长钟鸣收受他人钱款问题。2006年至2013年，钟鸣在任涡阳县人民医院院长期间，利用职务之便，收受他人钱款，为他人在医疗设备、耗材以及药品采购等方面谋取利益。钟鸣受到开除党籍处分。其涉嫌犯罪问题，司法机关正在办理。3-28枞阳县官埠桥镇卫生院、铁铜乡卫生院违规招待问题。2013年1月至2016年12月，枞阳县官埠桥镇卫生院部分招待费单据存在未注明事由、未注明来客单位等手续不全问题，且数额较大，同时存在少量香烟费用开支问题。铁铜乡卫生院部分招待费单据存在未注明事由、未注明来客单位、无审批人审批等手续不全问题，且数额较大，同时存在对部分来客招待费用较高的菜单进行分解，以会议费名义列支招待费等问题。2018年1月，官埠桥镇卫生院院长吴成全受到行政警告处分；铁铜乡卫生院原院长、现会宫镇卫生院院长谢岚清受到免职、记过处分；铁铜乡卫生院原院长、现白柳镇卫生院院长杨建华受到记过处分。3-20官庄坝镇卫生院院长张传战违规操办女儿婚宴问题。2018年1月31日中午，张传战在家中操办女儿婚宴，违规收受官庄坝镇卫生院职工和所辖村级卫生室工作人员等16人礼金合计2200元。2018年3月15日，张传战受到党内警告处分，违纪款予以收缴。3-16马集乡卫生院院长高建私车公养问题。2012年12月，高建通过与马集乡卫生院签订租车协议，将自家私车租给单位作为公车使用，2012年3月至2013年6月违规报销汽车维修、美容等费用13093元。2017年12月，高建受到党内严重警告处分，违纪资金予以收缴。2-28宿州埇桥区时村镇卫生院院长马安源违规操办喜庆事宜等问题。2014年10月1日，马安源为其儿子操办婚宴，违规收受职工55人礼金共计19600元。同时，马安源还存在其他违纪问题。2017年12月20日，马安源受到党内严重警告处分。违纪所得予以收缴。1-19濉溪县临涣镇卫生院海孜分院党支部书记、院长冯勇违规接受吃请问题。2017年7月一个周末上午，冯勇带领院职工、医生一行四人到辖区内的姚湖村卫生室督导公共卫生工作。中午，冯勇等人在临涣镇某羊肉馆违规接受姚湖村卫生室吃请，费用由卫生室承担。2018年1月，冯勇受到警告处分。1-5广德县人民医院原院长徐明亮违规用公款送礼、违规发放津补贴、违规收受礼品礼金等问题。2007年4月至2017年8月，徐明亮任广德县人民医院院长。其间，2014年，该医院从门诊楼前停车场收费分成中支出了16673元购买土特产，用于送礼；2016年元月至2017年8月，为参加医技综合楼基建组的工作人员发放车贴、通讯、加班补贴等，合计64000元（巡察期间已退缴）。自2007年至2017年期间，徐明亮本人逢年过节收受药品供应商、医院工程承建商赠送的购物卡9000元及礼品等；此外，还存在其他违纪违法问题。2017年12月12日，广德县纪委给予徐明亮开除党籍处分；2017年12月13日，广德县监察局给予徐明亮开除公职处分；违纪所得予以收缴，涉嫌犯罪问题移送司法机关处理。1-2阜南县龙王乡卫生院院长王家栋公车私用、公款吃喝等问题。2016年5月，王家栋两次驾驶龙王乡卫生院救护车前往阜南县办理个人私事。2016年8月，王家栋两次驾驶卫生院救护车到县委赴龙王乡巡察组驻地接受谈话。2015年2月16日，王家栋组织龙王乡卫生院30余名职工在阜南县杏花村酒店公款聚餐，共计花费2100元。2012年10月，龙王乡卫生院组织该院职工及村卫生室人员共计27人到黄山公款旅游，并以工资补助名义在单位入账报销旅游费用合计20250元，王家栋对此负有主要领导责任。王家栋受到党内严重警告处分，违纪资金予以收缴。▪ 内容来源：医药地方台整理（yiyaoguanchajia）▪ 作者：Sarah医药地方台yiyaoguanchajia长按扫码关注我们点击阅读原文，进入“首营电子资料交换平台”]]></content>
  <author><![CDATA[医药地方台]]></author>
  <time>2018-09-28 17:52:20</time>
  <account><![CDATA[yiyaoguanchajia]]></account>
</data>
