<data>
  <id><![CDATA[50715923]]></id>
  <url><![CDATA[https://mp.weixin.qq.com/s?timestamp=1539596628&src=3&ver=1&signature=Egrj350GoKY8-KUcIJshbxkN69CTX82ZR83B2CYnGY1KwdSAiV8ocDzZbnus6CavAknRQtAylPTJ4qs12bKNs-WSP8pIhlG4f6iCzWWxzJKzvvhmh1RJTaInp9hvuUTt478hfvzeOou-iKuxkbR7I0NfNa8TVosijnFeOPsFwEk=]]></url>
  <title><![CDATA[一省11名医药官员被查]]></title>
  <content><![CDATA[10月11日，医药地方台从安徽省纪检监察网获悉，淮北市药监局党组书记许韦涉嫌严重违纪违法，目前正在接受纪律审查和监察调查。据悉，2005年2月，许韦调入淮北市人民医院工作，出任院党委委员、纪委书记，后于2008年11月任院党委副书记、纪委书记。2010年2月，许韦转任淮北市中医医院党总支书记、院长，两年后重返淮北市人民医院，担任院党委副书记、院长（聘任制）。今年1月，许韦履新淮北市药监局（市食品安全委员会办公室）党组书记，9个月后，被通报落马。药监局、卫计委已有11名官员“落马”安徽医卫领域成反腐重灾区。据医药地方台从安徽省纪检监察网统计，今年药监局、卫计委机构已有11名官员被查。10-09淮北市食品药品监督管理局党组书记许韦涉嫌严重违纪违法，目前正在接受纪律审查和监察调查。09-29郎溪县卫计委党委委员、副主任张明凤涉嫌严重违纪违法，目前正在接受纪律审查和监察调查。08-31安庆市卫生和计划生育委员会原主任储艳云涉嫌严重违纪违法，目前正接受纪律审查和监察调查。08-22泗县原卫生局党组书记、局长时兴民涉嫌严重违纪违法，目前正在接受纪律审查和监察调查。07-05经安徽省监察委员会、中共蚌埠市委批准，中共蚌埠市纪委、蚌埠市监察委员会对市卫计委原党委委员、副主任赵春淮（正县级）严重违纪违法问题进行了纪律审查和监察调查。经查，赵春淮违反组织纪律，不如实报告个人事项；违反廉洁纪律，收受可能影响公正执行公务的礼品、礼金；违反生活纪律;违反国家法律法规规定，收受贿赂，对个人巨额财产不能说明来源，其行为已构成严重违纪并涉嫌受贿罪、巨额财产来源不明罪。赵春淮身为党员领导干部，理想信念丧失，法纪意识淡漠，对党不忠诚、不老实，严重违反党的纪律，并涉嫌受贿、巨额财产来源不明等犯罪，且在党的十八大后不收敛、不收手，性质恶劣、情节严重。依据《中国共产党纪律处分条例》等有关规定，经中共蚌埠市纪委常委会、市监委委务会研究，并报中共蚌埠市委批准，决定给予赵春淮开除党籍、开除公职处分；收缴其违纪所得；将其涉嫌犯罪问题移送检察机关依法审查、提起公诉。07-04经安徽省监察委员会、中共芜湖市委批准，中共芜湖市纪委、芜湖市监察委员会对芜湖市卫生和计划生育委员会原党委书记、主任何思忠严重违纪违法问题进行了纪律审查和监察调查。经查，何思忠违反廉洁纪律，默许亲属利用职务上的影响谋取私利，接受可能影响公正执行公务的礼品，利用职务上的便利，将亲属应当由个人支付的费用由他人支付；违反国家法律法规规定，利用职务便利，为他人谋取利益，非法收受他人财物，数额巨大，涉嫌受贿犯罪。何思忠身为党员领导干部，背离党的宗旨，忘记入党初心，严重违反党的纪律，并涉嫌受贿犯罪，且在党的十八大后不收敛、不收手，应予严肃处理。依据《中国共产党纪律处分条例》等有关规定，经中共芜湖市纪委常委会、芜湖市监察委员会会议研究，决定给予何思忠开除党籍处分，收缴其违纪所得；将其涉嫌犯罪问题移送检察机关依法审查、提起公诉。06-11凤阳县卫生和计划生育委员会党委书记、主任方光前涉嫌严重违纪违法，目前正在接受纪律审查和监察调查。06-09安徽省卫生和计划生育委员会原巡视员杨武涉嫌严重违纪违法，目前正在接受纪律审查和监察调查。据悉，早在4月27日，安徽省纪检监察网便发布通知，对安徽省卫计委原巡视员杨武严重违纪违法问题进行了纪律审查和监察调查。经查，杨武严重违反政治纪律，打听组织调查情况，并与他人串供，订立攻守同盟；违反中央八项规定精神，多次收受可能影响公正执行公务的礼金；违反廉洁纪律，利用职务影响，侵占非本人经管的财物。利用职务上的便利为他人谋取利益并收受巨额财物，涉嫌受贿犯罪。杨武身为党员领导干部，理想信念丧失、宗旨意识淡漠，利欲熏心、恣意妄为，严重污染原计生系统风气，破坏所在单位政治生态，且在党的十八大后不收敛、不收手，应予严肃处理。依据《中国共产党纪律处分条例》等有关规定，经安徽省纪委常委会会议研究并报省委批准，决定给予杨武开除党籍处分；按规定取消其退休待遇；收缴其违纪所得；将其涉嫌犯罪问题及所涉款物移送司法机关依法处理。04-27经安徽省委批准，安徽省纪委对原省卫生厅党组成员、省纪委驻原省卫生厅纪检组组长吴敦武严重违纪违法问题进行了立案审查。经查，吴敦武严重违反政治纪律和政治规矩、组织纪律，与他人订立攻守同盟，对抗组织审查；不按规定统一保管护照，未经批准多次出国旅游；违反中央八项规定精神，违规购买、使用公车，借公务差旅之际公款旅游；滥发并领取奖金等福利；违反廉洁纪律，公款购买酒店消费卡由本人使用；多次收受礼金、购物卡，并接受私营企业主安排的旅游活动；为亲属经营活动谋取利益；与他人搞权色交易；违反群众纪律，摊派赞助费用；违反生活纪律，出入娱乐场所，接受异性有偿陪侍；在所在单位报销个人费用。利用职务上的便利及原职权和地位形成的便利条件为他人谋取利益并收受巨额贿赂，涉嫌受贿和利用影响力受贿犯罪。吴敦武身为党员领导干部，理想信念缺失，毫无法纪意识，执纪违纪、全面破纪，并涉嫌违法犯罪，且在党的十八大后不收敛、不收手。依据《中国共产党纪律处分条例》等有关规定，经安徽省纪委常委会会议研究并报安徽省委批准，决定给予吴敦武开除党籍处分；按规定取消其退休待遇；收缴其违纪所得；将其涉嫌犯罪问题、线索及所涉款物移送有关国家机关依法处理。04-08太和县卫生局原党组副书记、中医院原院长李福同涉嫌严重违纪违法，目前正在接受纪律审查和监察调查。03-30当涂县卫计委副主任梅柏松涉嫌严重违纪违法，目前正在接受纪律审查和监察调查。▪ 内容来源：医药地方台整理（yiyaoguanchajia）▪ 作者：Sarah医药地方台yiyaoguanchajia长按扫码关注我们]]></content>
  <author><![CDATA[医药地方台]]></author>
  <time>2018-10-11 17:55:54</time>
  <account><![CDATA[yiyaoguanchajia]]></account>
</data>
