<data>
  <id><![CDATA[50715923]]></id>
  <url><![CDATA[https://mp.weixin.qq.com/s?timestamp=1539596628&src=3&ver=1&signature=Egrj350GoKY8-KUcIJshbxkN69CTX82ZR83B2CYnGY1KwdSAiV8ocDzZbnus6CavAknRQtAylPTJ4qs12bKNs24aQWruRUq3vtvQpnvN8Rhnbkb*M3M77benMTm8*70U5S2Yvn78XtcQorXolUN9FsvDizkKa7bQYowpPC9isbc=]]></url>
  <title><![CDATA[原浙江药监局局长任国家药监局党组成员]]></title>
  <content><![CDATA[近日，国家药监局的“三定方案”正式公布，在编制人员中一栏显示，国家药品监督管理局机关行政编制216名（含两委人员编制2名、援派机动编制2名、离退休干部工作人员编制20名）。设局长1名，副局长4名，药品安全总监1名，药品稽查专员6名，正副司长职数32名（含机关党委专职副书记1名），离退休干部局领导职数2名。而之前药监局官网公布的领导有党组书记、副局长李利、局长焦红、副局长、党组成员徐景和，这意味着还将有两位副局长待公布。此后，网上流出的一份关于国家药监局领导分工情况的文件显示，原浙江省食药监局局长陈时飞即将赴任国家药监局担任副局长，而另一位副局长则是前国家食品药品监督管理总局新闻宣传司司长、新闻发言人颜江瑛，这一传言或在日前药监局的一则新闻报道里得到印证。9月25日，国家药监局网站发布了一则新闻：国家药监局党组召开会议，学习贯彻中央全面深化改革委员会第四次会议精神，对贯彻落实《关于改革和完善疫苗管理体制的意见》作出部署。局党组书记、副局长李利主持会议并讲话，局党组成员徐景和、陈时飞、颜江瑛参加会议，局长焦红列席会议，这也是陈时飞和颜江瑛二人以新职务身份首次出现在国家药监局的公开报道中。据了解，陈时飞赴任国家药监局之后，将分管三个司局、6个直属单位。三个司局分别是药品注册司，药品监管司，人事司。6个直属单位分别是中检院、药典委、药审中心、核查中心、执业药师中心、一四六库。颜江瑛将分管4个司局：综合规划司、化妆品监管司、机关党委、老干局；6个直属单位：服务中心、信息中心、传媒集团、高研院、中国药学会。值得一提的是，国家总局分管药品注册的上一任药监系统副局长是被称为“疫苗沙皇”的吴浈，吴浈在今年的长春长生疫苗案后，因涉嫌严重违纪违法被立案调查；而药审中心的上一任分管副局长是孙咸泽。孙咸泽今年3月份出任国政协教科卫体委员会副主任。对于陈时飞的该任职，根据健康点的报道一位长期关注药品监管的专家表示：现在省级药监局一把手里，在老的药品监督管理局体系内任职时间最长、资历最丰富的，就只有陈时飞这一个人选，其本身在药品注册、安全监管领域都有比较丰富的经验；另一方面，浙江省药监局这两年总体的药品审评改革工作比较有特色。“从陈时飞分管的业务来看，药品注册和药品监管这两个司都归属同一个领导来负责，也就是说整个国家药监局的行政监督和技术审评放在了一起。”上述关注药品监管的专家表示，以前药品监管一个比较大的挑战是“内部协调沟通不顺畅”，新的领导角色分工或许能够改善这种状况。附：陈时飞个人履历陈时飞，男，汉族，1962年7月生，浙江天台人，1995年7月加入中国共产党，1983年8月参加工作，在职研究生学历，理学博士。曾任省医药管理局科技质量处副处长、药品注册处副处长，宁波市医药管理局（药品监督管理局）局长助理（挂职），省药品监督管理局副局长、党组成员（党委委员），省食品药品监督管理局副局长、巡视员、党组副书记等职，2017年12月任省食品药品监督管理局党组书记，2018年1月起任省食品药品监督管理局局长、党组书记，省食品安全委员会办公室主任。颜江瑛个人履历颜江瑛，女，汉族，1962年8月出生，湖南人，中共党员，医学博士。1990年1月至1998年12月，任武钢妇幼保健所副所长、主治医师、所长、副主任医师。1999年01月至2007年2月，任卫生部艾滋病预防与控制中心副研究员，中国预防医学科学院院办副主任、副研究员、院长助理，中国疾控中心主任助理兼办公室主任、研究员，卫生部人才交流服务中心主任助理、研究员。2007年3月至2015年12月，任国家食品药品监督管理局政法司副司长、办公室主任（规划财务司司长）、办公厅副主任（主持工作）、办公厅主任。2015年12月起任国家食品药品监督管理总局新闻宣传司司长、新闻宣传中心主任（兼）、新闻发言人。▪ 内容来源：医谷医药地方台yiyaoguanchajia长按扫码关注我们]]></content>
  <author><![CDATA[医药地方台]]></author>
  <time>2018-09-27 17:55:55</time>
  <account><![CDATA[yiyaoguanchajia]]></account>
</data>
