<data>
  <id><![CDATA[50715923]]></id>
  <url><![CDATA[https://mp.weixin.qq.com/s?timestamp=1539596628&src=3&ver=1&signature=Egrj350GoKY8-KUcIJshbxkN69CTX82ZR83B2CYnGY1KwdSAiV8ocDzZbnus6CavAknRQtAylPTJ4qs12bKNszJGW8Qgc5X*pkdaPBGemNl5JUAsJfIJtafmJATCb5EATDyJ0j2Z82m20ORs2gBbLkFCSrBCCfy-n42l6LZEXeI=]]></url>
  <title><![CDATA[10家药商违法事实曝光]]></title>
  <content><![CDATA[近日，医药地方台从内蒙古鄂尔多斯市、吉林白城市、吉林省吉林市药监局获悉，近期有10家药商被予以行政处罚。其中包括准格尔旗周家湾医药连锁有限责任公司、准格尔旗康圆药业有限责任公司、内蒙古回春堂医药连锁有限责任公司仁济堂店、白城市洮北区八仙药店、永吉县万昌镇康复堂药店等，涉及的违法事实有销售劣药、销售过期药、未凭处方销售处方药、未按照《药品经营许可证》许可的经营范围经营药品等。目前相关部门已对上述企业进行行政处罚。1准格尔旗周家湾医药连锁有限责任公司主要违法事实：销售劣药行政处罚的种类和依据：依据《中华人民共和国药品管理法》第七十四条。处罚种类：1、没收违法销售的药品； 2.没收违法所得。3、处以罚款。行政处罚的履行方式和期限：完全履行2018.09.10作出处罚的机关名称和日期：准旗市场监督管理局2018.09.042准格尔旗康圆药业有限责任公司主要违法事实：未按照《药品经营许可证》许可的经营范围经营药品行政处罚的种类和依据：依据《药品流通监督管理办法》第三十二条第一款第（四）项 的规定。处罚种类：1、没收违法销售的药品；2、没收违法所得；3、处以罚款。行政处罚的履行方式和期限：完全履行2018.09.11作出处罚的机关名称和日期：准旗市场监督管理局2018.09.073内蒙古回春堂医药连锁有限责任公司仁济堂店主要违法事实：未按照《药品经营许可证》许可的经营范围经营药品行政处罚的种类和依据：依据《药品流通监督管理办法》第三十二条第一款第（四）项 的规定。 处罚种类： 1、没收违法销售的药品；2、处以罚款。行政处罚的履行方式和期限：完全履行2018.09.12作出处罚的机关名称和日期：准旗市场监督管理局2018.09.074准格尔旗恒瑞医药连锁有限责任公司新健康店主要违法事实：销售劣药行政处罚的种类和依据：依据《中华人民共和国药品管理法》第七十四条的规定。处罚种类： 1、没收违法销售的药品；2、没收违法所得元； 3、处以罚款行政处罚的履行方式和期限：完全履行2018.09.13作出处罚的机关名称和日期：准格尔旗市场监督管理局2018.09.085内蒙古回春堂医药连锁有限责任公司车站店主要违法事实：未按照《药品经营许可证》许可的经营范围经营药品行政处罚的种类和依据：依据《药品流通监督管理办法》第三十二条第一款第（四）项 的规定。处罚种类： 1、没收违法销售的药品； 2、处以违法销售药品罚款。行政处罚的履行方式和期限：完全履行2018.09.12作出处罚的机关名称和日期：准格尔旗市场监督管理局2018.09.086内蒙古回春堂医药连锁有限责任公司东源盛世店主要违法事实：未按照《药品经营许可证》许可的经营范围经营药品行政处罚的种类和依据：依据《药品流通监督管理办法》第三十二条第一款第（四）项 的规定。处罚种类：1、没收违法销售的药品；2、处违法销售药品货值金额二倍罚款。行政处罚的履行方式和期限：完全履行2018.09.17作出处罚的机关名称和日期：准格尔旗市场监督管理局2018.09.147准格尔旗恩赐光明大药房主要违法事实：销售过期药品行政处罚的种类和依据：依据《中华人民共和国药品管理法》第七十四条的规定。处罚种类：1、没收违法销售的药品；2.处以罚款。行政处罚的履行方式和期限：完全履行2018.09.11作出处罚的机关名称和日期：准旗市场监督管理局2018.09.088准格尔旗恒瑞医药连锁有限责任公司健德店主要违法事实：销售劣药行政处罚的种类和依据：依据《中华人民共和国药品管理法》第七十四条的规定。处罚种类： 1、没收违法销售的药品；2、没收违法所得。3、处以罚款。行政处罚的履行方式和期限：主动履行2018.09.12作出处罚的机关名称和日期：准旗市场监督管理局2018.09.059白城市洮北区八仙药店主要违法事实：未凭处方销售处方药行政处罚的种类和依据：依据《药品流通监督管理办法》第三十八条的规定：1、处以罚款：1000.00元作出处罚的机关名称和日期：白城市食品药品监督管理局2018/9/2810永吉县万昌镇康复堂药店主要违法事实：未凭处方销售处方药行政处罚的种类和依据：罚款；依据《药品流通监督管理办法》第三十八条第一款作出处罚的机关名称和日期：永吉县市场监督管理局岔路河分局2018年9月26日▪ 内容来源：医药地方台整理▪ 作者：Sarah医药地方台yiyaoguanchajia长按扫码关注我们]]></content>
  <author><![CDATA[医药地方台]]></author>
  <time>2018-10-10 17:52:11</time>
  <account><![CDATA[yiyaoguanchajia]]></account>
</data>
