<data>
  <id><![CDATA[50715923]]></id>
  <url><![CDATA[https://mp.weixin.qq.com/s?timestamp=1539596628&src=3&ver=1&signature=Egrj350GoKY8-KUcIJshbxkN69CTX82ZR83B2CYnGY1KwdSAiV8ocDzZbnus6CavAknRQtAylPTJ4qs12bKNs24aQWruRUq3vtvQpnvN8RiUlJIkpoA8QCu9XGygZbxkvCD08N1gaWTR3pmmkpWN3DOSzTI2cWA*6sj2KAgv3Mg=]]></url>
  <title><![CDATA[12家药企改名了]]></title>
  <content><![CDATA[9月26日，青海省药品和医用耗材集中采购网发布《关于部分企业信息变更的通知》。近期，经申请，黑龙江福和华星制药集团股份有限公司等12家药企名称变更；浙江京新药业股份有限公司生产的环丙沙星片等7个药品信息变更。具体如下表：医药地方台yiyaoguanchajia长按扫码关注我们]]></content>
  <author><![CDATA[医药地方台]]></author>
  <time>2018-09-27 17:55:55</time>
  <account><![CDATA[yiyaoguanchajia]]></account>
</data>
