<data>
  <id><![CDATA[50715923]]></id>
  <url><![CDATA[https://mp.weixin.qq.com/s?timestamp=1539596628&src=3&ver=1&signature=Egrj350GoKY8-KUcIJshbxkN69CTX82ZR83B2CYnGY1KwdSAiV8ocDzZbnus6CavAknRQtAylPTJ4qs12bKNsx8IgFzovkNAn0xOHVieENtJkfVsma7FpWoAPRwU9IADtYbx1XYrnI8a35RzNbJwt2MuzPx4pQsAHNHFGTidKNk=]]></url>
  <title><![CDATA[飞检！一药商GSP被收回]]></title>
  <content><![CDATA[9月27日，甘肃兰州市药监局发布公告，收回兰州市城关区东方红大药房《药品经营质量管理规范认证证书》。公告显示，2018年，兰州市食品药品监督管理局组织开展飞行检查时，发现兰州市城关区东方红大药房严重违反《药品经营质量管理规范》之规定，为防控药品质量风险，市局依据《药品医疗器械飞行检查办法》（国家食品药品监督管理总局令第14号）第二十五条的规定，决定依法收回该企业《药品经营质量管理规范认证证书》。医药地方台yiyaoguanchajia长按扫码关注我们]]></content>
  <author><![CDATA[医药地方台]]></author>
  <time>2018-09-28 17:52:20</time>
  <account><![CDATA[yiyaoguanchajia]]></account>
</data>
