<data>
  <id><![CDATA[50715923]]></id>
  <url><![CDATA[https://mp.weixin.qq.com/s?timestamp=1539596628&src=3&ver=1&signature=Egrj350GoKY8-KUcIJshbxkN69CTX82ZR83B2CYnGY1KwdSAiV8ocDzZbnus6CavAknRQtAylPTJ4qs12bKNs*xKdqIv9C8Dr0WTc2IuF71ih4Ahqyp98dk0OpkYr8wCHQtLAoquR7a6VdMPSHhpaQcokv7xUOVnc0jSytCGXEk=]]></url>
  <title><![CDATA[28家药商被查处]]></title>
  <content><![CDATA[9月30日，湖北省荆州市药监局通报药品经营零售企业购销渠道专项整治飞行检查发现问题。通报显示，2018年8月，市局对全市部分药品经营零售企业进行了飞行检查，全市共抽调24名检查人员，组成8个检查组，共检查药品经营零售企业52家。检查发现荆州开发区同德堂药店等28家药品经营零售企业存在问题，被移交查处，同时沙市区天成药店朝阳店、江陵县健康大药房平安店、荆州信谊医药有限公司同德大药房店、湖北恫安阁大药房连锁有限公司惠民店4家被建议收回GSP证书。医药地方台yiyaoguanchajia长按扫码关注我们]]></content>
  <author><![CDATA[医药地方台]]></author>
  <time>2018-09-30 16:33:55</time>
  <account><![CDATA[yiyaoguanchajia]]></account>
</data>
