<data>
  <id><![CDATA[50715923]]></id>
  <url><![CDATA[https://mp.weixin.qq.com/s?timestamp=1539596628&src=3&ver=1&signature=Egrj350GoKY8-KUcIJshbxkN69CTX82ZR83B2CYnGY1KwdSAiV8ocDzZbnus6CavAknRQtAylPTJ4qs12bKNszJGW8Qgc5X*pkdaPBGemNkjcB8NdsP-w1x7opLB7Ovd7oYh0zysMawXbopZsbdXsBs5MEOPwNeY85AU*OvNBUk=]]></url>
  <title><![CDATA[30家涉药单位被查处]]></title>
  <content><![CDATA[近日，云南省昆明市药监局发布公告，将8月20日-8月3日，对富源县30家药品经营使用单位飞行检查情况予以公布。根据检查结果，30家药品经营使用单位中，富源后所光源药店、富源县富村镇富康大药房等25家被责令限期整改；富源县中安镇王家屯益康药店、富源县老厂镇志阳光大药房等4家被移交当地药品监管部门处理；富源县大河镇锦民药店处理结果为其他。医药地方台yiyaoguanchajia长按扫码关注我们]]></content>
  <author><![CDATA[医药地方台]]></author>
  <time>2018-10-10 17:52:11</time>
  <account><![CDATA[yiyaoguanchajia]]></account>
</data>
