<data>
  <id><![CDATA[50715923]]></id>
  <url><![CDATA[https://mp.weixin.qq.com/s?timestamp=1539596628&src=3&ver=1&signature=Egrj350GoKY8-KUcIJshbxkN69CTX82ZR83B2CYnGY1KwdSAiV8ocDzZbnus6CavAknRQtAylPTJ4qs12bKNs1Cb1YuwQA1JvJoTZVC8A-ysktDYpQl3rC5zxG3IzCFz5rlLOJt7qjTJAoi*c5s0VV5c2gtXX2KhXSMPilQ25dg=]]></url>
  <title><![CDATA[34家药企被查处]]></title>
  <content><![CDATA[10月8日，安徽省药监局通告2018年9月药化生产和特药经营日常监督检查信息。2018年9月，安徽省药监局及其16个市局对137家企业开展检查，检查范围包括药品GMP飞行检查、特药经营、飞行检查、日常检查、药品生产质量专项检查等。医药地方台根据检查信息统计，有34家药企被查出158项缺陷，均为一般缺陷。安徽省相关部门已要求上述企业责令整改。此外，安徽万恒中药饮片有限公司、亳州市同科药业有限公司、亳州市谯城区万事祥中药饮片有限公司、安徽徽兴堂中药科技有限公司、亳州市天成中药饮片有限公司5家药企因停产超过三个月，市局已暂控GMP证书，未生产。以下为限期整改企业名单：▪ 内容来源：医药地方台整理（yiyaoguanchajia）▪ 作者：Sarah医药地方台yiyaoguanchajia长按扫码关注我们点击阅读原文，进入“首营电子资料交换平台”]]></content>
  <author><![CDATA[医药地方台]]></author>
  <time>2018-10-08 18:07:05</time>
  <account><![CDATA[yiyaoguanchajia]]></account>
</data>
