<data>
  <id><![CDATA[50715923]]></id>
  <url><![CDATA[https://mp.weixin.qq.com/s?timestamp=1539596628&src=3&ver=1&signature=Egrj350GoKY8-KUcIJshbxkN69CTX82ZR83B2CYnGY1KwdSAiV8ocDzZbnus6CavAknRQtAylPTJ4qs12bKNsxGY2heMO0nJEeSpE9hM85MtxcqkxBhn0UjqtwUR7TKgt3lJrC**U7-HPuIC*Pou7FloJBMksTMIwVHzm0pGR58=]]></url>
  <title><![CDATA[20家药企被责令整改]]></title>
  <content><![CDATA[10月9日，甘肃省药监局发布通告，对20家药品批发企业采取限期整改措施。公告显示，省局组织的药品批发企业飞行检查中发现，甘肃永安长乐生物药业有限公司等20家企业不符合《药品经营质量管理规范》规定，依据《药品医疗器械飞行检查办法》（国家食品药品监督管理总局令第14号）、《药品经营质量管理规范认证管理办法》等规定，决定责令其限期整改，现予以公布。省局要求相关企业应在通告之日起1个月内完成整改，报所在地市级食品药品监督管理局复检，复检后将市局复检报告连同企业整改报告一并报省局药品化妆品流通监管处。医药地方台yiyaoguanchajia长按扫码关注我们]]></content>
  <author><![CDATA[医药地方台]]></author>
  <time>2018-10-09 17:50:33</time>
  <account><![CDATA[yiyaoguanchajia]]></account>
</data>
