<data>
  <id><![CDATA[50715923]]></id>
  <url><![CDATA[https://mp.weixin.qq.com/s?timestamp=1539596628&src=3&ver=1&signature=Egrj350GoKY8-KUcIJshbxkN69CTX82ZR83B2CYnGY1KwdSAiV8ocDzZbnus6CavAknRQtAylPTJ4qs12bKNs1Cb1YuwQA1JvJoTZVC8A-xXIF9zDuT5g0m1cbouFo3gaCfys-VnKiyP-CZIisjD6ML48aIuH7aJK7mH5DHc54s=]]></url>
  <title><![CDATA[10家药店不卖药了！]]></title>
  <content><![CDATA[近日，四川内江市药监局发布《药品经营许可证》注销公告（2018年第5期）。经企业申请，内江市局审查同意，将四川梓橦宫大药房延寿连锁店等10家药品零售企业的《药品经营许可证》和《药品经营质量管理规范认证证书》予以注销。医药地方台yiyaoguanchajia长按扫码关注我们]]></content>
  <author><![CDATA[医药地方台]]></author>
  <time>2018-10-08 18:07:05</time>
  <account><![CDATA[yiyaoguanchajia]]></account>
</data>
