<data>
  <id><![CDATA[50715923]]></id>
  <url><![CDATA[https://mp.weixin.qq.com/s?timestamp=1539596628&src=3&ver=1&signature=Egrj350GoKY8-KUcIJshbxkN69CTX82ZR83B2CYnGY1KwdSAiV8ocDzZbnus6CavAknRQtAylPTJ4qs12bKNs24aQWruRUq3vtvQpnvN8RjT9MMPjwtDa0FXILGKOZ*pXFXyo3UeA0shdBugBUVGRqguI*-oJmm-wGQTgqGpXcM=]]></url>
  <title><![CDATA[刚刚，又有药品批文被注销！]]></title>
  <content><![CDATA[9月27日，国家药监局发布公告，根据《中华人民共和国药品管理法实施条例》和《药品注册管理办法》的有关规定，国家药品监督管理局决定注销黄瑞香注射液（国药准字Z14021011）药品批准证明文件。据介绍，黄瑞香注射液能祛风除湿，活血化瘀，散寒止痛。用于风寒湿邪侵袭而致的风湿性关节炎、类风湿性关节炎引起的疼痛及坐骨神经痛等病症。这是国家药监局今年发布的第5批注销药品批准证明文件的公告。据医药地方台统计，截至9月27日，国家药监局已发布了5次公告，共注销了23个药品批准证明文件。其中，因企业申请而注销的有16个，因吊销《药品生产许可证》而注销的有7个。从剂型来看，被注销的23个药品批准证明文件中，以注射剂最多，达12个；其次是片剂7个、胶囊剂2个、滴剂和口服混悬剂各有1个。▪ 内容来源：医药地方台整理（yiyaoguanchajia）▪ 作者：Sarah医药地方台yiyaoguanchajia长按扫码关注我们点击阅读原文，进入“首营电子资料交换平台”]]></content>
  <author><![CDATA[医药地方台]]></author>
  <time>2018-09-27 17:55:55</time>
  <account><![CDATA[yiyaoguanchajia]]></account>
</data>
