<data>
  <id><![CDATA[50715923]]></id>
  <url><![CDATA[https://mp.weixin.qq.com/s?timestamp=1539596628&src=3&ver=1&signature=Egrj350GoKY8-KUcIJshbxkN69CTX82ZR83B2CYnGY1KwdSAiV8ocDzZbnus6CavAknRQtAylPTJ4qs12bKNsxGY2heMO0nJEeSpE9hM85Om3qogBt*tRSckHXtnUK*ig3GuuX3zdnH9P93r7zUCU5pdQcRgdI-CojNIEdiDzy0=]]></url>
  <title><![CDATA[22批次医疗器械不合格！]]></title>
  <content><![CDATA[10月9日，安徽省药监局发布《安徽省医疗器械质量公告（2018年第1期）》。本期经抽验并核查确认，共10个品种22个批（台）次产品不符合标准规定，其中包括新乡市宏达卫材有限公司生产的3批次医用脱脂纱布块（20160802、20161202、20161202）、扬州佳运医疗器械有限公司生产的1批次医用脱脂纱布片（20170306）等。对上述不符合标准规定的医疗器械产品，各市（直管县）食品药品监督管理部门正在依据《医疗器械监督管理条例》等有关规定予以处理。医药地方台yiyaoguanchajia长按扫码关注我们]]></content>
  <author><![CDATA[医药地方台]]></author>
  <time>2018-10-09 17:50:33</time>
  <account><![CDATA[yiyaoguanchajia]]></account>
</data>
