<data>
  <id><![CDATA[50715923]]></id>
  <url><![CDATA[https://mp.weixin.qq.com/s?timestamp=1539596628&src=3&ver=1&signature=Egrj350GoKY8-KUcIJshbxkN69CTX82ZR83B2CYnGY1KwdSAiV8ocDzZbnus6CavAknRQtAylPTJ4qs12bKNs-WSP8pIhlG4f6iCzWWxzJIM*UDgX63UkXnYgrFyviFu2fOKVo5Zm*DjvGdjN3TxSz2vU23SbWgloddYL3j8vaY=]]></url>
  <title><![CDATA[3家药企停止药品经营]]></title>
  <content><![CDATA[10月10日，河南开封市药监局发布公告，注销3家药品经营企业《药品经营许可证》。公告显示，开封市众福你我他医药有限公司、开封市你我他医药零售有限公司第一分公司和开封市你我他医药零售有限公司于2018年10月10日向我局提出注销《药品经营许可证》的申请，市局依据《中华人民共和国药品管理法实施条例》第十七条及《药品经营许可证管理办法》（国家食品药品监督管理局第6号令）第二十六条、第三十条的规定，于2018年10月10日注销开封市众福你我他医药有限公司、开封市你我他医药零售有限公司第一分公司和开封市你我他医药零售有限公司药品经营企业《药品经营许可证》。公告要求，药品经营企业自注销之日起，须依法停止药品经营活动，各有关单位和个人不得与其发生药品购销业务，并请社会各界共同监督。医药地方台yiyaoguanchajia长按扫码关注我们]]></content>
  <author><![CDATA[医药地方台]]></author>
  <time>2018-10-11 17:55:54</time>
  <account><![CDATA[yiyaoguanchajia]]></account>
</data>
