<data>
  <id><![CDATA[50715923]]></id>
  <url><![CDATA[https://mp.weixin.qq.com/s?timestamp=1539596628&src=3&ver=1&signature=Egrj350GoKY8-KUcIJshbxkN69CTX82ZR83B2CYnGY1KwdSAiV8ocDzZbnus6CavAknRQtAylPTJ4qs12bKNs*xKdqIv9C8Dr0WTc2IuF73WtlBOzQcf4mlfKFddVUc*jOy4MD7oNlHPPswvV1WtDIOk3Ud*Wa9hnE-T1zbzPP4=]]></url>
  <title><![CDATA[2家药商GSP被撤]]></title>
  <content><![CDATA[9月30日，河南省安阳市药监局通报安阳福善堂大药房有限公司等2家药品零售企业双随机检查情况。检查结果显示，安阳福善堂大药房有限公司、安阳天大医药有限责任公司桐盛店等2家药品零售企业严重违反《药品经营质量管理规范》的有关规定，依据《药品经营质量管理规范认证管理办法》第四十五条和《国家食品药品监督管理总局关于修订印发<药品经营质量管理规范现场检查指导原则>有关事宜的通知》（食药监药化监〔2016〕160号）的规定，市局依法撤销2家药品零售企业的《药品经营质量管理规范认证证书》。安阳福善堂大药房有限公司双随机检查情况许可证编号：豫DA3721203GSP证书编号：A-HEN16-0297检查时间：2018年9月12日检查发现的问题：严重缺陷：1项1、现场检查时企业不能提供小柴胡颗粒（生产厂家：四川逢春制药有限公司，批号：180432）等药品的发票。（**15209）主要缺陷：7项1、企业质量管理岗位职责由其他人员代为履行；（*13701）2、企业采购药品未提供供货方的合法资质，如：小柴胡颗粒（生产厂家：四川逢春制药有限公司，批号：180432）等药品；（*15201）3、企业部分药品未提供随货同行单，如：小柴胡颗粒（生产厂家：四川逢春制药有限公司，批号：180432）等品种；（*15301）4、现场检查时发现阴凉区未启用，阴凉区中药饮片斗内存放有中药饮片，温度：25°C；（*16101）5、企业北侧处方药开架销售；（*16106）6、企业药品与非药品未分开存放；（*16409）7、企业销售药品不能开具销售凭证；（*16801）一般缺陷：3项1、企业员工未穿工作服。（13001）2、企业拆零工具未配备托盘；（14506）3、企业营业场所内未悬挂执业药师注册证。（16501）处理措施：1、撤销该企业《药品经营质量管理规范认证证书》。2、要求北关区食品药品监督管理局对该企业存在问题进行依法处理。安阳天大医药有限责任公司桐盛店双随机检查情况许可证编号：豫DA3720576GSP证书编号：A-HEN16-0155检查时间：2018年9月12日-13日检查发现的问题：严重缺陷：2项1、现场检查时企业未能提供部分药品的购进发票，如：企业未提供2016年购进的复方甘草片（批号：160208 生产厂家：海南制药厂有限公司）的发票及随货同行单；（**15209）2、企业提供部分药品的采购发票上购货单位名称与该店名称不一致，如：企业提供的阿奇霉素分散片（规格：0.25g 批号：170327 生产厂家：遂成药业股份有限公司）的随货同行单及发票上显示购货单位为安阳天大医药有限责任公司而非安阳天大医药有限责任公司桐盛店；（**15211)主要缺陷：8项1、企业质量负责人不能有效履行企业的质量管理职能，如：企业质量负责人不能熟练操作企业计算机系统；（*12301）2、企业未按照法律法规及《规范》规定，制定符合企业实际质量管理制度：如：企业未根据实际情况建立药品的追溯管理制度；（*13301）3、企业计算机系统未按要求建立真实、完整、可追溯部分药品的记录。如：企业计算机系统的采购记录中大黄（生产单位：河南为千方药业有限公司，产地：东北）而企业提供的随货通行单上显示“大黄”（生产厂家：天马（安徽）中药饮片科技有限公司，产地：四川）；（*13901）4、企业未按规定对部分购货单位的资质进行审核，确认有效。如：安阳泰利信药业有限公司的资质中印章印模为复印件，随货同行单样式上未加盖本单位的公章；（*15204）5、企业验收人员在验收部分药品时未按要求对照随货同行单核实实物，做到票、帐、货相符。如：企业购进计算机系统中显示于2016年10月10日从河南省安泰医药有限公司购进中药饮片：木香（批号：150801 生产厂家：河南千方药业有限公司），但企业提供出随货同行单上显示购进“木香”的生产厂家为天马（安徽）中药饮片科技有限公司；（*15301）6、现场检查时企业未能提供个别药品的冷链运输单及途中温度记录，如：2017年8月7日从天地民生医药集团河南德尔康药业有限公司购进的赖脯胰岛素注射液（批号：C658911 分装厂家：礼来苏州制药有限公司）；（*15501）7、部分处方药和非处方药混合摆放，如常温区OTC妇幼类货架摆放有阿莫西林胶囊；（*16105）8、部分需要阴凉保存的药品未放置于阴凉区，如：克拉霉素分散片（生产厂家：哈药集团制药六厂）。（*16402）一般缺陷：10项1、企业现场未提供近三年收集的药品质量信息；（12307）2、企业2018年度培训档案中，缺少培训教材、培训总结等内容；（12801）3、现场检查时企业未提供质量负责人、审方员的2018年健康体检证明；（13101）4、企业未按要求将计算机系统数据进行备份；（14201）5、企业拆零调配工具不齐全且未见包装用品；（14506）6、企业与个别供货单位签订的质量保证协议中缺少供货方代表签字，如2018年与河南省安泰医药有限公司签订的质量保证协议缺少供货方签字；（15208）7、现场发现个别药品未验收到最小包装，如阿莫西林胶囊、批号：170511104、生产单位：上海现代哈森（商丘）药业有限公司；（15406）8、部分药品未严格按照类别标签摆放，如阴凉区OTC“清热解毒类”摆放有“生脉饮”等药品；（16102）9、部分中药饮片柜斗未正名正字，如“皂刺”“大复皮”等；（16112）10、企业工作人员工作牌标示内容不完整，缺少“岗位”等内容。（16601）处理措施：1、撤销该企业《药品经营质量管理规范认证证书》。2、要求文峰区食品药品监督管理局对该企业存在问题进行依法处理。▪ 内容来源：医药地方台整理医药地方台yiyaoguanchajia长按扫码关注我们]]></content>
  <author><![CDATA[医药地方台]]></author>
  <time>2018-09-30 16:33:55</time>
  <account><![CDATA[yiyaoguanchajia]]></account>
</data>
