<data>
  <id><![CDATA[50715923]]></id>
  <url><![CDATA[https://mp.weixin.qq.com/s?timestamp=1539596628&src=3&ver=1&signature=Egrj350GoKY8-KUcIJshbxkN69CTX82ZR83B2CYnGY1KwdSAiV8ocDzZbnus6CavAknRQtAylPTJ4qs12bKNs1Cb1YuwQA1JvJoTZVC8A-yag5G39*9PFKyru6D6WScckH5XDBxi3asLrTEudyC1eSuf9HOeob0ElYcBw16PMDE=]]></url>
  <title><![CDATA[2家药企GSP被撤/收]]></title>
  <content><![CDATA[近日，陕西省药监局发布两个公告，撤销陕西同恒医药有限公司、收回陕西正峰医药有限责任公司药品GSP证书。撤销药品GSP证书：陕西同恒医药有限公司在药品经营过程中，存在严重违反《药品经营质量管理规范》的行为，为保证公众用药安全，依据《药品医疗器械飞行检查管理办法》第二十五条，决定撤销该企业的《药品经营质量管理规范认证证书》。收回药品GSP证书：陕西正峰医药有限责任公司在药品经营过程中，存在严重违反《药品经营质量管理规范》的行为，为加强药品经营安全的风险防控，依据《药品医疗器械飞行检查管理办法》第二十五条和《陕西省食品药品监督管理局收回和发还药品GSP证书管理规定（试行）》，决定收回该企业的《药品经营质量管理规范认证证书》。医药地方台yiyaoguanchajia长按扫码关注我们]]></content>
  <author><![CDATA[医药地方台]]></author>
  <time>2018-10-08 18:07:05</time>
  <account><![CDATA[yiyaoguanchajia]]></account>
</data>
