<data>
  <id><![CDATA[50715923]]></id>
  <url><![CDATA[https://mp.weixin.qq.com/s?timestamp=1539596628&src=3&ver=1&signature=Egrj350GoKY8-KUcIJshbxkN69CTX82ZR83B2CYnGY1KwdSAiV8ocDzZbnus6CavAknRQtAylPTJ4qs12bKNszJGW8Qgc5X*pkdaPBGemNmiR0CJriFojFxq9EDkEgtk-6NXoCjJx3-L1UttL3tKm7rpBY2MQC2VRVMLXeyrr*s=]]></url>
  <title><![CDATA[【招聘】汉森制药&永孜堂制药招聘]]></title>
  <content><![CDATA[上市公司、知名药企湖南汉森制药股份有限公司及全资子公司云南永孜堂制药有限公司，主导产品：汉森®四磨汤口服液产品特点国家医保、独家品种、多省基药目录品种国家“973”计划项目品种，中药保护品种复合型肠胃动力类中成药顺气、通肠、助消化，双向调节，便秘、腹泻均可用，男女老少都能喝适应科室：妇产科、儿科、消化科、外科、老年病科汉森®缩泉胶囊产品特点国家基药、甲类医保、独家剂型、中药保护品种针对性“控尿”的千年古方成药“三位一体”治疗尿频、尿急、尿失禁用于老年人夜尿多、小儿遗尿、女性尿失禁疗效显著适应科室：泌尿科、妇科、儿科、肾病科、老年病永孜堂®天麻醒脑胶囊产品特点国家医保、独家专利品种唯一具有治疗“记忆力减退“和”反应迟钝”的天麻类品种适应科室：神经内科、心血管内科、老年病科、五官科汉森®银杏叶胶囊产品特点国家医保、含量规格独家，市场容量大最高含量规格，含总黄酮醇苷40mg/粒，仅需1粒/次内控银杏叶内酯与白果内酯比例，疗效更好欧洲标准，银杏叶酸<5ppm，更安全适应科室：神经内科、五官科、心血管内科、老年病科【招聘简章】以上主导产品拟加大对基层医疗机构市场的拓展，在如下重点省区招聘推广代表若干名。重点招聘区域：  广东、河北、湖北、江西、浙江、贵州基本条件1、高中或中专以上学历，勤奋敬业，善于沟通，有较好的语言沟通能力。2、有药学、市场营销等相关专业背景或有一定的基层医疗机构（乡镇卫生院，社区卫生服务中心）药品 销售经验者优先。3、 身体健康，吃苦耐劳；品行端正，诚实守信；爱岗敬业，善于沟通表达，有团队意识。4、适应长期出差。福利待遇底薪+奖金+差旅费用+业务提成（尤为可观）享受国家社会保险及国家规定的有薪假期。招聘流程1、在文底下方“阅读原文”直接上传基本简历。2、企业组织招聘考核和面试。3、根据考核和面试综合评价，择优确定拟录用人选，签订聘用合同。联系方式通信地址：湖南省益阳市赫山区银城南路湖南汉森制药股份有限公司邮编：413000联系人：总经理助理赵向红 18607371163公司电话：07376356392（刘女士）邮箱：hsscb001@163.com网址：http://www.hszy.com↓↓点击阅读原文，直接报名本文为商务合作信息，著作权归属原作者，转载请保持其完整性。]]></content>
  <author><![CDATA[医药地方台]]></author>
  <time>2018-10-10 17:52:11</time>
  <account><![CDATA[yiyaoguanchajia]]></account>
</data>
