<data>
  <id><![CDATA[50715923]]></id>
  <url><![CDATA[https://mp.weixin.qq.com/s?timestamp=1539596628&src=3&ver=1&signature=Egrj350GoKY8-KUcIJshbxkN69CTX82ZR83B2CYnGY1KwdSAiV8ocDzZbnus6CavAknRQtAylPTJ4qs12bKNswwOVwaTGCfSoLau5M3178eRFvY9fCvxI6OerqxzFos*awYuug0SYXaHY0Xvnpm5*BjGrK6w4ODrNK-Ww97dnW4=]]></url>
  <title><![CDATA[家国天下来自灵魂深处的振东爱国心]]></title>
  <content><![CDATA[金秋十月，神州举国同庆祖国生日欢歌如潮，振东长治处处繁花似锦把厂庆与祖国生日融为一体，这不是偶然，而是必然；是振东第一座加油站赶在国庆节抢时建成，当天开张；是25年流淌在振东人血脉中坚定的信仰；是“与民同富，与家同兴，与国同强”企业核心价值观的具体体现。国庆节红歌歌声嘹亮每年10月1日，振东集团都会举办国庆、厂庆双庆活动，红歌比赛成为保留节目。本次“我爱中国·点赞振东”主题红歌比赛激情高昂、气势磅礴，《没有共产党就没有新中国》、《保卫黄河》、《再唱东方红》、《在灿烂的阳光下》、《祖国在召唤》、《奋进新时代》等一首首耳熟能详的爱国歌曲让人热血澎湃。这不是一场久经排练的应景表演，而是6000振东人融入骨髓的充满深情的爱国呐喊。李安平董事长说他从没有刻意要求这么做，很多节目从组织排练到演出仅仅1-2天，这种奇迹是因为这片革命土壤滋生的天然信仰。振东爱国情飞扬无处不在振东爱国是有仪式感的，而且你可以随时感受的到。从一辆辆插满小国旗、贴满企业价值观口号的振东车辆可以看到，从总部办公楼墙上巨幅的鲜红国旗可以看到，从办公走廊扶梯处处飘扬的国旗可以看到，从数千振东人使劲地挥舞着手中的国旗高声呐喊可以感受到，从振东20年资助18000多名孩子圆大学梦的社爱心之举中可以感受到，从敬老日、扶贫济困日、冬助日、中华仁爱天使等社会责任承担中可以感受的到，从大灾大难面前，李安平率先入灾区、参与救援，全厂全线停产集全员之力加班加点生产急需药品的大爱中可以看出。李安平董事长的爱国之情是来自灵魂深处的。从企业成立之日资金紧缺周转困难之时，仍大手笔修建国旗台，到企业专门成立国旗班升旗之前，他一直亲自唱国歌、升红旗，其激情高昂、热血澎湃的背后难道不是一颗浓浓的爱国心？振东爱国心恒久深入骨髓山西长治是一片具有光荣革命传统的红色热土，是“太行精神”的孕育之地。长治革命老区为中国革命的胜利和新中国的诞生，做出了巨大的牺牲和贡献。振东集团诞生于上党革命老区，振东人吸革命老区天地之灵气，收民风淳朴爱国万物之精华，精心培植，孕育而成”与民同富，与家同兴，与国同强”企业核心价值观。家国天下，爱国情怀，是振东人的精气神，是振东集团无往不胜的核心竞争力。医药地方台yiyaoguanchajia长按扫码关注我们]]></content>
  <author><![CDATA[医药地方台]]></author>
  <time>2018-10-03 17:23:03</time>
  <account><![CDATA[yiyaoguanchajia]]></account>
</data>
