<data>
  <id><![CDATA[50715923]]></id>
  <url><![CDATA[https://mp.weixin.qq.com/s?timestamp=1539596628&src=3&ver=1&signature=Egrj350GoKY8-KUcIJshbxkN69CTX82ZR83B2CYnGY1KwdSAiV8ocDzZbnus6CavAknRQtAylPTJ4qs12bKNsx8IgFzovkNAn0xOHVieENtQSnj1UNzY3-ghfXDQZhHgQjDi6BZJWIuyd3GqafclY9COCWUPuJGwL4DvXCdw1bQ=]]></url>
  <title><![CDATA[又一省开始整治中药饮片！]]></title>
  <content><![CDATA[继海南、安徽等省份后，四川也发布通知，集中整治中药饮片质量。9月28日，四川省药监局发布公告，决定在全国范围内开展为期一年的中药饮片质量集中整治，着力解决当前中药饮片存在的突出问题，深入排查系统性、区域性风险隐患，严厉查处违法违规行为，加快建立完善符合中药饮片特点的长效机制，提升监管能力和水平，提高中药饮片质量，保障公众用药安全有效，助推中药产业健康发展。重点整治内容《通知》显示，此次整治将从今年的9月起至2019年10月底结束，整治重点工作包括严厉查处中药饮片违法违规行为、加快完善符合中药饮片特点的技术管理体系。在中药饮片生产环节，加强对中药饮片生产环节的监督检查，重点查处中药材进厂把关不严，使用掺杂使假、染色增重、霉烂变质的中药材生产中药饮片；超范围生产中药饮片；产能与销售数量不匹配，编造生产销售记录，不按规定进行进出厂检验，检验记录不真实；在未经批准场地生产中药饮片，购买非法中药饮片改换包装出售；出租出借证照，将中药饮片生产转包给不法分子等违法违规行为。中药饮片流通使用环节，加强对中药饮片流通使用环节的监督检查，重点查处为他人违法经营中药饮片提供场所、资质证明文件、票据等条件；对供货方资质审查不严格，或从非法渠道购进中药饮片并销售（或使用）；非法分装、加工或贴签销售外购中药饮片；未按照要求储存、养护中药饮片；超范围经营毒性中药饮片等违法违规行为。中药饮片非法生产经营方面，坚决取缔无证生产经营中药饮片的非法窝点，严厉打击私切滥制等非法加工、变相生产中药饮片的行为，严厉打击不法分子无证经营中药饮片的行为。在中药饮片抽验方面，重点抽检中药饮片掺杂使假、染色增重、霉烂变质、硫熏、农药残留等项目。各地要结合行政区域内监管实际，针对重点区域和重点品种加大抽检频次；要做好不合格中药饮片的核查处置工作，按时限上报核查处置情况；要规范准确统计抽检信息，及时上传和上报省局；要收集整理中药饮片生产、流通、使用环节的数据，掌握行业动态，做好抽检数据的研判分析。加快完善符合中药饮片特点的技术管理体系方面，严格中药饮片生产企业准入标准，严格核定中药饮片企业炮制范围；按照国家局发布的《省级中药饮片炮制规范修订的技术指导原则》修订省级中药饮片炮制规范；研究制定鼓励和引导中药饮片企业使用GAP基地或固定产地中药材生产的措施。严厉查处不手软《通知》显示，此次整治将加大查处力度。要求各级药品监管部门发现中药饮片生产经营中不符合GMP、GSP要求的，坚决采取责令整改、收回或撤销质量管理规范认证证书等处理措施，对存在严重违法违规行为的，坚决依法责令企业停止生产经营并立案查处，直至吊销《药品生产许可证》或《药品经营许可证》，涉嫌犯罪的，移送公安机关追究其刑事责任。凡是检验不合格的中药饮片，对其产品来源坚决一查到底。对于违法违规行为和检验不合格的产品，检查检验结果依法依规公开曝光。既要曝光违法违规的中药饮片生产经营企业，也要曝光不合格中药饮片的使用单位。对违法案件的处理，既要处罚违法的生产经营使用单位，也要依法追究单位直接负责的主管人员和其他直接责任人员的责任。▪ 内容来源：医药地方台整理▪ 作者：Sarah医药地方台yiyaoguanchajia长按扫码关注我们]]></content>
  <author><![CDATA[医药地方台]]></author>
  <time>2018-09-28 17:52:20</time>
  <account><![CDATA[yiyaoguanchajia]]></account>
</data>
