<data>
  <id><![CDATA[50715923]]></id>
  <url><![CDATA[https://mp.weixin.qq.com/s?timestamp=1539596628&src=3&ver=1&signature=Egrj350GoKY8-KUcIJshbxkN69CTX82ZR83B2CYnGY1KwdSAiV8ocDzZbnus6CavAknRQtAylPTJ4qs12bKNsxGY2heMO0nJEeSpE9hM85NFKvJbDig9g*2Ah3zLLZS7dww1Yiwcd*U5AvJrqZPeKg3nKxu0NctCWstc0hZsqsE=]]></url>
  <title><![CDATA[47家药商不卖药了！]]></title>
  <content><![CDATA[近日，河南省郑州市药监局发布公告，将《药品经营许可证》核发、变更、注销的企业名单予以公示。其中，在《药品经营许可证》注销名单中，共有47家，包括郑州市金水区新正通大药房、郑州常青树医药有限公司、登封市市区万和堂大药房、郑州市中原区仙草堂大药房等。医药地方台yiyaoguanchajia长按扫码关注我们]]></content>
  <author><![CDATA[医药地方台]]></author>
  <time>2018-10-09 17:50:33</time>
  <account><![CDATA[yiyaoguanchajia]]></account>
</data>
