<data>
  <id><![CDATA[50715923]]></id>
  <url><![CDATA[https://mp.weixin.qq.com/s?timestamp=1539596628&src=3&ver=1&signature=Egrj350GoKY8-KUcIJshbxkN69CTX82ZR83B2CYnGY1KwdSAiV8ocDzZbnus6CavAknRQtAylPTJ4qs12bKNs7889RQhWaciklGvpkMIk4C1CKa1rhRYZiqNb8WJc7asjsL*7fBKqltIWFJRASH2iLNar0pRt12CceBTa0qBOxA=]]></url>
  <title><![CDATA[20批次假冒药品曝光]]></title>
  <content><![CDATA[9月29日，吉林省药监局发布2018年第3期《药品质量公告》。2018年第三季度，全省共抽检药品（含辅料、直接接触药品的包装材料）5178批次，检验完成1466批次。其中，符合标准规定药品1431批次，不符合标准规定药品35批次，共涉及25个品种，包括阿托伐他汀钙片、白鲜皮、半边莲、冰片、醋乳香等。值得注意的是，在这35批次不合格药品中，有20批次为假冒药品，其中包括标示为哈尔滨市祺功堂中药饮片有限公司生产的白鲜皮（160815）、竹茹（160506）；安徽孟氏中药饮片有限公司生产的酸枣仁（170108）；辉瑞制药有限公司生产的阿托伐他汀钙片（T23491）等。《公告》显示，吉林省内各级食品药品监督管理部门已对不符合标准规定的药品及相关单位进行了查处。涉及不符合标准规定的药品的相关企业和单位要深入排查原因并进行整改；对经核实为非标示生产企业生产或无明确购进渠道的药品，应追根溯源，彻查问题药品来源；涉嫌犯罪的，及时依法移送公安机关查处。▪ 内容来源：医药地方台整理▪ 作者：Sarah医药地方台yiyaoguanchajia长按扫码关注我们]]></content>
  <author><![CDATA[医药地方台]]></author>
  <time>2018-09-29 17:42:41</time>
  <account><![CDATA[yiyaoguanchajia]]></account>
</data>
