<data>
  <id><![CDATA[50715923]]></id>
  <url><![CDATA[https://mp.weixin.qq.com/s?timestamp=1539596628&src=3&ver=1&signature=Egrj350GoKY8-KUcIJshbxkN69CTX82ZR83B2CYnGY1KwdSAiV8ocDzZbnus6CavAknRQtAylPTJ4qs12bKNszJGW8Qgc5X*pkdaPBGemNmZlkEO*hMNbjCzkWOpwBDRMSvD8reBd5eTE5ip-TSGKO1BXQJbLNbB16OrgQR*krQ=]]></url>
  <title><![CDATA[4批次药品不合格]]></title>
  <content><![CDATA[10月9日，天津市市场和质量监督管理委员会发布2018年第3期药品质量公告，将该委对天津市药品生产、经营、使用环节的药品进行的监督抽验结果予以公布。经抽验发现，4批次药品不符合标准规定，本市市场监管各级执法部门对监督抽验发现的上述不合格药品依法进行了查处。医药地方台yiyaoguanchajia长按扫码关注我们]]></content>
  <author><![CDATA[医药地方台]]></author>
  <time>2018-10-10 17:52:11</time>
  <account><![CDATA[yiyaoguanchajia]]></account>
</data>
