<data>
  <id><![CDATA[50715923]]></id>
  <url><![CDATA[https://mp.weixin.qq.com/s?timestamp=1539596628&src=3&ver=1&signature=Egrj350GoKY8-KUcIJshbxkN69CTX82ZR83B2CYnGY1KwdSAiV8ocDzZbnus6CavAknRQtAylPTJ4qs12bKNs-WSP8pIhlG4f6iCzWWxzJLqCZbQUSzWuSrNR274SpaNEZiDOqINkiVYjqcE1cC9AeXAJrsnSsuqb3MM9UDt4Bs=]]></url>
  <title><![CDATA[2家药企GSP被撤/收]]></title>
  <content><![CDATA[10月10日，陕西省药监局发布公告，收回西安藻露堂药业集团达仁堂药品有限公司、撤销西安藻露堂药业集团国药医药有限公司药品GSP证书。具体来看，西安藻露堂药业集团达仁堂药品有限公司在药品经营过程中，存在严重违反《药品经营质量管理规范》的行为，为加强药品经营安全的风险防控，依据《药品医疗器械飞行检查管理办法》第二十五条和《陕西省食品药品监督管理局收回和发还药品GSP证书管理规定（试行）》，决定收回该药品经营企业的《药品经营质量管理规范认证证书》。西安藻露堂药业集团国药医药有限公司在药品经营过程中，存在严重违反《药品经营质量管理规范》的行为，为加强药品风险防控，保证公众用药安全，依据《药品医疗器械飞行检查管理办法》第二十五条，决定撤销该药品经营企业的《药品经营质量管理规范认证证书》。医药地方台yiyaoguanchajia长按扫码关注我们]]></content>
  <author><![CDATA[医药地方台]]></author>
  <time>2018-10-11 17:55:54</time>
  <account><![CDATA[yiyaoguanchajia]]></account>
</data>
