<data>
  <id><![CDATA[50715923]]></id>
  <url><![CDATA[https://mp.weixin.qq.com/s?timestamp=1539596628&src=3&ver=1&signature=Egrj350GoKY8-KUcIJshbxkN69CTX82ZR83B2CYnGY1KwdSAiV8ocDzZbnus6CavAknRQtAylPTJ4qs12bKNs24aQWruRUq3vtvQpnvN8RivoeEp6dRb5hXtVzQYI2xkK7svGbWhgIzEfVEeoewK6TnrgXXC2rrgC-1SsO-Fr4o=]]></url>
  <title><![CDATA[2家药商被撤GSP]]></title>
  <content><![CDATA[9月26日，安徽池州市药监局发布《关于撤销2家药品零售企业GSP认证证书的通告（2018年 第4号）》。根据《通告》，池州市药监局、东至县药监局在监督检查中发现2家药品零售企业严重违反《药品经营质量管理规范》的规定。池州市药监局依据《中华人民共和国药品管理法》和《药品经营质量管理规范认证管理办法》等法规规定，已依法撤销其《药品经营质量管理规范认证证书》。医药地方台yiyaoguanchajia长按扫码关注我们]]></content>
  <author><![CDATA[医药地方台]]></author>
  <time>2018-09-27 17:55:55</time>
  <account><![CDATA[yiyaoguanchajia]]></account>
</data>
