<data>
  <id><![CDATA[50715923]]></id>
  <url><![CDATA[https://mp.weixin.qq.com/s?timestamp=1539596628&src=3&ver=1&signature=Egrj350GoKY8-KUcIJshbxkN69CTX82ZR83B2CYnGY1KwdSAiV8ocDzZbnus6CavAknRQtAylPTJ4qs12bKNs1Cb1YuwQA1JvJoTZVC8A-xcDzuQU7mYYJQ*5H4RUgqijUjU-j97h-bVdAXEi6V5ejg2Si-hrM1D0t5SrLrsYZ8=]]></url>
  <title><![CDATA[某药房被警告、罚款]]></title>
  <content><![CDATA[近日，吉林省吉林市药监局发布《第二十二批行政处罚案件信息公开（药品）》。吉林市昌邑区诚和议大药房通过互联网交易方式直接向公众销售处方药，被予以警告、罚款等行政处罚。吉林市昌邑区诚和议大药房主要违法事实：对吉林市昌邑区诚和议药店在“药房网”上销售处方药情况进行现场检查，该药房提供了销售给耿文德阿司匹林可待因片一盒的发货单据，同时在营业场所发现另外一张在互联网上销售处方药胰激肽原酶肠溶片一盒的发货票据。行政处罚的种类和依据：当事人的行为违反了《药品流通监督管理办法》第二十一条的规定。依据《药品流通监督管理办法》第四十二条的规定，作出如下处罚：1.警告；2.罚款。行政处罚的履行方式和期限：主动履行 2018年9月20日做出处罚的机关名称和日期：吉林市食品药品监督管理局昌邑分局2018年9月20日医药地方台yiyaoguanchajia长按扫码关注我们]]></content>
  <author><![CDATA[医药地方台]]></author>
  <time>2018-10-08 18:07:05</time>
  <account><![CDATA[yiyaoguanchajia]]></account>
</data>
