<data>
  <id><![CDATA[50715923]]></id>
  <url><![CDATA[https://mp.weixin.qq.com/s?timestamp=1539596628&src=3&ver=1&signature=Egrj350GoKY8-KUcIJshbxkN69CTX82ZR83B2CYnGY1KwdSAiV8ocDzZbnus6CavAknRQtAylPTJ4qs12bKNs7889RQhWaciklGvpkMIk4C5CXbCKDUAr8lUs*Ou3dKU4bQ8beHgnmEeCbwalOL1HrrDXCsvEKEALOweywSb3PA=]]></url>
  <title><![CDATA[2家药企被暂停/取消配送资格]]></title>
  <content><![CDATA[9月29日，浙江省药械采购平台、宁夏药品集中采购网发布通知，暂停浙江修正医药有限公司、取消宁夏闽宁医药有限公司药品配送企业资格。浙江：根据浙江省食品药品监督管理局发布的《关于收回浙江修正医药有限公司<药品经营质量管理规范认证证书>的公告》，以及浙江省药品集中采购工作有关规定，通过核查、公示等程序，经研究，决定即日起暂停浙江修正医药有限公司省药械采购平台药品配送资格。宁夏：根据自治区食品药品监督管理局《关于注销<药品经营许可证>和<GSP证书>的公告》，注销并收回宁夏闽宁医药有限公司《药品经营许可证》（正、副本）和《药品经营质量管理规范认证证书》。经2018年自治区药招领导小组办公室第三次（扩大）工作会议同意，取消宁夏闽宁医药有限公司药品配送企业资格。医药地方台yiyaoguanchajia长按扫码关注我们]]></content>
  <author><![CDATA[医药地方台]]></author>
  <time>2018-09-29 17:42:41</time>
  <account><![CDATA[yiyaoguanchajia]]></account>
</data>
