<data>
  <id><![CDATA[50715923]]></id>
  <url><![CDATA[https://mp.weixin.qq.com/s?timestamp=1539596628&src=3&ver=1&signature=Egrj350GoKY8-KUcIJshbxkN69CTX82ZR83B2CYnGY1KwdSAiV8ocDzZbnus6CavAknRQtAylPTJ4qs12bKNs6iWngzc58-upFAwMtHSJqNX8i4GG7B3TKxUqW7YwcMQN-qGCCrSZANd2lGaIGJuieWqRSrJdctrytajFF6dRI0=]]></url>
  <title><![CDATA[复星、恒瑞、石药等药企最受好评！]]></title>
  <content><![CDATA[10月11日，福布斯中文网发布《2018年世界最佳雇主榜》，上榜的500家企业基于福布斯全球企业2000强榜单，在形象、工作条件和多元化等方面受到好评。榜单显示，数家全球大型企业占据了榜单的前列。其中，谷歌母公司Alphabet已经连续两年登顶世界最佳雇主榜，也是唯一获得完美评分的公司。微软、苹果分别位居二、三名。从细分行业看，据医药地方台统计，此次医药行业上榜的企业有29家，其中中国药企有7家，分别是上海复星医药、江苏恒瑞医药、石药集团、中国生物制药、云南白药集团、国药集团、康美药业。▪ 内容来源：医药地方台整理▪ 作者：Sarah医药地方台yiyaoguanchajia长按扫码关注我们]]></content>
  <author><![CDATA[医药地方台]]></author>
  <time>2018-10-12 18:01:31</time>
  <account><![CDATA[yiyaoguanchajia]]></account>
</data>
