<data>
  <id><![CDATA[50715923]]></id>
  <url><![CDATA[https://mp.weixin.qq.com/s?timestamp=1539596628&src=3&ver=1&signature=Egrj350GoKY8-KUcIJshbxkN69CTX82ZR83B2CYnGY1KwdSAiV8ocDzZbnus6CavAknRQtAylPTJ4qs12bKNszJGW8Qgc5X*pkdaPBGemNnHxhA2Dw6lYpwY5NpueyTi29P9XKhEoeduFSCp2X2oasdiZaOKulwRKCqYqZQ3Gko=]]></url>
  <title><![CDATA[辽宁公布32个药品降价名单]]></title>
  <content><![CDATA[10月10日，辽宁省药品和医用耗材集中采购网发布《关于四川美大康佳乐药业有限公司等26个药品生产企业32个药品降价的通知》。近日，省医疗机构药品和医用耗材集中采购工作领导小组办公室收到四川美大康佳乐药业有限公司等26个药品生产企业32个药品的降价申请，该网要求省政府采购中心做好相应调整工作。医药地方台yiyaoguanchajia长按扫码关注我们]]></content>
  <author><![CDATA[医药地方台]]></author>
  <time>2018-10-10 17:52:11</time>
  <account><![CDATA[yiyaoguanchajia]]></account>
</data>
