<data>
  <id><![CDATA[50715923]]></id>
  <url><![CDATA[https://mp.weixin.qq.com/s?timestamp=1539596628&src=3&ver=1&signature=Egrj350GoKY8-KUcIJshbxkN69CTX82ZR83B2CYnGY1KwdSAiV8ocDzZbnus6CavAknRQtAylPTJ4qs12bKNsx8IgFzovkNAn0xOHVieENtI-tstco8nMhSK2dbjdRJkCmPZ4jKB9-h3VdO13uPsxDMy-64mrI*k2su2zs4ztZw=]]></url>
  <title><![CDATA[11家药企被查处]]></title>
  <content><![CDATA[9月28日，湖北武汉市药监局发布《2018年9月行政处罚信息公开》，公布23起行政处罚案件信息。据医药地方台统计，涉及药企有11家，其中涉及“从无药品经营许可证个人购进药品案”有湖北同济堂药房有限公司银河里药店、湖北同济堂药房有限公司同济堂新华路药店2家；“生产/销售劣药案”有湖北康欣医药有限公司、武汉大和医药有限公司等8家；“未按照规定实施《药品生产质量管理规范》案”有武汉五景药业有限公司1家。目前相关部门已对上述企业进行警告、没收违法所得、罚款等行政处罚。▪ 内容来源：医药地方台整理▪ 作者：Sarah医药地方台yiyaoguanchajia长按扫码关注我们]]></content>
  <author><![CDATA[医药地方台]]></author>
  <time>2018-09-28 17:52:20</time>
  <account><![CDATA[yiyaoguanchajia]]></account>
</data>
