<data>
  <id><![CDATA[50715923]]></id>
  <url><![CDATA[https://mp.weixin.qq.com/s?timestamp=1539596628&src=3&ver=1&signature=Egrj350GoKY8-KUcIJshbxkN69CTX82ZR83B2CYnGY1KwdSAiV8ocDzZbnus6CavAknRQtAylPTJ4qs12bKNs-WSP8pIhlG4f6iCzWWxzJIWRC3ct*kRfESpWVMJwpsRhrFM*TM6rqDYPW0KyXNLB7476RKSNeIyfhppMx3nAJU=]]></url>
  <title><![CDATA[16批次药品被曝不合格]]></title>
  <content><![CDATA[10月11日，陕西省药监局发布药品质量公告，将抽验发现的不符合规定16批次药品予以公告，不符合规定项目主要为性状、检查、鉴别、含量测定、溶剂残留量等。值得注意的是，标示为禹州市凯旋药业有限公司生产的批号为150901的藿香并非生产企业生产。对本次抽验结果不符合规定药品涉及的相关单位，相关市（县、区）食品药品监督管理部门已采取了必要的控制措施，正在依据有关法律法规进行查处。至此，据医药地方台统计，今年陕西省药监局发布的10期药品质量公告中，共查处127批次75种药品不合格，其中有27批次为假冒药品。不合格批次最多的5个品种均为中药（材）：地龙11批次、麸炒苍术10批次、琥珀9批次、盐杜仲6批次、苍术5批次。▪ 内容来源：医药地方台整理（yiyaoguanchajia）▪ 作者：Sarah医药地方台yiyaoguanchajia长按扫码关注我们点击阅读原文，进入“首营电子资料交换平台”]]></content>
  <author><![CDATA[医药地方台]]></author>
  <time>2018-10-11 17:55:54</time>
  <account><![CDATA[yiyaoguanchajia]]></account>
</data>
