<data>
  <id><![CDATA[50715923]]></id>
  <url><![CDATA[https://mp.weixin.qq.com/s?timestamp=1539596628&src=3&ver=1&signature=Egrj350GoKY8-KUcIJshbxkN69CTX82ZR83B2CYnGY1KwdSAiV8ocDzZbnus6CavAknRQtAylPTJ4qs12bKNs-WSP8pIhlG4f6iCzWWxzJLrQnyIH9H0mi4wXikO15qaQ9aj4QHcnLyan2eBhhcT520HRjjcJYDAT6DEMMMxfek=]]></url>
  <title><![CDATA[独家品种/OTC品种/临床品种，多个产品火热招商等您来！]]></title>
  <content><![CDATA[河南中杰药业有限公司，河南医药行业第一批通过国家药品GMP认证的生产企业和支柱产业，拥有八条中西药现代化GMP标准生产线，产品涵盖了六大剂型，十大类别，百余个国家药品批准文号，具有年产片剂30亿片、胶囊10亿粒、颗粒2亿袋、口服液1亿支、糖浆500万瓶、丸剂500吨、中药提取1000吨的生产能力。经过二十多年来的市场磨砺，中杰药业以“健全稳定的客户服务体系，合理的产品结构，科学的销售政策、极具竞争力的产品价位，稳定而优质的产品质量，以及独特新颖精美的外包装设计”，赢得了国内众多客户和患者的信赖，逐步聚集了较为稳固的客户群和销售渠道，在市场上形成了独具一格的的产品、企业品牌。现在，中杰药业招商部秉承以市场为导向，用特色、拳头产品面向全国招商。招商部拥有拳头产品：齿痛消炎灵颗粒（有糖型、无糖型）；临床抗癌药：消癌平系列（片剂、口服液）；知名降压药：妙林®吲达帕胺片；牙痛类、抗癌类、降压类、感冒类、小儿类等多类别产品。厂家面向全国直接招商系统的价格管控和渠道管理诚邀各级终端合作伙伴，协作、共赢！雅风宁®齿痛消炎灵颗粒☆含糖型为全国独有剂型，无糖型国内只有两家生产☆真正的资源稀缺类产品，适合长线操作☆中药保护品种，中药超临界萃取技术☆国药准字号产品，新版GMP认证标准车间生产☆适合各种原因引起的牙痛治疗☆见效迅速，10-30分钟疗效显著☆纯中药制剂，镇痛、抗炎、健胃、降火四效合一妙林®吲达帕胺片☆每天一小片，平稳一整天☆国家基本药物目录品种☆高血压病的一线用药☆医保品种☆低价位、高品质、高利润得劲®消癌平系列☆100%纯天然抗癌中药  采自边陲无污染源☆新一代纯中药广谱抗肿瘤药物☆天然植物药 医保目录产品☆有效治疗食道癌、胃癌、肺癌、肝癌。对恶性淋巴瘤、大肠癌、宫颈癌、白血病等恶性肿瘤☆辅助功效：消炎、平喘，治疗慢性支气管炎、支气管哮喘效果好亚宁®人工牛黄甲硝唑胶囊☆双管齐下治牙痛，效果佳☆产品品质高，利润空间大☆用于急性智齿冠周炎、局部牙槽脓肿、牙髓炎、根尖周炎等小儿止咳糖浆☆儿童用药，市场空间大☆口服剂型，服用方便☆用于小儿感冒引起的咳嗽，疗效佳财富共赢热线：0373-3050921   15036632327在线QQ：876953620联系人：何晓蕾点击原文阅读，查看河南中杰更多优质品种]]></content>
  <author><![CDATA[医药地方台]]></author>
  <time>2018-10-11 17:55:54</time>
  <account><![CDATA[yiyaoguanchajia]]></account>
</data>
