<data>
  <id><![CDATA[50398692]]></id>
  <url><![CDATA[https://mp.weixin.qq.com/s?timestamp=1539596296&src=3&ver=1&signature=Egrj350GoKY8-KUcIJshb5ilRLrPvBwoiG-lEFYIEMIaoG4TPQDSBohkiW5GJeMRX9mbMsM4Nix9FcLKDsfH*-nkv3yDUXapS1lmgJkgET16XvCAZdRG57lGTtGLbGHWFbsDeM8cHjfnCm0CZqyPF5eHspuPJybevMQrqeq4lXI=]]></url>
  <title><![CDATA[还记得刘晓庆逃税案吗?她出狱后跌到谷底,在横店跑龙套]]></title>
  <content><![CDATA[.]]></content>
  <author><![CDATA[热事爆料视频]]></author>
  <time>2018-10-05 18:57:51</time>
  <account><![CDATA[quanqiu_xinwen]]></account>
</data>
