<data>
  <id><![CDATA[50398692]]></id>
  <url><![CDATA[https://mp.weixin.qq.com/s?timestamp=1539596296&src=3&ver=1&signature=Egrj350GoKY8-KUcIJshb5ilRLrPvBwoiG-lEFYIEMIaoG4TPQDSBohkiW5GJeMRX9mbMsM4Nix9FcLKDsfH*9ZBeGRYuomsO4a3PZTnpkPjgU47-VZ9y4jmGXAEYKl2eCi7mJK5tU07hTQQTl1AEG4uU0pPkCMuVsLThGQN13Y=]]></url>
  <title><![CDATA[崔永元父亲身份曝光：难怪小崔这么牛，网友：虎父无犬子！]]></title>
  <content><![CDATA[.]]></content>
  <author><![CDATA[热事爆料视频]]></author>
  <time>2018-10-13 12:14:46</time>
  <account><![CDATA[quanqiu_xinwen]]></account>
</data>
