<data>
  <id><![CDATA[50398692]]></id>
  <url><![CDATA[https://mp.weixin.qq.com/s?timestamp=1539596296&src=3&ver=1&signature=Egrj350GoKY8-KUcIJshb5ilRLrPvBwoiG-lEFYIEMIaoG4TPQDSBohkiW5GJeMRX9mbMsM4Nix9FcLKDsfH*79B*GC3*bXzGlXwXr0bKyeSX*UkYnbUSqjsvwBtoQg4XKAoCOPyvsbVv4ON-EbERNpv2dcvSDbSa8dk6LAE4iQ=]]></url>
  <title><![CDATA[头年儿就指这个视频活着了]]></title>
  <content><![CDATA[.]]></content>
  <author><![CDATA[热事爆料视频]]></author>
  <time>2018-10-11 19:07:41</time>
  <account><![CDATA[quanqiu_xinwen]]></account>
</data>
