<data>
  <id><![CDATA[50398692]]></id>
  <url><![CDATA[https://mp.weixin.qq.com/s?timestamp=1539596296&src=3&ver=1&signature=Egrj350GoKY8-KUcIJshb5ilRLrPvBwoiG-lEFYIEMIaoG4TPQDSBohkiW5GJeMRX9mbMsM4Nix9FcLKDsfH*9gDn0fZXg2oDjnxy5iO3g*KvXW8qY5KCs0Ped0a9cn-tQm*wZ7ht78IA2LCFL*1JUcTWBMG-HJTfF8dkhQUA*Q=]]></url>
  <title><![CDATA[这几天，这段10秒钟诡异视频在朋友圈传疯了...]]></title>
  <content><![CDATA[近日朋友圈疯传一段这样的视频一名女子拿手机自拍，无意中拍到诡异的一幕仔细一看，你会发现...emmm，看到了吗？再看一次，还是一脸蒙蔽？好吧，给个截图，你们再仔细看看]]></content>
  <author><![CDATA[热事爆料视频]]></author>
  <time>2018-10-07 16:36:12</time>
  <account><![CDATA[quanqiu_xinwen]]></account>
</data>
