<data>
  <id><![CDATA[50398692]]></id>
  <url><![CDATA[https://mp.weixin.qq.com/s?timestamp=1539596296&src=3&ver=1&signature=Egrj350GoKY8-KUcIJshb5ilRLrPvBwoiG-lEFYIEMIaoG4TPQDSBohkiW5GJeMRX9mbMsM4Nix9FcLKDsfH*9ZikPR*1uZC9mcMb01i8ZxqmV3FVJx3Oc*jES2zEK2dfjLS6KkvswfOXM2622pf8pth6MDaofMOc36isq1mIag=]]></url>
  <title><![CDATA[氢气球车内爆炸，伊兰特被崩成大事故！]]></title>
  <content><![CDATA[.]]></content>
  <author><![CDATA[热事爆料视频]]></author>
  <time>2018-10-10 20:42:01</time>
  <account><![CDATA[quanqiu_xinwen]]></account>
</data>
