<data>
  <id><![CDATA[50398692]]></id>
  <url><![CDATA[https://mp.weixin.qq.com/s?timestamp=1539596296&src=3&ver=1&signature=Egrj350GoKY8-KUcIJshb5ilRLrPvBwoiG-lEFYIEMIaoG4TPQDSBohkiW5GJeMRX9mbMsM4Nix9FcLKDsfH*2vfT6hQERW*YwH4dzu7xhM5S17xEfutCc9g*Ou0-LdUQFZovpGR1fejlw8PMQxp8hdIgXPF4Fg*K8BoDA6skpU=]]></url>
  <title><![CDATA[互相投毒？让人不寒而栗！]]></title>
  <content><![CDATA[.]]></content>
  <author><![CDATA[热事爆料视频]]></author>
  <time>2018-10-09 16:47:57</time>
  <account><![CDATA[quanqiu_xinwen]]></account>
</data>
