<data>
  <id><![CDATA[50398692]]></id>
  <url><![CDATA[https://mp.weixin.qq.com/s?timestamp=1539596296&src=3&ver=1&signature=Egrj350GoKY8-KUcIJshb5ilRLrPvBwoiG-lEFYIEMIaoG4TPQDSBohkiW5GJeMRX9mbMsM4Nix9FcLKDsfH*--8*Seb0FgmK6v3h4x78Qszp*efnKiHwp4*lOMQ7bYmkA6aqcQVPw1gR41I15G1fDkKyL9twE-ktQM6IDE-4pg=]]></url>
  <title><![CDATA[爱吃鱼的朋友，都赶紧看看！]]></title>
  <content><![CDATA[.]]></content>
  <author><![CDATA[热事爆料视频]]></author>
  <time>2018-10-08 15:56:41</time>
  <account><![CDATA[quanqiu_xinwen]]></account>
</data>
