<data>
  <id><![CDATA[50398692]]></id>
  <url><![CDATA[https://mp.weixin.qq.com/s?timestamp=1539596296&src=3&ver=1&signature=Egrj350GoKY8-KUcIJshb5ilRLrPvBwoiG-lEFYIEMIaoG4TPQDSBohkiW5GJeMRX9mbMsM4Nix9FcLKDsfH*--8*Seb0FgmK6v3h4x78QvfUA3ZqmEUKsk4IhlhNlTZDE*5xEmwkh8tG18crvCyQB29upee4UfZ58RAvk68ehM=]]></url>
  <title><![CDATA[馒头洗衣粉拌一拌,奇迹出现了]]></title>
  <content><![CDATA[.]]></content>
  <author><![CDATA[热事爆料视频]]></author>
  <time>2018-10-08 15:56:41</time>
  <account><![CDATA[quanqiu_xinwen]]></account>
</data>
