<data>
  <id><![CDATA[50398692]]></id>
  <url><![CDATA[https://mp.weixin.qq.com/s?timestamp=1539596296&src=3&ver=1&signature=Egrj350GoKY8-KUcIJshb5ilRLrPvBwoiG-lEFYIEMIaoG4TPQDSBohkiW5GJeMRX9mbMsM4Nix9FcLKDsfH*-nkv3yDUXapS1lmgJkgET2xDajFkiIQl*jJr-Kmdu*vQ07GOJzTNC-whCxVC4rP3l3i4VkN2N-SHV7ExCrLVqg=]]></url>
  <title><![CDATA[50岁男子高铁上抱8岁女孩坐大腿!发现时,裤子拉链开着]]></title>
  <content><![CDATA[.]]></content>
  <author><![CDATA[热事爆料视频]]></author>
  <time>2018-10-05 18:57:51</time>
  <account><![CDATA[quanqiu_xinwen]]></account>
</data>
