<data>
  <id><![CDATA[50398692]]></id>
  <url><![CDATA[https://mp.weixin.qq.com/s?timestamp=1539596296&src=3&ver=1&signature=Egrj350GoKY8-KUcIJshb5ilRLrPvBwoiG-lEFYIEMIaoG4TPQDSBohkiW5GJeMRX9mbMsM4Nix9FcLKDsfH*-nkv3yDUXapS1lmgJkgET267xYIvYfDQFi5d-98MvDYnEbm30fwNQmIOvei5ZvyhvGMIlQ005hG6-43HX6H-74=]]></url>
  <title><![CDATA[全是细菌,你还天天泡东西喝吗?]]></title>
  <content><![CDATA[.]]></content>
  <author><![CDATA[热事爆料视频]]></author>
  <time>2018-10-05 18:57:51</time>
  <account><![CDATA[quanqiu_xinwen]]></account>
</data>
