<data>
  <id><![CDATA[50398692]]></id>
  <url><![CDATA[https://mp.weixin.qq.com/s?timestamp=1539596296&src=3&ver=1&signature=Egrj350GoKY8-KUcIJshb5ilRLrPvBwoiG-lEFYIEMIaoG4TPQDSBohkiW5GJeMRX9mbMsM4Nix9FcLKDsfH*--8*Seb0FgmK6v3h4x78QuseXWQr9*mEeukeo4qOOO2aoT9rTNwHDvs2XFmKVE97Kd6bSmVQ3vZdPr8cEip6Hc=]]></url>
  <title><![CDATA[网红“水泥妹”真实面目被曝光，坐驾兰博基尼月入几十万！]]></title>
  <content><![CDATA[.]]></content>
  <author><![CDATA[热事爆料视频]]></author>
  <time>2018-10-08 15:56:41</time>
  <account><![CDATA[quanqiu_xinwen]]></account>
</data>
