<data>
  <id><![CDATA[50398692]]></id>
  <url><![CDATA[https://mp.weixin.qq.com/s?timestamp=1539596296&src=3&ver=1&signature=Egrj350GoKY8-KUcIJshb5ilRLrPvBwoiG-lEFYIEMIaoG4TPQDSBohkiW5GJeMRX9mbMsM4Nix9FcLKDsfH*5-iMqxNMSanvsiGs3zMTILfLdqr2EeUOD41RH8ew25CmpIfoumCgMzVfRYapqn5f3E3vwwmoupHgrWcyoMjzKM=]]></url>
  <title><![CDATA[网约车上不愉快的一幕]]></title>
  <content><![CDATA[.]]></content>
  <author><![CDATA[热事爆料视频]]></author>
  <time>2018-10-14 17:08:53</time>
  <account><![CDATA[quanqiu_xinwen]]></account>
</data>
