<data>
  <id><![CDATA[50398692]]></id>
  <url><![CDATA[https://mp.weixin.qq.com/s?timestamp=1539596296&src=3&ver=1&signature=Egrj350GoKY8-KUcIJshb5ilRLrPvBwoiG-lEFYIEMIaoG4TPQDSBohkiW5GJeMRX9mbMsM4Nix9FcLKDsfH*9gDn0fZXg2oDjnxy5iO3g*X-o-JRHc9oRfW5BacS8kmc*UJ5BtCUwrLPIMcAOCbt-38p1N5uWnBF1dMBE6ehIA=]]></url>
  <title><![CDATA[FJ酷路泽正在补胎，仇家开皮卡猛撞，FJ只剩三轮逃跑！]]></title>
  <content><![CDATA[.]]></content>
  <author><![CDATA[热事爆料视频]]></author>
  <time>2018-10-07 16:36:12</time>
  <account><![CDATA[quanqiu_xinwen]]></account>
</data>
