<data>
  <id><![CDATA[50398692]]></id>
  <url><![CDATA[https://mp.weixin.qq.com/s?timestamp=1539596296&src=3&ver=1&signature=Egrj350GoKY8-KUcIJshb5ilRLrPvBwoiG-lEFYIEMIaoG4TPQDSBohkiW5GJeMRX9mbMsM4Nix9FcLKDsfH**fgv1G873rBaS*hd0w4tOEqfoU2ZLHmdUrGjlKrkzswUnDvnK2ys*FUWZSOl0Pwpz19GlU1Gh5cg6-80ffRFK0=]]></url>
  <title><![CDATA[滴滴男与下班夜店女越聊越投机]]></title>
  <content><![CDATA[.]]></content>
  <author><![CDATA[热事爆料视频]]></author>
  <time>2018-10-06 17:45:37</time>
  <account><![CDATA[quanqiu_xinwen]]></account>
</data>
