<data>
  <id><![CDATA[50398692]]></id>
  <url><![CDATA[https://mp.weixin.qq.com/s?timestamp=1539596296&src=3&ver=1&signature=Egrj350GoKY8-KUcIJshb5ilRLrPvBwoiG-lEFYIEMIaoG4TPQDSBohkiW5GJeMRX9mbMsM4Nix9FcLKDsfH*9ZBeGRYuomsO4a3PZTnpkNf5M7ZDjnr7cta6bTmWn10-mM0-jBGbYv-nmBbMOfCMN6ZtFFfddkvKqtvzpTmmTM=]]></url>
  <title><![CDATA[刚刚，崔永元回应了！他处境究竟有多危险？看完你就知道了]]></title>
  <content><![CDATA[来源 l 环球网、小崔说道、新浪微博版权归原作者所有，如有侵权请先及时联系10月7日上午，微博账号“@小崔读书汇”发布《一声长叹一声雷》文章。文章提到，“上海公安局经侦大队对所有我参与的公司彻底侦察，对我以前的助理不断询查，彻夜询查。我知道原因在于（大轰炸）。参与这次大欺诈的既有演艺界大腕也有上海经侦的警察。曾经当着我的面，他们喝两万一瓶的酒，抽一千一条的烟，几十万的现金用个书包就提走。”今天，上海警方回应。最新！崔永元回应上海警方：去查原长宁经侦副支队长彭奋这下是指名道姓提供线索了一句“你们把我的原助手、与我合作的公司、与我合作公司合作过的公司都查个底儿掉”，再来一句“有两个警察冒充过税务人员，它们有我电话”，诠释了崔永远在自己写的一篇文章《一声长叹一生雷》里提到的一句话“就这样，我的危险来自四面八方。崔永元，你怎么会把一手好牌打成这样？”看得出来，崔永元现在是孤独而失望的，也是焦虑而彷徨的。崔永元因为阴阳合同得罪了很多人其本人表述 : 今年五月崔永元当时爆料阴阳合同以来，屡次受到生命安全的威胁，多次报警收效甚微。甚至家人的隐私和安全也受到威胁。崔永元曾经在微博中说，他已经收到了十多次死亡威胁，10度报警！有人把威胁信从他家的门缝插了进去。大家可以想象，崔永元的处境有多么危险？但他依然无所畏惧，他说：“敢于站出来与这样强大的，一个利益集团对抗的人，必先掂量过自己，知道自己是干净的。”“就这样，我的危险来自四面八方。”他说过“我要是把那良心丢了，我的病好了也无用。”转发！]]></content>
  <author><![CDATA[热事爆料视频]]></author>
  <time>2018-10-13 12:14:46</time>
  <account><![CDATA[quanqiu_xinwen]]></account>
</data>
