<data>
  <id><![CDATA[50398692]]></id>
  <url><![CDATA[https://mp.weixin.qq.com/s?timestamp=1539596296&src=3&ver=1&signature=Egrj350GoKY8-KUcIJshb5ilRLrPvBwoiG-lEFYIEMIaoG4TPQDSBohkiW5GJeMRX9mbMsM4Nix9FcLKDsfH*5-iMqxNMSanvsiGs3zMTIJLOcIaAjFiyQXzPicd5PktAkaJr*41pX5ThPLDA3AyO3kmRBaBSwex4HYWb7r4pBE=]]></url>
  <title><![CDATA[小伙地铁上给抱孩子的女子让座被媳妇和岳父打的满脸是血]]></title>
  <content><![CDATA[.]]></content>
  <author><![CDATA[热事爆料视频]]></author>
  <time>2018-10-14 17:08:53</time>
  <account><![CDATA[quanqiu_xinwen]]></account>
</data>
