<data>
  <id><![CDATA[50398692]]></id>
  <url><![CDATA[https://mp.weixin.qq.com/s?timestamp=1539596296&src=3&ver=1&signature=Egrj350GoKY8-KUcIJshb5ilRLrPvBwoiG-lEFYIEMIaoG4TPQDSBohkiW5GJeMRX9mbMsM4Nix9FcLKDsfH**fgv1G873rBaS*hd0w4tOEOpAbndAAiQ*Qe9xcRp*3ILa6b80fZLXrIpU*Ar*gnmvdz3M-Tv9BWYoX7uMexzD4=]]></url>
  <title><![CDATA[高速两车追尾，6人下车查看，接下来一幕太惨了]]></title>
  <content><![CDATA[.]]></content>
  <author><![CDATA[热事爆料视频]]></author>
  <time>2018-10-06 17:45:37</time>
  <account><![CDATA[quanqiu_xinwen]]></account>
</data>
