<data>
  <id><![CDATA[50398692]]></id>
  <url><![CDATA[https://mp.weixin.qq.com/s?timestamp=1539596296&src=3&ver=1&signature=Egrj350GoKY8-KUcIJshb5ilRLrPvBwoiG-lEFYIEMIaoG4TPQDSBohkiW5GJeMRX9mbMsM4Nix9FcLKDsfH*79B*GC3*bXzGlXwXr0bKyedyjJCD2RXIuhEVFhwEYIFYiIqzuF*Ly1f4xfHjeD6G-pwMEyyfv6poVTldu-fhH8=]]></url>
  <title><![CDATA[17岁女孩被判无期，入狱13年后结果竟然！]]></title>
  <content><![CDATA[.]]></content>
  <author><![CDATA[热事爆料视频]]></author>
  <time>2018-10-11 19:07:41</time>
  <account><![CDATA[quanqiu_xinwen]]></account>
</data>
