<data>
  <id><![CDATA[50398692]]></id>
  <url><![CDATA[https://mp.weixin.qq.com/s?timestamp=1539596296&src=3&ver=1&signature=Egrj350GoKY8-KUcIJshb5ilRLrPvBwoiG-lEFYIEMIaoG4TPQDSBohkiW5GJeMRX9mbMsM4Nix9FcLKDsfH*2vfT6hQERW*YwH4dzu7xhNi57ckf9harLkGmSA6dW*yWbpHBNCSl85CaTT3PpOlL4d9W1jH9qU8kPiXf*I29Rc=]]></url>
  <title><![CDATA[该不该帮儿子买房?母亲公开信火了]]></title>
  <content><![CDATA[.]]></content>
  <author><![CDATA[热事爆料视频]]></author>
  <time>2018-10-09 16:47:57</time>
  <account><![CDATA[quanqiu_xinwen]]></account>
</data>
