<data>
  <id><![CDATA[50398692]]></id>
  <url><![CDATA[https://mp.weixin.qq.com/s?timestamp=1539596296&src=3&ver=1&signature=Egrj350GoKY8-KUcIJshb5ilRLrPvBwoiG-lEFYIEMIaoG4TPQDSBohkiW5GJeMRX9mbMsM4Nix9FcLKDsfH*87bt95BOFzPBtXgEH4FZAdB1XywowEYndQtfV5OnQ*M2-kOn4YYcjtgKh10Qv6vP462x566gmuXFlANp2NLS*s=]]></url>
  <title><![CDATA[又出了个牛人！他一上台没人不服的！]]></title>
  <content><![CDATA[.]]></content>
  <author><![CDATA[热事爆料视频]]></author>
  <time>2018-10-12 20:08:22</time>
  <account><![CDATA[quanqiu_xinwen]]></account>
</data>
