<data>
  <id><![CDATA[50398692]]></id>
  <url><![CDATA[https://mp.weixin.qq.com/s?timestamp=1539596296&src=3&ver=1&signature=Egrj350GoKY8-KUcIJshb5ilRLrPvBwoiG-lEFYIEMIaoG4TPQDSBohkiW5GJeMRX9mbMsM4Nix9FcLKDsfH*79B*GC3*bXzGlXwXr0bKyeO6QM0APKnbXr7wJfy2cMMZ7*qIqfvwCN0Ybm51DZpY5IY01vtIw*lcOgvO4q3rr0=]]></url>
  <title><![CDATA[崔永元举报民警涉嫌违法违纪沪警方：高度重视]]></title>
  <content><![CDATA[.]]></content>
  <author><![CDATA[热事爆料视频]]></author>
  <time>2018-10-11 19:07:41</time>
  <account><![CDATA[quanqiu_xinwen]]></account>
</data>
