<data>
  <id><![CDATA[50398692]]></id>
  <url><![CDATA[https://mp.weixin.qq.com/s?timestamp=1539596296&src=3&ver=1&signature=Egrj350GoKY8-KUcIJshb5ilRLrPvBwoiG-lEFYIEMIaoG4TPQDSBohkiW5GJeMRX9mbMsM4Nix9FcLKDsfH*5-iMqxNMSanvsiGs3zMTIL*P9bgElWnu4Pr1nGKkS9Bx4amu3d*C8cqeYb1xuYdKcBEcHnrahWgLioYWmEoGxw=]]></url>
  <title><![CDATA[崔永元父亲身份曝光：难怪小崔这么牛，网友：虎父无犬子！]]></title>
  <content><![CDATA[.]]></content>
  <author><![CDATA[热事爆料视频]]></author>
  <time>2018-10-14 17:08:53</time>
  <account><![CDATA[quanqiu_xinwen]]></account>
</data>
