<data>
  <id><![CDATA[50398692]]></id>
  <url><![CDATA[https://mp.weixin.qq.com/s?timestamp=1539596296&src=3&ver=1&signature=Egrj350GoKY8-KUcIJshb5ilRLrPvBwoiG-lEFYIEMIaoG4TPQDSBohkiW5GJeMRX9mbMsM4Nix9FcLKDsfH*79B*GC3*bXzGlXwXr0bKycVtwHd0ZlV2OVtndJAxlndy84k94p6fjZQYYnIhp6n2J85vqeA9hIjmE9ObrgM-YA=]]></url>
  <title><![CDATA[崔永元向范冰冰“道歉”了？这才叫真牛B啊！]]></title>
  <content><![CDATA[.]]></content>
  <author><![CDATA[热事爆料视频]]></author>
  <time>2018-10-11 19:07:41</time>
  <account><![CDATA[quanqiu_xinwen]]></account>
</data>
