<data>
  <id><![CDATA[50398692]]></id>
  <url><![CDATA[https://mp.weixin.qq.com/s?timestamp=1539596296&src=3&ver=1&signature=Egrj350GoKY8-KUcIJshb5ilRLrPvBwoiG-lEFYIEMIaoG4TPQDSBohkiW5GJeMRX9mbMsM4Nix9FcLKDsfH*2vfT6hQERW*YwH4dzu7xhOCDqExEhVIHkeENKPQnvc7t7FT72pHbC0iRhUpeS03zC2a5PfsADgt6UUzZduH1rY=]]></url>
  <title><![CDATA[快看！冰下潜泳就是作死]]></title>
  <content><![CDATA[.]]></content>
  <author><![CDATA[热事爆料视频]]></author>
  <time>2018-10-09 16:47:57</time>
  <account><![CDATA[quanqiu_xinwen]]></account>
</data>
