<data>
  <id><![CDATA[50398692]]></id>
  <url><![CDATA[https://mp.weixin.qq.com/s?timestamp=1539596296&src=3&ver=1&signature=Egrj350GoKY8-KUcIJshb5ilRLrPvBwoiG-lEFYIEMIaoG4TPQDSBohkiW5GJeMRX9mbMsM4Nix9FcLKDsfH*--8*Seb0FgmK6v3h4x78QspZmLwgkxOdaVwn*-N9j6U8KmGf5sc4OI9NlsaR-cQDIwz-rCBP3UlzWALEvg9wsc=]]></url>
  <title><![CDATA[他当孩子面偷钱还分赃，妻子竟笑开花]]></title>
  <content><![CDATA[.]]></content>
  <author><![CDATA[热事爆料视频]]></author>
  <time>2018-10-08 15:56:41</time>
  <account><![CDATA[quanqiu_xinwen]]></account>
</data>
