<data>
  <id><![CDATA[50398692]]></id>
  <url><![CDATA[https://mp.weixin.qq.com/s?timestamp=1539596296&src=3&ver=1&signature=Egrj350GoKY8-KUcIJshb5ilRLrPvBwoiG-lEFYIEMIaoG4TPQDSBohkiW5GJeMRX9mbMsM4Nix9FcLKDsfH*87bt95BOFzPBtXgEH4FZAcHPNJgJLS3kv6vItHaHkR8-8yvr2qR3T-S0JU0CN7Pn1ZyHd6Z-9ou1-GaEV3UB2c=]]></url>
  <title><![CDATA[反杀案：男子遭刺夺刀反杀赔40万获刑6年]]></title>
  <content><![CDATA[.]]></content>
  <author><![CDATA[热事爆料视频]]></author>
  <time>2018-10-12 20:08:22</time>
  <account><![CDATA[quanqiu_xinwen]]></account>
</data>
