<data>
  <id><![CDATA[50398692]]></id>
  <url><![CDATA[https://mp.weixin.qq.com/s?timestamp=1539596296&src=3&ver=1&signature=Egrj350GoKY8-KUcIJshb5ilRLrPvBwoiG-lEFYIEMIaoG4TPQDSBohkiW5GJeMRX9mbMsM4Nix9FcLKDsfH*-nkv3yDUXapS1lmgJkgET0xsMV2tVny-MBv4KDqcB49QVh7RJUhexL94ELekywNVkvdiunl8Y1xHm3a6BCDQDI=]]></url>
  <title><![CDATA[这两天尽结婚的！唯独这场婚礼，看不下去了！]]></title>
  <content><![CDATA[.]]></content>
  <author><![CDATA[热事爆料视频]]></author>
  <time>2018-10-05 18:57:51</time>
  <account><![CDATA[quanqiu_xinwen]]></account>
</data>
