<data>
  <id><![CDATA[50398692]]></id>
  <url><![CDATA[https://mp.weixin.qq.com/s?timestamp=1539596296&src=3&ver=1&signature=Egrj350GoKY8-KUcIJshb5ilRLrPvBwoiG-lEFYIEMIaoG4TPQDSBohkiW5GJeMRX9mbMsM4Nix9FcLKDsfH*79B*GC3*bXzGlXwXr0bKyfrTgC9GMhssfObJ9PhCnqQ4xrmBqrQhwhiKOHAElhhc7fmLfrEttIIdanrakB4xa8=]]></url>
  <title><![CDATA[姑娘奔现后被拉黑找社会人帮忙！事后大哥反搭200]]></title>
  <content><![CDATA[.]]></content>
  <author><![CDATA[热事爆料视频]]></author>
  <time>2018-10-11 19:07:41</time>
  <account><![CDATA[quanqiu_xinwen]]></account>
</data>
