<data>
  <id><![CDATA[50398692]]></id>
  <url><![CDATA[https://mp.weixin.qq.com/s?timestamp=1539596296&src=3&ver=1&signature=Egrj350GoKY8-KUcIJshb5ilRLrPvBwoiG-lEFYIEMIaoG4TPQDSBohkiW5GJeMRX9mbMsM4Nix9FcLKDsfH*9ZikPR*1uZC9mcMb01i8ZwVpXQbWKzCERR1fIjHM8ogQK3UsXmNWv3T7GhEhBc-EQD-xBwcxwJFblWrgGO-goc=]]></url>
  <title><![CDATA[男子当街抢手机,被路过警察击毙]]></title>
  <content><![CDATA[.]]></content>
  <author><![CDATA[热事爆料视频]]></author>
  <time>2018-10-10 20:42:01</time>
  <account><![CDATA[quanqiu_xinwen]]></account>
</data>
