<data>
  <id><![CDATA[50398692]]></id>
  <url><![CDATA[https://mp.weixin.qq.com/s?timestamp=1539596296&src=3&ver=1&signature=Egrj350GoKY8-KUcIJshb5ilRLrPvBwoiG-lEFYIEMIaoG4TPQDSBohkiW5GJeMRX9mbMsM4Nix9FcLKDsfH*5-iMqxNMSanvsiGs3zMTII4jVv0wDH*xxgHJmdk1yj9-SzTFHE8iuXz79PYqb93cYfQoXGwkANDk8cwwgQsJ70=]]></url>
  <title><![CDATA[中国小伙做雇佣兵，为四百万美金在伊拉克搏命！]]></title>
  <content><![CDATA[.]]></content>
  <author><![CDATA[热事爆料视频]]></author>
  <time>2018-10-14 17:08:53</time>
  <account><![CDATA[quanqiu_xinwen]]></account>
</data>
