<data>
  <id><![CDATA[50398692]]></id>
  <url><![CDATA[https://mp.weixin.qq.com/s?timestamp=1539596296&src=3&ver=1&signature=Egrj350GoKY8-KUcIJshb5ilRLrPvBwoiG-lEFYIEMIaoG4TPQDSBohkiW5GJeMRX9mbMsM4Nix9FcLKDsfH*87bt95BOFzPBtXgEH4FZAeaF1Ul97*4ctKQuA0NSiEg7EQUk4oMAUcfWi2-H3m-8U*8*IUutEiylRcNtWqdppM=]]></url>
  <title><![CDATA[或因拥挤骂东北人，东北公交车上一外地男子遭群殴]]></title>
  <content><![CDATA[.]]></content>
  <author><![CDATA[热事爆料视频]]></author>
  <time>2018-10-12 20:08:22</time>
  <account><![CDATA[quanqiu_xinwen]]></account>
</data>
