<data>
  <id><![CDATA[50398692]]></id>
  <url><![CDATA[https://mp.weixin.qq.com/s?timestamp=1539596296&src=3&ver=1&signature=Egrj350GoKY8-KUcIJshb5ilRLrPvBwoiG-lEFYIEMIaoG4TPQDSBohkiW5GJeMRX9mbMsM4Nix9FcLKDsfH*9ZikPR*1uZC9mcMb01i8ZwgM72x-kBJxjfXh3802GeJAgb5Fi2fudlx5WTCNTVxH4PPJPgv9gPnRAk1Eq3zvz4=]]></url>
  <title><![CDATA[用了这么多年微信才知道，扫一扫还藏着这3个功能，太好用了]]></title>
  <content><![CDATA[.]]></content>
  <author><![CDATA[热事爆料视频]]></author>
  <time>2018-10-10 20:42:01</time>
  <account><![CDATA[quanqiu_xinwen]]></account>
</data>
