<data>
  <id><![CDATA[50398692]]></id>
  <url><![CDATA[https://mp.weixin.qq.com/s?timestamp=1539596296&src=3&ver=1&signature=Egrj350GoKY8-KUcIJshb5ilRLrPvBwoiG-lEFYIEMIaoG4TPQDSBohkiW5GJeMRX9mbMsM4Nix9FcLKDsfH*87bt95BOFzPBtXgEH4FZAc--aMPD0djhETK0j*6jJTbvuJr5knSI8lE8NKFTX1nQTX3GL50fGKJ*n*aThkDPNg=]]></url>
  <title><![CDATA[采访东北战斗老英雄，曾击落美军战斗机！]]></title>
  <content><![CDATA[.]]></content>
  <author><![CDATA[热事爆料视频]]></author>
  <time>2018-10-12 20:08:22</time>
  <account><![CDATA[quanqiu_xinwen]]></account>
</data>
