<data>
  <id><![CDATA[50398692]]></id>
  <url><![CDATA[https://mp.weixin.qq.com/s?timestamp=1539596296&src=3&ver=1&signature=Egrj350GoKY8-KUcIJshb5ilRLrPvBwoiG-lEFYIEMIaoG4TPQDSBohkiW5GJeMRX9mbMsM4Nix9FcLKDsfH*9ZBeGRYuomsO4a3PZTnpkM8C3i4dJqHwaQ8dGJ4LyJmUxQAT09*2ETGdCw3rV6JHgxY37txYo5a4VsRCXgHacs=]]></url>
  <title><![CDATA[有人500万买崔永元手脚？崔永元：希望我不被坏人弄死]]></title>
  <content><![CDATA[来源 l 检察日报、新浪微博版权归原作者所有，如有侵权请先及时联系崔永元在其社交平台上爆料说：昨天，又一次接到恶狠狠的死亡通知。这不是儿戏，说明对手丧心病狂了。威胁崔永元的是一名叫天线哥哥v的人。他说：有人出500万买崔永元手脚。他还说已经为崔永元选好了墓地，遗照也选好了。并威胁崔永元最好别出门，不然见不到明天的太阳。不管以上真假，崔永元几乎在凭一己之力对抗一个利益集团，这个利益集团到底有多大？背景有多深？都有哪些势力？很难知道。谁来保护他？《检察日报》发声。先为《检察日报》点赞！注意！这是我国最高人民检察院主管主办的报纸。也是第一个为崔永元人身安全发声的官媒！文章说：公安机关、人民检察院或者人民法院应当保障报案人、控告人、举报人及其近亲属的安全。文章说：如果举报人向公安机关反映后，公安机关没有及时进行处理，由此导致举报人因没有得到及时保护而受到不法侵害，则应当追查公安机关是否可能存在玩忽职守等渎职行为，并依法进行追责。崔永元回应官媒终于为崔永元发声！国家散打队队长愿意保护他。我们能做什么？一位网友说：一位为公众利益奔走呼吁的人，不应该受到不公或危险。当我们没有胆量向他那样振臂一挥，不顾一切时，至少我们可以为他摇旗呐喊。为众人抱薪者，不可使其冻毙于风雪。为自由开路者，不可使其困顿于荆棘。崔永元的举报是否属实？公众需要真相转发]]></content>
  <author><![CDATA[热事爆料视频]]></author>
  <time>2018-10-13 12:14:46</time>
  <account><![CDATA[quanqiu_xinwen]]></account>
</data>
