<data>
  <id><![CDATA[50398692]]></id>
  <url><![CDATA[https://mp.weixin.qq.com/s?timestamp=1539596296&src=3&ver=1&signature=Egrj350GoKY8-KUcIJshb5ilRLrPvBwoiG-lEFYIEMIaoG4TPQDSBohkiW5GJeMRX9mbMsM4Nix9FcLKDsfH**fgv1G873rBaS*hd0w4tOFZM9xVjFCCRJbauWkf1lSPGPssNldzouf6TFf3PtN3jgNjPYU4e*7BDpSJkxgZle8=]]></url>
  <title><![CDATA[20分钟孩子眼珠被溶化？这东西很多家庭都有，家长要警惕！]]></title>
  <content><![CDATA[.]]></content>
  <author><![CDATA[热事爆料视频]]></author>
  <time>2018-10-06 17:45:37</time>
  <account><![CDATA[quanqiu_xinwen]]></account>
</data>
