<data>
  <id><![CDATA[50398692]]></id>
  <url><![CDATA[https://mp.weixin.qq.com/s?timestamp=1539596296&src=3&ver=1&signature=Egrj350GoKY8-KUcIJshb5ilRLrPvBwoiG-lEFYIEMIaoG4TPQDSBohkiW5GJeMRX9mbMsM4Nix9FcLKDsfH*9gDn0fZXg2oDjnxy5iO3g**mee8R4lFTGezimMjkaFKXhjS-maOznOPKG5l-YRBZosJd1AF08Coir9UiSkVa1w=]]></url>
  <title><![CDATA[三姐妹怀孕,孩子父亲竟是一人]]></title>
  <content><![CDATA[.]]></content>
  <author><![CDATA[热事爆料视频]]></author>
  <time>2018-10-07 16:36:12</time>
  <account><![CDATA[quanqiu_xinwen]]></account>
</data>
