<data>
  <id><![CDATA[125680268]]></id>
  <url><![CDATA[http://mp.weixin.qq.com/s?src=11&timestamp=1538410511&ver=1156&signature=iWAD61K8joHKYjqDE1hEWlaepDjUy0fC1hurrslUJ40E8*izXjOZEgYx0HXLoR5Qj36EyC4OQLlvhDnfZFjboYQ3cZViKh2R6rLvrzgaputsTStBvuyWs5uJeocnlIgi&new=1]]></url>
  <title><![CDATA[读书，有用吗？]]></title>
  <content><![CDATA[“焦阳初中数学”所有课程终生免费，旨在公益。内容丰富，有小学、初中、高中视频课程，包你学会数学。转发也是在做公益，赶快关注转发，让更多的孩子受益吧。读书，可以当饭吃吗？可以。01今天多学一点知识，明天就少一句求人的话。知乎上有这样一个问题：“女孩子上那么久的学、读那么多的书，最终不还是要回到一座平凡的城市，打一份平常的工，嫁作人妇，洗衣煮饭，相夫教子，何苦折腾？”有一个点赞很高的答案：“我们坚持读书是为了，就算最终跌入繁琐，洗尽铅华，面对同样的工作，却有不一样的心境，面对同样的家庭，却有不一样的情调，面对同样的后代，却有不一样的素养。”李嘉诚说：“读书虽然不能给我带来更多财富，但它可以给我们带来更多机会。”02有一段父子之间的经典对话，告诉了我们努力读书和不读书的大不同。儿子刚上学不久就问父亲：“人为什么要读书？”父亲说：一颗小树长1年的话，只能用来做篱笆，或当柴烧；而10年的树，可以做檩条；20年的树用处就大了，可以做粱，可以做柱子，可以做家具。一个小孩子如果不上学，他7岁就可以放羊，长大了能放一大群羊，但他除了放羊，基本干不了别的。如果小学毕业，在农村，他可以用一些新技术种地，在城市可以到建筑工地打工，做保安，也可以当个小商小贩，小学的知识够用了；如果初中毕业，他就可以学习一些机械的操作了；如果高中毕业，他就可以学习很多机械的修理了；如果大学毕业，他就可以设计高楼大厦，铁路桥梁了；如果他硕士博士毕业，他就可能发明创造出一些我们原来没有的东西。儿子说：“知道了。”爸爸又问：“放羊、种地、当保安，好不好？”儿子说：“不好，丢人。”爸爸说：“儿子，不丢人。他们不偷不抢，干活赚钱，养活自己的孩子和父母，一点也不丢人。不是说不上学或上学少就没用，就像一年的小树一样，有用但用处不如大树多。不读书或读书少也有用，但对社会的贡献少，他们赚的钱就少。读书多，花的钱也多，用的时间也多，但是贡献大，自己赚的钱也多。”03马云在《不吃苦，你要青春干嘛》这篇演讲中这样说：“当你不去旅行，不去冒险，不去拼一份奖学金，不过没试过的生活。整天玩微信，刷着微博，逛着淘宝，玩着网游，干着我80岁都能做的事，你要青春干嘛？恰如同学少年，在最能学习的时候你选择恋爱，在最能吃苦的时候你选择安逸，自是年少，却韶华倾负，再无少年之时。”不抱怨家境，寒门也能出贵子。每一个人的人生都是不尽相同的，有些人出生就含着金钥匙，有些人出生连爸妈都没有，但人生跟人生是没有可比性的，我们的人生是怎么样，完全决定于我们自己的感受。我们大部分人都不是出生豪门的，我们都要靠自己，所以你要相信：命运如果给了你一个比别人低的起点。是想告诉你，让你用你的一生去奋斗出一个绝地反击的故事。来源：趣味学习好方法]]></content>
  <author><![CDATA[焦阳初中数学]]></author>
  <time>1537348172000</time>
  <account><![CDATA[gh_b6a328952ad5]]></account>
</data>
