<data>
  <id><![CDATA[51538827]]></id>
  <url><![CDATA[https://mp.weixin.qq.com/s?timestamp=1539596384&src=3&ver=1&signature=Egrj350GoKY8-KUcIJshb3ep4k-GaT5yInU689GRaYej7W6ozGzD7ZwcVvNBpcUdJnDq1Dtjn-SqKV3wfiDWnN*YP7*CLTp*VGamK--IUpVcNmhiu7TB6z7QohQ9sOJHT8H3vXvrcXDQnr8EbKMMhx9COsDeSjfTeHlU3LMdYh4=]]></url>
  <title><![CDATA[河北命案！女子伙同情夫杀死丈夫后肢解、碎尸，手段真残忍！]]></title>
  <content><![CDATA[2018年10月4日16时24分，保定市徐水区公安局指挥中心接到群众报警称：在安肃镇前所营村北河堤发现疑似被埋的尸体。接警后，值班局领导立即带领局值班人员及南张丰派出所、遂城刑警队、技术中队民警出警处置。经初步勘察认定，被埋物为人体的一部分，应系一起杀人碎尸案件。案情就是命令，徐水区公安局立即抽调精干警力成立专案组，并在市局刑侦支队指导下，迅速展开现场勘查工作。经过勘查，当场挖出被肢解尸体数袋，初步确定死者系男性，但身份不详。专案组人员连夜全力侦查，成功锁定了一男一女两名犯罪嫌疑人，最后确定了二人的落脚点。10月5日上午，专案组成功抓获犯罪嫌疑人张某（女，33岁，徐水区人，现住安肃镇某公寓）、徐某（男，37岁，徐水区人，现住某村）。经讯问，犯罪嫌疑人张某交代了因家庭琐事与丈夫崔某多次发生纠纷，直至大打出手。为此，张某找到同事徐某，多次密谋将崔某杀死，并准备作案工具等待时机。2018年10月1日凌晨，趁崔某酒后在家中熟睡之机，张某、徐某将崔某杀死后碎尸，并于10月3日下午将碎尸运至前所营村北河堤掩埋的犯罪事实。同时，犯罪嫌疑人徐某亦对犯罪事实供认不讳。目前，犯罪嫌疑人张某、徐某因涉嫌故意杀人罪被保定市徐水区公安局依法刑事拘留，此案正在进一步侦办中。据平安徐水]]></content>
  <author><![CDATA[衡水那些事儿]]></author>
  <time>2018-10-11 19:16:56</time>
  <account><![CDATA[heng_shui]]></account>
</data>
