<data>
  <id><![CDATA[51538827]]></id>
  <url><![CDATA[https://mp.weixin.qq.com/s?timestamp=1539596384&src=3&ver=1&signature=Egrj350GoKY8-KUcIJshb3ep4k-GaT5yInU689GRaYej7W6ozGzD7ZwcVvNBpcUdJnDq1Dtjn-SqKV3wfiDWnAHSPtzLncarAJCXxgS6bUgyFx9TKBrlJAKvaaKWL7PXJIbgtibVws3rMwFdTV56SOE3UsRM2686sutjh9bRE6k=]]></url>
  <title><![CDATA[明天起，衡水这个收费站停止收费！衡水7人酒后竟敢跟警察对着干！]]></title>
  <content><![CDATA[明天起，衡水这个收费站停止收费！10月5日下午，从衡水市交通运输局了解到，国道106冀州收费站将于2018年10月6日零时起正式停止收费，冀州区境内将再无普通路桥收费站。据悉，10月6日开始，该收费站的各相关设施将按照规定陆续进行拆除，并完成路面修复工作，期间不实施交通管制，请过往车辆谨慎通行，注意出行安全！故城建国镇七人妨害公务9月19日下午，故城县公安局建国镇派出所公安民警在接处警过程中，遭遇七名当事人酒后暴力阻碍民警依法执行职务，目前，五名嫌疑人以涉嫌妨害公务罪已被故城警方依法刑事拘留，其余两名违法行为人被依法行政拘留十日。视频为：王某超、侯某明已刑事拘留故城县公安交警大队根据建国镇派出所民警在工作发现暴力阻碍民警依法执行职务的当事人中，王某超、侯某明还存在饮酒后驾驶机动车的线索。交警大队民警立即赶赴现场，多方调查取证，并抽取当事人王某超、侯某明的血样备检。9月25日，经衡水市公安局物证鉴定中心对其二人的血样进行酒精浓度检测，王某超检测结果为137.24mg/100ml、侯某明检测结果为134.71mg/100ml,均已构成醉酒后驾驶机动车的违法行为，涉嫌危险驾驶罪，9月25日，故城县公安局因涉嫌危险驾驶罪对王某超、侯某明刑事立案侦查。图为：王某超图为：侯某亮二人的酒后冲动行为将面临追究涉嫌妨害公务罪+涉嫌危险驾驶罪，刑事拘留的同时，也将处以吊销驾驶证、五年内不得重新取得驾驶证的行政处罚。后悔晚矣！酒后开车属于严重交通违法行为，任何原因都不能成为饮酒驾驶的理由，提醒广大驾驶人，切莫心存侥幸，以身试法。据直播衡水、故城交警微发布]]></content>
  <author><![CDATA[衡水那些事儿]]></author>
  <time>2018-10-05 19:10:52</time>
  <account><![CDATA[heng_shui]]></account>
</data>
