<data>
  <id><![CDATA[51538827]]></id>
  <url><![CDATA[https://mp.weixin.qq.com/s?timestamp=1539596384&src=3&ver=1&signature=Egrj350GoKY8-KUcIJshb3ep4k-GaT5yInU689GRaYej7W6ozGzD7ZwcVvNBpcUdJnDq1Dtjn-SqKV3wfiDWnF1odYvtO9VJTD4P76pkgZdE0nLRUYzYgwhXVsJmGcyBhdkbJxCpcN*0bVH5sbJUbWjehDZZpmQwUNP-RpGBn5o=]]></url>
  <title><![CDATA[衡水市区棚户改造，200多万/亩有你家吗？下月起，这些车禁止在市区里跑！]]></title>
  <content><![CDATA[衡公土告字[2018]43号2018-桃（棚改）12号出让公告根据衡水市桃城区土地管理委员会（2018）3号会议纪要，受国土资源局委托，衡水市公共资源交易中心以拍卖方式出让一宗国有建设用地使用权，现将有关事项公告如下：一、出让地块基本情况：二、中华人民共和国境内外的自然人、法人和其他组织，除法律、法规另有规定外，均可申请参加竞买，申请人可以单独申请，也可以联合申请。上述地块周围基础设施和外部条件均以现状为准。受让者必须按照衡水市城乡规划局出具的规划条件和出让合同约定的条件进行开发建设。三、起始单价及总价：该地块起始单价为254.77万元/亩，起始总额11393.3144万元。该宗地是棚户区（城中村）改造项目。该宗地设有出让底价。四、本次拍卖出让的详细资料和具体要求，见拍卖出让文件。申请人可在衡水市公共资源交易信息平台（http://hsggzy.hengshui.gov.cn）获取拍卖出让文件。报名方式为网上申请，按拍卖须知要求向我中心指定的邮箱提交报名所需全部资料（包括竞买保证金交纳凭证）扫描制成电子文档发送到我中心指定邮箱（hsggzyjy@163.com）。五、本次国有建设用地使用权拍卖出让采用增价拍卖方式，按照价高者得原则确定竞得人。六、申请报名时间为2018年10月11日至2018年10月31日，交纳竞买保证金的截止时间为2018年10月31日16：00（以银行显示的到账时间为准），具备申请条件的，我中心将在2018年11月1日16:00统一确认竞买资格。七、本次国有建设用地使用权拍卖活动在衡水市市民中心第七开标室，拍卖时间：2018年11月6号15:00。八、联系方式与银行账号竞买保证金开户名称：衡水市公共资源交易中心竞买保证金开户行地址：中国银行衡水车站支行竞买保证金银行账号：101668232324联系地址：衡水市市民中心（南环西路128号）联系人：曹女士 赵先生 李先生联系电话：0318-6991051监督举报电话：0318-6991065关于禁止国Ⅰ、国Ⅱ排放标准的机动车进入市区的通告为贯彻落实《中共河北省委、河北省人民政府关于强力推进大气污染治理的意见》精神，切实加大大气环境治理力度，确保全市大气环境质量持续好转，按照《中共衡水市委、衡水市人民政府关于强力推进大气污染综合治理的意见》关于加强机动车排污监控监管要求，决定自2018年11月1日起，禁止国Ⅰ、国Ⅱ排放标准的机动车进入市主城区外环线（含）以内。（外环线起始点自胜利东路京九地道桥—胜利东路—京衡大街——南外环—西外环—北外环—至胜利东路交汇处）公安交警将在驶入市区的主要路口设置限行标志，对违反禁令规定的车辆采取现场查处与电子抓拍相结合的管控方式依法处理。衡水市公安局2018年10月12日据衡水交警微发布、衡水市公共资源交易信息平台]]></content>
  <author><![CDATA[衡水那些事儿]]></author>
  <time>2018-10-12 19:33:32</time>
  <account><![CDATA[heng_shui]]></account>
</data>
