<data>
  <id><![CDATA[51538827]]></id>
  <url><![CDATA[https://mp.weixin.qq.com/s?timestamp=1539596384&src=3&ver=1&signature=Egrj350GoKY8-KUcIJshb3ep4k-GaT5yInU689GRaYej7W6ozGzD7ZwcVvNBpcUdJnDq1Dtjn-SqKV3wfiDWnAHSPtzLncarAJCXxgS6bUjpNU*GBcM0*7FOziWxp2Oygl0WDfS8i*ZVbtR5HSBTqMoI5SRvfJosMeN8ecgkMsk=]]></url>
  <title><![CDATA[夫妻公交霸座殴打骨折女孩，全车人自愿站出来作证！]]></title>
  <content><![CDATA[每周三上凤巢App抢红包，快下载吧！10月4日，@枣庄网警巡查执法就此事通报了最新的进展。据北京日报]]></content>
  <author><![CDATA[衡水那些事儿]]></author>
  <time>2018-10-05 19:10:52</time>
  <account><![CDATA[heng_shui]]></account>
</data>
