<data>
  <id><![CDATA[51538827]]></id>
  <url><![CDATA[https://mp.weixin.qq.com/s?timestamp=1539596384&src=3&ver=1&signature=Egrj350GoKY8-KUcIJshb3ep4k-GaT5yInU689GRaYej7W6ozGzD7ZwcVvNBpcUdJnDq1Dtjn-SqKV3wfiDWnN*YP7*CLTp*VGamK--IUpXLP40O7zoR1tsGVoCBJViJkmXA2p9AByjTIiLK0ab137yNi609JSXtieh0vUdkXSk=]]></url>
  <title><![CDATA[丢人！衡水小伙参加婚礼被抓，原来是偷了新郎官的"宝贝"！]]></title>
  <content><![CDATA[近日，蜀黍破获一起盗窃案，新郎的手机在婚礼前夜被盗，经蜀黍多番查找，才发现，小偷竟然是新郎的高中同学。可真是防狼防盗却防不住兄弟啊！10月4日17时30分，封某到护驾迟派出所报警，称其手机在前天被盗。经了解，封某于3日举办婚礼，婚礼前一天晚上，发现自己放在桌子上的手机不翼而飞，因亲友较多，以为是他人拿错，怎奈婚礼举办完毕，四处询问，还是找不到手机。虽是国庆期间，但群众利益无小事，护驾迟派出所闻警而动，立案侦查。民警对当天到封某家参加婚礼的亲友进行了走访调查，得知封某丢失手机当晚，其同学田某某一直坐在放手机的桌旁，民警确定田某某存在盗窃手机的最大嫌疑。随后，民警果断出击，将田某某抓获。经讯问，田某某交代其于2日晚在封某家看到其一直放在桌子上的手机，便起了贪念，趁人多眼杂，便将手机揣进了自己兜里。目前，田某某因涉嫌盗窃罪已被依法刑事拘留，此案正在进一步侦办中。据深州市公安局]]></content>
  <author><![CDATA[衡水那些事儿]]></author>
  <time>2018-10-11 19:16:56</time>
  <account><![CDATA[heng_shui]]></account>
</data>
