<data>
  <id><![CDATA[51538827]]></id>
  <url><![CDATA[https://mp.weixin.qq.com/s?timestamp=1539596384&src=3&ver=1&signature=Egrj350GoKY8-KUcIJshb3ep4k-GaT5yInU689GRaYej7W6ozGzD7ZwcVvNBpcUdJnDq1Dtjn-SqKV3wfiDWnN*YP7*CLTp*VGamK--IUpX24B5e9lGe2oZK0PIOgpMxydk78V4T9vVsI75T1tCr0xgiOC2IW03CQgGCTued9P0=]]></url>
  <title><![CDATA[衡水这个地儿闹大了！霸屏央视11分钟！都说了点儿啥？]]></title>
  <content><![CDATA[每周三上凤巢App抢红包，快下载吧！]]></content>
  <author><![CDATA[衡水那些事儿]]></author>
  <time>2018-10-11 19:16:56</time>
  <account><![CDATA[heng_shui]]></account>
</data>
