<data>
  <id><![CDATA[51538827]]></id>
  <url><![CDATA[https://mp.weixin.qq.com/s?timestamp=1539596384&src=3&ver=1&signature=Egrj350GoKY8-KUcIJshb3ep4k-GaT5yInU689GRaYej7W6ozGzD7ZwcVvNBpcUdJnDq1Dtjn-SqKV3wfiDWnAHSPtzLncarAJCXxgS6bUh8PlF00o6vyJzmJ*jNEclFo3hyXK1SwVEiouatNioNv83eSVXLlCLpt*FBoOC2KU0=]]></url>
  <title><![CDATA[衡水路北这块要拆迁啦！快看是你家吗？]]></title>
  <content><![CDATA[据衡水政府网]]></content>
  <author><![CDATA[衡水那些事儿]]></author>
  <time>2018-10-05 19:10:52</time>
  <account><![CDATA[heng_shui]]></account>
</data>
