<data>
  <id><![CDATA[51538827]]></id>
  <url><![CDATA[https://mp.weixin.qq.com/s?timestamp=1539596384&src=3&ver=1&signature=Egrj350GoKY8-KUcIJshb3ep4k-GaT5yInU689GRaYej7W6ozGzD7ZwcVvNBpcUdJnDq1Dtjn-SqKV3wfiDWnFAUGod6etv9dx0u7LzVesrcRhvDgZfhdeBBCnwXSWheUlE6BCMnZqQF3X78BFGjKab0f3LNllpC8LM8t9K1OzE=]]></url>
  <title><![CDATA[儿媳在生孩子，公婆刁难，老公气哭，儿媳死在手术台！]]></title>
  <content><![CDATA[每周三上凤巢App抢红包，快下载吧！]]></content>
  <author><![CDATA[衡水那些事儿]]></author>
  <time>2018-10-14 19:29:47</time>
  <account><![CDATA[heng_shui]]></account>
</data>
