<data>
  <id><![CDATA[51538827]]></id>
  <url><![CDATA[https://mp.weixin.qq.com/s?timestamp=1539596384&src=3&ver=1&signature=Egrj350GoKY8-KUcIJshb3ep4k-GaT5yInU689GRaYej7W6ozGzD7ZwcVvNBpcUdJnDq1Dtjn-SqKV3wfiDWnJDzcoZhWWN-tZjWEYGXIRn3wsJ-pyj-yd99QYD3kxJmSoScUuFYhPWobJqemFdjoxVdhtuYtobEvx0SSoJfa14=]]></url>
  <title><![CDATA[衡水3车连撞追尾，满地碎片，车头变形！]]></title>
  <content><![CDATA[10月6日下午，深州顺兴大街新诚信路段发生一起电车、汽车三车相撞、追尾事故。据深州资讯直播]]></content>
  <author><![CDATA[衡水那些事儿]]></author>
  <time>2018-10-07 19:13:04</time>
  <account><![CDATA[heng_shui]]></account>
</data>
