<data>
  <id><![CDATA[51538827]]></id>
  <url><![CDATA[https://mp.weixin.qq.com/s?timestamp=1539596384&src=3&ver=1&signature=Egrj350GoKY8-KUcIJshb3ep4k-GaT5yInU689GRaYej7W6ozGzD7ZwcVvNBpcUdJnDq1Dtjn-SqKV3wfiDWnCR21zV8-L0t-QIe7-CLJelIXFpTKLKU-ICIeFu1A8hcqFz-0KQjpQ3ehAkANW-VTXBKc7q3u-kMfRfR7v1Ajt8=]]></url>
  <title><![CDATA[事大了！衡水这个骑摩托的男人一张嘴就让警察给拿下了，只因...]]></title>
  <content><![CDATA[为有效遏制重特大道路交通事故，营造良好的道路交通安全环境，冀州大队于10月8日查获一辆无证、酒后驾驶、使用其他车辆号牌的严重违法行为。当天12时许，冀州大队市区中队在金鸡大街与长安路口巡逻检查时，一辆摩托车晃晃悠悠自南向北驶来，民警根据多年工作经验怀疑驾驶人有饮酒驾驶的嫌疑，立即上前示意其靠边停车接受检查，民警对其进行呼吸式酒精检测，酒精检测值为25.7mg/100ml，属于酒后驾驶。经警务通查询，该驾驶人名叫郭某，冀州南榆林人，并未取得驾驶证驾驶第三类机动车，当查询现悬挂的车牌号冀TC***6时，信息显示该车牌对应的车型“隆鑫100”二轮摩托车已注销，与所被查的摩托车“轻骑125”车型信息不符，该摩托车涉嫌使用其他机动车号牌。民警依照《中华人民共和国道路交通安全法》相关规定将郭某摩托车暂扣，并给予罚款3500元的严厉处罚。无证、酒驾、假车牌集一身，拿自己的生命开玩笑，胆大包天，视他人生命安全于不顾。机动车不注册登记，逃避检查、心怀叵测。法网恢恢疏而不漏，终被查！请珍爱生命！对自己负责！对家人负责！对其他交通参与者负责！据冀州交警微发布]]></content>
  <author><![CDATA[衡水那些事儿]]></author>
  <time>2018-10-13 19:10:09</time>
  <account><![CDATA[heng_shui]]></account>
</data>
