<data>
  <id><![CDATA[51538827]]></id>
  <url><![CDATA[https://mp.weixin.qq.com/s?timestamp=1539596384&src=3&ver=1&signature=Egrj350GoKY8-KUcIJshb3ep4k-GaT5yInU689GRaYej7W6ozGzD7ZwcVvNBpcUdJnDq1Dtjn-SqKV3wfiDWnBBycqZTzyVxJSXqL0gLaNPwePofK1M8O5c1bTYizc5ebgkWV0Z6GR7cGq-lWXmTTcPFq7qtEkUc3YrfoIEGL*4=]]></url>
  <title><![CDATA[惨！衡水男子卷入收割机，只有1条腿露在外面！道路施工，绕行看这里！]]></title>
  <content><![CDATA[衡水1男子被卷进收割机中！10月6日，深州市大屯镇祁刘村一台玉米收割机正在作业，不幸将一名捡拾玉米棒的男子卷入正在作业的玉米收割机。惊慌失措的村民立刻报警求助，同时拨打了急救电话。深州消防大队紧急出警前往现场进行救援。当时情况危急，伤者面部表情痛苦，在检查完事故现场情况后，消防官兵立即制定救援方案，利用液压扩张器和液压剪同时作业进行救援。附近村民闻讯赶来，也参与到救援当中利用气割拆除相关部件。经过已经紧张有序的拆除工作，终于将伤者从收割机内救出。同时，等候在一旁的急救人员迅速对伤者进行包扎和检查，并紧急送医治疗。经检查伤者左腿和左胳膊骨折，目前仍在接受治疗。这次救援过程中，消防官兵、急救医护人员、附近热心村民，沉着冷静、团结协作为伤者最大限度的争取了最佳就医治疗时间，为他们鼓掌！同时也期盼伤者平安无事，早日康复！衡水这条路段施工，请注意绕行！自2018年10月8日至2018年11月15日衡水市G106与衡德路交叉口以北至衡德铁路桥路段半幅施工，因该路段车流量较大，建议经过此路段的车辆选择绕行其它路线，避免造成拥堵。由北向南行驶车辆绕行路线：路线1：自武邑绕行S040——滏通立交桥——市区东北外环——衡德公路——G106路线2：自G106衡德高速路口绕行大广高速——G106由南向北行驶车辆绕行路线：大广高速公路枣强口或肖张口绕行大广高速——G106据衡水交警一大队、深州资讯直播]]></content>
  <author><![CDATA[衡水那些事儿]]></author>
  <time>2018-10-08 19:21:51</time>
  <account><![CDATA[heng_shui]]></account>
</data>
