<data>
  <id><![CDATA[51538827]]></id>
  <url><![CDATA[https://mp.weixin.qq.com/s?timestamp=1539596384&src=3&ver=1&signature=Egrj350GoKY8-KUcIJshb3ep4k-GaT5yInU689GRaYej7W6ozGzD7ZwcVvNBpcUdJnDq1Dtjn-SqKV3wfiDWnCR21zV8-L0t-QIe7-CLJelXlZgs3A1hPJs8eWq5-zlosAq*kmIasiat7N12kiU2Lz2Vb1Lj53DJ8wwjmkYjzhA=]]></url>
  <title><![CDATA[衡水某村新民居成豆腐渣，墙面用手一抠就掉！暖气不通，愁坏业主！]]></title>
  <content><![CDATA[衡水孙口村新民居后续跟踪每周三上凤巢App抢红包，快下载吧！武邑名门凤凰城小区交了房供不上暖！每周三上凤巢App抢红包，快下载吧！据今日资讯]]></content>
  <author><![CDATA[衡水那些事儿]]></author>
  <time>2018-10-13 19:10:09</time>
  <account><![CDATA[heng_shui]]></account>
</data>
