<data>
  <id><![CDATA[51538827]]></id>
  <url><![CDATA[https://mp.weixin.qq.com/s?timestamp=1539596384&src=3&ver=1&signature=Egrj350GoKY8-KUcIJshb3ep4k-GaT5yInU689GRaYej7W6ozGzD7ZwcVvNBpcUdJnDq1Dtjn-SqKV3wfiDWnEzjYTDvh98Vy1XEd15zgk0rsIxCuLf7j1TJ*tYOYyvQOpHC5a6lvslwcRLbAQlloFCylqa3hEbwTRGVULadw94=]]></url>
  <title><![CDATA[衡水房价跌了！9月新房均价出炉，环比下降0.82%！]]></title>
  <content><![CDATA[据统计数据显示，2018年9月衡水新房均价为9525.21元/平米，环比下降0.82%。四降一持平，9月价格下降的是河西区，河东区，路北区，开发区。衡水房价下降，对此你有什么看法？欢迎在下方留言区给衡妹留言，说出你的看法！据衡水房天下]]></content>
  <author><![CDATA[衡水那些事儿]]></author>
  <time>2018-10-09 19:15:02</time>
  <account><![CDATA[heng_shui]]></account>
</data>
