<data>
  <id><![CDATA[51538827]]></id>
  <url><![CDATA[https://mp.weixin.qq.com/s?timestamp=1539596384&src=3&ver=1&signature=Egrj350GoKY8-KUcIJshb3ep4k-GaT5yInU689GRaYej7W6ozGzD7ZwcVvNBpcUdJnDq1Dtjn-SqKV3wfiDWnFAUGod6etv9dx0u7LzVesou8bvliSfyaC*beU8fW4*BAgvMFXmVtYtc6Xt-E8FMdn*gMUFEYy7fSrxWwsbXfjw=]]></url>
  <title><![CDATA[悬赏71万！照片姓名曝光，见到立即报警！]]></title>
  <content><![CDATA[50名涉黑涉恶在逃人员名单]]></content>
  <author><![CDATA[衡水那些事儿]]></author>
  <time>2018-10-14 19:29:47</time>
  <account><![CDATA[heng_shui]]></account>
</data>
