<data>
  <id><![CDATA[51538827]]></id>
  <url><![CDATA[https://mp.weixin.qq.com/s?timestamp=1539596384&src=3&ver=1&signature=Egrj350GoKY8-KUcIJshb3ep4k-GaT5yInU689GRaYej7W6ozGzD7ZwcVvNBpcUdJnDq1Dtjn-SqKV3wfiDWnAHSPtzLncarAJCXxgS6bUhwTaJqP2DwTu9BV833aXKf5jlGqaVFU61lYsSDhNIgGVNqTkfqO6PlS5M1sJFMjnI=]]></url>
  <title><![CDATA[衡水这些地方招人啦！全是好单位，工资待遇好！]]></title>
  <content><![CDATA[衡水第二中学招聘教师一、招聘条件1、身体健康，诚实守信，品行端正，热爱教育事业，责任心强，有奉献精神；2、应、往届均可。本科毕业生毕业院校须为本科一批，研究生毕业生需本科毕业为一批。优秀的二本毕业生也可。3、具有较高的教学基本功，普通话水平达到二级乙等以上。4、学习成绩优秀，曾获得过奖学金者优先；有教学经验者优先。二、拟招聘学科教师及名额语文15人，英语15人，数学15人，生物10人，物理10人，化学10人，政治8人，历史8人，地理8人，体育3人，通用2人，信息2人。三、薪资待遇试用期三个月，试用期满，签订五险一金的聘任合同，待遇参照正式在编教师标准执行，根据工作年限按照规定可以评职，晋级。子女入衡水二中的初、高中免费，免试。学校有单身公寓。四、招聘办法有意应聘者请将个人简历电子版发至邮箱hszzzxjxzx@126.com，邮件名称为(姓名+学科+学历+毕业学校)。学校将审核后电话形式通知试讲、面试时间，请电话保持畅通。五、招聘流程招聘流程分为进行试讲、面试。电子邮箱：hszzzxjxzx126.com咨询电话：1893183101515297655936联系人：韩老师 侯老师详情登录http://www.hsez.net/Article/201909/20190929140238.html河北冀州中学公开招聘教师公告河北冀州中学是中国百强中学，北京大学校长实名制推荐学校。为进一步发挥优质高中教育资源，扩大办学规模，提高办学能力。现就教师招聘公告如下：一、招聘职位：语、数、外、理、化、生、政、史、地、网络技术（编程、摄录编方向）等学科教师数名二、报名条件：（1）热爱教育事业，身体健康，诚实守信，品行端正，敬业爱生；（2）本科以上学历，本科毕业院校须为本科一批以上，硕士毕业生第一学历本一以上优先考虑；（3）具有高中教师资格证；（4）大学期间学习成绩优秀，曾获专业奖学金，具有扎实的教学基本功，普通话水平二级甲等以上；（5）在大学期间，获学校优秀学生干部，党员，学生社团骨干成员优先考虑。（6）综合素质高的可适当放宽条件。三、报名和录用办法：1、有诚意到我校应聘的应届毕业生登录http://www.jzsyz.net/zpls网上报名,并把个人简历发到学校邮箱jzzxzp@sina.cn；2、学校根据报名情况确定面试、试讲时间和地点。面试、试讲时间和地点确定后提前给毕业生发信息，并同时在发布公告的各大学就业信息网站、微信上公布。3、面试、试讲合格者，学校与被录用教师签订就业协议；四、待遇：所录用教师按省市相关规定办理编制，待遇丰厚。五、联系方式：地址：河北冀州中学 （河北省衡水市冀州区振商街86号）邮编：053200咨询电话：0318-8690186 8660186学校官网：http://www.jzzx.com信息填报网址：http://www.jzsyz.net/zpls联系人：王校长详情登录http://hebtu.jiuyeb.cn/index.php/Schoolh/Zhaopin/zuijin/id/120027/xj/1衡水滨湖新区志臻中学招聘2019届大学毕业生公告一、招聘条件1、身体健康，诚实守信，品行端正，热爱教育事业，敬业爱生；2、应届本科毕业生毕业院校须为本科二批及以上学历。3、学习成绩优秀，曾获得过奖学金者优先考虑；学生干部优先考虑，有教师资格证者优先考虑。4、具有较高的教学基本功，普通话水平达到二级乙等以上；5、大学英语获四级以上合格证书优先录用。二、拟招聘学科教师及名额语文30人，数学30人，英语30人，政治10人，地理10人，历史10人，物理10人，化学10人，生物10人，体育4人，音乐4人，美术4人，微机3人，心理1人三、工作待遇1、试用期满，签订劳动合同，按国家规定缴纳五险一金。2、根据学历、工作年限、职称发放基本工资、职称工资；根据工作业绩、教学成绩发放绩效工资。3、班主任费、学科组长费、课时费执行滨湖志臻中学统一标准。4、学校提供教师公寓、班车。5、工资标准、福利均待遇优于衡水同类学校。四、招聘办法有意应聘者请先递交个人简历，并将个人简历电子版发至邮箱hszzsyzx@126.com学校审核后将以电话形式通知试讲、面试时间，请电话保持畅通。五、招聘流程招聘流程分为进行试讲、面试。咨询电话：19933180701/19933180304/13833828308详情登录http://huihua.hebtu.edu.cn/jiuye/index.php?mods=show&id=1829据衡水TV]]></content>
  <author><![CDATA[衡水那些事儿]]></author>
  <time>2018-10-05 19:10:52</time>
  <account><![CDATA[heng_shui]]></account>
</data>
