<data>
  <id><![CDATA[51538827]]></id>
  <url><![CDATA[https://mp.weixin.qq.com/s?timestamp=1539596384&src=3&ver=1&signature=Egrj350GoKY8-KUcIJshb3ep4k-GaT5yInU689GRaYej7W6ozGzD7ZwcVvNBpcUdJnDq1Dtjn-SqKV3wfiDWnBBycqZTzyVxJSXqL0gLaNOkQw6KPwzJIZy*C-RTfBnJjFGkkOo3q-pSI*O0yOXgzwpfuCfapKQTWBqpqvbtxYA=]]></url>
  <title><![CDATA[衡水某男子上门安装纱窗，竟被拘留咋回事？]]></title>
  <content><![CDATA[每周三上凤巢App抢红包，快下载吧！据直播衡水]]></content>
  <author><![CDATA[衡水那些事儿]]></author>
  <time>2018-10-08 19:21:51</time>
  <account><![CDATA[heng_shui]]></account>
</data>
