<data>
  <id><![CDATA[51538827]]></id>
  <url><![CDATA[https://mp.weixin.qq.com/s?timestamp=1539596384&src=3&ver=1&signature=Egrj350GoKY8-KUcIJshb3ep4k-GaT5yInU689GRaYej7W6ozGzD7ZwcVvNBpcUdJnDq1Dtjn-SqKV3wfiDWnCR21zV8-L0t-QIe7-CLJenilirWMT70y2trsziYRIa2k8xGtz6s5b80m8EqKSHRpB3at39KI8VaSbZI6oWt7mc=]]></url>
  <title><![CDATA[衡水15个便民市场位置曝光！以后买菜来这儿！衡水已建成便民市场分布图公布！]]></title>
  <content><![CDATA[衡水已建成便民市场分布图公布！随着我市市容市貌百日攻坚行动不断深入，主城区全面取缔马路市场的靴子开始落地。近日，桃城区开始全面取缔管辖区域所有次干道、小街巷（不含利民东路）马路市场。主要包括问津街、报社街、自强街、康宁街、胜利路、滏东街、桃城街、南门口街、庆丰街、永安路、富强街、裕华路，以及百货大楼附近小街巷等。那么大家去哪里买菜呢？放心，在取缔马路市场的同时，市区多个便民市场新建扩建投入使用。目前桃城区开放市场11个，高新区开放市场2个。庆丰街市场和东明便民市场正在进行商户登记等工作，即将开放。“马路市场”，真的要说再见了！△市场分布图▽△开放市场与内景▽衡水首个“衡图朗读亭”来啦！全市首个“衡图朗读亭”不仅能看能听还能Show，面向全体市民免费开放体验！采用高强度隔音钢化玻璃，专业的录音棚设备，严选HIFI级别的声卡、头戴式耳机和专业麦克风，力求让朗读者在听和朗读的过程都轻松自然，实现了“阅读”、“录制”、“分享”、“收听”四大功能。除了自行准备喜欢的经典文章、纸质图书或诗词创作进行自由朗读，也可以利用线上资源库的丰富内容，集合经典文学作品及热门、热点文章精彩选段，包含绘本、诗歌、散文、漫画、小说等多种形式，以提供不同朗读爱好的朗读者对文学作品的多样选择。小贴士•朗读亭开放时间为周二至周日9：00--17:30，每次使用时间为30分钟。•如果有小朋友想体验，需要在家长的陪伴下使用。•请大家多加爱惜专业录音设备，以便让更多人能够享受朗读的乐趣。地点：中心街南头文化艺术中心C区衡水市图书馆联系电话：0318-2168671综合自衡水城管、衡水图书馆]]></content>
  <author><![CDATA[衡水那些事儿]]></author>
  <time>2018-10-13 19:10:09</time>
  <account><![CDATA[heng_shui]]></account>
</data>
