<data>
  <id><![CDATA[51538827]]></id>
  <url><![CDATA[https://mp.weixin.qq.com/s?timestamp=1539596384&src=3&ver=1&signature=Egrj350GoKY8-KUcIJshb3ep4k-GaT5yInU689GRaYej7W6ozGzD7ZwcVvNBpcUdJnDq1Dtjn-SqKV3wfiDWnF1odYvtO9VJTD4P76pkgZeU6Q4xh4ixpxaNCh8zemkT9eQYCF82uvJchFEUFHM5pJtf4JV*Cw4rAqLoAlJpxrY=]]></url>
  <title><![CDATA[衡水1男子车辆被盗遭敲诈5万元！在衡水看见这种钱马上报警！]]></title>
  <content><![CDATA[故城警方成功打掉一股恶势力！近日，故城警方重拳出击、连续奋战，成功打掉一以“套路贷”实施敲诈勒索的恶势力，一举抓获犯罪嫌疑人5名，破获刑事案件4起。2018年5月20日12时许，故城县公安局接到报警称，5月17日上午8时许，胡某发现其停放在小区楼下的丰田汽车被盗，之后接到一陌生电话，对方以汽车为要挟向胡某索要5万元。接警后，该局立即抽调刑警大队、军屯派出所精干警力成立专案组进行侦办。经前期调查，办案民警发现此案并非一起简单的敲诈勒索案，初步怀疑该案是以“套路贷”实施的违法犯罪，且涉及多起案件。经走访调查、分析研判，办案民警成功锁定犯罪嫌疑人刘某（某车贷公负责人）等2人后，于7月31日将该二人一举抓获归案，并找到被盗汽车。经讯问，该二人交代了另外4名犯罪嫌疑人。办案民警连续奋战，相继该将车贷公司相关经营人李某等3名团伙成员抓获归案。经审讯查明，犯罪嫌疑人刘某、郑某为该犯罪集团主要负责人，以车贷公司为依托，在受害人并没有出现贷款逾期的情况下，伺机将受害人贷款购买的汽车非法扣留，并以此向受害人进行敲诈。自2016年以来，该团伙多次实施敲诈勒索，被害人涉及衡水故城、深州、保定博野等地。目前，刘某等5名犯罪嫌疑人已被依法采取刑事强制措施，犯罪嫌疑人郑某被上网追逃，案件正在进一步办理中。衡水惊现假币，市民发现后请马上报警！日前，阜城县公安局民警成功处置一起购买使用假币案件，及时为群众止损挽损，获得了广泛好评。2018年10月9日，阜城县公安局崔庙派出所接到某村王某报警称：有人在其门市内使用假币。民警迅速到达现场，经询问得知：两名男子驾驶一辆黑色汽车，在超市、五金店等地进行购物，使用的均是二十元的假币。为防止二人再次犯案，民警紧锣密鼓的持续排查发现二人驾驶一辆苏A牌照的汽车作案后往东方向行驶。民警巡线追踪，当天即发现苏A牌轿车并迅速拦截，当场抓获违法人员张某，另一违法人员任某潜逃。当场缴获一部分假币，同时从其驾驶的汽车上发现若干利用假币购买的物品。经询问，张某对其使用假币购买小额商品的犯罪事实供认不讳。目前张某已被依法行政拘留 ，任某已上网追逃，案件正在进一步深挖侦办中...据衡水公安、阜城公安]]></content>
  <author><![CDATA[衡水那些事儿]]></author>
  <time>2018-10-12 19:33:32</time>
  <account><![CDATA[heng_shui]]></account>
</data>
