<data>
  <id><![CDATA[51538827]]></id>
  <url><![CDATA[https://mp.weixin.qq.com/s?timestamp=1539596384&src=3&ver=1&signature=Egrj350GoKY8-KUcIJshb3ep4k-GaT5yInU689GRaYej7W6ozGzD7ZwcVvNBpcUdJnDq1Dtjn-SqKV3wfiDWnEzjYTDvh98Vy1XEd15zgk2yTxTm2UlqnMVg*kkYIn6SR4Bdokpr6LmcvjszeEfvoPfQdIhg71kMUzuBgT3c-FE=]]></url>
  <title><![CDATA[女儿从班级29到第2名，妈妈说：幸亏我当机立断做了这件事！]]></title>
  <content><![CDATA[““妈，我先去收拾行李，你待会儿记得把ipad带上，我还要写作业的。””初二期末考，女儿娜娜考了班级第二回来，我和孩子爸爸都很满意孩子这段时间的进步，于是奖励了她五天四夜的出省中国行。别看现在欢声笑语的，去年的时候，我们家是一片愁云惨淡。为了孩子成绩，我也是操碎了心，我们娘俩之间甚至一度冷战。能有如今的温馨美满，还得感谢一位熟悉的“陌生人”。成绩不好还看小说我对女儿发飙了初二第一学期过去，女儿成绩一如既往地差，班里才36个学生，娜娜考了29名。假期，孩子不用住在学校里了，于是我给她报了一个辅导班，想让她在假期自己努力一把，好在开学初能追上别人的脚步。本以为娜娜会好好把握这个机会努力读书的，可才进这个辅导班3天，娜娜老师就打电话过来，让我把孩子接回去。我不知道孩子出了什么事情，着急忙慌得就跟老板请了假，赶去了女儿辅导班，结果发现，孩子好好地站在旁边，手里还拿着两本花花绿绿的书。娜娜任课老师的教学十分严谨，因此，我才把孩子送到了她开的班里。我一看这情形，肯定是娜娜闯祸了，没等我向女儿发问，那位老师就开口：“李娜妈妈，你看看，你女儿上课不好好听，反而在书本下面垫一本小说，偷着看。你把孩子带回去吧，我是教不好她了，我不希望这种坏风气带坏我班里其他学生。”憋着一肚子火，把孩子送回家，我气得拽过孩子手里的小说书就从8楼窗口扔了出去：“本来成绩就差，还不好好读书，你看的那些小说能教会你什么？妈妈花了钱就是让你去混日子的，去买小说的？我的脸都被你丢光了！”娜娜红着眼睛，一句话都没说，默默地走回了房间，不一会儿阵阵哭泣声就传了出来。虽然我听着也很心疼，但是想想老师说的那番话，再看看娜娜的表现，我决定好好敲打孩子一番，不能再这样随之任之了。冷静过后再给孩子一个机会晚上，孩子爸爸回来听说了这件事，立刻就跑去跟娜娜谈心。回来后，他告诉我：““娜娜跟我说，那位老师上课太死板了，老师讲的东西都是她会的，她想听的老师却不教，所以她觉得这样的课上了也是浪费时间。当然，她看小说这件事本身就是错的，但老师教不好也是一个因素。你也别生气，好好冷静一下，别跟孩子一般见识。”过后三天，女儿竟一句话都不和我说，有什么事情还得由她爸爸来转达。其实，娜娜的性格更像我，都是倔脾气，如果认为自己是对的，那她肯定不会低头认错。渐渐，我开始意识到，或许这件事，我做的有些过分了，伤了孩子的心。冷静想了想，我打算再给孩子一个机会。我们母女之间冷战归冷战，但孩子的学习一定不能放下。于是，我主动去找孩子，“娜娜，既然你不喜欢去那里上课，那我们就换一个好不好，你已经初中了，耽误不起。”娜娜见我主动，态度也软化了：“补课我没意见，但是我想要一位好一点的老师，最起码知道我需要学什么。”得了女儿的同意，我便开始到处找老师，最后在一位朋友的推荐下，报名了海风真人在线1对1的试听课。一个熟悉的“陌生人”让我和孩子之间的隔阂消失了给娜娜上数学试听课的是上海交大毕业的陈老师。第一节课，陈老师并没有一上来就讲题目，反而跟孩子聊了很多关于学习上的问题。课程结束后，陈老师一针见血地指出了娜娜在数学上出现的不足：基础不够扎实，过于追求难度忽略课本教材不会总结，做错的题目也没有去反思问题所在随后，陈老师给娜娜发送了一份学习计划，并告诉孩子，放平心态，从零开始。娜娜的数学基础很不理想，所以：第一阶段的学习中，陈老师主要帮助孩子进行知识点的查漏补缺。一个知识点，一道经典练习题，娜娜只要做出来就可以过了，做不出，系统就会自动收录这道错题。过后每隔一段时间，海风学习系统都会自动推送一些相类似的题目，直至娜娜完全掌握。在这个过程中，陈老师经常提醒娜娜：“基础一定要打扎实，中考基础题才是正本，千万别好高骛远，丢了根本。”在第一阶段，娜娜在陈老师的辅导下，学得很稳，而且从此都没有看见她再碰过什么小说书。假期一过，娜娜进入初二第二学期，陈老师的教学计划也进入了第二阶段——难度提升阶段。这个阶段刚刚起步，娜娜有些措手不及，难度提高过后，一道题往往需要拐好几个弯。而陈老师很耐心，有些题讲一遍，娜娜不明白，就会讲第二遍。我看过孩子上课的录屏，陈老师不会直接给孩子答案，而是慢慢引导她往那个方向思考。陈老师不愧是名校出来的，对孩子的教导和指引都比其它老师来得深刻得多。除此之外，陈老师也经常用她的学习经历来激励娜娜努力读书，还劝导她：“妈妈指责你，是因为她爱你，不舍得让你吃苦。天下的母亲都是一样的，她们总是希望自己孩子好好读书，将来考个好大学，有个高学历，那她孩子以后的日子会更有保障。爱之深，责之切。不是你最亲密的人，他们也不会管你的好坏。”在陈老师的辅导下，孩子成绩提高得特别快。期中数学考了105分，较之寒假前提高了33分。而这次期末考，娜娜数学考了119分，单科年级第一，总成绩年级第九，班级第二。令我最开心的不只是孩子成绩的提高，更是孩子对我们家长态度的改变，让我非常感动。娜娜变得非常懂事，有些她自己可以做的事情，都由她来做，平时周末还会帮我一起打扫卫生，做做家务。就比如这次青岛行，她一手包揽了我们一家三口行李的整理收纳，孩子长大了。娜娜说，等她中考完，她要带着她的重点高中录取通知书去和陈老师这位最熟悉的“陌生人”见面，感谢她的教导和付出。如何找到让家长愿意放心的名校老师怎样才能助孩子在成长路上的一臂之力海风免费试听课 全年级全学科点击文末【阅读原文】，免费领取↓↓↓报名方式一长按扫描二维码即可0元试听如果无法扫描二维码，请通过报名方式二进行报名报名方式二立即点击阅读原文，领取0元试听课！↓↓↓]]></content>
  <author><![CDATA[衡水那些事儿]]></author>
  <time>2018-10-09 19:15:02</time>
  <account><![CDATA[heng_shui]]></account>
</data>
