<data>
  <id><![CDATA[51538827]]></id>
  <url><![CDATA[https://mp.weixin.qq.com/s?timestamp=1539596384&src=3&ver=1&signature=Egrj350GoKY8-KUcIJshb3ep4k-GaT5yInU689GRaYej7W6ozGzD7ZwcVvNBpcUdJnDq1Dtjn-SqKV3wfiDWnFAUGod6etv9dx0u7LzVesoZIHJ4LcppgHN4DccTs3H*h1FI6kCjsIJe8zHAMDDbj-ox-0PE9Nr20Xz4eGh-x3w=]]></url>
  <title><![CDATA[【帮大哥到衡水】大年三十，老婆扔老公自己在家，带孩子跑了，咋回事？]]></title>
  <content><![CDATA[每周三上凤巢App抢红包，快下载吧！]]></content>
  <author><![CDATA[衡水那些事儿]]></author>
  <time>2018-10-14 19:29:47</time>
  <account><![CDATA[heng_shui]]></account>
</data>
