<data>
  <id><![CDATA[51538827]]></id>
  <url><![CDATA[https://mp.weixin.qq.com/s?timestamp=1539596384&src=3&ver=1&signature=Egrj350GoKY8-KUcIJshb3ep4k-GaT5yInU689GRaYej7W6ozGzD7ZwcVvNBpcUdJnDq1Dtjn-SqKV3wfiDWnCR21zV8-L0t-QIe7-CLJen3shFdRwzXEQl7Wmyxj4521dwk9H*3jWu3wGy93GMiXai-x18AxyS4DM6xRPbqh4o=]]></url>
  <title><![CDATA[衡水某知名开发商出事儿了！业主被骗惨，投诉无门！育才街口有会说话的机器人站岗！]]></title>
  <content><![CDATA[衡水某小区开发商被省台记者痛批！每周三上凤巢App抢红包，快下载吧！衡水街头有会说话的机器人站岗！近日，衡水不少市民在人民路育才街路口发现，斑马线两端多了几个会说话的“小黄柱”和灯光醒目的斑马线。据了解，这是衡水市安装的首个行人过街提示柱和地面式红绿灯，以此对过往行人进行语音提示，保障道路安全畅通。据介绍，本次启用的行人过街提示柱共8组16根，通过红外线感应自动发出语音提示。路面的斑马线也与以往有了不同，斑马线的两侧每隔0.5米就安装有一个LED钢化玻璃提示灯，这些小灯与路口信号灯及语音提示柱同步，引导行人安全过马路。当人行横道红灯亮时，提示柱上的显示屏会出现“红灯”的标志，同时，斑马线上的灯也会闪烁，形成一条斑马线灯带。如果有人穿过红外线检测区域就会触发语音提示装置，发出“现在是红灯，请退回等候”的语音提示。当行人退回检测区域，语音提示就自动停止。相反，斑马线上的红绿灯转为绿灯时，提示柱的绿色指示箭头会亮起，斑马线的灯则同时亮起提醒行人尽快通过。提示柱的语音提示内容和文字可按照需求随时调换，同时，语音提示的音量也可自由控制，夜间调至较低音量，有效地避免了警示音扰民的情况。行人过街提示柱的启用，将对规范和约束行人闯红灯的行为起到监督和劝导作用。目前，设备正在测试阶段。据今日资讯、河北新闻网、衡水交警微发布]]></content>
  <author><![CDATA[衡水那些事儿]]></author>
  <time>2018-10-13 19:10:09</time>
  <account><![CDATA[heng_shui]]></account>
</data>
