<data>
  <id><![CDATA[51538827]]></id>
  <url><![CDATA[https://mp.weixin.qq.com/s?timestamp=1539596384&src=3&ver=1&signature=Egrj350GoKY8-KUcIJshb3ep4k-GaT5yInU689GRaYej7W6ozGzD7ZwcVvNBpcUdJnDq1Dtjn-SqKV3wfiDWnBBycqZTzyVxJSXqL0gLaNPqBUHFJhmn5ZQVbsTUI70sF8PP6LNz9VJRENqswtKAeJ-kReXaGGX0BiiPisNI9Ko=]]></url>
  <title><![CDATA[快来看，国庆期间衡水发生了哪些你不知道的大事！]]></title>
  <content><![CDATA[国庆期间，寻找两名离校出走女孩儿、帮助走失老人回家、警民联动寻找交通肇事者、大型活动安保一线等“我在岗位上”主题联动报道后，在社会上引起强烈反响，纷纷为公安民警坚守一线、维护社会稳定的付出点赞！全市公安民警紧绷安全这根弦不放松，用自己的坚守，为祖国生日献礼，为确保全市人民度过一个幸福祥和的假期保驾护航。据衡水公安]]></content>
  <author><![CDATA[衡水那些事儿]]></author>
  <time>2018-10-08 19:21:51</time>
  <account><![CDATA[heng_shui]]></account>
</data>
