<data>
  <id><![CDATA[51538827]]></id>
  <url><![CDATA[https://mp.weixin.qq.com/s?timestamp=1539596384&src=3&ver=1&signature=Egrj350GoKY8-KUcIJshb3ep4k-GaT5yInU689GRaYej7W6ozGzD7ZwcVvNBpcUdJnDq1Dtjn-SqKV3wfiDWnBBycqZTzyVxJSXqL0gLaNMVt35MK8s*wHxOUVjPEMVc7Qp6lbwvUTWs19SnvtA0y8bHUB8z70nHYJkePZViNnc=]]></url>
  <title><![CDATA[大范围停电通知，快看有你家吗？]]></title>
  <content><![CDATA[110kV街关站|计划停电停电时间：2018-10-10 06:00—2018-10-10 19:00停电范围：【影响街道/乡镇】周窝镇 【高危重要客户】无 【影响客户】大安院、卜厂、东小章、杜王李、弓牛厂、关头、河南王庄、护林、康厂、刘厂、乔庄、任庄、西安院、西小章、闫庄、张庄、郑厂、芦园、砖厂、龙河电机厂、芦园铸件厂、联通武强分公司、鑫同兴家具厂、衡武玻纤厂、五特面业、移动通信分公司、顺达细糠厂、前进电碳厂、刘厂毛纺厂、宏升化工厂、飞乐乐器公司、移动大安院站、玉池木器厂、美衡塑钢门窗厂、鑫隆玻纤制品公司、盛翔木业停电线路：10kV街厂533线路110kV孙庄站|计划停电停电时间：2018-10-11 08:00—2018-10-11 12:00停电范围：【影响街道/乡镇】孙庄乡、北代乡 【高危重要客户】无 【影响客户】后寨、苑庄、前寨、东寨、孙村 、电力建设第一工程公司、移动武强分公司(后杨武寨站)、更发拔丝厂、鸿海玻璃纤维公司、阔海粮油食品公司、第二水厂、电信衡水分公司、殡仪馆、尚北代第二砖厂、北代中学、尚代砖厂、永鑫水泥制砖厂、孙庄棉被厂、彦丰生猪养殖、新星化工厂、苑庄村拔丝厂、第三砖厂停电线路：10kV三寨564线路35kV马头站（农网）|计划停电停电时间：2018-10-11 07:00—2018-10-11 12:00停电范围：【影响街道/乡镇】武强镇 【高危重要客户】无 【影响客户】北辛村、南立车、北立车、彭刘庄、西大过、樊屯、庞疃、献县南河口镇、樊屯河东、西大过扬水站、顺达胶粘剂厂、大过煤厂、永生橡胶厂、春风冷补胶厂、面粉厂、大众密封件厂、顺达精密铸件厂、旭特金属、彩印纸箱包装厂、南立车纺织厂、织袋厂、轴瓦厂、正高油泵厂、安信建筑公司、佰乘化工公司、旭日冷补胶厂、联通武强县(基站)、马头中学、弥陀院、立车彩印厂、安信建筑设备公司、联通(南立车营业厅)、鸿马工具制造公司、远发柴油机配件加工厂停电线路：10kV马车542线路110kV街关站|计划停电停电时间：2018-10-12 06:00—2018-10-12 19:00停电范围：【影响街道/乡镇】街关镇 【高危重要客户】无 【影响客户】大韩村、康庄、李村、永红、新合村、大郭庄、南关、东郭庄、刘头村、利丰塑料厂、、恒信玻纤织物厂、顶呱呱机械制造公司、宏达面粉厂、移动通信大郭庄、大郭庄小学、新合纺织厂、华宇电碳公司、石油分公司第一加油站、李村二面、东方织布厂、明德小学、宏跃玻纤制品公司、武安线材加工厂、街关地税、网络通信电碳厂、李村三面、国税局街关分局、街关加油站、立兴纺纱厂、日发面业厂、京龙开水器厂、宏成纺织厂、仁和饭店、德仁医院停电线路：10kV街纤537线路据文盛武强]]></content>
  <author><![CDATA[衡水那些事儿]]></author>
  <time>2018-10-08 19:21:51</time>
  <account><![CDATA[heng_shui]]></account>
</data>
