<data>
  <id><![CDATA[51538827]]></id>
  <url><![CDATA[https://mp.weixin.qq.com/s?timestamp=1539596384&src=3&ver=1&signature=Egrj350GoKY8-KUcIJshb3ep4k-GaT5yInU689GRaYej7W6ozGzD7ZwcVvNBpcUdJnDq1Dtjn-SqKV3wfiDWnO8Cf8wIQo40u*rV0IXXtvuPa-BJLZ6sMJr-C2D*in5hY2wmEinbG6KRThvLeltDXxPaKTx9qHjixN3AsB9CdSo=]]></url>
  <title><![CDATA[衡水1货车起火，浓烟滚滚只剩车框！各县区9月房价曝光，你还买得起吗？]]></title>
  <content><![CDATA[饶阳道一货车起火，浓烟滚滚！经过紧张扑救，火势被控制！衡水9月份最新房价出炉！注 ：以上数据来源于中国房价行情网，仅作参考，具体售价以各楼盘为准！据深州资讯直播、中国房价行情网]]></content>
  <author><![CDATA[衡水那些事儿]]></author>
  <time>2018-10-06 19:07:41</time>
  <account><![CDATA[heng_shui]]></account>
</data>
