<data>
  <id><![CDATA[51538827]]></id>
  <url><![CDATA[https://mp.weixin.qq.com/s?timestamp=1539596384&src=3&ver=1&signature=Egrj350GoKY8-KUcIJshb3ep4k-GaT5yInU689GRaYej7W6ozGzD7ZwcVvNBpcUdJnDq1Dtjn-SqKV3wfiDWnFAUGod6etv9dx0u7LzVesoignl58NJc9xJ-Ozc0XLzzbDapYszUcjvo*1D30K43clGEpRiMfVUoeyF-gvKXG6U=]]></url>
  <title><![CDATA[衡水市区停电通知！停电范围广、时间长！快看有你家吗？]]></title>
  <content><![CDATA[2018年10月16日因低压线路改造，2018年10月16日09：00至17：00，团马站10kV5036和平西路南线回收公司2号公变停电。主要包括：衡水房产开发经营公司，市节水办，衡水市公安交通警察支队，衡水市桃城区城管综合执法大队，中国移动通信集团河北有限公司衡水分公司，中国联合网络通信有限公司衡水市分公司，和平西路市直房产门店及居民，房产公司商住楼门店及居民，前里马回迁2号楼部分门店及居民，和平西路育才街西门店及居民，节水办家属楼等部分用电客户，请提前做好准备。2018年10月16日因配合市政工程，电杆迁移，2018年10月16日7：00至20：00，胜利站10kV京开II线5064线路5064开关至京立西开关停电。主要包括：衡水衡奥食品有限公司，衡水昱洋机械制造有限公司，郭庄胶厂，桃城区市内趸售三徐庄，衡水市市政工程管理处，衡水金徽水工机械有限公司，衡水顺兴化工有限公司，李兰庭营业，衡水双马化工塑料有限公司，河北衡水农村商业银行股份有限公司滏阳支行，京大路城建开发商品楼，三徐庄五区，衡水合盛橡塑有限公司，衡水市双修尼龙塑料制品有限公司，京大路西侧城建开发门店，106国道冷冻厂北地道桥南衡水市公安局，中国铁塔股份有限公司衡水市分公司，京大路立交桥南边西边部分门店，衡水辰龙制衣有限公司，衡水翔迩油漆有限公司，衡水瑞福特防雷技术有限公司，衡水永生房屋拆迁有限公司，衡德路南门口新村等京衡大街(人民东路至地道桥)西侧部分用电客户。2018年10月16日因配合市政工程，电杆迁移，2018年10月16日7：00至20：00，胜利站10kV京开I线5057线路 5057开关至京立东开关停电。主要包括：衡水市桃城区河东街道办事处西门口社区居民委员会，南门口2#，衡水鸿鑫水利矿山机械有限公司，三徐庄4#，京大路三徐庄6区，南门口村委会，中国铁塔股份有限公司衡水市分公司，衡水市桃城区泰昌矿山电子设备厂，衡水君豪房地产开发有限公司，衡水恒通热力有限责任公司，衡水市公安交通警察支队，南门口新村，衡德路北南门口生活区，衡水辰龙制衣有限公司，南门口村冷冻厂东北角，京衡大街春阳路69号天洋花园1至5号楼等京衡大街(人民东路至地道桥)东侧部分用电客户，请提前做好准备。2018年10月19日因配合市政工程，电杆迁移，2018年10月19日7：00至20：00，滏阳站红旗东Ⅰ线520线路 520开关至劳动局东开关至烟草Ⅰ环网柜1号开关停电。主要包括：衡水市桃城区佛教菩提苑，河北衡水湖包装贸易有限公司，太阳印刷物资有限公司，衡水名阳建筑有限公司，衡水荣信印刷有限公司，市环城印刷材料经销处，市红旗印刷材料商店，市新星印刷厂，京大路干马村东，王庄新村，衡水市桃城区王庄村宋磊编织袋厂，中国电信集团公司衡水市分公司，中国铁塔股份有限公司衡水市分公司，红旗大街南外环南干马村三区，干马村南印刷一条街新建住宅南环路（滏阳站至红旗大街）南北两侧；红旗大街（南环路至永兴路）东西两侧部分用电客户，请提前做好准备。2018年10月19日因配合市政工程，电杆迁移，2018年10月19日7：00至20：00，滏阳站红旗西Ⅰ线530线路530开关至劳动局西开关至烟草Ⅱ环网柜1号开关停电。主要包括：河北天拓房地产开发有限公司等南环路（滏阳站至红旗大街）南北两侧；红旗大街（南环路至永兴路）东西两侧部分用电客户，请提前做好准备。据掌握衡水]]></content>
  <author><![CDATA[衡水那些事儿]]></author>
  <time>2018-10-14 19:29:47</time>
  <account><![CDATA[heng_shui]]></account>
</data>
