<data>
  <id><![CDATA[51538827]]></id>
  <url><![CDATA[https://mp.weixin.qq.com/s?timestamp=1539596384&src=3&ver=1&signature=Egrj350GoKY8-KUcIJshb3ep4k-GaT5yInU689GRaYej7W6ozGzD7ZwcVvNBpcUdJnDq1Dtjn-SqKV3wfiDWnFAUGod6etv9dx0u7LzVesryghPwZwWbDug*OgIL7gGgQQruBnTP7Xfp8lDQ4rU8etArhy2Uzf2mRoTWucIzRxY=]]></url>
  <title><![CDATA[省里发60多万元帮衡水这个县盖房子！是你家吗？]]></title>
  <content><![CDATA[近日，省财政厅印发《关于预下达2019年度农村危房改造省级补助资金的通知》，专项用于解决市、县建档立卡贫困户、低保户、分散供养特困人员、贫困残疾人家庭的基本住房安全问题。2019-2020年度农村危房改造省级补助资金分配表此前，我省制定2018年全省农村危房改造工程实施方案，提出加快推进建档立卡贫困户、低保户、农村分散供养特困人员和贫困残疾人家庭等4类重点对象农村危房改造。今年完成9.3万户改造2018年6月底前完成2017年已开工的农村危房改造9.3万户；启动所有存量4类重点对象农村危房改造，力争年底前新开工3.79万户。身份识别以相关部门认定为准建档立卡贫困户身份识别以扶贫部门认定为准，低保户和农村分散供养特困人员身份识别以民政部门认定为准，贫困残疾人家庭身份识别以残联商扶贫或民政部门联合认定为准。由经培训的农村建筑工匠或有资质的施工队伍承担农村危房改造必须由经培训的农村建筑工匠或有资质的施工队伍承担，并对质量安全负责。尽可能降低成本要加强造价低、功能好、安全、绿色农房的新建、加固技术利用研究，尽可能降低成本。推广新技术新材料新结构积极推广适合农村地区的新技术、新材料、新结构体系，节约改造资金，提高居住功能。改造后达到这些标准改造后的农房要达到：选址安全，地基坚实；基础牢靠，结构稳定，强度满足要求；抗震构造措施齐全、符合规定；维护结构与主体结构连接牢固，建筑材料质量合格。县级财政直接发放到农户县级财政通过“一卡通”直接发放到农户，不得以任何形式挤占、挪用、截留和滞留农村危房改造资金。对特困户提高补助额度对于自筹资金和投工投料能力极弱的特困户，通过建设农村集体公租房、养老幸福院共建、利用闲置农房和集体公房置换、提高补助资金额度等方式，兜底解决特困户住房安全问题。实行“六公开”在农村危房改造中，要坚持公开公正公平，阳光操作。实行“六公开”，即改造政策、补助标准、补助对象、资金发放、实施情况以及信息档案公开。据河北日报]]></content>
  <author><![CDATA[衡水那些事儿]]></author>
  <time>2018-10-14 19:29:47</time>
  <account><![CDATA[heng_shui]]></account>
</data>
