<data>
  <id><![CDATA[51538827]]></id>
  <url><![CDATA[https://mp.weixin.qq.com/s?timestamp=1539596384&src=3&ver=1&signature=Egrj350GoKY8-KUcIJshb3ep4k-GaT5yInU689GRaYej7W6ozGzD7ZwcVvNBpcUdJnDq1Dtjn-SqKV3wfiDWnOs8JNyROC96rDR2dH2lYzpJYGzD4iArKvueCYedNa51Erij8WzvgtWUWwBh2y3EQClbJAKbUsk8XDVB10A2jc8=]]></url>
  <title><![CDATA[衡水1200多万征地补偿款来啦！共4个村你家分多少？衡水又1收费站将取消！]]></title>
  <content><![CDATA[征地告知书!饶阳县南关村棚户区改造建设项目设计方案武邑收费站明年5月撤销106国道冀州收费站停止收费后，将有利于方便周边群众出行、降低物流运输成本、提高道路通行能力。目前，106国道在衡水市境内仅有武邑收费站仍在收费，该站将于明年5月撤销。冀州收费站的相关设施正按照规定陆续拆除，并完成路面修复工作，其间不实施交通管制。过往车辆经过时应减速慢行，注意行车安全。据衡水市国土局官网、饶阳县政府官网]]></content>
  <author><![CDATA[衡水那些事儿]]></author>
  <time>2018-10-10 19:24:54</time>
  <account><![CDATA[heng_shui]]></account>
</data>
