<data>
  <id><![CDATA[51538827]]></id>
  <url><![CDATA[https://mp.weixin.qq.com/s?timestamp=1539596384&src=3&ver=1&signature=Egrj350GoKY8-KUcIJshb3ep4k-GaT5yInU689GRaYej7W6ozGzD7ZwcVvNBpcUdJnDq1Dtjn-SqKV3wfiDWnEzjYTDvh98Vy1XEd15zgk2TAE1TUuE0NPz7sGTXOGnnxINPjQbE6sMlwt5T33scK1SGqyR0OohVJruMvo2Rrw4=]]></url>
  <title><![CDATA[衡水人挺住了！8级大风＋降温7℃！这些地儿要下雪！]]></title>
  <content><![CDATA[这寒露刚过，冷空气准时来打卡！今儿早上衡妹来上班的时候真是冻够呛啊！这大风刮的，还好衡妹吨位重，不然得刮飞了！到单位一看，衡水今天最高气温才19℃，最低气温都到了6℃了！今年冷空气来的是真快啊！河北其他城市也是如此，大风+降温+小雪+霜冻+冰冻齐发货！今天白天，北部、东部地区有西北风4到6级，阵风7级。明天下午到夜间，沿岸海域及沿海地区有西北风6到7级，阵风8级。10日早晨，全省各地最低气温普遍下降，平原大部分地区下降5-7℃，其他地区下降3-5℃，石家庄、沧州以北大部分地区有霜冻，其中张家口、承德、保定西北部大部分地区有冰冻。怎么一下子就冷成这个熊样子了？明天衡水还是一样冷吗？我们先来看看衡水未来7天的天气预报：嗯！你猜的没错，明天最高气温还是19℃，大家伙赶紧把秋裤穿上吧！往后几天最高气温连25℃都上不去了！衡妹以为衡水就够冷的了，没想到还有更冷的！张家口都开始下雪了！今天白天，保定、廊坊以北地区多云间阴，其中张家口北部、承德北部有零星小雪，其他地区多云转晴。夜间到10日，保定、廊坊以北地区多云转晴，其它地区晴间多云。10日夜间到11日，全省晴间多云。啥也不说了，今晚上赶紧把厚衣服整出来吧！冷空气来袭，千万注意保暖哦！综合自河北天气、河北日报]]></content>
  <author><![CDATA[衡水那些事儿]]></author>
  <time>2018-10-09 19:15:02</time>
  <account><![CDATA[heng_shui]]></account>
</data>
