<data>
  <id><![CDATA[51538827]]></id>
  <url><![CDATA[https://mp.weixin.qq.com/s?timestamp=1539596384&src=3&ver=1&signature=Egrj350GoKY8-KUcIJshb3ep4k-GaT5yInU689GRaYej7W6ozGzD7ZwcVvNBpcUdJnDq1Dtjn-SqKV3wfiDWnO8Cf8wIQo40u*rV0IXXtvsxwxt00jdE4VwMatRCqyzG7NTIpgic6KSKiNCKQJjUfI5fqa1trBooVKc6YB1*1Ds=]]></url>
  <title><![CDATA[天理难容！男子飞踹老人，用拐棍狂抽！]]></title>
  <content><![CDATA[10月4日，（浙江）海宁市人民检察院以涉嫌寻衅滋事罪批准逮捕犯罪嫌疑人尚某。事发现场视频截图2018年9月25日下午5时左右，87岁张老太在小区内行走时善意提醒犯罪嫌疑人尚某不要摔坏自行车，反被其粗暴殴打，引起社会各界关注。经鉴定，被害人伤势达到轻伤一级。案件受理后，海宁市人民检察院成立由副检察长及业务骨干组成的办案小组，立即对案件材料开展审查，提审犯罪嫌疑人，加班加点、快捕严办。根据刑法第293条之规定，4日下午，海宁市人民检察院以涉嫌寻衅滋事罪批准逮捕犯罪嫌疑人尚某。目前，该案正在进一步侦查中。事件回顾9月25日，浙江嘉兴。18岁小伙因心情不佳砸自行车，87岁老太在小区内行走时善意提醒，不要摔坏自行车。结果，男子先将一不明物体掷向老人，然后朝老人胸口飞踹一脚，将老人踹倒在地。随后，男子对着倒在地上的老人，狠踢狠踹数脚。甚至捡起老人的拐杖，抽打老人的腿骨，直到周围路人出手制止，男子才停止暴行。海宁警方接到报警后，赶到现场将尚某控制，随后通知120将老人送往医院救治。经检查，老人身体多处骨折，目前正在住院治疗。9月29日，海宁警方通报该事件时怒斥天理难容，尚某因涉嫌寻衅滋事罪被依法刑事拘留。]]></content>
  <author><![CDATA[衡水那些事儿]]></author>
  <time>2018-10-06 19:07:41</time>
  <account><![CDATA[heng_shui]]></account>
</data>
