<data>
  <id><![CDATA[51538827]]></id>
  <url><![CDATA[https://mp.weixin.qq.com/s?timestamp=1539596384&src=3&ver=1&signature=Egrj350GoKY8-KUcIJshb3ep4k-GaT5yInU689GRaYej7W6ozGzD7ZwcVvNBpcUdJnDq1Dtjn-SqKV3wfiDWnN*YP7*CLTp*VGamK--IUpU54G6FDp4afinsYaxAc7u4BHaPD1Y0dabylRRAiowYYCfaBBDXCD5EejgGQp0eoKc=]]></url>
  <title><![CDATA[衡水某包村干部被省台曝光！新民居6年变危房，62户村民有苦难言！]]></title>
  <content><![CDATA[今天，咱们来说说房子的事儿！昨天翻朋友圈看到了这样一条消息：“来看衡水某楼盘样板房，两万一平，已经自动过滤掉了我这个穷人。”嗯！inner peace~衡妹现在看衡水房价已经很平淡了，即便是再涨点儿我也不介意，反正我也买不起！抛开房价这个话题，今天咱们来聊聊“房事儿”！打住！不要乱想，是正经的房子那些事儿！昨天的《今日资讯》报道了衡水孙口村62户村民的一个心病，就是他们村的新民居住了6年，竟然住成了危房！这家伙那墙面裂的啊，那墙上的土用手一抠，哗哗往下掉，不信你看视频：衡妹记得最清楚的就是老大爷说：“我们这么多年了，找谁谁也不管。”不知道孙口村包村干部们看到这个新闻会怎么想，也希望最后这位副书记能说到做到，让62户村民住进一个安全结实的房子！好啦，说完这孙口村的事儿，咱们说说安平福地家园物业收取电梯费的事儿！近日有网友反映：“衡水安平福地家园物业违规收取电梯费。”衡水市安平县红旗西街福地家园小区共有住户400余户，小区所有电费水费物业费皆由物业收取。物业规定电费0.7元/度，物业费0.8元/平米/月，物业费包含清理垃圾及所有公共设施运行费用，从入住以来从未单独收取过电梯费。最近政府相关部门实施电价改革方案，这本是一项惠民政策，让居民实实在在感受到好政策。但现在惠民政策却成了物业的敛财工具，物业2018年10月5日贴出告示要对每户收取300元的电梯费，小区居民每年将缴纳十几万元的所谓“电梯费”。可以确定的是住宅电梯是要收取费用的，这点毋庸置疑。但是一般情况下小区物业会把电梯费纳入物业费中一并收取，那为何福地家园小区又要再拿出来单独收费呢？我们也希望该物业公司可以给业主们一个合理的解释！如果说安平这个小区单收电梯费让业主很头疼，那下面这个小区就让业主更头疼了！网友曝光称：我是衡水景县昊和沁园小区的业主，我们小区物业限制业主用水，进小区门保安辱骂业主。车位乱收费等行为，水费限制只充5元，门禁卡3-7天升级。保安态度恶劣辱骂业主。在2017年业主把物业公司在衡水法院起诉最后法院调解后物业公司不按着调解书执行，2018年业主多次向城建局物管办反应情况至今限制水费还是没结果，水表有水不给充水费，充水费还要物业好几个人签字。针对“物业是否有权力控制购水”的问题，衡妹查了一下相关资料：业主与供水供电单位是合同关系，物业公司作为第三方并没有权力限制业主购买水电。 作为业主可以投诉至供水电单位，亦可组织业主委员会代表集体业主意志，要求物业公司整改。针对此事，也希望咱们有关部门抓紧时间查证落实一下，有则改之，无则加勉！综合自今日资讯、阳光理政凤巢衡妹 整理编辑]]></content>
  <author><![CDATA[衡水那些事儿]]></author>
  <time>2018-10-11 19:16:56</time>
  <account><![CDATA[heng_shui]]></account>
</data>
