<data>
  <id><![CDATA[51538827]]></id>
  <url><![CDATA[https://mp.weixin.qq.com/s?timestamp=1539596384&src=3&ver=1&signature=Egrj350GoKY8-KUcIJshb3ep4k-GaT5yInU689GRaYej7W6ozGzD7ZwcVvNBpcUdJnDq1Dtjn-SqKV3wfiDWnJDzcoZhWWN-tZjWEYGXIRlvd*S3XXkwk8GIwZ0hwkFbuzIqMGH3xiaP5uUWPDCSWXffovdnlibHTFUyivnP4m0=]]></url>
  <title><![CDATA[衡水1所公立小学即将开学！如何报到看这里！]]></title>
  <content><![CDATA[开学公告尊敬的各位家长：衡水市恒丰路小学承载着上级政府教育部门的重托，在广大家长的热切期盼下，终于要扬帆起航了，学校定于2018年10月8日正式开学。报到流程：1、（原中华街、庆丰街、大庆路分流的1到6年级的学生）8日上午8点在校门口查看孩子分班信息。2、到操场找所在班级报到，务必扫码进班级群，给班主任教师留下联系方式。3、家长将孩子交给老师后，离校。温馨提示：上午7:50到校，10：40放学。下午1:50到校，4:40放学。一年级的学生错时放学，请家长提前15分钟在校门口等待区接孩子。自8月中旬，恒丰路小学领导班子成立以来，全体班子成员在郭钰校长，孙世卿书记的领导下，加班加点，放弃假期休息的机会，一心扑在学校的筹备工作中来，每天早出晚归，将各项工程责任到人，与施工方倒排工期，每天督促检查进度，争取新学校早日投入使用。以德为先，全面育人衡水市恒丰路小学坐落于大庆路与庆丰北街交叉口东南角2018年投入使用，恒丰路小学占地20.19亩，建筑面积9219.94平方米，计划投资1923万元。学校建有图书馆、体育馆，音乐教室、美术教室、舞蹈形体室、心理咨询室、实验室、微机室、录播室为教学提供了专业教室和大型活动场所。恒丰路小学图书室总面积781平方米。图书室内环境幽雅，书籍繁富，师生们能在这里汲取到最好的精神营养。通过借阅丰富了学生的知识面，同时为教师业务水平的提高起到了一定的促进作用。体育活动室建筑面积875平方米，室内配备主要有田径类、体操类、球类、绳类及其它项目的器材，设备保证了体育课堂教学和师生课外开展体育活动的需要。恒丰路小学的校训是“德厚志恒，学博识丰”。始终坚持“五育并举，德育为首”的原则，本着“传承、创新、发展”和“对学生一生负责”为宗旨，以教育科研为龙头，以爱心教育为主线，以提高教学质量为中心，以课堂教学改革为根本，积极构建生态高效课堂，努力打造特色鲜明、人民满意的学校。我们相信，有党和政府的支持，有社会各界的关心，恒丰路小学一定会飞速驶入教育快车道，谱写教书育人的新篇章！恒丰路小学实景赏析据恒丰理想城、衡水一诺千金网]]></content>
  <author><![CDATA[衡水那些事儿]]></author>
  <time>2018-10-07 19:13:04</time>
  <account><![CDATA[heng_shui]]></account>
</data>
