<data>
  <id><![CDATA[51538827]]></id>
  <url><![CDATA[https://mp.weixin.qq.com/s?timestamp=1539596384&src=3&ver=1&signature=Egrj350GoKY8-KUcIJshb3ep4k-GaT5yInU689GRaYej7W6ozGzD7ZwcVvNBpcUdJnDq1Dtjn-SqKV3wfiDWnAHSPtzLncarAJCXxgS6bUgmsiBBK1vu0*qq0xYWpEsYJN2Qa8NdLpbvcUzlxzY0nXr20OPcWhHHNRI8RhUQrjc=]]></url>
  <title><![CDATA[衡水一对情侣跳河，男孩溺亡，女孩获救！]]></title>
  <content><![CDATA[衡水一网友爆料称，9月30日深夜（或10月1日凌晨），枣强县一对小情侣跳河殉情，结果年仅17岁的男孩不幸溺亡，而女孩被及时救起。据枣强县城丽景蓝湾小区居民表示，9月30日深夜（或10月1日凌晨）12点左右，他们看到消防车呼啸着来到小区旁边的休闲广场上，经打听是一对小情侣在广场的木桥上跳河了，经过公安消防全力搜救，17岁的男孩不幸去世，14岁的女孩获救，具体原因不详。另有网民表示，男孩在枣强县一面馆打工，女孩还在上学。据燕赵网事、武邑人]]></content>
  <author><![CDATA[衡水那些事儿]]></author>
  <time>2018-10-05 19:10:52</time>
  <account><![CDATA[heng_shui]]></account>
</data>
