<data>
  <id><![CDATA[51538827]]></id>
  <url><![CDATA[https://mp.weixin.qq.com/s?timestamp=1539596384&src=3&ver=1&signature=Egrj350GoKY8-KUcIJshb3ep4k-GaT5yInU689GRaYej7W6ozGzD7ZwcVvNBpcUdJnDq1Dtjn-SqKV3wfiDWnFAUGod6etv9dx0u7LzVesq1doPwO4v9en5kMsdvWI6rtfY6hMepKoY8Z3oqvyMNFMuRXh3E9HNxq6IIPRxojE8=]]></url>
  <title><![CDATA[衡水选干部，竟有人当场抢选票！挺住！降雨+重度霾+冷空气组团来袭！]]></title>
  <content><![CDATA[破坏农村换届选举，二人被拘留！2018年10月12日,枣强县公安局大营派出所接到报警称：辖区某村村民王某破坏村干部的选举工作，并抢走选票。民警立即赶往现场，经查：2018年10月12日，大营镇政府干部在某村组织村民就选举村委会副主任进行投票。期间，作为候选人之一的王某因感觉自己处境不利而心生怨气，想抢夺选票，迫使此次选举停止。王某来到其中一名镇政府干部身后，趁机将其身边桌上的300余张选票抢走。另一名镇政府的干部见状，遂上前阻止，两人在拉扯过程中，王某的亲戚博某帮着王某夺取了选票，将选票抱进了自己家中，造成选举工作无法进行。根据《中华人民共和国治安管理处罚法》第二十三条第一款第五项之规定，枣强县公安局对王某、傅某分别作出行政拘留十日的处罚。降雨+重度霾+冷空气组团来袭！河北省气象台预计，10月14日至16日，我省多地有小雨或零星小雨。14日到15日，中南部地区有轻度到中度霾，局地有重度霾。16日开始，受弱冷空气影响，污染自北向南缓慢减弱消散。降雨+霾+冷空气组团来袭！河北人挺住，以下贴心提示赶快拿去！今起三天我省多地有小雨今天白天，张家口南部、保定西北部多云转阴有小雨或零星小雨，其他地区晴转多云。今天夜间到明天白天，张家口、承德、唐山北部、秦皇岛北部、保定西北部阴有小雨，其他地区多云转阴。明天夜间到后天，张家口、承德、唐山、秦皇岛阴有小雨转多云，其他地区阴有小雨。最高温先升后降14日，河北大部地区最高气温略有上升，北部地区设区市（张家口、承德、唐山、秦皇岛）最高气温为19℃至22℃，中南部地区各设区市为20℃至22℃；15日，大部地区最高气温变幅不大，北部地区4设区市最高气温为16℃至20℃，中南部地区各设区市为19℃至23℃；16日，大部地区最高气温有所下降，北部地区4设区市最高气温为16℃至18℃，中南部地区各设区市为17℃至23℃。今明两天霾进一步发展今天上午9时，除张家口、邯郸空气质量为良以外，其它地区空气质量较差，多地AQI指数达到轻度、中度以及重度污染级别！今明两天，河北中南部地区霾呈加强趋势，有轻度到中度霾，局地有重度霾。16日开始，受弱冷空气影响，污染自北向南缓慢减弱消散。未来三天，河北进入降雨、霾、冷空气组团侵袭状态，出门记得备把伞、穿秋裤、戴口罩，提前做好防护！最后衡妹带大家看一下衡水近几日的天气预报！据枣强公安、河北日报、河北天气]]></content>
  <author><![CDATA[衡水那些事儿]]></author>
  <time>2018-10-14 19:29:47</time>
  <account><![CDATA[heng_shui]]></account>
</data>
