<data>
  <id><![CDATA[51538827]]></id>
  <url><![CDATA[https://mp.weixin.qq.com/s?timestamp=1539596384&src=3&ver=1&signature=Egrj350GoKY8-KUcIJshb3ep4k-GaT5yInU689GRaYej7W6ozGzD7ZwcVvNBpcUdJnDq1Dtjn-SqKV3wfiDWnJDzcoZhWWN-tZjWEYGXIRn0g2*d2lrulbyqkcFhdqksZJyV5RTZ0Egk1TgwNVCmpdqDbos9nh*H0Ny0CahNoFU=]]></url>
  <title><![CDATA[衡水这条街要延伸啦！这片区域也将拆迁，是你家附近吗？]]></title>
  <content><![CDATA[据衡水政府网]]></content>
  <author><![CDATA[衡水那些事儿]]></author>
  <time>2018-10-07 19:13:04</time>
  <account><![CDATA[heng_shui]]></account>
</data>
