<data>
  <id><![CDATA[51538827]]></id>
  <url><![CDATA[https://mp.weixin.qq.com/s?timestamp=1539596384&src=3&ver=1&signature=Egrj350GoKY8-KUcIJshb3ep4k-GaT5yInU689GRaYej7W6ozGzD7ZwcVvNBpcUdJnDq1Dtjn-SqKV3wfiDWnFAUGod6etv9dx0u7LzVesqfX5tBJI18flBjVu5HWxbKa*AzjxeHRLqWsErPeK82Uu*m1cbJkll7GSxW9PyX1qk=]]></url>
  <title><![CDATA[20人死亡！河北省最新传染病疫情公布！最近当心这种病！]]></title>
  <content><![CDATA[传染病是一种可以从一个人或其他物种，经过各种途径传染给另一个人或物种的感染病。通常这种疾病可借由直接接触已感染之个体、感染者之体液及排泄物、感染者所污染到的物体，可以通过空气传播、水源传播、食物传播、接触传播、土壤传播、垂直传播（母婴传播）等。河北省卫生计生委公布2018年9月，全省法定报告传染病疫情，2018年9月1日零时至9月30日24时，全省共报告乙类传染病18种，丙类传染病8种，未收到甲类传染病报告。死亡共计20人！9月，共报告乙类传染病11455例，死亡20例。报告发病数居前五位的病种为：病毒性肝炎、肺结核、梅毒、痢疾和布病，占乙类传染病发病总数的94.77%。有死亡病例报告病种为：艾滋病、肺结核、乙脑、狂犬病和病毒性肝炎。9月，共报告丙类传染病例11344例，无死亡。报告发病数居前五位的病种为：其它感染性腹泻病、手足口病、流行性感冒、流行性腮腺炎和急性出血性结膜炎，占丙类传染病发病总数的99.82%。省卫计委提醒：当前天气转凉，提醒广大居民注意添加衣物，保持室内通风，预防流感等呼吸道传染病。]]></content>
  <author><![CDATA[衡水那些事儿]]></author>
  <time>2018-10-14 19:29:47</time>
  <account><![CDATA[heng_shui]]></account>
</data>
