<data>
  <id><![CDATA[51538827]]></id>
  <url><![CDATA[https://mp.weixin.qq.com/s?timestamp=1539596384&src=3&ver=1&signature=Egrj350GoKY8-KUcIJshb3ep4k-GaT5yInU689GRaYej7W6ozGzD7ZwcVvNBpcUdJnDq1Dtjn-SqKV3wfiDWnCR21zV8-L0t-QIe7-CLJempBfzmqORmeBDBXexGeGLGJKHkPpk1V0KNvuodlFLiKgaIgZKibJH0wVu31gl0ndA=]]></url>
  <title><![CDATA[插头没拔，十天用了800多度电！罪魁祸首竟是它！]]></title>
  <content><![CDATA[每周三上凤巢App抢红包，快下载吧！]]></content>
  <author><![CDATA[衡水那些事儿]]></author>
  <time>2018-10-13 19:10:09</time>
  <account><![CDATA[heng_shui]]></account>
</data>
