<data>
  <id><![CDATA[51538827]]></id>
  <url><![CDATA[https://mp.weixin.qq.com/s?timestamp=1539596384&src=3&ver=1&signature=Egrj350GoKY8-KUcIJshb3ep4k-GaT5yInU689GRaYej7W6ozGzD7ZwcVvNBpcUdJnDq1Dtjn-SqKV3wfiDWnF1odYvtO9VJTD4P76pkgZfVDiJRWVzpNC6F1R4VqZeIe84sr3Wkcsrb1YDiVx9ZTU0KxvqaN6VYc3LEdP0Lj8I=]]></url>
  <title><![CDATA[衡水某中学大门被拉条幅、堵门口咋回事？10月13号市区停水通知，有你家吗？]]></title>
  <content><![CDATA[武邑中学门口老师拉横幅近日据网友爆料，衡水武邑中学门前聚集了许多老师，老师们拉起了条幅似乎与学校起了矛盾，具体事件真相请留意官方信息。10月13日停水通知原因：供水管道改造施工。时间：10月13日早8:00时—16日早8:00时。区域：永兴路红旗大街以东，主要包括区域有金域蓝湾、晨辉住宅楼、东滏阳回迁楼、东滏阳二层别墅区等。据网友爆料，衡水市自来水公司]]></content>
  <author><![CDATA[衡水那些事儿]]></author>
  <time>2018-10-12 19:33:32</time>
  <account><![CDATA[heng_shui]]></account>
</data>
