<data>
  <id><![CDATA[51538827]]></id>
  <url><![CDATA[https://mp.weixin.qq.com/s?timestamp=1539596384&src=3&ver=1&signature=Egrj350GoKY8-KUcIJshb3ep4k-GaT5yInU689GRaYej7W6ozGzD7ZwcVvNBpcUdJnDq1Dtjn-SqKV3wfiDWnJDzcoZhWWN-tZjWEYGXIRktDLQR6eGXXNVeU4-mPq3xsFiI*sTcaLV4T-hDM94aPVKT5pj*FTHbnK8MjitdW-k=]]></url>
  <title><![CDATA[伤亡数十人！大货车偷梁换柱、超速行驶酿成惨祸！]]></title>
  <content><![CDATA[每周三上凤巢App抢红包，快下载吧！据今日资讯]]></content>
  <author><![CDATA[衡水那些事儿]]></author>
  <time>2018-10-07 19:13:04</time>
  <account><![CDATA[heng_shui]]></account>
</data>
