<data>
  <id><![CDATA[51538827]]></id>
  <url><![CDATA[https://mp.weixin.qq.com/s?timestamp=1539596384&src=3&ver=1&signature=Egrj350GoKY8-KUcIJshb3ep4k-GaT5yInU689GRaYej7W6ozGzD7ZwcVvNBpcUdJnDq1Dtjn-SqKV3wfiDWnOs8JNyROC96rDR2dH2lYzoZKtDJR4D*uWbPB4jkeqUcJ9FTZCKUgTQSaTr1F6ZqFuzdaSd00Djuo*XzBQrmWRU=]]></url>
  <title><![CDATA[衡水两公司非法集资被查，警察喊你来登记！]]></title>
  <content><![CDATA[为依法妥善做好衡水民富投资咨询有限公司、衡水民吉投资有限公司涉嫌非法吸收公众存款案集资参与人身份及集资金额的核查登记工作，确保案件顺利侦办，保障集资参与人的利益，最大限度挽回损失，按照《处置非法集资工作操作流程（试行）》之规定，现对集资参与人员进行核查登记，具体要求如下：一、登记时间：即日起至2018年11月8日。二、登记对象：出借给衡水民富投资咨询有限公司、衡水民吉投资有限公司资金且未进行报案登记及制作询问笔录的集资人。已进行过核查登记并制作询问笔录的集资参与人不需再次进行登记；三、集资人报案登记时需提交的资料：1、本人身份证原件、复印件；2、借款合同、借据原件及复印件；3、存款时的银行凭证；4、收取利息的银行交易明细。四、登记地点及联系方式：登记地点：衡水市人民西路与宝云街交叉口南行100米路西衡水市公安局桃城分局集中办事大厅联系电话：安警官：0318-6682761；何警官：0318-6682765五、登记要求：1、本次登记是确认集资参与人实际损失的重要依据之一，集资参与人在登记时要清晰、准确、如实填报，希望广大集资参与人本着对个人利益高度负责的态度，积极配合公安机关做好核查登记工作。2、由于集资参与人个人原因，在此期间没有进行核查确认登记且未到登记地点进行情况说明的，将视同主动放弃登记权利，由此导致的后果由集资参与人个人承担。据衡水市公安局桃城分局]]></content>
  <author><![CDATA[衡水那些事儿]]></author>
  <time>2018-10-10 19:24:54</time>
  <account><![CDATA[heng_shui]]></account>
</data>
