<data>
  <id><![CDATA[50928593]]></id>
  <url><![CDATA[https://mp.weixin.qq.com/s?timestamp=1539596530&src=3&ver=1&signature=Egrj350GoKY8-KUcIJshb*c4Z2iZ8ADASE6Wb-1HfMHiMBoiq*uVgSIBiPorr3cdYH0zVu*zEnZ4jMkD1ed0aVJ-T3zk5nB4wFafotyyR5TuMA5vwfGRYhLa3NRLwoVMaUVh8IAX9eWKdnVUFT5O2kbZBY*lH2xMvMaHSlTdMNg=]]></url>
  <title><![CDATA[网红“莉哥”凉凉。敲黑板！国歌不能这么唱！]]></title>
  <content><![CDATA[近日有网友反映虎牙直播的网红主播 @莉哥OvO在直播中公然篡改国歌曲谱以嬉皮笑脸的方式表现国歌内容并将国歌作为自己所谓“网络音乐会”的“开幕曲”平 台 回 应海今天零时许，虎牙直播平台在官方微博上公布了对此事的处理结果：即日起封禁主播莉哥直播间，冻结主播莉哥直播账号，下架全部相关影像作品，对其进行整改教育。目前，该主播直播间已被虎牙封禁@莉哥OvO 9日18时许在微博上就此事道歉今天凌晨零时许再次致歉据了解，主播莉哥（真名杨凯莉），之前在短视频平台”抖音“上唱歌走红，在该平台拥有4400万粉丝，发布作品近百条，点赞量超过3亿。在虎牙直播上，其账号也有200万订阅量。不少网友表示这样无底线的网红主播必须封杀！但也有网友的评论一言难尽那话匣妹就给你好好上上课2014年底，中共中央办公厅、国务院办公厅印发了《关于规范国歌奏唱礼仪的实施意见》。2017年9月1日，《中华人民共和国国歌法》获十二届全国人大常委会第二十九次会议表决通过，于10月1日起正式实施。网红们该补补课了不要连小学生都不如看看国歌响起时孩子们在做什么《中华人民共和国国歌法》规定，“不得采取有损国歌尊严的奏唱形式”、“奏唱国歌时，在场人员应当肃立，举止庄重”、“国歌不得用于或者变相用于商标、商业广告”。网警还提醒，根据《中华人民共和国国歌法》，在公共场合故意篡改国歌歌词、曲谱，以歪曲、 贬损方式奏唱国歌或者以其他方式侮辱国歌的，由公安机关处以警告或者十五日以下拘留；构成犯罪的，依法追究刑事责任。-本文完-版权声明：转载前请联系后台授权]]></content>
  <author><![CDATA[话匣子]]></author>
  <time>2018-10-10 16:54:26</time>
  <account><![CDATA[news_box]]></account>
</data>
