<data>
  <id><![CDATA[50928593]]></id>
  <url><![CDATA[https://mp.weixin.qq.com/s?timestamp=1539596530&src=3&ver=1&signature=Egrj350GoKY8-KUcIJshb*c4Z2iZ8ADASE6Wb-1HfMHiMBoiq*uVgSIBiPorr3cdYH0zVu*zEnZ4jMkD1ed0aZ77p31umHhTAQOD4AMSyAZHdDk32-FI6qWEH0RAU8-UEgnTP5Fu8d16dGu9nMQ3kC3mY-CBWamQeo3sInqdJ8U=]]></url>
  <title><![CDATA[上海港今天来了个庞然大物！它是怎么一路“游”到进口博览会哒？]]></title>
  <content><![CDATA[在经历了漫长的1个多月的行程后中远西班牙轮今天13点抵达洋山深水港货轮上装载的是从德国运输而来的“ 金 牛 座 ” 龙 门 铣 床是首届中国国际进口博览会上最大的展品卸货中......这台“金牛座”龙门铣长20米、宽10米、高8米占地面积200平方米，总重近200吨被拆分到27个大集装箱内才得以运输运输期间上海洋山海事密切关注船舶动态港航单位积极沟通，开通绿色通道优先套泊作业，协助其顺利抵达港口这台由德国瓦德里西科堡公司最新研发的机床设备将会在进口博览会的智能及高端装备展区展出这也是它首次走出欧洲，进行亚洲首秀全球机床行业八家龙头企业将在本届进口博览会“争奇斗艳”，其中十余台机床装备展品将是中国、亚洲乃至世界首发。这台“金牛座”龙门铣就是其中之一，它属于通用型机床，能够加工各种复杂零件，在汽车行业、航空航天领域都可适用。别看它是个 “庞然大物”，做起精细活儿来却是高手，意大利、西班牙等国家最先进的机床精度大约在8微米，而这台机床精度可以控制在4微米，效率也能达到传统机床的3倍。“金牛座”龙门铣抵达洋山深水港后，洋山港海事局联合其他几家口岸单位开展联合登临，保障展品第一时间运达展馆。13：10，来自洋山港海事局、洋山海关、洋山出入境边防检查站的8名执法人员同时登上中远西班牙轮轮实施联合检查。各口岸单位首先对船舶证书及船员信息进行检查核对，随后依各自职责对船舶设备、货物等开展现场检查，保障进口博览会展品第一时间从船上卸下、装上陆上载运工具。检查结束后，各口岸单位根据实际情况分别出具了相关文书，办理了相关手续。这次联合检查仅用了40分钟，大大提高了船舶通关效率和查验效率。与此同时，为确保船舶快进快出，洋山港海事局开启“单一窗口”绿色通道，第一时间完成了该船舶离港手续的办理，以便其立即投入下一个航次的运行。中国正努力向制造业强国迈进，这就意味着中国对生产装备从数量到质量上都有新的需求，需要从全世界进口更多先进的装备。带着这个“大块头”来参加进口博览会，瓦德里西科堡公司充满了诚意。事实上，这家机床企业很早就已确认参会，希望用最高精尖的产品拓展中国市场。公司代表表示，“进口博览会是中国主动向世界开放市场的重大举措，能够极大促进各国产品进入中国，原来我们要到处去找客户，现在进口博览会帮我们拉来了很多潜在的客户。”-本文完-版权声明：转载前请联系后台授权]]></content>
  <author><![CDATA[话匣子]]></author>
  <time>2018-10-09 16:55:46</time>
  <account><![CDATA[news_box]]></account>
</data>
