<data>
  <id><![CDATA[50928593]]></id>
  <url><![CDATA[https://mp.weixin.qq.com/s?timestamp=1539596530&src=3&ver=1&signature=Egrj350GoKY8-KUcIJshb*c4Z2iZ8ADASE6Wb-1HfMHiMBoiq*uVgSIBiPorr3cdYH0zVu*zEnZ4jMkD1ed0aZ77p31umHhTAQOD4AMSyAZWveFJ5rxJKaQJTihAd25rAN1G8moZto266Qq7V0xAR-Q4oTsxV9O78zFCLz9uc4Q=]]></url>
  <title><![CDATA[国内首个全自助乘机航站楼，就在阿拉上海！下周一启用！怎么玩？戳进来看！]]></title>
  <content><![CDATA[阿拉上海又厉害了！国内首个全自助乘机航站楼就在虹桥国际机场T1航站楼！下周一全面启用啦！全自助到什么地步？以后走虹桥机场T1航站楼在国内出港流程上值机、托运、安检验证、登机验证统统自助完成！跟着话匣妹来体验下吧！首先是自助值机这里一共有28台自助值机设备，呈W字型分布于值机大厅。旅客只要刷二代身份证等有效证件（共支持7种不同有效证件），就能自行办理值机，打印登机牌与行李条。初期，现场工作人员会引导旅客捆绑行李条，一共配备了7名工作人员在现场指导。如果不小心绑错了，可以在自助值机设备上进行补打~随后是自助托运18套自助托运设备呈一字型排开。旅客只需要扫描身份证/护照，登机牌，就可以自助托运行李。这里配备了18名工作人员在一旁进行现场指导工作。考虑到老人、怀抱婴儿旅客等特殊旅客持有特殊证件、无网络支付手段的旅客等特别保留了6个人工柜台完成值机、托运等工作随后安检啦！国内出发区域共配备了8台自助安检验证闸机代替原先的人工验证过程旅客扫描身份证，进行人脸识别后就能自助完成安检验证看，全程15秒都还不到就能通过▼▼▼（话匣妹偷偷问了下，如果微整形过，可能无法通过自助安检验证闸机哦，机器的准确率相当高，连双胞胎都能区分！）也考虑到特殊旅客需求所以在这里也安排了2个人工通道满足不同旅客需求（微整形的可以走这里~）登机咯！最后我们抵达候机区休息一会，自助登机验证咯！4个近机位登机口8个远机位登机口共配备了20套设备旅客扫描身份证/登机牌进行人脸识别（再次验证旅客信息）就能自助完成登机手续10秒钟！顺利登机！▼▼▼当然也配备了人工验票登机啦所以初次尝试的旅客也不用太担心现场还有不少志愿者和引导人员在一旁协助整套流程看下来你会了吗？友情提示：目前虹桥机场T1航站楼国内进出港航班，只有春秋航空~所以，想体（wan）验（shua）的小伙伴，懂了吗？为什么上海突然有了一座全自助航站楼？其实，上海虹桥国际机场1号航站楼从2014年12月就开始启动改造，工程包括了航站楼、交通中心以及周边的基础设施建设，整个改造工程在不停运的条件下进行。去年3月26日，A楼及交通中心全部投入使用，B楼进行封闭施工。而目前，B楼也已经完成改造，将于下周一全面启用，这也代表着整个上海虹桥国际机场1号航站楼的改造全部完成。改造前后变化有多大？看看图！旧貌换新颜啊！从前的现在的在全面改造完成后，1号航站楼的年旅客吞吐量没有变化，仍然是1000万人次，其中国际、港澳台等和国内各500万人次，不过，整个高峰小时的容量和过去发生了变化，基本上都能满足每小时2000人次。停车位也从过去的只有地面停车位700多个，增加到了现在地下两层停车库，1250个车位。最高峰时段，车库容量还能剩余三分之一。原有的绿化面积、建筑空间、内部装饰等都进行了改造提升，流程更加简便，极大地提升了旅客候机的空间和服务品质。T1国内出发和到达区域新增11个卫生间、9个母婴室、10个残疾人卫生间。手推车服务也延伸到地铁10号线，为乘坐地铁的旅客提供更多便利。10月15日1号航站楼B楼启用后春秋航空航班从1号航站楼A岛全部搬迁到D岛运营旅客办理完值机手续后可从D岛左右两侧的国内安检通道进入16-27候机厅乘机其他航空公司国际、港澳台航班仍然在A岛、B岛运营进港方面国内航班旅客无需再走临时通道可以直接从新建的国内到达大厅进入行李提取大厅行李转盘数量也从原先1条扩充至3条国际及港澳台航班进出港流程基本没有变化不过由于春秋航空的搬迁旅客的值机和候机空间扩大啦！就会感受到更宽敞！上海虹桥国际机场1号航站楼全新亮相等你来飞！-本文完-版权声明：转载前请联系后台授权]]></content>
  <author><![CDATA[话匣子]]></author>
  <time>2018-10-09 16:55:46</time>
  <account><![CDATA[news_box]]></account>
</data>
