<data>
  <id><![CDATA[50928593]]></id>
  <url><![CDATA[https://mp.weixin.qq.com/s?timestamp=1539596530&src=3&ver=1&signature=Egrj350GoKY8-KUcIJshb*c4Z2iZ8ADASE6Wb-1HfMHiMBoiq*uVgSIBiPorr3cdYH0zVu*zEnZ4jMkD1ed0aSdcN5-n8gHOHhbgTg0EtoRtn7iBrvkYV-nkvEGxB*4bw4CbWWFf32LGcpQaWLiWY**YoxBICACr8GqfjBbCYgU=]]></url>
  <title><![CDATA[高速公路上两车追尾，一家六口下车查看，这时后面的车冲了上来......]]></title>
  <content><![CDATA[长假余额不足到了返程高峰高速上除了堵堵堵交通事故也多了不少其实，很多事故完全可以避免微博上今天热传的这样一段视频就是很好的反面教材视频应该是由后车的行车记录仪拍摄的，能够看到高速公路上，两车在行车道上发生追尾碰擦，并无人员受伤。事故发生后，两辆车并没有迅速撤离现场，前车上的一家人在高速公路上下了车，站在路中间查看情况，5个大人带着1个孩子就这样齐齐站在了两辆车中间。突然，后面一辆车高速撞上前次事故的后车，巨大的力量让停下的车辆猛得冲向前去，前面的一家子都被重重撞倒，最面前的一名女子直接被撞上了挡风玻璃。据报道，事故发生于10月2日许广高速衡阳西出口附近，在二次事故中，5人被冲撞受伤，1人被挤压在两车中间，伤者中有1名女童。湖南交警高速12122客服人员介绍，接到报警后，衡南高速交警到现场处置，伤者被紧急送往医院。原本只是轻微的追尾事故，因为处置不当，引发了更为严重的二次事故！此等高速惊魂，网友们都看呆了一定要记住碰到事故，头脑要沉着冷静二次事故造成的伤害往往比第一次事故更加严重高速公路或高架等快速道路上如车辆发生故障或遭遇交通事故首先要做的是尽快将人、车移至安全地点千万不要在现场逗留在高速上遇到车祸该怎么办？高速路上出车祸后的救命法则1熄火 打开双闪灯 放置三角警示在保证安全的前提下，打开双闪灯，拿出车上的三角警示牌，放在来车方向150米以外。如果车上没有三角牌，那么红色的水桶等物也能暂时应急。2立即将车辆挪动到应急车道高速路上如果发生车祸，在确保安全的情况下，采用摄像、拍照、标划事故位置等其他方法固定事故现场证据。如果车辆能移动，要尽快移车到紧急停车道上，如果是车辆不能移动，也要在安全距离设立警示标志。3迅速报警报警电话打110，说清楚你的位置、方向、人员受伤情况，然后耐心等待。4远离事故车如果你的事故车占道，那么不管外面是下雨还是下雹子，都不要呆在车里等待救援。因为后面车撞上来的可能性相当大。车内人员要尽快转移到路外安全地带。5不要尝试拦车千万不要试图站在路上拦车。“螳臂挡车”这句成语的意思你懂的。尽快呼叫救援拖车。6尽量不在高架上停车除非发生万不得已的情况，否则请不要在高速公路上停车。你高估后面车辆驾驶人的判断能力，上天就可能低估你的生命价值!祝大家一路平安！来源：综合于网络-本文完-版权声明：转载前请联系后台授权]]></content>
  <author><![CDATA[话匣子]]></author>
  <time>2018-10-06 12:42:30</time>
  <account><![CDATA[news_box]]></account>
</data>
