<data>
  <id><![CDATA[50928593]]></id>
  <url><![CDATA[https://mp.weixin.qq.com/s?timestamp=1539596530&src=3&ver=1&signature=Egrj350GoKY8-KUcIJshb*c4Z2iZ8ADASE6Wb-1HfMHiMBoiq*uVgSIBiPorr3cdYH0zVu*zEnZ4jMkD1ed0aTgvC0KptJFHqdGGqeJOAQkfvZULXn86QDFJJXRKgHFfs3NChOjTwxlticPIgT***yolDery0SU8DF95ccudKpc=]]></url>
  <title><![CDATA[进宝FM（调频）驾到！上海广播打造进口博览会专属频率“东广新闻台•进宝FM”]]></title>
  <content><![CDATA[下月5日至10日，首届中国国际进口博览会将在国家会展中心（上海）隆重举行。上海人民广播电台整合旗下优质资源，以“东广新闻台•进宝FM(调频)”为龙头，以上海新闻广播、上海交通广播、第一财经广播以及“话匣子”新媒体矩阵等为主要宣传平台，全景式深入报道首届进口博览会的精彩时刻。上海人民广播电台今天对外宣布，将在FM90.9东广新闻台平台上，打造进口博览会专属频率——进宝FM，全天十余小时动态跟踪首届进口博览会各项精彩内容。↓↓戳音频你想知道国家会展中心场馆及周边环境的即时交通路况信息吗?你想了解全球展商和各交易团的最新动态吗?你想一睹世界科技前沿的魅力吗?你对进口博览会又有哪些期待与向往?请听 进宝FM!在进口博览会举办期间，每天6:00到21:00，上海新闻广播、东广新闻台、上海交通广播、第一财经广播等多套上海广播频率将在FM90.9“进宝FM”以联播和轮播的形式，和你共赴“进博之约”——动态播报国家会展中心场馆及周边环境的交通路况信息即时刷新全球展商和各交易团的最新动态全方位展现世界前沿科技魅力及时反馈听众对进口博览会的期待与向往……同时，上海广播旗下融媒体产品"阿基米德"将专设“进宝FM”网络电台，通过短音频、短视频、进口博览会现场与直播间互动等形式，打造一个与进口博览会同步的融合报道平台。此外，上海人民广播电台其余频率也将围绕进口博览会开展各具特色的宣传报道；话匣子APP、官方微信等将组成进口博览会媒体融合宣传报道矩阵。-本文完-版权声明：转载前请联系后台授权]]></content>
  <author><![CDATA[话匣子]]></author>
  <time>2018-10-12 18:26:00</time>
  <account><![CDATA[news_box]]></account>
</data>
