<data>
  <id><![CDATA[50928593]]></id>
  <url><![CDATA[https://mp.weixin.qq.com/s?timestamp=1539596530&src=3&ver=1&signature=Egrj350GoKY8-KUcIJshb*c4Z2iZ8ADASE6Wb-1HfMHiMBoiq*uVgSIBiPorr3cdYH0zVu*zEnZ4jMkD1ed0aXsFDwHor7OaiUfpaTZnG3742a66exnEV66N32i5UQTc7ycKqfSMWbItawrUWyNsHfD3qYOlE*6CS7QZ4GtRqVQ=]]></url>
  <title><![CDATA[“舌尖上”的进口博览会上海特色小吃馆开门迎客]]></title>
  <content><![CDATA[在进口博览会上领略全球精彩的同时您将还能品尝到上海好味道上海特色小吃馆今天在上海国家会展中心举行开馆、揭牌仪式正式开门迎客啦！为做好进口博览会餐饮食品供应保障，在上海市商务委员会指导下，由万有集市统筹运营，上海24家早餐工程企业、百年老字号企业合力打造上海特色小吃名片。上海特色小吃馆坐落于国家会展中心R-L107、108，总营业面积约2200平方米，预计进口博览会期间，日均供应特色小吃约2万份，既发挥展馆内餐饮食品 供应保障主力军作用，又体现上海餐饮服务品牌，将上海特色餐饮文化带给中外来宾。上海特色小吃馆具有“四个特色”企业有特色云集众多不同历史渊源、不同产品特色、不同市场定位、不同品牌形象的上海特色小吃企业，有杏花楼、沈大成、大富贵、王家沙、立丰（MAS）、南翔馒头店、德兴馆、宁波汤团店、大壶春等中华老字号和上海老字号企业，其中具有百年历史的企业有10家。也有光明乳业、中饮巴比、虹口糕团、老盛昌、吉祥馄饨、小杨生煎、鸿瑞兴、蔡先生等上海市早餐工程企业。有素食制作技艺获得国家非物质文化遗产称号的功德林，有牛奶棚、新雅、红宝石等上海市名牌，还有21cake等深受消费者喜爱的新兴品牌企业。产品有特色八宝饭、松糕、青团、拉糕、条头糕、蝴蝶酥、酥饼、猪肉脯、腊味、素点、汤包、馒头、生煎、小笼包、汤团、馄饨、馅饼、烧卖、糯米鸡、烧饼等广受食客们喜爱的特色小吃应有尽有。环境有特色黄包车、红砖墙、青花瓷、篾竹匾、旧饼干桶、绿邮筒、老式电话亭，从规划设计到落地建设，从场景布设到视觉传达，从历史传承到文化融合，随处可见老上海元素与海派餐饮的融合，彰显海派餐饮文化魅力，展现上海餐饮品牌形象。服务有特色围绕服务进口博览会的中外来宾，上海特色小吃馆企业精心挑选最优秀的服务人员，坚持服务展会、培训先行，从餐饮服务礼仪规范、操作规程等方面有针对性地进行进口博览会餐饮保障服务培训，致力于用一流的服务，保障一流的展会。进口博览会期间，预计展馆内人员数量将突破新高、用餐人群和需求类别复杂、餐饮供应保障比例高、安保物流和食品安全管控严格，为展馆内餐饮保障工作带来前所未有的困难和挑战。市商务委将坚持 “四个结合”，一是固定餐饮与临时供餐相结合，统筹用好展馆内现有固定餐饮商户资源。同时，引进社会化餐饮进行临时供餐，提供符合场地、物流、食品安全要 求的品种，丰富餐饮供应，满足大客流餐饮需求。二是常规供应与应急供应相结合，有序做好常规供应，提前谋划应急供应。应对交通管制和大客流可能带来的餐饮 食品供应短缺，利用场馆内有限的场地资源和物流中转仓提前储备一批利于常温保存、售卖便捷、用餐方便的食品。同时，在物流中转仓做好食品原料 应急储备。三是普通餐饮与特殊餐饮相结合，做好普通餐饮供应，充分考虑清真、犹太洁食、素食等特殊餐饮需求，做好特殊餐饮的引入布点，服务境内外特殊餐饮 需求人群，确保不同餐饮需求得到满足。四是集中就餐与分散就餐相结合，针对保障进口博览会的各类工作人员，实行展馆内集中就餐。针对参展商、专业观众、社会观 众等用餐群体，主要引导在商业广场固定餐饮商户、临时供餐点分散就餐。-本文完-版权声明：转载前请联系后台授权]]></content>
  <author><![CDATA[话匣子]]></author>
  <time>2018-10-15 17:04:38</time>
  <account><![CDATA[news_box]]></account>
</data>
