<data>
  <id><![CDATA[50928593]]></id>
  <url><![CDATA[https://mp.weixin.qq.com/s?timestamp=1539596530&src=3&ver=1&signature=Egrj350GoKY8-KUcIJshb*c4Z2iZ8ADASE6Wb-1HfMHiMBoiq*uVgSIBiPorr3cdYH0zVu*zEnZ4jMkD1ed0aSdcN5-n8gHOHhbgTg0EtoSWvqDt-zJhAON6RB7vnvYt2QEK8qiGecQwmXCstIvtUGOfQj1gaFlcLSEZpvAdj8k=]]></url>
  <title><![CDATA[什么叫在“上海买全球”？当年的进口电视在橱窗里让你们围观半年才开始卖，一台抵得上一套房！如今却......]]></title>
  <content><![CDATA[在上海买全球改革开放四十年，与其他领域的进口商品越来越丰富不同，进口的家用电器在经历了从无到有，由少到多之后，伴随着国产品牌的崛起和赶超，走出了一条明显的下行线。但即便我国已成为全球最大的家电制造和研发中心，依然有不少国际品牌凭借其独到的设计理念、技术优势和用户体验，被国内消费者所青睐，也为国产品牌进一步补短板、上台阶树立了标杆。1很长一段时间里，家用电器是最能代表一个家庭生活水平的。像人们口中的结婚三大件，上世纪70年代还是自行车、手表、缝纫机。到了80年代，就升级成为电视、冰箱、洗衣机，各个“带电”。张先生还记得，家里第一台进口家电，买的是日本索尼12寸黑白电视，花了500多元，还是带着小板凳彻夜排队才搬回家的，阵仗比如今iPhone新品首发还要大。那个时候我工资算多的，加起来一个月七八十块钱，国产的都要排队，别说进口了，排个三天，晚上拿个小凳子。八几年的时候都是这样的，紧俏，绝对紧俏！大到电视、空调，小到随身听、电动剃须刀，那个时代，几乎所有的家电新品市场，都是由进口货开启的。南京路原市百一店的家电橱窗每天都被众多市民、游客团团围住，家电部负责人朱庆瑞回忆说，当时很多新款的进口家电，放在那里只看不卖。索尼、夏普，人家看最新的都要到第一百货的橱窗去看，那时那些进口品牌是提前半年先放在橱窗里，让你看，看了半年后再开始卖。比如说那个夏普液晶彩电，4万9千多，14寸的，我们放在他的专柜里锁好，大家排队看。正因如此，电视机有多大，几乎成为了当时判断一个家庭殷实与否最直观的指标。原市百一店4楼黑色家电部负责人刘瑞春说，一台电视贵过一套房，这样的“传说”，他曾经常碰到。那时等离子飞利浦的42寸，我卖掉13万元！98年吧，那年代可以买套房子，一般老百姓买不起的。现在42寸电视机2000块钱足够了，家里一个房间一个。上世纪90年代进入家电行业的李燕，是永乐电器的市场负责人，在国内家电连锁行业，算是最早的一批员工。回想起那时人们买家电的情景，她说，反复打样、思量的那种细致和纠结，和如今买房买车差不多。为了装上一台窗式空调，还得把窗户给换掉：为了背投要考虑装修时给它留下位置，凹槽排线，很多市民要跑个三四次，把尺寸反复量了又量，真的是家里非常大的事。当时冷暖空调是多么吸引人，窗式空调，为了装上去，甚至还要卸掉一个窗扇玻璃，需要开一个很大的洞才能安装上去， 2000年开始才逐渐淡出。2进入二十一世纪，家用电器早已不再是奢侈品，国际品牌深耕中国市场，对于国内企业来说，是对手更是老师。技术研发、品质管理、品牌战略，国内企业很快补上一个又一个短板。海尔、海信、格力……各个领域都涌现出了龙头企业。李燕的感受是，国产家电，靠的绝不仅仅是价格优势，还有快速灵活的市场策略和对消费者需求的精准洞察。把这些国外优质的商品引进到中国市场后，诞生了更多的市场消费需求，倒逼了很多国产生产企业迅速成长起来，迅速补足技术不足。当时索尼松下推出纯平彩电后，国产品牌迅速跟进，马上把握市场需求，做窄边的，LED、4K技术，一年内就能迅速占领市场。3如今，中国已成为全球最大的家电制造和研发中心，国产品牌不仅在国内占据主导，还大踏步走向全球。相比之下，一些知名的全球品牌则已经退出了赖以起家的领域。但在一些细分品类上，以日本马桶盖、戴森吸尘器为代表的进口家电仍旧稳稳地占据着一席之地。而无论是此前的亚洲消费电子展，还是即将召开的首届中国国际进口博览会，一批主打人工智能、VR的新概念家电产品都预示着产业新一轮变革的风向。李燕说，竞争是好事儿，消费者是市场竞争最大的受益者：引进进口的先进的品牌，能够更快、更迅速拿到，丰富了百姓的需求。国产品牌颜值、功能、技术参数和进口品牌进行PK，让老百姓选择我需要的，更合适的产品。-本文完-版权声明：转载前请联系后台授权]]></content>
  <author><![CDATA[话匣子]]></author>
  <time>2018-10-06 12:42:30</time>
  <account><![CDATA[news_box]]></account>
</data>
