<data>
  <id><![CDATA[50928593]]></id>
  <url><![CDATA[https://mp.weixin.qq.com/s?timestamp=1539596530&src=3&ver=1&signature=Egrj350GoKY8-KUcIJshb*c4Z2iZ8ADASE6Wb-1HfMHiMBoiq*uVgSIBiPorr3cdYH0zVu*zEnZ4jMkD1ed0aVh-oYL9Zt5WwgwSrAadtu0ina3auIiNww0O53Bvm7cW-xzSE1w15lovxq21sGJ7iYoD2AcQ1sEN*ZbFTEbPEHE=]]></url>
  <title><![CDATA[惊动全球各行各业的“炫富挑战”，他们“摔”出了最帅的样子！]]></title>
  <content><![CDATA[诞生于Instagram社交平台的“Fallingstars”短短几天就红遍全球，霸屏各大社交网站挑战由俄罗斯名模发起时画风是酱紫又被称作#炫富挑战##Fallingstars#很快这场全民大秀就惊动了各行各业反应最快的要属各大品牌咦？杜蕾斯竟然没有上车？星座也来凑热闹您的好友晒娃狂魔也已上线一名追星女孩应声倒地美食家们匍匐前进考研党表示真的不想起来！摄影师高调路过，撞个满怀各大官微组团“职人摔”谁都别扶！让他们再炫一会儿~@领事之声：冰山一角，承让承认。@国资小新：不小心摔了一跤，不知道我的板子、钳子摔坏没有，心疼！！不过万幸没有碰到我的千万“豪车” 最后这位@中国黄金ChinaGold 的小姐姐，在下不得不服了 @南网50Hz @中国石化然 而！最会“摔”非消防小哥哥莫属！！@陕西消防：哟呦，不小心摔了一跤，把我最珍贵的宝贝都掉了呢……@上海消防：哥们当心点，换做是我们装备技师摔一跤可不得了帮忙数数，有没有丢了什么？@江西消防（来源:宝山、浦东）@上海嘉定消防：哎哟，江桥中队的小哥哥当心点，这一跤摔得宝贝掉了一地@金山消防：即使不小心摔倒，也要保护好这些救命装备。@共青团中央 也参与了“炫富挑战”：他们倒下的那块土地，只有一腔热血，满地信仰！@希冀：他们倒下是让民族站起来，今天的我们不许倒下，乘风破浪，继往开来。@Zenhana：炫富挑战炫耀物品价值就落入了下成，炫耀精神价值才是真的挑战。@墨徒：我们幸福并感激着@Leon、耿兴伟😄：国外炫富风刮到中国来，就变成了满满的正能量！@成林：有些精神永远不倒！当各行各业“不小心摔了一跤”后话匣妹看到了汗水、成绩、创意、青春……这样的#炫富挑战#实在是太帅了！继往开来，为所有砥砺前行的人点赞！-本文完-版权声明：转载前请联系后台授权]]></content>
  <author><![CDATA[话匣子]]></author>
  <time>2018-10-14 15:18:48</time>
  <account><![CDATA[news_box]]></account>
</data>
