<data>
  <id><![CDATA[50928593]]></id>
  <url><![CDATA[https://mp.weixin.qq.com/s?timestamp=1539596530&src=3&ver=1&signature=Egrj350GoKY8-KUcIJshb*c4Z2iZ8ADASE6Wb-1HfMHiMBoiq*uVgSIBiPorr3cdYH0zVu*zEnZ4jMkD1ed0acJErjV2bAh-*7CHs5p*XOmjqoFj0v3fjZu2S2N06ffGO5MDHBlWoR578-XHd*MOiJDdb-Lcd5IZKzdPJhKqd7A=]]></url>
  <title><![CDATA[又是滴滴！乘客在专车内喝到尿！专车上的免费水你还敢喝吗？]]></title>
  <content><![CDATA[又双叒叕是滴滴！近日，一位到上海出差的孙先生与同事一同叫了辆滴滴礼橙专车没想到竟在车上喝到了尿！据孙先生介绍，上车之后他坐在了副驾驶，因为感到口渴，就拿起了车里专门为乘客准备的饮用水，拧了下瓶盖的时候，发现是松动的，就与司机确认，司机说可能是上一个乘客拧了没动过。于是，他随后喝了这瓶水，一入口感觉不对，立马吐了。在孙先生提供的视频中，滴滴司机表示，天黑自己对于这瓶水的情况看不到，称自己没有动过这瓶水。孙先生反复问司机“尿”是不是他的，司机坚决否认，同时表示不清楚是谁的。孙先生在视频中说，“这瓶水还有温度”。孙先生称，他当时还与司机再次进行确认是否为尿液，司机称“不清楚”。当孙先生提出要投诉时，司机表示如此一来会造成其失业，希望孙先生能私了。最终，孙先生仍旧向滴滴客服反映了此事，并报警。随后滴滴方面表示，经核实，司机因内急找不到厕所使用矿泉水瓶方便，并将瓶子放置在驾驶室中控台，导致乘客误饮。对于乘客遭遇，该公司感到万分抱歉。昨天下午，滴滴工作人员已陪同乘客前往医院进行身体检查。同时，他们也将尽快安排司机进行体验，通过医学手段明确乘客是否遭受健康损害，并将持续跟进，为乘客提供力所能及的帮助以及健康保障。目前，司机因违背滴滴服务规则，已被平台封禁。2014年8月19日，滴滴打车宣布推出的为高端商务出行人群提供优质服务的产品，今年6月29日，更名为“礼橙专车”，是滴滴出行宣布升级的全新品牌。根据滴滴官方的介绍，每辆专车都是价位在20万元以上的中高档汽车，司机师傅统一着装、全程标准化商务礼仪服务，上下车主动开关车门、提行李，车内还备有免费充电器、饮品、干湿纸巾、雨伞、儿童老人专属靠垫等出行必备用品。而这样一个所谓的“高端”产品，提供的却是这样的服务，让不少网友大失所望。错误肯定在司机，但也有人认为乘客“心太大”！其实早在今年2月，就有网友在论坛上爆料，乘坐滴滴专车时，发现车内提供的饮用水中有絮状物。据了解，专车上的免费水均由司机自主购买陌生车上的水你还敢喝吗？天冷了，还是像话匣妹一样自带保温杯吧！-本文完-版权声明：转载前请联系后台授权]]></content>
  <author><![CDATA[话匣子]]></author>
  <time>2018-10-11 15:06:49</time>
  <account><![CDATA[news_box]]></account>
</data>
