<data>
  <id><![CDATA[50928593]]></id>
  <url><![CDATA[https://mp.weixin.qq.com/s?timestamp=1539596530&src=3&ver=1&signature=Egrj350GoKY8-KUcIJshb*c4Z2iZ8ADASE6Wb-1HfMHiMBoiq*uVgSIBiPorr3cdYH0zVu*zEnZ4jMkD1ed0aZ77p31umHhTAQOD4AMSyAYBgf3zUI9tfOuY6B7BSoJ6C3YRMEOv8a4JICBRx7fKWyQ3Abj-3fsFFkCzWKJy*FI=]]></url>
  <title><![CDATA[开跑车就要被踢出群？现在的家长群全是“戏”......]]></title>
  <content><![CDATA[近日有家长因开跑车接送孩子被班主任和同班学生家长声讨当事人回应了两句竟然直接被踢出了群聊？？？网传这位家长来自杭州在当地一家房地产公司任职高管年收入达400万元他本人是跑车控有一辆法拉利488这事儿被曝光发到网上后网友们齐刷刷站在了跑车家长一边终得他y：自己混得不好还见不得别人好?其实羡慕归羡慕，那是别人自己凭本事赚来的，不偷不抢。管好自己，用最好的方式教育孩子才是最重要的，最怕的就是孩子也产生了这些黑暗的心理。（爹矬矬一个，娘矬矬一窝）木头脸：以后我做家长了就根本不想进这种群……我小时候要有这种群我可太惨了。（恭喜你小时候没有，等你孩子上学的时候有没有就不由你说了算了。）渴望暴走的蘭蘭：小孩子最多觉得很酷，没大人心理那么扭曲 ，是那些家长心理不健康吧，无聊死了。（确实挺无聊的。）猗茜凝曦：养孩子这么麻烦啊。算了，不要生了。以绝后患。（不要矫枉过正嘛。）missliu偶：开什么跑车嘛，兄弟应该直接开直升飞机去，怼死他们。（得看家长经济实力了。）Amanda_g-nn：不偷不抢，正大光明，是其他家长给老师施压，凭啥为你们脆弱的心灵买单？心态放正常完全可以以此教育孩子，努力去获得自己想要的，不好么？（好啊，可惜这些家长没这个意识。）我就是吕神：这样的老师怎么教出有大格局宽视野的孩子？应该教会孩子世界上有比我们穷的人，有比我们富的人，对待穷人，在力所能及的范围内能帮一把就帮一把，对富人我们也不眼馋，如果也想要过那样的生活，那我们怎么通过自己的努力向这个目标努力 。（100%赞同。）木语凡心：呵呵哒了我就，什么怕孩子攀比，孩子根本不懂跑车有多贵好吧，只有家长和老师在仇富。（确实。）宁宁要闪闪亮亮：不好意思，你家孩子长得太好看了，会引起孩子们的攀比 ，请把孩子收走塞进肚子重造。（全网你最狠。）S-伴：哎服气了，典型的吃不到葡萄说葡萄酸 ，仇富。 看这个开跑车的家长说话也不是故意炫耀的人。不是一个圈子的人还是离远点好 。 这些家长怎么不去酸马云？因为那是他们够不到的高度。 而你们的孩子同在一个学校 他们就觉得你们有共同点了。（有道理。）阿兰·德波顿在《身份的焦虑》中说：当和我们处在同层次的人拥有比我们更好的东西我们就开始怀疑自己的地位比他低由此感到担忧自从有了班级微信群这种“怪物”之后孩子上学家长轻松的日子就不复存在了某幼儿园开学后，某家长为吹捧校园生活别出心裁发了以下文字其他家长不甘落后、纷纷效仿有的为了彰显自己自己的外语水平甚至还来了一段阿拉伯语...还有孩子在假期中特别“出挑”家长被点名后，同样“不服输”也有表面上关心老师背地里连老师姓什么都不知道的老师看似平淡如水的回复背后...更有绞尽脑汁要竞选家长委员长的名校毕业、随叫随到已是基本配置这激烈程度堪比高层招聘啊希望家长群简单点、纯粹点-本文完-版权声明：转载前请联系后台授权]]></content>
  <author><![CDATA[话匣子]]></author>
  <time>2018-10-09 16:55:46</time>
  <account><![CDATA[news_box]]></account>
</data>
