<data>
  <id><![CDATA[50928593]]></id>
  <url><![CDATA[https://mp.weixin.qq.com/s?timestamp=1539596530&src=3&ver=1&signature=Egrj350GoKY8-KUcIJshb*c4Z2iZ8ADASE6Wb-1HfMHiMBoiq*uVgSIBiPorr3cdYH0zVu*zEnZ4jMkD1ed0aQyJXKN1vUijDp2IhL0QUa2qkXG*28IW1E8gDONaZpiRAj5tV2pUlOYSc82ytweML8pxYg2ckhGFWybZ6fA49zM=]]></url>
  <title><![CDATA[别转了！刷爆朋友圈的“各地锦鲤”疑点重重！集万千宠爱于一身，细思极恐……]]></title>
  <content><![CDATA[从昨天开始你的朋友圈是不是这个画风？这波操作看不懂啊！到底啥叫“上海锦鲤”？？故事还得从国庆长假前的那条“史诗级锦鲤”说起9月29日，支付宝在微博平台官方表示，会在10月7日抽出一位集全球独宠于一身的中国锦鲤，并Po出一张各大商家的见面礼整合清单图片，可以说是极具震撼力了，毕竟话匣妹真的划了好久好久都没划完🤦‍♀️。送包、送鞋、送化妆品送苹果X、送机票、送酒店住宿券所有你能想到的和你想不到的统统送、统统免单（贫穷限制了我的想象）....10月7号，支付宝公布中国锦鲤全球免单获奖者，来自南航的信小呆同学瞬间成为了“史诗级锦鲤”！▼作为被支付宝选中的“网红”@信小呆一夜爆红甚至连微博认证也顺势变成了“2018支付宝中国锦鲤”▼“我下半生是不是不用工作了？？？”大家都羡慕红眼了各路“亲戚”第一时间赶到现场居然还有“求骗的”铺天盖地求锦鲤、求暴富▼在景点的超大锦鲤台阶上合影拍照▼榜单热度居高不下▼朋友圈也被锦鲤轰！炸！了！全国各地的朋友都在转发不同的锦鲤🙄️其中，就有疑点重重的“杭州锦鲤”——文内同样附了超长礼单什么小龙坎、小肥羊、海底捞、哥老官弄堂里、外婆家、喜茶、coco……从吃到喝 一应俱全美好得像是在做梦这些大奖都是真的吗？有吃货专门打探了一番不查不知道一查吓一跳还真有疑点！！！KFC“我猜是他们自己买的吧”弄堂里“我也在纳闷呢!”川味观“今天来问我们要奖品，没给。”山葵家“没有的事”……随随便便挑几个问问结果没一个商家知情项目方是准备自掏腰包请客吃饭的节奏？？兜这么一大圈自编自导自演一出戏到底要干嘛？？还有人爆料拿到手的兑奖码和别人的是一样的……对此，“你好杭州”回应称：参加人数众多所以造成了服务器出bug 😂目前，微信抽奖页面因用户举报多次，被停止访问。有网友很清醒提醒大家小心自己的个人信息泄露！因为除了提交个人信息之外参与抽奖还要被强制要求关注各种账号……（每个号还不一样！可怕可怕😨）天上是不会掉馅饼都是商家的套路罢了不止杭州，“各地锦鲤”也都可能存在猫腻转发还是要小心为妙！-本文完-版权声明：转载前请联系后台授权]]></content>
  <author><![CDATA[话匣子]]></author>
  <time>2018-10-13 17:12:55</time>
  <account><![CDATA[news_box]]></account>
</data>
