<data>
  <id><![CDATA[50928593]]></id>
  <url><![CDATA[https://mp.weixin.qq.com/s?timestamp=1539596530&src=3&ver=1&signature=Egrj350GoKY8-KUcIJshb*c4Z2iZ8ADASE6Wb-1HfMHiMBoiq*uVgSIBiPorr3cdYH0zVu*zEnZ4jMkD1ed0aXboPHEy36fjjrE38Lx3sSsNuo8uTtBZRaF2HLdMkkZ8Sp19LYP0uJR8JF04by0rqKmaQuw6mwbMtedhctA8v7k=]]></url>
  <title><![CDATA[支付宝给她送了一个亿？！90后女生：我下半生不用工作了？]]></title>
  <content><![CDATA[今天，你上班了吗？昨天，国庆长假的最后一天拜支付宝所赐有个90后女生不仅今天不用上班了说是下半生也不用工作了！事情是这样的↓↓↓支付宝在今年国庆黄金周期间办了一个抽奖活动据说抽中的就是锦鲤本鲤了多家企业官微评论做出承诺，将为这条“中国锦鲤”提供手机、化妆品、机票、住宿等超百件奖品免单奖励。礼单有多长？支付宝官微用40秒视频才勉强展示完所有东西↓↓↓▲▼上下滑动图片查看这份看完需3分钟的大礼包emmmmm话匣妹帮大家看了看没啥特别的真的！也就是有Jimmy Choo的限量款鞋包嘛也就新西兰天空塔五星酒店免费住嘛也就公主邮轮阿拉斯加的冰河湾行程嘛也就是休斯顿私人飞行教学嘛最好（kou）的其实是它！▼加拿大旅游局表示奖品我们是没有办法提供的但是我们可以对你表示热烈的欢迎！短短几天已经有快 300 万人幻想着能抽中自己了甚至连怎么花都想好了......然后昨天开奖了......真正的锦鲤出现了......没错，人家微博认证也已经变成了“2018支付宝中国锦鲤”母校也瞬间火了！当然了，戏多的还是吃瓜群众↓↓↓好么，认亲的都来了！还有诈骗的......更有认（wú ）真（liáo）的知乎网友拨开迷雾直指这波操作背后的营销真相长假结束请转发这个“信小呆”然后……默默地加班吧……没写错话匣妹开工的第一天关键字不仅仅是上班！还有：加班！-本文完-版权声明：转载前请联系后台授权]]></content>
  <author><![CDATA[话匣子]]></author>
  <time>2018-10-08 15:42:25</time>
  <account><![CDATA[news_box]]></account>
</data>
