<data>
  <id><![CDATA[50928593]]></id>
  <url><![CDATA[https://mp.weixin.qq.com/s?timestamp=1539596530&src=3&ver=1&signature=Egrj350GoKY8-KUcIJshb*c4Z2iZ8ADASE6Wb-1HfMHiMBoiq*uVgSIBiPorr3cdYH0zVu*zEnZ4jMkD1ed0aQyJXKN1vUijDp2IhL0QUa0NGCQI0OOnyqm2mOs9dzDaaNknwBJhpRujTFZRv49tlX2bou4jZoiy4ZAIBR9nAWw=]]></url>
  <title><![CDATA[讲述我们自己的故事：张家宅老影像征集令]]></title>
  <content><![CDATA[感谢大家的一路陪伴。在这个漫漫长夏中，我们一同寻访、聆听了从日本纪录片《中国新风：与上海市民一起生活》引发开去的上海故事，一同回顾了上海市静安区张家宅街道1978年以来的发展变迁，还找到了和影片相关的众多人物：从0岁便在片中出镜的小哥哥到经过奋斗成为高校教授的大姐姐，从颇具成就的业界明星到更多平平凡凡脚踏实地生活着的人们。老静安快看过来！40年前的这部片子里有没有你？或者有你认识的人吗？找到啦！四十年前戴红领巾的孩子一眼认出了自己，老邻居们又相聚......静安张家宅的这部纪录片里还有你认识的人吗？40年前张家宅的“小姐姐”找到了！她考上大学，还当了教授！迎春式？柳絮式？40年前上海时髦姑娘爱烫啥发型？1978、2000、2018......张家宅这些珍贵影像带你看上海的变化老静安张家宅的故事先说到这里，可你一定还有更多40年的故事要告诉我们，等你打开话匣子！张家宅像是一个时代的缩影。居于黄金地段的它，东起成都北路，西至江宁路，南濒南京西路，北临石门二路新闸路。这块土地见证着上海四十年来翻天覆地的变化，以及在改革开放大背景下普通人因努力而梦想成真的动人篇章。《中国新风》是1978年日本电影人拍摄的张家宅。四十年后的今天，我们想找寻更多这里的美丽瞬间。现在诚邀您提供有关张家宅街道的照片或活动影像，用我们的档案讲述自己的故事。2018年张家宅老居民们参加上海音像资料馆看片活动“征集内容👉如果您有摄于2001年前上海市静安区张家宅街道的照片或活动影像，能够反映时代风貌并带有张家宅生活场景的，就请和我们联系！👉它们也许是弄堂里人们三三两两的身影，也许是孩子们一起做作业的场景，也许是厨房里的一缕灯光，也许是小卖部外乘风凉的过往，也许是弄堂婚礼的热闹，也许是拆迁时邻里之间的依依不舍……👉总之，我们期待您手边那些有关张家宅最真实、最温馨的影像记忆。消失的万国旗 金石声摄影福田邨 金石声摄影曾经的公共厨房 金石声摄影童年风车 金石声摄影2000年动迁前北京西路张家宅正面入口处 俞颖青提供张家宅85弄口（松寿里）的合影  施瑾提供张家宅六十九号 邓伟国提供专家团队将对影像档案进行价值评估，从中挑选影像作品（照片为主）作为张家宅照片展进行定期展览，并对部分档案提供数字化转存服务，选择具有较高史料价值的音像资料作永久收藏。您将有机会被邀请参加“重返张家宅”的活动，在现场和关心张家宅的人们一同细说往事。（提示：所有资料不得涉及色情、暴力、种族歧视等内容，不得与中华人民共和国有关法律、法规相抵触。）张家宅街道图（可点击放大查看）“具体要求👉征集形式：照片（原件或扫描、翻拍件）、录像或电影胶片。👉拍摄时间：2001年张家宅拆迁前。👉征集时间：即日起至2018年11月9日。👉联系方式：1、照片或影像的电子文件可以发送致邮箱：savafilm@163.com照片文件要求：JPG格式，照片尽量清晰2、如果照片、录像或电影胶片并未转化成电子版，可将其送至以下地址，由专人评估后确认有转存价值的，将提供数字化转存服务。地址：上海市虹桥路1376号广播大厦6楼上海音像资料馆联系人：蒋老师 22005137丁老师 22005143👉提示：请标注每张照片、每段影像的拍摄时间、地点、人物、创作者和挑选理由，并附上您的联络方式，以便我们与您联系。最后，诚邀您提供张家宅的珍贵影像，一同讲述我们与国家的成长故事！源自：SMG惟实工作室-本文完-版权声明：转载前请联系后台授权]]></content>
  <author><![CDATA[话匣子]]></author>
  <time>2018-10-13 17:12:55</time>
  <account><![CDATA[news_box]]></account>
</data>
