<data>
  <id><![CDATA[50928593]]></id>
  <url><![CDATA[https://mp.weixin.qq.com/s?timestamp=1539596530&src=3&ver=1&signature=Egrj350GoKY8-KUcIJshb*c4Z2iZ8ADASE6Wb-1HfMHiMBoiq*uVgSIBiPorr3cdYH0zVu*zEnZ4jMkD1ed0aVh-oYL9Zt5WwgwSrAadtu0-aRR*cVo*qBkopsDS5vOJPtj55kPmNEPN6khMhozwcTBY-K4*oQzBg4K2v7VSPfc=]]></url>
  <title><![CDATA[解气！老太碰瓷保时捷赖着不起群众：抬走！不能助长歪风邪气]]></title>
  <content><![CDATA[一个阳光明媚的平凡的下午，河南郑州的N先生像往常一样开着自己的保时捷，遇到了像往常一样在路上碰瓷的老太。“啪！就倒这儿了。120来了，她也不去。110来了，她也不起。你说我有啥办法？”老太就像一块嚼过的口香糖死死地黏在了地上人家叫她走她紧紧抱住N先生的腿不肯撒手面对众人的围观，老太中气十足地说：“他要不碰我，我咋停这呢？”从中可以看出，在敲诈勒索行业，脸皮是第一阻碍，坚决要不得，而“黏性”是拿下业务的必须特质。老太提出给5000元才罢休N先生迫于无奈准备给老太500元，就在这时，围观群众一把将N先生拦住“不给她！不给她！”“不能助长歪风邪气！”没有铲不掉的口香糖只有太心软的清道夫众人齐心协力老太终于被抬走了！过程中，一市民被老太咬破了手网友提醒：狂犬病疫苗要打的。据围观群众透露该老太一个礼拜就碰瓷一回是可忍孰不可忍？人民群众这一抬为文明抬出了一条康庄大道面对无耻之徒我们不动粗我们抬!抬一抬空气都新鲜了抬一抬世界都干净了抬走抬走统统抬走（本文不纯属娱乐）-本文完-版权声明：转载前请联系后台授权]]></content>
  <author><![CDATA[话匣子]]></author>
  <time>2018-10-14 15:18:48</time>
  <account><![CDATA[news_box]]></account>
</data>
