<data>
  <id><![CDATA[50555447]]></id>
  <url><![CDATA[https://mp.weixin.qq.com/s?timestamp=1539596693&src=3&ver=1&signature=Egrj350GoKY8-KUcIJshb-usTtPUtLXM3z29PH7dVVBDY4FbMz-cAEmNwrSWmSqViZUeTrc2mBTPSeZ3x-gMvox6tllaj1M7wtTqmgvu7SstrJoV*yVbO5V1lQJtrcgj8KbQhsCHInTjr7gBygrX*I1f5ydJVexjVQWpYlqok9c=]]></url>
  <title><![CDATA[在贵州，有这么一群“引路人”，承担着特殊使命...]]></title>
  <content><![CDATA[本文为公众微信号“地道风物”（ID：didaofengwu）授权转载“地道风物”是来自《中国国家地理》旗下原创内容公众号，这里汇聚了一群热爱山川美食的人，立志于“寻访最佳物产、捕捉匠心民意、分享醉本真的生活方式”▲ 石阡仡佬族傩堂师。这是一篇关于信仰灵魂过去未知.......的图片故事▼贵州的地理因素，决定了这里曾封闭隔绝、人群分合聚离，从而诞生了一个个信仰文化的孤岛，并千百年来基本保持了原生的、古老的自然信仰形态，与农耕生活和谐统一。人们依照自己的族群文化传统，遵循着祖先留下来的精神传统，崇拜各种各样的自然神祗，至今仍保留了许多巫傩传统。在“万物有灵”“灵魂不死”等信仰文化多元共生的状态下，有这么一群“引路人”由此而“生”——这是一群“天赋”特殊使命的人，承担着沟通先灵与族人、沟通过去与现在、沟通“未知”与现实的特殊职能。结语贵州生活着众多民族，历史上曾分属于苗瑶、百越、氐羌和百濮族系，各族内部亦分化出不同支系，各有其原始信仰，也造就了贵州的丰富多彩。本文图片创作者著名摄影师卢现艺中国摄影家协会理事、纪实委员会委员、贵州省摄影家协会副主席、艺术委员会主任，全国中青年德艺双馨文艺工作者、第十届中国摄影金像奖获得者、第三届全国人像摄影十杰，现已出版贵州图像人类学图册十余部。本文文、图来自《地道风物·贵州》摄影丨卢现艺编辑丨袁千禧icon设计丨Q年]]></content>
  <author><![CDATA[贵州新目标]]></author>
  <time>2018-10-13 22:00:00</time>
  <account><![CDATA[gzxmb2002]]></account>
</data>
