<data>
  <id><![CDATA[50555447]]></id>
  <url><![CDATA[https://mp.weixin.qq.com/s?timestamp=1539596693&src=3&ver=1&signature=Egrj350GoKY8-KUcIJshb-usTtPUtLXM3z29PH7dVVBDY4FbMz-cAEmNwrSWmSqViZUeTrc2mBTPSeZ3x-gMvokglTZOGVh3DlhNpKHZHPqHAGIwARQuTN0Z3T0GOFAQYx8Kj1MvsHPtIJlGiF3k4pP5tMDZ4k*Y7D5b922Z6yo=]]></url>
  <title><![CDATA[长假只剩最后一天！有几个坏消息先了解一下......]]></title>
  <content><![CDATA[长假只剩下一天了大家开启回程了吗？虽然实在是不忍心打击大家，但是这些坏消息，迟早是要知道的！那就……现在先了解一下吧~↓↓↓过完国庆，2018年再也没有假期了一定要好好珍惜这两天，因为这是2018年最后一个法定节假日了。之后就要连上3个月的班，才能熬到明年元旦！大家可以彻底收心了！油价已上涨10月1日起，油价迎来年内第“十二涨”！全国平均来看，92号汽油每升上调0.19元；95号汽油每升上调0.20元；0号柴油每升上调0.20元。给你算笔账，按一般家用汽车油箱50L容量估测，加满一箱92号汽油将多花约9.5元。9块9的电影票或许没有了“十一”之后，看电影可能要多花钱了。据媒体报道，从10月1日起，有关部门将取消第三方和影院自有渠道的线上票补。如此，意味着9.9元、19.9元的票价或将消失。自2014年开始，影响电影市场的线上票补手段成为历史。你的钱包被掏空了吗？自从“十一”长假的第一天开始，钱包“厚度”就在发生明显变化。结婚礼金、假日旅游、回家探亲……每一项都是不小的花销，“花钱一时爽”，“假期结束就要吃土”！还有网友调侃，9月份的工资都给了国庆结婚的。你的钱包还“好”吗？又要长胖了钱包是空了，但身体却胖了。秋季是一个进补的季节，是一个穷凶极“饿”的季节！这个国庆这里赶饭局，那里赶酒席吃火锅！吃自助！吃西餐……这样下去，只有一个结果夏天减下去的肉，这个秋天肯定又要胖！回！来！不过，假期还剩一天，大家“且过且开心”~-来源：工人日报（ID：grrbwx）-图文版权归原作者所有，文章仅限于分享，非商业用途，如有侵权请联系。]]></content>
  <author><![CDATA[贵州新目标]]></author>
  <time>2018-10-06 22:00:00</time>
  <account><![CDATA[gzxmb2002]]></account>
</data>
