<data>
  <id><![CDATA[50555447]]></id>
  <url><![CDATA[https://mp.weixin.qq.com/s?timestamp=1539596693&src=3&ver=1&signature=Egrj350GoKY8-KUcIJshb-usTtPUtLXM3z29PH7dVVBDY4FbMz-cAEmNwrSWmSqViZUeTrc2mBTPSeZ3x-gMviLEVM1SbdhWy3tjmMflaWBWofbfGZ81grqgslkD1HpRB9fugzB8jN7VEB3H-sZQZlsFcXQWz-xh2x-S1LUdyzM=]]></url>
  <title><![CDATA[温度跌至个位数！冷空气即将抵达，上班第一天还有雨雨雨雨雨…]]></title>
  <content><![CDATA[假期马上结束了有没有一直坚持在工作岗位上的啊别难过，再坚持一下假期就结束了就可以“名正言顺”的上班了跟着好心情“下降”的还有温度……未来几天受弱冷空气影响温度逐步下降很多地方最高温将跌破20℃！最低温更是降至个位数而且，第一天上班就要下雨雨雨……根据最新的气象资料分析，从今天（10月7日）开始，阴雨天气的势力范围将进一步扩张，到8日，几乎遍布全省。8日到10日，冷空气南下将导致全省性的降温降雨天气，请大家注意防寒保暖，出行携带雨具。贵阳遵义兴义铜仁六盘水凯里都匀毕节安顺看见没毕节、六盘水的最低气温基本都跌到个位数了不用挣扎这次秋裤是一定要穿了假期已经结束温暖余额也已经不足关心天气更关心你大家上班路上注意保暖哦！-来源：中国天气网、黔气象-图文版权归原作者所有，文章仅限于分享，非商业用途，如有侵权请联系。]]></content>
  <author><![CDATA[贵州新目标]]></author>
  <time>2018-10-07 22:00:00</time>
  <account><![CDATA[gzxmb2002]]></account>
</data>
