<data>
  <id><![CDATA[50555447]]></id>
  <url><![CDATA[https://mp.weixin.qq.com/s?timestamp=1539596693&src=3&ver=1&signature=Egrj350GoKY8-KUcIJshb-usTtPUtLXM3z29PH7dVVBDY4FbMz-cAEmNwrSWmSqViZUeTrc2mBTPSeZ3x-gMvp2bUQWblMvq6pCE3gGsFKEZytiBYWF7cgBkl7nkrvni9wCJIBNFGjJyKY-6HVbLJyKa7ka6n1R5zKeuVii1jE0=]]></url>
  <title><![CDATA[贵州这条城际铁路有新进展了！共设7站，贵阳到六盘水只要1小时~]]></title>
  <content><![CDATA[最新消息安六铁路全线75个隧道已贯通已完成概算总投资的67.76%六盘水段预计今年年底前开始铺轨©任梅等到安六铁路通车意味着六盘水到贵阳只需要1小时六盘水到北京、上海、广州只需要8小时、8小时、6小时©任梅安六城际铁路又称安六城际高铁，2015年11月全线开建，它是《贵州省铁路网络规划》中“安顺——六盘水——威宁”城际轨道交通的第一期工程，是贵州第三条开工建设的城际铁路，也是贵州第一条设计时速为250公里的城铁(另两条为贵开铁路、铜玉铁路，设计时速均为200公里)。它的总投资为151.21亿元，全长约117.8公里，为国家一级、双线客运专线，建设工期3.5年。安六城际铁路对贵州交通的意义非凡。它主要承担六盘水市东出与安顺、贵阳以及其它地区间的客运交流，是贵州省快速城际铁路网的重要组成部分。安六铁路投运后，将通过沪昆高铁上的安顺西站，把“凉都”六盘水接入全国高铁快速客运网，六盘水将跨入高铁时代。-来源：多彩贵州网-图文版权归原作者所有，文章仅限于分享，非商业用途，如有侵权请联系。]]></content>
  <author><![CDATA[贵州新目标]]></author>
  <time>2018-10-12 22:00:00</time>
  <account><![CDATA[gzxmb2002]]></account>
</data>
