<data>
  <id><![CDATA[50555447]]></id>
  <url><![CDATA[https://mp.weixin.qq.com/s?timestamp=1539596693&src=3&ver=1&signature=Egrj350GoKY8-KUcIJshb-usTtPUtLXM3z29PH7dVVBDY4FbMz-cAEmNwrSWmSqViZUeTrc2mBTPSeZ3x-gMvoi1UU-TnaDf6UQB399jiKqCl*yiAwIpptv0racDH7O0cUXDgfimisUEzvQOR80SZLsiGPsBEomXQGJv2VG0KLo=]]></url>
  <title><![CDATA[今天起，贵州人去重庆旅游，高速、景区全部半价！]]></title>
  <content><![CDATA[国庆出门也没玩爽？畏惧人山人海干脆家里蹲了7天？如果说的就是你，赶紧看过来！好消息来了~重庆长江三峡沿线各区县推出旅游优惠活动高速半价 景区半价具体措施往下看☟今年10月8日零时起至11月30日24时止，对全国19个省份的7座及以下小型客车通行费实施半价优惠，同时渝东北14区县所有国有A级景区均实行门票半价优惠。优惠期限10月8日零时起至11月30日24时高速通行优惠吉林、辽宁、河北、天津、上海、山东、江苏、浙江、福建、江西、广东、四川、云南、广西、湖北、湖南、贵州、陕西、甘肃等19省份的7座及以下小型客车，凡通过渝东北14区县内的80个收费站上高速公路或下高速公路，均对其通行重庆市内高速公路的车辆通行费予以五折优惠。景区门票优惠●重庆境内长江三峡沿线景区也纷纷推出半价优惠。●渝东北14区县所有国有A级景区均实行门票半价优惠。●另有12区县的所有私营A级景区也加入优惠，沿线共有超过30家景区给予门票半价优惠。具体名单如下第九届中国长江三峡国际旅游节渝东北14区县参加惠民优惠活动收费景区名单区县序号景区详细地址备注万州1大瀑布群旅游区万州区甘宁镇楠桥村4A2西游洞万州区新田镇盐井社区龙洞沟3同鑫蔬菜大观园万州区甘宁镇永胜村4石桥水乡湿地公园万州区武陵镇石桥村5凤凰花果山万州区太安镇凤凰村6奇芳花谷万州区甘宁镇黑马村7七星谷万州区高梁镇香良村8欢乐黄金谷万州区龙沙镇雨台村涪陵1武陵山国家森林公园涪陵区大木林场4A2武陵山大裂谷涪陵区武陵山乡4A3林下花园涪陵区大木林场4A4白鹤梁水下博物馆涪陵区滨江大道185号4A长寿1长寿湖风景名胜区长寿区长寿湖镇湖滨路4A2紫耘花海长寿区渡舟街道保丰村6组开州1汉丰湖开州区文峰街道滨湖路4A（举子园门票五折，游船不变）2盛山植物园开州区镇安整永共村3龙头嘴森林公园开州区紫水乡雄鹰村4紫海云天香草园开州区长沙镇兼善村梁平1滑石古寨梁平区金带镇滑石村4A2观音洞梁平区竹山镇正直村1组3寿海梁平区竹山镇大塘村4竹海之门梁平区竹山镇大塘村城口国有A级景区不收费丰都1名山景区丰都县名山街道名山路152号4A忠县1石宝寨忠县石宝镇印山街18号4A2烽烟三国忠县东溪镇钟溪村烽烟三国景区垫江1垫江牡丹樱花世界垫江县新民镇石仙村九组4A云阳1龙缸景区云阳县双江街道杏花路60号5A2张飞庙景区云阳县盘龙街道张飞庙景区4A奉节1白帝城瞿塘峡景区奉节县夔门街道4A2天坑地缝景区奉节县兴隆镇4A巫山1小三峡—小小三峡景区巫山县宁江路111号游客接待中心5A（通票价150：其中门票67元，只对门票部分五折优惠）2神女景区（神女峰·神女溪）巫山县宁江路111号游客接待中心4A巫溪1红池坝巫溪县文峰镇红池坝景区4A（2018年全年不收门票）2灵巫洞巫溪县宁厂镇谭家墩双河街道3汉风神谷巫溪县白鹿镇石柱1千野草场石柱县鱼池镇大坪村4A特别说明:具体优惠情况请以各景区公布为准。传说中的8D魔幻城市什么好吃什么好玩相信大家已经很熟悉了多的不说，优惠已经到位赶紧想你的请假借口吧-来源：重庆市旅游发展委员会、贵州都市报-图文版权归原作者所有，文章仅限于分享，非商业用途，如有侵权请联系。]]></content>
  <author><![CDATA[贵州新目标]]></author>
  <time>2018-10-08 22:00:00</time>
  <account><![CDATA[gzxmb2002]]></account>
</data>
