<data>
  <id><![CDATA[50555447]]></id>
  <url><![CDATA[https://mp.weixin.qq.com/s?timestamp=1539596693&src=3&ver=1&signature=Egrj350GoKY8-KUcIJshb-usTtPUtLXM3z29PH7dVVBDY4FbMz-cAEmNwrSWmSqViZUeTrc2mBTPSeZ3x-gMvp2bUQWblMvq6pCE3gGsFKEvknOdhAlR3zloYoJDANKncoDV10ErCNXsHFi094Jdiao3ceUSzRuzYgHFd4jou5g=]]></url>
  <title><![CDATA[风景不输镇远！贵州这个深藏在湘黔交界处的小县，魅力被大大低估了~]]></title>
  <content><![CDATA[又到周末今天想给大家安利一个名气虽然不如镇远但自然风光和人文价值都很高的小城锦屏国庆长假，为了避开汹涌的人流我们来到这个小城进城的第一眼就被清澈的江水和江面上的几座风雨桥震住了好美，好安静啊图/杨沐木这里没有熙熙攘攘的游客却有绝美的江景和独特的人文景观图/杨沐木江上的风雨桥内人们闲坐、聊天、玩手机沿江的台阶上有卿卿我我的情侣、打打闹闹的闺蜜气定神闲的钓鱼者、温馨有爱的父女……无论是白天或是夜晚仅仅是沿着江边走走也能感受到难得的惬意和悠闲图/杨沐木当然，被称作“杉木之乡”的锦屏值得游玩的还有很多三江汇集—山水之城锦屏在黔东南州的东南边东边临近湖南省靖州县南邻黎平县，西毗剑河县因四周青山如屏，秀丽似锦而得名清水江、小江、亮江三江汇聚于锦屏让这里呈现出“一城山色半城湖”的独特景观图/杨沐木锦屏打造的清水江木商文化带沿岸旅游公路，全长近40公里全线设有观景台、观景带休憩驿站、露营地等旅游服务设施非常适合喜欢休闲漫游的人飞山庙 图源：中国县域旅游网除了目前全国第二长的锦屏风雨桥锦屏县城值得游览的地方也有很多飞山庙建筑群，距今已有230年历史整组建筑轩昂壮丽是贵州迄今最高的木质古建筑之一图源：杉乡锦屏文书楼位于县城清水江和小江交汇处整个建筑外观为仿侗族鼓楼风格文书楼收藏了6万多件记载着明清时期中国西南部苗族侗族地区政治、经济、文化等方面的珍贵文史档案——贵州“锦屏文书”明代古城—隆里古镇提起贵州的古镇大多数人想到的都是青岩、镇远、大同等但隆里，却与这些古镇都不同图/杨沐木隆里位于锦屏县西南边沿始建于明洪武十九年（1386年）是一座“亦兵亦农”的军事城堡图/杨沐木虽经数百年风霜侵蚀和火灾的劫难但隆里城貌仍保持完好是我国南方高原保存最好的古城之一图/杨沐木古城虽然不大，但布局合理，建筑精巧非常值得游览古城分东南西北四个城门，都建有城楼城内街道都用卵石铺就，镶嵌以图案明通暗塞，虚实结合城内现存典型民居宗祠40余幢建筑风格各异，都很有特点图/杨沐木除了散布在各个角落的古井古祠古桥古宅之外古城最引人注目的就是长达1500米用卵石框边筑成的古城亘了历经漫长岁月与无情风雨的侵蚀而屹立不倒沧桑的面容正是整个古城的写照图/杨沐木和国内大多数已经过度商业化的古镇不同隆里古镇还保留着十分的烟火气游客走走停停居民自在生活互不打扰，各得其乐（希望这种气质能一直保持下去）珍藏文献—文斗苗寨图源：中国县域旅游网在锦屏县西部，清水江南岸有一个有着悠久环保历史的苗寨文斗苗寨距今有600多年的历史图源：中国县域旅游网村内几乎所有老百姓家中都珍藏有清代林业契约，约有3万件是我国及至世界现今保存最完整、最系统、最集中的林契文书也是我国继故宫博物院的清代文献和安徽“徽州文书”之后的第三大珍贵历史文献图源：中国县域旅游网文斗苗寨居住的全是木质吊脚楼从文斗河边举目仰望两条青石板路尤如二条青龙宛延顺坡登寨头这里有参天的古树，古朴雄伟的寨门数不清的大小碑刻数十座规模恢宏的宅基及大宅院的残壁和清代古战场防御工事石墙、哨卡等依稀可见图源：中国县域旅游网文斗村内有巨大苍翠的古树600多株散落在九冲十一岭有古树便有人家，有人家必有古树文斗以其独特的古代少数民族生态环保文化被法国《欧洲时报》等国内外媒体誉为“中国环保第一村”江南水乡—雷屯这是一个苗、汉融洽居住的典型村寨流经黎平、锦屏两县的亮江河绕寨而过将雷屯环抱形成“三面环水，一面临山”的半岛——雷屯雷屯村古名雷泽屯因明代洪武时屯兵而得名是一个人文荟萃的古老村落村内留存有古渡口、朱氏宗祠“万民伞”等古建筑在寨旁亮江河面上有一个绿草如茵的沙洲——风情岛岛上草木葱郁，自然风光旖旎秀美很多人到这里拍婚纱照、休闲、钓鱼雷屯是国家“生态文明示范村”、中国传统村落因为地势平坦这里物产丰富，盛产蔬菜瓜果是远近闻名的蔬菜之乡除了上面提到的几个地方锦屏值得游玩的还有很多给大家送上锦屏三日游线路推荐第一天：抵达锦屏，游县城（锦屏三江国家水利风景区），食宿县城。第二天：县城——茅坪古镇——雷屯（中餐）——龙池多彩田园——春蕾森林公园——隆里古城（晚餐、宿隆里）第三日：隆里古城——平鳌——文斗苗寨（中餐）——三板溪湖区（码头晚餐）——县城（自驾线路，大家按导航走就没错了。如果坐高铁的话，可以先到三穗站，然后从高铁站转车至锦屏，车程大致在1小时左右）▼-综合整理自：杉乡锦屏、百度百科，转载请注明出处-未标注来源图片均源自网络，非商业用途，图片原作者请与我们联系，备有稿酬。]]></content>
  <author><![CDATA[贵州新目标]]></author>
  <time>2018-10-12 22:00:00</time>
  <account><![CDATA[gzxmb2002]]></account>
</data>
