<data>
  <id><![CDATA[50555447]]></id>
  <url><![CDATA[https://mp.weixin.qq.com/s?timestamp=1539596693&src=3&ver=1&signature=Egrj350GoKY8-KUcIJshb-usTtPUtLXM3z29PH7dVVBDY4FbMz-cAEmNwrSWmSqViZUeTrc2mBTPSeZ3x-gMvlpl*LVhmKsL*hzjGVVN8jZ7z67wcqqCYpHyPUxNcoBVfU*kKaaDI*XPRJMnT2gulKtw0nPBQqGaOpEiuAs9KSo=]]></url>
  <title><![CDATA[10月贵州9市州最新房价一览，你家那里是涨还是跌？]]></title>
  <content><![CDATA[十月不知不觉过一半了不少人还处在国庆的梦游状态赶紧来看一眼贵州9市州的平均房价保证你瞬间动力满满！据最新数据显示十月贵州9地州市中房价最高的是贵阳观山湖区（1,3329元/㎡）▼房价最低的黔东南麻江县（2,394 元/㎡）▼9个州市平均房价5454 元/㎡贵州各市州房价地市均价（元/㎡）1贵阳10323元/㎡2六盘水4761元/㎡3遵义5957元/㎡4铜仁4580元/㎡5黔西南4259元/㎡6毕节4617元/㎡7安顺4990元/㎡8黔东南5216元/㎡9黔南4389元/㎡下面分别来看看新的一个月你们那里的房子是涨还是跌？贵阳贵阳10月二手房均价 10323 元/m²贵阳9月二手房均价 10305 元/m²环比上月上涨 0.18% ↑同比去年同期上涨 44.56% ↑贵阳房价行政区均价（元/㎡）1南明区10503元/㎡2云岩区11137元/㎡3花溪区9007元/㎡4乌当区8791元/㎡5白云区8745元/㎡6小河8891元/㎡7观山湖区13349元/㎡8清镇市6073元/㎡9开阳县4877元/㎡10息烽县4607元/㎡11修文县5222元/㎡遵 义遵义10月二手房价均价5,957 元/㎡环比上月上涨 +0.57% ↑遵义房价排名行政区均价（元/㎡）1红花岗区6209元/㎡2汇川区6962元/㎡3播州区4726元/㎡4赤水市5965元/㎡5仁怀市5874元/㎡6桐梓县4766元/㎡7绥阳县3605元/㎡8正安县3670元/㎡9凤冈县3102元/㎡10湄潭县4728元/㎡11余庆县3792元/㎡12习水县4430元/㎡13道真县3737元/㎡14务川县3869元/㎡六盘水六盘水10月二手房价均价4,761 元/㎡环比上月上涨+1.60% ↑六盘水房价行政区均价（元/㎡）1钟山区4864元/㎡2六枝特区3105元/㎡3盘州市4058元/㎡4水城县3587元/㎡安 顺安顺10月二手房价均价4,990 元/㎡环比上月下降 -0.14% ↓安顺房价行政区均价（元/㎡）1西秀区5106元/㎡2平坝区5056元/㎡3普定县3305元/㎡4镇宁县3499元/㎡5关岭县4246元/㎡6紫云县2878元/㎡毕 节毕节10月二手房价均价4,617 元/㎡环比上月上涨+0.13% ↑毕节房价行政区均价（元/㎡）1七星关区4805元/㎡2大方县3228元/㎡3黔西县3500元/㎡4金沙县3689元/㎡5织金县4658元/㎡6纳雍县3000元/㎡7威宁县3898元/㎡8赫章县4174元/㎡铜 仁铜仁10月二手房价均价4,580 元/㎡环比上月下降-0.78%↓铜仁房价行政区均价（元/㎡）1碧江区4789元/㎡2万山区3674元/㎡3江口县2958元/㎡4石阡县3279元/㎡5思南县3130元/㎡6德江县4103元/㎡7玉屏县2653元/㎡8印江县3140元/㎡9松桃县2988元/㎡10沿河县4026元/㎡黔 东 南黔东南10月二手房价均价5,216 元/㎡环比 上月上涨+1.18%↑黔东南房价行政区均价（元/㎡）1凯里市5252元/㎡2黄平县3619元/㎡3施秉县4031元/㎡4三穗县3199元/㎡5镇远县4897元/㎡6岑巩县2462元/㎡7天柱县3579元/㎡8锦屏县3834元/㎡9剑河县3786元/㎡10台江县3299元/㎡11黎平县4092元/㎡12榕江县4592元/㎡13从江县2859元/㎡14雷山县4663元/㎡15麻江县2394元/㎡16丹寨县2863元/㎡黔 南黔南10月二手房价均价4,389 元/㎡环比上月上涨+0.02%↑黔南房价行政区均价（元/㎡）1都匀市4653元/㎡2福泉市3697元/㎡3瓮安县4300元/㎡4贵定县3105元/㎡5龙里县3892元/㎡6惠水县4116元/㎡7长顺县2869元/㎡8罗甸县2736元/㎡9平塘县3150元/㎡10独山县3835元/㎡11荔波县2930元/㎡12三都县4163元/㎡黔 西 南黔西南10月二手房价均价4,259 元/㎡环比上月下降 -0.02%↓黔西南房价行政区均价（元/㎡）1兴义市4279元/㎡2兴仁市3409元/㎡3安龙县3462元/㎡4贞丰县3715元/㎡5普安县3402元/㎡6晴隆县2462元/㎡7册亨县2701元/㎡8望谟县2931元/㎡注：房价数据来源于中国房价行情网以及安居客，仅作参考，具体价格请以请以实时房价为准。怎么样，看完后心情如何？为了你的房，赶紧继续开始努力吧！-来源：贵州新媒中心-图文版权归原作者所有，文章仅限于分享，非商业用途，如有侵权请联系。]]></content>
  <author><![CDATA[贵州新目标]]></author>
  <time>2018-10-14 22:00:00</time>
  <account><![CDATA[gzxmb2002]]></account>
</data>
