<data>
  <id><![CDATA[50555447]]></id>
  <url><![CDATA[https://mp.weixin.qq.com/s?timestamp=1539596693&src=3&ver=1&signature=Egrj350GoKY8-KUcIJshb-usTtPUtLXM3z29PH7dVVBDY4FbMz-cAEmNwrSWmSqViZUeTrc2mBTPSeZ3x-gMvox6tllaj1M7wtTqmgvu7SvzGDFauIZyfb*92YW0qEl5Z-9mqPQVbkH8Z2dDkbXsoPOuYRdpgLNpHxEN8LcJv1M=]]></url>
  <title><![CDATA[1分钟，贵州会发生什么？今天这段1分43秒的视频刷爆朋友圈~]]></title>
  <content><![CDATA[黄果树瀑布展现着她的气魄赤水梵净山孕育出她的风情曾经，这里是偏隅之地如今，这里被大数据点亮《贵州一分钟》带你领略黔贵高原的多彩魅力一分钟，黄果树瀑布笑纳44名游客一分钟，壮美秀丽的赤水迎来31名游客一分钟，完成11亩营造林一分钟，57公斤茅台酒远销海内外一分钟，10把吉他在正安吉他产业园制成一分钟，4辆汽车穿过“世界第一高桥”一分钟，“天眼”获取约48000M观测数据一分钟，为西电东送输电超过7万千瓦时一分钟，小康行动计划完成投资7万元一分钟，沐浴湖光山色一分钟，品尝黔味美食一分钟，领略民族风情一分钟，追寻红色足迹一分钟，感受黔贵拼搏一分钟，鸟瞰绿色贵州贵州一分钟蹄疾步稳-来源：人民日报]]></content>
  <author><![CDATA[贵州新目标]]></author>
  <time>2018-10-13 22:00:00</time>
  <account><![CDATA[gzxmb2002]]></account>
</data>
