<data>
  <id><![CDATA[50555447]]></id>
  <url><![CDATA[https://mp.weixin.qq.com/s?timestamp=1539596693&src=3&ver=1&signature=Egrj350GoKY8-KUcIJshb-usTtPUtLXM3z29PH7dVVBDY4FbMz-cAEmNwrSWmSqViZUeTrc2mBTPSeZ3x-gMvkD8Z25cCyiy9Ib247PfHsD2H8Nj4CqsdwrMqwroEttOL0nOGdpwoy2ItxNYfzKoNXxf3E6R8mhi5KNhDdjEHS8=]]></url>
  <title><![CDATA[一降温，贵州就美成了这个样子...]]></title>
  <content><![CDATA[寒露一过，秋意更深！看看天气预报明后天，贵阳的最低温竟跌至8℃！六盘水最低跌至6℃瑟瑟发抖的节奏啊秋裤是不是该隆重出场了！好在，贵州的最美秋天也准时上线你印象里的秋天只有黄贵州会告诉你秋天还有赤橙黄绿青蓝紫......深秋时节，来看看贵阳花溪平桥的黄金大道，景色清丽，满目金黄，秋水潺潺。黄金大道的梧桐是不容错过的美景。梧桐叶落，铺成了一段金黄色的路，一副凄美动人的景象。贵阳红枫湖融湖光山色，岩溶地貌为一体，湖边有座红枫岭，深秋时节，你会看到漫山枫叶红似火，夹杂其他树叶的金黄翠绿，多姿多彩，让人眼前一亮。毕节韭菜坪，每年八月到十月都是花期，漫山的紫色花海，好不浪漫。伫立远望，广袤的天空，万里的山峰尽收眼底，会让人有一种置身于天地之间的奇妙感觉。从江县加榜梯田，因为海拔高低不同，同处于一座山坡的梯田，黄色由浅变深，形态各异，远远望去，就是一副色彩斑斓的画卷。毕节威宁草海素有百鸟之都，秋天，威宁草海四周漫山遍野一片金黄，天高云淡，凉风拂面，却又波澜不惊。水草在碧水中开出一朵朵黄花、红花和白花，船行其中，花随水波浮动，如入仙境。贵州，四季美景皆不同春赏花，夏避暑秋怡情、冬康养山水美景值得你向往贵州的锦绣山川，绵延万里，四季常青。贵州的水，承载天地，映射万物，色彩斑斓。贵州的树，姹紫嫣红，姿态万千。贵州的洞，鬼斧神工，瑰丽恢弘。你觉得贵州哪些地方最适合秋游和大家分享一下吧-来源：贵州新媒中心-图文版权归原作者所有，文章仅限于分享，非商业用途，如有侵权请联系。]]></content>
  <author><![CDATA[贵州新目标]]></author>
  <time>2018-10-09 22:00:00</time>
  <account><![CDATA[gzxmb2002]]></account>
</data>
