<data>
  <id><![CDATA[50555447]]></id>
  <url><![CDATA[https://mp.weixin.qq.com/s?timestamp=1539596693&src=3&ver=1&signature=Egrj350GoKY8-KUcIJshb-usTtPUtLXM3z29PH7dVVBDY4FbMz-cAEmNwrSWmSqViZUeTrc2mBTPSeZ3x-gMviLEVM1SbdhWy3tjmMflaWCdSb5NEfuW6ZVEmYPj-SMzR178VriLBZ*NDO4AmcvrYyprksTd8AWId78gzm-BVmI=]]></url>
  <title><![CDATA[有一种放假叫回家收秋！这组老照片刷爆朋友圈]]></title>
  <content><![CDATA[国庆假期正是收获的季节，有一种放假叫回家收秋。那时候，上学的农村孩子们都会放秋假，回家帮父母掰玉米、挖红薯、种麦子，收获一年的辛苦，播种来年的希望。谨以这组照片纪念那些逝去的时光，也献给现在的孩子和大人们，爱惜粮食，珍惜劳动成果。平时工作再忙，这个时候，也都从四面八方回到老家。家里的老娘早给找出了旧衣服，拿上镰，跨上篮，下地。一年的嚼谷、孩子的学费，全靠这几天。农村人盼着十月，也害怕十月。玉米熟了，枯脆的秸秆也最扎人。包得严严实实地下地，豆大的汗珠子叭嗒叭嗒往下摔，没掰过棒子的人不知道那个滋味儿。过去没有机器，一个个地掰完玉米，再拿镰砍秸秆。掰完玉米，玉米棵子被割倒，才看见忙碌着的农人，和地里掰下的一堆堆玉米。太阳落山了，辛苦的一天却还没结束。掰下来的玉米不能不管，不赶紧剥皮晾上就要发霉。晒干的玉米叶须，是灶下引火的好材料。当城里的孩子在家长的簇拥下畅游名山大川时，农村的孩子在田野里享受太阳的“温柔”。天黑了，大人们还在院子里一边说话一边剥玉米叶子，小孩子们跑了一天，睡得像小狗子一样。大豆比玉米还等不得，大豆熟了不收割，会噼里啪啦地炸在地里。镰刀割过的大豆秸秆很锋利，可以扎破一般的鞋子。手套、硬底鞋都是不可少的装备。收割回家的大豆，晾晒到庭院里。只要一有功夫，就得用木杈棍棒之类的农具，一遍遍地捶打连带着秸秆晒干的大豆，直到豆荚全部开裂，一粒粒的豆子都蹦出来。“麻屋子，红帐子，里面住着白胖子。”村里的孩子在田间地头唱着。刨花生、挖红薯，都是这个季节的工作。秋收的几天，都比平时吃得好。出了力气还能不吃饱？老太太都比平时舍得放油。新摘的豆角、又甜又面的红薯、烫嘴的玉米棒子……丰收，真好！院子里堆着粮食，老爹惬意地抽着烟：“慢点吃，多着啦。”乡里赶季节像拼命，一眨眼的功夫，田野里的金黄就被铺进了各家院子里、房顶上。看着这画一样的美景，村里人会开怀一笑。可谁知道这笑里包含的滋味呢？腰知道，腿知道，浑身的骨节知道，地里的蚊子知道，天边的月亮知道……秋收完了是秋种。撒肥料、耕地，过去是牛，现在是车，一块接着一块，日夜不停。放假回家收秋，真的就是收秋么？想一想你多久没回家了、多久没相聚了？收秋也许只是父母想念子女的一个理由。我们常常感慨时间都去哪了，也许就在驻足停留的一瞬间，那些亲情和乡情的美好便不期而遇。放假回家收秋吧，看看父母和亲朋，也让父母和亲朋看看你！亲亲家乡的泥土，也让家乡的泥土亲亲你！-来源：河北日报（ID：hbrbgfwx）作者：赵红-图文版权归原作者所有，文章仅限于分享，非商业用途，如有侵权请联系。]]></content>
  <author><![CDATA[贵州新目标]]></author>
  <time>2018-10-07 22:00:00</time>
  <account><![CDATA[gzxmb2002]]></account>
</data>
