<data>
  <id><![CDATA[50555447]]></id>
  <url><![CDATA[https://mp.weixin.qq.com/s?timestamp=1539596693&src=3&ver=1&signature=Egrj350GoKY8-KUcIJshb-usTtPUtLXM3z29PH7dVVBDY4FbMz-cAEmNwrSWmSqViZUeTrc2mBTPSeZ3x-gMvkD8Z25cCyiy9Ib247PfHsAUdeM1h3k5*yl1dNd-nktqF1u6MZBwHPCXPp77VOgllkkKSCI*NGu7uTAHxvNlUlk=]]></url>
  <title><![CDATA[省里发话：同意这5个风景名胜区的最新规划！贵州旅游要放大招啦~]]></title>
  <content><![CDATA[-重磅消息-省政府已批复！贵州要建五个风景名胜区它们分别是雷山风景名胜区贵定洛北河风景名胜区盘州市古银杏风景名胜区六盘水南开风景名胜区盘州市坡上草原风景名胜区这5处景区，不管你之前去没去过这回肯定是要红了不信你看最新获批的规划▼▼▼1雷山风景名胜区图：悠然雷山根据省政府批复同意的《雷山风景名胜区总体规划(2018—2035年)》，未来，这里将变成一个：●以古朴自然、特征典型、保护良好的苗族村寨及山水环境为依托●以淳厚浓郁的苗族文化为特色●人与自然和谐相处、建筑与环境有机结合的典范●开展风情体验、文化活动、观光游览和休闲度假的省级风景名胜区雷山风景名胜区包含了4个景区和3个独立景点。西江景区：东起乌香坡山脚，南至这扑山山脚，西抵南贵村西侧山脊，北达堡子，面积为13.8平方公里。郎德景区：东起老丹江坡，南至脚猛村南侧山脊，西抵南孟村与乌瓦村界，北达雷山县与凯里市界，面积为29.5平方公里。大塘景区：东起乌独村与水溪村界，南至乌独村与咱刀村界，西抵叫翁西侧山脊，北达排先，面积为13.61平方公里。银匠之乡景区：东起控拜村与麻料村界，南至控拜村与堡子村界，西抵乌高上寨西侧山脚，北达乌高上寨北侧山脊，面积为3.68平方公里。©摄图网：西江苗寨掌坳铜鼓舞独立景点：东起八梭北侧山脊，南至莲花小学，西抵南亮村莲花河北岸，北达大塘镇与丹江镇界，面积为1.16平方公里。排卡芦笙世家独立景点：东起排卡寨西侧山脊，南至莲花河北岸，西抵莲花河东岸，北达排卡寨北侧山脊，面积为0.25平方公里。掌批苗寨独立景点：东起掌批上寨东侧山脊，南抵雷山县与丹寨县界，西接掌批下寨西侧山脊，北至掌批下寨北侧山脚，面积为1平方公里。©掌批苗寨：掌批苗寨2贵定洛北河风景名胜区洛北河漂流根据省政府批复同意的《贵定洛北河风景名胜区总体规划（2018—2035年）》，未来，这里将变成一个：●以田园风光、峡谷风光和布依族村寨群为主要景源特征●自然景源和民族风情有机融合●具有游览观赏、休闲度假、民族风情考察研究等多功能的省级风景名胜区。雷山风景名胜区包含了5个景区和2个独立景点。金海雪山景区：东起音寨冲，南至赵家山，西抵鸡狼冲，北达麦懂，面积为19.4平方公里。洛北河峡谷景区：东起小河大土，南至毛粟寨，西抵龙尾田，北达木老冲，面积为20.5平方公里。马场河穿心洞景区：东起龙尾田，南至幼木天，西抵磨刀石，北达锅厂，面积为8平方公里。金海雪山阳宝山佛教文化景区：东起营盘坡，南至闻江寺，西抵和平，北达桐木岭，面积为14.5平方公里。杨家寨石壁画廊景区：东起双田，南至下寨，西抵姊妹坡，北达马砖冲，面积为17.2平方公里。佛教名山阳宝山清定桥独立景点：位于盘江镇区内。牟珠洞独立景点：位于沪昆高速粑粑街南侧。3盘州市古银杏风景名胜区根据省政府批复同意的《盘州市古银杏风景名胜区总体规划（2018—2035年）》，未来，这里将变成一个：●以珍贵的古银杏林和古老的妥乐古村，以及历史悠久的盘州古城历史文化遗存为主体●开展观光游览、历史文化体验、佛教祭祀等游赏活动的省级风景名胜区。盘州市古银杏风景名胜区包含了4个景区和1个独立景群。古银杏景区：东起鸡冠石，南至下欠屯，西抵梭石坎，北达梅家箐，面积为15.3平方公里。丹霞山景区：东起下粉田，南至德寨，西抵高邦田，北达大黑箐口，面积为18.5平方公里。碧云洞景区：东与双凤镇规划区相接，南至大黑松林，西抵余家铺，北达上南沟，面积为16.5平方公里。杜鹃林景区：东起羊肠坡村，南至大栗树槽子，西抵胜境街道办事煤炭沟—岩上道路，北达筲箕湾，面积为7.7平方公里。盘州古城历史文化独立景群：位于盘州市城关镇（历史文化名镇）内，包括北门城楼及古城垣、九间楼、盘州文庙、城隍庙、张道藩故居、水星寺、文笔塔、东明寺、范家公馆、凤山书院10个景点，景群面积约为0.045平方公里。盘州古城过去的中心，书院山4六盘水南开风景名胜区根据省政府批复同意的《六盘水南开风景名胜区总体规划（2018—2035年）》，未来，这里将变成一个：●以南开苗族为代表的民族文化为特色●以天生桥、阿勒河为代表的自然景观为主体●以凉爽的气候为优势●具有文化体验、观光游览、探险探秘等多功能的省级风景名胜区南开苗族跳花节六盘水南开风景名胜区包含了5个景区。天生桥景区：东起水城县与纳雍县交界大干河，南至干河沟，西抵水城县与赫章县交界刘家坪南侧山脊，北达水城县与赫章县交界双山垭口，面积为9.42平方公里。南开景区：东起勺罗冲东侧山脊，南至戛拉垭口，西抵小吴戛，北达麻窝寨，面积为8.49平方公里。二道坪景区：东起戛拉垭口，南至连山河，西抵格木仲，北达包包角，面积为10.67平方公里。天生桥海发景区：东起水城县与纳雍县交界神仙坡，南至海发村大箐脚，西抵罗家寨西侧山脊，北达水城县与纳雍县交界瓦厂北侧山脊，面积为5.69平方公里。阿勒河景：东起石家岩脚，南至马家岩南侧山脊，西抵马家水井东侧山脊，北达安家寨，面积为17.28平方公里。阿勒河5盘州市坡上草原风景名胜区根据省政府批复同意的《盘州市坡上草原风景名胜区总体规划（2018—2035年）》，未来，这里将变成一个：●以乌蒙草原和杜鹃景观为核心●以丰富的峰林、峡谷、洞穴等喀斯特地貌为主要特色●以观光揽胜、科普科考、休闲度假和户外活动为主要功能的省级风景名胜区贵州最美山顶草原，坡上草原盘州市坡上草原风景名胜区包含了3个景区。乌蒙大草原景区：东起盘州市与水城县交界，南至坪地乡集镇北侧山脚，西抵罗基壳村西侧S212，北达八担山村北侧的盘州市与水城县交界，面积为55.5平方公里。八大山画廊景区：东起马夫坪北侧山体，南至清水村北侧山体，西抵朱家寨北侧山体，北达乌姑东北侧山脊，面积为98.1平方公里。格所河峡谷景区：东起盘州市与黔西南州普安县交界，南至落水洞南侧山脊，西抵龙潭井东侧山体，北达梭罗山北侧山脊与县界重合，面积为36.9平方公里。格所河峡谷看完规划介绍，是不是挺期待的？其实很多人都没注意在这五个景区之前贵州就已经陆续批复了另外几个景区赶紧看看你们漏掉了哪些？▼▼▼6龙里猴子沟风景名胜区9月26日，省政府批复原则同意《龙里猴子沟风景名胜区总体规划（2018—2035年）》。龙里猴子沟风景名胜区将成为一个：●以秀美的峡谷、独特的气候、优美的田园风光和浓郁的民族风情为特色●集观光游赏、休闲避暑、生态保育、水源涵养、科普探险、民族文化体验及保护等多功能于一体的省级风景名胜区龙里猴子沟风景名胜区包含了4个景区、3个独立景点和1个服务区。马郎坪景区：东起长坪坝，南至摆嫁坪，西抵王寨，北达奶菜坡，面积为8.05平方公里。五里坪景区：东起中国翁，南至冲头寨，西抵大草原服务区，北达下坝，面积为10.64平方公里。谷鸟坪景区：东起摆惹寨东，南至小谷咬，西抵倒桥，北达腰萝冲，面积为9.89平方公里。猴子沟景区：东起火烧寨，南至鸭店坪东侧，西抵小谷咬，北达摆惹寨南，面积为11.96平方公里。©dundungang：猴子沟麻若地宫景点：位于风景名胜区南部、S422县道东侧，面积约0.52平方公里。水落洞景点：位于风景名胜区西南部、南至高坡集镇的县道北侧，面积约0.83平方公里。湾弓寨景点：位于风景名胜区北部湾弓寨，面积约0.1平方公里。龙里大草原服务区：东起高峰村，南至摆架坪，西抵陆家寨，北达王寨，面积为1.21平方公里。7剑河风景名胜区8月26日，省政府批复原则同意《剑河风景名胜区总体规划（2018—2035年）》。剑河风景名胜区将成为一个：●以清水江山水资源和地域人文为依托●以河湖风光、温泉、古生物化石群、森林生态景观和苗侗文化为主要特色●以生态体验、科普科考、文化体验、休闲度假为主要功能的省级风景名胜区剑河温泉剑河风景名胜区包含了4个景区和7个独立景点。八郎温泉景区：位于革东镇，东达冷水沟以东760米，南抵猫猫寨以北470米，西至辣子寨，北达平塘坡溶洞群，面积为33.64平方公里。百里森林景区：位于南哨镇，东起天堂界，南抵高定村以北1000米，西至久吉村，北达基佑村，面积为60.89平方公里。仰阿莎湖景区：位于南寨镇、南加镇，东西两侧以沿清水江植物群落为界，南抵塘边村，北至满天星，面积为77.01平方公里。磻溪景区：位于磻溪镇，东起剑河县界，南抵812县道，西至洞脚村以西865米，北达磻溪镇规划区北部边界，面积为22.3平方公里。仰阿莎湖下岩寨独立景点：以下岩寨苗族风情展示为主要景观特色，面积约0.2平方公里。寨章独立景点：以寨章村为主要景观特色，面积约0.2平方公里。久脸苗族分迁遗址独立景点：东起播海沟，南抵836县道，西至久脸村以西400米，北达久脸村以北400米，面积约1.03平方公里。八万山独立景点：东起八万山，南抵翁王村，西至下半溪以西30米，北达836县道，面积约2.07平方公里。龙尾巴山独立景点：东至交沙坡山顶，南抵清水江，西至清水江，北达老虎跳以南1200米，面积约3.62平方公里。凤龙山独立景点：东至镇江乡中都，南抵白闹大破山顶以南430米，西至凤龙山，北抵清水江，面积约2.37平方公里。小广村独立景点：东起小广村以东600米，南达小广村以南2100米，西至830县道，北抵小广村以北220米，面积约2.67平方公里。8梵净山太平河风景名胜区7月9日，省政府批复原则同意《梵净山—太平河风景名胜区总体规划(2018—2030年)》。梵净山—太平河风景名胜区将成为一个：●依托梵净山世界自然遗产地、梵净山国家级自然保护区的自然生态环境●以佛教文化活动和太平河、黄牯山等秀丽的自然山水风光为主要特色●融入地方民族民俗文化，适宜开展游览观光、佛教活动、避暑休闲、徒步登山等活动的省级风景名胜区梵净山—太平河风景名胜区包含了3个景区、2个独立景点和1个独立景群。太平河景区：东起赖子东，西与梵净山世界自然遗产地、梵净山国家级自然保护区相接，南抵江口县城城市规划区，北达核桃坪，面积为35平方公里。鱼粮溪景区：东、西两侧分别以溪谷两侧可视范围山头为界，南抵茶园山，北达鱼粮溪与闵孝河交叉口，面积为11平方公里。黄牯山景区：东起坝上，西至上白岩，南抵地落水库，北达老山冲，面积为21平方公里。河口石拱桥独立景点：位于凯里沟东北侧，面积约800平方米。德旺独立景群：位于梵净山西麓德旺乡境内的梵净山游览环线上，面积为2平方公里，包括坝梅寺、朝阳寺及三角庄红号军起义根据地遗址3处。凯里沟大峡谷独立景点：位于凯里沟西南侧，面积约1平方公里。短短三个月贵州就批复了这么多景区的规划看来真的是准备放大招了贵州旅游，未来肯定更火更红！-贵州新目标综合整理-部分图文来源于网络，版权归原作者所有，文章仅限于分享，非商业用途，如有侵权请联系。]]></content>
  <author><![CDATA[贵州新目标]]></author>
  <time>2018-10-09 22:00:00</time>
  <account><![CDATA[gzxmb2002]]></account>
</data>
