<data>
  <id><![CDATA[50555447]]></id>
  <url><![CDATA[https://mp.weixin.qq.com/s?timestamp=1539596693&src=3&ver=1&signature=Egrj350GoKY8-KUcIJshb-usTtPUtLXM3z29PH7dVVBDY4FbMz-cAEmNwrSWmSqViZUeTrc2mBTPSeZ3x-gMvhct01rCBsFz0nz6jT7hpY*0BlxBf-oNMDP5EPa0xMF4bgkvKZlPbOobzxZPqvR*9gyflrE52M5zjEqzlz3dZRQ=]]></url>
  <title><![CDATA[贵州人赶紧看~原来有些小区停车位，你真的可以不用买，免费用！]]></title>
  <content><![CDATA[来！有车的贵州人必看~一说到停车问题现在的司机都苦不堪言走街窜巷“抢车位”的艰辛大家都懂而最让人绝望的是好不容易买了房买了车却还要面临买小区车位的窘境并且，有些车位一点都不便宜之前广州某个小区叫价100万元/个真的是天价啊车可能才20多万车位就要上百万这不是我们常说的“豆腐比肉贵”吗？（新闻视频截图）贵州的车位虽然没那么贵但因为停车发生纠纷的事也不稀奇毕竟几十百把万买了房子没地方停车感觉就像购房款打了水漂而且有的楼盘车位只租不售又有的楼盘只售不租所以很多人都搞不清楚小区的车位是怎么规定的｜停车位根本不用买？前段时间，朋友圈有人在传：买车位的人都是在白花钱，车位根本不用买，本来就是业主的。文章是典型的标题党！所谓的新规，也是早在2007年10月1日就施行的《物权法》。那到底需不需要买车位？我们还要翻开这份物权法来看看：《物权法》第七十四条建筑区划内，规划用于停放汽车的车位、车库应当首先满足业主的需要。建筑区划内，规划用于停放汽车的车位、车库的归属，由当事人通过出售、附赠或者出租等方式约定。占用业主共有的道路或者其他场地用于停放汽车的车位，属于业主共有。在物权法七十四条的三款里，相当于把小区车位分成了两种。一种是有规划的，一种是没有规划的。简单点说就是：●有规划的车位，由房开卖或者租给业主●没有规划的车位，占了谁的地就是谁的（占了业主公摊就归业主共有）所以如果你想知道你们小区的车位用不用买，第一步，先找出你们小区的规划图。第二步，看图上这个车位在哪里，有没有规划出来。如果有，这个车位就不归业主。如果没有，就看这个车位占了什么房子或者土地，这个被占的土地是业主的，就归业主共有。｜哪些车位不用买？帮大家把车位粗略分成了6类，对号入座就可以判断你家车位到底用不用买。（由于现实情况往往更复杂，仅供参考）1.敞开式地上车位小区里的敞开式地上车位通常归业主共同且免费使用。这类车位主要是指通过在地面上划出车位而规范停车形成的车位。业主购买房屋，便拥有了社区的土地使用权，所以在权属属于业主的土地上规划的车位，房开或者物业无权处置。2.小区建筑区划内规划建设的车位建立在小区规划建设车位的地方的车位，产权是归房开的。因为在规划之初，该地块就被规划设计为车位，没有计入业主的购房面积之中。但是这种车位，业主可以在入住后，通过购买手段获得。3.未计入公摊面积的地下车位地下车位所占用的面积如果没有被计入业主的公摊面积之中，那么就归开发商所有。房开商可以出售、出租车位，但需要首先满足业主的需要。这种车位的前提是，要在购房合同中体现，进行说明，即该部分不计入公摊。4.计入公摊面积的地下车位算入公摊面积的地下车位，房开和物业无权出售。这类车位就像小区的其他公共配套一样，供全体业主使用。不过既然是作为停车使用，就有专门的管理人员等等开销，需要收取部分费用，该部分费用房开不能私自用作他途。5.人防工程车位人防工程车位所占的面积属于人防工程，是属于政府的。法律规定，谁投资修建人防工程，在和平时期，就由谁来经营使用。所以，一般是由房开方管理，出租或出售给业主使用，费用上交人防工程部。6.机械车位机械式停车位因为操作方式和占地面积小、空间利用率高等优势，在现在的很多社区被广泛运用。但也由于机械车位是一个移动的非独立空间，所以一般情况下无法办理产权登记，只能由开发商对外进行出租。这下都应该清楚了不是所有的停车位都需要购买也并不是所有停车位都能免费停赶紧把它告诉身边的朋友吧！-贵州新目标综合整理-部分图文来源于网络，版权归原作者所有，文章仅限于分享，非商业用途，如有侵权请联系。]]></content>
  <author><![CDATA[贵州新目标]]></author>
  <time>2018-10-10 22:00:00</time>
  <account><![CDATA[gzxmb2002]]></account>
</data>
