<data>
  <id><![CDATA[50555447]]></id>
  <url><![CDATA[https://mp.weixin.qq.com/s?timestamp=1539596693&src=3&ver=1&signature=Egrj350GoKY8-KUcIJshb-usTtPUtLXM3z29PH7dVVBDY4FbMz-cAEmNwrSWmSqViZUeTrc2mBTPSeZ3x-gMvoi1UU-TnaDf6UQB399jiKoaBOIqZOP5qgguCj-e0sbnhnQ42tsgdiLPFuOhPt**UhJ-QcWqyou8VH8Qxb6DM0M=]]></url>
  <title><![CDATA[强烈建议高铁给这些人开一节专用车厢！国庆遭整惨了~]]></title>
  <content><![CDATA[国庆回来第一天是公认的“倒苦水”时间XXX城市坑死哦，东西又贵又难吃XXX景区挤死哦，全程只有人脑壳XXX高速堵死哦，个把小时不得动这些我都不想说我只想给高铁有关部门提点建议~前段时间高铁“霸坐”事件闹得沸沸扬扬这次国庆坐高铁出去“霸坐”的人，确实没看到“霸气”的人，倒是真不少讲话声音大得像按了喇叭的脚臭得伤心还要脱鞋的喊你跨10节车厢换位子的......只要遇到这些人假期旅行瞬间变假期修行所以，强烈建议高铁以后不要再分什么特等座、一等座、二等座直接按人群分车厢1希望把那些睡觉打噗汗的人设成一个单独车厢上车睡觉是个好习惯但比雷都响的噗汗声真心遭不住关键一打还几个小时等他们好不容易睡完瞌睡全车的人都长舒一口气世界终于安静了不如大家睡一起共同谱写“噗汗交响曲”2能不能再设立一个打牌车厢不管你是要斗地主还是搓麻将输了掏钱还是弹脑崩通通都在这里不然一惊一乍真的很吓人而且观众太多还堵塞过道聚在一节车厢一方面方便监管一方面方便大家凑角子请给他们安排提前祝大家手气红火3用生命申请请把要脱鞋的人安排到一起一节车厢只要有一个人脱鞋从头到尾都是豆豉粑的味道请他们把鞋穿上，有些人还说我自己的位置想怎么坐要你管所以还是让他们自相残杀去吧4还有建议再分一个自带异味食物车厢牛肉粉配大蒜也好方便面加水豆豉也罢榴莲想怎么吃就怎么吃总之不要害得同车的人窒息而死5为了促进经济的繁荣发展应该给那些一上车就款天嗑地吹他去过哪些国家和哪些名人吃过饭谈过几千万大生意的人专门设定一个VIP包厢你想啊，这样无形之中促成了牛人们的强强联合岂不是利国利民的好事6有些小孩子很乖但有些“熊孩子”真的忍不了上蹿下跳，大吼大叫即使亲妈用生命嘶喊也管不住一趟车坐下来头像被蜜蜂叮了500个包一样痛干脆给他们设一个自由飞翔的车厢座位也不用要，跑起还安全免得磕到头，碰到腿的7最后，如果还是不能设独立车厢起码把有“多动症”的人安排靠过道坐嘛本来就个把小时的车程一哈喊你让他上厕所一哈喊你让他买东西一哈喊你让他下车抽烟一哈喊你让他拿包包真想问一句你就不能一趟全部搞干净吗？如果以上诉求有关部门实行起来实在困难那能不能给每个座位加上匿名投票系统哪个被车厢半数人以上投诉就会被强制请下车感谢-贵州新目标综合整理]]></content>
  <author><![CDATA[贵州新目标]]></author>
  <time>2018-10-08 22:00:00</time>
  <account><![CDATA[gzxmb2002]]></account>
</data>
