<data>
  <id><![CDATA[50555447]]></id>
  <url><![CDATA[https://mp.weixin.qq.com/s?timestamp=1539596693&src=3&ver=1&signature=Egrj350GoKY8-KUcIJshb-usTtPUtLXM3z29PH7dVVBDY4FbMz-cAEmNwrSWmSqViZUeTrc2mBTPSeZ3x-gMvps4Q5Is29EZl6637jh4Ut*SEC33mLi2ssGsxnSLG0MCzueCrftfq*L*ZxJdS1wszbq-nFWUr5rKzi18aLwhJ2A=]]></url>
  <title><![CDATA[贵阳中华路沿线地下通道改造完成！垂直升降、电动扶梯……太方便了]]></title>
  <content><![CDATA[告诉大家一个好消息历时10个月中华路沿线地下通道改造工程完工啦整个工程增设了8台自动扶梯、11台垂直升降梯、16台斜挂式轮椅升降平台，现已全部投入使用。看~这就是垂直升降梯↓↓↓说起中华路沿线的地下通道相信很多贵阳的小伙伴都在这里“吃过苦头”通道深、台阶多爬上爬下很费劲去年11月底，本着利民便民的原则，中华路沿线9个地下通道（含新华路九中地下通道）改造工程正式启动。具体涉及☟省政协地下通道六广门地下通道永乐路地下通道中黔商场地下通道太平路地下通道中中商场地下通道中都商场地下通道邮电大楼地下通道九中地下通道地上建筑面积为 65.26 平方米地下建筑面积 349 平方米现在再走地下通道就不用担心你们的“老腿老腰”了▼省政协地下通道台阶：58级改造前磨人指数：5星省政协地下通道纵深较长，上下台阶多，爬上爬下很费劲。改造后，增加了2台自动扶梯、1台斜挂式轮椅、1台垂直升降梯。六广门地下通道台阶：64级改造前磨人指数：5星六广门地下通道深达9米，被贵阳人称为最深的地下通道，楼梯又高又陡。改造后，增了3台自动扶梯、3台斜挂式轮椅升将平台。永乐路地下通道台阶：61级改造前磨人指数：5星永乐路地下通道很陡，许多老年人走到一半就气喘吁吁。改造后，增加了3台垂直升降梯、1台斜挂式轮椅升将平台、1台自动扶梯。太平路地下通道台阶：58级改造前磨人指数：4星太平路地下通道台阶多，走几个台阶就得停下来休息一下再继续。改造后，增加了2台自动扶梯、2台斜挂式轮椅升将平台。中中商场地下通道台阶：38级改造前磨人指数：4星中中商场地下通道台阶虽然不多，但对于老年人来说走台阶还是很“吃力”。改造后，增加2台斜挂式轮椅升将平台。中都商场地下通道台阶：34级改造前磨人指数：4星中都商场地下通道和中中地下通道一样，地下通道里均是商场。每天来来往往的人很多，小伙伴们没少走过这里。改造后，增加了4台斜挂式轮椅升将平台。邮电大楼地下通道台阶：56级改造前磨人指数：4星邮电大楼地下通道是一个通讯商城，通道路口台阶多，又陡。改造后，增加了2台垂直升降梯、1台斜挂式轮椅升将平台。特别提醒：电梯运营时间为早晨7点到晚上10点，节假日期间运行时间会有调整。地下通道的提升改造在方便大家的同时更为残障人士和老人提供了极大便利利民惠民好工程必须一个！-贵州新目标原创稿件]]></content>
  <author><![CDATA[贵州新目标]]></author>
  <time>2018-10-11 22:00:00</time>
  <account><![CDATA[gzxmb2002]]></account>
</data>
