<data>
  <id><![CDATA[50555447]]></id>
  <url><![CDATA[https://mp.weixin.qq.com/s?timestamp=1539596693&src=3&ver=1&signature=Egrj350GoKY8-KUcIJshb-usTtPUtLXM3z29PH7dVVBDY4FbMz-cAEmNwrSWmSqViZUeTrc2mBTPSeZ3x-gMvps4Q5Is29EZl6637jh4Ut*dAMfBtoPe9OBh6HlvP5oj4manwt1VL2SJdiLCrRQZCqHc5R2BPwg60fRam-HdP-s=]]></url>
  <title><![CDATA[贵州这些风情浓郁的少数民族，数都数不完！你了解多少？]]></title>
  <content><![CDATA[大家都知道贵州是个多民族汇集的大家庭少数民族人口占了总人口的39%想要了解原始的民族文化和风俗习惯来贵州就对了不过，你对贵州少数民族文化又了解多少呢？“地处中国西南的贵州，自古以来就是少数民族聚居地。人口最多的少数民族是苗族，主要分布在黔东南、黔南、黔西南；其次是布依族，主要分布黔南、黔西南和安顺地区；另外主要分布在黔东南的侗族、分布在印江的土家族、分布在三都、荔波的水族以及分布在黔西北的彝族等，都是贵州主要的少数民族。苗 族摄：自然－行色贵州是苗族人口最多的省份，主要集中在黔东南。苗族的宗教信仰主要是自然崇拜和祖先崇拜。备受关注的苗族服饰因地区不同，服饰也有差异，银饰、苗绣、蜡染是苗族服饰的主要特色。图片来源：台江旅游网苗族妇女服饰仅在贵州境内就有上百种，总的说来是于朴素之中追求华丽重彩，以刺绣、挑花、蜡染为主要工艺，佩戴贵重银饰后显得富丽堂皇。男子畜发包头巾，身穿无领、大袖、宽裤脚服装，腰带束身，冬天缠裹。黄平苗族银饰：以拉丝为主，其图形多为蝴蝶、龙、鸟、鱼、花、草等自然形，而且各形之间相互渗透。苗族主要节日：苗年、吃新节、四月八、芦笙节、端午节、龙船节等。想要近距离接触苗族文化那肯定要来这里西江千户苗寨是一个保存苗族“原始生态”文化完整的地方，由十余个依山而建的自然村寨相连成片，是目前中国乃至全世界最大的苗族聚居村寨。摄：行行摄摄详细地址：黔东南州雷山县东北部的雷公山麓参考票价： 100 元/人交通贴士：贵阳—沪昆高速—兰海高速—凯雷高速—西江千户苗寨特色看点：吊脚楼群、苗寨梯田、苗寨全景、文化表演特色美食：酸汤鱼、米花饭、龟凤汤岜沙苗寨，是中国最后一个枪手部落，是一个纯苗族村寨。摄：冬至详细地址：黔东南州从江县，距离县城 7.5 公里参考票价： 80 元/人交通贴士：贵阳—玉三高速—三凯高速—黎洛高速—新城路—岜沙苗寨特色看点：自然村寨、剃头、生命之树、毛主席纪念堂香樟木纪念亭特色美食：白斩鸡、酸汤、腊肉布 依 族图片来源：中新网布依族主要集中在黔南布依族苗族自治州和黔西南布依族苗族自治州。布依族信仰祖先和多种神灵。山、水、井、洞及生长奇特的古树无不被认为是神灵的化身。布依族服饰千百年来逐渐演变，服饰多为青、蓝、白几种颜色。妇女着大襟短衣，部分着百褶长裙。男性老年人多穿长衫。摄：刘杰布依族女性多穿短襟长裤，配有栏干花纹装饰，也有穿裙的。喜欢蜡染，领、肩、饰等。男性式样简单，与汉族大致相同。兴义布依族银饰：以錾凿为主，其图形多为鱼、花、草等自然形及回纹等几何形状。布依族传统节日：三月三、四月八、六月六、吃新节、七月半等。摄：张晖从布依族节日感受民族文化到布依族之乡体验民族风情南龙布依古寨村民都是布依族，至今仍保持男耕女织的生活习俗，身穿衣物均是妇女自编自织、自染自缝的土布，古色古香。摄：Mimo夏未末详细地址：黔西南州巴结镇万峰湖畔参考票价：免费开放交通贴士：贵阳—贵黄高速—镇胜高速—晴隆兴高速—兴关公路— 324 国道—南龙布依古寨特色看点：参天古榕树、吊脚楼、布依族服饰、文艺表演（八音坐唱）特色美食：农家家常菜瓦嘎布依村寨，村寨中除有狮灯外，还有唢呐、花灯等活动，特别是上、下瓦嘎，称之为“狮子窝窝”，远近闻名。摄：落绪纷飞详细地址：黔西南州兴义市马岭镇参考票价：免费开放交通贴士：贵阳—贵黄高速—镇胜高速—晴隆兴高速—兴关公路— 309 省道— 632 县道—瓦嘎布依村寨特色看点：布依房屋、纳海、瓦嘎高台舞狮特色美食：农家家常菜侗 族侗族主要分布在黔东南苗族侗族自治州、铜仁市。侗族是一个爱美、善于创造美，富有浪漫诗情的民族。侗语“多耶”二字，翻译成汉语就是“踏歌而舞”。侗族服饰多种多样，不同年龄、不同季节有不同的装饰。其中头饰达 50 余种，以银饰为主。摄：梦龙分南北部服饰，南部服饰接近古代，妇女穿裙束髻绑腿；北部一般穿短衣长裤。从江侗族银饰：从江侗族银饰以錾凿为主，其图形多为狮、麟、鱼、花、草等自然形及大量自然几何形状，花、草及几何图案偏多。侗族主要节日：年节、花炮节、赶社、斗牛节、播种节、尝新节、赶歌会、过冬节等。图片来源：平顶山日报会说话就会唱歌的侗族人民你难道不想亲自去听听肇兴侗寨是最大的侗族村寨之一，被誉为“鼓楼文化艺术之乡”。肇兴不仅是鼓楼之乡，而且是歌舞之乡，寨上有侗歌队、侗戏班。摄：a崽详细地址：黔东南苗族侗族自治州黎平县参考票价： 100 元/人交通贴士：贵阳—都织高速—厦蓉高速—黎洛高速— 202 省道—肇兴侗寨特色看点：钟鼓楼、风雨桥、侗族大歌、侗寨全景特色美食：酸菜、侗乡烧鱼、糯米饭占里侗寨是一个植被良好、民族风情浓郁的侗寨，这里人口自然增长率几近于零。详细地址：黔东南州从江县高增乡参考票价：免费开放交通贴士：贵阳—都织高速—厦蓉高速— 321 国道—占里侗寨特色看点：粮仓、禾架、木楼、蓝靛、鱼塘、传统服饰、大歌音乐特色美食：逛完侗寨可到附近县城，推荐牛瘪和羊瘪、侗家腌鱼土 家 族贵州省土家族主要分布在沿河、印江、思南、江口、德江等县。土家族信仰多神，表现为自然崇拜、图腾崇拜、祖先崇拜、土王崇拜等，巫风巫俗尤烈。土家族在服饰方面，尚俭朴，喜宽松。传统衣料多为自织自纺的青蓝色土布或麻布。很多地方土家族的服饰与汉族差不多。只有在隆重集会和节日，或偏僻山村，才能见到土家族传统服饰。摄：虎啸飞鹤土家族主要节日：赶年、牛王节、清明节、六月六（晒龙袍）、女儿会、社日、端午、月半、中秋、小年等。图片来源：铜仁网感受真正的土家文化当一次土家人云舍村，这里被誉为“中国土家第一村”，宛若世外桃源般的自然村落。摄：W_xian详细地址：铜仁市江口县太平乡云舍村参考票价： 98 元/人交通贴士：贵阳—贵瓮高速—江都高速—大思高速—梵净山大道—云舍村特色看点：神龙潭、龙塘河、古法造纸坊、土家筒子屋特色美食：油茶、社饭、土家十大碗淇滩镇属于特色土家、汉、苗杂居村寨。详细地址：铜仁市沿河土家族自治县淇滩镇参考票价：免费开放交通贴士：贵阳—思遵高速— 326 国道—沿德高速— 566 县道—淇滩镇特色看点：木雕、石雕、土家傩戏班子、民俗节日活动特色美食：油茶、社饭、土家十大碗彝 族摄：冲出江湖彝族是一个历史悠久的民族，相传是古羌人的分支。主要分布在贵州威宁、毕节、六盘水等县市。彝族的服饰，多姿多彩，风格独具，形态有近百种。并且以大量银制品和刺绣装饰。摄：冲出江湖彝族主要节日：火把节、彝族年 、拜本主会、密枝节、跳歌节等。火把节是彝族地区最普遍而最隆重的传统节日。摄：枫自飘零热闹的彝族火把节看起来就很想参与其中呢~珠市彝族乡是赫章县唯一的彝族乡，许多面临消失的民族传统，在这里完整地保留下来，形成了独特的“阿西里西”文化。彝族酒礼歌，敬酒歌，铃铛舞、顺风耳等彝族传统歌舞以及彝族火把节成为重要的人文遗产。图片来源：赫章县人民政府网详细地址：毕节市赫章县参考票价：免费开放交通贴士：贵阳—贵黔高速—黔大高速—杭瑞高速—毕威高速— 212 省道—珠市彝族乡特色看点：彝族传统歌舞、民俗节日活动、韭菜坪特色美食：砣砣肉、糍粑，坛坛酒、泡水酒、酒茶麻郎垤彝族村寨是一个纯彝族村寨，有着“民族文化歌舞之村”的美誉。民族文化浓厚，山歌源远流长，随时都能听见即兴的山歌对唱。详细地址：六盘水市盘州淤泥乡参考票价：免费开放交通贴士：贵阳—贵黄高速—六镇高速—六六高速—杭瑞高速—水盘高速—212省道—麻郎垤彝族村寨特色看点：彝族传统歌舞、民俗节日活动、民俗博物馆特色美食：水拌酒、砣砣肉仡 佬 族贵州仡佬族主要分布在务川和道真两个仡佬族苗族自治县和石阡县。仡佬族崇拜祖先， 奉祀竹王、蛮王老祖、山神。有本民族专司祭祀、祈福求寿、退鬼、超度亡灵的巫师。仡佬族男女皆穿裙（男裙短，女裙长），质料有葛、麻、羊毛、丝、棉布等。男女多以长帕包头，有的妇女或用花布一块盖顶。仡佬族节日：春节、仡佬节、祭山节、吃新节、牛王节、敬雀节、捉虫节等。图片来源：中新网全国仡佬族同胞寻根问祖的圣地感受仡佬民族文化的目的地务川龙潭仡佬丹砂古寨是全国仡佬族文化保存较好的村寨，这里是“世界上最古老的仡佬古寨”。仡佬族是世界上最早攻取丹砂冶炼技术的民族。摄：老驴66348详细地址：遵义务川县大坪镇龙潭仡佬族文化村参考票价： 30 元/人交通贴士：贵阳—贵遵高速—思遵高速—道安高速—德习高速— 346 县道—务川龙潭仡佬丹砂古寨特色看点：古寨建筑、民俗节日活动、遗址故居特色美食：油茶平正仡佬族乡有“中国仡佬族第一乡”之称。其民族文化及民族生活习俗、民族建筑等保存相对完好。平正仡佬族文化中的图腾崇拜（竹王）与祭祀、语言、歌舞、服饰等有较完整的传承记载。来源：遵义县纪委详细地址：播州区西部与仁怀市接壤参考票价：免费开放交通贴士：贵阳—贵遵高速— 326 国道—杭瑞高速—遵赤高速—平正仡佬族乡特色看点：古寨建筑、民俗节日活动、天宝山圆通寺、黑脚岩瀑布特色美食：仡乡风味餐水 族水族主聚居在黔南的三都水族自治县、荔波、独山、都匀等县市。鱼是水族的图腾，饭稻羹鱼是水族的重要社会习俗。自然崇拜、祖灵崇拜、神灵崇拜构成了水族信仰的核心。摄：梦龙水族在服饰上禁忌红色和黄色，男女衣服多以青、蓝两色为主。盛大节日或宴会时，戴各式各样的耳环、项圈、手镯等银饰。摄：梦龙三都水族银饰：三都水族银饰以錾凿为主，图形多为龙、鸟、鱼、花、草等自然形状。水族主要节日：端节、额节、卯节、苏宁喜节、铜鼓节等。摄：梦龙文字是文化的体现到水族之乡体会文化的魅力水各村是水族“卯节”的发源地。尤其是水各大寨，全寨民房建设均是木瓦结构，还藏着一部分水书和水歌刊集。摄：宋小竹详细地址：黔南州三都县九阡镇西面参考票价：免费开放交通贴士：贵阳—都织高速—厦蓉高速— 994 县道—水各村特色看点：木建筑、仙人桥、山河瀑布、石棺墓、卯文化陈列馆特色美食：鸡煮菜稀饭、水族鱼包韭菜怎雷水族村寨是一个民族文化原生态保留得十分完好的水族村寨。完整保存着南方民居建筑样式——杆栏建筑，被国内众多研究专家誉为“中国民族建筑活化石”。图片来源：马蜂窝详细地址：黔南州三都自治县都江镇怎雷村参考票价：免费开放交通贴士：贵阳—都织高速—厦蓉高速— 321 国道—怎雷水族村寨特色看点：梯田、杆栏建筑、山河瀑布特色美食：水族鱼包韭菜每个民族都有自己独特的文化你还知道哪些贵州民族的文化特色？不妨来和大家分享一下-来源：贵州省旅游发展委员会-图文版权归原作者所有，文章仅限于分享，非商业用途，如有侵权请联系。]]></content>
  <author><![CDATA[贵州新目标]]></author>
  <time>2018-10-11 22:00:00</time>
  <account><![CDATA[gzxmb2002]]></account>
</data>
