<data>
  <id><![CDATA[50555447]]></id>
  <url><![CDATA[https://mp.weixin.qq.com/s?timestamp=1539596693&src=3&ver=1&signature=Egrj350GoKY8-KUcIJshb-usTtPUtLXM3z29PH7dVVBDY4FbMz-cAEmNwrSWmSqViZUeTrc2mBTPSeZ3x-gMvlpl*LVhmKsL*hzjGVVN8jamLdVoBlVHAn5Q41z9dTEfSU1JwFxo0tqbXbphpoUg5snwgrb093bZY0W9hKwnbns=]]></url>
  <title><![CDATA[下周还是雨雨雨！贵州人坚持住~周末就升温了！]]></title>
  <content><![CDATA[降温后的这段时间贵州人内心戏是这样的降温的第一天终于下雨了，凉快~降温持续了几天后这雨咋天天飘，出门好麻烦哦~然后裤脚打湿的到公司上班最后到了这个星期不想上班！不想出门！外面这么冷只想在家睡觉！回想去年贵州的秋天似乎格外岁月晴好国庆之后还穿了很长一段时间的短袖一直到11月份的前半个月到处仍是秋高气爽2017年11月12日摄于贵阳西普陀寺到了今年，贵州的天气说翻脸就翻脸一场秋雨一场寒这“嗖”的一下子降温让人措手不及原来常说有一种冷是你妈觉得你冷但今年才到10月份不用你妈喊你穿秋裤自己就已经先套上了而且最让人绝望的是连续的雨水让气温回升异常缓慢打开天气预报一看贵州最近的最高气温往往都在20℃以下甚至比北方还低像贵阳这两天最高气温15℃，最低气温仅有10℃北京都要暖和些来源：中国天气网真心怀疑我们在的是个假南方！不过，贵州人也不要太沮丧因为下周贵州要升温回暖了很多地方又将重回20℃贵州省气象台预报●明后两天（15日～16日）  全省阴天，夜间到早晨有小雨。●周三（17日)贵州西部地区阴天夜间有小雨，其余地区阴天到多云，气温有小幅度回升。●周四（18日)贵州东部地区多云转阴天有零星小雨，西部边缘小雨转阴天间多云，其余地区阴天有小雨。●周五至周日（19日～21日) 气温明显开始回升，贵州中西部及南部边缘地区夜间阴天有零星小雨，白天多云，其余地区阴天有小雨，局部中到大雨。各州市天气情况☟贵州省气象台预报贵阳遵义毕节六盘水安顺铜仁凯里都匀兴义虽然雨断断续续的没有完全停但最起码不会怕冻jio啦~运气好碰到没下雨还能趁机出去浪一圈毕竟秋天都已经到了，冬天还会远吗？等到再次降温出去玩的机会就越来越少了最后还是要提醒大家早晚请注意增添衣物雨天路面湿滑，能见度低驾车的朋友们一定要多加小心哦-综合整理自：黔气象、中国天气网-图文版权归原作者所有，文章仅限于分享，非商业用途，如有侵权请联系。]]></content>
  <author><![CDATA[贵州新目标]]></author>
  <time>2018-10-14 22:00:00</time>
  <account><![CDATA[gzxmb2002]]></account>
</data>
