<data>
  <id><![CDATA[51505178]]></id>
  <url><![CDATA[https://mp.weixin.qq.com/s?timestamp=1539596641&src=3&ver=1&signature=Egrj350GoKY8-KUcIJshb1jZCn7IwdPPn4h9nSXTHrauB9LAPwe9HN5225HnlQ*F9U*ug9*qb4twT7WSA*XGZYupBkLbv0v5hAMrD4nfDJ00DUznD1eV74GvjgNXeh0zX3kOKOmk9swOkCVevRO7xE86vN3Hs-qWDhg4cBQlAuA=]]></url>
  <title><![CDATA[我市某小区电梯门洞竟拿纸皮当填充物！开发商，你的良心不疼么？]]></title>
  <content><![CDATA[近日，不少家住我市隆华新村小区的居民向记者反映，小区内有的楼层电梯门洞瓷砖出现了裂痕，掉落下来后发现原本是泥浆的填充物被纸皮所代替，这也引起了小区居民对安全的担忧。对此，市住建局表示将介入调查。图片来源：直播海南据居民王先生介绍，之前，他所在的楼层电梯门洞瓷砖出现了裂痕，摇摇欲坠。10月5日晚上，破损的瓷砖掉了下来，他走过去一看，发现里面的填充物竟然都是纸皮。“按说应该是用水泥砂浆等做填充物固定，怎么就变成纸皮了呢？”王先生担忧地说，本应灌浆最后变成纸皮填充，如此工程质量怎么不让人担心。王先生称，之前他就发现电梯门洞瓷砖出现了空鼓，一开始他并没有在意，可后来整个瓷砖都出现了缝隙，不少瓷砖甚至直接脱落。这些 瓷砖每块面积都很大，不少居民也担心瓷砖掉落下来会砸伤居民。针对居民的担忧，小区物业工作人员表示，经他们检查，小区5号、6号楼的电梯门洞都出现了不同程度的瓷砖松动和断裂，具体原因他们也不清楚，目前他们已经联系了项目的开发商对这一问题进行处理。图片来源：直播海南而小区开发商海南某股份有限公司工程部的工作人员称，电梯边框与墙体之间是有空隙的，他们填充的也正是这个空间，但填充的空间并 不是墙体本身，所以并不影响房屋整体质量。另外，他们也会在近期对破损的电梯门洞进行修复。而电梯门洞瓷砖出现裂缝、空鼓、脱落的现象，可能与施工工艺和电梯使用不当有关。“虽然纸质填充物不影响整栋楼的质量，但还是存在一定的安全隐患。”针对开发商的说法，市住建局相关工作人员表示，他们将会对小区5号、6号楼的电梯门洞进行彻底排查，敦促开发商进行整改，消除隐患。儋州市新闻中心 记者：王家隆编辑：陈俊羽 审核：万善益]]></content>
  <author><![CDATA[这里是儋州]]></author>
  <time>2018-10-12 22:55:03</time>
  <account><![CDATA[HN-DTV]]></account>
</data>
