<data>
  <id><![CDATA[51505178]]></id>
  <url><![CDATA[https://mp.weixin.qq.com/s?timestamp=1539596641&src=3&ver=1&signature=Egrj350GoKY8-KUcIJshb1jZCn7IwdPPn4h9nSXTHrauB9LAPwe9HN5225HnlQ*F9U*ug9*qb4twT7WSA*XGZQhn*LXQ4TjcutE67sO3-BC0B7uTsimEHpq8jj7gbm9T3nzDi7sJfXDK35gMOtwhn*4UznAWhMUgw-6K9HuGOr0=]]></url>
  <title><![CDATA[环岛赛将于10月23日至31日举行！儋州站嘉年华活动精彩纷呈！]]></title>
  <content><![CDATA[/碧桂园杯/2018第十三届环海南岛国际公路自行车赛环岛赛“碧桂园杯”2018第十三届环海南岛国际公路自行车赛（简称环岛赛）将于10月23日至31日举行，比赛途经除屯昌、文昌、三沙外的海南16个市县，历时9天9个赛段，赛事总里程长1431公里。作为环岛赛“东道主”，儋州境内将设三个赛段的比赛，里程长411.5公里。第一赛段绕城赛：文化广场→兰洋路→中兴大道（左转）→云月路→人民西路→云月湖→云植路→中兴大道（左转）→云月路→宝岛路→南昌北路→国盛路→文化广场绕骑4圈，全程90KM。第二赛段（儋州-澄迈）：文化广场→国盛路→迎宾大道→体育中心→和庆镇→和庆路牌→和舍镇→澄迈县全程139.6KM。第九赛段（昌江-儋州）：昌江县→G225→雅星镇→西培农场→大成镇→白马井镇→洋浦大桥→洋浦关口折返→白马井镇→大成镇→西培农场→云月湖→云植路→中兴大道（左转）→云月路→宝岛路→南昌北路→国盛路→文化广场全程181.9KM。为营造赛事氛围21日至23日我市将在市文化公园举办“环岛赛”儋州站嘉年华活动活动开幕式在22日举行嘉年华活动场地设有四大区域分别是：舞台表演区、互动体验区、赛道区、儋州美食区1舞台表演区将进行文艺表演、骑行电影、民族歌舞、儋州调声、自行车表演以及开幕式等活动；2互动体验区设有儿童滑步车体验、骑行台挑战、魔术气球小丑表演、真人变形金刚表演和抖音互动门等项目；3赛道区将进行山海骑缘·2018海南岛国际骑游文化节儋州百公里骑游挑战、滑步车竞赛、彩车巡游、鸣枪开赛和荣誉骑行等活动；4美食区开展儋州美食展活动，届时将有儋州粽子等儋州美食及特产展示。山海骑缘·2018海南岛国际骑游文化节儋州百公里骑游挑战山海骑缘·2018海南岛国际骑游文化节儋州百公里骑游挑战是“一赛一节”（环岛赛和海南岛国际骑游文化节）共同推出的主打活动。即是环岛赛赛事品牌活动的延续，也是山海骑缘2018海南岛国际骑游文化节的核心活动环节。该活动将于21日举行，全程130公里，活动规模计划为1000人。路线为：市文化公园（起点）—洛基镇—东成镇—东坡书院—千年古盐田—白马井镇—S315—大成镇—市文化公园（终点）。赛事组委会有关负责人介绍，2018年儋州首次成为环岛赛“东道主”，此次环岛赛花落儋州，将带来国际性的骑行潮流文化，给儋州这个“动静皆宜”的城市增添新的活力。我们将以此次环岛赛为契机，开展一系列融体育、文化、旅游于一体的嘉年华活动，通过央视、旅游卫视等多媒体立体传播，最大化提升儋州知名度，同时也带动儋州全民健身运动及骑行旅游发展，丰富市民、游客的文化生活。儋州市新闻中心 记者：林晓云编辑：王彩玉 审核：万善益]]></content>
  <author><![CDATA[这里是儋州]]></author>
  <time>2018-10-12 12:15:10</time>
  <account><![CDATA[HN-DTV]]></account>
</data>
