<data>
  <id><![CDATA[51505178]]></id>
  <url><![CDATA[https://mp.weixin.qq.com/s?timestamp=1539596641&src=3&ver=1&signature=Egrj350GoKY8-KUcIJshb1jZCn7IwdPPn4h9nSXTHrauB9LAPwe9HN5225HnlQ*F9U*ug9*qb4twT7WSA*XGZYupBkLbv0v5hAMrD4nfDJ1AgB2sy8-c*AcQX1VPYGFd5htYN*JzUs1H4gb3CJFWQp1uYHViTpXT0oePWUc5Ev8=]]></url>
  <title><![CDATA[关注丨全市打击整治枪支爆炸物品违法犯罪市际联席会议召开！]]></title>
  <content><![CDATA[为认真贯彻落实习近平总书记重要指示精神和全国、全省打击整治枪支爆炸物品违法犯罪部（省）际联席会议精神，10月11日下午，省公安厅党委委员、市委常委、公安局局长、市际联席会议总召集人易向阳召集召开全市打击整治枪支爆炸物品违法犯罪市际联席会议，对打击整治枪支爆炸物品专项行动进行再动员、再部署。▲会议现场。易向阳指出，打击整治枪爆物品违法犯罪专项行动是一项重要的政治任务，各成员单位要深刻认识枪爆物品安全管理工作面临的严峻形势，振奋精神，真抓实干，上下齐心，共同把危爆物品安全管理网络编织得更加严密，把打击整治枪爆物品专项行动各项工作任务落实到位，为确保社会治安稳定，维护人民群众生命财产安全，促进儋州和谐安定作贡献。▲省公安厅党委委员、市委常委、公安局局长、市际联席会议总召集人易向阳在会上讲话。易向阳要求，各成员单位要正视工作中存在的问题和不足，切实增强打击整治枪爆物品违法犯罪行为专项工作的责任感和紧迫感。要坚持“打防结合、多管齐下，标本兼治、综合治理”的工作原则，从深化打击、收缴管控、重点整治等方面下功夫，深挖非法制贩源头，强化枪爆物品制造原材料和流通环节的管控。要开展深度宣传，积极动员群众主动上缴和提供线索。要围绕涉枪涉爆涉危的重点问题、重点地区、重点单位开展重拳整治，确保打击整治专项行动取得实实在在的成效。要切实加强组织领导，把打击整治枪爆物品违法犯罪工作纳入党委（党组）的重要议事日程，依托市际联席会议制度，加强执法合作，强化沟通协调，建立健全情报共享、联合执法、案件移送等协作机制，形成齐抓共管工作格局。要强化督导检查，加强考核评估，切实推动专项行动各项工作措施落到实处，取得实效。会议还传达了《中共儋州市委办公室、儋州市人民政府办公室关于建立儋州市打击整治枪爆违法犯罪专项行动联席会议制度的通知（儋委办发〔2018〕14号）》，通报了1-9月打击整治枪爆违法犯罪专项行动进展情况。市综治办、西部邮政管理局、市交通局和市公安局治安支队主要负责人在会上作发言。市委宣传部、市法院、市检察院、市网信办等市际联席会议成员单位，各镇主要领导和公安局相关部门负责人参加会议。儋州市新闻中心 记者：王家隆 文/图编辑：陈俊羽 审核：万善益]]></content>
  <author><![CDATA[这里是儋州]]></author>
  <time>2018-10-12 22:55:03</time>
  <account><![CDATA[HN-DTV]]></account>
</data>
