<data>
  <id><![CDATA[51505178]]></id>
  <url><![CDATA[https://mp.weixin.qq.com/s?timestamp=1539596641&src=3&ver=1&signature=Egrj350GoKY8-KUcIJshb1jZCn7IwdPPn4h9nSXTHrauB9LAPwe9HN5225HnlQ*F9U*ug9*qb4twT7WSA*XGZXvYeAyQUvWYgdoMHQp4MLQlQKcuvVKvVpjKOdHrKBF5Ny6xktz-LvYv3CoKFBud0Vmau3*e5*oMpimI8tw6VvA=]]></url>
  <title><![CDATA[儋州故事•人物丨琼纵骁将符志行，投笔从戎，战绩累累！]]></title>
  <content><![CDATA[核心提示：符志行（1919－2013），生于儋县清平乡美迎村（今儋州市和庆镇美迎村），学生时代开始走上革命之路。他骁勇善战，指挥战斗频获胜利，其中的“奔袭光村”“迈格之战”“智取福昌据点”等经典战例，至今还在海南广泛流传。1971年，他率中国代表团参加在日本举办的第31届世界乒乓球锦标赛，是中美“乒乓外交”事件的见证人之一。青年时代的符志行1开始走上革命道路符志行原名清劭，1919年出生在儋县清平乡美迎村（今儋州市和庆镇美迎村）一个衰落的大户人家。符志行的祖父符合瑾是清末监生，在地方上颇有声望；父亲符云梯（后改名“正气”）曾就读于府城华美中学，毕业回乡执教私塾，参加过农军，后来到那大福音医院习医，学成留院当了外科医生。童年时代，符志行随父母搬到那大，进入有名的灵光学校读书。1936年夏，符志行离开家乡，到广州岭南大学求学，在这里他参加了共产党的外围组织“读书会”。1937年卢沟桥事变后，符志行与“读书会”的成员一道，加入广东青年抗日先锋队（简称“抗先”），毅然走上抗日救国之路。这一时期，符志行改名“志行”，取“志不求易，行不避难”之意，以示与国家和革命事业共存亡的决心。1938年，岭南大学准备迁移到香港，符志行转学到广东省农业专科学校，继续参与“抗先”的抗日宣传活动。随着抗战局势的变化，“抗先”总部决定选派符志行等人赴延安抗日公学深造，然而由于北上交通中断，不能成行。符志行按照组织新的安排，返回家乡那大，组织宣传队，开展抗日宣传。1939年5月，日本侵略者占领那大。同年10月，马白山前来那大地区指挥琼崖独立总队第三大队以及组织群众打击日寇。第三大队组织政工队，符志行加入政工队，后任政工队队长。围攻那大行动委员会和指挥部成立后，符志行担任动员部部长，负责联络国民党各乡政府及动员各乡群众武装配合第三大队的军事行动。1939年年底，在广大群众的大力支持和地方抗日武装的通力合作下，第三大队攻克那大，日军向新州逃窜。1948年9月，琼崖纵队第三总队参加秋攻时的领导班子合影（后排左一为符志行）。2创建大南区根据地第三大队收复那大，迎来了琼西抗日斗争的大好形势，琼崖特委向琼西转移，建立山区根据地的条件已经具备。1939年12月，琼崖特委决定在澄、临、儋三县交界建立大南区抗日根据地，指定谢凤安、符志行和王茂松组成临时党支部，负责根据地开辟工作，由谢凤安任书记。临时党支部以夜校为阵地，从教识字、唱抗日歌曲入手，进行革命宣传，培养了众多抗日革命青年骨干。有了夜校的群众基础，农会、妇救会、青抗会和儿童团等组织在根据地陆续出现。大南区在发展过程中，成立党小组，多地还设立了党支部。为了统一领导，琼崖特委批准成立大南区党委，符志行任书记。日本侵略者和国民党反动派看到大南区抗日声势日趋高涨、抗日队伍不断壮大，既惊又怕，时不时进入根据地周围的红色村庄烧杀，妄图威慑和扼杀革命力量。对此，大南区锄奸队和各乡抗日自卫队予以有力回击。1940年12月“美合事变”后，琼崖独立队总部、特委和部分主力向东转移，大南区根据地成功掩护和支援了转移行动。大南区根据地的创建，符志行一家一直全力支持，不仅为临时党支部提供房子、伙食，还倾尽家里所有支持后方医院建设。符志行父亲出任了后方医院院长。琼崖独立队总部、特委转移后，留下200多名伤病员在后方医院。为了照顾好这些伤病员，符志行母亲李华生在后方医院既当炊事员，又当护理员，整日操劳，以致经常晕倒。不幸的是，同时肩负交通站长重任的李华生有一次到交通联络点等候外来交通员，因人出卖被捕，后遭杀害，为革命事业献出了宝贵的生命。由于符志行在“迈格之战”的卓越战功，1945年被琼崖独立总队授予“抗战特别奖章”。3驰骋疆场身经百战1942年4月，琼崖独立总队第四支队在大南区成立，符志行任第二大队大队长，开始了领兵打仗的生涯。1945年9月调任临高县副县长兼武装部长，后担任过松江支队长、第三总队副总队长、粤桂边纵队第四支队司令员、高雷前线总指挥部总指挥等职，指挥了那丽之战、武利江伏击战、解放雷州半岛战斗等战事。1951年冬，符志行还率领了一个3600多人的加强团赴朝鲜前线，同美军战斗。符志行骁勇善战，在战场上频获胜利，他指挥的“奔袭光村”“迈格之战”“智取福昌据点”等经典战例，至今还在海南广泛流传。“奔袭光村”战斗发生在1942年夏，当时日军专卖局控制布匹和日用百货，造成革命队伍缺少布料。为了解决这一问题，符志行决定袭击光村墟的日军专卖局。光村墟离大南区有60余公里，周围地势平坦，内有日伪军分两地驻守。符志行派驳壳班战士化装成赶集的农民，由地方民兵引导，先行进入墟内占据有利地形。随后大部队快速直插光村墟，里应外合，只用半小时便结束了战斗，打死打伤敌军十多人，缴获步枪十几支，获得布料100多匹及一批日用品。“迈格之战”是符志行以少胜多的一次战斗。1943年6月8日晚，符志行带领两个中队100多名战士奔袭兴贤乡的伪维持分会和伪军，不料天下暴雨，影响了行军，到达隐蔽点迈格村已是天亮时分，导致行踪暴露。6月9日早上，日寇纠集多个驻地的日军和伪军1000多人，将迈格村团团包围，并动用飞机大炮，从上午九时至傍晚，轮番轰炸第二大队阵地。面对十倍于己的敌军的强大攻势，符志行部署兵力，最大限度地发挥防御作用，打退敌人二十多次疯狂进攻。晚上，符志行在暮色的掩护下，率领部队秘密安全突围。第二天，以为第二大队仍被困住的日军再次围攻迈格村，从天亮到下午连续火力攻击，直到发现第二大队早已离开阵地。“迈格之战”为日军登陆海南以来，投入兵力最多，作战时间最长，伤亡最大的一次大规模战斗。符志行率部以一当十，击毙日军驻长坡的分遣队头目谷川松本八郎，打死打伤敌军100多人。“迈格之战”后，符志行声威大震，日军视第二大队为“神兵”。1945年，琼崖独立总队授予符志行“抗战特别奖章”，表彰他在“迈格之战”中的卓越战功。“智取福昌据点”是在1948年4月11日，其时符志行担任松江支队长。福昌据点在琼山境内，位于一处四周开阔的高坡上，工事牢固，易守难攻，驻有国民党一个联防中队50多人。兵不厌诈。当时国民党正规军一三一旅在据点周边“剿匪”，符志行利用地方土顽武装害怕国民党正规军这一点，决心智取福昌据点。符志行派主力部队潜伏在据点附近，自己则冒充一三一旅少校营长，带领二十多名士兵，装成国民党部队，押解由六名驳壳班战士充当的“共匪”，昂首挺胸朝据点走去。据点的敌人发现符志行一行，架起机关枪准备随时开枪。一名士兵从据点里面走出来询问，符志行用广州话自称是一三一旅的人，并斥骂说要进据点做早饭吃，这位士兵忙回据点报告。不久，联防队副主任李鸿精出来接待，但怀有戒心，借口据点地方太小欲拒绝进内。符志行立即用手中的红藤手杖对着李鸿精的脑袋狠劈，一边劈一边骂，吓住了对方，顺利进入据点。见到在据点里的联防队主任李鸿干，符志行还是用手杖劈打，李鸿干也被唬住了。符志行说要训话，敌人们不敢违抗，乖乖徒手集合，全部当了俘虏。符志行不发一枪便端掉福昌据点，老百姓无不拍手叫好。符志行战绩累累，无论在抗日战争还是解放战争中都显示出他出众的军事才华。日本宣布无条件投降后，驻扎那大的日军司令与符志行见面，十分惊讶，不禁感慨屡挫他们的对手竟然是一个年龄还不到30岁的年轻人。1971年3月，符志行率领中国乒乓球代表团参加在日本举办的第31届世界乒乓球锦标赛。图为全体团员合影（中排左五为符志行）。4见证中美“乒乓外交”1951年秋，符志行到东北任探照灯402团团长，1952年夏进武汉防空学校高级军官深造班学习，1955年冬毕业后到北京高级防空学校（后改名空军第二高级专科学校）工作，1967年夏调任国家体委军管会副主任。符志行任国家体委军管会副主任期间，周恩来总理为了打开中国外交局面，曾指派符志行率体育代表团访问欧非亚多个国家，符志行圆满完成使命。1971年，符志行还率代表团到日本参加世乒赛，见证了著名的“小球转动大球”的中美“乒乓外交”事件。1971年3月28日第31届世乒赛将在日本名古屋举行。由于国内不安定，中国乒乓球队已经连续两届缺席世乒赛。正当中国对是否派员参加第31届世乒赛举棋不定之际，日本乒乓球协会会长后藤钾二以私人身份访问中国，并邀请中国乒乓球队参加第31届世乒赛。毛泽东主席、周恩来总理决定派代表团参赛。中国代表团临行前接到情报，获悉国民党特务和日本右翼将联合破坏中国代表团参加第31届世乒赛。为了保证代表团的安全，周恩来总理点名符志行作为总负责人，重点负责代表团的安全和政治思想工作，对外称代表团副团长。中国代表团在日本虽屡遭日本右翼和国民党特务的干扰，但在符志行的周密安排下，敌对势力的企图都没有得逞。符志行在日本有一个小插曲。3月22日晚，他参加日中文化交流协会成立15周年招待会，会上有一名自称曾在驻琼日军当过指挥官的叫山本的日本老人，走到符志行跟前，问起符志行是不是当年海南岛的战将符志行，他要为当年的战争诚恳向符志行道歉。因保密需要，符志行不能暴露身份，只好说自己是北京人，从没去过海南，以此打发了山本。第31届世乒赛，中国代表团取得了4项冠军的优异成绩，同时促成了中美关系长达23年僵局的破解。上世纪60年代末以后，中美关系已有缓和的迹象。这次在名古屋，中国代表团与美国代表团多次相遇，美国队队员向中国队队员表示，他们愿意到中国访问。北京方面获知此信息后，毛泽东主席指示中国队邀请美国队访问中国，由此拉开了中美“乒乓外交”的帷幕。1971年4月，刚在日本参加完第31届世乓赛的美国代表团来到中国进行了历史性的7天访问，完成了“破冰之旅”。1972年2月，时任美国总统尼克松访问中国并签订《中美上海联合公报》，中美两国正式建立外交关系。1976年，符志行调任空一军副参谋长，离休后定居北京，享受军级待遇。2013年3月，符志行因病去世，享寿95岁。符志行的一生，为了救国救民，奋然投笔从戎，驰骋疆场，谱写了琼崖骁将的传奇，为革命事业立下丰功伟绩，在党的革命史册上留下熠熠生辉的一页。儋州市新闻中心 作者：陈有济 配图为资料图编辑：王彩玉 审核：万善益]]></content>
  <author><![CDATA[这里是儋州]]></author>
  <time>2018-10-15 10:37:44</time>
  <account><![CDATA[HN-DTV]]></account>
</data>
