<data>
  <id><![CDATA[51505178]]></id>
  <url><![CDATA[https://mp.weixin.qq.com/s?timestamp=1539596641&src=3&ver=1&signature=Egrj350GoKY8-KUcIJshb1jZCn7IwdPPn4h9nSXTHrauB9LAPwe9HN5225HnlQ*F9U*ug9*qb4twT7WSA*XGZXvYeAyQUvWYgdoMHQp4MLQJ*bTk8g*il2bvbVh3CmbeoXhlTujtn0HinbhcBdG5xjyXJ0PymG7bcXWWnLANHVU=]]></url>
  <title><![CDATA[一创两建丨4单位工作考核不合格公开检讨后，存在问题整改如何？]]></title>
  <content><![CDATA[今年9月29日，因8月份农村环境卫生综合整治工作检查考核成绩不合格，峨蔓镇、儋州工业园、东成镇、新州镇四家单位通过《今日儋州》报向社会进行公开检讨。四家单位的有关负责人表示，将以考核组反馈的问题为导向，切实解决存在的环境卫生问题，以实际行动推动全市“一创两建”各项工作的展开。针对工作考核组反馈的问题，这四家单位是否能够引起足够重视？反馈的相关问题是否得到了相应的整改？10月12日，记者再次走访这四家单位，了解考核组反馈存在问题的整改情况。△峨蔓镇政府出动机械对该镇存在的环境卫生问题进行整治。（峨蔓镇政府供图）1新州镇“ 针对反馈的问题，新州镇高度重视，并立行立改，第一时间广泛的发动机关干部和群众与镇政府主要负责人，连日一同开展相关问题的整治，以实际行动支持我市‘一创两建’工作。”新州镇镇长羊彬说，尤其是针对新州镇方向502县道1公里牌处和敦教村委会附近卫生进行集中清理，并对整治后的情况进行了集中检查，保证问题的整改有实效。2儋州工业园儋州工业园办公室主任黎石强表示，针对考核组反馈的临时农贸市场等存在的三大问题，园区党组、管委会十分重视，立即成立了以党组书记、管委会主任为组长，办公室主任为副组长，由社区科牵头，办公室、项目科配合的环境问题整改领导小组，并于9月30日召开了专题整治会议。会上主要领导深刻检讨自身工作的不足，决心进一步转变工作作风，把思想和行动统一到市委、市政府的决策部署上，全力落实好“一创两建”的各项工作，并制定从10月8日至10月15日的整改计划。目前，针对园区临时农贸市场存在的垃圾过多、卫生死角量大等问题，园区已进行全面的整改；同时动员全体干部职工进行为期3天的园区卫生环境治理，从源头上杜绝了病媒的滋生。3东成镇东成镇镇长李诗学表示，在接到环境卫生整治办暗访存在的问题后，东成镇政府针对反馈的问题进行整治。目前，东成镇已组织工作人员对北部湾大道（大榻村）大门对面往右约200米处成堆建筑垃圾乱堆放、北部湾大道（平地村路口）桥底下有较多零散垃圾、东成往长坡方向（东成市场）约100米（润丰水泥）旁有较多建筑垃圾及生活垃圾、加悦村委会加悦村房前屋后有较多零散垃圾、加悦村大门对面垃圾桶旁有较多垃圾不入桶等现象以及东成镇对镇墟、农村环境卫生管理滞后问题，动用全镇保洁力量进行集中整改。4峨蔓镇峨蔓镇副镇长朱光说，在接到考核组反馈的问题后，峨蔓镇政府对存在反馈的问题立行立改，尤其是针对王坡村委会王坡村、沙地村、谭宅村等村庄存在的卫生问题进行集中的整治。不仅如此，8月25日、26日，市人大副主任、峨蔓镇党委书记陈清奎还亲自带领镇全体干部、职工，出动钩机、洒水车针对八月份卫生检查出现问题进行全面整改，并对镇区各街道全面进行大整治、大清扫、大清洗，整治卫生死角、重点整治占道经营和乱停、乱摆、乱放等城市“八乱”现象。儋州市新闻中心 记者：王家隆编辑：王彩玉 审核：万善益]]></content>
  <author><![CDATA[这里是儋州]]></author>
  <time>2018-10-15 10:37:44</time>
  <account><![CDATA[HN-DTV]]></account>
</data>
