<data>
  <id><![CDATA[51505178]]></id>
  <url><![CDATA[https://mp.weixin.qq.com/s?timestamp=1539596641&src=3&ver=1&signature=Egrj350GoKY8-KUcIJshb1jZCn7IwdPPn4h9nSXTHrauB9LAPwe9HN5225HnlQ*F9U*ug9*qb4twT7WSA*XGZc3al72R9dgxGmpa1M3RCmySvsaviFcIjRYM6Xgy8CQ46qNdbkgU2idMlfjOM1*3EW0SNMTAdAprRu*7QS94HJc=]]></url>
  <title><![CDATA[落网啦！在逃人员报考驾驶证被我市警方识破…]]></title>
  <content><![CDATA[10月12日，市公安局交警支队车管所工作人员在对机动车驾考学员进行信息比对核查过程中发现一网上在逃人员陈某某报考驾证的重要线索。经交警支队路管员及时缜密布控，当日中午成功将该逃犯抓获。抓捕现场。据介绍，当天上午11时许，车管所工作人员在电脑前，像往日一样逐一核查驾校提交的报考摩托车人员信息，在对驾考学员陈某某进行核查时，查询到陈某某系被北京市海淀区公安局刑拘在逃人员。为避免惊动陈某某，车管所所长吴庆斌立马向支队领导报告，领导高度重视，立即指令正在值班交警支队三级路管员李刚副大队长、陈宏涛副大队长带队前往现场进行抓捕。抓捕现场。10分钟后，抓捕小组成功将陈某某抓获，并对其进行说服教育，要求他积极配合公安机关调查处理，不要存有侥幸心里，妄想逃过法律的制裁。经核查，陈某某于2015年11月盗用农业银行部分客户的账户及密码，通过农业银行的95599电话银行功能，代为部分彩票销售站点向彩票中心充值，涉案金额高达300余万元，陈某某于2016年2月被取保候审后脱保被北京市公安局海淀分局列为网上在逃人员。目前，该案件正在进一步处理中。儋州市新闻中心 记者：王家隆编辑：陈俊羽 审核：万善益]]></content>
  <author><![CDATA[这里是儋州]]></author>
  <time>2018-10-14 20:03:31</time>
  <account><![CDATA[HN-DTV]]></account>
</data>
