<data>
  <id><![CDATA[51505178]]></id>
  <url><![CDATA[https://mp.weixin.qq.com/s?timestamp=1539596641&src=3&ver=1&signature=Egrj350GoKY8-KUcIJshb1jZCn7IwdPPn4h9nSXTHrauB9LAPwe9HN5225HnlQ*F9U*ug9*qb4twT7WSA*XGZQ0NChBl-W5II*ajeyocyUp1gYvWpo4PZXNLmivmg64cqMKU--oda3HqDghitsdTXueaEvtit4Upug8B3lON*7A=]]></url>
  <title><![CDATA[【脱贫攻坚】提供661个岗位，峨蔓镇举行扶贫专场招聘会！]]></title>
  <content><![CDATA[10月11日，以 “促进转移就业   助力增收脱贫”为主题的市2018年精准就业扶贫（峨蔓镇）专场招聘会在峨蔓镇长荣村委会举行。村民正在招聘会现场应聘。当天，招聘会现场挤满了前来应聘的村民，有的在招聘职位预览企业的职位、要求、待遇等信息，有的在填写简历表。“大姐，赶快过来看看，我们这里的岗位就业门槛低，多劳多得，只要勤劳就能够拿到相应酬劳，做得好还有全勤奖、质量奖、岗位补贴、加班超产奖等奖励，适合的拿个报名表。”在招聘会现场来自海南口味王科技发展有限公司的负责人李女士说。“孩子的文化水平不高，我想给他找一份送外卖的跑腿活。”家住峨蔓镇多业村委会春历村的陈先生一早就来到招聘会现场，给没能赶到招聘会现场的孩子报名。他告诉记者，虽然赶上了好的扶贫就业政策，但是他还是更希望孩子能够通过自己辛勤的劳动让自己走出贫困。市就业局就业指导科科长羊磊雨在接受记者采访时表示，一直以来，市就业局就高度重视农村的就业工作。今年以来，已在全市16个镇举行过招聘会，把招聘舞台搬到了群众家门口。“下一步，我们还将继续把更多招聘会搬到行政村里，尤其是针对整村推进的扶贫村庄，让贫困户在家门口就能够找到合适的工作。”羊磊雨说。据了解，本次招聘会共21家企业有661个岗位吸引了265人（187名扶贫对象）前来应聘，最终共有27人（18名扶贫对象）达成就业意向，此外还有51人现场参加职业培训。儋州市新闻中心 记者：王家隆 文/图编辑：陈俊羽 审核：万善益]]></content>
  <author><![CDATA[这里是儋州]]></author>
  <time>2018-10-14 10:07:30</time>
  <account><![CDATA[HN-DTV]]></account>
</data>
