<data>
  <id><![CDATA[51505178]]></id>
  <url><![CDATA[https://mp.weixin.qq.com/s?timestamp=1539596641&src=3&ver=1&signature=Egrj350GoKY8-KUcIJshb1jZCn7IwdPPn4h9nSXTHrauB9LAPwe9HN5225HnlQ*F9U*ug9*qb4twT7WSA*XGZYupBkLbv0v5hAMrD4nfDJ1FRJ1NPXdo2bJVKlhLVLOJy8OhSXBvihpMFXX2rx1nguriloyVpq6JRqY*Q6RxKVM=]]></url>
  <title><![CDATA[“格子衫”男子连续作案偷车偷电瓶13起，民警群众合力抓获！]]></title>
  <content><![CDATA[四下无人，“格子衫”男子从夜色中来，短短的两分多钟，撬开电动车将电池盗走，倘若不能盗走电池，他会将电动车身和电池一同“打包”。而这一切都被居民家中的监控逮个正着……最终，在8月22日，经过近一个月的蹲守，在群众的举报下，“格子衫”终于落网，现大部分被盗赃物已追回归还群众。1凌晨连续作案专偷电池，若偷不走连车一起偷走“在被拍摄到的监控摄像中，他每次作案，都穿着一件长袖“格子衫”并且每次都是骑一辆女装的电动车……”10月11日，谈起从今年7月30日开始，海头镇连续发生的“格子衫”男子偷盗电瓶事件，办案民警张警官说，起初我们认为涉案的金额较小，并没有达到刑事立案的标准只是当做行政案件处理，但却不想偷盗事件越发疯狂。正当海头边防派出所的民警在调查该起电瓶偷盗案件时。8月6日，海头镇又同时发生了两起同样警情。其中，林先生称他的电动三轮车之前就有被偷过电瓶，于是他便焊死电车和电瓶的部位，如今整辆车又被偷走了。而不仅仅是林先生家的电动车被盗，当天凌晨2点32分左右，在海头镇新市的一个小巷子里，摄像头同样捕捉到了嫌疑人的动向，同样只用了不到3分钟便将电动三轮车的电池全部盗走。接连发生电动车电瓶被盗案件，边防民警便开始走访调查，随后从群众提供的监控视频中发现了相关的线索。“由于案发深夜，并且摄像头分辨率较低，因此无法清晰识别嫌疑人的长相特征。”张警官说，但从犯罪嫌疑人每次作案时被拍摄到的视频来看，他作案时均穿着同一件格子衫，骑着同一辆女装电动车。2隐匿十多天，民警发动群众最终抓获“格子衫”男“格子衫”连续作案后，曾销声匿迹了一段时间，企图暂避风头，静等海头镇的居民开始放松警惕，再次实施盗窃。“由于无法分辨嫌疑人的面貌特征。为了尽早能将嫌疑人抓获，为此我们多次派遣警力在辖区内巡逻蹲守，并对镇上以外的村庄进行调查，但仍旧一无所获。”张警官说，海头镇，共有5万多人口，海头镇边防派出所的辖区面积达到了近200平方公里，排查工作量是非常大。为此海头镇边防派出所便积极发动群众配合一起蹲守，通过微信等通讯方式广泛发布嫌疑人偷盗时被记录下来的视频，让群众积极参与，发现可疑人员立即举报，却不想取得了成效。8月22日，凌晨，“格子衫”再次在夜幕中出现。当天海头镇边防派出所接到群众反馈称发现“格子衫”行迹可疑，可能正在伺机作案。随即，该可疑男子被赶来的边防民警带回。被带回派出所后，对方还抱着侥幸的心理，称他只是深夜去亲戚家，并不是为了偷盗电动车电池。但当民警出示监控视频后，面对铁的证据，该男子如实供述了自己偷盗电动车电池的经过。据邓某交代，海头镇人，因其长时间没有工作，偶然修车时，发现维修店会收购电动车电池，于是便起了歹意。从7月20日以来直到被抓获，他已经连续作案13起35个，虽然居住的地点距离作案的地点比较近，但懂得本地方言，比较容易隐瞒自己的真实身份。在得手后，他又通过化整为零的方式把一组五个电池分开销售。在抓获邓某后，边防民警带着他到各个销赃地点进行追缴，最终找回了大部分的赃物。儋州市新闻中心 记者：王家隆编辑：陈俊羽 审核：万善益]]></content>
  <author><![CDATA[这里是儋州]]></author>
  <time>2018-10-12 22:55:03</time>
  <account><![CDATA[HN-DTV]]></account>
</data>
