<data>
  <id><![CDATA[51505178]]></id>
  <url><![CDATA[https://mp.weixin.qq.com/s?timestamp=1539596641&src=3&ver=1&signature=Egrj350GoKY8-KUcIJshb1jZCn7IwdPPn4h9nSXTHrauB9LAPwe9HN5225HnlQ*F9U*ug9*qb4twT7WSA*XGZQ0NChBl-W5II*ajeyocyUo3zrcehppTtkzjO3MeZkcXv1tt5EtPCcjonRkLGlQyEWaaO5LfY9pFvnIWWPn*rCo=]]></url>
  <title><![CDATA[喜大普奔！我市14户家庭荣获2018年海南“最美家庭”称号！]]></title>
  <content><![CDATA[喜大普奔！喜大普奔！省妇联近期表彰了一批“最美家庭”，我市14户家庭荣获海南“最美家庭”荣誉称号！市妇联获得“最美家庭”活动优秀组织奖！据介绍，寻找“最美家庭”活动是认真贯彻落实习近平总书记关于“重视家庭建设，注重家庭、注重家教、注重家风”重要指示精神，积极践行社会主义核心价值，深入推进家庭文明建设的重要举措。自今年2月份以来，市妇联紧紧围绕全国妇联、省妇联寻找“最美家庭”活动的部署和要求，在全市继续深入开展寻找“最美家庭”活动，推荐了严鹏、周青华等14户家庭。经过层层推选，近期省妇联表彰了148户2018年海南“最美家庭”，15个单位获得2018年海南“最美家庭”活动优秀组织奖。省妇联认为我市严鹏、周青华等14户家庭在夫妻和睦、孝老爱亲、勤俭持家、科学教子、邻里互助、热心公益、保护生态、学有所成等方面表现突出，事迹感人，是推动全社会建设好家庭、传播好家教、弘扬好家风，传递家庭文明的正能量，并评为海南2018年“最美家庭”。儋州都有哪些家庭入选一起来看看吧有没有你认识的家庭呢？儋州市新闻中心 记者：何秀玲编辑：陈俊羽 审核：万善益]]></content>
  <author><![CDATA[这里是儋州]]></author>
  <time>2018-10-14 10:07:30</time>
  <account><![CDATA[HN-DTV]]></account>
</data>
