<data>
  <id><![CDATA[51505178]]></id>
  <url><![CDATA[https://mp.weixin.qq.com/s?timestamp=1539596641&src=3&ver=1&signature=Egrj350GoKY8-KUcIJshb1jZCn7IwdPPn4h9nSXTHrauB9LAPwe9HN5225HnlQ*F9U*ug9*qb4twT7WSA*XGZXvYeAyQUvWYgdoMHQp4MLQ*MwwS-xY1U7scc2HII6kzsNRoL4aIlh3QMIId0LbiYfn8rAYklcS*nl5hnN7fzPw=]]></url>
  <title><![CDATA[脱贫攻坚丨中和镇精准发力拔穷根，砥砺奋进奔小康！]]></title>
  <content><![CDATA[今年以来，中和镇党委政府、村“两委”、驻村扶贫工作队始终把脱贫攻坚工作作为重大政治任务抓紧抓实，凝心聚力，携手开展精准大排查，宣传落实各项扶贫政策，确保每户贫困户都有人帮扶，推动中和镇脱贫攻坚工作不断迈上新台阶。“精准扶贫，不落一人”“扶贫先扶志”“心手相牵战脱贫”……如今，走进中和镇各村委会，催人奋进的脱贫攻坚宣传标语随处可见，激励着人们携手摘穷帽，致富奔小康。随着脱贫攻坚工作深入推进，该镇村民们对美好生活的期盼正一步步转变为现实。1明确目标用心用力帮扶“今年我们再次明确了各年度的减贫目标。”中和镇扶贫办负责人贾增明告诉记者，截至7月3日，中和镇档内档外贫困户排查工作已全面完成，全镇共有建档立卡贫困户804户3978人，其中，2016年至2017年已脱贫352户1938人，2018年计划脱贫362户1702人，2019年计划脱贫90户338人。据贾增明介绍，为了带动贫困户早日摘掉穷帽，经该镇脱贫攻坚大队讨论决定，确定804户贫困户的帮扶责任人共76名，分别由该镇政府干部、各村“两委”班子成员和市驻村扶贫专干担任，实行联合帮扶，并不断充实驻村工作力量，确保村村有领导包点、户户有干部帮扶。“贫困户的事就是我们的事。” 贾增明说，如今，中和镇所有帮扶责任人都拧成了一股绳，拿出“钉子”精神，下足“绣花”功夫，及时了解贫困户所需，切实解决贫困户生活、生产上的困难，用心用力扎实开展帮扶工作。2紧扣民生落实“三保障”“感谢党和政府的关怀，现在我已经住进了新居。”中和镇高第村委会西南坊村贫困户马汉蒙告诉记者，自己家原先的住房十分破旧简陋，在危改政策的帮扶下，他终于住上了新房子。（资料图：新农合）住房、教育、医疗事关民生福祉。今年以来，中和镇不断紧抓落实“三保障”政策，确保贫困户住房安全、上得起学、看得起病。在住房保障方面，2018年全镇危房改造任务数154户，其中，动工154户，动工率100%，目前封顶134户，封顶率87%，资金拨付663.5万；在教育保障方面，加快学生信息核实，完善贫困家庭学生教育台账，简化教育资助金发放方式，截至目前，已向534户1092人发放今年春季教育补贴共146.22万元，发放第一批秋季教育补贴89.05万元，第二批秋季教育补贴正在发放中；在医疗保障方面，中和镇建立贫困户患者台账，签约帮扶医师，建立送医送药机制，并由帮扶责任人深入贫困户家中宣传健康扶贫政策，截至目前，全镇贫困户享受新农合报销总金额485.7012万元。3发展产业带动村民增收致富“精准施策，产业为先。” 中和镇镇长何曼幸告诉记者，中和镇政府始终坚持创新、协调、绿色、开放、共享的新发展理念，结合地方资源优势，大力支持产业发展，为打赢脱贫攻坚战“造血生肌”。今年以来，中和镇积极对接儋州嘉禾农业开发有限公司的“旅游扶贫”项目及儋州中牛畜牧科技有限公司的肉牛育肥养殖产业，通过资金托管方式对452户未脱贫户进行帮扶，帮扶资金共800.305万元。儋州中牛畜牧科技有限公司养殖的肉牛记者 盘悦华 摄“目前，我们还计划引进百香果种植等产业，通过推进绿色优质农产品生产，不断拓宽村民增收致富渠道。”何曼幸告诉记者。此外，中和镇坚持宣传教育，把脱贫致富电视夜校作为扶志和扶智的重要抓手，引导贫困户发扬自力更生的精神，不断激发贫困户的内生动力。何曼幸告诉记者，下一步，中和镇将继续凝聚合力，深入推进脱贫攻坚工作，围绕“三年脱贫攻坚、两年巩固提升”总目标，大力推进产业扶贫、劳务输出脱贫、教育脱贫、卫生健康脱贫、社会兜底脱贫等措施，为打赢脱贫攻坚战、建设美好新中和而努力奋斗。儋州市新闻中心 记者：覃凯编辑：王彩玉 审核：万善益]]></content>
  <author><![CDATA[这里是儋州]]></author>
  <time>2018-10-15 10:37:44</time>
  <account><![CDATA[HN-DTV]]></account>
</data>
