<data>
  <id><![CDATA[51505178]]></id>
  <url><![CDATA[https://mp.weixin.qq.com/s?timestamp=1539596641&src=3&ver=1&signature=Egrj350GoKY8-KUcIJshb1jZCn7IwdPPn4h9nSXTHrauB9LAPwe9HN5225HnlQ*F9U*ug9*qb4twT7WSA*XGZQhn*LXQ4TjcutE67sO3-BBYdzpOl54tP902hWARYeCISY01aJGFZHRL-xX6N22Nw6npvLf7EqSSpArXaIAuqoY=]]></url>
  <title><![CDATA[预告丨今晚8点，琼剧展演正式开始！儋州的粉丝千万不要错过！]]></title>
  <content><![CDATA[琼剧琼剧展演走进儋州时间：12日-14日地点：市大剧院琼剧剧照《糟糠情深》10月12日晚上8点市大剧院剧情简介北宋年间，辽兵南侵，宋帝亲征，被辽兵打败，危难之际，幸得壮士林雁青兄弟杀退辽兵获救。公主因慕想被封为救驾王的林雁青成病，宋帝下旨招林雁青为驸马。林雁青为保护老母妻儿，被迫休妻，致老母妻儿愤而离家流浪。洞房之夜，公主得知林雁青的实情后十分同情，两人义结兄妹。公主乔装私访，寻找林雁青的家人。林雁青的弟弟林雁松因对哥哥误解而发愤辞官，迫寻老母及嫂嫂侄儿，被流氓林雁虎毒害而双眼失明，为养活家人而沿街讨乞。林雁青的妻子水萍打工度日。林雁青的儿子和母亲被公主寻着带回。林雁虎为了霸占嫂子，将水萍嫂叔诬告官府，林雁青不分青红皂白要将水萍雁松处斩。幸亏公主闯堂救下。公主将林雁青一家实情告知父王，宋皇下旨赐宝珠治好林雁松的眼睛，并招为驸马，林雁青夫妻也和好团圆。《秦楼情缘》10月13日晚上8点市大剧院剧情简介曼秋将军中箭兵败被敌兵追踪，逃到秦楼歌馆被歌女爱莉冒死相救。两人患难见真情，雷雨之夜天公作合定下良缘。曼秋战后探亲老母迫他另娶他人。爱莉流浪途中生下男孩丢在庙里，巧被曼秋拾养、长大高中状元，后来母子夫妻终得团圆。《凤冠梦》10月14日晚上8点市大剧院剧情简介大型古装琼剧《凤冠梦》根据同名高甲戏改编。改编：石萍，吴梅导演：张建雄作曲：吴梅剧情简介：七品知县李元顺因酒后失言，骂了相国严嵩一句，被监察御史沈炼误为是个忠义有识之士保荐进京，晋升五品吏部郎中。李趁机将女李月娥订配沈炼之子沈少卿，沈炼因刻奏严嵩被革职拿问，全家入狱，李元顺恐遭株连，于中秋之夜诱迫沈少卿写下退婚书，并转将女儿许配严嵩为孙媳。严嵩便保驾他当了三品吏部侍郎，其后李元顺见，沈，严，两家的官司胜负未分，又釆取双踏两只船手法以观其胜败，谁家胜就亲谁家。沈少卿逃避追缉为渔民李伯父女所救且与其女李春娘真诚相爱，于赴考前夕订下终身。沈炼冤情昭白，沈少卿高中状元，严家遭败，李家又抛弃严，附沈矢口否认退婚之事指控沈少卿赖婚另娶，于是掀起凤冠二讼，经过原形毕露身败名裂，而善良纯真的渔家女李春娘与沈少卿终成眷属。儋州市新闻中心编辑：王彩玉 审核：万善益]]></content>
  <author><![CDATA[这里是儋州]]></author>
  <time>2018-10-12 12:15:10</time>
  <account><![CDATA[HN-DTV]]></account>
</data>
