<data>
  <id><![CDATA[51505178]]></id>
  <url><![CDATA[https://mp.weixin.qq.com/s?timestamp=1539596641&src=3&ver=1&signature=Egrj350GoKY8-KUcIJshb1jZCn7IwdPPn4h9nSXTHrauB9LAPwe9HN5225HnlQ*F9U*ug9*qb4twT7WSA*XGZe*UsNo2jc5dp9yxr3mCPu0dbVLqVjTtI9nCVQr-TAwBpv7i*2fVFf5TM6B8Rp0z1emTw1YrBlMBqCsgW7fdrz4=]]></url>
  <title><![CDATA[中国连片面积最大、保存最完整的热带雨林就在海南！视频+多图带你去探秘↓]]></title>
  <content><![CDATA[远眺琼中黎族苗族自治县什运乡附近的鹦哥岭鹦哥嘴峰。海南日报记者陈元才 通讯员朱德权 秦海灵 摄归来的雨林许多人不知道，在我国第二大岛海南岛中部，有一片神秘的原始热带雨林。这里，丛林茂密，绿地如毯，溪水潺潺……它，就是我国连片面积最大、保存最完整的鹦哥岭热带雨林。前不久，记者跟随一支生物多样性科考队，深入到这片“悬”在海拔1400多米高的雨林中，记录下发生在这片原始热带雨林中人与自然的故事。点击看视频↑↑雨林之美清晨，一声悠长清脆的虫鸣，唤醒了沉睡的雨林。飞起的鸟儿拍打着翅膀，树叶沙沙作响……透过薄薄的晨霭，温和的阳光洒在树梢上，蜿蜒的小溪从稀疏的树丛中流出。方圆500多平方公里的鹦哥岭，被称为“琼岛水塔”，是海南两大江河——南渡江和昌化江的发源地。初入雨林，一株株桫椤树，叶如凤尾、形若伞盖。这种被称为原始森林“活化石”的树木，对环境要求很苛刻，却在鹦哥岭北坡一条条沟谷边成片生长。行走鹦哥岭热带雨林，偶遇蜡蘑。米红旭摄影。行至半山腰，豁然开朗，一片开阔地上开满了淡紫色野牡丹。远望去，“银链”般的瀑布悬挂在青翠的山间，上方的山体酷似鹦鹉头部，传说鹦哥岭由此得名。抬眼望，十几米高处，就像一座郁郁葱葱的“空中花园”。一路上，高大的乔木上附生着茂盛的植物，婆娑的蕨类、洁白的华石斛、形态各异的野兰花……不只有“空中花园”奇观。一路上，高板根、根包石、植物绞杀、老茎生花、独木成林、枯木开花等热带雨林特有景观，也不时跃入眼帘、进入我们的镜头。作为全球34个生物多样性热点地区之一，鹦哥岭也是野生动物的天堂。一棵直径一米多、形似独木舟的枯树横卧林中，凹槽里积着浅浅的雨水。考察队员惊喜地发现，一堆比较罕见的、晶莹剔透的马来疣斑树蛙卵泡挂在内壁上。科考路上，惊喜还在继续。板根下发现灰白相间的羽毛，这是国家二级保护动物白鹇刚刚走过的痕迹；水鹿在杂草和腐殖质上留下巴掌大的脚印；摇摆着褐色身躯的烙铁头蛇，在草丛间慢慢爬行……夜幕降临，绀青色的天空群星璀璨。此时，动物活动更频繁。“发现红蹼树蛙！”“找到海南疣螈！”……在头灯照射下，护林员刘礼跃不时兴奋地惊呼着。考察队在拍摄兰花。新华社记者王军锋摄影。特殊的地理位置、复杂多样的地形地貌，造就了鹦哥岭比较完整的植被类型和极其丰富的动物种类。目前，这里已发现并记录到植物2000多种、脊椎动物400余种、鹦哥岭树蛙等27种科学新种，还记录到轮叶三棱栎等25个中国新记录种，以及伯乐树等190种海南新记录种。雨林之殇行进在雨林中，记者发现，有些成片树木长得很齐整，有些则参差不齐。大型真菌群落。米红旭摄。“原始雨林从外表看是一丛一丛的，那些像剃了头一样齐刷刷的，是人工林。”海南鹦哥岭国家级自然保护区科研监测科科长米红旭说。据海南省林业厅林场处副处长刘坚介绍，20世纪50年代初期，海南岛拥有天然林12000平方公里，由于过度开发，至1979年，锐减至3800平方公里。1994年，海南全面停止天然林商业性采伐，此时海南岛未受人类活动影响的原始热带雨林只占少数，且都集中在偏远、交通不便的深山里。树木年年砍伐，雨林面积缩小，生物多样性锐减、水源地遭破坏，这片中国少有的热带雨林变得“千疮百孔”。“20世纪八九十年代，当地政府鼓励百姓开荒种橡胶和山兰稻等作物。2007年我们建站时，鹦哥岭低海拔山区基本被垦完了。”海南鹦哥岭国家级自然保护区管理站站长刘磊语气沉重地说。“我们村离保护区不到两公里，前些年有公司驻扎在村里搞开发。山上大一点的树都被砍光了，而且边砍边烧，后来稻田没法种了，村里人喝的水也快干了。”今年45岁的护林员符永清回忆说。狩猎情况也比较严重。鹦哥岭野生动物很多，主要有野猪、蛇、水鹿、黄猄、鸟类等。狩猎是当地群众的主要经济活动。短轴坚唇兰。米红旭摄。50多岁的护林员符桂春，曾是白沙黎族自治县南开乡高峰村委会方红村的打猎高手。“我会在野猪经常光顾的树下放一些野果，再在周围铺上树叶，然后爬上树休息。”符桂春说，野猪来了踩到树叶，会把他吵醒，他就再扔野果，野猪听到声响抬起头，就会被他击中。鹦哥岭周边，几乎每个村寨都有像符桂春这样的打猎能手，在村里有着很高的声望。当年，南方一些省份的收购商到鹦哥岭，收购穿山甲等野生动物，骨、肉、皮毛等都有商贩来买。“那段时间也是野生动物猎杀和买卖最猖獗的时候。”做过伐木工的护林员符清文回忆说，“以前山上穿山甲很多，这十多年来，没发现它的活动痕迹了。”如今，护林工作力度很大，但偷伐盗猎仍时有发生。这次科考中，考察队发现了几处盗伐盗猎活动痕迹。雨林之盼2007年，以鹦哥岭自然保护区管理站成立为标志，鹦哥岭进入了崭新而又漫长的“修复期”。护林员下陡坡。新华社记者王军锋摄影。来自北京林业大学、东北林业大学、云南农业大学等高校的27名毕业生参与组建管理站，负责保护区的管理和科研工作，其中有2名博士、4名硕士、21名本科生。来自陕西西安的刘磊，毕业于东北林业大学，是保护区招来的第一批大学毕业生。“只要专业对口，生活条件、赚钱多少都不是问题。”刘磊说，他很喜欢这个职业。米红旭和妻子蒋帅同为东北林业大学2012级硕士研究生，研究方向分别为鸟类和微生物。6年来，这对情侣携手翻山越岭，在鹦哥岭收获了爱情和事业。十多年来，由这批年轻人组成的保护区管理团队，一方面开展雨林多样性调查和保护，一方面在雨林周边开展生态保护宣传，推进社区共管共建。“我们经常和周边中小学共同开展爱鸟周、环境教育宣传等活动，提高孩子和家长们的生态环保意识。”刘磊说。当地政府也在积极推进雨林周边治理。白沙黎族自治县南开乡道银村和坡告村地处南渡江源头，位于鹦哥岭自然保护区核心区。这里交通不便，水电、通讯、医疗等公共服务都覆盖不到。2017年，两村实施生态移民搬迁，新村距乡镇不到5公里，村民们住进了二层小楼，人均还分到10亩已开割的橡胶地，同时发展起禽畜养殖等产业。随着生态环保理念在大山里不断普及，偷猎、砍伐等现象明显减少。树蛙。米红旭摄。海拔1400多米的蛙岭曾是盗猎者的“天堂”，烧山狩猎对这片原始雨林的破坏很严重。经过十多年修复，如今蛙岭正在恢复“元气”，动植物资源逐渐增多，林中红外线相机多次记录到水鹿等动物的身影。蛙岭的生态恢复只是鹦哥岭动植物资源不断修复的一个缩影。如今，保护区正试点推进非国有森林国家赎买（租赁）工作，旨在保护生态的同时，又能保护林农利益。“目前，我们正在对保护区管辖公益林范围内农户种植的人工林进行现场调查，初步统计有7万多亩，期待这项工作给当地群众和雨林保护带来福利。”刘磊说。鹦哥岭周边生活着6个乡镇近2万名黎苗族百姓。为促进生态保护与民生改善共同提升，保护区通过推广“稻鸭共育”、林下套种、生态养蜂等方式探索生态农业，助农增收。白沙黎族自治县南开乡高峰村村民符洪江是发展生态农业的受益者。经过培训，他掌握了胶林套种、生态养蜂技术，拓宽了家庭经济来源。“我现在养了五六十箱蜂，还打算扩大规模。”通过这十多年的保护，先进的生态理念深入人心，越来越多的村民已经意识到“青山就是美丽，蓝天也是幸福”。鹦哥岭周边200多名村民纷纷加入护林员的队伍，他们中不乏曾经的伐木工、猎人，还有刚从部队退役的年轻人。护林员睡前烘干衣物。新华社记者王军摄影。“尽管工作辛苦，每月工资不到2000元，但对我来说是最合适的一份工作。”护林员符桂春说。2018年4月，在海南建省办经济特区30周年之际，《中共中央国务院关于支持海南全面深化改革开放的指导意见》正式发布，明确海南省作为国家生态文明试验区的战略定位，提出“研究设立热带雨林等国家公园，构建以国家公园为主体的自然保护地体系”。鹦哥岭还有一个得名传说，“海南人把鹦鹉叫作‘鹦哥’，鹦哥岭就是有很多鹦鹉的山岭。这里曾经分布大量绯胸鹦鹉。”米红旭说，“希望未来能见到鹦哥飞舞盛况。”来源：新华社 记者：王军锋 刘博编辑：陈俊羽 审核：万善益]]></content>
  <author><![CDATA[这里是儋州]]></author>
  <time>2018-10-14 22:47:57</time>
  <account><![CDATA[HN-DTV]]></account>
</data>
