<data>
  <id><![CDATA[51505178]]></id>
  <url><![CDATA[https://mp.weixin.qq.com/s?timestamp=1539596641&src=3&ver=1&signature=Egrj350GoKY8-KUcIJshb1jZCn7IwdPPn4h9nSXTHrauB9LAPwe9HN5225HnlQ*F9U*ug9*qb4twT7WSA*XGZfHR-LusDBOUC8pdxvPrB9dFhgRO5XUj-M9OX9ht1pn7aJGCNuWvLGiOiiOVgsNV8o9U*4joUEDOeuVaHok3Z8g=]]></url>
  <title><![CDATA[海南2019年新型农村合作医疗开始缴费啦：每人220元！]]></title>
  <content><![CDATA[全省新农合征收工作已正式启动缴费时间截至2019年1月31日明年农村居民个人缴费标准提高到220元重点救助对象参加新型农村合作医疗个人缴费部分享受全额财政补助海南将于2019年底前基本实现居民健康卡完全代替新农合证进行征收缴费就医报销结算据了解，凡在海南常住的农村居民在户籍所在地以家庭(户口簿上的人数)为单位参加新农合，中小学校、幼儿园学生随父母参加户籍所在地的新农合。在本省已办理居住证的外省农村居民，如自愿参加本省新型农村合作医疗，必须提供本省居住证，以及户口所在地社保经办机构出具的未参加当地城乡居民医保(或新农合)证明。今年，海南省新农合缴费征收原则上仍以户为单位，全省范围内实行以居民健康卡替代新农合证，凭居民健康卡完成2019年度新农合个人缴费征收，以身份证号码作为新农合参合的唯一识别码。海南将于2019年底前基本实现居民健康卡完全代替新农合证进行征收缴费就医报销结算。重点救助对象参加新型农村合作医疗个人缴费部分享受全额财政补助记者了解到，对重点救助对象(特困供养人员和孤儿、最低生活保障对象、农村建档立卡贫困人口)和低收入家庭中的一二级重度残疾人、未成年人、老年人，我省将对其参加新型农村合作医疗个人缴费部分给予全额财政补助。低收入家庭中的三四级非重度残疾人参加城镇居民基本医疗保险或新型农村合作医疗的个人缴费部分给予50%财政补助。据悉，2019年1月底前，海南将全面完成全年新农合缴费征收工作任务，各地缴费将在1月20日前基本结束，1月31日征收系统关闭，逾期原则上不再征收。网上缴费操作步骤↓↓↓微信缴费流程☑ 关注并打开“海南省农村信用社联合社”微信公众号；☑ 点击“HAI享盈”； 选择“新农合缴费”进入缴费页面；☑输入参保人身份证号与地区；☑输入银行卡（健康卡）号与手机号；☑输入取款密码并确认；☑缴费成功，可查询缴费凭证。手机银行缴费流程☑ 登录手机银行；☑ 点击“生活”，“生活缴费”；☑选择“新农合缴费”进入缴费 页面；☑ 输入参保人身份证号与地区；☑ 确认信息无误后点击“确认”；☑ 输入支付密码，点击“提交”；☑缴费成功。来源：椰网/海拔手机端 记者吴英艳编辑：王彩玉 审核：万善益]]></content>
  <author><![CDATA[这里是儋州]]></author>
  <time>2018-10-13 10:04:10</time>
  <account><![CDATA[HN-DTV]]></account>
</data>
