<data>
  <id><![CDATA[51505178]]></id>
  <url><![CDATA[https://mp.weixin.qq.com/s?timestamp=1539596641&src=3&ver=1&signature=Egrj350GoKY8-KUcIJshb1jZCn7IwdPPn4h9nSXTHrauB9LAPwe9HN5225HnlQ*F9U*ug9*qb4twT7WSA*XGZfO8zKWOmhfFNySoqrKX6*cIazJg4hyWz89OUSajB6H07PbUwPxqdNTWPKAZJJuQWJWRnlQeSTRUMogzVtdM8lc=]]></url>
  <title><![CDATA[2018年儋州市扫黑除恶专项斗争推进会暨打击整治电信网络诈骗犯罪百日攻坚战誓师大会召开]]></title>
  <content><![CDATA[10月12日下午，2018年儋州市扫黑除恶专项斗争推进会暨打击整治电信网络诈骗犯罪百日攻坚战誓师大会在市图书馆召开。▲10月12日下午，2018年儋州市扫黑除恶专项斗争推进会暨打击整治电信网络诈骗犯罪百日攻坚战誓师大会在市图书馆召开。市委书记袁光平在会议上讲话，市委副书记、政法委书记周廉芬主持会议，省联席办副主任、省公安厅刑警总队副总队长张波到会指导。市委常委、统战部部长、白马井镇委书记唐龙海，市委常委、组织部部长纪少雄，市委常委、公安局局长易向阳，市委常委、宣传部部长温龙，市人大常委会副主任张玉萍，市政府副市长田丽霞，市法院院长张光亲，市检察院检察长陈旭，市政协副主席王凌融等领导出席会议。▲市委书记袁光平在会上讲话。▲市委副书记、政法委书记周廉芬主持会议。▲省联席办副主任、省公安厅刑警总队副总队长张波到会指导。会议对打击整治电信网络诈骗犯罪百日攻坚战提出五个目标：一是全面遏制和减少儋州籍人员在市内和市外实施诈骗犯罪，实现机票退改签类案件发案下降达到90%以上，确保今年内摘掉“重点整治地区”帽子；二是全面开展大排查、大攻势、大深挖、大整治，刑拘一批犯罪嫌疑人，打掉一批犯罪团伙，全链条打掉5个诈骗团伙，铲除一批犯罪窝点，打掉组织者、幕后金主、信息源头，彻底查清专项行动以来抓获的2055名涉案人员的财产情况，拆除一批用赃款所建房屋，冻结一批重点人员赃款；三是从思想文化入手，开展一系列的诚信宣传教育活动，让诚实守信、勤劳致富深入人心，做到换掉土壤、转变风气；四是探索建立一套打击机制，提升一批技术手段，为打击工作提供更加强大的技术支撑；五是健全一套管控办法，发挥网格化管理平台作用，实现对重点人员管控率100%，完善综合治理的长效机制。会议决定对电信网络诈骗违法犯罪重点人员实施严厉的处罚，实行七个一律。对涉案财产一律清查追缴；对利用赃款所建房屋一律拆除；对较大以上存款不能说明来源的一律冻结；一律取消政策性优惠补贴（助），停止城乡居民医保财政补助；一律将重点人员列入失信人员名单，限制坐动车、坐飞机、住宾馆等高消费行为；一律严控重点人员办理电信、金融业务，每人只能申请一个手机号码、一个银行账号；对重点人员一律实行每周行踪报告制度，禁止重点人员出国出境。全面加强重点人员的管控，全面开展诚信教育，建立长久的打击治理机制，铲除滋生电信网络诈骗犯罪的土壤。誓师大会上，市委书记袁光平强调：要提高政治站位，强化工作力度，推进扫黑除恶专项斗争纵深发展；围绕工作重点，强化措施手段，促进打击治理电信诈骗有的放矢；加强组织领导，狠抓工作落实，确保全市两项国考工作取得实效；各级各部门要站在对历史、对上级、对儋州人民负责的高度，痛下决心，迅速掀起新一轮扫黑除恶风暴，打响儋州的名誉保卫战、尊严保卫战、形象保卫战。就如何确保扫黑除恶、打击电信诈骗犯罪取得压倒性胜利，袁光平要求，扫黑除恶方面，要做到四个加大。要进一步加大线索排查力度、加大线索核查力度、加大全面打击力度、加大责任追究力度；打击电信诈骗方面，做到三个着眼一个严格。一是着眼“拿得下”，提升打击整治能力。要落实好打击研判新机制，实现从严从快的全链条打击；二是着眼“控得紧”，提升源头监管能力。加强对重点群体的管控，对重点人员及其直系亲属造册登记、财产核查、堵住诈骗信息源头入口，封住被骗资金末端出口；三是着眼“听得懂”，提升宣传防范能力，利用媒体每月宣传扫黑除恶工作2次以上，全覆盖宣传奖励办法和公告，同时发布电信网络诈骗预警信息，宣传网络诈骗的危害性，利用儋州调声编制反诈题材的节目营造诚信致富氛围，在各重点镇开展电信网络诈骗类型犯罪的公开巡回宣判活动，营造“诈骗可耻”的氛围；四是严格问责追究。将打击整治电信网络诈骗犯罪和扫黑除恶专项斗争纳入年度综治考核体系，对整治不力、成效不明显、犯罪活动依然猖獗的电信网络诈骗重点地区，市委、市政府对相关责任人进行严厉问责。将扫黑除恶专项斗争纳入党委、政府督查的重点工作，纳入党委、政府绩效考核重要内容，对问题严重的地区、行业、领域，要挂牌督办、限期整改;对因重视不够、发现不及时、打击不力、整治不彻底导致黑恶势力做大成势的，对第一责任人及相关责任人严肃追责。▲市委常委、公安局局长易向阳通报全市扫黑除恶专项斗争和打击整治电信网络诈骗工作情况，解读《2018年儋州市打击整治电信网络诈骗犯罪百日攻坚战工作方案》。会上，市委常委、公安局局长易向阳通报全市扫黑除恶专项斗争和打击整治电信网络诈骗工作情况，解读《2018年儋州市打击整治电信网络诈骗犯罪百日攻坚战工作方案》；水务局、木棠镇、中和镇、南丰镇、光村镇等单位作表态发言。▲图为会议现场。▲图为会议现场。▲图为会议现场。省第二中级人民法院、省检察院第二分院分管领导，市扫黑除恶专项斗争及打击整治电信诈骗成员单位主要领导，全市16个镇的镇党委书记和分管政法工作领导，43个重点整治的电信诈骗行政村书记、治保主任，市委政法委、公安局、检察院、法院、司法局等政法机关的干部，市扫黑办、市打击治理电诈专项办全体人员，市综治中心网络管理人员、市社戒社康专干共500多人参加会议。儋州市新闻中心 记者李秋欢 王家隆 见习记者羊文彪 实习生罗鑫/文 记者黎有科/图编辑：陈俊羽 审核：万善益]]></content>
  <author><![CDATA[这里是儋州]]></author>
  <time>2018-10-12 19:44:32</time>
  <account><![CDATA[HN-DTV]]></account>
</data>
