<data>
  <id><![CDATA[51505178]]></id>
  <url><![CDATA[https://mp.weixin.qq.com/s?timestamp=1539596641&src=3&ver=1&signature=Egrj350GoKY8-KUcIJshb1jZCn7IwdPPn4h9nSXTHrauB9LAPwe9HN5225HnlQ*F9U*ug9*qb4twT7WSA*XGZXvYeAyQUvWYgdoMHQp4MLTd4cWfT*-XMm2Jc6sqbtoBYfyFN2J34*cKgS5lfiGMkJiYLwF-VjwSAUfaoZPUHZ8=]]></url>
  <title><![CDATA[勇当先锋、做好表率丨黎桂雄：守护资源保障发展，扛起国土时代担当]]></title>
  <content><![CDATA[勇当先锋、做好表率“国土资源工作事关全市经济社会发展大局，事关人民福祉。在工作中，我们要亲力亲为，敢于直面矛盾，善于破解难题，推动国土资源各项工作不断迈上新台阶。”市国土资源局在建设海南自由贸易试验区和中国特色自由贸易港中，如何“勇当先锋、做好表率”？日前，市国土资源局党组书记黎桂雄接受记者采访时说，市国土资源局全体干部职工要主动作为、敢于担当，在工作中不允许出现推诿扯皮、敷衍塞责，以“不能等、等不得”的工作态度和高效的服务水平来加快推进全市经济社会发展。自“勇当先锋、做好表率”专题活动开展以来，市国土资源局党支部经常性开展政治学习和党性教育，把思想政治工作落到每个党员。局领导班子处处以身作则，以上率下，当好“领头雁”，引导党员发挥先锋模范作用。深化“一岗双责”，细化分解党建工作任务，将党建部署落实落细。“通过加强学习有效地调动干部职工工作的积极性和主动性，进一步增强他们的事业心和责任感，使全市国土资源系统干部的学习创新意识、业务素质得到了提高，同时也提高了局领导班子执政能力，业务科室的工作能力，基层单位的执行力，确保国土管理发展的持续稳定。”黎桂雄说。据介绍，在“勇当先锋、做好表率”主题活动实践中，市国土资源局各项工作成效明显：一是对市体育广场周边土地“一对一”收储进行安排，分5个工作小组对收储工作进行分解、紧压任务，列好倒排工期表，为下一步推进文体设施建设做好前期工作；二是今年第16号台风“贝碧嘉”给我市连续带来强降雨，对地质灾害防治工作造成了很大的威胁。该局派负责人对我市4个主要地质灾害点来回进行巡查，特别是对居住造成威胁的南丰岭边坡崩塌点和西联农场新盈分场新瑞队滑坡点的居民，做好思想工作劝导其撤离；三是该局执法支队根据市政府的统一安排，9月7日晚在排浦镇黑石村对我市盗采、滥挖砂石的乱象采取迅雷不及掩耳的行动进行了严厉打击，当场抓获5人以及扣押挖掘机、运输车辆等一批做案工具；四是市不动产登记中心建立每月政风电话回访制度，请该局廉政办进行跟踪监督，在微信公众号上设立纠“四风”意见箱、每月开展作风效能考核。真正把开展“勇当先锋、做好表率”专题活动落到实处。“积极投身全岛自由贸易试验区和中国特色自由贸易港建设，以实实在在的工作成效，为建设新儋州作出新的国土人积极贡献。”就如何持续开展好“勇当先锋、做好表率”活动，黎桂雄坚定地说。儋州市新闻中心 记者：李秋欢编辑：王彩玉 审核：万善益]]></content>
  <author><![CDATA[这里是儋州]]></author>
  <time>2018-10-15 10:37:44</time>
  <account><![CDATA[HN-DTV]]></account>
</data>
