<data>
  <id><![CDATA[51505178]]></id>
  <url><![CDATA[https://mp.weixin.qq.com/s?timestamp=1539596641&src=3&ver=1&signature=Egrj350GoKY8-KUcIJshb1jZCn7IwdPPn4h9nSXTHrauB9LAPwe9HN5225HnlQ*F9U*ug9*qb4twT7WSA*XGZQ0NChBl-W5II*ajeyocyUr5vTasWzxDFrHNmeFI21*94Dy6SZf6F3Ei3vuvmwTiy*nQX2CFECb7dwcNvSl8GkI=]]></url>
  <title><![CDATA[【关注】北大第一医院医生遭患者家属殴打，警方通报来了！]]></title>
  <content><![CDATA[10月12日，“北京大学第一医院妇产科赫英东等医生值班期间遭患者家属殴打”视频在微博和朋友圈被大量转发。13日晚间，北京西城警方发布情况通报，殴打医生的患者家属已被刑事拘留。2018年9月22日21时50分许，在北京大学第一医院发生一起妇产科医生被患者家属殴打案件。西城公安分局接报案后，为准确案件定性，细致还原案发过程，开展了以下调查取证工作：询问当事人，并对双方陈述内容中的矛盾点进行了反复核实；走访现场目击群众，特别是访问了多名在现场的其他就医患者及家属，获取了客观的第三方证人证言；调取了案发时的完整视频监控录像；针对被打医生先后到多家医院就诊治疗，伤情鉴定较为复杂的情况，启动了专家会商；针对医院及医疗主管部门对此事件的关切，保持与院方及医疗主管部门的沟通，动态介绍工作进展。经前期工作，认定案件事实如下：产妇孙某（女，44岁，本市人）在北大医院妇产科待产，因已超预产期，就能否剖腹产问题，产妇丈夫郑某宇（男，46岁，本市人）在诊室外走廊处拦住当日值班的妇产科医生赫某某，要求解决，赫医生在解释过程中，郑某宇情绪激动，突然挥拳击打赫医生，赫医生被迫还击，被现场其他人员劝开。随后，郑某宇的妻子孙某和女儿郑某蕊（女，19岁，本市人）闻讯赶来，郑某宇和郑某蕊再次对赫医生进行殴打，因考虑孕妇人身安全，赫医生始终保持克制，未予还手，后被现场医务人员及其他患者家属拉开。西城警方认为，郑某宇、郑某蕊父女二人，妨碍值班医生正常工作，并对医生进行殴打的行为，既侵犯了医生的人身权利，也影响了正常医疗秩序。维护良好的医疗秩序，保障医务人员和患者人身安全，是公安机关、医院及相关主管部门、患者的共同责任，对于危害患者和医务人员人身安全、扰乱医疗秩序的行为，公安机关将依法严肃查处。产妇孙某在事发后第二天在医院产下一女，身体状况不稳定，需要亲人照顾，警方在法定办案时限内，对郑某宇、郑某蕊采取强制措施的时间上进行了适度考量，对此，赫医生表示体谅。2018年10月13日，西城公安分局对郑某宇依法刑事拘留，考虑到郑某蕊系在校大学生，且对自身行为真诚悔过，并得到了赫医生的谅解，对其采取取保候审。目前，案件正在进一步审理中。来源：人民日报、西城警讯（ID：xcpprb）编辑：陈俊羽 审核：万善益]]></content>
  <author><![CDATA[这里是儋州]]></author>
  <time>2018-10-14 10:07:30</time>
  <account><![CDATA[HN-DTV]]></account>
</data>
