<data>
  <id><![CDATA[51505178]]></id>
  <url><![CDATA[https://mp.weixin.qq.com/s?timestamp=1539596641&src=3&ver=1&signature=Egrj350GoKY8-KUcIJshb1jZCn7IwdPPn4h9nSXTHrauB9LAPwe9HN5225HnlQ*F9U*ug9*qb4twT7WSA*XGZc3al72R9dgxGmpa1M3RCmyaLqc-V31n3GMew2mQLJMPyifR8IJj0ZjQSqEbJlQhG5L*kEa5LQ*VLHw5y6FauDc=]]></url>
  <title><![CDATA[关注丨市委书记袁光平为这事连续三天深入木棠等6镇进行调研↓]]></title>
  <content><![CDATA[▲市委书记袁光平在木棠镇薛宅村委会曾上村调研时指导危房改造工作。脱贫攻坚工作存在哪些问题，明年要实现脱贫的贫困村、贫困户的帮扶工作是否跟得上？10月10日至12日，市委书记袁光平深入木棠、峨蔓、新州、王五、南丰、东成等6镇，就脱贫攻坚整村推进工作进行调研，围绕脱贫攻坚、整村推进项目、基础设施等问题，同镇村干部、贫困户理思路、商对策、谋发展。他强调，各级各部门要站在讲政治、讲大局、惠民生的高度，坚持问题导向，咬定目标，完善措施，务实重干，扎实做好脱贫攻坚工作，推动脱贫攻坚整村推进工作见成效，坚决打赢脱贫攻坚战，不辜负市委、市政府和人民群众的期望。▲市委书记袁光平在南丰镇松门村委会调研污水处理设施建设、运行及脱贫攻坚等情况。在木棠镇薛宅村委会曾上村，袁光平详细了解了该村危房改造、美丽乡村建设等工作，要求要本着为民、便民、惠民的原则，在确保工程质量的同时，加快危房改造、基础设施建设等工作进度，确保村容村貌改善和整村推进工作取得实效。▲市委书记袁光平在峨蔓镇长荣村委会调研时了解扶贫招聘会等情况。来到南丰镇松门村委会那旦村、松门村，袁光平听取了污水处理设施建设、运行等情况汇报，强调相关部门单位、工程业主和施工方，要靠前指挥，主动作为，密切协作，科学规划污水处理能力，统筹兼顾工程建设，在注重管网建设，确保管网质量的基础上，加快施工建设。要以利于当地百姓生产生活需要、利于保护生态环境，利于修复工作为根本，以先进技术处理好排水排污问题，为以后扩容预留空间，既要满足当前需要，也要满足未来需要，保护好儋州的绿水青山。▲市委书记袁光平在峨蔓镇长荣村委会调研时向用工单位了解扶贫招聘会招工情况。在峨蔓镇长荣村委会、新州镇黄村村委会、王五镇山营村委会、东成镇洪山村委会等地调研时，袁光平走访慰问了郭政年、曾可提、钟志平等部分贫困户。每到一处，他都仔细了解贫困户的生产、生活及收入等情况，询问他们对帮扶责任人的工作是否满意，对帮扶工作的意见建议，鼓励他们树立信心，通过辛勤劳动，尽快摘掉“贫困帽”。▲市委书记袁光平在新州镇黄村村委会调研时与贫困户进行交谈。调研期间，袁光平还看望慰问了木棠、新州等镇的驻村扶贫工作队，查看了解扶贫工作队队员的工作、生活等情况，听取他们的意见，对扶贫工作队队员的辛勤付出表示感谢。他表示，驻村工作条件艰苦，各镇、各村委会要强化保障，着力解决好扶贫工作队的办公、食宿等问题，想方设法改善扶贫工作队员的居住环境。派出单位要从感情上理解、工作上支持、生活上关心扶贫工作队队员的工作。驻村工作队及工作队员要发扬连续作战精神，以真抓实干的作风，满怀热情、实事求是地做实做细扶贫工作，使贫困群众早日脱贫致富。▲市委书记袁光平在东成镇洪山村委会大塌村调研时了解整村推进项目实施情况。市委常委、秘书长肖发宣，市人大常委会副主任、峨蔓镇党委书记陈清奎，市人大常委会副主任张玉萍，市政协副主席王凌融一同调研。市委办、住建局、扶贫办等相关单位人员随同调研。儋州市新闻中心 记者李秋欢 王敏权/文 黎有科 何文新/图编辑：陈俊羽 审核：万善益]]></content>
  <author><![CDATA[这里是儋州]]></author>
  <time>2018-10-14 20:03:31</time>
  <account><![CDATA[HN-DTV]]></account>
</data>
