<data>
  <id><![CDATA[51505178]]></id>
  <url><![CDATA[https://mp.weixin.qq.com/s?timestamp=1539596641&src=3&ver=1&signature=Egrj350GoKY8-KUcIJshb1jZCn7IwdPPn4h9nSXTHrauB9LAPwe9HN5225HnlQ*F9U*ug9*qb4twT7WSA*XGZRwSa3F3HvKcawBpyJ3ddofYMibuL6WbRSetX-3sP2Auj2VGrTiN6Bf-LxbUsnpu8sB-61DYj4blrMZ573RH9aU=]]></url>
  <title><![CDATA[老人赖着保时捷要价5000，车主掏出钱却被群众一把抢走！霸气！]]></title>
  <content><![CDATA[10月12日，郑州大学路上，一辆保时捷跑车被一名老太太拦停，双方因碰撞及索赔发生纠缠，多位热心路人指称老人“碰瓷”。当天上午8点30分左右，郑州大学路与汝河路交叉口向北约100米路西的辅道内，停放着一辆红色保时捷跑车，一名白发老太太躺在车的右后轮处，左手死死抓住车轮。这名老人不顾路人劝说，长时间躺在地上抱着车轮不撒手，还向车主索要5000元钱，此时早高峰还没过去，该处交通因此受到影响，道路通行速度也变得缓慢。热心路人拨打了120，巡防队员劝说老太太起身未能成功，随后到场的医护人员试图为老太太提供检查也遭拒绝。9点多，多名围观路人对老太太手抱保时捷跑车车轮的行为不满，他们称老太太为碰瓷，并主动帮助保时捷跑车上的男子将老太太拖离车轮，停在路中的跑车得以离开现场。保时捷跑车司机黄先生说，6点多驾车在大学路上行驶时，老太太不知道怎么就歪倒在右后轮处，自己赶紧下车查看情况，没想到老太太张嘴就要5000元钱。黄先生认为自己遭遇碰瓷，因为还急着上班，本想着给一点钱平息这件事，因此掏出500元塞进老太太手中，没想到路人又把钱从老太太手中夺回来还给了他，称不能助长这种歪风邪气。“好多路人说不让给她钱，说在街上看到老太太多次用这种方式碰瓷。”黄先生说，双方从早上6点多一直僵持到9点多，最终大家都失去了耐心，老太被市民“齐心协力”抬到路边。网友热评：Lee子迈阿密的寒冷：干的漂亮，为热心的市民朋友点赞为什么都没有人来了我呀：为老不尊，也应该给这些热心又有正义感的群众点赞小七和七仔：这些市民好可爱小青蛙要坚持：如果群众都像这样站出来，什么碰瓷的、老太太摔倒不敢扶的、公交车猥亵的，都将不复存在！干得漂亮！为热心群众点赞！来源：人民日报、郑州客户端、郑州晚报编辑：王彩玉 审核：万善益]]></content>
  <author><![CDATA[这里是儋州]]></author>
  <time>2018-10-13 19:44:14</time>
  <account><![CDATA[HN-DTV]]></account>
</data>
