<data>
  <id><![CDATA[51505178]]></id>
  <url><![CDATA[https://mp.weixin.qq.com/s?timestamp=1539596641&src=3&ver=1&signature=Egrj350GoKY8-KUcIJshb1jZCn7IwdPPn4h9nSXTHrauB9LAPwe9HN5225HnlQ*F9U*ug9*qb4twT7WSA*XGZRwSa3F3HvKcawBpyJ3ddodzeJPvm0FQT1*UXFuPMmSfq9Y6a1P*dqUzTR-GkubXWJcmfwovWo*Foesd7YHuRZY=]]></url>
  <title><![CDATA[快看！琼剧展演走进儋州，12日至14日晚8点免费为市民演出！]]></title>
  <content><![CDATA[琼剧展演走进儋州10月12日晚8时，由海口梅艺琼剧团举办的琼剧展演走进我市，在市大剧院开演，为儋州市惠民文艺演出正式拉开帷幕。当天演出的剧目为《糟糠情深》。该剧反映的是北宋年间，大将林雁青抵抗辽兵，受宋帝赏识，被招为驸马，以及随后的他如何保护母亲妻儿的故事。舞台上演员们的举手投足颇具功力，悠扬的唱腔、扣人心弦的剧情、古典华丽的服饰、惟妙惟肖的表演赢得了观众的阵阵掌声。琼剧《糟糠情深》。记者羊文彪 摄“听到有琼剧演出的消息，图新鲜就过来了，平时都是通过电视陪婆婆看琼剧，今天在市大剧院有演出，正好自己放假有时间，就带着婆婆过来看，感受一下现场氛围。”在市大剧院门口，带着婆婆来看戏的陈女士对记者说。据海口梅艺琼剧团工作人员介绍，本次展演共有三场，演出剧目分别是《糟糠情深》《秦楼情缘》，分别于12至14日向市民免费演出，每场共计2小时。13日、14日晚演出的剧目分别是《秦楼情缘》《凤冠梦》，届时欢迎琼剧爱好者前来观看。演出预告丨琼剧展演走进儋州，广大琼剧粉丝千万不要错过！儋州市新闻中心 记者羊文彪 实习生罗鑫编辑：王彩玉 审核：万善益]]></content>
  <author><![CDATA[这里是儋州]]></author>
  <time>2018-10-13 19:44:14</time>
  <account><![CDATA[HN-DTV]]></account>
</data>
