<data>
  <id><![CDATA[51505178]]></id>
  <url><![CDATA[https://mp.weixin.qq.com/s?timestamp=1539596641&src=3&ver=1&signature=Egrj350GoKY8-KUcIJshb1jZCn7IwdPPn4h9nSXTHrauB9LAPwe9HN5225HnlQ*F9U*ug9*qb4twT7WSA*XGZQhn*LXQ4TjcutE67sO3-BAphim8wSmnL2-5MYXLxIBcOGm3AMOOKuyAkFVisrUTmKZh1NuJkLDoIa27cnWB3L0=]]></url>
  <title><![CDATA[一创两建丨为提升儋州城市形象，这些单位做了哪些工作↓]]></title>
  <content><![CDATA[1市工商局多举并措推进“限塑”工作为遏制“白色污染”，保护环境，同时认真贯彻落实海南省工商局“限塑”工作整治工作要求，市工商局安排部署“限塑”整治行动，并以多种形式广泛宣传相关知识法规，多措并举扎实推进“限塑”工作。市工商局工作人员没收不合格塑料袋。明确重点，开展全面清查以农贸市场、小商品批发市场作为监督检查重点，各工商所在辖区内开展了拉网式检查，重点检查了塑料袋销售单位是否有合法的证照、是否建立商品购销台账，经营者是否停止使用超薄塑料购物袋、是否在销售凭证上单独列示消费者购买塑料购物袋的数量、单价和款项等，并对辖区塑料购物袋经营户建立了档案。对不符合相关要求的，制发了责令改正通知书及监督检查意见书，对经销不合格塑料购物袋的立即要求下架不予销售。截至目前，共出动执法人员336人次，检查农贸市场96家次，商场超市114家次，批发零售经营户602户次，约谈市场主体32家，签订承诺书32份，责令整改5家，没收不合格塑料制品1860件，不合格塑料袋43斤，共立案8宗，结案8宗，罚没款共计12.9万元。没收的不合格塑料袋。图片由记者盘宝盛 摄广泛宣传，营造氛围为推动“限塑”工作深入开展，各工商所采取多种形式进行广泛宣传，营造全社会共同“限塑”的良好氛围。一是在辖区农贸市场、超市、小商品市场等张贴、悬挂宣传标语和横幅，在市场宣传栏（公告栏）张贴关于限制生产销售使用塑料购物袋的相关文件、法规宣传资料等，并督促市场开办单位履行管理责任。二是对辖区塑料购物袋经营户、商场和超市召开“限塑令”宣传动员大会，落实责任，进行宣传动员。三是结合辖区巡查，拉网式排查，与辖区经营户签订承诺书，制发责令改正通知书及监督检查意见书，大力宣传“限塑”工作。截至目前，共发放宣传资料800余份，利用LED显示屏宣传1100条次。据介绍，下一步，市工商局将继续加大执法检查和宣传教育的力度，巩固整治工作取得的成果，消除白色污染、净化环境，服务海南国际旅游岛建设和生态省建设。2因创文工作整改不力市旅游委被市“一创两建”工作指挥部约谈10月10日，市旅游委因创文工作整改不力，市“一创两建”工作指挥部对该委进行了约谈，要求被约谈单位在思想上高度重视，在行动上狠抓问题整改，确保创文工作落到实处。创建文明城市是“一创两建”的统领工作，市“一创两建”工作指挥部高度重视，多次召开会议，专门部署创文工作。但仍有些单位领导不够重视、责任不够落实、措施不够有力、效果不够理想。国庆节前，市“一创两建”工作指挥部再次开会部署创文工作，把第二季度社会文明大行动测评结果及问题清单下发给各个单位，并要求各相关单位做好整改。国庆后，创文组在检查中仍发现盛源御景酒店、福朋喜来登酒店、两院植物园景区等地存在宣传氛围不浓、环境卫生整治不到位、志愿服务岗形同虚设等问题。约谈中，市“一创两建”工作指挥部副指挥长云一鸣要求，市旅游委要高度重视当前旅游行业在创文工作中存在的不足，根据问题清单对标整改，同时举一反三，全面推动社会文明大行动在旅游行业落地开花。市旅游委相关负责人表示，对市“一创两建”工作指挥部提出的存在不足和问题，市旅游委将高度重视，逐一整改。3多部门联合拆除大同社区违建10月10日，在大同社区兴富小区一巷,针对多家占用消防通道违建的自建房，拆违工作人员有序指挥，各大型拆除机械轮番上阵，随着“轰轰轰”的巨响，违建陆续倒塌在地。图为钩机正在清理大同社区富兴小区的违建垃圾。记者盘宝盛 摄据了解，我市那大建成区内自建房占用消防通风道、排水沟违规搭建现象非常严重，一些市民侵占消防通道，私自搭建围墙、简易房、简易棚，用来做厨房、饲养家禽、堆放杂物等，导致消防通道堵塞，一旦发生火灾，消防人员难以展开救援工作。特别是下雨的时候致使排水不畅，积水倒灌至市民家中，同时，污水堆积容易孳生病媒生物。这不仅严重影响我市市容市貌，还影响居民正常生活，甚至增加了安全隐患。因此，从9月19日开始，由市综合行政执法局牵头，市综合行政执法支队、市规划委、那大镇政府、大同社区及包点单位积极投入大同社区自建房占用消防通风道整治工作中。截至10月10日，共整治了21天，清理违建6500平方米和20余处卫生死角，共清理垃圾1500余车，目前已基本清理完成。4市政设施改造升级工程惠及广大市民“这里的路灯安装之后，晚上外出或回家都方便多了。”10月10日，家住那大镇骑楼小吃街安置小区的王先生介绍说，从前小区没有路灯，到了夜里大伙儿外出只能摸黑，但是，两个月前，小区的路灯亮后，大伙儿的心也跟着亮堂了起来。不仅要让路灯亮起来，让群众的出行路变得更加的平坦，还要使市政排水设施畅通无阻……为不断改善我市城区群众的居住环境和出行环境，今年来，市政管理处紧跟“一创两建”的工作步伐，不断加大对破损道路、路灯、排水设施、桥梁等设施的修复改造和升级力度，像那大镇骑楼小吃街这样，其市政设施不断改善的地方变得越来越多。资料图。钩机正在清理损坏的路面。“龙腾西路、伏波路、市图书馆前、云月路、宝岛路还有发源路……”谈起今年已经进行改造的我市城区破损的道路，市政管理处的工作人员赵先生如数家珍。他说，从前在没有改造之前，这些地方坑洼路面给不少市民的出行带来不便，常常成为市民投诉的焦点。但是以前，对市民投诉的路面损毁的街道，市政管理处也只是进行局部的填补。挖开路面、在原本坑洼的车道上铺设沥青，按照新的设计要求进行施工，设置路口、坡道等，进一步提升道路整体使用功能。今年以来，按照城区街道路面改造新要求，市政管理处对龙腾西路、伏波路、市图书馆前、云月路、宝岛路、发源路等道路的人行道和破损路面进行了大刀阔斧的改造和升级，有效地改善我市群众的出行环境。据最新的据统计数据显示，截至今年8月份，市政管理处共铺设沥青路面4800㎡、砼路面3800㎡、人行道6500㎡，修复中兴大街花池石150m。不仅要让出行路变得更加的平坦，还要让儋州变成一座灯城，这也是市政管理处今年的工作重点之一。据介绍，今年以来，市政管理处重点加强那大城区主次干道、北部湾大道、蓝洋大道及滨海新区主次干道路灯的修复，共修复路灯1650杆、1716盏。资料图。市政管理处工作人员正在安装路灯。“照亮群众夜间回家的路，让群众回家的路变得更加的安全，一直以来，我们还高度重视市政的照明质量。”市政管理处的赵先生介绍说，对于已经亮化的小区，市政管理处还要进行改造，不断提升公共照明的质量和安全。今年，受“山神”以及副热带低压的影响，我市降下罕见大雨，给那大城区的市政排水系统带来严峻的挑战。未雨绸缪，才能防患于未然。据介绍，今年来，市政管理处还对中兴大街、兴隆路、人民路、先锋路等主次干道市政排水管进行修复、清理9075m，同时检查井126个、进水井192个，使市政排水道污水横流以及积水的现象变得越来越少。改造后平整的出行路使我市群众的出行环境得到改善；一盏盏路灯照亮了市民夜间回家的路，让不少夜间回家的市民既方便又有安全感。伴随着“一创两建”的不断深入推进，不论是下水道、路面还是路灯，我市都在不断加大改造力度，在提升儋州的城市形象的同时，还使“一创两建”工作变成市民直接受益的民生工作。儋州市新闻中心 记者盘宝盛 王家隆 见习记者羊文彪 丁子芹 实习生李泽明编辑：陈俊羽 审核：万善益]]></content>
  <author><![CDATA[这里是儋州]]></author>
  <time>2018-10-12 12:15:10</time>
  <account><![CDATA[HN-DTV]]></account>
</data>
