<data>
  <id><![CDATA[50517943]]></id>
  <url><![CDATA[https://mp.weixin.qq.com/s?timestamp=1539596421&src=3&ver=1&signature=Egrj350GoKY8-KUcIJshbyP3mFn7j*0fZR2Rg2krK4IaQLbk8U5TTZIdStZ*afYcDFkhHluoNWmYIAjo1xO8IPCNt4nDASKim30SS7IKoNsNfIyKKvm6ihrfJzOGrlLXLkUmg4mN6CgXSP6EEzxoHQyCXMVVqOr7yVydSBOnfms=]]></url>
  <title><![CDATA[]]></title>
  <content><![CDATA[]]></content>
  <author><![CDATA[揭阳空港消防]]></author>
  <time>2018-10-10 00:00:27</time>
  <account><![CDATA[jykgxf]]></account>
</data>
