<data>
  <id><![CDATA[50517943]]></id>
  <url><![CDATA[https://mp.weixin.qq.com/s?timestamp=1539596421&src=3&ver=1&signature=Egrj350GoKY8-KUcIJshbyP3mFn7j*0fZR2Rg2krK4IaQLbk8U5TTZIdStZ*afYcDFkhHluoNWmYIAjo1xO8IPCNt4nDASKim30SS7IKoNuwuXX9e0OoyUv-uL7Z3CU94oL-CMyjQkws6l8CT4DYZQpfsS-Jc8NNZCTCgK5NXlg=]]></url>
  <title><![CDATA[那些令人心痛的“三合一”场所火灾案例]]></title>
  <content><![CDATA[点击蓝字关注我们本文转载自“上海消防”8月2日5时许上海宝山区通南路310号一爱玛电动自行车行发生火灾接到报警后，公安、消防等单位迅速到场处置。经全力扑救，6时02分许火势被控制。火灾造成车行业主刘某等5人死亡。着火地点为一小区，一楼为门店，二楼以上为住宅区。大量浓烟从车行冒出，蔓延至高层，火焰蹿入二楼。着火点已经烧得漆黑一片。目前，起火原因正在进一步调查中。有居民反映，火灾发生地白天作为销售电动车的商铺，晚上也住人，疑似搭建有阁楼。什么是“三合一”场所？“三合一”场所，是指住宿与生产、仓储、经营一种或一种以上使用功能违章混合设置在同一空间内的建筑。该同一建筑空间可以是一独立建筑或一建筑中的一部分，且住宿与其他使用功能之间未设置有效的防火分隔。“三合一”场所的分类生产经营、堆放储藏、人员居住的“三合一”店铺一旦起火，到底有多可怕？8月2日上午宁波市消防支队在余姚凤山新村组织开展了一场“三合一”店铺火灾实验结果触目惊心“三合一”店铺火灾实验实验地点选在凤山新村待拆迁的一幢五层建筑的一楼店铺，与楼上居民住宅相对独立。这是一处典型的“三合一”店铺，虽然所有人员已经搬离，但现场仍可以看出当时店铺经营时存在的消防安全隐患：收银台旁的过道上堆放着大量杂物；未与店堂硬隔离的厨房内违规使用煤气灶等明火灶具；灶具边上堆放有大量可燃物品；而更要命的是，厨房上方的阁楼便是店主的住宿区，有且仅有一个宽约50厘米的木楼梯连通。一旦楼下起火 阁楼上的人无处可逃为了模拟楼下开店、阁楼住人的情况，消防员特意在阁楼的床上放置了2个假人，并通过安装摄像头、测温仪和有毒有害气体检测等设备，对起火后阁楼内的多项环境指标进行检测。准备就绪一切准备就绪，实验正式开始。过道杂物起火消防员点燃厨房过道上的杂物后开始计时，并通过各项仪器观察阁楼内各项数据的变化。仅仅30秒钟浓烟从窗口涌出监控屏幕上显示，随着火势的蔓延，一楼厨房和过道已经充满了烟气，部分烟气开始通过厨房窗口向外冒出，厨房、阁楼和店堂的温度也开始从34℃不断上升。约40秒钟整幢楼被浓烟笼罩监控屏幕上，过道摄像头的画面消失，直接显示出“无网络视频”的字样，摄像头被高温彻底损坏。此时，设置在过道位置的温度检测仪显示，火场温度已经高达1360℃，“如此高温，被困人员要想从这里逃生根本不可能。”消防人员说。1分08秒明火向外翻卷监控屏幕上，店堂、阁楼处的画面只有火光和浓烟，根本看不清其他任何东西。通过店铺后侧窗口可以看到，不断有熊熊火焰向窗外翻卷，楼上的居民楼完全被浓烟笼罩。此时，有毒有害气体检测仪显示，阁楼位置的氧气浓度已经从最初的18.9%下降到13.6%，一氧化碳浓度从0.1ppm上升至27.0ppm。3分钟后所有监控画面均显示“无网络视频”；有毒有害气体检测仪显示，阁楼内的氧气浓度为0。消防员灭火从实验结果可以看到，像这样的‘三合一’店铺，火灾发生后，留给人逃生的时间最多只有短短1分钟。这么短的时间内，逃生楼梯早已被浓烟包围，很容易让人晕厥窒息。因此，像这样的“三合一”店铺一旦发生火灾，后果不堪设想。千万不能为了节省开支就抱有侥幸心理！忠 勇 善 战 ，铁 血 为 民空港消防 卫民平安]]></content>
  <author><![CDATA[揭阳空港消防]]></author>
  <time>2018-10-10 00:00:27</time>
  <account><![CDATA[jykgxf]]></account>
</data>
