<data>
  <id><![CDATA[50517943]]></id>
  <url><![CDATA[https://mp.weixin.qq.com/s?timestamp=1539596421&src=3&ver=1&signature=Egrj350GoKY8-KUcIJshbyP3mFn7j*0fZR2Rg2krK4IaQLbk8U5TTZIdStZ*afYcDFkhHluoNWmYIAjo1xO8IEYWTQ5-cwZEm7OnPo8ZcPnK3z6RtktKMHHVCVLJ9538D-mNuaAJOP57vI8IcxRmfozBo-qSi2jcra0eA8gf5ys=]]></url>
  <title><![CDATA[温暖的榕江新城，温暖了消防队]]></title>
  <content><![CDATA[点击蓝字关注我们近日，朋友圈被一位消防小哥哥刷屏啦原来，在10月9日凌晨的灭火战斗中，陈映波作为班长骨干，率先垂范，冲锋在前，虽感到身体不适，却坚持战斗到最后一刻。在收队过程中，陈映波同志还来不及做出任何反应就昏厥倒地，被送往医院救治。揭阳市消防支队邹武涛支队长在得知陈映波同志在灭火救援中昏厥倒地一事后，10日下午亲自到大队探望慰问，了解陈映波同志身体恢复情况。区委方如隆书记肯定大队忠勇善战，是守护空港人民平安的钢铁卫士，并转达对陈映波同志的关心和慰问，指出要给予立功奖励。救火扶危刻苦训练区委副书记、副主任黄克新赞扬空港消防队是人民的守护神，陈映波同志事迹可歌可泣，要关心呵护好我们的消防员。区委委员、政法委书记、公安局局长陈继华得知情况后，代表区委区管委率队第一时间赶到医院探望慰问。空港区有关行局领导和代表相继到医院看望慰问，送去了区各行局的关心与祝福。空港区溪南街道办代表及村委代表随后也到医院探望并慰问映波同志。12日上午，本次建筑起火事故的公司代表亲自到大队将印有“救火英雄，心系人民”字样的锦旗送到陈映波同志手中，对消防员们在危难关头不顾个人安危，全力保护人民生命安全表示衷心的感谢。we will always be around you揭阳电视台走进大队对映波同志进行个人专访，深入挖掘“高富帅”的逆袭之路，为社会树立反映“贤德揭阳”的先进人物事例。更令小编感动的是在发布有关映波同志的个人事迹之后社会各组织及群众纷纷点赞留言你们的关心与鼓励是我们稳步向前的推动力消防员灭火救援的力量不仅来自于自身永不放弃的信念家人背后默默的支持更重要的是党和国家以及市级、区级各位领导的关心与爱护广大人民群众的肯定与鼓励他们是强有力的后盾他们的激励和引导是消防员们不断前进的最大动力！温暖的“榕江新城”温暖了消防员小编偷偷告诉你们噢“高富帅”独有的硬汉精神现在陈映波同志身体已逐渐恢复各位亲朋好友莫担心小编会帮你们监督他好好休养让他今后可以为消防事业做出更大贡献！听说还有人主动联系交朋友呢自古英雄不寂寞啊~想知道如何逆袭为“高富帅”吗戳戳，下面链接马上了解励志 | 高富帅的蜕变记秋季大风天频发，加之气候干燥处于火灾事故的高发期大家要注意用电、用火、用气等安全做到人走断电关气，减少火灾发生各位小伙伴们要提起十二分精神要注意防火和防寒噢！忠 勇 善 战 ，铁 血 为 民空港消防 卫民平安]]></content>
  <author><![CDATA[揭阳空港消防]]></author>
  <time>2018-10-13 22:08:53</time>
  <account><![CDATA[jykgxf]]></account>
</data>
