<data>
  <id><![CDATA[50517943]]></id>
  <url><![CDATA[https://mp.weixin.qq.com/s?timestamp=1539596421&src=3&ver=1&signature=Egrj350GoKY8-KUcIJshbyP3mFn7j*0fZR2Rg2krK4IaQLbk8U5TTZIdStZ*afYcDFkhHluoNWmYIAjo1xO8IIcz-ClQbzBilDDYGRfJnE1jodmJcs5pbRY6teoUxUq1-N98OpCNcuk0KXcdWJEkeXP5tfAsRG1vhmZZUnhsBe8=]]></url>
  <title><![CDATA[不要怕报警，也别瞎报警！]]></title>
  <content><![CDATA[点击蓝字关注我们本文转载自“新华社”昨天，两条有关“报警”的新闻双双上了微博热搜有一则报警得到了警察叔叔的“官方点赞”而另一则却受到不少网友的批评怎么回事呢？先来看看被警方“点赞”的“报警”事情是这样的一位南京的大学生网友搭乘末班公交车回学校可直到公交到了终点站才发现坐！反！了！由于站点离市区非常远天色漆黑又没有什么路灯打车也怎么都打不到她就“暴雨梨花”式地哭着报警向警察求助最终她被警察用警车平安送回了学校她特意发微博向警察表达感谢对此南京市公安局江宁分局在微博发文表示对于这位“小朋友”坐错公交车报警的事件警察叔叔很有必要再说一下警察叔叔表示这位同学确实有点马大哈她本想坐830路公交车到“中国药科大学站”但她一直闷头玩手机不但坐了反向的公交车还一直坐到了始发站“周岗站”才发现这个误差就有点大毕竟从药科大学到周岗那可是13公里但警察叔叔对部分网友所说的“这位同学遇到这种事情也要报警是浪费警力”的言论并！不！赞！同！首先这位同学在报警前已经采取了叫网约车的自救方法其次南京市江宁区是一个超乎很多人想象的巨大区域按照警察叔叔的话来说“我区面积1570多平方公里大概相当于1.3个上海的浦东新区或者北京的昌平区那么大再直观点相当于3/4个深圳市那么大。”↓↓↓而且这位同学的目的地“中国药科大学站”已经是城市的边缘地区而“周岗站”更加偏远是标准农村乡镇从830公交路线的卫星图就可以看出来这位同学在报警时的地方有多么偏僻了所以距离这么远夜晚在乡村里无法回家面对公交停运、打车无果的情况这位女同学报警求助是最安全也是最正确的选择！关键时刻求助警方没！有！问！题！不过警察叔叔也表示这位同学“暴雨梨花”式的报警方法不！提！倡！“暴雨梨花”式报警究竟是个啥？一起来感受一下↓↓↓警方提示：大家报警时如果没有即时危害尽量不要哭，慢慢说网友表示：遇到危险，应该报警！@白裤裆寒冬一季丶：姑娘报警没毛病的呀一个姑娘这样本来就不安全，说什么浪费警力，这种时候谁不害怕？@滚滚红尘红成滚滚：婆婆很暖。女生也马大哈确实也认识自己的错误了，公开表扬警察叔叔阿姨也是正能量，就别一上来就骂巨婴了，谁还没个一不小心的时候呢。@洛苍颜：听出来了，她对于二十岁的自己居然还犯这种错误感到也是很好笑很无奈啊，但是荒郊野外的回不去又真的好害怕。@尔东chenify：我小手都搓出老茧了，才得以见识小朋友的梨花带泼天大雨式哭法就像经历一场难产但另一个“报警”人的命运就不同了他受到了网友的一致批评10月10日晚一位网友在微博上发帖称自己养的狗被链子绞住了大腿于是打电话向杭州余杭消防大队求助希望得到帮助但是接线员却多次声明“只救人不救猫狗”并单方面挂断求助电话引发该网友不满并且质疑当地消防“无作为”这下网友们可坐不住了……有的网友认为消防员也是肉体凡胎需要得到我们的关怀和疼惜而不应苛责他们@我是此博非彼博：消防队员永远是我心中的英雄。有时候看着那些年轻稚气的脸，他们都还是妈妈的大孩子，请多心疼他们一点。@win--wen：为什么要这样得寸进尺:消防员这项职业原本就是以生命捍卫了人民的生命和利益，为什么还要对他们这般苛责；不是说动物的性命不重要，但是在灾情或是重大事故面前，消防员能够救护人民同时保护自己不要受到伤害已经很不易了，他们也是肉体凡胎，为何懂得心疼猫猫狗狗，而不会更懂得疼惜我们的子弟兵。有网友开启了教育模式认为消防员的主要职责是救人有些琐事完全可以自己处理没必要浪费消防资源更没有权利去诋毁他们@小白白哩个白：消防队员也是人，你纳税了没错，但不代表消防队员要百分百的按你的要求去办事，有些琐事完全可以自己处理，没必要去浪费消防资源。@iiakak：我觉得直接让小区物业帮忙更快更好吧，或者自己找工具绞，再不济男性朋友该有吧！@红星闪闪向太阳：你没有任何权利诋毁一支为人民服务的队伍！法律不允许！人民更不允许！对此@中国消防 作出了回应：遇到危急情况报警求助是每个公民的权利但也请我们不要浪费这些宝贵的公共资源让真正遇到危险的人们得到最及时的救助！不要怕报警但也请别瞎报警！忠 勇 善 战 ，铁 血 为 民空港消防 卫民平安]]></content>
  <author><![CDATA[揭阳空港消防]]></author>
  <time>2018-10-14 23:20:22</time>
  <account><![CDATA[jykgxf]]></account>
</data>
