<data>
  <id><![CDATA[50517943]]></id>
  <url><![CDATA[https://mp.weixin.qq.com/s?timestamp=1539596421&src=3&ver=1&signature=Egrj350GoKY8-KUcIJshbyP3mFn7j*0fZR2Rg2krK4IaQLbk8U5TTZIdStZ*afYcDFkhHluoNWmYIAjo1xO8IJ4LLHi7nrUKlf33mwmCA62gegu*hd1h9pUZCGNtZv4dNc9gJFxTd7IPjrnsnmJCVUUPKfjj*cGYok6*oQ*B1-k=]]></url>
  <title><![CDATA[队列训练，要的就是这个精神气]]></title>
  <content><![CDATA[青春飞扬 我心激昂稍息，立正向右看齐，向前看报数1、2、3、…这才国庆回来第一天谁这么有精神的在喊口令oh~原来是揭阳空港消防的全体队员在进行队列训练快跟小编的镜头一起去看看吧站军姿两脚跟靠拢并齐两腿挺直，小腹微收自然挺胸，头正、颈直、口闭两眼平视，目光坚毅尽显准军作风的精气神队伍集结分组训练开始啦伸出手来检查仪容仪表“转圈圈、转圈圈”稍息、立正向左转、向右转、向后转脱帽、戴帽、夹帽各种干脆利落上体正直，两手后背两腿伸直，姿态端庄摆臂练习1、2、1、2小姐姐来啦一起“摇摆”国庆后的第一天就是要这么精神气你get到了吗让我们一起努力成为生活中的强者忠 勇 善 战 ，铁 血 为 民空港消防 卫民平安]]></content>
  <author><![CDATA[揭阳空港消防]]></author>
  <time>2018-10-09 10:53:23</time>
  <account><![CDATA[jykgxf]]></account>
</data>
