<data>
  <id><![CDATA[50517943]]></id>
  <url><![CDATA[https://mp.weixin.qq.com/s?timestamp=1539596421&src=3&ver=1&signature=Egrj350GoKY8-KUcIJshbyP3mFn7j*0fZR2Rg2krK4IaQLbk8U5TTZIdStZ*afYcDFkhHluoNWmYIAjo1xO8IG8-wsvgMeOcHYe2l-zo8Fcw9t4WwpPAfGHauxjrKcMo5lFn4hZzutZMRciVq2zctD6pjZOXvEiDQoiq*5g3Iyc=]]></url>
  <title><![CDATA[网民质疑消防“只救人不救猫狗”，中国消防回应…]]></title>
  <content><![CDATA[点击蓝字关注我们本文转载自“人民日报”10日晚，一网民在微博发帖称，自家养的狗被链子绞住大腿，向当地消防求助。接线员多次声明“只救人不救猫狗”，并挂断电话，引发该网民不满，质疑当地消防无作为。应急管理部消防局官微@中国消防 今日回应称，消防员依据国家法律承担重大灾害事故和其他以抢救人员生命为主的应急救援工作。基层消防队在不影响正常执勤战备情况下，也会参与社会救助，应急救援资源有限，解救小动物这种困难，并不能百分之百的满足。我们永远是人民的消防队伍，这一点是不容置疑的！忠 勇 善 战 ，铁 血 为 民空港消防 卫民平安]]></content>
  <author><![CDATA[揭阳空港消防]]></author>
  <time>2018-10-11 22:34:15</time>
  <account><![CDATA[jykgxf]]></account>
</data>
