<data>
  <id><![CDATA[50517943]]></id>
  <url><![CDATA[https://mp.weixin.qq.com/s?timestamp=1539596421&src=3&ver=1&signature=Egrj350GoKY8-KUcIJshbyP3mFn7j*0fZR2Rg2krK4IaQLbk8U5TTZIdStZ*afYcDFkhHluoNWmYIAjo1xO8IG8-wsvgMeOcHYe2l-zo8FceKSxKMnQz0xeKKfMy1oWsupx5G2mZDpBQoTr*2ssfu6Af84PvbN2D97OTmsVtPjA=]]></url>
  <title><![CDATA[“啊！”女子一声惨叫，这种扫码共享按摩椅出事了！]]></title>
  <content><![CDATA[点击蓝字关注我们本文转载自“广东消防”车站、超市、电影院......这些地方总能见到很多按摩椅扫扫码付款就能感受一把等待的过程也能变得灰常享受一个字爽！没想到，这种方便的按摩椅也出事了5月20日，在杭州火车东站地下一层有人被这种按摩椅夹住了……来火车站接客人的姜先生说：“杭州火车东站地下一层，有一排按摩椅，就是扫微信付款那种，一个女的被夹住了，不知道是头发还是手被卡进去，消防正在解救，120也在。我15分钟前到的时候，就已经卡住了，回头我接完客人，人还没救出来……按摩椅斜对面一家水果摊的女摊主说，下午，她突然听到“啊”一声很响的惨叫，尽管车站环境嘈杂，但这一声尖叫大家都听到了。“旁边有个年轻男的，当时也坐在按摩椅上，马上起来帮她把电源拔了。那女的时不时发出一阵阵尖叫，她头发卷到按摩椅里去了……接着保安也来了，保安叫旁边还在按摩的人赶紧停下。后来消防过来了，厂家也被叫过来了，那个女的一直蜷缩着双腿，不敢动，相当于有人抓住你的头发，一拔，多痛啦。消防用机器弄了好长时间才救出来。最后厂家把按摩椅抬走的时候，椅子上挂着很多长发，是剪下来的还是拔下来的，不清楚。据了解，当地消防部门接警后出动一辆抢险救援车7人赶赴现场，在120医务人员和民警的协助下，消防员经过20分钟努力，成功将按摩椅拆卸，经被困女士同意，把她被卷入的头发剪除后，成功救出。此次救援未造成人员受伤。这家按摩椅的运营负责人说：“女孩子在按摩的时候，头侧向一边去捡东西，因为头部离开了按摩位置，披散的长发夹在了缝隙里。按摩椅的使用已经非常普遍随手扫码使用可以一定程度上缓解疲劳但是潜在的危险容易被大家忽视使用按摩椅时请注意以下这些事项共享按摩椅虽然方便，但并非人人适用。孕妇、未成年人及有心血管疾病、高血压、骨质疏松、颈椎和腰椎疾病患者、恶性肿瘤等患者都不适宜使用。使用按摩椅前一定要掀开靠垫检查按摩轮可行走部分的面料是否破损，在面料破损的情况下使用按摩椅，可能引发受伤的危险。其次要检查是否有暂停键，一旦发生机器故障，及时按下暂停键是非常关键的。使用时应去掉手表、发饰等硬物，以免导致划伤。勿在饭后立即使用，以免造成不适；勿在饮酒后使用，以免造成事故或损伤。使用中感到身体异常，请立即停止使用。按摩途中若想离开座位，必须先停止按摩椅运作，再离开座位。起放椅背时或在腿部抬起状态下，请勿强行坐下或起身，否则可能引发事故或造成伤害。忠 勇 善 战 ，铁 血 为 民空港消防 卫民平安]]></content>
  <author><![CDATA[揭阳空港消防]]></author>
  <time>2018-10-11 22:34:15</time>
  <account><![CDATA[jykgxf]]></account>
</data>
