<data>
  <id><![CDATA[50517943]]></id>
  <url><![CDATA[https://mp.weixin.qq.com/s?timestamp=1539596421&src=3&ver=1&signature=Egrj350GoKY8-KUcIJshbyP3mFn7j*0fZR2Rg2krK4IaQLbk8U5TTZIdStZ*afYcDFkhHluoNWmYIAjo1xO8IFrXI*pZd7RRnxnZMeEaZYxU8VU8qXDiKxJc*tiqEfYWFNGtBg*MYKhkwDQ35KQYpzzx4YakDcDV0pC4IjZTy*U=]]></url>
  <title><![CDATA[一半水火，一半笑声，一样的国庆长假，不一样的精彩瞬间]]></title>
  <content><![CDATA[点击蓝字关注我们昂首挺胸——敬礼！立足岗位，牢记使命国庆长假，这个举国欢庆的节日，是绝大多数人在繁忙的工作里难得的一段能与家人团聚，享受生活的美好时光，同样的一周里，揭阳空港消防每一名消防战士，都在以实际行动展现对党和人民的责任担当和使命。备战待命夯实基础，磨砺精兵是一项比拼韧劲的长期任务，在七天长假里，更要不忘初心，立足岗位，牢记消防人的使命，始终坚持“训练标准不降强度不减”的练兵理念，为更好地完成应急救援任务打下坚实基础。练杜渐防萌国庆是举国欢庆的节日，更是外出旅游的高峰，公共场所人流密集的时候，为全力做好国庆期间消防安全宣传活动，提高人民群众的消防安全意识，营造一个和谐、平安、畅通出行的消防安全环境，揭阳空港消防积极组织开展消防宣传活动。©10月1日在炮台展销会开展消防宣传©10月3日在炮台风门古径开展消防宣传©10月7日在渔湖桥头广场开展消防宣传活力警营虽然不能与家人团聚，但在这里，就是他们的第二个家。揭阳空港消防始终注重发挥文化建设“软实力”作用，切实将“暖心工程”放在心上，抓在手上，着力营造“团结互爱、友好互助”的警营氛围。为祖国歌唱看谁丢的准快点，使劲“吹”激情篮球赛烧鸡翼，我钟意食哇，水带还能这样玩赴汤蹈火自10月1日以来，揭阳空港消防共接处警4起，出动车辆17辆次，官兵80余人次，无论何时何地，在做什么，警铃一响，即刻飞奔而出，他们不惧火魔，只怕祖国的一寸土地被烈火侵犯，他们是降服烈火的勇士！灭幸福的国庆长假过去了还有119天就要迎来春节十天长假想想就好激动兢兢业业，勤勤恳恳过好开心快乐的每一天这样春节就会很快到啦！忠 勇 善 战 ，铁 血 为 民空港消防 卫民平安]]></content>
  <author><![CDATA[揭阳空港消防]]></author>
  <time>2018-10-08 23:21:39</time>
  <account><![CDATA[jykgxf]]></account>
</data>
