<data>
  <id><![CDATA[50517943]]></id>
  <url><![CDATA[https://mp.weixin.qq.com/s?timestamp=1539596421&src=3&ver=1&signature=Egrj350GoKY8-KUcIJshbyP3mFn7j*0fZR2Rg2krK4IaQLbk8U5TTZIdStZ*afYcDFkhHluoNWmYIAjo1xO8IIcz-ClQbzBilDDYGRfJnE1Pp2d1oGRi3ZueCp-rgS*J9Fh7qd-b9rw-4vY4aWS2z2mz6Bp2gUUvKUxYIjctokk=]]></url>
  <title><![CDATA[熊孩子把20米长的扶梯当滑梯，家长边录像边夸：“真厉害”？？]]></title>
  <content><![CDATA[点击蓝字关注我们本文转载自“广东消防”一个熊孩子背后，通常会有一位熊家长。10月6日，在重庆渝中区，三名男童在写明“禁止使用”的20米长扶梯上，把扶手当成滑梯，连续多次速降，并做出各种危险动作！但家长却不去制止，甚至在扶梯下面录像，并夸孩子“好厉害”。确定是亲生的？心这么大，网友都看不下去了：任由孩子在公共设施上随意攀爬、玩闹，不仅影响设施正常运作、给他人出行带来不便，更会给自家孩子带来极大的安全隐患。提醒各位家长：出门在外，一定要看好自己的孩子。不仅是家长职责，更是一份安全保障。还有以下乘梯须知，你值得拥有！1不推婴儿车上扶梯婴儿车是在平地上使用的，如果放到了快速运行的扶梯上，一旦家长没抓稳，很容易导致孩子连车滚下扶梯。↑ 婴儿车失手从扶梯跌落因此，推婴儿车时最好选择轿厢电梯。2站稳扶好是关键扶梯护栏的高度，对孩子来说是安全的。可如果家长抱起孩子，孩子的重心会高于护栏高度，一旦家长失手或没有站稳，孩子很容易前倾摔下，后果不堪设想。↑ 乘坐扶梯要注意孩子的重心乘坐扶梯时，对于能走的孩子，建议家长一手牵孩子，一手扶扶手带。↑ 不要让儿童单独乘坐扶梯而如果孩子太小，建议先使用背带把孩子固定在身上，一只手抱紧孩子，另一只手扶扶手带。3禁止打闹、攀爬在扶梯上及扶梯口打闹、攀爬，都是非常危险的举动。在生活中，家长要做到明确告诉孩子：电梯不是玩具！↑ 孩子如果依附在运行的扶手上，由于体重较轻，很容易被扶手带动拽离地面发生危险。4保持在黄线范围内有的孩子会摸或踢扶梯的缝隙，这样很容易使手或脚卷进去。如果碰到梯级边的毛刷时，就要远离一些，不被毛刷碰到才是一个安全的距离。带孩子乘坐扶梯时，一定要留意黄色安全警示线。提醒孩子：无论何时，都不要把手、脚、头超出这个范围。5记住“红色按钮”扶梯的一侧下方有一个红色的紧急关停按钮，当发生意外时，应第一时间找到并按下它。为了孩子和他人，请收好这份安全倡议：忠 勇 善 战 ，铁 血 为 民空港消防 卫民平安]]></content>
  <author><![CDATA[揭阳空港消防]]></author>
  <time>2018-10-14 23:20:22</time>
  <account><![CDATA[jykgxf]]></account>
</data>
