<data>
  <id><![CDATA[50517943]]></id>
  <url><![CDATA[https://mp.weixin.qq.com/s?timestamp=1539596421&src=3&ver=1&signature=Egrj350GoKY8-KUcIJshbyP3mFn7j*0fZR2Rg2krK4IaQLbk8U5TTZIdStZ*afYcDFkhHluoNWmYIAjo1xO8IBMbo4*3OSa9kVDNA5o78NB5OrRzvWzlU72Rcffn1JH-sAm8GHd-FW80gc65sf0dSuECbRMidudxh7A-sCyKvV8=]]></url>
  <title><![CDATA[我，与“他”]]></title>
  <content><![CDATA[点击蓝字关注我们忠 勇 善 战 ，铁 血 为 民空港消防 卫民平安]]></content>
  <author><![CDATA[揭阳空港消防]]></author>
  <time>2018-10-05 17:32:40</time>
  <account><![CDATA[jykgxf]]></account>
</data>
