<data>
  <id><![CDATA[50517943]]></id>
  <url><![CDATA[https://mp.weixin.qq.com/s?timestamp=1539596421&src=3&ver=1&signature=Egrj350GoKY8-KUcIJshbyP3mFn7j*0fZR2Rg2krK4IaQLbk8U5TTZIdStZ*afYcDFkhHluoNWmYIAjo1xO8IEYWTQ5-cwZEm7OnPo8ZcPl5w9XT-VSYNUsDzC0WVll61vvSalpvAyCBp1tH2YsRw08nK74w-QvElM6FhLmD5-w=]]></url>
  <title><![CDATA[天冷了，会洗热水澡吗？一对母子因此没了命...看看你都洗对了吗？]]></title>
  <content><![CDATA[点击蓝字关注我们本文转载自“安徽消防”秋天的步伐已然到来，天气也越来越冷！意味着冬天也不远了！这时候，最舒服的事儿：莫过于洗个热水澡，躺在暖融融的被窝里…但洗澡也是要讲究方法的。洗澡方式不对，可能会有危险，甚至是付出生命的代价！这可不是吓唬你！⒈  2018年10月2日，租住在广东广州荔湾区逢源街的黄先生，在屋内洗热水澡时，一时不擦，触碰到了电热水器，不幸触电身亡。⒉  去年腊月十六（2018年2月1日），浙江杭州杨家沁苑，一名18岁男孩在家用电热水器洗澡时，不幸触电身亡。⒊  去年冬月初五（2017年12月22日），在广东佛山南海区丹灶广丰路的一处出租屋内，刘某在洗澡时突然陷入昏迷。室友小陶发现后，将其紧急送往医院抢救。不幸的是，刘某经抢救无效死亡，后经医生诊断，发现他是煤气中毒。据悉，当时刘某使用的是安装在卫生间墙上的直排式热水器，且门窗紧闭。直排式热水器是将废烟气直接排放在室内的一种燃气热水器，安全隐患大，我国家早年就规定禁止销售，但不少地方仍在使用。⒋  2017年10月27日，广东东莞某学校，1名男生在宿舍洗澡时突然触电，同宿舍室友立即关闭宿舍电源，并拨打120……但悲痛的是，该男生最后还是经抢救无效死亡！⒌  2016年9月27日凌晨4点左右，福建龙岩新罗区，30多岁的母亲和7岁的孩子双双倒在卫生间内身亡……据事后了解，悲剧是由热水器漏电导致的。这样的一幕，还有很多……在寒冷的秋冬季，洗个热水澡，本该是一件人间美事儿，却被“热水器”生生破坏了，甚至还被它夺走了宝贵的生命......每每看到这样的事故，心都揪着疼啊！5起事故6人死亡，其中还包括一对母子！这样惨痛的教训，大伙儿真得要引起警惕了！眼下正值秋季，天气逐渐转凉转冷，是使用电热水器的高峰期！提醒大家，使用电热水器时，要注意以下几点：另外，如果浴室内需要有插座，一定要远离水源，最好加盖来降低漏电风险。一旦发现有人触电，千万不要立刻直接用手去拉人，要先切断电源（插头，电闸，开关），再施救！然而，仅仅知道如何预防浴室内洗澡触电，还远远不够，我们还要知道如何预防浴室内洗澡中毒！这些细节要牢记：●  进入浴室洗澡时，要注意保持浴室通风透气，最好打开排气扇，不建议洗澡时间过长。●  使用燃气热水器时，应将其安装在洗浴房间外，靠近窗户的地方或室外，严禁安装在浴室内。●  要经常检查维护燃气热水器和排气扇，一旦发现异常，应立即更换。●  严禁使用被淘汰的直排式热水器。●  发现家人洗澡超过一定时间，应及时进行呼应照看。忠 勇 善 战 ，铁 血 为 民空港消防 卫民平安]]></content>
  <author><![CDATA[揭阳空港消防]]></author>
  <time>2018-10-13 22:08:53</time>
  <account><![CDATA[jykgxf]]></account>
</data>
