<data>
  <id><![CDATA[50517943]]></id>
  <url><![CDATA[https://mp.weixin.qq.com/s?timestamp=1539596421&src=3&ver=1&signature=Egrj350GoKY8-KUcIJshbyP3mFn7j*0fZR2Rg2krK4IaQLbk8U5TTZIdStZ*afYcDFkhHluoNWmYIAjo1xO8IPiuXYChCztxpYgr71Q1Ei9NDmSjGsgm-*kWiXflL53CDnLCMPqnLY97WdUhwierXfSmzgFZ0Raf3-yeaphfOes=]]></url>
  <title><![CDATA[放假几天，家长就崩溃了！陪孩子写作业，把房子都烧了]]></title>
  <content><![CDATA[自从假期以来每天让无数家长痛苦无比的事情又来了——陪孩子做作业家长们表示每次教孩子做作业总是憋到内出血一不小心就会“炸毛”忍不住对孩子又吼又骂……辅导孩子写作业可不就是一道送命题吗？9月6日晚，陕西省安康市汉阴县一居民楼二层突然起火，整个楼栋顿时被浓烟包围，经过居民和消防队共同努力，扑灭了大火。经了解，该居民楼二层是一家餐馆，着火的是餐馆的厨房，当时厨师准备煎鱼，油烧在锅里的时候厨师去辅导小孩做作业，导致油锅燃烧引发大火，所幸火灾过程中没有人员伤亡情况。给孩子辅导个作业竟把房子给烧了生活中经常会有很多疏忽比如出门忘记关掉家用电器忘记关掉水龙头等等而这些疏忽很容易造成难以想象的后果......综艺《中餐厅》里舒淇遗忘在家里的一锅茶叶蛋险些酿成大错一锅茶叶蛋引发的一场剧情！舒淇听到后突然想起来了早上在锅里煮着的茶叶蛋忘记关了火进屋就闻到了浓浓的烧焦味的确是没关火赶紧把茶叶蛋捞了出来才深深地呼出了一口气如果晚回来一些后果的确不堪设想锅中的部分茶叶蛋也因为锅里的水熬干被烤成了黑色模样令人哭笑不得好险邻居发现的及时不然要出大事了！！！！那么，遇到油锅着火，该如何处置呢?记住下面的做法千万不要用水！！！不管你是用的电锅还是燃气灶，都不要用水来浇灭。常温常压下，水的沸点只有100℃，水遇到高温的油迅速气化，形成油水汽混合物，与氧气充分接触，形成爆燃，这就是可怕的“炸锅”1、首先，迅速关闭燃气阀门，防止引发其他更为严重的事故。另外，最好不要穿丝绸类、化纤类衣服炒菜，一旦遇火会加大皮肤创伤面积。2、其次，盖上锅盖，盖上锅盖后里面火很快就会缺氧自然熄灭。3、家中常备家用灭火器，可以帮助您轻松应对此类小型火灾（干粉灭火器适用于油锅起火）。记住，如果火势已经不可控，赶紧拨打119报警。最后提醒大家：1、厨房用火时，应有人员进行看护。需要长时间离开时应先熄火，关闭燃气阀门。2、谨记人离火熄、电断、气关。3、定期清理油烟管道，保持烟道清洁，避免高温或烹饪时产生的火星落到油垢处引发火灾。来源：广东消防忠 勇 善 战 ，铁 血 为 民空港消防 卫民平安]]></content>
  <author><![CDATA[揭阳空港消防]]></author>
  <time>2018-10-06 23:11:15</time>
  <account><![CDATA[jykgxf]]></account>
</data>
