<data>
  <id><![CDATA[50517943]]></id>
  <url><![CDATA[https://mp.weixin.qq.com/s?timestamp=1539596421&src=3&ver=1&signature=Egrj350GoKY8-KUcIJshbyP3mFn7j*0fZR2Rg2krK4IaQLbk8U5TTZIdStZ*afYcDFkhHluoNWmYIAjo1xO8IGDysi3RZWTN3kM*y6fYItYSMzFmv8pT74P6RV6FW*aRITkrcdby53z6anz0NQqsASGMwoFfiHbcnPmhHeGvTzY=]]></url>
  <title><![CDATA[因为避让了这辆车，这一秒，大家纷纷为正能量点赞！]]></title>
  <content><![CDATA[几天前肇庆小伙伴们的朋友圈可能都被这个消息刷屏了大家纷纷为暖心行为点赞↑ 在肇庆市广宁收费站入口处，有几辆走ETC通道的车主看到后方的消防车，还专门驶进旁边拥堵的车道为消防车让行，加快了消防出警的速度。视频推出后“避让消防车”成了热门话题肇庆广宁的消防员出警时拍到的这暖心一幕让小伙伴们都非常感动避让消防车是为生命让道，也是城市文明的标志。在此，向这些司机朋友们致敬！该视频传到了抖音上网友们也纷纷点赞留言别小看避让的这一秒钟传递的是一种精神、社会的文明而且，必须狠狠地告诉大家！因避让消防车产生的违反交规的行为不会受到处罚。为特种车辆让路就是给有危难的人民群众让路！有法可依 保护消防车辆优先通行权■从交警部门了解到，根据《中华人民共和国道路交通安全法》第五十三条明确规定，警车、消防车、救护车、工程救险车执行紧急任务时，其他车辆和行人应当让行。■交警部门表示，社会车辆不避让执行任务的特种车辆，违反了《道路交通安全法》第53条，将处以记3分、罚款200元的处罚。情节严重的，甚至会按照《治安管理处罚法》第50条之规定，处5日以上10日以下拘留，可以并处500元以下罚款。我们都应该给救援车辆让道给生命救援让行简单的一次文明礼让都会使你我成为守护城市的平凡英雄这座城市也将因此显得更加可爱感动之余也让我们从自身做起吧只有更多的驾驶者避让特种车辆更多的人为生命让道文明才能成为一种习惯来源：广东消防忠 勇 善 战 ，铁 血 为 民空港消防 卫民平安]]></content>
  <author><![CDATA[揭阳空港消防]]></author>
  <time>2018-10-07 23:45:58</time>
  <account><![CDATA[jykgxf]]></account>
</data>
