<data>
  <id><![CDATA[50517943]]></id>
  <url><![CDATA[https://mp.weixin.qq.com/s?timestamp=1539596421&src=3&ver=1&signature=Egrj350GoKY8-KUcIJshbyP3mFn7j*0fZR2Rg2krK4IaQLbk8U5TTZIdStZ*afYcDFkhHluoNWmYIAjo1xO8IG8-wsvgMeOcHYe2l-zo8FfkcQPKi0NSWAhEoLgvlRM-mhV9uO37qwGVHx9koiSUcxIYsIwEo00WD9*D4S4D40M=]]></url>
  <title><![CDATA[干货|人员密集场所消防安全评估内容（共67项）]]></title>
  <content><![CDATA[点击蓝字关注我们本文转载自“消防知识宣传”人员密集场所具有使用功能复杂、人员数量多、密度大，流动性强等特点，且具有公众开放性强、火灾易发多发等特性。其风险具有多样性、严重性，表现形式上具有空间、时间序列的不确定性和偶然关联性，易造成重特大火灾事故。人员密集场所对消防设施和系统的可靠性、完好性以及消防安全制度的落实有更高的要求。人员密集场所的消防安全评估旨在对场所合法性、消防设施状态、消防安全管理现状进行逐项的定性评估，全面掌握该类场所的消防安全水平，针对存在不合法和火灾隐患的场所及时进行整改，以提高人员密集场所的整体消防安全水平。忠 勇 善 战 ，铁 血 为 民空港消防 卫民平安]]></content>
  <author><![CDATA[揭阳空港消防]]></author>
  <time>2018-10-11 22:34:15</time>
  <account><![CDATA[jykgxf]]></account>
</data>
