<data>
  <id><![CDATA[50517943]]></id>
  <url><![CDATA[https://mp.weixin.qq.com/s?timestamp=1539596421&src=3&ver=1&signature=Egrj350GoKY8-KUcIJshbyP3mFn7j*0fZR2Rg2krK4IaQLbk8U5TTZIdStZ*afYcDFkhHluoNWmYIAjo1xO8IPCNt4nDASKim30SS7IKoNu9ZFd3C5hqCm3JO9O97PNv863RRYUF8RIMlNHjoPT7AnL6S2oRxIeX4nKSsLSMOr0=]]></url>
  <title><![CDATA[励志|高富帅的蜕变记]]></title>
  <content><![CDATA[消防这是一个高富帅蜕变的成功故事如果没有累倒在岗位上那今天也只是普普通通忙忙碌碌的一天因为执勤、训练、出警对于年轻的他来说早已习惯他肯定不知道自己的身体会虚弱到如此程度会来不及做出任何反应昏厥倒地他是谁？为什么会倒下？昨晚，一声声警铃打破了宁静的夜晚，房子起火！揭阳空港消防官兵迅速反应，赶到现场处置。火灾回顾2018年10月9日凌晨2时03分，市消防局指挥中心接报称：空港渔湖镇西寨村附近一房子起火。立即调派 揭阳空港消防 3辆消防车16名指战员赶赴现场处置。明火于2时55分被扑灭。现场无人员伤亡，具体原因正在调查中。<<  滑动查看下一张图片  >>在此次战斗中，陈映波作为班长骨干，率先垂范，冲锋在前，虽感到身体不适，却坚持战斗到最后一刻。收队过程中，陈映波同志还来不及做出任何反应就昏厥倒地，被送往医院救治。听到这个消息后区委委员、政法委书记、公安分局局长陈继华代表区委区管委率队，第一时间赶往医院探望据小编偷偷了解到出警前一晚8点，在队里集中训练之余他还一如既往“加餐”训练10公里负重跑和200个俯卧撑真是对他又爱又恨更可恨的是，刚打完点滴恢复不久，并没有想过多休息，而是申请归队执勤。小编就是这样看着他，在高富帅的道路上发光发热陈映波，男2015年初入职空港专职消防队，原来是某机械厂的临时工。特别“瘦”172的身高95斤的体重非常“弱”体能，全队倒数第一性格“闷”性格内向，不爱说话就是这么一个不起眼的人凭借一股不服输的劲一步一脚印的用成绩证明自己工作中一直在努力烈日炎炎，他坚持“以战为准、以训为本”的原则。一直在蜕变菜鸟到雄鹰，是一个努力蜕变的过程，而他就是一个典型的例子。三公里由原先的倒数到跑进11分钟，到获得第一届兵王五公里第三名一直在突破性格内向的他突破自己，成为了一名出色的消防宣讲员。<<  滑动查看下一张图片  >>一直在精进在工作中，他一直秉持最初的热诚，始终与初心对每一件细微小事。一直在前方只要有出警，作为班长骨干的他，一直严格要求自己，一直走在最危险的前沿。生活中热衷公益，爱心“泛滥”他不仅是消防宣讲员，更是公益事业的爱好者，他曾讲到，只要能帮助他人，就是他最大的快乐。<<  滑动查看下一张图片  >>发现不足，提升自我他总是利用业余时间看书练字，更是坚持日记习惯，从 日记点滴中发现不足，从而不断改善。不断奔跑，不断挑战从20公里半程马拉松到50公里半程越野跑，从害怕水到学会水上救人技能。他从来就没想过要放弃，一直在挑战一直在进步。<<  滑动查看下一张图片  >>就是这么一个他从“瘦弱闷”一步一步蜕变成“高富帅”高              富              帅从一盘水带的整理，日常卫生的打扫，到车载水泵的维护，救援装备的保养。纯粹的人做事，总是有一种莫名的美感。敢于叫响“我是标兵，向我看齐”，真诚且励志，长久以来的认真与细致，更是让人动容。有人说，消防员的工作时间大部分都在望夫石般的等待，虽有夸张，却也不失真实，严肃的纪律，规律的生活，思想生活总有空白的时候。而陈映波同志喜欢阅读学习，下棋、书法、吉他、游泳从零开始，锲而不舍、持之以恒，从不知到精通，这就是“阿甘精神”。他是精神世界里的百万富翁！真正的勇敢，并不是无所畏惧。 而是明明知道害怕，却还是要勇往直前。他也和每个忠于职责，忠于自己的消防员一样，用无悔逆行，坦然担当的逆流而行，诠释着属于自己的帅气。此刻的他，又已归队站到了“最前线”。对这么一个又爱又恨的高富帅实在没有办法不为你点赞各位老铁们，不要吝啬你的赞，燥起来吧都说高富帅难寻那是因为你没有接触过群体中在这个群体中陈映波只是千千万万中的一名他们不是神但是为了人民他们变成了神人他们没有超能力但是为了责任他们变成了超人太阳很烈，他们很美向消防工作者致敬忠 勇 善 战 ，铁 血 为 民空港消防 卫民平安]]></content>
  <author><![CDATA[揭阳空港消防]]></author>
  <time>2018-10-10 00:00:27</time>
  <account><![CDATA[jykgxf]]></account>
</data>
