<data>
  <id><![CDATA[50517943]]></id>
  <url><![CDATA[https://mp.weixin.qq.com/s?timestamp=1539596421&src=3&ver=1&signature=Egrj350GoKY8-KUcIJshbyP3mFn7j*0fZR2Rg2krK4IaQLbk8U5TTZIdStZ*afYcDFkhHluoNWmYIAjo1xO8IGDysi3RZWTN3kM*y6fYItbzUiZzpERvwufsMgXNPRKeGV9BhjICVWdV*OMAaaAHRcjw5bmDwxG2I44BUqp4a3w=]]></url>
  <title><![CDATA[不忘初心︱我们奋斗的一周（二十六）]]></title>
  <content><![CDATA[点击蓝字关注我们一周的我们每个拥有梦想的人内心深处都有一颗属于自己的星星它一直高挂天边不分日夜照耀着前进的道路揭阳空港消防也拥有属于自己的“星星”为了广大人民群众的安全我们时时刻刻都在前进着下面一起来看“星星”吧(详情请戳 ↓ ↓ ↓）1、向国旗敬礼，喜迎国庆节10月1日上午8点整，大队隆重举行国庆节升旗仪式，进一步增强了官兵全心全意为人民服务的责任感、使命感和荣誉感，为践行“听党指挥，能打胜仗，作风优良”的铮铮誓言，积极为空港安全稳定做出更大贡献。2、做好2018年揭阳空港“炮台·家具”第四届展销会安保工作为做好2018年揭阳空港“炮台·家具”第四届展销会安保工作，大队积极部署，科学研判，主要做到了以下几点：一是提前介入，做好安保检查，消除火灾隐患；二是靠前服务，到现场进行保卫，确保会场安全稳定；三是积极宣传，利用消防宣传车、展板进行现场消防宣传，提高群众消防意识。3、成功处置汕昆高速两货车追尾2018年10月1日02时22分，揭阳空港消防接揭阳支队指挥中心警情称，登岗高速路口两货车相撞，货车司机被困，大队迅速出动一台水罐消防车和一台抢险救援车共15名官兵到场处置，大队官兵于3点06分左右将受困司机救出，并移交现场急救人员。4、成功处置一起楼房起火2018年10月1日上午8时50分，揭阳空港消防接到市119指挥中心调度称：空港溪南街道西寨村附近一楼房起火。接到报警后，揭阳空港消防出动2辆水罐消防车、12名官兵赶赴现场扑救，9时01分，火势得到控制，并成功将未逃离其它出租屋的5名群众救出，且无人员伤亡。5、歌唱祖国”主题晚会10月1日晚，大队组织开展“歌唱祖国”主题活动晚会，既体现了空港消防对党和国家的忠诚，又缓解了官兵的战备压力，融洽了节日气氛，增进了官兵之间的情感，促使官兵们以更加饱满的精力投入到空港消防事业中。6、趣味投篮及益智纸牌竞赛活动10月2日上午，大队组织官兵开展“趣味投篮”及“益智纸牌”竞赛活动，给紧张的执勤工作之余增添了不少乐趣，更展现了官兵们的良好精神风貌。7、观看电影《影》10月2日下午，大队组织官兵前往影院观看电影片《影》，使官兵们紧张疲惫的心情有效得到了放松，促使官兵以良好的精神状态投入到接下来的节日执勤战备工作中去。8、消防宣传进景区 为群众送国庆“平安礼包”10月3日上午，大队宣传人员深入砲台风门古径开展消防安全知识宣传活动，为群众送国庆“平安礼包”。此次活动共计发放宣传资料500余份，为近100名群众讲解了消防知识，不仅提高了群众的防火意识，也使防火安全工作深入民心，为辖区“平安国庆”营造了良好的消防安全氛围。9、节日篮球友谊赛10月3日晚，大队组织官兵开展篮球友谊赛，此次篮球比赛，打出了风格、打出了友谊。既丰富了官兵业余文化生活，又增进了官兵之间的交流，提高了队伍的凝聚力和战斗力，使官兵在节日期间放松了身心又保持着应有的战斗力。10、节日淘宝套圈圈10月4日，大队组织官兵开展淘宝套圈圈活动，不仅丰富官兵的节日生活，增强节日气氛，同时也极大地增进了官兵之间的团结，官兵们在收获奖品的同时 ,更收获了节日的快乐。11、总队袁奕之部长率队深入揭阳空港消防开展督导检查工作10月5日上午，总队袁奕之部长率队到揭阳空港消防开展督导检查工作。市消防局邹武涛局长、 王宏政委和备勤党委成员全程陪同。检查结束后，袁奕之部长对大队的工作表示充分肯定，同时勉励大队官兵要再接再厉，继续发扬良好作风，并就大队下一步工作提出了指导意见：一是要全力抓好国庆后半程火灾防范工作，继续紧紧依靠党委政府，动员各方面力量实行群防群治，对重点风险加强防控、督促整改，消除安全隐患；二是要研究出一套专职队新的管理体系。不断提升应急能力素质和技战术水平，科学合理地安排好实战化训练，做到接警快速、调派合理、处置科学，确保转隶后队伍随时“拉得出、冲得上、打得赢”；三是要打造精品消防站，多走出去参观学习，把好的经验带回来，结合实际转化学习成果，进一步提升工作水平；四是在管理上要严管厚爱。当前正处消防改革转隶关键时期，要摸清底数，做好专职队员思想引导工作，通过多种方式全力营造暖心、舒心、贴心的警营文化，让队员感受到家的氛围。12、成功处置一起货车起火2018年10月5日凌晨2时00分，揭阳市公安消防支队空港经济区大队接到揭阳市消防局指挥中心指令称：潮惠高速离机场东站往潮州方向3公里一货车起火，揭阳空港消防快速反应，于2时20分到达现场。到场时着火车辆发生多次轰燃，大队兵分两路先稳控火势；了解车上载物后即刻发起总攻，经过30多分钟的扑救，于3时03分完成火灾扑救工作，现场成功营救2名司机，一名司机受伤送医，无生命危险。13、抢凳子、你画我猜及水上漂竞赛活动10月5日上午，大队组织官兵开展“抢凳子”、“你画我猜”及“水上漂”竞赛活动，给紧张的执勤工作之余增添了不少乐趣，更展现了官兵们的良好精神风貌。14、开展枪炮协同灭火操训练10月5日下午，大队积极组织官兵开展枪炮协同灭火操训练，切实提升了大队多人协同作战的能力，有效提升了队员们处置大跨度大空间火灾的实战救援能力。15、璀璨灯光扮靓营区为营造温馨和谐的警营环境，近日，大队结合营区实际情况，定制一批趣味LED灯，细心装扮营区，为营造拴心留人的工作、生活环境涂抹上愉悦的一笔，进一步增强了战士们“以队为家”的思想，激发了官兵的工作、学习效率以及训练热情。16、节日活动“水带保龄球”和“两人三足齐奔跑”10月5日，大队经过精心策划、合理安排，组织官兵进行了“水带保龄球”和“两人三足齐奔跑”比赛，丰富了官兵的节日文化生活，凝聚了人心，鼓舞了士气。17、创意涂鸦消防宣传画近日，大队邀请涂鸦爱好者到营区开展消防品上墙活动，这一幅色彩灿烂、创意十足的的涂鸦作品，为营造拴心留人的工作、生活环境涂抹上愉悦的一笔。18、节日烧烤活动10月6日，大队在做好“国庆期间”执勤备战工作的同时，组织开展烧烤活动，现场气氛格外融洽，丰富了警营文化生活，增进了官兵之间的感情，鼓舞了士气，激发了工作干劲，提高了队伍的战斗力和凝聚力。19、渔湖居委会市场前桥头公园开展消防安全宣传活动10月7日，大队组织官兵到渔湖居委会市场前桥头公园开展消防安全宣传活动。活动现场，大队宣传人员准备了以防火、灭火、逃生常识为主题的宣传资料和大量“消防纸盒”小礼品，以喜闻乐见的宣传方式，吸引了广大人民群众积极参与消防宣传活动，进一步提高了群众消防安全意识，为切实做好消防安全工作起到积极作用。20、组织召开国庆节后收心会10月7日晚，大队组织召开收心会，大队值班干部就下周工作开展做出部署安排，同时强调全体官兵要及时调整状态，端正态度，严肃作风，做好迎接节后新工作挑战的准备。21、揭阳空港经济区加大执法力度助推“打通生命通道”专项行动揭阳空港经济区本周开展“打通生命通道”专项行动以来，我区共排查检查场所171家，发现整改隐患324处，拆除违章广告牌60块，责令关停和查封场所22家，有效打击震慑消防违法行为。22、温馨提示：经过炎炎夏日，迎来了凉爽的秋季。秋季降雨量减少，天干物燥，是火灾事故高发季，稍有不慎容易引发火灾，威胁着群众生命财产安全。提醒广大居民群众，进入秋季，要时刻注意防火，不断自纠自查身边的火灾隐患，不可麻痹大意，以免酿成大祸。如果你觉得不错，请点赞、转发。咱们下周见！忠 勇 善 战 ，铁 血 为 民空港消防 卫民平安]]></content>
  <author><![CDATA[揭阳空港消防]]></author>
  <time>2018-10-07 23:45:58</time>
  <account><![CDATA[jykgxf]]></account>
</data>
