<data>
  <id><![CDATA[50517943]]></id>
  <url><![CDATA[https://mp.weixin.qq.com/s?timestamp=1539596421&src=3&ver=1&signature=Egrj350GoKY8-KUcIJshbyP3mFn7j*0fZR2Rg2krK4IaQLbk8U5TTZIdStZ*afYcDFkhHluoNWmYIAjo1xO8IPiuXYChCztxpYgr71Q1Ei-udpkEzbmFtbrVGBAsweEWyo6w1Xhq*e0jwCo0Q0qLd3MFXfb36gleDAYbGZdUbMM=]]></url>
  <title><![CDATA[扎心!为啥身份证照能“丑”成这样？真相可算来啦……]]></title>
  <content><![CDATA[▼所有的证件照都长着一张重在参与的脸这样的场景你肯定不陌生……-银行办业务，工作人员看过身份证后说，这个得本人亲自来办-过海关的时候被要求背几遍身份证号-有时候觉得自己变丑了，拿出身份证一看，发现自己多虑了-时常担心拿着身份证去民政局结婚可能会被悔婚（对象都没有你就别胡思乱了啊！）-身份证放在钱包里从来没有正面朝上过（看一次瞎一次）所以，为什么身份证照片总是那么丑啊！！！今天，这里或许能够找到你的答案…▼我觉得吧证件照这种东西就有一种“把人扒光”的魔力身份证照片更是证件照里的重灾区超过八成的网友表示身份证照是世界上最丑的照片它掀起你的减龄刘海将卡姿兰大眼睛照成死鱼眼让你的脸看起来像被车碾过一样又平又宽很多人对身份证照深恶痛绝绞尽脑汁想换照片大家之所以拼命挣扎说到底还是不甘心拍出这360°全死角的身份证照是只靠我丑做到的吗？！首先让我们客观冷静地挑挑摄影师的毛病大家先回想一下证件照是如何诞生的？你排了一个小时的长队终于轮到你时刚坐下还没整理好心情咔擦一声一道刺眼的光闪过你的证件照诞生了没有多余的废片一台普通的小数码相机加上一块白色背景布拍摄人员已经把你的形象安排得明明白白了BUT这事能怪摄影师吗？而拍身份证照的摄影人员要在短时间内拍出一张符合要求的照片你猜他会怎么挑很多地方的证件照拍摄甚至不是专业摄影师操作而是由民警代劳的他们的主业务是维护治安至于拍照嘛还有个刁钻的思路认为好看的照片是要找角度的而证件照拍摄好比一场现形记让你积攒多年的拍照技术毫无用武之地所以丑几乎是不可避免的当然公安部门也听到了群众对身份证照的怨念目前多地已经设置了“自助满意拍照系统”让你拍到满意为止办新证，需要几个步骤？怎样拍照才能更好看？助你轻松换证，重拍照片的机会来了，好好把握！最后，其实大家换个角度想想身份证拍得丑也没什么只要本人美就行毕竟本人比身份证丑不是更可怕吗…来源：广东共青团忠 勇 善 战 ，铁 血 为 民空港消防 卫民平安]]></content>
  <author><![CDATA[揭阳空港消防]]></author>
  <time>2018-10-06 23:11:15</time>
  <account><![CDATA[jykgxf]]></account>
</data>
