<data>
  <id><![CDATA[50517943]]></id>
  <url><![CDATA[https://mp.weixin.qq.com/s?timestamp=1539596421&src=3&ver=1&signature=Egrj350GoKY8-KUcIJshbyP3mFn7j*0fZR2Rg2krK4IaQLbk8U5TTZIdStZ*afYcDFkhHluoNWmYIAjo1xO8IBMbo4*3OSa9kVDNA5o78NADYHeaGAIn0vTgLlH2yow8Ssc36VezeomBJ-DTpvhNXLcSeDUgq6zt9tv9hp2POR0=]]></url>
  <title><![CDATA[危险！潮惠高速一大货车突然起火，幸亏……]]></title>
  <content><![CDATA[这是一个触目惊心火灾案例火灾案例2018年10月5日凌晨2时0分，市消防局指挥中心接报称：潮惠高速离机场东站往潮州方向3公里一货车起火。立即调派调空港、揭东消防大队共计5辆消防车28名指战员赶赴现场处置。火灾现场揭阳空港消防快速反应于2时20分到达现场到场时着火车辆发生多次轰然大队兵分两路先稳控火势了解车上荷载为40吨PET即刻发起总攻经过30多分钟的扑救于3时3分完成火灾扑救工作消 防 部 门 提 醒：车辆自燃不止会在夏天发生，车辆长时间行驶时一定要注意适当休息，给轮胎降温，防止轮胎因温度过高而引发自燃。长途出行前要检查油路、电路、胎压等情况；随车配备灭火器，发现车辆起火时，应立即停车，关闭电源再下车查看，用随车携带的灭火器进行灭火。若发现时火势已不受控制，应尽快远离现场保证自身安全，及时拨打119报警。忠 勇 善 战 ，铁 血 为 民空港消防 卫民平安]]></content>
  <author><![CDATA[揭阳空港消防]]></author>
  <time>2018-10-05 17:32:40</time>
  <account><![CDATA[jykgxf]]></account>
</data>
