<data>
  <id><![CDATA[50517943]]></id>
  <url><![CDATA[https://mp.weixin.qq.com/s?timestamp=1539596421&src=3&ver=1&signature=Egrj350GoKY8-KUcIJshbyP3mFn7j*0fZR2Rg2krK4IaQLbk8U5TTZIdStZ*afYcDFkhHluoNWmYIAjo1xO8IEYWTQ5-cwZEm7OnPo8ZcPmGjcY7ONmtmc65WBxsud3k73v1rAEsHtt**4*D7jBO-rsTJK1qHYMBzABTNXurqA4=]]></url>
  <title><![CDATA[“减少灾害损失，创造美好生活”——第29个国际减灾日]]></title>
  <content><![CDATA[点击蓝字关注我们本文转载自“中华人民共和国应急管理部”忠 勇 善 战 ，铁 血 为 民空港消防 卫民平安]]></content>
  <author><![CDATA[揭阳空港消防]]></author>
  <time>2018-10-13 22:08:53</time>
  <account><![CDATA[jykgxf]]></account>
</data>
