<data>
  <id><![CDATA[50517943]]></id>
  <url><![CDATA[https://mp.weixin.qq.com/s?timestamp=1539596421&src=3&ver=1&signature=Egrj350GoKY8-KUcIJshbyP3mFn7j*0fZR2Rg2krK4IaQLbk8U5TTZIdStZ*afYcDFkhHluoNWmYIAjo1xO8IG8-wsvgMeOcHYe2l-zo8Fd2gIR0tWy2kPjICPiUjjZj6pmge9LF8kSCHUirxKlayvQkqSLsbfVSOHjulsBm7H8=]]></url>
  <title><![CDATA[深夜灭火救援暖人心，群众致谢送锦旗]]></title>
  <content><![CDATA[点击蓝字关注我们一个119紧急电话他们总能以迅雷之速，义无反顾到你身边无论是寻常的社会援助2018.8.30 纪南小学清蜂行动还是突如其来的大火2018.10.1 成功处置西寨一楼房起火而今天我们收到了一份特殊的礼物宏跃货物运输有限公司代表将一面印有“英勇，神速”的鲜红锦旗送到大队官兵手中感谢消防员在危难之时及时伸出救援之手抢救人民生命财产，化解危难对消防大队及时出警、迅速救人的英勇行为表示由衷的感谢火灾回顾2018.10.52018年10月5日凌晨2时00分，揭阳空港消防接到揭阳市消防局指挥中心指令称：潮惠高速离机场东站往潮州方向3公里一货车起火，揭阳空港消防快速反应，迅速出动4台消防车，24名消防员火速赶赴事故现场。到场时着火车辆发生多次轰燃，大队兵分两路，一路抢救被困人员，一路控制火势蔓延；了解车上载物后即刻发起总攻，经过30多分钟的扑救，于3时03分完成火灾扑救工作，现场成功营救2名司机。一面小小的锦旗是对消防工作的肯定和支持也是对消防员的最高奖赏同时，他们也看到了肩上所负的重任充分认识到自己所从事的职业和担负的职责是如此的神圣、光荣和重要我们将一如既往地履行职责，牢记使命发挥综合应急救援队伍拳头作用为保卫人民生命财产安全做出更多、更大的贡献！忠 勇 善 战 ，铁 血 为 民空港消防 卫民平安]]></content>
  <author><![CDATA[揭阳空港消防]]></author>
  <time>2018-10-11 22:34:15</time>
  <account><![CDATA[jykgxf]]></account>
</data>
