<data>
  <id><![CDATA[50518073]]></id>
  <url><![CDATA[https://mp.weixin.qq.com/s?timestamp=1539596439&src=3&ver=1&signature=Egrj350GoKY8-KUcIJshb7CinPYwx54cajD9l4udRHxMI2GINH*hTZun52GxtOoKHt33p0CW*Ryo8ApV48e6NHlYBxpVX2f5*a7jycska7fd*RXMr45b20O8Iz4NYK3S8L-74J66A*fsgmoA5WCdXwX8MFmGb3l3Kc1nyUp8W7c=]]></url>
  <title><![CDATA[市领导带领慰问组到空港经济区走访慰问百岁老人]]></title>
  <content><![CDATA[为弘扬尊老爱老的中华民族传统美德，10日下午，副市长曾瑞如带领慰问组到空港经济区走访慰问百岁老人，为老人们送去党和政府的关怀与温暖，并向老人们致以良好祝愿。区领导黄克新、黄文浩陪同活动。在空港经济区溪南街道东寨社区百岁老人黄惠娟家中，慰问组详细询问了老人的饮食起居和身体情况，并送上慰问金和慰问品。黄惠娟老人今年100岁，有子孙88人，其子孙孝顺，家庭和睦。慰问组祝福老人健康长寿，并叮嘱其家人要关心照顾好老人，共享天伦之乐。随后，慰问组来到空港经济区凤美街道塘埔社区，看望慰问今年100岁的老人林赛娟，慰问组与老人及其子女拉起家常，了解老人的生活和身体情况，并叮嘱其家人要细心照顾好老人的日常生活起居，让老人颐养天年。据了解，农历九月初九是我国的传统节日“重阳节”，也是我国法定的“老人节”。期间，我市将陆续开展百岁老人、贫困老人慰问活动，营造尊老、爱老良好的社会氛围，增强全社会的敬老爱老意识，共同关心关爱老年人，让他们生活得更加幸福，真正实现老有所养、老有所乐。今年我区共有百岁老人17人，其中年龄最大的老人为103周岁。连日来，区民政局组织人员为百岁老人送上慰问金及大米、棉被等慰问品，共计4.74万元。“揭阳空港动态”是中共揭阳空港经济区委、区管委会办公室开通的官方微信平台，旨在客观、快速、全面反映揭阳空港的经济和社会各项事业发展情况，更好地通报工作动态、激发干事热情、凝聚干群合力、提升空港形象。联系邮箱：kgjjqxx@163.com揭阳空港动态（微信号：jykgdt)长按二维码加关注]]></content>
  <author><![CDATA[揭阳空港动态]]></author>
  <time>2018-10-11 20:03:27</time>
  <account><![CDATA[jykgdt]]></account>
</data>
