<data>
  <id><![CDATA[50518073]]></id>
  <url><![CDATA[https://mp.weixin.qq.com/s?timestamp=1539596439&src=3&ver=1&signature=Egrj350GoKY8-KUcIJshb7CinPYwx54cajD9l4udRHxMI2GINH*hTZun52GxtOoKHt33p0CW*Ryo8ApV48e6NEuLJymHZIfZXflhRbpp25YOJOWxtxPxSTOb3drp78NNUrCzYPykHFlv86LFO9wGQuwTj2Kcx0VnPNvtcXGb7no=]]></url>
  <title><![CDATA[空港经济区举办党规党纪知识竞赛活动]]></title>
  <content><![CDATA[为进一步丰富纪律教育活动月活动内容，9月28日，空港经济区纪委联合区教育局在空港一中举办党规党纪知识竞赛活动，让党规党纪深入人心，让廉政文化发扬光大。本次活动共有8支代表队参赛，设置问卷考试与现场抢答两个环节，按得分高低评选出个人一等奖1名、二等奖2名、三等奖3名，团体一等奖1名、二等奖2名、优秀组织奖7名。经过紧张激烈的角逐，最终登岗镇代表队获得团体第一名，登岗镇林纯漫获得个人第一名。活动旨在营造良好学习宣传氛围，增强全区党员干部学习贯彻《中国共产党章程》《 中国共产党纪律处分条例》《 中国共产党廉洁自律准则》《 中国共产党党内监督条例》等党内法规的自觉性和坚定性，把学习过程变成进一步强化纪律意识的过程；引导全区党员干部增强党章意识，恪守党规党纪，强化政治纪律和组织纪律，同时带动廉洁纪律、群众纪律、工作纪律、生活纪律严起来，牢固树立“四个意识”，做到“两个维护”，推动全面从严治党向纵深发展，为全力打造榕江新城和临空产业两大组团，建设新型城镇化示范区提供坚强政治保证。“揭阳空港动态”是中共揭阳空港经济区委、区管委会办公室开通的官方微信平台，旨在客观、快速、全面反映揭阳空港的经济和社会各项事业发展情况，更好地通报工作动态、激发干事热情、凝聚干群合力、提升空港形象。联系邮箱：kgjjqxx@163.com揭阳空港动态（微信号：jykgdt)长按二维码加关注]]></content>
  <author><![CDATA[揭阳空港动态]]></author>
  <time>2018-09-29 17:15:24</time>
  <account><![CDATA[jykgdt]]></account>
</data>
