<data>
  <id><![CDATA[50518073]]></id>
  <url><![CDATA[https://mp.weixin.qq.com/s?timestamp=1539596439&src=3&ver=1&signature=Egrj350GoKY8-KUcIJshb7CinPYwx54cajD9l4udRHxMI2GINH*hTZun52GxtOoKHt33p0CW*Ryo8ApV48e6NCTCobN4MCsqbqibL8atbDgH5XRMspv9AqOOUZ9lJwRlnq8XoFfth0eePeb4beIQ6pWZc7vkwa1lYOTN5G-iLgo=]]></url>
  <title><![CDATA[凤美街道塘埔社区因地制宜提升人居品位，用荒地建成湿地公园]]></title>
  <content><![CDATA[用荒地建成湿地公园矗立的大风车、转动的木水车，小桥流水、红花绿树，凤美街道塘埔社区刚建成的小型湿地公园美如画，每天都吸引许多居民前来游玩。“家门口就有休闲锻炼的地方，真是太幸福了。”社区居民黄阿姨叔笑着对记者说。阶段来，塘埔社区不断进行人居环境综合整治新探索，因地制宜，重点突出休闲功能，将原来杂草丛生、垃圾成堆的荒地打造成小型湿地公园，使之成为一道靓丽风景线。“这里原来杂草丛生，还堆放了大量生活垃圾，不仅浪费了宝贵的土地资源，还严重影响了居民日常生活，因此社区决定将这块荒地建设成为一个公共活动场所。经广泛发动乡贤，多方筹资约400万元，规划建设这一占地约32亩的小型湿地公园。”塘埔社区负责人黄伟彬说。据其介绍，湿地公园于今年4月开工，全面完工后，公园里种植了垂丝海棠、中东海枣、塔松、印度紫檀、非洲茉莉、睡莲、水生美人蕉等各类花草树木及水生植物120多种；湿地公园的建成，不仅提升了社区人居品位，也给周边居民提供一个休闲健身的好去处，提高了群众的生活质量。湿地公园建成了，要如何做好日常维护呢？对此，塘埔社区给出了这样的答案：把环境整治与乡风文明培育、文化教育紧密结合起来，在打造湿地公园的同时，通过居民代表会议表决，订立一批涉及环境卫生保护的村规民约，如湿地公园文明公约“七要”“七不准”等，全方位、立体式开展宣传，让“爱护环境” “垃圾不落地”逐渐成为社区居民的文明习惯；在塘埔小学组织开展“我是环保小卫士”主题公益活动，通过“小手拉大手”，发动学生和家长一起参与到环境卫生整治中来，合力打造“生态宜居、乡风文明、治理有效”的美丽家园。评论为荒地变公园点赞陈镇文在推进人居环境综合整治过程中，凤美街道塘埔社区凝聚内外合力，因地制宜将荒地建成湿地公园，并以订立公园文明公约为示范带动，让居民逐步养成文明习惯，这一新探索值得点赞。同样是一块地，因为坚持以人为本、因地制宜，其变化是如此之大：以前，这里是杂草丛生、垃圾成堆的弃荒地，不仅浪费了宝贵的土地资源，而且严重影响了居民正常生活；如今，这里是人水和谐、风景宜人的湿地公园，成为塘埔一道靓丽风景线，成为周边居民休闲健身的好去处。湿地公园虽小，因为凝聚合力、建管并重，其形成的示范效应很大：在多方筹资建设湿地公园过程中，乡贤积极支持，居民委员会及早表决通过湿地公园文明公约等村规民约；建成后，环境整治与乡风文明培育、文化教育有机结合起来， 践行文明公约成为社区居民的自觉行动，“爱护环境” “垃圾不落地”逐渐成为居民的文明习惯，“环保小卫士”的“小手”拉起了家里的“大手”，让家长与学生一起积极参与到环境卫生整治行动中来。塘埔社区的积极探索给其他村（社区）带来有益启示：在人居环境综合整治中，只要勇于探索、多想办法、凝聚合力，坚持以人为本、因地制宜、建管并重，就能不断取得实效，就能实现人居环境的持续改善，就能实实在在提升群众的获得感和幸福感，更好地凝聚起共建共享美丽家园的合力。镇（街道）村（社区）是城乡环境综合整治的主要聚焦点和发力点。当前，“五水清漂”“五边清污”正在深入开展，各地要把“两清”工作作为改善提升城乡人居环境的重要抓手，把人民对美好生活的向往作为“两清”工作的出发点和着力点，在前阶段取得成效的基础上，进一步强化责任意识和担当意识，坚持以人为本、因地制宜，勇于探新路，善于聚合力，加快补齐短板，着力完善长效机制，把“两清”工作做实做细做好，持续深化“五城同创”，不断提升人民群众的获得感和幸福感。来源：揭阳日报记者：孙晓珊、林怡然摄影：黄秋杰“揭阳空港动态”是中共揭阳空港经济区委、区管委会办公室开通的官方微信平台，旨在客观、快速、全面反映揭阳空港的经济和社会各项事业发展情况，更好地通报工作动态、激发干事热情、凝聚干群合力、提升空港形象。联系邮箱：kgjjqxx@163.com揭阳空港动态（微信号：jykgdt)长按二维码加关注]]></content>
  <author><![CDATA[揭阳空港动态]]></author>
  <time>2018-09-30 23:59:47</time>
  <account><![CDATA[jykgdt]]></account>
</data>
