<data>
  <id><![CDATA[50518073]]></id>
  <url><![CDATA[https://mp.weixin.qq.com/s?timestamp=1539596439&src=3&ver=1&signature=Egrj350GoKY8-KUcIJshb7CinPYwx54cajD9l4udRHxMI2GINH*hTZun52GxtOoKHt33p0CW*Ryo8ApV48e6NCTCobN4MCsqbqibL8atbDgCt-C4dO6U*ZmTL6u2LN7YYK-oaBz7m9qS2MZ25dYypd*6Zs8HKbrGriL6tcwQVC8=]]></url>
  <title><![CDATA[空港区城乡建设局开展国庆前安全生产大检查]]></title>
  <content><![CDATA[为进一步落实全国、省、市有关会议的部署，切实加强国庆节期间安全生产工作，空港经济区城乡建设局于近日组织开展全区建筑工程安全生产大检查。此次检查以深基坑、高大模板支撑系统、建筑起重机械、外脚手架等为重点进行检查。通过认真细致的检查并现场召开反馈会议，对检查中发现的问题能立即整改的责令施工单位现场整改，对存在隐患较大的在建工程下达了《建筑工程安全隐患整改通知书》，并要求监理单位跟踪落实直至整改合格为止。下一步，区城乡建设局将继续加大检查力度，对存在安全隐患较大的工程项目坚决责令整改，明确整改责任和时限，并落实专人进行跟踪监督整改到位，确保全区建筑安全生产形势稳定。“揭阳空港动态”是中共揭阳空港经济区委、区管委会办公室开通的官方微信平台，旨在客观、快速、全面反映揭阳空港的经济和社会各项事业发展情况，更好地通报工作动态、激发干事热情、凝聚干群合力、提升空港形象。联系邮箱：kgjjqxx@163.com揭阳空港动态（微信号：jykgdt)长按二维码加关注]]></content>
  <author><![CDATA[揭阳空港动态]]></author>
  <time>2018-09-30 23:59:47</time>
  <account><![CDATA[jykgdt]]></account>
</data>
