<data>
  <id><![CDATA[50518073]]></id>
  <url><![CDATA[https://mp.weixin.qq.com/s?timestamp=1539596439&src=3&ver=1&signature=Egrj350GoKY8-KUcIJshb7CinPYwx54cajD9l4udRHxMI2GINH*hTZun52GxtOoKHt33p0CW*Ryo8ApV48e6NHlYBxpVX2f5*a7jycska7fp73r5zR1p9v8yH7fSiA3-ysIS8Vy0kcP4rH-h0Vp0mmTH3mmXF1CzxUebAhiZ2vg=]]></url>
  <title><![CDATA[一半水火，一般笑声]]></title>
  <content><![CDATA[昂首挺胸——敬礼！立足岗位，牢记使命国庆长假，这个举国欢庆的节日，是绝大多数人在繁忙的工作里难得的一段能与家人团聚，享受生活的美好时光，但在同样的一周里，揭阳空港消防每一名消防战士，都在以实际行动展现对党和人民的责任担当和使命。备战待命夯实基础，磨砺精兵是一项比拼韧劲的长期任务，在七天长假里，更要不忘初心，立足岗位，牢记消防人的使命，始终坚持“标准不降强度不减”的练兵理念，为更好地完成应急救援任务打下坚实基础。练杜渐防萌国庆是举国欢庆的节日，更是外出旅游的高峰，公共场所人流密集的时候，为全力做好国庆期间消防安全宣传活动，提高人民群众的消防安全意识，营造一个和谐、平安、畅通出行的消防安全环境，揭阳空港消防积极组织开展消防宣传活动。©10月1日在炮台展销会开展消防宣传©10月3日在炮台风门古径开展消防宣传©10月3日在渔湖桥头广场开展消防宣传活力警营虽然不能与家人团聚，但在这里，就是他们的第二个家。揭阳空港消防始终注重发挥文化建设“软实力”作用，切实将“暖心工程”放在心上，抓在手上，着力营造“团结互爱、友好互助”的警营氛围。为祖国歌唱看谁丢的准快点，使劲“吹”激情篮球赛烧鸡翼，我钟意食哇，水带还能这样玩璀璨灯光扮靓营区赴汤蹈火自10月1日以来，揭阳空港消防共接处警4起，出动车辆17辆次，官兵80余人次，营救被困群众7名。无论何时何地，在做什么，警铃一响，即刻飞奔而出，他们不惧火魔，只怕祖国的一寸土地被烈火侵犯，他们是降服烈火的勇士！救援10月1日02时22分，登岗高速路口两货车相撞，货车司机被困。揭阳空港消防迅速出动1台水罐消防车和1台抢险救援车共15名官兵到场处置，成功将被困司机救出。灭火10月5日凌晨2时00分，潮惠高速离机场东站往潮州方向3公里一货车起火，揭阳空港消防迅速反应，到达现场后，兵分两路先稳控火势，现场成功营救2名司机，了解车上载物后即刻发起总攻，成功完成火灾扑救工作。是不是单看图文还没有过瘾呢下面的微电影带你走进相同的人生，不同的生活《我，与“他”》向所有在一线奋斗的消防蜀黍致敬！幸福的国庆长假过去了还有119天就要迎来春节十天长假想想就好激动兢兢业业，勤勤恳恳过好开心快乐的每一天这样春节就会很快到啦！“揭阳空港动态”是中共揭阳空港经济区委、区管委会办公室开通的官方微信平台，旨在客观、快速、全面反映揭阳空港的经济和社会各项事业发展情况，更好地通报工作动态、激发干事热情、凝聚干群合力、提升空港形象。联系邮箱：kgjjqxx@163.com揭阳空港动态（微信号：jykgdt)长按二维码加关注]]></content>
  <author><![CDATA[揭阳空港动态]]></author>
  <time>2018-10-11 20:03:27</time>
  <account><![CDATA[jykgdt]]></account>
</data>
