<data>
  <id><![CDATA[50518073]]></id>
  <url><![CDATA[https://mp.weixin.qq.com/s?timestamp=1539596439&src=3&ver=1&signature=Egrj350GoKY8-KUcIJshb7CinPYwx54cajD9l4udRHxMI2GINH*hTZun52GxtOoKHt33p0CW*Ryo8ApV48e6NF1fgFh2DtAqCRI8Bm6mDEEQavMTG-Eup1M5nTrzI4h4Ijl5Iv5VH5jZd0xKYrwKs8cd1A*7nnLN-Q9eG3JpV-o=]]></url>
  <title><![CDATA[微视频|爱国是首奋斗的歌]]></title>
  <content><![CDATA[今天，共和国迎来69周年华诞人民日报新媒体推出微视频《爱国是首奋斗的歌》唱出每一个奋斗者对祖国的爱在你心里，爱国意味着什么?是高高升起的五星红旗是奏响国歌的激动骄傲是流连大好河山时的无限热爱是沉醉璀璨文明中的由衷赞叹爱你的方式有千万种最美的是为你不懈奋斗的样子在三尺讲台、田间地头、科研院所…每个人都在用自己的方式向祖国表白对你的爱在每一天，每一地在每一滴奋斗的汗水中在每一个前进的脚步里新时代是奋斗者的时代每一个人都是新时代的见证者、开创者、建设者爱国是首奋斗的歌！我有中国，中国有我！来源：人民日报微信（ID：rmrbwx）“揭阳空港动态”是中共揭阳空港经济区委、区管委会办公室开通的官方微信平台，旨在客观、快速、全面反映揭阳空港的经济和社会各项事业发展情况，更好地通报工作动态、激发干事热情、凝聚干群合力、提升空港形象。联系邮箱：kgjjqxx@163.com揭阳空港动态（微信号：jykgdt)长按二维码加关注]]></content>
  <author><![CDATA[揭阳空港动态]]></author>
  <time>2018-10-01 19:30:46</time>
  <account><![CDATA[jykgdt]]></account>
</data>
