<data>
  <id><![CDATA[50518073]]></id>
  <url><![CDATA[https://mp.weixin.qq.com/s?timestamp=1539596439&src=3&ver=1&signature=Egrj350GoKY8-KUcIJshb7CinPYwx54cajD9l4udRHxMI2GINH*hTZun52GxtOoKHt33p0CW*Ryo8ApV48e6NGU7LwAY2r21QCg2jNIT4pdU-kuYJ9F*impwtFul59hRmsHS2Wpxub9tll67bhC*dkCd2U2AvfqK0XRDOQGbgSk=]]></url>
  <title><![CDATA[方如隆到地都镇调研提出：坚持党建引领发展，提升为民服务能力]]></title>
  <content><![CDATA[8日上午，空港经济区委书记方如隆到地都镇参加主题党日活动，并就推进扫黑除恶和信访维稳工作进行督导调研，要求地都镇要加大扫黑除恶力度，压实信访工作责任，不断加强基层党组织建设，进一步提升为民服务能力，办好民生实事，切实增强群众的获得感、幸福感、安全感。当天，方如隆首先来到地都镇参加重温入党誓词活动，随后主持召开座谈会，听取相关情况汇报。方如隆指出，开展扫黑除恶专项斗争对于保障人民安居乐业、维护社会和谐稳定、巩固党的执政基础具有重大意义，要求地都镇要进一步提高政治站位，加大扫黑除恶力度，着力解决群众反映强烈的问题，对各类涉黑恶违法犯罪线索进行全方位集中排查、滚动排查、深挖细查，依法严惩涉黑涉恶违法犯罪，把邪气打下去，正气树起来，营造风清气正的政治生态；要高度重视信访维稳工作，强化责任担当，加强源头治理，努力将矛盾纠纷化解在基层、化解在萌芽状态，同时要加强矛盾纠纷排查化解工作，认真梳理信访案件，综合运用法律、政策、行政等手段和教育、调解、疏导等办法，把群众合理合法的利益诉求解决好，确保基层和谐稳定。方如隆指出，加强党的建设，是解决发展中遇到一切问题战无不胜的“法宝”，要求地都镇在加快建设的过程中必须坚持党建引领发展，充分发挥党建这一“法宝”作用，大力加强基层党组织建设，进一步加强社区“两委”班子建设，不断增强基层党组织的战斗力、凝聚力和号召力，把基层党组织的战斗堡垒作用发挥出来；各基层党组织要以大局为重，以集体利益为先，把服务群众、造福群众作为基层治理的出发点和落脚点，进一步提升为民服务能力，带着感情去了解群众的现实困难、实际需求，真心实意为人民群众解难题、办实事，在办民生实事过程中要做到公平、公正、公开、透明，争取群众的理解和支持，并发动群众参与到乡村建设中来，通过办好一件件民生实事，切实增强人民群众的获得感、幸福感、安全感。区领导陈继华、李伍参加活动。“揭阳空港动态”是中共揭阳空港经济区委、区管委会办公室开通的官方微信平台，旨在客观、快速、全面反映揭阳空港的经济和社会各项事业发展情况，更好地通报工作动态、激发干事热情、凝聚干群合力、提升空港形象。联系邮箱：kgjjqxx@163.com揭阳空港动态（微信号：jykgdt)长按二维码加关注]]></content>
  <author><![CDATA[揭阳空港动态]]></author>
  <time>2018-10-08 19:46:44</time>
  <account><![CDATA[jykgdt]]></account>
</data>
