<data>
  <id><![CDATA[50518073]]></id>
  <url><![CDATA[https://mp.weixin.qq.com/s?timestamp=1539596439&src=3&ver=1&signature=Egrj350GoKY8-KUcIJshb7CinPYwx54cajD9l4udRHxMI2GINH*hTZun52GxtOoKHt33p0CW*Ryo8ApV48e6NEV7AKWTXaJnLtatbx0RAPYgTvXTVJkp-Y37q9pzu5j6jM4VCE1dz5ec82etiw1pBnqbbcuDpgOtsKrPL6qTNHo=]]></url>
  <title><![CDATA[建设大道三期（原东三直路）改造工程将于本月底竣工]]></title>
  <content><![CDATA[建设大道三期（原东三直路）是空港经济区榕江新城对外互联互通的主要干道，由于路面破损严重，崎岖不平，存在交通安全隐患，今年6月份，区委、区管委会落实凤美街道对该路段进行提升改造，确保广大群众出行安全，提升新城形象。近日，小编在施工现场看到建设场面一片火热，施工人员各司其职，铺设沥青路面、划交通指示线、安装路灯等各项工作交叉进行，统筹推进，大大提高了建设进度。据了解建设大道（原东三直路）三期改造工程计划投资970多万元，浇筑建设地表路基，配套排水系统、人行道、路灯、绿化等设施。凤美街道高度重视此项工作，多次召开会议研究，推进项目建设进度；凤美街道党政主要领导多次到现场协调解决存在问题，全力确保按时按质完成建设任务。该项目已于7月份进场施工，预计10月底将全面竣工并通车。据介绍，建设大道三期（原东三直路）改造工程项目建成之后，将全面提升该路段的通行能力和运行效率，极大地提高了附近居民、企业出行安全性和生活满意度，同时也改善了凤美街道的营商环境，有效助推榕江新城建设步伐不断加快。“揭阳空港动态”是中共揭阳空港经济区委、区管委会办公室开通的官方微信平台，旨在客观、快速、全面反映揭阳空港的经济和社会各项事业发展情况，更好地通报工作动态、激发干事热情、凝聚干群合力、提升空港形象。联系邮箱：kgjjqxx@163.com揭阳空港动态（微信号：jykgdt)长按二维码加关注]]></content>
  <author><![CDATA[揭阳空港动态]]></author>
  <time>2018-10-10 20:10:00</time>
  <account><![CDATA[jykgdt]]></account>
</data>
