<data>
  <id><![CDATA[50518073]]></id>
  <url><![CDATA[https://mp.weixin.qq.com/s?timestamp=1539596439&src=3&ver=1&signature=Egrj350GoKY8-KUcIJshb7CinPYwx54cajD9l4udRHxMI2GINH*hTZun52GxtOoKHt33p0CW*Ryo8ApV48e6NHlYBxpVX2f5*a7jycska7ekrx*0sPa5QYNm1tFH5m0Ux0e4FUZ5MdLr5FLCZivpfTdfh-yjT4t0Lh7amzLt-68=]]></url>
  <title><![CDATA[区委第三轮巡察反馈工作顺利完成]]></title>
  <content><![CDATA[10月9日和10日，区委巡察组分别召开会议，向登岗镇、京冈街道反馈区委第三轮巡察情况。区委委员、区纪委书记、区委巡察工作领导小组组长钟庆波和区委委员、组织部长、区委巡察工作领导小组副组长颜文真分别出席登岗镇、京冈街道巡察情况反馈会，传达区委书记方如隆在区委第三轮巡察情况汇报会上的讲话精神，并就巡察整改工作提出了具体要求。巡察组认为登岗镇党委能认真贯彻执行中央、省、市、区决策部署，全镇实现民生持续改善、社会和谐稳定，群众幸福感明显增强，较好完成了区委、区管委会交给的各项工作任务，群众满意度较高。巡察组指出，登岗镇党委领导核心作用发挥不够明显，“四个意识”树立不牢、不强，对意识形态领域工作不够重视。基层党建工作落实不到位，党内生活制度及组织纪律不够严格，党的制度化建设不够完善，干部选拔任用机制不够健全。“两个责任”落实不到位，落实述责述廉制度不够严肃，扶贫工作责任落实不到位，落实中央八项规定精神不扎实，财务管理制度执行不规范，社区居务及“三资”管理不规范，社区工程项目监管不够严格，贯彻落实“扫黑除恶”文件精神不够到位。巡察组认为京冈街道党工委能认真落实全面从严治党主体责任和监督责任，切实扛起管党治党政治责任，有力推进重点项目落户投产，推进了街道的政治、经济、文化、社会等各项事业的全面发展。巡察组指出，京冈街道党工委对习近平总书记重要批示精神的学习不到位，贯彻落实党的路线方针政策和中央、省、市重大决策部署不到位，党委领导核心作用发挥不够充分，意识形态工作责任制落实不力、阵地建设力度不够。党建工作责任制落实不到位，对党建工作不够重视，抓而不紧，民主生活会批评与自我批评的意识不强，基层党组织建设工作较为薄弱，办事处人员配备不到位。党工委主体责任履行不到位，全面从严治党压力层层递减，纪工委监督责任落实不力，作风建设不扎实，落实中央八项规定精神不够严格。廉洁风险防控意识淡薄，财务制度执行不规范，工程建设项目监管不严、招投标管理不规范，对惠民问题不够重视，低保未能做到“应保尽保”。此次巡察中，巡察组还发现和收到反映一些领导干部的问题线索，已按有关规定转相关部门处理。“揭阳空港动态”是中共揭阳空港经济区委、区管委会办公室开通的官方微信平台，旨在客观、快速、全面反映揭阳空港的经济和社会各项事业发展情况，更好地通报工作动态、激发干事热情、凝聚干群合力、提升空港形象。联系邮箱：kgjjqxx@163.com揭阳空港动态（微信号：jykgdt)长按二维码加关注]]></content>
  <author><![CDATA[揭阳空港动态]]></author>
  <time>2018-10-11 20:03:27</time>
  <account><![CDATA[jykgdt]]></account>
</data>
