<data>
  <id><![CDATA[50518073]]></id>
  <url><![CDATA[https://mp.weixin.qq.com/s?timestamp=1539596439&src=3&ver=1&signature=Egrj350GoKY8-KUcIJshb7CinPYwx54cajD9l4udRHxMI2GINH*hTZun52GxtOoKHt33p0CW*Ryo8ApV48e6NAgg3wNzf-VZlXqh1ITzSYA8D9T5164dosMpoSVCeisy9r5ai0k8zxnxpDT5ZvFJViDSOsnJgoAzABtpKcSnYwU=]]></url>
  <title><![CDATA[市委组织部到空港区检查党的基层组织建设和巡视整改贯彻落实情况]]></title>
  <content><![CDATA[9日上午，市委组织部郑楚鹏副部长带领检查组到空港经济区检查党的基层组织建设和整改巡视巡察反馈问题贯彻落实情况。检查组首先到区委组织部检查全区贯彻落实情况，听取我区关于贯彻落实党的基层组织建设三年行动计划和整改巡视巡察反馈问题的情况汇报。检查组认真检查了我区研究制定空港区三年行动计划工作方案、党组织“规范化”建设、党建品牌创建活动、整顿软弱涣散党组织、整改村干部不纯问题、优化基层党组织活动阵地建设、选优配强村级干部队伍和党务工作者专门培训等相关文件台账资料，充分肯定了我区各项工作贯彻落实成效。随后，检查组一行还到砲台镇砲台社区党建示范点和砲台桃山村软弱涣散党组织检查相关工作。检查组要求我区各级党组织要持续深入推进党的基层组织建设，切实把基层党组织建设成为坚强的战斗堡垒，为把空港建设成为新型城镇化示范区提供坚强组织保证。区委委员、组织部长颜文真陪同活动。“揭阳空港动态”是中共揭阳空港经济区委、区管委会办公室开通的官方微信平台，旨在客观、快速、全面反映揭阳空港的经济和社会各项事业发展情况，更好地通报工作动态、激发干事热情、凝聚干群合力、提升空港形象。联系邮箱：kgjjqxx@163.com揭阳空港动态（微信号：jykgdt)长按二维码加关注]]></content>
  <author><![CDATA[揭阳空港动态]]></author>
  <time>2018-10-09 19:20:53</time>
  <account><![CDATA[jykgdt]]></account>
</data>
