<data>
  <id><![CDATA[50518073]]></id>
  <url><![CDATA[https://mp.weixin.qq.com/s?timestamp=1539596439&src=3&ver=1&signature=Egrj350GoKY8-KUcIJshb7CinPYwx54cajD9l4udRHxMI2GINH*hTZun52GxtOoKHt33p0CW*Ryo8ApV48e6NF1fgFh2DtAqCRI8Bm6mDEH50Fe1tQHCFomNlPSIC5aLaFFhIgbYeBXT9yFQAmVG4tJhef89XX9TVKDGlS0z9BY=]]></url>
  <title><![CDATA[2018揭阳空港“砲台·家具”第四届展销会开幕]]></title>
  <content><![CDATA[2018揭阳空港“砲台·家具”第四届展销会10月1日在空港经济区砲台镇影剧院广场开幕，此次展销会通过打造一个集行业交流、营销合作、渠道维护、设计引领等为一体的互动式商贸平台，更好地擦亮砲台家具品牌，推动炮台家具产业转型升级。本届家具展销会由空港经济区委、区管委会，砲台镇委、镇政府指导，空港经济区砲台家具协会主办，展销会吸引了近百家企业参展，包括博莉雅家具、佳发红木、恒峰古典红木家具等本地知名家具企业和来自浙江、江西、广东中山和佛山等外地多家知名品牌，共设成品家具、木工机械、原辅材料、家居饰品四大展区，涵盖现代家具、古典家具、办公商用、酒店家具、家居设计等，旨在展示健康时尚、原创精巧、舒适温馨的家具文化，为家具企业搭建一个展示、推广、交流、贸易的高端平台。砲台镇将以此次展销会为契机，整合砲台及周边地区家具产业资源，扩大砲台家具的知名度和影响力，更好地擦亮砲台家具品牌，推动砲台家具产业转型升级。区委、区管委会领导班子成员；区直及上级驻区各单位主要负责同志；各镇、街道党政主要负责同志出席开幕活动。据了解，本届展销会将持续至10月6日，展销会期间主办单位还将举办大型文艺演出，通过文化助力的方式，提升行业品位和品牌认知度。摄影：林碧鸿“揭阳空港动态”是中共揭阳空港经济区委、区管委会办公室开通的官方微信平台，旨在客观、快速、全面反映揭阳空港的经济和社会各项事业发展情况，更好地通报工作动态、激发干事热情、凝聚干群合力、提升空港形象。联系邮箱：kgjjqxx@163.com揭阳空港动态（微信号：jykgdt)长按二维码加关注]]></content>
  <author><![CDATA[揭阳空港动态]]></author>
  <time>2018-10-01 19:30:46</time>
  <account><![CDATA[jykgdt]]></account>
</data>
