<data>
  <id><![CDATA[50518073]]></id>
  <url><![CDATA[https://mp.weixin.qq.com/s?timestamp=1539596439&src=3&ver=1&signature=Egrj350GoKY8-KUcIJshb7CinPYwx54cajD9l4udRHxMI2GINH*hTZun52GxtOoKHt33p0CW*Ryo8ApV48e6NCTCobN4MCsqbqibL8atbDiH6r9TsKpns17jCRC4ndoqSNKM5ppKdDhDQODehihCi66iUK75xGgwT5pZ2r1Ar7A=]]></url>
  <title><![CDATA[【迎国庆】空港经济区组织开展环境卫生大清扫志愿服务活动]]></title>
  <content><![CDATA[在国庆节来临之际，9月30日下午，空港经济区组织全区干部职工开展环境卫生大清扫志愿服务活动，继续坚持以“两清”大行动为抓手，深入推进“五城同创”各项工作。在望江北路在天福东路在机场路在国道206活动中，区直各部门、各镇（街道）、各村（社区）干部职工纷纷来到辖区内各主干道、重点区域开展打扫环境卫生志愿活动。志愿者们统一穿着红马甲、头戴红帽子，手拿扫把、簸箕、铁锹等工具，对道路两侧的纸屑、树叶、沙土等垃圾进行认真细致地清扫，全面清理卫生死角。在地都镇金都大道在发展大道北在文化广场周边区委书记方如隆，区委副书记、区管委会副主任黄克新到各地督导活动。经过4000多名志愿者的一番辛勤劳动，辖区内各道路路面环境焕然一新，为城乡居民、返乡人士、外地游客营造干净整洁、文明有序的社会环境和良好节日氛围。“揭阳空港动态”是中共揭阳空港经济区委、区管委会办公室开通的官方微信平台，旨在客观、快速、全面反映揭阳空港的经济和社会各项事业发展情况，更好地通报工作动态、激发干事热情、凝聚干群合力、提升空港形象。联系邮箱：kgjjqxx@163.com揭阳空港动态（微信号：jykgdt)长按二维码加关注]]></content>
  <author><![CDATA[揭阳空港动态]]></author>
  <time>2018-09-30 23:59:47</time>
  <account><![CDATA[jykgdt]]></account>
</data>
