<data>
  <id><![CDATA[50518073]]></id>
  <url><![CDATA[https://mp.weixin.qq.com/s?timestamp=1539596439&src=3&ver=1&signature=Egrj350GoKY8-KUcIJshb7CinPYwx54cajD9l4udRHxMI2GINH*hTZun52GxtOoKHt33p0CW*Ryo8ApV48e6NAdWdl6xUoO*Flj6h30gW-uww*rSO-sc1YA56w7SP9EdxCC9vAV6N*h3gQS0LZmGcxmOPaLC5RMkC4T5CKiHTSs=]]></url>
  <title><![CDATA[空港区举办药品安全工作暨业务培训会]]></title>
  <content><![CDATA[为进一步提高辖区内药品经营单位的法律意识、责任意识、诚信意识及业务素质，保障药品质量安全，促进医药行业有序发展，为群众营造一个安全、良好、健康的用药环境，10日下午，区食品药品监督管理局举办了空港经济区药品安全工作暨业务培训会。区医药行业协会会长单位在会上作动员讲话，区食药监局有关负责同志就相关工作进行部署，会议邀请了市食药监局药品流通安全监管科GSP检查员为参会的药品经营企业代表解读药品经营管理相关法律法规及政策。会议指出，当前我们正处于药品的安全风险高发期和矛盾的凸显期，药品监管工作还存在着不少问题和困难，药品安全形势依然严峻。会议强调，药品质量安全关乎国计民生，各药品经营企业需明确主体责任，认清当前形势，坚决贯彻落实药品管理各项法律法规和各级药品监管部门的工作要求，严格落实各项管理制度，合法经营，为保障全区人民用药安全奠定基础。会后，区食药监局有关负责同志与部分企业代表召开座谈会，了解他们在经营过程中碰到的问题，为他们把脉开方，共同探讨我区药品行业发展方向。据了解，本次活动既是2018年空港经济区安全用药宣传月系列活动之一，也是区医药行业协会举办的2018年全区性行业活动之一。通过培训，有效地提高全区药品经营企业从业人员的整体素质，对我区药品经营行业的发展起到积极的促进作用。区食药监局有关人员、区医药行业协会成员单位代表和区药品经营单位代表等150多人参加会议。“揭阳空港动态”是中共揭阳空港经济区委、区管委会办公室开通的官方微信平台，旨在客观、快速、全面反映揭阳空港的经济和社会各项事业发展情况，更好地通报工作动态、激发干事热情、凝聚干群合力、提升空港形象。联系邮箱：kgjjqxx@163.com揭阳空港动态（微信号：jykgdt)长按二维码加关注]]></content>
  <author><![CDATA[揭阳空港动态]]></author>
  <time>2018-10-12 23:27:23</time>
  <account><![CDATA[jykgdt]]></account>
</data>
