<data>
  <id><![CDATA[50518073]]></id>
  <url><![CDATA[https://mp.weixin.qq.com/s?timestamp=1539596439&src=3&ver=1&signature=Egrj350GoKY8-KUcIJshb7CinPYwx54cajD9l4udRHxMI2GINH*hTZun52GxtOoKHt33p0CW*Ryo8ApV48e6NEuLJymHZIfZXflhRbpp25bEr2SmEpieAXKVIddccUsFCJgRH7p9uMCPXbSb08ewxUNqxtm9vSjV-brqjq3DPQ4=]]></url>
  <title><![CDATA[凤美街道：强势推进新城大道拆迁工作]]></title>
  <content><![CDATA[“揭阳空港动态”是中共揭阳空港经济区委、区管委会办公室开通的官方微信平台，旨在客观、快速、全面反映揭阳空港的经济和社会各项事业发展情况，更好地通报工作动态、激发干事热情、凝聚干群合力、提升空港形象。联系邮箱：kgjjqxx@163.com揭阳空港动态（微信号：jykgdt)长按二维码加关注]]></content>
  <author><![CDATA[揭阳空港动态]]></author>
  <time>2018-09-29 17:15:24</time>
  <account><![CDATA[jykgdt]]></account>
</data>
