<data>
  <id><![CDATA[50518073]]></id>
  <url><![CDATA[https://mp.weixin.qq.com/s?timestamp=1539596439&src=3&ver=1&signature=Egrj350GoKY8-KUcIJshb7CinPYwx54cajD9l4udRHxMI2GINH*hTZun52GxtOoKHt33p0CW*Ryo8ApV48e6NAdWdl6xUoO*Flj6h30gW-uVcxhIxF0NX15gSS4ffXIkrsKh4kJ4MuLBU6EJli6dUz-zwOU4O1XotzhFT1ZMhpA=]]></url>
  <title><![CDATA[方如隆到榕江新城调研重要交通基础设施项目建设情况]]></title>
  <content><![CDATA[12日，空港经济区委书记方如隆带队到榕江新城调研重要交通基础设施项目建设情况，提出要深入实施“走在前列百日百项大行动”，加快推进榕江新城交通基础设施建设，在保证安全、质量的前提下，千方百计加快相关项目建设进度，进一步优化交通环境，提升榕江新城形象。当天，方如隆一行先后来到环岛路、仙彭路等项目现场，实地察看项目推进情况，详细听取项目建设进度，现场协调解决项目推进过程中碰到的困难和问题。方如隆指出，交通是一个地区经济发展的“大动脉”，对经济发展起着重要的支撑、保障作用，各地各有关部门要强化工作措施，压实工作责任，深入实施“走在前列 百日百项大行动”，积极主动服务项目建设工作，协调解决好项目推进过程中遇到的各种问题，营造零障碍的施工环境，集中力量加快榕江新城交通基础设施建设步伐，进一步优化交通环境，提升榕江新城形象和城市品位。施工单位要在把安全生产放在首要位置，在确保施工安全和工程质量的前提下，科学安排施工，千方百计加快工程建设进度，确保项目建设如期推进，争取早日建成投入使用、发挥效益，造福人民群众。据了解，环岛路空港段续建工程（一期）项目起点为溪南街道乌石社区，终点至京冈街道胡厝社区，全长约9.7公里，道路宽40米，计划总投资2.32亿元，目前6个施工段正全力加快建设进度，确保今年底完成工程建设，项目建成后，对进一步完善榕江新城城市功能，优化榕江新城投资环境，提升榕江新城城市品位具有积极意义。仙彭路空港段位于渔湖镇仙阳社区，起点为义和东路，终点至望江北路东，路段全长约937米，宽36米，计划总投资5517万元，目前已完成总工程量的38%，预计2019年6月竣工通车。区领导陈锐章、林海辉参加活动。“揭阳空港动态”是中共揭阳空港经济区委、区管委会办公室开通的官方微信平台，旨在客观、快速、全面反映揭阳空港的经济和社会各项事业发展情况，更好地通报工作动态、激发干事热情、凝聚干群合力、提升空港形象。联系邮箱：kgjjqxx@163.com揭阳空港动态（微信号：jykgdt)长按二维码加关注]]></content>
  <author><![CDATA[揭阳空港动态]]></author>
  <time>2018-10-12 23:27:23</time>
  <account><![CDATA[jykgdt]]></account>
</data>
