<data>
  <id><![CDATA[50518073]]></id>
  <url><![CDATA[https://mp.weixin.qq.com/s?timestamp=1539596439&src=3&ver=1&signature=Egrj350GoKY8-KUcIJshb7CinPYwx54cajD9l4udRHxMI2GINH*hTZun52GxtOoKHt33p0CW*Ryo8ApV48e6NGU7LwAY2r21QCg2jNIT4pdgB*MoaGqCOQGPITD6E*sGZkIKlaKmjhpIke*IgHXUUmcfbT2jb8eP0pZGcRCzcK0=]]></url>
  <title><![CDATA[空港区统计局组织开展全区第四次全国经济普查“两员”大培训]]></title>
  <content><![CDATA[为确保我区第四次全国经济普查工作有序推进，提高普查指导员、普查员业务能力，从源头保证普查数据质量，空港经济区统计局于9月28日至30日，分别对全区7个镇（街道）共217名“两员”开展第四次全国经济普查“两员”大培训。本次大培训由区统计局抽调专业技术骨干组成讲师团深入到各镇（街道），主要对普查指导员和普查员选聘及管理工作细则、广东省第四次全国经济普查单位清查软件培训移动终端管理系统和单位清查办法、清查内容、入户技巧及清查填表中易出现的问题等内容进行培训。培训期间，讲师团通过交流讨论、现场操作的方式为“两员”培训授课，确保每位参加培训人员学懂、弄通。区统计局还组建了空港区第四次全国经济普查“两员”业务微信交流群，及时在线答疑解惑，进一步巩固培训内容，为下一阶段的清查入户工作打下了坚实的基础。“揭阳空港动态”是中共揭阳空港经济区委、区管委会办公室开通的官方微信平台，旨在客观、快速、全面反映揭阳空港的经济和社会各项事业发展情况，更好地通报工作动态、激发干事热情、凝聚干群合力、提升空港形象。联系邮箱：kgjjqxx@163.com揭阳空港动态（微信号：jykgdt)长按二维码加关注]]></content>
  <author><![CDATA[揭阳空港动态]]></author>
  <time>2018-10-08 19:46:44</time>
  <account><![CDATA[jykgdt]]></account>
</data>
