<data>
  <id><![CDATA[50518073]]></id>
  <url><![CDATA[https://mp.weixin.qq.com/s?timestamp=1539596439&src=3&ver=1&signature=Egrj350GoKY8-KUcIJshb7CinPYwx54cajD9l4udRHxMI2GINH*hTZun52GxtOoKHt33p0CW*Ryo8ApV48e6NAgg3wNzf-VZlXqh1ITzSYDkr6tnfVxnogiYlYG2bgHviJ9K2XB4oqsEJr-CA*-GvWIprUc3nkRfAkTd9LCyQ9k=]]></url>
  <title><![CDATA[空港经济区全面取缔非法牛蛙养殖场]]></title>
  <content><![CDATA[阶段来，空港经济区高度重视水环境治理，认真贯彻落实市委、市政府有关工作要求，对不符合农业、水务、环保等产业政策的牛蛙养殖场（点）进行关停取缔，进一步强化巡查，防止死灰复燃，同时防止向周边地区转移。通过对全区范围内的牛蛙养殖场（点）进行全面彻底排查，坚决取缔非法养殖场，现已取得阶段性成果。砲台镇周密部署，压实责任区委、区管委会主要领导高度重视牛蛙养殖场（点）清理工作，迅速召集农林水务局、环保安监局、国土分局等部门进行专题研究，周密部署全区牛蛙养殖场（点）清理工作。各相关职能部门认清职责，明确任务，紧密配合，严格执法；各镇（街道）按照“守土有责、属地管理”原则，建立责任落实机制，层层落实，确保各项工作落到实处，高效有序彻底完成牛蛙的清理工作。登岗镇加大宣传，有效引导坚持执法清理与政策宣传同步推进，组织工作人员走访各牛蛙养殖场（点），对养殖户进行政策宣传，告知牛蛙养殖的危害性，引导养殖户自行清理，或退养、或搬迁、或关闭拆除；与养殖户沟通协商清理时限，做到人性化处理，帮助养殖户尽量减少经济损失。同时，各镇（街道）通过发放全面清理通告、限期清理通知书，敦促养殖户限期整改，有效清理辖区内牛蛙养殖场（点）。加强巡查，坚决取缔各镇（街道）成立清理牛蛙养殖的执法队伍，加强对辖区内牛蛙养殖的清理巡查。砲台镇及时采取措施，对牛蛙养殖场排水晒池并泼施石灰粉消毒，已有42亩牛蛙养殖场被拆除并推平恢复原状；京冈街道出动创文执法队对已清理的牛蛙养殖场的恢复原状进行巡查执法；登岗镇对逾期仍未自行拆除的养殖点采取断水断电措施，出动钩机等机械进行强制拆除。截至目前，全区排查发现牛蛙养殖有47个场（点）总面积283亩，现已全部清理完毕。下一步，空港经济区将继续落实长期监管机制，加强日常巡查，督促有关农户对清理后的养殖点土地要及时复耕，及时阻止新建或续养牛蛙行为，切实巩固牛蛙养殖清理工作的成果，确保不再出现“死灰复燃”现象，进一步改善农村生产生活环境，保护生态环境，真正实现“水清、河畅、岸绿、生态”目标。“揭阳空港动态”是中共揭阳空港经济区委、区管委会办公室开通的官方微信平台，旨在客观、快速、全面反映揭阳空港的经济和社会各项事业发展情况，更好地通报工作动态、激发干事热情、凝聚干群合力、提升空港形象。联系邮箱：kgjjqxx@163.com揭阳空港动态（微信号：jykgdt)长按二维码加关注]]></content>
  <author><![CDATA[揭阳空港动态]]></author>
  <time>2018-10-09 19:20:53</time>
  <account><![CDATA[jykgdt]]></account>
</data>
