<data>
  <id><![CDATA[50518073]]></id>
  <url><![CDATA[https://mp.weixin.qq.com/s?timestamp=1539596439&src=3&ver=1&signature=Egrj350GoKY8-KUcIJshb7CinPYwx54cajD9l4udRHxMI2GINH*hTZun52GxtOoKHt33p0CW*Ryo8ApV48e6NN5BEeoyIKazWDlZim9Fq01U2AtKrAX4ml*r48-d4Ez9r3hS7Bz62JOkk7zEQ2IsPe9qd2d0*DumtFWwxUI8bZo=]]></url>
  <title><![CDATA[空港区开展防控登革热统一灭蚊行动]]></title>
  <content><![CDATA[当前正值登革热高发季节，为改善城市环境卫生，有效预防和控制虫媒传染病的发生，按照市的统一部署，12日，空港经济区继续深入开展防控登革热统一灭蚊行动。区管委会副主任郑瑶娥到活动现场督查指导工作，要求有关部门要加强爱国卫生清洁及日常病媒生物防治工作，确保各项防控措施落实到位。本次行动共出动3支专业队伍对背街小巷、公园、广场、绿化带、建筑工地、垃圾收集和转运点等卫生死角，码头、机场等重点区域重点部位进行喷杀，并发动群众翻盘倒灌清除房子内外的各种卫生死角和积水，发动区内各机关事业单位、各学校、各社会团体、各村社区积极参加。据统计，本次共出动清洁及喷杀工作人员2500多人次，投入喷杀药物3500公斤。阶段来，空港区高度重视登革热防控工作，深入开展以防蚊灭蚊为主的爱国卫生运动，有效落实各项登革热防控措施，切实保障人民群众身体健康；积极开展传染病疫情流调工作，落实对“一周内发热病人”倒查措施，并做好造册、追踪回访；及时将周边登革热疫情信息通报全区各镇（街道）及各级医疗卫生机构，及早加强防范；加大蚊媒监测力度，及时开展风险评估，全面做好应急准备工作；组织医院医疗业务骨干及乡村医生开展培训，进一步提高医务人员对登革热的诊疗水平和对登革热的防控能力，切实做到早发现、早诊断、早报告、早隔离、早治疗；进一步加强宣传教育，引导群众正确认识登革热，强化主动防范疾病的意识，让群众自觉参与到防蚊灭蚊行动中来。“揭阳空港动态”是中共揭阳空港经济区委、区管委会办公室开通的官方微信平台，旨在客观、快速、全面反映揭阳空港的经济和社会各项事业发展情况，更好地通报工作动态、激发干事热情、凝聚干群合力、提升空港形象。联系邮箱：kgjjqxx@163.com揭阳空港动态（微信号：jykgdt)长按二维码加关注]]></content>
  <author><![CDATA[揭阳空港动态]]></author>
  <time>2018-10-15 17:20:47</time>
  <account><![CDATA[jykgdt]]></account>
</data>
