<data>
  <id><![CDATA[51059954]]></id>
  <url><![CDATA[https://mp.weixin.qq.com/s?timestamp=1539596455&src=3&ver=1&signature=Egrj350GoKY8-KUcIJshb6WXy5UeQ2mktleE*XRaVSwL*Ted725BREjfhdQhmeAc8-4Gsn5*gFSnA*AqZxyz4d0VWgGthNwmmx0ryoQ5cWFJ8MZSyQT0o7652UDy2rabSDu0i9CdmThaU0C6vKMcB4pIq5ujczIDLK-7YYaTaf4=]]></url>
  <title><![CDATA[关于做好强台风“山竹”过后企业复工复产工作的安全指引]]></title>
  <content><![CDATA[佛山本地  最权威  最亲民的服务型社区媒体点击标题下方蓝字  关注街坊们最信赖的朋友全镇广大生产经营单位：2018年9月16日，今年第22号台风“山竹”正面吹袭广东，佛山市委市政府于9月16日上午8时启动防台风Ⅰ级应急响应，全市生产经营单位实施全面停工、停业，在9月16日20时，佛山防台风Ⅰ级应急响应降为Ⅱ并于16日23时降为Ⅲ。目前广大生产经营单位正逐步开展台风过后的复工复产工作。为确保安全，根据镇委镇政府要求复工复产工作必须做好安全风险评估，科学有序开展复工复产工作，现提出以下安全指引：1各生产经营单位复工复产安全指引危险化学品生产经营单位1.危险化学品生产经营单位在复工复产前要制定灾后复工复产方案，要个按照方案步骤执行，防止盲目复工复产，造成不必要的人员伤害和损失；2.要对厂房、设备设施、构筑物地基安全状况进行一次安全检查；3.全面检查厂区供电线路、设施受损情况，清理反应装置、管道内残留物料；4.及时妥善处理因雨水浸泡过的物料；5.全面检查电气设备、自动控制系统、防雷防静电设施、消防设施等；6.遭受洪涝灾害的加油站应当对储存设施、电气设备、管道状况认真检查，确保含水油品置换处置过程的安全作业。7.要做好厂区清淤、排涝等工作，妥善处置水淹、浸湿、裸露的原料及成品、半成品。工商贸企业1.要立即开展一次台风过后的安全生产事故隐患自查自纠工作，特别是在用电安全方面，在各类电气设备设施启用前要请专业人员对配电箱、电气设备设施等进行一次专门检查检修；2.对损坏的厂房、设备、仓库、室外广告牌等，要组织进行维修，加固；3.做好厂区清淤、排涝、维修、有限空间作业等的安全管理，严防触电、坠落、窒息等次生事故发生；4.房屋（厂房）建筑物方面：由于本次台风降水量大，持续时间长，造成很多地方积水，房屋（厂房）建筑物墙体长时间浸泡在水中，对墙体造成严重损害，要组织力量对受损墙体进行一次彻底检查，必要时请专业部门检查，确保安全。2复工复产过程中需注意的问题1.各有关生产经营单位在对车间、、厂房棚顶、房屋进行维护、检修，必须委托有相应资质的单位进行维护、检修，并签订委托协议，明确各自的职责。2.企业灾后进行维护、检修过程中，特种作业人员必须持有效的《特种作业操作证》方可上岗作业。3.高空作业一定要注意安全，正确佩戴安全带，安全帽，地面做好围护，禁止人员进入，预防高空坠落，防止坠物伤人。4.企业灾后现场常常看见乱落电线，无论带电与否，都应视为带电处理。注意安全用电，临时电线必须完好，不得有破损，电线穿越马路事先做好防护，不得有车碾压。5.工地现场要落实安全监护人员进行安全管理。6.涉及特殊作业的必须要在作业前进行风险识别及分析，严格按照规定进行特殊作业的审批，做好技术交底以及人员的培训，确保作业安全。转发自：丹灶安监编辑：小琛内容分享 ‍点右上角“…”→ 选择【发给朋友】或【分享到朋友圈】查看文章点右上角→查看官方帐号→查看历史消息推荐给好友关注我们的微信公众平台：丹灶公信商业合作联系方式：13516522311]]></content>
  <author><![CDATA[丹灶公信]]></author>
  <time>2018-09-17 19:15:33</time>
  <account><![CDATA[danzaogongxin]]></account>
</data>
