<data>
  <id><![CDATA[51059954]]></id>
  <url><![CDATA[https://mp.weixin.qq.com/s?timestamp=1539596455&src=3&ver=1&signature=Egrj350GoKY8-KUcIJshb6WXy5UeQ2mktleE*XRaVSwL*Ted725BREjfhdQhmeAc8-4Gsn5*gFSnA*AqZxyz4SUv*nVlfOQOr6cA6bJFEtHqs-l52k4O4yWhvEgse3y1p8W7dOe2HbOYCi51q98ObkaA--SQTN7FzsamUrOVT3c=]]></url>
  <title><![CDATA[睇show玩游戏！2018家南海品牌活动走进社区！]]></title>
  <content><![CDATA[佛山本地  最权威  最亲民的服务型社区媒体点击标题下方蓝字  关注街坊们最信赖的朋友9月15日，2018家南海品牌宣传推广系列活动之家南海文化进社区活动在桂城拉开帷幕，南海区民政局副局长丁坚、南海区民政局社工人才管理科科长周雪锋出席活动。活动共吸引了近百名市民前来参与，市民在独具特色的国学吟唱、精彩的舞蹈表演、丰富的趣味游戏中深入了解“家·南海”文化品牌，享受“家·南海”发展带来的红利。趣味游戏了解“家·南海”文化现场，随着领导嘉宾推动启动推杆，2018家南海品牌宣传推广系列活动之家南海文化进社区活动正式启动。紧接着，多个精彩节目轮番上演。主办方特地邀请了本土居民和新南海人同台表演，他们中既有青春活泼的孩子，也有活力四射的中老年人，为市民奉上了一场丰富的视觉盛宴。“关关雎鸠，在河之洲。窈窕淑女，君子好逑。”一出场，5位可爱的小朋友便吸引了全场观众的目光。他们身穿汉服，伴随着轻柔的音乐，声情并茂地吟诵了国学经典《关雎》，赢得了观众的热烈掌声。随后，精彩的童声小组合唱《游子吟》、合唱表演《中国脊梁》以及舞蹈表演《如花》等节目接连上演，吸引了不少路过的市民驻足观看。除了精彩的表演外，现场还设置了家南海对对碰、拼图大闯关、为家南海吉祥物“穿”衣服等有趣的摊位游戏，大家齐齐玩游戏赢取丰厚奖品。据了解，这些游戏均融入了“家·南海”的元素，让市民在玩游戏的过程中加深对“家·南海”文化品牌的了解，同时增进居民与居民、居民与社区之间的粘性。“游戏很好玩，也赢了不少奖品，很兴奋。活动让我对‘家·南海’有了进一步的认识，明白到‘家·南海’文化建设与我们息息相关。”市民陈女士带着6岁的女儿婷婷来到了现场，她告诉笔者，之前在报纸上看到活动的宣传，当天一早就赶过来参与，希望以后主办方能多开展类似的活动。系列活动增强市民归属感本次活动由南海区民政局、家南海文化发展促进会主办，翠颐社区大力支持。南海区民政局社工人才管理科科长周雪锋表示，本次活动旨在让工作和生活在南海、热爱南海的市民感受到家南海的发展成果，并让新南海人更快、更好、更轻松地融入南海，同时也让更多市民享受到家南海的福利与便利。而翠颐社区是系列活动的首站，接下来还将开展5场活动，将相继走进社区、学校及企业，向不同群体宣传“家·南海”文化品牌。“我们还将开展家南海知识闯关、家南海小视频大赛等一系列活动，进一步推广‘家·南海’文化。”周雪锋介绍，其中家南海小视频大赛将邀请市民通过拍摄15到30秒的小视频，展现南海的城市建设、人文精神、社会服务三大主题，让更多人认识“家·南海”，增强对南海的归属感，助力“家·南海”品牌建设。来源：南海民政编辑：家南海微信编辑小组编辑：小琛内容分享 ‍点右上角“…”→ 选择【发给朋友】或【分享到朋友圈】查看文章点右上角→查看官方帐号→查看历史消息推荐给好友关注我们的微信公众平台：丹灶公信商业合作联系方式：13516522311]]></content>
  <author><![CDATA[丹灶公信]]></author>
  <time>2018-09-21 19:05:09</time>
  <account><![CDATA[danzaogongxin]]></account>
</data>
