<data>
  <id><![CDATA[51059954]]></id>
  <url><![CDATA[https://mp.weixin.qq.com/s?timestamp=1539596455&src=3&ver=1&signature=Egrj350GoKY8-KUcIJshb6WXy5UeQ2mktleE*XRaVSwL*Ted725BREjfhdQhmeAc8-4Gsn5*gFSnA*AqZxyz4VwtBnjBmy7kC53*P8dvD8XotOt-PGMx2KD38U7hwAeQfGT0sp5spbih8aMl*3bYfSfUgDFL0iVEaWVcAQiSx9g=]]></url>
  <title><![CDATA[17级台风潭美威力直追山竹！国庆假期佛山天气预报，了解一下心中不慌]]></title>
  <content><![CDATA[佛山本地  最权威  最亲民的服务型社区媒体点击标题下方蓝字  关注街坊们最信赖的朋友中秋假期刚去，中秋天气一如公信君之前推文所说↓↓↓冷空气将至，有雨！佛山中秋天气是…文中称：中秋假期有弱冷空气降温中秋节当天，佛山很可能是彩云追月中秋假期有阵雨或雷阵雨，间中雨势较大……回头再看全中中秋假期回来上一周的班更令人期待的国庆黄金周又近在眼前！国庆黄金周的天气能让人好好玩吗？下面我们逐个分析首先看看国庆节前天气▲佛山气象台9月25日发布的10天预报据中央气象台消息：国庆前将有两股冷空气影响我国，分别出现在24日夜间至26日、27日～30日。佛山市气象台预报：26日，我市云量减少，阳光增多。27日～30日，我市天气晴朗，受弱冷空气影响，最低气温降至23℃，最高气温介乎31℃～32℃。节前天气看来应该很稳定那么国庆假期又如何根据佛山气象台最新的15天预报显示↓↓↓▲佛山气象台9月25日发布的15天预报国庆假期如果不出意外佛山天气应该是十分平稳持续晴好模式而且温度适宜，早晚清凉市民外出要注意防晒和多补充水分（提醒：远期预报准确性难说，还需时刻注意气象台的最新预报）确认佛山的天气正常平稳我们再来说说超强台风潭美↓↓↓▲17级超强台风潭美的核心云团和台风眼像中秋夜的月亮一样圆，台风眼巨大而清晰。超强台风潭美来势汹汹，威力堪比台风“山竹”目前（9月25日）强度维持在17级， 60米/秒（约216公里/小时）预计未来3天（到9月27日）其强度变化不大其位置更是原地缓慢移动据中国气象爱好者分析：接下来，潭美将在这片海域陷入停滞，一开始它还会继续加强；但随着海水翻滚，深海的冷水逐渐涌上海面，潭美将会自己把自己“冻伤”，加强会受阻，成为今年风王的机会已经不大。▲未来两三天，潭美急刹车减速完成掉头的动作不容置疑，潭美跟山竹一样，是一个实力极为强大的台风，一旦登陆将是灾难性的。虽然中央气象台的路径显示，台风要转弯去日本。但中央气象台的消息也称，“潭美”将于28日进入我国24小时台风警戒线，继续趋近我国东南沿海，未来移动路径有很大的不确定性。对于广东人民来说潭美威胁不大不过如果有去日本的朋友就要留意这个台风了国庆长假，你的目标是去哪？来源：珠江时报编辑：小琛内容分享 ‍点右上角“…”→ 选择【发给朋友】或【分享到朋友圈】查看文章点右上角→查看官方帐号→查看历史消息推荐给好友关注我们的微信公众平台：丹灶公信商业合作联系方式：13516522311]]></content>
  <author><![CDATA[丹灶公信]]></author>
  <time>2018-09-25 20:01:32</time>
  <account><![CDATA[danzaogongxin]]></account>
</data>
