<data>
  <id><![CDATA[51059954]]></id>
  <url><![CDATA[https://mp.weixin.qq.com/s?timestamp=1539596455&src=3&ver=1&signature=Egrj350GoKY8-KUcIJshb6WXy5UeQ2mktleE*XRaVSwL*Ted725BREjfhdQhmeAc8-4Gsn5*gFSnA*AqZxyz4d0VWgGthNwmmx0ryoQ5cWGmkowsNeOyiKi1XoUHDJjH2P9aMZ8l5Csk5hGscQuKxEMhzgJRuTF7DyELcMrPrwY=]]></url>
  <title><![CDATA[迎风而战！这些最美的“逆行者”，温暖了狂风卷席过的丹灶]]></title>
  <content><![CDATA[佛山本地  最权威  最亲民的服务型社区媒体点击标题下方蓝字  关注街坊们最信赖的朋友“山竹”是20年来影响佛山最厉害的台风，佛山“五停”：停工、停业、停市、停课、停运每逢翻风落雨，总有他们挺身而出！“山竹”带来的暴风雨让他几乎睁不开眼，但丹灶这名民警仍然坚持清理被吹倒的树木。致敬这群暴风雨中的逆行者他们在风雨中坚守，他们为市民的平安保驾护航。虽然他们没有留下名字，但他们的付出值得大家铭记！请随着丹灶君，回顾这一幕幕暖心的瞬间↓暖心一幕：风雨将至，丹灶交通分局(交管所)工作人员途经丹灶中心小学公交站，发现4名无法搭车回家的群众，于是工作人员义不容辞开车护送他们安全回家。暖心一幕：民警联同丹灶高海村委会疏散江上从业人员，为减少群众损失，民警合力将船只拉回岸边停靠。暖心一幕：丹灶亿美公寓楼农行柜员机处有两名老人因不清楚公交停运信息，在台风大雨中被困。接报后民警立即冒着狂风大雨赶赴现场，将他们安全送回公司。暖心一幕：丹灶仙湖花园A坐楼顶一水池盖铁皮在摇摇欲坠，民警不顾安危攀上高处，用铁丝把该铁皮扎好。暖心一幕：工作人员顶风冒雨运送物资，保证各庇护站内安置的群众及时得到补给。暖心一幕：丹灶镇卫计局工作人员在庇护中心安置避险群众，送上温暖的盒饭。暖心一幕：“谢谢你们的付出，我们有电了！”在风雨中用尽全力清除悬挂在电线上的铁皮，在极度潮湿的环境下修复、接驳电线......受台风“山竹”影响，丹灶镇内个别村庄出现停电情况。丹灶供电部门无惧风吹雨打，不分昼夜安排供电所抢修人员前往停电现场，让供电线路得到迅速修复。本次台风“山竹”共造成丹灶25处断电，共12035户受影响，目前已全部修复，受影响用户均已全部复电。暖心一幕：夜已深，为及时清理受损的物品，全身早已被雨水湿透的治安队员在依然坚守在第一线，不辞辛劳地奔波着。暖心一幕：就算台风让这座城市颠倒，丹灶市政工作人员依然坚持全员奋斗在一线参与抢险，冲进风雨的怀抱。清除被狂风连根拔起的树木、搬出水坑中浸泡的垃圾......他们不是力大无穷，只是责任使然。他们说，自己并没有做什么轰轰烈烈的大事。他们说，清理完手上的工作，还要上车继续去往下一个抢险地点。暖心瞬间：桂丹路丹灶医院对出的人行天桥棚顶和护栏被狂风刮倒导致桂丹路双向堵塞。消防、市政、交警等相关部门马上赶到到现场，经过6个多小时的紧急处理，直到凌晨12:30左右，桂丹路主路及辅道已双向恢复正常通车。此外，工作人员还对人行天桥的围栏进行临时紧急加固。温馨提示：为了行人的通行安全，该人行天桥已经实施封闭，禁止通行。请各位街坊注意安全，绕道通行。暖心一幕：台风肆虐的夜，丹灶镇水利排灌养护站各站确保了开机正常运行，全体河涌保洁人员风雨中坚守岗位，确保完成排涝任务。今日一早，工作人员仍在对泵站、内河涌，水库溢洪道垃圾进行清运。暖心一幕：丹灶文明创建股迎着今天的余风对镇内户外公益广告、宣传硬件设施进行了再排查、再整改。到目前为止，已拆除破损户外广告画（含横幅）18幅，加固22幅；拆除松脱志愿服务帐篷3个；拆除存在安全隐患的灯杆旗32对、临时绿地广告牌3块、大型高空广告牌1块。坚守一线的，还有他们！还有各村居的工作人员！沧海横流，方显英雄本色疾风骤雨，不改赤子初心这些画面我们难以忘记！向全时奋战在防风抗灾各条战线的工作人员致敬！转发自｜南海丹灶编辑：小琛内容分享 ‍点右上角“…”→ 选择【发给朋友】或【分享到朋友圈】查看文章点右上角→查看官方帐号→查看历史消息推荐给好友关注我们的微信公众平台：丹灶公信商业合作联系方式：13516522311]]></content>
  <author><![CDATA[丹灶公信]]></author>
  <time>2018-09-17 19:15:33</time>
  <account><![CDATA[danzaogongxin]]></account>
</data>
