<data>
  <id><![CDATA[51059954]]></id>
  <url><![CDATA[https://mp.weixin.qq.com/s?timestamp=1539596455&src=3&ver=1&signature=Egrj350GoKY8-KUcIJshb6WXy5UeQ2mktleE*XRaVSwL*Ted725BREjfhdQhmeAc8-4Gsn5*gFSnA*AqZxyz4X3iZHBbJeBQAqejIUv-G7z2D73B5UrrR5z5COCrFQNflbzIiub6J0Gv6Aao-KVgBNu58tDaADSsk1PhACeB5Jo=]]></url>
  <title><![CDATA[“乐业九江，创享未来”南海区九江镇首届创新创业大赛火热报名中！]]></title>
  <content><![CDATA[佛山本地  最权威  最亲民的服务型社区媒体点击标题下方蓝字  关注街坊们最信赖的朋友核心提示为燃点儒乡创新创业激情，吸引优质创新创业项目和团队落户九江，九江镇首届创新创业大赛开锣啦。结合九江产业和儒林文化特色，融汇企业转型升级的需求，本次大赛将设创业组和创意组两个组别。其中，创业组重点关注信息技术、智能制造、高端装备、新材料、新能源、环保节能、移动互联网技术及应用开发等战略新兴领域；创意组则重点关注现代服务与文化创意、水产养殖、现代农业、乡村旅游、青农优品等领域。大赛从9月开始，将持续至今年11月，历时三个月，评选过程分初审、复赛、决赛三个阶段。比赛共设置创业组和创意组两个组别，对于进入复赛的参赛团队，将邀请经验丰富的导师进行一对一辅导，优胜队伍最高可获得5万元奖励。现有十几支队伍报名参赛啦，还在观望的你们不要犹豫啦，马上来报名啦！报名一、报名途径：参赛企业、团队或个人，请在10月7日前直接登录网站填报(www.inrolestartup.com)，或按要求填写报名表，按英儒启航孵化器提供的模板提交创业计划书，发以下邮箱地址inrole@126.com。二、咨询电话：0757-86503380冯坚强13802623390任俊丞17666155741。三、公布信息：复赛及总决赛名单，将在南海九江、英儒启航科技孵化器订阅号、网站上公示。转发自：九江公信编辑：小琛内容分享 ‍点右上角“…”→ 选择【发给朋友】或【分享到朋友圈】查看文章点右上角→查看官方帐号→查看历史消息推荐给好友关注我们的微信公众平台：丹灶公信商业合作联系方式：13516522311]]></content>
  <author><![CDATA[丹灶公信]]></author>
  <time>2018-09-20 23:00:20</time>
  <account><![CDATA[danzaogongxin]]></account>
</data>
