<data>
  <id><![CDATA[51059954]]></id>
  <url><![CDATA[https://mp.weixin.qq.com/s?timestamp=1539596455&src=3&ver=1&signature=Egrj350GoKY8-KUcIJshb6WXy5UeQ2mktleE*XRaVSwL*Ted725BREjfhdQhmeAc8-4Gsn5*gFSnA*AqZxyz4X3iZHBbJeBQAqejIUv-G7yiKdIhvZSEf*uVBfv6KhjdvIQh1PKOo1V7ESY-ZTWCMZQAiaUjHZ4477yfishsdKE=]]></url>
  <title><![CDATA[围蔽设施破损，城建哥立即处理问题！]]></title>
  <content><![CDATA[佛山本地  最权威  最亲民的服务型社区媒体点击标题下方蓝字  关注街坊们最信赖的朋友近日，丹灶数字城管指挥中心接到投诉，反映台风过后，南海区明沙北路工地围蔽设施破损，影响市容市貌的问题。丹灶数字城管指挥中心接到投诉后，立即通知丹灶城建人员。丹灶城建人员到达现场后，确实发现丹灶明沙北路工地围蔽设施破损的现象。城建工作人员立即对现场问题进行处理。经整改，现场问题已整改完毕。下阶段，丹灶城建局将加大对该区域的巡查频率与查处力度，为市民营造一个舒适和谐的生活环境。欢迎各位市民对相关违法行为进行监督，发现围蔽设施破损，影响市容市貌问题的现象可拨打12319，丹灶数字城管指挥中心受理案件后，会及时通知相关部门进行处理。编辑：小琛内容分享 ‍点右上角“…”→ 选择【发给朋友】或【分享到朋友圈】查看文章点右上角→查看官方帐号→查看历史消息推荐给好友关注我们的微信公众平台：丹灶公信商业合作联系方式：13516522311]]></content>
  <author><![CDATA[丹灶公信]]></author>
  <time>2018-09-20 23:00:20</time>
  <account><![CDATA[danzaogongxin]]></account>
</data>
