<data>
  <id><![CDATA[51059954]]></id>
  <url><![CDATA[https://mp.weixin.qq.com/s?timestamp=1539596455&src=3&ver=1&signature=Egrj350GoKY8-KUcIJshb6WXy5UeQ2mktleE*XRaVSwL*Ted725BREjfhdQhmeAc8-4Gsn5*gFSnA*AqZxyz4UVT1ZrtitM0GnQDXgSeeUp9fIx8nwbh0VmbLN*R2MFMY3a*yJmcwK9FlDu0rJFAGF3G7KmnxvYBtTgZyVS5X4c=]]></url>
  <title><![CDATA[“山竹”登陆路径又变，预警连升3级！区镇联动，丹灶严阵以待！]]></title>
  <content><![CDATA[佛山本地  最权威  最亲民的服务型社区媒体点击标题下方蓝字  关注街坊们最信赖的朋友最新台风消息！最新台风消息！据中央气象台最新预报“山竹”路径有变登陆点再向东北方向调整↓↓↓这意味着台风中心离佛山更近了除此之外更令人揪心的是“山竹”风眼又开始逐渐清晰它的强度还在加强！风云二号卫星9月15日20点45分的山竹云图↓↓↓截至9月15日晚上8点45分山竹的外围环流已经开始着陆在佛山风渐起风力越来越大广东开启最高级别防御今天傍晚开始，各种预警、应急响应再度升级！↓↓↓▲佛山市气象台于9月15日18时45分将台风黄色预警升级为橙色预警今天台风预警信号已经连升三级广东启动防台风Ⅰ级应急响应佛山启动防台风Ⅱ级应急响应↓↓↓佛山市三防指挥部消息省防总于9月15日18时启动防台风Ⅰ级应急响应，根据当前台风形势，市三防指挥部于9月15日18时45分将防台风Ⅲ级应急响应提升为防台风Ⅱ级应急响应。有关地区和部门要加强应急值守工作，气象、水文部门要加强加密水雨风情的预测预报,海事、农业部门要落实码头停业、渡口停运、船舶停航、渔排归港、人员上岸避险；建筑工地、交通工程、铁皮顶厂房等停工，危墙要围蔽,铁皮屋、危房、简易工棚中的人员全部撤离，旅游景点关停，停止大型集会，并做好各类险情应急处置，落实台风暴雨引发的城市内涝、地质灾害等次生灾害的防御工作，不漏一人安置好需转移的临灾涉险人员。各级各部门要按防台风“五个百分百”的工作要求，认真做好各项防汛防风工作。中央气象台9月15日18时发布台风红色预警预计，“山竹”将以每小时30公里左右的速度向西偏北方向移动，将于16日下午到晚上在广东珠海到湛江一带沿海登陆（14-16级，45-52米/秒，强台风级或超强台风级），登陆后将继续向西偏北方向移动，强度逐渐减弱。台风强度还在加强！这是中央气象台今年以来针对第二个台风发布红色预警。中央气象台9月15日18时发布暴雨橙色预警9月15日20时至16日20时，广东、香港、澳门、福建东南部、广西东部、海南岛大部、浙江东南部及台湾岛中东部等地有大到暴雨，其中，广东中南部、香港、澳门、台湾岛东部等地的部分地区有大暴雨，局地有特大暴雨（250～280毫米）；9月16日20时至17日20时，广西、广东、海南岛、香港、澳门、贵州大部等地有大到暴雨，其中，广西大部、广东西部、海南岛西南部等地的部分地区有大暴雨（100～200毫米）。佛山气象台预报受台风“山竹”影响，16日风雨明显加大，有暴雨到大暴雨，平均风加大至8-10级、阵风12级，南部可能出现13级阵风；17日风力有所减弱，仍有大雨到到暴雨降水。▲佛山最新10天预报区镇联动  严阵以待✎区督导组到丹灶开展防台风督导工作9月15日上午，由区民政局牵头，农林渔业局、水务局等部门组成的防汛防风督导组到丹灶开展防风督查工作，丹灶镇水务所分管负责人等工作人员陪同检查。督导组首先听取丹灶镇对防御台风“山竹”工作开展情况汇报。会后督查组先后实地检查了丹灶镇大洲河联沙至拾陈段整治工程、仙岗赤坎村低洼易浸农田、东丰岗地质灾害点、联安电排站，详细了解我镇防御台风开展情况。区督导组对丹灶的防风部署工作给予了肯定，认为我镇三防工作领导重视，工作到位，并为继续做好三防工作提出三点要求：一、继续重视三防工作，确保人民生命安全。二、加强菜地窝棚、铁皮屋管理，按照预案及时转移相关人员。三、切实做好东丰岗地质灾害点防御工作措施，立即对受影响厂房进行人员转移等相关工作，确保防风安全。✎丹灶召开三防工作会议，部署相关台风防御工作14日下午，丹灶镇水利部门相关负责人、镇三防成员单位负责人等参加了国家防总和省防总召开防御第22号台风“山竹”异地视频会议。视频会议后，与会人员随即举行丹灶三防工作会议，部署相关台风防御工作。此外，本周末丹灶全体公职人员正常上班，严阵以待迎战“山竹”。预防措施要做好风雨来临前的平静时间不多了！无论是农户、企业、市民都要切实做好对超强台风“山竹”的防御工作，将台风损失降至最低：✎农户、种养户1、检查农田、鱼塘排水渠道，做好疏通沟渠，开好田间排水沟，确保排灌畅通；2、对种植香蕉、花、树木等高大农作物要搭架加固，对已成熟的农田作物及时组织抢收；3、对利用大棚、棚架养殖的要进行加固，防大风暴雨致其倒塌，4、可备用手提式水泵等应急排涝设备，以便及时降低水位。5、田间工作人员要及时做好撤离。✎企业1、将企业周边排水盖板垃圾清理干净，确保排水通畅。2、检查星瓦棚等简易结构的厂房，做好检修加固，确保人员财产安全。3、低洼地区企业备好沙包或挡水板等临时挡水物资。4、对易受水损的设备或工作区域周围做好防水措施。5、可备手提式水泵等应急排涝设备，以便及时清除积水。6、视恶劣天气发展情况，适时做好停产停工安排。✎工地台风天时，工地上堆放的建筑材料必须进行转移；对建筑物外围的钢架逐一进行加固，防止出现大风天气将钢架吹散，造成事故；晚上工地内的人员必须转移到安全地点，并切断工地电源。✎特别提醒：为更好地防御台风，减少人民群众的财产损失、保障自身安全。请广大群众务必注意做好以下安全措施：1、台风暴雨期间尽量避免于易涝路段行驶。2、请勿将车辆停泊在易涝路段或高大行道树附近，以免造成损失；3、易涝路段商铺注意做好财物的保护，准备好沙包等应急物资，及时关闭电源，必要时做好财物的转移；4、若必须在道路上行走的群众，请注意保护好自身安全。留意周围的涉电涉水设施，尽量避免靠近。丹灶镇水浸黑点有为大道、桂丹路、华峰路、民丰路、广丰路、夏沙路、明沙路、金业路、迎金路、罗行墟佛山供电局温馨提醒1.在户外时请勿靠近变压器、电力杆塔等电力设备。2.请勿在架空线路下或紧靠供电线路的高大树木、大型广告牌下停留或避雨。3.请勿触摸电线附近的树木、杆塔等物件。4.尽量避免趟积水，避免触电事故。5.雨天回到家中擦干手脚，避免湿手湿脚接触电源而被电击。6.当室外积水浸入室内时，应立即切断电源。7.做好家居安全用电，对家庭漏电保护开关进行测试，确保漏电保护正常动作。8.如电房处于低洼地带请做好防水、排涝等措施。如遇停电，您可拨打当地供电部门抢修电话。丹灶供电所抢修电话：13709667029市三防指挥部提醒公众各位街坊要敬畏自然，珍惜生命，主动避险！1、尽量避免前往台风影响地区，不要到海边、海岛游玩。2、受影响地区渔船回港、渔排人员上岸避险；其他船舶驶离危险海域或回港（锚地）避风。3、居住在危旧房、简易房、铁皮房、工棚和沿海低洼地区的人员撤离到安全区域，不要进入沿海的地下车库。4、台风来临前，避免外出，停留在坚固安全的场所避险。5、加固塔吊、广告牌、室外空调、太阳能热水器、门窗等设施。6、注意防范强降雨及其引发的山洪、中小河流洪水、城乡内涝和地质灾害。7、家里提前储备应急照明灯、食物和饮用水等物品。丹灶村镇庇护所对外开放由于台风黄色预警信号现已生效，丹灶已及时开放镇村两级庇护场所，为有需要的群众提供临时栖身之所，有需要的群众可前往入住，请相互知照。丹灶镇村镇两级庇护场所开放信息汇总表公信君再次提醒：台风一定要保证自身安全切记！切记！平安度过台风天PS：点击阅读原文，可查看台风实时路径或长按下方二维码即可查看台风最新路径来源｜央视新闻、广东省气象局、佛山市气象局、南海区气象局、南海发布、珠江时报、丹灶视讯、南海丹灶、编辑：小琛内容分享 ‍点右上角“…”→ 选择【发给朋友】或【分享到朋友圈】查看文章点右上角→查看官方帐号→查看历史消息推荐给好友关注我们的微信公众平台：丹灶公信商业合作联系方式：13516522311]]></content>
  <author><![CDATA[丹灶公信]]></author>
  <time>2018-09-15 22:35:49</time>
  <account><![CDATA[danzaogongxin]]></account>
</data>
