<data>
  <id><![CDATA[51059954]]></id>
  <url><![CDATA[https://mp.weixin.qq.com/s?timestamp=1539596455&src=3&ver=1&signature=Egrj350GoKY8-KUcIJshb6WXy5UeQ2mktleE*XRaVSwL*Ted725BREjfhdQhmeAc8-4Gsn5*gFSnA*AqZxyz4X2h0qbgqVxdjwR2dUi7OH5Ryjc*u6ViizCSXsFc7WxeksIKv-JaavMfFvAJ-giSh2mra7CkLX1NyZIlJ7cqwsw=]]></url>
  <title><![CDATA[“山竹”已登录，丹灶全力以赴防御台风！市民要注意自身安全！]]></title>
  <content><![CDATA[佛山本地  最权威  最亲民的服务型社区媒体点击标题下方蓝字  关注街坊们最信赖的朋友请注意！今年第22号台风“山竹”（强台风级）已于16日17时在江门台山海宴镇登陆，登陆时中心附近最大风力14级（45米/秒），中心最低气压955百帕。由于“山竹”风眼直径大，登陆后会有大约1.5小时的风停现象，这个时间段切勿马上出到户外进行活动，接下来的风尾威力和破坏力才是最强劲的！请各位相互告知！！从16日15时起，全市道路实行交通管制措施（抢险救灾车辆除外），全体市民请勿外出。已在路上行驶的车辆，请立即开往安全区域躲避，不要继续在路面行驶或在路面停留，安全第一。切记切记！安全第一！1区镇联动 严阵以待为全力做好防御台风各项准备工作，16日上午，南海区政协主席张辉明，南海区委常委、常务副区长蔡汉全，丹灶镇镇长张应统率职能部门相关负责人来到丹灶镇三防指挥中心，督导检查防御台风“山竹”各项准备工作具体落实情况。南海区政协主席张辉明（右）、丹灶镇镇长张应统（左）参加电话会议。南海区政协主席张辉明、丹灶镇镇长张应统率队兵分多路查看应急庇护场所物资准备情况、市民转移进度、查看仙湖等湖、河的水位涨势情况。认真听取了相关部门防台风防汛工作情况汇报，并详细了解各处的应急准备和防台风防汛应急措施的落实情况。南海区政协主席张辉明（右）、丹灶镇镇长张应统（左）走访避难所市民安置情况。张辉明指出，据气象部门预报，台风“山竹”将给全市带来大暴雨，局部地区特大暴雨，他要求各职能部门要高度重视，强化责任落实，要严肃防汛纪律，强化防汛值班和领导带班制度，确保防台风防汛工作措施落到实处。南海区政协主席张辉明（中）、丹灶镇镇长张应统（右）到仙湖查看水位涨势情况。丹灶镇镇长张应统强调，要落实安全防台风防汛防护措施，加强对山洪地质灾害容易发生地段和河堤、江边、水库等地的观测和巡查，发现险情要及时处理并上报，该撤离的撤离，该转移的转移，切实保障好市民群众的生命安全。2全镇出动 共抗“山竹”丹灶镇领导班子、各部门、各村（居）工作人员全力投入防御台风工作当中，检查工地、养殖户、企业等场所，对有需要帮助的群体进行转移，并对现场存在安全隐患的树木加固、危险的房屋进行安排，确保市民们的人身安全。丹灶镇镇长张应统带领东升驻点团队到林村的应急庇护场所进行检查 ↑丹灶镇党委副书记潘燕梅检查居民安置情况 ↑丹灶镇党委委员陈亮华检查企业防台风安置工作情况 ↑丹灶镇党委委员罗丽容到应急庇护场所检查物资准备情况 ↑丹灶镇党委委员夏泽鸿检查餐饮业防台风安置工作情况 ↑丹灶镇党委委员梁耀智检查商场防台风安置工作情况 ↑丹灶镇党委委员何锡辉检查农田防台风安置工作情况 ↑丹灶站场营运车辆停班受今年第22号台风"山竹"（超强台风级）影响， 为保障广大旅客的出行安全，丹灶、西樵、官窑站场将9月16日至17日实施营运车辆停班措施，具体如下：一、从2018年9月16日零时起，丹灶、西樵、官窑站场将停止所有发往深圳、珠海、惠州、湛江、茂名、阳江、江门等线路部分班次暂停营运。退票提示：1.已取得纸质车票的旅客，可以在3天内到各大汽车站售票窗口进行退票！2.微信购票旅客，离发车时间半小时前可在微信自行办理退票；因台风“三停”而停班的班次车票，如在发班时间半小时或已过发班时间的，可在3天内到各大汽车站售票窗口或服务台办理退票手续。3.如有疑问，请拨打客服电话西樵汽车客运站：0757-86826815丹灶汽车客运站：0757-85433322官窑汽车客运站：0757-85889202（营业时间06:30-19:00）对您造成的不便，敬请原谅，班车恢复营运将另行通知。广大旅客请尽早调整出行安排，提前做好防御措施。丹灶全部景区暂时关闭因受台风“山竹”影响，为保障景区旅游安全，丹灶区全部景区于9月15日17:30起关闭。另外，为保障安全，台风期间仙湖水舞声光秀喷泉停播。台风过后，需要对喷泉进行设备检修，重新开播需待检修完毕后才正常开播。各景区恢复开放时间将另行通知，敬请留意。丹灶镇公共文化场馆暂停对外开放为保障公共安全，镇内7间读书驿站于15日下午17:30关闭，将在9月18日上午9:00重新对外开放。丹灶镇文化艺术中心、图书馆、康有为故居和康有为书法艺术院，明后天（9月16日-9月17日）将暂停对外开放。丹灶社区老人免费体检延期原定于2018年9月17日-9月20日的丹灶社区65岁及以上老年人健康体检，因受台风“山竹”的影响，9月17日停检一天，往后推迟一天，即体检时间为2018年9月18日-9月21日，请相互告知。丹灶村镇庇护所对外开放由于台风橙色预警信号现已生效，丹灶已及时开放镇村两级庇护场所，为有需要的群众提供临时栖身之所，有需要的群众可前往入住，请相互知照。目前，各个庇护所物资补给充足，居民们已得到安置和食物供给。有需要的市民可联系就近庇护所。丹灶镇村镇两级庇护场所开放信息汇总表台风来了，我们要做好哪些措施呢？为防御台风“山竹”带来的损失，镇三防指挥所于9月16日8时30分启动防台风I级应急响应，区镇联动前往在建工地、铁皮、石棉瓦建筑物、危房、旅游景点等巡查并督导台风防御工作，并对挂钩村进行了专门的巡查，要求12：00前务必全面实现“五停”。此外，我镇还组织28个村居积极开展防御工作，截止目前，我镇组织三防成员单位及村居共派出111组工作人员，合共1542人次，检查涉险受影响场所共计1819处，开放村镇两级167处庇护场所，预计转移5119人（其中简易工棚3223人、工地施工人员1561人、地质灾害隐患影响70人、旅游景点人员184人、危房受影响人员33人、危化企业38人、渔船10人），已转移4941人，其余人员也于今天12时前完成转移，并且安排人员维持现场秩序，提供充足的食物和饮用水，保持群众情绪稳定。向农户派发窝棚人员转移通知书，并组织工作人员做好重点涉险场所的安全排查，加强危险区域人员撤离工作。及时疏通沟渠，通知渔民上岸，提醒注意防雷防风防电工作，保障人民群众的生命财产安全。坚守在一线的还有他们！！！台风来时，请做好这些准备1、有车的加满油，远离大树、建筑。2、手机充满电，交满费。3、准备一定的现金(断电自动取款机无法工作）。4、家里储备好水，分饮用水和清洁水准备，充分估计困难。5、准备充足的食物，最好不需要加工的（碗面、面包）。6、冰箱清理干净（连续几天停电，全部化掉）。7、所有的衣服、杂物全部整理、包装、装袋（防潮），远离阳台、窗口（整理后家里除了家具家电，基本上是光溜的）。8、当台风来临时，关闭所有家用电器，拔掉所有电源，关闭水管。9、将所有脏衣服洗净、晾干。（就是现在，开洗吧）10、准备小型收音机，唯一获取外界信息的渠道，小型省电（无报纸、无法观看电视、网络无法连接）。11、外出不要穿凉鞋，尽量平底前后不露（路上全是树枝）。12、准备临时电源，充好电（手电筒、电脑、蜡烛、台风过后无限期停电）。13、家人尽量呆在一起。14、风力达到最大，人员最好远离窗户等玻璃，以免造成人员受伤。台风影响期间，请市民尽量不要外出，注意自身的安全！切记，切记！撰文/图片 李阳部分来源：南海丹灶、丹灶视讯编辑：小琛内容分享 ‍点右上角“…”→ 选择【发给朋友】或【分享到朋友圈】查看文章点右上角→查看官方帐号→查看历史消息推荐给好友关注我们的微信公众平台：丹灶公信商业合作联系方式：13516522311]]></content>
  <author><![CDATA[丹灶公信]]></author>
  <time>2018-09-16 17:55:22</time>
  <account><![CDATA[danzaogongxin]]></account>
</data>
