<data>
  <id><![CDATA[51059954]]></id>
  <url><![CDATA[https://mp.weixin.qq.com/s?timestamp=1539596455&src=3&ver=1&signature=Egrj350GoKY8-KUcIJshb6WXy5UeQ2mktleE*XRaVSwL*Ted725BREjfhdQhmeAc8-4Gsn5*gFSnA*AqZxyz4ViZlT-Ovgm-*yl43N86FswcHQ0vSgMU-SJ2cXDmpxB4mdYxJ8tABrtxfPBzmvnGJZCp6H2e1qlZh3XLfNTdfdY=]]></url>
  <title><![CDATA[丹灶“有为六德”标准解读]]></title>
  <content><![CDATA[佛山本地  最权威  最亲民的服务型社区媒体点击标题下方蓝字  关注街坊们最信赖的朋友忠勇、仁爱、公义尚礼、诚信、明智“有为六德”是丹灶精神文明发展的支柱。它们已融入丹灶的城市基因和基层的血脉，成为助推丹灶镇城市发展和产业升级的重要力量。有为六德【忠勇】爱国敬业，勤政爱民；抢险救灾，见义勇为。【仁爱】热心公益，扶贫助困；关爱社会，无私奉献。【公义】刚正不阿，秉持正义；心系社群，造福乡梓。【尚礼】尊师重道，崇孝尚德；和睦家庭，礼仪社群。【诚信】真诚待人，重信守诺；以诚立业，守法经营。【明智】高瞻远瞩，明辨是非；止谣解惑，弘扬正气。随公信君看一览连环画《有为六德伴我行》了解有为六德代表人物——有为翘楚们最初的故事↓转发自｜南海丹灶编辑：小琛内容分享 ‍点右上角“…”→ 选择【发给朋友】或【分享到朋友圈】查看文章点右上角→查看官方帐号→查看历史消息推荐给好友关注我们的微信公众平台：丹灶公信商业合作联系方式：13516522311]]></content>
  <author><![CDATA[丹灶公信]]></author>
  <time>2018-09-13 20:13:51</time>
  <account><![CDATA[danzaogongxin]]></account>
</data>
