<data>
  <id><![CDATA[51059954]]></id>
  <url><![CDATA[https://mp.weixin.qq.com/s?timestamp=1539596455&src=3&ver=1&signature=Egrj350GoKY8-KUcIJshb6WXy5UeQ2mktleE*XRaVSwL*Ted725BREjfhdQhmeAc8-4Gsn5*gFSnA*AqZxyz4dYUuK1edFS5FKULtsdAZwp-j4A7IRllkGhuzjIypo*1KspXU-c9Rk*qKfqtRC5Vr8IGW48mPcRnMIn772e3gH0=]]></url>
  <title><![CDATA[佛山机场今日复航！最低8元机票，12点开抢！]]></title>
  <content><![CDATA[佛山本地  最权威  最亲民的服务型社区媒体点击标题下方蓝字  关注街坊们最信赖的朋友要讲这两日佛山市民朋友圈最火的新闻，莫过于佛山机场将于今日（10月12日）复航！机场复航消息一出，推出的188元佛山飞北京的票也被秒空！没抢到机票很遗憾？！各位空中飞人，今日（12日）中午12点，佛山机场还有低至8元的机票！而佛山→北京则仅需88元！手快有手慢无！“✔抢票日期：2018年10月12日，中午12:00✔抢票渠道：中国联航手机官网、APP、官方微信（微信搜索“中国联航”，关注后菜单栏有购票窗口）✔特价航班：航班航班号价格北京南苑-佛山KN596588佛山-北京南苑KN596688✦ 乘运日期：10.12-10.27航班航班号价格连城-佛山KN59178佛山-连城KN59188合肥-佛山KN587788佛山-合肥KN587888东营-佛山KN576988佛山-东营KN577088✦ 乘运日期：10.28-11.15知多d：佛山机场焕新颜佛山沙堤机场作为中国联航独飞机场，是中国联航在华南地区的主要基地。历经一年紧锣密鼓的修整工作，佛山机场完成了跑道、滑行道、助航灯光、站坪等多项维修及新建工程，并对机场安全类设施设备进行了更新及改善。佛山沙堤机场停机坪现在的佛山机场，停机坪开阔大气，候机楼窗明几净，为即将恢复的民航运营做好了充足准备。廊桥通道候机大厅复航后更多航线将陆续开通1、根据航班计划，复航初期拟开通佛山往返南苑航班，每天一班；2、10月28日起，将恢复安徽合肥、福建连城、山东东营三条往返航线；当天起，佛山飞北京南苑机场的航班将增加至一天3个班次，全部为经停航班，分别经停福建连城、安徽合肥、山东东营，原来的直飞航线将会调整。佛山机场仍面临搬迁根据上月佛山国土规划部门发布的招标文件显示，随着《中国民用航空“十三五”发展规划》和《广东省民用运输机场发展规划》（修改稿）的出台，计划在高明区建设的珠三角新干线机场的建设设想和发展战略已经明确，沙堤机场未来将整体搬迁至高明区。不过，短期来看，在珠三角新干线机场尚未开建之前，沙堤机场的复航，填补了佛山交通格局中没有航空出行服务的空白，对于佛山乃至广佛肇的许多旅客来说，提供了旅游、商务的航空出行便利。佛山沙堤机场地址：佛山市南海区机场路与禅西大道交汇处附近*文中航班信息、价格仅供参考，具体请以中国联航官网以及出票时间为准。来源：中国联航、佛山机场、广州日报、南海狮山、佛山新闻网编辑：小琛内容分享 ‍点右上角“…”→ 选择【发给朋友】或【分享到朋友圈】查看文章点右上角→查看官方帐号→查看历史消息推荐给好友关注我们的微信公众平台：丹灶公信商业合作联系方式：13516522311]]></content>
  <author><![CDATA[丹灶公信]]></author>
  <time>2018-10-12 17:10:02</time>
  <account><![CDATA[danzaogongxin]]></account>
</data>
