<data>
  <id><![CDATA[51059954]]></id>
  <url><![CDATA[https://mp.weixin.qq.com/s?timestamp=1539596455&src=3&ver=1&signature=Egrj350GoKY8-KUcIJshb6WXy5UeQ2mktleE*XRaVSwL*Ted725BREjfhdQhmeAc8-4Gsn5*gFSnA*AqZxyz4dz7XnmgAebWqUdyrP14B5GesZpJLRhMXJPzLOkPP0-ll1c7VfSSZGrD*4qkoiwDHxTKW0sB9qTcBCCLl*H5Gno=]]></url>
  <title><![CDATA[央视报道！百年鼻炎老店开到丹灶！免费试用！免费体验！免费送！]]></title>
  <content><![CDATA[佛山本地  最权威  最亲民的服务型社区媒体点击标题下方蓝字  关注街坊们最信赖的朋友俗话说，“秋天到，鼻炎闹”。燥热的天气是鼻炎的易发期南方的冬天来得晚一直很干燥很多鼻炎患者常常在这个时候犯病鼻子不透气、头疼、晚上睡觉不踏实继而导致白天精神萎靡影响学习和生活你是不是也这样无缘无故就得了鼻炎天天变着花样狂虐你还严重影响工作，生活真的很让人绝望用遍了各种各样的偏方还到到大医院看过鼻炎就是反反复复治不好试用不花一分钱！试用不花一分钱！试用不花一分钱！重要的事情说三遍！有效果再治疗，没有效果扭头走人直到鼻炎完全修复！▼龚庭鼻炎馆·丹灶店9月27日盛大试业电话：18681402562地址：丹灶镇商业大道32号龚庭鼻炎馆（特步体育对面）惊喜大优惠惊喜一惊喜二礼品多多   优惠多多机不可失   时难再来活动详细请添加丹灶店客服咨询有鼻炎，来龚庭，还您健康深呼吸！不吃药 不打针 不手术 无激素 纯中药治疗过程超级简便安全！三个步骤还您健康呼吸01清鼻腔、排毒素排毒：排肺浊气、鼻毒、鼻垃圾中医古籍《素问·金匮真言论》写到：“开窍于鼻，藏精于肺。”《灵枢·脉度篇》指出：“肺气通于鼻，肺和鼻能知香臭矣。”就是说鼻炎与肺的关系紧密相连。用排毒膏把肺部的致病菌排出体外，达到理肺、宣肺、排浊气的功效。鼻腔内病菌，鼻垢、鼻痂等垃圾会随着喷嚏、鼻涕逐渐排出体外，使鼻腔通透舒爽！▲专业老师帮助患者上排毒膏，清理鼻腔、顾客排毒时的表现“肺部浊气随着排出的大气泡而清除”02修复修复鼻粘膜，消炎、杀菌、消肿在膏物有效成分持续作用下，将鼻腔内的溃疡面逐渐修复。患者鼻腔内肿痛情况逐渐好转，头痛头晕，精神萎靡等症状逐渐消失。由于膏长时间熬制，已经将药物分子进行破壁处理，使其成为纳米级，能引药力快速渗透鼻粘膜，靶向定位鼻粘膜下层组织的腐肉及细胞组织，快速清除鼻炎病毒、炎症，从而达到非常好的效果。龚庭鼻炎膏适用症：打喷嚏、流鼻涕、鼻痒、鼻干、鼻塞、过敏性鼻炎、急、慢性鼻炎，干燥性鼻炎、肥厚性鼻炎、萎缩性鼻炎、鼻窦炎、鼻息肉等。上完龚庭膏后老师会用专业的按摩手法给患者按摩鼻腔以更好地吸收▲专业老师帮助按摩鼻腔03巩固巩固膏滋润粘膜、保护黏膜、养护鼻腔、防止复发斩断细菌的滋生源，同时在鼻粘膜上形成保护膜，像给鼻腔穿了“防弹衣”，使鼻腔彻底巩固健康。龚庭鼻炎膏简直就是鼻炎患者的福音！纯中药制作，此产品是龚家300多年的传世祖方，始创于清顺治6年。2014年被国家特别批准为：“非物质文化遗产保护项目”。原料药材全部来自青海、西藏等高海拔地区，祖方拥有三十六味中药之多，主材辛夷辅以白芷、金银花、草决明等。一清鼻腔毒素、二排肺部垃圾、三修复鼻粘膜、四巩固不复发。很多去各大医院治疗过的鼻炎患者，最终都选择了龚庭鼻炎膏，且已痊愈！权威、正规连锁龚庭鼻炎馆，可并非名不经传最近荣登CCTV央视等各大卫视在鼻炎患者圈中口碑不错龚氏鼻炎膏始创于1649年清顺治6年，至今已有360多年历史。龚庭膏入药46味，用动物药熊胆粉，鹿心粉等，经30几道工序结合现代工艺精心熬制而成。涂抹于鼻腔，“不数时，则鼻通塞止”，由于它十分有效，也曾被皇室御用，因此称为“龚氏鼻渊奇方”。在300多年的时间里，龚氏十几代传人，也对此方进行着不断的改进，先后又加入了十几味中药材，配方才最终成型，享受国家50年知识产权保护。而剂型也从原先的药粉，变成了使用方便、药材更浓缩的凝胶膏剂型，使用后立刻见效，快速缓解鼻塞、多涕、头疼、头晕等症状，让您鼻通气爽。全国2000多家连锁店的强大品牌有鼻炎，当然到龚庭！鼻炎患者来一个治一个，治一个好一个▼龚庭膏治鼻炎几乎可以说家喻户晓，凡是用过的鼻炎患者，都是夹着鼻子而来，轻轻松松大步而归，凡是用龚庭膏治过鼻炎的人都知道，不信者不接待，病症越重，好得越快。资质荣誉对于医药行业，正规这一点绝对不能马虎！各种证书、营业执照等样样齐全！荣获CCTV央视品牌及全国消费者放心满意品牌除了国家食药监局正规批文外，龚庭鼻炎膏还有三甲医院临床检验报告。用这样的产品还有什么后顾之忧！你还在等什么？你带着你的鼻子我带着龚庭膏咱们马上行动起来还你一个健康的鼻子和顺畅无比的吸呼！龚庭鼻炎馆·丹灶店地址：丹灶镇商业大道32号龚庭鼻炎馆（特步体育对面）健康接线：18681402562（微信同号）详情可添加二维码▼编辑：小琛内容分享 ‍点右上角“…”→ 选择【发给朋友】或【分享到朋友圈】查看文章点右上角→查看官方帐号→查看历史消息推荐给好友关注我们的微信公众平台：丹灶公信商业合作联系方式：13516522311]]></content>
  <author><![CDATA[丹灶公信]]></author>
  <time>2018-09-27 13:01:46</time>
  <account><![CDATA[danzaogongxin]]></account>
</data>
