<data>
  <id><![CDATA[51059954]]></id>
  <url><![CDATA[https://mp.weixin.qq.com/s?timestamp=1539596455&src=3&ver=1&signature=Egrj350GoKY8-KUcIJshb6WXy5UeQ2mktleE*XRaVSwL*Ted725BREjfhdQhmeAc8-4Gsn5*gFSnA*AqZxyz4dz7XnmgAebWqUdyrP14B5GOWZ9mZCgIKg0wBU31w3Sw0cfCtxLI3Cg7E-wkXqRko1T43gt7uM*r*6NOwizs4cE=]]></url>
  <title><![CDATA[佛山第二届“平洲玉器”杯诗词大会争霸赛正式上线，平板电脑、读书卡等丰富大礼等你来赢取！]]></title>
  <content><![CDATA[佛山本地  最权威  最亲民的服务型社区媒体点击标题下方蓝字  关注街坊们最信赖的朋友小伙伴们，第三届中国诗词大会落幕已经半年你是否还一直沉浸在诗词的余热中不能自拔？Don't worry！今天我们可以解决你的烦恼！！！千呼万唤始出来，犹抱琵琶半遮面……佛山第二届“平洲玉器”杯诗词大会争霸赛线上答题平台即日起正式上线啦！邀约小伙伴们一起来个佛山古诗词争霸赛！==《佛山第二届“平洲玉器”杯诗词大会争霸赛》==线上答题游戏说明挑战者可以在佛山儿童周末的公众号中参与诗词挑战答题。线上积分排名前100名的选手，将在11月18日，通过线下竞赛的形式，挑选出部分“精英”，组成“精英团”战队，并在总决赛和冠军学校战队进行PK ，若“精英团”战队攻擂成功，将获得500元奖励和证书！如何进入诗词大会挑战1如果您是佛山儿童周末的忠实粉丝，如图↓↓↓，您可以按照图中红框部分快速进入挑战！2如果您还没成为佛山儿童周末的老朋友，那也不必着急，只要您扫描下方的二维码，就可以看到子菜单的游戏入口！3↓↓↓点击下方的阅读原文或者扫描下方的二维码也可以进入我们的答题挑战！关于佛山第二届诗词大会今年的诗词大会争霸赛将在原来的基础上，从赛事、规格、难度、形式等方面全方位升级，进一步提高诗词爱好者对古诗词的兴趣，打造佛山诗词品牌，更有平板电脑、读书卡等丰富大礼等你来赢取！线上答题平台积分赛前100名选手还有机会参与“精英团”选拔赛，成为本届诗词大会争霸赛总决赛的擂主。第二届诗词大会规则参与竞赛必需先关注“佛山儿童周末”微信公众号，进行实名注册，在活动开放期间可以随时登录答题。出题模式：随机从题库里抽取题目，10秒以内回答，如指定时间内没答题则跳到下一题，不计分。答对每题加2分，答错倒扣1分。积分制：采用无限积分制，即没有积分上限和时间限制，至活动结束为止，以积分从高到低排名。线上竞赛时间：即日起-11月1日12点1、排名奖励第一名，平板电脑，证书第二名，200元购书卡，证书第三名，100元购书卡，证书第四名-第五十名，精美礼品2、参赛奖励线上积分排名前100名的选手，在11月18日，将通过线下竞赛的形式，挑选出部分“精英”，组成“精英团”战队，并在总决赛和冠军学校战队进行PK ，若“精英团”战队攻擂成功，将获得500元奖励和证书。如果你想跟娃一起赏中华诗词、寻文化根基、品生活之美赶紧拿好手机一起加入第二届佛山诗词大军吧~转发自｜佛山儿童周末编辑：小琛内容分享 ‍点右上角“…”→ 选择【发给朋友】或【分享到朋友圈】查看文章点右上角→查看官方帐号→查看历史消息推荐给好友关注我们的微信公众平台：丹灶公信商业合作联系方式：13516522311]]></content>
  <author><![CDATA[丹灶公信]]></author>
  <time>2018-09-27 13:01:46</time>
  <account><![CDATA[danzaogongxin]]></account>
</data>
