<data>
  <id><![CDATA[51059954]]></id>
  <url><![CDATA[https://mp.weixin.qq.com/s?timestamp=1539596455&src=3&ver=1&signature=Egrj350GoKY8-KUcIJshb6WXy5UeQ2mktleE*XRaVSwL*Ted725BREjfhdQhmeAc8-4Gsn5*gFSnA*AqZxyz4SUv*nVlfOQOr6cA6bJFEtFcernh06e05DuqBz22jcewmSbDPdfD78dBtIFFGqQKSPvqd-b7AWl7ZVPSLX-nO-k=]]></url>
  <title><![CDATA[网络安全亲子寻宝活动本周六约定你！快带娃开启网络安全之旅，拿丰富的奖品！]]></title>
  <content><![CDATA[佛山本地  最权威  最亲民的服务型社区媒体点击标题下方蓝字  关注街坊们最信赖的朋友儿童“触网”年龄越来越小3岁玩微信，7岁会网购14岁网络技能已全面超过父母当“网络”撞上安全便利智能化时代开启那如何让孩子规避网络风险？为全面提升广大人民群众的网络安全意识，践行“网络安全为人民，网络安全靠人民”理念，南海区网信办定于9月22日在桂城佳盛国际广场举办第五届佛山市网络安全宣传周网络安全亲子寻宝活动，诚邀您前来挑战网络安全知识，现场将免费送出丰富的礼品。第五届佛山市网络安全宣传周网络安全亲子寻宝活动第五届佛山市网络安全宣传周网络安全亲子寻宝活动将在桂城佳盛国际广场盛大举行9月22日（中秋假期第一天）上午10点，我们不见不散！▼▼▼现在，就由儿童君提前为大家带来活动的预告！来看看现场有什么好玩的！活动资料时间：2018年9月22日上午10点对象及人数：30组亲子家庭报名费用：免费免费免费！先到先得，满额截止报名方式：点击下方的二维码赶紧报名吧！集合地址：华翠南路佳盛国际广场，附近的公交站是怡翠公园或者怡翠花园，温馨提示乘坐地铁是南桂站，出地铁后还要换乘公交。活动目的√  体验网络安全游戏，激发孩子抵御网络危害的能力√  引导孩子了解网络安全，守护网络安全√  培养孩子严谨细致的上网亲子寻宝游戏同时将设置网络安全亲子寻宝游戏，亲子趣味挑战，学网络知识，赢丰富礼品。寻宝玩法参与者需找到分布在佳盛国际广场的6个“宝藏碎片”（二维码），使用微信“扫一扫”回答出现的题目，一处“宝藏碎片”二维码对应1个随机考题。每正确一题则得到100积分。只需答对4道题，完成任务后，参与者可前往”网络安全亲子寻宝”兑奖区按指引分享朋友圈后即可领取礼品。精彩的表演现场将为大家带来精彩的表演，让大家在学习网络知识的同时，提前感受节日的气氛。网络安全为人民网络安全靠人民9月22日（本周六）上午10点我们在桂城佳盛国际广场不见不散！不见不散！不见不散！转发自｜佛山儿童周末编辑小组编辑：小琛内容分享 ‍点右上角“…”→ 选择【发给朋友】或【分享到朋友圈】查看文章点右上角→查看官方帐号→查看历史消息推荐给好友关注我们的微信公众平台：丹灶公信商业合作联系方式：13516522311]]></content>
  <author><![CDATA[丹灶公信]]></author>
  <time>2018-09-21 19:05:09</time>
  <account><![CDATA[danzaogongxin]]></account>
</data>
