<data>
  <id><![CDATA[51059954]]></id>
  <url><![CDATA[https://mp.weixin.qq.com/s?timestamp=1539596455&src=3&ver=1&signature=Egrj350GoKY8-KUcIJshb6WXy5UeQ2mktleE*XRaVSwL*Ted725BREjfhdQhmeAc8-4Gsn5*gFSnA*AqZxyz4dYUuK1edFS5FKULtsdAZwoNS0eVdqhCOO4Cy1gqALmXaUeceBBmAFDNMw6*ViYpeZoOBZiMNYwgDfHqrtYkpiI=]]></url>
  <title><![CDATA[他坚持20多年上门诊治，手机号几乎成了“120热线”|见证40年佛山故事⑤]]></title>
  <content><![CDATA[佛山本地  最权威  最亲民的服务型社区媒体点击标题下方蓝字  关注街坊们最信赖的朋友今年是改革开放40年。佛山新闻网推出系列微纪录片《见证40年 佛山故事》，每集选取一位代表人物，讲述40年来佛山发展的历程和市民身边的变化。第5集《守护健康》，由从医28年的佛山医生马洪钊为您讲述基层医疗改革变迁的故事。马洪钊所在的卫生站，20多年前只有1个医生，如今已变成有专业医疗队伍和先进设备的社区卫生服务站。由他带头组建的家庭医生志愿服务队，为社区老人提供上门就诊服务，守护居民健康。随着佛山医疗卫生事业改革的不断推进，群众在家门口就能享受质优价廉、安全规范的医疗服务……转发自：佛山新闻网因微信压缩视频清晰度受影响，点击“阅读原文”欣赏高清版本↓↓↓编辑：小琛内容分享 ‍点右上角“…”→ 选择【发给朋友】或【分享到朋友圈】查看文章点右上角→查看官方帐号→查看历史消息推荐给好友关注我们的微信公众平台：丹灶公信商业合作联系方式：13516522311]]></content>
  <author><![CDATA[丹灶公信]]></author>
  <time>2018-10-12 17:10:02</time>
  <account><![CDATA[danzaogongxin]]></account>
</data>
