<data>
  <id><![CDATA[51059954]]></id>
  <url><![CDATA[https://mp.weixin.qq.com/s?timestamp=1539596455&src=3&ver=1&signature=Egrj350GoKY8-KUcIJshb6WXy5UeQ2mktleE*XRaVSwL*Ted725BREjfhdQhmeAc8-4Gsn5*gFSnA*AqZxyz4VwtBnjBmy7kC53*P8dvD8UASIpC6GfkWFIiCEaXN2rvy-4XWiuHXmGkasDsl6rCMu4xM4hXBq9M25tF6RBkenM=]]></url>
  <title><![CDATA[司机大佬注意啦！丹灶农行及万民百货对出路段消除停车位！]]></title>
  <content><![CDATA[佛山本地  最权威  最亲民的服务型社区媒体点击标题下方蓝字  关注街坊们最信赖的朋友驾车族注意啦为配合相关部门开展道路管理工作。近日，市政办对商业大道、丹灶大道进行道路优化：消除商业大道农业银行对出两边停车位，同时对丹灶大道和商业大道新增禁止停车标志牌。消除停车位商业大道驾车族注意啦，商业大道农业银行对出两边停车位已被消除，今后请勿在该地停车。商业大道是丹灶镇中心城区主要的城市道路之一，车流量大，车辆争道现象突出，容易存在极大的安全隐患。商业大道农业银行对出两边停车位已被消除新增停车标志牌1、商业大道在商业大道农业银行对出路段和商业大道文化广场消防通道，市政君看到增设了显眼的禁停标志牌。另外，还翻新了商业大道文化广场对出口路段的标志牌。商业大道文化广场对出商业大道农业银行对出商业大道文化广场内消防通道2、丹灶大道同时，市政君提醒各位驾车族，在丹灶大道中国石油站对出路段也新增禁停标志牌，以防止车辆占路，影响交通秩序。丹灶大道中国石油站对出各位车主要“醒醒定定”啦~快点转发通知身边的亲人朋友哦！转发自：丹灶市政编辑：小琛内容分享 ‍点右上角“…”→ 选择【发给朋友】或【分享到朋友圈】查看文章点右上角→查看官方帐号→查看历史消息推荐给好友关注我们的微信公众平台：丹灶公信商业合作联系方式：13516522311]]></content>
  <author><![CDATA[丹灶公信]]></author>
  <time>2018-09-25 20:01:32</time>
  <account><![CDATA[danzaogongxin]]></account>
</data>
