<data>
  <id><![CDATA[51059954]]></id>
  <url><![CDATA[https://mp.weixin.qq.com/s?timestamp=1539596455&src=3&ver=1&signature=Egrj350GoKY8-KUcIJshb6WXy5UeQ2mktleE*XRaVSwL*Ted725BREjfhdQhmeAc8-4Gsn5*gFSnA*AqZxyz4SUv*nVlfOQOr6cA6bJFEtHFRqknthNliz91FXQapFA8P90XSPCcVZhX6kqo-u4cUrflq-rB665LmFUOK2e-V6Y=]]></url>
  <title><![CDATA[昔日杂草丛生，如今水清岸绿！丹灶正在悄然变美~]]></title>
  <content><![CDATA[佛山本地  最权威  最亲民的服务型社区媒体点击标题下方蓝字  关注街坊们最信赖的朋友漫步在翰林水道旁，看到满眼碧绿和清澈的流水潺潺流过，清幽而优美的环境，令人感到轻松写意。谁能想到，在改造提升前，这里曾杂草丛生、水质污浊？原来，丹灶镇以党建为引领，联合环保办、宣传办、驻点团队、村（居）及经济社党组织等多方力量，对镇内环境进行整治提升，让不少村民都感叹，“咱们家门口真的越来越靓了！”在今年的“环境整治十年百万图拍摄对比行动”中，丹灶镇通过多种渠道收集镇内环境热点问题，结合文旅特色进行改造升级。早在去年12月份就完成了2018年环境整治图片收集，在镇、村居、经济社三级中确定1990个整治项目，内容覆盖道路环境升级、村容村貌改善、公园绿化建设、环境卫生清洁、河涌整治、污水处理、古村活化、美村建设等方面。目前，全镇整治项目完成率已超八成，预计将在今年10月份全部完成。整治成效：村（居）级项目完成率达90%丹灶镇向南村新增了一个中心公园，配备宽敞的篮球场、齐全健身设施，成为村民们休闲娱乐好去处。以前那块杂草丛生、蚊虫孳生的闲置空地，已经被人们渐渐遗忘。眼前这个美丽的小公园便是“环境整治十年百万图拍摄对比行动”的成果，这离不开各部门、南沙社区和村民们的共同努力。向南村的中心公园是丹灶镇今年“环境整治十年百万图拍摄对比行动”的整治项目之一，在确定实施该项目之前，向南村借助网格直联的力量，了解村民的真实需求，倾听村民心声。在今年的“环境整治十年百万图拍摄对比行动”开展以来，丹灶镇以党建为引领，通过网格直联、党员干部收集、群众反映等渠道，广泛征集社会各界反映强烈的环保热点问题，引导社会公众参与，形成社会舆论推动环境整治的长效机制。为了更好地推进项目整改落实，丹灶要求各级以图片所展示的整治点为对象，同时还要求各村（居）紧密结合美丽文明村居建设、国家卫生镇复评、全面落实河长制等中心工作，抓紧推动环境整治工作。“年初我们就制定了相关工作计划，还通过日常直联团队定期跟进工作进度，对于一些进展相对较慢的项目，我们还会到现场进行督查整改。”丹灶镇环保办主任庞小梨说。截至目前，镇级10个整治项目已完成6个，完成率达60%；村（居）级项目共240个项目，完成率达90%；经济社级共1740个项目，完成率达82%。“下一阶段，我们还会继续推进整改一些待推进的项目，争取在今年10月份全部完成。”庞小梨说。环境提升：古村换新貌，带动文旅发展如今的翰林水道是沙水村村民茶余饭后散步的好去处。这里鸟叫虫鸣、鲜花盛开，还有满眼青翠的绿植，让村民们心情愉悦，尽情放松自我。水道两旁花红柳绿的岸上美景和清澈干净的村前河涌，令人享受到充满岭南特色的满眼绿树红花、小桥流水人家那份惬意。据悉，沙水村河道还将与翰林湖内桃李花溪景观打通形成整体水系，搭配游船码头、特色拱桥等景观，将岭南水乡文化特色展现得淋漓尽致，游客到此游玩时，可搭乘游船领略沙水村翰林父子的文化内涵，也可感受优美的生态环境给人的震撼。过往，翰林水道杂草丛生、水质污浊，如今已经不复存在。看到现在的环境，每位村民都啧啧称赞，他们到这里游玩，都做到了爱护绿化，保证周围环境整洁。“我们完成一期工程后，到这里散步的市民越来越多，而且大家都很注意环境卫生，不再乱丢东西了。”丹灶镇有为创展公司工程部经理李炳光说，接下来他们还计划增设游船项目，设置环沙水村游船路线，进一步彰显水乡特色。丹灶镇着力打造“生态产业新城，和谐有为丹灶”的城市愿景，提升丹灶“一岛两湖”文旅品牌形象过程中，将环境提升与打造文旅特色同步发展。除了翰林水道的环境提升吸引了游客观光外，南沙棋盘村对主入口进行环境美化，使其变得整洁靓丽而不失古朴，规模宏伟的“龙船脊”古建筑群也吸引了大量游客前往参观，领略其深厚的历史文化底蕴；仙岗村内也修建成番塔广场，筑起一座番塔，为中秋佳节烧番塔民俗活动增添场所，丰富了仙岗村旅游资源和文化内涵。水岸改造: 打造滨河公园，展示水乡文化注重生态与文化内涵一直是丹灶打造“生态水乡”的主题，丹灶镇海口站涌绿化提升工程正是按照这一思路开展，该处即将打造成一个既能展示生态水乡文化，又具有优美环境的滨河公园。据介绍，丹灶镇委镇政府投入550万元用于丹灶镇海口站涌绿化提升工程，在这条全长846米的河涌两岸，将打造集聚观景平台、特色休憩空间健身器材、阳光草坪及水乡文化特色廊架的滨河公园，同时在主要景点处集中种植串钱柳、白兰、小叶榄仁、木棉、洋紫荆、宫粉紫荆等绿植。“我们还同时对这一水域进行水环境治理，等到建成之后，将为两岸居民提供一个优良的休闲环境。”丹灶水务管理所工程规划建设组成员冯锦华介绍，项目整治完成后，居住在丹灶镇海口站涌附近的居民，在家门口就能漫步在宽敞的人行通道上，享受齐全的公园设施，欣赏河涌两岸的绿植生态景观。据悉，丹灶镇在全面落实河长制工作的基础上，重新规划水岸景观和建设污水处理装置，使得污水处理和景观游览有机结合。除了海口站涌绿化提升工程正在紧锣密鼓地整治之外，和丰名苑公园提升工程已完成50%，丹灶镇大洲河（联沙至拾陈段）整治工程已完成87%，无极养生园的1座分散式污水处理设施和1.5公里截污管网也正在加紧施工。撰文/摄影 吴玮琛编辑：小琛内容分享 ‍点右上角“…”→ 选择【发给朋友】或【分享到朋友圈】查看文章点右上角→查看官方帐号→查看历史消息推荐给好友关注我们的微信公众平台：丹灶公信商业合作联系方式：13516522311]]></content>
  <author><![CDATA[丹灶公信]]></author>
  <time>2018-09-21 19:05:09</time>
  <account><![CDATA[danzaogongxin]]></account>
</data>
