<data>
  <id><![CDATA[51059954]]></id>
  <url><![CDATA[https://mp.weixin.qq.com/s?timestamp=1539596455&src=3&ver=1&signature=Egrj350GoKY8-KUcIJshb6WXy5UeQ2mktleE*XRaVSwL*Ted725BREjfhdQhmeAc8-4Gsn5*gFSnA*AqZxyz4dz7XnmgAebWqUdyrP14B5HHfy0jNVesUpfJxHXJUEg8vMf6iVHA3id-2dYzYOW8gReTmTFU5mF*FbAqJe3E6ac=]]></url>
  <title><![CDATA[【招聘】月薪5000还包住，好工作丹灶就有！]]></title>
  <content><![CDATA[佛山本地  最权威  最亲民的服务型社区媒体点击标题下方蓝字  关注街坊们最信赖的朋友听说你正在找工作？看到这条推送准没错！跟着公信君来找工作~总有你心水的好工作哦！招聘信息了解一波？佛山市妮米电子商务有限公司招聘职位：摄影师薪酬：3000-5000学历：高中以上岗位职责：1、负责公司服装产品拍摄，摄影，能根据产品卖点并结合自己创意进行拍摄；2、定期对拍摄器材及设备进行维护保养；3、安排拍摄排期，及时完成拍摄任务。职位能力要求及福利：1、热爱摄影工作，思维活跃，有良好的审美观点，视觉独特；2、具有良好艺术构图感觉；3、能熟练运用PHOTOSHOP、ai、cdr等图片处理软件；4、性格开朗热情，工作积极主动，责任心强，有吃苦耐劳精神；5、有商业摄影工作经验者优先，女生优先；6、双休，工资3000-5000元，可包住。简历请投到：邮箱：283571164@qq.com联系方式：刘小姐13826071862佛山市瞬通气化医学科技有限公司公司简介：用药方法是前沿基础科学，雾化给药是目前临床推广重点，佛山市瞬通气化医学科技有限公司在雾化给药的基础上，根据毒气弹原理发明了更先进的气化给药方法，是国际医学界首次提出气化医学概念的创造者，其生物利用率是口服药12倍以上，不经肝脏和肠胃吸收，可瞬间进入血液和脑积液等组织，在治疗心脑血管和癌症等重大疾病方面已取得实质性突破，低温熏蒸治疗舱和气化吸药器两项发明专利即将授权，目前正在组织诺贝尔医学奖和国家药监局创新型医疗器械申报材料，一个充满着无限遐想，一块科学处女地为怀揣梦想的年轻人提供了广阔的发展空间，本公司刚刚组建，股权激励政策可以让有真才实学的年轻人人人当老板，成为企业的主人，欢迎您到这里创业。招聘职位：工业设计3d1名工作地点：佛山南海丹灶性别：不限薪酬：5000元/月左右（根据实际能力具体面议）任职要求：1.技能包括：能熟悉进行产品三D、平面、外观设计，熟悉Rhino、SW、KS、PS、AI、PPT 等软件的操作，有前瞻性美术功底的设计人员。2.本科学历以上，重在对实际工作能力的考核，二年以上相关工作经验优先3.工作认真，能吃苦耐劳，善于与人沟通，良好的团队合作精神和高度的责任感4.具有以下素质：积极、主动、协作、务实、进取招聘职位：销售员1名工作地点：佛山南海丹灶性别：不限薪酬：5000元/月左右（根据实际能力具体面议）任职要求：1.具有医疗器械市场推广和营销经验，能够独立完成客户的拜访及产品销售2.负责开拓新市场,发展新客户，建立稳定的客户关系，维护现有客户资源。3.本科学历以上，重在对实际工作能力的考核4.工作认真，能吃苦耐劳，善于与人沟通，良好的团队合作精神和高度的责任感5.具有以下素质：积极、主动、协作、务实、进取。招聘职位：文员1名工作地点：佛山南海丹灶性别：女薪酬：5000元/月左右（根据实际能力具体面议）任职要求：1.形象好，气质佳，年龄在20-40岁，女性；2.熟悉公文写作格式，熟练运用OFFICE等办公软件；熟悉办公室行政管理知识及工作流程，具备基本商务信函写作能力及较强的书面和口头表达能力；能够独立完成科技项目文件组织、撰写、审报工作的企业管理运营。3.本科学历以上，重在对实际工作能力的考核4.工作认真，能吃苦耐劳，善于与人沟通，良好的团队合作精神和高度的责任感5.具有以下素质：积极、主动、协作、务实、进取。福利待遇：三个月试用期，单休，转正买社保，假期按国家规定。简历请发邮箱：ydyd1010@163.com，联系人：宫生 13816690165 （微信号）公司地址：佛山市南海区丹灶镇建沙路东一街区28号力合星空孵化器四楼佛山霖诺环保科技有限公司公司介绍：本司立足于佛山南海区，主营大气和废水污染治理，深耕于环保领域，南海设有研发中心，三水有设备加工厂，因业务发展需要，研发中心诚招1名环保实习生。岗位职责：1、研发实习生，负责环保材料研发，完成课题任务；2、协助完成实验室其他一些相关工作。任职要求：1、富有耐心，激情，有较好的团队合作精神，有创新意识；2、熟悉基本的化学实验操作，接受过基本的实验技能培训；3、熟练使用Office办公软件者优先。工作地点：南海区丹灶镇建沙路东一街28号（距离广东环境保护工程职业学院3.6 Km）工作福利：1、开具实习证明；【优秀实习生转为正式员工】2、接受培训，学习环保领域专业知识并提高自己的专业素养；3、待遇和具体事项面谈。联系人：杨博士18588875077简历请发至邮箱：yangxixian@yeah.net]]></content>
  <author><![CDATA[丹灶公信]]></author>
  <time>2018-09-27 13:01:46</time>
  <account><![CDATA[danzaogongxin]]></account>
</data>
