<data>
  <id><![CDATA[51059954]]></id>
  <url><![CDATA[https://mp.weixin.qq.com/s?timestamp=1539596455&src=3&ver=1&signature=Egrj350GoKY8-KUcIJshb6WXy5UeQ2mktleE*XRaVSwL*Ted725BREjfhdQhmeAc8-4Gsn5*gFSnA*AqZxyz4QtoJUe8qJdD96ND4RJiBMYUHhXU0SyTOzEekGLeLazqdx0iQwr8KbgP5xNELdc6cYfj7P9qi65NjpsDoYcZCzc=]]></url>
  <title><![CDATA[这个中秋有民俗烧番塔，照亮整个夜空~]]></title>
  <content><![CDATA[佛山本地  最权威  最亲民的服务型社区媒体点击标题下方蓝字  关注街坊们最信赖的朋友又到一年中秋佳节！自然少不了咱们的岭南特色传统活动——烧番塔“烧番塔”又名烧花塔、烧瓦塔、烧瓦子灯，松塘村“烧番塔”是佛山市第六批非物质文化遗产项目。村民认为，“烧番塔”可以祈福求财，不仅代表着村民祈求风调雨顺、步步高升、生活兴旺的心愿，更意味着从民俗风情内化为村族文化，成为积极向上的精神引领。咱们丹灶镇不少村（居）会在中秋节当天、前后进行烧番塔活动请戳烧番塔视频 ↓工作人员将柴草放在番塔内点燃后，火势顺延着塔顶向天空升腾，火星子开始漫天飞扬，燃烧过程中，工作人员还不时的挑拨塔内的柴火，挑拨得越起劲火势越旺盛，每挑拨一次，星焰即腾飞一次，火舌在塔的周围伸展着，火焰越旺盛，村民们的欢呼声越高涨~番塔的火烧得旺，预示着生活富足吉祥。火升得越高就代表“步步高升、红红火火”~现场还有烟花与番塔火花结合一起，显得更加动人而浪漫（欣赏完美图请夸公信君!）公信君在此祝愿所有人中秋节快乐、身体安康、幸福美满~摄影/编辑：小琛内容分享 ‍点右上角“…”→ 选择【发给朋友】或【分享到朋友圈】查看文章点右上角→查看官方帐号→查看历史消息推荐给好友关注我们的微信公众平台：丹灶公信商业合作联系方式：13516522311]]></content>
  <author><![CDATA[丹灶公信]]></author>
  <time>2018-09-24 22:24:00</time>
  <account><![CDATA[danzaogongxin]]></account>
</data>
