<data>
  <id><![CDATA[50398958]]></id>
  <url><![CDATA[https://mp.weixin.qq.com/s?timestamp=1539596332&src=3&ver=1&signature=Egrj350GoKY8-KUcIJshbxROOD2aRHk7Ey*pEAu1IY6XXin11pLb0gf*-QO6V6gEFMUc9Vevn583k-Y4P4U*9c76yNNjVST*VooVSTV0v4cXfrKfh-a*Tp0Y1eVRLjsoMXF1hI7EVcn81nwjpB9FDK3t7zBj*YP0TAQLJVQjVUY=]]></url>
  <title><![CDATA[皖约|非遗、美食、古迹…安徽研学旅游了解一下]]></title>
  <content><![CDATA[寻访非遗奥妙领略匠心传承探寻改革源流品读街巷古镇修悟养性精髓纵情诗意仙境尽揽楚风汉韵相约皖水徽山安徽——人杰地灵、物华天宝、钟灵毓秀，文化古迹甚多，是凝缩了千百年文化的一方土地。南北区域各有特色，秀外慧中的皖南，静雅细腻的皖中，豪迈奔放的皖北，引人无限遐想。皖约·文化徽州徽州既是一个地理概念，也是一个文化概念，整个皖南地区皆为“泛徽文化圈”。这是一片诗礼之地，历代文人留下大量名篇佳作；这里也是文房四宝的故乡，徽墨、歙砚、宣纸、宣笔对中国优秀传统文化的传承具有重大意义。徽州的人、物和故事历久弥新；而那些深藏于民间的历史文化记忆，依旧栩栩如生。让我们走进这片诗意盎然的土地，感受中国传统文化的温暖底色。地点：宣城 黄山研学活动内容1.体验传统宣纸制作，感悟非遗文房文明；2.走访诗画桃花源畔，诗意山水仙境人生；3.探秘非遗地质公园，听地质学教授解析；4.夜宿徽州古村客栈，大快朵颐徽州美食；5.参访风水古村呈坎，体验制墨撕纸人丁饼；6.品独特呈坎八卦宴，悟风水易经之奥妙。皖约·魅力皖中皖中地跨长江流域和淮河流域，是安徽经济、文化和旅游的重要组成部分。通过感知合肥“创新高地”的科技魅力、小岗村改革开放的精神魅力、滁州诗情的文化魅力，观看“非遗”凤阳花鼓，品尝皖中特色美食，体验研学安徽的皖中特色！地点：合肥 滁州研学活动内容1.访中国农改第一村，大包干带头人座谈；2.观看非遗凤阳花鼓，领略非遗匠心传承；3.品特色太守洪武宴，领略一方文化饮食；4.制作手工三河米饺，走街串巷品读历史；5.聆听科学专家座谈，解析中国前沿科技；6.品尝徽州菜系风味，痴绝寻梦皖风徽韵。皖约·道源问道楚汉文化、淮河文化、老庄文化等不同文化在这片大地碰撞、交流，形成了皖北之豪迈。通过对历史文化回顾，古城遗迹寻访，建筑艺术探秘、养生五禽戏体验等，真真切切地感受皖北的人文独特之处。地点：淮南 亳州研学活动内容1.览八里河之风光，探农村改革之源泉；2.探花戏楼之瑰宝，听专家细说艺术构造；3.学养生五禽戏，悟修生养性之精髓；4.进中华老酒厂，同酿酒师品酒香文化；5.走在寿县古城中，阅“楚风汉韵”之博大；6.品全豆腐盛宴，寻明清古老城墙遗迹。为深入贯彻党的十九大精神，践行习近平新时代中国特色社会主义思想，安徽省旅游发展委员会主办，中国青年报社承办的“皖·约”安徽精品研学线路体验活动将在2018年10月17日～21日举行，现面向全国招募12名优秀大学生记者参加本次体验活动。美丽中国的浓缩版在安徽，文化中国的精粹版在安徽，生态中国的体验版在安徽。安徽拥有丰富的研学游资源，皖约采风活动将邀请全国优秀中小学校长、优秀大学生代表、中央级媒体代表一同前往，实地感受祖国大好河山、中华优秀传统、革命光荣历史和改革开放伟大成就。组织机构主办单位：安徽省旅游发展委员会承办单位：中国青年报社活动网站：中青在线活动时间2018年10月17日～21日，共计5天。采风团队分三组，分别体验三条研学线路。报名条件1、在校大学生（本科、研究生、博士生）均可；2、诚实正直、积极向上、有团队精神；3、认同活动精神、活动要求，能够高质量完成活动布置的各项任务；4、组织纪律性强，服从主办方统一安排，遵守活动相关章程和制度；5、具备优秀的摄影摄像能力、文字写作能力、新媒体传播能力、视频制作能力者优先；6、校园媒体负责人，意见领袖优先。招募人数12名活动要求1、活动期间，需每天在新浪微博指定话题下对一天寻访旅途中的所见、所闻、所思、所感进行分享传播；2、通过各自微信、微博账号等社交媒体对活动进行传播。同时在专业老师指导下拍摄相关影像、撰写活动稿件；3、摄影、摄像须自备器材；4、活动结束后，参加活动的学生需提交相应活动成果。报名流程1、点击文章下方阅读原文下载报名表，按要求填写相关信息，将报名表发到指定邮箱，报名截止日期为10月14日12：00；2、邀请5位好友转发此招募公告至个人微信朋友圈，并支持留言（如：我支持xxx参加此次活动），将转发截图保存为JPG文件，在报名处相应位置提交；3、本次活动面向全国招募12名大学生，活动方根据报名材料，在所有报名参加活动的人员中遴选最终入选人，将于10月14日晚在“中青报旅游周刊”等微信公众平台公布获选名单，并将以电话形式通知入选人（在此期间，请保持手机畅通）。机会难得快叫上小伙伴一起来感受大美安徽吧～点击下方阅读原文报名！！！点击下方阅读原文报名！！！点击下方阅读原文报名！！！转载自“中青报旅游周刊”]]></content>
  <author><![CDATA[共青团新闻联播]]></author>
  <time>2018-10-14 21:29:13</time>
  <account><![CDATA[gqviewpoint]]></account>
</data>
