<data>
  <id><![CDATA[50398958]]></id>
  <url><![CDATA[https://mp.weixin.qq.com/s?timestamp=1539596332&src=3&ver=1&signature=Egrj350GoKY8-KUcIJshbxROOD2aRHk7Ey*pEAu1IY6XXin11pLb0gf*-QO6V6gEFMUc9Vevn583k-Y4P4U*9RUlDRlIyV9T6fcT-2yyy3rJEIDakelrfreKcv7ZwecDYHZCl8zIAwyxtDINrcjvQ1BaIoz*RXYKW8PoYVbsBRo=]]></url>
  <title><![CDATA[“创青春”，明天见！]]></title>
  <content><![CDATA[十月的苏州不仅有初秋的美丽风光更有全国创业青年期盼的目光因为“苏高新杯”2018第五届“创青春”中国青年创新创业大赛全国赛明天就要闪亮登场啦大家准备的怎么样了？今天，团团带你提前探班走上街头、走进场馆、走近创客、走向青年感受满满的“青创”氛围一起来看看吧！筹备 · 创青春50多个日日夜夜团团为创青春努力、为创青春付出创业，让青春更美好青创赛，展现的是青年创业者的才华与能力，凝聚的是团团的活力与责任。遇见 · 创青春本次大赛的主场馆设在苏州市高新区文体中心魅力苏州，创业天堂因为“创青春”，我们在这里相遇近年来，苏州团市委助力打造创新创业“天堂福地”，为青年建功新时代搭建闪亮舞台。你好 · 创青春今天一早来自全国各地的青年创客在苏州集结他们各个满怀信心满脸的青春创造力2018“创青春”全国赛，我们来了！服务 · 创青春青创盛会，青年服务在车站、在酒店、在场馆处处都是青年志愿者周到的服务热情的笑脸他们和创业青年同进步、共成长我们是“创青春”志愿者，青春伙伴，为你加油！备战 · 创青春310个参赛项目展位搭建完毕创新创造，蓄势待发大赛采用创交会形式，为创客提供信息交流、资源对接、开放共赢的平台。直播 · 创青春新媒体直播间是创客和广大青年交流的平台在这里沟通零距离、碰撞新火花大赛期间，随时扫码看直播▼直播视频试试看▼“创青春”，我们准备好了！祝福 · 创青春全苏州各行各业的青年都在为本次盛会欢呼送上最诚挚的祝福祝2018“创青春”全国赛圆满成功！参与 · 创青春不要以为你只是看客只要你有创意、有才华、有勇气你也可以秀出属于你的“创青春”抖音挑战赛▼“点赞创青春”活动▼大赛专属纪念品等着你，还不来秀出你的“创青春”。可爱 · 创青春苏小青、苏小创是本次大赛的吉祥物他们的出现让“创青春”增添了更多乐趣苏小青：希望青年创业者都像我一样，独占鳌头！苏小创：青年创业者要想成功，就得像我一样，经历“九九八十一难”的历练。明天见 · 创青春还有10多个小时大赛就要正式开幕了提前看看开幕会现场吧“创青春”抢先看▼所有的努力，只为不负期待！创青春，我们明天见！转自“青春苏州”]]></content>
  <author><![CDATA[共青团新闻联播]]></author>
  <time>2018-10-10 19:26:42</time>
  <account><![CDATA[gqviewpoint]]></account>
</data>
