<data>
  <id><![CDATA[50398958]]></id>
  <url><![CDATA[https://mp.weixin.qq.com/s?timestamp=1539596332&src=3&ver=1&signature=Egrj350GoKY8-KUcIJshbxROOD2aRHk7Ey*pEAu1IY6XXin11pLb0gf*-QO6V6gEFMUc9Vevn583k-Y4P4U*9X9Dk*1LipxQk8Xa9mTb21IC8o3pKG0p7obaz-8WitnM10h-YlZogibNpmsxsgJ10gYJO*utrvk52j9S1I4dN7Q=]]></url>
  <title><![CDATA[重磅！团中央第一书记为共青团改革最新定调：只能加快不能停滞！]]></title>
  <content><![CDATA[主播君的话近日，共青团中央书记处第一书记贺军科在江苏调研。他深入了解了江苏省共青团组织服务青年，联系青年的各项工作。那么在这次调研中，他都说了些什么呢？10月8日至11日，共青团中央书记处第一书记贺军科在江苏调研。他指出，中国特色社会主义进入了新时代，党的事业在阔步前进，青年群体正发生深刻变化，共青团工作必须只争朝夕、主动跟上，既要有决心，更要讲方法、重创新、抓落实。在充满青春气息的组织与阵地中，贺军科详细了解了共青团面向青年开展联系服务与思想引领工作的情况，与来自各领域的团员青年和来自各层级的团干部座谈交流。他说，共青团凝聚青年首先就要把握当代青年关注的热点和焦点，各级团干部只要心中有青年，亲力亲为去帮助青年解决实际困难，就一定能够把最广泛的青年团结起来跟着党奋斗。贺军科十分关注学校共青团工作，到南京航空航天大学实地了解大学生思想引领工作开展情况，并与高校团干部座谈。他指出，高校团组织开展思想引领工作要尊重学术逻辑，增强理论穿透力和工作专业性；尊重实践逻辑，探索实践育人的新方式，引导青年在参与实践、认知社会中加深对党的科学理论的实践认同。高校学生会要回归服务学生的本源初心，学生干部要永葆理想主义情怀，让责任、奉献和自律常驻心间。贺军科实地调研了苏州姑苏区网约车驾驶员学习社，全面了解了南京秦淮区团组织开展青年网络作家联系服务工作情况。他指出，做好新兴青年群体工作，首先要深入到他们的工作生活中去发现工作载体，逐渐培育能够把他们有效联系起来的组织载体，逐步达到精准服务和团结凝聚的效果。在与团干部座谈交流中，他指出，党的领导是做好共青团工作的根本保证，必须把基层共青团工作融入到基层党建总体格局之中，特别是要在领导关系、组织机制、推优入党、活动开展、共建互促等方面做到具体化、规范化。以下为消息原文：贺军科在江苏调研时指出共青团改革创新的步伐只能加快不能停滞中青在线讯（中国青年报·中青在线记者李润文）10月8日至11日，共青团中央书记处第一书记贺军科在江苏调研。他指出，中国特色社会主义进入了新时代，党的事业在阔步前进，青年群体正发生深刻变化，共青团工作必须只争朝夕、主动跟上，既要有决心，更要讲方法、重创新、抓落实。苏青合伙人、江宁青年茂、昆山企业团建、尹山湖青春客厅，都是近年来江苏共青团积极推进组织和工作创新的缩影。在充满青春气息的组织与阵地中，贺军科详细了解了共青团面向青年开展联系服务与思想引领工作的情况，与来自各领域的团员青年和来自各层级的团干部座谈交流。他说，共青团凝聚青年首先就要把握当代青年关注的热点和焦点，各级团干部只要心中有青年，亲力亲为去帮助青年解决实际困难，就一定能够把最广泛的青年团结起来跟着党奋斗。贺军科十分关注学校共青团工作，到南京航空航天大学实地了解大学生思想引领工作开展情况，并与高校团干部座谈。他指出，高校团组织开展思想引领工作要尊重学术逻辑，增强理论穿透力和工作专业性；尊重实践逻辑，探索实践育人的新方式，引导青年在参与实践、认知社会中加深对党的科学理论的实践认同。高校学生会要回归服务学生的本源初心，学生干部要永葆理想主义情怀，让责任、奉献和自律常驻心间。如何做好新兴青年群体工作，是共青团必须回答的时代课题。贺军科实地调研了苏州姑苏区网约车驾驶员学习社，全面了解了南京秦淮区团组织开展青年网络作家联系服务工作情况。他指出，做好新兴青年群体工作，首先要深入到他们的工作生活中去发现工作载体，逐渐培育能够把他们有效联系起来的组织载体，逐步达到精准服务和团结凝聚的效果。在与团干部座谈交流中，贺军科强调，党的领导是做好共青团工作的根本保证，必须把基层共青团工作融入到基层党建总体格局之中，特别是要在领导关系、组织机制、推优入党、活动开展、共建互促等方面做到具体化、规范化。调研期间，江苏省委书记娄勤俭、省长吴政隆会见了贺军科，并就共青团工作深入交换了意见。—  End —来源  |  中国青年报记者｜李润文编辑｜杨宝光校审｜陈凤莉长按二维码关注我们目前30000+人已关注加入我们]]></content>
  <author><![CDATA[共青团新闻联播]]></author>
  <time>2018-10-12 15:36:09</time>
  <account><![CDATA[gqviewpoint]]></account>
</data>
