<data>
  <id><![CDATA[50398958]]></id>
  <url><![CDATA[https://mp.weixin.qq.com/s?timestamp=1539596332&src=3&ver=1&signature=Egrj350GoKY8-KUcIJshbxROOD2aRHk7Ey*pEAu1IY6XXin11pLb0gf*-QO6V6gEFMUc9Vevn583k-Y4P4U*9f3oA7HZhvGy5Q0CiymSTEd92NRjBBkZg1KJ2q448rhkssabtWkuqBwkSvtLl36t11n4PeNJ-1zzKCXzgpb0g-U=]]></url>
  <title><![CDATA[寻找大湾区青年使者，可以是你！]]></title>
  <content><![CDATA[主播君的话随着大湾区融合发展的节奏加快，湾区青年的舞台也越来越大！如果你是在大湾区工作、生活、学习满一年的18至45岁青年，如果你爱国守法、敬业奉献、开拓创新、乐于助人、致力于融入大湾区建设发展，萌主欢迎你参加寻访“大湾区青年使者”活动！一名参加了香港青年服务团的香港青年自豪地说：“随着粤港澳大湾区建设的深入推进，越来越多港澳青年选择到内地发展。通过到梅州参加支教，我逐渐学会奉献与付出，希望有平台发动更多湾区青年参与服务。”曾参加“爱我中华”两岸四地青年大汇聚火车团的澳门大学生亦表示：“希望有机会能展示自己，被更多人认识，更能呼吁更多青年人加入参与，也希望能了解到更多行业的有作为的青年事迹，共同成长进步。”倾听大湾区青年呼声，为湾区建设搭建青年人才交流平台，动员粤港澳广大青年投身湾区建设，树立新时代大湾区青年榜样，由粤港澳大湾区青年行动联盟和《中华儿女》杂志社共同主办，广东省青年联合会、香港青年联会、澳门青年联合会联合承办寻访“大湾区青年使者”活动，日前正式启动。粤港澳三地联合打造聚焦湾区青年榜样随着大湾区融合发展的节奏加快，湾区青年的舞台越来越大，为更好选树湾区青年榜样，粤港澳三地首次共同组织发起寻访“大湾区青年使者”活动。活动依托粤港澳大湾区青年行动联盟，由联盟内53家粤港澳地区极具影响力和号召力的青年团体牵头，并在广东、香港、澳门都设有工作机构，发动湾区各界积极参与、广泛开展寻访工作。活动得到了联盟各成员团体的全力协助。腾讯青年发展委员会主席沈丹女士表示，作为联盟成员之一，腾讯青年发展委员会以行动联盟为平台，努力整合腾讯的资源和能力，为粤港澳大湾区及多地青少年提供了包括教育、互动、科技+文化体验、论坛等在内的多种实践活动，此次青年使者寻访活动很有意义，给大湾区青年展示自己的平台。搭建青年人才交流平台集聚各界菁英“非常期待这个活动，我们都跃跃欲试。”一名澳门创业青年代表十分兴奋地表示，“但不知道符不符合条件，想进一步了解活动报名条件和参与方式。”此次活动以湾区融合发展为契机，以“湾区力量·青年榜样”为主题，面向在大湾区工作、生活、学习满一年的18至45岁青年，覆盖各行各业、各个领域，通过广泛寻访，着力发现爱国守法、敬业奉献、开拓创新、乐于助人、致力于融入大湾区建设发展的青年典型代表，从而培养、集聚大湾区建设所需的各类青年专业人才。活动采取推荐及自荐相结合的形式报名，既可由联盟成员寻访推荐，各青年团体、行业协会推荐，又鼓励符合参与条件的各界优秀青年自荐；同时允许外籍人员报名。据悉，活动参与者可于2018年11月2日前登录“青年同心圆”粤港澳青少年交流网站“寻访大湾区青年使者”活动专题页面，按照指引即可线上完成报名，进一步简化报名流程、实现快速报名。届时组织评审委员会评审，并邀请公证机构监督。推动湾区青年交往交融勇担时代使命对青年人来说，粤港澳大湾区是一个巨大的舞台，拥有无限魅力。粤港澳大湾区青年行动联盟将一如既往，推动粤港澳青年的个人理想和事业与大湾区发展、国家发展相融合。而通过此次寻访活动产生的“大湾区青年使者”，将作为大湾区青年的榜样，肩负起新时代赋予的神圣使命，助力推动大湾区发展与青年交流。“大湾区青年使者”通过互访大湾区内各城市，开展宣讲活动，宣讲湾区政策，传递湾区精神，团结湾区青年；通过青年创业就业的交流与合作，鼓励广大青年扎根湾区谋发展，共同打造国际一流大湾区和世界级城市群。值得一提的是，“青年使者”还可以出席大湾区青年高峰论坛，拓宽全球化视野，参与海内外各项青年发展主题交流活动。点击下方阅读原文获得更多详情~转自：广东高校传媒联盟]]></content>
  <author><![CDATA[共青团新闻联播]]></author>
  <time>2018-10-09 15:09:10</time>
  <account><![CDATA[gqviewpoint]]></account>
</data>
