<data>
  <id><![CDATA[50398958]]></id>
  <url><![CDATA[https://mp.weixin.qq.com/s?timestamp=1539596332&src=3&ver=1&signature=Egrj350GoKY8-KUcIJshbxROOD2aRHk7Ey*pEAu1IY6XXin11pLb0gf*-QO6V6gEFMUc9Vevn583k-Y4P4U*9SvWhlS2qRCFTUAIQcDIn1ksJnU9ByIYpC2SU95h0dpGTdv1acb7jEbeN-XwaOnwWqjltoD7fzMji5ymn5i7rUI=]]></url>
  <title><![CDATA[率创业英雄勇闯“创青春”，他们有话说！]]></title>
  <content><![CDATA[主播君的话苏高新杯”第五届“创青春”中国青年创新创业大赛全国赛还在进行，作为带队人，各个参赛队伍的领队们有什么话想说呢？北京领队 左爽创新创业是社会进步的永恒动力，而青年正是创新创业的生力军。习近平总书记曾多次寄语青年要勇立潮头，崇尚创新，敢为人先，肩负起时代赋予的重任。党旗所指，团旗所向，“创青春”作为青年创业创业工作的重要组织平台，为青年实现人生出彩搭建了广阔的舞台。北京共青团也必将响应号召，把握形势，深入推进青年创业行动，继续以首善标准和一流业绩，努力在全团各项工作中争当排头兵。同时也希望所有青年创客朋友们，以“创青春”为起点，充分施展才华，勇敢放飞梦想，在创新创业实践中走在时代前列。天津领队 梁静举办了五届的“创青春”中国青年创新创业大赛已经成为了共青团凝聚青年、服务大局的青年竞赛品牌，为广大青年提供了难得的完善自我、成就梦想、挥洒青春的舞台，不断激发着创业青年建功新时代、展现新作为的热情，掀起了创新创业的新热潮；不断引领着创业青年当先锋、展风姿，营造了砥砺奋进、青春建功的好氛围。在“创青春”的舞台上，广大青年实现了自身价值，收获了属于自己的光荣与梦想。在这里祝大赛越办越好！ 也祝所有的选手取得好成绩！内蒙古领队 斯日格楞创青春，创未来。在祖国亮丽北疆，草原儿女用青春和激情书写着自己的创业梦想，五年来，内蒙古共青团以“育人”为核心，打造“草原青创”工作品牌，构建“六位一体”服务体系，竭力服务青年创新创业，为青春梦想开路架桥保驾护航。第五届大赛，11位来自内蒙古优秀参赛选手激情满怀，带着对未来的期许，将在全国赛舞台长见识，展风采。河北省领队 陈晓利非常荣幸作为此次“创青春”大赛河北省领队在这丹桂飘香的时节来到风景如画的苏州，刚下火车，便感受到浓厚的“青创”氛围，车站、街头随处可见“青创蓝”。本届大赛共青团河北省委从河北省青年创客联盟中筛选出8个优秀项目团队来参加全国赛的商工组、现代农业和农村电子商务组的比赛，青年创客们满怀热情、积极备赛。大赛期间还安排了“创咖来了”投融资直通车、“相约携手”产学研合作、中国青年创新创业高峰论坛等专题活动，使我们的青年创客们在参赛的同时也获得了一次多方面的创新创业学习交流机会，同时也为我们河北省建立一个充满活力的创客联盟服务平台提供了很多启发！山西领队： 吴鹏励志五载创青春，千万创客影相随。创新创业强国梦，奋斗青春是最美。全国铁道领队 高礼成“创青春”中国青年创新创业大赛为广大创业青年搭建了项目孵化、投融资对接的平台，有效解决了青年创业者起步难、平台少等问题，极大激发了青年创业热情。在大赛的号角声中，铁路结合自身特点，以帮助和鼓励铁路定点扶贫点青年立足当地资源创新创业为出发点，组织贫困地区青年创业者积极参赛，助力当地脱贫致富，使大赛内涵和外延不断丰富。河南省领队 徐慧强青春建功新时代，创业展现新作为。这是青年用梦想和奋斗向未来发出的声音。习近平总书记寄语青年：“让创新成为青春远航的动力，让创业成为青年搏击的能量。”青年最富朝气、最有激情、最具创造性，是大众创业万众创新的生力军，是新时代最奋发的力量。作为河南领队这次带着11组青年创客来到美丽的苏州园林城，参加第五届“创青春”中国青年创新创业大赛，让每一位青年创客借助“海阔天空任我跃”的大舞台，交流创业心得，激发创新灵感，走出河南积极展示青年创客争做出彩河南人的精神风貌，是河南共青团积极开展创出彩河南青年创新创业创优行动，服务青年成长成才的具体体现，让青年通过大赛感受到好团团在身边，好服务在身边，让共青团走到创新创业青年身边是我们最大的收获。广西领队 何明纯感受不一样的氛围，设想不一样的未来，“创青春”青年创新创业大赛为广大青年创客提供了难得的完善自我、成就梦想、青春建功的舞台。希望队员们在今后的创业道路上，与更多优秀的青年创客为伍，心怀感恩、奋力拼搏，为谱写新时代广西发展新篇章奉献青春力量。—  End —来源  |  中国青年报整理｜杜沂蒙 温维娜编辑｜陈凤莉长按二维码关注我们目前30000+人已关注加入我们]]></content>
  <author><![CDATA[共青团新闻联播]]></author>
  <time>2018-10-14 08:53:23</time>
  <account><![CDATA[gqviewpoint]]></account>
</data>
