<data>
  <id><![CDATA[50398958]]></id>
  <url><![CDATA[https://mp.weixin.qq.com/s?timestamp=1539596332&src=3&ver=1&signature=Egrj350GoKY8-KUcIJshbxROOD2aRHk7Ey*pEAu1IY6XXin11pLb0gf*-QO6V6gEFMUc9Vevn583k-Y4P4U*9Vyf1hRKhyq6bg9rP-WPDaKg9iwz9JTQkgeoaxNWRM9Hyvvl0seIWpKaqYzOLDPJ3j3bS9n2KDEPyPDBLNO7KUk=]]></url>
  <title><![CDATA[三年助“三个十万”！团中央发全团投身脱贫攻坚新信号]]></title>
  <content><![CDATA[主播君的话近日，共青团中央正式印发《共青团投身打赢脱贫攻坚战三年行动的意见》(以下简称《意见》)，在《意见》当中，有哪些新要求？团团应该怎么做？落实《意见》要求，全团将重点实施学业资助、就业援助、创业扶助和志智双扶项目：力争到2020年，努力为10万名建档立卡贫困家庭学生完成学业提供资助帮助10万名建档立卡贫困家庭大中专毕业生就业扶助10万名有志青年扎根深度贫困地区创业通过行之有效的宣传教育、价值引领、培训交流，帮助贫困地区青年提升自身素质、增强发展能力为脱贫攻坚、乡村振兴塑造先进的青年文化和青年人才以下是消息全文：团结带领各级团组织和广大团员青年积极投身打赢脱贫攻坚战三年行动团中央印发《共青团投身打赢脱贫攻坚战三年行动的意见》本报讯（中国青年报·中青在线记者 陈凤莉 李超）近日，共青团中央正式印发《共青团投身打赢脱贫攻坚战三年行动的意见》(以下简称《意见》)，要求各级团组织以习近平新时代中国特色社会主义思想为指导，全面贯彻党的十九大和十九届二中、三中全会精神，坚持精准扶贫精准脱贫基本方略，聚焦深度贫困地区和特殊贫困群体，发挥共青团的组织优势和智力优势，主动融入大扶贫工作格局，着力围绕学业就业创业扶贫、志智双扶公益服务、青年扶贫志愿服务、青年文化扶贫行动等内容开展工作。切实加强贫困地区基层团建，构建有共青团特色的扶贫工作体系，组织动员各级共青团组织和广大团员青年为打赢脱贫攻坚战、全面建成小康社会作出积极贡献。一直以来，全团落实党中央、国务院关于脱贫攻坚的总体部署，着力服务贫困地区青年创业就业，深入推进青年志愿扶贫，积极动员社会力量参与扶贫开发，取得了初步成效，也得到各级扶贫部门和贫困群众的肯定。团的十八大以来，团中央书记处深入贯彻习近平总书记关于扶贫的重要论述精神，围绕打赢脱贫攻坚战三年行动总体部署，进一步明确共青团投身脱贫攻坚的主攻方向、工作重点和任务目标，要求全团提高政治站位，抖擞精神、压实责任，担当尽责充分发挥作用，尽最大努力有所作为。《意见》的出台，也为下一阶段全国各级团组织引领广大团员青年投身打赢脱贫攻坚战三年行动作出了顶层设计，吹响了冲锋号角。落实《意见》要求，全团将重点实施学业资助、就业援助、创业扶助和志智双扶项目，力争到2020年，努力为10万名建档立卡贫困家庭学生完成学业提供资助，帮助10万名建档立卡贫困家庭大中专毕业生就业，扶助10万名有志青年扎根深度贫困地区创业。同时，通过行之有效的宣传教育、价值引领、培训交流，帮助贫困地区青年提升自身素质、增强发展能力，为脱贫攻坚、乡村振兴塑造先进的青年文化和青年人才。10月13日，共青团投身脱贫攻坚重点项目推进会在苏州召开，团中央青年发展部、中国青少年发展基金会、中国光华科技基金会、中国青年创业就业基金会有关负责同志出席会议并专项部署相关工作。各省（自治区、直辖市）团委及相关部门负责同志和各省级团工委、团指委有关负责同志参加会议。与会代表围绕贯彻落实《意见》精神和团中央书记处工作要求，进一步统一思想、明确任务、凝聚共识。会议还对东西部团组织结对帮扶工作进行了安排部署。—  End —来源  |  中国青年报记者｜陈凤莉 李超编辑｜李雅偲 陈凤莉校审｜陈凤莉长按二维码关注我们目前30000+人已关注加入我们]]></content>
  <author><![CDATA[共青团新闻联播]]></author>
  <time>2018-10-15 08:28:02</time>
  <account><![CDATA[gqviewpoint]]></account>
</data>
