<data>
  <id><![CDATA[50398958]]></id>
  <url><![CDATA[https://mp.weixin.qq.com/s?timestamp=1539596332&src=3&ver=1&signature=Egrj350GoKY8-KUcIJshbxROOD2aRHk7Ey*pEAu1IY6XXin11pLb0gf*-QO6V6gEFMUc9Vevn583k-Y4P4U*9QNTs7UO*LoqgcLey5lgPdMvkJHIM8mtR2fKFvZX0sJo80kpQRGP2kZc3mx*B2ePEtdjFKHJOYRvqjdXUOzPHMQ=]]></url>
  <title><![CDATA[“创青春”微印象：走了，来了！比赛匆匆，收获满满！]]></title>
  <content><![CDATA[主播君的话苏高新杯”第五届“创青春”中国青年创新创业大赛全国赛初赛已经落下帷幕，进入半决赛的青年创客将备战接下来的“战斗”。但除了比赛，这还是一个交流与碰撞的平台。比赛告一段落，碰撞仍在继续。10月12日，“创青春”大赛初赛已经结束了，参赛青年创客已陆续撤离会场。山东青岛的吕舒阳，在收拾展台的时候，另一位参赛选手主动过来交流，并对她的木艺文化项目产生了兴趣，吕舒阳便停下来给对方介绍起来。（中国青年报·中青在线记者 陈凤莉/摄）10月12日，一位参赛选手打包好了展品准备离场，可是最后又忍不住和小伙伴一起去各个展台转悠了一下，希望能找到可以学习借鉴的好项目。（中国青年报·中青在线记者 陈凤莉/摄）10月12日，有的观众在参赛选手撤离后步入比赛展示的现场，一个展台一个展台地看，希望发现好项目。此前，他们因为没有观摩证而无法进入，与参赛选手面对面。（中国青年报·中青在线记者 陈凤莉/摄）10月12日下午，“创青春”大赛期间的配套活动“有朋自远方来”中美青年创新创业论坛举行，来自中美两国的创业青年分享自己的创业经验。（中国(江苏)高校传媒联盟 马慧/摄）中美青年创新创业论坛上，一位美国女青年向台上的创客们提问。（中国(江苏)高校传媒联盟 马慧/摄）10月12日，参赛选手们陆续撤离展台，一位志愿者趴在桌子上小憩。这几天志愿者们白天几乎全天都在赛场内服务，都没有时间休息。（中国青年报·中青在线记者 陈凤莉/摄）—  End —来源  |  中国青年报编辑｜陈凤莉长按二维码关注我们目前30000+人已关注加入我们]]></content>
  <author><![CDATA[共青团新闻联播]]></author>
  <time>2018-10-12 19:45:21</time>
  <account><![CDATA[gqviewpoint]]></account>
</data>
