<data>
  <id><![CDATA[50398958]]></id>
  <url><![CDATA[https://mp.weixin.qq.com/s?timestamp=1539596332&src=3&ver=1&signature=Egrj350GoKY8-KUcIJshbxROOD2aRHk7Ey*pEAu1IY6XXin11pLb0gf*-QO6V6gEFMUc9Vevn583k-Y4P4U*9Qsi7u*2FgjDrEwNy3-sWYtr7XshL2yIvo7FfQTy1IaZD9y0mqRGC1TAMRyssqDnoFOiS7SZqbcmeXSZtn*D-18=]]></url>
  <title><![CDATA[“创青春”大赛开锣，看谁来也！]]></title>
  <content><![CDATA[主播君的话今天，苏高新杯”第五届“创青春”中国青年创新创业大赛全国赛开幕啦。数百名青年创客齐聚苏州，展示推介自己的创业项目。跟着我们的镜头去赛场上一睹他们的芳容。10月11日，在“创青春”大赛现场，来自西安的青年创客张汉宁上演着“全家总动员”，因为儿子尚在哺乳期，他和一起创业的妻子只能带在身边。他的创业项目叫做木牛盒子-智能财税SaaS云平台，是为企业开发财税系统的。(中国青年报·中青在线记者 李润文/摄)10月11日，来自湖北随州的黄文博的展台前吸引了不少人的注意。黄文博的项目叫做构树生态猪，为了能够让自己的展台别出心裁，他开车数小时从家乡把这头“猪”拉到了赛场。（中国青年报·中青在线记者 陈凤莉/摄）10月11日上午，“创青春”初赛刚刚开始，投资人会客厅坐满了接洽会谈的青年创业者。(中国青年报·中青在线记者 李润文/摄)10月11日，一位参观者在参赛选手李志强的展台前驻足。这位来自宁夏的青年创客是农村电子商务组的选手，他带来的自己销售平台上的羊肝枸杞辣椒酱很受关注。（中国青年报·中青在线记者 陈凤莉/摄）10月11日，“创青春”大赛的初赛现场，一位青年创客正在给评委们介绍自己的创业项目。（中国青年报·中青在线记者 陈凤莉/摄）10月11日，“创青春”大赛的初赛现场，一位参赛选手正在焦急地紧张等待着评委的到来。（中国青年报·中青在线记者 陈凤莉/摄）10月11日下午，“创青春”大赛的配套活动，“创咖来了”投融资直通车活动举行，场上青年创客在进行项目路演，场下坐满了寻找好项目的投资者。（中国青年报·中青在线记者 陈凤莉/摄）10月11日下午，“创咖来了”投融资直通车活动中，一位青年创客正在和有意向的投资机构交流，资本对接也许就是几分钟的事情。（中国青年报·中青在线记者 陈凤莉/摄）—  End —来源  |  中国青年报编辑｜陈凤莉长按二维码关注我们目前30000+人已关注加入我们]]></content>
  <author><![CDATA[共青团新闻联播]]></author>
  <time>2018-10-11 22:09:21</time>
  <account><![CDATA[gqviewpoint]]></account>
</data>
