<data>
  <id><![CDATA[50517904]]></id>
  <url><![CDATA[https://mp.weixin.qq.com/s?timestamp=1539596401&src=3&ver=1&signature=Egrj350GoKY8-KUcIJshb3gpdrByWvJzBHyr51Sz*n6tS4EyVwfHMbeRY5G*u22PsOGE3-JYj12I80pgWcJlRQwjOSO2dw7ivKuE7Tn-Mkaykeh5dWIynyYIuvjXkF-a0MkG0oGpJ1FCRIIjGLXMR10hw7h6lOWXL0Ufd87dYxk=]]></url>
  <title><![CDATA[《习近平新时代中国特色社会主义思想三十讲》第二讲（下）]]></title>
  <content><![CDATA[编者按为推动广大党员干部更加自觉地用习近平新时代中国特色社会主义思想武装头脑、指导实践、推动工作。现把《习近平新时代中国特色社会主义思想三十讲》第二讲（下）分享给大家。第二讲（下）坚持和发展中国特色社会主义是当代中国发展进步的根本方向只有社会主义才能救中国，只有坚持和发展中国特色社会主义才能实现中华民族伟大复兴。坚持和发展中国特色社会主义是改革开放以来党的全部理论和实践的主题，是当代中国发展进步的根本方向。习近平总书记指出，中国特色社会主义是党和人民长期奋斗、创造、积累的根本成就。经过长期努力，中国特色社会主义进入了新时代，这是我国发展新的历史方位。要在新的历史方位上实现新时代党的历史使命，就要高举中国特色社会主义伟大旗帜，更加自觉地增强道路自信、理论自信、制度自信、文化自信，为决胜全面建成小康社会、夺取新时代中国特色社会主义伟大胜利、实现中华民族伟大复兴的中国梦不懈奋斗。内容梗概一、党和人民历尽千辛万苦、付出各种代价取得的宝贵成果二、坚定中国特色社会主义道路自信、理论自信、制度自信、文化自信三、中国特色社会主义是社会主义而不是其他什么主义四、新时代坚持和发展中国特色社会主义要一以贯之END来源：江苏先锋本期编辑：蓝莓投稿热线：0510-85301721合作电话：0510-85307722]]></content>
  <author><![CDATA[空港硕放]]></author>
  <time>2018-10-10 14:54:19</time>
  <account><![CDATA[wxkgsf]]></account>
</data>
