<data>
  <id><![CDATA[50517904]]></id>
  <url><![CDATA[https://mp.weixin.qq.com/s?timestamp=1539596401&src=3&ver=1&signature=Egrj350GoKY8-KUcIJshb3gpdrByWvJzBHyr51Sz*n6tS4EyVwfHMbeRY5G*u22PsOGE3-JYj12I80pgWcJlRRSn1Vg-zVHDSrTvU7OtlgWGcpm34MMP2xkxl7SD1al3lX4LuG0cPNGvKFCnan0UaGE1R*B*hjApkSikZrIh6mg=]]></url>
  <title><![CDATA[今日寒露！长假结束，上班第一天就是雨雨雨！本周最低温竟然只有……]]></title>
  <content><![CDATA[国庆假期结束了回顾这七天的点点滴滴真心觉得七天的时间压根不足以表达对祖国的热爱啊！母亲啊！要不再帮你过个农历生日？除了小伙伴们的假期清零之外更让人心塞的是晴好天气的余额也要不足了！今天是节后上班第一天天气就像我们的心情一样即将要多云转小雨了冷空气周二到达无锡最近一段时间，冷空气排着队，组着团，从西伯利亚赶着趟来了。中央气象台一大早就来提醒：冷空气补货，北方降温继续，西南地区多阴雨。尤其是黑龙江西部、吉林西部、辽宁中西部、河北东北部、北京东部、天津等地降幅达10到12℃。妈妈再也不用担心你不穿秋裤了，因为可能秋裤用不上了，直接上棉裤了。@无锡气象是这样说的：8日夜里到9日，受冷空气南下影响，我市将迎来一次小雨天气过程，未来几天气温将逐步下降。再次提醒大家，季节交替，早晚温差较大，大家要注意穿衣，千万别感冒咯。不过，也是时候冷了，今天迎来“寒露”节气寒露是气温骤降的节点寒露后：露水快要凝结成霜真正的寒冷到了！一到寒露，就不可再“露肉”！露水都要凝结成霜了肌肤切不可再露了！有人说：“不是要春捂秋冻吗？春天来时，适当捂一捂，使机体渐渐地适应回暖。秋天来时，适当冻一冻，提高机体的抗寒能力。着装与时令要有适当的滞后。”但所谓“捂”和“冻”，都应有一个前提：春天的捂，以不出汗为前提；秋天的冻，以不着凉为前提。另外，寒露最重要一点就是不能露脚！关心天气，更关心你请小伙伴们一定注意保暖哦！图文来源：无锡日报本期编辑：大师兄投稿热线：0510-85301721合作电话：0510-85307722]]></content>
  <author><![CDATA[空港硕放]]></author>
  <time>2018-10-08 13:54:48</time>
  <account><![CDATA[wxkgsf]]></account>
</data>
