<data>
  <id><![CDATA[50517904]]></id>
  <url><![CDATA[https://mp.weixin.qq.com/s?timestamp=1539596401&src=3&ver=1&signature=Egrj350GoKY8-KUcIJshb3gpdrByWvJzBHyr51Sz*n6tS4EyVwfHMbeRY5G*u22PsOGE3-JYj12I80pgWcJlRQAJ7E2IXpMAa2jXA9J5Wz43ZpcBckheHqwqDM1hi4FDMhgZOXhrtmDIQ49u7Y2yuCjHWHrDzN4PWBgHXgxCuGs=]]></url>
  <title><![CDATA[《习近平新时代中国特色社会主义思想三十讲》第五讲（上）]]></title>
  <content><![CDATA[编者按为推动广大党员干部更加自觉地用习近平新时代中国特色社会主义思想武装头脑、指导实践、推动工作。现把《习近平新时代中国特色社会主义思想三十讲》第五讲（上）分享给大家。第 五 讲（上）中国特色社会主义新时代标示我国发展新的历史方位一个国家、一个民族要振兴，就必须在历史前进的逻辑中前进、在时代发展的潮流中发展。习近平总书记指出，中国特色社会主义进入了新时代，这是我国发展新的历史方位。这一重大政治论断，赋予党的历史使命、理论遵循、目标任务新的时代内涵，为深刻把握当代中国发展变革的新特征，增强贯彻落实习近平新时代中国特色社会主义思想的自觉性坚定性，提供了时代坐标和科学依据，具有重大现实意义和深远历史意义。内容梗概一、对我国发展新的历史方位作出的重大政治论断二、新时代的丰富内涵三、新时代的重大意义四、新时代要有新气象新作为来源：江苏先锋本期编辑：大师兄投稿热线：0510-85301721合作电话：0510-85307722]]></content>
  <author><![CDATA[空港硕放]]></author>
  <time>2018-10-15 15:52:58</time>
  <account><![CDATA[wxkgsf]]></account>
</data>
