<data>
  <id><![CDATA[50517904]]></id>
  <url><![CDATA[https://mp.weixin.qq.com/s?timestamp=1539596401&src=3&ver=1&signature=Egrj350GoKY8-KUcIJshb3gpdrByWvJzBHyr51Sz*n6tS4EyVwfHMbeRY5G*u22PsOGE3-JYj12I80pgWcJlRSrUAlR8T5itKTi*IzXrF-TMakkhsbW9eseZLnqo4ytQ7sUnqimgL291CMGUvRJTGU4WPqeR-nAgnmMpIEEH3Fo=]]></url>
  <title><![CDATA[无锡人挺住！放假前10个坏消息告诉你，看完第一个就想哭…]]></title>
  <content><![CDATA[2天，只要再熬2天长达7天的国庆长假就要来了！小伙伴们兴不兴奋？然而！！！别高兴得太早，有几个坏消息要告诉你们，希望大家能挺住！！过完国庆2018年就再也没有法定假日了虽然十一长假还没开始，但是要重点提醒大家：一定要好好珍惜7天假期，因为这是2018年最后一个法定节假日了。大家且过且珍惜！之后就要连上3个月的班，才能熬到明年元旦！17级台风来袭十一这些地方不要去猝不及防今年又一超强台风“潭美”要来了？9月24日台风“潭美“的最大风力连升3级从一个14级的强台风升格为17级的超强台风威力已经逼近同样17级的“山竹”了▼今年第24号台风潭美从台风→强台风→超强台风只用了两天BUT！大家稳住！别方！台风"潭美"未来几天，对无锡无影响！根据各家气象台的预测目前已经统一认为潭美会在月底转向去日本或者朝韩那边在我国登陆的可能性已经非常小！特别提醒：国庆计划去我国台湾或去华南、华东沿海一带还有到日本旅游的朋友应谨慎选择行程做好安排了你家电视可能会出现雪花、黑屏现象去不了海边旅游在家看电视也是个不错的选择然后各位喜欢看电视的小伙伴们注意了！！！近期你家的电视可能会突然出现短暂的图像不清雪花画面固定不动甚至黑屏等现象……我这么闪耀你怕了吗不要慌！你家的电视没有坏也没有中毒原因是↓↓↓来自国家广播电视总局的消息称，9月26日至10月16日，用于我国广播电视节目传输的卫星将进入日凌期，届时卫星广播电视节目接收将受到日凌影响。日凌是一种正常的自然现象，发生在每年的春分和秋分前后，太阳强大的电磁辐射会对卫星下行信号造成强烈的干扰，导致地面接收到的信号质量不好，甚至是中断。“日凌”不会对电视和人体造成危害，只是电视信号会有大概10分钟受影响。因此，大家要做个坚定的唯物主义者。记住，千万不要敲打电视……扎心！快递要涨价了双11物流旺季即将到来，有快递企业开始涨价。据悉，中通快递将从今年10月1日起调整全国到上海地区的快递费用。韵达、圆通也向各网点发布“调整到达上海地区快件派费”通知，将各网点到达上海地区的快件派费上调0.5元/票。其他快递暂未跟进……再也没有9块9的电影票了不光快递涨价，十一之后大家看电影也要多花钱了。据北京青年报消息，从10月1日起，有关部门将取消第三方和影院自有渠道的线上票补。如此，意味着9.9元、19.9元的票价将消失，自2014年开始影响电影市场的线上票补手段成为历史。好吧，和电影院的缘分就到这了！又要长膘了钱包是空了，但身体却胖了。秋季是一个进补的季节，是一个穷凶极“饿”的季节！这个国庆这里赶饭局，那里赶酒席吃烤肉！吃火锅！吃自助！吃西餐……这样下去，只有一个结果夏天减下去的肉，这个秋天肯定又要胖！回！来！不过，作为过来人，接触君很想说：胖子真的很省钱，我建议大家都胖一胖，我已经很久没买过衣服了，反正这么胖怎么穿都不好看，我还买衣服干嘛？只能买吃的啦！到哪都是堵堵堵！平时上班没什么空闲双节到来很多人都会选择一家人出去旅游未来朋友圈的情况可能是这样的▼开车上路堵堵堵堵堵堵堵堵堵车站挤挤挤挤挤挤挤挤挤景点人人人人人人人人人厕所憋憋憋憋憋憋憋憋憋花钱如流水的日子才开始上半年只有一个618马上就有中秋佳节、十一黄金周双十一、双十二、黑五轮番轰炸本来就不富裕的宝宝们日子真的要雪上加霜了啊！下半年也是喜庆高峰期订婚、结婚堆一块儿了红色炸弹接连不断，钱包准备好吗？中秋国庆长辈的礼物是一定要准备的中学同学要结婚了，拿钱拿钱大学同学生孩子了，拿钱拿钱同事要二胎了，继续拿钱...看着账户里的三位数余额这就是一年辛勤工作的唯一成果…眼镜一闭一睁第一批00后已经开始上大学了92年的男孩和94年的女孩都属于晚婚了有人已经上了福布斯▼▼▼而你目前的资产…▼▼▼如果还不能清醒地意识到这个问题请和接  一起认真观看下面这张表格并对号入座▼▼▼90后的“先头部队”马上就要迈入30岁大关了请允许接 君深情地问一句：▼▼▼脱贫了吗？脱脂了吗？脱单了吗？四六级过了吗？找到工作了吗？升职加薪了吗？结婚生子了吗？走上人生巅峰了吗？（对不起，打扰了！）2018年余额不足，无法充值距离新的一年只有100多天了四舍五入一下，就快过年了啊！小亲年初的目标完成了……不到1%2018已无法充值接下来的日子大家还是好好珍惜吧~最后，想对小伙伴们说千万不要对人生失去了希望毕竟没有过不去的坎过完这个坎还有下个坎儿在等着你哦~图文来源：无锡亲爱的本期编辑：花草呢喃投稿热线：0510-85301721合作电话：0510-85307722]]></content>
  <author><![CDATA[空港硕放]]></author>
  <time>2018-09-29 13:39:46</time>
  <account><![CDATA[wxkgsf]]></account>
</data>
