<data>
  <id><![CDATA[50517904]]></id>
  <url><![CDATA[https://mp.weixin.qq.com/s?timestamp=1539596401&src=3&ver=1&signature=Egrj350GoKY8-KUcIJshb3gpdrByWvJzBHyr51Sz*n6tS4EyVwfHMbeRY5G*u22PsOGE3-JYj12I80pgWcJlRai8G6QM-AWVl*UiID4Isnr54Fp9pxYHRyvn8aY-ZdWE3EJzUMkIOZhxNhjeEJMm7oMubKgkJUusZIve8IVtMj0=]]></url>
  <title><![CDATA[本月起，我市补充工伤保险“新政”正式实施！最低8元，单人最高可赔偿20万元！]]></title>
  <content><![CDATA[出了工伤，社保补偿后，企业有时还需另行支付部分赔偿，有的甚至高达几十万元。好消息！好消息！今后，市区用人单位的此类赔偿可由补充工伤保险承担，这不仅让工伤职工更有保障，还能为企业“减负”。昨从市人社局获悉，本月起，我市补充工伤保险“新政”正式实施。这就意味着，市区用人单位购买这种商业保险后，一旦发生工伤，该单位职工不仅可以享受工伤社保待遇，还能享受商业保险公司支付的工伤待遇补偿。新添的这张“保护网”将惠及市区7万家企业及140万名参保职工关于“补充工伤保险”8问什么是补充工伤保险？补充工伤保险即用人单位在依法参加工伤保险基础上，按照自愿原则，为全体参保职工投保的商业保险。补充工伤保险的投保人及被保险人为已经依法参加工伤保险的用人单位，商业保险公司为保险人。补充工伤保险是基本工伤保障制度的拓展和延伸，是法定工伤保险的补充。为什么建立补充工伤保险制度?《社会保险法》规定，社会保险制度坚持广覆盖、保基本、多层次、可持续的方针。按照国家社会保障“十三五”规划“到2020年我国将构建惠普公平的多层次社会保障体系”和我市人社发展“十三五”规划“探索工伤保险与商业保险的合作模式，形成多层次的保障体系”的要求，我市出台《无锡市补充工伤保险试行办法》，建立多层次工伤保障体系，有助于进一步分散用人单位工伤风险，保障职工合法权益，维护社会稳定，促进社会经济发展。补充工伤保险采用何种运行模式？补充工伤保险采用政府推动、商业运作的模式。工伤保险行政部门→制定补充工伤保险相关政策，引导政策实施，规范管理相关经办部门。工伤保险经办部门→通过公开招标择优确定承保的商业保险公司，并签订协议，负责补充工伤保险履约管理。承保公司→制定并公开经办程序，办理补充工伤保险业务，加强规范管理，建立信息化管理系统，及时报送数据信息，定期开展运行分析。补充工伤保险需要个人缴费吗？补充工伤保险费由用人单位自愿选择、自费投保、自得保障。选择参保的，由用人单位缴纳，职工个人不缴费。补充工伤保险如何承保？鉴于市区参加工伤保险地域广、单位多，将市区分两个片区承保，由中国人民财产保险股份有限公司无锡市分公司负责梁溪区、新吴区和滨湖区保险项目，平安财产保险股份有限公司无锡分公司负责锡山区、惠山区保险项目。具体的经办流程和材料按照商业保险公司规定执行。补充工伤保险的缴费方式及标准是什么？用人单位与商业保险公司签订补充工伤保险合同，按照工伤保险参保人数与缴费标准实名制参保缴费。缴费标准为：一类至二类行业每人每月8元，三类至五类行业每人每月12元，六类至八类行业每人每月15元。今后根据以支定收、收支平衡、略有结余原则适时调整缴费标准。补充工伤保险的赔付条件有哪些？1.用人单位为职工按时足额缴纳发生工伤或诊断为职业病时的补充工伤保险费。2.职工遭受伤害经本市社会保险行政部门认定为工伤（或视同工伤）。3.职工因工死亡或经劳动能力鉴定委员会鉴定为一级至十级伤残。补充工伤保险的赔付限额是什么标准？1.职工经认定或视同为工亡的，赔偿用人单位支付工亡职工的工伤补偿金20万元。2.职工经认定为工伤（或视同工伤），鉴定为一至十级伤残的，赔偿用人单位支付工伤职工的工伤补偿，标准为：一级伤残11万元，二级伤残9.5万元，三级伤残8万元，四级伤残6.5万元，五级伤残5万元，六级伤残4万元，七级伤残2.5万元，八级伤残1.7万元，九级伤残1.2万元，十级伤残0.8万元。咨询及办理电话人民财产保险公司联系电话：0510-68865602、15052296083（梁溪区、新吴区、滨湖区）平安保险公司联系电话：15061505296（惠山区）、13961828290（锡山区）低门槛、广覆盖、高赔付是我市补充工伤保险的三大特点。我市补充工伤保险项目投保“第一单”已经产生。“一年花1362元，为全公司15人再加一重保障，工伤‘保护伞’撑得更大了。”无锡市弘复环保科技有限公司总经理刘群坦言，开门办企业，工伤是不少企业主的一大“烦心事”。半月前，得知有补充工伤保险后，他第一时间联系保险公司购买，抢得“首单”。弘复环保从事的是企业环境隐患现场评估与排查，经营8年来，刘群最担心的是，公司员工和外聘专家的工作安全。“‘新政’增强了企业抵御工伤风险的能力，我悬了多年的心从此可以放下了。”他说，作为首单投保企业，弘复环保现在为每位职工每月缴纳补充工伤保险费8元，一旦出现极端事故，职工最高可获补偿20万元。这的确是一项惠民利民的好政策还不快转发让更多无锡市民受益~图文来源：无锡日报本期编辑：二师兄]]></content>
  <author><![CDATA[空港硕放]]></author>
  <time>2018-10-09 13:14:51</time>
  <account><![CDATA[wxkgsf]]></account>
</data>
