<data>
  <id><![CDATA[50517904]]></id>
  <url><![CDATA[https://mp.weixin.qq.com/s?timestamp=1539596401&src=3&ver=1&signature=Egrj350GoKY8-KUcIJshb3gpdrByWvJzBHyr51Sz*n6tS4EyVwfHMbeRY5G*u22PsOGE3-JYj12I80pgWcJlRcgrHa4QEZ4uT0RhqtYfHw9No6707Qcsifi8QHMMN*C7l5ejdMqAYarrVU*Z7hDFZ3y*J8OhGQrwwFHKrPdq8Wc=]]></url>
  <title><![CDATA[江苏小高考又改了！别了，4个A！]]></title>
  <content><![CDATA[如果你要问江苏省的特色绝对少不了“江苏高考”这个答案还有每个江苏学子都要经历的初级噩梦的“小高考”以及每年都会变来变去的各种新政策！刚刚！小高考又变啦！这不就在前几天，小高考又变了从2019年起江苏对普通高中学业水平测试方案作出部分调整具体的文件在这里关乎2020年及以后高考的学生具体为调整普通高中学业水平测试必修科目成绩呈现方式，由ABCD等级呈现调整为合格、不合格呈现。调整普通高中学业水平必修科目测试加分政策。对参加普通高中学业水平必修科目测试的学生（即参加2020年及以后高考的学生）取消“见A加分”政策，2018年已参加普通高中学业水平必修科目测试的学生（即参加2019年高考的学生）获得的加分仍予以承认。江苏正在实行的高考方案规定学生高二时进行的4门学业水平必修测试科目得A可以高考加分因此学业水平测试也被称为“小高考”那些年，我们一起经历的小高考为此有人还专门写了歌来调侃小高考，一起来看一下▼有的人活着，他生不如死（AAAB）有的人活着，他已经死了（AAAD）有的人死了，他还活着（CCCC）有的人活着，他不如死掉（ADDD)有的人死了，他曾经可能活过（BBBB）有的人活着，他将继续活着（ABBB）有的人死了，他早该死了（DDDD)如今，小高考改革让同学、家长们都松了一口气不少校长们也表示少了个紧箍咒不管是怀念还是支持我们都要正式和四个A说再见啦下面这个图，再也用不上了 ！那一年小高考你拿过几个A对你的高考成绩有没有影响？END来源：江苏高考、无锡头条本期编辑：蓝莓投稿热线：0510-85301721合作电话：0510-85307722]]></content>
  <author><![CDATA[空港硕放]]></author>
  <time>2018-10-11 16:07:51</time>
  <account><![CDATA[wxkgsf]]></account>
</data>
