<data>
  <id><![CDATA[50517904]]></id>
  <url><![CDATA[https://mp.weixin.qq.com/s?timestamp=1539596401&src=3&ver=1&signature=Egrj350GoKY8-KUcIJshb3gpdrByWvJzBHyr51Sz*n6tS4EyVwfHMbeRY5G*u22PsOGE3-JYj12I80pgWcJlRUYe*zt2mrFONwLOMKZnAsuwEf7BHmbYzbOwjP1SutTnwZdQPiodcvIY*JRZh8-JZXz3Pu9eq9Uyw6G0xf5PfuA=]]></url>
  <title><![CDATA[超给力！3天后就是国庆长假！还有6个好消息送给你~]]></title>
  <content><![CDATA[只要再上3天班，就可以放长假啦！还在默默码字的小编顿时感觉动力十足这里有6个诚意满满的好消息送你！蠡湖大道新增三座天桥，有望下月建成投用！蠡湖大道完成快速化改造后，将新增三座过街天桥，分别为蠡湖大道与大通路交叉口南侧的大通路人行天桥、观山路交叉口南侧的观山路人行天桥、南湖中路交叉口北侧的万达城B区人行天桥。△大通路人行天桥△观山路人行天桥△万达城B区人行天桥““人走天桥，车走地面，实现人车分流，确保车辆顺畅驶过，行人安全过街。”市公建中心人士介绍，蠡湖大道快速化改造工程计划下月建成通车，其中大通路、观山路两座天桥有望同步投用，万达城天桥则将继续施工。”针对目前现有的交通堵点，市公建中心、交警部门逐一排查梳理、研究破解方案，目前已计划在新体育中心南大门增设上跨太湖大道的人行天桥！市区定点零售药店将全面放开，医保挂号收费告别排长队！另外，医保线上支付系统测试成功，年底前在全市定点医药机构铺开！预计9月底前线上支付系统将在四家试点医院进行试运行，年底前向全市定点医药机构推广!也就是说，以后看病再也不用排长队了，直接手机上点一点就能解决！上海铁路局最新增开列车车次列表出炉!国庆假期即将到来，上海铁路局最新增开列车车次列表出炉。9月28日到10月7日，咱们无锡人去上海、杭州、武汉等方向有更多列车了！最新增开车次列表↓↓↓统计截止日：9月26日增开列车车次及时间以车站公告为准，购票时请直接登陆12306官方网站或使用铁路12306手机客户端，不要通过第三方代购网站和手机客户端购票，避免因代购行为导致无法在网上办理退票、改签，影响出行，严重者将导致个人身份信息泄露。首批东北大米新鲜上市！无锡市民们可以吃上东北新大米啦！我市首批东北新大米在天惠超市中桥店抢鲜上市，仅半天就销出约1500斤！这是我市粮食部门、粮食加工企业和超市为让市民早日吃上优质、安全、新鲜的东北大米，联合开展的惠民活动。3天内，首批200吨东北新大米在天惠超市70多个门店上柜，较日常价下浮近10%。东北新米10月中旬后将大批量上市。国庆期间高速免费！虽然中秋期间高速不免费，但值得开心的是国庆期间，高速免费！据规定，一年当中的春节、清明节、五一节、国庆节这四个节假日，七座以下(含七座)小客车走高速公路可以免费。全国314个景区国庆前要降价！据国家发改委发布消息，截至8月29日，已有21个省区市出台了（已实施或发文对外公布）157个景区降价（免费开放）措施，25个省区市确定了“十一”前拟降价（免费开放）的157个景区名单，合计314个景区中，5A级景区121个、4A级景区155个。按降价幅度统计，实行免费开放的景区30个，降幅在30%（含）以上的29个、在20%（含）—30%的48个。END来源：无锡日报本期编辑：蓝莓投稿热线：0510-85301721合作电话：0510-85307722]]></content>
  <author><![CDATA[空港硕放]]></author>
  <time>2018-09-27 20:34:12</time>
  <account><![CDATA[wxkgsf]]></account>
</data>
