<data>
  <id><![CDATA[50517904]]></id>
  <url><![CDATA[https://mp.weixin.qq.com/s?timestamp=1539596401&src=3&ver=1&signature=Egrj350GoKY8-KUcIJshb3gpdrByWvJzBHyr51Sz*n6tS4EyVwfHMbeRY5G*u22PsOGE3-JYj12I80pgWcJlRSzJKmg3E*fo2Fk7kxxaJVAhO7zkecYWggyBz9GrO2-m7aItb4i*gQxh6Gtpte*-zq4KTFC-NWFzq0FbZuiluN8=]]></url>
  <title><![CDATA[无锡国庆长假天气预报来啦！这七天基本都是……]]></title>
  <content><![CDATA[再熬两天放    假    啦！七天长假高速免费远游不错即便不出远门在无锡溜达也是极好的因为这个“十一”大无锡天气棒棒的绝对对得起“秋高气爽”四个字目前资料分析来看未来几天锡城天气还是比较不错以云系变化为主最低气温在15-19℃最高气温在25-27℃人体感觉会是早晚微凉 中午微热可以说这段时间是一年中最舒适的日子但还是要提醒大家：夜凉风露清要注意及时添衣谨防感冒哦天气不错重点来说说交通日前，江苏省交通厅发布了《国庆长假江苏交通旅游出行预测报告》（划重点）预计南京和苏州周边地区（比如苏州与硕放交界处年年堵成狗……）将出现较大规模较长时间的车流量高峰预计10月1日上午11:00将达到出行最高峰拥堵里程将达到平日的近30倍（消息透给你了 躲不躲得开看你！）预  警  预  警以下路段司机们请尽量提前避开过江通道：主要是南京长江二桥、江阴大桥、苏通大桥和润扬大桥。东西向路段：主要集中在G2京沪/G42沪蓉高速无锡-苏州共线段、G2京沪/G40沪陕高速泰州-扬州共线段、G15沈海高速苏州段和S28启扬高速扬州绕城段等。南北向路段： G2京沪高速淮安-扬州-广靖锡澄段、G15沈海/G40沪陕高速南通共线段、G15w常台高速苏州段、S49新扬高速宿迁—扬州段和G25长深高速盱眙省界段等。总的来说跨江大桥、互通枢纽、热点城市出入口热门景区附近出现车多缓行或短时交通堵塞的概率较大（节日期间最忙收费站，了解一下）▼国庆假日期间省内热门旅游城市前三甲预计仍然是苏州、南京和无锡游客接待量预计将超过全省游客总量的45%此外预计出行至江苏省的外来人口将主要来自上海市、安徽省、浙江省山东省和河南等省其中来自上海市的人口将达到262万人而在江苏人口跨省出行目的地当中上海市、安徽省和浙江省排在前列其中出行至上海的江苏人将达到239万人如果想获得较好的旅游体验交通部门建议公众选择相对冷门一点舒适度较高的景区如苏南地区的天目湖旅游区、沙家浜景区金山焦山北固山景区、无锡灵山景区等苏北、苏中地区的中华麋鹿园、溱湖湿地公园和云龙湖风景区等（如图）▼最后我们要说的是据预测今年国庆江苏的跨区域出行总量预计将超过1亿人次日均出行总量超过1500万人次……嗯嗯天公作美高速免费长假在望再加上人人想的都一样……路上难免开堵只是，你准备好了吗？图文来源：无锡博报本期编辑：风行者投稿热线：0510-85301721合作电话：0510-85307722]]></content>
  <author><![CDATA[空港硕放]]></author>
  <time>2018-09-28 17:46:20</time>
  <account><![CDATA[wxkgsf]]></account>
</data>
