<data>
  <id><![CDATA[50517904]]></id>
  <url><![CDATA[https://mp.weixin.qq.com/s?timestamp=1539596401&src=3&ver=1&signature=Egrj350GoKY8-KUcIJshb3gpdrByWvJzBHyr51Sz*n6tS4EyVwfHMbeRY5G*u22PsOGE3-JYj12I80pgWcJlRb7K6pnY1579KSVYYY2*tvB2K8MhwUhsW0wW7Lr3mMFbf-HN5RSDfBg59tCGAM3VO8BI6zcSiFlrLGYCNpWZGyM=]]></url>
  <title><![CDATA[有硕放参展的文博会来咯，家门口“淘宝”去~~]]></title>
  <content><![CDATA[点击关注了解更多精彩内容！！本届无锡文博会由江苏省文化厅、无锡市人民政府主办.作为省内唯一保留的以文博会为呼号的专业性展会，自2011年成功举办以来，已连续举办七届，经过多年的孵化和培育，展会人气和销售额呈现快速增长，累计吸引观展人数达82.355万人次，现场交易总额达19.558亿元，成为长三角地区乃至全国都具有影响力的文化品牌，被中国会展经济研究会评为“中国十佳品牌展会项目”。小编身边的不少朋友每年文博会可都是要抽出一整天去淘淘宝贝的！今年有什么亮点？一起来看！本届无锡文博会以“提升文化标识度 激发文化新动能”为主题，以文化高质量发展为导向，围绕市委市政府打造现代服务业高地，建设区域性文化中心城市，争当全省高质量发展领跑者的战略部署，着力将无锡文博会打造成为交易和博览深度融合的文化产业招商、重大产业项目对接的高层次、高质量长三角知名文化品牌。47000平米展厅896家参展商22个参展省份17个参展国家及地区157位国家/省级艺术大师120多家文创品牌企业30个优秀企业、个人、产品颁奖20个重大文化产业项目签约20场文化产业项目对接交流会10项论坛、研讨、拍卖等重点活动定位更精准在开幕式上新增重大文化产业项目签约和优秀企业表彰等活动，实现文博会从形式汇合到产业聚合的转变，推动产业项目对接落地和人才集聚融合，旨在将文博会打造成为符合产业规律、具有无锡特色的“会展+文化产业”的高层次、高质量文化品牌。活动更多元将举办文化旅游融合发展论坛、2018长三角“新文创”产业发展论坛、2018中国（无锡）旅游产业博览交易会、首届无锡优秀文化企业创新发布会等10项重点活动；还将首次举行文化产业项目对接洽谈会，组织邀请重点文化园区、投资机构与企业、高层次人才对接，搭建政企沟通桥梁，打通企业与政策“最后一公里”，引导招引代表产业未来发展方向的雏鹰、瞪羚企业，鼓励引导高科技、高成长的“互联网+”、“物联网+”企业参与文化资源开发，为产业强市建设贡献力量。图片仅供参考中华老字号荣宝斋木版水印展和荣宝拍卖私洽会、2018“秋之雅韵”文博专场拍卖会等艺术品拍卖也将首次走进无锡文博会，通过高品质的拍品，促进文化消费，提升消费品位，探索艺术品交易做大做强的路径和方式。设置非遗老字号展示体验区、运河文化展示体验区等互动体验区。通过丰富多彩的活动，展示城市人文底蕴，探索文旅融合路径，增强互动体验乐趣。布展更优化引入“选商”机制，通过遴选和邀请，共有17个国家22个省市896家展商参展，其中包括157位国家级大师、省级大师和非遗传承人。4.7万平米展览面积，包含工美艺术、文创生活两大板块，内含文创江苏馆、创意生活馆、海外艺术馆、珠宝玉雕馆等12个主题馆。图片仅供参考万达文旅城、灵山拈花湾等文化旅游项目集中亮相无锡文博会，讲述“诗”和“远方”在一起的美好故事；省内13个城市集结城市文创基因、共同探讨文创衍生品市场化之路；互联网广告领军企业艾德无线等典型示范企业展示文化科技最新成果，探索“互联网+文化”的无限可能；江大设计传播机构、无锡市第四届文化创意设计大赛展区等展览展示一批“脑洞大开”的文化创意产品和创意设计，引导更多年轻人参与文化创新创业大潮；南京1865文化产业主题街区、“yohoo”POP ART潮创生活街区、地铁文创街区、包圆四方沉浸式体验摄影街区等六大特色主题街区将文化与时尚相结合，引领文化潮流新方向；无锡国家数字电影产业园将携“影视+科技”成果参加本次无锡文博会，展现电影这一时尚行业的巨大魅力和发展潜力。无锡博物院、无锡市图书馆、非遗等文化场所也将从“养在深闺”走向“大众文化”，通过丰富的互动体验，传承优秀文化，传递中国智慧，传播中国声音，让传统文化“活起来”。通过众多高层次的展商和互动体验活动，真正将无锡文博会打造成为沉浸式、体验式的文化嘉年华。说到这里亲们肯定会问咱大硕放的展厅位置在哪儿？喏，就是这里二楼A6展厅听说这周日还是咱们大硕放的专场静候各位亲们前去打卡哟~~如何到达？拼团报名达到50人／组，可以特设大巴接送；与往年一样，文博会期间每天8:30-15:00设置市民中心地铁口到博览中心的短驳车，约半小时一趟。图文来源：无锡发布本期编辑：风行者投稿热线：0510-85301721合作电话：0510-85307722]]></content>
  <author><![CDATA[空港硕放]]></author>
  <time>2018-10-12 16:53:42</time>
  <account><![CDATA[wxkgsf]]></account>
</data>
