<data>
  <id><![CDATA[50517904]]></id>
  <url><![CDATA[https://mp.weixin.qq.com/s?timestamp=1539596401&src=3&ver=1&signature=Egrj350GoKY8-KUcIJshb3gpdrByWvJzBHyr51Sz*n6tS4EyVwfHMbeRY5G*u22PsOGE3-JYj12I80pgWcJlRcgrHa4QEZ4uT0RhqtYfHw*Wy2yE7IGNuX4dkf0B-EC5Iv-51EpA8ZO95qXojwaBe*pRZcHoDopl8PcKcr6NLz4=]]></url>
  <title><![CDATA[《习近平新时代中国特色社会主义思想三十讲》第三讲]]></title>
  <content><![CDATA[编者按为推动广大党员干部更加自觉地用习近平新时代中国特色社会主义思想武装头脑、指导实践、推动工作。现把《习近平新时代中国特色社会主义思想三十讲》第三讲分享给大家。第 三 讲实现中华民族伟大复兴是近代以来中华民族最伟大的梦想实现中华民族伟大复兴，是近代以来中华民族最伟大的梦想，是激励中华儿女团结奋进、开辟未来的精神旗帜。习近平总书记指出，中国共产党人的初心和使命，就是为中国人民谋幸福，为中华民族谋复兴。实现中华民族伟大复兴的中国梦，这是以习近平同志为核心的党中央对全体人民的庄严承诺，是党和国家面向未来的政治宣言，充分体现了我们党高度的历史担当和使命追求，为新时代坚持和发展中国特色社会主义注入了崭新内涵。内容梗概一、实现中华民族伟大复兴凝聚着几代中国人的夙愿二、中国共产党义无反顾肩负起实现中华民族伟大复兴历史使命三、中国梦的本质是国家富强、民族振兴、人民幸福四、中国梦与世界各国人民的美好梦想相通五、实现伟大梦想必须进行伟大斗争、建设伟大工程、推进伟大事业END来源：江苏先锋本期编辑：蓝莓投稿热线：0510-85301721合作电话：0510-85307722]]></content>
  <author><![CDATA[空港硕放]]></author>
  <time>2018-10-11 16:07:51</time>
  <account><![CDATA[wxkgsf]]></account>
</data>
