<data>
  <id><![CDATA[50517904]]></id>
  <url><![CDATA[https://mp.weixin.qq.com/s?timestamp=1539596401&src=3&ver=1&signature=Egrj350GoKY8-KUcIJshb3gpdrByWvJzBHyr51Sz*n6tS4EyVwfHMbeRY5G*u22PsOGE3-JYj12I80pgWcJlRSzJKmg3E*fo2Fk7kxxaJVBDjv87*a3PfbWh4xvixhZC7nm3inG3qCrlcPEupCL0-CcsNwLIZ3s7kGh17GVazUU=]]></url>
  <title><![CDATA[《习近平新时代中国特色社会主义思想三十讲》第一讲（下）]]></title>
  <content><![CDATA[编者按为推动广大党员干部更加自觉地用习近平新时代中国特色社会主义思想武装头脑、指导实践、推动工作。现把《习近平新时代中国特色社会主义思想三十讲》第一讲（下）分享给大家。第 一 讲（下）习近平新时代中国特色社会主义思想是党和国家必须长期坚持的指导思想党的十九大概括和提出了习近平新时代中国特色社会主义思想，确立为党必须长期坚持的指导思想并写进党章，实现了党的指导思想的与时俱进。这是党的十九大最重大的理论创新、最重要的政治成果、最深远的历史贡献。十三届全国人大一次会议通过的宪法修正案，郑重地把习近平新时代中国特色社会主义思想载入宪法，实现了从党的指导思想向国家指导思想的转化，实现了国家指导思想的与时俱进。习近平新时代中国特色社会主义思想，是马克思主义中国化最新成果，是党和人民实践经验和集体智慧的结晶，是中国精神的时代精华，是国家政治生活和社会生活的根本指针。内容梗概一、立足时代之基、回答时代之问的科学理论二、系统完备的科学体系、特色鲜明的理论品格三、经过实践检验、富有实践伟力的强大武器四、21世纪马克思主义、当代中国马克思主义江苏先锋网同步开设《习近平新时代中国特色社会主义思想三十讲》专栏，你也可以进入页面收听。图文来源：江苏先锋本期编辑：风行者投稿热线：0510-85301721合作电话：0510-85307722]]></content>
  <author><![CDATA[空港硕放]]></author>
  <time>2018-09-28 17:46:20</time>
  <account><![CDATA[wxkgsf]]></account>
</data>
