<data>
  <id><![CDATA[50517904]]></id>
  <url><![CDATA[https://mp.weixin.qq.com/s?timestamp=1539596401&src=3&ver=1&signature=Egrj350GoKY8-KUcIJshb3gpdrByWvJzBHyr51Sz*n6tS4EyVwfHMbeRY5G*u22PsOGE3-JYj12I80pgWcJlRUYe*zt2mrFONwLOMKZnAsud4bbDKhgFOh1Y2PoeDCpNb4-gt3EjWqq8gvO5PjH0ktlt7JXmxbPyZN1FYf-skt8=]]></url>
  <title><![CDATA[《习近平新时代中国特色社会主义思想三十讲》第一讲（上）]]></title>
  <content><![CDATA[编者按为推动广大党员干部更加自觉地用习近平新时代中国特色社会主义思想武装头脑、指导实践、推动工作。今日起，我们推出《习近平新时代中国特色社会主义思想三十讲》，供大家学习。第 一 讲（上）习近平新时代中国特色社会主义思想是党和国家必须长期坚持的指导思想党的十九大概括和提出了习近平新时代中国特色社会主义思想，确立为党必须长期坚持的指导思想并写进党章，实现了党的指导思想的与时俱进。这是党的十九大最重大的理论创新、最重要的政治成果、最深远的历史贡献。十三届全国人大一次会议通过的宪法修正案，郑重地把习近平新时代中国特色社会主义思想载入宪法，实现了从党的指导思想向国家指导思想的转化，实现了国家指导思想的与时俱进。习近平新时代中国特色社会主义思想，是马克思主义中国化最新成果，是党和人民实践经验和集体智慧的结晶，是中国精神的时代精华，是国家政治生活和社会生活的根本指针。内容梗概一、立足时代之基、回答时代之问的科学理论二、系统完备的科学体系、特色鲜明的理论品格三、经过实践检验、富有实践伟力的强大武器四、21世纪马克思主义、当代中国马克思主义现将《三十讲》目录分享给大家快来一睹为快吧！★ 目 录 ★第一讲 习近平新时代中国特色社会主义思想是党和国家必须长期坚持的指导思想第二讲 坚持和发展中国特色社会主义是当代中国发展进步的根本方向第三讲 实现中华民族伟大复兴是近代以来中华民族最伟大的梦想第四讲 党和国家事业历史性、根本性的变革和成就第五讲 中国特色社会主义新时代标示我国发展新的历史方位第六讲 我国社会主要矛盾的变化是关系全局的历史性变化第七讲 坚持党对一切工作的领导第八讲 以人民为中心是新时代坚持和发展中国特色社会主义根本立场第九讲 将全面深化改革进行到底第十讲 坚定不移贯彻新发展理念第十一讲 决胜全面建成小康社会第十二讲 开启全面建设社会主义现代化国家新征程第十三讲 实现我国经济高质量发展第十四讲 形成全面开放新格局第十五讲 用更加健全的制度体系保证人民当家作主第十六讲 社会主义协商民主广泛多层制度化发展第十七讲 加快建设社会主义法治国家第十八讲 推动社会主义文化繁荣兴盛第十九讲 建设具有强大凝聚力和引领力的社会主义意识形态第二十讲 在发展中保障和改善民生第二十一讲 打造共建共治共享的社会治理格局第二十二讲 建设美丽中国第二十三讲 坚持总体国家安全观第二十四讲 把人民军队全面建成世界一流军队第二十五讲 坚持“一国两制”和推进祖国统一第二十六讲 构建人类命运共同体第二十七讲 促进“一带一路”国际合作第二十八讲 毫不动摇把党建设得更加坚强有力第二十九讲 努力掌握马克思主义思想方法和工作方法第三十讲 坚持用习近平新时代中国特色社会主义思想武装全党我/们/与/您/相/约/每/天END来源：江苏先锋本期编辑：蓝莓投稿热线：0510-85301721合作电话：0510-85307722]]></content>
  <author><![CDATA[空港硕放]]></author>
  <time>2018-09-27 20:34:12</time>
  <account><![CDATA[wxkgsf]]></account>
</data>
