<data>
  <id><![CDATA[50517904]]></id>
  <url><![CDATA[https://mp.weixin.qq.com/s?timestamp=1539596401&src=3&ver=1&signature=Egrj350GoKY8-KUcIJshb3gpdrByWvJzBHyr51Sz*n6tS4EyVwfHMbeRY5G*u22PsOGE3-JYj12I80pgWcJlRbW-5tIUdFgAMpK5fb*I7r6PaYrYuWqgh7Xru93oXwBT96ORlOCl68D2QswBMmCct2n3YhPjNj9Wm0T9R1fUO3o=]]></url>
  <title><![CDATA[空港经济开发区（硕放街道）举办庆祝建国69周年暨改革开放40周年文艺联欢晚会]]></title>
  <content><![CDATA[点击关注了解更多精彩内容！！9月29日晚，空港经开区（硕放街道）庆祝建国69周年暨改革开放40周年文艺联欢晚会在文化中心广场隆重举行。瞧大家伙儿笑意盈盈的脸庞就知道晚会必定是精彩万分跟着小编一起往下看↓↓↓精 彩 回 顾激情澎湃的摇滚《我爱你中国》拉开了晚会的序幕...南星苑小学的小舞蹈家们带来的群舞《心声》，用完美的舞姿和令人陶醉的笑容为大家带来了视觉盛宴；独角戏《打虎上山》中，艺术家以幽默睿智的语言和精湛的演技，博得了观众的阵阵掌声和笑声；杂技《顶缸》表演震撼精彩，让人瞠目结舌；神奇的魔术表演令人叹为观止、拍案叫绝；相声《黄鹤楼》逗人捧腹大笑。生日快乐，我的祖国优美的旋律、动人的歌声、欢快的舞蹈、娴熟的表演，给现场观众带来视觉的冲击、心灵的震撼、精神上的升华，将晚会一次次推向高潮，也激励着经开区广大干部群众鼓足勇立潮头的勇气、攻坚克难的锐气和团结奋斗的正气，积极投身建设“千亿空港”，以实际行动向祖国69华诞献礼。图文来源：硕放文体本期编辑：风行者投稿热线：0510-85301721合作电话：0510-85307722]]></content>
  <author><![CDATA[空港硕放]]></author>
  <time>2018-10-01 17:42:52</time>
  <account><![CDATA[wxkgsf]]></account>
</data>
