<data>
  <id><![CDATA[50517904]]></id>
  <url><![CDATA[https://mp.weixin.qq.com/s?timestamp=1539596401&src=3&ver=1&signature=Egrj350GoKY8-KUcIJshb3gpdrByWvJzBHyr51Sz*n6tS4EyVwfHMbeRY5G*u22PsOGE3-JYj12I80pgWcJlRb7K6pnY1579KSVYYY2*tvAQ8L0AcVcjSh2ESJfL1Q*thwcXoqXfW*MhyTkORGBco9BorvGByw7QQuRAX9gCcRM=]]></url>
  <title><![CDATA[《习近平新时代中国特色社会主义思想三十讲》第四讲]]></title>
  <content><![CDATA[点击关注了解更多精彩内容！！编者按为推动广大党员干部更加自觉地用习近平新时代中国特色社会主义思想武装头脑、指导实践、推动工作。现把《习近平新时代中国特色社会主义思想三十讲》第四讲分享给大家。第 四 讲党和国家事业历史性、根本性的变革和成就党的十八大以来的5年，是党和国家发展进程中极不平凡的5年。5年来，以习近平同志为核心的党中央，以巨大的政治勇气和强烈的责任担当，进行伟大斗争、建设伟大工程、推进伟大事业、实现伟大梦想，提出一系列具有开创性意义的新理念新思想新战略，出台一系列重大方针政策，推出一系列重大举措，推进一系列重大工作，解决了许多长期想解决而没有解决的难题，办成了许多过去想办而没有办成的大事，推动党和国家事业发生历史性变革、取得历史性成就。内容梗概一、全面把握十八大以来党和国家事业历史性变革和历史性成就二、深刻理解历史性成就是全方位的、开创性的，历史性变革是深层次的、根本性的三、充分认识取得历史性变革和历史性成就的根本原因图文来源：江苏先锋本期编辑：风行者投稿热线：0510-85301721合作电话：0510-85307722]]></content>
  <author><![CDATA[空港硕放]]></author>
  <time>2018-10-12 16:53:42</time>
  <account><![CDATA[wxkgsf]]></account>
</data>
