<data>
  <id><![CDATA[50517904]]></id>
  <url><![CDATA[https://mp.weixin.qq.com/s?timestamp=1539596401&src=3&ver=1&signature=Egrj350GoKY8-KUcIJshb3gpdrByWvJzBHyr51Sz*n6tS4EyVwfHMbeRY5G*u22PsOGE3-JYj12I80pgWcJlRbW-5tIUdFgAMpK5fb*I7r5-dT4J2tXvfqq4xi0gvgl2kZzgZplk54jsBARvUgEFi87mSxDwO7es-n0EElQZis4=]]></url>
  <title><![CDATA[空港经济开发区（硕放街道）举行第二次全国污染源普查入户调查启动仪式]]></title>
  <content><![CDATA[点击关注了解更多精彩内容！！9月28日下午，空港经济开发区举行了第二次全国污染源普查入户调查启动仪式。市环保局总量处处长刘鑫、市污普办专职副主任夏邦天及新吴区安监环保局污防审批科科长钱国锋应邀出席启动仪式。空港经济开发区党工委委员、管委会副主任、硕放街道党工委委员、办事处副主任陆斌空港经开区环保部门相关人员，以及部分企业代表和参与此次污染源普查的普查指导员和普查员代表参加启动仪式。启动仪式由空港经开区安监环保局局长周丽清主持。会上陆斌要求各相关部门、各普查指导员和普查员要尽职尽责，求真务实，严格执行“应查尽查，不重不漏”的原则，摸清工业企业、规模化畜禽养殖场、集中式污染治理设施、生活源锅炉和市政入河排污口等调查对象的基本信息，建立起真实可靠的污染源普查数据。企业单位要积极主动配合普查工作，务必提供真实数据，确保经开区污染源普查工作圆满完成。刘鑫对污染普查工作做了具体部署▼▼▼一是各级普查机构要认真执行污染源普查质量管理制度，做好污染源普查质量保证和质量管理工作。二是要建立健全普查责任体系，明确主体责任和监督责任。建立普查数据质量溯源和责任追究制度，依法开展普查数据核查和质量评估，严厉惩处普查违法行为三是要按照依法普查原则，各部门、企业单位和个人均不得虚报、瞒报、拒报、迟报，不得伪造、篡改普查资料，确保普查数据的真实性和时效性。刘鑫强调，各级普查机构及其工作人员，对普查对象的技术和商业秘密，必须履行保密义务。会上全场参会人员在污染源普查入户调查启动仪式横幅上进行签名留影。结束后，街道相关领导、街道污普办相关人员以及普查指导员、普查员代表来到力特公司参观，并在企业现场接受了媒体采访。接下来就是小编科普时间什么是全国污染源普查？全国污染源普查即是对污染源数据的全面清查和统计。全国污染源普查是重大的国情调查，是环境保护的基础性工作，是全面掌握我国环境状况的重要手段。开展全国污染源普查的目的是什么？掌握各类污染源的数量、行业和地区分布情况，了解主要污染物的产生、排放和处理情况，建立健全重点污染源档案、污染源信息数据库和环境统计平台，为制定社会经济发展和环境保护政策、规划提供依据。重要意义根据《全国污染源普查条例》规定，每10年开展一次全国污染源普查工作。依法开展第二次全国污染源普查工作，对于准确判断我国当前环境形势，制定实施有针对性的环境保护政策规划，不断提高环境治理系统化、科学化、法治化、精细化和信息化水平，加快推进生态文明建设，补齐全面建成小康社会的生态环境短板具有重要意义。空港经开区的普查工作目前进展到什么阶段？污染源普查工作分为清查建库、入户调查、空间信息采集、信息上报审核等工作，空港经开区的普查工作已完成了清查建库，合计入库企业1115家，目前处于入户调查阶段，计划10月底结束。下阶段我们将利用环保专网将普查信息逐级上报至国家污染源普查办接受审核。空港经开区就第二次全国污染源普查做了哪些工作？从 2017年10月起，在市、区普查办的重视和推动下，空港经开区污普工作有序推进并取得一定进展。一是成立污普工作领导小组，制定了污普实施方案。二是对污染源普查员和指导员开展培训，明确工作职责，强调工作纪律。三是对国家下发的清查名单进行初步筛查。四是在区域内开展污染源普查宣传动员活动。下一步打算下一阶段，空港经开区将按序开展全面普查工作，详细记录普查情况，并通过逐级审核汇总形成普查数据库，确保年底顺利完成普查工作。欢迎大家随时关注空港污染源普查工作并提出宝贵的意见和建议！图文来源：空港经开区安监环保局本期编辑：风行者投稿热线：0510-85301721合作电话：0510-85307722]]></content>
  <author><![CDATA[空港硕放]]></author>
  <time>2018-10-01 17:42:52</time>
  <account><![CDATA[wxkgsf]]></account>
</data>
