<data>
  <id><![CDATA[50754744]]></id>
  <url><![CDATA[https://mp.weixin.qq.com/s?timestamp=1539596304&src=3&ver=1&signature=Egrj350GoKY8-KUcIJshb-f8O*YNoP8U20Xp2DwjI8eTVOIDADLPxobMX6i3dMX93knly9tHIzOqTcVbUzbJS1uGFYeHYcwuFGl9NL5z2eljcYkp4X6CCse-Fys1vpWiNyxUwtakLKzk22DXsxtLEzKdH4OhUxkyUXa-fv8nU0U=]]></url>
  <title><![CDATA[承担超过90%的电网工程勘察设计任务，这个企业是如何做到的？]]></title>
  <content><![CDATA[△滇西北至广东±800千伏特高压直流输电工程1978年，全国电力缺口1000万千瓦，华东电网缺电最为严重，不少工厂被迫“停三开四”，居民的照明用电也不能保证。2018年8月9日，华东电网最高负荷达到2.8亿千瓦，年内第三次创历史新高。通过区外直流增送电力和省间电网互济，华东电网保证了在高温大负荷期间的安全稳定运行和电力有序供应。从“停三开四”到大负荷从容应对，改革开放40年间，我国电网发生了天翻地覆的变化。跨越发展的背后，中国能建承担了超过90%的电网工程勘察设计任务。文丨特约通讯员 齐立强从首个超高压到遍地开花经济要发展，电力须先行。电网是联系发电侧和用电侧的桥梁，需要通过削峰填谷，平衡电力供需，优化配置资源。1979年11月，由中国能建规划设计集团中南院参与设计的河南平顶山-湖北武昌500千伏输变电工程开工。由此，我国成为世界上第八个拥有500千伏输电线路的国家，与少数发达国家比肩。华中电网500千伏骨干网架自此逐渐成形。随后，葛洲坝和三峡工程的建设，为大规模、远距离输送电力的跨区电网建设提供了契机。葛洲坝水电站送出工程——葛洲坝-上海±500千伏直流输电工程，由中南院参与设计，于1985年10月开工，单极、双极分别于1989年、1990年投运，实现了华中、华东两大电网的异步联网，从此拉开了我国高压直流输电工程的新篇章。全国工程勘察设计大师、中南院原总工程师谢国恩，先后参与了平武、葛上直流等具有划时代意义的电网工程。“葛上直流工程启动时，我国还没有高压直流工程建设的经验，于是引入了国际上有实力的大公司进行EPC总承包建设。在和外国专家一起工作的过程中，不光学到了很多技术，还学到了很多管理经验。”谢国恩说。中国能建还参与了三峡输变电工程首个新建工程——500千伏南昌变电站的设计。“我们频繁与厂家和相关研究所沟通，对设计方案的可行性、可靠性反复进行论证，最后成功实现了国产设备用计算机对全站的监视控制和保护，这在当时是首创。”中南院副总工程师梁言桥说，“在某种程度上，我们颠覆了传统的设计理念，电网建设水平实现了飞跃。”从特高压到电网互联我国资源禀赋分布不均，能源资源主要分布在北部和西北部，负荷集中在东南部，这就需要发展电压等级更高、输送距离更长、电力损耗更低的特高压，在全国范围内优化配置电力。2005年，受两大电网公司委托，中电工程负责组织实施晋南荆、云广、向上等首批国家试验示范交直流特高压工程可研、设计，堪称世界输变电设计的“珠峰”。“无技术标准、无参照工程、无技术依托，一切从零开始。”项目完成人之一，全国工程勘察设计大师、电规总院总经理梁政平说。中电工程成立特高压工作领导小组，充分发挥电规总院技术、实践和综合管理优势，将中国最优秀的电力设计力量融合为一个整体，投入到特高压工程设计攻关中，高效推动设计咨询和科学试验之间相互融合、验证。2009年1月，1000千伏晋东南-南阳-荆门特高压交流试验示范工程投运；2010年6月，云广示范工程双极投产；2010年7月，向上示范工程双极投产。“从无到有，实现了一次非常艰难的跨越。”梁政平认为，中国能建在设计技术方面取得的突破，不仅为工程应用作出了重要贡献，还全面掌握了这一具有自主知识产权的最先进特高压输电设计技术。“这是世界上这一领域首套设计技术规范，是真正的中国标准。”从此，中国电网开始领跑世界，率先进入特高压时代。过去的10年里，随着国家大气污染防治行动计划的实施，交直流特高压工程建设进入高峰期。截至目前，我国已建成投运特高压工程21个，在建特高压工程6个。自首个特高压试验示范工程启动以来，中国能建开创目标导向、协同攻关、开放共享的工程设计组织管理模式，先后承担了10多项特高压工程的设计牵头工作以及目前国内所有在运在建特高压交直流工程的设计、咨询工作，全面掌握了特高压直流输电系统成套设计技术，研发创新了特高压直流换流站设备制造技术，实现了诸多前所未有的创新，全方位带动、提升了电力行业设计水平，为我国特高压工程的顺利实施和安全运行提供了重要的技术支撑。凭借在特高压工程建设领域的突出贡献，中国能建也两获国家科技进步奖特等奖：“特高压交流输电关键技术、成套设备及工程应用” 获2012年度国家科技进步奖特等奖，“特高压±800kV直流输电工程” 获2017年度国家科技进步奖特等奖。在建设特高压的同时，全国电网联网的步伐也在不断加快。2010年，新疆与西北750千伏电网联网工程投运，实现了新疆电网与主网的连接；2012年，世界上海拔最高、高寒地区建设规模最大、施工难题最多的输变电工程——青藏联网工程投运，架起了一条雪域高原的“电力天路”，标志着我国内地电网实现全面互联。这其中，处处可见中国能建人攻坚克难的身影。从中国走向世界在建设国际型工程公司的进程中，中国能建科学布局亚洲、非洲、拉丁美洲电网市场，保持了电网业务海外市场开发的良好势头，取得了丰硕的成果。在南亚，由西北院EPC总承包建设的500千伏巴基斯坦木扎法戈-盖提变电站扩建项目，是迄今为止当地电压等级最高的变电站，于2008年投运。目前，巴基斯坦±660千伏默蒂亚里-拉合尔直流输电工程正在如火如荼地建设中，项目建成后，将创造该国输变电工程电压等级的最高纪录。2016年1月，西北院、中南院中标中埃产能合作首个项目——埃及EETC500千伏输电线路工程，这是埃及规模最大、电压等级最高、覆盖范围最广的输电线路工程。自1996年在尼日利亚设立非洲总代表处以来，华北院已扎根非洲大陆20余载，先后参与建设MJ、ALG330千伏双回输电线路总承包项目，MP、Makurdi、Jos、Kukwaba等变电站总承包工程，在尼日利亚形成项目群。由电规总院承担咨询评审，中南院承担送受端换流站及接地极设计的巴西美丽山二期±800千伏特高压直流工程，实现了中国特高压直流输电技术及设备在海外市场“零”的突破，推动了具有我国自主知识产权的技术装备走向国际市场。蒙古国330千伏乌兰巴托-曼德勒戈壁输电线路、埃塞俄比亚-肯尼亚±500千伏直流输电线路工程、卢萨卡输变电改造项目……中国能建依托勘测设计优势，勾勒出一条条纵横于广袤天地的能源大动脉，为加快建设国际型工程公司增添了源源动力，也在世界电网建设史上留下了闪亮的篇章。改革开放40年，沧海桑田一瞬间。中国电网不仅实现了电力“接得住、落得下、用得好”，实现了全国范围内的电力供需平衡，而且实现了技术、标准、建设、装备“走出去”，来自中国、来自中国能建高超的“织网工艺”正在惠及世界上更多渴求光明的人。End欢迎分享给你的朋友！出品 | 中国能源报（ID：cnenergy）责编 | 卢奇秀推荐阅读深度丨首提配额补偿金，“绿证”代替部分补贴，可再生能源配额制将迎重大变化能源装备上市公司半年报出炉： 行业整体向好，企业表现“超预期”3.2元/方高价！中石油单方面调涨多地气价，“供需自主协商”宛若“一纸空文”]]></content>
  <author><![CDATA[中国能源报]]></author>
  <time>2018-10-07 09:26:58</time>
  <account><![CDATA[cnenergy]]></account>
</data>
