<data>
  <id><![CDATA[50754744]]></id>
  <url><![CDATA[https://mp.weixin.qq.com/s?timestamp=1539596304&src=3&ver=1&signature=Egrj350GoKY8-KUcIJshb-f8O*YNoP8U20Xp2DwjI8eTVOIDADLPxobMX6i3dMX93knly9tHIzOqTcVbUzbJS8*WCDTAbEC5fg*97yA65GoiafOLiTm0OC*W73Qu66gllJ**aCACiMnllX-WLkh2gBGxzzsjZ8ZUTYQuL9FVf0s=]]></url>
  <title><![CDATA[装上“充电宝”深圳电网更灵活|城市能源变革样板]]></title>
  <content><![CDATA[9月25日，南方电网调峰调频发电公司负责建设的首个设备国产化项目——深圳抽水蓄能电站（下称“深蓄电站”）4×30万千瓦发电机组全部投产，标志着我国抽水蓄能机组制造行业的创新发展跨出了重要一步。深蓄电站位于深圳市盐田区和龙岗区之间，距深圳市中心约20公里，距离香港、大亚湾核电站、岭澳核电站约25公里。该电站项目概算静态投资49.48亿元，总装机容量为120万千瓦，设计年均发电量15.11亿千瓦时，承担电力系统调峰、填谷、调频、调相以及紧急事故备用任务。深蓄电站全面投产，相当于深圳市区内少建一座相同规模的大型火电厂，为当地建设发展带来了“碧水蓝天”。据运行工况测算，深蓄电站全面投产后，每年可节省天然气1.83万吨、可节约标准煤15.8万吨、减排温室气体总量约2700吨。那么，深蓄电站对深圳电网电源结构有什么影响，继而对深圳的能源变革将带来怎样的影响？带着这些问题，记者进行了采访。文丨本报记者 路郑  实习记者 赵紫原给城市电网装上“充电宝”作为粤港澳大湾区核心城市，深圳的经济密度和能量密度位居我国前列。根据深圳供电局电力调度控制中心（下称“深圳调度”）信息显示，2018年6月全市最高负荷17135.3千瓦，比去年同期增加6.08%，最大峰谷差高达8833.56千瓦。作为负荷高度集中的典型受端电网，建设安全稳定、经济高效的调峰调频电源是该区域经济发展的必要保障。电力负荷低谷时利用电能抽水至上水库，电力负荷高峰期再放水至下水库发电的抽水蓄能电站，被称作“调峰神器”。南方电网调峰调频发电公司深圳蓄能发电有限公司工作人员向记者介绍：“抽水蓄能电站利用电能和重力势能的相互转化来实现调峰，因启停灵活而成为保障电力系统调频、调相等电网操作的首选电源，被形象地称为城市备用应急的超级‘充电宝’。”在此背景下，国家可再生能源发展“十二五”规划项目将深蓄电站列入其中，广东省和深圳市政府也将深蓄电站作为重大建设项目，通过4回220kV线路接入深圳电网，为电网的安全稳定运行添置了一道可靠的“安全阀”。解决近1/3的调峰需求据了解，深蓄电站在调峰填谷、调相调压等方面发挥着显著作用。显著之处主要在于“灵活”。深蓄电站机组最快可在120秒内响应启动供电，特别在迎峰度夏等关键时期发挥作用。在负荷高峰时，机组发电可缓解深圳电网宝安站、深圳站500千伏主变的下送压力，提高片网的供电能力；在负荷低谷时，电站通过抽水消纳岭澳核电出力，有效避免运行断面长期重载等问题。此外，在发电和抽水工况下均可以进行系统电压调节，进一步提高深圳电网运行安全。深蓄电站负责人向记者介绍：“深蓄电站全面投产后，可为深圳电网提供120万千瓦的调峰能力，占深圳电网总装机容量的8.7%，解决近1/3的调峰需求，很大程度地增强深圳电网的事故反应能力，同时，也适应了‘西电东送’输电网络复杂的运行要求，为清洁电力安全抵达落点深圳提供了保障。”除调峰填谷外，在事故备用方面，深蓄电站是深圳电网最为理想的“黑启动电源”。2017年11月深蓄电站#1机组投产，#2、#3机组分别于2018年3月、6月投产发电。随着机组陆续投运，全厂机组的总启动次数也在不断增加。截至目前，2018年全厂机组总启动次数957次，平均每天启动3.68次。引领城市大型水电站建设传统的抽水蓄能电站多分布在远离城市的山区，而深蓄电站距市中心直线距离仅20公里，同时紧靠国家5A级生态旅游示范区——东部华侨城，是我国首次在超大城市中心建设的大型抽水蓄能电站。深蓄电站最与众不同之处在于，其四周环绕着密集的工业区、居民区和生态旅游示范区，与一般市政工程相比建设难度可见一斑。举例来说，深蓄工程开挖规模大、火工材料需求量大，但是施工现场不允许设立炸药库，爆破所用相关材料的运输和使用均受严格管制，开挖受此制约很大。深蓄电站负责人告诉记者：“施工过程中，下库进出水口紧邻交通要道横坪公路，高峰期每小时车流量超过3000辆，我们进行爆破施工时最近的一个爆破点距离铜锣径大桥仅30米，稍有不慎就可能造成严重事故，这种例子还有很多。”也正因特殊的地理位置，深蓄电站从规划设计到施工建设的全过程，秉承“与城市融为一体”的安全、环保建设理念。从爆破作业的第一声“轰隆”炮响，截至工程全面投产，深蓄电站已安全施工2459天，顺利完成工程开工、厂房开挖、下闸蓄水等里程碑目标，减少植被破坏近2万立方米，并节约投资近200万元。登顶梅沙尖，深蓄电站大坝与华侨城景色尽收眼底并融为一体，为深圳经济发展输入源源不断的动能。End欢迎分享给你的朋友！出品 | 中国能源报（ID：cnenergy）责编 | 卢奇秀推荐阅读四川煤电2016年补贴金锐减！水电发电量减少，补贴由5亿元降至1.9亿元酒泉发问：“风电三峡”路在何方？承担超过90%的电网工程勘察设计任务，这个企业是如何做到的？]]></content>
  <author><![CDATA[中国能源报]]></author>
  <time>2018-10-10 12:56:49</time>
  <account><![CDATA[cnenergy]]></account>
</data>
