<data>
  <id><![CDATA[50754744]]></id>
  <url><![CDATA[https://mp.weixin.qq.com/s?timestamp=1539596304&src=3&ver=1&signature=Egrj350GoKY8-KUcIJshb-f8O*YNoP8U20Xp2DwjI8eTVOIDADLPxobMX6i3dMX93knly9tHIzOqTcVbUzbJS7pWSwdzICp9turlaA58*zk5F6T5e8FhIpWS3iYYWnE63KmTJk7l*94AdE9M-hLMIGAfdC1e5HlT8e8pS-*7caA=]]></url>
  <title><![CDATA[邀请|2018分布式能源产业发展与企业综合能源服务转型论坛]]></title>
  <content><![CDATA[2018分布式能源产业发展与企业综合能源服务转型论坛2018年11月2日—3日 中国 ·北京大会背景进入2018年以来，分布式光伏和热电联产发展遇阻，分散式风电发展提速。5月31日，国家发展改革委、财政部、国家能源局发布《关于2018年光伏发电有关事项的通知》，对分布式光伏设指标限制，并下调补贴；7月份，国务院发布的《打赢蓝天保卫战三年行动计划》指出原则上不再新建天然气热电联产和天然气化工项目。2018年4月，国家能源局印发《分散式风电项目开发建设暂行管理办法》的通知，鼓励各类企业及个人作为项目单位投资、建设和经营分散式风电项目。与此同时，随着能源科技以及移动工业互联网的发展，未来的分布式能源系统将呈现出综合一体互补和智慧化特点。新城镇、新工业园区、新建大型公用设施（机场、车站、医院、学校等）、商务区和海岛地区等新增用能区域，将“因地制宜、就地取材”， 综合利用风能、太阳能、生物质和地热能的分布式供能系统满足新增用能需求。分布式智能供能系统将在工业园区、城镇社区、公用建筑和私人住宅开始应用，“互联网+”智慧能源将在能源生产、输送、使用和储能体系等多环节广泛使用。分布式能源项目是根据客户的冷热电等多种能源需求，进行方案设计，并提供售电、售热冷等多种基础能源服务，从以往单一产品为中心的服务模式转向以客户为中心的定制化服务模式，随着分布式能源项目的普及以及智慧化发展，围绕解决新增用户及存量用户用电、气、热冷、油等多种需要，提供解决方案及市场交易的综合能源服务将会蓬勃发展起来。新形势下分布式能源市场面临挑战，同时又有新机遇，市场形态跌宕升级，让我们分布能源人一起相聚，总结过去，把脉未来行业发展，共同探讨在项目审批、补贴、系统设计、运营维护、融资、设备、市场化交易等环节存在的诸多问题、可优化之处、市场机遇以及未来之路；此次论坛旨在搭建专业人脉圈子，结识各界人士；高端对话、犀利演讲、热点探讨等深度交流期待你的参与。时间/地点论坛时间：2018年11月2-3日论坛地点：北京主办单位：中国能源报、中国分散式风电应用展联盟学术支持：中国能源经济研究院拟定日程时间主要议题11月2日领导致辞分布式能源发展政策梳理及展望？煤改气、改电、散煤治理带来的机遇？互联网+分布式能源，未来的智慧能源形态？我国微电网项目开展现状及趋势？国内能源互联网项目建设及未来发展趋势？储能在未来能源体系中的扮演的角色及市场价值？天然气分布式能源市场总结与预测已投运项目经济性、区域及社会效益分析；蓝天行动计划对新项目拓展的影响及应对；燃机等天然气分布式能源项目核心设备技术趋势；气价、气源等大势研判；分布式光伏如何突围海外市场如何拓展；光伏扶贫如何推进；2019户用分布式光伏市场规模预测及国家补贴标准预测；无补贴项目如何开展，区域选择，项目类型；光伏+储能；光伏电商；生物质热电供暖及垃圾发电项目建设及市场预测行业交流晚宴11月3日万亿综合能源服务市场如何打开？不同类型企业综合能源服务市场切入策略；综合能源服务体系如何构建；企业综合能源服务业务开展现状及市场份额；企业综合能源服务业务口碑榜单；中国风电应用及分散式规划开发研讨2018年分散式风电发展状况及格局分散式风电经济性测算百强分布式能源企业榜单发布拟参加企业和人数中石油、中海油、中石化、国网、南网、神华、华润、国电、华电、华能、中电国际、国核、国网能源研究院、南方电网、陕西电网、中国神华综合能源、中建筑、中国能建、中广核、中材节能、中船重工、东方电气等分布式能源精英俱乐部成员、政府部门及协会学会、油气公司、电力、市政设计院、光伏、风电、 电力电网企业、系统集成商、能源服务公司、设备提供商、项目业主、科研及投融资机构等分布式能源企业，参会人数预计400人左右。参会事项有意冠名、赞助、主题演讲、礼品、招待晚宴、专题对话、优秀项目申报的单位，请尽快与大会组委会联系。详情咨询：杨先生 15801248899  王先生 15201547047]]></content>
  <author><![CDATA[中国能源报]]></author>
  <time>2018-10-12 18:19:54</time>
  <account><![CDATA[cnenergy]]></account>
</data>
