<data>
  <id><![CDATA[50754744]]></id>
  <url><![CDATA[https://mp.weixin.qq.com/s?timestamp=1539596304&src=3&ver=1&signature=Egrj350GoKY8-KUcIJshb-f8O*YNoP8U20Xp2DwjI8eTVOIDADLPxobMX6i3dMX93knly9tHIzOqTcVbUzbJSzt8s2II2aYpfjcASuioo14kVBrLhx*hRi1rVkkAxU8Y8FYrNguiGvW5ou1VNhY*muOYk*Z8TyTwpxhkv9CT-6M=]]></url>
  <title><![CDATA[首个公开交易的“进口LNG窗口期”产品如期落地]]></title>
  <content><![CDATA[△“进口LNG一站通”中海油粤东LNG接收站首车出站10月11日上午，我国首个进口LNG窗口期产品的提气槽车在中海油天津、浙江、粤东、福建、珠海五个接收站顺利出站。根据前期安排，首次试点的卸船日期预计为10月25日，卸船窗口期15天前开始预提气，提气周期45天。10月11日上午，龙口胜通能源有限公司开始从中海油天津、浙江、粤东、福建、珠海五个LNG接收站同时开始提气，当日共计提出52车1040吨LNG。这意味着进口LNG窗口期首期试点产品已全面进入合约执行阶段。△“进口LNG一站通”中海油浙江LNG接收站首车出站进口LNG窗口期产品是中海石油气电集团与上海石油天然气交易中心经过周密设计共同推出的第一个对外开放的窗口期产品，是对LNG基础设施向第三方公平开放的积极尝试。首个窗口期产品于9月20日通过上海石油天然气交易中心平台由龙口胜通能源有限公司与振华石油控股有限公司以联合体的形式在竞拍中以0.265元/方的价格成功购得。在该联合体中，由振华石油负责采购国际LNG资源，通过中海油提供的“进口窗口期”将LNG资源运回国内，再由胜通能源负责对接国内下游市场。0.265元/方包括了货物保险、检验检疫费、第三方检验、港口建设费、报关报检费以及相关资金费用等固定和变动成本，但不包括接收站使用费（该费用交易前已明确，不属于交易竞拍范围）。△“进口LNG一站通”中海油天津LNG接收站首车出站为确保客户顺利提气，中海油作为主办方以中海油天然气销售运营管理中心为统一对外服务窗口，采用“单点卸货，多点液气态混合提气”的模式提气。该中心专线对接、统筹安排，从客户提气前的气款预收、站点报备，到提气期的计划审批、路线跟踪，再到提气后的实际气量汇总，提气金额结算，为客户提供一站式提气服务，协助客户有效、便捷、流程化完成窗口期内的提气计划。为响应国家能源局《油气管网设施公平开放监管办法》（征求意见稿）的政策要求，船货卸载和提气均采取热值为计量单位，更加科学和公平。此外，据介绍，本次交易中胜通能源与振华石油组成的联合体采用履约保证金和预付款模式管控合同履约风险。据透露，第二期试点交易将于10月17日开展。中海石油气电集团有限责任公司LNG贸易经理魏琳表示，中海油将不断优化规则，联合交易中心共同推出形式更丰富的进口LNG窗口一站通产品，满足不同客户的需求，实现现有经营模式向服务型贸易、共享模式、平台模式的转变。End欢迎分享给你的朋友！出品 | 中国能源报（ID：cnenergy）责编 | 卢奇秀推荐阅读酒泉发问：“风电三峡”路在何方？必读丨储能产业发展这五大问题尤需关注，必须搞清楚！（附建议）能源局：全国生产煤矿产能34.91亿吨/年]]></content>
  <author><![CDATA[中国能源报]]></author>
  <time>2018-10-11 18:00:22</time>
  <account><![CDATA[cnenergy]]></account>
</data>
