<data>
  <id><![CDATA[50754744]]></id>
  <url><![CDATA[https://mp.weixin.qq.com/s?timestamp=1539596304&src=3&ver=1&signature=Egrj350GoKY8-KUcIJshb-f8O*YNoP8U20Xp2DwjI8eTVOIDADLPxobMX6i3dMX93knly9tHIzOqTcVbUzbJSx0ERSpmg6IeH3BU*w-3G6GU3kAqzX0e9akt1xp3Xmeqt8FeY2Fk6wKpk5hdSvg8ruAeRBL-yAE10lQinTryB8E=]]></url>
  <title><![CDATA[邀请|2018中国能效论坛即将召开！]]></title>
  <content><![CDATA[2018中国能效论坛一、会议背景能源安全、环境保护、气候变化是人类面临的共同挑战，绿色低碳、节能减排已成为一项关乎政治、经济与社会的重大命题。中国一直是节约能源资源的倡导者和实践者，大力推进生态文明建设，实行能源消费总量和强度双控行动，优化能源结构，强化节能目标责任和法规标准约束，实施全民节能行动计划和重点节能工程。节能是被国际公认的最清洁、最经济的“第一能源”。提高能效不只是弥补能源供应不足的辅助手段，更是满足能源需求增长、保障能源安全的重要措施，是降低环境污染、减少温室气体排放的有效途径，以及培育经济发展新动能的重要内容。进入绿色发展新时代，节能的地位和重要性日益突出，成为增强综合实力和国际竞争力的必由之路。2018年是贯彻落实党的十九大精神的开局之年，是改革开放40周年，更是决胜全面建成小康社会、实施“十三五”规划承上启下的关键一年。党的十九大报告也指出，“人与自然是生命共同体，降低能耗、壮大节能环保产业，推进资源全面节约和循环利用。”为贯彻落实习近平总书记生态文明思想，积极推动重点节能低碳技术的普及应用，有效推进节能低碳领域新思想、新概念、新方法的交流与融合，充分发挥节能低碳新技术在推动经济转型、绿色发展和生态文明建设中的示范引领作用，探寻一条节能高效、清洁低碳的绿色发展路径，中国能源报社于11月24日，在河南省三门峡市组织召开主题为 “新动能·新生态”的首届“中国能效论坛”。在此，诚挚邀请国内外政界高层、学界名家、企业精英“论道三门峡”，互相交流、展望未来，在新的历史起点上，为化解能源资源和环境约束的世界性难题提供“中国方案”。二、会议组织框架会议主题： 新时代  新动能时间：11月24日(23日报到)地点：河南 三门峡指导单位：人民日报主办单位：中国能源报社承办单位：三门峡市人民政府学术支持单位：中国能源经济研究院参会单位：河南省、河北省用能单位，重点耗能央企，三门峡市用能企业，金融机构，节能环保行业企业。支持媒体：人民日报 经济日报 光明日报 工人日报 中国环境报 河南日报 中国能源报 人民网 新华网 河南卫视 三门峡电视台《节能环保》杂志 腾讯视频 新浪视频 节能有道公共微信号 中国能源网 《中国能源报》微信、微博等。三、议程（暂定）时  间日 程（11月24日上午）08:30—09:00领导致辞09:00—12:00主旨演讲09:00—09:20推动能源革命 加快生态文明建设09:20—09:35绿色转型与企业责任09:35—09:45“一带一路”战略下节能环保产业迎来重大发展机遇09:45—10:05壮大节能环保产业 加快推进绿色发展10:05—10:20茶 歇10:20—10:40黄河三角洲节能产业绿色高效发展10:40—11:00未来能源发展趋势11:00—11:20中国能源战略风险和机遇11:20—11:40把绿色金融打造成绿色发展的新引擎11:40—12:00中国城市能效排行榜 榜单发布12:00—14:00午 餐14:00—14:20实施冬季清洁取暖工程 打赢蓝天保卫战14:20—14:40环保设施不断增加的情况下，如何降低系统能效14:40—15:00新时期下跨行业能效评价体系的建立和运用15:00—15:15城市能源消费结构的优化调整15:15—15:30茶 歇15:30—18:00对话环节15:15—18:00煤炭清洁高效利用节能技术发展的趋势和应用选择路径绿色金融与节能产业发展的需求对接节能的地位和作用18:30晚 餐: 天鹅之夜（暂定）四、会务联系联系人：聂飞联系电话：010-65369436，18618281899参会回执表（点击下载）有意赞助、主题演讲、专题对话、礼品、招待晚宴，咨询电话：聂飞010-63369436/18618281899，全松涛010-87945132 /13601262191（微信）邮箱：657228951@qq.com备注：本次会议协议酒店，可自行联系，费用自理（价格350元/天）。三门峡天鹅城国际大酒店电话：(0398)5199999，地址：湖滨区传媒大厦(三门峡国际文博城北)  联系人：张文娟 17698203670]]></content>
  <author><![CDATA[中国能源报]]></author>
  <time>2018-10-09 16:59:33</time>
  <account><![CDATA[cnenergy]]></account>
</data>
