<data>
  <id><![CDATA[52579847]]></id>
  <url><![CDATA[http://mp.weixin.qq.com/s?src=11&timestamp=1538410511&ver=1156&signature=*17m8amJODnHcKfoyDtjd8p3ur*xdGN40WTitjkSs1lKNfimkzxgW5ao-6wATfX3eBxHJbC5Fn8h1wOQsD89FcFCt1zTWwaBRdPL*YhlqGV6qROYX02-T6hWrAxWD6TS&new=1]]></url>
  <title><![CDATA[大学校长诱奸案后续  学生读书千万谨慎]]></title>
  <content><![CDATA[千万注意这所学校发生校长桃色丑闻后被审查现或面临关门风险在读学生前途未知温馨提示学生入学务必谨慎选择学校 早有前科——贷款欺诈天怒人怨 ASA大学近些年来其实早有各种绯闻缠身。仅仅在几年前，学校学生就因为ASA大学私自给学生申请学生贷款的问题，而将学校告上法庭。据纽约法律援助协会称，一旦学生报名并提供了相关的证件与个人信息给ASA大学，学校就会利用这些信息，悄悄地开始做手脚——在学生不知情的情况下为学生申请学生贷款。 这笔学生贷款不仅仅被学校用于支付学生的学费，而且还会被学校拿出一部分来直接发给学生，给学生造成了“上学不用钱，还能给学生退钱”的假象！大量学生一直被蒙在鼓里，一直要等到学生毕业，才会发现自己竟然欠了一屁股债！ 最终，ASA学校承诺整改，并缴纳了大笔的罚款。 再次面临审查——情色丑闻后果严重 无独有偶，ASA大学在前不久，竟然再次身陷桃色丑闻——根据此前纽约邮报的报道，该校校长在几周前竟被指控利用职权诱奸女学生。此后，引发政府对于ASA学校再次进行大规模调查。 据悉，在情色丑闻发生后不久，ASA大学董事会就将原校长Alex（100%控股ASA大学的学校实际所有人）“调离”职位，并重新任命学校的其他高级管理人员掌管学校。2周之后，原校长Alex正式宣布退休，不再担任ASA大学的任何职务。 校长Alex然而，这并没有使包括移民局、教育局在内的政府部门对ASA大学的审查停止。其原因就在于，该丑闻的发生不仅仅是前校长Alex一人的问题，而是ASA大学的系统性问题。据悉，在丑闻被爆料之前，早已有学校内部工作人员及学生向学校反应此事，但是由于前校长及前校长夫人（时任ASA大学人力资源部主管）的关系，统统被压了下来。 据教育界相关人士称，此次对于ASA大学的审查将对学校非常不利，甚至学校未来能否正常运营都是一个巨大的疑问。如果有学生有意入学，还希望可以谨慎考虑之后，再做打算。 关门大吉风险显现 在读学生需谨慎就读 据记者调查，ASA大学目前在财政状况上也面临严重的危机，这将有可能是导致该学校关门倒闭的最后一颗稻草。据悉，为节省学校财务开支，ASA大学目前除招生部门依旧全职工作外，其他的学校部门职位都已经调整成Part-Time职位——每周只有四天工作时间。 教育业界人士介绍说，一旦ASA大学倒闭关门，学校将无法继续履行教学义务，不再能给学生颁发毕业证书与学位，不仅能否给学生退款是个问题，而且目前在读学生数年的努力将很有可能付之东流。故而，需要严正提醒ASA在读学生及希望就读ASA大学的学生，在入学前谨慎考虑后续风险。又一案例：移民局教育局统统来查——学生上学需谨慎位于法拉盛中心区的博尔顿国际学院近期真的遇到了麻烦事。一名拥有-20的国际学生一纸诉状，将博尔顿国际学校告上了法庭。 据悉，博尔顿国际学院是一所语言学校。该学校不仅为学生提供ESL（英文为第二语言）课程，还为学生提供各类的After-School课程项目。而此次状告博尔顿国际学院的，正是一名在该校就读语言课程的国际学生。 据知情人士透露，学生在入学后由于学校无法按照课程安排正常开课，故而要求学校退款。而校方的态度则是强硬拒绝，不打算为该名学生退款。因此，这名国际学生便一纸诉状将学校与他之间的纠纷诉诸公堂。日前，已有移民局、教育部等相关部门突击审查博尔顿国际学院，取走大量多年来记录学校学生学生情况的资料进行审查取证。而一旦查证出有不符合规范的学生案例，相关部门将不仅对在读学生，还会对已经毕业的学生采取相应措施。据记者走访了解，部分博尔顿国际学院的内部工作人员对学校未来经营已经状况失去了信心。 针对于ASA大学及博尔顿学院当下面临的诉讼与审查，教育界相关人士特别提醒，在上学读书之前要谨慎选择学校，以防为未来带来不必要的麻烦。]]></content>
  <author><![CDATA[美国168资讯网]]></author>
  <time>1538410167000</time>
  <account><![CDATA[meiguo-58]]></account>
</data>
