<data>
  <id><![CDATA[124191945]]></id>
  <url><![CDATA[http://mp.weixin.qq.com/s?src=11&timestamp=1538410511&ver=1156&signature=MzgusqUU-ItIF4gQHJ5Pn*h1-QLl6GJuWQ6nkJWq-Qi03kXRIedEmgnuGgJ6Ef1Kh1TgLXvlmMPdvVOgpxmMy970HlILBecfZygTD4mFK8mZZ9yBVQNwZKhMpHCIB*U1&new=1]]></url>
  <title><![CDATA[读书与不读书的人生，到底差在哪里]]></title>
  <content><![CDATA[在知乎，关于“阅读对人的影响有多大”的问题下，有这样一个高赞回答： “我读过很多书，但后来大部分都被我忘记了，那阅读的意义是什么？ 当我还是个孩子的时候，我吃过很多食物，现在已经记不起来吃过什么了。但可以肯定的是，它们中的一部分已经成为我的骨头和肉。” 互联网的时代背景下，也许大多数人都习惯了，碎片化信息带来的即刻愉悦和满足感。 但是他们却忽略了，阅读能在长年累月的积攒中帮你成为更好的自己。 村上春树在《我的职业是小说家》一书中，形容“阅读”这种行为，原本就是一所大学。在他眼中，阅读是为自己建立和运营的量身定制的学校，在那里，你能亲身学到许多重要的东西。更重要的是，“那里既没有烦琐恼人的规则，也没有分数评价，更没有激烈的名次争夺，当然也没有校园欺凌。 我能在制度的重重包围下，巧妙地确保另一种属于自己的制度。” 对人们而言，阅读，不仅是能获取知识的渠道，更是构建属于自己独立认知的方式。 在当代中国，提起阅读，有一个不得不说的人。他不仅被誉为企业家里能数一数二地能读书会读书的人，还与好友一同，以“读书启蒙”的宗旨，创办了中国近二十年来影响力极为突出的读书会。 他就是任志强。是成功的商业大咖也是“理论素养极高”的企业家众所周知，他是一个成功的商人。1984年，刚加入华远的“临时工”任志强就能为公司赚30万的巨额收入。在成为华远的董事长后，他更带领着公司成了中国第一个中外合资的股份制企业，中国第一家在香港上市的地产公司。2001年，二次创业的他，在背负着20万借款的情况下，重新创立华远地产，然而到2014年宣布退休时，他又一次带领华远地产成为了市值达180亿的大集团。在过往40余年的从商经历里，他积攒了无数普通人不会知道的商业理论知识、实战经验和纵横高层的人生感悟。关于商学，他是顶级的商业大咖。只是，单拿商业上的成功来定义任志强，是远远不够的。许多人以为他无非是个市侩商人，但事实上，他却因为读书，被经济学家张维迎称作是“理论素养极高”的企业家。而读书很重要的作用是，开拓人的思维方式，锻炼反应速度、思维宽度和深度。每日阅读6万字知识是治疗恐惧的药任志强的父亲曾教会他，“在阅读中学习知识、独立思考，不盲从，也不偏听偏信。”20余年，坚持每日阅读不少于6万字书的任志强更直言：“所谓读书的意义，大概就是让人眼界更开阔，对自我有更清醒的认识，而不至于狂妄。”在刚刚任职华远管理企业时，他瞄准管理、政治类的书籍，快速补充现需的知识技能。时至今日，任志强的身份处境变了，他的书单也从原来的政治学、管理学相关变化到了社会类、经济学类、历史类和高科技互联网等更多的类别。他坦言，“用世界上最先进的知识来武装自己，而不是仅仅用我们眼前能得到的东西和看得见的东西来武装自己，要把眼界无限开放。因为如果不打开窗户，阳光是进不来的。”其实，不仅仅是自己坚持读书，在2011年，任志强与好友王巍，一同成立了中国金融博物馆书院，定期开展线下的公益读书会活动。他出资1000万，按“央视标准”将华远集团办公楼的一层改造成了演播厅，用作读书会的场地。他将读书会的宗旨定义为“启蒙”，并鼓励更多的普通人参与到阅读中来，感受书籍带给人们认知和行为上的改变。尽管读书会的会场只有350个座位，但从创办以来，几乎场场爆满，最多一次的报名观众达9000余人。这其中有专门从深圳打“飞的”来北京的普通人，也有通过秘书报名参加读书会的副省长……发展至今，任志强的读书会在中国早已拥有了巨大的影响力。书不再是匮乏之物而读书的意义仍然重大年逾60的任志强常常感慨，“这个时代，书不再是匮乏之物，而读书的意义仍然重大。”作为一个成功的商人和尊崇阅读的践行者，他成立读书会去推荐书目，推广阅读，一方面是打通商界精英与社会大众交流的渠道，更重要的一方面是帮助青年们去培养独立思考的能力，不做乌合之众，能少走一些弯路。而现在，任志强想用更直接的方式让所有人都能参与到阅读的“启蒙”和与商界精英的沟通中来，这也是任志强联合网易公开课推出《任志强商学课》的主要原因之一。其实，听顶级精英分享他们爱看的书和曾经走过的路，不仅仅是在听一段故事，更是在探听这个时代的大势和成熟企业家们的思维方式。对普通人而言，《任志强的商学课》，既没有时间和地域的限制，也不用花费高昂的费用，你能亲自体验到的是顶级的商业大咖在与你一同阅读，并向你讲述成功的从商之道，分享纵横于高层之间的人生经验，帮助你培养独立的思考能力和开阔的眼界。为此，任志强将首次公开自己的私人书房，亲选100本经典书籍，回溯40年从商生涯，结合亲身案例及时事热点，为你剖析商业的本质，讲述经济运行的规则。哈佛大学公开课的幸福课里，TalBen Shahar说“智商和家庭背景决定不了你长远的成功。要获得成功，一要有自信，二要保持一颗探索世界的好奇心。”而《任志强的商学课》，是我们为所有想提升自我的人和顶级商业大咖之间，架起的一座沟通的桥梁，我们希望你能从中收获到的，是阅读带来的更深刻的自我认知，是成功精英分享的商业赚钱的奥秘，更是交流后你的眼界、思维和格局的全方位提升。▼现在就行动！地产大佬任志强带你走进他的私人书房学经济3小时45万元的任志强私人时间现在每天不到1元钱限时特惠黄金会员原价199元 现在仅需99元 白金会员原价568元 现在仅需368元长按扫描图中二维码 查看详情讲师介绍任志强前华远集团总裁前北京市商业银行监事前新华人寿保险公司董事中国金融博物馆书院创始人课程大纲大咖推荐   黄金会员将获得明星董事长的经营之道地产预言家的洞察智慧商业研究者的思考方法60期独家音频 & 60本经典正版书除此之外，白金会员还将获得： 添加任志强私人微信好友优先参与4场线下私密读书会优先参与10场线上直播互动60期独家音频 + 40期特别音频60本经典正版书+40本精选正版书任志强自传签名书籍+任志强私藏书单男人书房尊享会员卡▼现在就行动！地产大佬任志强带你走进他的私人书房学经济3小时45万元的任志强私人时间现在每天不到1元钱 限时特惠黄金会员原价199元 现在仅需99元 白金会员原价568元 现在仅需368元长按扫描图中二维码 查看详情订阅须知1. 音频课程可以在H5链接中收听，视频课程需用微信登录网易公开课App观看2. 如果您之前是网易邮箱登录公开课app，请改为微信登录，即可学习本课程3. 如在购买后有任何疑问，可进入“网易公开课服务号”留言4. 本课程为虚拟内容服务，一经订阅成功概不退款，请您理解戳阅读原文，查看详情]]></content>
  <author><![CDATA[浪潮工作室]]></author>
  <time>1536376200000</time>
  <account><![CDATA[WelleStudio163]]></account>
</data>
