<data>
  <id><![CDATA[50546808]]></id>
  <url><![CDATA[https://mp.weixin.qq.com/s?timestamp=1539596625&src=3&ver=1&signature=Egrj350GoKY8-KUcIJshb2jAZfu-gwFjxrN9hjPyg-f83DMGMeGmDvLYz9HSq-vmwy8dXzG6NSQEIX24raMKlhc8rGjKuhE5R*gZsqkJ3g9-*KRWbxLteWnXvytjmgI0k2T2RUYaeDh51DpefF4GAnL0DOsE5QFyzeTgToJmKds=]]></url>
  <title><![CDATA[想你~念你~牵挂你谢军;《山谷里的思念》《那一夜》送给思念的你，心里都是你！]]></title>
  <content><![CDATA[：请点上面 免费听好歌"大千世界，芸芸众生，匆匆忙忙中我们来到这个世界，幽幽暗暗中，我们开始起笔我们的人生。浮躁中，渐渐失去了心灵中固有的那片单纯，与无数个日夜中反复思索：我们究竟要做什么，这一生才不会浪费掉。 失败是常有的，成功是偶然的;付出是应该的，得到是暂时的;幸福是相对的，痛苦是经常的;生命是倒计时的，日子是往前看的;未来是说不清的，生活是道不尽的;辉煌总会来的，霉头总会过去的;命是要信的，运是要开的;人生是需要悟的，生命是需要爱的。 人就这么一辈子，开心也是一天，不开心也是一天，所以你一定要给力开心。人就这么一辈子，做错事不可以重来;碎了的心难再愈合，所以你一定不能事后后悔。人就这么一辈子，过了今天就不会再有另一个今天;一分一秒都不会再回头，所以你一定要珍惜每分每秒。请记得一辈子要都微笑面对任何挫折。"1、永远不要低估你改变自我的能力。2、要在这个世界上获得成功，就必须坚持到底：至死都不能放手。3、运气永远不可能持续一辈子，能帮助你持续一辈子的东西只有你个人的能力。4、人生十字路口是一道选取题，谨慎选取才能确保正确方向，糊涂选取就易步入歧途，放下选取就会迷失方向。5、人生但是是一张清单，你要的，你不要的，计算得太清楚的人通常聪明无比，但，换来的却是烦恼无数和辛苦一场。6、爱父母，因为他们给了你生命，同时也是爱你爱的最无私的人。7、有了坚持不一定成功，但没有坚持，就注定失败。对于成功，坚持的塑造必不可少！8、不好瞻前顾后；别思考得太多，否则会造成原本不存在的麻烦。审时度势，果断出击。你没法改变你拒绝应对遭遇。进步就意味着风险。9、太阳虽有黑点，却在奋力燃烧中树立了光辉的形象。10、同是一件事一句话，如果用和气谦虚的态度说，往往会帮忙我们到达目的；反之，盛气凌人之下就算费了很大力气，不但无法到达目的，甚至可能引起大家误会，造成反弹。]]></content>
  <author><![CDATA[英文报刊杂志]]></author>
  <time>2018-10-15 14:25:00</time>
  <account><![CDATA[gh_cd2d5b2274b1]]></account>
</data>
