<data>
  <id><![CDATA[50546808]]></id>
  <url><![CDATA[https://mp.weixin.qq.com/s?timestamp=1539596625&src=3&ver=1&signature=Egrj350GoKY8-KUcIJshb2jAZfu-gwFjxrN9hjPyg-f83DMGMeGmDvLYz9HSq-vmwy8dXzG6NSQEIX24raMKlhc8rGjKuhE5R*gZsqkJ3g*EB5iH7gxqMz8sUR3Uu6RYDRbkh8QPtfkhLY6GzXrLhCPqTDZno0FdxHtv55Qn7Ys=]]></url>
  <title><![CDATA[春晚金曲《十五的月亮》《好日子》《常回家看看》首首好听！收藏好慢慢听！]]></title>
  <content><![CDATA[：请点上面 免费听好歌问题：怎么才能每天收到这么好听的歌曲答案：只需点击箭头上边《九妹山歌》即可"有时候，我们感觉走到了尽头，其实只是心走到了尽头。再深的绝望，都是一个过程，总有结束的时候，回避始终不是办法。鼓起勇气昂然向前，或许机遇就在下一秒。几米说过，我总是在最深的绝望里，看见最美的风景。 人们常说细节决定成败，一件事物又何尝不是如此。很多东西我们看起来平凡而又普通，但当我们细细去观察，你会发现一些细节上的别致之处。人无贵贱，众生平等，为人处事，谦卑先行。谦卑，就是自重；傲慢，就是自轻。谦卑在人前，所向尽通；傲慢在人前，寸步难行。 生活的本相是简单的，但要掌握这真正的本相却总要在经过无数历练之后。所以，我们所说的简单并不是如婴孩般的无知傻乐。更多的时候，只有在我们看惯那种种人生险境，领略过各种绮丽风景后，才会明白一个最简单的道理：远方的景色走近了，就是自己现在的生活。现在的生活放远了，就是别人眼中的风景。"1、泪，是幸福的点缀，没有人能够体会。2、奋斗的双脚在踏碎自己的温床时，却开拓了一条创造之路。3、修身不为名传世，做事唯思利及人。若有余力行好事，贡献社会造福人。4、认真走好生活的每一步，就能在逆境中欣赏到独具特色的风景，悟到许多在顺境中无法参透的人生哲理。5、发现者，尤其是一个初出茅庐的年轻发现者，需要勇气才能无视他人的冷漠和怀疑，才能坚持自己发现的意志，并把研究继续下去。6、一个人如果不能从内心去原谅别人，那他就永远不会心安理得。7、生活总是让我们遍体鳞伤，但到后来，那些受伤的地方一定会变成我们最强壮的地方。8、人生就像一出戏，恩恩怨怨又何必太在意，名和利啊什么东西，生不带来死不带去。人生就像一段旋律，在跳动的音符中完成生命的过程。9、每一个成功者都有一个开始。勇于开始，才能找到成功的路。10、决定今天的不是今天，而是昨天对人生的态度；决定明天的不是明天，而是今天对事业的作为。我们的今天由过去决定，我们的明天由今天决定！要把昨天当作回忆，今天继续努力，明天就随他去。]]></content>
  <author><![CDATA[英文报刊杂志]]></author>
  <time>2018-10-15 14:25:00</time>
  <account><![CDATA[gh_cd2d5b2274b1]]></account>
</data>
