<data>
  <id><![CDATA[50546808]]></id>
  <url><![CDATA[https://mp.weixin.qq.com/s?timestamp=1539596625&src=3&ver=1&signature=Egrj350GoKY8-KUcIJshb2jAZfu-gwFjxrN9hjPyg-f83DMGMeGmDvLYz9HSq-vmwy8dXzG6NSQEIX24raMKljh4Dj4EPBtNlNZpYXjtsqsXg2lEBipQSYTI1vfJ*491vEi1J5Ryt1Hvu2smjoEiZEnel-WeW1InwRYC*w5fr1U=]]></url>
  <title><![CDATA[<李雨儿、林淑娟>一首《唱山歌》歌声好甜，太动听了！]]></title>
  <content><![CDATA[：请点上面 免费听好歌"拨开渐退的雾霾，面对晨起的朝阳，舒展怀抱盈一缕温暖。踏入一席清新之地，赏心满目青绿，取一滴晨露品其甘甜，野花轻吐嫣蕊低眉浅笑，池柳轻摇衣带飘飘。绿草随风踏浪，风过风停静默一份淡泊。 生命本是一场漂泊的旅行，有时会让你开心，有时会让你痛苦，有是会让你无法自拔。真的是难以想像，难以折磨，一直以来，喜欢寂寞，也习惯孤独，在喧闹的人群中，想着的总是逃离。一个人的安静，真的很好。寂寞是一种美丽，孤独是一种享受。 生活 是蜿蜒在山中的小径，坎坷不平，沟崖在侧。摔倒了，要哭就哭吧，怕什么，不心装模作样!这是直率，不是软弱，因为哭一场并不影响赶路，反而能增添一份小心。山花烂漫，景色宜人，如果陶醉了，想笑就笑吧，不心故作矜持!这是直率，不是骄傲，因为笑一次并不影响赶路，反而能增添一份信心。"1、人生伟业的建立，不在能知，乃在能行。2、成功就是把复杂的问题简单化，然后狠狠去做。3、运气永远不可能持续一辈子，能帮助你持续一辈子的东西只有你个人的能力。4、总要等到过了很久，总要等退无可退，才知道我们曾亲手舍弃的东西，在后来的日子里，再也遇不到了。5、人是为了期盼而活着的，当你疲倦了，心痛了，想想你的期盼你就会有继续前进的念想，因此不好抛弃任何完美的期盼期望念想。6、思路决定出路，气度决定高度，细节决定成败，性格决定命运。7、常以为别人在注意你，或希望别人注意你的人，会生活的比较烦恼。8、人生目标确定容易实现难，但如果不去行动，那么连实现的可能也不会有。9、对信任你的人，永远别撒谎。对你撒谎的人，永远别太坚信。10、这个世界不会因为你的付出就必须给予回报，也不会因为你以怎样的方式对待别人，就要求他人同等对待你。人活在这世上，最难的就是保持一份谦卑和平和，而这份谦卑，来源于内心的真诚和踏实的努力。]]></content>
  <author><![CDATA[英文报刊杂志]]></author>
  <time>2018-10-12 00:00:00</time>
  <account><![CDATA[gh_cd2d5b2274b1]]></account>
</data>
