<data>
  <id><![CDATA[50546808]]></id>
  <url><![CDATA[https://mp.weixin.qq.com/s?timestamp=1539596625&src=3&ver=1&signature=Egrj350GoKY8-KUcIJshb2jAZfu-gwFjxrN9hjPyg-f83DMGMeGmDvLYz9HSq-vmwy8dXzG6NSQEIX24raMKlhc8rGjKuhE5R*gZsqkJ3g95lhQsvhjszbqrlDE8FcY2d0gBWMi8h-9Cj*XjR0WUewlsC1ZB8nVdLSVpaiPdd54=]]></url>
  <title><![CDATA[望海高歌;2首伤感情歌《残忍的结局》《又是一年秋风凉》唱的心碎，听也心碎！]]></title>
  <content><![CDATA[：请点上面 免费听好歌问题：怎么才能每天收到这么好听的歌曲答案：只需点击箭头上边《九妹山歌》即可"不好正因自我的问题责备别人；你能多大程度上实现你的梦想，取决于你对生活负多大程度的职责。如果你为你此刻的遭遇而责备别人，你是在否认自我的职责，你是把驾驭自我生活的权力给了别人。 生活中其实没有绝境，绝境在于你自己的心没有打开;人生最重要的价值是心灵的幸福，而不是任何身外之物;运气永远不可能持续一辈子，能帮助你持续一辈子的东西只有你个人的能力;哪怕是最没有希望的事情，只要坚持去做，到最后就会拥有希望。 某人搬家时，发现杂物中有两只老鼠，众人齐喊打，可是又都突然止住，他们看见老鼠有些异样，一只老鼠咬着另一只的尾巴在进行转移，“快看后面那只，是只瞎子！”众人惊呼。大祸临头，可是他们依然不离不弃。大家纷纷猜测：是夫妻，是母子，还是朋友？人生最可贵的是同舟共济，风雨同行！"1、没有不进步的人生，只有不进取的人！2、成功的秘诀是努力，所有的第一名都是练出来的。3、一个今日胜过两个明天。蓝天属于你，白云属于你，东南西风属于你。4、你一定要坚强，即使受过伤，流过泪，也能咬牙走下去。因为，人生，就是你一个人的人生。5、励志格言，一个人可以失败许多次，但是只要他没有开始责怪别人，他还不是一个失败者。人生就像弈棋，一步失误，全盘皆输。6、命运是不存在的，它但是是失败者拿来逃避现实的借口。7、忍别人所不能忍的痛，吃别人所别人所不能吃的苦，是为了收获得不到的收获。8、雪小禅说：我以为终有一天，我会彻底将爱情忘记，将你忘记，可是，忽然有一天，我听到了一首旧歌，我的眼泪就下来了，因为这首歌，我们一起听过。9、最美好的莫过于，你在闹，他在笑，如此幸福过一生。10、是非成败，转身即空，当我们觅得禅云、阅得禅语、悟得禅意，拥有一颗纯净的心，我们就能听到来自天界的梵音，无论走在何处，我们都能轻颦浅笑，安静从容，绽放最美的自己。]]></content>
  <author><![CDATA[英文报刊杂志]]></author>
  <time>2018-10-15 14:25:00</time>
  <account><![CDATA[gh_cd2d5b2274b1]]></account>
</data>
