<data>
  <id><![CDATA[50546808]]></id>
  <url><![CDATA[https://mp.weixin.qq.com/s?timestamp=1539596625&src=3&ver=1&signature=Egrj350GoKY8-KUcIJshb2jAZfu-gwFjxrN9hjPyg-f83DMGMeGmDvLYz9HSq-vmwy8dXzG6NSQEIX24raMKlo-1fbiOykVz*QHFr25xUUijLpMkUZ89kA9g5T5SwxeAvEvJ95RtPjLpDsi6lIKNg9XfKZwVVd64p0sZ7JA6vYM=]]></url>
  <title><![CDATA[<星月组合、暴林、涓子、王爱华>一首伤感情歌《今夜的你又在和谁约会》太凄美了！好听极了！]]></title>
  <content><![CDATA[：请点上面 免费听好歌"低调：是态度，也是智慧。别持才自傲，要虚怀若谷，多思慎言，韬光养晦，远离是非，融方于圆，以退为进，能屈能伸。越是有故事的人，越沉静简单；成功的人不一定是才华横溢，而一定是坚强的意志及平和低调让人信任的品行。 人生就是一场戏，福祸不定；聚散相依；悲喜相交；贫富相差；得失相随，花开花落皆有定数，高高低低终有时。路过的都算风景，经历的都是懂得，繁华安居未必暖，粗茶淡饭见真情，辉煌终会落幕，绝处亦能逢生，船过水更幽，云过天更蓝，峰回路转会看到更好的风景。 没有人送早餐，就自己给自己做；没有人说晚安，就自己跟自己说；没有人嘘寒问暖，就自己关注晴雨气温；没有人约，就自己计划一个充实的周末。老盯着端在手中的水反而会洒，老想着摆脱单身反而欲速则不达。怎么都不会错的事情就是努力让自己更精彩，你若盛开，清风自来。"1、命运负责洗牌，但是玩牌的是我们自己！2、要快乐，要开朗，要坚韧，要温暖，对人要真诚。3、阵阵春风，吹散云雾，太阳欣然露出笑脸，把温暖和光辉洒满湖面。4、没有播种，何来收获；没有辛苦，何来成功；没有磨难，何来荣耀；没有黯淡，何来辉煌。5、人生如梦，醒来方知一场空，不曾带来什么，也不将留下什么，不，应该留下点什么，留下点美好的东西吧!也不算白来一场。6、融洽同事之间关系，但别把同事当知心朋友。7、熟人买卖，你卖给他多少钱，都会觉得你挣他钱，卖给他多便宜也不领情!8、即使道路坎坷不平，车轮也要前进；即使江河波涛汹涌，船只也航行。只有创造，才是真正的享受，只有拚搏，才是充实的生活。9、莫向不幸屈服，应该更大胆、更积极地向不幸挑战!10、是非成败，转身即空，当我们觅得禅云、阅得禅语、悟得禅意，拥有一颗纯净的心，我们就能听到来自天界的梵音，无论走在何处，我们都能轻颦浅笑，安静从容，绽放最美的自己。]]></content>
  <author><![CDATA[英文报刊杂志]]></author>
  <time>2018-10-11 00:00:00</time>
  <account><![CDATA[gh_cd2d5b2274b1]]></account>
</data>
