<data>
  <id><![CDATA[50546808]]></id>
  <url><![CDATA[https://mp.weixin.qq.com/s?timestamp=1539596625&src=3&ver=1&signature=Egrj350GoKY8-KUcIJshb2jAZfu-gwFjxrN9hjPyg-f83DMGMeGmDvLYz9HSq-vmwy8dXzG6NSQEIX24raMKlglk068UDUkk72InHzAt6Rwe98pY*oPdxC0KTffKLKfzkB2NPE-c5Ctqzzm2wWL580wIkb01TsXEwhxZHjHb6Dw=]]></url>
  <title><![CDATA[<陈星>《离家的孩子》《流浪歌》《伤心泪》《望故乡》好听哭了！]]></title>
  <content><![CDATA[：请点上面 免费听好歌"不好过多焦虑；焦虑不但不会卸下明天的负担，反而会剥夺了这天的快乐。要想知道一件事是否知道思考，问问自我：这件事一年后还重要吗？两年呢？五年呢？如果答案是否定的，那就别去焦虑了。 很多时候，困难远没有你想象的可怕，胜利也没有你想象的持久。输赢的定局，绝大部分取决于你相信什么。你相信自己能够成功，成功是早晚的事。如果你相信自己是失败者，那你只能以一个失败者的身份生活。能够拯救自己的，只有自己，任何时候都要相信你自己的力量。 选择最淡的心事，诠释坎坷的人生。一个真正聪明的人，是懂得如何让自己委屈求全的人。刚者易折，柔则长存。曾有人说：任性是事业最大的敌人。伴随着年龄增长，我们就应学会完善自己的个性，控制自己的情绪。虽然这有点痛苦，但如果想要成功，就要记住：成熟的人做该做的事，而非只做喜欢的事。"1、穷则独善其身，达则兼善天下。2、能把在面前行走的机会抓住的人，十有八九都会成功。3、富贵如风中秉烛，利名似水上浮瓢。好义固为人所钦，贪利乃为鬼所笑。4、当你无法确定自己现阶段要做什么的时候，那就对父母孝顺，那是唯一无论何时何地都不会做错的一件事情。5、人生路上无驿站，马不停蹄勇向前，坎坷磨难不可怕，勇往直前难阻挡，气量胆量与勇敢，阻碍通通变平坦，祝你一帆风顺!6、最好的人，像孩子一样真诚，像夕阳一样温暖，像天空一样宁静。7、后悔是一种耗费精神的情绪后悔是比损失更大的损失,比错误更大的错误因此不好后悔8、些事情，可以改变，我们就要尽力把它们往好的方面改变；有些事情，我们改变不了，但是我们可以坦然接受事实，至少我们不会心力交瘁。9、挫折经历的太少，因此才把一些琐碎的小事看得很重要。10、每次需要人陪的时候，才发现，有的人不能找，有的人不该找，有的人找不到。即使跌倒了，也要漂亮的站起来再哭。想要的东西必须自己拿，不然就算别人给你也要不起。]]></content>
  <author><![CDATA[英文报刊杂志]]></author>
  <time>2018-10-07 00:00:00</time>
  <account><![CDATA[gh_cd2d5b2274b1]]></account>
</data>
