<data>
  <id><![CDATA[50546808]]></id>
  <url><![CDATA[https://mp.weixin.qq.com/s?timestamp=1539596625&src=3&ver=1&signature=Egrj350GoKY8-KUcIJshb2jAZfu-gwFjxrN9hjPyg-f83DMGMeGmDvLYz9HSq-vmwy8dXzG6NSQEIX24raMKljh4Dj4EPBtNlNZpYXjtsquNzwIjy20kNegyUixyJ0HREoVnxDOClfmyg84bZNe54yjgWcfbqulyuNj*HY8aH*Q=]]></url>
  <title><![CDATA[刘三姐《采茶歌山歌对唱》真好听！]]></title>
  <content><![CDATA[：请点上面 免费听好歌"懂得感恩，从自己开始，从身边开始，从朋友开始，从现在开始，从行动开始！改变自己，从做好开始，从帮助开始，从梦想开始，从现在开始，从感恩开始！幸福人生，从懂得开始，从成长开始，从和谐开始，从现在开始，从感恩开始！懂得感恩，改变自己，幸福人生！ 时光老了，人心淡了;计较少了，快乐多了;压力少了，轻松多了;抱怨少了，舒心多了。自卑少了，自信多了;攀比少了，自在多了;复杂少了，简单多了。心里放不下，自然成了负担，负担越多，人生越不快乐。计较的心如同口袋，宽容的心犹如漏斗。复杂的心爱计较，简单的心易快乐。 人生，走着走着便懂了，那些年，我们曾奢望过的圣神而纯洁的爱情，唯美而浪漫的爱情，不过是电视剧本，终究只是作者美好的愿望而已。然而就是这美好的愿望也只能定格在青春懵懂的年纪，供光阴已逝、年华不再的人饭后茶余去想象，去感慨。而现实的爱情很简单，相互搀扶着尝尽人生悲喜，仅此而已。"1、我希望找到一个，担心失去我的人。2、瓜是长大在营养肥料里的最甜，天才是长在恶性土壤中的最好。3、意志力是人的一条救生索，它能够帮忙我们脱离困境，引导我们走向胜利。4、成熟，就是某一个突如其来的时刻，把你的骄傲狠狠的踩到地上，任其开成花或者烂成泥。5、人生的路，靠的是自己一步步去走，真正能保护你的，是你自己的选择。而真正能伤害你的，也是一样，自己的选择。6、即使你有一千个理由难过，也要有一千零一个理由欢笑。7、苦苦摸索的过程。其实，我只是很在意，在意在我所在意的人的心里，我，在哪个位置。8、人生就像一出自导自演的戏剧，随时都有可能改变里面的戏节，只不过到头来的结局不同了。人生就像一场梦，梦醒了生命也就结束了。9、总有一天你会明白，承诺在现实面前显得太空洞无力。10、红尘三千丈，念在山水间。因为爱，所以才放手；因为放手，所以沉默；因为一份懂得，所以安心着一个回眸。也许，有风有雨的日子，才承载了生命的厚重；风轻云淡的日子，更适于静静领悟。]]></content>
  <author><![CDATA[英文报刊杂志]]></author>
  <time>2018-10-12 00:00:00</time>
  <account><![CDATA[gh_cd2d5b2274b1]]></account>
</data>
