<data>
  <id><![CDATA[50546808]]></id>
  <url><![CDATA[https://mp.weixin.qq.com/s?timestamp=1539596625&src=3&ver=1&signature=Egrj350GoKY8-KUcIJshb2jAZfu-gwFjxrN9hjPyg-f83DMGMeGmDvLYz9HSq-vmwy8dXzG6NSQEIX24raMKloo5-wWGt1eISgyKzeNNiesSekcxEeKrrHYF3CUCvXOatmbFq*nI0NqkdIgWWQONQLCS7vzbOblWmnrVJGzEoK0=]]></url>
  <title><![CDATA[<蒋雪儿>伤感情歌《你走后的时光》《谁在意我留下的泪》《梦的翅膀受了伤》太好听了！]]></title>
  <content><![CDATA[：请点上面 免费听好歌"人活一辈子，开心最重要。拥有健康的体魄，在快乐的心境中做自己喜欢的事情，尽力实现自身价值，这是人生最大的幸福。人生短暂，珍惜、珍重、爱护身边的每一个人，朋友，早安！让我们的今天从微笑开始！ 草木经历荣枯岁月，虫蚁在弱肉强食的夹缝中求存。生命于我们，亦是短暂的一段路程。如同光阴的火，只一明一灭的距离；如同时光的花，一眼花开便瞬息荼蘼。事实和梦想只是两条平行的线，只有努力打破规则，才会碰撞出火花，交织成绚丽的风景，用来祭奠这一场故事的开始和谢幕。 人的一生，注定要经历很多。一段路上，朗朗的笑声;一段路上，委屈的泪水;一段路上，懵懂的坚持;一段路上，茫然的取舍;一段路上，成功的自信;一段路上，失败的警醒…每一段经历注定珍贵，它必将令你忆起智慧，生命的丰盈在于心的慈悲，生活的美好缘于一颗平常心。不必雕琢，踏踏实实做事，简简单单做人。有的人本来幸福着，却看起来很烦恼;有的人本来该烦恼，却看起来很幸福。"1、泪痕勾勒成遗憾，回忆夸饰着伤感。2、愿你比别人更不怕一个人独处，愿日后谈起时你会被自己感动。3、假作真时真亦假，无为有处有还无。今年笋子来年竹，少壮体强老来福。4、相信你做得到，你务必会做到。不断告诉自己某一件事，即使不是真的，最后也会让自己相信。5、瞩目远方，你才会加快步伐；观赏风景，你才会步履轻盈；结伴同行，你才能欢歌笑语；风雨兼程，你才能成功登顶。6、一个人一个房间，充斥着满满的孤单和无止境的想念。7、给自我找茬是诊断，给自我找事是磨练，给自我剖析是知己，给自我嘲笑是激励！8、没有太晚的开始，不如就从今天行动。那个一点一点可见的未来，会在你心里，也在你的脚下慢慢清透。生活，从不亏待每一个努力向上的人。9、凡事不好说：我不会或不可能，正因你根本还没有去做！10、心存感激地生活吧。我们来自偶然，生命是最宝贵的礼物。爱你所爱的人，温柔地对待一切，不好因不幸而怨恨和悲戚。无论前途怎样凶险，都要微笑着站定，正因有爱，我们不该恐惧。]]></content>
  <author><![CDATA[英文报刊杂志]]></author>
  <time>2018-10-06 00:00:00</time>
  <account><![CDATA[gh_cd2d5b2274b1]]></account>
</data>
