<data>
  <id><![CDATA[50546808]]></id>
  <url><![CDATA[https://mp.weixin.qq.com/s?timestamp=1539596625&src=3&ver=1&signature=Egrj350GoKY8-KUcIJshb2jAZfu-gwFjxrN9hjPyg-f83DMGMeGmDvLYz9HSq-vmwy8dXzG6NSQEIX24raMKlkLijWE3U-KjThLd1iY*9kmJybS4PFef68Xb7I0ATSRfv1gTSf0XxNksoBYcEXobPCjHK*SIpk*bholmChNb1R4=]]></url>
  <title><![CDATA[早上好！送你一首好听的《宽心谣》好听极了，听完心情好愉悦！]]></title>
  <content><![CDATA[：请点上面 免费听好歌"如果青春是醺人欲醉的海风，那么自信就是这和风前行的路标，如果青春是巍峨入云的高耸，那么拼搏就是这山脉层层拔高的动力;如果青春是高歌奋进的谱曲，那么坚强就是这旋律奏响的最强音！ 人生本是一次漫长的、艰辛的跋涉。不同的人生态度，不同的人生磨砺，会收获不同的人生之果。沿途的无限风光，碧海蓝天，鲜花绿草，或许都会让我们驻足停留，缱绻不已。最终或手捧玫瑰，或此行空空，重要的是不要给这一次长途之旅空留遗憾与幽怨。 人生路上，挫折是难免的，低潮是必然的，孤独与寂寞如影随形。总有被误解的时候，总有寄人篱下的时候，总有遭人诽谤与暗算的时候。人生是一列单向行驶的火车，中途会有许多大大小小的站点停靠，但是永远不售返程车票。"1、生活可以将就，生活也可以讲究。2、一个人除非自我有信心，否则无法带给别人信心。3、背负着过去的痛苦，夹杂着现实的烦恼，这对于人的心灵而言是无任何益处。4、自信的人，懂得“天生我才必有用”的道理，依靠着必胜的信心，在艰苦的搏击中，驶向成功的彼岸。5、智者求超脱，古时的智者就已明悉不幸的根源，在于那厌倦的前身即是欲望。若要超脱，除非死，或者除非是像死一般活着。6、繁华历尽，方知平凡是真；回首沧桑，只想平淡如水。7、不要因为自己还年轻，用健康去换去金钱，等到老了，才明白金钱却换不来健康。8、在很多的时候，决定我们人生成就大小的，并非在于我们是否拥有比他人不可比拟的优势，而是在于我们自己，在于我们是否有一颗不言放弃，敢于拼搏的心。9、每个人都在发奋努力奋不顾身，不是只有你受尽委屈。10、微笑着，去唱生活的歌谣。把每—次的失败都归结为一次尝试，不去自卑；把每一次的成功都想象成一种幸运，不去自傲。就这样，微笑着弹奏从容的弦乐，去面对挫折，去接受幸福，去品味孤独，去战胜忧伤。]]></content>
  <author><![CDATA[英文报刊杂志]]></author>
  <time>2018-10-14 00:00:00</time>
  <account><![CDATA[gh_cd2d5b2274b1]]></account>
</data>
