<data>
  <id><![CDATA[50546808]]></id>
  <url><![CDATA[https://mp.weixin.qq.com/s?timestamp=1539596625&src=3&ver=1&signature=Egrj350GoKY8-KUcIJshb2jAZfu-gwFjxrN9hjPyg-f83DMGMeGmDvLYz9HSq-vmwy8dXzG6NSQEIX24raMKlvuv44KEMwzhAmKjBWAh7-w0EQpX1Xu1u0-e6PQPEkuimvNIrhc7wjRvWb1G4rkC2jrXqNz94lBzIPpKmZfCT1c=]]></url>
  <title><![CDATA[催泪情歌《心都给了你》《爱你一生不回头》好听到心碎，百听不腻！]]></title>
  <content><![CDATA[：请点上面 免费听好歌"运气是努力的赠品，没有经过实力的原始积累，给你运气你也抓不住。上天给予每个人的都一样，但每个人的准备却不一样；不要羡慕那些总能撞大运的人，你必须很努力，才能遇上好运气。 微笑着，去唱生活的歌谣。把每—次的失败都归结为一次尝试，不去自卑；把每一次的成功都想象成一种幸运，不去自傲。就这样，微笑着弹奏从容的弦乐，去面对挫折，去接受幸福，去品味孤独，去战胜忧伤。 该说时说是一种水平，该哑时哑是一种聪明。该干时干是一种能力，该退时退是一种修炼。该显时显是一种睿智，该藏时藏是一种城府。该吼时吼是一种威仪，该滑时滑是一种谋略。屈伸有度是一种成熟，吃睡平和是一种性情。常在家说明生活美满，常出门说明兜里有钱。 身累，是一种充实；心累，是一种空虚。无论是主动地追求，还是生活所迫，劳累都是为目标奋斗的结果。有目标并为之奋斗，这就是人生的一种充实。不管是生活的重压，还是心的迷失，心累都是正因心无所依，这便是一种空虚。人，不怕身累，就怕心累。永远给自我一个目标，无论大小，让心能展翅飞翔。"1、宁可笑着流泪，绝不哭着后悔。2、在人生舞台上，从不给落伍者颁发奖牌。3、真正的放手，不是放下别人，而是放下自我。4、乐观者在灾祸中看到机会；悲观者在机会中看到灾祸。5、感谢黑夜的来临，我知道今日不论有多失败，全新的明天仍然等待我来证明自己。6、人的一生会遭遇无数次相逢，有些人是你看过便忘了的风景，有些人则在你的心里生根抽芽。那些无法诠释的感觉都是没有由的缘分，缘深缘浅，早有分晓。7、一时的挫折往往可以通过不屈的搏击，变成学问及见识。努力向上的开拓，才使弯曲的竹鞭化作了笔直的毛竹。8、每个人的一生都会后悔，有的人是因为没有付出，有的人却是因为没有珍惜。人在得意时须沉得住傲气；失意时则要忍得住火气。9、我问心：如何能做好自己？心告诉我，好是相对，没有绝对，偶有进步，便要知足。善心不能丢，坏心不能有，信心不能失，歹心不能留！10、柔和的阳光斜挂在苍松翠柏不凋的枝叶上，显得那么安静肃穆，绿色的草坪和白色的水泥道貌岸然上，脚步是那么轻起轻落，大家的心中却是那么的激动与思绪波涌。]]></content>
  <author><![CDATA[英文报刊杂志]]></author>
  <time>2018-10-08 00:00:00</time>
  <account><![CDATA[gh_cd2d5b2274b1]]></account>
</data>
