<data>
  <id><![CDATA[50546808]]></id>
  <url><![CDATA[https://mp.weixin.qq.com/s?timestamp=1539596625&src=3&ver=1&signature=Egrj350GoKY8-KUcIJshb2jAZfu-gwFjxrN9hjPyg-f83DMGMeGmDvLYz9HSq-vmwy8dXzG6NSQEIX24raMKlkLijWE3U-KjThLd1iY*9kn3fHbQAsTLPjQ1ulsngSSuOz*G8IHIW*fm-cum99iqlNKfFICW4d5M4EcJv3ZfaRM=]]></url>
  <title><![CDATA[早上好，特意点播一首《人这辈子图个啥》送给在乎的你，愿你健康如意！]]></title>
  <content><![CDATA[：请点上面 免费听好歌"感谢伤害过你的人，是他们让你的人生与众不同。感激为难你的人，因为他磨练了你的心志；感激绊倒你的人，因为他强化了你的双腿；感激欺骗你的人，因为他增进了你的智慧；感激蔑视你的人，因为他醒觉了你的自尊；感激遗弃你的人，因为他教会了你该独立。 在这个复杂的世界，你可能永远看不出来一个表面绅士的人他到底经历了多少的不堪，痛苦，心灵的挣扎与折磨……才成就了那份看似与生俱来的坚强。每个彬彬有礼的人都有隐藏的另一半性格，请不要把他的另一半逼出来。给他人留余地，就是给自己攒人品。 百炼钢成绕指柔，我感觉自己的心变得越来越柔软；能让爱人开心，就是我最开心的事；只要她高兴，自己迁就一下有啥呢。因为珍惜，所以美丽。我们初相识时，说实话，我并没有觉得妻子有多漂亮——我不是那种容易对别人一见钟情的人。但婚后时间越长，我感觉妻子越来越漂亮。其实，不光婚姻要懂得珍惜，工作、生活处处都要惜缘。无论是家人、朋友、同事，乃至萍水相逢的人，乃至一切有情众生，乃至花草树木等，既得与我们相遇，即是有缘。"1、人非圣贤，孰能无过？2、时间告诉我，无理取闹的年龄过了，该懂事了。3、崇高的理想就象生长在高山上的鲜花。如果要搞下它，勤奋才能是攀登的绳索。4、人生历事万千宗，问心无愧自从容；历春经夏到秋冬，假真善恶自分明；不因疏忽而放松，造成到头一场空。5、有成功，便有失败；有欢乐，也有悲伤；有得到，也会有失去；有生活，才会有感悟。记住，一分感悟，一分收获。6、你不在的时候，我过得很好，不及你好，可我很好。7、总有一天你会明白，当你累的时候有一个肩膀可以依靠，尽管无关爱情，也是一种幸福。8、友情如水，淡而长远；友情如茶，香而清纯；友情如酒，烈而沁心；友情如雨，细而连绵；友情如雪，松而亮洁。人生短暂，珍惜友情。9、人的一生是短暂的，脆弱的生命不能承载太多的负荷。10、人生快不快乐看心情，幸不幸福看心态。漫长人生中，什么都不是一眼看到头的，一时的春风得意算不了什么，一时的失败也不能算数。觉得自己做得到和做不到，只在一念之间。]]></content>
  <author><![CDATA[英文报刊杂志]]></author>
  <time>2018-10-14 00:00:00</time>
  <account><![CDATA[gh_cd2d5b2274b1]]></account>
</data>
