<data>
  <id><![CDATA[50546808]]></id>
  <url><![CDATA[https://mp.weixin.qq.com/s?timestamp=1539596625&src=3&ver=1&signature=Egrj350GoKY8-KUcIJshb2jAZfu-gwFjxrN9hjPyg-f83DMGMeGmDvLYz9HSq-vmwy8dXzG6NSQEIX24raMKlsoTa*kMt-v1SIH-137YiZwH93w5cGzkKAQqUd*WfYLJS87stjI5PUp0NKLamzwfomBLFpoz1bP4lMbJETNRslk=]]></url>
  <title><![CDATA[好听催泪情歌《为她流下相思泪》《相思泪满天飞》《相思曲》《夜夜相思愁》《落叶相思情》好听哭了！]]></title>
  <content><![CDATA[：请点上面 免费听好歌问题：怎么才能每天收到这么好听的歌曲答案：只需点击箭头上边《九妹山歌》即可"时间好比一条无形的的河流，它无声地流过每一个人的身旁；时间如同一位公正的法官，它公平地对待每一个人的是非；时间好比一支画笔，它能在人们脸上画出沧桑；时间如同一把刷子，它能刷掉人们心头的痛苦。 写过的信笺迹痕，或多或少会被时间遗忘，被心搁置，如同一些人，一些事，但我却始终如一，最自在勇敢的，依然是那云卷云舒，素心素笔，自乐安然。风淡，旧寒依依，一念舍得，一念放下，一切尤自心定。有了离意，懂了心思，便用时间矫正思想，用守望迎接虔诚。 这一半春花，一半秋月，一半明媚，一半忧伤，一半喧嚣，一半沉寂。生活总是这样跌宕起伏，此生彼长，来来往往，看似无常，却是有常。它没有我们想象中的那样美，也没有想象中的那样差，我们不也每天都矛盾地向前走吗？人活一世，不仅仅是来过，有所留念过，而是要没有白来，没白活，没白过。活出了自己所喜欢的方式风格，就是最好的活法。"1、低头要有勇气，抬头要有底气。2、不会生气的人是愚者，不生气的人乃真正的智者。3、不想拥有太多情绪。陪朋友笑笑就可以。感觉累了就好好休息。何必苦了自己。4、在人生道路上，走上坡路要昂首阔步，走下坡路要谨小慎微，走阳关道要目视前方，走羊肠路要俯视脚下。5、人生就像道路，有坎坷的，也有平坦的;在成长的过程中，不会是一帆风顺的，有时会跌倒，有时不会跌倒，但总要继续前进。6、我徘徊在记忆的，希望还能再记起你熟悉的身影。7、安妮宝贝说：当一个女子在看天空的时候，她并不想寻找什么。她只是寂寞。8、一个这天抵得上两个明天。撕一张日历，很简单，把握住一天，却不容易。9、如果朋友让你生气，那说明你仍然在意他的友情。10、铭刻了记忆，老去了悲凉，一帧微笑的影像，妥贴着心境，安稳着面庞。拥紧一刻短暂的幸福，欣然一段静默时光，任一生的情怀，在风雨中徜徉，流转的岁月，谁不会是谁的前尘过往?]]></content>
  <author><![CDATA[英文报刊杂志]]></author>
  <time>2018-10-09 00:00:00</time>
  <account><![CDATA[gh_cd2d5b2274b1]]></account>
</data>
