<data>
  <id><![CDATA[50546808]]></id>
  <url><![CDATA[https://mp.weixin.qq.com/s?timestamp=1539596625&src=3&ver=1&signature=Egrj350GoKY8-KUcIJshb2jAZfu-gwFjxrN9hjPyg-f83DMGMeGmDvLYz9HSq-vmwy8dXzG6NSQEIX24raMKlglk068UDUkk72InHzAt6RwDrMlQPMxMwkoyDhbEuhWeKyiH4doFbXeC7wz5-8vt4z884EyE1WnNCGpDqM*T644=]]></url>
  <title><![CDATA[伤感情歌《我是真的好想你》《有你真好》《我在梦里吻过你》听的心碎！]]></title>
  <content><![CDATA[：请点上面 免费听好歌"人生苦短，用心生活。不要盘算太多，要顺其自然。如果把生命思索成一场旅行，高高低低都要走过，痛苦的时候不妨沉默，看不惯的可以眯起眼，伤了心的可以换频道去看动画片，珍惜自己珍惜别人，去发现和珍惜每一件事物向上光明的地方。 不要怕，能说的立即说，能做的立刻做，不要瞻前顾后畏首畏尾，你今日不做的，或许就是永久的心结;不要悔，路是自己选择的，走过的，错过的，都是自己的情愿。我走过动荡日子，追过梦的放肆，穿过多少生死，却假装若无其事，穿过半个城市，只想看你样貌。 一切烦恼，其实都是自寻烦恼。计较少了，快乐多了；压力少了，轻松多了；抱怨少了，舒心多了。自卑少了，自信多了；复杂少了，简单多了。人有器量便有快乐，人有修养便有气质，人有爱心便是善良，人若淡然便能从容。随意心情才能平静，勤奋人生才能辉煌，豁达生活才能幸福。"1、没有伞的孩子，务必发奋奔跑！2、找不到对的人，其实很可能是，改不掉错的自己。3、或许悲伤，但是不管滋味如何，它会永远是你心里永不能承受之重负。4、愿我们每个人都能积极面对人生道路上的挫折，在挫折中不断超越自我，铸就人生的辉煌!5、守住心中的一点光，不灭;坚信心中的期盼，不错;执著最后的努力，不败;我望见青春时光的恬静透明印满了我来时的脚印。6、为什么我们深爱着对方，却又撕心裂肺的痛。7、我们什么都没有，唯一的本钱就是青春。梦想让我与众不一样，奋斗让我改变命运！8、怀疑是痛苦的开始，释疑是快乐的开始。怀疑固然可以，求证更加重要，与其长时间的怀疑，不如短时间求证！9、渐渐变的喜怒无常，眼泪总是在沉寂中滑落。10、不为失败找理由，要为成功找方法。决定今天的不是今天，而是昨天对人生的态度；决定明天的不是明天，而是今天对事业的作为。我们的今天由过去决定，我们的明天由今天决定！]]></content>
  <author><![CDATA[英文报刊杂志]]></author>
  <time>2018-10-07 00:00:00</time>
  <account><![CDATA[gh_cd2d5b2274b1]]></account>
</data>
