<data>
  <id><![CDATA[50546808]]></id>
  <url><![CDATA[https://mp.weixin.qq.com/s?timestamp=1539596625&src=3&ver=1&signature=Egrj350GoKY8-KUcIJshb2jAZfu-gwFjxrN9hjPyg-f83DMGMeGmDvLYz9HSq-vmwy8dXzG6NSQEIX24raMKljh4Dj4EPBtNlNZpYXjtsqssJ5VexxZIcBG0jqtMnN-HT3hCjeHhLoYRNWVyOe43lROYFZEHE3x8LgZOx8x53BE=]]></url>
  <title><![CDATA[早上好，我的朋友<金久哲>这首《玫瑰花开》真好听，愿你开心快乐每一天！]]></title>
  <content><![CDATA[：请点上面 免费听好歌"如果没有一个清晰的方向，那就像无头苍蝇一样，翅膀扇的快，但却是乱飞。知道自己想要什么，通过什么方法能得到，一步步的计划，先需要大学，再需要事业，再需要什么，最后达到什么。 这世上不是每个人都很顺利，只是看自己怎么解决，比如你走路的时候被人撞了，别人给你道歉了，有时候你还是会觉得很火，但是你却没想到撞你的人心里其实比你还难受，还是想想那句“开心也是一天，不开心也是一天，何不如天天开心”。 人生没有永远的伤痛，再深的痛，伤口总会痊愈。人生没有过不去的坎，你不可以坐在坎边等它消失，你只能想办法穿过它。人生，没有永远的爱情，没有结局的感情，总要结束；不能拥有的人，总会忘记。慢慢地，你不会再流泪；慢慢地，一切都过去了... 适当的放弃，是人生优雅的转身。"1、配件虽小作用大，谨慎小心没误差。2、做与不做的最大区别是：后者拥有对前者的评论权。3、生活的激流已经涌现到万丈峭壁，只要再前进一步，就会变成壮丽的瀑布。4、逆境总是有的，人生总要进击。愿你不要屈从于命运的安排，坚韧不拔，锲而不舍！做永远的生活强者！5、没有人富有得可以不要别人的帮助，也没有人穷得不能在某方面给他人帮助。如果说我懂的道理比别人多一点，那是因为我犯的错误比别人多一点。6、我们只记得彼此冰冷的背影，却忘记当初怎样相爱。7、时刻一天天过，好像什么也没改变，但当你回头看，每件事都变了。8、正能量，如果你想攀登高峰，切莫把彩虹当作梯子。比别人更爱自己。鸟贵有翼，人贵有志。褴褛衣内可藏志。年轻是我们唯一有权力去编织梦想的时光。9、凡事不好说：我不会或不可能，正因你根本还没有去做！10、从现在起，我开始谨慎地选择我的生活，我不再轻易让自己迷失在各种诱惑里。我心中已经听到来自远方的呼唤，再不需要回过头去关心身后的种种是非与议论。我已无暇顾及过去，我要向前走。]]></content>
  <author><![CDATA[英文报刊杂志]]></author>
  <time>2018-10-12 00:00:00</time>
  <account><![CDATA[gh_cd2d5b2274b1]]></account>
</data>
