<data>
  <id><![CDATA[50546808]]></id>
  <url><![CDATA[https://mp.weixin.qq.com/s?timestamp=1539596625&src=3&ver=1&signature=Egrj350GoKY8-KUcIJshb2jAZfu-gwFjxrN9hjPyg-f83DMGMeGmDvLYz9HSq-vmwy8dXzG6NSQEIX24raMKlvuv44KEMwzhAmKjBWAh7-zUHEkbiaribHNufdpVYkfFE-xghKUcni-r1OFVU5T-bgt-1nIUZM7OwAoeADwkz30=]]></url>
  <title><![CDATA[5首伤感情歌联唱《刚好遇见你》《恋人心》《说散就散》《逆流成河》《我的唇吻不到我爱的人》好听极了，一次听个够！]]></title>
  <content><![CDATA[：请点上面 免费听好歌"接受失败等于回归真实的自我，接受失败等于打破完美的面具，接受失败等于放松自己高压的心理，接受失败也等于给了自己从零开始的机会，接受失败更是一种智者的宣言和呐喊。 有些人，注定是等待别人的，有些人，注定是被人等的。一件事，再完美，你做不到，也要放下;一个人，再留恋，不属于你，也要离开。每个人的生命都免不了缺憾，最真的幸福，莫过于一杯水一块面包一张床，还有一双无论风雨，都和你十指相扣的手。 有时心情低落，并不是因为事情真如你想象的那么坏，而是因为你想得太多，越想，事情越坏，越想，心情越低落。当你心情低落时，最好的方法就是一个人出去走走，或者看场电影，吃点东西，总之让自己有事做，不要闲着瞎想。想得太多，不能帮助你，反而会毁了你。 一个人也许终生都搞不懂这个世界，但多少应该搞懂一点儿自己。生命本身虽无意义，但有些事对生命有意义。生命是多么短暂，就让自由和美丽把它充满。从小处说，你的生命对父母、子女有意义。从大处说，你的生命只有在当下一刻对你自己有意义。看透了生死，向死而生，看似虚无，却真的真实。"1、与积极的人在一起，可以让我们心情高昂。2、成功的道路上充满荆棘，苦战方能成功。3、人生好处的大小，不在乎外界的变迁，而在乎内心的经验。4、只有经历最痛苦的坚持,才能配得上拥有最永久的幸福。5、微笑真好，快乐不难，只要你心境开阔，乐观豁达，就会拥抱快乐，生活在快乐的港湾。6、世界上每个人都在完成两大积累——知识与经验的积累;资本与信誉的积累。当你自认已完成这两大积累时，那你想要做什么都会成功。7、不好轻易用过去来衡量生活的幸与不幸！每个人的生命都是能够绽放美丽的～只要你珍惜。8、成功的条件在于勇气和自信，而勇气和自信乃是由健全的思想和健康的体魄而来。成功之秘诀，在始终不变其目的。9、要先打败任何事情得先学会打败自己。宁愿笑着流泪，也不哭着说后悔有种脾气叫，不放弃。记住：当坚持之苦大过放弃之痛，是该放手的时候了。10、实现梦想比睡在床上的梦想更灿烂。真正能让你倒下的，不是对手，而是你绝望的内心。乐观的人能重整旗鼓东山再起，悲观的人因缺乏自信，往往一败涂地。]]></content>
  <author><![CDATA[英文报刊杂志]]></author>
  <time>2018-10-08 00:00:00</time>
  <account><![CDATA[gh_cd2d5b2274b1]]></account>
</data>
