<data>
  <id><![CDATA[50546808]]></id>
  <url><![CDATA[https://mp.weixin.qq.com/s?timestamp=1539596625&src=3&ver=1&signature=Egrj350GoKY8-KUcIJshb2jAZfu-gwFjxrN9hjPyg-f83DMGMeGmDvLYz9HSq-vmwy8dXzG6NSQEIX24raMKlhc8rGjKuhE5R*gZsqkJ3g9vdUIK8tIR4DFI8gs*hwCT4y1tKwRril2FAtL4K-Vrh7ulf3C1fP*Ryhow9Z0v8vk=]]></url>
  <title><![CDATA[亲爱的《最美的等待》《最牵挂的你》送给你！你知道吗？我《真的好想你》]]></title>
  <content><![CDATA[：请点上面 免费听好歌问题：怎么才能每天收到这么好听的歌曲答案：只需点击箭头上边《九妹山歌》即可"读过的书是不会白读的，只是在重量不重质的情况下利用率和转化率都低了些，所以，需要这么一个顿悟，让自己明白，不能也不必要再这么的“傻”读下去，到一定程度之后我们就是应该——少一点阅读。 真正高尚的事物就像恒星，它们固定在苍穹之上，散发着一种永恒的光芒。而时尚的东西就像流星，流星是不会自己发光的，它们只能借助与大气的摩擦发出短暂而耀眼的光亮，然后又很快坠入一片黑暗。尽管这样，人们似乎还是比较偏爱流星，这也许是因为流星与我们的生命更加相似的缘故吧。 人生，退无可退避无可避，我们只能一路向前，要懂得，随遇而安，遇事而淡，若支撑不住了，就为自己谱一首心曲，唱给坚强的自己，人生的路，深一脚，浅一脚，悲伤在路上，希望也在路上，疲惫是在路上，欢喜也在路上，没有谁的一生，一帆风顺，一路高昂，总有一些困难，一些痛苦，需要我们去经受，去承担，这就是人生。"1、要改变命运，首先改变自己。2、成功大易，而获实丰于斯所期，浅人喜焉，而深识者方以为吊。3、用心者相信只有推动自己才能推动世界，只要推动自己就能推动世界。4、之所以有的人更痛苦，有的人更幸福，不是人们对待幸福的态度不同，而是人们对待痛苦的态度不同……5、我走得很慢！但我从不后退！一件事，会干了，好好干；不会干了，乱干。干的次数多了，自然会干。但是，首先，你要干。愉悦和幸运是需要代价的，天下没有免费的午餐！6、此刻的我，就算你站在我身边，也感觉不到我的存在。7、与其临渊羡鱼，不如退而结网。若不给自己设限，则人生中就没有限制你发挥的藩篱。8、有什么信念，就选择什么态度；有什么态度，就会有什么行为；有什么行为，就产生什么结果。要想结果变得好，必须选择好的信念。9、人生的路，如同肚子里的柔肠千转百回，最终到达终点。10、这个世界本就邋遢，所以没有什么可怕。每个人都有无法发泄的苦涩，都有无力排解的抑郁，而生活在这里的我们，哪一个不是拼尽全力，甚至不择手段地活着。]]></content>
  <author><![CDATA[英文报刊杂志]]></author>
  <time>2018-10-15 14:25:00</time>
  <account><![CDATA[gh_cd2d5b2274b1]]></account>
</data>
