<data>
  <id><![CDATA[50546808]]></id>
  <url><![CDATA[https://mp.weixin.qq.com/s?timestamp=1539596625&src=3&ver=1&signature=Egrj350GoKY8-KUcIJshb2jAZfu-gwFjxrN9hjPyg-f83DMGMeGmDvLYz9HSq-vmwy8dXzG6NSQEIX24raMKljh4Dj4EPBtNlNZpYXjtsqusOXKn7h3W8rUkffu*kGE8cdceMY9yhScir6KCEKYdgAfRGOhlXU8SVP6MDVjlJbI=]]></url>
  <title><![CDATA[小女孩<徐金慧>3首《九儿》《山歌好比春江水》《映山红》另一种味道！好听极了！]]></title>
  <content><![CDATA[：请点上面 免费听好歌"人生，即是煮了一壶碧螺春，假茶，不必在意；新茶，可以回味；热茶，可以暖心；凉茶，何必不舍？倘若品茗亦多情，岂非醉了欢喜，也醉了忧伤。朝阳烟霞，最美不过瞬间，而长久的依然是日上高杆与暗夜沉寂。 乐观的人看见问题后面的机会，悲观的人只看见机会后面的问题。机会是从来不会主动敲响你的门，无论你等待多少年。它也只会如一阵风一样拂面而过，需要你的反应能力和追随速度。朝着一个目标前进，尽量使用你的潜能，你会发现机会的存在。 被人误解的时候能微微的一笑，这是一种素养;受委屈的时候能坦然的一笑，这是一种大度;吃亏的时候能开心的一笑，这是一种豁达;无奈的时候能达观的一笑，这是一种境界;危难的时候能泰然一笑，这是一种大气;被轻蔑的时候能平静的一笑，这是一种自信; 学会珍惜，人人都觉得永远很远，其实它可能短得你都看不见，珍惜你认为值得珍惜的，别让生命留下惋惜。失恋的时候能轻轻的一笑，这是一种洒脱。"1、我们能尽情享受的，只是施与的快乐。2、学习这件事，不是缺乏时间，而是缺乏努力。3、进退两难心问口，三思忍耐口问心。亏心折尽平生福，行短天教一世贫。4、哭的时候没人哄，我学会了坚强，怕的时候没人陪，我学会了勇敢;烦的时候没人问，我学会了承受。5、对于最有能力的领航人风浪总是格外的汹涌。第一个青春是上帝给的；第二个的青春是靠自己努力的。得意时应善待他人，因为你失意时会需要他们。6、命运要你成长的时候，总会安排一些让你不顺心的人或事刺激你。7、我是比一般人懂事，比一般人成熟，但是，谁他妈告诉你我不会难过了？8、有两个字藏在心中很久，哽住了喉咙总是说不出口，于是对着镜子微微笑，阳光透过镜子将我的笑容折射给了你，里面包含了我无限祝福。9、外在美能够赢得赞美，但务必有内在美支撑。10、潇洒和欢笑，在这个纯真的年代，人人都渴望拥有，人生的欢乐，务必在痛苦的打磨下，酿造出辉煌的人生。正因，潇洒和欢笑，并不是人生的全部，痛苦就成为我人生中，一道靓丽的风景！]]></content>
  <author><![CDATA[英文报刊杂志]]></author>
  <time>2018-10-12 00:00:00</time>
  <account><![CDATA[gh_cd2d5b2274b1]]></account>
</data>
