<data>
  <id><![CDATA[50546808]]></id>
  <url><![CDATA[https://mp.weixin.qq.com/s?timestamp=1539596625&src=3&ver=1&signature=Egrj350GoKY8-KUcIJshb2jAZfu-gwFjxrN9hjPyg-f83DMGMeGmDvLYz9HSq-vmwy8dXzG6NSQEIX24raMKlkLijWE3U-KjThLd1iY*9kncCbcK6I6*2XRspVo-21Duj1wZN5XIL3eCMp8sL5TV4ZsRheFB-J*QA2bGB4XozgQ=]]></url>
  <title><![CDATA[2首《想你》《亲爱的你在想我吗》听醉了，每一次想你！]]></title>
  <content><![CDATA[：请点上面 免费听好歌"只相信三类人：一是跟你同甘共苦的人；二是在你跌倒扶你起来的恩人；三是在你一无所有时，依然对你不离不弃的人。人可以不认字，但不可以不识人，树高万仗不忘根，人若辉煌莫忘恩！ 人总是期望平坦和安危的，谁也不想要折磨式的历练。但是它却没有因此而不来，作为被动的承受者，又不想就此妥协，那么，就拿出你的智慧，化腐朽为神奇吧，人生将因此而走向美丽，虽然此属于被迫的性质，也比无所作为要好。歪打正着，亦弥足珍重。 生活充满不期而遇的经历。有时现实跟我们的期待完全是两码事。期待很美好，给人以目标和快乐，使人有所憧憬，但你得明白：生活并不尽在你的掌控之中。有些期待很美好，而有些则无益。下面列出应该改变的期待。调整对生活的某些期待，你会迎来新体验和新思维，甚至还能获得前所未有的成就感。"1、不是境况造就人，而是人造就境况。2、拥有梦想只是一种智力，实现梦想才是一种潜力3、勿以善小而不为，勿以恶小而为之。常将冷眼观螃蟹，看你横行到几时。4、有些事不是努力，就可以改变的，五十元的人民币设计的再好看，也没有一百元的招人喜欢。5、你在一生中，可以有所作为的时候只有一次。那就是此时此刻，然而，许多人却在悔恨过去和担忧未来之中浪费了大好时光。6、最动听的歌不是最好听的歌，而是我为你唱的歌。7、只要一个人还有追求，他就没有老。直到后悔代替了梦想，一个人才算老。8、正能量，让我们扬起生活的风帆，用勤奋去攀登智慧的巅峰，用知识这金钥匙去打开成功的大门吧！用自己火红的青春，点燃光辉灿烂的明天。9、有很多路，走的时候忘记了回头，等想回头时，已经沧海桑田。10、这个世界不会因为你的付出就必须给予回报，也不会因为你以怎样的方式对待别人，就要求他人同等对待你。人活在这世上，最难的就是保持一份谦卑和平和，而这份谦卑，来源于内心的真诚和踏实的努力。]]></content>
  <author><![CDATA[英文报刊杂志]]></author>
  <time>2018-10-14 00:00:00</time>
  <account><![CDATA[gh_cd2d5b2274b1]]></account>
</data>
