<data>
  <id><![CDATA[50546808]]></id>
  <url><![CDATA[https://mp.weixin.qq.com/s?timestamp=1539596625&src=3&ver=1&signature=Egrj350GoKY8-KUcIJshb2jAZfu-gwFjxrN9hjPyg-f83DMGMeGmDvLYz9HSq-vmwy8dXzG6NSQEIX24raMKlo-1fbiOykVz*QHFr25xUUg-p2KIjAm*SSijXQrvbVUI-oiNLOmqCkF2d8pw7FUqVsAVfYEKrskHHyTUEOGPKQ0=]]></url>
  <title><![CDATA[<孙悦、邰正宵、李玉刚、卓依婷>《好人好梦》祝福所有朋友，好人就有好梦！]]></title>
  <content><![CDATA[：请点上面 免费听好歌"如果非要等到别人赞赏时，才开始相信自己，那注定是个失败者！人们说“成功者都是偏执狂”，那是因为，一个能成功的人，无论何种境地，都会执拗的坚持自我。不论你多优秀，世上总会有人否定你。我们不为他们活着，别瞧低了自己！ 生活就是这样，脚长在自己身上，往前走就对了，直到向往的风景，变成走过的地方。人生本来就是一场即兴演出，直到每段旅程，变成我的舞台。踩着别人的脚印，不如开辟自己的领土，撞到南墙也决不回头，谁说爱好这件事成不了大事，没有做不成的梦，只有不早醒的人。 宽容是一种博大精深的境界，是人的涵养。它是处世的经验，待人的艺术，为人的胸怀；它能包容人世间的喜怒哀乐，使人生跃上新的台阶：与别人为善，就是与自己为善，与别人过不去就是与自己过不去，只有宽容地看待人生和体谅他人时，我们才可以获取一个放松、自在的人生，才能生活在欢乐与友爱之中。"1、理论是一码事，实际又是一码事。2、假如你从来未曾害怕受窘受伤害，好就是你从来没有冒过险。3、物必腐而后虫生，人必疑而后谗入。一回生疏两回熟，三回四回热乎乎。4、如果要给完美人生一个定义，那就是惬意。如果要给惬意一个定义，那就是三五知己谈笑风生。5、老虎向来都是一个一个的，绵羊从来都是一群一群的。最惨的破产就是丧失自己的热情。有些事情，在当时你不一定能看个透彻，我们只需要等待，时间会告诉我们结果。6、繁华历尽，方知平凡是真；回首沧桑，只想平淡如水。7、总有一天你会明白，当你累的时候有一个肩膀可以依靠，尽管无关爱情，也是一种幸福。8、世界自有它的脚步，至于它怎么行走，你无权过问。你管好自己的脚步方向就好。脚能踏稳一只船是本事，脚踏两只船就是叛逆，脚踏三只船那就是找死。9、一句那就这样吧，道尽了多少人的失落与绝望。10、雄鹰在鸡窝里长大，就会失去飞翔的本领，野狼在羊群里成长，也会爱上羊而丧失狼性。和聪明的人在一起,你才会更加睿智。和优秀的人在一起，你才会出类拔萃。所以，重要的是，你和谁在一起。]]></content>
  <author><![CDATA[英文报刊杂志]]></author>
  <time>2018-10-11 00:00:00</time>
  <account><![CDATA[gh_cd2d5b2274b1]]></account>
</data>
