<data>
  <id><![CDATA[50546808]]></id>
  <url><![CDATA[https://mp.weixin.qq.com/s?timestamp=1539596625&src=3&ver=1&signature=Egrj350GoKY8-KUcIJshb2jAZfu-gwFjxrN9hjPyg-f83DMGMeGmDvLYz9HSq-vmwy8dXzG6NSQEIX24raMKlglk068UDUkk72InHzAt6Rxz0DU7yP4SmPWCOPvQbJPBQIMQDkm2MCWa*d9kL6M35JCKBkhUH2b5FLQiV4f3Y0w=]]></url>
  <title><![CDATA[<刘三姐>经典唱段《你歌哪有我歌多》甜歌美妙，超好听！]]></title>
  <content><![CDATA[：请点上面 免费听好歌"那么多当时你觉得快要要了你的命的事情，那么多你觉得快要撑不过去的境地，都会慢慢的好起来。就算再慢，只要你愿意等，它也愿意成为过去。而那些你暂时不能战胜的，不能克服的，不能容忍的，不能宽容的，就告诉自己，凡是不能杀死你的，最终都会让你更强。 人之所以不幸福，就是因为人们不会珍惜，人们面对着一天好似一天的生活，面对着越来越好的条件，总是想往更高层次跨越，其实幸福是一种期盼，是一种美好心灵的感受，只要我们珍惜拥有的一切，用心去发现，用心去感受，你就会发现你就生活在幸福里，幸福就在你身边。 简单的事，想深了，就复杂了；复杂的事，看淡了，就简单了；没事的事，放下了，就没事了。有些事，不能算是事；有些事，只能是笑笑；有些事，要用心去做。把握自己，调整心态，做人才能做事，做事方能成人。天下之事岂能尽如人意，但求无愧于心，无憾于人生。"1、一时的失误不会毁掉一个性格坚强的人。2、时间会收获最真的情感，风雨会考验最暖的陪伴。3、事能知足心常泰，人到无求品自高。识时务者为俊杰，通机变者是英豪。4、我是扬起千千遍遍的风，我是雪地里闪闪的白光，我是拂照在田野里的太阳，我是夜空里的星星。5、心理学上说。人们大多数只对有安全度的人发脾气。因为在那个安全度之内。你潜意识知道对方不会离开你。胡闹是一种依赖。6、我不去想是否能够成功，既然选择了远方，便只顾风雨兼程！7、没有清醒的头脑，再快的脚步也会走歪；没有谨慎的步伐，再平的道路也会跌倒。8、没有不可治愈的伤痛，没有不能结束的沉沦，所有失去的，会以另一种方式归来。9、时刻不必须能证明很多东西，但是必须能看透很多东西。10、失败与挫折并不可怕，可怕的是丧失了自信，丧失了激发我们积极向上的内在动力。让我们重拾信心，始终坚信：人生航船由我们自己掌舵，只要鼓起自信的风帆，就能战胜风浪，抵达美好彼岸。]]></content>
  <author><![CDATA[英文报刊杂志]]></author>
  <time>2018-10-07 00:00:00</time>
  <account><![CDATA[gh_cd2d5b2274b1]]></account>
</data>
