<data>
  <id><![CDATA[50546808]]></id>
  <url><![CDATA[https://mp.weixin.qq.com/s?timestamp=1539596625&src=3&ver=1&signature=Egrj350GoKY8-KUcIJshb2jAZfu-gwFjxrN9hjPyg-f83DMGMeGmDvLYz9HSq-vmwy8dXzG6NSQEIX24raMKlkLijWE3U-KjThLd1iY*9klE7gC3KbebVgQZ8oviD06sUppoO6ct6fO*qeLHCL*W4yBmGi8*RR*pcsXUEVgwwCE=]]></url>
  <title><![CDATA[&lt;迟志强&gt;一首《铁窗泪》经典超感人，跟《狱中十二月》《离家的孩子》一样感人！]]></title>
  <content><![CDATA[：请点上面 免费听好歌"不要随意发脾气，人生在世，一个人不可能和所有认识的人都成为朋友。真正的朋友是强求不了的，老天也没规定谁必须和谁成为朋友，凡事都是要随缘的，生活中什么事都可以勉强，惟有“情”勉强不得，友情也是一样的道理。 微笑着，去唱生活的歌谣。去把“人”字写直写大，活出一种尊严，活出一种力量，不向金钱献媚，不向权势卑躬。清贫，是一首朴素的歌；平凡，是一行亮丽的诗。微笑着，我们去唱去吟，去平静中看红尘飞舞，在孤寂中品世事沉浮。 人生如河，苦是转弯：思量和抉择，得到和失去，拿得起和放得下，我们需要放弃、割舍和遗忘； 人生如叶，苦是漂泊：飘零的心，触碰不到依靠的岸。苦苦追寻和经受，留下凋落而孤寂的情怀； 人生如戏，苦是相遇：奇妙的人生旅程，留下感念或者擦肩而过，相濡以沫或者分道扬镳，人生若只如初见。"1、把你的脸迎向阳光，那就不会有阴影。2、生命的多少用时间计算，生命的价值用贡献计算。3、笑脏笑拙不笑补，笑馋笑懒不笑苦。要好儿孙须积德，欲高门第快读书。4、不要轻易用过去来衡量生活的幸与不幸！每个人的生命都是可以绽放美丽的，只要你珍惜。5、人生就是一场又一场的相遇，都是缘分，没有好与坏，没有对与错。缘分来了，好好相待;缘分尽了，自会分离。6、当一个人不能拥有的时候，他唯一能做的便是不要忘记。7、活在忙与闲的两种境界里，才能俯仰自得，享受生活的乐趣，成就人生的好处。8、小时候摔跤，总要看看周围有没有人，有就哭，没有就爬起来。长大后，遇到不开心的事，也要看看周围有没有人，有就爬起来，没有就哭。9、当所有人都低调的时候，你可以高调，但不能跑调。10、每个人都是能量场，就像地球是一座巨大的磁场一样，它捉摸不着，却真实存在，不论时刻，不择空间，它都会释放出正的能量粒子。这些粒子互相吸引抑或排斥，构成一种用心向上的气流，温暖你我。]]></content>
  <author><![CDATA[英文报刊杂志]]></author>
  <time>2018-10-14 00:00:00</time>
  <account><![CDATA[gh_cd2d5b2274b1]]></account>
</data>
