<data>
  <id><![CDATA[50546808]]></id>
  <url><![CDATA[https://mp.weixin.qq.com/s?timestamp=1539596625&src=3&ver=1&signature=Egrj350GoKY8-KUcIJshb2jAZfu-gwFjxrN9hjPyg-f83DMGMeGmDvLYz9HSq-vmwy8dXzG6NSQEIX24raMKlo-1fbiOykVz*QHFr25xUUhU5EJLJ1x*QRNWjDTDOTVNjubFbArKDbydOkY5RoR2YHWKSqK45KE38VVoicCyLqc=]]></url>
  <title><![CDATA[在吗？亲爱的，好想你，念你，牵挂你《思恋天边的你》《一个人偷偷流泪》你能听到吗？]]></title>
  <content><![CDATA[：请点上面 免费听好歌"我们确实活得艰难，一要承受种种外部的压力，更要面对自己内心的困惑。在苦苦挣扎中，如果有人向你投以理解的目光，你会感到一种生命的暖意，或许仅有短暂的一瞥，就足以使我感奋不已。 点点滴滴的苦痛与欢乐、许许多多的错过、微微小小的改变，凝合起来，从而造就了一条人生之路。人生路上，每一步落脚的体验让我们透过生活中的小事来一点一滴看人生。一点一滴看人生的每一点滴经验的凝聚，便铸就了辉煌的人生。 看透的人，处处都是活力;看不透的人，处处都是窘境。拿得起的人，处处都是担任;拿不起的人，处处都是忽略。放得下的人，处处都是大路;放不下的人，处处都是迷路。想得开的人，处处都是春天;想不开的人，处处都是凋枯。人不能控制过去，也不能控制将来，你能控制的只是此时此刻的行为，为你创造未来。做一个什么样的人，决定权在自己;有一个什么样的日子，决定权也在自己。"1、最孤独的时光，会塑造最坚强的自己。2、信犹五行之土，无定位，无成名，而水金木无不待是以生者。3、活时只恨钱财少，死时方知财非宝。公道世间唯白发，贵人头上不曾饶。4、要想改变我们的人生，第一步就是要改变我们的心态。只要心态是正确的，我们的世界就会的光明的。5、人生本来就没有相欠； 别人对你付出；是因为别人喜欢。 你对别人付出，是因为自己甘愿； 情出自愿；事过无悔。6、一个人眼中的幸福是还没有得到的，或已经失去的。7、面对机会，你要勇敢，输也罢赢也罢，都是一种经历，是一笔花钱买不来的财富。8、睁开双眼，短信向你问安;伸伸懒腰，唤醒福运神灵;梳洗妆容，快乐与你亲昵;携带清风，踏上幸福路程;短信问候，开心伴随一天。早安!9、生前的赞扬往往虚假，死后的议论常常真实。10、如果生活一定要取悦一个人，我想最应该取悦的是自己。随着心的方向走，看到别人的光芒，也知道自己的耀眼。做自己心灵上的主宰，在俗世的怀里，只取幽闲不取奢。]]></content>
  <author><![CDATA[英文报刊杂志]]></author>
  <time>2018-10-11 00:00:00</time>
  <account><![CDATA[gh_cd2d5b2274b1]]></account>
</data>
