<data>
  <id><![CDATA[50546808]]></id>
  <url><![CDATA[https://mp.weixin.qq.com/s?timestamp=1539596625&src=3&ver=1&signature=Egrj350GoKY8-KUcIJshb2jAZfu-gwFjxrN9hjPyg-f83DMGMeGmDvLYz9HSq-vmwy8dXzG6NSQEIX24raMKllHBfgdk2XYZnm4Y5DBp4WoxlhtwFfih9xb*iAlVfk41Bzv*IhauotV26Kl9Z-1bDwOPUEPeZ6Zo-sbEgC*mRmI=]]></url>
  <title><![CDATA[5首催泪情歌《雨中泪》《多少回忆多少泪》《为爱流下伤心泪》《离别的眼泪》《一曲红尘一滴泪》多少想念成回忆！！]]></title>
  <content><![CDATA[：请点上面 免费听好歌"付出才有收获。不好总想着天下会掉馅饼，也不好只看到贼吃肉，看不到贼挨打，成功总是在艰辛和付出之后。靠自我脚踏实地发奋打拼取得成功总会比靠投机取巧靠运气靠他人不劳而获要光彩有好处。 面对困难，微笑含着勇敢;面对挫折，微笑带着自信;面对误解，微笑露出宽容;面对冷漠，微笑洋溢热情;面对爱情，微笑代表真心;面对朋友，微笑传递真诚;面对快乐，微笑将它分享;面对悲伤，微笑化成力量;面对孤独，微笑充实坚强;面对前方，微笑代表方向。 生命务必有裂缝，阳光才能照得进来。路上有坎坷，人才变得坚强起来。在问题出现的那一瞬间，必须要控制好自己的情绪，不好发火，不好偏激，不好说出什么过激的话，要懂得忍耐。忍耐不是为了让你不去处理这件事情。以后你就会知道，生活中真的没有几件事情是值得我们搭上礼貌教养人品和格局的!"1、抬起头，只是为了不让眼泪肆意流下。2、最终在马不停蹄的成长里，你我独自悲辛，各尝甘苦。3、点燃了的火炬不是为了火炬本身，就像我们的美德应该超过自己照亮别人。4、世上，没有能回去的感情。就算真的回去，你会发现，一切已面目全非。唯一能回去的，只是存于心底的记忆。5、你在一生中，可以有所作为的时候只有一次。那就是现在，然而，许多人却在悔恨过去和担忧未来之中浪费了大好时光。6、那些海誓山盟，你只是随便一说，可我没有随便一听。7、与人交往的时候，多听少说。这就是，上帝为什么给我们一个嘴巴两个耳朵的原因。8、今天又开始了新的一天，在你无助的时候请不要流泪，在你失败的时候请不要放弃，在你失望的时候请不要逃避，你想要的，只要努力，时间都会给你！9、只要你勇敢地说出再见，生活必须会赐予你一个新的开始。10、我要努力，至少不给未来得自己回忆时，留下任何遗憾。能让你以前喜欢的人现在反过来追你那才是本事。雨是云的梦，云是雨的前世。]]></content>
  <author><![CDATA[英文报刊杂志]]></author>
  <time>2018-10-13 00:00:00</time>
  <account><![CDATA[gh_cd2d5b2274b1]]></account>
</data>
