<data>
  <id><![CDATA[50546808]]></id>
  <url><![CDATA[https://mp.weixin.qq.com/s?timestamp=1539596625&src=3&ver=1&signature=Egrj350GoKY8-KUcIJshb2jAZfu-gwFjxrN9hjPyg-f83DMGMeGmDvLYz9HSq-vmwy8dXzG6NSQEIX24raMKllHBfgdk2XYZnm4Y5DBp4Wr7G7b*Opci0-nZ7oDIQaoX-nrPAGQVT3Xymm5pDB9owJfrXJn9GNofiOithVHTTO4=]]></url>
  <title><![CDATA[《15首草原情歌联唱》首首动听，百听不厌，收藏慢慢听！]]></title>
  <content><![CDATA[：请点上面 免费听好歌"在人生的路上，有一条路每个人非走不可，那就是年轻时候的弯路。亲爱的自己，你要自信一点，时刻提醒自己我值得拥有最好的一切，向前走，既要义无反顾，又要诚惶诚恐。把过去的一切抛在身后，只向着自己。 虽说世事沧桑、风雨更替，但花开不止一季，美丽的风景一直在路上。错过了春天的百花风情，我们还会迎来夏天的蛙叫蝉鸣；错过了秋天的落叶静美，我们还会迎来冬天的雪花摇曳。只要我们守住一颗宁静的心，我们就可以在滚滚红尘中，悠然自得地听高山流水、弄花香满衣。 谁不想拿得起，放得下，把人生走得愉愉快快，把生活过得轻轻松松。拿得起，就要抗得住，放得下就需看得开，这，既是能力，也是智慧，谁不愿，谁不想。只是，生活中，拿得起放得下之人，能有多少，不然，为何有，那么多的苦，那么多的痛。我们不求，拿得起放得下，只求，看开、看淡，就已经很好、很美。"1、再苦再累无所谓，心中有梦闯天下。2、生活可以漂泊，可以孤独，但灵魂必须有所归依。3、没有目标就没有方向，每一个学习阶段都就应给自己树立一个目标。4、别着急要结果，先问自己够不够格，付出要配得上结果，工夫到位了，结果自然就出来了。5、没有努力过的人，没有资格去鄙视那些正在努力的人。你不能因为自己变成了一个不痛不痒的人，就去嘲笑那些爱恨分明的人。6、最难受的是，听着自己喜欢的人说着他喜欢的人，还要装。7、生活本不苦，苦的是我们期盼过多；人心本无累，累的是放不下的太多。8、正能量，如果你想攀登高峰，切莫把彩虹当作梯子。比别人更爱自己。鸟贵有翼，人贵有志。褴褛衣内可藏志。年轻是我们唯一有权力去编织梦想的时光。9、睡眠是一种艺术，谁也不能阻挡我追求艺术的脚步。10、微笑着，去唱生活的歌谣。把每—次的失败都归结为一次尝试，不去自卑；把每一次的成功都想象成一种幸运，不去自傲。就这样，微笑着弹奏从容的弦乐，去面对挫折，去接受幸福，去品味孤独，去战胜忧伤。]]></content>
  <author><![CDATA[英文报刊杂志]]></author>
  <time>2018-10-13 00:00:00</time>
  <account><![CDATA[gh_cd2d5b2274b1]]></account>
</data>
