<data>
  <id><![CDATA[50546808]]></id>
  <url><![CDATA[https://mp.weixin.qq.com/s?timestamp=1539596625&src=3&ver=1&signature=Egrj350GoKY8-KUcIJshb2jAZfu-gwFjxrN9hjPyg-f83DMGMeGmDvLYz9HSq-vmwy8dXzG6NSQEIX24raMKloo5-wWGt1eISgyKzeNNiesNf-AJoIcZD1eaXYE6XzqeKpQDAuUBn3PAS1sAvt5ks2tjU8FLOp7KvzpuN4o45pk=]]></url>
  <title><![CDATA[催泪情歌《当我想你的时候》《想你啦》《真的好想你》听醉了！]]></title>
  <content><![CDATA[：请点上面 免费听好歌"世上有两种人，一种人一经打击就心灰意冷，从此消沉下去；一种人在和挫败挣扎一番之后，他总会找到一条更平坦更光明的路，使自己更坚强，无论是在精神上或在事实上，他都有机会以胜利者的姿态再度活跃起来。 当你周围都是米的时候，你很安逸；当有一天米缸见底，才发现想跳出去已无能为力。有一种陷阱，名叫安逸！别在最能吃苦的年纪选择安逸！没有危机！是最大的危机！自己不上进，危机无处不在吞噬你的理想和灵魂，混下去很容易，混上去太难了。 人生很难，心态放宽，人生，最难得的，是好心态，最难放的，是真感情，最难忘的，是入心人，最难求的，是被人懂，人的一生，与爱恨纠缠，与得失相伴，与是非周旋。生活中，每个人都会有烦恼，工作中，每个人都会有难题，人生中，每个人都有难事，如果，想的简单一点，眼光纯粹一点，心态平常一点，将会少掉很多莫名的烦恼，别太为难自己，有些人，不值得你掏心掏肺，有些事，无须一直铭刻于记忆，别等到无能为力，才选择顺其自然。"1、坚持是一切聪明的基础。2、修养的花儿在寂静中开过去了，成功的果子便要在光明里结实。3、千淘万漉虽辛苦，吹尽狂沙始見金。曾经沧海难为水，除却巫山不是云。4、宇宙以其不息的运动将一个瞬间炼为永恒，这运动有怎样一个人间的姓名，大可忽略不计。5、人生如梦，醒来方知一场空，不曾带来什么，也不将留下什么，不，应该留下点什么，留下点美好的东西吧!也不算白来一场。6、生活像一个迷宫，而我学会了伪装，置身其中。7、要做的事情总找得出时间和机会;不愿意做的事情也总能找得出借口。8、睁开双眼，短信向你问安;伸伸懒腰，唤醒福运神灵;梳洗妆容，快乐与你亲昵;携带清风，踏上幸福路程;短信问候，开心伴随一天。早安!9、关于生活中的每一件事都可以用三个字总结：会过去。10、岁月是只船，心才是舵手。有时爱，只需一个手势，心便陶醉。有时人生，只需一抹淡然，心便花开。诸多的不如意又如何，趟过这条河，定会有岸；翻过这座山，必定又是大路迢迢。]]></content>
  <author><![CDATA[英文报刊杂志]]></author>
  <time>2018-10-06 00:00:00</time>
  <account><![CDATA[gh_cd2d5b2274b1]]></account>
</data>
