<data>
  <id><![CDATA[50546808]]></id>
  <url><![CDATA[https://mp.weixin.qq.com/s?timestamp=1539596625&src=3&ver=1&signature=Egrj350GoKY8-KUcIJshb2jAZfu-gwFjxrN9hjPyg-f83DMGMeGmDvLYz9HSq-vmwy8dXzG6NSQEIX24raMKllHBfgdk2XYZnm4Y5DBp4Wqenjb1uU2Ice2HUI*oNkcTdTS9jeB4NeiU-hohfNq73OOo0oJZxUpR8bMW2jNI4FQ=]]></url>
  <title><![CDATA[一首《十二杯酒》好听极了，像<徐善云>《十二月想郎》一样醉人！]]></title>
  <content><![CDATA[：请点上面 免费听好歌"挑剔不会得到任何好处，只能把事情推向消极而失去沟通，让人觉得是一种不可理喻，每个人都是一个主体，谁也没有权利去剥夺另一个人的思维，挑剔只是没有到达自己的意愿而发的牢骚，也会在彼此的心里产生不愉快的隔阂，挑剔给他人造成的是一种压力，而真正能改变一切的是鼓励。 遇水舍己，而成茶饮，是为布施；叶蕴茶香，犹如戒香，是为持戒；忍蒸炒酵，受挤压揉，是为忍辱；除懒去惰，醒神益思，是为精进；和敬清寂，茶味一如，是为禅定；行方便法，济人无数，是为智慧。禅茶一味。茶心佛心，何异何殊？与友聊药案，愈不淡定。品茶，以静吾心。 生活 是蜿蜒在山中的小径，坎坷不平，沟崖在侧。摔倒了，要哭就哭吧，怕什么，不心装模作样!这是直率，不是软弱，因为哭一场并不影响赶路，反而能增添一份小心。山花烂漫，景色宜人，如果陶醉了，想笑就笑吧，不心故作矜持!这是直率，不是骄傲，因为笑一次并不影响赶路，反而能增添一份信心。"1、不断地挑战自我，让自己成为优秀者。2、只有脚踏实地的人，才能够说：路，就在我的脚下。3、成功之前我们要做就应做的事情，成功之后我们才能够做喜欢做的事情。4、爱情本来并不复杂，来来去去不过三个字，不是我爱你，我恨你，便是算了吧。你好吗？对不起。5、生活就是一种积累，你若储存的温暖越多，你的生活就会越阳光明媚，你若储存太多寒凉，你的生活就会阴云密布。6、你问我爱你值不值得，其实你应该知道，爱就是不问值得不值得。7、把气愤的心境转化为柔和，把柔和的心境转化为爱，如此，这个世间将更加完美。8、不要被任何人打乱自己的脚步，因为没有谁会像你一样清楚和在乎自己的梦想。就算路不坦荡，也要做自己的太阳！不念过往，不为未来，珍惜现在。9、把直路走完是豁达的，因为可以多看了几道风景。10、做自己的梦，去自己想去的地方，做自己想做的人，因为生命只有一次。随着你越来越出色，嫉妒你的人越来越多，但你的对手会越来越少。要坚信，每件事最后都会变成好事，如果不是，说明还没到最后。]]></content>
  <author><![CDATA[英文报刊杂志]]></author>
  <time>2018-10-13 00:00:00</time>
  <account><![CDATA[gh_cd2d5b2274b1]]></account>
</data>
