<data>
  <id><![CDATA[50546808]]></id>
  <url><![CDATA[https://mp.weixin.qq.com/s?timestamp=1539596625&src=3&ver=1&signature=Egrj350GoKY8-KUcIJshb2jAZfu-gwFjxrN9hjPyg-f83DMGMeGmDvLYz9HSq-vmwy8dXzG6NSQEIX24raMKlmYeYxBnaYMnWLSpBaqljGFefu0fO*LRAAccSG619XEziZF58PP86vV4c8kcqUpC17U11PsMAM1y2fYp*mdV6cw=]]></url>
  <title><![CDATA[3首伤感情歌《我的痛谁能懂》《心在痛泪在流》《埋在心里的痛》听到心碎！]]></title>
  <content><![CDATA[：请点上面 免费听好歌"那些活得太累的人，要么是活在过去，根本看不到未来，要么是太现实，被眼前的名利所困。过去和现实的生活，有很多既定的规则，它们未必正确，却约定俗成，是一种束缚，梦想就是摆脱它们的一条捷径。 发誓不再想你，不再恋你，不再爱你，绝口不再提你的，只是在今日无意接到了你的电话，心底还是忍不住一丝痛楚，天空还是一下变白，眼底还是禁不住流出一滴泪水。是啊，假若不再听到你的声音，我仍然不知道，自己原来还是这么在乎你。夏日的暖风轻拂面庞，而心却冷的像冬日。 其实一个人无论到了什么年龄，想追求自己想要的生活都是可以的。人生本来就不应该被年龄，环境，以及周围人的舆论和同龄人的成败所控制。你是你人生的主宰，未来有无数种可能性，也许以我们现在的认知和见识尚不能看清它的模样，但一切皆有可能，所以请不要让眼前的苟且毁掉了对未来的信心。"1、不断地挑战自我，让自己成为优秀者。2、无论你觉得自己多么了不起，也永远有人比你更强。3、缘，需要把握，更懂得珍惜。懂得珍惜，才会长久;知道感恩，才配拥有。4、总有一天你会明白，等待是最没有说服力的理由，等那个已经不爱你的人，生活便是一种煎熬。5、你在一生中，可以有所作为的时候只有一次。那就是此时此刻，然而，许多人却在悔恨过去和担忧未来之中浪费了大好时光。6、什么时候抬头也会变的刺眼，梦想被囚禁在发白的憧憬里。7、爱上某人不是因为他们给了你需要的东西，而是因为他们给了你从未有过的感觉。8、自我消化负面情绪，而不是逢人便诉说自己的失落，怨恨，惆怅，是成年人的基本礼仪。没有谁的存在是为了承受你所带来的情绪消耗，与负面感受的。9、人的最高尚行为除了传播真理外，就是公开放弃错误。10、品一盏茶茗，听一曲琴音，让我们守住内心的那一方灵台明镜，净心向暖，清浅入禅，盈一怀美丽的憧憬，携淡墨诗意，悠然前行，让生命的画斑斓，让人生的书丰盈。]]></content>
  <author><![CDATA[英文报刊杂志]]></author>
  <time>2018-10-10 11:38:00</time>
  <account><![CDATA[gh_cd2d5b2274b1]]></account>
</data>
