<data>
  <id><![CDATA[50546808]]></id>
  <url><![CDATA[https://mp.weixin.qq.com/s?timestamp=1539596625&src=3&ver=1&signature=Egrj350GoKY8-KUcIJshb2jAZfu-gwFjxrN9hjPyg-f83DMGMeGmDvLYz9HSq-vmwy8dXzG6NSQEIX24raMKljh4Dj4EPBtNlNZpYXjtsqsWHVLjNm1YpF6CEFUmqfZlcQKyBvxDBSisEhEb3A*gRU13U*1s3YuVC09f2vIGvlQ=]]></url>
  <title><![CDATA[早上好，一首《陪你春夏秋冬》送给你，愿你四季平安幸福！]]></title>
  <content><![CDATA[：请点上面 免费听好歌"生命需要你用一生的时刻，去体会，去渴望自由，去拥有战胜一切的力量和勇气。那些阴暗，那些邪恶，那些腐败，像一根刺，以前让我心好痛好痛；那些烦恼，那些困惑，那些压抑的苦恼，更是把我的心，扎的彻底麻木，几乎吞噬了我的灵魂。我无怨无悔，我要战胜我的生命。 当你周围都是米的时候，你很安逸；当有一天米缸见底，才发现想跳出去已无能为力。有一种陷阱，名叫安逸！别在最能吃苦的年纪选择安逸！没有危机！是最大的危机！自己不上进，危机无处不在吞噬你的理想和灵魂，混下去很容易，混上去太难了。 人之所以会烦恼，就是因为人们的记性太好，把该记的不该记的装满了头脑。有人说：傻子最可爱，因为他“她”忘记了人世间的恩恩怨怨；忘记了人们对他“她”的冷嘲热讽；忘记了世俗的功名利禄；忘记了世间的尔虞我诈，他“她”只活在自己的世界里，为所欲为、随心所欲。所以，傻一点更可爱。"1、你在时你是一切，你不在时一切是你。2、不去期望，失去了不会伤心，得到了便是惊喜。3、吃了人家的口软，拿了人家的手短。行无利己心机少，事不求人眼界宽。4、放弃该放弃的是无奈，放弃不该放弃的是无能，不放弃该放弃的是无知，不放弃不该放弃的却是执着！！5、得意时不要太狂妄，狂之则骄，骄之必败，是失意的祸根。失意时不要太悲伤，悲之则馁，馁则必衰，一蹶不振，是对生命的亵渎。6、输了就是输了，没什么好去解释的，但是是一盘棋，何必去计较。7、勇敢，世界就会让步。如果有时候你被它打败了，不断地勇敢再勇敢，它就会屈服。8、人生如一次长长的旅行，旅行中有坦途也有弯路，你得以平静的心态面队每一天，挑战自我，执着向前，突破自我，一如既往地朝着目的地勇敢走下去。9、博学之,审问之,慎思之,明辨之,笃行之。10、有一次，我们梦见大家都是不相识的。我们醒了，却知道我们原是相亲相爱的。有一天，我们梦见我们相亲相爱了，我醒了，才知道我们早已经是陌路。]]></content>
  <author><![CDATA[英文报刊杂志]]></author>
  <time>2018-10-12 00:00:00</time>
  <account><![CDATA[gh_cd2d5b2274b1]]></account>
</data>
