<data>
  <id><![CDATA[50546808]]></id>
  <url><![CDATA[https://mp.weixin.qq.com/s?timestamp=1539596625&src=3&ver=1&signature=Egrj350GoKY8-KUcIJshb2jAZfu-gwFjxrN9hjPyg-f83DMGMeGmDvLYz9HSq-vmwy8dXzG6NSQEIX24raMKlvuv44KEMwzhAmKjBWAh7-zf**2*67aVNfVKaC*8hCOQjx9T69ktAX5Nh*HCdqJ-3l5TLdPMFxcewP2uyLRpSOc=]]></url>
  <title><![CDATA[<谢军、龙飞>山歌一首《阿哥阿妹》超好听，听醉人！]]></title>
  <content><![CDATA[：请点上面 免费听好歌"如果你心中有阳光，就不会恐惧前方的坎坷;如果你心中有勇气，就不会畏缩不前;无论前方风多大，雨多大，闯过去就是一片海阔天空!孩子别忧伤，生命的美丽就是坚强的走过坎坷! 习惯性怨恨会导致自怜，而自怜是一个人能够养成的最坏的情绪习惯。当这些习惯变得根深蒂固时，不自怜的话就会觉得不正确。有心理学研究发现，这种人只有在自己处于悲惨境地时才会感觉良好。 管多远路，也能走到尽头；不论多深的痛苦，也会有结束的一天。背负明天的期望，在每一个痛并快乐的日子里，才能走得更加坚强；怀揣未来的梦想，在每一个平凡而不平淡的日子里，才会笑得更加灿烂。只要不放下，就没有什么能让自我退缩；只要够坚强，就没有什么能把自我打垮。 人生不要去想着改变别人，但能够随时改变自己，因为想改变别人只是自己的完美愿望！这是幼稚与不可能的事情。即使透过你的权威掌控改变了别人，一般只是表面现象，那只能属于服从范畴，或许心会越来越远。只有透过自己的情感言行，启发引导鼓励支持别人，让他自己改变自己才是最佳的方法。"1、青春漫长，绝不认输。2、外在压力增加时，就应增强内在的动力。3、每一天醒来，敲醒自我的不是钟声，而是梦想。4、勤奋是学习的枝叶，当然很苦，智慧是学习的花朵，当然香郁。5、一旦你学会快乐地生活，你就会对生活的一切心存感激，也会用乐观的的方式评价生活。6、面对生活，我们应该快乐。人生在世，也不过百年，不快快乐乐地过，却忧愁悲伤地活，这有什么意思呢？当你钱包掉了，不要悲伤，你只要想到，如果捡到你的钱包的人把它送回了，那你又多一个朋友了；当你病倒时，不要为躺在床上而厌烦，因为你得到了更加细致的关爱；当别人借了你钱却不还时，不要气恼，因为你得到了一个教训，不要轻易相信别人。总之，当你遇到麻烦时，只要想着好的一面，那么你的生活就快乐了。7、清晨走在充满草香味的林荫路上却丝毫没有情绪停下来静静地呼吸早已习惯这样忙忙碌碌和时间作游戏8、一个人的思想和眼界往往决定着他作品的厚度，而本性则支撑着其作品的纯度。窃以为这一点在所有艺术领域都适用！9、每个人都在自己的世界里做着只有自己才能阐释的梦。头脑是日用品，而不是装饰品。在人之上，要把人当人；在人之下，要把自己当人。10、驾驭命运的舵是奋斗。不抱有一丝幻想，不放弃一点机会，不停止一日努力。自然界没有风风雨雨，大地就不会春华秋实。忙于采集的蜜蜂，无暇在人前高谈阔论。]]></content>
  <author><![CDATA[英文报刊杂志]]></author>
  <time>2018-10-08 00:00:00</time>
  <account><![CDATA[gh_cd2d5b2274b1]]></account>
</data>
