<data>
  <id><![CDATA[50546808]]></id>
  <url><![CDATA[https://mp.weixin.qq.com/s?timestamp=1539596625&src=3&ver=1&signature=Egrj350GoKY8-KUcIJshb2jAZfu-gwFjxrN9hjPyg-f83DMGMeGmDvLYz9HSq-vmwy8dXzG6NSQEIX24raMKloo5-wWGt1eISgyKzeNNieuQMqjBgcclSEufmMPRQ2w72*c4nLFBw*AQidWb2SlGuurGls5NKWAu5J*vYGOVr8I=]]></url>
  <title><![CDATA[伤感情歌《过去就让它过去》《往事随风》好听至极！]]></title>
  <content><![CDATA[：请点上面 免费听好歌"悲观的人与乐观的人很好交往，就因为他们看到了最坏的结果却依然能够理解，而乐观的人与悲观的人却很难接触，因为他们内心深处的抵触情绪，他们不愿意感受到那份窒息的悲伤。 生命，因情而丰盈；因爱而温暖；因简单而快乐；因善良而美好；因恬淡而生香；因清欢而静好；因诗意而浪漫；因感动而温润；因理解而包容；因遇见而生动；因相知而相惜；因缘份而聚散健康是财富，平安是喜乐，快乐是馈赠，知足才幸福。 不好心怀怨恨；放下怨恨，简单生活。否则，你会伤害到自我，而不是你所恨之人。宽恕不是说：你对我所做的一切很好；而是说：我不会让你的所作所为毁了我的幸福。宽恕是：放开手，寻找宁静，解放自我。记住，宽恕不仅仅仅是为了他人，更是为了自我。如果务必的话，宽恕自我，继续前行，下次尽量做得更好。"1、只要功夫深，铁杵磨成针。2、在人生的道路上，想哭就哭，想笑就笑吧，只是别忘记赶路。3、富贵如风中秉烛，利名似水上浮瓢。好义固为人所钦，贪利乃为鬼所笑。4、只要你的脚还在地面上，就别把自己看得太轻；只要你还生活在地球上，就别把自己看得太大。5、这个是世界上没有天才，所谓的天才只是比普通人多了百分之一的天赋。如果这个天赋运用不好，那么他就可能变成百分之十的累赘。6、爱上一个人的时候，总会有点害怕，怕得到他；怕失掉他。7、只要你确信自己正确就去做。做了有人说不好，不做还是有人说不好，不要逃避批判。8、你若坚持，定会发光，时间是所向披靡的武器，它能集腋成裘，也能聚沙成塔，将人生的不可能都变成可能。9、面对困境，悲观的人因为往往只看到事情消极一面。10、雄鹰在鸡窝里长大，就会失去飞翔的本领，野狼在羊群里成长，也会爱上羊而丧失狼性。和聪明的人在一起,你才会更加睿智。和优秀的人在一起，你才会出类拔萃。所以，重要的是，你和谁在一起。]]></content>
  <author><![CDATA[英文报刊杂志]]></author>
  <time>2018-10-06 00:00:00</time>
  <account><![CDATA[gh_cd2d5b2274b1]]></account>
</data>
