<data>
  <id><![CDATA[50546808]]></id>
  <url><![CDATA[https://mp.weixin.qq.com/s?timestamp=1539596625&src=3&ver=1&signature=Egrj350GoKY8-KUcIJshb2jAZfu-gwFjxrN9hjPyg-f83DMGMeGmDvLYz9HSq-vmwy8dXzG6NSQEIX24raMKljh4Dj4EPBtNlNZpYXjtsqvSwqOuT4DZjSyPpr5PQQOi-RUOmZ1CcDSjAljWMRUVAypU-EaKDpYL2urNq7Mhe9Q=]]></url>
  <title><![CDATA[六个版本《酒干倘卖无》各有特色！好听好听真是好听！]]></title>
  <content><![CDATA[：请点上面 免费听好歌"也许你想成为太阳，可你却只是一颗星辰；也许你想成为大树，可你却是一棵小草。于是，你有些自卑。其实，你和别人一样，也是一片风景：做不了太阳，就做星辰，在自己的星座发光发热；做不了大树，就做小草，以自己的绿色装点期望…… 我经常打一个比方，你如果真的很穷，人家骂你你就会暴跳如雷；假如你其实很富，你会一笑置之。你有相同的频道，相同的磁场，你才会受不了。之所以别人的话语一点就燃，因为你刚好是柴。情绪被外在的境界左右，就是因为我们内心当中有这样易燃的东西。 我们都还年轻，多走几步路，多欣赏下沿途的风景，不要急于抵达目的地而错过了流年里温暖的人和物；趁我们都还年轻，多说些浪漫的话语，多做些幼稚的事情，不要嫌人笑话错过了生命中最美好的片段和场合；趁我们都还年轻，把距离缩短，把时间延长。趁我们都还年轻，多做些我们想要做的任何事。"1、如果不能好好相处，那就鱼死网破。2、你又没有经历我的人生，你有什么资格评论我。3、梦想是一场华美的旅途，每个人在找到它之前，都只是孤独的少年。4、伟人之因此伟大，是正因他与别人共处逆境时，别人失去了信心，他却下决心实现自我的目标。5、你疼过，便懂得了；你跨越过，便成熟了。你总是要失去了什么，才学会珍惜什么。你总是要碰了壁，才会学会改变什么，放弃什么。6、每一种挫折或不利的突变，是带着同样或较大的有利的种子。7、路再长也是会有终点，夜再长也是会有尽头，不管雨下得有多大，总会有停止的时候。8、人品好的人，自带光芒；一个人真正的资本，不是美貌，也不是金钱，而是人品。人品是生活的通行证，在冷峻又善变的时代，人品是彼此最后的依赖。9、每一个成功者都有一个开始。勇于开始，才能找到成功的路。10、梧桐，让人们见证着他们忠贞不渝的爱情，因为它从来不会在风吹雨打里倒下。每一个黄昏都孤独地矗立在落寞的地方，可是它仍然无怨无悔地守候着这不老的爱情。]]></content>
  <author><![CDATA[英文报刊杂志]]></author>
  <time>2018-10-12 00:00:00</time>
  <account><![CDATA[gh_cd2d5b2274b1]]></account>
</data>
