<data>
  <id><![CDATA[50546808]]></id>
  <url><![CDATA[https://mp.weixin.qq.com/s?timestamp=1539596625&src=3&ver=1&signature=Egrj350GoKY8-KUcIJshb2jAZfu-gwFjxrN9hjPyg-f83DMGMeGmDvLYz9HSq-vmwy8dXzG6NSQEIX24raMKloo5-wWGt1eISgyKzeNNieu4OLXONjf8RXWfYJvJE5Z0xqGjErkwbHoaJ*ulaQ83qeC4pDbrr54lEe2UR9**lz4=]]></url>
  <title><![CDATA[情歌对唱《等你娶我》好听极了！]]></title>
  <content><![CDATA[：请点上面 免费听好歌"人生本就是一场向前的旅行，谁在前进的路上多看了几道风景，谁在坎坷的途中多行了几步，这些都是活在世上的价值所在。生命，本就承载了太多的遗憾与无奈，没有必要责怪自己太多，给心灵一丝绿意，给他人一抹微笑，无关月圆月缺，不管缘来缘去。 钱离开人，废纸一张;人离开钱，废物一个。鹰，不需鼓掌，也在飞翔。小草，没人心疼，也在成长。做事不需人人都理解，只需尽心尽力。坚持，注定有孤独彷徨，质疑嘲笑，也都无妨。就算遍体鳞伤，也要撑起坚强，其实一世并不长，既然来了，就要活得漂亮!——致自己 你的身边也许会有许多许多的人。但在你最需要他们的时候，他们通常都不在。或者在那个时候，你也并不需要任何一个。 没有人可以带来拯救。 有趣的人，懂你的想法，更懂得照顾你的感受。他们或许会自嘲，但不会嘲讽别人，说话不会咄咄逼人，又不会阿谀奉承。和这样的人在一起，你不会觉得尴尬，也不会觉得有压力，他们说话做事会给你一种如沐春风的感觉。"1、过了做梦的年纪，就只能往前走。2、金钱损失了还能挽回，一旦失去信誉就很难挽回。3、出路出路，走出去了，总是会有路的。困难苦难，困在家里就是难。4、无法改变风向，可以调整风帆；无法左右天气，可以调整心情。如果事情无法改变，那就去改变观念。5、先想好退路，才敢大胆地前进。上紧发条表转动，增大压力人前进。正确的治疗来源于正确的诊断，正确的做事来源于正确的判断。6、爱父母，因为他们给了你生命，同时也是爱你爱的最无私的人。7、坚定地把许多的过去踩在脚下，留在身后选取了瞬间的清醒，就等于选取了瞬间的成长。8、要克服生活的焦虑和沮丧，得先学会做自己的主人。肯承认错误则错已改了一半。现代社会已不是大鱼吃小鱼的年代，而是快鱼吃慢鱼的年代。9、背对太阳，阴影一片；迎着太阳，霞光万丈。10、也许两个人在一起，最难能可贵的就是，我们都知道彼此并不完美，但仍然心甘情愿为他做所有的事情，无论好的坏的，都觉得是值得的。]]></content>
  <author><![CDATA[英文报刊杂志]]></author>
  <time>2018-10-06 00:00:00</time>
  <account><![CDATA[gh_cd2d5b2274b1]]></account>
</data>
