<data>
  <id><![CDATA[50546808]]></id>
  <url><![CDATA[https://mp.weixin.qq.com/s?timestamp=1539596625&src=3&ver=1&signature=Egrj350GoKY8-KUcIJshb2jAZfu-gwFjxrN9hjPyg-f83DMGMeGmDvLYz9HSq-vmwy8dXzG6NSQEIX24raMKlglk068UDUkk72InHzAt6Rz7lKQwTXlGS6bUnMEY75Ie7--nV82pGbzdvpUHc6FIvtasKO8*C19VU7O-lq2IOs4=]]></url>
  <title><![CDATA[民歌小调《孟姜女哭长城》听的流泪！]]></title>
  <content><![CDATA[：请点上面 免费听好歌"上天不给我们的，无论我们十指怎样紧扣，仍然走漏；给我们的，无论过去我怎么失手，都会拥有。看懂一件事，长大了。看清一件事，开窍了。看破一件事，理性了。看透一件事，成熟了。看穿一件事，到头了。看淡一件事，放下了。 其实美丽的故事都是没有结局的，之因为它没有结局所以才会美丽，这就像为什麽悲剧总是比喜剧更让人难忘，也就像人们总是找寻的真爱，却往往擦肩而去，不是这个时代远离了爱情，而是人们一开始就没有想过用一颗心去坚定的温暖另一颗心，不是爱情不再永恒，而是浮躁和易变的心 人生中的大多数人，都被生活的重负压在身上，如同一块巨石压身，喘不过气来。的确，我们的生活太沉重了，身心常有疲惫之感。但是又不能不为自己的前途静下心来，去寻找出路。也许会发出这样的感叹：“唉，我的出路何在呀？我都熬到这样的年龄了，怎么还是没有希望。”叹息是没有用的，惟有挺着腰杆寻找出路才可能有最大的希望，才是硬道理。"1、距离太近，爱也会变成一种消极的东西2、所谓天才，那就是假话，勤奋的工作才是实在的。3、进退两难心问口，三思忍耐口问心。亏心折尽平生福，行短天教一世贫。4、在攀登人生阶梯的旅途中，我们不怕慢，只怕停。只要不停止，再慢的速度也能到达顶峰。5、人生就像道路，有坎坷的，也有平坦的;在成长的过程中，不会是一帆风顺的，有时会跌倒，有时不会跌倒，但总要继续前进。6、对没志气的人，路程显得远；对没有银钱的人，城镇显得远。7、不好浪费时刻追忆失去的东西。你得朝前看，正因生命不会走回头路。8、爱不是单向，情不是索取，懂得珍惜才会持久，知道不易才能永恒。爱得无怨，疼得无悔，只因不图任何回报;爱到卑微，疼到廉价，只因入心入髓。9、只要你勇敢地说出再见，生活必须会赐予你一个新的开始。10、我以爲爱情可以克服一切，谁知道她有时毫无力量。我以爲爱情可以填满人生的遗憾，然而，制造更多遗憾的，却偏偏是爱情。阴晴圆缺，在一段爱情中不断重演。换一个人，都不会天色常蓝。]]></content>
  <author><![CDATA[英文报刊杂志]]></author>
  <time>2018-10-07 00:00:00</time>
  <account><![CDATA[gh_cd2d5b2274b1]]></account>
</data>
