<data>
  <id><![CDATA[50546808]]></id>
  <url><![CDATA[https://mp.weixin.qq.com/s?timestamp=1539596625&src=3&ver=1&signature=Egrj350GoKY8-KUcIJshb2jAZfu-gwFjxrN9hjPyg-f83DMGMeGmDvLYz9HSq-vmwy8dXzG6NSQEIX24raMKlhc8rGjKuhE5R*gZsqkJ3g-OoOJ6UzUGBKRUsv7WA4QhZWnQ5wXicCOQFiLnbCfH0bVWrnMOsfUhCpvDa*K4L14=]]></url>
  <title><![CDATA[迟志强经典老歌3首《铁窗泪》《愁啊愁》《打工十二月》催泪，太感人！]]></title>
  <content><![CDATA[：请点上面 免费听好歌问题：怎么才能每天收到这么好听的歌曲答案：只需点击箭头上边《九妹山歌》即可"请磨掉自己身上的躁气和戾气，很多道理，我们昨日没有弄懂，也许今日我们懂了；也许今日我们没懂，但是不要紧，我们每一天都在成长，也许明天，也许后天，也许大后天，我们都会一一弄懂。 世上除了生死，都是小事。从这天开始，每一天微笑吧。不管遇到了什么烦心事，都不好自己为难自己；无论这天发生多么糟糕的事，都不就应感到悲伤。这天，是你往后日子里最年轻的一天了，正因有明天！这天，永远只是起跑线。记住，越发奋，越幸运。 一生中，我们要经历许多事情，要相识相交许多人，而心灵像一个筛子，在世事颠沛流离中，慢慢的一些人就漏掉了。不过，对于智者来说，他们漏掉的只是别人的过错与不足，他们不会刻意去记恨一个人，而会记住他人的好和善，并时时充盈自己那颗感恩的心。宽容、大气的生活会让我们更容易感受到喜乐与安然。"1、没几处伤口怎能叫做人生。2、不当家，不知柴米贵；不生子，不知父母恩。3、天若有情天亦老，月如无憾月常圆。生老病死人人有，谁得长生永少年。4、心中有梦想要一如既往，不能遇到困难就放弃，千锤百炼才能磨炼出好钢，饱经风霜才能更强。5、身在顺境，我们固然可喜，面对逆境，也不必太过忧伤，因为人生的顺境和逆境都有其独特的魅力和存在的价值。6、乐观者看到条条都是康庄大道，悲观者看到条条都是此路不通。7、环境永远不会十全十美，消极的人受环境控制，用心的人却控制环境。——激励人的话8、凡事只要看得淡些，就没有什么可忧虑的了；只要不因愤怒而夸大事态，就没有什么事情值得生气的了。9、有所成是正因用心。如果有很多机会，但不用心，就不会成长。10、有时候我们放不开不是因为失去，而是心疼自己的付出。遗忘的好处是：也许会后悔，也许会难过，但是心却不会再疼。曾经看不惯，受不了的，如今不过淡然一笑。成熟，不是看破，而是看淡。]]></content>
  <author><![CDATA[英文报刊杂志]]></author>
  <time>2018-10-15 14:25:00</time>
  <account><![CDATA[gh_cd2d5b2274b1]]></account>
</data>
