<data>
  <id><![CDATA[50546808]]></id>
  <url><![CDATA[https://mp.weixin.qq.com/s?timestamp=1539596625&src=3&ver=1&signature=Egrj350GoKY8-KUcIJshb2jAZfu-gwFjxrN9hjPyg-f83DMGMeGmDvLYz9HSq-vmwy8dXzG6NSQEIX24raMKllHBfgdk2XYZnm4Y5DBp4WqoouZmEj5HBydOOfZODUe4c2LOE5XaD6czLHmLK1dk2Wm70DZLRK9OVAxnVs2cUec=]]></url>
  <title><![CDATA[5首情歌对唱《爱是你我》《灯笼情歌》《寂寞的人伤心的歌》《花开的时候来看我》《梦里回到昨天》首首动听！]]></title>
  <content><![CDATA[：请点上面 免费听好歌"如果青春是醺人欲醉的海风，那么自信就是这和风前行的路标，如果青春是巍峨入云的高耸，那么拼搏就是这山脉层层拔高的动力;如果青春是高歌奋进的谱曲，那么坚强就是这旋律奏响的最强音！ 凡事不必生气。俗话说的好：“忍一时，风平浪静；退一步，海阔天空”。每当自己要生气的时候，应当先深呼一口气，忍一忍又有何妨；再往后迈一步，退一退还能咋的。既然两个人能碰到一起，那就是缘分，而针锋相对，互不相让，那则是小人之举。 衡水湖一眼望不到边，天连着水，水连着天，天水相接。衡水湖的水真静啊，静的让你感觉不到它的流动;衡水湖的水真清啊，清的可以看到水底的小鱼和水草;衡水湖的水真绿呀，绿的仿佛那是一块无瑕的翡翠。湖面上朦胧着一层雾气，给衡水湖增添了几丝神秘。水中小鱼自由嬉戏，水藻心情舞蹈，形成一派和谐的景象。"1、坚韧是意志的最好助手。2、梦的前方是闯，成功的背后是泪水夹杂汗水。3、求人须求大丈夫，济人须济急时无。渴时一滴如甘露，醉后添杯不如无。4、爱自己的方式，不是过早地选择安逸，而是在一开始为自己扫平道路，这样才能在往后的日子里安心地看风景。5、一根弦若是绷得太紧，总有一天会断裂，一颗心若是禁锢得太久，总有一天会失去平衡，我们需要放飞心灵，让心翱翔在自由的天空。6、如果你在背后议论我，那只能说明，我活的明显要比你精彩许多。7、真不懂我在留恋过去的什么，一个曾经爱过的人，一段可笑的故事，一次可悲的深情。8、世界没有悲剧和喜剧之分，如果你能从悲剧中走出来，那就是喜剧，如果你沉缅于喜剧之中，那它就是悲剧。9、觉得不快乐，是正因追求的不是"幸福"，而是"比别人幸福"。10、学会自己欣赏自己，每天送给自己一个微笑，我喜欢出发。凡是到达了的地方，都属于昨天。哪怕那山再青，那水再秀，那风再温柔。太深的流连便成了一种羁绊，绊住的不仅是双脚，还有未来。]]></content>
  <author><![CDATA[英文报刊杂志]]></author>
  <time>2018-10-13 00:00:00</time>
  <account><![CDATA[gh_cd2d5b2274b1]]></account>
</data>
