<data>
  <id><![CDATA[50546808]]></id>
  <url><![CDATA[https://mp.weixin.qq.com/s?timestamp=1539596625&src=3&ver=1&signature=Egrj350GoKY8-KUcIJshb2jAZfu-gwFjxrN9hjPyg-f83DMGMeGmDvLYz9HSq-vmwy8dXzG6NSQEIX24raMKlglk068UDUkk72InHzAt6Rwv6*N5vvav2dr0jdgsBt*RbVg*ObGXqKljEnMJouCijb5K73BGN61TKRFJXMeQE3E=]]></url>
  <title><![CDATA[歌甜人美《十首甜歌联唱》好听极了！让你一次听个够！]]></title>
  <content><![CDATA[：请点上面 免费听好歌"如果一个人不愿做小事，那么大事也很难做成，老子告诫人们“天下难事，必成于易，天下大事，必做于细”，如想成功，比别人更优秀，就要多在小事上下功夫，成功靠的是点滴的积累。 人生就是一场修行，生命中那些来来往往的人在我们活着的时候都是过客，在我们活着的时候，很多人追求功名利禄，觉得轰轰烈烈就是成功，其实，在我看来，淡定从容的面对一切才算是成功。不必做苦行僧，也不必笑傲人生，人生不是悲剧，也不是喜剧，它，只是一个过程。 努力去做自己该做的，但是不要期待回报，不是付出了就会有回报的，做了就不要后悔，不做才后悔。 所谓内归因就是把原因归结于自己，比如个人的能力等等;而外归因就是把原因归结于外在，比如事情的难易程度、时机和运气等等。性格是一个人对现实的稳定的态度，以及与这种态度相应的，习惯化了的行为方式中表现出来的人格特征。不同的性格在面对压力的时候会有不同的反应和表现。"1、没有伞的孩子，务必发奋奔跑！2、所有的经历，都是一种懂得，懂得，是生命中最美的缘。3、愿乘风破万里浪，甘面壁读十年书。大圣贤决非愚腐，真豪杰断不粗疏。4、每个人都有自己鲜明的主张和个性，不要识途去改变他人，同样，也不要被他人所改变。改了，就不是自己了。5、星星啊，我曾无故地爱你很久，之后，我发现你属于所有的眼睛，我不爱你了。之后我又发现谁也无法占有你，我更爱你了。6、这个世界上没有什么是永恒的，所以珍惜才是最大的道理。7、只有一条路不能选择—那就是放弃的路；只有一条路不能拒绝—那就是成长的路。8、如果你活得动荡，是好事，人只有在博弈与挣扎里才能活出意义，顺风顺水才是隐患最多的时刻。就像心电图，倘若一帆风顺，说明已经挂了。9、如果你讨厌我，我一点也不介意，我活着不是为了取悦你。10、有梦的人很多，能坚持的人却很少。就像一场马拉松，刚开始时熙熙攘攘，跑到半程，竞争者越来越少，最后能跑到终点的人并不多。成功的路上也是如此，一直坚持的人并不多，希望，我们都不要那么早就放弃。]]></content>
  <author><![CDATA[英文报刊杂志]]></author>
  <time>2018-10-07 00:00:00</time>
  <account><![CDATA[gh_cd2d5b2274b1]]></account>
</data>
