<data>
  <id><![CDATA[50546808]]></id>
  <url><![CDATA[https://mp.weixin.qq.com/s?timestamp=1539596625&src=3&ver=1&signature=Egrj350GoKY8-KUcIJshb2jAZfu-gwFjxrN9hjPyg-f83DMGMeGmDvLYz9HSq-vmwy8dXzG6NSQEIX24raMKlsoTa*kMt-v1SIH-137YiZxFFEq8DvKg1hvpuh*mK5rxi5FN9xYkWpLnG5HI3JERy-qyWKHTQV6mMv4yTJzAb5Q=]]></url>
  <title><![CDATA[&lt;门丽、梁红、音乐走廊&gt;好听情歌《梦中想着你》《梦中等着你》送给我心里的那个人！好听极了！]]></title>
  <content><![CDATA[：请点上面 免费听好歌问题：怎么才能每天收到这么好听的歌曲答案：只需点击箭头上边《九妹山歌》即可"这个世界瞬息万变。只有不断学习，才能不被淘汰。这也不会，那也不会不可怕；这也不想，那也不学才是无可救药。多学一样生存的技能，就少一次求人的机会。活到老，学到终。学习是最具有竞争力的事情。 不想做颓废落寞的人，所以，精致的生活，所以，快乐的工作，还有，淡淡的想你，间或，淡淡的流泪。心与心的碰撞带来的永远是最闪烁的火花，即使忧伤，也是因为思之太切的心与心的交融，撞击心扉带来的微微疼痛，从未有过的感觉，所以盈满从未有过的欣喜。 俗语说：“低头的稻穗，昂头的稗子。”越成熟，越饱满的稻穗，头垂得越低。只有那些果实空空如也的稗子，才会显得招摇，始终把头抬得老高。生活中，我们应学会在适当的时候，保持适当的低姿态，这绝不是懦弱和畏缩，而是一种聪明的处世之道，是人生的大智慧、大境界。很多时候，低下头就能看见美丽！"1、其实我并不快乐，但我只能笑着生活。2、人们总是在努力珍惜未得到的，而遗忘了所拥有的。3、当你觉得沮丧失落，能量低迷，别人会觉得不能托付给一个不自信的人。4、总有那么一个地方，一个人，让你心动，留恋不已。总有那么一个人，一句对不起，让你心痛，刻骨铭心……5、树叶，不是一天黄的，人心，不是一天凉的。谁都不傻，总是敷衍，都会渐行渐远;谁也不笨，没被看重，都要越来越淡。6、那悲伤留在心里，不论怎样填补，都会留下痛的痕迹。7、要留下人生足迹，就务必一步一个脚印；要少走人生弯路，就务必三思而行。8、所谓内心的快乐，是一个人过着健全的正常的和谐的生活所感人生所有的欢乐是创造的欢乐：爱情天才行动——全靠创造这一团烈火进射出来的。9、没有什么是永恒不变的，正如你身边的人都在更新。10、忍耐的过程是痛苦的，但结果却是甜蜜的。当一切尘埃落定，当一切旧事回放，当一切归于平静，咱们才会真真正正懂得放下的深层好处，其实那才是一种厚实无价的丰硕收获。]]></content>
  <author><![CDATA[英文报刊杂志]]></author>
  <time>2018-10-09 00:00:00</time>
  <account><![CDATA[gh_cd2d5b2274b1]]></account>
</data>
