<data>
  <id><![CDATA[50546808]]></id>
  <url><![CDATA[https://mp.weixin.qq.com/s?timestamp=1539596625&src=3&ver=1&signature=Egrj350GoKY8-KUcIJshb2jAZfu-gwFjxrN9hjPyg-f83DMGMeGmDvLYz9HSq-vmwy8dXzG6NSQEIX24raMKlmYeYxBnaYMnWLSpBaqljGFFF5G33BgHUJiTuLRM3SvHBoKgVvIfUvZh5*95NCV23LqXaMy48x2X2GE*1saGcLE=]]></url>
  <title><![CDATA[想你，念你，爱你却被抛弃《我的心好累》自己真心不容易，心酸又心疼！]]></title>
  <content><![CDATA[：请点上面 免费听好歌"不好害怕犯错；做了或是做错了，咱们仍有收获，不做，咱们只会两手空空。每一次成功的背后都有一串失败的足迹，而每一次的失败又离成功越来越近。卸下包袱，放开双手，该做就做。 喜欢是一种感觉，一种轻松的感觉，似一种淡淡的亲情，也似一种醇醇的友情，更似一份浓浓的爱意。它少了相思的煎熬，多了从容的洒脱。少了无奈的牵绊，多了信任的融洽。少了沉重的责任，多了浪漫的轻松。少了刻骨铭心的伤害，多了理智的沉静！ 每个人与生俱来的能力，需要承担生命的重量，淘汰悲观的能力，遇到烦恼的云淡风轻，还要学会自己曾经的那些放弃，不必要回味对烦恼流过什么泪水，需要感谢这些都是陪伴，那些遇见的和错过的，都应该成为一种生命的感悟。"1、我走得很慢，但我从不后退！2、活得累是因为心里装了多余的东西，跟吃饱了撑的是一个道理。3、不要对挫折叹气，姑且把这一切看成是在你成大事之前，必须经受的准备工作。4、放弃不难，但坚持一定很酷。什么是坚持？就是一天，又一天，你告诉自己，再坚持一天。5、成功与不成功之间有时距离很短只要后者再向前几步。自己打败自己是最可悲的失败，自己战胜自己是最可贵的胜利。6、要生活得漂亮，需要付出极大忍耐。一不抱怨，二不解释。7、用心的人在每一次忧患中都看到一个机会，而消极的人则在每个机会都看到某种忧患。8、所有的不甘，都是因为还心存梦想，在你放弃之前，好好拼一把，只怕心老，不怕路长。人生那么短，总得有段时间为自己活一次吧！9、与其在别人的生活里跑龙套，不如精彩做自己。10、父母也好，爱人也罢，朋友同事，所有的人，他们在时，都是恩赐，是上苍给你的礼物，因此要加倍珍惜和感激；而一旦离开，也别太伤感。你要明白，离开是正常的，生老病死是生命常态。]]></content>
  <author><![CDATA[英文报刊杂志]]></author>
  <time>2018-10-10 11:38:00</time>
  <account><![CDATA[gh_cd2d5b2274b1]]></account>
</data>
