<data>
  <id><![CDATA[50546808]]></id>
  <url><![CDATA[https://mp.weixin.qq.com/s?timestamp=1539596625&src=3&ver=1&signature=Egrj350GoKY8-KUcIJshb2jAZfu-gwFjxrN9hjPyg-f83DMGMeGmDvLYz9HSq-vmwy8dXzG6NSQEIX24raMKloo5-wWGt1eISgyKzeNNiesJjeYrJnHEbYLgQ*LXoOKmMX2FLDvtg7PL2ulA25dugB7*XjJfEd*YAcu1cnmRIMM=]]></url>
  <title><![CDATA[[蒋姗倍]一首《爱来爱去还是你》，比《红尘情歌》《一曲红尘》还好听！]]></title>
  <content><![CDATA[：请点上面 免费听好歌"你总是轻言放弃的话，无论多久都只会原地踏步。其实很多人不是输给别人，是输给自己，不是没有能力而是没有胆量，人生不是我们做了什么而后悔，而是因为什么都没做而后悔，一个输不起的人，也往往嬴不了。 走过的是人生，看过的是云烟，尝过的是苦辣，回味的是甘甜，经历的是沧桑，成就的是尊严，人生心情，有欢喜，还有忧郁，人生之路，有甜美，也有汗水，生活给予你的，有精彩，更多是平淡，人无完人，接受不完美的自己，生活无常，无须抱怨心中的苦痛，我们只是凡间的平常人。 生命太短，日子太忙，人生太累。该放的时候，要舍得放下，该弃的时候，要毅然决绝。别羡别人辉煌，别慕他人美好，别怪世态炎凉，别怨世人虚伪。学会忘记，懂得放弃，别为昨天的事烦恼，别为无谓的事伤心，远去的风景，淡了的情，以及等不来的渴望，都是缘分之因所成的果报，不必太执着。你能力有限，能就则就，你雅量不够，能丢则丢。面对，让心更强大，放下，让心更豁达。一个起点，一段旅程，脚踏实地的走，坦荡快乐的活。"1、多少隐身可见，最终互不相欠。2、拼尽全力，逼自己优秀一把，青春已所剩不多。3、没有正确的选择，我们只不过要努力奋斗，让自己当初的选择变得正确。4、出去走走，看看不同的风景，接触不同的人和事，你会发现，你的烦恼原来是那么微不足道。5、一条只有自己笃定相信的路，只有你一个行色匆匆的路人，不用在意他们的看法，因为你会在未来的路口等着曾经嘲笑你的人。6、心态决定状态，心胸决定格局，眼界决定境界。7、后悔是一种耗费精神的情绪后悔是比损失更大的损失,比错误更大的错误因此不好后悔8、如果你不够优秀，人脉是不值钱的，它不是追求来的，而是吸引来的。只有等价的交换，才能得到合理的帮助，虽然听起来很冷，但这是事实。9、没有一种不透过蔑视忍受和奋斗就能够征服的命运。10、和自己相处，还要学会不生他人的气，做到心平气和。很简单，心平了，你就知道人无完人，你就容得下别人的失败和别人的错误；气和了，你就明白和别人相处，就是要正确认识别人的价值和缺点。]]></content>
  <author><![CDATA[英文报刊杂志]]></author>
  <time>2018-10-06 00:00:00</time>
  <account><![CDATA[gh_cd2d5b2274b1]]></account>
</data>
