<data>
  <id><![CDATA[50546808]]></id>
  <url><![CDATA[https://mp.weixin.qq.com/s?timestamp=1539596625&src=3&ver=1&signature=Egrj350GoKY8-KUcIJshb2jAZfu-gwFjxrN9hjPyg-f83DMGMeGmDvLYz9HSq-vmwy8dXzG6NSQEIX24raMKlmYeYxBnaYMnWLSpBaqljGG2vGvZsPGH63z756L1jFaZg2RJIBweNNCtyfQYx1vSXmiLL6P3ygTYQyPrkwMj9Fk=]]></url>
  <title><![CDATA[<雨中百合>10首伤感情歌《爱难以看透》《想你的时候问月亮》《伤痛的结局》首首好听！听哭了！]]></title>
  <content><![CDATA[：请点上面 免费听好歌"我们自己总是会有太多盲点，往往就是问题即将要发生，我们却完全无知。多询问旁人，多听听别人的推荐，才能避免被自我的无知伤害。不论好与坏，必须要清楚别人对你的认知，才是能作出必要的修正。 也许，以前有过努力，有过坎坷，不管怎样，对现今都有属于自己的认识自己的感悟。都想透过努力改善生活，获得完美，不论能否到达。总有些人悄悄地来，默默地等，如灯照亮了我们的行程，温暖了我们的人生。更多的人匆匆的出现，急急地走远，如流星，没有永恒，却有瞬间的光辉。 不要想太多，你的想象力会创造出个一开始并不存在的问题。学会和自己独处，人生路漫长，有些路只有坚持走下去，时间会让一颗灵魂，变得越来越动人。做人应像向日葵一样，即使果实累累，仍是低下头默默不语。因为，即使你不言语，阳光也自会明白你的丰硕，风雨也自会知道你的优秀。"1、别和重要的人去争执那些不重要的事。2、以为自己跟别人一样时，其实就表明自己与别人不一样。3、一年之计在于春，一日之计在于晨，一家之计在于和，一生之计在于勤。4、征服世界，并不伟大，一个人能征服自己，征服自己，才是世界上最伟大的人才是世界上最伟大的人。5、任时光荏苒，任风月流转，一路上只要有爱相随，纵然雨雾漫天，叶落倾城，我们的眼眸里，照样有美景映现，明媚一片。6、生命对某些人来说是美丽的，这些人的一生都为某个奋斗。7、人生最大的悲哀不是失去太多，而是计较太多，这也是导致一个人不快乐的重要原因。8、饥饿，能持续清醒头脑。寂寞，能复原人性缺失。担当，能解决一切问题。时刻，能给出一切答案。9、学习成长的机会不在未来，而在每一个活着的当下。10、生活没有真正的完美，只有不完美才是最真实的美；生活没有一帆风顺的，只有披荆斩棘才能路路顺；生活没有永远的成功，只有在挫折中站起才是真正的成功，只有闪光的人生才算是生命的永恒。]]></content>
  <author><![CDATA[英文报刊杂志]]></author>
  <time>2018-10-10 11:38:00</time>
  <account><![CDATA[gh_cd2d5b2274b1]]></account>
</data>
