<data>
  <id><![CDATA[50546808]]></id>
  <url><![CDATA[https://mp.weixin.qq.com/s?timestamp=1539596625&src=3&ver=1&signature=Egrj350GoKY8-KUcIJshb2jAZfu-gwFjxrN9hjPyg-f83DMGMeGmDvLYz9HSq-vmwy8dXzG6NSQEIX24raMKlo-1fbiOykVz*QHFr25xUUj3akJVg11GbDSwJFdLlr54mVW-6vNOhXe0rOrMtTjg58QED2ZaJwizGw0-hGcPeCA=]]></url>
  <title><![CDATA[好听歌曲《永远在一起》《今生陪你一起走》《一起走天涯》好听极了！]]></title>
  <content><![CDATA[：请点上面 免费听好歌"福兮祸之所伏，祸兮福之所倚，大可不必太在意人生历程的潮涨潮落。只要悟透了其中的禅机，便会豁然开朗。生命也有保质期，想做的事该趁早去做，如果你只是把你的心愿慎重地供奉在心里，却未曾去履行。 如果每天不学点新的东西，就是在浪费生命。人生没有真正的绝望。树，在秋天放下了落叶，心很疼，可是整个冬天，它让心在平静中积蓄力量。春天一到，芳华依然。一时的成败得失对于一生来说，不过来了一场小感冒。心若累了，让它休息，灵魂的修复是人生永不干枯的希望。 当我们远离自己的家园时，就会感到孤独;当我们远离自己的心灵时，就会遭到痛苦。每个人都是在人海茫茫中，你就要去学会思考人生。播下一个行动，收获一种习惯；播下一种习惯，收获一种性格；播下一种性格，收获一种命运。思想会变成语言，语言会变成行动，行动会变成习惯，习惯会变成性格。性格会影响人生！"1、你唯一就应超越的人，是昨日的自己。2、如果我们能够改变情绪，我们就能够改变未来。3、失败只是暂时停止成功，假如我不能，我就一定要，假如我要，我就一定能。4、伤什么，也不能伤人心;玩什么，也不能玩感情。衣服破了，可以缝;人心碎了，只有疼。5、虽然追求的理想，跟涌现的现实，总是互相敌视总是无法圆满如意，但是，人想要得到，就得付出代价，或许这就是必须遵守的规则。6、河流之所以能够到达目的地，是因为它懂得怎样避开障碍。7、没有压力的生活就会空虚；没有压力的青春就会枯萎；没有压力的生命就会黯淡。8、未曾失败的人恐怕也未曾成功过。成功的人士为了把自己的人生发展到最高点，总是尽可能地丰富其秘藏的活时间，努力地开发人造时间。9、生命不好求我们成为最好的，只要求我们做最大发奋。10、观察走在你前面的人，看看他为何领先，学习他的做法。忙碌的人才能把事情做好，呆板的人只会投机取巧。优柔寡断的人，即使做了决定，也不能贯彻到底。善意需要适当的行动表达。]]></content>
  <author><![CDATA[英文报刊杂志]]></author>
  <time>2018-10-11 00:00:00</time>
  <account><![CDATA[gh_cd2d5b2274b1]]></account>
</data>
