<data>
  <id><![CDATA[50546808]]></id>
  <url><![CDATA[https://mp.weixin.qq.com/s?timestamp=1539596625&src=3&ver=1&signature=Egrj350GoKY8-KUcIJshb2jAZfu-gwFjxrN9hjPyg-f83DMGMeGmDvLYz9HSq-vmwy8dXzG6NSQEIX24raMKlkLijWE3U-KjThLd1iY*9kn3-Aj1McgDARjiMlkllUx6Prvmu8S5hp6nC6A6lRn9bj193L7ONqUSwrBAoQpYogU=]]></url>
  <title><![CDATA[&lt;刘三姐&gt;选段《刘三姐与秀才对歌》歌声不同凡响！]]></title>
  <content><![CDATA[：   请点上面免费听好歌"活着不是为了怀念昨天，而是要等待希望。让大家都看到你的坚强，离开他你也可以过得很好。离开以后，大声的告诉他我爱你，与你无关。爱是你的权利，把想说的都说出来。平静的回忆你们的过去，然后哭吧。哭完就把一切都留在昨天，永远不要去触及。 如果每天不学点新的东西，就是在浪费生命。人生没有真正的绝望。树，在秋天放下了落叶，心很疼，可是整个冬天，它让心在平静中积蓄力量。春天一到，芳华依然。一时的成败得失对于一生来说，不过来了一场小感冒。心若累了，让它休息，灵魂的修复是人生永不干枯的希望。 生活的本真，琐琐碎碎；生活的滋味，苦苦甜甜；生活的过程，反反复复；生活的节奏，忙忙碌碌；生活的旋律，喜喜忧忧；生活的心情，起起伏伏。活着，其实是一种姿态。没有纷纷扰扰，因为明白要什么，做什么；没有迷迷糊糊，因为清楚我是谁，谁是我；没有冷冷清清，因为懂得阳光的温暖，心灵的彼岸。活着很难，却是一种期盼；活着很苦，却是一种幸福；活着很累，却是一种无怨无悔。"1、没有所谓失败，除非你不再尝试。2、如果你将工作等同于生活，那么你将为工作而生活。3、生活本没有导演，但我们每个人都像演员一样，为了合乎剧情而认真地表演着。4、请把努力当成一种习惯，而不是三分钟热度。坚持才是成功之道，每一个你羡慕的收获，都是努力用心拼来的！5、渐渐的知道了，很多东西可遇而不可求，不属于自己的，何必拼了命去在乎。你在意什么，什么就会折磨你。期待是所有心痛的根源。6、这个世界上没有什么是永恒的，所以珍惜才是最大的道理。7、世界上，真正比你强的人，谁有闲工夫搭理你啊，所以不必在意别人的冷嘲热讽。8、有些路看起来很近，可是走下去却很远的，缺少耐心的人永远走不到头。人生，一半是现实，一半是梦想。9、原谅是学习放下，不允许怨恨再控制你的生活。10、越长大就越发觉，最离不开的还是家人。不求多富贵，只要家人都无痛无病无灾，身体健康就很好。终究会明白，真正的幸福，并不来自于权与利，而是来自于家庭。「经典老歌之」经典老歌500首►经典老歌80►经典老歌曲►经典老歌网]]></content>
  <author><![CDATA[英文报刊杂志]]></author>
  <time>2018-10-14 00:00:00</time>
  <account><![CDATA[gh_cd2d5b2274b1]]></account>
</data>
