<data>
  <id><![CDATA[50546808]]></id>
  <url><![CDATA[https://mp.weixin.qq.com/s?timestamp=1539596625&src=3&ver=1&signature=Egrj350GoKY8-KUcIJshb2jAZfu-gwFjxrN9hjPyg-f83DMGMeGmDvLYz9HSq-vmwy8dXzG6NSQEIX24raMKlvuv44KEMwzhAmKjBWAh7-w1wg-R*jWnttWVyTHCBRE80ragLWVHj7rZY5p3mQ465KhK0KeUE1Qs*LPSGiVPBvk=]]></url>
  <title><![CDATA[5首草原情歌大联唱《套马杆》《鸿雁》《呼伦贝尔大草原》《歌在飞》《梦中的额吉》曲曲动听！]]></title>
  <content><![CDATA[：请点上面 免费听好歌"爱心是冬日的一片阳光，使用饥寒交迫的人感受到人间的温暖；爱心是沙漠中的一泓清泉，使用权濒临绝境的人重新看到生活的期望；爱心是洒在久旱大地上的一场甘霖，使孤苦无依的人即刻获得心灵的慰藉。茅丹 为受窘的人说一句解围的话；为沮丧的人说一句鼓励的话；为疑惑的人说一句提醒的话；为自卑的人说一句自信的话；为痛苦的人说一句安慰的话……因为，更多时候，我们需要的是雪中送炭，而不是锦上添花。 人生没有如果，命运不相信假设。“因为有了因为，所以有了所以，既然已成既然，何必再说何必？”忘记你所失去的，珍惜你所拥有的，未来的命运会怎样，全在于今天的努力。谁都不能苛责一个努力的生命。不管是怎样的人生，只要自己尽了最大的努力，就该无怨无悔，就无需“假如”。 人生也是很苦的，就算你此刻不苦，那以后一样也会更苦。趁着年轻，咱们就应大胆的走出去，去迎接风霜雨雪的洗礼，练就一颗忍耐豁达睿智的心，幸福才会来。感恩一切不好的，增强了咱们追求幸福的潜质。有感恩的心，才会有好的心态，才能发现更多的完美。摘自:短美文www.duanmeiwen.com"1、永不放弃是你梦想实现的唯一秘诀。2、只要咱们能梦想的，咱们就能实现。3、你既然认准一条道路，何必去打听要走多久。4、年轻人要记得失恋并不是失败，不好轻易的放下自己。5、愚痴的人，一向想要别人了解他。有智慧的人，却努力的了解自己。6、对待生命要认真，对待生活要活泼。能把在面前行走的机会抓住的人，十有八九都会成功。再长的路，一步步也能走完，再短的路，不迈开双脚也无法到达。7、我们的生活是能够朝着自己梦想的那样去发展，幸福其实很简单，只要勇敢的迈出那一步。8、当你打算放弃梦想时，告诉自己再多撑一天一个星期一个月，再多撑一年吧！你会发现，拒绝退场的结果令人惊讶。9、平庸者并非缺少努力，而是缺少目标；梦想者并非没有行动，而是动作太迟；贫困者并非没有拼搏，而是缺少专长；懒惰者不是没有步伐，而是脚步太浅。10、我们最值得自豪的不在于从不跌倒，而在于每次跌倒之后都爬起来。没有播种，何来收获；没有辛苦，何来成功；没有磨难，何来荣耀；没有挫折，何来辉煌。]]></content>
  <author><![CDATA[英文报刊杂志]]></author>
  <time>2018-10-08 00:00:00</time>
  <account><![CDATA[gh_cd2d5b2274b1]]></account>
</data>
