<data>
  <id><![CDATA[50546808]]></id>
  <url><![CDATA[https://mp.weixin.qq.com/s?timestamp=1539596625&src=3&ver=1&signature=Egrj350GoKY8-KUcIJshb2jAZfu-gwFjxrN9hjPyg-f83DMGMeGmDvLYz9HSq-vmwy8dXzG6NSQEIX24raMKlvuv44KEMwzhAmKjBWAh7-xWMqVszwA9NY2iD*InC83A13m1bRG-lltSUSsVLZ9gEFI-btk7fZKiYpgJ6qXyqMA=]]></url>
  <title><![CDATA[催泪情歌《一夜风雨一段情》《一段情一段伤》想你，一声声念你，一遍遍想你！]]></title>
  <content><![CDATA[：请点上面 免费听好歌"人最悲哀的，并不是昨日失去得太多，而是沉浸于昨日的悲哀之中。人最愚蠢的，并不是没有发现眼前的陷阱，而是第二次又掉了进去。人最寂寞的，并不是想等的人还没有来，而是这个人已从心里走了出去。 每一个人，都有这样的时候，当你以一个旁观者的角度去劝解别人时，总是思路清晰，利弊分明，头头是道；然，当有一天，自己扮演了当局者迷的角色，你会发现，一切心知肚明的道理，都已模糊不清。 幸福就是不要抱怨，努力奋斗。幸福就是做你想做的，想做的事。幸福就是妈妈在电话那边的一句唠叨，爸爸沉默的支持。幸福就是大清早起床后，闻到了花香。幸福就是听一首经典的老歌，幸福就是晒晒太阳，幸福就是朋友的一句问候。幸福就是这么简单。 人生，似一杯茶，似一杯苦涩的茶，品尝苦涩的味道，而回感却是甘甜的微笑。就似在努力中默默所承受的煎熬，历经磨难之后却是无比灿烂的微笑。人生，不要给自己留下什么遗憾，用最真的微笑去应对世界上所有的一切。其实，我们会发现，世界并非那么残酷，只要有微笑的心，世界的一切依然完美。"1、只要有信心，人永远不会挫败。2、自己选取的路就该一步一步的走完。3、如果放弃太早，你永远都不知道自己会错过什么。4、无志者常立志，有志者立常志，咬定一个目标的人最容易成功。5、给自我找茬是诊断，给自我找事是磨练，给自我剖析是知己，给自我嘲笑是激励！6、在攀登人生阶梯的旅途中，我们不怕慢，只怕停。只要不停止，再慢的速度也能达到顶峰。人生中屡次的失败是成功的根基，而屡次的成功是失败的前兆。7、不要慨叹生活底痛苦，慨叹是弱者。通往光明的道路是平坦的，为了成功，为了奋斗的渴望，我们不得不努力。8、人生就是一条坎坷曲折的路，即使不断跌倒，也要爬起来坚持自己的梦想和方向。这一秒不放弃，下一秒就会有希望！9、我不去想是否能够成功，既然选择了远方，便只顾风雨兼程；我不去想，身后会不会袭来寒风冷雨，既然目标是地平线，留给世界的只能是背影。10、往事如歌，在人生的旅途中，尽管有过坎坷，有过遗憾，却没有失去青春的美丽相信自我，期望总是有的，让我们记住那句话：错过了太阳，我不哭泣，否则，我将错过月亮和星辰]]></content>
  <author><![CDATA[英文报刊杂志]]></author>
  <time>2018-10-08 00:00:00</time>
  <account><![CDATA[gh_cd2d5b2274b1]]></account>
</data>
