<data>
  <id><![CDATA[50546808]]></id>
  <url><![CDATA[https://mp.weixin.qq.com/s?timestamp=1539596625&src=3&ver=1&signature=Egrj350GoKY8-KUcIJshb2jAZfu-gwFjxrN9hjPyg-f83DMGMeGmDvLYz9HSq-vmwy8dXzG6NSQEIX24raMKlkLijWE3U-KjThLd1iY*9kkkFO0aQiJTMCczuAeeIIzvnQjiYblfqCDibK6sg4RRIVNU4P8jIitKlqTss1Ifvco=]]></url>
  <title><![CDATA[早上好&lt;李翊君、冯莫提、林心如&gt;《雨蝶》送给我的朋友们，祝朋友快乐相伴！幸福相随！]]></title>
  <content><![CDATA[：请点上面 免费听好歌"风，轻柔；雨，纷飞。采一枝带雨的紫罗兰，插进净瓶，供养简单的心。清亮，是人生的底色，我的底色，有点偏冷，如同秋的调子，冷冷的，调着万千色彩。紫罗兰，花瓣细小，纤弱，如简静的心，有着淡淡的雅致，淡淡的高贵。 生活原不苦，苦的是欲望过多；心灵本无累，累的是攫取太甚。 人生就是一条路，走一步有一步的景观。上帝不会眷顾谁，你有勇气放弃，才有机会得到。华丽的跌倒，胜过无谓的徘徊；哪怕败得彻底，就当赶上了命运的另一盛宴。 一路走来，太累了，停下来歇歇吧，多休息一会，是为了走更远的路。抬头看看天，看乌云的缝隙里钻出的斑驳阳光，重新拾起前行的勇气和信心；回首望望来路，想想丢下了什么，还有什么可以丢下的，只要心灵轻松些，任何放弃都是一种努力。坚定地走吧，毕竟梦想在远方，未来在远方，终点也在远方。"1、想要看清事实，必须要经历一些疼痛。2、奋斗的双脚在踏碎自己的温床时，却开拓了一条创造之路。3、真正的痛苦，没有人能帮你分担。你只能把它从一个肩，换到你的另一个肩。4、如果我们都是孩子，就可以留在时光的原地，坐在一起一边听那些永不老去的故事一边慢慢皓首。5、不积跬步，无以至千里；不积小流，无以成江海。骐骥一跃，不能十步；驽马十驾，功在不舍。锲而舍之，朽木不折；锲而不舍，金石可镂。6、你的眼神好像很不可思议，有时看着远方，又好像什么也没看。7、没有人厌恶爱情，但所有人都厌倦等待，猜测，道歉和伤害，以及无法兑现的承诺。8、我想你，我的相思就像缠树的青藤一样，在春日的雨露中飞长，而你，就是我心中那棵常春树。9、那些美好的记忆，幸福的瞬间，再也回不去了。10、人生哲理，跟恋人讲道理，是不想爱了；跟老婆讲道理，是不想过了；跟同事讲道理，是不想混了；跟上司讲道理，是不想干了？启示：人生在世，有许多地方是没道理可讲的，讲啥也别讲道理。]]></content>
  <author><![CDATA[英文报刊杂志]]></author>
  <time>2018-10-14 00:00:00</time>
  <account><![CDATA[gh_cd2d5b2274b1]]></account>
</data>
