<data>
  <id><![CDATA[50546808]]></id>
  <url><![CDATA[https://mp.weixin.qq.com/s?timestamp=1539596625&src=3&ver=1&signature=Egrj350GoKY8-KUcIJshb2jAZfu-gwFjxrN9hjPyg-f83DMGMeGmDvLYz9HSq-vmwy8dXzG6NSQEIX24raMKlvuv44KEMwzhAmKjBWAh7-xFZe4*VXDki1fbnwS4TCrlvj810VO8yo9sB7X4uu6zPFvMfR-E3PRfwOWnhNpyMXs=]]></url>
  <title><![CDATA[<迟志强、降央卓玛、刘和刚>一首《父亲》忘不了粗茶淡饭，也忘不了这个家！]]></title>
  <content><![CDATA[：请点上面 免费听好歌"给你的爱一直很安静！但愿你知道，有个人时时关怀着你，有个人时时惦念着你。像星光闪闪的，是你含笑传情的眼睛。它缀在我的心幕上，夜夜亮晶晶。我一直不敢说我会一直爱着你。 远古的忧思，沧桑的慨叹，润爽了岁月的心脾。田菊花的灵性和诗心，浪漫和嫩如果你想博学些，就请勤奋些；如果你想尊严些，就请自强些；如果你想荣耀些，就请努力些；如果你想健康些，就请环保些；如果你想长寿些，就请宽心些。 不要因为痛苦而放弃你的选择。所谓的成功人士，无非是比别人多付出，多经历了磨难的人罢了。一个人的成功并不是偶然的，他是踩着无数的失败和痛苦走过来的，别人看到的只是他今天的光辉和荣耀，只有他自己知道，在他通往成功的路人，有着被荆棘扎破的斑斑血迹。 过去再优美，我们不能住进去；回忆童年可以是一种解压的方式，但是不可以做为逃避现实的借口。现在再困难，我们也能闯过去；你只要还活着就没有理由逃避现实困难，就要千方百计找到破解难题的方法。未来再艰险，我们只能走进去；时刻都在心里认为自己是一个优秀的人，始终坚信明天肯定会比今天更美好。"1、没有失败，只有暂时停止的成功。2、别给未来太多想象，多给这天一点力量。3、来是偶然的，走是必然的。所以你必须，随缘不变，不变随缘。4、每一个成功者都有一个开始。勇于开始，才能找到成功的路。5、每一天醒来都要比前一天更强大，直视自己的畏惧，擦干自己的泪水。6、目标不是都能到达的，但它能够作为瞄准点。让咱们将事前的忧虑，换为事前的思考和计划吧！坚持不懈。待人对事不要太计较，如果太计较就会有悔恨！7、一个最困苦最卑贱最为命运所屈辱的人，只要还抱有期望，便无所怨惧。仅有千锤百炼，才能成为好钢。8、山不辞土，故能成其高；海不辞水，故能成其深！人生，短短三万天，有高潮，有低谷；有成功，有失败；有生，有死。9、低头哭过别忘了抬头继续走。不要被任何人打乱自的脚步，因为没有谁会像你一样清楚和在乎自己梦想。没有人可以打倒我，除非我自己先趴下！10、命不能争，运可以造，弱者认命，强者抗命，能者求命，智者造命。有梦就去追，没有梦想的人，灵魂是空虚的。态度决定一切。细节决定成败，习惯成就人生。]]></content>
  <author><![CDATA[英文报刊杂志]]></author>
  <time>2018-10-08 00:00:00</time>
  <account><![CDATA[gh_cd2d5b2274b1]]></account>
</data>
