<data>
  <id><![CDATA[50546808]]></id>
  <url><![CDATA[https://mp.weixin.qq.com/s?timestamp=1539596625&src=3&ver=1&signature=Egrj350GoKY8-KUcIJshb2jAZfu-gwFjxrN9hjPyg-f83DMGMeGmDvLYz9HSq-vmwy8dXzG6NSQEIX24raMKlhc8rGjKuhE5R*gZsqkJ3g9qp4HQheHDhc483mI3E3xP-7BXdxqywYxrn3yX2yzOK55YHmw8Te4G1ZGAWaevW0E=]]></url>
  <title><![CDATA[程琳、李娜、龚玥、阿宝+张冬玲;经典老歌《信天游》唱的嗨翻了！]]></title>
  <content><![CDATA[：请点上面 免费听好歌问题：怎么才能每天收到这么好听的歌曲答案：只需点击箭头上边《九妹山歌》即可"无论遭遇什么打击，我们都不要怀疑自己的潜力，更不要与过去的失败计较。只要我们放下计较的情绪与时间，就必须能将事情做得更好。生命太短，没时间留给遗憾;若不是终点，请微笑一向向前。 宁愿跑起来被拌倒无数次，也不愿规规矩矩走一辈子，就算跌倒也要豪迈的笑。不要生气要争气，不要看破要突破，不要嫉妒要欣赏，不要托延要积极，不要心动要行动。没有不老的誓言，没有不变的承诺，踏上旅途，义无反顾！态度决定一切，实力扞卫尊严！人要经得起诱惑耐得住寂寞！ 世事太喧嚣，你耐不起重口味的折腾，人生的路上，如果懂得体谅，懂得理解，懂得宽容，日子就会很温馨，也会很安宁。应对逆境和坎坷，需要一种阳光向上的心态，不计较一时的挫折和磨难，总结经验教训之后再次简单前行，必然会在经历了快乐历程之后收获经验多多，乃至极大可能收获成功的喜悦。"1、做事就是在学做人而已。2、什么事情都可以拖一拖，没必要那么着急，事缓则圆。3、回忆是一种很奇妙的东西，它生活在过去，存在于现在，却能影响未来。4、无论你从什么时候开始，重要的是开始后就不要停止；无论你从什么时候结束，重要的是结束后就不要悔恨。5、幸福不是终点，而是发奋走过的道路，路上遇到的风雨挫折痛苦构成了这条路。也是正因有了它们，咱们才明白幸福的真谛。6、最足以显示一个人性格的，莫过于他所嘲笑的是什么东西。7、如果你能知足，并拥有丰富的内在美，虽然没有财物，你仍拥有至宝。8、每个人所见所遇到的都早有安排，一切都是缘。而无论你几岁，当你遇到你爱的人时，便是你最美的时候。而不管谁，一生总有那么一刻，比夏花更灿烂。9、我不知道我在寻找什么，总觉得丢失了很多。10、只有尝试过，发奋过，坚持过，才能有收获。一分耕耘，一分收获，只有发奋了，才能绽放出成功的花朵。只要功夫深，铁杵磨成针。我坚信，只要我朝着这个理想发奋奋斗，坚持不懈，那么，我就必须会成功！]]></content>
  <author><![CDATA[英文报刊杂志]]></author>
  <time>2018-10-15 14:25:00</time>
  <account><![CDATA[gh_cd2d5b2274b1]]></account>
</data>
