<data>
  <id><![CDATA[50546808]]></id>
  <url><![CDATA[https://mp.weixin.qq.com/s?timestamp=1539596625&src=3&ver=1&signature=Egrj350GoKY8-KUcIJshb2jAZfu-gwFjxrN9hjPyg-f83DMGMeGmDvLYz9HSq-vmwy8dXzG6NSQEIX24raMKlmYeYxBnaYMnWLSpBaqljGGx9Ccn*HdKr5VbmKkxFSojAXmxSI0UsBeiwgTChO6jSJXihDI8A5iOdj3yYTSsA9E=]]></url>
  <title><![CDATA[<梅朵>新歌《蓦然回首你不在》，跟《我在想你你在哪》一样好听！]]></title>
  <content><![CDATA[：请点上面 免费听好歌"我看青山换绿，感受到生机勃发的力量；我看长河落日，感受到雄奇壮观之美；我看小桥流水，感受到诗情画意之美；我看鹰击长空，感受到勇于搏击的力量；我看鱼翔浅底，感受到自由自在的快乐；我看柳树萌芽，感受到生命萌发的美丽。 最宝贵的生命，是我的灵魂所在，也是我，赖以生存的，最基本的保障。有了生命，也就有了，我的光明，我的神奇，还有我的梦想，和追求。有我，就有生命，有了生命，人生就会有好处。因此，我就有了顽强的意志，坚不可摧的力量，永远的自信，我就能够真正的验证价值的所在。 逆境给人宝贵的磨炼机会。只有经得起环境考验的人，才能算是真正的强者。自古以来的伟人，大多是抱着不屈不挠的精神，从逆境中挣扎奋斗过来的。当你珍惜自己的过去，满意自己的现在，乐观自己的未来时，你就站在了生活的最高处；当你明了成功不会造就你，失败不会击垮你，平淡不会淹没你时，你就站在了生命的最高处。成功多因于赤忱，而少出于能力。胜利者就是把自己身体和灵魂都献给工作的人。"1、从绝望中寻找希望，人生终将辉煌。2、能把在面前行走的机会抓住的人，十有八九都会成功。3、有望得到的要努力，无望得到的不介意，则无论输赢姿态都会好看。4、讨厌你的人永远都讨厌你，喜欢你的人有一天也可能讨厌你，所以，整天活在别人的眼光和言论下不累么！5、人生第一要务，就在于发展自我的潜质，贮藏自我的精力，维护自我的健康，使自我在做任何事的时候都能使出全力！6、没有不老的誓言，没有不变的承诺，踏上旅途，义无反顾！7、读书要有感受，要有审美感，对他人的金玉良言，要能融会贯通，并使之付诸实现。8、所谓内心的快乐，是一个人过着健全的正常的和谐的生活所感人生所有的欢乐是创造的欢乐：爱情天才行动——全靠创造这一团烈火进射出来的。9、天空虽不曾留下痕迹，但我已飞过。10、行动不一定带来快乐，而无行动则决无快乐。绝大多数人，在绝大多数时候，都只能靠自己。挤不进的世界就别挤了，何必为难了别人作贱了自己。]]></content>
  <author><![CDATA[英文报刊杂志]]></author>
  <time>2018-10-10 11:38:00</time>
  <account><![CDATA[gh_cd2d5b2274b1]]></account>
</data>
