<data>
  <id><![CDATA[50546808]]></id>
  <url><![CDATA[https://mp.weixin.qq.com/s?timestamp=1539596625&src=3&ver=1&signature=Egrj350GoKY8-KUcIJshb2jAZfu-gwFjxrN9hjPyg-f83DMGMeGmDvLYz9HSq-vmwy8dXzG6NSQEIX24raMKlsoTa*kMt-v1SIH-137YiZxBVE2dgfEUoX9B*oHuNmifgKrqpaxSyKfPW6o6oMWZndo0QwEHGx-eoUeK7TeAzW8=]]></url>
  <title><![CDATA[&lt;门丽、央金兰泽、冷漠、张冬玲&gt;一曲《谢谢上天让我遇见你》《遇见你是我的缘》《我在红尘中遇见你》送给最在乎的人！]]></title>
  <content><![CDATA[：请点上面 免费听好歌问题：怎么才能每天收到这么好听的歌曲答案：只需点击箭头上边《九妹山歌》即可"青春里，总有些事情要努力去做，人活的就是一种心态。一个人的行为，决定一个人的心态。一个人的言语举止，决定一个人的修养。一个人的素质，决定一个人的品味。一个人的行动，决定一个人的未来。 我没有必要讨好谁，也从来不会做你扇我一巴掌我还笑脸相迎的事。我的偏执我的固执，你喜欢也好，不喜欢也罢，这就是我。我讨厌做事如履薄冰，不喜步步为营。人这一生蹉跎，倒不如活出自我，随心与随性地生活。我也会忍让宽容，也可适时放低姿态。但是，关于我的底线，不容轻犯。 生有成就有败，有聚就有散，没有谁能得天独厚，一手遮天。努力生存在红尘中，却能无所谓得失，从生来开始，我们最后都是要修得圆满，但是人和人圆满的境界是不一样的，每个人把自己要做的事情都做好就圆满了。所以不要评价他人，每个人都不一样，人只有自己有资格评价自己。"1、恨别人，痛苦的却是自己。2、实现自己既定的目标，必须能耐得住寂寞单干。3、如果你被幸运之神遗忘，请不要悲伤，相信阳光总会有一天会照耀在你的身上。4、不要太高估自己在集体中的力量，因为当你选择离开时，就会发现即使没有你，太阳照常升起。5、扰乱你的生活。你要学会一笑置之，超然待之，要学会转化势能。智者懂得隐忍，原谅周围的那些人，让我们在宽容中壮大。6、想起那些伤害过我的人，却都是我最爱的人。7、崇高的理想就象生长在高山上的鲜花。如果要搞下它，勤奋才能是攀登的绳索。8、励志的句子，不管心情如何，不论今天过得怎么样，无论身在何方，请记得…微笑。人生没有彩排，只有现场直播，所以每一件事都要努力做得最好！9、一个人最大的破产是绝望，最大的资产是期望。10、不要埋怨别人让你失望了。怪你自己期望太多。让你难过的事情，有一天，你一定会笑着说出来。爱情是灯，友情是影子，当灯灭了，你会发现你的周围都是影子。]]></content>
  <author><![CDATA[英文报刊杂志]]></author>
  <time>2018-10-09 00:00:00</time>
  <account><![CDATA[gh_cd2d5b2274b1]]></account>
</data>
