<data>
  <id><![CDATA[50546808]]></id>
  <url><![CDATA[https://mp.weixin.qq.com/s?timestamp=1539596625&src=3&ver=1&signature=Egrj350GoKY8-KUcIJshb2jAZfu-gwFjxrN9hjPyg-f83DMGMeGmDvLYz9HSq-vmwy8dXzG6NSQEIX24raMKlvuv44KEMwzhAmKjBWAh7-w5B1EIfUVgD*T43YhE8-8hIk6ZzhNzuY81FBiB3H*gOtJ3vCZx2Kq2NoF9cqkgk9Q=]]></url>
  <title><![CDATA[网络伤感情歌《酒杯里的泪》《男人酒女人泪》好听哭了！心碎！]]></title>
  <content><![CDATA[：请点上面 免费听好歌"无论你昨晚经历了怎样的泣不成声，早上醒来这个城市依旧车水马龙。做自己生命的主角，而不是别人生命中的看客。成功不是得到多少东西，而是看你把身上多余的东西扔掉多少。 在攀登人生阶梯的旅途中，我们不怕慢，只怕停。只要不停止，再慢的速度也能达到顶峰。不要因为别人而影响了你的生活节奏。留一片空白，随时浓墨重彩。你认为自己行就一定行，每天要不断向自己重复。 如果曾经有一个人为了你而等待，不管是三年还是三个月，请不要那样轻率地选择拒绝。这世间的缘分并不像空气那样廉价，再平凡不过的相遇与相识。在亲情以外，没有谁人能够轻易而又不求回报地为一个人付出一段寂寞的等待。即使没有欣喜的结果，也一度温暖过冷若冰霜的心灵。 这世界并不是所有的东西都贴合想象，有些时候，山是水的故事，云是风的故事;也有些时候，星不是夜的故事，情不是爱的故事，许多人走着走着就散了，许多事看着看着就淡了，许多梦做着做着就断了，许多泪流着流着就干了。人生，原本就是风尘中的沧海桑田，只是，回眸处，世态炎凉演绎成了苦辣酸甜。"1、为了自己的目标，发奋去奋斗。2、未遭拒绝的成功决不会长久。3、不要真的以为得不到的才是最好的。还不如好好珍惜现在拥有的。4、以前输掉的东西，只要你想，就必须能够再一点一点赢回来！5、宁愿跑起来被拌倒无数次，也不愿规规矩矩走一辈子。就算跌倒也要豪迈的笑。6、乐观的人能重整旗鼓东山再起，悲观的人因缺乏自信，往往一败涂地。7、只要持之以恒，知识丰富了，终能发现其奥秘。在事实面前，我们的想象力越发达，后果就越不堪设想。8、生命中有一些人擦肩了，却来不及遇见；遇见了，却来不及相识；相识了，却来不及熟悉；熟悉了，却还是要说再见。9、纸上得来终觉浅，绝知此事要躬行。生活的激流已经涌现到万丈峭壁，只要再前进一步，就会变成壮丽的瀑布。我怎么能倒下，我身后空无一人。10、生命不是苦中醇蜜，烦中取乐，不是看花绣花，不能雾中看花，游戏生命；生命是由铁到钢的锻造过程，生命是走向人生辉煌的风帆；生命需要道路如高天，智者如流云。]]></content>
  <author><![CDATA[英文报刊杂志]]></author>
  <time>2018-10-08 00:00:00</time>
  <account><![CDATA[gh_cd2d5b2274b1]]></account>
</data>
