<data>
  <id><![CDATA[50546808]]></id>
  <url><![CDATA[https://mp.weixin.qq.com/s?timestamp=1539596625&src=3&ver=1&signature=Egrj350GoKY8-KUcIJshb2jAZfu-gwFjxrN9hjPyg-f83DMGMeGmDvLYz9HSq-vmwy8dXzG6NSQEIX24raMKlmYeYxBnaYMnWLSpBaqljGEWOzXqyIyZL6ksMARyTV1yplSUzPL02KLhtjzU4TQraf1*BGlAwH74tHfrR*q-NDQ=]]></url>
  <title><![CDATA[民歌小调《小背篓》带你回到儿时的记忆！]]></title>
  <content><![CDATA[：请点上面 免费听好歌"每一个理想都值得你拿一生去拼命，人生这么短，我就选择做那种又盲目又热情的傻瓜，永远年轻永远热泪盈眶，永远相信梦想，相信努力的意义，相信遗憾比失败更可怕，因为不成功的人生它只是不完美，但是它完整。 这世上不是每个人都很顺利，只是看自己怎么解决，比如你走路的时候被人撞了，别人给你道歉了，有时候你还是会觉得很火，但是你却没想到撞你的人心里其实比你还难受，还是想想那句“开心也是一天，不开心也是一天，何不如天天开心”。 人生就像一场长途旅行，在这场旅行中，我们都会遇到很多人事，会遇到美丽的风景，会遇到很多想要或者不想要的东西，譬如鲜花美酒和掌声，譬如沮丧抑郁和绝望。贪心的人总想把所有的东西都据为己有，从不会想到，东西太多自己是否能拿得动。豁达的人总是选取自己最需要的东西，简单快乐才是好味道。"1、成功的关键在于相信自己有成功的能力。2、生活中若没有朋友，就像生活中没有阳光一样。3、如果可恨的挫折使你尝到苦果，朋友，奋起必将让你尝到人生的欢乐。4、人生在世，不出一番好议论，不留一番好事业，终日饱食暖衣，不所用心，何自别于禽兽。5、谁也无法预知未来，很多事情可能一等就等成了永远。想做的事就做，有梦，就赶紧去追，别让人生输在一个“等”字上。6、为了不让生活留下遗憾后悔，我们应抓住一切改变生活的机会。7、常以为别人在注意你，或希望别人注意你的人，会生活的比较烦恼。8、当长大以后，多期望自己还只是个孩子，给颗糖就笑，摔倒了就哭。不用伪装到面目全非，不用压抑自己的情绪。9、活着的目的不在于永远活着，而在于永远活出自己。10、唯有埋头，才能出头。当我们在抱怨没有鞋子，却发现有些人没有脚。不求胜过别人，但求超越自己。同是风华正茂，怎甘他人之下。改变之所以难，是因为内心推动力不够。]]></content>
  <author><![CDATA[英文报刊杂志]]></author>
  <time>2018-10-10 11:38:00</time>
  <account><![CDATA[gh_cd2d5b2274b1]]></account>
</data>
