<data>
  <id><![CDATA[50546808]]></id>
  <url><![CDATA[https://mp.weixin.qq.com/s?timestamp=1539596625&src=3&ver=1&signature=Egrj350GoKY8-KUcIJshb2jAZfu-gwFjxrN9hjPyg-f83DMGMeGmDvLYz9HSq-vmwy8dXzG6NSQEIX24raMKlkLijWE3U-KjThLd1iY*9kne*obp5NMIsPFB3apNAsphuqQpOimpl*UwC5PlIPwDtwULjDkMaUjgKIDKscQxO*Y=]]></url>
  <title><![CDATA[&lt;龙梅子&gt;伤感情歌《离别的眼泪》，跟《离别的车站》《离别的秋天》一样好听！]]></title>
  <content><![CDATA[：请点上面 免费听好歌"人有旦夕祸福，月有阴晴圆缺。阳光不能总普照与你，微风不能总吹拂与你。人的一生，无所谓得失，怕只怕自己草率地挥霍。生活中无论谁骗了谁，唯一骗不了的是自己的心，它总会在你不经意间，暴露了你的欢喜与忧愁。 不管外面的风风雨雨，不管世事变幻沧海桑田，给人生以一丝坦然，给生命一份真实，给自已一份感激。你遇上一个人，你爱他多一点，那，你始终会失去他。你遇上另一个，他爱你多一点，那，你早晚会离开他。直到一天，你遇到一个人，你们彼此相爱，终于你明白，这才是你要寻找的。 遇到不顺心的事时，千万不要过分与自己较劲，应该学会退一步想。生活中没有那么多大的原则问题，在不少事情上，都是既可这样，也可那样的。人不能只是拿得起，而不能放得下，该放下的就要放下。适时的放开自己，就等于解放自己，退一步对你大有好处。可见，有进有退，才是生活中真正的一种和谐。"1、我希望找到一个，担心失去我的人。2、志气和贫困是患难兄弟，世人常见他们伴在一起。3、我们并不需要用太华丽的语言来包裹自己，因为我们要做最真实的自己。4、总有那么一个地方，一个人，让你心动，留恋不已。总有那么一个人，一句对不起，让你心痛，刻骨铭心……5、少年为未知的前途彷徨，老年为已知的寂寞而发愁;独独中年，江山已定，前途在握，分分秒秒都可以自行支配，充分享受。6、在各自岗位上尽职尽责，无需豪言壮语，默默行动会诠释一切。7、读书人懂得了学习的重要性，还应担心学习缺乏的信心。有了信心，才能勇敢向前走。8、人生是一次旅程，有上坡也有下坡。我不在乎自己的终点是坡顶还是谷底，只在乎沿路的风景美丽而富有生机！9、青春是蓬勃向上，用心进取的象征，是奋斗的黄金时期。10、做任何事，最重要的是让自己满意，一味地听取别人的意见，迎合别人，按别人的想法做事，最后吃亏的是自己。请记住，不管做什么事，只要让自己满意，就是最大的成功！]]></content>
  <author><![CDATA[英文报刊杂志]]></author>
  <time>2018-10-14 00:00:00</time>
  <account><![CDATA[gh_cd2d5b2274b1]]></account>
</data>
