<data>
  <id><![CDATA[50546808]]></id>
  <url><![CDATA[https://mp.weixin.qq.com/s?timestamp=1539596625&src=3&ver=1&signature=Egrj350GoKY8-KUcIJshb2jAZfu-gwFjxrN9hjPyg-f83DMGMeGmDvLYz9HSq-vmwy8dXzG6NSQEIX24raMKlhc8rGjKuhE5R*gZsqkJ3g8Mw6u2deQgDO7TcvWMjHTI6EDJQc8jENcoOtq246cUMySqsFb5JJsqtS0sVpCTJkk=]]></url>
  <title><![CDATA[早上好，一句问候，一声祝福，一首《天边》送给你！祝福天天快快乐乐！]]></title>
  <content><![CDATA[：请点上面 免费听好歌问题：怎么才能每天收到这么好听的歌曲答案：只需点击箭头上边《九妹山歌》即可"给挫折一个微笑，它能让你把痛苦瞬间减小。长期沉迷于痛苦的失意中只能让人不能自拔;整日里思索着挫折带来的痛苦;不肯忘却挫折带来的前进的方向。只有微笑，能让你重新振作，能让你摆脱挫折的阴影，走向辉煌的未来。 越是愿意帮助一个人，你的热情就显得越廉价。而平时高冷一点，偶尔一次伸出援手，别人才会感激涕零。好人没什么好，坏人也不是那么坏。只是坏人做了一件好事，似乎就有了值得原谅的理由。而好人只要做了一件坏事，往往就意味着身败名裂。 一山葬一花魂，一衣带一流水，多少红尘轶事，尽入渔樵闲话里；江上落叶缤纷，秋歌不断，唱着多少寂寥，多少无奈，多少辛酸；江山依旧年年如画，人又近黄昏，夕阳无语下苍山。日月苍凉，星如雨，月下望海潮，心生无限感慨与寂寥。潮平海阔，离别船上踏歌声，迢迢绿水，流不尽满江离索；两岸青山，隔不断千丝万缕的深情。"1、一夜不宿，十夜不足。2、人都会虚伪善变，这一秒已不再是这一秒，我们都要学着习惯现实3、有田不耕仓廪虚，有书不读子孙愚；仓廪虚兮岁月乏，子孙愚兮礼义疏。4、为什么一定要赢在起点呢，赢在终点才是真的赢。终点决定成败。如果你输在了起点，一定要想办法赢在终点!5、目标的坚定是性格中最必要的力量源泉之一，也是成功的利器之一。没有它，天才也会在矛盾无定的迷径中徒劳无功。6、那以前炙热温暖的心，在情感殆尽的世俗中失去温度。7、有生命就会有希望，有信心就会有成功，有思索就会有思路，有努力就会有收获。8、人生的确苦短，岁月实在无情！短到我们常常忘记了珍惜，忘记了追求，忘记了慢慢品味；等到了岁月成为过去，才知道心痛，才知道失去，才知道无情。9、一个胜利者不会放弃，而一个放弃者永远不会胜利。10、即使是一个才智平平的人，如果有乐观、积极与合作的处世态度，将会比一个才智杰出却悲观、消极也不合作的人，赚得更多的金钱，赢得更多的尊敬，并获致更大的成功。]]></content>
  <author><![CDATA[英文报刊杂志]]></author>
  <time>2018-10-15 14:25:00</time>
  <account><![CDATA[gh_cd2d5b2274b1]]></account>
</data>
