<data>
  <id><![CDATA[50546808]]></id>
  <url><![CDATA[https://mp.weixin.qq.com/s?timestamp=1539596625&src=3&ver=1&signature=Egrj350GoKY8-KUcIJshb2jAZfu-gwFjxrN9hjPyg-f83DMGMeGmDvLYz9HSq-vmwy8dXzG6NSQEIX24raMKlglk068UDUkk72InHzAt6RwcKQwpxZVSX5WDr2Jd6MJdWLHx1XFLtEpM1qcsc3wNDiSZm-8Cq3yEcSY8vhTpj34=]]></url>
  <title><![CDATA[<祁隆>好听情歌《一生最爱的是你》心里、梦里全是你！好听至极！]]></title>
  <content><![CDATA[：请点上面 免费听好歌"人一生中每一个经历过的城市都是相通的，每一个努力过的脚印都是相连的，它一步一步带我到今天，成就今天的我。你的经历，正在谱写你的简历。你平时的坚持，藏着你未来的样子。 通往成功的路，处处是错失的机会。机会只敲一次门，只有那些耐得住寂寞的人，才能在机遇来临时，将它牢牢抓住。成功与辉煌，从来都隐藏在寂寞的背后，成功从来只属于耐得住寂寞的人。古往今来，凡成就伟业者，多经历磨难，忍受寂寞，矢志不渝，才功成名就。 多一点慈善之心。这个世界上有太多的苦难，有太多可怜无助的人，按圣经上说，他们都是你的兄弟姊妹，需要你的关爱和帮忙。当你有潜质去帮忙他们的时候，就就应力所能及，给他们一点温暖与爱心。这样，当你也需要帮忙的时候，别人也会来帮忙你。关爱他人，也是在关爱自我。老干部工作总结"1、不求伴到老只求别散的太早。2、有人可以宠你一辈子，要想走得精彩又坦荡，唯有独立坚强。3、假使我又遇见你，隔了悠长的岁月，我将如何致意，以沉默以眼泪。4、身累了，用沉默去代替一切；心累了，把一切归于沉默。很多时候，沉默比解释任何情绪来得都容易。5、人生一瞬间，有机会就要拼，成功失败与否，要的是结果而享受的是过程，没有坎坷崎岖不叫命运，没有大风大浪不叫人生。6、如果我们一向告诫自己要开心过每一天，就是说我们并不开心。7、民族精神不仅仅仅是大义凛然，视死如归；也不仅仅仅是金戈铁马，马革裹尸滴中。8、错过一个不爱你的人，是为了等待一个爱你的人。你不必耿耿于怀你爱着谁，相信真正爱你的人会让你也爱上ta，这就是真爱的力量。9、生活就像海洋，只有意志坚强的人，才能到达彼岸。10、有理想在的地方，地狱就是天堂。有希望在的地方，痛苦也成欢乐。每个人都有潜在的能量，只是很容易：被习惯所掩盖，被时间所迷离，被惰性所消磨。]]></content>
  <author><![CDATA[英文报刊杂志]]></author>
  <time>2018-10-07 00:00:00</time>
  <account><![CDATA[gh_cd2d5b2274b1]]></account>
</data>
