<data>
  <id><![CDATA[50546808]]></id>
  <url><![CDATA[https://mp.weixin.qq.com/s?timestamp=1539596625&src=3&ver=1&signature=Egrj350GoKY8-KUcIJshb2jAZfu-gwFjxrN9hjPyg-f83DMGMeGmDvLYz9HSq-vmwy8dXzG6NSQEIX24raMKlmYeYxBnaYMnWLSpBaqljGEg3QLuIEe5mOwqWeIgy0ePiutaa0XsC2W8NoV*A4HyyZMyK6FMwNyIYfB54lj-Kd8=]]></url>
  <title><![CDATA[<山歌对唱>一曲《唱起山歌送情郎》太好听了！]]></title>
  <content><![CDATA[：请点上面 免费听好歌"冬，是一个白色的世界。大树伯伯穿上了白色的大衣，白花花的雪把小路铺成了一条白色的小道。房顶上都是雪，有的还结冰了。小朋友们都在雪地里堆着可爱的雪人。这就是乡村的冬，它把我深深地迷住了。 虚荣是一种肤浅，卖弄是一种无知；再多的争论也无法击败无知。学识令人懂得谦虚，无知却只会让人骄妄自大；其实我们每个人都无知，只是在不同领域；做人谦下，那怕在最卑微的人那边也能学到东西。忠于自己的言行，尊重他人“知”的权益，才能活得心无罣礙，潇洒自在。 生活的本真，琐琐碎碎；生活的滋味，苦苦甜甜；生活的过程，反反复复；生活的节奏，忙忙碌碌；生活的旋律，喜喜忧忧；生活的心情，起起伏伏。活着，其实是一种姿态。没有纷纷扰扰，因为明白要什么，做什么；没有迷迷糊糊，因为清楚我是谁，谁是我；没有冷冷清清，因为懂得阳光的温暖，心灵的彼岸。活着很难，却是一种期盼；活着很苦，却是一种幸福；活着很累，却是一种无怨无悔。"1、成功的关键在于我们对失败的反应。2、总在跌跌撞撞之后才明白，很多事情是不能强求的。3、陋室坐消无事福，闲居补读未观书。窗对青山门对柳，胸藏远志壁藏书。4、离开之後，我想你不要忘记一件事：不要忘记想念我。想念我的时候，不要忘记我也在想念你。5、起风的日子学会依风起舞，落雨的时候学会为自己撑起一把伞。生活有望穿秋水的期待，也会有的意想不到的欣喜。6、不论你在什麽时候结束，重要的是结束之後就不要悔恨。7、情绪不好的时候，只想一个人安安静静的呆着，不求安慰，不求有人能懂。8、别人可以替你开车，但不能替你走路；可以替你做事，但不能替你感受。人生的路要靠自己行走，成功要靠自己去争取。天助自助者，成功者自救。9、看清了事实，看清了你，现在才知道原来我也会这么的伤心10、是非成败，转身即空，当我们觅得禅云、阅得禅语、悟得禅意，拥有一颗纯净的心，我们就能听到来自天界的梵音，无论走在何处，我们都能轻颦浅笑，安静从容，绽放最美的自己。]]></content>
  <author><![CDATA[英文报刊杂志]]></author>
  <time>2018-10-10 11:38:00</time>
  <account><![CDATA[gh_cd2d5b2274b1]]></account>
</data>
