<data>
  <id><![CDATA[50546808]]></id>
  <url><![CDATA[https://mp.weixin.qq.com/s?timestamp=1539596625&src=3&ver=1&signature=Egrj350GoKY8-KUcIJshb2jAZfu-gwFjxrN9hjPyg-f83DMGMeGmDvLYz9HSq-vmwy8dXzG6NSQEIX24raMKlvuv44KEMwzhAmKjBWAh7-yVm*w4NPEAIvRwp8mkeJU4BMmFCq9ZRrNBM-6HHu8RMjXH7FLNa-TwXut2pjF31tU=]]></url>
  <title><![CDATA[伤感情歌《相思的痛苦》《相思的夜》想你！念你！等你！望你！爱你！却不能在一起！]]></title>
  <content><![CDATA[：请点上面 免费听好歌"我孤独的坐在茶馆里，雪还在漫天飞舞着，茶馆依旧，座位依旧，心境也不在依旧了茶仍然发着淡淡的清香，香气在我的身边环绕着，我向对面的座位看了看举起了那杯友谊深茶，微笑着，轻轻的道了声：“朋友，珍重!” 对年轻人来说，很多时候，人生的伤害是必须的。年轻就是碰壁的过程，碰壁多了，就可以领悟很多，形成自己真正的知识系统，这是书本和别人的经验教不会的。生活不是童话故事，不可能没有伤害。 阳光使世界充满活力，唤醒世上的万物，为苍白的心灵注入希望，但挫折虽似乌云，但只有经过它的淬炼，你才真正懂得活着的真谛。在你享受成功的喜悦时，你是否记得挫折在默默地望着你，为你自豪。挫折虽让人厌恶，但若没有挫折，成功又何之而来？ 在每个人的生命中，相信一定是爱比恨多一点，再深的伤口总会愈合，无论会留下多丑陋的疤；再疼的伤痛终会过去，无论曾经多痛彻心扉。只要我们有勇气坚持！爱是真的情是真的你是真的，我是真的。既然曾经拥有的都是对方的真实，那么永远记住他的爱他的好忘记伤和痛，信心百倍地走未来的路。"1、人必须有自信，这是成功的秘密。2、发奋吧,别把自己的青春铺张在感情上3、一个一味沉溺于往事的人，是不能张开双臂去拥抱今天的。4、并非神仙才能烧陶器，有志的人总能够学得精手艺。5、不要让追求之舟停泊在幻想的港湾，而应扬起奋斗的风帆，驶向现实生活的大海。6、世界上没有一个人是只靠自我一个人的力量就能够到达成功的，成功的背后必须有许多人在有意或无意识地帮忙你，你要永远感激他们。7、一个有信念者所开发出的力量，大于个只有兴趣者。路是自己走出来的，没有什么后悔的理由。8、任何人都不可能随随便便地成功，它来自完全的自我约束和坚韧不拔的毅力。永远别放弃自己，哪怕所有人都放弃了你。9、强中更有强中手，莫向人前自夸口。请教别人不折本，舌头打个滚。人唯虚，始能知人。满招损，谦受益。满必溢，骄必败。知识贮藏在谦虚的大海中。10、目标的坚定是性格中最必要的力量源泉之一，也是成功的利器之一。没有它，天才也会在矛盾无定的迷径中徒劳无功。坚信就是强大，怀疑只会抑制潜质，而信仰就是力量。]]></content>
  <author><![CDATA[英文报刊杂志]]></author>
  <time>2018-10-08 00:00:00</time>
  <account><![CDATA[gh_cd2d5b2274b1]]></account>
</data>
