<data>
  <id><![CDATA[50546808]]></id>
  <url><![CDATA[https://mp.weixin.qq.com/s?timestamp=1539596625&src=3&ver=1&signature=Egrj350GoKY8-KUcIJshb2jAZfu-gwFjxrN9hjPyg-f83DMGMeGmDvLYz9HSq-vmwy8dXzG6NSQEIX24raMKllHBfgdk2XYZnm4Y5DBp4WqCpqTJYQGTIInVLXt98A4bD64H-zZtZtjwQqmJM9**S9TMw9g0ouLprTujWrs6eQ4=]]></url>
  <title><![CDATA[歌声飘过30年《8首经典老歌》合集！收藏！慢慢听]]></title>
  <content><![CDATA[：请点上面 免费听好歌"生活就是这样，脚长在自己身上，往前走就对了，直到向往的风景，变成走过的地方。人生本来就是一场即兴演出，直到每段旅程，变成我的舞台。踩着别人的脚印，不如开辟自己的领土，撞到南墙也决不回头，谁说爱好这件事成不了大事，没有做不成的梦，只有不早醒的人。 用一颗宽容的心去宽容一切，拥抱一切，和谐共存是永恒的主题，相信爱能征服一切。宽容是人类生活中至高无尚的美德。因为宽容包含着人的心灵，因为宽容可以超越一切，因为宽容需要一颗博大的心，因为宽容是人类最重要的情感，因为宽容能融化心头的冰霜。 每一次选择都必须是一次超越，否则就不要选择；每一次放弃都必须是一次升华，否则就不要放弃。做人最大的乐趣在于通过奋斗去实现理想，所以选择放弃意味着我们还要更加完美，有缺点意味着我们还要更加努力。放弃是一种智慧，缺陷是一种恩惠。因为有新的目标去奋斗，人生才会更精彩，生活才会更充实。"1、追求卓越，成功就会出其不意找上门。2、选择可能难，能坚持自我的选择更需要自持力。3、对待生活中的每一天若都像生命中的最后一天去对待，人生定会更精彩。4、非让现实给你一巴掌，你才知道社会有多虚伪；非让所谓的朋友把你伤的什么都不是，你才知道人心可畏。5、真正成功的人生，不在于成就的大小，而在于你是否努力地去实现自我，喊出自己的声音，走出属于自己的道路。6、你能够说走就走，而我却不能说挽留就挽留。7、对自己好点，因为一辈子不长；对身边的人好点，因为下辈子不必须能够遇见！8、每一个重复的脾气都是习惯的养成，脾气愈久，动作就愈成熟，直到你无难以控制。9、我们必须拿我们所有的，去换我们所没有的。10、能专心致志地思考问题以及对所做的事感兴趣，不是与生俱来的，而是后天锻炼构成的，那里有个秘诀，那就是经常让自己去独自思考自己感兴趣的事情，你就会渐渐地培养成专心的习惯。]]></content>
  <author><![CDATA[英文报刊杂志]]></author>
  <time>2018-10-13 00:00:00</time>
  <account><![CDATA[gh_cd2d5b2274b1]]></account>
</data>
