<data>
  <id><![CDATA[50546808]]></id>
  <url><![CDATA[https://mp.weixin.qq.com/s?timestamp=1539596625&src=3&ver=1&signature=Egrj350GoKY8-KUcIJshb2jAZfu-gwFjxrN9hjPyg-f83DMGMeGmDvLYz9HSq-vmwy8dXzG6NSQEIX24raMKlmYeYxBnaYMnWLSpBaqljGFaDikO7hpv4LLAVTFyCsBQ5Uv3two6dg1yfpBX2tQ*cC*TQiY1OD4bB3iUHWwSIt4=]]></url>
  <title><![CDATA[<暴林>精选5首催泪伤情的歌《怪我爱的太傻太痴迷》《下定决心忘记你》《为爱流下伤心泪》首首伤感！好听极了！]]></title>
  <content><![CDATA[：请点上面 免费听好歌"只有我们经历了伤害，才能够真正走向成熟，学会理解和宽容。一个成熟的人不会去随便评判一个人，他会觉得每个人都不容易。然后，学会宽容自己，宽容别人，甚至宽容敌人。海纳百川，有容乃大！宽怀他人，放过自己！ 人活着，多半是为了得到别人的赞美，获得更多人的认可。当你发现你所承担的主角有高低之分时，你要让自己乐观快乐自信起来。不好正因职业的卑微而放下自己梦想，不好正因工作的不如意而自暴自弃，更不好正因生活中出现的苦闷和迷茫而暗淡自己的生命。 你唯父母之命马首是瞻，你死要面子，你没有自己主张，不敢自己单独做出决定，你只想结婚生子，你读书只为不再思考，你妄想天上掉馅饼，你从不试着学一门特别的技能，你排斥一切优秀人物，你因为贫穷而仇视一切，你把钱看得比命还重要，你太在意别人的眼光，所以你才不会轻易成功！"1、孤独之前是迷茫，孤独之后是成长。2、生活的道路一旦选定，就要勇敢地走到底，决不回头。3、无须匆忙，该来的总会来，在对的时间，和对的人，因为对的理由。4、只有品味了痛苦，才能珍视以前忽略的快乐;只有领略了平凡，才会收藏当初丢弃的幸福。5、一个人真正的幸福并不是待在光明之中。从远处凝望光明，朝它奋力奔去，就在那拼命忘我的时间里，才有人生真正的充实。6、智者用无上心智和双手为自己开辟独有的天空，搭建生命的舞台。7、任何事都是有可能的。因此别放下，坚信自己，你能够做到的伤感的文章8、相遇，心绪如白云飘飘；拥有，心花如雨露纷飞；错过，心灵如流沙肆虐。回首，幽情如蓝静夜清。许多人在重组自己的偏见时，还以为自己是在思考。9、没有一种不通过蔑视忍受和奋斗就可以征服的命运。10、当一切似乎毫无希望时，我看着切石工人在他的石头上，敲击了上百次，而不见任何裂痕出现。但在第一百零一次时，石头被劈成两半。我体会到，到，并非那一击，而是前面的敲打使它裂开。]]></content>
  <author><![CDATA[英文报刊杂志]]></author>
  <time>2018-10-10 11:38:00</time>
  <account><![CDATA[gh_cd2d5b2274b1]]></account>
</data>
