<data>
  <id><![CDATA[50546808]]></id>
  <url><![CDATA[https://mp.weixin.qq.com/s?timestamp=1539596625&src=3&ver=1&signature=Egrj350GoKY8-KUcIJshb2jAZfu-gwFjxrN9hjPyg-f83DMGMeGmDvLYz9HSq-vmwy8dXzG6NSQEIX24raMKlhc8rGjKuhE5R*gZsqkJ3g-Q8WYi*lBsbt9aCzkwgn6LfM3JiV*tJ768HQjGae70crDznSdhzjdSze-*M28Xk8Y=]]></url>
  <title><![CDATA[亲爱的！想你，念你，爱你！一首《想你的时候问月亮》送给远方的你！思念好苦！]]></title>
  <content><![CDATA[：请点上面 免费听好歌问题：怎么才能每天收到这么好听的歌曲答案：只需点击箭头上边《九妹山歌》即可"每当我回忆当年的那一天我既开心又难过，因为那一天它不会再有了，老天就连一个美好的故事都没有留给我。悲伤在岁月中慢慢的在折磨我，让我天天开心不起来，即使我的嘴巴在今后的日子里带了一点点微笑，那也是为你而笑的。 视线渐渐清晰，光明没有温暖的光明，一条河，寂静流淌，没有欢腾，一座桥，孤独而立，没有眺望，一块石，画面交错，缘起缘尽，三生三世，原来早已注定…如果说我们的相遇是错误的开始，那么我承认，是我清醒着一错再错。为了爱，接受伤害是我心甘情愿的。 人生已到中年，心里有很多感慨，也有所感悟，生活犹如万花筒，喜怒哀乐，酸甜苦辣，相依相随，也许真的不必太在意；人生本如梦，要学会看淡一切，看淡曾经的 伤痛，好好珍惜自己，善待自己，珍惜上帝赐予的点点滴滴，让我们的心中永远有一片阳光照耀的晴空，把眼前的痛苦看淡，或许痛苦之后就是幸福。"1、其实单恋也不错，只是少了一段距离。2、恐惧自我受苦的人，已经正因自我的恐惧在受苦。3、道理我都懂，可是我总是抱着侥幸心理，万一他一不小心，就喜欢我了呢。4、炎炎的烈日高悬当空，红色的光如火箭般射到地面上，地面着了火，反射出油在沸煎时的火焰来。5、爱，会渗入我们的思想，言语行为，我们的身心都变得和谐快乐简单，能安全渡过一切伤害，了脱忿怒烦恼恐惧焦躁。6、请别以为你的每一句对不起，都能换回我的没关系。7、一丝一毫关乎节操，一件小事、一次不经意的失信，可能会毁了我们一生的名誉。8、无论现实有多么的残酷，无论命运多么的坎坷，请坚信，你有一颗万能内心，无尽的幸福与自由隐藏在你的内心深处，等待着你去开发，等待着你去挖掘。9、目标明确，挺进高峰，人人奋勇，个个争先。10、生命中，我们所路过的每一个地方，每一个人，也许将成为驿站，一向喜欢追忆，喜欢不忘记。想做的事情，现在就做。青春的逝去并不可怕，可怕的是失去了勇敢地热爱生活的心。]]></content>
  <author><![CDATA[英文报刊杂志]]></author>
  <time>2018-10-15 14:25:00</time>
  <account><![CDATA[gh_cd2d5b2274b1]]></account>
</data>
