<data>
  <id><![CDATA[50546808]]></id>
  <url><![CDATA[https://mp.weixin.qq.com/s?timestamp=1539596625&src=3&ver=1&signature=Egrj350GoKY8-KUcIJshb2jAZfu-gwFjxrN9hjPyg-f83DMGMeGmDvLYz9HSq-vmwy8dXzG6NSQEIX24raMKljh4Dj4EPBtNlNZpYXjtsqtKArGNa*L9*oFNdHUPCYdBEbCSI8pwBAZEy9p-JArucsybZET9LwduW0kDa2qcyYY=]]></url>
  <title><![CDATA[经典山歌《一山还有一山高》越听越有道理！好听极了！]]></title>
  <content><![CDATA[：请点上面 免费听好歌"人生中要走很多路，有一条路不能回头，就是放弃的路；有一条路不能拒绝，就是成长的路；有一条路不能迷失，就是信念的路；有一条路不能停滞，就是奋斗的路；有一条路不能忘记，就是回家的路；信心满满的走好脚下的每条路，祝你生命中的每一天都很精彩。 觉得自己做得到和做不到，其实只在一念之间。自己要先看得起自己，别人才会看得起你。一切伟大的行动和思想，都有一个微不足道的开始。有理想在的地方，地狱就是天堂;有希望在的地方，痛苦也成欢乐。乐观者在困难中看到机会;悲观者在机会中看到苦难。理想的路总为有信心的人预备着。 人生短短数十载，有生的日子，又何苦难为了自己。是我的我会珍惜，不是我的不会去强求。心存自信满满，时光从来经转不息，不会因为我们所遇的波折和声声的惋叹而停下脚步；当光阴中的生机再现，春风会沐渡世间每一个角落，谁都不会被隔在季节的门外。卸下背负的沉重行囊，轻装前行吧！挥手和过去做一个淡然的告别吧！不必频频去回首。"1、路靠自己走，就算再坎坷，也要自己过。2、不达目的永不罢休，只要还有一口气在，就在前行在目标之路上。3、太舒适的环境就是最危险的时刻。很习惯的生活方式，也许就是你最危险式。4、一个狼群就是一支训练有素，纪律严明的部队，统一行动，绝对服从，协同作战，这就是狼的纪律。5、生活带给我们的每一次挫折每一次感动都是那么生动而有活力，生活中每个有缺憾的日子都是有滋有味，缓缓流淌着幸福的气息。6、真正的快乐，是对生活的乐观，对工作的愉快，对事业的热心。7、凡是成就大事业的人，一定要知道什么时候该拐弯，什么时候该停止，什么时候该后退。8、生命如自助餐厅，要吃什么菜自己选择。真正的快乐来源于宽容和帮助。记住该记住的，忘记该忘记的。改变能改变的，接受不能改变的。9、与其在别人的生活里跑龙套，不如精彩做自己。10、每个人都在自己的世界里做着只有自己才能阐释的梦。头脑是日用品，而不是装饰品。在人之上，要把人当人；在人之下，要把自己当人。]]></content>
  <author><![CDATA[英文报刊杂志]]></author>
  <time>2018-10-12 00:00:00</time>
  <account><![CDATA[gh_cd2d5b2274b1]]></account>
</data>
