<data>
  <id><![CDATA[50546808]]></id>
  <url><![CDATA[https://mp.weixin.qq.com/s?timestamp=1539596625&src=3&ver=1&signature=Egrj350GoKY8-KUcIJshb2jAZfu-gwFjxrN9hjPyg-f83DMGMeGmDvLYz9HSq-vmwy8dXzG6NSQEIX24raMKlmYeYxBnaYMnWLSpBaqljGG8XNQYzVVbtYtSs5CQbHT*7Fnd0QRL-TTSC3pXs6xRnDuclhwpLO6w95ybjTAYS9g=]]></url>
  <title><![CDATA[<慕容天宝>伤感情歌《你的泪砸疼我的心》唱的撕心裂肺！]]></title>
  <content><![CDATA[：请点上面 免费听好歌"用感恩的心把回忆洗涤，选取所有的美丽来丰满这天的记忆。把在寂寞独处中的磨砺，轻轻点击，让那些日子过得是那么的充实。既然困苦选取了我，那我就用生命的热情去拥抱，选取坚强。 如果身处顺境，千万不要张扬，要和满山的杜鹃花一起绽放。如果身处逆境，千万不要放弃，要像开败的白玉兰一样，在下一个春天再向世界招手。如果身处绝境，千万不要沮丧，要像万丈天坑底部的一棵狗尾巴草，虽然死无出路，但也要昂起毛茸茸的头颅，向着太阳灿烂地微笑。 人生三态：生存，生活，生命。每种状态，或多或少都被繁华与喧嚣的现实所影响，所纠结。有的人徘徊着，有的人困惑着，有的人一如往昔继续着悠悠生活。无论是哪种状态，在人生不断抵达的过程中，只要清醒就行，只要宁静就好，只要希望在心就好。于此一生，似曾相识，却又是与众不同。这一世，不可代替，不可复制，不可重新来过。独一无二的人生华年，每一季节都是有颜色的，既已知晓，那就好好充实自己的生活"1、学识能使一个人变得高尚起来。2、无论生活多么的困难，总有希望闪耀在前方。3、有意栽花花不发，无心插柳柳成荫。流水下滩非有意，白云出岫本无心。4、成功是优点的发挥，失败是缺点的累积。走对了路的原因只有一种，走错了路的原因却有很多。5、当春姑娘还在家乡的小河边散步，观赏着美景时，夏弟弟跳到小河里去喝水，惹得春姑娘生了气，一撩衣裙，飘然而去。6、最好的，不一定是最合适的；最合适的，才是真正最好的。7、这个世界到处充满着不公平，我们能做的不仅仅是接受，还要试着做一些反抗。8、时间的巨轮无法抹去我对妳的思念纵使海枯石烂，你的身影永存于我 心中...总是想念着你，虽然我们无法共同拥有每分每秒。9、目标明确，挺进高峰，人人奋勇，个个争先。10、人生就像游泳，如果一旦停止了搏击，你就会沉沦下去!人生就像登山，遥看目标似乎高不可攀，其实每向前一步，我们就距目标更进一步。人生就像一团毛线球，越扯越乱。]]></content>
  <author><![CDATA[英文报刊杂志]]></author>
  <time>2018-10-10 11:38:00</time>
  <account><![CDATA[gh_cd2d5b2274b1]]></account>
</data>
