<data>
  <id><![CDATA[50546808]]></id>
  <url><![CDATA[https://mp.weixin.qq.com/s?timestamp=1539596625&src=3&ver=1&signature=Egrj350GoKY8-KUcIJshb2jAZfu-gwFjxrN9hjPyg-f83DMGMeGmDvLYz9HSq-vmwy8dXzG6NSQEIX24raMKloo5-wWGt1eISgyKzeNNievKeB-ET00nMr1kKFD2FTJKau46xqH-hE753YvN5cu5ztfaeekLlGdgGzTjHS8CGo8=]]></url>
  <title><![CDATA[民歌小调《土家妹》超好听！声音好甜！好细腻！]]></title>
  <content><![CDATA[：请点上面 免费听好歌"格局，决定人生的走向。人的关注点，则决定了他的格局。琐碎小事计较太多，人会变得小器。所以，是非不断的人，离他远点儿。说得善良点，是不给自己找麻烦。说得功利点，他也不会有大出息。一句话：有大志向的人，无小是非。 沙可以不懂海的辽阔，天可以不懂雨的落魄，不是每段爱都一定有结果。烟可以不懂手的寂寞，酒可以不懂喉的寄托，泪可以不懂眼的脆弱，不是每个人都一定会快乐。心无物欲，即是秋空霁海，坐有琴书，便成石室丹丘、宠辱不惊，闲看庭前花开花落，去留无意，漫随天外云倦云舒。 人啊，要达到一种境界，确实不是件容易的事情。要不怎么说，人活到老学到老呢。关键，就是思想上的这层纸，若能及时戳穿，那我们的成长不是问题!要想很好的解决这样的问题，可能要历经漫长的人生，也要适时接受智者来指点。让自我在发展的路上，敏锐的寻找，点破一层纸的契机，勇敢超越这薄薄距离!"1、在家靠父母，出门靠朋友。2、不管脚步有多慢都不要紧，只要你在走，总会看到进步。3、背负的太多，没等到击垮敌人，就先累死了自己 ！ 请学会放松 。4、你要清醒，别再轻易掉眼泪。 是是非非，你要勇敢去面对。 该放就放，别让自己那么累。5、用心的人在每一次忧患中都看到一个机会，而消极的人则在每个机会都看到某种忧患。出门走好路，出口说好话，出手做好事。6、一个人只有投身于伟大的时代洪流中，他的生命才会闪耀出光彩。7、或许生命什么都可以缺，譬如失去一只眼睛，或者一条健全的腿，但就是不能失去信念。8、宽容的伟大在于是发自内心的、是真诚的、是自然的。一个人的自爱达到了诚实、开朗、乐于进取的程度，那宽容就是善意的理解和理解之后的爱和关怀。9、你曾经不被人所爱，你才会珍惜将来那个爱你的人。10、切都经过了，一切都走过了，一切都熬过了，生命的底色里，增了韧，添了柔。这时候平和下来的生命，已经沉静到扰不乱，已经稳健到动不摇，已经淡定到风打不动。]]></content>
  <author><![CDATA[英文报刊杂志]]></author>
  <time>2018-10-06 00:00:00</time>
  <account><![CDATA[gh_cd2d5b2274b1]]></account>
</data>
