<data>
  <id><![CDATA[50546808]]></id>
  <url><![CDATA[https://mp.weixin.qq.com/s?timestamp=1539596625&src=3&ver=1&signature=Egrj350GoKY8-KUcIJshb2jAZfu-gwFjxrN9hjPyg-f83DMGMeGmDvLYz9HSq-vmwy8dXzG6NSQEIX24raMKllHBfgdk2XYZnm4Y5DBp4Wq11iiRC9j1ZGrONsem1f8OOAsQw2-I4yf*EZ3qcaM8fCjzTQwzEpl3pkIU7ZGDijY=]]></url>
  <title><![CDATA[早上好<陈瑞、梅艳芳、孙露>《新女人花》《女人花》太漂亮了，致所有辛苦的女人！]]></title>
  <content><![CDATA[：请点上面 免费听好歌"真实的生活是，认真做好每一天你分内的事情。不索取目前与你无关的爱与远景。不纠缠于多余情绪和评断。不妄想，不在其中自我沉醉。不伤害，不与自己和他人为敌。不表演，也不相信他人的表演。 有些事情是急不来的，等到条件成熟时，自然水到渠成。世界上那些了不起的成就，大多是由耐心堆积而成的。耐心，意味着要经得起眼前的诱惑，耐得住当下的寂寞。耐心不是外在的压抑，而是内心的修行。不要去采摘那些还没有成熟的果实，否则，你的生活一定是苦涩的。 俗话说：人无远虑，必有近忧！俗话又说：今朝有酒今朝醉！两者表达了两种心态，好的心态像太阳，照到哪里哪里闪亮。前者是慎重，后者是旷达，我们的日子需求这样万花筒心态才会更精彩！永久坚持一颗年青的心态。生理的年纪任何人是无法抵抗的，但心思应该永久坚持年青。心思年青的人，往往朝气蓬勃，活泼开朗，精力充沛，热爱日子，还能抵抗生理的变老。老顽童胜过小老头啊！"1、羡慕别人得到的，不如珍惜自己拥有的。2、让我们将事前的忧虑，换为事前的思考和计划吧！3、上粱不正下梁歪，中梁不正倒下来。问渠哪得清如许，为有源头活水来。4、只要你肯相信，就没有失败，只有暂时停止成功。智者总是有成功的密码，能译出密码的人，心是成功的智者。5、一味的放弃原则的人，不是强者；太固执的傻执着，也是不够的。能在坚持原则的基础上，完成所有挑战的人才厉害。6、请别以为你的每一句对不起，都能换回我的没关系。7、我们只能爱我们理解的东西，却永远也不能彻底理解我们不爱的东西。8、以前总认为坚持会让我们变强大，但是长大后才发现，让我们强大的，是放下。9、不知道自我缺点的人，一辈子都不会想要改善。10、没有一种好生活是一帆风顺的，没有一种幸福是不经历痛苦的，没有一种成长是不需要努力锤炼的，没有一种收获是不需要努力耕耘的。]]></content>
  <author><![CDATA[英文报刊杂志]]></author>
  <time>2018-10-13 00:00:00</time>
  <account><![CDATA[gh_cd2d5b2274b1]]></account>
</data>
