<data>
  <id><![CDATA[50546808]]></id>
  <url><![CDATA[https://mp.weixin.qq.com/s?timestamp=1539596625&src=3&ver=1&signature=Egrj350GoKY8-KUcIJshb2jAZfu-gwFjxrN9hjPyg-f83DMGMeGmDvLYz9HSq-vmwy8dXzG6NSQEIX24raMKlsoTa*kMt-v1SIH-137YiZxvhzperNqOodKk390m899Rx8POTZufEb59R04Z-jQ5eJBKpHsOq7vJkqwaCRQBJk0=]]></url>
  <title><![CDATA[爱到深处永不悔，一首《眼泪为你流》爱你矢志不渝！好听至极！]]></title>
  <content><![CDATA[：请点上面 免费听好歌问题：怎么才能每天收到这么好听的歌曲答案：只需点击箭头上边《九妹山歌》即可"做人要有自我的原则和底线。无规矩不成方圆。人不能太放纵自我，无论遇到什么状况，受到多大诱惑，遭遇多大困难，都要守住自我的底线，坚持自我做人的原则，否则会阴沟翻船，后悔莫及。 快乐是最好的天气。使人成熟的是经历，而不是岁月。让我们感谢过去吧，它会带给我们一个更好的未来。生活从来都是波澜起伏的，命运从来都是峰回路转的，因为有了曲折和故事，我们的生命才会精彩。有时候，哭泣，不是屈服；后退，不是认输；放手，不是放弃；沉默，不是无话可说。 天无绝人之路，人生路上遭遇进退两难的境况时，换个角度思考，也许就会明白：路的旁边还是路。摆平自己，才能摆平生活。把自己摆平了，整个世界都是平的。人生是一场漫长的对抗，有些人笑在开始，有些人却赢在最终。命运不会偏爱谁，就看你能够追逐多久，坚持多久。"1、不要想太多，定时清除消极思想。2、我们的生命，就是以不断出发的姿势得到重生。3、发家致富勤为本，教子成才德在先。无情岁月增中减，有味诗书苦后甜。4、面对困难挫折挑战只要你肯相信自己，不断努力的付出，哪怕你现在的人生是从零开始，你都可以做得到。5、天堂在那里？天堂就在‘饶恕的爱’里面，一颗有爱的心，一个有爱的家，一个有爱的社会，一个有爱的世界，就是天堂。6、他飘过了我最美的时光我深爱他是每个人都知道的事。7、永远都不好停止微笑，即使是在你难过的时候，说不定有人会正因你的笑容而爱上你。8、每个早晨，我都在等，等你睁眼发现，发现我在你眼前;每个早晨，我都在等，等你侧耳聆听，聆听一声温柔的早安。我要让你每天听见，早安!9、咱们都是单翅膀的天使，只有拥抱着才能飞翔。10、每个人都会有一段异常艰难的时光，在现在生活中，为人处世的最佳境界是不卑不亢。太在乎别人的眼光和评价，只能让自己做事放不开手脚，犹豫不决，失去自我，失去个性，丢失自我的价值。]]></content>
  <author><![CDATA[英文报刊杂志]]></author>
  <time>2018-10-09 00:00:00</time>
  <account><![CDATA[gh_cd2d5b2274b1]]></account>
</data>
