<data>
  <id><![CDATA[50517787]]></id>
  <url><![CDATA[https://mp.weixin.qq.com/s?timestamp=1539596346&src=3&ver=1&signature=Egrj350GoKY8-KUcIJshb6yd80-JljM0dLUZUYD1s5ICaxQ*9tg*MudbzLVVKWe5RV9440aNPc-kmf*PlgI8vyQ*cxe7sdYnspT-w5-lyAR64p7YuRFmeHloR9zQdqPYGsOFXuYrpPAtODTGXSw7TMsQiE9Y3*ASSD6V7XhM3*4=]]></url>
  <title><![CDATA[事关你的钱袋子，千万别错过！这些唐山人速去办理此项业务]]></title>
  <content><![CDATA[按照唐山市相关规定，市区居民已经办理的2017—2018年度居民用户阶梯水量“一户多人口”增量业务将于今年12月31日失效。为方便居民用户提前办理，唐山市自来水公司定于10月－12月集中办理2019—2020年度“一户多人口”阶梯水量增量业务。请新办、续办用户提前准备好相关资料，到所属服务所站办理。我市阶梯水价相关规定依据我市《关于居民生活用水实行阶梯价格的通知》（唐价价管字[2015]8号）文件规定：阶梯水价按户、按年用水量进行核算，三个阶梯分别为每户年用水量不超过120（含）立方米；120立方米-180（含）立方米；180立方米以上。户内人口超过3人的居民用户，可提供《居民户口簿》或当地居（村）委会出具的证明，向供水企业申请增加各阶梯用水量。每户每增加1人，每年各级阶梯水量基数分别增加30立方米，有效期为2年。编辑  亢瑞超识别图中二维码关注我们]]></content>
  <author><![CDATA[环渤海新闻网]]></author>
  <time>2018-10-13 16:33:00</time>
  <account><![CDATA[huanbohainews]]></account>
</data>
