<data>
  <id><![CDATA[50517787]]></id>
  <url><![CDATA[https://mp.weixin.qq.com/s?timestamp=1539596346&src=3&ver=1&signature=Egrj350GoKY8-KUcIJshb6yd80-JljM0dLUZUYD1s5ICaxQ*9tg*MudbzLVVKWe5RV9440aNPc-kmf*PlgI8v6*8vxFkYeX8dlYBGIa5SISiHWsu0*pe4zj4JHv9L0A86WgT2lSeI9jLfFlsjh-Q-zPVxtosxfnDFibv8d5zVP8=]]></url>
  <title><![CDATA[唐山这3所学校成为全国示范]]></title>
  <content><![CDATA[近日，教育部公示了“国家中等职业教育改革发展示范学校建设计划”第三批项目学校验收结果。现公示期已过，河北有19所学校，其中迁安市职业技术教育中心唐山市职业教育中心迁西县职业技术教育中心通过验收，正式确定为“国家中等职业教育改革发展示范学校”！▼宁晋县职业技术教育中心迁安市职业技术教育中心徐水县职业技术教育中心唐山市职业教育中心三河市职业技术教育中心赵县职业技术教育中心石家庄市高级技工学校怀安县职业技术教育中心迁西县职业技术教育中心衡水市职业技术教育中心河北经济管理学校沧州工贸学校丰宁满族自治县职业技术教育中心涿州市劳动技工学校卢龙县职业技术教育中心满城县职业技术教育中心永年县职业技术教育中心河北省邯郸市职业教育中心石家庄市职业技术教育中心来源  中华人民共和国教育部编辑  亢瑞超识别图中二维码关注我们]]></content>
  <author><![CDATA[环渤海新闻网]]></author>
  <time>2018-10-14 17:15:00</time>
  <account><![CDATA[huanbohainews]]></account>
</data>
