<data>
  <id><![CDATA[50517787]]></id>
  <url><![CDATA[https://mp.weixin.qq.com/s?timestamp=1539596346&src=3&ver=1&signature=Egrj350GoKY8-KUcIJshb6yd80-JljM0dLUZUYD1s5ICaxQ*9tg*MudbzLVVKWe5RV9440aNPc-kmf*PlgI8v1jbT1q5Ruy-InTwMkZ0j74kur-ALLQvB5*59ZSfkLyuRTukFyeg0GFtl5aJRU8hO0XFiIvD0RtMXc8ZydbJMJw=]]></url>
  <title><![CDATA[@唐山人，唐山市金融办发布的这份重要名单你可能用的上]]></title>
  <content><![CDATA[10月11日上午，中国唐山网站发布公告，唐山市金融工作办公室公布了关于唐山市合法小额贷款公司名单及基本信息。（下附名单）根据省、市关于开展扫黑除恶专项斗争工作部署，防止非法公司或个人打着合法小额贷款公司旗号违法经营、涉黑涉恶，特向社会公布我市合法小额贷款公司名单及基本信息，便于社会大众辨别真伪。唐山市金融工作办公室2018年10月10日来源  中国唐山网站编辑  亢瑞超识别图中二维码关注我们]]></content>
  <author><![CDATA[环渤海新闻网]]></author>
  <time>2018-10-11 17:01:41</time>
  <account><![CDATA[huanbohainews]]></account>
</data>
