<data>
  <id><![CDATA[50517787]]></id>
  <url><![CDATA[https://mp.weixin.qq.com/s?timestamp=1539596346&src=3&ver=1&signature=Egrj350GoKY8-KUcIJshb6yd80-JljM0dLUZUYD1s5ICaxQ*9tg*MudbzLVVKWe5RV9440aNPc-kmf*PlgI8v3RQSv0rw-uxEFaey*Qb3Ez6RpyeN-oizVoLIGSd2R0MeqcS2eN5YTIGh8R8EWcu8km6X2aMeQ1JEtzoHvahNEY=]]></url>
  <title><![CDATA[火了！火了！唐山这个地方彻底火了！]]></title>
  <content><![CDATA[有美景、有浪漫、有美食、有音乐、有欢乐、有红包……今年“十一”，咱唐山南湖彻底火了！看看这张拍摄于10月4日的照片，看看这游客的规模，您就可以想象南湖有多火了！5日一早，记者从唐山文旅集团获悉，10月1日至4日，唐山南湖游客总量已突破70万人次！对，你没看错，是70万其实，这几天去过的人都知道咱南湖那么多丰富多彩的活动想不火都难……有美景有浪漫有美食有音乐有欢乐（以上图片均由记者赵亮 摄）有红包记者 闫军 摄敲黑板：10月2日至10月6日，为进园游客们发放共计50万元的红包，发放时间为每天晚上6点至7点。不仅有这些精彩的活动，还有互动演出哟！这不，南湖景区在4日就推出了一场以评剧、乐亭大鼓和唐山本地民歌为主题的“呔韵乡情·魅力南湖”唐山地方艺术展演，收到游客的广泛欢迎。长假就剩3天了，还没去南湖的小伙伴抓紧时间了南湖正在为你奉上一场前所未有的饕餮盛宴记者 曹瑞云编辑  亢瑞超识别图中二维码关注我们]]></content>
  <author><![CDATA[环渤海新闻网]]></author>
  <time>2018-10-05 11:36:52</time>
  <account><![CDATA[huanbohainews]]></account>
</data>
