<data>
  <id><![CDATA[50517787]]></id>
  <url><![CDATA[https://mp.weixin.qq.com/s?timestamp=1539596346&src=3&ver=1&signature=Egrj350GoKY8-KUcIJshb6yd80-JljM0dLUZUYD1s5ICaxQ*9tg*MudbzLVVKWe5RV9440aNPc-kmf*PlgI8vzH8-CkU4DH70wBwJbjJbvDGDs6fcwSmnkAc7gMF9JHCxz-kJpxJCUJwwACDbhfpUQKW2XiZCaF3hMROjwpTm3Q=]]></url>
  <title><![CDATA[唐山一地将建省级地质公园！面积达30平方公里！]]></title>
  <content><![CDATA[好消息！好消息！！遵化将建设近30平方公里大公园小编不禁感叹哇噻！太兴奋！那么，地质公园位于哪？到底有哪些特色？为啥进行保护开发？别急别急，听小编给你慢慢道来......小伙伴们可能都知道：25亿年前，遵化乃至华北地区是一片汪洋大海，后来，随着板块碰撞，古大洋消失，华北板块才“拼接”到了大陆板块上。经以北京大学地质系教授李江海博士为首的地质学家探测，在古老、神奇的遵化大地上，保存着非常丰富的地质遗迹资源，形成了独具特色的地质遗迹分布区。其中，25亿年前的古大洋遗迹蛇绿岩，被国际科学界确认为世界上迄今发现的最古老的大洋地壳遗迹；新太古代蛇绿混杂岩、花岗岩地貌等地质遗迹在国内也具有典型性、稀有性、自然性、优美性和完整性的特点。8月24日，我市成功获得河北省国土资源厅下达的河北遵化省级地质公园建设资格的批复。30平方公里的大公园遵化省级地质公园位于遵化市西北部，地处燕山山脉与华北平原的交接地带，园内地质内容丰富，地质遗迹类型多样。主要由2个园区组成，其中长城园区面积24.4 平方千米，凤凰岭园区面积4.5 平方千米。公园北部以古长城为界与兴隆县接壤，西边以凤凰岭景区为界，东至侯家寨乡境内。多种体验并存的旅游景区据介绍，省级地质公园将基本把遵化北部和西部的自然风景区囊括其中，与长城狩猎场、汤泉皇家旅游度假区、皇家陵寝清东陵，共同构成“百里长城黄金旅游线”。地质公园的建设，会大大增加游客的停留和消费时间，促进遵化市旅游业的快步发展。大型地质博物馆地质公园内还将建设一个面积达3000平方米的博物馆。地质博物馆是地质公园的有机组成部分，是地质公园核心内涵、文化底蕴、遗址遗迹、科技成果集中对外展示的窗口与平台。博物馆建成后将积极搭建与高等院校、研究院的合作机制，将其打造成开展科普教育、研究考察的重要场所，成为遵化地质文化挖掘、输出的产学研基地。博物馆内陈展将利用图片、文字、模型、实物、影视等多种形式，运用现代化声光电手段，向游客生动、形象、明了地展示我国国家地质公园的发展历程、类型与分布情况；世界地质公园的由来及发展历史；地质遗迹相关的地质学基础知识，包括地球的形成与演化、蛇绿岩的形成与演化、地质年代系统等基础知识。极具价值的研学基地2002年，清华大学教授李江海博士等在遵化发现的新太古代蛇绿混杂岩带，真实的记录和反映了地球的发育历史，因此，遵化省级地质公园就是一份珍贵的地球科学档案，具有重要的科学研究价值。公园建成后，将以新太古代蛇绿岩地质遗迹及大洋地壳残片、豆荚状铬铁矿等地貌景观为科研对象，大力开发科普教育园、青少年素质教育、地学实习基地、地质遗迹科考基地、地理户外课堂等项目，组织专家学者、在校学生、青少年群体进行教学研究、科普教育旅游活动，并积极与高等院校、研究机构搭建“研学”联络机制，建立中小学户外实践基地。资源丰富的动植物园省级地质公园内地势巍峨峻峭，怪石林立，植被繁茂，生物资源丰富，自然生态保护良好，森林覆盖率达95%以上，稀有植物众多。在公园内的森林中，生长着松、柏、槲栎、楸木、冬青、杜鹃、百合等数百种珍稀树木、花草及黄苓、玉竹、生麻、苍术、柴胡、苦参、石苇、灵芝等120 多种中草药材，还生活着狐狸、野兔、松鼠、蛇、山鸡、长尾鸟、鹁鸪等60 多种飞禽走兽。省级地质公园的建设，将进一步保护我市珍贵的地质遗迹，普及地学知识、弘扬地学文化，提升地域旅游品位，深入推进我市国家级全域旅游示范区创建，促进地方经济社会可持续发展。经过几年的努力，一个配套设施齐全、管理机制完善、运营体系先进，集地质科考、自然科学与历史科普、自然观光、休闲度假于一体的，省内领先、全国上游的综合性地质公园，将呈现在众人面前。来源  葵花朵朵编辑  亢瑞超识别图中二维码关注我们]]></content>
  <author><![CDATA[环渤海新闻网]]></author>
  <time>2018-10-07 17:36:14</time>
  <account><![CDATA[huanbohainews]]></account>
</data>
