<data>
  <id><![CDATA[50517787]]></id>
  <url><![CDATA[https://mp.weixin.qq.com/s?timestamp=1539596346&src=3&ver=1&signature=Egrj350GoKY8-KUcIJshb6yd80-JljM0dLUZUYD1s5ICaxQ*9tg*MudbzLVVKWe5RV9440aNPc-kmf*PlgI8v4UFv9EZ5qjZby8paOT9Hc3kfTtasx9V1gvbgIryLWY*rhhTcyLmn6qKPTnZB3NNh6aX4Ptd-rNnDPtt4Yf7ulE=]]></url>
  <title><![CDATA[假期还没结束，降温先来一波儿~你的秋裤准备好了吗？]]></title>
  <content><![CDATA[马上我们就要迎来一个“值得纪念”的日子2018年10月8日因为......7天的假期要结束了又要开始早起了又要开始接送孩子了又要开始上班了又要开始上学了又要开始忙碌了又要加班到......又要……默默的告诉自己要坚强！等待下一个长假！别傻了下一个长假就要到春节了！（默默地抱住胖胖的自己哭十分钟）你以为这就是最悲惨的故事了吗？大错特错因为......今天夜间到明天白天预报来源：市气象台2018年10月5日17时今天夜间到明天白天，唐山地区最低气温6°C，最高气温20°C。最低气温下降明显，昼夜温差越来越大，早晚偏凉，记得及时添衣。未来3天天气预报10月7日(明天)，晴，西风3-4级转<3级，最高温度20°C，最低温低6°C。10月8日(后天)，晴转多云，西风<3级转北风3-4级，最高温度20°C，最低温低5°C。10月9日，晴，西北风3-4级转北风<3级，最高温度19°C，最低温低6°C。最后推荐一个专治节后不想上班的方法，亲测有效！来源 综合唐山天气、网络编辑  亢瑞超识别图中二维码关注我们]]></content>
  <author><![CDATA[环渤海新闻网]]></author>
  <time>2018-10-06 11:28:55</time>
  <account><![CDATA[huanbohainews]]></account>
</data>
