<data>
  <id><![CDATA[50517787]]></id>
  <url><![CDATA[https://mp.weixin.qq.com/s?timestamp=1539596346&src=3&ver=1&signature=Egrj350GoKY8-KUcIJshb6yd80-JljM0dLUZUYD1s5ICaxQ*9tg*MudbzLVVKWe5RV9440aNPc-kmf*PlgI8v3RQSv0rw-uxEFaey*Qb3Ey360VSt1*4nk1HLXaaOdLiVyJT6JVGnn3MGrgN-nuczZtfNBhWbBBOq4SRIIRCutM=]]></url>
  <title><![CDATA[唐山中心区3宗地块将进行拍卖，用于住宅及商业！]]></title>
  <content><![CDATA[近日，唐山市国土资源局在《唐山劳动日报》刊发了国有建设用地使用权拍卖出让公告，涉及环城水系以西、 南新东道以南 （财富广场项目） 地块，建华桥区域改造项目A-01-01地块和城南经济开发区经一路以东、纬八路以南、文化南北街以西、纬十路以北地块，拍卖活动定于2018年10月17日9时在唐山市公共资源交易中心进行。唐山市国土资源局国有建设用地使用权拍卖出让公告唐出告字[2018]第014号根据《招标拍卖挂牌出让国有建设用地使用权规定》（国土资源部39号令）等有关规定，经唐山市人民政府批准，我局决定拍卖出让三宗国有建设用地使用权。现将有关事宜公告如下：一、宗地基本情况和相关指标要求（点击图片可放大查看）二、竞买人范围：中华人民共和国境内外的法人、自然人和其他组 织，均可申请参加竞买，但在唐山市中心城区范围内有拖欠土地出让金的，在国税地税等部门有重大税收违法案件的当事人及法律另有规 定者除外。自然人申请竞买住宅项目的，须承诺竞得后依法成立房地产开发公司进行开发建设。只接受中文书面申请、竞买。三、本次国有建设用地使用权拍卖出让按照价高者得原则确定竞 得人。四、本次拍卖出让的详细资料和具体要求，见拍卖出让文件。有意竞买者可于2018年9月26日至2018年10月15日，到唐山市 公共资源交易中心获取拍卖出让文件。五、有意竞买者可于2018年9月26日至2018年10月15日，到唐 山市公共资源交易中心提交书面申请。交纳竞买保证金的截止时间为2018年10月15日16时30分。经审查，竞买人按规定交纳竞买保证金，符合申请条件的，出让人 将在2018年10月15日17时30分前确认其竞买资格。六、本次国有土地使用权拍卖活动定于2018年10月17日9时在唐山市公共资源交易中心进行。七、其他需要公告的事项（一）本次拍卖不再组织勘踏现场，有意竞买者自行勘踏现场。 （二）本次拍卖出让公告内容如有变化，出让人将按规定在《唐山 劳动日报》和中国土地市场网及唐山市公共资源交易中心发布补充公 告，届时以补充公告为准。（三）本公告未尽事宜详见出让地块拍卖文件。联系人：何先生 刘先生联系电话：0315-5266631联系地址：唐山市路北区学院路与长宁道交叉口北行350米路东 或唐山市北新西道23号唐山市国土资源局2018年9月26日来源 唐山劳动日报编辑  亢瑞超识别图中二维码关注我们]]></content>
  <author><![CDATA[环渤海新闻网]]></author>
  <time>2018-10-05 11:36:52</time>
  <account><![CDATA[huanbohainews]]></account>
</data>
