<data>
  <id><![CDATA[50517787]]></id>
  <url><![CDATA[https://mp.weixin.qq.com/s?timestamp=1539596346&src=3&ver=1&signature=Egrj350GoKY8-KUcIJshb6yd80-JljM0dLUZUYD1s5ICaxQ*9tg*MudbzLVVKWe5RV9440aNPc-kmf*PlgI8vzpv*FJtZniD5slfmOjr7*11LutzdAIXlcyet9kCRAWILCmz*MqvfTyGmPv9FlxN69ufiSvQGtah8kueAcS5CVo=]]></url>
  <title><![CDATA[河北首例！唐山中心区这两个路口铺设双彩色路面]]></title>
  <content><![CDATA[10月9日，记者从市公安交警支队获悉，为美化靓化市区道路交通环境，改善市民出行条件，提升城市整体形象，交警支队分别委托北京工业大学、华北理工大学对新华道站前路口、新华道卫国路口进行设计，铺设红绿双彩色路面，此举在省内尚属首例。新华道站前路口新华道卫国路口10月9日上午，记者来到新华道与站前路交叉口，即唐山火车站东广场前。该路口的四个方向均已铺设了双彩色路面，相比较之前的单调颜色，改造后的路口显得甚为靓丽醒目。交警介绍，这个路口改造的主要内容，就是设计并建设了双彩色路面。其颜色由绿色、红色组成，其中非机动车通道为绿色路面，象征绿色交通，与之相邻的人行横道区域铺装了红色路面，红色代表生命至上。这种组合式的双彩色路面设计，能够对过往机动车起到警示作用，更好地发现在两个通道上通行的行人和骑车人。另外，对于市民来说，改造后的路口不再是简单的灰色和白色，色彩更加丰富，也更加美观。此外，对于该路口西口的信号灯，工人正在施工改造。老的信号灯将被拆除，新的信号灯在当日亮起，这将给市民提供更加清晰明确的指挥性的信息。交警还对该路口老旧的警示柱进行了更换。据悉，此次改造的两个路口分别是新华道站前路口、新华道卫国路口，两路口共施划彩色路面3991.6平方米，各类交通标线1100平方米，增设交通标志8套，增设大型信号灯1套，更换机动车信号灯2组，增加非机动车信号灯3组，增加护栏10片，更换红白警示柱62根。下一步，交警部门还会根据设计方案继续完善，同时提醒广大市民，这些彩色路面的铺装，也是为了更好地规范非机动车和行人的通行，希望非机动车驾驶人严格按照交通法规的要求，通过路口时在非机动车通行区域，也就是绿色路面通行，而行人都能够在红色路面的人行横道通过路口。记者  魏伟编辑  亢瑞超识别图中二维码关注我们]]></content>
  <author><![CDATA[环渤海新闻网]]></author>
  <time>2018-10-10 17:43:24</time>
  <account><![CDATA[huanbohainews]]></account>
</data>
