<data>
  <id><![CDATA[50517787]]></id>
  <url><![CDATA[https://mp.weixin.qq.com/s?timestamp=1539596346&src=3&ver=1&signature=Egrj350GoKY8-KUcIJshb6yd80-JljM0dLUZUYD1s5ICaxQ*9tg*MudbzLVVKWe5RV9440aNPc-kmf*PlgI8v1jbT1q5Ruy-InTwMkZ0j74pM6XuQv3Lw5Z7ikgCOoG7Xc7U-6Vgm2duGkX09T-iIYRzfttIxh23amxbx2EsSaI=]]></url>
  <title><![CDATA[专科就行！唐山这区招聘50名环保监管员，区直、乡镇都有名额！]]></title>
  <content><![CDATA[唐山事业单位招聘网10月11日发布招聘信息：古冶区为解决部分区直重点部门特别是乡镇街道环保监管人员严重匮乏问题，经区政府批准，拟面向社会公开招聘合同制环保监管人员50名(其中男40名，女10名)。招聘条件1. 政治立场坚定，遵守宪法和法律(遵守宪法和法律是公民必须遵循的行为准则。我国是社会主义法治国家，任何公民都必须履行宪法和法律赋予的义务，维护法律尊严。社会主义法制的基本原则之一就是法律面前人人平等，在法律的同一尺度下，不同民族、种族、性别、职业、社会出身、教育程度、宗教信仰和财产收入的公民平等地享有权利和履行义务，“任何组织或者个人都不得有超越宪法和法律的特权”。而且，国家制定的法律体现了各民族的意志，集中代表了各民族的共同利益，具有至高无上的权威性，不允许任何人侵犯。因此，在法治社会，任何公民都必须遵法守法，如果没有法律的强制力和约束力，大家随心所欲，各行其是，社会稳定就无从谈起，经济发展和社会进步更无从谈起。);2. 具有良好的品行(中华人民共和国公务员法第二章第十一条第四款规定,公务员应具有良好的品行。讲党性、重品行、作表率是党着眼新形势、新任务对党员干部的政治品格、思想境界、精神状态和工作作风提出的新要求,具有很强的现实针对性。良好的品行和形象也日益成为对公务员精神风貌的一项要求。)和职业道德（职业道德，就是同人们的职业活动紧密联系的符合职业特点所要求的道德准则、道德情操与道德品质的总和，它既是对本职人员在职业活动中的行为标准和要求，同时又是职业对社会所负的道德责任与义务。），身心健康;3. 古冶区户籍;4. 大学专科及以上学历;5. 年龄在35周岁以下(1983年10月以后出生);6. 专业类别(见附件)招聘程序报名、考试、体检、政审、聘用。1. 报名时间、地点及所需材料：2018年10月15日—16日(上午8:30—11:30，下午2:00—5:00);古冶区财富中心12#6号底商(古冶区政府正对面205国道南)京唐电子商务创业园服务中心底层。提交身份证、户口本、毕业证（一般指国民教育系列毕业证书，是指通过电子注册学籍，国家承认的学历，是现有教育的主体。）、彩色小二寸正面免冠照片3张(以上材料均需原件及复印件)，报名考务费100元。所有报名人员均需填写《报名资格审查表》，(下载网址：https://pan.baidu.com/s/1UpWySvbSrN6zBVUAt7k-rA)2. 考试：报名人数如男超过80名、女超过20名先笔试、后面试。如达不到上述报名人数直接面试。面试成绩在60分以上者，按招聘计划1:1的比例由高分到低分的顺序确定体检人选(比例内末位成绩并列的都进入体检)。3. 考试、体检时间、地点等相关事宜另行通知。4. 聘用：体检、政审合格人员确定为拟聘人选。用工形式劳务派遣。首次签订三年《聘用合同》，试用期6个月，试用期满经考核不合格的解除合同。说明拟聘人选确定后须服从分配。不服从分配者直接取消聘用资格。来源  唐山事业单位招聘网编辑  亢瑞超识别图中二维码关注我们]]></content>
  <author><![CDATA[环渤海新闻网]]></author>
  <time>2018-10-11 17:01:41</time>
  <account><![CDATA[huanbohainews]]></account>
</data>
