<data>
  <id><![CDATA[50517787]]></id>
  <url><![CDATA[https://mp.weixin.qq.com/s?timestamp=1539596346&src=3&ver=1&signature=Egrj350GoKY8-KUcIJshb6yd80-JljM0dLUZUYD1s5ICaxQ*9tg*MudbzLVVKWe5RV9440aNPc-kmf*PlgI8v6*8vxFkYeX8dlYBGIa5SITby-3Ib5qogTiosaX*61vER8xw6AsCf9N0XE6fUVysXr6J5lqObsepvfIBK4f-tGs=]]></url>
  <title><![CDATA[唐山十大古树评定，有记载树龄最高2600年！快来看看它们的风采]]></title>
  <content><![CDATA[唐山有多少棵（群）千年古树？它们都分布在哪儿？你想不想亲眼目睹它们的风采？……10月13日，“唐山十大古树”授牌仪式在唐山国际旅游岛菩提岛隆重举行，现场“一古五秀”致敬菩提树森林音乐会更是亮点频频，燃爆着菩提岛秋日的美好，更刷爆了唐山人的朋友圈。青青菩提树 鹭鸣菩提岛10月13日，在唐山国际旅游岛菩提岛潮音寺广场上，巨大的“古”字鲜红展开，作为“五秀”之一，百架古筝组成的矩阵均匀分布在“古”字的一百个点位上，百名身着汉服的古筝表演者现场齐奏《青青菩提树》、《沧海一声笑》等经典曲目……“百架筝鸣秀”、“菩提太极秀”、“科普图片秀”、“万人签名秀”、“菩提合影秀”等精彩“五秀”一一上演。这就是备受关注的“施尔得之约 百合兰食之梦”唐山十大古树授牌仪式暨“致敬菩提树森林音乐会”。唐山十大古树唐山这十棵（群）古树，你可曾见过？已经有人迫不及待了，说这就驱车去看看！等等，小编这就将它们的靓照奉上。唐山国际旅游岛小叶朴古树群唐山国际旅游岛菩提岛上共有菩提树2600多棵，包括百年以上古树495棵，在河北省为最大的北方小叶朴古树群。遵化禅林寺银杏群在禅林古寺周围长着的十三株（一雄十二雌）银杏树，多植于秦代，树龄1900年以上有九株，树龄在300年以上的有三株。迁西东莲花院古安梨树群该古树群位于河北省唯一的国家级的田园综合体“花乡果巷”项目区，共有古安梨树136株，分布集中，树势生长旺盛，树枝树干虬劲有力，古朴壮观。乐亭胡坨大钊故居古槐位于乐亭县胡坨镇大黑坨村，距李大钊故居约500米，树龄600年左右，树高13米。树干中空，仍枝叶繁茂。相传，此树植于明永乐二年（公元1404年），与大黑坨村同龄。迁西景忠山古松群景忠山林木资源丰富，植被覆盖率为98%，仅百年树龄以上的古松就有2350多株。丰润车轴山槐树群该槐树群为双行并列生长，共6棵，树龄有 1000  年，据说与车轴山上的古塔为同时代栽植。迁西滦阳华盖栗神相传，“华盖栗神”乃明代抗倭名将戚继光亲手所植。迁安蔡园古银杏迁安市蔡园镇马官营村的村委会大院内，有一株树龄2600余年的银杏树，已被河北省列为重点文物保护单位，为灵山一大绝景。滦州青龙山银杏青龙山延古寺有一株奇伟无比的银否树，堪称长江以北第一树，被喻之为“九龙神树”。丰南小集雌雄银杏被称为活化石的银杏树是丰南乃至全国最珍贵的历史见证。此银杏树在宋家营六村，雌雄二株，高三十余米，树围七米，要五六个人拉手才能合抱。和古树一样靓丽的还有“一古五秀”森林音乐会。“一古五秀”在唐山国际旅游岛菩提岛潮音寺广场上，巨大的“古”字鲜红展开……百架筝鸣秀科普图片秀万人签名秀菩提太极秀菩提合影秀除了“一古五秀”，您还可以徜徉于古菩提树下，倾听二胡、琵琶、横笛等民族传统乐器的琴音……评选十大古树，助力唐山创森！为助力唐山争创国家森林城市，围绕“英雄城市、森林唐山”创建主题，自2018年3月份开始，由唐山市创建国家森林城市工作领导小组办公室、唐山市林业局和河北日报报业集团唐山分社共同主办的唐山“创森林城市评十大古树”活动拉开帷幕，经过半年的外业调查、宣传展示、专家评选，最终评出了唐山十大古树。这次活动是由河北报业传媒集团唐山有限公司、燕赵都市报冀东版、唐山国际旅游岛旅游发展公司、河北报业集团万众传媒有限公司承办，唐山施尔得肉制品公司、唐山百合兰食科技有限公司予以全程支持。同时也鸣谢鸿艺文化艺术学校、弦月古筝培训中心、唐山沐乐琴行、沐乐堂琴筝文化、凤凰天艺琴行、华韵礼乐文化传播有限公司、乙方文化传媒机构。活动现场和唐山十大古树同时亮相的还有十五棵唐山珍贵古树名木（群）。丰润潘家峪国槐丰润火石营流苏开滦赵各庄古树群乐亭第一实验小学古槐滦南青坨营文冠果古树滦州王店子三古槐迁安太平庄古松迁安大五里古槐迁西汉儿庄尖山奇松迁西汉儿庄百年栗林路南万科红郡侧柏路北启新1889三银杏遵化小厂古栗树遵化侯家寨流苏遵化沙石峪中阿友谊树（侧柏）编辑  亢瑞超识别图中二维码关注我们]]></content>
  <author><![CDATA[环渤海新闻网]]></author>
  <time>2018-10-14 17:15:00</time>
  <account><![CDATA[huanbohainews]]></account>
</data>
