<data>
  <id><![CDATA[50517787]]></id>
  <url><![CDATA[https://mp.weixin.qq.com/s?timestamp=1539596346&src=3&ver=1&signature=Egrj350GoKY8-KUcIJshb6yd80-JljM0dLUZUYD1s5ICaxQ*9tg*MudbzLVVKWe5RV9440aNPc-kmf*PlgI8v3RQSv0rw-uxEFaey*Qb3Ew*YxASIUUmABYJG1pNXFuaeCXIzeZuptHvxXbtak5qt5DuG2hhh3FpK9iBUQzaIK4=]]></url>
  <title><![CDATA[唐山这个局便民咨询电话全公布，具体到每项业务]]></title>
  <content><![CDATA[请收好！唐山市人力资源和社会保障局最全便民咨询电话，具体到每项业务↓↓↓来源 唐山人社编辑  亢瑞超识别图中二维码关注我们]]></content>
  <author><![CDATA[环渤海新闻网]]></author>
  <time>2018-10-05 11:36:52</time>
  <account><![CDATA[huanbohainews]]></account>
</data>
