<data>
  <id><![CDATA[50517787]]></id>
  <url><![CDATA[https://mp.weixin.qq.com/s?timestamp=1539596346&src=3&ver=1&signature=Egrj350GoKY8-KUcIJshb6yd80-JljM0dLUZUYD1s5ICaxQ*9tg*MudbzLVVKWe5RV9440aNPc-kmf*PlgI8vzpv*FJtZniD5slfmOjr7*3zXD-XLAHmW4Z4B1coYx7OqcZv8JPq4j9viGy-5ZX80CL8pB8nvgkkTWZReZGf4sY=]]></url>
  <title><![CDATA[明天唐山中心区这些小区和单位将停气，请提前做好准备]]></title>
  <content><![CDATA[小编从唐山燃气获悉，10月11日13:30-17:30路北区多个小区及单位将停气。停气时间：10月11日 13:30-17:30停气区域：路北分局、水利、新华南、新华楼、滦承楼、民政平方、苑南、刘庄煤矿、33#矿院、33#建工、陡河管理处、金龙泉洗浴、金三娘过桥米线、百合园川菜馆、大洋商厦食通天美食广场、华侨酒店、鸿运酒家、小海造型、妇幼医院、截瘫疗养院、广场办事处停气原因：施工作业———————————————注意事项：1、请关闭好灶具开关、灶前阀门。2、如有疑问，请咨询2057777来源  唐山燃气编辑  亢瑞超识别图中二维码关注我们]]></content>
  <author><![CDATA[环渤海新闻网]]></author>
  <time>2018-10-10 17:43:24</time>
  <account><![CDATA[huanbohainews]]></account>
</data>
