<data>
  <id><![CDATA[50517787]]></id>
  <url><![CDATA[https://mp.weixin.qq.com/s?timestamp=1539596346&src=3&ver=1&signature=Egrj350GoKY8-KUcIJshb6yd80-JljM0dLUZUYD1s5ICaxQ*9tg*MudbzLVVKWe5RV9440aNPc-kmf*PlgI8v3zzHrfGn1dQlQqnhRx*QdYomVrwP7JtTyGsrX-D66a5NmFzDITUtIl2ogZZEmpC60YKLGlJOO*DHU2tAsk*dWU=]]></url>
  <title><![CDATA[赵勇任国家民委副主任]]></title>
  <content><![CDATA[据新华社北京10月12日电 国务院任免国家工作人员。任命赵勇为国家民族事务委员会副主任。免去赵勇的国家体育总局副局长职务。来源 新华视点(ID:XHSXHSD)编辑  亢瑞超识别图中二维码关注我们]]></content>
  <author><![CDATA[环渤海新闻网]]></author>
  <time>2018-10-12 17:13:32</time>
  <account><![CDATA[huanbohainews]]></account>
</data>
