<data>
  <id><![CDATA[50517787]]></id>
  <url><![CDATA[https://mp.weixin.qq.com/s?timestamp=1539596346&src=3&ver=1&signature=Egrj350GoKY8-KUcIJshb6yd80-JljM0dLUZUYD1s5ICaxQ*9tg*MudbzLVVKWe5RV9440aNPc-kmf*PlgI8vyQ*cxe7sdYnspT-w5-lyARUvVryNleStTwqycKDsqz4B-W6qcJwTRPdZpBWSaVeEMSEfpwoPikgE-jNzS2lPkE=]]></url>
  <title><![CDATA[涉嫌严重违纪违法！丰南公安局一干部被审查调查]]></title>
  <content><![CDATA[唐山市丰南区公安局主任科员陈柱涉嫌严重违纪违法，目前正接受纪律审查和监察调查。来源  唐山市纪委监委网站编辑  亢瑞超识别图中二维码关注我们]]></content>
  <author><![CDATA[环渤海新闻网]]></author>
  <time>2018-10-13 16:33:00</time>
  <account><![CDATA[huanbohainews]]></account>
</data>
