<data>
  <id><![CDATA[50517787]]></id>
  <url><![CDATA[https://mp.weixin.qq.com/s?timestamp=1539596346&src=3&ver=1&signature=Egrj350GoKY8-KUcIJshb6yd80-JljM0dLUZUYD1s5ICaxQ*9tg*MudbzLVVKWe5RV9440aNPc-kmf*PlgI8v4UFv9EZ5qjZby8paOT9Hc37BT0NYRRTHnE7vlvDyE8LHbJ7xYuGDcOugzNI1VOar4S0-tGpt9JFUrIbJxCp8G0=]]></url>
  <title><![CDATA[痛心！一家人国庆出游，因为一个错误付出惨痛代价！]]></title>
  <content><![CDATA[正值国庆长假，出游人群众多，高速公路车流巨大。一段热传的事故视频以及惨痛结果，再次警醒大家牢记交通安全。前车一家人在高速路上下了车，站在路中间查看情况，5个大人带着1个孩子齐齐站在了两辆车中间。结果，后方的一辆轿车躲避不及冲入现场，造成二次事故，站在两车之间的多人受伤。据新京报报道，事故发生于10月2日湖南衡阳许广高速衡阳西出口附近，在二次事故中，5人被冲撞受伤，1人被挤压在两车中间，伤者中有1名女童。湖南交警高速12122客服人员介绍，接到报警称三辆小车追尾，有人受伤，需要拖车。随后衡南高速交警到现场处置，伤者被紧急送往医院。原本是一个追尾，受损的只有车，最后却因为一车人的错误做法，发展成多人受伤。网友们对此也是心痛不已：眼下已进入长假返程高峰，在此提醒大家，高速公路发生事故，司乘人员应开启双闪，将车尽快驶入应急车道，避开主路路段，放置三角牌提醒后车，人员进入隔离带。保留现场照片证据，报警后交由高速交警处理。请务必重视交通安全开开心心出游！平平安安回家！来源 观察者网 重庆晨报编辑  亢瑞超识别图中二维码关注我们]]></content>
  <author><![CDATA[环渤海新闻网]]></author>
  <time>2018-10-06 11:28:55</time>
  <account><![CDATA[huanbohainews]]></account>
</data>
