<data>
  <id><![CDATA[50517787]]></id>
  <url><![CDATA[https://mp.weixin.qq.com/s?timestamp=1539596346&src=3&ver=1&signature=Egrj350GoKY8-KUcIJshb6yd80-JljM0dLUZUYD1s5ICaxQ*9tg*MudbzLVVKWe5RV9440aNPc-kmf*PlgI8v14H5P8tSd02iflqgIqw8dwh-8a3vdH1YhyCMb1INqsOX6SJVWknq*euyCLsFFd9KoI7iDpEtA4N3PMC40IUkMQ=]]></url>
  <title><![CDATA[新机构成立！这儿的唐山人办理不动产交易更方便啦！]]></title>
  <content><![CDATA[好消息！为进一步提升工作效率和服务水平，最大限度方便群众，遵化市不动产交易中心于9月20日投入运行。在交易大厅，前来办理业务的人络绎不绝，市税务、国土等工作人员正在联合办公，详细为群众讲解办理业务所需要的材料和流程，让市民切实感受到不动产中心成立带来的便利。不动产登记中心位于遵化市金卓三楼，涉及国土局、规建局、税务局与不动产登记相关的业务，主要工作职能有国有建设用地使用权及房屋所有权转移登记业务，建设用地使用权及房屋所有权首次、变更、注销登记业务，国有建设用地使用权首次、变更、注销登记业务，抵押权登记业务，不动产涉税业务，其他与不动产登记相关的业务等。来源 葵花朵朵（ID:zhkhdd）编辑  亢瑞超识别图中二维码关注我们]]></content>
  <author><![CDATA[环渤海新闻网]]></author>
  <time>2018-10-08 17:57:58</time>
  <account><![CDATA[huanbohainews]]></account>
</data>
