<data>
  <id><![CDATA[50517787]]></id>
  <url><![CDATA[https://mp.weixin.qq.com/s?timestamp=1539596346&src=3&ver=1&signature=Egrj350GoKY8-KUcIJshb6yd80-JljM0dLUZUYD1s5ICaxQ*9tg*MudbzLVVKWe5RV9440aNPc-kmf*PlgI8vzH8-CkU4DH70wBwJbjJbvAjSzZ6FnT9F12qUxdfcieZ9pmdfvFWwwLj9AYy-IA5Yx3LYTWM0nQMQWJscIk0O74=]]></url>
  <title><![CDATA[唐山严厉打击房地产开发企业的这种行为]]></title>
  <content><![CDATA[为贯彻落实住建部等四部门《关于维护住房公积金缴存职工购房贷款权益的通知》的要求，切实维护住房公积金缴存职工的合法权益，市住房公积金管理中心与市纠风办公室、市住房和城乡建设局联合对我市各房地产开发企业进行了一次专项检查，重点打击房地产开发企业拒绝或变相拒绝购房职工使用公积金贷款行为。联合检查组对市区27家房地产开发企业、县区15家重点房地产开发企业进行专项检查和督导，主要针对以下几方面：一是房地产开发企业办理商品房预售许可证时，做出允许缴存职工使用住房公积金贷款的书面承诺;二是在项目销售现场显著位置上予以公示不限制、阻挠、拒绝购房人使用住房公积金贷款的书面承诺;三是不以提高住房销售价格、减少折扣等方式限制、阻挠、拒绝购房人使用住房公积金贷款;四是不得要求或变相要求购房人签署自愿放弃住房公积金贷款权利的行为。对违规操作的，实时报道、公开曝光，联合下发《责令整改通知书》，限时整改;对违规情况严重、拒不整改的，纳入企业征信系统，依法严肃处理。截止目前，发现问题已全部整改到位。今后，我市将继续加强联合检查和督导力度，严厉查处变相限制、阻挠、拒绝购房人使用住房公积金贷款的开发企业。同时，职工可通过12329住房公积金服务热线渠道，投诉举报房地产开发企业拒绝使用住房公积金贷款的问题。来源 唐山市住房公积金管理中心编辑  亢瑞超识别图中二维码关注我们]]></content>
  <author><![CDATA[环渤海新闻网]]></author>
  <time>2018-10-07 17:36:14</time>
  <account><![CDATA[huanbohainews]]></account>
</data>
