<data>
  <id><![CDATA[50517787]]></id>
  <url><![CDATA[https://mp.weixin.qq.com/s?timestamp=1539596346&src=3&ver=1&signature=Egrj350GoKY8-KUcIJshb6yd80-JljM0dLUZUYD1s5ICaxQ*9tg*MudbzLVVKWe5RV9440aNPc-kmf*PlgI8v14H5P8tSd02iflqgIqw8dyjY*kt*-jB6j3u*LEeNMkFoPoL2jsWvu*c63JMjKMpZttQIJNE8oK49hiOujxuWqI=]]></url>
  <title><![CDATA[穿行于市中心区，长达9.3公里！唐山将新添这样的两段绿道]]></title>
  <content><![CDATA[唐山市政府网站9月30日发布招标公告，拟对路段一：位于河西路，北起龙华道南至启新立交桥之间，东侧为陡河公园；路段二：位于建设路，北起南新道南至南湖大道，共9.3公里的绿廊绿道进行提升建设。详情如下：工程总面积约21601平方米，其中，绿道占地面积18600平方米，驿站占地面积3001平方米。驿站建设包括2个一级驿站及1个二级驿站，其中，硬化面积2291平方米，绿化面积200平方米，装配式建筑占地面积510平方米，包括公厕、医疗站、售卖店、治安消防等服务设施。采购项目编号：JYZB-2018-263采购人名称：唐山市园林绿化管理采购代理机构地址 ：唐山市友谊北路清科园109楼采购预算金额：3129152.00采购用途 : 工程主要分为两个路段，全长为9.3公里。其中：路段一位于河西路，北起龙华道南至启新立交桥之间，东侧为陡河公园，绿道长度6.4公里。路段二位于建设路，北起南新道南至南湖大道，绿道长度2.9公里。工程总面积约21601平方米，其中，绿道占地面积18600平方米，驿站占地面积3001平方米。驿站建设包括2个一级驿站及1个二级驿站，其中，硬化面积2291平方米，绿化面积200平方米，装配式建筑占地面积510平方米，包括公厕、医疗站、售卖店、治安消防等服务设施。计划工期：60日历天。招标范围：主要建设内容包括沿绿线建设驿站、自行车停车位、标识系统等服务设施，广场及园路铺装整改，绿化种植等工程量清单、施工图纸包含全部内容。来源 唐山市政府网站编辑  亢瑞超识别图中二维码关注我们]]></content>
  <author><![CDATA[环渤海新闻网]]></author>
  <time>2018-10-08 17:57:58</time>
  <account><![CDATA[huanbohainews]]></account>
</data>
