<data>
  <id><![CDATA[50517787]]></id>
  <url><![CDATA[https://mp.weixin.qq.com/s?timestamp=1539596346&src=3&ver=1&signature=Egrj350GoKY8-KUcIJshb6yd80-JljM0dLUZUYD1s5ICaxQ*9tg*MudbzLVVKWe5RV9440aNPc-kmf*PlgI8v1kae5f5cHsQOFBNrjN8P6eixGJFDZqnuGwJ580a3XXQ*t13sZ8brQdTdiIi0*TBEy8DE80LSCHYjIWhueVKRpQ=]]></url>
  <title><![CDATA[门槛低、待遇好！唐山人速看，这家大型国企招人啦！]]></title>
  <content><![CDATA[10月9日，唐山人才网发布信息，北京首钢建设集团有限公司曹妃甸分公司要招聘电工，焊工，信号工，钳工，普工。详情如下：北京首钢建设集团有限公司曹妃甸分公司招聘启事公司性质：国有股份制公司简介：“北京首钢建设集团有限公司曹妃甸分公司”简称“首建曹妃甸分公司”，坐落在唐山市曹妃甸工业区，本公司是一个具有50余年历史的集大型机电设备安装调试、维检及钢结构制作安装和一定机械制造加工能力的综合性工程公司，具有丰富的经营生产管理经验，系冶金建筑安装一级企业。公司目前在岗达2380余人，基于公司经营发展建设的需要，秉承“诚招能手，方纳贤才”的用人理念，为员工提供良好的发展空间，拟诚聘愿从事机电工程等各岗位的技术能手、业务骨干及有志于建功立业的应、往届青年学生和社会人才来我公司工作。招聘条件：年龄18-45周岁，中专以上学历招聘岗位：电工，焊工，信号工，钳工，普工待遇：试用期一个月工资2800，转正后综合工资3000-5000元，住宿免费，上五险。一经录用与企业直签劳动合同，首签2年，续签3年，再续无固定期限。工作内容：维修维检工作地点：曹妃甸首钢院内咨询电话：0315-5315596 张老师邮箱：shoujian2018@163.com来源  唐山人才网编辑  亢瑞超识别图中二维码关注我们]]></content>
  <author><![CDATA[环渤海新闻网]]></author>
  <time>2018-10-09 17:43:13</time>
  <account><![CDATA[huanbohainews]]></account>
</data>
