<data>
  <id><![CDATA[50517787]]></id>
  <url><![CDATA[https://mp.weixin.qq.com/s?timestamp=1539596346&src=3&ver=1&signature=Egrj350GoKY8-KUcIJshb6yd80-JljM0dLUZUYD1s5ICaxQ*9tg*MudbzLVVKWe5RV9440aNPc-kmf*PlgI8vzpv*FJtZniD5slfmOjr7*3M7UWMDsxQ*T8KPeFqUf069eJ4OIB2p3SWH0i8p9NRelVjRn0GNgqTscsonrsQFNU=]]></url>
  <title><![CDATA[扩散周知，唐山这个小区保障性住房及廉租房开始办理入住了！]]></title>
  <content><![CDATA[日前，唐山市住房和城乡建设局官网公布了《骏安园小区保障性住房办理入住手续须知》及《关于骏安园（南区）廉租房办理入住手续时间安排的通知》。骏安园小区保障性住房办理入住手续须知欢迎您入住骏安园小区，我公司负责为您办理相关入住手续并提供物业管理服务。为便于您顺利入住新居，现将入住所需证件、缴纳费用提示如下：一、办理入住手续时所需证件：1、《河北省保障性住房租赁合同》。2、查看承租人身份证、户口本首页及本人页，家庭成员户口本首页及本人页，物业收取以上证件的复印件各一份（请用A4纸复印、身份证要求正反面复印一页上）。二、需缴纳的费用1、房屋租金（按租赁合同收取）。2、住房押金每户2000元。3、物业费：1.2元/㎡/月（首层0.8元/㎡/月）。计费方法：1.2元/㎡/月（或0.8元/㎡/月）×建筑面积×12个月。4、园区IC卡：10元/个×3个/户。5、预收水费：200元/户。6、预收电表电费：500元/户。注：所有缴费支持现金、银行卡、微信、支付宝。三、办理入住手续地点：骏安园物业208楼--6号底商四、集中办理手续日期: 2018年10月15日-10月31日，周一至周五。上午：9:00-11：00 ；下午：14：00-16：30唐山市房投物业服务有限公司2018年10月10日来源  唐山市住房和城乡建设局编辑  亢瑞超识别图中二维码关注我们]]></content>
  <author><![CDATA[环渤海新闻网]]></author>
  <time>2018-10-10 17:43:24</time>
  <account><![CDATA[huanbohainews]]></account>
</data>
