<data>
  <id><![CDATA[50517787]]></id>
  <url><![CDATA[https://mp.weixin.qq.com/s?timestamp=1539596346&src=3&ver=1&signature=Egrj350GoKY8-KUcIJshb6yd80-JljM0dLUZUYD1s5ICaxQ*9tg*MudbzLVVKWe5RV9440aNPc-kmf*PlgI8v3zzHrfGn1dQlQqnhRx*QdYQp93cjA4lUVAnPn4HvBELkKVpaSjE7wlihKF52HVkUxDoFMY9-E6CssWguiEXVtU=]]></url>
  <title><![CDATA[这样的"免费公交乘车卡"在唐山可办理了]]></title>
  <content><![CDATA[记者从市公交总公司获悉，即日起，持唐山市政府颁发的“唐山凤凰英才卡”可到市民服务中心办理“免费公交乘车卡”。“唐山凤凰英才卡”为统筹公共服务资源，打造吸引、留住、凝聚人才的良好环境，激发人才创新创造活力，推动唐山高质量发展而颁发，是我市对特定重点人才集成化服务的重要载体，是体现人才重要价值和业绩贡献的荣誉证件，是高层次人才享受相关服务的有效凭证。“唐山凤凰英才卡”的持卡人，本人携带“唐山凤凰英才卡”原件、身份证原件、近期一寸免冠彩色照片一张和10元押金，可到市民服务中心办理“免费公交乘车卡”(地址：市民服务中心A区二层52号窗口)。卡片丢失、损坏或退卡到公交总公司营业厅办理(地址：华岩路28号)。办卡时间为周一至周五9：00至12：00，13：00至17：00(法定节假日不办理)。乘车范围及使用标准为：1.该卡每年免费充值一次。每月可免费乘车120次，免费乘坐次数当月有效，过月作废。乘车时需向司机出示该卡后刷卡。2.持免费乘车卡可乘坐除直达1路以外的所有唐山公交车辆。3.该卡内另设有电子钱包区，乘客可根据需求选择在此区充值，电子钱包区的优惠标准和使用规定与公交A卡相同。4.免费乘车卡每年年检一次，年检时免费充值。年检地址：市民服务中心A区二层52号窗口。5.该卡只限本人使用，不得转借他人，否则注销，不予补发。6.该卡享受免费乘车的有效期与“唐山凤凰英才卡”的有效期一致。记者  立峰  通讯员  张洁  薇薇  徐晗编辑  亢瑞超识别图中二维码关注我们]]></content>
  <author><![CDATA[环渤海新闻网]]></author>
  <time>2018-10-12 17:13:32</time>
  <account><![CDATA[huanbohainews]]></account>
</data>
