<data>
  <id><![CDATA[50517787]]></id>
  <url><![CDATA[https://mp.weixin.qq.com/s?timestamp=1539596346&src=3&ver=1&signature=Egrj350GoKY8-KUcIJshb6yd80-JljM0dLUZUYD1s5ICaxQ*9tg*MudbzLVVKWe5RV9440aNPc-kmf*PlgI8v3zzHrfGn1dQlQqnhRx*QdY8f3spdj7-Jwht*dFIY7FYbpwRkwTLdQucpZXk34Oty*XNoPboyaD95dq*-9uyCfw=]]></url>
  <title><![CDATA[最新！学院路这段断头路将打通]]></title>
  <content><![CDATA[记者获悉，学院北路（荣华道至龙华道）段将打通。10月3日至9日，高新区在7天内完成了瓦官庄67户71处征拆任务，为下步道路和供热管线建设创造了条件。学院北路（荣华道至龙华道）是高新区城市建设重要的基础设施，更是贯穿全市南北热力主管线的必经之路，畅通与否，直接关系环城水系以南区域的几十万户居民的供热供暖，而瓦官庄村址范围内的断头路，成为整个供暖工程的瓶颈。9月26日，高新区召开拆迁工作动员会，吹响打通学院北路（荣华道至龙华道）征拆工作的号角；10月3日，组织联合执法拆除违章建筑，打响征拆工作的第一炮；10月9日，最后一户村民签定征收补偿安置协议。从10月3日到10月9日，仅用7天时间，与学院北路征拆涉及的67户村民全部签订了征收补偿安置协议。预计10月15日前，学院北路涉及67户71处动迁工作全部完成，16084.18平方米场地全部平整完毕，将为下步道路和供热管线建设创造了条件。记者  角志伟  王昊  通讯员   齐庆锋 陈建旭编辑  亢瑞超识别图中二维码关注我们]]></content>
  <author><![CDATA[环渤海新闻网]]></author>
  <time>2018-10-12 17:13:32</time>
  <account><![CDATA[huanbohainews]]></account>
</data>
