<data>
  <id><![CDATA[50517787]]></id>
  <url><![CDATA[https://mp.weixin.qq.com/s?timestamp=1539596346&src=3&ver=1&signature=Egrj350GoKY8-KUcIJshb6yd80-JljM0dLUZUYD1s5ICaxQ*9tg*MudbzLVVKWe5RV9440aNPc-kmf*PlgI8v14H5P8tSd02iflqgIqw8dx-KtaKt*V5izs9P-9DCrsg9y5o*7w2AyPOzCRtuN7SzpHRzu*DpQnAgcfp53-sD70=]]></url>
  <title><![CDATA[唐山一旅游公路完工通车！到这儿游玩更方便了！]]></title>
  <content><![CDATA[10月4日，遵化市金凤湖旅游公路翻修工程——铁厂段路面铺设工作圆满完成，并顺利通车！下一步，施工队将对金凤湖旅游路路缘石铺设、边沟修建、划线和架指示牌等工作进行完善，将民心路打造成京幾坦途，铁厂最美风景线之一。来源  葵花朵朵（ID:zhkhdd）编辑  亢瑞超识别图中二维码关注我们]]></content>
  <author><![CDATA[环渤海新闻网]]></author>
  <time>2018-10-08 17:57:58</time>
  <account><![CDATA[huanbohainews]]></account>
</data>
