<data>
  <id><![CDATA[50517787]]></id>
  <url><![CDATA[https://mp.weixin.qq.com/s?timestamp=1539596346&src=3&ver=1&signature=Egrj350GoKY8-KUcIJshb6yd80-JljM0dLUZUYD1s5ICaxQ*9tg*MudbzLVVKWe5RV9440aNPc-kmf*PlgI8vyQ*cxe7sdYnspT-w5-lyARTOJfWFK6L-H*TzPirfAA39qfNv8q0*h3W2VZ5UjC9VEpFpVpIaKet1ZZlP7R9Hgc=]]></url>
  <title><![CDATA[货币安置或房屋置换！唐山中心区这些地方要征地，区片价标准公布]]></title>
  <content><![CDATA[10月11日，唐山市国土资源局路南区分局发布了对梁家屯路街道办事处王禾庄村的征地告知书，共涉及5个地块，用于交通运输用地和公共管理与公共服务用地，区片价标准为每公顷283.5万元。梁家屯路街道办事处王禾庄村征收区域：南湖大道以南、学院南路以西、西电路以东区域的土地征收面积：约19.3279公顷开发用途：交通运输用地和公共管理与公共服务用地区片价标准：每公顷283.5万元安置途径：货币安置和房屋置换梁家屯路街道办事处王禾庄村征收区域：南湖大道以南、学院南路以西、西电路以东区域的土地征收面积：约4.2627公顷开发用途：交通运输用地和公共管理与公共服务用地区片价标准：每公顷283.5万元安置途径：货币安置梁家屯路街道办事处王禾庄村征收区域：南湖大道以南、学院南路以西、西电路以东区域的土地征收面积：约0.2329公顷开发用途：交通运输用地和公共管理与公共服务用地区片价标准：每公顷283.5万元安置途径：货币安置梁家屯路街道办事处王禾庄村征收区域：南湖大道以南、学院南路以西、西电路以东区域的土地征收面积：约0.0948公顷开发用途：交通运输用地和公共管理与公共服务用地区片价标准：每公顷283.5万元安置途径：货币安置梁家屯路街道办事处王禾庄村征收区域：南湖大道以南、学院南路以西、西电路以东区域的土地征收面积：约0.5332公顷开发用途：交通运输用地和公共管理与公共服务用地区片价标准：每公顷283.5万元安置途径：货币安置来源  路南区人民政府网站编辑  亢瑞超识别图中二维码关注我们]]></content>
  <author><![CDATA[环渤海新闻网]]></author>
  <time>2018-10-13 16:33:00</time>
  <account><![CDATA[huanbohainews]]></account>
</data>
