<data>
  <id><![CDATA[50517787]]></id>
  <url><![CDATA[https://mp.weixin.qq.com/s?timestamp=1539596346&src=3&ver=1&signature=Egrj350GoKY8-KUcIJshb6yd80-JljM0dLUZUYD1s5ICaxQ*9tg*MudbzLVVKWe5RV9440aNPc-kmf*PlgI8v4UFv9EZ5qjZby8paOT9Hc3UhktSy2H5JnzpRJR6fJfV0OzkTLgC0SqpC62o*y*srwWkghDmnS1YisCuMjXn38M=]]></url>
  <title><![CDATA[啥情况？竟有300多人在南湖玩起了“推塔”游戏，还被围观了！]]></title>
  <content><![CDATA[各位亲，这两天你到南湖景区，将体验到“玩出不一样”的感觉。10月5日上午，第六届王者荣耀城市赛唐山站开战，来自京津冀等地70多支战队的300多名选手同场竞技，拉开了“热血电竞”的序幕，10月6日比赛仍将继续。双赛道赛制想玩你就来此次比赛是拥有3亿电竞玩家的腾讯游戏官方城市赛揭幕战。本次赛事进行了改革，分为全民赛和职业场，很好地分离了大众玩家和职业玩家，使大众玩家可以得到更多的机会上升到更高的电竞舞台。此次唐山站的比赛是全民赛，有多支半职业战队参赛。本届王者荣耀城市赛，启用双赛道赛制，参加海选赛•大众场次，获得冠军可以晋级分站赛，再进一步可以进入大区决赛甚至全国总决赛，争夺代表民间王者玩家的最高荣誉；参加海选赛•职业场次，获得冠军即可进入KPL预选名额通道赛，争夺两个进入KPL预选赛的名额，追逐职业梦想。在报名现场，市民们报名踊跃。比赛实时全网互动全部“一局定胜负”在丹凤朝阳广场西侧搭建的专用舞台，劲爆的音乐、年轻而充满活力的面孔、造型艳丽的真人动漫角色，组成了欢乐的海洋，吸引了许多市民驻足观看。当天的比赛分为海选赛和32进16两部分，全部为BO1的形式，也就是“一局定胜负” ，比赛实时全网互动。对于连续承办4次城市赛的唐山赛区，可谓成绩斐然，曾获得第三届城市赛河北省冠军、第四届城市赛河北省亚军、第五届城市赛华北区八强。电竞运动已经成为杭州亚运会正式赛事和奥运会表演项目，发展前景非常乐观。唐山选手的参赛规模、实力不亚于一线城市，比赛的氛围达到了全国一二线城市的水平，参与度高，受到市民广泛的认可，与省会级城市实力相当。主办方希望通过此次活动，能够最大限度地普及、提高我市电竞运动的发展水平。本次比赛由唐山南湖旅游景区与腾讯·大燕网联合主办。这个“十一”，咱唐山的南湖彻底火了！七天长假已进入结束倒计时，还不抓紧时间去南湖看看！记者 文进/文 记者 郑勇/摄编辑  亢瑞超识别图中二维码关注我们]]></content>
  <author><![CDATA[环渤海新闻网]]></author>
  <time>2018-10-06 11:28:55</time>
  <account><![CDATA[huanbohainews]]></account>
</data>
