<data>
  <id><![CDATA[50517787]]></id>
  <url><![CDATA[https://mp.weixin.qq.com/s?timestamp=1539596346&src=3&ver=1&signature=Egrj350GoKY8-KUcIJshb6yd80-JljM0dLUZUYD1s5ICaxQ*9tg*MudbzLVVKWe5RV9440aNPc-kmf*PlgI8v1jbT1q5Ruy-InTwMkZ0j74QI4UczGR93-XHzQ1YgJ0uQUYygyb**yWYOXJT2LtzldxonLORfnw1rnJMJoyDX5A=]]></url>
  <title><![CDATA[留党察看、撤销党内职务......唐山一地通报3起典型案例！]]></title>
  <content><![CDATA[10月11日，唐山市纪委监委网站发布消息，迁安通报3起农村干部违纪问题典型案例。详情如下：一、迁安市大五里乡孟一村原党支部书记苏翠花违反工作纪律问题。2009年3月至2016年4月，苏翠花任孟一村党支部书记、村委会主任期间，因工作失职，造成6户村民违规领取低保补助。2018年9月，苏翠花受到党内严重警告处分。违规低保补助由民政部门正在追缴。二、迁安市上庄乡小望都庄村原支委郭全文违反廉洁纪律问题。2012年5月、2013年2月，郭全文在任小望都庄村支委期间，发放绿道补助款时，虚列发放名单，造成6205元补助款去向不明(至今未追回)，且在审查过程中，拒不配合组织审查。2018年9月，郭全文受到留党察看一年处分。三、迁安市夏官营镇罗庄子村原支委兼会计杨全违反中央八项规定精神问题。2018年2月，杨全为其儿子操办婚礼时，违规收受管理服务对象礼金。鉴于其2017年11月曾受到党内警告处分，在处分影响期内顶风违纪，2018年9月，杨全受到撤销党内职务处分。违纪资金已收缴。来源  唐山市纪委监委网站编辑  亢瑞超识别图中二维码关注我们]]></content>
  <author><![CDATA[环渤海新闻网]]></author>
  <time>2018-10-11 17:01:41</time>
  <account><![CDATA[huanbohainews]]></account>
</data>
