<data>
  <id><![CDATA[50517787]]></id>
  <url><![CDATA[https://mp.weixin.qq.com/s?timestamp=1539596346&src=3&ver=1&signature=Egrj350GoKY8-KUcIJshb6yd80-JljM0dLUZUYD1s5ICaxQ*9tg*MudbzLVVKWe5RV9440aNPc-kmf*PlgI8v1jbT1q5Ruy-InTwMkZ0j76sn8uoaa3AyjAqNcShiwqPodAhpqwiV9L9-r97Kgd2u481Vt7mO7O2MzXCxFXs*kQ=]]></url>
  <title><![CDATA[好消息！唐山中心区这条断头路正式通车！]]></title>
  <content><![CDATA[唐山劳动日报10月11日一版消息，唐山市中心区的一条断头路近日正式通车了。10月10日，一辆汽车行驶在刚刚开通的路南区和泓西路主路上。本报记者 刘洪超 通讯员 张子豪 摄近日，路南区境内和泓西路建设工程全面完工，高标准改造的道路不仅便捷了交通，也改善了环境。刚刚通车的和泓西路，全长350米，路肩宽8米。车辆有序通行，行人走在路上也倍感心情舒畅。如今道路平坦宽敞，配套设施齐全，可是两个月前，这里却是另一番景象。路南区住建局副局长王建明介绍说，和泓西路南通南新道，北面却未能通至国防道。2010年至今长期被围墙阻断，还堵满垃圾和私搭乱建的板房。改造后的和泓西路，不仅打通了断头路，连通南新道、国防道，更是打造成一条双向车道的样板路。道路配套工程包括新型LED节能路灯，两侧人行便道以及松木桩插地围栏绿化带和休闲坐凳等附属项目，目前已全部完成。和泓西路通车后，极大缓解了周围交通压力，也给周边小区、医院提供了出行方便。据了解，路南区2018年背街小巷改造提升项目共涉及67条，任务目标要求全面完成。其中56条背街小巷已通过竞争性谈判方式确定施工单位，现已进场施工，完成总任务的60%以上，计划10月底竣工验收。另外11条道路中，9条道路由区原产权单位负责改造提升，老26中门前路由区城投公司负责改造提升，立新西里社区门前路由区市政处负责改造提升。目前，新华联后街、老26中门前路、立新西里社区门前路、定福三期小区路基本完工。记者  刘洪超  通讯员  张子豪、邢丹妮编辑  亢瑞超识别图中二维码关注我们]]></content>
  <author><![CDATA[环渤海新闻网]]></author>
  <time>2018-10-11 17:01:41</time>
  <account><![CDATA[huanbohainews]]></account>
</data>
