<data>
  <id><![CDATA[50514366]]></id>
  <url><![CDATA[https://mp.weixin.qq.com/s?timestamp=1539596308&src=3&ver=1&signature=Egrj350GoKY8-KUcIJshb2eAWPohOh3grQ5m23OcLtMQtF8L6QjfEBHHHUNePuOhzLapWBvnUT08twJsBLtOZfxBsA8bmXx0O2Pc1yxeL2YUCh8RuhhqXEWKa4OZRJB7I0FiSuRuHlVB56Skeyagg4SkE1fjNBxTfx1edJBq8fI=]]></url>
  <title><![CDATA[每日一句人生感悟]]></title>
  <content><![CDATA[1.关注后回复当天日期，如：1009 每日一句早安晚安2.关注我们，从早晨开始，一起坚持早起打卡生活从来不会刻意亏欠谁，人生就是一种承受。世上的事，不如己意者，那是当然的。人活着是一种心情，穷也好，富也好，得也好，失也好，一切都是过眼云烟，只要心情好，一切都好。懂得放心的人找到轻松，懂得遗忘的人找到快乐，懂得关怀的人找到朋友。过好每一天，就是过好一生。]]></content>
  <author><![CDATA[散文小说家]]></author>
  <time>2018-10-09 08:00:00</time>
  <account><![CDATA[xiyinli168]]></account>
</data>
