<data>
  <id><![CDATA[50514366]]></id>
  <url><![CDATA[https://mp.weixin.qq.com/s?timestamp=1539596308&src=3&ver=1&signature=Egrj350GoKY8-KUcIJshb2eAWPohOh3grQ5m23OcLtMQtF8L6QjfEBHHHUNePuOhzLapWBvnUT08twJsBLtOZQWfJppPpsbWajsgtmB5OwI59E4-IxOiA5pFJpgW2IEcBL68pQsP9OTM92cF26Dx4QFeEOE2JXxbLJbArrcSQSg=]]></url>
  <title><![CDATA[余生很长，请你不要将就！]]></title>
  <content><![CDATA[1.关注后回复当天日期，如：1010 每日一句早安晚安2.关注我们，从早晨开始，一起坚持早起打卡顾漫曾经说过，这个世上如果有一个人存在，其他人都是将就，而我不愿意将就，是的，我也不愿意将就。我不愿意将就，一辈子那么长生命，如果不能浪费在我喜欢的人身上，那么我宁愿浪费在自己身上。我不愿意将就就是因为我不想以后的人生，要跟一个余生要与不喜欢的人共度。跟不喜欢的人一起吃饭，一起牵手一起生活，那生活是得多无趣，得有多么难过。林夕曾经说过，很多人结婚，只是为了找一个跟自己一起看电影的人，而不是为了，找分享看电影心得的人，如果为了找个伴而结婚，那么我不愿意结婚，因为我一个人也能看电影。我想，以后两个人在一起是因为爱情而不是合适，我们所做的任何事情都能顺着自己的心意，而不是顺着其他人的心。我不愿意跟这些不喜欢的人在一起，一辈子那么长，容不得我们将就。只要最后是你晚一点也没有关系。余生很长，请你不要将就。]]></content>
  <author><![CDATA[散文小说家]]></author>
  <time>2018-10-10 08:00:00</time>
  <account><![CDATA[xiyinli168]]></account>
</data>
