<data>
  <id><![CDATA[50514366]]></id>
  <url><![CDATA[https://mp.weixin.qq.com/s?timestamp=1539596308&src=3&ver=1&signature=Egrj350GoKY8-KUcIJshb2eAWPohOh3grQ5m23OcLtMQtF8L6QjfEBHHHUNePuOhzLapWBvnUT08twJsBLtOZfxBsA8bmXx0O2Pc1yxeL2YA2GIjiFrF1gdHjCDqALTq0SklUfcUbYacM-c3kPepYeeW72zvasj16B*bhMSfMG8=]]></url>
  <title><![CDATA[朋友圈简短戳心的说说短语句句戳中心底里]]></title>
  <content><![CDATA[1.关注后回复当天日期，如：1009 每日一句早安晚安2.关注我们，从早晨开始，一起坚持早起打卡1、掉进染缸里其实并不可怕，可怕的是在染缸里感觉良好。所有的痛苦来自选择，所谓幸福就是正确的选择。世界上最苦的孤独不是没有知已，而是遗失了自已。2、好好珍惜；缘分，不能倒带，敬请抓住。其实，这世上没有谁属于谁，只会有谁会陪着谁。人与人之间都有距离，全靠一分真换一寸情；情与情之中都有感动，全凭一颗心捂热另一颗心。3、如果有一天放弃了， 不是因为输了， 而是因为懂了。 现在连计较和生气的力气都没有了， 所以累了。 你努力合群的样子，真的好孤独，现在的坚持和自律，走了这么久，发现唯一靠得住的是自己。 人生就是哭给自己听，当一个人熬过了最艰难的时候， 就不想再去寻找任何依靠，任何人都是负累。4、别活得太累，别忙得太疲惫；想吃别嫌贵，想穿别说浪费；心烦了找朋友聚会，瞌睡了倒头就睡。心态平和是最美，天天快乐那才对。5、“不懂时，别乱说；懂得时，别多说。心乱时，慢慢说；没话时，就别说。6、人生就象一场戏，因为有缘才相聚。相扶到老不容易，是否更该去珍惜。为了小事发脾气，回头想想又何必。别人生气我不气，气出病来无人替。我若气死谁如意？况且伤神又费力。邻居亲不要比，儿孙琐事由他去，吃苦享乐在一起，神仙羡慕好伴侣。7、有些事知道了就好，不必多说；有些人认识了就好，不必深交。做好自己该做的，有爱或无爱，都安然对待。眼里，看见谁走谁在；心里，知道谁好谁坏！感谢那些彻底了解了你，仍然没有离开你的人！8、遇见，是生命的缘，没有预约，也不用等待，谁也不知在生命的下一个转角能与谁相识，也不用问，谁是锦瑟，谁又是流年。只把一份珍惜，融入光阴。张爱玲说，于千万人之中，没有早一步，也没有晚一步，只是轻轻的道一声，原来你也在这里。9、每天清晨升起的一缕阳光，都为我们带来新的希望！亲，早安！玫瑰10、善待自己，不被别人左右，也不去左右别人，自信、优雅。人生多磨难，要为自己鼓掌，别让犹豫阻滞了脚步，别让忧伤苍白了心灵。让懂你的人爱你，让爱你的人更懂你，感情的世界里。懂比爱更重要。]]></content>
  <author><![CDATA[散文小说家]]></author>
  <time>2018-10-09 08:00:00</time>
  <account><![CDATA[xiyinli168]]></account>
</data>
