<data>
  <id><![CDATA[50514366]]></id>
  <url><![CDATA[https://mp.weixin.qq.com/s?timestamp=1539596308&src=3&ver=1&signature=Egrj350GoKY8-KUcIJshb2eAWPohOh3grQ5m23OcLtMQtF8L6QjfEBHHHUNePuOhzLapWBvnUT08twJsBLtOZauyy5Y-VOpkaQASpHb2hha81RD97dn4CIRzerBpVVOkh9QdTDUqHdQHOj4yn-Vp0N9XX1YULipHzZVBgB3QwQc=]]></url>
  <title><![CDATA[微商早安正能量朋友圈激励人心的好句子]]></title>
  <content><![CDATA[1.关注后回复当天日期，如：1014 每日一句早安晚安2.关注我们，从早晨开始，一起坚持早起打卡01      告诉自己：今天，是最好的一天。不必为昨日遗憾，带着昨天的烦恼生活，只会让自己负重前行。纠正犯过的错误，积累奔向明天的力量，努力的今天,才是改变的关键。给生活一点改变，完成一个任务，或者改掉一个坏习惯。早安~02      没有谁的幸运，是凭空而来，只有当你足够努力，你才会足够幸运。这世界不会辜负每一份努力和坚持，时光不会怠慢执着而勇敢的每一个人。————早安，小伙伴们[玫瑰][玫瑰]03      风帆，不挂在桅杆上，是一块无用的布；桅杆，不挂上风帆，是一根平常的柱；理想，不付诸行动是虚无缥缈的雾；行动，而没有理想，是徒走没有尽头的路。04      不要害怕犯错；做了或是做错了，我们仍有收获，不做，我们只会两手空空。每一次成功的背后都有一串失败的足迹，而每一次的失败又离成功越来越近。卸下包袱，放开双手，该做就做。早安！05      没有人天生是工作狂，只因为不想落人后、只因为不想输得难看，于是就努力努力工作，一不留神，把人生过得很带劲！06      最快的脚步不是跨越，而是继续;最慢的步伐不是小步，而是徘徊。每一次的突破，都是为了成就更好的自己，努力提升素质，选择决定人生！拼尽全力，逼自己优秀一把，青春已所剩不多！努力吧！给自己一个灿烂的阳光，一片自由的海洋，让自己不断变强，不论今天多么的困难，你都要坚信：只有回不去的过往，却没有到不了的明天。加油！开启满满正能量的一天！07      今天已经很坚难，明天会更难，但后天一定非常美好。当然，大部分人可能明晚就死掉了，但加如果放弃了信念，那么就永远也看不到后天升起的太阳。早安！[太阳][太阳]08      成功的起点是了解，而不是拒绝，同样的事物，有人看到的是怀疑，有人看到的是商机，机会对谁都是公平的，不公平的是人们的态度及思维，人生最大的浪费是犹豫，成功最大的障碍是担忧。不敢尝试，就会与财富擦肩而过，犹豫不决就会错失良机，宁可明明白白的选择，也不自以为是的拒绝！早安！09      3.你总是把梦想留在未来，旅行留在下次，想做的事情留在以后，然后在本该是未来的那个时间点，你突然被“没时间”打败了，所说的未来还是变成了说说而已，所有的借口不过是你给拖延和懒惰找的理由，哪里有浪费时间这回事，你只能浪费自己，哪有那么多未来等着你，你只有现在！10      吹尽黄沙始见金，金子既在沙中磨练，原本也出于沙中；梅花香自苦寒来，没有经历冰雪的磨难，岂有梅花持久的芬芳。世人都要金子，而不要沙子，孰不知没有沙子就没有金子。难怪有所成就的人少，无所成就的人到处都是。原来功名心造就平庸，谦虚好学之心造就才华。磨难也是一种学习，是形成才华的重要因素，早安！]]></content>
  <author><![CDATA[散文小说家]]></author>
  <time>2018-10-14 08:00:00</time>
  <account><![CDATA[xiyinli168]]></account>
</data>
