<data>
  <id><![CDATA[50514366]]></id>
  <url><![CDATA[https://mp.weixin.qq.com/s?timestamp=1539596308&src=3&ver=1&signature=Egrj350GoKY8-KUcIJshb2eAWPohOh3grQ5m23OcLtMQtF8L6QjfEBHHHUNePuOhzLapWBvnUT08twJsBLtOZaN8GplICq3G7qJZaElMDWuSORxkh5fDE7OIsCroUhBw8L5bhvqqmAHHMwp3kkegIsi2RyPYX8aoivVuiqPIBGE=]]></url>
  <title><![CDATA[每日一句人生感悟]]></title>
  <content><![CDATA[1.关注后回复当天日期，如：1008 每日一句早安晚安2.关注我们，从早晨开始，一起坚持早起打卡人生的路，总有几道沟坎；生活的味，总有几分苦涩。有些事，无能为力，就顺其自然；有些路，躲避不开，就义无反顾。没有阳光，学会享受风雨的清凉；没有鲜花，学会感受泥土的芬芳。微笑的眼睛，才能看见美丽的风景；简单的心境，才能拥有快乐的心情。我们要善待每一天，珍惜每一天，过好每一天。享受生命、珍惜爱你和你爱的人！因为没有下辈子。]]></content>
  <author><![CDATA[散文小说家]]></author>
  <time>2018-10-08 08:00:00</time>
  <account><![CDATA[xiyinli168]]></account>
</data>
