<data>
  <id><![CDATA[50514366]]></id>
  <url><![CDATA[https://mp.weixin.qq.com/s?timestamp=1539596308&src=3&ver=1&signature=Egrj350GoKY8-KUcIJshb2eAWPohOh3grQ5m23OcLtMQtF8L6QjfEBHHHUNePuOhzLapWBvnUT08twJsBLtOZbvWMwLkrKpIGOWUgcHHcllKCnjYNxEzjJ2yGkWwHCBOyD7CVYtTJIDL2GO3ePJboDrUvm3NvVKxVd0k6oWxxKQ=]]></url>
  <title><![CDATA[上半身是理想，下半身是现实]]></title>
  <content><![CDATA[1.关注后回复当天日期，如：1015 每日一句早安晚安2.关注我们，从早晨开始，一起坚持早起打卡整理了一些最近网上很火的照片，每张照片都是一个故事，千言万语都说不完...▼白俄罗斯的二战老兵Konstantin Pronin，坐在高尔基公园的长凳上。二战结束后的每一年5月9日，他都和当年的战友们相约来此聚会。终于，到了2011年的5月9日，他在这里坐了一整天，独自一个人。▼一对情侣吃完饭，走出店后看到两个流浪的小孩。心疼之下，就买了一份快餐给他们。没想到这个小男孩拿到食物后，第一件事就是喂妹妹吃。▼战后胜利日庆祝现场老兵发现当年的战友都不在了▼泰国小姐比赛冠军得奖后回家，向拾荒的母亲下跪感谢▼一位丈夫在他过世妻子墓碑上刻的字如果我的爱有治愈能力，你应该长生不死▼拾荒小孩的背影相同的年龄，不一样的童年▼当你觉得生活容易的时候一定有人在为你承担那份不容易▼潇洒走人间世人笑我太疯癫，我笑世人看不穿▼上半身是理想，下半身是现实▼废墟中的夜读者任何时候都不要放弃梦想▼独立寒风凌冽不觉苦大概书中自有黄金屋生活有很多面，有时它像童话般，让你没有忧虑，有时又十分可怕，充满无奈与心酸。但无论发生什么事，你的善良、温暖、等美好品质，依然会让这个世界变得更美好。]]></content>
  <author><![CDATA[散文小说家]]></author>
  <time>2018-10-15 08:00:00</time>
  <account><![CDATA[xiyinli168]]></account>
</data>
