<data>
  <id><![CDATA[50514366]]></id>
  <url><![CDATA[https://mp.weixin.qq.com/s?timestamp=1539596308&src=3&ver=1&signature=Egrj350GoKY8-KUcIJshb2eAWPohOh3grQ5m23OcLtMQtF8L6QjfEBHHHUNePuOhzLapWBvnUT08twJsBLtOZVtI-L1QYjwVRNpjTdjpobduNyKRbwxkNGgrBbCQYL6jTmo75tDtfvoj7mN4Rl5PEFfdfZF4dg8NNZTN9UkLwSs=]]></url>
  <title><![CDATA[励志晚安心语正能量精辟语录睡前]]></title>
  <content><![CDATA[1.关注后回复当天日期，如：1012 每日一句早安晚安2.关注我们，从早晨开始，一起坚持早起打卡01      心累了，听听音乐;郁闷了，跳跳舞蹈;伤心了，聊聊心情;失败了，从头再来;生活就该这么过，扫尽阴霾快乐来。虽然有时不如意，一切掌握靠自己，开心面对，做事不觉累。快乐自己，感染所有人。哭就畅快淋漓，雨后必现彩虹。笑就随心所欲，知足才会常乐。晚安~02      曾以为固守一份执着是种坚强，一种希望;以为只要长大了，就可以时刻微笑。可是，当自己不再轻易哭泣时，才知道，成长的痛，比想象中还要锋利。生命之中，你我所走过的每一个地方，每一个人，也许都将成为驿站、成为过客，一向喜欢追忆，喜欢去回顾，喜欢不忘记。晚安~03      没有谁的人生会一帆风顺，成长的过程总会磕磕碰碰。一路走过，我们可以痛，可以悲伤，可以大哭。但别沉溺悲伤太久，别纵容眼泪哭伤了双目。记得，一定要站起来，更坚强的面对人生。因为生活仍在继续，生命还未终结，只有内心强大的人才能更好的保护你想要保护的人。晚安~04      亲爱的，告诉你一个秘密。困难是上帝出的难题，虽然解题过程很麻烦，但只要不泄气有动力，保持信心和勇气，解出的结果会很容易。亲爱的朋友，别再为了失败忧愁了，增长实力才 是必须的!05      深陷痛楚，你一定会不停的告诉自己要坚强，要原地满血复活，要忘记所有过去，你恨不得一觉醒来便从新笑颜如花，朝气满满。可我想告诉你的是，有时候，那是偏执的坚强。生活有着太多的挑战，生活需要面对太多的精彩和坎坷；生活它只是一部戏，生活只是一句充满曲折离奇的人生哲理。晚安~06      碰到一点压力就把自己变成不堪重负的样子，碰到一点不确定性就把前途描摹成黯淡无光的样子，碰到一点不开心就把它搞得似乎是自己这辈子最黑暗的时候，大概都只是为了自己不去走而干脆放弃明天找的最拙劣的借口。晚安~07      一个人知道自己为什么而活，就能忍受任何生活。晚安!08      失败后，别忙着找理由，就算找出千万个，也于事无补；困难前，先试着想办法，哪怕只找到一个，就能解决问题。再绝望的处境，只要你不灰心，矢志不移地前行，你总会迎来光明。要知道，只要你不放弃，你脚下的路就在延伸；只要你不抗拒，你会让自己在岁月的长河里慢慢地洗涤并渐渐澄清。晚安~]]></content>
  <author><![CDATA[散文小说家]]></author>
  <time>2018-10-12 08:00:00</time>
  <account><![CDATA[xiyinli168]]></account>
</data>
