<data>
  <id><![CDATA[50514366]]></id>
  <url><![CDATA[https://mp.weixin.qq.com/s?timestamp=1539596308&src=3&ver=1&signature=Egrj350GoKY8-KUcIJshb2eAWPohOh3grQ5m23OcLtMQtF8L6QjfEBHHHUNePuOhzLapWBvnUT08twJsBLtOZVtI-L1QYjwVRNpjTdjpobf3q2zejtQ1Njg*muIiIJRyLBmFeA89h1i4pxlgJWZuEg3bpz8RWRo51BuMGFYvQaE=]]></url>
  <title><![CDATA[早安心语正能量励志句子早上好正能量激励语录]]></title>
  <content><![CDATA[1.关注后回复当天日期，如：1012 每日一句早安晚安2.关注我们，从早晨开始，一起坚持早起打卡1、每一个清晨，给自己一个微笑，告诉自己！不去在意别人的眼光与看法，自己过得好才是最重要的！保持阳光、积极、包容、感恩的态度，好运的正能量就每天跟着你！早安！2、会当凌绝顶，一览众山小，不是让你会读会背，而是告诉你比别人努力才能超越别人！3、全世界可能都低估了你的发展---但你绝对不能低估自己！当你拥有一个十年的目标，当你拿出你毕生的潜力，当你愿意改善所有的短板，当你释放出领导者的风范去建立团队，当你成为最懂得报恩的人，当你愿意持续的学习，当你决定这一生不白活，不要有任何的遗憾时？世界也会因为你看好自己而看好你！早安！！4、人间没有不弯的路，世上没有不谢的花。通往成功的路不会平坦宽阔，实现自已的梦想不会一帆风顺，人生不如意十有八九，但这些都是暂时的。花开花落，潮起潮落，一切都会有终结的。生命是一场耐心的角逐赛，只要你能坚持下去，即便道路再崎岖难行，前途也是一片光明；生命是一朵花，纵然会在寒冬凋谢，但只要你坚持下来，下一个春天必定会绽放得更加灿烂！早安！5、人，要有梦想，才能有前进的动力，如果没有梦想，那么你的人生就没有方向。梦想，是人生前行的指路灯；梦想，是对美好未来的憧憬；梦想，是成功后的满足。一辈子，总要为自己的梦想拼搏一次。把梦想亮出来，不要封存梦想，朝着你喜欢的方向前进，自己选择的路，跪着也要走完。早安！共勉！6、对自己狠一点，逼自己努力，再过几年你将会感谢今天发狠的自己、恨透今天懒惰自卑的自己。早安！7、每一份坚持都是成功的累积，只要相信自己，总会遇到惊喜，每一种生活都有各自得轨迹，记得相信自己，不要轻言放弃；每一个清晨都是希望的开始，记得鼓励自己，展现自信的魅力。人生的顶峰一定有你，美好一天从这一刻开始！早安！8、我们可以不必理会别人奢侈的掌声，但应在乎自己在胜利征途上迈出坚实的每一个脚印。早安！9、不管你的梦想是什么，只有带着淡然的态度，做好当前的事情，才能如愿以偿。只有到了未来，才知道今天做的事情有什么意义。无论你选择做什么，那都是你理想的未来。能抓住机遇的人，大都是不假思索就作出选择的人。不能实现梦想的人，都是想要一样东西，却不愿意为之付出足够的努力。早安！10、给自己设立一个目标，给自己未来一个明确的希望，给自己的生活一个方向灯。冲着这个方向而努力，不断去超越自己，提高自己的水平，不能让自己有懈怠的时候。]]></content>
  <author><![CDATA[散文小说家]]></author>
  <time>2018-10-12 08:00:00</time>
  <account><![CDATA[xiyinli168]]></account>
</data>
