<data>
  <id><![CDATA[50514366]]></id>
  <url><![CDATA[https://mp.weixin.qq.com/s?timestamp=1539596308&src=3&ver=1&signature=Egrj350GoKY8-KUcIJshb2eAWPohOh3grQ5m23OcLtMQtF8L6QjfEBHHHUNePuOhzLapWBvnUT08twJsBLtOZaN8GplICq3G7qJZaElMDWs7xDIOV-BWtPtTukJk5A-TyIJz517gZPW*BQo8Z4DAzvgtwTGO8jLG3vEIz*FzC3s=]]></url>
  <title><![CDATA[最美温馨晚安图片带字晚安励志语录正能量短句]]></title>
  <content><![CDATA[1.关注后回复当天日期，如：1008 每日一句早安晚安2.关注我们，从早晨开始，一起坚持早起打卡01      无论未来怎样，我们都不必抱怨我们的人生。有的人一生精彩不断，但更多人的一生都是充满了平平常常的小事。假如我们没有惊天动地的大事情可以做，那么就做一个平淡的小人物，就去给自己一个人的幸福。晚安~02      没有伞的孩子，必须努力奔跑!晚安~03      路程中，我热爱自己的那份感知，体会聆听鸟儿的欢叫声。我走出了那片森林，抱着这些回到这喧闹的城市，只想，心静，敏智——-致远，开启新的一段路程。晚安~04      没有辛勤的汗水，就没有成功的泪水;没有艰辛的付出，就没有丰硕的果实;没有刻苦的训练，就没有闪光的金牌。晚安!05      每颗珍珠原本都是一粒沙子，但并不是每一粒沙子都能成为一颗珍珠。想要卓尔不群，就要有鹤立鸡群的资本。忍受不了打击和挫折，承受不住忽视和平淡，就很难达到辉煌。年轻人要想让自己得到重用，取得成功，就必须把自己从一粒沙子变成一颗价值连城的珍珠。晚安~06      你要多去经历，使你更多方面的了解自己，人生就是个了解自己的过程。这个世界其实是公平的。有选择的机会就不应该轻言放弃，况且也狠不下心。过去就当醉了，醒来就继续吧！晚安!07      人生是愈取愈少，愈舍愈多，该当如何?少年时取其丰，壮年时取其实，老年时取其精。少年时舍其不能有，壮年时舍其不当有，老年时舍其不必有。晚安!08      没人会真正的感同身受到你的痛楚，也没人会真正的去在意你一路走来所遇过的坎与负过的伤，所以别再为了寻求安慰而四处同人诉说你的苦，因为旁人只看结果，也只关心结果。成长本就是一个孤立无援的过程，你必须得学会独当一面。晚安~]]></content>
  <author><![CDATA[散文小说家]]></author>
  <time>2018-10-08 08:00:00</time>
  <account><![CDATA[xiyinli168]]></account>
</data>
