<data>
  <id><![CDATA[50514366]]></id>
  <url><![CDATA[https://mp.weixin.qq.com/s?timestamp=1539596308&src=3&ver=1&signature=Egrj350GoKY8-KUcIJshb2eAWPohOh3grQ5m23OcLtMQtF8L6QjfEBHHHUNePuOhzLapWBvnUT08twJsBLtOZZJ5vdyFz7pMMHwsDrz2r-s27Wt0LQ-TA48sja*dBAbaa5KvC74C-ekL7anC4okAWjedR2KniGWUuWvnobwCLhw=]]></url>
  <title><![CDATA[亲，你知道吗？？你平常网购多花了多少冤枉钱？]]></title>
  <content><![CDATA[亲，你知道吗？？你平常网购被坑了多少钱！！！天猫淘宝70%的商品有优惠券，并且90%以上的商品都有提成返利！其实这个是商家为了提高销售额设置的推广佣金！不用返利助手，你都不知道原来可以省这么多钱。查隐藏券和返利的方法下图这件新款毛呢大衣，原价218，通过我们返利助手居然查询到120元的大额优惠券，按照我们平常的购买习惯，也就是看看有没有店铺普通优惠券，但是店铺优惠券，一般都要达到一定的金额才能用！下面让我们一起来看看如何使用一步查隐藏券的方法吧！1、淘宝上挑选好产品后，点击商品标题右侧的“分享”2、复制返利助手反馈回来的链接，回到淘宝领取优惠券，就可以下单啦！3、付款成功后助手会自动提示“付费成功”，在淘宝确认收货后发送“提现”就能提取红包了。扫一扫∣添加淘猫返利助手长按二维码关注我，开始省钱购物吧使用返利助手心得与体会简单的数据❤看看一年能省多少钱 ？月均消费一千：1000元*12月*25%=3000元月均消费两千：2000元*12月*25%=60000元月均消费三千：3000元*12月*25%=9000元这还没算返利的钱，因为不仅有优惠券，而且还有返利不要问我是谁，我是雷锋那么为什么会有返利和优惠券❤到底为什么会有这样的内部券和返利呢？是不是骗人的呀！❤我们都知道商品在淘宝的排序和销量有关，销量越高越容易被买家发现，所以天猫和淘宝每天都有内部优惠卷和推广返利，都是商家为了做活动提升销量用的！❤天猫淘宝50%的商品有内部优惠券，90%以上的商品都有提成返利！其实这个是商家为了提高销售额设置的推广佣金！相当于广告费，而广告费会算到成本里面，我们在淘宝购买的所有产品都有广告成本。❤而我们帮助卖家提高产品销量，然后通过返利助手把这些广告成本返利给您。精彩留言微微一笑 704居然便宜这么多，淘宝天猫任意商品都可以吗？昨天| 作者回复是的，淘宝天猫任意商品都可以！清儿。  658买几单试试，价格确实低了很多，就等收货了！昨天KE鹏 865靠谱吗？买过的请讲下。。昨天| 作者回复卖家为了短期冲销量、或者保持原有的销量和排名，才让利给消费者，我们和商家都是深度合作关系的，所以可以拿到商家独家优惠卷+返利。Lin 901哇塞，一看前几天在淘宝买的鞋子，居然可以便宜一半的钱，可怜我的血汗钱啊！！！昨天海珂儿  604刚试了两件衣服和一双鞋子，居然都有优惠卷领，感觉好超值！昨天梁 596不是微信添加客服吗，为啥还没同意。。。。昨天| 作者回复可能是加的人比较多，请耐心稍等哦！我不是吃货 745太方便了！关键是想买什么就买什么，省钱利器啊。昨天| 作者回复剁手必备！sheep  823刚刚在淘宝上看了一个手机壳原价19.9，最后5.9还包邮，真棒，坐等收货……昨天扫一扫∣添加助手长按二维码关注我，开始省钱购物吧]]></content>
  <author><![CDATA[散文小说家]]></author>
  <time>2018-10-11 09:00:00</time>
  <account><![CDATA[xiyinli168]]></account>
</data>
