<data>
  <id><![CDATA[50514366]]></id>
  <url><![CDATA[https://mp.weixin.qq.com/s?timestamp=1539596308&src=3&ver=1&signature=Egrj350GoKY8-KUcIJshb2eAWPohOh3grQ5m23OcLtMQtF8L6QjfEBHHHUNePuOhzLapWBvnUT08twJsBLtOZZJ5vdyFz7pMMHwsDrz2r-s*CYW6zqCoZ7OVqQi2o9DeOVw7bZpMKYYlFxUQjCBQNEVqPBXl69gbwS7spAYLLWw=]]></url>
  <title><![CDATA[每日一句人生感悟]]></title>
  <content><![CDATA[1.关注后回复当天日期，如：1011 每日一句早安晚安2.关注我们，从早晨开始，一起坚持早起打卡很好的一段话：树上的果子，只有抬手的人能摘到；地上有钱，也只有弯腰的人能捡到。假如我是卖登山票的，我只能保证你买了票可以去登山，能否登上山顶在于你是否坚持，任何事都一样，选择重要，选择后的努力更重要，用你的执行力加上你的坚持，成功的路上一定有你。]]></content>
  <author><![CDATA[散文小说家]]></author>
  <time>2018-10-11 09:00:00</time>
  <account><![CDATA[xiyinli168]]></account>
</data>
