<data>
  <id><![CDATA[50514366]]></id>
  <url><![CDATA[https://mp.weixin.qq.com/s?timestamp=1539596308&src=3&ver=1&signature=Egrj350GoKY8-KUcIJshb2eAWPohOh3grQ5m23OcLtMQtF8L6QjfEBHHHUNePuOhzLapWBvnUT08twJsBLtOZVtI-L1QYjwVRNpjTdjpobdt08I40*1XuN8*rIau5BHQ53aCM1cthyfqXQ*bX*JVKYpvVBRO9xlPd7yYsX-QCE0=]]></url>
  <title><![CDATA[发个笑话乐一乐，太搞笑了！不信你不笑！]]></title>
  <content><![CDATA[1.关注后回复当天日期，如：1012 每日一句早安晚安2.关注我们，从早晨开始，一起坚持早起打卡（一）公交车上听见几个大妈说生二胎的事，一个大妈说：“必须得生二胎，你看大郎，如果没有武松，谁给他报仇啊！”还是大妈深谋远虑呀！（二）上课时，老师说：“家里养宠物的小朋友请举手。”小明回答：“我爸爸的宠物最厉害了！听妈妈说，爸爸在外面养了一只狐狸精，我还没见过呢。我还发现我爸打电话时，总说家里有只母老虎，我总找不着，问爷爷，他只是叹了口气说：“不止一只啊……”老师当场晕倒！全班同学全部笑翻。生活不易，日子还要继续，记得给自己减压哦！（三）在一个偏僻的小道上，一个强盗枪截住一个吝啬鬼问道：“想活命就拿100块！”吝啬鬼：“50块吧，我现在已经吓得半死了。”强盗顿时晕倒……（四）某医生在家接到同事电话：打麻将，三缺一！医生说：我马上来！妻子在旁边问：情况严重吗？医生严肃地说：很严重，已有三位医生在那了……（五）老公问老婆：你喜欢什么花？老婆羞答答道：“我喜欢两种花。”老公急切地问：“哪两种？我送给你。”老婆小声地说：“有钱花，随便花。”老公傻傻地说：“你真美。”老婆说：“我哪美。”老公深情地说：“想的美……。”（六）怀了二胎，宝宝在肚子里动得很厉害。晚上，宝宝又在肚子里拳打脚踢，我睡不着，忍不住嘀咕道：“这孩子在里面干吗呢？一直没停。”老公来了句：“住二手房，忙着装修呢！”（七）今天在银行看到一幕：大厅内放着一张桌子，上面摆着几样贡品。旁边有个穿黄色道袍的道士手拿木剑来回念念有词……我就问旁边人：“怎么回事？”那人回答说：“人死了，存折密码不知道，银行非要本人来……”（八）余某请几个同学去常吃饭的酒店。饭店老板问：“今天老婆没来？”一女同学拍桌子吼道：“老娘就是他老婆！你说的那个女人是谁？”老板慌忙出去了。全桌人爆笑，这男尴尬问她干嘛开这种玩笑，女同学说：“你就等着打折吧。”吃完饭去结帐，老板抱歉地说：“真不知道之前你带的是情人，跟嫂子说我认错人了，这顿饭我请客，实在对不起！启示：不按常理出牌，就会收到意外的惊喜！哈哈哈，真是太好笑了，别忘了送给朋友们乐一乐，生活不易，日子还要继续，记得给自己减压哦。]]></content>
  <author><![CDATA[散文小说家]]></author>
  <time>2018-10-12 08:00:00</time>
  <account><![CDATA[xiyinli168]]></account>
</data>
