<data>
  <id><![CDATA[50514366]]></id>
  <url><![CDATA[https://mp.weixin.qq.com/s?timestamp=1539596308&src=3&ver=1&signature=Egrj350GoKY8-KUcIJshb2eAWPohOh3grQ5m23OcLtMQtF8L6QjfEBHHHUNePuOhzLapWBvnUT08twJsBLtOZauyy5Y-VOpkaQASpHb2hhYBg6fGHyaSi8VOxhS3tn6QXevGXJCmFobsbzQg*z-CrcISfB1trOd6WJKQg5gdCy0=]]></url>
  <title><![CDATA[早安正能量激励人心的励志语录句句都很精辟]]></title>
  <content><![CDATA[1.关注后回复当天日期，如：1014 每日一句早安晚安2.关注我们，从早晨开始，一起坚持早起打卡每一天都是奋斗的起点，是全新的开始，并非煎熬的开端，是憧憬的绽放，是热情的飞扬，并非平庸的再现，是精彩的孕育，是希望的放飞，并非孤独的前行，愿周一的你，拥有一份平和的心态，朝着理想的方向努力~亲们，大家早上好！富贵险中求是指“富贵常常能和风险联系在一起。表示一个人越富贵，他的经历也就越波折，承受的压力和责任心也很强，富贵没有标准。每个人都想拥有心中的那个“富贵”，但是拥有富贵的前提是要用代价换来的。所以，我们不必羡慕那些有钱人，他们的压力都很大。生活，在喜怒哀乐间走走停停，不知道会遇见什么，只知道阳光这么好，别辜负了今天！新的一天，早安！受得了多大的委屈，就能成就多大的事；受得了多大的诋毁，就能承受得住多大的赞美。新的一天～宝宝们早安！每个人都有梦想，或大或小。在追逐梦想的路上，我们总会遇见艰难和困扰，只要我们的脚步不停留，胜利就是比谁坚持的久。只要你不颓废，不消极，一直悄悄酝酿着乐观，培养着豁达，坚持着善良，只要在路上，就没有到达不了的远方！～亲们，大家早上好！为了梦想，为了明天，为了更好的活下去，我们必须要努力去奋斗，坚持就是胜利，早安！我们都会遇到这样孤独无助的时刻。挺过去了，眼前便是海阔天空；放弃了，身后可能就是万丈悬崖。始终相信，生活中每一个孤独无助的时刻，并不是为了打倒我们，而是要让我们学会更加坚强地面对人生。它们的存在，会给予我们很多东西，比如坚韧，比如果敢，比如独立。人生从来不是规划出来的，而是一步步走出来的。找到自己喜欢的事，每天做那么一点点，时间一长，你就会看到自己的成长。早安！[太阳][太阳]有一种底气，叫做你能行！有一种豪气，叫做你可以！有一种霸气，叫做你最棒！不要总是瞻前顾后，想做的事，就大胆地做。别迟缓了想做的事，有的事纯属机缘，只有迈出脚下那一步，人生才会与众不同！早安！人生没有一帆风顺的，都要经历一些挫折和失败。挫折和失败并不可怕。可怕的是因为挫折和失败而放弃对成功的追求。只有那些把挫折和失败当动因并能从中学到一些东西的人，才会接近成功。早安！]]></content>
  <author><![CDATA[散文小说家]]></author>
  <time>2018-10-14 08:00:00</time>
  <account><![CDATA[xiyinli168]]></account>
</data>
