<data>
  <id><![CDATA[50514366]]></id>
  <url><![CDATA[https://mp.weixin.qq.com/s?timestamp=1539596308&src=3&ver=1&signature=Egrj350GoKY8-KUcIJshb2eAWPohOh3grQ5m23OcLtMQtF8L6QjfEBHHHUNePuOhzLapWBvnUT08twJsBLtOZcAXT-40eDxP*P6HLH9zRrEJh7BvzVkfscEeeka2bVhIJqvbComeLwZTIQ67Z-4Jf*0O*py3sNWhaUNEs7Om6cY=]]></url>
  <title><![CDATA[十ー长假，看看摄影师拍的照片，看完不许笑]]></title>
  <content><![CDATA[1.关注后回复当天日期，如：1006 每日一句早安晚安2.关注我们，从早晨开始，一起坚持早起打卡生活不止眼前的苟且，还有诗和远方的田野。人活一世，身体和灵魂总有一个要在路上，世界那么大，必须去看看！必须的！可 是……☟听说西湖之美欲比西子，还有那暖风熏得人醉：醉倒是醉了，不过不是被西湖的暖风熏得，是被汗熏得：这是在湖边想坐一下的时候西湖附近的街道是这样过个马路是这样这是西湖附近的商业街果然酸爽（动图）这些兄弟姐妹们此刻啥心情呢然后是北京：不到长城非好汉，到了长城挤成狗（动图）这组图是天安门真的猛士，敢于放假的时候去上海外滩这个是上海南京路一带（动图）这是泰山，那么多穿军大衣的，还以为丐帮围攻光明顶呢想看个演出是这样古镇西塘古镇周庄，你以为买了票就能进了嘛？太天真了！青岛栈桥旁边的海滩...重庆磁器口，不要急，大家慢慢挪这是广州白云山看这架势，国内是玩儿不了了，还是出国看看。世界上最大的庙宇——吴哥窟泰姬陵埃及金字塔加拿大卡皮拉诺吊桥公园美国亚利桑那州，羚羊峡谷希腊的圣托里尼岛，童话里都是骗人的意大利的西班牙大台阶，台阶总共135阶法国卢浮宫里看看展览英国的史前巨石阵，意不意外？惊不惊喜？...................怎么办？我也很绝望啊！在家可以的，这很合理：世界那么大，风景那么美钱包那么小，人又那么多横批：在 家 睡 觉]]></content>
  <author><![CDATA[散文小说家]]></author>
  <time>2018-10-06 08:00:00</time>
  <account><![CDATA[xiyinli168]]></account>
</data>
