<data>
  <id><![CDATA[50514366]]></id>
  <url><![CDATA[https://mp.weixin.qq.com/s?timestamp=1539596308&src=3&ver=1&signature=Egrj350GoKY8-KUcIJshb2eAWPohOh3grQ5m23OcLtMQtF8L6QjfEBHHHUNePuOhzLapWBvnUT08twJsBLtOZVtI-L1QYjwVRNpjTdjpobfuAUgF-QsxxlPWaD2v6ocC*cIIn4fYL-OhKn7x3Mh41eLj8w5wiLaSd0X1cu7Xirg=]]></url>
  <title><![CDATA[傻才幸福，聪明太累]]></title>
  <content><![CDATA[1.关注后回复当天日期，如：1012 每日一句早安晚安2.关注我们，从早晨开始，一起坚持早起打卡做人呐，傻一点才幸福，太聪明会很累！想得太多，容易情绪郁结；在乎太多，常会敏感多疑；纠结太多，容易导致焦虑崩溃；正所谓“傻人有傻福”。傻一点，不是智商低下，不是笨头笨脑，而是对人生的一份大悟，一份坦然。机遇来了，用力争取，得不到的东西，懂得一笑而过；等不到的感情，也能尽早脱离。这样傻里傻气过活的人，心胸更开阔，更容易满足，心情也更快乐！做人呐，傻一点真挺好的，太计较会很累！那些爱贪小便宜的人，不妨让他三分；那些好面子的人，不妨多夸他几句；那些虚伪爱奉承的人，就默默远离；傻一点，不是看不穿，而是不说破；不是伤不透，而是懒得理；那些傻一点的人，往往更懂包容，更知感恩！幸福其实很简单，懂得适时退让，有些人看不惯，就不理会；有些理说不清，就不解释；有些心都不懂，就不深究。不争是一种智慧，更是一种慈悲，放过自己，也放过别人！做人傻一点，其实一点都不亏。不向家人索要太多，家庭才能和睦；不和爱人争执太多，感情才能幸福；不跟朋友斤斤计较，友情才能牢固；从今天起，一起做一个傻一点的人吧：不追逐太多，不计较太多。常怀感恩之心，珍惜当下，感谢所有相遇与别离！从现在起，做一个傻一点的人：烦心的事先放一放，玩心计的人先避一避，你只要，用心守护自己的快乐就好！]]></content>
  <author><![CDATA[散文小说家]]></author>
  <time>2018-10-12 08:00:00</time>
  <account><![CDATA[xiyinli168]]></account>
</data>
