<data>
  <id><![CDATA[50514366]]></id>
  <url><![CDATA[https://mp.weixin.qq.com/s?timestamp=1539596308&src=3&ver=1&signature=Egrj350GoKY8-KUcIJshb2eAWPohOh3grQ5m23OcLtMQtF8L6QjfEBHHHUNePuOhzLapWBvnUT08twJsBLtOZVtI-L1QYjwVRNpjTdjpobezrXpZHiCPo7f64OpNWmCQqPQ5cq8R2GIOl24DAmIuU-rPVx1w*dL19ukIi4BUKJ4=]]></url>
  <title><![CDATA[每日一句人生感悟]]></title>
  <content><![CDATA[1.关注后回复当天日期，如：1012 每日一句早安晚安2.关注我们，从早晨开始，一起坚持早起打卡生活就是这样，无论你做什么总有人指指点点，所以不要为了讨好任何人，而失去自己的本性。再优秀，也得碰上识货的人；再真诚，也得赶上有心的人；再谦让，也得面对珍惜的人。你所知道的不要全说，你所看到的不要全信。短暂人生，只为己活！]]></content>
  <author><![CDATA[散文小说家]]></author>
  <time>2018-10-12 08:00:00</time>
  <account><![CDATA[xiyinli168]]></account>
</data>
