<data>
  <id><![CDATA[50514366]]></id>
  <url><![CDATA[http://mp.weixin.qq.com/s?__biz=MzA4OTE1NjYyNA==&mid=2651841905&idx=6&sn=9a0535b1c2ffa26fcd5541fdc3c636ba&chksm=8be4780ebc93f118048837f5b4d8908890251016c7d25e02d90d83a9b1a4e9bcc7e813cf4e35&scene=27#wechat_redirect]]></url>
  <title><![CDATA[一生很短，别为难自己]]></title>
  <content><![CDATA[1.关注后回复当天日期，如：1007 每日一句早安晚安2.关注我们，从早晨开始，一起坚持早起打卡一生省着，攒着，无论多抠，钱还是没存够。一生拼着，累着，无论多苦，事还是没办完。一生忍着，怕着，无论多小心，人还是得罪不少。一生摸索着，感悟着，无论多聪明，亏还是没少吃。智者千虑，必有一失；愚者千虑，必有一得。没有完十全十美的人生，也没有一无是处的人生。人生得意须尽欢，莫使金樽空对月。一生很短，别为难自己（句句在理）有人抨击这是典型的享乐主义，不思进取，自甘堕落。可惜他们忘了下一句，天生我材必有用，千金散尽还复来。不必理会，淡然面对。听了这么多道理，依然过不好这一生；喝了那么多心灵鸡汤，依然饥肠辘辘。因为这个世上，唯一可以帮助你走出泥潭的人就是你自己。一生很短，没必要和生活斤斤计较，有些事弄不懂，就不去懂；有些人猜不透，就不去猜；有些理儿想不通，就不去想。把不愉快的过往，在无人的角落，折叠收藏。告诉自己；你可以不完美，但一定要真实；你可以不富有，但一定要快乐！你忧愁还是快乐，完全取决自己。你若放不下，想不开，看不透，忘不了，那么烦恼就像幽灵般的缠绕着你。反之，快乐就像精灵般的拥簇着你。人这一生，90%的痛苦和烦恼和金钱息息相关，却不知，90%的幸福和快乐和金钱毫无关系。不要嫉妒，不要攀比，那样只会令你陷入无休无止的痛苦深渊。人们嫉妒得往往是熟人的成功，而非陌生人。是啊，相比之下，马云、李嘉诚们岂不更值得我们嫉妒？有些东西，得之我幸，失之我命，不必强求。世界不会理会你的抱怨和痛苦，天还是天，地还是地。爱恨也好，悲喜也罢，生活还得继续。一生真的很短，转瞬即逝，不要等老去，死去，才大彻大悟。一生真的很短，别为难自己。]]></content>
  <author><![CDATA[散文小说家]]></author>
  <time>2018-10-07 00:00:00</time>
  <account><![CDATA[xiyinli168]]></account>
</data>
