<data>
  <id><![CDATA[50514366]]></id>
  <url><![CDATA[https://mp.weixin.qq.com/s?timestamp=1539596308&src=3&ver=1&signature=Egrj350GoKY8-KUcIJshb2eAWPohOh3grQ5m23OcLtMQtF8L6QjfEBHHHUNePuOhzLapWBvnUT08twJsBLtOZba76Rf9nGoHNDl0DMWsmJWLzcLo5Tz2r5ZTz0aIe8AlKMLb3Kek00-buh5FLtRUG3uacYSvGModEK6JufPWkNo=]]></url>
  <title><![CDATA[秋天喝蜂蜜的好处这么多？后悔知道的太晚了!]]></title>
  <content><![CDATA[“朝朝盐水，晚晚蜜糖”是秋季饮食养生之道秋季天氣非常干燥身体很容易缺水而蜂蜜是具有滋养身体的作用能够滋养润肺在秋日的早晨喝一杯温的蜂蜜水对于身体非常有好处但如今的蜂蜜市场可是鱼龍混杂真假蜂蜜参差不齐买到甜蜜素、色素、香精勾兑的蜂蜜或者是加了明矾的假蜂蜜损失钱事小，对身体伤害事大细思极恐！小编想想就觉得恐怖甚至有点想放弃吃蜂蜜了不过看到小编这么想要吃蜂蜜身边朋友给推荐了一款“土”的不能再“土”的纯土蜂蜜是的来自大山深处的纯土蜂蜜他叫祝永东因爲三代养蜂也有人叫他养蜂哥其实养蜂哥原本不养蜂在驻港部队当了5年兵退役后在一家国企上班（已经四十多岁的祝永东，看起来好像才刚刚三十，这和他每天吃自家的土蜂蜜有关）关于蜜蜂和蜂蜜的記忆自打記事以来就永远烙印在祝永东的脑海里从小生活在大山中伴随他长大的是漫山遍野的野花和纯正的土蜂蜜童年的蜂蜜是香甜的很多人說現在真蜜难遇这点长大后的祝永东也是深有体会每次到商场超市他看着琳琅满目的蜂蜜产品多是白糖蜜和熬制过的蜂蜜寻不到記忆里那份醇厚的香甜蜂农们脸上的愁容也时刻浮現心间更有一些不良商贩由于利益的驱使使用各类食品添加剂进行合成让他十分心寒和心痛退伍后在国企上班的他毅然决定回到老家继续养蜂希望通过自己的努力把山里的蜂蜜卖出去进山的小路崎岖难走，厚厚的落叶下分不清哪里是能走的路伴着泥土的清香昆虫鸟鸣、清新的空氣路途的疲累也少了许多做蜂蜜也是靠天吃饭下雨刮风顾不得自己都得先保住蜜蜂爲了把纯正的蜂蜜分享给更多人这些苦都不在话下自始至终祝永东都将诚信爲本作爲自己做人的首要原则做蜂蜜也是一樣所以卖了这么多年蜂蜜他依然坚持本心遵循古法养蜂把蜂箱放山里让土蜂自己筑巢自己酿蜜等到风干再打开蜂箱在他看来每一滴蜂蜜都是大自然的馈赠一只蜜蜂穷其一生也只能爲人类提供0.6克的蜂蜜花因蜜而养，蜜因花而生有花有蜜才有蜂蜜3000多米海拔的深山里有着近5000种纯野生稀有植被植被覆盖率高还有党参、三七、田七等野生中药材是“天然药库”作为世界三大蜜源地之一药材花居多秦岭土蜂蜜闻着有淡淡药香堪称“蜜中精品” “蜜中之王”养蜂哥的一个蜂群一年才产十几斤一年取蜜一两次这样的蜜浓度高，拉丝不断结晶后形如猪油，甜而不腻收蜜时直接把蜂巢割下来放在滤网里过滤，无任何添加美波度达到42及以上这样的蜜营养是普通蜂蜜的十多倍祝永东的父母文化虽然不高但都是善良淳朴的人一直教育他做人一定要有良心有诚信为了保证自己产品的质量每一批都会抽样送去检测在养蜂哥眼中蜂蜜是宝贵的营养品值得为它花费心思听起来难以置信但这种习惯已延续了数年这些年祝永东每天都会去山上查看蜜蜂状态风雨无阻万一刮风下大暴雨蜜蜂们会死伤很多一天不看心里就不踏实酿一座山的味道，送给最爱的人或许我们看到这只是一瓶不错的蜂蜜但是其中包含的真诚和用心我们也希望能看到献给我们的所爱享受更加甜蜜的生活境界这是一个非常不错的选择！在原始自然的森林里酿造着真正的土蜂蜜一切都是纯天然的很少有人愿意花一年、一个月甚至一周的时间去慢慢做一件事而且还是在深山中可是蜂哥却日复一日的去做这一件事亲手酿出甜甜的蜜蜂哥每天在朋友圈更新蜂蜜的小知识想喝到纯正的秦岭土蜂蜜想鉴别自己买的蜂蜜真假不妨加他的微信↓↓↓蜂蜜的营养你有get吗？小朋友挑食，肠胃承受能力差可以泡一杯甜甜的蜂蜜水果茶给他们老年朋友喝土蜂蜜有助睡眠、降压长期坚持体质都增强不少呢纯天然土蜂蜜甜香浓郁直接抹面包或者拌沙拉也很好吃土蜂蜜一直都是每个家庭必不可少的因为它不仅能润肠通便还能美容养颜用土蜂蜜与纯净水做成面膜敷脸坚持半年会发现皮肤越来越白嫩毛孔都细了很多因为土蜂蜜中含有葡萄糖、果糖多种维生素、氨基酸和抗氧化物质是纯天然又温和的护肤品安全又放心！看完这些有没有一种马上来杯蜂蜜水的冲动~现在下单送福音草平利绞股蓝一袋]]></content>
  <author><![CDATA[散文小说家]]></author>
  <time>2018-10-13 08:00:00</time>
  <account><![CDATA[xiyinli168]]></account>
</data>
