<data>
  <id><![CDATA[50514366]]></id>
  <url><![CDATA[https://mp.weixin.qq.com/s?timestamp=1539596308&src=3&ver=1&signature=Egrj350GoKY8-KUcIJshb2eAWPohOh3grQ5m23OcLtMQtF8L6QjfEBHHHUNePuOhzLapWBvnUT08twJsBLtOZcAXT-40eDxP*P6HLH9zRrFEMhhOHxe4HvcHEVTlplfjOfF*mT7iFO7EgO2TcOoZe4u3a7tRLYncB5IKTddkZM8=]]></url>
  <title><![CDATA[你，理解我吗]]></title>
  <content><![CDATA[1.关注后回复当天日期，如：1006 每日一句早安晚安2.关注我们，从早晨开始，一起坚持早起打卡相识是一种缘分，你说了，我就懂了。相知是一种默契，你不说，我也懂了。相惜是一种心安，你说与不说，我都摸透了!每个人都渴望理解，但生活中还存在着那么的不解与误解。你纠结，你委屈，你难过，最后到无语沉默；你无处排解，你无人可说，你无处诉说，最终到无话可说。理解是什么？一个眼神，一个拥抱，一次握紧，一句话，一杯酒，还是一杯茶，其实都不是。理解，是人与人的包容与尊重；是一辈子的谅解和牵挂。一个生命有时候需要的并不多，期望有个情投意合，知冷知热的人，让心灵不再颠簸，不再干涸，仅此而已。在看透自己的人身边，我们会彻底摘下面具。哭不用憋屈，笑不用压抑，说无所顾忌，聊畅快淋漓。在理解自己的人面前，我们会完全卸下伪装。扛不住了就投降，受不了了就悲伤，憋不住了就释放。谁的心都不是冷了，都渴望温暖；谁的灵魂都是孤单的，都希望陪伴。隐忍的泪水若有了出口，想必流出来也不那么咸了；暗藏的苦衷若有人能懂，于生命而言便是最奢侈的幸福。一个理解你的人，能读懂你的人。那百毒不侵的内心，往往会被一句简单的安慰打败；那刀枪不入的心灵，常常在懂你人的面前心门打开。一个无声的拥抱，对一颗冷漠的心来说，就是雪中送炭，原来：有个理解自己的人，就是幸福！]]></content>
  <author><![CDATA[散文小说家]]></author>
  <time>2018-10-06 08:00:00</time>
  <account><![CDATA[xiyinli168]]></account>
</data>
