<data>
  <id><![CDATA[50514366]]></id>
  <url><![CDATA[https://mp.weixin.qq.com/s?timestamp=1539596308&src=3&ver=1&signature=Egrj350GoKY8-KUcIJshb2eAWPohOh3grQ5m23OcLtMQtF8L6QjfEBHHHUNePuOhzLapWBvnUT08twJsBLtOZbvWMwLkrKpIGOWUgcHHclmOkb6XSBD3jAKi5gZYIl6nmz3be8i8NxrVZumJaavY9fN5YV9iwWXXZdAbNY1fYco=]]></url>
  <title><![CDATA[最美朋友圈晚安心语正能量语句]]></title>
  <content><![CDATA[1.关注后回复当天日期，如：1015 每日一句早安晚安2.关注我们，从早晨开始，一起坚持早起打卡01      学会自己欣赏自己，每天送给自己一脸微笑，又何愁没有人生的快乐。人生，总会有不期而遇的温暖，和生生不息的希望。把自己从过去解放出来，前进的唯一方法是别往后看。晚安!02      这世上总有那么一些人，智商不高，却总是傻傻地努力，笨笨地坚持。现实从不偏爱这样的笨小孩，但因为他们总锲而不舍敲门，成功也就不得不把大门敞开。晚安!03      我们要怀有一种健康而活泼的心情，善待自己的生命!要用自己的热情去呵护，去浇灌自己的生命!要用坚强的信念告慰自己，即使生活的道路困难重重，也要微笑面对，从容走过。晚安!04      我未曾见过一个早起勤奋谨慎诚实的人抱怨命运不好；良好的品格，优良的习惯，坚强的意志，是不会被假设所谓的命运击败的。晚安!05      人有了信念，便会将行动力量集中一个方向，更可能有一些或很多追随者，因为大部分人心都浮荡不安，所以有信念的人容易成功。但有信念的人也容易变成偏执，因为世道本来便多变易变，坚持反成祸害，偏执的信念极难扑灭。晚安!06      放下你的浮躁，放下你的懒惰，放下你的三分钟热度，放空你禁不住诱惑的大脑，放开你容易被任何事物吸引的眼睛，放淡你什么都想聊两句八卦的嘴巴，静下心来做你该做的事，该好好努力了！有时候真的努力后，你会发现自己要比想象的优秀很多。记住一句话，越努力，越幸运。晚安!07      人生就象弈棋，一步失误，全盘皆输，这是令人悲哀之事;而且人生还不如弈棋，不可能再来一局，也不能悔棋。晚安!08      如果感到此时的自己很辛苦，告诉自己：容易走的都是下坡路。坚持住，因为你正在走上坡路，你就一定会有进步。如果，你正在埋怨命运不眷顾，开导自己：命是失败者的借口;运是成功者的谦词。命运从来都是掌握在自己的手中，埋怨只是一种懦弱的表现;努力，才是人生的态度。晚安~]]></content>
  <author><![CDATA[散文小说家]]></author>
  <time>2018-10-15 08:00:00</time>
  <account><![CDATA[xiyinli168]]></account>
</data>
