<data>
  <id><![CDATA[50514366]]></id>
  <url><![CDATA[https://mp.weixin.qq.com/s?timestamp=1539596308&src=3&ver=1&signature=Egrj350GoKY8-KUcIJshb2eAWPohOh3grQ5m23OcLtMQtF8L6QjfEBHHHUNePuOhzLapWBvnUT08twJsBLtOZba76Rf9nGoHNDl0DMWsmJUVX0qQYxNu97GbknXsODptgSMHtnHQbwAme3wQOOV0g*exLLtgB6nvTKyBd7jc**4=]]></url>
  <title><![CDATA[每日一句人生感悟]]></title>
  <content><![CDATA[1.关注后回复当天日期，如：1013 每日一句早安晚安2.关注我们，从早晨开始，一起坚持早起打卡生活里没有“容易”二字。可能你一时犯了懒，觉得舒服惬意，久了你就会发现，偷懒只会让你越来越累；也许你此刻怕麻烦，不愿走出舒适区，等到麻烦找上门来，你只能手忙脚乱。多一些当下的付出，将来就会少很多无谓的麻烦…………]]></content>
  <author><![CDATA[散文小说家]]></author>
  <time>2018-10-13 08:00:00</time>
  <account><![CDATA[xiyinli168]]></account>
</data>
