<data>
  <id><![CDATA[50514366]]></id>
  <url><![CDATA[https://mp.weixin.qq.com/s?timestamp=1539596308&src=3&ver=1&signature=Egrj350GoKY8-KUcIJshb2eAWPohOh3grQ5m23OcLtMQtF8L6QjfEBHHHUNePuOhzLapWBvnUT08twJsBLtOZQWfJppPpsbWajsgtmB5OwIt1pZMn-rOpvJAV81A*hc6JcITvwZ6z1Pp2jhB65zO1pvlXHqOz3S65NPeCmwuD0Q=]]></url>
  <title><![CDATA[早安问候正能量语录的句子早安图片大全]]></title>
  <content><![CDATA[1.关注后回复当天日期，如：1010 每日一句早安晚安2.关注我们，从早晨开始，一起坚持早起打卡你透支了体力，休息休息总会恢复！你透支了金钱，开源节流总会盈余！可是你透支了信誉，费再大体力，用去再多的金钱都换不会别人对你的信任！生活的模样很残酷，再苦再累，你都不能放弃，因为无路可退，进一步或许你会看到一方的壮阔苍旻；退一步或许你会万劫不复。你无法选择出生，但你可以选择奋发向上，用自己的辛劳和汗水去创造属于自己的人生，努力让自己过上自己想要过得生活。早安~ 共勉!历经生活的过程和匆忙，恪守内心的恬淡，许多过往都成回忆，但不能沉淀成悲伤，向前的路上有向前的风景，恪守内心的沉稳与安静，就算独自凭栏，那也是一种品味，而不是感伤，活出人生的从容淡定恬淡释然，也可以理解为风风雨雨之后的顺其自然，照顾好自己的心地，走过这淡淡流年。早安!你终会明白，谁是虚情假意，谁是真心爱你，谁会为你不顾一切。所要的爱情所要的幸福，都只是一天天平淡日子里的执手相看；只是一天天时光流逝中的快乐相随；只是一天天简单地问候；只是相处时温暖的关怀；只是在那一天，我们走进婚姻时的美丽瞬间。向前走，就不必为了某些的人的说三道四而瞻前顾后，否则纵使你好人做尽也不一定落好。 你唯有勇往直前，以成功赢得尊重。 这是一个强者的世界，人们不会听你说什么，而只看你做成了什么。 不解释，往前走就是了。早安~朋友，人生之路并非只有坦途，也有不少崎岖与坎坷，甚至会有一时难以跨越的沟坎儿。在这样的紧要关头我们只有一种选择：再向前跨出一步!尽管可能非常艰难，但请相信：只要坚持下去，你的人生会无比绚丽!早安！我们要怀有一种健康而活泼的心情，善待自己的生命!要用自己的热情去呵护，去浇灌自己的生命!要用坚强的信念告慰自己，即使生活的道路困难重重，也要微笑面对，从容走过。早安！既然人生的幕布已经拉开，就一定要积极的演出;既然脚步已经跨出，风雨坎坷也不能退步;既然我已把希望播在这里，就一定要坚持到胜利的谢幕…每个生命，唯有通过接纳自己，与自己携手共进，越来越好，而永远无法超越自己。因为，没有任何人可以脱离自己，独自上路。所有的存在，都是建立在自己与自己关系和谐存在的基础之上。坚强的人，并不是能应对一切，而是能忽视所有的伤害。总有些事，管你愿不愿意，它都要发生，你只能接受;总有些东西，管你躲不躲避，它都要来临，你只能面对。早安]]></content>
  <author><![CDATA[散文小说家]]></author>
  <time>2018-10-10 08:00:00</time>
  <account><![CDATA[xiyinli168]]></account>
</data>
