<data>
  <id><![CDATA[50514366]]></id>
  <url><![CDATA[https://mp.weixin.qq.com/s?timestamp=1539596308&src=3&ver=1&signature=Egrj350GoKY8-KUcIJshb2eAWPohOh3grQ5m23OcLtMQtF8L6QjfEBHHHUNePuOhzLapWBvnUT08twJsBLtOZVtI-L1QYjwVRNpjTdjpobfWQ9fNdFnjP0JDJgf31nnQAY6UKA-Xrps71WkyN4ntAEPQsEJ*jv77ALw2zbSUGmQ=]]></url>
  <title><![CDATA[生男奖励10万，生女就离婚]]></title>
  <content><![CDATA[第1话故事開始，萬人迷女主雍女在河边洗衣服而雍女的闺蜜优若向贵族少爷介绍雍女的一切雍女面貌极其高贵，虽然生活清苦但身材超好，身边经常有陌生男子尾随但雍女真正出名的原因却不在于身材15岁时嫁人,因为容貌不逊于当时出身名门的少女,既可爱又美麗在她与新郎的初夜时，同村的人在门口偷看發現那新郎一遇到雍女突然直不起来了一開始，众人认为是雍女出了问题因此，第二次家里人给她挑了强壮的男人二郎门口照样一群人在偷看第2话却發現二郎同样直不起来雍女在房间暗自伤心，感觉无脸待在村里，独自一人收拾行李去到别的村庄-例月村在新的村庄里，重新找了个新郎，这三郎是个很年轻的小伙子雍女很開心，也很满意三郎本也以为他会有所不同毕竟很年轻嘛然而事与愿违，三郎对着雍女瞬间起不来，抱着妈妈痛苦哀嚎...镜头一拉回到现实,这贵族少爷远到来此求学,而优若在伺候着少爷优若便提醒少爷，雍女的影子都不能触碰到，手里不停的忙活着，还交代少爷以后结婚后也不要忘记自己强调出身高贵的女孩可不会像自己那么熟练，少爷整个人酥软到不行了...第3话画面一转，优若来到雍女的家，两人闲聊优若表示自己待在家里很难受，不想自己一个人住雍女表示优若应该多花点时间照顾儿子，老是在外面招惹男人，以后会后悔的还劝少看这种画册而优若不赞同雍女的看法，表示自己不会后悔，应随心所欲的活着才对。还说雍女这种万人迷，死了可是会很饥渴的吃掉男人而雍女让优若小声点，现在是大白天怎么可以说这些词汇优若表示房间就我们2人不用担心，还说自己这种有身材没脸蛋的可就需要多学习。说完让雍女陪自己一起看画册随便打开一页，雍女惊呼好害羞啊夜幕降临可能因为白天看了那些画册雍女身体有些不对劲未完待续……微信篇幅有限，后续内容和情节更加精彩！点击下方【阅读原文】继续阅读哦~~~]]></content>
  <author><![CDATA[散文小说家]]></author>
  <time>2018-10-12 08:00:00</time>
  <account><![CDATA[xiyinli168]]></account>
</data>
