<data>
  <id><![CDATA[50514366]]></id>
  <url><![CDATA[https://mp.weixin.qq.com/s?timestamp=1539596308&src=3&ver=1&signature=Egrj350GoKY8-KUcIJshb2eAWPohOh3grQ5m23OcLtMQtF8L6QjfEBHHHUNePuOhzLapWBvnUT08twJsBLtOZauyy5Y-VOpkaQASpHb2hhbb9QM*ora0SGRBb7FeTGnXwDRsirDWfVrIQVoeXCs4QV3Ico8hfhLgg7dLMO0xuJY=]]></url>
  <title><![CDATA[别惯坏了别人，委屈了自己！]]></title>
  <content><![CDATA[1.关注后回复当天日期，如：1014 每日一句早安晚安2.关注我们，从早晨开始，一起坚持早起打卡余生没那么长，不用一味的付出，去惯得寸进尺的人，请忠于自己，活得像最初的模样。有些事，想多了头疼，想通了心疼；所以，该睡就睡，该玩就玩，不必遗憾。若是美好，叫做精彩，若是糟糕，叫做经历。我们要学会接受，接受意外，接受变节，接受努力了却得不到回报，接受世界的残忍和人性的残缺，但是，接受却不妥协。我们还是要去努力，去爱，去为遥不可及的一切付出心血，不患得患失，不怕翻脸，不惯着任何人，亦不做亏心事，做勇敢的人。我们要懂得，时间在哪，收获就在哪，把时间放在脸上，成就了美女，把时间放在学习上，成就了智慧，把时间用在市场，成就了经营，把时间用在家庭，成就了亲情，时间是公平的，心在哪，时间在哪。]]></content>
  <author><![CDATA[散文小说家]]></author>
  <time>2018-10-14 08:00:00</time>
  <account><![CDATA[xiyinli168]]></account>
</data>
