<data>
  <id><![CDATA[50514366]]></id>
  <url><![CDATA[https://mp.weixin.qq.com/s?timestamp=1539596308&src=3&ver=1&signature=Egrj350GoKY8-KUcIJshb2eAWPohOh3grQ5m23OcLtMQtF8L6QjfEBHHHUNePuOhzLapWBvnUT08twJsBLtOZauyy5Y-VOpkaQASpHb2hhbQsFJDug*vcV9gGCGZKD81GPDN6teLfvLZYq*i79UXC00BNlpHzaJVF5Fl9aY5g2w=]]></url>
  <title><![CDATA[每日一句人生感悟]]></title>
  <content><![CDATA[1.关注后回复当天日期，如：1014 每日一句早安晚安2.关注我们，从早晨开始，一起坚持早起打卡你做的对，有人嫉妒你。你做的错，有人嘲笑你。你做的少，有人鄙视你。你做的多，有人责难你。你高高在上，有人说不接地气。你和蔼可亲，有人说智商不够。你活着，他们说赶紧死。你死了，他们还要在墓碑上踹一脚。“负能量人”无处不在。对付他们最好的办法，就是：走好自己的路，让别人说去！]]></content>
  <author><![CDATA[散文小说家]]></author>
  <time>2018-10-14 08:00:00</time>
  <account><![CDATA[xiyinli168]]></account>
</data>
