<data>
  <id><![CDATA[50514366]]></id>
  <url><![CDATA[https://mp.weixin.qq.com/s?timestamp=1539596308&src=3&ver=1&signature=Egrj350GoKY8-KUcIJshb2eAWPohOh3grQ5m23OcLtMQtF8L6QjfEBHHHUNePuOhzLapWBvnUT08twJsBLtOZba76Rf9nGoHNDl0DMWsmJX8DnIY8e8-0QVKiJcIOEMTzFuSvCLNGQpLuc8-3r7dS2ZpME46nCTKt*4LnEdYg18=]]></url>
  <title><![CDATA[2018励志晚安心语正能量精辟语录]]></title>
  <content><![CDATA[1.关注后回复当天日期，如：1013 每日一句早安晚安2.关注我们，从早晨开始，一起坚持早起打卡01      当你觉得不顺心不快乐时，想想那些支持你的人，你并不是孤单的，你还有背后支持你的人。你的家人就是你最好的避风港你的知心好友就是你最好吐露心事的对象。晚安!02      不要等待，不要渴求，别人给予的毕竟是有限的，生活靠自己。人生总有一些攀比的心态，超越的心理。把生活的诸多方面进行了量化，于比较中生存，在对比中发奋。一辈子，好累。真的不需要苛求自己，一切要达到完美。你的世界，有了你的脚印，你就来过。一辈子，好美。晚安~03      有时候你不对自己残忍，别人就会对你残忍。晚安!04      一帆风顺的人生不会存在,坎坷一生的生活也不是最悲惨的。我们在这里得到了很多做人的道理,也失去了很多的自己想要的轨迹,但是顺境中的生活只会培养人的惰性,和不思进取的心,所以只有在逆境中才可以锻炼一个人能力,使之成长,让其懂得人生真谛!晚安!05      放弃与放手的区别：放弃是牺牲本来属于你的，放手是放下那些从来不是你的。晚安!06      人远比自己想象的要坚强，特别是当你回头看看的时候，你会发现自己走了一段自己都没想到的路。生活可以漂泊，可以孤独，但灵魂必须有所归依。只要你勇敢地说出再见，生活一定会赐予你一个新的开始。晚安!07      人最大的对手，往往不是别人，而是自己的懒惰。别指望撞大运，运气不可能永远在你身上，任何时候都要靠本事吃饭。你必须拼尽全力，才有资格说自己的运气不好。晚安~08      一个人，如果不逼自己一把，就根本不知道自己有多优秀。每个人都有潜能的，所以，当面对压力时，要相信自己，一切都能处理得好。人只有压力才会有动力，穷者思变，时世造英雄，逼急了好汉可以上梁山。一个人的成长，必须通过磨炼。有时候，必须对自己狠一次，否则永远也活不出自己。晚安!]]></content>
  <author><![CDATA[散文小说家]]></author>
  <time>2018-10-13 08:00:00</time>
  <account><![CDATA[xiyinli168]]></account>
</data>
