<data>
  <id><![CDATA[50514366]]></id>
  <url><![CDATA[https://mp.weixin.qq.com/s?timestamp=1539596308&src=3&ver=1&signature=Egrj350GoKY8-KUcIJshb2eAWPohOh3grQ5m23OcLtMQtF8L6QjfEBHHHUNePuOhzLapWBvnUT08twJsBLtOZQWfJppPpsbWajsgtmB5OwIHGEX5xyDPMXfr04lq9Vb3I0qxXOe5UjUEWAzhUUhiQAWenmjj7ykBvIBr1tXgUOw=]]></url>
  <title><![CDATA[十年之前，十年之后]]></title>
  <content><![CDATA[1.关注后回复当天日期，如：1010 每日一句早安晚安2.关注我们，从早晨开始，一起坚持早起打卡时间渐渐磨去了我们的年少轻狂，也渐渐沉淀了冷暖自知。十年前发个脾气，牛都拉不回来。十年后生个气，转眼就后悔没忍住。十年前喜欢喝大酒，唱歌，通宵KTV，那叫会玩。十年后意识到诚信做事，低调做人，多做家务多陪家人，才叫靠谱！不管你混的多牛，多有钱，做和你年龄匹配的事，这叫责任！十年前，连多愁善感都要渲染得惊天动地 。十年后，越痛越不动声色；越苦，越保持沉默 。十年前，我们揣着糊涂装明白。十年后，我们揣着明白装糊涂。活着不管为了什么，不管走的路如何曲折，顺畅，不管过往是否如意，七零八零的我们在成长中学会了坚强，仔细想想，不是丢失了什么，而是学会了很多。一路走来，我们总是磕磕碰碰，哭过、笑过、痛过、绝望过、又释怀过。如果人性的弱点那么容易改正，那么漫长的人生有何用？如果生命的真谛那么容易懂得，那么一次次的挫折又有何意义？曾经的我们很傻，曾经的我们很单纯，受过委屈受过骗，经过挫折摔过跤，终于学会了收起刺，学会了隐忍。总有那么一些人，让我们懂得了感恩；总有那么一些人，教会了我们原谅；也总有那么一些人，让我们学会了保护自己。谁的人生没有痛，谁的人生不含泪，谁的人生没有错，活着，就是一个充实的过程！]]></content>
  <author><![CDATA[散文小说家]]></author>
  <time>2018-10-10 08:00:00</time>
  <account><![CDATA[xiyinli168]]></account>
</data>
