<data>
  <id><![CDATA[50514366]]></id>
  <url><![CDATA[https://mp.weixin.qq.com/s?timestamp=1539596308&src=3&ver=1&signature=Egrj350GoKY8-KUcIJshb2eAWPohOh3grQ5m23OcLtMQtF8L6QjfEBHHHUNePuOhzLapWBvnUT08twJsBLtOZaN8GplICq3G7qJZaElMDWt2yhuYmymi2yqM4t6IEh52qsjsUYkZE0St2nW3iCYxmJ6HsBdM5V7ngYE3yb1AflE=]]></url>
  <title><![CDATA[谁的坚强，也不是天生的！（读到心酸）]]></title>
  <content><![CDATA[1.关注后回复当天日期，如：1008 每日一句早安晚安2.关注我们，从早晨开始，一起坚持早起打卡现实的社会，我们都累，你不坚强，懦弱没人帮，你不勇敢，悲哀无人怜。强者，把泪擦干，把伤藏匿，一个人若无其事的承担！谁的坚强，也不是天生的！而是看清冷暖，品到心酸。没人依赖的时候，学会了独立，没人心疼的时候，学会了坚强。谁的坚强，也不是天生的！而是经历坎坷，遭遇打击后，一点点的站起来，一次次的扛过来，才慢慢积攒的。谁的坚强，也不是天生的！如果有人依赖，谁愿意咬牙硬撑，如果有人心疼，谁愿意忍住不哭。你不坚强，没有人替你扛；你不勇敢，没有人帮你挡。坚强就是：把眼泪憋回去，若无其事；把委屈藏起来，只字不提；在人前不落泪，假装开心。坚强就是：扬在脸上的自信；藏在心里的泪滴；融入血里的执着；不用求人的底气。坚强，要多辛苦就多辛苦，坚强，要多难扛就多难扛。最难的路，请自己走，坎坷也好，平坦也罢。再累的事，请坚持做，流血也好，流泪也罢。每走一步，都是一种成功，每做一件，都是一份收获！]]></content>
  <author><![CDATA[散文小说家]]></author>
  <time>2018-10-08 08:00:00</time>
  <account><![CDATA[xiyinli168]]></account>
</data>
