<data>
  <id><![CDATA[50514366]]></id>
  <url><![CDATA[https://mp.weixin.qq.com/s?timestamp=1539596308&src=3&ver=1&signature=Egrj350GoKY8-KUcIJshb2eAWPohOh3grQ5m23OcLtMQtF8L6QjfEBHHHUNePuOhzLapWBvnUT08twJsBLtOZQWfJppPpsbWajsgtmB5OwLL5c6qXY3TlN4abzfiEEG-qkHLvd0Zsz6GAgtKZx20Q8P5sx6RlCl5611bPeBZEfk=]]></url>
  <title><![CDATA[给自己一个微笑，人生处处是阳光]]></title>
  <content><![CDATA[1.关注后回复当天日期，如：1010 每日一句早安晚安2.关注我们，从早晨开始，一起坚持早起打卡人生，说到底，活的是心情，人活得累，是因为能左右你心情的东西太多。天气的变化，人情的冷暖，不同的风景都会影响你的心情，而他们都是你无法左右的。看淡了，天无非阴晴，想通了，人不过聚散，沧海桑田，我心不惊，自然安稳；随缘自在，不悲不喜，便是晴天。心情不好时告诉自己：再苦再累，只要坚持往前走，属于你的风景终会出现；只要是自己选择的，那就无怨无悔。青春一经典当，永远无法赎回；过去只可以用来回忆，不要期望所有人都懂你，你也没必要去懂所有人；聚散离合是人生的规律，不必在意，何须伤悲。人生的诸多烦恼，其实源于自己。风的摇曳，是一道自然的风景，无需牵强；雪的飞舞，是一页自然的诗词，无需奢念；心的悸动，是一抹自然的情愫，无需过多地在乎。每一天，是一种结束，也是一种开始，无论过去多么美好，都将成为过去；无论现在多么不好，谁都在经历，给自己一个微笑，人生处处是阳光。]]></content>
  <author><![CDATA[散文小说家]]></author>
  <time>2018-10-10 08:00:00</time>
  <account><![CDATA[xiyinli168]]></account>
</data>
