<data>
  <id><![CDATA[50514366]]></id>
  <url><![CDATA[http://mp.weixin.qq.com/s?__biz=MzA4OTE1NjYyNA==&mid=2651841905&idx=4&sn=03d446fabb3c31380b5929b6b865861d&chksm=8be4780ebc93f118fe50e99186c491de7eb4b295d16e1221e8401f40bbff309849625ab1c071&scene=27#wechat_redirect]]></url>
  <title><![CDATA[每日一句人生感悟]]></title>
  <content><![CDATA[1.关注后回复当天日期，如：1007 每日一句早安晚安2.关注我们，从早晨开始，一起坚持早起打卡放过风筝的人都知道，有风时，风筝很容易飞起来；没风时，费很大劲，风筝也很难飞得更高。但在人生的大部分时光里，没有东风。因此在没有风的时候，要先学会自己奔跑起来，沉下心来历练，不断强大自己的实力。等风来不如追风去，靠别人不如靠自己。咬牙坚持一下，挺过那段艰难的日子，你会发现，你已经靠自己飞到了一定的高度，越往后，你的路会越来越平坦，你的天空也会变得更高更宽，因为你已经成为了自己需要的东风。]]></content>
  <author><![CDATA[散文小说家]]></author>
  <time>2018-10-07 00:00:00</time>
  <account><![CDATA[xiyinli168]]></account>
</data>
