<data>
  <id><![CDATA[50514366]]></id>
  <url><![CDATA[https://mp.weixin.qq.com/s?timestamp=1539596308&src=3&ver=1&signature=Egrj350GoKY8-KUcIJshb2eAWPohOh3grQ5m23OcLtMQtF8L6QjfEBHHHUNePuOhzLapWBvnUT08twJsBLtOZbvWMwLkrKpIGOWUgcHHclkG96C8hqGrKU3jSLVsaECJSY7MbNB4yygKQ9puTZ8si38rpEn9Gf0JTzm*3uZj*As=]]></url>
  <title><![CDATA[心里明白就好，何必事事戳穿。]]></title>
  <content><![CDATA[1.关注后回复当天日期，如：1015 每日一句早安晚安2.关注我们，从早晨开始，一起坚持早起打卡当别人恭维你时偷偷高兴一下就行了不要完全当真因为那十有八九是哄你的不要被哄骗到了别人批评你时稍稍不开心一下就行了但不可生气因为那十有八九是真的改变自己才是最重要的如果真苦，你哪有时间喊累如果真忙，你哪有时间抱怨因为承受得还不够所以你才有时间抱怨何时何地，你都要明白你是活给自己看的凡事问心无愧就够了别太在意别人的观点不为物喜，不为己悲努力做好自己的本分不需太过忧心一切自有定论命由心生你的心决定的的命运不要太过执着于过去放眼未来你的生活会更绚烂]]></content>
  <author><![CDATA[散文小说家]]></author>
  <time>2018-10-15 08:00:00</time>
  <account><![CDATA[xiyinli168]]></account>
</data>
