<data>
  <id><![CDATA[50514366]]></id>
  <url><![CDATA[http://mp.weixin.qq.com/s?__biz=MzA4OTE1NjYyNA==&mid=2651841905&idx=5&sn=2146544a1241f66c07a77239f2e713e9&chksm=8be4780ebc93f11873f5a87da7bb157a32764c559f44efe6869d0f9de11a7ca48a9164f9b97e&scene=27#wechat_redirect]]></url>
  <title><![CDATA[发朋友圈的精辟心情语录触碰心灵的话]]></title>
  <content><![CDATA[1.关注后回复当天日期，如：1007 每日一句早安晚安2.关注我们，从早晨开始，一起坚持早起打卡01      许多事情，看得开是好；看不开，终归也要熬过去。别以为看不开就不会过去。早安!02      幸福只有一种，不幸各有各的不幸；人生许多的成败，不在于环境的优劣，而在于正确的定位；人生的许多空虚，不在于人身的孤独，而在于心灵的寂寞；人生的许多辉煌，不在于狂热的宣泄，而在于冷静的凝结。03      人生无常，再明媚的春天，偶尔也会有云翳遮住阳光，再平静的湖面，也会有点点涟漪，学会接受百味生活，经历酸甜苦辣才会更韵味悠长，或许生命中因为有了够多的云翳，才能造就一个美丽的黄昏。早安~04      人从不理会陀螺的埋怨，不断地鞭策，只想让陀螺转得更快、更稳。人知道，没有鞭策，陀螺就会倒下。陀螺只有转着，才能站着。但陀螺是不会察觉人的苦心 的，只能抱怨自己的不幸。这只陀螺迟早会倒下去，因为它不懂得自己鞭策自己。---- 一个人也只有自我鞭策，才能站得长久;也不要怀恨鞭策你的人。早安!05      也许梦只是在一瞬间，错过了，便永远不可能回来。但我依旧是相信那么一种永恒。一旦选择就不会后悔，哪怕就只是一个错误的决定。哪怕未来回不去，至少曾经做过，那样就不会有太多的失落。早安!06      你绝非得意之时人们所说的那么好，也不是失意之时他们说的那么差。早安!07      活着就是一场寂寞与孤独的修行，无论高尚与卑微，都要强烈追逐自己的命运，只有你想要，然后才可能拥有。早安！[玫瑰][玫瑰]08      我们可以躲开大家，却躲不开一只苍蝇。生活中使我们不快乐的常是一些芝麻小事。早安!09      最快的脚步不是跨越，而是继续;最慢的步伐不是缓慢，而是徘徊;最好的道路不是大道，而是坦荡;最险的道路不是陡坡，而是陷阱;最大的幸福不是得到，而是拥有;最好的财富不是金钱，而是健康;最棒的祝福不是将来，而是现在。大家早安!10      改造命运的原理是要从心做起，而改造命运的方法是进入正法，不要落入外道。“心内求法就是正法，心外求法既是外道”，想透过外缘的攀附来改变命运就是迷信，只有回来从内心的改变才是正信，所以迷信不应指命运。]]></content>
  <author><![CDATA[散文小说家]]></author>
  <time>2018-10-07 00:00:00</time>
  <account><![CDATA[xiyinli168]]></account>
</data>
