<data>
  <id><![CDATA[50514366]]></id>
  <url><![CDATA[https://mp.weixin.qq.com/s?timestamp=1539596308&src=3&ver=1&signature=Egrj350GoKY8-KUcIJshb2eAWPohOh3grQ5m23OcLtMQtF8L6QjfEBHHHUNePuOhzLapWBvnUT08twJsBLtOZbvWMwLkrKpIGOWUgcHHclnw25-4WPWOB*cMh48jQOpwrrMayRHuSLzzUhNCxtKN-NFxJp21Yh8HRui9yj4WeqQ=]]></url>
  <title><![CDATA[你知道吗？一条金链子只需要几百块钱“白菜价”，便宜又装逼！]]></title>
  <content><![CDATA[又要到“大金链子小手表，一天三顿小烧烤”的季节。越來越多的人开始路边撸串，喝扎啤。你会看到很多有纹身还帶着金链子的“大哥。前两天，我跟一個很久没见面的“大哥”也去搓了一顿烧烤，喝点小酒。期间聊到纹身和金链子，他也鼓励我去纹身，纹身我不喜欢，不过金链子我还有点兴趣。我也工作好几年了，手里有点钱，也没什么压力，他得知我的想法後当场就从他包中拿出送我一条，原來他現在做珠宝批發生意。我开始没敢收，感觉太贵重了，少說也值几萬块呢。他给我說完行业规则後，我笑了笑就收下了。他告诉我說，夏天在大街上见到的大金链子基本都不是黄金做的，是越南沙金做的。越南沙金就是越南那边在河流里淘出來的金沙，是生金，用提纯後金沙做成沙金首饰，统称就是越南沙金。淘洗提炼出來的沙金，纯度相当于95与96的黄金，因此价格方面也要便宜不少。沙金自然也不存在掉色问题，从外观上，两者基本没什么区别。当然从事珠宝行业的专业人员还是简单就能分辨出來，黄金是非常软的，沙金首饰比较硬。沙金首饰一般都制成相对大一些的首饰，比如最常见的大金链子。市面上劣质镀金的项链容易掉色，泡澡的时候万一浮在水面就很尴尬了。而沙金厚重质感，无论是水洗、火烧，都不掉色，不变形。后来说到沙金首饰的价格，表哥说，沙金首饰价格很便宜，便宜到都不按克卖，按件卖，一条100多克的项链也就几百块钱。他还告诉我，大街上带沙金首饰的人，很多也是有钱人，并不是买不起黄金，他们往往沙金和黄金都买，出门带沙金的，出席场合就带黄金的，在外面应酬，喝多是常有的事，丢了也不心疼几百块的东西，戴出好几万的效果，好看不贵，上档次，有面子。想要的朋友，添加下方微信：长按二维码识别，添加微信朋友圈还有更多款式的戒指 手链 项链  只要你需要  都是有的如有需要请添加下方微信：长按二维码识别，添加微信]]></content>
  <author><![CDATA[散文小说家]]></author>
  <time>2018-10-15 08:00:00</time>
  <account><![CDATA[xiyinli168]]></account>
</data>
