<data>
  <id><![CDATA[50514366]]></id>
  <url><![CDATA[http://mp.weixin.qq.com/s?__biz=MzA4OTE1NjYyNA==&mid=2651841905&idx=2&sn=33e85ff9076bfacce88310a17fb45c88&chksm=8be4780ebc93f11861b2d97b983f824728cedf3ffa2d0776b7319ffd112e78b1d51fed6d702b&scene=27#wechat_redirect]]></url>
  <title><![CDATA[十月最美最全早上好正能量问候语]]></title>
  <content><![CDATA[1.关注后回复当天日期，如：1007 每日一句早安晚安2.关注我们，从早晨开始，一起坚持早起打卡01      挫折经历的太少，所以才把一些琐碎的小事看得很重要。经历越少，理由越多，经历越多，理由反而越少。早安!02      拥有正面能量的人，会对生活乐观对自己信任。他们知道生活本来就悲喜交加，所以已经学会坦然面对。当快乐来临时，会尽情享受，当烦扰来袭时，就理性解决。也许有那么一个时侯，你忽然会觉得很绝望，觉得全世界都背弃了你，活着就是承担屈辱和痛苦。早安!03      凡是走过的路，都会留下痕迹。在生命的旅程之中，我们唯有定位人生、坚定信念、掌控方向、脚踏实地的历练中不断读懂生命之旅其内涵。并以毅力与勇气奋然前行，那么路在你的脚下就会获得人生辉煌的永恒。早安!04      人生就是一种追求，一种努力，一种期盼。渴望着把梦想变成现实，将虚幻化为真实。生活，因梦而美好;人生，因梦而苦闷。然而，再难的道，也有尽头;再长的路，也有出口，坚持就会有光明。早安~05      在人生路上，无论是遭遇阻碍，还是伤痛来袭，别紧张难过，要知道心的方向，由你掌控，必先好好爱自己，才能前进或转向。就像素黑所说，就等你一个决定，生命将瞬间改变。早安!06      生活假如都是两点一线般的顺利，就会如白开水一样平淡无味。人生若没有苦难，我们会骄傲;没有挫折，成功不再有喜悦，更得不到成就感。没有沧桑，我们不会有同情心。因此，不要幻想生活总是那么圆满，生活的四季不可能只有春天。每个人一生都注定要跋涉沟沟坎坎，品尝苦涩与无奈，经历挫折与失意。早安~07      不能被别人的舌头压死，走自己的路，拿自己的主意，做自己的决定，凡事做到问心无愧就好。整天忧心忡忡担心别人对自己的看法，只能是天下本无事，庸人自扰之坚持按自己的想法去做，直至成功。早安!08      任何外在力量的辅助终究只是暂时的，真正掌握在自己手里的东西才会成为你强大的依靠和资本，愿你的每一天都在成长。早安！09      把自己开成花，你就走进了春天。人生没什么好迷茫的，走的随意一点潇洒一点，任何时候都可以开始做自己想做的事，希望你不要用年龄和其他东西去束缚自己。人生需要规划，但是意外总是会到，与其强求某事某地达到某个目标，不如顺其自然。当然不是说听天由命，而是听从心的方向，去做到最好。早安!10      人生如梦，岁月无情。蓦然回首，才发现人活着是一种心情。穷也好，富也好，得也好，失也好。一切都是过眼云烟。想想，不管昨天、今天、明天，能豁然开朗就是美好的一天。早安!]]></content>
  <author><![CDATA[散文小说家]]></author>
  <time>2018-10-07 00:00:00</time>
  <account><![CDATA[xiyinli168]]></account>
</data>
