<data>
  <id><![CDATA[50514366]]></id>
  <url><![CDATA[http://mp.weixin.qq.com/s?__biz=MzA4OTE1NjYyNA==&mid=2651841905&idx=3&sn=41c2889f3c7628aaeadd7f4691c3e93a&chksm=8be4780ebc93f118d7fdc44d110639aa2e531351f50a271bb7677e1cdf423b17ab1a0b566c84&scene=27#wechat_redirect]]></url>
  <title><![CDATA[多少感情输在了“聊天记录”上]]></title>
  <content><![CDATA[1.关注后回复当天日期，如：1007 每日一句早安晚安2.关注我们，从早晨开始，一起坚持早起打卡爱你的人，虽然不会全部秒回你的信息。但是他会用心跟你聊天，因为他需要的是通过聊天这件小事，把你放在他的心上。虽然很心疼你，但是持续纠缠于这样的感情里。最终受伤害的那个人，还是你。所以我劝你，早点走出来吧。之前在微博上看到这样一段话：喜欢你的人，会对你说我洗澡去了，之后还会说我洗完了，不喜欢你的人在说完我去洗澡后就像死在浴室一样。喜欢你的人，会对你说我吃饭去了，之后还会说我吃完了，不喜欢你的人在说完我去吃饭后就像死在餐桌一样。喜欢你的人，会对你说我睡觉去了，之后还会说我睡醒了，不喜欢你的人在说完我去睡觉后就像死在床上一样。虽然有点恶搞，但是却戳到了很多人的心里。很多时候，通过聊天记录，就可以判断一个人爱不爱你。因为在乎你，所以我愿意腾出时间，做好准备，专心跟你聊天。因为那是一种陪你，爱你的方式。而不是利用夹缝时间，草草说完几句话之后就消失了。很多人不在乎聊天，但是爱人之间需要的正是沟通。沟通，不仅是内容上的沟通，更是形式上的在乎。因为在乎你，所以连聊天记录都散发着温暖的蕴香。如果判断一个人爱不爱你，你们的聊天记录早已经出卖了你们的感情。单方面一个人倾诉，从来没有回应，或者是简单的嗯啊哦。每次发消息总是不能及时回复，事后也不会再回复，就跟你发过去的那边是汪洋大海一般。聊天聊到一半人就消失了，也没有打招呼。这些都是不爱的症状。有人会说，就通过几个聊天记录，就能判断，别搞笑了。可是生活就是从细节中开始的，我们的感情也是从细节中感受温暖的。聊的是家常，可是谈的是感情。每天会记得和你说晚安，和你聊聊今天发生的有趣事情……不会每次秒回信息，但是看到了之后会及时回复你。向你解释一下自己刚刚在忙，没来得及回复，或者是自己这会儿真的有点忙，晚点再回复你。不会跟你在聊天的时候，去同时跟好几个人说话，等回过神时才发现不知道刚跟你讲到哪里了。这才是跟爱你的人跟你正确的聊天方式。对于感情，从来不是一两句聊天记录所能改变的事情。但是我们在意的是，通过聊天这件小事，把对方放在心上。因为在乎你，所以愿你花时间陪你，了解你，一起度过那些有用或者无用的小时光。聊的是天，但是爱的却是你这个人。]]></content>
  <author><![CDATA[散文小说家]]></author>
  <time>2018-10-07 00:00:00</time>
  <account><![CDATA[xiyinli168]]></account>
</data>
