<data>
  <id><![CDATA[50514366]]></id>
  <url><![CDATA[https://mp.weixin.qq.com/s?timestamp=1539596308&src=3&ver=1&signature=Egrj350GoKY8-KUcIJshb2eAWPohOh3grQ5m23OcLtMQtF8L6QjfEBHHHUNePuOhzLapWBvnUT08twJsBLtOZcAXT-40eDxP*P6HLH9zRrEBI0c3W*HhG*6xavkd8-anD1fcVF8E98nTmDBtidLLGlNqTkVBSD1H1kQ*s2Aq5ao=]]></url>
  <title><![CDATA[每日一句人生感悟]]></title>
  <content><![CDATA[1.关注后回复当天日期，如：1006 每日一句早安晚安2.关注我们，从早晨开始，一起坚持早起打卡有些东西比金钱好，比如健康；有些东西比知识好，比如修养；有些东西比地位好，比如品位；有些东西比荣耀好，比如口碑；有些东西比财富好，比如朋友；有些东西比发怒好，比如微笑；有些东西比交情好，比如亲情；有些东西比成功好，比如成长……]]></content>
  <author><![CDATA[散文小说家]]></author>
  <time>2018-10-06 08:00:00</time>
  <account><![CDATA[xiyinli168]]></account>
</data>
