<data>
  <id><![CDATA[50514366]]></id>
  <url><![CDATA[https://mp.weixin.qq.com/s?timestamp=1539596308&src=3&ver=1&signature=Egrj350GoKY8-KUcIJshb2eAWPohOh3grQ5m23OcLtMQtF8L6QjfEBHHHUNePuOhzLapWBvnUT08twJsBLtOZauyy5Y-VOpkaQASpHb2hhYZU333ATQM8YgWgAJ596a-NHgqW5inyXCTe*golRaSMIyT1WTwGqYKlA4bdMtLQ0Y=]]></url>
  <title><![CDATA[大家晚上好温馨问候语晚安祝福送给关心的人]]></title>
  <content><![CDATA[1.关注后回复当天日期，如：1014 每日一句早安晚安2.关注我们，从早晨开始，一起坚持早起打卡01      问候前来，因你可爱。给个任务，睡觉比赛。自由组合，动作要快。草席枕头，各人自带。呼噜伴奏，周公断裁。别露肚脐，当心冻坏。明见分晓，晚安拜拜！02      现代社会，压力很大，焦虑失眠，比比皆是，中医重本，天人合一，入夜则寐，放昼则寤，体脑并用，不要疲劳，豁达开朗，心态平和，修身养性，觉睡得好，短信送上，天天好觉。03      还没有睡着吗？羡慕我一沾枕头就睡着了吧？想知道我的秘密吗？偷偷地告诉你吧！秘密就是…放下烦恼！今天的事情就算你再怎么烦恼也改变不了了哦，明天的事嘛，今天再怎么想破脑袋也无法预料。所以，闭上眼睛，睡觉！晚安喽！04      卸去一天的重负，轻轻闭上你的眼睛，让快乐悄悄进入你的梦乡，让幸福静静守在你的身旁，让我的祝福为你建造一个美好的梦境。晚安！05      星星眨着眼，点缀你美丽的梦乡，让你的梦境更加美丽。月亮扬起帆，为你的梦想而护航，让你的美梦成真。快乐相陪，美梦常伴。晚安！06      忘记一天的烦恼，释放好心情，喝杯温开水，清除肠道里的垃圾，睡前工作全部做完，晚安，朋友。07      烦恼压力是恶魔，让你失眠脸色黄，解除烦恼要淡忘，缓解压力心舒畅，遇事何必太计较，夜晚苦思徒悲伤，忘却烦恼和忧伤，安然入睡进梦乡，愿你晚安精神爽。08      天暗了，风停了，星好美，夜好沉，躺在床，听着歌，想着你，睡不了，因为我。。。忘了跟你说GOODNIGHT！09      夜晚黑暗、可黎明终究会来临；生活艰难、可幸福终究会到来；夜晚寂静、可世界总会迎来喧哗；人生黯淡、可生命总会迎来曙光。带着希望入眠，明天定会有新的阳光！晚安！]]></content>
  <author><![CDATA[散文小说家]]></author>
  <time>2018-10-14 08:00:00</time>
  <account><![CDATA[xiyinli168]]></account>
</data>
