<data>
  <id><![CDATA[50514366]]></id>
  <url><![CDATA[https://mp.weixin.qq.com/s?timestamp=1539596308&src=3&ver=1&signature=Egrj350GoKY8-KUcIJshb2eAWPohOh3grQ5m23OcLtMQtF8L6QjfEBHHHUNePuOhzLapWBvnUT08twJsBLtOZaN8GplICq3G7qJZaElMDWteUZZ3OjLPcs*-5M1LGEn02xzNxWIxxyYRoKeznRnkiNw0Ii2inKvDTmPIpZigYQQ=]]></url>
  <title><![CDATA[十月早安心语正能量10月早安语录励志正能量激励语句]]></title>
  <content><![CDATA[1.关注后回复当天日期，如：1008 每日一句早安晚安2.关注我们，从早晨开始，一起坚持早起打卡1、懂得是一种体会，是一种经历，只有经历过，用心去体会才会慢慢明白人生与事物的本质和意义。面对人生，每个人都有不同的理解，与感触，人生没有绝对和固定的答案，只有靠自己去领悟和体验。每个人都会有心事，有烦恼，但一切始终都会过去，可是当烦恼还在的一瞬间。早安，10月！2、聪明人的嘴藏在心里，愚蠢人的心摆在嘴里。人只要不失去方向，就不会失去自己。悄悄地去努力，然后等变厉害之后，蹦出来把曾经看不起自己的人吓一大跳，才是你现在需要当作目标的事。你好，10月！3、人有一种强大的本性，就是无声的抵抗。他如果真的累了，手会默默放开，他如果真的痛了，心会悄然走开，他如果真的失望了，头也不会回。一个人如若真的伤了心，断了情，再不舍也会舍掉。心碎了，曾经的情深要它有何用。4、有些事谁也怪不得，当放手的一刻，就要知道必须承受所有的后果。把疼留给对方，也把自己的位置彻底流放。不是每次转身都可以回头，不是每一次都有人为你守候，挑战了底线的抉择，别再说你有不舍。5、过去的一页，能不翻就不要翻，人生，犹如一杯白开水，平淡而无味。但却在白开水里放一颗糖，那么就会有淡淡的甜味。人生一杯水，拥有无数调味剂，只看你想放什么味道的调味，酸甜苦辣皆可，尝久了，发现纯净的白开水最有味。6、心情再差，也不要写在脸上，因为没有人喜欢看；日子再穷，也不要挂在嘴边，因为没有人无故给你钱.所有的路都是七拐八绕，眼泪微笑混成一团。时间过去，走到最后的，就是最好的。10月，你好！7、如果告别一段错的过去只为了随手乱抓一个未来，那未来与过去又有何分别？当未来将要来时，你内心的犹疑、清醒、试探和退守都是时间赠予的珍贵礼物：唯有跨越它们，你才能够心安地朝前走。10月，你好！8、心中有爱，看世界的眼睛才会纯净，感觉世界很温暖；心中有恨，看世界的眼睛也会有杂质，世界也会变丑恶。心态变了，世界也跟着变。生活的好与坏、人生的幸与不幸、环境的好与劣，一切都取决于你的心态。以良好的心态面对生活，你的生活才美好。早安，10月！9、你改变不了昨天，但如果你过于忧虑明天，将会毁了今天。你好，十月！10、人总是在遭遇一次重创之后，才会幡然醒悟，重新认识自己的坚强和隐忍。所以，无论你正在遭遇什么磨难，都不要一味抱怨上苍不公平，甚至从此一蹶不振。人生没有过不去的坎，只有过不去的人。]]></content>
  <author><![CDATA[散文小说家]]></author>
  <time>2018-10-08 08:00:00</time>
  <account><![CDATA[xiyinli168]]></account>
</data>
