<data>
  <id><![CDATA[50514366]]></id>
  <url><![CDATA[https://mp.weixin.qq.com/s?timestamp=1539596308&src=3&ver=1&signature=Egrj350GoKY8-KUcIJshb2eAWPohOh3grQ5m23OcLtMQtF8L6QjfEBHHHUNePuOhzLapWBvnUT08twJsBLtOZbvWMwLkrKpIGOWUgcHHclnNHgznw9qzTzuOQJU5o0Z**19Rs50Tz2BngB0iU5V*0bzVKc1gM9T7e6dqjW9jwGM=]]></url>
  <title><![CDATA[我们都高估了爱情，又低估了想念]]></title>
  <content><![CDATA[1.关注后回复当天日期，如：1015 每日一句早安晚安2.关注我们，从早晨开始，一起坚持早起打卡失去缘分的人，即使在同一个城市，也不太容易遇到。我们都高估了爱情，又低估了想念。有些事看淡了，也就不累了；有些人看清了，也就不想了。其实没有谁非谁不可，对待感情最好的态度是，有你很好，没你也行。将军有剑，不斩苍蝇。你的格局不该用在那些小人小事上。我们总是想要珍惜，却浑身脾气。有些人装忙装久了，还真的以为自己在付出。]]></content>
  <author><![CDATA[散文小说家]]></author>
  <time>2018-10-15 08:00:00</time>
  <account><![CDATA[xiyinli168]]></account>
</data>
