<data>
  <id><![CDATA[50514366]]></id>
  <url><![CDATA[https://mp.weixin.qq.com/s?timestamp=1539596308&src=3&ver=1&signature=Egrj350GoKY8-KUcIJshb2eAWPohOh3grQ5m23OcLtMQtF8L6QjfEBHHHUNePuOhzLapWBvnUT08twJsBLtOZaN8GplICq3G7qJZaElMDWtwjeByIHVo7tTnylxThhtdl6ISZEk3gs*YMEwQbC194x4OAIBXMqgqNzpFU23BTKY=]]></url>
  <title><![CDATA[朋友圈早安心情说说简短一句话句句触人心窝]]></title>
  <content><![CDATA[1.关注后回复当天日期，如：1008 每日一句早安晚安2.关注我们，从早晨开始，一起坚持早起打卡1、很喜欢一句话：“ 无人理睬时，坚定执着；有人羡慕时，心如止水。”2、"没经过你的同意，就把你放在心上，是我不好，可你没有，我的允许便走进了我的心里就是你的不对了"3、我感念那一段饱受折磨的伤痛时光，让我变得感性而敏锐，许多平凡的小事变得重要，而许多非凡的大事又变得无足轻重”4、真实的生活开始于我们，独处之时 独自思考 独自感受，沉溺于回忆之中，有如梦境中清醒着，经历着那些极其琐屑的细微时刻"5、有些故事，除了回忆，谁也不会留；有些无奈，除了沉默，谁也不会说；有些东西，除了自己，谁也不会懂。早安~6、不要因为不好意思，就让那些跟你生活没多大关系的人影响着你的心情，该让他们滚的时候就让他们滚。7、保持微笑，停止抱怨那些改变不了的事。无论你开心与否，时间总是不等人的。8、过度坚硬太伤人伤己，过度柔软又保护不了自己，要有多难才能一边棱角分明一边温情四溢。9、变心是本能，忠诚是选择，很开心你能来，不遗憾你走开，不能相濡以沫，那就相忘于江湖，从此，一别两宽，各生欢喜。10、能够在一起愉快玩耍的基础，是双方都有掀桌子的能力和不掀桌子的修养。 生意如此，婚姻亦如此。]]></content>
  <author><![CDATA[散文小说家]]></author>
  <time>2018-10-08 08:00:00</time>
  <account><![CDATA[xiyinli168]]></account>
</data>
