<data>
  <id><![CDATA[50514366]]></id>
  <url><![CDATA[https://mp.weixin.qq.com/s?timestamp=1539596308&src=3&ver=1&signature=Egrj350GoKY8-KUcIJshb2eAWPohOh3grQ5m23OcLtMQtF8L6QjfEBHHHUNePuOhzLapWBvnUT08twJsBLtOZaN8GplICq3G7qJZaElMDWsXAH5CoXNYnm6ecgPl62cvdsL8h372-jfucsKJ3FRrLfZx-l470AG-lFuIjKJJCIQ=]]></url>
  <title><![CDATA[真正心疼你的人，永远不会...]]></title>
  <content><![CDATA[1.关注后回复当天日期，如：1008 每日一句早安晚安2.关注我们，从早晨开始，一起坚持早起打卡感情这种事，别问为什么，心甘情愿就是最好的答案；缘分这东西，别想怎么样，风雨来袭就是最好的检验。喜欢你的人，永远不会嫌你烦；心疼你的人，永远不会怪你懒。想念你的人，永远都比你主动；在乎你的人，永远对你都包容。甜言蜜语听听就算了，男人对你没有行动什么都是白扯；如花似玉看看就行了，女人对你没有感情什么都是虚无；热情似火品品就完了，朋友对你没有真心什么都是假设。真正的遇事了，才知道谁会对你全力以赴，谁却对你熟视无睹；确实的落难了，才明白谁是焦急牵挂，谁是转身天涯。得意时围着你转，不如失意时给了你暖；高兴时陪着你笑，不如哭泣时给了你伴。有的人嘴上说得唯妙唯俏，未必能肝胆相照；有的人心上把你看得重要，一定能两肋插刀。人这一生：非要经历一些事，才能看清一些人；必须看清一些人，才能悟懂一些情。一心一意的爱人用命换，有情有义的朋友用心换，相守相依的缘分一生换，不离不弃的感情永不换！]]></content>
  <author><![CDATA[散文小说家]]></author>
  <time>2018-10-08 08:00:00</time>
  <account><![CDATA[xiyinli168]]></account>
</data>
