<data>
  <id><![CDATA[50514366]]></id>
  <url><![CDATA[https://mp.weixin.qq.com/s?timestamp=1539596308&src=3&ver=1&signature=Egrj350GoKY8-KUcIJshb2eAWPohOh3grQ5m23OcLtMQtF8L6QjfEBHHHUNePuOhzLapWBvnUT08twJsBLtOZfxBsA8bmXx0O2Pc1yxeL2YHPZxhPKpj5k182pXPYXjFL69whSfmBUYNVRQYe4DUCWqlxfIzM0jLfaDvexgTtxc=]]></url>
  <title><![CDATA[早安心语正能量鼓励人的励志语句配图]]></title>
  <content><![CDATA[1.关注后回复当天日期，如：1009 每日一句早安晚安2.关注我们，从早晨开始，一起坚持早起打卡1、任何事情成功关键都是熟能生巧。人生在世，没有一种痛苦会永远伴随着你，没有必要陷在自我的漩涡里走不出来，痛苦只是一个过客，是来磨练你的意志，考验你的信心的，站起来，把困难踩在脚下。2、人有两条路要走，一条是必须走的，一条是想走的，但是你只有把必须走的路走得漂亮，才可以走想走的路。无论今天的你正走在哪条路上，从现在开始，勇往直前，做一个精彩的自己，给未来的你看一看！早安！3、这个世界本就邋遢，所以没有什么可怕。每个人都有无法发泄的苦涩，都有无力排解的抑郁，而生活在这里的我们，哪一个不是拼尽全力，甚至不择手段地活着。4、人生就是一场漫长的旅途。昨天你是谁不重要，重要的是，今天你是谁，明天你将成为谁。把辉煌和挫折都留给过去，此刻，定下一个小目标，轻装上路，勇敢迎接风霜雨雪的洗礼，在磨练中不断成长，最美的风景终将在前方等你！早安！5、你要堕落，神仙也救不了;你要成长，绝处也能逢生。人生只要不自我设限，一切皆有可能！——早安！6、人活着脸皮就要厚点，这也不好意思，那也不好意思，那你怎么好意思活着？出错了出丑了一笑而过，有什么好怕的?当你对这个世界好意思的时候，成长才会与日俱增，早安！7、曾经的自己拼尽全力在路上，为了自己心中的梦想而活;曾经的自己咬紧牙关勇敢坚强，为了自己所想的生活而活。而我今天的继续远行，是为了不辜负曾经的自己，是为了做和曾经一样努力的自己，是为了对得起曾经的那份隐忍和坚持。8、人生最美好的生活方式：莫过于和一群志同道合的人奔跑在理想的道路上！回头，有一路的故事;低头，有坚定的脚步！抬头，有清晰的远方和理想的目标！把握现在，赢在未来！早安！9、人总会遇到挫折，会有低潮，会有不被人理解的时候，会有要低声下气的时候，这些时候恰恰是人生最关键的时候。在这样的时刻，我们需要耐心等待，满怀信心地去等待，相信，生活不会放弃你，命运不会抛弃你。如果耐不住寂寞，你就看不到繁华。10、生活不是高速公路，在这一个转角，即使是没有遇到谁，那么也至少是可以遇到焕然一新的自己。每个人的人生际遇都是不一样的，若是你没遇到好的事情，那么也就说明你还不够努力。早安！]]></content>
  <author><![CDATA[散文小说家]]></author>
  <time>2018-10-09 08:00:00</time>
  <account><![CDATA[xiyinli168]]></account>
</data>
