<data>
  <id><![CDATA[50514366]]></id>
  <url><![CDATA[https://mp.weixin.qq.com/s?timestamp=1539596308&src=3&ver=1&signature=Egrj350GoKY8-KUcIJshb2eAWPohOh3grQ5m23OcLtMQtF8L6QjfEBHHHUNePuOhzLapWBvnUT08twJsBLtOZba76Rf9nGoHNDl0DMWsmJVetHYeE5vDvACBT*pWrgx7JLpn3tj08alqDAzQnmrbJo-HCndfYC8H5Unnv2-rSRU=]]></url>
  <title><![CDATA[昨天刚刚流入市场！千万别买，速告家人朋友！]]></title>
  <content><![CDATA[1.关注后回复当天日期，如：1013 每日一句早安晚安2.关注我们，从早晨开始，一起坚持早起打卡]]></content>
  <author><![CDATA[散文小说家]]></author>
  <time>2018-10-13 08:00:00</time>
  <account><![CDATA[xiyinli168]]></account>
</data>
