<data>
  <id><![CDATA[50514366]]></id>
  <url><![CDATA[https://mp.weixin.qq.com/s?timestamp=1539596308&src=3&ver=1&signature=Egrj350GoKY8-KUcIJshb2eAWPohOh3grQ5m23OcLtMQtF8L6QjfEBHHHUNePuOhzLapWBvnUT08twJsBLtOZcAXT-40eDxP*P6HLH9zRrEJsAzd3zzPLjXqSzfzN60vmLjzjPgkqPSlQgTIXj7j8BwlRUmL3y4m3fWnzAOmcyw=]]></url>
  <title><![CDATA[路由器打开这个开关，网速瞬间翻倍，可惜知道的人太少了]]></title>
  <content><![CDATA[1.关注后回复当天日期，如：1006 每日一句早安晚安2.关注我们，从早晨开始，一起坚持早起打卡]]></content>
  <author><![CDATA[散文小说家]]></author>
  <time>2018-10-06 08:00:00</time>
  <account><![CDATA[xiyinli168]]></account>
</data>
