<data>
  <id><![CDATA[50514366]]></id>
  <url><![CDATA[https://mp.weixin.qq.com/s?timestamp=1539596308&src=3&ver=1&signature=Egrj350GoKY8-KUcIJshb2eAWPohOh3grQ5m23OcLtMQtF8L6QjfEBHHHUNePuOhzLapWBvnUT08twJsBLtOZba76Rf9nGoHNDl0DMWsmJXZbDUaDwoXu7FZY6Y9S9r3pb*4cD74pgAC3yLq8qQ3tMxpzk5lrOz406pQqNxQ*8o=]]></url>
  <title><![CDATA[微信早安触动人心的哲理经典语句句句入心]]></title>
  <content><![CDATA[1.关注后回复当天日期，如：1013 每日一句早安晚安2.关注我们，从早晨开始，一起坚持早起打卡1、让我们做一个简单而善良的人，许时光一份静好，在是非恩怨、百味人情中，守住一颗宁静的心，轻挽一袭流年的温暖色彩，在风起、雨落的季节里静待花开。2、等待太久得来的东西，多半已经不是当初自己想要的样子了。世上最珍贵的不是永远得不到或已经得到的，而是你已经得到并且随时都有可能失去的东西！3、有些话，我们止于唇舌， 因为心事不是对谁都能说； 有些事，我们假装快乐， 因为眼泪不是对谁都能落； 心里的话， 只想说给懂你的人听。4、人不瞎想，心就不烦； 学会知足，人就幸福。 生活已经很累， 何必再让自己的心更加疲惫。 不要一昧仰望别人站得高， 过好自己的生活才是真理。5、女人这辈子挺难的： 心是父母的， 身体是老公的， 时间是孩子的， 只有皱纹是自己的！ 漂亮点吧，惹是非， 丑陋点吧，没人理； 开朗点吧，说你疯， 少说话吧，又说难沟通； 想独身吧，说没人要， 结婚吧，没有了自由； 老公帅吧，很容易成别人的。6、每一枚玫瑰都有刺，正如每个人的性格里，都有你不能容忍的部分，爱护每一朵玫瑰，并不是得努力的把它的刺根除，只能学习如何不被她的刺刺伤，还有，如何不让自己的刺刺伤别人。7、得寸进尺的人，就是狼， 把你的宽容，当成懦弱， 毫无顾忌地剥削， 接二连三地掠夺， 你让步，就是好人； 你拒绝，就是坏蛋！ 很多时候，你帮别人， 关键时刻却没人帮你， 不要以为人心真的能换来人心， 人心换来最多的就是寒心。8、善良是优点，但不能成为你的弱点，心软是慈悲，但不能让自己卑微，你照顾不了所有人的感受，只会让自己不好受。真心给了虚情假意的人，是利用；援手给了不知感恩的人，是无底洞；包容给了心怀不轨的人，是算计；善良给了不喜欢你的人；是浪费。9、人生中，有些东西，只是数字，不必太刻意；有些人，只是过客，不必太留恋；有些事情，也只是事情，不必太奢望。拥有一份美丽的心情，一个简单的心境，一种幸福的感觉，即使不完美，也是最美。10、这些年，有人说你变了，有人说你淡了，你不再任性，你很少冲动。你仿佛已经百毒不侵，天大的痛苦自己扛，百般的滋味自己尝，难言的心情自己藏。生活赐予了你什么，又带走了你什么，只有你自己最清楚！]]></content>
  <author><![CDATA[散文小说家]]></author>
  <time>2018-10-13 08:00:00</time>
  <account><![CDATA[xiyinli168]]></account>
</data>
