<data>
  <id><![CDATA[50514366]]></id>
  <url><![CDATA[https://mp.weixin.qq.com/s?timestamp=1539596308&src=3&ver=1&signature=Egrj350GoKY8-KUcIJshb2eAWPohOh3grQ5m23OcLtMQtF8L6QjfEBHHHUNePuOhzLapWBvnUT08twJsBLtOZfxBsA8bmXx0O2Pc1yxeL2YEybmX9EwOFt8cRpkf*vgOLZ-ly*61SBbJTM6aBsJGTz*cltFgPtDk1Iqnuab30dA=]]></url>
  <title><![CDATA[朋友圈晚安心语正能量句子微信一句话晚安的句子]]></title>
  <content><![CDATA[1.关注后回复当天日期，如：1009 每日一句早安晚安2.关注我们，从早晨开始，一起坚持早起打卡1、人都是逼出来的。一个人，如果不逼自己一把，就根本不知道自己有多优秀。每个人都有潜能的，所以，当面对压力时，要相信自己，一切都能处理得好。人只有压力才会有动力，穷者思变，时世造英雄，逼急了好汉可以上梁山。一个人的成长，必须通过磨炼。有时候，必须对自己狠一次，否则永远也活不出自己。晚安~2、如果我们当初不添加好友，也就不会有那么多有关于你难忘的回忆。3、一直以为幸福就在远方，在那未来。后来才发现，那些拥抱过的人，握过的手、唱过的歌、流过的泪、所谓的曾经，就是幸福。在无数的夜里，想念说过的话、打过的电话，思念过的人。4、男人控制不了的是新欢，女人抵抗不了的是旧爱5、生活赋予我们每个人的权力都是公平的，不要每天去抱怨为什么自己的生活不如别人，其实从另一个角度去看，是自己没有努力的去生活，发现生活的美好之处，当你久病住院，从离开医院的那天起，你是否会发现生命是如此美好呢？活着是多么幸福的一件事呢？一切都是那么美好。晚安!6、每个人都有属于自己的舞台，这个舞台，是那么光灿，美丽，生命从此辉煌无悔!只要坚韧不拔的走下去!晚安!7、十字路口，我们分着走。你走我的泪，我走你的恨。8、人生的旋律是在狂风暴雨里拼搏的绚烂，人生的旋律是在惊涛骇浪中奋进的高昂。梦想是种子，我们便可挥舞着犀利的羽翼在人生这片沃土上播种着春天的希望。晚安!9、有的人把心都掏给了你，你还假装看不见，因为你不喜欢；有的人把你的心都掏走了，你还假装不疼，因为你爱！10、心，与花的距离，在于欣赏，在于懂得；心，与世界的距离，在于容纳，在于敬畏；心，与心的距离，在于理解，在于真诚。]]></content>
  <author><![CDATA[散文小说家]]></author>
  <time>2018-10-09 08:00:00</time>
  <account><![CDATA[xiyinli168]]></account>
</data>
