<data>
  <id><![CDATA[50514366]]></id>
  <url><![CDATA[https://mp.weixin.qq.com/s?timestamp=1539596308&src=3&ver=1&signature=Egrj350GoKY8-KUcIJshb2eAWPohOh3grQ5m23OcLtMQtF8L6QjfEBHHHUNePuOhzLapWBvnUT08twJsBLtOZcAXT-40eDxP*P6HLH9zRrF-Z0sKQ*FJBxt2zXXwiBB8Or9IZtIQx6Pe10z6kUeBngK8q06A6l48c-vXSSa3iNI=]]></url>
  <title><![CDATA[2018最新晚安心语精辟正能量短句]]></title>
  <content><![CDATA[1.关注后回复当天日期，如：1006 每日一句早安晚安2.关注我们，从早晨开始，一起坚持早起打卡01      人一辈子，没有人能打败你，只有你自己打败你自己。靠山山会倒，靠人人会跑，只有自己最可靠。没有人陪你走一辈子，所以你要适应孤独，没有人会帮你一辈子，所以你要奋斗一生。晚安!02      人生的旋律是在狂风暴雨里拼搏的绚烂，人生的旋律是在惊涛骇浪中奋进的高昂。梦想是种子，我们便可挥舞着犀利的羽翼在人生这片沃土上播种着春天的希望。晚安~03      人生无常，有得意，有失意，岁月的痕迹太深，多少繁华变成烟。你不努力，永远不会有人对你公平，只有你努力了，有了资源，有了话语权以后，你才可能为自己争取公平的机会。晚安~04      活着就为了幸福，而幸福，是我们的追求，我们崇尚这样的生活，在人生的旅途上我们寻找着，追逐着。向往着，挣扎着，然而幸福其实就在我们身边。晚安!05      再大的伤痛，睡一觉就把它忘了，背着昨天追赶明天，会累坏了每一个当下。边走边忘，才能感受到每一个迎面而来的幸福，命里有时终需有，命里无时莫强求。烦恼不过夜，健忘才幸福。晚安~06      在这个尘世上，虽然有不少寒冷，不少黑暗，但只要人与人之间多些信任，多些关爱，那么，就会增加许多阳光。晚安~07      在你的生命中，不要让别人来告诉你你做不到。如果你有一个梦想并对它满怀激情，你一定要保护它。当别人做不到一件事时，他们就会告诉你你也做不到；但这不是事实。别人的永远都不会绝对发生在你身上。晚安~08      努力去做自己该做的，但是不要期待回报，不是付出了就会有回报的，做了就不要后悔，不做才后悔。晚安!]]></content>
  <author><![CDATA[散文小说家]]></author>
  <time>2018-10-06 08:00:00</time>
  <account><![CDATA[xiyinli168]]></account>
</data>
