<data>
  <id><![CDATA[50514366]]></id>
  <url><![CDATA[http://mp.weixin.qq.com/s?__biz=MzA4OTE1NjYyNA==&mid=2651841905&idx=7&sn=9b4ab9dbb69a10f8e0906480ac1627c0&chksm=8be4780ebc93f118284af4c415d4ce4dd11d94318aedd76236b274583d8aa95a2eb6b63255e8&scene=27#wechat_redirect]]></url>
  <title><![CDATA[晚上好的祝福晚上好的图片问候]]></title>
  <content><![CDATA[1.关注后回复当天日期，如：1007 每日一句早安晚安2.关注我们，从早晨开始，一起坚持早起打卡01      今夜星光灿烂，好运随时来。疲惫的身体带着倦意慢慢入睡，愿你做一个好梦，梦中流星滑落让你愿望成真，晚安!02      让夜风带走一天的疲惫，让月光驱走一天的烦恼，让星星点亮一天的好心情，亲爱的朋友，祝你轻松入眠，美梦连篇，晚安。03      月辉盈盈，是我每天想念你的心情;满天繁星，是我每天为你守望的眼睛;守望的心，守候的情，只望你拥有一个美丽夜晚。晚安!04      一夜好梦，忘记所有忧愁;一夜香甜，抛却所有烦恼;一夜深睡，甩掉所有苦痛;一觉醒来，开启新的美好。朋友晚安。05      卸下一身装扮，轻松躺在床上，深深一呼吸，即将梦周公，愿梦中一切都实现，晚安，愿清晨醒来别样舒爽!06      晚上睡不着，怎么办?数数，太俗;吃安眠药，太伤身体，干脆就默念对你的祝福，准保你睡得香，祝你晚安!07      我们要学会经营自己的生活，不是天天混日子，也不是天天熬日子，而是天天享受日子。心境简单了，就有心思经营生活;生活简单了，就有时间享受人生。活得简单不难，只需懂得为自己而活，为美好而生，为幸福而做。多一分快怡，少一分忧伤;多一分真实，少一分虚伪;多一分悠闲，少一分忙乱。晚安!08      微风吹来丝丝秋意，月亮照出梦的甜蜜，亲爱的朋友，一声问候，一个愿望送给你，希望你每天能少一点忧愁，多一些快乐，少一点烦恼，多一些顺意，祝你每天快乐相随，晚安!09      遥遥的梦亮起一盏灯，听我心愿一声声，但愿你的人生再也没有伤痕，但愿你平安一程又一程，但愿所有的美好装满您的梦，祝你好梦。]]></content>
  <author><![CDATA[散文小说家]]></author>
  <time>2018-10-07 00:00:00</time>
  <account><![CDATA[xiyinli168]]></account>
</data>
