<data>
  <id><![CDATA[50514366]]></id>
  <url><![CDATA[https://mp.weixin.qq.com/s?timestamp=1539596308&src=3&ver=1&signature=Egrj350GoKY8-KUcIJshb2eAWPohOh3grQ5m23OcLtMQtF8L6QjfEBHHHUNePuOhzLapWBvnUT08twJsBLtOZauyy5Y-VOpkaQASpHb2hhYcRWbD7zJGIDpfJfWW99BGrOX9kh6CPLGTw4kteRy1ze0NABRZiHAWNlPauz939qk=]]></url>
  <title><![CDATA[余秋雨：来生，我依旧等你。]]></title>
  <content><![CDATA[1.关注后回复当天日期，如：1014 每日一句早安晚安2.关注我们，从早晨开始，一起坚持早起打卡我藏不住秘密，也藏不住忧伤，正如我藏不住爱你的喜悦，藏不住分离时的彷徨。我就是这样坦然，你舍得伤，就伤。如果有一天，你要离开我，我不会留你，我知道你有你的理由；如果有一天，你说还爱我，我会告诉你，其实我一直在等你；如果有一天，我们擦肩而过，我会停住脚步，凝视你远去的背影，告诉自己那个人我曾经爱过。或许人一生可以爱很多次，然而总有一个人可以让我们笑得最灿烂，哭得最透彻，想得最深切。炊烟起了，我在门口等你。夕阳下了，我在山边等你。叶子黄了，我在树下等你。月儿弯了，我在十五等你。细雨来了，我在伞下等你。流水冻了，我在河畔等你。生命累了，我在天堂等你。我们老了，我在来生等你。能厮守到老的，不只是爱情，还有责任和习惯。永远也不要记恨一个男人，毕竟当初，他曾爱过你，疼过你，给过你幸福。永远不要说这个世界上再也没有好男人了，或许明天，你就会遇到爱你的那个男人，在你眼里，他再坏也是好。每个人都有一个死角，自己走不出来，别人也闯不进去。我把最深沉的秘密放在那里。你不懂我，我不怪你。每个人都有一道伤口，或深或浅……我把最殷红的鲜血涂在那里。你不懂我，我不怪你。每个人都有一行眼泪，喝下的冰冷的水，酝酿成的热泪。我把最心酸的委屈汇在那里。你不懂我，我不怪你。假如你想要一件东西，就放它走。它若能回来找你，就永远属于你；它若不回来，那根本就不是你的。如果真的有一天，某个回不来的人消失了，某个离不开的人离开了，也没关系。时间会把最正确的人带到你的身边，在此之前，你所要做的，是好好的照顾自己。无论生活得多么艰难，最后你总会找到一个让你心甘情愿傻傻相伴的人。你可以沉默不语，不管我的着急；你可以不回信息，不顾我的焦虑；你可以将我的关心，说成让你烦躁的原因；你可以把我的思念，丢在角落不屑一顾。你可以对着其他人微笑，你可以给别人拥抱，你可以对全世界好，却忘了我一直的伤心。你不过是仗着我喜欢你，而那，却是唯一让我变得卑微的原因。如果，在身边的最后真的不是你。如果经历了那么多坎坷辗转后，最终还是要分开。如果故事到最后，是我们的身边都有了别的人。如果回忆，诺言和曾经相爱的决心都在现实面前变得渺小，不堪一击。不管以后如何，不管结局如何。现在的我还是愿意执着的去爱。我们一起等我们的最后，最后的最后。]]></content>
  <author><![CDATA[散文小说家]]></author>
  <time>2018-10-14 08:00:00</time>
  <account><![CDATA[xiyinli168]]></account>
</data>
