<data>
  <id><![CDATA[50514366]]></id>
  <url><![CDATA[https://mp.weixin.qq.com/s?timestamp=1539596308&src=3&ver=1&signature=Egrj350GoKY8-KUcIJshb2eAWPohOh3grQ5m23OcLtMQtF8L6QjfEBHHHUNePuOhzLapWBvnUT08twJsBLtOZQWfJppPpsbWajsgtmB5OwK7i3uRYPg8BLRW590N5z1z-7iVARMC5SCg4HMNrUqDozZWZJ0qCGYda3qE9N8Z3zA=]]></url>
  <title><![CDATA[每日一句人生感悟]]></title>
  <content><![CDATA[1.关注后回复当天日期，如：1010 每日一句早安晚安2.关注我们，从早晨开始，一起坚持早起打卡人生千灯万盏，不如心灯一盏。心变得简单，快乐就会相随；心存善良，世界就会变得美好；心若坚强，生命就会有力量；心若有归宿，日子便会馨香；心若随缘，便无烦恼生成；心若超脱，便会淡然；心若感恩，幸福就会来临；心若有禅意，人生则豁然开朗。盈一份感悟轻放于流年，有些念轻轻放下，未必不是一种解脱；有些人慢慢遗忘，未必不是一种轻松；有些痛渐渐淡忘，未必不是一种睿智。一方一净土，一笑一尘缘.，一念一清净，心是莲花开，人生，身安，不如心安；路宽，不如心宽，一无所有的时候，守着自己的心便可安然。]]></content>
  <author><![CDATA[散文小说家]]></author>
  <time>2018-10-10 08:00:00</time>
  <account><![CDATA[xiyinli168]]></account>
</data>
