<data>
  <id><![CDATA[50514366]]></id>
  <url><![CDATA[https://mp.weixin.qq.com/s?timestamp=1539596308&src=3&ver=1&signature=Egrj350GoKY8-KUcIJshb2eAWPohOh3grQ5m23OcLtMQtF8L6QjfEBHHHUNePuOhzLapWBvnUT08twJsBLtOZZJ5vdyFz7pMMHwsDrz2r-tju00uHyWlqVwuOhj*AJDHNH4Gxv*qhojQgGNZZufwhKX0pCdrT*QI6*8mWYbtp*k=]]></url>
  <title><![CDATA[微信早安语录早安心语优美的句子]]></title>
  <content><![CDATA[1.关注后回复当天日期，如：1011 每日一句早安晚安2.关注我们，从早晨开始，一起坚持早起打卡1、付出真心，才会得到真心，却也可能伤的彻底。保持距离，就能保护自己，却也注定永远寂寞。2、“ 怀念不一定就要相见，喜欢不一定就要在一起，你要相信，每一种距离都有它存在的意义 。3、每当我倦怠想要放弃的时候，另一个我就对自己说：“如果你现在不做，你就没有将来了。4、我喜欢那些不管我现在的生活是怎样，却能让我微笑起来的回忆，毫无预兆冒出来的那种。5、学会不要过度用心对别人，保留一份，不是不真诚，只是为了自己不受伤。早安6、一个有事业追求的人，可以把梦做得高些。虽然开始时是梦想，但只要不停地做，不轻易放弃，梦想能成真。7、最容易令人感到温暖和惊喜的是陌生人，因为你对他们没有期望。最容易令人感到心寒和悲哀的是亲人，因为你爱他们。8、我藏不住秘密，也藏不住忧伤，正如我藏不住爱你的喜悦，藏不住分离时的彷徨。我就是这样坦然，你舍得伤，就伤。9、时常会告诉自己，虽然在最低的位置，看不到花朵绽放时的艳丽，然而却不会错过，花瓣飘落时在风中悠扬飞舞的浪漫。10、原来，再大的房子，再大的床，没有相爱的人陪伴，都只是冰冷的物质。而如果身边有爱人陪伴，即使房子小，床小，也觉得无关紧要，因为这些物质上面有了爱的温度，成了家的元素。]]></content>
  <author><![CDATA[散文小说家]]></author>
  <time>2018-10-11 09:00:00</time>
  <account><![CDATA[xiyinli168]]></account>
</data>
