<data>
  <id><![CDATA[50514366]]></id>
  <url><![CDATA[https://mp.weixin.qq.com/s?timestamp=1539596308&src=3&ver=1&signature=Egrj350GoKY8-KUcIJshb2eAWPohOh3grQ5m23OcLtMQtF8L6QjfEBHHHUNePuOhzLapWBvnUT08twJsBLtOZQWfJppPpsbWajsgtmB5OwIenxH9ktqAuF8yLTEWocCwYJ3pKd5q0Tfh-27mFlCzyxrcd*jbedC3*ltnETjSBfI=]]></url>
  <title><![CDATA[晚安心语晚安优美的话语]]></title>
  <content><![CDATA[1.关注后回复当天日期，如：1010 每日一句早安晚安2.关注我们，从早晨开始，一起坚持早起打卡大喜大悲看清自己，大起大落看清朋友。没有一个足够宽容的心，就看不到一个春光明媚的世界。要自由的人，其实要担最大的责任，选别人少走的路的人，要背负最沉重的枷锁，从来就没有不需要抵抗重力的飞翔。那一年的那一天，我们相遇了。正如爱情的到来，正如我对你的一见钟情。就这样我们，默然相爱，寂静喜欢。你叫我傻子,我叫你笨蛋。因为我不知道，下一辈子是否还能遇见你，所以我今生才会，那么努力，把最好的给你,影子在下雨天也会缺席，可是，无条件会陪你的人，狂风豪雨都一直会在。一句哲理在年轻人嘴里说出和在老年人嘴里说出是不一样的。年轻人说的只是这句哲理本身，尽管他可能理解得完全正确。而老年人不只是说了这句哲理，其中还包含了他的全部生活！人生像一束鲜花,仔细观赏,才能看到它的美丽;人生像一杯清茶,细细品味,才能品出味道。生命是盛开的花朵,绽放美丽,绚丽多彩;生命是精美的小诗,清新流畅,意蕴悠长;生命是优美的乐曲,音律和谐,宛转悠扬;生命是流淌的江河,奔流不息,滚滚向前。我的心分外地寂寞。然而我的心很平安：没有爱憎，没有哀乐，也没有颜色和声音。你是否很厌倦你目前的工作？我想大部分的回答是肯定的。厌职情绪使我们失去了工作的乐趣,还会严重地影响到我们工作和生活,我们应该及早消除它。要消除厌职情绪，就要保持良好的工作心态，学会爱自己的职业，合理安排工作和生活，这样才能找回一个原本充满激情与活力的自己。无论做什么事，只有出奇才能制胜，这是一种上乘的做事心态。出奇就是想别人所没有想到的，做别人所没有做到的，只有这样，你才能在竞争中脱颖而出。而要出奇，就必须打开封闭的头脑，也许一个新的创见，就可能改进我们的工作业绩，改变我们的生活。有人说，错过，不是错了，只是过了。可是，发现原来有目光追随了自己整个青春，这样的错过，晚了一步，遗憾到痛。一只站在树上的鸟儿，从来不会害怕树枝断裂，因为它相信的不是树枝，而是自己的翅膀。很多时候，我们与其羡慕别人顺风顺水，抱怨自己周遭险恶，不如在成长的路上不断努力。只有让自己强大起来，才能获得最大的安全感。]]></content>
  <author><![CDATA[散文小说家]]></author>
  <time>2018-10-10 08:00:00</time>
  <account><![CDATA[xiyinli168]]></account>
</data>
