<data>
  <id><![CDATA[50514366]]></id>
  <url><![CDATA[https://mp.weixin.qq.com/s?timestamp=1539596308&src=3&ver=1&signature=Egrj350GoKY8-KUcIJshb2eAWPohOh3grQ5m23OcLtMQtF8L6QjfEBHHHUNePuOhzLapWBvnUT08twJsBLtOZba76Rf9nGoHNDl0DMWsmJU6k5LVQpYtydA8z0uRvSISFFTNXeD9wzZeOSE9L7UbzC5hHFJ-OagZMU7K575Z8aY=]]></url>
  <title><![CDATA[10月微信很棒的早安励志经典语录句句激励人心]]></title>
  <content><![CDATA[1.关注后回复当天日期，如：1013 每日一句早安晚安2.关注我们，从早晨开始，一起坚持早起打卡1、只有承担起旅途风雨，才能最终守得住彩虹满天。无论你觉得自己多么的不幸，永远有人比你更加不幸。失败并不意味你浪费了时间和生命，失败表明你有理由重新开始。2、我们改变不了别人，可也不能因此耽误了自己的人生。友情也好爱情也罢，都不能将就，如果真心错付，及时止损，趁早远离，是最明智的做法。3、只要我清者自清，就不怕流言攻击。 只要我人品端正，就能够活得洒脱。 人生本就烦恼多，你又何必想太多， 这辈子无法重来， 要学着为自己活，怎么开心怎么活！4、自己喜欢的东西就不要问别人好不好看，自己决定做的事就不要问别人同不同意。你的生活，不会因为别人的话而变好。但，会因为你的努力而有更多可能性！5、每天的生活，不再为一点小事伤心动怒，也不再为一些小人愤愤不平。一定要打份得清清爽爽，漂漂亮亮，从容自若面对生活。6、不喜爱的，你可以礼貌的拒绝，但尽量不要说谎，也不必牵强自己。人这一生时间有限，强迫自己久了，反而会忘记去主动争取自己的所想。7、总需要经历过才知道自己真的需要什么 多碰壁才能多反省才会变得更好。记得，当你变得优秀的时候 自然有人会与你并肩。8、生活给我们每个人带来的面貌都是不同的。很多事情我们没办法跟人比较，唯一能做的，就是自信、善良、坚强的过好当下的每一天。9、两匹马驼同样的东西，一匹马很健壮，驼起来很轻松，另一匹很瘦弱，驼起来很费力。瘦马希望壮马帮忙驼一些，被拒绝，后来累死了。然后主人把瘦马的东西也让壮马来驼，最后，壮马也累死了！【启示】——所谓团队精神，就是不要只顾自己前行，必要时要与同事分担同行！10、人生，顺其自然就好，心安自然快乐。以淡然的心态看世界，不要生活总是那么圆圆满满，也不要幻想在生活的四季所有的春天，每个人的一生都是注定要跋涉坎坎。只要心中的没有萎缩，只要自己的季节没有严冬，即使是风凄苦雨又奈我何。]]></content>
  <author><![CDATA[散文小说家]]></author>
  <time>2018-10-13 08:00:00</time>
  <account><![CDATA[xiyinli168]]></account>
</data>
