<data>
  <id><![CDATA[50514366]]></id>
  <url><![CDATA[https://mp.weixin.qq.com/s?timestamp=1539596308&src=3&ver=1&signature=Egrj350GoKY8-KUcIJshb2eAWPohOh3grQ5m23OcLtMQtF8L6QjfEBHHHUNePuOhzLapWBvnUT08twJsBLtOZVtI-L1QYjwVRNpjTdjpobdrS-ad*vycgP5o4Rvrc9Q8ZlB0r07NFA99yhIdKYv6i8D-Ya8ScF2x4j2TjWikGvc=]]></url>
  <title><![CDATA[早上好走心的祝福语大全2018]]></title>
  <content><![CDATA[1.关注后回复当天日期，如：1012 每日一句早安晚安2.关注我们，从早晨开始，一起坚持早起打卡1、用健康搅拌香浓的咖啡，用幸福烘烤原麦的面包，用温暖叫醒快乐的你；阳光给你洗洗脸，晴天给你刷刷牙，微笑一下，给自己加油打气，早上好。2、人生，就是一次不带地图的旅行，每天都是一个小探险。今天的探险要开始了，你准备好了吗？早安，亲爱的朋友！3、早上好，一束阳光照在身，祝你天天都开心，财神家中去，梦想变成真，今天中大奖，明天去上任，朋友的祝福全都是真心。早安!4、太阳当空照，花儿对你笑，拿起你的工作包，快乐上班了。从来不迟到，爱工作，爱创新，时光不虚耗。碰到同事有礼貌，问候少不了，早安。5、心里装着善良、宽容、真诚、感恩，你的生命就充满了阳光。无论遇到任何矛盾，都会先找自身的不足加以修正，他人的一切不好，都会在你博大的胸怀中消释。凡事先想想别人的感受，让别人也感到温暖。你关心别人，别人也就想着你，最终，你得到的会比你付出的还要多。新的一天，早安！6、努力是人生的一种精神状态，往往最美的不是成功的那一刻，而是那段努力奋斗的过程。朋友，愿你努力后的明天更精彩，早安！7、无须缅怀昨天，不必奢望明天，只要认真过好每个今天，说能说的话，做可做的事，走该走的路，见想见的人。祝你今天有个好心情，早安。8、提一盏七色快乐灯，站在微光的清晨，推开幸福城堡的大门，送去我最真挚的祝福。亲爱的朋友早安，祝愿你一生幸福，健康平安。9、早上好，送你清新的问候，温馨的祝福，清晨，美好的开始，祝你今天精神棒棒，活力多多，心情好好，一切都好！10、短信一条，祝福送到；短信一条，关怀送到；短信一条，添衣加帽；短信一条，烦恼丢掉；短信一条，开心笑笑；短信一条，幸福报道，祝你早上安好。]]></content>
  <author><![CDATA[散文小说家]]></author>
  <time>2018-10-12 08:00:00</time>
  <account><![CDATA[xiyinli168]]></account>
</data>
