<data>
  <id><![CDATA[50514366]]></id>
  <url><![CDATA[https://mp.weixin.qq.com/s?timestamp=1539596308&src=3&ver=1&signature=Egrj350GoKY8-KUcIJshb2eAWPohOh3grQ5m23OcLtMQtF8L6QjfEBHHHUNePuOhzLapWBvnUT08twJsBLtOZba76Rf9nGoHNDl0DMWsmJV5bPM1lXzmcc*hUdDczVZT9c6Z8HbZ5dBpnNnFFV2kzziVlGDkOJPZWz9RO2d-NHM=]]></url>
  <title><![CDATA[生活越过越好，人却越来越累]]></title>
  <content><![CDATA[1.关注后回复当天日期，如：1013 每日一句早安晚安2.关注我们，从早晨开始，一起坚持早起打卡生活越过越好，人却越来越累。虽然不愁吃不愁穿了，可是每天总有那么多烦恼。我们总是把自己搞得这么累，顾虑这个抱怨那个的，有时候在想是不是我们自己，把自己逼的太累了。人活一世，说长不长，说短不短，忧虑也是过一天，开心也是过一天。人还是活得洒脱点好！今朝有酒今朝醉，事情来了就解决，别总是放在心里累坏自己。昨天再好，也回不去；明天再难，也要抬脚继续。日子，过得是心情。压力大的时候，就出去走走，听听歌，看看窗外抒解下心情。天大海阔，我们又是何其渺小，希望朋友们都能，看开一点放轻松一点，带着好心情，过好每一天！]]></content>
  <author><![CDATA[散文小说家]]></author>
  <time>2018-10-13 08:00:00</time>
  <account><![CDATA[xiyinli168]]></account>
</data>
