<data>
  <id><![CDATA[50514366]]></id>
  <url><![CDATA[https://mp.weixin.qq.com/s?timestamp=1539596308&src=3&ver=1&signature=Egrj350GoKY8-KUcIJshb2eAWPohOh3grQ5m23OcLtMQtF8L6QjfEBHHHUNePuOhzLapWBvnUT08twJsBLtOZZJ5vdyFz7pMMHwsDrz2r-tQzTo1m05wo7saZXbkrvDgmj0AWNfKQtZBEp4lGDCk2pWBZjw5FH1Mph7lLWzXjRY=]]></url>
  <title><![CDATA[送你七个笑话，一个比一个好笑！笑得肚子疼！]]></title>
  <content><![CDATA[1.关注后回复当天日期，如：1011 每日一句早安晚安2.关注我们，从早晨开始，一起坚持早起打卡01变白秘籍“大师，我本来就黑，一到夏天就晒的更黑了，别人都取笑我，我该怎么办？＂大师不言语，悠悠的把寺门打开，让阳光投射进来。＂我明白了大师，你是让我打开心扉，不要在乎别人的看法，对吗？＂＂不是，老衲只是想看清楚，施主你到底在哪！......02减肥保命记者：是什么原因让你下定决心减肥的？答：那天中午很热，我中暑晕倒了！记者：中暑就决定减肥了？答：不是的，在我被抬上救护车的时候，我清晰的记得他们喊：1——2——3起！1——2——3起！1——2——3起！我都醒了，还没被抬上车。——减的是肥，保的是命！03属猴的师弟一朋友去花果山旅游，来到售票处买票。售票员问:“先生，你属猴么?”朋友说:“不属猴。”售票员说:“可惜啊，我们公司搞活动，属猴的免费。”朋友说:“啊，那你得给我个半票。”售票员问:“为什么啊?”朋友说:“我属猪的，是猴哥的师弟。04酒后驾驶昨晚半夜，电话响了一哥们打来电话说：“兄弟，我车里东西被偷了。”我说：“哥们那先报警啊！”哥们说：“不是啥值钱的玩意，方向盘、油门、刹车都让人给卸下去了，你开车来接我一下吧！”我一想，现在小偷啥都干呢，赶紧穿衣服下楼。刚出小区门口，哥们来电话了“兄弟，不用来了，妈的，喝多了，坐副驾驶上了。05刀疤哥偶然结识了一位社会大哥，和大哥一起吃饭，发现他的右脸有一道深深的刀疤。遂问：“大哥，你这么神勇，我想知道到底是什么人敢在你的脸上留下一道如此深的刀疤？！”大哥放下酒杯，四十五度角仰望天花板，眼里泛着泪光，说：“我…是剖腹产…”06煮茶老公从县城买回来二斤茶叶，傻媳妇问老公：这东西怎么吃啊？老公说：拿开水一冲就行了，第二天，老公刚一回家，媳妇就对老公说：你买的那是什么草啊，一点也不好吃，还一股怪味！老公一看，媳妇将两斤茶叶都煮到了锅里，气得老公打了媳妇一耳光，媳妇跑到娘家那里哭诉。她娘喝了口茶，责怪道:难怪他打你，酱油醋香油你不放，你怎么也得放点盐啊？07娃娃菜刚去吃饭，点了个娃娃菜，结果老板给我端上来这……我惊呆了，你说我是吃呢？还是抱走？ 愁死我了]]></content>
  <author><![CDATA[散文小说家]]></author>
  <time>2018-10-11 09:00:00</time>
  <account><![CDATA[xiyinli168]]></account>
</data>
