<data>
  <id><![CDATA[50514366]]></id>
  <url><![CDATA[https://mp.weixin.qq.com/s?timestamp=1539596308&src=3&ver=1&signature=Egrj350GoKY8-KUcIJshb2eAWPohOh3grQ5m23OcLtMQtF8L6QjfEBHHHUNePuOhzLapWBvnUT08twJsBLtOZQWfJppPpsbWajsgtmB5OwKcCB8ClJNeGByqcrYcZVXOAliATJDFjD0mvQf8nZBk2Ch5AdaySrxEEcerKZV78S0=]]></url>
  <title><![CDATA[早安心语温暖人的句子唯美经典爱情句子]]></title>
  <content><![CDATA[1.关注后回复当天日期，如：1010 每日一句早安晚安2.关注我们，从早晨开始，一起坚持早起打卡有苦有乐的人生是充实的。人的一生，没有谁事事得意，处处风光，淡然一些，看开一点。学会珍惜每个今天，才能拥有无悔的明天，在生活的过程中，保持一种平常的心态，淡然而简单，你就会愉快!以前认为水不可能倒流，那是还没有找到发明抽水机的方法;现在认为太阳不可能从西边出来，这是还没住到太阳从西边出来的星球上。这个世界只有想不到的，没有做不到的!早安~人的一生很像是在雾中行走，远远望去，只是迷蒙一片，辨不出方向和凶吉。可是，当你鼓起勇气，放下忧惧和怀疑，一步一步向前走去的时候，你就会发现，每走一步，你都能把下一步路看得清楚一点。“往前走，别站在远远的地方观望!”你就可以找到你的方向。早安!你给生活意境，生活才能给你风景。生活的快乐与否，是由自己决定的，确切来说，是由心态决定的。生活是一件艺术品，每个人都有自己认为最美的一笔，每个人也都有认为不尽如人意的一笔，关键在于你怎样看待。早安！从小觉得最厉害的人就是妈妈，不怕黑，什么都知道，做好吃的饭，把生活打理得井井有条，哭着不知道怎么办时只好找她。可我好像忘了这个被我依靠的人也曾是个小姑娘，怕黑也掉眼泪，笨手笨脚会被针扎到手。最美的姑娘，是什么让你变得这么强大呢，是岁月，还是爱。早安！人活一世，珍惜自己拥有的，在人生中，许多的成败与得失，并不是我们都能预料到的，很多的事情也并不是我们都能够承担得起的，但，只要我们努力去做，求得一份付出后的坦然，其实得到的也是一种快乐!早安!当你的才华还撑不起你的野心的时候，你就应该静下心来学习;当你的能力还驾驭不了你的目标时，就应该沉下心来，历练;梦想，不是浮躁，而是沉淀和积累，只有拼出来的美丽，没有等出来的辉煌，机会永远是留给最渴望的那个人，学会与内心深处的你对话，问问自己，想要怎样的人生，静心学习，耐心沉淀，早安!共勉!马云说：生孩子，明明知道痛，可却还是生了。投资，明明知道有风险，但还是投了；一点都不想付出，却想着月入过万，十几万？那是做梦了。成功人的两会：开会、培训会。普通人的两会：约会、聚会。穷人的两会：这也不会，那也不会。奋斗的人两会：必须会，一定得会！生活总是不能叫人处处都满意。但我们还要热情地活下去。人活一生，值得爱的东西很多，不要因为一个不满意，就灰心。有时候，心里会突然冒出一种厌倦的情绪，觉得自己很累很累。只想放纵自己一回，希望能痛痛快快歇斯底里地疯一次。当你一点一点学会克制住很多东西，才能驾驭好人生。虽然不是每天都有阳光，不是每天都会凉爽，但只要我们心中有阳光，人生总会是晴朗，只要我们心中有凉爽，每天都会充满希望。]]></content>
  <author><![CDATA[散文小说家]]></author>
  <time>2018-10-10 08:00:00</time>
  <account><![CDATA[xiyinli168]]></account>
</data>
