<data>
  <id><![CDATA[50514366]]></id>
  <url><![CDATA[https://mp.weixin.qq.com/s?timestamp=1539596308&src=3&ver=1&signature=Egrj350GoKY8-KUcIJshb2eAWPohOh3grQ5m23OcLtMQtF8L6QjfEBHHHUNePuOhzLapWBvnUT08twJsBLtOZbvWMwLkrKpIGOWUgcHHclmSijgHcGDRPQyU-trQFwG5vBRd08K6RaXi-1dqjWz6AdXPtmo3hbefau-QDiKyPzo=]]></url>
  <title><![CDATA[早安正能量经典语句早安励志哲理语录]]></title>
  <content><![CDATA[1.关注后回复当天日期，如：1015 每日一句早安晚安2.关注我们，从早晨开始，一起坚持早起打卡1、一个人经历地越多，他的抱怨就会越少。越是优秀越是努力，这一现象的根因在于，优秀的人总能看到比自己更好的，而平庸的人总能看到比自己更差的。真的努力后你会发现自己要比想象的优秀很多。早安！2、今天再大的事，到了明天就是小事；今年再大的事，到了明年就是故事；今生再大的事，到了来世就是传说，我们最多也就是个有故事的人。生活中、工作中遇到不顺的事，对自己说一声：今天会过去，明天会到来，新的一天新的开始，努力加油!3、我不再觉得一个人的梦想一定要在哪里才能生根发芽。能够让你最终实现梦想的，不是一个“地方”，而是你长久的努力，还有不怕输的决心。4、没有别人聪明，就要比别人努力。没有别人有钱，就要比别人能吃苦。没有别人的机会多，就要主动去创造机会。一分付出一分收获。成功就是1％的机会99％的努力＋坚持。————勤奋成就生活之美！5、每当疲惫的时候，那就停下脚步，遥想追逐的远方，恢复力量再上路；每当困惑的时候，那就停下脚步，梳理纷乱的思绪，驱走迷茫再上路；每当痛苦的时候，那就停下脚步，抚摸流血的伤口，擦干眼泪再上路；每当放弃的时候，那就停下脚步，作出艰难的取舍，振奋精神再上路。停下脚步，只为走得更远。早安！6、总要试着去相信，这个世界很美好！所有的不快乐都要试着原谅，相信所有的爱都在身边！毕竟自己是全心全意！早安，亲人，爱人，朋友。7、有时候，努力，不是为了改变世界，而是不被世界改变。没有一条路是弯路，也没有一种努力是荒废，因为生命的精彩从来都不是以结局论断好坏。不是所有奋斗都会有一个让你满意的结果，但每一个奋斗的过程都会让你变得与众不同！只要一直走下去，蓦然回首，你会发现，坚持的每一处，都是曾经想要放弃时以为到达不了的地方！早安！8、我们在看到别人光芒万丈的同时，也要相信自我奋斗的力量。如果你不逼自己面对现实与挫折的残酷，你将永远不知道自己会有多么优秀。愿你纵踩淤泥，也要心向光明。早安！9、昨天再美好，终究压缩成今天的回忆，我们再无奈，也阻挡不了时间匆忙的步履；今天再精彩，也会拼凑成明天的历史，我们再执着，也拒绝不了岁月赋予的伤痕。我们想念昨天，因它融解一切美好向往，流逝了所有倾情的追求。过去已经定格，就让它尘封吧，努力书写今天，让明天的怀念多一些亮色。早安！10、前行的路，不怕万人阻挡，只怕自己投降；人生的帆，不怕狂风巨浪，只怕自己没胆量！有路，就大胆去走；有梦，就大胆飞翔。大胆，才应该是我们的信仰，梦想，永远只会是梦里空想，要知道，逆风的方向，更适合飞翔；才是人生奋斗的方向！早安！]]></content>
  <author><![CDATA[散文小说家]]></author>
  <time>2018-10-15 08:00:00</time>
  <account><![CDATA[xiyinli168]]></account>
</data>
