<data>
  <id><![CDATA[50517799]]></id>
  <url><![CDATA[https://mp.weixin.qq.com/s?timestamp=1539596380&src=3&ver=1&signature=Egrj350GoKY8-KUcIJshb1YJ0JtwEHLmYYdMt86WlwfWEOyru7V1DRy7PAZB5k92v7Nek7QMZNzNH-g5ihOxsl60VJx3mR9AhWGIX1vBVmL2oSJ-oFWT54Jkeb82McRX6fIJrVY6GlYaMWbIdyEM0o6ICzxz9C*SkX65iWUi9Bg=]]></url>
  <title><![CDATA[唐山许斌和他的“上九琨窑”]]></title>
  <content><![CDATA[许斌为中国人民大学量身打造的“求事杯” 许斌 供图长城网唐山讯（记者 金宗明）9月28日，一款别出心裁的校园文创产品——为中国人民大学量身打造的“求事杯”在市面上亮相了。杯子巧妙地把人大校徽的形象融入到杯子把手中，让人眼前一亮。就是这个精巧的创意，将杯子做成了100万件，打开了一片前景可期的校园文创市场。这是设计师许斌继成功设计杭州G20峰会国宴用瓷后，再一次用独特的设计理念走出一条校企合作之路。茫茫人海中，41岁的许斌不显山不露水。只有熟悉他的人才知道，这个低调的唐山汉子是唐山琨窑陶瓷有限公司创始人、总设计师，"上九琨窑“是公司品牌。由他担纲总策划、总设计的国宴用瓷《青铜时代》荣膺国家指定2016年G20峰会各国首脑首选国宴用瓷。“我是唐山人，我不做陶瓷人让谁来做？”设计，是一种心力。许斌将自己所有的智慧和灵感融入他的作品，将他对艺术的执着毫无保留地展现给世人。人们惊叹于瓷器作品的精美，却往往忽略了背后设计师的心血。许斌说，自己甘做炉中火、泥坯子，用心血熔铸每一件作品。许斌，1977年生于河北唐山。1999年，许斌考上了河北师大工艺美术系，从此与设计结下了不解之缘。他和陶瓷的第一次亲密接触是在2007年，偶然之下，许斌知道了在白瓷上作画可以赚取手工费，于是在唐山某知名企业购买了两套白瓷，并在上面画起了皮影。没想到极具唐山特色的皮影陶瓷一出，备受人们的青睐，两套作品没几天就被人高价买走。基于对陶瓷的极大兴趣，再加上小试牛刀取得的成功，许斌就此走上了陶瓷设计的道路。为了解全国陶瓷现状，找到制约唐山陶瓷发展的症结，他的足迹踏遍了全国各地瓷器生产地。由于没有经济来源，在路边啃馒头咸菜成了家常便饭。父母、同学们看不惯他身陷这般境遇，几次找到他开“专场批斗会”，没想到，他的一根筋大脑就是拗不过来，对着大家吼道：“咱唐山陶瓷有过光荣的历史，唐山要撑起中国北方瓷都的美誉，我是唐山人，你让外地人来做吗？你不做陶瓷人，我不做陶瓷人，让谁来做？”，一番话，震耳发聩，令人哑口无言。“既然选择了陶瓷职业，就要甘当泥坯子，就要甘当炉中火，就要甘当铺路石。为打造本行业最优质的产品，我愿把全部心血化成泥浆去熔铸属于自己的民族品牌！”他从唐山传统皮影艺术入手，深化对传统文化的了解；继而又背起行囊，走进了云贵、甘陕地区，尤其是对蜡染、扎染艺术、背扇艺术、敦煌艺术与陶瓷艺术相融合进行了大胆探索和实践。经过上百次的试验，他的设计水平得到显著提升，更加坚定了他决定以民族艺术语汇作为自己品牌元素符号的文化自信。渗透心血而绽放唐山瓷G20杭州峰会上惊艳亮相许斌和他的“青铜时代”。回忆设计创作“青铜时代”的日子，许斌依然感慨不已，是不懈的坚守和反复的打磨，让他的作品走上巅峰，为世人瞩目。2016杭州G20国宴用瓷“青铜时代”，吸引了世人目光，向世界展示唐山骨质瓷的顶级品质。2016年9月5日，举世瞩目的杭州G20杭州峰会圆满闭幕，这场顶级国际盛会的中国元素、中国制造、中国形象等吸引了人们的目光，而唐山瓷也在这个高大上的峰会上惊艳亮相，向世界展示了唐山骨质瓷的顶级品质。此次国宴VIP贵宾用瓷，共两套，一套是“青铜时代”，一套是“梦幻江南”，主创团队正是许斌的公司。“青铜时代”的特点是突出了中华民族优秀传统文化的显著特征，融汇了世界优秀文明成果的多元文化元素。每一件器型、每一个纹饰，都有全新的设计理念，都有深邃的历史典故，可谓件件精品、浑然天成。只有许斌知道，这里面渗透了多少心血和艰难的阵痛。“青铜时代”创造了国宴产品多项纪录：它是有史以来国宴用瓷开发新产品品种最多的一次；改变了以往生产国宴瓷多个厂家生产与设计的状况，实现了独家企业自主研发、独自完成的历史性突破；这是我国小微企业首次在世界舞台称雄争霸，并囊括了此次峰会国宴用瓷产品的所有专利。悉心传承，匠心做瓷他立志让民族品牌走向世界大连民族大学授予唐山琨窑陶瓷有限公司“大学生优秀校外实践教育基地”称号。许斌个人也成为大连民族大学设计学院客座导师。许斌 供图许斌经过十多年的摔打，终于找到了自己的位置。最近，许斌多了一个新的身份：大连民族大学设计学院客座导师。每个月他往返于大连与唐山之间，把自己对于陶瓷艺术的深入理解，对于祖国传统文化的深刻领会，尤其是饱含民族元素的设计理念，向年轻的学子们悉心传授。他说，愿将自己毕生所得无私分享给年轻人，让更多的孩子了解并热爱传统艺术文化，并将其发扬光大。校企合作平台的搭建也充分体现了他进一步升华自己的设计理念，保持行业领先性的远见卓识。登高一目极千里，望到天边不是边。作为一个“低调做人，高调做事”的唐山汉子，许斌决心继续发扬“大国工匠”精神，立足民族土壤，放眼世界前沿，汇聚国内外文化精英，潜心开拓国瓷新的领域，策划和设计系列国礼用瓷，力争让更多的民族品牌走向世界！来源：长城网1964年12月，我们小分队在滇西北找矿。小分队一共8人，其中4名警战士每人配备一支冲锋枪。一天，出发前，一位纳西族老乡搭我们的车去维西。那天路上积雪很大，雪下的路面坑洼不平，车子行驶一段就会被雪坞住。我们不得不经常下来推车。就在我们又一次下车推车的时候，一群褐黄色的东西慢慢向我们靠近。我们正惊疑、猜测时，纳西族老乡急喊：“快、快赶紧上车，是一群狼。”司机小王赶紧发动车，加大油门……但是很不幸，车轮只是在原地空转，根本无法前进。这时狼群已靠近汽车……大家看得清清楚楚——8只狼，个个都象小牛犊似的，肚子吊得老高。战士小吴抄起冲锋枪，纳西族老乡一手夺下小吴的抢。比较沉着地高声道：“不能开枪，枪一响，它们或钻到车底下或钻进树林，狼群会把车胎咬坏，把我们围起来，然后狼会嚎叫召集来更多的狼和我们拼命。”他接着说：“狼饿疯了，它们是在找吃的，车上可有吃的？”我们几乎同声回答：“有。”“那就扔下去给它们吃。”老乡像是下达命令。从来没有经历过这样的事，当时脑子里一片空白，除了紧张，大脑似乎已经不会思考问题。听老乡这样说，我们毫不犹豫，七手八脚把从丽江买的腊肉、火腿还有十分珍贵的鹿子干巴往下丢了一部分。狼群眼都红了，兴奋地大吼着扑向食物，大口的撕咬吞咽着，刚丢下去的东西一眨眼就被吃光了。老乡继续命令道：“再丢下去一些！”第二批大约50斤肉品又飞出了后车门，也就一袋烟的工夫，又被8只狼分食的干干净净。吃完后8只狼整齐地坐下，盯着后车门。这时，我们几人各个屏气息声，紧张的手心里都是冷汗，甚至能够清晰的听到自己心跳的声音……我们不知道能有什么办法令我们从狼群中突围出去。看到这样的情形，老乡又发话道：“还有吗？一点不留地丢下，想保命就别心疼这些东西了！”此时，除了紧张、害怕还有羞愤……！作为战士，我们是有责任保护好这些物资的，哪怕牺牲自己。但是现实情况是我们的车被坞到雪地里出不来，只能被困在车里。我们的子弹是极有限的，一旦有狼群被召唤来，我们会更加束手无策。我们几人相互看了一眼，迟疑片刻，谁也没有说什么，忍痛将车上所有的肉品，还有十几包饼干全都甩下车去！8只狼又是一顿大嚼。吃完了肉，它们还试探性的嗅了嗅那十几包饼干，但没有吃。这时我清楚地看到狼的肚子已经滚圆，先前暴戾凶恶的目光变得温顺。其中一只狼围着汽车转了两圈，其余7只狼没动。片刻，那只狼带着狼群朝树林钻去......不可思议的事情发生了……不一会儿，8只狼钻出松林，嘴里叼着树枝，分别放到汽车两个后轮下面。我们简直不敢相信自己的眼睛……这些狼的意思是想用树枝帮我们垫起轮胎，让我们的车开出雪窝。我激动地大笑起来……哈……哈……刚笑了两声，另外一个战士忙用手捂住了我的嘴，他怕这突兀的笑声惊毛了狼。接着，8只狼一齐钻到车底，但见汽车两侧积雪飞扬。我眼里滚动着泪花，大呼小王：“狼帮我们扒雪呢，赶快发动车，”车启动了，但是没走两步，又打滑了。狼再次重复刚才的动作：“先往车轮下垫树枝，然后扒雪……”。就这样，每重复一次，汽车就前进一段，大约重复了十来次。最后一次，汽车顺利地向前行了一里多地，接近了山顶。再向前就是下坡路了。这时，8只狼在车后一字排开坐着，其中一只比其他7只狼稍稍向前。老乡说：“靠前面的那只是头狼，主意都是他出的。”我们激动极了，一起给狼鼓掌，并用力地向它们挥手致意。但是这8只可爱的狼对我们的举动并没有什么反应，只是定定地望了望我们，然后，头狼在前，其余随后，缓缓朝山上走去，消失在松林中......看完不忍思考：连凶猛的狼都懂得报恩，我们是否应该反思自身？自诩为“万物灵长”的人类，我们是不是应当让这个世界充满爱？1964年12月，我们小分队在滇西北找矿。小分队一共8人，其中4名警战士每人配备一支冲锋枪。一天，出发前，一位纳西族老乡搭我们的车去维西。那天路上积雪很大，雪下的路面坑洼不平，车子行驶一段就会被雪坞住。我们不得不经常下来推车。就在我们又一次下车推车的时候，一群褐黄色的东西慢慢向我们靠近。我们正惊疑、猜测时，纳西族老乡急喊：“快、快赶紧上车，是一群狼。”司机小王赶紧发动车，加大油门……但是很不幸，车轮只是在原地空转，根本无法前进。这时狼群已靠近汽车……大家看得清清楚楚——8只狼，个个都象小牛犊似的，肚子吊得老高。战士小吴抄起冲锋枪，纳西族老乡一手夺下小吴的抢。比较沉着地高声道：“不能开枪，枪一响，它们或钻到车底下或钻进树林，狼群会把车胎咬坏，把我们围起来，然后狼会嚎叫召集来更多的狼和我们拼命。”他接着说：“狼饿疯了，它们是在找吃的，车上可有吃的？”我们几乎同声回答：“有。”“那就扔下去给它们吃。”老乡像是下达命令。从来没有经历过这样的事，当时脑子里一片空白，除了紧张，大脑似乎已经不会思考问题。听老乡这样说，我们毫不犹豫，七手八脚把从丽江买的腊肉、火腿还有十分珍贵的鹿子干巴往下丢了一部分。狼群眼都红了，兴奋地大吼着扑向食物，大口的撕咬吞咽着，刚丢下去的东西一眨眼就被吃光了。老乡继续命令道：“再丢下去一些！”第二批大约50斤肉品又飞出了后车门，也就一袋烟的工夫，又被8只狼分食的干干净净。吃完后8只狼整齐地坐下，盯着后车门。这时，我们几人各个屏气息声，紧张的手心里都是冷汗，甚至能够清晰的听到自己心跳的声音……我们不知道能有什么办法令我们从狼群中突围出去。看到这样的情形，老乡又发话道：“还有吗？一点不留地丢下，想保命就别心疼这些东西了！”此时，除了紧张、害怕还有羞愤……！作为战士，我们是有责任保护好这些物资的，哪怕牺牲自己。但是现实情况是我们的车被坞到雪地里出不来，只能被困在车里。我们的子弹是极有限的，一旦有狼群被召唤来，我们会更加束手无策。我们几人相互看了一眼，迟疑片刻，谁也没有说什么，忍痛将车上所有的肉品，还有十几包饼干全都甩下车去！8只狼又是一顿大嚼。吃完了肉，它们还试探性的嗅了嗅那十几包饼干，但没有吃。这时我清楚地看到狼的肚子已经滚圆，先前暴戾凶恶的目光变得温顺。其中一只狼围着汽车转了两圈，其余7只狼没动。片刻，那只狼带着狼群朝树林钻去......不可思议的事情发生了……不一会儿，8只狼钻出松林，嘴里叼着树枝，分别放到汽车两个后轮下面。我们简直不敢相信自己的眼睛……这些狼的意思是想用树枝帮我们垫起轮胎，让我们的车开出雪窝。我激动地大笑起来……哈……哈……刚笑了两声，另外一个战士忙用手捂住了我的嘴，他怕这突兀的笑声惊毛了狼。接着，8只狼一齐钻到车底，但见汽车两侧积雪飞扬。我眼里滚动着泪花，大呼小王：“狼帮我们扒雪呢，赶快发动车，”车启动了，但是没走两步，又打滑了。狼再次重复刚才的动作：“先往车轮下垫树枝，然后扒雪……”。就这样，每重复一次，汽车就前进一段，大约重复了十来次。最后一次，汽车顺利地向前行了一里多地，接近了山顶。再向前就是下坡路了。这时，8只狼在车后一字排开坐着，其中一只比其他7只狼稍稍向前。老乡说：“靠前面的那只是头狼，主意都是他出的。”我们激动极了，一起给狼鼓掌，并用力地向它们挥手致意。但是这8只可爱的狼对我们的举动并没有什么反应，只是定定地望了望我们，然后，头狼在前，其余随后，缓缓朝山上走去，消失在松林中......看完不忍思考：连凶猛的狼都懂得报恩，我们是否应该反思自身？自诩为“万物灵长”的人类，我们是不是应当让这个世界充满爱？环渤海财经网长按二维码进入网站环渤海财经微信号：hb-hbhcj(←长按复制)环渤海财经是立足环渤海区域政治、经济、文化发展的重要经济门户网站，欢迎投稿并希望能对重要活动、事件进行深度采访、报道。更多资讯请登录：www.hbhcj.cn 浏览]]></content>
  <author><![CDATA[环渤海财经]]></author>
  <time>2018-10-09 11:25:00</time>
  <account><![CDATA[hb-hbhcj]]></account>
</data>
