<data>
  <id><![CDATA[50517799]]></id>
  <url><![CDATA[https://mp.weixin.qq.com/s?timestamp=1539596380&src=3&ver=1&signature=Egrj350GoKY8-KUcIJshb1YJ0JtwEHLmYYdMt86WlwfWEOyru7V1DRy7PAZB5k92v7Nek7QMZNzNH-g5ihOxsu*5KpskWg3ZfjaFg6AQHzzhUMb4i8lvqlxu7nECef0eARlRZBTAlAcohaXU0bVGFUBcXy3K5Ul0-z9SssZ0zX0=]]></url>
  <title><![CDATA[鬼谷子：老实人为什么没出息？]]></title>
  <content><![CDATA[提起中国的古代历史，有名的人们就像天上的星河一样，灿烂且众多，让人们难以数清，他们之中有人长于军事，有的人在文化艺术上有研究，有的长于书写，还有人则更长在思想的理解。其中提到中国古代的思想家，大多数人都首先会想到孔、老、孟、荀等一系列人物，但是，他们都只是一家学说的代表人物，在春那个时期最具有传奇色彩，甚至说在整个中国历史上都有着很浓厚的传奇性的人物，他的思想，兼具了儒法道兵等一系列学说的思想，并且还作为一个教学者，教导出了众多的军学家、理学家，还有在争霸春秋，混时战国这个战乱频发的年代最为著名的纵横学家：执有六国相印的苏相，还有秦国大相张相。他的名字就像他的身份一样，具有传奇性的色彩，他就是谓之子的鬼谷先生，因为常年隐居在鬼谷而得名，又因为其重大的思想理论造诣，而被尊称为子。他之所以能在春秋战国这个百花一同的时代中脱身出现，不单单是因为他的教育才学和学习才能，也不单单是因为他的军学理念，更多的还是因为他是一个真正具有智学慧能的人，也就是我们传说中的智者。如今数千年已经过去，他的众多理论和为人处事的道理，仍然穿过了历史的风尘，带着千年积淀下来的智慧之光，给我们当今的人们带来些许启示。他在进行怎么做人处事道理的阐释时，往往会根据这个人所属的种类来进行解释，今天我们来讨论的就是他对老实人的看法。他认为，老实人，可以老实，但是不能庸碌愚昧一味的受别人欺负，不能甘于平淡的现实，不能一味的低下表现自己，不能不追求人生的成功。但是为什么大多数老实人都不能够成功呢？他对老实人为什么不能成功提出了自己的见解，他认为下面这五个绊脚石，就是阻挡老实人成功的最大障碍。这五个绊脚石没有一个是例外的，都是因为老实人把握不好对一个本来优秀的品质认识的度，导致他们过分的关注于这个优秀的品质的实践，从而丧失了让自己成功的机会。第一块绊脚石就是过分重视谦虚。大家众所周知，谦虚是中华民族一直在提倡的优良的美德，一个谦虚的人可以在这个社会中得到别人的尊重和理解。而且很多岗位都很看重一个人是否谦虚，因为谦虚的人谨慎，沉稳，不会像那些自我夸大的人一样，去过度的表现自己，做那些空口而谈的事情。可是，大家请注意，在这里我们所说的谦虚是过分重视谦虚，老实人之所以不能成功，就是因为他们过于谦虚，所以才导致自己的才能不外现给别人，那怎么让别人能知道他到底有什么能力呢？过分的谦虚甚至可以说就等于向别人说，我这个人是一个无能的人。谦虚，本来是一个优良的美德，但是过于谦虚，却成了阻挡老实人前进的重要障碍，所以我们应该明白什么时候该谦虚，什么时候不该谦虚，什么时候应该把自己有的能力展示出来，把自己可以做到的事揽过来，让自己在别人面前有展示，有突出，有表现，才能获得别人的赏识，最终一步一步走向成功。第二块绊脚石，就是过分重视自身名誉，过分清高傲然，特立不群，卓尔独行。老实人喜欢给自己找到自己认为应有的界定范围，他们不喜欢跟他们心中所认为的坏人同队伍。他们不想让自己变的想自己心中所讨厌的那些人一样，学会去奉承别人巴结别人，他们不想为了一个前途，而毁掉自己清高的名声！比起利益，他们共更重视那些精神上的东西。虽然说这样的人很值得敬佩，但是，这样的人在当今的时代已经不适合与成功挂钩了，历史上那些清高孤傲的人们，虽然在历史上都流芳很久，可是，他们都是有自己的才能，有自己卓越的本事，在历史长河中更是有许许多多效仿这些清高的人们的老实人，被淹没在历史的海洋里。第三块绊脚石，就是过于讲仁义道德。有仁义讲道德的人，固然是值得让我们敬佩的，但是，这些人们过分地重视仁义道德，做事情被拘束，有限制，就很难取得成功，都说商场就是战场了，如果在战场上，你和善地对待你的敌人，你对你的敌人讲仁义道德，你对那些对你怀有不仁义，不道德的人讲善良，那么你就一定会被别人打败，最终难以取得胜利。第四块绊脚石，就是过分地去体谅别人。能够谅解别人是一种很好的美德，但是他却不利于你的人生成功，这些人之所以要被你谅解，就是因为他们对你做出过不好的事情，所以这些人需要提防。老实人们都没有害别人的心思，但是别人常常有害他们的心思，我们作为一个追求成功的老实人，害人之心可以没有，但是防着别人的心一定要有，过分的去原谅别人的错误，一而再，再而三的容忍一个人欺负自己，容忍这个人在自己身上动手。那么，久而久之就会让别人觉得，你是一个很容易被欺负的人，而且欺负你也不会有什么太大的代价，这样，你连一个人都看不清，怎么说去取得人生的成功呢？第五块绊脚石，就是太耿直，心眼太少。老实人都非常的单纯就像一张白纸一样，肆意的被别人涂涂画画，容易被别人牵着自己的鼻子走，而且他们在说话做事的时候就是把自己心里想的事情，直接说出来，并不考虑说这些话，做这些事会对自己有什么不好的影响。这种耿直的性格很适合交朋友，但是这种耿直的性格，并不适合在人生路上奋斗，更不适合与那些心中有不好想法的人们斗争，太单纯太简单，只会被人们欺辱，更别说取得人生的成功了。来源：综合自网络1964年12月，我们小分队在滇西北找矿。小分队一共8人，其中4名警战士每人配备一支冲锋枪。一天，出发前，一位纳西族老乡搭我们的车去维西。那天路上积雪很大，雪下的路面坑洼不平，车子行驶一段就会被雪坞住。我们不得不经常下来推车。就在我们又一次下车推车的时候，一群褐黄色的东西慢慢向我们靠近。我们正惊疑、猜测时，纳西族老乡急喊：“快、快赶紧上车，是一群狼。”司机小王赶紧发动车，加大油门……但是很不幸，车轮只是在原地空转，根本无法前进。这时狼群已靠近汽车……大家看得清清楚楚——8只狼，个个都象小牛犊似的，肚子吊得老高。战士小吴抄起冲锋枪，纳西族老乡一手夺下小吴的抢。比较沉着地高声道：“不能开枪，枪一响，它们或钻到车底下或钻进树林，狼群会把车胎咬坏，把我们围起来，然后狼会嚎叫召集来更多的狼和我们拼命。”他接着说：“狼饿疯了，它们是在找吃的，车上可有吃的？”我们几乎同声回答：“有。”“那就扔下去给它们吃。”老乡像是下达命令。从来没有经历过这样的事，当时脑子里一片空白，除了紧张，大脑似乎已经不会思考问题。听老乡这样说，我们毫不犹豫，七手八脚把从丽江买的腊肉、火腿还有十分珍贵的鹿子干巴往下丢了一部分。狼群眼都红了，兴奋地大吼着扑向食物，大口的撕咬吞咽着，刚丢下去的东西一眨眼就被吃光了。老乡继续命令道：“再丢下去一些！”第二批大约50斤肉品又飞出了后车门，也就一袋烟的工夫，又被8只狼分食的干干净净。吃完后8只狼整齐地坐下，盯着后车门。这时，我们几人各个屏气息声，紧张的手心里都是冷汗，甚至能够清晰的听到自己心跳的声音……我们不知道能有什么办法令我们从狼群中突围出去。看到这样的情形，老乡又发话道：“还有吗？一点不留地丢下，想保命就别心疼这些东西了！”此时，除了紧张、害怕还有羞愤……！作为战士，我们是有责任保护好这些物资的，哪怕牺牲自己。但是现实情况是我们的车被坞到雪地里出不来，只能被困在车里。我们的子弹是极有限的，一旦有狼群被召唤来，我们会更加束手无策。我们几人相互看了一眼，迟疑片刻，谁也没有说什么，忍痛将车上所有的肉品，还有十几包饼干全都甩下车去！8只狼又是一顿大嚼。吃完了肉，它们还试探性的嗅了嗅那十几包饼干，但没有吃。这时我清楚地看到狼的肚子已经滚圆，先前暴戾凶恶的目光变得温顺。其中一只狼围着汽车转了两圈，其余7只狼没动。片刻，那只狼带着狼群朝树林钻去......不可思议的事情发生了……不一会儿，8只狼钻出松林，嘴里叼着树枝，分别放到汽车两个后轮下面。我们简直不敢相信自己的眼睛……这些狼的意思是想用树枝帮我们垫起轮胎，让我们的车开出雪窝。我激动地大笑起来……哈……哈……刚笑了两声，另外一个战士忙用手捂住了我的嘴，他怕这突兀的笑声惊毛了狼。接着，8只狼一齐钻到车底，但见汽车两侧积雪飞扬。我眼里滚动着泪花，大呼小王：“狼帮我们扒雪呢，赶快发动车，”车启动了，但是没走两步，又打滑了。狼再次重复刚才的动作：“先往车轮下垫树枝，然后扒雪……”。就这样，每重复一次，汽车就前进一段，大约重复了十来次。最后一次，汽车顺利地向前行了一里多地，接近了山顶。再向前就是下坡路了。这时，8只狼在车后一字排开坐着，其中一只比其他7只狼稍稍向前。老乡说：“靠前面的那只是头狼，主意都是他出的。”我们激动极了，一起给狼鼓掌，并用力地向它们挥手致意。但是这8只可爱的狼对我们的举动并没有什么反应，只是定定地望了望我们，然后，头狼在前，其余随后，缓缓朝山上走去，消失在松林中......看完不忍思考：连凶猛的狼都懂得报恩，我们是否应该反思自身？自诩为“万物灵长”的人类，我们是不是应当让这个世界充满爱？1964年12月，我们小分队在滇西北找矿。小分队一共8人，其中4名警战士每人配备一支冲锋枪。一天，出发前，一位纳西族老乡搭我们的车去维西。那天路上积雪很大，雪下的路面坑洼不平，车子行驶一段就会被雪坞住。我们不得不经常下来推车。就在我们又一次下车推车的时候，一群褐黄色的东西慢慢向我们靠近。我们正惊疑、猜测时，纳西族老乡急喊：“快、快赶紧上车，是一群狼。”司机小王赶紧发动车，加大油门……但是很不幸，车轮只是在原地空转，根本无法前进。这时狼群已靠近汽车……大家看得清清楚楚——8只狼，个个都象小牛犊似的，肚子吊得老高。战士小吴抄起冲锋枪，纳西族老乡一手夺下小吴的抢。比较沉着地高声道：“不能开枪，枪一响，它们或钻到车底下或钻进树林，狼群会把车胎咬坏，把我们围起来，然后狼会嚎叫召集来更多的狼和我们拼命。”他接着说：“狼饿疯了，它们是在找吃的，车上可有吃的？”我们几乎同声回答：“有。”“那就扔下去给它们吃。”老乡像是下达命令。从来没有经历过这样的事，当时脑子里一片空白，除了紧张，大脑似乎已经不会思考问题。听老乡这样说，我们毫不犹豫，七手八脚把从丽江买的腊肉、火腿还有十分珍贵的鹿子干巴往下丢了一部分。狼群眼都红了，兴奋地大吼着扑向食物，大口的撕咬吞咽着，刚丢下去的东西一眨眼就被吃光了。老乡继续命令道：“再丢下去一些！”第二批大约50斤肉品又飞出了后车门，也就一袋烟的工夫，又被8只狼分食的干干净净。吃完后8只狼整齐地坐下，盯着后车门。这时，我们几人各个屏气息声，紧张的手心里都是冷汗，甚至能够清晰的听到自己心跳的声音……我们不知道能有什么办法令我们从狼群中突围出去。看到这样的情形，老乡又发话道：“还有吗？一点不留地丢下，想保命就别心疼这些东西了！”此时，除了紧张、害怕还有羞愤……！作为战士，我们是有责任保护好这些物资的，哪怕牺牲自己。但是现实情况是我们的车被坞到雪地里出不来，只能被困在车里。我们的子弹是极有限的，一旦有狼群被召唤来，我们会更加束手无策。我们几人相互看了一眼，迟疑片刻，谁也没有说什么，忍痛将车上所有的肉品，还有十几包饼干全都甩下车去！8只狼又是一顿大嚼。吃完了肉，它们还试探性的嗅了嗅那十几包饼干，但没有吃。这时我清楚地看到狼的肚子已经滚圆，先前暴戾凶恶的目光变得温顺。其中一只狼围着汽车转了两圈，其余7只狼没动。片刻，那只狼带着狼群朝树林钻去......不可思议的事情发生了……不一会儿，8只狼钻出松林，嘴里叼着树枝，分别放到汽车两个后轮下面。我们简直不敢相信自己的眼睛……这些狼的意思是想用树枝帮我们垫起轮胎，让我们的车开出雪窝。我激动地大笑起来……哈……哈……刚笑了两声，另外一个战士忙用手捂住了我的嘴，他怕这突兀的笑声惊毛了狼。接着，8只狼一齐钻到车底，但见汽车两侧积雪飞扬。我眼里滚动着泪花，大呼小王：“狼帮我们扒雪呢，赶快发动车，”车启动了，但是没走两步，又打滑了。狼再次重复刚才的动作：“先往车轮下垫树枝，然后扒雪……”。就这样，每重复一次，汽车就前进一段，大约重复了十来次。最后一次，汽车顺利地向前行了一里多地，接近了山顶。再向前就是下坡路了。这时，8只狼在车后一字排开坐着，其中一只比其他7只狼稍稍向前。老乡说：“靠前面的那只是头狼，主意都是他出的。”我们激动极了，一起给狼鼓掌，并用力地向它们挥手致意。但是这8只可爱的狼对我们的举动并没有什么反应，只是定定地望了望我们，然后，头狼在前，其余随后，缓缓朝山上走去，消失在松林中......看完不忍思考：连凶猛的狼都懂得报恩，我们是否应该反思自身？自诩为“万物灵长”的人类，我们是不是应当让这个世界充满爱？环渤海财经网长按二维码进入网站环渤海财经微信号：hb-hbhcj(←长按复制)环渤海财经是立足环渤海区域政治、经济、文化发展的重要经济门户网站，欢迎投稿并希望能对重要活动、事件进行深度采访、报道。更多资讯请登录：www.hbhcj.cn 浏览]]></content>
  <author><![CDATA[环渤海财经]]></author>
  <time>2018-10-10 10:40:00</time>
  <account><![CDATA[hb-hbhcj]]></account>
</data>
