<data>
  <id><![CDATA[50517799]]></id>
  <url><![CDATA[https://mp.weixin.qq.com/s?timestamp=1539596380&src=3&ver=1&signature=Egrj350GoKY8-KUcIJshb1YJ0JtwEHLmYYdMt86WlwfWEOyru7V1DRy7PAZB5k92v7Nek7QMZNzNH-g5ihOxshNByuWgDVnSufYEeeoBHHLNslemQExLDkN6ArvcLtlEt-3*frhqa0fIeWD5kAWIM0dmbAEqh5oT4fqJdA637jo=]]></url>
  <title><![CDATA[身上有这8大特征的人，说明你身体特别健康！]]></title>
  <content><![CDATA[“长命百岁”是每一个人的愿望，虽然并非人人可以实现，但即使不能长寿，也是要健健康康的，对吧！为了能够准确掌握你是否健康，小编整理了一些让医生都羡慕的，健康身体的特征，可以对照一下，如果你满足的越多，那就说明你越健康。满足8个特征，说明你很健康1. 伤口修复迅速如果伤口很容易好，说明血液凝固的能力、白细胞杀菌能力以及血管的健康状况都很好。如果是小伤口、轻度烧伤，需要长时间痊愈，或者轻微的压力导致难以解释的皮肤淤青，那就要看医生。2. 稳定的体重中医认为，胖人多气虚，多痰湿；瘦人多阴虚，多火旺。这时候只要不是太胖或者太瘦，那就不必刻意的减肥或增肥。体重一旦能够保持稳定，就说明身体非常健康。如果体重突然变化，就意味着身体出现某种不健康因素，需要格外注意了！3. 一夜睡眠充实健康的睡眠状态是，睡眠梦少，起夜少，一觉睡到天亮。这是最健康的睡眠状态。睡眠质量差，每晚起夜好几次，睡眠质量差，晚上梦多， 虽然睡了很久，但是大脑和器官真正得到休息的时间，却非常短，这也是身体不健康的表现。4. 指甲红润无棱指甲是与人体的脏腑经络有直接联系的，通过指甲就能充分的反映人体的健康变化。指甲的健康关乎身体的营养状态、维生素的摄入，以及排毒的状态。指甲红润无棱说明气血足，不缺钙，也说明内分泌的正常。并且肝主筋，指甲是筋的一部分，指甲健康也会侧面反映出肝脏的健康。肝脏有着“人体将军”之称，对人体的健康有着重要的作用，肝好一切都好！5. 头发润泽中医认为，“肾者，其华在发”，“发为血之余”。头发的生长与脱落、润泽与枯槁，不仅依赖于肾中精气之充养，还有赖于血液的濡养。越是健康的人，精血越是充盈，头发自然就润泽。反之，当精血亏虚时，头发易变白而脱落。6. 肚子上肉少甩不掉的小腹赘肉是令很多人非常头疼的事情。腹部肥胖可不是小事，不仅影响体型的美观，还是一种病前状态的信号——引起高血压、心绞痛、心梗、糖尿病等。美国衰老研究所一项研究显示，腹部肥胖的女性面临的死亡风险较一般人高出20%。平时多关注腰围，男性不超过90cm，女姓不超过85cm；晚饭别吃太晚，否则容易肚子长肉；平时要多运动，控制好体重。7. 性格开朗性格开朗会让这些的身体处于一种愉悦的状态，身体的机能和状态都处于最优。身体的酶活性也处于好的状态，因此比较健康长寿。8. 每1~2天都大便大便通不通是检验消化、排泄系统健康与否的重要标准之一。若长期解不出大便，宿便堆积，会不断产生毒素，造成肠胃功能紊乱、内分泌失调、精神紧张等问题。晨起一杯白开水可以促进排泄，防治便秘。还能稀释血液，促进血液循环，对减肥女性尤为重要。多做3件事，让你身体更健康第一件晚11点前睡觉：解毒、护全身健康这一点，相信就会有很多人做不到了吧，现在的“晚睡族”是越来越多了，能够在十一点前睡觉的，有多少人能做到？晚上11点到凌晨3点是肝发挥其藏血、解毒作用的最佳阶段。养肝就是养命，肝脏健康对于人体健康有着非常重要的作用。长时间的熬夜，不但伤害肝脏健康，还易引发失眠、焦虑的情绪，造成内分泌的紊乱，免疫力的低下，容易患有疾病，也容易使得学习或工作没效率。晚睡族”应尽量调整作息时间，养肝第一条就是要在晚11点前睡觉，最好能在10点半左右就入睡，这样11点时正处于深度睡眠状态，有利于血液回肝解毒，保证全身健康。熬夜者在饮食方面要加强营养，应选择量少质高的高热能、脂肪和维生素食物，可以起到抗疲劳的功效。第二件远离酒水：保护肝脏有关专家研究发现，每天酒精量达160克以上者，10年内酒精性脂肪肝发生率为92%。因此，护肝先从戒酒开始，除喝少量红酒，白酒啤酒都不宜多饮。如果你日常无法避免喝酒，那么就在酒后喝点蒲公英根护肝茶水，可保护肝脏！蒲公英可以促进肝脏排毒，提高肝细胞活力，有很好的利尿的作用，可以促进有害物质通过尿液代谢出体外，促进肾脏排毒，可以减轻肝脏的负担，故可以保肝。第三件充分咀嚼：促消化、防肥胖、降低糖尿病风险现在人们总是感觉到“时间不够用”，做什么都是匆匆忙忙，尤其是午餐，很多上班一族，午餐都是“对付一口”解决掉的。一顿饭大概十分钟就搞定了。吃饭至少保证20分钟，一般来说，每口食物咀嚼15—20次，有助消化，避免发胖，还能缓解紧张、焦虑的情绪。咀嚼少会让人们吃下更多食物，使患2型糖尿病的风险翻倍，而充分咀嚼有助于消化吸收。来源：综合自网络1964年12月，我们小分队在滇西北找矿。小分队一共8人，其中4名警战士每人配备一支冲锋枪。一天，出发前，一位纳西族老乡搭我们的车去维西。那天路上积雪很大，雪下的路面坑洼不平，车子行驶一段就会被雪坞住。我们不得不经常下来推车。就在我们又一次下车推车的时候，一群褐黄色的东西慢慢向我们靠近。我们正惊疑、猜测时，纳西族老乡急喊：“快、快赶紧上车，是一群狼。”司机小王赶紧发动车，加大油门……但是很不幸，车轮只是在原地空转，根本无法前进。这时狼群已靠近汽车……大家看得清清楚楚——8只狼，个个都象小牛犊似的，肚子吊得老高。战士小吴抄起冲锋枪，纳西族老乡一手夺下小吴的抢。比较沉着地高声道：“不能开枪，枪一响，它们或钻到车底下或钻进树林，狼群会把车胎咬坏，把我们围起来，然后狼会嚎叫召集来更多的狼和我们拼命。”他接着说：“狼饿疯了，它们是在找吃的，车上可有吃的？”我们几乎同声回答：“有。”“那就扔下去给它们吃。”老乡像是下达命令。从来没有经历过这样的事，当时脑子里一片空白，除了紧张，大脑似乎已经不会思考问题。听老乡这样说，我们毫不犹豫，七手八脚把从丽江买的腊肉、火腿还有十分珍贵的鹿子干巴往下丢了一部分。狼群眼都红了，兴奋地大吼着扑向食物，大口的撕咬吞咽着，刚丢下去的东西一眨眼就被吃光了。老乡继续命令道：“再丢下去一些！”第二批大约50斤肉品又飞出了后车门，也就一袋烟的工夫，又被8只狼分食的干干净净。吃完后8只狼整齐地坐下，盯着后车门。这时，我们几人各个屏气息声，紧张的手心里都是冷汗，甚至能够清晰的听到自己心跳的声音……我们不知道能有什么办法令我们从狼群中突围出去。看到这样的情形，老乡又发话道：“还有吗？一点不留地丢下，想保命就别心疼这些东西了！”此时，除了紧张、害怕还有羞愤……！作为战士，我们是有责任保护好这些物资的，哪怕牺牲自己。但是现实情况是我们的车被坞到雪地里出不来，只能被困在车里。我们的子弹是极有限的，一旦有狼群被召唤来，我们会更加束手无策。我们几人相互看了一眼，迟疑片刻，谁也没有说什么，忍痛将车上所有的肉品，还有十几包饼干全都甩下车去！8只狼又是一顿大嚼。吃完了肉，它们还试探性的嗅了嗅那十几包饼干，但没有吃。这时我清楚地看到狼的肚子已经滚圆，先前暴戾凶恶的目光变得温顺。其中一只狼围着汽车转了两圈，其余7只狼没动。片刻，那只狼带着狼群朝树林钻去......不可思议的事情发生了……不一会儿，8只狼钻出松林，嘴里叼着树枝，分别放到汽车两个后轮下面。我们简直不敢相信自己的眼睛……这些狼的意思是想用树枝帮我们垫起轮胎，让我们的车开出雪窝。我激动地大笑起来……哈……哈……刚笑了两声，另外一个战士忙用手捂住了我的嘴，他怕这突兀的笑声惊毛了狼。接着，8只狼一齐钻到车底，但见汽车两侧积雪飞扬。我眼里滚动着泪花，大呼小王：“狼帮我们扒雪呢，赶快发动车，”车启动了，但是没走两步，又打滑了。狼再次重复刚才的动作：“先往车轮下垫树枝，然后扒雪……”。就这样，每重复一次，汽车就前进一段，大约重复了十来次。最后一次，汽车顺利地向前行了一里多地，接近了山顶。再向前就是下坡路了。这时，8只狼在车后一字排开坐着，其中一只比其他7只狼稍稍向前。老乡说：“靠前面的那只是头狼，主意都是他出的。”我们激动极了，一起给狼鼓掌，并用力地向它们挥手致意。但是这8只可爱的狼对我们的举动并没有什么反应，只是定定地望了望我们，然后，头狼在前，其余随后，缓缓朝山上走去，消失在松林中......看完不忍思考：连凶猛的狼都懂得报恩，我们是否应该反思自身？自诩为“万物灵长”的人类，我们是不是应当让这个世界充满爱？1964年12月，我们小分队在滇西北找矿。小分队一共8人，其中4名警战士每人配备一支冲锋枪。一天，出发前，一位纳西族老乡搭我们的车去维西。那天路上积雪很大，雪下的路面坑洼不平，车子行驶一段就会被雪坞住。我们不得不经常下来推车。就在我们又一次下车推车的时候，一群褐黄色的东西慢慢向我们靠近。我们正惊疑、猜测时，纳西族老乡急喊：“快、快赶紧上车，是一群狼。”司机小王赶紧发动车，加大油门……但是很不幸，车轮只是在原地空转，根本无法前进。这时狼群已靠近汽车……大家看得清清楚楚——8只狼，个个都象小牛犊似的，肚子吊得老高。战士小吴抄起冲锋枪，纳西族老乡一手夺下小吴的抢。比较沉着地高声道：“不能开枪，枪一响，它们或钻到车底下或钻进树林，狼群会把车胎咬坏，把我们围起来，然后狼会嚎叫召集来更多的狼和我们拼命。”他接着说：“狼饿疯了，它们是在找吃的，车上可有吃的？”我们几乎同声回答：“有。”“那就扔下去给它们吃。”老乡像是下达命令。从来没有经历过这样的事，当时脑子里一片空白，除了紧张，大脑似乎已经不会思考问题。听老乡这样说，我们毫不犹豫，七手八脚把从丽江买的腊肉、火腿还有十分珍贵的鹿子干巴往下丢了一部分。狼群眼都红了，兴奋地大吼着扑向食物，大口的撕咬吞咽着，刚丢下去的东西一眨眼就被吃光了。老乡继续命令道：“再丢下去一些！”第二批大约50斤肉品又飞出了后车门，也就一袋烟的工夫，又被8只狼分食的干干净净。吃完后8只狼整齐地坐下，盯着后车门。这时，我们几人各个屏气息声，紧张的手心里都是冷汗，甚至能够清晰的听到自己心跳的声音……我们不知道能有什么办法令我们从狼群中突围出去。看到这样的情形，老乡又发话道：“还有吗？一点不留地丢下，想保命就别心疼这些东西了！”此时，除了紧张、害怕还有羞愤……！作为战士，我们是有责任保护好这些物资的，哪怕牺牲自己。但是现实情况是我们的车被坞到雪地里出不来，只能被困在车里。我们的子弹是极有限的，一旦有狼群被召唤来，我们会更加束手无策。我们几人相互看了一眼，迟疑片刻，谁也没有说什么，忍痛将车上所有的肉品，还有十几包饼干全都甩下车去！8只狼又是一顿大嚼。吃完了肉，它们还试探性的嗅了嗅那十几包饼干，但没有吃。这时我清楚地看到狼的肚子已经滚圆，先前暴戾凶恶的目光变得温顺。其中一只狼围着汽车转了两圈，其余7只狼没动。片刻，那只狼带着狼群朝树林钻去......不可思议的事情发生了……不一会儿，8只狼钻出松林，嘴里叼着树枝，分别放到汽车两个后轮下面。我们简直不敢相信自己的眼睛……这些狼的意思是想用树枝帮我们垫起轮胎，让我们的车开出雪窝。我激动地大笑起来……哈……哈……刚笑了两声，另外一个战士忙用手捂住了我的嘴，他怕这突兀的笑声惊毛了狼。接着，8只狼一齐钻到车底，但见汽车两侧积雪飞扬。我眼里滚动着泪花，大呼小王：“狼帮我们扒雪呢，赶快发动车，”车启动了，但是没走两步，又打滑了。狼再次重复刚才的动作：“先往车轮下垫树枝，然后扒雪……”。就这样，每重复一次，汽车就前进一段，大约重复了十来次。最后一次，汽车顺利地向前行了一里多地，接近了山顶。再向前就是下坡路了。这时，8只狼在车后一字排开坐着，其中一只比其他7只狼稍稍向前。老乡说：“靠前面的那只是头狼，主意都是他出的。”我们激动极了，一起给狼鼓掌，并用力地向它们挥手致意。但是这8只可爱的狼对我们的举动并没有什么反应，只是定定地望了望我们，然后，头狼在前，其余随后，缓缓朝山上走去，消失在松林中......看完不忍思考：连凶猛的狼都懂得报恩，我们是否应该反思自身？自诩为“万物灵长”的人类，我们是不是应当让这个世界充满爱？环渤海财经网长按二维码进入网站环渤海财经微信号：hb-hbhcj(←长按复制)环渤海财经是立足环渤海区域政治、经济、文化发展的重要经济门户网站，欢迎投稿并希望能对重要活动、事件进行深度采访、报道。更多资讯请登录：www.hbhcj.cn 浏览]]></content>
  <author><![CDATA[环渤海财经]]></author>
  <time>2018-10-12 11:32:00</time>
  <account><![CDATA[hb-hbhcj]]></account>
</data>
