<data>
  <id><![CDATA[50517799]]></id>
  <url><![CDATA[https://mp.weixin.qq.com/s?timestamp=1539596380&src=3&ver=1&signature=Egrj350GoKY8-KUcIJshb1YJ0JtwEHLmYYdMt86WlwfWEOyru7V1DRy7PAZB5k92v7Nek7QMZNzNH-g5ihOxsiWq88BMZfA9RWW926sqT7fT63BZsYnOR7cY*9fk30PsX4ZwsN20VJAhKqU8U9ViI206v*WYTgGzThWk4GHtpf4=]]></url>
  <title><![CDATA[117岁老人无病无痛不吃药，不爱运动爱吃它！]]></title>
  <content><![CDATA[据报道，山东117岁老人，眼睛非常好使，穿针引线仍易如反掌，生活基本自理，讲起话来思路清晰，非常健谈。117岁老人无病无痛不吃药只爱每天都吃它！老人家身体和精神百岁仍然矍铄，与她爱吃鸡蛋又密切关系，因为吃蛋可以给身体和精神带来巨大裨益。外国人将鸡蛋称为“超级食物原型”鸡蛋中富含丰富的维生素：一只普通鸡蛋中，含有数量众多的维生素和矿物质，包括维生素A、B5、B2、B6、B12、D、E和K，以及钙、锌、磷、硒和叶酸等，有助于身体机能顺利运作。鸡蛋的6大好处1、有助大脑智力鸡蛋含有一种名叫胆碱的物质，是保持脑细胞健康的核心元素，尤其能强化细胞膜，帮助脑细胞保持正常结构。这种物质意味着让大脑不会受到损害，能更长时间保持思维活跃、脑部健康。所以王景之老人思维清晰这是有原因的 。2、保护视力爱吃蛋的人仍能穿针引线缝衣服，并不是偶然。因为鸡蛋能帮助人们维持双眼健康、视力清晰。因为蛋中含有叶黄素和玉米黄质，这是两种能够预防眼部疾病的抗氧化剂，白内障和黄斑变性的克星。不仅如此，鸡蛋中的维生素A数量达到人类一天推荐摄入量的6%，对维持视力正常同样不可或缺。【桃木疙瘩】30枚柴鸡蛋臻品汇99有售! www.zph99.com3、强化肌肉老人能自己行走，因为她最爱的鸡蛋是蛋白质的优质来源，蛋白质有助于人体组织生长和保持力量。蛋白质，也是维持肌肉和骨骼重量的关键营养素。4、控制体重鸡蛋的饱腹作用明显，吃蛋意味着人们不会摄入过多食物造成热量过剩。因此，吃鸡蛋是维持健康体重的好方法，有助避免肥胖。而肥胖已经被美国医学会认定为一种疾病，而且还会引发各种心血管病、糖尿病、甚至癌症等。5、调整胆固醇鸡蛋曾被认为会增加人体胆固醇，但最终科学家发现，鸡蛋里的高密度脂蛋白属于“好的胆固醇”，能够预防心血管疾病以及脑卒中（中风）。而且，吃鸡蛋还能制止低密度胆固醇（坏的胆固醇）在血液中汇集，从而避免身体由于胆固醇过高而出问题。6、降低中风风险中医素有“人之百病，莫大于中风”之说，即中风难以预测、发病急、病情凶，病死率和致残率很高。而鸡蛋中的好的蛋白质，有助于预防中风。【桃木疙瘩】30枚柴鸡蛋臻品汇99有售! www.zph99.com溏心蛋、全熟蛋鸡蛋怎么吃最好营养方面，差别不值得纠结许多人认为，加热总是会破坏营养，所以鸡蛋煮老了就“没有了营养”。这是一种误区。鸡蛋为我们提供的主要营养是蛋白质，此外还有比较丰富的矿物质和一些维生素。1. 加热不会破坏蛋白质，反而有助于蛋白质的消化吸收。2. 鸡蛋中的矿物质则不会受加热的影响。3. 生鸡蛋和全熟鸡蛋的维生素含量，损失并不大。简而言之，“全熟”对于蛋白质的消化有利，“溏心”对于维生素有利，但二者的营养差别都不算大，不值得纠结。安全方面，全熟蛋占优势鸡蛋是一种比较容易受到细菌污染的食品。沙门氏菌等鸡蛋中可能出现的致病细菌，都很怕热。美国农业部推荐，鸡蛋制品加热到 71℃ 以上，就可以充分杀灭致病细菌。蛋白的凝固温度大概在 62℃ 左右，蛋黄则在 68℃ 开始凝固。溏心蛋的蛋白凝固了，而蛋黄没有凝固，说明没有达到杀灭沙门氏菌的温度。如果正好碰上了被污染的鸡蛋，就只能自求多福了。而全熟蛋蛋黄完全凝固，说明鸡蛋中心也达到了杀灭细菌的温度，安全就有保障了。营养师教你煮蛋“熟而不老”如果喜欢全熟蛋，自然是毫无问题；如果是喜欢溏心蛋，就需要在美味和安全之间权衡。如果鸡蛋的生产管理很好，鸡蛋本身没有细菌感染，那么溏心蛋也还是安全的。充分加热煮熟，是为食品安全再增加一道防线。相对来说，从大型连锁超市购买的、大规模工业化养殖的鸡蛋，存在细菌感染的可能性要比较小，吃溏心蛋也相对安全。而许多人追捧的土鸡蛋、笨鸡蛋、草鸡蛋，不确定性就要大得多，不煮全熟的风险更大。实际上，在“溏心蛋”和“全熟蛋”之间，也还有着许多中间状态。我们也完全可以操控火候，让蛋黄刚好凝固，但又没有过度加热。实现这种火候的一种煮法是：冷水就放入鸡蛋，开火煮到水开就停火，保持锅盖盖着等待 10 分钟，把鸡蛋捞出来放入凉水中降温。就可以得到完美的煮蛋了。每天吃一到两个水煮蛋是中老年人最好的选择，因为：最有营养的是水煮蛋，蛋白质流失更少，人体的吸收率也更高，而且还没有油分；其次就是水煮荷包蛋和蒸蛋，或者蛋花汤，部分营养受到氧化；第三是炒鸡蛋和煎鸡蛋，很多水溶性维生素在高温油性中会损失不少，人体吸收率也降低近5个百分点。做鸡蛋的小窍门水煮荷包蛋加点醋更好。水煮荷包蛋时蛋白容易散开，在水中加入几滴醋，可以保证鸡蛋的完整，并且口感更好。蒸蛋时盖一层保鲜膜。蒸蛋时在碗口盖一层保鲜膜，可以让蒸蛋口感香滑Q弹。煎鸡蛋加点面粉。在热油中撒点面粉，蛋会煎得更亮滑，油也不易溅出锅外。记住老人的长寿秘诀，常吃鸡蛋，吃出健康，吃出长寿！吃对了，身体健康无病痛。来源：综合自网络1964年12月，我们小分队在滇西北找矿。小分队一共8人，其中4名警战士每人配备一支冲锋枪。一天，出发前，一位纳西族老乡搭我们的车去维西。那天路上积雪很大，雪下的路面坑洼不平，车子行驶一段就会被雪坞住。我们不得不经常下来推车。就在我们又一次下车推车的时候，一群褐黄色的东西慢慢向我们靠近。我们正惊疑、猜测时，纳西族老乡急喊：“快、快赶紧上车，是一群狼。”司机小王赶紧发动车，加大油门……但是很不幸，车轮只是在原地空转，根本无法前进。这时狼群已靠近汽车……大家看得清清楚楚——8只狼，个个都象小牛犊似的，肚子吊得老高。战士小吴抄起冲锋枪，纳西族老乡一手夺下小吴的抢。比较沉着地高声道：“不能开枪，枪一响，它们或钻到车底下或钻进树林，狼群会把车胎咬坏，把我们围起来，然后狼会嚎叫召集来更多的狼和我们拼命。”他接着说：“狼饿疯了，它们是在找吃的，车上可有吃的？”我们几乎同声回答：“有。”“那就扔下去给它们吃。”老乡像是下达命令。从来没有经历过这样的事，当时脑子里一片空白，除了紧张，大脑似乎已经不会思考问题。听老乡这样说，我们毫不犹豫，七手八脚把从丽江买的腊肉、火腿还有十分珍贵的鹿子干巴往下丢了一部分。狼群眼都红了，兴奋地大吼着扑向食物，大口的撕咬吞咽着，刚丢下去的东西一眨眼就被吃光了。老乡继续命令道：“再丢下去一些！”第二批大约50斤肉品又飞出了后车门，也就一袋烟的工夫，又被8只狼分食的干干净净。吃完后8只狼整齐地坐下，盯着后车门。这时，我们几人各个屏气息声，紧张的手心里都是冷汗，甚至能够清晰的听到自己心跳的声音……我们不知道能有什么办法令我们从狼群中突围出去。看到这样的情形，老乡又发话道：“还有吗？一点不留地丢下，想保命就别心疼这些东西了！”此时，除了紧张、害怕还有羞愤……！作为战士，我们是有责任保护好这些物资的，哪怕牺牲自己。但是现实情况是我们的车被坞到雪地里出不来，只能被困在车里。我们的子弹是极有限的，一旦有狼群被召唤来，我们会更加束手无策。我们几人相互看了一眼，迟疑片刻，谁也没有说什么，忍痛将车上所有的肉品，还有十几包饼干全都甩下车去！8只狼又是一顿大嚼。吃完了肉，它们还试探性的嗅了嗅那十几包饼干，但没有吃。这时我清楚地看到狼的肚子已经滚圆，先前暴戾凶恶的目光变得温顺。其中一只狼围着汽车转了两圈，其余7只狼没动。片刻，那只狼带着狼群朝树林钻去......不可思议的事情发生了……不一会儿，8只狼钻出松林，嘴里叼着树枝，分别放到汽车两个后轮下面。我们简直不敢相信自己的眼睛……这些狼的意思是想用树枝帮我们垫起轮胎，让我们的车开出雪窝。我激动地大笑起来……哈……哈……刚笑了两声，另外一个战士忙用手捂住了我的嘴，他怕这突兀的笑声惊毛了狼。接着，8只狼一齐钻到车底，但见汽车两侧积雪飞扬。我眼里滚动着泪花，大呼小王：“狼帮我们扒雪呢，赶快发动车，”车启动了，但是没走两步，又打滑了。狼再次重复刚才的动作：“先往车轮下垫树枝，然后扒雪……”。就这样，每重复一次，汽车就前进一段，大约重复了十来次。最后一次，汽车顺利地向前行了一里多地，接近了山顶。再向前就是下坡路了。这时，8只狼在车后一字排开坐着，其中一只比其他7只狼稍稍向前。老乡说：“靠前面的那只是头狼，主意都是他出的。”我们激动极了，一起给狼鼓掌，并用力地向它们挥手致意。但是这8只可爱的狼对我们的举动并没有什么反应，只是定定地望了望我们，然后，头狼在前，其余随后，缓缓朝山上走去，消失在松林中......看完不忍思考：连凶猛的狼都懂得报恩，我们是否应该反思自身？自诩为“万物灵长”的人类，我们是不是应当让这个世界充满爱？1964年12月，我们小分队在滇西北找矿。小分队一共8人，其中4名警战士每人配备一支冲锋枪。一天，出发前，一位纳西族老乡搭我们的车去维西。那天路上积雪很大，雪下的路面坑洼不平，车子行驶一段就会被雪坞住。我们不得不经常下来推车。就在我们又一次下车推车的时候，一群褐黄色的东西慢慢向我们靠近。我们正惊疑、猜测时，纳西族老乡急喊：“快、快赶紧上车，是一群狼。”司机小王赶紧发动车，加大油门……但是很不幸，车轮只是在原地空转，根本无法前进。这时狼群已靠近汽车……大家看得清清楚楚——8只狼，个个都象小牛犊似的，肚子吊得老高。战士小吴抄起冲锋枪，纳西族老乡一手夺下小吴的抢。比较沉着地高声道：“不能开枪，枪一响，它们或钻到车底下或钻进树林，狼群会把车胎咬坏，把我们围起来，然后狼会嚎叫召集来更多的狼和我们拼命。”他接着说：“狼饿疯了，它们是在找吃的，车上可有吃的？”我们几乎同声回答：“有。”“那就扔下去给它们吃。”老乡像是下达命令。从来没有经历过这样的事，当时脑子里一片空白，除了紧张，大脑似乎已经不会思考问题。听老乡这样说，我们毫不犹豫，七手八脚把从丽江买的腊肉、火腿还有十分珍贵的鹿子干巴往下丢了一部分。狼群眼都红了，兴奋地大吼着扑向食物，大口的撕咬吞咽着，刚丢下去的东西一眨眼就被吃光了。老乡继续命令道：“再丢下去一些！”第二批大约50斤肉品又飞出了后车门，也就一袋烟的工夫，又被8只狼分食的干干净净。吃完后8只狼整齐地坐下，盯着后车门。这时，我们几人各个屏气息声，紧张的手心里都是冷汗，甚至能够清晰的听到自己心跳的声音……我们不知道能有什么办法令我们从狼群中突围出去。看到这样的情形，老乡又发话道：“还有吗？一点不留地丢下，想保命就别心疼这些东西了！”此时，除了紧张、害怕还有羞愤……！作为战士，我们是有责任保护好这些物资的，哪怕牺牲自己。但是现实情况是我们的车被坞到雪地里出不来，只能被困在车里。我们的子弹是极有限的，一旦有狼群被召唤来，我们会更加束手无策。我们几人相互看了一眼，迟疑片刻，谁也没有说什么，忍痛将车上所有的肉品，还有十几包饼干全都甩下车去！8只狼又是一顿大嚼。吃完了肉，它们还试探性的嗅了嗅那十几包饼干，但没有吃。这时我清楚地看到狼的肚子已经滚圆，先前暴戾凶恶的目光变得温顺。其中一只狼围着汽车转了两圈，其余7只狼没动。片刻，那只狼带着狼群朝树林钻去......不可思议的事情发生了……不一会儿，8只狼钻出松林，嘴里叼着树枝，分别放到汽车两个后轮下面。我们简直不敢相信自己的眼睛……这些狼的意思是想用树枝帮我们垫起轮胎，让我们的车开出雪窝。我激动地大笑起来……哈……哈……刚笑了两声，另外一个战士忙用手捂住了我的嘴，他怕这突兀的笑声惊毛了狼。接着，8只狼一齐钻到车底，但见汽车两侧积雪飞扬。我眼里滚动着泪花，大呼小王：“狼帮我们扒雪呢，赶快发动车，”车启动了，但是没走两步，又打滑了。狼再次重复刚才的动作：“先往车轮下垫树枝，然后扒雪……”。就这样，每重复一次，汽车就前进一段，大约重复了十来次。最后一次，汽车顺利地向前行了一里多地，接近了山顶。再向前就是下坡路了。这时，8只狼在车后一字排开坐着，其中一只比其他7只狼稍稍向前。老乡说：“靠前面的那只是头狼，主意都是他出的。”我们激动极了，一起给狼鼓掌，并用力地向它们挥手致意。但是这8只可爱的狼对我们的举动并没有什么反应，只是定定地望了望我们，然后，头狼在前，其余随后，缓缓朝山上走去，消失在松林中......看完不忍思考：连凶猛的狼都懂得报恩，我们是否应该反思自身？自诩为“万物灵长”的人类，我们是不是应当让这个世界充满爱？环渤海财经网长按二维码进入网站环渤海财经微信号：hb-hbhcj(←长按复制)环渤海财经是立足环渤海区域政治、经济、文化发展的重要经济门户网站，欢迎投稿并希望能对重要活动、事件进行深度采访、报道。更多资讯请登录：www.hbhcj.cn 浏览]]></content>
  <author><![CDATA[环渤海财经]]></author>
  <time>2018-09-30 10:40:00</time>
  <account><![CDATA[hb-hbhcj]]></account>
</data>
