<data>
  <id><![CDATA[50517799]]></id>
  <url><![CDATA[https://mp.weixin.qq.com/s?timestamp=1539596380&src=3&ver=1&signature=Egrj350GoKY8-KUcIJshb1YJ0JtwEHLmYYdMt86WlwfWEOyru7V1DRy7PAZB5k92v7Nek7QMZNzNH-g5ihOxshNByuWgDVnSufYEeeoBHHJfdMt-ogUCaF25a263DBmD3paltNxc3YKeAzaT1Z8w9xIUXB6qYItuHyVGrDfWxIc=]]></url>
  <title><![CDATA[中国廉政文化建设网河北调研中心在石家庄揭牌]]></title>
  <content><![CDATA[环渤海财经网石家庄讯，10月10日，由中国管理科学研究院学术委员会廉政研究中心主办的“不忘初心，牢记使命”第二届2018（河北）党内政治文化建设研讨会暨中国廉政文化建设网河北调研中心揭牌仪式在河北省石家庄市举行。中组部机关事务管理局原党委书记、局长王宝华，国务院新闻办原副主任杨正泉，中国管理科学研究院常务副院长兼学术委员会主任卢继传，中国管理科学研究院副秘书长、学术委员会副主任兼中国管理科学研究院学术委员会廉政研究中心主任郑理，中国廉政文化建设网总编辑郭力，河北省纪委委员、实名制举报中心主任张庆朝等出席了本次活动。据环渤海财经网了解，为深入学习贯彻习近平新时代中国特色社会主义思想、党的十九大精神和习近平总书记在2018全国宣传思想工作会议上重要讲话精神，发展积极健康的党内政治文化，营造风清气正的政治生态。此次研讨会以“不忘初心，牢记使命”为主题，旨在学习新时代河北省党内政治文化建设的有效经验和做法，深入研讨交流新时代党内政治文化建设的新思路、新方法。中国管理科学研究院常务副院长兼学术委员会主任卢继传表示，研讨新时代党内政治文化建设，旨在落实“两个维护”，强化“四个意识”，坚定“四个自信”。与会领导和专家就如何加强新时代党内政治文化建设，营造风清气正的政治生态积极交流、深入研讨。大家一致认为，坚决做到“两个维护”，保证全党自觉向核心看齐、自觉维护核心，在政治立场、政治方向、政治原则、政治道路上同以习近平同志为核心的党中央保持高度一致，对于坚持和加强党的全面领导、不断把党和国家事业推向前进，意义重大而深远。中国管理科学研究院副秘书长、学术委员会副主任兼中国管理科学研究院学术委员会廉政研究中心主任郑理宣布中国廉政文化建设网河北调研中心成立。国务院新闻办原副主任杨正泉和中国管理科学研究院常务副院长兼学术委员会主任卢继传为中国廉政文化建设网河北调研中心揭牌。中国廉政文化建设网总编辑郭力就中国廉政文化建设网河北调研中心今后的发展指出，中国廉政文化建设网河北调研中心的成立，是贯彻落实习近平总书记在2018全国宣传思想工作会议上重要讲话精神、主动肩负新时代赋予的使命任务的生动实践。河北调研中心要切实落实“两个维护”，牢固树立“四个意识”，坚定“四个自信”，以习近平新时代中国特色社会主义思想和党的十九大精神为指导，心无旁骛，踏实工作，创作出更多高质量的廉政文化调研成果，为河北省党内政治文化建设增光添彩。来自中组部、国务院新闻办、中国管理科学研究院、河北省纪委、河北省委宣传部、河北省机关党委、河北省信访局、河北省老干部局、河北省人力资源和社会保障厅、河北省委党校、河北师范大学、河北省环境科学学会、河北省禁毒办、石家庄市委宣传部、石家庄市人民政府办公厅、石家庄市人民检察院、石家庄市公安局、石家庄市文化广播新闻出版局等30余家单位有关同志和嘉宾共100余人出席了本次活动。来源：1964年12月，我们小分队在滇西北找矿。小分队一共8人，其中4名警战士每人配备一支冲锋枪。一天，出发前，一位纳西族老乡搭我们的车去维西。那天路上积雪很大，雪下的路面坑洼不平，车子行驶一段就会被雪坞住。我们不得不经常下来推车。就在我们又一次下车推车的时候，一群褐黄色的东西慢慢向我们靠近。我们正惊疑、猜测时，纳西族老乡急喊：“快、快赶紧上车，是一群狼。”司机小王赶紧发动车，加大油门……但是很不幸，车轮只是在原地空转，根本无法前进。这时狼群已靠近汽车……大家看得清清楚楚——8只狼，个个都象小牛犊似的，肚子吊得老高。战士小吴抄起冲锋枪，纳西族老乡一手夺下小吴的抢。比较沉着地高声道：“不能开枪，枪一响，它们或钻到车底下或钻进树林，狼群会把车胎咬坏，把我们围起来，然后狼会嚎叫召集来更多的狼和我们拼命。”他接着说：“狼饿疯了，它们是在找吃的，车上可有吃的？”我们几乎同声回答：“有。”“那就扔下去给它们吃。”老乡像是下达命令。从来没有经历过这样的事，当时脑子里一片空白，除了紧张，大脑似乎已经不会思考问题。听老乡这样说，我们毫不犹豫，七手八脚把从丽江买的腊肉、火腿还有十分珍贵的鹿子干巴往下丢了一部分。狼群眼都红了，兴奋地大吼着扑向食物，大口的撕咬吞咽着，刚丢下去的东西一眨眼就被吃光了。老乡继续命令道：“再丢下去一些！”第二批大约50斤肉品又飞出了后车门，也就一袋烟的工夫，又被8只狼分食的干干净净。吃完后8只狼整齐地坐下，盯着后车门。这时，我们几人各个屏气息声，紧张的手心里都是冷汗，甚至能够清晰的听到自己心跳的声音……我们不知道能有什么办法令我们从狼群中突围出去。看到这样的情形，老乡又发话道：“还有吗？一点不留地丢下，想保命就别心疼这些东西了！”此时，除了紧张、害怕还有羞愤……！作为战士，我们是有责任保护好这些物资的，哪怕牺牲自己。但是现实情况是我们的车被坞到雪地里出不来，只能被困在车里。我们的子弹是极有限的，一旦有狼群被召唤来，我们会更加束手无策。我们几人相互看了一眼，迟疑片刻，谁也没有说什么，忍痛将车上所有的肉品，还有十几包饼干全都甩下车去！8只狼又是一顿大嚼。吃完了肉，它们还试探性的嗅了嗅那十几包饼干，但没有吃。这时我清楚地看到狼的肚子已经滚圆，先前暴戾凶恶的目光变得温顺。其中一只狼围着汽车转了两圈，其余7只狼没动。片刻，那只狼带着狼群朝树林钻去......不可思议的事情发生了……不一会儿，8只狼钻出松林，嘴里叼着树枝，分别放到汽车两个后轮下面。我们简直不敢相信自己的眼睛……这些狼的意思是想用树枝帮我们垫起轮胎，让我们的车开出雪窝。我激动地大笑起来……哈……哈……刚笑了两声，另外一个战士忙用手捂住了我的嘴，他怕这突兀的笑声惊毛了狼。接着，8只狼一齐钻到车底，但见汽车两侧积雪飞扬。我眼里滚动着泪花，大呼小王：“狼帮我们扒雪呢，赶快发动车，”车启动了，但是没走两步，又打滑了。狼再次重复刚才的动作：“先往车轮下垫树枝，然后扒雪……”。就这样，每重复一次，汽车就前进一段，大约重复了十来次。最后一次，汽车顺利地向前行了一里多地，接近了山顶。再向前就是下坡路了。这时，8只狼在车后一字排开坐着，其中一只比其他7只狼稍稍向前。老乡说：“靠前面的那只是头狼，主意都是他出的。”我们激动极了，一起给狼鼓掌，并用力地向它们挥手致意。但是这8只可爱的狼对我们的举动并没有什么反应，只是定定地望了望我们，然后，头狼在前，其余随后，缓缓朝山上走去，消失在松林中......看完不忍思考：连凶猛的狼都懂得报恩，我们是否应该反思自身？自诩为“万物灵长”的人类，我们是不是应当让这个世界充满爱？1964年12月，我们小分队在滇西北找矿。小分队一共8人，其中4名警战士每人配备一支冲锋枪。一天，出发前，一位纳西族老乡搭我们的车去维西。那天路上积雪很大，雪下的路面坑洼不平，车子行驶一段就会被雪坞住。我们不得不经常下来推车。就在我们又一次下车推车的时候，一群褐黄色的东西慢慢向我们靠近。我们正惊疑、猜测时，纳西族老乡急喊：“快、快赶紧上车，是一群狼。”司机小王赶紧发动车，加大油门……但是很不幸，车轮只是在原地空转，根本无法前进。这时狼群已靠近汽车……大家看得清清楚楚——8只狼，个个都象小牛犊似的，肚子吊得老高。战士小吴抄起冲锋枪，纳西族老乡一手夺下小吴的抢。比较沉着地高声道：“不能开枪，枪一响，它们或钻到车底下或钻进树林，狼群会把车胎咬坏，把我们围起来，然后狼会嚎叫召集来更多的狼和我们拼命。”他接着说：“狼饿疯了，它们是在找吃的，车上可有吃的？”我们几乎同声回答：“有。”“那就扔下去给它们吃。”老乡像是下达命令。从来没有经历过这样的事，当时脑子里一片空白，除了紧张，大脑似乎已经不会思考问题。听老乡这样说，我们毫不犹豫，七手八脚把从丽江买的腊肉、火腿还有十分珍贵的鹿子干巴往下丢了一部分。狼群眼都红了，兴奋地大吼着扑向食物，大口的撕咬吞咽着，刚丢下去的东西一眨眼就被吃光了。老乡继续命令道：“再丢下去一些！”第二批大约50斤肉品又飞出了后车门，也就一袋烟的工夫，又被8只狼分食的干干净净。吃完后8只狼整齐地坐下，盯着后车门。这时，我们几人各个屏气息声，紧张的手心里都是冷汗，甚至能够清晰的听到自己心跳的声音……我们不知道能有什么办法令我们从狼群中突围出去。看到这样的情形，老乡又发话道：“还有吗？一点不留地丢下，想保命就别心疼这些东西了！”此时，除了紧张、害怕还有羞愤……！作为战士，我们是有责任保护好这些物资的，哪怕牺牲自己。但是现实情况是我们的车被坞到雪地里出不来，只能被困在车里。我们的子弹是极有限的，一旦有狼群被召唤来，我们会更加束手无策。我们几人相互看了一眼，迟疑片刻，谁也没有说什么，忍痛将车上所有的肉品，还有十几包饼干全都甩下车去！8只狼又是一顿大嚼。吃完了肉，它们还试探性的嗅了嗅那十几包饼干，但没有吃。这时我清楚地看到狼的肚子已经滚圆，先前暴戾凶恶的目光变得温顺。其中一只狼围着汽车转了两圈，其余7只狼没动。片刻，那只狼带着狼群朝树林钻去......不可思议的事情发生了……不一会儿，8只狼钻出松林，嘴里叼着树枝，分别放到汽车两个后轮下面。我们简直不敢相信自己的眼睛……这些狼的意思是想用树枝帮我们垫起轮胎，让我们的车开出雪窝。我激动地大笑起来……哈……哈……刚笑了两声，另外一个战士忙用手捂住了我的嘴，他怕这突兀的笑声惊毛了狼。接着，8只狼一齐钻到车底，但见汽车两侧积雪飞扬。我眼里滚动着泪花，大呼小王：“狼帮我们扒雪呢，赶快发动车，”车启动了，但是没走两步，又打滑了。狼再次重复刚才的动作：“先往车轮下垫树枝，然后扒雪……”。就这样，每重复一次，汽车就前进一段，大约重复了十来次。最后一次，汽车顺利地向前行了一里多地，接近了山顶。再向前就是下坡路了。这时，8只狼在车后一字排开坐着，其中一只比其他7只狼稍稍向前。老乡说：“靠前面的那只是头狼，主意都是他出的。”我们激动极了，一起给狼鼓掌，并用力地向它们挥手致意。但是这8只可爱的狼对我们的举动并没有什么反应，只是定定地望了望我们，然后，头狼在前，其余随后，缓缓朝山上走去，消失在松林中......看完不忍思考：连凶猛的狼都懂得报恩，我们是否应该反思自身？自诩为“万物灵长”的人类，我们是不是应当让这个世界充满爱？环渤海财经网长按二维码进入网站环渤海财经微信号：hb-hbhcj(←长按复制)环渤海财经是立足环渤海区域政治、经济、文化发展的重要经济门户网站，欢迎投稿并希望能对重要活动、事件进行深度采访、报道。更多资讯请登录：www.hbhcj.cn 浏览]]></content>
  <author><![CDATA[环渤海财经]]></author>
  <time>2018-10-12 11:32:00</time>
  <account><![CDATA[hb-hbhcj]]></account>
</data>
