<data>
  <id><![CDATA[50517799]]></id>
  <url><![CDATA[https://mp.weixin.qq.com/s?timestamp=1539596380&src=3&ver=1&signature=Egrj350GoKY8-KUcIJshb1YJ0JtwEHLmYYdMt86WlwfWEOyru7V1DRy7PAZB5k92v7Nek7QMZNzNH-g5ihOxsgjwNBBHC2eZ8No38QJcymGTuNPtFM2V0Hdfji0gM4cvrMAwcxHl6VWW5MXM1pVYCkP9bAsFXkg5jzPv3pCrZsE=]]></url>
  <title><![CDATA[航投集团努力打造现代航空服务领军企业]]></title>
  <content><![CDATA[再启航程 续写宏篇航投集团努力打造现代航空服务领军企业环渤海财经网讯  2018年9月4日，航投集团党员大会胜利召开，会议产生了新一届党委和纪委委员会，会议确定了“一三四五”的奋斗目标和工作思路，即聚焦一个目标：建设全省现代航空服务领军企业;落实三大任务：完成构建航空服务产业链，打造投融资服务和信息服务平台，优化现有业务板块;实施四大战略：大力实施改革创新、开放合作、管理提升、人才强企战略;实现五个突破：综合实力稳步提升，产业格局基本形成，多元产业协调联动，“两个作用”充分发挥、和谐建设再上台阶。抚今追昔，回顾航投集团二次创业、转型发展的奋斗历程，可谓波澜壮阔、激荡人心。鉴往知来，在“一三四五”奋斗目标的指引下，航投集团的明天必将是生机勃勃的明天，航投集团的未来必将是充满希冀的未来。现有产业篇作为航投集团转型发展的基础和关键，发展壮大现有产业至关重要。针对所属子公司体量小、基础差、竞争力弱的现实状况，航投集团突出抓好“质量、效益”两大主题，着力推动现有企业对标提升、强基固本，努力实现高质量发展。在“做大做强实体贸易”方针指引下，乐贤商贸公司先后与中铝河南分公司、黄石新兴铸管、河北国和集团及河北物产集团开展了煤炭、焦炭和钢材等业务。太行咏爽公司在稳固省会市场的同时，成功闯入北京市场，为公司未来销售开辟了更为广阔的市场。作为现有产业的重要板块——文旅产业更是捷报频传。七彩桥旅行社成立之初便圆满完成了石家庄怀特集团1500人特大厦门游团队，为公司稳健运营奠定了良好的基础。该公司将市场经营与扶贫工作有机结合，多次赴沽源进行实地考察，设计打造了富含当地特色的参观路线，并开通了沽源旅游直通车业务。文化传媒公司深挖“航空、文化、传媒”三方商机，以“做好做精航空培训，不断持续文化活动，逐步壮大广告媒体”为发展方向，成功运营承办了河北电视台少儿艺术节(邢台赛区)、正定国际博览会综保区展览、省国资委2018宣传思想工作会等一系列有影响、能创效的大型活动。盘活资产篇航投集团拥有机场办公楼、航空大厦、河北航空运行基地、西柏坡干部学院等诸多存量资产，如何尽快盘活这些资产，使其成为新的增收点?这是航投集团转型发展的重要内容。为此，专门成立了招商组，主要领导亲自挂帅，并广泛发动干部职工，分配具体任务，制定激励政策，依靠集体力量推进招商工作。招商过程中不断拓展思路，多措并举，采取了转让出售、对外招商、租赁经营、合资合作等形式，千方百计盘活现有资产。为适应转型发展和盘活存量资产的迫切需要，航投集团审时度势，适时成立了物业管理分公司，承担着航投集团已建成房屋、场地的消防、保卫、清洁、绿化、设备维护、员工就餐以及租金物业费用收取等工作。该公司成立以来，积极转变工作思路，选择与入驻政企事业单位开展深度合作的方式丰富物业管理板块，为入驻单位提供高效、便捷服务的同时也为航投集团存量资产的盘活做出了贡献。随着河北航投集团对存量资产的有效盘活和规范运行，航空大厦已吸引10余家优质政企单位入驻。当前，在河北航投集团的积极运作下，一个集政务服务、商务办公、“互联网+”等于一体的航空大厦正焕发出新的生机，整体利用率达到85%，为河北航投集团、冀中能源集团的转型发展注入了新的活力。新上项目篇为寻求主业支撑项目，航投集团在新项目谋划和建设方面倾注了大量心血。航投集团班子高度重视项目调研工作，将项目建设作为“一把手”工程，成立重点项目推进小组，建立重大项目承包责任书制度，把项目谋划和建设的责任分解落实到公司领导、相关部门。班子成员栉风沐雨、转战南北，展开了大密度、高强度的项目调研工作，并取得了长足进展。重点推进了控股运营中航通飞华北公司栾城机场项目。拟以参与通航机场建设作为重要切入点，统筹推进航空服务产业、模拟机飞行培训、航空职业教育、航空产业基地(园区)等项目。围绕打造投融资平台，积极推进投融资、融资租赁等业务的开展。抓住石家庄综合保税区刚刚起步的有利时机，积极推进大通关、中俄“一带一路”产业园、跨境电商平台等项目。今年以来，为落实既定目标，航投集团有关部门和领导紧紧围绕通用航空、航空服务、资本运作等产业密集走访对接相关企业、院校，特别是与中航通飞华北公司、航港发展有限公司、清华(航院)、北京宏运通供应链管理有限公司等单位的洽谈合作取得了阶段性进展，为新兴项目落地奠定了坚实基础。(闫洪涛)来源：1964年12月，我们小分队在滇西北找矿。小分队一共8人，其中4名警战士每人配备一支冲锋枪。一天，出发前，一位纳西族老乡搭我们的车去维西。那天路上积雪很大，雪下的路面坑洼不平，车子行驶一段就会被雪坞住。我们不得不经常下来推车。就在我们又一次下车推车的时候，一群褐黄色的东西慢慢向我们靠近。我们正惊疑、猜测时，纳西族老乡急喊：“快、快赶紧上车，是一群狼。”司机小王赶紧发动车，加大油门……但是很不幸，车轮只是在原地空转，根本无法前进。这时狼群已靠近汽车……大家看得清清楚楚——8只狼，个个都象小牛犊似的，肚子吊得老高。战士小吴抄起冲锋枪，纳西族老乡一手夺下小吴的抢。比较沉着地高声道：“不能开枪，枪一响，它们或钻到车底下或钻进树林，狼群会把车胎咬坏，把我们围起来，然后狼会嚎叫召集来更多的狼和我们拼命。”他接着说：“狼饿疯了，它们是在找吃的，车上可有吃的？”我们几乎同声回答：“有。”“那就扔下去给它们吃。”老乡像是下达命令。从来没有经历过这样的事，当时脑子里一片空白，除了紧张，大脑似乎已经不会思考问题。听老乡这样说，我们毫不犹豫，七手八脚把从丽江买的腊肉、火腿还有十分珍贵的鹿子干巴往下丢了一部分。狼群眼都红了，兴奋地大吼着扑向食物，大口的撕咬吞咽着，刚丢下去的东西一眨眼就被吃光了。老乡继续命令道：“再丢下去一些！”第二批大约50斤肉品又飞出了后车门，也就一袋烟的工夫，又被8只狼分食的干干净净。吃完后8只狼整齐地坐下，盯着后车门。这时，我们几人各个屏气息声，紧张的手心里都是冷汗，甚至能够清晰的听到自己心跳的声音……我们不知道能有什么办法令我们从狼群中突围出去。看到这样的情形，老乡又发话道：“还有吗？一点不留地丢下，想保命就别心疼这些东西了！”此时，除了紧张、害怕还有羞愤……！作为战士，我们是有责任保护好这些物资的，哪怕牺牲自己。但是现实情况是我们的车被坞到雪地里出不来，只能被困在车里。我们的子弹是极有限的，一旦有狼群被召唤来，我们会更加束手无策。我们几人相互看了一眼，迟疑片刻，谁也没有说什么，忍痛将车上所有的肉品，还有十几包饼干全都甩下车去！8只狼又是一顿大嚼。吃完了肉，它们还试探性的嗅了嗅那十几包饼干，但没有吃。这时我清楚地看到狼的肚子已经滚圆，先前暴戾凶恶的目光变得温顺。其中一只狼围着汽车转了两圈，其余7只狼没动。片刻，那只狼带着狼群朝树林钻去......不可思议的事情发生了……不一会儿，8只狼钻出松林，嘴里叼着树枝，分别放到汽车两个后轮下面。我们简直不敢相信自己的眼睛……这些狼的意思是想用树枝帮我们垫起轮胎，让我们的车开出雪窝。我激动地大笑起来……哈……哈……刚笑了两声，另外一个战士忙用手捂住了我的嘴，他怕这突兀的笑声惊毛了狼。接着，8只狼一齐钻到车底，但见汽车两侧积雪飞扬。我眼里滚动着泪花，大呼小王：“狼帮我们扒雪呢，赶快发动车，”车启动了，但是没走两步，又打滑了。狼再次重复刚才的动作：“先往车轮下垫树枝，然后扒雪……”。就这样，每重复一次，汽车就前进一段，大约重复了十来次。最后一次，汽车顺利地向前行了一里多地，接近了山顶。再向前就是下坡路了。这时，8只狼在车后一字排开坐着，其中一只比其他7只狼稍稍向前。老乡说：“靠前面的那只是头狼，主意都是他出的。”我们激动极了，一起给狼鼓掌，并用力地向它们挥手致意。但是这8只可爱的狼对我们的举动并没有什么反应，只是定定地望了望我们，然后，头狼在前，其余随后，缓缓朝山上走去，消失在松林中......看完不忍思考：连凶猛的狼都懂得报恩，我们是否应该反思自身？自诩为“万物灵长”的人类，我们是不是应当让这个世界充满爱？1964年12月，我们小分队在滇西北找矿。小分队一共8人，其中4名警战士每人配备一支冲锋枪。一天，出发前，一位纳西族老乡搭我们的车去维西。那天路上积雪很大，雪下的路面坑洼不平，车子行驶一段就会被雪坞住。我们不得不经常下来推车。就在我们又一次下车推车的时候，一群褐黄色的东西慢慢向我们靠近。我们正惊疑、猜测时，纳西族老乡急喊：“快、快赶紧上车，是一群狼。”司机小王赶紧发动车，加大油门……但是很不幸，车轮只是在原地空转，根本无法前进。这时狼群已靠近汽车……大家看得清清楚楚——8只狼，个个都象小牛犊似的，肚子吊得老高。战士小吴抄起冲锋枪，纳西族老乡一手夺下小吴的抢。比较沉着地高声道：“不能开枪，枪一响，它们或钻到车底下或钻进树林，狼群会把车胎咬坏，把我们围起来，然后狼会嚎叫召集来更多的狼和我们拼命。”他接着说：“狼饿疯了，它们是在找吃的，车上可有吃的？”我们几乎同声回答：“有。”“那就扔下去给它们吃。”老乡像是下达命令。从来没有经历过这样的事，当时脑子里一片空白，除了紧张，大脑似乎已经不会思考问题。听老乡这样说，我们毫不犹豫，七手八脚把从丽江买的腊肉、火腿还有十分珍贵的鹿子干巴往下丢了一部分。狼群眼都红了，兴奋地大吼着扑向食物，大口的撕咬吞咽着，刚丢下去的东西一眨眼就被吃光了。老乡继续命令道：“再丢下去一些！”第二批大约50斤肉品又飞出了后车门，也就一袋烟的工夫，又被8只狼分食的干干净净。吃完后8只狼整齐地坐下，盯着后车门。这时，我们几人各个屏气息声，紧张的手心里都是冷汗，甚至能够清晰的听到自己心跳的声音……我们不知道能有什么办法令我们从狼群中突围出去。看到这样的情形，老乡又发话道：“还有吗？一点不留地丢下，想保命就别心疼这些东西了！”此时，除了紧张、害怕还有羞愤……！作为战士，我们是有责任保护好这些物资的，哪怕牺牲自己。但是现实情况是我们的车被坞到雪地里出不来，只能被困在车里。我们的子弹是极有限的，一旦有狼群被召唤来，我们会更加束手无策。我们几人相互看了一眼，迟疑片刻，谁也没有说什么，忍痛将车上所有的肉品，还有十几包饼干全都甩下车去！8只狼又是一顿大嚼。吃完了肉，它们还试探性的嗅了嗅那十几包饼干，但没有吃。这时我清楚地看到狼的肚子已经滚圆，先前暴戾凶恶的目光变得温顺。其中一只狼围着汽车转了两圈，其余7只狼没动。片刻，那只狼带着狼群朝树林钻去......不可思议的事情发生了……不一会儿，8只狼钻出松林，嘴里叼着树枝，分别放到汽车两个后轮下面。我们简直不敢相信自己的眼睛……这些狼的意思是想用树枝帮我们垫起轮胎，让我们的车开出雪窝。我激动地大笑起来……哈……哈……刚笑了两声，另外一个战士忙用手捂住了我的嘴，他怕这突兀的笑声惊毛了狼。接着，8只狼一齐钻到车底，但见汽车两侧积雪飞扬。我眼里滚动着泪花，大呼小王：“狼帮我们扒雪呢，赶快发动车，”车启动了，但是没走两步，又打滑了。狼再次重复刚才的动作：“先往车轮下垫树枝，然后扒雪……”。就这样，每重复一次，汽车就前进一段，大约重复了十来次。最后一次，汽车顺利地向前行了一里多地，接近了山顶。再向前就是下坡路了。这时，8只狼在车后一字排开坐着，其中一只比其他7只狼稍稍向前。老乡说：“靠前面的那只是头狼，主意都是他出的。”我们激动极了，一起给狼鼓掌，并用力地向它们挥手致意。但是这8只可爱的狼对我们的举动并没有什么反应，只是定定地望了望我们，然后，头狼在前，其余随后，缓缓朝山上走去，消失在松林中......看完不忍思考：连凶猛的狼都懂得报恩，我们是否应该反思自身？自诩为“万物灵长”的人类，我们是不是应当让这个世界充满爱？环渤海财经网长按二维码进入网站环渤海财经微信号：hb-hbhcj(←长按复制)环渤海财经是立足环渤海区域政治、经济、文化发展的重要经济门户网站，欢迎投稿并希望能对重要活动、事件进行深度采访、报道。更多资讯请登录：www.hbhcj.cn 浏览]]></content>
  <author><![CDATA[环渤海财经]]></author>
  <time>2018-09-27 11:30:00</time>
  <account><![CDATA[hb-hbhcj]]></account>
</data>
