<data>
  <id><![CDATA[50517799]]></id>
  <url><![CDATA[https://mp.weixin.qq.com/s?timestamp=1539596380&src=3&ver=1&signature=Egrj350GoKY8-KUcIJshb1YJ0JtwEHLmYYdMt86WlwfWEOyru7V1DRy7PAZB5k92v7Nek7QMZNzNH-g5ihOxssdcNl5UwN*emjObb4z*7Sc6NMqFF2*p9A46697za311iMqb2gd5**-QZ9NdC3E4SaFOEmydIFXamnNw7CE8qDU=]]></url>
  <title><![CDATA[阳光保险“双生计划”全面启动]]></title>
  <content><![CDATA[阳光保险“双生计划”全面启动“万名村医能力提升计划”助力山东健康扶贫环渤海财经网讯  随着经济高速发展，我国已基本实现“全民医保”，然而，当前农村普惠医疗仍有待提高，农村医疗服务水平与实际需求仍然有落差，因病致贫、因病返贫的现象屡见不鲜，乡村振兴尤需振兴乡村健康事业。习近平总书记在视察山东时提出，要强化脱贫攻坚责任意识,盯紧“黄河滩”、聚焦“沂蒙山”、锁定“老病残”。为更好地落实总书记的指示精神，针对农村普惠医疗服务痛点，近日，在山东省“儒商大会”现场，阳光保险集团与山东省扶贫开发基金会签署合作协议，正式启动阳光扶贫“双生计划”之“万名村医能力提升计划”，将在山东省潍坊、临沂、日照等地区至少培训10000名贫困地区村医。让更多的人关注农村基层医疗服务能力和水平的提高，关注农民健康问题。一直以来，“贫”“弱”两字总是紧紧联系在一起，中国教育家晏阳初先生曾提出，“以卫生教育救弱，培养强健力”。因此，健康扶贫被视为踢掉小康之路上的“绊脚石”最有效的举措，乡村医生守护在广大农村群众身边，他们是关键，是踢掉这些“绊脚石”的排头兵。目前我国有90多万乡村医生，他们却肩负着5.8亿农村居民的基本公共卫生服务以及常见病、多发病的初级诊治等医疗服务，他们不仅是乡村们身边的“120”，更是“家庭医生”。可以说，乡村医生水平高低影响并决定着当地村民的健康状态。作为健康精准扶贫的排头兵，乡村医生们不仅得克服艰苦和劳累，还要用爱和责任浇筑起群众生命健康的第一道防线。“万名村医能力提升计划”正是阳光保险瞄准健康扶贫痛点，整合旗下业务资源优势、通过科技赋能实施的立体健康扶贫战略。此项计划预计将辐射超600万乡村人口。该计划的实施，将为山东革命老区、贫困山区等地区基层培养并留住一批优秀的乡村医生，提升贫困地区基层医疗卫生服务能力、医疗水平，使农村贫困人口基本医疗有保障。让村医能更好地服务基层群众，助力构建农业强、农村美、农民富的新面貌。“万名村医能力提升计划”将会从四大方面着手：一是借助阳光保险的科技和教育资源，通过阳光E学堂APP开展远程教学。由阳光大学和阳光融和医院联合录制针对村医在基层医疗服务上的薄弱点、知识盲区、多发病及疑难病症等的课件，利用阳光E学堂APP(村医单独通道)开展针对山东省相关地区万名村医的长期远程培训活动。二是开展“阳光融和医院名医上山下乡助教”活动。组织阳光融和医院名医深入山东省各相关地市，开展“阳光融和医院名医上山下乡助教”面授培训，针对农村地区常见疾病开设专题讲座，并根据百姓需求安排义诊活动，为农村百姓服务。三是开展远程教学和远程医疗服务。在山东相关地市选择50个贫困乡镇，配备身高/体重仪、血压计、心电检测仪器、远程问诊软件等基础医疗设备和网络宽带设备，建设远程培训问诊医务站，面对村医和村民开展“足不出村”服务。四是选拔优秀医生开展实训。从培训的万名村医中挑选出千名业务相对扎实、愿意长期扎根偏远贫困乡村的优秀村医，到阳光保险旗下阳光融和医院开展不定期的实训，并由村医自主选定专业科室进行技能培训。至此，阳光保险“双生计划”已全面启动。根据“双生计划”规划，阳光保险在未来三年内将聚焦“沂蒙山”定向培养万名贫困地区乡村医生，面向“三州三区”定向帮扶万名贫困地区乡村学生。作为“双生计划”的另一部分“帮扶万名贫困学生的计划”已经在今年8月份率先开启。“帮扶万名贫困学生的计划”是联合中国扶贫基金会，通过“一对一”微信平台在线捐助和“包班”等形式，定向帮扶万名“三州三区”及国家级深度贫困县的小学生和高中生。保障贫困家庭子女完成学业，改善孩子们的学习条件，帮助他们获得公平教育的机会，为贫困学生搭建起成长的舞台。该计划启动以来，阳光保险领导层高度重视，在阳光保险总裁室领导的带领下，员工们积极认捐，截至9月初，捐助学生超过万名，捐助金额超千万元。阳光保险集团董事长张维功在儒商大会期间表示，作为一名儒商，需要“义以生利，利以平民”，没有丰富精神灵魂的企业家，不可能制造巨大的物质世界。真正的企业家绝不是以创造个人财富为目的，而是以他人与社会为己任，与时俱进，担当时代使命，履行社会责任。希望通过阳光人的积极努力，切实提高贫困地区居民的医疗水平和受教育水平，让他们的生活充满更多的阳光。来源：环渤海财经网1964年12月，我们小分队在滇西北找矿。小分队一共8人，其中4名警战士每人配备一支冲锋枪。一天，出发前，一位纳西族老乡搭我们的车去维西。那天路上积雪很大，雪下的路面坑洼不平，车子行驶一段就会被雪坞住。我们不得不经常下来推车。就在我们又一次下车推车的时候，一群褐黄色的东西慢慢向我们靠近。我们正惊疑、猜测时，纳西族老乡急喊：“快、快赶紧上车，是一群狼。”司机小王赶紧发动车，加大油门……但是很不幸，车轮只是在原地空转，根本无法前进。这时狼群已靠近汽车……大家看得清清楚楚——8只狼，个个都象小牛犊似的，肚子吊得老高。战士小吴抄起冲锋枪，纳西族老乡一手夺下小吴的抢。比较沉着地高声道：“不能开枪，枪一响，它们或钻到车底下或钻进树林，狼群会把车胎咬坏，把我们围起来，然后狼会嚎叫召集来更多的狼和我们拼命。”他接着说：“狼饿疯了，它们是在找吃的，车上可有吃的？”我们几乎同声回答：“有。”“那就扔下去给它们吃。”老乡像是下达命令。从来没有经历过这样的事，当时脑子里一片空白，除了紧张，大脑似乎已经不会思考问题。听老乡这样说，我们毫不犹豫，七手八脚把从丽江买的腊肉、火腿还有十分珍贵的鹿子干巴往下丢了一部分。狼群眼都红了，兴奋地大吼着扑向食物，大口的撕咬吞咽着，刚丢下去的东西一眨眼就被吃光了。老乡继续命令道：“再丢下去一些！”第二批大约50斤肉品又飞出了后车门，也就一袋烟的工夫，又被8只狼分食的干干净净。吃完后8只狼整齐地坐下，盯着后车门。这时，我们几人各个屏气息声，紧张的手心里都是冷汗，甚至能够清晰的听到自己心跳的声音……我们不知道能有什么办法令我们从狼群中突围出去。看到这样的情形，老乡又发话道：“还有吗？一点不留地丢下，想保命就别心疼这些东西了！”此时，除了紧张、害怕还有羞愤……！作为战士，我们是有责任保护好这些物资的，哪怕牺牲自己。但是现实情况是我们的车被坞到雪地里出不来，只能被困在车里。我们的子弹是极有限的，一旦有狼群被召唤来，我们会更加束手无策。我们几人相互看了一眼，迟疑片刻，谁也没有说什么，忍痛将车上所有的肉品，还有十几包饼干全都甩下车去！8只狼又是一顿大嚼。吃完了肉，它们还试探性的嗅了嗅那十几包饼干，但没有吃。这时我清楚地看到狼的肚子已经滚圆，先前暴戾凶恶的目光变得温顺。其中一只狼围着汽车转了两圈，其余7只狼没动。片刻，那只狼带着狼群朝树林钻去......不可思议的事情发生了……不一会儿，8只狼钻出松林，嘴里叼着树枝，分别放到汽车两个后轮下面。我们简直不敢相信自己的眼睛……这些狼的意思是想用树枝帮我们垫起轮胎，让我们的车开出雪窝。我激动地大笑起来……哈……哈……刚笑了两声，另外一个战士忙用手捂住了我的嘴，他怕这突兀的笑声惊毛了狼。接着，8只狼一齐钻到车底，但见汽车两侧积雪飞扬。我眼里滚动着泪花，大呼小王：“狼帮我们扒雪呢，赶快发动车，”车启动了，但是没走两步，又打滑了。狼再次重复刚才的动作：“先往车轮下垫树枝，然后扒雪……”。就这样，每重复一次，汽车就前进一段，大约重复了十来次。最后一次，汽车顺利地向前行了一里多地，接近了山顶。再向前就是下坡路了。这时，8只狼在车后一字排开坐着，其中一只比其他7只狼稍稍向前。老乡说：“靠前面的那只是头狼，主意都是他出的。”我们激动极了，一起给狼鼓掌，并用力地向它们挥手致意。但是这8只可爱的狼对我们的举动并没有什么反应，只是定定地望了望我们，然后，头狼在前，其余随后，缓缓朝山上走去，消失在松林中......看完不忍思考：连凶猛的狼都懂得报恩，我们是否应该反思自身？自诩为“万物灵长”的人类，我们是不是应当让这个世界充满爱？1964年12月，我们小分队在滇西北找矿。小分队一共8人，其中4名警战士每人配备一支冲锋枪。一天，出发前，一位纳西族老乡搭我们的车去维西。那天路上积雪很大，雪下的路面坑洼不平，车子行驶一段就会被雪坞住。我们不得不经常下来推车。就在我们又一次下车推车的时候，一群褐黄色的东西慢慢向我们靠近。我们正惊疑、猜测时，纳西族老乡急喊：“快、快赶紧上车，是一群狼。”司机小王赶紧发动车，加大油门……但是很不幸，车轮只是在原地空转，根本无法前进。这时狼群已靠近汽车……大家看得清清楚楚——8只狼，个个都象小牛犊似的，肚子吊得老高。战士小吴抄起冲锋枪，纳西族老乡一手夺下小吴的抢。比较沉着地高声道：“不能开枪，枪一响，它们或钻到车底下或钻进树林，狼群会把车胎咬坏，把我们围起来，然后狼会嚎叫召集来更多的狼和我们拼命。”他接着说：“狼饿疯了，它们是在找吃的，车上可有吃的？”我们几乎同声回答：“有。”“那就扔下去给它们吃。”老乡像是下达命令。从来没有经历过这样的事，当时脑子里一片空白，除了紧张，大脑似乎已经不会思考问题。听老乡这样说，我们毫不犹豫，七手八脚把从丽江买的腊肉、火腿还有十分珍贵的鹿子干巴往下丢了一部分。狼群眼都红了，兴奋地大吼着扑向食物，大口的撕咬吞咽着，刚丢下去的东西一眨眼就被吃光了。老乡继续命令道：“再丢下去一些！”第二批大约50斤肉品又飞出了后车门，也就一袋烟的工夫，又被8只狼分食的干干净净。吃完后8只狼整齐地坐下，盯着后车门。这时，我们几人各个屏气息声，紧张的手心里都是冷汗，甚至能够清晰的听到自己心跳的声音……我们不知道能有什么办法令我们从狼群中突围出去。看到这样的情形，老乡又发话道：“还有吗？一点不留地丢下，想保命就别心疼这些东西了！”此时，除了紧张、害怕还有羞愤……！作为战士，我们是有责任保护好这些物资的，哪怕牺牲自己。但是现实情况是我们的车被坞到雪地里出不来，只能被困在车里。我们的子弹是极有限的，一旦有狼群被召唤来，我们会更加束手无策。我们几人相互看了一眼，迟疑片刻，谁也没有说什么，忍痛将车上所有的肉品，还有十几包饼干全都甩下车去！8只狼又是一顿大嚼。吃完了肉，它们还试探性的嗅了嗅那十几包饼干，但没有吃。这时我清楚地看到狼的肚子已经滚圆，先前暴戾凶恶的目光变得温顺。其中一只狼围着汽车转了两圈，其余7只狼没动。片刻，那只狼带着狼群朝树林钻去......不可思议的事情发生了……不一会儿，8只狼钻出松林，嘴里叼着树枝，分别放到汽车两个后轮下面。我们简直不敢相信自己的眼睛……这些狼的意思是想用树枝帮我们垫起轮胎，让我们的车开出雪窝。我激动地大笑起来……哈……哈……刚笑了两声，另外一个战士忙用手捂住了我的嘴，他怕这突兀的笑声惊毛了狼。接着，8只狼一齐钻到车底，但见汽车两侧积雪飞扬。我眼里滚动着泪花，大呼小王：“狼帮我们扒雪呢，赶快发动车，”车启动了，但是没走两步，又打滑了。狼再次重复刚才的动作：“先往车轮下垫树枝，然后扒雪……”。就这样，每重复一次，汽车就前进一段，大约重复了十来次。最后一次，汽车顺利地向前行了一里多地，接近了山顶。再向前就是下坡路了。这时，8只狼在车后一字排开坐着，其中一只比其他7只狼稍稍向前。老乡说：“靠前面的那只是头狼，主意都是他出的。”我们激动极了，一起给狼鼓掌，并用力地向它们挥手致意。但是这8只可爱的狼对我们的举动并没有什么反应，只是定定地望了望我们，然后，头狼在前，其余随后，缓缓朝山上走去，消失在松林中......看完不忍思考：连凶猛的狼都懂得报恩，我们是否应该反思自身？自诩为“万物灵长”的人类，我们是不是应当让这个世界充满爱？环渤海财经网长按二维码进入网站环渤海财经微信号：hb-hbhcj(←长按复制)环渤海财经是立足环渤海区域政治、经济、文化发展的重要经济门户网站，欢迎投稿并希望能对重要活动、事件进行深度采访、报道。更多资讯请登录：www.hbhcj.cn 浏览]]></content>
  <author><![CDATA[环渤海财经]]></author>
  <time>2018-10-08 11:20:00</time>
  <account><![CDATA[hb-hbhcj]]></account>
</data>
