<data>
  <id><![CDATA[50517799]]></id>
  <url><![CDATA[https://mp.weixin.qq.com/s?timestamp=1539596380&src=3&ver=1&signature=Egrj350GoKY8-KUcIJshb1YJ0JtwEHLmYYdMt86WlwfWEOyru7V1DRy7PAZB5k92v7Nek7QMZNzNH-g5ihOxsl60VJx3mR9AhWGIX1vBVmKyRPIJ3nJ*zM3AfxdtR*31W21U0WYF1Kg2lvjJRJ8hRISHZLjKM3mTsnaCAt6HpKs=]]></url>
  <title><![CDATA[易经：心态好的人，一辈子都好]]></title>
  <content><![CDATA[一心态，决定命运古时候，有个读书人第三次进京赶考，住进前两次考试时住过的店里。当天夜里他连着做了两个梦，第一个梦是自己在墙上种高粱，第二次是天下大雨，他戴着斗笠，还打了把伞。第二天读书人去找算命的解梦。算命的一听，开口说道：“你还是收拾收拾回家吧。你想想，高墙上种高粱不是白费劲吗，戴斗笠还打雨伞不是多此一举吗？”读书人心灰意冷，回店收拾包袱，准备回家。店老板非常奇怪，就问他：“明天才考试，你怎么今天就回家啊？”读书人把解梦的事说了。店老板说：“依我看，算命的解的不对，客官这次一定能够高中。你仔细想想，墙上种高粱不是“高种（中）”吗，戴斗笠打雨伞不是“稳上加稳”吗？”读书人一听，觉得店老板的话更有道理，于是振奋精神参加了考试，结果居然中了个榜眼。心态决定一个人的生命状态，从而决定一个人的命运。心态消极的人只看到“危”，而心态积极的人则看到“机”。心态积极的人看到的永远是希望，让心灵拥有更加广阔的天空；心态消极的人看到的永远是危机，让人感觉到生活处处是阴影。二心态的正确姿势积极健康的心态应该有正确的姿势。《易经》：“君子以独立不惧，遁世无闷。”君子处世，内心强大，勇往直前，毫不畏惧，就算处于艰难之时，不被人理解，仍然能够保持内心平衡，不怨天尤人，而是沉潜起来，等待时机。这就是《易经》教导的，心态的正确姿势，后来还有“无欲则刚”“不以物喜不以己悲”的类似说法。说起来容易，做起来难。如何获得这样的心态，靠的还是不断地实践和感悟，具体来说，是四个方面：1敬畏敬，不是表面的供奉而是由衷的坦诚。畏，不是内心的懦弱而是灵魂的震撼。《易经》：“天垂象，见吉凶。”天地有定律，四季有成规，万物有法则。自然、生死、善恶是我们要敬畏的，天知地知你知我知，举头三尺有神明。有所敬畏，才不会为所欲为，才会懂得尊重、把握分寸、守住底线。知道敬畏，才能保护我们内心的良知。曾经中国人不缺敬畏，害怕天打五雷劈。今天，面对伤害孩子的事件，想问一句，中国人，你还有敬畏之心吗？2慈悲《易经》：“君子以厚德载物。”“厚德”就是慈悲。慈悲是托起世界，使众生解脱的力量。当心中有了慈悲，才知生命尽是天籁。有慈悲心的人，有大智慧，也都有大的福报。慈悲就是包容，是放大心量。没有慈悲的人，对很多事情都看不惯；具有慈悲的人，则能看开很多。“世间没有可恨的人，只有可怜的人。”这句话道出的，正是慈悲的真谛。3舍得《易经》中有损、益二卦，有损就有益，有得必有失。同样，舍得意味着：舍才能得，不舍不得，小舍小得，大舍大得。鱼与熊掌不可兼得，学会放弃才能拥有，全部得到是不现实的。在人生的漫漫长路中，要舍弃不恰当的自我定位，要忘却不属于自己的东西，不苛求、不奢求、不强求，才是舍得的最高境界。4务实《易经》：“时止则止，时行则行，动静不失其时，其道光明。”该静止的时候，必须静止；该行动的时候，必须行动。不论是静止，还是行动，都要掌握好时机。这实际上就是理性精神，就是务实心态。务实心态是一种基于行为的态度，具备务实心态的人不会急功急利，不会投机取巧，而这是符合道的。务实比聪明更重要。聪明反被聪明误，我们往往因为自己的聪明而忽略了实干。有时，放下自己的聪明，务实地做点事情，持续把事情做透，才能真正达到自己期望的目标。来源：综合自网络1964年12月，我们小分队在滇西北找矿。小分队一共8人，其中4名警战士每人配备一支冲锋枪。一天，出发前，一位纳西族老乡搭我们的车去维西。那天路上积雪很大，雪下的路面坑洼不平，车子行驶一段就会被雪坞住。我们不得不经常下来推车。就在我们又一次下车推车的时候，一群褐黄色的东西慢慢向我们靠近。我们正惊疑、猜测时，纳西族老乡急喊：“快、快赶紧上车，是一群狼。”司机小王赶紧发动车，加大油门……但是很不幸，车轮只是在原地空转，根本无法前进。这时狼群已靠近汽车……大家看得清清楚楚——8只狼，个个都象小牛犊似的，肚子吊得老高。战士小吴抄起冲锋枪，纳西族老乡一手夺下小吴的抢。比较沉着地高声道：“不能开枪，枪一响，它们或钻到车底下或钻进树林，狼群会把车胎咬坏，把我们围起来，然后狼会嚎叫召集来更多的狼和我们拼命。”他接着说：“狼饿疯了，它们是在找吃的，车上可有吃的？”我们几乎同声回答：“有。”“那就扔下去给它们吃。”老乡像是下达命令。从来没有经历过这样的事，当时脑子里一片空白，除了紧张，大脑似乎已经不会思考问题。听老乡这样说，我们毫不犹豫，七手八脚把从丽江买的腊肉、火腿还有十分珍贵的鹿子干巴往下丢了一部分。狼群眼都红了，兴奋地大吼着扑向食物，大口的撕咬吞咽着，刚丢下去的东西一眨眼就被吃光了。老乡继续命令道：“再丢下去一些！”第二批大约50斤肉品又飞出了后车门，也就一袋烟的工夫，又被8只狼分食的干干净净。吃完后8只狼整齐地坐下，盯着后车门。这时，我们几人各个屏气息声，紧张的手心里都是冷汗，甚至能够清晰的听到自己心跳的声音……我们不知道能有什么办法令我们从狼群中突围出去。看到这样的情形，老乡又发话道：“还有吗？一点不留地丢下，想保命就别心疼这些东西了！”此时，除了紧张、害怕还有羞愤……！作为战士，我们是有责任保护好这些物资的，哪怕牺牲自己。但是现实情况是我们的车被坞到雪地里出不来，只能被困在车里。我们的子弹是极有限的，一旦有狼群被召唤来，我们会更加束手无策。我们几人相互看了一眼，迟疑片刻，谁也没有说什么，忍痛将车上所有的肉品，还有十几包饼干全都甩下车去！8只狼又是一顿大嚼。吃完了肉，它们还试探性的嗅了嗅那十几包饼干，但没有吃。这时我清楚地看到狼的肚子已经滚圆，先前暴戾凶恶的目光变得温顺。其中一只狼围着汽车转了两圈，其余7只狼没动。片刻，那只狼带着狼群朝树林钻去......不可思议的事情发生了……不一会儿，8只狼钻出松林，嘴里叼着树枝，分别放到汽车两个后轮下面。我们简直不敢相信自己的眼睛……这些狼的意思是想用树枝帮我们垫起轮胎，让我们的车开出雪窝。我激动地大笑起来……哈……哈……刚笑了两声，另外一个战士忙用手捂住了我的嘴，他怕这突兀的笑声惊毛了狼。接着，8只狼一齐钻到车底，但见汽车两侧积雪飞扬。我眼里滚动着泪花，大呼小王：“狼帮我们扒雪呢，赶快发动车，”车启动了，但是没走两步，又打滑了。狼再次重复刚才的动作：“先往车轮下垫树枝，然后扒雪……”。就这样，每重复一次，汽车就前进一段，大约重复了十来次。最后一次，汽车顺利地向前行了一里多地，接近了山顶。再向前就是下坡路了。这时，8只狼在车后一字排开坐着，其中一只比其他7只狼稍稍向前。老乡说：“靠前面的那只是头狼，主意都是他出的。”我们激动极了，一起给狼鼓掌，并用力地向它们挥手致意。但是这8只可爱的狼对我们的举动并没有什么反应，只是定定地望了望我们，然后，头狼在前，其余随后，缓缓朝山上走去，消失在松林中......看完不忍思考：连凶猛的狼都懂得报恩，我们是否应该反思自身？自诩为“万物灵长”的人类，我们是不是应当让这个世界充满爱？1964年12月，我们小分队在滇西北找矿。小分队一共8人，其中4名警战士每人配备一支冲锋枪。一天，出发前，一位纳西族老乡搭我们的车去维西。那天路上积雪很大，雪下的路面坑洼不平，车子行驶一段就会被雪坞住。我们不得不经常下来推车。就在我们又一次下车推车的时候，一群褐黄色的东西慢慢向我们靠近。我们正惊疑、猜测时，纳西族老乡急喊：“快、快赶紧上车，是一群狼。”司机小王赶紧发动车，加大油门……但是很不幸，车轮只是在原地空转，根本无法前进。这时狼群已靠近汽车……大家看得清清楚楚——8只狼，个个都象小牛犊似的，肚子吊得老高。战士小吴抄起冲锋枪，纳西族老乡一手夺下小吴的抢。比较沉着地高声道：“不能开枪，枪一响，它们或钻到车底下或钻进树林，狼群会把车胎咬坏，把我们围起来，然后狼会嚎叫召集来更多的狼和我们拼命。”他接着说：“狼饿疯了，它们是在找吃的，车上可有吃的？”我们几乎同声回答：“有。”“那就扔下去给它们吃。”老乡像是下达命令。从来没有经历过这样的事，当时脑子里一片空白，除了紧张，大脑似乎已经不会思考问题。听老乡这样说，我们毫不犹豫，七手八脚把从丽江买的腊肉、火腿还有十分珍贵的鹿子干巴往下丢了一部分。狼群眼都红了，兴奋地大吼着扑向食物，大口的撕咬吞咽着，刚丢下去的东西一眨眼就被吃光了。老乡继续命令道：“再丢下去一些！”第二批大约50斤肉品又飞出了后车门，也就一袋烟的工夫，又被8只狼分食的干干净净。吃完后8只狼整齐地坐下，盯着后车门。这时，我们几人各个屏气息声，紧张的手心里都是冷汗，甚至能够清晰的听到自己心跳的声音……我们不知道能有什么办法令我们从狼群中突围出去。看到这样的情形，老乡又发话道：“还有吗？一点不留地丢下，想保命就别心疼这些东西了！”此时，除了紧张、害怕还有羞愤……！作为战士，我们是有责任保护好这些物资的，哪怕牺牲自己。但是现实情况是我们的车被坞到雪地里出不来，只能被困在车里。我们的子弹是极有限的，一旦有狼群被召唤来，我们会更加束手无策。我们几人相互看了一眼，迟疑片刻，谁也没有说什么，忍痛将车上所有的肉品，还有十几包饼干全都甩下车去！8只狼又是一顿大嚼。吃完了肉，它们还试探性的嗅了嗅那十几包饼干，但没有吃。这时我清楚地看到狼的肚子已经滚圆，先前暴戾凶恶的目光变得温顺。其中一只狼围着汽车转了两圈，其余7只狼没动。片刻，那只狼带着狼群朝树林钻去......不可思议的事情发生了……不一会儿，8只狼钻出松林，嘴里叼着树枝，分别放到汽车两个后轮下面。我们简直不敢相信自己的眼睛……这些狼的意思是想用树枝帮我们垫起轮胎，让我们的车开出雪窝。我激动地大笑起来……哈……哈……刚笑了两声，另外一个战士忙用手捂住了我的嘴，他怕这突兀的笑声惊毛了狼。接着，8只狼一齐钻到车底，但见汽车两侧积雪飞扬。我眼里滚动着泪花，大呼小王：“狼帮我们扒雪呢，赶快发动车，”车启动了，但是没走两步，又打滑了。狼再次重复刚才的动作：“先往车轮下垫树枝，然后扒雪……”。就这样，每重复一次，汽车就前进一段，大约重复了十来次。最后一次，汽车顺利地向前行了一里多地，接近了山顶。再向前就是下坡路了。这时，8只狼在车后一字排开坐着，其中一只比其他7只狼稍稍向前。老乡说：“靠前面的那只是头狼，主意都是他出的。”我们激动极了，一起给狼鼓掌，并用力地向它们挥手致意。但是这8只可爱的狼对我们的举动并没有什么反应，只是定定地望了望我们，然后，头狼在前，其余随后，缓缓朝山上走去，消失在松林中......看完不忍思考：连凶猛的狼都懂得报恩，我们是否应该反思自身？自诩为“万物灵长”的人类，我们是不是应当让这个世界充满爱？环渤海财经网长按二维码进入网站环渤海财经微信号：hb-hbhcj(←长按复制)环渤海财经是立足环渤海区域政治、经济、文化发展的重要经济门户网站，欢迎投稿并希望能对重要活动、事件进行深度采访、报道。更多资讯请登录：www.hbhcj.cn 浏览]]></content>
  <author><![CDATA[环渤海财经]]></author>
  <time>2018-10-09 11:25:00</time>
  <account><![CDATA[hb-hbhcj]]></account>
</data>
