<data>
  <id><![CDATA[50517799]]></id>
  <url><![CDATA[https://mp.weixin.qq.com/s?timestamp=1539596380&src=3&ver=1&signature=Egrj350GoKY8-KUcIJshb1YJ0JtwEHLmYYdMt86WlwfWEOyru7V1DRy7PAZB5k92v7Nek7QMZNzNH-g5ihOxssdcNl5UwN*emjObb4z*7SebShH-58m-4Dzw05MFrfyruuU6O*bBuXKwaJn1jgytNWnk-bFOnfRtSe3M4I2VbPs=]]></url>
  <title><![CDATA[儒商大会在济召开阳光保险助力山东新旧动能转换]]></title>
  <content><![CDATA[环渤海财经网讯  2018年9月28日-30日，由山东省委、山东省人民政府举办的首届山东儒商大会在济南召开。大会以“大儒商道 至诚天下”为宗旨，以“新时代、新动能、新儒商、新愿景”为主题，来自国内外各界数千名企业代表、专家学者共聚泉城，共商发展大计。阳光保险集团董事长张维功一行受邀出席。大会期间，阳光保险在大健康、金融、扶贫等多个领域签署了合作协议，积极助力山东新旧动能转换。“健康阳光”助推山东新旧动能转换2018年1月10日，国务院正式批复《山东新旧动能转换综合试验区建设总体方案》，同意设立山东新旧动能转换综合试验区。随后，山东省委、省政府发布《关于推进新旧动能转换重大工程的实施意见》《山东省新旧动能转换重大工程实施规划》，提出布局医养健康产业在内的五大“新兴产业”、改造提升现代金融服务业在内的五大“优势产业”等新旧动能转换整体部署。9月28日，在儒商大会现场，阳光保险与济南新旧动能转换先行区管理委员会达成项目合作，计划以大健康产业为中心，重视导入和运用科技，构建金融保险与实体经济融合发展的创新产业形态。此次与济南市先行区签订的相关协议，不仅是阳光积极促进新旧动能转换，积极服务山东经济和社会发展的重要举措，同时也是阳光保险集团践行“健康阳光”战略的具体体现。记者了解到，早在2016年，阳光保险跨界“融和”全面开启大健康战略，在山东潍坊设立阳光融和医院。阳光融和医院是在国家鼓励社会资本办医，积极推进医疗改革大背景下，国内首家由保险公司和地方政府共同创办的大型综合性三级医院。融和医院全国首创“保险+医疗”健康服务模式，依托健康大数据，探索个性化保险保障服务;恪守人性的关怀与用心、坚持服务品质的持续提升。开业不到两年，阳光融和医院就通过了国际公认的医疗服务和管理的最高标准--国际JCI认证。作为阳光保险集团“健康阳光”战略推进的重要一环，未来，阳光保险将重点打造以聚焦医疗、养老服务为主的区域整合健康服务体系，积极支持山东健康产业发展。此外，阳光保险还与山东财金集团签署合作协议，双方将在保险业务、基金业务、融资业务、资产管理等多个领域开展合作，将通过充分发挥各自的资源、技术、品牌、资金、市场优势，实现双方优势互补、资源共享、务实合作、共同发展。“万名村医能力提升计划”实现精准扶贫山东省虽然是经济大省，但区域面积大，管辖范围广，依旧存在地区发展不均衡的问题，沂蒙山等革命老区还处于贫困状态。习近平总书记在山东视察时提出的盯紧“黄河滩”、聚焦“沂蒙山”、锁定“老病残”精准脱贫要求。在中央精神的号召下，阳光保险启动“双生计划”之“万名村医能力提升计划”，并在“儒商大会”现场与山东省扶贫开发基金会正式签署合作协议。该项目计划利用三年时间，在山东省潍坊、临沂、日照等地至少培训10000名贫困地区村医。阳光保险希望通过“万名村医能力提升计划”实施健康扶贫，为山东革命老区、贫困山区等地区培养并留住一批优秀的乡村医生，提升贫困地区医疗卫生服务能力、医疗水平，让这些贫困地区的人们获得更好的医疗保障。实际上，“万名村医能力提升计划”只是阳光保险精准扶贫的“双生计划”其中一项。2017年底，党的十九大召开，精准脱贫被确定为决胜全面建成小康社会必须打赢的三大攻坚战之一。2018年8月20日，中共中央、国务院发布了《关于打赢脱贫攻坚战三年行动的指导意见》。在中央的号召下，阳光保险宣布，正式启动精准扶贫“双生计划”。根据“双生计划”规划，阳光保险在未来三年内将聚焦“沂蒙山”定向培养万名贫困地区乡村医生，面向“三州三区”定向帮扶万名贫困地区乡村学生，实施健康扶贫、教育扶贫，助力贫困人口中国新时代美好生活的实现。其中，“贫困生计划”则是联合中国扶贫基金会，通过“一对一”“包班”等形式，定向帮扶万名“三州三区”及国家级深度贫困县的学生。阳光保险希望借助这种长期持续的“教育扶贫”机制，改善孩子们的学习条件，提升其综合能力，帮助他们获得公平教育的机会，为贫困学生搭建起成长的舞台。新时代企业家精神应是“以他人与社会为己任”一直以来，阳光保险都高度重视扶贫工作的开展，集团董事长张维功多次召集专题会议，并多次强调阳光保险要积极响应国家号召，把扶贫当做三年内的重点工作去做。作为阳光保险的带头人，张维功始终认为：企业存在的价值取决于对社会的贡献，如果一个企业没有对社会贡献应有的价值，企业就失去了存在的意义。在这一精神的指引下，阳光保险自成立以来，一直积极践行社会责任，积极参与“一带一路”国家战略，努力促进保险主业和医疗、养老、大数据进行融合，将公益的阳光洒向这个时代最需要的地方，向贫困和落后伸出援助之手。截止目前，已捐助了近60所博爱学校，在各项公益慈善事业中累计投入超过2.4亿元。对此，张维功表示，没有丰富精神灵魂的企业家，不可能制造巨大的物质世界，真正的企业家绝不是以创造个人财富为目的，而是以他人与社会为己任，与时俱进，担当时代使命，履行社会责任。不忘初心，方得始终。未来，阳光保险将聚焦主业发展，前行的同时持续践行企业社会责任，做国家战略实施最坚定的支持者与参与者，为全国脱贫攻坚事业贡献自己的力量。来源：环渤海财经网1964年12月，我们小分队在滇西北找矿。小分队一共8人，其中4名警战士每人配备一支冲锋枪。一天，出发前，一位纳西族老乡搭我们的车去维西。那天路上积雪很大，雪下的路面坑洼不平，车子行驶一段就会被雪坞住。我们不得不经常下来推车。就在我们又一次下车推车的时候，一群褐黄色的东西慢慢向我们靠近。我们正惊疑、猜测时，纳西族老乡急喊：“快、快赶紧上车，是一群狼。”司机小王赶紧发动车，加大油门……但是很不幸，车轮只是在原地空转，根本无法前进。这时狼群已靠近汽车……大家看得清清楚楚——8只狼，个个都象小牛犊似的，肚子吊得老高。战士小吴抄起冲锋枪，纳西族老乡一手夺下小吴的抢。比较沉着地高声道：“不能开枪，枪一响，它们或钻到车底下或钻进树林，狼群会把车胎咬坏，把我们围起来，然后狼会嚎叫召集来更多的狼和我们拼命。”他接着说：“狼饿疯了，它们是在找吃的，车上可有吃的？”我们几乎同声回答：“有。”“那就扔下去给它们吃。”老乡像是下达命令。从来没有经历过这样的事，当时脑子里一片空白，除了紧张，大脑似乎已经不会思考问题。听老乡这样说，我们毫不犹豫，七手八脚把从丽江买的腊肉、火腿还有十分珍贵的鹿子干巴往下丢了一部分。狼群眼都红了，兴奋地大吼着扑向食物，大口的撕咬吞咽着，刚丢下去的东西一眨眼就被吃光了。老乡继续命令道：“再丢下去一些！”第二批大约50斤肉品又飞出了后车门，也就一袋烟的工夫，又被8只狼分食的干干净净。吃完后8只狼整齐地坐下，盯着后车门。这时，我们几人各个屏气息声，紧张的手心里都是冷汗，甚至能够清晰的听到自己心跳的声音……我们不知道能有什么办法令我们从狼群中突围出去。看到这样的情形，老乡又发话道：“还有吗？一点不留地丢下，想保命就别心疼这些东西了！”此时，除了紧张、害怕还有羞愤……！作为战士，我们是有责任保护好这些物资的，哪怕牺牲自己。但是现实情况是我们的车被坞到雪地里出不来，只能被困在车里。我们的子弹是极有限的，一旦有狼群被召唤来，我们会更加束手无策。我们几人相互看了一眼，迟疑片刻，谁也没有说什么，忍痛将车上所有的肉品，还有十几包饼干全都甩下车去！8只狼又是一顿大嚼。吃完了肉，它们还试探性的嗅了嗅那十几包饼干，但没有吃。这时我清楚地看到狼的肚子已经滚圆，先前暴戾凶恶的目光变得温顺。其中一只狼围着汽车转了两圈，其余7只狼没动。片刻，那只狼带着狼群朝树林钻去......不可思议的事情发生了……不一会儿，8只狼钻出松林，嘴里叼着树枝，分别放到汽车两个后轮下面。我们简直不敢相信自己的眼睛……这些狼的意思是想用树枝帮我们垫起轮胎，让我们的车开出雪窝。我激动地大笑起来……哈……哈……刚笑了两声，另外一个战士忙用手捂住了我的嘴，他怕这突兀的笑声惊毛了狼。接着，8只狼一齐钻到车底，但见汽车两侧积雪飞扬。我眼里滚动着泪花，大呼小王：“狼帮我们扒雪呢，赶快发动车，”车启动了，但是没走两步，又打滑了。狼再次重复刚才的动作：“先往车轮下垫树枝，然后扒雪……”。就这样，每重复一次，汽车就前进一段，大约重复了十来次。最后一次，汽车顺利地向前行了一里多地，接近了山顶。再向前就是下坡路了。这时，8只狼在车后一字排开坐着，其中一只比其他7只狼稍稍向前。老乡说：“靠前面的那只是头狼，主意都是他出的。”我们激动极了，一起给狼鼓掌，并用力地向它们挥手致意。但是这8只可爱的狼对我们的举动并没有什么反应，只是定定地望了望我们，然后，头狼在前，其余随后，缓缓朝山上走去，消失在松林中......看完不忍思考：连凶猛的狼都懂得报恩，我们是否应该反思自身？自诩为“万物灵长”的人类，我们是不是应当让这个世界充满爱？1964年12月，我们小分队在滇西北找矿。小分队一共8人，其中4名警战士每人配备一支冲锋枪。一天，出发前，一位纳西族老乡搭我们的车去维西。那天路上积雪很大，雪下的路面坑洼不平，车子行驶一段就会被雪坞住。我们不得不经常下来推车。就在我们又一次下车推车的时候，一群褐黄色的东西慢慢向我们靠近。我们正惊疑、猜测时，纳西族老乡急喊：“快、快赶紧上车，是一群狼。”司机小王赶紧发动车，加大油门……但是很不幸，车轮只是在原地空转，根本无法前进。这时狼群已靠近汽车……大家看得清清楚楚——8只狼，个个都象小牛犊似的，肚子吊得老高。战士小吴抄起冲锋枪，纳西族老乡一手夺下小吴的抢。比较沉着地高声道：“不能开枪，枪一响，它们或钻到车底下或钻进树林，狼群会把车胎咬坏，把我们围起来，然后狼会嚎叫召集来更多的狼和我们拼命。”他接着说：“狼饿疯了，它们是在找吃的，车上可有吃的？”我们几乎同声回答：“有。”“那就扔下去给它们吃。”老乡像是下达命令。从来没有经历过这样的事，当时脑子里一片空白，除了紧张，大脑似乎已经不会思考问题。听老乡这样说，我们毫不犹豫，七手八脚把从丽江买的腊肉、火腿还有十分珍贵的鹿子干巴往下丢了一部分。狼群眼都红了，兴奋地大吼着扑向食物，大口的撕咬吞咽着，刚丢下去的东西一眨眼就被吃光了。老乡继续命令道：“再丢下去一些！”第二批大约50斤肉品又飞出了后车门，也就一袋烟的工夫，又被8只狼分食的干干净净。吃完后8只狼整齐地坐下，盯着后车门。这时，我们几人各个屏气息声，紧张的手心里都是冷汗，甚至能够清晰的听到自己心跳的声音……我们不知道能有什么办法令我们从狼群中突围出去。看到这样的情形，老乡又发话道：“还有吗？一点不留地丢下，想保命就别心疼这些东西了！”此时，除了紧张、害怕还有羞愤……！作为战士，我们是有责任保护好这些物资的，哪怕牺牲自己。但是现实情况是我们的车被坞到雪地里出不来，只能被困在车里。我们的子弹是极有限的，一旦有狼群被召唤来，我们会更加束手无策。我们几人相互看了一眼，迟疑片刻，谁也没有说什么，忍痛将车上所有的肉品，还有十几包饼干全都甩下车去！8只狼又是一顿大嚼。吃完了肉，它们还试探性的嗅了嗅那十几包饼干，但没有吃。这时我清楚地看到狼的肚子已经滚圆，先前暴戾凶恶的目光变得温顺。其中一只狼围着汽车转了两圈，其余7只狼没动。片刻，那只狼带着狼群朝树林钻去......不可思议的事情发生了……不一会儿，8只狼钻出松林，嘴里叼着树枝，分别放到汽车两个后轮下面。我们简直不敢相信自己的眼睛……这些狼的意思是想用树枝帮我们垫起轮胎，让我们的车开出雪窝。我激动地大笑起来……哈……哈……刚笑了两声，另外一个战士忙用手捂住了我的嘴，他怕这突兀的笑声惊毛了狼。接着，8只狼一齐钻到车底，但见汽车两侧积雪飞扬。我眼里滚动着泪花，大呼小王：“狼帮我们扒雪呢，赶快发动车，”车启动了，但是没走两步，又打滑了。狼再次重复刚才的动作：“先往车轮下垫树枝，然后扒雪……”。就这样，每重复一次，汽车就前进一段，大约重复了十来次。最后一次，汽车顺利地向前行了一里多地，接近了山顶。再向前就是下坡路了。这时，8只狼在车后一字排开坐着，其中一只比其他7只狼稍稍向前。老乡说：“靠前面的那只是头狼，主意都是他出的。”我们激动极了，一起给狼鼓掌，并用力地向它们挥手致意。但是这8只可爱的狼对我们的举动并没有什么反应，只是定定地望了望我们，然后，头狼在前，其余随后，缓缓朝山上走去，消失在松林中......看完不忍思考：连凶猛的狼都懂得报恩，我们是否应该反思自身？自诩为“万物灵长”的人类，我们是不是应当让这个世界充满爱？环渤海财经网长按二维码进入网站环渤海财经微信号：hb-hbhcj(←长按复制)环渤海财经是立足环渤海区域政治、经济、文化发展的重要经济门户网站，欢迎投稿并希望能对重要活动、事件进行深度采访、报道。更多资讯请登录：www.hbhcj.cn 浏览]]></content>
  <author><![CDATA[环渤海财经]]></author>
  <time>2018-10-08 11:20:00</time>
  <account><![CDATA[hb-hbhcj]]></account>
</data>
