<data>
  <id><![CDATA[50517799]]></id>
  <url><![CDATA[https://mp.weixin.qq.com/s?timestamp=1539596380&src=3&ver=1&signature=Egrj350GoKY8-KUcIJshb1YJ0JtwEHLmYYdMt86WlwfWEOyru7V1DRy7PAZB5k92v7Nek7QMZNzNH-g5ihOxsgjwNBBHC2eZ8No38QJcymGgIQuwqSOr4Tr3lGuJwjT9F1rHPmMpjB--*P1-M4lmbQWdLYM7ZPHk*bABEA6whe0=]]></url>
  <title><![CDATA[200万人民币要是在圣彼得堡，你绝对想不到]]></title>
  <content><![CDATA[两百万人民币，在中国能干什么？买一辆好车北京五环外买一间40平米的房子亦或是供养一个孩子的教育······老吴，退休，爱好钓鱼、摄影。去年夏天，他和几位朋友，应圣彼得堡平哥的邀请，前来俄罗斯游玩近一个月。让他流连的不只是这座历史文化名城的风光迤逦，真正触动他内心渴望的，却是在俄罗斯的一种“别样”的人生，一种可以谓之为“理想”的生活形态。以下，是老吴的讲述。可我的朋友却说他这算不上什么，看我们似信非信的，就在一个下午带我们去了一对北京的老夫妻家里做客，在那里，我体会到了什么是“梦想成真”。这对老夫妻来自北京，因为孙子要来圣彼得堡大学读书，他们就算是陪读来到了圣彼得堡，可来了就不想走了。老先生端着茶杯微笑着问我们：两百万人民币，在国内能买什么？我的同学，常平是北京人，他对北京相当熟悉了，不假思索的说如果在五环以外，大约能买一套40平米的房子吧。我说那不如石家庄，在石家庄的郊区，能买一套200平米左右的房子。老先生笑了：买了房子以后哪？我们一愣：以后？没有以后了，买了房子就没钱了。老先生慢慢的品了一口茶：“为了陪孙子读书来圣彼得堡，我们卖了北京的一套房子，拿了两百万来到这里，你们看看我的家。”随着老爷子的指点，我们参观了他的家——两座造型精美的别墅，每套都是两百平米以上，里面装修华美，餐厅浴室比国内的客厅也不小，还有壁炉、桑拿房，院子也是和我朋友的差不多大，我们吃了一惊：“这些是用两百万买的？不够吧？”老爷子哈哈笑了起来：“如果两百万只买了这些也不值得和你们聊了。今天就让你们知道两百万人民币在圣彼得堡的价值吧。”老爷子得意洋洋的端起茶杯一饮而尽。“除了这两栋房子，你们看那里还有一座蔬菜暖棚，里面是我们自己种的菜，足够我们自己吃的了，那边还有一座车库，里面你们猜猜有什么？”看到我们疑惑的眼神，老爷子得意的说：一辆二手的宝马，足有九成新，一艘二手的游艇，不错，是游艇，五人座的，带全套推进系统，孙子在圣彼得堡四年的学费以及我们三人所有的生活费。全部包括这二百万人民币以内！”我们四人彻底呆住了，二百万元，在一二线城市普通的老百姓，哪家没有一两套房子？哪家没有“两百万”，而除了房子，我们还有什么？老先生见我们惊讶的表情，沉静的道出了他的思想：“在国内，我们拼命的工作、攒钱，竭尽全力最后只能买一块并不属于我们自己的栖身之地，至于豪车别墅，那只是做梦而已，更别奢谈游艇花园了。可是在这里，只要你卖了国内的房子，这一切都可以实现，只要你通过合法的手续，就能买一块受俄罗斯法律保护的、永久属于你的地面，在这块土地上，你可以随心所欲的设计建造自己梦想中的房屋，绝没有任何人或者”有关部门“来干涉阻挠。春夏秋季节，你可以开着豪车、拉着游艇去到任何你想去的地方，高速公路全部免费，油价比国内低，至于汽车后面拖挂的游艇，只要汽车能拉动，警察绝不干涉，圣彼得堡离芬兰湾就几公里，周边海洋湖泊到处都是，你想到哪里都可以，尤其是夏天在湖边的烧烤，更是圣彼得堡一道美景，夏至的白夜一天只有两个小时的黑夜，其余全是白天，让人感受到大自然的奇妙，空气质量更是没得说。当然，这里也有不便的地方，比如一到10月份就下雪了，冬至全天只有四、五个小时的白天。但这里的电费、煤气费相当低，市政供暖体系完善。尽管外面冰天雪地，但屋子里却是热的只穿体恤衫就行了，水费全免。至于吃的，圣彼得堡由于气候的原因，常年是“四大金刚”供应——土豆、胡萝卜、洋葱、卷心菜。当然，象西红柿、黄瓜、大白菜等也是随时都有，但如韭菜、菠菜等“特殊”菜就只能自己在自家的暖棚里种植了。”听完老先生的一席话，我们都沉默了。是啊，我们倾其所有，不过是在国内有一处安身之地，虽然国内现在国力增强，但老百姓实际生活水平比起俄罗斯却有很大的差距，尤其是孩子就学、生老病死等等，无不是一座座大山压在老百姓的头上，可在俄罗斯，这一切都如浮云一般，我不禁盘算起我的将来了。来源：彼得堡安平乐道1964年12月，我们小分队在滇西北找矿。小分队一共8人，其中4名警战士每人配备一支冲锋枪。一天，出发前，一位纳西族老乡搭我们的车去维西。那天路上积雪很大，雪下的路面坑洼不平，车子行驶一段就会被雪坞住。我们不得不经常下来推车。就在我们又一次下车推车的时候，一群褐黄色的东西慢慢向我们靠近。我们正惊疑、猜测时，纳西族老乡急喊：“快、快赶紧上车，是一群狼。”司机小王赶紧发动车，加大油门……但是很不幸，车轮只是在原地空转，根本无法前进。这时狼群已靠近汽车……大家看得清清楚楚——8只狼，个个都象小牛犊似的，肚子吊得老高。战士小吴抄起冲锋枪，纳西族老乡一手夺下小吴的抢。比较沉着地高声道：“不能开枪，枪一响，它们或钻到车底下或钻进树林，狼群会把车胎咬坏，把我们围起来，然后狼会嚎叫召集来更多的狼和我们拼命。”他接着说：“狼饿疯了，它们是在找吃的，车上可有吃的？”我们几乎同声回答：“有。”“那就扔下去给它们吃。”老乡像是下达命令。从来没有经历过这样的事，当时脑子里一片空白，除了紧张，大脑似乎已经不会思考问题。听老乡这样说，我们毫不犹豫，七手八脚把从丽江买的腊肉、火腿还有十分珍贵的鹿子干巴往下丢了一部分。狼群眼都红了，兴奋地大吼着扑向食物，大口的撕咬吞咽着，刚丢下去的东西一眨眼就被吃光了。老乡继续命令道：“再丢下去一些！”第二批大约50斤肉品又飞出了后车门，也就一袋烟的工夫，又被8只狼分食的干干净净。吃完后8只狼整齐地坐下，盯着后车门。这时，我们几人各个屏气息声，紧张的手心里都是冷汗，甚至能够清晰的听到自己心跳的声音……我们不知道能有什么办法令我们从狼群中突围出去。看到这样的情形，老乡又发话道：“还有吗？一点不留地丢下，想保命就别心疼这些东西了！”此时，除了紧张、害怕还有羞愤……！作为战士，我们是有责任保护好这些物资的，哪怕牺牲自己。但是现实情况是我们的车被坞到雪地里出不来，只能被困在车里。我们的子弹是极有限的，一旦有狼群被召唤来，我们会更加束手无策。我们几人相互看了一眼，迟疑片刻，谁也没有说什么，忍痛将车上所有的肉品，还有十几包饼干全都甩下车去！8只狼又是一顿大嚼。吃完了肉，它们还试探性的嗅了嗅那十几包饼干，但没有吃。这时我清楚地看到狼的肚子已经滚圆，先前暴戾凶恶的目光变得温顺。其中一只狼围着汽车转了两圈，其余7只狼没动。片刻，那只狼带着狼群朝树林钻去......不可思议的事情发生了……不一会儿，8只狼钻出松林，嘴里叼着树枝，分别放到汽车两个后轮下面。我们简直不敢相信自己的眼睛……这些狼的意思是想用树枝帮我们垫起轮胎，让我们的车开出雪窝。我激动地大笑起来……哈……哈……刚笑了两声，另外一个战士忙用手捂住了我的嘴，他怕这突兀的笑声惊毛了狼。接着，8只狼一齐钻到车底，但见汽车两侧积雪飞扬。我眼里滚动着泪花，大呼小王：“狼帮我们扒雪呢，赶快发动车，”车启动了，但是没走两步，又打滑了。狼再次重复刚才的动作：“先往车轮下垫树枝，然后扒雪……”。就这样，每重复一次，汽车就前进一段，大约重复了十来次。最后一次，汽车顺利地向前行了一里多地，接近了山顶。再向前就是下坡路了。这时，8只狼在车后一字排开坐着，其中一只比其他7只狼稍稍向前。老乡说：“靠前面的那只是头狼，主意都是他出的。”我们激动极了，一起给狼鼓掌，并用力地向它们挥手致意。但是这8只可爱的狼对我们的举动并没有什么反应，只是定定地望了望我们，然后，头狼在前，其余随后，缓缓朝山上走去，消失在松林中......看完不忍思考：连凶猛的狼都懂得报恩，我们是否应该反思自身？自诩为“万物灵长”的人类，我们是不是应当让这个世界充满爱？1964年12月，我们小分队在滇西北找矿。小分队一共8人，其中4名警战士每人配备一支冲锋枪。一天，出发前，一位纳西族老乡搭我们的车去维西。那天路上积雪很大，雪下的路面坑洼不平，车子行驶一段就会被雪坞住。我们不得不经常下来推车。就在我们又一次下车推车的时候，一群褐黄色的东西慢慢向我们靠近。我们正惊疑、猜测时，纳西族老乡急喊：“快、快赶紧上车，是一群狼。”司机小王赶紧发动车，加大油门……但是很不幸，车轮只是在原地空转，根本无法前进。这时狼群已靠近汽车……大家看得清清楚楚——8只狼，个个都象小牛犊似的，肚子吊得老高。战士小吴抄起冲锋枪，纳西族老乡一手夺下小吴的抢。比较沉着地高声道：“不能开枪，枪一响，它们或钻到车底下或钻进树林，狼群会把车胎咬坏，把我们围起来，然后狼会嚎叫召集来更多的狼和我们拼命。”他接着说：“狼饿疯了，它们是在找吃的，车上可有吃的？”我们几乎同声回答：“有。”“那就扔下去给它们吃。”老乡像是下达命令。从来没有经历过这样的事，当时脑子里一片空白，除了紧张，大脑似乎已经不会思考问题。听老乡这样说，我们毫不犹豫，七手八脚把从丽江买的腊肉、火腿还有十分珍贵的鹿子干巴往下丢了一部分。狼群眼都红了，兴奋地大吼着扑向食物，大口的撕咬吞咽着，刚丢下去的东西一眨眼就被吃光了。老乡继续命令道：“再丢下去一些！”第二批大约50斤肉品又飞出了后车门，也就一袋烟的工夫，又被8只狼分食的干干净净。吃完后8只狼整齐地坐下，盯着后车门。这时，我们几人各个屏气息声，紧张的手心里都是冷汗，甚至能够清晰的听到自己心跳的声音……我们不知道能有什么办法令我们从狼群中突围出去。看到这样的情形，老乡又发话道：“还有吗？一点不留地丢下，想保命就别心疼这些东西了！”此时，除了紧张、害怕还有羞愤……！作为战士，我们是有责任保护好这些物资的，哪怕牺牲自己。但是现实情况是我们的车被坞到雪地里出不来，只能被困在车里。我们的子弹是极有限的，一旦有狼群被召唤来，我们会更加束手无策。我们几人相互看了一眼，迟疑片刻，谁也没有说什么，忍痛将车上所有的肉品，还有十几包饼干全都甩下车去！8只狼又是一顿大嚼。吃完了肉，它们还试探性的嗅了嗅那十几包饼干，但没有吃。这时我清楚地看到狼的肚子已经滚圆，先前暴戾凶恶的目光变得温顺。其中一只狼围着汽车转了两圈，其余7只狼没动。片刻，那只狼带着狼群朝树林钻去......不可思议的事情发生了……不一会儿，8只狼钻出松林，嘴里叼着树枝，分别放到汽车两个后轮下面。我们简直不敢相信自己的眼睛……这些狼的意思是想用树枝帮我们垫起轮胎，让我们的车开出雪窝。我激动地大笑起来……哈……哈……刚笑了两声，另外一个战士忙用手捂住了我的嘴，他怕这突兀的笑声惊毛了狼。接着，8只狼一齐钻到车底，但见汽车两侧积雪飞扬。我眼里滚动着泪花，大呼小王：“狼帮我们扒雪呢，赶快发动车，”车启动了，但是没走两步，又打滑了。狼再次重复刚才的动作：“先往车轮下垫树枝，然后扒雪……”。就这样，每重复一次，汽车就前进一段，大约重复了十来次。最后一次，汽车顺利地向前行了一里多地，接近了山顶。再向前就是下坡路了。这时，8只狼在车后一字排开坐着，其中一只比其他7只狼稍稍向前。老乡说：“靠前面的那只是头狼，主意都是他出的。”我们激动极了，一起给狼鼓掌，并用力地向它们挥手致意。但是这8只可爱的狼对我们的举动并没有什么反应，只是定定地望了望我们，然后，头狼在前，其余随后，缓缓朝山上走去，消失在松林中......看完不忍思考：连凶猛的狼都懂得报恩，我们是否应该反思自身？自诩为“万物灵长”的人类，我们是不是应当让这个世界充满爱？环渤海财经网长按二维码进入网站环渤海财经微信号：hb-hbhcj(←长按复制)环渤海财经是立足环渤海区域政治、经济、文化发展的重要经济门户网站，欢迎投稿并希望能对重要活动、事件进行深度采访、报道。更多资讯请登录：www.hbhcj.cn 浏览]]></content>
  <author><![CDATA[环渤海财经]]></author>
  <time>2018-09-27 11:30:00</time>
  <account><![CDATA[hb-hbhcj]]></account>
</data>
