<data>
  <id><![CDATA[50517989]]></id>
  <url><![CDATA[https://mp.weixin.qq.com/s?timestamp=1539596428&src=3&ver=1&signature=Egrj350GoKY8-KUcIJshb3wX5VZRdwMbcxRZ6knhNlsyHPC2gYfK-CncGaL2foUCvRnBMgwfHAgjkXJ1wUQFqFQa7Yu6U8E7Vde*uoIpu2lJ58W6oruSjxVJY7yU629K62rlA6spLFJDlPq5jHKAxNW0MtWhXl74j0cIiCpO*yU=]]></url>
  <title><![CDATA[年中特辑｜深刻认识妇保院功能定位]]></title>
  <content><![CDATA[妇保院摇篮价值链按照全生命周期和三级预防的理念，以一级和二级预防为重点，为妇女儿童提供从出生到老年、内容涵盖生理和心理的主动、连续的服务与管理。要将全生命周期和三级预防融入我们的工作之中，帮助医院实现从出生到老年、从心理到生理的主动、连续的服务。医院主动去实现这种服务是不现实的，那么就需要制定制度、政策去引导。妇保院主动连续服务链实现临床服务与保健服务的相互转介及如何实现转介，要实现全生命周期，从儿童出生到老年这样一个连续的服务。遵循以保健为中心，以保障知识健康为目的，以临床和保健相结合的卫生工作方针。在保健服务中要实现建卡最大化。通过单项绩效指标，能够对比出妇幼保健院与中医院、人民医院的不同。转介作为基础，一定要做起来、做好。妇保院一直推进中医治疗，但实际上其在妇保院中的作用不显著，且基础差，有待进一步加大发展力度。打通产科转到新生儿的通道，提升新生儿转到产科的人次。妇保院绩效体系指标设计妇幼健康重大项目妇幼健康重大项目质量标准一级预防（妇幼健康教育与健康促进）诊断指标北京同合至诚事业部执行总监 张洪涛2018年8月7日]]></content>
  <author><![CDATA[北京同合至诚]]></author>
  <time>2018-10-02 10:46:32</time>
  <account><![CDATA[tonghezhicheng]]></account>
</data>
