<data>
  <id><![CDATA[50517989]]></id>
  <url><![CDATA[https://mp.weixin.qq.com/s?timestamp=1539596428&src=3&ver=1&signature=Egrj350GoKY8-KUcIJshb3wX5VZRdwMbcxRZ6knhNlsyHPC2gYfK-CncGaL2foUCvRnBMgwfHAgjkXJ1wUQFqEsdIiuUME2YJdssMw9g6RbOzmI26qA1NZToSqwVAuUmpB9Qc7EJVzcCDs4h*KUtq6jjC-h32ta-w*i1l*z4uUo=]]></url>
  <title><![CDATA[年中特辑｜基层医疗机构的咨询思路]]></title>
  <content><![CDATA[01绩效绩效潭中绩效是适用于所有科室的，但是要特别注意的是要把握好绩效差距，大多数基层卫生院是综合科发展比较好，中医科与妇产科发展较差，所以在绩效中体现多劳多得的时候还要兼顾公平。我们结合乡镇卫生院的特点：就诊人口集中于老人、妇女和儿童，所以要重点发展三个科室：综合科、中医科、儿科。但一般综合科会将儿科覆盖。要重点发展中医科，中医科治疗风险较低，操作相对简单，具有中医特色化，所以中医科是除综合科之外要重点打造的一个科室，也是可以快速见效的科室。可以通过中医治疗收入双向核算来发展中医科，从绩效设计上发展中医科。对于产科，基层医疗卫生机构是具有接生能力的，但是并不想做，所以接生风险绩效标准一定要高，这时就会提高积极性。手术科室，不能推诿病人，打好医院口碑，给患者留下好印象。02学科诊断水平+治疗水平在学科建设之中要从诊断水平和治疗水平这两个方面进行建设。在诊断水平中人员进修是在第一位的。医加医APP是落实国家医改政策，合理分配医疗资源的重要手段。治疗水平中治疗设备我们优先选择淘药方所推荐的治疗设备，如果淘药方没有相应设备再进行其他设备的购进，如果卫生院中有治疗效果较好的治疗设备可以推荐给淘药方。03市场市场将免费接送产妇与妇产科发展结合起来，可以和公卫宣传结合在一起进行宣传。04快速见效措施英语英语时刻北京同合至诚事业部执行总监 杨东东2018年8月7日]]></content>
  <author><![CDATA[北京同合至诚]]></author>
  <time>2018-09-29 13:56:31</time>
  <account><![CDATA[tonghezhicheng]]></account>
</data>
