<data>
  <id><![CDATA[50517989]]></id>
  <url><![CDATA[https://mp.weixin.qq.com/s?timestamp=1539596428&src=3&ver=1&signature=Egrj350GoKY8-KUcIJshb3wX5VZRdwMbcxRZ6knhNlsyHPC2gYfK-CncGaL2foUCvRnBMgwfHAgjkXJ1wUQFqBL6Vz91VmxHGnRRDK1wRU1otEahQlT6DXKE8SZ-0B5mt-tYRypEt6*WqC16AjC6WBHyZaTPbTFaPg33lHOeSm8=]]></url>
  <title><![CDATA[“星火计划”【第7期】：“中医服务能力提升的基本思路和指导办法”隆重招生！]]></title>
  <content><![CDATA[点击“阅读原文”报名]]></content>
  <author><![CDATA[北京同合至诚]]></author>
  <time>2018-10-01 09:24:49</time>
  <account><![CDATA[tonghezhicheng]]></account>
</data>
