<data>
  <id><![CDATA[50517989]]></id>
  <url><![CDATA[https://mp.weixin.qq.com/s?timestamp=1539596428&src=3&ver=1&signature=Egrj350GoKY8-KUcIJshb3wX5VZRdwMbcxRZ6knhNlsyHPC2gYfK-CncGaL2foUCvRnBMgwfHAgjkXJ1wUQFqPxoQEwi7VMYpRtCKdIrZWIT7TWSiQk5p09ddekPTHIFQ6GJk-9IK1MMrwdoXZvZh70KlGbGGfuoTbIWdBLXO1k=]]></url>
  <title><![CDATA[同合客户｜2018年9月11日-9月20日北京同合至诚项目启动会]]></title>
  <content><![CDATA[贵州剑河县柳川镇中心卫生院召开项目见面会2018年9月11日19：00，北京同合至诚驻贵州剑河县柳川镇中心卫生院项目组于医院公卫楼三楼会议室召开项目见面会，医院全体职工参加，会议由罗幸平院长主持。项目总监张云鹏老师罗幸平院长湖北黄石市第四医院召开项目见面会2018年9月13日14:：00，北京同合至诚驻湖北黄石市第四医院项目组在医院2号楼5层会议室召开项目见面会，会议由马作明副院长主持。项目总监张小龙老师项目主任赵磊老师云南兰坪县妇幼保健院召开项目见面会2018年9月18日19：00，北京同合至诚驻兰坪妇幼项目组组织召开项目见面会，医院全体职工参与会议，会议由乔丽梅院长主持。项目总监蔡莎莎老师乔丽梅院长广西钟山县人民医院召开项目启动见面会2018年9月18日19：30，北京同合至诚驻广西钟山县人民医院项目组面向全院职工召开了项目启动会，会议由黄善辉院长主持。项目总监李启明老师黄善辉院长同合客户｜2018年9月1日-9月10日北京同合至诚项目启动会同合客户 | 2018年8月北京同合至诚项目启动会]]></content>
  <author><![CDATA[北京同合至诚]]></author>
  <time>2018-10-04 08:23:28</time>
  <account><![CDATA[tonghezhicheng]]></account>
</data>
