<data>
  <id><![CDATA[50517989]]></id>
  <url><![CDATA[https://mp.weixin.qq.com/s?timestamp=1539596428&src=3&ver=1&signature=Egrj350GoKY8-KUcIJshb3wX5VZRdwMbcxRZ6knhNlsyHPC2gYfK-CncGaL2foUCvRnBMgwfHAgjkXJ1wUQFqB8CkmAZta5gzfsoOo9qFQ4ME8SUILb9yIBl4tjwMjwHsJKMIYnpfGoNhIz*DrJsvwyIJ72pRQhM43jIr7OTcKM=]]></url>
  <title><![CDATA[热烈庆祝北京同合至诚通过CMC-Firm评审]]></title>
  <content><![CDATA[2018年10月7日，在国庆假期结束之前，北京同合至诚收到了国际管理咨询委员会理事会索伦.蔡恩主席的信件，正式通知批准北京同合至诚的国际CMC- Firm（国际注册管理咨询单位）地位。至此，北京同合至诚成为中国第一家、世界第七家正式通过评审，具有国际CMC-Firm地位的公司，为中国管理咨询发展历史写上了浓重的一笔。感谢ICMCI和索伦.蔡恩主席对我们的信任，感谢多年来国内外信任、支持我们的朋友，感谢公司老师们多年来努力的工作，赢得了这一殊荣。我们一定会借此加强国际间的合作，向国内提供具有更高水平的咨询服务。——北京同合至诚董事长 简棣北京同合至诚在今后发展的道路上将继续秉承学习、交流、创新、引领的精神向世界一流管理咨询公司迈进。CMC-Firm]]></content>
  <author><![CDATA[北京同合至诚]]></author>
  <time>2018-10-08 15:44:10</time>
  <account><![CDATA[tonghezhicheng]]></account>
</data>
