<data>
  <id><![CDATA[50517989]]></id>
  <url><![CDATA[https://mp.weixin.qq.com/s?timestamp=1539596428&src=3&ver=1&signature=Egrj350GoKY8-KUcIJshb3wX5VZRdwMbcxRZ6knhNlsyHPC2gYfK-CncGaL2foUCvRnBMgwfHAgjkXJ1wUQFqPxoQEwi7VMYpRtCKdIrZWLI1wHQ84SM3uN229PczffAckZTvdQ5lsAffIpZV1RgbX6U5JiOcIgC4qFICesCAes=]]></url>
  <title><![CDATA[同合动态｜2018年9月11日-9月20日北京同合至诚项目动态]]></title>
  <content><![CDATA[广西来宾市兴宾区八一医院召开专题培训会2018年9月12日19：00，北京同合至诚咨询业务执行总监马五福老师在兴宾区八一医院三楼会议室向全院职工进行《走出困境需及时调整经营理念》的专题讲座。会议由张连君副院长主持。咨询业务执行总监马五福老师张连君副院长广西马山县妇幼保健院开展专题培训2018年9月13日19：30，北京同合至诚事业部执行总监程松林老师于马山县妇幼保健院六楼会议室面向全体职工开展题为《医院文化建设的摧毁与重建》专题培训。会议由苏乃辉院长主持。事业部执行总监程松林老师苏乃辉院长北京同合至诚执行总监蓝晓峰老师于山东冠县中医医院做《言胜于行》专题讲座2018年9月13日16：30，北京同合至诚执行总监蓝晓峰老师于山东省聊城市冠县中医医院会议室做《言胜于行》专题讲座。医院全体人员参加会议，李维革院长主持会议。执行总监蓝晓峰老师李维革院长贵州关岭布依族苗族自治县人民医院召开经营管理诊断报告发布会2018年9月13日11：30，北京同合至诚驻关岭县人民医院项目组组织召开关岭布依族苗族自治县人民医院经营管理诊断报告发布会，会议由马丽副院长主持，全体职工参加。项目主任谷志豪老师马丽副院长贵州平塘县妇幼保健院召开项目合作工作总结汇报会2018年9月13日16：00，北京同合至诚驻平塘县妇幼保健院项目组在医院远程会议室召开项目合作工作总结汇报会，本次会议由院办主任李湘黔主持，由北京同合至诚项目总监刘泰勇老师进行汇报。项目主任刘泰勇老师广西田阳县人民医院开展市场营销专题培训2018年9月13日19：30，北京同合至诚驻田阳县人民医院项目主任蓝子元老师在县布洛陀文化中心大礼堂向全院职工做题为《转变观念，主动服务，全员营销，打造口碑》的市场营销专题培训，会议由邓福宁院长主持。目主任蓝子元老师邓福宁院长云南省南涧县人民医院召开临床路径和医院文化培训会2018年9月12日19：30，北京同合至诚事业部执行总监王策老师与项目总监刘红敏老师在南涧县人民医院行政楼六楼会议室进行临床路径和医院文化培训。会议由何汝芝书记主持。云南富宁县妇幼保健院召开市场营销培训会暨绩效系数测评大会2018年9月14日19：30，北京同合至诚驻云南富宁县妇幼保健院项目组同全院职工在三楼会议室召开市场营销培训会暨绩效系数测评会，会议由何发祥院长主持。项目主任魏晓寒老师何发祥院长贵州贵阳金华镇中心卫生院召开绩效分配方案说明会2018年9月14日16：00，北京同合至诚驻金华镇中心卫生院项目主任张钜才老师在门诊楼二楼会议室召开了绩效分配方案说明会，医院全体职工参加了本次会议，会议由鲁丛先院长主持。项目主任张钜才老师鲁丛先院长贵州贵阳金华镇中心卫生院召开市场营销和学科建设培训会2018年9月14日16：30，北京同合至诚驻金华镇中心卫生院项目总监贾宁老师在门诊楼二楼会议室召开了以《用科学的方法实现又好又快发展》为主题的市场营销和学科发展培训会，医院全体职工参加了本次会议，会议由鲁丛先院长主持。项目总监贾宁老师鲁丛先院长云南姚安县人民医院召开“患者至上”医院文化建设第二阶段诊断报告发布会2018年9月14日19：30，北京同合至诚驻云南省姚安县人民医院项目组在医院门诊楼四楼会议大厅组织召开“患者至上”医院文化建设第二阶段诊断报告发布会，会议由黄文凯书记主持。项目主任闻淑云老师全体职工永平县中医医院召开绩效方案发布会暨正确认识和理解新的绩效方案培训会2018年9月14日15：00，北京同合至诚驻永平县中医医院项目组在三楼会议室向全体中高层发布绩效方案，并做题为《正确认识和理解新的绩效方案》的培训，会议由程春院长主持。项目总监吴爱现老师程春院长事业部执行总监孙龙庆老师在永平县中医医院做《目标 责任 执行》专题讲座2018年9月14日19：00北京同合至诚事业部执行总监孙龙庆老师在永平县中医医院三楼会议室做《目标 责任 执行》专题讲座，会议由程春院长主持。事业部执行总监孙龙庆老师程春院长事业部执行总监程松林老师在贵州江口县中医院进行医院文化建设专题讲座2018年9月18日19：00，北京同合至诚事业部执行总监程松林老师在贵州江口县中医院做了题为《巩固传承 创新 新时代 新文化 新气象》的专题讲座，会议由沈永照院长主持。事业部执行总监程松林老师沈永照院长云南富宁县田蓬镇第一卫生院召开业务发展战略报告发布会2018年9月18日晚，北京同合至诚驻富宁县田蓬镇第一卫生院项目组在医院大会议室向全院职工发布了《田蓬镇第一卫生院业务发展战略报告》，会议由杜大方院长主持。项目主任张文杰老师杜大方院长湖南新晃县中医院召开临床路径管理专题培训会2018年9月18日下午，北京同合至诚事业部执行总监王策老师在湖南新晃县中医院做了题为《改变观念，克服困难，努力做好临床路径工作》专题讲座，医院全院职工参与会议。会议由杨遵勤院长主持。杨遵勤院长云南姚安县人民医院开展“主动服务、微笑礼仪”专题培训（护理篇）2018年9月18日19：30，北京同合至诚驻云南省姚安县人民医院项目主任闻淑云老师在医院门诊楼四楼大会议室为全院护理人员开展“主动服务、微笑礼仪”专题培训。项目主任闻淑云老师护理人员宣誓云南澜沧县中医医院召开战略报告发布会2018年9月19日19：30，北京同合至诚驻云南澜沧县中医医院项目主任郝迎展老师在澜沧县党校会议室面向全院职工发布澜沧县中医医院业务发展战略报告。会议由杨泽建院长主持。项目主任郝迎展老师杨泽建院长广西来宾市兴宾区人民医院章程起草启动汇报会北京同合至诚驻来宾市兴宾区人民医院项目组于2018年9月19日在兴宾区人民医院会议室召开章程起草启动汇报会，由北京同合至诚事业部执行总监梁晨光老师对章程各项事宜做主要讲解，陆国章院长主持。事业部执行总监梁晨光老师&陆国章院长兴宾区韦建富副区长&兴宾区卫计局丁振飞局长贵州省人民医院南明分院召开诊断报告暨绩效原则发布会2018年9月20日14：30，北京同合至诚驻贵州省人民医院南明分院项目主任姜燕北老师在1号楼十三层大会议室召开了《贵州省人民医院南明分院诊断报告暨绩效发布会》，医院全体职工参加了本次会议，会议由陈林院长主持。项目主任姜燕北老师陈林院长贵州遵义虾子镇中心卫生院召开专题培训会2018年9月20日15：30，北京同合至诚项目总监刘泰勇老师在虾子镇中心卫生院会议室作了题为《认清现状，明确目标，调整思路，健康发展》的专题培训。会议由刘鸿副院长主持，医院中高层参加会议。项目总监刘泰勇老师云南姚安县人民医院开展“主动服务、用心沟通”专题培训（医生篇）2018年9月20日19：30，北京同合至诚驻云南省姚安县人民医院项目组在医院门诊楼四楼会议大厅对全体医生进行“主动服务、用心沟通”专题培训。会议由李桃院长主持。项目主任闻淑云老师李桃院长同合动态｜2018年9月1日-9月10日北京同合至诚项目动态同合动态 | 2018年8月北京同合至诚项目动态汇编]]></content>
  <author><![CDATA[北京同合至诚]]></author>
  <time>2018-10-04 08:23:28</time>
  <account><![CDATA[tonghezhicheng]]></account>
</data>
