<data>
  <id><![CDATA[50517989]]></id>
  <url><![CDATA[https://mp.weixin.qq.com/s?timestamp=1539596428&src=3&ver=1&signature=Egrj350GoKY8-KUcIJshb3wX5VZRdwMbcxRZ6knhNlsyHPC2gYfK-CncGaL2foUCvRnBMgwfHAgjkXJ1wUQFqPxoQEwi7VMYpRtCKdIrZWKqXd5kXCqxnqH6tZ9XrKpbEZJUQCpOY9VCSOMln3UAxzcPZ*ycWzs80XWxnSXrQDQ=]]></url>
  <title><![CDATA[同合新闻｜2018年9月11日-9月20日北京同合至诚新闻事件]]></title>
  <content><![CDATA[北京同合至诚•贵州省第七届医院管理论坛暨2018年度最新理论研究成果发布会圆满结束2018年9月15日，北京同合至诚•贵州省第七届医院管理论坛暨最新理论研究成果发布会在贵阳•凯恩斯圆满落幕！参加本次会议的有来自贵州、云南、广西、湖南等地的医院朋友。出席本次会议的有北京同合至诚执行总监蓝晓峰老师、咨询业务执行总监马五福老师、事业部执行总监崔保辉老师、事业部执行总监杨拴萍老师、事业部执行总监谷立立老师、事业部执行总监王志芬老师、事业部执行总监程松林老师、事业部执行总监王策老师、中医特色科室建设总监&淘药方运营总监王双老师，会议同时特邀主讲嘉宾贵阳市花溪区中医院院长李红阳先生与三穗县人民医院院长吴会祥先生进行专题分享。同合新闻｜2018年9月1日-9月10日北京同合至诚新闻事件同合新闻｜2018年8月北京同合至诚新闻汇编]]></content>
  <author><![CDATA[北京同合至诚]]></author>
  <time>2018-10-04 08:23:28</time>
  <account><![CDATA[tonghezhicheng]]></account>
</data>
