<data>
  <id><![CDATA[50517989]]></id>
  <url><![CDATA[https://mp.weixin.qq.com/s?timestamp=1539596428&src=3&ver=1&signature=Egrj350GoKY8-KUcIJshb3wX5VZRdwMbcxRZ6knhNlsyHPC2gYfK-CncGaL2foUCvRnBMgwfHAgjkXJ1wUQFqF3fXysU*R45q7ftwUddTIsnNYKIX0AOcmeWTfQr7C5zGlHHulRTIN7IS5w5szni136P-tjkEXpUlbXVYGOZMk4=]]></url>
  <title><![CDATA[北京同合至诚•管理学院开展2018年第5期阶段能力提升专题培训]]></title>
  <content><![CDATA[2018年10月9-10日，北京同合至诚管理学院在大厂教学培训中心组织开展了2018年第5期阶段能力提升专题培训，培训由咨询业务执行总监马五福老师、事业部执行总监张洪涛老师、项目总监冯云老师开展，参加此次培训的有各项目总监及主任，另有部分职能部门负责人及在京项目顾问参加旁听，共计16人。培训由管理学院总监张立国老师主持。1《妇幼保健院项目咨询思路》—事业部执行总监张洪涛老师张老师首先通过解读一系列的宏观数据及政策制度引出了妇保院承担的社会责任，并明确了妇保院的正确发展方向及措施，从妇幼健康机构业务部门设置入手讲解了不同规模和等级的妇保院科室设置，随后对妇保院摇篮价值链进行了新的解读，并就四大业务部门主动连续服务链提出了十余项指标，逐一做了方法指导，最后从“市场”“绩效”“质量”以及“妇保院三级预防”等方面做了详细指导，张老师在讲解过程穿插项目实例和个人体会，让在场的各位老师受益匪浅。2《院我友好关系的构建和谈判技巧经验分享》—项目总监冯云老师冯老师首先从自己开展项目工作的切身体会入手，向各位老师解释了构建友好的院我关系的必要性，并提出了院我友好合作关系的基础是“成为院方的老师”及“帮助其解决问题”等一系列要素，最后从自身提升、良好的心态以及必要的技巧等方面详细指导了构建院我关系的关键点。在谈判技巧经验分享中，冯老师从谈判所需经历的几个过程展开讲解，重点指导了项目调研过程中的实地查看、访谈、数据分析、专题讲座等一系列工作的推进方法。并在最后指导了如何对合同内容进行约定和跟踪。3《工作和生活感悟分享座谈会》—咨询业务执行总监马五福老师马老师在开篇通过自己从毕业参加工作后的经历开始，前后两份工作的对比表现以及身边亲人及朋友的感受体会引出了分享的主题，先后用八组词：“就业—择业”“自由—自律”“敬业—生活”“经验—创造”“微观—宏观”“制度—人情”“原则—灵活”“自信—严谨”向大家分享了工作、生活、心态、成长等方面的个人感悟和经验，同时为几名新入职老师指点迷津，在今后的职业路上少走弯路，随后对在座的各位老师在项目工作的开展，以及如何兼顾工作和生活上做了经验分享，同时也帮助大家如何在不同环境下调整好心态，最终实现真正的个人与公司共同成长。最后， 马老师与在座的老师共同交流，几位老师也从项目工作、生活以及心态的变化等几个方面和大家做了分享，对于疑惑之处马老师也分别进行了指导点评。至此，2018年第5期阶段能力提升专题培训圆满结束。]]></content>
  <author><![CDATA[北京同合至诚]]></author>
  <time>2018-10-15 16:48:30</time>
  <account><![CDATA[tonghezhicheng]]></account>
</data>
