<data>
  <id><![CDATA[50517989]]></id>
  <url><![CDATA[https://mp.weixin.qq.com/s?timestamp=1539596428&src=3&ver=1&signature=Egrj350GoKY8-KUcIJshb3wX5VZRdwMbcxRZ6knhNlsyHPC2gYfK-CncGaL2foUCvRnBMgwfHAgjkXJ1wUQFqM-BHoGI1k3wX*OLelyLNKZlLhu*LBucAl9w--IiaCs2AFMBqYCDv7mxMmLKQ2FCySufSbPcJp0I1-wY6C-MMY4=]]></url>
  <title><![CDATA[年中特辑｜妇保院学科建设-功能布局规划]]></title>
  <content><![CDATA[1妇保院科室设置目前，有许多市级、三甲和一个亿以上的妇保院项目，这些医院进一步发展起来可能会有瓶颈，这就需要对医院学科做更细致地划分。比如孕产保健部，很多妇保院目前的情况是只有一个产科门诊或者是胎监，再好一点的旁边会有一个孕妇学校，但是基本不上课。那么对于三甲或者一个亿以上的妇保院来说绝不能只有几个基础的门诊，需要在现有门诊基础上再进行专科化的细分。从三甲妇保院做的比较好、比较多的门诊项目可以看出，以孕产保健部为例其可以囊括的有早孕门诊、高危门诊、围产营养代谢门诊、孕产妇身心门诊、妊娠期高血压门诊、助产士咨询门诊、产科普通门诊、妊娠期糖尿病门诊、产后保健门诊、多胎/双胎或畸形门诊、疤痕子宫再孕门诊、产前诊断中心等。当医院做到更高水平时，也可以发展相应的非基本医疗项目。2增加项目3妇保院科室布局规划4配套措施北京同合至诚事业部执行总监 谷立立2018年8月8日]]></content>
  <author><![CDATA[北京同合至诚]]></author>
  <time>2018-10-09 14:33:53</time>
  <account><![CDATA[tonghezhicheng]]></account>
</data>
