<data>
  <id><![CDATA[50517989]]></id>
  <url><![CDATA[https://mp.weixin.qq.com/s?timestamp=1539596428&src=3&ver=1&signature=Egrj350GoKY8-KUcIJshb3wX5VZRdwMbcxRZ6knhNlsyHPC2gYfK-CncGaL2foUCvRnBMgwfHAgjkXJ1wUQFqIXibuXuJQnMuJFHY03LmxeIpJ2qdQKln4wZiCI-h55KSxYN2Y9dv3gWXGS2vcM8U3iUkzD8FyOMGpdwiCONE1M=]]></url>
  <title><![CDATA[年中特辑｜要积极调整，而不是消极应对]]></title>
  <content><![CDATA[结合***中医院的实际案例来给大家引伸开来。***中医院目前面临的问题是“假”医共体。即把农合资金打包进来之后，算下来表面上亏的特别严重，但是通过对它进行一系列的梳理，发现医院的整体经营状况实际上基本持平。它几乎是每个月亏130万，全年大概就是1500万。最后对这部分亏损，通过收入结构的调整以及战略层面的跟进可以基本调整好。主要强调的是以下四个部分：1、从大门诊到强门诊，什么叫“强”？就是治疗水平高。2、未病：目前的县级中医院对未病科不重视且落地不是很多。另一个问题是，就算是落实了，也主要是以体检科为主。就像是***中医院，虽然成立了未病科，但经过数据分析，收入还是以体检科为主。未病和体检本可以相互促进，但真正的中医治疗干预还不是很多。***中医医院目前在这方面开了一个好头。3、中医治疗部分，更多完整的中医治疗的关键和焦点在于基本激励的设计上。4、当然还有很多的非基本措施。目前***中医医院有很多可以实施推进的非基本措施。北京同合至诚事业部执行总监 崔保辉2018年8月8日]]></content>
  <author><![CDATA[北京同合至诚]]></author>
  <time>2018-10-11 15:23:35</time>
  <account><![CDATA[tonghezhicheng]]></account>
</data>
