<data>
  <id><![CDATA[50517989]]></id>
  <url><![CDATA[https://mp.weixin.qq.com/s?timestamp=1539596428&src=3&ver=1&signature=Egrj350GoKY8-KUcIJshb3wX5VZRdwMbcxRZ6knhNlsyHPC2gYfK-CncGaL2foUCvRnBMgwfHAgjkXJ1wUQFqF3fXysU*R45q7ftwUddTIuYCBoJ9FrGqm*qIN2fmP*Hwm8h5o1g*xWlnOmOaGZpiZGgZJi-neVeAB0gwlsuf8M=]]></url>
  <title><![CDATA[北京同合至诚•管理学院召开第21期项目复盘工作会议]]></title>
  <content><![CDATA[2018年10月9日，北京同合至诚管理学院在大厂培训中心召开了第21期项目复盘工作会议，有2个事业部的3个项目组，项目总监、主任和顾问共计5人参加，北京同合至诚执行总监蓝晓峰老师、行政监察执行总监张树军老师、咨询业务执行总监马五福老师及各事业部执行总监等共6位公司高层参会指导，另有在京职能部门负责人和项目顾问共8人也参加了学习。项目复盘由管理学院执行总监谢志昌老师主持。1、广西马山县妇保院项目主任王静妮老师做复盘汇报、项目总监徐鑫老师做项目咨询思路讲解和点评2、贵州剑河县人民医院项目主任高天老师做复盘汇报、项目总监程松林老师做项目咨询思路讲解和点评3、广西江平镇卫生院项目主任朱兆军老师做复盘汇报参会的公司高层老师也分别对各项目进行了点评和工作指导，针对不同项目的具体情况提出了详细的解决方案，随后还对项目接下来的跟踪服务重点工作方向做了部署。事业部执行总监张洪涛老师点评并做指导咨询业务执行总监马五福老师点评并做指导执行总监蓝晓峰老师点评并做指导百战归来再学习，复盘得失利精进。通过项目复盘的开展，目标是让项目组的老师重新梳理思路，总结项目得失，寻求解决方案，突破自身瓶颈，以利于个人更好的成长，项目咨询取得更好的成效。]]></content>
  <author><![CDATA[北京同合至诚]]></author>
  <time>2018-10-15 16:48:30</time>
  <account><![CDATA[tonghezhicheng]]></account>
</data>
