<data>
  <id><![CDATA[50517989]]></id>
  <url><![CDATA[https://mp.weixin.qq.com/s?timestamp=1539596428&src=3&ver=1&signature=Egrj350GoKY8-KUcIJshb3wX5VZRdwMbcxRZ6knhNlsyHPC2gYfK-CncGaL2foUCvRnBMgwfHAgjkXJ1wUQFqEOiXQ082IPQjcas9UIu026br6aWLLCpOKeIkWK1TGr76jHvvZLxzvVDZN8mPP8GrUZT7I-B5Re*bbooAxG-v44=]]></url>
  <title><![CDATA[年中特辑｜学习力与创造力]]></title>
  <content><![CDATA[北京同合至诚管理学院执行总监 谢志昌2018年8月8日]]></content>
  <author><![CDATA[北京同合至诚]]></author>
  <time>2018-10-12 15:39:05</time>
  <account><![CDATA[tonghezhicheng]]></account>
</data>
