<data>
  <id><![CDATA[50517989]]></id>
  <url><![CDATA[https://mp.weixin.qq.com/s?timestamp=1539596428&src=3&ver=1&signature=Egrj350GoKY8-KUcIJshb3wX5VZRdwMbcxRZ6knhNlsyHPC2gYfK-CncGaL2foUCvRnBMgwfHAgjkXJ1wUQFqBL6Vz91VmxHGnRRDK1wRU3MF9jyuC-FnWcNc0jARcx7L8ujmbmr-VakMagWO6iaH4hZt98zpsN8Ho355CJxKzs=]]></url>
  <title><![CDATA[年中特辑｜工作思考]]></title>
  <content><![CDATA[要多表扬，适当、适时的表扬会有更好的效果。自我表扬：发现自己的成长，对自己有鼓励，不要给自己过大的压力；发现项目的亮点，能自信在医院朋友面前表功，增强互信。对医院的赞扬：医院的工作亮点、发展亮点要给予表扬鼓励，加强互动、氛围融洽。赞扬下属：批评是督促，是爱，但爱除了狂风暴雨也要有春风拂面，适当适时的要给予我们自己的下属一些表扬。北京同合至诚事业部执行总监 孙龙庆2018年8月7日]]></content>
  <author><![CDATA[北京同合至诚]]></author>
  <time>2018-10-01 09:24:49</time>
  <account><![CDATA[tonghezhicheng]]></account>
</data>
