<data>
  <id><![CDATA[50378108]]></id>
  <url><![CDATA[https://mp.weixin.qq.com/s?timestamp=1539596534&src=3&ver=1&signature=Egrj350GoKY8-KUcIJshb1EusjsiDFemv4p8JTFFfa-VdczF0uAoSyObKTPcrYJzTXi4YH0UVBMmGzUOs3G8UFsWAlg9U2VkEe3s196mQ6WZ6Fbr4sTgJKbzyNu0wK8zz58NOGxxT80Gaqe6xQmMsN6d3t6MXYEZJ7r65kkerRU=]]></url>
  <title><![CDATA[小伙双手残疾，却用脚串起幸福生活，自强不息！]]></title>
  <content><![CDATA[点击上面蓝色字关注：兴宁圈子网点↓↓↓下方阅读原文发布兴宁便民信息]]></content>
  <author><![CDATA[兴宁圈子网]]></author>
  <time>2018-10-06 11:49:19</time>
  <account><![CDATA[xnquan]]></account>
</data>
