<data>
  <id><![CDATA[50378108]]></id>
  <url><![CDATA[https://mp.weixin.qq.com/s?timestamp=1539596534&src=3&ver=1&signature=Egrj350GoKY8-KUcIJshb1EusjsiDFemv4p8JTFFfa-VdczF0uAoSyObKTPcrYJzTXi4YH0UVBMmGzUOs3G8UFsWAlg9U2VkEe3s196mQ6U0zme4RKLiddNalULD-c0LodontsTXkJbViZFKIvHy77DYRzBqJWq5tXbkArETYSo=]]></url>
  <title><![CDATA[客家搞笑视频，兴宁两小伙对对联，新陂坭陂坜陂水陂张陂陂陂都靓，对得绝妙，哈哈哈]]></title>
  <content><![CDATA[点击上面蓝色字关注：兴宁圈子网点↓↓↓下方阅读原文发布兴宁便民信息]]></content>
  <author><![CDATA[兴宁圈子网]]></author>
  <time>2018-10-06 11:49:19</time>
  <account><![CDATA[xnquan]]></account>
</data>
