<data>
  <id><![CDATA[50378108]]></id>
  <url><![CDATA[https://mp.weixin.qq.com/s?timestamp=1539596534&src=3&ver=1&signature=Egrj350GoKY8-KUcIJshb1EusjsiDFemv4p8JTFFfa-VdczF0uAoSyObKTPcrYJzTXi4YH0UVBMmGzUOs3G8UBniYeZWjFTtALytMNngfkrOhlGaL4OVWcyztZ-b59vAPlqJUl7Uy61lXVKeXPXBw7DkwymT86EH*PbcFmGmXMs=]]></url>
  <title><![CDATA[兴宁“久赖拖”违法行为被集中办理，结果如何？；便民！龙田镇村民在家门口即可办理基础金融业务便民！龙田镇村民在家门口即可办理基础金融业务]]></title>
  <content><![CDATA[▲商业合作：tqiuok微信号兴宁“久赖拖”违法行为被集中办理，结果如何来源：梅州日报本报讯 （记者王丽莉 通讯员罗苑丛）“法官你们辛苦了，真没想到你们去执行比我这卖菜的起得还要早！这笔钱来得十分及时，大大减轻了我们家里的负担。十分感谢法官。”人身损害赔偿案件的申请人杨阿姨拿着1.7万元的赔偿款，握着执行法官的手，感激万分。近日，兴宁法院积极响应广东省法院“南粤执行风暴”专项活动要求，精心部署开展集中大执行活动。9月20日，兴宁法院利用中秋、国庆前夕这个时间节点，开展涉民生案件执行风暴专项活动，重点打击涉及交通事故、人身伤害等案件的“久、赖、拖”违法行为，精准攻坚“基本解决执行难”，维护当事人的合法权益。当日凌晨5点，兴宁法院出动干警30余人，警车4辆，兵分两路，重点针对23宗涉民生执行案件，深入兴宁城区各街道、各乡镇开展大执行，行程200多公里。最终，经过7个多小时的奋战，1名被执行人一次性付清人身损害赔偿款1.7万元；2名被执行人给付部分赔偿款，余款分期偿还；5名被执行人与申请人达成执行和解协议；2名被执行人被依法司法拘留；1名被执行人被罚款1万元。责任编辑: 邓继章便民！龙田镇村民在家门口即可办理基础金融业务来源：兴宁市农村信用合作联社兴宁市首个“乡村振兴金融服务示范点”挂牌成立10月10日，由中国人民银行兴宁市支行、兴宁联社联合建设的兴宁市首个“乡村振兴金融服务示范点”在龙田镇环陂村金绿公司挂牌成立，标志着兴宁联社金融支持乡村振兴工作战略迈出了更坚实的一步。人行广州分行、梅州中支、兴宁支行相关领导和兴宁联社肖志勤理事长、刘颂副主任等参加了揭牌仪式。“乡村振兴金融服务示范点”通过兴宁联社与农业龙头企业挂点运作的方式，积极对接农业企业与农户的金融需求，设立了 “金融支持乡村振兴体验馆”和“普惠金融展示厅”等不同的服务区域，集合了金融业务咨询、金融知识宣传普及、便民融资等多种功能，可为当地村民提供助农取款、线上农副产品买卖、移动支付、国债购买、金融知识培训等一系列金融服务，村民在家门口即可办理基础金融业务。接下来，兴宁联社将以此为契机，充分发挥兴宁联社农村金融主力军的优势，结合广东农信“千行千村”党建工作结队帮扶规划，加大农村地区助农取款服务点、金融服务示范点等金融基础设施建设力度，把更多金融资源配置到农村经济社会发展的重点领域和薄弱环节，更好地满足乡村振兴多样化金融需求,促进农业增效、农民增收、农村繁荣。同日，兴宁联社还联合人行兴宁支行开展了以“普及国债知识、助力乡村振兴”为主题的宣传活动。点↓↓↓下方阅读原文发布兴宁便民信息]]></content>
  <author><![CDATA[兴宁圈子网]]></author>
  <time>2018-10-11 11:50:09</time>
  <account><![CDATA[xnquan]]></account>
</data>
