<data>
  <id><![CDATA[50378108]]></id>
  <url><![CDATA[https://mp.weixin.qq.com/s?timestamp=1539596534&src=3&ver=1&signature=Egrj350GoKY8-KUcIJshb1EusjsiDFemv4p8JTFFfa-VdczF0uAoSyObKTPcrYJzTXi4YH0UVBMmGzUOs3G8UA4jtbrB2vgEcSc0ZXsKbZEE67rwkRhIw84bZCWVz1aELCcgp3N8IlxLJ6Rnwqj5Fg6U6Hq2aUBmc9ZDV3kf8PY=]]></url>
  <title><![CDATA[兴宁10宗地块掀“土拍潮”，起拍价3.17亿地块却...]]></title>
  <content><![CDATA[▲商业合作：tqiuok微信号来源：兴宁市国土资源局昨日，兴宁市国土资源局公示国有土地使用权招挂出让【2018】8号成交公示，其中商住用地有8宗，商住混合用地与二类居住用地各一宗。10宗地块9宗均以底价成交，GP2018-17地块位于兴宁城南大道南侧、宁江河东侧为此次9宗成交中最高，成交楼面价为1230元/㎡。之前备受瞩目的GP2018-23地块，起拍价为3.17亿，在本次拍卖地块属最高价，却无人问津导致流拍。宗地编号  GP2018-23  交易结果简介地块位置  宁江河南侧、东环大道西侧土地用途  其他普通商品住房用地土地面积(公顷)  4.23126出让年限    70年成交价(万元)  无受让单位      无备注：流拍兴宁市国有土地使用权招拍挂出让[2018]8号成交公示按照《土地管理法》、《城市房地产管理法》、《招标拍卖挂牌出让国有土地使用权规定》和《招标拍卖挂牌出让国有土地使用权规范》等有关法律法规，遵循公开、公正、公平的原则。我局于 2018年9月3日 至 2018年10月2日 挂牌出让10宗国有土地使用权。现将有关情况公示如下：（兴宁市国土资源局官网截图）（兴宁市国土资源局官网截图）据分析，GP2018-23（即起拍价3.17亿的地块）与GP2018-17（即成交价最高）的两个地块均位于兴宁市区。虽价格高，又由于建筑限高，各自有不同的结果。温馨提醒：如果您有招聘，房屋出售等信息要发布，可在《兴宁圈子网》微信公众号菜单栏的“便民信息”处发布！点↓↓↓下方阅读原文发布兴宁便民信息]]></content>
  <author><![CDATA[兴宁圈子网]]></author>
  <time>2018-10-09 11:51:41</time>
  <account><![CDATA[xnquan]]></account>
</data>
