<data>
  <id><![CDATA[50378108]]></id>
  <url><![CDATA[http://mp.weixin.qq.com/s?__biz=MzA4MDUxMDQzOA==&mid=2649809224&idx=5&sn=2254c20280c9628cf04b5f16d4fc73e2&chksm=87a76dc1b0d0e4d7895a42eff4de913cd40f8409edb66a7aa1dc006efd5884227e1af57d7591&scene=27#wechat_redirect]]></url>
  <title><![CDATA[十分唔醒目！兴宁哥国庆借车给兄弟，没想到竟是这种后果....]]></title>
  <content><![CDATA[点击上面蓝色字关注：兴宁圈子网点↓↓↓下方阅读原文发布兴宁便民信息]]></content>
  <author><![CDATA[兴宁圈子网]]></author>
  <time>2018-10-04 17:00:00</time>
  <account><![CDATA[xnquan]]></account>
</data>
