<data>
  <id><![CDATA[50378108]]></id>
  <url><![CDATA[http://mp.weixin.qq.com/s?__biz=MzA4MDUxMDQzOA==&mid=2649809454&idx=3&sn=9e56c0c783cc609c2e58ae40d6e1dfe5&chksm=87a76ea7b0d0e7b163ae443eff5648d13c1969ebf57711e2e13eaa02de00f66a70567e89a886&scene=27#wechat_redirect]]></url>
  <title><![CDATA[客家搞笑视频，城里小伙做客送了什么礼物，让午餐从鸡肉鸭肉变成“9菜1汤”？]]></title>
  <content><![CDATA[点击上面蓝色字关注：兴宁圈子网点↓↓↓下方阅读原文发布兴宁便民信息]]></content>
  <author><![CDATA[兴宁圈子网]]></author>
  <time>2018-10-13 12:05:00</time>
  <account><![CDATA[xnquan]]></account>
</data>
