<data>
  <id><![CDATA[50378108]]></id>
  <url><![CDATA[https://mp.weixin.qq.com/s?timestamp=1539596534&src=3&ver=1&signature=Egrj350GoKY8-KUcIJshb1EusjsiDFemv4p8JTFFfa-VdczF0uAoSyObKTPcrYJzTXi4YH0UVBMmGzUOs3G8UGaYyJWwhlSVjnQGJQ8wZgv2*tBMTLydQJzM2FydrHnqqO9lKWt-7dGcHf3QH4W9LSwMHl6opWMC7QytQNbS9xA=]]></url>
  <title><![CDATA[公摊面积，说法新动态！兴宁买房的赶紧看！]]></title>
  <content><![CDATA[点击上面蓝色字关注：兴宁圈子网点↓↓↓下方阅读原文发布兴宁便民信息]]></content>
  <author><![CDATA[兴宁圈子网]]></author>
  <time>2018-10-08 11:36:48</time>
  <account><![CDATA[xnquan]]></account>
</data>
