<data>
  <id><![CDATA[50378108]]></id>
  <url><![CDATA[https://mp.weixin.qq.com/s?timestamp=1539596534&src=3&ver=1&signature=Egrj350GoKY8-KUcIJshb1EusjsiDFemv4p8JTFFfa-VdczF0uAoSyObKTPcrYJzTXi4YH0UVBMmGzUOs3G8UFsWAlg9U2VkEe3s196mQ6U4Za1qm7PfycwfswGfIOt7UKxTmGH70Uzchl6ZumZuDdVdd1U4Mp9mGbSECmWs2lk=]]></url>
  <title><![CDATA[兴宁“特色小镇”火了！两小镇已通过梅州市级专家评审！]]></title>
  <content><![CDATA[点击上面蓝色字关注：兴宁圈子网点↓↓↓下方阅读原文发布兴宁便民信息]]></content>
  <author><![CDATA[兴宁圈子网]]></author>
  <time>2018-10-06 11:49:19</time>
  <account><![CDATA[xnquan]]></account>
</data>
