<data>
  <id><![CDATA[50378108]]></id>
  <url><![CDATA[http://mp.weixin.qq.com/s?__biz=MzA4MDUxMDQzOA==&mid=2649809454&idx=5&sn=9eba35daa5729bf09f86b826fa0c91ef&chksm=87a76ea7b0d0e7b10b697a3469f20eecec56b518f71b70eb4588f778bd4068ed2d4aea024fdf&scene=27#wechat_redirect]]></url>
  <title><![CDATA[大手笔！1.6亿元，期待东排沟整治工程，或将重见鱼虾！]]></title>
  <content><![CDATA[点击上面蓝色字关注：兴宁圈子网点↓↓↓下方阅读原文发布兴宁便民信息]]></content>
  <author><![CDATA[兴宁圈子网]]></author>
  <time>2018-10-13 12:05:00</time>
  <account><![CDATA[xnquan]]></account>
</data>
