<data>
  <id><![CDATA[50378108]]></id>
  <url><![CDATA[https://mp.weixin.qq.com/s?timestamp=1539596534&src=3&ver=1&signature=Egrj350GoKY8-KUcIJshb1EusjsiDFemv4p8JTFFfa-VdczF0uAoSyObKTPcrYJzTXi4YH0UVBMmGzUOs3G8UGaYyJWwhlSVjnQGJQ8wZgtr-cz4YhzW4f6MwKbe*hvFOigjaEb555POT-XV3VZ0tIqapotZMvGwxf9dNYoJefM=]]></url>
  <title><![CDATA[【微相亲】人生百味，余生我们一起去感受，兴宁小伙期待与性格开朗的你一起携手相伴余生]]></title>
  <content><![CDATA[▲商业合作：tqiuok微信号来源：兴宁婚恋网▶兴宁婚恋网牵手成功案例，点击文字查看“兴宁婚恋网本地靠谱的相亲平台汇集许许多多单身男女大波帅哥、美女等你领回家单身从来都不可怕可怕的是单身还不主动争取不如抛下顾虑与犹豫主动出击也许你的命中注定就在这里”优质嘉宾推荐Recommended by Quality Guests1昵称：彭生年龄：34岁身高：168cm星座：摩羯座婚况：未婚无小孩现居地：广东中山收入：7000兴趣：听音乐。爱情宣言：人生百味，余生我们一起去感受。余生的路，我们携手一起走择偶标准：29-33岁152-160cm性格开朗、孝顺的女孩Let's go out.兴宁婚恋网微信上也能找对象了！方便！将帮助各类未婚、单身青年寻找合适伴侣。通过线上互动+线下各类丰富多彩的活动见面三天CP、线上相亲会、我们约会吧各种互动助你幸福脱单！兴宁婚恋网须知如果你是兴宁人，如果你在兴宁工作，如果你还在寻找那个TA。请到这里来，聚集兴宁单身优质男，优质女生，等待与你开启浪漫之旅。单身有诚者可速联系红娘小芊微信wx13826685292，愿为天下有情人牵线搭桥。（登记资料完全免费）参与对象兴宁本地工作，或兴宁人，单身，想要寻找另一半，已婚勿扰！参与方式立即添加红娘小芊微信：wx13826685292，免费注册您的个人信息！我们欢迎高质量，有情商的男男女女加入这里，开启浪漫之旅。平台优势兴宁本土化，真实可靠，专业红娘免责声明发送个人信息给红娘小芊微信，即表示同意公开所发资料。网友以自己的独立判断从事交友行为，并独立承担可能产生的不利后果和责任，兴宁婚恋网不承担任何法律责任。涉及金钱交易的请提高警惕，本平台不承担任何责任，特此声明！戳原文，进入兴宁婚恋网！]]></content>
  <author><![CDATA[兴宁圈子网]]></author>
  <time>2018-10-08 11:36:48</time>
  <account><![CDATA[xnquan]]></account>
</data>
