<data>
  <id><![CDATA[50378108]]></id>
  <url><![CDATA[https://mp.weixin.qq.com/s?timestamp=1539596534&src=3&ver=1&signature=Egrj350GoKY8-KUcIJshb1EusjsiDFemv4p8JTFFfa-VdczF0uAoSyObKTPcrYJzTXi4YH0UVBMmGzUOs3G8UFlFVp6-bjNRTi3pSNUNCWkNgmv6SEJaF4YEwT51cgM9HZ75F622QHqDUgasbIRI77auUOHS755591HP*sW8fCw=]]></url>
  <title><![CDATA[吓人！兴宁公园路某巷子电箱突然起火，火花四溅...]]></title>
  <content><![CDATA[点击上面蓝色字关注：兴宁圈子网点↓↓↓下方阅读原文发布兴宁便民信息]]></content>
  <author><![CDATA[兴宁圈子网]]></author>
  <time>2018-10-12 11:26:53</time>
  <account><![CDATA[xnquan]]></account>
</data>
