<data>
  <id><![CDATA[50378108]]></id>
  <url><![CDATA[https://mp.weixin.qq.com/s?timestamp=1539596534&src=3&ver=1&signature=Egrj350GoKY8-KUcIJshb1EusjsiDFemv4p8JTFFfa-VdczF0uAoSyObKTPcrYJzTXi4YH0UVBMmGzUOs3G8UBniYeZWjFTtALytMNngfkqu*zaMeGzRcDjIGdYgc7b0zGf*0K1LV9ojZIqTd7igvYXAwsik7PCxARdc6F0CKKk=]]></url>
  <title><![CDATA[《2018年胡润百富榜》发布！兴宁人榜上有名！]]></title>
  <content><![CDATA[▲商业合作：tqiuok微信号来源：梅州日报、中国新闻网、腾讯财经、中国贸易报昨天《2018年胡润百富榜》正式出炉每次看到这个榜单日报君就特别平静感觉和首富的距离也就是一个数字而已嘛那么今年榜单情况如何呢我们先一起看下全国榜单首富又变了！马云家族居首,马化腾第三！今年榜单中，马云家族、许家印、马化腾分别位列前三富豪，对应的财富值为2700 亿元、2500 亿元和2400 亿元。值得注意的是，去年的前三富豪也来自马云家族、许家印和马化腾。不过，彼时许家印的财富为2900 亿元，马化腾的财富为2500 亿元，马云家族则拥有2000 亿的财富。诸多看点蚂蚁金服估值上升，马云这半年身价上涨700亿，以2700亿时隔四年再次成为中国首富。受股价下跌影响，许家印和马化腾财富分别缩水400亿和100亿，以2500亿和2400亿位列二三。219张新面孔，其中5人跃居榜单前100，领衔的是创业才三年的“80后”白手起家新首富——拼多多黄峥，财富950亿。雷军凭借小米上市财富增长400多亿，以1100亿上升12位至前十。海底捞上市，张勇、舒萍夫妇财富上涨十倍，以550亿跃居榜单前50。今日头条创始人张一鸣财富上涨一倍多，以650亿上升57位至前30。美团点评王兴财富上涨近一半，以390亿上升39位至前60。碧桂园37岁的杨惠妍以1500亿位列第四，是进入前十的唯一女性。前十名中唯一的“85后”，太平洋建设32岁的严昊及其家族财富增长4%，以1200亿元位列第七，比去年上升1位。50岁的李彦宏及其妻子马东敏财富缩水100亿，以1150亿元位列第九，比去年下降2位。今年的前十富豪包括——我们再回过头来看今年首富马云的2700亿是什么概念，日报君给大家算了一笔账如果你每天都中500万彩票的话，那么需要54000天；假设一年是365天的话，大约需要54000÷365≈148年。也就是说，你一辈子天天中500万彩票，也很难能有2700亿，太可怕了！要知道，马云今年才54岁，换句话说，假如他1岁就开始挣钱，那他每天收入大约为1370万。看完这些榜单，网友们是怎么说的呢——@少女是长腿姐姐 ： 他一直是我心中首富，我仅次于他@L-锦华 ： 我就和马云差了一个亿，我2700@电竞姜雨蒙：马云确实有钱，我和许家印加起来都没他有钱@吴氏八字：到了他们那个地步钱只是数字@四年化为思念：我连2700块都没有下面就让我们一起来看看，兴宁有几位富豪上榜了吧！这几个兴宁籍企业家榜上有名在兴宁籍企业家中，香江企业刘志强、翟美卿夫妇以145亿元人民币的财富列237名，洪涛装饰刘年新均以28亿元人民币的财富并列1431名。排名姓名财富（亿元人民币）祖籍关联企业主营行业95姚良松295平远欧派家居橱柜99缪寿良290五华富源房地产、水电、新能源99朱孟依家族290丰顺合生创展房地产、投资122叶澄海、廖清清夫妇250五华信立泰医药237刘志强、翟美卿夫妇145兴宁香江房地产、金融252王华君、吴兰兰夫妇135梅县裕同包装包装354梁亮胜100梅县丝宝集团日化用品、卫生用品420刘伟93大埔佳都国际分销代理420周国辉93五华怡亚通供应链供应链管理623刘水65蕉岭铁汉生态生态园林673黄仕坤60平远金雅福黄金首饰728温纯青55五华大百汇烟草、房地产、白酒782叶华能51梅县宝丽华新能源1087温育青38五华大百汇烟草、房地产1087姚良柏38平远欧派家居橱柜1149李建华、李晓奇父女35平远威华地板1248钟烈华33蕉岭塔牌水泥1431刘年新28兴宁洪涛装饰建筑装饰1775徐永寿20蕉岭塔牌水泥附：《2018LEXUS雷克萨斯·胡润百富榜》完整榜单默默数数自己所有的家当日报君的排名还是很稳定的那就是一直看不见！继续努力上班去了~点↓↓↓下方阅读原文发布兴宁便民信息]]></content>
  <author><![CDATA[兴宁圈子网]]></author>
  <time>2018-10-11 11:50:09</time>
  <account><![CDATA[xnquan]]></account>
</data>
