<data>
  <id><![CDATA[50378108]]></id>
  <url><![CDATA[https://mp.weixin.qq.com/s?timestamp=1539596534&src=3&ver=1&signature=Egrj350GoKY8-KUcIJshb1EusjsiDFemv4p8JTFFfa-VdczF0uAoSyObKTPcrYJzTXi4YH0UVBMmGzUOs3G8UGsEV6r47HMxzQn8KadmKaYZt5qDatQLRaZUex-EvFzUuYgddN8V87a5vu4bY5s-b8MSVEZKwgl1wmzp0YPiGlE=]]></url>
  <title><![CDATA[一周内，5400多平方米，兴宁拆除违建推进中...]]></title>
  <content><![CDATA[点击上面蓝色字关注：兴宁圈子网点↓↓↓下方阅读原文发布兴宁便民信息]]></content>
  <author><![CDATA[兴宁圈子网]]></author>
  <time>2018-10-07 11:28:57</time>
  <account><![CDATA[xnquan]]></account>
</data>
