<data>
  <id><![CDATA[50378108]]></id>
  <url><![CDATA[http://mp.weixin.qq.com/s?__biz=MzA4MDUxMDQzOA==&mid=2649809224&idx=4&sn=800cfcfc9aabc12cacdf3b7297d8431e&chksm=87a76dc1b0d0e4d7a060304c104f41201e1aaf4f2d46b3c6fb2077abdd15e8da283acfc674ca&scene=27#wechat_redirect]]></url>
  <title><![CDATA[刺激！刚升级为4A级景区！梅州这个地方99%人没去过]]></title>
  <content><![CDATA[▲商业合作：tqiuok微信号来源：梅州日报我们先拍个视频传到网上去然后坐下来拍几张照片发朋友圈国庆这几天梅州这个地方成了一个新的网红景点吸引许多人去打卡~没错就是在兴宁熙和湾客乡文化旅游产业园的离地最高落差110米、全长390米全透明钢化玻璃吊桥via 熙和湾公众号直接看片感受一下↓↓↓还有图片↓↓↓今天是熙和湾客乡文化旅游产业园正式挂牌国家4A级旅游景区也成为兴宁的第二家4A级景区据介绍，熙和湾客乡文化旅游产业园（以下简称“熙和湾”）于今年8月正式通过国家旅游景区质量等级评定委评审，被评定为国家4A级景区。熙和湾坐落在梅州兴宁市永和镇，规划占地面积11700多亩，计划总投资约38亿元人民币。该景区自2012年动工建设以来建设了一批颇具特色的靓丽景点，包括花灯博物馆、姓氏亭台博览园、太空水世界水上游乐项目、凤栖湖游船项目等。2017年12月，该景区标志性建筑“花灯楼”荣获吉尼斯世界纪录“最大灯笼型建筑”。熙和湾总经理刘新胜表示，假期前三天入园游客超过3万人次，预计整个国庆假期将超过10万人次。国庆假期还有几天约吗？点↓↓↓下方阅读原文发布兴宁便民信息]]></content>
  <author><![CDATA[兴宁圈子网]]></author>
  <time>2018-10-04 17:00:00</time>
  <account><![CDATA[xnquan]]></account>
</data>
