<data>
  <id><![CDATA[50378108]]></id>
  <url><![CDATA[https://mp.weixin.qq.com/s?timestamp=1539596534&src=3&ver=1&signature=Egrj350GoKY8-KUcIJshb1EusjsiDFemv4p8JTFFfa-VdczF0uAoSyObKTPcrYJzTXi4YH0UVBMmGzUOs3G8UFlFVp6-bjNRTi3pSNUNCWkc5wMxvxUeDPoVLzF2CzMf1L1aPMFu3hmX8f5zRRmOB0GfL1ZOttfL4mINFiShQn8=]]></url>
  <title><![CDATA[客家搞笑视频，兴宁小伙这样给饺子汤放调料，还是觉得没味道，哈哈哈]]></title>
  <content><![CDATA[点击上面蓝色字关注：兴宁圈子网点↓↓↓下方阅读原文发布兴宁便民信息]]></content>
  <author><![CDATA[兴宁圈子网]]></author>
  <time>2018-10-12 11:26:53</time>
  <account><![CDATA[xnquan]]></account>
</data>
