<data>
  <id><![CDATA[50378108]]></id>
  <url><![CDATA[https://mp.weixin.qq.com/s?timestamp=1539596534&src=3&ver=1&signature=Egrj350GoKY8-KUcIJshb1EusjsiDFemv4p8JTFFfa-VdczF0uAoSyObKTPcrYJzTXi4YH0UVBMmGzUOs3G8UBniYeZWjFTtALytMNngfko2NG4DrSy6pzMewvasrWnk*HiCPRkHGz333*f6yLF2wNuLQFapclugvuZtn5B7kJA=]]></url>
  <title><![CDATA[8年拿不到房产证的兴宁宁江西堤拆迁户问题有着落了！国家级认证！兴宁东升村详细介绍来啦！]]></title>
  <content><![CDATA[▲商业合作：tqiuok微信号8年拿不到房产证的兴宁宁江西堤拆迁户问题有着落了！来源：梅州日报9日，记者从有关部门获悉，兴宁市宁江西堤（二期）拆迁安置房住户有望在这个月陆续拿到不动产权证书。今年9月1日，梅州日报报道了“兴宁市沿江西堤拆迁安置房的住户入住8年，仍未取得房屋产权证”一事。此事经报道后，引起了市领导的关注，并拟办意见，拟请兴宁市人民政府督促相关部门加快宁江西堤（二期）不动产权证办证进度，依法依规做好交接工作及相关手续，及时回应群众关切。据了解，兴宁市宁江西堤（二期）拆迁安置房工程是兴宁市城市防洪排涝工程的重要组成部分，兴宁市政府十项民生实事之一。该工程共建成安置房203套，2011年竣工验收，2012年财审完毕。因该工程办证时间跨度较长，涉及拆迁户较多，遇部门办证新规出台，国税地税完税、办证主体资质不具备等多方面原因，造成办理不动产权证工作滞后。目前，有关部门正按照房屋不动产权证办理程序推进各项工作，并于9月底陆续颁发不动产权证书。下一步，兴宁市将督促国土、水务部门加快办证等相关工作进度。以下为该新闻的前期相关报道▶都8年了， 兴宁这个拆迁安置房200多户人没拿到房产证！水务局这么回复国家级认证！兴宁东升村详细介绍来啦！来源：梅州网近日国家农业农村部发布“2018年中国美丽休闲乡村名单公示”对全国150个美丽乡村进行推介☟☟☟详细名单如下☟☟☟向上滑动阅览2018年中国美丽休闲乡村名单北京市房山区东村村北京市顺义区北郎中村北京市密云区金叵罗村北京市门头沟区赵家台村北京市怀柔区对角沟门村天津市蓟州区程家庄村天津市武清区马神庙村河北省遵化市何家峪村河北省晋州市周家庄河北省内丘县小辛旺村河北省邯山区小堤村河北省围场县御道口村河北省昌黎县葡萄小镇山西省永和县东征村山西省介休市张壁村山西省阳曲县上安村山西省阳泉盂县王炭咀村山西省壶关县常平村内蒙古自治区额尔古纳市奇乾村内蒙古自治区奈曼旗孟家段村内蒙古自治区喀喇沁旗雷营子村内蒙古自治区伊金霍洛旗查干柴达木村辽宁省鞍山市千山区对桩石村辽宁省丹东市振安区窑沟村辽宁省盘锦市大洼区杨家村辽宁省建平县小平房村吉林省舒兰县马鞍岭村吉林省长春市双阳区黑鱼村吉林省磐石市古城村吉林省白城市洮北区黎明村黑龙江省大海林双峰林场（雪乡）黑龙江省宁安市小朱家村黑龙江省牡丹江市爱民区丰收村黑龙江省黑河市爱辉区外四道沟村上海市崇明区仙桥村上海市奉贤区吴房村上海市金山区新义村上海市金山区南星村江苏省徐州市贾汪区马庄村江苏省无锡市锡山区斗山村江苏省苏州市吴中区灵湖村江苏省溧阳市李家园村江苏省常州市新北区梅林村江苏省盐城市大丰区全心村浙江省淳安县下姜村浙江省湖州市南浔区石淙村浙江省乐清市下山头村浙江省天台县张思村浙江省缙云县笕川村浙江省绍兴市上虞区东澄村安徽省宣城市宣州区祁梅村安徽省巢湖市经济开发区汤山村安徽省宁国市双溪村安徽省广德县高峰村安徽省亳州市谯城区大周村安徽省太湖县寺前镇福建省龙岩市新罗区培斜村福建省泉州市泉港区惠屿村福建省大田县元沙村福建省福清市南宵村福建省云霄县棪树村江西省安义县罗田村江西省新余市仙女湖区彩色村江西省九江市柴桑区毛桥村江西省芦溪县东阳村江西省大余县元龙畲族村山东省东营市垦利区小张村山东省德州市陵城区薛庄山东省曲阜市郑庄山东省东平县南堂子村河南省孟州市源沟村河南省渑池县柳庄村河南省西峡县简村河南省光山县帅洼村河南省郏县姚庄回族乡湖北省宣恩县伍家台村湖北省松滋市樟木溪村湖北省钟祥市南庄村湖北省宜都市全心畈村湖北省建始县村坊村湖南省花垣县十八洞村湖南省长沙市岳麓区桐木村湖南省汨罗市西长村湖南省新化县土坪村湖南省麻阳县楠木桥村广东省南雄市灵潭村广东省兴宁市东升村广东省普宁市善德村广西壮族自治区马山县乔老村广西壮族自治区苍梧县沙地村广西壮族自治区三江县布央村广西壮族自治区田东县林驮村海南省琼海市沙美村海南省陵水县什坡村重庆市长寿区邻封村重庆市万州区楠桥村重庆市江津区黄庄村重庆市綦江区万隆村重庆市石柱县八龙村四川省成都市郫都区战旗村四川省德阳市罗江区星光村四川省开江县竹溪村四川省雅安市雨城区塘坝村四川省平昌县石龙村四川省西昌市丘陵村贵州省贵定县星溪村贵州省安顺市西秀区大坝村贵州省从江县岜沙村贵州省兴义市联丰村贵州省独山县翁奇村云南省玉溪市大营街社区云南省罗平县金鸡村云南省盐津县豆沙关镇云南省沧源县翁丁村云南省腾冲市和睦茶花村西藏自治区尼木县卡如乡西藏自治区林周县联巴村西藏自治区拉萨市城关区白定村西藏自治区亚东县三岗新村陕西省商南县太子坪村陕西省礼泉县白村陕西省渭南市临渭区天刘村陕西省延安市宝塔区康坪村甘肃省白银市白银区顾家善村甘肃省敦煌市月牙泉村甘肃省景泰县西和村甘肃省天水市秦州区李官湾村甘肃省兰州市西固区河口村青海省尖扎县德吉村青海省大通县边麻沟村青海省共和县龙羊新村青海省贵德县二连村宁夏回族自治区贺兰县四十里店村宁夏回族自治区贺兰县新平村宁夏回族自治区泾源县治家村宁夏回族自治区石嘴山市大武口区龙泉村新疆维吾尔自治区英吉沙县恰克日库依村新疆维吾尔自治区木垒哈萨克自治县月亮地村新疆维吾尔自治区沙湾县乌兰乌苏镇新疆维吾尔自治区布尔津县也拉曼村大连市金普新区土门子村大连市金普新区袁屯社区青岛市城阳区青峰社区青岛市胶州市玉皇庙村宁波市江北区毛岙村宁波市余姚市大山村厦门市翔安区马塘村厦门市同安区白交祠村新疆兵团第四师71团7连新疆兵团第四师73团8连令人高兴的是兴宁有个地方榜上有名它就是位于兴宁市径南镇的东升村是此次广东省三个之一梅州唯一入选的村落东升村是怎样一个所在？它凭什么能入选呢？别急现在就带你走近这个地方☟☟☟东升村概况东升村位于兴宁市东部山区，近年来，该村积极围绕“山、水、田、林、路、居”同步推进美丽乡村建设，充分利用当地自然环境优势，建设了国家AAA级旅游景区月形山森林公园，改造了有600年历史的明朝古寺“东升寺”和300多年历史的“古官亭”，打造了径南“十里李花坡”品牌，农村人居环境不断改善,乡村旅游等产业蓬勃发展。景 点月形山森林公园始建于2003年，有三条上山石砌阶梯，山上有凉亭数座，山下有天然湖泊，湖光山色，景色迷人，有四时之佳果，有四季之绿树，休闲安静，养心怡人，空气清新。今年1月份，月形山森林公园被授予国家AAA级景区。公园航拍图（《梅州日报》资料图）月形山森林公园有“两奇”：第一奇，奇树。园里有历史长达600多年的古树；有松荷相缠、相依而生，酷似黄山迎客松的“情侣树”；有树干烧空仍然生长旺盛的神奇“将军树”，在默默诉说东升村“一村三将军”的故事；更有寄托重新长成参天大树的“六百年梦”……五子登科、红锥树珍、檀树林稀、四季树旺、红枫树丹、白缘树靓等争相辉映，众多神奇树木让人目不暇接。情侣树（罗辉 摄）（《梅州日报》资料图）第二奇，奇观。纵览全园，海拔300米以上的山峰有28座，正好与太空28星宿对应，东、西、南、北各七座山峰的图像连线更是与太空相对，东为盘旋冲天的青龙，南为展翅高飞的朱雀，西是张口大开的白虎，北是动静有别的龟蛇。东升寺相传东升村原住先民由于土地等利益纷争，各姓氏宗族间相斗，一度民不聊生。玉帝特派惭愧祖师下凡调解，往后东升村民风日趋淳朴，渐成世外桃源之地。在明朝宣德年间，村民为感谢祖师爷恩德，兴建一座“东升祠”，后改名东升寺。掐指一算寺庙已走过600年岁月。再环顾四周，只见周围八座山峰突兀而出，山嘴不偏不倚恰好一同朝向东升寺，形成“八仙会祖”的奇观。十里李花坡从梅州城区沿着205国道进入兴宁，一路上李花相迎。成片李花盛开，好似漫山“白雪”。径南自古有种李传统，目前全镇种植面积已达20000余亩。二月李花开，最是赏花时。因径南李花集中于国道G205沿线十里，故称为“径南十里李花坡”，成为人们春日赏花好去处。月形山森林公园正月李花盛开如白雪。（来自兴宁市人民政府网）五月采摘李果节，又是一般景象。据悉，每年李果采摘将持续至5月10日，游客可进入指定李园内免费赏果、采摘及品尝。（来自兴宁市人民政府网）“望得见山、看得见水、记得住乡愁。”乡愁，始终是萦绕人们心头的一缕情怀；而乡村，是寄托这缕情怀的家园。正因为这样，东升村展现的美，格外让人愉悦，格外让人神往。看到这里你有没有心动？点↓↓↓下方阅读原文发布兴宁便民信息]]></content>
  <author><![CDATA[兴宁圈子网]]></author>
  <time>2018-10-11 11:50:09</time>
  <account><![CDATA[xnquan]]></account>
</data>
