<data>
  <id><![CDATA[50378108]]></id>
  <url><![CDATA[https://mp.weixin.qq.com/s?timestamp=1539596534&src=3&ver=1&signature=Egrj350GoKY8-KUcIJshb1EusjsiDFemv4p8JTFFfa-VdczF0uAoSyObKTPcrYJzTXi4YH0UVBMmGzUOs3G8UA4jtbrB2vgEcSc0ZXsKbZE-8SBrVTkF5O8luHJkIDjGIBDxdCA7mI*A2NwKSb14*Yi03-Z6ztkhZBeDmpuWofo=]]></url>
  <title><![CDATA[赞！兴宁市东升村入选2018年中国美丽休闲乡村名单；丰收节持续发酵，兴宁特色农产品被抢购]]></title>
  <content><![CDATA[▲商业合作：tqiuok微信号赞！兴宁市东升村入选2018年中国美丽休闲乡村名单来源：中华人民共和国农业农村部官网昨天，农业农村部官网公示《2018年中国美丽休闲乡村名单》。该公示显示，根据《农业农村部办公厅关于开展休闲农业和乡村旅游精品推介工作的通知》要求，今年农业农村部继续开展了中国美丽休闲乡村推介工作。经地方推荐和专家审核，农业农村部拟将150个村落推介为2018年中国美丽休闲乡村。如有意见请于2018年10月15日前向农业农村部乡村产业发展司反映。联系电话：010-59192271。2018年中国美丽休闲乡村名单（摘选部分名单）湖南省花垣县十八洞村湖南省长沙市岳麓区桐木村湖南省汨罗市西长村湖南省新化县土坪村湖南省麻阳县楠木桥村广东省南雄市灵潭村广东省兴宁市东升村广东省普宁市善德村广西壮族自治区马山县乔老村广西壮族自治区苍梧县沙地村广西壮族自治区三江县布央村广西壮族自治区田东县林驮村海南省琼海市沙美村海南省陵水县什坡村重庆市长寿区邻封村重庆市万州区楠桥村重庆市江津区黄庄村丰收节持续发酵，兴宁特色农产品被抢购来源：梅州农业首届“中国农民丰收节” 经济效应持续发热，位于梅县区松口镇大黄村的丰收广场成为国庆黄金周1条农业体验游线路，期间人流量达20多万人次。国庆黄金周期间，梅州市委陈敏书记，梅州市委副书记、代市长张爱军，梅州市人民政府温向芳副市长等市、区领导都亲临丰收广场的展销会现场，关心梅州企业和农产品销售情况，调研各地游客对梅州农产品的喜好，首届中国农民丰收节在梅州举办分会场对提高梅州知名度，特别是对梅州柚的销售带来的影响力等情况。梅州市委陈敏书记现场扫码关注《梅州农业》和《柚见丘香》梅州市委副书记、代市长张爱军到现场调研梅州市人民政府温向芳副市长到现场调研9月23日首届中国农民丰收节梅州分会场暨广东庆祝首届中国农民丰收节主会场在梅州市梅县区松口镇大黄村成功举办，展示了全省的农业丰收成果及举办岭南特色文化展演等。为充分利用好全省的丰收广场，广东（梅州）庆祝首届“中国农民丰收节”筹备工作指挥部办公室决定，在丰收广场举办梅州特色农产品展示展销，一直延续至国庆黄金周10月6日结束，展期共13天。对于参加丰收广场展示、展销的企业，授予“国家首届中国农民丰收节梅州会场特展企业”荣誉称号。市、区农业部门积极响应，共组织了全市70多家农业企业和7家文创企业进驻丰收广场。包括：梅州柚、茶叶、稻米、高山油茶、蜂蜜等主导产业及其加工产品，特色产品，文化创意产品等几十类，300多种产品，琳琅满目。群众现场体验文创产品中国农民丰收节梅州会场丰收广场成为国庆黄金周1条农业体验游线路，从中国农民丰收节举办后至10月6日国庆黄金周，人流量达20多万人次，整个销售额突破300万元，累加延伸线上线下销售逾千万元，还吸引了加拿大、澳洲、东南亚、港澳等地数条贸易通道寻求合作。销售量最大宗的是梅州柚，有不少顾客看了梅州举办首届中国农民丰收节梅州分会场的电视专场后，对梅州柚有很深的印象，国庆期间慕名而来，直接在展销现场下单，网上配送。在梅州市珍宝金柚实业有限公司展位前，游客正在品尝金柚啤酒。“我们的金柚啤酒和金柚果脯卖得很好，还一度卖断货，有些游客会留名片网上下单。”该公司经理马德旺介绍道，梅州特产销量能够提高，得益于丰收节的宣传。母女同台推介梅州市臻尚食品有限公司生产的客家米排粉，梅州市稻丰实业有限公司生产的客家丝苗米，兴宁市阳天种养合作社的腐竹，兴宁市国锋桑叶茶有限公司生产的桑叶茶、桑芽茶、蚕丝棉，丰顺县官溪盆前农林专业合作社的官溪古树茶，梅州市强惠农业发展有限公司生产的雪莲果，都成为游客喜好。还有梅州土特产：梅州市客家振记黑糯米酒有限公司自产的农家米蕉，梅县丙村苑燕家庭农场的蜜柚、番薯、仙人粄、客家肉丸，客家妹土特产的蜂蜜，老白渡牛肉干等都被抢购一空。点↓↓↓下方阅读原文发布兴宁便民信息]]></content>
  <author><![CDATA[兴宁圈子网]]></author>
  <time>2018-10-09 11:51:41</time>
  <account><![CDATA[xnquan]]></account>
</data>
