<data>
  <id><![CDATA[50378108]]></id>
  <url><![CDATA[http://mp.weixin.qq.com/s?__biz=MzA4MDUxMDQzOA==&mid=2649809224&idx=3&sn=67903dbd6389b6a5e606e693a8e670ce&chksm=87a76dc1b0d0e4d7ee40e612fdb24ad922f9e155990ae42b85f5180bcba624abe81f64bbb738&scene=27#wechat_redirect]]></url>
  <title><![CDATA[赞！！兴宁歌手王晨阳献唱客语版《中国》为祖国庆生]]></title>
  <content><![CDATA[点击上面蓝色字关注：兴宁圈子网点↓↓↓下方阅读原文发布兴宁便民信息]]></content>
  <author><![CDATA[兴宁圈子网]]></author>
  <time>2018-10-04 17:00:00</time>
  <account><![CDATA[xnquan]]></account>
</data>
