<data>
  <id><![CDATA[50378108]]></id>
  <url><![CDATA[https://mp.weixin.qq.com/s?timestamp=1539596534&src=3&ver=1&signature=Egrj350GoKY8-KUcIJshb1EusjsiDFemv4p8JTFFfa-VdczF0uAoSyObKTPcrYJzTXi4YH0UVBMmGzUOs3G8UABOYCx0Hrc584ZKNzPY6ObjxPL5VKa9Rva2XRx9UVfLDXHa2eR2YaQK-Gjq7QwGG-cquxsv3xnGpH--ytE7uQ0=]]></url>
  <title><![CDATA[兴宁男子买电线变水泥，有人在神光山被蛇咬，昨天疯传的两个视频怎么回事？兴宁一女子在神光山被蛇咬到]]></title>
  <content><![CDATA[▲商业合作：tqiuok微信号兴宁男子买电线变水泥来源：梅州528昨天（10月9日），一则兴宁老叔买到假电线在视频在微信上传开了，打开新买的一卷电线，发现全部都是山寨的。而中间的电线一拉就断，有的地方根本就没有铜芯。最惊喜的还是后头，没想到拉开外面的一层铝线后，里面居然是一个重约2公斤的泥圈。究竟怎么回事？这是真的吗？从视频上看，买到的假电缆线有三个特点：1：便宜，一捆一百米才100元，据视频上说的，该电线4平方4芯铜线！小编在淘宝上的价格看下，4芯4平方铜线缆至少在400以上，贵的要1000多！2：头上的一段十多公分是铜芯，剩下的都是铝线！3：拆开电线之后，里面的竟然是泥圈！据悉，这样多事情在外地也偶尔有发生！同样的事情，我们来看看红河电视台的报道！据红河电视台：6月28号中午，蒙自的朱先生像往常一样准备回家吃饭，当他走到红河大道南方电网附近时，一个骑着三轮车的人在他身边停了下来，向他推销卷装电线。市民 朱先生：他问我要不要铜丝线， 就拿给我看， 他说六十块钱一卷 ，我和他讲了价钱 ，最后四十块成交。我花120块钱 买了3卷。朱先生想，自己的孩子做广告时会用到电线，加之价格比较实惠，于是就买下了电线。朱先生回到家拆了一卷电线，没想到让他傻眼了。市民 朱先生：他说是铜丝线， 拿回来拆开一看，只有前面一小段是铜丝线头，里面的是铝线。你以为就这样结束了？！更“绝”的还在后面↓↓↓朱先生万万没想到拉开外面的一层铝线后，里面居然是一个重约2公斤的水泥圈。居然还有这种操作！！！跟兴宁的简直就是一模一样手法！综合而言：请大家切勿贪小便宜，以防被骗！兴宁一女子在神光山被蛇咬到来源：梅州168网友爆料据网友爆料，昨晚，近7点左右，在兴宁神光山上（后山半山处，刚过了跟墨池分叉处），一女子被蛇咬到了。事发后，神光山管理处的保安人员帮忙处理，同时也叫了120急救，等待医务人员到现场处理，具体情况有待进一步了解公布！在此提醒广大市民，夜间上山尽量到光亮处行走，要注意脚下！点↓↓↓下方阅读原文发布兴宁便民信息]]></content>
  <author><![CDATA[兴宁圈子网]]></author>
  <time>2018-10-10 11:35:51</time>
  <account><![CDATA[xnquan]]></account>
</data>
