<data>
  <id><![CDATA[50378108]]></id>
  <url><![CDATA[https://mp.weixin.qq.com/s?timestamp=1539596534&src=3&ver=1&signature=Egrj350GoKY8-KUcIJshb1EusjsiDFemv4p8JTFFfa-VdczF0uAoSyObKTPcrYJzTXi4YH0UVBMmGzUOs3G8UKWCCYlSVYNML2C4NzHQohsLvR36zgqtEMJ*CoxXQjwOGFzXO1wrwcVuG1wCilz6*96AbThyecrezQYlV5RCP4o=]]></url>
  <title><![CDATA[出动50多人，兴宁一大型违章建筑被拆！水口镇、宁新街道依法拆除违章建筑水口镇、宁新街道依法拆除违章建筑]]></title>
  <content><![CDATA[▲商业合作：tqiuok微信号出动50多人，兴宁一大型违章建筑被拆来源：兴宁人民城管拆违在行动9月30日上午，市城综局会同福兴街道办对城区锦华村松山围的一处大型违章建筑实施强制拆除，据统计，拆除的违章建筑占地为330平方米，此次大型联合拆违执法行动共出动50多人，目前该违章建筑已被拆除完毕。该栋违法建设占地面积较大，由于土地性质条件限制，该建筑无法取得合法手续，被认定为违法建设。城综、福兴及时组织人员对建筑进行拆除，尽早将该地恢复了原貌。以下是拆除该违法建设现场：下来，城综局将继续加大对违法建设的联合管控，敬请各位市民守法守规，自觉维护城区秩序，未取得规划许可的建筑工程不得施工，如进行违法建设，执法人员将依法采取行政强制措施。水口镇、宁新街道依法拆除违章建筑来源：兴宁广播电视全市违法建设治理工作推进会召开后，连日来，我市各镇街纷纷行动，加强排查和整治力度，严厉打击违法建设行为。近日，水口镇、宁新街道依法拆除对辖区内的违章建筑。在水口镇布头村低湖段，工作人员正在对违法抢建的150平方米钢架棚进行拆除，他们先用切割机拆卸高处棚架，然后用挖掘机将钢柱连根拔掉。随后，工作人员对布头村李屋角和另一处违法建筑依法实施强制拆除。据统计，行动当天共拆除违法建筑三处，涉及面积400多平方米，其中两处为抢搭抢建行为，一处为水田建房行为。水口镇政府负责人表示，将加强执法巡查，对违法建设行为始终保持高压态势，从源头上遏制新违建的产生，同时加强部门联动，形成合力，严查严处各类违法建设行为。水口镇镇长：曾发茂下来，我镇将加大巡查管控力度，在辖区内重点打击水田建房、园区范围内的违章建房、削坡建房的危险系数也比较大，还有占用公路建房、占用河道建房等各种违法建房行为，做到发现一起打击一起，坚决制止违法建筑的行为。日前，宁新街道办联合市城综局，对洋岭居委一处违章建筑依法实施拆除。在拆除现场，记者了解到，该违章建筑占地150平方米，楼高七层半，框架结构。行动中，执法人员一边对违章建筑进行细致拆除，一边对当事人进行教育。据了解，宁新街道办及市城综局等部门，曾多次对该违法建筑的业主进行规劝，并限期进行自行拆除，但对方却置之不理，依然我行我素，继续抢建。宁新街道办有关负责人表示，将一如既往保持严查违建高压态势，对屡教不改的抢建行为坚决打击，同时，继续强化新增违建管控机制的刚性执行，做到新违建及时发现，及时拆除，绝不姑息。点↓↓↓下方阅读原文发布兴宁便民信息]]></content>
  <author><![CDATA[兴宁圈子网]]></author>
  <time>2018-10-05 11:40:57</time>
  <account><![CDATA[xnquan]]></account>
</data>
