<data>
  <id><![CDATA[50378108]]></id>
  <url><![CDATA[https://mp.weixin.qq.com/s?timestamp=1539596534&src=3&ver=1&signature=Egrj350GoKY8-KUcIJshb1EusjsiDFemv4p8JTFFfa-VdczF0uAoSyObKTPcrYJzTXi4YH0UVBMmGzUOs3G8UKWCCYlSVYNML2C4NzHQohvEacWUD5MJd0rNMvRL9KwjZBpoIuD42gL1ySYV3lFt5YP0pZHsb6oGmHZrE5xlbRI=]]></url>
  <title><![CDATA[客家搞笑视频，兴宁阿哥送东西，结果下落不明，哈哈哈]]></title>
  <content><![CDATA[点击上面蓝色字关注：兴宁圈子网点↓↓↓下方阅读原文发布兴宁便民信息]]></content>
  <author><![CDATA[兴宁圈子网]]></author>
  <time>2018-10-05 11:40:57</time>
  <account><![CDATA[xnquan]]></account>
</data>
