<data>
  <id><![CDATA[50378108]]></id>
  <url><![CDATA[https://mp.weixin.qq.com/s?timestamp=1539596534&src=3&ver=1&signature=Egrj350GoKY8-KUcIJshb1EusjsiDFemv4p8JTFFfa-VdczF0uAoSyObKTPcrYJzTXi4YH0UVBMmGzUOs3G8UGsEV6r47HMxzQn8KadmKabm4NgWcsunB-tslOgnsZntwn446NK0Kqn3RXlIizCHZi*OUyGYVAPWBd6YP9hVX3s=]]></url>
  <title><![CDATA[最低15℃！长假将尽！有一堆坏消息要告诉兴宁人，看到第一个就慌了…]]></title>
  <content><![CDATA[▲商业合作：tqiuok微信号来源：南方日报、@广东天气、广东省气象台等综合整理告诉大家一个很恐怖的消息明天是10月7日OMG！！！许多小伙伴是不是还没意识到今天已经是假期的第六天了我是谁？我在哪？我要干嘛？国庆假期过得不开心过完明天该上班的上班......该上学的上学……宝宝们内心几乎是崩溃的然而还有比这个更可怕的消息↓节后综合征来了具体表现为①视觉疲劳、②消化不良、③上班恐惧症、④旅游后遗症、⑤嗜睡、⑥沉迷于幻想、⑦做事拖延、⑧身心疲惫！你中招几项？超过3项，说明你即将患上节后综合征生活都已经那么艰难了圈子实在是不忍心打击大家但是这些坏消息迟早是要知道的！那就……现在先了解一下吧~↓↓↓一过完国庆2018年再也没有假期了一定要好好珍惜这几天因为这是2018年最后一个法定节假日了之后就要连上3个月的班才能熬到明年元旦！大家可以彻底收心了！二油价继续涨、涨、涨10月1日起油价迎来年内第“十二涨”全国平均来看92号汽油每升上调0.19元95号汽油每升上调0.20元0号柴油每升上调0.20元给您算笔账按一般家用汽车油箱50L容量估测加满一箱92号汽油将多花约9.5元三七天赶赴四场宴席回去吃土自从“十一”长假的第一天开始钱包“厚度”就在发生明显变化结婚礼金、假日旅游、回家探亲……每一项都是不小的花销“花钱一时爽”“假期结束就要吃土”！还有网友调侃9月份的工资都给了国庆结婚的你的钱包还“好”吗？感受一下网友们的情况↓↓↓是你的小胖墩啊 ： 10.3号这一天三场糖糖果jing ： 快被掏空了刘筱筱5 ： 我放四天假，参加了3个婚礼，从湖南到广东，真爱呀皱着眉头看着我丫：只想说，感谢身边的好朋友在我最穷的时候依然单身小小：不好意思，七场，略胜吃吃吃的游荡鹿人： 起码一天一顿吃回来了，就怕一天几场，只能赶一顿，钱还不能少我是马男阿： 别急 十月工资很快就给双十一了零度晒冷： 中国这种份子钱的风气真的要改一改。Wya丹 ： 看来我跟同学们同事们都是塑料友情，毕业后，还没有人邀请我去参加婚礼过四冷空气杀到秋裤穿起来不过，圈子要告诉大家一个好消息备受大家关注的大型国庆旅行纪录片《台风“康妮”去哪儿？》终于杀青大家悬着的那颗心可以放下了也许是听说了国庆黄金周旅游人人人人人人人人从众的盛况本来想来看看风景的她临时改变了行程10月5号的时候在海面上来了个急速大拐弯可以说是个很机智的旅行者了！看样子，她的PlanB行程应该是继续北上据@中央气象台 5号微博看样子是要去韩国度个假了▼“康妮”不登陆我国对广东也没有风雨影响余下的假期是保住了但是！虽然康妮不登陆我国“康妮”仍对我国有明显影响据中国气象爱好者“康妮”可以说是今年最冷的台风也可能正式宣告我国大陆台风登陆季的结束（鞠躬祈祷）因此10月中旬广东广西等地也可能迎来一波降雨降温进入体感上的秋天此外在包邮区沿海旅游的小伙伴要特别注意哟说完台风圈子再附送大家一个消息不知道大家有没有发觉最近早晚的天气都冻得人直哆嗦对，没错！上班要降温据@广东天气国庆后有冷空气光临兴宁的小伙伴们秋衣秋裤可以备起来啦~据广东省气象台未来天气趋势未来几天最低温将低至16℃10月5到7日受高压脊控制，我省维持晴好干燥天气，白天紫外线较强，早晚清凉，昼夜温差大，其中粤北和珠三角的北部山区市县有寒露风天气（日平均气温≤23℃）。8日，我省大部晴间多云天气，南部沿海地区云量逐渐增多。具体预报如下：10月5日到7日，我省维持晴天。最低气温：清远和韶关两市的北部地区介于12℃～15℃，南部沿海市县介于19℃～22℃，其余市县16℃～20℃。10月8日，南部沿海市县多云间晴为主，其余大部分市县晴间多云。最低气温：清远和韶关两市的北部地区介于13℃～16℃，南部沿海市县介于20℃～23℃，其余市县17℃～21℃。9日，西部市县多云到阴天，部分市县有分散小雨，其余市县多云为主。10-11日，受西风槽和中等偏弱冷空气影响，我省西部市县有一次小到中雨过程，其余市县有小雨或分散小雨。大部市县过程日平均气温将下降4-5℃左右，粤北和中部偏北部市县10日开始将有3-5天寒露风天气。再来看看兴宁未来几天的天气情况▼兴宁周边县市最低15℃此外圈子要提醒大家这几天天气晴朗干燥火险等级都为4级大家一定要注意用火安全最后，圈子再次提醒大家早晚温差大记得要适时增添衣物可千万别感冒了哟！最后祝大家工作愉快点↓↓↓下方阅读原文发布兴宁便民信息]]></content>
  <author><![CDATA[兴宁圈子网]]></author>
  <time>2018-10-07 11:28:57</time>
  <account><![CDATA[xnquan]]></account>
</data>
