<data>
  <id><![CDATA[50378108]]></id>
  <url><![CDATA[https://mp.weixin.qq.com/s?timestamp=1539596534&src=3&ver=1&signature=Egrj350GoKY8-KUcIJshb1EusjsiDFemv4p8JTFFfa-VdczF0uAoSyObKTPcrYJzTXi4YH0UVBMmGzUOs3G8UKWCCYlSVYNML2C4NzHQohuPM9Z7vhuzzHwx9y4vkVJJu3ze0*DhijJIbKUWmBbs6lue2BpRtvIEs3xKHLnXmdY=]]></url>
  <title><![CDATA[北环大道通车，市民说出行比平时快一半！兴宁又一民生工程启动，明年9月底建成使用！]]></title>
  <content><![CDATA[▲商业合作：tqiuok微信号北环大道通车，市民说出行比平时快一半！来源：兴宁广播电视国庆期间，我市再次迎来了返乡高峰。而受到市民广泛关注的国道205线绕城公路迎来了通车的第一次大考验，究竟这条公路的通行情况如何呢？来看记者报道。出镜记者：廖凌锋记者现在在北环大道现场，大家可以看到北环大道全线已基本实现通车，它途经永和、宁中、新陂等多个乡镇，全长13.82公里。它的建成进一步完善了我市道路交通网，大大缓解了城市的交通压力。国庆期间，记者在国道205线洋里至茅塘段绕城公路走了一圈，发现该路段基本实现双向六车道正常通行，各路段指示和十字路口简易红绿灯等各类交通标识标线也已经基本完善。在国庆期间，该路段迎来了通车后的第一次考验，从目前来看，在返乡的车流量骤然增加的情况下，这条新建绕城公路发挥了及其重要的作用。市民：去望江，（以前走）官汕路，（那你感觉塞车吗？）肯定塞车。市民：去叶塘（如果你不走北环大道，从你刚才出发的地点到叶塘，需要多长时间）如果是在城里面走，起码要40分钟（有了北环大道呢）20分钟左右，快了一半，方便很多。记者了解到，国道205线洋里至茅塘段绕城公路，又称北环大道，该项目是我市的重点工程。项目路线起于宁新洋里，途经宁中、兴田等多个镇街，止于新陂茅塘十字路口，与现205国道和兴合线交叉处相接。该项目总投资4.59亿元采用一级公路标准建设，路基宽度37.5米，双向六车道。新项目虽然缓解了城区交通压力，优化了交通路网环境，但由于沿线道路出口复杂，目前限速40公里。【小编的话】虽然绕城公路已经开通了，但尚有收尾工程未完成，也请路过的市民按照规定减速慢行。本台记者：罗颖 廖凌锋报道兴宁又一民生工程启动，明年9月底建成使用！来源：兴宁广电台随着兴宁的经济社会发展，特别是南部新城的人口日渐增多，城市的排污负担日益加重。如何强化城市的“过滤系统”，保持良性环境循环成为市委、市政府案头上的老话题，为解决这一问题，9月30日，我市正式启动兴宁市污水处理厂提标扩容改造工程，预计明年9月底可以投入运营，升级后的处理厂将有效解决排污问题。据介绍，兴宁市污水处理厂当前处理标准为《城镇污水处理厂污染物排放标准》一级B标准，一二期工程提标升级改造后，污水排放标准将达到一级A标准。简单来说，就是其中有20多项原来的检测项目标准将跃升一级，总磷、氨氮含量等标准数值要求更严格了，出来的水将更清了。另一方面，处理扩容项目的规模为污水量5万吨/日，加上现有的5万吨/日，建成后污水处理能力将成倍增加。该项目采用PPP模式中的BOT方式建设运营，工程建成后，对确保宁江河下游地区用水安全、改善城市生态和卫生环境、提高水源可利用率具有重要作用。水务局副局长 黄锦添：提标以后排放标准提高。水质的排放要求更严格，对下游水质的排放要求更高。提标扩容改造以后污水处理厂的日处理能力达到10万吨，是能够完全把兴宁城区产生的污水，按照一级A的标准进行处理。这样的话还有一个富余值。点↓↓↓下方阅读原文发布兴宁便民信息]]></content>
  <author><![CDATA[兴宁圈子网]]></author>
  <time>2018-10-05 11:40:57</time>
  <account><![CDATA[xnquan]]></account>
</data>
