<data>
  <id><![CDATA[50378108]]></id>
  <url><![CDATA[https://mp.weixin.qq.com/s?timestamp=1539596534&src=3&ver=1&signature=Egrj350GoKY8-KUcIJshb1EusjsiDFemv4p8JTFFfa-VdczF0uAoSyObKTPcrYJzTXi4YH0UVBMmGzUOs3G8UFlFVp6-bjNRTi3pSNUNCWlOrF8RexZ2WyhxKkD0SG053QM1A161NaJmzXW1gQa9Kc0qEVax69tb6zp64r*6mpY=]]></url>
  <title><![CDATA[兴宁婚恋网近期嘉宾回顾，总有一个TA让你动心...]]></title>
  <content><![CDATA[▲商业合作：tqiuok微信号来源：兴宁婚恋网听说你想找兴宁本地的伴侣听说你一个人默默地等待你知道吗？人的一生会遇到约2920万人，两个人相爱的概率是只有0.000049。也许生命的美在于同城遇见，宁缺毋滥≠被动等待在兴宁单身人士表示遇见真爱太难那不一定！就这一刻，创造遇见的机会兴宁的单身男女们，还不速速前去瞧瞧嘉回顾集锦宾❤全城期待相亲婚恋平台❤兴宁婚恋网上线啦为兴宁本地未婚青年男女开启全新的交友时代打破传统的交友模式！助你脱单！打造兴宁本地专业、真实的大型交友网络平台让你能快速精准地寻找到心仪的TA这里总能让你相中一个TA二维码添加红娘小芊开启浪漫缘分之旅！兴宁婚恋网须知如果你是兴宁人，如果你在兴宁工作，如果你还在寻找那个TA。请到这里来，聚集兴宁单身优质男，优质女生，等待与你开启浪漫之旅。单身有诚者可速联系红娘小芊微信wx13826685292，愿为天下有情人牵线搭桥。（登记资料完全免费）参与对象兴宁本地工作，或兴宁人，单身，想要寻找另一半，已婚勿扰！参与方式立即添加红娘小芊微信：wx13826685292，免费注册您的个人信息！我们欢迎高质量，有情商的男男女女加入这里，开启浪漫之旅。温馨提示要想相亲交友的成功率更高，小编给大家提个建议：个人资料一定要 真实！本人相片一定要 清晰！择偶标准一定要 明确！多写一些你自己的兴趣爱好、个人情况、希望对象的大概条件等等这些微小的细节，这会让对方更便捷的了解你，红娘小芊帮你牵线的成功率自然就高了。展示方式填写资料的人会在兴宁婚恋网免费展示信息，资料不真实不予展示。↓↓↓↓阅读原文，进入兴宁婚恋网]]></content>
  <author><![CDATA[兴宁圈子网]]></author>
  <time>2018-10-12 11:26:53</time>
  <account><![CDATA[xnquan]]></account>
</data>
