<data>
  <id><![CDATA[50378108]]></id>
  <url><![CDATA[https://mp.weixin.qq.com/s?timestamp=1539596534&src=3&ver=1&signature=Egrj350GoKY8-KUcIJshb1EusjsiDFemv4p8JTFFfa-VdczF0uAoSyObKTPcrYJzTXi4YH0UVBMmGzUOs3G8UGsEV6r47HMxzQn8KadmKaY0u-lf88FnTAqPNcgL8vp680LxrIyVDwHdTuBLEhSK8F1295AbF4Zy4u93XZche1Q=]]></url>
  <title><![CDATA[梅州地铁到兴宁径南？莲花山隧道事故火灾？真相来了，兴宁阿哥细妹不要再传了]]></title>
  <content><![CDATA[▲商业合作：tqiuok微信号梅州地铁到兴宁径南？来源：客家房产网、网络综合高铁不仅是一条便捷的交通通道，同时也是一条“财富线”。高铁的出现，将会给周边带来大量的人流、物流、资金流等，逐渐衍生新的高铁经济，从而快速提升沿线项目价值。客都梅州随着梅汕高铁、广梅高铁、双龙高铁等高铁线路的规划建设，现已悄然进入高铁时代。不过现在还有一种轨道交通是很多梅州人热切期盼的，那就是——地铁最近网上有一则消息说梅州要建地铁了，连线路规划图都出来了！经证实这个消息是假的线路规划图是由一个热心网友设计的是为了表达心中的一个美好愿望我们来看看热心网友设计的梅州城区地铁规划线路规划为7条线：Welcome to choose1号线：始发站白渡大桥，经月梅、金盘桥、嘉大、梅县医院、金山路、凌风西路、金利来大桥、华侨城，以人民广场为中转站接驳3号线，共设10个站。2号线：沿白宫为始发站，经西阳、马鞍山、芹洋半岛、芹洋北、大会堂、西桥头、华侨城、扶大、南口、径心、径南，全程12个站。3号线：始发站松口，经雁洋、丙村、梅子坝、马鞍山、梅州火车站、梅县机场、梅塘，以人民广场为中转站接驳1号线，共设9个站。4号线：始发站为教育线中转站城北中学，经五洲城、城西、金利来大桥、西桥头、人才市场、归读，以芹洋半岛为中转站接驳2号线，共设8个站。5号线：始发站为1号线中转站梅县医院，经东门塘、百花洲、市政府、三角，以梅县机场为中转站接驳3号线，共设6个站。6号线：始发站为2号线中转站扶大，经职中、城西、凌风西路、东门塘、东山、大会堂、三乡，以梅州火车站为中转站接驳3号线，共设9个站。教育线：始发站为6号线中转站职中，经联中、侨中、城北中学、嘉大、高级中学、东山中学，以芹洋北为中转站接驳2号线，共设8个站。图片来源：梅州网友设计的梅州地铁线路分布图据悉，建设地铁必须符合4个条件：1、地方财政一般预算收入在100亿元以上；2、国内生产总值达到1000亿元以上；3、城市总人口超过700万，城区人口在300万人以上；4、规划线路的客流规模达到单向高峰每小时3万人以上；而我们大梅州，2016年一般公共预算收入完成105.46亿元，生产总值达到1045.56亿元，首次突破千亿元。这2点符合建地铁的条件。2016年末，梅州户籍人口为551.40万人，常住人口436.08万人，其中城镇人口211.89万人。显然人口和客流规模未达到建地铁的条件。图片来源：梅州时政虽然梅州将建地铁的消息并不是真实的，愿望是美好的，也是遥远的，您觉得有必要修建地铁吗？欢迎后台留言说说您的看法！莲花山隧道事故火灾？来源：海丰爆料，网络综合整理今天兴宁的朋友圈和微信群，都在热传一个“高速路着火”的视频，刚开始说是：莲花山2号隧道发生事故。之后就变成 ：潮莞高速往惠东方向，良井服务区附近路段发生山火。这到底是在什么地方发生？..............................................................................................................对此@广东交通频道发布辟谣信息今天朋友圈广泛转发一段高速着火的视频，并配文说是惠州某高速！其内容不属实！【真实情况】:10月5日18:30左右，潮莞高速往惠东方向，良井服务区附近路段大山着火，山火蔓延对高速公路行车存在安全隐患。19:10分高速交警三大队对潮莞高速良井服务区路段实施双向封闭，并采取分流措施。20:36分潮莞高速良井服务区路段解除双向交通管制，道路恢复通行！相关并非梅州莲花山发生火情事故的情况，以下这篇文章也有进行说明   梅州（丰顺）莲花山隧道附近车辆着火？怎么回事？由于惠州交警及时发现火情，迅速通知了相关部门并采取了车辆分流措施，所以昨天的山火并没有烧到高速路面，更没有引燃车辆！流言止于智者，请大家不信谣！不传谣！这到底是在什么地方发生，有没有人员伤亡？经过报料网小编查找了解事情原来发生在这里！205国道滨州段货车自燃，现场拍摄视频没有看到网络传播的情况交通一路顺畅，正常通行看到这里，兴宁的阿哥细妹已经明白了！这视频是在外地发生的并不是在兴宁或者兴宁周边发生请大家扩散出去不要转发虚假消息避免传谣造谣点↓↓↓下方阅读原文发布兴宁便民信息]]></content>
  <author><![CDATA[兴宁圈子网]]></author>
  <time>2018-10-07 11:28:57</time>
  <account><![CDATA[xnquan]]></account>
</data>
