<data>
  <id><![CDATA[50378108]]></id>
  <url><![CDATA[https://mp.weixin.qq.com/s?timestamp=1539596534&src=3&ver=1&signature=Egrj350GoKY8-KUcIJshb1EusjsiDFemv4p8JTFFfa-VdczF0uAoSyObKTPcrYJzTXi4YH0UVBMmGzUOs3G8UKWCCYlSVYNML2C4NzHQohtKHAFNOcoJmcLmLFSK9FwQcknB-S0VuIfUMFmg*78YxUDaR3w0qxmPazGOKRq*TKg=]]></url>
  <title><![CDATA[赞！兴宁有个围龙屋：一屋三将军、一屋三县长！]]></title>
  <content><![CDATA[点击上面蓝色字关注：兴宁圈子网点↓↓↓下方阅读原文发布兴宁便民信息]]></content>
  <author><![CDATA[兴宁圈子网]]></author>
  <time>2018-10-05 11:40:57</time>
  <account><![CDATA[xnquan]]></account>
</data>
