<data>
  <id><![CDATA[50378108]]></id>
  <url><![CDATA[https://mp.weixin.qq.com/s?timestamp=1539596534&src=3&ver=1&signature=Egrj350GoKY8-KUcIJshb1EusjsiDFemv4p8JTFFfa-VdczF0uAoSyObKTPcrYJzTXi4YH0UVBMmGzUOs3G8UKWCCYlSVYNML2C4NzHQohsyx9g7G26v3F8EIG3ZymEqyQPrG2h*Xa3ksHoMYPz5F9G1hChHOaMPcItq6OlApQI=]]></url>
  <title><![CDATA[@兴宁人：这条300多年的古驿道要“活”起来了!]]></title>
  <content><![CDATA[▲商业合作：tqiuok微信号来源：兴宁发布今年4月，广东省提出将大坪金坑村至罗浮浮中村长约25公里的古驿道线路列入省南粤古驿道线路，特别是将大坪潭坑至罗岗这条明代“十二肩岭”古驿道作为精华段进行重点打造。目前，“十二肩岭”古驿道正处于修复施工阶段，预计将于10月底竣工投入使用。十二肩岭古道位于大坪镇金坑村，古道全长约1.9km。据介绍，十二肩岭古道是兴宁客家人挑盐、担货上江西的必经之路。在民国废除驿制后，仍作为主要道路使用，直至兴宁开通现代公路才逐渐废弃，使用时长超过三百多年。金坑村村民：以前挑盐、挑货的人都是从这里过的。以前十分多人过，上江西的，这条路都是主路。据省地方志《驿道乡情》记载，十二肩岭古道不仅见证了粤赣两省往日的商业来往，同时在土地革命时期支援中央苏区中发挥过重要作用。大坪镇镇长 刘渊：毛泽东1930年5月在安远、寻乌、平远做群众工作时写下的《寻乌调查》，也提到了这条古驿道。修复这条古驿道对研究粤赣边苏区具有特殊意义，一定程度上是传承红色基因的一种形式。自平远-兴宁古道被列入2018年南粤古驿道重点线路以来，我市迅速启动南粤古驿道保护利用工作，制定了梅州兴宁—平远古道重点线路（兴宁段）保护修复与活化利用规划。今年8月，十二肩岭古道修复工程进入施工阶段。目前，古驿道修复工程正如火如荼进行中。十二肩岭古道是兴宁古驿道精华段的其中一段。精华段全长7.6公里，以金坑村广场（驿站）为起点和终点，成环形，沿路有茶亭、伙店、古榕树和围龙屋等资源点。精华段的修复利用对挖掘和整合古驿道沿线人文、自然等资源，推动乡村振兴具有重要意义。据悉，兴宁古驿道的建设年代主要涉及唐朝、宋朝、明朝、清朝4个朝代，线路主要有8条，分别是兴宁驿道，兴宁东线古道、兴宁西线古道、兴宁南线古道、兴宁北线古道，水口东线古道、水口南线古道。其中，现存较为完好的古驿道有4处，涉及大坪、罗岗、罗浮、永和等12个镇（街）。点↓↓↓下方阅读原文发布兴宁便民信息]]></content>
  <author><![CDATA[兴宁圈子网]]></author>
  <time>2018-10-05 11:40:57</time>
  <account><![CDATA[xnquan]]></account>
</data>
