<data>
  <id><![CDATA[50378108]]></id>
  <url><![CDATA[https://mp.weixin.qq.com/s?timestamp=1539596534&src=3&ver=1&signature=Egrj350GoKY8-KUcIJshb1EusjsiDFemv4p8JTFFfa-VdczF0uAoSyObKTPcrYJzTXi4YH0UVBMmGzUOs3G8UA4jtbrB2vgEcSc0ZXsKbZGnudtJw4kGQigsXpy35EnUn74uWjOd4h9YrnqquKEvYqHEbM2n52IEG6BsRpT3KGk=]]></url>
  <title><![CDATA[客家搞笑视频，儿子下班捡到钱，爸爸觉得像自己的私房钱，哈哈哈]]></title>
  <content><![CDATA[点击上面蓝色字关注：兴宁圈子网点↓↓↓下方阅读原文发布兴宁便民信息]]></content>
  <author><![CDATA[兴宁圈子网]]></author>
  <time>2018-10-09 11:51:41</time>
  <account><![CDATA[xnquan]]></account>
</data>
