<data>
  <id><![CDATA[50378108]]></id>
  <url><![CDATA[https://mp.weixin.qq.com/s?timestamp=1539596534&src=3&ver=1&signature=Egrj350GoKY8-KUcIJshb1EusjsiDFemv4p8JTFFfa-VdczF0uAoSyObKTPcrYJzTXi4YH0UVBMmGzUOs3G8UBniYeZWjFTtALytMNngfkojgPvdNdyn4Ik80Q6vLARJwicnCIbqtMBJE7Ua8-Kk1XgkrVIExYHnD4dVazXBkxA=]]></url>
  <title><![CDATA[男子突然扔下一支枪，撒腿就跑，怎么回事?]]></title>
  <content><![CDATA[点击上面蓝色字关注：兴宁圈子网点↓↓↓下方阅读原文发布兴宁便民信息]]></content>
  <author><![CDATA[兴宁圈子网]]></author>
  <time>2018-10-11 11:50:09</time>
  <account><![CDATA[xnquan]]></account>
</data>
