<data>
  <id><![CDATA[50378108]]></id>
  <url><![CDATA[https://mp.weixin.qq.com/s?timestamp=1539596534&src=3&ver=1&signature=Egrj350GoKY8-KUcIJshb1EusjsiDFemv4p8JTFFfa-VdczF0uAoSyObKTPcrYJzTXi4YH0UVBMmGzUOs3G8UFlFVp6-bjNRTi3pSNUNCWnnv*hUL1rKJqUOCro6oyUwaTqPJZzkKqhydkVhhexuJWCRRW6wXF9ahJ99ezaDVWs=]]></url>
  <title><![CDATA[兴宁红色题材电影《生死坚守》立项论证会在京举行；兴宁7-8月份城乡环境综合整治测评得分排名出炉；]]></title>
  <content><![CDATA[▲商业合作：tqiuok微信号兴宁红色题材电影《生死坚守》立项论证会在京举行来源：家在兴宁根据广东兴宁英烈罗屏汉、张瑾瑜夫妇事迹创作的电影巜生死坚守》（暂定名）的立项、国防万映扶持计划论证会，于2018年10月10日上午在北京中影集团一楼会议室举行。出席论证会的国家级专家对剧本给予了高度评价，一致认为这是一部优秀国防军事题材电影，对革命英烈英雄事迹发掘和宣传起到了重大作用，弘扬了革命英烈对理想信念的坚守，将对红色文化的传承起到了深远的影响。中国军史首席专家肖裕声将军认为：罗屏汉、张瑾瑜夫妇对党的忠诚和坚守的信念，代表了当年三万多留守红军坚持三年南方游击战争精神的总代表，同时为我党建立新四军奠定了坚实的基础，电影《生死坚守》的创作拍摄填补了中国留守红军题材文艺作品的空白，意义非常重大。兴宁7-8月份城乡环境综合整治测评得分排名出炉来源：梅州微闻联播2018年7-8月兴宁城乡环境综合整治测评得分看看你家排第几？2018年7-8月份梅州各县（市、区）对辖区镇城乡环境综合整治测评得分排名↓↓↓点↓↓↓下方阅读原文发布兴宁便民信息]]></content>
  <author><![CDATA[兴宁圈子网]]></author>
  <time>2018-10-12 11:26:53</time>
  <account><![CDATA[xnquan]]></account>
</data>
