<data>
  <id><![CDATA[50378108]]></id>
  <url><![CDATA[http://mp.weixin.qq.com/s?__biz=MzA4MDUxMDQzOA==&mid=2649809454&idx=6&sn=fb98b0805a16299ae9de96cfce09da09&chksm=87a76ea7b0d0e7b15a74ebc16e750bd3ce52ba0e4ef9c0869d0de45639bc52cf8a8068e0f271&scene=27#wechat_redirect]]></url>
  <title><![CDATA[相亲交友没话题怎么破？红娘小芊来支招]]></title>
  <content><![CDATA[▲商业合作：tqiuok微信号来源：兴宁婚恋网相亲没话题怎么破找共同熟人虽然红娘相信你们的情商都很高，但毕竟与陌生人聊天，最初还是有些羞涩吧？如果你因为一羞涩紧张，突然脑中一片空白，不知道怎么继续话题了，红娘这里倒是有个建议。提红娘，也就是你俩的介绍人。一般来说，介绍人基本是熟人，不熟的话也没关系，谈谈你俩是怎么都认识介绍人的，聊聊介绍人的生活或者为人啊，一般来说，有共同的熟人，双方更容易放松，也方便接下来的话题展开。当然适当的时候还是要话题转回自己的身上，从头到尾夸红娘服务好红娘也会害羞哒。谈时下热门这个部分比较重要，因为容易观点不同，看对方的反应再讲什么样的话比较好，红娘只能跟你讲下对方的大概情况，你俩见面的时候红娘是不干涉的。不管有没有好感，作为基本的礼貌，场面不要太尴尬，她喜欢韩国欧巴，就不要痛斥不爱国产偶像；他喜欢科技经济，也不要笑话人家生活没情趣。红娘给你们举几个栗子，谈一谈最近的热点新闻啊，时下热门的电影、音乐、综艺节目啊，平时喜欢的活动运动啊等等。如果碰巧有相同爱好，你对对方又比较有好感，一定要趁热打铁直接约活动，可以进一步接触发展。不知道怎么组织语言谈这些话题，请咨询红娘小芊的一对一服务啦。聊自己趣事有的朋友可能说，自己平时专心工作呀，不知道外面现在流行什么，也好久没去参加活动了。这种时候，就可以聊一些自己的趣事了。工作上，家庭里，还有之前的同学们，大家总保不齐遇到一些奇人。这时候，奇人轶事就发挥作用了。什么？这个也没有？出门糗百找个好笑的段子背一个。讲趣事的时候，难免容易放松自我，这时候一定要注意影响，不要爆粗口什么的，吓到对方。还可以聊聊本地附近发生的事情，都是兴宁本地人，聊聊老家拉近距离，也可以聊宠物，双方都有宠物，就更容易找到共同话题了。❤全城期待相亲婚恋平台❤兴宁婚恋网上线啦为兴宁本地未婚青年男女开启全新的交友时代打破传统的交友模式！助你脱单！打造兴宁本地专业、真实的大型交友网络平台让你能快速精准地寻找到心仪的TA这里总能让你相中一个TA二维码添加红娘小芊开启浪漫缘分之旅！兴宁婚恋网须知如果你是兴宁人，如果你在兴宁工作，如果你还在寻找那个TA。请到这里来，聚集兴宁单身优质男，优质女生，等待与你开启浪漫之旅。单身有诚者可速联系红娘小芊微信wx13826685292，愿为天下有情人牵线搭桥。（登记资料完全免费）参与对象兴宁本地工作，或兴宁人，单身，想要寻找另一半，已婚勿扰！参与方式立即添加红娘小芊微信：wx13826685292，免费注册您的个人信息！我们欢迎高质量，有情商的男男女女加入这里，开启浪漫之旅。温馨提示要想相亲交友的成功率更高，小编给大家提个建议：个人资料一定要 真实！本人相片一定要 清晰！择偶标准一定要 明确！多写一些你自己的兴趣爱好、个人情况、希望对象的大概条件等等这些微小的细节，这会让对方更便捷的了解你，红娘小芊帮你牵线的成功率自然就高了。展示方式填写资料的人会在兴宁婚恋网免费展示信息，资料不真实不予展示。↓↓↓↓阅读原文，进入兴宁婚恋网]]></content>
  <author><![CDATA[兴宁圈子网]]></author>
  <time>2018-10-13 12:05:00</time>
  <account><![CDATA[xnquan]]></account>
</data>
