<data>
  <id><![CDATA[50378108]]></id>
  <url><![CDATA[https://mp.weixin.qq.com/s?timestamp=1539596534&src=3&ver=1&signature=Egrj350GoKY8-KUcIJshb1EusjsiDFemv4p8JTFFfa-VdczF0uAoSyObKTPcrYJzTXi4YH0UVBMmGzUOs3G8UGaYyJWwhlSVjnQGJQ8wZguTic1ZiEg46-nJzTIivFCw4d9BZnNf1WAb92-TC1zzTDLjSDetKACu-ar3PRU8ssA=]]></url>
  <title><![CDATA[兴宁棒雄，团队出战又夺冠！兴宁创业参赛者相互交流打磨项目，备战大赛]]></title>
  <content><![CDATA[▲商业合作：tqiuok微信号兴宁棒雄，团队出战又夺冠！来源：球乡2018年梅州市第四届“中国体育彩票杯”跆拳道锦标赛，经过一天的激烈角逐，今天下午结束各项比赛并举行颁奖。本次比赛共有31支队伍，596名运动员参加，人气十分足。梅州市体育局副局长陈颖明为团体总分第一名兴宁市颁奖梅州市教育局副局长朱志强为团体总分第二名平远县颁奖共青团梅州市委员会副书记古孟青为团体总分三名丰顺县颁奖球乡了解到，跆拳道近年来在梅州迅速发展。目前，我市正式注册的跆拳道馆36家，在册会员5000多人。市跆协会加强与跆拳道馆的沟通合作，建立更完善的选材平台，为市、省跆拳道队输送一批优秀运动员。比赛中，运动员们发扬跆拳道礼仪 、廉耻、 忍耐、 克己、顽强拼搏、 百折不屈的精神，为大家呈现一场场精彩的赛事。此次比赛旨在提高全市各道馆、俱乐部教练员执教能力与教学方法，促进参赛选手技术水平的提升，推动我市跆拳道运动普及发展，发掘培养优秀的后备人才。兴宁创业参赛者相互交流打磨项目，备战大赛来源:MZTV眼下，离“赢在客都·梅州市第三届创新创业大赛”报名截止只剩下不到一个月的时间了。近日，为了让大家更好地备赛，兴宁市专门组织了一场别开生面的交流会，让广大创新创业者通过大赛打磨项目。据统计，在去年的第二届创新创业大赛中，兴宁共有34个项目参赛，最终20个项目进入复赛，参赛数和获奖数都较多。会上，兴宁市中小企业局还对往届的获奖项目进行奖励。第二届银奖项目负责人 陈伟波：通过参加创业大赛，有很多专家评委，通过他们的点评之后，我们有更加清晰的认识和定位，帮助我们企业快速做强做大。兴宁市技工学校获奖项目代表：让学生开拓了视野，锻炼了能力，也为他们今后的创新创业就业打下良好的基础。今年的第三届大赛正在接受报名，共设125万元奖金，分创业组、创新组和创意组三个组别，符合条件的获奖团队和企业还可优先获得相关专项资金扶持等奖励。兴宁市中小企业局 刘伟：发动我们的创客们积极参加梅州市第三届创新创业大赛，为他们做好准备提供帮助，同时也通过这次活动进一步支持关注参与创业创新的浓厚氛围。第三届大赛启动以来，得到了兴宁众多优秀团队和企业的积极响应。目前，兴宁已有近二十个项目通过登录梅州市创业协会网站报名。广东壹号投资有限公司 曾浩：此次广东壹号申报有两个项目，第一个是针对共享的一个商业模式的项目，第二个项目主要是针对家用汽车车辆推广的一种商业模式项目。这3篇文章兴宁人都在看▶赞！！ 兴宁歌手王晨阳献唱客语版《中国》为祖国庆生▶舌尖上的兴宁,这些美食带给外面的朋友尝尝！▶兴宁非遗项目，你了解多少？看完涨知识！温馨提醒：如果您有招聘，房屋出售等信息要发布，可在《兴宁圈子网》微信公众号菜单栏的“便民信息”处发布！商铺出租兴宁碧桂园八街商铺（金富豪家具城）三楼整层出租，面积2300多平米！该商铺拥有交通便利、车位充裕、配套完善、电梯步梯齐全等优势！联系人：小袁13826688697点↓↓↓下方阅读原文发布兴宁便民信息]]></content>
  <author><![CDATA[兴宁圈子网]]></author>
  <time>2018-10-08 11:36:48</time>
  <account><![CDATA[xnquan]]></account>
</data>
