<data>
  <id><![CDATA[50378108]]></id>
  <url><![CDATA[https://mp.weixin.qq.com/s?timestamp=1539596534&src=3&ver=1&signature=Egrj350GoKY8-KUcIJshb1EusjsiDFemv4p8JTFFfa-VdczF0uAoSyObKTPcrYJzTXi4YH0UVBMmGzUOs3G8UGaYyJWwhlSVjnQGJQ8wZgv00Pp2fPYuadR9VTHjs4qzxY25RMPpYCS54lLE5TuW7S2v3HMb-*IK*rLr63aAaz0=]]></url>
  <title><![CDATA[换季买衣服不用试，1分钟可以找到尺码，兴宁人学起来]]></title>
  <content><![CDATA[▲商业合作：tqiuok微信号来源：网络整理一到换季，又要开始买新衣服了下面这些招数不管买什么衣服一买一个准！上衣不用试【比肩膀】买上身衣服最常规的操作是比肩线这当然是有道理的无论是T恤还是衬衫，只要把衣服的肩线和肩膀比照一下长度差不多，衣服就合适【比腋下】比肩线的方法并不是对所有女性都有效试试以侧边线来判断吧先把衣服前后伸展平整再从衣服腋下的位置上下对折找准衣服侧面的边线将伸展开的衣服放在胸前的位置将衣服的侧边线与腋窝位置对比如果衣服的侧边线刚好在腋窝正下方那么衣服就是合适的否则的话衣服的胸围就不会刚刚好裤子不用试【手臂测裤长】两手分别紧捏两边裤脚处，将裤子拉长如果胳膊需要弯曲那么裤子的长度就会稍短当裤子刚好被拉开且手臂也恰好能够伸展开时那么裤长就是刚好合适的视频来源：5-minute crafts【拳头测裤腿】将手握成拳头状，伸进裤腿里如果拳头感觉过紧那么穿上时也还是不合适的如果拳头能够自如出入裤腿处有些许宽松那么裤腿便是合适的视频来源：5-minute crafts鞋子不用试小编最讨厌买鞋子了总是要脱鞋试穿特别麻烦教你一招，直接将鞋子对准手肘处用手肘来测量鞋子大小这是因为，我们手肘到手腕的距离其实就是我们脚的长度学会了这个技巧可以放心大胆地买鞋啦视频来源：《uvw手作》穿衣服遇难题【衣服显赘肉】女性最尴尬的事情莫过于赘肉被衣服凸显出来将不穿的旧丝袜沿着裤裆处两厘米的长度剪下裤腿然后将上半部分穿在身上身上的赘肉马上就能隐藏不见啦是不是很神奇？【衣裤拉链拉不上】衣裤上面的拉链突然卡住了，拉不上去怎么办？将平时用的唇膏，在拉链上面涂一涂拉链立马就好【衣服被风吹起】遇到有风的天气裙子特别容易被吹起来，非常尴尬只需要拿几个小硬币，用胶带将硬币依次粘贴在裙边处这样穿出去，风再大，都不用担心裙子会被吹起啦小小的技巧让生活更容易更美好这3篇文章兴宁人都在看▶医生最“恨”的水果，兴宁人家家都有...▶用它擦手机屏幕，手机用1年都不沾灰尘不留手印，学起来▶几毛钱一斤的东西，治鼻炎特别好使，还能预防感冒！温馨提醒：如果您有招聘，房屋出售等信息要发布，可在《兴宁圈子网》微信公众号菜单栏的“便民信息”处发布！商铺出租兴宁碧桂园八街商铺（金富豪家具城）三楼整层出租，面积2300多平米！该商铺拥有交通便利、车位充裕、配套完善、电梯步梯齐全等优势！联系人：小袁13826688697点↓↓↓下方阅读原文发布兴宁便民信息]]></content>
  <author><![CDATA[兴宁圈子网]]></author>
  <time>2018-10-08 11:36:48</time>
  <account><![CDATA[xnquan]]></account>
</data>
