<data>
  <id><![CDATA[50378108]]></id>
  <url><![CDATA[https://mp.weixin.qq.com/s?timestamp=1539596534&src=3&ver=1&signature=Egrj350GoKY8-KUcIJshb1EusjsiDFemv4p8JTFFfa-VdczF0uAoSyObKTPcrYJzTXi4YH0UVBMmGzUOs3G8UBniYeZWjFTtALytMNngfkqA98Uqhuc6rvLLAX8XO0Gfs*8OfHaAnoLJsSQWKpvzM9R*Ie86GMQP0uY*LsOI*zE=]]></url>
  <title><![CDATA[4年偷内衣达40多件，“技术”娴熟，兴宁贵华路这个变态佬长这样！]]></title>
  <content><![CDATA[点击上面蓝色字关注：兴宁圈子网点↓↓↓下方阅读原文发布兴宁便民信息]]></content>
  <author><![CDATA[兴宁圈子网]]></author>
  <time>2018-10-11 11:50:09</time>
  <account><![CDATA[xnquan]]></account>
</data>
