<data>
  <id><![CDATA[50378108]]></id>
  <url><![CDATA[https://mp.weixin.qq.com/s?timestamp=1539596534&src=3&ver=1&signature=Egrj350GoKY8-KUcIJshb1EusjsiDFemv4p8JTFFfa-VdczF0uAoSyObKTPcrYJzTXi4YH0UVBMmGzUOs3G8UA4jtbrB2vgEcSc0ZXsKbZH7Y64FupejsXWrVL9-pcl1UZwy5qg7SjgyURFzynX5SPk1-5OXJDyDYJT6EA6NuVo=]]></url>
  <title><![CDATA[3亿多，177.2公里，兴宁河流治理进行中；政务服务做“减”法，受群众肯定]]></title>
  <content><![CDATA[▲商业合作：tqiuok微信号3亿多，177.2公里，兴宁河流治理进行中来源：兴宁市广电台自2015年中小河流治理工程启动以来，我市坚持“先急后缓、先主后次、逐步实施”的原则，不断加大资金投入和治理力度，全力以赴打好山区中小河流治理攻坚战。至目前，我市共投入资金3.1496亿元，完成山区中小河流治理177.2公里，占实施计划任务的85％。按照全省和梅州市加快山区中小河流治理的工作部署，从2015年起至2020年，我市山区中小河流治理实施计划治理河长203公里，计划投资36119万元。2015至2017年底，我市完成治理河长170.2公里，完成总投资30496万元。罗岗河是我市去年重点治理的中小河流。罗岗河流经的富强村有耕地1000多亩。当地村民告诉记者，流经村庄的罗岗河在汛期经常淹没河岸的农田。去年，罗岗河富强村段经过治理后，村民不用再为庄稼的丰收而担忧。罗岗镇富强村村民 黎碧环：起码河水不会涨起来，丰收就有保障了。据统计，山区中小河流治理工程实施后，我市减少房屋受浸3452户，减少农田受浸面积28500多亩，改善农田灌溉面积45000多亩，保护耕地面积12.5多万亩，受益人口达18.65多万人。今年，宋声河的璜江段、双成、光夏段、河口段和黎江段被列入重点治理河段，治理河长10.5公里，计划投资1558万元。目前，宋声河综合治理工程已完成治理河长7公里，完成投资1000万元。宋声河光夏段的流域治理如火如荼进行中。项目施工负责人 陈道君：我们5月份开始入场施工，主要是先做光夏段。我们的工期是一年，争取在年底完工。宋声河光夏段在治理以前，河床高且河面狭窄，常年受洪水困扰。今年河段治理后，河面由原来的5米拓宽到18米，排洪量也大大提升。如今，乘着建设美丽乡村的东风，光夏村还准备将宋声河光夏段打造3公里长的一河两岸工程。光夏村支部书记 古彩虹：坡面上就做一条绿化道，人行道（3公里），可以供村民散步，骑自行车等。据了解，明年我市还将对永和水、荷泗水、信东河进行综合治理，通过清违、清障、护岸，使河道生态环境明显改善，水清岸绿，整洁干净，沿线村容村貌焕然一新。政务服务做“减”法，受群众肯定来源：兴宁广电台国庆小长假过后，市行政服务中心往往将迎来业务办理的高峰。记者在市行政服务中心走访时看到，整个大厅没有了往年节后排“长龙”的人流，大厅多了一份清静，办事群众多了一份从容。上午八点半，随着办证大厅大门的打开，近20位前往办事办证的首波市民涌进了门内，这些市民进入大厅后开始分流：寥寥几个去了自助终端机排队办理事务，一小部分排在便民摄影区拍证件照，还有一小部分去了二楼、三楼。兴宁市公安局出入境管理大队二分队中队长陈其东告诉记者，往年的上班首日，公安出入境窗口都会迎来一大波“长龙”，今天却一改常态。兴宁市政管办副主任 林汉辉：现在有很多事项是可以实现全省就近办理的。尤其是今年公安2月1日起施行的新政，大部分公安事项都能凭身份证实现就近办理，这就大大的减少了我们的出入境办理窗口的人流量。据悉，我市行政服务中心进驻单位36个，去年7月以前设置有前台窗口88个，在推动“一门式”、“一网式”服务后，我市对设置窗口和工作人员进行“双浓缩”，把前台窗口调整为54个，把原来的220多名的工作人员精简了二成半，人数缩减至165名。通过落实一系列改革措施，做好了机构、人员两道“减”法，实现服务质量“加”的效果。在采访中，许多市民也告诉记者：现在到行政服务中心办事办证的人也比以往少了，等的时间短了，工作人员效率也更高了。市民：各个方面都比以往好多了。起码不用再像以前排队啊，挤人堆啊，秩序好多了。来办事的老百姓也更感到满意。市民：以前办证辛苦一点，时间长。现在办事的效率也高了，而且现在也不用排长队了。在这稍等一下就可以。点↓↓↓下方阅读原文发布兴宁便民信息]]></content>
  <author><![CDATA[兴宁圈子网]]></author>
  <time>2018-10-09 11:51:41</time>
  <account><![CDATA[xnquan]]></account>
</data>
