<data>
  <id><![CDATA[50378108]]></id>
  <url><![CDATA[https://mp.weixin.qq.com/s?timestamp=1539596534&src=3&ver=1&signature=Egrj350GoKY8-KUcIJshb1EusjsiDFemv4p8JTFFfa-VdczF0uAoSyObKTPcrYJzTXi4YH0UVBMmGzUOs3G8UABOYCx0Hrc584ZKNzPY6OYIAzs9eK70PVD343tVj8XSfWy6n2l2Qzo6dgdtOeccHmfCzXJWfy0nrUOzOLZn6BA=]]></url>
  <title><![CDATA[客家搞笑视频，兴宁小伙三次偷鸡，屡败屡战，差点掉池塘，哈哈哈~]]></title>
  <content><![CDATA[点击上面蓝色字关注：兴宁圈子网点↓↓↓下方阅读原文发布兴宁便民信息]]></content>
  <author><![CDATA[兴宁圈子网]]></author>
  <time>2018-10-10 11:35:51</time>
  <account><![CDATA[xnquan]]></account>
</data>
