<data>
  <id><![CDATA[50378108]]></id>
  <url><![CDATA[http://mp.weixin.qq.com/s?__biz=MzA4MDUxMDQzOA==&mid=2649809224&idx=8&sn=7756f83abea7fe5779ba619354446bd9&chksm=87a76dc1b0d0e4d7fcc79013c4fbb7606885df56ab7a0507a4efaf514747292e398f522bd8fb&scene=27#wechat_redirect]]></url>
  <title><![CDATA[相亲故事曲折离奇，兴宁烂茶渣相亲太逗了]]></title>
  <content><![CDATA[点击上面蓝色字关注：兴宁圈子网点↓↓↓下方阅读原文发布兴宁便民信息]]></content>
  <author><![CDATA[兴宁圈子网]]></author>
  <time>2018-10-04 17:00:00</time>
  <account><![CDATA[xnquan]]></account>
</data>
