<data>
  <id><![CDATA[50378108]]></id>
  <url><![CDATA[https://mp.weixin.qq.com/s?timestamp=1539596534&src=3&ver=1&signature=Egrj350GoKY8-KUcIJshb1EusjsiDFemv4p8JTFFfa-VdczF0uAoSyObKTPcrYJzTXi4YH0UVBMmGzUOs3G8UGsEV6r47HMxzQn8KadmKaZxcOrh93pKK5gGgnu5gEr3MZsL-LkfvMbVoD8*e-w8P08*5qOFubKlCQT-pOrCjuo=]]></url>
  <title><![CDATA[兴宁婚恋网牵手成功的真实案例，遇见真爱其实并不难]]></title>
  <content><![CDATA[▲商业合作：tqiuok微信号来源：兴宁婚恋网关于爱情的故事让我们说给你听10月7日兴宁婚恋网·红娘小芊寄语这世上总有一个角落有人懂你既然爱不来找你为何你不去找它呢？兴宁婚恋网上真实的爱情故事。小芸（化名）来自兴宁，今年25岁了，目前在深圳工作，每次家里给打电话，都是催她找对象。一方面为了让家人放心，也有小丢丢憧憬着爱情的美好。在看到兴宁婚恋网的消息后，小芸毫不犹豫到兴宁婚恋网登记信息了，希望能遇见心目中的白马王子。小芸与红娘小芊渐渐熟络的时候，大方地列出自己的择偶标准。红娘小芊试着按照标准给小芸牵线，但小芸是个比较慢热的人，表示没有眼缘。当红娘小芊再次给小芸牵线的时候，大男生小深（化名）走进了小芸的世界，他们在三天情侣微信群中畅聊。经过一番谈话之后，小芸对这个大男生印象很不错。小深对小芸的印象也很好。两个人也不再拘束，聊天话题也逐渐打开。小芸发现和他的共同点很多，她也对他的兴趣更大了。最终两小深发感谢。同样是老乡，熟悉的语言，让他们一见如故。双方感情日益坚固，两人牵手成功。红娘小芊有话说小芸给小芊第一感觉就是大方，热情，为人处世十分赞的一个女孩子，本身亦有追求独立的个性存在。她内心有点小孤独不轻易显露出来，可能正是这点，她单身着。但她又是一个目标清晰的人，对择偶标准十分明确，让红娘小芊为之欣赏，所以这次牵线才会如此顺利！小深则是一个有点害羞的大男孩，刚开始让红娘小芊摸不着头脑，怀疑他不是来相亲交友的。随着沟通的深入，红娘小芊了解到，原来小深只是话不多，可能正是他自己在外面打拼，养成了比较沉稳的性格。两个人的成功牵手，是对红娘小芊工作的肯定，也能鼓励到更多兴宁单身男女的脱单。你有没有想过在这个世界上有那么一个人和你有着相同的爱好你有没有想过每天与你擦肩而过的人潮里你的“The one”恰好在其中你是否也时常幻想从此不再独自面对未来2018年，遇见那个TA▼长按识别下方二维码添加红娘小芊▼▼兴宁婚恋网免费注册▼这是一个兴宁本地的相亲平台所有会员资料我们都会一一验证进行基本信息核实，以提高真实性！如果你也单身一定不要错过，给自己一个相识的机会注册好了记得一定要添加红娘小芊微信提供免费推荐哦！每月都有线上或者线下相亲活动！脱单so easy！【友情提醒】随着兴宁婚恋网注册人数急速增加、作为一个海量信息平台，从技术和成本上，皆无法确保每一条信息的真实性，也无法确保每一个会员的人品及其对待感情的态度，为了您的征友安全，请您确认自己能够做到：1.部分人填写的资料不全，相片用风景或不是本人的相片，工资写个0，这样怎么相亲，请及时修改。2.不借钱给任何会员，也不与对方发生任何形式的经济关系。一加好友立即叫对方发红包的，请多加注意！3.拒绝一夜情，自尊自爱，理性交友，不轻易发生亲密关系。4.遇到可疑的可以先问红娘小芊（微信wx13826685292），这个人是不是我们平台的，核实ta的真实情况！！！5.本平台只提供牵线交友服务，如发生疑似欺诈、冒认、涉及人身安全问题，请大家明眼观察，以免发生不必要的损失或受骗，慎重提醒:若发生一些线下交流所产生的一切法律后果与本平台无关，本平台只负责协助、配合调查。-兴宁婚恋网进入方法-点击 “阅读原文”马上进入 兴宁婚恋网平台]]></content>
  <author><![CDATA[兴宁圈子网]]></author>
  <time>2018-10-07 11:28:57</time>
  <account><![CDATA[xnquan]]></account>
</data>
