<data>
  <id><![CDATA[50378108]]></id>
  <url><![CDATA[http://mp.weixin.qq.com/s?__biz=MzA4MDUxMDQzOA==&mid=2649809454&idx=2&sn=7a7aafd8b0c72645f24dbe524dc9fbce&chksm=87a76ea7b0d0e7b175eb7bca358d6c5bbbca2c28d4bb24e3fba991b8a6f7c5e63fc946322baf&scene=27#wechat_redirect]]></url>
  <title><![CDATA[“重阳节”出行注意：兴宁神光山等景区实行临时交通管制]]></title>
  <content><![CDATA[▲商业合作：tqiuok微信号来源：兴宁交警10月17日又迎来中国传统佳节──重阳节。历年的重阳节，广大市民都有登高祈福、锻炼的习俗，特别是到神光山登高的市民非常踊跃。为给重阳节登高的市民创造一个便捷顺畅的登山道路环境，交警大队按照兴宁市公安局的工作部署，将安排警力在前往景区的必经交通路口、路段采取定点站岗与流动巡逻相结合的方式，全力维护重阳节期间的交通秩序。目前，神光山广场地下停车场有271个车位，神光寺前汽车临时停放点有150个车位，莲花池至佛教文化园旅游通道沿线两边汽车临时停放点有约500个车位，高架桥露天停车场有200个车位。10月16日15时至17日18时期间（即农历九月初八至初九），禁止一切机动车进入景区内通行；前往登高的车辆应在神光山景区内政府施划的免费停车场、点有序停放，交警部门将根据现场交通流量及状况随时对其他路口进行临时管制。交警部门对下列8个路口实行临时交通管制：1福兴大道进入高架桥第1引道路口：禁止车辆进入，车辆由左右辅道到站前路停车场有序停放。2湿地公园入口郊野超市侧：禁止车辆进入。3站前路入郭屋岭下路口：疏导交通，接到指令后禁止车辆进入。4郭屋岭下照祥屋侧：疏导交通，接到指令后禁止车辆进入。5站前路神光山红绿灯路口：禁止车辆进入。6墨池寺路口：禁止车辆进入。7站前路入左辅道路口：禁止车辆进入。8站前路入右辅道路口：禁止车辆进入。另外，兴宁市罗岗镇白鹤仙师、罗浮镇阳天嶂、永和镇鸡鸣山、永和镇麒麟寺、径南镇宝山寺、水口镇宋声狮子岩等景区，交警部门将安排警力，禁止方拖、三轮车、拖拉机及变型拖拉机载人上山，禁止不符合安全标准的车辆上山。交警提醒重阳节期间，前往神光山等景区旅游登高的人流车流激增，市民请自觉遵守道路交通法律法规，安全文明出行，切莫超员超速、疲劳驾驶、占道停车、爬头、逆行抢行，有序停放车辆（前往神光山、熙和湾景区的车辆请自觉停放在政府施划的免费停车泊位内），并自觉服从交通民警指挥，呼吁市民尽量选择乘坐公交车或拼车前往景区。猜你喜欢的文章► 兴宁竟有人偷骨灰盒敲诈家属！ 拿车牌、不雅照成敲诈筹码，结果...► 8年拿不到房产证的兴宁宁江西堤拆迁户问题有着落了！► 《2018年胡润百富榜》发布！兴宁人榜上有名！点↓↓↓下方阅读原文发布兴宁便民信息]]></content>
  <author><![CDATA[兴宁圈子网]]></author>
  <time>2018-10-13 12:05:00</time>
  <account><![CDATA[xnquan]]></account>
</data>
