<data>
  <id><![CDATA[50378108]]></id>
  <url><![CDATA[https://mp.weixin.qq.com/s?timestamp=1539596534&src=3&ver=1&signature=Egrj350GoKY8-KUcIJshb1EusjsiDFemv4p8JTFFfa-VdczF0uAoSyObKTPcrYJzTXi4YH0UVBMmGzUOs3G8UGaYyJWwhlSVjnQGJQ8wZgsS3eHHA8u2jCtz0O0cbX0RiMAqAuqli4K54Wgk-rQ*Fz19zQlJu0*U5yoHt7Xx8Nk=]]></url>
  <title><![CDATA[客家搞笑视频，小伙失恋，白博士说：娶老婆还不如买棉被！小伙结局笑死我了！]]></title>
  <content><![CDATA[点击上面蓝色字关注：兴宁圈子网点↓↓↓下方阅读原文发布兴宁便民信息]]></content>
  <author><![CDATA[兴宁圈子网]]></author>
  <time>2018-10-08 11:36:48</time>
  <account><![CDATA[xnquan]]></account>
</data>
