<data>
  <id><![CDATA[50378108]]></id>
  <url><![CDATA[https://mp.weixin.qq.com/s?timestamp=1539596534&src=3&ver=1&signature=Egrj350GoKY8-KUcIJshb1EusjsiDFemv4p8JTFFfa-VdczF0uAoSyObKTPcrYJzTXi4YH0UVBMmGzUOs3G8UA4jtbrB2vgEcSc0ZXsKbZFoy7TzBuyqLe5HM*1P05NlS-g09sH9ghpicNn6QCZFyNfqHyrOM-BHPtWvUC9fIcA=]]></url>
  <title><![CDATA[12岁农村娃竟抓大蛇养家，看完还觉得自己最辛苦吗？]]></title>
  <content><![CDATA[点击上面蓝色字关注：兴宁圈子网点↓↓↓下方阅读原文发布兴宁便民信息]]></content>
  <author><![CDATA[兴宁圈子网]]></author>
  <time>2018-10-09 11:51:41</time>
  <account><![CDATA[xnquan]]></account>
</data>
