<data>
  <id><![CDATA[50378108]]></id>
  <url><![CDATA[https://mp.weixin.qq.com/s?timestamp=1539596534&src=3&ver=1&signature=Egrj350GoKY8-KUcIJshb1EusjsiDFemv4p8JTFFfa-VdczF0uAoSyObKTPcrYJzTXi4YH0UVBMmGzUOs3G8UABOYCx0Hrc584ZKNzPY6ObfihynptLHbCnX73KPydguijlN8xMu0qHZb40etIRFj9iZvIuCF5usCTP6zB7t7Mo=]]></url>
  <title><![CDATA[鸡蛋壳的这5大妙用，能为你省下不少钱]]></title>
  <content><![CDATA[点击上面蓝色字关注：兴宁圈子网点↓↓↓下方阅读原文发布兴宁便民信息]]></content>
  <author><![CDATA[兴宁圈子网]]></author>
  <time>2018-10-10 11:35:51</time>
  <account><![CDATA[xnquan]]></account>
</data>
