<data>
  <id><![CDATA[50378108]]></id>
  <url><![CDATA[https://mp.weixin.qq.com/s?timestamp=1539596534&src=3&ver=1&signature=Egrj350GoKY8-KUcIJshb1EusjsiDFemv4p8JTFFfa-VdczF0uAoSyObKTPcrYJzTXi4YH0UVBMmGzUOs3G8UFsWAlg9U2VkEe3s196mQ6UwReQkskEWX-glcP-x3r9-rXM2mZDctXgybJjBJh1U602XDzaqpFJxADRNYwNI50M=]]></url>
  <title><![CDATA[这些兴宁人，国庆长假不休，都在干什么？环卫工人、医护人员，节日你最美致敬兴宁坚守岗位的供水供电人]]></title>
  <content><![CDATA[▲商业合作：tqiuok微信号维护秩序，站好岗位来源：兴宁广播电视国庆期间，对大多数人而言，是游玩放松的美好时光。但对于城管的谢桂洪和民警罗云辉而言，却不是那样。今天是国庆假期第二天，城区人来车往。在和山河西路，城管执法人员谢桂洪和同事忙着引导临时摆卖点规范摆卖，防止堵塞道路。谢桂洪：外面回来的乡贤比较多，车辆比较复杂，外面摆摊的也比较多，随便乱摆，导致交通堵塞。除了应对超量的工作任务，谢桂洪还和普通人一样，有着战友、家人的节日聚会需求。采访活动中，谢桂洪又推掉了一个战友的见面聚餐邀约。谢桂洪：国庆期间，战友同学回来的比较多。然后家里小孩子放假在家里，家人希望我带他们出去玩。但是没办法，以后再补偿他们吧。在会展中心路段，执勤民警罗云辉站在人流车流间，蔚蓝色警服成了万紫千红中的独特风景。罗云辉：白天值勤七个小时，晚上还要继续加班。记者问起国庆有什么计划，罗云辉笑着说，工作原因，平常休假也少，国庆这样的大节日几乎是不可能的。罗云辉：  国庆期间更讲不到休假了，不可能的，只可能加班加点，为了兴宁交通道路，畅通有序。也敬请广大市民不要乱停乱放，现在车流量很大，车很多车辆猛增，要靠广大市民共同来维护秩序。据悉，节日期间，200多名城管人全员上阵，1000多名警力分布城区各处，全面保障节日期间的城区秩序。还有志愿者、食品卫生人员、环卫工人，全市各镇村护林员、交通劝导员等等，他们都放弃休假，一直坚守岗位，默默为我们快乐祥和的节日守护着……致敬坚守岗位的身影你在节日中的样子，真美！环卫工人、医护人员，节日你最美来源：兴宁广播电视为了让城市正常运转，总有环卫工人、医生护士等这些可敬之人，在节日期间放弃休假，坚持值班值守，用自己的行动诠释着责任和担当，成为城市另一道风景。国庆期间，团结路保持了一如既往的干净整洁，这是环卫工人吴凤娟负责的区域。她告诉记者，每天她要在这片区域清运10趟垃圾，满载时，整车垃圾可达400斤。环卫工人 吴凤娟：（早上）5点到9点一个班 ，吃完午饭1点半到5点，晚上6点至10点。吴凤娟告诉记者，跟她一样，城区300多名同事都是三班倒，每天要负责清理城区产生的200吨垃圾。环卫工人 吴凤娟：市民跟环卫工人共同维护清洁卫生，环卫工人就感到开心了。在市人民医院，记者看到急诊楼挂号的市民排着长队，急诊科医生李国新正在忙碌着。李医生说，节假日比平时更为繁忙。市人民医院急诊科医生 李国新：节日期间，回来探亲、回家乡的人特别多，我们的压力也比较重，看病的人数十分多，其他小诊所都没有开，都放假没有上班。我们为病人解除病痛，看到病人康复出院，这就是我们最开心的事。本台记者：罗伟荣 李志勇报道致敬兴宁坚守岗位的供水供电人来源：兴宁广播电视国庆小长假期间，我市各地用水用电也迎来小高峰。其中，城区用电最大负荷为133兆瓦。为保障国庆期间的用水、用电安全，我市的供水、供电人坚守岗位、履行职责、辛勤奉献，用默默付出为城市运行和市民生活保驾护航。现场音：组织好施工单位来，该装的开关，该挖的电缆，该开凿的开凿，尽量争取今天这里修复通电。眼前说话的人名叫陈清华，是兴宁供电局生产计划部的负责人。10月2日下午，供电局接到兴南雅居小区居民的报修电话，正在值守中的陈清华立即组织抢修人员赶到现场检查线路故障。兴宁供电局生产计划部主任 陈清华：我们得知线路跳闸的信息后，马上组织人力物力到现场排查，查找故障。2号晚上一直持续到3号凌晨两点。早上6点多钟又安排人员到现场进行故障排查。由于电缆线路复杂，造成抢修人员故障点测寻难度和用时增大。为尽快修复故障，陈清华一面申请调度了应急发电车保障群众用电，另一方面增调电力技术人员加紧修复。经过十多小时的奋力抢修，小区最终恢复供电。兴宁供电局生产计划部 陈清华：只要老百姓用电出现问题，我们供电人员都会第一时间赶到现场，为老百姓的用电保驾护航。在兴宁市第二自来水厂，生产工人黄伟琼和同事相互配合，往反应池里投矾加氯，做好自来水生产的第一道工序。自来水厂工人 黄伟琼：我们要加矾加氯，返洪，每隔一个小时也要去转一下，检查水质水位。工作16年来，黄伟琼每天都重复着一样的工作，没有节假日之分，虽然枯燥乏味，但想到自己的付出可以解决市民的饮用水问题，自然乐在其中，而唯一让她感到内疚的事情，就是很少跟家人和朋友团聚。自来水厂工人 黄伟琼：以工作为重，为了大家能安全用水，大家也理解。据悉，像黄伟琼一样的自来水厂工人有16个，他们采取四班三运转的形式，每日生产十多万吨水量，有效解决了城区市民的饮用水问题。自来水厂工人 黄伟琼：全心全意为人民保供水是我们每一位自来水厂人的宗旨，所以再苦再累我们也无怨无悔，在下来的工作中，我们将继续改善供水服务，以客户需求为导向，坚持做好本职工作，全力保障全市供水安全工作。本台记者综合报道兴宁志愿者服务引人点赞来源：南方网摘选，梅州综合整理国庆假期，天气晴好，外出休闲成为人们欢度长假的必选项目。志愿服务引人点赞到上午8时，兴宁市阳光义工协会的志愿者陈威就来到了神光山景区，他一个上午都会在这里为广大游客提供志愿服务。“叔叔，可以给我装点水吗？”“我头有点晕，有什么药油可以擦吗？”“推着婴儿车从哪里走比较方便？”……记者看到，设在广场边的服务点内摆着8桶饮用水，桌上的药箱里备有藿香正气水、风油精、云南白药、晕车贴等便药，不时有游客过来咨询。不远处的水池边，两名“红马甲”举着国旗，经过此处的游客都会上前与国旗来上一张合影。志愿者组织开展的“我和国旗合影”活动很受游客欢迎。（\钟小丰 摄）“从2013年开始，协会每年‘五一’和‘十 一’都会组织到神光山景区开展志愿服务，今年国庆增加的‘我和国旗合影’活动很受欢迎。”阳光义工协会副会长刘淑萍介绍。“这样贴心的志愿服务让我觉得这个城市很有温度。”凌华伟一家四口从东莞过来，逛了一上午口渴了，志愿者提供的免费饮用水让他觉得既解渴又暖心。家住兴宁的罗妙平对志愿者竖起了大拇指：“城市形象更好了，我作为市民也觉得很开心。”“市民参与志愿活动的热情也日益高涨。”兴宁阳光社工中心工作人员刘文林说，像这次的国庆活动，志愿者分三班从上午9时服务至傍晚6时，每班五六人，活动招募帖9月25日发出后，次日就差不多满员了，其中有一半是第一次参加志愿服务的。今年就读初三的欧杨从清远回来，听妈妈说阳光义工协会在招募志愿者，她便主动报了名，“刚刚捡垃圾去了，能帮到别人我很开心”。点↓↓↓下方阅读原文发布兴宁便民信息]]></content>
  <author><![CDATA[兴宁圈子网]]></author>
  <time>2018-10-06 11:49:19</time>
  <account><![CDATA[xnquan]]></account>
</data>
