<data>
  <id><![CDATA[50378108]]></id>
  <url><![CDATA[http://mp.weixin.qq.com/s?__biz=MzA4MDUxMDQzOA==&mid=2649809224&idx=6&sn=76aec63d40a536803c0f7676452c0c70&chksm=87a76dc1b0d0e4d7042a318ff5f67edfaa1022821ad8ce4879e6f4a27b6c59e0ad7b5b6db468&scene=27#wechat_redirect]]></url>
  <title><![CDATA[十唱兴宁，十分经典]]></title>
  <content><![CDATA[点击上面蓝色字关注：兴宁圈子网点↓↓↓下方阅读原文发布兴宁便民信息]]></content>
  <author><![CDATA[兴宁圈子网]]></author>
  <time>2018-10-04 17:00:00</time>
  <account><![CDATA[xnquan]]></account>
</data>
