<data>
  <id><![CDATA[50378108]]></id>
  <url><![CDATA[https://mp.weixin.qq.com/s?timestamp=1539596534&src=3&ver=1&signature=Egrj350GoKY8-KUcIJshb1EusjsiDFemv4p8JTFFfa-VdczF0uAoSyObKTPcrYJzTXi4YH0UVBMmGzUOs3G8UBniYeZWjFTtALytMNngfkqMDmN1Idf5r*DerPWXQ187PTTKP03lDgxtLT5jw6kYHA11kHhC8Uj--z6VG-0ucF8=]]></url>
  <title><![CDATA[想买房的兴宁人看过来，不动产登记终于全国联网啦！]]></title>
  <content><![CDATA[点击上面蓝色字关注：兴宁圈子网点↓↓↓下方阅读原文发布兴宁便民信息]]></content>
  <author><![CDATA[兴宁圈子网]]></author>
  <time>2018-10-11 11:50:09</time>
  <account><![CDATA[xnquan]]></account>
</data>
