<data>
  <id><![CDATA[50378108]]></id>
  <url><![CDATA[http://mp.weixin.qq.com/s?__biz=MzA4MDUxMDQzOA==&mid=2649809224&idx=2&sn=66f7292a86b983c5bc003e85393e7251&chksm=87a76dc1b0d0e4d7ff578a127b7c65399967742649b519d979cd04ee1b9017159da93959f647&scene=27#wechat_redirect]]></url>
  <title><![CDATA[身份证4414的兴宁人，没空也要看......]]></title>
  <content><![CDATA[点击上面蓝色字关注：兴宁圈子网点↓↓↓下方阅读原文发布兴宁便民信息]]></content>
  <author><![CDATA[兴宁圈子网]]></author>
  <time>2018-10-04 17:00:00</time>
  <account><![CDATA[xnquan]]></account>
</data>
