<data>
  <id><![CDATA[50378108]]></id>
  <url><![CDATA[https://mp.weixin.qq.com/s?timestamp=1539596534&src=3&ver=1&signature=Egrj350GoKY8-KUcIJshb1EusjsiDFemv4p8JTFFfa-VdczF0uAoSyObKTPcrYJzTXi4YH0UVBMmGzUOs3G8UGsEV6r47HMxzQn8KadmKaZdD35EMdtUn6P1rNZ7oy0aOxIqAIQwmliUTfiJ7qWU0G043a0EBV7oVjQrXesWNnU=]]></url>
  <title><![CDATA[用它擦手机屏幕，手机用1年都不沾灰尘不留手印，学起来]]></title>
  <content><![CDATA[点击上面蓝色字关注：兴宁圈子网点↓↓↓下方阅读原文发布兴宁便民信息]]></content>
  <author><![CDATA[兴宁圈子网]]></author>
  <time>2018-10-07 11:28:57</time>
  <account><![CDATA[xnquan]]></account>
</data>
