<data>
  <id><![CDATA[50378108]]></id>
  <url><![CDATA[https://mp.weixin.qq.com/s?timestamp=1539596534&src=3&ver=1&signature=Egrj350GoKY8-KUcIJshb1EusjsiDFemv4p8JTFFfa-VdczF0uAoSyObKTPcrYJzTXi4YH0UVBMmGzUOs3G8UFsWAlg9U2VkEe3s196mQ6XN7S8msNSO31zRwHGKZyrWCS-ptLEYW*mPzGTH7Q-EzCwHrOUpqKPR*V9GDLJMUq8=]]></url>
  <title><![CDATA[购买自住二手房如何提取公积金？兴宁市五保可以领多少钱？]]></title>
  <content><![CDATA[▲商业合作：tqiuok微信号来源：兴宁市人民政府网五保问题李先生问：我想咨询一下现在每个月五保可以领多少钱？是不是全市每个镇的标准不同？五保人员也有等级分类吗？请回复，谢谢？兴宁市民政局答复：您好，关于您的信件我们已收悉，针对您所提问题现答复如下：根据《梅州市民政局关于印发2018年梅州市城乡低保和特困人员供养标准的通知》（梅市民字[2018]22号）的规定，兴宁市2018年城镇特困供养（城市三无人员）标准为12252元/人年，即每人每月1021元；农村特困供养（农村五保户）标准为9360元/人年，即每人每月780元。全市统一标准没有等级分类。公积金提取吴先生问：我的不动产权证在办理房贷的时候压在银行那里了，我手上只有不动产权的复印件。其他资料也都齐全，这样能不能提取公积金呢？梅州市住房公积金管理中心，兴宁市经办业务分理处答复：您好，购买自住二手房提取公积金，要在取得不动产权证一年内提出申请，提供不动产权证、契税完税证、购房发票、夫妻双方身份证、银行卡等资料。你的不动产权证已在银行抵押贷款，不动产权证复印件需加盖抵押银行与原件相符章和公章或不动产权局与原件相符章和公章才能到我分理处办理提取公积金。毕业证书补办兴宁彭小姐问：毕业证可以补办吗？兴宁市教育局答复：根据规定：“学生遗失《广东省九年义务教育证书》或《广东省普通高中毕（结、肄）业证书》学校不予补发，可按要求，为其办理学历证明”。办理学业证明所需材料：1、原就读毕业学校出具的高中毕业的学籍档案材料1份（复印件）。2、原就读毕业学校出具的高中毕业《 毕业证明》。在原就读毕业学校办理好以上2种材料后，再到教育局进行审核办理。医保卡不够扣费怎么办？兴宁丘小姐问：去年我办理了小孩城乡医保银行扣款手续，今年卡里余额不足扣费失败，存够钱后还会进行二次扣款吗？中国邮政储蓄银行兴宁市支行答复：在缴费期间，银行会定期发起扣款，如您收到短信告知因余额不足造成扣费失败，只要您补足了缴费金额，系统发起批扣后会进行补扣款。点↓↓↓下方阅读原文发布兴宁便民信息]]></content>
  <author><![CDATA[兴宁圈子网]]></author>
  <time>2018-10-06 11:49:19</time>
  <account><![CDATA[xnquan]]></account>
</data>
